bugName	pval	p3M	p1Y	p2Y	s3M	s1Y	s2Y	Adjustedpval	Adjustedp3M	Adjustedp1Y	Adjustedp2Y
Veillonella	4.49269954572173e-10	1.12590484023507e-10	3.69051960387593e-07	3.18578340329947e-06	1.17852173704449	0.942312854094768	1.04056123985131	3.14488968200521e-07	7.88133388164547e-08	0.000258336372271315	0.00223004838230963
Avibacterium	4.89711574802598e-06	6.43597652620752e-05	0.49609298441076	1.01868170602229e-05	0.381064967391109	0.0662443079207376	0.604512850612102	0.00156942241268665	0.00321798826310376	0.903649358317552	0.00356538597107803
Jeotgalibaca	8.39125452256617e-06	7.14591432988263e-07	0.0179419843045438	0.00219472357079969	0.810492612465067	0.383033306944801	0.62756869900234	0.00156942241268665	0.000250107001545892	0.333080213240857	0.148147709336356
Leptotrichia	8.96812807249514e-06	1.34107493349553e-05	0.00198766799505151	2.34174579682812e-05	0.731070760019778	0.547454191078135	0.976298813827665	0.00156942241268665	0.00178581953921265	0.188859841485823	0.00434560541378054
Lancefieldella	3.33663807283724e-05	2.19561577397969e-06	0.133614774675582	0.215363195879205	0.720103149280449	0.221237772543886	0.221329124282169	0.00467129330197213	0.000512310347261928	0.554609255124433	0.676729399916885
Glaesserella	6.14631221602657e-05	0.000251780597752055	0.249984559196917	5.29153507126951e-05	0.424992212879104	0.138250952572534	0.660386290659016	0.00717069758536434	0.00608600778039114	0.705364473128397	0.00740814909977731
Gemella	8.06506985026045e-05	1.02735336395287e-05	0.157815133456089	0.00550807392908879	0.796226411302349	0.253336802863455	0.633210262028928	0.00806506985026045	0.00178581953921265	0.590751836466643	0.163404485784089
Mogibacterium	0.000106108840596253	0.00191783691626371	1.13193205594383e-05	0.0152839585025962	0.307319417369286	0.532108093100725	0.333358517329403	0.00821915201909248	0.0220079646128623	0.0039617621958034	0.227633424506752
Raoultella	0.000116141719431084	0.00238480587854835	0.00629437294039983	2.48320309358888e-05	0.213753143288766	0.211435092311567	0.426128880448574	0.00821915201909248	0.0252933956815734	0.288966916406671	0.00434560541378054
Streptococcus	0.000117613114231419	1.53070246218227e-05	0.00827476350120366	0.00404196179399514	0.81231707922713	0.514851657819923	0.696147723393985	0.00821915201909248	0.00178581953921265	0.298097255451811	0.154126992782247
Haemophilus	0.000129158103157168	0.000195347017192428	0.0134034786799364	0.000113150766636637	0.725165844228094	0.518092819108204	1.06341316187414	0.00821915201909248	0.00546971648138799	0.325387118568412	0.0132009227742744
Mesorhizobium	0.000217975351138211	4.22862418287891e-05	0.699512906930153	0.0337261749599714	0.344279203153558	0.0322991979077909	0.222474052250214	0.0122460628140543	0.00296003692801524	0.944938043425937	0.325014242868951
Brevundimonas	0.000227426880832438	2.12107327929232e-05	0.146649129506283	0.0173257904288157	0.326454211248262	0.111401644905648	0.227753191525814	0.0122460628140543	0.00185593911938078	0.562038473606202	0.228831194342848
Marinomonas	0.000312854380915661	2.10716792217068e-05	0.0618333437235864	0.0450523826991782	0.62339015185397	0.278375504931004	0.368626092558134	0.0142333320098442	0.00185593911938078	0.461903252160563	0.346979564051745
Adhaeribacter	0.000320176965038721	6.39322845219226e-05	0.600615183022195	0.0207690230664934	0.241136073486323	0.0316237209496485	0.175706178738161	0.0142333320098442	0.00321798826310376	0.919686565087041	0.243940204528146
Izhakiella	0.000358545139195865	9.45100370400275e-05	0.557747935409179	0.00986293285351591	0.491984150983952	0.0746821749642746	0.419128840481659	0.0142333320098442	0.00328892489510596	0.909434091692352	0.190545222603996
Candidatus Fukatsuia	0.000365932122811996	5.50500500193932e-05	0.0597942112948716	0.00457400508780133	0.497801787259761	0.238436343151728	0.453174458320655	0.0142333320098442	0.00321125291779794	0.461903252160563	0.160090178073047
Thiosulfatimonas	0.000369677156581094	9.2815571668376e-05	0.0531321517841921	0.00185955509453836	0.889910741620435	0.456952901630992	0.939819472686136	0.0142333320098442	0.00328892489510596	0.458434297715578	0.144632062908539
Zobellella	0.000399471795842099	2.6514822790765e-05	0.133620605574089	0.135454540526469	0.346545442817119	0.12506838327856	0.152897719196324	0.0142333320098442	0.00206226399483728	0.554609255124433	0.537677411501859
Shewanella	0.000406666628852692	7.66908997796484e-05	0.0585496261424274	0.00318311566663656	0.855469051304933	0.423222863202327	0.838909352381942	0.0142333320098442	0.00328892489510596	0.46050267752471	0.148545397776373
Citrobacter	0.000450286687306845	9.38054180737908e-05	0.0327787905259449	0.00282374895605108	0.679804062408762	0.386920461799273	0.683079083298702	0.0150095562435615	0.00328892489510596	0.42132688614707	0.148147709336356
Psychrobacter	0.000502732052967025	5.38765449715046e-05	0.142840147474251	0.0163580015574383	0.654228697777283	0.242836045350584	0.502013502254773	0.0157430079526424	0.00321125291779794	0.554609255124433	0.22850861093457
Butyricimonas	0.000517270261301106	0.00138164780816274	0.000271886618267568	0.00369623267642489	0.374261048831754	0.494829139731107	0.473795578420055	0.0157430079526424	0.0174451278047591	0.0417560610765245	0.154126992782247
Sphingomonas	0.000591736243773067	9.48413885560074e-05	0.723635444035145	0.100300610669627	0.261883426763106	0.023987132376589	0.138873883406598	0.0172589737767144	0.00328892489510596	0.952610396569248	0.455911866680125
Thiodictyon	0.000787435457783259	0.000871178503047676	0.000298257579118032	0.146545259876023	0.189130234858861	0.233775142928771	0.107178154975509	0.0219494077742956	0.0135516656029639	0.0417560610765245	0.566749623829925
Sodalis	0.000825587587612531	9.86677468531788e-05	0.0952192578725359	0.0126745442892238	0.714846343701678	0.31584985050594	0.592424536616524	0.0219494077742956	0.00328892489510596	0.528982773698599	0.215231149296925
Aeromonas	0.000872641815260478	9.12853505011436e-05	0.0489699183310451	0.0168690428006129	0.884659903716513	0.461888890220294	0.696428240178971	0.0219494077742956	0.00328892489510596	0.458434297715578	0.22850861093457
Moorea	0.000891183793651162	0.000213780554051267	0.408284935367072	0.0103165917429552	0.646060969249734	0.149439734551391	0.595513745623551	0.0219494077742956	0.00575563030138026	0.853396479056797	0.190545222603996
Escherichia	0.000909332607792246	0.000113197166694819	0.10873786990211	0.012623565464512	0.632652212946257	0.270948250607244	0.529326808843196	0.0219494077742956	0.00360172803119878	0.539753493444288	0.215231149296925
Serratia	0.000990466949247315	0.000120424960811591	0.102129119141317	0.0135288150986638	0.603231540573005	0.264128360839798	0.499316762802511	0.0231108954824373	0.00366510750296145	0.539753493444288	0.215231149296925
Candidatus Reidiella	0.00105660912264272	0.000266893439161043	0.502324660613612	0.0132999882942537	0.521335864853786	0.0991901954024765	0.468508182428778	0.0238589156725774	0.00608600778039114	0.906255831003939	0.215231149296925
Aminomonas	0.00112197093495259	0.000264997487919769	0.18393704230395	0.00522583940351117	0.626934995434256	0.236411662415271	0.633095854003634	0.0245431142020879	0.00608600778039114	0.625028784527985	0.163404485784089
Mannheimia	0.00122418619108799	0.00334594826122349	0.351996337036056	0.000495471665511153	0.350942992697169	0.117988251990737	0.581092258576636	0.0259675858715635	0.030817944511269	0.812637693883216	0.0495471665511153
Sulfurivermis	0.00126133215277213	0.000187542999264211	0.0812191286407997	0.00960660686198679	0.651746018389637	0.316478181039579	0.590243931433917	0.0259686031453086	0.00546971648138799	0.523628000277563	0.190545222603996
Buchnera	0.00167370370493192	0.000269523201703036	0.130102630149404	0.0104596243996282	0.585100584742228	0.251344960055381	0.532085480451034	0.0327603282903766	0.00608600778039114	0.554609255124433	0.190545222603996
Candidatus Nanosynbacter	0.00168481688350508	0.000226462368851845	0.562549945289698	0.589904028963827	0.52658878992362	0.0857903297959458	0.0988619268669138	0.0327603282903766	0.00587124659986266	0.909434091692352	0.858843463497057
Elusimicrobium	0.00181021886956967	0.825928787114295	0.000297231390707594	0.386106422835547	0.0440595391430764	0.886360162117653	0.240142905660878	0.033116514647058	0.96519223869784	0.0417560610765245	0.777470060177635
Fusobacterium	0.00182616322292173	0.000479209511631099	0.0102204773297764	0.00833153860549196	0.872748234554467	0.698617366641583	0.889382770349472	0.033116514647058	0.00958419023262198	0.298097255451811	0.190545222603996
Paenibacillus	0.00184506295890752	0.000583592814349748	0.0140569680226594	0.997019774220751	0.353674747144544	0.277453732631983	-0.000503855892531977	0.033116514647058	0.0103065944674717	0.325387118568412	0.999577966764512
Kosakonia	0.00237730982540063	0.000988952549425946	0.928459864472803	0.0435834897283386	0.201108191132431	-0.00570948887177811	0.161497418640562	0.041602921944511	0.0141278935632278	0.985334815838856	0.346686850111785
Amedibacterium	0.00264108378204975	0.00407980557652175	0.0021583981884094	0.00625429765846364	-0.282843793747427	-0.340942636200341	-0.367832326691788	0.0443385543949367	0.0344079988381353	0.188859841485823	0.168540005140259
Caldicellulosiruptor	0.0026603132636962	0.470309094654751	0.000424467141731624	0.0466314913509492	-0.0580022706385982	-0.348040193859443	-0.23012863605538	0.0443385543949367	0.794439525433834	0.0495211665353562	0.354804825496352
Cardiobacterium	0.00286333802370931	0.000622154011585992	0.356969870880386	0.0158214802503523	0.313101582368624	0.0884437905745176	0.295488641619384	0.0459323210912044	0.0103692335264332	0.812637693883216	0.22850861093457
Sedimenticola	0.00288717446858999	0.00142062097773976	0.00882823674229873	0.00560243951259732	0.362448812175286	0.329732560615923	0.434328569639222	0.0459323210912044	0.0174462225336462	0.298097255451811	0.163404485784089
Candidatus Saccharimonas	0.00297136109087526	0.00180195522359558	0.491437860553977	0.766630580687695	0.3401840397269	-0.0802249988085768	0.0428242284686325	0.0462211725247262	0.0210228109419484	0.900540582166973	0.91890651794758
Salmonella	0.00310577931416867	0.000310399512220748	0.118854803881415	0.0430831485763108	0.568049671711868	0.255754470044146	0.410308058262052	0.0472618591286536	0.00678998932982887	0.55063021636248	0.346686850111785
Akkermansia	0.00327198775856086	0.00109849924812583	0.00460994394959263	0.0238792729908457	0.91084720755	0.876858585659876	0.846991529604162	0.0477723019699926	0.0150774406605507	0.26891339705957	0.261179548337374
Candidatus Ishikawaella	0.00327581499222807	0.000515624601453197	0.104468486992455	0.0151699564586376	0.40566182225455	0.198596885659418	0.370367358690062	0.0477723019699926	0.00975506002749292	0.539753493444288	0.227633424506752
Immundisolibacter	0.00373126138561186	0.00232299648328303	0.701483514231291	0.00819229021337005	0.299055813712507	0.0395909589909089	0.349406822618261	0.0533037340801695	0.0250168852045865	0.944938043425937	0.190545222603996
Lacimicrobium	0.00387567271102274	0.013477354908776	0.517157511764935	0.00957226955904465	0.143958825606319	-0.0404514926609371	0.205216469353568	0.0541540968669288	0.0834880392579046	0.90805646355991	0.190545222603996
Yersinia	0.00394551277173338	0.000604228065336636	0.0511085379882233	0.0194911981552215	0.509079302933905	0.305441778850326	0.450013103053154	0.0541540968669288	0.0103160889203816	0.458434297715578	0.243940204528146
Actinobacillus	0.00433588924433881	0.00386836866226124	0.536835870742829	0.0041834469469467	0.364864069966682	0.0833537070565795	0.501782897919386	0.0574771219750581	0.0337437000785249	0.909434091692352	0.154126992782247
Dichelobacter	0.00437735531523054	0.00209087381815155	0.981534431001702	0.0359688174725223	0.272715888827811	-0.00217838205346099	0.251180390550653	0.0574771219750581	0.0236066398823562	0.999366353034691	0.325014242868951
Parvimonas	0.00443394940950448	0.000413631688385899	0.21028469798307	0.506494445083879	0.392044743048521	0.143903620643174	0.0921763999408817	0.0574771219750581	0.00877400551121603	0.657139681197094	0.836501876512929
Methylomicrobium	0.00469265444182976	0.000588948255284098	0.255235852123111	0.0420839845633895	0.250817309553558	0.0863874836476801	0.192044159661483	0.0587648523660976	0.0103065944674717	0.708242003187814	0.346686850111785
Gallaecimonas	0.00483888202291149	0.00119435213866495	0.842627872480949	0.0683299986773547	0.209916716198182	0.0134612241619096	0.155111099277877	0.0587648523660976	0.0157744622087824	0.982571925541607	0.39529751300949
Succinivibrio	0.00493492003010576	0.0105695334522082	0.138897368392799	0.00108864257736726	-0.55341979090835	-0.356366584470741	-1.03409810161956	0.0587648523660976	0.0711410905437094	0.554609255124433	0.0952562255196352
Aggregatibacter	0.0049855450626306	0.00118865774693503	0.116901102218644	0.00989745052613772	0.419818499425128	0.217699104738391	0.455415771234151	0.0587648523660976	0.0157744622087824	0.55063021636248	0.190545222603996
Peptacetobacter	0.00511834891957486	0.000825127547839156	0.0645873017892242	0.0197420842425023	0.58016457569776	0.342500808075098	0.539381762043368	0.0587648523660976	0.0131270291701684	0.470949075546427	0.243940204528146
Rodentibacter	0.00531221807385363	0.00213946292076772	0.56748165546766	0.0129755623724871	0.212110249602174	0.0418073769294159	0.232345371106562	0.0587648523660976	0.0237718102307524	0.911094400980188	0.215231149296925
Campylobacter	0.00536780138080961	0.000540769556299509	0.0460776997180347	0.0840395093765913	0.574752055632417	0.352408783570588	0.372611722928684	0.0587648523660976	0.00996154445814885	0.458434297715578	0.41552387531093
Oceanisphaera	0.00538068144366133	0.000692733881685551	0.421865895773999	0.0760265306501011	0.434973452481326	0.107210125119646	0.294969882882174	0.0587648523660976	0.0112770631902299	0.8601449807978	0.403170995871748
Kangiella	0.00541141765699094	0.000458654771827131	0.0765870447561227	0.159337077432488	0.37216702718419	0.197905820032393	0.191175784076108	0.0587648523660976	0.00944289236114682	0.508836761094015	0.589120641094731
Chloroherpeton	0.00547404079633074	0.00333151718927441	0.00299868518221419	0.0371181050840247	-0.230784588988479	-0.262978193434579	-0.220940608786678	0.0587648523660976	0.030817944511269	0.222076847568845	0.328894602010345
Fimbriimonas	0.00552313683232919	0.000988290820294128	0.0735247300894675	0.0169749253837109	0.579500192645508	0.33402188325073	0.5536079101095	0.0587648523660976	0.0141278935632278	0.503184844804205	0.22850861093457
Petrocella	0.00554068608023206	0.490511637636064	0.00768436826896529	0.00296295418672711	0.113236612324782	0.51961740718649	0.726614770560582	0.0587648523660976	0.798152571489932	0.298097255451811	0.148147709336356
Pantoea	0.00578208272263625	0.0004984015122062	0.070783121834218	0.205817722883742	0.414477538488102	0.226229005819329	0.191386336340285	0.0604098194902295	0.00969114051512055	0.493026934194553	0.657864867664927
Edwardsiella	0.0063176081255738	0.00164254252225641	0.454357808278881	0.0208510033501354	0.48814116451984	0.122933292801344	0.48343218010633	0.0650342012926715	0.0194877926369405	0.889932998358151	0.243940204528146
Plesiomonas	0.00697645314062911	0.00090775975160941	0.213158783295095	0.041331433483628	0.287728347725873	0.112828126280471	0.228940951259437	0.0707756115715997	0.013813735350578	0.657317833949633	0.346686850111785
Prevotella	0.00714926772114211	0.848073264166162	0.0186731478469435	0.00754877575192293	-0.0361779929415815	0.524034329818651	0.746548847171608	0.0714926772114211	0.970018439405741	0.335159063919498	0.188719393798073
Devosia	0.00775472013875067	0.00106946769786717	0.0740400557354759	0.0339562968687195	0.691812267716154	0.40823952057034	0.606121954745716	0.0764549872834573	0.0149725477701404	0.503184844804205	0.325014242868951
Ktedonosporobacter	0.00828348880065621	0.000974897995118032	0.332248644421977	0.084291986134503	0.309398140459189	0.095122628574808	0.209874013255822	0.0805339188952687	0.0141278935632278	0.796021735556405	0.41552387531093
Liberibacter	0.00863668232870729	0.00448996583485448	0.0169987576271796	0.0106160909736512	-0.30374414250388	-0.282849621644455	-0.375437556335664	0.0828175017821247	0.0357156373227061	0.333080213240857	0.190545222603996
Halobacteriovorax	0.012037491887131	0.00148107248910706	0.573737759876148	0.346022199395526	0.364596021726592	0.0672980492608541	0.137688486063504	0.111700974730649	0.0178750127995679	0.911111366041327	0.766504872078697
Thioflavicoccus	0.0120942730713983	0.00294982845711177	0.70730062325942	0.0602446807517544	0.335696349264656	0.045144185489053	0.2850575159147	0.111700974730649	0.0289214023965838	0.944938043425937	0.384697598564395
Coxiella	0.0121275343993276	0.00323972189262801	0.86597508294531	0.0744989381167243	0.12226524689772	0.00736685318177094	0.0967020842950715	0.111700974730649	0.030817944511269	0.985334815838856	0.401484158209031
Spongiibacter	0.0126628177410402	0.00281606390981058	0.554670591666789	0.0451073433267268	0.251099178069093	0.052530112773961	0.22369400132969	0.115116524918547	0.0285881495368333	0.909434091692352	0.346979564051745
Solitalea	0.012877005243501	0.300874511827384	0.00317252639384064	0.0255514972234128	0.119095325393734	0.400839592953731	0.363623304992196	0.115562867569881	0.644781064385189	0.222076847568845	0.275169970098291
Syntrophobacter	0.0130986234604038	0.0151738378140592	0.241790137038374	0.00376114317906873	0.229315102898979	0.120264095390045	0.38279957186337	0.116063752180793	0.0915662626710469	0.700786274986594	0.154126992782247
Klebsiella	0.0138019770142805	0.00133034573281147	0.226084278365329	0.179311555337476	0.436144798444085	0.173496512407207	0.236215648173837	0.119404076109611	0.0172452224623709	0.681269159506297	0.618315708060262
Nitrospira	0.0138167573783978	0.00139561022438072	0.351041577586439	0.311028966914323	0.141927879808765	0.0435266859148196	0.0579422772786496	0.119404076109611	0.0174451278047591	0.812637693883216	0.755278298462084
Histophilus	0.0143501422932713	0.125688972927878	0.589422011636056	0.00626005733378104	0.1808619297407	-0.0699804558753938	0.452280695304495	0.122501214698657	0.416977635305755	0.916657409598878	0.168540005140259
Shigella	0.0151734918411387	0.0022490939344785	0.351920139743003	0.0642266896739816	0.473028354641812	0.151767630390173	0.373819202485794	0.12601233292407	0.0245994649083586	0.812637693883216	0.39529751300949
Candidatus Moranella	0.0152163498589216	0.341376854097346	0.00989341475923284	0.292757629741677	0.0586144935608713	0.187608126668716	-0.0914954296045416	0.12601233292407	0.687593676686534	0.298097255451811	0.747092359163373
Stella	0.0153046420674736	0.984410380332946	0.343566590607716	0.00264638430416953	-0.00180738298314384	0.0980498644806695	0.399636809381737	0.12601233292407	0.995790847157605	0.809752907156232	0.148147709336356
Staphylococcus	0.0154815151878143	0.416277980320355	0.0570794524192979	0.00248777225714059	-0.0765495184318658	-0.207373868919416	-0.423929480518798	0.12601233292407	0.752918079556922	0.458434297715578	0.148147709336356
Mycobacterium	0.0160714823280772	0.00245503610238767	0.589500641092722	0.126166158046615	0.265879358016838	0.0496966119314513	0.173718397402232	0.129310777352345	0.0256496309204682	0.916657409598878	0.514200340841528
Simiduia	0.0164161861334434	0.0192015923981983	0.0381357425228048	0.424159149152976	-0.0583299179076084	-0.0574928997111886	0.0265837576183654	0.129742166614929	0.110173071137204	0.422541709861998	0.789790095478322
Flintibacter	0.0164957897553267	0.48347750305015	0.0288879957620618	0.0518713059268512	0.126239053975519	-0.45989021653286	-0.50403635101391	0.129742166614929	0.798152571489932	0.421283271530068	0.374329011843256
Pseudohongiella	0.0167726698508355	0.114493409813744	0.815842843134586	0.00492314561575501	0.056339366047321	-0.00910462067019998	0.14087598118477	0.130454098839831	0.392869543478533	0.974734342988867	0.163404485784089
Thermosulfuriphilus	0.0178986963812924	0.00390462815194359	0.648779063342759	0.0667579626064186	0.241616905026139	0.0402186161994043	0.201092636028416	0.136765366053898	0.0337437000785249	0.935306755230829	0.39529751300949
Thermobispora	0.0179748766813694	0.00281797474005928	0.13458590249791	0.0434458218766976	-0.341855572765434	-0.187113647833316	-0.317501445713233	0.136765366053898	0.0285881495368333	0.554609255124433	0.346686850111785
Photorhabdus	0.0183991720715921	0.00488707031957346	0.111035004365682	0.0203148168032472	0.232747360925482	0.142290434976432	0.258662269219369	0.138488391936715	0.0384376317269823	0.539753493444288	0.243940204528146
Tolumonas	0.0201449831537341	0.00363843122062234	0.723983901392628	0.138966815868892	0.312253441446507	0.0399370292010478	0.206381265680609	0.150015831995893	0.0329101356393227	0.952610396569248	0.54649871409115
Hydrogenobaculum	0.0205229966073587	0.00425582445729999	0.139890442329214	0.0306979093825172	-0.127790303269089	-0.0705732923525559	-0.127790303270153	0.151222080264748	0.0348734525214464	0.554609255124433	0.31142806619945
Actinomyces	0.0210422439905457	0.00327425669876003	0.361502301928021	0.069423021041891	0.437841170505135	0.143560839197962	0.353241598480902	0.153433029097729	0.030817944511269	0.812637693883216	0.395407771553314
Magnetospirillum	0.021479290835923	0.00292019143900947	0.235517983125362	0.0745613436673914	0.242663203036904	0.102448569503617	0.189580194123803	0.155005191599445	0.0289214023965838	0.689801624216541	0.401484158209031
Pseudoclostridium	0.0231498180605139	0.559864090412015	0.242722718856969	0.00993994557538073	-0.063024684409637	0.145202195530162	0.41211473151876	0.165355843289385	0.839196709397025	0.700786274986594	0.190545222603996
Candidatus Gullanella	0.0234448451583873	0.0122730886677531	0.676942239618438	0.126346369463918	0.140614624076144	-0.0250095979096739	0.113246116393192	0.165771632433041	0.078101473340247	0.939455487955981	0.514200340841528
Neorickettsia	0.024673843454914	0.00915145598758179	0.652643684417545	0.661341472579212	0.235183835064268	-0.0437923287374816	0.0525369306626416	0.171134214727835	0.0634259325872005	0.935306755230829	0.884130000776203
Dokdonella	0.0246922224107304	0.182696642816571	0.126682484736587	0.0702278947838314	-0.0394990638449615	-0.0509017974027792	0.0744797469992084	0.171134214727835	0.511550599886398	0.554609255124433	0.395407771553314
Candidatus Portiera	0.0256344049679325	0.00801864055035187	0.24338504585103	0.0209091603881268	0.281787306900677	0.132897321034168	0.328648193395759	0.175922387034831	0.0570444843785476	0.700786274986594	0.243940204528146
Romboutsia	0.0265879449900986	0.179024529372125	0.00389647630133576	0.0791283995324771	-0.311178696382726	-0.782307826104377	-0.564146898028676	0.179801203733642	0.511495379279163	0.247957582812276	0.410295404983215
Vibrio	0.0269233881717561	0.00374083949413068	0.324351208104221	0.098916116313019	0.458445283964305	0.167017567037482	0.348595958099313	0.179801203733642	0.0331466790619174	0.788353630808871	0.455534746178377
Leclercia	0.0271314567296577	0.00297477281793434	0.321646544529034	0.463049181375916	0.412880507166046	0.146247010199425	0.13218770065304	0.179801203733642	0.0289214023965838	0.787246787308824	0.818171553807323
Acetilactobacillus	0.0272270394225229	0.0112278266949185	0.688414319438819	0.926933598301389	-0.173823891807211	0.0293625990059975	0.00816563814164927	0.179801203733642	0.0734530718359152	0.940756397444138	0.982106084876935
Anaerotignum	0.0289693747878226	0.0117436944484671	0.0148748397059846	0.0871843560566738	0.339485721438884	0.366969698943475	0.310326064703109	0.186970851018846	0.0761165380919166	0.325387118568412	0.425964764925169
Petrotoga	0.0292241584686916	0.00905279453857461	0.0327961235991547	0.0493347130569603	-0.0964623978324153	-0.0864756570953507	-0.0964623978325013	0.186970851018846	0.0633695617700223	0.42132688614707	0.371336549891099
Lichenihabitans	0.0295175063066957	0.00420990391998952	0.08292779293149	0.0984775693017776	-0.299811986388589	-0.199145478358675	-0.234728371216536	0.186970851018846	0.0348734525214464	0.523628000277563	0.455534746178377
Reinekea	0.0297073507796219	0.175290338260048	0.00601167013299105	0.953053574188912	0.103630201178588	0.249461141070972	-0.00632023517170399	0.186970851018846	0.5070381685208	0.288966916406671	0.991909300027748
Lachnoclostridium	0.0303278251533268	0.0974552667847705	0.040121241154198	0.00725395358748629	-0.133333941398244	-0.187651079309113	-0.308560777490572	0.186970851018846	0.346287749996647	0.432074904737517	0.188065463379274
Novibacillus	0.03038337378843	0.0077473958342884	0.904022708623421	0.371233423688064	0.242611473758333	-0.0118653682183534	0.109408366829576	0.186970851018846	0.0570444843785476	0.985334815838856	0.777470060177635
Nautilia	0.0305271462159522	0.629737346084943	0.0114523785935012	0.433364199822878	0.0242126437004199	0.147665912082293	-0.0538405387008188	0.186970851018846	0.861102156834613	0.320666600618035	0.794122879256584
Tetragenococcus	0.03056391242189	0.0166643260267308	0.00928829876374593	0.319716706677933	-0.204332862195875	-0.250784523774143	-0.113454414760159	0.186970851018846	0.0980254472160634	0.298097255451811	0.755278298462084
Pseudoarcobacter	0.030716639810239	0.0629779290968146	0.163087381040883	0.490834296544578	-0.129304754530914	0.108755415001901	-0.0658614534359736	0.186970851018846	0.257452082135692	0.597702443605332	0.825923095147127
Roseburia	0.0316689940453823	0.0040223948047265	0.0777793334815136	0.233350574044867	-0.360840054294204	-0.237897947128816	-0.193462075230526	0.188695649024325	0.0343375166257141	0.508836761094015	0.686325217779021
Verrucomicrobium	0.0317326632457292	0.00428445273834913	0.101901440663179	0.573456178320255	0.438463747861925	0.273887294556559	0.114820101650108	0.188695649024325	0.0348734525214464	0.539753493444288	0.858843463497057
Hathewaya	0.0318086951212434	0.420705656248781	0.0263102818816506	0.269738081742647	0.0438095130352396	-0.140192038900982	-0.0838834879765773	0.188695649024325	0.755112716343965	0.403856833522437	0.734739074497125
Erysipelatoclostridium	0.0322537800779414	0.691345252386595	0.0339337568040389	0.0141646060779772	-0.0760690665801286	-0.473507335952149	-0.684833950278513	0.189728118105538	0.900394476856762	0.42132688614707	0.220338316768535
Anaplasma	0.0340349880370471	0.00366712939981024	0.264936336436958	0.323943602181706	-0.26414727711081	-0.108852904702929	-0.118552637518527	0.198360109723519	0.0329101356393227	0.721229460826759	0.755278298462084
Halothiobacillus	0.0342879618236368	0.0388702433057228	0.677232071917586	0.0446404469704828	0.168108924852973	-0.0366986963606317	0.220939047488517	0.198360109723519	0.188952571625041	0.939455487955981	0.346979564051745
Photobacterium	0.0358436917179805	0.00445737153137234	0.26776255918026	0.143274796861387	0.391377146883728	0.162185727282705	0.262223035760046	0.204928522840697	0.0357156373227061	0.721229460826759	0.557179765572062
Intestinibaculum	0.0364677419082874	0.589069016468732	0.0172939501509427	0.367165585310405	-0.115396416328188	0.598994465892439	0.272650798827657	0.204928522840697	0.851254876354372	0.333080213240857	0.777470060177635
Tistrella	0.0370207054981344	0.015171981121429	0.0967282786191725	0.0213246346375156	0.236152073763149	0.178734008515452	0.311326965740802	0.204928522840697	0.0915662626710469	0.528982773698599	0.244708922069851
Eubacterium	0.0374908566332466	0.475036394602068	0.0471988532878477	0.106098146287738	-0.0921499188139056	0.295007272901411	0.293718474273665	0.204928522840697	0.794439525433834	0.458434297715578	0.467098757241616
Thioalkalivibrio	0.0379253120990046	0.0283448007494023	0.0482270599271412	0.631275688829475	0.128943869999767	0.130956484469257	-0.0384787706929135	0.204928522840697	0.156231185232926	0.458434297715578	0.875145960541534
Lysobacter	0.0380801729480587	0.0111703804882223	0.596899334368961	0.0510130052882452	0.2478766928209	0.0555894939014948	0.257529556198698	0.204928522840697	0.0734530718359152	0.91830666825994	0.371969830226788
Otariodibacter	0.0381409897415146	0.0354206388828906	0.806756041442019	0.0429238128806305	0.116804322634847	-0.0147756932121947	0.153896619714981	0.204928522840697	0.179669907376981	0.974734342988867	0.346686850111785
Faecalibacterium	0.0382427330286286	0.00499493058600855	0.271559985748391	0.692803434022131	-0.325407170178506	-0.139074383921147	-0.0616265474505131	0.204928522840697	0.0388494601133999	0.724603531248344	0.887951358732319
Candidatus Xiphinematobacter	0.0382538961826016	0.00764344707241764	0.0828228415729059	0.0610020477723541	0.122434341088666	0.0878343351804359	0.11788805064443	0.204928522840697	0.0569192867094931	0.523628000277563	0.384697598564395
Nitratifractor	0.0387671024242879	0.0107408786412314	0.776654696018166	0.736756015792342	0.0912304904472225	0.0108630821109515	-0.0157434400882659	0.204928522840697	0.0716058576082095	0.962227057013657	0.914045299765312
Nitrospirillum	0.0389430472315642	0.14648615329553	0.916253880097155	0.0507463409983682	-0.0520450922545792	-0.00414120034698045	0.0961150898299744	0.204928522840697	0.454944873777873	0.985334815838856	0.371969830226788
Schaalia	0.0390816142592632	0.00597686023034585	0.634976085391684	0.228141414560828	0.401135068367165	0.073445063811075	0.228699462805803	0.204928522840697	0.0454761104482837	0.934841964970107	0.686325217779021
Eikenella	0.039229174372362	0.0065176984077278	0.71140335555067	0.23152741781865	0.251410788684973	0.0362845090013212	0.144088830004585	0.204928522840697	0.0490579450044028	0.944938043425937	0.686325217779021
Candidatus Hoaglandella	0.0398074647717686	0.0138871191607194	0.998300102912187	0.100173975698661	0.235208162795136	0.000217920481722676	0.2083938190038	0.206409076594355	0.0852717843202066	0.999366353034691	0.455911866680125
Edaphobacter	0.0408985558052394	0.30471377823748	0.00962496330440274	0.0501655369188552	0.0987529437351796	0.290644241911202	0.265553369644007	0.210507272526967	0.644781064385189	0.298097255451811	0.371969830226788
Alistipes	0.0423248894578585	0.0202127439954458	0.469250602560397	0.397072422725533	0.365507835005203	0.125612686914889	-0.182655682971294	0.216009030153936	0.114104199974291	0.891314976255121	0.777470060177635
Salimicrobium	0.0425846373732046	0.117463716559471	0.00523821496724383	0.29449998649742	-0.0795570642474259	-0.163562832207132	-0.0714985478995884	0.216009030153936	0.401019685555183	0.282057729005437	0.747092359163373
Turicibacter	0.0431980116669711	0.0125330963692955	0.0265129617155988	0.485861164729336	-0.265331638777176	-0.261521396900845	-0.0977652368310177	0.216926787646687	0.0783318523080971	0.403856833522437	0.820127346617575
Roseimicrobium	0.0433853575293375	0.00946050432598272	0.0339817276848994	0.327516748634302	0.443102652941989	0.399714213709286	0.221317584199722	0.216926787646687	0.0649250296881167	0.42132688614707	0.755278298462084
Halanaerobium	0.0454110754878959	0.0182545253559374	0.650467151575646	0.326170961966505	0.111478652222014	-0.0229880064958792	0.0609152530571836	0.225445055613668	0.105604692141787	0.935306755230829	0.755278298462084
Candidatus Purcelliella	0.0466667565207596	0.00545322698754825	0.270488149899258	0.249901061869034	0.33839818236797	0.144207609956783	0.185130240175792	0.230047391299519	0.0419478999042173	0.724603531248344	0.720371901312451
Pseudolabrys	0.0486485950623318	0.428260104241535	0.00660495808929534	0.640816765132959	0.0429166930834072	0.17522178847788	0.0356380367685614	0.238139975829596	0.758941956883733	0.288966916406671	0.876116671080217
Cellvibrio	0.049315999392318	0.0486683632147361	0.414688959001367	0.174925388167969	0.247898209544348	-0.111742555296277	0.227879950036774	0.239730552601546	0.225038256005345	0.855520379151675	0.615134338989086
Nitratiruptor	0.0497500841249426	0.0158030112898108	0.458854340232129	0.0406442228335674	0.101697561542389	0.0336407388204341	0.116278217430068	0.240172819913516	0.0945479307937396	0.891314976255121	0.346686850111785
Oxalobacter	0.0516164945154769	0.92546420850884	0.018081497290218	0.169139941109955	-0.0158361663241296	0.466747784100813	0.326238628846722	0.247476343567355	0.985588389069791	0.333080213240857	0.613460926305536
Erysipelothrix	0.0525662456905143	0.751219589749016	0.056487756007332	0.0585514563815931	-0.0461109782197661	0.317798528425583	0.386222773276255	0.250315455669116	0.93734535846214	0.458434297715578	0.382900227279256
Enterobacter	0.0534822545598931	0.00800597075563626	0.556883202139152	0.220773405202172	0.392151513054985	0.0925329669014079	0.236557413400859	0.250857668683562	0.0570444843785476	0.909434091692352	0.681506704607722
Sulfuriflexus	0.0535759451417255	0.170334979223736	0.872729393676022	0.0103899006263518	0.0789566148144574	0.0101412357106861	0.206078971174809	0.250857668683562	0.494748902309607	0.985334815838856	0.190545222603996
Porphyromonas	0.0537923944752189	0.0503311576407854	0.17482442320076	0.315687134852466	0.272983908118994	0.212155948390379	-0.193436295740172	0.250857668683562	0.228777989276297	0.621203534215897	0.755278298462084
Rothia	0.0544209634843015	0.00806771993353744	0.0961848447445449	0.193754575816803	0.410146725992847	0.278751698534665	0.263247323209807	0.250857668683562	0.0570444843785476	0.528982773698599	0.64863144258985
Neisseria	0.0545277263223063	0.0334250459105061	0.376047295432824	0.0190092157061985	0.360601334513634	0.162947611150537	0.541885908865588	0.250857668683562	0.174608448786226	0.833016160768914	0.243940204528146
Desulfosarcina	0.0548303190122643	0.291579537563234	0.0122993774215283	0.850349140772216	0.0634418670260118	0.177791112387559	-0.0159740499741168	0.250857668683562	0.644781064385189	0.325387118568412	0.954301041773379
Jeongeupia	0.0586557682772539	0.600840098845599	0.678540298608372	0.023516722005517	-0.0182117773828413	-0.0162597059529195	0.113296040105245	0.266617128532972	0.856594845604724	0.939455487955981	0.261179548337374
Steroidobacter	0.0616334922827755	0.0201538297839503	0.0711367433623569	0.0524676675043896	-0.192810960675742	-0.166929532961029	-0.222542782567739	0.278344803857696	0.114104199974291	0.493026934194553	0.374769053602783
Gimesia	0.0632648679122496	0.00790405773354249	0.204797675997887	0.437778101845147	0.240206015736985	0.124172065054716	0.092798144902324	0.283880817554966	0.0570444843785476	0.653044314343046	0.796540849035324
Ruthenibacterium	0.06474346862634	0.01250529275453	0.0563283550379709	0.21338814157465	-0.303756390262925	-0.259716011698204	-0.207266575308544	0.285913747886343	0.0783318523080971	0.458434297715578	0.675890041186674
Bradymonas	0.0648398769300009	0.0492067484765292	0.0776968314658515	0.57820817120719	0.127785697971464	0.130003444394451	-0.0499448080040032	0.285913747886343	0.2251289145985	0.508836761094015	0.858843463497057
Allofrancisella	0.0649432655913266	0.230566861577761	0.00990821994419782	0.839524941172175	0.0730482912766302	0.180960139115417	0.016555181883901	0.285913747886343	0.57232908902281	0.298097255451811	0.950918218156185
Dickeya	0.0660630602791107	0.845627381056844	0.0145563542911405	0.251928007424382	0.0127582644042522	0.185212599631647	0.102495562550575	0.289025888721109	0.970018439405741	0.325387118568412	0.720679707717848
Lautropia	0.0669133956480094	0.0119249170180696	0.0841438858434232	0.551595859803883	0.217987266732044	0.165635592968625	0.0694101024886139	0.290927807165258	0.0765820358958599	0.523628000277563	0.858843463497057
Corynebacterium	0.0686932748954387	0.618798161389996	0.0443095454978087	0.0319539378179911	-0.047656320605251	-0.221932165064933	-0.292371362162743	0.296822792758069	0.861102156834613	0.458434297715578	0.319539378179911
Entomomonas	0.0693455906462271	0.0685310189552246	0.0234996209823804	0.0650932693720151	-0.145251754054755	-0.204235151026652	-0.201113263606338	0.297803150014472	0.273324310760019	0.400853490817919	0.39529751300949
Massilia	0.074624390183062	0.0616438065389745	0.575980105340653	0.417459049153077	0.103278832646958	-0.0336831356636914	-0.0595584405040308	0.31851873858624	0.255329376196936	0.911111366041327	0.787658583307692
Pragia	0.0787194975330043	0.0102493497337832	0.246569432388935	0.466389465202605	0.225502750502549	0.109918064750021	0.0841308032911215	0.333961504685473	0.069655774889789	0.702270567961997	0.818171553807323
Mediterraneibacter	0.0797197943164623	0.896005281802055	0.0240512094490752	0.150940744112573	-0.0235982651001719	-0.47658899006017	-0.367946779491069	0.336167807358576	0.975473855348191	0.400853490817919	0.578019834509526
Pseudomonas	0.0819768643461787	0.210618882758621	0.142088238483937	0.430866819250469	0.189065476218585	-0.253745111321321	-0.167362186219579	0.343615599055839	0.54022934966362	0.554609255124433	0.794122879256584
Tumebacillus	0.0829722130802979	0.0364757365024796	0.179134479646002	0.0352033503519799	-0.182295441361546	-0.12810439965842	-0.248631159819247	0.345717554501241	0.182378682512398	0.623111086702731	0.325014242868951
Kiritimatiella	0.0864676585322472	0.0393237546759518	0.0264440103442137	0.269226732785064	0.149460068556605	0.181158154773774	0.107970770200552	0.358150064926468	0.189838815677009	0.403856833522437	0.734739074497125
Hungateiclostridium	0.0882539156912209	0.992103367428168	0.0658050485085267	0.0565113710659826	0.00197954059254899	0.427933815777399	0.551243125098842	0.363398476375615	0.996892288796852	0.474881793360502	0.382900227279256
Actinomarinicola	0.0903268440008806	0.029473935101319	0.131564073961259	0.0580640398156382	0.174785277165438	0.1330058424312	0.206098242906621	0.369759010529921	0.161185582585338	0.554609255124433	0.382900227279256
Candidatus Annandia	0.0913240486460616	0.131269407606868	0.430357142107406	0.0162523809413395	0.126562996557332	0.0727981419132994	0.279258657502718	0.370334623528748	0.431401809036655	0.865660918032138	0.22850861093457
Maricaulis	0.0923317010942643	0.082126919585677	0.407989675085684	0.573688663536239	0.157276951399507	-0.0839085734048921	-0.0706294665695625	0.370334623528748	0.305791721861563	0.853396479056797	0.858843463497057
Caldilinea	0.092452747873189	0.0582915760668926	0.527165791703275	0.260883103475813	0.100311451272032	-0.0365066873330742	0.0794312815639809	0.370334623528748	0.252528754238395	0.90805646355991	0.724675287432815
Butyrivibrio	0.0929367724439515	0.0613193404961633	0.0523811310513491	0.0563387938920364	0.229086773510103	0.266174670903263	0.320508445968621	0.370334623528748	0.255329376196936	0.458434297715578	0.382900227279256
Methanobrevibacter	0.0933777109204683	0.450496004822863	0.0135128874594029	0.310472956255121	0.187586614417768	0.726842806534253	0.358528323111073	0.370334623528748	0.782499263960308	0.325387118568412	0.755278298462084
Moorella	0.0936417548065549	0.749355326955067	0.104514653858193	0.0273726520262917	0.0390768307355909	0.229662034616467	0.392973832507467	0.370334623528748	0.93734535846214	0.539753493444288	0.290316006339457
Enterovibrio	0.0964208626864651	0.0610907227216338	0.0373503358777624	0.0925844360915136	-0.172178744767794	-0.214133506393632	-0.208434545422926	0.377885651411375	0.255329376196936	0.422541709861998	0.443897981260682
Ottowia	0.0970517486982647	0.0236197348291269	0.354096399355752	0.802347365358036	0.229825661185484	0.101826090042902	-0.0333017770422845	0.377885651411375	0.13227051504311	0.812637693883216	0.934514402247296
Companilactobacillus	0.09746699551257	0.533708241664851	0.885489786007429	0.0392407352544034	-0.0262653438951145	-0.00689207712005581	0.125795971413122	0.377885651411375	0.819288967467974	0.985334815838856	0.34335643347603
Xanthobacter	0.097710432722084	0.269971094783031	0.013678623453817	0.302256447760106	0.0375229828597372	0.0966744128830041	0.0478272547249626	0.377885651411375	0.634670164851001	0.325387118568412	0.752952005096349
Halothermothrix	0.0999298118242382	0.016911499547161	0.646541898347275	0.375206738484369	-0.169077990033284	-0.0358024057140731	-0.0863363299457585	0.384345430093224	0.098650414025106	0.935306755230829	0.777470060177635
Lactococcus	0.100923977305809	0.0263831960475337	0.206817893983886	0.860149151767382	0.450480917613264	0.281556426155461	-0.0478682472408789	0.386048000623312	0.146573311375187	0.655079302211403	0.957240709439057
Parachlamydia	0.102090738934501	0.147739348958551	0.0157384518994654	0.421068582114975	0.123713575225816	0.238193842323479	0.0945527341998535	0.386770283127632	0.454944873777873	0.333080213240857	0.788664513887254
Parabacteroides	0.102925395102059	0.380121013782341	0.0210994331496443	0.131654270633009	0.118734472887839	0.358086481948936	0.27963349414836	0.386770283127632	0.726424685721506	0.369240080118775	0.532705141289631
Arsenophonus	0.103322675967505	0.158843988276771	0.0271161016793636	0.929596190780708	-0.158156230775386	-0.285012148447874	0.0136185088232206	0.386770283127632	0.483438225190173	0.403856833522437	0.982106084876935
Luteibacter	0.103322918492668	0.841235858681086	0.321587897672239	0.029334009182468	-0.0129381363880171	0.0722509590774368	0.199980975536184	0.386770283127632	0.968452216748466	0.787246787308824	0.301967741584229
Gemmatirosa	0.104218984085193	0.82546963168908	0.0324335935375068	0.970535867099978	0.0165415073219973	-0.183904421075399	0.00375038491729942	0.388049408827848	0.96519223869784	0.42132688614707	0.994207752912217
Candidatus Hamiltonella	0.105437006742218	0.016645367686821	0.389928139726019	0.75565581968495	0.211839769541527	0.0821762885221692	0.0361980361735924	0.390507432378584	0.0980254472160634	0.839845224025272	0.914045299765312
Acidovorax	0.108914953020247	0.0388264804160169	0.0866249583877918	0.0833155440847239	-0.0797904014094046	-0.0734719331226979	-0.091117018545073	0.401265616390383	0.188952571625041	0.523628000277563	0.41552387531093
Muribaculum	0.112309625279013	0.519846020463207	0.0177857930702239	0.689472556406067	0.116699599419957	0.502428202929688	0.101009259170004	0.411605956519942	0.812171036459924	0.333080213240857	0.887188951257807
Marinobacterium	0.114863796456609	0.0374202391472692	0.0762411173618404	0.851140523388602	0.0802646256191922	0.0758151789169518	0.0096212116456115	0.417220012653559	0.185774236901336	0.508836761094015	0.954301041773379
Candidatus Cardinium	0.115033517774481	0.961994758608635	0.0343080464434043	0.285595969378618	0.00386873576292762	-0.198177326745132	-0.119985263103425	0.417220012653559	0.989936011743585	0.42132688614707	0.73950852275842
Mageeibacillus	0.116846359401471	0.0772934564337893	0.0267569086314341	0.215586651687808	0.38054167218524	0.550739871460786	0.373973326439191	0.419931012526755	0.29246172704677	0.403856833522437	0.676729399916885
Barnesiella	0.117097903828114	0.0852996378283404	0.382851246461223	0.929784561035514	-0.460439728741049	0.258223767457264	0.031877406576656	0.419931012526755	0.312616473716431	0.839845224025272	0.982106084876935
Amniculibacterium	0.117580683507491	0.0757244554002363	0.282022814332931	0.0326560620992624	0.091295721237366	0.0607333056195409	0.150074269046423	0.419931012526755	0.28965638677686	0.736626753854671	0.32196117562653
Micavibrio	0.119737361580487	0.477629173489613	0.0338779492604306	0.0955943837002828	0.0587151809541166	0.202043358534902	0.192833664247726	0.425462706123559	0.796048622482689	0.42132688614707	0.449101131477839
Chitinophaga	0.120719682141676	0.0743963808261809	0.558835351879346	0.647279318138464	0.0944609906043472	-0.0338153421671359	-0.0321933806138852	0.42678675504633	0.286139926254542	0.909434091692352	0.878092098249854
Francisella	0.121883781187154	0.0424959297838917	0.889055984993734	0.646949542699857	0.218764348932838	0.0165875062242554	-0.067497303436051	0.428736918748782	0.203747608552906	0.985334815838856	0.878092098249854
Desulfovibrio	0.12284391417224	0.0723881389387486	0.0301080611042871	0.278016518054159	0.344144354103735	0.472806405129834	0.285115322564888	0.429953699602842	0.281416267878416	0.42132688614707	0.734739074497125
Leptospira	0.125687507473586	0.0344983761200378	0.0867726400459962	0.73768402346185	0.0717283339159531	0.0646603234279213	0.0152807890396036	0.436184486946014	0.178657767452435	0.523628000277563	0.914045299765312
Thalassolituus	0.126965114310379	0.96306631999626	0.0632761188268906	0.51996341899879	0.00182510763311325	0.0860041763100378	-0.0362686612510616	0.436184486946014	0.989936011743585	0.466245086092878	0.840587513392964
Pseudoxanthomonas	0.12697479306687	0.202793606244003	0.576109317939727	0.0232129376191321	0.0429538010506767	0.0211650713781687	0.109774300295334	0.436184486946014	0.53366738485264	0.911111366041327	0.261179548337374
Desulfurella	0.127407119601741	0.0300579725721912	0.359429821560424	0.104352668571161	-0.0809381474361828	-0.0370943671739515	-0.0809381474350917	0.436184486946014	0.161850621542568	0.812637693883216	0.466893180223889
Bifidobacterium	0.127739742605618	0.0690845349791004	0.0503444492940941	0.119212623919019	-0.480485539222333	-0.577553931445056	-0.554412231797499	0.436184486946014	0.273324310760019	0.458434297715578	0.502703835803091
Candidatus Sulcia	0.128946822710467	0.0615682115189891	0.0576317402842441	0.105392262540323	0.230725686717536	0.265835241821463	0.279023337045489	0.4373574584005	0.255329376196936	0.458434297715578	0.466927745431812
Sulfuriferula	0.129332848412719	0.029909037487692	0.204200240722468	0.113443947916837	-0.121492638913882	-0.0774557427147569	-0.118193794899405	0.4373574584005	0.161850621542568	0.653044314343046	0.487182598415862
Sinimarinibacterium	0.13358707803872	0.0432756014816142	0.536864453809266	0.0824244382502262	-0.129562688961464	-0.0430339719846484	-0.149997933305233	0.447946200057957	0.206074292769591	0.909434091692352	0.41552387531093
Phascolarctobacterium	0.134054869355203	0.529682752660411	0.0487532174081186	0.075905025475906	0.139316491090095	0.505977131440035	0.561253831466215	0.447946200057957	0.814943424372696	0.458434297715578	0.403170995871748
Aquimarina	0.134383860017387	0.386408633907308	0.28037852561417	0.134930922556603	0.0842450325181166	-0.118660122596157	-0.204155072289061	0.447946200057957	0.727529031779777	0.736626753854671	0.537677411501859
Basilea	0.135538612969424	0.031023655505825	0.823222702563689	0.259612973804868	0.282206659556754	0.0316472143174547	0.19656972887864	0.449654166249274	0.164222449071467	0.976698377788678	0.724675287432815
Mahella	0.136787497597662	0.305130956537952	0.0516526791736492	0.0623080351106415	0.095262444522577	0.207714278961025	0.245219834000697	0.45021346798278	0.644781064385189	0.458434297715578	0.389425219441509
Laceyella	0.136993526686189	0.524788893966923	0.118916428158639	0.0355035067820889	-0.0337920223674111	-0.0943666421648073	-0.158671817439845	0.45021346798278	0.814528216800102	0.55063021636248	0.325014242868951
Azotobacter	0.138452174985108	0.0793716120604876	0.0342738921263649	0.296034611243882	-0.0595059487472898	-0.0818254562901808	-0.048804004321792	0.452880946212969	0.298710367969577	0.42132688614707	0.747799156834541
Acetomicrobium	0.143712233440863	0.146086269468605	0.042777068372028	0.955014131864266	0.096594932111816	0.153129606848747	-0.00510336759141418	0.467900294923739	0.454944873777873	0.453696179703327	0.991909300027748
Marichromatium	0.146580142925008	0.0722226731100977	0.122257603533814	0.067913970983392	0.0937499742482477	0.0891779238802737	0.128991194437469	0.472926559728994	0.281416267878416	0.550826307064448	0.39529751300949
Azospirillum	0.146607233515988	0.118587249871318	0.482394380931777	0.036215872776826	0.130143681332746	0.0654179971935641	0.247475977080427	0.472926559728994	0.401019685555183	0.900540582166973	0.325014242868951
Anaerolinea	0.148469171169002	0.0488654498754463	0.140250104496704	0.0947466869146198	0.135176225158545	0.112407308009683	0.157255769853076	0.476735870726155	0.225038256005345	0.554609255124433	0.449101131477839
Kyrpidia	0.149511138091282	0.434507865292838	0.119565418410139	0.539747911735998	-0.0454713148356445	0.102657196102335	-0.04894895377361	0.477889482483549	0.764871270094938	0.55063021636248	0.856742717041266
Fibrella	0.152070026674092	0.0608606834520992	0.489932040132828	0.0673745998017016	0.127767880158138	0.0513339411884943	0.168627902903952	0.483859175781201	0.255329376196936	0.900540582166973	0.39529751300949
Comamonas	0.15398067662987	0.0352646783695006	0.749471263250393	0.230145235620812	0.238307146291417	0.0391267490696983	0.180660798301109	0.48772160018511	0.179669907376981	0.955387893860954	0.686325217779021
Fructilactobacillus	0.155584039118598	0.834287608007991	0.10947954838346	0.120928260063302	0.0178817262967002	-0.156438396345359	-0.18651538946765	0.489936032994947	0.967943744568138	0.539753493444288	0.506884922421025
Syntrophobotulus	0.156079621939819	0.0801847547281611	0.25452830326789	0.51558250247075	-0.0675633376997569	-0.0483974628868583	0.0334146465193322	0.489936032994947	0.300156835880817	0.708242003187814	0.8390830934897
Thermodesulfobium	0.157835234458756	0.885184621106261	0.0381835918551848	0.334628216962986	-0.00833930764624648	-0.139346255287551	-0.0785084201849054	0.4921763599031	0.975473855348191	0.422541709861998	0.760518674915877
Bermanella	0.158344303457352	0.51068345080316	0.84321693339183	0.0283790964120507	0.0237611918294904	0.00801404676402916	0.112835150798801	0.4921763599031	0.807153893450174	0.982571925541607	0.296498022215455
Euzebyella	0.158902653340144	0.350599844570421	0.223819709120774	0.260341019514814	0.0413102385234837	-0.0604417747370371	-0.0683860521844363	0.4921763599031	0.693276528811568	0.681190419063224	0.724675287432815
Dyella	0.161734962121545	0.139165832634091	0.360702551236759	0.714943311301106	-0.0456496766621141	0.0314242726089633	0.0153800502007426	0.498742173943091	0.443969765788656	0.812637693883216	0.901594411460491
Thermovirga	0.165212190937384	0.0761531569562132	0.757838685981146	0.0836889035776746	0.178114815136131	0.0337766757792367	0.234977787161628	0.507150414680361	0.289713097116028	0.955387893860954	0.41552387531093
Alkalilimnicola	0.165910635659718	0.118315093326747	0.0475922827963822	0.151110899593205	-0.188520331511986	-0.272662301833068	-0.24116200799552	0.507150414680361	0.401019685555183	0.458434297715578	0.578019834509526
Cellulomonas	0.166780082077781	0.0304534506670273	0.259305088341829	0.227571333190787	-0.108084676373828	-0.0614238853115152	-0.080261956319437	0.50759155414977	0.162728362342894	0.711817889565806	0.686325217779021
Anaerocolumna	0.168517853051451	0.303686569509701	0.180300523703494	0.0344889388685105	-0.117600543771729	-0.173611181111863	-0.344162023096041	0.510660160761972	0.644781064385189	0.623111086702731	0.325014242868951
Lachnospira	0.169788367818055	0.270949316662088	0.061681938420122	0.0809481507396964	0.171521228052502	0.331833665574053	0.38000709762588	0.511559714523625	0.634670164851001	0.461903252160563	0.41552387531093
Candidatus Endolissoclinum	0.170276304977149	0.415673583204625	0.0360391194657532	0.943931188873224	-0.0517453336960091	-0.151970436203785	0.00602810046596973	0.511559714523625	0.752918079556922	0.422541709861998	0.991682901236777
Paraglaciecola	0.172010568411109	0.0358666139187501	0.833154903632943	0.626507533760021	0.134496189473174	0.0147694860359996	0.0420973111145507	0.514561529434942	0.180623235562051	0.978537638495067	0.875145960541534
Agarivorans	0.173633530690529	0.0435890118692166	0.97917718220486	0.555211413118436	0.110262310527142	-0.00154514883223175	0.042596376427423	0.517206261631363	0.206164245327376	0.999366353034691	0.858843463497057
Roseococcus	0.177625773093138	0.148182044601936	0.818956061934755	0.0581578865782907	0.0706243018300458	0.0125000500367197	0.131099427473492	0.52685610663219	0.454944873777873	0.97494769277947	0.382900227279256
Emcibacter	0.179926691841237	0.133760057663338	0.142167912856132	0.0587029534117218	-0.168010406867554	-0.183915880637617	-0.292957929243497	0.531429047632345	0.433788399083963	0.554609255124433	0.382900227279256
Sulfurifustis	0.181818404821147	0.14772930637479	0.110702537900378	0.0681030837149284	0.104003970170284	0.12788690997651	0.178909330101857	0.534760014179845	0.454944873777873	0.539753493444288	0.39529751300949
Coprothermobacter	0.183603129432605	0.0347106519621874	0.267885228307082	0.746876916942586	0.304906422262882	0.177323164498554	0.0634659575073325	0.53774975147625	0.178657767452435	0.721229460826759	0.914045299765312
Allopseudarcicella	0.186291059796433	0.0533509946870862	0.149070873601432	0.916216179007512	0.136138834533484	0.111903879474292	0.00979590326028347	0.542602002907974	0.237870676948792	0.564051954167582	0.982106084876935
Treponema	0.187005822355029	0.19259374334687	0.0378888884051754	0.267550612420341	-0.102666946440701	-0.185167849631433	-0.117929233845395	0.542602002907974	0.522541164119415	0.422541709861998	0.734739074497125
Fibrobacter	0.188512747452182	0.0312022653235787	0.407937168555728	0.4060036877224	-0.214553256915112	-0.0909260862449586	-0.113008491840235	0.542602002907974	0.164222449071467	0.853396479056797	0.778288180071717
Xenorhabdus	0.188572909484679	0.0607598573637794	0.924741077124106	0.300564360857069	0.11590592752274	-0.0063495873688887	0.0852623537094126	0.542602002907974	0.255329376196936	0.985334815838856	0.751410902142673
Caproiciproducens	0.189281918963965	0.184463798342718	0.0932280926807578	0.0706102523267364	-0.301647520117423	-0.435725770473789	-0.583126525851056	0.542602002907974	0.51318255094644	0.528982773698599	0.395407771553314
Vulgatibacter	0.190413770944329	0.147015293081137	0.664463030825111	0.390496226188232	0.0651932161098675	-0.0214288999898241	-0.0518075986239125	0.542602002907974	0.454944873777873	0.939455487955981	0.777470060177635
Janthinobacterium	0.190685846736231	0.0625471125952983	0.310874734065217	0.0953011650052988	0.224873591518797	0.134493919559662	0.273794937650274	0.542602002907974	0.257452082135692	0.771674871793091	0.449101131477839
Brochothrix	0.195058294380748	0.0526469009423827	0.955487927522193	0.800250300204457	-0.103976145668794	0.00326896447611585	-0.0181572464748732	0.550668249346206	0.236760157120771	0.996783232884553	0.934313501023713
Pseudobutyrivibrio	0.195717453911776	0.876170828919812	0.450574437051637	0.0400984999898598	0.0206388983813576	0.114026015152534	0.394113431318284	0.550668249346206	0.975473855348191	0.889932998358151	0.346530246825949
Candidatus Doolittlea	0.195880562981722	0.434883950711122	0.132514926963127	0.817802613446319	0.0296121313840669	-0.0651023669922053	0.0121400735520566	0.550668249346206	0.764871270094938	0.554609255124433	0.945152346818795
Aquifex	0.200068271904641	0.164961885947141	0.576510651635662	0.194399876148637	0.05573581959391	-0.0246823730650405	0.070413892072877	0.559367921375039	0.488271722933508	0.911111366041327	0.64863144258985
Macrococcus	0.200573354664478	0.0473513250467236	0.786918773477482	0.286295442382188	0.126385577622722	0.0186911058977576	0.0903408853752111	0.559367921375039	0.220972850218043	0.968676818170958	0.73950852275842
Oscillibacter	0.202888373062964	0.24043615543293	0.0359496157281215	0.467251034616742	0.160136179350573	0.333204199810258	0.13984696781309	0.563578814063788	0.58848010070997	0.422541709861998	0.818171553807323
Tepiditoga	0.205232616902646	0.0451775346207415	0.34813181168615	0.182784607520825	0.051817150497443	0.0264588269956528	0.0459855365235293	0.564865678836552	0.212243451238383	0.812637693883216	0.62720208463028
Nostoc	0.205887584459592	0.0547363943709774	0.878062658874587	0.961092241321102	0.12084673613305	0.0106306987662279	-0.00417231174315295	0.564865678836552	0.24097783685336	0.985334815838856	0.994207752912217
Allochromatium	0.207790291719028	0.0959315838111715	0.892212214390912	0.578789407172561	0.101300628717678	-0.0090889553712428	-0.0458540963282906	0.564865678836552	0.344369788040103	0.985334815838856	0.858843463497057
Dehalogenimonas	0.208869375181641	0.214213252153457	0.520836734830149	0.329514822804004	-0.0640655789564711	0.0370021807847833	0.0694921907741243	0.564865678836552	0.543138841146794	0.90805646355991	0.756263527746895
Chloracidobacterium	0.209250436543558	0.0539037926162564	0.317173112770653	0.143242508714489	0.231647720438575	0.133362537151062	0.242932615871643	0.564865678836552	0.23881427108468	0.784527134061686	0.557179765572062
Deinococcus	0.209347920563986	0.752554416365318	0.10737164611575	0.256356067459635	-0.0530482393962659	0.314504244188432	0.273061874005938	0.564865678836552	0.93734535846214	0.539753493444288	0.720679707717848
Libanicoccus	0.209645695205537	0.514776474663535	0.113636570846238	0.0674096553841478	0.081530011624329	0.228962323052785	0.330518541549382	0.564865678836552	0.809760746661741	0.544832873920321	0.39529751300949
Wolinella	0.21011444067517	0.229579905187219	0.0683046763747357	0.819794671907808	0.087171927066848	0.149415373264785	-0.0223217365043919	0.564865678836552	0.571907237121187	0.484861436113823	0.945152346818795
Aminipila	0.210614203109057	0.341832284981305	0.19353912401405	0.744791697212791	-0.182716423907612	0.286532954883692	-0.0881672704630097	0.564865678836552	0.687593676686534	0.643702942274146	0.914045299765312
Desulfomicrobium	0.21283389541839	0.0379732946600094	0.527923924530962	0.460175650649479	0.388468392620621	0.13118831466646	0.190720279706812	0.568640178598753	0.187192297619765	0.90805646355991	0.817570952930547
Cloacibacillus	0.215475802409569	0.757015225670603	0.0560590375828664	0.255752161372588	0.056834657174927	0.403322324712994	0.290481052418143	0.573509740253607	0.938908380791006	0.458434297715578	0.720679707717848
Bordetella	0.217302944845284	0.721303681859572	0.129713763408477	0.33582509308397	-0.0158319636631005	-0.0758928421657961	0.0581382515615525	0.575636815149359	0.920466054624857	0.554609255124433	0.760768819284075
Thermodesulfovibrio	0.2179196514494	0.208811305062873	0.194950033945884	0.0569883362439932	-0.0628716527462931	-0.0721880307998189	-0.130658837002857	0.575636815149359	0.54022934966362	0.643702942274146	0.382900227279256
Rheinheimera	0.221265203760581	0.160620980538281	0.0499774471095235	0.578475796623401	0.0711556384506104	0.11400156526642	0.0390903087784962	0.580471946199381	0.485542628793466	0.458434297715578	0.858843463497057
Dysgonomonas	0.221408585193192	0.432604237565957	0.0386323849016683	0.45432836186936	0.0755972522784353	0.231377945753904	0.101198910435658	0.580471946199381	0.764704460343864	0.422541709861998	0.813375583909341
Herbinix	0.223712867889364	0.78489902421062	0.0476623474047878	0.559993401786513	0.0391497416534322	0.331114803199401	0.118065309051476	0.582731653738365	0.951437358311758	0.458434297715578	0.858843463497057
Lactobacillus	0.223935449793743	0.223919584444851	0.469850323197343	0.383755916817511	0.188306296094975	-0.124410329798758	-0.183949212030268	0.582731653738365	0.56180540900142	0.891314976255121	0.777470060177635
Tessaracoccus	0.22480151552459	0.752357758504459	0.907751037426042	0.0712579271634814	-0.0232648972974781	-0.00952876501222429	0.185047172198951	0.582818743952642	0.93734535846214	0.985334815838856	0.395407771553314
Aneurinibacillus	0.227235635620869	0.36705671524663	0.246862206735166	0.391956511178837	0.0480134172179051	-0.0688230543658013	0.0616680674191084	0.586274075318243	0.711744323192912	0.702270567961997	0.777470060177635
Xanthomonas	0.227809354980803	0.662149036335027	0.0945187711619179	0.634970034968461	0.0313933025436027	-0.137362629045342	-0.0472130118773614	0.586274075318243	0.881186930483876	0.528982773698599	0.875145960541534
Methylomusa	0.229562513210923	0.779065425890406	0.106169266595534	0.112711814403267	0.0378438474394705	0.253745221395386	0.30932154542113	0.588621828745957	0.948427474997017	0.539753493444288	0.487026358532635
Oceanicoccus	0.232305660025423	0.47924590211568	0.117015379498753	0.0776909056866904	0.166834874983203	0.425920353500396	0.597363154322753	0.591626432533768	0.796845918007068	0.55063021636248	0.405848014781219
Flavisolibacter	0.23242466992398	0.0632596544676272	0.996671006705305	0.882403953291113	0.152614221462689	0.00037317898085363	0.0161144131992166	0.591626432533768	0.257452082135692	0.999366353034691	0.968154807686174
Hippea	0.238240616462688	0.681391830885456	0.166820811776287	0.0775654947852951	-0.0204470702762368	-0.0774844473930393	-0.121328227646094	0.600506506260183	0.893210265205654	0.605049576390677	0.405848014781219
Candidatus Desulfofervidus	0.238907350935483	0.344508445981157	0.194408799395342	0.946419286107543	-0.11911382112697	0.184242877104832	-0.0115866346526068	0.600506506260183	0.690651461240636	0.643702942274146	0.991682901236777
Achromobacter	0.239650481789982	0.579470138649508	0.123577934287777	0.409818781295643	-0.0373223615782628	-0.116964468331219	0.0753432565216386	0.600506506260183	0.851254876354372	0.550984420391363	0.781670700018938
Scardovia	0.240471377098193	0.417331735525837	0.088962664949449	0.606517653791146	0.0722929740769655	0.171173042250176	-0.0620022608838424	0.600506506260183	0.752918079556922	0.528982773698599	0.87246067969384
Asticcacaulis	0.244021946725103	0.0614129748529818	0.512024352330376	0.1897498434472	-0.0940854935255174	-0.036169101084019	-0.089371148678037	0.600506506260183	0.255329376196936	0.90805646355991	0.641666137261063
Candidatus Mikella	0.245903051578301	0.0527636921583433	0.770892955012413	0.685453870545618	0.128974954136775	0.021066227342639	0.0356731252433284	0.600506506260183	0.236760157120771	0.959561255311169	0.887188951257807
Aequorivita	0.246986336955617	0.78672257401447	0.0544801532963377	0.636438961240245	-0.0292486697812263	-0.242967198333359	-0.0725107704680899	0.600506506260183	0.951437358311758	0.458434297715578	0.875145960541534
Pandoraea	0.247028932689527	0.187888669519965	0.0572503337418118	0.319391172106833	-0.0566039177162381	-0.0920689332947905	-0.0576715457693236	0.600506506260183	0.517803419936911	0.458434297715578	0.755278298462084
Ignavibacterium	0.247249695992619	0.406805272178096	0.985392213918661	0.0590760350659424	-0.05238962077783	-0.00128091801667357	-0.164480315388331	0.600506506260183	0.747411261219598	0.999366353034691	0.382900227279256
Indioceanicola	0.247766239730539	0.204558289691371	0.0559150419566735	0.68876384467016	0.126144572792308	0.216116362702675	0.054374174736124	0.600506506260183	0.534842992936503	0.458434297715578	0.887188951257807
Guyparkeria	0.248268259040211	0.294641007252133	0.319875609345147	0.398660277939618	0.0496008412613088	-0.0524407719335841	0.0541752699212445	0.600506506260183	0.644781064385189	0.787246787308824	0.777470060177635
Geoalkalibacter	0.248302758983336	0.214927798568089	0.439606014097465	0.0564066099948064	-0.0536383811897988	-0.0375001631239426	-0.116628283531985	0.600506506260183	0.543138841146794	0.874216505307458	0.382900227279256
Enterococcus	0.248580707293719	0.0582481941882149	0.815161152770781	0.836225337737662	0.197517465793963	0.0269239632113947	0.0294271035813565	0.600506506260183	0.252528754238395	0.974734342988867	0.94896971450427
Pontibacter	0.248879928707586	0.181938331832786	0.109578377919962	0.820932324094039	0.110446550273168	0.151551322368218	-0.0261769188350449	0.600506506260183	0.511495379279163	0.539753493444288	0.945152346818795
Mycoplasma	0.249295005149939	0.953033709876465	0.0847396131782279	0.831408227874491	-0.0062816143984627	0.212205917131589	-0.0318205256283309	0.600506506260183	0.985588389069791	0.523628000277563	0.94896971450427
Selenomonas	0.250170862378039	0.306179647314892	0.262065036319618	0.67847564796838	0.167410875696378	-0.209269533470933	0.0953337232624989	0.600506506260183	0.644781064385189	0.716584083686456	0.884614862954678
Alkalitalea	0.250496999754248	0.934895413879006	0.485841405384925	0.0585423694658869	0.00441769611994813	0.0420690059493433	0.141782101539669	0.600506506260183	0.985588389069791	0.900540582166973	0.382900227279256
Megamonas	0.256358264144468	0.28666208772077	0.398190631899846	0.299696082337193	-0.336286110163927	0.297205821071989	-0.447471664148577	0.611206888771659	0.644333808691339	0.849797080274062	0.751410902142673
Kroppenstedtia	0.256909260574621	0.122282703777008	0.80578128178155	0.635670637373658	0.0614335222346353	-0.0107128798641514	-0.0251455666864114	0.611206888771659	0.409559294946916	0.974734342988867	0.875145960541534
Syntrophomonas	0.258221209679472	0.112538718838433	0.738229513162745	0.373105486761665	-0.0964757039276696	0.0224321122455949	-0.0737522116926117	0.611206888771659	0.388064547718736	0.955387893860954	0.777470060177635
Bacteriovorax	0.258453198680587	0.76947319753652	0.208244043402753	0.157330480558033	0.0184631278854856	-0.0908990141151815	-0.126961880698404	0.611206888771659	0.943312151095559	0.656625362080751	0.589120641094731
Permianibacter	0.262879539516085	0.511701303976236	0.190758075035451	0.0723031353697488	0.0291116249568556	0.0651261271811477	0.109949415335781	0.618123758734444	0.807153893450174	0.638902643659404	0.395407771553314
Paraphotobacterium	0.263144114432663	0.0851384928877485	0.159771958603132	0.196176279395962	-0.132689792049003	-0.120967287950481	-0.136576883045176	0.618123758734444	0.312616473716431	0.591747994826413	0.64863144258985
Alicyclobacillus	0.264799899931727	0.759145482436092	0.990470454157684	0.060706826063642	0.0114776114679961	-0.000497199050533146	0.0972188112430781	0.61830436147721	0.938908380791006	0.999366353034691	0.384697598564395
Candidatus Amoebophilus	0.264987583490233	0.326604571574365	0.186234201943999	0.071425638032254	-0.0982989503365572	-0.149332742282133	-0.252665585058253	0.61830436147721	0.672290469719096	0.629777494496615	0.395407771553314
Desulfobulbus	0.266215960500249	0.0648895690081389	0.898780613635504	0.670392552639108	0.199403266267977	0.0151985152957916	0.0629580492687622	0.619106884884301	0.261049990262628	0.985334815838856	0.884614862954678
Faecalitalea	0.267382071461246	0.935713368714155	0.108817085396458	0.198417124086652	0.015369590796076	0.351873916257047	0.3472388919559	0.619759768287657	0.985588389069791	0.539753493444288	0.649027975984376
Metabacillus	0.268640912525759	0.103726001738032	0.473636728081401	0.619389089502883	0.0609964723150597	0.0297559026708936	-0.0253261397771003	0.620425914318334	0.364865332746845	0.896069485559407	0.875145960541534
Wenzhouxiangella	0.269442111361105	0.88864850016348	0.119190505499886	0.539192166239037	0.0107905566124633	0.138343126039973	-0.0666404341552958	0.620425914318334	0.975473855348191	0.55063021636248	0.856742717041266
Odoribacter	0.272526907099632	0.190151921685476	0.339496672520021	0.444597546694066	0.213253694224905	0.17622169720341	-0.174706215759166	0.62547159006473	0.520366323890908	0.802863752581131	0.804181609007355
Cycloclasticus	0.274062512720144	0.119332007203491	0.307341552643112	0.104717470421644	-0.0754370625064811	-0.0545173620868761	-0.106536556622772	0.626940388575492	0.401598101165595	0.76835388160778	0.466893180223889
Stackebrandtia	0.277707869689999	0.165719970195399	0.174399518509934	0.108822828697722	-0.156964613937278	-0.171054811089818	-0.246915809337996	0.629571316128788	0.488271722933508	0.621203534215897	0.476099875552536
Oscillatoria	0.277987850135065	0.276848026703802	0.379669921742576	0.319463786509352	-0.088600194119768	-0.0807979912924031	0.113459828860197	0.629571316128788	0.639582899975779	0.838387839810104	0.755278298462084
Thermanaeromonas	0.278977848300759	0.125567143934946	0.707125247808807	0.122840862631876	0.149739549844293	0.0406446590249511	0.208226588334774	0.629571316128788	0.416977635305755	0.944938043425937	0.511087316284282
Denitrobacterium	0.279854225896704	0.903913348632326	0.0864276096994524	0.612639981439755	-0.0120742257756049	0.198969725282439	0.0716484584129292	0.629571316128788	0.975473855348191	0.523628000277563	0.874713110499722
Spirochaeta	0.280291205225494	0.150580704685085	0.108731843198245	0.159299835036032	-0.0768158326153938	-0.0984666765182162	-0.10694140612922	0.629571316128788	0.460290363666198	0.539753493444288	0.589120641094731
Hylemonella	0.280608929474546	0.0584423688380285	0.298656853614039	0.340831437515392	0.0698514554813079	0.0424699832360052	0.0479020609485142	0.629571316128788	0.252528754238395	0.764205680256892	0.762242831504071
Lawsonia	0.28246601125314	0.339990950725894	0.0620270081472755	0.282349730056752	0.162047188121426	0.364177652375973	0.255400263741748	0.631091104690056	0.687593676686534	0.461903252160563	0.734739074497125
Chloroflexus	0.283089438389539	0.550987629291815	0.252810423004089	0.356973040701879	-0.03326559248231	0.0720359442813057	-0.0710970917569492	0.631091104690056	0.833129975342518	0.707869184411448	0.777470060177635
Geobacillus	0.28501260924077	0.0638165365189326	0.250908219727101	0.678439114330658	0.0961665570871017	0.0653728872358762	0.028512242621164	0.6326386503049	0.258217199787589	0.705364473128397	0.884614862954678
Meiothermus	0.28559116213764	0.283491093211474	0.640014994524106	0.0649472244064424	-0.062300702075061	-0.0300459967941407	-0.147321048417321	0.6326386503049	0.643567468322608	0.935306755230829	0.39529751300949
Caloramator	0.286965087284451	0.884073764053743	0.0916985372828354	0.799638449518031	-0.0165796552342966	0.222682322596816	0.0408619431671713	0.633676848893109	0.975473855348191	0.528982773698599	0.934313501023713
Thiomicrorhabdus	0.297415205129446	0.336083025662859	0.0613729066321358	0.394458509113376	0.0989448196343943	0.219523634088551	0.120545902579879	0.653737584353348	0.683889877802329	0.461903252160563	0.777470060177635
Woeseia	0.297917556298169	0.374811984012886	0.0685732602503835	0.905887050084585	-0.0353564174528491	-0.0826511632472893	-0.0064433740571673	0.653737584353348	0.720792276947857	0.484861436113823	0.979730850489888
Enterocloster	0.299911985951409	0.0970593761573895	0.14340610739646	0.688837716090214	0.195910571001078	0.194590688361537	0.0650131850647018	0.654698815881227	0.346287749996647	0.554609255124433	0.887188951257807
Brachyspira	0.300615926840132	0.506991830158112	0.0959074582815613	0.172372706311293	-0.0216345611172687	-0.0619707653313388	-0.0621546612222778	0.654698815881227	0.807153893450174	0.528982773698599	0.615134338989086
Haliscomenobacter	0.301161455305364	0.10693602068279	0.952557479378561	0.321165763480501	0.133429049700746	-0.00541945098112057	0.111473852640706	0.654698815881227	0.372414002377876	0.996783232884553	0.755278298462084
Synechococcus	0.303434110154213	0.0954101501390773	0.736973311312305	0.219562718865012	0.0803998471515814	0.0179940898704908	0.0820734085574571	0.655274910505137	0.344263428336877	0.955387893860954	0.681506704607722
Desulfarculus	0.30483744222705	0.51600055408933	0.21768270961539	0.0829583068627873	-0.0319670365364646	-0.0685736537342136	-0.119690676582413	0.655274910505137	0.809866340498948	0.668324108468303	0.41552387531093
Eggerthella	0.305055963865569	0.994422753167565	0.12223896214217	0.269911835789059	0.00124516917359101	-0.311121366288408	-0.268212796759632	0.655274910505137	0.996892288796852	0.550826307064448	0.734739074497125
Longibaculum	0.305170886892392	0.084864225076587	0.178176914869108	0.676116814212383	-0.396620345545607	-0.34683202547257	-0.131410555145398	0.655274910505137	0.312616473716431	0.623111086702731	0.884614862954678
Limnochorda	0.307001989329652	0.806626527781165	0.183716975896918	0.477434730606414	-0.042972310987495	0.268073283909969	-0.176166179573065	0.657190802846349	0.962720512559889	0.625028784527985	0.820127346617575
Dolosigranulum	0.308536724114665	0.0691120042921762	0.38327794150918	0.296983093714289	-0.11488869635979	-0.0609061326670204	-0.0898436115357543	0.658462520976419	0.273324310760019	0.839845224025272	0.747799156834541
Zymobacter	0.310631520615208	0.0727662064085618	0.805535442388632	0.577652783301502	0.110418135806191	0.016697258234472	0.0465956061048432	0.660918128968528	0.281416267878416	0.974734342988867	0.858843463497057
Moritella	0.31462837788232	0.0708285670402821	0.750918303015307	0.6421458084764	0.0617568971273817	0.0118278951827465	0.0210876363003829	0.667393528841284	0.278539308585379	0.955387893860954	0.876222350747524
Pauljensenia	0.31588061085809	0.0912156556394002	0.963894473799088	0.614798357665519	0.0757829215309146	-0.00222073146727139	0.0301346270661876	0.668025461029193	0.330833984184353	0.999366353034691	0.874713110499722
Natranaerobius	0.31871012355469	0.147586304036468	0.71475989818606	0.799860006805934	-0.0546714781458092	0.0151578670450974	0.0127896983751263	0.671979176169527	0.454944873777873	0.945807048639399	0.934313501023713
Thermoclostridium	0.319807245976839	0.161966279200632	0.897580824571985	0.486218355494705	0.162211316414831	0.0166417763001429	-0.111533379037696	0.672267484035397	0.486592917901161	0.985334815838856	0.820127346617575
Cellulophaga	0.322513843718098	0.180803733363744	0.992861659395349	0.158889120201995	0.0744755222762106	0.000549108982944915	0.1069721816025	0.674656633602275	0.511495379279163	0.999366353034691	0.589120641094731
Apibacter	0.322871388938232	0.197900564928688	0.0836313410314954	0.41326996287323	0.0621238715466708	0.0945189757711454	0.0541213585198	0.674656633602275	0.524703347420481	0.523628000277563	0.783980959380112
Ruminococcus	0.330723717366298	0.721908377127209	0.708689831486971	0.0719430863190009	-0.0482005571327393	-0.057723839932123	-0.352297523930313	0.689007744513122	0.920466054624857	0.944938043425937	0.395407771553314
Lacibacter	0.331770001085141	0.419252270026107	0.919641278746798	0.0882355584487851	0.10111823552469	0.014318223831394	0.305981831390325	0.689136500770322	0.754438532180656	0.985334815838856	0.425964764925169
Actinobaculum	0.335507094662914	0.511966183845539	0.201453512540522	0.669108040726653	0.0261037125625903	-0.0580784233937733	-0.0238356219283712	0.694837178295976	0.807153893450174	0.653044314343046	0.884614862954678
Sandaracinus	0.337730094567305	0.820070777148473	0.230658272575703	0.399951663672846	-0.0236369084719927	0.142412030150886	-0.12323317654967	0.697377776392664	0.964789149586439	0.681269159506297	0.777470060177635
Carboxydocella	0.340721893594443	0.234431174579026	0.926139242542177	0.12452978308526	0.0584903119760667	0.00502806341826956	0.102943353310815	0.701181397689013	0.577823317624359	0.985334815838856	0.512769695056952
Brevibacterium	0.342779317473515	0.349079715242853	0.572390839512716	0.318599913442697	0.0288423379535173	-0.0195448891338211	-0.0428144301266592	0.701181397689013	0.692226064220955	0.911111366041327	0.755278298462084
Blattabacterium	0.343122127928545	0.65432823178407	0.0966344052464636	0.865950440919571	0.0865689666529266	0.366343139286572	-0.0449141881643825	0.701181397689013	0.875773923993975	0.528982773698599	0.960642327486053
Erwinia	0.343578884867617	0.180917287138101	0.82360134556699	0.57056943325635	0.162342550554686	-0.0298601090042207	-0.0930287469259861	0.701181397689013	0.511495379279163	0.976698377788678	0.858843463497057
Methylovulum	0.350352031712081	0.491163206618623	0.142362270363856	0.154531608305749	-0.0269715474393714	-0.0647370479335925	-0.0765164382667066	0.712925645925745	0.798152571489932	0.554609255124433	0.584714193589319
Geobacter	0.354672850904098	0.0878706684405671	0.687632228835878	0.369414312406086	0.133042364486213	0.034253870939819	0.0934406402830651	0.717300751903289	0.320361812022901	0.940756397444138	0.777470060177635
Thermosediminibacter	0.355193080427138	0.130666984729119	0.679092109865324	0.189662314511673	-0.0504772682582573	-0.0154478570054501	-0.0612709011431263	0.717300751903289	0.431401809036655	0.939455487955981	0.641666137261063
Psychrobacillus	0.355576229872059	0.266238636972269	0.394718366765069	0.420217700967231	-0.0418078391343496	-0.0356160400529435	0.0412069914286963	0.717300751903289	0.634670164851001	0.844962864634704	0.788664513887254
Gemmatimonas	0.357626795278872	0.373225726427597	0.091834685130096	0.252346344196788	-0.0760668906304197	-0.167478724761028	-0.1398523128322	0.719364243377041	0.719719031678562	0.528982773698599	0.720679707717848
Pasteurella	0.359699723698082	0.307207014904322	0.528029267586358	0.324975756603829	0.10542213006702	-0.0729371991359435	0.140577243468512	0.721460763864347	0.644781064385189	0.90805646355991	0.755278298462084
Halorhodospira	0.361573070329849	0.109177228610745	0.990314982284149	0.510213727487087	0.071719028302654	-0.000594684800337794	0.0393676401897506	0.723146140659698	0.378336930829315	0.999366353034691	0.838379364415402
Pelodictyon	0.364892487468568	0.719796413876222	0.188111463485833	0.406933534151783	0.017146137304601	-0.0707330273873542	-0.0538650096424281	0.727705815464381	0.920466054624857	0.633067425192706	0.778288180071717
Thioploca	0.368324708536513	0.977629864590793	0.272560302094619	0.152035222729442	-0.00354249654176169	0.158928610161369	0.25884179891701	0.730747642826364	0.994756963647745	0.724603531248344	0.578394869079397
Candidatus Hepatoplasma	0.368505597025295	0.859477022660549	0.400905442901849	0.101956026813555	-0.00961752241305113	-0.0510553767163294	-0.122708320090834	0.730747642826364	0.970413127955829	0.850405484943315	0.460446572706376
Acetoanaerobium	0.372652393920308	0.209665333410746	0.544633009467425	0.117605930311634	0.066765482811723	0.0357303281859757	0.114392648706852	0.733807220404632	0.54022934966362	0.909434091692352	0.49893424980693
Wolbachia	0.374047246837123	0.551055969405122	0.101402014139213	0.29456784447013	-0.0504302837818459	-0.157412527348993	-0.122135470842408	0.733807220404632	0.833129975342518	0.539753493444288	0.747092359163373
Acidaminococcus	0.374728452542505	0.509702276008423	0.235333414711962	0.885170781010916	-0.147894581566405	0.305734332197762	-0.0457927748193775	0.733807220404632	0.807153893450174	0.689801624216541	0.968155541730689
Methylomonas	0.375020670310663	0.239563627409925	0.468140724086183	0.998149998240563	0.0745377887123783	-0.0508790015759615	0.000197192370448402	0.733807220404632	0.588401891884025	0.891314976255121	0.999577966764512
Acidothermus	0.375289978435512	0.655602759299555	0.305287865318183	0.375801476731419	-0.031235862021127	0.0814121758277878	-0.0866518752845793	0.733807220404632	0.875805212804749	0.76835388160778	0.777470060177635
Xylella	0.379571318112639	0.696603055904808	0.427376077336593	0.231437101074014	0.0213128651510287	0.0484230534637234	-0.0893067965095469	0.739233734274321	0.904679293382868	0.862489828731226	0.686325217779021
Arenimonas	0.380855599812673	0.490489351731616	0.976757310254381	0.196442665470069	-0.0253665841923098	-0.00118893025774049	0.0648457187650978	0.739233734274321	0.798152571489932	0.999366353034691	0.64863144258985
Acinetobacter	0.381233397247186	0.59226250986986	0.422784553077693	0.0882052820003764	0.0918907975971897	0.15542168572992	0.413987386069033	0.739233734274321	0.851254876354372	0.8601449807978	0.425964764925169
Bremerella	0.385341255079415	0.978832924487935	0.201006025726735	0.211259873033131	-0.00148559290749483	-0.0815061202971733	-0.0982079631807957	0.745135023634228	0.994756963647745	0.653044314343046	0.672190505105416
Denitratisoma	0.388423302215022	0.362629180401366	0.0950779220613972	0.795003829055171	-0.0393431284652058	-0.0812995530806104	-0.0151285435499135	0.748125479433988	0.706710612129425	0.528982773698599	0.934313501023713
Altererythrobacter	0.389025249305674	0.839093305741466	0.814358629651517	0.0963845636189004	0.0154203878277778	0.0202210727281931	0.180518867897528	0.748125479433988	0.968452216748466	0.974734342988867	0.449794630221535
Streptobacillus	0.39013577649473	0.270717733879524	0.329266766646371	0.514294144077941	0.0616790608477264	0.0608460662750953	-0.0494946040695424	0.748205598757016	0.634670164851001	0.792579194034558	0.8390830934897
Pelolinea	0.39160838431667	0.363451171952276	0.372561275261859	0.638874334041196	0.0557530555544657	-0.0612379810611871	-0.0393693608260231	0.74897778421221	0.706710612129425	0.827913945026354	0.875170320604377
Muricauda	0.395399594164261	0.39286567716108	0.092733641742802	0.416536653318563	0.0972770897951372	0.220654487969776	0.130418267319951	0.754168163256083	0.727529031779777	0.528982773698599	0.787658583307692
Pectobacterium	0.398118892970652	0.303169873296731	0.555182820256346	0.355187993809653	0.119632509366847	-0.0759247799846389	0.145257095900311	0.757291372498523	0.644781064385189	0.909434091692352	0.777470060177635
Scytonema	0.402114892668549	0.102564201637825	0.486792451201012	0.334277328351017	0.15174105017059	0.0718110383457206	0.123345533531331	0.760783706684178	0.362600712860996	0.900540582166973	0.760518674915877
Candidatus Nasuia	0.402128530675922	0.490838834390144	0.333191955025752	0.472540519708069	0.0272625498709471	-0.042735212086165	0.0384979141398242	0.760783706684178	0.798152571489932	0.796021735556405	0.818171553807323
Flavobacterium	0.409374240863261	0.905705714488602	0.415298336255351	0.123391080645777	0.0070721376073727	0.0543431983344314	0.1264740965108	0.771503887419709	0.975473855348191	0.855520379151675	0.511087316284282
Candidatus Solibacter	0.410984853261821	0.991780354315996	0.222595311513666	0.221522983611976	-0.000492145744417039	-0.0659347377734062	-0.0811168570397355	0.771503887419709	0.996892288796852	0.680422349605093	0.681506704607722
Suicoccus	0.411650682432539	0.186679203656018	0.148732709120642	0.735136293450851	-0.0610641663586548	-0.0744695657104965	-0.0209594896593765	0.771503887419709	0.516503725530483	0.564051954167582	0.914045299765312
Alkaliphilus	0.412339521344629	0.106451835073482	0.283809358247661	0.502629940090065	-0.0654481643726499	-0.0487006423919516	-0.0375119307447031	0.771503887419709	0.372414002377876	0.738537363469751	0.835726741242389
Mobiluncus	0.414186290183908	0.906247725786752	0.544001752274853	0.134777835520268	0.00635632008549876	-0.0366354730271419	-0.111666848391322	0.771503887419709	0.975473855348191	0.909434091692352	0.537677411501859
Sulfurospirillum	0.414407802385444	0.166012385797393	0.161757714368147	0.393149341448708	0.0672619210941163	0.0764547959297421	0.0570152992329772	0.771503887419709	0.488271722933508	0.595949473987909	0.777470060177635
Methylococcus	0.41721304189732	0.272742623739882	0.936839376903338	0.188846741719609	0.0641470586098987	-0.00511709856834059	0.104414335756954	0.774480942156814	0.63570856745166	0.98794352394837	0.641666137261063
Ezakiella	0.418219708764679	0.491433940445944	0.10876092778959	0.361720391867385	-0.106162512305447	-0.28052405285802	-0.193122461893283	0.774480942156814	0.798152571489932	0.539753493444288	0.777470060177635
Syntrophothermus	0.422107118789266	0.941532318930797	0.138921202468081	0.876221611709631	-0.0045064187347193	0.104071109180349	0.0133370693743064	0.776451964105911	0.985588389069791	0.554609255124433	0.962880891988605
Desulfohalobium	0.422240723168211	0.168691710582945	0.300033481951207	0.86813600961585	0.0897113358736124	0.0756998373423168	-0.0148557149427976	0.776451964105911	0.492017489200257	0.764205680256892	0.96154304862515
Marinithermus	0.424393178432384	0.480938847535843	0.350300115105055	0.384911605070487	0.0323392745310558	0.0483188905374894	-0.0553130513048266	0.776451964105911	0.79738506317109	0.812637693883216	0.777470060177635
Liquorilactobacillus	0.425031792337965	0.572122569059124	0.101671354134251	0.766319668644045	0.0314629266832217	0.103006033925476	0.0223776315268492	0.776451964105911	0.846142299133053	0.539753493444288	0.91890651794758
Pelobacter	0.426110823563827	0.995468156955714	0.142207846606513	0.987855823549222	0.000423210636761218	0.125970331900276	-0.00159725313217822	0.776451964105911	0.996892288796852	0.554609255124433	0.996396363810455
Hyphomicrobium	0.427216323791705	0.634811266849734	0.883755176518329	0.178577278904696	0.020763475094945	-0.00714582210279045	-0.081534965032721	0.776451964105911	0.862635591978654	0.985334815838856	0.618315708060262
Desulfosporosinus	0.427885495181715	0.341146841742823	0.121183499650591	0.319777982198009	0.110807902221432	0.206417829397886	0.162565068891073	0.776451964105911	0.687593676686534	0.550826307064448	0.755278298462084
Secundilactobacillus	0.428311502715363	0.16266106112696	0.227093061075334	0.27905648301304	-0.121590044299986	-0.116672579404297	-0.126992999405723	0.776451964105911	0.486592917901161	0.681269159506297	0.734739074497125
Lactiplantibacillus	0.429267014441411	0.380854085228275	0.273279046070804	0.523732463218144	0.0924773308785078	0.129002582740167	-0.0908912335927618	0.776451964105911	0.726424685721506	0.724603531248344	0.844729779384103
Anaerobutyricum	0.433162163705167	0.792728713902468	0.524975554250291	0.110999398340991	-0.036241864106841	-0.0988315975925414	-0.309430538125082	0.778529547189736	0.95345377960778	0.90805646355991	0.482606079743439
Dehalobacter	0.433668420163322	0.468408175453112	0.112875931383093	0.862617561105713	0.114461567946323	0.287680188905464	0.0382842224191878	0.778529547189736	0.794439525433834	0.544832873920321	0.958463956784125
Thalassotalea	0.434298891329105	0.279606593700947	0.289843089684248	0.634360760567493	0.0703921739986035	0.0777415666966906	-0.0428854709876721	0.778529547189736	0.641492683443365	0.751445047329532	0.875145960541534
Chlamydia	0.436356783883782	0.284089068159551	0.159445244876015	0.971974692929561	-0.0932587553135956	-0.137989509613061	0.00417375420520371	0.778529547189736	0.643567468322608	0.591747994826413	0.994207752912217
Prosthecochloris	0.437131464354732	0.134788763582574	0.984812911679406	0.797283746884611	-0.0831932449944542	-0.00117929584896151	-0.0196781179580071	0.778529547189736	0.434802463169592	0.999366353034691	0.934313501023713
Desulfotomaculum	0.437657118817099	0.314638126164904	0.203836848269537	0.175704616920622	0.080795303706162	0.116712191369687	0.154576110049198	0.778529547189736	0.654944803210284	0.653044314343046	0.615134338989086
Megasphaera	0.43820091656108	0.692017469355625	0.906810251587562	0.173692798616058	-0.08804723369551	0.0297112941302452	0.434108577948388	0.778529547189736	0.900394476856762	0.985334815838856	0.615134338989086
Olivibacter	0.44153583978856	0.848032836774048	0.132891268283776	0.451794171097246	0.0129993120460932	0.115941550399296	0.0704818061921874	0.782468576840487	0.970018439405741	0.554609255124433	0.81299722305417
Vagococcus	0.443943655878049	0.389793582351451	0.434329757264351	0.398191131604213	-0.0630861471737674	-0.0637606003746738	0.0839016292348209	0.783585275236023	0.727529031779777	0.869092496202221	0.777470060177635
Maribacter	0.44440479181243	0.842553428571166	0.129937516258309	0.929477933227838	-0.0107811517068279	-0.0945811077176842	-0.00674584964257743	0.783585275236023	0.968452216748466	0.554609255124433	0.982106084876935
Burkholderia	0.446854025750777	0.195452381526062	0.709297426067892	0.709838963255167	0.156935532002877	-0.0497841407350049	0.0604623324994489	0.785073045476028	0.524703347420481	0.944938043425937	0.898530333234389
Microbulbifer	0.447491635921336	0.213797963833081	0.230111251860712	0.224101336639102	-0.0754923363113905	-0.0821742419082032	-0.102813377147303	0.785073045476028	0.543138841146794	0.681269159506297	0.684687972511874
Actinopolyspora	0.45160597048686	0.244449426269247	0.142890855048525	0.425073967781362	-0.0821901888218557	-0.116486341966148	-0.0770312148670459	0.790310448352005	0.594147911071086	0.554609255124433	0.789790095478322
Thermaerobacter	0.456144781078552	0.969595558968589	0.591968154729679	0.20069336956771	0.00345520981590433	0.0541636122842635	-0.158737338508778	0.794614904860765	0.9922761568392	0.916657409598878	0.65342027301115
Caulobacter	0.456961744503098	0.132834990117408	0.912469295330705	0.697129707236484	0.136438103040738	0.0109418382229389	0.0471848535114615	0.794614904860765	0.433788399083963	0.985334815838856	0.89049415157945
Blautia	0.458376957153488	0.181946213486445	0.337538691266798	0.221976469500801	-0.119324143187287	-0.0954554530170124	-0.149599726629846	0.794614904860765	0.511495379279163	0.800939267412742	0.681506704607722
Listeria	0.460044085259283	0.855359205743509	0.180843747049013	0.564315444395797	0.0130943560461774	-0.108189115795846	-0.0561763131696182	0.794614904860765	0.970413127955829	0.623111086702731	0.858843463497057
Orientia	0.462582689136581	0.413581728671645	0.676140480331359	0.363121965399732	0.038873007118608	-0.0220287394505731	-0.0586060410620657	0.794614904860765	0.752918079556922	0.939455487955981	0.777470060177635
Chthonomonas	0.464045379068783	0.167897921917626	0.205242498793529	0.63760634268026	0.20484806725975	0.212686042495383	0.0970170056448801	0.794614904860765	0.491751235742001	0.653044314343046	0.875145960541534
Echinicola	0.464461838632145	0.730746971652598	0.65519640269224	0.216805844910552	0.0242709532697462	0.0350624042400434	-0.119026989689794	0.794614904860765	0.921662847129403	0.935994860988914	0.677518265345475
Arcobacter	0.465297555247505	0.164761899060612	0.969684139502668	0.906034175825085	0.0805697691177721	0.00246807329099545	-0.00949645956344844	0.794614904860765	0.488271722933508	0.999366353034691	0.979730850489888
Anoxybacillus	0.465849387107709	0.197998367649801	0.562058570769252	0.196442303008204	0.0974378713153429	0.0484137708240486	0.132400516956062	0.794614904860765	0.524703347420481	0.909434091692352	0.64863144258985
Thermoanaerosceptrum	0.466041659812592	0.775030610576179	0.613552758691596	0.229310090434318	-0.0164900418190275	-0.0330891869232724	0.0983462351562059	0.794614904860765	0.946369263417139	0.926746603036067	0.686325217779021
Phoenicibacter	0.466552465568249	0.363448317324919	0.359421077499564	0.135955574051184	-0.175867043607977	-0.202354049718768	-0.412539228752595	0.794614904860765	0.706710612129425	0.812637693883216	0.537677411501859
Kosmotoga	0.46945581373944	0.615658083654293	0.544988760246167	0.117461022630193	0.0248731914728864	0.0336743071580258	0.108483302292197	0.797003924696555	0.860840449884726	0.909434091692352	0.49893424980693
Sulfurimonas	0.471117324649835	0.345325730620318	0.130429117712923	0.740980367524187	-0.068878876395557	-0.123953490316692	-0.0325024751524144	0.797003924696555	0.690651461240636	0.554609255124433	0.914045299765312
Halomonas	0.471370892606248	0.89428439095084	0.146932915242764	0.972691190023653	0.00994966580227251	0.124201215321569	0.00356998817904129	0.797003924696555	0.975473855348191	0.562038473606202	0.994207752912217
Mycoavidus	0.476572937758161	0.424928285134173	0.55885109048514	0.358310955561941	0.134917448688906	0.109770499621085	-0.210593906503514	0.800835533506462	0.758800509168165	0.909434091692352	0.777470060177635
Labilithrix	0.477010338636192	0.472927689322989	0.389100304190038	0.549742724724966	0.0263052138985616	-0.0352098237882372	0.0297223132407874	0.800835533506462	0.794439525433834	0.839845224025272	0.858843463497057
Spiribacter	0.477968601470959	0.481848402459101	0.150743906886979	0.311693159462539	0.0188710841182862	0.0433395227599011	0.0368799907487413	0.800835533506462	0.79738506317109	0.567315778606912	0.755278298462084
Tannerella	0.478213218579573	0.301846776505465	0.135284413271135	0.544539054328438	0.117753156525181	0.195808804339221	0.0974622574026456	0.800835533506462	0.644781064385189	0.554609255124433	0.858843463497057
Gloeobacter	0.480440620316087	0.204768460152832	0.53156677057981	0.688487467362413	-0.0552817894639817	-0.0301682331367398	0.0235516778462411	0.802645427735707	0.534842992936503	0.909434091692352	0.887188951257807
Olsenella	0.482825961063668	0.592612838641153	0.122755577002934	0.591784160393596	0.0788305792801541	0.261948631788696	0.111341046279094	0.804709935106114	0.851254876354372	0.550826307064448	0.858843463497057
Candidatus Pelagibacter	0.484141356180412	0.288963223979496	0.606063107028261	0.751210831113127	0.0842305574700699	-0.045821496695696	-0.0346580273386062	0.804985627853416	0.644781064385189	0.92036612573092	0.914045299765312
Nitrosococcus	0.485593796130496	0.287188783302425	0.653378576154108	0.162398318304077	0.104723695303674	0.0490494215065838	0.18868759208472	0.805487339552955	0.644333808691339	0.935306755230829	0.595177082789812
Hypericibacter	0.491133304013016	0.133854706003051	0.452687065466264	0.800840143734611	0.155581765490654	0.086723351637647	0.0357688118055379	0.812750148484897	0.433788399083963	0.889932998358151	0.934313501023713
Litoricola	0.494910437585927	0.946958711254841	0.860567136819621	0.174684850704499	-0.00830023025289429	-0.0245672307884369	0.235773068927897	0.812982032738611	0.985588389069791	0.984308816623749	0.615134338989086
Alteromonas	0.495344079616429	0.892022321508114	0.180622056759223	0.746130716939465	0.0142046960710851	-0.160276780374352	-0.0474072723008915	0.812982032738611	0.975473855348191	0.623111086702731	0.914045299765312
Candidatus Paracaedibacter	0.496230433027277	0.336018100245008	0.889092409855891	0.17890555770197	-0.0427508739933466	-0.00687189199586787	-0.0818080862436146	0.812982032738611	0.683889877802329	0.985334815838856	0.618315708060262
Fastidiosipila	0.497068579754971	0.591094832698748	0.132998568117408	0.48043993241499	0.0940370682286773	0.302668806788092	0.174258852673555	0.812982032738611	0.851254876354372	0.554609255124433	0.820127346617575
Desulfatibacillum	0.497080442874465	0.402412618423145	0.387087194139599	0.494621888070434	-0.0537265145967097	-0.0624623296602804	0.0606519451223058	0.812982032738611	0.741286402358426	0.839845224025272	0.830300531533103
Levilactobacillus	0.500701091299977	0.147301478275791	0.667679589168001	0.39668776526059	-0.0705675959267656	-0.0229749614750959	-0.0553826839086937	0.813164935313544	0.454944873777873	0.939455487955981	0.777470060177635
Niveispirillum	0.500706299405461	0.872772407947935	0.278650888714776	0.55372945531831	-0.0101203003548987	0.0778990382331061	-0.0523296437981314	0.813164935313544	0.975473855348191	0.736058951322049	0.858843463497057
Luteimonas	0.501090989905616	0.628448948654689	0.469411117839756	0.352495692479425	-0.0342808386003317	0.0578866451548296	-0.0920038294999682	0.813164935313544	0.861102156834613	0.891314976255121	0.775933914262886
Tepidiforma	0.501838931507787	0.458913032742293	0.38752176230783	0.456918819199091	-0.0478329459581109	-0.0625208531470821	0.0658604395718986	0.813164935313544	0.791686003436623	0.839845224025272	0.813850314095072
Rhodothermus	0.503487181730955	0.138528992325567	0.606126834231363	0.844908129999935	-0.0915519036780598	-0.0350163397235414	-0.0161422508909828	0.813951563999234	0.443969765788656	0.92036612573092	0.954301041773379
Pseudescherichia	0.515719379094782	0.817355799909934	0.211646116792013	0.987136612517622	0.0241880598037469	-0.14761430540829	0.00230741860726131	0.826753847636656	0.963948339199792	0.657317833949633	0.996396363810455
Anaerococcus	0.517514250566052	0.177293203512093	0.989996965708864	0.716123561102904	-0.185183713573653	0.00194447216705675	-0.0701294298683342	0.826753847636656	0.510721162380515	0.999366353034691	0.901594411460491
Desulfoglaeba	0.51950863107675	0.572959213984382	0.174687872884748	0.328006575332105	-0.0439951528363657	-0.119046898110003	-0.103796114021656	0.826753847636656	0.846142299133053	0.621203534215897	0.755278298462084
Paraburkholderia	0.519856479488475	0.817269707740592	0.212778976732949	0.699914240093188	-0.0213969119573942	0.130199438348522	0.0488297069450354	0.826753847636656	0.963948339199792	0.657317833949633	0.89242252835197
Luteolibacter	0.520626117832031	0.179040652278443	0.392900102619179	0.996188413467276	0.124849480229525	0.0889283503765787	0.000610965636509567	0.826753847636656	0.511495379279163	0.843650527096396	0.999577966764512
Anaerostipes	0.521397961886094	0.160922699828691	0.56637413549874	0.358810686088622	-0.167109616520985	-0.0762929826366237	-0.151246033731748	0.826753847636656	0.485542628793466	0.911094400980188	0.777470060177635
Heliorestis	0.52219719598316	0.808753695978503	0.229957522359013	0.580559248015771	-0.0421618716715832	0.240436384416106	0.136375648307823	0.826753847636656	0.962720512559889	0.681269159506297	0.858843463497057
Clostridium	0.522257100947523	0.520949707672151	0.909439442985912	0.292698993249255	-0.0716002603106044	0.0144383432029014	0.167049380583727	0.826753847636656	0.812171036459924	0.985334815838856	0.747092359163373
Ilyobacter	0.522768923877627	0.139533354962149	0.548178942543429	0.565846848108666	0.159367672531663	0.0713314185833392	0.0831554722063624	0.826753847636656	0.443969765788656	0.909434091692352	0.858843463497057
Acetobacterium	0.523217077861484	0.207312963064771	0.831728304771149	0.850281951533642	0.103870113939227	-0.019280728231445	0.0208409746555083	0.826753847636656	0.53947611206446	0.978537638495067	0.954301041773379
Leptolyngbya	0.524559711305017	0.724353882575707	0.421807358953695	0.380040984894185	-0.0136744405886406	0.0347766693451552	-0.0462827335104228	0.826864326293058	0.920679673822289	0.8601449807978	0.777470060177635
Tissierella	0.525649464572015	0.245367788283366	0.77160125002434	0.550436486460755	0.0360782282369493	-0.0100674684435329	0.0255716103532276	0.826864326293058	0.594316442208845	0.959561255311169	0.858843463497057
Actinotignum	0.526881292018699	0.305494559277105	0.165767952584281	0.613578603867509	-0.0469967896279828	-0.0715916750160392	-0.0316463020779458	0.826943731867913	0.644781064385189	0.604362327130192	0.874713110499722
Egicoccus	0.529316947539098	0.286720637835418	0.6330837205169	0.702838910322143	-0.107247625015082	0.0540488922547463	-0.0533987184101844	0.827906105724839	0.644333808691339	0.934841964970107	0.894390954087122
Paraprevotella	0.529859907663897	0.609443334964637	0.410607162351031	0.425358379993325	0.107859688811111	0.198749652699769	-0.239058099909159	0.827906105724839	0.860840449884726	0.853396479056797	0.789790095478322
Dialister	0.53494615480353	0.650304316032373	0.308890516914946	0.517115602110303	-0.120616518370639	-0.307393960104694	0.240817575634148	0.829598760745341	0.872055596211994	0.769478156015879	0.8390830934897
Parolsenella	0.535422383100127	0.44702329045369	0.734929517293604	0.39123743833153	-0.0975104853170898	0.0489837207945148	0.154082612695252	0.829598760745341	0.7783987644716	0.955387893860954	0.777470060177635
Flavihumibacter	0.535661766526758	0.810219214601105	0.427548529385337	0.375310160521046	-0.0084278749579624	0.0314166077522852	-0.0432568993065652	0.829598760745341	0.962720512559889	0.862489828731226	0.777470060177635
Acutalibacter	0.535683771224135	0.29955299792368	0.18139597242953	0.751402724839126	-0.173238950428677	-0.253754184398202	-0.0736099376848181	0.829598760745341	0.644781064385189	0.623111086702731	0.914045299765312
Ferriphaselus	0.53902488407787	0.548743620157608	0.295236769123251	0.198303132672	-0.0220517970462073	-0.0433557305234768	-0.0656514524090624	0.83293028444704	0.833129975342518	0.759800508773072	0.649027975984376
Rhodospirillum	0.546332375858849	0.184745718340718	0.974351202509567	0.850676147774861	0.141565326447571	0.00380614262929954	0.0273857194672063	0.840728722211036	0.51318255094644	0.999366353034691	0.954301041773379
Chania	0.546473669437174	0.95200553888258	0.335397352496515	0.465885124214204	-0.00211366273380339	0.0378675099835913	-0.0347913957405934	0.840728722211036	0.985588389069791	0.798565124991704	0.818171553807323
Massilistercora	0.54913896222319	0.225566520921978	0.228729842967003	0.589023533879498	-0.129895740859943	-0.145450634450401	-0.0799629093880948	0.842013790581697	0.563916302304946	0.681269159506297	0.858843463497057
Kushneria	0.552135447718664	0.802841124605757	0.813911309348446	0.159904174011427	0.0147654405908214	0.0156587873279513	0.116604094879064	0.842013790581697	0.962309567164435	0.974734342988867	0.589120641094731
Sulfuricaulis	0.55218611557109	0.260395268594923	0.305378238465038	0.912410371630602	0.0279724408353146	0.0284156865001043	-0.003704096433025	0.842013790581697	0.626380371190537	0.76835388160778	0.981086421108175
Staphylospora	0.553316496379226	0.279215348101433	0.684682479029811	0.677236349715362	-0.052040449586385	0.0216560865139572	-0.0271212184901658	0.842013790581697	0.641492683443365	0.940756397444138	0.884614862954678
Frankia	0.553923696107998	0.376744143855086	0.560486695053145	0.175752668282596	-0.0891441958612976	-0.0661634230969614	-0.192101223946815	0.842013790581697	0.722523015612494	0.909434091692352	0.615134338989086
Beggiatoa	0.554526224940232	0.327501500248874	0.841318473002573	0.499793005839448	-0.039756797297112	-0.00903646208966591	0.0373952255409883	0.842013790581697	0.672290469719096	0.982571925541607	0.835726741242389
Acidithiobacillus	0.560208364451921	0.859508770475163	0.877141072303302	0.171926206046652	0.0141964394580683	0.014121797171818	0.156750053753926	0.84880055219988	0.970413127955829	0.985334815838856	0.615134338989086
Salinivirga	0.564535400890542	0.764539681501248	0.174527055824482	0.920829835724658	0.0196786465204334	0.100935920617561	0.00894264789776111	0.853509245406866	0.938908380791006	0.621203534215897	0.982106084876935
Oenococcus	0.571508991780323	0.550989797745768	0.753487690673387	0.167795099978806	0.0419233908739383	0.0247197694817865	0.134913663703086	0.857747876161076	0.833129975342518	0.955387893860954	0.611752968672729
Aminobacterium	0.572346023602112	0.520012846247797	0.244274072995327	0.750556229176515	0.0470311244391906	0.0952977994925663	-0.0314045711288353	0.857747876161076	0.812171036459924	0.700786274986594	0.914045299765312
Candidatus Arthromitus	0.572671940669049	0.931381369199978	0.455137162017455	0.244928675105917	0.00918115774091626	-0.0896110011677865	-0.172192399524943	0.857747876161076	0.985588389069791	0.889932998358151	0.714375302392257
Weissella	0.574241717103537	0.194282391716412	0.919970666650806	0.591308300614161	-0.312930418464122	-0.0270035886901058	-0.178353809956435	0.857747876161076	0.524703347420481	0.985334815838856	0.858843463497057
Candidatus Nucleicultrix	0.575254017157844	0.197706261049638	0.978798118507052	0.761168128643062	0.0618744469034051	0.00140519375213825	0.0195681863830229	0.857747876161076	0.524703347420481	0.999366353034691	0.917070034509713
Martelella	0.57630042553717	0.391726900593366	0.199346634475617	0.402063088263291	0.0244880947218444	0.0411773484437285	0.0326215376280127	0.857747876161076	0.727529031779777	0.653044314343046	0.777470060177635
Anoxybacter	0.577161938181787	0.307652679292362	0.847819204324473	0.255451310729546	-0.103671849137395	-0.0218085458314461	-0.160570483758578	0.857747876161076	0.644781064385189	0.982571925541607	0.720679707717848
Alloprevotella	0.577639207130029	0.667366215918801	0.731437090278894	0.279211156982066	-0.0425712151590973	0.038229694491098	0.149482800573692	0.857747876161076	0.883093291385937	0.955387893860954	0.734739074497125
Hydrogenophilus	0.578367139354325	0.543255832737491	0.181592373839082	0.432039566801034	-0.0290597905166246	-0.0727609851568336	-0.0524614569303395	0.857747876161076	0.830303674489616	0.623111086702731	0.794122879256584
Pseudopedobacter	0.581116472720234	0.917705340646488	0.357949519307523	0.316483450754904	0.00436784596703402	-0.0436568678333761	-0.058253807736008	0.859991966595745	0.982253422710309	0.812637693883216	0.755278298462084
Mucinivorans	0.582337417380547	0.295003942898569	0.635000944269227	0.233221175615024	0.0776380292135592	0.0390919282614521	0.120994423781603	0.859991966595745	0.644781064385189	0.934841964970107	0.686325217779021
Bdellovibrio	0.583871181734022	0.50796732439598	0.247801186123733	0.281743336896823	-0.033263693627248	-0.0655152038579777	-0.0748672403341495	0.860441741502769	0.807153893450174	0.702270567961997	0.734739074497125
Thermoanaerobacter	0.586047507650887	0.198637695809182	0.32948649352008	0.599577779853648	-0.109732228974588	-0.0937734323628564	-0.0621904503387972	0.861834570074834	0.524703347420481	0.792579194034558	0.867157946069326
Legionella	0.591291396503207	0.248257949909781	0.994144539038202	0.431414078869476	0.140171755731829	0.000990927602246521	0.131046242743869	0.867723223379968	0.599243327368437	0.999366353034691	0.794122879256584
Geosporobacter	0.596291224037932	0.262755499832227	0.48735438152067	0.274578805515243	0.107008052504152	0.074400470791884	0.145028093836177	0.868112823975994	0.629893321515613	0.900540582166973	0.734739074497125
Hyphobacterium	0.596919884908093	0.198316218787816	0.651911246029216	0.983037914853626	0.107909348508641	0.0426675012989009	0.00249203224446941	0.868112823975994	0.524703347420481	0.935306755230829	0.995841592471111
Noviherbaspirillum	0.59771081603412	0.47433520087581	0.420232544255443	0.204580234717223	-0.0441313499271012	-0.055371009423809	-0.1067143912006	0.868112823975994	0.794439525433834	0.8601449807978	0.656909010559889
Lentibacillus	0.599193990135932	0.422506787686926	0.498625369589659	0.817078947656835	-0.032502658932305	0.0304734778128672	-0.0126427718715473	0.868112823975994	0.756406013761761	0.904242898219589	0.945152346818795
Haematospirillum	0.599297911203725	0.298705911736554	0.68944004555549	0.636558585405023	0.219120408447868	0.0945967565905356	-0.138262856299479	0.868112823975994	0.644781064385189	0.940756397444138	0.875145960541534
Cutibacterium	0.60029571445547	0.953163406373413	0.964371738766736	0.20333150388251	-0.00374499883173368	-0.0031971975091322	-0.113119814779686	0.868112823975994	0.985588389069791	0.999366353034691	0.655908077040353
Roseomonas	0.600808651041437	0.190305398451532	0.437478736778264	0.514412114364492	0.036542986480918	0.0239325801589384	0.0244258823704626	0.868112823975994	0.520366323890908	0.87246471722161	0.8390830934897
Oryzomicrobium	0.601478170897653	0.913968168129614	0.674386332542823	0.224968905253901	0.00852756094111516	-0.0369395995662775	-0.130923303023565	0.868112823975994	0.979751481915359	0.939455487955981	0.684687972511874
Proteus	0.604418982892533	0.527375330235961	0.898921809845672	0.201638648429464	0.0890578284750762	0.0198666403941993	0.24558298290192	0.870372844701397	0.814943424372696	0.985334815838856	0.653458582873263
Candidatus Blochmannia	0.605662444941175	0.191431512820882	0.509974728882497	0.835880170895209	0.189522598142964	0.106238857882152	0.0408917628090503	0.870372844701397	0.521408789784503	0.90805646355991	0.94896971450427
Saccharibacillus	0.606774211734688	0.897790238301887	0.387464799117623	0.254607204463361	-0.00467330723892999	-0.0354689344481895	-0.0576940826147654	0.870372844701397	0.975473855348191	0.839845224025272	0.720679707717848
Dokdonia	0.611236640893782	0.220879482522792	0.364291495238993	0.453100323049521	0.0772116551171226	0.0639560498609112	0.0649159178699136	0.874980876535067	0.55617135887034	0.814709414272508	0.813256990088883
Nonomuraea	0.614889454233522	0.427271284457931	0.227657875780112	0.397844277248109	-0.0663545359581815	-0.112804674500407	-0.0957376814635301	0.876447131102704	0.758941956883733	0.681269159506297	0.777470060177635
Chlorobaculum	0.615183603137352	0.671009914042592	0.465541720219384	0.435793868928893	0.0297332516000966	0.0569693205012147	-0.0740685199482882	0.876447131102704	0.886239509112857	0.891314976255121	0.79649009987004
Thermincola	0.616017126432186	0.837693230115555	0.20496733260095	0.63046130023208	0.0167015374172067	0.116167072494467	0.0531741369352097	0.876447131102704	0.968452216748466	0.653044314343046	0.875145960541534
Endomicrobium	0.621106661108048	0.362325743502391	0.670820794188613	0.827339775030791	-0.122872856347231	0.0653532194768523	0.0416349560673156	0.878301641232227	0.706710612129425	0.939455487955981	0.94896971450427
Paeniclostridium	0.623854926938885	0.720498944159347	0.210032750214449	0.968286351105219	-0.0641461719508474	-0.255743179988288	-0.00990763071318708	0.878301641232227	0.920466054624857	0.657139681197094	0.994207752912217
Thauera	0.623979057416307	0.807414299522608	0.746193928681899	0.264087587307177	-0.014864390996448	0.0219964880862421	-0.09321077889923	0.878301641232227	0.962720512559889	0.955387893860954	0.730677119031716
Moraxella	0.62440693817621	0.945064872600642	0.710226388211383	0.274182552178406	0.00452109559274881	-0.0271495072416026	0.0978997945705084	0.878301641232227	0.985588389069791	0.944938043425937	0.734739074497125
Thermomicrobium	0.624598673306057	0.210689446368812	0.399584932188613	0.557817913055958	0.0696182702075895	0.051842444395261	0.0437883685166303	0.878301641232227	0.54022934966362	0.850180706784283	0.858843463497057
Aquicella	0.624848881905213	0.294748223158391	0.771761409628841	0.683818601859599	0.0686555945497171	0.0211059317325977	-0.0362834336289226	0.878301641232227	0.644781064385189	0.959561255311169	0.887188951257807
Bacillus	0.631420784300477	0.232480840574032	0.565904173257078	0.956799337210095	0.19677925400149	0.105918391546983	-0.0123069375276156	0.884643704755199	0.575040948416333	0.911094400980188	0.992236349699358
Hungatella	0.632725956805861	0.440557779948085	0.255978895437881	0.36089170730748	-0.0943987271412331	-0.156500361173475	-0.154007565425288	0.884643704755199	0.772006455530565	0.708242003187814	0.777470060177635
Sutterella	0.633152137260507	0.582580623639064	0.239863306352637	0.382149030011498	0.135705667207161	0.325944314916257	0.294645934304261	0.884643704755199	0.851254876354372	0.699601310195192	0.777470060177635
Thiomonas	0.640501410281613	0.883373681294467	0.257830033338735	0.464616556323071	0.0208933730191422	0.180798001847494	0.141494233666458	0.886728214853636	0.975473855348191	0.710555209988639	0.818171553807323
Melioribacter	0.640733014214008	0.998244678938361	0.662393279697589	0.312713438006767	-0.000311699620692211	0.0698092803179288	-0.200210297803355	0.886728214853636	0.998244678938361	0.939455487955981	0.755278298462084
Pedobacter	0.64107189315881	0.623013015018982	0.388345617286135	0.874138717614869	0.033950754188495	-0.0676528645453764	0.0153007516106312	0.886728214853636	0.861102156834613	0.839845224025272	0.96210236215473
Sporomusa	0.642065286725721	0.620127069228919	0.406973939752331	0.236834223547152	-0.0311916406242368	-0.0586524466544708	-0.103173544678896	0.886728214853636	0.861102156834613	0.853396479056797	0.693656721686219
Pseudodesulfovibrio	0.642226894177246	0.392414922201274	0.755872762323724	0.46997483424544	0.0553477572653136	-0.0226470728081932	0.0652418494854223	0.886728214853636	0.727529031779777	0.955387893860954	0.818171553807323
Candidatus Methylopumilus	0.642244578472562	0.980112360020549	0.497007147074654	0.4016811812912	-0.0011940220655622	0.0364034596307448	-0.0549688308517657	0.886728214853636	0.994756963647745	0.903649358317552	0.777470060177635
Sporosarcina	0.64386540772008	0.305231670704129	0.267517196875184	0.591595808086589	-0.0413621092030596	-0.0498303871672098	-0.0291620021584493	0.887216113000111	0.644781064385189	0.721229460826759	0.858843463497057
Terriglobus	0.652446571003861	0.604128847951661	0.502081907132939	0.544528606261252	-0.0338202357795284	0.0487757130993969	-0.0535558338536477	0.89563344804792	0.859532913752363	0.906255831003939	0.858843463497057
Lysinibacillus	0.652532940720627	0.213254423650018	0.486253029772424	0.6766333139719	-0.0984525292487374	-0.0621290775246616	-0.0460463645396825	0.89563344804792	0.543138841146794	0.900540582166973	0.884614862954678
Halocella	0.657425890954013	0.665432019555091	0.554481087864422	0.448688709237944	-0.019217387017436	-0.0300077095143912	0.0478383188549562	0.900583412265772	0.883093291385937	0.909434091692352	0.809489939346806
Candidatus Cyclonatronum	0.660457838591461	0.585041553874077	0.423928597678916	0.834968970033438	-0.0467298468594198	0.0774449818552712	0.024831565033356	0.902969701199263	0.851254876354372	0.8601449807978	0.94896971450427
Desulfofarcimen	0.66232985863682	0.87147257263649	0.359919290871379	0.618197948226525	0.0221682615197297	0.143413906662867	-0.0964787895413698	0.903586134378862	0.975473855348191	0.812637693883216	0.875145960541534
Rhizobium	0.66349039010105	0.719326961841	0.925047799934932	0.250071960027036	0.0174433519443138	-0.00507721003066854	0.0761826348698474	0.903586134378862	0.920466054624857	0.985334815838856	0.720371901312451
Malaciobacter	0.665394313102922	0.689279313861941	0.55677110308799	0.439325560859712	0.01287635959983	-0.0211511537281346	0.0340680145028839	0.903891312334112	0.900178208401788	0.909434091692352	0.796704384978752
Flavonifractor	0.667937043003927	0.391924291269826	0.968181551498407	0.59260198981297	-0.0967938074121874	0.00501771580799124	0.0825359616042234	0.903891312334112	0.727529031779777	0.999366353034691	0.858843463497057
Symbiobacterium	0.669105710437926	0.90056697331362	0.466621391346212	0.471319469392953	0.00668609098656269	-0.0434913244734353	0.0523630716389817	0.903891312334112	0.975473855348191	0.891314976255121	0.818171553807323
Collimonas	0.669144943137731	0.388252244105963	0.779130752874813	0.714153988713421	0.0578008735373805	-0.0213524913889707	-0.0346481402309027	0.903891312334112	0.727529031779777	0.963589270339875	0.901594411460491
Gallibacterium	0.670802598429553	0.475528801652538	0.529234301867356	0.852054501583374	0.0476736823645515	-0.0470536963334682	0.0170685885664674	0.903891312334112	0.794439525433834	0.90805646355991	0.954301041773379
Sterolibacterium	0.673841061159361	0.74400533659589	0.794617651435875	0.340662784391161	0.0352276751662126	0.0316293132174682	-0.143557613018794	0.903891312334112	0.933340027987676	0.974137225928393	0.762242831504071
Empedobacter	0.6748067376414	0.773695845941084	0.847098482018736	0.324865740114543	0.0117452030052121	0.00892036814606676	-0.0567315646105065	0.903891312334112	0.946369263417139	0.982571925541607	0.755278298462084
Anaeromyxobacter	0.675060083207062	0.330648016531281	0.541808261031276	0.308910570153683	0.0357924149627129	0.02494252022021	0.0509981358728958	0.903891312334112	0.676764946116656	0.909434091692352	0.755278298462084
Lentilactobacillus	0.675580727997966	0.472810552663731	0.940973526975148	0.480529219530665	0.029479438973474	0.00337202789944381	-0.0392179572403105	0.903891312334112	0.794439525433834	0.989011214538444	0.820127346617575
Schlegelella	0.678132665673249	0.372761408956587	0.968517343147194	0.631263712446404	-0.0864213605560998	-0.00427761086983199	0.0640964629257839	0.903891312334112	0.719719031678562	0.999366353034691	0.875145960541534
Cellulosilyticum	0.679186645059486	0.394265645436173	0.913013440182607	0.585766156284743	0.116689627450867	0.016781425197959	-0.103450806677892	0.903891312334112	0.72819512349689	0.985334815838856	0.858843463497057
Hyphomonas	0.680243387803664	0.475077512263707	0.575747038899616	0.246957004710276	0.0457427308637472	0.0401224254022855	0.1025831069614	0.903891312334112	0.794439525433834	0.911111366041327	0.717302503307857
Octadecabacter	0.681257827253289	0.562082192280441	0.991126051234263	0.411500659902843	0.0272180656669544	0.000579738477545013	-0.0523200971079692	0.903891312334112	0.840721227769891	0.999366353034691	0.782745820467364
Chromobacterium	0.681792304160587	0.584573856712982	0.936532168532487	0.399296360290954	0.0173938729254984	-0.00286286208141232	-0.0376755168311022	0.903891312334112	0.851254876354372	0.98794352394837	0.777470060177635
Pelosinus	0.683538735431581	0.4892956742891	0.527691407436409	0.947765515610577	0.0473531665785702	-0.0484482236588553	-0.00615269971749139	0.904493600760125	0.798152571489932	0.90805646355991	0.991682901236777
Morganella	0.685063910991972	0.244173515002637	0.453527726793	0.693870561752255	0.171169603030018	0.121947814611192	0.0777205943363596	0.904720850114555	0.594147911071086	0.889932998358151	0.887951358732319
Desulfococcus	0.686295387729755	0.606871061749392	0.281455222470285	0.397993131624924	-0.0509201911724839	-0.120315100782032	-0.115701874065311	0.904720850114555	0.860840449884726	0.736626753854671	0.777470060177635
Oceanimonas	0.691931519816151	0.267750033941345	0.410849447774487	0.550871607775982	0.0576570530489475	0.0474364264693526	0.0417778446284804	0.906739526238695	0.634670164851001	0.853396479056797	0.858843463497057
Calditerrivibrio	0.692728680928528	0.441146546017466	0.50911533385687	0.27578477700975	-0.0881024761312988	-0.0840649541019373	-0.170024682465427	0.906739526238695	0.772006455530565	0.90805646355991	0.734739074497125
Ciceribacter	0.692916137609085	0.763517451625418	0.857528755448813	0.289514271626043	-0.0344665631517996	0.0230967042957346	-0.168847037499807	0.906739526238695	0.938908380791006	0.984122133311527	0.745073493155258
Candidatus Phytoplasma	0.693008066482431	0.475057317219244	0.756303670647403	0.584812838887457	0.0589015506966777	-0.028701606285573	-0.0623019725632522	0.906739526238695	0.794439525433834	0.955387893860954	0.858843463497057
Ralstonia	0.696384641838023	0.347001418034461	0.849703557902149	0.872087293537384	0.104204852389711	-0.0232354940902968	-0.0240221952040417	0.907737087090867	0.691347341779664	0.983128083523147	0.96210236215473
Faecalibaculum	0.697448839597637	0.949189883761237	0.744482080768733	0.276378486819968	-0.0110267726408307	0.0634239002271419	0.262505323734802	0.907737087090867	0.985588389069791	0.955387893860954	0.734739074497125
Adlercreutzia	0.699874881829593	0.61293738342389	0.839722666715009	0.325293114674166	-0.0565111563823888	0.0252669805667715	-0.151621136162271	0.907737087090867	0.860840449884726	0.982571925541607	0.755278298462084
Candidatus Hodgkinia	0.700184561221555	0.444273547080364	0.678473567337499	0.75604604080588	0.0444777026553241	-0.0269240669464586	-0.0247381617743406	0.907737087090867	0.775539857746271	0.939455487955981	0.914045299765312
Undibacterium	0.70025432432724	0.315309140974094	0.927062428381983	0.829675892292142	0.0649819998005768	0.00654895221378751	-0.01873181988125	0.907737087090867	0.654944803210284	0.985334815838856	0.94896971450427
Coraliomargarita	0.706242903294569	0.726021685642719	0.490604151179447	0.506681136630688	0.0376124974782084	-0.0827730018873591	-0.0973866254228795	0.911076453825839	0.920679673822289	0.900540582166973	0.836501876512929
Turneriella	0.706419110673229	0.306274685289716	0.349587990592055	0.651178324104105	-0.109378860510418	-0.113220306027915	-0.0674779012406856	0.911076453825839	0.644781064385189	0.812637693883216	0.87863691458114
Cupriavidus	0.706735020610615	0.460308861998151	0.521051498304807	0.281591676154225	-0.0795072075562204	-0.0774426214467252	-0.160391228087245	0.911076453825839	0.791686003436623	0.90805646355991	0.734739074497125
Granulosicoccus	0.712507887009033	0.75617815512154	0.832694358783654	0.34425461081681	0.0332986031216687	-0.0257121768598303	-0.143482143844396	0.913033533606291	0.938908380791006	0.978537638495067	0.765010246259578
Sneathia	0.71637636870556	0.885458348616627	0.323325894041593	0.932427641365924	-0.0129581859448886	0.0995308047481951	0.0103413580825506	0.913033533606291	0.975473855348191	0.788353630808871	0.982980947223112
Desulfurivibrio	0.716544429080505	0.888149958295609	0.804956041655686	0.337147752919452	-0.00711852638125083	-0.0139105837741967	0.0661628908849639	0.913033533606291	0.975473855348191	0.974734342988867	0.761301377560052
Thermotoga	0.716983284647262	0.955462052596389	0.803033144202729	0.271696958151556	-0.00135898265386159	-0.00693067051641484	-0.0382171488190249	0.913033533606291	0.986465246043469	0.974734342988867	0.734739074497125
Desulfobacterium	0.717174839313399	0.307569952796819	0.525744479207488	0.954545123728485	0.106701480802671	0.0737253322292996	-0.00806655668904187	0.913033533606291	0.644781064385189	0.90805646355991	0.991909300027748
Hymenobacter	0.718730166845525	0.948164506254534	0.644273661168612	0.281029753584606	0.00611553311627887	0.049152280051895	0.142731619394579	0.913033533606291	0.985588389069791	0.935306755230829	0.734739074497125
Belliella	0.718907092922783	0.271094827557785	0.688828905217442	0.517834137696501	0.0862195395076794	0.0346698695854448	0.0682455232866665	0.913033533606291	0.634670164851001	0.940756397444138	0.8390830934897
Bibersteinia	0.71905292456811	0.631064866365938	0.667886138352146	0.438097466969428	0.0270763480774765	-0.0269156201620736	0.0593734409232742	0.913033533606291	0.861102156834613	0.939455487955981	0.796540849035324
Ruminiclostridium	0.719992157929533	0.391525533079266	0.858675117581544	0.526099110612176	-0.14506937228383	0.0337949179442539	-0.148696845879008	0.913033533606291	0.727529031779777	0.984122133311527	0.845363227524012
Candidatus Desulforudis	0.721896526931934	0.305250463570352	0.662302349501507	0.904647503368413	-0.0819264083034622	-0.0393110353254173	0.0133332009533144	0.913793072065739	0.644781064385189	0.939455487955981	0.979730850489888
Jonquetella	0.723729177650874	0.934597676185312	0.307205031326724	0.927480119984246	-0.00294138092662407	-0.0413272606614203	0.00449436661501182	0.914459249739371	0.985588389069791	0.76835388160778	0.982106084876935
Labrys	0.729339174260376	0.280423944476671	0.578645997356248	0.914853756448835	0.149219846650237	0.0859739958951159	0.0203646027890052	0.91933127899193	0.641492683443365	0.912279725561652	0.982106084876935
Polaromonas	0.731374888487415	0.567850330601475	0.510804152655518	0.904380470406712	-0.0445172801140418	0.0570628855212294	-0.012650790831987	0.91933127899193	0.846142299133053	0.90805646355991	0.979730850489888
Finegoldia	0.731525031997864	0.273354684004214	0.509291853736674	0.628681854146824	-0.137936242518367	-0.093695459985691	-0.0848984228381466	0.91933127899193	0.63570856745166	0.90805646355991	0.875145960541534
Mariprofundus	0.734078867242235	0.557190158157197	0.303262622499374	0.985642647251865	0.0406850853843017	0.0797605250896874	-0.00168496649769749	0.919699408337707	0.836980924270467	0.76835388160778	0.996396363810455
Candidatus Symbiobacter	0.735188977567356	0.303957263233356	0.743565656341812	0.473370684702808	0.0308116675409258	0.0108431145486385	0.0289961245814033	0.919699408337707	0.644781064385189	0.955387893860954	0.818171553807323
Candidatus Ruthia	0.735759526670165	0.266659023396789	0.641809798286006	0.766408584078341	0.101926874532909	0.0472825009752358	0.0368174227064527	0.919699408337707	0.634670164851001	0.935306755230829	0.91890651794758
Stenotrophomonas	0.739123768627856	0.275330963846386	0.608019639280175	0.590667181865448	-0.182732335736546	-0.0950251690378683	-0.121282585532784	0.922257821817289	0.638184353286326	0.921241877697235	0.858843463497057
Leuconostoc	0.743481107131328	0.312788570630289	0.710303881068057	0.934247048161864	0.160526915001641	0.0658226674989425	-0.0179271828281557	0.925331003962553	0.65358805803344	0.944938043425937	0.983417945433541
Bernardetia	0.744719021571494	0.414383506976977	0.536835904140776	0.342023033212492	-0.0827307497320886	-0.0708471664121335	-0.135467859634766	0.925331003962553	0.752918079556922	0.909434091692352	0.762471730091543
Limosilactobacillus	0.746057524065599	0.410054088013975	0.868253480319573	0.380882470933594	0.113362103379194	0.025827263813589	0.169996645527893	0.925331003962553	0.751408014685294	0.985334815838856	0.777470060177635
Candidatus Izimaplasma	0.746874310341204	0.386239531258981	0.787414666978605	0.86983440492336	0.2471284604317	-0.0855037698873282	0.0634887568393539	0.925331003962553	0.727529031779777	0.968676818170958	0.961902185539261
Coriobacterium	0.755050622917696	0.615489204655227	0.536018335650816	0.304450317718535	-0.0299501560146956	-0.041261631955773	-0.0841108900059419	0.932917236236451	0.860840449884726	0.909434091692352	0.753057322978709
Croceibacter	0.756265681877619	0.638654756471827	0.584181970567623	0.608774120196174	0.0753578831019973	-0.0989467984975521	-0.114042967252355	0.932917236236451	0.862635591978654	0.91482635211932	0.873241565855167
Syntrophus	0.757156588857607	0.283755246605888	0.626927470570881	0.731136679297433	0.0702367923172817	0.035228086598952	0.0302819874096922	0.932917236236451	0.643567468322608	0.932663273872365	0.914045299765312
Spirosoma	0.758328439169343	0.943291053583746	0.371279749797271	0.8593402040041	-0.00945751103618465	0.133562260659466	-0.0322388300046423	0.932917236236451	0.985588389069791	0.827693709739139	0.957240709439057
Planococcus	0.76085323518147	0.729855508051558	0.292451448079602	0.836449019784478	0.026508994154512	0.0926977147202562	0.0224107164282373	0.934381166012332	0.921662847129403	0.755409644486056	0.94896971450427
Alcanivorax	0.762759771290015	0.322799924530208	0.6276180437198	0.989907817428002	0.0593841076223362	0.0322622829670582	-0.00102215816029514	0.935082031353784	0.66790534426243	0.932663273872365	0.997029456402304
Ehrlichia	0.766219472372744	0.869427138405817	0.918954246547057	0.304100749137493	-0.00629747107760248	-0.00435335886573614	-0.0541298526290962	0.93740845502045	0.975473855348191	0.985334815838856	0.753057322978709
Ephemeroptericola	0.768867270070018	0.788333811172599	0.300223660100922	0.726770689071666	0.0078701416113604	0.034011059527786	0.0138737443704066	0.93740845502045	0.951437358311758	0.764205680256892	0.911719502419652
Desulfobacula	0.769906146672484	0.953204770571784	0.692219523839442	0.322676546405876	-0.00202859148191844	-0.0152411311756053	-0.0465840202186667	0.93740845502045	0.985588389069791	0.942711413789124	0.755278298462084
Rubrobacter	0.770446724325101	0.802558794084813	0.979998133415196	0.380434930435144	-0.0354554677442714	0.00403503751723555	0.175856768026037	0.93740845502045	0.962309567164435	0.999366353034691	0.777470060177635
Flammeovirga	0.772212280497031	0.675596113110096	0.476424336136334	0.99958446074148	-0.0431823777700219	0.0825818013557407	7.39391468074077e-05	0.93740845502045	0.890616344966228	0.898913841766668	0.99958446074148
Chitinimonas	0.773839284054393	0.881926302375406	0.328500839953476	0.644043333573298	-0.0201484551884033	-0.148446175993849	-0.0850531065008196	0.93740845502045	0.975473855348191	0.792579194034558	0.877101816150405
Draconibacterium	0.774539513152122	0.323457016721377	0.637759940204544	0.955066954598146	0.113127968965859	0.061617358372324	0.00914589929162842	0.93740845502045	0.66790534426243	0.935306755230829	0.991909300027748
Clostridioides	0.775370707795487	0.455018915956085	0.921947515925057	0.406211099037152	-0.0684614676398717	-0.0101798310270289	-0.107540728003374	0.93740845502045	0.788399111805097	0.985334815838856	0.778288180071717
Desulfitobacterium	0.77724101739469	0.813715707714951	0.853627647683638	0.403284690246715	0.0123313212056804	0.0108250593478702	-0.0604818428628832	0.938049503752212	0.963791870389959	0.983658712277513	0.777683975682371
Bisgaardia	0.779086761066362	0.99425193750576	0.938463322103606	0.331324216575727	0.000329096142100026	0.00392424833826342	0.0604559998870165	0.938658748272726	0.996892288796852	0.98794352394837	0.757931214388917
Agromyces	0.783637515542231	0.499690249738063	0.468384836639056	0.379878373004964	-0.0285782177086268	-0.0349636596279527	-0.052627825309086	0.942519348590312	0.803106978178005	0.891314976255121	0.777470060177635
Bythopirellula	0.787433976591223	0.857371557531717	0.863290976748252	0.376693991208874	-0.0110183066968934	0.0117458468041991	0.0737398959213228	0.945295833680516	0.970413127955829	0.985334815838856	0.777470060177635
Rhodomicrobium	0.790612443807583	0.897063469728712	0.591799704607618	0.53718700869895	-0.0179643140137231	0.0845573497338411	-0.120588005404766	0.945295833680516	0.975473855348191	0.916657409598878	0.856562428449351
Gordonibacter	0.790888895259305	0.618112304608547	0.545370077626406	0.977919136731029	-0.102186690054898	0.139780486003399	0.00787275918779905	0.945295833680516	0.861102156834613	0.909434091692352	0.994975865860058
Murdochiella	0.792515815386171	0.572011416437414	0.805717932655262	0.563503223395003	0.0354740166918918	0.0175295654381942	-0.051160920886828	0.945295833680516	0.846142299133053	0.974734342988867	0.858843463497057
Opitutus	0.79269807767209	0.388792279661584	0.995376561103877	0.909938141170207	-0.0534048125927237	0.000397631257762305	0.00944623705223357	0.945295833680516	0.727529031779777	0.999366353034691	0.979933382798685
Acetobacter	0.798294711378872	0.427146423079324	0.461290833531045	0.47916591596187	0.0462977834108197	0.0480054065394694	0.0564434336330767	0.947704846987017	0.758941956883733	0.891314976255121	0.820127346617575
Paenalcaligenes	0.799612613489431	0.725759966800721	0.817823604649795	0.468169094830888	0.0150629314264613	0.011001313962652	-0.0422918509233364	0.947704846987017	0.920679673822289	0.97494769277947	0.818171553807323
Limnobacter	0.801210366297232	0.540980202473484	0.465013710418539	0.819897964598171	0.114870989182642	0.15434724109792	-0.0589716479704867	0.947704846987017	0.828634883438597	0.891314976255121	0.945152346818795
Ligilactobacillus	0.802988237471173	0.621490990581347	0.61461091753649	0.738321202700107	-0.148122513785937	0.168324585789065	0.13603679121663	0.947704846987017	0.861102156834613	0.926746603036067	0.914045299765312
Spiroplasma	0.804571806846853	0.360047655310807	0.520924850427019	0.85811805785143	-0.107462511852117	-0.0855686204766664	-0.0295009700950682	0.947704846987017	0.706710612129425	0.90805646355991	0.957240709439057
Microbacterium	0.805296171662739	0.639582674624173	0.917563181923783	0.351594756587057	0.0181794099321868	0.00446496308883212	0.0491704808622714	0.947704846987017	0.862635591978654	0.985334815838856	0.775933914262886
Arachidicoccus	0.805792992587473	0.901615463833462	0.603051619107074	0.527522369466539	-0.0118327460708111	-0.0556930318692588	0.0828155500422216	0.947704846987017	0.975473855348191	0.919686565087041	0.845363227524012
Panacibacter	0.808615455002387	0.943709578574499	0.683259822210378	0.471907817109534	-0.00385051337055034	-0.0247842224421771	0.0532948528538008	0.947704846987017	0.985588389069791	0.940756397444138	0.818171553807323
Rufibacter	0.809187608598831	0.568255768958157	0.602981401973375	0.669201719852957	0.0320375306490392	0.0324813448644575	-0.0324491937484721	0.947704846987017	0.846142299133053	0.919686565087041	0.884614862954678
Limnohabitans	0.809222195183907	0.717318634683228	0.583670513035733	0.591555967396407	-0.0104389981920741	-0.0176017404839884	0.0209698661892179	0.947704846987017	0.920466054624857	0.91482635211932	0.858843463497057
Candidatus Kuenenia	0.810427335045176	0.637881217560476	0.734328821675044	0.339819260006097	0.026020002577109	0.0209213408077832	0.0722415388668332	0.947704846987017	0.862635591978654	0.955387893860954	0.762242831504071
Lachnoanaerobaculum	0.813280116840323	0.347648949009202	0.758850955695272	0.632661437449933	-0.151641573027268	-0.0551396031619917	-0.105195122169129	0.947704846987017	0.691347341779664	0.955387893860954	0.875145960541534
Sphingobacterium	0.813660796654243	0.88920731330423	0.447394398540346	0.73524014573894	-0.00601012657478484	-0.0367222130894063	0.0199113530871088	0.947704846987017	0.975473855348191	0.887184359711734	0.914045299765312
Loigolactobacillus	0.816971838681454	0.944072973669702	0.953499428917364	0.375719079344027	-0.0043279271037282	0.00400294128761012	-0.0743707130183836	0.947704846987017	0.985588389069791	0.996783232884553	0.777470060177635
Salinibacter	0.817663127027119	0.78722158612525	0.990047669937921	0.366330762756503	0.0223339498811368	-0.00115194210325618	0.102517690608669	0.947704846987017	0.951437358311758	0.999366353034691	0.777470060177635
Capnocytophaga	0.818062901233684	0.667253298510269	0.963622911207421	0.391132763537589	0.0256458797970062	-0.00302364100523872	0.0695135049520887	0.947704846987017	0.883093291385937	0.999366353034691	0.777470060177635
Pseudothermotoga	0.818483894516803	0.362539318013409	0.626642287331588	0.581207543641838	-0.121564413018636	-0.0722796504303473	-0.100291827983062	0.947704846987017	0.706710612129425	0.932663273872365	0.858843463497057
Ichthyobacterium	0.821306181283672	0.590414471629587	0.362204229273662	0.873661385874099	-0.0536130691309728	-0.101935021795003	-0.0216873007524877	0.947704846987017	0.851254876354372	0.812637693883216	0.96210236215473
Cruoricaptor	0.822008812112324	0.680691414574106	0.415538469873671	0.88474758761766	0.0966730365104558	0.218460606932937	-0.0480676895675417	0.947704846987017	0.893210265205654	0.855520379151675	0.968155541730689
Candidatus Sneabacter	0.822288651738917	0.628270900918454	0.736029656783609	0.580010928744137	0.0298267956594874	0.0231591428756006	-0.0464952915911271	0.947704846987017	0.861102156834613	0.955387893860954	0.858843463497057
Candidatus Cloacimonas	0.82342326005741	0.809819241987095	0.488255447169093	0.720907934378281	0.0107006486334629	-0.0343844371308473	-0.0215174814265733	0.947704846987017	0.962720512559889	0.900540582166973	0.905988427405381
Lacticaseibacillus	0.828208275966433	0.613574891229599	0.635692536179673	0.772455226460646	-0.0549296200317056	0.0573266483007174	-0.0425420595836689	0.947704846987017	0.860840449884726	0.934841964970107	0.922728086215788
Catenovulum	0.828989241969266	0.47149001700098	0.409219825941472	0.691937468112578	0.0441863927528605	0.0564094832098423	0.0328449135942751	0.947704846987017	0.794439525433834	0.853396479056797	0.887951358732319
Jeotgalicoccus	0.829287502074346	0.95202450246464	0.918076209511085	0.393042337661112	-0.0023820915161036	0.00460194656256556	0.0474543731871959	0.947704846987017	0.985588389069791	0.985334815838856	0.777470060177635
Salicibibacter	0.831381756526906	0.790255938387407	0.976427693582628	0.373668947273358	0.0191917241589387	0.00237122861142157	0.0873223811242848	0.947704846987017	0.952115588418562	0.999366353034691	0.777470060177635
Tenuifilum	0.833302499515089	0.958478991662328	0.765328528117871	0.456261921869787	0.00471132211063674	-0.0300725348114013	0.0916138745697037	0.947704846987017	0.988122671816833	0.959561255311169	0.813850314095072
Peptoniphilus	0.836557466468958	0.703243362109837	0.485977728439502	0.775081272538386	0.0461051636633597	0.0959412935190903	-0.0486423703869146	0.947704846987017	0.909805228316969	0.900540582166973	0.924148815961878
Rhizobacter	0.838254075573519	0.96574187224813	0.965367920085639	0.402034419852322	-0.00584435178041376	0.0065740253120332	0.15510088662288	0.947704846987017	0.991230660665236	0.999366353034691	0.777470060177635
Commensalibacter	0.838832161331768	0.660202467881861	0.929029969219493	0.545963461481788	0.0308983203468878	0.00708856844279055	-0.0596623389631183	0.947704846987017	0.880269957175814	0.985334815838856	0.858843463497057
Mucilaginibacter	0.839878114450243	0.856365182328898	0.557946749297618	0.421372183134047	0.0159140735117178	0.0579092782006166	0.0978339838965394	0.947704846987017	0.970413127955829	0.909434091692352	0.788664513887254
Caldithrix	0.841126787911005	0.892254654065995	0.704566224078262	0.536511027396796	-0.00463936352128348	0.0149090953368741	-0.0302394085695483	0.947704846987017	0.975473855348191	0.944938043425937	0.856562428449351
Monoglobus	0.841173409055191	0.553936748012694	0.812039876351762	0.751036659617249	-0.092077717706385	0.042010137832834	0.0695630388149037	0.947704846987017	0.833883276578249	0.974734342988867	0.914045299765312
Dehalobacterium	0.84197622930238	0.762091548139662	0.695765735719589	0.570728932892821	-0.0372910352763374	0.0546931256464941	-0.0983870401686901	0.947704846987017	0.938908380791006	0.943868246131225	0.858843463497057
Desulfallas	0.84200642497766	0.387063510976988	0.788779694796351	0.629733181253741	-0.075100681825729	-0.0261495383183426	-0.0581963620939729	0.947704846987017	0.727529031779777	0.968676818170958	0.875145960541534
Aliivibrio	0.842103449751321	0.763067988783442	0.434546248101111	0.509372477359409	0.0143850421811474	0.0422813368895019	0.0440791907105858	0.947704846987017	0.938908380791006	0.869092496202221	0.838379364415402
Erythrobacter	0.84523062726763	0.475144410428049	0.873800195424147	0.783716925262146	0.0285008556399189	0.0071321140964959	-0.0152262353879242	0.949697334008574	0.794439525433834	0.985334815838856	0.926717113089754
Rickettsia	0.846606164134074	0.764357333090168	0.868317412803487	0.502431811777423	0.0149641303953438	0.00920551548408009	-0.045437538815511	0.949718453355531	0.938908380791006	0.985334815838856	0.835726741242389
Filifactor	0.850622602379695	0.704449191068282	0.81016671112025	0.513841690478188	-0.0339976898965989	0.0243647206014781	-0.0821571481802523	0.952697314665259	0.909805228316969	0.974734342988867	0.8390830934897
Euzebya	0.853494895574071	0.946318714383165	0.46765244503796	0.571788233969797	0.00497705050992315	0.0608680187948172	0.0584872582148592	0.953831577189703	0.985588389069791	0.891314976255121	0.858843463497057
Acidihalobacter	0.854360569854205	0.905702783937275	0.494888582124313	0.668023117401541	-0.0202705921832896	0.132006988380565	0.102125614087169	0.953831577189703	0.975473855348191	0.903649358317552	0.884614862954678
Pediococcus	0.857880283474487	0.50629997477238	0.576603335937582	0.484689029543238	0.061472608917268	0.0579630483672453	0.0893345044812604	0.956235984764555	0.807153893450174	0.911111366041327	0.820127346617575
Intestinimonas	0.861765714948537	0.85428670626718	0.716918405173574	0.557163329399844	0.0194007388989809	0.0434551757804002	-0.0872700865756894	0.958737166969198	0.970413127955829	0.946873365323588	0.858843463497057
Caloranaerobacter	0.862863450272278	0.611566464063459	0.932891602627764	0.629474569657394	-0.0543472201929259	-0.0101268395549652	0.0716065277539662	0.958737166969198	0.860840449884726	0.987933618516542	0.875145960541534
Candidatus Nardonella	0.867584391730419	0.736979417273326	0.767907109294674	0.561749481487651	-0.0203514382421031	0.0201796594816579	-0.0490793536128672	0.960998937417356	0.926185982210643	0.959561255311169	0.858843463497057
Sedimentisphaera	0.867886826254504	0.412870297204572	0.619596300315542	0.74404251319338	0.0474910385683494	0.0319476316257357	0.0255462150683768	0.960998937417356	0.752918079556922	0.926746603036067	0.914045299765312
Polynucleobacter	0.869667941730861	0.990048344272426	0.871119127871988	0.432636263784221	0.00122524381236589	-0.0177547620956239	-0.105045797587682	0.960998937417356	0.996892288796852	0.985334815838856	0.794122879256584
Granulicella	0.870390466175148	0.570422799872169	0.883394548620723	0.753362902172592	0.0546366173394036	-0.015764981749059	-0.0413837957861253	0.960998937417356	0.846142299133053	0.985334815838856	0.914045299765312
Abiotrophia	0.874794081552037	0.496642733254042	0.557581163429964	0.56445671599612	-0.0947532610723904	-0.0910872463636131	-0.109221861834839	0.964339932419568	0.801036666538777	0.909434091692352	0.858843463497057
Thiobacillus	0.879003959413866	0.937990865349237	0.726488829187551	0.485117335997388	-0.00355819004448785	0.0180677231982803	0.0446304865331614	0.967457188034129	0.985588389069791	0.954112908876709	0.820127346617575
Trueperella	0.88143306354597	0.817979019263823	0.900325046193933	0.484972330978444	-0.0169236016426515	0.0104753470744623	-0.0726821406433344	0.968607762138428	0.963948339199792	0.985334815838856	0.820127346617575
Atlantibacter	0.883245203036831	0.782633004072455	0.951217358138787	0.475718849392564	-0.0124983536363461	0.00316674223768967	-0.0460145003514287	0.969077808974579	0.951116498004719	0.996783232884553	0.820127346617575
Paracoccus	0.888700246926133	0.495027073570234	0.526150701418964	0.758934789645898	0.0232010300247676	0.0242434924833638	0.0144310096342263	0.972412830462729	0.800274714778669	0.90805646355991	0.915955780607118
Fuerstia	0.893109372504494	0.45918688180152	0.77004856570282	0.651446512382302	0.0748971027409884	0.0335408775197161	0.0643541299539613	0.972412830462729	0.791686003436623	0.959561255311169	0.87863691458114
Diaphorobacter	0.89315731226033	0.638994863841506	0.523160038118537	0.919843101007817	-0.0337128227954544	-0.0513548407912678	0.00988085340926067	0.972412830462729	0.862635591978654	0.90805646355991	0.982106084876935
Phocaeicola	0.899737453841869	0.528411309904114	0.921370800756561	0.783021229221799	0.0883040470555744	-0.0155596709467551	0.0536194376966549	0.972412830462729	0.814943424372696	0.985334815838856	0.926717113089754
Ornithobacterium	0.900228438835459	0.494682267170074	0.988266949245207	0.97546949565284	-0.0396011274515516	-0.000955419237301796	-0.00245829505480006	0.972412830462729	0.800274714778669	0.999366353034691	0.994207752912217
Sphaerochaeta	0.901301003759857	0.58222978865404	0.509913376835303	0.921936590991109	-0.0185131393439141	-0.0247400654236554	-0.00447508029141344	0.972412830462729	0.851254876354372	0.90805646355991	0.982106084876935
Collinsella	0.903388321725989	0.500220917836586	0.713721234372589	0.603431299364864	-0.301641758785769	-0.182271875678217	-0.314342388035147	0.972412830462729	0.803106978178005	0.945807048639399	0.870931772279185
Bacteroides	0.903438301104597	0.471511649279878	0.888679528108695	0.902761409900254	0.0861321970587462	0.0189523753357741	0.0205053245204787	0.972412830462729	0.794439525433834	0.985334815838856	0.979730850489888
Desulfuromonas	0.903932613599866	0.896020759683303	0.670264187201821	0.654552902858671	-0.00992755048979274	-0.0361610642919827	0.0464662035825425	0.972412830462729	0.975473855348191	0.939455487955981	0.881128907694365
Nitrosomonas	0.903990412434611	0.595155619163875	0.739851853127194	0.505689316821811	-0.0921063533745241	-0.0639705053572056	-0.156368126407943	0.972412830462729	0.851254876354372	0.955387893860954	0.836501876512929
Candidatus Profftella	0.904054828817742	0.840873058680639	0.640151279445068	0.747859277917358	-0.0242551114717605	0.063218136172545	-0.0531792787581944	0.972412830462729	0.968452216748466	0.935306755230829	0.914045299765312
Bartonella	0.907035134938766	0.582559390963171	0.618359747281685	0.90386283913322	-0.0289719410292622	-0.0292078426399001	0.00860416206934137	0.972412830462729	0.851254876354372	0.926746603036067	0.979730850489888
Acholeplasma	0.909018374124397	0.64797220549396	0.776532354299212	0.855158568456466	0.0352917804236599	-0.0245614997596078	-0.0193754219817401	0.972412830462729	0.870596053446779	0.962227057013657	0.956247600510426
Lacrimispora	0.909095368768672	0.624573637188721	0.744798704013382	0.502327969089224	0.0530261291288044	0.0398585897111457	0.101826555507153	0.972412830462729	0.861102156834613	0.955387893860954	0.835726741242389
Myroides	0.910075408594612	0.835197173884508	0.891441479039835	0.527748186325705	-0.012800887968336	0.00934264489674833	-0.0527291251321221	0.972412830462729	0.967943744568138	0.985334815838856	0.845363227524012
Brevibacillus	0.910418436347842	0.595745831854898	0.895789413220119	0.682922030507636	-0.043766139573501	0.0120025877984831	-0.0455929341551732	0.972412830462729	0.851254876354372	0.985334815838856	0.887188951257807
Desulfopila	0.912757225755911	0.510295536955111	0.628881521811081	0.908350459954196	0.0277579854742327	0.0226435781524802	0.00655388414651112	0.972412830462729	0.807153893450174	0.932663273872365	0.979730850489888
Streptomyces	0.91411473438513	0.730156364980363	0.847153636504275	0.667004942344436	-0.029800118711478	0.0187768908788761	0.0517946445342183	0.972412830462729	0.921662847129403	0.982571925541607	0.884614862954678
Cohnella	0.916291750634806	0.776022796002054	0.480162956577966	0.818402135459823	0.0231560594216057	0.0641219302396231	0.0253049825444374	0.972412830462729	0.946369263417139	0.900540582166973	0.945152346818795
Alcaligenes	0.919719120455646	0.968802265349829	0.582675994736452	0.827475389474056	-0.00156851436856405	-0.0249309859566526	0.0121957719704323	0.972412830462729	0.9922761568392	0.91482635211932	0.94896971450427
Planktothrix	0.920075435879676	0.522141373579799	0.649289684088915	0.678625973438089	-0.064773627127467	-0.0522383293009559	-0.0590138881902584	0.972412830462729	0.812219914457465	0.935306755230829	0.884614862954678
Furfurilactobacillus	0.92047176291511	0.491145745479335	0.824987486034529	0.790037737611698	0.0464556500886665	0.0165568979064983	0.0242625282358452	0.972412830462729	0.798152571489932	0.976698377788678	0.932590921295428
Candidatus Promineofilum	0.925101070096231	0.640822529217027	0.679073942387686	0.553400874664038	0.0357131627090945	0.0352282511823697	0.0614811880111303	0.972412830462729	0.862645712407537	0.939455487955981	0.858843463497057
Duncaniella	0.925463679211556	0.637413820244775	0.891558832394807	0.553545759854868	-0.0956280018980027	-0.0307715597649389	-0.163314087910915	0.972412830462729	0.862635591978654	0.985334815838856	0.858843463497057
Stanieria	0.926654571311612	0.553825978329741	0.966385817489443	0.963999973374313	-0.0467742545209232	0.00370162592466146	-0.00483359229254427	0.972412830462729	0.833883276578249	0.999366353034691	0.994207752912217
Christensenella	0.929089604088424	0.975491474800447	0.601419968083044	0.848487343800816	0.00402652018537019	0.078318674650152	-0.0355252756167604	0.972412830462729	0.994756963647745	0.919686565087041	0.954301041773379
Algoriphagus	0.930804460402836	0.834620679500534	0.749995972765087	0.678206986221593	0.0175371794821774	0.0298141178893564	-0.047306410247782	0.972412830462729	0.967943744568138	0.955387893860954	0.884614862954678
Aerococcus	0.9309394364149	0.685800233204646	0.556609300210235	0.65873162004691	-0.0368095075414629	-0.0603452399179893	-0.0558656061795798	0.972412830462729	0.897308716342528	0.909434091692352	0.884130000776203
Simkania	0.932037013539425	0.866740095622534	0.68227786265802	0.708159963218001	-0.0125939859821702	0.0342169237403068	0.0380678396735762	0.972412830462729	0.975473855348191	0.940756397444138	0.898028938863407
Aquiflexum	0.932111692816343	0.626894189085741	0.744711770561987	0.568858389571397	-0.026301120101595	-0.019644542079705	-0.0420442771641822	0.972412830462729	0.861102156834613	0.955387893860954	0.858843463497057
Chondromyces	0.932404664736127	0.529713225842252	0.918005467046237	0.816968166874757	0.0773242918516377	0.0142654906565964	0.0396294888604221	0.972412830462729	0.814943424372696	0.985334815838856	0.945152346818795
Methylobacterium	0.932839509816959	0.546876641002032	0.858998033504776	0.970790453684984	-0.0201995962422413	-0.00662633847082064	0.00166592668298809	0.972412830462729	0.833129975342518	0.984122133311527	0.994207752912217
Frateuria	0.933480715077098	0.735425862147632	0.693896435620397	0.777241775171415	-0.0276456810083028	-0.0358372135193053	0.031332747532813	0.972412830462729	0.925895869610327	0.94316020375588	0.924148815961878
Skermanella	0.933516317244219	0.855682160266312	0.529267195903491	0.970155127753908	0.00859516774331903	0.0331604915129581	0.00239358009615877	0.972412830462729	0.970413127955829	0.90805646355991	0.994207752912217
Deefgea	0.935827039360201	0.593558473718687	0.854377852949611	0.62210332768755	0.0127010613960726	0.0049726336700287	0.0166033710806756	0.973371363376137	0.851254876354372	0.983658712277513	0.875145960541534
Rhodovulum	0.937878641355457	0.630470450718485	0.703960868685302	0.890315591075593	0.0211328710951502	0.0186065517878497	-0.00823581962106954	0.974057936125846	0.861102156834613	0.944938043425937	0.972263515995187
Bombilactobacillus	0.940043573693793	0.61159292158948	0.593208295068988	0.777605218002209	0.032401283843114	0.0379333359596012	0.0243733938886551	0.974828999448109	0.860840449884726	0.916657409598878	0.924148815961878
Marinobacter	0.942441947101336	0.981967231257988	0.767602901258853	0.667405240496215	0.00108974791687872	0.0158621835793398	-0.0280855627697821	0.974828999448109	0.994756963647745	0.959561255311169	0.884614862954678
Slackia	0.944291950345725	0.811435860586192	0.999366353034691	0.65125779474627	-0.0314313486334483	0.000117226998430719	0.0820077815906525	0.974828999448109	0.962720512559889	0.999366353034691	0.87863691458114
Arcticibacterium	0.946032650757267	0.594955598537979	0.815991892844966	0.660447020685606	-0.0504039184912566	-0.0247077327423318	-0.0573452964603577	0.974828999448109	0.851254876354372	0.974734342988867	0.884130000776203
Roseivirga	0.949595576183644	0.981561603918768	0.596756812624158	0.924646258128587	0.00157634328710445	-0.0402259122193787	-0.00873545138187633	0.974828999448109	0.994756963647745	0.91830666825994	0.982106084876935
Desulfobacca	0.950115386119891	0.870773766451534	0.905261059553227	0.613531796496504	0.0100253533965458	-0.00816078977010997	0.0422051816676509	0.974828999448109	0.975473855348191	0.985334815838856	0.874713110499722
Crassaminicella	0.951245434601441	0.905212368630361	0.650599755205348	0.834425162181853	-0.00884244499708899	0.0376871405876448	0.0212928830408881	0.974828999448109	0.975473855348191	0.935306755230829	0.94896971450427
Taylorella	0.951389428687474	0.595878413448061	0.871683108177515	0.961958436483768	0.0368728573789561	0.0124827534326735	-0.00448851132661151	0.974828999448109	0.851254876354372	0.985334815838856	0.994207752912217
Sphingobium	0.951457826812201	0.907190685473817	0.617859738205861	0.908211966904331	0.0115776646636138	0.0562687034204135	-0.0160841336234381	0.974828999448109	0.975473855348191	0.926746603036067	0.979730850489888
Niabella	0.953088196371796	0.70003869479239	0.58974593037052	0.796501715506841	-0.0319431645560421	-0.0500639397556378	-0.0292903657046594	0.974828999448109	0.907457567323468	0.916657409598878	0.934313501023713
Labilibaculum	0.953939806602792	0.616115807703211	0.851818078004874	0.930194763247726	0.0537101486071703	0.0222677791873834	-0.0127294131512878	0.974828999448109	0.860840449884726	0.983658712277513	0.982106084876935
Thermoanaerobacterium	0.961161897446272	0.831457761998131	0.909870903035258	0.6618344577239	-0.0184942174912024	0.011013435831981	-0.0522453491400664	0.97894004773584	0.967943744568138	0.985334815838856	0.884130000776203
Magnetospira	0.961178905767564	0.680067152353192	0.938546347750951	0.771660014221424	0.0154988942249861	-0.00322080831218715	0.0147602891044985	0.97894004773584	0.893210265205654	0.98794352394837	0.922728086215788
Ethanoligenens	0.962158218346083	0.911167457422681	0.954139902757393	0.606983358587	-0.0138393505175883	-0.00814911949693868	-0.0906976513467369	0.97894004773584	0.978247270239075	0.996783232884553	0.87246067969384
Petrimonas	0.963666738360782	0.82348393263317	0.615973827369349	0.982192623613125	0.0193752151340588	0.0488370005397403	0.00266007152418848	0.979051838682942	0.96519223869784	0.926746603036067	0.995841592471111
Candidatus Midichloria	0.965344029799478	0.882193650389503	0.784046806877243	0.75518809076462	-0.00922460513044981	-0.0189883442293555	0.0262935203166143	0.979334522984978	0.975473855348191	0.967959020836103	0.914045299765312
Herbaspirillum	0.966889128388018	0.933290074237773	0.902657001519692	0.617802404337063	-0.0117025594561374	-0.0191248544172151	-0.0956945905135968	0.979450644092299	0.985588389069791	0.985334815838856	0.875145960541534
Desulfomonile	0.96825692244553	0.825304794286046	0.806847727636263	0.783737901355907	0.0243297991602682	0.0305018810092087	-0.0423682030382962	0.979450644092299	0.96519223869784	0.974734342988867	0.926717113089754
Proteiniphilum	0.970303223211339	0.991144933804933	0.662120952592712	0.975743894643848	-0.000995018983192785	0.0441663022326065	0.00378334916766226	0.980099466137065	0.996892288796852	0.939455487955981	0.994207752912217
Variovorax	0.971698613570176	0.713377946325495	0.749204598403152	0.704013451002863	-0.0222877960956495	-0.021578957336263	-0.031213666754495	0.980099466137065	0.919640078135997	0.955387893860954	0.894390954087122
Schleiferilactobacillus	0.983748474246731	0.834100883076678	0.826007770929853	0.952429063932468	-0.00837162323716966	0.00977699856885942	-0.00322779680458472	0.989977850728939	0.967943744568138	0.976698377788678	0.991909300027748
Paludibacter	0.984320834439059	0.859182047207694	0.80674342500063	0.981293780870974	0.0136215911170003	-0.021174698195259	0.00250297655969935	0.989977850728939	0.970413127955829	0.974734342988867	0.995841592471111
Thiohalobacter	0.989106718528167	0.980619960066235	0.745649691603592	0.945356975484844	0.00171316106131801	0.0256825069610143	0.00666266568276601	0.991652328053896	0.994756963647745	0.955387893860954	0.991682901236777
Methylibium	0.989550234739395	0.869183614915663	0.833131815881734	0.751297898497073	-0.0151171044035269	-0.0216799875078835	-0.0400492487560209	0.991652328053896	0.975473855348191	0.978537638495067	0.914045299765312
Aquaspirillum	0.990235681870962	0.935513692709584	0.753250220714034	0.995000569654713	-0.00442053138775724	-0.0191219724120145	0.000463509996015693	0.991652328053896	0.985588389069791	0.955387893860954	0.999577966764512
Cyclobacterium	0.997852364414301	0.943849424666183	0.843697208195217	0.973407343624132	-0.00348904686026487	-0.0108702465397894	-0.00223586550435923	0.997852364414301	0.985588389069791	0.982571925541607	0.994207752912217
