bugName	pval	p3M	p1Y	p2Y	s3M	s1Y	s2Y	Adjustedpval	Adjustedp3M	Adjustedp1Y	Adjustedp2Y
Veillonella parvula	1.90003057731758e-09	4.10252061488399e-10	8.94079026398014e-07	1.43740413822434e-05	1.20108466986828	0.963995354801899	1.01737516855417	1.85632987403928e-06	4.00816264074165e-07	0.00087351520879086	0.0140434384304518
Fusobacterium nucleatum	2.25717415869298e-08	1.16767975102437e-09	0.000196154744355098	0.00119045447932335	1.1672941335267	0.685561711078657	0.722085709430217	1.10262957652152e-05	5.70411558375406e-07	0.0518502682718708	0.0830767161642078
Lancefieldella parvula	3.66997006506775e-05	2.48251496483621e-06	0.133607781227489	0.252365719376366	0.728165195919756	0.22528155471675	0.207906445763334	0.0119518691785706	0.000808472373548325	0.574063852333917	0.691274091765086
Vibrio cholerae	5.27117701930591e-05	6.50078520096022e-06	0.0201091422634633	0.00223550618585627	1.00944540193536	0.524940115845437	0.867109492839163	0.0128748498696547	0.00158781678533453	0.400951673293951	0.114952081241136
Avibacterium volantium	8.15536433922404e-05	0.000851418690272879	0.631100118519861	7.20574137494746e-05	0.33554505917364	0.0506397243154627	0.572986979413983	0.0159355819188438	0.0126035766726758	0.904243740974825	0.0352000466166183
Mesorhizobium oceanicum	0.000125331992773869	1.49083737536699e-05	0.549247118181225	0.108939548003814	0.362206874254059	0.0492414416013644	0.16271054561463	0.0171374876308611	0.00242758019288925	0.890390340819585	0.48331269969085
Haemophilus influenzae	0.000150726408987278	2.97627205415521e-05	0.00980733050664036	0.00182660019655082	0.4668114909619	0.303438085833556	0.4622723374213	0.0171374876308611	0.00286313466315544	0.311018630394256	0.10497578776648
Haemophilus parainfluenzae	0.00015743359299103	0.00014918950637134	0.00801288441498991	0.000223697351442667	0.760791737049086	0.575077055414563	1.03784171381509	0.0171374876308611	0.00428700434484704	0.311018630394256	0.0411114962338168
Shewanella bicestrii	0.000197554892307106	3.20549618217167e-05	0.0380681977140686	0.00269691899582895	0.974091533839028	0.499867910106241	0.917926471397407	0.0171374876308611	0.00286313466315544	0.456703694582337	0.119767720860222
Marinomonas sp. SM1966	0.000203981521844643	1.43088296175737e-05	0.10694004695388	0.0409793529965009	0.627884544658628	0.235257745670891	0.371400929397859	0.0171374876308611	0.00242758019288925	0.543134407120906	0.356442241443135
Bacillus anthracis	0.000229252918050094	3.44705759368876e-05	0.173244132996708	0.00634223725825215	0.52714162576341	0.176634907567861	0.454016305353123	0.0171374876308611	0.00286313466315544	0.623575624920865	0.175581846707702
Corynebacterium sp. 2039	0.000235339193865203	4.55689669433143e-05	0.534575847897906	0.0169837736573465	0.471895064546693	0.0722223118512439	0.352736791328291	0.0171374876308611	0.00296805871357454	0.88767112135079	0.235535945635362
Zobellella denitrificans	0.000275683465513654	1.77843732326807e-05	0.120776852750881	0.159929056382858	0.35033243674406	0.127642828566518	0.141773253853602	0.0171374876308611	0.00248219037833272	0.553985845716482	0.565754687944192
Raoultella ornithinolytica	0.000282532865029994	0.000603636365947614	0.197321637258338	0.000190022587952813	0.207358830648224	0.081316599439016	0.312139695418509	0.0171374876308611	0.0103465391145758	0.627743173147756	0.0411114962338168
Candidatus Fukatsuia symbiotica	0.000290723071656895	4.10275182028416e-05	0.0526648870845574	0.00452218499831208	0.502585069956307	0.243126405548945	0.449031953503354	0.0171374876308611	0.00286313466315544	0.472051327354244	0.14727249144503
Butyricimonas faecalis	0.00031112295273128	0.000807494533732042	0.000151121821276062	0.00408543611784291	0.3894356943755	0.512266437817782	0.462151082542723	0.0171374876308611	0.0121372639916339	0.0518502682718708	0.137636934039052
Thiosulfatimonas sediminis	0.0003154610783761	6.99135716397504e-05	0.0458926403962249	0.00204723439063657	0.903233991729763	0.469622771804458	0.924432877908422	0.0171374876308611	0.00327502653940242	0.470012311149123	0.111119333313996
Izhakiella sp. KSNA2	0.000319653339430293	7.26390830190417e-05	0.492634409998529	0.0102003474319289	0.497794578046105	0.0868021050439585	0.413762904062646	0.0171374876308611	0.00327502653940242	0.862343451585385	0.201504515190061
Citrobacter rodentium	0.000347567086702694	6.88200523372382e-05	0.0480207110786196	0.00262479915476453	0.708349388260077	0.364852662126684	0.707070422034045	0.0171374876308611	0.00327502653940242	0.470012311149123	0.119767720860222
Escherichia fergusonii	0.000357034876578011	3.58211083016215e-05	0.207740047020743	0.0241463077590386	0.316886063010854	0.0975483495705733	0.219317532514292	0.0171374876308611	0.00286313466315544	0.627743173147756	0.303786356645424
Paenibacillus barcinonensis	0.000375327316610496	0.000242008686745038	0.637760079833729	0.840254626716323	0.296878502525939	-0.0395130912118742	-0.0209245765567814	0.0171374876308611	0.00549866248720702	0.904243740974825	0.956537841718767
Aeromonas sp. 2692-1	0.000385900437951836	3.99534727300705e-05	0.0693977947734478	0.0111701822561627	0.684724077825765	0.308320892371685	0.537618754517108	0.0171374876308611	0.00286313466315544	0.505275049358082	0.201504515190061
Streptococcus sanguinis	0.000472758634891601	3.31808856533109e-05	0.132093035951854	0.0737221466148491	0.577939055892513	0.212106119819172	0.310519631599195	0.0188353143472738	0.00286313466315544	0.571039363384783	0.411580212815472
Glaesserella sp. 15-184	0.000475852129772303	0.00287330619487433	0.73622036750198	0.000316828982455679	0.286419221352631	0.0340303106714719	0.483072829129668	0.0188353143472738	0.0283557591150729	0.917541397490177	0.0442202736941712
[Clostridium] innocuum	0.000497515437462015	0.950159582642999	0.00519616544011072	0.000537818250045618	0.00862268508548513	-0.459850018757534	-0.725312739940714	0.0188353143472738	0.993903546297869	0.282036313054898	0.0656810537868211
Pseudomonas sp. NS1(2017)	0.00050381221981366	6.9813085674085e-05	0.388616804391014	0.0281274872259784	0.43760275613818	0.0968857212765434	0.313224599373007	0.0188353143472738	0.00327502653940242	0.787536815873113	0.313143739750712
Leptotrichia wadei	0.000520525575615549	0.000302580161817973	0.00357842268457317	0.00178573786153296	0.501862517492697	0.439915296076558	0.584278476214662	0.0188353143472738	0.006569351513248	0.279925451380912	0.10497578776648
Serratia symbiotica	0.000564265382666518	6.02369343376964e-05	0.0716980538627115	0.0126729086709013	0.625710893953659	0.287618531131112	0.496288496125421	0.0188726809945483	0.00327502653940242	0.505275049358082	0.201504515190061
Escherichia albertii	0.000568236436247926	0.0001281457622318	0.487761415828704	0.0125194482381491	0.627815457099091	0.115965029415428	0.532118441721368	0.0188726809945483	0.00415116009349422	0.862343451585385	0.201504515190061
Candidatus Sodalis pierantonius	0.000579509140057777	6.09634187574804e-05	0.0812121888656994	0.0138558357686001	0.740923924405592	0.330953321297514	0.58513177212686	0.0188726809945483	0.00327502653940242	0.519692538210985	0.211517992905035
Candidatus Thiodictyon syntrophicum	0.000620788078188994	0.000865006212446098	0.000212283595790668	0.163123558402884	0.191995982685068	0.243836216627317	0.104252852153005	0.0191369448125592	0.0126135980531319	0.0518502682718708	0.565754687944192
Aeromonas veronii	0.000654565642779326	8.68486819507096e-05	0.0942438076881485	0.00894265165081865	0.866722125582167	0.381024003135174	0.751361613941395	0.0191369448125592	0.00355178384265847	0.537445553583816	0.189934144844561
Glaesserella parasuis	0.000677103937808954	0.000901471235212637	0.324876434212477	0.000673479437266188	0.326852918628078	0.10172545331572	0.463174653016286	0.0191369448125592	0.0129520205412169	0.736436835790232	0.0683269426704265
Escherichia coli	0.000682086538619231	7.37467593314771e-05	0.0907988067933858	0.014446650943863	0.644143231957474	0.282280327517126	0.511163344329683	0.0191369448125592	0.00327502653940242	0.528265644312743	0.215112429500321
Enterobacter ludwigii	0.000685560970767218	9.58105651618789e-05	0.44678202956096	0.0356107595746944	0.58111045394558	0.114994306075579	0.39916599724924	0.0191369448125592	0.00355178384265847	0.825153200153229	0.344472397074024
Salmonella bongori	0.000759204132456892	8.87021879048856e-05	0.0405454113760937	0.0119634360807482	0.802716964409411	0.43347558862051	0.657705152888642	0.0206039565947329	0.00355178384265847	0.464011185557697	0.201504515190061
Edwardsiella ictaluri	0.000810542413394066	0.000234737597686221	0.466713094067871	0.00841484060858931	0.532873092326294	0.108906388953688	0.507158540754379	0.0210718175908747	0.00546044364141518	0.84597160093564	0.189934144844561
Moorea producens	0.00081957939452737	0.000166379378725793	0.362617612427103	0.0117409979185059	0.656979277906974	0.164068579451112	0.581815222887235	0.0210718175908747	0.00464436151471714	0.763528895132067	0.201504515190061
Candidatus Reidiella endopervernicosa	0.000856293320902646	0.000178993970895644	0.439533328670817	0.0145316482569306	0.53574596081393	0.113772121118421	0.459390487373351	0.0214512455005612	0.00466206869803573	0.821078512641278	0.215112429500321
Sulfurivermis fontis	0.000963073823192939	0.000128632457719976	0.076584703470915	0.0102242719498114	0.66519813459298	0.318689026453955	0.579652096724961	0.0228166510275627	0.00415116009349422	0.509850709961917	0.201504515190061
Haemophilus sp. oral taxon 036	0.000968489905894154	0.00421383392019641	0.212142062475134	0.000246072846823893	0.4069474723833	0.190816096361503	0.747007356398236	0.0228166510275627	0.0361253605263015	0.633736949776416	0.0411114962338168
Aminomonas paucivorans	0.000982534214509223	0.000211851217625501	0.178596681402099	0.00562628387538589	0.634536716225994	0.237889388874785	0.623225589497828	0.0228166510275627	0.00517218055122802	0.623575624920865	0.162664136511156
Leptotrichia sp. oral taxon 847	0.00102446911193521	0.00475731962331082	0.230334057857801	0.000252475923646776	0.381692980186264	0.17467234730285	0.710804180517297	0.0228166510275627	0.0390579938821401	0.653465141878066	0.0411114962338168
Streptococcus thermophilus	0.00102756667882575	9.29369434942715e-05	0.0236627271115741	0.0395251941525065	0.596924362812613	0.362405951752393	0.403261786564149	0.0228166510275627	0.00355178384265847	0.436197818641659	0.356442241443135
Candidatus Nanosynbacter lyticus	0.00111688002570665	0.000146537940286374	0.501610819272312	0.635096201514107	0.537076779422026	0.0981686254783688	0.0857526553574556	0.0242487063358976	0.00428700434484704	0.866298597482095	0.880584521024574
Pseudomonas aeruginosa	0.00116341317122937	9.81557459076546e-05	0.0573545624634849	0.0388982205022098	0.677778202020012	0.342020849787157	0.456884148868067	0.0244148503846993	0.00355178384265847	0.487264413276737	0.355225842245324
Alistipes indistinctus	0.00117451173805616	0.000996303231503113	0.430433449398138	0.282383783813024	0.442992828821526	-0.11356173226104	0.193045156966947	0.0244148503846993	0.013709693763078	0.814106461975369	0.711757751012722
Candidatus Pantoea carbekii	0.00137582392704338	0.00144444515302746	0.922674652714115	0.00566077854798293	0.260025543073754	0.00836645274250607	0.309859252033799	0.0277726378959269	0.0174225051173806	0.984177725282373	0.162664136511156
Buchnera aphidicola	0.00139289586171998	0.000200589544829479	0.129965527291258	0.0118698818038922	0.595123343695725	0.249614037201391	0.518318740323551	0.0277726378959269	0.00502502526406156	0.567776168332853	0.201504515190061
Streptococcus agalactiae	0.00150252527882333	0.000116552178787073	0.0913786017286116	0.066555858706518	0.472033594546197	0.213145112119704	0.284296170704704	0.0293593439482079	0.00406683852410609	0.528265644312743	0.409027708698896
Plautia stali symbiont	0.00162503477645837	0.00013171541750084	0.0869506658253149	0.0570634609211513	0.581442866936183	0.269275479170605	0.368439444269546	0.031130568168624	0.00415116009349422	0.519692538210985	0.394765362362239
secondary endosymbiont of Ctenarytaina eucalypti	0.00166593989250918	0.000136811763227393	0.101982035652193	0.0567884797471009	0.553283335018834	0.245762775313569	0.353952950215724	0.0313004475957975	0.00417703414603633	0.543134407120906	0.394765362362239
Elusimicrobium minutum	0.0018050579176826	0.770553709036209	0.000275392525159882	0.383846068332764	0.0579800407319471	0.885455378572198	0.239634814898376	0.0332743695391678	0.926078217024906	0.0538116994162409	0.784555666864248
Candidatus Saccharimonas aalborgensis	0.00184170021428298	0.00104512816168738	0.551939373546231	0.858473108977015	0.352610180499999	-0.0679831054114103	0.0252363009074484	0.0333211316547125	0.0139304560623715	0.890390340819585	0.966785225969643
Yersinia entomophaga	0.00194678115019742	0.000181329181704563	0.0713990512686636	0.0382436872183968	0.340258478430964	0.169612155041683	0.238860331041615	0.0345208459015853	0.00466206869803573	0.505275049358082	0.355225842245324
Shewanella sp. YLB-08	0.00197867694011133	0.000341119238922797	0.179291087308721	0.0117476909007294	0.477336624154927	0.186381619326212	0.442376852244513	0.0345208459015853	0.00687046050216538	0.623575624920865	0.201504515190061
Roseburia intestinalis	0.00206559907921844	0.000259534979113028	0.00981200851085296	0.10261597417797	-0.683801450535284	-0.514207916585896	-0.385185337718726	0.0354050929894108	0.00576285624075974	0.311018630394256	0.472904748923944
Akkermansia muciniphila	0.00231222068858372	0.00072672153536853	0.00372469894365595	0.0226366777935335	0.930010891782953	0.883748000543616	0.840133034603839	0.0386185609245776	0.0116394580336894	0.279925451380912	0.291000450056345
Pantoea stewartii	0.00233213418070632	0.000178035857665698	0.118760941119214	0.110982431322363	0.422431512474665	0.180961284539474	0.225133957792928	0.0386185609245776	0.00466206869803573	0.549838698557197	0.485666655737363
Fusobacterium pseudoperiodonticum	0.00261503174843214	0.000311924888842283	0.0767124404958054	0.744582226615355	0.38753817065696	0.199790341871338	0.0442910639678392	0.0422443910616291	0.00662501339997631	0.509850709961917	0.917963930999779
Sedimenticola thiotaurini	0.00263757201101267	0.00117791596153227	0.0091902024524076	0.00564509849122654	0.365733435745411	0.324514113727903	0.42944507797141	0.0422443910616291	0.0149457648625588	0.311018630394256	0.162664136511156
Blautia sp. SC05B48	0.00272315774573961	0.00172293347046391	0.0233651120976128	0.00245931010331608	-0.312115429042137	-0.247517172756757	-0.420020743666395	0.0429116954449613	0.0193574470180188	0.436197818641659	0.119767720860222
Candidatus Ishikawaella capsulata	0.00278435820501932	0.000403179088711628	0.0980384344307226	0.0161314947265326	0.411875043702943	0.201223317238528	0.364481622809048	0.0431796502587917	0.00770243500666758	0.543134407120906	0.231771622762094
Streptococcus parauberis	0.00286634863893986	0.000217051589150818	0.122244246324464	0.161957809833071	0.50702577246188	0.218573298807099	0.240012214775774	0.0436135538997995	0.00517218055122802	0.558096395602812	0.565754687944192
Cardiobacterium hominis	0.00290161822260693	0.000565320694553642	0.362336657485454	0.0197334690406638	0.324289488511929	0.0897387508053413	0.292095135306391	0.0436135538997995	0.00986282711748051	0.763528895132067	0.26023232824904
Amedibacterium intestinale	0.00296416430925772	0.00471127546066889	0.00229870169552179	0.00664946604727222	-0.273492257281853	-0.333191839397283	-0.358939027157095	0.0438786140931029	0.0390077637718094	0.27199906843981	0.175581846707702
Immundisolibacter cernigliae	0.003187073973133	0.0017478478250783	0.663050102378807	0.00831273902833961	0.305181158528182	0.044544020193412	0.345100192459905	0.046474198085835	0.0193574470180188	0.906013916117614	0.189934144844561
Lacimicrobium alkaliphilum	0.00337067384603018	0.0114208073517022	0.536041087740832	0.00870262767586379	0.145305225107906	-0.0380189384779656	0.204712258869708	0.0479260742831805	0.0743875252174206	0.88767112135079	0.189934144844561
Rodentibacter sp. DSM 111151	0.00338474833729729	0.00635658826683002	0.728578262203535	0.010305491865945	0.12287374125914	-0.0167823949882377	0.159699651661461	0.0479260742831805	0.049288783624547	0.91729505434646	0.201504515190061
Dichelobacter nodosus	0.00354579382281306	0.00154979358941327	0.979535283789097	0.0349000347879668	0.279788251522618	0.00239898588754575	0.251134284737652	0.0494891509269766	0.0182427510464671	0.992744784504095	0.342821611607913
Parvimonas micra	0.00367188805851848	0.000344577855277486	0.201410829476499	0.531500682418556	0.396408662859364	0.146109062493842	0.0863808612433684	0.050527248354543	0.00687046050216538	0.627743173147756	0.858431503006606
Salmonella enterica	0.00392406412885304	0.000336205447079259	0.130174019478291	0.0897970705720635	0.51481638607099	0.22662105646243	0.312571143389655	0.0532473701929087	0.00687046050216538	0.567776168332853	0.44044781450545
Oceanisphaera avium	0.00410318317288261	0.000495044720817772	0.407060196147919	0.0794914853197015	0.445584972805806	0.109949185231747	0.289395154294572	0.0543572922116815	0.00895664244886969	0.792833466352465	0.415457902204817
Leclercia sp. 1106151	0.00411713369873534	0.000393355302415248	0.141148495141998	0.0614483804639464	0.497334530963975	0.214983070346529	0.336748227543934	0.0543572922116815	0.00768616260919395	0.586580378274958	0.408401821178746
Prevotella oris	0.00431990209322064	0.471734873537528	0.0299135333450983	0.00791759294178451	-0.164282907622518	0.579985508247947	0.894088144060314	0.0553911538963124	0.756038156413855	0.438154647143607	0.189934144844561
Klebsiella aerogenes	0.00440014197576089	0.000412077721629255	0.35375301893739	0.268357751657194	0.47942118929858	0.130234702209338	0.190734748546572	0.0553911538963124	0.00770243500666758	0.76127026321989	0.706869110456952
Yersinia pestis	0.0044253690265188	0.000417839360648292	0.0659354902310643	0.0709530684097544	0.410802647373965	0.224617103059869	0.2688999108946	0.0553911538963124	0.00770243500666758	0.505275049358082	0.409108505317292
Streptococcus troglodytae	0.00447478608791774	0.00105400341661409	0.927812040530594	0.556319258918468	0.303802159230222	-0.00870803796232635	0.0689618224741936	0.0553911538963124	0.0139304560623715	0.985296047389555	0.862328900060624
Actinobacillus pleuropneumoniae	0.00449787939869584	0.0034801869167302	0.660162933333522	0.00653666829547489	0.375916474749789	0.0602970008535635	0.482146483838147	0.0553911538963124	0.0330110933751981	0.904599138663186	0.175581846707702
Burkholderia thailandensis	0.00458434642043004	0.0011049400563769	0.765693089316096	0.053758487433336	0.288419389605812	0.0275746066776339	0.224634623446666	0.0553911538963124	0.0142042951984242	0.920150243864485	0.394765362362239
Mannheimia varigena	0.00459521599903345	0.0146751647182632	0.372958475617527	0.00104258227138542	0.289822037989637	0.114311394599232	0.549913227545539	0.0553911538963124	0.0864174427824697	0.774050741895773	0.0830767161642078
Fimbriimonas ginsengisoli	0.00464900165762294	0.000770904584997858	0.0622902914292784	0.0178357373707487	0.589389318920336	0.346013824965257	0.544752229237335	0.0553911538963124	0.0120450996850934	0.505275049358082	0.238705690564678
Gallaecimonas mangrovi	0.00476475736950377	0.00108535554195807	0.807141608341865	0.072031110416893	0.213664748232358	0.0166877938310094	0.15421219800644	0.0560863608434359	0.0141385648599072	0.93889415099221	0.409569555929703
Spirosoma aerolatum	0.00489807975154588	0.00176337030153907	0.0113690059359486	0.877297368945327	0.228524140379097	0.203156159056538	0.0146208086153026	0.0568211551732289	0.0193574470180188	0.32968556465799	0.968256413895279
Helicobacter cinaedi	0.00494349865887866	0.000641031618495462	0.159598537239015	0.031475760052829	0.511014381940487	0.221562558711149	0.4238591167239	0.0568211551732289	0.0106150490045774	0.61445356846326	0.325938932431717
secondary endosymbiont of Trabutina mannipara	0.00506460476039927	0.0278457664537107	0.0922506139891755	0.00069935458209239	0.1048964992877	0.0881749537675894	0.228886279170454	0.057190546047282	0.13401632426244	0.530169705102497	0.0683269426704265
Streptococcus respiraculi	0.0050927098322554	0.00053865064201134	0.0478573476868594	0.0642271797869094	0.78657666071697	0.474915743737718	0.540018868147055	0.057190546047282	0.00956839413172872	0.470012311149123	0.409027708698896
Succinivibrio dextrinosolvens	0.00554907387321535	0.0135569513776532	0.164493438383099	0.00111954427720496	-0.538188116039124	-0.337534368816489	-1.04157350496581	0.0611971256568813	0.0817601326911553	0.61445356846326	0.0830767161642078
Chloroherpeton thalassium	0.00557476374970567	0.0039949011934356	0.00290030520755685	0.0302850449066774	-0.224078684280091	-0.262095378534097	-0.228591404696908	0.0611971256568813	0.0351623285224016	0.27199906843981	0.324817750312979
Petrocella atlantisensis	0.00571670480697661	0.4398322235759	0.00618747202434132	0.00342712695333031	0.126688759377936	0.534125910300851	0.713250957119981	0.0620580066268461	0.739614599713691	0.311018630394256	0.12864670569872
Plesiomonas shigelloides	0.00598214064002422	0.000719742554973385	0.200058919239021	0.0446201823556466	0.291189345605224	0.115037250160386	0.222929746997595	0.0642258396187216	0.0116394580336894	0.627743173147756	0.360646497388363
Pseudomonas synxantha	0.00615791424011958	0.00200136666102078	0.747386079176812	0.707745338272696	0.12715455519318	-0.0138547130281605	0.0196277019315872	0.0650600956448587	0.0210251099765301	0.917541397490177	0.915850590056191
Aeromonas schubertii	0.00619302855166004	0.000776705506817692	0.16566541107168	0.038903956110798	0.433623653719775	0.188542256459742	0.350514714036211	0.0650600956448587	0.0120450996850934	0.61445356846326	0.355225842245324
Adhaeribacter sp. KUDC8001	0.0063806998340219	0.0029958928018258	0.942160844143436	0.0274416727337843	0.146669405987016	0.00376400958240583	0.143709484392813	0.0660235364976014	0.0290884424577292	0.992744784504095	0.313143739750712
Bacillus sp. 1NLA3E	0.00651272399946246	0.00138466805031646	0.999999999661619	0.576356982333252	0.151142219164807	-2.08435111861661e-11	0.0334824148606029	0.0660235364976014	0.0169102585644897	0.999999999661619	0.862328900060624
Selenomonas sp. oral taxon 920	0.00652113251032638	0.00175016951558743	0.161459828176022	0.0103877672704355	0.175677782813195	0.0846456765420119	0.197876380017514	0.0660235364976014	0.0193574470180188	0.61445356846326	0.201504515190061
Peptacetobacter hiranonis	0.00659492247470106	0.000996051384965828	0.0632632285060814	0.0270652785205518	0.583801984623407	0.352951109181421	0.52260805195415	0.0660235364976014	0.013709693763078	0.505275049358082	0.313143739750712
Fusobacterium necrophorum	0.00662262699771232	0.000986057517440726	0.14682658644691	0.0269598498273239	0.409254870134164	0.190358896702099	0.362420144024369	0.0660235364976014	0.013709693763078	0.593227535428694	0.313143739750712
Klebsiella pneumoniae	0.00700008608873459	0.000618671796835762	0.10043554816299	0.131263464016946	0.471211695935128	0.237996333569707	0.266866215425034	0.0690816576635727	0.0104214197501472	0.543134407120906	0.519328558278133
Ktedonosporobacter rubrisoli	0.00718349830476828	0.00079855276755411	0.311143854236262	0.0877179708464706	0.311735958693778	0.0982765400963164	0.205158241479251	0.0701827784375861	0.0121372639916339	0.735618957533537	0.44044781450545
Actinomyces pacaensis	0.00726971556004807	0.00149994271058705	0.651006452140237	0.0547110699295588	0.459112125908573	0.0681848825192473	0.360494717080443	0.0703219020016532	0.0178712686371164	0.904243740974825	0.394765362362239
Streptococcus mutans	0.00786777945797024	0.218198449640398	0.0510097264695643	0.00090960706830486	0.135174043590333	0.248018328504325	0.549301607551546	0.0753609855925188	0.516495626714595	0.470012311149123	0.0807896459758044
Staphylococcus aureus	0.00794756729843815	0.620022789734966	0.00306242554026399	0.0199768931613899	-0.0553100985215087	-0.397558877708934	-0.378939876544396	0.075386148063826	0.858020206191305	0.27199906843981	0.26023232824904
Comamonas thiooxydans	0.0084127109984391	0.00120900270010543	0.205843605577064	0.0369363556644639	0.324082244572837	0.133942821233738	0.276314105976194	0.0790309485141827	0.0151435338205513	0.627743173147756	0.350357470720206
Aggregatibacter actinomycetemcomitans	0.00930923780016535	0.00813688334041906	0.172088052407162	0.003555231375502	0.219184810998978	0.123692264219675	0.341326957355747	0.0866202412453481	0.0588869261006624	0.623575624920865	0.12864670569872
Kosakonia cowanii	0.00960457233797318	0.00168150353209246	0.852176877375453	0.561151779079133	0.188916177791343	0.011719964199638	0.0447425863119937	0.0885251620207528	0.0193574470180188	0.951771487298646	0.862328900060624
Lachnoclostridium phocaeense	0.00985038619268641	0.124345056570858	0.0264188591786971	0.00177953108893936	-0.140375086421856	-0.231977650114612	-0.415350078969918	0.0899423113107909	0.372653743158675	0.438154647143607	0.10497578776648
Thioflavicoccus mobilis	0.01056441400871	0.00234652786902802	0.677698176175211	0.0636862987367786	0.343612873420943	0.0498506939286988	0.280448401905093	0.0944318919512194	0.0243889120004295	0.910122983336732	0.409027708698896
Klebsiella michiganensis	0.0105781315957545	0.0010551215441305	0.0863775282086008	0.119512963986588	0.334187329931918	0.184828574572271	0.203498302466805	0.0944318919512194	0.0139304560623715	0.519692538210985	0.502450414704198
Leptotrichia hongkongensis	0.0106320451531567	0.00448170430221621	0.943958184456391	0.042316897865552	0.155430455394742	0.00409544875837154	0.149506513440034	0.0944318919512194	0.0380479419931359	0.992744784504095	0.356442241443135
Campylobacter avium	0.0110537885556989	0.00238071932475045	0.763342543119563	0.0893037880935734	0.222827932247111	0.0233528336417655	0.16508675073741	0.0972932560262871	0.024483818739802	0.920150243864485	0.44044781450545
Spongiibacter sp. IMCC21906	0.0115836973907779	0.00250213432529213	0.544024890106637	0.0446655334534206	0.252840972276616	0.0535981871473727	0.222657023399826	0.101047074560625	0.0254644295396917	0.890390340819585	0.360646497388363
Mycobacterium tuberculosis	0.0117772646114633	0.00199925749843564	0.657927273141457	0.106832361226093	0.276412042047511	0.0414231461778123	0.186480522925041	0.101826438277873	0.0210251099765301	0.904243740974825	0.483218596842095
Raoultella planticola	0.0122385498569195	0.612972185101233	0.00986855429091295	0.0112939448525624	0.0239477663146551	0.141836970209347	0.169286000848135	0.10488651938781	0.856557628275395	0.311018630394256	0.201504515190061
Serratia plymuthica	0.0126530853708703	0.00172082496563022	0.330994831075982	0.0701656612069479	0.341134083134852	0.111875171505295	0.259915887117981	0.107040862087262	0.0193574470180188	0.74127405173774	0.409108505317292
Paraburkholderia dokdonella	0.01279502212739	0.368133093859868	0.00136236686767816	0.49233869580476	0.0401387412638608	0.171736080333224	0.0426351904601742	0.107040862087262	0.673843517319869	0.221838738286927	0.839467549391362
Syntrophobacter fumaroxidans	0.0128801697623322	0.0134971307449973	0.240589312190166	0.00402247227938064	0.230789382331071	0.119124078481083	0.375144595593715	0.107040862087262	0.0817601326911553	0.66043896136601	0.137636934039052
Solitalea canadensis	0.0129281696277348	0.275415095680197	0.00263983769284189	0.032327158851423	0.127025798633199	0.414381849418794	0.35222651570772	0.107040862087262	0.593737752482042	0.27199906843981	0.328996189560836
Mycoplasma orale	0.0131517416335806	0.135182033605678	0.00202439696543083	0.966192009391075	0.0462558713788682	0.112528841938712	0.00178246190128329	0.107965996336797	0.393891015906345	0.27199906843981	0.987662355068599
Halobacteriovorax marinus	0.0133612966810417	0.00123828176744781	0.181170012505721	0.331101552250557	0.301094740100763	0.131012091334923	0.115311029077411	0.107965996336797	0.0153139403391964	0.623575624920865	0.742775338397083
Candidatus Moranella endobia	0.0133714284101867	0.281117052304296	0.00925694100392965	0.286719454960723	0.0663646047340343	0.189083527011452	-0.0925155829085774	0.107965996336797	0.593767213970513	0.311018630394256	0.711757751012722
Shigella flexneri	0.0136649101317188	0.00183727989626392	0.314730625833259	0.0698730135978113	0.481026451769171	0.163213069268269	0.363955396162406	0.109255922955565	0.0199446939849983	0.736436835790232	0.409108505317292
Corynebacterium pseudotuberculosis	0.013754839839851	0.053978644416586	0.0269791213339228	0.00322914331136448	-0.208443342924845	-0.272175628143705	-0.459033001439829	0.109255922955565	0.210948542380018	0.438154647143607	0.126194920608124
Flintibacter sp. KGMB00164	0.0139116911950583	0.427385830441808	0.0326418319840819	0.0444775213626701	0.141506313344064	-0.443935025311557	-0.515888253324006	0.109610568863168	0.727449401292066	0.442931525672889	0.360646497388363
Thermosulfuriphilus ammonigenes	0.0140238701206714	0.00271876410567362	0.641472575987679	0.0767155132813389	0.253970011526389	0.0414223418532168	0.195291031620661	0.109610568863168	0.0273838405282797	0.904243740974825	0.415457902204817
Magnetospirillum gryphiswaldense	0.0150412643795786	0.00195758446964354	0.268891266536956	0.0711857174042371	0.250674038074294	0.094215486918506	0.189601717856548	0.116629486498796	0.021017143152107	0.698780529103248	0.409108505317292
Pseudomonas syringae	0.0157683537246502	0.00695930027696425	0.00732591849470824	0.0723452561855043	-0.18477765117586	-0.209143947381922	-0.169483757829405	0.121304579440813	0.0535372942566462	0.311018630394256	0.409569555929703
Tolumonas auensis	0.0160875440802203	0.00280378527315654	0.746035912544121	0.156970983684298	0.320745178155489	0.0364876293938649	0.196445264616427	0.122793207549806	0.0279520225701422	0.917541397490177	0.561760626591793
Histophilus somni	0.0167583896667602	0.109651232336609	0.58746001112318	0.00832748608631856	0.193198157775276	-0.0718337810370808	0.444185222488125	0.126922067476161	0.341175968130151	0.901538375911633	0.189934144844561
Simiduia agarivorans	0.0170787783306376	0.0193107802152373	0.0389089316650764	0.432736048408054	-0.0574583304910181	-0.0564410772669203	0.025716978641641	0.128353587915638	0.104814623723816	0.456703694582337	0.807529134086587
Pseudohongiella spirulinae	0.0176198031635706	0.104510692711324	0.830700111004966	0.00536972592572653	0.058824077373215	-0.0084762161020109	0.141298224686153	0.131408760998538	0.334451410204278	0.944253584135456	0.162664136511156
Bifidobacterium adolescentis	0.0184577603639429	0.0116558333894388	0.0446604856336052	0.0107593287738437	-0.358150937942845	-0.312358705220528	-0.490790529304226	0.136347237328532	0.0749194027729062	0.470012311149123	0.201504515190061
Stella humosa	0.0185610875790121	0.961085060914569	0.340259754480345	0.00305333322002159	0.00453020593304436	0.0991045592508077	0.394611750520651	0.136347237328532	0.996899745008101	0.75211262472239	0.125893295041646
Paenibacillus mucilaginosus	0.0189773237460138	0.00421524165813549	0.015805361315305	0.241955469566154	0.431880664316088	0.409060088867769	0.239184281278515	0.137340379102379	0.0361253605263015	0.365048320701123	0.683209519555296
Candidatus Gullanella endobia	0.0190377990848402	0.00947930308225146	0.712105000202855	0.113564240665697	0.143852716672776	-0.0218029964835785	0.115533141955697	0.137340379102379	0.065682830577019	0.911035310195168	0.488776489561171
Deinococcus proteolyticus	0.0191180056887652	0.415454554571768	0.0192177422039784	0.00724261417511792	0.0490206601006353	0.164348876412347	0.235675923521693	0.137340379102379	0.717136218757275	0.398129750825549	0.186211422344479
Bacillus subtilis	0.0199775747185452	0.188354069337885	0.0510199700583831	0.003092568148413	0.111881016260661	0.190754577166259	0.370206508807736	0.142351649152581	0.478605429836279	0.470012311149123	0.125893295041646
Turicibacter sp. H121	0.0201069883142847	0.00547868678881777	0.0134815590991759	0.194834024230132	-0.242277556039689	-0.238593213187057	-0.148987391931171	0.142351649152581	0.0435176991274387	0.355986033510671	0.617355801336961
Vibrio vulnificus	0.0206642825953569	0.771308264994284	0.0266106448483954	0.154648374437571	0.0216445164168057	-0.189615946680993	0.145332129690825	0.145244633781753	0.926078217024906	0.438154647143607	0.557533069466816
Anaerotignum propionicum	0.0211068066306002	0.00810125183925079	0.011016903845787	0.0976328224677665	0.353372773193012	0.379563323456527	0.296732631521968	0.146840293002898	0.0588869261006624	0.32968556465799	0.462730583193403
Novibacillus thermophilus	0.021191894896017	0.00543761312919361	0.88442196119239	0.411017991239802	0.255084152358298	-0.0143577205557983	0.100933234911621	0.146840293002898	0.0435176991274387	0.97416037890075	0.790318143808349
Reinekea forsetii	0.0222261990849731	0.147860903516586	0.00469564270976126	0.926180634741295	0.11145948291388	0.258947874793007	-0.0100027482817354	0.152922510605766	0.412059983680039	0.28110093109969	0.9759839231059
Enterobacter sp. JUb54	0.0229437968871465	0.00362792209767937	0.0570951828050469	0.0831605701889605	0.254053706341858	0.179041573274221	0.19760523382168	0.156094737354187	0.0337569513279309	0.487264413276737	0.423697598140347
Dickeya solani	0.0230067985455507	0.530655539081433	0.00448467708923398	0.088914866078983	0.0376270110659854	0.199628785041146	0.140500420071245	0.156094737354187	0.793951702423523	0.28110093109969	0.44044781450545
Candidatus Portiera aleyrodidarum	0.0233539872788544	0.00608614550056605	0.204068910778857	0.0242531584629919	0.291029006048592	0.14418858618025	0.318434426272954	0.157357555665109	0.0479529367262341	0.627743173147756	0.303786356645424
Thermobispora bispora	0.0244445793367558	0.00456293322761373	0.183202516165977	0.0403504694236471	-0.328429928228347	-0.168809206553483	-0.328165588339092	0.162718200897852	0.0381024424220394	0.623575624920865	0.356442241443135
Schaalia odontolytica	0.0244826771054086	0.00362079127370801	0.711391360794167	0.412764833539956	0.467744690087453	0.0626470395475258	0.169342280206204	0.162718200897852	0.0337569513279309	0.911035310195168	0.790318143808349
Lactobacillus sp. wkB8	0.0250923062509361	0.00341191374133268	0.125271460495956	0.699444718053709	0.161693060069699	0.0913137412173937	0.0279017445105196	0.165643129778139	0.0326807816204121	0.562006481201568	0.914448378267839
Desulfotomaculum reducens	0.0255354284801328	0.0324953598353258	0.00696429472596001	0.0474373263887291	0.192123484183145	0.279506783644935	0.248528167707064	0.166179162960029	0.1497545592411	0.311018630394256	0.373760224853131
Dokdonella koreensis	0.025547106555751	0.185759067396018	0.130757050025478	0.0702025285699971	-0.0394661456887985	-0.0506557371311286	0.0749315707314963	0.166179162960029	0.476124468876336	0.567776168332853	0.409108505317292
Clostridium perfringens	0.0256837805598407	0.091377990512483	0.105396283779008	0.561584151089407	0.21062465506757	-0.230801634912518	0.101282470607188	0.166179162960029	0.302631514341342	0.543134407120906	0.862328900060624
Pseudoclostridium thermosuccinogenes	0.0260246609779436	0.585046108434212	0.20727746652271	0.0116187621486665	-0.0594967641875275	0.158287232299539	0.406038506882261	0.16727693273323	0.83079948828521	0.627743173147756	0.201504515190061
Acetilactobacillus jinshanensis	0.0264335184324214	0.011888300383916	0.610835009413603	0.99150486339187	-0.174770718325719	0.0378337047103181	0.00096267757431684	0.168794428159972	0.075421230357701	0.904064168311274	0.993538719521905
Devosia sp. S02	0.0272001329640931	0.00385394709223472	0.108853708546073	0.0799448163915104	0.651252994669644	0.394767952997819	0.536092822577788	0.170858090143451	0.0347965212761762	0.543134407120906	0.415457902204817
Eikenella corrodens	0.0272346441824739	0.00388210933378015	0.628719702389264	0.254933315235441	0.273535021417574	0.0484224018632382	0.140111127744324	0.170858090143451	0.0347965212761762	0.904243740974825	0.691274091765086
Moorella glycerini	0.0272813327148191	0.427052044365497	0.0305459682440753	0.00794623984053957	0.097208108142893	0.309267424647131	0.478338985887962	0.170858090143451	0.727449401292066	0.438154647143607	0.189934144844561
Petrotoga mobilis	0.0278253373676159	0.0087675758786688	0.0307115443957557	0.0483549212587153	-0.0970018712002284	-0.0876920701542059	-0.097001871202257	0.173155124892744	0.0620718958946334	0.438154647143607	0.377942064558119
Erysipelothrix rhusiopathiae	0.0283842112570546	0.13222558627709	0.681182281241108	0.0426855089548074	-0.0452495307408575	-0.0137412184458151	0.0858628644185209	0.175227325172521	0.388623430538309	0.910122983336732	0.356442241443135
Verrucomicrobium spinosum	0.0285170365429179	0.0101449112918564	0.0139569202466085	0.382341721740285	0.146520435738362	0.156313191769159	0.0657949320512029	0.175227325172521	0.0693117365884174	0.358839765287804	0.784555666864248
Aggregatibacter segnis	0.0286983722727346	0.00300709589378776	0.178387195748691	0.247607864186197	0.378848640144741	0.18535397802234	0.196206939278723	0.175239435690386	0.0290884424577292	0.623575624920865	0.691179666599755
Ralstonia pickettii	0.0291946643104011	0.00800086766423299	0.193635102217587	0.695836104293501	0.22501685649371	0.11956656305321	-0.0437832289284928	0.177162652368086	0.0588869261006624	0.627743173147756	0.911988159141957
Neisseria sicca	0.0299188279699019	0.00728754922843614	0.0282287553893509	0.0982017900091912	-0.297137311025014	-0.266081092824811	-0.240711295836859	0.177777260152352	0.055576152611982	0.438154647143607	0.462730583193403
Enterococcus durans	0.0300746081389212	0.00380186803965292	0.521737325872148	0.301733249346908	0.273373618870522	0.0640895890440464	0.126765393764699	0.177777260152352	0.0347965212761762	0.874335106993291	0.723161120175629
Methylomicrobium album	0.0301488788777389	0.012568644445205	0.583469992741475	0.0264760656256324	0.11946422803155	0.0280888943732676	0.142588984890627	0.177777260152352	0.0782137937768487	0.901070189274719	0.313143739750712
Hathewaya histolytica	0.0303409543142033	0.400442269490296	0.0265243871342418	0.275046947660414	0.0450456888747272	-0.138359191863496	-0.0822234546976033	0.177777260152352	0.70896515261571	0.438154647143607	0.710901766836573
Anaerocolumna sp. CBA3638	0.0303969614736378	0.186648589129618	0.139264178827444	0.116697369820895	0.193283120232647	-0.243037887722915	-0.316801306063504	0.177777260152352	0.476124468876336	0.585366258278534	0.496423037656219
Pseudoarcobacter acticola	0.0305373643027326	0.0582227215136504	0.174392563242167	0.482276049102095	-0.131967273119875	0.105929551827557	-0.0672276158157159	0.177777260152352	0.22495444559072	0.623575624920865	0.837188921057074
Lichenihabitans psoromatis	0.0305696824008138	0.00418610091829399	0.106369898221286	0.0985137782028944	-0.301714060810331	-0.186136954282233	-0.236265346865657	0.177777260152352	0.0361253605263015	0.543134407120906	0.462730583193403
Fusobacterium gonidiaformans	0.0310658920975466	0.0334203973375075	0.0364748519746577	0.0125913813472514	0.293903602365107	0.326663543093828	0.488013892247034	0.179593944256231	0.152578169153013	0.456703694582337	0.201504515190061
Ruminococcus sp. JE7A12	0.0321554485582394	0.0208894920533252	0.00830538628046072	0.168828704005095	-0.213812102586221	-0.279563483113138	-0.17441262979877	0.184799254361176	0.112137548000542	0.311018630394256	0.576733020325097
Hymenobacter sp. PAMC 26554	0.0332890696061924	0.272936417592347	0.0164402519046565	0.0174146634645021	0.0485191916065307	0.122681794869148	0.149239820737419	0.188828295197613	0.589953274309122	0.365048320701123	0.236307308400257
Adhaeribacter swui	0.0334228414197599	0.00451746291832524	0.551966629235823	0.573370719912866	0.125652643316978	0.0278997179509868	0.0322292072339829	0.188828295197613	0.0380479419931359	0.890390340819585	0.862328900060624
Tistrella mobilis	0.0334363306747052	0.0112491472988786	0.078284448541331	0.0262515324794674	0.246749671480288	0.189473653080891	0.29923148175648	0.188828295197613	0.0737611873221771	0.516783150168111	0.313143739750712
Yersinia enterocolitica	0.0339675290248797	0.0151950457775659	0.247463719103878	0.0168753434576287	0.256656782408026	0.132273069594909	0.343071855382952	0.190725723317859	0.0881759622756604	0.668847507791555	0.235535945635362
Legionella pneumophila	0.0347678937157883	0.00381639345299019	0.160699806850626	0.281026871487724	0.189060915610439	0.0977683755889145	0.0909523272477119	0.193074603828222	0.0347965212761762	0.61445356846326	0.711757751012722
Blochmannia endosymbiont of Colobopsis nipponica	0.0347810954695671	0.00861030128465812	0.104872950352785	0.0378038384506605	0.279780534447056	0.186813162496067	0.294392971893667	0.193074603828222	0.0616561982624399	0.543134407120906	0.355137982368224
Verrucomicrobium sp. GAS474	0.036147604344837	0.00528056115544462	0.111517531808511	0.661245415151098	0.427043684819859	0.266359443787422	0.0893818332292835	0.199526607033366	0.042637258255119	0.543616253268827	0.889857810747415
Candidatus Purcelliella pentastirinorum	0.0364368306550508	0.00397603965162778	0.231035254891457	0.270592678926203	0.352174709870345	0.156926642356077	0.176992134388512	0.199993166011149	0.0351623285224016	0.653465141878066	0.706869110456952
Nitratifractor salsuginis	0.036797633085653	0.0108516029312432	0.837962455258774	0.721933239963131	0.0944597110884714	0.00811015282339732	-0.0172458204683236	0.200733233358132	0.0727871819467252	0.946461640217135	0.917963930999779
Clostridium intestinale	0.0369825813761143	0.246388042374385	0.141817365326362	0.0949758069966823	0.0739886900993555	-0.105626066571625	-0.147921513766399	0.200733233358132	0.558517673781379	0.586580378274958	0.459363185325538
Intestinibaculum porci	0.0374231190454739	0.639968362044996	0.0155555401619984	0.398681259305786	-0.10067964615513	0.614457102239699	0.25708016630823	0.200918346416466	0.868401513497168	0.365048320701123	0.790084361747977
Roseimicrobium sp. ORNL1	0.0374279826487174	0.00769652885926274	0.0330968603053265	0.327061953961093	0.449634788381349	0.396189789269493	0.218495023725754	0.200918346416466	0.0578423745807669	0.442953870113753	0.742775338397083
Lactobacillus delbrueckii	0.0379819441405419	0.0180060291468216	0.859975259747131	0.586693263096489	0.287449240178493	-0.0236258054894155	-0.0906074019510979	0.202777920356882	0.101102818830142	0.954767987241985	0.863925391731456
Edaphobacter sp. 4G125	0.0385989239986225	0.335870561409968	0.00782646861758312	0.064453870627148	0.0934391136904163	0.3022668159665	0.25249795677387	0.20354713879506	0.644686716105183	0.311018630394256	0.409027708698896
Rothia mucilaginosa	0.0386251357693761	0.00489467489529015	0.119309932542606	0.168770996588064	0.437820907113771	0.260046220627176	0.278595910776706	0.20354713879506	0.039850811439154	0.549838698557197	0.576733020325097
Muribaculum sp. TLL-A4	0.0387541280413166	0.167002880729373	0.00489121374482573	0.635426906164099	0.214379713798224	0.508221772495979	0.0997032588781622	0.20354713879506	0.444582600742773	0.28110093109969	0.880584521024574
Salimicrobium jeotgali	0.0389708200430237	0.108424296505896	0.00481060274231416	0.258788995011452	-0.0816838222876223	-0.165414500689745	-0.0771429516975821	0.20354713879506	0.340612661370611	0.28110093109969	0.6984443318403
Halobacteriovorax sp. BALOs_7	0.039278966246129	0.00813386638362979	0.951042054457402	0.328980726778739	0.262660263434968	0.00647545197921607	0.126054680084619	0.20354713879506	0.0588869261006624	0.992744784504095	0.742775338397083
Dokdonia sp. 4H-3-7-5	0.0393760585795971	0.0121049300880535	0.996382705529696	0.147250828296282	0.114357185933237	-0.000224440253942153	0.0900116490567244	0.20354713879506	0.0763001077163114	0.998426567489757	0.548892914235749
Nitrospirillum amazonense	0.0399696813123989	0.151549272759071	0.924457186268006	0.0503831160832788	-0.0512312793621936	-0.00372223990772852	0.0959340929786919	0.20552830864323	0.41953303031862	0.984177725282373	0.384564878229401
Lysobacter sp. HDW10	0.0402548673639682	0.00963314498510726	0.344054732726006	0.738567299530006	0.104762442815043	0.0410080482330046	-0.0175125605627178	0.205554942362315	0.0662787510595056	0.755122254643272	0.917963930999779
Desulfovibrio fairfieldensis	0.0403956488572819	0.0583653483708766	0.0163691479024056	0.0276060315693371	0.360305165250496	0.527711068268932	0.597321458153565	0.205554942362315	0.22495444559072	0.365048320701123	0.313143739750712
Candidatus Xiphinematobacter sp. Idaho Grape	0.0408402127663953	0.00780573301557938	0.0895516303546415	0.0677871302933841	0.119902751592594	0.0843703678942259	0.112749931681541	0.206740351672374	0.0582152760016874	0.528265644312743	0.409027708698896
Thioalkalivibrio paradoxus	0.0431186865976447	0.0251884481666657	0.0702770356759776	0.631124364961713	0.1332248834767	0.120785205261825	-0.0389086942655427	0.216707179992021	0.123045569294162	0.505275049358082	0.879612702664185
Candidatus Hoaglandella endobia	0.0432527124856132	0.0122898329127962	0.892973804148305	0.11135038985176	0.241676709752433	0.0138695515721909	0.203026471526192	0.216707179992021	0.0769690176653968	0.974322082110168	0.485666655737363
Porphyromonas asaccharolytica	0.0441491147737335	0.0130984313848637	0.142138855815994	0.774099888621524	0.363825262180214	0.239270739393624	-0.057326944021764	0.220069822111927	0.0804853299560496	0.586580378274958	0.932546968166744
Bacillus amyloliquefaciens	0.0449014714025016	0.0143186879226092	0.163163121499018	0.0288027161902842	0.395752164106771	0.250130587546126	0.496025844293849	0.222683947006315	0.0853009640267631	0.61445356846326	0.313143739750712
Otariodibacter oris	0.0456071920918875	0.0360299311938151	0.805657728482632	0.0561664147465293	0.120659908327653	-0.0154004069402288	0.149938906064066	0.225041548857445	0.160736268385193	0.93889415099221	0.394765362362239
Lactobacillus jensenii	0.0462140189374149	0.00630005665450683	0.217124279493208	0.701837206086041	0.122902365285143	0.0604759855852987	0.0230155215793357	0.226499087479865	0.0492412428116254	0.644773316306579	0.914448378267839
Lautropia mirabilis	0.0463662410398904	0.00864575144519372	0.0618398107814799	0.579152824748046	0.225926845269603	0.178010327485507	0.0641174910764184	0.226499087479865	0.0616561982624399	0.505275049358082	0.862706762624495
Alistipes sp. dk3624	0.0468957835429327	0.014683004607871	0.108917684070971	0.820262935047712	0.473490948735704	0.346773312951218	-0.0600280042750159	0.227946171748484	0.0864174427824697	0.543134407120906	0.949324088473663
Streptococcus pantholopis	0.0471509746445959	0.015252546186885	0.946782327953033	0.715334110985722	0.204165571709373	0.00608836069327389	-0.0410609181237414	0.228051991226585	0.0881759622756604	0.992744784504095	0.917963930999779
Oxalobacter formigenes	0.0482622447655445	0.942281564268731	0.0158704649891492	0.177006590002612	-0.0122263584314141	0.476001156965431	0.319670655020062	0.23227691199969	0.98990224547371	0.365048320701123	0.591305362045493
Pseudolabrys sp. FHR47	0.0496134505917437	0.396100668705987	0.00677843903963976	0.673114957933865	0.0452399675258094	0.171711504958517	0.0316808427701123	0.237609515824184	0.706186776141879	0.311018630394256	0.89473920258692
Thiomicrorhabdus sp. G2	0.0506388862880915	0.0423952639670231	0.269300441904665	0.0131123997147186	0.14913151928019	0.0886167870670999	0.250150090324361	0.240946276183473	0.180087708242528	0.698780529103248	0.20334626224254
Dysgonomonas sp. HDW5B	0.0508034113549596	0.897101001285442	0.14771599005203	0.0171167370932556	-0.00549169538321116	0.0702244856704342	0.146085652273041	0.240946276183473	0.975266461488522	0.593227535428694	0.235535945635362
Tetragenococcus osmophilus	0.0533052099304671	0.0181999591079376	0.023271295483117	0.379546480036242	-0.207368553007906	-0.223366737331272	-0.103483066202247	0.251590290348146	0.101123759274047	0.436197818641659	0.784555666864248
Weissella hellenica	0.053794726888392	0.118404063458461	0.00865029243482157	0.134210778519816	-0.0925404698876478	-0.178309918557806	-0.120026994199504	0.252680039278649	0.359825657056534	0.311018630394256	0.519456075763173
Desulfovibrio gigas	0.054646120050941	0.0225961944554831	0.771233130865807	0.483290226690061	0.114375539971604	0.0156935833642267	-0.0461641390034175	0.255451001386456	0.116806782978873	0.924533458718888	0.837188921057074
Geobacter sp. FeAm09	0.0556976786676369	0.0110261033041099	0.35708644411013	0.0772092658514968	0.196532736322454	0.0768679748901335	0.183641271067188	0.258340934437363	0.0727871819467252	0.762494816119142	0.415457902204817
Faecalibacterium prausnitzii	0.0557931803134939	0.00733809998663836	0.33232142749348	0.622642295548341	-0.310150499259362	-0.12270912830823	-0.0769911448860092	0.258340934437363	0.055576152611982	0.74127405173774	0.875282766547811
Phocaeicola dorei	0.0560725122051688	0.212209953695521	0.222230298879225	0.128665892452896	0.180391790479029	-0.200871673712676	-0.31197217482883	0.258409643511556	0.5119237648408	0.653465141878066	0.515190889042949
Coxiella endosymbiont of Amblyomma sculptum	0.0570049740579046	0.0250435657020086	0.863067752031924	0.0581717391231513	0.0838453488745417	0.00695000881223969	0.0950776241413411	0.261473519505037	0.122952581361117	0.956028564325612	0.394765362362239
Bradymonas sediminis	0.0573822724359756	0.0490801286245501	0.0677189225565618	0.559951346386416	0.126416608224838	0.133339830905562	-0.0518023955590579	0.261974206401627	0.196521662566334	0.505275049358082	0.862328900060624
Bacillus pseudomycoides	0.0587878747338849	0.0186961282074571	0.940469569685196	0.731427344541669	0.104790214798789	0.00357125685658655	-0.0199875786040642	0.267143040069793	0.102045347813886	0.992744784504095	0.917963930999779
Enterobacter hormaechei	0.0591534018805197	0.00920282506825573	0.646082621393525	0.29251698196408	0.397900375903268	0.0747622665816804	0.209756415455168	0.267526120944835	0.0642225720834703	0.904243740974825	0.712691000944903
Desulfovibrio vulgaris	0.0594198242016675	0.0134028901316466	0.0566616734267404	0.621752375784458	0.310844649028352	0.266770644071079	0.0835828255209828	0.267526120944835	0.0817601326911553	0.487264413276737	0.875282766547811
Sulfuriflexus mobilis	0.0610118076562258	0.143713014689703	0.833487299892016	0.012787389909707	0.0854203070952394	0.0134815229121686	0.202287468155061	0.273433651743728	0.404632897267549	0.945780594650986	0.201504515190061
Sphingomonas sp. sand1-3	0.061821705987487	0.0115480226800787	0.853887360098193	0.390269025723889	0.0994547054190336	0.00773972595427233	0.0441382992507588	0.273987727992858	0.0747180010492511	0.951771487298646	0.789328124963583
Rickettsiales endosymbiont of Stachyamoeba lipophora	0.0620669096347939	0.459998872778717	0.0871141282242626	0.112187709087131	0.0278244575035579	-0.0743748762537123	-0.0854124575552133	0.273987727992858	0.749031497841345	0.519692538210985	0.487143963458343
Mycoplasma conjunctivae	0.0622199117776797	0.109046581901082	0.17370683954957	0.690365936554827	-0.197333568112015	0.189678940312543	-0.0681544691129296	0.273987727992858	0.340804081249971	0.623575624920865	0.910239568170129
Kiritimatiella glycovorans	0.062257191007589	0.0281679356066131	0.0195601105830362	0.315833547999981	0.161336295724543	0.193527916761311	0.0993117180995974	0.273987727992858	0.134902319057162	0.398129750825549	0.736442425766064
Shewanella baltica	0.0630615579406771	0.0221195958308235	0.932672159105148	0.145361838985924	0.106635193430847	-0.00423306836776995	0.0900109708700275	0.275105473652697	0.115997635054926	0.988308784648297	0.544132247851523
Thalassotalea sp. LPB0316	0.0630743358221126	0.0727779288356157	0.0758229080657021	0.433933260384297	0.0971500979375523	0.108399765287594	-0.0580079707206631	0.275105473652697	0.255965403144413	0.509850709961917	0.807529134086587
Steroidobacter denitrificans	0.064126528113146	0.0211736470447715	0.07069393756224	0.0543341261778976	-0.193027591974789	-0.168868178295949	-0.222948509764378	0.278451635406861	0.11304182056143	0.505275049358082	0.394765362362239
Aeromonas salmonicida	0.0657499118136817	0.0109650798394323	0.651022360514273	0.244844674080928	0.335628026918463	0.0640221572189174	0.202960225089557	0.284237450628173	0.0727871819467252	0.904243740974825	0.689375350366186
Leptotrichia sp. oral taxon 212	0.0660558956343303	0.010958985300076	0.508372381028858	0.162302143912676	0.281336533504562	0.0784372203760077	0.204406435483181	0.284302246849078	0.0727871819467252	0.867895731625196	0.565754687944192
Jeongeupia sp. USM3	0.0669590444799797	0.576894114447757	0.681171426483629	0.0278070588240855	-0.0195292414860858	-0.016205391237821	0.110433220722303	0.286925379197106	0.827643979171011	0.910122983336732	0.313143739750712
Pragia fontium	0.0691121089343943	0.00885034400018617	0.231421636734709	0.488368356516817	0.228573332705305	0.112740376692619	0.0794308155966256	0.294858211479927	0.0622070941595819	0.653465141878066	0.837814612523652
Altererythrobacter sp. B11	0.0697142271630653	0.3083355099772	0.445198527521567	0.00880527006161982	0.0787171623260804	0.0661528799417067	0.291324970679555	0.296133912775282	0.615426133306465	0.823785911720778	0.189934144844561
Neorickettsia helminthoeca	0.0705883955395713	0.0182167672796646	0.888698708359007	0.640712100142957	0.208054931661789	-0.0133264268951977	0.054614746200205	0.298549188061304	0.101123759274047	0.974322082110168	0.880841778661323
Maricaulis maris	0.0709817822878764	0.0603976130524564	0.425467795560771	0.593889823768275	0.169461716745961	-0.0803313413331535	-0.0665421597836966	0.298918971100238	0.230501827938476	0.813467781336347	0.86683072986215
Alistipes finegoldii	0.0719149768659646	0.0105829455983464	0.290549969328656	0.738710577058889	0.459022195867693	0.207840653677419	0.0807583676523269	0.30154906608604	0.0718023461776694	0.728879313502408	0.917963930999779
Streptococcus urinalis	0.0740158022864615	0.0264807686184329	0.970063121812095	0.139608451453433	0.134781695212472	-0.00247297183343101	0.121149927660643	0.308206872614344	0.128714979802035	0.992744784504095	0.525215226063064
Desulfovibrio desulfuricans	0.0741336899328258	0.0117832015026992	0.104482601976899	0.198707454230002	0.355361170893454	0.254232076676991	0.24807101801682	0.308206872614344	0.0752430579616808	0.543134407120906	0.617355801336961
Campylobacter gracilis	0.074677883534109	0.0165259831908499	0.10704869826832	0.851569665488592	0.250717063141474	0.18679362247154	0.0263853069319063	0.309153780562816	0.0938714277759324	0.543134407120906	0.961830708881335
Spirosoma sp. KUDC1026	0.0752388719708881	0.203035232469957	0.435833543825434	0.108904071707343	-0.0964647587265497	0.0661789443320573	0.170248455378211	0.310161932133155	0.502558934108569	0.815726766891664	0.48331269969085
Nitratiruptor labii	0.0755912620582588	0.0219376568936362	0.399582222377055	0.055081598275758	0.0997547871945282	0.0397151278018097	0.11261102896145	0.3103053068526	0.115997635054926	0.792435943591619	0.394765362362239
Desulfovibrio piger	0.0763254679679848	0.094990505739369	0.0185352574021397	0.079932607811742	0.471192242166658	0.770431561841026	0.699465891846817	0.31187664453268	0.310274982803204	0.393672749606315	0.415457902204817
Fusobacterium hwasookii	0.0766124817685192	0.156044993937913	0.0118106394708594	0.177586501840799	0.132439624951844	0.272221475645668	0.174345280930975	0.31187664453268	0.423379023007147	0.32968556465799	0.591305362045493
Desulfomicrobium baculatum	0.080264575931055	0.0412144711893611	0.602326386323902	0.309791706573223	0.0866793315811894	-0.0244555377497397	0.0593392105581421	0.321146356352909	0.176607624350903	0.903952195757992	0.732848661796703
Entomomonas moraniae	0.0805992460702111	0.0701001289904771	0.0311518035063433	0.0645151430504824	-0.147020208704641	-0.197111711311467	-0.205025499218764	0.321146356352909	0.253658614902578	0.438154647143607	0.409027708698896
Legionella longbeachae	0.080689907214574	0.0324100480141963	0.688050453958115	0.0565039343685025	0.128928004536416	0.0261569495731363	0.15466172171059	0.321146356352909	0.1497545592411	0.911035310195168	0.394765362362239
[Ruminococcus] gnavus	0.0807559751009559	0.961663325352327	0.0286759375247045	0.136202325478207	-0.00870170636100344	-0.462532268697723	-0.383238665430569	0.321146356352909	0.996899745008101	0.438154647143607	0.52045606110179
Ruthenibacterium lactatiformans	0.0808120014063848	0.016349242740271	0.0704349679150458	0.178926678761318	-0.288542002168387	-0.243377154438892	-0.222217025767745	0.321146356352909	0.0934105857148815	0.505275049358082	0.592580898812908
Spiroplasma sp. TIUS-1	0.0808618256528306	0.0936426500101697	0.0376719005114514	0.726848702042548	0.0706602568675759	0.0994861776760919	-0.0200300841946652	0.321146356352909	0.307009627717905	0.456703694582337	0.917963930999779
Acidovorax sp. 16-35-5	0.082153027777351	0.0159437262981624	0.165056338284349	0.104673482723199	-0.0929407243617089	-0.0580629318881184	-0.0829637231434428	0.324953474244826	0.0916295329017919	0.61445356846326	0.478767251935317
Candidatus Annandia adelgestsuga	0.0839534898514394	0.109182883757667	0.418622382135896	0.0158306545799856	0.133060333850501	0.0738292562300493	0.277259069223913	0.329421390464812	0.340804081249971	0.806558694446915	0.23084402275591
Actinomarinicola tropica	0.0845138613765913	0.0235253520186356	0.106185782343159	0.0746419130637525	0.181496467758165	0.142240350325305	0.192646251768989	0.329421390464812	0.119417254941704	0.543134407120906	0.41434743785958
Halothiobacillus sp. LS2	0.0845565595677142	0.110923424074763	0.451707634188804	0.125924947876374	0.108316003407544	-0.0567503998483598	0.1437102405224	0.329421390464812	0.342949953547606	0.826438873787381	0.512447579690037
Methanobrevibacter smithii	0.0847048900093332	0.401826129704535	0.0115824968665958	0.321031937301442	0.208365462813177	0.7435059192971	0.350330941842267	0.329421390464812	0.70896515261571	0.32968556465799	0.739429981482393
Anaerostipes caccae	0.085281711463491	0.0237816559332491	0.977240346339393	0.905206158638555	-0.274417015564566	-0.00377192684492247	0.0194142721241823	0.329421390464812	0.119766380653528	0.992744784504095	0.969961262808443
Psychrobacter sp. P11G3	0.0853056415430884	0.0183927620087011	0.574682713551702	0.89919903539541	0.114655000118512	0.0293393984647947	-0.00804349823001869	0.329421390464812	0.101523889731644	0.901070189274719	0.969961262808443
Lactobacillus dextrinicus	0.0860087448816729	0.0127771138104137	0.163481495128362	0.535910872807812	0.126405637507706	0.0768448855422706	0.0413305417236597	0.329840587508203	0.0790078493213553	0.61445356846326	0.858431503006606
Ruminococcus champanellensis	0.0860894061561841	0.0222188582056122	0.321469586955593	0.0664085684734752	-0.431550496464793	-0.207136911211646	-0.483403346674571	0.329840587508203	0.115997635054926	0.736436835790232	0.409027708698896
Streptococcus pyogenes	0.0891610229462823	0.0138630738940562	0.231079537078618	0.169522156499205	0.275478880643889	0.146061158991526	0.206677844458413	0.340274685228585	0.0830933938312448	0.653465141878066	0.577084135539107
Fusobacterium sp. NSJ-57	0.0907307702973839	0.0380226376453541	0.0610212378854548	0.0697343835625627	0.631246995940934	0.641311200883993	0.766771063446543	0.344918142336747	0.166494922463309	0.505275049358082	0.409108505317292
Alteromonas sp. RKMC-009	0.0916682133573198	0.018549138092284	0.655863416938189	0.176149592835424	0.110939284985983	0.0226504360818358	0.0849918389096427	0.347131180039153	0.101811842225626	0.904243740974825	0.591305362045493
Ottowia sp. oral taxon 894	0.092508293319263	0.0234399777129216	0.305035096952643	0.786582752499882	0.230310157982233	0.112919963508105	-0.0360416774629958	0.3489598554939	0.119417254941704	0.734973237810645	0.938771619244793
Xanthobacter autotrophicus	0.0937773933055943	0.270176577808905	0.0128594629803829	0.315785036928925	0.0382589720653788	0.0995918029694605	0.0474487378397084	0.352386589459868	0.587168092405395	0.34899153699539	0.736442425766064
Caldilinea aerophila	0.0948989790666104	0.0587138010497786	0.517279752429156	0.287894971388868	0.0994200185106664	-0.0371220637469718	0.0744804905688174	0.355234875663135	0.22495444559072	0.870357339244795	0.711757751012722
Candidatus Hamiltonella defensa	0.0958963105287249	0.0150583478312047	0.330968559823587	0.770675872094983	0.21503233399061	0.0929410007011487	0.033874795893061	0.35759807399452	0.0880958432999219	0.74127405173774	0.929568304983702
Enterobacter kobei	0.0963147199965677	0.0793578842880933	0.0252891399520797	0.789364877110769	0.134617751219168	0.193591445646233	0.0272691341580357	0.357792705082307	0.27204439631392	0.438154647143607	0.938771619244793
Azospirillum thiophilum	0.097060373797806	0.861377086046246	0.0834984935479574	0.0706196919240758	-0.0114935054949104	0.131528589685873	0.170372889152047	0.359196913638093	0.97066368289179	0.519692538210985	0.409108505317292
Citrobacter koseri	0.0981178890830423	0.0242744594662134	0.0724037941761837	0.163298691914291	0.139731705188247	0.122566375414964	0.114854850499333	0.36174029295899	0.120386532479647	0.505275049358082	0.565754687944192
Parachlamydia acanthamoebae	0.0999620141164836	0.122132058193363	0.0163957302529216	0.424171615766529	0.133047248651721	0.238045062775222	0.0945619094562262	0.365699877487581	0.367147756476662	0.365048320701123	0.80313114070523
Paenibacillus cellulosilyticus	0.0999956396994151	0.0175853347281796	0.112912673952279	0.245831816807003	0.108902553522983	0.0792577578512703	0.0700713861107651	0.365699877487581	0.0993113990140546	0.543616253268827	0.690165761552993
Clostridium isatidis	0.100314807744802	0.0223209369399449	0.147192309273213	0.104868159584604	-0.177166821389144	-0.123677088609809	-0.170782008590789	0.365699877487581	0.115997635054926	0.593227535428694	0.478767251935317
Mageeibacillus indolicus	0.101148622236539	0.0664537014143457	0.0226803629783061	0.231814975227049	0.395194888260396	0.566515839718642	0.360120290917741	0.367368787825644	0.24500100483704	0.436197818641659	0.660032733853012
Arsenophonus endosymbiont of Aleurodicus dispersus	0.101684687249055	0.256874863812895	0.810011946706955	0.0309145178084373	0.0761368582267568	-0.0179848087862025	0.204609528141657	0.367947923860469	0.568121313629574	0.93889415099221	0.324817750312979
Micavibrio aeruginosavorus	0.102884186290086	0.439352477751626	0.0243623201264304	0.106559497496446	0.0642901931312667	0.216446400839226	0.187733216865802	0.370914575665733	0.739614599713691	0.438154647143607	0.483218596842095
Gemmatirosa kalamazoonesis	0.106061958986529	0.783966414424119	0.0341813801854414	0.985554086215337	0.0207413226297807	-0.183510493318762	-0.00185387715714649	0.380965198271466	0.935207798403375	0.44526944588235	0.991644018776915
Allofrancisella guangzhouensis	0.106499124993928	0.0710068959414354	0.0275816779314858	0.177393066826009	0.0669182955136192	0.0923536579629797	0.0679204222067678	0.381134231205374	0.254406577841432	0.438154647143607	0.591305362045493
Halothermothrix orenii	0.108745818932687	0.0198680793918747	0.716248803720422	0.396028758982509	-0.163038340412701	-0.0281202186622667	-0.0818938480896329	0.385564718332986	0.107243721358351	0.911035310195168	0.789328124963583
[Eubacterium] cellulosolvens	0.108888321451016	0.839472282612543	0.0473133471032727	0.196771466681548	-0.0268044572539379	0.302702987855398	0.238948313683832	0.385564718332986	0.957870565705313	0.470012311149123	0.617355801336961
Vibrio metschnikovii	0.109103267871822	0.0298185432976085	0.707131323498602	0.754361930264867	0.116746847758937	0.0218914873661671	-0.0222935577911828	0.385564718332986	0.140061138470017	0.911035310195168	0.919109397322532
Streptococcus pneumoniae	0.109315687797581	0.031303671326027	0.0909607491227134	0.108252660986765	0.199323505563877	0.17365241411072	0.202513438570715	0.385564718332986	0.146333430074298	0.528265644312743	0.48331269969085
Anaerocolumna cellulosilytica	0.110065047633955	0.0748510997162368	0.180133788932963	0.0316931408198702	-0.242390514695136	-0.203156572422459	-0.408256429925434	0.38681133646897	0.261708501945221	0.623575624920865	0.325938932431717
Basilea psittacipulmonis	0.111303738408844	0.0241196456746579	0.809102034724417	0.253732300128085	0.292645729819504	0.033834961528163	0.196722443753642	0.389014724597372	0.120386532479647	0.93889415099221	0.691274091765086
Candidatus Enterovibrio luxaltus	0.111657330510332	0.0646078145171995	0.0469582816849804	0.0964362749595287	-0.172101557091472	-0.206593248240101	-0.208730499305494	0.389014724597372	0.240006976362372	0.470012311149123	0.461847103740293
Porphyromonas cangingivalis	0.111886527750114	0.209064631603762	0.787109938094233	0.11686519821999	0.146060736420933	-0.0349695432749405	-0.253928894038606	0.389014724597372	0.510640362692188	0.93719320471011	0.496423037656219
Amniculibacterium sp. G2-70	0.113879012112431	0.0756970993468482	0.293445360764982	0.0309191921997001	0.0915694985591098	0.0594623737608386	0.152141462204188	0.394538279552642	0.263188847195269	0.72932307363565	0.324817750312979
Desulfurella acetivorans	0.115383811363561	0.0266898299156994	0.314010862697211	0.0969075294439713	-0.0834024064531005	-0.0410996305189046	-0.083402406451185	0.398339165025438	0.129088929839794	0.736436835790232	0.461847103740293
Marinobacterium sp. LSUCC0821	0.116131050244467	0.0393959486358651	0.0743101863182503	0.862779535378978	0.0778189142857835	0.074813360273618	0.00868332312991139	0.398973081697174	0.169558774525287	0.509850709961917	0.966823998824544
Lactobacillus helveticus	0.117112062569771	0.0385018114298844	0.454055899759373	0.607953682260864	0.0908763405857622	0.0360087736549455	-0.0302667701706474	0.398973081697174	0.167183421186654	0.828051704139848	0.872199994182622
Klebsiella variicola	0.117499868735551	0.0241643320901046	0.801883649612826	0.302791973329057	0.276314042979712	0.0332306936757494	0.167926831120873	0.398973081697174	0.120386532479647	0.93889415099221	0.723295251693126
Fusobacterium ulcerans	0.118175217723311	0.119447166985603	0.0381445526969485	0.0790073451488772	0.365479112013006	0.558759136957793	0.581771592672198	0.398973081697174	0.361299944721159	0.456703694582337	0.415457902204817
Erysipelatoclostridium ramosum	0.118730532959955	0.5488830168287	0.0749927940349472	0.0399026817442232	-0.111505770363687	-0.383322272783859	-0.552354163531868	0.398973081697174	0.805193254416877	0.509850709961917	0.356442241443135
Hungateiclostridium thermocellum	0.118823181079026	0.990024993631397	0.0470788775076247	0.150083773757508	-0.00293571184387502	0.545914958526721	0.485425794545739	0.398973081697174	0.997748315162607	0.470012311149123	0.551097842608886
Devosia sp. I507	0.119053525378542	0.082605233434045	0.208745953098874	0.0327403384538617	0.129845907873697	0.104293915853202	0.221488163695733	0.398973081697174	0.280180235885324	0.627743173147756	0.329766089375494
Candidatus Sulcia muelleri	0.119442796362921	0.0516734252655573	0.0506906457586877	0.124304758917403	0.240173201673591	0.273525009600527	0.26394271861482	0.398973081697174	0.206060965242651	0.470012311149123	0.510276258244969
Thalassolituus oleivorans	0.11948008501328	0.997674949267744	0.0619230569207501	0.511107678269339	-0.000115769650090246	0.0871582348251977	-0.0373415561480181	0.398973081697174	0.998697157207567	0.505275049358082	0.852041559783954
Spirosoma pollinicola	0.11965108796036	0.239973657210444	0.017467112222632	0.392506478262518	0.0663984754173981	0.153986254203964	0.0654374938010641	0.398973081697174	0.549073215678228	0.37923041425581	0.789328124963583
Lysobacter oculi	0.120082565933919	0.0423425450417989	0.448514280630975	0.0625366284889824	0.222545614060692	0.0903229965253137	0.275256573072973	0.399049887474281	0.180087708242528	0.825477954263564	0.409027708698896
Sodalis endosymbiont of Henestaris halophilus	0.120701974279984	0.022215880739174	0.115734064155492	0.290676911621368	0.139027550036464	0.105983084249296	0.087141575825907	0.399748572445912	0.115997635054926	0.543616253268827	0.711757751012722
Weissella confusa	0.12134571364536	0.0235901025626908	0.816450056410808	0.561854682793009	-0.161216572895571	-0.0180743220096354	-0.0559465782369299	0.400522845376746	0.119417254941704	0.94156073917878	0.862328900060624
Bifidobacterium animalis	0.1220774994563	0.0708536983938116	0.156275143810733	0.0423486068604007	-0.330116626871531	-0.285922800218115	-0.505168383008834	0.400862151175748	0.254406577841432	0.612728079251834	0.356442241443135
Azotobacter vinelandii	0.122269110594036	0.0669463472357072	0.0313928611054785	0.278596282759215	-0.0609524769979924	-0.0815447024942819	-0.0495879877670241	0.400862151175748	0.245184943312334	0.438154647143607	0.711757751012722
Barnesiella viscericola	0.122881642120855	0.0974462511282994	0.348817922399085	0.949425470722736	-0.44332982425956	0.277382324683659	0.0229116359124022	0.401091806257837	0.31524830249122	0.75764149258444	0.983323954921326
Phascolarctobacterium faecium	0.123741577626923	0.476671625087656	0.0392662337204875	0.0792392060354865	0.153306513356032	0.515532182857026	0.53925998608933	0.401091806257837	0.756038156413855	0.456703694582337	0.415457902204817
Thiomicrorhabdus indica	0.123787127798896	0.309287852050639	0.110054945592163	0.968981699414616	-0.0844760349390763	0.151259790397988	-0.00446901540740177	0.401091806257837	0.615426133306465	0.543134407120906	0.987662355068599
Spirosoma rigui	0.123981295281338	0.0379726933066351	0.0720917254458698	0.722880128825427	0.0949699960640555	0.0909431927463509	0.021381441720452	0.401091806257837	0.166494922463309	0.505275049358082	0.917963930999779
Listeria sp. PSOL-1	0.124719003060956	0.382447968966466	0.0323073300198429	0.100772148437186	-0.0418156318903469	-0.117776726453179	-0.109462159428831	0.402146752444072	0.691947529037476	0.442931525672889	0.467610387373582
Weissella jogaejeotgali	0.12561124899103	0.234772208548394	0.070178435761459	0.0425367913415723	-0.0835179360212826	-0.143751893893424	-0.197701305459771	0.403691415342882	0.539699877063013	0.505275049358082	0.356442241443135
Tessaracoccus defluvii	0.127587437898883	0.947398874701178	0.965554613044961	0.0288464038664934	-0.00463503835948993	0.00338606417034829	0.215997011345709	0.408698120744947	0.993529192303189	0.992744784504095	0.313143739750712
Sinimarinibacterium sp. NLF-5-8	0.129618537759009	0.0455809423771015	0.632943430703733	0.0826533970720744	-0.128043465543391	-0.0332615719041252	-0.150106582531327	0.413847422844939	0.186438889311386	0.904243740974825	0.423697598140347
Mahella australiensis	0.130288355347243	0.293593567832632	0.0436274975635626	0.0678224041036041	0.0985125337467761	0.217980075569883	0.242631615321495	0.414631020111585	0.607027558651703	0.470012311149123	0.409027708698896
Kosmotoga pacifica	0.131920495473256	0.175602924211248	0.160990198853184	0.028335312454203	0.0589004222582779	0.0685721709247775	0.134499516697488	0.417398427134899	0.459731829323701	0.61445356846326	0.313143739750712
Euzebyella marina	0.13201239916549	0.283487216431586	0.229934359924941	0.269879222174094	0.0470708514185846	-0.0590598224012648	-0.0663987617976031	0.417398427134899	0.595878261543027	0.653465141878066	0.706869110456952
Spirosoma sp. CJU-R4	0.134110832211625	0.133384705261473	0.0848474047006706	0.0470505946588811	0.0938936036469967	0.121822172298526	0.174003433695574	0.42266542926051	0.390170230660056	0.519692538210985	0.373760224853131
Hyphomicrobium sp. MC1	0.134827886737387	0.0357154508327272	0.319848660195778	0.802529694440147	0.0711566022316412	0.0366713028493692	-0.0111507226647077	0.423558988239316	0.160064199374195	0.736436835790232	0.940870607815893
Akkermansia glycaniphila	0.136622451318685	0.221287574016807	0.108861591949927	0.0350892130611989	0.165065914969562	0.244192757822922	0.39876246236491	0.427820945315242	0.520415473678707	0.543134407120906	0.342821611607913
Nostoc sp. TCL240-02	0.138056643423235	0.0295814542903881	0.731677870953952	0.944795533506294	0.135918023311372	0.0234501310925136	0.00584261646434053	0.428969974259764	0.139618748027581	0.917541397490177	0.983323954921326
Enterococcus faecalis	0.138154963077384	0.104751414045557	0.539029516382815	0.496410820212155	0.141714374213873	-0.058838063579985	-0.0793192356492132	0.428969974259764	0.334451410204278	0.88958080659799	0.843713174434795
Spirosoma sp. I-24	0.138306593543322	0.10015281431524	0.0291979680854075	0.413359847989833	-0.168138648213462	-0.255319974455932	-0.115204808476657	0.428969974259764	0.322934982131979	0.438154647143607	0.790318143808349
Lactobacillus sanfranciscensis	0.139592718693863	0.669385853414765	0.18092361841521	0.0901633192436951	0.0366570536023558	-0.130660010870717	-0.205404068262712	0.431588880265519	0.875889811633943	0.623575624920865	0.44044781450545
Anaerolinea thermophila	0.141159306009103	0.0351705772579215	0.380367559350126	0.107410817707503	0.134732757762348	0.0619841107337806	0.142421361265051	0.43167593060295	0.158348635857093	0.782356011547522	0.48331269969085
Emcibacter sp. MEBiC09520	0.141391011063931	0.181280085332137	0.0946168221252982	0.0441027850175138	-0.150801495956052	-0.211195128901009	-0.312086151004012	0.43167593060295	0.469789504958881	0.537445553583816	0.360646497388363
Acetomicrobium mobile	0.141506208742293	0.129800144136319	0.0452381689332656	0.952346195017363	0.103579908104159	0.15539025356905	-0.00555211146616575	0.43167593060295	0.383126105199951	0.470012311149123	0.984594955060279
Paraglaciecola psychrophila	0.141797398087858	0.0286691213292084	0.829944622105115	0.645177759215723	0.139995062417442	0.0149893533363895	0.0396335475028325	0.43167593060295	0.136632836773837	0.944253584135456	0.880841778661323
Tumebacillus avium	0.141830065223692	0.0628465516207336	0.353256053008595	0.0530094746792164	-0.158026290058362	-0.0862647650294013	-0.222960143999698	0.43167593060295	0.238254697194451	0.76127026321989	0.394765362362239
Clostridium argentinense	0.142343868874705	0.733674394135526	0.106277778785877	0.135047946001889	-0.088374274712042	0.483375246609276	0.552596052307264	0.431894285374492	0.917665516320839	0.543134407120906	0.519456075763173
Flavisolibacter sp. 17J28-1	0.143227532993557	0.0231550768546086	0.528754693526755	0.600329599749221	0.198364384193513	0.0593435581119079	0.0600158449063786	0.433230030138405	0.119065842562909	0.881558593132491	0.868498797616435
Deinococcus radiodurans	0.144864162616068	0.734281837959351	0.30083643671972	0.0992606897883034	-0.0149070174509702	-0.051174844424792	0.101014669127913	0.436828045913267	0.917665516320839	0.72932307363565	0.464008104895562
Marichromatium purpuratum	0.146437833889615	0.0710880202156714	0.103710090177297	0.077164515264332	0.0954761567899712	0.0953889732234829	0.126475554677902	0.440012919813965	0.254406577841432	0.543134407120906	0.415457902204817
Klebsiella oxytoca	0.14682109709248	0.0245265299322565	0.256645014579885	0.250036816310148	0.249516945768313	0.136781545822159	0.169078396738781	0.440012919813965	0.121022321938457	0.679518100933733	0.691274091765086
Agarivorans gilvus	0.148104962704572	0.0349563015114116	0.989595855842432	0.568516621904051	0.114223845266311	0.000763363721670631	0.0407068490569563	0.442503206612744	0.15811253044745	0.995039196203935	0.862328900060624
Porphyromonas crevioricanis	0.148687056706148	0.419371077929211	0.0297825096865461	0.966317405047134	0.0434129915023121	0.133500877880326	-0.0030609285919681	0.442887970737519	0.721347787212745	0.438154647143607	0.987662355068599
Laceyella sacchari	0.149864619239176	0.598553270904941	0.130459944890596	0.0407437420819039	-0.0282681146757144	-0.0924059666955983	-0.155714303900677	0.445038702117554	0.845885761677308	0.567776168332853	0.356442241443135
Pantoea eucalypti	0.150439867895637	0.189090783947598	0.0684637494361097	0.634691600173938	0.14199404731151	0.224160308323692	-0.0706249924162327	0.445393184648598	0.478605429836279	0.505275049358082	0.880584521024574
Algoriphagus machipongonensis	0.152927139627895	0.170641093882776	0.0354795455440567	0.876334432662339	0.0881944440436646	0.155478698828488	0.0138154273573988	0.449900149418351	0.453033556313784	0.456098894691361	0.968256413895279
Bifidobacterium longum	0.153402672045136	0.110825678498097	0.0392318630529246	0.193880508647195	-0.324871254477423	-0.472691617234811	-0.356413503228999	0.449900149418351	0.342949953547606	0.456703694582337	0.61700735162316
Pseudoxanthomonas mexicana	0.153767837758421	0.790334003780647	0.510184277513239	0.0271470921921493	0.00734302786835468	0.0203849869945107	0.0862069410123639	0.449900149418351	0.935469101569888	0.868379859112256	0.313143739750712
Lachnospira eligens	0.15390181071998	0.223972468097237	0.0487570777630207	0.0886539324649144	0.186156391816809	0.344301730269282	0.363565640804058	0.449900149418351	0.523495457729666	0.470012311149123	0.44044781450545
Allopseudarcicella aquatilis	0.15426463669923	0.0440151095700973	0.137818822510873	0.949733832786034	0.14167825078451	0.114754326312084	0.00584788399644866	0.449900149418351	0.18455015064624	0.582896058844688	0.983323954921326
Syntrophobotulus glycolicus	0.154890554020978	0.0800659808517996	0.24028038876828	0.524614988551299	-0.0678891951373405	-0.0501248596803165	0.032839584894237	0.45038116451933	0.273512109413315	0.66043896136601	0.858431503006606
Olsenella sp. oral taxon 807	0.156068557944249	0.712705985282016	0.0701406009032565	0.72857072740393	-0.0495635605619802	0.28094886297366	-0.06515056212458	0.452459884603951	0.905479515761418	0.505275049358082	0.917963930999779
Prevotella enoeca	0.159591165387625	0.0445267942254777	0.101057889596956	0.722184076373995	0.292361465519854	0.27000179364723	0.0715092175231311	0.458819468091921	0.18455015064624	0.543134407120906	0.917963930999779
Thermovirga lienii	0.159660209522283	0.0670055065142204	0.760279070068533	0.0914446651006646	0.182956340387673	0.0331972444890121	0.227516723916865	0.458819468091921	0.245184943312334	0.919422449293405	0.444484765190793
Aneurinibacillus soli	0.159769368377209	0.442962470346112	0.601529427867806	0.058184454636809	0.0309136147149285	-0.0233650345823517	0.105396936681891	0.458819468091921	0.741132635618302	0.903952195757992	0.394765362362239
Oscillibacter sp. NSJ-62	0.160140674124202	0.0430299652493549	0.118419030012394	0.784612620437906	0.300291063907619	0.262056894349069	0.0561163886488832	0.458819468091921	0.181992537007012	0.549838698557197	0.938771619244793
Actinomyces qiguomingii	0.160981095364463	0.0362773449186358	0.760382127972437	0.963787513401846	0.052603190635583	0.00828959454644867	0.00150078509839777	0.459878743190293	0.161104390843214	0.919422449293405	0.987662355068599
Leptotrichia buccalis	0.162446476143374	0.0718010193870099	0.183055222259139	0.0672033128481255	0.060439298158733	0.0496965564813916	0.0848639702093818	0.460963388647492	0.25508943978585	0.623575624920865	0.409027708698896
Cryptobacterium curtum	0.162729950599799	0.874975972609013	0.08313590538797	0.172261426354256	-0.028884756260599	0.36199385720508	0.345774000136457	0.460963388647492	0.972637463083751	0.519692538210985	0.584372963708708
Pseudomonas azotoformans	0.163074775586349	0.0488525536716691	0.967411616059345	0.291816254868222	0.119420944713012	-0.00270320321470262	0.0861193624130642	0.460963388647492	0.196415411264283	0.992744784504095	0.712691000944903
Candidatus Endolissoclinum faulkneri	0.163248037330637	0.453277456943663	0.0341760856391525	0.937915055715613	-0.0473896904493979	-0.152793139108315	0.00664022791533891	0.460963388647492	0.748396602425535	0.44526944588235	0.983200653899307
Alkalilimnicola ehrlichii	0.164698657047762	0.128824231230464	0.0519563250809676	0.119523236946885	-0.178963113116172	-0.261415839816885	-0.256618667380163	0.463719273589809	0.382557063562807	0.470012311149123	0.502450414704198
Corynebacterium matruchotii	0.16756161440862	0.0347605690776025	0.14229227190498	0.276152704863407	0.0963043026820633	0.0733589908183408	0.065836107685951	0.467466809096867	0.157958492971245	0.586580378274958	0.711757751012722
Arachidicoccus sp. BS20	0.167576658115466	0.559931880359466	0.297568716625813	0.133734465660507	-0.0450015820209803	-0.0905331198605072	0.161128059104075	0.467466809096867	0.814067629629759	0.72932307363565	0.519456075763173
Bacillus megaterium	0.167898099870671	0.154681142185403	0.29819080620521	0.984584070052019	0.0532897086902705	-0.0432355816355442	-0.000974867260092095	0.467466809096867	0.423074709388886	0.72932307363565	0.991644018776915
Roseburia hominis	0.167943551681679	0.810268129267191	0.105927870377687	0.0775739535384641	0.0398880935703848	0.303910954208961	0.405040710096249	0.467466809096867	0.946230717223642	0.543134407120906	0.415457902204817
Coprothermobacter proteolyticus	0.171711617323131	0.0321309870443242	0.268195670085202	0.763893280430493	0.3118173972328	0.178509919747468	0.0595068721473509	0.476597301490621	0.149485592106213	0.698780529103248	0.925959968958551
Caproiciproducens sp. NJN-50	0.173970522693248	0.36181272800855	0.241327235627088	0.264834831370522	-0.0346667587000288	0.0497362214357399	-0.0575481778553076	0.481499152043351	0.671438798888709	0.66043896136601	0.703107690894021
Cellulomonas gilvus	0.17478417230462	0.0390542839942821	0.128704590046525	0.28046984422181	-0.0882451808875209	-0.0713670606433696	-0.0612357575633274	0.482384565936763	0.168832015320414	0.567776168332853	0.711757751012722
Rheinheimera sp. LHK132	0.175769554500518	0.108324393604882	0.0408443827614759	0.379745605086179	0.075922365414534	0.110754349931533	0.0576071745373469	0.483737619005652	0.340612661370611	0.464011185557697	0.784555666864248
Alistipes communis	0.176798898438077	0.550839917837626	0.0302889502925537	0.505750434774888	0.10877222645129	0.463635397778331	0.17201253801583	0.48470480026556	0.806852473354364	0.438154647143607	0.846092765025797
endosymbiont of unidentified scaly snail isolate Monju	0.17711321770195	0.0293873819568578	0.309787677870849	0.333771315566479	0.111458528230614	0.0569219793420231	0.0665333722162319	0.48470480026556	0.139376078504127	0.735507770067021	0.742775338397083
Spirosoma radiotolerans	0.179049432863382	0.113701927165797	0.855327907725907	0.121043569662066	0.0745334666091974	-0.0094068924649189	0.0988542319752244	0.488385260949475	0.349329505789257	0.951771487298646	0.502450414704198
Megasphaera stantonii	0.17945783897734	0.0526118295804495	0.148068283728996	0.1274818527018	0.405351335964462	0.340716155770804	0.446252425628845	0.488385260949475	0.207375789067106	0.593227535428694	0.512550494196126
secondary endosymbiont of Heteropsylla cubana	0.181089238170803	0.036476752479905	0.69162493881238	0.321671005994478	0.242123288565998	0.049818582273307	0.152748198852853	0.491456071369095	0.161256955533336	0.911035310195168	0.739429981482393
Oenococcus oeni	0.182436774380714	0.1936206909998	0.829747066982315	0.0489172985562625	0.0699520037641122	0.012835528983479	0.148001762811477	0.493741630387695	0.488804690198461	0.944253584135456	0.379303180075146
Vulgatibacter incomptus	0.183536864848536	0.13753937044581	0.684703086590692	0.394455135896341	0.0659029535659147	-0.0197862634970313	-0.0506782529897729	0.494652819833557	0.394764436825617	0.910122983336732	0.789328124963583
Planococcus donghaensis	0.184196639730781	0.086215432893578	0.0537428980784772	0.265797192771051	0.126645475986466	0.1631149118955	0.114943790236687	0.494652819833557	0.288467390195294	0.47733464929702	0.703750290887039
Lacrimispora sphenoides	0.184292350480465	0.387781135720115	0.236596783223762	0.0335188467339261	-0.100820373363711	-0.158501503021759	-0.360955164332374	0.494652819833557	0.700299758962205	0.656904720350981	0.334162380194345
Chitinophaga caeni	0.185378490213989	0.0935682360980808	0.579334318793301	0.877725082593574	0.0704848536990468	-0.0255075856579873	-0.00859869531568406	0.494888245497238	0.307009627717905	0.901070189274719	0.968256413895279
Lysobacter soli	0.185484330887413	0.148037926583105	0.430392653638573	0.612302283057456	0.0979353708137405	-0.0597026106316888	-0.0472890770260114	0.494888245497238	0.412059983680039	0.814106461975369	0.872199994182622
Aquifex aeolicus	0.18599946917644	0.137783698011807	0.594291464803126	0.20339822428918	0.0602438316419707	-0.0237587490320578	0.0696427339640438	0.494888245497238	0.394764436825617	0.901588138373686	0.624905865190344
Thalassotalea sp. PS06	0.186601683809137	0.604309901179029	0.784603239054365	0.0661066617028344	-0.0198445890944526	0.0116700959477802	0.0979730966604827	0.494888245497238	0.850735984801026	0.93719320471011	0.409027708698896
Candidatus Doolittlea endobia	0.186912755975927	0.403321112313273	0.134409962979366	0.840670070174631	0.0310759110019891	-0.0635036892979556	0.0103879141025594	0.494888245497238	0.709324054814296	0.574063852333917	0.956537841718767
Sulfurifustis variabilis	0.189058127368796	0.14147611632715	0.115582181481173	0.0729427868288315	0.105931149869732	0.126408111370755	0.176140227353592	0.498920880004113	0.400643958410507	0.543616253268827	0.409569555929703
Acinetobacter nosocomialis	0.18945716118887	0.0332728905065634	0.590004646306358	0.504990202468651	0.147947872153517	0.0405275118420764	0.0610773543210037	0.498920880004113	0.152578169153013	0.901588138373686	0.846092765025797
Herbinix luporum	0.190379540979681	0.702418156128741	0.0367016178592364	0.602848737072327	0.054133163486831	0.345944856523108	0.104045181734484	0.500002181551475	0.895904097307807	0.456703694582337	0.868706808436082
Streptococcus iniae	0.191312991611927	0.0483510509755025	0.505414739575019	0.148915043539759	0.121348968895379	0.0445315201684918	0.118702149060542	0.500732428193098	0.195202383483744	0.866298597482095	0.549018858635261
Thiomicrorhabdus sp. G1	0.191997950124591	0.528051823862575	0.0788982464457177	0.487591789248034	0.0652020045552571	0.205609970101963	-0.097173946045652	0.500732428193098	0.793702510636517	0.517339508573599	0.837814612523652
Bermanella marisrubri	0.192195148999398	0.54187541286984	0.852540664363606	0.0362640795735517	0.0228156295839953	0.00779717232727316	0.11122453115929	0.500732428193098	0.803999402753224	0.951771487298646	0.347352997483921
Blautia sp. LZLJ-3	0.195390265187412	0.630838025993374	0.188637121235018	0.0473390605535456	-0.0832746704999646	-0.260449916786604	-0.493358769832774	0.507702896510908	0.865746423262751	0.627743173147756	0.373760224853131
Fibrella sp. ES10-3-2-2	0.196339966726189	0.0866921840463724	0.492986031144841	0.075252796808852	0.118453849981663	0.0519045137077363	0.166800017598737	0.508212702929649	0.289072572741658	0.862343451585385	0.415378432103098
Desulfobulbus oralis	0.196736109657907	0.0381728379035631	0.692521480643717	0.666352744931588	0.228237958509836	0.047965837428978	0.0647298262716536	0.508212702929649	0.166494922463309	0.911035310195168	0.894185142236326
Chloracidobacterium thermophilum	0.19714699530229	0.047915108054369	0.289189651434453	0.148339029933861	0.233828605563254	0.139068594351114	0.23596562116379	0.508212702929649	0.195054419037994	0.728879313502408	0.548966788808268
Brochothrix thermosphacta	0.201214964838802	0.0522515587940126	0.983846251718946	0.748179831873345	-0.105858385290668	0.00120557636679991	-0.0234386900003196	0.517334264861866	0.207375789067106	0.993456269951875	0.917963930999779
Prevotella intermedia	0.203258910272852	0.633843644133968	0.151676943131419	0.0570233220985101	0.0984241632240228	0.341661590477034	0.568886364704914	0.521217730542195	0.865746423262751	0.599952928904439	0.394765362362239
Roseococcus sp. NIBR12	0.203892821087529	0.151889594019084	0.822817084736768	0.0708443373535625	0.070452809042316	0.0123100979777734	0.125549393600019	0.521474571210773	0.41953303031862	0.944253584135456	0.409108505317292
Tepiditoga spiralis	0.205067486340788	0.044475106778625	0.359109802598348	0.188044659194753	0.0497467011743059	0.0247368128965971	0.0434605943754939	0.522272499225312	0.18455015064624	0.762494816119142	0.608343152428059
Bifidobacterium dentium	0.205273940330112	0.208289465748325	0.405458485340913	0.042394848722804	0.255407849746809	0.189202359506683	0.582335576453902	0.522272499225312	0.510022075278481	0.792833466352465	0.356442241443135
Odoribacter splanchnicus	0.206551591794024	0.156934080976324	0.29425130855523	0.407421771454033	0.228610322354626	0.191885433910131	-0.187642041924155	0.524158195279901	0.42354861081179	0.72932307363565	0.790318143808349
Mariprofundus ferrinatatus	0.207341094414495	0.0451581187137254	0.671448149046042	0.924204086164379	0.0742349806543902	0.0170780070210771	0.00466363710319559	0.524237964728828	0.186158151828311	0.907337263648663	0.9759839231059
Libanicoccus massiliensis	0.207937808633464	0.508167296479776	0.110628195513879	0.0674828406493139	0.0824659740428097	0.230064723788213	0.329193233288606	0.524237964728828	0.780286533712377	0.543134407120906	0.409027708698896
Candidatus Mikella endobia	0.208194337535104	0.045607875686204	0.834833199136182	0.718420794157459	0.134841641971408	0.0152507105667872	0.0321104742584899	0.524237964728828	0.186438889311386	0.946208857953654	0.917963930999779
Allochromatium vinosum	0.208729343172481	0.0969013267001108	0.891005656154177	0.575426056904733	0.0997537732629639	-0.009089919691932	-0.0458067502528494	0.524237964728828	0.314526897627934	0.974322082110168	0.862328900060624
Helicobacter cetorum	0.211984312895327	0.164427517560839	0.0449663415021468	0.396683837622435	-0.056665395269349	-0.0925697584825651	-0.0468497720372964	0.531047881278806	0.438922635674699	0.470012311149123	0.789328124963583
Bacillus vallismortis	0.212903695659372	0.0750034601275965	0.725697473334025	0.132591396378355	0.0978033923304971	0.0210230793935554	0.111198335575307	0.531986983783138	0.261708501945221	0.914847008319152	0.519456075763173
Wolinella succinogenes	0.213495636990745	0.210266464652369	0.075253147183489	0.804974113784822	0.0908104514405679	0.145269145350389	-0.0241074349368441	0.532105197295812	0.511314534332156	0.509850709961917	0.940870607815893
Indioceanicola profundi	0.214582476779291	0.175112688002458	0.0504662134805346	0.747367400024459	0.13602634710426	0.222869066380345	0.0439788017663399	0.532383053426196	0.459731829323701	0.470012311149123	0.917963930999779
Halorhodospira halochloris	0.215788493050927	0.0651339427010622	0.893350050460293	0.451067300408213	0.0787706209692034	-0.0062320445148295	0.042782468847319	0.532383053426196	0.241044931889916	0.974322082110168	0.817354503335298
Vibrio mimicus	0.216123081483589	0.45081108140141	0.0436591607522025	0.273392680570944	-0.0312630194792909	-0.0952203844986788	-0.0617379695070404	0.532383053426196	0.748396602425535	0.470012311149123	0.708500395007459
Cloacibacillus porcorum	0.216834749757278	0.74522848277052	0.0561599875102193	0.25260565391195	0.0592376550288351	0.400262002257779	0.290474942893436	0.532383053426196	0.920636509055812	0.487264413276737	0.691274091765086
Megasphaera elsdenii	0.217051882205656	0.0585683625186653	0.810120541746605	0.90648203058037	-0.559703900874845	-0.0790033031864738	0.0478984301383998	0.532383053426196	0.22495444559072	0.93889415099221	0.969961262808443
Candidatus Desulfofervidus auxilii	0.217524558834179	0.330732273367949	0.184416681902885	0.899225303471772	-0.122802144042666	0.188874480581189	-0.0218760396141963	0.532383053426196	0.636131297669157	0.623575624920865	0.969961262808443
Megamonas funiformis	0.217708646103556	0.206817830983757	0.417094865305871	0.313420194277685	-0.440800633465955	0.314226867317634	-0.47779702312803	0.532383053426196	0.508292457622672	0.805339295264498	0.736085408195429
Anaerostipes rhamnosivorans	0.217966449713898	0.577863880531503	0.0486208974466417	0.971012771682509	0.0743877328686088	0.307175909376084	0.006848693817925	0.532383053426196	0.827819664632373	0.470012311149123	0.987662355068599
Methylomusa anaerophila	0.21892260792549	0.69644347259643	0.082857366981098	0.121319366200592	0.0521446960843187	0.270497996915159	0.299030700294507	0.53338500733966	0.891208319424124	0.519692538210985	0.502450414704198
Enterocloster clostridioformis	0.219727600822785	0.0717717500778119	0.10946998850381	0.732394523294501	0.20777294457947	0.207929454770757	0.0540656448182708	0.534014592049406	0.25508943978585	0.543134407120906	0.917963930999779
Thermodesulfovibrio yellowstonii	0.220472992429351	0.221535626875807	0.190281399071665	0.0576050208842004	-0.0609026555945546	-0.072709987642494	-0.129862023790662	0.534496559810115	0.520415473678707	0.627743173147756	0.394765362362239
Bordetella parapertussis	0.222496961403894	0.718287128583184	0.126122393556461	0.355394540310753	-0.0155049687489024	-0.0742100732463403	0.0540359388766319	0.538068146761396	0.908265575783719	0.562655609610331	0.759448860875708
Bacillus sp. KH172YL63	0.223527282203834	0.233009703811482	0.0501928704346287	0.83998765092612	0.100032086806549	0.18640643152495	0.0229285101254901	0.539225073365792	0.538180805257252	0.470012311149123	0.956537841718767
Helicobacter typhlonius	0.224384555931778	0.545600413536732	0.293012211726732	0.199677004321883	0.0488864249546596	-0.0950998478815119	0.141635685281925	0.539959879668343	0.803999402753224	0.72932307363565	0.617355801336961
Bacteroides uniformis	0.225377202246914	0.278667927143233	0.0756121104108378	0.782162604493855	0.192771370172975	0.362563154372914	-0.0684333613643784	0.541016035860528	0.593767213970513	0.509850709961917	0.937635416675456
Candidatus Desulfovibrio trichonymphae	0.226665142076918	0.239865261876407	0.889465211321522	0.0638048923329239	0.12836242524769	0.0169616190666647	0.285425433867991	0.541503772391047	0.549073215678228	0.974322082110168	0.409027708698896
Vagococcus teuberi	0.226688887316211	0.36548925704634	0.661423417528695	0.150607086977045	-0.0549968875436254	-0.0294946364780824	0.119244254328285	0.541503772391047	0.672472700817843	0.905056973285063	0.551097842608886
Fibrobacter succinogenes	0.231306611858934	0.0435211594682477	0.493398146812927	0.353418081379098	-0.200989392199432	-0.0753615263991711	-0.126640860577273	0.551186731185802	0.183276606898612	0.862343451585385	0.759448860875708
Hippea maritima	0.234606127222198	0.773469626501866	0.166970414572005	0.0835876808620208	-0.0146437272640389	-0.0791681649019531	-0.12147094082586	0.556124811100502	0.926078217024906	0.615585264289996	0.423697598140347
Bacteriovorax stolpii	0.23503621949087	0.669888626190517	0.218307514125204	0.161742256770451	0.0266617349483289	-0.0883288204530578	-0.12490507957603	0.556124811100502	0.875889811633943	0.646322549394922	0.565754687944192
Achromobacter insolitus	0.235283973474923	0.601442099170094	0.114907996913411	0.425810819642882	-0.0349889609295862	-0.119213211584502	0.0724015987750007	0.556124811100502	0.847920535193625	0.543616253268827	0.804015865698199
Caloramator sp. E03	0.235655754140847	0.992897764569911	0.0657799187278231	0.848392962012905	-0.000999963847302227	0.241002169406725	0.0304214222826715	0.556124811100502	0.997748315162607	0.505275049358082	0.961830708881335
Neisseria meningitidis	0.236527903992694	0.120470591774736	0.820312121272013	0.219920279130388	0.0751256422319955	-0.0122189888198844	0.0822968493624814	0.556341832535242	0.363270889394806	0.943986975833636	0.649070520404931
Desulfovibrio ferrophilus	0.236900564025688	0.0544213256650606	0.185460195683194	0.287956998176133	0.0579679917502805	0.0438399471302358	0.0426375141449091	0.556341832535242	0.211831215835714	0.624809004077518	0.711757751012722
Oceanicoccus sagamiensis	0.237456032924458	0.453142540015432	0.113361817726244	0.0818607648875675	0.177692783512321	0.432116966920935	0.591215067573809	0.556341832535242	0.748396602425535	0.543616253268827	0.423163848122505
Leclercia adecarboxylata	0.238080285912159	0.304929361153316	0.698219956128104	0.183736272792871	0.106583035187228	0.0448164392966929	-0.190296253858891	0.556469950565022	0.613990708106833	0.911035310195168	0.599557139361711
Pediococcus acidilactici	0.239249893911915	0.290095560253608	0.787328874443826	0.0560869787844193	0.078069266577112	0.0223296002062325	0.199968234595069	0.557869084372175	0.603028430569733	0.93719320471011	0.394765362362239
Anaerolinea sp. rifampicinis	0.241761623783661	0.547995185647317	0.044742619898229	0.537729955233316	0.0177866779005141	0.0678910309009248	0.0248473407304749	0.562383586753896	0.805099693800645	0.470012311149123	0.858431503006606
Guyparkeria halophila	0.242554401282464	0.271228726239865	0.318017748927673	0.438663381262232	0.0528795155231826	-0.0534374139633251	0.0504410645373045	0.562887529817024	0.587562007841128	0.736436835790232	0.812201348415883
Ignavibacterium album	0.243630293702907	0.47469357610553	0.965274593958525	0.0578614227043521	-0.0462409413307357	0.00312313704744925	-0.169509898697587	0.563040002509729	0.756038156413855	0.992744784504095	0.394765362362239
Pseudobutyrivibrio xylanivorans	0.243796639277379	0.791477873393644	0.400251273775504	0.0515702342097176	0.0356021728097414	0.129322353359786	0.378786726073086	0.563040002509729	0.935469101569888	0.792435943591619	0.390574564518559
Desulfomicrobium orale	0.244355463805578	0.0445791561438205	0.484621153265902	0.513666815468525	0.38152998179818	0.147777295476993	0.171363498094063	0.563040002509729	0.18455015064624	0.862343451585385	0.852041559783954
Asticcacaulis excentricus	0.244925282565645	0.0636561394242584	0.561776530352449	0.190442912924093	-0.093295485035726	-0.0320291185296683	-0.0894302169994144	0.563040002509729	0.238283709645596	0.89099946453627	0.610799687572721
Kroppenstedtia pulmonis	0.248809439692309	0.116547185870594	0.989458010548436	0.540197428655673	0.0539864245950672	-0.000497676834682793	-0.0281428658620714	0.570583239425137	0.356948591208685	0.995039196203935	0.859564963838099
Clostridium kluyveri	0.249957867824146	0.762511823530547	0.298392673858377	0.0611953724603909	-0.0221886577837137	-0.0855096817309876	-0.190319517830593	0.570583239425137	0.926078217024906	0.72932307363565	0.408401821178746
Bacteroides cellulosilyticus	0.250480456499607	0.0481740555688721	0.338207028304844	0.668091226660559	0.375920957253998	0.202548894288624	0.11177319823029	0.570583239425137	0.195202383483744	0.750973333304164	0.894185142236326
Clostridium estertheticum	0.250542691620659	0.428276810324223	0.0655364632257981	0.876627836559655	0.133589064533117	0.356411619503215	-0.0362603095184129	0.570583239425137	0.727698162933507	0.505275049358082	0.968256413895279
Spiroplasma alleghenense	0.252423910153843	0.300720847459221	0.826475737603784	0.192318944827405	-0.102215910569021	-0.0242407263989469	0.179757657353605	0.573530605163499	0.612092224932623	0.944253584135456	0.614037938223448
Lawsonia intracellularis	0.253501441159259	0.304732793460346	0.0517049836406484	0.299279644046261	0.17319597468541	0.377721113589746	0.244718190875373	0.573581662203916	0.613990708106833	0.470012311149123	0.721965956131352
Desulfovibrio salexigens	0.254036388258933	0.443010705425884	0.330394447309428	0.0503821140052728	0.0351457226596526	0.0499624311390892	0.125266849730382	0.573581662203916	0.741132635618302	0.74127405173774	0.384564878229401
Alkalitalea saponilacus	0.254207635347283	0.957873795312975	0.482077352239185	0.0612426833189988	0.00285441624279836	0.0424031493936222	0.140117695633019	0.573581662203916	0.995961811707098	0.862343451585385	0.408401821178746
Mycoplasma neurolyticum	0.256324125108939	0.802408666203967	0.0570764363702695	0.546559602991286	0.0548985379542592	0.478370725653191	0.181941474203067	0.577024585786712	0.942251522693841	0.487264413276737	0.862328900060624
Citrobacter freundii	0.256977182842021	0.132458139579587	0.135951187740293	0.131293913914738	0.0723910336031756	0.079808740832953	0.0983225268581656	0.577164845141734	0.388623430538309	0.577497001835942	0.519328558278133
Enterobacter cloacae complex sp.	0.258021675569323	0.052852171420378	0.357370640410368	0.287229370602095	0.183276859971178	0.0951211117912712	0.134087386120603	0.578181598695478	0.207375789067106	0.762494816119142	0.711757751012722
Bacillus cereus	0.259222853194452	0.351794120655235	0.0486020021771121	0.458352549692034	-0.0869330275874449	-0.208963319671255	-0.0935524281860743	0.57919785380988	0.656280614177534	0.470012311149123	0.822062098105529
Streptococcus sp. Z15	0.259877748990709	0.0527457899967732	0.656564723297693	0.449021284006748	0.164224680118505	0.0409855202496639	0.0851189628111688	0.57919785380988	0.207375789067106	0.904243740974825	0.815699650727644
Syntrophomonas wolfei	0.26082291291249	0.107586289329483	0.793601910038296	0.346217677642968	-0.0976530535998306	0.0175114510413977	-0.077820520734351	0.57919785380988	0.340612661370611	0.93889415099221	0.758418544971255
Halothiobacillus neapolitanus	0.260846525769035	0.0765222819449423	0.658685953079475	0.184726478768276	0.104086090548951	0.0283342714837493	0.10458645998663	0.57919785380988	0.264177630601444	0.904243740974825	0.59959391945716
Ligilactobacillus agilis	0.261629157029154	0.628891662530048	0.101907390550061	0.133867181433175	0.0255387186317048	0.0987090027282695	0.111026416986275	0.579618336547583	0.865746423262751	0.543134407120906	0.519456075763173
Clostridium taeniosporum	0.263179176268214	0.720542961810313	0.105807701000993	0.136373338425853	0.0267461094510097	0.140326930099324	0.160098794833224	0.581733156592863	0.909522575825162	0.543134407120906	0.52045606110179
Neisseria lactamica	0.263853986990619	0.801980553240565	0.199722791469686	0.165379074781098	-0.0314243405483052	0.181263445702314	0.240104328035391	0.581908228645225	0.942251522693841	0.627743173147756	0.570937653926264
Candidatus Cardinium hertigii	0.264605089668324	0.509542280970826	0.22619377722013	0.318481416922536	0.0204044190338788	-0.0419398675603099	-0.0419398675381226	0.582250388752146	0.780286533712377	0.653465141878066	0.739088703879614
Thermanaeromonas toyohensis	0.266716353065946	0.102440865813978	0.603660064635974	0.126066215963388	0.161364676517142	0.0566716481972884	0.20802511879005	0.585577251562762	0.329226072040317	0.904064168311274	0.512447579690037
Streptococcus intermedius	0.269866613291395	0.0629949851706994	0.243310184198744	0.769686751285333	0.162581572448934	0.111979378401943	0.0339118024889454	0.587627699339202	0.238254697194451	0.664005726151322	0.929568304983702
Desulfarculus baarsii	0.270193063159511	0.503146180071186	0.192621668582165	0.072810395777644	-0.0329256768606039	-0.072595996917124	-0.124257126462818	0.587627699339202	0.777996474413672	0.627743173147756	0.409569555929703
Streptomyces albidoflavus	0.270817666821167	0.0695897258326795	0.208819376942703	0.793679997437256	-0.119845927395663	-0.0934933472595547	-0.0239122927920069	0.587627699339202	0.252747814641368	0.627743173147756	0.938771619244793
Metabacillus sp. KUDC1714	0.271061475629656	0.108343341230454	0.499293119650216	0.594448914030338	0.0603365198438676	0.0281058353258662	-0.0271963543282981	0.587627699339202	0.340612661370611	0.865160646026983	0.86683072986215
Aneurinibacillus sp. XH2	0.271248783187279	0.725890500052442	0.167949994082742	0.255293745455938	0.0131888359713922	-0.058385900134891	-0.0583859001355093	0.587627699339202	0.912734901610342	0.616868963228717	0.691274091765086
Anaeromyxobacter sp. Fw109-5	0.271259050564975	0.0722382331110848	0.189720998454592	0.775794566373992	0.0548372606053816	0.044538671730401	0.0117826761164306	0.587627699339202	0.255712875904094	0.627743173147756	0.933437550920431
Paraphotobacterium marinum	0.273970717067722	0.0830564830979946	0.191411604275582	0.196513425448152	-0.135766872090771	-0.114139633112469	-0.13894567059697	0.592188917201692	0.280180235885324	0.627743173147756	0.617355801336961
Faecalitalea cylindroides	0.275134391132813	0.894495179266955	0.0988670712406931	0.223939635770329	0.0252909700294323	0.362788136576809	0.3282286390296	0.592601616986202	0.975266461488522	0.543134407120906	0.652055882628994
Scardovia inopinata	0.275654092782479	0.407448190249213	0.110264509470647	0.597948361684265	0.0743794189407879	0.161503408357764	-0.0639422748283133	0.592601616986202	0.713369540292137	0.543134407120906	0.868498797616435
Ruminiclostridium cellulolyticum	0.27598130576123	0.15495418671482	0.929868786711959	0.458570975913524	0.0680959526899882	-0.0046563998242613	-0.0482492951824186	0.592601616986202	0.423074709388886	0.986408039758506	0.822062098105529
Bifidobacterium angulatum	0.27824025158229	0.259191032866229	0.106170038978296	0.134979019955668	-0.112600875379953	-0.18098117879891	-0.203249798093856	0.59500133706981	0.569598179411216	0.543134407120906	0.519456075763173
Pauljensenia hongkongensis	0.278316899734804	0.0779740627212809	0.959791591671457	0.643007215460863	0.0807498714452835	-0.00252264483925008	0.0283223030508757	0.59500133706981	0.268241758023561	0.992744784504095	0.880841778661323
Butyrivibrio hungatei	0.280215298266458	0.740451577889219	0.716966923247671	0.0892569669686212	-0.0522676834493981	0.0644085489287938	0.378893198566359	0.597751848048755	0.920383195417007	0.911035310195168	0.44044781450545
Eggerthella lenta	0.281775089483543	0.837177126065403	0.124521726808488	0.317831647581906	0.0364236068970089	-0.307539212445046	-0.241216601506983	0.599769634913773	0.956959804704761	0.562006481201568	0.739088703879614
Thermoclostridium stercorarium	0.282531719701044	0.137138520482927	0.808472650393382	0.483236990474707	0.174918623986633	0.0317294642251451	-0.113618520528923	0.599880438868026	0.394764436825617	0.93889415099221	0.837188921057074
Pectobacterium odoriferum	0.283055150786244	0.615262644060466	0.203018473031147	0.293870335739009	0.0147028622034094	-0.0418090155996957	-0.0418090156061241	0.599880438868026	0.856557628275395	0.627743173147756	0.714207258748785
Alistipes megaguti	0.285062310180072	0.259438270049121	0.378628264647576	0.609712293812032	0.173977239308187	-0.1538145872014	-0.110212315438491	0.602826573692489	0.569598179411216	0.782071489557467	0.872199994182622
Actinomyces sp. Chiba101	0.285694314956572	0.748604276510251	0.0832659089154906	0.262774788647102	-0.0180355822720276	-0.110527637547278	-0.0859728163722624	0.602858198083306	0.922745914555492	0.519692538210985	0.701151057433367
Sandaracinus amylolyticus	0.287726280951757	0.885479706261237	0.186720417796122	0.395862459394826	-0.0149001400442174	0.156676750232427	-0.123989811865551	0.604426290753613	0.975266461488522	0.626892949095572	0.789328124963583
Permianibacter aggregans	0.288272765828117	0.45348084814321	0.205143829655567	0.0785456867547151	0.0338387076951868	0.0640743444145703	0.109316381075156	0.604426290753613	0.748396602425535	0.627743173147756	0.415457902204817
Olsenella uli	0.288293399683914	0.718617492406156	0.0618706556383228	0.599443223897764	0.0147921638726586	0.0878855003974057	0.0297339973135279	0.604426290753613	0.908265575783719	0.505275049358082	0.868498797616435
Aeromonas media	0.292141703438773	0.063471650365867	0.324023885963006	0.309515503089057	0.104036465336436	0.06052976473152	0.0759282706714415	0.611182964153494	0.238283709645596	0.736436835790232	0.732848661796703
Butyrivibrio proteoclasticus	0.294850054093394	0.469597038745385	0.1998700484488	0.573493161543816	-0.0846032959076251	0.169946816590386	0.091126778602398	0.615530988994115	0.755842350665967	0.627743173147756	0.862328900060624
Sulfuriferula nivalis	0.296328298159738	0.0952737920583021	0.285112994101719	0.163032913122192	-0.0620417258798358	-0.0438139438018202	-0.0700552009359775	0.616598250347307	0.310274982803204	0.725404675097343	0.565754687944192
Citrobacter freundii complex sp. CFNIH9	0.296623518590823	0.247277216019863	0.125401650871998	0.740701477132659	0.0870711738684229	0.129176682043939	-0.0334523066466741	0.616598250347307	0.55921724411271	0.562006481201568	0.917963930999779
Geoalkalibacter subterraneus	0.298537585323822	0.281323739656813	0.486638903363125	0.0670213296460863	-0.0468370116174145	-0.0339702937413968	-0.11250832973552	0.617908900502649	0.593767213970513	0.862343451585385	0.409027708698896
Hylemonella gracilis	0.298958836557023	0.0686519234308309	0.236673962705778	0.357123433955184	0.0691456428445525	0.0499470221635732	0.0477204156848079	0.617908900502649	0.250272123850454	0.656904720350981	0.759448860875708
Lactobacillus vaginalis	0.299151391952664	0.0643469671861169	0.593036431488041	0.793512282105528	0.146639087483158	0.0461865229056713	0.0274877117623495	0.617908900502649	0.239950331835253	0.901588138373686	0.938771619244793
Citrobacter freundii complex sp. CFNIH2	0.300944755194177	0.676438329972713	0.066617790993145	0.444131049790478	0.0160118444010185	0.0807824670385929	0.0407414141458957	0.618215995722044	0.877513763112761	0.505275049358082	0.81261984673305
Denitrobacterium detoxificans	0.301601724712705	0.979522656291414	0.0867812503163808	0.613203379140626	-0.00258508714060637	0.200153950358213	0.072046300054652	0.618215995722044	0.997215735686123	0.519692538210985	0.872199994182622
Kushneria sp. YCWA18	0.302457665814289	0.413702527242745	0.414027436103256	0.0622005823427033	0.0251151985692123	0.0280354434247265	0.0797258847854038	0.618215995722044	0.715375874541879	0.800999614005705	0.409027708698896
Alistipes shahii	0.303122418461684	0.0631606617946396	0.2900249435127	0.449177494464148	0.404081449171685	0.256921250408159	0.226800095183271	0.618215995722044	0.238254697194451	0.728879313502408	0.815699650727644
Dehalobacter restrictus	0.30362103080318	0.312352483785475	0.0684126495146935	0.768891988244894	0.160664870277364	0.333811495199005	0.0653037056809594	0.618215995722044	0.616501771027089	0.505275049358082	0.929568304983702
Woeseia oceani	0.3036973173779	0.389458420070076	0.0690779415106406	0.888885074846037	-0.0347514951599242	-0.0837186811728227	-0.00773486691298203	0.618215995722044	0.70203113728499	0.505275049358082	0.969961262808443
Stackebrandtia nassauensis	0.303975304059001	0.210477515660994	0.182664070292869	0.110541175285894	-0.143758912017105	-0.170453899952042	-0.249637211776405	0.618215995722044	0.511314534332156	0.623575624920865	0.485666655737363
Desulfotomaculum nigrificans	0.304635728212953	0.687489070701178	0.184455839920297	0.565732693587459	0.031475276666173	-0.119761806418039	0.0637729319587751	0.618215995722044	0.884949699703624	0.623575624920865	0.862328900060624
Candidatus Erwinia haradaeae	0.305154118808272	0.154462682843382	0.911493282330202	0.538606459921238	0.174331696621895	-0.0149972739950331	-0.10165163775824	0.618215995722044	0.423074709388886	0.977961166355287	0.858431503006606
Lactobacillus paracollinoides	0.305627764517653	0.137750429923288	0.210441643768297	0.137757416917767	-0.130115081494659	-0.121655801181018	-0.176173436026555	0.618215995722044	0.394764436825617	0.630679404790265	0.521662776467669
Blattabacterium cuenoti	0.307784553116929	0.63150846916167	0.0863387451120779	0.833138168116198	0.0928999856267766	0.379366664963679	-0.0561879135932419	0.621292372717438	0.865746423262751	0.519692538210985	0.955199165872341
Zymobacter palmae	0.311143983538327	0.0728335538118186	0.807195461612754	0.614467983683368	0.113353816502057	0.0169900627632956	0.0432385340703949	0.62587355010508	0.255965403144413	0.93889415099221	0.872199994182622
Limnochorda pilosa	0.311819109104696	0.879590572891117	0.180756944173588	0.468719701752391	-0.0265616242173447	0.269800250688093	-0.179643274213591	0.62587355010508	0.97433105409821	0.623575624920865	0.834571604700664
Alicyclobacillus acidocaldarius	0.31212996995227	0.772606309339669	0.957859947792051	0.0772915799698929	0.0110488573877803	-0.00224685700840602	0.09329063897539	0.62587355010508	0.926078217024906	0.992744784504095	0.415457902204817
Nitrosomonas eutropha	0.312924465142219	0.227115504364485	0.498950987867706	0.40497144599756	0.0577399414740332	-0.0358674384012096	0.0540988875610727	0.62587355010508	0.529460305049831	0.865160646026983	0.790318143808349
Actinobaculum sp. 313	0.313641382281627	0.480767959137049	0.201087573561082	0.649076016107099	0.0278763863896871	-0.0577241956772883	-0.0252110080585125	0.62587355010508	0.76004902277815	0.627743173147756	0.882946672483079
Tannerella forsythia	0.314220735829083	0.337714332352429	0.269642026071571	0.908093164697481	-0.0856381667167794	0.10994586613944	0.0138843769382035	0.62587355010508	0.645211436948949	0.698780529103248	0.969961262808443
Lactobacillus allii	0.314538293860383	0.635484337994098	0.765459698278556	0.120127842705039	-0.0166750951171926	0.0118275869235582	0.0772330880191101	0.62587355010508	0.865746423262751	0.920150243864485	0.502450414704198
Haliscomenobacter hydrossis	0.315394196653163	0.107010436050512	0.989944517429093	0.331060645343823	0.13421679154846	-0.00115469666676354	0.109794213214182	0.626301077500285	0.340551127105374	0.995039196203935	0.742775338397083
Enterobacter cloacae complex sp. FDA-CDC-AR_0164	0.318663585489457	0.0761460259294268	0.224921540874996	0.54797239346242	0.188601445325572	0.14234123711955	0.0853759968583442	0.631509783008518	0.263810877067553	0.653465141878066	0.862328900060624
Candidatus Amoebophilus asiaticus	0.321967367238156	0.392655485937954	0.245575993451981	0.0836987066950737	-0.0875482907607485	-0.133832105070193	-0.247340069055947	0.636765420630928	0.702608809086779	0.667672886820846	0.423697598140347
Leptotrichia hofstadii	0.323614032547803	0.281315581990496	0.998694683239013	0.112781219017102	0.064005655815317	-0.000108533749299092	0.131745572056731	0.637887422394782	0.593767213970513	0.999717935988234	0.487554207874818
Spirochaeta thermophila	0.323840492843205	0.391010080750513	0.0796034983211409	0.260626979768563	-0.0250794830406738	-0.0589420021090256	-0.0462709119393525	0.637887422394782	0.702608809086779	0.518484119065031	0.699539997895291
Longibaculum sp. KGMB06250	0.329895919340165	0.0907242772604248	0.193119330921978	0.644921793018506	-0.388363069172904	-0.334385416324133	-0.144739552022278	0.648507672425234	0.301488499603521	0.627743173147756	0.880841778661323
Clostridium drakei	0.333477790272901	0.129455221797754	0.118396575366713	0.431993844758529	0.332719488135015	0.390011566972157	0.240572888123566	0.654232532322539	0.383126105199951	0.549838698557197	0.807529134086587
Wolbachia pipientis	0.334380234665671	0.500702618722281	0.0690733293780243	0.554493654790336	-0.0455589967101661	-0.140550476997055	-0.0550567718961383	0.654688355247216	0.777720919700586	0.505275049358082	0.862328900060624
Carboxydocella thermautotrophica	0.336465142945013	0.222122059901761	0.923945453827823	0.127099172525582	0.0614390295344935	0.00529422016234077	0.104522559323778	0.657452889314555	0.520415473678707	0.984177725282373	0.512550494196126
Oscillatoria acuminata	0.338163046622984	0.305014882609625	0.39410078437561	0.366324956679701	-0.0839152101358876	-0.0787363240746182	0.103331227933357	0.658318327870216	0.613990708106833	0.790629294322322	0.769027666412339
Lactobacillus futsaii	0.338255681259824	0.73294170633794	0.0872360043670435	0.356193740273261	0.00661425703450205	0.0385714963073975	0.0255022577833206	0.658318327870216	0.917665516320839	0.519692538210985	0.759448860875708
Arachidicoccus ginsenosidivorans	0.342865511655219	0.310250054611963	0.091239579992852	0.932966942719741	0.0819321691815723	0.153556751484308	0.00913515373304313	0.665688282569291	0.615439009927352	0.528265644312743	0.981171908543796
Paenibacillus thiaminolyticus	0.343901900238109	0.155026352058568	0.206114519567719	0.166263102863273	-0.0869158251172662	-0.0860963549606306	-0.11553693449438	0.665688282569291	0.423074709388886	0.627743173147756	0.571968491188092
Pelodictyon phaeoclathratiforme	0.344086573897126	0.667158729980196	0.187412371301181	0.420390349349466	0.0208391067171016	-0.0718007781705318	-0.0530256515870415	0.665688282569291	0.875889811633943	0.627061256031692	0.799068815786825
Methylovulum psychrotolerans	0.349133527168479	0.524198022178907	0.143785262501294	0.154262882643209	-0.0246634582105094	-0.0637948350037784	-0.0757444675742406	0.674117502062458	0.789123987163007	0.590244543965394	0.557533069466816
Natranaerobius thermophilus	0.350296289471013	0.17174871238364	0.669717680880825	0.819702991289653	-0.0510405082894687	0.0175323388619107	0.0113909045686244	0.675028549927376	0.454130380128184	0.907337263648663	0.949324088473663
Bacteroides fragilis	0.35230937463568	0.503283138780666	0.0840403868114312	0.897647595115622	0.105676493946245	0.313738373785297	0.0283405588861394	0.677571376021771	0.777996474413672	0.519692538210985	0.969961262808443
Streptococcus merionis	0.353470148254544	0.321317300269929	0.384081318595739	0.513182145671851	0.0353810881988559	-0.0345004833515543	0.031471959550084	0.678180468428133	0.624109348635628	0.787099603312889	0.852041559783954
Dolosigranulum pigrum	0.354014369394419	0.0859685895984336	0.497062159793739	0.309022001920064	-0.111044301979133	-0.0485224518297869	-0.0897105011285266	0.678180468428133	0.288467390195294	0.865160646026983	0.732848661796703
Ruminococcus bicirculans	0.355289249408367	0.467571982903489	0.667824411658528	0.208901101188668	0.152330142037525	-0.102043533301016	-0.373929829164664	0.679290795835567	0.755842350665967	0.907337263648663	0.633828310658194
Dysgonomonas sp. HDW5A	0.357468146667863	0.459153877099741	0.0854504206201531	0.345840974162694	-0.0403131816822929	-0.105873403757719	-0.0696664888288343	0.681504426867957	0.749031497841345	0.519692538210985	0.758418544971255
Acidothermus cellulolyticus	0.357842140208047	0.659645430951312	0.300122140173424	0.355410236903271	-0.0310255963466473	0.0828010405829257	-0.0910240066125017	0.681504426867957	0.875889811633943	0.72932307363565	0.759448860875708
Scytonema sp. HK-05	0.359249542150608	0.0813838740731001	0.45033751240786	0.374094024650064	0.162547585064008	0.0780650492773665	0.113537417581892	0.682853701714288	0.277045452855118	0.825477954263564	0.779296081200667
Thioploca ingrica	0.360652136360978	0.985700082434851	0.232918489806484	0.159148213149106	0.00226412509609851	0.173015944717647	0.254277872625682	0.683758430042091	0.997474853342798	0.654029915226331	0.565754687944192
Acetoanaerobium sticklandii	0.361125230196232	0.183272430357756	0.518828879202567	0.122110636983672	0.070845665442519	0.0380322183729254	0.112903217064298	0.683758430042091	0.473696202273883	0.870955008558261	0.503384355835645
Acidihalobacter aeolianus	0.362991536517457	0.749908143456562	0.183580057626144	0.383356102474742	0.0102448095959723	-0.0480745877817493	-0.0380975865858922	0.685962729550397	0.922745914555492	0.623575624920865	0.784555666864248
Actinomyces sp. oral taxon 414	0.364964908250957	0.083165064899431	0.590419478838332	0.427745804109813	0.0842507316474798	0.0286108714548914	0.0514124151741202	0.688299771711551	0.280180235885324	0.901588138373686	0.805217053208646
Clostridium saccharobutylicum	0.366575986926177	0.0922254100015593	0.248507313539749	0.502834646004893	-0.099619460888224	-0.0752261367664682	-0.0528467506533025	0.688299771711551	0.304406167471363	0.668847507791555	0.844832149199258
Streptobacillus moniliformis	0.367127129879986	0.27651041696963	0.280201974296203	0.517946843809662	0.062275644939263	0.0689801446327403	-0.0502203514880434	0.688299771711551	0.593737752482042	0.716642222218299	0.856679986706658
Pelolinea submarina	0.36763293928279	0.305424241698998	0.4302682547417	0.615563648966884	0.062543753438641	-0.0538133803556245	-0.0419634850727524	0.688299771711551	0.613990708106833	0.814106461975369	0.872199994182622
Desulfohalobium retbaense	0.367750748038311	0.155505760493084	0.24832440525553	0.8492147857822	0.0931779989739744	0.0850024054662019	-0.0171292013260435	0.688299771711551	0.42320091365388	0.668847507791555	0.961830708881335
Prevotella melaninogenica	0.368556761850841	0.820717255053776	0.753069288891388	0.115680263144375	-0.0540816102707319	0.0835620602313269	0.516413876609719	0.688489400245262	0.951645423020261	0.918737420580902	0.495700074965152
Psychrobacillus glaciei	0.370732427492278	0.269622571662215	0.430801474760763	0.419016274858745	-0.0424785187489312	-0.0336916551865838	0.0422124264026866	0.690087566414232	0.587168092405395	0.814106461975369	0.798009552703691
Desulfosporosinus acidiphilus	0.370824946128426	0.216507582378769	0.105461029777064	0.357570599798184	0.148926026739614	0.222769636331417	0.154996703319696	0.690087566414232	0.515921726790384	0.543134407120906	0.759448860875708
Streptococcus salivarius	0.373385427013226	0.184420617740215	0.156788147198524	0.976933858155524	0.0753236757135677	0.0897764591747551	0.00220894103545884	0.693531487056885	0.474155114558395	0.612728079251834	0.988632028381395
Lacibacter sp. S13-6-6	0.376093759301537	0.401334053013556	0.84354538013537	0.100988527876997	0.105623892313124	0.0281499141502517	0.29533849925446	0.697236438022014	0.70896515261571	0.949474465889697	0.467610387373582
Thermosediminibacter oceani	0.37739198410443	0.140732075074388	0.670738987888011	0.19666035979513	-0.0481133991822839	-0.015565207616125	-0.0591687420787905	0.697988058885835	0.399695457406037	0.907337263648663	0.617355801336961
Bremerella volcania	0.377928027789771	0.952232625387868	0.207936179779218	0.219254281002052	0.00334896356602558	-0.0802016715793721	-0.096511069974334	0.697988058885835	0.995006711234168	0.627743173147756	0.649070520404931
Clostridium septicum	0.380102158741444	0.919432118532535	0.230618310149774	0.160413881076041	0.0272996360642211	0.371658493076242	0.541892735067379	0.700678885076209	0.978524161009027	0.653465141878066	0.565754687944192
Erysipelothrix inopinata	0.38350870991453	0.437375800289062	0.293394351613809	0.668839841920242	0.029219585974946	-0.0444466399392836	0.0220744430392373	0.705627136697732	0.738024450574116	0.72932307363565	0.894185142236326
Anaerobutyricum hallii	0.385075557062992	0.875088276996924	0.58091201196553	0.0959105657472114	-0.0217523893726829	-0.0860638398053815	-0.324816187143955	0.706524742741232	0.972637463083751	0.901070189274719	0.461599126773525
Candidatus Hepatoplasma crinochetorum	0.385442873982678	0.888642486325176	0.420714556720631	0.109326618865586	-0.00749449540309668	-0.0482757394952431	-0.11869689700235	0.706524742741232	0.975266461488522	0.807540514569855	0.48331269969085
Streptococcus suis	0.390127404003389	0.227608319468709	0.74121592784396	0.561200126809623	0.0682707601745104	-0.020929272747329	-0.0455811200301586	0.713772422680358	0.529460305049831	0.917541397490177	0.862328900060624
Candidatus Solibacter usitatus	0.391850394239062	0.911160068448884	0.233468049175414	0.225446996457984	0.00522375722825638	-0.06312202312883	-0.0788824753923826	0.715295717756183	0.976015672130026	0.654029915226331	0.653595595072553
Chloroflexus aurantiacus	0.39296851212311	0.197084839623213	0.614262443860574	0.626958877628014	-0.0479747274339609	0.0206670740406352	-0.0242487868475067	0.715295717756183	0.49335907799819	0.904243740974825	0.876420225130911
Pectobacterium parmentieri	0.393649315597761	0.240703745015075	0.617682880956806	0.39568925503324	0.135220881255982	-0.0635439872582503	0.131981838431566	0.715295717756183	0.549456913270393	0.904243740974825	0.789328124963583
Xanthomonas euvesicatoria	0.39388853239798	0.582610798646478	0.319038463685299	0.332354676356722	-0.0295179650584999	-0.0598184184232591	0.0707903332972096	0.715295717756183	0.82975328028806	0.736436835790232	0.742775338397083
Parabacteroides distasonis	0.395683280282258	0.867109651723825	0.114763746766607	0.441697531963989	0.0237658508910487	0.258457368002389	0.154364124179131	0.716737984911034	0.972637463083751	0.543616253268827	0.81261984673305
Prevotella fusca	0.396974084491983	0.941306208601225	0.229473925237644	0.183245257862948	0.00575606593545415	0.107058115152047	0.14676261617192	0.716737984911034	0.98990224547371	0.653465141878066	0.599557139361711
Aminipila sp. JN-18	0.397175021490322	0.113633540237362	0.375218663311996	0.961162482438285	-0.237120010317766	-0.150145481763773	-0.0101903457553901	0.716737984911034	0.349329505789257	0.776670834864026	0.987662355068599
Deinococcus sp. AJ005	0.397617183031505	0.837462265120339	0.152587845479009	0.535494468153677	-0.0173693215732757	0.138764121146057	0.0735361335364263	0.716737984911034	0.956959804704761	0.601122278358837	0.858431503006606
Salmonella sp. HNK130	0.399284081737315	0.284423460775598	0.549980318770335	0.406373522358632	0.0488740284984784	-0.0303668988399844	0.0517574272979296	0.717846423306026	0.595878261543027	0.890390340819585	0.790318143808349
Christensenella sp. Marseille-P3954	0.400865631623389	0.892736850837967	0.198782650793513	0.287596286089806	-0.0178124754620239	0.195451103034012	0.200093418446668	0.717846423306026	0.975266461488522	0.627743173147756	0.711757751012722
Hymenobacter sp. BRD128	0.401360708239447	0.349123425747581	0.631534099816264	0.322412663368986	0.0619054605655098	0.0357328140432611	-0.0916666202518625	0.717846423306026	0.654690186094793	0.904243740974825	0.739429981482393
Helicobacter sp. MIT 01-6242	0.401763666240058	0.49063289240602	0.509011519161962	0.285770209423377	-0.0346955176497371	0.037118170455363	0.0737024153106244	0.717846423306026	0.764510902521024	0.867895731625196	0.711757751012722
Romboutsia hominis	0.401905827582801	0.827994576376827	0.144921511408849	0.840851052415676	0.0234728103800419	-0.178616074347246	-0.029742311069111	0.717846423306026	0.95325281791475	0.592419734922367	0.956537841718767
Neisseria dentiae	0.403807619992492	0.126282030529232	0.223239866568016	0.330720515817454	0.0595908139491079	0.0536436737455706	0.052938318717373	0.719927088928221	0.376151048253229	0.653465141878066	0.742775338397083
Arenimonas daejeonensis	0.405960156949448	0.475124941697803	0.982702743891321	0.220564393832587	-0.0267510844057771	-0.00090064879236797	0.0625329755146154	0.722446399525703	0.756038156413855	0.993456269951875	0.649070520404931
Treponema succinifaciens	0.408685343361737	0.297455752750782	0.233629928775834	0.147757253269194	-0.051136684248332	-0.0651864601019751	-0.0968286270242795	0.725016658518121	0.607979645266766	0.654029915226331	0.548892914235749
Ezakiella massiliensis	0.409408505383743	0.530207663174485	0.109446358736093	0.33550419035433	-0.0965147435556204	-0.27936364460343	-0.203796650614078	0.725016658518121	0.793951702423523	0.543134407120906	0.743282526023085
Muribaculum intestinale	0.409630701639716	0.981434849264327	0.236598526832167	0.205929299347349	0.00332851495078166	0.190528258518474	0.248843127272183	0.725016658518121	0.997215735686123	0.656904720350981	0.630698825900816
Streptococcus marmotae	0.412203267870877	0.143483069700882	0.308883281069327	0.943600939538406	0.107224496907112	0.0824320744922342	-0.0069320223050218	0.72791258697355	0.404632897267549	0.735507770067021	0.983323954921326
Alistipes onderdonkii	0.4133281437917	0.140655494797675	0.263367188695525	0.941708830290217	0.394018994133322	0.336608570918097	0.0270151548838422	0.72791258697355	0.399695457406037	0.693557259718403	0.983323954921326
Hymenobacter sp. BT182	0.41350203251824	0.831801483036689	0.201907458244615	0.202956268246242	0.0192581816309397	0.130083757261653	0.157919665571092	0.72791258697355	0.956082410502171	0.627743173147756	0.624905865190344
Streptococcus ferus	0.414278654851444	0.152010944455263	0.842351162253091	0.878070811372792	0.119315410150286	-0.0185554827166925	0.017735760739592	0.727968067967376	0.41953303031862	0.949474465889697	0.968256413895279
Mobiluncus curtisii	0.41554031459509	0.861340156645217	0.575900854513182	0.139770684520365	0.00925650164275846	-0.0331526893209195	-0.108247282121715	0.727998202312599	0.97066368289179	0.901070189274719	0.525215226063064
Candidatus Nasuia deltocephalinicola	0.415991575256637	0.513384911358284	0.323292280598702	0.503267462470796	0.0257335115934241	-0.0434269422756847	0.0356895074690765	0.727998202312599	0.782710184629617	0.736436835790232	0.844832149199258
Pasteurella multocida	0.416531212991548	0.299106543003994	0.629867757047953	0.324376738789842	0.113185637848168	-0.0584551072150488	0.147166762584973	0.727998202312599	0.610077437400631	0.904243740974825	0.742192210299007
Hypericibacter terrae	0.417335010090972	0.910826906098036	0.177030432716491	0.600902786849618	0.0050461151132012	0.0684801946965419	-0.0319667899571896	0.728100544390856	0.976015672130026	0.623575624920865	0.868498797616435
Flavihumibacter sp. SB-02	0.418374097025979	0.817169482280317	0.29095489484743	0.39798639862798	-0.00834145780844357	0.0430939189836751	-0.0423147926510563	0.728612286621001	0.950831684958139	0.728879313502408	0.790084361747977
Butyrivibrio fibrisolvens	0.419420309912154	0.724493177312543	0.654883129232073	0.173179587338529	-0.0537690403750889	0.0773901381383813	-0.295341975695277	0.729134595701378	0.912151848240148	0.904243740974825	0.585454867922985
Caulobacter mirabilis	0.421159998152992	0.425237093855534	0.163108245394735	0.199669889275222	0.0264246971429695	0.0518694264489874	0.0579267944264793	0.730858469263718	0.727061827632652	0.61445356846326	0.617355801336961
Suicoccus acidiformans	0.422257725094034	0.195717320356784	0.149692008414742	0.726312134060181	-0.0605498402335305	-0.0752131910349009	-0.0219573253246816	0.731464179817147	0.492824283475716	0.59569046805709	0.917963930999779
[Clostridium] scindens	0.423243019127308	0.292773313915852	0.960429950515116	0.182119329812573	-0.112981069961395	0.00596101258829004	-0.200033689192065	0.731873326880318	0.607027558651703	0.992744784504095	0.599092879551798
Marinithermus hydrothermalis	0.42444787723056	0.483117489685682	0.345485821725222	0.387707713815123	0.0325729460862639	0.049398057305802	-0.055637652859531	0.732212261738565	0.762124620476564	0.755122254643272	0.789328124963583
Prosthecochloris sp. GSB1	0.425451450054811	0.118591465273494	0.747289388793261	0.954910120445476	-0.080495739784243	-0.0183668451221662	-0.00395800581774428	0.732212261738565	0.359825657056534	0.917541397490177	0.986202101136607
Lactiplantibacillus plantarum	0.425687374275849	0.352398749906684	0.298153263695965	0.511129687315427	0.0987820326282248	0.123143930367074	-0.0942403396635303	0.732212261738565	0.656280614177534	0.72932307363565	0.852041559783954
Prevotella denticola	0.42646113606565	0.344506142866626	0.649680339240398	0.348743886748635	0.250724471240146	0.135720789503024	-0.347928108717163	0.732254006917645	0.651029983715074	0.904243740974825	0.759448860875708
Olivibacter sp. SDN3	0.428983224982844	0.811608332685171	0.123213271642805	0.452271844680372	0.0162310871170534	0.119380624125375	0.0705780010016508	0.734729670381641	0.946230717223642	0.559904029744283	0.817354503335298
Photobacterium gaetbulicola	0.429407002853549	0.206566376693985	0.550611048577563	0.576216062955229	0.0617183327587063	0.0321903947849526	-0.0366720393332014	0.734729670381641	0.508292457622672	0.890390340819585	0.862328900060624
Hymenobacter sp. DG01	0.43186806735472	0.593627949792054	0.299137141315427	0.533053666346288	0.0518708079168257	-0.113826299036266	0.0835888225217565	0.73551690447186	0.840542763691068	0.72932307363565	0.858431503006606
Chthonomonas calidirosea	0.432086025031453	0.145403974394396	0.20445380429695	0.649783682206073	0.215603273495178	0.212177033436425	0.0931415054994934	0.73551690447186	0.40821747983714	0.627743173147756	0.882946672483079
Orientia tsutsugamushi	0.432143991026788	0.371786577905079	0.676121173385669	0.373765374514314	0.0432576224433242	-0.0224231136339986	-0.0583266519293687	0.73551690447186	0.677678146666534	0.909876565286224	0.779296081200667
Phocaeicola salanitronis	0.433998922257725	0.563807507338265	0.193688807950067	0.18207362175822	-0.0678046877567233	-0.172134196048756	-0.216342416549211	0.73551690447186	0.817269932744043	0.627743173147756	0.599092879551798
Syntrophothermus lipocalidus	0.434039861299458	0.985255971317225	0.139601164973284	0.902726308159586	-0.0011307062784907	0.103484658344812	0.0104258740514228	0.73551690447186	0.997474853342798	0.585366258278534	0.969961262808443
Gemmatimonas phototrophica	0.434384087902009	0.309285251999634	0.115285128532185	0.379688573450561	-0.0789507582460507	-0.141734219715945	-0.0971027736260573	0.73551690447186	0.615426133306465	0.543616253268827	0.784555666864248
Alistipes dispar	0.435154713606823	0.760492681826419	0.358848043282011	0.23052266893272	0.0385930973906255	-0.133193747317267	-0.216988890260519	0.735546981304266	0.926078217024906	0.762494816119142	0.660032733853012
Mycoplasma sp. (ex Biomphalaria glabrata)	0.437142555237607	0.314640197486836	0.48460949493625	0.658640942527311	0.0729264025636365	-0.0577978658910027	0.0453066607612206	0.737630874727361	0.617276050089636	0.862343451585385	0.887790874494739
Francisella marina	0.440537289728212	0.117098854919347	0.772219311285832	0.795146213935176	0.105044262686478	0.0213006348318372	0.0233044551899908	0.74081484925933	0.357517441425631	0.924581209713551	0.939368622750504
Caproiciproducens sp. 7D4C2	0.440545985076429	0.889815409571819	0.532339772661454	0.121369803347176	0.00872153524243189	0.0442936029793917	0.137027837345165	0.74081484925933	0.975266461488522	0.886023778347939	0.502450414704198
Campylobacter hominis	0.442920783445284	0.188634064329848	0.212759180682359	0.277141998662508	0.139703967326369	0.147165886343874	0.155815577103128	0.742443817370214	0.478605429836279	0.633736949776416	0.711757751012722
Staphylococcus epidermidis	0.443034539945583	0.99708176300347	0.978595075164094	0.13692968313309	0.000325389670914656	0.00270207013958059	-0.188046884338259	0.742443817370214	0.998697157207567	0.992744784504095	0.520545916035133
Desulfotomaculum ferrireducens	0.44542867391774	0.758421813609319	0.255611659279652	0.361370012637692	-0.0144984507093719	0.0603196215613965	0.0590353035998926	0.745177764413753	0.926078217024906	0.679518100933733	0.764195892526029
Hungateiclostridium saccincola	0.446288019366364	0.679017814650202	0.308578816207833	0.348037213520621	-0.0800072615994324	0.220711169835675	0.247900084439873	0.745339136616987	0.877513763112761	0.735507770067021	0.759448860875708
Draconibacterium orientale	0.44712844138728	0.171983869649364	0.639901570268217	0.216913774108233	0.0711799374159598	0.0268536650040344	0.0870453509551535	0.745468408251489	0.454130380128184	0.904243740974825	0.648087942824904
Thermoanaerosceptrum fracticalcis	0.448608481424794	0.783824927027539	0.593666293830846	0.222997221844191	-0.015609213399058	-0.0345241637592878	0.0985242610286098	0.746661816613328	0.935207798403375	0.901588138373686	0.652055882628994
Staphylococcus lugdunensis	0.456601718202581	0.673703690178287	0.26074495270997	0.645875431281307	0.0267017645265003	-0.0807034857655861	0.0402953221720589	0.756172774560888	0.877513763112761	0.688507618372	0.880841778661323
Xylella taiwanensis	0.458956176041525	0.877906551597377	0.36997438407045	0.20954610475189	0.00668554785389655	-0.0436330780928337	-0.0746892929729732	0.756172774560888	0.973569467548964	0.770714228649956	0.633828310658194
Streptococcus dysgalactiae	0.459191006497955	0.125798709224257	0.672817612787298	0.907862356469291	0.100233774158766	0.0303339469728945	0.0101057666279118	0.756172774560888	0.375857305541588	0.907932054824848	0.969961262808443
Desulfococcus multivorans	0.459352804331624	0.211095890320972	0.246020715716995	0.919856320311421	-0.0732491797819542	-0.0756670184569828	0.00794000006526728	0.756172774560888	0.511314534332156	0.667672886820846	0.975742939088218
Bacillus albus	0.459500734261871	0.929199566516062	0.190456470677692	0.412135666251179	0.00247789746763199	-0.0410797501570526	-0.0311027489660412	0.756172774560888	0.984629041742074	0.627743173147756	0.790318143808349
Blautia argi	0.459519148855963	0.248309617601889	0.514969456950482	0.155741574454279	-0.126865922831831	-0.0797250599570193	-0.215568212966078	0.756172774560888	0.55921724411271	0.870357339244795	0.559409993536144
Lactobacillus mucosae	0.459838592001684	0.432302612796754	0.80051775890835	0.126407233065813	0.0761664794899547	0.0271729638177457	0.202994903042713	0.756172774560888	0.731992465688784	0.93889415099221	0.512447579690037
Chlorobaculum limnaeum	0.460514637526846	0.136763857869234	0.325790733477122	0.826999603114639	0.0419394681920734	0.0312059986515632	0.00855417692367423	0.756172774560888	0.394764436825617	0.736799876405435	0.950327734764766
Fastidiosipila sanguinis	0.461588165286795	0.531481049468952	0.114456713861859	0.512418820980368	0.109126858091827	0.317191743047725	0.161071202616412	0.756365169195059	0.793970925582823	0.543616253268827	0.852041559783954
Bacteroides caccae	0.462191609774821	0.740121543692769	0.854618535171047	0.153621829699716	0.0542460113972536	-0.0340513551553109	0.333206150045561	0.756365169195059	0.920383195417007	0.951771487298646	0.557533069466816
Leuconostoc carnosum	0.464100799986616	0.458756590388299	0.389189323215813	0.536702886374185	-0.0605620545193565	0.0784172321059759	-0.0683038407123238	0.756365169195059	0.749031497841345	0.787536815873113	0.858431503006606
Candidatus Arsenophonus lipoptenae	0.464444518729301	0.653605823247255	0.126885138628169	0.948900809260892	-0.0161001548280989	-0.0617893827049057	-0.00310923709091003	0.756365169195059	0.873560724093801	0.563485365635097	0.983323954921326
Peptoniphilus sp. ING2-D1G	0.464502662760528	0.710800698303875	0.177744212673765	0.253688675370955	0.0236312914539635	0.0980858697986195	0.102305977324676	0.756365169195059	0.904234742503757	0.623575624920865	0.691274091765086
Blochmannia endosymbiont of Camponotus (Colobopsis) obliquus	0.46675313945974	0.545146785904527	0.747823144176782	0.197202003005701	-0.0740142256234213	0.0445895007927404	-0.223975500278127	0.757668742968973	0.803999402753224	0.917541397490177	0.617355801336961
Spirosoma sp. TS118	0.466854230570442	0.636086287143689	0.37987090358318	0.131845785475454	-0.0454278083678218	-0.0947604094768119	-0.201402593660403	0.757668742968973	0.865746423262751	0.782356011547522	0.519408598425479
Weissella cibaria	0.469112713945292	0.969572179801682	0.161195261739092	0.481082410837849	-0.00244660864373887	-0.101275765392424	-0.0613850978044823	0.760071511649338	0.996899745008101	0.61445356846326	0.837188921057074
Phoenicibacter congonensis	0.472870516742339	0.41165169722177	0.407837809556482	0.129418470135123	-0.160852098558207	-0.184965357047579	-0.425234594507703	0.764891547776929	0.715180172029047	0.792833466352465	0.516089164579654
Granulicella sp. WH15	0.474700968316484	0.249662214026172	0.974816383011645	0.558080960850777	0.045578542776931	-0.00138224969483885	-0.0313771709531383	0.766583216603644	0.56073559334154	0.992744784504095	0.862328900060624
Luteimonas granuli	0.475773049150215	0.514384537123048	0.488209752117814	0.360270928393475	-0.0459564433019254	0.0551236127375624	-0.0900125849198861	0.767046648547459	0.782793913970744	0.862343451585385	0.763524288590943
Luteolibacter sp. G-1-1-1	0.477584233269939	0.161707421494951	0.40403854806742	0.9455928107992	0.127204288539272	0.0849417786542315	-0.00854322027118951	0.768329478801694	0.434033381320241	0.792833466352465	0.983323954921326
Anoxybacillus flavithermus	0.478141579438516	0.201312605398688	0.649845275813608	0.213804672525511	0.0949706220930275	0.0371963271594753	0.125032695774463	0.768329478801694	0.500464161512769	0.904243740974825	0.644713472399458
Paraprevotella xylaniphila	0.48000818415773	0.576797673590043	0.384799826981842	0.400924270510814	0.119343942639583	0.212645164250656	-0.255141626927368	0.770062390676687	0.827643979171011	0.787099603312889	0.790318143808349
Streptococcus equi	0.481546896286827	0.157982887761217	0.950579020935317	0.967314092412018	0.0708015269834479	0.00341386599157021	0.00274648240262931	0.770717070961108	0.425204631798097	0.992744784504095	0.987662355068599
Aeromonas simiae	0.48237583198388	0.175092547581427	0.549973489422915	0.802792064754301	0.106145815488405	0.0522411884041197	-0.026874997884135	0.770717070961108	0.459731829323701	0.890390340819585	0.940870607815893
Candidatus Paracaedibacter acanthamoebae	0.482782853048309	0.310554177987906	0.876972255121131	0.177936311608368	-0.0454193720484719	-0.00768305200438917	-0.0825619418469951	0.770717070961108	0.615439009927352	0.969232910920074	0.591305362045493
Porphyromonas gingivalis	0.483657258245868	0.379400623588245	0.400588835452155	0.478004258450049	0.0709181554166028	0.0754279615471553	-0.0773733360643353	0.770853411592518	0.687707623832495	0.792435943591619	0.83717789180393
Maribacter sp. HTCC2170	0.488849337518216	0.868505359435889	0.148155085613717	0.88563037208239	-0.00887410285317355	-0.0891094462905543	-0.0108340570440172	0.777859613607975	0.972637463083751	0.593227535428694	0.969961262808443
Streptococcus periodonticum	0.489743280262722	0.509409492963195	0.594173172189435	0.277699005446982	0.0312783520756418	-0.0280784279368558	0.0700179173372209	0.778014934661267	0.780286533712377	0.901588138373686	0.711757751012722
Clostridium baratii	0.491487197169353	0.295580484186348	0.240010948631667	0.818610241897756	-0.208852139393673	-0.262894345275323	0.0623018091899469	0.778414375868244	0.607962385368552	0.66043896136601	0.949324088473663
Hyphobacterium sp. CCMP332	0.492683386444784	0.15643789898217	0.555537596115692	0.942962860820387	0.121270142304561	0.0567589223917079	-0.00852718408754938	0.778414375868244	0.423379023007147	0.89099946453627	0.983323954921326
Paenibacillus sp. DCT19	0.493011117768364	0.749669623430659	0.134555396299352	0.748371288730032	0.0118495027954751	0.0633978569192403	0.016510779413149	0.778414375868244	0.922745914555492	0.574063852333917	0.917963930999779
Labilithrix luteola	0.493181677238939	0.444088409344729	0.40550174407369	0.609030289822355	0.0295525980624007	-0.0357749660286233	0.0267008442729257	0.778414375868244	0.741470754035885	0.792833466352465	0.872199994182622
Pseudomonas sp. MPDS	0.498320268651077	0.213359404229088	0.323868975162838	0.875056792078616	-0.0562821648627977	-0.0497782275144109	0.00966924703788477	0.784493441486884	0.512394534144475	0.736436835790232	0.968256413895279
Clostridium sp. JN-1	0.498639127086341	0.221700520154528	0.200452992140302	0.39621003286903	0.116004325989183	0.135358341974286	0.108501471414564	0.784493441486884	0.520415473678707	0.627743173147756	0.789328124963583
Flavisolibacter ginsenosidimutans	0.504003025999619	0.315301288116766	0.149989616317343	0.652848493540065	-0.0577625229030448	-0.0935295771719681	-0.0354638135966006	0.789546439812705	0.617333383747656	0.59569046805709	0.884650455185358
Leptolyngbya sp. O-77	0.504052276926076	0.745366917771901	0.385090696400779	0.39036459728715	-0.0123492337662939	0.036905271615274	-0.0444077911721191	0.789546439812705	0.920636509055812	0.787099603312889	0.789328124963583
endosymbiont TC1 of Trimyema compressum	0.50427531058662	0.8879252422926	0.253978674126541	0.252755219256191	-0.0138077425927594	-0.126209415642279	-0.155185216495266	0.789546439812705	0.975266461488522	0.679518100933733	0.691274091765086
Granulicella mallensis	0.505180943297904	0.218334384680786	0.65864511096946	0.224248491876501	0.104354001876203	0.0413162990731415	0.139463528827564	0.789698850563284	0.516495626714595	0.904243740974825	0.652055882628994
Candidatus Nucleicultrix amoebiphila	0.507691008506605	0.163162352068653	0.971758669395069	0.781689950329727	0.0694286762152012	0.00193658990869753	0.0184553359958348	0.791348855618528	0.436738679372805	0.992744784504095	0.937635416675456
Clostridium thermarum	0.507856430371359	0.326183801945568	0.764097661052209	0.329379538668041	-0.236275964026815	0.0810034477727311	-0.326817254342456	0.791348855618528	0.629805483203202	0.920150243864485	0.742775338397083
Ilyobacter polytropus	0.51196147206966	0.135463031058886	0.469493732123148	0.588919458437206	0.164269959889957	0.0877628492026071	0.0798910252879878	0.796475092694359	0.393891015906345	0.849435882007992	0.863925391731456
Pseudescherichia vulneris	0.51390353444372	0.738962556248304	0.229190630084453	0.993025366758755	0.0352876353037888	-0.14351930819164	-0.00126440501216619	0.797757394037472	0.920383195417007	0.653465141878066	0.994042810782073
Bacteroides coprosuis	0.515137524213889	0.255198061995459	0.756054131163813	0.217960684215586	0.103316263301245	0.0315024708576582	0.155364105232533	0.797757394037472	0.568121313629574	0.918737420580902	0.649070520404931
Ferriphaselus amnicola	0.515235328185921	0.485879344476395	0.272392100256232	0.190677778892936	-0.0260806140921514	-0.0462809426277854	-0.0679912630443862	0.797757394037472	0.763048636599738	0.704039899339519	0.610799687572721
Anaerococcus mediterraneensis	0.518259534770601	0.308265367463722	0.710808964946202	0.410767401991434	0.0533329249154609	-0.0216081461991448	0.0589953963225933	0.800496086608743	0.615426133306465	0.911035310195168	0.790318143808349
Cellulosilyticum lentocellum	0.520741812524075	0.33855875074811	0.955802897540937	0.444154552871493	0.0547831376570495	0.0035091900035055	-0.0591818414798046	0.800496086608743	0.645211436948949	0.992744784504095	0.81261984673305
Brevundimonas sp. Bb-A	0.521376265485644	0.140714573489607	0.633852591152998	0.569904571757096	0.0772217692976132	0.0274327390588721	0.0398462494475294	0.800496086608743	0.399695457406037	0.904243740974825	0.862328900060624
Niveispirillum cyanobacteriorum	0.521962053231335	0.983413831862741	0.277096186891525	0.548434196992152	0.00134068774714232	0.0797316205455333	-0.0540858497955024	0.800496086608743	0.997474853342798	0.712916798792891	0.862328900060624
Streptococcus sobrinus	0.523310717635918	0.211434055138373	0.874817540495337	0.97204164122282	0.0998726715559435	-0.0141913088564579	-0.00391730130723467	0.800496086608743	0.511314534332156	0.967946474591103	0.987662355068599
Clostridium sp. deep sea	0.524020891542457	0.477457054766989	0.422524036211063	0.153114309887197	-0.0655767582083168	-0.0836578022786764	-0.185745222134495	0.800496086608743	0.756038156413855	0.809423496820018	0.557533069466816
Sulfuriferula sp. AH1	0.524295127206029	0.146274199545466	0.666669833606705	0.801671013962596	-0.0508314354951561	-0.016559702972705	-0.0117421442476488	0.800496086608743	0.409483933971118	0.907153798654249	0.940870607815893
Gordonibacter pamelaeae	0.525066104685067	0.970526969380811	0.180313320134184	0.744893630782867	0.00420108333247711	-0.171969713815463	-0.0504456100422641	0.800496086608743	0.996899745008101	0.623575624920865	0.917963930999779
Chania multitudinisentens	0.525276815290337	0.994982532676422	0.30542388388037	0.47741817686388	-0.000218661937840033	0.0399240161049018	-0.0335589688998295	0.800496086608743	0.998047160600477	0.734973237810645	0.83717789180393
Acinetobacter haemolyticus	0.526000456030617	0.851587743955586	0.508066647180983	0.215578314505506	-0.0365528664952981	0.146654533598396	0.341839997737582	0.800496086608743	0.96408021534717	0.867895731625196	0.646073660343189
Egicoccus halophilus	0.526016875744947	0.294731754240819	0.611439040660471	0.705406168212251	-0.106376494378836	0.0580150552887842	-0.0533527943161732	0.800496086608743	0.607495620028018	0.904064168311274	0.914800115714069
Sulfuricaulis limicola	0.527830560592663	0.257021106063738	0.278863647610914	0.908407938044755	0.0277597741847989	0.0295970106005786	-0.00381551936972889	0.802006932657903	0.568121313629574	0.715091295842159	0.969961262808443
Actinotignum schaalii	0.529285391176188	0.314463956682097	0.164841433349441	0.562067200375482	-0.0475123611097273	-0.0739035741461881	-0.0374365082236718	0.802263726464849	0.617276050089636	0.61445356846326	0.862328900060624
Arachidicoccus soli	0.529641866499312	0.787510954503403	0.159487449882035	0.934336133672484	-0.0178596966471362	-0.105012382885953	-0.00738851228201056	0.802263726464849	0.935469101569888	0.61445356846326	0.981555271610771
Desulfatibacillum aliphaticivorans	0.531036449015187	0.444730667210879	0.407952715051744	0.491827189137009	-0.0482380629520113	-0.0588060276560212	0.0600955552671381	0.803130976296962	0.741470754035885	0.792833466352465	0.839467549391362
Deinococcus gobiensis	0.533717404779312	0.669909367710094	0.319379845094419	0.6303897322649	0.0340606069438869	-0.0889957717578275	0.0520753625101004	0.805269669313038	0.875889811633943	0.736436835790232	0.879612702664185
Litoricola lipolytica	0.534558199048412	0.993202949658341	0.858193937163723	0.190679533991484	0.00107922942445675	-0.0253695231269648	0.230510924122155	0.805269669313038	0.997748315162607	0.953874262353763	0.610799687572721
Parolsenella catena	0.53492325013732	0.459426785843178	0.723404549472513	0.381283432637086	-0.0935338795448973	0.0505943326864878	0.155679095018926	0.805269669313038	0.749031497841345	0.914847008319152	0.784555666864248
Rhodospirillum rubrum	0.538065852313497	0.176457969290059	0.948213116884413	0.833966108996015	0.143566209160249	0.00764962716618775	0.0303463592832625	0.807096652899682	0.459731829323701	0.992744784504095	0.955199165872341
Pseudodesulfovibrio indicus	0.538283880420308	0.207062843535131	0.97604550978663	0.873221136476928	0.06980151900661	0.00186417335491856	-0.0122727536251019	0.807096652899682	0.508292457622672	0.992744784504095	0.968256413895279
Geobacter daltonii	0.538615166520566	0.901773617537422	0.256077912840624	0.408822033874615	-0.00558820186538526	0.0580719826999586	0.0515962845649665	0.807096652899682	0.975266461488522	0.679518100933733	0.790318143808349
Nitrosomonas communis	0.541527543336642	0.408891445817397	0.172044791381011	0.909486035895917	-0.0543891750059277	-0.100851135770733	-0.0100938970924531	0.80809167920692	0.713369540292137	0.623575624920865	0.970052245709947
Tepidiforma bonchosmolovskayae	0.541981941336028	0.419087584716497	0.389334986762245	0.538056469689163	-0.0521380850558906	-0.0621420287567148	0.0542903484539129	0.80809167920692	0.721347787212745	0.787536815873113	0.858431503006606
Acinetobacter baumannii	0.542192104205118	0.200357968898572	0.719489666673872	0.819494293017185	-0.0729750412207568	-0.0226972396915175	0.0176783186607268	0.80809167920692	0.499361570443635	0.91199213043593	0.949324088473663
Beggiatoa leptomitoformis	0.54259305223781	0.330762230517842	0.83117510988382	0.478266744172989	-0.0394593034669003	-0.00961703665705163	0.0392854600586749	0.80809167920692	0.636131297669157	0.944253584135456	0.83717789180393
Tissierellia sp. JN-28	0.543414773018369	0.248413801376578	0.790799015379985	0.567219981373228	0.0353225206757544	-0.00906659029915111	0.0241463010738073	0.80809167920692	0.55921724411271	0.937634269449327	0.862328900060624
Lactobacillus apis	0.547513931616346	0.71700395928701	0.909478189960615	0.228899534832581	0.0222881237799379	-0.00777316910536491	-0.101037062242339	0.810862899413185	0.908265575783719	0.977513962146888	0.657749545680681
Sutterella megalosphaeroides	0.547544898135593	0.558549735610222	0.183984510275749	0.351106181814966	0.15970126036269	0.40918570247671	0.349413377197982	0.810862899413185	0.814067629629759	0.623575624920865	0.759448860875708
Bacillus altitudinis	0.548760306625294	0.176173155441405	0.577758022781351	0.365982271980229	0.119312653544199	0.054332113246592	0.108312858858358	0.810862899413185	0.459731829323701	0.901070189274719	0.769027666412339
Melioribacter roseus	0.549261337086591	0.918129232102639	0.604451752304508	0.269829311245968	0.0143772873181086	0.0818345663822131	-0.216464204897085	0.810862899413185	0.978524161009027	0.904064168311274	0.706869110456952
Candidatus Liberibacter americanus	0.550200068372376	0.96560713086683	0.316038396342114	0.272343619861704	-0.00107043645630518	-0.0278770021656491	-0.0371868032111869	0.810862899413185	0.996899745008101	0.736436835790232	0.707658820757673
Alteromonas australica	0.550258037165754	0.523327406240998	0.166034536411771	0.430463986127684	-0.0691007247649922	-0.169867088548483	-0.117772890747049	0.810862899413185	0.789029129471382	0.61445356846326	0.807529134086587
Deinococcus deserti	0.551424936712707	0.18647772798141	0.979340479277216	0.736011846039216	0.0525620416211176	0.00115114028500013	0.0185380017934927	0.811358679470354	0.476124468876336	0.992744784504095	0.917963930999779
Candidatus Nardonella dryophthoridicola	0.553318975948662	0.694535543667193	0.561131718195868	0.288661513368164	0.0155512988775756	-0.0256382387972209	-0.0572533094619337	0.812921262408786	0.891208319424124	0.89099946453627	0.711757751012722
Aquimarina sp. TRL1	0.554473791146413	0.319085436256179	0.991181259697919	0.532703924153535	0.0260814622808288	-0.000321771411536346	-0.0223177792652859	0.813394735660729	0.623492942444574	0.99525600280048	0.858431503006606
Acidihalobacter ferrooxydans	0.557561664246002	0.399555087159717	0.47253182731949	0.851161924555099	-0.145425372747734	0.138537584823276	-0.0441817577309747	0.815337465849967	0.70896515261571	0.853352301832054	0.961830708881335
Ligilactobacillus ruminis	0.558099315406746	0.293883352346218	0.643513891953979	0.961203818635151	-0.290417370636766	0.142344097489708	-0.01829099205934	0.815337465849967	0.607027558651703	0.904243740974825	0.987662355068599
Staphylospora marina	0.55884166944784	0.277547479103203	0.705363604212731	0.652061823412007	-0.0508586814970991	0.019635286764499	-0.0286234782788511	0.815337465849967	0.593767213970513	0.911035310195168	0.884650455185358
Methylococcus capsulatus	0.559487475005845	0.345972028969411	0.957593797090226	0.263109024556128	0.0531095728789322	-0.00331511282108501	0.0855917056019447	0.815337465849967	0.65253797741914	0.992744784504095	0.701151057433367
Desulfoglaeba alkanexedens	0.559970767231656	0.649324986589822	0.226927442626216	0.295367219016559	-0.0363525047998364	-0.108368779424931	-0.11393108184793	0.815337465849967	0.872192921726967	0.653465141878066	0.716063952801932
Bacillus thuringiensis	0.562015075057233	0.671485638601662	0.320218394279746	0.58216781756596	0.0451645426860968	-0.118953871901197	-0.0802327237948007	0.816415513056339	0.875889811633943	0.736436835790232	0.862706762624495
Salinivirga cyanobacteriivorans	0.562382436322329	0.759009037182564	0.172964146177486	0.918661401397408	0.0200472124232582	0.100746501683275	0.00913528488183799	0.816415513056339	0.926078217024906	0.623575624920865	0.975578466483987
Desulfovibrio sp. IOR2	0.56893389895865	0.197146858933661	0.316020004640594	0.724254625830346	0.0582983840729663	0.0502149559537782	0.0213764681514497	0.824700918816915	0.49335907799819	0.736436835790232	0.917963930999779
Neisseria gonorrhoeae	0.570887764880077	0.632592091048334	0.311715709742973	0.823155866059939	0.0352362345463308	-0.0848124736664576	-0.0230355805709643	0.825434647713754	0.865746423262751	0.735618957533537	0.950223678734352
Endomicrobium proavitum	0.571690627174899	0.900290860793296	0.649644524474332	0.271512136597263	0.00833478370656443	-0.0344669853955081	0.10424071973176	0.825434647713754	0.975266461488522	0.904243740974825	0.707379619881403
Marinomonas posidonica	0.572570113165845	0.197444625892827	0.326626566447934	0.743886963852209	0.0847379340432762	0.0714344994589117	0.0287914357303214	0.825434647713754	0.49335907799819	0.736984192655039	0.917963930999779
Rubrobacter xylanophilus	0.573872222844911	0.696226030132922	0.639310051160561	0.279099875452575	-0.0593528535020885	0.0807315512787177	0.23222861777424	0.825434647713754	0.891208319424124	0.904243740974825	0.711757751012722
Listeria monocytogenes	0.574468053483247	0.320954809149006	0.787549253906858	0.410412164817993	0.0477785351568985	-0.0143501665778602	0.0535481717945695	0.825434647713754	0.624109348635628	0.93719320471011	0.790318143808349
Martelella endophytica	0.574509273741405	0.362865594486426	0.201978120641051	0.410108583270729	0.0255723565981959	0.040206323957351	0.0314899542555214	0.825434647713754	0.671438798888709	0.627743173147756	0.790318143808349
Haematospirillum jordaniae	0.576373067345017	0.278288568315726	0.685015590115289	0.640967613594823	0.228181001982153	0.0958012940200863	-0.136150807882541	0.826246309885275	0.593767213970513	0.910122983336732	0.880841778661323
Peptoniphilus harei	0.576765591956763	0.309087118470628	0.50478410979307	0.640126823826642	0.114736828606391	0.0833966229491765	-0.0710301091331845	0.826246309885275	0.615426133306465	0.866298597482095	0.880841778661323
Actinopolyspora erythraea	0.578001348051417	0.287088585418712	0.226263356041394	0.446616362500063	-0.0782085345795502	-0.0994512577659646	-0.0759932456544253	0.826804270931529	0.599328093918978	0.653465141878066	0.814074974183883
Geosporobacter ferrireducens	0.580535084200595	0.234290077187348	0.491853248100669	0.287923036929179	0.114628374638802	0.0741561859628063	0.141962789137557	0.827891634223679	0.539699877063013	0.862343451585385	0.711757751012722
Staphylococcus hominis	0.581243374625291	0.338785534447094	0.581723515246809	0.207058934807777	-0.0398590101526261	-0.0254396343865977	-0.0714990511647953	0.827891634223679	0.645211436948949	0.901070189274719	0.63192868489505
Chlamydia suis	0.582209373514235	0.3724860741597	0.309070878939437	0.759278098834124	-0.0524995247056644	-0.0667303101119948	0.0243135345444296	0.827891634223679	0.677688816487946	0.735507770067021	0.922655102687735
Aminobacterium colombiense	0.583051189930072	0.499079815245494	0.256546392495618	0.753653352655994	0.0496245334089448	0.0931861407372072	-0.031123545514675	0.827891634223679	0.77643468072428	0.679518100933733	0.919109397322532
Pseudopedobacter saltans	0.583158846136041	0.874942348235001	0.367059344032512	0.333534836597655	0.00676402890358034	-0.0434905148602695	-0.0570088295406312	0.827891634223679	0.972637463083751	0.766275596409753	0.742775338397083
Burkholderia oklahomensis	0.583845789130107	0.824045064355313	0.703970788546289	0.231080802245889	0.0111477929537474	-0.0215168333654541	-0.0844650308826927	0.827891634223679	0.951645423020261	0.911035310195168	0.660032733853012
Staphylococcus vitulinus	0.584951422694543	0.643785164636263	0.443431415692129	0.426284768097919	0.0245419568830428	0.0453702487097929	-0.0573267127079077	0.82825730430807	0.872192921726967	0.822984010812253	0.804015865698199
Spirosoma montaniterrae	0.587461368232821	0.214182044528612	0.31016294909684	0.72424313115313	0.0907263275158273	0.0822054476086186	0.0345697387468163	0.829633422358014	0.512882003687386	0.735507770067021	0.917963930999779
Blautia producta	0.587621625661971	0.864836685921536	0.501925154705192	0.352747058275962	-0.0201291990312925	0.0891562790872059	-0.151708902287528	0.829633422358014	0.972637463083751	0.866298597482095	0.759448860875708
Mucinivorans hirudinis	0.590080329903048	0.27605851984345	0.61165446801817	0.253988228902856	0.0819471808183215	0.0424264495614224	0.117410184001632	0.831178553418466	0.593737752482042	0.904064168311274	0.691274091765086
Cutibacterium acnes	0.590417519009637	0.912976535871387	0.984304676881694	0.215365950655162	0.00704113834285508	-0.00142210149758685	-0.111158988376073	0.831178553418466	0.976015672130026	0.993456269951875	0.646073660343189
Klebsiella sp. LTGPAF-6F	0.591818374460912	0.256582153441337	0.647007244597253	0.733381165541565	0.125453331791141	0.0561037616018579	-0.0509333808720357	0.831512878233633	0.568121313629574	0.904243740974825	0.917963930999779
Mycoplasma penetrans	0.592495811839147	0.874251468725193	0.68561977045633	0.184101475750781	-0.0116049266004015	-0.0334672483553798	-0.136826983650219	0.831512878233633	0.972637463083751	0.910122983336732	0.599557139361711
Selenomonas sputigena	0.593842039763458	0.696912135148445	0.388556378498048	0.601549127452865	0.0799173017228492	-0.201787386689913	0.151066256825381	0.831512878233633	0.891208319424124	0.787536815873113	0.868498797616435
Microbulbifer sp. YPW1	0.594068921924826	0.25801891778855	0.347626096462646	0.321073649634564	-0.0693989340007194	-0.0648599000875036	-0.0846709641507559	0.831512878233633	0.569039464287615	0.75764149258444	0.739429981482393
Rhodothermus marinus	0.594910442052517	0.18419451512961	0.642985913379787	0.869275871899934	-0.0820153328097531	-0.0315348267013376	-0.0136082477611196	0.831512878233633	0.474155114558395	0.904243740974825	0.968164124957406
Bifidobacterium bifidum	0.59644344717073	0.179243768090155	0.622125343669375	0.787197481493139	0.251469826713895	0.103578086023782	0.070200934235143	0.831986707756584	0.465747769744899	0.904243740974825	0.938771619244793
Tannerella sp. oral taxon HOT-286	0.597034935648952	0.412925532330292	0.739342504821675	0.532400178880315	0.094790971578144	-0.0438883949106815	-0.102502510471784	0.831986707756584	0.715298306891303	0.917541397490177	0.858431503006606
Collimonas fungivorans	0.598308991389262	0.203184011231202	0.365003769788646	0.740914529583689	0.0390042104718471	0.0307816948888709	0.0136365531912974	0.831986707756584	0.502558934108569	0.766189596183052	0.917963930999779
Nitrosomonas sp. Is79A3	0.599734819457885	0.253351928338471	0.885891832928397	0.366803370059519	-0.119613781210809	-0.016740330845395	-0.130171985206233	0.831986707756584	0.566418384408893	0.974322082110168	0.769027666412339
Oryzomicrobium terrae	0.600244206076086	0.889489401151444	0.749447312066963	0.223477302376669	0.0110108035552675	-0.02817480257193	-0.131861613726883	0.831986707756584	0.975266461488522	0.917556420914064	0.652055882628994
Methylomonas sp. GJ1	0.600358883283922	0.735834873412153	0.365449694801742	0.475224886394785	0.0148608642779751	-0.0445615693623995	-0.0426942250808076	0.831986707756584	0.918149005521932	0.766189596183052	0.83717789180393
Turicibacter sanguinis	0.601294728655174	0.232842162165818	0.339403977275547	0.883091874486432	-0.0960404405137705	-0.0852865909644069	-0.0158825488899545	0.832103328464739	0.538180805257252	0.751922190018616	0.969961262808443
Desulfofarcimen acetoxidans	0.602267855614956	0.77190801108513	0.309742894097943	0.613094293615583	0.0401634763421883	0.161035536211843	-0.0989430502921513	0.832271138523072	0.926078217024906	0.735507770067021	0.872199994182622
Acidaminococcus intestini	0.6040162263331	0.547169952918268	0.392915829507304	0.89969974238954	-0.147288452243596	0.238482159776311	0.043457032628934	0.83301283605243	0.805097957833053	0.789874002939581	0.969961262808443
Thermincola potens	0.604509826777045	0.818474357266934	0.194971237325525	0.645675910322856	0.0186561299322226	0.11846918244661	0.0506570234862233	0.83301283605243	0.950831684958139	0.627743173147756	0.880841778661323
Nitrosomonas stercoris	0.605404723626716	0.894387408364668	0.202981813878907	0.841009218051608	-0.0193857683588564	-0.210089137311688	-0.0401227052195581	0.833071007018735	0.975266461488522	0.627743173147756	0.956537841718767
Phocaeicola vulgatus	0.608496755250759	0.545441358195742	0.266896694569152	0.290542191171187	0.107010089799289	0.221789215069051	0.259317620990387	0.836148143291128	0.803999402753224	0.698780529103248	0.711757751012722
Noviherbaspirillum sp. UKPF54	0.609772465673832	0.487619621710441	0.492786612032096	0.199538983321807	-0.0437636826634477	-0.048115756200808	-0.11035297326317	0.836724296296817	0.763048636599738	0.862343451585385	0.617355801336961
endosymbiont of Sipalinus gigas	0.611012076755182	0.397979586264409	0.54617552415012	0.950110351530944	-0.0418328282308072	0.0338450176114361	-0.00433988440772082	0.837249367447143	0.70824418174923	0.890390340819585	0.983323954921326
Acutalibacter muris	0.612717940725576	0.344343981583648	0.219095172259985	0.724184066199564	-0.160526220866585	-0.236685410898345	-0.0832480489167612	0.838410963709927	0.651029983715074	0.646694813589141	0.917963930999779
Anoxybacter fermentans	0.616814469973274	0.352658467188542	0.851646105254016	0.263380182270262	-0.0958271578686012	-0.0215756616091271	-0.160196364267009	0.84283599603341	0.656280614177534	0.951771487298646	0.701151057433367
Terriglobus saanensis	0.618879962494144	0.613689626935004	0.454284251196477	0.552126655788243	-0.0334736702539098	0.0553197283462899	-0.053416883173431	0.844477267258071	0.856557628275395	0.828051704139848	0.862328900060624
Thauera sp. K11	0.620191897968541	0.752214747581759	0.387310155317873	0.499398335324969	0.0175583871439728	0.0540403673759414	-0.0516522752262723	0.845087146883214	0.924419884763999	0.787536815873113	0.844801372512115
Clostridium botulinum	0.621649163020222	0.366400284070103	0.732463162306833	0.69631039815617	-0.103091572990429	0.0441011314145078	0.0624295406078644	0.845893081157044	0.672881724692652	0.917541397490177	0.911988159141957
Geobacter metallireducens	0.62556995081088	0.981905361033828	0.408183452994156	0.289078573225722	-0.0011339117947253	-0.0462158138530004	-0.0722914255055802	0.850044286428692	0.997215735686123	0.792833466352465	0.711757751012722
Sporomusa termitida	0.626940590622515	0.651689695865594	0.405860976445034	0.226354328573624	-0.0280983606995827	-0.0581867950060368	-0.104502774327031	0.850376536349533	0.872192921726967	0.792833466352465	0.654284553303048
Helicobacter canis	0.627690371387813	0.801735861487475	0.953537014750254	0.207624470676879	0.0220171669295556	0.00568243527587853	0.151095851614443	0.850376536349533	0.942251522693841	0.992744784504095	0.63192868489505
Hungatella hathewayi	0.629390461437294	0.50406526950241	0.284413493335056	0.301995636675186	-0.0802727850284838	-0.144665620417995	-0.170946571069035	0.850376536349533	0.777996474413672	0.725404675097343	0.723161120175629
Vibrio sp. THAF191d	0.6301373560245	0.243488903618318	0.949035033516665	0.754574942211883	0.0826615362105932	-0.00499650664262734	0.0297545212322399	0.850376536349533	0.554519018263629	0.992744784504095	0.919109397322532
Massilistercora timonensis	0.631021463705005	0.280557236166962	0.277285960635925	0.518840769629966	-0.11531348112259	-0.130869361282354	-0.0953953396675013	0.850376536349533	0.593767213970513	0.712916798792891	0.856679986706658
Candidatus Endomicrobium trichonymphae	0.631818272909429	0.424512765158331	0.579798406877577	0.804716308662252	-0.107105300100484	0.0848242343596281	0.0469889220205121	0.850376536349533	0.727061827632652	0.901070189274719	0.940870607815893
Prevotella sp. oral taxon 299	0.632042177619141	0.97220484333235	0.585758506135732	0.232396377119177	0.0049063309743921	0.0857507796373214	0.231027260788558	0.850376536349533	0.996899745008101	0.901237890542693	0.660032733853012
Thermomicrobium roseum	0.632777627355282	0.213454017806347	0.406324480710208	0.603892663434703	0.0697461413933684	0.0515090312101507	0.0390548045415442	0.850376536349533	0.512394534144475	0.792833466352465	0.868929502467901
Granulicella sp. 5B5	0.634431184634162	0.616335734572776	0.957140053859992	0.22016234225677	-0.0499711034271482	-0.00600793379736885	-0.170171897618446	0.851427565092824	0.856557628275395	0.992744784504095	0.649070520404931
Chlamydia abortus	0.636128178682712	0.579515923633604	0.204521257496687	0.532222693617103	-0.0411100100932242	-0.107192961843657	-0.0646755769457904	0.852533923968463	0.828970801449533	0.627743173147756	0.858431503006606
Ruminococcus albus	0.638045037916689	0.489033888110324	0.33796092105709	0.260522841616851	0.0751372973405827	0.118813477733222	0.173532385307875	0.853931509650144	0.763236595341512	0.750973333304164	0.699539997895291
Bacteroides heparinolyticus	0.642520234975646	0.791629462119307	0.957419556611856	0.227890133748329	-0.0297521859864201	0.00668742457667312	-0.185524596048658	0.858193497729812	0.935469101569888	0.992744784504095	0.65678070994725
Myroides sp. CJ210	0.642986325832367	0.214973832811077	0.633986358867461	0.488473114575662	0.0494619930307829	0.0209528261117648	0.0371578024911284	0.858193497729812	0.513519400137952	0.904243740974825	0.837814612523652
Morganella morganii	0.645216431378715	0.21747163308808	0.435541204631036	0.701586580388783	0.180331514262561	0.126112768259338	0.075188780576968	0.858312191381054	0.516495626714595	0.815726766891664	0.914448378267839
Altererythrobacter namhicola	0.645984475244036	0.370562294907741	0.892466177491134	0.389331429914898	-0.0417443343739051	0.00707851098807206	-0.0559374651144025	0.858312191381054	0.676709088083855	0.974322082110168	0.789328124963583
Sterolibacterium denitrificans	0.646338577716983	0.744209205192036	0.725282503787027	0.334514993750989	0.0353652880384654	0.0429434980784243	-0.146284676605746	0.858312191381054	0.920636509055812	0.914847008319152	0.742775338397083
Flavobacterium sp. xlx-214	0.646826931673018	0.890431701062975	0.240860880274924	0.983824028107653	0.00491228002552928	0.0474685613432686	-0.00100183742257207	0.858312191381054	0.975266461488522	0.66043896136601	0.991644018776915
Aquicella siphonis	0.648108737613598	0.538620434736125	0.74403098640567	0.435332345702201	0.0266369946600134	-0.0159550100600382	-0.0472695615272979	0.858312191381054	0.802183177953039	0.917541397490177	0.808592588880325
Desulfobacterium autotrophicum	0.648346363602065	0.284003603159403	0.464064155667701	0.88290014227895	0.111845450192304	0.0850573345128261	-0.0208600451563012	0.858312191381054	0.595878261543027	0.844302942434533	0.969961262808443
Paeniclostridium sordellii	0.652009136477774	0.766954234601223	0.22544105808155	0.937281980404886	-0.0522340451846537	-0.243220478022367	-0.0193082818711193	0.861851955630111	0.926078217024906	0.653465141878066	0.983200653899307
Schlegelella thermodepolymerans	0.652784490446553	0.349819610705987	0.948849456291964	0.65880080246539	-0.0898670215556095	0.00689321208199153	0.0584808328914473	0.861851955630111	0.654739003179596	0.992744784504095	0.887790874494739
Oceanimonas sp. GK1	0.654539095042933	0.230515868251492	0.410418285046452	0.582790648241726	0.0632336320151138	0.0480650518590406	0.0389358964062709	0.863002288605864	0.534950126559876	0.79559258827457	0.862706762624495
Lactobacillus terrae	0.656028196757524	0.57079592443617	0.434189291780007	0.241464009928558	-0.0184194605951051	-0.0283277429899445	-0.0518865784627394	0.863799930231942	0.823735116110499	0.815726766891664	0.683209519555296
Halocella sp. SP3-1	0.661362462803985	0.662845482856055	0.593952188491387	0.433862651052649	-0.019444997121458	-0.0271802186401344	0.0496698887855888	0.869651582987205	0.875889811633943	0.901588138373686	0.807529134086587
Bacillus safensis	0.662700330034544	0.250356641396587	0.698844880833122	0.421725804090242	-0.0667894790701138	-0.0248228573675576	-0.0629310368324425	0.870239546295362	0.56100559322125	0.911035310195168	0.800050700186731
Saccharibacillus brassicae	0.663668546163419	0.901985453149765	0.517582000103609	0.255424715585666	-0.00480098092845808	-0.0282884781447882	-0.0612384431898526	0.870341167250551	0.975266461488522	0.870357339244795	0.691274091765086
Deinococcus puniceus	0.665735990174316	0.981802582248156	0.63018219167606	0.248900693266506	-0.00188669388027892	-0.0451670030447494	-0.134841935026078	0.871382358235773	0.997215735686123	0.904243740974825	0.691274091765086
Opitutus terrae	0.666246286184363	0.513528381113188	0.536807730287319	0.703762903156891	-0.0364212180814975	0.0382997562047203	0.0286481250260684	0.871382358235773	0.782710184629617	0.88767112135079	0.914800115714069
Calditerrivibrio nitroreducens	0.667176629753986	0.477360347791288	0.485194537579125	0.24711270025021	-0.0804961249718577	-0.0881082029413301	-0.179143876954623	0.871432576563695	0.756038156413855	0.862343451585385	0.691179666599755
Rothia dentocariosa	0.670320767790711	0.245701005627945	0.398806062770831	0.639979738907882	0.0907431532765689	0.073085826758013	0.0491430866523498	0.874370347305106	0.55825554069419	0.792435943591619	0.880841778661323
Hydrogenophilus thermoluteolus	0.671693445540394	0.606889090819537	0.251840963873217	0.431291826584095	-0.0252273390565408	-0.0638792201057241	-0.0539574611815004	0.874992661723954	0.85313761400099	0.675957751934432	0.807529134086587
Gallibacterium anatis	0.673299979149692	0.446971601740389	0.5608314428128	0.896183650132284	0.0507257599787153	-0.0433705131261476	0.0119058156577344	0.875197427719757	0.743937401874548	0.89099946453627	0.969961262808443
Pseudomonas marincola	0.673642237098523	0.302003112303517	0.853737081545	0.925485710586267	0.0688575433564238	-0.0136535402739452	0.00847442836153346	0.875197427719757	0.613424201082197	0.951771487298646	0.9759839231059
Symbiobacterium thermophilum	0.674562531013407	0.833690589676352	0.487658185233858	0.470913948106275	0.011387294245317	-0.0420005650946827	0.0531072553519857	0.875229206905842	0.956959804704761	0.862343451585385	0.834996238293704
Coraliomargarita akajimensis	0.677581675355517	0.679007863006672	0.517096973532056	0.477734801281396	0.0449263291621074	-0.0785364863017373	-0.10505851798343	0.877980499764377	0.877513763112761	0.870357339244795	0.83717789180393
Clostridium sporogenes	0.681418802996732	0.986244327870156	0.297962158791926	0.868530556230465	0.000926132568752529	-0.0630799904668957	0.0122241511880843	0.881783007321599	0.997474853342798	0.72932307363565	0.968164124957406
Capnocytophaga gingivalis	0.687542010449243	0.650341171212949	0.7154725317159	0.402892154631705	0.0235824703476071	0.0210913472412126	-0.0591122761495885	0.886692645532011	0.872192921726967	0.911035310195168	0.790318143808349
Catenovulum sp. CCB-QB4	0.687738423265478	0.40439457372729	0.26943977660918	0.535708896065414	0.0511581886758113	0.075652063506589	0.0513460900502284	0.886692645532011	0.709324054814296	0.698780529103248	0.858431503006606
Lactobacillus suantsaii	0.69033172326362	0.368303416836039	0.739219511511682	0.692808257893218	-0.0363580112407323	0.0149017957312568	-0.0215266063637789	0.886692645532011	0.673843517319869	0.917541397490177	0.911988159141957
Clostridium novyi	0.690409157475133	0.965478379290846	0.893544099867666	0.290202669710822	-0.00290637939410133	-0.0101570348462602	0.0999474672200463	0.886692645532011	0.996899745008101	0.974322082110168	0.711757751012722
Clostridium sp. SY8519	0.690518565916725	0.48813244408888	0.366890122974099	0.314216641527181	-0.0632349813170039	-0.0924511295241694	-0.126743187015031	0.886692645532011	0.763048636599738	0.766275596409753	0.73618623206728
Ciceribacter thiooxidans	0.690658242835067	0.76535833629988	0.849520522314375	0.290022473565403	-0.0346083207615569	0.0247160613241086	-0.170816534033527	0.886692645532011	0.926078217024906	0.951771487298646	0.711757751012722
Aquicella lusitana	0.696082810361446	0.270445897218452	0.623426169794179	0.972682202980324	0.0632479830692898	0.0311574711383035	-0.0026402140970996	0.892484128245581	0.587168092405395	0.904243740974825	0.987662355068599
Corynebacterium segmentosum	0.698638370576314	0.948784786508573	0.300624186124143	0.675562415840825	-0.00265797871370207	0.0486261113408888	0.0241204360439856	0.892868990288498	0.993529192303189	0.72932307363565	0.896194260275809
Candidatus Cyclonatronum proteinivorum	0.699228178696855	0.650347219921537	0.41937749926206	0.827583186707753	-0.0390223239246961	0.0787414667113435	0.0261394170290639	0.892868990288498	0.872192921726967	0.806558694446915	0.950327734764766
Cupriavidus malaysiensis	0.699314227632074	0.452170425021542	0.430285751863904	0.300071670611377	-0.0789674875929377	-0.0930444310110205	-0.150750516831415	0.892868990288498	0.748396602425535	0.814106461975369	0.722093650707674
Alloprevotella sp. E39	0.700038532815752	0.778965578141575	0.666556741054431	0.350389776127417	-0.0288812958758576	0.0498640679592787	0.133589746118328	0.892868990288498	0.931516976553634	0.907153798654249	0.759448860875708
Mycoplasma ovis	0.701668607256526	0.269696238576212	0.734641805978436	0.485190471338397	0.0587412504010059	0.0202925484590888	0.0518628131366954	0.893635006873862	0.587168092405395	0.917541397490177	0.837814612523652
Proteus mirabilis	0.702468459855809	0.646490702473105	0.344792383938798	0.336498824848949	-0.0541232169103997	-0.126368105246651	-0.15878117628231	0.893635006873862	0.872192921726967	0.755122254643272	0.743799438636704
Lentibacillus amyloliquefaciens	0.703536520970905	0.619803228870743	0.434223852819829	0.977501063885801	-0.0176361006079313	0.0310036382034217	0.00135524317945467	0.893829884250422	0.858020206191305	0.815726766891664	0.988632028381395
Paenibacillus chitinolyticus	0.711264390572575	0.40201299339724	0.715481027828068	0.914111216904213	0.0387576946450487	-0.018688431101131	-0.00672372111065712	0.89671300285901	0.70896515261571	0.911035310195168	0.973537346318476
Moraxella ovis	0.712055072312527	0.847525502205036	0.349740340998549	0.676044186103655	0.00793791627570879	-0.0431889583855668	-0.0233790285318908	0.89671300285901	0.962660106618502	0.75764149258444	0.896194260275809
Labrys sp. KNU-23	0.712271613955544	0.267820675665285	0.556628190653442	0.905651069815494	0.154071041163887	0.0915130885459289	0.0226969584837536	0.89671300285901	0.586683408351981	0.89099946453627	0.969961262808443
Jonquetella anthropi	0.713737265229032	0.966464775979033	0.322689092584207	0.889542942850515	0.00153276691357438	-0.0406618981423887	0.00696462334862041	0.89671300285901	0.996899745008101	0.736436835790232	0.969961262808443
Sneathia amnii	0.713940596872977	0.883345833080791	0.322703615115547	0.948310704682565	-0.0132339102460353	0.0999138223793041	0.00792547321307614	0.89671300285901	0.975266461488522	0.736436835790232	0.983323954921326
Clostridium beijerinckii	0.71433034044264	0.914407451528837	0.33201360196108	0.45490756673112	0.00879057294264852	0.0904199723252547	0.0860161476978043	0.89671300285901	0.976367300703468	0.74127405173774	0.820008658111262
Lacticaseibacillus paracasei	0.715470389948189	0.364060373269044	0.829234064965546	0.899736132279822	-0.0716546859682407	0.0188506952988885	0.0133973559579589	0.89671300285901	0.672376152521468	0.944253584135456	0.969961262808443
[Clostridium] hylemonae	0.716000024390616	0.365142270883176	0.587799330046786	0.331608632728075	-0.08781686683212	-0.059261578255173	-0.131864914123024	0.89671300285901	0.672472700817843	0.901538375911633	0.742775338397083
Granulosicoccus antarcticus	0.71612214081213	0.75979803533832	0.836471214470743	0.3457926816514	0.0326389983113806	-0.0250084064929301	-0.142366170329148	0.89671300285901	0.926078217024906	0.946461640217135	0.758418544971255
Croceibacter atlanticus	0.717532708746232	0.570797004715259	0.625825867845907	0.581261726520026	0.0910785224800345	-0.0881555193090257	-0.122958670938854	0.89671300285901	0.823735116110499	0.904243740974825	0.862706762624495
Gordonibacter urolithinfaciens	0.720509182685798	0.441899043182162	0.522990374335394	0.690085378470264	0.0522704831897858	0.0482526913168045	-0.0365954247643593	0.89671300285901	0.741132635618302	0.874934239256301	0.910239568170129
Lactobacillus rhamnosus	0.720673744586276	0.649709759041754	0.843314282710293	0.331215154479993	-0.0400778993167192	0.0193868394794294	-0.116657141056083	0.89671300285901	0.872192921726967	0.949474465889697	0.742775338397083
Candidatus Desulforudis audaxviator	0.721018355429767	0.303624009018842	0.674026083411015	0.904934469302746	-0.0814416582002271	-0.0375206656088443	0.0131775921083174	0.89671300285901	0.613990708106833	0.908308253093189	0.969961262808443
Vibrio tapetis	0.721079442458683	0.94021104086562	0.359785169120701	0.530262289768846	-0.0048942013444599	0.0676165666310717	0.0569344185253044	0.89671300285901	0.98990224547371	0.762494816119142	0.858431503006606
Clostridium sp. JN-9	0.722232123258558	0.655504901859114	0.82648318228888	0.338127940122259	0.0257171853306429	-0.0140470398750852	0.0751135365861691	0.89671300285901	0.87490203431196	0.944253584135456	0.745713312639836
Prevotella dentalis	0.723105090282043	0.865725428490304	0.489023611538087	0.571268743050806	-0.0262360961449322	0.122833821461764	-0.124704045324562	0.89671300285901	0.972637463083751	0.862343451585385	0.862328900060624
Syntrophus aciditrophicus	0.723525868475854	0.256970062984663	0.622894097610586	0.747272393950834	0.0758718570919987	0.0363753274312119	0.0289795722793607	0.89671300285901	0.568121313629574	0.904243740974825	0.917963930999779
Candidatus Symbiobacter mobilis	0.724084078228837	0.297105476743123	0.786855909823562	0.478999428370928	0.0312746994819412	0.00896533488750663	0.028641525542797	0.89671300285901	0.607979645266766	0.93719320471011	0.83717789180393
Olsenella sp. GAM18	0.724620042804226	0.340831078291174	0.919383899391455	0.615985666311166	-0.106725467470128	0.0127257151465322	-0.0780084830922775	0.89671300285901	0.647844286946454	0.982754999677737	0.872199994182622
Prevotella ruminicola	0.724860310926165	0.92306337576891	0.35757061166357	0.785516885438752	-0.0144165926679861	-0.158309973307181	0.0578879341889968	0.89671300285901	0.981319823858787	0.762494816119142	0.938771619244793
Candidatus Izimaplasma sp. HR1	0.725951113821303	0.36263428291983	0.797651599110205	0.895395842768328	0.260386615060889	-0.0814625817541535	0.0510339177401823	0.89671300285901	0.671438798888709	0.93889415099221	0.969961262808443
Hungateiclostridium clariflavum	0.725997937831604	0.975580415160559	0.606258713581466	0.313414566424142	-0.00362720625878836	0.0692329774467953	0.168349054877334	0.89671300285901	0.997215735686123	0.904064168311274	0.736085408195429
Bibersteinia trehalosi	0.728959725237188	0.615567606237085	0.647143602699648	0.48231634018541	0.0297777229294928	-0.0301949962501903	0.056501908218475	0.899234408531228	0.856557628275395	0.904243740974825	0.837188921057074
Rhodomicrobium vannielii	0.732027419430151	0.976594606255286	0.528369322484343	0.501844559832199	-0.00408294104463858	0.099735747450153	-0.13163008529239	0.901051423147144	0.997215735686123	0.881558593132491	0.844832149199258
Belliella baltica	0.733488966575689	0.281386100377019	0.67854267601678	0.527551483266146	0.0847606743192555	0.0360542071205366	0.0669744528799776	0.901051423147144	0.593767213970513	0.910122983336732	0.858431503006606
Paenibacillus sp. JNUCC-32	0.733691957226806	0.767459630042581	0.6547175412465	0.269543988405979	-0.013871018616881	-0.0233599151060062	-0.0706456223631002	0.901051423147144	0.926078217024906	0.904243740974825	0.706869110456952
Bacteroides zoogleoformans	0.734277076282124	0.29634739475552	0.440825220627316	0.754449878648154	0.190558945515704	0.156212477166159	0.077027084159215	0.901051423147144	0.607979645266766	0.82192030639864	0.919109397322532
Candidatus Hodgkinia cicadicola	0.735043996159952	0.463174613399245	0.711973477687588	0.761175453020373	0.0428652062835712	-0.0241038297169604	-0.0243363306765158	0.901051423147144	0.75169700546688	0.911035310195168	0.923811698883111
Paenibacillus naphthalenovorans	0.738395476570409	0.980399696148153	0.449805254974525	0.380641334460283	0.000953698855100287	0.03350278146659	0.0482833496746846	0.902682198768864	0.997215735686123	0.825477954263564	0.784555666864248
Bernardetia litoralis	0.738758477636338	0.473395552525388	0.541808165460213	0.306928213119098	-0.0724149803112908	-0.0697943186736951	-0.145402374175182	0.902682198768864	0.756038156413855	0.890390340819585	0.731387473700874
Thiomicrorhabdus aquaedulcis	0.739943266128124	0.789500858988987	0.349304871837976	0.792299690409257	-0.0143208640831613	-0.0570837594647757	0.0197598230147791	0.902682198768864	0.935469101569888	0.75764149258444	0.938771619244793
Acinetobacter johnsonii	0.740638065248737	0.290021192261593	0.729834177853173	0.534940614169302	0.0444551512975747	0.0160404019410956	0.0351303065696965	0.902682198768864	0.603028430569733	0.917541397490177	0.858431503006606
Ruminiclostridium sp. MA18	0.741022488694716	0.501676885563138	0.601599056879614	0.823786546456496	-0.1272293247041	0.110718184009846	-0.0578940481143335	0.902682198768864	0.777996474413672	0.903952195757992	0.950223678734352
Draconibacterium sp. M1	0.742548517955753	0.469268048160467	0.789161998116852	0.587240950179049	0.0407615369816017	0.0168329004033697	-0.0420076117120237	0.902682198768864	0.755842350665967	0.937634269449327	0.863925391731456
Clostridioides difficile	0.742841850368646	0.554310296271176	0.960788117659894	0.352060789289773	-0.0534655877239068	0.00504665963457333	-0.119186817293395	0.902682198768864	0.810720298588232	0.992744784504095	0.759448860875708
Coriobacterium glomerans	0.744888991388363	0.670243621202464	0.514282093283212	0.298982205021358	-0.0255330014575816	-0.043752614105574	-0.0855690055709374	0.904045397001778	0.875889811633943	0.870357339244795	0.721965956131352
Faecalibaculum rodentium	0.746999792610061	0.978822978952813	0.734484093139739	0.3107913170416	-0.00461544647601963	0.0663273230562482	0.245385764934043	0.905482378883411	0.997215735686123	0.917541397490177	0.733437480071602
Desulfurivibrio alkaliphilus	0.748087414145307	0.964419890873299	0.804912334826264	0.35366842609692	-0.00225011957744436	-0.0138683595674814	0.0637011259550036	0.905677080074306	0.996899745008101	0.93889415099221	0.759448860875708
Oscillibacter valericigenes	0.750472885892081	0.764612224024274	0.883662098629223	0.37405711420385	0.0576906947312504	-0.0319317746165842	-0.241384469375375	0.907440605837331	0.926078217024906	0.97416037890075	0.779296081200667
Turneriella parva	0.753124078723733	0.341569015694154	0.400198897644695	0.575378477152791	-0.102437810362016	-0.102510519034007	-0.0842839439315574	0.907643011831908	0.647986268608132	0.792435943591619	0.862328900060624
Intestinimonas butyriciproducens	0.754092409478267	0.742895048856924	0.622925194780573	0.490087778287101	0.034203284479883	0.0582135237587841	-0.101392294128137	0.907643011831908	0.920636509055812	0.904243740974825	0.838556496298596
Olsenella umbonata	0.754568667555645	0.692910961913525	0.289836830523267	0.589899184958258	0.0635500086992869	0.195638100569437	0.123060387341413	0.907643011831908	0.890755276038834	0.728879313502408	0.864065222944855
Finegoldia magna	0.754965134935727	0.284826149580956	0.584727226202837	0.656073836529812	-0.133427698307334	-0.0769390605457759	-0.0776445054156282	0.907643011831908	0.595878261543027	0.901070189274719	0.886561740372928
Flavobacterium kingsejongi	0.755285331237811	0.675331374201672	0.704001080678543	0.476046314024689	-0.0196187228782792	0.019815552312801	0.0453944574263478	0.907643011831908	0.877513763112761	0.911035310195168	0.83717789180393
Fusobacterium mortiferum	0.757000100649195	0.684001271517455	0.286676737440784	0.655378002909032	0.137168915961075	0.40475999027026	0.206725883145509	0.908586115889759	0.881621691652445	0.727488759687391	0.886561740372928
Flavonifractor plautii	0.760110331508147	0.462182467428596	0.898711037250129	0.667208865476531	-0.0828604357748387	0.0159816813638023	0.0661491560272101	0.910563361391953	0.751334892974607	0.975497373371602	0.894185142236326
Pontibacter sp. SGAir0037	0.761330017947584	0.475885411501473	0.343039360395105	0.496555860081891	0.0427071033974417	0.0638211595512004	0.0560128627406677	0.910563361391953	0.756038156413855	0.754841115103642	0.843713174434795
Ephemeroptericola cinctiostellae	0.763179871778011	0.842332960216146	0.302979318454172	0.716565665063775	0.00577419135485224	0.0334932110034915	0.0142785407836553	0.910563361391953	0.95916002579391	0.73269998546962	0.917963930999779
Deinococcus maricopensis	0.763398408041192	0.391381372442728	0.753741005804513	0.39277031687883	0.022148336301337	0.00914067319621515	0.0309450917574682	0.910563361391953	0.702608809086779	0.918737420580902	0.789328124963583
Lachnoclostridium phytofermentans	0.763861031043396	0.805202710735028	0.396133666549727	0.741110810761538	0.0195131648297438	0.0764516875179452	-0.0367248351448317	0.910563361391953	0.94439741703256	0.792435943591619	0.917963930999779
Polynucleobacter necessarius	0.764919871987548	0.937529219583335	0.342722651547742	0.914746452323809	0.00503288945530148	0.0684046215308299	-0.00937606352800559	0.910563361391953	0.98990224547371	0.754841115103642	0.973537346318476
Murdochiella vaginalis	0.76543062318116	0.522367724861095	0.797198955314627	0.569216392350391	0.0404820609495223	0.0184553787897581	-0.0507977768809918	0.910563361391953	0.788799485609413	0.93889415099221	0.862328900060624
Vibrio sp. THAF191c	0.766103462706433	0.322400032548343	0.517102350999862	0.889649875233903	0.13232986553266	0.0975755249152773	0.0257709235730824	0.910563361391953	0.624969904364546	0.870357339244795	0.969961262808443
Lactobacillus acetotolerans	0.767287503496236	0.466891850892948	0.826785417614216	0.529501520353421	0.0571338868183078	-0.0191272819697323	0.0673260457327579	0.910862564903794	0.755842350665967	0.944253584135456	0.858431503006606
Desulfobacula toluolica	0.768447914355022	0.955223474741853	0.690960347551521	0.321922604487374	-0.00195735714025886	-0.015436139848784	-0.0470512105134301	0.911133024666088	0.99553022794041	0.911035310195168	0.739429981482393
Limnobacter sp. SAORIC-580	0.770572309951779	0.515886979013564	0.44869204052926	0.793214154123738	0.122627488095864	0.160736378246608	-0.0681722755518675	0.91191883678879	0.783859375577375	0.825477954263564	0.938771619244793
Erysipelothrix sp. HDW6A	0.771190464572554	0.822035226764508	0.43456288286715	0.815464608145219	-0.0075768167246862	0.0297890493671753	-0.0109405425169206	0.91191883678879	0.951645423020261	0.815726766891664	0.949324088473663
Stenotrophomonas maltophilia	0.771910827046396	0.314437610080787	0.649543111412647	0.545781358132337	-0.16958920050953	-0.0847930338744644	-0.137315353067443	0.91191883678879	0.617276050089636	0.904243740974825	0.862328900060624
Helicobacter acinonychis	0.773913441631666	0.790062739578999	0.324871526915004	0.996081264662944	-0.00815562067671212	-0.0342541883463498	0.000209791288930383	0.913180474002582	0.935469101569888	0.736436835790232	0.996081264662944
Clostridium acetobutylicum	0.775271290620153	0.569232643623848	0.888169643035346	0.526587888370254	0.0691978596305958	0.0193532495229551	-0.108237861455604	0.913679192926284	0.823735116110499	0.974322082110168	0.858431503006606
Mycoplasma capricolum	0.776500382919384	0.337858094916702	0.926178305188254	0.972073845075919	0.0555692944936004	0.00594240040163019	0.00273199369004712	0.914025149532817	0.645211436948949	0.984631342947686	0.987662355068599
Bacteroides intestinalis	0.777477324019402	0.637453250570304	0.443922798053283	0.723673358955689	-0.0608816195721512	-0.111287629955811	0.0629901929829186	0.914073821380211	0.866191690969662	0.822984010812253	0.917963930999779
Filifactor alocis	0.780136277613342	0.811579352729682	0.713135048328096	0.439381546964505	-0.0213431902908076	0.0372696045930795	-0.0972753625158376	0.914305366677596	0.946230717223642	0.911035310195168	0.812201348415883
Ehrlichia ruminantium	0.78031172950842	0.969559202906405	0.976247852367685	0.332531122485466	-0.00151520992116798	-0.00132059602852619	-0.052886107472031	0.914305366677596	0.996899745008101	0.992744784504095	0.742775338397083
Anaerostipes hadrus	0.781403489247378	0.326163251551273	0.71007927007153	0.549682924943662	-0.138721576584844	-0.0586088097485366	-0.116044008830566	0.914305366677596	0.629805483203202	0.911035310195168	0.862328900060624
Algoriphagus sp. Y33	0.781417585645642	0.529055670985385	0.373160593073602	0.469886394925479	-0.0477336533275615	-0.0753405490472168	-0.0742637881964502	0.914305366677596	0.793951702423523	0.774050741895773	0.834689105167623
Christensenella minuta	0.782750333645395	0.580404338332601	0.60718879058831	0.622196527470993	0.0743992417180649	0.0786638856804922	-0.0935146240687317	0.914332756899218	0.829027834138817	0.904064168311274	0.875282766547811
Candidatus Phytoplasma ziziphi	0.785217091617576	0.760951841193253	0.657984370876312	0.474390602057477	0.0152697732381024	-0.0247489981821594	-0.0487878779191102	0.914332756899218	0.926078217024906	0.904243740974825	0.83717789180393
Enterococcus faecium	0.785470524125975	0.321100863441449	0.560879354408293	0.618963726990721	0.10845827457155	0.0718494533730108	0.0761062671047128	0.914332756899218	0.624109348635628	0.89099946453627	0.875148424413798
Paenibacillus protaetiae	0.785495359509447	0.311889586720066	0.60705226614719	0.755419494421692	0.0476556017199715	0.0268343603527926	0.0197569056958377	0.914332756899218	0.616501771027089	0.904064168311274	0.919109397322532
Chitinimonas arctica	0.786901583175495	0.911562418375751	0.351822764434115	0.627039649300416	-0.0150797051135931	-0.141616822338487	-0.0897172995245175	0.914332756899218	0.976015672130026	0.760466462062235	0.876420225130911
Staphylococcus nepalensis	0.787706073459849	0.373408594351903	0.924744270019671	0.839992651528239	0.0581091310183264	-0.0068267864174607	0.0177601716612812	0.914332756899218	0.678104454798902	0.984177725282373	0.956537841718767
Acholeplasma axanthum	0.788369386253283	0.412125319193811	0.400678972501801	0.863907216963999	0.0364638183606753	0.0415840406851839	0.0102751764967009	0.914332756899218	0.715180172029047	0.792435943591619	0.966823998824544
Fusobacterium varium	0.789592364034713	0.6360765876902	0.536963800121102	0.902397938568935	-0.051321753516319	0.0756097930644288	-0.0184945759487708	0.914332756899218	0.865746423262751	0.88767112135079	0.969961262808443
Cruoricaptor ignavus	0.789863712203624	0.65148762060597	0.391734154400207	0.860003932345896	0.106504925879501	0.230727473608547	-0.0586974559246267	0.914332756899218	0.872192921726967	0.789122203812376	0.966785225969643
Photobacterium damselae	0.79264250745096	0.908885564232249	0.908317561733887	0.364542245689194	-0.00784270247259845	0.00878388697829038	0.0846388852313934	0.915668427159536	0.976015672130026	0.977341693627762	0.769027666412339
Erythrobacter seohaensis	0.793602095912432	0.543780015972046	0.73731847414102	0.701981866633448	0.0183305940032191	-0.0113844924436814	-0.0160142713676707	0.915668427159536	0.803999402753224	0.917541397490177	0.914448378267839
Lactobacillus amylolyticus	0.793829230096343	0.43227675854495	0.714034031338108	0.754778692865009	0.0621655605448435	0.0323239904677847	-0.0337115832331857	0.915668427159536	0.731992465688784	0.911035310195168	0.919109397322532
Paenalcaligenes hominis	0.796177805501411	0.723777028980489	0.814546897057065	0.465556612196334	0.0148728457874904	0.0109786989092087	-0.0416906500379928	0.91729447638547	0.912151848240148	0.94156073917878	0.831533473703507
Lactobacillus sp. 3B(2020)	0.801518706317766	0.610761854116918	0.812817742694773	0.568046872715691	0.0343592941561183	-0.0177848904629983	-0.0523587063493143	0.921645322916808	0.856557628275395	0.940903950963026	0.862328900060624
Desulfovibrio marinus	0.801869698794013	0.347148706074096	0.904461704369642	0.873344611601829	-0.0346798541059061	-0.00489883157377771	-0.00791786050966753	0.921645322916808	0.652685530934395	0.976418878639934	0.968256413895279
Bisgaardia hudsonensis	0.803120716568701	0.989617172186002	0.961475656884735	0.355249990369399	0.000608571105136072	0.00251345215751696	0.058862418910785	0.921645322916808	0.997748315162607	0.992744784504095	0.759448860875708
Bifidobacterium asteroides	0.803727548746285	0.872598658949338	0.443052438960937	0.452598553023947	0.0133557190366442	0.0719666307012175	0.086604751069235	0.921645322916808	0.972637463083751	0.822984010812253	0.817354503335298
Hypericibacter adhaerens	0.807033010222349	0.473580899218987	0.56654476739366	0.403354078436222	0.060440673961807	0.0537198605523602	0.0955382475631451	0.924350821790427	0.756038156413855	0.894583537953897	0.790318143808349
Lactobacillus gasseri	0.809926441218022	0.940354031663545	0.39117320149478	0.894672169868478	-0.00291978791598952	0.0374083505139141	0.00699567776897758	0.924411284693324	0.98990224547371	0.789122203812376	0.969961262808443
Dialister pneumosintes	0.811334057798926	0.347386362421582	0.695234426957035	0.600365084515646	0.248747677868039	0.115017899087677	0.187674815853547	0.924411284693324	0.652685530934395	0.911035310195168	0.868498797616435
Clostridium bornimense	0.811576759080803	0.512577423398095	0.359588532978551	0.741627136308686	0.0599406859809637	0.0952113349242099	0.042208028634686	0.924411284693324	0.782710184629617	0.762494816119142	0.917963930999779
Bacillus velezensis	0.811851918505861	0.484421074018369	0.550405382786388	0.810838972125348	0.165328136661735	0.157682549525331	-0.0771918483438695	0.924411284693324	0.762124620476564	0.890390340819585	0.94646317295874
Dehalobacterium formicoaceticum	0.812351145666388	0.810474418616006	0.629123181572612	0.56264511088415	-0.0295561492384711	0.0676216016947261	-0.100512094327807	0.924411284693324	0.946230717223642	0.904243740974825	0.862328900060624
Limnohabitans sp. 103DPR2	0.81327796595452	0.71396458073931	0.56610183652955	0.613982233503047	-0.0109898033166009	-0.0191672741236712	0.0204929245771531	0.924411284693324	0.905900513483514	0.894583537953897	0.872199994182622
Selenomonas ruminantium	0.813709012114901	0.848464407397097	0.552278962678269	0.381729834338392	-0.0248264163910888	-0.0874122214159139	-0.159401822331072	0.924411284693324	0.962660106618502	0.890390340819585	0.784555666864248
Limosilactobacillus fermentum	0.815109841582859	0.521494252658176	0.362383550944757	0.745471363403367	-0.0773608310504528	-0.12263946882451	-0.0529375683266617	0.924927195384963	0.788799485609413	0.763528895132067	0.917963930999779
Peptoniphilus ivorii	0.817677491859763	0.768460926771281	0.967549887061572	0.445839057490564	0.0403761355097376	-0.00628976865103468	-0.146044802154049	0.925465533838797	0.926078217024906	0.992744784504095	0.814074974183883
Lactobacillus acidipiscis	0.819665691194549	0.392620106841871	0.610828295476746	0.973509567994945	0.0530328356564153	0.0350198071807548	-0.00277609979447611	0.925465533838797	0.702608809086779	0.904064168311274	0.987662355068599
Ligilactobacillus salivarius	0.819846346365359	0.50717075562597	0.570200375631769	0.406946645974879	0.13433617660046	0.12785679413003	0.227790849810624	0.925465533838797	0.780286533712377	0.898525430632643	0.790318143808349
Desulfovibrio hydrothermalis	0.820163799173302	0.899067042416588	0.901204284606527	0.416303682002128	0.00477016048217863	0.00521347085718347	-0.0419063406179521	0.925465533838797	0.975266461488522	0.975497373371602	0.794391986945466
Panacibacter ginsenosidivorans	0.820320524364789	0.948172256440128	0.717078969846555	0.468966029662912	-0.00353024146879808	-0.0219158284618264	0.0534316336723698	0.925465533838797	0.993529192303189	0.911035310195168	0.834571604700664
Bythopirellula goksoyri	0.821375565674328	0.870723394592668	0.879073259386035	0.408803996135852	-0.0100243871917247	0.0104276676758721	0.0691852058468942	0.925586998458845	0.972637463083751	0.970457146237465	0.790318143808349
Acinetobacter sp. 10FS3-1	0.826380213748572	0.425669770118605	0.977195716564332	0.921982457942409	-0.0303670229620619	0.00120746880829144	0.00503448227306471	0.928909640840929	0.727061827632652	0.992744784504095	0.975742939088218
Candidatus Cloacimonas acidaminovorans	0.827063257059058	0.800737171380852	0.497216279303035	0.728393082426256	0.0113015949572984	-0.0339116215902322	-0.0210621447869974	0.928909640840929	0.942251522693841	0.865160646026983	0.917963930999779
Candidatus Sneabacter namystus	0.827176445784655	0.670759359564753	0.748218347912575	0.556069998068875	0.0256149620571962	0.0215851472625097	-0.0484627961095138	0.928909640840929	0.875889811633943	0.917541397490177	0.862328900060624
Jeotgalicoccus saudimassiliensis	0.830114068783263	0.907198589462037	0.96680129331264	0.408983848939474	-0.00463182523005541	0.00186864223012314	0.0460253798952139	0.930534066997394	0.976015672130026	0.992744784504095	0.790318143808349
Caldithrix abyssi	0.830527846900438	0.90793546036879	0.688995001913025	0.529042373979863	-0.00406410790527005	0.0161458770069897	-0.031596642822686	0.930534066997394	0.976015672130026	0.911035310195168	0.858431503006606
Candidatus Kuenenia stuttgartiensis	0.834659162305958	0.561925465680795	0.719699009791302	0.388718892746813	0.0319962873086605	0.0220797479436082	0.0650950848180128	0.933964975565439	0.815752124769891	0.91199213043593	0.789328124963583
Lachnoanaerobaculum umeaense	0.835501933105623	0.394011906056421	0.805605784538972	0.579276649729589	-0.137441703321469	-0.0441618461826193	-0.121946961931538	0.933964975565439	0.703747042444467	0.93889415099221	0.862706762624495
Helicobacter bilis	0.840054564868681	0.507132975322475	0.579318682670243	0.443257837948617	0.0487664552795208	0.0453123429582138	0.0763960143693971	0.937980925573373	0.780286533712377	0.901070189274719	0.81261984673305
Rhizobacter gummiphilus	0.844477741941856	0.972410907873818	0.982685804362733	0.409602484496762	-0.00464829979000999	0.00324549949803374	0.150724348279338	0.940137914527159	0.996899745008101	0.993456269951875	0.790318143808349
Sedimentisphaera salicampi	0.844778203478449	0.410462871873168	0.51499166971222	0.743394468356122	0.0440052374066696	0.0386689360583466	0.0236104162474999	0.940137914527159	0.714834627130277	0.870357339244795	0.917963930999779
Niabella soli	0.844873171908746	0.663762565268219	0.550203682876956	0.71698477361238	0.0528421789058287	0.0808950902995561	-0.0596380197843372	0.940137914527159	0.875889811633943	0.890390340819585	0.917963930999779
Pseudothermotoga thermarum	0.846198262154638	0.404270016231922	0.639507312396025	0.575690485515364	-0.11143183885558	-0.0697553232641539	-0.102105372633173	0.940541185580297	0.709324054814296	0.904243740974825	0.862328900060624
Echinicola strongylocentroti	0.847689709555768	0.849348016279579	0.898481202042541	0.464490056183675	0.0112947603732567	0.00843998030581442	-0.0590829008844568	0.941128234359074	0.962660106618502	0.975497373371602	0.831147957676649
Spirochaeta africana	0.85104556953932	0.457929059971175	0.711843612170858	0.487050644644071	-0.0396912364598081	-0.0225432740916934	-0.0528195315901309	0.943213511162918	0.749031497841345	0.911035310195168	0.837814612523652
Chlorobaculum tepidum	0.851498788992522	0.902395988931038	0.668980407958594	0.550167383580143	-0.00792718502618129	0.0307849025873971	-0.052412190212693	0.943213511162918	0.975266461488522	0.907337263648663	0.862328900060624
Oenococcus sicerae	0.854035261100584	0.931151402623582	0.54064754607868	0.567622453994213	-0.00404487800775613	0.0319487745028082	0.0363068951410912	0.944951812112424	0.985628299418461	0.890390340819585	0.862328900060624
Massilia sp. WG5	0.855274719708383	0.650677463031885	0.897285539814549	0.581651029027207	0.016898688695044	0.0053905711900504	-0.0282799778038729	0.945252716238789	0.872192921726967	0.975497373371602	0.862706762624495
Euzebya sp. DY32-46	0.862968596640207	0.96369881754593	0.466627115867319	0.620662879005487	0.00338591606298159	0.0613773161645772	0.0514627232655415	0.952425537880376	0.996899745008101	0.84597160093564	0.875282766547811
Desulfallas gibsoniae	0.864514479832554	0.420782391003299	0.756048782442365	0.612211240032202	-0.0705269750879558	-0.0306087453453453	-0.061745313683596	0.952425537880376	0.722503332179654	0.918737420580902	0.872199994182622
Candidatus Profftella armatura	0.865938837684842	0.875140107024563	0.57142975079243	0.721586424363759	-0.0188892088498725	0.0763464085241085	-0.0588869698217633	0.952425537880376	0.972637463083751	0.899012667510796	0.917963930999779
Fuerstia marisgermanicae	0.866312687761772	0.408784192695815	0.765111737894972	0.677734871866258	0.0827862175044905	0.0339294376417997	0.0585766093529128	0.952425537880376	0.713369540292137	0.920150243864485	0.897218116278231
Schaalia sp. JY-X169	0.86663900017979	0.763795577390954	0.578855646109376	0.439769205027637	0.0305933856196484	0.0636082142351973	0.109178156154911	0.952425537880376	0.926078217024906	0.901070189274719	0.812201348415883
Nitrosomonas europaea	0.8686889262797	0.890373404078979	0.790719074176319	0.498400637670154	-0.0197495396028476	0.042417062593187	-0.132388029702691	0.952777742483004	0.975266461488522	0.937634269449327	0.844801372512115
Ornithobacterium rhinotracheale	0.87252552792088	0.484192085281754	0.901611185419198	0.916695337906578	-0.0409942712184175	0.00811352562444316	-0.00844489302411107	0.952777742483004	0.762124620476564	0.975497373371602	0.974549885891976
Monoglobus pectinilyticus	0.872999598435755	0.618003121345225	0.748495899487893	0.797026425710513	-0.0778250459580225	0.0568748881064275	0.0565920722885707	0.952777742483004	0.857654899935063	0.917541397490177	0.940452678646341
Duncaniella dubosii	0.873706291007167	0.434248388526816	0.754612026256671	0.990613173523418	0.111860804177859	0.0501921233412153	0.00232785866193156	0.952777742483004	0.734015009672491	0.918737420580902	0.993538719521905
Clostridium butyricum	0.873896588903809	0.457887477191201	0.995970227133153	0.770615879411514	-0.100090249189368	0.000768708666947257	-0.0549716300652301	0.952777742483004	0.749031497841345	0.998426567489757	0.929568304983702
Sutterella faecalis	0.874497332583203	0.574646663570053	0.908290758833571	0.741871507845141	-0.130197567427171	0.0300614916354349	0.106106059481471	0.952777742483004	0.827643979171011	0.977341693627762	0.917963930999779
Abiotrophia defectiva	0.874644853481445	0.559014574000889	0.566783224148887	0.499790371864895	-0.0807195739347972	-0.0883568203840007	-0.127356962283985	0.952777742483004	0.814067629629759	0.894583537953897	0.844801372512115
Brevibacillus sp. SCSIO 07484	0.874761141256145	0.599133006223846	0.744670282696466	0.440876612669686	-0.0216867575490891	-0.015171371986289	-0.0445287003574646	0.952777742483004	0.845885761677308	0.917541397490177	0.81261984673305
Aliivibrio salmonicida	0.87693902634547	0.771288153179946	0.476226831470302	0.550579509360888	0.0141350527361481	0.0392054107988568	0.0405297992142563	0.953446035843042	0.926078217024906	0.856857484984318	0.862328900060624
Clostridium pasteurianum	0.877326495622206	0.470891377208299	0.596467906185461	0.585826123697902	0.0515029998406992	0.0422350273461717	0.0532340859212514	0.953446035843042	0.756038156413855	0.902671518643591	0.863925391731456
Desulfococcus oleovorans	0.879993690646151	0.913079144653883	0.724071746448476	0.502287990052119	0.010837298394377	-0.039184051551102	-0.0912684202883584	0.955282039734766	0.976015672130026	0.914847008319152	0.844832149199258
Thermaerobacter sp. FW80	0.881810629801631	0.5914783860227	0.653081997867134	0.777161082031005	0.0274352296068766	0.0255523523874776	-0.0195629468575496	0.955384397625496	0.838714634461797	0.904243740974825	0.933931583203311
Pedobacter sp. CJ43	0.883262715553564	0.730312569774665	0.611201927465794	0.905823959789873	0.026206342620233	-0.0435359018153716	0.0124648655603346	0.955384397625496	0.917114885179753	0.904064168311274	0.969961262808443
Atlantibacter hermannii	0.883932773194495	0.822714571370498	0.907092750781143	0.488796652137647	-0.0101437086598048	0.00603740609203994	-0.0446213735419022	0.955384397625496	0.951645423020261	0.977341693627762	0.837814612523652
Ichthyobacterium seriolicida	0.883999483575689	0.678169289082649	0.428682782937829	0.799165009737802	-0.0426243470296799	-0.0912091116586682	-0.0357843473867123	0.955384397625496	0.877513763112761	0.814106461975369	0.940703872908232
Paracoccus yeei	0.886148034568421	0.457304814718448	0.584693906627877	0.813595208298993	0.0259619101457778	0.0214232991842419	0.0113586292692702	0.955851021916053	0.749031497841345	0.901070189274719	0.948547158124244
Salinibacter ruber	0.88638794867548	0.669181550539492	0.917992424066434	0.458409157545844	0.0363583178690628	0.00976743437996777	0.086226387277459	0.955851021916053	0.875889811633943	0.982342385884891	0.822062098105529
Caloranaerobacter azorensis	0.88766091409324	0.668049663035788	0.938910315005627	0.626609659130751	-0.0462914622889478	-0.00930095906771482	0.0728649256894904	0.956168371630756	0.875889811633943	0.992744784504095	0.876420225130911
Lactobacillus kefiranofaciens	0.889561071371915	0.992593929733167	0.476126591717623	0.98370115903438	-0.000394488660399748	-0.0338065235611277	-0.00117557147156449	0.957159875253702	0.997748315162607	0.856857484984318	0.991644018776915
Bacillus sp. FJAT-45348	0.892787000341543	0.993663368119976	0.837483688534408	0.526222817206923	0.000805674029160236	0.0236500910336721	-0.0908277096681402	0.958722051858209	0.997748315162607	0.946461640217135	0.858431503006606
Eubacterium sp. NSJ-61	0.892975503777861	0.664681849868603	0.97136101057408	0.646431479324635	-0.0361333671842734	0.00338406336991105	0.0535840054117496	0.958722051858209	0.875889811633943	0.992744784504095	0.880841778661323
Enterococcus cecorum	0.899729810704411	0.955790536139308	0.600943580580479	0.737431403456597	-0.00188052810208141	0.0199177140287334	-0.0156511189835052	0.964913309613841	0.99553022794041	0.903952195757992	0.917963930999779
Mucilaginibacter sp. PAMC 26640	0.901196653830048	0.581909694232144	0.491731579724816	0.821063310911203	0.0475580502984721	0.0664907096287678	0.0267112610809254	0.965350391565449	0.82975328028806	0.862343451585385	0.949324088473663
Lactobacillus rossiae	0.902963610450259	0.456725948704163	0.755945141436907	0.843661964349075	0.0516439888465152	0.0239268185552559	0.0184673166611496	0.965350391565449	0.749031497841345	0.918737420580902	0.958439231591914
Pediococcus damnosus	0.90361484668945	0.575790727945228	0.936837097090316	0.556210754329014	-0.0299728665430333	-0.00471393747641498	-0.0426913264923228	0.965350391565449	0.827643979171011	0.991646634731569	0.862328900060624
Tenuifilum thalassicum	0.904089670708686	0.858354334021578	0.849858757495717	0.532737561648473	0.0164079469136836	-0.0193653863663917	0.0778368908564245	0.965350391565449	0.969493854727262	0.951771487298646	0.858431503006606
Collinsella aerofaciens	0.908905765148819	0.521786014596637	0.701125336991634	0.594387359467595	-0.286493122475871	-0.190666249910202	-0.322184634050818	0.968383610452305	0.788799485609413	0.911035310195168	0.86683072986215
Lysinibacillus timonensis	0.908912764365162	0.4695422282168	0.738987950772162	0.862926090466251	-0.0577898763691734	-0.0301690209035168	-0.0193736770333382	0.968383610452305	0.755842350665967	0.917541397490177	0.966823998824544
Clostridium fermenticellae	0.911784788049123	0.792802882394951	0.911896235977141	0.588482868455345	0.0163689290436685	-0.00771074857914359	-0.0462694346926914	0.969268699184484	0.935469101569888	0.977961166355287	0.863925391731456
Ralstonia solanacearum	0.912571987205018	0.937043985808675	0.492900341516214	0.885639303795303	-0.00614208243441212	-0.0595095975431682	-0.0151446898621873	0.969268699184484	0.98990224547371	0.862343451585385	0.969961262808443
Candidatus Phytoplasma mali	0.912791700298643	0.835472856924258	0.817240027455072	0.581586352800645	0.0146346764585104	-0.0184696965045771	-0.0546502603490154	0.969268699184484	0.956959804704761	0.94156073917878	0.862706762624495
Thiobacillus denitrificans	0.913712132888045	0.998919412831691	0.748458749724423	0.519093707400554	-6.18863637438194e-05	0.0165336711619376	0.0411077279804075	0.969268699184484	0.998919412831691	0.917541397490177	0.856679986706658
Deinococcus wulumuqiensis	0.916580764064345	0.767008957324834	0.499437670787327	0.671061748515581	0.0167399174542275	0.0437372885655408	0.0341083732784288	0.969268699184484	0.926078217024906	0.865160646026983	0.894397673960471
Chondromyces crocatus	0.916845632061362	0.487343024957651	0.861682534373695	0.824801438924284	0.0862547822817482	0.0243494824214533	0.0382114141198984	0.969268699184484	0.763048636599738	0.955577566496141	0.950272412534229
Candidatus Promineofilum breve	0.918447470027415	0.616002774315318	0.65627512691692	0.553598227227132	0.0383618645375378	0.0378665058062026	0.0613913663436858	0.969268699184484	0.856557628275395	0.904243740974825	0.862328900060624
Skermanella pratensis	0.921109253039527	0.854170801444974	0.503931868431287	0.971110851346045	0.00862531426534156	0.0349906954947809	0.00230064554771034	0.969268699184484	0.965885269689513	0.866298597482095	0.987662355068599
Altererythrobacter sp. TH136	0.921324456102231	0.5349014788771	0.601944915312852	0.748840586496238	-0.0219789804035311	-0.0207183330429703	-0.0156124756248929	0.969268699184484	0.797860679180041	0.903952195757992	0.917963930999779
Erysipelothrix larvae	0.921368054565939	0.823377798943047	0.504332363859763	0.724781643226242	0.0224835252629443	0.075812096745911	0.0491120902028372	0.969268699184484	0.951645423020261	0.866298597482095	0.917963930999779
Labilibaculum antarcticum	0.922362970781204	0.539816121996938	0.827094318453354	0.927034882950128	0.06560252175273	0.0259943897074679	-0.0132872217576291	0.969268699184484	0.802740260564701	0.944253584135456	0.9759839231059
Helicobacter apodemus	0.923899216160626	0.519352890208578	0.848836780870207	0.69496782514825	-0.078880493042867	-0.0261393972948688	-0.0661836831008701	0.969268699184484	0.787900269772951	0.951771487298646	0.911988159141957
Acidaminococcus fermentans	0.924055219704887	0.886279252994057	0.794335512358539	0.624786100589769	-0.0369131570895916	0.0768047758454392	-0.179153504288031	0.969268699184484	0.975266461488522	0.93889415099221	0.876420225130911
Petrimonas mucosa	0.924078424490652	0.74376885016764	0.553432335033965	0.921738741951706	0.0287281486103517	0.0583727326032204	-0.0118303773325529	0.969268699184484	0.920636509055812	0.89077988686686	0.975742939088218
Desulfomonile tiedjei	0.925880076486259	0.734508120535206	0.71430906793128	0.744578201472452	0.0378878907445313	0.0462621804931392	-0.0509125947277281	0.969268699184484	0.917665516320839	0.911035310195168	0.917963930999779
Leuconostoc mesenteroides	0.927927976201803	0.633284241287187	0.596853429932201	0.968213038742822	0.0230036358191366	0.0287851764439369	-0.00267293493114758	0.969268699184484	0.865746423262751	0.902671518643591	0.987662355068599
Ethanoligenens harbinense	0.930582359876481	0.989102696358833	0.954120379887487	0.559374361735036	0.00170083924980792	0.00818431170779203	-0.103382143531851	0.969268699184484	0.997748315162607	0.992744784504095	0.862328900060624
Planktothrix agardhii	0.930650519642523	0.542392525921309	0.680017126265828	0.684838130869542	-0.0608931450752463	-0.0468025591412359	-0.0571201139787031	0.969268699184484	0.803999402753224	0.910122983336732	0.905394930797757
Thiomonas intermedia	0.930780773176275	0.811460896125944	0.706031873688534	0.717957299776699	0.0239552925452877	0.0421711383371057	-0.049136096935397	0.969268699184484	0.946230717223642	0.911035310195168	0.917963930999779
Deinococcus sp. S14-83	0.93132857404384	0.828364014748847	0.547903233631759	0.669952430007155	-0.00922437458790683	-0.0288394802953775	-0.0251804785982137	0.969268699184484	0.95325281791475	0.890390340819585	0.894185142236326
Candidatus Ruthia magnifica	0.932667084695536	0.622959420450672	0.617128969971018	0.6351025465337	0.0412072688593798	0.0466342857925749	0.0538754629914708	0.969268699184484	0.860864715389402	0.904243740974825	0.880584521024574
Lactobacillus bombi	0.932880898443688	0.559761972188168	0.618003639928515	0.82776755607453	0.0377475071476558	0.0358936212922921	0.0190309711097078	0.969268699184484	0.814067629629759	0.904243740974825	0.950327734764766
Brevibacillus agri	0.93489605435553	0.8455090363318	0.656795045881831	0.858985190639307	-0.0134702549327031	0.0342149034591897	-0.0166294894332663	0.969268699184484	0.961655795688205	0.904243740974825	0.966785225969643
Aquiflexum balticum	0.936302317426698	0.704885524725742	0.760079546534408	0.544373728508878	-0.0208985180464551	-0.0187630937462112	-0.045468895668912	0.969268699184484	0.897878953920535	0.919422449293405	0.862328900060624
Lactobacillus iners	0.936672627138081	0.791900730914293	0.966887739016967	0.564566933453994	0.0350863207345192	-0.00613975948234322	0.103902845196478	0.969268699184484	0.935469101569888	0.992744784504095	0.862328900060624
Thermoanaerobacter wiegelii	0.93716928293238	0.613842261337956	0.715496039275805	0.601815441132371	-0.0433904813726808	-0.0354637356801354	-0.0628964042649927	0.969268699184484	0.856557628275395	0.911035310195168	0.868498797616435
Roseivirga pacifica	0.939548157913292	0.955329942791971	0.582242550958608	0.944821371405094	0.00381723254768926	-0.0417942454432358	-0.00638627964019479	0.969268699184484	0.99553022794041	0.901070189274719	0.983323954921326
Proteiniphilum saccharofermentans	0.939720474851536	0.940554725379397	0.556474826765649	0.975280211868317	0.00673109994016753	0.0598779010965403	0.00387918380647128	0.969268699184484	0.98990224547371	0.89099946453627	0.988432330908035
Desulfobacca acetoxidans	0.940267758823664	0.837374789052079	0.915492329830026	0.586407682941923	0.0124376774984726	-0.00715338019955559	0.0447120206925053	0.969268699184484	0.956959804704761	0.980741234916596	0.863925391731456
Megamonas hypermegale	0.942432532664488	0.649444558590408	0.896535940555549	0.89222588816732	0.0560537841727306	-0.0182074469064711	-0.0235284603222227	0.969268699184484	0.872192921726967	0.975497373371602	0.969961262808443
Staphylococcus argenteus	0.943863590511971	0.681814553444617	0.815660904517786	0.86548988812807	-0.0287042833075393	0.0183181273189595	-0.0163673061618058	0.969268699184484	0.879964093415311	0.94156073917878	0.967486980207237
Thiomonas sp. X19	0.944423298078118	0.584902806328503	0.666223122057181	0.922811131747711	-0.0220248831618335	-0.0196302645521192	-0.0054426499471564	0.969268699184484	0.83079948828521	0.907153798654249	0.975742939088218
Rhodovulum sp. P5	0.945822128873326	0.675784775160213	0.70632200073423	0.869144166753938	0.0178261876119679	0.01790611459027	-0.00954714439234152	0.969268699184484	0.877513763112761	0.911035310195168	0.968164124957406
Simkania negevensis	0.946825259107091	0.929124708134891	0.684439556335917	0.705997223386293	-0.00672697205382275	0.0342356981328663	0.0386639451947381	0.969268699184484	0.984629041742074	0.910122983336732	0.914800115714069
Anaerocolumna sp. CTTW	0.947635448429178	0.891435294664012	0.560065944732213	0.904560002878108	0.0205155416413959	0.0995362028475007	0.0253164808743232	0.969268699184484	0.975266461488522	0.89099946453627	0.969961262808443
Cohnella abietis	0.948722776311576	0.759257196329686	0.560349409346653	0.894092943808882	0.0252766187473733	0.0535280625207703	0.0148601347270749	0.969268699184484	0.926078217024906	0.89099946453627	0.969961262808443
Crassaminicella sp. SY095	0.949071015010282	0.876070591109213	0.658978038458624	0.850870620683856	-0.0116184417055254	0.0368315999586914	0.019206068256026	0.969268699184484	0.972637463083751	0.904243740974825	0.961830708881335
Helicobacter himalayensis	0.949383970081921	0.701110516813773	0.801364915667848	0.986849793170286	-0.0539368000735375	0.039316415730525	0.00313310202028628	0.969268699184484	0.895405195983079	0.93889415099221	0.991926180995236
Deefgea sp. D17	0.949805095477228	0.626435639981589	0.652242695229108	0.696359433694882	0.0125771303141484	0.0132821027811773	0.0142786385669015	0.969268699184484	0.864445791330527	0.904243740974825	0.911988159141957
Frateuria aurantia	0.950881228212829	0.788064526808326	0.707587909118305	0.798377943502734	-0.0219406540073912	-0.0340795760681104	0.0282281168915359	0.969268699184484	0.935469101569888	0.911035310195168	0.940703872908232
Bacteroides helcogenes	0.950960125401126	0.636239438999647	0.638879269705953	0.70432563132974	0.0737638664890555	0.0838359373510806	0.0841945859342945	0.969268699184484	0.865746423262751	0.904243740974825	0.914800115714069
Psychrobacter sp. P11F6	0.951701213741941	0.958243708295468	0.654947938674643	0.860903937147994	-0.00206899836898352	0.0196752771787897	-0.00937717264284573	0.969268699184484	0.995961811707098	0.904243740974825	0.966785225969643
Slackia heliotrinireducens	0.952403225401335	0.818032841473506	0.989946876878429	0.671942571839289	-0.0303967586908104	-0.00186486301984321	0.0770097127255245	0.969268699184484	0.950831684958139	0.995039196203935	0.894397673960471
Magnetospira sp. QH-2	0.954996985386817	0.668422473274775	0.900605453940392	0.805084778028748	0.0159261802050652	-0.00516183631907827	0.0124142541799496	0.969592505600701	0.875889811633943	0.975497373371602	0.940870607815893
Pelobacter carbinolicus	0.954998707991348	0.90062832367435	0.653497334497881	0.969867190167289	-0.00849822689243609	0.0347839315158993	0.00362605571922168	0.969592505600701	0.975266461488522	0.904243740974825	0.987662355068599
Legionella jordanis	0.955698651886874	0.756895165809782	0.970373003167086	0.640340293545758	0.0354413042112263	-0.0047829218822426	0.0742472443022208	0.969592505600701	0.926078217024906	0.992744784504095	0.880841778661323
Arcticibacterium luteifluviistationis	0.957429958862708	0.659524142605407	0.825351600872003	0.645496713511271	-0.0420532542013595	-0.0236076876300281	-0.060529358089777	0.97034135872289	0.875889811633943	0.944253584135456	0.880841778661323
Campylobacter ureolyticus	0.961266817678213	0.664784172179882	0.760315787846923	0.669431268173507	-0.0301315803793615	-0.0235895764568682	-0.0401953974067162	0.97322039468561	0.875889811633943	0.919422449293405	0.894185142236326
Mycoplasma iowae	0.967279563683662	0.827932304461852	0.768512268658423	0.860889128848833	0.0205984719344296	-0.0310439330685914	-0.0224843550880243	0.978294134284614	0.95325281791475	0.922403546043341	0.966785225969643
Thiohalobacter thiocyanaticus	0.971520598320058	0.9790059397815	0.65553236795463	0.963107895702414	0.00190681678820405	0.0363484284080494	0.00462924739780295	0.981567347010028	0.997215735686123	0.904243740974825	0.987662355068599
Cellvibrio sp. PSBB006	0.974045193914135	0.66897221366924	0.796077318725176	0.989369743620543	0.0143085699230898	0.00961586998927211	0.000603008362712756	0.982734287687692	0.875889811633943	0.93889415099221	0.993437039586095
Niabella ginsenosidivorans	0.974687333438459	0.840220137983064	0.695905263292684	0.725905035467293	-0.0171410003324744	-0.0371782561490332	-0.0408123442955454	0.982734287687692	0.957870565705313	0.911035310195168	0.917963930999779
Candidatus Midichloria mitochondrii	0.976396515021543	0.907649647539587	0.798011070765721	0.791720885641707	-0.00702536371692079	-0.0172515547582352	0.0216623811737098	0.982810611749882	0.976015672130026	0.93889415099221	0.938771619244793
Desulfuromonas soudanensis	0.976774927337907	0.910583096234181	0.713511833688941	0.895271578886059	-0.00830118022795935	-0.0303789783738823	0.0133300603153748	0.982810611749882	0.976015672130026	0.911035310195168	0.969961262808443
Cyclobacterium amurskyense	0.979808941440016	0.895489673327181	0.684004672041452	0.82071546615386	-0.00525629465665186	-0.0182171267306105	-0.0124012712497833	0.984849110891867	0.975266461488522	0.910122983336732	0.949324088473663
Burkholderia multivorans	0.986010796284277	0.883847123699152	0.942423967631098	0.78798105787824	-0.00522650473435268	0.00296216591656034	0.0137094162268839	0.990064283627686	0.975266461488522	0.992744784504095	0.938771619244793
Aquaspirillum sp. LM1	0.988857060449213	0.925674014157666	0.735831720982417	0.979445313295563	-0.00500087449027713	-0.0201375133409099	-0.00186996171275537	0.991186233840739	0.983025556339174	0.917541397490177	0.989574013536468
Lactobacillus harbinensis	0.989157193443931	0.919094969809414	0.804651620402674	0.946196725822035	-0.00410576858287151	0.0111278803489674	-0.00369330698746906	0.991186233840739	0.978524161009027	0.93889415099221	0.983323954921326
Paludibacter propionicigenes	0.994706813767672	0.870250926974349	0.902999575840514	0.964525413036653	0.0128832643080892	-0.0108225060819892	-0.0048679822670175	0.995725980585057	0.972637463083751	0.975918789376308	0.987662355068599
Variovorax paradoxus	0.998782242402525	0.969321718648798	0.968027884597693	0.870059469511364	-0.0022042507509321	-0.00255615951652418	-0.012696758740234	0.998782242402525	0.996899745008101	0.992744784504095	0.968164124957406
