bugName	pval	p1	p3	p6	s1	s3	s6	Adjustedpval	Adjustedp1	Adjustedp3	Adjustedp6
Oscillibacter sp. NSJ-62	3.32479080988879e-06	0.000520065199188112	9.52667024118928e-06	2.74384315871561e-06	-0.35741926694084	-0.462764610310602	-0.470323366998339	0.0013234270693766	0.0766229393470484	0.00421078824660566	0.0012127786761523
Veillonella parvula	5.98835777998463e-06	7.4682167815256e-07	0.000175595778813873	0.00636260284065476	0.931784217902535	0.692229925284765	0.476382825199384	0.0013234270693766	0.000330095181743432	0.0258711114119107	0.0685919623309611
Megasphaera stantonii	0.000127194661780572	0.0805651821587447	0.101811949967864	7.43018572843628e-06	0.242580271621628	0.226968549498115	0.61471520409051	0.0187400135023376	0.359695055698638	0.384622922100821	0.00164207104598442
Turicibacter sp. H121	0.000408038776723574	0.00566859713925636	0.00263148418126898	5.75840107695695e-05	-0.16691250975809	-0.181966429611883	-0.237395564699689	0.0391198675951405	0.181600449995431	0.064617556006716	0.00848404425338323
Actinomyces pacaensis	0.000442532438859056	0.0028421190311289	0.000122495181309742	0.00129099307297161	-0.319982759345093	-0.416516228267189	-0.331768482344527	0.0391198675951405	0.181600449995431	0.0258711114119107	0.0335658198972618
Lactiplantibacillus plantarum	0.000666663723292382	0.0251664484243481	0.000486487371143355	0.000296998093797261	-0.226312088949486	-0.357470187394265	-0.356385553147722	0.043924163690739	0.237807736636733	0.0319601227035594	0.0201336807407512
Paenibacillus mucilaginosus	0.000759904431535841	0.022673978418041	0.0033875522435557	9.02745251053002e-05	-0.120825871648531	-0.156371378660498	-0.202651750387172	0.043924163690739	0.237807736636733	0.0788051627185063	0.00997533502413567
Desulfotomaculum nigrificans	0.000795007487615185	0.0107898599488767	0.000578463759340441	0.000390306548401051	-0.0855325029643757	-0.116653699908458	-0.116072114226543	0.043924163690739	0.207352960756674	0.0319601227035594	0.0201336807407512
Stackebrandtia nassauensis	0.00108443864533525	0.00490047891846627	0.00141363303090881	0.00040996182503792	-0.177491111662329	-0.202240521790918	-0.21610710813055	0.0532579868042423	0.181600449995431	0.0480635230508996	0.0201336807407512
Candidatus Izimaplasma sp. HR1	0.00129353421036416	0.00292363725211307	0.000538943300174717	0.00236184409390393	-0.265588418072693	-0.310734319565111	-0.261520545326136	0.0571742120980957	0.181600449995431	0.0319601227035594	0.0453884821524146
Phascolarctobacterium faecium	0.0014994960245861	0.727623942061581	0.0156704610950226	0.000707745904908595	-0.0543559648296937	-0.381269275729472	-0.515775504852112	0.0602524766242778	0.88597736195928	0.133580013783071	0.0237904929845931
Faecalibacterium prausnitzii	0.00178543558532329	0.0594516809607672	0.000312452957065467	0.00321205164220163	-0.307179781353186	-0.598226558790805	-0.463434002343299	0.0657635440594079	0.332628392210874	0.0276208414045873	0.0532498706047895
Peribacillus muralis	0.00232860004676105	0.0241569003062475	0.0053317581995798	0.000344249132347597	-0.148719720464654	-0.184734328093286	-0.230310299311193	0.0780999011195709	0.237807736636733	0.107119869282467	0.0201336807407512
Anaerocolumna cellulosilytica	0.00250099304872831	0.0557233303816262	0.485410194240784	0.0490230157192933	-0.326972054521876	-0.118508608139513	0.322124965800873	0.0780999011195709	0.330039079788574	0.788791565641274	0.246229238044632
Bacillus thuringiensis	0.00273843134216167	0.0643234674268714	0.00238915960529975	0.000732483306927739	-0.225722392411444	-0.374709118009143	-0.400234278849189	0.0780999011195709	0.340404920113256	0.064617556006716	0.0237904929845931
Fusobacterium nucleatum	0.00282714574188492	0.0131371813143287	0.110801455121858	0.000300937713103163	0.398254557448433	0.254309682890181	0.56420521656634	0.0780999011195709	0.223332082343588	0.4014282226546	0.0201336807407512
Bacillus sp. 1NLA3E	0.00313535949929244	0.0184099075998327	0.00524940422863727	0.000567845285437202	-0.141272137069408	-0.168002603637435	-0.200581170370294	0.0815193469816036	0.236812062496344	0.107119869282467	0.0237904929845931
Alistipes finegoldii	0.0036894232300797	0.0451789904436739	0.000266622833206287	0.0810116363969378	-0.277032396721857	-0.513309413013403	-0.23036963816664	0.0905958370941794	0.307217135016983	0.0276208414045873	0.325544371241438
Bacillus cereus	0.00431339907578798	0.0240387514493613	0.0065487087336242	0.000753545026661321	-0.243341285635182	-0.29450682134406	-0.352517171971244	0.0954765876032791	0.237807736636733	0.115396225834522	0.0237904929845931
Geobacter metallireducens	0.00435219068855031	0.00820849383007566	0.00872658096646632	0.00100106369637451	-0.151242661833239	-0.150021802567571	-0.18200816114384	0.0954765876032791	0.181600449995431	0.115396225834522	0.0294980102531689
Mycoplasma penetrans	0.00472953614367122	0.00808163096694163	0.00070846522160944	0.0365757167356657	-0.197699925195037	-0.254931017765914	-0.14860395308727	0.0954765876032791	0.181600449995431	0.0347935142168192	0.21271666838374
Enterococcus faecalis	0.00499818078983205	0.0879125398513793	0.00127202699543951	0.0040126072979701	-0.136485233636529	-0.261424710933167	-0.222686635569081	0.0954765876032791	0.384726164498115	0.0471220474145551	0.0556651893941321
Bacillus megaterium	0.00508276743071501	0.0337927151073847	0.0097322043847888	0.00072481097110477	-0.127806981420262	-0.156316120464992	-0.198023849776766	0.0954765876032791	0.262041755744983	0.115396225834522	0.0237904929845931
Staphylococcus aureus	0.00527047050543117	0.00997593861092655	0.00942393586340134	0.00119834476086113	-0.27016327951547	-0.272273092609563	-0.328704356849999	0.0954765876032791	0.200425675728615	0.115396225834522	0.0331042740187887
Klebsiella sp. LTGPAF-6F	0.00540025947982348	0.00048864154038404	0.101405742750137	0.27858476883514	0.151706060193831	0.0699850398434108	0.0443831888705951	0.0954765876032791	0.0766229393470484	0.384622922100821	0.613730657739351
Mycoplasma orale	0.00571206577441141	0.0296103258106539	0.00127933160401507	0.00534545585397541	-0.117798073557372	-0.176302370891385	-0.145434759476871	0.09651784400504	0.250236816249332	0.0471220474145551	0.0637642632280138
Lacticaseibacillus paracasei	0.00589588639849792	0.030571918727294	0.00102499872306737	0.00817509017746138	-0.11264515838254	-0.173049191950702	-0.132914703427168	0.09651784400504	0.250236816249332	0.0453049435595779	0.075029486924467
Peptoniphilus ivorii	0.0079544199060384	0.919207691445686	0.651219787163334	0.00579701777895843	-0.00452697008743336	0.0201835559754415	-0.120514105920998	0.12556619994532	0.990240574797048	0.89047877251005	0.0640570464574907
Mycoplasma capricolum	0.008869100524181	0.0125785701973081	0.0129934346747448	0.0021007176622806	-0.169000443731142	-0.168200830903007	-0.201027333572525	0.132300138442465	0.222389121088408	0.127635795321043	0.0442151050822869
Mageeibacillus indolicus	0.0089796474055972	0.0511627407419298	0.00836712693142364	0.00176175481795086	-0.145739841997762	-0.198256215239517	-0.226958029962476	0.132300138442465	0.326883101996579	0.115396225834522	0.0409839805018042
Tetragenococcus osmophilus	0.00947311020225905	0.0139481202162057	0.00360934833697581	0.00685018348338929	-0.192508943757286	-0.228949868160472	-0.204345799238323	0.134528851787405	0.228335893909737	0.0797665982471653	0.0704135139455364
Lysinibacillus timonensis	0.00973964537827365	0.00462770531370696	0.00751343305734649	0.00955916715774434	-0.200333315712521	-0.188791290352483	-0.176092664209155	0.134528851787405	0.181600449995431	0.115396225834522	0.0782435534022778
Listeria monocytogenes	0.0104876157939401	0.139597824999231	0.0160175129649384	0.00156997934816191	-0.116539769582359	-0.191319265286175	-0.242558106460155	0.138944019777506	0.471009455340916	0.133580013783071	0.0385517151048648
Staphylococcus epidermidis	0.0106880015213466	0.00329585987550219	0.0208692336971378	0.00773176245104906	-0.192665384991944	-0.150514494780987	-0.167608820391998	0.138944019777506	0.181600449995431	0.148777440227983	0.0747245572453846
Limosilactobacillus reuteri	0.0115546637855684	0.0191128387782092	0.221147134359549	0.00190434631251455	-0.173711504007885	-0.0900086546876709	-0.222580639866146	0.145918896949177	0.236812062496344	0.561842787802456	0.0420860535065715
Clostridium butyricum	0.0126322796391407	0.00862807567851593	0.0132682134092904	0.655964156425286	0.403808979535853	0.380195066054573	0.0648959558821617	0.150909080116243	0.181600449995431	0.127635795321043	0.84776654134496
Lactobacillus helveticus	0.0126326605527172	0.0301383682561038	0.00247324590945029	0.0135693349277406	-0.175412031316237	-0.246951890865526	-0.191890628254511	0.150909080116243	0.250236816249332	0.064617556006716	0.10165501759426
Pseudobutyrivibrio xylanivorans	0.0134904339050037	0.0214708838252591	0.00188580259843335	0.0475054000637776	-0.176934893407771	-0.241119740367977	-0.145616166616081	0.155713326702892	0.237807736636733	0.0595374820362529	0.244155660792903
Thermaerobacter sp. FW80	0.0137394111796669	0.0185810986348554	0.00811626485201704	0.00528725508275539	-0.14436146251173	-0.16281040728621	-0.164968577941018	0.155713326702892	0.236812062496344	0.115396225834522	0.0637642632280138
Intestinimonas butyriciproducens	0.0164088042235362	0.00790330450336073	0.0432627444798324	0.00503919392022096	-0.319598367797742	-0.241814224301163	-0.323122726116842	0.17344810957867	0.181600449995431	0.222350384419604	0.0637642632280138
Cohnella abietis	0.0167816355544391	0.0472401049095835	0.0147112826369806	0.00325282015006633	-0.204072031611159	-0.251864959938674	-0.292609229913899	0.17344810957867	0.312671640443555	0.133580013783071	0.0532498706047895
Streptococcus pantholopis	0.0171192624346359	0.00845372831595865	0.0194815822530905	0.0077767638762165	-0.185688104145935	-0.164266125276724	-0.180279366635886	0.17344810957867	0.181600449995431	0.145946768743492	0.0747245572453846
Enterococcus durans	0.0171639899787894	0.0573859393636084	0.00728885282602954	0.00562625852011887	-0.150173093176519	-0.213508591439199	-0.211177910259805	0.17344810957867	0.330039079788574	0.115396225834522	0.0637642632280138
Monoglobus pectinilyticus	0.0178665561059612	0.109168302197284	0.00959165641711252	0.00461086937986349	-0.10186195963507	-0.166011840577154	-0.173821427299162	0.17344810957867	0.431279795385042	0.115396225834522	0.0617577050272625
Jeotgalicoccus saudimassiliensis	0.0179372268111233	0.0233333425254242	0.0374656036539537	0.00302874757721988	-0.128103422754659	-0.117342275309022	-0.162266349424004	0.17344810957867	0.237807736636733	0.209486867268147	0.0532498706047895
Oscillibacter valericigenes	0.0186136132038146	0.0646084169412996	0.0154842273306155	0.00349690548376499	-0.139140910682256	-0.183130426874357	-0.212633505088239	0.17344810957867	0.340404920113256	0.133580013783071	0.0540602826144364
Weissella hellenica	0.0186791468250174	0.0248897533495281	0.0265622194282103	0.00354694161949922	-0.122580934812445	-0.121176770696879	-0.15390142360161	0.17344810957867	0.237807736636733	0.17523135801894	0.0540602826144364
Bacillus subtilis	0.0188359938003986	0.00698223449839659	0.00783743480503703	0.0416016647036466	-0.209984977354747	-0.206890667038314	-0.151211316033772	0.17344810957867	0.181600449995431	0.115396225834522	0.232758681000149
Lactobacillus sanfranciscensis	0.0193080683787974	0.0450400149255894	0.0156892269410515	0.00403005896066115	-0.14548760123023	-0.175989797895641	-0.202147408489895	0.174166657620989	0.307217135016983	0.133580013783071	0.0556651893941321
Thermobispora bispora	0.0204003729551223	0.00582732110485934	0.0430486026641328	0.0114986720702668	-0.104297542133129	-0.0760174278200988	-0.09206057830554	0.179721413374587	0.181600449995431	0.222350384419604	0.0907573759831772
Ruminococcus champanellensis	0.0207370861586061	0.127743770616642	0.0450640495697597	0.00232194410935963	-0.105573054644473	-0.139364285551103	-0.20473012906657	0.179721413374587	0.459491954547401	0.228108252613079	0.0453884821524146
Schaalia odontolytica	0.021582547204587	0.0442102004922375	0.00249533879746576	0.0972295196355475	-0.228254788837709	-0.346401481413104	-0.179958292800395	0.183451651238989	0.307217135016983	0.064617556006716	0.363148126467273
Bacillus altitudinis	0.0232425621450225	0.0499721028229491	0.0461722561657738	0.00302969237062337	-0.137202128678684	-0.13959021245094	-0.200913065311214	0.19383419751132	0.324818668349169	0.229304912643506	0.0532498706047895
Clostridium acetobutylicum	0.0240054748249213	0.142037571558951	0.0128825558649435	0.806199595855443	0.084177098950548	0.143685619903134	-0.013463525075653	0.194565434649665	0.472536778829463	0.127635795321043	0.899849043858853
Bacillus sp. KH172YL63	0.0242106310084425	0.00653305150112829	0.0134764725128398	0.0515055315750933	-0.11190112550235	-0.10141198520242	-0.0764079792230509	0.194565434649665	0.181600449995431	0.127635795321043	0.25016972479331
Paenibacillus protaetiae	0.0256424075909182	0.0198236341908704	0.0102903049037752	0.0158782756049776	-0.130081301289384	-0.143590260363624	-0.129465820820851	0.199368558009906	0.236812062496344	0.115396225834522	0.113196738990324
Turneriella parva	0.0257104249017299	0.971777428555857	0.0106751963164524	0.0964872545457475	0.00110447830127756	-0.0807025105676397	-0.0501537442853882	0.199368558009906	0.994272276439094	0.115396225834522	0.363148126467273
Pelolinea submarina	0.0281424389405659	0.303888637506766	0.029937878377786	0.00556126945954166	-0.0418893167653612	-0.0890686310508207	-0.109947488795364	0.214464793305692	0.66129447458761	0.189036317756877	0.0637642632280138
Pseudomonas azotoformans	0.0293297478381249	0.00421869032742633	0.116884229642055	0.47206503885741	0.0904231272237501	0.0490112176608863	0.0215607192992579	0.216554587552999	0.181600449995431	0.413302636014305	0.759011624796832
Erysipelothrix larvae	0.0296950131769316	0.0190998197928345	0.0353238453208446	0.0083495211039471	-0.124709734542491	-0.111767004416119	-0.135520805162359	0.216554587552999	0.236812062496344	0.208636964027929	0.075029486924467
Staphylococcus vitulinus	0.029886492852337	0.127197292651266	0.0247049991389891	0.0052799867619751	-0.0843877290571357	-0.124910466197523	-0.149773378831892	0.216554587552999	0.459491954547401	0.169068359168192	0.0637642632280138
Paenibacillus sp. JNUCC-32	0.0305301970008051	0.250414778544333	0.0158476893982603	0.0090814244280536	-0.0745067982362203	-0.157733994746809	-0.164344459359681	0.217650759263804	0.605394205405306	0.133580013783071	0.0763692891632931
Streptococcus sp. Z15	0.0317923057944453	0.0554737490216753	0.0193598369946052	0.00762215078042812	-0.105384866088594	-0.12912590953525	-0.141856142917321	0.220740784185914	0.330039079788574	0.145946768743492	0.0747245572453846
Paenibacillus cellulositrophicus	0.0319624664884581	0.0694600326927915	0.0107041747946049	0.0120542688401689	-0.117923424825381	-0.166806222940935	-0.157146316912939	0.220740784185914	0.340615204116816	0.115396225834522	0.0934734531114849
Scardovia inopinata	0.0334755686063701	0.13314076787335	0.00597116328664437	0.0268188301482033	-0.157462500956044	-0.291199742765435	-0.224448343344433	0.227633866523317	0.468723353948367	0.1147501814216	0.174147313740833
Lactobacillus terrae	0.0352438751618658	0.173697454859515	0.0175947385527116	0.00915740345170709	-0.0947534738999748	-0.166551421239223	-0.17634021818812	0.236027163962798	0.501792647371932	0.144016193338861	0.0763692891632931
Selenomonas sputigena	0.0364432803511379	0.657700593543042	0.0894079616802443	0.00809420643999517	0.0302852613871949	0.11669039167187	0.175830272279996	0.237443952733158	0.8641821551502	0.371739159656901	0.075029486924467
Acetilactobacillus jinshanensis	0.0366033201661622	0.0907130406488265	0.0199284401479266	0.00865724849128466	-0.101594872504997	-0.140477815626747	-0.153193694713697	0.237443952733158	0.389273436570692	0.146806175756393	0.075029486924467
Petrocella atlantisensis	0.0370670423949953	0.0250341723826199	0.0341529852176837	0.010751793404456	-0.116096849676939	-0.109632309322666	-0.12785678099493	0.237443952733158	0.237807736636733	0.208636964027929	0.0864053215412648
Weissella jogaejeotgali	0.0380833548310903	0.261019840302588	0.217769238847855	0.00397028630296617	-0.0541792547738355	-0.0594380694658024	-0.135615884203109	0.240469183362027	0.616955986169753	0.561842787802456	0.0556651893941321
Lactobacillus rossiae	0.0401044961034223	0.111728038755716	0.0134939645374886	0.0140635588426227	-0.142523632883084	-0.222896263721776	-0.213261884391852	0.249664609545248	0.437024717964837	0.127635795321043	0.103601550140654
Vagococcus teuberi	0.0409456128220673	0.0276165629290142	0.0704390968369523	0.00864218455933136	-0.121531817477343	-0.0995139185394412	-0.139803506854025	0.251360567602136	0.23934354538479	0.31297385880736	0.075029486924467
Bacillus safensis	0.0423724746912537	0.191909715279813	0.0420033587078399	0.00674901862726974	-0.0790078469610156	-0.123689211884368	-0.159147080168115	0.256167614251602	0.536861355403021	0.222350384419604	0.0704135139455364
Bifidobacterium asteroides	0.0428877906213089	0.00787630653083318	0.169390930155849	0.671445552031706	-0.211370768790611	-0.108229542426496	-0.0319479635400767	0.256167614251602	0.181600449995431	0.489351576005787	0.848228345553402
Lachnoclostridium phocaeense	0.0454625405580253	0.0118333714986494	0.0248629939953223	0.0589907254643822	-0.422463910165238	-0.375614303426843	-0.302219639230106	0.262485016334123	0.21793125843346	0.169068359168192	0.268803099538731
Clostridium fermenticellae	0.0456838981094221	0.90832786654445	0.0708085653410316	0.0299766933980928	0.00215730200221	-0.0340588189010767	-0.0395971604933872	0.262485016334123	0.990240574797048	0.31297385880736	0.186615471576859
Clostridium perfringens	0.0464846699135457	0.0084209970811517	0.133566741214962	0.607990394586924	0.463717147582268	0.26168096980888	0.0853611616648325	0.262485016334123	0.181600449995431	0.446168083494393	0.810736895803139
Streptococcus iniae	0.0469280236133274	0.0371242699070425	0.0346315038633078	0.0125664128666227	-0.14022819677635	-0.142160663249435	-0.16185802110125	0.262485016334123	0.282912539636428	0.208636964027929	0.0957647325352968
Bacillus velezensis	0.0469724488066595	0.127889395247264	0.0135721320816494	0.0186199855899745	-0.177326627010305	-0.289580059677036	-0.264298639155115	0.262485016334123	0.459491954547401	0.127635795321043	0.130635454456647
Lactobacillus acetotolerans	0.0475804702180548	0.285419754693214	0.237398975946224	0.162574147822209	-0.0898926486967345	-0.0994743821653804	0.112791379312983	0.262485016334123	0.65028624522887	0.570273627001255	0.49217652970833
Lactobacillus rhamnosus	0.0481024577444885	0.299050956795194	0.140150379979552	0.166794298408827	0.0874564401470912	-0.124498867123141	-0.112062403332004	0.262485016334123	0.66129447458761	0.451126580787867	0.501517550317698
Mobiluncus curtisii	0.0489314918374706	0.128907245167144	0.00706574864579516	0.0553714435882739	-0.0480277474354922	-0.0860126457027694	-0.0584351180211204	0.263752675514171	0.459491954547401	0.115396225834522	0.26036359644699
Lactobacillus delbrueckii	0.0506562216332098	0.403559649920609	0.00709719884575827	0.483715288971923	-0.0887038366908002	-0.289505777666469	-0.071075983661585	0.268549890225508	0.752989877182622	0.115396225834522	0.759011624796832
Acutalibacter muris	0.0510366307215897	0.0162303254820249	0.019455283577802	0.212501362492678	-0.184116269913794	-0.178875197707251	-0.0905675767958882	0.268549890225508	0.236812062496344	0.145946768743492	0.559080965605737
Erysipelothrix rhusiopathiae	0.0574232292174954	0.0396768819857607	0.0190915155802456	0.0326533522913545	-0.12177663599659	-0.139080331248481	-0.121725275721226	0.298600791930976	0.29228636396177	0.145946768743492	0.195037590713226
Enterobacter kobei	0.0610706693739862	0.00825456090852993	0.215261367168989	0.456708407498217	0.126285323771633	0.0586331031360816	0.0337523577077615	0.312232589441128	0.181600449995431	0.561842787802456	0.745390497870904
Methylomusa anaerophila	0.0617985266659091	0.919256228910721	0.630939922263941	0.0154896275730907	-0.00492144278460122	-0.0233329184521212	-0.114191119025183	0.312232589441128	0.990240574797048	0.88251723304007	0.11223631782469
Candidatus Moranella endobia	0.0626620537076921	0.101455038837792	0.855538984997231	0.0390181134858902	-0.0601953983765388	0.00665742563481415	-0.0732650745879592	0.312232589441128	0.419094646414055	0.945855979511067	0.223974105983941
Lactobacillus amylolyticus	0.0628703630322633	0.193675249926555	0.00802092191316689	0.0977706494334967	-0.149690599246299	-0.308456536727552	-0.183178742684985	0.312232589441128	0.538392833129165	0.115396225834522	0.363148126467273
Longibaculum sp. KGMB06250	0.0638792717369061	0.146731407724068	0.0791266490112173	0.543861668337075	-0.226601967681255	-0.27467679470789	0.0905147108441483	0.313718201196806	0.480409497881764	0.333085512980553	0.767693274603072
Desulfuromonas soudanensis	0.0668346924176573	0.0710268452358166	0.0261458681169347	0.0227119121566237	-0.050755073135902	-0.0627292835101187	-0.0619245967618532	0.324625648885764	0.340615204116816	0.175098086480078	0.152100987473146
Ruthenibacterium lactatiformans	0.0687785588821672	0.152076289231422	0.0188367409103242	0.027185892869044	-0.169049404131824	-0.279066774304713	-0.250248888913602	0.330436119846934	0.483580718275459	0.145946768743492	0.174147313740833
Bacillus anthracis	0.0732240126223149	0.324953556308257	0.0106515738914714	0.104846643004196	-0.107857215976696	-0.282827253649982	-0.170652290258659	0.348010898699604	0.67945528460794	0.115396225834522	0.37870519515894
Corynebacterium pseudotuberculosis	0.0767749563136424	0.700110267422542	0.172314846352863	0.0508198892801212	0.0161890091197078	-0.0575509399734725	-0.079702087146168	0.361005645644999	0.865776635207519	0.491375239277198	0.24958212290904
Ruminococcus bicirculans	0.0813802216176812	0.232839717898829	0.0106177403215056	0.129048950799304	-0.145390167599942	-0.314410439519743	-0.177774997047394	0.378632189000159	0.594885290816661	0.115396225834522	0.416347709878047
Roseburia intestinalis	0.0828347532966736	0.0379848924420998	0.0293453530319332	0.438651833283583	-0.366607626518279	-0.385271261700251	-0.130126754869626	0.37902235544646	0.284564787447595	0.187980377392963	0.732999660277955
Immundisolibacter cernigliae	0.0832968745669438	0.0160800762718904	0.0557274151191523	0.187053795974853	0.101787636960021	0.080571691541245	0.0532121701478427	0.37902235544646	0.236812062496344	0.264754012618454	0.514217913750271
Spiroplasma sp. TIUS-1	0.0843075184181046	0.0755703894993274	0.0539651123160497	0.0193564596050065	-0.123001469606322	-0.133534928108617	-0.155856495165355	0.37902235544646	0.344351671739203	0.259267170040152	0.133680549147076
Anaerolinea thermophila	0.0849698826008336	0.025825274566885	0.184227891307558	0.928440411747472	0.127886161516534	0.0757251623897474	0.00490708706320354	0.37902235544646	0.237807736636733	0.513999881995128	0.961055414502067
Brochothrix thermosphacta	0.0857516641281583	0.994218553360086	0.157215613247105	0.0314892040030713	-0.00053855463074442	-0.105532184436088	-0.154567276595763	0.37902235544646	0.99799787467107	0.469353386029238	0.190660659854213
Clostridium botulinum	0.0914360157587056	0.01837657570722	0.485130776052181	0.0953479223491487	-0.276502252024338	-0.0810710309381429	-0.186518551984603	0.399788260864303	0.236812062496344	0.788791565641274	0.363148126467273
Dialister pneumosintes	0.0924990205885052	0.993593406518007	0.723776913135724	0.0271840141095414	-0.00133776062157896	0.0588945803892501	0.355400419596519	0.399788260864303	0.99799787467107	0.914557608065274	0.174147313740833
Clostridium baratii	0.0931633277579711	0.0637574214656573	0.578886214165653	0.502703670247508	0.25411389927802	0.0756246660944052	-0.0877102161747061	0.399788260864303	0.340404920113256	0.850453157369126	0.759011624796832
Microbulbifer sp. YPW1	0.0972564268903433	0.0197919667782815	0.135411418443517	0.060101317357177	0.0688938579335273	0.0438741934129058	0.053294866497469	0.413339814283959	0.236812062496344	0.446168083494393	0.271069206855839
Gardnerella vaginalis	0.0998858234239147	0.215187111252104	0.0243480492972946	0.0462024277194544	-0.0543023886739645	-0.0993150781266401	-0.0846576012104083	0.42047175193686	0.556214638441112	0.169068359168192	0.240252624141163
Alistipes sp. dk3624	0.101645949193436	0.0274905216094012	0.0529435804188899	0.385274660929893	-0.186566664029543	-0.163444332163358	-0.0697236896112423	0.423844429655649	0.23934354538479	0.25715453346318	0.697511103601731
Sutterella faecalis	0.103639784322454	0.671696543818535	0.335703837533555	0.116260385001104	0.0600904728302879	-0.136686661937193	0.2136478569965	0.42705007893709	0.865776635207519	0.691050329027686	0.395285309003754
Mucilaginibacter sp. PAMC 26640	0.104347078111325	0.124856407966401	0.0357682790381919	0.0343506888118595	0.0412692724539242	0.0566799798394409	0.0549529896923735	0.42705007893709	0.459491954547401	0.208636964027929	0.202440059397892
[Clostridium] innocuum	0.105501378298143	0.0669910071779994	0.490437160096703	0.0286318266696764	0.262317451901621	0.0982174631522007	0.30096706706664	0.427812928511738	0.340615204116816	0.792482433676123	0.180789534114243
Caloranaerobacter azorensis	0.107986319520363	0.0255990191100943	0.0952125741392775	0.0640137710115981	-0.0727826195743043	-0.0541744631148473	-0.0579750261672785	0.433908665709094	0.237807736636733	0.378540880396085	0.280139473139865
Bacteroides zoogleoformans	0.110705511193733	0.135941335333449	0.186063305699594	0.522496783020577	0.0887737226861597	0.0786550432638259	-0.0362155804313672	0.440827350879551	0.469422423573318	0.513999881995128	0.762529505925558
Bifidobacterium animalis	0.112954176913848	0.0856155227225042	0.896116925130494	0.495814605065919	-0.162655688200351	0.0122858046741748	0.0615123838415725	0.445765591035006	0.378420610433468	0.945855979511067	0.759011624796832
Ruminococcus sp. JE7A12	0.115466931650788	0.224085748438858	0.0749292106353416	0.0220945775315378	-0.103313259405434	-0.151829947258818	-0.187512521291153	0.448144737637905	0.575848260523112	0.32469324608648	0.150243127214457
Clostridium estertheticum	0.115584841834211	0.261002941832919	0.0371926709145982	0.0395725526690622	-0.0612382257452036	-0.114187671354109	-0.107952621720586	0.448144737637905	0.616955986169753	0.209486867268147	0.224244465124686
Pantoea stewartii	0.117098633877618	0.0451608175071482	0.149737414643512	0.956505554721723	0.161466878567445	0.115681872494864	0.00419340441818531	0.450066053686151	0.307217135016983	0.456440946706431	0.975173317184277
Enterobacter hormaechei	0.121091694792499	0.0724150049711062	0.87825989041219	0.0696194032870119	0.191387125021998	0.0162190579534809	0.185298027882883	0.460964260937788	0.340615204116816	0.945855979511067	0.294451593226607
Limosilactobacillus fermentum	0.12316853032221	0.294848796009923	0.0313095649662322	0.0568470412496509	-0.146542129140519	-0.303241069513092	-0.256757559302085	0.460964260937788	0.659204850279747	0.194913066409502	0.264488339287849
Leptotrichia wadei	0.124095835886286	0.272654437347633	0.812573793839318	0.0531676885074028	0.0464935326232158	-0.0100275492889954	0.0792336184176693	0.460964260937788	0.63515913549852	0.944874681099064	0.255436068698609
Candidatus Erwinia haradaeae	0.124105762560174	0.018989940303472	0.311074863521851	0.494056492309841	0.225476856023507	0.0965409847742484	0.0625792791562388	0.460964260937788	0.236812062496344	0.667451891634262	0.759011624796832
Lactobacillus iners	0.126318394631398	0.23468329657592	0.0207957053486286	0.112018728017858	-0.136354764622642	-0.267238417848959	-0.175315008851642	0.465272753558984	0.596149523485958	0.148777440227983	0.389860454991284
Desulfovibrio piger	0.128415806272499	0.86822155925937	0.445422044361456	0.043822712078774	0.0117991566464509	-0.0543224858422458	-0.137993270644401	0.466181161543907	0.967140734083423	0.768247755772031	0.238657436928774
Bacteroides heparinolyticus	0.129412139284863	0.16532988176603	0.0399133253515654	0.0446240035177963	0.138201761212278	0.205570815408119	0.192168141087011	0.466181161543907	0.494188945720922	0.21514255860234	0.238657436928774
Lancefieldella parvula	0.129729146764481	0.444500700483721	0.749744120147973	0.0537920196737694	0.064533270047626	-0.0268968352975606	0.157220706717921	0.466181161543907	0.757393899255026	0.926529337088762	0.255656695653829
Cupriavidus malaysiensis	0.131176528520294	0.0268443442858166	0.240935398846863	0.699071622960243	0.0716464710774065	0.0376972820018963	0.011863030786624	0.467580851661047	0.23934354538479	0.571117785548329	0.858304603745632
Megamonas funiformis	0.135116651472721	0.0724385275723545	0.0997850482999552	0.948357343051589	-0.176342120440433	-0.161412880715587	-0.00604690586273518	0.474948060198129	0.340615204116816	0.383521663900697	0.971275481042639
Selenomonas ruminantium	0.135392433450146	0.0719700268956021	0.0667811861198378	0.761639338944759	-0.0865921135546607	-0.0882411759691745	-0.0139283755876466	0.474948060198129	0.340615204116816	0.301196778213962	0.886771075735282
Limnobacter sp. SAORIC-580	0.137277390128318	0.528078284075168	0.118373870524935	0.0304563362049018	0.0273318128247167	0.0679118084804629	0.090533994455242	0.476504484554595	0.818444499335142	0.414221070618815	0.186968063924536
Candidatus Purcelliella pentastirinorum	0.139328674338395	0.0313612440946715	0.689051975605531	0.181686022552653	0.108171936894115	0.0199384740201904	0.0639386509318224	0.476504484554595	0.252030361633542	0.899760586575791	0.511454631876384
Clostridium sp. SY8519	0.140046458153278	0.0561551236329956	0.0899911540345892	0.0499180789317057	-0.111508141163943	-0.0988450808312262	-0.110422599127816	0.476504484554595	0.330039079788574	0.371739159656901	0.247907762784426
Olsenella sp. oral taxon 807	0.140148377810175	0.0646923377590804	0.0358742291088747	0.244224461099145	-0.0632382630117382	-0.0719653073201631	-0.0383290054267221	0.476504484554595	0.340404920113256	0.208636964027929	0.579380738230314
Klebsiella variicola	0.14592955929574	0.0239380450227273	0.435533381583006	0.529829425296643	0.213334657010028	0.0730389799779279	0.0564437340815263	0.492373016860437	0.237807736636733	0.758987714396702	0.764065349902301
Bacillus amyloliquefaciens	0.14914540581004	0.335658284590514	0.0579723051526921	0.0448157630431861	0.154660849239313	0.306110384382997	0.311209795975063	0.497085655539532	0.686856304578737	0.266914154973853	0.238657436928774
Bifidobacterium longum	0.150041681227452	0.0330557142313248	0.124987846716159	0.512215632992351	-0.245882239431065	-0.176246384428461	-0.0718476120875895	0.497085655539532	0.260904030182956	0.427121681923171	0.762529505925558
Rothia dentocariosa	0.150794517753759	0.347525922865245	0.0292319025188871	0.110037459849672	-0.0541459124776866	-0.126603752625416	-0.0885685601252045	0.497085655539532	0.70139935117095	0.187980377392963	0.386004422647264
Proteus mirabilis	0.153323974760861	0.0697414396277068	0.0426030380857642	0.369838835354414	-0.171631311755904	-0.192184298664213	-0.0810035932397965	0.497085655539532	0.340615204116816	0.222350384419604	0.693975755251615
Megasphaera elsdenii	0.153423751698303	0.165846213409501	0.112821033279154	0.756086534182107	-0.176897522680493	-0.202654661071606	0.0376918103254711	0.497085655539532	0.494188945720922	0.405421924466555	0.886771075735282
Actinomyces sp. Chiba101	0.154074060653656	0.138688017346888	0.0370375978649982	0.0825280720873767	-0.0573599491227772	-0.0811163965796766	-0.0650268936006254	0.497085655539532	0.471009455340916	0.209486867268147	0.328625296059644
Streptococcus sobrinus	0.159725933108085	0.992713574869281	0.794042763112587	0.048732337235016	0.000797627415039232	-0.0228046593681936	-0.166189067776133	0.510867212259935	0.99799787467107	0.943857447179175	0.246229238044632
Anaerotignum propionicum	0.160657335982197	0.929614151019348	0.107132058638775	0.0841821638077322	-0.0103317627884614	-0.189390549963691	-0.194126412209859	0.510867212259935	0.990240574797048	0.397919074944022	0.329278906221395
[Clostridium] hylemonae	0.166586032408757	0.447239383949235	0.0914801243342412	0.0428575068567728	-0.120544185057013	-0.26882877870665	-0.309875493569448	0.525935902319076	0.757393899255026	0.374390879219765	0.23678772538367
Flavonifractor plautii	0.174228429499426	0.269009052664763	0.0381245658614944	0.0940989979417358	-0.14083535545661	-0.265746736822391	-0.204408701942928	0.546162878288982	0.632457453605454	0.209486867268147	0.361667452958672
Enterobacter cloacae complex sp. FDA-CDC-AR_0164	0.180977377540542	0.0517688170582818	0.395702229728824	0.989329125380989	0.124258692548562	0.0539429153708522	0.000815864434853251	0.563323949809293	0.326883101996579	0.728751606417251	0.996243628954136
Leclercia adecarboxylata	0.188970071795148	0.0634320825846581	0.386784363040844	0.917776169836102	0.125081729495896	0.0580228183945093	-0.00664680707012005	0.584089312821368	0.340404920113256	0.721344677063515	0.961055414502067
Mycobacterium tuberculosis	0.193327516317053	0.605936109423568	0.328956365583873	0.131717546300581	0.026700211002292	-0.0505914963267559	-0.0751485342872651	0.593408070917622	0.855666966023058	0.691050329027686	0.418842845070912
Altererythrobacter sp. B11	0.196008314767921	0.511419314779285	0.39210089831154	0.238442394584174	-0.0142805606324755	-0.0186231415241503	0.0247515462984235	0.597487414671871	0.801586301888099	0.725140573446446	0.579380738230314
Flintibacter sp. KGMB00164	0.197905823681252	0.0582421905509249	0.169063349794804	0.0764424830813144	-0.210829176185208	-0.152597927942113	-0.188272476925768	0.599139548404886	0.330039079788574	0.489351576005787	0.318750731339066
Anaerocolumna sp. CBA3638	0.204902766578041	0.439615759352327	0.0505545769729647	0.114177881522938	-0.10207034761987	-0.259823348380141	-0.200521142881526	0.615857169599697	0.755229428146131	0.248279144689449	0.391214136690997
Anaerobutyricum hallii	0.206214617875012	0.0720650047880649	0.158077827986696	0.825210648436109	-0.28291762957269	-0.221499016510886	-0.0329971664500209	0.615857169599697	0.340615204116816	0.469353386029238	0.902921739684685
Phoenicibacter congonensis	0.207951746252602	0.0439239865629179	0.135450864822681	0.180794212565125	-0.290563678276895	-0.214552801010691	-0.183974616612908	0.616876992239263	0.307217135016983	0.446168083494393	0.511454631876384
Yersinia entomophaga	0.218915107664269	0.0577352357109071	0.922808762717722	0.667182807398249	0.111819938676734	0.00567058187390941	0.0241593973206201	0.645069850584046	0.330039079788574	0.959721113226431	0.848228345553402
Izhakiella sp. KSNA2	0.220701483534631	0.258663544370212	0.518659143307072	0.243818665685321	0.0744566297867591	-0.0424740936151628	0.0737076102862714	0.646026859088125	0.616955986169753	0.812933834545127	0.579380738230314
Clostridium intestinale	0.222538350807474	0.239181414811054	0.0383901272595474	0.314367402056693	0.0555278380185975	0.098227791812827	0.0455533400435019	0.647118099058575	0.600120554588543	0.209486867268147	0.64628089167004
Streptococcus agalactiae	0.224699458661289	0.405125617021571	0.0984849474277571	0.0635207470118249	-0.085386030545239	-0.170121740755396	-0.183734489528125	0.649131769465946	0.752989877182622	0.381845147044462	0.280139473139865
Buchnera aphidicola	0.228301811270042	0.573158568819646	0.163793628722954	0.367035213879311	0.0445283008134467	-0.110389177173034	-0.0684206827212141	0.649638536789553	0.847675377657819	0.479448899970502	0.693975755251615
Lactobacillus harbinensis	0.228782327170894	0.600306809398405	0.142843437239832	0.0634695979763821	-0.0259811796766339	-0.072917289933078	-0.0885475533790307	0.649638536789553	0.855666966023058	0.451126580787867	0.280139473139865
Candidatus Annandia adelgestsuga	0.229284189455136	0.0473959273975525	0.566117577971494	0.22508384112628	0.136449768076556	0.0392166246456148	0.0798476575328602	0.649638536789553	0.312671640443555	0.849079380165789	0.572493148735772
Bifidobacterium bifidum	0.235222281254741	0.0528819426855418	0.682091213346212	0.261140989428788	-0.214740243366635	-0.0451278664027139	-0.119080485261527	0.655527408705092	0.329208713619852	0.899760586575791	0.594970707873837
Caldilinea aerophila	0.236090048284682	0.485989273410676	0.59246282178212	0.045388877445166	0.030815734938732	0.0236665290413333	0.0855355550463738	0.655527408705092	0.781117304900068	0.850453157369126	0.23883195036623
Actinomyces sp. oral taxon 414	0.237003723655281	0.155876647939846	0.51246758050722	0.683431320434222	0.0565191247775181	-0.0260088643884155	0.015485047056991	0.655527408705092	0.488634598506469	0.811866202810721	0.848529897842489
Lactobacillus jensenii	0.237294989576504	0.0897449605894217	0.0941958721778715	0.550636043195804	-0.0988665976329518	-0.0975074988058095	-0.033221837539622	0.655527408705092	0.388894829220827	0.378496140932902	0.769153030880254
Labrys sp. KNU-23	0.242771214842851	0.669884731478628	0.0566957006547709	0.763711818572844	-0.0212967700930184	-0.0958271211852638	-0.0144106937867464	0.663890429230243	0.865776635207519	0.264754012618454	0.886771075735282
Salmonella sp. HNK130	0.243326356414705	0.943710801145746	0.137436341639253	0.127282147397261	-0.00303425466692643	-0.0641018312819378	-0.0631986787483125	0.663890429230243	0.990240574797048	0.446668110327573	0.413666979041099
Parabacteroides distasonis	0.245002127172276	0.827756029413763	0.203201954886612	0.15157346410823	-0.0299357230549716	0.175598125390214	0.189489059360108	0.664226654300705	0.938123500002265	0.550506662935924	0.468499798152711
Megamonas hypermegale	0.246455138699809	0.815556583147691	0.566693251468117	0.0583652806725927	0.0107742531368437	0.0264768390433677	0.0846790500196888	0.664226654300705	0.933875672930776	0.849079380165789	0.268723479763395
Blochmannia endosymbiont of Colobopsis nipponica	0.254772090593511	0.176372442225624	0.825643219070627	0.180222945219425	0.102564254187468	-0.016655073423688	0.0975924919259119	0.682480388135346	0.506211814699519	0.945855979511067	0.511454631876384
Lactobacillus johnsonii	0.256935605013144	0.337281193230012	0.0454152177148212	0.315965720339968	-0.0697056012291743	-0.146201552683455	-0.0701601270632271	0.683408403628517	0.686996716164357	0.228108252613079	0.646559483288268
Fusobacterium necrophorum	0.259208210735682	0.604344683670731	0.212895084697714	0.527376009767923	0.0248870625490077	-0.05997376942716	0.0293006232722672	0.683408403628517	0.855666966023058	0.561842787802456	0.764065349902301
Caloramator sp. E03	0.259757040293192	0.754092732140871	0.234760435626844	0.0699489078931984	-0.0288121838451941	-0.109561474346326	-0.161086157113295	0.683408403628517	0.895991902167379	0.567017008453908	0.294451593226607
Halobacteriovorax marinus	0.261761695067807	0.198509519181005	0.484829922078103	0.785057923372922	-0.035853210889951	0.0194352175738183	0.00728933942690572	0.684335296730879	0.542457496849825	0.788791565641274	0.894318562192864
Klebsiella oxytoca	0.26320588335803	0.0801799419579897	0.329975639778315	0.934554479647123	0.123299970613778	0.0683750808620041	0.00553432306265073	0.684335296730879	0.359695055698638	0.691050329027686	0.965124018701001
Clostridium bornimense	0.267034081958162	0.435981444146787	0.0569041429836043	0.190805182677616	-0.0581321306389629	-0.142907588892802	-0.0941225209313742	0.688519744858467	0.755229428146131	0.264754012618454	0.520591918169793
Candidatus Reidiella endopervernicosa	0.267930760442661	0.54215333669333	0.0971736302380127	0.10538628734061	-0.0303777352505494	-0.0830381554998229	-0.0776699265046585	0.688519744858467	0.82065676307689	0.380095084647802	0.37870519515894
Nitrosomonas europaea	0.269999635760676	0.186181199653837	0.146973365686545	0.0673270557840928	0.0595411601455743	0.0653660860962647	0.0789195460560586	0.689825658995483	0.527513399019205	0.451126580787867	0.291750575064402
Klebsiella aerogenes	0.278362688969926	0.0737619332200022	0.706405522265793	0.225403936791369	0.199424573865069	0.0417681571588845	0.129317751621494	0.703451677797999	0.340727363453283	0.906181048577071	0.572493148735772
Alistipes shahii	0.280864486540953	0.687089792919636	0.357563895672431	0.303553484419465	-0.0336401041816605	-0.0769343760863635	0.082176620035121	0.703451677797999	0.865776635207519	0.702414408387619	0.641964785231596
Massilistercora timonensis	0.284245242743955	0.0740041332387221	0.330332709950281	0.803562945224916	-0.207240100244863	-0.112435562798539	-0.027419434106484	0.703451677797999	0.340727363453283	0.691050329027686	0.89917676402383
Enterobacter ludwigii	0.28459303861212	0.0542108897287689	0.491267391011896	0.458223996817834	0.15029458289749	0.0534046806314536	0.0552141615243908	0.703451677797999	0.330039079788574	0.792482433676123	0.745390497870904
Scytonema sp. HK-05	0.285339813739825	0.120224711968212	0.78081113988969	0.430689814979663	-0.070614194567163	0.0125895728344789	-0.0344514261198566	0.703451677797999	0.459491954547401	0.937450480558938	0.732999660277955
Desulfobulbus oralis	0.286868546911778	0.781241006758894	0.234605673415088	0.0839933268408023	0.0141940461604851	0.0609056827220318	0.0851564909899959	0.703451677797999	0.908706644703766	0.567017008453908	0.329278906221395
Ralstonia solanacearum	0.287736732313931	0.107388068339977	0.673024451132726	0.130824309771251	0.0494407974637906	0.0128992742041002	0.0447491653266899	0.703451677797999	0.431279795385042	0.899760586575791	0.418842845070912
Parvimonas micra	0.288065053577914	0.204430361375984	0.063162615645947	0.426372614103736	-0.0797112735073227	-0.117119376759037	-0.0479902560367795	0.703451677797999	0.544516650234475	0.287813155829985	0.732999660277955
Plautia stali symbiont	0.291383991768402	0.106387111163009	0.623363809410273	0.126937494519657	0.140437682356392	0.0425216521807102	0.127394574247103	0.707646837151833	0.431279795385042	0.877473897322741	0.413666979041099
Aeromonas schubertii	0.298293167635604	0.372182988761366	0.850947740135005	0.124875375944189	0.0653717050741998	-0.0137453017885004	0.10820524502018	0.720467650792004	0.732594520180532	0.945855979511067	0.411902359457699
Bacillus pseudomycoides	0.30029595620311	0.469623346326359	0.158220937824336	0.0789649934589637	-0.0298850943446946	-0.0584825405270329	-0.0703163442869884	0.721363112183557	0.770814079630412	0.469353386029238	0.325544371241438
Alistipes communis	0.303299427525154	0.0716005580138758	0.47515336699518	0.764831696102492	-0.181242530163635	-0.0714657131241299	-0.0286951467825468	0.724639713330367	0.340615204116816	0.78470506268608	0.886771075735282
Blautia argi	0.310848104082759	0.373517648996605	0.106960804929121	0.10774045701087	-0.122557023570951	-0.222769419872666	-0.212401604425799	0.733380645261807	0.732594520180532	0.397919074944022	0.380970255990436
Fibrella sp. ES10-3-2-2	0.311810191030141	0.426398954864542	0.265517823179696	0.751143359617008	-0.0195314943462096	0.0273739069116758	-0.00749525345593754	0.733380645261807	0.755229428146131	0.606461762442725	0.886771075735282
Vibrio sp. THAF191d	0.316729984603771	0.0679019484855735	0.230184941617526	0.364557227101742	0.0745982545537548	0.0488518836631446	0.0354140375095872	0.733380645261807	0.340615204116816	0.567017008453908	0.693975755251615
secondary endosymbiont of Ctenarytaina eucalypti	0.316887239461313	0.0934961344397059	0.222449067568846	0.13932197568564	0.260734822209461	0.189183524043843	0.22032632051075	0.733380645261807	0.396349702391211	0.561842787802456	0.4336641778384
Nostoc sp. TCL240-02	0.316906361914802	0.191575434525026	0.572036024025922	0.56932301573626	0.0495879618815471	-0.0213993862899629	0.0207275055902796	0.733380645261807	0.536861355403021	0.850453157369126	0.78288042135407
Maribacter sp. HTCC2170	0.31941507181497	0.69726617334499	0.132329817039769	0.134850420105449	-0.00971894562676773	-0.0377512404303714	-0.0360856363463316	0.733380645261807	0.865776635207519	0.446168083494393	0.423334555314402
Helicobacter cinaedi	0.319633595191462	0.333651252628791	0.475794019909207	0.379951605668353	0.0620657403071492	-0.0457414860504783	0.0540562876295789	0.733380645261807	0.685924900753142	0.78470506268608	0.697511103601731
Lactobacillus sp. 3B(2020)	0.322042055415966	0.240319769597675	0.0718685418296852	0.247744252320202	-0.0983305465203254	-0.151269511002808	-0.0932279029891093	0.733380645261807	0.600120554588543	0.314513816720008	0.579380738230314
Bacillus sp. FJAT-45348	0.32235779117738	0.249444963946784	0.122595160440757	0.105180642967487	-0.0529464441236908	-0.0711233014922002	-0.0720028600782055	0.733380645261807	0.605394205405306	0.423336413396988	0.37870519515894
Fusobacterium hwasookii	0.323550284674327	0.398995394379304	0.860582393284068	0.0883864595294609	0.032030240121429	0.00666134524602885	0.0624256758302873	0.733380645261807	0.752989877182622	0.945855979511067	0.342691360631769
Lactobacillus amylovorus	0.32739863258041	0.158086273105688	0.0926605105485497	0.210418164996991	-0.206674554450135	-0.246598140780334	-0.175218827822854	0.734758836820708	0.492063303989533	0.375742620756504	0.556915143285449
Lactobacillus gasseri	0.327483010981175	0.332636206824771	0.0772807712567766	0.665210107074062	-0.0877204737315557	-0.160628986727657	-0.0376283620218545	0.734758836820708	0.685924900753142	0.33163204752908	0.848228345553402
Anaerostipes caccae	0.33094463184827	0.417164056833811	0.548868580109404	0.06861287854114	-0.0985477398306624	-0.0727693670894163	-0.21271765089105	0.736352502588569	0.755123014944417	0.830821617836837	0.294435847720232
Acinetobacter haemolyticus	0.331525221753677	0.657901016156926	0.110024505656192	0.93798493634659	-0.05815795142104	-0.210832201019867	0.00979664385836596	0.736352502588569	0.8641821551502	0.4014282226546	0.966408722296487
Candidatus Hamiltonella defensa	0.342184156963991	0.169668005855136	0.585867730244319	0.106728692147751	0.055107916722182	0.0217976077897973	0.062097903602849	0.75622698689042	0.496644096609072	0.850453157369126	0.380436144591176
Lacrimispora sphenoides	0.350479537275598	0.506610717677626	0.267742301978505	0.0798920087979541	-0.0413802124368839	-0.0691578961401524	-0.105489288209106	0.769431580711353	0.796875221400394	0.606882551151278	0.325544371241438
Streptococcus troglodytae	0.351640677157677	0.312830313808836	0.228125474085185	0.0810178299469641	-0.0879122862833366	-0.105062349680609	-0.146215715459297	0.769431580711353	0.664764416843778	0.567017008453908	0.325544371241438
Shewanella sp. YLB-08	0.358050299420506	0.759771433803149	0.962778637832171	0.119868864823077	0.0397752557273825	-0.00606927770779341	0.194768088515719	0.779597203664352	0.900017022386568	0.98052570949728	0.398361189863158
Maricaulis maris	0.360978197798355	0.935780843127404	0.425806759897198	0.291061269041911	0.00237142995979375	-0.0234670628508639	0.029903881936045	0.779901548920562	0.990240574797048	0.752826351498246	0.630632749590807
Candidatus Portiera aleyrodidarum	0.36270086933074	0.440313161143377	0.0780796701687872	0.552355512990204	-0.0552385786485508	-0.126730104609098	-0.0407213710350665	0.779901548920562	0.755229428146131	0.331838598217345	0.769153030880254
Ligilactobacillus agilis	0.363834383024213	0.451606587151665	0.344375759547547	0.490561997694873	0.0302981087791976	-0.0380827259617103	-0.0266956533116979	0.779901548920562	0.761870654660442	0.691882207818254	0.759011624796832
Corynebacterium sp. 2039	0.365429685732815	0.179764953479065	0.883420655863978	0.176513779681947	0.0497141364669528	0.00541580269101459	0.0480710084781509	0.779901548920562	0.512620060888687	0.945855979511067	0.511454631876384
Paraclostridium bifermentans	0.367012493609676	0.409379506445582	0.136273057175889	0.949300922648009	0.0658439431843911	0.119254156457515	-0.00488552394785971	0.779901548920562	0.752989877182622	0.446168083494393	0.971275481042639
Gordonibacter pamelaeae	0.369769630400647	0.545207727826215	0.178371197980382	0.11337345753834	0.0167609491614608	0.0373890742247723	0.0421130818339237	0.780895623573347	0.822463534809513	0.502166047817382	0.391214136690997
Christensenella minuta	0.372143010256617	0.701239899104733	0.197744167472351	0.484941132439198	0.014657890272596	-0.0493521163367134	-0.0255391083741543	0.780895623573347	0.865776635207519	0.542875292066952	0.759011624796832
Barnesiella viscericola	0.374195812674478	0.204708493336156	0.241626755424293	0.925271383873684	-0.180964268070237	-0.16700236316163	0.0127650294322542	0.780895623573347	0.544516650234475	0.571117785548329	0.961055414502067
Bacteroides sp. HF-162	0.374547222166402	0.162907048415353	0.796513185062969	0.479800733573158	-0.0319787933743715	0.00588856842324742	-0.0155256993345048	0.780895623573347	0.494188945720922	0.943857447179175	0.759011624796832
Plesiomonas shigelloides	0.383442804484339	0.823960168603659	0.205344447988625	0.721662002789819	0.0191277140110437	-0.109219791879124	0.0295183969541635	0.790372707607326	0.938123500002265	0.550506662935924	0.871515314844536
Magnetospirillum gryphiswaldense	0.385283638358902	0.302836228105918	0.436138622233872	0.899046320942576	0.0609791221932316	-0.0460467391521089	0.00718502444487134	0.790372707607326	0.66129447458761	0.758987714396702	0.953610747737673
Serratia plymuthica	0.385496901623562	0.109283568061368	0.839953407187822	0.396575195477344	0.1701780291024	0.021358090707138	0.0861604660600269	0.790372707607326	0.431279795385042	0.945855979511067	0.702182244612132
Herbinix luporum	0.386245486070548	0.598978541833603	0.676515776592225	0.199654041685329	0.0459651815805174	-0.0364614210750388	0.107724765689122	0.790372707607326	0.855666966023058	0.899760586575791	0.537296980661804
Lachnoanaerobaculum umeaense	0.391587642533035	0.43472666909497	0.833340340231458	0.173277182774087	0.0998352332416606	-0.0268645645444738	0.167205619433234	0.795512911434975	0.755229428146131	0.945855979511067	0.510590098574311
Chloroherpeton thalassium	0.394657990538304	0.143544272468815	0.205505880960243	0.170769934503228	-0.0490153870136637	-0.0423807073119516	-0.0442852230604876	0.795512911434975	0.473481853964301	0.550506662935924	0.50657926879481
Alkalilimnicola ehrlichii	0.396419939572979	0.309701258460713	0.775746083892169	0.117358532422829	-0.0636430810040429	-0.017814718918925	-0.0944025141963252	0.795512911434975	0.66129447458761	0.936773041681939	0.395973063594585
Klebsiella pneumoniae	0.397067231143863	0.0941554722875049	0.583425000910037	0.344052628483756	0.238726257948055	0.0778391919311096	0.128905000134501	0.795512911434975	0.396349702391211	0.850453157369126	0.685005683737929
Cellulomonas gilvus	0.397756455717487	0.680070350863569	0.826929644271437	0.228786764005284	-0.0121739185979185	-0.00645323157827365	0.0343806146760154	0.795512911434975	0.865776635207519	0.945855979511067	0.57456675960418
Klebsiella michiganensis	0.409805015929579	0.106508058610935	0.517166045709772	0.253948970946857	0.12906235814685	0.0515765641734605	0.0873974071064208	0.800648924020398	0.431279795385042	0.812933834545127	0.583959777899892
Serratia symbiotica	0.410119156140363	0.113458608053848	0.812048292948077	0.432386468249363	0.207431683324794	0.0310169034335892	0.098330024194478	0.800648924020398	0.439900918945622	0.944874681099064	0.732999660277955
Leclercia sp. 1106151	0.413517772222142	0.127232478644439	0.78262268625848	0.30351282303213	0.102477441246545	0.0184597158231267	0.0661479032872962	0.800648924020398	0.459491954547401	0.937450480558938	0.641964785231596
Thiosulfatimonas sediminis	0.414383547805953	0.995363111701011	0.203687398580015	0.727331804390392	0.000606050061501117	-0.132965561513164	0.0348748956722216	0.800648924020398	0.99799787467107	0.550506662935924	0.873588743316721
Melioribacter roseus	0.417344104332046	0.413012485867039	0.0959198610958406	0.33662639133761	-0.104667052719565	-0.213736826460727	-0.117873312016874	0.800648924020398	0.752989877182622	0.378540880396085	0.673618956258233
Enterobacter sp. JUb54	0.417361680572508	0.379556889414801	0.500977471336475	0.466897612115206	0.0808046135297963	-0.0618457551106507	0.0642216534359228	0.800648924020398	0.732594520180532	0.802290008444645	0.755929467234143
Amedibacterium intestinale	0.419789799763586	0.427655755334814	0.216920604237736	0.773902453497301	-0.0703629858334055	-0.109718036094797	0.0244551607284276	0.800648924020398	0.755229428146131	0.561842787802456	0.889021931192362
Ethanoligenens harbinense	0.420179991199886	0.120856038589955	0.541040623823577	0.226665839431584	-0.111615618603271	-0.0438118521105224	-0.083306514985181	0.800648924020398	0.459491954547401	0.830821617836837	0.572493148735772
Raoultella ornithinolytica	0.420487321482068	0.622869713079505	0.450172327477276	0.369840072040922	0.0373769773608228	-0.0574272978866802	0.0654082839947682	0.800648924020398	0.8641821551502	0.768247755772031	0.693975755251615
Spirosoma sp. TS118	0.42050760952249	0.668899975835394	0.611877754643248	0.104478723686682	0.012892367164622	0.0152983112266621	0.0472102586093819	0.800648924020398	0.865776635207519	0.869614043576577	0.37870519515894
Fimbriimonas ginsengisoli	0.421161819762934	0.0986542759815403	0.551468808974343	0.581832985445407	0.0936738114211733	0.0336300142803315	0.0299169470681201	0.800648924020398	0.411369716828687	0.831908578725801	0.793718588968081
Comamonas thiooxydans	0.423159266281018	0.245552132367949	0.12562402409505	0.224531264316555	0.0695841020896438	0.0919522075141485	0.0696715857090407	0.800648924020398	0.605394205405306	0.427121681923171	0.572493148735772
Prevotella intermedia	0.428358894045373	0.57631829046404	0.116661018167411	0.271441388749384	0.0606699725839834	0.171050465064932	0.114373243259632	0.800648924020398	0.847675377657819	0.413302636014305	0.612128029730754
Streptococcus marmotae	0.430131152353156	0.524532409596929	0.245155940030246	0.11914319022076	-0.0446236516939584	-0.0816418625036502	-0.105574889624768	0.800648924020398	0.818271067498755	0.5763772632626	0.398361189863158
Paenibacillus barcinonensis	0.433918893463452	0.489531820359375	0.109635344499465	0.693026911976749	-0.0424273350788237	-0.0986120817377267	-0.0232684857825549	0.800648924020398	0.783960378981317	0.4014282226546	0.853253189676109
Romboutsia hominis	0.439235980213061	0.142188668742802	0.289165927577569	0.195866364486151	-0.104770100623146	-0.0755157915430398	-0.0887226204064678	0.800648924020398	0.472536778829463	0.642268040147163	0.531122288974716
Mycoplasma iowae	0.439242310675413	0.986897640740472	0.145193473164274	0.491463745117285	-0.000475538213308401	-0.0423531624201461	-0.0192169481838206	0.800648924020398	0.99799787467107	0.451126580787867	0.759011624796832
Odoribacter splanchnicus	0.440168296951614	0.402856895056823	0.369885634608138	0.593075513299643	-0.094029338494578	-0.100811302208477	0.0573552407914898	0.800648924020398	0.752989877182622	0.712252177915612	0.799205417312324
Lysobacter soli	0.443958938322909	0.164274011895663	0.241265188222599	0.751358386098272	0.0593914357139367	0.0499858838657164	0.0130037449210429	0.800648924020398	0.494188945720922	0.571117785548329	0.886771075735282
Bifidobacterium dentium	0.445791718787295	0.662515645674981	0.898777175101014	0.235544588896281	0.046677864285815	-0.0136002971046024	-0.121893135261248	0.800648924020398	0.865776635207519	0.945855979511067	0.579380738230314
Yersinia enterocolitica	0.447794702611449	0.173109121817719	0.982454266306423	0.356996308314989	0.132612309412481	0.0021332946480766	0.0857701367289094	0.800648924020398	0.501792647371932	0.986919967516906	0.693975755251615
Filifactor alocis	0.447943490780269	0.153748957703754	0.347133582048861	0.178077742817733	-0.118454433047594	-0.0779036927308786	-0.107257833803511	0.800648924020398	0.485407423607566	0.693076346815833	0.511454631876384
Candidatus Fukatsuia symbiotica	0.451003314565254	0.295299910306312	0.945506903942944	0.187305620166954	0.118839580933769	0.00774521603969891	0.143701969919911	0.800648924020398	0.659204850279747	0.969638170632903	0.514217913750271
Salmonella bongori	0.452339243197669	0.160310216684373	0.309468883713189	0.179013826216429	0.223347630533271	0.161386545334822	0.204965627913329	0.800648924020398	0.492063303989533	0.667451891634262	0.511454631876384
Bifidobacterium adolescentis	0.453306400535987	0.127728526394422	0.830892720165103	0.532807423436139	-0.0675196541931465	-0.00942605251873511	-0.0265059578672355	0.800648924020398	0.459491954547401	0.945855979511067	0.764613250515498
Legionella longbeachae	0.454218480264356	0.648846421047883	0.146361955139397	0.244666633956895	-0.0225362401615545	-0.0721456867721649	-0.055357974293041	0.800648924020398	0.8641821551502	0.451126580787867	0.579380738230314
Blautia sp. LZLJ-3	0.455557454654015	0.204747940169871	0.176076889254805	0.67812940158739	-0.169347209713848	-0.180746978127125	-0.0528473109022736	0.800648924020398	0.544516650234475	0.498884519555282	0.848228345553402
Ligilactobacillus salivarius	0.456502363559104	0.195154102461708	0.740046383031243	0.803244705797591	0.114192893489748	0.0291593732327895	-0.0209806917563471	0.800648924020398	0.539113208050468	0.923377634046557	0.89917676402383
Salmonella enterica	0.458068953271907	0.138476502857547	0.850650518367642	0.446390734718154	0.225214792648169	0.0285061247079086	0.110519084297887	0.800648924020398	0.471009455340916	0.945855979511067	0.738968931630802
Roseburia hominis	0.458138102887944	0.205733666491306	0.989762327536602	0.312945652821089	0.132076512814179	-0.00133522333202435	0.100668918733572	0.800648924020398	0.544516650234475	0.990986789548835	0.64628089167004
Vibrio tapetis	0.458942415037856	0.710155533463823	0.336928801504455	0.5575178612846	0.013201365260481	-0.0341601783617604	0.0200147070343616	0.800648924020398	0.872529272541931	0.691050329027686	0.772485563284618
Lachnospira eligens	0.459103863433094	0.133617969677589	0.252646534511605	0.290679906299481	-0.227727423384285	-0.173362294941122	-0.153339644435411	0.800648924020398	0.468723353948367	0.58161337632359	0.630632749590807
Butyrivibrio fibrisolvens	0.460101417875975	0.370869811304018	0.143397203703077	0.210155342474306	0.0599783003375605	0.0983274341769768	0.0810524468913416	0.800648924020398	0.732594520180532	0.451126580787867	0.556915143285449
Suicoccus acidiformans	0.466130239882812	0.126525299562668	0.424464163036954	0.27079906567921	-0.0582379874936258	-0.0303444230084188	-0.040336917701716	0.805230580996121	0.459491954547401	0.752826351498246	0.612128029730754
Clostridium sp. JN-1	0.466377893065627	0.148715950153611	0.542378672189117	0.223510482162061	-0.0624082241472507	-0.0262426367697431	-0.0507222144133944	0.805230580996121	0.483326837999237	0.830821617836837	0.572493148735772
Tolumonas auensis	0.469439795849883	0.469942113601879	0.768045009604202	0.241353005169803	0.0520326151780271	-0.0212206204652749	0.0811775966448997	0.806518376034036	0.770814079630412	0.936049462585112	0.579380738230314
Pseudomonas aeruginosa	0.472751984878109	0.943254361326535	0.221337418360029	0.766093179424602	-0.00747600441479409	-0.128813333044321	0.0299762346133356	0.806518376034036	0.990240574797048	0.561842787802456	0.886771075735282
Vibrio sp. THAF191c	0.474315568947923	0.582658239730467	0.340834777665239	0.519632914265086	0.0502618101463958	-0.0872244686834426	-0.0565409055589502	0.806518376034036	0.851887454327532	0.691050329027686	0.762529505925558
Lactobacillus kefiranofaciens	0.475805715054606	0.59770116771732	0.119018271422148	0.564200090287025	-0.0427497588515842	-0.126805416647438	-0.0449801080375049	0.806518376034036	0.855666966023058	0.414221070618815	0.779301374708953
Streptococcus mutans	0.476695030949153	0.763094622890258	0.447735596974473	0.135045638686268	0.0192340789864613	0.0484902558420801	0.0919179833181314	0.806518376034036	0.900017022386568	0.768247755772031	0.423334555314402
Haemophilus parainfluenzae	0.478071978554112	0.149874862442476	0.232827141175453	0.311696959271797	-0.185237536087535	-0.153290989655188	-0.124366583843798	0.806518376034036	0.483537877369155	0.567017008453908	0.64628089167004
Anaerostipes hadrus	0.480530055676887	0.135631866651798	0.284418730919463	0.325850632890921	-0.25794979460564	-0.184655590116201	-0.162490248536118	0.807582831213627	0.469422423573318	0.634914540739406	0.663714192340033
Streptococcus salivarius	0.483839238781389	0.307847355593622	0.773797138754518	0.16199891992238	-0.0632375974035725	-0.0177908158384594	-0.0837245803350747	0.810064180080963	0.66129447458761	0.936773041681939	0.49217652970833
Prevotella oris	0.488125454806792	0.819410491059813	0.161392898405834	0.363135363851849	-0.0248450442250014	-0.152952870733143	-0.0946245969358163	0.811386752467325	0.935864178419735	0.475571073969191	0.693975755251615
Ralstonia pickettii	0.488456806749497	0.405463467448207	0.221059309226996	0.155763268112699	0.0210913863618191	0.031072659093419	0.0344279327352502	0.811386752467325	0.752989877182622	0.561842787802456	0.478106697957035
Rhodospirillum rubrum	0.490136341422569	0.79946219407511	0.151504995535198	0.827127499343431	-0.0102930543037537	-0.0583315504740601	-0.00848910875055523	0.811386752467325	0.923137461509594	0.458665808401079	0.902921739684685
Aeromonas salmonicida	0.493967899941332	0.305706699882036	0.968238034636134	0.221478935299093	0.0693582043270432	0.00269091237598837	0.0794742666807686	0.814678402142048	0.66129447458761	0.981562411259567	0.572493148735772
Ezakiella massiliensis	0.497651195264367	0.533887457999869	0.872620143006566	0.351090141854296	0.013449424023957	0.00346398121319668	-0.0194787455049332	0.815969465527406	0.819368945958132	0.945855979511067	0.692776083480352
Acidothermus cellulolyticus	0.499024766942472	0.214804799866598	0.172253607057804	0.373497875841662	-0.0394327902572463	-0.0434184850822604	-0.0271708033503709	0.815969465527406	0.556214638441112	0.491375239277198	0.693975755251615
Lactobacillus vaginalis	0.500288970945536	0.21501451863318	0.888761901600654	0.993811319651619	0.10578348834557	-0.0118989157879376	-0.000632398986018709	0.815969465527406	0.556214638441112	0.945855979511067	0.99637558879925
Clostridium sp. deep sea	0.505040444616305	0.648729667003749	0.796080931537922	0.278720034876115	-0.0254422824015051	0.0144296344006758	0.058277379784859	0.819172688170771	0.8641821551502	0.943857447179175	0.613730657739351
Helicobacter apodemus	0.505959601517241	0.846808065082416	0.21823198986707	0.927455395900064	0.0100565575056928	-0.064272277852612	-0.00454234325261383	0.819172688170771	0.954819297873541	0.561842787802456	0.961055414502067
Salinibacter ruber	0.512018081911316	0.32160750102932	0.142194216545147	0.422913070108099	-0.10768352768639	-0.159809383722733	-0.083591676055818	0.82304570423046	0.676907216452188	0.451126580787867	0.732999660277955
Streptococcus respiraculi	0.512075947202209	0.897089329546519	0.207846172968257	0.545053028343847	0.0171091175311503	-0.167107461928319	-0.0769229733629504	0.82304570423046	0.983904425954247	0.553421737662466	0.767693274603072
Cellulosilyticum lentocellum	0.517160739000379	0.151623316367865	0.384739091525535	0.678799985159177	0.0707908129195034	0.0428080620661409	0.0195998566187108	0.827710648920566	0.483580718275459	0.721344677063515	0.848228345553402
Prevotella denticola	0.518723641970581	0.168994826446738	0.419155241319171	0.240175466246347	0.0754558901387214	0.0442158653543371	0.0615234181610004	0.827710648920566	0.496644096609072	0.747896426291375	0.579380738230314
Spirosoma sp. I-24	0.523207724817363	0.402358634830948	0.143935009986895	0.593024331493545	-0.0231021097811907	-0.0404234195794591	-0.0141645834870207	0.831862641616095	0.752989877182622	0.451126580787867	0.799205417312324
Clostridium septicum	0.525359526054524	0.948879178657872	0.863695046543139	0.187035212619398	-0.00443339107920426	-0.0118714113559094	-0.0879430459242516	0.83229000184982	0.990240574797048	0.945855979511067	0.514217913750271
Pectobacterium parmentieri	0.531893073438147	0.199490098870859	0.643447051941786	0.245615821959157	0.151075515641065	0.0543569973501166	0.130930103193972	0.839631208784504	0.542457496849825	0.89047877251005	0.579380738230314
Prevotella enoeca	0.537634722203456	0.537646249996385	0.266184574465812	0.177261423012842	0.0357209383645187	0.064542674045037	0.0751814105626288	0.845674545245293	0.819447043097939	0.606461762442725	0.511454631876384
Lactobacillus mucosae	0.549734172890075	0.788112863790524	0.339766525737399	0.395983258485982	-0.0306380158157623	0.108998159843198	0.0928929248862096	0.861640086586572	0.914293663505017	0.691050329027686	0.702182244612132
Aeromonas veronii	0.553860840721502	0.459549456013001	0.799666544689675	0.300792133575764	0.0755552081097627	-0.0259018500646228	0.10154906300185	0.865011778345183	0.766493809651873	0.944874681099064	0.641964785231596
Blautia sp. SC05B48	0.555799423190118	0.159272698065895	0.64992432168859	0.659141260758822	-0.197510946763956	-0.0634743433956435	-0.0589896098851398	0.865011778345183	0.492063303989533	0.89047877251005	0.848228345553402
Lawsonia intracellularis	0.565868777529104	0.423688931462026	0.702034832078062	0.418707763950771	0.0293487089534488	-0.0140212802047943	0.0283279047027156	0.87542767472515	0.755123014944417	0.906181048577071	0.731497358364589
Candidatus Mikella endobia	0.576779034726776	0.166593106136691	0.653443947807373	0.622293709887793	0.0835665612224668	0.0270366212738917	0.0285173774713607	0.87542767472515	0.494188945720922	0.89047877251005	0.825987446757972
Streptococcus pyogenes	0.577299535006063	0.398670213222622	0.401673709664865	0.170343010570026	-0.0968766247000992	-0.0962594212914452	-0.15134728800596	0.87542767472515	0.752989877182622	0.731453943567334	0.50657926879481
Clostridium argentinense	0.577980477885907	0.990768087564073	0.758256081996844	0.29735156654621	0.000719286865880783	0.0191358392775808	-0.0622958379364493	0.87542767472515	0.99799787467107	0.933563198447368	0.638909137079685
Streptococcus ferus	0.578095520773961	0.440835277062674	0.318970943967273	0.182827673838164	-0.0617352174789482	-0.0798803724408479	-0.102584039704403	0.87542767472515	0.755229428146131	0.681087716104032	0.511454631876384
Acinetobacter nosocomialis	0.578562308196305	0.652373978285242	0.334486604417025	0.99637558879925	0.0180759634220152	-0.038781085314343	0.000175030443739208	0.87542767472515	0.8641821551502	0.691050329027686	0.99637558879925
Blattabacterium cuenoti	0.579830365245292	0.273032207567237	0.806886366862391	0.92550945941603	0.0467448440053954	-0.010402050622145	0.00381172063923848	0.87542767472515	0.63515913549852	0.944874681099064	0.961055414502067
Thiomonas intermedia	0.580194564060146	0.877224770636854	0.814473424205302	0.200574664726691	0.00480454184036501	0.00729826185520497	0.038350222279325	0.87542767472515	0.969333371553724	0.944874681099064	0.537296980661804
Streptococcus suis	0.580317440485224	0.713720735967591	0.591777719064291	0.33309678316712	0.0256239787789023	-0.0374666548721152	-0.0647674362935266	0.87542767472515	0.872529272541931	0.850453157369126	0.672277525844143
Alistipes megaguti	0.584283589798477	0.856482563110425	0.30975908376646	0.434550652795932	0.00704271936400525	-0.0396292256389787	-0.0292125308369105	0.875461529832384	0.958393146569134	0.667451891634262	0.732999660277955
Tenuifilum thalassicum	0.58430124728632	0.646457403479549	0.539669749947332	0.397161903061161	-0.0279511917221906	0.0373852658067163	0.0498538779344289	0.875461529832384	0.8641821551502	0.830821617836837	0.702182244612132
Mannheimia varigena	0.58887469813095	0.279554700617629	0.711435638223159	0.798729674077724	-0.0489975119645192	-0.0167295836171033	0.0110592926400903	0.87737942531343	0.646927631795769	0.906181048577071	0.898316834458916
Sutterella megalosphaeroides	0.59123026394253	0.781012674553441	0.796060043570901	0.280483241772282	0.0427258484983284	-0.0397203923695595	0.159017132187177	0.87737942531343	0.908706644703766	0.943857447179175	0.613730657739351
Candidatus Sulcia muelleri	0.591793175544772	0.248725348838884	0.654763803316213	0.254986961843166	-0.045546971384429	-0.0176191067140463	-0.0432934037932736	0.87737942531343	0.605394205405306	0.89047877251005	0.583959777899892
Phocaeicola vulgatus	0.593905967195798	0.504540603286546	0.806097455815284	0.473179416314625	-0.11032891023886	-0.0405505566623501	0.113337219922343	0.87737942531343	0.796453380902334	0.944874681099064	0.759011624796832
Moorea producens	0.596840558018836	0.34963992642201	0.813294889976335	0.233461766118272	0.0718665704896294	0.0181194102239426	0.0878405880909479	0.87737942531343	0.702458397629675	0.944874681099064	0.579380738230314
Prevotella melaninogenica	0.599202136313003	0.612257663340462	0.883351574432672	0.372675197124102	0.035377868141136	-0.010236460270671	-0.0597973166078222	0.87737942531343	0.861840405084344	0.945855979511067	0.693975755251615
Photobacterium damselae	0.600712654098559	0.244208553661886	0.443507109178207	0.245595054165639	0.0492485252334989	0.0323591115328241	0.0473351668760616	0.87737942531343	0.605394205405306	0.768247755772031	0.579380738230314
Heliorestis convoluta	0.602905179347795	0.423345749415403	0.185930782187543	0.395753161571403	0.0265938420755529	0.044028193590086	0.0271015493809558	0.87737942531343	0.755123014944417	0.513999881995128	0.702182244612132
Acidaminococcus intestini	0.605446222494005	0.597372612521568	0.272726982180828	0.882018598797425	-0.0644794134771056	-0.134131025400023	0.0172754646802225	0.87737942531343	0.855666966023058	0.611905208750894	0.943952108156082
Finegoldia magna	0.606318522229041	0.3258925799477	0.750446838637504	0.717355187004743	-0.0553770701981504	-0.0178984221487695	0.0196030999021616	0.87737942531343	0.67945528460794	0.926529337088762	0.868687651112593
Streptococcus equi	0.60915093660474	0.954955528480845	0.269811012318475	0.899673488250248	0.00326769460359121	0.0639857906927927	-0.006995389234208	0.87737942531343	0.990240574797048	0.608451364514113	0.953610747737673
Niabella soli	0.6105270842633	0.356950748473132	0.24860816381095	0.823717955531621	-0.0247846872260429	-0.0310698494393144	-0.00577685130882847	0.87737942531343	0.713901496946263	0.578341096865474	0.902921739684685
Aeromonas sp. 2692-1	0.611386567865467	0.915527692404213	0.390471710479054	0.601689107806366	-0.00942313185565947	-0.0763975933357435	0.0445198905260771	0.87737942531343	0.990240574797048	0.725140573446446	0.805898744395193
Rothia mucilaginosa	0.61618338210763	0.211663044140336	0.343666962611971	0.379155649227361	-0.112930084635599	-0.0855109508669591	-0.0760925162802225	0.879615071022326	0.556214638441112	0.691882207818254	0.697511103601731
Clostridium beijerinckii	0.618810618892641	0.953443351799591	0.251796957863177	0.887707765796909	-0.00324360362974227	0.0638269598307308	0.0075730881345696	0.879615071022326	0.990240574797048	0.58161337632359	0.947745972179308
Lysobacter oculi	0.618914676669555	0.200046542955931	0.516288528551038	0.364271028197714	0.0715247887143582	0.036145410671945	0.0485362358089171	0.879615071022326	0.542457496849825	0.812933834545127	0.693975755251615
Niabella ginsenosidivorans	0.622583656201697	0.629811840463001	0.232309974190529	0.312393683688576	0.04489192637768	0.111500225589041	0.0905278823425487	0.881993512952404	0.8641821551502	0.567017008453908	0.64628089167004
Desulfovibrio vulgaris	0.62547770742117	0.577263096549782	0.419634193937242	0.994934334580919	0.0180398243488544	-0.0261372854049285	0.000196967454644542	0.883262449457371	0.847675377657819	0.747896426291375	0.99637558879925
Shewanella bicestrii	0.630573451862413	0.541985577699892	0.888645890193644	0.29777213176112	0.0647967148963373	-0.0148678731176985	0.106229522296022	0.886547330415879	0.82065676307689	0.945855979511067	0.638909137079685
Bacteroides cellulosilyticus	0.634503571069618	0.453412324039294	0.610250961893438	0.655435269570478	0.0943092609781655	-0.0640800296906679	0.0535793552042553	0.886547330415879	0.762008544583149	0.869614043576577	0.84776654134496
Peptacetobacter hiranonis	0.635641675688374	0.953997967314336	0.362802051716959	0.685402453640807	-0.0053378961573563	-0.0843399234448801	0.0360999279016174	0.886547330415879	0.990240574797048	0.706755168243956	0.848593514031476
Thiomicrorhabdus indica	0.63629790491022	0.82748216197793	0.233895297372285	0.441126492384471	-0.00642202927585514	-0.0351697912795658	-0.0218523206387472	0.886547330415879	0.938123500002265	0.567017008453908	0.732999660277955
Lacimicrobium alkaliphilum	0.637832694733596	0.237567640204408	0.495469240352554	0.872828954835629	0.0330664463126402	0.0190497386523868	0.00429651354961723	0.886547330415879	0.600027982687705	0.796354197221195	0.936384461255699
secondary endosymbiont of Heteropsylla cubana	0.644654417664428	0.292619079222444	0.840718903952335	0.336809478129116	0.120614449088033	0.0229868742494686	0.105485598488953	0.893220227610273	0.659204850279747	0.945855979511067	0.673618956258233
Erysipelatoclostridium ramosum	0.650893706001466	0.737283603923716	0.353482340179077	0.983265425100417	0.0566130881149088	-0.156813677033712	-0.00339406179657279	0.899046931414525	0.887954640147909	0.697496403389071	0.99451560158898
Yersinia pestis	0.653989829877147	0.250649637079572	0.884079713243631	0.48752221137527	0.101578810447738	0.0128603428355254	0.0588120891575935	0.900286100126645	0.605394205405306	0.945855979511067	0.759011624796832
Coprothermobacter proteolyticus	0.65707043956121	0.283282814987766	0.905590856196736	0.410306528827633	0.0656639291152826	0.00724252278314571	0.0483686717800498	0.900286100126645	0.65028624522887	0.950762846648354	0.719664625959578
Cupriavidus oxalaticus	0.659229963903071	0.480564913250456	0.694009179622768	0.22054005897491	-0.0286710810213684	-0.0159803316477496	-0.0480582505673964	0.900286100126645	0.777795831310745	0.902211933509598	0.572493148735772
Hungatella hathewayi	0.659938227242156	0.328769937005771	0.246920390796134	0.515613367506293	-0.106398778651882	-0.126240539857074	-0.0676923430063748	0.900286100126645	0.682236207307749	0.577454035618472	0.762529505925558
Phocaeicola salanitronis	0.668863774613411	0.383412747892564	0.38650966868258	0.247407898435499	0.0832034082274772	0.0826614746012754	0.105678273588808	0.905893359184919	0.736819280732666	0.721344677063515	0.579380738230314
Enterocloster clostridioformis	0.66982590978023	0.28476874426743	0.990986789548835	0.919236038055637	0.108452779673326	-0.00114286692859719	0.00982557235699186	0.905893359184919	0.65028624522887	0.990986789548835	0.961055414502067
Actinopolyspora erythraea	0.670334320207823	0.597800579818495	0.224836950764556	0.43942928764945	0.0129784846920869	0.0299274220155542	0.0183716303614233	0.905893359184919	0.855666966023058	0.564647342260987	0.732999660277955
Proteiniphilum saccharofermentans	0.674372121268769	0.869809235472136	0.536221291362012	0.253822323784006	0.00496664312514216	0.0187560458385789	0.0333846021419641	0.905893359184919	0.967140734083423	0.830821617836837	0.583959777899892
Lactobacillus apis	0.676216673770025	0.771788055469396	0.690087870699532	0.362655687703377	-0.0162452434298671	0.0223367559997906	0.0491186761852836	0.905893359184919	0.906927307335575	0.899760586575791	0.693975755251615
Corynebacterium sp. Marseille-Q3630	0.677622004983245	0.299582055257989	0.348106219441436	0.784578754427101	-0.0303923077854414	-0.0274797240670001	-0.00760862716356972	0.905893359184919	0.66129447458761	0.693076346815833	0.894318562192864
Tannerella sp. oral taxon HOT-286	0.679446585106284	0.763589102703536	0.61599990712138	0.493257655020517	-0.0419073243406331	-0.0699007186998356	0.0918209622787408	0.905893359184919	0.900017022386568	0.872666535088622	0.759011624796832
Clostridioides difficile	0.680444785632111	0.472219517985958	0.911809274581272	0.583616609535354	0.101044819905057	0.0155530597978937	-0.0742818562687444	0.905893359184919	0.770814079630412	0.954567994688629	0.793718588968081
[Eubacterium] cellulosolvens	0.690091938901122	0.746355143129746	0.642724883562562	0.23862643014223	-0.0273992058509893	-0.0393043368179023	-0.0955607250929713	0.914358743591834	0.894008057624249	0.89047877251005	0.579380738230314
Mesorhizobium oceanicum	0.692372831601062	0.472282475118837	0.650843326315311	0.673644523762878	0.0604760329003362	-0.0380576224726129	0.0339486580123804	0.914358743591834	0.770814079630412	0.89047877251005	0.848228345553402
Candidatus Ishikawaella capsulata	0.693009454984761	0.255180737969785	0.855617054777915	0.650500350193204	0.0675440037461483	0.0107751851945864	0.0257220697323834	0.914358743591834	0.612988511862202	0.945855979511067	0.84776654134496
Morganella morganii	0.696052120685353	0.49944080880067	0.338996276344234	0.280046780141612	0.0857678656920548	0.121531101746043	0.131501745061734	0.915639992092041	0.791228808207513	0.691050329027686	0.613730657739351
Bernardetia litoralis	0.698433540252566	0.965212363978389	0.373851821892358	0.381330543299703	-0.00118549892944462	-0.0242085722694057	-0.0229420886769945	0.916046364366867	0.992148522973135	0.712252177915612	0.697511103601731
Vibrio cholerae	0.701795405291849	0.682153392295352	0.92852088975009	0.276086674429732	0.0600294259641369	0.0131453380396592	0.153366785816403	0.917732453073956	0.865776635207519	0.961138719600795	0.613730657739351
Fusobacterium ulcerans	0.709042761075067	0.305820222491771	0.337117070945457	0.426507908303207	-0.108446748294988	-0.101628038608773	-0.0802458904931938	0.920514977261536	0.66129447458761	0.691050329027686	0.732999660277955
Marinomonas sp. SM1966	0.709638848675164	0.652354791893673	0.46471082094824	0.759571339123993	0.0302706629187441	-0.0491576561577864	-0.0197284058251507	0.920514977261536	0.8641821551502	0.78470506268608	0.886771075735282
Paeniclostridium sordellii	0.715194786846577	0.418708771131194	0.592623467125997	0.796140841659839	0.158970958205777	0.105106892765191	-0.0487504460028243	0.920514977261536	0.755123014944417	0.850453157369126	0.898316834458916
Eggerthella lenta	0.715471146128254	0.4131065284331	0.686969167593247	0.760168461248253	-0.0441875787402599	-0.0217354827233162	0.015756626839974	0.920514977261536	0.752989877182622	0.899760586575791	0.886771075735282
Neorickettsia helminthoeca	0.715635318392006	0.294973811609942	0.372716028843676	0.439563681401324	0.0722969085299566	0.0615009236227545	0.0511732550888401	0.920514977261536	0.659204850279747	0.712252177915612	0.732999660277955
Thermovirga lienii	0.717053494614006	0.558117439150065	0.582760898361818	0.732491267879657	0.0375631982119237	-0.0352331918143015	0.0210013868391113	0.920514977261536	0.833405094947057	0.850453157369126	0.877401464506255
Thiomicrorhabdus aquaedulcis	0.721257738542596	0.729686696903919	0.307095913424574	0.385377310123705	0.0237586540704999	0.0703479425495201	0.0575409712379789	0.920514977261536	0.886048131954759	0.667451891634262	0.697511103601731
Fusobacterium varium	0.722442870278063	0.583986196066159	0.548114750683027	0.252129418952128	-0.0433824003140377	-0.0475882058960226	-0.0876606643349361	0.920514977261536	0.851887454327532	0.830821617836837	0.583959777899892
Stella humosa	0.722666735542428	0.700275708541883	0.504925659702892	0.715956093941043	0.0112562806140721	-0.0195077173184191	0.010240067892742	0.920514977261536	0.865776635207519	0.805693651944686	0.868687651112593
Anaerocolumna sp. CTTW	0.72664895318242	0.376989830645148	0.337235758806007	0.769988574806597	0.0889141482642494	0.096607484695296	0.0283427864734555	0.921291369768488	0.732594520180532	0.691050329027686	0.888603002779414
Burkholderia thailandensis	0.728341003674224	0.733108729311213	0.475029518270477	0.780024232871779	0.0266185879903785	-0.0558029521440643	0.0209076733623333	0.921291369768488	0.88776454343988	0.78470506268608	0.893188370283229
Halocella sp. SP3-1	0.733311813583173	0.308342336450977	0.589611366412783	0.369989059568388	-0.0489731295536213	-0.0258941962621071	-0.041581969454486	0.921291369768488	0.66129447458761	0.850453157369126	0.693975755251615
Lachnoclostridium phytofermentans	0.733602509698075	0.316756529573544	0.429189335143655	0.38617332911173	0.0852564884549511	0.0672766405279529	0.0710347857234091	0.921291369768488	0.669887014696204	0.755783610093608	0.697511103601731
Bacteroides intestinalis	0.743329909202898	0.641372230446543	0.851929239339061	0.504938825777004	0.0524262858114126	-0.0210020774973041	-0.0717847351637436	0.921291369768488	0.8641821551502	0.945855979511067	0.759011624796832
Geobacter sp. FeAm09	0.746234880649648	0.749689156769628	0.436160360761905	0.313477332310179	-0.0100593137704392	-0.0245750046429805	-0.0307308371605534	0.921291369768488	0.895574614303177	0.758987714396702	0.64628089167004
Escherichia albertii	0.748593120553385	0.649511237018242	0.700433009269662	0.275281246936282	0.0572406767390728	0.048455328027888	0.131912353909915	0.921291369768488	0.8641821551502	0.906181048577071	0.613730657739351
Acetoanaerobium sticklandii	0.75012368217276	0.892740568886321	0.362971545681851	0.726568710749524	-0.00465414395577594	0.0314488468127532	0.01164654345128	0.921291369768488	0.981570476238194	0.706755168243956	0.873588743316721
[Ruminococcus] gnavus	0.751033877520901	0.799913230222114	0.724197200956665	0.454238916878415	-0.0431480934436654	0.0600757398036588	-0.122329740562738	0.921291369768488	0.923137461509594	0.914557608065274	0.745390497870904
Candidatus Sodalis pierantonius	0.753683025381763	0.339620951017107	0.57686038606299	0.363710511229093	0.115942777607186	0.0676704859257489	0.105670586215393	0.921291369768488	0.688589267658537	0.850453157369126	0.693975755251615
Escherichia coli	0.754164477020008	0.440495558670541	0.71120959450406	0.313078156901239	0.122425602409682	0.0587101269876028	0.153588036730047	0.921291369768488	0.755229428146131	0.906181048577071	0.64628089167004
Streptococcus thermophilus	0.75489842460726	0.537085711682749	0.30353702670096	0.432492127418348	-0.0772098976417256	-0.1288701417833	-0.094333766640753	0.921291369768488	0.819447043097939	0.664175078226853	0.732999660277955
Bacteroides uniformis	0.756115454492247	0.989521208853209	0.473458543284305	0.410233249062412	0.00204635109684666	-0.111803864806435	-0.122752224801322	0.921291369768488	0.99799787467107	0.78470506268608	0.719664625959578
Citrobacter rodentium	0.759493702880138	0.64363295808249	0.681230215905848	0.553372542579006	0.0251906635678335	-0.0223659518886756	0.0310148385200186	0.921291369768488	0.8641821551502	0.899760586575791	0.769153030880254
Fastidiosipila sanguinis	0.762551444003572	0.920888743625398	0.922719809380152	0.373679252827792	-0.00628982530370925	0.00614377618461011	-0.0541636422776689	0.921291369768488	0.990240574797048	0.959721113226431	0.693975755251615
Enterococcus faecium	0.763304846212585	0.645426009421038	0.294723419955644	0.504496442058381	-0.0410143139960414	-0.0935568966361205	-0.0570635702376	0.921291369768488	0.8641821551502	0.651338758101972	0.759011624796832
Paraprevotella xylaniphila	0.764578745854265	0.937217474890371	0.405304754544963	0.917921885367499	0.0102831118113179	-0.108783536285797	0.0128396665943986	0.921291369768488	0.990240574797048	0.734199596347843	0.961055414502067
Prevotella sp. oral taxon 299	0.765140789226094	0.627727994648368	0.376719612205219	0.350569510505438	0.0146127419541948	0.0266647270792257	0.0270005931651106	0.921291369768488	0.8641821551502	0.713979095089064	0.692776083480352
Porphyromonas asaccharolytica	0.765636177947413	0.671939145979251	0.57345470371802	0.634801956821285	0.0205927539382486	-0.0273824739083146	-0.0222974232102156	0.921291369768488	0.865776635207519	0.850453157369126	0.835066859866096
Abiotrophia defectiva	0.768595193311482	0.495104930081266	0.83555053420726	0.526707150677919	0.0373365330282891	-0.0113519037035784	0.033289368044345	0.921291369768488	0.78827110308869	0.945855979511067	0.764065349902301
Tumebacillus avium	0.768661356572577	0.670549288139762	0.368169209762532	0.957523121398137	-0.0154314064997736	-0.0326837006462189	0.00185190897464365	0.921291369768488	0.865776635207519	0.712252177915612	0.975173317184277
Haematospirillum jordaniae	0.769279583370643	0.688173056991789	0.67875377830366	0.548721188509636	0.0520012345979821	-0.0536645231672339	0.0745802626647833	0.921291369768488	0.865776635207519	0.899760586575791	0.769153030880254
Ktedonosporobacter rubrisoli	0.771216757498508	0.378057862100616	0.54690269891884	0.355804473826297	0.0925627128075762	0.0632080053584674	0.0930270612890964	0.921291369768488	0.732594520180532	0.830821617836837	0.693975755251615
endosymbiont TC1 of Trimyema compressum	0.775139564393874	0.658890014220854	0.974412459146778	0.521206475145677	0.0110805783052325	-0.000804799397758362	-0.0154993448308287	0.92348163736413	0.8641821551502	0.982070962405669	0.762529505925558
Sterolibacterium denitrificans	0.78177506554749	0.673920359475223	0.301598406387682	0.654131636888986	0.0124974071355675	0.0307334707502499	0.0127167241557216	0.927325639765926	0.865776635207519	0.663216396136098	0.84776654134496
Enterobacter cloacae complex sp.	0.783625575597232	0.379366826310801	0.932994653459838	0.79865299951375	0.0533779648076584	-0.00509789021597701	0.0148595892528825	0.927325639765926	0.732594520180532	0.963513170161796	0.898316834458916
Lacibacter sp. S13-6-6	0.785853584336249	0.958020747570352	0.402134181644484	0.968799886089491	0.00633690355996702	-0.100996803937653	0.00452002739377876	0.927325639765926	0.990240574797048	0.731453943567334	0.982131994613658
Blautia producta	0.786758178534439	0.445790980244465	0.888127443062067	0.591533710261801	-0.0962447822500587	0.017738456972646	-0.0647946709468459	0.927325639765926	0.757393899255026	0.945855979511067	0.799205417312324
Pontibacter sp. SGAir0037	0.79860540207309	0.435235248308287	0.401668598762979	0.437219798628663	0.0503880552808817	0.0541678949035408	0.0482828316688429	0.938375359878498	0.755229428146131	0.731453943567334	0.732999660277955
Bacteroides coprosuis	0.802863682845879	0.741064280685146	0.618611102495233	0.32774478433185	0.0151663975064773	0.02285444655289	0.0432707044429053	0.938375359878498	0.890082641475094	0.873565838028412	0.664510067315035
Peptoniphilus harei	0.8051717316746	0.459030703179629	0.661873907890053	0.866597558513438	-0.0486865060225574	-0.028736142419945	0.0106405416947822	0.938375359878498	0.766493809651873	0.897387322967496	0.931961364630024
Desulfofarcimen acetoxidans	0.807324149313761	0.429372375359381	0.743715922444738	0.396881496859501	-0.0286952617461623	-0.0118596785390028	-0.0295880244881727	0.938375359878498	0.755229428146131	0.923377634046557	0.702182244612132
Streptococcus intermedius	0.808680405655245	0.854696191341755	0.352683652457496	0.826270157568657	0.0113152233506509	0.057516258364284	0.0130148505108624	0.938375359878498	0.958393146569134	0.697496403389071	0.902921739684685
Hymenobacter sp. DG01	0.810952706217633	0.423414741827557	0.455614376416985	0.430939900052683	0.0250940048281671	0.0233842293405038	0.0238104081252665	0.938375359878498	0.755123014944417	0.774544439908875	0.732999660277955
Coraliomargarita akajimensis	0.813058265944055	0.399388437157902	0.880657376594879	0.506580156821415	-0.0232907095711829	-0.0041439978032678	-0.0176914361234242	0.938375359878498	0.752989877182622	0.945855979511067	0.759011624796832
Prevotella ruminicola	0.813117110482952	0.805905166232005	0.419440905737257	0.919320931002485	0.0200213195623825	0.0658625902988995	-0.00788266690135876	0.938375359878498	0.925220996037783	0.747896426291375	0.961055414502067
Kiritimatiella glycovorans	0.831156323228794	0.714605422308098	0.807640446509273	0.599338856178757	0.01530175575041	0.0101865838927393	-0.0211520250340457	0.956533528002405	0.872529272541931	0.944874681099064	0.805190803741673
Basilea psittacipulmonis	0.833762422099187	0.467048449201044	0.927698011823215	0.49176185834521	0.0644753476348324	0.00803641297853433	0.0585341989092425	0.956533528002405	0.770814079630412	0.961138719600795	0.759011624796832
Desulfallas gibsoniae	0.836191401977212	0.830114801837494	0.37189143572652	0.774374306581582	-0.00617209607031966	-0.025723850625325	-0.00792264895403928	0.956533528002405	0.938390645555427	0.712252177915612	0.889021931192362
Bacteroides fragilis	0.838371461303296	0.365430025132008	0.775275216734781	0.68288107840922	0.121821442452058	0.0383718039557658	0.0527775404939918	0.956533528002405	0.727567887875439	0.936773041681939	0.848529897842489
Porphyromonas cangingivalis	0.840036914319129	0.411920674068064	0.543448906088073	0.481481760361852	0.0592455426174167	0.0438468388933838	0.0489375682880987	0.956533528002405	0.752989877182622	0.830821617836837	0.759011624796832
Oceanisphaera avium	0.842379010060732	0.558098034528761	0.377988932694211	0.608969795037652	0.0404901913922947	0.0610002526027393	0.0339710172184024	0.956533528002405	0.833405094947057	0.713979095089064	0.810736895803139
Butyricimonas faecalis	0.844000171766828	0.955692227919068	0.653237424097677	0.628509532401554	-0.00691293316530972	-0.0559203454231134	0.0577025248104062	0.956533528002405	0.990240574797048	0.89047877251005	0.831740159645171
Hungateiclostridium saccincola	0.850065069359098	0.413974072749722	0.525940730480541	0.539308958057849	-0.0302752908826948	-0.0234923304379607	-0.021948554066404	0.958716506284242	0.752989877182622	0.818541559409857	0.767693274603072
Alloprevotella sp. E39	0.850264412813174	0.735243482591957	0.449945764847421	0.458417586156518	0.0332240829753145	0.0742927823836188	0.0698194838747453	0.958716506284242	0.887916992638374	0.768247755772031	0.745390497870904
Alistipes onderdonkii	0.855885940176136	0.678316914197478	0.603813287651014	0.386629457878787	0.0603675436295152	0.0755423034888331	0.120573441770099	0.962068555438684	0.865776635207519	0.863707032821191	0.697511103601731
Campylobacter avium	0.866620194531681	0.47399448588097	0.940990160996849	0.820906364995215	0.0345091267751966	-0.0035643986939204	0.0104309554989577	0.962068555438684	0.770814079630412	0.967588100798194	0.902921739684685
Desulfovibrio salexigens	0.870917385309128	0.713695338457196	0.411953589960786	0.818768040253174	-0.0118300763144217	-0.0264816406785048	-0.00713058732699494	0.962068555438684	0.872529272541931	0.743197905153745	0.902921739684685
Sulfurivermis fontis	0.873300475647649	0.575479456463063	0.870506188929745	0.458701844843633	0.0782615170546254	0.0227694434227887	0.0993876682606785	0.962068555438684	0.847675377657819	0.945855979511067	0.745390497870904
Edwardsiella ictaluri	0.874978755699504	0.495790422304651	0.860146352132073	0.516631831905634	0.0544503462207712	0.0140731244368231	0.0497147389431232	0.962068555438684	0.78827110308869	0.945855979511067	0.762529505925558
Clostridium pasteurianum	0.874989227983088	0.62403108911691	0.741985343742717	0.797123810870443	-0.0158158588900399	0.0106206825427099	-0.00795018507285512	0.962068555438684	0.8641821551502	0.923377634046557	0.898316834458916
Streptococcus pneumoniae	0.876494476896339	0.942411880063798	0.674064060157267	0.665131147731048	-0.0044296984387865	0.0257982837648138	-0.0254925470200973	0.962068555438684	0.990240574797048	0.899760586575791	0.848228345553402
Akkermansia muciniphila	0.877302945910991	0.967773138943642	0.713432935705622	0.632406386140836	0.00838511303192627	0.0762401913459527	-0.0952091424184766	0.962068555438684	0.992472685413202	0.906181048577071	0.834398873654476
Campylobacter hominis	0.879154675620479	0.958875488717503	0.867683883035181	0.545374860238381	-0.00263181302498484	-0.00850355726452239	0.0298135840011739	0.962068555438684	0.990240574797048	0.945855979511067	0.767693274603072
Candidatus Saccharimonas aalborgensis	0.884983540609425	0.940927332847069	0.965467973251181	0.497531821590967	0.00756362810241366	-0.00441876575509883	0.0665633171939805	0.962068555438684	0.990240574797048	0.981004239487406	0.759011624796832
Streptococcus parauberis	0.885240714347335	0.752180307391937	0.468644708930144	0.535409383006771	-0.0335197628378582	-0.07699046552344	-0.0632023317503642	0.962068555438684	0.895991902167379	0.78470506268608	0.765860670838164
Ichthyobacterium seriolicida	0.88676913241647	0.482163026649647	0.580636031706196	0.530696973800919	0.0460719603743504	0.0362017458304787	0.0395368670232232	0.962068555438684	0.777795831310745	0.850453157369126	0.764065349902301
Labilibaculum antarcticum	0.888461278661163	0.927033073867926	0.712193114079454	0.650864262416314	-0.00581240892246019	0.0234202733779205	-0.0277071758177413	0.962068555438684	0.990240574797048	0.906181048577071	0.84776654134496
Alistipes indistinctus	0.889721599497238	0.95114104321921	0.520955870001821	0.706408342888467	0.00727963873860166	-0.0763167425742002	-0.0428985733213638	0.962068555438684	0.990240574797048	0.81364839060355	0.863011765810564
Shigella flexneri	0.889920379570007	0.531433419251552	0.941318740595528	0.69230599954115	0.0678149731287854	-0.00797093496713366	0.0411054311463046	0.962068555438684	0.818444499335142	0.967588100798194	0.853253189676109
Clostridium taeniosporum	0.89037044940184	0.779477046537397	0.975405322389341	0.476255288498199	-0.0225019949169205	-0.00247723964110279	-0.0551298071452035	0.962068555438684	0.908706644703766	0.982070962405669	0.759011624796832
Emcibacter sp. MEBiC09520	0.890870807175491	0.639049374480447	0.734169333941554	0.966251604289683	0.0160306885193059	-0.0116041881303374	0.00138085943991302	0.962068555438684	0.8641821551502	0.921883084097064	0.981800480680552
Ornithobacterium rhinotracheale	0.894763000039786	0.995941244889992	0.672023304796792	0.516545466735661	-0.000231114909766494	0.0192417304312549	0.0283813572954977	0.962068555438684	0.99799787467107	0.899760586575791	0.762529505925558
Pasteurella multocida	0.895950509450649	0.474347125926407	0.877059779033427	0.643795934710407	-0.0564147272876757	-0.0121873612550555	-0.0349791056644648	0.962068555438684	0.770814079630412	0.945855979511067	0.84438517252819
Flavisolibacter ginsenosidimutans	0.897958528656845	0.586308059835966	0.469826676019046	0.737390885409545	0.0333733672472366	0.0443432893235353	0.0197848328200783	0.962068555438684	0.852461060682556	0.78470506268608	0.880883165813564
Desulfomonile tiedjei	0.901075842132376	0.60383226858623	0.468112817366775	0.67529832278958	-0.0116481941892845	-0.0162951571860975	-0.00907427732422033	0.962068555438684	0.855666966023058	0.78470506268608	0.848228345553402
Anaerostipes rhamnosivorans	0.902411329377142	0.92420232295518	0.481755084439108	0.864507708958516	-0.0105085045144985	-0.0777722387709176	-0.0180764648638451	0.962068555438684	0.990240574797048	0.788791565641274	0.931961364630024
Fibrobacter succinogenes	0.907095794737658	0.601897471882192	0.575025320839163	0.506188371596646	-0.0203681363894569	-0.0218922927016402	-0.0248927924459018	0.962068555438684	0.855666966023058	0.850453157369126	0.759011624796832
Muribaculum sp. TLL-A4	0.908702769556962	0.525766930248069	0.62850743479961	0.918623027476813	-0.0237886217336645	-0.0181344001634962	-0.00368147618629164	0.962068555438684	0.818271067498755	0.881905670417231	0.961055414502067
Streptococcus dysgalactiae	0.91007220682927	0.627537220243599	0.739123381981092	0.478895609446865	-0.0292548464539214	-0.0200743175336252	-0.0410832142216228	0.962068555438684	0.8641821551502	0.923377634046557	0.759011624796832
Novibacillus thermophilus	0.910173352570766	0.992681093994944	0.638841715762728	0.570333700624458	-0.000930809831371026	0.0476429335783224	0.0552339664521694	0.962068555438684	0.99799787467107	0.89047877251005	0.78288042135407
Syntrophobacter fumaroxidans	0.912227248121425	0.804570861201662	0.952333582970146	0.504002235743737	0.013067947157387	0.0031566616836575	0.0338434633614836	0.962068555438684	0.925220996037783	0.974378341835196	0.759011624796832
Chitinimonas arctica	0.914182790235853	0.530488789127094	0.97050217991954	0.706810541229466	0.0312604022403415	0.0018415018626691	0.0178867033332083	0.962068555438684	0.818444499335142	0.981606323854546	0.863011765810564
Faecalitalea cylindroides	0.925589669590139	0.616587160785714	0.684254694797746	0.522729502930869	0.0452682839228886	0.0367610498598964	0.0555887661773526	0.968398613224284	0.8641821551502	0.899760586575791	0.762529505925558
Thioflavicoccus mobilis	0.927361277278724	0.99799787467107	0.777818340039076	0.679350303904761	-0.000116432551669334	-0.0130944992027747	0.0184370869290192	0.968398613224284	0.99799787467107	0.936773041681939	0.848228345553402
Thermoclostridium stercorarium	0.928462209028189	0.692852357021192	0.50917688403649	0.790564623561831	-0.0138821173787197	-0.0232127430511627	-0.0089253430190742	0.968398613224284	0.865776635207519	0.809554614187512	0.898276513147376
Butyrivibrio hungatei	0.93047625625564	0.682754510281502	0.87720611981422	0.827337793149994	0.0428057683723742	-0.0161783330779768	-0.0218627596376278	0.968398613224284	0.865776635207519	0.945855979511067	0.902921739684685
Aminomonas paucivorans	0.933287679197217	0.871528486027958	0.960907195942825	0.57742590800474	0.0177768589933892	-0.00538777683910072	0.0587536550560559	0.968398613224284	0.967140734083423	0.98052570949728	0.790161768848592
Streptococcus sanguinis	0.933519179174744	0.623941789533814	0.875688797188071	0.860192572830621	0.0364062903085276	-0.0116118201957366	0.0125481386515341	0.968398613224284	0.8641821551502	0.945855979511067	0.929596863548006
Intestinibaculum porci	0.93724570162976	0.574526936008573	0.768746504340261	0.989481794368474	-0.0646989661607569	-0.0338694274915283	-0.00145829324978472	0.968398613224284	0.847675377657819	0.936049462585112	0.996243628954136
Porphyromonas gingivalis	0.939600311062049	0.555668841549725	0.763952475477246	0.926389444438166	-0.0174650073055577	-0.00889564187312098	-0.00263675784907973	0.968398613224284	0.833405094947057	0.936049462585112	0.961055414502067
Alistipes dispar	0.940002192783928	0.69170730479832	0.897876091971521	0.710616454562881	-0.0339267182248833	0.0109778663842678	-0.030345463351526	0.968398613224284	0.865776635207519	0.945855979511067	0.865268520431938
Petrimonas mucosa	0.942107248159372	0.698788154899732	0.729507675738155	0.541732092488928	0.0289468955408906	0.0258651537958789	0.0439333529422139	0.968398613224284	0.865776635207519	0.918639295373972	0.767693274603072
Bacteroides helcogenes	0.945233280282397	0.632008387992004	0.767523613894491	0.948774521144342	0.0620848456318276	0.0383132755959879	-0.00795042207698736	0.969357563537864	0.8641821551502	0.936049462585112	0.971275481042639
[Clostridium] scindens	0.94785284754496	0.773555644492109	0.891153627908768	0.758099337330107	0.0362163621375534	0.0172226059934019	-0.0371875736313188	0.969793885682575	0.906927307335575	0.945855979511067	0.886771075735282
Succinivibrio dextrinosolvens	0.956355694022274	0.9336708094493	0.713463812001856	0.853355797268594	-0.00319880084165453	0.0141168956755978	-0.00685811875604218	0.976233756946524	0.990240574797048	0.906181048577071	0.924468780374311
Leuconostoc carnosum	0.960128215006098	0.873052382125081	0.913534528853598	0.673567801539276	0.00758593120680028	-0.00515494002670684	0.0193049334970874	0.977380562301275	0.967140734083423	0.954567994688629	0.848228345553402
Staphylococcus cohnii	0.963643839055002	0.643603595108002	0.680414219226159	0.852154657644331	0.0493775829635109	0.0439556771694034	0.0191600048111643	0.977380562301275	0.8641821551502	0.899760586575791	0.924468780374311
Candidatus Kuenenia stuttgartiensis	0.966197598340742	0.852582068591515	0.826390875682536	0.766394911608321	-0.00750010490108956	0.00885274654763684	0.0115555584330208	0.977380562301275	0.958393146569134	0.945855979511067	0.886771075735282
Butyrivibrio proteoclasticus	0.966324221098771	0.65730665138065	0.665703508893639	0.764562942529469	0.0322797201833557	0.0314363395599422	0.0208963528363221	0.977380562301275	0.8641821551502	0.899760586575791	0.886771075735282
Pedobacter sp. CJ43	0.971383088580231	0.685816223824827	0.829177432718144	0.674443657789091	0.0280227903040244	0.0149423288745361	0.0279852082684258	0.980254167014754	0.865776635207519	0.945855979511067	0.848228345553402
Halobacteriovorax sp. BALOs_7	0.984063883510472	0.882322002442977	0.877369705109197	0.840237134717585	-0.00464035996909585	-0.00483718512988093	0.00609484667412993	0.989121606439865	0.972534476508218	0.945855979511067	0.914740920062001
Bacteroides caccae	0.984645943062309	0.913571958740371	0.894728699742079	0.818728722060118	-0.0151414034432233	-0.0184603571620842	0.0305910602522135	0.989121606439865	0.990240574797048	0.945855979511067	0.902921739684685
Phocaeicola dorei	0.989646965160082	0.917691349254939	0.835580887542103	0.897230766311379	-0.01600680715888	-0.032149546466995	0.0191601855626857	0.990469553602128	0.990240574797048	0.945855979511067	0.953610747737673
Pseudomonas sp. NS1(2017)	0.990469553602128	0.962284933271386	0.834265482704111	0.824691781517336	0.00358967026776139	-0.0158849074444578	-0.0161450576554682	0.990469553602128	0.991445082764458	0.945855979511067	0.902921739684685
