SAMPLE_ID	Abiotrophia	Acetobacter	Acetohalobium	Acholeplasma	Acidaminococcus	Acidipropionibacterium	Acidithiobacillus	Acinetobacter	Actinobaculum	Actinomyces	Actinopolymorpha	Actinotignum	Acutalibacter	Adlercreutzia	Aerococcus	Aeromonas	Agarivorans	Agromyces	Ahniella	Akkermansia	Alistipes	Alkalihalobacillus	Alkaliphilus	Alkalitalea	Alloprevotella	Altererythrobacter	Alteromonas	Amedibacterium	Aminipila	Aminobacterium	Aminomonas	Anaerobutyricum	Anaerococcus	Anaerocolumna	Anaerostipes	Anaerotignum	Anaplasma	Anoxybacter	Aquaspirillum	Aquimarina	Arabia	Arachidicoccus	Arcanobacterium	Arcobacter	Arsenophonus	Athalassotoga	Atlantibacter	Auraticoccus	Azoarcus	Bacillus	Bacterioplanes	Bacteriovorax	Bacteroides	Barnesiella	Bartonella	Bdellovibrio	Bibersteinia	Bifidobacterium	Blattabacterium	Blautia	Borreliella	Bradyrhizobium	Brochothrix	Buchnera	Burkholderia	Butyricimonas	Butyrivibrio	Caldicellulosiruptor	Calditerrivibrio	Caloramator	Caloranaerobacter	Calothrix	Campylobacter	Candidatus Amoebophilus	Candidatus Arthromitus	Candidatus Blochmannia	Candidatus Desulforudis	Candidatus Doolittlea	Candidatus Gullanella	Candidatus Hamiltonella	Candidatus Nanosynbacter	Candidatus Nucleicultrix	Candidatus Phytoplasma	Candidatus Saccharimonas	Candidatus Sulcia	Candidatus Syntrophocurvum	Candidatus Vampirococcus	Caproiciproducens	Carboxydocella	Carboxydothermus	Cardiobacterium	Carnobacterium	Cellulomonas	Cellulophaga	Cellulosilyticum	Cellulosimicrobium	Chlamydia	Chondrocystis	Christensenella	Chryseolinea	Citrobacter	Cloacibacillus	Clostridioides	Clostridium	Cohnella	Collinsella	Comamonas	Companilactobacillus	Conexibacter	Coraliomargarita	Coriobacterium	Corynebacterium	Costertonia	Coxiella	Crassaminicella	Crinalium	Crocosphaera	Cronobacter	Cryobacterium	Cryptobacterium	Cupriavidus	Cutibacterium	Cyanothece	Cytophaga	Dehalobacter	Dehalobacterium	Dehalococcoides	Deinococcus	Denitrobacterium	Desulfitobacterium	Desulfococcus	Desulfofarcimen	Desulfoglaeba	Desulfomicrobium	Desulfosarcina	Desulfosporosinus	Desulfotomaculum	Desulfovibrio	Desulfurella	Desulfurispirillum	Dialister	Dickeya	Dolosigranulum	Duncaniella	Dysgonomonas	Dysosmobacter	Echinicola	Edwardsiella	Eggerthella	Eikenella	Endomicrobium	Enterobacter	Enterocloster	Enterococcus	Enterovibrio	Ephemeroptericola	Erwinia	Erysipelatoclostridium	Erysipelothrix	Erythrobacter	Escherichia	Ethanoligenens	Eubacterium	Exiguobacterium	Faecalibacterium	Faecalibaculum	Faecalitalea	Fastidiosipila	Fictibacillus	Filifactor	Filimonas	Finegoldia	Flavonifractor	Flintibacter	Francisella	Fructilactobacillus	Fusobacterium	Gardnerella	Gemella	Geminocystis	Geobacillus	Geobacter	Georgenia	Geosporobacter	Geovibrio	Gloeothece	Gordonibacter	Gudongella	Haemophilus	Haliangium	Halobacteriovorax	Halocella	Heliobacterium	Heliorestis	Herbaspirillum	Herbinix	Humibacter	Hungateiclostridium	Hungatella	Hydrogenophilus	Ilumatobacter	Ilyobacter	Inhella	Intestinibaculum	Intestinimonas	Jonquetella	Kiritimatiella	Kitasatospora	Klebsiella	Kluyvera	Kocuria	Kosakonia	Kroppenstedtia	Kyrpidia	Lachnoanaerobaculum	Lachnoclostridium	Lachnospira	Lacrimispora	Lacticaseibacillus	Lactiplantibacillus	Lactobacillus	Lactococcus	Lancefieldella	Laribacter	Latilactobacillus	Lawsonella	Lawsonia	Leclercia	Legionella	Lelliottia	Lentilactobacillus	Leptolyngbya	Leptospira	Leuconostoc	Liberibacter	Ligilactobacillus	Limnochorda	Limosilactobacillus	Listeria	Loigolactobacillus	Longibaculum	Lysinibacillus	Lysobacter	Mageeibacillus	Magnetococcus	Mahella	Malaciobacter	Mannheimia	Marinithermus	Marinobacterium	Mariprofundus	Massilistercora	Mediterraneibacter	Megamonas	Megasphaera	Melittangium	Methylobacterium	Methylomusa	Microbacterium	Microbulbifer	Microlunatus	Micromonospora	Microvirga	Mobiluncus	Mogibacterium	Monoglobus	Moorella	Moraxella	Murdochiella	Muribaculum	Muricauda	Mycetocola	Myroides	Ndongobacter	Neisseria	Neochlamydia	Niabella	Nissabacter	Nitrosomonas	Nocardia	Nocardioides	Obesumbacterium	Odoribacter	Oecophyllibacter	Oenococcus	Olsenella	Orbus	Oscillatoria	Oscillibacter	Oxalobacter	Oxynema	Paenibacillus	Paeniclostridium	Paludibacter	Panacibacter	Pannonibacter	Pantoea	Parabacteroides	Paraburkholderia	Parachlamydia	Paraclostridium	Paracoccus	Paraprevotella	Parascardovia	Parolsenella	Parvimonas	Pasteurella	Paucibacter	Pauljensenia	Pectinatus	Pectobacterium	Pediococcus	Pelagibaca	Pelagibacterium	Pelobacter	Pelolinea	Pelosinus	Peptacetobacter	Peptoclostridium	Peptoniphilus	Petrocella	Phascolarctobacterium	Phocaeicola	Phoenicibacter	Photorhabdus	Pigmentiphaga	Plesiomonas	Polaromonas	Porphyromonas	Pradoshia	Pragia	Prevotella	Propionibacterium	Propionimicrobium	Proteiniphilum	Proteus	Pseudanabaena	Pseudoalteromonas	Pseudobutyrivibrio	Pseudodesulfovibrio	Pseudomonas	Pseudopedobacter	Pseudopropionibacterium	Rahnella	Ralstonia	Raoultella	Rheinheimera	Rhizobium	Rhodocytophaga	Rhodothermus	Rickettsia	Romboutsia	Roseburia	Roseovarius	Rothia	Rubrobacter	Ruminiclostridium	Ruminococcus	Rummeliibacillus	Ruthenibacterium	Saccharibacillus	Saccharophagus	Salinivibrio	Salmonella	Sanguibacter	Scardovia	Schaalia	Secundilactobacillus	Sedimenticola	Selenomonas	Serratia	Shewanella	Shigella	Slackia	Sodalis	Sorangium	Sphingobacterium	Sphingomonas	Spiroplasma	Sporomusa	Sporosarcina	Stanieria	Staphylococcus	Streptococcus	Succinivibrio	Suicoccus	Sulfurihydrogenibium	Sulfurimonas	Sulfurovum	Sutterella	Synechococcus	Synechocystis	Syntrophobacter	Syntrophomonas	Tannerella	Tatumella	Taylorella	Tenacibaculum	Tenuifilum	Tepidanaerobacter	Tetragenococcus	Thermacetogenium	Thermincola	Thermoanaerobacterium	Thermoclostridium	Thermosipho	Thermosulfidibacter	Thermus	Thiomicrospira	Thiomonas	Tissierella	Tolumonas	Treponema	Trueperella	Turicibacter	Ureibacillus	Vagococcus	Veillonella	Vibrio	Vulgatibacter	Weissella	Wigglesworthia	Wolbachia	Xenorhabdus	Xylophilus	Yersinia	Zunongwangia
ERR1624536	0.0	0.0	0.9086074405229189	0.0	2.153313059359288	0.0	0.0	0.0	0.0	0.23305410389376524	0.0	1.039144219099111	2.028668940263776	1.3048386364159763	0.0	0.0	0.0	0.0	0.0	0.7210988573795155	1.508530363237181	0.0	0.0	0.0	0.0	0.0	0.23305410389376524	0.23305410389376524	1.2563684539784548	0.0	0.23305410389376524	2.4942659675039596	0.0	1.8309827922658488	2.6433748187775215	0.23305410389376524	0.0	0.0	0.0	0.0	0.0	0.0	0.0	0.0	0.0	0.0	0.0	0.0	0.0	0.0	0.0	0.0	2.7143685310511203	0.0	0.0	0.0	0.0	2.9895136837823166	0.0	3.2789503290771824	0.0	0.0	0.0	0.0	0.0	0.0	2.767540206432927	0.0	0.0	0.0	0.0	1.3048386364159763	0.3838973214778868	0.0	0.0	0.0	0.0	0.0	0.0	0.23305410389376524	0.0	0.0	0.0	0.0	0.0	0.4956393835439077	0.0	0.5844345199044976	0.0	0.0	0.0	0.8248952193022141	0.0	0.0	0.3838973214778868	0.0	0.0	0.0	0.5844345199044976	0.0	0.23305410389376524	0.0	0.0	0.6581203670610514	0.0	2.8053547552208897	0.0	0.0	0.0	0.0	0.0	0.0	0.0	0.0	0.0	0.0	0.0	0.0	0.3838973214778868	0.0	0.0	0.0	0.0	0.0	0.0	0.0	0.23305410389376524	0.0	0.0	0.0	0.0	0.0	0.0	0.0	0.0	0.3838973214778868	0.0	0.5844345199044976	0.0	0.0	3.258688275384641	0.0	0.0	0.0	0.0	0.5844345199044976	0.0	0.0	0.23305410389376524	0.0	0.0	0.0	2.121862551920366	0.3838973214778868	0.0	0.0	0.0	0.9450997194342468	0.0	0.0	0.23305410389376524	0.23305410389376524	0.23305410389376524	0.0	3.217336528513811	0.0	0.0	0.0	0.0	0.0	0.0	0.23305410389376524	1.6103704107972479	0.5844345199044976	0.0	0.23305410389376524	0.23305410389376524	0.0	0.3838973214778868	0.0	0.0	0.0	0.0	0.0	0.0	0.0	0.3838973214778868	0.0	0.0	0.0	0.0	0.0	0.0	0.4956393835439077	0.0	0.0	0.0	0.0	0.0	0.0	0.23305410389376524	0.0	0.0	0.0	0.3838973214778868	0.0	0.0	0.0	0.0	0.0	0.0	0.0	0.0	0.0	0.0	2.402125206704326	1.1164045648810714	1.039144219099111	0.0	0.0	0.4956393835439077	0.0	0.0	0.0	0.0	0.0	0.0	0.0	0.23305410389376524	0.0	0.0	0.0	0.0	0.4956393835439077	0.0	0.23305410389376524	0.0	0.23305410389376524	0.0	0.0	2.8320412092694855	0.0	0.0	0.23305410389376524	0.0	0.0	0.0	0.0	0.0	0.0	0.0	0.3838973214778868	0.23305410389376524	0.0	0.23305410389376524	0.0	0.0	0.0	0.0	0.0	0.0	0.0	0.0	0.0	0.6581203670610514	1.1819740624348687	0.0	0.0	0.0	0.0	0.0	0.0	0.0	0.0	0.0	0.0	0.0	0.0	1.8264067975160014	0.0	0.0	0.0	1.4684822421208414	0.0	0.0	0.5844345199044976	0.0	0.0	1.4469823808158986	0.0	0.0	0.0	0.0	0.0	0.0	0.0	0.0	2.811587093568759	0.0	0.0	0.0	0.0	0.0	0.0	0.0	0.0	0.0	0.0	0.0	0.0	0.0	0.0	0.0	0.0	0.0	0.0	0.0	0.0	0.0	0.0	1.9925591964350717	0.0	2.9103582213379546	1.3343858358849126	0.0	0.0	0.0	0.0	0.0	0.0	0.0	2.9515644570292143	0.0	0.0	0.0	0.0	0.0	0.0	1.9136339168105965	0.3838973214778868	0.0	0.23305410389376524	0.0	0.0	0.23305410389376524	0.0	0.0	0.0	0.0	0.0	1.1611984098061274	0.7760906017556369	2.7179263587541116	0.0	0.0	0.0	0.23305410389376524	2.3769714242744735	0.0	0.9787619415419581	0.0	0.8687652036842257	0.0	0.3838973214778868	0.23305410389376524	0.0	0.3838973214778868	0.0	0.0	0.23305410389376524	0.0	0.0	0.0	0.3838973214778868	0.0	0.0	0.0	0.0	0.0	0.0	0.0	0.0	0.0	2.4972209796123233	0.0	0.0	0.23305410389376524	0.0	0.3838973214778868	0.9787619415419581	0.0	0.0	0.0	0.0	0.0	0.0	0.0	0.0	0.0	0.0	0.0	0.0	0.0	0.0	2.126497344552143	0.23305410389376524	0.0	0.0	0.0	0.0	0.0	0.0	0.0	0.0	0.9450997194342468	0.0	0.23305410389376524	0.0	0.0	0.0	0.0	0.0	0.0	0.0	0.0	0.0	0.0
ERR1624537	1.0848445688682637	0.0	0.32546451654746833	0.0	0.0	0.0	0.0	0.0	0.32546451654746833	0.32546451654746833	0.0	0.32546451654746833	1.8794130482444589	0.7374314592230307	0.0	0.0	0.0	0.0	0.0	0.7374314592230307	2.547111692888493	0.0	0.0	0.5094043789379918	1.1229775671705362	0.0	0.0	0.0	1.1580309072579742	0.0	0.32546451654746833	2.196466669582836	0.5094043789379918	1.727868791904761	2.2056167109076155	0.7374314592230307	0.0	0.0	0.0	0.0	0.0	0.0	0.0	0.0	0.0	0.0	0.0	0.0	0.0	0.0	0.0	0.0	2.946235502666875	0.8181436515649951	0.0	0.0	0.0	3.182348549867859	0.0	3.1557587503789897	0.0	0.0	0.0	0.0	0.0	0.7374314592230307	2.6340377788693274	0.0	0.0	0.32546451654746833	0.0	0.0	1.0848445688682637	0.32546451654746833	0.0	0.0	0.0	0.0	0.0	0.0	0.0	0.0	0.0	0.0	1.0430381979030026	0.0	0.0	0.7374314592230307	0.32546451654746833	0.0	0.0	0.0	0.5094043789379918	0.0	0.0	0.0	0.6382148599816723	0.0	0.0	0.0	0.7374314592230307	0.0	0.32546451654746833	1.3676357228838372	0.0	2.592745948402331	1.0848445688682637	0.0	0.0	0.0	0.0	0.0	0.0	0.0	0.0	0.0	0.0	0.0	0.32546451654746833	0.9449885128759768	0.0	0.0	0.0	0.0	0.0	0.0	0.0	0.0	0.0	0.0	0.0	0.0	0.0	0.32546451654746833	0.32546451654746833	0.0	0.0	1.6592507785083983	0.0	0.0	2.7305207656592207	0.0	0.0	0.0	0.0	0.6382148599816723	0.0	0.0	1.4073317122805202	0.0	0.0	0.7374314592230307	1.5647137042691623	0.5094043789379918	0.0	0.0	0.0	0.32546451654746833	0.0	0.0	1.1904650642774335	0.0	0.6382148599816723	0.0	3.1097339769577226	0.0	0.0	0.0	0.0	0.0	0.0	0.0	1.602616383736895	1.3676357228838372	0.0	0.0	0.0	0.0	0.6382148599816723	0.0	0.0	0.8181436515649951	0.0	0.0	0.0	0.0	0.0	0.0	1.4073317122805202	0.0	0.0	0.0	0.0	1.1580309072579742	0.0	0.0	0.0	0.5094043789379918	0.0	0.0	0.0	0.0	0.0	0.0	0.7374314592230307	0.0	0.0	0.5094043789379918	0.32546451654746833	0.0	0.0	0.0	0.0	0.32546451654746833	0.32546451654746833	2.144116637071764	1.892021134655713	1.1580309072579742	0.32546451654746833	0.0	0.0	0.5094043789379918	0.0	0.0	0.0	0.0	0.32546451654746833	0.0	0.0	0.0	0.0	0.0	0.0	0.0	0.0	0.32546451654746833	0.0	0.0	0.0	0.0	2.010865037026727	0.0	0.0	0.0	0.0	0.0	0.0	0.0	0.0	0.32546451654746833	0.0	0.5094043789379918	1.1229775671705362	0.8181436515649951	0.6382148599816723	0.0	0.0	0.0	0.0	0.0	0.0	0.0	0.0	0.9449885128759768	0.6382148599816723	1.1229775671705362	0.0	0.0	0.0	0.0	0.0	0.0	0.8861806795057723	0.0	0.0	0.0	0.0	0.0	1.846192016473088	0.0	0.0	0.0	1.3676357228838372	0.0	0.0	0.0	0.0	0.0	2.2928238112937422	0.5094043789379918	0.0	0.0	0.32546451654746833	0.0	0.0	0.0	0.0	2.2347952707436662	0.0	0.0	0.0	0.0	0.0	0.0	0.0	1.2206443822916853	0.0	0.5094043789379918	0.0	0.0	0.0	0.0	0.0	0.0	0.0	0.0	0.5094043789379918	0.0	0.0	1.1229775671705362	2.1190672311389336	1.2488621005364202	3.131032656492904	0.5094043789379918	0.0	0.0	0.0	0.0	0.32546451654746833	0.0	0.0	2.9895237709478844	0.0	0.5094043789379918	0.0	0.0	0.0	0.0	2.375735239174241	0.5094043789379918	0.0	0.32546451654746833	0.0	0.0	0.32546451654746833	0.0	0.0	0.0	0.0	0.0	0.9967745556334606	2.4072059040593823	2.816128552293494	0.0	0.0	0.0	0.0	2.738556933294486	0.0	1.0430381979030026	0.0	1.0430381979030026	0.0	0.8861806795057723	0.0	0.0	0.5094043789379918	0.0	0.0	0.0	0.0	0.0	0.32546451654746833	0.0	0.0	0.0	0.0	0.0	0.0	0.0	0.0	0.0	0.32546451654746833	3.1644724381170604	0.0	0.0	0.0	0.0	0.32546451654746833	1.7093444853746618	0.0	0.0	0.32546451654746833	0.0	0.0	0.0	0.0	0.0	0.0	0.0	0.0	0.0	0.32546451654746833	0.5094043789379918	1.4437012788502506	0.32546451654746833	0.0	0.32546451654746833	0.0	0.0	0.0	0.0	0.0	0.0	1.8597868641889181	0.0	0.0	0.5094043789379918	0.0	0.0	0.5094043789379918	0.0	0.0	0.0	0.0	0.0	0.0
ERR1624538	0.0	0.0	0.0	1.2100719435242837	0.0	0.0	0.0	0.30421452268254634	0.0	0.30421452268254634	0.0	0.0	1.7137925072163223	1.0850018234659649	0.0	0.0	0.0	0.0	0.0	0.30421452268254634	2.7823096515894994	0.0	0.0	0.0	1.8513539073793281	0.0	0.0	0.0	0.9598878470738149	0.0	0.0	2.1966369257239036	0.30421452268254634	1.5502338875146617	2.010604868595636	1.0850018234659649	0.0	0.0	0.0	0.0	0.0	0.0	0.0	0.0	0.0	0.0	0.0	0.0	0.0	0.4813621226862877	0.0	0.0	3.3413994798390263	1.0057154420334635	0.0	0.0	0.0	1.5859636553693501	0.0	2.9518073154247846	0.0	0.0	0.0	0.0	0.0	0.0	1.8323266395305897	0.0	0.0	0.30421452268254634	0.0	1.0850018234659649	2.2443555598561944	0.0	0.0	0.0	0.0	0.0	0.0	0.0	0.0	0.0	0.0	0.30421452268254634	1.1520236942205588	0.4813621226862877	0.0	0.4813621226862877	0.30421452268254634	0.0	0.0	0.30421452268254634	0.0	0.0	0.0	0.0	0.0	0.0	0.7834458961775367	0.0	0.0	0.30421452268254634	0.4813621226862877	2.6397996776940698	0.0	2.391926220896806	0.0	0.30421452268254634	0.0	0.0	0.0	0.0	0.0	0.0	0.0	0.0	0.0	0.0	0.6068280678206859	0.0	0.0	0.0	0.0	0.0	0.0	0.0	0.0	0.0	0.0	0.8505430169880515	0.0	0.30421452268254634	0.0	0.0	0.0	0.0	0.6068280678206859	0.6068280678206859	0.0	0.0	2.807739630623614	0.0	0.0	0.0	0.0	0.7834458961775367	0.0	0.0	0.4813621226862877	0.0	0.0	0.30421452268254634	1.1820169464135504	0.0	0.0	0.0	0.0	1.1820169464135504	0.6068280678206859	0.0	0.0	0.0	0.0	0.0	3.1285569966382973	0.0	2.5073852616898984	0.0	0.0	0.0	0.0	0.30421452268254634	1.4832570856697935	0.8505430169880515	0.0	0.0	0.0	0.0	0.0	0.0	0.0	0.30421452268254634	0.0	0.0	0.0	0.0	0.0	0.0	0.0	0.0	0.0	0.0	0.0	1.4532788554074314	0.0	0.7040540990172242	0.0	0.0	0.6068280678206859	0.0	0.0	0.0	0.0	0.0	0.4813621226862877	0.0	0.0	0.0	0.0	0.0	0.0	0.0	0.0	0.7834458961775367	0.0	2.455029773248468	1.903893213393146	0.7040540990172242	0.30421452268254634	0.0	2.9935586148843316	0.0	0.0	0.0	0.30421452268254634	0.0	0.30421452268254634	0.0	0.0	0.0	0.0	0.0	0.0	0.0	0.0	0.0	0.0	2.7545226502419515	0.0	0.0	2.0890791761765577	0.0	0.0	0.0	0.0	0.0	0.0	0.0	0.0	0.7040540990172242	0.0	1.0850018234659649	0.7040540990172242	0.0	0.0	0.0	0.0	0.0	0.0	0.0	0.0	0.0	0.0	0.0	0.6068280678206859	0.8505430169880515	0.30421452268254634	0.0	0.0	0.0	0.0	0.0	0.30421452268254634	0.0	0.0	0.0	0.0	0.0	1.7696652367622958	0.0	0.7040540990172242	0.0	1.4532788554074314	0.0	0.0	0.30421452268254634	0.0	0.0	2.471707149385449	0.4813621226862877	0.0	0.0	0.4813621226862877	0.0	0.0	0.0	0.9598878470738149	2.7895241853834043	0.0	0.0	0.0	0.0	0.0	0.0	0.0	0.30421452268254634	0.0	0.0	0.0	0.0	0.0	0.0	0.0	0.0	0.0	0.0	0.0	0.0	0.0	0.30421452268254634	2.218494826910391	0.0	3.080791284555977	1.4975043019172993	0.0	0.0	0.0	0.0	0.0	0.0	0.0	2.480540996419261	0.0	0.0	0.0	0.0	0.0	0.0	2.6468128937697135	0.7834458961775367	0.30421452268254634	0.0	0.0	0.0	0.0	0.0	0.0	0.0	0.0	0.0	0.0	2.4863319553143732	2.4976872445409017	0.0	0.0	0.0	0.0	2.4128613477958645	0.0	1.7915724212901836	0.0	1.0057154420334635	0.0	0.0	0.30421452268254634	0.0	0.8505430169880515	0.0	0.30421452268254634	0.0	0.0	0.0	0.0	0.0	0.0	0.0	0.0	0.0	0.0	0.0	0.0	0.0	0.0	1.639667798300983	0.0	0.0	0.0	0.0	0.6068280678206859	1.7137925072163223	0.30421452268254634	0.0	0.0	0.0	0.30421452268254634	0.0	0.0	1.7843921150111084	0.0	0.0	0.0	0.0	0.8505430169880515	0.9598878470738149	1.7051898642601016	0.0	0.0	0.0	0.0	0.0	0.0	0.0	0.0	0.0	2.575702801773316	0.0	0.0	0.30421452268254634	0.0	0.0	0.0	0.0	0.30421452268254634	0.0	0.0	0.0	0.0
ERR1624539	0.0	0.0	0.0	1.0194506831779413	0.0	0.0	0.0	0.0	0.0	0.9782829972002792	0.0	0.0	2.1432881610443797	1.5327947806851725	0.28909929854216276	0.0	0.0	0.0	0.0	0.0	2.140324841131592	0.0	0.0	0.0	0.0	0.0	0.0	0.0	1.8682150992813773	0.0	0.0	2.025241727517291	0.5840387437388951	1.6752689966444003	2.6624890421808405	0.4611396957941457	0.0	0.0	0.0	0.0	0.28909929854216276	0.0	0.0	0.0	0.0	0.0	0.0	0.0	0.0	0.0	0.0	0.0	2.3063316157988725	0.0	0.0	0.0	0.0	3.0108538101516777	0.0	3.5288415526153822	0.0	0.0	0.0	0.0	0.0	0.8244401803659972	2.3685992633560278	0.28909929854216276	0.0	0.0	0.0	0.0	1.2077118716108668	0.0	0.0	0.0	0.0	0.0	0.0	0.0	0.28909929854216276	0.0	0.0	0.28909929854216276	0.0	0.0	0.0	0.0	0.0	0.0	0.0	0.0	0.0	0.0	0.7580806893966586	0.0	0.0	0.0	0.6797203294882582	0.0	0.0	0.0	0.4611396957941457	3.088760734116064	0.0	3.089764066063541	0.0	0.0	0.0	0.0	0.0	1.2077118716108668	0.0	0.0	0.28909929854216276	0.0	0.28909929854216276	0.0	0.0	1.2324543965161154	0.0	0.0	0.0	0.0	0.0	0.0	1.1237034997147999	0.28909929854216276	0.0	0.0	0.0	0.0	0.0	0.0	0.0	0.28909929854216276	0.0	0.8244401803659972	0.0	0.0	1.2558629532267689	0.0	0.0	0.0	0.0	1.3193539310976736	0.0	0.0	2.4630209991158125	0.0	0.0	0.28909929854216276	1.4238474548785476	0.0	0.0	0.0	0.0	1.4390568360494222	0.28909929854216276	0.0	0.7580806893966586	0.4611396957941457	0.28909929854216276	0.28909929854216276	2.5073536745334697	0.0	0.0	0.0	0.0	0.0	0.0	0.0	2.2038355014954125	1.3917309926838235	0.28909929854216276	0.0	0.28909929854216276	0.0	0.8244401803659972	0.0	0.0	1.5205800426576042	0.0	0.0	0.0	0.0	0.4611396957941457	0.0	0.0	0.0	0.0	0.0	0.0	0.9782829972002792	0.0	0.28909929854216276	0.0	0.0	0.28909929854216276	0.0	0.0	0.0	0.0	0.0	1.0194506831779413	0.0	0.0	0.0	0.0	0.0	0.0	0.0	0.0	0.8244401803659972	0.0	2.34326428333183	1.3193539310976736	0.7580806893966586	0.0	0.0	0.0	0.5840387437388951	0.28909929854216276	0.0	0.0	0.0	0.0	0.0	0.0	0.0	0.0	0.28909929854216276	0.0	0.0	0.0	0.0	0.0	0.0	0.0	0.0	1.8150111689718265	0.0	0.0	0.0	0.0	0.0	0.0	0.0	0.0	0.6797203294882582	0.0	1.2558629532267689	1.567503794522467	0.0	0.7580806893966586	0.0	0.0	0.0	0.0	0.0	0.0	0.0	0.0	0.28909929854216276	0.28909929854216276	1.5891919627128868	0.0	0.0	0.0	0.0	0.0	0.0	0.28909929854216276	0.0	0.0	0.0	0.0	0.0	2.236009670434149	0.0	0.0	0.0	0.0	1.0570516556645442	0.0	0.0	0.0	0.0	2.0798011955156284	0.0	0.0	0.0	0.8244401803659972	0.0	0.0	0.0	0.0	1.9303204962346847	0.0	0.4611396957941457	0.4611396957941457	0.0	0.6797203294882582	0.0	0.0	0.28909929854216276	0.0	0.0	0.28909929854216276	0.0	0.0	0.0	0.0	0.0	0.0	0.0	0.0	0.0	0.0	0.5840387437388951	3.179393919120055	1.6484285811636978	2.45155598037025	0.0	0.0	0.0	0.0	0.0	0.28909929854216276	0.0	0.0	1.6922832149106692	0.0	0.28909929854216276	0.0	0.0	0.28909929854216276	0.0	2.1718597001217037	0.28909929854216276	0.0	0.0	0.28909929854216276	0.0	0.0	0.0	0.0	0.0	0.0	0.0	0.9782829972002792	2.827706171369537	2.3203064338267563	0.0	0.28909929854216276	0.0	0.0	2.190797132719524	0.0	1.7396584099883285	0.0	1.0916549699636382	0.0	0.7580806893966586	0.28909929854216276	0.0	1.2077118716108668	0.0	0.0	0.0	0.0	0.0	0.0	0.28909929854216276	0.0	0.0	0.0	0.0	0.5840387437388951	0.0	0.0	0.0	0.0	2.3395212666776874	0.0	0.0	0.0	0.0	0.0	0.28909929854216276	0.0	0.0	0.0	0.0	0.0	0.0	0.0	0.0	0.0	0.0	0.0	0.0	0.28909929854216276	1.2992042660030931	1.5205800426576042	0.0	0.0	0.28909929854216276	0.0	0.0	0.0	0.0	2.3123759690800445	0.0	2.765422680123942	0.0	0.0	0.0	0.0	0.0	0.28909929854216276	0.0	0.28909929854216276	0.0	0.0	0.0	0.0
ERR1624540	0.0	0.0	0.0	0.726420490770936	0.0	0.0	0.0	0.0	0.0	0.500115465208161	0.0	3.3150665408153928	1.8464595430211947	0.3183887795407469	0.0	0.0	0.0	0.0	0.3183887795407469	0.0	1.0307629402135572	0.0	0.3183887795407469	0.0	0.726420490770936	0.0	0.0	0.0	1.4800371418404117	0.0	0.0	2.49483482756608	0.0	1.6667564864790922	1.8786802553752877	0.0	0.0	0.0	0.0	0.0	0.0	0.0	0.0	0.0	0.0	0.0	0.0	0.0	0.0	0.0	0.0	0.0	1.7969132965917	0.0	0.0	0.0	0.500115465208161	2.9032377814738033	0.0	3.552685923416938	0.0	0.0	0.0	0.0	0.0	0.0	2.818613833463179	0.0	0.0	0.0	0.0	0.3183887795407469	0.3183887795407469	0.0	0.0	0.0	0.0	0.0	0.0	0.0	0.3183887795407469	0.0	0.0	0.0	0.3183887795407469	0.0	0.0	0.500115465208161	0.0	0.0	0.0	0.500115465208161	0.0	0.0	0.8744444496944396	0.0	0.3183887795407469	0.0	0.0	0.0	0.0	0.0	0.0	1.6129712265913918	0.0	3.107007380491791	0.0	0.0	0.0	0.0	0.0	0.0	0.0	0.0	0.0	0.0	0.3183887795407469	0.0	0.0	1.41289484312101	0.0	0.0	0.0	0.0	0.0	0.0	0.0	0.0	0.0	0.0	0.0	0.0	0.0	0.0	0.0	0.0	0.0	1.4306783614986551	0.0	0.0	0.726420490770936	0.0	0.0	0.0	0.0	0.500115465208161	0.0	0.0	2.2185276480942537	0.0	0.0	0.0	1.564564941276992	0.500115465208161	0.0	0.0	0.0	0.500115465208161	0.500115465208161	0.0	0.0	0.3183887795407469	0.500115465208161	0.0	2.947294232844464	0.0	0.9330271793206373	0.0	0.0	0.0	0.0	0.0	0.984638644411324	0.3183887795407469	0.0	0.0	0.0	0.0	0.500115465208161	0.0	0.0	0.0	0.0	0.3183887795407469	0.0	0.0	1.7146087358827642	0.0	0.8067086976491924	0.0	0.0	0.0	0.0	0.8067086976491924	0.0	0.3183887795407469	0.0	0.62784472815602	0.3183887795407469	0.0	0.0	0.0	0.0	0.0	0.0	0.0	0.0	0.0	0.0	0.0	0.0	0.0	0.3183887795407469	0.0	0.3183887795407469	2.1510715463383634	1.9527336587172601	0.8744444496944396	0.500115465208161	0.0	1.2361186083146036	0.500115465208161	0.0	0.0	0.0	0.0	0.0	0.0	0.3183887795407469	0.0	0.0	0.0	0.3183887795407469	0.0	0.0	0.0	0.62784472815602	0.500115465208161	0.0	0.0	0.984638644411324	0.0	0.0	0.0	0.0	0.0	0.0	0.0	0.0	0.0	0.0	0.62784472815602	0.3183887795407469	0.0	1.7738171522451898	0.0	0.0	0.0	0.0	0.0	0.0	0.0	0.0	0.0	0.3183887795407469	0.3183887795407469	0.0	0.0	0.0	0.0	0.726420490770936	0.0	0.0	0.0	0.0	0.0	0.0	0.0	1.6565191552309309	0.0	0.0	0.0	0.0	0.0	0.0	2.592668412679426	0.0	0.0	1.2079527598262487	0.8067086976491924	0.0	0.0	0.0	0.0	0.0	0.0	0.0	1.6460346685203004	0.3183887795407469	0.0	0.0	0.0	1.686534452632671	0.0	1.4953175475671672	0.0	0.0	0.0	0.0	0.0	0.0	0.0	0.0	0.0	0.0	0.0	1.8188429429700075	0.0	0.0	0.0	0.984638644411324	0.0	1.8259134674480715	2.692943337560494	0.0	0.0	0.0	0.3183887795407469	0.0	0.0	0.0	1.9201155163871573	0.0	0.0	0.0	0.0	0.0	0.0	1.740977870327461	0.0	0.0	0.0	0.500115465208161	0.0	0.62784472815602	0.0	0.0	0.0	0.0	0.0	0.3183887795407469	2.10565469913365	2.626143310848503	0.0	0.500115465208161	0.0	0.0	1.6565191552309309	0.0	0.984638644411324	0.0	0.726420490770936	0.0	0.0	0.0	0.0	0.984638644411324	0.0	0.0	1.564564941276992	0.0	0.0	0.0	1.853097764681458	0.0	0.0	0.0	0.0	0.3183887795407469	0.0	0.0	0.500115465208161	0.3183887795407469	3.1773539057034474	0.0	0.0	0.0	0.0	0.3183887795407469	0.726420490770936	0.0	0.0	0.0	0.0	0.0	0.0	0.0	0.3183887795407469	0.0	0.0	0.0	0.0	0.0	0.3183887795407469	2.226964933993344	0.0	0.0	0.0	0.0	0.0	0.0	0.3183887795407469	0.0	0.0	0.0	0.0	0.0	1.1454671303196782	0.0	0.0	0.0	0.0	0.0	0.0	0.0	0.0	0.0
ERR1624541	0.27374232413701666	0.0	0.27374232413701666	0.27374232413701666	0.0	0.0	0.0	0.0	0.5604573786662685	0.5604573786662685	0.0	2.753247564331884	2.3735706105661087	1.343937119521775	0.0	0.0	0.0	0.0	0.0	0.0	1.8685902224937796	0.0	0.5604573786662685	0.0	0.0	0.0	0.0	0.9904285953305725	1.5134210575364109	0.0	0.27374232413701666	2.5235365500981164	0.27374232413701666	1.9775755806670776	2.4649139447660464	0.0	0.0	0.0	0.0	0.0	0.0	0.0	0.0	0.0	0.0	0.0	0.0	0.27374232413701666	0.0	0.0	0.0	0.0	2.487834578900255	0.0	0.0	0.0	0.0	3.114776240606949	0.0	3.512164453853491	0.0	0.0	0.0	0.0	0.0	0.0	2.5792176273994283	0.27374232413701666	0.0	0.0	0.0	0.0	0.0	0.0	0.0	0.0	0.0	0.0	0.0	1.0940036500565304	0.0	0.27374232413701666	0.0	0.0	0.0	0.0	0.0	0.9904285953305725	0.27374232413701666	0.0	0.0	0.0	0.0	0.0	0.27374232413701666	0.0	0.0	0.0	0.0	0.0	0.0	0.0	0.8541489853371421	2.171837439010052	0.0	3.0768582518229466	0.0	0.0	0.0	0.0	0.0	0.0	0.0	0.0	0.0	0.0	1.2887463962119492	0.0	0.27374232413701666	0.0	0.0	0.0	0.0	0.0	0.0	0.0	0.0	0.0	0.0	0.0	0.0	0.27374232413701666	0.0	0.0	0.0	0.0	0.8541489853371421	0.27374232413701666	0.0	0.0	0.4403429061841456	0.0	0.0	0.0	0.0	0.731670181784278	0.0	0.0	1.3608782951656604	0.0	0.0	0.27374232413701666	1.635018051024691	0.0	0.0	0.0	0.0	1.2887463962119492	0.4403429061841456	0.0	0.0	0.27374232413701666	0.0	0.27374232413701666	3.3227437813327887	0.0	0.0	0.0	0.0	0.0	0.0	0.0	1.3608782951656604	0.7972130019921462	0.0	0.0	0.0	0.0	0.5604573786662685	0.0	0.0	0.0	0.0	0.0	0.0	0.0	0.4403429061841456	0.0	0.4403429061841456	0.0	0.0	0.0	0.0	0.7972130019921462	0.0	0.4403429061841456	0.0	0.5604573786662685	0.0	0.0	0.0	0.0	0.0	0.0	0.0	0.0	0.0	0.0	0.27374232413701666	0.0	0.0	0.0	0.0	0.0	0.0	2.3036929022518193	0.731670181784278	0.5604573786662685	0.0	0.0	0.4403429061841456	0.9495763224982823	0.0	0.0	0.0	0.0	0.0	0.0	0.0	0.0	0.0	0.0	0.0	0.27374232413701666	0.0	0.0	0.0	0.4403429061841456	0.0	0.0	0.7972130019921462	0.0	0.0	0.0	0.0	0.0	0.0	0.0	0.0	0.27374232413701666	0.0	0.9044784239774941	1.83086673577331	2.9774758857466757	2.827901871079383	0.0	0.0	0.0	0.0	0.0	0.0	0.0	0.0	0.0	0.27374232413701666	0.0	0.0	0.0	0.0	0.0	0.0	0.0	0.0	0.0	0.0	0.0	0.0	0.27374232413701666	0.0	0.0	0.0	0.0	0.4403429061841456	0.0	0.0	0.0	0.0	0.0	0.5604573786662685	0.0	0.0	0.27374232413701666	0.5604573786662685	0.0	0.0	0.0	0.0	2.10237504709542	0.0	0.0	0.0	0.0	0.0	0.0	0.0	0.0	0.0	0.27374232413701666	0.0	0.0	0.0	0.0	0.0	0.0	0.0	0.0	0.0	0.0	0.0	0.0	0.0	2.392515093213868	2.4165536806999723	0.0	0.0	0.0	0.0	0.0	0.0	0.0	0.0	0.27374232413701666	0.0	0.0	0.0	0.0	0.0	0.0	1.6928567507633254	0.0	0.27374232413701666	0.0	0.0	0.0	0.27374232413701666	0.0	0.0	0.0	0.0	0.0	0.27374232413701666	2.3365352166654483	2.6093055392353013	0.0	0.27374232413701666	0.0	0.0	2.5669871533047797	0.0	0.6544468990043543	0.27374232413701666	1.6169719858694565	0.0	0.0	0.0	0.0	1.0277662983617772	0.0	0.0	0.0	0.0	0.0	0.0	1.7507145620336322	0.0	0.0	0.0	0.0	0.27374232413701666	0.0	0.0	0.0	0.0	1.5981434276960265	0.0	0.0	0.0	0.0	0.0	1.3263081744545564	0.0	0.0	0.0	0.0	0.0	0.0	0.27374232413701666	0.0	0.0	0.0	0.0	0.0	0.0	0.0	1.9032972583777603	0.0	0.0	0.0	0.0	0.0	0.0	0.0	0.0	0.0	0.8541489853371421	0.0	0.0	0.27374232413701666	0.0	0.0	0.0	0.0	0.0	0.0	0.0	0.0	0.0
ERR1624542	0.0	0.0	0.0	0.19198601591340528	0.0	0.0	0.0	0.0	0.0	0.324659173445719	0.0	0.0	1.785606537313562	0.7783856901313855	0.0	0.0	0.0	0.0	0.0	0.5083495165890171	1.630363436265603	0.0	0.19198601591340528	0.0	0.0	0.0	0.0	0.324659173445719	1.5429603905869476	0.0	0.19198601591340528	2.1044626151202865	0.0	0.8168479144151354	2.268493623279197	0.5774432727715567	0.0	0.0	0.0	0.0	0.4261445739465204	0.0	0.0	0.0	0.0	0.0	0.0	0.0	0.19198601591340528	0.19198601591340528	0.0	0.0	2.847716462522555	0.19198601591340528	0.0	0.0	0.0	2.611767902949078	0.0	3.40099183751455	0.0	0.0	0.0	0.0	0.0	0.324659173445719	2.6512354422693525	0.0	0.0	0.4261445739465204	0.19198601591340528	0.5774432727715567	0.0	0.0	0.19198601591340528	0.0	0.0	0.0	0.0	0.324659173445719	0.0	0.0	0.0	0.0	0.0	0.19198601591340528	0.0	0.637038508000548	0.0	0.0	0.0	0.0	0.0	0.0	1.3338274864547395	0.0	0.0	0.0	0.5774432727715567	0.0	0.19198601591340528	0.0	0.4261445739465204	1.3108428704711512	0.5774432727715567	2.777143384195646	0.0	0.0	0.0	0.0	0.0	0.0	0.0	0.0	0.324659173445719	0.0	0.19198601591340528	0.0	1.3224872155455918	0.8521792284955998	0.0	0.0	0.0	0.0	0.0	0.0	1.7218118050691846	0.0	0.0	0.0	0.0	0.4261445739465204	0.0	0.0	0.0	0.19198601591340528	0.0	0.19198601591340528	0.0	0.0	0.19198601591340528	0.0	0.0	0.324659173445719	0.0	1.2043837184757602	0.0	0.0	1.7441342765390964	0.0	0.0	0.5083495165890171	0.637038508000548	0.0	0.0	0.0	0.5083495165890171	0.9436338553000704	0.324659173445719	0.0	1.4058632329040763	0.324659173445719	0.5083495165890171	0.0	2.6064230295709514	0.0	0.4261445739465204	0.324659173445719	0.0	0.0	0.0	0.0	1.8412193366604719	0.7361832271170842	0.0	0.0	0.0	0.0	0.0	0.0	0.0	0.0	0.0	0.0	0.0	0.0	1.4152438441420379	0.19198601591340528	0.0	0.0	0.19198601591340528	0.0	0.0	0.9702879572249083	0.0	0.19198601591340528	0.0	0.0	0.0	0.0	0.0	0.0	0.0	0.19198601591340528	0.4261445739465204	0.0	0.0	0.5083495165890171	0.7361832271170842	0.0	0.0	0.0	0.0	0.4261445739465204	0.0	1.9619629431682524	0.8521792284955998	0.19198601591340528	0.324659173445719	0.0	0.6894339531874896	0.0	0.0	0.0	0.324659173445719	0.0	0.0	0.0	0.19198601591340528	0.0	0.0	0.19198601591340528	0.0	0.0	0.0	0.19198601591340528	0.0	0.4261445739465204	0.0	0.0	1.940351637440498	0.0	0.0	0.0	0.0	0.0	0.0	0.0	0.0	0.324659173445719	0.0	0.4261445739465204	1.4152438441420379	0.0	0.0	0.0	0.0	0.0	0.0	0.0	0.0	0.0	0.0	0.0	1.1394400765253625	1.3224872155455918	0.0	0.0	0.0	0.0	0.0	0.0	0.9954003706674224	0.0	0.0	0.0	0.0	0.324659173445719	2.1212185290151786	0.0	0.0	0.0	0.324659173445719	0.19198601591340528	0.0	0.324659173445719	0.0	0.0	1.7397606285014033	0.0	0.0	0.0	0.0	0.0	0.0	0.0	0.0	1.3764407491941124	0.0	0.0	0.0	0.0	0.9436338553000704	0.0	0.0	0.0	0.0	0.0	0.0	0.0	0.324659173445719	0.0	0.0	0.0	0.0	0.0	0.0	0.0	0.0	0.0	2.84045672762508	1.1215644950996944	2.146062522858485	0.0	0.0	0.0	0.0	0.0	0.324659173445719	0.0	0.0	0.324659173445719	0.0	0.0	0.0	0.0	0.0	0.19198601591340528	1.8161498007395067	0.19198601591340528	0.0	0.0	0.0	0.0	0.19198601591340528	0.0	0.0	0.0	0.0	0.0	1.3448791607418018	1.041648431336203	2.422432181221818	0.0	0.0	0.0	0.0	2.191854708419027	0.0	1.3556565634963471	0.19198601591340528	0.8848512112079387	0.0	1.1731247130231577	0.0	0.0	0.0	0.0	0.0	0.0	0.19198601591340528	0.0	0.324659173445719	0.19198601591340528	0.0	0.0	0.0	0.0	0.0	0.0	0.0	0.0	0.0	3.8162941273082245	0.0	0.0	0.0	0.0	1.4152438441420379	0.19198601591340528	0.0	0.0	0.0	0.0	0.0	0.0	0.0	0.0	0.0	0.0	0.0	0.0	0.19198601591340528	0.8168479144151354	0.7361832271170842	0.0	0.0	0.0	0.0	0.0	0.0	0.0	0.19198601591340528	0.0	0.19198601591340528	0.0	0.19198601591340528	0.19198601591340528	0.0	0.0	0.0	0.0	0.0	0.0	0.0	0.0	0.0
ERR1624543	0.0	0.0	0.0	0.0	0.6063160135491005	0.24547516613184825	0.0	0.0	0.0	0.401348156581747	0.0	0.0	2.716617646063211	1.093341838978492	0.0	0.24547516613184825	0.0	0.0	0.0	0.0	2.4938452493771814	0.0	0.0	0.0	0.0	0.0	0.0	0.0	1.4286988967500176	0.0	0.6063160135491005	2.3611879496717116	0.24547516613184825	2.0489768146674954	2.5738519890939098	0.24547516613184825	0.0	0.0	0.0	0.0	0.0	0.0	0.0	0.0	0.0	0.0	0.0	0.0	0.0	0.5158134735605329	0.0	0.0	2.941166213933154	0.9711982775775816	0.0	0.0	0.0	2.1994494788959345	0.0	3.2296769289050546	0.0	0.0	0.0	0.0	0.0	1.4526224383159603	1.86442541672827	0.24547516613184825	0.0	0.401348156581747	0.0	0.401348156581747	1.1191756385675402	0.0	0.0	0.0	0.5158134735605329	0.0	0.0	0.0	0.0	0.0	0.0	0.0	0.6811724818174758	0.5158134735605329	0.0	0.8006439707403841	0.24547516613184825	0.0	0.0	0.0	0.0	0.0	0.7450035625996029	0.0	0.0	0.0	0.8006439707403841	0.0	0.0	0.24547516613184825	0.6811724818174758	2.736437291255562	0.0	2.732789351099966	0.0	0.0	0.5158134735605329	0.0	0.0	0.401348156581747	0.0	0.0	0.0	0.0	0.24547516613184825	0.0	1.4033802808711664	0.0	0.0	0.0	0.0	0.0	0.0	0.0	0.0	0.0	0.0	0.8006439707403841	0.0	0.8942402906409812	0.0	0.0	0.0	0.0	0.0	1.9388339610737126	0.0	0.0	0.8006439707403841	0.0	0.0	1.1191756385675402	0.0	0.6811724818174758	0.0	0.0	1.4033802808711664	0.0	0.0	0.0	1.4286988967500176	0.7450035625996029	0.0	0.0	0.0	0.6811724818174758	0.8499586748890946	0.0	1.0658735914811124	0.24547516613184825	0.24547516613184825	0.6063160135491005	3.318685850581427	0.0	0.0	0.0	0.0	0.24547516613184825	0.401348156581747	0.0	1.6235779225344191	1.390145048148883	0.0	0.0	0.24547516613184825	0.0	0.5158134735605329	0.0	0.0	0.9711982775775816	0.0	0.0	0.0	0.0	0.0	0.0	0.9711982775775816	0.0	0.0	0.0	0.0	1.093341838978492	0.0	0.5158134735605329	0.0	0.5158134735605329	0.401348156581747	0.0	0.0	0.0	0.0	0.0	1.143558624209627	0.0	0.0	0.24547516613184825	0.24547516613184825	0.0	0.0	0.0	0.0	0.8006439707403841	0.24547516613184825	2.5135038689116134	2.56495796117809	1.3171446822103445	0.6063160135491005	0.0	1.79090302964668	0.0	0.0	0.0	0.0	0.0	0.0	0.0	0.0	0.0	0.0	0.0	0.0	0.0	0.0	0.0	1.0051022444500584	2.4765711989369623	0.0	0.0	2.0215993275697315	0.0	0.0	0.5158134735605329	0.0	0.0	0.0	0.0	0.0	0.401348156581747	0.0	0.7450035625996029	0.6063160135491005	0.0	0.0	0.0	0.0	0.0	0.0	0.0	0.0	0.0	0.0	0.0	0.6063160135491005	1.0051022444500584	0.0	0.0	0.0	0.0	0.0	0.0	0.8499586748890946	0.0	0.0	0.0	0.0	0.0	2.0964067346631543	0.0	0.0	0.0	1.3171446822103445	0.401348156581747	0.0	1.143558624209627	0.0	0.0	2.5577092231187386	0.401348156581747	0.0	0.0	0.5158134735605329	0.0	0.0	0.0	0.401348156581747	2.7241564043849107	0.0	0.24547516613184825	0.401348156581747	0.0	0.0	0.0	0.0	0.0	0.0	0.0	0.0	0.0	0.0	0.0	0.0	0.0	0.0	0.0	2.6843996208638266	0.0	0.0	0.0	2.31098898173243	0.401348156581747	3.1138031132766715	0.401348156581747	0.0	0.0	0.0	0.0	0.24547516613184825	0.0	0.0	2.4457666498647974	0.0	0.0	0.0	0.0	0.0	0.6063160135491005	2.811327409425055	0.401348156581747	0.0	0.8006439707403841	0.0	0.0	0.0	0.0	0.0	0.0	0.0	0.0	0.7450035625996029	2.4337792689211515	2.1016609101910277	0.0	0.24547516613184825	0.0	0.0	2.4374103523855046	0.0	1.5648181870454954	0.0	1.6075847293710193	0.0	0.6063160135491005	0.0	0.0	0.24547516613184825	0.0	0.0	0.0	0.0	0.0	0.0	1.0365500277744253	0.0	0.401348156581747	0.0	0.0	0.24547516613184825	0.0	0.0	1.0051022444500584	0.401348156581747	2.3173918811447147	0.0	0.0	0.0	0.0	0.6811724818174758	1.6313589475034747	0.0	0.0	0.0	0.0	0.0	0.0	0.0	0.24547516613184825	0.0	0.0	0.0	0.0	0.0	0.8499586748890946	1.9388339610737126	0.0	0.0	0.24547516613184825	0.0	0.0	0.0	0.0	0.24547516613184825	0.0	1.9537704132541045	0.0	0.0	0.6811724818174758	0.0	0.0	0.0	0.0	0.0	0.0	0.0	0.0	0.0
ERR1624544	0.0	0.0	0.0	0.8595774434859986	0.0	0.0	0.0	0.3776831588444851	0.0	0.0	0.0	0.22866592115751744	2.026702010101105	0.5765877755994513	0.0	0.0	0.0	0.0	0.0	1.3902847319902847	2.666468689505062	0.0	0.3776831588444851	0.0	0.22866592115751744	0.0	0.3776831588444851	0.22866592115751744	1.4582055695934109	0.0	0.3776831588444851	1.9913363712095482	0.0	1.1918346605881842	2.8763621247254965	1.1295168143827303	0.0	0.0	0.0	0.0	0.4884244739043726	0.0	0.0	0.0	0.0	0.0	0.0	0.0	0.0	0.0	0.0	0.0	2.600757388647097	0.712498989166164	0.0	0.0	0.0	2.5767074925220665	0.0	3.1368590891317676	0.0	0.0	0.0	0.0	0.0	1.3242415614241696	2.32568520625969	0.0	0.0	0.5765877755994513	0.0	0.9692490259206452	1.4885578012876264	0.0	0.0	0.0	0.6498384557228556	0.0	0.0	0.6498384557228556	0.22866592115751744	0.0	0.0	0.0	0.4884244739043726	0.0	0.0	0.5765877755994513	0.4884244739043726	0.22866592115751744	0.0	0.22866592115751744	0.0	0.0	0.8595774434859986	0.0	0.0	0.0	0.22866592115751744	0.0	0.0	0.0	0.0	2.5469973426694996	0.0	2.1700369023410135	0.0	0.0	0.0	0.0	0.0	0.3776831588444851	0.0	0.0	0.0	0.0	0.8595774434859986	0.0	0.22866592115751744	0.0	0.0	0.0	0.0	0.0	0.0	0.0	1.8250255211915625	0.0	0.0	0.6498384557228556	0.0	0.0	0.0	0.4884244739043726	0.0	0.0	1.1295168143827303	2.072334119025136	0.0	0.0	2.684263806386189	0.0	0.0	0.0	0.0	0.5765877755994513	0.0	0.0	1.6823831595477945	0.0	0.0	0.4884244739043726	1.5923646712145234	0.8992923225805785	0.0	0.0	0.22866592115751744	0.712498989166164	0.0	0.0	1.246322231759254	0.22866592115751744	0.22866592115751744	0.0	2.976028683709737	0.0	0.4884244739043726	0.22866592115751744	0.0	0.0	0.3776831588444851	0.0	1.4023684022708856	1.0823745363699446	0.0	0.0	0.22866592115751744	0.0	0.712498989166164	0.0	0.0	2.0541212667296795	0.0	0.3776831588444851	0.3776831588444851	0.0	1.0004103980415728	0.0	1.151298244762014	0.0	0.3776831588444851	0.0	0.0	0.8992923225805785	0.0	0.22866592115751744	0.0	0.5765877755994513	0.22866592115751744	0.0	0.0	0.0	0.0	0.0	0.3776831588444851	0.0	0.0	0.22866592115751744	0.3776831588444851	0.0	0.0	0.0	0.0	1.1295168143827303	0.0	2.05677033388929	1.833939656571694	1.0294847970881167	0.0	0.0	1.6074871021918307	1.8759563689757444	0.3776831588444851	0.0	0.0	0.0	0.22866592115751744	0.0	0.0	0.0	0.0	0.0	0.0	0.0	0.3776831588444851	0.0	0.0	0.5765877755994513	0.0	1.4786742264169834	2.4603106230768885	0.0	0.0	0.0	0.0	0.0	0.0	0.0	1.0294847970881167	0.0	0.0	0.712498989166164	0.4884244739043726	0.0	0.0	0.0	0.0	0.0	0.0	0.0	0.0	0.0	0.0	0.0	0.8992923225805785	1.1065850181007284	0.0	0.0	0.0	0.0	0.0	0.0	0.0	0.0	0.22866592115751744	0.0	0.0	0.22866592115751744	1.7724312570939782	0.0	0.0	0.0	1.2289083718018954	0.22866592115751744	0.0	0.22866592115751744	0.0	0.22866592115751744	2.389074428210098	1.0004103980415728	0.0	0.0	0.22866592115751744	0.0	0.0	0.0	0.22866592115751744	2.3067962555543247	0.0	0.0	0.0	0.0	1.5923646712145234	0.0	0.0	0.0	0.0	0.0	0.0	0.0	0.22866592115751744	0.0	0.0	0.0	0.0	0.0	0.22866592115751744	0.0	0.0	0.0	2.3313356937846192	0.0	3.0414532516360135	0.22866592115751744	0.0	0.0	0.0	0.3776831588444851	0.22866592115751744	0.0	0.0	2.2823606163493397	0.0	0.22866592115751744	0.0	0.0	0.0	0.0	2.2181395784673352	0.0	0.0	0.0	0.0	0.0	0.0	0.0	0.0	0.22866592115751744	0.3776831588444851	0.0	1.056734304394241	1.8759563689757444	2.4476123776094574	0.0	0.8158618411201805	0.0	0.0	2.5487023228163905	0.5765877755994513	1.3778552035494291	0.0	1.1720392323600115	0.0	0.7672482522663759	0.0	0.0	0.8992923225805785	0.0	0.0	0.0	0.0	0.0	0.22866592115751744	0.22866592115751744	0.0	0.712498989166164	0.0	0.22866592115751744	0.5765877755994513	0.0	0.0	0.3776831588444851	0.0	3.6031668050884296	0.0	0.0	0.0	0.0	0.8595774434859986	1.210766997541354	0.0	0.0	0.0	0.0	0.3776831588444851	0.0	0.0	0.0	0.0	0.0	0.0	0.0	0.22866592115751744	1.3382781218013584	1.7297368995302504	0.0	0.22866592115751744	0.0	0.0	0.0	0.0	0.0	1.5348593187685717	0.0	2.1205199825969294	0.0	0.0	1.246322231759254	0.0	0.0	0.0	0.0	0.0	0.0	0.0	0.0	0.0
ERR1624545	0.7120948788915064	0.0	0.0	0.7120948788915064	0.0	0.0	0.0	0.0	0.0	0.0	0.0	0.9688015171542257	1.1290526911338326	0.0	0.0	0.0	0.0	0.0	0.0	0.0	0.7120948788915064	0.0	0.0	0.0	0.0	0.0	0.0	0.0	0.9688015171542257	0.0	0.0	1.2458493298891702	0.0	0.7120948788915064	1.628737469549491	0.0	0.0	0.0	0.0	0.0	0.0	0.0	0.0	0.0	0.0	0.0	0.0	0.0	0.0	0.0	0.0	0.0	1.8549615861039535	0.0	0.0	0.0	0.0	1.7062136234332073	0.0	2.053624345241857	0.0	0.0	0.0	1.3377997915279867	0.0	0.0	0.9688015171542257	0.0	0.0	0.0	0.0	0.0	0.0	0.0	0.0	1.1290526911338326	0.0	0.0	0.0	1.5343726081255187	0.0	0.0	0.0	0.0	0.0	0.0	0.0	0.0	0.0	0.0	0.0	0.9688015171542257	0.0	0.0	0.9688015171542257	0.0	0.0	0.0	0.0	0.0	2.0373815380446643	0.0	0.0	1.1290526911338326	0.0	1.413642922857094	0.0	0.0	0.0	0.0	0.0	0.0	0.0	0.0	0.0	0.0	0.0	1.7719383784090774	0.0	0.0	0.7120948788915064	0.0	0.0	0.0	0.0	0.0	0.0	0.0	0.0	0.0	0.0	0.0	0.0	0.0	0.0	0.0	0.0	0.7120948788915064	0.0	0.0	1.413642922857094	1.5343726081255187	0.0	0.0	0.0	0.0	0.0	0.0	1.2458493298891702	0.0	0.0	2.640589031329448	0.0	3.200742033904992	0.0	0.0	1.4781895376242309	0.7120948788915064	0.0	0.0	3.322762145832376	0.7120948788915064	0.0	0.0	1.9455752036980751	0.0	0.0	0.0	0.0	0.0	0.0	0.0	0.9688015171542257	0.0	0.0	0.7120948788915064	0.0	0.0	0.0	0.0	0.7120948788915064	0.7120948788915064	0.0	0.0	0.0	0.0	0.0	0.0	0.0	0.0	0.0	0.0	0.0	0.0	0.0	0.0	0.0	0.0	0.0	0.0	0.0	0.0	0.0	0.0	0.0	0.0	0.0	0.0	3.135918634596847	0.0	0.0	0.0	0.0	0.0	0.0	0.0	0.7120948788915064	0.0	2.084393775092807	0.0	1.8014118234859526	1.1290526911338326	0.0	0.0	0.0	0.0	0.0	1.413642922857094	0.0	1.7062136234332073	0.0	0.0	0.0	2.471133611132787	0.0	0.0	0.0	0.0	0.0	0.0	1.2458493298891702	0.0	0.0	0.0	0.0	0.0	0.0	0.0	0.0	0.0	0.0	0.0	0.0	0.0	0.7120948788915064	0.0	0.0	0.0	0.0	0.0	0.0	0.0	0.0	0.0	0.0	0.0	0.0	0.0	0.0	0.0	0.0	0.0	0.0	0.0	0.0	0.0	0.0	2.3018192255730296	0.7120948788915064	0.0	0.0	0.7120948788915064	0.0	0.0	0.0	0.0	0.0	0.0	1.3377997915279867	0.0	0.0	0.0	0.0	0.0	0.0	0.0	2.2441368153808003	1.413642922857094	0.7120948788915064	0.0	0.0	0.0	0.0	0.0	0.0	0.0	0.0	0.0	0.0	0.0	2.212142506587046	0.0	0.0	0.0	0.0	0.0	0.7120948788915064	0.0	0.0	0.0	0.7120948788915064	0.0	1.8549615861039535	0.7120948788915064	1.2458493298891702	0.7120948788915064	1.3377997915279867	0.7120948788915064	0.0	0.0	0.0	0.0	0.0	0.0	0.0	0.0	0.0	0.0	0.7120948788915064	0.0	0.0	0.0	0.0	0.7120948788915064	1.1290526911338326	0.0	0.9688015171542257	0.0	0.0	0.0	0.0	0.0	1.1290526911338326	0.0	0.0	0.0	0.0	0.9688015171542257	0.0	0.7120948788915064	0.0	0.7120948788915064	0.0	2.9493071435452194	0.0	0.0	0.0	0.0	0.0	0.0	2.922120992826296	0.0	1.2458493298891702	0.0	2.6106967709185205	0.0	0.0	0.0	0.0	0.0	0.0	0.0	0.0	3.6321860378038955	0.0	0.0	0.0	0.0	0.0	0.9688015171542257	0.0	0.0	0.0	0.0	0.0	2.319461282684195	0.0	0.0	0.0	0.0	0.0	0.0	0.0	0.0	0.0	0.0	0.0	0.0	0.0	0.0	0.0	0.0	0.0	0.0	0.7120948788915064	0.0	0.7120948788915064	0.0	0.0	0.0	0.0	0.7120948788915064	0.0	0.7120948788915064	0.0	1.1290526911338326	0.0
ERR1624546	0.7665356817849104	0.0	0.41728631056243937	1.0898058128788586	0.0	0.0	0.0	0.0	0.0	0.41728631056243937	0.0	0.2569442127486281	2.593692330345103	1.6720580676413315	0.0	0.0	0.0	0.0	0.0	1.441366518514391	2.7996263731067135	0.0	0.0	0.0	0.0	0.0	0.0	0.41728631056243937	1.47784320481766	0.0	0.41728631056243937	2.8404506911788507	0.0	2.1353434035733696	2.9875550975281286	1.167849211978883	0.0	0.0	0.0	0.0	0.0	0.0	0.0	0.0	0.0	0.0	0.0	0.0	0.0	0.41728631056243937	0.0	0.0	3.279061706160075	0.0	0.0	0.2569442127486281	0.0	2.874502247335606	0.0	3.5776667775185036	0.0	0.0	0.0	1.4152272026975246	0.0	0.0	2.008036714100298	0.0	0.0	0.0	0.0	0.0	1.8425472736452506	0.0	0.0	0.0	0.0	0.0	0.0	0.0	0.0	0.0	0.0	0.0	0.0	0.0	0.0	1.1910303782783374	0.0	0.0	0.0	0.0	0.0	0.0	0.534130984611391	0.2569442127486281	0.2569442127486281	0.0	1.167849211978883	0.0	0.8227298135891568	0.2569442127486281	0.0	1.7213512566406308	0.0	0.534130984611391	0.0	0.0	0.0	0.0	0.0	0.2569442127486281	0.0	0.0	0.2569442127486281	0.2569442127486281	0.0	0.0	1.73446515824933	0.0	0.0	0.0	0.0	0.0	0.0	0.0	1.291361434807523	0.0	0.0	0.2569442127486281	0.0	0.0	0.0	0.0	0.0	0.0	1.4152272026975246	1.291361434807523	0.0	0.0	2.0748659067544155	0.0	0.0	0.0	0.0	1.1433605986936555	0.0	0.0	2.4903122982109527	0.0	0.0	0.8227298135891568	0.9171103163907033	0.0	0.0	0.0	0.0	2.4573632607979223	0.9171103163907033	0.0	1.5991537184963178	0.8724788718562493	0.2569442127486281	0.41728631056243937	2.212707759052355	0.0	0.0	0.0	0.0	0.0	0.0	0.0	1.827170460573229	1.5811452817863154	0.0	0.0	0.41728631056243937	0.0	0.0	0.0	0.0	1.9371960742358614	0.0	0.0	0.0	0.0	0.9575795145772035	0.0	0.0	0.0	0.0	0.0	0.0	1.291361434807523	0.0	0.8724788718562493	0.0	0.7019744604288629	0.2569442127486281	0.0	0.0	0.0	0.0	0.0	0.7019744604288629	0.0	0.0	0.0	0.6261111474833706	0.0	0.0	0.0	0.0	0.0	0.0	2.581004397868902	1.2339814247178975	0.2569442127486281	0.2569442127486281	0.0	0.9171103163907033	0.41728631056243937	0.0	0.0	0.0	0.0	0.0	0.41728631056243937	0.0	0.0	0.0	0.0	0.0	0.0	0.0	0.0	0.0	0.41728631056243937	0.0	0.0	2.888316274877766	0.0	0.0	0.2569442127486281	0.0	0.2569442127486281	0.0	0.0	0.0	0.0	0.2569442127486281	0.6261111474833706	0.8227298135891568	0.2569442127486281	0.2569442127486281	0.0	0.0	0.0	0.0	0.0	0.0	0.0	0.0	0.0	1.8112291620500156	1.7534221642620051	0.0	0.0	0.0	0.0	0.0	0.0	0.0	0.0	0.0	0.2569442127486281	0.2569442127486281	0.0	0.2569442127486281	0.0	0.0	0.0	0.9945970000932465	0.7019744604288629	0.0	0.0	0.0	0.0	1.9796039738837339	0.2569442127486281	0.0	0.0	0.0	0.0	0.0	0.0	0.2569442127486281	2.2727779343100707	0.0	0.0	0.0	0.0	0.0	0.0	0.0	0.0	0.0	0.0	0.2569442127486281	0.0	0.0	0.0	0.0	0.0	0.0	0.0	0.0	0.0	0.0	0.7665356817849104	2.84847261965162	0.534130984611391	2.292875969954348	0.8227298135891568	0.0	0.0	0.0	0.0	0.0	0.0	0.0	0.0	0.0	0.0	0.0	0.0	0.0	0.0	1.7213512566406308	0.41728631056243937	0.0	0.0	0.0	0.0	0.0	0.0	0.0	0.0	0.0	0.0	0.2569442127486281	1.6330742203993915	2.416366406299901	0.0	0.0	0.0	0.0	2.142974437410882	0.0	1.800266979557235	0.0	0.2569442127486281	0.0	1.372808496342003	0.0	0.0	0.7019744604288629	0.0	0.0	0.0	0.2569442127486281	0.0	0.41728631056243937	0.7019744604288629	0.0	0.0	0.0	0.0	0.0	0.0	0.0	0.0	0.0	2.2169815200925247	0.0	0.0	0.0	0.0	0.7665356817849104	1.0898058128788586	0.2569442127486281	0.0	0.0	0.0	0.0	0.2569442127486281	0.0	0.0	0.0	0.0	0.0	0.0	0.9171103163907033	0.0	1.7595616375584284	0.0	0.0	0.0	0.0	0.0	0.0	0.0	1.7213512566406308	0.0	0.41728631056243937	0.0	0.0	0.2569442127486281	0.0	0.0	0.0	0.0	0.0	0.0	0.0	0.0	0.0
ERR1624547	0.0	0.0	0.0	0.0	2.0685017088076134	0.0	0.0	0.0	0.0	0.9271140108217742	0.0	0.0	1.5035868595290673	1.4888330720979104	0.0	0.0	0.0	0.0	0.0	0.0	1.3483052951555312	0.0	0.0	0.0	0.0	0.0	0.0	0.0	1.2811474707391743	0.0	0.0	2.341088588362027	0.0	1.826269665038692	2.388962634541424	0.4955446454057373	0.0	0.0	0.3149202893095279	0.0	0.0	0.0	0.0	0.0	0.0	0.0	0.0	0.0	1.024691272010374	0.0	0.0	0.0	2.270236615802925	0.4955446454057373	0.0	0.0	0.0	2.8888480091661424	0.0	3.3401489875710078	0.0	0.0	0.0	0.0	0.0	0.0	2.7399483892601473	0.0	0.0	0.0	0.0	0.0	0.6227323097175915	0.0	0.0	0.0	0.0	0.0	0.0	0.0	0.3149202893095279	0.0	0.3149202893095279	0.0	0.0	0.0	0.0	0.6227323097175915	0.0	0.0	0.0	0.4955446454057373	0.0	0.0	0.4955446454057373	0.0	0.0	0.0	0.3149202893095279	0.0	0.0	0.0	0.3149202893095279	2.0482868414523114	0.0	2.544465383286787	0.0	0.0	0.0	0.0	0.0	0.3149202893095279	0.0	0.0	0.0	0.0	0.0	0.0	0.3149202893095279	0.0	0.0	0.6227323097175915	0.0	0.0	0.0	0.0	0.0	0.0	0.0	0.0	0.0	0.3149202893095279	0.0	0.0	0.0	0.0	0.0	0.6227323097175915	0.0	0.0	1.3483052951555312	0.0	0.0	0.0	0.0	0.0	0.0	0.0	2.3347155037652927	0.0	0.0	0.0	1.3047063281778097	0.0	0.0	0.0	0.0	0.4955446454057373	0.0	0.0	0.4955446454057373	0.0	0.7209861105413851	0.0	3.114044014594253	0.0	0.3149202893095279	0.0	0.0	0.4955446454057373	0.0	0.0	1.473560391790943	0.3149202893095279	0.0	0.0	0.0	0.0	0.3149202893095279	0.0	0.0	0.0	0.0	0.0	0.0	0.0	0.4955446454057373	0.3149202893095279	1.3685662183923917	0.0	0.0	0.0	0.0	0.9786373532581997	0.0	0.0	0.0	0.0	0.0	0.0	0.0	0.0	0.0	0.0	0.8010609107172203	0.0	0.0	0.3149202893095279	0.0	0.0	0.0	0.0	0.0	0.0	0.0	2.0564860413730064	1.229810208696034	1.1043167813262769	0.3149202893095279	0.0	0.0	0.3149202893095279	0.3149202893095279	0.0	0.0	0.0	0.0	0.0	0.0	0.0	0.0	0.0	0.0	0.4955446454057373	0.0	0.7209861105413851	0.0	0.0	0.0	0.0	2.185528439210429	0.0	0.0	0.0	0.0	0.0	0.0	0.0	0.0	0.0	0.0	0.3149202893095279	1.3483052951555312	0.0	0.0	0.0	0.0	0.0	0.0	0.0	0.0	0.0	0.0	0.0	0.3149202893095279	0.7209861105413851	0.0	0.0	0.0	0.0	0.0	0.0	0.3149202893095279	0.0	0.0	0.0	0.0	0.0	1.8398554304547112	0.0	0.0	0.0	0.0	0.0	0.0	0.7209861105413851	0.0	0.0	1.024691272010374	0.0	0.0	0.0	0.0	0.0	0.0	0.0	0.0	1.819314012310045	0.0	0.0	0.6227323097175915	0.0	0.0	0.0	0.0	0.0	0.0	0.0	0.0	0.0	0.0	0.0	0.0	0.0	0.0	0.0	0.3149202893095279	0.0	0.0	0.0	0.6227323097175915	2.0399298623760997	2.575049669373843	0.0	0.0	0.0	0.0	0.0	0.0	0.0	0.0	0.6227323097175915	0.0	0.0	0.0	0.0	0.0	0.0	1.582915639944824	0.0	0.0	0.0	0.0	0.0	0.0	0.0	0.0	0.0	0.0	0.0	0.0	2.755654294203443	2.7629002316541036	0.0	0.4955446454057373	0.0	0.0	3.0320749967085128	0.0	1.1715806238516597	0.0	0.3149202893095279	0.0	0.3149202893095279	0.0	0.0	1.639486931286671	0.0	0.0	0.0	0.0	0.0	0.0	0.0	0.0	0.0	0.0	0.0	0.0	0.0	0.0	0.0	0.0	3.6342620331231346	0.0	0.0	0.0	0.0	0.9786373532581997	0.0	0.0	0.0	0.0	0.0	0.0	0.0	0.0	0.0	0.0	0.4955446454057373	0.0	0.0	0.0	0.0	1.7344001865756007	0.0	0.0	0.0	0.0	0.0	0.0	0.3149202893095279	0.0	0.0	2.160694022874696	0.0	0.3149202893095279	0.8686448295718818	0.0	0.0	0.0	0.0	0.0	0.0	0.0	0.0	0.0
ERR1624548	0.8798297323227475	0.0	0.0	0.73147069654932	1.183632457320703	0.0	0.0	0.0	0.0	0.504371273070755	0.0	0.32162612217973013	2.163822008903603	1.2419697540727999	0.0	0.0	0.0	0.0	0.0	0.504371273070755	2.659260454126936	0.0	0.32162612217973013	0.0	0.0	0.32162612217973013	0.0	0.32162612217973013	1.2137799014189747	0.0	0.32162612217973013	2.108116666957384	0.0	1.3809309947419535	1.6413572403852021	0.8119547517255786	0.0	0.0	0.0	0.0	0.0	0.0	0.0	0.0	0.0	0.0	0.0	0.0	0.0	0.8798297323227475	0.32162612217973013	0.0	2.9405783222427893	1.1512351144323363	0.0	0.0	0.0	2.108116666957384	0.0	3.1020555192301167	0.0	0.0	0.0	0.0	0.0	1.5303791621831817	2.186112867836481	0.32162612217973013	0.0	0.0	0.0	0.0	1.9428686584981576	0.0	0.0	0.0	0.0	0.0	0.32162612217973013	0.8119547517255786	0.0	0.0	0.0	0.0	0.0	0.0	0.0	0.0	0.0	0.0	0.0	0.0	0.0	0.0	0.8798297323227475	0.0	0.8119547517255786	0.0	0.8119547517255786	0.0	1.2137799014189747	0.0	0.73147069654932	3.415541095737759	0.0	1.9988782216129515	0.0	0.0	0.0	0.0	0.0	0.32162612217973013	0.0	0.0	0.32162612217973013	0.0	0.8119547517255786	0.32162612217973013	1.5303791621831817	0.0	0.0	0.0	0.0	0.0	0.0	0.0	0.8798297323227475	0.0	0.0	0.6325991125253638	0.0	0.0	0.0	0.0	0.0	0.0	0.6325991125253638	1.8249586124788533	0.0	0.0	0.0	0.0	0.0	0.6325991125253638	0.0	0.504371273070755	0.0	0.0	1.7206990198858487	0.0	0.0	0.8798297323227475	0.504371273070755	0.8798297323227475	0.0	0.0	1.078142661795855	0.8119547517255786	0.504371273070755	0.0	1.9692258995756429	0.32162612217973013	0.6325991125253638	0.0	3.076453731072235	0.32162612217973013	0.32162612217973013	0.0	0.0	0.0	0.0	0.0	1.5832276460594106	1.293390692167233	0.0	0.0	0.0	0.0	0.0	0.0	0.0	0.504371273070755	0.0	0.0	0.0	0.0	1.6521046021842776	0.0	0.32162612217973013	0.0	0.0	0.0	0.0	1.692616791727649	0.0	0.504371273070755	0.32162612217973013	0.6325991125253638	0.0	0.0	0.0	0.0	0.0	0.0	0.6325991125253638	0.0	0.0	0.504371273070755	0.8798297323227475	0.0	0.0	0.0	0.0	1.0363974532821758	0.0	2.5172526304904865	1.8909760243725724	0.0	0.0	0.0	2.606002883673339	0.504371273070755	0.32162612217973013	0.0	0.0	0.0	0.0	0.504371273070755	0.0	0.0	0.0	0.32162612217973013	0.0	0.0	0.0	0.6325991125253638	0.6325991125253638	2.935080234152936	0.0	0.0	1.8970577029004958	0.0	0.0	0.0	0.504371273070755	0.0	0.0	0.0	0.0	0.0	0.0	0.8119547517255786	0.32162612217973013	0.0	0.0	0.0	0.0	0.0	0.0	0.0	0.0	0.0	0.0	0.0	0.6325991125253638	1.7296702401673851	0.0	0.0	0.0	0.0	0.0	0.0	0.0	0.0	0.0	0.0	0.0	0.9902087118833494	1.6625924122114146	0.0	0.0	0.0	1.1512351144323363	0.0	0.32162612217973013	0.32162612217973013	0.0	0.0	2.2013623106910853	0.0	0.0	0.32162612217973013	0.504371273070755	0.0	0.0	0.0	0.32162612217973013	2.1437604214686656	0.0	0.0	1.183632457320703	0.0	1.8785510494850948	0.0	0.0	0.0	0.0	0.0	0.0	0.0	0.0	0.0	0.0	0.0	0.0	0.0	1.8389893658790442	0.0	0.0	0.0	1.2137799014189747	0.0	3.1378331779203728	0.0	0.0	0.0	0.0	0.32162612217973013	0.0	0.0	0.0	0.32162612217973013	0.0	0.6325991125253638	0.0	0.0	0.0	0.0	2.085236006329499	0.32162612217973013	0.0	0.0	0.0	0.0	0.32162612217973013	0.504371273070755	0.0	0.0	0.0	0.0	0.0	2.262745732303724	2.1766993814123046	0.0	0.32162612217973013	0.0	0.0	3.125161514717604	0.6325991125253638	1.5832276460594106	0.0	1.1162247737200637	0.0	1.7296702401673851	0.0	0.0	0.6325991125253638	0.0	0.6325991125253638	0.32162612217973013	0.6325991125253638	0.0	0.504371273070755	1.6303371533617244	0.32162612217973013	0.0	0.0	0.0	0.0	0.0	0.0	0.0	0.0	2.521575273618105	0.0	0.0	0.0	0.0	0.9902087118833494	1.2419697540727999	0.0	0.0	0.0	0.0	0.0	0.0	0.0	0.0	0.0	0.32162612217973013	0.0	0.0	0.32162612217973013	0.8119547517255786	1.5160972587414216	0.0	0.0	0.32162612217973013	0.0	0.0	0.0	0.0	0.9385165229933914	0.0	2.6540078207127697	0.0	0.32162612217973013	0.0	0.0	0.0	0.0	0.0	0.0	0.0	0.0	0.0	0.0
ERR1624549	0.0	0.0	0.6690566013581974	0.5371641837153454	0.0	0.0	0.0	0.0	0.0	1.0792393692915692	0.0	2.7092389857436165	2.4778273735918237	1.7386666591827646	0.0	0.0	0.0	0.0	0.0	0.0	2.3396249671731053	0.0	0.6690566013581974	0.0	0.0	0.0	0.0	0.3468223611044766	1.9185589599167465	0.0	0.3468223611044766	2.7143930441367257	0.0	2.415222067296437	2.0731699693316954	0.0	0.0	0.0	0.0	0.0	0.0	0.0	0.0	0.0	0.0	0.0	0.0	0.0	0.0	0.0	0.0	0.0	2.213728319702404	0.0	0.0	0.0	0.0	2.3444553935869137	0.0	3.6461402127790628	0.0	0.0	0.0	0.0	0.0	0.8519919553136472	2.086422717774097	0.5371641837153454	0.0	0.3468223611044766	0.0	0.0	0.0	0.0	0.0	0.0	0.3468223611044766	0.0	0.0	0.5371641837153454	0.0	0.0	0.0	0.0	0.0	0.6690566013581974	0.0	0.3468223611044766	0.0	0.0	0.0	0.5371641837153454	0.0	0.0	2.8088742391822334	0.0	0.0	0.0	1.1213630635948144	0.0	0.8519919553136472	0.0	0.0	1.1950359630402536	0.0	2.524675675430113	0.0	0.0	0.0	0.0	0.0	0.3468223611044766	0.0	0.0	0.3468223611044766	0.0	0.0	0.3468223611044766	0.5371641837153454	0.0	0.0	0.0	0.0	0.6690566013581974	0.0	0.0	0.0	0.0	0.0	0.0	0.0	0.3468223611044766	0.0	0.0	0.0	0.0	0.0	0.3468223611044766	0.0	0.0	0.0	0.0	0.0	0.0	0.0	0.7700860004128073	0.6690566013581974	0.0	2.6347643930611953	0.0	0.0	0.6690566013581974	1.616362303306117	0.0	0.0	0.0	0.3468223611044766	1.8989096268935244	0.9803127134331842	0.0	1.8339883391427152	2.274220918807516	0.9803127134331842	0.3468223611044766	3.0792446000019917	0.0	0.0	0.0	0.0	0.0	0.0	0.0	2.3146324938095875	1.499137228169156	0.0	0.0	0.0	0.0	0.5371641837153454	0.0	0.0	2.2598692281856527	0.0	0.3468223611044766	0.0	0.0	0.8519919553136472	0.3468223611044766	0.0	0.0	1.6033265185896661	0.0	0.0	1.1213630635948144	0.0	0.3468223611044766	0.0	1.1950359630402536	0.5371641837153454	0.0	0.0	0.0	0.0	0.0	0.5371641837153454	0.0	0.0	0.0	0.9803127134331842	0.0	0.3468223611044766	0.0	0.0	1.032586748901846	0.3468223611044766	2.2104707227165736	1.6290181814482325	1.3380740573731758	0.5371641837153454	0.0	0.5371641837153454	2.394320211865475	0.0	0.0	0.3468223611044766	0.0	0.0	0.0	0.0	0.0	0.0	0.0	0.0	0.5371641837153454	0.5371641837153454	0.0	0.3468223611044766	0.6690566013581974	0.3468223611044766	0.0	1.3380740573731758	0.0	0.0	0.3468223611044766	0.0	0.0	0.0	0.0	0.0	0.0	0.0	1.032586748901846	2.372361296833443	0.0	0.6690566013581974	0.0	0.3468223611044766	0.0	0.0	0.0	0.0	0.0	0.0	0.0	1.2580050010072092	0.6690566013581974	0.0	0.0	0.0	0.5371641837153454	0.0	0.0	0.0	0.0	0.0	0.0	0.0	0.0	1.3129895413127837	0.0	0.0	0.0	0.9208745524159095	0.0	0.0	0.0	0.0	0.0	2.538720725038899	0.0	0.0	0.0	0.0	0.0	0.3468223611044766	0.0	0.0	2.7772483784955004	0.0	0.0	0.0	0.3468223611044766	0.0	0.0	0.0	0.0	0.0	0.0	0.0	0.0	0.0	0.0	0.0	0.0	0.0	0.0	1.384274773426486	0.0	0.0	0.0	1.8921571966310056	0.0	3.0689497892581357	1.2863668661982743	0.0	0.0	0.0	0.0	0.0	0.0	0.0	1.4056538878949303	0.0	0.3468223611044766	0.0	0.0	0.0	0.0	1.949452701050001	0.0	0.0	0.7700860004128073	0.3468223611044766	0.0	0.0	0.0	0.0	0.0	0.0	0.0	0.3468223611044766	0.3468223611044766	1.989314763347539	0.0	0.5371641837153454	0.0	0.3468223611044766	2.1547235809554373	1.2276607312034014	1.7846004145569327	0.0	1.6649128562933873	0.0	1.499137228169156	0.3468223611044766	0.0	0.7700860004128073	0.0	0.0	0.0	0.3468223611044766	0.0	0.6690566013581974	0.5371641837153454	0.0	0.0	0.0	0.0	0.3468223611044766	0.0	0.0	0.0	0.0	2.2598692281856527	0.0	0.0	0.0	0.0	0.0	0.8519919553136472	0.0	0.0	0.0	0.3468223611044766	0.0	0.0	0.0	0.0	0.0	0.0	0.0	0.0	0.0	1.1950359630402536	1.0792393692915692	0.0	0.0	0.0	0.0	0.3468223611044766	0.3468223611044766	0.0	0.0	0.0	0.3468223611044766	0.0	0.0	0.0	0.0	0.0	0.0	0.0	0.0	0.0	0.0	0.0	0.0
ERR1624550	0.0	0.0	0.0	0.0	0.0	0.0	0.0	0.0	0.0	0.0	0.0	0.0	2.2584782340359175	1.077957388619357	0.0	0.0	0.34605358571022343	0.0	0.0	0.0	2.1225264076600854	0.0	0.0	0.0	0.0	0.0	0.0	0.34605358571022343	1.33673967779192	0.0	0.0	2.3929271673381622	0.34605358571022343	2.0439997383539357	2.439578639081712	0.8507901993298874	0.0	0.0	0.0	0.0	0.0	0.0	0.0	0.0	0.0	0.0	0.0	0.0	0.0	0.0	0.0	0.0	3.390697460563295	0.0	0.0	0.0	0.34605358571022343	2.571281767178774	0.0	3.3904821777426113	0.0	0.0	0.0	0.768925108428793	0.0	1.514285016522152	1.4806289351999284	0.0	0.0	0.0	0.0	0.0	0.5361719834875814	0.0	0.0	0.0	0.0	0.34605358571022343	0.0	0.0	0.0	0.0	0.0	0.0	0.0	0.0	0.0	1.193726668760521	0.0	0.0	0.0	0.34605358571022343	0.0	0.0	0.6679579716030479	0.0	0.0	0.0	0.34605358571022343	0.0	1.948069744310643	0.0	1.1584581298993706	2.240606048549054	0.0	2.30545363483306	0.0	0.0	0.0	0.0	0.0	0.5361719834875814	0.0	0.0	0.0	0.0	0.0	0.768925108428793	0.0	0.0	0.0	0.0	0.0	0.0	0.0	0.0	0.0	0.0	0.0	0.0	0.0	0.0	0.0	0.0	0.0	0.34605358571022343	0.0	1.0313180020961654	0.0	0.0	1.2566836413236186	0.34605358571022343	0.0	0.34605358571022343	0.0	0.8507901993298874	0.0	0.5361719834875814	2.110385522631307	0.0	0.0	1.832610175607722	1.9041773924693435	0.34605358571022343	0.0	0.0	1.5885246339730743	0.8507901993298874	0.34605358571022343	0.0	2.9682373576510734	0.0	0.0	0.0	3.024244893037604	0.0	0.5361719834875814	0.0	0.0	0.0	0.0	0.34605358571022343	1.311658985630184	0.768925108428793	0.0	0.0	2.5232811657134837	0.0	0.0	0.0	0.0	0.0	0.0	0.0	0.0	0.0	0.34605358571022343	0.0	1.1200702953819253	0.0	0.0	0.0	0.0	0.34605358571022343	0.0	0.34605358571022343	0.0	0.5361719834875814	0.6679579716030479	0.0	0.0	0.0	0.0	0.0	0.919643917096881	0.0	0.0	0.0	1.7274942108182567	0.0	0.0	0.0	0.0	0.0	0.0	2.323410650428414	1.7174686628644795	1.2850406178590974	0.0	0.0	0.0	0.0	0.0	0.0	1.193726668760521	0.5361719834875814	0.34605358571022343	0.9790605853822933	0.34605358571022343	0.0	0.0	0.0	0.0	0.0	0.0	0.0	0.0	0.0	0.0	0.0	2.5920772711274043	0.0	0.0	0.0	0.0	0.0	0.0	0.0	0.0	0.0	0.0	0.8507901993298874	1.311658985630184	0.0	0.0	0.0	0.0	0.0	0.0	0.0	0.0	0.0	0.0	0.0	0.0	0.919643917096881	0.0	0.0	0.0	0.34605358571022343	0.0	0.0	1.077957388619357	0.0	0.0	0.0	0.0	1.737293534722926	2.085035503963328	0.0	0.0	0.0	0.9790605853822933	0.6679579716030479	0.0	0.0	0.0	0.0	1.4806289351999284	0.0	0.0	0.0	1.0313180020961654	0.0	0.0	0.0	1.0313180020961654	2.2839788561739196	0.0	0.0	0.5361719834875814	0.0	0.0	0.0	0.0	1.1200702953819253	0.0	0.0	0.0	0.0	1.6859237914483491	0.5361719834875814	0.0	0.0	0.0	0.0	0.0	0.0	0.0	0.5361719834875814	2.7300768684457357	2.706804840984356	3.038035981536772	0.0	0.0	0.0	0.0	0.0	0.34605358571022343	0.0	0.0	0.6679579716030479	0.0	0.0	0.0	0.0	0.0	0.0	1.5746574035977277	1.077957388619357	0.34605358571022343	0.0	0.0	0.0	0.0	0.34605358571022343	0.0	0.0	0.0	0.0	1.0313180020961654	2.5184967456658205	1.6399489713588877	0.0	0.0	0.0	0.0	1.5746574035977277	0.0	1.4977829207331206	0.0	0.0	0.0	2.7310609479744348	0.0	0.0	0.0	0.0	0.0	0.0	1.2566836413236186	0.0	0.8507901993298874	0.0	0.5361719834875814	0.0	0.0	0.0	0.0	0.0	0.0	0.0	0.0	1.774418900852965	0.0	0.0	0.0	0.0	0.768925108428793	1.4441438735385925	0.0	0.0	0.0	0.0	0.5361719834875814	0.34605358571022343	0.0	0.0	0.0	0.0	0.0	0.0	0.0	0.0	1.9712931547664112	0.0	0.0	0.0	0.0	0.0	0.0	0.0	0.0	0.0	2.138203682250159	0.0	0.0	0.919643917096881	0.0	0.0	0.0	0.0	0.0	0.5361719834875814	0.0	0.34605358571022343	0.0
ERR1624551	1.108940398340719	0.0	0.25287086855414426	0.25287086855414426	0.0	0.25287086855414426	0.0	0.0	0.0	0.25287086855414426	0.0	0.0	1.9814055029534259	0.4116444571289397	0.0	0.0	0.0	0.0	0.0	0.25287086855414426	2.226588529699629	0.0	0.25287086855414426	0.0	0.0	0.0	0.0	0.0	1.0203978420786572	0.0	0.0	2.5021805155624093	0.25287086855414426	1.6555621186628686	2.995710662596049	0.7589452673318657	0.0	0.0	0.0	0.0	0.0	0.0	0.0	0.0	0.0	0.0	0.0	0.0	0.25287086855414426	0.25287086855414426	0.0	0.0	2.887680165442287	0.6946374501740369	0.0	0.0	0.0	3.3998577087002264	0.0	3.3688514681377644	0.0	0.0	0.0	0.0	0.0	0.0	2.352917070379062	0.0	0.0	0.0	0.0	0.0	2.3559512881766294	0.0	0.0	0.0	0.0	0.0	0.0	0.0	0.0	0.0	0.0	0.0	0.0	0.25287086855414426	0.0	0.8645459757369618	0.0	0.0	0.0	0.5276583241966594	0.0	0.0	0.0	0.4116444571289397	0.0	0.25287086855414426	0.25287086855414426	0.0	0.0	0.0	0.4116444571289397	1.5902122089440351	0.0	2.9029620304604347	0.0	0.0	0.0	0.0	0.0	0.25287086855414426	0.0	0.0	0.0	0.0	0.6946374501740369	0.0	0.25287086855414426	0.0	0.0	0.0	0.0	0.0	0.0	0.0	0.0	0.0	0.0	0.0	0.0	0.0	0.25287086855414426	0.0	0.0	0.0	0.9494258814705999	0.6191240313816073	0.0	0.0	0.4116444571289397	0.0	0.0	0.4116444571289397	0.0	0.4116444571289397	0.0	0.0	2.085936895248597	0.0	0.0	0.0	2.0628100157944917	0.25287086855414426	0.0	0.0	0.0	0.4116444571289397	0.7589452673318657	0.0	0.25287086855414426	0.25287086855414426	0.25287086855414426	0.25287086855414426	3.262643341241787	0.0	0.0	0.0	0.0	0.0	0.0	0.0	1.5722136470226837	1.2453039576359908	0.0	0.0	0.0	0.0	0.6946374501740369	0.0	0.0	0.0	0.0	0.0	0.0	0.0	0.25287086855414426	0.0	0.25287086855414426	0.0	0.0	0.0	0.0	0.9494258814705999	0.0	0.0	0.0	0.25287086855414426	0.0	0.0	0.0	0.0	0.0	0.0	0.7589452673318657	0.0	0.0	0.0	0.0	0.0	0.0	0.0	0.0	0.0	0.0	2.4320308920526483	2.174739433811657	0.8645459757369618	0.0	0.0	0.0	0.6946374501740369	0.25287086855414426	0.0	0.0	0.0	0.0	0.0	0.0	0.0	0.0	0.0	0.0	0.25287086855414426	0.0	0.0	0.4116444571289397	0.0	0.0	0.0	2.6909448874437185	0.0	0.0	0.0	0.0	0.25287086855414426	0.0	0.0	0.0	0.25287086855414426	0.0	0.4116444571289397	0.0	0.0	0.25287086855414426	0.0	0.0	0.0	0.0	0.0	0.0	0.0	0.0	0.0	0.0	0.0	0.0	0.0	0.0	0.0	0.0	0.0	0.0	0.0	0.0	0.0	0.0	0.0	1.9668385258684777	0.0	0.0	0.0	1.4571636314270653	0.0	0.25287086855414426	0.0	0.0	0.0	1.998952914938777	0.0	0.0	0.0	0.5276583241966594	0.0	0.0	0.0	0.25287086855414426	2.0598306031456532	0.0	0.0	0.4116444571289397	0.0	0.0	0.0	0.0	0.4116444571289397	0.0	0.0	0.0	0.0	0.0	0.0	0.0	0.0	0.0	0.0	2.226588529699629	0.0	0.0	0.5276583241966594	0.5276583241966594	0.0	3.103484893959179	0.0	0.0	0.0	0.0	0.0	0.0	0.0	0.0	2.423056637860652	0.0	0.25287086855414426	0.0	0.0	0.0	0.25287086855414426	1.8673894844149792	0.4116444571289397	0.0	0.0	0.25287086855414426	0.0	0.25287086855414426	0.0	0.0	0.0	0.0	0.0	0.8149474080113854	1.5629266913099213	2.3894012808148024	0.0	0.0	0.0	0.0	1.491680906375123	0.0	1.364026497472604	0.0	1.1824524128458462	0.0	0.0	0.0	0.0	0.90905628670192	0.0	0.0	0.0	0.0	0.0	0.0	0.0	0.0	0.0	0.0	0.0	0.0	0.0	0.0	0.6191240313816073	0.0	2.08874304660427	0.0	0.0	0.0	0.0	1.159303946133353	1.0203978420786572	0.0	0.0	0.0	0.0	0.4116444571289397	0.0	0.0	0.0	0.0	0.0	0.0	0.0	0.0	0.0	2.012497601221534	0.0	0.0	0.0	0.0	0.0	0.0	0.0	0.0	0.0	0.4116444571289397	0.0	0.0	0.5276583241966594	0.0	0.0	0.0	0.0	0.0	0.0	0.0	0.0	0.0
ERR1624552	0.0	0.0	0.33306367116493996	0.33306367116493996	0.33306367116493996	0.0	0.0	0.0	0.0	0.957687799534122	0.0	2.3240018680176497	1.6401295140896177	0.33306367116493996	0.0	0.0	0.0	0.0	0.0	0.0	2.000721953213547	0.0	0.0	0.0	0.0	0.0	0.0	0.33306367116493996	1.3375741139501445	0.0	0.0	2.3045744121500173	0.0	1.5916456530021472	1.8998785944347218	1.3375741139501445	0.0	0.0	0.0	0.0	0.0	0.0	0.0	0.0	0.0	0.957687799534122	0.0	0.0	0.0	0.0	0.0	0.0	2.133259058163971	0.0	0.0	0.0	0.0	2.4613099164440078	0.0	3.473631646108139	0.0	0.0	0.0	0.0	0.0	0.0	2.4176377502873807	0.0	0.0	0.0	0.0	0.0	0.0	0.0	0.0	0.0	0.0	0.0	0.0	0.33306367116493996	0.33306367116493996	0.0	0.33306367116493996	0.0	0.0	0.0	0.0	1.1713510282956976	0.0	0.0	0.0	0.5193284315215191	0.0	0.0	0.5193284315215191	0.0	0.0	0.0	0.0	0.0	1.262367084833627	0.0	0.0	2.0741430259267046	0.0	2.8114996857876395	0.33306367116493996	0.0	0.0	0.0	0.0	0.7491478029813983	0.0	0.0	0.0	0.0	0.0	0.5193284315215191	0.0	1.2038556844151307	0.0	0.33306367116493996	0.0	0.0	0.0	0.0	0.0	0.0	0.0	0.0	0.0	0.0	0.0	0.0	0.0	0.0	0.0	0.0	0.0	0.33306367116493996	0.8302990553628771	0.0	0.0	0.0	0.0	0.5193284315215191	0.0	0.0	2.204465753851139	0.0	0.0	1.3375741139501445	1.853326650696678	0.8302990553628771	0.0	0.0	1.097984819694326	1.3600032904353514	0.0	0.0	2.4613099164440078	0.0	0.5193284315215191	0.0	3.1873040543097555	0.0	0.0	0.0	0.0	0.0	0.0	0.0	1.537060921252192	0.5193284315215191	0.0	0.0	0.0	0.0	0.7491478029813983	0.0	0.0	0.0	0.0	0.0	0.0	0.0	0.33306367116493996	0.0	1.0096539293538092	0.0	0.0	0.0	0.0	1.097984819694326	0.0	0.0	0.0	0.0	0.0	0.0	0.0	0.0	0.0	0.0	0.0	0.0	0.0	0.0	1.4910888671652573	0.0	0.0	0.0	0.0	0.0	0.0	2.4271053556263613	1.5916456530021472	1.1362153222980589	0.33306367116493996	0.649265923154217	3.235596157192344	0.0	0.5193284315215191	0.0	0.0	0.0	0.0	0.0	0.33306367116493996	0.0	0.0	0.33306367116493996	0.0	0.0	0.0	0.5193284315215191	0.0	3.4564695053149688	0.0	0.0	0.649265923154217	0.0	0.0	0.0	0.0	0.0	0.0	0.0	0.0	0.0	0.0	0.649265923154217	1.3600032904353514	0.0	0.0	0.0	0.0	0.0	0.0	0.0	0.0	0.0	0.0	0.0	0.33306367116493996	0.8302990553628771	0.0	0.0	0.0	0.0	0.0	0.0	0.0	0.0	0.0	0.0	0.0	0.33306367116493996	1.4016597448557138	0.0	0.0	0.0	0.0	0.0	0.0	0.0	0.0	0.0	0.7491478029813983	0.0	0.0	0.33306367116493996	0.0	0.0	0.0	0.0	0.5193284315215191	1.6514495670703122	0.0	0.0	0.0	0.0	0.33306367116493996	0.0	0.0	0.33306367116493996	0.0	0.0	0.0	0.0	1.0096539293538092	0.649265923154217	0.0	0.0	0.0	0.0	0.0	0.0	0.0	0.0	2.213748070307292	0.649265923154217	2.409912197120199	0.0	0.0	0.0	0.0	0.5193284315215191	0.33306367116493996	0.0	0.0	0.0	0.0	0.0	0.0	0.0	0.0	0.0	2.118264736684131	0.0	0.0	0.0	0.0	0.33306367116493996	0.0	0.0	0.0	0.0	0.0	0.0	0.0	0.5193284315215191	2.2919755863643	0.0	1.097984819694326	0.0	0.0	1.4210795323898497	0.0	1.313923197512799	0.0	0.649265923154217	0.0	2.144174550113331	0.0	0.0	1.578629079573764	0.0	0.0	0.0	0.0	0.0	0.957687799534122	1.7419042741895878	0.0	0.0	0.0	0.0	0.0	0.0	0.0	0.0	1.8167280530025036	2.8878547151110237	0.0	0.0	0.0	0.0	0.649265923154217	0.0	0.0	0.0	0.0	0.0	0.0	0.0	0.0	0.0	0.0	0.0	0.0	0.0	0.0	0.33306367116493996	1.3600032904353514	0.0	0.0	0.0	0.0	0.0	0.0	0.0	0.0	0.0	0.0	0.0	0.0	1.056061210158249	0.33306367116493996	0.0	0.0	0.0	0.0	0.0	0.0	0.0	0.0
ERR1624553	0.0	0.30865854917130575	0.4872631697472849	0.4872631697472849	0.0	0.0	0.0	0.0	0.6134531535524541	0.6134531535524541	0.30865854917130575	0.0	2.5349085002163907	1.5710148043493968	0.30865854917130575	0.0	0.0	0.0	0.0	1.0551646276143627	2.2580785154908845	0.0	0.0	0.0	1.7707394051392176	0.0	1.0136363625861886	0.0	1.0930661394054113	0.0	0.4872631697472849	2.4333699690536457	0.30865854917130575	1.7707394051392176	3.0155446453230534	1.8474156721693102	0.4872631697472849	0.0	0.0	0.0	0.0	0.0	0.0	0.0	0.0	0.0	0.0	0.0	1.0136363625861886	0.0	0.0	0.0	2.8081930805302875	0.0	0.0	0.0	0.0	2.91710968136419	0.30865854917130575	3.40393075940941	0.0	0.0	0.0	0.0	0.0	0.0	2.722666446251822	0.0	0.0	0.0	0.0	0.8580946696331171	0.6134531535524541	0.0	0.0	0.0	0.30865854917130575	0.0	0.0	0.0	0.4872631697472849	0.4872631697472849	0.30865854917130575	0.0	0.0	0.0	0.0	0.7111121881398649	0.0	0.0	0.0	0.0	0.0	0.0	1.3154115242964026	0.0	0.0	0.0	0.7111121881398649	0.0	0.0	0.0	0.7111121881398649	1.6869068831715959	0.0	1.964348369692079	0.0	0.0	0.0	0.0	0.0	0.0	0.0	0.0	0.0	0.0	0.7111121881398649	0.0	0.30865854917130575	0.0	0.0	0.0	0.0	0.0	0.0	0.0	0.0	0.0	0.0	0.7907920651867595	0.0	0.30865854917130575	0.0	0.0	0.0	0.0	0.30865854917130575	2.3095161807602054	0.0	0.0	0.6134531535524541	0.0	0.0	0.0	0.0	0.7111121881398649	0.0	0.0	1.4617522299322316	0.0	0.0	0.0	1.6380206344338892	0.0	0.0	0.0	0.0	0.30865854917130575	0.916353286545163	0.0	0.0	0.0	0.0	0.0	3.3628389603636477	0.0	0.30865854917130575	0.0	0.0	0.0	0.30865854917130575	0.0	1.2183153396076976	1.2930959421788608	0.0	0.0	0.0	0.0	0.30865854917130575	0.0	0.0	0.7111121881398649	0.0	0.7111121881398649	0.0	0.0	0.7907920651867595	0.0	0.6134531535524541	0.0	0.0	0.0	0.0	0.7907920651867595	0.0	0.7111121881398649	0.0	0.0	0.30865854917130575	0.0	0.0	0.0	0.0	0.0	0.6134531535524541	0.0	0.0	0.30865854917130575	0.0	0.0	0.0	0.0	0.0	1.4917508881798451	0.0	2.052415518142942	2.345469723207802	1.0136363625861886	0.0	0.0	0.0	1.0551646276143627	0.0	0.0	0.0	0.0	0.0	0.0	0.0	0.0	0.0	0.0	0.0	0.0	0.0	0.0	1.0136363625861886	0.30865854917130575	0.4872631697472849	0.0	2.125599880300585	0.0	0.30865854917130575	0.0	0.0	0.30865854917130575	0.0	0.0	0.0	1.0551646276143627	0.0	0.8580946696331171	0.30865854917130575	0.0	0.30865854917130575	0.0	0.0	0.0	0.0	0.0	0.0	0.0	0.0	0.0	0.0	0.6134531535524541	0.0	0.0	0.0	3.06316528319753	0.0	0.0	0.0	0.0	0.0	0.0	0.0	0.0	2.023579829739033	0.0	0.0	0.0	1.190224541041378	0.4872631697472849	0.0	0.0	0.0	0.30865854917130575	2.6268123799055063	0.0	0.0	0.0	0.0	0.0	0.0	0.0	0.0	2.115377970738847	0.0	0.30865854917130575	0.30865854917130575	0.0	0.0	0.0	0.0	0.0	0.0	0.0	0.0	0.0	0.0	0.0	0.0	0.0	0.0	0.0	2.380549324940508	0.0	0.0	0.0	1.5198106149199815	0.0	3.0884645655633514	0.0	0.0	0.0	0.0	0.0	0.30865854917130575	0.0	0.0	0.916353286545163	0.0	0.0	0.30865854917130575	0.0	0.0	0.0	2.29150856425156	0.4872631697472849	0.0	0.0	0.0	0.0	0.30865854917130575	0.0	0.0	0.0	0.30865854917130575	0.0	0.0	1.7224040248085324	2.382417536109807	0.0	0.0	0.0	0.0	2.0941827711930716	0.0	1.6775599762466835	0.0	1.2183153396076976	0.0	0.0	0.0	0.0	0.6134531535524541	0.0	0.0	0.0	0.0	0.0	0.0	1.8278100215010253	0.0	0.4872631697472849	0.0	0.0	1.778297042096078	0.0	0.0	0.0	0.0	1.6380206344338892	0.0	0.0	0.0	0.0	1.4295266565792402	1.6869068831715959	0.0	0.0	0.0	1.0551646276143627	0.0	0.0	0.0	0.0	0.0	0.0	0.0	0.0	0.0	1.668007471745705	1.4295266565792402	0.0	0.30865854917130575	0.0	0.0	0.0	0.0	0.0	0.8580946696331171	0.0	0.4872631697472849	0.0	0.0	0.0	0.0	0.0	0.0	0.0	0.0	0.0	0.0	0.0	0.0
ERR1624554	0.0	0.0	0.0	0.0	1.8519987995881868	0.0	0.0	0.0	0.0	0.5446046194106734	0.0	0.0	2.4702022875708587	1.6135165742097703	0.0	0.0	0.0	0.0	0.0	1.4156955062016592	2.3827649485905393	0.0	0.0	0.0	0.0	0.352599911547773	0.0	0.0	1.7585134035017769	0.0	0.0	2.48469227163152	0.352599911547773	0.5446046194106734	3.1082995635727055	2.0744630376563604	0.0	0.0	0.0	0.0	0.0	0.0	0.0	0.0	0.0	0.0	0.0	0.0	0.0	0.352599911547773	0.0	0.0	2.957278782009364	0.0	0.0	0.0	0.0	1.5257734269343926	0.0	3.4251831529364507	0.0	0.0	0.0	0.0	0.0	0.0	1.9657092602540116	1.1310292015276422	0.0	0.352599911547773	0.0	0.0	0.352599911547773	0.0	0.0	0.0	0.9300816574436341	0.0	0.0	1.1310292015276422	0.0	0.0	0.0	0.0	0.0	0.0	0.0	0.6772866277251943	0.0	0.0	0.0	0.352599911547773	0.0	0.0	1.0888258492346448	0.0	0.0	0.0	0.6772866277251943	0.0	0.0	0.352599911547773	0.0	0.0	0.5446046194106734	2.9720260666571847	0.0	0.0	0.0	0.0	0.0	0.0	0.0	0.5446046194106734	0.0	0.0	0.0	0.0	1.7678940586425773	1.2962801244498052	0.0	0.0	0.0	0.0	0.0	0.0	0.352599911547773	0.0	0.0	0.0	0.352599911547773	0.0	0.0	0.0	0.0	0.5446046194106734	0.8609855144398664	1.1694921643486118	0.0	0.0	2.34513989792754	0.0	0.0	0.0	0.0	1.8886397940506845	0.0	0.0	2.2175718882384183	0.0	0.0	0.352599911547773	1.2678821855332527	0.352599911547773	0.0	0.0	0.0	0.989678667388441	1.1310292015276422	0.0	0.8609855144398664	2.4793150222588998	0.352599911547773	0.0	2.4683565685449396	0.0	0.0	0.0	0.0	0.0	0.0	0.352599911547773	2.1724724202209273	1.6135165742097703	0.0	0.0	0.352599911547773	0.352599911547773	0.352599911547773	0.0	0.0	0.0	0.0	0.0	0.0	0.0	0.352599911547773	0.0	0.0	0.0	0.0	0.0	0.0	0.0	0.0	0.352599911547773	0.0	1.6135165742097703	0.0	0.0	0.0	0.0	0.0	0.0	1.5570326762369053	0.0	0.0	0.0	0.0	0.0	0.352599911547773	0.0	0.0	0.8609855144398664	0.0	2.771417696799866	1.6751369512933088	0.7787771902032878	0.0	0.0	0.0	0.352599911547773	0.352599911547773	0.0	0.0	0.0	0.0	0.0	0.0	0.0	0.0	0.0	0.0	0.0	0.0	0.0	0.0	0.0	0.0	0.0	3.0325625935571763	0.0	0.0	0.0	0.0	0.0	0.0	0.0	0.0	2.230556382082454	0.0	1.348047309083582	2.682894535946795	0.0	0.0	0.0	0.0	0.0	0.0	0.0	0.0	0.0	0.0	0.352599911547773	1.8284321502016718	1.6751369512933088	0.0	0.0	0.0	0.352599911547773	0.0	0.0	0.0	0.0	0.0	0.0	0.0	0.0	0.352599911547773	0.0	0.0	0.0	0.5446046194106734	0.5446046194106734	0.0	0.0	0.0	0.0	1.859578485149861	0.0	0.0	0.6772866277251943	0.0	0.0	0.0	0.0	0.0	1.3717869500315105	0.0	0.0	0.0	0.0	0.0	0.0	0.0	0.0	0.0	0.0	0.0	0.0	0.0	0.0	0.0	0.0	0.0	0.0	0.0	0.0	0.0	0.0	2.9834736264429695	0.352599911547773	2.864667370055687	0.0	0.0	0.0	0.0	0.0	0.0	0.0	0.0	1.1310292015276422	0.0	0.0	0.0	0.0	0.0	0.0	2.3960743930566406	0.0	0.0	0.0	0.0	0.0	0.0	0.0	0.0	0.0	0.0	0.0	0.0	0.7787771902032878	1.4920885072540355	0.0	0.352599911547773	0.0	0.352599911547773	1.988632913633881	0.0	1.6515272908677574	0.0	0.8609855144398664	0.0	1.0420754838882973	0.0	0.0	0.6772866277251943	0.0	0.0	0.0	0.0	0.0	0.0	0.0	0.0	0.0	0.0	0.0	0.0	0.0	0.0	0.0	0.0	2.958477169387115	1.9537771160924013	0.0	0.0	0.0	0.0	0.9300816574436341	0.0	0.0	0.0	0.0	0.0	0.0	0.0	0.0	0.0	0.0	0.0	0.0	0.0	1.0420754838882973	1.0888258492346448	0.0	0.0	0.0	0.0	0.0	0.0	0.0	0.0	0.0	0.0	0.0	0.0	0.0	0.0	0.0	0.0	0.0	0.352599911547773	0.0	0.0	0.0	0.0
ERR1624555	0.0	0.0	0.0	0.0	2.4682938925879094	0.0	0.0	0.0	0.31995608136842485	0.8092515116003955	0.0	0.0	2.066113367316915	1.8288800574885367	0.0	0.0	0.0	0.0	0.0	0.0	2.2129160854044163	0.0	0.0	0.0	0.0	0.0	0.0	1.6272144890955569	1.9287006431023968	0.0	0.0	2.647634804940568	0.0	1.9504421321708525	2.4825385772186666	1.1132724655872384	0.0	0.0	0.0	0.0	0.0	0.0	0.0	0.0	0.0	0.0	0.0	0.0	0.0	0.31995608136842485	0.0	0.0	2.6086753018787445	0.0	0.0	0.0	0.0	3.3354602304226257	0.0	3.5465220806443214	0.0	0.0	0.0	0.0	0.0	0.6301485527554596	2.7521606248461636	0.0	0.0	0.0	0.0	0.8770549647095994	0.0	0.0	0.0	0.0	0.0	0.0	0.0	0.0	0.0	0.0	0.0	0.0	0.0	0.0	0.0	0.31995608136842485	0.0	0.0	0.0	0.31995608136842485	0.0	0.0	1.033494673488629	0.0	0.0	0.0	1.2107782063556642	0.0	0.0	0.0	0.0	0.9356883021823743	0.0	3.255313082322284	0.0	0.0	0.0	0.0	0.0	0.0	0.0	0.0	0.31995608136842485	0.0	0.0	0.0	0.5021770852088407	0.0	0.0	0.0	0.0	0.0	0.0	0.0	0.0	0.0	0.0	0.0	0.0	0.0	0.0	0.0	0.0	0.0	0.9356883021823743	0.31995608136842485	0.0	0.0	2.2011711900735107	0.0	0.0	0.0	0.0	0.6301485527554596	0.0	0.0	1.799876792110763	0.0	0.0	0.0	1.2107782063556642	0.31995608136842485	0.0	0.0	0.0	1.5272759517445942	0.9356883021823743	0.0	0.7288680907003444	2.3549542312258707	1.1132724655872384	0.0	2.9955865208738475	0.0	0.0	0.0	0.0	0.0	0.0	0.0	2.0234670691929457	0.9356883021823743	0.0	0.0	0.0	0.0	0.31995608136842485	0.0	0.0	0.31995608136842485	0.0	0.31995608136842485	0.0	0.0	1.075212848978009	0.0	0.0	0.0	0.0	0.0	0.0	0.0	0.31995608136842485	0.31995608136842485	0.0	0.31995608136842485	0.31995608136842485	0.0	0.0	0.0	0.0	0.0	0.6301485527554596	0.0	0.0	0.0	0.31995608136842485	0.0	0.0	0.0	0.0	0.0	0.0	2.5448072536589774	1.6990465952775848	1.3575860746469472	0.5021770852088407	0.0	0.0	1.9287006431023968	0.0	0.0	0.0	0.31995608136842485	0.0	0.0	0.0	0.0	0.0	0.0	0.0	0.0	0.31995608136842485	0.0	0.0	0.0	0.0	0.0	2.074162183998073	0.0	0.0	0.0	0.0	0.0	0.0	0.0	0.0	0.0	0.0	0.0	1.1806448584148366	0.0	0.0	0.0	0.0	0.0	0.0	0.0	0.0	0.0	0.0	0.0	2.036706330981453	0.8770549647095994	0.0	0.0	0.0	0.0	0.0	0.0	0.0	0.0	0.0	0.0	0.0	0.0	0.31995608136842485	0.0	0.0	0.0	0.9356883021823743	0.31995608136842485	0.0	0.31995608136842485	0.0	0.0	1.93423890278889	0.0	0.0	0.0	0.0	0.0	0.0	0.0	0.0	1.8358380241861356	0.0	0.0	0.0	0.0	0.0	0.0	0.0	0.0	0.0	0.0	0.31995608136842485	0.0	0.0	0.0	0.0	0.0	0.0	0.0	0.5021770852088407	0.0	0.0	0.5021770852088407	1.9058131151806534	0.0	2.6422786075064058	0.0	0.0	0.0	0.0	0.0	0.0	0.0	0.0	1.1132724655872384	0.0	0.0	0.0	0.0	0.0	0.31995608136842485	1.7687971223422867	0.31995608136842485	0.0	0.31995608136842485	0.31995608136842485	0.0	0.5021770852088407	0.0	0.0	0.0	0.0	0.0	0.31995608136842485	1.8560670737025664	2.5366363692817675	0.0	0.0	0.0	0.0	2.1735229078187794	0.0	1.9557115969114602	0.0	1.3139415806975654	0.0	0.31995608136842485	0.0	0.0	1.3139415806975654	0.0	0.0	0.0	0.0	0.0	0.0	0.0	0.31995608136842485	0.0	0.0	0.0	0.0	0.0	0.0	0.0	0.31995608136842485	2.60633986615105	0.0	0.0	0.0	0.0	0.31995608136842485	0.6301485527554596	0.0	0.0	0.0	0.0	0.0	0.0	0.0	0.0	0.0	0.0	0.0	0.0	0.0	0.0	0.9873390298434626	0.0	0.0	0.0	0.0	0.0	0.0	0.0	0.0	0.0	0.0	0.0	0.0	0.31995608136842485	0.0	0.0	0.0	0.0	0.0	0.0	0.0	0.0	0.31995608136842485
ERR1624556	0.8772758114901438	0.0	0.0	0.0	0.0	0.0	0.0	0.0	0.0	1.0653856780560755	0.0	0.0	2.122491523385343	0.8772758114901438	0.0	0.0	0.0	0.0	0.0	1.1225235588627536	2.3310493130833416	0.0	0.0	1.3473224044595855	0.9995750369151921	0.2594248809423733	0.7711284126352328	0.2594248809423733	1.5480980692335642	0.0	0.2594248809423733	2.6343724199988428	0.0	1.0653856780560755	2.3124379688817864	0.5380554488495852	0.0	0.0	0.0	0.0	0.0	0.0	0.0	0.0	0.0	0.0	0.0	0.0	0.0	0.0	0.0	0.0	2.2669154342182054	0.2594248809423733	0.4207122792571846	0.0	0.0	1.886537088827393	0.0	3.231738461342868	0.0	0.0	0.0	0.0	0.0	1.516858034884935	2.016945133562228	0.0	0.0	0.0	0.0	0.0	1.4338236775415418	0.8772758114901438	0.0	0.0	0.2594248809423733	0.0	0.0	0.0	0.5380554488495852	1.9261564162107505	0.0	0.0	0.0	0.5380554488495852	0.0	1.0337257402686773	0.2594248809423733	0.0	0.0	0.2594248809423733	0.0	0.0	0.2594248809423733	0.0	0.0	0.0	0.8274370530998038	0.0	0.2594248809423733	0.0	0.2594248809423733	2.0237192913651585	0.0	2.56484013474581	0.0	0.0	0.0	0.0	0.0	0.2594248809423733	0.0	0.0	0.2594248809423733	0.0	0.2594248809423733	0.0	0.2594248809423733	1.0948936084982024	0.0	0.0	0.0	0.5380554488495852	0.0	0.0	0.0	0.0	0.0	0.6303435284272889	0.0	0.2594248809423733	0.0	0.5380554488495852	0.0	0.0	0.4207122792571846	1.752631496592148	0.0	0.0	0.7064159304172843	0.2594248809423733	0.0	0.2594248809423733	0.0	0.6303435284272889	0.0	0.2594248809423733	1.8112319268094037	0.0	0.0	0.9625079351337498	1.471368649759299	1.4338236775415418	0.0	0.0	0.2594248809423733	0.2594248809423733	0.6303435284272889	0.0	1.5480980692335642	0.0	0.6303435284272889	0.2594248809423733	2.821518168231826	0.0	0.0	0.0	0.0	0.0	0.0	0.0	1.9133474072136032	1.516858034884935	0.0	0.0	0.0	0.0	1.0653856780560755	0.0	0.0	1.5865362663077205	0.0	0.0	0.2594248809423733	0.0	0.0	0.2594248809423733	0.2594248809423733	0.0	0.0	0.0	0.0	1.1730106444869923	0.0	0.0	0.0	0.9625079351337498	0.8772758114901438	0.0	0.0	0.0	0.0	0.0	0.9625079351337498	0.0	0.0	0.0	1.19621125109137	0.0	0.0	0.0	0.0	0.0	0.2594248809423733	2.4737456426377595	1.9001491004827944	1.3473224044595855	0.8772758114901438	0.0	0.8274370530998038	1.8724845952386568	0.9219794218534887	0.0	0.2594248809423733	0.0	0.0	0.2594248809423733	0.0	0.4207122792571846	0.0	0.2594248809423733	0.0	0.0	0.2594248809423733	0.2594248809423733	0.4207122792571846	0.2594248809423733	0.2594248809423733	0.0	2.013518014220955	0.0	0.0	0.0	0.0	0.0	0.0	0.0	1.2182350505017292	0.0	0.0	1.0337257402686773	0.6303435284272889	0.0	0.0	0.0	0.0	0.0	0.0	0.0	0.0	0.0	0.0	0.0	0.9625079351337498	0.9625079351337498	0.0	0.0	0.0	0.0	0.0	0.0	0.9625079351337498	0.0	0.0	0.0	0.2594248809423733	0.9219794218534887	2.1459411192135547	0.0	0.0	0.0	0.8274370530998038	0.4207122792571846	0.0	0.2594248809423733	0.0	0.0	2.5956260349570224	1.0653856780560755	0.0	0.2594248809423733	0.0	0.0	0.0	0.2594248809423733	0.4207122792571846	1.8273738507406647	0.0	0.0	0.4207122792571846	0.2594248809423733	0.0	0.0	0.0	0.0	0.0	0.0	0.0	0.0	0.8274370530998038	0.0	0.0	0.0	0.0	0.0	1.9176591897235986	0.0	0.0	0.2594248809423733	2.268830961662959	0.0	2.50257672888692	0.7711284126352328	0.0	0.0	0.0	0.0	0.0	0.0	0.0	1.3927231185589777	0.0	0.2594248809423733	0.0	0.0	0.0	0.9625079351337498	2.3660376798001206	0.4207122792571846	0.0	0.4207122792571846	0.0	0.0	0.2594248809423733	0.0	0.0	0.0	0.0	0.0	2.1116487468923495	0.8274370530998038	2.55900044712344	0.0	0.7711284126352328	0.0	0.0	3.245869941687166	0.0	1.378110616836564	0.0	1.4947086581169082	0.2594248809423733	1.2591910883471955	0.0	0.0	1.5865362663077205	0.0	0.0	0.0	0.9625079351337498	0.0	0.2594248809423733	0.6303435284272889	0.6303435284272889	0.0	0.0	0.0	0.7711284126352328	0.0	0.0	0.2594248809423733	0.0	3.679550079288534	0.0	0.0	0.0	0.0	0.4207122792571846	0.2594248809423733	0.0	0.0	0.0	0.2594248809423733	0.0	0.0	0.0	0.0	0.0	0.0	0.2594248809423733	0.0	0.0	0.8772758114901438	1.954652019092833	0.0	0.0	0.0	0.0	0.0	0.0	0.0	0.0	0.0	0.5380554488495852	0.0	0.2594248809423733	1.4338236775415418	0.0	0.0	0.0	0.0	0.0	0.0	0.0	0.0	0.0
ERR1624557	0.0	0.0	0.4372111848255201	0.5568930649728892	0.0	0.0	0.0	0.27144651288090155	0.0	0.7930774308312765	0.0	0.0	1.7908547199681455	1.3561691152743014	0.0	0.0	0.0	0.0	0.0	0.4372111848255201	1.883900158991953	0.0	0.4372111848255201	0.0	1.732122430163891	0.0	0.4372111848255201	0.0	1.445873204157694	0.0	0.5568930649728892	1.8585405925086438	0.27144651288090155	1.4591750766080396	2.0758707037817348	0.7930774308312765	0.0	0.0	0.0	0.0	0.0	0.0	0.0	0.0	0.0	0.0	0.0	0.0	0.0	0.0	0.0	0.0	2.5376259837961204	0.27144651288090155	0.0	0.0	0.0	2.106434797560726	0.0	3.1856975817199107	0.0	0.0	0.0	0.0	0.0	0.0	1.7908547199681455	0.0	0.0	0.0	0.0	0.27144651288090155	1.6559378559937048	0.0	0.0	0.0	0.0	0.0	0.0	0.0	0.0	0.0	0.0	0.0	1.8371297006018514	0.0	0.27144651288090155	0.0	0.27144651288090155	0.0	0.0	0.0	0.0	0.0	0.27144651288090155	0.0	0.0	0.0	0.27144651288090155	0.0	0.27144651288090155	0.0	0.7930774308312765	2.941333038946623	0.0	2.595870505372538	0.0	0.0	0.0	0.0	0.0	0.0	0.0	0.0	0.27144651288090155	0.0	0.27144651288090155	0.0	0.0	0.0	0.0	0.0	0.0	0.0	0.0	0.0	0.27144651288090155	0.0	0.0	0.7276630562341335	0.0	0.0	0.0	0.0	0.0	0.0	0.0	0.27144651288090155	0.0	0.0	3.279738251979203	0.0	0.0	0.0	0.0	0.9452073435696989	0.0	0.0	0.8499165076242964	0.0	0.0	0.0	1.146887185117529	0.0	0.0	0.0	0.0	1.1729761547024282	0.4372111848255201	0.0	0.0	0.27144651288090155	0.0	0.27144651288090155	3.2542519702051225	0.0	1.321616862519305	0.0	0.0	0.27144651288090155	0.0	0.0	1.6028570634278374	1.146887185117529	0.0	0.0	0.0	0.0	0.4372111848255201	0.0	0.0	0.27144651288090155	0.0	0.27144651288090155	0.0	0.27144651288090155	0.27144651288090155	0.0	0.27144651288090155	0.0	0.0	0.0	0.0	1.1975863211563755	0.0	1.0233057747280232	0.0	0.0	0.0	0.0	0.0	0.0	0.0	0.0	0.9860097371300673	0.0	0.0	0.0	0.27144651288090155	0.0	0.0	0.0	0.0	1.0576506937942372	0.0	2.3937455128021794	2.1870148499910735	0.7930774308312765	0.0	0.0	0.0	0.27144651288090155	0.0	0.0	0.0	2.6877498484475453	0.0	0.0	0.0	0.0	0.0	0.0	0.0	0.0	0.0	0.0	0.0	0.0	0.0	0.0	1.5423732649203992	0.0	0.0	0.0	0.0	0.0	0.0	0.0	0.0	0.9001702326413976	0.0	1.0233057747280232	0.27144651288090155	0.0	0.27144651288090155	0.0	0.0	0.0	0.0	0.0	0.0	0.0	0.0	0.0	0.7276630562341335	0.9860097371300673	0.0	0.0	0.27144651288090155	0.0	0.0	0.0	0.0	0.0	0.0	0.0	0.0	0.0	1.5086479975495055	0.0	0.0	0.0	0.8499165076242964	0.4372111848255201	0.0	0.27144651288090155	0.0	0.0	2.4664949071341016	1.3392365183126427	0.0	0.0	0.9860097371300673	0.0	0.0	0.0	0.0	1.8688627856147733	0.0	0.0	0.4372111848255201	0.0	0.0	0.0	0.0	0.27144651288090155	0.0	0.0	0.0	0.0	0.27144651288090155	0.0	0.0	0.0	0.0	0.0	0.0	0.0	0.0	0.0	2.5128764751918284	0.0	2.8772651920108006	1.445873204157694	0.0	0.0	0.0	0.0	0.0	0.0	0.0	3.2951069029750752	0.0	0.0	0.0	0.0	0.0	0.0	2.1720507408598597	0.27144651288090155	0.0	0.0	0.0	0.0	0.0	0.0	0.0	0.0	0.0	0.0	0.6506181476218988	2.827495642374442	2.0147697403930946	0.0	0.5568930649728892	0.0	0.27144651288090155	2.2108633051928477	0.0	1.672281488619404	0.0	0.9860097371300673	0.0	0.0	0.0	0.0	0.6506181476218988	0.0	0.0	0.0	0.0	0.0	0.0	0.0	0.0	0.0	0.0	0.0	0.0	0.0	0.27144651288090155	0.0	0.0	2.2591309334944896	0.0	0.0	0.0	0.0	0.7276630562341335	1.8984342435404655	0.4372111848255201	0.0	0.0	0.0	0.0	0.0	0.0	1.5314199448170018	0.0	0.0	0.0	0.0	0.0	1.146887185117529	1.9563358479446156	0.27144651288090155	0.0	0.0	0.0	0.0	0.0	0.4372111848255201	0.0	0.0	2.74495247092015	0.0	0.0	1.1975863211563755	0.0	0.0	0.0	0.0	0.0	0.0	0.0	0.0	0.0
ERR1624558	0.0	0.0	0.2945416850088622	0.0	0.0	0.0	0.0	0.0	0.2945416850088622	1.600032460291309	0.0	0.0	2.154332595602428	0.8339151469108607	0.0	0.0	0.0	0.0	0.0	0.2945416850088622	1.9413149435169927	0.0	0.0	0.0	0.2945416850088622	0.0	0.5922908090511814	0.0	2.1453796337673663	0.0	0.468448452546113	2.3796756621899537	0.0	1.4787146432571399	2.2836571966947115	1.7505817645913018	0.0	0.0	0.0	0.0	0.0	0.0	0.0	0.0	0.0	0.0	0.0	0.0	0.2945416850088622	0.2945416850088622	0.0	0.0	2.0733935910228958	0.0	0.0	0.2945416850088622	0.0	2.1572763662524768	0.0	3.409027157381317	0.0	0.0	0.0	0.2945416850088622	0.0	0.468448452546113	1.6104901912582692	0.0	0.0	0.0	0.0	0.0	0.0	0.0	0.0	0.0	0.0	0.0	0.0	0.0	0.0	0.0	0.2945416850088622	0.468448452546113	1.3492295483414312	0.0	0.0	0.0	0.0	0.0	0.0	1.3676889384746564	0.0	0.0	1.1918737782219688	0.0	0.98825033151329	0.0	0.0	0.0	0.8339151469108607	0.0	0.0	0.8339151469108607	0.0	3.0588182281929432	0.0	0.0	0.0	0.0	0.0	0.6885416629789413	0.0	0.0	0.0	0.0	0.0	0.2945416850088622	0.0	0.6885416629789413	0.0	0.0	0.0	0.0	0.0	0.0	0.0	0.0	0.0	0.0	0.0	0.0	0.0	0.0	0.0	0.0	0.0	2.154332595602428	0.0	0.0	1.2181540063789744	0.2945416850088622	0.2945416850088622	0.0	0.0	0.2945416850088622	0.0	0.0	2.1173570541153843	0.0	0.0	1.163900253325292	1.5313721034099737	1.3853956099462037	0.0	0.0	0.7672829131762081	0.8339151469108607	0.468448452546113	0.0	1.8735880505027762	0.0	0.0	0.2945416850088622	2.7466159010298177	0.0	0.0	0.0	0.0	0.0	0.0	0.0	1.8504296274915848	0.0	0.0	0.0	0.468448452546113	0.0	1.5187941207131517	0.0	0.0	0.0	0.0	0.0	0.0	0.0	0.0	0.0	0.0	0.0	0.0	0.0	0.0	0.6885416629789413	0.0	0.2945416850088622	0.0	0.2945416850088622	0.98825033151329	0.0	0.0	0.0	0.0	0.0	0.2945416850088622	0.0	0.0	0.2945416850088622	0.98825033151329	0.0	0.0	0.0	0.0	0.468448452546113	0.0	2.661814174932011	0.8916710273626876	1.6947553415067333	0.0	0.0	0.2945416850088622	0.2945416850088622	0.0	0.0	0.0	0.0	0.0	0.5922908090511814	0.0	0.0	0.0	0.0	0.0	0.0	0.0	0.0	0.0	0.0	0.0	0.2945416850088622	1.7652973967199614	0.0	0.0	0.0	0.0	0.0	0.0	0.2945416850088622	0.0	0.5922908090511814	0.0	0.468448452546113	0.0	0.0	0.2945416850088622	0.0	0.0	0.2945416850088622	0.2945416850088622	0.0	0.0	0.0	0.0	0.0	0.7672829131762081	0.6885416629789413	0.0	0.0	0.0	0.0	0.0	0.0	0.0	0.0	0.0	0.0	0.0	0.468448452546113	1.8383702359842573	0.0	0.0	0.0	0.0	0.0	0.0	0.0	0.0	0.0	1.9413149435169927	0.0	0.0	0.0	0.0	0.0	0.0	0.0	0.2945416850088622	1.7353499671989279	0.0	0.0	0.0	0.0	1.163900253325292	0.0	0.0	0.0	0.0	0.0	0.2945416850088622	0.0	0.2945416850088622	0.0	0.0	0.0	0.468448452546113	0.0	0.0	0.0	0.0	0.6885416629789413	1.9364640973152538	2.058919454916836	1.9009006703235845	0.0	0.0	0.0	0.0	0.0	0.0	0.0	0.0	2.7343605249405325	0.0	0.0	0.0	0.0	0.0	0.2945416850088622	1.5893166825992702	0.9426398537580297	0.0	0.2945416850088622	0.0	0.0	0.2945416850088622	0.0	0.0	0.0	0.0	0.0	2.139306784079653	1.3853956099462037	2.11412881758514	0.0	1.4497804474646738	0.0	0.0	2.2225305855500412	0.0	1.0672109650008497	0.0	1.163900253325292	0.0	1.6499712695901578	0.2945416850088622	0.0	1.3853956099462037	0.0	0.0	0.0	0.468448452546113	0.0	0.468448452546113	0.0	0.2945416850088622	0.0	0.0	0.0	0.2945416850088622	0.0	0.0	0.0	0.0	3.7716870455717526	0.0	0.0	0.0	0.0	0.0	0.7672829131762081	0.468448452546113	0.0	0.0	0.0	0.0	0.0	0.0	0.0	0.0	0.0	0.0	0.0	0.0	0.5922908090511814	1.4345568104825333	0.0	0.0	0.0	0.0	0.0	0.0	0.0	0.0	0.0	0.468448452546113	0.0	0.0	0.2945416850088622	0.0	0.0	0.0	0.0	0.6885416629789413	0.0	0.0	0.0	0.0
ERR1624559	0.5329627192758754	0.0	0.0	1.1894851889103957	0.0	0.0	0.0	0.0	0.0	0.9156587898775403	0.0	1.5411160913889006	1.5411160913889006	0.3435697001539497	0.0	0.0	0.0	0.3435697001539497	0.0	0.0	2.2480945713099545	0.0	0.5329627192758754	0.0	0.846899141384539	0.0	0.6644026117241134	0.3435697001539497	1.843429835114826	0.0	0.3435697001539497	2.1180276916219434	0.3435697001539497	1.4933946522412715	1.7958572539270417	1.2220823955194549	0.0	0.0	0.0	0.0	0.0	0.0	0.0	0.0	0.0	0.0	0.0	0.0	0.0	0.0	0.0	0.0	3.2073577658168952	0.3435697001539497	0.0	0.3435697001539497	0.5329627192758754	1.1158826910412956	0.0	3.380097630345936	0.0	0.0	0.0	0.5329627192758754	0.0	1.0272086927452468	2.1017645435559187	0.5329627192758754	0.0	0.0	0.0	1.1542413097707858	0.3435697001539497	0.0	0.0	0.0	0.3435697001539497	0.0	0.0	0.0	0.3435697001539497	0.0	0.0	0.0	1.5702456456200666	0.0	0.0	0.3435697001539497	0.5329627192758754	0.0	0.0	0.5329627192758754	0.0	0.0	1.1894851889103957	0.0	0.0	0.0	0.3435697001539497	0.0	1.3999567411149423	0.0	0.0	2.9527550949412134	0.0	2.3596450809043095	0.0	0.0	0.0	0.0	0.0	0.7651671121732946	0.0	0.0	0.0	0.0	0.0	0.0	1.3324164023588854	0.9156587898775403	0.0	0.0	0.0	0.0	0.0	0.0	0.0	0.0	0.0	0.0	0.0	0.0	0.0	0.5329627192758754	0.0	0.0	0.0	1.843429835114826	0.0	0.3435697001539497	0.9156587898775403	0.5329627192758754	0.0	0.3435697001539497	0.0	0.0	0.0	0.3435697001539497	1.8041567648235453	0.0	0.0	1.5559250495713506	1.7130229088921558	2.518761742099647	0.0	0.0	1.0738049472977527	0.0	0.7651671121732946	0.0	2.667677025167734	0.0	0.3435697001539497	0.5329627192758754	2.780971545385398	0.0	0.5329627192758754	0.0	0.0	0.0	0.0	0.0	1.7699624154252829	0.9750054321412224	0.0	0.0	0.0	0.0	1.6105749775628797	0.0	0.0	1.1894851889103957	0.0	0.3435697001539497	0.0	0.0	1.6474754175889117	0.0	1.3999567411149423	0.0	0.0	0.0	0.0	1.0738049472977527	0.0	0.0	0.0	0.6644026117241134	0.3435697001539497	0.0	0.0	0.0	0.0	0.0	0.0	0.0	0.0	0.0	1.4397746384754244	0.0	0.0	0.0	0.0	0.0	0.3435697001539497	2.3163790584876294	1.7130229088921558	1.0272086927452468	0.5329627192758754	0.0	0.3435697001539497	0.846899141384539	0.6644026117241134	0.3435697001539497	0.0	0.0	0.5329627192758754	1.1542413097707858	0.0	0.0	0.0	0.0	0.0	0.0	0.0	0.0	1.1542413097707858	0.0	0.0	0.0	1.635520280624432	0.0	0.0	0.0	0.0	0.0	0.0	0.6644026117241134	0.0	0.0	0.0	0.9750054321412224	1.1158826910412956	0.0	0.3435697001539497	0.0	0.0	0.0	0.0	0.0	0.0	0.0	0.0	0.0	0.3435697001539497	0.3435697001539497	0.0	0.0	0.0	0.0	0.0	0.0	1.4397746384754244	0.0	0.0	0.0	0.0	1.3073481800748463	1.7699624154252829	0.0	0.0	0.0	0.0	0.0	0.0	0.3435697001539497	0.3435697001539497	0.0	2.411349045666822	0.846899141384539	0.0	0.3435697001539497	0.0	0.0	0.0	0.0	0.7651671121732946	2.2654884654682443	0.0	0.0	0.0	0.0	1.8653947139181628	0.0	0.0	0.0	0.3435697001539497	0.0	0.0	0.0	1.0738049472977527	0.0	0.0	0.0	0.0	0.0	2.4993000714370597	0.0	0.0	0.0	0.0	0.0	2.8672016759142767	1.0272086927452468	0.0	0.0	0.0	0.0	0.0	0.0	0.0	3.1319821615789856	0.0	0.0	0.0	0.0	0.0	0.3435697001539497	2.5969295890068462	0.0	0.3435697001539497	0.0	0.0	0.3435697001539497	0.0	0.0	0.0	0.0	0.0	0.0	1.6814846157973338	1.3561162685913768	2.5419230725613584	0.0	1.1542413097707858	0.0	0.5329627192758754	2.464790747265826	0.5329627192758754	1.4583933181909494	0.0	0.846899141384539	0.0	2.2956734147928786	0.0	0.0	1.778766701029751	0.0	0.0	0.0	0.5329627192758754	0.0	1.0272086927452468	1.4397746384754244	0.3435697001539497	0.3435697001539497	0.0	0.0	0.5329627192758754	0.0	0.0	0.0	0.5329627192758754	3.161124598308173	0.0	0.0	0.0	0.0	0.7651671121732946	1.1542413097707858	0.0	0.0	0.0	0.0	0.0	0.3435697001539497	0.0	0.0	0.0	0.0	0.0	0.0	0.0	0.846899141384539	1.7958572539270417	0.0	0.0	0.3435697001539497	0.0	0.0	0.0	0.0	0.0	0.0	0.0	0.0	0.0	1.8508755789656788	0.3435697001539497	0.0	0.0	0.0	0.0	0.0	0.0	0.3435697001539497	0.0
ERR1624560	0.0	0.0	0.330679090737532	1.2298944239103982	2.672169454351704	0.0	0.0	0.0	0.330679090737532	1.4703030652906475	0.0	1.9199884165773717	1.9199884165773717	0.0	0.0	0.0	0.0	0.0	0.0	1.889120212869331	2.2273010161427167	0.0	0.745483198540243	0.0	0.0	0.0	0.0	0.0	1.9912755272598874	0.0	0.0	1.5179426283995767	0.6458075866105145	0.330679090737532	1.1671900740984031	1.7887996284582188	0.0	0.0	0.0	0.0	0.0	0.0	0.0	0.0	0.0	0.0	0.0	0.0	0.330679090737532	0.0	0.0	0.0	1.9259072468775706	0.0	0.0	0.330679090737532	0.0	2.753650954147939	0.0	3.0979561355492966	0.0	0.0	0.0	0.0	0.0	0.0	1.84892631921279	0.0	0.0	0.0	0.0	0.0	0.0	0.0	0.0	0.0	0.0	0.0	0.0	1.1996729406288806	0.0	0.0	0.0	0.0	0.0	0.0	0.0	1.2581489990131982	0.0	0.0	0.0	0.8264984412944094	0.0	0.0	0.0	0.516220018316902	1.3557358626688765	0.0	0.330679090737532	0.0	1.3973744140303133	0.0	0.8264984412944094	2.2093122805791015	0.0	3.1514810697576463	0.0	0.0	0.0	0.0	0.0	0.0	0.0	0.0	0.0	0.0	0.0	0.330679090737532	1.2298944239103982	0.0	0.0	0.0	0.0	0.0	0.0	0.0	0.0	0.0	0.0	0.330679090737532	0.0	0.0	0.0	0.0	0.0	0.0	0.0	2.4738372094670114	0.0	0.0	2.157346351792226	0.330679090737532	0.0	0.330679090737532	0.0	0.8264984412944094	0.0	0.330679090737532	1.7723708241769942	0.0	0.0	1.3333170607209952	1.9861886352584557	2.6700554582027176	0.0	0.0	0.516220018316902	1.9079031204672003	0.330679090737532	0.330679090737532	2.3493844130880834	0.0	0.330679090737532	0.0	2.3646338455723983	0.0	0.330679090737532	0.0	0.0	0.0	0.0	0.516220018316902	1.635769031785365	1.5026361524603011	0.0	0.0	1.00562925503812	0.0	1.2581489990131982	0.0	0.0	0.0	0.0	0.0	0.0	0.0	1.5608691475045404	0.0	0.0	0.0	0.8264984412944094	0.0	0.0	0.0	0.0	0.0	0.0	0.0	0.0	0.0	0.0	0.0	0.0	0.0	1.051992112048419	0.0	0.0	0.0	1.3096776798222145	0.0	0.0	0.0	0.0	0.0	0.0	2.531438557117753	1.5470264445035697	1.051992112048419	0.0	0.0	0.330679090737532	0.0	0.516220018316902	0.0	0.0	0.0	0.0	0.330679090737532	0.0	0.0	0.0	0.0	0.0	0.0	0.0	0.8947505029814125	0.0	0.6458075866105145	0.0	0.0	0.516220018316902	0.0	0.0	0.0	0.0	0.0	0.0	0.0	0.0	0.0	0.0	0.8947505029814125	1.5327279514557637	0.0	3.112351253575854	0.0	0.0	0.0	0.0	0.0	0.0	0.0	0.0	0.0	0.0	0.0	0.0	0.0	0.0	0.0	0.0	0.0	0.330679090737532	0.0	0.0	0.0	0.0	0.8947505029814125	0.0	0.0	0.0	0.0	0.330679090737532	0.330679090737532	0.0	0.6458075866105145	0.0	0.0	1.3096776798222145	0.0	0.0	0.0	0.0	0.0	0.0	0.0	0.330679090737532	2.3537963048619774	0.0	0.0	0.0	0.0	0.6458075866105145	0.0	0.0	0.516220018316902	0.0	0.0	0.516220018316902	0.330679090737532	1.0938794701584567	0.0	0.0	0.0	0.0	0.0	0.0	0.0	0.0	0.0	0.0	2.110005103561123	2.7864672291044243	0.0	0.0	0.0	0.0	0.0	0.0	0.0	0.0	1.3096776798222145	0.0	0.0	0.0	0.0	0.0	0.0	1.7887996284582188	0.0	0.0	0.516220018316902	0.330679090737532	0.330679090737532	0.0	0.0	0.0	0.0	0.0	0.0	0.0	2.3814303118674904	2.1138356900861193	0.0	1.1996729406288806	0.0	0.0	2.2360234722449177	0.0	1.3973744140303133	0.0	0.0	0.0	2.1138356900861193	0.0	0.0	1.8046295386898208	0.0	0.0	0.0	0.330679090737532	0.0	1.00562925503812	2.069717632718762	0.0	0.0	0.0	0.0	0.0	0.0	0.0	0.0	0.516220018316902	3.5888658716747464	0.0	0.0	0.0	0.0	0.0	1.937508273004789	0.330679090737532	0.0	0.0	0.0	0.0	0.330679090737532	0.0	0.0	0.0	0.0	0.0	0.0	0.0	0.0	1.3770539661569934	0.0	0.0	0.0	0.0	0.0	0.0	0.0	0.0	0.0	1.66887315629732	0.0	0.0	1.4353677571488697	0.0	0.0	0.0	0.0	0.0	0.0	0.0	0.330679090737532	0.0
ERR1624561	0.0	0.0	0.527223017576629	0.0	0.0	0.0	0.0	0.0	0.0	0.0	0.0	0.0	1.9914060111084106	0.8399247106255128	0.0	0.0	0.0	0.0	0.0	1.10836951025475	2.320732474573443	0.0	0.0	0.0	0.0	0.3391376999579311	0.527223017576629	0.0	1.4683787960865389	0.0	0.527223017576629	1.9530666679061146	0.0	0.6580368114173167	1.8428492910698921	0.0	0.0	0.0	0.0	0.0	0.8399247106255128	0.0	0.0	0.0	0.0	0.0	0.0	0.0	0.0	0.0	0.0	0.0	2.768485616336562	0.3391376999579311	0.0	0.0	0.0	2.481116617805891	0.0	2.9617936567226812	0.0	0.0	0.0	0.0	0.0	0.8399247106255128	1.715059816077514	0.0	0.0	0.0	0.0	0.527223017576629	0.0	0.0	0.0	0.0	0.0	0.0	0.0	0.0	0.0	0.0	0.0	0.0	0.0	0.0	0.0	1.1818740186003376	0.0	0.0	0.0	0.3391376999579311	0.3391376999579311	0.0	0.0	0.0	0.0	0.0	0.8399247106255128	0.0	0.527223017576629	0.0	0.0	1.9643704341781407	0.0	2.496131461779453	0.3391376999579311	0.0	0.0	0.0	0.0	0.0	0.0	0.0	0.0	0.0	0.0	0.0	1.7050398904591622	0.8399247106255128	0.0	0.0	0.0	0.0	0.0	0.0	0.9085135711604327	0.0	0.0	0.0	0.0	0.0	0.0	0.0	0.0	0.0	0.3391376999579311	0.6580368114173167	0.0	0.0	0.8399247106255128	0.0	0.0	0.8399247106255128	0.0	0.3391376999579311	0.0	0.0	1.7438029804834272	0.0	0.0	0.6580368114173167	1.5178870039690924	1.06635570302163	0.0	0.0	0.3391376999579311	0.6580368114173167	0.8399247106255128	0.0	1.392141718087437	0.0	0.0	0.0	2.2187866370594413	0.0	0.3391376999579311	0.0	0.0	0.0	0.0	0.0	1.8644443152207286	0.8399247106255128	0.0	0.0	0.0	0.0	0.3391376999579311	0.0	0.0	0.0	0.3391376999579311	0.0	0.527223017576629	0.0	1.06635570302163	0.0	0.0	0.0	0.0	0.0	0.3391376999579311	0.527223017576629	0.0	0.3391376999579311	0.0	0.0	0.3391376999579311	0.0	0.0	0.0	0.0	0.0	0.3391376999579311	0.0	0.0	0.3391376999579311	0.3391376999579311	0.0	0.0	0.0	0.0	0.3391376999579311	0.0	2.183207265494202	1.0198378549128304	0.3391376999579311	0.0	0.0	2.1517596171728584	0.0	0.0	0.0	0.0	0.0	0.0	0.0	0.0	0.0	0.0	0.0	0.0	0.0	0.0	2.6516012397873987	0.0	2.465564019041668	0.0	0.0	1.947302505497376	0.0	0.0	0.0	0.0	0.0	0.0	0.0	0.0	0.9085135711604327	0.0	0.3391376999579311	0.0	0.0	0.3391376999579311	0.0	0.0	0.0	0.0	0.0	0.0	0.0	0.0	0.0	1.0198378549128304	1.812276768493868	0.0	0.0	0.0	0.0	0.0	0.0	0.0	0.0	0.0	0.0	0.0	0.3391376999579311	1.917275037386491	0.0	0.0	0.0	0.9085135711604327	0.0	0.0	0.3391376999579311	0.0	0.0	2.237031237690815	0.0	0.0	0.3391376999579311	0.0	0.0	0.0	0.0	0.0	1.1818740186003376	0.0	0.0	0.0	0.0	0.3391376999579311	0.0	0.0	0.0	0.0	0.0	0.0	0.0	0.0	0.0	0.0	0.0	0.0	0.0	0.0	0.0	0.0	0.0	0.9677330096630061	2.224953725106756	2.453070353912637	0.0	0.0	0.0	0.0	0.0	0.0	0.0	0.0	0.527223017576629	0.0	0.0	0.0	0.0	0.0	0.0	1.6026342807062846	0.3391376999579311	0.0	0.0	0.0	0.0	0.0	0.0	0.0	0.0	0.0	0.0	1.7793879837319666	0.7584340845046813	1.6026342807062846	0.0	0.6580368114173167	0.0	0.0	2.6771982484662087	0.0	1.370790929261125	0.0	0.9085135711604327	0.0	1.0198378549128304	0.0	0.0	0.9677330096630061	0.0	0.0	0.0	0.0	0.0	0.0	0.0	0.0	0.0	0.0	0.0	0.0	0.0	0.0	0.0	0.3391376999579311	3.926524215123076	0.0	0.0	0.0	0.0	1.06635570302163	0.527223017576629	0.0	0.0	0.0	0.3391376999579311	0.0	0.0	0.0	0.0	0.0	0.0	0.0	0.0	0.0	0.7584340845046813	1.06635570302163	0.0	0.0	0.0	0.0	0.0	0.0	0.0	0.0	0.0	0.527223017576629	0.0	0.0	0.0	0.0	0.0	0.0	0.0	0.0	0.0	0.0	0.0	0.0
ERR1624562	0.0	0.0	0.30939111745646153	0.0	0.0	0.30939111745646153	0.0	0.0	0.30939111745646153	1.056476984717947	0.0	2.69777168632469	1.8156468076355639	1.4631415096867455	0.0	0.0	0.0	0.0	0.0	0.30939111745646153	2.0808821691611117	0.0	0.0	0.0	0.0	0.30939111745646153	0.0	0.4882340246002119	1.5475649514538912	0.0	0.4882340246002119	2.332456133784912	0.4882340246002119	1.1915707213339026	2.1303826252830422	0.6145420749314638	0.0	0.0	0.0	0.0	0.0	0.0	0.0	0.0	0.0	0.0	0.0	0.0	0.0	0.0	0.0	0.0	1.8914088200794736	0.0	0.0	0.0	0.0	2.380105926918218	0.0	3.2482791604602936	0.0	0.0	0.0	0.0	0.0	0.4882340246002119	1.8156468076355639	0.0	0.0	0.0	0.0	0.0	0.4882340246002119	0.0	0.0	0.30939111745646153	0.0	0.0	0.30939111745646153	0.0	0.0	0.0	0.0	0.0	0.8593343496227687	0.30939111745646153	0.0	0.4882340246002119	0.0	0.0	0.0	0.4882340246002119	0.0	0.0	1.3380089899616419	0.0	0.0	0.0	0.30939111745646153	0.0	1.1292556742367856	0.0	1.0149360207927955	2.6185836678629095	0.0	2.9418570983687022	0.0	0.0	0.0	0.0	0.0	0.7122716086045736	0.0	0.0	0.0	0.0	0.0	0.30939111745646153	0.0	0.0	0.0	0.0	0.0	0.0	0.0	0.0	0.0	0.0	0.0	0.0	0.30939111745646153	0.0	0.0	0.0	0.0	0.0	0.4882340246002119	1.056476984717947	0.0	0.0	1.1915707213339026	0.30939111745646153	0.0	0.0	0.0	0.0	1.5345854728814923	0.0	1.1915707213339026	0.0	0.0	0.9689972318497779	1.3380089899616419	2.2286521944164965	0.0	0.0	0.7919983438830764	0.30939111745646153	0.0	0.0	2.428121017031401	0.0	0.8593343496227687	0.0	2.5788126444861015	0.0	0.4882340246002119	0.0	0.0	0.0	0.0	0.0	1.6883162338872615	1.4631415096867455	0.0	0.0	0.30939111745646153	0.0	1.5475649514538912	0.0	0.0	0.30939111745646153	0.0	0.0	0.0	0.0	0.0	0.0	0.7919983438830764	0.0	0.0	0.0	0.0	1.056476984717947	0.0	0.30939111745646153	0.30939111745646153	0.6145420749314638	0.0	0.0	0.0	0.0	0.0	0.0	0.8593343496227687	0.0	0.0	0.0	1.1292556742367856	0.0	0.0	0.0	0.0	0.0	0.0	2.1687381852132877	1.2944616774141011	0.8593343496227687	0.0	0.0	0.7122716086045736	0.0	0.30939111745646153	0.0	0.0	0.30939111745646153	0.0	0.4882340246002119	0.0	0.0	0.0	0.0	0.0	0.0	0.0	0.30939111745646153	0.6145420749314638	0.0	0.0	0.0	0.8593343496227687	0.0	0.0	0.0	0.0	0.0	0.0	0.0	0.0	0.0	0.0	0.6145420749314638	0.30939111745646153	0.0	0.0	0.0	0.0	0.0	0.0	0.0	0.0	0.0	0.0	0.0	0.0	0.917617979942111	0.0	0.0	0.0	0.0	0.0	0.0	0.0	0.0	0.0	0.0	0.0	0.7919983438830764	1.9194510938962528	0.0	0.0	0.6145420749314638	0.0	0.0	0.0	1.2709329635329065	0.0	0.0	1.9457919883409336	1.0943890725855456	0.0	0.0	0.8593343496227687	0.0	0.0	0.0	0.6145420749314638	1.772153941642972	0.0	0.0	0.0	0.0	1.5345854728814923	0.30939111745646153	0.0	0.0	0.0	0.0	0.4882340246002119	0.0	0.8593343496227687	0.0	0.0	0.0	0.0	0.30939111745646153	2.2259789889320634	0.0	0.0	0.30939111745646153	2.140293734711442	0.0	2.1531662297295906	0.0	0.0	0.0	0.0	0.0	0.0	0.0	0.0	2.4038875224692338	0.0	0.0	0.0	0.0	0.0	0.30939111745646153	1.7405334216678818	0.30939111745646153	0.0	0.30939111745646153	0.0	0.30939111745646153	0.0	0.0	0.0	0.30939111745646153	0.0	0.0	1.7322549943977408	1.8358619266532754	1.8488341504686447	0.0	1.2709329635329065	0.0	0.0	1.8423964712323304	0.0	0.30939111745646153	0.0	0.7122716086045736	0.0	1.902843913170416	0.0	0.0	1.0149360207927955	0.0	0.0	0.0	0.4882340246002119	0.0	0.6145420749314638	1.1915707213339026	0.6145420749314638	0.0	0.30939111745646153	0.0	0.0	0.0	0.0	0.30939111745646153	0.0	3.830676172093537	0.0	0.0	0.0	0.0	0.0	1.697466823085953	0.0	0.0	0.0	0.0	0.30939111745646153	0.0	0.0	0.0	0.0	0.30939111745646153	0.0	0.0	0.0	0.6145420749314638	1.697466823085953	0.0	0.0	0.0	0.0	0.0	0.0	0.0	0.0	0.0	2.012035307340753	0.0	0.0	1.4931434793137373	0.0	0.0	0.0	0.0	0.0	0.0	0.0	0.0	0.0
ERR1624563	0.0	0.0	0.0	0.7671009869696721	0.0	0.0	0.0	0.0	0.0	0.9770925712254823	0.0	0.3448470041232964	1.5280486645214653	0.5346137086975096	0.0	0.0	0.0	0.0	0.0	0.0	2.0871832140552566	0.0	0.0	0.0	0.0	0.0	0.0	0.0	1.25460638669313	0.0	0.3448470041232964	2.0370121396160354	0.0	0.7671009869696721	1.8064539723958806	0.0	0.0	0.0	0.0	0.0	0.91770980715461	0.0	0.0	0.0	0.0	0.0	0.3448470041232964	0.0	0.0	0.0	0.0	0.0	2.229199969981879	0.3448470041232964	0.0	0.0	0.0	1.7632693319000368	0.0	2.4412166793085897	0.0	0.0	0.0	0.0	0.0	0.7671009869696721	1.3095672172707433	0.8489016389644458	0.0	0.0	0.0	0.7671009869696721	0.0	0.0	0.0	0.0	0.0	0.0	0.0	0.0	0.0	0.0	0.0	0.0	0.5346137086975096	0.0	0.0	0.0	0.0	0.0	0.0	0.3448470041232964	0.0	0.0	0.6662320021301669	0.0	0.0	0.3448470041232964	0.3448470041232964	0.3448470041232964	1.1916684553402455	0.0	0.0	1.512153145339704	0.0	1.8676967270246538	0.0	0.0	0.0	0.0	0.0	0.5346137086975096	0.0	0.0	0.0	0.0	0.0	0.5346137086975096	0.0	0.0	0.0	0.0	0.0	0.0	0.0	0.0	1.5725167773185642	0.0	0.0	0.0	0.0	0.3448470041232964	0.0	0.0	0.0	0.0	0.6662320021301669	0.8489016389644458	0.0	0.0	1.3346418740715003	0.5346137086975096	0.0	0.0	0.0	0.3448470041232964	0.0	0.0	1.3346418740715003	0.0	0.0	1.442023826349813	0.5346137086975096	0.8489016389644458	0.0	0.0	1.0759422755680919	1.2242765448954014	0.0	0.0	2.694089256293814	0.0	0.6662320021301669	0.0	1.6497567506157322	0.0	0.9770925712254823	0.0	0.0	0.0	0.0	0.0	1.1180381606253322	0.5346137086975096	0.0	0.0	0.3448470041232964	0.0	0.0	0.0	0.0	1.9338013257025275	0.0	0.0	0.0	0.0	0.5346137086975096	0.0	0.6662320021301669	0.0	0.0	0.0	0.0	0.0	0.0	0.0	0.0	0.0	1.1180381606253322	0.0	0.0	0.0	0.0	0.0	0.0	0.0	0.0	0.0	1.2829556477302848	0.0	0.0	0.0	0.0	0.0	0.0	1.3808258560246631	1.25460638669313	0.5346137086975096	0.0	0.0	0.3448470041232964	0.0	0.0	0.0	0.0	0.0	0.0	0.0	0.0	0.0	0.0	0.0	0.0	0.0	0.3448470041232964	0.0	0.0	0.3448470041232964	0.0	0.0	1.7050501308586132	0.0	0.0	0.0	0.0	0.0	0.0	0.3448470041232964	0.0	0.0	0.0	0.6662320021301669	0.6662320021301669	0.0	0.3448470041232964	0.0	0.0	0.0	0.0	0.0	0.0	0.0	0.0	0.0	0.0	0.3448470041232964	0.0	0.0	0.0	0.0	0.0	0.0	0.0	0.0	0.0	0.0	0.0	1.0759422755680919	1.7351345712016022	0.0	0.0	0.3448470041232964	0.5346137086975096	0.0	0.0	0.0	0.0	0.0	1.9338013257025275	0.3448470041232964	0.0	0.0	0.0	0.0	0.0	0.0	0.6662320021301669	0.8489016389644458	0.0	0.0	0.0	0.0	0.5346137086975096	0.0	0.0	0.5346137086975096	0.0	0.0	0.5346137086975096	0.0	1.3808258560246631	0.0	0.0	0.0	0.0	0.0	0.5346137086975096	0.0	0.0	0.0	1.442023826349813	0.0	2.553179664764424	0.0	0.0	0.0	0.0	0.0	0.0	0.0	0.0	1.683769896856342	0.0	0.0	0.0	0.0	0.0	0.0	1.4785024996779998	0.0	0.0	0.0	0.0	0.0	0.3448470041232964	0.0	0.0	0.0	0.0	0.0	0.9770925712254823	1.0759422755680919	1.0293237693293258	0.0	0.3448470041232964	0.0	0.0	1.5280486645214653	0.3448470041232964	0.8489016389644458	0.0	0.8489016389644458	0.0	2.1474173658933413	0.0	0.0	1.1180381606253322	0.0	0.0	0.0	0.3448470041232964	0.0	1.25460638669313	0.0	0.3448470041232964	0.0	0.0	0.0	0.3448470041232964	0.0	0.0	0.0	0.0	4.059911636088589	0.0	0.0	0.0	0.0	0.0	0.3448470041232964	0.0	0.0	0.0	0.0	0.0	0.0	0.0	0.0	0.0	0.0	0.0	0.0	0.0	0.0	0.91770980715461	0.0	0.0	0.0	0.3448470041232964	0.0	0.0	0.0	0.0	0.0	1.1180381606253322	0.0	0.0	0.3448470041232964	0.3448470041232964	0.0	0.0	0.0	0.0	0.0	0.0	0.0	0.0
ERR1624564	0.0	0.0	0.8958033848450069	1.192906089812665	0.0	0.0	0.0	0.0	0.6467415976805437	0.8456271609629119	0.0	0.0	2.596584047956759	1.65104974804671	0.0	0.0	0.0	0.0	0.0	2.0380380842594343	2.977490372218157	0.0	0.6467415976805437	0.0	0.0	0.0	0.43404550202121817	0.26913030367485324	1.6753341544477576	0.0	0.7888872386944431	2.677309556215301	0.9407782532631453	0.43404550202121817	1.4131739249295294	2.080310066942063	0.0	0.0	0.0	0.0	0.0	0.0	0.0	0.0	0.0	0.0	0.0	0.0	0.0	0.5532864735633298	0.0	0.0	3.1115430096246035	0.0	0.0	0.0	0.0	3.0529807963860613	0.0	3.1735115286425435	0.26913030367485324	0.0	0.0	0.0	0.0	0.0	2.5315465704159483	0.0	0.0	0.26913030367485324	0.0	0.0	0.5532864735633298	0.0	0.0	0.0	0.0	0.0	0.0	0.26913030367485324	0.0	0.0	0.26913030367485324	0.0	0.0	0.0	0.0	0.26913030367485324	0.0	0.0	0.26913030367485324	0.6467415976805437	0.0	0.0	0.5532864735633298	0.0	0.0	0.0	0.5532864735633298	0.0	0.7888872386944431	0.0	0.0	0.7888872386944431	0.0	3.0385551499348518	0.0	0.0	0.0	0.0	0.0	0.43404550202121817	0.0	0.0	0.26913030367485324	0.0	1.4543505842679116	0.0	0.0	0.0	0.0	0.0	0.0	0.0	0.0	0.0	0.0	0.0	0.0	0.0	0.0	0.5532864735633298	0.0	0.0	0.0	0.0	0.0	1.1145131481778556	0.0	0.0	2.4484373051984973	0.0	0.0	0.0	0.0	1.1145131481778556	0.0	0.26913030367485324	1.1422464252793119	0.0	0.0	0.7888872386944431	1.983527853772183	0.5532864735633298	0.0	0.0	0.6467415976805437	1.8838649166966597	0.7236042203443172	0.0	2.315984752366283	0.26913030367485324	1.537518331776358	0.0	2.7068459799577536	0.0	0.0	0.0	0.0	0.0	0.0	0.43404550202121817	1.9121477517452403	1.383380360773907	0.0	0.0	1.7735568977374627	0.0	0.26913030367485324	0.0	0.0	2.29191949937188	0.0	0.0	0.0	0.0	0.5532864735633298	0.0	0.26913030367485324	0.0	0.7236042203443172	0.0	0.0	1.2793383813613208	0.0	0.0	0.0	0.26913030367485324	0.5532864735633298	0.0	0.0	0.0	0.0	0.0	0.8958033848450069	0.26913030367485324	0.0	0.43404550202121817	0.8456271609629119	0.0	0.0	0.0	0.0	0.43404550202121817	0.0	2.5733212779093138	1.8154259572804872	0.43404550202121817	0.0	0.0	0.5532864735633298	0.0	0.26913030367485324	0.0	0.0	0.0	0.0	0.26913030367485324	0.0	0.0	0.0	0.0	0.0	0.0	0.0	0.6467415976805437	0.0	0.0	0.0	0.0	1.983527853772183	0.0	0.0	0.0	0.0	0.0	0.0	0.26913030367485324	0.0	0.0	0.0	0.7888872386944431	1.7735568977374627	0.0	0.0	0.0	0.0	0.0	0.0	0.0	0.0	0.0	0.0	0.0	1.5586226601608215	1.8740126383682543	0.0	0.0	0.0	0.26913030367485324	0.0	0.0	0.0	0.0	0.0	0.0	0.0	0.0	0.0	0.0	0.0	0.0	0.0	0.0	0.0	0.0	0.0	0.0	2.226291999597344	0.0	0.0	0.26913030367485324	0.0	0.0	0.0	0.0	0.0	2.377972954823678	0.0	0.0	0.0	0.0	0.0	0.0	0.0	0.0	0.0	0.0	0.0	0.0	0.43404550202121817	0.0	0.0	0.0	0.0	0.0	0.0	0.0	0.0	0.6467415976805437	2.695722260321486	0.0	2.8264132374415114	0.0	0.0	0.0	0.0	0.0	0.43404550202121817	0.0	0.0	0.43404550202121817	0.0	0.0	0.0	0.26913030367485324	0.0	0.26913030367485324	1.5787487857423559	0.8456271609629119	0.26913030367485324	0.0	0.0	0.0	0.0	0.0	0.0	0.0	0.0	0.0	1.0530916392108405	1.4543505842679116	2.3177818478668697	0.0	0.9407782532631453	0.0	0.0	2.215078858707996	0.0	1.8322037248652345	0.0	1.3168574294571274	0.0	1.698332260420278	0.0	0.0	1.168314508898081	0.0	0.0	0.0	0.5532864735633298	0.0	0.6467415976805437	1.5884725634241283	0.0	0.0	0.26913030367485324	0.0	0.5532864735633298	0.0	0.0	0.5532864735633298	0.0	3.3207335498857846	0.0	0.0	0.0	0.0	0.0	1.367680320083056	0.0	0.0	0.0	0.0	0.0	0.0	0.0	0.0	0.0	0.0	0.0	0.0	0.0	0.0	1.5884725634241283	0.0	0.0	0.0	0.0	0.0	0.0	0.0	0.0	0.0	0.26913030367485324	0.0	0.0	1.2592889275236518	0.26913030367485324	0.0	0.0	0.0	0.0	0.0	0.0	0.0	0.0
ERR1624565	0.23899630278209877	0.0	0.23899630278209877	0.0	0.0	0.0	0.23899630278209877	0.0	0.39227097324181076	0.957687799534122	0.0	0.0	2.2027565359437546	1.6087892991799886	0.0	0.23899630278209877	0.23899630278209877	0.0	0.0	1.7190431533723247	2.3832458694908425	0.23899630278209877	0.5053355606036753	0.0	0.0	0.0	0.0	0.23899630278209877	1.5125901806391004	0.0	0.39227097324181076	2.6255131087736077	0.5053355606036753	1.7541034565897684	2.8827561480644808	0.6692188685246536	0.0	0.0	0.0	0.0	0.0	0.0	0.0	0.0	0.23899630278209877	0.23899630278209877	0.5053355606036753	0.0	0.0	0.6692188685246536	0.0	0.0	3.23075273530367	0.0	0.0	0.0	0.0	2.609365408903184	0.0	3.3216886872405937	0.0	0.0	0.0	1.152539253668092	0.0	0.0	2.363002471088992	0.23899630278209877	0.23899630278209877	0.0	0.0	0.0	1.6604968682447896	0.0	0.0	0.0	0.0	0.23899630278209877	0.0	0.5949620585379634	0.0	0.0	0.0	0.0	0.5949620585379634	0.5053355606036753	0.0	0.9210562850676889	0.0	0.0	0.0	0.6692188685246536	0.0	0.0	0.39227097324181076	0.23899630278209877	0.8810479988299962	0.23899630278209877	0.73261370049538	0.0	1.2865626936671961	0.23899630278209877	0.0	1.4494815124230958	0.0	2.762847987494183	0.0	0.0	0.0	0.0	0.0	0.23899630278209877	0.0	0.0	0.23899630278209877	0.0	0.39227097324181076	0.39227097324181076	1.4494815124230958	0.0	0.0	0.0	0.0	0.0	0.23899630278209877	0.23899630278209877	1.4606572014722747	0.5053355606036753	0.0	0.39227097324181076	0.0	0.9914684530291376	0.0	0.0	0.0	0.0	1.471552506817771	1.7541034565897684	0.0	0.0	2.073374729753116	0.23899630278209877	0.0	0.0	0.0	1.079428671473981	0.0	0.0	2.2354599956341494	0.0	0.0	1.4016597448557138	1.2340960269442973	3.156354248067465	0.0	0.0	0.23899630278209877	2.0918174495129906	0.8369765802193392	0.0	2.441178016085769	0.5053355606036753	0.23899630278209877	0.5949620585379634	2.3602306298161206	0.0	0.0	0.23899630278209877	0.0	0.39227097324181076	0.0	0.6692188685246536	2.1519442396256	1.550082676904604	0.0	0.39227097324181076	0.0	0.0	0.0	0.0	0.0	1.482181153746911	1.152539253668092	0.0	0.8810479988299962	0.0	0.9210562850676889	0.23899630278209877	0.0	0.0	0.0	0.39227097324181076	0.0	0.9914684530291376	0.0	1.302731701420417	0.0	0.73261370049538	0.39227097324181076	0.0	0.23899630278209877	0.0	0.0	0.0	0.787922484056761	0.0	0.0	0.0	1.4016597448557138	0.0	0.0	0.0	0.0	0.23899630278209877	0.23899630278209877	2.3725669257790307	1.806897828578814	0.39227097324181076	0.73261370049538	0.0	0.73261370049538	0.5949620585379634	0.0	0.0	0.0	0.0	0.0	0.73261370049538	0.0	0.0	0.0	0.0	0.0	0.39227097324181076	0.0	0.23899630278209877	0.0	0.9210562850676889	0.5053355606036753	0.0	2.7396835226882965	0.0	0.0	0.5053355606036753	0.0	0.0	0.23899630278209877	0.0	0.0	2.009718167255529	0.0	0.787922484056761	1.022810122238388	0.0	0.23899630278209877	0.0	0.0	0.23899630278209877	0.0	0.23899630278209877	0.0	0.0	0.0	0.0	1.302731701420417	1.4606572014722747	0.0	0.0	0.0	0.0	0.0	0.0	0.0	0.23899630278209877	0.0	0.0	0.23899630278209877	0.5053355606036753	1.6008730682827086	0.0	0.0	0.0	1.2697683487631788	0.5053355606036753	0.0	0.0	0.0	0.39227097324181076	2.4013245658334186	0.9210562850676889	0.0	0.23899630278209877	0.0	0.0	0.0	0.0	0.0	2.3560394123297836	0.0	0.0	0.0	0.0	0.0	0.0	0.0	0.23899630278209877	0.23899630278209877	0.0	0.0	0.0	0.23899630278209877	0.0	0.0	0.0	0.23899630278209877	0.0	0.0	0.0	0.0	0.0	2.6892820750722195	0.0	2.9282897138332173	0.8810479988299962	0.0	0.0	0.23899630278209877	0.0	0.23899630278209877	0.0	0.23899630278209877	1.6674056237510368	0.0	0.23899630278209877	0.0	0.0	0.0	0.0	1.9238560763576384	0.5053355606036753	0.5949620585379634	0.0	0.0	0.0	0.23899630278209877	0.0	0.0	0.0	0.0	0.23899630278209877	0.8369765802193392	1.7759971656416407	2.222290726010938	0.23899630278209877	0.23899630278209877	0.0	0.0	2.295908938094665	0.5053355606036753	1.791722267359135	0.0	0.39227097324181076	0.0	2.135930539304431	0.0	0.0	1.079428671473981	0.0	0.0	0.0	0.6692188685246536	0.23899630278209877	0.8369765802193392	0.787922484056761	0.23899630278209877	0.0	0.0	0.0	0.39227097324181076	0.0	0.0	0.23899630278209877	0.0	2.831883369343302	0.0	0.0	0.0	0.23899630278209877	0.787922484056761	1.3479130012303862	0.0	0.0	0.0	0.0	0.0	0.0	0.0	0.0	0.0	0.0	0.0	0.5053355606036753	0.787922484056761	0.957687799534122	1.8310683768543883	0.0	0.0	0.23899630278209877	0.0	0.0	0.0	0.23899630278209877	0.23899630278209877	0.0	1.7369270083034962	0.0	0.39227097324181076	0.0	0.0	0.23899630278209877	0.39227097324181076	0.0	0.39227097324181076	0.0	0.0	0.23899630278209877	0.0
ERR1624566	0.0	0.0	0.0	0.2565860697336353	2.0681307795095676	0.0	0.0	0.0	0.0	0.6254986889697686	0.0	0.0	1.7205641313630862	1.4007723474987244	0.0	0.0	0.6254986889697686	0.0	0.0	0.6254986889697686	2.0003067593851473	0.0	0.0	0.0	0.0	0.2565860697336353	0.0	0.6254986889697686	1.414455692220386	0.0	0.0	2.3393961384747626	0.0	1.7587732274446881	2.3393961384747626	0.2565860697336353	0.0	0.0	0.2565860697336353	0.0	0.0	0.0	0.0	0.0	0.0	0.0	0.0	0.0	1.190279725600861	0.6254986889697686	0.0	0.0	2.9371418814191013	0.8717841994567923	0.0	0.0	0.0	2.841164907921455	0.0	3.1182918946690705	0.2565860697336353	0.0	0.0	0.0	0.0	0.701331567587979	2.5874996613319703	0.0	0.0	0.0	0.0	1.233225901323165	0.2565860697336353	0.0	0.0	0.0	0.0	0.0	0.0	0.6254986889697686	0.0	0.0	0.2565860697336353	0.0	0.0	0.0	0.0	0.2565860697336353	0.0	0.0	0.0	0.0	0.2565860697336353	0.0	0.765870761434221	0.0	0.0	0.0	0.6254986889697686	0.0	0.0	0.0	0.6254986889697686	2.5874996613319703	0.0	2.4516458103249885	0.0	0.0	0.0	0.0	0.0	0.41679107375084784	0.0	0.0	0.0	0.0	0.2565860697336353	0.2565860697336353	0.6254986889697686	0.0	0.0	0.0	0.0	0.0	0.0	0.0	0.0	0.0	0.0	0.0	0.0	0.0	0.0	0.0	0.0	0.0	0.0	0.6254986889697686	0.0	0.0	2.4791919294266966	0.0	0.0	0.0	0.0	0.822048211957226	0.0	0.0	1.9523069251912268	0.0	0.0	0.0	1.027978375267756	1.6403719363131146	0.0	0.0	0.0	0.5335633149126313	0.765870761434221	0.0	0.765870761434221	0.2565860697336353	0.8717841994567923	0.2565860697336353	3.3104017527977856	0.0	0.41679107375084784	0.0	0.0	0.2565860697336353	0.0	0.0	1.5894610863324639	1.1671013952038276	0.0	0.0	0.0	0.0	0.41679107375084784	0.0	0.0	1.142615946804537	0.0	0.0	0.0	0.0	0.5335633149126313	0.0	0.765870761434221	0.0	0.0	0.0	0.0	1.0595968368088857	0.0	0.41679107375084784	0.0	0.41679107375084784	0.2565860697336353	0.0	0.0	0.0	0.0	0.0	0.9164051260102444	0.0	0.0	0.701331567587979	0.41679107375084784	0.0	0.0	0.0	0.0	0.0	0.0	2.1943820484373484	1.7882315893479532	1.027978375267756	0.0	0.0	0.41679107375084784	0.2565860697336353	0.0	0.0	0.0	0.0	0.0	0.2565860697336353	0.0	0.0	0.0	0.2565860697336353	0.0	0.0	0.0	0.5335633149126313	0.0	0.2565860697336353	0.0	0.0	1.87096647620783	0.0	0.0	0.0	0.0	0.0	0.0	0.0	0.0	0.0	0.0	0.993875929458641	1.4885752918567474	0.2565860697336353	0.0	0.0	0.0	0.0	0.0	0.0	0.0	0.0	0.0	0.0	0.0	0.41679107375084784	0.0	0.0	0.0	0.0	0.0	0.0	0.0	0.0	0.0	0.0	0.0	0.0	2.027407831963938	0.2565860697336353	0.0	0.0	0.2565860697336353	0.0	0.0	1.9523069251912268	0.0	0.0	1.440593204893608	0.0	0.0	0.41679107375084784	0.41679107375084784	0.0	0.0	0.0	0.0	2.410159334614874	0.0	0.0	0.5335633149126313	0.0	0.0	0.0	0.0	0.0	0.0	0.0	0.0	0.0	0.0	0.0	0.0	0.0	0.0	0.0	0.0	0.0	0.0	0.41679107375084784	0.5335633149126313	1.4007723474987244	2.7701007935116984	0.0	0.0	0.0	0.0	0.0	0.0	0.0	0.0	0.41679107375084784	0.0	0.0	0.0	0.0	0.0	0.0	1.7205641313630862	0.41679107375084784	0.0	0.2565860697336353	0.0	0.0	0.41679107375084784	0.0	0.0	0.0	0.0	0.0	0.0	3.025705357391422	2.6060869940209277	0.0	0.0	0.0	0.0	3.3518373595002284	0.0	1.4997859618053333	0.0	0.41679107375084784	0.0	0.701331567587979	0.0	0.0	0.993875929458641	0.0	0.0	0.0	0.2565860697336353	0.0	0.2565860697336353	0.0	0.0	0.0	0.2565860697336353	0.0	0.41679107375084784	0.0	0.0	0.0	0.41679107375084784	2.911324094970318	0.0	0.0	0.0	0.0	0.822048211957226	1.190279725600861	0.0	0.0	0.0	0.0	0.0	0.0	0.0	0.0	0.0	0.0	0.0	0.0	0.41679107375084784	0.5335633149126313	1.7400887470285105	0.0	0.0	0.0	0.0	0.0	0.0	0.2565860697336353	0.0	0.0	2.908742181258071	0.0	0.0	0.2565860697336353	0.0	0.0	0.0	0.0	0.0	0.0	0.0	0.0	0.0
ERR1624567	0.7558811971891995	0.0	0.3374634160879248	0.9649732319142001	0.0	0.0	0.0	0.0	0.0	1.0635280260301774	0.0	0.0	2.1486873960593003	1.6481234745977977	0.0	0.0	0.0	0.0	0.0	0.6556245747003079	2.065026838686406	0.0	0.3374634160879248	0.0	0.3374634160879248	0.0	0.0	0.5250502020644012	1.731394831181671	0.0	0.0	2.1594244257022592	0.7558811971891995	1.178984128738921	1.847117322241521	0.8372792746178712	0.0	0.0	0.0	0.3374634160879248	0.0	0.0	0.0	0.0	0.0	0.0	0.0	0.0	0.0	0.5250502020644012	0.0	0.0	2.5138575977559663	0.3374634160879248	0.0	0.0	0.0	2.618866044494972	0.0	3.3633751903759417	0.0	0.0	0.0	0.3374634160879248	0.0	1.3891734612221143	2.1934105445583016	0.0	0.0	0.3374634160879248	0.0	0.0	2.1934105445583016	0.0	0.0	0.0	0.0	0.0	0.0	0.0	0.0	0.0	0.0	0.0	1.8092304931249488	0.3374634160879248	0.0	1.1055172723413835	0.0	0.0	0.0	0.6556245747003079	0.0	0.0	0.6556245747003079	0.0	0.3374634160879248	0.0	0.7558811971891995	0.0	0.0	0.0	0.0	3.2611753570764077	0.0	2.761879159130081	0.0	0.0	0.0	0.0	0.0	0.5250502020644012	0.0	0.0	0.3374634160879248	0.0	0.8372792746178712	0.3374634160879248	1.0635280260301774	0.0	0.0	0.0	0.0	0.0	0.0	0.0	1.0170402905718305	0.0	0.0	0.3374634160879248	0.5250502020644012	0.0	0.0	0.0	0.0	0.0	0.3374634160879248	0.7558811971891995	0.0	0.0	0.5250502020644012	0.0	0.0	0.0	0.0	0.6556245747003079	0.0	0.0	1.4825237241783076	0.0	0.0	0.3374634160879248	1.801239723049927	0.0	0.0	0.0	0.0	0.9058026157645478	0.7558811971891995	0.0	1.3217092936041213	0.3374634160879248	0.5250502020644012	0.0	2.8774798125312606	0.0	0.0	0.0	0.0	0.3374634160879248	0.0	0.0	1.972326181880237	0.6556245747003079	0.0	0.0	1.211528215457031	0.0	0.3374634160879248	0.0	0.0	0.0	0.0	0.0	0.0	0.0	1.7589194491773457	0.3374634160879248	0.6556245747003079	0.0	0.0	0.0	0.0	1.0170402905718305	0.0	0.5250502020644012	0.0	0.5250502020644012	0.9649732319142001	0.0	0.0	0.0	0.0	0.0	0.0	0.0	0.0	0.3374634160879248	0.7558811971891995	0.0	0.0	0.0	0.0	0.0	0.3374634160879248	2.1147853636895464	1.5865947961945277	1.3217092936041213	0.3374634160879248	0.0	1.211528215457031	0.5250502020644012	0.3374634160879248	0.0	0.0	0.0	0.0	0.3374634160879248	0.0	0.0	0.0	0.0	0.0	0.0	0.0	0.0	0.0	1.447553037607882	0.0	0.0	1.998702771936914	0.0	0.0	0.0	0.3374634160879248	0.3374634160879248	0.0	0.0	0.0	0.3374634160879248	0.0	1.1055172723413835	0.0	0.0	0.0	0.0	0.0	0.0	0.0	0.0	0.0	0.0	0.0	0.3374634160879248	0.8372792746178712	1.8323567938830991	0.0	0.0	0.0	0.0	0.0	0.0	0.0	0.0	0.0	0.0	0.0	0.0	1.4653902788319897	0.0	0.0	0.0	0.8372792746178712	0.7558811971891995	0.0	0.0	0.0	0.0	2.1186856179363427	0.0	0.0	0.3374634160879248	0.0	0.0	0.0	0.0	0.5250502020644012	1.7848031023881996	0.0	0.0	0.0	0.0	0.5250502020644012	0.3374634160879248	0.0	0.3374634160879248	0.0	0.0	0.0	0.0	0.0	0.0	0.0	0.0	0.0	0.0	1.7407648743675592	0.0	0.0	0.0	2.4864381445260766	0.0	2.1028699299710016	0.0	0.0	0.0	0.0	0.3374634160879248	0.6556245747003079	0.0	0.0	3.145538155107616	0.0	0.0	0.0	0.0	0.0	0.3374634160879248	2.227958589871445	0.0	0.0	0.0	0.0	0.0	0.0	0.0	0.0	0.0	0.0	0.0	0.0	1.691751902960563	2.592295487051497	0.0	0.9058026157645478	0.0	0.0	2.769754144874787	0.0	1.6812487679163695	0.0	1.1055172723413835	0.0	0.8372792746178712	0.0	0.0	0.3374634160879248	0.0	0.0	1.0635280260301774	0.0	0.0	0.5250502020644012	1.599617685727201	0.0	0.0	0.0	0.0	0.0	0.0	0.0	1.0170402905718305	0.7558811971891995	3.4144085591640945	0.0	0.0	0.0	0.0	1.1055172723413835	0.8372792746178712	0.3374634160879248	0.3374634160879248	0.0	0.0	0.0	0.0	0.0	0.0	0.0	0.0	0.0	0.0	0.0	0.0	2.4180602396305244	0.0	0.0	0.0	0.0	0.0	0.0	0.0	0.0	0.0	0.0	0.0	0.0	1.0635280260301774	0.0	0.0	0.0	0.0	0.0	0.0	0.0	0.0	0.0
ERR1624568	0.0	0.0	0.0	0.0	0.0	0.0	0.0	0.0	0.0	0.7410267137136475	0.0	3.0394308676200548	2.5811639778922735	1.4706059814805588	0.0	0.0	0.0	0.0	0.0	1.0007303708353732	2.477205567287928	0.0	0.39842705901394887	0.0	0.7410267137136475	0.0	0.7410267137136475	0.39842705901394887	1.5510169635042816	0.0	0.7410267137136475	2.2584855432786592	0.0	1.9739306765362907	2.139108249582204	0.8457936591244039	0.0	0.39842705901394887	0.0	0.0	0.0	0.0	0.0	0.0	0.0	0.0	0.0	0.0	0.0	0.6026687189571337	0.0	0.0	3.1236817593264776	0.6026687189571337	0.0	0.0	0.0	2.0500222316898564	0.0	3.1954640014871067	0.0	0.0	0.0	0.0	0.0	1.1621235363769387	2.104608784906561	0.39842705901394887	0.0	0.0	0.0	0.0	1.447940524552004	0.0	0.0	0.0	0.8457936591244039	0.0	0.39842705901394887	0.0	0.0	0.39842705901394887	0.0	0.0	0.0	0.0	0.0	1.0007303708353732	0.0	0.0	0.0	0.39842705901394887	0.0	0.0	1.6635516550146014	0.0	0.0	0.0	1.4921469891450592	0.0	1.2048807589699202	0.39842705901394887	0.0	0.8457936591244039	0.0	2.5126923139232713	0.39842705901394887	0.0	0.0	0.0	0.0	0.39842705901394887	0.0	0.0	0.39842705901394887	0.0	0.0	0.0	2.1484820015503647	0.0	0.0	0.0	0.0	1.0614387872490811	0.0	0.0	0.39842705901394887	0.0	0.0	0.0	0.0	0.6026687189571337	0.0	1.0614387872490811	0.0	0.6026687189571337	0.39842705901394887	0.39842705901394887	0.0	0.0	0.8457936591244039	0.0	0.0	0.0	0.0	0.7410267137136475	1.1621235363769387	0.0	2.371875859895933	0.0	0.0	1.1621235363769387	0.8457936591244039	0.9301349873525218	0.0	0.0	0.0	1.7291500760583853	0.6026687189571337	0.0	2.289726884952512	2.072686584381017	0.0	0.0	3.0958056969077328	0.0	0.0	0.0	0.0	0.0	0.0	0.0	1.9065972569521796	1.0007303708353732	0.0	0.0	1.2048807589699202	0.0	0.0	0.0	0.0	1.704086771940496	0.0	0.0	0.39842705901394887	0.0	1.5510169635042816	0.0	0.0	0.0	0.39842705901394887	0.0	0.0	2.078172568597882	0.0	0.0	0.39842705901394887	1.1146924344578961	1.0007303708353732	0.0	0.0	0.0	0.0	0.0	0.9301349873525218	0.0	0.0	0.0	1.2048807589699202	0.0	0.7410267137136475	0.0	0.0	0.6026687189571337	0.0	1.9808063299841507	1.704086771940496	1.1146924344578961	0.9301349873525218	0.0	0.39842705901394887	0.6026687189571337	0.0	0.0	0.39842705901394887	0.0	0.0	0.0	0.0	0.0	0.0	0.0	0.0	0.0	0.0	0.39842705901394887	0.0	1.3125257607935004	0.0	0.0	1.0007303708353732	0.0	0.0	0.0	0.0	0.0	0.0	0.0	0.0	0.0	0.0	0.8457936591244039	0.6026687189571337	0.0	0.39842705901394887	0.0	0.0	0.0	0.0	0.0	0.0	0.0	0.0	0.0	1.2048807589699202	0.0	0.0	0.0	0.0	0.39842705901394887	0.0	0.0	1.2795223783547751	0.0	0.0	0.0	0.0	0.39842705901394887	1.7528455464722514	0.0	0.0	0.0	1.618840008960719	0.0	0.0	0.39842705901394887	0.0	0.0	2.63123742383162	0.0	0.0	0.0	0.39842705901394887	0.0	0.0	0.0	1.0614387872490811	2.9185784701427857	0.0	0.0	0.0	0.0	0.0	0.0	0.0	0.0	0.0	0.0	0.0	0.0	0.0	0.0	0.0	0.0	0.0	0.0	1.7642254633095376	0.0	0.0	0.0	0.8457936591244039	0.0	3.209789463613275	0.8457936591244039	0.0	0.0	0.0	0.0	0.0	0.0	0.0	2.587958848115334	0.0	0.39842705901394887	0.0	0.0	0.0	0.0	2.632760381711948	0.0	0.0	0.8457936591244039	0.39842705901394887	0.0	0.39842705901394887	0.0	0.0	0.0	0.0	0.0	1.704086771940496	1.1621235363769387	2.5929861313971787	0.0	0.39842705901394887	0.0	0.0	2.500495964518491	0.7410267137136475	1.6909909824054816	0.0	1.649153240232443	0.0	1.9302208354643189	0.0	0.0	0.0	0.0	0.0	0.0	0.39842705901394887	0.0	0.39842705901394887	0.0	0.0	0.0	0.6026687189571337	0.0	0.6026687189571337	0.0	0.0	0.0	0.6026687189571337	2.847765619213929	0.0	0.0	0.0	0.0	0.0	0.9301349873525218	0.0	0.0	0.0	0.0	0.0	0.39842705901394887	0.0	0.0	0.0	0.0	0.39842705901394887	0.0	0.0	1.0007303708353732	1.5126698633429827	0.0	0.0	0.0	0.0	1.0007303708353732	0.0	0.0	2.3061588034939744	0.0	0.0	0.0	0.0	0.39842705901394887	0.39842705901394887	0.0	0.0	0.0	0.0	0.0	0.0	0.0	0.0
ERR1624569	0.0	0.0	0.5308130786691958	0.0	0.7626472522240072	0.3419082590160797	0.0	0.0	0.3419082590160797	0.8442893890807616	0.0	0.0	2.4242680269802226	0.972284758566309	0.0	1.1130724350445005	0.0	0.0	0.0	1.3532066609267193	2.633132646563757	0.0	0.0	0.0	0.0	0.0	0.3419082590160797	0.0	1.0710184780411023	0.0	0.7626472522240072	1.6202553066366294	0.3419082590160797	1.4554554871906369	1.7200601293287578	0.6620195580237226	0.0	0.0	0.0	0.0	0.0	0.0	0.0	0.0	0.0	0.0	0.0	0.0	0.0	0.0	0.0	0.0	2.671341061115559	0.0	0.0	0.0	0.0	1.1514112877033946	0.0	3.035286840483548	0.0	0.0	0.0	0.0	0.0	1.6325468498303606	2.3611658500580464	0.0	0.0	0.0	0.0	0.6620195580237226	0.5308130786691958	0.0	0.0	0.0	0.0	0.0	0.0	0.6620195580237226	0.0	0.0	0.0	0.0	0.0	0.0	0.0	0.8442893890807616	0.0	0.0	0.0	0.6620195580237226	0.0	0.0	0.5308130786691958	0.0	0.0	0.0	0.3419082590160797	0.0	1.18663848146423	0.0	1.7200601293287578	2.347365526297015	0.0	1.9749575488730013	0.0	0.0	0.0	0.0	0.0	0.3419082590160797	0.0	0.0	0.0	0.0	0.3419082590160797	0.9129854594344425	0.3419082590160797	0.0	0.0	0.0	0.3419082590160797	0.0	0.0	0.0	0.0	0.0	0.0	0.972284758566309	0.0	0.3419082590160797	0.0	0.0	0.0	0.6620195580237226	0.0	1.0710184780411023	0.3419082590160797	0.0	0.3419082590160797	0.8442893890807616	0.0	0.0	0.0	0.3419082590160797	0.0	0.5308130786691958	1.607605726326097	0.3419082590160797	0.0	1.7394362910728596	2.194962096320067	0.5308130786691958	0.0	0.0	0.5308130786691958	0.0	0.3419082590160797	0.0	2.0364915912966346	0.0	0.0	0.0	3.1059277104248726	0.0	0.6620195580237226	0.0	0.3419082590160797	0.0	0.0	0.0	1.4733043882537946	1.4173937705986006	0.0	0.0	0.8442893890807616	0.0	0.6620195580237226	0.0	0.0	1.6445000672295147	0.0	0.0	0.3419082590160797	0.0	0.5308130786691958	0.0	2.4001159045415417	0.0	0.0	0.0	0.0	1.0244513965795858	0.0	0.3419082590160797	0.0	0.3419082590160797	0.0	0.0	0.0	0.0	0.0	0.0	1.0244513965795858	0.0	0.0	0.0	2.2300215330471573	0.3419082590160797	0.0	0.0	0.0	0.0	0.0	2.270903085237686	2.1069518206846887	0.9129854594344425	0.0	0.0	0.5308130786691958	0.8442893890807616	0.0	0.0	0.5308130786691958	0.0	0.3419082590160797	0.6620195580237226	0.3419082590160797	0.972284758566309	0.0	0.0	0.0	0.9129854594344425	0.0	0.0	0.7626472522240072	0.0	0.0	0.0	2.1848879447185596	0.0	0.0	0.3419082590160797	0.0	0.5308130786691958	0.0	0.0	0.0	0.0	0.0	0.8442893890807616	0.3419082590160797	0.0	0.3419082590160797	0.0	0.0	0.0	0.0	0.0	0.0	0.3419082590160797	0.0	0.0	0.5308130786691958	0.0	0.0	0.0	0.0	0.0	0.0	0.3419082590160797	0.0	0.0	0.0	0.0	0.0	1.3756730716526029	2.0169332115147496	0.0	0.0	0.0	1.1514112877033946	0.0	0.0	0.0	0.0	0.0	2.174574546450158	1.0244513965795858	0.0	0.3419082590160797	0.0	0.0	0.0	0.0	1.4554554871906369	2.2509431708273517	0.0	0.0	0.5308130786691958	0.0	0.0	0.0	0.0	0.0	0.5308130786691958	0.0	0.0	0.0	1.1130724350445005	0.0	0.0	0.0	0.0	0.0	1.4904485910829113	0.0	0.0	0.0	0.6620195580237226	1.5069416334605972	2.9390756669073936	0.0	0.5308130786691958	0.0	0.5308130786691958	0.0	0.0	0.0	0.0	2.2300215330471573	0.0	0.0	0.0	0.0	0.0	0.6620195580237226	1.8251453283575056	0.3419082590160797	0.0	0.0	0.0	0.0	0.0	0.0	0.5308130786691958	0.0	0.0	0.0	1.436841463247608	2.3634238641007856	2.242099873760104	0.0	0.8442893890807616	0.0	0.0	2.0775211301785053	0.0	1.8093035674170994	0.0	0.7626472522240072	0.0	2.102867586077089	0.0	0.0	0.0	0.0	0.0	0.3419082590160797	1.75798477590617	0.0	0.9129854594344425	0.0	1.5529658386740934	0.0	0.0	0.0	0.3419082590160797	0.0	0.0	0.3419082590160797	0.0	3.7250172150522665	0.0	0.0	0.0	0.0	0.3419082590160797	1.8172966763774059	0.0	0.0	0.0	0.0	0.5308130786691958	1.1130724350445005	0.0	0.0	0.0	0.0	0.0	0.0	0.5308130786691958	0.8442893890807616	2.110998003506557	0.0	0.0	0.3419082590160797	0.0	0.0	0.0	0.0	0.0	0.0	0.0	0.0	0.7626472522240072	2.618360772850075	0.0	0.0	0.0	0.0	0.3419082590160797	0.0	0.0	0.6620195580237226	0.0
ERR1624570	0.0	0.0	0.0	0.8509480730579981	0.0	0.0	0.0	0.34615453538809626	0.0	0.5363023007208244	0.0	0.0	1.7073863743070288	0.34615453538809626	0.0	0.0	0.0	0.0	0.0	0.9792250847380211	2.4339535289785768	0.0	0.0	0.0	0.0	0.0	0.5363023007208244	0.0	1.3606264583427672	0.0	0.0	2.5170733768295595	0.5363023007208244	1.560511464542975	2.7059475871556584	0.7690776076514891	0.0	0.0	0.0	0.0	1.078125814917726	0.0	0.0	0.0	0.0	0.0	0.0	0.0	0.0	0.0	0.0	0.0	2.608208547266692	0.5363023007208244	0.0	0.0	0.0	3.250892673604941	0.0	3.2922361912693945	0.0	0.0	0.0	0.0	0.34615453538809626	0.0	2.273012475660503	0.0	0.0	0.0	0.0	0.0	0.5363023007208244	0.0	0.0	0.0	0.0	0.0	0.0	0.6681022828317821	0.0	0.0	0.0	0.0	0.0	0.0	0.0	0.8509480730579981	0.0	0.0	0.0	0.0	0.34615453538809626	0.0	0.5363023007208244	0.34615453538809626	0.0	0.0	0.0	0.0	0.0	0.0	0.0	2.1497835572174293	0.0	2.7192856465683386	0.6681022828317821	0.0	0.0	0.0	0.34615453538809626	0.0	0.0	0.0	0.0	0.0	0.0	0.0	0.0	0.34615453538809626	0.0	0.0	0.0	0.0	0.0	0.0	0.0	0.0	0.0	0.0	0.0	0.34615453538809626	0.0	0.0	0.0	0.0	0.8509480730579981	0.34615453538809626	0.0	0.0	0.0	0.0	0.0	0.0	0.0	0.0	0.0	0.0	1.8327912558094457	0.0	0.0	0.34615453538809626	1.5748362925014439	0.34615453538809626	0.0	0.0	0.0	0.34615453538809626	0.34615453538809626	0.0	1.3118338021961262	0.0	0.0	0.0	3.088087092727658	0.0	0.0	0.0	0.0	0.0	0.0	0.0	1.5303613217791647	0.8509480730579981	0.0	0.0	0.0	0.0	0.0	0.0	0.0	0.34615453538809626	0.0	0.0	0.0	0.0	0.34615453538809626	0.0	0.0	0.0	0.0	0.0	0.0	0.9198055893510455	0.0	0.0	0.0	0.0	0.0	0.0	0.0	0.0	0.0	0.0	1.078125814917726	0.0	0.0	0.0	0.34615453538809626	0.0	0.0	0.0	0.0	0.6681022828317821	0.0	2.264458624977937	1.3831100771816858	0.6681022828317821	0.5363023007208244	0.0	0.5363023007208244	0.5363023007208244	0.6681022828317821	0.0	0.0	0.0	0.0	0.0	0.0	0.0	0.0	0.0	0.0	0.0	0.0	2.4748461906714194	0.9198055893510455	0.34615453538809626	0.0	0.0	2.252784936037453	0.0	0.0	0.0	0.34615453538809626	0.34615453538809626	0.0	0.0	0.0	0.34615453538809626	0.0	0.0	0.34615453538809626	0.0	0.0	0.0	0.0	0.0	0.34615453538809626	0.0	0.0	0.0	0.0	0.0	0.0	0.6681022828317821	0.0	0.0	0.0	0.0	0.0	0.0	0.0	0.0	0.0	0.0	0.0	0.0	1.6021419308083216	0.0	0.0	0.0	0.7690776076514891	0.0	0.0	0.0	0.0	0.0	2.07196533545801	0.0	0.0	0.0	0.0	0.0	0.0	0.0	0.0	2.039373431650466	0.0	0.34615453538809626	0.0	0.0	0.0	0.0	0.0	0.0	0.0	0.0	0.0	0.0	0.0	0.0	0.0	0.0	0.0	0.0	2.0895468872457745	0.0	0.0	0.9792250847380211	0.0	0.0	2.488810704189624	0.0	0.0	0.0	0.0	0.0	0.0	0.0	0.0	2.856718424500297	0.0	0.0	0.0	0.0	0.0	0.34615453538809626	1.5748362925014439	0.0	0.0	0.34615453538809626	0.0	0.0	0.0	0.0	0.0	0.0	0.0	0.0	1.4044867795858869	1.4044867795858869	2.2284518167230467	0.0	0.34615453538809626	0.0	0.0	2.6146844817531574	0.0	1.4629468814119715	0.0	1.285214867748984	0.0	0.9792250847380211	0.0	0.0	1.2265178382053648	0.0	0.0	0.0	0.0	0.0	0.0	0.34615453538809626	0.0	0.0	0.0	0.0	0.5363023007208244	0.0	0.0	0.0	0.34615453538809626	3.56482773294968	0.0	0.0	0.0	0.0	0.9792250847380211	0.6681022828317821	0.0	0.0	0.0	0.0	0.7690776076514891	0.0	0.0	0.0	0.0	0.0	0.0	0.0	0.0	0.5363023007208244	1.917358721693361	0.0	0.0	0.0	0.0	0.0	0.0	0.34615453538809626	1.5144631757196514	0.0	0.0	0.0	0.0	1.120240140777612	0.0	0.0	0.0	0.0	0.0	0.0	0.0	0.0	0.0
ERR1624571	0.3321166333303118	0.0	0.6478934655190453	0.0	0.0	0.0	0.0	0.0	0.0	1.3358856183497965	0.0	0.0	2.0848720470004136	1.6025575222128319	0.0	0.0	0.3321166333303118	0.0	0.0	0.6478934655190453	2.39227331304336	0.0	0.0	0.0	0.0	0.0	0.0	0.0	0.0	0.0	0.0	2.1424172634585648	0.5180945429825954	1.3122392638199099	2.7834455363108312	1.998969647309174	0.0	0.0	0.0	0.0	0.0	0.0	0.0	0.0	0.0	0.0	0.0	0.0	0.3321166333303118	0.0	0.0	0.0	2.592685733690163	0.0	0.0	0.0	0.0	3.1513656470373825	0.0	3.4189576126372474	0.0	0.0	0.0	0.0	0.0	0.0	1.7309980694251372	0.0	0.0	0.0	0.0	0.0	0.3321166333303118	0.0	0.0	0.0	0.0	0.3321166333303118	0.3321166333303118	0.0	0.0	0.0	0.0	0.0	0.0	0.3321166333303118	0.0	1.1697005387832522	0.0	0.0	0.0	0.7476936951704786	0.0	0.0	0.7476936951704786	0.0	0.0	0.0	0.0	0.0	1.2021965769192755	0.0	0.0	0.3321166333303118	0.0	2.951561376860363	0.0	0.0	0.0	0.0	0.0	0.5180945429825954	0.0	0.0	0.0	0.0	0.0	0.3321166333303118	0.5180945429825954	0.0	0.0	0.0	0.0	0.0	0.0	0.0	0.0	0.0	0.0	0.0	0.0	0.0	0.0	0.0	0.0	0.0	0.0	0.5180945429825954	0.0	0.0	0.8287911215986787	0.3321166333303118	0.0	0.0	0.0	1.0544470534490635	0.0	0.0	1.5496434487811912	0.0	0.0	1.0963563235229066	2.354277213012386	3.289488725624783	0.0	0.0	0.8971014536886426	1.851581499595647	0.0	0.0	2.279865834309377	0.3321166333303118	0.0	0.0	2.6246090831641897	0.0	0.0	0.0	0.0	0.0	0.0	0.3321166333303118	2.041782191252274	0.3321166333303118	0.0	0.0	2.6397318489759423	0.0	1.7022712389305175	0.0	0.0	0.0	0.0	0.0	0.0	0.0	0.5180945429825954	0.0	1.2872309047692116	0.0	0.0	0.0	0.0	0.0	0.0	0.0	0.0	0.0	0.3321166333303118	0.0	0.0	0.0	0.0	0.0	0.3321166333303118	0.0	0.0	0.0	1.00805734572108	0.0	0.0	0.0	0.0	0.0	0.0	2.287650457161829	1.4379624196971417	0.5180945429825954	0.3321166333303118	0.0	1.00805734572108	0.3321166333303118	0.5180945429825954	0.0	0.0	0.0	0.0	0.7476936951704786	0.0	0.0	0.0	0.0	0.0	0.0	0.0	0.3321166333303118	0.0	0.0	0.0	0.0	0.5180945429825954	0.0	0.0	0.0	0.0	0.0	0.0	0.0	0.0	0.0	0.0	0.0	1.5496434487811912	0.0	0.0	0.0	0.0	0.0	0.0	0.0	0.0	0.0	0.0	0.0	0.0	0.956113255384404	0.0	0.0	0.0	0.0	0.0	0.0	0.0	0.0	0.0	0.0	0.0	0.8971014536886426	0.0	0.0	0.0	0.0	0.8971014536886426	0.0	0.0	0.3321166333303118	0.0	0.0	2.4436793598291198	0.0	0.0	0.0	0.6478934655190453	0.0	0.0	0.0	0.5180945429825954	2.018520184146922	0.0	0.0	0.0	0.0	0.0	0.0	0.0	0.0	0.0	0.0	0.0	0.0	0.8287911215986787	0.0	0.0	0.0	0.0	0.0	0.0	0.0	0.0	0.0	0.5180945429825954	2.753709294562672	2.7412202685076306	0.0	0.0	0.0	0.0	0.956113255384404	0.3321166333303118	0.0	0.0	0.3321166333303118	0.0	0.0	0.0	0.0	0.0	0.0	1.6384001191317366	0.5180945429825954	0.6478934655190453	0.0	0.0	0.0	0.0	0.0	0.0	0.0	0.0	0.0	0.3321166333303118	0.0	2.2387010807338887	0.0	0.956113255384404	0.0	0.0	1.7022712389305175	0.0	1.3358856183497965	0.0	0.0	0.0	2.013714438794269	0.0	0.0	1.5205543547263805	0.0	0.0	0.0	0.6478934655190453	0.0	0.8287911215986787	0.0	0.0	0.0	0.0	0.0	0.0	0.0	0.0	0.8971014536886426	0.0	3.2326611828272425	0.0	0.0	0.0	0.0	0.8971014536886426	1.3358856183497965	0.0	0.0	0.0	0.0	0.0	0.0	0.0	0.0	0.0	0.0	0.0	0.0	0.0	0.0	1.9344082768267417	0.0	0.0	0.0	0.0	0.0	0.0	0.0	0.0	0.0	0.0	0.0	0.0	1.4557852218311185	0.0	0.0	0.0	0.0	0.0	0.0	0.0	0.3321166333303118	0.0
ERR1624572	0.0	0.0	0.35377986669494255	0.0	0.0	0.0	0.0	0.0	1.665566630610808	1.1714689849452815	0.0	0.0	1.6536001006909542	1.3249540202690766	0.0	0.0	0.0	0.0	0.0	2.3245593374732767	2.115956322505621	0.0	0.0	0.0	2.3617446918840725	0.35377986669494255	1.9436036481687715	0.0	1.7605965156884094	0.35377986669494255	0.0	2.2951124822255395	0.0	1.3249540202690766	2.3641140756730206	0.6789617723466319	0.0	0.0	0.0	0.0	0.0	0.35377986669494255	0.35377986669494255	0.0	0.0	0.0	0.0	0.0	0.0	0.35377986669494255	0.0	0.6789617723466319	2.8813890211945417	0.35377986669494255	0.0	0.0	0.0	3.070497278637594	0.0	3.4501830980261734	0.0	0.0	0.0	0.0	0.0	0.6789617723466319	2.248367419567027	0.0	0.0	0.0	0.0	0.6789617723466319	0.35377986669494255	0.0	0.0	0.0	0.0	0.0	0.0	0.0	0.0	0.35377986669494255	0.0	0.0	0.0	0.0	0.0	0.35377986669494255	0.0	0.0	0.0	0.35377986669494255	0.0	0.0	0.35377986669494255	0.0	0.0	0.0	0.35377986669494255	0.0	0.35377986669494255	0.0	0.0	1.9045658196615403	0.0	2.8554994511022462	0.5461207012189683	0.0	0.0	0.0	0.0	0.35377986669494255	0.0	0.0	0.0	0.0	0.35377986669494255	0.0	0.0	0.0	0.0	0.0	0.0	0.0	0.35377986669494255	0.0	0.0	0.0	0.0	0.0	0.0	0.0	0.0	0.0	0.0	0.0	0.0	2.3245593374732767	0.0	0.0	0.5461207012189683	0.0	0.0	0.0	0.0	0.931953153991732	0.0	0.0	1.2982931984075816	0.0	0.0	0.35377986669494255	1.5739204611899429	1.396330580839313	0.35377986669494255	0.0	0.0	0.0	0.35377986669494255	0.0	0.9915820358226125	0.0	0.0	0.0	3.0970777127143263	0.0	0.35377986669494255	0.0	0.0	0.0	0.0	0.0	1.8907324547212232	0.8628141424879714	0.0	0.0	1.3738170882742866	0.0	0.8628141424879714	0.0	0.0	0.0	0.0	0.0	0.0	0.0	1.9179721252632467	0.0	0.0	0.0	0.0	0.0	0.0	0.5461207012189683	0.0	0.0	0.0	0.35377986669494255	0.0	0.0	0.0	0.35377986669494255	0.0	0.0	0.35377986669494255	0.0	0.0	0.0	1.206812110267965	0.0	0.0	0.0	0.0	0.0	0.0	2.6423509368676292	0.8628141424879714	0.931953153991732	0.0	0.0	0.0	0.0	0.35377986669494255	0.0	0.0	0.0	0.35377986669494255	0.0	0.0	0.0	0.0	0.0	0.0	0.35377986669494255	0.0	0.0	0.5461207012189683	0.0	0.0	0.0	2.071959456044656	0.0	0.7805450754859626	0.0	0.0	0.0	0.0	0.0	0.0	1.0440034778583047	0.0	0.6789617723466319	1.0440034778583047	0.0	0.35377986669494255	0.0	0.0	0.0	0.0	0.0	0.0	0.0	0.0	0.0	0.35377986669494255	1.090773441414138	0.0	0.0	0.0	1.8540890542595465	0.0	0.0	0.0	0.0	0.0	0.0	0.0	0.0	2.0432494656746556	0.0	0.0	0.0	0.35377986669494255	0.5461207012189683	0.0	0.0	0.0	0.0	2.3060528314783197	1.090773441414138	0.0	0.0	0.0	0.0	0.0	0.0	0.5461207012189683	2.658243258958619	0.0	0.0	0.0	0.0	0.35377986669494255	0.0	0.0	0.35377986669494255	0.0	0.0	0.5461207012189683	0.0	0.35377986669494255	0.0	0.0	0.0	0.0	0.0	1.9851124351063398	0.0	0.0	0.0	2.633546384577282	0.0	2.839190955161	0.0	0.0	0.0	0.0	0.0	0.0	0.0	0.0	0.6789617723466319	0.0	0.35377986669494255	0.0	0.0	0.0	0.35377986669494255	1.7510079358549455	0.9915820358226125	0.0	0.0	0.35377986669494255	0.0	0.5461207012189683	0.0	0.0	0.0	0.0	0.0	0.5461207012189683	0.931953153991732	2.2867224745532084	0.0	1.206812110267965	0.0	0.35377986669494255	1.8540890542595465	0.0	1.4762617839462262	0.0	0.9915820358226125	0.0	0.7805450754859626	0.0	0.0	1.206812110267965	0.0	0.0	0.0	0.0	0.0	0.0	1.7209025357950989	0.0	0.35377986669494255	0.0	0.0	0.35377986669494255	0.0	0.0	0.0	0.0	3.369246036297125	0.0	0.0	0.0	0.0	0.35377986669494255	1.3249540202690766	0.5461207012189683	0.0	0.0	0.0	0.0	0.0	0.0	0.0	0.0	0.0	0.0	0.0	0.0	1.206812110267965	1.4177342855359063	0.0	0.0	0.0	0.0	0.0	0.0	0.0	0.0	0.0	0.35377986669494255	0.0	0.0	0.5461207012189683	0.0	0.0	0.0	0.0	0.35377986669494255	0.0	0.0	0.0	0.0
ERR1624573	0.0	0.0	0.0	0.29061885276037436	2.9278480445899753	0.0	0.0	0.0	0.4631835197477641	1.210639520305501	0.0	0.0	1.6128924314828577	2.000316934239417	0.0	0.0	0.0	0.0	0.0	0.0	1.5477070484893116	0.0	0.0	0.0	0.29061885276037436	0.0	0.29061885276037436	0.0	1.811748402303328	0.0	0.5863481630195967	1.3947252321732266	0.7606580518296463	0.0	1.470979831304108	0.0	0.0	0.0	0.0	0.0	0.0	0.0	0.0	0.0	0.0	0.0	0.0	0.0	0.0	0.0	0.0	0.0	2.2928940415363925	0.0	0.0	0.0	0.0	2.2734978359786404	0.0	2.9862641789772693	0.0	0.0	0.0	0.0	0.0	0.0	0.29061885276037436	0.0	0.0	0.0	0.0	0.0	0.0	0.0	0.0	0.0	0.6821902309291504	0.0	0.0	0.29061885276037436	0.4631835197477641	0.0	0.0	0.0	0.0	0.0	0.0	0.4631835197477641	0.0	0.0	0.0	0.0	0.0	0.0	0.29061885276037436	0.0	0.0	0.0	0.4631835197477641	0.0	0.0	0.0	0.0	1.7786052275149307	0.0	3.021910625969471	0.0	0.0	0.0	0.0	0.0	0.29061885276037436	0.0	0.0	0.4631835197477641	0.0	0.0	0.0	0.0	0.7606580518296463	0.0	0.0	0.0	0.0	0.0	0.0	0.0	0.0	0.0	0.0	0.0	0.0	0.0	0.0	0.0	0.0	0.0	0.5863481630195967	0.0	0.0	1.5358240177522333	0.0	0.0	0.0	0.0	0.0	0.0	0.0	2.4071373653933077	0.0	0.0	0.29061885276037436	1.66061295011491	0.4631835197477641	0.0	0.0	0.29061885276037436	0.6821902309291504	0.29061885276037436	0.0	0.29061885276037436	1.9382006566117795	0.4631835197477641	0.0	2.6224237495311167	0.0	0.29061885276037436	0.0	0.0	0.0	0.0	0.0	1.8929991511128295	0.7606580518296463	0.0	0.0	0.5863481630195967	0.5863481630195967	1.1843897467524573	0.0	0.0	0.0	0.0	0.0	0.29061885276037436	0.0	0.29061885276037436	0.0	0.29061885276037436	0.0	0.0	0.0	0.0	0.0	0.0	0.0	0.0	0.0	0.0	0.0	0.0	0.0	0.0	0.0	0.8847033557711463	0.0	0.0	0.0	0.4631835197477641	0.0	0.0	0.0	0.0	0.6821902309291504	0.0	2.2577892488768074	0.8270945335878429	0.0	0.0	0.0	0.0	0.8270945335878429	0.8270945335878429	0.0	0.0	0.29061885276037436	0.0	0.29061885276037436	0.0	0.0	0.0	0.0	0.0	0.0	0.0	0.4631835197477641	0.0	0.0	0.0	0.0	2.493535785933447	0.0	0.0	0.0	0.0	0.29061885276037436	0.0	0.0	0.0	0.29061885276037436	0.0	0.29061885276037436	0.4631835197477641	0.0	2.2094979389009493	0.0	0.0	0.0	0.0	0.0	0.0	0.0	0.0	0.0	0.7606580518296463	0.0	0.0	0.0	0.0	0.0	0.0	0.0	0.0	0.0	0.0	0.0	0.0	0.0	2.2577892488768074	0.0	0.0	0.0	0.0	0.0	0.29061885276037436	0.6821902309291504	0.0	0.0	0.6821902309291504	0.0	0.0	0.0	0.0	0.0	0.0	0.0	0.0	1.9034583173836348	0.29061885276037436	0.0	0.0	0.0	0.0	0.0	0.0	0.7606580518296463	0.0	0.0	0.0	0.0	0.0	0.0	0.0	0.0	0.0	0.0	0.0	0.0	0.29061885276037436	0.4631835197477641	0.0	0.0	2.7097444082948114	0.8270945335878429	0.0	0.0	0.0	0.0	0.6821902309291504	0.0	0.0	2.043566127712923	0.4631835197477641	0.29061885276037436	0.0	0.0	0.0	0.29061885276037436	1.210639520305501	0.0	0.0	0.29061885276037436	0.0	0.0	0.4631835197477641	0.0	0.0	0.0	0.0	0.0	0.0	0.6821902309291504	1.6326141914979189	0.0	1.7351755904664914	0.0	0.29061885276037436	1.3777250556910114	0.0	1.5477070484893116	0.0	0.5863481630195967	0.0	0.8847033557711463	0.0	0.0	1.9285546014595392	0.0	0.0	0.0	0.0	0.0	0.0	0.29061885276037436	0.0	0.0	0.0	0.0	0.0	0.0	0.0	0.0	1.0945235481736864	3.897321934787369	0.0	0.0	0.0	0.0	0.0	1.1843897467524573	0.0	0.0	0.0	0.0	0.0	0.0	0.0	0.0	0.29061885276037436	0.0	0.0	0.0	0.0	0.0	0.5863481630195967	0.0	0.0	0.0	0.0	0.0	0.0	0.0	0.0	0.0	0.0	0.0	0.0	0.0	0.0	0.0	0.0	0.0	0.5863481630195967	0.0	0.0	0.0	0.0
ERR1624574	0.0	0.0	0.0	0.0	0.3263008114584032	0.0	0.0	0.0	0.3263008114584032	1.3018346820849005	0.0	0.5104991424272294	1.086298923224589	0.8875595489218466	0.0	0.0	0.0	0.0	0.0	0.0	2.6389817954392343	0.0	0.0	0.0	0.0	0.0	0.0	0.5104991424272294	1.5390116704195977	0.0	0.0	0.5104991424272294	0.5104991424272294	0.8194876425915373	1.4787908243840422	0.9981996540987514	0.0	0.0	0.0	0.0	0.0	0.0	0.0	0.0	0.0	0.0	0.0	0.0	0.0	0.0	0.0	0.0	2.5930869226608957	0.3263008114584032	0.0	0.0	0.0	3.5268361345530104	0.0	3.4343812184604054	0.0	0.0	0.0	0.0	0.0	1.325452453006266	2.26371206445989	0.0	0.0	0.0	0.0	0.0	0.0	0.0	0.0	0.0	0.0	0.0	0.0	0.8875595489218466	0.8194876425915373	0.0	0.3263008114584032	0.0	0.0	0.0	0.0	0.5104991424272294	0.0	0.0	0.0	0.5104991424272294	0.0	0.0	0.3263008114584032	0.7387263201495724	0.0	0.0	0.8875595489218466	0.0	0.0	0.0	0.0	1.9293533602839938	0.0	2.902784796269509	0.0	0.0	0.0	0.0	0.0	1.044479402686681	0.0	0.0	0.0	0.0	0.0	0.0	0.0	0.0	0.0	0.0	0.0	0.0	0.0	0.0	1.4088542626046745	0.0	0.0	0.0	0.0	0.0	0.0	0.0	0.0	0.0	0.0	1.7806839843275113	0.0	0.3263008114584032	0.8194876425915373	0.0	0.0	0.6394353611131232	0.0	0.3263008114584032	0.0	0.0	1.8679909148577305	0.0	0.3263008114584032	0.3263008114584032	2.039903286008651	0.5104991424272294	0.0	0.0	0.0	2.0530126846301284	0.5104991424272294	0.0	1.3018346820849005	0.0	2.1693734021159616	0.0	3.1180396343699357	0.3263008114584032	0.3263008114584032	0.0	0.0	0.0	0.0	0.0	0.8875595489218466	1.044479402686681	0.0	0.0	1.276858292949966	0.0	0.7387263201495724	0.0	0.0	0.0	0.0	0.0	0.0	0.0	1.5390116704195977	0.0	1.191947510811409	0.0	0.0	0.0	0.0	0.0	0.0	0.5104991424272294	0.0	0.0	0.3263008114584032	0.0	0.0	0.0	0.0	0.0	0.0	0.0	0.0	0.9463934246978585	0.0	0.0	0.0	0.0	0.0	0.0	0.0	2.6845278353382955	1.6041613575754194	0.3263008114584032	0.0	0.0	0.5104991424272294	0.0	0.6394353611131232	0.0	0.0	0.0	0.0	0.0	0.0	0.0	0.0	0.0	0.0	0.0	0.0	0.0	0.5104991424272294	0.3263008114584032	0.0	0.0	0.0	0.0	0.0	0.0	0.0	0.0	0.0	0.0	0.0	0.0	0.0	0.8875595489218466	1.8337190015146412	2.0940557840373217	0.0	0.0	0.0	0.0	0.0	0.0	0.0	0.0	0.0	0.0	0.0	0.0	0.0	0.0	0.0	0.0	0.0	0.0	0.0	0.0	0.0	0.0	0.0	0.0	2.131552808355747	0.0	0.0	0.0	0.6394353611131232	0.0	0.0	0.8875595489218466	0.0	0.0	1.509944217309418	0.0	0.0	0.7387263201495724	0.0	0.0	0.0	0.0	0.0	2.683521109028722	0.0	0.0	0.0	0.0	1.4088542626046745	0.0	0.0	0.7387263201495724	0.0	0.0	0.5104991424272294	0.0	0.0	0.0	0.0	0.0	0.0	0.0	2.061537479341715	0.0	0.0	0.0	0.5104991424272294	0.3263008114584032	2.898505353764762	0.0	0.0	0.0	0.0	0.0	0.3263008114584032	0.0	0.0	2.537551482801434	0.0	0.0	0.0	0.0	0.0	0.0	1.8042104623886552	0.0	0.0	0.0	0.3263008114584032	0.0	0.0	0.0	0.0	0.0	0.0	0.0	0.0	2.356418726561244	2.1726537611065946	0.0	0.5104991424272294	0.0	0.0	1.7013302426131918	0.0	1.124442860088677	0.0	0.0	0.0	0.9463934246978585	0.3263008114584032	0.3263008114584032	2.316072130691819	0.3263008114584032	0.0	0.0	0.0	0.0	0.3263008114584032	0.5104991424272294	0.0	0.0	0.0	0.0	0.0	0.0	0.0	0.0	0.0	2.9293322198790377	0.0	0.0	0.0	0.0	0.0	1.124442860088677	0.0	0.0	0.0	0.0	0.0	0.0	0.0	0.0	0.0	0.3263008114584032	0.0	0.0	0.0	0.0	0.0	0.0	0.0	0.0	0.0	0.0	0.0	0.0	0.0	0.0	0.0	0.0	0.0	0.9463934246978585	0.0	0.0	0.0	0.0	0.3263008114584032	0.0	0.0	0.0	0.0
ERR1624575	0.0	0.0	0.0	0.5424551739634689	0.0	0.35092858136182764	0.0	0.0	0.0	0.0	0.0	0.0	2.375238183154804	1.6721900597199715	0.0	0.0	0.0	0.0	0.0	0.5424551739634689	2.6672944593551957	0.0	0.5424551739634689	0.0	0.0	0.0	0.0	0.0	1.3914070331101946	0.0	0.0	2.076034741553339	0.5424551739634689	2.1024158954351257	2.5899228522610303	0.674910614446072	0.0	0.0	0.0	0.0	0.0	0.0	0.0	0.0	0.0	0.0	0.0	0.0	0.0	0.0	0.0	0.0	2.805447941064339	0.0	0.0	0.0	0.0	2.7135391575381376	0.0	3.563264073306892	0.0	0.0	0.0	0.0	0.0	0.0	2.8029047504431936	0.0	0.0	0.7762689849582968	0.0	0.0	2.062217820282493	0.0	0.0	0.0	0.35092858136182764	0.0	0.0	0.0	0.35092858136182764	0.0	0.0	0.0	0.0	0.0	0.0	0.9274256843308961	0.0	0.0	0.0	0.35092858136182764	0.0	0.0	0.674910614446072	0.0	0.0	0.0	0.7762689849582968	0.0	0.0	0.0	0.9274256843308961	2.4957132373372204	0.0	1.6605473813713783	0.5424551739634689	0.0	0.0	0.0	0.0	0.0	0.0	0.0	0.5424551739634689	0.0	0.9274256843308961	0.0	1.8640584628827142	0.0	0.0	0.0	0.0	0.0	0.0	0.0	0.0	0.0	0.0	0.0	0.0	0.0	0.0	0.0	0.0	0.0	0.0	0.5424551739634689	0.0	0.0	2.3518587643192705	0.0	0.0	0.0	0.0	0.9274256843308961	0.0	0.0	1.9911995313463031	0.0	0.0	0.0	1.5541057297798393	0.35092858136182764	0.0	0.0	0.0	0.7762689849582968	0.8583906897130973	0.0	0.0	0.0	0.0	0.35092858136182764	3.188703428626831	0.0	0.0	0.0	0.0	0.35092858136182764	0.0	0.0	1.7158699537227222	1.7459687826181365	0.0	0.0	0.0	0.0	0.0	0.0	0.0	0.674910614446072	0.0	0.5424551739634689	0.0	0.0	0.0	0.0	1.0860612958858102	0.0	1.202001859413828	0.0	0.0	1.7261364279639928	0.0	0.35092858136182764	0.0	0.8583906897130973	0.5424551739634689	0.0	0.0	0.0	0.0	0.0	1.1282418580033302	0.0	0.0	0.0	0.0	0.0	0.0	0.0	0.0	1.736165802711415	0.0	2.327148791446811	1.5541057297798393	1.202001859413828	0.674910614446072	0.0	0.35092858136182764	0.0	0.0	0.0	0.0	0.0	0.0	0.0	0.0	0.0	0.0	0.35092858136182764	0.0	0.0	0.0	0.0	0.0	0.0	0.35092858136182764	0.0	2.6207364028075	0.0	0.0	0.0	0.0	0.0	0.0	0.0	1.0860612958858102	0.0	0.0	0.5424551739634689	0.35092858136182764	0.0	0.9869772221605922	0.0	0.0	0.0	0.0	0.0	0.0	0.0	0.0	0.0	0.674910614446072	1.4891750717433454	0.0	0.0	0.0	0.0	0.0	0.0	0.0	0.0	0.0	0.0	0.0	0.0	2.00208410533196	0.0	0.0	0.0	1.1666858929338775	0.5424551739634689	0.0	0.0	0.0	0.0	2.623315324284249	0.0	0.0	0.0	0.7762689849582968	0.35092858136182764	0.0	0.0	0.0	1.293422098713213	0.35092858136182764	0.0	0.7762689849582968	0.0	0.0	0.0	0.0	0.0	0.0	0.0	0.0	0.0	0.0	0.0	0.0	0.0	0.0	0.0	0.35092858136182764	0.0	0.0	0.8583906897130973	2.5552537782885456	1.568927394551675	3.1351751910132077	0.35092858136182764	0.0	0.0	0.0	0.0	0.0	0.0	0.0	0.5424551739634689	0.0	0.35092858136182764	0.0	0.0	0.0	0.35092858136182764	1.7261364279639928	0.0	0.0	0.0	0.0	0.0	0.0	0.0	0.0	0.0	0.0	0.0	0.35092858136182764	1.368904560150815	2.7934501917354013	0.0	0.35092858136182764	0.35092858136182764	0.0	2.4522119896506576	0.5424551739634689	1.8640584628827142	0.0	0.674910614446072	0.0	0.0	0.0	0.0	1.320067467059216	0.0	0.0	0.0	0.0	0.0	0.0	0.0	0.0	0.0	0.0	0.0	0.9274256843308961	0.0	0.0	0.0	0.0	2.3372021105684313	0.0	0.0	0.0	0.0	1.0393388994794572	0.35092858136182764	0.0	0.0	0.0	0.0	0.0	0.0	0.0	0.0	0.0	0.0	0.0	0.0	0.0	1.7459687826181365	1.8856681156721966	0.0	0.0	0.0	0.0	0.0	0.0	0.0	0.0	0.0	2.356636419900524	0.0	0.0	0.9274256843308961	0.0	0.0	0.35092858136182764	0.0	0.0	0.0	0.0	0.0	0.0
ERR1624576	0.0	0.0	0.0	0.0	0.7870284191806575	0.0	0.0	0.0	0.0	0.43264356208267085	0.0	0.0	2.1333136835912145	0.0	0.0	0.0	0.0	0.0	0.0	1.3655551224356302	2.413137418433954	0.0	0.0	0.0	0.0	0.0	0.0	0.0	1.5244142470406143	0.0	0.6450228123597437	2.221865035225298	0.43264356208267085	1.840850587947704	1.9007304607763151	0.7870284191806575	0.0	0.0	0.0	0.0	0.0	0.0	0.0	0.0	0.0	0.0	0.0	0.0	0.0	1.8075000115923134	0.43264356208267085	0.0	2.9764482870799274	2.081195223655119	0.0	0.0	0.0	3.318335786577895	0.0	2.996345962136717	0.0	0.0	0.0	0.0	0.0	1.2571907904999895	2.3209188545273585	0.0	0.0	0.43264356208267085	0.0	0.0	2.3244472709742166	0.6450228123597437	0.0	0.0	0.0	0.0	0.0	0.0	0.0	0.0	0.0	0.0	0.0	0.0	0.0	0.0	0.0	0.0	0.0	0.0	0.0	0.0	1.4522081163829128	0.0	0.0	0.0	0.8938656281175242	0.0	0.0	0.0	0.7870284191806575	2.9795694345633823	0.0	3.0390568814977286	0.0	0.0	0.0	0.43264356208267085	0.0	0.43264356208267085	0.0	0.0	0.43264356208267085	0.0	0.0	0.0	0.6450228123597437	0.0	0.0	0.0	0.0	0.43264356208267085	0.0	0.0	2.9354145421790485	0.0	0.0	0.0	0.43264356208267085	0.0	0.0	0.6450228123597437	0.0	0.0	0.0	1.3655551224356302	0.0	0.0	1.5666417153581969	0.0	0.0	0.0	0.0	0.9795411392588156	0.0	0.0	1.8913064204987187	0.0	0.0	0.0	1.0510679435763686	0.43264356208267085	0.0	0.0	0.0	0.6450228123597437	0.7870284191806575	0.0	0.0	0.43264356208267085	0.43264356208267085	0.0	2.9032686208842637	0.0	0.7870284191806575	0.0	0.0	0.0	0.0	0.0	1.9189863795940363	1.2571907904999895	0.0	0.0	1.1662449204569978	0.0	0.0	0.0	0.0	0.0	0.0	0.0	1.2140941469726874	0.0	0.43264356208267085	0.0	0.7870284191806575	0.0	0.6450228123597437	0.0	0.43264356208267085	1.425200272078795	0.0	0.0	0.0	0.43264356208267085	0.0	0.0	0.0	0.0	0.0	0.0	0.8938656281175242	0.0	0.0	0.0	0.0	0.0	0.0	0.0	0.0	0.43264356208267085	0.0	1.8514216171214202	1.6404735392357996	0.43264356208267085	0.0	0.0	0.0	0.0	0.0	0.0	0.0	0.0	0.0	0.0	0.0	0.0	0.0	0.0	0.0	0.0	0.0	0.0	0.0	0.0	0.0	0.0	1.0510679435763686	0.0	0.0	0.0	0.0	0.0	0.0	0.0	0.0	0.6450228123597437	0.0	0.6450228123597437	0.7870284191806575	0.0	0.0	0.43264356208267085	0.0	0.0	0.0	0.0	0.0	0.0	0.0	0.0	0.8938656281175242	1.1662449204569978	0.0	0.0	0.0	0.0	0.0	0.0	0.0	0.43264356208267085	0.0	0.0	0.0	0.0	1.6051247052452695	0.0	0.0	0.0	0.9795411392588156	0.7870284191806575	0.0	2.10513413665702	0.0	0.0	2.7016911366939125	0.43264356208267085	0.0	0.0	0.8938656281175242	0.0	0.0	0.0	0.6450228123597437	2.074998479593761	0.0	0.0	0.0	0.0	0.0	0.0	0.0	0.0	0.0	0.0	0.0	0.0	0.0	0.0	0.0	0.0	0.0	0.0	0.0	0.43264356208267085	0.0	0.0	2.6615623320015356	1.688625439802625	2.8765099748689122	0.0	0.0	0.0	0.0	0.0	0.0	0.0	0.0	2.0558593901652493	0.0	0.0	0.0	0.0	0.0	0.0	2.194306461670985	0.43264356208267085	0.0	0.0	0.0	0.0	0.0	0.0	0.0	0.0	0.0	0.0	0.8938656281175242	3.261695286713681	1.9615269980544525	0.0	0.0	0.0	0.43264356208267085	1.6231586695486153	0.0	1.501653822402568	0.0	1.0510679435763686	0.0	0.0	0.0	0.0	0.9795411392588156	0.0	0.0	0.0	0.0	0.0	0.0	0.8938656281175242	0.0	0.0	0.0	0.0	0.43264356208267085	0.0	0.0	0.0	0.0	1.6571244690855638	0.0	0.0	0.0	0.0	0.43264356208267085	1.7179952402957692	0.0	0.0	0.0	0.43264356208267085	0.0	0.0	0.0	0.0	0.0	0.0	0.0	0.0	0.0	0.6450228123597437	1.2963942274652263	0.0	0.0	0.0	0.0	0.0	0.0	0.0	0.0	0.0	2.345036162232415	0.0	0.0	0.7870284191806575	0.0	0.0	0.0	0.0	0.0	0.0	0.0	0.0	0.0
ERR1624577	0.0	0.0	0.0	0.5711278582749846	0.0	0.0	0.0	0.0	0.44973684829784677	0.44973684829784677	0.0	0.0	2.286832721589977	1.340280889447784	0.0	0.0	0.0	0.0	0.0	0.44973684829784677	2.812007001032339	0.0	0.0	0.0	0.0	0.0	0.0	0.0	1.1074946141423498	0.0	0.2806552651025694	2.1786194302220787	0.44973684829784677	1.6493369716921062	2.5582405857836044	0.6658952404796085	0.0	0.0	0.0	0.0	1.1650978884062948	0.0	0.0	0.0	0.0	0.0	0.0	0.0	1.0755489412017927	0.0	0.2806552651025694	0.0	3.372234279706531	0.6658952404796085	0.0	0.0	0.0	3.0712211780081367	0.2806552651025694	3.245847823942787	0.0	0.0	0.0	0.0	0.2806552651025694	0.7436421706641917	2.31254972736146	0.2806552651025694	0.0	0.0	0.0	1.1074946141423498	0.44973684829784677	0.0	0.0	0.0	0.0	0.0	0.0	0.44973684829784677	0.0	0.0	0.0	0.0	0.0	0.2806552651025694	0.0	0.2806552651025694	0.0	0.0	0.2806552651025694	0.6658952404796085	0.0	0.0	0.44973684829784677	0.0	0.0	0.0	0.0	0.0	0.0	0.0	1.0755489412017927	2.405561936136747	0.0	2.759033830234331	0.0	0.0	0.0	0.0	0.0	0.0	0.0	0.0	0.2806552651025694	0.0	0.6658952404796085	0.0	0.9173323260849717	0.0	0.0	0.0	0.0	0.0	0.0	0.0	0.0	0.0	0.0	0.0	0.44973684829784677	0.0	0.0	0.0	0.0	0.0	1.3218765381595559	0.7436421706641917	0.0	0.0	2.4742548508390456	0.0	0.0	0.7436421706641917	0.0	1.191266684264678	0.0	0.0	1.6750927384063097	0.0	0.0	0.0	1.2825486386419984	0.44973684829784677	0.0	0.0	0.0	0.2806552651025694	0.6658952404796085	0.0	0.6658952404796085	0.0	0.0	0.0	2.859760719336174	0.0	0.0	0.0	0.0	0.2806552651025694	0.0	0.2806552651025694	1.9630024863743054	0.866781325232467	0.0	0.0	0.0	0.0	0.7436421706641917	0.0	0.0	0.5711278582749846	0.0	0.0	0.0	0.0	0.8095615409712661	0.0	0.0	0.0	0.0	0.0	0.0	1.1372505886938382	0.0	0.44973684829784677	0.0	0.2806552651025694	0.0	0.0	0.0	0.0	0.0	0.0	0.5711278582749846	0.0	0.0	0.0	0.0	0.0	0.0	0.0	0.0	0.0	0.0	2.030500664498831	1.7224303624666746	0.44973684829784677	0.0	0.0	0.0	0.0	0.0	0.0	0.0	0.0	0.2806552651025694	0.0	0.0	0.0	0.0	0.0	0.0	0.0	0.0	0.0	0.0	0.0	0.0	0.0	1.8101225844339548	0.0	0.0	0.0	0.0	0.0	0.0	0.0	0.0	0.0	0.0	1.1650978884062948	0.0	0.0	0.2806552651025694	0.0	0.0	0.0	0.0	0.0	0.0	0.0	0.0	0.0	0.9173323260849717	1.5035658132942595	0.0	0.0	0.2806552651025694	0.0	0.0	0.0	1.464764783750361	0.0	0.0	0.0	0.0	0.0	2.359821830035631	0.0	0.0	0.0	0.5711278582749846	0.9626079987877519	0.0	0.7436421706641917	0.0	0.0	2.280675350819606	0.0	0.0	0.44973684829784677	0.2806552651025694	0.0	0.0	0.0	0.0	1.5391827840506915	0.0	0.2806552651025694	0.44973684829784677	0.0	0.0	0.0	0.0	0.0	0.0	0.0	0.44973684829784677	0.0	0.2806552651025694	0.0	0.0	0.0	0.0	0.0	0.0	0.0	0.0	0.0	3.034195970492179	0.44973684829784677	2.9168595067573047	0.0	0.0	0.0	0.0	0.0	0.0	0.0	0.0	0.2806552651025694	0.0	0.2806552651025694	0.0	0.0	0.0	0.0	2.048508683604723	0.0	0.2806552651025694	0.0	0.0	0.0	0.0	0.0	0.0	0.2806552651025694	0.0	0.0	0.0	2.6842414165855373	2.4282179649404525	0.0	0.44973684829784677	0.0	0.0	2.7321076323601368	0.0	1.6750927384063097	0.0	0.7436421706641917	0.0	0.2806552651025694	0.0	0.0	0.7436421706641917	0.0	0.0	0.0	0.0	0.0	0.0	0.2806552651025694	0.0	0.0	0.0	0.0	0.2806552651025694	0.0	0.0	0.0	0.0	2.3257913859337647	0.0	0.0	0.0	0.0	1.0036060713540405	0.44973684829784677	0.2806552651025694	0.0	0.0	0.0	0.0	0.0	0.0	0.0	0.0	0.0	0.0	0.0	0.0	0.5711278582749846	2.263815686548402	0.0	0.0	0.0	0.0	0.0	0.0	0.0	0.2806552651025694	0.0	2.8515102056237662	0.0	0.0	1.1372505886938382	0.0	0.0	0.0	0.0	0.0	0.0	0.0	0.0	0.0
ERR1624578	0.0	0.0	0.31523536292254456	0.8015751222718254	2.280662490730249	0.0	0.0	0.0	0.0	0.927652534258164	0.0	2.4576123696363785	1.7349996461793094	0.49596033328221834	0.31523536292254456	0.0	0.0	0.0	0.0	0.0	2.5707085970901105	0.0	0.0	0.0	0.0	0.0	0.0	1.139816056689197	1.9307121281530417	0.0	0.0	2.2067583438474676	0.49596033328221834	1.4418913397273623	1.8470942125337804	0.7214807814729758	0.0	0.0	0.0	0.0	1.20224295282546	0.0	0.0	0.0	0.0	0.0	0.0	0.0	0.0	0.49596033328221834	0.0	0.0	2.5397608001593404	0.0	0.0	0.0	0.0	2.9490943490747243	0.0	3.281525955598452	0.0	0.0	0.0	0.0	0.0	0.7214807814729758	1.8199154697868403	0.0	0.0	1.369150807363723	0.0	0.0	0.0	0.0	0.0	0.0	0.0	0.0	0.0	0.0	0.0	0.0	0.0	0.0	0.0	0.0	0.0	0.7214807814729758	0.0	0.0	0.0	0.0	0.0	0.0	1.139816056689197	0.0	0.0	0.0	0.6231975166625038	0.0	0.0	0.0	1.5041784282316213	2.834098429208984	0.0	3.1908051507569666	0.0	0.0	0.0	0.0	0.0	0.31523536292254456	0.0	0.0	0.0	0.0	0.0	0.0	0.0	0.0	0.0	0.0	0.0	0.0	0.0	0.0	0.6231975166625038	0.0	0.0	0.0	0.0	0.0	0.0	0.0	0.0	0.0	0.0	0.8691729490714347	0.0	0.0	0.6231975166625038	0.0	0.0	0.0	0.0	1.5954299923917958	0.0	0.0	2.5707085970901105	0.0	0.0	0.0	0.6231975166625038	0.0	0.0	0.0	0.0	1.3488886366445694	0.8691729490714347	0.0	0.31523536292254456	0.0	1.3052867794771765	0.0	2.4444975106365776	0.31523536292254456	0.0	0.0	0.0	0.0	0.0	0.0	2.141695766311032	1.3276346652891444	0.0	0.0	0.0	0.0	0.0	0.0	0.0	0.0	0.0	0.0	0.0	0.0	0.6231975166625038	0.31523536292254456	0.31523536292254456	0.0	0.0	0.0	0.0	1.0252443222078762	0.0	0.0	0.0	0.0	0.0	0.0	0.0	0.0	0.0	0.0	0.7214807814729758	0.0	0.0	0.49596033328221834	0.0	0.0	0.0	0.0	0.0	0.0	0.0	2.176987784923997	1.2817262352662353	0.0	0.49596033328221834	0.0	0.49596033328221834	0.0	0.0	0.31523536292254456	0.0	0.0	0.31523536292254456	0.0	0.49596033328221834	0.0	0.0	0.0	0.0	0.0	0.0	1.7517254005148108	0.0	0.31523536292254456	0.0	0.0	0.49596033328221834	0.0	0.0	0.0	0.0	0.0	0.0	0.0	0.0	0.0	0.0	0.49596033328221834	1.7263888418003677	0.0	1.5835104041961712	0.0	0.0	0.0	0.0	0.0	0.0	0.0	0.0	0.0	1.3276346652891444	1.4248162372025606	0.0	0.0	0.0	0.0	0.0	0.0	0.0	0.0	0.0	0.0	0.0	0.0	1.5586424935728505	0.0	0.0	0.0	0.0	0.8015751222718254	0.0	0.31523536292254456	0.0	0.0	1.9961524407096012	0.0	0.0	0.31523536292254456	1.1721502209490966	0.0	0.0	0.0	0.0	2.1281163430304004	0.0	0.0	0.8691729490714347	0.0	0.0	0.0	0.0	0.49596033328221834	0.0	0.0	0.31523536292254456	0.0	0.0	0.0	0.0	0.0	0.0	0.0	0.0	0.31523536292254456	0.0	0.31523536292254456	3.003823279296777	0.49596033328221834	2.820308779684334	0.0	0.0	0.0	0.0	0.0	0.0	0.0	0.0	0.31523536292254456	0.0	0.0	0.0	0.0	0.0	0.0	1.139816056689197	0.927652534258164	0.0	0.49596033328221834	0.0	0.0	0.49596033328221834	0.0	0.0	0.0	0.0	0.0	0.0	3.2366540420175958	1.640083642966708	0.0	0.31523536292254456	0.0	0.31523536292254456	1.8470942125337804	0.0	1.5835104041961712	0.0	0.7214807814729758	0.0	0.0	0.31523536292254456	0.0	1.5456533361932578	0.0	0.0	0.8015751222718254	0.0	0.0	0.31523536292254456	1.936111342244271	0.0	0.0	0.0	0.0	0.0	0.0	0.0	0.0	0.31523536292254456	3.2414619634838098	0.0	0.0	0.0	0.0	0.0	0.6231975166625038	0.0	0.0	0.0	0.0	0.0	0.0	0.0	0.0	0.0	0.0	0.0	0.0	0.49596033328221834	0.0	0.9791839526877645	0.0	0.0	0.0	0.0	0.0	0.0	0.0	0.0	0.0	2.7163250965898054	0.0	0.0	0.31523536292254456	0.0	0.0	0.0	0.0	0.49596033328221834	0.0	0.0	0.0	0.0
ERR1624579	0.0	0.0	0.49515154619361945	0.0	0.0	0.0	0.0	0.0	0.0	0.8005745342572079	0.0	0.0	2.2169364422669156	1.7971840090500206	0.0	0.31462240410495895	0.0	0.0	0.0	1.4059003522749913	2.8617904260262463	0.0	0.6222923334989462	0.0	0.0	0.0	0.0	0.0	1.4571733609023472	0.0	0.49515154619361945	2.0308365151814667	0.0	1.6494029492975235	2.2646682822106428	0.31462240410495895	0.0	0.0	0.0	0.0	0.0	0.0	0.0	0.0	0.0	0.0	0.0	0.0	0.0	0.0	0.0	0.0	3.3944896969640506	0.7205182374325667	0.0	0.0	0.0	1.229266491374269	0.0	3.3249570848044607	0.0	0.0	0.0	0.0	0.0	1.1710417930616512	2.641606477276893	0.31462240410495895	0.0	1.1387138160746708	0.0	1.1037844741531482	0.0	0.0	0.0	0.0	0.0	0.0	0.0	0.0	0.0	0.0	0.0	0.0	0.0	0.49515154619361945	0.0	1.6494029492975235	0.0	0.0	0.0	0.6222923334989462	0.0	0.31462240410495895	1.0657981880557876	0.0	0.0	0.0	0.6222923334989462	0.0	0.8005745342572079	0.0	1.3680131869150878	2.649959752174267	0.0	2.829505120231443	0.0	0.0	0.0	0.0	0.0	0.49515154619361945	0.31462240410495895	0.0	0.0	0.0	0.0	0.0	0.31462240410495895	0.0	0.0	0.0	0.0	0.0	0.0	0.0	0.49515154619361945	0.0	0.0	0.49515154619361945	0.0	0.31462240410495895	0.0	0.0	0.0	0.0	0.0	0.0	0.0	0.0	0.31462240410495895	0.0	0.0	0.0	0.0	1.1037844741531482	0.0	0.0	1.9129256868703688	0.0	0.0	0.8005745342572079	1.7338330683110297	0.0	0.0	0.0	0.31462240410495895	0.7205182374325667	0.6222923334989462	0.0	1.6389224161708604	0.49515154619361945	0.49515154619361945	0.31462240410495895	3.0755791679578253	0.0	0.0	0.0	0.0	0.0	0.0	0.0	1.6596365111388782	1.7422760374942392	0.0	0.0	0.0	0.0	0.49515154619361945	0.0	0.0	0.0	0.0	0.0	0.0	0.0	0.0	0.0	0.31462240410495895	0.0	0.0	0.0	0.0	1.1037844741531482	0.0	0.0	0.0	0.8681452824527425	0.0	0.0	0.0	0.0	0.0	0.0	1.5030272163457485	0.0	0.0	0.0	0.8005745342572079	0.0	0.0	0.0	0.0	1.0657981880557876	0.0	2.126936719125554	2.0796208993644125	0.8681452824527425	1.347753445361847	0.0	0.7205182374325667	0.31462240410495895	0.31462240410495895	0.0	0.0	0.0	0.0	0.0	0.0	0.0	0.31462240410495895	0.0	0.0	0.0	0.0	0.0	0.0	0.8005745342572079	0.0	0.0	2.0042225009440884	0.0	0.0	0.0	0.0	0.0	0.0	0.0	0.0	0.31462240410495895	0.0	0.49515154619361945	0.8005745342572079	0.0	0.0	0.0	0.0	0.0	0.0	0.0	0.31462240410495895	0.0	0.31462240410495895	0.0	1.1387138160746708	1.5030272163457485	0.0	0.0	0.0	0.0	0.0	0.0	0.6222923334989462	0.0	0.0	0.0	0.0	0.0	1.8524593952006736	0.0	0.0	0.0	1.4236724981110398	0.6222923334989462	0.0	0.0	0.0	0.0	2.2493332562469015	0.0	0.31462240410495895	0.0	0.0	0.0	0.0	0.0	0.31462240410495895	2.2961456162405205	0.0	0.31462240410495895	0.49515154619361945	0.0	0.0	0.0	0.0	0.0	0.0	0.0	0.0	0.0	0.0	0.0	0.0	0.0	0.0	0.0	0.31462240410495895	0.0	0.0	0.31462240410495895	2.7733599510782003	0.7205182374325667	2.902377648059895	0.6222923334989462	0.0	0.0	0.0	1.1710417930616512	0.0	0.31462240410495895	0.0	0.0	0.0	0.31462240410495895	0.0	0.0	0.0	0.0	1.9902778052418932	0.0	0.0	0.6222923334989462	0.0	0.0	0.49515154619361945	0.0	0.0	0.0	0.31462240410495895	0.0	1.2011291660072025	2.9886394127156333	2.6520232057585282	0.0	0.0	0.0	0.0	2.624401900573965	0.0	1.5444987295978834	0.0	0.9266046107607431	0.0	1.3873697907143314	0.0	0.0	0.6222923334989462	0.0	0.0	0.0	0.0	0.0	0.0	0.0	0.31462240410495895	0.0	0.0	0.0	0.0	0.31462240410495895	0.0	0.0	0.0	2.6632002143739637	0.0	0.0	0.0	0.0	1.3265021468329272	0.0	0.0	0.0	0.0	0.0	0.0	0.0	0.0	0.0	0.0	0.0	0.0	0.0	0.0	1.2556912326372627	2.2819005225962967	0.0	0.0	0.0	0.0	0.0	0.0	0.0	0.0	0.0	2.0265125691965826	0.31462240410495895	0.0	0.9781203045936557	0.0	0.0	0.0	0.0	0.0	0.0	0.0	0.0	0.0
ERR1624580	0.0	0.0	0.0	0.2604712468633729	0.0	0.0	0.0	0.0	0.0	0.829415403394133	0.0	0.0	1.6722261118726662	0.0	0.0	0.2604712468633729	0.0	0.0	0.0	0.5397069221743809	1.7485936156986461	0.0	0.0	0.0	0.0	0.0	0.0	0.7082833923771366	1.8452272099145335	0.0	0.0	2.5879218184840913	0.2604712468633729	2.0645879013719233	2.706543734145793	2.0053715617128622	0.0	0.0	0.0	0.0	0.0	0.0	0.0	0.0	0.0	0.0	0.0	0.0	0.2604712468633729	0.2604712468633729	0.0	0.0	1.9608721162712328	0.0	0.0	0.0	0.0	3.121854888286266	0.0	3.679042668495178	0.0	0.0	0.0	0.0	0.0	0.0	2.2311262785662955	0.0	0.0	0.2604712468633729	0.0	0.0	1.3803368240778144	0.0	0.0	0.0	0.2604712468633729	0.0	0.0	0.6321236835033172	0.0	0.0	0.0	0.0	0.0	0.2604712468633729	0.0	0.0	0.0	0.0	0.0	0.42215515135880866	0.0	0.0	0.0	0.0	0.0	0.0	0.7082833923771366	0.0	0.0	0.0	0.6321236835033172	1.7015730595527752	0.0	3.0219844443668293	0.0	0.0	0.0	0.0	2.3559512881766294	0.2604712468633729	0.0	0.0	0.7082833923771366	0.0	0.0	0.0	1.1983869795445365	0.0	0.0	0.0	0.0	0.0	0.0	0.0	0.0	0.0	0.0	0.0	0.0	0.2604712468633729	0.0	0.0	0.0	0.42215515135880866	0.0	1.5081754806281233	0.0	0.0	0.42215515135880866	0.0	0.0	0.0	0.0	0.829415403394133	0.0	0.0	2.2575517356923642	0.0	0.0	0.0	0.42215515135880866	1.9156423484369811	0.0	0.0	0.0	1.4614535000069098	0.42215515135880866	0.0	0.2604712468633729	0.0	0.6321236835033172	0.0	2.5266545390266657	0.0	2.3652840542494573	0.0	0.0	0.0	0.0	0.0	2.1028331644878735	1.0675095438198874	0.0	0.0	0.2604712468633729	0.0	0.0	0.0	0.0	0.0	0.0	0.0	0.0	0.0	0.8792915661109049	0.0	0.5397069221743809	0.0	0.0	0.0	0.0	0.7082833923771366	0.0	0.2604712468633729	0.0	0.0	0.9240252611770294	0.0	0.2604712468633729	0.0	0.0	0.0	0.42215515135880866	0.0	0.0	0.0	0.0	0.0	0.0	0.0	0.0	0.2604712468633729	0.0	2.148247790511467	0.8792915661109049	1.2613867310976108	0.0	0.0	0.0	0.0	0.0	0.0	0.0	0.0	0.0	0.0	0.6321236835033172	0.0	0.0	0.0	0.0	0.0	0.0	0.7082833923771366	0.0	0.0	0.0	0.0	2.5583676798576476	0.0	0.0	0.0	0.0	0.0	0.0	0.0	0.0	0.2604712468633729	0.0	0.5397069221743809	1.7733404340719323	0.0	0.0	0.0	0.0	0.0	0.0	0.0	0.0	0.0	0.0	0.0	1.333284238466124	0.2604712468633729	0.0	0.2604712468633729	0.0	0.0	0.0	0.0	0.0	0.0	0.0	0.0	0.0	0.0	2.189359748665177	0.0	0.0	0.0	0.0	0.0	0.2604712468633729	0.0	0.0	0.0	2.233217081295314	0.0	0.0	0.0	0.2604712468633729	0.0	0.0	0.0	0.0	0.0	0.0	0.0	0.42215515135880866	0.0	0.0	0.0	0.0	0.0	0.0	0.0	0.0	0.0	0.0	0.0	0.0	0.0	0.0	0.0	0.0	0.0	0.0	0.6321236835033172	0.2604712468633729	1.624115186470984	2.070695491409771	0.0	0.0	0.0	0.0	0.0	0.0	0.0	0.0	1.4227862673601495	0.0	0.0	0.0	0.0	0.0	0.0	1.4969577117362438	0.0	0.0	0.0	0.0	0.0	0.5397069221743809	0.0	0.0	0.0	0.0	0.0	0.0	3.2196687115275395	2.3833686446535416	0.0	0.0	0.0	0.0	2.9173925071340867	0.0	1.624115186470984	0.0	0.5397069221743809	0.0	0.0	0.0	0.0	0.0	0.0	0.0	0.0	0.0	0.0	0.0	0.2604712468633729	0.0	0.0	0.0	0.0	0.0	0.0	0.0	0.0	0.0	2.4201452633671603	0.0	0.0	0.0	0.0	0.2604712468633729	1.2988216190489394	0.0	0.0	0.0	0.0	0.0	0.0	0.0	0.0	0.0	0.0	0.0	0.0	0.2604712468633729	0.0	1.8135193694269645	0.0	0.0	0.0	0.0	0.0	0.0	0.0	0.0	0.0	1.2613867310976108	0.0	0.42215515135880866	0.2604712468633729	0.0	0.0	0.0	0.0	0.0	0.0	0.0	0.0	0.0
ERR1624581	0.711154116117418	0.0	0.0	0.8144483552765087	0.0	0.37671446205274667	0.0	0.0	0.0	0.711154116117418	0.0	0.0	2.7783300645488267	1.8002627215234699	0.0	0.0	0.0	0.0	0.0	1.6275973847518939	3.3238768071100266	0.0	0.0	0.0	0.37671446205274667	0.0	0.0	0.711154116117418	1.515308553603379	0.0	0.5753619130736474	2.4159438955669814	0.711154116117418	2.172429652956648	3.023621063264146	0.8978342024705317	0.0	0.0	0.0	0.0	0.0	0.0	0.0	0.0	0.0	0.0	0.0	0.0	0.0	1.127971970313255	0.0	0.0	2.754722644324381	0.8144483552765087	0.0	0.0	0.0	2.3898628764828134	0.0	3.3622404472381047	0.0	0.0	0.0	0.0	0.0	0.8978342024705317	2.007726522387656	1.5829758888671241	0.0	0.0	0.0	0.0	2.335252383949373	0.0	0.0	0.0	1.244748130780644	0.0	0.0	1.4770608404565586	0.0	0.0	0.0	0.0	0.0	0.37671446205274667	0.0	0.0	0.37671446205274667	0.0	0.0	0.37671446205274667	0.0	0.0	0.8144483552765087	0.0	0.0	0.0	0.37671446205274667	0.0	0.0	0.8144483552765087	0.0	1.7906591956711604	0.0	3.0275783484430887	0.0	0.0	0.0	0.0	0.8978342024705317	0.37671446205274667	0.0	0.0	0.0	0.0	0.0	0.0	1.7605046626659584	0.0	0.0	0.0	0.0	0.5753619130736474	0.0	0.0	2.138916950078741	0.0	0.37671446205274667	0.8144483552765087	0.711154116117418	0.0	0.0	0.0	0.0	0.0	0.0	0.37671446205274667	0.0	0.0	0.0	0.0	0.0	0.0	0.37671446205274667	1.0279720854748096	0.0	0.0	2.3324724314988057	0.0	0.0	0.0	0.5753619130736474	0.0	0.0	0.0	0.0	1.4351165310493252	0.9677595499148874	0.0	0.37671446205274667	0.0	1.0279720854748096	0.0	2.2853879682160576	0.0	0.0	0.0	0.0	0.37671446205274667	0.0	0.0	1.363462652475571	1.7605046626659584	0.0	0.0	0.37671446205274667	0.0	0.0	0.37671446205274667	0.0	2.0832358305163376	0.0	0.0	0.0	0.0	0.711154116117418	0.0	0.0	0.0	0.0	0.0	0.37671446205274667	1.716736729365627	0.0	0.5753619130736474	0.0	1.550458794515925	0.0	0.0	0.0	0.0	0.0	0.0	0.0	0.0	0.8978342024705317	0.0	0.0	0.0	0.0	0.0	0.0	1.388683880180608	0.0	2.7020808360501825	1.7280991326473438	0.0	0.37671446205274667	0.0	0.8978342024705317	0.5753619130736474	0.0	0.0	0.0	0.0	0.0	0.0	0.8978342024705317	0.0	0.0	0.5753619130736474	0.0	0.8978342024705317	0.5753619130736474	0.0	0.0	0.5753619130736474	0.0	0.0	2.885756338253123	0.0	0.0	0.5753619130736474	0.0	0.0	0.0	0.0	0.0	0.37671446205274667	0.0	0.9677595499148874	0.711154116117418	0.0	0.8144483552765087	0.0	0.0	0.0	0.0	0.0	0.0	0.0	0.0	0.0	1.0808439166738253	1.127971970313255	0.0	0.0	0.37671446205274667	0.37671446205274667	0.0	0.0	0.0	0.0	0.0	0.0	0.0	0.0	0.0	0.0	0.0	0.0	1.308149156493517	0.37671446205274667	0.0	0.37671446205274667	0.0	0.0	2.0732198598827347	0.5753619130736474	0.0	0.0	0.0	0.0	0.0	0.0	0.5753619130736474	2.232571007789843	0.0	0.0	0.0	0.0	0.0	0.0	0.0	0.0	0.0	0.0	0.0	0.0	0.0	0.0	0.37671446205274667	0.37671446205274667	0.0	0.0	0.0	0.0	0.0	0.37671446205274667	2.4089848003738066	2.4470218910516173	2.4975254709433887	0.8144483552765087	0.0	0.0	0.0	0.0	0.0	0.0	0.0	1.1704828170120785	0.0	0.0	0.0	0.0	0.0	0.37671446205274667	1.8096584714801371	0.0	0.0	0.0	0.0	0.0	0.37671446205274667	0.0	0.0	0.0	0.0	0.0	0.0	2.672519239732482	2.203540550863212	0.0	1.7050690478125987	0.0	0.0	2.111968142907354	0.0	1.7280991326473438	0.0	0.5753619130736474	0.0	0.0	0.0	0.0	0.0	0.0	0.0	0.0	0.0	0.0	0.0	1.0808439166738253	0.0	0.0	0.37671446205274667	0.0	0.5753619130736474	0.0	0.0	0.0	1.716736729365627	2.7462010334710727	0.0	0.8144483552765087	0.0	0.0	0.8144483552765087	1.336685928646492	0.0	0.0	0.0	0.0	0.8978342024705317	0.0	0.0	0.0	0.0	0.0	0.0	0.0	1.654985803110296	0.8978342024705317	1.6132269960991108	0.0	0.0	0.0	0.0	0.0	0.0	0.0	0.0	0.0	1.1704828170120785	0.0	0.0	0.0	0.37671446205274667	0.0	0.0	0.0	0.37671446205274667	0.0	0.0	0.0	1.9375516282407517
ERR1624582	0.0	0.0	0.7061388177492445	0.0	1.6619584535290444	0.0	0.0	0.0	0.0	0.0	0.0	0.0	2.1327277636717277	1.2779794888322673	0.42049829172875386	0.0	0.0	0.0	0.0	1.4463700832433664	2.272293745184928	0.0	0.0	0.0	0.2592697792900533	0.0	0.0	0.0	0.6300794017448706	0.0	0.2592697792900533	2.310362537376981	0.6300794017448706	0.8769766349661134	2.9033582293094455	1.1726888616211477	0.0	0.0	0.0	0.2592697792900533	0.0	0.0	0.0	1.1222046321396213	0.0	0.0	0.0	0.0	0.5378104567650082	0.42049829172875386	0.0	0.0	3.4648498207391603	0.0	0.0	0.0	0.0	2.1750162677787377	0.0	3.0554298901235595	0.0	0.0	0.0	0.0	0.0	2.0027298149837858	1.8476634714527034	0.2592697792900533	0.0	0.2592697792900533	0.0	0.0	1.5165235799982881	0.0	0.0	0.0	0.827143442628112	0.0	0.0	0.9622006019327958	0.0	0.0	0.2592697792900533	0.0	1.3626592932659065	0.42049829172875386	0.0	0.921675768093958	0.0	0.0	0.0	0.0	0.0	0.0	0.9622006019327958	0.0	0.0	0.0	0.2592697792900533	0.0	0.0	0.0	0.42049829172875386	1.908651690041503	0.2592697792900533	2.626550626830151	0.0	0.0	0.0	0.0	0.0	0.2592697792900533	0.0	0.0	0.0	0.0	0.0	0.0	1.7825800871502246	0.0	0.0	0.0	0.0	0.0	0.0	0.0	1.6696148550063303	0.0	0.0	0.0	0.6300794017448706	0.0	0.0	0.0	0.0	0.0	0.0	1.537597428844991	0.0	0.0	0.0	0.0	0.0	0.42049829172875386	0.0	1.2779794888322673	0.0	0.0	1.9847402399079908	0.0	0.0	0.0	0.9622006019327958	0.0	0.0	0.0	0.0	1.4334914342897898	0.6300794017448706	0.0	0.2592697792900533	0.2592697792900533	0.6300794017448706	0.6300794017448706	3.488975450995133	0.0	0.2592697792900533	0.0	0.0	0.2592697792900533	0.0	0.0	1.5055903484919042	1.1958882630113066	0.5378104567650082	0.2592697792900533	0.42049829172875386	0.0	0.2592697792900533	0.0	0.0	0.0	0.0	0.0	0.2592697792900533	0.0	0.5378104567650082	0.0	0.0	0.0	1.1222046321396213	0.0	0.0	0.2592697792900533	0.0	0.0	0.0	0.2592697792900533	0.0	0.0	0.2592697792900533	0.0	0.0	0.0	0.7708419091968042	0.0	0.0	0.0	0.0	0.0	0.0	0.0	0.0	0.2592697792900533	0.0	2.3595388057198914	2.582486822350324	0.9622006019327958	0.2592697792900533	0.0	0.0	1.2588651353869804	0.0	0.0	0.0	0.0	0.0	0.0	0.0	0.0	0.0	0.0	0.0	0.0	0.0	0.7708419091968042	0.921675768093958	0.0	0.2592697792900533	0.0	0.6300794017448706	0.0	0.0	0.0	0.0	0.0	0.0	0.0	0.0	0.0	0.0	1.2179109763937557	0.0	0.0	0.5378104567650082	0.0	0.0	0.0	0.2592697792900533	0.0	0.2592697792900533	0.0	0.0	0.0	0.5378104567650082	0.7061388177492445	0.0	0.0	0.0	0.0	0.0	0.0	0.0	0.0	0.0	0.0	0.0	0.0	1.86251690563633	0.0	0.0	0.0	1.4334914342897898	0.0	0.2592697792900533	0.0	0.0	0.0	2.3223450378277413	0.6300794017448706	0.0	0.2592697792900533	0.2592697792900533	0.0	0.0	0.0	0.5378104567650082	2.792402893457445	0.0	0.42049829172875386	0.0	0.0	0.0	0.0	0.0	0.0	0.0	0.0	0.0	0.0	0.0	0.0	0.0	0.6300794017448706	0.0	0.0	2.514336362321157	0.0	0.0	0.2592697792900533	0.6300794017448706	0.0	2.6815757924803734	0.0	0.0	0.0	0.0	0.0	0.0	0.0	0.0	2.5870999085931903	0.0	0.2592697792900533	0.0	0.0	0.2592697792900533	1.3923921367566066	2.0494643987318426	0.0	0.7708419091968042	0.0	0.0	0.0	0.0	0.0	0.0	0.0	0.6300794017448706	0.0	0.0	0.2592697792900533	2.172639490123885	0.0	0.0	0.0	0.0	2.959394976560869	0.0	1.3626592932659065	0.0	0.7061388177492445	0.0	0.42049829172875386	0.0	0.0	0.42049829172875386	0.0	0.0	0.0	0.0	0.0	0.0	0.2592697792900533	0.0	0.0	0.0	0.0	0.42049829172875386	0.0	0.0	0.2592697792900533	0.0	1.4463700832433664	0.0	0.0	0.0	0.0	1.4463700832433664	2.266572348711423	0.6300794017448706	0.0	0.0	0.0	0.6300794017448706	0.0	0.0	0.2592697792900533	0.0	0.0	0.0	0.0	0.6300794017448706	0.42049829172875386	1.988398262989716	0.0	0.2592697792900533	0.0	0.0	0.7061388177492445	0.0	0.0	0.0	0.0	0.2592697792900533	0.0	0.0	0.0	0.42049829172875386	0.0	0.0	0.0	0.2592697792900533	0.0	0.0	0.0	2.0430881271157664
ERR1624583	0.0	0.0	0.0	0.0	1.5263929073391609	0.0	0.0	0.0	0.0	0.5531559817585662	0.0	0.0	2.6029600373047983	1.1681456308804907	0.0	0.0	0.0	0.0	0.0	0.8956452422418758	2.9701842293156115	0.0	0.0	0.0	0.0	0.0	0.0	0.4339310232539997	1.6751568043265332	0.0	0.26904662886284514	2.416599225041638	0.26904662886284514	0.8454718394007836	2.2539793227816363	0.0	0.0	0.26904662886284514	0.0	0.0	0.0	0.0	0.0	0.0	0.0	0.0	0.0	0.0	0.7234572862903239	0.26904662886284514	0.0	0.0	2.4415683036815774	0.26904662886284514	0.0	0.0	0.0	3.285317556492079	0.0	3.2610863443710785	0.0	0.0	0.0	0.0	0.0	0.9406178446550878	1.9553625521260498	0.0	0.0	0.0	0.0	0.0	0.26904662886284514	0.0	0.0	0.0	0.4339310232539997	0.0	0.0	0.0	0.0	0.0	0.0	0.0	0.0	0.0	0.0	0.26904662886284514	0.0	0.0	0.0	0.0	0.0	0.0	0.26904662886284514	0.0	0.0	0.0	1.018619092356315	0.0	0.0	0.0	0.0	2.4887838867456793	0.0	2.9378818086392378	0.0	0.0	0.0	0.0	0.0	0.0	0.0	0.0	0.26904662886284514	0.26904662886284514	0.0	0.0	1.5584464899431536	0.0	0.0	0.0	0.0	0.0	0.0	0.0	0.0	0.0	0.0	0.26904662886284514	0.0	0.0	0.0	0.0	0.0	0.0	1.3342947698975276	1.142078308097234	0.0	0.0	0.4339310232539997	0.0	0.0	0.7234572862903239	0.0	1.2160093375966252	0.0	0.0	2.333449255797463	0.0	0.0	0.0	3.542781122898179	0.26904662886284514	0.0	0.0	0.0	0.9813672918359607	0.0	0.0	0.0	0.26904662886284514	1.142078308097234	0.0	2.578090816697887	0.0	0.0	0.0	0.0	0.0	0.0	0.0	1.084721058772836	1.3983586423723162	0.0	0.0	0.0	0.0	0.0	0.0	0.0	0.0	0.0	0.0	0.26904662886284514	0.0	0.6466012931301923	1.3342947698975276	0.4339310232539997	0.6466012931301923	0.8454718394007836	0.0	0.0	0.7234572862903239	0.0	0.0	0.0	0.9813672918359607	0.4339310232539997	0.0	0.0	0.0	0.0	0.0	0.7887355255959244	0.0	0.0	0.0	0.0	0.0	0.0	0.0	0.0	0.4339310232539997	0.0	2.0412604003682624	1.018619092356315	0.26904662886284514	0.0	0.0	0.0	0.0	0.0	0.0	0.0	0.0	0.0	0.0	0.5531559817585662	0.0	0.0	0.0	0.0	0.0	0.0	0.0	0.0	0.0	0.0	0.0	0.7887355255959244	0.0	0.0	0.0	0.5531559817585662	0.0	0.0	0.0	0.0	0.0	0.0	0.9813672918359607	0.5531559817585662	0.0	0.8454718394007836	0.0	0.0	0.0	0.0	0.0	0.0	0.0	0.0	0.0	1.9254481428875585	0.8454718394007836	0.0	0.0	0.26904662886284514	0.26904662886284514	0.0	0.0	0.0	0.0	0.26904662886284514	0.0	0.0	0.0	1.0529264980294808	0.0	0.0	0.0	0.7887355255959244	0.0	0.0	0.0	0.0	0.0	2.3121878029739023	0.8956452422418758	0.0	1.412999746499568	0.0	0.0	0.0	0.0	0.7234572862903239	1.7055577867637435	0.0	0.0	0.4339310232539997	0.0	0.0	0.0	0.0	0.0	0.0	0.0	0.26904662886284514	0.0	0.0	0.0	0.0	0.0	0.0	0.0	0.26904662886284514	0.0	0.0	0.4339310232539997	0.4339310232539997	1.7199957789757643	1.88852965361938	0.0	0.0	0.0	0.0	0.0	0.26904662886284514	0.0	0.0	1.3512182472116923	0.0	0.0	0.0	0.0	0.0	0.26904662886284514	0.9813672918359607	0.0	0.0	0.0	0.0	0.0	0.26904662886284514	0.0	0.0	0.26904662886284514	0.0	0.0	0.0	2.759671342352246	1.5882960606345387	0.0	0.5531559817585662	0.0	0.0	3.1073062717219737	0.0	1.5882960606345387	0.0	0.8956452422418758	0.0	0.26904662886284514	0.0	0.0	1.142078308097234	0.0	0.0	0.0	0.0	0.0	0.0	0.26904662886284514	0.0	0.0	0.0	0.0	0.5531559817585662	0.0	0.0	0.0	0.0	1.2983308784634455	0.0	0.0	0.0	0.0	0.26904662886284514	0.8454718394007836	0.0	0.0	0.0	0.4339310232539997	0.4339310232539997	0.0	0.0	0.0	0.0	0.0	0.0	0.0	0.0	0.0	1.8980576421941946	0.0	0.0	0.0	0.0	0.0	0.0	0.0	0.0	0.0	2.118650219523822	0.0	0.26904662886284514	0.6466012931301923	0.0	0.0	0.26904662886284514	0.0	0.26904662886284514	0.0	0.0	0.0	0.0
ERR1624584	0.0	0.0	0.3838721821385815	0.0	0.0	0.0	0.0	0.0	0.2330363144074905	0.7210641614635934	0.0	0.0	1.8075626905444735	1.0664144382924037	0.0	0.0	0.0	0.0	0.3838721821385815	1.6989780231925014	2.3173446252043015	0.0	0.0	0.0	0.0	0.0	0.0	0.2330363144074905	1.348397344745645	0.0	0.0	2.5383560030884063	0.0	1.4684408605420647	2.4105531116267485	0.49561022907971936	0.0	0.0	0.0	0.0	0.8248587924539359	0.0	0.0	0.0	0.0	0.0	0.0	0.0	0.49561022907971936	0.0	0.0	0.0	2.934287006281889	0.0	0.0	0.0	0.0	3.488184766250571	0.0	3.4384381596669007	0.0	0.0	0.2330363144074905	0.0	0.0	1.4004582454839076	2.2736299875286528	0.0	0.0	0.0	0.0	1.4469410731662073	0.0	0.0	0.0	0.0	0.0	0.0	0.0	0.0	0.2330363144074905	0.0	0.0	0.0	0.0	0.49561022907971936	0.0	1.2563279897153754	0.0	0.0	0.0	0.2330363144074905	0.2330363144074905	0.0	0.6580869417878478	0.0	0.0	0.0	0.8248587924539359	0.0	0.3838721821385815	0.0	0.3838721821385815	1.6735764668629285	0.0	2.798007901318823	0.0	0.0	0.0	0.0	0.0	0.0	0.0	0.0	0.0	0.0	0.0	0.0	1.3752074262880334	0.0	0.0	0.0	0.0	0.0	0.0	0.0	0.0	0.0	0.0	0.0	0.2330363144074905	0.5844028351804137	0.0	0.0	0.0	0.3838721821385815	0.0	0.2330363144074905	0.0	0.0	0.7210641614635934	0.0	0.0	0.49561022907971936	0.0	1.4125536253349755	0.0	0.0	1.3198226807790412	0.0	0.0	0.0	0.9450617424416468	0.0	0.0	0.0	0.0	0.9450617424416468	0.7760549374407048	0.0	0.7210641614635934	1.9956432944518276	0.0	0.0	3.3004335175429973	0.0	1.1163650033807817	0.2330363144074905	0.0	0.0	0.0	0.0	1.7287733817009276	0.6580869417878478	0.0	0.0	0.2330363144074905	0.0	0.2330363144074905	0.0	0.0	0.0	0.0	0.0	0.2330363144074905	0.0	0.2330363144074905	0.0	0.0	0.0	0.0	0.0	0.0	0.8687281608299682	0.0	0.0	0.0	0.0	0.0	0.0	0.0	0.0	0.0	0.0	0.49561022907971936	0.0	0.0	0.0	0.0	0.0	0.0	0.0	0.0	0.0	0.0	2.126454826423975	1.4988177233327011	0.8687281608299682	0.0	0.0	0.2330363144074905	1.1611585271799196	0.0	0.0	0.0	0.0	0.0	0.0	0.0	0.0	0.0	0.0	0.0	0.0	0.0	0.0	0.0	0.0	0.0	0.0	2.735815278670739	0.0	0.0	0.0	0.0	0.0	0.0	0.0	0.0	0.3838721821385815	0.0	0.3838721821385815	1.2388897993568002	0.0	0.0	0.0	0.0	0.0	0.0	0.0	0.0	0.0	0.0	1.0099629931198324	0.0	1.4243212487170878	0.0	0.0	0.0	0.0	0.0	0.0	0.3838721821385815	0.0	0.0	0.0	0.0	0.0	0.2330363144074905	0.0	0.0	0.0	0.8248587924539359	0.8248587924539359	0.0	0.0	0.0	0.0	1.8531240797815998	0.0	0.0	0.0	0.0	0.0	0.0	0.0	0.3838721821385815	1.9135916011906366	0.0	0.0	0.0	0.0	0.0	0.0	0.0	0.0	0.0	0.0	0.0	0.0	0.0	0.0	0.0	0.0	0.0	0.0	0.0	0.0	0.0	0.3838721821385815	2.9159659371928086	1.7229756012355324	2.137829912818126	0.0	0.0	0.0	0.0	0.0	0.0	0.0	0.0	0.7210641614635934	0.0	0.0	0.0	0.0	0.0	0.0	1.9765374903657404	0.7760549374407048	0.0	0.0	0.0	0.0	0.0	0.0	0.0	0.0	0.0	0.0	0.0	2.3362357752168275	2.7965322271857653	0.0	0.2330363144074905	0.0	0.0	2.442874032281912	0.0	1.388016327188363	0.0	0.908569889657483	0.0	0.3838721821385815	0.0	0.0	0.8248587924539359	0.0	0.0	0.0	0.0	0.0	0.0	0.0	0.0	0.0	0.0	0.0	0.0	0.0	0.0	0.0	0.0	1.8982720826505153	0.0	0.0	0.0	0.0	1.0391052955983078	0.49561022907971936	0.0	0.0	0.0	0.0	0.0	0.0	0.0	0.0	0.0	0.0	0.0	0.0	0.0	0.2330363144074905	2.265338766071228	0.0	0.0	0.0	0.0	0.0	0.0	0.0	0.0	0.2330363144074905	0.8248587924539359	0.0	0.0	0.0	0.0	0.0	0.0	0.0	0.0	0.0	0.0	0.0	0.0
ERR1624585	0.0	0.0	0.6576472170676364	0.0	0.9080758576604836	0.0	0.0	0.33886709794818815	0.0	0.52687201048286	0.0	0.0	1.6837895904151976	0.0	0.0	0.0	0.0	0.0	0.0	0.0	2.054214176786073	0.0	0.0	0.0	0.0	0.0	0.0	0.0	0.6576472170676364	0.0	0.33886709794818815	1.7339415315072007	0.33886709794818815	1.14621124617647	2.2120343808044054	0.52687201048286	0.0	0.0	0.0	0.0	0.0	0.0	0.0	0.0	0.0	0.0	0.33886709794818815	0.0	0.758021829969947	0.33886709794818815	0.0	0.0	3.053028195445537	0.52687201048286	0.0	0.0	0.0	3.57106745215593	0.0	2.628756932268708	0.0	0.52687201048286	0.0	0.0	0.33886709794818815	0.0	2.040403379001052	0.0	0.0	0.0	0.0	0.0	1.1079090479061406	0.0	0.0	0.0	0.0	0.0	0.0	0.0	0.0	0.8394975489505543	0.0	0.0	0.0	0.33886709794818815	0.0	0.52687201048286	0.0	0.0	0.33886709794818815	0.0	0.0	0.0	0.33886709794818815	0.0	0.0	0.0	0.33886709794818815	0.0	1.065899194946442	0.0	0.0	2.040403379001052	0.0	3.14813102516863	1.7702704103437386	0.0	0.0	0.0	0.0	0.0	0.0	0.0	0.0	0.0	0.0	0.52687201048286	0.52687201048286	0.0	0.0	0.0	0.0	0.0	0.0	0.0	0.52687201048286	0.0	0.0	0.0	0.0	0.0	0.0	0.0	0.0	0.0	0.33886709794818815	0.0	0.0	0.0	2.6668625903497136	0.33886709794818815	0.0	0.33886709794818815	0.0	0.6576472170676364	0.0	0.0	1.065899194946442	0.0	0.0	1.2139639549148535	1.1079090479061406	2.4615332544583097	0.0	0.33886709794818815	0.8394975489505543	1.065899194946442	0.0	0.0	2.5348075580327936	0.0	0.33886709794818815	0.33886709794818815	2.8606996933272564	0.0	0.33886709794818815	0.0	0.0	0.0	0.0	0.0	0.8394975489505543	0.52687201048286	0.0	0.0	0.33886709794818815	0.0	0.0	0.0	0.0	0.52687201048286	0.33886709794818815	0.0	0.0	0.0	0.6576472170676364	0.0	2.0063602369199773	0.0	0.0	0.0	0.0	0.52687201048286	0.0	0.0	0.0	0.33886709794818815	0.0	0.33886709794818815	0.0	0.0	0.33886709794818815	0.0	0.0	0.0	0.0	0.33886709794818815	1.4120117950436142	0.0	0.0	0.33886709794818815	0.0	0.33886709794818815	0.0	1.8777738303732496	1.8037935574772044	0.9672874342454635	0.0	0.0	0.6576472170676364	1.065899194946442	0.0	0.0	0.0	0.52687201048286	0.0	0.33886709794818815	0.0	0.0	0.0	0.0	0.0	0.0	0.0	1.1079090479061406	0.0	0.6576472170676364	0.0	0.0	2.040403379001052	0.33886709794818815	0.0	0.0	0.0	0.0	0.0	0.0	0.0	0.33886709794818815	0.0	0.9080758576604836	1.2725593612892079	0.0	0.0	0.0	0.0	0.0	0.0	0.0	0.0	0.0	0.0	0.0	0.0	0.0	0.0	0.0	0.0	0.0	0.0	0.0	0.33886709794818815	0.0	0.758021829969947	0.0	0.0	1.0193861951874852	0.52687201048286	0.0	0.0	0.0	0.6576472170676364	0.0	0.0	0.0	0.0	0.0	1.1814074947060302	0.0	0.0	0.33886709794818815	0.0	0.0	0.0	0.0	0.33886709794818815	1.8911695387430005	0.0	0.0	0.0	0.0	1.0193861951874852	0.0	0.0	0.0	0.52687201048286	0.0	0.0	0.0	0.8394975489505543	0.0	0.0	0.0	0.0	0.0	0.758021829969947	0.0	0.0	0.33886709794818815	1.5475261108281173	1.2442491276493868	3.491413066167053	0.0	0.0	0.0	0.0	0.0	0.6576472170676364	0.0	0.0	1.0193861951874852	0.0	0.33886709794818815	0.0	0.0	0.0	0.0	1.5327255648992466	0.52687201048286	0.0	0.0	0.0	0.0	0.6576472170676364	0.0	0.0	0.0	0.33886709794818815	0.0	0.0	1.7339415315072007	2.2453773854799093	0.0	0.33886709794818815	0.0	0.0	1.7873553596826985	0.52687201048286	1.1814074947060302	0.0	0.52687201048286	0.0	2.0762988653724004	0.0	0.0	0.0	0.0	0.0	0.0	0.33886709794818815	0.0	1.4314500562213683	0.33886709794818815	0.0	0.0	0.0	0.52687201048286	0.52687201048286	0.0	0.33886709794818815	0.33886709794818815	0.0	2.6533896527446785	0.0	0.0	0.0	0.0	0.0	2.463303387738788	0.0	0.0	0.0	0.0	0.758021829969947	0.0	0.0	0.0	0.0	0.0	0.0	0.0	0.33886709794818815	0.52687201048286	1.5015195283243155	0.0	0.0	0.0	0.0	0.0	0.0	0.0	0.0	0.0	1.1814074947060302	0.0	0.0	1.4678963963667249	0.0	0.0	0.0	0.0	0.0	0.0	0.33886709794818815	0.0	0.0
