run_accession	sample_accession	sample_alias	sample_title	library_name	library_strategy	library_layout	instrument_model	read_count	base_count	scientific_name
ERR3159561	SAMEA5357220	002_0003_M_N	human gut metagenome	002_0003_M_N_1	WGS	SINGLE	AB 5500xl Genetic Analyzer	1909647	66837645	human gut metagenome
ERR3159568	SAMEA5357222	002_0005_H_V	human gut metagenome	002_0005_H_V_2	WGS	SINGLE	AB 5500xl Genetic Analyzer	48603778	1701132230	human gut metagenome
ERR3159572	SAMEA5357224	002_0007_P_I	human gut metagenome	002_0007_P_I_2	WGS	SINGLE	AB 5500xl Genetic Analyzer	39813351	1393467285	human gut metagenome
ERR3159588	SAMEA5357231	002_0020_P_V	human gut metagenome	002_0020_P_V_2	WGS	SINGLE	AB 5500xl Genetic Analyzer	18717958	655128530	human gut metagenome
ERR3159593	SAMEA5357234	002_0026_P_E	human gut metagenome	002_0026_P_E_1	WGS	SINGLE	AB 5500xl Genetic Analyzer	54026660	1890933100	human gut metagenome
ERR3159594	SAMEA5357234	002_0026_P_E	human gut metagenome	002_0026_P_E_2	WGS	SINGLE	AB 5500xl Genetic Analyzer	37841986	1324469510	human gut metagenome
ERR3159607	SAMEA5357239	Atox105_5Y	human gut metagenome	Atox105_5Y_2	WGS	SINGLE	AB 5500xl Genetic Analyzer	53876146	1885665110	human gut metagenome
ERR3159615	SAMEA5357242	Atox108_5Y	human gut metagenome	Atox108_5Y_3	WGS	SINGLE	AB 5500xl Genetic Analyzer	52364597	1832760895	human gut metagenome
ERR3159617	SAMEA5357243	Atox112_0	human gut metagenome	Atox112_0_2	WGS	SINGLE	AB 5500xl Genetic Analyzer	12615200	441532000	human gut metagenome
ERR3159628	SAMEA5357248	Atox121_5Y	human gut metagenome	Atox121_5Y_2	WGS	SINGLE	AB 5500xl Genetic Analyzer	24775570	867144950	human gut metagenome
ERR3159629	SAMEA5357249	Atox124_0	human gut metagenome	Atox124_0_1	WGS	SINGLE	AB 5500xl Genetic Analyzer	37678720	1318755200	human gut metagenome
ERR3159640	SAMEA5357254	Atox127_5Y	human gut metagenome	Atox127_5Y_1	WGS	SINGLE	AB 5500xl Genetic Analyzer	28098462	983446170	human gut metagenome
ERR3159642	SAMEA5357255	Atox132_0	human gut metagenome	Atox132_0_1	WGS	SINGLE	AB 5500xl Genetic Analyzer	46297203	1620402105	human gut metagenome
ERR3159644	SAMEA5357256	Atox132_3	human gut metagenome	Atox132_3_1	WGS	SINGLE	AB 5500xl Genetic Analyzer	26652511	932837885	human gut metagenome
ERR3159645	SAMEA5357256	Atox132_3	human gut metagenome	Atox132_3_2	WGS	SINGLE	AB 5500xl Genetic Analyzer	24355595	852445825	human gut metagenome
ERR3159649	SAMEA5357258	Atox134_0	human gut metagenome	Atox134_0_2	WGS	SINGLE	AB 5500xl Genetic Analyzer	98477277	3446704695	human gut metagenome
ERR3159652	SAMEA5357260	Atox134_5Y	human gut metagenome	Atox134_5Y_1	WGS	SINGLE	AB 5500xl Genetic Analyzer	46159167	1615570845	human gut metagenome
ERR3159657	SAMEA5357262	Atox138_3	human gut metagenome	Atox138_3_2	WGS	SINGLE	AB 5500xl Genetic Analyzer	44331727	1551610445	human gut metagenome
ERR3159660	SAMEA5357263	Atox138_5Y	human gut metagenome	Atox138_5Y_3	WGS	SINGLE	AB 5500xl Genetic Analyzer	20302072	710572520	human gut metagenome
ERR3159661	SAMEA5357264	Atox14_1	human gut metagenome	Atox14_1_1	WGS	SINGLE	AB 5500xl Genetic Analyzer	32871297	1150495395	human gut metagenome
ERR3159665	SAMEA5357265	Atox14_3	human gut metagenome	Atox14_3_3	WGS	SINGLE	AB 5500xl Genetic Analyzer	12491965	437218775	human gut metagenome
ERR3159672	SAMEA5357268	Atox21_3	human gut metagenome	Atox21_3_2	WGS	SINGLE	AB 5500xl Genetic Analyzer	26735326	935736410	human gut metagenome
ERR3159673	SAMEA5357268	Atox21_3	human gut metagenome	Atox21_3_3	WGS	SINGLE	AB 5500xl Genetic Analyzer	9643478	337521730	human gut metagenome
ERR3159676	SAMEA5357270	Atox5_1	human gut metagenome	Atox5_1_1	WGS	SINGLE	AB 5500xl Genetic Analyzer	49197225	1721902875	human gut metagenome
ERR3159677	SAMEA5357270	Atox5_1	human gut metagenome	Atox5_1_2	WGS	SINGLE	AB 5500xl Genetic Analyzer	54987110	1924548850	human gut metagenome
ERR3159681	SAMEA5357272	Atox5_5Y	human gut metagenome	Atox5_5Y_2	WGS	SINGLE	AB 5500xl Genetic Analyzer	49118973	1719164055	human gut metagenome
ERR3159682	SAMEA5357273	Atox72_0	human gut metagenome	Atox72_0_1	WGS	SINGLE	AB 5500xl Genetic Analyzer	23457078	820997730	human gut metagenome
ERR3159688	SAMEA5357275	Atox72_5Y	human gut metagenome	Atox72_5Y_3	WGS	SINGLE	AB 5500xl Genetic Analyzer	20220311	707710885	human gut metagenome
ERR3159693	SAMEA5357277	Atox8_3	human gut metagenome	Atox8_3_1	WGS	SINGLE	AB 5500xl Genetic Analyzer	46765035	1636776225	human gut metagenome
ERR3159702	SAMEA5357280	LG_T1003	human gut metagenome	LG_T1003_3	WGS	SINGLE	AB 5500xl Genetic Analyzer	69190534	2421668690	human gut metagenome
ERR3159708	SAMEA5357282	LG_T1005	human gut metagenome	LG_T1005_2	WGS	SINGLE	AB 5500xl Genetic Analyzer	73541	2573935	human gut metagenome
ERR3159719	SAMEA5357286	LG_T1009	human gut metagenome	LG_T1009_2	WGS	SINGLE	AB 5500xl Genetic Analyzer	18414723	644515305	human gut metagenome
ERR3159722	SAMEA5357288	LG_T1011	human gut metagenome	LG_T1011_1	WGS	SINGLE	AB 5500xl Genetic Analyzer	23774260	832099100	human gut metagenome
ERR3159725	SAMEA5357289	LG_T1012	human gut metagenome	LG_T1012_2	WGS	SINGLE	AB 5500xl Genetic Analyzer	27491153	962190355	human gut metagenome
ERR3159727	SAMEA5357290	LG_T1013	human gut metagenome	LG_T1013_2	WGS	SINGLE	AB 5500xl Genetic Analyzer	36744771	1286066985	human gut metagenome
ERR3159743	SAMEA5357295	LeakyGutOB001	human gut metagenome	LeakyGutOB001_2	WGS	SINGLE	AB 5500xl Genetic Analyzer	44339788	1551892580	human gut metagenome
ERR3159750	SAMEA5357299	LeakyGutOB005	human gut metagenome	LeakyGutOB005_1	WGS	SINGLE	AB 5500xl Genetic Analyzer	4295369	150337915	human gut metagenome
ERR3159751	SAMEA5357299	LeakyGutOB005	human gut metagenome	LeakyGutOB005_2	WGS	SINGLE	AB 5500xl Genetic Analyzer	4445923	155607305	human gut metagenome
ERR3159755	SAMEA5357300	LeakyGutOB006	human gut metagenome	LeakyGutOB006_1	WGS	SINGLE	AB 5500xl Genetic Analyzer	7828293	273990255	human gut metagenome
ERR3159757	SAMEA5357300	LeakyGutOB006	human gut metagenome	LeakyGutOB006_3	WGS	SINGLE	AB 5500xl Genetic Analyzer	13625163	476880705	human gut metagenome
ERR3159761	SAMEA5357301	LeakyGutOB007	human gut metagenome	LeakyGutOB007_3	WGS	SINGLE	AB 5500xl Genetic Analyzer	29754803	1041418105	human gut metagenome
ERR3159764	SAMEA5357303	LeakyGutOB009	human gut metagenome	LeakyGutOB009_1	WGS	SINGLE	AB 5500xl Genetic Analyzer	38318258	1341139030	human gut metagenome
ERR3159768	SAMEA5357304	LeakyGutOB010	human gut metagenome	LeakyGutOB010_3	WGS	SINGLE	AB 5500xl Genetic Analyzer	12168722	425905270	human gut metagenome
ERR3159775	SAMEA5357306	LeakyGutOB012	human gut metagenome	LeakyGutOB012_3	WGS	SINGLE	AB 5500xl Genetic Analyzer	15012436	525435260	human gut metagenome
ERR3159777	SAMEA5357307	LeakyGutOB014	human gut metagenome	LeakyGutOB014_1	WGS	SINGLE	AB 5500xl Genetic Analyzer	76137252	2664803820	human gut metagenome
ERR3159778	SAMEA5357307	LeakyGutOB014	human gut metagenome	LeakyGutOB014_2	WGS	SINGLE	AB 5500xl Genetic Analyzer	75631520	2647103200	human gut metagenome
ERR3159779	SAMEA5357308	LeakyGutOB015	human gut metagenome	LeakyGutOB015_1	WGS	SINGLE	AB 5500xl Genetic Analyzer	26114958	914023530	human gut metagenome
ERR3159781	SAMEA5357308	LeakyGutOB015	human gut metagenome	LeakyGutOB015_3	WGS	SINGLE	AB 5500xl Genetic Analyzer	9716742	340085970	human gut metagenome
ERR3159786	SAMEA5357310	LeakyGutOB017	human gut metagenome	LeakyGutOB017_1	WGS	SINGLE	AB 5500xl Genetic Analyzer	42288417	1480094595	human gut metagenome
ERR3159795	SAMEA5357314	LeakyGutOB021	human gut metagenome	LeakyGutOB021_1	WGS	SINGLE	AB 5500xl Genetic Analyzer	23407759	819271565	human gut metagenome
ERR3159796	SAMEA5357314	LeakyGutOB021	human gut metagenome	LeakyGutOB021_2	WGS	SINGLE	AB 5500xl Genetic Analyzer	9340258	326909030	human gut metagenome
ERR3159800	SAMEA5357315	MB01_1	human gut metagenome	MB01_1_2	WGS	SINGLE	AB 5500xl Genetic Analyzer	30277966	1059728810	human gut metagenome
ERR3159812	SAMEA5357318	MB02_1	human gut metagenome	MB02_1_3	WGS	SINGLE	AB 5500xl Genetic Analyzer	54686961	1914043635	human gut metagenome
ERR3159814	SAMEA5357319	MB02_2	human gut metagenome	MB02_2_2	WGS	SINGLE	AB 5500xl Genetic Analyzer	39988373	1399593055	human gut metagenome
ERR3159822	SAMEA5357321	MB04_2	human gut metagenome	MB04_2_4	WGS	SINGLE	AB 5500xl Genetic Analyzer	3556408	124474280	human gut metagenome
ERR3159825	SAMEA5357322	MB04_3	human gut metagenome	MB04_3_3	WGS	SINGLE	AB 5500xl Genetic Analyzer	14134071	494692485	human gut metagenome
ERR3159826	SAMEA5357322	MB04_3	human gut metagenome	MB04_3_4	WGS	SINGLE	AB 5500xl Genetic Analyzer	13803808	483133280	human gut metagenome
ERR3159828	SAMEA5357323	MB04_4	human gut metagenome	MB04_4_2	WGS	SINGLE	AB 5500xl Genetic Analyzer	34107578	1193765230	human gut metagenome
ERR3159830	SAMEA5357324	MB05_1	human gut metagenome	MB05_1_1	WGS	SINGLE	AB 5500xl Genetic Analyzer	8485534	296993690	human gut metagenome
ERR3159845	SAMEA5357329	MB07_2	human gut metagenome	MB07_2_1	WGS	SINGLE	AB 5500xl Genetic Analyzer	13709872	685493600	human gut metagenome
ERR3159869	SAMEA5357333	MB08_1	human gut metagenome	MB08_1_1	WGS	SINGLE	AB 5500xl Genetic Analyzer	19293521	675273235	human gut metagenome
ERR3159876	SAMEA5357335	MB10_1	human gut metagenome	MB10_1_2	WGS	SINGLE	AB 5500xl Genetic Analyzer	51760450	1811615750	human gut metagenome
ERR3159880	SAMEA5357336	MB10_2	human gut metagenome	MB10_2_4	WGS	SINGLE	AB 5500xl Genetic Analyzer	7731708	386585400	human gut metagenome
ERR3159882	SAMEA5357336	MB10_2	human gut metagenome	MB10_2_6	WGS	SINGLE	AB 5500xl Genetic Analyzer	1527358	76367900	human gut metagenome
ERR3159884	SAMEA5357337	MB10_3	human gut metagenome	MB10_3_2	WGS	SINGLE	AB 5500xl Genetic Analyzer	4907467	245373350	human gut metagenome
ERR3159888	SAMEA5357337	MB10_3	human gut metagenome	MB10_3_6	WGS	SINGLE	AB 5500xl Genetic Analyzer	2185561	109278050	human gut metagenome
ERR3159896	SAMEA5357339	MB12_1	human gut metagenome	MB12_1_2	WGS	SINGLE	AB 5500xl Genetic Analyzer	48546705	1699134675	human gut metagenome
ERR3159898	SAMEA5357340	MB12_2	human gut metagenome	MB12_2_2	WGS	SINGLE	AB 5500xl Genetic Analyzer	42022653	1470792855	human gut metagenome
ERR3159900	SAMEA5357341	MB12_3	human gut metagenome	MB12_3_2	WGS	SINGLE	AB 5500xl Genetic Analyzer	16715630	585047050	human gut metagenome
ERR3159902	SAMEA5357342	MB12_4	human gut metagenome	MB12_4_1	WGS	SINGLE	AB 5500xl Genetic Analyzer	11424585	399860475	human gut metagenome
ERR3159907	SAMEA5357343	MB13_3	human gut metagenome	MB13_3_2	WGS	SINGLE	AB 5500xl Genetic Analyzer	35000312	1225010920	human gut metagenome
ERR3159917	SAMEA5357347	MB15_3	human gut metagenome	MB15_3_1	WGS	SINGLE	AB 5500xl Genetic Analyzer	45835873	1604255555	human gut metagenome
ERR3159922	SAMEA5357349	MB16_1	human gut metagenome	MB16_1_2	WGS	SINGLE	AB 5500xl Genetic Analyzer	27737042	970796470	human gut metagenome
ERR3159925	SAMEA5357351	MB16_3	human gut metagenome	MB16_3_1	WGS	SINGLE	AB 5500xl Genetic Analyzer	31593586	1105775510	human gut metagenome
ERR3159926	SAMEA5357351	MB16_3	human gut metagenome	MB16_3_2	WGS	SINGLE	AB 5500xl Genetic Analyzer	23467184	821351440	human gut metagenome
ERR3159928	SAMEA5357352	MB16_4	human gut metagenome	MB16_4_2	WGS	SINGLE	AB 5500xl Genetic Analyzer	34471732	1206510620	human gut metagenome
ERR3159932	SAMEA5357354	MB17_2	human gut metagenome	MB17_2_2	WGS	SINGLE	AB 5500xl Genetic Analyzer	45815560	1603544600	human gut metagenome
ERR3159933	SAMEA5357355	MB18_1	human gut metagenome	MB18_1_1	WGS	SINGLE	AB 5500xl Genetic Analyzer	26080506	912817710	human gut metagenome
ERR3159939	SAMEA5357357	MB18_4	human gut metagenome	MB18_4_2	WGS	SINGLE	AB 5500xl Genetic Analyzer	28990120	1014654200	human gut metagenome
ERR3159943	SAMEA5357359	MB21_1	human gut metagenome	MB21_1_2	WGS	SINGLE	AB 5500xl Genetic Analyzer	44859441	1570080435	human gut metagenome
ERR3159951	SAMEA5357363	MB22_2	human gut metagenome	MB22_2_1	WGS	SINGLE	AB 5500xl Genetic Analyzer	150224778	5257867230	human gut metagenome
ERR3159955	SAMEA5357363	MB22_2	human gut metagenome	MB22_2_5	WGS	SINGLE	AB 5500xl Genetic Analyzer	4663139	163209865	human gut metagenome
ERR3159962	SAMEA5357366	MB23_1	human gut metagenome	MB23_1_1	WGS	SINGLE	AB 5500xl Genetic Analyzer	52948593	1853200755	human gut metagenome
ERR3160005	SAMEA5357377	MB27_4	human gut metagenome	MB27_4_2	WGS	SINGLE	AB 5500xl Genetic Analyzer	47084534	1647958690	human gut metagenome
ERR3160007	SAMEA5357378	MB28_1	human gut metagenome	MB28_1_2	WGS	SINGLE	AB 5500xl Genetic Analyzer	24182670	846393450	human gut metagenome
ERR3160016	SAMEA5357381	MB29_3	human gut metagenome	MB29_3_3	WGS	SINGLE	AB 5500xl Genetic Analyzer	30032461	1051136135	human gut metagenome
ERR3160025	SAMEA5357384	MB30_4	human gut metagenome	MB30_4_2	WGS	SINGLE	AB 5500xl Genetic Analyzer	5986684	209533940	human gut metagenome
ERR3160037	SAMEA5357387	MB32_2	human gut metagenome	MB32_2_2	WGS	SINGLE	AB 5500xl Genetic Analyzer	4194547	209727350	human gut metagenome
ERR3160047	SAMEA5357388	MB32_3	human gut metagenome	MB32_3_6	WGS	SINGLE	AB 5500xl Genetic Analyzer	2677273	133863650	human gut metagenome
ERR3160051	SAMEA5357390	MB33_1	human gut metagenome	MB33_1_2	WGS	SINGLE	AB 5500xl Genetic Analyzer	11263305	394215675	human gut metagenome
ERR3160052	SAMEA5357390	MB33_1	human gut metagenome	MB33_1_3	WGS	SINGLE	AB 5500xl Genetic Analyzer	5573312	195065920	human gut metagenome
ERR3160055	SAMEA5357390	MB33_1	human gut metagenome	MB33_1_6	WGS	SINGLE	AB 5500xl Genetic Analyzer	4959289	173575115	human gut metagenome
ERR3160059	SAMEA5357392	MB33_3	human gut metagenome	MB33_3_1	WGS	SINGLE	AB 5500xl Genetic Analyzer	14407529	504263515	human gut metagenome
ERR3160072	SAMEA5357396	MB35_2	human gut metagenome	MB35_2_1	WGS	SINGLE	AB 5500xl Genetic Analyzer	23206490	1160324500	human gut metagenome
ERR3160085	SAMEA5357398	MB35_4	human gut metagenome	MB35_4_2	WGS	SINGLE	AB 5500xl Genetic Analyzer	22640272	792409520	human gut metagenome
ERR3160089	SAMEA5357399	MB37_1	human gut metagenome	MB37_1_4	WGS	SINGLE	AB 5500xl Genetic Analyzer	8590876	429543800	human gut metagenome
ERR3160091	SAMEA5357399	MB37_1	human gut metagenome	MB37_1_6	WGS	SINGLE	AB 5500xl Genetic Analyzer	1745386	87269300	human gut metagenome
ERR3160103	SAMEA5357401	MB37_3	human gut metagenome	MB37_3_6	WGS	SINGLE	AB 5500xl Genetic Analyzer	3762721	188136050	human gut metagenome
ERR3160106	SAMEA5357402	MB37_4	human gut metagenome	MB37_4_3	WGS	SINGLE	AB 5500xl Genetic Analyzer	312885	10950975	human gut metagenome
ERR3160107	SAMEA5357402	MB37_4	human gut metagenome	MB37_4_4	WGS	SINGLE	AB 5500xl Genetic Analyzer	19758411	691544385	human gut metagenome
ERR3160110	SAMEA5357403	MB39_1	human gut metagenome	MB39_1_1	WGS	SINGLE	AB 5500xl Genetic Analyzer	16021226	801061300	human gut metagenome
ERR3160112	SAMEA5357403	MB39_1	human gut metagenome	MB39_1_3	WGS	SINGLE	AB 5500xl Genetic Analyzer	3983151	199157550	human gut metagenome
ERR3160118	SAMEA5357404	MB39_2	human gut metagenome	MB39_2_3	WGS	SINGLE	AB 5500xl Genetic Analyzer	5314570	265728500	human gut metagenome
ERR3160123	SAMEA5357405	MB39_3	human gut metagenome	MB39_3_2	WGS	SINGLE	AB 5500xl Genetic Analyzer	6559817	327990850	human gut metagenome
ERR3160128	SAMEA5357406	MB39_4	human gut metagenome	MB39_4_1	WGS	SINGLE	AB 5500xl Genetic Analyzer	17354253	607398855	human gut metagenome
ERR3160129	SAMEA5357406	MB39_4	human gut metagenome	MB39_4_2	WGS	SINGLE	AB 5500xl Genetic Analyzer	9875183	345631405	human gut metagenome
ERR3160134	SAMEA5357407	MB40_1	human gut metagenome	MB40_1_3	WGS	SINGLE	AB 5500xl Genetic Analyzer	2343960	82038600	human gut metagenome
ERR3160138	SAMEA5357408	MB41_1	human gut metagenome	MB41_1_1	WGS	SINGLE	AB 5500xl Genetic Analyzer	9690422	484521100	human gut metagenome
ERR3160148	SAMEA5357409	MB41_2	human gut metagenome	MB41_2_5	WGS	SINGLE	AB 5500xl Genetic Analyzer	4843966	242198300	human gut metagenome
ERR3160151	SAMEA5357410	MB41_3	human gut metagenome	MB41_3_2	WGS	SINGLE	AB 5500xl Genetic Analyzer	8851867	309815345	human gut metagenome
ERR3160159	SAMEA5357411	MB42_1	human gut metagenome	MB42_1_4	WGS	SINGLE	AB 5500xl Genetic Analyzer	29124231	1019348085	human gut metagenome
ERR3160161	SAMEA5357411	MB42_1	human gut metagenome	MB42_1_6	WGS	SINGLE	AB 5500xl Genetic Analyzer	4851290	169795150	human gut metagenome
ERR3160162	SAMEA5357411	MB42_1	human gut metagenome	MB42_1_7	WGS	SINGLE	AB 5500xl Genetic Analyzer	12579436	440280260	human gut metagenome
ERR3160165	SAMEA5357412	MB42_2	human gut metagenome	MB42_2_2	WGS	SINGLE	AB 5500xl Genetic Analyzer	469199	16421965	human gut metagenome
ERR3160166	SAMEA5357412	MB42_2	human gut metagenome	MB42_2_3	WGS	SINGLE	AB 5500xl Genetic Analyzer	6666519	233328165	human gut metagenome
ERR3160170	SAMEA5357414	MB42_4	human gut metagenome	MB42_4_1	WGS	SINGLE	AB 5500xl Genetic Analyzer	14039415	491379525	human gut metagenome
ERR3160174	SAMEA5357415	MB43_1	human gut metagenome	MB43_1_1	WGS	SINGLE	AB 5500xl Genetic Analyzer	34380789	1203327615	human gut metagenome
ERR3160177	SAMEA5357417	MB43_3	human gut metagenome	MB43_3_1	WGS	SINGLE	AB 5500xl Genetic Analyzer	28594902	1000821570	human gut metagenome
ERR3160195	SAMEA5357422	MB44_4	human gut metagenome	MB44_4_4	WGS	SINGLE	AB 5500xl Genetic Analyzer	22247216	778652560	human gut metagenome
ERR3160198	SAMEA5357423	MB45_1	human gut metagenome	MB45_1_3	WGS	SINGLE	AB 5500xl Genetic Analyzer	22799042	797966470	human gut metagenome
ERR3160199	SAMEA5357424	MB46_1	human gut metagenome	MB46_1_1	WGS	SINGLE	AB 5500xl Genetic Analyzer	77254	2703890	human gut metagenome
ERR3160203	SAMEA5357424	MB46_1	human gut metagenome	MB46_1_5	WGS	SINGLE	AB 5500xl Genetic Analyzer	25592	895720	human gut metagenome
ERR3160209	SAMEA5357425	MB46_2	human gut metagenome	MB46_2_1	WGS	SINGLE	AB 5500xl Genetic Analyzer	21402191	749076685	human gut metagenome
ERR3160224	SAMEA5357428	MB47_1	human gut metagenome	MB47_1_3	WGS	SINGLE	AB 5500xl Genetic Analyzer	27562866	964700310	human gut metagenome
ERR3160231	SAMEA5357430	MB47_3	human gut metagenome	MB47_3_4	WGS	SINGLE	AB 5500xl Genetic Analyzer	490384	17163440	human gut metagenome
ERR3160232	SAMEA5357430	MB47_3	human gut metagenome	MB47_3_5	WGS	SINGLE	AB 5500xl Genetic Analyzer	1262567	44189845	human gut metagenome
ERR3160234	SAMEA5357431	MB47_4	human gut metagenome	MB47_4_1	WGS	SINGLE	AB 5500xl Genetic Analyzer	17911873	626915555	human gut metagenome
ERR3160235	SAMEA5357431	MB47_4	human gut metagenome	MB47_4_2	WGS	SINGLE	AB 5500xl Genetic Analyzer	14709843	514844505	human gut metagenome
ERR3160243	SAMEA5357435	MB48_4	human gut metagenome	MB48_4_1	WGS	SINGLE	AB 5500xl Genetic Analyzer	22495789	787352615	human gut metagenome
ERR3160245	SAMEA5357435	MB48_4	human gut metagenome	MB48_4_3	WGS	SINGLE	AB 5500xl Genetic Analyzer	9354289	327400115	human gut metagenome
ERR3160259	SAMEA5357439	MB50_4	human gut metagenome	MB50_4_1	WGS	SINGLE	AB 5500xl Genetic Analyzer	79931706	2797609710	human gut metagenome
ERR3160263	SAMEA5357441	MB51_2	human gut metagenome	MB51_2_2	WGS	SINGLE	AB 5500xl Genetic Analyzer	24080520	842818200	human gut metagenome
ERR3160265	SAMEA5357441	MB51_2	human gut metagenome	MB51_2_4	WGS	SINGLE	AB 5500xl Genetic Analyzer	30280769	1059826915	human gut metagenome
ERR3160267	SAMEA5357442	MB51_3	human gut metagenome	MB51_3_2	WGS	SINGLE	AB 5500xl Genetic Analyzer	14044179	491546265	human gut metagenome
ERR3160273	SAMEA5357444	MB52_1	human gut metagenome	MB52_1_1	WGS	SINGLE	AB 5500xl Genetic Analyzer	35045122	1226579270	human gut metagenome
ERR3160276	SAMEA5357445	MB52_2	human gut metagenome	MB52_2_2	WGS	SINGLE	AB 5500xl Genetic Analyzer	34642781	1212497335	human gut metagenome
ERR3160278	SAMEA5357446	MB52_3	human gut metagenome	MB52_3_2	WGS	SINGLE	AB 5500xl Genetic Analyzer	15883654	555927890	human gut metagenome
ERR3160279	SAMEA5357446	MB52_3	human gut metagenome	MB52_3_3	WGS	SINGLE	AB 5500xl Genetic Analyzer	29850810	1044778350	human gut metagenome
ERR3160285	SAMEA5357448	MB53_1	human gut metagenome	MB53_1_2	WGS	SINGLE	AB 5500xl Genetic Analyzer	7289644	255137540	human gut metagenome
ERR3160289	SAMEA5357448	MB53_1	human gut metagenome	MB53_1_6	WGS	SINGLE	AB 5500xl Genetic Analyzer	17630626	617071910	human gut metagenome
ERR3160290	SAMEA5357449	MB54_1	human gut metagenome	MB54_1_1	WGS	SINGLE	AB 5500xl Genetic Analyzer	1205125	42179375	human gut metagenome
ERR3160296	SAMEA5357450	MB54_2	human gut metagenome	MB54_2_2	WGS	SINGLE	AB 5500xl Genetic Analyzer	14339744	501891040	human gut metagenome
ERR3160301	SAMEA5357451	MB54_3	human gut metagenome	MB54_3_2	WGS	SINGLE	AB 5500xl Genetic Analyzer	16013928	560487480	human gut metagenome
ERR3160315	SAMEA5357454	MB55_2	human gut metagenome	MB55_2_2	WGS	SINGLE	AB 5500xl Genetic Analyzer	38270374	1339463090	human gut metagenome
ERR3160318	SAMEA5357455	MB55_3	human gut metagenome	MB55_3_3	WGS	SINGLE	AB 5500xl Genetic Analyzer	18329143	641520005	human gut metagenome
ERR3160320	SAMEA5357455	MB55_3	human gut metagenome	MB55_3_5	WGS	SINGLE	AB 5500xl Genetic Analyzer	1589931	55647585	human gut metagenome
ERR3160332	SAMEA5357458	MB58_1	human gut metagenome	MB58_1_2	WGS	SINGLE	AB 5500xl Genetic Analyzer	35382237	1238378295	human gut metagenome
ERR3160334	SAMEA5357459	MB59_1	human gut metagenome	MB59_1_2	WGS	SINGLE	AB 5500xl Genetic Analyzer	34323988	1201339580	human gut metagenome
ERR3160347	SAMEA5357463	MB60_2	human gut metagenome	MB60_2_2	WGS	SINGLE	AB 5500xl Genetic Analyzer	3770884	131980940	human gut metagenome
ERR3160356	SAMEA5357466	MB61_2	human gut metagenome	MB61_2_1	WGS	SINGLE	AB 5500xl Genetic Analyzer	34730	1215550	human gut metagenome
ERR3160363	SAMEA5357467	MB61_3	human gut metagenome	MB61_3_3	WGS	SINGLE	AB 5500xl Genetic Analyzer	2430379	85063265	human gut metagenome
ERR3160383	SAMEA5357474	MB67_1	human gut metagenome	MB67_1_1	WGS	SINGLE	AB 5500xl Genetic Analyzer	32877981	1150729335	human gut metagenome
ERR3160390	SAMEA5357476	MB69_1	human gut metagenome	MB69_1_4	WGS	SINGLE	AB 5500xl Genetic Analyzer	12520283	438209905	human gut metagenome
ERR3160395	SAMEA5357477	MB70_1	human gut metagenome	MB70_1_5	WGS	SINGLE	AB 5500xl Genetic Analyzer	13489155	472120425	human gut metagenome
ERR3160400	SAMEA5357478	MB71_1	human gut metagenome	MB71_1_4	WGS	SINGLE	AB 5500xl Genetic Analyzer	5257332	184006620	human gut metagenome
ERR3160401	SAMEA5357479	MB72_1	human gut metagenome	MB72_1_1	WGS	SINGLE	AB 5500xl Genetic Analyzer	27748401	971194035	human gut metagenome
ERR3160406	SAMEA5357481	MB74_1	human gut metagenome	MB74_1_1	WGS	SINGLE	AB 5500xl Genetic Analyzer	4769447	166930645	human gut metagenome
ERR3160417	SAMEA5357485	MB78_1	human gut metagenome	MB78_1_2	WGS	SINGLE	AB 5500xl Genetic Analyzer	34345488	1202092080	human gut metagenome
ERR3160420	SAMEA5357487	MB80_1	human gut metagenome	MB80_1_1	WGS	SINGLE	AB 5500xl Genetic Analyzer	39986724	1399535340	human gut metagenome
ERR3160422	SAMEA5357488	MB81_1	human gut metagenome	MB81_1_1	WGS	SINGLE	AB 5500xl Genetic Analyzer	26556901	929491535	human gut metagenome
ERR3159557	SAMEA5357218	002_0001_L_C	human gut metagenome	002_0001_L_C_1	WGS	SINGLE	AB 5500xl Genetic Analyzer	26130741	914575935	human gut metagenome
ERR3159565	SAMEA5357221	002_0004_B_E	human gut metagenome	002_0004_B_E_1	WGS	SINGLE	AB 5500xl Genetic Analyzer	32025964	1120908740	human gut metagenome
ERR3159570	SAMEA5357223	002_0006_D_M	human gut metagenome	002_0006_D_M_2	WGS	SINGLE	AB 5500xl Genetic Analyzer	29844625	1044561875	human gut metagenome
ERR3159577	SAMEA5357227	002_0010_T_M	human gut metagenome	002_0010_T_M_1	WGS	SINGLE	AB 5500xl Genetic Analyzer	27518941	963162935	human gut metagenome
ERR3159578	SAMEA5357227	002_0010_T_M	human gut metagenome	002_0010_T_M_2	WGS	SINGLE	AB 5500xl Genetic Analyzer	20992407	734734245	human gut metagenome
ERR3159581	SAMEA5357228	002_0011_R_H	human gut metagenome	002_0011_R_H_2	WGS	SINGLE	AB 5500xl Genetic Analyzer	42525776	1488402160	human gut metagenome
ERR3159584	SAMEA5357230	002_0016_P_M	human gut metagenome	002_0016_P_M_1	WGS	SINGLE	AB 5500xl Genetic Analyzer	472657	16542995	human gut metagenome
ERR3159585	SAMEA5357230	002_0016_P_M	human gut metagenome	002_0016_P_M_2	WGS	SINGLE	AB 5500xl Genetic Analyzer	393513	13772955	human gut metagenome
ERR3159591	SAMEA5357233	002_0023_T_A	human gut metagenome	002_0023_T_A_1	WGS	SINGLE	AB 5500xl Genetic Analyzer	65256174	2283966090	human gut metagenome
ERR3159597	SAMEA5357235	002_0027_S_V	human gut metagenome	002_0027_S_V_3	WGS	SINGLE	AB 5500xl Genetic Analyzer	9045685	316598975	human gut metagenome
ERR3159601	SAMEA5357237	Atox105_0	human gut metagenome	Atox105_0_2	WGS	SINGLE	AB 5500xl Genetic Analyzer	13039536	456383760	human gut metagenome
ERR3159604	SAMEA5357238	Atox105_3	human gut metagenome	Atox105_3_2	WGS	SINGLE	AB 5500xl Genetic Analyzer	14132795	494647825	human gut metagenome
ERR3159616	SAMEA5357243	Atox112_0	human gut metagenome	Atox112_0_1	WGS	SINGLE	AB 5500xl Genetic Analyzer	10251230	358793050	human gut metagenome
ERR3159619	SAMEA5357244	Atox112_3	human gut metagenome	Atox112_3_1	WGS	SINGLE	AB 5500xl Genetic Analyzer	41108870	1438810450	human gut metagenome
ERR3159625	SAMEA5357247	Atox121_3	human gut metagenome	Atox121_3_1	WGS	SINGLE	AB 5500xl Genetic Analyzer	55380423	1938314805	human gut metagenome
ERR3159638	SAMEA5357253	Atox127_3	human gut metagenome	Atox127_3_1	WGS	SINGLE	AB 5500xl Genetic Analyzer	40367257	1412853995	human gut metagenome
ERR3159647	SAMEA5357257	Atox132_5Y	human gut metagenome	Atox132_5Y_2	WGS	SINGLE	AB 5500xl Genetic Analyzer	46548327	1629191445	human gut metagenome
ERR3159663	SAMEA5357265	Atox14_3	human gut metagenome	Atox14_3_1	WGS	SINGLE	AB 5500xl Genetic Analyzer	19420521	679718235	human gut metagenome
ERR3159666	SAMEA5357266	Atox14_5Y	human gut metagenome	Atox14_5Y_1	WGS	SINGLE	AB 5500xl Genetic Analyzer	30235364	1058237740	human gut metagenome
ERR3159679	SAMEA5357271	Atox5_3	human gut metagenome	Atox5_3_2	WGS	SINGLE	AB 5500xl Genetic Analyzer	45958758	1608556530	human gut metagenome
ERR3159680	SAMEA5357272	Atox5_5Y	human gut metagenome	Atox5_5Y_1	WGS	SINGLE	AB 5500xl Genetic Analyzer	44272866	1549550310	human gut metagenome
ERR3159683	SAMEA5357273	Atox72_0	human gut metagenome	Atox72_0_2	WGS	SINGLE	AB 5500xl Genetic Analyzer	29862477	1045186695	human gut metagenome
ERR3159685	SAMEA5357274	Atox72_3	human gut metagenome	Atox72_3_2	WGS	SINGLE	AB 5500xl Genetic Analyzer	31865138	1115279830	human gut metagenome
ERR3159690	SAMEA5357276	Atox8_1	human gut metagenome	Atox8_1_2	WGS	SINGLE	AB 5500xl Genetic Analyzer	265526	9293410	human gut metagenome
ERR3159701	SAMEA5357280	LG_T1003	human gut metagenome	LG_T1003_2	WGS	SINGLE	AB 5500xl Genetic Analyzer	1053	36855	human gut metagenome
ERR3159707	SAMEA5357282	LG_T1005	human gut metagenome	LG_T1005_1	WGS	SINGLE	AB 5500xl Genetic Analyzer	209307	7325745	human gut metagenome
ERR3159711	SAMEA5357283	LG_T1006	human gut metagenome	LG_T1006_2	WGS	SINGLE	AB 5500xl Genetic Analyzer	17413753	609481355	human gut metagenome
ERR3159712	SAMEA5357284	LG_T1007	human gut metagenome	LG_T1007_1	WGS	SINGLE	AB 5500xl Genetic Analyzer	14650572	512770020	human gut metagenome
ERR3159715	SAMEA5357284	LG_T1007	human gut metagenome	LG_T1007_4	WGS	SINGLE	AB 5500xl Genetic Analyzer	22850954	799783390	human gut metagenome
ERR3159717	SAMEA5357285	LG_T1008	human gut metagenome	LG_T1008_2	WGS	SINGLE	AB 5500xl Genetic Analyzer	27277846	954724610	human gut metagenome
ERR3159723	SAMEA5357288	LG_T1011	human gut metagenome	LG_T1011_2	WGS	SINGLE	AB 5500xl Genetic Analyzer	28906227	1011717945	human gut metagenome
ERR3159741	SAMEA5357294	LG_T1019	human gut metagenome	LG_T1019_2	WGS	SINGLE	AB 5500xl Genetic Analyzer	55003320	1925116200	human gut metagenome
ERR3159742	SAMEA5357295	LeakyGutOB001	human gut metagenome	LeakyGutOB001_1	WGS	SINGLE	AB 5500xl Genetic Analyzer	42834800	1499218000	human gut metagenome
ERR3159759	SAMEA5357301	LeakyGutOB007	human gut metagenome	LeakyGutOB007_1	WGS	SINGLE	AB 5500xl Genetic Analyzer	16287894	570076290	human gut metagenome
ERR3159765	SAMEA5357303	LeakyGutOB009	human gut metagenome	LeakyGutOB009_2	WGS	SINGLE	AB 5500xl Genetic Analyzer	38299624	1340486840	human gut metagenome
ERR3159769	SAMEA5357304	LeakyGutOB010	human gut metagenome	LeakyGutOB010_4	WGS	SINGLE	AB 5500xl Genetic Analyzer	24957659	873518065	human gut metagenome
ERR3159772	SAMEA5357305	LeakyGutOB011	human gut metagenome	LeakyGutOB011_3	WGS	SINGLE	AB 5500xl Genetic Analyzer	30319788	1061192580	human gut metagenome
ERR3159773	SAMEA5357306	LeakyGutOB012	human gut metagenome	LeakyGutOB012_1	WGS	SINGLE	AB 5500xl Genetic Analyzer	5386458	188526030	human gut metagenome
ERR3159791	SAMEA5357312	LeakyGutOB019	human gut metagenome	LeakyGutOB019_2	WGS	SINGLE	AB 5500xl Genetic Analyzer	24303244	850613540	human gut metagenome
ERR3159797	SAMEA5357314	LeakyGutOB021	human gut metagenome	LeakyGutOB021_3	WGS	SINGLE	AB 5500xl Genetic Analyzer	11679994	408799790	human gut metagenome
ERR3159801	SAMEA5357315	MB01_1	human gut metagenome	MB01_1_3	WGS	SINGLE	AB 5500xl Genetic Analyzer	31698923	1109462305	human gut metagenome
ERR3159804	SAMEA5357316	MB01_2	human gut metagenome	MB01_2_3	WGS	SINGLE	AB 5500xl Genetic Analyzer	39114351	1369002285	human gut metagenome
ERR3159807	SAMEA5357317	MB01_3	human gut metagenome	MB01_3_2	WGS	SINGLE	AB 5500xl Genetic Analyzer	14938046	522831610	human gut metagenome
ERR3159809	SAMEA5357317	MB01_3	human gut metagenome	MB01_3_4	WGS	SINGLE	AB 5500xl Genetic Analyzer	23954632	838412120	human gut metagenome
ERR3159810	SAMEA5357318	MB02_1	human gut metagenome	MB02_1_1	WGS	SINGLE	AB 5500xl Genetic Analyzer	20042762	701496670	human gut metagenome
ERR3159817	SAMEA5357320	MB04_1	human gut metagenome	MB04_1_2	WGS	SINGLE	AB 5500xl Genetic Analyzer	40254802	1408918070	human gut metagenome
ERR3159820	SAMEA5357321	MB04_2	human gut metagenome	MB04_2_2	WGS	SINGLE	AB 5500xl Genetic Analyzer	20979344	734277040	human gut metagenome
ERR3159824	SAMEA5357322	MB04_3	human gut metagenome	MB04_3_2	WGS	SINGLE	AB 5500xl Genetic Analyzer	17238767	603356845	human gut metagenome
ERR3159829	SAMEA5357323	MB04_4	human gut metagenome	MB04_4_3	WGS	SINGLE	AB 5500xl Genetic Analyzer	35599023	1245965805	human gut metagenome
ERR3159832	SAMEA5357324	MB05_1	human gut metagenome	MB05_1_3	WGS	SINGLE	AB 5500xl Genetic Analyzer	16973632	594077120	human gut metagenome
ERR3159841	SAMEA5357327	MB06_1	human gut metagenome	MB06_1_2	WGS	SINGLE	AB 5500xl Genetic Analyzer	23992066	839722310	human gut metagenome
ERR3159842	SAMEA5357327	MB06_1	human gut metagenome	MB06_1_3	WGS	SINGLE	AB 5500xl Genetic Analyzer	24927191	872451685	human gut metagenome
ERR3159843	SAMEA5357328	MB07_1	human gut metagenome	MB07_1_1	WGS	SINGLE	AB 5500xl Genetic Analyzer	39234057	1373191995	human gut metagenome
ERR3159849	SAMEA5357329	MB07_2	human gut metagenome	MB07_2_5	WGS	SINGLE	AB 5500xl Genetic Analyzer	2275702	113785100	human gut metagenome
ERR3159851	SAMEA5357330	MB07_3	human gut metagenome	MB07_3_1	WGS	SINGLE	AB 5500xl Genetic Analyzer	14152534	707626700	human gut metagenome
ERR3159853	SAMEA5357330	MB07_3	human gut metagenome	MB07_3_3	WGS	SINGLE	AB 5500xl Genetic Analyzer	4094594	204729700	human gut metagenome
ERR3159865	SAMEA5357332	MB07_5	human gut metagenome	MB07_5_3	WGS	SINGLE	AB 5500xl Genetic Analyzer	4899324	244966200	human gut metagenome
ERR3159870	SAMEA5357333	MB08_1	human gut metagenome	MB08_1_2	WGS	SINGLE	AB 5500xl Genetic Analyzer	21760463	761616205	human gut metagenome
ERR3159872	SAMEA5357334	MB08_2	human gut metagenome	MB08_2_1	WGS	SINGLE	AB 5500xl Genetic Analyzer	16428359	574992565	human gut metagenome
ERR3159874	SAMEA5357334	MB08_2	human gut metagenome	MB08_2_3	WGS	SINGLE	AB 5500xl Genetic Analyzer	5154899	180421465	human gut metagenome
ERR3159881	SAMEA5357336	MB10_2	human gut metagenome	MB10_2_5	WGS	SINGLE	AB 5500xl Genetic Analyzer	2864839	143241950	human gut metagenome
ERR3159885	SAMEA5357337	MB10_3	human gut metagenome	MB10_3_3	WGS	SINGLE	AB 5500xl Genetic Analyzer	4421986	221099300	human gut metagenome
ERR3159887	SAMEA5357337	MB10_3	human gut metagenome	MB10_3_5	WGS	SINGLE	AB 5500xl Genetic Analyzer	4137104	206855200	human gut metagenome
ERR3159889	SAMEA5357338	MB10_4	human gut metagenome	MB10_4_1	WGS	SINGLE	AB 5500xl Genetic Analyzer	13024868	651243400	human gut metagenome
ERR3159891	SAMEA5357338	MB10_4	human gut metagenome	MB10_4_3	WGS	SINGLE	AB 5500xl Genetic Analyzer	4358194	217909700	human gut metagenome
ERR3159903	SAMEA5357342	MB12_4	human gut metagenome	MB12_4_2	WGS	SINGLE	AB 5500xl Genetic Analyzer	7252229	253828015	human gut metagenome
ERR3159916	SAMEA5357346	MB15_1	human gut metagenome	MB15_1_2	WGS	SINGLE	AB 5500xl Genetic Analyzer	34166880	1195840800	human gut metagenome
ERR3159918	SAMEA5357347	MB15_3	human gut metagenome	MB15_3_2	WGS	SINGLE	AB 5500xl Genetic Analyzer	48664408	1703254280	human gut metagenome
ERR3159924	SAMEA5357350	MB16_2	human gut metagenome	MB16_2_2	WGS	SINGLE	AB 5500xl Genetic Analyzer	67015763	2345551705	human gut metagenome
ERR3159931	SAMEA5357354	MB17_2	human gut metagenome	MB17_2_1	WGS	SINGLE	AB 5500xl Genetic Analyzer	26388945	923613075	human gut metagenome
ERR3159940	SAMEA5357358	MB20_1	human gut metagenome	MB20_1_1	WGS	SINGLE	AB 5500xl Genetic Analyzer	57436959	2010293565	human gut metagenome
ERR3159942	SAMEA5357359	MB21_1	human gut metagenome	MB21_1_1	WGS	SINGLE	AB 5500xl Genetic Analyzer	52916582	1852080370	human gut metagenome
ERR3159958	SAMEA5357364	MB22_3	human gut metagenome	MB22_3_3	WGS	SINGLE	AB 5500xl Genetic Analyzer	18478160	646735600	human gut metagenome
ERR3159964	SAMEA5357367	MB25_1	human gut metagenome	MB25_1_1	WGS	SINGLE	AB 5500xl Genetic Analyzer	45902156	1606575460	human gut metagenome
ERR3159966	SAMEA5357368	MB25_2	human gut metagenome	MB25_2_1	WGS	SINGLE	AB 5500xl Genetic Analyzer	20552227	719327945	human gut metagenome
ERR3159969	SAMEA5357369	MB25_3	human gut metagenome	MB25_3_2	WGS	SINGLE	AB 5500xl Genetic Analyzer	37412409	1309434315	human gut metagenome
ERR3159970	SAMEA5357370	MB26_1	human gut metagenome	MB26_1_1	WGS	SINGLE	AB 5500xl Genetic Analyzer	14448693	722434650	human gut metagenome
ERR3159972	SAMEA5357370	MB26_1	human gut metagenome	MB26_1_3	WGS	SINGLE	AB 5500xl Genetic Analyzer	3789753	189487650	human gut metagenome
ERR3159976	SAMEA5357371	MB26_2	human gut metagenome	MB26_2_1	WGS	SINGLE	AB 5500xl Genetic Analyzer	15636565	781828250	human gut metagenome
ERR3159977	SAMEA5357371	MB26_2	human gut metagenome	MB26_2_2	WGS	SINGLE	AB 5500xl Genetic Analyzer	5310351	265517550	human gut metagenome
ERR3159980	SAMEA5357371	MB26_2	human gut metagenome	MB26_2_5	WGS	SINGLE	AB 5500xl Genetic Analyzer	2380236	119011800	human gut metagenome
ERR3159981	SAMEA5357371	MB26_2	human gut metagenome	MB26_2_6	WGS	SINGLE	AB 5500xl Genetic Analyzer	1248249	62412450	human gut metagenome
ERR3159985	SAMEA5357372	MB26_3	human gut metagenome	MB26_3_4	WGS	SINGLE	AB 5500xl Genetic Analyzer	11357173	567858650	human gut metagenome
ERR3159990	SAMEA5357373	MB26_4	human gut metagenome	MB26_4_3	WGS	SINGLE	AB 5500xl Genetic Analyzer	1234004	43190140	human gut metagenome
ERR3159992	SAMEA5357373	MB26_4	human gut metagenome	MB26_4_5	WGS	SINGLE	AB 5500xl Genetic Analyzer	39668219	1388387665	human gut metagenome
ERR3159995	SAMEA5357374	MB27_1	human gut metagenome	MB27_1_3	WGS	SINGLE	AB 5500xl Genetic Analyzer	28094768	983316880	human gut metagenome
ERR3159996	SAMEA5357374	MB27_1	human gut metagenome	MB27_1_4	WGS	SINGLE	AB 5500xl Genetic Analyzer	5102926	178602410	human gut metagenome
ERR3160000	SAMEA5357376	MB27_3	human gut metagenome	MB27_3_1	WGS	SINGLE	AB 5500xl Genetic Analyzer	23161849	810664715	human gut metagenome
ERR3160002	SAMEA5357376	MB27_3	human gut metagenome	MB27_3_3	WGS	SINGLE	AB 5500xl Genetic Analyzer	4220031	147701085	human gut metagenome
ERR3160012	SAMEA5357380	MB29_2	human gut metagenome	MB29_2_2	WGS	SINGLE	AB 5500xl Genetic Analyzer	28134520	984708200	human gut metagenome
ERR3160013	SAMEA5357380	MB29_2	human gut metagenome	MB29_2_3	WGS	SINGLE	AB 5500xl Genetic Analyzer	17067320	597356200	human gut metagenome
ERR3160028	SAMEA5357385	MB31_1	human gut metagenome	MB31_1_3	WGS	SINGLE	AB 5500xl Genetic Analyzer	17305329	605686515	human gut metagenome
ERR3160034	SAMEA5357386	MB32_1	human gut metagenome	MB32_1_5	WGS	SINGLE	AB 5500xl Genetic Analyzer	2855107	142755350	human gut metagenome
ERR3160036	SAMEA5357387	MB32_2	human gut metagenome	MB32_2_1	WGS	SINGLE	AB 5500xl Genetic Analyzer	12588625	629431250	human gut metagenome
ERR3160038	SAMEA5357387	MB32_2	human gut metagenome	MB32_2_3	WGS	SINGLE	AB 5500xl Genetic Analyzer	3980988	199049400	human gut metagenome
ERR3160057	SAMEA5357391	MB33_2	human gut metagenome	MB33_2_1	WGS	SINGLE	AB 5500xl Genetic Analyzer	32237965	1128328775	human gut metagenome
ERR3160061	SAMEA5357392	MB33_3	human gut metagenome	MB33_3_3	WGS	SINGLE	AB 5500xl Genetic Analyzer	14110622	493871770	human gut metagenome
ERR3160067	SAMEA5357395	MB35_1	human gut metagenome	MB35_1_2	WGS	SINGLE	AB 5500xl Genetic Analyzer	5734787	286739350	human gut metagenome
ERR3160068	SAMEA5357395	MB35_1	human gut metagenome	MB35_1_3	WGS	SINGLE	AB 5500xl Genetic Analyzer	5345223	267261150	human gut metagenome
ERR3160074	SAMEA5357396	MB35_2	human gut metagenome	MB35_2_3	WGS	SINGLE	AB 5500xl Genetic Analyzer	5632094	281604700	human gut metagenome
ERR3160077	SAMEA5357396	MB35_2	human gut metagenome	MB35_2_6	WGS	SINGLE	AB 5500xl Genetic Analyzer	1011800	50590000	human gut metagenome
ERR3160079	SAMEA5357397	MB35_3	human gut metagenome	MB35_3_2	WGS	SINGLE	AB 5500xl Genetic Analyzer	4513221	225661050	human gut metagenome
ERR3160080	SAMEA5357397	MB35_3	human gut metagenome	MB35_3_3	WGS	SINGLE	AB 5500xl Genetic Analyzer	3891389	194569450	human gut metagenome
ERR3160081	SAMEA5357397	MB35_3	human gut metagenome	MB35_3_4	WGS	SINGLE	AB 5500xl Genetic Analyzer	12168789	608439450	human gut metagenome
ERR3160093	SAMEA5357400	MB37_2	human gut metagenome	MB37_2_2	WGS	SINGLE	AB 5500xl Genetic Analyzer	5401600	270080000	human gut metagenome
ERR3160095	SAMEA5357400	MB37_2	human gut metagenome	MB37_2_4	WGS	SINGLE	AB 5500xl Genetic Analyzer	8200352	410017600	human gut metagenome
ERR3160096	SAMEA5357400	MB37_2	human gut metagenome	MB37_2_5	WGS	SINGLE	AB 5500xl Genetic Analyzer	3281208	164060400	human gut metagenome
ERR3160097	SAMEA5357400	MB37_2	human gut metagenome	MB37_2_6	WGS	SINGLE	AB 5500xl Genetic Analyzer	1761883	88094150	human gut metagenome
ERR3160099	SAMEA5357401	MB37_3	human gut metagenome	MB37_3_2	WGS	SINGLE	AB 5500xl Genetic Analyzer	1284553	64227650	human gut metagenome
ERR3160101	SAMEA5357401	MB37_3	human gut metagenome	MB37_3_4	WGS	SINGLE	AB 5500xl Genetic Analyzer	18483359	924167950	human gut metagenome
ERR3160105	SAMEA5357402	MB37_4	human gut metagenome	MB37_4_2	WGS	SINGLE	AB 5500xl Genetic Analyzer	19343429	677020015	human gut metagenome
ERR3160114	SAMEA5357403	MB39_1	human gut metagenome	MB39_1_5	WGS	SINGLE	AB 5500xl Genetic Analyzer	3676909	183845450	human gut metagenome
ERR3160116	SAMEA5357404	MB39_2	human gut metagenome	MB39_2_1	WGS	SINGLE	AB 5500xl Genetic Analyzer	16282333	814116650	human gut metagenome
ERR3160117	SAMEA5357404	MB39_2	human gut metagenome	MB39_2_2	WGS	SINGLE	AB 5500xl Genetic Analyzer	5629067	281453350	human gut metagenome
ERR3160120	SAMEA5357404	MB39_2	human gut metagenome	MB39_2_5	WGS	SINGLE	AB 5500xl Genetic Analyzer	2952171	147608550	human gut metagenome
ERR3160121	SAMEA5357404	MB39_2	human gut metagenome	MB39_2_6	WGS	SINGLE	AB 5500xl Genetic Analyzer	1593792	79689600	human gut metagenome
ERR3160130	SAMEA5357406	MB39_4	human gut metagenome	MB39_4_3	WGS	SINGLE	AB 5500xl Genetic Analyzer	14605510	511192850	human gut metagenome
ERR3160139	SAMEA5357408	MB41_1	human gut metagenome	MB41_1_2	WGS	SINGLE	AB 5500xl Genetic Analyzer	3549266	177463300	human gut metagenome
ERR3160141	SAMEA5357408	MB41_1	human gut metagenome	MB41_1_4	WGS	SINGLE	AB 5500xl Genetic Analyzer	14500862	725043100	human gut metagenome
ERR3160143	SAMEA5357408	MB41_1	human gut metagenome	MB41_1_6	WGS	SINGLE	AB 5500xl Genetic Analyzer	2941239	147061950	human gut metagenome
ERR3160145	SAMEA5357409	MB41_2	human gut metagenome	MB41_2_2	WGS	SINGLE	AB 5500xl Genetic Analyzer	4505935	225296750	human gut metagenome
ERR3160146	SAMEA5357409	MB41_2	human gut metagenome	MB41_2_3	WGS	SINGLE	AB 5500xl Genetic Analyzer	4121525	206076250	human gut metagenome
ERR3160167	SAMEA5357413	MB42_3	human gut metagenome	MB42_3_1	WGS	SINGLE	AB 5500xl Genetic Analyzer	19778278	692239730	human gut metagenome
ERR3160187	SAMEA5357420	MB44_2	human gut metagenome	MB44_2_2	WGS	SINGLE	AB 5500xl Genetic Analyzer	15326822	536438770	human gut metagenome
ERR3160193	SAMEA5357422	MB44_4	human gut metagenome	MB44_4_2	WGS	SINGLE	AB 5500xl Genetic Analyzer	15328771	536506985	human gut metagenome
ERR3160196	SAMEA5357423	MB45_1	human gut metagenome	MB45_1_1	WGS	SINGLE	AB 5500xl Genetic Analyzer	4171962	146018670	human gut metagenome
ERR3160200	SAMEA5357424	MB46_1	human gut metagenome	MB46_1_2	WGS	SINGLE	AB 5500xl Genetic Analyzer	46970	1643950	human gut metagenome
ERR3160208	SAMEA5357424	MB46_1	human gut metagenome	MB46_1_10	WGS	SINGLE	AB 5500xl Genetic Analyzer	9915907	347056745	human gut metagenome
ERR3160210	SAMEA5357425	MB46_2	human gut metagenome	MB46_2_2	WGS	SINGLE	AB 5500xl Genetic Analyzer	14065638	492297330	human gut metagenome
ERR3160216	SAMEA5357426	MB46_3	human gut metagenome	MB46_3_5	WGS	SINGLE	AB 5500xl Genetic Analyzer	3305269	115684415	human gut metagenome
ERR3160219	SAMEA5357427	MB46_4	human gut metagenome	MB46_4_3	WGS	SINGLE	AB 5500xl Genetic Analyzer	11887383	416058405	human gut metagenome
ERR3160222	SAMEA5357428	MB47_1	human gut metagenome	MB47_1_1	WGS	SINGLE	AB 5500xl Genetic Analyzer	35324175	1236346125	human gut metagenome
ERR3160223	SAMEA5357428	MB47_1	human gut metagenome	MB47_1_2	WGS	SINGLE	AB 5500xl Genetic Analyzer	26842587	939490545	human gut metagenome
ERR3160227	SAMEA5357429	MB47_2	human gut metagenome	MB47_2_2	WGS	SINGLE	AB 5500xl Genetic Analyzer	37965257	1328783995	human gut metagenome
ERR3160229	SAMEA5357430	MB47_3	human gut metagenome	MB47_3_2	WGS	SINGLE	AB 5500xl Genetic Analyzer	21527045	753446575	human gut metagenome
ERR3160238	SAMEA5357432	MB48_1	human gut metagenome	MB48_1_2	WGS	SINGLE	AB 5500xl Genetic Analyzer	39820514	1393717990	human gut metagenome
ERR3160239	SAMEA5357433	MB48_2	human gut metagenome	MB48_2_1	WGS	SINGLE	AB 5500xl Genetic Analyzer	44511240	1557893400	human gut metagenome
ERR3160244	SAMEA5357435	MB48_4	human gut metagenome	MB48_4_2	WGS	SINGLE	AB 5500xl Genetic Analyzer	12585415	440489525	human gut metagenome
ERR3160247	SAMEA5357436	MB50_1	human gut metagenome	MB50_1_1	WGS	SINGLE	AB 5500xl Genetic Analyzer	18164606	635761210	human gut metagenome
ERR3160250	SAMEA5357436	MB50_1	human gut metagenome	MB50_1_4	WGS	SINGLE	AB 5500xl Genetic Analyzer	5814684	203513940	human gut metagenome
ERR3160251	SAMEA5357436	MB50_1	human gut metagenome	MB50_1_5	WGS	SINGLE	AB 5500xl Genetic Analyzer	5138993	179864755	human gut metagenome
ERR3160255	SAMEA5357437	MB50_2	human gut metagenome	MB50_2_4	WGS	SINGLE	AB 5500xl Genetic Analyzer	17502714	612594990	human gut metagenome
ERR3160262	SAMEA5357441	MB51_2	human gut metagenome	MB51_2_1	WGS	SINGLE	AB 5500xl Genetic Analyzer	21476442	751675470	human gut metagenome
ERR3160277	SAMEA5357446	MB52_3	human gut metagenome	MB52_3_1	WGS	SINGLE	AB 5500xl Genetic Analyzer	15168961	530913635	human gut metagenome
ERR3160282	SAMEA5357447	MB52_4	human gut metagenome	MB52_4_3	WGS	SINGLE	AB 5500xl Genetic Analyzer	22722672	795293520	human gut metagenome
ERR3160287	SAMEA5357448	MB53_1	human gut metagenome	MB53_1_4	WGS	SINGLE	AB 5500xl Genetic Analyzer	1140203	39907105	human gut metagenome
ERR3160297	SAMEA5357450	MB54_2	human gut metagenome	MB54_2_3	WGS	SINGLE	AB 5500xl Genetic Analyzer	14919852	522194820	human gut metagenome
ERR3160300	SAMEA5357451	MB54_3	human gut metagenome	MB54_3_1	WGS	SINGLE	AB 5500xl Genetic Analyzer	40204	1407140	human gut metagenome
ERR3160303	SAMEA5357451	MB54_3	human gut metagenome	MB54_3_4	WGS	SINGLE	AB 5500xl Genetic Analyzer	6553650	229377750	human gut metagenome
ERR3160304	SAMEA5357451	MB54_3	human gut metagenome	MB54_3_5	WGS	SINGLE	AB 5500xl Genetic Analyzer	27606444	966225540	human gut metagenome
ERR3160309	SAMEA5357453	MB55_1	human gut metagenome	MB55_1_1	WGS	SINGLE	AB 5500xl Genetic Analyzer	4887991	171079685	human gut metagenome
ERR3160313	SAMEA5357453	MB55_1	human gut metagenome	MB55_1_5	WGS	SINGLE	AB 5500xl Genetic Analyzer	23110451	808865785	human gut metagenome
ERR3160314	SAMEA5357454	MB55_2	human gut metagenome	MB55_2_1	WGS	SINGLE	AB 5500xl Genetic Analyzer	35487965	1242078775	human gut metagenome
ERR3160316	SAMEA5357455	MB55_3	human gut metagenome	MB55_3_1	WGS	SINGLE	AB 5500xl Genetic Analyzer	19670961	688483635	human gut metagenome
ERR3160329	SAMEA5357457	MB57_1	human gut metagenome	MB57_1_2	WGS	SINGLE	AB 5500xl Genetic Analyzer	33967640	1188867400	human gut metagenome
ERR3160330	SAMEA5357457	MB57_1	human gut metagenome	MB57_1_3	WGS	SINGLE	AB 5500xl Genetic Analyzer	34762450	1216685750	human gut metagenome
ERR3160336	SAMEA5357460	MB59_2	human gut metagenome	MB59_2_2	WGS	SINGLE	AB 5500xl Genetic Analyzer	12328491	431497185	human gut metagenome
ERR3160342	SAMEA5357461	MB59_3	human gut metagenome	MB59_3_4	WGS	SINGLE	AB 5500xl Genetic Analyzer	12746477	446126695	human gut metagenome
ERR3160350	SAMEA5357464	MB60_3	human gut metagenome	MB60_3_1	WGS	SINGLE	AB 5500xl Genetic Analyzer	31016	1085560	human gut metagenome
ERR3160352	SAMEA5357464	MB60_3	human gut metagenome	MB60_3_3	WGS	SINGLE	AB 5500xl Genetic Analyzer	20197916	706927060	human gut metagenome
ERR3160353	SAMEA5357464	MB60_3	human gut metagenome	MB60_3_4	WGS	SINGLE	AB 5500xl Genetic Analyzer	20328425	711494875	human gut metagenome
ERR3160358	SAMEA5357466	MB61_2	human gut metagenome	MB61_2_3	WGS	SINGLE	AB 5500xl Genetic Analyzer	11545283	404084905	human gut metagenome
ERR3160359	SAMEA5357466	MB61_2	human gut metagenome	MB61_2_4	WGS	SINGLE	AB 5500xl Genetic Analyzer	8830911	309081885	human gut metagenome
ERR3160364	SAMEA5357468	MB62_1	human gut metagenome	MB62_1_1	WGS	SINGLE	AB 5500xl Genetic Analyzer	30824951	1078873285	human gut metagenome
ERR3160366	SAMEA5357469	MB62_2	human gut metagenome	MB62_2_1	WGS	SINGLE	AB 5500xl Genetic Analyzer	58498	2047430	human gut metagenome
ERR3160367	SAMEA5357469	MB62_2	human gut metagenome	MB62_2_2	WGS	SINGLE	AB 5500xl Genetic Analyzer	10877386	380708510	human gut metagenome
ERR3160368	SAMEA5357469	MB62_2	human gut metagenome	MB62_2_3	WGS	SINGLE	AB 5500xl Genetic Analyzer	8561467	299651345	human gut metagenome
ERR3160371	SAMEA5357470	MB63_1	human gut metagenome	MB63_1_2	WGS	SINGLE	AB 5500xl Genetic Analyzer	22921245	802243575	human gut metagenome
ERR3160376	SAMEA5357472	MB65_1	human gut metagenome	MB65_1_2	WGS	SINGLE	AB 5500xl Genetic Analyzer	6950623	243271805	human gut metagenome
ERR3160378	SAMEA5357472	MB65_1	human gut metagenome	MB65_1_4	WGS	SINGLE	AB 5500xl Genetic Analyzer	11713816	409983560	human gut metagenome
ERR3160384	SAMEA5357474	MB67_1	human gut metagenome	MB67_1_2	WGS	SINGLE	AB 5500xl Genetic Analyzer	27413504	959472640	human gut metagenome
ERR3160385	SAMEA5357475	MB68_1	human gut metagenome	MB68_1_1	WGS	SINGLE	AB 5500xl Genetic Analyzer	48375711	1693149885	human gut metagenome
ERR3160389	SAMEA5357476	MB69_1	human gut metagenome	MB69_1_3	WGS	SINGLE	AB 5500xl Genetic Analyzer	13977531	489213585	human gut metagenome
ERR3160392	SAMEA5357477	MB70_1	human gut metagenome	MB70_1_2	WGS	SINGLE	AB 5500xl Genetic Analyzer	9066563	317329705	human gut metagenome
ERR3160394	SAMEA5357477	MB70_1	human gut metagenome	MB70_1_4	WGS	SINGLE	AB 5500xl Genetic Analyzer	12164335	425751725	human gut metagenome
ERR3160402	SAMEA5357479	MB72_1	human gut metagenome	MB72_1_2	WGS	SINGLE	AB 5500xl Genetic Analyzer	33921543	1187254005	human gut metagenome
ERR3160403	SAMEA5357480	MB73_1	human gut metagenome	MB73_1_1	WGS	SINGLE	AB 5500xl Genetic Analyzer	20286495	710027325	human gut metagenome
ERR3160404	SAMEA5357480	MB73_1	human gut metagenome	MB73_1_2	WGS	SINGLE	AB 5500xl Genetic Analyzer	23976267	839169345	human gut metagenome
ERR3160407	SAMEA5357481	MB74_1	human gut metagenome	MB74_1_2	WGS	SINGLE	AB 5500xl Genetic Analyzer	22909120	801819200	human gut metagenome
ERR3160411	SAMEA5357482	MB75_1	human gut metagenome	MB75_1_2	WGS	SINGLE	AB 5500xl Genetic Analyzer	43281450	1514850750	human gut metagenome
ERR3160413	SAMEA5357483	MB76_1	human gut metagenome	MB76_1_2	WGS	SINGLE	AB 5500xl Genetic Analyzer	44798214	1567937490	human gut metagenome
ERR3160418	SAMEA5357486	MB79_1	human gut metagenome	MB79_1_1	WGS	SINGLE	AB 5500xl Genetic Analyzer	42618699	1491654465	human gut metagenome
ERR3159558	SAMEA5357218	002_0001_L_C	human gut metagenome	002_0001_L_C_2	WGS	SINGLE	AB 5500xl Genetic Analyzer	38643340	1352516900	human gut metagenome
ERR3159560	SAMEA5357219	002_0002_H_W	human gut metagenome	002_0002_H_W_2	WGS	SINGLE	AB 5500xl Genetic Analyzer	44409517	1554333095	human gut metagenome
ERR3159562	SAMEA5357220	002_0003_M_N	human gut metagenome	002_0003_M_N_2	WGS	SINGLE	AB 5500xl Genetic Analyzer	23098660	808453100	human gut metagenome
ERR3159564	SAMEA5357220	002_0003_M_N	human gut metagenome	002_0003_M_N_4	WGS	SINGLE	AB 5500xl Genetic Analyzer	6716763	235086705	human gut metagenome
ERR3159566	SAMEA5357221	002_0004_B_E	human gut metagenome	002_0004_B_E_2	WGS	SINGLE	AB 5500xl Genetic Analyzer	23702161	829575635	human gut metagenome
ERR3159569	SAMEA5357223	002_0006_D_M	human gut metagenome	002_0006_D_M_1	WGS	SINGLE	AB 5500xl Genetic Analyzer	34313646	1200977610	human gut metagenome
ERR3159571	SAMEA5357224	002_0007_P_I	human gut metagenome	002_0007_P_I_1	WGS	SINGLE	AB 5500xl Genetic Analyzer	34597130	1210899550	human gut metagenome
ERR3159582	SAMEA5357229	002_0012_R_S	human gut metagenome	002_0012_R_S_1	WGS	SINGLE	AB 5500xl Genetic Analyzer	49648357	1737692495	human gut metagenome
ERR3159589	SAMEA5357232	002_0021_D_L	human gut metagenome	002_0021_D_L_1	WGS	SINGLE	AB 5500xl Genetic Analyzer	49144267	1720049345	human gut metagenome
ERR3159590	SAMEA5357232	002_0021_D_L	human gut metagenome	002_0021_D_L_2	WGS	SINGLE	AB 5500xl Genetic Analyzer	20881896	730866360	human gut metagenome
ERR3159602	SAMEA5357237	Atox105_0	human gut metagenome	Atox105_0_3	WGS	SINGLE	AB 5500xl Genetic Analyzer	58582104	2050373640	human gut metagenome
ERR3159610	SAMEA5357240	Atox108_0	human gut metagenome	Atox108_0_3	WGS	SINGLE	AB 5500xl Genetic Analyzer	18534912	648721920	human gut metagenome
ERR3159612	SAMEA5357241	Atox108_3	human gut metagenome	Atox108_3_2	WGS	SINGLE	AB 5500xl Genetic Analyzer	49130497	1719567395	human gut metagenome
ERR3159614	SAMEA5357242	Atox108_5Y	human gut metagenome	Atox108_5Y_2	WGS	SINGLE	AB 5500xl Genetic Analyzer	16615990	581559650	human gut metagenome
ERR3159623	SAMEA5357246	Atox121_0	human gut metagenome	Atox121_0_1	WGS	SINGLE	AB 5500xl Genetic Analyzer	48292947	1690253145	human gut metagenome
ERR3159632	SAMEA5357250	Atox124_5Y	human gut metagenome	Atox124_5Y_2	WGS	SINGLE	AB 5500xl Genetic Analyzer	17810515	623368025	human gut metagenome
ERR3159643	SAMEA5357255	Atox132_0	human gut metagenome	Atox132_0_2	WGS	SINGLE	AB 5500xl Genetic Analyzer	46045998	1611609930	human gut metagenome
ERR3159648	SAMEA5357258	Atox134_0	human gut metagenome	Atox134_0_1	WGS	SINGLE	AB 5500xl Genetic Analyzer	95114694	3329014290	human gut metagenome
ERR3159653	SAMEA5357260	Atox134_5Y	human gut metagenome	Atox134_5Y_2	WGS	SINGLE	AB 5500xl Genetic Analyzer	47631427	1667099945	human gut metagenome
ERR3159654	SAMEA5357261	Atox138_0	human gut metagenome	Atox138_0_1	WGS	SINGLE	AB 5500xl Genetic Analyzer	74071177	2592491195	human gut metagenome
ERR3159656	SAMEA5357262	Atox138_3	human gut metagenome	Atox138_3_1	WGS	SINGLE	AB 5500xl Genetic Analyzer	46947768	1643171880	human gut metagenome
ERR3159670	SAMEA5357267	Atox21_1	human gut metagenome	Atox21_1_3	WGS	SINGLE	AB 5500xl Genetic Analyzer	36038813	1261358455	human gut metagenome
ERR3159674	SAMEA5357269	Atox21_5Y	human gut metagenome	Atox21_5Y_1	WGS	SINGLE	AB 5500xl Genetic Analyzer	23268423	814394805	human gut metagenome
ERR3159678	SAMEA5357271	Atox5_3	human gut metagenome	Atox5_3_1	WGS	SINGLE	AB 5500xl Genetic Analyzer	40714123	1424994305	human gut metagenome
ERR3159684	SAMEA5357274	Atox72_3	human gut metagenome	Atox72_3_1	WGS	SINGLE	AB 5500xl Genetic Analyzer	26722516	935288060	human gut metagenome
ERR3159687	SAMEA5357275	Atox72_5Y	human gut metagenome	Atox72_5Y_2	WGS	SINGLE	AB 5500xl Genetic Analyzer	22683174	793911090	human gut metagenome
ERR3159689	SAMEA5357276	Atox8_1	human gut metagenome	Atox8_1_1	WGS	SINGLE	AB 5500xl Genetic Analyzer	242497	8487395	human gut metagenome
ERR3159696	SAMEA5357278	Atox8_5Y	human gut metagenome	Atox8_5Y_2	WGS	SINGLE	AB 5500xl Genetic Analyzer	41731661	1460608135	human gut metagenome
ERR3159697	SAMEA5357279	LG_T1002	human gut metagenome	LG_T1002_1	WGS	SINGLE	AB 5500xl Genetic Analyzer	20825738	728900830	human gut metagenome
ERR3159703	SAMEA5357281	LG_T1004	human gut metagenome	LG_T1004_1	WGS	SINGLE	AB 5500xl Genetic Analyzer	16236390	568273650	human gut metagenome
ERR3159706	SAMEA5357281	LG_T1004	human gut metagenome	LG_T1004_4	WGS	SINGLE	AB 5500xl Genetic Analyzer	15809408	553329280	human gut metagenome
ERR3159709	SAMEA5357282	LG_T1005	human gut metagenome	LG_T1005_3	WGS	SINGLE	AB 5500xl Genetic Analyzer	30918306	1082140710	human gut metagenome
ERR3159718	SAMEA5357286	LG_T1009	human gut metagenome	LG_T1009_1	WGS	SINGLE	AB 5500xl Genetic Analyzer	54871532	1920503620	human gut metagenome
ERR3159728	SAMEA5357291	LG_T1014	human gut metagenome	LG_T1014_1	WGS	SINGLE	AB 5500xl Genetic Analyzer	10991065	384687275	human gut metagenome
ERR3159729	SAMEA5357291	LG_T1014	human gut metagenome	LG_T1014_2	WGS	SINGLE	AB 5500xl Genetic Analyzer	12857705	450019675	human gut metagenome
ERR3159731	SAMEA5357291	LG_T1014	human gut metagenome	LG_T1014_4	WGS	SINGLE	AB 5500xl Genetic Analyzer	14207376	497258160	human gut metagenome
ERR3159734	SAMEA5357292	LG_T1016	human gut metagenome	LG_T1016_2	WGS	SINGLE	AB 5500xl Genetic Analyzer	25559407	894579245	human gut metagenome
ERR3159736	SAMEA5357293	LG_T1018	human gut metagenome	LG_T1018_1	WGS	SINGLE	AB 5500xl Genetic Analyzer	13827175	483951125	human gut metagenome
ERR3159738	SAMEA5357293	LG_T1018	human gut metagenome	LG_T1018_3	WGS	SINGLE	AB 5500xl Genetic Analyzer	2207662	77268170	human gut metagenome
ERR3159739	SAMEA5357293	LG_T1018	human gut metagenome	LG_T1018_4	WGS	SINGLE	AB 5500xl Genetic Analyzer	9526910	333441850	human gut metagenome
ERR3159744	SAMEA5357296	LeakyGutOB002	human gut metagenome	LeakyGutOB002_1	WGS	SINGLE	AB 5500xl Genetic Analyzer	43609111	1526318885	human gut metagenome
ERR3159753	SAMEA5357299	LeakyGutOB005	human gut metagenome	LeakyGutOB005_4	WGS	SINGLE	AB 5500xl Genetic Analyzer	18569573	649935055	human gut metagenome
ERR3159763	SAMEA5357302	LeakyGutOB008	human gut metagenome	LeakyGutOB008_2	WGS	SINGLE	AB 5500xl Genetic Analyzer	45689607	1599136245	human gut metagenome
ERR3159770	SAMEA5357305	LeakyGutOB011	human gut metagenome	LeakyGutOB011_1	WGS	SINGLE	AB 5500xl Genetic Analyzer	16452347	575832145	human gut metagenome
ERR3159771	SAMEA5357305	LeakyGutOB011	human gut metagenome	LeakyGutOB011_2	WGS	SINGLE	AB 5500xl Genetic Analyzer	20271061	709487135	human gut metagenome
ERR3159782	SAMEA5357308	LeakyGutOB015	human gut metagenome	LeakyGutOB015_4	WGS	SINGLE	AB 5500xl Genetic Analyzer	8305110	290678850	human gut metagenome
ERR3159787	SAMEA5357310	LeakyGutOB017	human gut metagenome	LeakyGutOB017_2	WGS	SINGLE	AB 5500xl Genetic Analyzer	17845239	624583365	human gut metagenome
ERR3159789	SAMEA5357311	LeakyGutOB018	human gut metagenome	LeakyGutOB018_2	WGS	SINGLE	AB 5500xl Genetic Analyzer	41346040	1447111400	human gut metagenome
ERR3159790	SAMEA5357312	LeakyGutOB019	human gut metagenome	LeakyGutOB019_1	WGS	SINGLE	AB 5500xl Genetic Analyzer	21994837	769819295	human gut metagenome
ERR3159803	SAMEA5357316	MB01_2	human gut metagenome	MB01_2_2	WGS	SINGLE	AB 5500xl Genetic Analyzer	19922727	697295445	human gut metagenome
ERR3159816	SAMEA5357320	MB04_1	human gut metagenome	MB04_1_1	WGS	SINGLE	AB 5500xl Genetic Analyzer	17498332	612441620	human gut metagenome
ERR3159819	SAMEA5357321	MB04_2	human gut metagenome	MB04_2_1	WGS	SINGLE	AB 5500xl Genetic Analyzer	2307267	80754345	human gut metagenome
ERR3159821	SAMEA5357321	MB04_2	human gut metagenome	MB04_2_3	WGS	SINGLE	AB 5500xl Genetic Analyzer	16616231	581568085	human gut metagenome
ERR3159827	SAMEA5357323	MB04_4	human gut metagenome	MB04_4_1	WGS	SINGLE	AB 5500xl Genetic Analyzer	16156492	565477220	human gut metagenome
ERR3159831	SAMEA5357324	MB05_1	human gut metagenome	MB05_1_2	WGS	SINGLE	AB 5500xl Genetic Analyzer	14577865	510225275	human gut metagenome
ERR3159834	SAMEA5357324	MB05_1	human gut metagenome	MB05_1_5	WGS	SINGLE	AB 5500xl Genetic Analyzer	6452930	225852550	human gut metagenome
ERR3159837	SAMEA5357325	MB05_2	human gut metagenome	MB05_2_3	WGS	SINGLE	AB 5500xl Genetic Analyzer	44397398	1553908930	human gut metagenome
ERR3159847	SAMEA5357329	MB07_2	human gut metagenome	MB07_2_3	WGS	SINGLE	AB 5500xl Genetic Analyzer	4171367	208568350	human gut metagenome
ERR3159860	SAMEA5357331	MB07_4	human gut metagenome	MB07_4_4	WGS	SINGLE	AB 5500xl Genetic Analyzer	12242390	612119500	human gut metagenome
ERR3159862	SAMEA5357331	MB07_4	human gut metagenome	MB07_4_6	WGS	SINGLE	AB 5500xl Genetic Analyzer	4910566	245528300	human gut metagenome
ERR3159866	SAMEA5357332	MB07_5	human gut metagenome	MB07_5_4	WGS	SINGLE	AB 5500xl Genetic Analyzer	9280920	464046000	human gut metagenome
ERR3159875	SAMEA5357335	MB10_1	human gut metagenome	MB10_1_1	WGS	SINGLE	AB 5500xl Genetic Analyzer	45731182	1600591370	human gut metagenome
ERR3159883	SAMEA5357337	MB10_3	human gut metagenome	MB10_3_1	WGS	SINGLE	AB 5500xl Genetic Analyzer	13626511	681325550	human gut metagenome
ERR3159895	SAMEA5357339	MB12_1	human gut metagenome	MB12_1_1	WGS	SINGLE	AB 5500xl Genetic Analyzer	43478950	1521763250	human gut metagenome
ERR3159904	SAMEA5357342	MB12_4	human gut metagenome	MB12_4_3	WGS	SINGLE	AB 5500xl Genetic Analyzer	29519108	1033168780	human gut metagenome
ERR3159909	SAMEA5357344	MB14_1	human gut metagenome	MB14_1_2	WGS	SINGLE	AB 5500xl Genetic Analyzer	19724320	690351200	human gut metagenome
ERR3159914	SAMEA5357345	MB14_3	human gut metagenome	MB14_3_4	WGS	SINGLE	AB 5500xl Genetic Analyzer	36935411	1292739385	human gut metagenome
ERR3159920	SAMEA5357348	MB15_4	human gut metagenome	MB15_4_2	WGS	SINGLE	AB 5500xl Genetic Analyzer	30302354	1060582390	human gut metagenome
ERR3159935	SAMEA5357355	MB18_1	human gut metagenome	MB18_1_3	WGS	SINGLE	AB 5500xl Genetic Analyzer	3875029	135626015	human gut metagenome
ERR3159937	SAMEA5357356	MB18_2	human gut metagenome	MB18_2_2	WGS	SINGLE	AB 5500xl Genetic Analyzer	24991505	874702675	human gut metagenome
ERR3159938	SAMEA5357357	MB18_4	human gut metagenome	MB18_4_1	WGS	SINGLE	AB 5500xl Genetic Analyzer	37169303	1300925605	human gut metagenome
ERR3159941	SAMEA5357358	MB20_1	human gut metagenome	MB20_1_2	WGS	SINGLE	AB 5500xl Genetic Analyzer	47638229	1667338015	human gut metagenome
ERR3159946	SAMEA5357361	MB21_3	human gut metagenome	MB21_3_1	WGS	SINGLE	AB 5500xl Genetic Analyzer	13756378	481473230	human gut metagenome
ERR3159947	SAMEA5357361	MB21_3	human gut metagenome	MB21_3_2	WGS	SINGLE	AB 5500xl Genetic Analyzer	29319744	1026191040	human gut metagenome
ERR3159949	SAMEA5357362	MB22_1	human gut metagenome	MB22_1_1	WGS	SINGLE	AB 5500xl Genetic Analyzer	55276651	1934682785	human gut metagenome
ERR3159950	SAMEA5357362	MB22_1	human gut metagenome	MB22_1_2	WGS	SINGLE	AB 5500xl Genetic Analyzer	43290670	1515173450	human gut metagenome
ERR3159956	SAMEA5357364	MB22_3	human gut metagenome	MB22_3_1	WGS	SINGLE	AB 5500xl Genetic Analyzer	12649883	442745905	human gut metagenome
ERR3159959	SAMEA5357365	MB22_4	human gut metagenome	MB22_4_1	WGS	SINGLE	AB 5500xl Genetic Analyzer	13635827	477253945	human gut metagenome
ERR3159960	SAMEA5357365	MB22_4	human gut metagenome	MB22_4_2	WGS	SINGLE	AB 5500xl Genetic Analyzer	29652807	1037848245	human gut metagenome
ERR3159961	SAMEA5357365	MB22_4	human gut metagenome	MB22_4_3	WGS	SINGLE	AB 5500xl Genetic Analyzer	10583781	370432335	human gut metagenome
ERR3159965	SAMEA5357367	MB25_1	human gut metagenome	MB25_1_2	WGS	SINGLE	AB 5500xl Genetic Analyzer	35414756	1239516460	human gut metagenome
ERR3159967	SAMEA5357368	MB25_2	human gut metagenome	MB25_2_2	WGS	SINGLE	AB 5500xl Genetic Analyzer	41053069	1436857415	human gut metagenome
ERR3159968	SAMEA5357369	MB25_3	human gut metagenome	MB25_3_1	WGS	SINGLE	AB 5500xl Genetic Analyzer	18712316	654931060	human gut metagenome
ERR3159975	SAMEA5357370	MB26_1	human gut metagenome	MB26_1_6	WGS	SINGLE	AB 5500xl Genetic Analyzer	2163027	108151350	human gut metagenome
ERR3159978	SAMEA5357371	MB26_2	human gut metagenome	MB26_2_3	WGS	SINGLE	AB 5500xl Genetic Analyzer	5114128	255706400	human gut metagenome
ERR3159979	SAMEA5357371	MB26_2	human gut metagenome	MB26_2_4	WGS	SINGLE	AB 5500xl Genetic Analyzer	6266629	313331450	human gut metagenome
ERR3159982	SAMEA5357372	MB26_3	human gut metagenome	MB26_3_1	WGS	SINGLE	AB 5500xl Genetic Analyzer	12969262	648463100	human gut metagenome
ERR3159983	SAMEA5357372	MB26_3	human gut metagenome	MB26_3_2	WGS	SINGLE	AB 5500xl Genetic Analyzer	4675765	233788250	human gut metagenome
ERR3159986	SAMEA5357372	MB26_3	human gut metagenome	MB26_3_5	WGS	SINGLE	AB 5500xl Genetic Analyzer	4557620	227881000	human gut metagenome
ERR3159989	SAMEA5357373	MB26_4	human gut metagenome	MB26_4_2	WGS	SINGLE	AB 5500xl Genetic Analyzer	1815377	63538195	human gut metagenome
ERR3160008	SAMEA5357379	MB29_1	human gut metagenome	MB29_1_1	WGS	SINGLE	AB 5500xl Genetic Analyzer	16711650	584907750	human gut metagenome
ERR3160014	SAMEA5357381	MB29_3	human gut metagenome	MB29_3_1	WGS	SINGLE	AB 5500xl Genetic Analyzer	10508884	367810940	human gut metagenome
ERR3160017	SAMEA5357382	MB29_4	human gut metagenome	MB29_4_1	WGS	SINGLE	AB 5500xl Genetic Analyzer	21089583	738135405	human gut metagenome
ERR3160020	SAMEA5357383	MB30_1	human gut metagenome	MB30_1_2	WGS	SINGLE	AB 5500xl Genetic Analyzer	28076022	982660770	human gut metagenome
ERR3160023	SAMEA5357383	MB30_1	human gut metagenome	MB30_1_5	WGS	SINGLE	AB 5500xl Genetic Analyzer	908522	31798270	human gut metagenome
ERR3160031	SAMEA5357386	MB32_1	human gut metagenome	MB32_1_2	WGS	SINGLE	AB 5500xl Genetic Analyzer	5935452	296772600	human gut metagenome
ERR3160033	SAMEA5357386	MB32_1	human gut metagenome	MB32_1_4	WGS	SINGLE	AB 5500xl Genetic Analyzer	7415513	370775650	human gut metagenome
ERR3160039	SAMEA5357387	MB32_2	human gut metagenome	MB32_2_4	WGS	SINGLE	AB 5500xl Genetic Analyzer	11019724	550986200	human gut metagenome
ERR3160045	SAMEA5357388	MB32_3	human gut metagenome	MB32_3_4	WGS	SINGLE	AB 5500xl Genetic Analyzer	12117964	605898200	human gut metagenome
ERR3160048	SAMEA5357389	MB32_4	human gut metagenome	MB32_4_1	WGS	SINGLE	AB 5500xl Genetic Analyzer	22194309	776800815	human gut metagenome
ERR3160053	SAMEA5357390	MB33_1	human gut metagenome	MB33_1_4	WGS	SINGLE	AB 5500xl Genetic Analyzer	12369012	432915420	human gut metagenome
ERR3160058	SAMEA5357391	MB33_2	human gut metagenome	MB33_2_2	WGS	SINGLE	AB 5500xl Genetic Analyzer	2234122	78194270	human gut metagenome
ERR3160060	SAMEA5357392	MB33_3	human gut metagenome	MB33_3_2	WGS	SINGLE	AB 5500xl Genetic Analyzer	39534686	1383714010	human gut metagenome
ERR3160062	SAMEA5357393	MB33_4	human gut metagenome	MB33_4_1	WGS	SINGLE	AB 5500xl Genetic Analyzer	30267615	1059366525	human gut metagenome
ERR3160063	SAMEA5357393	MB33_4	human gut metagenome	MB33_4_2	WGS	SINGLE	AB 5500xl Genetic Analyzer	5510165	192855775	human gut metagenome
ERR3160073	SAMEA5357396	MB35_2	human gut metagenome	MB35_2_2	WGS	SINGLE	AB 5500xl Genetic Analyzer	7005386	350269300	human gut metagenome
ERR3160075	SAMEA5357396	MB35_2	human gut metagenome	MB35_2_4	WGS	SINGLE	AB 5500xl Genetic Analyzer	9421795	471089750	human gut metagenome
ERR3160078	SAMEA5357397	MB35_3	human gut metagenome	MB35_3_1	WGS	SINGLE	AB 5500xl Genetic Analyzer	13038760	651938000	human gut metagenome
ERR3160086	SAMEA5357399	MB37_1	human gut metagenome	MB37_1_1	WGS	SINGLE	AB 5500xl Genetic Analyzer	17374327	868716350	human gut metagenome
ERR3160087	SAMEA5357399	MB37_1	human gut metagenome	MB37_1_2	WGS	SINGLE	AB 5500xl Genetic Analyzer	5631343	281567150	human gut metagenome
ERR3160100	SAMEA5357401	MB37_3	human gut metagenome	MB37_3_3	WGS	SINGLE	AB 5500xl Genetic Analyzer	1148026	57401300	human gut metagenome
ERR3160104	SAMEA5357402	MB37_4	human gut metagenome	MB37_4_1	WGS	SINGLE	AB 5500xl Genetic Analyzer	5406551	189229285	human gut metagenome
ERR3160111	SAMEA5357403	MB39_1	human gut metagenome	MB39_1_2	WGS	SINGLE	AB 5500xl Genetic Analyzer	5569675	278483750	human gut metagenome
ERR3160113	SAMEA5357403	MB39_1	human gut metagenome	MB39_1_4	WGS	SINGLE	AB 5500xl Genetic Analyzer	9312481	465624050	human gut metagenome
ERR3160119	SAMEA5357404	MB39_2	human gut metagenome	MB39_2_4	WGS	SINGLE	AB 5500xl Genetic Analyzer	7966104	398305200	human gut metagenome
ERR3160131	SAMEA5357406	MB39_4	human gut metagenome	MB39_4_4	WGS	SINGLE	AB 5500xl Genetic Analyzer	31187747	1091571145	human gut metagenome
ERR3160149	SAMEA5357409	MB41_2	human gut metagenome	MB41_2_6	WGS	SINGLE	AB 5500xl Genetic Analyzer	2628735	131436750	human gut metagenome
ERR3160152	SAMEA5357410	MB41_3	human gut metagenome	MB41_3_3	WGS	SINGLE	AB 5500xl Genetic Analyzer	19319530	676183550	human gut metagenome
ERR3160154	SAMEA5357410	MB41_3	human gut metagenome	MB41_3_5	WGS	SINGLE	AB 5500xl Genetic Analyzer	10156994	355494790	human gut metagenome
ERR3160163	SAMEA5357411	MB42_1	human gut metagenome	MB42_1_8	WGS	SINGLE	AB 5500xl Genetic Analyzer	239872	8395520	human gut metagenome
ERR3160164	SAMEA5357412	MB42_2	human gut metagenome	MB42_2_1	WGS	SINGLE	AB 5500xl Genetic Analyzer	33848208	1184687280	human gut metagenome
ERR3160168	SAMEA5357413	MB42_3	human gut metagenome	MB42_3_2	WGS	SINGLE	AB 5500xl Genetic Analyzer	2782195	97376825	human gut metagenome
ERR3160176	SAMEA5357416	MB43_2	human gut metagenome	MB43_2_2	WGS	SINGLE	AB 5500xl Genetic Analyzer	28557880	999525800	human gut metagenome
ERR3160179	SAMEA5357417	MB43_3	human gut metagenome	MB43_3_3	WGS	SINGLE	AB 5500xl Genetic Analyzer	948075	33182625	human gut metagenome
ERR3160186	SAMEA5357420	MB44_2	human gut metagenome	MB44_2_1	WGS	SINGLE	AB 5500xl Genetic Analyzer	31227869	1092975415	human gut metagenome
ERR3160188	SAMEA5357420	MB44_2	human gut metagenome	MB44_2_3	WGS	SINGLE	AB 5500xl Genetic Analyzer	6003555	210124425	human gut metagenome
ERR3160190	SAMEA5357421	MB44_3	human gut metagenome	MB44_3_2	WGS	SINGLE	AB 5500xl Genetic Analyzer	5983582	209425370	human gut metagenome
ERR3160191	SAMEA5357421	MB44_3	human gut metagenome	MB44_3_3	WGS	SINGLE	AB 5500xl Genetic Analyzer	67237366	2353307810	human gut metagenome
ERR3160194	SAMEA5357422	MB44_4	human gut metagenome	MB44_4_3	WGS	SINGLE	AB 5500xl Genetic Analyzer	19197644	671917540	human gut metagenome
ERR3160201	SAMEA5357424	MB46_1	human gut metagenome	MB46_1_3	WGS	SINGLE	AB 5500xl Genetic Analyzer	17711609	619906315	human gut metagenome
ERR3160206	SAMEA5357424	MB46_1	human gut metagenome	MB46_1_8	WGS	SINGLE	AB 5500xl Genetic Analyzer	19907323	696756305	human gut metagenome
ERR3160214	SAMEA5357426	MB46_3	human gut metagenome	MB46_3_3	WGS	SINGLE	AB 5500xl Genetic Analyzer	2977745	104221075	human gut metagenome
ERR3160215	SAMEA5357426	MB46_3	human gut metagenome	MB46_3_4	WGS	SINGLE	AB 5500xl Genetic Analyzer	18622305	651780675	human gut metagenome
ERR3160220	SAMEA5357427	MB46_4	human gut metagenome	MB46_4_4	WGS	SINGLE	AB 5500xl Genetic Analyzer	16817462	588611170	human gut metagenome
ERR3160226	SAMEA5357429	MB47_2	human gut metagenome	MB47_2_1	WGS	SINGLE	AB 5500xl Genetic Analyzer	37094813	1298318455	human gut metagenome
ERR3160228	SAMEA5357430	MB47_3	human gut metagenome	MB47_3_1	WGS	SINGLE	AB 5500xl Genetic Analyzer	21287694	745069290	human gut metagenome
ERR3160230	SAMEA5357430	MB47_3	human gut metagenome	MB47_3_3	WGS	SINGLE	AB 5500xl Genetic Analyzer	2145537	75093795	human gut metagenome
ERR3160237	SAMEA5357432	MB48_1	human gut metagenome	MB48_1_1	WGS	SINGLE	AB 5500xl Genetic Analyzer	33596659	1175883065	human gut metagenome
ERR3160257	SAMEA5357438	MB50_3	human gut metagenome	MB50_3_1	WGS	SINGLE	AB 5500xl Genetic Analyzer	33284998	1164974930	human gut metagenome
ERR3160261	SAMEA5357440	MB51_1	human gut metagenome	MB51_1_2	WGS	SINGLE	AB 5500xl Genetic Analyzer	30506038	1067711330	human gut metagenome
ERR3160264	SAMEA5357441	MB51_2	human gut metagenome	MB51_2_3	WGS	SINGLE	AB 5500xl Genetic Analyzer	452986	15854510	human gut metagenome
ERR3160266	SAMEA5357442	MB51_3	human gut metagenome	MB51_3_1	WGS	SINGLE	AB 5500xl Genetic Analyzer	14634135	512194725	human gut metagenome
ERR3160270	SAMEA5357443	MB51_4	human gut metagenome	MB51_4_2	WGS	SINGLE	AB 5500xl Genetic Analyzer	8997519	314913165	human gut metagenome
ERR3160271	SAMEA5357443	MB51_4	human gut metagenome	MB51_4_3	WGS	SINGLE	AB 5500xl Genetic Analyzer	6654211	232897385	human gut metagenome
ERR3160274	SAMEA5357444	MB52_1	human gut metagenome	MB52_1_2	WGS	SINGLE	AB 5500xl Genetic Analyzer	36069120	1262419200	human gut metagenome
ERR3160281	SAMEA5357447	MB52_4	human gut metagenome	MB52_4_2	WGS	SINGLE	AB 5500xl Genetic Analyzer	16702378	584583230	human gut metagenome
ERR3160286	SAMEA5357448	MB53_1	human gut metagenome	MB53_1_3	WGS	SINGLE	AB 5500xl Genetic Analyzer	3035287	106235045	human gut metagenome
ERR3160293	SAMEA5357449	MB54_1	human gut metagenome	MB54_1_4	WGS	SINGLE	AB 5500xl Genetic Analyzer	16358303	572540605	human gut metagenome
ERR3160299	SAMEA5357450	MB54_2	human gut metagenome	MB54_2_5	WGS	SINGLE	AB 5500xl Genetic Analyzer	10984784	384467440	human gut metagenome
ERR3160302	SAMEA5357451	MB54_3	human gut metagenome	MB54_3_3	WGS	SINGLE	AB 5500xl Genetic Analyzer	10228336	357991760	human gut metagenome
ERR3160305	SAMEA5357452	MB54_4	human gut metagenome	MB54_4_1	WGS	SINGLE	AB 5500xl Genetic Analyzer	41352740	1447345900	human gut metagenome
ERR3160306	SAMEA5357452	MB54_4	human gut metagenome	MB54_4_2	WGS	SINGLE	AB 5500xl Genetic Analyzer	9325234	326383190	human gut metagenome
ERR3160321	SAMEA5357455	MB55_3	human gut metagenome	MB55_3_6	WGS	SINGLE	AB 5500xl Genetic Analyzer	152669	5343415	human gut metagenome
ERR3160323	SAMEA5357456	MB56_1	human gut metagenome	MB56_1_2	WGS	SINGLE	AB 5500xl Genetic Analyzer	19248917	673712095	human gut metagenome
ERR3160326	SAMEA5357456	MB56_1	human gut metagenome	MB56_1_5	WGS	SINGLE	AB 5500xl Genetic Analyzer	12304390	430653650	human gut metagenome
ERR3160331	SAMEA5357458	MB58_1	human gut metagenome	MB58_1_1	WGS	SINGLE	AB 5500xl Genetic Analyzer	39837597	1394315895	human gut metagenome
ERR3160333	SAMEA5357459	MB59_1	human gut metagenome	MB59_1_1	WGS	SINGLE	AB 5500xl Genetic Analyzer	40342770	1411996950	human gut metagenome
ERR3160339	SAMEA5357461	MB59_3	human gut metagenome	MB59_3_1	WGS	SINGLE	AB 5500xl Genetic Analyzer	7985481	279491835	human gut metagenome
ERR3160341	SAMEA5357461	MB59_3	human gut metagenome	MB59_3_3	WGS	SINGLE	AB 5500xl Genetic Analyzer	18664625	653261875	human gut metagenome
ERR3160344	SAMEA5357462	MB60_1	human gut metagenome	MB60_1_2	WGS	SINGLE	AB 5500xl Genetic Analyzer	10405909	364206815	human gut metagenome
ERR3160346	SAMEA5357463	MB60_2	human gut metagenome	MB60_2_1	WGS	SINGLE	AB 5500xl Genetic Analyzer	30378205	1063237175	human gut metagenome
ERR3160357	SAMEA5357466	MB61_2	human gut metagenome	MB61_2_2	WGS	SINGLE	AB 5500xl Genetic Analyzer	11135500	389742500	human gut metagenome
ERR3160362	SAMEA5357467	MB61_3	human gut metagenome	MB61_3_2	WGS	SINGLE	AB 5500xl Genetic Analyzer	25039437	876380295	human gut metagenome
ERR3160372	SAMEA5357471	MB64_1	human gut metagenome	MB64_1_1	WGS	SINGLE	AB 5500xl Genetic Analyzer	11109019	388815665	human gut metagenome
ERR3160373	SAMEA5357471	MB64_1	human gut metagenome	MB64_1_2	WGS	SINGLE	AB 5500xl Genetic Analyzer	8179489	286282115	human gut metagenome
ERR3160374	SAMEA5357471	MB64_1	human gut metagenome	MB64_1_3	WGS	SINGLE	AB 5500xl Genetic Analyzer	8490984	297184440	human gut metagenome
ERR3160377	SAMEA5357472	MB65_1	human gut metagenome	MB65_1_3	WGS	SINGLE	AB 5500xl Genetic Analyzer	2185865	76505275	human gut metagenome
ERR3160381	SAMEA5357473	MB66_1	human gut metagenome	MB66_1_1	WGS	SINGLE	AB 5500xl Genetic Analyzer	27597615	965916525	human gut metagenome
ERR3160393	SAMEA5357477	MB70_1	human gut metagenome	MB70_1_3	WGS	SINGLE	AB 5500xl Genetic Analyzer	9038977	316364195	human gut metagenome
ERR3160396	SAMEA5357477	MB70_1	human gut metagenome	MB70_1_6	WGS	SINGLE	AB 5500xl Genetic Analyzer	8520290	298210150	human gut metagenome
ERR3160397	SAMEA5357478	MB71_1	human gut metagenome	MB71_1_1	WGS	SINGLE	AB 5500xl Genetic Analyzer	10172868	356050380	human gut metagenome
ERR3160405	SAMEA5357480	MB73_1	human gut metagenome	MB73_1_3	WGS	SINGLE	AB 5500xl Genetic Analyzer	10247594	358665790	human gut metagenome
ERR3160408	SAMEA5357481	MB74_1	human gut metagenome	MB74_1_3	WGS	SINGLE	AB 5500xl Genetic Analyzer	16472460	576536100	human gut metagenome
ERR3160410	SAMEA5357482	MB75_1	human gut metagenome	MB75_1_1	WGS	SINGLE	AB 5500xl Genetic Analyzer	42436602	1485281070	human gut metagenome
ERR3160414	SAMEA5357484	MB77_1	human gut metagenome	MB77_1_1	WGS	SINGLE	AB 5500xl Genetic Analyzer	26627467	931961345	human gut metagenome
ERR3159559	SAMEA5357219	002_0002_H_W	human gut metagenome	002_0002_H_W_1	WGS	SINGLE	AB 5500xl Genetic Analyzer	30189483	1056631905	human gut metagenome
ERR3159563	SAMEA5357220	002_0003_M_N	human gut metagenome	002_0003_M_N_3	WGS	SINGLE	AB 5500xl Genetic Analyzer	17105854	598704890	human gut metagenome
ERR3159573	SAMEA5357225	002_0008_B_A	human gut metagenome	002_0008_B_A_1	WGS	SINGLE	AB 5500xl Genetic Analyzer	40569868	1419945380	human gut metagenome
ERR3159574	SAMEA5357225	002_0008_B_A	human gut metagenome	002_0008_B_A_2	WGS	SINGLE	AB 5500xl Genetic Analyzer	33678512	1178747920	human gut metagenome
ERR3159575	SAMEA5357226	002_0009_L_C	human gut metagenome	002_0009_L_C_1	WGS	SINGLE	AB 5500xl Genetic Analyzer	35734572	1250710020	human gut metagenome
ERR3159580	SAMEA5357228	002_0011_R_H	human gut metagenome	002_0011_R_H_1	WGS	SINGLE	AB 5500xl Genetic Analyzer	48654732	1702915620	human gut metagenome
ERR3159586	SAMEA5357230	002_0016_P_M	human gut metagenome	002_0016_P_M_3	WGS	SINGLE	AB 5500xl Genetic Analyzer	41855318	1464936130	human gut metagenome
ERR3159595	SAMEA5357235	002_0027_S_V	human gut metagenome	002_0027_S_V_1	WGS	SINGLE	AB 5500xl Genetic Analyzer	36567268	1279854380	human gut metagenome
ERR3159596	SAMEA5357235	002_0027_S_V	human gut metagenome	002_0027_S_V_2	WGS	SINGLE	AB 5500xl Genetic Analyzer	10531264	368594240	human gut metagenome
ERR3159598	SAMEA5357236	002_0029_D_A	human gut metagenome	002_0029_D_A_1	WGS	SINGLE	AB 5500xl Genetic Analyzer	39552376	1384333160	human gut metagenome
ERR3159605	SAMEA5357238	Atox105_3	human gut metagenome	Atox105_3_3	WGS	SINGLE	AB 5500xl Genetic Analyzer	48316490	1691077150	human gut metagenome
ERR3159609	SAMEA5357240	Atox108_0	human gut metagenome	Atox108_0_2	WGS	SINGLE	AB 5500xl Genetic Analyzer	19304120	675644200	human gut metagenome
ERR3159613	SAMEA5357242	Atox108_5Y	human gut metagenome	Atox108_5Y_1	WGS	SINGLE	AB 5500xl Genetic Analyzer	14209027	497315945	human gut metagenome
ERR3159620	SAMEA5357244	Atox112_3	human gut metagenome	Atox112_3_2	WGS	SINGLE	AB 5500xl Genetic Analyzer	39630682	1387073870	human gut metagenome
ERR3159626	SAMEA5357247	Atox121_3	human gut metagenome	Atox121_3_2	WGS	SINGLE	AB 5500xl Genetic Analyzer	52531244	1838593540	human gut metagenome
ERR3159631	SAMEA5357250	Atox124_5Y	human gut metagenome	Atox124_5Y_1	WGS	SINGLE	AB 5500xl Genetic Analyzer	23829183	834021405	human gut metagenome
ERR3159635	SAMEA5357251	Atox124_6	human gut metagenome	Atox124_6_2	WGS	SINGLE	AB 5500xl Genetic Analyzer	46910272	1641859520	human gut metagenome
ERR3159639	SAMEA5357253	Atox127_3	human gut metagenome	Atox127_3_2	WGS	SINGLE	AB 5500xl Genetic Analyzer	40527198	1418451930	human gut metagenome
ERR3159641	SAMEA5357254	Atox127_5Y	human gut metagenome	Atox127_5Y_2	WGS	SINGLE	AB 5500xl Genetic Analyzer	27765331	971786585	human gut metagenome
ERR3159658	SAMEA5357263	Atox138_5Y	human gut metagenome	Atox138_5Y_1	WGS	SINGLE	AB 5500xl Genetic Analyzer	23554644	824412540	human gut metagenome
ERR3159659	SAMEA5357263	Atox138_5Y	human gut metagenome	Atox138_5Y_2	WGS	SINGLE	AB 5500xl Genetic Analyzer	21166916	740842060	human gut metagenome
ERR3159662	SAMEA5357264	Atox14_1	human gut metagenome	Atox14_1_2	WGS	SINGLE	AB 5500xl Genetic Analyzer	37723162	1320310670	human gut metagenome
ERR3159664	SAMEA5357265	Atox14_3	human gut metagenome	Atox14_3_2	WGS	SINGLE	AB 5500xl Genetic Analyzer	23588301	825590535	human gut metagenome
ERR3159667	SAMEA5357266	Atox14_5Y	human gut metagenome	Atox14_5Y_2	WGS	SINGLE	AB 5500xl Genetic Analyzer	38393725	1343780375	human gut metagenome
ERR3159671	SAMEA5357268	Atox21_3	human gut metagenome	Atox21_3_1	WGS	SINGLE	AB 5500xl Genetic Analyzer	19682269	688879415	human gut metagenome
ERR3159675	SAMEA5357269	Atox21_5Y	human gut metagenome	Atox21_5Y_2	WGS	SINGLE	AB 5500xl Genetic Analyzer	27082250	947878750	human gut metagenome
ERR3159686	SAMEA5357275	Atox72_5Y	human gut metagenome	Atox72_5Y_1	WGS	SINGLE	AB 5500xl Genetic Analyzer	19461785	681162475	human gut metagenome
ERR3159691	SAMEA5357276	Atox8_1	human gut metagenome	Atox8_1_3	WGS	SINGLE	AB 5500xl Genetic Analyzer	28343920	992037200	human gut metagenome
ERR3159694	SAMEA5357277	Atox8_3	human gut metagenome	Atox8_3_2	WGS	SINGLE	AB 5500xl Genetic Analyzer	45058140	1577034900	human gut metagenome
ERR3159695	SAMEA5357278	Atox8_5Y	human gut metagenome	Atox8_5Y_1	WGS	SINGLE	AB 5500xl Genetic Analyzer	37518540	1313148900	human gut metagenome
ERR3159698	SAMEA5357279	LG_T1002	human gut metagenome	LG_T1002_2	WGS	SINGLE	AB 5500xl Genetic Analyzer	7952628	278341980	human gut metagenome
ERR3159700	SAMEA5357280	LG_T1003	human gut metagenome	LG_T1003_1	WGS	SINGLE	AB 5500xl Genetic Analyzer	1499	52465	human gut metagenome
ERR3159704	SAMEA5357281	LG_T1004	human gut metagenome	LG_T1004_2	WGS	SINGLE	AB 5500xl Genetic Analyzer	20363540	712723900	human gut metagenome
ERR3159710	SAMEA5357283	LG_T1006	human gut metagenome	LG_T1006_1	WGS	SINGLE	AB 5500xl Genetic Analyzer	44298357	1550442495	human gut metagenome
ERR3159716	SAMEA5357285	LG_T1008	human gut metagenome	LG_T1008_1	WGS	SINGLE	AB 5500xl Genetic Analyzer	58248422	2038694770	human gut metagenome
ERR3159720	SAMEA5357287	LG_T1010	human gut metagenome	LG_T1010_1	WGS	SINGLE	AB 5500xl Genetic Analyzer	22619157	791670495	human gut metagenome
ERR3159726	SAMEA5357290	LG_T1013	human gut metagenome	LG_T1013_1	WGS	SINGLE	AB 5500xl Genetic Analyzer	36885349	1290987215	human gut metagenome
ERR3159730	SAMEA5357291	LG_T1014	human gut metagenome	LG_T1014_3	WGS	SINGLE	AB 5500xl Genetic Analyzer	8819648	308687680	human gut metagenome
ERR3159735	SAMEA5357292	LG_T1016	human gut metagenome	LG_T1016_3	WGS	SINGLE	AB 5500xl Genetic Analyzer	3378480	118246800	human gut metagenome
ERR3159740	SAMEA5357294	LG_T1019	human gut metagenome	LG_T1019_1	WGS	SINGLE	AB 5500xl Genetic Analyzer	46261741	1619160935	human gut metagenome
ERR3159745	SAMEA5357296	LeakyGutOB002	human gut metagenome	LeakyGutOB002_2	WGS	SINGLE	AB 5500xl Genetic Analyzer	41392889	1448751115	human gut metagenome
ERR3159746	SAMEA5357297	LeakyGutOB003	human gut metagenome	LeakyGutOB003_1	WGS	SINGLE	AB 5500xl Genetic Analyzer	40822626	1428791910	human gut metagenome
ERR3159749	SAMEA5357298	LeakyGutOB004	human gut metagenome	LeakyGutOB004_2	WGS	SINGLE	AB 5500xl Genetic Analyzer	42670381	1493463335	human gut metagenome
ERR3159754	SAMEA5357299	LeakyGutOB005	human gut metagenome	LeakyGutOB005_5	WGS	SINGLE	AB 5500xl Genetic Analyzer	4510594	157870790	human gut metagenome
ERR3159760	SAMEA5357301	LeakyGutOB007	human gut metagenome	LeakyGutOB007_2	WGS	SINGLE	AB 5500xl Genetic Analyzer	19023795	665832825	human gut metagenome
ERR3159766	SAMEA5357304	LeakyGutOB010	human gut metagenome	LeakyGutOB010_1	WGS	SINGLE	AB 5500xl Genetic Analyzer	6396775	223887125	human gut metagenome
ERR3159767	SAMEA5357304	LeakyGutOB010	human gut metagenome	LeakyGutOB010_2	WGS	SINGLE	AB 5500xl Genetic Analyzer	8090827	283178945	human gut metagenome
ERR3159780	SAMEA5357308	LeakyGutOB015	human gut metagenome	LeakyGutOB015_2	WGS	SINGLE	AB 5500xl Genetic Analyzer	18181762	636361670	human gut metagenome
ERR3159785	SAMEA5357309	LeakyGutOB016	human gut metagenome	LeakyGutOB016_3	WGS	SINGLE	AB 5500xl Genetic Analyzer	16025621	560896735	human gut metagenome
ERR3159788	SAMEA5357311	LeakyGutOB018	human gut metagenome	LeakyGutOB018_1	WGS	SINGLE	AB 5500xl Genetic Analyzer	46465318	1626286130	human gut metagenome
ERR3159798	SAMEA5357314	LeakyGutOB021	human gut metagenome	LeakyGutOB021_4	WGS	SINGLE	AB 5500xl Genetic Analyzer	10556179	369466265	human gut metagenome
ERR3159799	SAMEA5357315	MB01_1	human gut metagenome	MB01_1_1	WGS	SINGLE	AB 5500xl Genetic Analyzer	14428120	504984200	human gut metagenome
ERR3159805	SAMEA5357316	MB01_2	human gut metagenome	MB01_2_4	WGS	SINGLE	AB 5500xl Genetic Analyzer	14260815	499128525	human gut metagenome
ERR3159806	SAMEA5357317	MB01_3	human gut metagenome	MB01_3_1	WGS	SINGLE	AB 5500xl Genetic Analyzer	35095	1228325	human gut metagenome
ERR3159811	SAMEA5357318	MB02_1	human gut metagenome	MB02_1_2	WGS	SINGLE	AB 5500xl Genetic Analyzer	49423699	1729829465	human gut metagenome
ERR3159813	SAMEA5357319	MB02_2	human gut metagenome	MB02_2_1	WGS	SINGLE	AB 5500xl Genetic Analyzer	18706526	654728410	human gut metagenome
ERR3159835	SAMEA5357325	MB05_2	human gut metagenome	MB05_2_1	WGS	SINGLE	AB 5500xl Genetic Analyzer	15381604	538356140	human gut metagenome
ERR3159836	SAMEA5357325	MB05_2	human gut metagenome	MB05_2_2	WGS	SINGLE	AB 5500xl Genetic Analyzer	31137264	1089804240	human gut metagenome
ERR3159839	SAMEA5357326	MB05_3	human gut metagenome	MB05_3_2	WGS	SINGLE	AB 5500xl Genetic Analyzer	44516809	1558088315	human gut metagenome
ERR3159840	SAMEA5357327	MB06_1	human gut metagenome	MB06_1_1	WGS	SINGLE	AB 5500xl Genetic Analyzer	4602621	161091735	human gut metagenome
ERR3159844	SAMEA5357328	MB07_1	human gut metagenome	MB07_1_2	WGS	SINGLE	AB 5500xl Genetic Analyzer	44221634	1547757190	human gut metagenome
ERR3159848	SAMEA5357329	MB07_2	human gut metagenome	MB07_2_4	WGS	SINGLE	AB 5500xl Genetic Analyzer	10965008	548250400	human gut metagenome
ERR3159854	SAMEA5357330	MB07_3	human gut metagenome	MB07_3_4	WGS	SINGLE	AB 5500xl Genetic Analyzer	12458851	622942550	human gut metagenome
ERR3159856	SAMEA5357330	MB07_3	human gut metagenome	MB07_3_6	WGS	SINGLE	AB 5500xl Genetic Analyzer	4791989	239599450	human gut metagenome
ERR3159859	SAMEA5357331	MB07_4	human gut metagenome	MB07_4_3	WGS	SINGLE	AB 5500xl Genetic Analyzer	3774459	188722950	human gut metagenome
ERR3159863	SAMEA5357332	MB07_5	human gut metagenome	MB07_5_1	WGS	SINGLE	AB 5500xl Genetic Analyzer	16201165	810058250	human gut metagenome
ERR3159867	SAMEA5357332	MB07_5	human gut metagenome	MB07_5_5	WGS	SINGLE	AB 5500xl Genetic Analyzer	1680819	84040950	human gut metagenome
ERR3159868	SAMEA5357332	MB07_5	human gut metagenome	MB07_5_6	WGS	SINGLE	AB 5500xl Genetic Analyzer	3243861	162193050	human gut metagenome
ERR3159871	SAMEA5357333	MB08_1	human gut metagenome	MB08_1_3	WGS	SINGLE	AB 5500xl Genetic Analyzer	15177813	531223455	human gut metagenome
ERR3159879	SAMEA5357336	MB10_2	human gut metagenome	MB10_2_3	WGS	SINGLE	AB 5500xl Genetic Analyzer	5030481	251524050	human gut metagenome
ERR3159892	SAMEA5357338	MB10_4	human gut metagenome	MB10_4_4	WGS	SINGLE	AB 5500xl Genetic Analyzer	11155085	557754250	human gut metagenome
ERR3159899	SAMEA5357341	MB12_3	human gut metagenome	MB12_3_1	WGS	SINGLE	AB 5500xl Genetic Analyzer	21165027	740775945	human gut metagenome
ERR3159906	SAMEA5357343	MB13_3	human gut metagenome	MB13_3_1	WGS	SINGLE	AB 5500xl Genetic Analyzer	21430001	750050035	human gut metagenome
ERR3159908	SAMEA5357344	MB14_1	human gut metagenome	MB14_1_1	WGS	SINGLE	AB 5500xl Genetic Analyzer	4719787	165192545	human gut metagenome
ERR3159910	SAMEA5357344	MB14_1	human gut metagenome	MB14_1_3	WGS	SINGLE	AB 5500xl Genetic Analyzer	21776957	762193495	human gut metagenome
ERR3159912	SAMEA5357345	MB14_3	human gut metagenome	MB14_3_2	WGS	SINGLE	AB 5500xl Genetic Analyzer	7587239	265553365	human gut metagenome
ERR3159913	SAMEA5357345	MB14_3	human gut metagenome	MB14_3_3	WGS	SINGLE	AB 5500xl Genetic Analyzer	13979802	489293070	human gut metagenome
ERR3159915	SAMEA5357346	MB15_1	human gut metagenome	MB15_1_1	WGS	SINGLE	AB 5500xl Genetic Analyzer	30119992	1054199720	human gut metagenome
ERR3159919	SAMEA5357348	MB15_4	human gut metagenome	MB15_4_1	WGS	SINGLE	AB 5500xl Genetic Analyzer	36862959	1290203565	human gut metagenome
ERR3159921	SAMEA5357349	MB16_1	human gut metagenome	MB16_1_1	WGS	SINGLE	AB 5500xl Genetic Analyzer	33489712	1172139920	human gut metagenome
ERR3159934	SAMEA5357355	MB18_1	human gut metagenome	MB18_1_2	WGS	SINGLE	AB 5500xl Genetic Analyzer	20204910	707171850	human gut metagenome
ERR3159936	SAMEA5357356	MB18_2	human gut metagenome	MB18_2_1	WGS	SINGLE	AB 5500xl Genetic Analyzer	34127086	1194448010	human gut metagenome
ERR3159945	SAMEA5357360	MB21_2	human gut metagenome	MB21_2_2	WGS	SINGLE	AB 5500xl Genetic Analyzer	43460252	1521108820	human gut metagenome
ERR3159948	SAMEA5357361	MB21_3	human gut metagenome	MB21_3_3	WGS	SINGLE	AB 5500xl Genetic Analyzer	5789813	202643455	human gut metagenome
ERR3159952	SAMEA5357363	MB22_2	human gut metagenome	MB22_2_2	WGS	SINGLE	AB 5500xl Genetic Analyzer	1794547	62809145	human gut metagenome
ERR3159953	SAMEA5357363	MB22_2	human gut metagenome	MB22_2_3	WGS	SINGLE	AB 5500xl Genetic Analyzer	2983334	104416690	human gut metagenome
ERR3159954	SAMEA5357363	MB22_2	human gut metagenome	MB22_2_4	WGS	SINGLE	AB 5500xl Genetic Analyzer	5322988	186304580	human gut metagenome
ERR3159971	SAMEA5357370	MB26_1	human gut metagenome	MB26_1_2	WGS	SINGLE	AB 5500xl Genetic Analyzer	4967828	248391400	human gut metagenome
ERR3159991	SAMEA5357373	MB26_4	human gut metagenome	MB26_4_4	WGS	SINGLE	AB 5500xl Genetic Analyzer	11610643	406372505	human gut metagenome
ERR3159993	SAMEA5357374	MB27_1	human gut metagenome	MB27_1_1	WGS	SINGLE	AB 5500xl Genetic Analyzer	16197768	566921880	human gut metagenome
ERR3159997	SAMEA5357375	MB27_2	human gut metagenome	MB27_2_1	WGS	SINGLE	AB 5500xl Genetic Analyzer	9133276	319664660	human gut metagenome
ERR3159998	SAMEA5357375	MB27_2	human gut metagenome	MB27_2_2	WGS	SINGLE	AB 5500xl Genetic Analyzer	7726401	270424035	human gut metagenome
ERR3160001	SAMEA5357376	MB27_3	human gut metagenome	MB27_3_2	WGS	SINGLE	AB 5500xl Genetic Analyzer	5208485	182296975	human gut metagenome
ERR3160006	SAMEA5357378	MB28_1	human gut metagenome	MB28_1_1	WGS	SINGLE	AB 5500xl Genetic Analyzer	28115443	984040505	human gut metagenome
ERR3160009	SAMEA5357379	MB29_1	human gut metagenome	MB29_1_2	WGS	SINGLE	AB 5500xl Genetic Analyzer	34538476	1208846660	human gut metagenome
ERR3160011	SAMEA5357380	MB29_2	human gut metagenome	MB29_2_1	WGS	SINGLE	AB 5500xl Genetic Analyzer	12857692	450019220	human gut metagenome
ERR3160021	SAMEA5357383	MB30_1	human gut metagenome	MB30_1_3	WGS	SINGLE	AB 5500xl Genetic Analyzer	17894659	626313065	human gut metagenome
ERR3160022	SAMEA5357383	MB30_1	human gut metagenome	MB30_1_4	WGS	SINGLE	AB 5500xl Genetic Analyzer	86936144	3042765040	human gut metagenome
ERR3160024	SAMEA5357384	MB30_4	human gut metagenome	MB30_4_1	WGS	SINGLE	AB 5500xl Genetic Analyzer	33644137	1177544795	human gut metagenome
ERR3160030	SAMEA5357386	MB32_1	human gut metagenome	MB32_1_1	WGS	SINGLE	AB 5500xl Genetic Analyzer	16839263	841963150	human gut metagenome
ERR3160032	SAMEA5357386	MB32_1	human gut metagenome	MB32_1_3	WGS	SINGLE	AB 5500xl Genetic Analyzer	5529032	276451600	human gut metagenome
ERR3160042	SAMEA5357388	MB32_3	human gut metagenome	MB32_3_1	WGS	SINGLE	AB 5500xl Genetic Analyzer	9388044	469402200	human gut metagenome
ERR3160044	SAMEA5357388	MB32_3	human gut metagenome	MB32_3_3	WGS	SINGLE	AB 5500xl Genetic Analyzer	3092813	154640650	human gut metagenome
ERR3160046	SAMEA5357388	MB32_3	human gut metagenome	MB32_3_5	WGS	SINGLE	AB 5500xl Genetic Analyzer	4780344	239017200	human gut metagenome
ERR3160064	SAMEA5357394	MB34_1	human gut metagenome	MB34_1_1	WGS	SINGLE	AB 5500xl Genetic Analyzer	26924706	942364710	human gut metagenome
ERR3160069	SAMEA5357395	MB35_1	human gut metagenome	MB35_1_4	WGS	SINGLE	AB 5500xl Genetic Analyzer	9339016	466950800	human gut metagenome
ERR3160070	SAMEA5357395	MB35_1	human gut metagenome	MB35_1_5	WGS	SINGLE	AB 5500xl Genetic Analyzer	3183844	159192200	human gut metagenome
ERR3160071	SAMEA5357395	MB35_1	human gut metagenome	MB35_1_6	WGS	SINGLE	AB 5500xl Genetic Analyzer	1600222	80011100	human gut metagenome
ERR3160082	SAMEA5357397	MB35_3	human gut metagenome	MB35_3_5	WGS	SINGLE	AB 5500xl Genetic Analyzer	4783282	239164100	human gut metagenome
ERR3160083	SAMEA5357397	MB35_3	human gut metagenome	MB35_3_6	WGS	SINGLE	AB 5500xl Genetic Analyzer	2588661	129433050	human gut metagenome
ERR3160084	SAMEA5357398	MB35_4	human gut metagenome	MB35_4_1	WGS	SINGLE	AB 5500xl Genetic Analyzer	25958541	908548935	human gut metagenome
ERR3160088	SAMEA5357399	MB37_1	human gut metagenome	MB37_1_3	WGS	SINGLE	AB 5500xl Genetic Analyzer	5367156	268357800	human gut metagenome
ERR3160090	SAMEA5357399	MB37_1	human gut metagenome	MB37_1_5	WGS	SINGLE	AB 5500xl Genetic Analyzer	3280018	164000900	human gut metagenome
ERR3160094	SAMEA5357400	MB37_2	human gut metagenome	MB37_2_3	WGS	SINGLE	AB 5500xl Genetic Analyzer	4776366	238818300	human gut metagenome
ERR3160102	SAMEA5357401	MB37_3	human gut metagenome	MB37_3_5	WGS	SINGLE	AB 5500xl Genetic Analyzer	7297649	364882450	human gut metagenome
ERR3160124	SAMEA5357405	MB39_3	human gut metagenome	MB39_3_3	WGS	SINGLE	AB 5500xl Genetic Analyzer	5385630	269281500	human gut metagenome
ERR3160125	SAMEA5357405	MB39_3	human gut metagenome	MB39_3_4	WGS	SINGLE	AB 5500xl Genetic Analyzer	8976598	448829900	human gut metagenome
ERR3160126	SAMEA5357405	MB39_3	human gut metagenome	MB39_3_5	WGS	SINGLE	AB 5500xl Genetic Analyzer	3430884	171544200	human gut metagenome
ERR3160127	SAMEA5357405	MB39_3	human gut metagenome	MB39_3_6	WGS	SINGLE	AB 5500xl Genetic Analyzer	1831026	91551300	human gut metagenome
ERR3160133	SAMEA5357407	MB40_1	human gut metagenome	MB40_1_2	WGS	SINGLE	AB 5500xl Genetic Analyzer	13685817	479003595	human gut metagenome
ERR3160135	SAMEA5357407	MB40_1	human gut metagenome	MB40_1_4	WGS	SINGLE	AB 5500xl Genetic Analyzer	4146250	145118750	human gut metagenome
ERR3160136	SAMEA5357407	MB40_1	human gut metagenome	MB40_1_5	WGS	SINGLE	AB 5500xl Genetic Analyzer	13683278	478914730	human gut metagenome
ERR3160140	SAMEA5357408	MB41_1	human gut metagenome	MB41_1_3	WGS	SINGLE	AB 5500xl Genetic Analyzer	3123513	156175650	human gut metagenome
ERR3160144	SAMEA5357409	MB41_2	human gut metagenome	MB41_2_1	WGS	SINGLE	AB 5500xl Genetic Analyzer	12984226	649211300	human gut metagenome
ERR3160153	SAMEA5357410	MB41_3	human gut metagenome	MB41_3_4	WGS	SINGLE	AB 5500xl Genetic Analyzer	3991654	139707890	human gut metagenome
ERR3160157	SAMEA5357411	MB42_1	human gut metagenome	MB42_1_2	WGS	SINGLE	AB 5500xl Genetic Analyzer	3386822	118538770	human gut metagenome
ERR3160160	SAMEA5357411	MB42_1	human gut metagenome	MB42_1_5	WGS	SINGLE	AB 5500xl Genetic Analyzer	14449055	505716925	human gut metagenome
ERR3160171	SAMEA5357414	MB42_4	human gut metagenome	MB42_4_2	WGS	SINGLE	AB 5500xl Genetic Analyzer	18072091	632523185	human gut metagenome
ERR3160175	SAMEA5357416	MB43_2	human gut metagenome	MB43_2_1	WGS	SINGLE	AB 5500xl Genetic Analyzer	41922864	1467300240	human gut metagenome
ERR3160181	SAMEA5357418	MB43_4	human gut metagenome	MB43_4_2	WGS	SINGLE	AB 5500xl Genetic Analyzer	19137599	669815965	human gut metagenome
ERR3160183	SAMEA5357418	MB43_4	human gut metagenome	MB43_4_4	WGS	SINGLE	AB 5500xl Genetic Analyzer	2387070	83547450	human gut metagenome
ERR3160184	SAMEA5357419	MB44_1	human gut metagenome	MB44_1_1	WGS	SINGLE	AB 5500xl Genetic Analyzer	80769958	2826948530	human gut metagenome
ERR3160185	SAMEA5357419	MB44_1	human gut metagenome	MB44_1_2	WGS	SINGLE	AB 5500xl Genetic Analyzer	52474339	1836601865	human gut metagenome
ERR3160189	SAMEA5357421	MB44_3	human gut metagenome	MB44_3_1	WGS	SINGLE	AB 5500xl Genetic Analyzer	7845374	274588090	human gut metagenome
ERR3160202	SAMEA5357424	MB46_1	human gut metagenome	MB46_1_4	WGS	SINGLE	AB 5500xl Genetic Analyzer	3533273	123664555	human gut metagenome
ERR3160204	SAMEA5357424	MB46_1	human gut metagenome	MB46_1_6	WGS	SINGLE	AB 5500xl Genetic Analyzer	3664054	128241890	human gut metagenome
ERR3160205	SAMEA5357424	MB46_1	human gut metagenome	MB46_1_7	WGS	SINGLE	AB 5500xl Genetic Analyzer	11641329	407446515	human gut metagenome
ERR3160207	SAMEA5357424	MB46_1	human gut metagenome	MB46_1_9	WGS	SINGLE	AB 5500xl Genetic Analyzer	8276420	289674700	human gut metagenome
ERR3160217	SAMEA5357427	MB46_4	human gut metagenome	MB46_4_1	WGS	SINGLE	AB 5500xl Genetic Analyzer	17881985	625869475	human gut metagenome
ERR3160236	SAMEA5357431	MB47_4	human gut metagenome	MB47_4_3	WGS	SINGLE	AB 5500xl Genetic Analyzer	22638349	792342215	human gut metagenome
ERR3160242	SAMEA5357434	MB48_3	human gut metagenome	MB48_3_2	WGS	SINGLE	AB 5500xl Genetic Analyzer	33363766	1167731810	human gut metagenome
ERR3160254	SAMEA5357437	MB50_2	human gut metagenome	MB50_2_3	WGS	SINGLE	AB 5500xl Genetic Analyzer	1937800	67823000	human gut metagenome
ERR3160256	SAMEA5357437	MB50_2	human gut metagenome	MB50_2_5	WGS	SINGLE	AB 5500xl Genetic Analyzer	7625229	266883015	human gut metagenome
ERR3160268	SAMEA5357442	MB51_3	human gut metagenome	MB51_3_3	WGS	SINGLE	AB 5500xl Genetic Analyzer	20193812	706783420	human gut metagenome
ERR3160272	SAMEA5357443	MB51_4	human gut metagenome	MB51_4_4	WGS	SINGLE	AB 5500xl Genetic Analyzer	31320724	1096225340	human gut metagenome
ERR3160275	SAMEA5357445	MB52_2	human gut metagenome	MB52_2_1	WGS	SINGLE	AB 5500xl Genetic Analyzer	31475964	1101658740	human gut metagenome
ERR3160288	SAMEA5357448	MB53_1	human gut metagenome	MB53_1_5	WGS	SINGLE	AB 5500xl Genetic Analyzer	17267643	604367505	human gut metagenome
ERR3160291	SAMEA5357449	MB54_1	human gut metagenome	MB54_1_2	WGS	SINGLE	AB 5500xl Genetic Analyzer	3262122	114174270	human gut metagenome
ERR3160292	SAMEA5357449	MB54_1	human gut metagenome	MB54_1_3	WGS	SINGLE	AB 5500xl Genetic Analyzer	14992835	524749225	human gut metagenome
ERR3160294	SAMEA5357449	MB54_1	human gut metagenome	MB54_1_5	WGS	SINGLE	AB 5500xl Genetic Analyzer	2026675	70933625	human gut metagenome
ERR3160295	SAMEA5357450	MB54_2	human gut metagenome	MB54_2_1	WGS	SINGLE	AB 5500xl Genetic Analyzer	3390179	118656265	human gut metagenome
ERR3160307	SAMEA5357452	MB54_4	human gut metagenome	MB54_4_3	WGS	SINGLE	AB 5500xl Genetic Analyzer	6531083	228587905	human gut metagenome
ERR3160308	SAMEA5357452	MB54_4	human gut metagenome	MB54_4_4	WGS	SINGLE	AB 5500xl Genetic Analyzer	52833028	1849155980	human gut metagenome
ERR3160317	SAMEA5357455	MB55_3	human gut metagenome	MB55_3_2	WGS	SINGLE	AB 5500xl Genetic Analyzer	53729	1880515	human gut metagenome
ERR3160322	SAMEA5357456	MB56_1	human gut metagenome	MB56_1_1	WGS	SINGLE	AB 5500xl Genetic Analyzer	2671284	93494940	human gut metagenome
ERR3160325	SAMEA5357456	MB56_1	human gut metagenome	MB56_1_4	WGS	SINGLE	AB 5500xl Genetic Analyzer	4268395	149393825	human gut metagenome
ERR3160328	SAMEA5357457	MB57_1	human gut metagenome	MB57_1_1	WGS	SINGLE	AB 5500xl Genetic Analyzer	6435640	225247400	human gut metagenome
ERR3160335	SAMEA5357460	MB59_2	human gut metagenome	MB59_2_1	WGS	SINGLE	AB 5500xl Genetic Analyzer	17742447	620985645	human gut metagenome
ERR3160337	SAMEA5357460	MB59_2	human gut metagenome	MB59_2_3	WGS	SINGLE	AB 5500xl Genetic Analyzer	8247986	288679510	human gut metagenome
ERR3160338	SAMEA5357460	MB59_2	human gut metagenome	MB59_2_4	WGS	SINGLE	AB 5500xl Genetic Analyzer	25136955	879793425	human gut metagenome
ERR3160340	SAMEA5357461	MB59_3	human gut metagenome	MB59_3_2	WGS	SINGLE	AB 5500xl Genetic Analyzer	14293675	500278625	human gut metagenome
ERR3160348	SAMEA5357463	MB60_2	human gut metagenome	MB60_2_3	WGS	SINGLE	AB 5500xl Genetic Analyzer	2863914	100236990	human gut metagenome
ERR3160351	SAMEA5357464	MB60_3	human gut metagenome	MB60_3_2	WGS	SINGLE	AB 5500xl Genetic Analyzer	15113440	528970400	human gut metagenome
ERR3160360	SAMEA5357466	MB61_2	human gut metagenome	MB61_2_5	WGS	SINGLE	AB 5500xl Genetic Analyzer	24250015	848750525	human gut metagenome
ERR3160361	SAMEA5357467	MB61_3	human gut metagenome	MB61_3_1	WGS	SINGLE	AB 5500xl Genetic Analyzer	19177357	671207495	human gut metagenome
ERR3160365	SAMEA5357468	MB62_1	human gut metagenome	MB62_1_2	WGS	SINGLE	AB 5500xl Genetic Analyzer	24758274	866539590	human gut metagenome
ERR3160369	SAMEA5357469	MB62_2	human gut metagenome	MB62_2_4	WGS	SINGLE	AB 5500xl Genetic Analyzer	43021476	1505751660	human gut metagenome
ERR3160370	SAMEA5357470	MB63_1	human gut metagenome	MB63_1_1	WGS	SINGLE	AB 5500xl Genetic Analyzer	27111800	948913000	human gut metagenome
ERR3160375	SAMEA5357472	MB65_1	human gut metagenome	MB65_1_1	WGS	SINGLE	AB 5500xl Genetic Analyzer	7036761	246286635	human gut metagenome
ERR3160387	SAMEA5357476	MB69_1	human gut metagenome	MB69_1_1	WGS	SINGLE	AB 5500xl Genetic Analyzer	12441	435435	human gut metagenome
ERR3160391	SAMEA5357477	MB70_1	human gut metagenome	MB70_1_1	WGS	SINGLE	AB 5500xl Genetic Analyzer	9256144	323965040	human gut metagenome
ERR3160399	SAMEA5357478	MB71_1	human gut metagenome	MB71_1_3	WGS	SINGLE	AB 5500xl Genetic Analyzer	14846030	519611050	human gut metagenome
ERR3160412	SAMEA5357483	MB76_1	human gut metagenome	MB76_1_1	WGS	SINGLE	AB 5500xl Genetic Analyzer	42911990	1501919650	human gut metagenome
ERR3160421	SAMEA5357487	MB80_1	human gut metagenome	MB80_1_2	WGS	SINGLE	AB 5500xl Genetic Analyzer	51081983	1787869405	human gut metagenome
ERR3160423	SAMEA5357488	MB81_1	human gut metagenome	MB81_1_2	WGS	SINGLE	AB 5500xl Genetic Analyzer	31642894	1107501290	human gut metagenome
ERR3159567	SAMEA5357222	002_0005_H_V	human gut metagenome	002_0005_H_V_1	WGS	SINGLE	AB 5500xl Genetic Analyzer	34265586	1199295510	human gut metagenome
ERR3159576	SAMEA5357226	002_0009_L_C	human gut metagenome	002_0009_L_C_2	WGS	SINGLE	AB 5500xl Genetic Analyzer	34879413	1220779455	human gut metagenome
ERR3159579	SAMEA5357227	002_0010_T_M	human gut metagenome	002_0010_T_M_3	WGS	SINGLE	AB 5500xl Genetic Analyzer	3873637	135577295	human gut metagenome
ERR3159583	SAMEA5357229	002_0012_R_S	human gut metagenome	002_0012_R_S_2	WGS	SINGLE	AB 5500xl Genetic Analyzer	46791609	1637706315	human gut metagenome
ERR3159587	SAMEA5357231	002_0020_P_V	human gut metagenome	002_0020_P_V_1	WGS	SINGLE	AB 5500xl Genetic Analyzer	50337248	1761803680	human gut metagenome
ERR3159592	SAMEA5357233	002_0023_T_A	human gut metagenome	002_0023_T_A_2	WGS	SINGLE	AB 5500xl Genetic Analyzer	23174574	811110090	human gut metagenome
ERR3159599	SAMEA5357236	002_0029_D_A	human gut metagenome	002_0029_D_A_2	WGS	SINGLE	AB 5500xl Genetic Analyzer	10518798	368157930	human gut metagenome
ERR3159600	SAMEA5357237	Atox105_0	human gut metagenome	Atox105_0_1	WGS	SINGLE	AB 5500xl Genetic Analyzer	11264587	394260545	human gut metagenome
ERR3159603	SAMEA5357238	Atox105_3	human gut metagenome	Atox105_3_1	WGS	SINGLE	AB 5500xl Genetic Analyzer	12224445	427855575	human gut metagenome
ERR3159606	SAMEA5357239	Atox105_5Y	human gut metagenome	Atox105_5Y_1	WGS	SINGLE	AB 5500xl Genetic Analyzer	40906901	1431741535	human gut metagenome
ERR3159608	SAMEA5357240	Atox108_0	human gut metagenome	Atox108_0_1	WGS	SINGLE	AB 5500xl Genetic Analyzer	16822394	588783790	human gut metagenome
ERR3159611	SAMEA5357241	Atox108_3	human gut metagenome	Atox108_3_1	WGS	SINGLE	AB 5500xl Genetic Analyzer	48863244	1710213540	human gut metagenome
ERR3159618	SAMEA5357243	Atox112_0	human gut metagenome	Atox112_0_3	WGS	SINGLE	AB 5500xl Genetic Analyzer	60479956	2116798460	human gut metagenome
ERR3159621	SAMEA5357245	Atox112_5Y	human gut metagenome	Atox112_5Y_1	WGS	SINGLE	AB 5500xl Genetic Analyzer	48499051	1697466785	human gut metagenome
ERR3159622	SAMEA5357245	Atox112_5Y	human gut metagenome	Atox112_5Y_2	WGS	SINGLE	AB 5500xl Genetic Analyzer	47028023	1645980805	human gut metagenome
ERR3159624	SAMEA5357246	Atox121_0	human gut metagenome	Atox121_0_2	WGS	SINGLE	AB 5500xl Genetic Analyzer	46832461	1639136135	human gut metagenome
ERR3159627	SAMEA5357248	Atox121_5Y	human gut metagenome	Atox121_5Y_1	WGS	SINGLE	AB 5500xl Genetic Analyzer	25635025	897225875	human gut metagenome
ERR3159630	SAMEA5357249	Atox124_0	human gut metagenome	Atox124_0_2	WGS	SINGLE	AB 5500xl Genetic Analyzer	36001846	1260064610	human gut metagenome
ERR3159633	SAMEA5357250	Atox124_5Y	human gut metagenome	Atox124_5Y_3	WGS	SINGLE	AB 5500xl Genetic Analyzer	18536914	648791990	human gut metagenome
ERR3159634	SAMEA5357251	Atox124_6	human gut metagenome	Atox124_6_1	WGS	SINGLE	AB 5500xl Genetic Analyzer	46339188	1621871580	human gut metagenome
ERR3159636	SAMEA5357252	Atox127_0	human gut metagenome	Atox127_0_1	WGS	SINGLE	AB 5500xl Genetic Analyzer	52387305	1833555675	human gut metagenome
ERR3159637	SAMEA5357252	Atox127_0	human gut metagenome	Atox127_0_2	WGS	SINGLE	AB 5500xl Genetic Analyzer	52408272	1834289520	human gut metagenome
ERR3159646	SAMEA5357257	Atox132_5Y	human gut metagenome	Atox132_5Y_1	WGS	SINGLE	AB 5500xl Genetic Analyzer	47431511	1660102885	human gut metagenome
ERR3159650	SAMEA5357259	Atox134_3	human gut metagenome	Atox134_3_1	WGS	SINGLE	AB 5500xl Genetic Analyzer	76993001	2694755035	human gut metagenome
ERR3159651	SAMEA5357259	Atox134_3	human gut metagenome	Atox134_3_2	WGS	SINGLE	AB 5500xl Genetic Analyzer	77546557	2714129495	human gut metagenome
ERR3159655	SAMEA5357261	Atox138_0	human gut metagenome	Atox138_0_2	WGS	SINGLE	AB 5500xl Genetic Analyzer	74752637	2616342295	human gut metagenome
ERR3159668	SAMEA5357267	Atox21_1	human gut metagenome	Atox21_1_1	WGS	SINGLE	AB 5500xl Genetic Analyzer	18011760	630411600	human gut metagenome
ERR3159669	SAMEA5357267	Atox21_1	human gut metagenome	Atox21_1_2	WGS	SINGLE	AB 5500xl Genetic Analyzer	16332860	571650100	human gut metagenome
ERR3159692	SAMEA5357276	Atox8_1	human gut metagenome	Atox8_1_4	WGS	SINGLE	AB 5500xl Genetic Analyzer	34418389	1204643615	human gut metagenome
ERR3159699	SAMEA5357279	LG_T1002	human gut metagenome	LG_T1002_3	WGS	SINGLE	AB 5500xl Genetic Analyzer	36611051	1281386785	human gut metagenome
ERR3159705	SAMEA5357281	LG_T1004	human gut metagenome	LG_T1004_3	WGS	SINGLE	AB 5500xl Genetic Analyzer	7438494	260347290	human gut metagenome
ERR3159713	SAMEA5357284	LG_T1007	human gut metagenome	LG_T1007_2	WGS	SINGLE	AB 5500xl Genetic Analyzer	12555430	439440050	human gut metagenome
ERR3159714	SAMEA5357284	LG_T1007	human gut metagenome	LG_T1007_3	WGS	SINGLE	AB 5500xl Genetic Analyzer	4795904	167856640	human gut metagenome
ERR3159721	SAMEA5357287	LG_T1010	human gut metagenome	LG_T1010_2	WGS	SINGLE	AB 5500xl Genetic Analyzer	35634402	1247204070	human gut metagenome
ERR3159724	SAMEA5357289	LG_T1012	human gut metagenome	LG_T1012_1	WGS	SINGLE	AB 5500xl Genetic Analyzer	22531538	788603830	human gut metagenome
ERR3159732	SAMEA5357291	LG_T1014	human gut metagenome	LG_T1014_5	WGS	SINGLE	AB 5500xl Genetic Analyzer	3514277	122999695	human gut metagenome
ERR3159733	SAMEA5357292	LG_T1016	human gut metagenome	LG_T1016_1	WGS	SINGLE	AB 5500xl Genetic Analyzer	22015323	770536305	human gut metagenome
ERR3159737	SAMEA5357293	LG_T1018	human gut metagenome	LG_T1018_2	WGS	SINGLE	AB 5500xl Genetic Analyzer	24182221	846377735	human gut metagenome
ERR3159747	SAMEA5357297	LeakyGutOB003	human gut metagenome	LeakyGutOB003_2	WGS	SINGLE	AB 5500xl Genetic Analyzer	39602890	1386101150	human gut metagenome
ERR3159748	SAMEA5357298	LeakyGutOB004	human gut metagenome	LeakyGutOB004_1	WGS	SINGLE	AB 5500xl Genetic Analyzer	43336709	1516784815	human gut metagenome
ERR3159752	SAMEA5357299	LeakyGutOB005	human gut metagenome	LeakyGutOB005_3	WGS	SINGLE	AB 5500xl Genetic Analyzer	16344706	572064710	human gut metagenome
ERR3159756	SAMEA5357300	LeakyGutOB006	human gut metagenome	LeakyGutOB006_2	WGS	SINGLE	AB 5500xl Genetic Analyzer	9652007	337820245	human gut metagenome
ERR3159758	SAMEA5357300	LeakyGutOB006	human gut metagenome	LeakyGutOB006_4	WGS	SINGLE	AB 5500xl Genetic Analyzer	21780241	762308435	human gut metagenome
ERR3159762	SAMEA5357302	LeakyGutOB008	human gut metagenome	LeakyGutOB008_1	WGS	SINGLE	AB 5500xl Genetic Analyzer	43604772	1526167020	human gut metagenome
ERR3159774	SAMEA5357306	LeakyGutOB012	human gut metagenome	LeakyGutOB012_2	WGS	SINGLE	AB 5500xl Genetic Analyzer	5851963	204818705	human gut metagenome
ERR3159776	SAMEA5357306	LeakyGutOB012	human gut metagenome	LeakyGutOB012_4	WGS	SINGLE	AB 5500xl Genetic Analyzer	24753555	866374425	human gut metagenome
ERR3159783	SAMEA5357309	LeakyGutOB016	human gut metagenome	LeakyGutOB016_1	WGS	SINGLE	AB 5500xl Genetic Analyzer	29157846	1020524610	human gut metagenome
ERR3159784	SAMEA5357309	LeakyGutOB016	human gut metagenome	LeakyGutOB016_2	WGS	SINGLE	AB 5500xl Genetic Analyzer	7597606	265916210	human gut metagenome
ERR3159792	SAMEA5357312	LeakyGutOB019	human gut metagenome	LeakyGutOB019_3	WGS	SINGLE	AB 5500xl Genetic Analyzer	15271090	534488150	human gut metagenome
ERR3159793	SAMEA5357313	LeakyGutOB020	human gut metagenome	LeakyGutOB020_1	WGS	SINGLE	AB 5500xl Genetic Analyzer	45207611	1582266385	human gut metagenome
ERR3159794	SAMEA5357313	LeakyGutOB020	human gut metagenome	LeakyGutOB020_2	WGS	SINGLE	AB 5500xl Genetic Analyzer	39999789	1399992615	human gut metagenome
ERR3159802	SAMEA5357316	MB01_2	human gut metagenome	MB01_2_1	WGS	SINGLE	AB 5500xl Genetic Analyzer	9430337	330061795	human gut metagenome
ERR3159808	SAMEA5357317	MB01_3	human gut metagenome	MB01_3_3	WGS	SINGLE	AB 5500xl Genetic Analyzer	11660505	408117675	human gut metagenome
ERR3159815	SAMEA5357319	MB02_2	human gut metagenome	MB02_2_3	WGS	SINGLE	AB 5500xl Genetic Analyzer	44356642	1552482470	human gut metagenome
ERR3159818	SAMEA5357320	MB04_1	human gut metagenome	MB04_1_3	WGS	SINGLE	AB 5500xl Genetic Analyzer	61261343	2144147005	human gut metagenome
ERR3159823	SAMEA5357322	MB04_3	human gut metagenome	MB04_3_1	WGS	SINGLE	AB 5500xl Genetic Analyzer	14902372	521583020	human gut metagenome
ERR3159833	SAMEA5357324	MB05_1	human gut metagenome	MB05_1_4	WGS	SINGLE	AB 5500xl Genetic Analyzer	8879983	310799405	human gut metagenome
ERR3159838	SAMEA5357326	MB05_3	human gut metagenome	MB05_3_1	WGS	SINGLE	AB 5500xl Genetic Analyzer	38687418	1354059630	human gut metagenome
ERR3159846	SAMEA5357329	MB07_2	human gut metagenome	MB07_2_2	WGS	SINGLE	AB 5500xl Genetic Analyzer	4751771	237588550	human gut metagenome
ERR3159850	SAMEA5357329	MB07_2	human gut metagenome	MB07_2_6	WGS	SINGLE	AB 5500xl Genetic Analyzer	4130264	206513200	human gut metagenome
ERR3159852	SAMEA5357330	MB07_3	human gut metagenome	MB07_3_2	WGS	SINGLE	AB 5500xl Genetic Analyzer	4915487	245774350	human gut metagenome
ERR3159855	SAMEA5357330	MB07_3	human gut metagenome	MB07_3_5	WGS	SINGLE	AB 5500xl Genetic Analyzer	2520671	126033550	human gut metagenome
ERR3159857	SAMEA5357331	MB07_4	human gut metagenome	MB07_4_1	WGS	SINGLE	AB 5500xl Genetic Analyzer	11725310	586265500	human gut metagenome
ERR3159858	SAMEA5357331	MB07_4	human gut metagenome	MB07_4_2	WGS	SINGLE	AB 5500xl Genetic Analyzer	4030534	201526700	human gut metagenome
ERR3159861	SAMEA5357331	MB07_4	human gut metagenome	MB07_4_5	WGS	SINGLE	AB 5500xl Genetic Analyzer	2609821	130491050	human gut metagenome
ERR3159864	SAMEA5357332	MB07_5	human gut metagenome	MB07_5_2	WGS	SINGLE	AB 5500xl Genetic Analyzer	5487695	274384750	human gut metagenome
ERR3159873	SAMEA5357334	MB08_2	human gut metagenome	MB08_2_2	WGS	SINGLE	AB 5500xl Genetic Analyzer	27970113	978953955	human gut metagenome
ERR3159877	SAMEA5357336	MB10_2	human gut metagenome	MB10_2_1	WGS	SINGLE	AB 5500xl Genetic Analyzer	15812793	790639650	human gut metagenome
ERR3159878	SAMEA5357336	MB10_2	human gut metagenome	MB10_2_2	WGS	SINGLE	AB 5500xl Genetic Analyzer	5378689	268934450	human gut metagenome
ERR3159886	SAMEA5357337	MB10_3	human gut metagenome	MB10_3_4	WGS	SINGLE	AB 5500xl Genetic Analyzer	10250886	512544300	human gut metagenome
ERR3159890	SAMEA5357338	MB10_4	human gut metagenome	MB10_4_2	WGS	SINGLE	AB 5500xl Genetic Analyzer	4546860	227343000	human gut metagenome
ERR3159893	SAMEA5357338	MB10_4	human gut metagenome	MB10_4_5	WGS	SINGLE	AB 5500xl Genetic Analyzer	4268578	213428900	human gut metagenome
ERR3159894	SAMEA5357338	MB10_4	human gut metagenome	MB10_4_6	WGS	SINGLE	AB 5500xl Genetic Analyzer	2307257	115362850	human gut metagenome
ERR3159897	SAMEA5357340	MB12_2	human gut metagenome	MB12_2_1	WGS	SINGLE	AB 5500xl Genetic Analyzer	24820551	868719285	human gut metagenome
ERR3159901	SAMEA5357341	MB12_3	human gut metagenome	MB12_3_3	WGS	SINGLE	AB 5500xl Genetic Analyzer	17936411	627774385	human gut metagenome
ERR3159905	SAMEA5357342	MB12_4	human gut metagenome	MB12_4_4	WGS	SINGLE	AB 5500xl Genetic Analyzer	11347840	397174400	human gut metagenome
ERR3159911	SAMEA5357345	MB14_3	human gut metagenome	MB14_3_1	WGS	SINGLE	AB 5500xl Genetic Analyzer	23773522	832073270	human gut metagenome
ERR3159923	SAMEA5357350	MB16_2	human gut metagenome	MB16_2_1	WGS	SINGLE	AB 5500xl Genetic Analyzer	37120439	1299215365	human gut metagenome
ERR3159927	SAMEA5357352	MB16_4	human gut metagenome	MB16_4_1	WGS	SINGLE	AB 5500xl Genetic Analyzer	44105625	1543696875	human gut metagenome
ERR3159929	SAMEA5357353	MB17_1	human gut metagenome	MB17_1_1	WGS	SINGLE	AB 5500xl Genetic Analyzer	35650088	1247753080	human gut metagenome
ERR3159930	SAMEA5357353	MB17_1	human gut metagenome	MB17_1_2	WGS	SINGLE	AB 5500xl Genetic Analyzer	26687196	934051860	human gut metagenome
ERR3159944	SAMEA5357360	MB21_2	human gut metagenome	MB21_2_1	WGS	SINGLE	AB 5500xl Genetic Analyzer	24584042	860441470	human gut metagenome
ERR3159957	SAMEA5357364	MB22_3	human gut metagenome	MB22_3_2	WGS	SINGLE	AB 5500xl Genetic Analyzer	27655689	967949115	human gut metagenome
ERR3159963	SAMEA5357366	MB23_1	human gut metagenome	MB23_1_2	WGS	SINGLE	AB 5500xl Genetic Analyzer	44053451	1541870785	human gut metagenome
ERR3159973	SAMEA5357370	MB26_1	human gut metagenome	MB26_1_4	WGS	SINGLE	AB 5500xl Genetic Analyzer	10154087	507704350	human gut metagenome
ERR3159974	SAMEA5357370	MB26_1	human gut metagenome	MB26_1_5	WGS	SINGLE	AB 5500xl Genetic Analyzer	4024733	201236650	human gut metagenome
ERR3159984	SAMEA5357372	MB26_3	human gut metagenome	MB26_3_3	WGS	SINGLE	AB 5500xl Genetic Analyzer	4102362	205118100	human gut metagenome
ERR3159987	SAMEA5357372	MB26_3	human gut metagenome	MB26_3_6	WGS	SINGLE	AB 5500xl Genetic Analyzer	2505137	125256850	human gut metagenome
ERR3159988	SAMEA5357373	MB26_4	human gut metagenome	MB26_4_1	WGS	SINGLE	AB 5500xl Genetic Analyzer	7579031	265266085	human gut metagenome
ERR3159994	SAMEA5357374	MB27_1	human gut metagenome	MB27_1_2	WGS	SINGLE	AB 5500xl Genetic Analyzer	12969608	453936280	human gut metagenome
ERR3159999	SAMEA5357375	MB27_2	human gut metagenome	MB27_2_3	WGS	SINGLE	AB 5500xl Genetic Analyzer	5507412	192759420	human gut metagenome
ERR3160003	SAMEA5357376	MB27_3	human gut metagenome	MB27_3_4	WGS	SINGLE	AB 5500xl Genetic Analyzer	77933561	2727674635	human gut metagenome
ERR3160004	SAMEA5357377	MB27_4	human gut metagenome	MB27_4_1	WGS	SINGLE	AB 5500xl Genetic Analyzer	21226001	742910035	human gut metagenome
ERR3160010	SAMEA5357379	MB29_1	human gut metagenome	MB29_1_3	WGS	SINGLE	AB 5500xl Genetic Analyzer	22950530	803268550	human gut metagenome
ERR3160015	SAMEA5357381	MB29_3	human gut metagenome	MB29_3_2	WGS	SINGLE	AB 5500xl Genetic Analyzer	22652086	792823010	human gut metagenome
ERR3160018	SAMEA5357382	MB29_4	human gut metagenome	MB29_4_2	WGS	SINGLE	AB 5500xl Genetic Analyzer	65211768	2282411880	human gut metagenome
ERR3160019	SAMEA5357383	MB30_1	human gut metagenome	MB30_1_1	WGS	SINGLE	AB 5500xl Genetic Analyzer	66524378	2328353230	human gut metagenome
ERR3160026	SAMEA5357385	MB31_1	human gut metagenome	MB31_1_1	WGS	SINGLE	AB 5500xl Genetic Analyzer	17548156	614185460	human gut metagenome
ERR3160027	SAMEA5357385	MB31_1	human gut metagenome	MB31_1_2	WGS	SINGLE	AB 5500xl Genetic Analyzer	14889965	521148775	human gut metagenome
ERR3160029	SAMEA5357385	MB31_1	human gut metagenome	MB31_1_4	WGS	SINGLE	AB 5500xl Genetic Analyzer	14709286	514825010	human gut metagenome
ERR3160035	SAMEA5357386	MB32_1	human gut metagenome	MB32_1_6	WGS	SINGLE	AB 5500xl Genetic Analyzer	1415889	70794450	human gut metagenome
ERR3160040	SAMEA5357387	MB32_2	human gut metagenome	MB32_2_5	WGS	SINGLE	AB 5500xl Genetic Analyzer	4402568	220128400	human gut metagenome
ERR3160041	SAMEA5357387	MB32_2	human gut metagenome	MB32_2_6	WGS	SINGLE	AB 5500xl Genetic Analyzer	2468236	123411800	human gut metagenome
ERR3160043	SAMEA5357388	MB32_3	human gut metagenome	MB32_3_2	WGS	SINGLE	AB 5500xl Genetic Analyzer	3231305	161565250	human gut metagenome
ERR3160049	SAMEA5357389	MB32_4	human gut metagenome	MB32_4_2	WGS	SINGLE	AB 5500xl Genetic Analyzer	24159357	845577495	human gut metagenome
ERR3160050	SAMEA5357390	MB33_1	human gut metagenome	MB33_1_1	WGS	SINGLE	AB 5500xl Genetic Analyzer	13325866	466405310	human gut metagenome
ERR3160054	SAMEA5357390	MB33_1	human gut metagenome	MB33_1_5	WGS	SINGLE	AB 5500xl Genetic Analyzer	8943549	313024215	human gut metagenome
ERR3160056	SAMEA5357390	MB33_1	human gut metagenome	MB33_1_7	WGS	SINGLE	AB 5500xl Genetic Analyzer	8542037	298971295	human gut metagenome
ERR3160065	SAMEA5357394	MB34_1	human gut metagenome	MB34_1_2	WGS	SINGLE	AB 5500xl Genetic Analyzer	21218808	742658280	human gut metagenome
ERR3160066	SAMEA5357395	MB35_1	human gut metagenome	MB35_1_1	WGS	SINGLE	AB 5500xl Genetic Analyzer	18465925	923296250	human gut metagenome
ERR3160076	SAMEA5357396	MB35_2	human gut metagenome	MB35_2_5	WGS	SINGLE	AB 5500xl Genetic Analyzer	2430824	121541200	human gut metagenome
ERR3160092	SAMEA5357400	MB37_2	human gut metagenome	MB37_2_1	WGS	SINGLE	AB 5500xl Genetic Analyzer	15401666	770083300	human gut metagenome
ERR3160098	SAMEA5357401	MB37_3	human gut metagenome	MB37_3_1	WGS	SINGLE	AB 5500xl Genetic Analyzer	3665891	183294550	human gut metagenome
ERR3160108	SAMEA5357402	MB37_4	human gut metagenome	MB37_4_5	WGS	SINGLE	AB 5500xl Genetic Analyzer	4026305	140920675	human gut metagenome
ERR3160109	SAMEA5357402	MB37_4	human gut metagenome	MB37_4_6	WGS	SINGLE	AB 5500xl Genetic Analyzer	3823694	133829290	human gut metagenome
ERR3160115	SAMEA5357403	MB39_1	human gut metagenome	MB39_1_6	WGS	SINGLE	AB 5500xl Genetic Analyzer	1947618	97380900	human gut metagenome
ERR3160122	SAMEA5357405	MB39_3	human gut metagenome	MB39_3_1	WGS	SINGLE	AB 5500xl Genetic Analyzer	18808812	940440600	human gut metagenome
ERR3160132	SAMEA5357407	MB40_1	human gut metagenome	MB40_1_1	WGS	SINGLE	AB 5500xl Genetic Analyzer	2546544	89129040	human gut metagenome
ERR3160137	SAMEA5357407	MB40_1	human gut metagenome	MB40_1_6	WGS	SINGLE	AB 5500xl Genetic Analyzer	14112754	493946390	human gut metagenome
ERR3160142	SAMEA5357408	MB41_1	human gut metagenome	MB41_1_5	WGS	SINGLE	AB 5500xl Genetic Analyzer	5754343	287717150	human gut metagenome
ERR3160147	SAMEA5357409	MB41_2	human gut metagenome	MB41_2_4	WGS	SINGLE	AB 5500xl Genetic Analyzer	12295840	614792000	human gut metagenome
ERR3160150	SAMEA5357410	MB41_3	human gut metagenome	MB41_3_1	WGS	SINGLE	AB 5500xl Genetic Analyzer	13568242	474888470	human gut metagenome
ERR3160155	SAMEA5357410	MB41_3	human gut metagenome	MB41_3_6	WGS	SINGLE	AB 5500xl Genetic Analyzer	8597411	300909385	human gut metagenome
ERR3160156	SAMEA5357411	MB42_1	human gut metagenome	MB42_1_1	WGS	SINGLE	AB 5500xl Genetic Analyzer	11822949	413803215	human gut metagenome
ERR3160158	SAMEA5357411	MB42_1	human gut metagenome	MB42_1_3	WGS	SINGLE	AB 5500xl Genetic Analyzer	7738182	270836370	human gut metagenome
ERR3160169	SAMEA5357413	MB42_3	human gut metagenome	MB42_3_3	WGS	SINGLE	AB 5500xl Genetic Analyzer	50000112	1750003920	human gut metagenome
ERR3160172	SAMEA5357414	MB42_4	human gut metagenome	MB42_4_3	WGS	SINGLE	AB 5500xl Genetic Analyzer	29972953	1049053355	human gut metagenome
ERR3160173	SAMEA5357414	MB42_4	human gut metagenome	MB42_4_4	WGS	SINGLE	AB 5500xl Genetic Analyzer	29159663	1020588205	human gut metagenome
ERR3160178	SAMEA5357417	MB43_3	human gut metagenome	MB43_3_2	WGS	SINGLE	AB 5500xl Genetic Analyzer	18804885	658170975	human gut metagenome
ERR3160180	SAMEA5357418	MB43_4	human gut metagenome	MB43_4_1	WGS	SINGLE	AB 5500xl Genetic Analyzer	1550630	54272050	human gut metagenome
ERR3160182	SAMEA5357418	MB43_4	human gut metagenome	MB43_4_3	WGS	SINGLE	AB 5500xl Genetic Analyzer	24784634	867462190	human gut metagenome
ERR3160192	SAMEA5357422	MB44_4	human gut metagenome	MB44_4_1	WGS	SINGLE	AB 5500xl Genetic Analyzer	13877237	485703295	human gut metagenome
ERR3160197	SAMEA5357423	MB45_1	human gut metagenome	MB45_1_2	WGS	SINGLE	AB 5500xl Genetic Analyzer	21805598	763195930	human gut metagenome
ERR3160211	SAMEA5357425	MB46_2	human gut metagenome	MB46_2_3	WGS	SINGLE	AB 5500xl Genetic Analyzer	12894010	451290350	human gut metagenome
ERR3160212	SAMEA5357426	MB46_3	human gut metagenome	MB46_3_1	WGS	SINGLE	AB 5500xl Genetic Analyzer	15582920	545402200	human gut metagenome
ERR3160213	SAMEA5357426	MB46_3	human gut metagenome	MB46_3_2	WGS	SINGLE	AB 5500xl Genetic Analyzer	9523149	333310215	human gut metagenome
ERR3160218	SAMEA5357427	MB46_4	human gut metagenome	MB46_4_2	WGS	SINGLE	AB 5500xl Genetic Analyzer	16697601	584416035	human gut metagenome
ERR3160221	SAMEA5357427	MB46_4	human gut metagenome	MB46_4_5	WGS	SINGLE	AB 5500xl Genetic Analyzer	959145	33570075	human gut metagenome
ERR3160225	SAMEA5357428	MB47_1	human gut metagenome	MB47_1_4	WGS	SINGLE	AB 5500xl Genetic Analyzer	78187776	2736572160	human gut metagenome
ERR3160233	SAMEA5357430	MB47_3	human gut metagenome	MB47_3_6	WGS	SINGLE	AB 5500xl Genetic Analyzer	2706456	94725960	human gut metagenome
ERR3160240	SAMEA5357433	MB48_2	human gut metagenome	MB48_2_2	WGS	SINGLE	AB 5500xl Genetic Analyzer	45821499	1603752465	human gut metagenome
ERR3160241	SAMEA5357434	MB48_3	human gut metagenome	MB48_3_1	WGS	SINGLE	AB 5500xl Genetic Analyzer	31636067	1107262345	human gut metagenome
ERR3160246	SAMEA5357435	MB48_4	human gut metagenome	MB48_4_4	WGS	SINGLE	AB 5500xl Genetic Analyzer	22597515	790913025	human gut metagenome
ERR3160248	SAMEA5357436	MB50_1	human gut metagenome	MB50_1_2	WGS	SINGLE	AB 5500xl Genetic Analyzer	18883423	660919805	human gut metagenome
ERR3160249	SAMEA5357436	MB50_1	human gut metagenome	MB50_1_3	WGS	SINGLE	AB 5500xl Genetic Analyzer	2138312	74840920	human gut metagenome
ERR3160252	SAMEA5357437	MB50_2	human gut metagenome	MB50_2_1	WGS	SINGLE	AB 5500xl Genetic Analyzer	11472353	401532355	human gut metagenome
ERR3160253	SAMEA5357437	MB50_2	human gut metagenome	MB50_2_2	WGS	SINGLE	AB 5500xl Genetic Analyzer	11022252	385778820	human gut metagenome
ERR3160258	SAMEA5357438	MB50_3	human gut metagenome	MB50_3_2	WGS	SINGLE	AB 5500xl Genetic Analyzer	34806890	1218241150	human gut metagenome
ERR3160260	SAMEA5357440	MB51_1	human gut metagenome	MB51_1_1	WGS	SINGLE	AB 5500xl Genetic Analyzer	28458574	996050090	human gut metagenome
ERR3160269	SAMEA5357443	MB51_4	human gut metagenome	MB51_4_1	WGS	SINGLE	AB 5500xl Genetic Analyzer	16464765	576266775	human gut metagenome
ERR3160280	SAMEA5357447	MB52_4	human gut metagenome	MB52_4_1	WGS	SINGLE	AB 5500xl Genetic Analyzer	5487462	192061170	human gut metagenome
ERR3160283	SAMEA5357447	MB52_4	human gut metagenome	MB52_4_4	WGS	SINGLE	AB 5500xl Genetic Analyzer	8786525	307528375	human gut metagenome
ERR3160284	SAMEA5357448	MB53_1	human gut metagenome	MB53_1_1	WGS	SINGLE	AB 5500xl Genetic Analyzer	684503	23957605	human gut metagenome
ERR3160298	SAMEA5357450	MB54_2	human gut metagenome	MB54_2_4	WGS	SINGLE	AB 5500xl Genetic Analyzer	10557379	369508265	human gut metagenome
ERR3160310	SAMEA5357453	MB55_1	human gut metagenome	MB55_1_2	WGS	SINGLE	AB 5500xl Genetic Analyzer	5926227	207417945	human gut metagenome
ERR3160311	SAMEA5357453	MB55_1	human gut metagenome	MB55_1_3	WGS	SINGLE	AB 5500xl Genetic Analyzer	10242913	358501955	human gut metagenome
ERR3160312	SAMEA5357453	MB55_1	human gut metagenome	MB55_1_4	WGS	SINGLE	AB 5500xl Genetic Analyzer	16891825	591213875	human gut metagenome
ERR3160319	SAMEA5357455	MB55_3	human gut metagenome	MB55_3_4	WGS	SINGLE	AB 5500xl Genetic Analyzer	2484117	86944095	human gut metagenome
ERR3160324	SAMEA5357456	MB56_1	human gut metagenome	MB56_1_3	WGS	SINGLE	AB 5500xl Genetic Analyzer	2054511	71907885	human gut metagenome
ERR3160327	SAMEA5357456	MB56_1	human gut metagenome	MB56_1_6	WGS	SINGLE	AB 5500xl Genetic Analyzer	12526747	438436145	human gut metagenome
ERR3160343	SAMEA5357462	MB60_1	human gut metagenome	MB60_1_1	WGS	SINGLE	AB 5500xl Genetic Analyzer	12786089	447513115	human gut metagenome
ERR3160345	SAMEA5357462	MB60_1	human gut metagenome	MB60_1_3	WGS	SINGLE	AB 5500xl Genetic Analyzer	4421633	154757155	human gut metagenome
ERR3160349	SAMEA5357463	MB60_2	human gut metagenome	MB60_2_4	WGS	SINGLE	AB 5500xl Genetic Analyzer	61518058	2153132030	human gut metagenome
ERR3160354	SAMEA5357465	MB61_1	human gut metagenome	MB61_1_1	WGS	SINGLE	AB 5500xl Genetic Analyzer	47173010	1651055350	human gut metagenome
ERR3160355	SAMEA5357465	MB61_1	human gut metagenome	MB61_1_2	WGS	SINGLE	AB 5500xl Genetic Analyzer	40398438	1413945330	human gut metagenome
ERR3160379	SAMEA5357472	MB65_1	human gut metagenome	MB65_1_5	WGS	SINGLE	AB 5500xl Genetic Analyzer	27926324	977421340	human gut metagenome
ERR3160380	SAMEA5357472	MB65_1	human gut metagenome	MB65_1_6	WGS	SINGLE	AB 5500xl Genetic Analyzer	24916544	872079040	human gut metagenome
ERR3160382	SAMEA5357473	MB66_1	human gut metagenome	MB66_1_2	WGS	SINGLE	AB 5500xl Genetic Analyzer	23223671	812828485	human gut metagenome
ERR3160386	SAMEA5357475	MB68_1	human gut metagenome	MB68_1_2	WGS	SINGLE	AB 5500xl Genetic Analyzer	32192709	1126744815	human gut metagenome
ERR3160388	SAMEA5357476	MB69_1	human gut metagenome	MB69_1_2	WGS	SINGLE	AB 5500xl Genetic Analyzer	18714265	654999275	human gut metagenome
ERR3160398	SAMEA5357478	MB71_1	human gut metagenome	MB71_1_2	WGS	SINGLE	AB 5500xl Genetic Analyzer	18552847	649349645	human gut metagenome
ERR3160409	SAMEA5357481	MB74_1	human gut metagenome	MB74_1_4	WGS	SINGLE	AB 5500xl Genetic Analyzer	4781990	167369650	human gut metagenome
ERR3160415	SAMEA5357484	MB77_1	human gut metagenome	MB77_1_2	WGS	SINGLE	AB 5500xl Genetic Analyzer	27362651	957692785	human gut metagenome
ERR3160416	SAMEA5357485	MB78_1	human gut metagenome	MB78_1_1	WGS	SINGLE	AB 5500xl Genetic Analyzer	27499253	962473855	human gut metagenome
ERR3160419	SAMEA5357486	MB79_1	human gut metagenome	MB79_1_2	WGS	SINGLE	AB 5500xl Genetic Analyzer	58665094	2053278290	human gut metagenome
