run_accession	sample_accession	sample_alias	sample_title	library_name	library_strategy	library_layout	instrument_model	read_count	base_count	scientific_name
ERR14216208	SAMEA117633233	T23.2N.A12	T23.2N.A12_WES		WXS	SINGLE	Illumina HiSeq 4000	168569244	25285386600	Homo sapiens
ERR14216211	SAMEA117633236	T23.2T.A6	T23.2T.A6_WES		WXS	SINGLE	Illumina HiSeq 4000	168766180	25314927000	Homo sapiens
ERR14216214	SAMEA117633239	T23_diagnosticBlood	T23_diagnosticBlood_WES		WXS	SINGLE	Illumina HiSeq 4000	227772588	23005031388	Homo sapiens
ERR14216216	SAMEA117633241	T25.2T.C10	T25.2T.C10_WES		WXS	SINGLE	Illumina HiSeq 4000	53029334	7954400100	Homo sapiens
ERR14216217	SAMEA117633242	T25.2T.C2-A	T25.2T.C2-A_WES		WXS	SINGLE	Illumina HiSeq 4000	124983590	18747538500	Homo sapiens
ERR14216223	SAMEA117633248	T36.2T.A11	T36.2T.A11_WES		WXS	SINGLE	Illumina HiSeq 4000	60077918	9011687700	Homo sapiens
ERR14216229	SAMEA117633254	T36_diagnosticBlood	T36_diagnosticBlood_WES		WXS	SINGLE	Illumina HiSeq 4000	194846148	19679460948	Homo sapiens
ERR14232367	SAMEA117636887	ena-SAMPLE-TAB-28-01-2025-22:30:17:500-24988	TLTX25		RNA-Seq	PAIRED	NextSeq 2000	0	0	Homo sapiens
ERR14244125	SAMEA117636890	ena-SAMPLE-TAB-28-01-2025-22:30:17:500-24991	TLTX01		RNA-Seq	PAIRED	NextSeq 2000	0	0	Homo sapiens
ERR14251234	SAMEA117636884	ena-SAMPLE-TAB-28-01-2025-22:30:17:500-24985	HCC19		RNA-Seq	PAIRED	NextSeq 2000	0	0	Homo sapiens
ERR14251237	SAMEA117636885	ena-SAMPLE-TAB-28-01-2025-22:30:17:500-24986	TLTX06		RNA-Seq	PAIRED	NextSeq 2000	0	0	Homo sapiens
ERR14251241	SAMEA117636894	ena-SAMPLE-TAB-28-01-2025-22:30:17:500-24995	PDX1		RNA-Seq	PAIRED	NextSeq 2000	0	0	Homo sapiens
ERR14251247	SAMEA117636897	ena-SAMPLE-TAB-28-01-2025-22:30:17:501-24998	VP64152		RNA-Seq	PAIRED	NextSeq 2000	0	0	Homo sapiens
ERR14252074	SAMEA117636886	ena-SAMPLE-TAB-28-01-2025-22:30:17:500-24987	TLTX23		OTHER	PAIRED	NextSeq 2000	1398578	69928900	Homo sapiens
ERR14252078	SAMEA117636886	ena-SAMPLE-TAB-28-01-2025-22:30:17:500-24987	TLTX23		OTHER	PAIRED	NextSeq 2000	1585397	79269850	Homo sapiens
ERR14252089	SAMEA117636886	ena-SAMPLE-TAB-28-01-2025-22:30:17:500-24987	TLTX23		OTHER	PAIRED	NextSeq 2000	310918	15545900	Homo sapiens
ERR14252099	SAMEA117636886	ena-SAMPLE-TAB-28-01-2025-22:30:17:500-24987	TLTX23		OTHER	PAIRED	NextSeq 2000	1038987	51949350	Homo sapiens
ERR14252102	SAMEA117636886	ena-SAMPLE-TAB-28-01-2025-22:30:17:500-24987	TLTX23		OTHER	PAIRED	NextSeq 2000	716664	35833200	Homo sapiens
ERR14252149	SAMEA117636886	ena-SAMPLE-TAB-28-01-2025-22:30:17:500-24987	TLTX23		OTHER	PAIRED	NextSeq 2000	958905	47945250	Homo sapiens
ERR14252203	SAMEA117636886	ena-SAMPLE-TAB-28-01-2025-22:30:17:500-24987	TLTX23		OTHER	PAIRED	NextSeq 2000	645603	32280150	Homo sapiens
ERR14252213	SAMEA117636886	ena-SAMPLE-TAB-28-01-2025-22:30:17:500-24987	TLTX23		OTHER	PAIRED	NextSeq 2000	684263	34213150	Homo sapiens
ERR14252231	SAMEA117636886	ena-SAMPLE-TAB-28-01-2025-22:30:17:500-24987	TLTX23		OTHER	PAIRED	NextSeq 2000	1112730	55636500	Homo sapiens
ERR14252260	SAMEA117636886	ena-SAMPLE-TAB-28-01-2025-22:30:17:500-24987	TLTX23		OTHER	PAIRED	NextSeq 2000	383171	19158550	Homo sapiens
ERR14252332	SAMEA117636886	ena-SAMPLE-TAB-28-01-2025-22:30:17:500-24987	TLTX23		OTHER	PAIRED	NextSeq 2000	2157917	107895850	Homo sapiens
ERR14252333	SAMEA117636886	ena-SAMPLE-TAB-28-01-2025-22:30:17:500-24987	TLTX23		OTHER	PAIRED	NextSeq 2000	1091864	54593200	Homo sapiens
ERR14252351	SAMEA117636886	ena-SAMPLE-TAB-28-01-2025-22:30:17:500-24987	TLTX23		OTHER	PAIRED	NextSeq 2000	778035	38901750	Homo sapiens
ERR14252385	SAMEA117636886	ena-SAMPLE-TAB-28-01-2025-22:30:17:500-24987	TLTX23		OTHER	PAIRED	NextSeq 2000	1132910	56645500	Homo sapiens
ERR14252454	SAMEA117636886	ena-SAMPLE-TAB-28-01-2025-22:30:17:500-24987	TLTX23		OTHER	PAIRED	NextSeq 2000	485816	24290800	Homo sapiens
ERR14252470	SAMEA117636886	ena-SAMPLE-TAB-28-01-2025-22:30:17:500-24987	TLTX23		OTHER	PAIRED	NextSeq 2000	1845979	92298950	Homo sapiens
ERR14252496	SAMEA117636886	ena-SAMPLE-TAB-28-01-2025-22:30:17:500-24987	TLTX23		OTHER	PAIRED	NextSeq 2000	1654368	82718400	Homo sapiens
ERR14252518	SAMEA117636886	ena-SAMPLE-TAB-28-01-2025-22:30:17:500-24987	TLTX23		OTHER	PAIRED	NextSeq 2000	481402	24070100	Homo sapiens
ERR14252552	SAMEA117636886	ena-SAMPLE-TAB-28-01-2025-22:30:17:500-24987	TLTX23		OTHER	PAIRED	NextSeq 2000	1052923	52646150	Homo sapiens
ERR14252596	SAMEA117636886	ena-SAMPLE-TAB-28-01-2025-22:30:17:500-24987	TLTX23		OTHER	PAIRED	NextSeq 2000	536744	26837200	Homo sapiens
ERR14252599	SAMEA117636886	ena-SAMPLE-TAB-28-01-2025-22:30:17:500-24987	TLTX23		OTHER	PAIRED	NextSeq 2000	1284258	64212900	Homo sapiens
ERR14252615	SAMEA117636886	ena-SAMPLE-TAB-28-01-2025-22:30:17:500-24987	TLTX23		OTHER	PAIRED	NextSeq 2000	1267417	63370850	Homo sapiens
ERR14252698	SAMEA117636886	ena-SAMPLE-TAB-28-01-2025-22:30:17:500-24987	TLTX23		OTHER	PAIRED	NextSeq 2000	1017652	50882600	Homo sapiens
ERR14252724	SAMEA117636886	ena-SAMPLE-TAB-28-01-2025-22:30:17:500-24987	TLTX23		OTHER	PAIRED	NextSeq 2000	1310584	65529200	Homo sapiens
ERR14252728	SAMEA117636886	ena-SAMPLE-TAB-28-01-2025-22:30:17:500-24987	TLTX23		OTHER	PAIRED	NextSeq 2000	1592356	79617800	Homo sapiens
ERR14252734	SAMEA117636886	ena-SAMPLE-TAB-28-01-2025-22:30:17:500-24987	TLTX23		OTHER	PAIRED	NextSeq 2000	536278	26813900	Homo sapiens
ERR14252746	SAMEA117636886	ena-SAMPLE-TAB-28-01-2025-22:30:17:500-24987	TLTX23		OTHER	PAIRED	NextSeq 2000	913785	45689250	Homo sapiens
ERR14252748	SAMEA117636886	ena-SAMPLE-TAB-28-01-2025-22:30:17:500-24987	TLTX23		OTHER	PAIRED	NextSeq 2000	474608	23730400	Homo sapiens
ERR14252751	SAMEA117636886	ena-SAMPLE-TAB-28-01-2025-22:30:17:500-24987	TLTX23		OTHER	PAIRED	NextSeq 2000	637261	31863050	Homo sapiens
ERR14252773	SAMEA117636886	ena-SAMPLE-TAB-28-01-2025-22:30:17:500-24987	TLTX23		OTHER	PAIRED	NextSeq 2000	1925866	96293300	Homo sapiens
ERR14252853	SAMEA117636886	ena-SAMPLE-TAB-28-01-2025-22:30:17:500-24987	TLTX23		OTHER	PAIRED	NextSeq 2000	1196320	59816000	Homo sapiens
ERR14252905	SAMEA117636886	ena-SAMPLE-TAB-28-01-2025-22:30:17:500-24987	TLTX23		OTHER	PAIRED	NextSeq 2000	1382738	69136900	Homo sapiens
ERR14252953	SAMEA117636886	ena-SAMPLE-TAB-28-01-2025-22:30:17:500-24987	TLTX23		OTHER	PAIRED	NextSeq 2000	1921865	96093250	Homo sapiens
ERR14252971	SAMEA117636886	ena-SAMPLE-TAB-28-01-2025-22:30:17:500-24987	TLTX23		OTHER	PAIRED	NextSeq 2000	618248	30912400	Homo sapiens
ERR14252985	SAMEA117636886	ena-SAMPLE-TAB-28-01-2025-22:30:17:500-24987	TLTX23		OTHER	PAIRED	NextSeq 2000	693148	34657400	Homo sapiens
ERR14253013	SAMEA117636886	ena-SAMPLE-TAB-28-01-2025-22:30:17:500-24987	TLTX23		OTHER	PAIRED	NextSeq 2000	841442	42072100	Homo sapiens
ERR14253026	SAMEA117636886	ena-SAMPLE-TAB-28-01-2025-22:30:17:500-24987	TLTX23		OTHER	PAIRED	NextSeq 2000	1106461	55323050	Homo sapiens
ERR14253043	SAMEA117636886	ena-SAMPLE-TAB-28-01-2025-22:30:17:500-24987	TLTX23		OTHER	PAIRED	NextSeq 2000	1594853	79742650	Homo sapiens
ERR14253049	SAMEA117636886	ena-SAMPLE-TAB-28-01-2025-22:30:17:500-24987	TLTX23		OTHER	PAIRED	NextSeq 2000	663063	33153150	Homo sapiens
ERR14253052	SAMEA117636886	ena-SAMPLE-TAB-28-01-2025-22:30:17:500-24987	TLTX23		OTHER	PAIRED	NextSeq 2000	1480336	74016800	Homo sapiens
ERR14253078	SAMEA117636886	ena-SAMPLE-TAB-28-01-2025-22:30:17:500-24987	TLTX23		OTHER	PAIRED	NextSeq 2000	2075808	103790400	Homo sapiens
ERR14253080	SAMEA117636886	ena-SAMPLE-TAB-28-01-2025-22:30:17:500-24987	TLTX23		OTHER	PAIRED	NextSeq 2000	459324	22966200	Homo sapiens
ERR14253107	SAMEA117636886	ena-SAMPLE-TAB-28-01-2025-22:30:17:500-24987	TLTX23		OTHER	PAIRED	NextSeq 2000	2304162	115208100	Homo sapiens
ERR14253135	SAMEA117636886	ena-SAMPLE-TAB-28-01-2025-22:30:17:500-24987	TLTX23		OTHER	PAIRED	NextSeq 2000	656486	32824300	Homo sapiens
ERR14253165	SAMEA117636886	ena-SAMPLE-TAB-28-01-2025-22:30:17:500-24987	TLTX23		OTHER	PAIRED	NextSeq 2000	1067540	53377000	Homo sapiens
ERR14253192	SAMEA117636886	ena-SAMPLE-TAB-28-01-2025-22:30:17:500-24987	TLTX23		OTHER	PAIRED	NextSeq 2000	1710362	85518100	Homo sapiens
ERR14253200	SAMEA117636886	ena-SAMPLE-TAB-28-01-2025-22:30:17:500-24987	TLTX23		OTHER	PAIRED	NextSeq 2000	1600616	80030800	Homo sapiens
ERR14253220	SAMEA117636886	ena-SAMPLE-TAB-28-01-2025-22:30:17:500-24987	TLTX23		OTHER	PAIRED	NextSeq 2000	1860113	93005650	Homo sapiens
ERR14253246	SAMEA117636886	ena-SAMPLE-TAB-28-01-2025-22:30:17:500-24987	TLTX23		OTHER	PAIRED	NextSeq 2000	2245254	112262700	Homo sapiens
ERR14253270	SAMEA117636886	ena-SAMPLE-TAB-28-01-2025-22:30:17:500-24987	TLTX23		OTHER	PAIRED	NextSeq 2000	647487	32374350	Homo sapiens
ERR14253353	SAMEA117636886	ena-SAMPLE-TAB-28-01-2025-22:30:17:500-24987	TLTX23		OTHER	PAIRED	NextSeq 2000	622064	31103200	Homo sapiens
ERR14253357	SAMEA117636886	ena-SAMPLE-TAB-28-01-2025-22:30:17:500-24987	TLTX23		OTHER	PAIRED	NextSeq 2000	444310	22215500	Homo sapiens
ERR14253384	SAMEA117636886	ena-SAMPLE-TAB-28-01-2025-22:30:17:500-24987	TLTX23		OTHER	PAIRED	NextSeq 2000	938619	46930950	Homo sapiens
ERR14253388	SAMEA117636886	ena-SAMPLE-TAB-28-01-2025-22:30:17:500-24987	TLTX23		OTHER	PAIRED	NextSeq 2000	1103487	55174350	Homo sapiens
ERR14253481	SAMEA117636886	ena-SAMPLE-TAB-28-01-2025-22:30:17:500-24987	TLTX23		OTHER	PAIRED	NextSeq 2000	1047432	52371600	Homo sapiens
ERR14253496	SAMEA117636886	ena-SAMPLE-TAB-28-01-2025-22:30:17:500-24987	TLTX23		OTHER	PAIRED	NextSeq 2000	807073	40353650	Homo sapiens
ERR14253530	SAMEA117636886	ena-SAMPLE-TAB-28-01-2025-22:30:17:500-24987	TLTX23		OTHER	PAIRED	NextSeq 2000	905318	45265900	Homo sapiens
ERR14253557	SAMEA117636886	ena-SAMPLE-TAB-28-01-2025-22:30:17:500-24987	TLTX23		OTHER	PAIRED	NextSeq 2000	1213111	60655550	Homo sapiens
ERR14253564	SAMEA117636886	ena-SAMPLE-TAB-28-01-2025-22:30:17:500-24987	TLTX23		OTHER	PAIRED	NextSeq 2000	1670404	83520200	Homo sapiens
ERR14253677	SAMEA117636886	ena-SAMPLE-TAB-28-01-2025-22:30:17:500-24987	TLTX23		OTHER	PAIRED	NextSeq 2000	977014	48850700	Homo sapiens
ERR14253700	SAMEA117636886	ena-SAMPLE-TAB-28-01-2025-22:30:17:500-24987	TLTX23		OTHER	PAIRED	NextSeq 2000	1781131	89056550	Homo sapiens
ERR14253717	SAMEA117636886	ena-SAMPLE-TAB-28-01-2025-22:30:17:500-24987	TLTX23		OTHER	PAIRED	NextSeq 2000	605326	30266300	Homo sapiens
ERR14253729	SAMEA117636886	ena-SAMPLE-TAB-28-01-2025-22:30:17:500-24987	TLTX23		OTHER	PAIRED	NextSeq 2000	1027710	51385500	Homo sapiens
ERR14253734	SAMEA117636886	ena-SAMPLE-TAB-28-01-2025-22:30:17:500-24987	TLTX23		OTHER	PAIRED	NextSeq 2000	2038802	101940100	Homo sapiens
ERR14253739	SAMEA117636886	ena-SAMPLE-TAB-28-01-2025-22:30:17:500-24987	TLTX23		OTHER	PAIRED	NextSeq 2000	816734	40836700	Homo sapiens
ERR14253747	SAMEA117636886	ena-SAMPLE-TAB-28-01-2025-22:30:17:500-24987	TLTX23		OTHER	PAIRED	NextSeq 2000	1400242	70012100	Homo sapiens
ERR14253789	SAMEA117636886	ena-SAMPLE-TAB-28-01-2025-22:30:17:500-24987	TLTX23		OTHER	PAIRED	NextSeq 2000	772627	38631350	Homo sapiens
ERR14253810	SAMEA117636886	ena-SAMPLE-TAB-28-01-2025-22:30:17:500-24987	TLTX23		OTHER	PAIRED	NextSeq 2000	1296482	64824100	Homo sapiens
ERR14253818	SAMEA117636886	ena-SAMPLE-TAB-28-01-2025-22:30:17:500-24987	TLTX23		OTHER	PAIRED	NextSeq 2000	1596151	79807550	Homo sapiens
ERR14253822	SAMEA117636886	ena-SAMPLE-TAB-28-01-2025-22:30:17:500-24987	TLTX23		OTHER	PAIRED	NextSeq 2000	1647030	82351500	Homo sapiens
ERR14253823	SAMEA117636886	ena-SAMPLE-TAB-28-01-2025-22:30:17:500-24987	TLTX23		OTHER	PAIRED	NextSeq 2000	1809918	90495900	Homo sapiens
ERR14253858	SAMEA117636886	ena-SAMPLE-TAB-28-01-2025-22:30:17:500-24987	TLTX23		OTHER	PAIRED	NextSeq 2000	318890	15944500	Homo sapiens
ERR14253870	SAMEA117636886	ena-SAMPLE-TAB-28-01-2025-22:30:17:500-24987	TLTX23		OTHER	PAIRED	NextSeq 2000	593648	29682400	Homo sapiens
ERR14253930	SAMEA117636886	ena-SAMPLE-TAB-28-01-2025-22:30:17:500-24987	TLTX23		OTHER	PAIRED	NextSeq 2000	655385	32769250	Homo sapiens
ERR14253956	SAMEA117636886	ena-SAMPLE-TAB-28-01-2025-22:30:17:500-24987	TLTX23		OTHER	PAIRED	NextSeq 2000	934881	46744050	Homo sapiens
ERR14253963	SAMEA117636886	ena-SAMPLE-TAB-28-01-2025-22:30:17:500-24987	TLTX23		OTHER	PAIRED	NextSeq 2000	879261	43963050	Homo sapiens
ERR14253964	SAMEA117636886	ena-SAMPLE-TAB-28-01-2025-22:30:17:500-24987	TLTX23		OTHER	PAIRED	NextSeq 2000	1593410	79670500	Homo sapiens
ERR14254006	SAMEA117636886	ena-SAMPLE-TAB-28-01-2025-22:30:17:500-24987	TLTX23		OTHER	PAIRED	NextSeq 2000	490997	24549850	Homo sapiens
ERR14254016	SAMEA117636886	ena-SAMPLE-TAB-28-01-2025-22:30:17:500-24987	TLTX23		OTHER	PAIRED	NextSeq 2000	875042	43752100	Homo sapiens
ERR14254017	SAMEA117636886	ena-SAMPLE-TAB-28-01-2025-22:30:17:500-24987	TLTX23		OTHER	PAIRED	NextSeq 2000	935380	46769000	Homo sapiens
ERR14254032	SAMEA117636886	ena-SAMPLE-TAB-28-01-2025-22:30:17:500-24987	TLTX23		OTHER	PAIRED	NextSeq 2000	531087	26554350	Homo sapiens
ERR14254033	SAMEA117636886	ena-SAMPLE-TAB-28-01-2025-22:30:17:500-24987	TLTX23		OTHER	PAIRED	NextSeq 2000	578548	28927400	Homo sapiens
ERR14254041	SAMEA117636886	ena-SAMPLE-TAB-28-01-2025-22:30:17:500-24987	TLTX23		OTHER	PAIRED	NextSeq 2000	680931	34046550	Homo sapiens
ERR14255458	SAMEA117636886	ena-SAMPLE-TAB-28-01-2025-22:30:17:500-24987	TLTX23		OTHER	PAIRED	NextSeq 2000	426697	21334850	Homo sapiens
ERR14255468	SAMEA117636886	ena-SAMPLE-TAB-28-01-2025-22:30:17:500-24987	TLTX23		OTHER	PAIRED	NextSeq 2000	1388614	69430700	Homo sapiens
ERR14255486	SAMEA117636886	ena-SAMPLE-TAB-28-01-2025-22:30:17:500-24987	TLTX23		OTHER	PAIRED	NextSeq 2000	1191972	59598600	Homo sapiens
ERR14255492	SAMEA117636886	ena-SAMPLE-TAB-28-01-2025-22:30:17:500-24987	TLTX23		OTHER	PAIRED	NextSeq 2000	629440	31472000	Homo sapiens
ERR14255496	SAMEA117636886	ena-SAMPLE-TAB-28-01-2025-22:30:17:500-24987	TLTX23		OTHER	PAIRED	NextSeq 2000	583322	29166100	Homo sapiens
ERR14255522	SAMEA117636886	ena-SAMPLE-TAB-28-01-2025-22:30:17:500-24987	TLTX23		OTHER	PAIRED	NextSeq 2000	1510919	75545950	Homo sapiens
ERR14255538	SAMEA117636886	ena-SAMPLE-TAB-28-01-2025-22:30:17:500-24987	TLTX23		OTHER	PAIRED	NextSeq 2000	550324	27516200	Homo sapiens
ERR14255557	SAMEA117636886	ena-SAMPLE-TAB-28-01-2025-22:30:17:500-24987	TLTX23		OTHER	PAIRED	NextSeq 2000	1080842	54042100	Homo sapiens
ERR14255610	SAMEA117636886	ena-SAMPLE-TAB-28-01-2025-22:30:17:500-24987	TLTX23		OTHER	PAIRED	NextSeq 2000	452404	22620200	Homo sapiens
ERR14255612	SAMEA117636886	ena-SAMPLE-TAB-28-01-2025-22:30:17:500-24987	TLTX23		OTHER	PAIRED	NextSeq 2000	1207054	60352700	Homo sapiens
ERR14255626	SAMEA117636886	ena-SAMPLE-TAB-28-01-2025-22:30:17:500-24987	TLTX23		OTHER	PAIRED	NextSeq 2000	838238	41911900	Homo sapiens
ERR14255635	SAMEA117636886	ena-SAMPLE-TAB-28-01-2025-22:30:17:500-24987	TLTX23		OTHER	PAIRED	NextSeq 2000	1060495	53024750	Homo sapiens
ERR14255648	SAMEA117636886	ena-SAMPLE-TAB-28-01-2025-22:30:17:500-24987	TLTX23		OTHER	PAIRED	NextSeq 2000	928426	46421300	Homo sapiens
ERR14255662	SAMEA117636886	ena-SAMPLE-TAB-28-01-2025-22:30:17:500-24987	TLTX23		OTHER	PAIRED	NextSeq 2000	796238	39811900	Homo sapiens
ERR14255692	SAMEA117636886	ena-SAMPLE-TAB-28-01-2025-22:30:17:500-24987	TLTX23		OTHER	PAIRED	NextSeq 2000	788022	39401100	Homo sapiens
ERR14255701	SAMEA117636886	ena-SAMPLE-TAB-28-01-2025-22:30:17:500-24987	TLTX23		OTHER	PAIRED	NextSeq 2000	520010	26000500	Homo sapiens
ERR14255717	SAMEA117636886	ena-SAMPLE-TAB-28-01-2025-22:30:17:500-24987	TLTX23		OTHER	PAIRED	NextSeq 2000	1115815	55790750	Homo sapiens
ERR14255723	SAMEA117636886	ena-SAMPLE-TAB-28-01-2025-22:30:17:500-24987	TLTX23		OTHER	PAIRED	NextSeq 2000	1008036	50401800	Homo sapiens
ERR14255786	SAMEA117636886	ena-SAMPLE-TAB-28-01-2025-22:30:17:500-24987	TLTX23		OTHER	PAIRED	NextSeq 2000	452706	22635300	Homo sapiens
ERR14255809	SAMEA117636886	ena-SAMPLE-TAB-28-01-2025-22:30:17:500-24987	TLTX23		OTHER	PAIRED	NextSeq 2000	496867	24843350	Homo sapiens
ERR14255919	SAMEA117636886	ena-SAMPLE-TAB-28-01-2025-22:30:17:500-24987	TLTX23		OTHER	PAIRED	NextSeq 2000	738470	36923500	Homo sapiens
ERR14255933	SAMEA117636886	ena-SAMPLE-TAB-28-01-2025-22:30:17:500-24987	TLTX23		OTHER	PAIRED	NextSeq 2000	470924	23546200	Homo sapiens
ERR14255980	SAMEA117636886	ena-SAMPLE-TAB-28-01-2025-22:30:17:500-24987	TLTX23		OTHER	PAIRED	NextSeq 2000	383939	19196950	Homo sapiens
ERR14256024	SAMEA117636886	ena-SAMPLE-TAB-28-01-2025-22:30:17:500-24987	TLTX23		OTHER	PAIRED	NextSeq 2000	372691	18634550	Homo sapiens
ERR14256034	SAMEA117636886	ena-SAMPLE-TAB-28-01-2025-22:30:17:500-24987	TLTX23		OTHER	PAIRED	NextSeq 2000	988691	49434550	Homo sapiens
ERR14256039	SAMEA117636886	ena-SAMPLE-TAB-28-01-2025-22:30:17:500-24987	TLTX23		OTHER	PAIRED	NextSeq 2000	1610536	80526800	Homo sapiens
ERR14256040	SAMEA117636886	ena-SAMPLE-TAB-28-01-2025-22:30:17:500-24987	TLTX23		OTHER	PAIRED	NextSeq 2000	205465	10273250	Homo sapiens
ERR14256041	SAMEA117636886	ena-SAMPLE-TAB-28-01-2025-22:30:17:500-24987	TLTX23		OTHER	PAIRED	NextSeq 2000	893856	44692800	Homo sapiens
ERR14256051	SAMEA117636886	ena-SAMPLE-TAB-28-01-2025-22:30:17:500-24987	TLTX23		OTHER	PAIRED	NextSeq 2000	949710	47485500	Homo sapiens
ERR14256068	SAMEA117636886	ena-SAMPLE-TAB-28-01-2025-22:30:17:500-24987	TLTX23		OTHER	PAIRED	NextSeq 2000	625061	31253050	Homo sapiens
ERR14256089	SAMEA117636886	ena-SAMPLE-TAB-28-01-2025-22:30:17:500-24987	TLTX23		OTHER	PAIRED	NextSeq 2000	421287	21064350	Homo sapiens
ERR14256106	SAMEA117636886	ena-SAMPLE-TAB-28-01-2025-22:30:17:500-24987	TLTX23		OTHER	PAIRED	NextSeq 2000	776267	38813350	Homo sapiens
ERR14256136	SAMEA117636886	ena-SAMPLE-TAB-28-01-2025-22:30:17:500-24987	TLTX23		OTHER	PAIRED	NextSeq 2000	644862	32243100	Homo sapiens
ERR14256157	SAMEA117636886	ena-SAMPLE-TAB-28-01-2025-22:30:17:500-24987	TLTX23		OTHER	PAIRED	NextSeq 2000	351562	17578100	Homo sapiens
ERR14256185	SAMEA117636886	ena-SAMPLE-TAB-28-01-2025-22:30:17:500-24987	TLTX23		OTHER	PAIRED	NextSeq 2000	781534	39076700	Homo sapiens
ERR14256190	SAMEA117636886	ena-SAMPLE-TAB-28-01-2025-22:30:17:500-24987	TLTX23		OTHER	PAIRED	NextSeq 2000	444812	22240600	Homo sapiens
ERR14256197	SAMEA117636886	ena-SAMPLE-TAB-28-01-2025-22:30:17:500-24987	TLTX23		OTHER	PAIRED	NextSeq 2000	1118481	55924050	Homo sapiens
ERR14256227	SAMEA117636886	ena-SAMPLE-TAB-28-01-2025-22:30:17:500-24987	TLTX23		OTHER	PAIRED	NextSeq 2000	537711	26885550	Homo sapiens
ERR14256247	SAMEA117636886	ena-SAMPLE-TAB-28-01-2025-22:30:17:500-24987	TLTX23		OTHER	PAIRED	NextSeq 2000	1444172	72208600	Homo sapiens
ERR14256255	SAMEA117636886	ena-SAMPLE-TAB-28-01-2025-22:30:17:500-24987	TLTX23		OTHER	PAIRED	NextSeq 2000	743304	37165200	Homo sapiens
ERR14256258	SAMEA117636886	ena-SAMPLE-TAB-28-01-2025-22:30:17:500-24987	TLTX23		OTHER	PAIRED	NextSeq 2000	511775	25588750	Homo sapiens
ERR14256271	SAMEA117636886	ena-SAMPLE-TAB-28-01-2025-22:30:17:500-24987	TLTX23		OTHER	PAIRED	NextSeq 2000	352614	17630700	Homo sapiens
ERR14256272	SAMEA117636886	ena-SAMPLE-TAB-28-01-2025-22:30:17:500-24987	TLTX23		OTHER	PAIRED	NextSeq 2000	906802	45340100	Homo sapiens
ERR14256356	SAMEA117636886	ena-SAMPLE-TAB-28-01-2025-22:30:17:500-24987	TLTX23		OTHER	PAIRED	NextSeq 2000	1053230	52661500	Homo sapiens
ERR14256374	SAMEA117636886	ena-SAMPLE-TAB-28-01-2025-22:30:17:500-24987	TLTX23		OTHER	PAIRED	NextSeq 2000	1229553	61477650	Homo sapiens
ERR14256378	SAMEA117636886	ena-SAMPLE-TAB-28-01-2025-22:30:17:500-24987	TLTX23		OTHER	PAIRED	NextSeq 2000	953044	47652200	Homo sapiens
ERR14256380	SAMEA117636886	ena-SAMPLE-TAB-28-01-2025-22:30:17:500-24987	TLTX23		OTHER	PAIRED	NextSeq 2000	864550	43227500	Homo sapiens
ERR14256460	SAMEA117636886	ena-SAMPLE-TAB-28-01-2025-22:30:17:500-24987	TLTX23		OTHER	PAIRED	NextSeq 2000	656370	32818500	Homo sapiens
ERR14256469	SAMEA117636886	ena-SAMPLE-TAB-28-01-2025-22:30:17:500-24987	TLTX23		OTHER	PAIRED	NextSeq 2000	1068193	53409650	Homo sapiens
ERR14256517	SAMEA117636886	ena-SAMPLE-TAB-28-01-2025-22:30:17:500-24987	TLTX23		OTHER	PAIRED	NextSeq 2000	784585	39229250	Homo sapiens
ERR14256545	SAMEA117636886	ena-SAMPLE-TAB-28-01-2025-22:30:17:500-24987	TLTX23		OTHER	PAIRED	NextSeq 2000	672645	33632250	Homo sapiens
ERR14256590	SAMEA117636886	ena-SAMPLE-TAB-28-01-2025-22:30:17:500-24987	TLTX23		OTHER	PAIRED	NextSeq 2000	1167147	58357350	Homo sapiens
ERR14256601	SAMEA117636886	ena-SAMPLE-TAB-28-01-2025-22:30:17:500-24987	TLTX23		OTHER	PAIRED	NextSeq 2000	672771	33638550	Homo sapiens
ERR14256626	SAMEA117636886	ena-SAMPLE-TAB-28-01-2025-22:30:17:500-24987	TLTX23		OTHER	PAIRED	NextSeq 2000	980246	49012300	Homo sapiens
ERR14256701	SAMEA117636886	ena-SAMPLE-TAB-28-01-2025-22:30:17:500-24987	TLTX23		OTHER	PAIRED	NextSeq 2000	1256433	62821650	Homo sapiens
ERR14256715	SAMEA117636886	ena-SAMPLE-TAB-28-01-2025-22:30:17:500-24987	TLTX23		OTHER	PAIRED	NextSeq 2000	589254	29462700	Homo sapiens
ERR14256772	SAMEA117636886	ena-SAMPLE-TAB-28-01-2025-22:30:17:500-24987	TLTX23		OTHER	PAIRED	NextSeq 2000	1000652	50032600	Homo sapiens
ERR14256781	SAMEA117636886	ena-SAMPLE-TAB-28-01-2025-22:30:17:500-24987	TLTX23		OTHER	PAIRED	NextSeq 2000	254088	12704400	Homo sapiens
ERR14256793	SAMEA117636886	ena-SAMPLE-TAB-28-01-2025-22:30:17:500-24987	TLTX23		OTHER	PAIRED	NextSeq 2000	537656	26882800	Homo sapiens
ERR14256852	SAMEA117636886	ena-SAMPLE-TAB-28-01-2025-22:30:17:500-24987	TLTX23		OTHER	PAIRED	NextSeq 2000	490151	24507550	Homo sapiens
ERR14256858	SAMEA117636886	ena-SAMPLE-TAB-28-01-2025-22:30:17:500-24987	TLTX23		OTHER	PAIRED	NextSeq 2000	484743	24237150	Homo sapiens
ERR14256884	SAMEA117636886	ena-SAMPLE-TAB-28-01-2025-22:30:17:500-24987	TLTX23		OTHER	PAIRED	NextSeq 2000	724385	36219250	Homo sapiens
ERR14256892	SAMEA117636886	ena-SAMPLE-TAB-28-01-2025-22:30:17:500-24987	TLTX23		OTHER	PAIRED	NextSeq 2000	1028625	51431250	Homo sapiens
ERR14256894	SAMEA117636886	ena-SAMPLE-TAB-28-01-2025-22:30:17:500-24987	TLTX23		OTHER	PAIRED	NextSeq 2000	973960	48698000	Homo sapiens
ERR14256915	SAMEA117636886	ena-SAMPLE-TAB-28-01-2025-22:30:17:500-24987	TLTX23		OTHER	PAIRED	NextSeq 2000	447772	22388600	Homo sapiens
ERR14256916	SAMEA117636886	ena-SAMPLE-TAB-28-01-2025-22:30:17:500-24987	TLTX23		OTHER	PAIRED	NextSeq 2000	2861741	143087050	Homo sapiens
ERR14256930	SAMEA117636886	ena-SAMPLE-TAB-28-01-2025-22:30:17:500-24987	TLTX23		OTHER	PAIRED	NextSeq 2000	1119678	55983900	Homo sapiens
ERR14256948	SAMEA117636886	ena-SAMPLE-TAB-28-01-2025-22:30:17:500-24987	TLTX23		OTHER	PAIRED	NextSeq 2000	1089083	54454150	Homo sapiens
ERR14256951	SAMEA117636886	ena-SAMPLE-TAB-28-01-2025-22:30:17:500-24987	TLTX23		OTHER	PAIRED	NextSeq 2000	1827833	91391650	Homo sapiens
ERR14256963	SAMEA117636886	ena-SAMPLE-TAB-28-01-2025-22:30:17:500-24987	TLTX23		OTHER	PAIRED	NextSeq 2000	2093693	104684650	Homo sapiens
ERR14257018	SAMEA117636886	ena-SAMPLE-TAB-28-01-2025-22:30:17:500-24987	TLTX23		OTHER	PAIRED	NextSeq 2000	1358482	67924100	Homo sapiens
ERR14257031	SAMEA117636886	ena-SAMPLE-TAB-28-01-2025-22:30:17:500-24987	TLTX23		OTHER	PAIRED	NextSeq 2000	1225658	61282900	Homo sapiens
ERR14257033	SAMEA117636886	ena-SAMPLE-TAB-28-01-2025-22:30:17:500-24987	TLTX23		OTHER	PAIRED	NextSeq 2000	1123604	56180200	Homo sapiens
ERR14257050	SAMEA117636886	ena-SAMPLE-TAB-28-01-2025-22:30:17:500-24987	TLTX23		OTHER	PAIRED	NextSeq 2000	1011118	50555900	Homo sapiens
ERR14257057	SAMEA117636886	ena-SAMPLE-TAB-28-01-2025-22:30:17:500-24987	TLTX23		OTHER	PAIRED	NextSeq 2000	1198088	59904400	Homo sapiens
ERR14257071	SAMEA117636886	ena-SAMPLE-TAB-28-01-2025-22:30:17:500-24987	TLTX23		OTHER	PAIRED	NextSeq 2000	1310466	65523300	Homo sapiens
ERR14257107	SAMEA117636886	ena-SAMPLE-TAB-28-01-2025-22:30:17:500-24987	TLTX23		OTHER	PAIRED	NextSeq 2000	2492310	124615500	Homo sapiens
ERR14257153	SAMEA117636886	ena-SAMPLE-TAB-28-01-2025-22:30:17:500-24987	TLTX23		OTHER	PAIRED	NextSeq 2000	1351433	67571650	Homo sapiens
ERR14257156	SAMEA117636886	ena-SAMPLE-TAB-28-01-2025-22:30:17:500-24987	TLTX23		OTHER	PAIRED	NextSeq 2000	1194540	59727000	Homo sapiens
ERR14257174	SAMEA117636886	ena-SAMPLE-TAB-28-01-2025-22:30:17:500-24987	TLTX23		OTHER	PAIRED	NextSeq 2000	884213	44210650	Homo sapiens
ERR14257181	SAMEA117636886	ena-SAMPLE-TAB-28-01-2025-22:30:17:500-24987	TLTX23		OTHER	PAIRED	NextSeq 2000	426061	21303050	Homo sapiens
ERR14257183	SAMEA117636886	ena-SAMPLE-TAB-28-01-2025-22:30:17:500-24987	TLTX23		OTHER	PAIRED	NextSeq 2000	880600	44030000	Homo sapiens
ERR14257186	SAMEA117636886	ena-SAMPLE-TAB-28-01-2025-22:30:17:500-24987	TLTX23		OTHER	PAIRED	NextSeq 2000	956566	47828300	Homo sapiens
ERR14257199	SAMEA117636886	ena-SAMPLE-TAB-28-01-2025-22:30:17:500-24987	TLTX23		OTHER	PAIRED	NextSeq 2000	1284806	64240300	Homo sapiens
ERR14257207	SAMEA117636886	ena-SAMPLE-TAB-28-01-2025-22:30:17:500-24987	TLTX23		OTHER	PAIRED	NextSeq 2000	335590	16779500	Homo sapiens
ERR14257212	SAMEA117636886	ena-SAMPLE-TAB-28-01-2025-22:30:17:500-24987	TLTX23		OTHER	PAIRED	NextSeq 2000	1611685	80584250	Homo sapiens
ERR14257217	SAMEA117636886	ena-SAMPLE-TAB-28-01-2025-22:30:17:500-24987	TLTX23		OTHER	PAIRED	NextSeq 2000	485264	24263200	Homo sapiens
ERR14257356	SAMEA117636886	ena-SAMPLE-TAB-28-01-2025-22:30:17:500-24987	TLTX23		OTHER	PAIRED	NextSeq 2000	690230	34511500	Homo sapiens
ERR14257369	SAMEA117636886	ena-SAMPLE-TAB-28-01-2025-22:30:17:500-24987	TLTX23		OTHER	PAIRED	NextSeq 2000	1067729	53386450	Homo sapiens
ERR14257372	SAMEA117636886	ena-SAMPLE-TAB-28-01-2025-22:30:17:500-24987	TLTX23		OTHER	PAIRED	NextSeq 2000	1010729	50536450	Homo sapiens
ERR14257396	SAMEA117636886	ena-SAMPLE-TAB-28-01-2025-22:30:17:500-24987	TLTX23		OTHER	PAIRED	NextSeq 2000	575182	28759100	Homo sapiens
ERR14257471	SAMEA117636886	ena-SAMPLE-TAB-28-01-2025-22:30:17:500-24987	TLTX23		OTHER	PAIRED	NextSeq 2000	1409050	70452500	Homo sapiens
ERR14257486	SAMEA117636886	ena-SAMPLE-TAB-28-01-2025-22:30:17:500-24987	TLTX23		OTHER	PAIRED	NextSeq 2000	537629	26881450	Homo sapiens
ERR14257500	SAMEA117636886	ena-SAMPLE-TAB-28-01-2025-22:30:17:500-24987	TLTX23		OTHER	PAIRED	NextSeq 2000	1350678	67533900	Homo sapiens
ERR14257508	SAMEA117636886	ena-SAMPLE-TAB-28-01-2025-22:30:17:500-24987	TLTX23		OTHER	PAIRED	NextSeq 2000	420062	21003100	Homo sapiens
ERR14257570	SAMEA117636886	ena-SAMPLE-TAB-28-01-2025-22:30:17:500-24987	TLTX23		OTHER	PAIRED	NextSeq 2000	1052290	52614500	Homo sapiens
ERR14257592	SAMEA117636886	ena-SAMPLE-TAB-28-01-2025-22:30:17:500-24987	TLTX23		OTHER	PAIRED	NextSeq 2000	631983	31599150	Homo sapiens
ERR14257607	SAMEA117636886	ena-SAMPLE-TAB-28-01-2025-22:30:17:500-24987	TLTX23		OTHER	PAIRED	NextSeq 2000	1355213	67760650	Homo sapiens
ERR14257611	SAMEA117636886	ena-SAMPLE-TAB-28-01-2025-22:30:17:500-24987	TLTX23		OTHER	PAIRED	NextSeq 2000	1477212	73860600	Homo sapiens
ERR14257632	SAMEA117636886	ena-SAMPLE-TAB-28-01-2025-22:30:17:500-24987	TLTX23		OTHER	PAIRED	NextSeq 2000	582685	29134250	Homo sapiens
ERR14257655	SAMEA117636886	ena-SAMPLE-TAB-28-01-2025-22:30:17:500-24987	TLTX23		OTHER	PAIRED	NextSeq 2000	1051600	52580000	Homo sapiens
ERR14257659	SAMEA117636886	ena-SAMPLE-TAB-28-01-2025-22:30:17:500-24987	TLTX23		OTHER	PAIRED	NextSeq 2000	1006571	50328550	Homo sapiens
ERR14257672	SAMEA117636886	ena-SAMPLE-TAB-28-01-2025-22:30:17:500-24987	TLTX23		OTHER	PAIRED	NextSeq 2000	1539097	76954850	Homo sapiens
ERR14257679	SAMEA117636886	ena-SAMPLE-TAB-28-01-2025-22:30:17:500-24987	TLTX23		OTHER	PAIRED	NextSeq 2000	2047772	102388600	Homo sapiens
ERR14257680	SAMEA117636886	ena-SAMPLE-TAB-28-01-2025-22:30:17:500-24987	TLTX23		OTHER	PAIRED	NextSeq 2000	502535	25126750	Homo sapiens
ERR14257683	SAMEA117636886	ena-SAMPLE-TAB-28-01-2025-22:30:17:500-24987	TLTX23		OTHER	PAIRED	NextSeq 2000	1202567	60128350	Homo sapiens
ERR14257704	SAMEA117636886	ena-SAMPLE-TAB-28-01-2025-22:30:17:500-24987	TLTX23		OTHER	PAIRED	NextSeq 2000	348743	17437150	Homo sapiens
ERR14257743	SAMEA117636886	ena-SAMPLE-TAB-28-01-2025-22:30:17:500-24987	TLTX23		OTHER	PAIRED	NextSeq 2000	1459899	72994950	Homo sapiens
ERR14257745	SAMEA117636886	ena-SAMPLE-TAB-28-01-2025-22:30:17:500-24987	TLTX23		OTHER	PAIRED	NextSeq 2000	1558549	77927450	Homo sapiens
ERR14257752	SAMEA117636886	ena-SAMPLE-TAB-28-01-2025-22:30:17:500-24987	TLTX23		OTHER	PAIRED	NextSeq 2000	1092012	54600600	Homo sapiens
ERR14257775	SAMEA117636886	ena-SAMPLE-TAB-28-01-2025-22:30:17:500-24987	TLTX23		OTHER	PAIRED	NextSeq 2000	1037404	51870200	Homo sapiens
ERR14257789	SAMEA117636886	ena-SAMPLE-TAB-28-01-2025-22:30:17:500-24987	TLTX23		OTHER	PAIRED	NextSeq 2000	720663	36033150	Homo sapiens
ERR14257831	SAMEA117636886	ena-SAMPLE-TAB-28-01-2025-22:30:17:500-24987	TLTX23		OTHER	PAIRED	NextSeq 2000	983392	49169600	Homo sapiens
ERR14257846	SAMEA117636886	ena-SAMPLE-TAB-28-01-2025-22:30:17:500-24987	TLTX23		OTHER	PAIRED	NextSeq 2000	1038176	51908800	Homo sapiens
ERR14257863	SAMEA117636886	ena-SAMPLE-TAB-28-01-2025-22:30:17:500-24987	TLTX23		OTHER	PAIRED	NextSeq 2000	1340180	67009000	Homo sapiens
ERR14257921	SAMEA117636886	ena-SAMPLE-TAB-28-01-2025-22:30:17:500-24987	TLTX23		OTHER	PAIRED	NextSeq 2000	739678	36983900	Homo sapiens
ERR14257932	SAMEA117636886	ena-SAMPLE-TAB-28-01-2025-22:30:17:500-24987	TLTX23		OTHER	PAIRED	NextSeq 2000	1143302	57165100	Homo sapiens
ERR14258015	SAMEA117636886	ena-SAMPLE-TAB-28-01-2025-22:30:17:500-24987	TLTX23		OTHER	PAIRED	NextSeq 2000	698276	34913800	Homo sapiens
ERR14258026	SAMEA117636886	ena-SAMPLE-TAB-28-01-2025-22:30:17:500-24987	TLTX23		OTHER	PAIRED	NextSeq 2000	1334301	66715050	Homo sapiens
ERR14258034	SAMEA117636886	ena-SAMPLE-TAB-28-01-2025-22:30:17:500-24987	TLTX23		OTHER	PAIRED	NextSeq 2000	957092	47854600	Homo sapiens
ERR14258050	SAMEA117636886	ena-SAMPLE-TAB-28-01-2025-22:30:17:500-24987	TLTX23		OTHER	PAIRED	NextSeq 2000	1525295	76264750	Homo sapiens
ERR14258065	SAMEA117636886	ena-SAMPLE-TAB-28-01-2025-22:30:17:500-24987	TLTX23		OTHER	PAIRED	NextSeq 2000	1265210	63260500	Homo sapiens
ERR14258149	SAMEA117636886	ena-SAMPLE-TAB-28-01-2025-22:30:17:500-24987	TLTX23		OTHER	PAIRED	NextSeq 2000	1449810	72490500	Homo sapiens
ERR14258152	SAMEA117636886	ena-SAMPLE-TAB-28-01-2025-22:30:17:500-24987	TLTX23		OTHER	PAIRED	NextSeq 2000	888075	44403750	Homo sapiens
ERR14258168	SAMEA117636886	ena-SAMPLE-TAB-28-01-2025-22:30:17:500-24987	TLTX23		OTHER	PAIRED	NextSeq 2000	1535315	76765750	Homo sapiens
ERR14258208	SAMEA117636886	ena-SAMPLE-TAB-28-01-2025-22:30:17:500-24987	TLTX23		OTHER	PAIRED	NextSeq 2000	1249432	62471600	Homo sapiens
ERR14258234	SAMEA117636886	ena-SAMPLE-TAB-28-01-2025-22:30:17:500-24987	TLTX23		OTHER	PAIRED	NextSeq 2000	1035362	51768100	Homo sapiens
ERR14258238	SAMEA117636886	ena-SAMPLE-TAB-28-01-2025-22:30:17:500-24987	TLTX23		OTHER	PAIRED	NextSeq 2000	1431138	71556900	Homo sapiens
ERR14258241	SAMEA117636886	ena-SAMPLE-TAB-28-01-2025-22:30:17:500-24987	TLTX23		OTHER	PAIRED	NextSeq 2000	1344189	67209450	Homo sapiens
ERR14258300	SAMEA117636886	ena-SAMPLE-TAB-28-01-2025-22:30:17:500-24987	TLTX23		OTHER	PAIRED	NextSeq 2000	444121	22206050	Homo sapiens
ERR14258316	SAMEA117636886	ena-SAMPLE-TAB-28-01-2025-22:30:17:500-24987	TLTX23		OTHER	PAIRED	NextSeq 2000	1287604	64380200	Homo sapiens
ERR14258348	SAMEA117636886	ena-SAMPLE-TAB-28-01-2025-22:30:17:500-24987	TLTX23		OTHER	PAIRED	NextSeq 2000	1657064	82853200	Homo sapiens
ERR14258384	SAMEA117636886	ena-SAMPLE-TAB-28-01-2025-22:30:17:500-24987	TLTX23		OTHER	PAIRED	NextSeq 2000	1602085	80104250	Homo sapiens
ERR14258405	SAMEA117636886	ena-SAMPLE-TAB-28-01-2025-22:30:17:500-24987	TLTX23		OTHER	PAIRED	NextSeq 2000	1255578	62778900	Homo sapiens
ERR14258434	SAMEA117636886	ena-SAMPLE-TAB-28-01-2025-22:30:17:500-24987	TLTX23		OTHER	PAIRED	NextSeq 2000	1373768	68688400	Homo sapiens
ERR14270806	SAMEA117636886	ena-SAMPLE-TAB-28-01-2025-22:30:17:500-24987	TLTX23		OTHER	SINGLE	NextSeq 2000	1	50	Homo sapiens
ERR14270808	SAMEA117636886	ena-SAMPLE-TAB-28-01-2025-22:30:17:500-24987	TLTX23		OTHER	SINGLE	NextSeq 2000	1	50	Homo sapiens
ERR14270809	SAMEA117636886	ena-SAMPLE-TAB-28-01-2025-22:30:17:500-24987	TLTX23		OTHER	SINGLE	NextSeq 2000	1	50	Homo sapiens
ERR14270814	SAMEA117636886	ena-SAMPLE-TAB-28-01-2025-22:30:17:500-24987	TLTX23		OTHER	SINGLE	NextSeq 2000	1	50	Homo sapiens
ERR14270821	SAMEA117636886	ena-SAMPLE-TAB-28-01-2025-22:30:17:500-24987	TLTX23		OTHER	SINGLE	NextSeq 2000	1	50	Homo sapiens
ERR14275159	SAMEA117636889	ena-SAMPLE-TAB-28-01-2025-22:30:17:500-24990	TLTX18		OTHER	PAIRED	NextSeq 2000	1554070	77703500	Homo sapiens
ERR14275160	SAMEA117636889	ena-SAMPLE-TAB-28-01-2025-22:30:17:500-24990	TLTX18		OTHER	PAIRED	NextSeq 2000	1092	54600	Homo sapiens
ERR14275170	SAMEA117636889	ena-SAMPLE-TAB-28-01-2025-22:30:17:500-24990	TLTX18		OTHER	PAIRED	NextSeq 2000	430	21500	Homo sapiens
ERR14275172	SAMEA117636889	ena-SAMPLE-TAB-28-01-2025-22:30:17:500-24990	TLTX18		OTHER	PAIRED	NextSeq 2000	1528406	76420300	Homo sapiens
ERR14275176	SAMEA117636889	ena-SAMPLE-TAB-28-01-2025-22:30:17:500-24990	TLTX18		OTHER	PAIRED	NextSeq 2000	944	47200	Homo sapiens
ERR14275182	SAMEA117636889	ena-SAMPLE-TAB-28-01-2025-22:30:17:500-24990	TLTX18		OTHER	PAIRED	NextSeq 2000	558	27900	Homo sapiens
ERR14275194	SAMEA117636889	ena-SAMPLE-TAB-28-01-2025-22:30:17:500-24990	TLTX18		OTHER	PAIRED	NextSeq 2000	792864	39643200	Homo sapiens
ERR14275195	SAMEA117636889	ena-SAMPLE-TAB-28-01-2025-22:30:17:500-24990	TLTX18		OTHER	PAIRED	NextSeq 2000	350	17500	Homo sapiens
ERR14275198	SAMEA117636889	ena-SAMPLE-TAB-28-01-2025-22:30:17:500-24990	TLTX18		OTHER	PAIRED	NextSeq 2000	1000784	50039200	Homo sapiens
ERR14275204	SAMEA117636889	ena-SAMPLE-TAB-28-01-2025-22:30:17:500-24990	TLTX18		OTHER	PAIRED	NextSeq 2000	634	31700	Homo sapiens
ERR14275205	SAMEA117636889	ena-SAMPLE-TAB-28-01-2025-22:30:17:500-24990	TLTX18		OTHER	PAIRED	NextSeq 2000	182	9100	Homo sapiens
ERR14275210	SAMEA117636889	ena-SAMPLE-TAB-28-01-2025-22:30:17:500-24990	TLTX18		OTHER	PAIRED	NextSeq 2000	952	47600	Homo sapiens
ERR14275214	SAMEA117636889	ena-SAMPLE-TAB-28-01-2025-22:30:17:500-24990	TLTX18		OTHER	PAIRED	NextSeq 2000	206	10300	Homo sapiens
ERR14275217	SAMEA117636889	ena-SAMPLE-TAB-28-01-2025-22:30:17:500-24990	TLTX18		OTHER	PAIRED	NextSeq 2000	274	13700	Homo sapiens
ERR14275218	SAMEA117636889	ena-SAMPLE-TAB-28-01-2025-22:30:17:500-24990	TLTX18		OTHER	PAIRED	NextSeq 2000	939424	46971200	Homo sapiens
ERR14275225	SAMEA117636889	ena-SAMPLE-TAB-28-01-2025-22:30:17:500-24990	TLTX18		OTHER	PAIRED	NextSeq 2000	2272	113600	Homo sapiens
ERR14275233	SAMEA117636889	ena-SAMPLE-TAB-28-01-2025-22:30:17:500-24990	TLTX18		OTHER	PAIRED	NextSeq 2000	1510	75500	Homo sapiens
ERR14275236	SAMEA117636889	ena-SAMPLE-TAB-28-01-2025-22:30:17:500-24990	TLTX18		OTHER	PAIRED	NextSeq 2000	1227656	61382800	Homo sapiens
ERR14275238	SAMEA117636889	ena-SAMPLE-TAB-28-01-2025-22:30:17:500-24990	TLTX18		OTHER	PAIRED	NextSeq 2000	2342	117100	Homo sapiens
ERR14275258	SAMEA117636889	ena-SAMPLE-TAB-28-01-2025-22:30:17:500-24990	TLTX18		OTHER	PAIRED	NextSeq 2000	1516	75800	Homo sapiens
ERR14275274	SAMEA117636889	ena-SAMPLE-TAB-28-01-2025-22:30:17:500-24990	TLTX18		OTHER	PAIRED	NextSeq 2000	946	47300	Homo sapiens
ERR14275278	SAMEA117636889	ena-SAMPLE-TAB-28-01-2025-22:30:17:500-24990	TLTX18		OTHER	PAIRED	NextSeq 2000	1196	59800	Homo sapiens
ERR14275283	SAMEA117636889	ena-SAMPLE-TAB-28-01-2025-22:30:17:500-24990	TLTX18		OTHER	PAIRED	NextSeq 2000	1380	69000	Homo sapiens
ERR14275288	SAMEA117636889	ena-SAMPLE-TAB-28-01-2025-22:30:17:500-24990	TLTX18		OTHER	PAIRED	NextSeq 2000	1407760	70388000	Homo sapiens
ERR14275308	SAMEA117636889	ena-SAMPLE-TAB-28-01-2025-22:30:17:500-24990	TLTX18		OTHER	PAIRED	NextSeq 2000	862	43100	Homo sapiens
ERR14275309	SAMEA117636889	ena-SAMPLE-TAB-28-01-2025-22:30:17:500-24990	TLTX18		OTHER	PAIRED	NextSeq 2000	1500	75000	Homo sapiens
ERR14275310	SAMEA117636889	ena-SAMPLE-TAB-28-01-2025-22:30:17:500-24990	TLTX18		OTHER	PAIRED	NextSeq 2000	1687234	84361700	Homo sapiens
ERR14275316	SAMEA117636889	ena-SAMPLE-TAB-28-01-2025-22:30:17:500-24990	TLTX18		OTHER	PAIRED	NextSeq 2000	1054	52700	Homo sapiens
ERR14275320	SAMEA117636889	ena-SAMPLE-TAB-28-01-2025-22:30:17:500-24990	TLTX18		OTHER	PAIRED	NextSeq 2000	1192	59600	Homo sapiens
ERR14275323	SAMEA117636889	ena-SAMPLE-TAB-28-01-2025-22:30:17:500-24990	TLTX18		OTHER	PAIRED	NextSeq 2000	608	30400	Homo sapiens
ERR14275324	SAMEA117636889	ena-SAMPLE-TAB-28-01-2025-22:30:17:500-24990	TLTX18		OTHER	PAIRED	NextSeq 2000	1338	66900	Homo sapiens
ERR14275327	SAMEA117636889	ena-SAMPLE-TAB-28-01-2025-22:30:17:500-24990	TLTX18		OTHER	PAIRED	NextSeq 2000	1208	60400	Homo sapiens
ERR14275328	SAMEA117636889	ena-SAMPLE-TAB-28-01-2025-22:30:17:500-24990	TLTX18		OTHER	PAIRED	NextSeq 2000	1012	50600	Homo sapiens
ERR14275332	SAMEA117636889	ena-SAMPLE-TAB-28-01-2025-22:30:17:500-24990	TLTX18		OTHER	PAIRED	NextSeq 2000	2023348	101167400	Homo sapiens
ERR14275344	SAMEA117636889	ena-SAMPLE-TAB-28-01-2025-22:30:17:500-24990	TLTX18		OTHER	PAIRED	NextSeq 2000	1104	55200	Homo sapiens
ERR14275350	SAMEA117636889	ena-SAMPLE-TAB-28-01-2025-22:30:17:500-24990	TLTX18		OTHER	PAIRED	NextSeq 2000	674	33700	Homo sapiens
ERR14275357	SAMEA117636889	ena-SAMPLE-TAB-28-01-2025-22:30:17:500-24990	TLTX18		OTHER	PAIRED	NextSeq 2000	1064	53200	Homo sapiens
ERR14275359	SAMEA117636889	ena-SAMPLE-TAB-28-01-2025-22:30:17:500-24990	TLTX18		OTHER	PAIRED	NextSeq 2000	1530302	76515100	Homo sapiens
ERR14275374	SAMEA117636889	ena-SAMPLE-TAB-28-01-2025-22:30:17:500-24990	TLTX18		OTHER	PAIRED	NextSeq 2000	902	45100	Homo sapiens
ERR14275380	SAMEA117636889	ena-SAMPLE-TAB-28-01-2025-22:30:17:500-24990	TLTX18		OTHER	PAIRED	NextSeq 2000	712	35600	Homo sapiens
ERR14275382	SAMEA117636889	ena-SAMPLE-TAB-28-01-2025-22:30:17:500-24990	TLTX18		OTHER	PAIRED	NextSeq 2000	1178	58900	Homo sapiens
ERR14275393	SAMEA117636889	ena-SAMPLE-TAB-28-01-2025-22:30:17:500-24990	TLTX18		OTHER	PAIRED	NextSeq 2000	826	41300	Homo sapiens
ERR14275398	SAMEA117636889	ena-SAMPLE-TAB-28-01-2025-22:30:17:500-24990	TLTX18		OTHER	PAIRED	NextSeq 2000	792	39600	Homo sapiens
ERR14275399	SAMEA117636889	ena-SAMPLE-TAB-28-01-2025-22:30:17:500-24990	TLTX18		OTHER	PAIRED	NextSeq 2000	1004	50200	Homo sapiens
ERR14275400	SAMEA117636889	ena-SAMPLE-TAB-28-01-2025-22:30:17:500-24990	TLTX18		OTHER	PAIRED	NextSeq 2000	848	42400	Homo sapiens
ERR14275402	SAMEA117636889	ena-SAMPLE-TAB-28-01-2025-22:30:17:500-24990	TLTX18		OTHER	PAIRED	NextSeq 2000	684	34200	Homo sapiens
ERR14275405	SAMEA117636889	ena-SAMPLE-TAB-28-01-2025-22:30:17:500-24990	TLTX18		OTHER	PAIRED	NextSeq 2000	678	33900	Homo sapiens
ERR14275408	SAMEA117636889	ena-SAMPLE-TAB-28-01-2025-22:30:17:500-24990	TLTX18		OTHER	PAIRED	NextSeq 2000	1630776	81538800	Homo sapiens
ERR14275414	SAMEA117636889	ena-SAMPLE-TAB-28-01-2025-22:30:17:500-24990	TLTX18		OTHER	PAIRED	NextSeq 2000	1220006	61000300	Homo sapiens
ERR14275420	SAMEA117636889	ena-SAMPLE-TAB-28-01-2025-22:30:17:500-24990	TLTX18		OTHER	PAIRED	NextSeq 2000	976	48800	Homo sapiens
ERR14275426	SAMEA117636889	ena-SAMPLE-TAB-28-01-2025-22:30:17:500-24990	TLTX18		OTHER	PAIRED	NextSeq 2000	1116	55800	Homo sapiens
ERR14275447	SAMEA117636889	ena-SAMPLE-TAB-28-01-2025-22:30:17:500-24990	TLTX18		OTHER	PAIRED	NextSeq 2000	1500244	75012200	Homo sapiens
ERR14275451	SAMEA117636889	ena-SAMPLE-TAB-28-01-2025-22:30:17:500-24990	TLTX18		OTHER	PAIRED	NextSeq 2000	1098	54900	Homo sapiens
ERR14275467	SAMEA117636889	ena-SAMPLE-TAB-28-01-2025-22:30:17:500-24990	TLTX18		OTHER	PAIRED	NextSeq 2000	664	33200	Homo sapiens
ERR14275468	SAMEA117636889	ena-SAMPLE-TAB-28-01-2025-22:30:17:500-24990	TLTX18		OTHER	PAIRED	NextSeq 2000	1596	79800	Homo sapiens
ERR14275484	SAMEA117636889	ena-SAMPLE-TAB-28-01-2025-22:30:17:500-24990	TLTX18		OTHER	PAIRED	NextSeq 2000	206	10300	Homo sapiens
ERR14275491	SAMEA117636889	ena-SAMPLE-TAB-28-01-2025-22:30:17:500-24990	TLTX18		OTHER	PAIRED	NextSeq 2000	1154	57700	Homo sapiens
ERR14275492	SAMEA117636889	ena-SAMPLE-TAB-28-01-2025-22:30:17:500-24990	TLTX18		OTHER	PAIRED	NextSeq 2000	1146	57300	Homo sapiens
ERR14275494	SAMEA117636889	ena-SAMPLE-TAB-28-01-2025-22:30:17:500-24990	TLTX18		OTHER	PAIRED	NextSeq 2000	788	39400	Homo sapiens
ERR14275495	SAMEA117636889	ena-SAMPLE-TAB-28-01-2025-22:30:17:500-24990	TLTX18		OTHER	PAIRED	NextSeq 2000	1042	52100	Homo sapiens
ERR14275499	SAMEA117636889	ena-SAMPLE-TAB-28-01-2025-22:30:17:500-24990	TLTX18		OTHER	PAIRED	NextSeq 2000	894	44700	Homo sapiens
ERR14275512	SAMEA117636889	ena-SAMPLE-TAB-28-01-2025-22:30:17:500-24990	TLTX18		OTHER	PAIRED	NextSeq 2000	662	33100	Homo sapiens
ERR14275517	SAMEA117636889	ena-SAMPLE-TAB-28-01-2025-22:30:17:500-24990	TLTX18		OTHER	PAIRED	NextSeq 2000	1324	66200	Homo sapiens
ERR14275519	SAMEA117636889	ena-SAMPLE-TAB-28-01-2025-22:30:17:500-24990	TLTX18		OTHER	PAIRED	NextSeq 2000	1338	66900	Homo sapiens
ERR14275547	SAMEA117636889	ena-SAMPLE-TAB-28-01-2025-22:30:17:500-24990	TLTX18		OTHER	PAIRED	NextSeq 2000	1194	59700	Homo sapiens
ERR14275559	SAMEA117636889	ena-SAMPLE-TAB-28-01-2025-22:30:17:500-24990	TLTX18		OTHER	PAIRED	NextSeq 2000	1552	77600	Homo sapiens
ERR14275567	SAMEA117636889	ena-SAMPLE-TAB-28-01-2025-22:30:17:500-24990	TLTX18		OTHER	PAIRED	NextSeq 2000	1052566	52628300	Homo sapiens
ERR14275577	SAMEA117636889	ena-SAMPLE-TAB-28-01-2025-22:30:17:500-24990	TLTX18		OTHER	PAIRED	NextSeq 2000	620	31000	Homo sapiens
ERR14275580	SAMEA117636889	ena-SAMPLE-TAB-28-01-2025-22:30:17:500-24990	TLTX18		OTHER	PAIRED	NextSeq 2000	1012	50600	Homo sapiens
ERR14275587	SAMEA117636889	ena-SAMPLE-TAB-28-01-2025-22:30:17:500-24990	TLTX18		OTHER	PAIRED	NextSeq 2000	1308	65400	Homo sapiens
ERR14275589	SAMEA117636889	ena-SAMPLE-TAB-28-01-2025-22:30:17:500-24990	TLTX18		OTHER	PAIRED	NextSeq 2000	1562	78100	Homo sapiens
ERR14275600	SAMEA117636889	ena-SAMPLE-TAB-28-01-2025-22:30:17:500-24990	TLTX18		OTHER	PAIRED	NextSeq 2000	1360	68000	Homo sapiens
ERR14275609	SAMEA117636889	ena-SAMPLE-TAB-28-01-2025-22:30:17:500-24990	TLTX18		OTHER	PAIRED	NextSeq 2000	1378	68900	Homo sapiens
ERR14275610	SAMEA117636889	ena-SAMPLE-TAB-28-01-2025-22:30:17:500-24990	TLTX18		OTHER	PAIRED	NextSeq 2000	1340960	67048000	Homo sapiens
ERR14275611	SAMEA117636889	ena-SAMPLE-TAB-28-01-2025-22:30:17:500-24990	TLTX18		OTHER	PAIRED	NextSeq 2000	738	36900	Homo sapiens
ERR14275616	SAMEA117636889	ena-SAMPLE-TAB-28-01-2025-22:30:17:500-24990	TLTX18		OTHER	PAIRED	NextSeq 2000	1316	65800	Homo sapiens
ERR14275621	SAMEA117636889	ena-SAMPLE-TAB-28-01-2025-22:30:17:500-24990	TLTX18		OTHER	PAIRED	NextSeq 2000	1066	53300	Homo sapiens
ERR14275625	SAMEA117636889	ena-SAMPLE-TAB-28-01-2025-22:30:17:500-24990	TLTX18		OTHER	PAIRED	NextSeq 2000	1482	74100	Homo sapiens
ERR14275627	SAMEA117636889	ena-SAMPLE-TAB-28-01-2025-22:30:17:500-24990	TLTX18		OTHER	PAIRED	NextSeq 2000	1084	54200	Homo sapiens
ERR14275629	SAMEA117636889	ena-SAMPLE-TAB-28-01-2025-22:30:17:500-24990	TLTX18		OTHER	PAIRED	NextSeq 2000	2096	104800	Homo sapiens
ERR14275631	SAMEA117636889	ena-SAMPLE-TAB-28-01-2025-22:30:17:500-24990	TLTX18		OTHER	PAIRED	NextSeq 2000	1592	79600	Homo sapiens
ERR14275632	SAMEA117636889	ena-SAMPLE-TAB-28-01-2025-22:30:17:500-24990	TLTX18		OTHER	PAIRED	NextSeq 2000	1358	67900	Homo sapiens
ERR14275639	SAMEA117636889	ena-SAMPLE-TAB-28-01-2025-22:30:17:500-24990	TLTX18		OTHER	PAIRED	NextSeq 2000	1269844	63492200	Homo sapiens
ERR14275641	SAMEA117636889	ena-SAMPLE-TAB-28-01-2025-22:30:17:500-24990	TLTX18		OTHER	PAIRED	NextSeq 2000	1006	50300	Homo sapiens
ERR14275654	SAMEA117636889	ena-SAMPLE-TAB-28-01-2025-22:30:17:500-24990	TLTX18		OTHER	PAIRED	NextSeq 2000	1376	68800	Homo sapiens
ERR14275662	SAMEA117636889	ena-SAMPLE-TAB-28-01-2025-22:30:17:500-24990	TLTX18		OTHER	PAIRED	NextSeq 2000	1230	61500	Homo sapiens
ERR14275669	SAMEA117636889	ena-SAMPLE-TAB-28-01-2025-22:30:17:500-24990	TLTX18		OTHER	PAIRED	NextSeq 2000	1880	94000	Homo sapiens
ERR14275678	SAMEA117636889	ena-SAMPLE-TAB-28-01-2025-22:30:17:500-24990	TLTX18		OTHER	PAIRED	NextSeq 2000	1216	60800	Homo sapiens
ERR14275685	SAMEA117636889	ena-SAMPLE-TAB-28-01-2025-22:30:17:500-24990	TLTX18		OTHER	PAIRED	NextSeq 2000	1574154	78707700	Homo sapiens
ERR14275686	SAMEA117636889	ena-SAMPLE-TAB-28-01-2025-22:30:17:500-24990	TLTX18		OTHER	PAIRED	NextSeq 2000	1328	66400	Homo sapiens
ERR14275688	SAMEA117636889	ena-SAMPLE-TAB-28-01-2025-22:30:17:500-24990	TLTX18		OTHER	PAIRED	NextSeq 2000	1180	59000	Homo sapiens
ERR14275702	SAMEA117636889	ena-SAMPLE-TAB-28-01-2025-22:30:17:500-24990	TLTX18		OTHER	PAIRED	NextSeq 2000	1611262	80563100	Homo sapiens
ERR14275714	SAMEA117636889	ena-SAMPLE-TAB-28-01-2025-22:30:17:500-24990	TLTX18		OTHER	PAIRED	NextSeq 2000	1512	75600	Homo sapiens
ERR14275718	SAMEA117636889	ena-SAMPLE-TAB-28-01-2025-22:30:17:500-24990	TLTX18		OTHER	PAIRED	NextSeq 2000	1332	66600	Homo sapiens
ERR14275722	SAMEA117636889	ena-SAMPLE-TAB-28-01-2025-22:30:17:500-24990	TLTX18		OTHER	PAIRED	NextSeq 2000	926	46300	Homo sapiens
ERR14275732	SAMEA117636889	ena-SAMPLE-TAB-28-01-2025-22:30:17:500-24990	TLTX18		OTHER	PAIRED	NextSeq 2000	946	47300	Homo sapiens
ERR14275736	SAMEA117636889	ena-SAMPLE-TAB-28-01-2025-22:30:17:500-24990	TLTX18		OTHER	PAIRED	NextSeq 2000	1206	60300	Homo sapiens
ERR14275739	SAMEA117636889	ena-SAMPLE-TAB-28-01-2025-22:30:17:500-24990	TLTX18		OTHER	PAIRED	NextSeq 2000	882	44100	Homo sapiens
ERR14275740	SAMEA117636889	ena-SAMPLE-TAB-28-01-2025-22:30:17:500-24990	TLTX18		OTHER	PAIRED	NextSeq 2000	388	19400	Homo sapiens
ERR14275742	SAMEA117636889	ena-SAMPLE-TAB-28-01-2025-22:30:17:500-24990	TLTX18		OTHER	PAIRED	NextSeq 2000	1110	55500	Homo sapiens
ERR14275752	SAMEA117636889	ena-SAMPLE-TAB-28-01-2025-22:30:17:500-24990	TLTX18		OTHER	PAIRED	NextSeq 2000	1152	57600	Homo sapiens
ERR14275757	SAMEA117636889	ena-SAMPLE-TAB-28-01-2025-22:30:17:500-24990	TLTX18		OTHER	PAIRED	NextSeq 2000	1381342	69067100	Homo sapiens
ERR14275759	SAMEA117636889	ena-SAMPLE-TAB-28-01-2025-22:30:17:500-24990	TLTX18		OTHER	PAIRED	NextSeq 2000	1252830	62641500	Homo sapiens
ERR14275764	SAMEA117636889	ena-SAMPLE-TAB-28-01-2025-22:30:17:500-24990	TLTX18		OTHER	PAIRED	NextSeq 2000	1078	53900	Homo sapiens
ERR14275765	SAMEA117636889	ena-SAMPLE-TAB-28-01-2025-22:30:17:500-24990	TLTX18		OTHER	PAIRED	NextSeq 2000	1310	65500	Homo sapiens
ERR14275776	SAMEA117636889	ena-SAMPLE-TAB-28-01-2025-22:30:17:500-24990	TLTX18		OTHER	PAIRED	NextSeq 2000	1306	65300	Homo sapiens
ERR14275781	SAMEA117636889	ena-SAMPLE-TAB-28-01-2025-22:30:17:500-24990	TLTX18		OTHER	PAIRED	NextSeq 2000	1216	60800	Homo sapiens
ERR14275785	SAMEA117636889	ena-SAMPLE-TAB-28-01-2025-22:30:17:500-24990	TLTX18		OTHER	PAIRED	NextSeq 2000	1152	57600	Homo sapiens
ERR14275787	SAMEA117636889	ena-SAMPLE-TAB-28-01-2025-22:30:17:500-24990	TLTX18		OTHER	PAIRED	NextSeq 2000	922	46100	Homo sapiens
ERR14275790	SAMEA117636889	ena-SAMPLE-TAB-28-01-2025-22:30:17:500-24990	TLTX18		OTHER	PAIRED	NextSeq 2000	1094	54700	Homo sapiens
ERR14275795	SAMEA117636889	ena-SAMPLE-TAB-28-01-2025-22:30:17:500-24990	TLTX18		OTHER	PAIRED	NextSeq 2000	654	32700	Homo sapiens
ERR14216209	SAMEA117633234	T23.2T.A1	T23.2T.A1_WES		WXS	SINGLE	Illumina HiSeq 4000	106347436	15952115400	Homo sapiens
ERR14275801	SAMEA117636889	ena-SAMPLE-TAB-28-01-2025-22:30:17:500-24990	TLTX18		OTHER	PAIRED	NextSeq 2000	1428	71400	Homo sapiens
ERR14216219	SAMEA117633244	T25.2T.C3-A	T25.2T.C3-A_WES		WXS	SINGLE	Illumina HiSeq 4000	93469678	14020451700	Homo sapiens
ERR14275809	SAMEA117636889	ena-SAMPLE-TAB-28-01-2025-22:30:17:500-24990	TLTX18		OTHER	PAIRED	NextSeq 2000	2512	125600	Homo sapiens
ERR14216221	SAMEA117633246	T25.2T.C8	T25.2T.C8_WES		WXS	SINGLE	Illumina HiSeq 4000	66486528	9972979200	Homo sapiens
ERR14216225	SAMEA117633250	T36.2T.A17	T36.2T.A17_WES		WXS	SINGLE	Illumina HiSeq 4000	108643676	16296551400	Homo sapiens
ERR14275819	SAMEA117636889	ena-SAMPLE-TAB-28-01-2025-22:30:17:500-24990	TLTX18		OTHER	PAIRED	NextSeq 2000	2874	143700	Homo sapiens
ERR14216226	SAMEA117633251	T36.2T.A18-A	T36.2T.A18-A_WES		WXS	SINGLE	Illumina HiSeq 4000	93003334	13950500100	Homo sapiens
ERR14216228	SAMEA117633253	T36_diagnosticBiopsy	T36_diagnosticBiopsy_WES		WXS	SINGLE	Illumina HiSeq 4000	181385490	18319934490	Homo sapiens
ERR14275822	SAMEA117636889	ena-SAMPLE-TAB-28-01-2025-22:30:17:500-24990	TLTX18		OTHER	PAIRED	NextSeq 2000	2167332	108366600	Homo sapiens
ERR14275824	SAMEA117636889	ena-SAMPLE-TAB-28-01-2025-22:30:17:500-24990	TLTX18		OTHER	PAIRED	NextSeq 2000	2064	103200	Homo sapiens
ERR14232403	SAMEA117636887	ena-SAMPLE-TAB-28-01-2025-22:30:17:500-24988	TLTX25		RNA-Seq	PAIRED	NextSeq 2000	0	0	Homo sapiens
ERR14275829	SAMEA117636889	ena-SAMPLE-TAB-28-01-2025-22:30:17:500-24990	TLTX18		OTHER	PAIRED	NextSeq 2000	1454324	72716200	Homo sapiens
ERR14244132	SAMEA117636891	ena-SAMPLE-TAB-28-01-2025-22:30:17:500-24992	TLTX11		RNA-Seq	PAIRED	NextSeq 2000	0	0	Homo sapiens
ERR14275831	SAMEA117636889	ena-SAMPLE-TAB-28-01-2025-22:30:17:500-24990	TLTX18		OTHER	PAIRED	NextSeq 2000	1676	83800	Homo sapiens
ERR14251235	SAMEA117636884	ena-SAMPLE-TAB-28-01-2025-22:30:17:500-24985	HCC19		RNA-Seq	PAIRED	NextSeq 2000	0	0	Homo sapiens
ERR14251243	SAMEA117636895	ena-SAMPLE-TAB-28-01-2025-22:30:17:501-24996	PV62436		RNA-Seq	PAIRED	NextSeq 2000	0	0	Homo sapiens
ERR14275833	SAMEA117636889	ena-SAMPLE-TAB-28-01-2025-22:30:17:500-24990	TLTX18		OTHER	PAIRED	NextSeq 2000	2386	119300	Homo sapiens
ERR14252064	SAMEA117636886	ena-SAMPLE-TAB-28-01-2025-22:30:17:500-24987	TLTX23		OTHER	PAIRED	NextSeq 2000	968056	48402800	Homo sapiens
ERR14275836	SAMEA117636889	ena-SAMPLE-TAB-28-01-2025-22:30:17:500-24990	TLTX18		OTHER	PAIRED	NextSeq 2000	1756	87800	Homo sapiens
ERR14252090	SAMEA117636886	ena-SAMPLE-TAB-28-01-2025-22:30:17:500-24987	TLTX23		OTHER	PAIRED	NextSeq 2000	259651	12982550	Homo sapiens
ERR14252096	SAMEA117636886	ena-SAMPLE-TAB-28-01-2025-22:30:17:500-24987	TLTX23		OTHER	PAIRED	NextSeq 2000	1357344	67867200	Homo sapiens
ERR14252104	SAMEA117636886	ena-SAMPLE-TAB-28-01-2025-22:30:17:500-24987	TLTX23		OTHER	PAIRED	NextSeq 2000	1269418	63470900	Homo sapiens
ERR14275853	SAMEA117636889	ena-SAMPLE-TAB-28-01-2025-22:30:17:500-24990	TLTX18		OTHER	PAIRED	NextSeq 2000	2084	104200	Homo sapiens
ERR14252138	SAMEA117636886	ena-SAMPLE-TAB-28-01-2025-22:30:17:500-24987	TLTX23		OTHER	PAIRED	NextSeq 2000	1205548	60277400	Homo sapiens
ERR14275857	SAMEA117636889	ena-SAMPLE-TAB-28-01-2025-22:30:17:500-24990	TLTX18		OTHER	PAIRED	NextSeq 2000	1856	92800	Homo sapiens
ERR14252170	SAMEA117636886	ena-SAMPLE-TAB-28-01-2025-22:30:17:500-24987	TLTX23		OTHER	PAIRED	NextSeq 2000	1636877	81843850	Homo sapiens
ERR14252221	SAMEA117636886	ena-SAMPLE-TAB-28-01-2025-22:30:17:500-24987	TLTX23		OTHER	PAIRED	NextSeq 2000	1343462	67173100	Homo sapiens
ERR14275860	SAMEA117636889	ena-SAMPLE-TAB-28-01-2025-22:30:17:500-24990	TLTX18		OTHER	PAIRED	NextSeq 2000	2616	130800	Homo sapiens
ERR14252227	SAMEA117636886	ena-SAMPLE-TAB-28-01-2025-22:30:17:500-24987	TLTX23		OTHER	PAIRED	NextSeq 2000	1476692	73834600	Homo sapiens
ERR14275865	SAMEA117636889	ena-SAMPLE-TAB-28-01-2025-22:30:17:500-24990	TLTX18		OTHER	PAIRED	NextSeq 2000	1426780	71339000	Homo sapiens
ERR14252241	SAMEA117636886	ena-SAMPLE-TAB-28-01-2025-22:30:17:500-24987	TLTX23		OTHER	PAIRED	NextSeq 2000	2105831	105291550	Homo sapiens
ERR14252250	SAMEA117636886	ena-SAMPLE-TAB-28-01-2025-22:30:17:500-24987	TLTX23		OTHER	PAIRED	NextSeq 2000	2004817	100240850	Homo sapiens
ERR14275866	SAMEA117636889	ena-SAMPLE-TAB-28-01-2025-22:30:17:500-24990	TLTX18		OTHER	PAIRED	NextSeq 2000	2104	105200	Homo sapiens
ERR14252268	SAMEA117636886	ena-SAMPLE-TAB-28-01-2025-22:30:17:500-24987	TLTX23		OTHER	PAIRED	NextSeq 2000	1504759	75237950	Homo sapiens
ERR14275870	SAMEA117636889	ena-SAMPLE-TAB-28-01-2025-22:30:17:500-24990	TLTX18		OTHER	PAIRED	NextSeq 2000	952874	47643700	Homo sapiens
ERR14252269	SAMEA117636886	ena-SAMPLE-TAB-28-01-2025-22:30:17:500-24987	TLTX23		OTHER	PAIRED	NextSeq 2000	1352656	67632800	Homo sapiens
ERR14275878	SAMEA117636889	ena-SAMPLE-TAB-28-01-2025-22:30:17:500-24990	TLTX18		OTHER	PAIRED	NextSeq 2000	1955794	97789700	Homo sapiens
ERR14275880	SAMEA117636889	ena-SAMPLE-TAB-28-01-2025-22:30:17:500-24990	TLTX18		OTHER	PAIRED	NextSeq 2000	1282	64100	Homo sapiens
ERR14252310	SAMEA117636886	ena-SAMPLE-TAB-28-01-2025-22:30:17:500-24987	TLTX23		OTHER	PAIRED	NextSeq 2000	667688	33384400	Homo sapiens
ERR14252336	SAMEA117636886	ena-SAMPLE-TAB-28-01-2025-22:30:17:500-24987	TLTX23		OTHER	PAIRED	NextSeq 2000	1358177	67908850	Homo sapiens
ERR14275882	SAMEA117636889	ena-SAMPLE-TAB-28-01-2025-22:30:17:500-24990	TLTX18		OTHER	PAIRED	NextSeq 2000	1706	85300	Homo sapiens
ERR14275885	SAMEA117636889	ena-SAMPLE-TAB-28-01-2025-22:30:17:500-24990	TLTX18		OTHER	PAIRED	NextSeq 2000	1369792	68489600	Homo sapiens
ERR14252337	SAMEA117636886	ena-SAMPLE-TAB-28-01-2025-22:30:17:500-24987	TLTX23		OTHER	PAIRED	NextSeq 2000	1171070	58553500	Homo sapiens
ERR14252378	SAMEA117636886	ena-SAMPLE-TAB-28-01-2025-22:30:17:500-24987	TLTX23		OTHER	PAIRED	NextSeq 2000	1039599	51979950	Homo sapiens
ERR14275886	SAMEA117636889	ena-SAMPLE-TAB-28-01-2025-22:30:17:500-24990	TLTX18		OTHER	PAIRED	NextSeq 2000	1216	60800	Homo sapiens
ERR14252393	SAMEA117636886	ena-SAMPLE-TAB-28-01-2025-22:30:17:500-24987	TLTX23		OTHER	PAIRED	NextSeq 2000	315136	15756800	Homo sapiens
ERR14275893	SAMEA117636889	ena-SAMPLE-TAB-28-01-2025-22:30:17:500-24990	TLTX18		OTHER	PAIRED	NextSeq 2000	1206	60300	Homo sapiens
ERR14252394	SAMEA117636886	ena-SAMPLE-TAB-28-01-2025-22:30:17:500-24987	TLTX23		OTHER	PAIRED	NextSeq 2000	1352992	67649600	Homo sapiens
ERR14252401	SAMEA117636886	ena-SAMPLE-TAB-28-01-2025-22:30:17:500-24987	TLTX23		OTHER	PAIRED	NextSeq 2000	1063266	53163300	Homo sapiens
ERR14275902	SAMEA117636889	ena-SAMPLE-TAB-28-01-2025-22:30:17:500-24990	TLTX18		OTHER	PAIRED	NextSeq 2000	1894	94700	Homo sapiens
ERR14252407	SAMEA117636886	ena-SAMPLE-TAB-28-01-2025-22:30:17:500-24987	TLTX23		OTHER	PAIRED	NextSeq 2000	525592	26279600	Homo sapiens
ERR14252416	SAMEA117636886	ena-SAMPLE-TAB-28-01-2025-22:30:17:500-24987	TLTX23		OTHER	PAIRED	NextSeq 2000	1009777	50488850	Homo sapiens
ERR14252443	SAMEA117636886	ena-SAMPLE-TAB-28-01-2025-22:30:17:500-24987	TLTX23		OTHER	PAIRED	NextSeq 2000	1065427	53271350	Homo sapiens
ERR14275917	SAMEA117636889	ena-SAMPLE-TAB-28-01-2025-22:30:17:500-24990	TLTX18		OTHER	PAIRED	NextSeq 2000	1523728	76186400	Homo sapiens
ERR14252447	SAMEA117636886	ena-SAMPLE-TAB-28-01-2025-22:30:17:500-24987	TLTX23		OTHER	PAIRED	NextSeq 2000	1663003	83150150	Homo sapiens
ERR14275923	SAMEA117636889	ena-SAMPLE-TAB-28-01-2025-22:30:17:500-24990	TLTX18		OTHER	PAIRED	NextSeq 2000	1312	65600	Homo sapiens
ERR14252480	SAMEA117636886	ena-SAMPLE-TAB-28-01-2025-22:30:17:500-24987	TLTX23		OTHER	PAIRED	NextSeq 2000	760039	38001950	Homo sapiens
ERR14252514	SAMEA117636886	ena-SAMPLE-TAB-28-01-2025-22:30:17:500-24987	TLTX23		OTHER	PAIRED	NextSeq 2000	1348970	67448500	Homo sapiens
ERR14275924	SAMEA117636889	ena-SAMPLE-TAB-28-01-2025-22:30:17:500-24990	TLTX18		OTHER	PAIRED	NextSeq 2000	1331564	66578200	Homo sapiens
ERR14252529	SAMEA117636886	ena-SAMPLE-TAB-28-01-2025-22:30:17:500-24987	TLTX23		OTHER	PAIRED	NextSeq 2000	1619851	80992550	Homo sapiens
ERR14275926	SAMEA117636889	ena-SAMPLE-TAB-28-01-2025-22:30:17:500-24990	TLTX18		OTHER	PAIRED	NextSeq 2000	1480	74000	Homo sapiens
ERR14252532	SAMEA117636886	ena-SAMPLE-TAB-28-01-2025-22:30:17:500-24987	TLTX23		OTHER	PAIRED	NextSeq 2000	543057	27152850	Homo sapiens
ERR14275934	SAMEA117636889	ena-SAMPLE-TAB-28-01-2025-22:30:17:500-24990	TLTX18		OTHER	PAIRED	NextSeq 2000	1254	62700	Homo sapiens
ERR14252534	SAMEA117636886	ena-SAMPLE-TAB-28-01-2025-22:30:17:500-24987	TLTX23		OTHER	PAIRED	NextSeq 2000	887160	44358000	Homo sapiens
ERR14275937	SAMEA117636889	ena-SAMPLE-TAB-28-01-2025-22:30:17:500-24990	TLTX18		OTHER	PAIRED	NextSeq 2000	1932	96600	Homo sapiens
ERR14252542	SAMEA117636886	ena-SAMPLE-TAB-28-01-2025-22:30:17:500-24987	TLTX23		OTHER	PAIRED	NextSeq 2000	665363	33268150	Homo sapiens
ERR14252606	SAMEA117636886	ena-SAMPLE-TAB-28-01-2025-22:30:17:500-24987	TLTX23		OTHER	PAIRED	NextSeq 2000	366842	18342100	Homo sapiens
ERR14275942	SAMEA117636889	ena-SAMPLE-TAB-28-01-2025-22:30:17:500-24990	TLTX18		OTHER	PAIRED	NextSeq 2000	1618714	80935700	Homo sapiens
ERR14252613	SAMEA117636886	ena-SAMPLE-TAB-28-01-2025-22:30:17:500-24987	TLTX23		OTHER	PAIRED	NextSeq 2000	544091	27204550	Homo sapiens
ERR14275945	SAMEA117636889	ena-SAMPLE-TAB-28-01-2025-22:30:17:500-24990	TLTX18		OTHER	PAIRED	NextSeq 2000	1552	77600	Homo sapiens
ERR14252626	SAMEA117636886	ena-SAMPLE-TAB-28-01-2025-22:30:17:500-24987	TLTX23		OTHER	PAIRED	NextSeq 2000	1361324	68066200	Homo sapiens
ERR14275951	SAMEA117636889	ena-SAMPLE-TAB-28-01-2025-22:30:17:500-24990	TLTX18		OTHER	PAIRED	NextSeq 2000	1890	94500	Homo sapiens
ERR14252752	SAMEA117636886	ena-SAMPLE-TAB-28-01-2025-22:30:17:500-24987	TLTX23		OTHER	PAIRED	NextSeq 2000	1201895	60094750	Homo sapiens
ERR14252770	SAMEA117636886	ena-SAMPLE-TAB-28-01-2025-22:30:17:500-24987	TLTX23		OTHER	PAIRED	NextSeq 2000	387203	19360150	Homo sapiens
ERR14275960	SAMEA117636889	ena-SAMPLE-TAB-28-01-2025-22:30:17:500-24990	TLTX18		OTHER	PAIRED	NextSeq 2000	1266	63300	Homo sapiens
ERR14252796	SAMEA117636886	ena-SAMPLE-TAB-28-01-2025-22:30:17:500-24987	TLTX23		OTHER	PAIRED	NextSeq 2000	1538826	76941300	Homo sapiens
ERR14275963	SAMEA117636889	ena-SAMPLE-TAB-28-01-2025-22:30:17:500-24990	TLTX18		OTHER	PAIRED	NextSeq 2000	2210	110500	Homo sapiens
ERR14252797	SAMEA117636886	ena-SAMPLE-TAB-28-01-2025-22:30:17:500-24987	TLTX23		OTHER	PAIRED	NextSeq 2000	598022	29901100	Homo sapiens
ERR14275967	SAMEA117636889	ena-SAMPLE-TAB-28-01-2025-22:30:17:500-24990	TLTX18		OTHER	PAIRED	NextSeq 2000	2406	120300	Homo sapiens
ERR14252801	SAMEA117636886	ena-SAMPLE-TAB-28-01-2025-22:30:17:500-24987	TLTX23		OTHER	PAIRED	NextSeq 2000	1379728	68986400	Homo sapiens
ERR14252819	SAMEA117636886	ena-SAMPLE-TAB-28-01-2025-22:30:17:500-24987	TLTX23		OTHER	PAIRED	NextSeq 2000	1968230	98411500	Homo sapiens
ERR14275968	SAMEA117636889	ena-SAMPLE-TAB-28-01-2025-22:30:17:500-24990	TLTX18		OTHER	PAIRED	NextSeq 2000	1542	77100	Homo sapiens
ERR14252841	SAMEA117636886	ena-SAMPLE-TAB-28-01-2025-22:30:17:500-24987	TLTX23		OTHER	PAIRED	NextSeq 2000	1382888	69144400	Homo sapiens
ERR14252855	SAMEA117636886	ena-SAMPLE-TAB-28-01-2025-22:30:17:500-24987	TLTX23		OTHER	PAIRED	NextSeq 2000	1593557	79677850	Homo sapiens
ERR14275970	SAMEA117636889	ena-SAMPLE-TAB-28-01-2025-22:30:17:500-24990	TLTX18		OTHER	PAIRED	NextSeq 2000	1794	89700	Homo sapiens
ERR14252883	SAMEA117636886	ena-SAMPLE-TAB-28-01-2025-22:30:17:500-24987	TLTX23		OTHER	PAIRED	NextSeq 2000	715783	35789150	Homo sapiens
ERR14275974	SAMEA117636889	ena-SAMPLE-TAB-28-01-2025-22:30:17:500-24990	TLTX18		OTHER	PAIRED	NextSeq 2000	2344	117200	Homo sapiens
ERR14252888	SAMEA117636886	ena-SAMPLE-TAB-28-01-2025-22:30:17:500-24987	TLTX23		OTHER	PAIRED	NextSeq 2000	995961	49798050	Homo sapiens
ERR14252988	SAMEA117636886	ena-SAMPLE-TAB-28-01-2025-22:30:17:500-24987	TLTX23		OTHER	PAIRED	NextSeq 2000	1799104	89955200	Homo sapiens
ERR14275978	SAMEA117636889	ena-SAMPLE-TAB-28-01-2025-22:30:17:500-24990	TLTX18		OTHER	PAIRED	NextSeq 2000	1560	78000	Homo sapiens
ERR14253020	SAMEA117636886	ena-SAMPLE-TAB-28-01-2025-22:30:17:500-24987	TLTX23		OTHER	PAIRED	NextSeq 2000	674069	33703450	Homo sapiens
ERR14275982	SAMEA117636889	ena-SAMPLE-TAB-28-01-2025-22:30:17:500-24990	TLTX18		OTHER	PAIRED	NextSeq 2000	1878220	93911000	Homo sapiens
ERR14253030	SAMEA117636886	ena-SAMPLE-TAB-28-01-2025-22:30:17:500-24987	TLTX23		OTHER	PAIRED	NextSeq 2000	1835992	91799600	Homo sapiens
ERR14253051	SAMEA117636886	ena-SAMPLE-TAB-28-01-2025-22:30:17:500-24987	TLTX23		OTHER	PAIRED	NextSeq 2000	1466974	73348700	Homo sapiens
ERR14275984	SAMEA117636889	ena-SAMPLE-TAB-28-01-2025-22:30:17:500-24990	TLTX18		OTHER	PAIRED	NextSeq 2000	1806	90300	Homo sapiens
ERR14253059	SAMEA117636886	ena-SAMPLE-TAB-28-01-2025-22:30:17:500-24987	TLTX23		OTHER	PAIRED	NextSeq 2000	1793204	89660200	Homo sapiens
ERR14275991	SAMEA117636889	ena-SAMPLE-TAB-28-01-2025-22:30:17:500-24990	TLTX18		OTHER	PAIRED	NextSeq 2000	1131418	56570900	Homo sapiens
ERR14253060	SAMEA117636886	ena-SAMPLE-TAB-28-01-2025-22:30:17:500-24987	TLTX23		OTHER	PAIRED	NextSeq 2000	2158199	107909950	Homo sapiens
ERR14253065	SAMEA117636886	ena-SAMPLE-TAB-28-01-2025-22:30:17:500-24987	TLTX23		OTHER	PAIRED	NextSeq 2000	250036	12501800	Homo sapiens
ERR14275992	SAMEA117636889	ena-SAMPLE-TAB-28-01-2025-22:30:17:500-24990	TLTX18		OTHER	PAIRED	NextSeq 2000	1809454	90472700	Homo sapiens
ERR14275998	SAMEA117636889	ena-SAMPLE-TAB-28-01-2025-22:30:17:500-24990	TLTX18		OTHER	PAIRED	NextSeq 2000	1784	89200	Homo sapiens
ERR14253084	SAMEA117636886	ena-SAMPLE-TAB-28-01-2025-22:30:17:500-24987	TLTX23		OTHER	PAIRED	NextSeq 2000	2260100	113005000	Homo sapiens
ERR14276009	SAMEA117636889	ena-SAMPLE-TAB-28-01-2025-22:30:17:500-24990	TLTX18		OTHER	PAIRED	NextSeq 2000	2170	108500	Homo sapiens
ERR14253157	SAMEA117636886	ena-SAMPLE-TAB-28-01-2025-22:30:17:500-24987	TLTX23		OTHER	PAIRED	NextSeq 2000	1787225	89361250	Homo sapiens
ERR14276012	SAMEA117636889	ena-SAMPLE-TAB-28-01-2025-22:30:17:500-24990	TLTX18		OTHER	PAIRED	NextSeq 2000	1224	61200	Homo sapiens
ERR14253179	SAMEA117636886	ena-SAMPLE-TAB-28-01-2025-22:30:17:500-24987	TLTX23		OTHER	PAIRED	NextSeq 2000	2767932	138396600	Homo sapiens
ERR14253180	SAMEA117636886	ena-SAMPLE-TAB-28-01-2025-22:30:17:500-24987	TLTX23		OTHER	PAIRED	NextSeq 2000	336136	16806800	Homo sapiens
ERR14276013	SAMEA117636889	ena-SAMPLE-TAB-28-01-2025-22:30:17:500-24990	TLTX18		OTHER	PAIRED	NextSeq 2000	1928	96400	Homo sapiens
ERR14253263	SAMEA117636886	ena-SAMPLE-TAB-28-01-2025-22:30:17:500-24987	TLTX23		OTHER	PAIRED	NextSeq 2000	1712634	85631700	Homo sapiens
ERR14276014	SAMEA117636889	ena-SAMPLE-TAB-28-01-2025-22:30:17:500-24990	TLTX18		OTHER	PAIRED	NextSeq 2000	1190	59500	Homo sapiens
ERR14253291	SAMEA117636886	ena-SAMPLE-TAB-28-01-2025-22:30:17:500-24987	TLTX23		OTHER	PAIRED	NextSeq 2000	1588292	79414600	Homo sapiens
ERR14253354	SAMEA117636886	ena-SAMPLE-TAB-28-01-2025-22:30:17:500-24987	TLTX23		OTHER	PAIRED	NextSeq 2000	716982	35849100	Homo sapiens
ERR14276018	SAMEA117636889	ena-SAMPLE-TAB-28-01-2025-22:30:17:500-24990	TLTX18		OTHER	PAIRED	NextSeq 2000	1380	69000	Homo sapiens
ERR14253365	SAMEA117636886	ena-SAMPLE-TAB-28-01-2025-22:30:17:500-24987	TLTX23		OTHER	PAIRED	NextSeq 2000	440734	22036700	Homo sapiens
ERR14276021	SAMEA117636889	ena-SAMPLE-TAB-28-01-2025-22:30:17:500-24990	TLTX18		OTHER	PAIRED	NextSeq 2000	1456	72800	Homo sapiens
ERR14253374	SAMEA117636886	ena-SAMPLE-TAB-28-01-2025-22:30:17:500-24987	TLTX23		OTHER	PAIRED	NextSeq 2000	323120	16156000	Homo sapiens
ERR14276026	SAMEA117636889	ena-SAMPLE-TAB-28-01-2025-22:30:17:500-24990	TLTX18		OTHER	PAIRED	NextSeq 2000	2184518	109225900	Homo sapiens
ERR14253387	SAMEA117636886	ena-SAMPLE-TAB-28-01-2025-22:30:17:500-24987	TLTX23		OTHER	PAIRED	NextSeq 2000	740946	37047300	Homo sapiens
ERR14276033	SAMEA117636889	ena-SAMPLE-TAB-28-01-2025-22:30:17:500-24990	TLTX18		OTHER	PAIRED	NextSeq 2000	1572	78600	Homo sapiens
ERR14253433	SAMEA117636886	ena-SAMPLE-TAB-28-01-2025-22:30:17:500-24987	TLTX23		OTHER	PAIRED	NextSeq 2000	814696	40734800	Homo sapiens
ERR14276034	SAMEA117636889	ena-SAMPLE-TAB-28-01-2025-22:30:17:500-24990	TLTX18		OTHER	PAIRED	NextSeq 2000	1264	63200	Homo sapiens
ERR14253446	SAMEA117636886	ena-SAMPLE-TAB-28-01-2025-22:30:17:500-24987	TLTX23		OTHER	PAIRED	NextSeq 2000	1336064	66803200	Homo sapiens
ERR14276037	SAMEA117636889	ena-SAMPLE-TAB-28-01-2025-22:30:17:500-24990	TLTX18		OTHER	PAIRED	NextSeq 2000	1114	55700	Homo sapiens
ERR14253463	SAMEA117636886	ena-SAMPLE-TAB-28-01-2025-22:30:17:500-24987	TLTX23		OTHER	PAIRED	NextSeq 2000	1162627	58131350	Homo sapiens
ERR14253498	SAMEA117636886	ena-SAMPLE-TAB-28-01-2025-22:30:17:500-24987	TLTX23		OTHER	PAIRED	NextSeq 2000	1425602	71280100	Homo sapiens
ERR14276040	SAMEA117636889	ena-SAMPLE-TAB-28-01-2025-22:30:17:500-24990	TLTX18		OTHER	PAIRED	NextSeq 2000	1160	58000	Homo sapiens
ERR14253519	SAMEA117636886	ena-SAMPLE-TAB-28-01-2025-22:30:17:500-24987	TLTX23		OTHER	PAIRED	NextSeq 2000	1514644	75732200	Homo sapiens
ERR14253531	SAMEA117636886	ena-SAMPLE-TAB-28-01-2025-22:30:17:500-24987	TLTX23		OTHER	PAIRED	NextSeq 2000	404526	20226300	Homo sapiens
ERR14276049	SAMEA117636889	ena-SAMPLE-TAB-28-01-2025-22:30:17:500-24990	TLTX18		OTHER	PAIRED	NextSeq 2000	1518	75900	Homo sapiens
ERR14253571	SAMEA117636886	ena-SAMPLE-TAB-28-01-2025-22:30:17:500-24987	TLTX23		OTHER	PAIRED	NextSeq 2000	1497550	74877500	Homo sapiens
ERR14276050	SAMEA117636889	ena-SAMPLE-TAB-28-01-2025-22:30:17:500-24990	TLTX18		OTHER	PAIRED	NextSeq 2000	1224	61200	Homo sapiens
ERR14253583	SAMEA117636886	ena-SAMPLE-TAB-28-01-2025-22:30:17:500-24987	TLTX23		OTHER	PAIRED	NextSeq 2000	512564	25628200	Homo sapiens
ERR14276053	SAMEA117636889	ena-SAMPLE-TAB-28-01-2025-22:30:17:500-24990	TLTX18		OTHER	PAIRED	NextSeq 2000	1793362	89668100	Homo sapiens
ERR14253588	SAMEA117636886	ena-SAMPLE-TAB-28-01-2025-22:30:17:500-24987	TLTX23		OTHER	PAIRED	NextSeq 2000	1408773	70438650	Homo sapiens
ERR14276060	SAMEA117636889	ena-SAMPLE-TAB-28-01-2025-22:30:17:500-24990	TLTX18		OTHER	PAIRED	NextSeq 2000	742	37100	Homo sapiens
ERR14253600	SAMEA117636886	ena-SAMPLE-TAB-28-01-2025-22:30:17:500-24987	TLTX23		OTHER	PAIRED	NextSeq 2000	605716	30285800	Homo sapiens
ERR14276062	SAMEA117636889	ena-SAMPLE-TAB-28-01-2025-22:30:17:500-24990	TLTX18		OTHER	PAIRED	NextSeq 2000	288	14400	Homo sapiens
ERR14253641	SAMEA117636886	ena-SAMPLE-TAB-28-01-2025-22:30:17:500-24987	TLTX23		OTHER	PAIRED	NextSeq 2000	537208	26860400	Homo sapiens
ERR14276069	SAMEA117636889	ena-SAMPLE-TAB-28-01-2025-22:30:17:500-24990	TLTX18		OTHER	PAIRED	NextSeq 2000	1262	63100	Homo sapiens
ERR14253701	SAMEA117636886	ena-SAMPLE-TAB-28-01-2025-22:30:17:500-24987	TLTX23		OTHER	PAIRED	NextSeq 2000	1733078	86653900	Homo sapiens
ERR14253725	SAMEA117636886	ena-SAMPLE-TAB-28-01-2025-22:30:17:500-24987	TLTX23		OTHER	PAIRED	NextSeq 2000	867735	43386750	Homo sapiens
ERR14253731	SAMEA117636886	ena-SAMPLE-TAB-28-01-2025-22:30:17:500-24987	TLTX23		OTHER	PAIRED	NextSeq 2000	766293	38314650	Homo sapiens
ERR14253772	SAMEA117636886	ena-SAMPLE-TAB-28-01-2025-22:30:17:500-24987	TLTX23		OTHER	PAIRED	NextSeq 2000	952327	47616350	Homo sapiens
ERR14276079	SAMEA117636889	ena-SAMPLE-TAB-28-01-2025-22:30:17:500-24990	TLTX18		OTHER	PAIRED	NextSeq 2000	1304	65200	Homo sapiens
ERR14253783	SAMEA117636886	ena-SAMPLE-TAB-28-01-2025-22:30:17:500-24987	TLTX23		OTHER	PAIRED	NextSeq 2000	993040	49652000	Homo sapiens
ERR14276082	SAMEA117636889	ena-SAMPLE-TAB-28-01-2025-22:30:17:500-24990	TLTX18		OTHER	PAIRED	NextSeq 2000	1280	64000	Homo sapiens
ERR14253786	SAMEA117636886	ena-SAMPLE-TAB-28-01-2025-22:30:17:500-24987	TLTX23		OTHER	PAIRED	NextSeq 2000	1772498	88624900	Homo sapiens
ERR14276084	SAMEA117636889	ena-SAMPLE-TAB-28-01-2025-22:30:17:500-24990	TLTX18		OTHER	PAIRED	NextSeq 2000	936	46800	Homo sapiens
ERR14253815	SAMEA117636886	ena-SAMPLE-TAB-28-01-2025-22:30:17:500-24987	TLTX23		OTHER	PAIRED	NextSeq 2000	1678188	83909400	Homo sapiens
ERR14253940	SAMEA117636886	ena-SAMPLE-TAB-28-01-2025-22:30:17:500-24987	TLTX23		OTHER	PAIRED	NextSeq 2000	750574	37528700	Homo sapiens
ERR14276086	SAMEA117636889	ena-SAMPLE-TAB-28-01-2025-22:30:17:500-24990	TLTX18		OTHER	PAIRED	NextSeq 2000	1729698	86484900	Homo sapiens
ERR14253946	SAMEA117636886	ena-SAMPLE-TAB-28-01-2025-22:30:17:500-24987	TLTX23		OTHER	PAIRED	NextSeq 2000	209944	10497200	Homo sapiens
ERR14276089	SAMEA117636889	ena-SAMPLE-TAB-28-01-2025-22:30:17:500-24990	TLTX18		OTHER	PAIRED	NextSeq 2000	1502	75100	Homo sapiens
ERR14253953	SAMEA117636886	ena-SAMPLE-TAB-28-01-2025-22:30:17:500-24987	TLTX23		OTHER	PAIRED	NextSeq 2000	1580274	79013700	Homo sapiens
ERR14276103	SAMEA117636889	ena-SAMPLE-TAB-28-01-2025-22:30:17:500-24990	TLTX18		OTHER	PAIRED	NextSeq 2000	1776570	88828500	Homo sapiens
ERR14253960	SAMEA117636886	ena-SAMPLE-TAB-28-01-2025-22:30:17:500-24987	TLTX23		OTHER	PAIRED	NextSeq 2000	1329913	66495650	Homo sapiens
ERR14276106	SAMEA117636889	ena-SAMPLE-TAB-28-01-2025-22:30:17:500-24990	TLTX18		OTHER	PAIRED	NextSeq 2000	2249300	112465000	Homo sapiens
ERR14253966	SAMEA117636886	ena-SAMPLE-TAB-28-01-2025-22:30:17:500-24987	TLTX23		OTHER	PAIRED	NextSeq 2000	915130	45756500	Homo sapiens
ERR14253991	SAMEA117636886	ena-SAMPLE-TAB-28-01-2025-22:30:17:500-24987	TLTX23		OTHER	PAIRED	NextSeq 2000	1698489	84924450	Homo sapiens
ERR14276120	SAMEA117636889	ena-SAMPLE-TAB-28-01-2025-22:30:17:500-24990	TLTX18		OTHER	PAIRED	NextSeq 2000	1296	64800	Homo sapiens
ERR14255429	SAMEA117636886	ena-SAMPLE-TAB-28-01-2025-22:30:17:500-24987	TLTX23		OTHER	PAIRED	NextSeq 2000	600956	30047800	Homo sapiens
ERR14276132	SAMEA117636889	ena-SAMPLE-TAB-28-01-2025-22:30:17:500-24990	TLTX18		OTHER	PAIRED	NextSeq 2000	922	46100	Homo sapiens
ERR14255430	SAMEA117636886	ena-SAMPLE-TAB-28-01-2025-22:30:17:500-24987	TLTX23		OTHER	PAIRED	NextSeq 2000	848235	42411750	Homo sapiens
ERR14276135	SAMEA117636889	ena-SAMPLE-TAB-28-01-2025-22:30:17:500-24990	TLTX18		OTHER	PAIRED	NextSeq 2000	2624	131200	Homo sapiens
ERR14255454	SAMEA117636886	ena-SAMPLE-TAB-28-01-2025-22:30:17:500-24987	TLTX23		OTHER	PAIRED	NextSeq 2000	1017897	50894850	Homo sapiens
ERR14255455	SAMEA117636886	ena-SAMPLE-TAB-28-01-2025-22:30:17:500-24987	TLTX23		OTHER	PAIRED	NextSeq 2000	558676	27933800	Homo sapiens
ERR14255461	SAMEA117636886	ena-SAMPLE-TAB-28-01-2025-22:30:17:500-24987	TLTX23		OTHER	PAIRED	NextSeq 2000	371768	18588400	Homo sapiens
ERR14276154	SAMEA117636889	ena-SAMPLE-TAB-28-01-2025-22:30:17:500-24990	TLTX18		OTHER	PAIRED	NextSeq 2000	1376	68800	Homo sapiens
ERR14255505	SAMEA117636886	ena-SAMPLE-TAB-28-01-2025-22:30:17:500-24987	TLTX23		OTHER	PAIRED	NextSeq 2000	1355742	67787100	Homo sapiens
ERR14255511	SAMEA117636886	ena-SAMPLE-TAB-28-01-2025-22:30:17:500-24987	TLTX23		OTHER	PAIRED	NextSeq 2000	1056643	52832150	Homo sapiens
ERR14276155	SAMEA117636889	ena-SAMPLE-TAB-28-01-2025-22:30:17:500-24990	TLTX18		OTHER	PAIRED	NextSeq 2000	968	48400	Homo sapiens
ERR14255519	SAMEA117636886	ena-SAMPLE-TAB-28-01-2025-22:30:17:500-24987	TLTX23		OTHER	PAIRED	NextSeq 2000	1139100	56955000	Homo sapiens
ERR14276158	SAMEA117636889	ena-SAMPLE-TAB-28-01-2025-22:30:17:500-24990	TLTX18		OTHER	PAIRED	NextSeq 2000	1166	58300	Homo sapiens
ERR14276160	SAMEA117636889	ena-SAMPLE-TAB-28-01-2025-22:30:17:500-24990	TLTX18		OTHER	PAIRED	NextSeq 2000	1514	75700	Homo sapiens
ERR14255539	SAMEA117636886	ena-SAMPLE-TAB-28-01-2025-22:30:17:500-24987	TLTX23		OTHER	PAIRED	NextSeq 2000	1086852	54342600	Homo sapiens
ERR14276162	SAMEA117636889	ena-SAMPLE-TAB-28-01-2025-22:30:17:500-24990	TLTX18		OTHER	PAIRED	NextSeq 2000	1392	69600	Homo sapiens
ERR14255547	SAMEA117636886	ena-SAMPLE-TAB-28-01-2025-22:30:17:500-24987	TLTX23		OTHER	PAIRED	NextSeq 2000	902703	45135150	Homo sapiens
ERR14255562	SAMEA117636886	ena-SAMPLE-TAB-28-01-2025-22:30:17:500-24987	TLTX23		OTHER	PAIRED	NextSeq 2000	750448	37522400	Homo sapiens
ERR14276163	SAMEA117636889	ena-SAMPLE-TAB-28-01-2025-22:30:17:500-24990	TLTX18		OTHER	PAIRED	NextSeq 2000	2158	107900	Homo sapiens
ERR14255577	SAMEA117636886	ena-SAMPLE-TAB-28-01-2025-22:30:17:500-24987	TLTX23		OTHER	PAIRED	NextSeq 2000	293086	14654300	Homo sapiens
ERR14276171	SAMEA117636889	ena-SAMPLE-TAB-28-01-2025-22:30:17:500-24990	TLTX18		OTHER	PAIRED	NextSeq 2000	1945596	97279800	Homo sapiens
ERR14255591	SAMEA117636886	ena-SAMPLE-TAB-28-01-2025-22:30:17:500-24987	TLTX23		OTHER	PAIRED	NextSeq 2000	971995	48599750	Homo sapiens
ERR14276172	SAMEA117636889	ena-SAMPLE-TAB-28-01-2025-22:30:17:500-24990	TLTX18		OTHER	PAIRED	NextSeq 2000	498	24900	Homo sapiens
ERR14255596	SAMEA117636886	ena-SAMPLE-TAB-28-01-2025-22:30:17:500-24987	TLTX23		OTHER	PAIRED	NextSeq 2000	640508	32025400	Homo sapiens
ERR14276173	SAMEA117636889	ena-SAMPLE-TAB-28-01-2025-22:30:17:500-24990	TLTX18		OTHER	PAIRED	NextSeq 2000	1572	78600	Homo sapiens
ERR14255619	SAMEA117636886	ena-SAMPLE-TAB-28-01-2025-22:30:17:500-24987	TLTX23		OTHER	PAIRED	NextSeq 2000	750044	37502200	Homo sapiens
ERR14276175	SAMEA117636889	ena-SAMPLE-TAB-28-01-2025-22:30:17:500-24990	TLTX18		OTHER	PAIRED	NextSeq 2000	2416	120800	Homo sapiens
ERR14255660	SAMEA117636886	ena-SAMPLE-TAB-28-01-2025-22:30:17:500-24987	TLTX23		OTHER	PAIRED	NextSeq 2000	609007	30450350	Homo sapiens
ERR14276176	SAMEA117636889	ena-SAMPLE-TAB-28-01-2025-22:30:17:500-24990	TLTX18		OTHER	PAIRED	NextSeq 2000	1733098	86654900	Homo sapiens
ERR14255681	SAMEA117636886	ena-SAMPLE-TAB-28-01-2025-22:30:17:500-24987	TLTX23		OTHER	PAIRED	NextSeq 2000	838151	41907550	Homo sapiens
ERR14276178	SAMEA117636889	ena-SAMPLE-TAB-28-01-2025-22:30:17:500-24990	TLTX18		OTHER	PAIRED	NextSeq 2000	1756	87800	Homo sapiens
ERR14255716	SAMEA117636886	ena-SAMPLE-TAB-28-01-2025-22:30:17:500-24987	TLTX23		OTHER	PAIRED	NextSeq 2000	1202863	60143150	Homo sapiens
ERR14276185	SAMEA117636889	ena-SAMPLE-TAB-28-01-2025-22:30:17:500-24990	TLTX18		OTHER	PAIRED	NextSeq 2000	1845448	92272400	Homo sapiens
ERR14255778	SAMEA117636886	ena-SAMPLE-TAB-28-01-2025-22:30:17:500-24987	TLTX23		OTHER	PAIRED	NextSeq 2000	438058	21902900	Homo sapiens
ERR14276188	SAMEA117636889	ena-SAMPLE-TAB-28-01-2025-22:30:17:500-24990	TLTX18		OTHER	PAIRED	NextSeq 2000	1656	82800	Homo sapiens
ERR14255782	SAMEA117636886	ena-SAMPLE-TAB-28-01-2025-22:30:17:500-24987	TLTX23		OTHER	PAIRED	NextSeq 2000	736462	36823100	Homo sapiens
ERR14276190	SAMEA117636889	ena-SAMPLE-TAB-28-01-2025-22:30:17:500-24990	TLTX18		OTHER	PAIRED	NextSeq 2000	1474672	73733600	Homo sapiens
ERR14255805	SAMEA117636886	ena-SAMPLE-TAB-28-01-2025-22:30:17:500-24987	TLTX23		OTHER	PAIRED	NextSeq 2000	905398	45269900	Homo sapiens
ERR14276204	SAMEA117636889	ena-SAMPLE-TAB-28-01-2025-22:30:17:500-24990	TLTX18		OTHER	PAIRED	NextSeq 2000	882	44100	Homo sapiens
ERR14255834	SAMEA117636886	ena-SAMPLE-TAB-28-01-2025-22:30:17:500-24987	TLTX23		OTHER	PAIRED	NextSeq 2000	666728	33336400	Homo sapiens
ERR14276206	SAMEA117636889	ena-SAMPLE-TAB-28-01-2025-22:30:17:500-24990	TLTX18		OTHER	PAIRED	NextSeq 2000	348	17400	Homo sapiens
ERR14255894	SAMEA117636886	ena-SAMPLE-TAB-28-01-2025-22:30:17:500-24987	TLTX23		OTHER	PAIRED	NextSeq 2000	1113839	55691950	Homo sapiens
ERR14276210	SAMEA117636889	ena-SAMPLE-TAB-28-01-2025-22:30:17:500-24990	TLTX18		OTHER	PAIRED	NextSeq 2000	1554	77700	Homo sapiens
ERR14255907	SAMEA117636886	ena-SAMPLE-TAB-28-01-2025-22:30:17:500-24987	TLTX23		OTHER	PAIRED	NextSeq 2000	966118	48305900	Homo sapiens
ERR14276213	SAMEA117636889	ena-SAMPLE-TAB-28-01-2025-22:30:17:500-24990	TLTX18		OTHER	PAIRED	NextSeq 2000	1424164	71208200	Homo sapiens
ERR14255909	SAMEA117636886	ena-SAMPLE-TAB-28-01-2025-22:30:17:500-24987	TLTX23		OTHER	PAIRED	NextSeq 2000	1281324	64066200	Homo sapiens
ERR14276217	SAMEA117636889	ena-SAMPLE-TAB-28-01-2025-22:30:17:500-24990	TLTX18		OTHER	PAIRED	NextSeq 2000	1274	63700	Homo sapiens
ERR14255946	SAMEA117636886	ena-SAMPLE-TAB-28-01-2025-22:30:17:500-24987	TLTX23		OTHER	PAIRED	NextSeq 2000	1258705	62935250	Homo sapiens
ERR14276219	SAMEA117636889	ena-SAMPLE-TAB-28-01-2025-22:30:17:500-24990	TLTX18		OTHER	PAIRED	NextSeq 2000	2072470	103623500	Homo sapiens
ERR14255964	SAMEA117636886	ena-SAMPLE-TAB-28-01-2025-22:30:17:500-24987	TLTX23		OTHER	PAIRED	NextSeq 2000	577804	28890200	Homo sapiens
ERR14276227	SAMEA117636889	ena-SAMPLE-TAB-28-01-2025-22:30:17:500-24990	TLTX18		OTHER	PAIRED	NextSeq 2000	906	45300	Homo sapiens
ERR14276239	SAMEA117636889	ena-SAMPLE-TAB-28-01-2025-22:30:17:500-24990	TLTX18		OTHER	PAIRED	NextSeq 2000	2222438	111121900	Homo sapiens
ERR14255990	SAMEA117636886	ena-SAMPLE-TAB-28-01-2025-22:30:17:500-24987	TLTX23		OTHER	PAIRED	NextSeq 2000	338852	16942600	Homo sapiens
ERR14276241	SAMEA117636889	ena-SAMPLE-TAB-28-01-2025-22:30:17:500-24990	TLTX18		OTHER	PAIRED	NextSeq 2000	1754	87700	Homo sapiens
ERR14256060	SAMEA117636886	ena-SAMPLE-TAB-28-01-2025-22:30:17:500-24987	TLTX23		OTHER	PAIRED	NextSeq 2000	1368664	68433200	Homo sapiens
ERR14276250	SAMEA117636889	ena-SAMPLE-TAB-28-01-2025-22:30:17:500-24990	TLTX18		OTHER	PAIRED	NextSeq 2000	1578	78900	Homo sapiens
ERR14256061	SAMEA117636886	ena-SAMPLE-TAB-28-01-2025-22:30:17:500-24987	TLTX23		OTHER	PAIRED	NextSeq 2000	1204723	60236150	Homo sapiens
ERR14276255	SAMEA117636889	ena-SAMPLE-TAB-28-01-2025-22:30:17:500-24990	TLTX18		OTHER	PAIRED	NextSeq 2000	2188	109400	Homo sapiens
ERR14256080	SAMEA117636886	ena-SAMPLE-TAB-28-01-2025-22:30:17:500-24987	TLTX23		OTHER	PAIRED	NextSeq 2000	1025875	51293750	Homo sapiens
ERR14276256	SAMEA117636889	ena-SAMPLE-TAB-28-01-2025-22:30:17:500-24990	TLTX18		OTHER	PAIRED	NextSeq 2000	2077794	103889700	Homo sapiens
ERR14256086	SAMEA117636886	ena-SAMPLE-TAB-28-01-2025-22:30:17:500-24987	TLTX23		OTHER	PAIRED	NextSeq 2000	1174978	58748900	Homo sapiens
ERR14276257	SAMEA117636889	ena-SAMPLE-TAB-28-01-2025-22:30:17:500-24990	TLTX18		OTHER	PAIRED	NextSeq 2000	1764	88200	Homo sapiens
ERR14256088	SAMEA117636886	ena-SAMPLE-TAB-28-01-2025-22:30:17:500-24987	TLTX23		OTHER	PAIRED	NextSeq 2000	526338	26316900	Homo sapiens
ERR14276259	SAMEA117636889	ena-SAMPLE-TAB-28-01-2025-22:30:17:500-24990	TLTX18		OTHER	PAIRED	NextSeq 2000	1524	76200	Homo sapiens
ERR14256109	SAMEA117636886	ena-SAMPLE-TAB-28-01-2025-22:30:17:500-24987	TLTX23		OTHER	PAIRED	NextSeq 2000	459730	22986500	Homo sapiens
ERR14276261	SAMEA117636889	ena-SAMPLE-TAB-28-01-2025-22:30:17:500-24990	TLTX18		OTHER	PAIRED	NextSeq 2000	960	48000	Homo sapiens
ERR14256112	SAMEA117636886	ena-SAMPLE-TAB-28-01-2025-22:30:17:500-24987	TLTX23		OTHER	PAIRED	NextSeq 2000	232635	11631750	Homo sapiens
ERR14276270	SAMEA117636889	ena-SAMPLE-TAB-28-01-2025-22:30:17:500-24990	TLTX18		OTHER	PAIRED	NextSeq 2000	2042	102100	Homo sapiens
ERR14256148	SAMEA117636886	ena-SAMPLE-TAB-28-01-2025-22:30:17:500-24987	TLTX23		OTHER	PAIRED	NextSeq 2000	1161582	58079100	Homo sapiens
ERR14276271	SAMEA117636889	ena-SAMPLE-TAB-28-01-2025-22:30:17:500-24990	TLTX18		OTHER	PAIRED	NextSeq 2000	1206	60300	Homo sapiens
ERR14256153	SAMEA117636886	ena-SAMPLE-TAB-28-01-2025-22:30:17:500-24987	TLTX23		OTHER	PAIRED	NextSeq 2000	767116	38355800	Homo sapiens
ERR14276279	SAMEA117636889	ena-SAMPLE-TAB-28-01-2025-22:30:17:500-24990	TLTX18		OTHER	PAIRED	NextSeq 2000	2422	121100	Homo sapiens
ERR14256175	SAMEA117636886	ena-SAMPLE-TAB-28-01-2025-22:30:17:500-24987	TLTX23		OTHER	PAIRED	NextSeq 2000	760765	38038250	Homo sapiens
ERR14276290	SAMEA117636889	ena-SAMPLE-TAB-28-01-2025-22:30:17:500-24990	TLTX18		OTHER	PAIRED	NextSeq 2000	1402	70100	Homo sapiens
ERR14276292	SAMEA117636889	ena-SAMPLE-TAB-28-01-2025-22:30:17:500-24990	TLTX18		OTHER	PAIRED	NextSeq 2000	1812	90600	Homo sapiens
ERR14276305	SAMEA117636889	ena-SAMPLE-TAB-28-01-2025-22:30:17:500-24990	TLTX18		OTHER	PAIRED	NextSeq 2000	1858	92900	Homo sapiens
ERR14276306	SAMEA117636889	ena-SAMPLE-TAB-28-01-2025-22:30:17:500-24990	TLTX18		OTHER	PAIRED	NextSeq 2000	1394	69700	Homo sapiens
ERR14276307	SAMEA117636889	ena-SAMPLE-TAB-28-01-2025-22:30:17:500-24990	TLTX18		OTHER	PAIRED	NextSeq 2000	1402	70100	Homo sapiens
ERR14276314	SAMEA117636889	ena-SAMPLE-TAB-28-01-2025-22:30:17:500-24990	TLTX18		OTHER	PAIRED	NextSeq 2000	1598	79900	Homo sapiens
ERR14276318	SAMEA117636889	ena-SAMPLE-TAB-28-01-2025-22:30:17:500-24990	TLTX18		OTHER	PAIRED	NextSeq 2000	896	44800	Homo sapiens
ERR14276320	SAMEA117636889	ena-SAMPLE-TAB-28-01-2025-22:30:17:500-24990	TLTX18		OTHER	PAIRED	NextSeq 2000	1414	70700	Homo sapiens
ERR14276329	SAMEA117636889	ena-SAMPLE-TAB-28-01-2025-22:30:17:500-24990	TLTX18		OTHER	PAIRED	NextSeq 2000	1982486	99124300	Homo sapiens
ERR14256208	SAMEA117636886	ena-SAMPLE-TAB-28-01-2025-22:30:17:500-24987	TLTX23		OTHER	PAIRED	NextSeq 2000	1285095	64254750	Homo sapiens
ERR14276333	SAMEA117636889	ena-SAMPLE-TAB-28-01-2025-22:30:17:500-24990	TLTX18		OTHER	PAIRED	NextSeq 2000	592	29600	Homo sapiens
ERR14276339	SAMEA117636889	ena-SAMPLE-TAB-28-01-2025-22:30:17:500-24990	TLTX18		OTHER	PAIRED	NextSeq 2000	2318508	115925400	Homo sapiens
ERR14276345	SAMEA117636889	ena-SAMPLE-TAB-28-01-2025-22:30:17:500-24990	TLTX18		OTHER	PAIRED	NextSeq 2000	1694510	84725500	Homo sapiens
ERR14256264	SAMEA117636886	ena-SAMPLE-TAB-28-01-2025-22:30:17:500-24987	TLTX23		OTHER	PAIRED	NextSeq 2000	466696	23334800	Homo sapiens
ERR14276352	SAMEA117636889	ena-SAMPLE-TAB-28-01-2025-22:30:17:500-24990	TLTX18		OTHER	PAIRED	NextSeq 2000	1232	61600	Homo sapiens
ERR14256277	SAMEA117636886	ena-SAMPLE-TAB-28-01-2025-22:30:17:500-24987	TLTX23		OTHER	PAIRED	NextSeq 2000	390495	19524750	Homo sapiens
ERR14276356	SAMEA117636889	ena-SAMPLE-TAB-28-01-2025-22:30:17:500-24990	TLTX18		OTHER	PAIRED	NextSeq 2000	578	28900	Homo sapiens
ERR14256283	SAMEA117636886	ena-SAMPLE-TAB-28-01-2025-22:30:17:500-24987	TLTX23		OTHER	PAIRED	NextSeq 2000	455804	22790200	Homo sapiens
ERR14256304	SAMEA117636886	ena-SAMPLE-TAB-28-01-2025-22:30:17:500-24987	TLTX23		OTHER	PAIRED	NextSeq 2000	1022878	51143900	Homo sapiens
ERR14276360	SAMEA117636889	ena-SAMPLE-TAB-28-01-2025-22:30:17:500-24990	TLTX18		OTHER	PAIRED	NextSeq 2000	2089468	104473400	Homo sapiens
ERR14256315	SAMEA117636886	ena-SAMPLE-TAB-28-01-2025-22:30:17:500-24987	TLTX23		OTHER	PAIRED	NextSeq 2000	600156	30007800	Homo sapiens
ERR14276373	SAMEA117636889	ena-SAMPLE-TAB-28-01-2025-22:30:17:500-24990	TLTX18		OTHER	PAIRED	NextSeq 2000	1789936	89496800	Homo sapiens
ERR14256367	SAMEA117636886	ena-SAMPLE-TAB-28-01-2025-22:30:17:500-24987	TLTX23		OTHER	PAIRED	NextSeq 2000	330950	16547500	Homo sapiens
ERR14256404	SAMEA117636886	ena-SAMPLE-TAB-28-01-2025-22:30:17:500-24987	TLTX23		OTHER	PAIRED	NextSeq 2000	997110	49855500	Homo sapiens
ERR14276376	SAMEA117636889	ena-SAMPLE-TAB-28-01-2025-22:30:17:500-24990	TLTX18		OTHER	PAIRED	NextSeq 2000	1178	58900	Homo sapiens
ERR14256419	SAMEA117636886	ena-SAMPLE-TAB-28-01-2025-22:30:17:500-24987	TLTX23		OTHER	PAIRED	NextSeq 2000	502400	25120000	Homo sapiens
ERR14276385	SAMEA117636889	ena-SAMPLE-TAB-28-01-2025-22:30:17:500-24990	TLTX18		OTHER	PAIRED	NextSeq 2000	1860	93000	Homo sapiens
ERR14256458	SAMEA117636886	ena-SAMPLE-TAB-28-01-2025-22:30:17:500-24987	TLTX23		OTHER	PAIRED	NextSeq 2000	906660	45333000	Homo sapiens
ERR14256491	SAMEA117636886	ena-SAMPLE-TAB-28-01-2025-22:30:17:500-24987	TLTX23		OTHER	PAIRED	NextSeq 2000	1551646	77582300	Homo sapiens
ERR14276395	SAMEA117636889	ena-SAMPLE-TAB-28-01-2025-22:30:17:500-24990	TLTX18		OTHER	PAIRED	NextSeq 2000	2308	115400	Homo sapiens
ERR14256521	SAMEA117636886	ena-SAMPLE-TAB-28-01-2025-22:30:17:500-24987	TLTX23		OTHER	PAIRED	NextSeq 2000	816856	40842800	Homo sapiens
ERR14276397	SAMEA117636889	ena-SAMPLE-TAB-28-01-2025-22:30:17:500-24990	TLTX18		OTHER	PAIRED	NextSeq 2000	1358	67900	Homo sapiens
ERR14256642	SAMEA117636886	ena-SAMPLE-TAB-28-01-2025-22:30:17:500-24987	TLTX23		OTHER	PAIRED	NextSeq 2000	1197670	59883500	Homo sapiens
ERR14256659	SAMEA117636886	ena-SAMPLE-TAB-28-01-2025-22:30:17:500-24987	TLTX23		OTHER	PAIRED	NextSeq 2000	1557135	77856750	Homo sapiens
ERR14276399	SAMEA117636889	ena-SAMPLE-TAB-28-01-2025-22:30:17:500-24990	TLTX18		OTHER	PAIRED	NextSeq 2000	1687992	84399600	Homo sapiens
ERR14256660	SAMEA117636886	ena-SAMPLE-TAB-28-01-2025-22:30:17:500-24987	TLTX23		OTHER	PAIRED	NextSeq 2000	888448	44422400	Homo sapiens
ERR14276402	SAMEA117636889	ena-SAMPLE-TAB-28-01-2025-22:30:17:500-24990	TLTX18		OTHER	PAIRED	NextSeq 2000	1714	85700	Homo sapiens
ERR14256672	SAMEA117636886	ena-SAMPLE-TAB-28-01-2025-22:30:17:500-24987	TLTX23		OTHER	PAIRED	NextSeq 2000	863391	43169550	Homo sapiens
ERR14256699	SAMEA117636886	ena-SAMPLE-TAB-28-01-2025-22:30:17:500-24987	TLTX23		OTHER	PAIRED	NextSeq 2000	778473	38923650	Homo sapiens
ERR14276406	SAMEA117636889	ena-SAMPLE-TAB-28-01-2025-22:30:17:500-24990	TLTX18		OTHER	PAIRED	NextSeq 2000	2442	122100	Homo sapiens
ERR14256704	SAMEA117636886	ena-SAMPLE-TAB-28-01-2025-22:30:17:500-24987	TLTX23		OTHER	PAIRED	NextSeq 2000	865726	43286300	Homo sapiens
ERR14256719	SAMEA117636886	ena-SAMPLE-TAB-28-01-2025-22:30:17:500-24987	TLTX23		OTHER	PAIRED	NextSeq 2000	582124	29106200	Homo sapiens
ERR14276416	SAMEA117636889	ena-SAMPLE-TAB-28-01-2025-22:30:17:500-24990	TLTX18		OTHER	PAIRED	NextSeq 2000	1406936	70346800	Homo sapiens
ERR14276430	SAMEA117636889	ena-SAMPLE-TAB-28-01-2025-22:30:17:500-24990	TLTX18		OTHER	PAIRED	NextSeq 2000	1836	91800	Homo sapiens
ERR14256728	SAMEA117636886	ena-SAMPLE-TAB-28-01-2025-22:30:17:500-24987	TLTX23		OTHER	PAIRED	NextSeq 2000	647584	32379200	Homo sapiens
ERR14256732	SAMEA117636886	ena-SAMPLE-TAB-28-01-2025-22:30:17:500-24987	TLTX23		OTHER	PAIRED	NextSeq 2000	379460	18973000	Homo sapiens
ERR14276435	SAMEA117636889	ena-SAMPLE-TAB-28-01-2025-22:30:17:500-24990	TLTX18		OTHER	PAIRED	NextSeq 2000	1302	65100	Homo sapiens
ERR14256758	SAMEA117636886	ena-SAMPLE-TAB-28-01-2025-22:30:17:500-24987	TLTX23		OTHER	PAIRED	NextSeq 2000	897696	44884800	Homo sapiens
ERR14276436	SAMEA117636889	ena-SAMPLE-TAB-28-01-2025-22:30:17:500-24990	TLTX18		OTHER	PAIRED	NextSeq 2000	2004	100200	Homo sapiens
ERR14256769	SAMEA117636886	ena-SAMPLE-TAB-28-01-2025-22:30:17:500-24987	TLTX23		OTHER	PAIRED	NextSeq 2000	453226	22661300	Homo sapiens
ERR14256812	SAMEA117636886	ena-SAMPLE-TAB-28-01-2025-22:30:17:500-24987	TLTX23		OTHER	PAIRED	NextSeq 2000	732883	36644150	Homo sapiens
ERR14276445	SAMEA117636889	ena-SAMPLE-TAB-28-01-2025-22:30:17:500-24990	TLTX18		OTHER	PAIRED	NextSeq 2000	1993252	99662600	Homo sapiens
ERR14256817	SAMEA117636886	ena-SAMPLE-TAB-28-01-2025-22:30:17:500-24987	TLTX23		OTHER	PAIRED	NextSeq 2000	1095298	54764900	Homo sapiens
ERR14276455	SAMEA117636889	ena-SAMPLE-TAB-28-01-2025-22:30:17:500-24990	TLTX18		OTHER	PAIRED	NextSeq 2000	1476	73800	Homo sapiens
ERR14256851	SAMEA117636886	ena-SAMPLE-TAB-28-01-2025-22:30:17:500-24987	TLTX23		OTHER	PAIRED	NextSeq 2000	1385748	69287400	Homo sapiens
ERR14256871	SAMEA117636886	ena-SAMPLE-TAB-28-01-2025-22:30:17:500-24987	TLTX23		OTHER	PAIRED	NextSeq 2000	527499	26374950	Homo sapiens
ERR14276461	SAMEA117636889	ena-SAMPLE-TAB-28-01-2025-22:30:17:500-24990	TLTX18		OTHER	PAIRED	NextSeq 2000	1208	60400	Homo sapiens
ERR14256878	SAMEA117636886	ena-SAMPLE-TAB-28-01-2025-22:30:17:500-24987	TLTX23		OTHER	PAIRED	NextSeq 2000	1109035	55451750	Homo sapiens
ERR14256895	SAMEA117636886	ena-SAMPLE-TAB-28-01-2025-22:30:17:500-24987	TLTX23		OTHER	PAIRED	NextSeq 2000	494636	24731800	Homo sapiens
ERR14276464	SAMEA117636889	ena-SAMPLE-TAB-28-01-2025-22:30:17:500-24990	TLTX18		OTHER	PAIRED	NextSeq 2000	1510	75500	Homo sapiens
ERR14256897	SAMEA117636886	ena-SAMPLE-TAB-28-01-2025-22:30:17:500-24987	TLTX23		OTHER	PAIRED	NextSeq 2000	1986693	99334650	Homo sapiens
ERR14276466	SAMEA117636889	ena-SAMPLE-TAB-28-01-2025-22:30:17:500-24990	TLTX18		OTHER	PAIRED	NextSeq 2000	1901404	95070200	Homo sapiens
ERR14256901	SAMEA117636886	ena-SAMPLE-TAB-28-01-2025-22:30:17:500-24987	TLTX23		OTHER	PAIRED	NextSeq 2000	1718265	85913250	Homo sapiens
ERR14256912	SAMEA117636886	ena-SAMPLE-TAB-28-01-2025-22:30:17:500-24987	TLTX23		OTHER	PAIRED	NextSeq 2000	695927	34796350	Homo sapiens
ERR14276471	SAMEA117636889	ena-SAMPLE-TAB-28-01-2025-22:30:17:500-24990	TLTX18		OTHER	PAIRED	NextSeq 2000	1754	87700	Homo sapiens
ERR14256913	SAMEA117636886	ena-SAMPLE-TAB-28-01-2025-22:30:17:500-24987	TLTX23		OTHER	PAIRED	NextSeq 2000	1133188	56659400	Homo sapiens
ERR14256922	SAMEA117636886	ena-SAMPLE-TAB-28-01-2025-22:30:17:500-24987	TLTX23		OTHER	PAIRED	NextSeq 2000	1366356	68317800	Homo sapiens
ERR14276474	SAMEA117636889	ena-SAMPLE-TAB-28-01-2025-22:30:17:500-24990	TLTX18		OTHER	PAIRED	NextSeq 2000	1278	63900	Homo sapiens
ERR14256932	SAMEA117636886	ena-SAMPLE-TAB-28-01-2025-22:30:17:500-24987	TLTX23		OTHER	PAIRED	NextSeq 2000	2207039	110351950	Homo sapiens
ERR14276476	SAMEA117636889	ena-SAMPLE-TAB-28-01-2025-22:30:17:500-24990	TLTX18		OTHER	PAIRED	NextSeq 2000	1455222	72761100	Homo sapiens
ERR14256950	SAMEA117636886	ena-SAMPLE-TAB-28-01-2025-22:30:17:500-24987	TLTX23		OTHER	PAIRED	NextSeq 2000	1263114	63155700	Homo sapiens
ERR14276477	SAMEA117636889	ena-SAMPLE-TAB-28-01-2025-22:30:17:500-24990	TLTX18		OTHER	PAIRED	NextSeq 2000	708	35400	Homo sapiens
ERR14256955	SAMEA117636886	ena-SAMPLE-TAB-28-01-2025-22:30:17:500-24987	TLTX23		OTHER	PAIRED	NextSeq 2000	1010880	50544000	Homo sapiens
ERR14276484	SAMEA117636889	ena-SAMPLE-TAB-28-01-2025-22:30:17:500-24990	TLTX18		OTHER	PAIRED	NextSeq 2000	1484586	74229300	Homo sapiens
ERR14256987	SAMEA117636886	ena-SAMPLE-TAB-28-01-2025-22:30:17:500-24987	TLTX23		OTHER	PAIRED	NextSeq 2000	519228	25961400	Homo sapiens
ERR14276492	SAMEA117636889	ena-SAMPLE-TAB-28-01-2025-22:30:17:500-24990	TLTX18		OTHER	PAIRED	NextSeq 2000	762854	38142700	Homo sapiens
ERR14257004	SAMEA117636886	ena-SAMPLE-TAB-28-01-2025-22:30:17:500-24987	TLTX23		OTHER	PAIRED	NextSeq 2000	473153	23657650	Homo sapiens
ERR14276513	SAMEA117636889	ena-SAMPLE-TAB-28-01-2025-22:30:17:500-24990	TLTX18		OTHER	PAIRED	NextSeq 2000	1869812	93490600	Homo sapiens
ERR14257007	SAMEA117636886	ena-SAMPLE-TAB-28-01-2025-22:30:17:500-24987	TLTX23		OTHER	PAIRED	NextSeq 2000	929373	46468650	Homo sapiens
ERR14276514	SAMEA117636889	ena-SAMPLE-TAB-28-01-2025-22:30:17:500-24990	TLTX18		OTHER	PAIRED	NextSeq 2000	1162	58100	Homo sapiens
ERR14257015	SAMEA117636886	ena-SAMPLE-TAB-28-01-2025-22:30:17:500-24987	TLTX23		OTHER	PAIRED	NextSeq 2000	1136907	56845350	Homo sapiens
ERR14276523	SAMEA117636889	ena-SAMPLE-TAB-28-01-2025-22:30:17:500-24990	TLTX18		OTHER	PAIRED	NextSeq 2000	1722026	86101300	Homo sapiens
ERR14257016	SAMEA117636886	ena-SAMPLE-TAB-28-01-2025-22:30:17:500-24987	TLTX23		OTHER	PAIRED	NextSeq 2000	976782	48839100	Homo sapiens
ERR14276528	SAMEA117636889	ena-SAMPLE-TAB-28-01-2025-22:30:17:500-24990	TLTX18		OTHER	PAIRED	NextSeq 2000	1456	72800	Homo sapiens
ERR14257023	SAMEA117636886	ena-SAMPLE-TAB-28-01-2025-22:30:17:500-24987	TLTX23		OTHER	PAIRED	NextSeq 2000	1280966	64048300	Homo sapiens
ERR14276534	SAMEA117636889	ena-SAMPLE-TAB-28-01-2025-22:30:17:500-24990	TLTX18		OTHER	PAIRED	NextSeq 2000	1592926	79646300	Homo sapiens
ERR14257067	SAMEA117636886	ena-SAMPLE-TAB-28-01-2025-22:30:17:500-24987	TLTX23		OTHER	PAIRED	NextSeq 2000	1073135	53656750	Homo sapiens
ERR14276536	SAMEA117636889	ena-SAMPLE-TAB-28-01-2025-22:30:17:500-24990	TLTX18		OTHER	PAIRED	NextSeq 2000	2020	101000	Homo sapiens
ERR14257103	SAMEA117636886	ena-SAMPLE-TAB-28-01-2025-22:30:17:500-24987	TLTX23		OTHER	PAIRED	NextSeq 2000	1115437	55771850	Homo sapiens
ERR14276539	SAMEA117636889	ena-SAMPLE-TAB-28-01-2025-22:30:17:500-24990	TLTX18		OTHER	PAIRED	NextSeq 2000	1773000	88650000	Homo sapiens
ERR14257122	SAMEA117636886	ena-SAMPLE-TAB-28-01-2025-22:30:17:500-24987	TLTX23		OTHER	PAIRED	NextSeq 2000	1221142	61057100	Homo sapiens
ERR14276550	SAMEA117636889	ena-SAMPLE-TAB-28-01-2025-22:30:17:500-24990	TLTX18		OTHER	PAIRED	NextSeq 2000	2134	106700	Homo sapiens
ERR14257159	SAMEA117636886	ena-SAMPLE-TAB-28-01-2025-22:30:17:500-24987	TLTX23		OTHER	PAIRED	NextSeq 2000	980300	49015000	Homo sapiens
ERR14276551	SAMEA117636889	ena-SAMPLE-TAB-28-01-2025-22:30:17:500-24990	TLTX18		OTHER	PAIRED	NextSeq 2000	1290	64500	Homo sapiens
ERR14257169	SAMEA117636886	ena-SAMPLE-TAB-28-01-2025-22:30:17:500-24987	TLTX23		OTHER	PAIRED	NextSeq 2000	1435366	71768300	Homo sapiens
ERR14276552	SAMEA117636889	ena-SAMPLE-TAB-28-01-2025-22:30:17:500-24990	TLTX18		OTHER	PAIRED	NextSeq 2000	1586	79300	Homo sapiens
ERR14276556	SAMEA117636889	ena-SAMPLE-TAB-28-01-2025-22:30:17:500-24990	TLTX18		OTHER	PAIRED	NextSeq 2000	1326	66300	Homo sapiens
ERR14257220	SAMEA117636886	ena-SAMPLE-TAB-28-01-2025-22:30:17:500-24987	TLTX23		OTHER	PAIRED	NextSeq 2000	477179	23858950	Homo sapiens
ERR14276571	SAMEA117636889	ena-SAMPLE-TAB-28-01-2025-22:30:17:500-24990	TLTX18		OTHER	PAIRED	NextSeq 2000	1386	69300	Homo sapiens
ERR14257227	SAMEA117636886	ena-SAMPLE-TAB-28-01-2025-22:30:17:500-24987	TLTX23		OTHER	PAIRED	NextSeq 2000	949207	47460350	Homo sapiens
ERR14276573	SAMEA117636889	ena-SAMPLE-TAB-28-01-2025-22:30:17:500-24990	TLTX18		OTHER	PAIRED	NextSeq 2000	1676	83800	Homo sapiens
ERR14257297	SAMEA117636886	ena-SAMPLE-TAB-28-01-2025-22:30:17:500-24987	TLTX23		OTHER	PAIRED	NextSeq 2000	1216085	60804250	Homo sapiens
ERR14276574	SAMEA117636889	ena-SAMPLE-TAB-28-01-2025-22:30:17:500-24990	TLTX18		OTHER	PAIRED	NextSeq 2000	1602	80100	Homo sapiens
ERR14257313	SAMEA117636886	ena-SAMPLE-TAB-28-01-2025-22:30:17:500-24987	TLTX23		OTHER	PAIRED	NextSeq 2000	931080	46554000	Homo sapiens
ERR14276576	SAMEA117636889	ena-SAMPLE-TAB-28-01-2025-22:30:17:500-24990	TLTX18		OTHER	PAIRED	NextSeq 2000	1118	55900	Homo sapiens
ERR14257321	SAMEA117636886	ena-SAMPLE-TAB-28-01-2025-22:30:17:500-24987	TLTX23		OTHER	PAIRED	NextSeq 2000	1636588	81829400	Homo sapiens
ERR14276577	SAMEA117636889	ena-SAMPLE-TAB-28-01-2025-22:30:17:500-24990	TLTX18		OTHER	PAIRED	NextSeq 2000	1416	70800	Homo sapiens
ERR14257327	SAMEA117636886	ena-SAMPLE-TAB-28-01-2025-22:30:17:500-24987	TLTX23		OTHER	PAIRED	NextSeq 2000	1109714	55485700	Homo sapiens
ERR14276581	SAMEA117636889	ena-SAMPLE-TAB-28-01-2025-22:30:17:500-24990	TLTX18		OTHER	PAIRED	NextSeq 2000	1264	63200	Homo sapiens
ERR14257360	SAMEA117636886	ena-SAMPLE-TAB-28-01-2025-22:30:17:500-24987	TLTX23		OTHER	PAIRED	NextSeq 2000	972155	48607750	Homo sapiens
ERR14276593	SAMEA117636889	ena-SAMPLE-TAB-28-01-2025-22:30:17:500-24990	TLTX18		OTHER	PAIRED	NextSeq 2000	1559006	77950300	Homo sapiens
ERR14257361	SAMEA117636886	ena-SAMPLE-TAB-28-01-2025-22:30:17:500-24987	TLTX23		OTHER	PAIRED	NextSeq 2000	1265017	63250850	Homo sapiens
ERR14276621	SAMEA117636889	ena-SAMPLE-TAB-28-01-2025-22:30:17:500-24990	TLTX18		OTHER	PAIRED	NextSeq 2000	444	22200	Homo sapiens
ERR14257384	SAMEA117636886	ena-SAMPLE-TAB-28-01-2025-22:30:17:500-24987	TLTX23		OTHER	PAIRED	NextSeq 2000	807503	40375150	Homo sapiens
ERR14276625	SAMEA117636889	ena-SAMPLE-TAB-28-01-2025-22:30:17:500-24990	TLTX18		OTHER	PAIRED	NextSeq 2000	762	38100	Homo sapiens
ERR14257388	SAMEA117636886	ena-SAMPLE-TAB-28-01-2025-22:30:17:500-24987	TLTX23		OTHER	PAIRED	NextSeq 2000	1079306	53965300	Homo sapiens
ERR14276627	SAMEA117636889	ena-SAMPLE-TAB-28-01-2025-22:30:17:500-24990	TLTX18		OTHER	PAIRED	NextSeq 2000	1310	65500	Homo sapiens
ERR14257390	SAMEA117636886	ena-SAMPLE-TAB-28-01-2025-22:30:17:500-24987	TLTX23		OTHER	PAIRED	NextSeq 2000	836470	41823500	Homo sapiens
ERR14276635	SAMEA117636889	ena-SAMPLE-TAB-28-01-2025-22:30:17:500-24990	TLTX18		OTHER	PAIRED	NextSeq 2000	734	36700	Homo sapiens
ERR14257392	SAMEA117636886	ena-SAMPLE-TAB-28-01-2025-22:30:17:500-24987	TLTX23		OTHER	PAIRED	NextSeq 2000	504170	25208500	Homo sapiens
ERR14276638	SAMEA117636889	ena-SAMPLE-TAB-28-01-2025-22:30:17:500-24990	TLTX18		OTHER	PAIRED	NextSeq 2000	126	6300	Homo sapiens
ERR14257404	SAMEA117636886	ena-SAMPLE-TAB-28-01-2025-22:30:17:500-24987	TLTX23		OTHER	PAIRED	NextSeq 2000	985570	49278500	Homo sapiens
ERR14276639	SAMEA117636889	ena-SAMPLE-TAB-28-01-2025-22:30:17:500-24990	TLTX18		OTHER	PAIRED	NextSeq 2000	1110	55500	Homo sapiens
ERR14257423	SAMEA117636886	ena-SAMPLE-TAB-28-01-2025-22:30:17:500-24987	TLTX23		OTHER	PAIRED	NextSeq 2000	389821	19491050	Homo sapiens
ERR14276647	SAMEA117636889	ena-SAMPLE-TAB-28-01-2025-22:30:17:500-24990	TLTX18		OTHER	PAIRED	NextSeq 2000	1398650	69932500	Homo sapiens
ERR14257435	SAMEA117636886	ena-SAMPLE-TAB-28-01-2025-22:30:17:500-24987	TLTX23		OTHER	PAIRED	NextSeq 2000	455641	22782050	Homo sapiens
ERR14276657	SAMEA117636889	ena-SAMPLE-TAB-28-01-2025-22:30:17:500-24990	TLTX18		OTHER	PAIRED	NextSeq 2000	978	48900	Homo sapiens
ERR14276667	SAMEA117636889	ena-SAMPLE-TAB-28-01-2025-22:30:17:500-24990	TLTX18		OTHER	PAIRED	NextSeq 2000	612	30600	Homo sapiens
ERR14257456	SAMEA117636886	ena-SAMPLE-TAB-28-01-2025-22:30:17:500-24987	TLTX23		OTHER	PAIRED	NextSeq 2000	707663	35383150	Homo sapiens
ERR14276668	SAMEA117636889	ena-SAMPLE-TAB-28-01-2025-22:30:17:500-24990	TLTX18		OTHER	PAIRED	NextSeq 2000	470	23500	Homo sapiens
ERR14257507	SAMEA117636886	ena-SAMPLE-TAB-28-01-2025-22:30:17:500-24987	TLTX23		OTHER	PAIRED	NextSeq 2000	1278561	63928050	Homo sapiens
ERR14276683	SAMEA117636889	ena-SAMPLE-TAB-28-01-2025-22:30:17:500-24990	TLTX18		OTHER	PAIRED	NextSeq 2000	704	35200	Homo sapiens
ERR14257557	SAMEA117636886	ena-SAMPLE-TAB-28-01-2025-22:30:17:500-24987	TLTX23		OTHER	PAIRED	NextSeq 2000	1194478	59723900	Homo sapiens
ERR14276690	SAMEA117636889	ena-SAMPLE-TAB-28-01-2025-22:30:17:500-24990	TLTX18		OTHER	PAIRED	NextSeq 2000	602	30100	Homo sapiens
ERR14257580	SAMEA117636886	ena-SAMPLE-TAB-28-01-2025-22:30:17:500-24987	TLTX23		OTHER	PAIRED	NextSeq 2000	511458	25572900	Homo sapiens
ERR14276708	SAMEA117636889	ena-SAMPLE-TAB-28-01-2025-22:30:17:500-24990	TLTX18		OTHER	PAIRED	NextSeq 2000	320	16000	Homo sapiens
ERR14257583	SAMEA117636886	ena-SAMPLE-TAB-28-01-2025-22:30:17:500-24987	TLTX23		OTHER	PAIRED	NextSeq 2000	860312	43015600	Homo sapiens
ERR14276711	SAMEA117636889	ena-SAMPLE-TAB-28-01-2025-22:30:17:500-24990	TLTX18		OTHER	PAIRED	NextSeq 2000	868	43400	Homo sapiens
ERR14257615	SAMEA117636886	ena-SAMPLE-TAB-28-01-2025-22:30:17:500-24987	TLTX23		OTHER	PAIRED	NextSeq 2000	888555	44427750	Homo sapiens
ERR14276712	SAMEA117636889	ena-SAMPLE-TAB-28-01-2025-22:30:17:500-24990	TLTX18		OTHER	PAIRED	NextSeq 2000	582	29100	Homo sapiens
ERR14257622	SAMEA117636886	ena-SAMPLE-TAB-28-01-2025-22:30:17:500-24987	TLTX23		OTHER	PAIRED	NextSeq 2000	587997	29399850	Homo sapiens
ERR14276713	SAMEA117636889	ena-SAMPLE-TAB-28-01-2025-22:30:17:500-24990	TLTX18		OTHER	PAIRED	NextSeq 2000	766	38300	Homo sapiens
ERR14276716	SAMEA117636889	ena-SAMPLE-TAB-28-01-2025-22:30:17:500-24990	TLTX18		OTHER	PAIRED	NextSeq 2000	272	13600	Homo sapiens
ERR14257656	SAMEA117636886	ena-SAMPLE-TAB-28-01-2025-22:30:17:500-24987	TLTX23		OTHER	PAIRED	NextSeq 2000	262274	13113700	Homo sapiens
ERR14276741	SAMEA117636889	ena-SAMPLE-TAB-28-01-2025-22:30:17:500-24990	TLTX18		OTHER	PAIRED	NextSeq 2000	1082	54100	Homo sapiens
ERR14257685	SAMEA117636886	ena-SAMPLE-TAB-28-01-2025-22:30:17:500-24987	TLTX23		OTHER	PAIRED	NextSeq 2000	959401	47970050	Homo sapiens
ERR14276750	SAMEA117636889	ena-SAMPLE-TAB-28-01-2025-22:30:17:500-24990	TLTX18		OTHER	PAIRED	NextSeq 2000	920	46000	Homo sapiens
ERR14257697	SAMEA117636886	ena-SAMPLE-TAB-28-01-2025-22:30:17:500-24987	TLTX23		OTHER	PAIRED	NextSeq 2000	457267	22863350	Homo sapiens
ERR14276753	SAMEA117636889	ena-SAMPLE-TAB-28-01-2025-22:30:17:500-24990	TLTX18		OTHER	PAIRED	NextSeq 2000	1608816	80440800	Homo sapiens
ERR14276758	SAMEA117636889	ena-SAMPLE-TAB-28-01-2025-22:30:17:500-24990	TLTX18		OTHER	PAIRED	NextSeq 2000	1182	59100	Homo sapiens
ERR14257755	SAMEA117636886	ena-SAMPLE-TAB-28-01-2025-22:30:17:500-24987	TLTX23		OTHER	PAIRED	NextSeq 2000	1481400	74070000	Homo sapiens
ERR14276760	SAMEA117636889	ena-SAMPLE-TAB-28-01-2025-22:30:17:500-24990	TLTX18		OTHER	PAIRED	NextSeq 2000	974	48700	Homo sapiens
ERR14257791	SAMEA117636886	ena-SAMPLE-TAB-28-01-2025-22:30:17:500-24987	TLTX23		OTHER	PAIRED	NextSeq 2000	1301344	65067200	Homo sapiens
ERR14276768	SAMEA117636889	ena-SAMPLE-TAB-28-01-2025-22:30:17:500-24990	TLTX18		OTHER	PAIRED	NextSeq 2000	1150	57500	Homo sapiens
ERR14276781	SAMEA117636889	ena-SAMPLE-TAB-28-01-2025-22:30:17:500-24990	TLTX18		OTHER	PAIRED	NextSeq 2000	846	42300	Homo sapiens
ERR14257793	SAMEA117636886	ena-SAMPLE-TAB-28-01-2025-22:30:17:500-24987	TLTX23		OTHER	PAIRED	NextSeq 2000	1741498	87074900	Homo sapiens
ERR14276782	SAMEA117636889	ena-SAMPLE-TAB-28-01-2025-22:30:17:500-24990	TLTX18		OTHER	PAIRED	NextSeq 2000	224	11200	Homo sapiens
ERR14257825	SAMEA117636886	ena-SAMPLE-TAB-28-01-2025-22:30:17:500-24987	TLTX23		OTHER	PAIRED	NextSeq 2000	1235518	61775900	Homo sapiens
ERR14276784	SAMEA117636889	ena-SAMPLE-TAB-28-01-2025-22:30:17:500-24990	TLTX18		OTHER	PAIRED	NextSeq 2000	1216	60800	Homo sapiens
ERR14257848	SAMEA117636886	ena-SAMPLE-TAB-28-01-2025-22:30:17:500-24987	TLTX23		OTHER	PAIRED	NextSeq 2000	885876	44293800	Homo sapiens
ERR14276787	SAMEA117636889	ena-SAMPLE-TAB-28-01-2025-22:30:17:500-24990	TLTX18		OTHER	PAIRED	NextSeq 2000	1703884	85194200	Homo sapiens
ERR14257861	SAMEA117636886	ena-SAMPLE-TAB-28-01-2025-22:30:17:500-24987	TLTX23		OTHER	PAIRED	NextSeq 2000	1271282	63564100	Homo sapiens
ERR14276797	SAMEA117636889	ena-SAMPLE-TAB-28-01-2025-22:30:17:500-24990	TLTX18		OTHER	PAIRED	NextSeq 2000	820	41000	Homo sapiens
ERR14257882	SAMEA117636886	ena-SAMPLE-TAB-28-01-2025-22:30:17:500-24987	TLTX23		OTHER	PAIRED	NextSeq 2000	578022	28901100	Homo sapiens
ERR14276823	SAMEA117636889	ena-SAMPLE-TAB-28-01-2025-22:30:17:500-24990	TLTX18		OTHER	PAIRED	NextSeq 2000	1970	98500	Homo sapiens
ERR14276824	SAMEA117636889	ena-SAMPLE-TAB-28-01-2025-22:30:17:500-24990	TLTX18		OTHER	PAIRED	NextSeq 2000	1550	77500	Homo sapiens
ERR14257916	SAMEA117636886	ena-SAMPLE-TAB-28-01-2025-22:30:17:500-24987	TLTX23		OTHER	PAIRED	NextSeq 2000	997926	49896300	Homo sapiens
ERR14276829	SAMEA117636889	ena-SAMPLE-TAB-28-01-2025-22:30:17:500-24990	TLTX18		OTHER	PAIRED	NextSeq 2000	964	48200	Homo sapiens
ERR14257920	SAMEA117636886	ena-SAMPLE-TAB-28-01-2025-22:30:17:500-24987	TLTX23		OTHER	PAIRED	NextSeq 2000	718240	35912000	Homo sapiens
ERR14276832	SAMEA117636889	ena-SAMPLE-TAB-28-01-2025-22:30:17:500-24990	TLTX18		OTHER	PAIRED	NextSeq 2000	1146	57300	Homo sapiens
ERR14276836	SAMEA117636889	ena-SAMPLE-TAB-28-01-2025-22:30:17:500-24990	TLTX18		OTHER	PAIRED	NextSeq 2000	1260	63000	Homo sapiens
ERR14257941	SAMEA117636886	ena-SAMPLE-TAB-28-01-2025-22:30:17:500-24987	TLTX23		OTHER	PAIRED	NextSeq 2000	1148370	57418500	Homo sapiens
ERR14276837	SAMEA117636889	ena-SAMPLE-TAB-28-01-2025-22:30:17:500-24990	TLTX18		OTHER	PAIRED	NextSeq 2000	664	33200	Homo sapiens
ERR14257953	SAMEA117636886	ena-SAMPLE-TAB-28-01-2025-22:30:17:500-24987	TLTX23		OTHER	PAIRED	NextSeq 2000	1075923	53796150	Homo sapiens
ERR14276840	SAMEA117636889	ena-SAMPLE-TAB-28-01-2025-22:30:17:500-24990	TLTX18		OTHER	PAIRED	NextSeq 2000	1138	56900	Homo sapiens
ERR14276844	SAMEA117636889	ena-SAMPLE-TAB-28-01-2025-22:30:17:500-24990	TLTX18		OTHER	PAIRED	NextSeq 2000	924	46200	Homo sapiens
ERR14257954	SAMEA117636886	ena-SAMPLE-TAB-28-01-2025-22:30:17:500-24987	TLTX23		OTHER	PAIRED	NextSeq 2000	793007	39650350	Homo sapiens
ERR14276846	SAMEA117636889	ena-SAMPLE-TAB-28-01-2025-22:30:17:500-24990	TLTX18		OTHER	PAIRED	NextSeq 2000	2209300	110465000	Homo sapiens
ERR14257962	SAMEA117636886	ena-SAMPLE-TAB-28-01-2025-22:30:17:500-24987	TLTX23		OTHER	PAIRED	NextSeq 2000	1047848	52392400	Homo sapiens
ERR14276848	SAMEA117636889	ena-SAMPLE-TAB-28-01-2025-22:30:17:500-24990	TLTX18		OTHER	PAIRED	NextSeq 2000	1541794	77089700	Homo sapiens
ERR14276850	SAMEA117636889	ena-SAMPLE-TAB-28-01-2025-22:30:17:500-24990	TLTX18		OTHER	PAIRED	NextSeq 2000	1010	50500	Homo sapiens
ERR14258017	SAMEA117636886	ena-SAMPLE-TAB-28-01-2025-22:30:17:500-24987	TLTX23		OTHER	PAIRED	NextSeq 2000	1387596	69379800	Homo sapiens
ERR14276855	SAMEA117636889	ena-SAMPLE-TAB-28-01-2025-22:30:17:500-24990	TLTX18		OTHER	PAIRED	NextSeq 2000	1784	89200	Homo sapiens
ERR14276856	SAMEA117636889	ena-SAMPLE-TAB-28-01-2025-22:30:17:500-24990	TLTX18		OTHER	PAIRED	NextSeq 2000	1320	66000	Homo sapiens
ERR14258024	SAMEA117636886	ena-SAMPLE-TAB-28-01-2025-22:30:17:500-24987	TLTX23		OTHER	PAIRED	NextSeq 2000	1236008	61800400	Homo sapiens
ERR14276876	SAMEA117636889	ena-SAMPLE-TAB-28-01-2025-22:30:17:500-24990	TLTX18		OTHER	PAIRED	NextSeq 2000	832	41600	Homo sapiens
ERR14258060	SAMEA117636886	ena-SAMPLE-TAB-28-01-2025-22:30:17:500-24987	TLTX23		OTHER	PAIRED	NextSeq 2000	2241204	112060200	Homo sapiens
ERR14276878	SAMEA117636889	ena-SAMPLE-TAB-28-01-2025-22:30:17:500-24990	TLTX18		OTHER	PAIRED	NextSeq 2000	918	45900	Homo sapiens
ERR14276882	SAMEA117636889	ena-SAMPLE-TAB-28-01-2025-22:30:17:500-24990	TLTX18		OTHER	PAIRED	NextSeq 2000	1126	56300	Homo sapiens
ERR14258062	SAMEA117636886	ena-SAMPLE-TAB-28-01-2025-22:30:17:500-24987	TLTX23		OTHER	PAIRED	NextSeq 2000	1725313	86265650	Homo sapiens
ERR14276890	SAMEA117636889	ena-SAMPLE-TAB-28-01-2025-22:30:17:500-24990	TLTX18		OTHER	PAIRED	NextSeq 2000	104	5200	Homo sapiens
ERR14258098	SAMEA117636886	ena-SAMPLE-TAB-28-01-2025-22:30:17:500-24987	TLTX23		OTHER	PAIRED	NextSeq 2000	1250098	62504900	Homo sapiens
ERR14276892	SAMEA117636889	ena-SAMPLE-TAB-28-01-2025-22:30:17:500-24990	TLTX18		OTHER	PAIRED	NextSeq 2000	170	8500	Homo sapiens
ERR14258132	SAMEA117636886	ena-SAMPLE-TAB-28-01-2025-22:30:17:500-24987	TLTX23		OTHER	PAIRED	NextSeq 2000	674832	33741600	Homo sapiens
ERR14276894	SAMEA117636889	ena-SAMPLE-TAB-28-01-2025-22:30:17:500-24990	TLTX18		OTHER	PAIRED	NextSeq 2000	119556	5977800	Homo sapiens
ERR14258169	SAMEA117636886	ena-SAMPLE-TAB-28-01-2025-22:30:17:500-24987	TLTX23		OTHER	PAIRED	NextSeq 2000	1043459	52172950	Homo sapiens
ERR14276904	SAMEA117636889	ena-SAMPLE-TAB-28-01-2025-22:30:17:500-24990	TLTX18		OTHER	PAIRED	NextSeq 2000	62	3100	Homo sapiens
ERR14258171	SAMEA117636886	ena-SAMPLE-TAB-28-01-2025-22:30:17:500-24987	TLTX23		OTHER	PAIRED	NextSeq 2000	1302429	65121450	Homo sapiens
ERR14276911	SAMEA117636889	ena-SAMPLE-TAB-28-01-2025-22:30:17:500-24990	TLTX18		OTHER	PAIRED	NextSeq 2000	40	2000	Homo sapiens
ERR14258200	SAMEA117636886	ena-SAMPLE-TAB-28-01-2025-22:30:17:500-24987	TLTX23		OTHER	PAIRED	NextSeq 2000	632342	31617100	Homo sapiens
ERR14276912	SAMEA117636889	ena-SAMPLE-TAB-28-01-2025-22:30:17:500-24990	TLTX18		OTHER	PAIRED	NextSeq 2000	76	3800	Homo sapiens
ERR14258201	SAMEA117636886	ena-SAMPLE-TAB-28-01-2025-22:30:17:500-24987	TLTX23		OTHER	PAIRED	NextSeq 2000	529150	26457500	Homo sapiens
ERR14276913	SAMEA117636889	ena-SAMPLE-TAB-28-01-2025-22:30:17:500-24990	TLTX18		OTHER	PAIRED	NextSeq 2000	71534	3576700	Homo sapiens
ERR14258235	SAMEA117636886	ena-SAMPLE-TAB-28-01-2025-22:30:17:500-24987	TLTX23		OTHER	PAIRED	NextSeq 2000	1311511	65575550	Homo sapiens
ERR14276920	SAMEA117636889	ena-SAMPLE-TAB-28-01-2025-22:30:17:500-24990	TLTX18		OTHER	PAIRED	NextSeq 2000	68	3400	Homo sapiens
ERR14258242	SAMEA117636886	ena-SAMPLE-TAB-28-01-2025-22:30:17:500-24987	TLTX23		OTHER	PAIRED	NextSeq 2000	1601358	80067900	Homo sapiens
ERR14258247	SAMEA117636886	ena-SAMPLE-TAB-28-01-2025-22:30:17:500-24987	TLTX23		OTHER	PAIRED	NextSeq 2000	448964	22448200	Homo sapiens
ERR14276926	SAMEA117636889	ena-SAMPLE-TAB-28-01-2025-22:30:17:500-24990	TLTX18		OTHER	PAIRED	NextSeq 2000	78	3900	Homo sapiens
ERR14276934	SAMEA117636889	ena-SAMPLE-TAB-28-01-2025-22:30:17:500-24990	TLTX18		OTHER	PAIRED	NextSeq 2000	64	3200	Homo sapiens
ERR14276950	SAMEA117636889	ena-SAMPLE-TAB-28-01-2025-22:30:17:500-24990	TLTX18		OTHER	PAIRED	NextSeq 2000	60	3000	Homo sapiens
ERR14258275	SAMEA117636886	ena-SAMPLE-TAB-28-01-2025-22:30:17:500-24987	TLTX23		OTHER	PAIRED	NextSeq 2000	1446116	72305800	Homo sapiens
ERR14276952	SAMEA117636889	ena-SAMPLE-TAB-28-01-2025-22:30:17:500-24990	TLTX18		OTHER	PAIRED	NextSeq 2000	30	1500	Homo sapiens
ERR14258282	SAMEA117636886	ena-SAMPLE-TAB-28-01-2025-22:30:17:500-24987	TLTX23		OTHER	PAIRED	NextSeq 2000	1281171	64058550	Homo sapiens
ERR14258310	SAMEA117636886	ena-SAMPLE-TAB-28-01-2025-22:30:17:500-24987	TLTX23		OTHER	PAIRED	NextSeq 2000	1274087	63704350	Homo sapiens
ERR14276954	SAMEA117636889	ena-SAMPLE-TAB-28-01-2025-22:30:17:500-24990	TLTX18		OTHER	PAIRED	NextSeq 2000	56412	2820600	Homo sapiens
ERR14258349	SAMEA117636886	ena-SAMPLE-TAB-28-01-2025-22:30:17:500-24987	TLTX23		OTHER	PAIRED	NextSeq 2000	1051141	52557050	Homo sapiens
ERR14276958	SAMEA117636889	ena-SAMPLE-TAB-28-01-2025-22:30:17:500-24990	TLTX18		OTHER	PAIRED	NextSeq 2000	1994588	99729400	Homo sapiens
ERR14258389	SAMEA117636886	ena-SAMPLE-TAB-28-01-2025-22:30:17:500-24987	TLTX23		OTHER	PAIRED	NextSeq 2000	853379	42668950	Homo sapiens
ERR14276961	SAMEA117636889	ena-SAMPLE-TAB-28-01-2025-22:30:17:500-24990	TLTX18		OTHER	PAIRED	NextSeq 2000	1094	54700	Homo sapiens
ERR14258392	SAMEA117636886	ena-SAMPLE-TAB-28-01-2025-22:30:17:500-24987	TLTX23		OTHER	PAIRED	NextSeq 2000	1126164	56308200	Homo sapiens
ERR14276964	SAMEA117636889	ena-SAMPLE-TAB-28-01-2025-22:30:17:500-24990	TLTX18		OTHER	PAIRED	NextSeq 2000	290	14500	Homo sapiens
ERR14276980	SAMEA117636889	ena-SAMPLE-TAB-28-01-2025-22:30:17:500-24990	TLTX18		OTHER	PAIRED	NextSeq 2000	1592132	79606600	Homo sapiens
ERR14258421	SAMEA117636886	ena-SAMPLE-TAB-28-01-2025-22:30:17:500-24987	TLTX23		OTHER	PAIRED	NextSeq 2000	1003842	50192100	Homo sapiens
ERR14276981	SAMEA117636889	ena-SAMPLE-TAB-28-01-2025-22:30:17:500-24990	TLTX18		OTHER	PAIRED	NextSeq 2000	540	27000	Homo sapiens
ERR14258441	SAMEA117636886	ena-SAMPLE-TAB-28-01-2025-22:30:17:500-24987	TLTX23		OTHER	PAIRED	NextSeq 2000	2101197	105059850	Homo sapiens
ERR14276982	SAMEA117636889	ena-SAMPLE-TAB-28-01-2025-22:30:17:500-24990	TLTX18		OTHER	PAIRED	NextSeq 2000	1330	66500	Homo sapiens
ERR14258443	SAMEA117636886	ena-SAMPLE-TAB-28-01-2025-22:30:17:500-24987	TLTX23		OTHER	PAIRED	NextSeq 2000	1168525	58426250	Homo sapiens
ERR14276986	SAMEA117636889	ena-SAMPLE-TAB-28-01-2025-22:30:17:500-24990	TLTX18		OTHER	PAIRED	NextSeq 2000	990	49500	Homo sapiens
ERR14258451	SAMEA117636886	ena-SAMPLE-TAB-28-01-2025-22:30:17:500-24987	TLTX23		OTHER	PAIRED	NextSeq 2000	826470	41323500	Homo sapiens
ERR14276994	SAMEA117636889	ena-SAMPLE-TAB-28-01-2025-22:30:17:500-24990	TLTX18		OTHER	PAIRED	NextSeq 2000	910	45500	Homo sapiens
ERR14258455	SAMEA117636886	ena-SAMPLE-TAB-28-01-2025-22:30:17:500-24987	TLTX23		OTHER	PAIRED	NextSeq 2000	654563	32728150	Homo sapiens
ERR14277005	SAMEA117636889	ena-SAMPLE-TAB-28-01-2025-22:30:17:500-24990	TLTX18		OTHER	PAIRED	NextSeq 2000	954	47700	Homo sapiens
ERR14270803	SAMEA117636886	ena-SAMPLE-TAB-28-01-2025-22:30:17:500-24987	TLTX23		OTHER	SINGLE	NextSeq 2000	1	50	Homo sapiens
ERR14277011	SAMEA117636889	ena-SAMPLE-TAB-28-01-2025-22:30:17:500-24990	TLTX18		OTHER	PAIRED	NextSeq 2000	720	36000	Homo sapiens
ERR14270813	SAMEA117636886	ena-SAMPLE-TAB-28-01-2025-22:30:17:500-24987	TLTX23		OTHER	SINGLE	NextSeq 2000	1	50	Homo sapiens
ERR14275164	SAMEA117636889	ena-SAMPLE-TAB-28-01-2025-22:30:17:500-24990	TLTX18		OTHER	PAIRED	NextSeq 2000	1087988	54399400	Homo sapiens
ERR14277012	SAMEA117636889	ena-SAMPLE-TAB-28-01-2025-22:30:17:500-24990	TLTX18		OTHER	PAIRED	NextSeq 2000	1323198	66159900	Homo sapiens
ERR14275166	SAMEA117636889	ena-SAMPLE-TAB-28-01-2025-22:30:17:500-24990	TLTX18		OTHER	PAIRED	NextSeq 2000	242	12100	Homo sapiens
ERR14277022	SAMEA117636889	ena-SAMPLE-TAB-28-01-2025-22:30:17:500-24990	TLTX18		OTHER	PAIRED	NextSeq 2000	754	37700	Homo sapiens
ERR14275175	SAMEA117636889	ena-SAMPLE-TAB-28-01-2025-22:30:17:500-24990	TLTX18		OTHER	PAIRED	NextSeq 2000	912	45600	Homo sapiens
ERR14277025	SAMEA117636889	ena-SAMPLE-TAB-28-01-2025-22:30:17:500-24990	TLTX18		OTHER	PAIRED	NextSeq 2000	1642232	82111600	Homo sapiens
ERR14275190	SAMEA117636889	ena-SAMPLE-TAB-28-01-2025-22:30:17:500-24990	TLTX18		OTHER	PAIRED	NextSeq 2000	544	27200	Homo sapiens
ERR14277030	SAMEA117636889	ena-SAMPLE-TAB-28-01-2025-22:30:17:500-24990	TLTX18		OTHER	PAIRED	NextSeq 2000	1248272	62413600	Homo sapiens
ERR14275193	SAMEA117636889	ena-SAMPLE-TAB-28-01-2025-22:30:17:500-24990	TLTX18		OTHER	PAIRED	NextSeq 2000	1552760	77638000	Homo sapiens
ERR14277032	SAMEA117636889	ena-SAMPLE-TAB-28-01-2025-22:30:17:500-24990	TLTX18		OTHER	PAIRED	NextSeq 2000	500	25000	Homo sapiens
ERR14277036	SAMEA117636889	ena-SAMPLE-TAB-28-01-2025-22:30:17:500-24990	TLTX18		OTHER	PAIRED	NextSeq 2000	863604	43180200	Homo sapiens
ERR14275220	SAMEA117636889	ena-SAMPLE-TAB-28-01-2025-22:30:17:500-24990	TLTX18		OTHER	PAIRED	NextSeq 2000	578	28900	Homo sapiens
ERR14277040	SAMEA117636889	ena-SAMPLE-TAB-28-01-2025-22:30:17:500-24990	TLTX18		OTHER	PAIRED	NextSeq 2000	718	35900	Homo sapiens
ERR14275222	SAMEA117636889	ena-SAMPLE-TAB-28-01-2025-22:30:17:500-24990	TLTX18		OTHER	PAIRED	NextSeq 2000	908	45400	Homo sapiens
ERR14277041	SAMEA117636889	ena-SAMPLE-TAB-28-01-2025-22:30:17:500-24990	TLTX18		OTHER	PAIRED	NextSeq 2000	564	28200	Homo sapiens
ERR14275227	SAMEA117636889	ena-SAMPLE-TAB-28-01-2025-22:30:17:500-24990	TLTX18		OTHER	PAIRED	NextSeq 2000	1722	86100	Homo sapiens
ERR14275230	SAMEA117636889	ena-SAMPLE-TAB-28-01-2025-22:30:17:500-24990	TLTX18		OTHER	PAIRED	NextSeq 2000	1752	87600	Homo sapiens
ERR14277044	SAMEA117636889	ena-SAMPLE-TAB-28-01-2025-22:30:17:500-24990	TLTX18		OTHER	PAIRED	NextSeq 2000	422	21100	Homo sapiens
ERR14275245	SAMEA117636889	ena-SAMPLE-TAB-28-01-2025-22:30:17:500-24990	TLTX18		OTHER	PAIRED	NextSeq 2000	2574	128700	Homo sapiens
ERR14277045	SAMEA117636889	ena-SAMPLE-TAB-28-01-2025-22:30:17:500-24990	TLTX18		OTHER	PAIRED	NextSeq 2000	426	21300	Homo sapiens
ERR14275246	SAMEA117636889	ena-SAMPLE-TAB-28-01-2025-22:30:17:500-24990	TLTX18		OTHER	PAIRED	NextSeq 2000	1686	84300	Homo sapiens
ERR14277047	SAMEA117636889	ena-SAMPLE-TAB-28-01-2025-22:30:17:500-24990	TLTX18		OTHER	PAIRED	NextSeq 2000	734	36700	Homo sapiens
ERR14275248	SAMEA117636889	ena-SAMPLE-TAB-28-01-2025-22:30:17:500-24990	TLTX18		OTHER	PAIRED	NextSeq 2000	1858	92900	Homo sapiens
ERR14277049	SAMEA117636889	ena-SAMPLE-TAB-28-01-2025-22:30:17:500-24990	TLTX18		OTHER	PAIRED	NextSeq 2000	568	28400	Homo sapiens
ERR14275256	SAMEA117636889	ena-SAMPLE-TAB-28-01-2025-22:30:17:500-24990	TLTX18		OTHER	PAIRED	NextSeq 2000	2112872	105643600	Homo sapiens
ERR14277052	SAMEA117636889	ena-SAMPLE-TAB-28-01-2025-22:30:17:500-24990	TLTX18		OTHER	PAIRED	NextSeq 2000	604	30200	Homo sapiens
ERR14275259	SAMEA117636889	ena-SAMPLE-TAB-28-01-2025-22:30:17:500-24990	TLTX18		OTHER	PAIRED	NextSeq 2000	2010	100500	Homo sapiens
ERR14277061	SAMEA117636889	ena-SAMPLE-TAB-28-01-2025-22:30:17:500-24990	TLTX18		OTHER	PAIRED	NextSeq 2000	516	25800	Homo sapiens
ERR14275260	SAMEA117636889	ena-SAMPLE-TAB-28-01-2025-22:30:17:500-24990	TLTX18		OTHER	PAIRED	NextSeq 2000	1834698	91734900	Homo sapiens
ERR14275266	SAMEA117636889	ena-SAMPLE-TAB-28-01-2025-22:30:17:500-24990	TLTX18		OTHER	PAIRED	NextSeq 2000	1321646	66082300	Homo sapiens
ERR14277065	SAMEA117636889	ena-SAMPLE-TAB-28-01-2025-22:30:17:500-24990	TLTX18		OTHER	PAIRED	NextSeq 2000	484	24200	Homo sapiens
ERR14275267	SAMEA117636889	ena-SAMPLE-TAB-28-01-2025-22:30:17:500-24990	TLTX18		OTHER	PAIRED	NextSeq 2000	1446	72300	Homo sapiens
ERR14277082	SAMEA117636889	ena-SAMPLE-TAB-28-01-2025-22:30:17:500-24990	TLTX18		OTHER	PAIRED	NextSeq 2000	472	23600	Homo sapiens
ERR14277085	SAMEA117636889	ena-SAMPLE-TAB-28-01-2025-22:30:17:500-24990	TLTX18		OTHER	PAIRED	NextSeq 2000	352	17600	Homo sapiens
ERR14275268	SAMEA117636889	ena-SAMPLE-TAB-28-01-2025-22:30:17:500-24990	TLTX18		OTHER	PAIRED	NextSeq 2000	334	16700	Homo sapiens
ERR14275273	SAMEA117636889	ena-SAMPLE-TAB-28-01-2025-22:30:17:500-24990	TLTX18		OTHER	PAIRED	NextSeq 2000	1378	68900	Homo sapiens
ERR14277089	SAMEA117636889	ena-SAMPLE-TAB-28-01-2025-22:30:17:500-24990	TLTX18		OTHER	PAIRED	NextSeq 2000	732	36600	Homo sapiens
ERR14275275	SAMEA117636889	ena-SAMPLE-TAB-28-01-2025-22:30:17:500-24990	TLTX18		OTHER	PAIRED	NextSeq 2000	1505238	75261900	Homo sapiens
ERR14277091	SAMEA117636889	ena-SAMPLE-TAB-28-01-2025-22:30:17:500-24990	TLTX18		OTHER	PAIRED	NextSeq 2000	298	14900	Homo sapiens
ERR14275280	SAMEA117636889	ena-SAMPLE-TAB-28-01-2025-22:30:17:500-24990	TLTX18		OTHER	PAIRED	NextSeq 2000	1504	75200	Homo sapiens
ERR14275281	SAMEA117636889	ena-SAMPLE-TAB-28-01-2025-22:30:17:500-24990	TLTX18		OTHER	PAIRED	NextSeq 2000	1372552	68627600	Homo sapiens
ERR14277095	SAMEA117636889	ena-SAMPLE-TAB-28-01-2025-22:30:17:500-24990	TLTX18		OTHER	PAIRED	NextSeq 2000	458	22900	Homo sapiens
ERR14275285	SAMEA117636889	ena-SAMPLE-TAB-28-01-2025-22:30:17:500-24990	TLTX18		OTHER	PAIRED	NextSeq 2000	1118554	55927700	Homo sapiens
ERR14277098	SAMEA117636889	ena-SAMPLE-TAB-28-01-2025-22:30:17:500-24990	TLTX18		OTHER	PAIRED	NextSeq 2000	308	15400	Homo sapiens
ERR14275286	SAMEA117636889	ena-SAMPLE-TAB-28-01-2025-22:30:17:500-24990	TLTX18		OTHER	PAIRED	NextSeq 2000	1924	96200	Homo sapiens
ERR14275292	SAMEA117636889	ena-SAMPLE-TAB-28-01-2025-22:30:17:500-24990	TLTX18		OTHER	PAIRED	NextSeq 2000	1410	70500	Homo sapiens
ERR14277102	SAMEA117636889	ena-SAMPLE-TAB-28-01-2025-22:30:17:500-24990	TLTX18		OTHER	PAIRED	NextSeq 2000	2	100	Homo sapiens
ERR14275297	SAMEA117636889	ena-SAMPLE-TAB-28-01-2025-22:30:17:500-24990	TLTX18		OTHER	PAIRED	NextSeq 2000	1228	61400	Homo sapiens
ERR14277113	SAMEA117636889	ena-SAMPLE-TAB-28-01-2025-22:30:17:500-24990	TLTX18		OTHER	PAIRED	NextSeq 2000	1016	50800	Homo sapiens
ERR14275314	SAMEA117636889	ena-SAMPLE-TAB-28-01-2025-22:30:17:500-24990	TLTX18		OTHER	PAIRED	NextSeq 2000	666	33300	Homo sapiens
ERR14275315	SAMEA117636889	ena-SAMPLE-TAB-28-01-2025-22:30:17:500-24990	TLTX18		OTHER	PAIRED	NextSeq 2000	838	41900	Homo sapiens
ERR14277115	SAMEA117636889	ena-SAMPLE-TAB-28-01-2025-22:30:17:500-24990	TLTX18		OTHER	PAIRED	NextSeq 2000	1656	82800	Homo sapiens
ERR14275317	SAMEA117636889	ena-SAMPLE-TAB-28-01-2025-22:30:17:500-24990	TLTX18		OTHER	PAIRED	NextSeq 2000	1464	73200	Homo sapiens
ERR14275318	SAMEA117636889	ena-SAMPLE-TAB-28-01-2025-22:30:17:500-24990	TLTX18		OTHER	PAIRED	NextSeq 2000	990	49500	Homo sapiens
ERR14277116	SAMEA117636889	ena-SAMPLE-TAB-28-01-2025-22:30:17:500-24990	TLTX18		OTHER	PAIRED	NextSeq 2000	1794196	89709800	Homo sapiens
ERR14275322	SAMEA117636889	ena-SAMPLE-TAB-28-01-2025-22:30:17:500-24990	TLTX18		OTHER	PAIRED	NextSeq 2000	1192	59600	Homo sapiens
ERR14277121	SAMEA117636889	ena-SAMPLE-TAB-28-01-2025-22:30:17:500-24990	TLTX18		OTHER	PAIRED	NextSeq 2000	856	42800	Homo sapiens
ERR14275325	SAMEA117636889	ena-SAMPLE-TAB-28-01-2025-22:30:17:500-24990	TLTX18		OTHER	PAIRED	NextSeq 2000	676	33800	Homo sapiens
ERR14277132	SAMEA117636889	ena-SAMPLE-TAB-28-01-2025-22:30:17:500-24990	TLTX18		OTHER	PAIRED	NextSeq 2000	1630056	81502800	Homo sapiens
ERR14275330	SAMEA117636889	ena-SAMPLE-TAB-28-01-2025-22:30:17:500-24990	TLTX18		OTHER	PAIRED	NextSeq 2000	1605434	80271700	Homo sapiens
ERR14277135	SAMEA117636889	ena-SAMPLE-TAB-28-01-2025-22:30:17:500-24990	TLTX18		OTHER	PAIRED	NextSeq 2000	1884	94200	Homo sapiens
ERR14275335	SAMEA117636889	ena-SAMPLE-TAB-28-01-2025-22:30:17:500-24990	TLTX18		OTHER	PAIRED	NextSeq 2000	1012	50600	Homo sapiens
ERR14277146	SAMEA117636889	ena-SAMPLE-TAB-28-01-2025-22:30:17:500-24990	TLTX18		OTHER	PAIRED	NextSeq 2000	214	10700	Homo sapiens
ERR14275338	SAMEA117636889	ena-SAMPLE-TAB-28-01-2025-22:30:17:500-24990	TLTX18		OTHER	PAIRED	NextSeq 2000	544	27200	Homo sapiens
ERR14277147	SAMEA117636889	ena-SAMPLE-TAB-28-01-2025-22:30:17:500-24990	TLTX18		OTHER	PAIRED	NextSeq 2000	1942674	97133700	Homo sapiens
ERR14275339	SAMEA117636889	ena-SAMPLE-TAB-28-01-2025-22:30:17:500-24990	TLTX18		OTHER	PAIRED	NextSeq 2000	858	42900	Homo sapiens
ERR14277148	SAMEA117636889	ena-SAMPLE-TAB-28-01-2025-22:30:17:500-24990	TLTX18		OTHER	PAIRED	NextSeq 2000	1441122	72056100	Homo sapiens
ERR14275340	SAMEA117636889	ena-SAMPLE-TAB-28-01-2025-22:30:17:500-24990	TLTX18		OTHER	PAIRED	NextSeq 2000	162	8100	Homo sapiens
ERR14277155	SAMEA117636889	ena-SAMPLE-TAB-28-01-2025-22:30:17:500-24990	TLTX18		OTHER	PAIRED	NextSeq 2000	998	49900	Homo sapiens
ERR14275342	SAMEA117636889	ena-SAMPLE-TAB-28-01-2025-22:30:17:500-24990	TLTX18		OTHER	PAIRED	NextSeq 2000	1160	58000	Homo sapiens
ERR14277160	SAMEA117636889	ena-SAMPLE-TAB-28-01-2025-22:30:17:500-24990	TLTX18		OTHER	PAIRED	NextSeq 2000	1308	65400	Homo sapiens
ERR14275352	SAMEA117636889	ena-SAMPLE-TAB-28-01-2025-22:30:17:500-24990	TLTX18		OTHER	PAIRED	NextSeq 2000	836	41800	Homo sapiens
ERR14277163	SAMEA117636889	ena-SAMPLE-TAB-28-01-2025-22:30:17:500-24990	TLTX18		OTHER	PAIRED	NextSeq 2000	1120	56000	Homo sapiens
ERR14275355	SAMEA117636889	ena-SAMPLE-TAB-28-01-2025-22:30:17:500-24990	TLTX18		OTHER	PAIRED	NextSeq 2000	1598314	79915700	Homo sapiens
ERR14275356	SAMEA117636889	ena-SAMPLE-TAB-28-01-2025-22:30:17:500-24990	TLTX18		OTHER	PAIRED	NextSeq 2000	904	45200	Homo sapiens
ERR14277165	SAMEA117636889	ena-SAMPLE-TAB-28-01-2025-22:30:17:500-24990	TLTX18		OTHER	PAIRED	NextSeq 2000	1552	77600	Homo sapiens
ERR14275362	SAMEA117636889	ena-SAMPLE-TAB-28-01-2025-22:30:17:500-24990	TLTX18		OTHER	PAIRED	NextSeq 2000	718	35900	Homo sapiens
ERR14277178	SAMEA117636889	ena-SAMPLE-TAB-28-01-2025-22:30:17:500-24990	TLTX18		OTHER	PAIRED	NextSeq 2000	2368	118400	Homo sapiens
ERR14275368	SAMEA117636889	ena-SAMPLE-TAB-28-01-2025-22:30:17:500-24990	TLTX18		OTHER	PAIRED	NextSeq 2000	1606182	80309100	Homo sapiens
ERR14277186	SAMEA117636889	ena-SAMPLE-TAB-28-01-2025-22:30:17:500-24990	TLTX18		OTHER	PAIRED	NextSeq 2000	1296	64800	Homo sapiens
ERR14275372	SAMEA117636889	ena-SAMPLE-TAB-28-01-2025-22:30:17:500-24990	TLTX18		OTHER	PAIRED	NextSeq 2000	1302	65100	Homo sapiens
ERR14275376	SAMEA117636889	ena-SAMPLE-TAB-28-01-2025-22:30:17:500-24990	TLTX18		OTHER	PAIRED	NextSeq 2000	1298	64900	Homo sapiens
ERR14277191	SAMEA117636889	ena-SAMPLE-TAB-28-01-2025-22:30:17:500-24990	TLTX18		OTHER	PAIRED	NextSeq 2000	2196	109800	Homo sapiens
ERR14275379	SAMEA117636889	ena-SAMPLE-TAB-28-01-2025-22:30:17:500-24990	TLTX18		OTHER	PAIRED	NextSeq 2000	880	44000	Homo sapiens
ERR14277198	SAMEA117636889	ena-SAMPLE-TAB-28-01-2025-22:30:17:500-24990	TLTX18		OTHER	PAIRED	NextSeq 2000	1716	85800	Homo sapiens
ERR14275384	SAMEA117636889	ena-SAMPLE-TAB-28-01-2025-22:30:17:500-24990	TLTX18		OTHER	PAIRED	NextSeq 2000	880	44000	Homo sapiens
ERR14275385	SAMEA117636889	ena-SAMPLE-TAB-28-01-2025-22:30:17:500-24990	TLTX18		OTHER	PAIRED	NextSeq 2000	1148	57400	Homo sapiens
ERR14277199	SAMEA117636889	ena-SAMPLE-TAB-28-01-2025-22:30:17:500-24990	TLTX18		OTHER	PAIRED	NextSeq 2000	1326292	66314600	Homo sapiens
ERR14275387	SAMEA117636889	ena-SAMPLE-TAB-28-01-2025-22:30:17:500-24990	TLTX18		OTHER	PAIRED	NextSeq 2000	820	41000	Homo sapiens
ERR14277200	SAMEA117636889	ena-SAMPLE-TAB-28-01-2025-22:30:17:500-24990	TLTX18		OTHER	PAIRED	NextSeq 2000	1768	88400	Homo sapiens
ERR14275394	SAMEA117636889	ena-SAMPLE-TAB-28-01-2025-22:30:17:500-24990	TLTX18		OTHER	PAIRED	NextSeq 2000	840	42000	Homo sapiens
ERR14275401	SAMEA117636889	ena-SAMPLE-TAB-28-01-2025-22:30:17:500-24990	TLTX18		OTHER	PAIRED	NextSeq 2000	1618	80900	Homo sapiens
ERR14277206	SAMEA117636889	ena-SAMPLE-TAB-28-01-2025-22:30:17:500-24990	TLTX18		OTHER	PAIRED	NextSeq 2000	2036026	101801300	Homo sapiens
ERR14275403	SAMEA117636889	ena-SAMPLE-TAB-28-01-2025-22:30:17:500-24990	TLTX18		OTHER	PAIRED	NextSeq 2000	692	34600	Homo sapiens
ERR14277208	SAMEA117636889	ena-SAMPLE-TAB-28-01-2025-22:30:17:500-24990	TLTX18		OTHER	PAIRED	NextSeq 2000	1448	72400	Homo sapiens
ERR14275404	SAMEA117636889	ena-SAMPLE-TAB-28-01-2025-22:30:17:500-24990	TLTX18		OTHER	PAIRED	NextSeq 2000	1254	62700	Homo sapiens
ERR14275406	SAMEA117636889	ena-SAMPLE-TAB-28-01-2025-22:30:17:500-24990	TLTX18		OTHER	PAIRED	NextSeq 2000	1403658	70182900	Homo sapiens
ERR14277215	SAMEA117636889	ena-SAMPLE-TAB-28-01-2025-22:30:17:500-24990	TLTX18		OTHER	PAIRED	NextSeq 2000	1714	85700	Homo sapiens
ERR14275411	SAMEA117636889	ena-SAMPLE-TAB-28-01-2025-22:30:17:500-24990	TLTX18		OTHER	PAIRED	NextSeq 2000	720	36000	Homo sapiens
ERR14275413	SAMEA117636889	ena-SAMPLE-TAB-28-01-2025-22:30:17:500-24990	TLTX18		OTHER	PAIRED	NextSeq 2000	1524606	76230300	Homo sapiens
ERR14277216	SAMEA117636889	ena-SAMPLE-TAB-28-01-2025-22:30:17:500-24990	TLTX18		OTHER	PAIRED	NextSeq 2000	924	46200	Homo sapiens
ERR14275418	SAMEA117636889	ena-SAMPLE-TAB-28-01-2025-22:30:17:500-24990	TLTX18		OTHER	PAIRED	NextSeq 2000	390	19500	Homo sapiens
ERR14277220	SAMEA117636889	ena-SAMPLE-TAB-28-01-2025-22:30:17:500-24990	TLTX18		OTHER	PAIRED	NextSeq 2000	1851432	92571600	Homo sapiens
ERR14275419	SAMEA117636889	ena-SAMPLE-TAB-28-01-2025-22:30:17:500-24990	TLTX18		OTHER	PAIRED	NextSeq 2000	1184966	59248300	Homo sapiens
ERR14275421	SAMEA117636889	ena-SAMPLE-TAB-28-01-2025-22:30:17:500-24990	TLTX18		OTHER	PAIRED	NextSeq 2000	754	37700	Homo sapiens
ERR14277222	SAMEA117636889	ena-SAMPLE-TAB-28-01-2025-22:30:17:500-24990	TLTX18		OTHER	PAIRED	NextSeq 2000	1664	83200	Homo sapiens
ERR14275424	SAMEA117636889	ena-SAMPLE-TAB-28-01-2025-22:30:17:500-24990	TLTX18		OTHER	PAIRED	NextSeq 2000	696	34800	Homo sapiens
ERR14277234	SAMEA117636889	ena-SAMPLE-TAB-28-01-2025-22:30:17:500-24990	TLTX18		OTHER	PAIRED	NextSeq 2000	1424	71200	Homo sapiens
ERR14275428	SAMEA117636889	ena-SAMPLE-TAB-28-01-2025-22:30:17:500-24990	TLTX18		OTHER	PAIRED	NextSeq 2000	788	39400	Homo sapiens
ERR14277241	SAMEA117636889	ena-SAMPLE-TAB-28-01-2025-22:30:17:500-24990	TLTX18		OTHER	PAIRED	NextSeq 2000	2212	110600	Homo sapiens
ERR14275429	SAMEA117636889	ena-SAMPLE-TAB-28-01-2025-22:30:17:500-24990	TLTX18		OTHER	PAIRED	NextSeq 2000	1208512	60425600	Homo sapiens
ERR14277247	SAMEA117636889	ena-SAMPLE-TAB-28-01-2025-22:30:17:500-24990	TLTX18		OTHER	PAIRED	NextSeq 2000	1434	71700	Homo sapiens
ERR14275431	SAMEA117636889	ena-SAMPLE-TAB-28-01-2025-22:30:17:500-24990	TLTX18		OTHER	PAIRED	NextSeq 2000	1352	67600	Homo sapiens
ERR14277248	SAMEA117636889	ena-SAMPLE-TAB-28-01-2025-22:30:17:500-24990	TLTX18		OTHER	PAIRED	NextSeq 2000	908	45400	Homo sapiens
ERR14275439	SAMEA117636889	ena-SAMPLE-TAB-28-01-2025-22:30:17:500-24990	TLTX18		OTHER	PAIRED	NextSeq 2000	1066	53300	Homo sapiens
ERR14277252	SAMEA117636889	ena-SAMPLE-TAB-28-01-2025-22:30:17:500-24990	TLTX18		OTHER	PAIRED	NextSeq 2000	924	46200	Homo sapiens
ERR14275453	SAMEA117636889	ena-SAMPLE-TAB-28-01-2025-22:30:17:500-24990	TLTX18		OTHER	PAIRED	NextSeq 2000	1558290	77914500	Homo sapiens
ERR14277257	SAMEA117636889	ena-SAMPLE-TAB-28-01-2025-22:30:17:500-24990	TLTX18		OTHER	PAIRED	NextSeq 2000	992	49600	Homo sapiens
ERR14275454	SAMEA117636889	ena-SAMPLE-TAB-28-01-2025-22:30:17:500-24990	TLTX18		OTHER	PAIRED	NextSeq 2000	1374	68700	Homo sapiens
ERR14277259	SAMEA117636889	ena-SAMPLE-TAB-28-01-2025-22:30:17:500-24990	TLTX18		OTHER	PAIRED	NextSeq 2000	1427968	71398400	Homo sapiens
ERR14277266	SAMEA117636889	ena-SAMPLE-TAB-28-01-2025-22:30:17:500-24990	TLTX18		OTHER	PAIRED	NextSeq 2000	1713982	85699100	Homo sapiens
ERR14275458	SAMEA117636889	ena-SAMPLE-TAB-28-01-2025-22:30:17:500-24990	TLTX18		OTHER	PAIRED	NextSeq 2000	704	35200	Homo sapiens
ERR14277271	SAMEA117636889	ena-SAMPLE-TAB-28-01-2025-22:30:17:500-24990	TLTX18		OTHER	PAIRED	NextSeq 2000	1196392	59819600	Homo sapiens
ERR14275466	SAMEA117636889	ena-SAMPLE-TAB-28-01-2025-22:30:17:500-24990	TLTX18		OTHER	PAIRED	NextSeq 2000	1364	68200	Homo sapiens
ERR14277275	SAMEA117636889	ena-SAMPLE-TAB-28-01-2025-22:30:17:500-24990	TLTX18		OTHER	PAIRED	NextSeq 2000	876	43800	Homo sapiens
ERR14275471	SAMEA117636889	ena-SAMPLE-TAB-28-01-2025-22:30:17:500-24990	TLTX18		OTHER	PAIRED	NextSeq 2000	1164	58200	Homo sapiens
ERR14277276	SAMEA117636889	ena-SAMPLE-TAB-28-01-2025-22:30:17:500-24990	TLTX18		OTHER	PAIRED	NextSeq 2000	1362772	68138600	Homo sapiens
ERR14275478	SAMEA117636889	ena-SAMPLE-TAB-28-01-2025-22:30:17:500-24990	TLTX18		OTHER	PAIRED	NextSeq 2000	1322	66100	Homo sapiens
ERR14277290	SAMEA117636889	ena-SAMPLE-TAB-28-01-2025-22:30:17:500-24990	TLTX18		OTHER	PAIRED	NextSeq 2000	242	12100	Homo sapiens
ERR14275487	SAMEA117636889	ena-SAMPLE-TAB-28-01-2025-22:30:17:500-24990	TLTX18		OTHER	PAIRED	NextSeq 2000	1367786	68389300	Homo sapiens
ERR14277291	SAMEA117636889	ena-SAMPLE-TAB-28-01-2025-22:30:17:500-24990	TLTX18		OTHER	PAIRED	NextSeq 2000	1760	88000	Homo sapiens
ERR14275488	SAMEA117636889	ena-SAMPLE-TAB-28-01-2025-22:30:17:500-24990	TLTX18		OTHER	PAIRED	NextSeq 2000	1126	56300	Homo sapiens
ERR14277292	SAMEA117636889	ena-SAMPLE-TAB-28-01-2025-22:30:17:500-24990	TLTX18		OTHER	PAIRED	NextSeq 2000	1276	63800	Homo sapiens
ERR14277293	SAMEA117636889	ena-SAMPLE-TAB-28-01-2025-22:30:17:500-24990	TLTX18		OTHER	PAIRED	NextSeq 2000	1622	81100	Homo sapiens
ERR14275493	SAMEA117636889	ena-SAMPLE-TAB-28-01-2025-22:30:17:500-24990	TLTX18		OTHER	PAIRED	NextSeq 2000	608	30400	Homo sapiens
ERR14277298	SAMEA117636889	ena-SAMPLE-TAB-28-01-2025-22:30:17:500-24990	TLTX18		OTHER	PAIRED	NextSeq 2000	1644686	82234300	Homo sapiens
ERR14275498	SAMEA117636889	ena-SAMPLE-TAB-28-01-2025-22:30:17:500-24990	TLTX18		OTHER	PAIRED	NextSeq 2000	992956	49647800	Homo sapiens
ERR14277299	SAMEA117636889	ena-SAMPLE-TAB-28-01-2025-22:30:17:500-24990	TLTX18		OTHER	PAIRED	NextSeq 2000	1305342	65267100	Homo sapiens
ERR14275516	SAMEA117636889	ena-SAMPLE-TAB-28-01-2025-22:30:17:500-24990	TLTX18		OTHER	PAIRED	NextSeq 2000	1739664	86983200	Homo sapiens
ERR14275518	SAMEA117636889	ena-SAMPLE-TAB-28-01-2025-22:30:17:500-24990	TLTX18		OTHER	PAIRED	NextSeq 2000	1126	56300	Homo sapiens
ERR14277309	SAMEA117636889	ena-SAMPLE-TAB-28-01-2025-22:30:17:500-24990	TLTX18		OTHER	PAIRED	NextSeq 2000	1570	78500	Homo sapiens
ERR14275526	SAMEA117636889	ena-SAMPLE-TAB-28-01-2025-22:30:17:500-24990	TLTX18		OTHER	PAIRED	NextSeq 2000	1384898	69244900	Homo sapiens
ERR14277313	SAMEA117636889	ena-SAMPLE-TAB-28-01-2025-22:30:17:500-24990	TLTX18		OTHER	PAIRED	NextSeq 2000	1900262	95013100	Homo sapiens
ERR14275527	SAMEA117636889	ena-SAMPLE-TAB-28-01-2025-22:30:17:500-24990	TLTX18		OTHER	PAIRED	NextSeq 2000	1619566	80978300	Homo sapiens
ERR14275528	SAMEA117636889	ena-SAMPLE-TAB-28-01-2025-22:30:17:500-24990	TLTX18		OTHER	PAIRED	NextSeq 2000	1288	64400	Homo sapiens
ERR14277320	SAMEA117636889	ena-SAMPLE-TAB-28-01-2025-22:30:17:500-24990	TLTX18		OTHER	PAIRED	NextSeq 2000	530	26500	Homo sapiens
ERR14275531	SAMEA117636889	ena-SAMPLE-TAB-28-01-2025-22:30:17:500-24990	TLTX18		OTHER	PAIRED	NextSeq 2000	1072	53600	Homo sapiens
ERR14277324	SAMEA117636889	ena-SAMPLE-TAB-28-01-2025-22:30:17:500-24990	TLTX18		OTHER	PAIRED	NextSeq 2000	598	29900	Homo sapiens
ERR14275532	SAMEA117636889	ena-SAMPLE-TAB-28-01-2025-22:30:17:500-24990	TLTX18		OTHER	PAIRED	NextSeq 2000	1188	59400	Homo sapiens
ERR14275535	SAMEA117636889	ena-SAMPLE-TAB-28-01-2025-22:30:17:500-24990	TLTX18		OTHER	PAIRED	NextSeq 2000	1248	62400	Homo sapiens
ERR14277326	SAMEA117636889	ena-SAMPLE-TAB-28-01-2025-22:30:17:500-24990	TLTX18		OTHER	PAIRED	NextSeq 2000	980	49000	Homo sapiens
ERR14275536	SAMEA117636889	ena-SAMPLE-TAB-28-01-2025-22:30:17:500-24990	TLTX18		OTHER	PAIRED	NextSeq 2000	1302	65100	Homo sapiens
ERR14277334	SAMEA117636889	ena-SAMPLE-TAB-28-01-2025-22:30:17:500-24990	TLTX18		OTHER	PAIRED	NextSeq 2000	864	43200	Homo sapiens
ERR14275538	SAMEA117636889	ena-SAMPLE-TAB-28-01-2025-22:30:17:500-24990	TLTX18		OTHER	PAIRED	NextSeq 2000	1218	60900	Homo sapiens
ERR14275543	SAMEA117636889	ena-SAMPLE-TAB-28-01-2025-22:30:17:500-24990	TLTX18		OTHER	PAIRED	NextSeq 2000	1394	69700	Homo sapiens
ERR14277348	SAMEA117636889	ena-SAMPLE-TAB-28-01-2025-22:30:17:500-24990	TLTX18		OTHER	PAIRED	NextSeq 2000	606	30300	Homo sapiens
ERR14275550	SAMEA117636889	ena-SAMPLE-TAB-28-01-2025-22:30:17:500-24990	TLTX18		OTHER	PAIRED	NextSeq 2000	1766150	88307500	Homo sapiens
ERR14275555	SAMEA117636889	ena-SAMPLE-TAB-28-01-2025-22:30:17:500-24990	TLTX18		OTHER	PAIRED	NextSeq 2000	930	46500	Homo sapiens
ERR14277354	SAMEA117636889	ena-SAMPLE-TAB-28-01-2025-22:30:17:500-24990	TLTX18		OTHER	PAIRED	NextSeq 2000	1044	52200	Homo sapiens
ERR14275556	SAMEA117636889	ena-SAMPLE-TAB-28-01-2025-22:30:17:500-24990	TLTX18		OTHER	PAIRED	NextSeq 2000	226	11300	Homo sapiens
ERR14277359	SAMEA117636889	ena-SAMPLE-TAB-28-01-2025-22:30:17:500-24990	TLTX18		OTHER	PAIRED	NextSeq 2000	802	40100	Homo sapiens
ERR14275568	SAMEA117636889	ena-SAMPLE-TAB-28-01-2025-22:30:17:500-24990	TLTX18		OTHER	PAIRED	NextSeq 2000	1022	51100	Homo sapiens
ERR14277361	SAMEA117636889	ena-SAMPLE-TAB-28-01-2025-22:30:17:500-24990	TLTX18		OTHER	PAIRED	NextSeq 2000	630	31500	Homo sapiens
ERR14275569	SAMEA117636889	ena-SAMPLE-TAB-28-01-2025-22:30:17:500-24990	TLTX18		OTHER	PAIRED	NextSeq 2000	822	41100	Homo sapiens
ERR14277366	SAMEA117636889	ena-SAMPLE-TAB-28-01-2025-22:30:17:500-24990	TLTX18		OTHER	PAIRED	NextSeq 2000	870	43500	Homo sapiens
ERR14277371	SAMEA117636889	ena-SAMPLE-TAB-28-01-2025-22:30:17:500-24990	TLTX18		OTHER	PAIRED	NextSeq 2000	692	34600	Homo sapiens
ERR14275579	SAMEA117636889	ena-SAMPLE-TAB-28-01-2025-22:30:17:500-24990	TLTX18		OTHER	PAIRED	NextSeq 2000	1796082	89804100	Homo sapiens
ERR14277375	SAMEA117636889	ena-SAMPLE-TAB-28-01-2025-22:30:17:500-24990	TLTX18		OTHER	PAIRED	NextSeq 2000	644	32200	Homo sapiens
ERR14275581	SAMEA117636889	ena-SAMPLE-TAB-28-01-2025-22:30:17:500-24990	TLTX18		OTHER	PAIRED	NextSeq 2000	1048	52400	Homo sapiens
ERR14277377	SAMEA117636889	ena-SAMPLE-TAB-28-01-2025-22:30:17:500-24990	TLTX18		OTHER	PAIRED	NextSeq 2000	622	31100	Homo sapiens
ERR14275586	SAMEA117636889	ena-SAMPLE-TAB-28-01-2025-22:30:17:500-24990	TLTX18		OTHER	PAIRED	NextSeq 2000	1022	51100	Homo sapiens
ERR14277395	SAMEA117636889	ena-SAMPLE-TAB-28-01-2025-22:30:17:500-24990	TLTX18		OTHER	PAIRED	NextSeq 2000	2438	121900	Homo sapiens
ERR14275588	SAMEA117636889	ena-SAMPLE-TAB-28-01-2025-22:30:17:500-24990	TLTX18		OTHER	PAIRED	NextSeq 2000	2062	103100	Homo sapiens
ERR14277398	SAMEA117636889	ena-SAMPLE-TAB-28-01-2025-22:30:17:500-24990	TLTX18		OTHER	PAIRED	NextSeq 2000	1375100	68755000	Homo sapiens
ERR14275590	SAMEA117636889	ena-SAMPLE-TAB-28-01-2025-22:30:17:500-24990	TLTX18		OTHER	PAIRED	NextSeq 2000	1240	62000	Homo sapiens
ERR14277404	SAMEA117636889	ena-SAMPLE-TAB-28-01-2025-22:30:17:500-24990	TLTX18		OTHER	PAIRED	NextSeq 2000	1649038	82451900	Homo sapiens
ERR14275591	SAMEA117636889	ena-SAMPLE-TAB-28-01-2025-22:30:17:500-24990	TLTX18		OTHER	PAIRED	NextSeq 2000	1540	77000	Homo sapiens
ERR14277406	SAMEA117636889	ena-SAMPLE-TAB-28-01-2025-22:30:17:500-24990	TLTX18		OTHER	PAIRED	NextSeq 2000	2212	110600	Homo sapiens
ERR14275593	SAMEA117636889	ena-SAMPLE-TAB-28-01-2025-22:30:17:500-24990	TLTX18		OTHER	PAIRED	NextSeq 2000	1392318	69615900	Homo sapiens
ERR14277415	SAMEA117636889	ena-SAMPLE-TAB-28-01-2025-22:30:17:500-24990	TLTX18		OTHER	PAIRED	NextSeq 2000	829132	41456600	Homo sapiens
ERR14275598	SAMEA117636889	ena-SAMPLE-TAB-28-01-2025-22:30:17:500-24990	TLTX18		OTHER	PAIRED	NextSeq 2000	1828	91400	Homo sapiens
ERR14277418	SAMEA117636889	ena-SAMPLE-TAB-28-01-2025-22:30:17:500-24990	TLTX18		OTHER	PAIRED	NextSeq 2000	1345240	67262000	Homo sapiens
ERR14275601	SAMEA117636889	ena-SAMPLE-TAB-28-01-2025-22:30:17:500-24990	TLTX18		OTHER	PAIRED	NextSeq 2000	2433930	121696500	Homo sapiens
ERR14277420	SAMEA117636889	ena-SAMPLE-TAB-28-01-2025-22:30:17:500-24990	TLTX18		OTHER	PAIRED	NextSeq 2000	1560762	78038100	Homo sapiens
ERR14275604	SAMEA117636889	ena-SAMPLE-TAB-28-01-2025-22:30:17:500-24990	TLTX18		OTHER	PAIRED	NextSeq 2000	1394	69700	Homo sapiens
ERR14277423	SAMEA117636889	ena-SAMPLE-TAB-28-01-2025-22:30:17:500-24990	TLTX18		OTHER	PAIRED	NextSeq 2000	1775026	88751300	Homo sapiens
ERR14275606	SAMEA117636889	ena-SAMPLE-TAB-28-01-2025-22:30:17:500-24990	TLTX18		OTHER	PAIRED	NextSeq 2000	1144	57200	Homo sapiens
ERR14277425	SAMEA117636889	ena-SAMPLE-TAB-28-01-2025-22:30:17:500-24990	TLTX18		OTHER	PAIRED	NextSeq 2000	2094	104700	Homo sapiens
ERR14275608	SAMEA117636889	ena-SAMPLE-TAB-28-01-2025-22:30:17:500-24990	TLTX18		OTHER	PAIRED	NextSeq 2000	1522	76100	Homo sapiens
ERR14277437	SAMEA117636889	ena-SAMPLE-TAB-28-01-2025-22:30:17:500-24990	TLTX18		OTHER	PAIRED	NextSeq 2000	2708	135400	Homo sapiens
ERR14275626	SAMEA117636889	ena-SAMPLE-TAB-28-01-2025-22:30:17:500-24990	TLTX18		OTHER	PAIRED	NextSeq 2000	818	40900	Homo sapiens
ERR14275630	SAMEA117636889	ena-SAMPLE-TAB-28-01-2025-22:30:17:500-24990	TLTX18		OTHER	PAIRED	NextSeq 2000	1382	69100	Homo sapiens
ERR14277441	SAMEA117636889	ena-SAMPLE-TAB-28-01-2025-22:30:17:500-24990	TLTX18		OTHER	PAIRED	NextSeq 2000	2032	101600	Homo sapiens
ERR14275640	SAMEA117636889	ena-SAMPLE-TAB-28-01-2025-22:30:17:500-24990	TLTX18		OTHER	PAIRED	NextSeq 2000	1204	60200	Homo sapiens
ERR14277445	SAMEA117636889	ena-SAMPLE-TAB-28-01-2025-22:30:17:500-24990	TLTX18		OTHER	PAIRED	NextSeq 2000	1856	92800	Homo sapiens
ERR14275642	SAMEA117636889	ena-SAMPLE-TAB-28-01-2025-22:30:17:500-24990	TLTX18		OTHER	PAIRED	NextSeq 2000	1680	84000	Homo sapiens
ERR14277450	SAMEA117636889	ena-SAMPLE-TAB-28-01-2025-22:30:17:500-24990	TLTX18		OTHER	PAIRED	NextSeq 2000	1736	86800	Homo sapiens
ERR14275648	SAMEA117636889	ena-SAMPLE-TAB-28-01-2025-22:30:17:500-24990	TLTX18		OTHER	PAIRED	NextSeq 2000	1298	64900	Homo sapiens
ERR14277453	SAMEA117636889	ena-SAMPLE-TAB-28-01-2025-22:30:17:500-24990	TLTX18		OTHER	PAIRED	NextSeq 2000	2606	130300	Homo sapiens
ERR14275650	SAMEA117636889	ena-SAMPLE-TAB-28-01-2025-22:30:17:500-24990	TLTX18		OTHER	PAIRED	NextSeq 2000	922	46100	Homo sapiens
ERR14277454	SAMEA117636889	ena-SAMPLE-TAB-28-01-2025-22:30:17:500-24990	TLTX18		OTHER	PAIRED	NextSeq 2000	2014	100700	Homo sapiens
ERR14275653	SAMEA117636889	ena-SAMPLE-TAB-28-01-2025-22:30:17:500-24990	TLTX18		OTHER	PAIRED	NextSeq 2000	1222	61100	Homo sapiens
ERR14277457	SAMEA117636889	ena-SAMPLE-TAB-28-01-2025-22:30:17:500-24990	TLTX18		OTHER	PAIRED	NextSeq 2000	2482	124100	Homo sapiens
ERR14275657	SAMEA117636889	ena-SAMPLE-TAB-28-01-2025-22:30:17:500-24990	TLTX18		OTHER	PAIRED	NextSeq 2000	1392	69600	Homo sapiens
ERR14277459	SAMEA117636889	ena-SAMPLE-TAB-28-01-2025-22:30:17:500-24990	TLTX18		OTHER	PAIRED	NextSeq 2000	1329634	66481700	Homo sapiens
ERR14275658	SAMEA117636889	ena-SAMPLE-TAB-28-01-2025-22:30:17:500-24990	TLTX18		OTHER	PAIRED	NextSeq 2000	1026	51300	Homo sapiens
ERR14277464	SAMEA117636889	ena-SAMPLE-TAB-28-01-2025-22:30:17:500-24990	TLTX18		OTHER	PAIRED	NextSeq 2000	1172	58600	Homo sapiens
ERR14275660	SAMEA117636889	ena-SAMPLE-TAB-28-01-2025-22:30:17:500-24990	TLTX18		OTHER	PAIRED	NextSeq 2000	2858002	142900100	Homo sapiens
ERR14277465	SAMEA117636889	ena-SAMPLE-TAB-28-01-2025-22:30:17:500-24990	TLTX18		OTHER	PAIRED	NextSeq 2000	1464	73200	Homo sapiens
ERR14275661	SAMEA117636889	ena-SAMPLE-TAB-28-01-2025-22:30:17:500-24990	TLTX18		OTHER	PAIRED	NextSeq 2000	1542	77100	Homo sapiens
ERR14275663	SAMEA117636889	ena-SAMPLE-TAB-28-01-2025-22:30:17:500-24990	TLTX18		OTHER	PAIRED	NextSeq 2000	1400	70000	Homo sapiens
ERR14277471	SAMEA117636889	ena-SAMPLE-TAB-28-01-2025-22:30:17:500-24990	TLTX18		OTHER	PAIRED	NextSeq 2000	854	42700	Homo sapiens
ERR14275668	SAMEA117636889	ena-SAMPLE-TAB-28-01-2025-22:30:17:500-24990	TLTX18		OTHER	PAIRED	NextSeq 2000	1022	51100	Homo sapiens
ERR14277475	SAMEA117636889	ena-SAMPLE-TAB-28-01-2025-22:30:17:500-24990	TLTX18		OTHER	PAIRED	NextSeq 2000	1417050	70852500	Homo sapiens
ERR14275670	SAMEA117636889	ena-SAMPLE-TAB-28-01-2025-22:30:17:500-24990	TLTX18		OTHER	PAIRED	NextSeq 2000	1540	77000	Homo sapiens
ERR14277481	SAMEA117636889	ena-SAMPLE-TAB-28-01-2025-22:30:17:500-24990	TLTX18		OTHER	PAIRED	NextSeq 2000	1353194	67659700	Homo sapiens
ERR14277487	SAMEA117636889	ena-SAMPLE-TAB-28-01-2025-22:30:17:500-24990	TLTX18		OTHER	PAIRED	NextSeq 2000	1235942	61797100	Homo sapiens
ERR14275672	SAMEA117636889	ena-SAMPLE-TAB-28-01-2025-22:30:17:500-24990	TLTX18		OTHER	PAIRED	NextSeq 2000	1220	61000	Homo sapiens
ERR14277488	SAMEA117636889	ena-SAMPLE-TAB-28-01-2025-22:30:17:500-24990	TLTX18		OTHER	PAIRED	NextSeq 2000	1428	71400	Homo sapiens
ERR14275674	SAMEA117636889	ena-SAMPLE-TAB-28-01-2025-22:30:17:500-24990	TLTX18		OTHER	PAIRED	NextSeq 2000	932	46600	Homo sapiens
ERR14277491	SAMEA117636889	ena-SAMPLE-TAB-28-01-2025-22:30:17:500-24990	TLTX18		OTHER	PAIRED	NextSeq 2000	972	48600	Homo sapiens
ERR14275675	SAMEA117636889	ena-SAMPLE-TAB-28-01-2025-22:30:17:500-24990	TLTX18		OTHER	PAIRED	NextSeq 2000	966	48300	Homo sapiens
ERR14277499	SAMEA117636889	ena-SAMPLE-TAB-28-01-2025-22:30:17:500-24990	TLTX18		OTHER	PAIRED	NextSeq 2000	890	44500	Homo sapiens
ERR14275676	SAMEA117636889	ena-SAMPLE-TAB-28-01-2025-22:30:17:500-24990	TLTX18		OTHER	PAIRED	NextSeq 2000	1316	65800	Homo sapiens
ERR14277503	SAMEA117636889	ena-SAMPLE-TAB-28-01-2025-22:30:17:500-24990	TLTX18		OTHER	PAIRED	NextSeq 2000	1284	64200	Homo sapiens
ERR14277504	SAMEA117636889	ena-SAMPLE-TAB-28-01-2025-22:30:17:500-24990	TLTX18		OTHER	PAIRED	NextSeq 2000	1517310	75865500	Homo sapiens
ERR14275697	SAMEA117636889	ena-SAMPLE-TAB-28-01-2025-22:30:17:500-24990	TLTX18		OTHER	PAIRED	NextSeq 2000	1282	64100	Homo sapiens
ERR14277524	SAMEA117636889	ena-SAMPLE-TAB-28-01-2025-22:30:17:500-24990	TLTX18		OTHER	PAIRED	NextSeq 2000	1352	67600	Homo sapiens
ERR14277527	SAMEA117636889	ena-SAMPLE-TAB-28-01-2025-22:30:17:500-24990	TLTX18		OTHER	PAIRED	NextSeq 2000	594	29700	Homo sapiens
ERR14275699	SAMEA117636889	ena-SAMPLE-TAB-28-01-2025-22:30:17:500-24990	TLTX18		OTHER	PAIRED	NextSeq 2000	914	45700	Homo sapiens
ERR14277529	SAMEA117636889	ena-SAMPLE-TAB-28-01-2025-22:30:17:500-24990	TLTX18		OTHER	PAIRED	NextSeq 2000	1258168	62908400	Homo sapiens
ERR14275706	SAMEA117636889	ena-SAMPLE-TAB-28-01-2025-22:30:17:500-24990	TLTX18		OTHER	PAIRED	NextSeq 2000	1688792	84439600	Homo sapiens
ERR14277531	SAMEA117636889	ena-SAMPLE-TAB-28-01-2025-22:30:17:500-24990	TLTX18		OTHER	PAIRED	NextSeq 2000	1304	65200	Homo sapiens
ERR14275707	SAMEA117636889	ena-SAMPLE-TAB-28-01-2025-22:30:17:500-24990	TLTX18		OTHER	PAIRED	NextSeq 2000	1682718	84135900	Homo sapiens
ERR14277538	SAMEA117636889	ena-SAMPLE-TAB-28-01-2025-22:30:17:500-24990	TLTX18		OTHER	PAIRED	NextSeq 2000	52	2600	Homo sapiens
ERR14275710	SAMEA117636889	ena-SAMPLE-TAB-28-01-2025-22:30:17:500-24990	TLTX18		OTHER	PAIRED	NextSeq 2000	832	41600	Homo sapiens
ERR14277540	SAMEA117636889	ena-SAMPLE-TAB-28-01-2025-22:30:17:500-24990	TLTX18		OTHER	PAIRED	NextSeq 2000	44	2200	Homo sapiens
ERR14277544	SAMEA117636889	ena-SAMPLE-TAB-28-01-2025-22:30:17:500-24990	TLTX18		OTHER	PAIRED	NextSeq 2000	16	800	Homo sapiens
ERR14277551	SAMEA117636889	ena-SAMPLE-TAB-28-01-2025-22:30:17:500-24990	TLTX18		OTHER	PAIRED	NextSeq 2000	32	1600	Homo sapiens
ERR14275711	SAMEA117636889	ena-SAMPLE-TAB-28-01-2025-22:30:17:500-24990	TLTX18		OTHER	PAIRED	NextSeq 2000	2196238	109811900	Homo sapiens
ERR14277556	SAMEA117636889	ena-SAMPLE-TAB-28-01-2025-22:30:17:500-24990	TLTX18		OTHER	PAIRED	NextSeq 2000	32	1600	Homo sapiens
ERR14277557	SAMEA117636889	ena-SAMPLE-TAB-28-01-2025-22:30:17:500-24990	TLTX18		OTHER	PAIRED	NextSeq 2000	40	2000	Homo sapiens
ERR14275716	SAMEA117636889	ena-SAMPLE-TAB-28-01-2025-22:30:17:500-24990	TLTX18		OTHER	PAIRED	NextSeq 2000	1098	54900	Homo sapiens
ERR14277560	SAMEA117636889	ena-SAMPLE-TAB-28-01-2025-22:30:17:500-24990	TLTX18		OTHER	PAIRED	NextSeq 2000	44	2200	Homo sapiens
ERR14275717	SAMEA117636889	ena-SAMPLE-TAB-28-01-2025-22:30:17:500-24990	TLTX18		OTHER	PAIRED	NextSeq 2000	1320	66000	Homo sapiens
ERR14277569	SAMEA117636889	ena-SAMPLE-TAB-28-01-2025-22:30:17:500-24990	TLTX18		OTHER	PAIRED	NextSeq 2000	42	2100	Homo sapiens
ERR14275719	SAMEA117636889	ena-SAMPLE-TAB-28-01-2025-22:30:17:500-24990	TLTX18		OTHER	PAIRED	NextSeq 2000	1574458	78722900	Homo sapiens
ERR14277575	SAMEA117636889	ena-SAMPLE-TAB-28-01-2025-22:30:17:500-24990	TLTX18		OTHER	PAIRED	NextSeq 2000	32	1600	Homo sapiens
ERR14275727	SAMEA117636889	ena-SAMPLE-TAB-28-01-2025-22:30:17:500-24990	TLTX18		OTHER	PAIRED	NextSeq 2000	1422	71100	Homo sapiens
ERR14277577	SAMEA117636889	ena-SAMPLE-TAB-28-01-2025-22:30:17:500-24990	TLTX18		OTHER	PAIRED	NextSeq 2000	12	600	Homo sapiens
ERR14275731	SAMEA117636889	ena-SAMPLE-TAB-28-01-2025-22:30:17:500-24990	TLTX18		OTHER	PAIRED	NextSeq 2000	1540	77000	Homo sapiens
ERR14277581	SAMEA117636889	ena-SAMPLE-TAB-28-01-2025-22:30:17:500-24990	TLTX18		OTHER	PAIRED	NextSeq 2000	46	2300	Homo sapiens
ERR14275733	SAMEA117636889	ena-SAMPLE-TAB-28-01-2025-22:30:17:500-24990	TLTX18		OTHER	PAIRED	NextSeq 2000	1720570	86028500	Homo sapiens
ERR14277583	SAMEA117636889	ena-SAMPLE-TAB-28-01-2025-22:30:17:500-24990	TLTX18		OTHER	PAIRED	NextSeq 2000	30	1500	Homo sapiens
ERR14275737	SAMEA117636889	ena-SAMPLE-TAB-28-01-2025-22:30:17:500-24990	TLTX18		OTHER	PAIRED	NextSeq 2000	1376	68800	Homo sapiens
ERR14277586	SAMEA117636889	ena-SAMPLE-TAB-28-01-2025-22:30:17:500-24990	TLTX18		OTHER	PAIRED	NextSeq 2000	43428	2171400	Homo sapiens
ERR14275738	SAMEA117636889	ena-SAMPLE-TAB-28-01-2025-22:30:17:500-24990	TLTX18		OTHER	PAIRED	NextSeq 2000	1465182	73259100	Homo sapiens
ERR14277587	SAMEA117636889	ena-SAMPLE-TAB-28-01-2025-22:30:17:500-24990	TLTX18		OTHER	PAIRED	NextSeq 2000	53696	2684800	Homo sapiens
ERR14275751	SAMEA117636889	ena-SAMPLE-TAB-28-01-2025-22:30:17:500-24990	TLTX18		OTHER	PAIRED	NextSeq 2000	1629290	81464500	Homo sapiens
ERR14277588	SAMEA117636889	ena-SAMPLE-TAB-28-01-2025-22:30:17:500-24990	TLTX18		OTHER	PAIRED	NextSeq 2000	46	2300	Homo sapiens
ERR14275756	SAMEA117636889	ena-SAMPLE-TAB-28-01-2025-22:30:17:500-24990	TLTX18		OTHER	PAIRED	NextSeq 2000	1446	72300	Homo sapiens
ERR14277601	SAMEA117636889	ena-SAMPLE-TAB-28-01-2025-22:30:17:500-24990	TLTX18		OTHER	PAIRED	NextSeq 2000	48942	2447100	Homo sapiens
ERR14275762	SAMEA117636889	ena-SAMPLE-TAB-28-01-2025-22:30:17:500-24990	TLTX18		OTHER	PAIRED	NextSeq 2000	1152	57600	Homo sapiens
ERR14277616	SAMEA117636889	ena-SAMPLE-TAB-28-01-2025-22:30:17:500-24990	TLTX18		OTHER	PAIRED	NextSeq 2000	316	15800	Homo sapiens
ERR14275763	SAMEA117636889	ena-SAMPLE-TAB-28-01-2025-22:30:17:500-24990	TLTX18		OTHER	PAIRED	NextSeq 2000	1865106	93255300	Homo sapiens
ERR14277619	SAMEA117636889	ena-SAMPLE-TAB-28-01-2025-22:30:17:500-24990	TLTX18		OTHER	PAIRED	NextSeq 2000	1530	76500	Homo sapiens
ERR14275769	SAMEA117636889	ena-SAMPLE-TAB-28-01-2025-22:30:17:500-24990	TLTX18		OTHER	PAIRED	NextSeq 2000	1010	50500	Homo sapiens
ERR14275772	SAMEA117636889	ena-SAMPLE-TAB-28-01-2025-22:30:17:500-24990	TLTX18		OTHER	PAIRED	NextSeq 2000	730	36500	Homo sapiens
ERR14277635	SAMEA117636889	ena-SAMPLE-TAB-28-01-2025-22:30:17:500-24990	TLTX18		OTHER	PAIRED	NextSeq 2000	654	32700	Homo sapiens
ERR14275791	SAMEA117636889	ena-SAMPLE-TAB-28-01-2025-22:30:17:500-24990	TLTX18		OTHER	PAIRED	NextSeq 2000	1224	61200	Homo sapiens
ERR14277639	SAMEA117636889	ena-SAMPLE-TAB-28-01-2025-22:30:17:500-24990	TLTX18		OTHER	PAIRED	NextSeq 2000	1754352	87717600	Homo sapiens
ERR14275796	SAMEA117636889	ena-SAMPLE-TAB-28-01-2025-22:30:17:500-24990	TLTX18		OTHER	PAIRED	NextSeq 2000	942	47100	Homo sapiens
ERR14277644	SAMEA117636889	ena-SAMPLE-TAB-28-01-2025-22:30:17:500-24990	TLTX18		OTHER	PAIRED	NextSeq 2000	952	47600	Homo sapiens
ERR14275798	SAMEA117636889	ena-SAMPLE-TAB-28-01-2025-22:30:17:500-24990	TLTX18		OTHER	PAIRED	NextSeq 2000	896	44800	Homo sapiens
ERR14275806	SAMEA117636889	ena-SAMPLE-TAB-28-01-2025-22:30:17:500-24990	TLTX18		OTHER	PAIRED	NextSeq 2000	3144	157200	Homo sapiens
ERR14277645	SAMEA117636889	ena-SAMPLE-TAB-28-01-2025-22:30:17:500-24990	TLTX18		OTHER	PAIRED	NextSeq 2000	860	43000	Homo sapiens
ERR14275811	SAMEA117636889	ena-SAMPLE-TAB-28-01-2025-22:30:17:500-24990	TLTX18		OTHER	PAIRED	NextSeq 2000	1680	84000	Homo sapiens
ERR14277648	SAMEA117636889	ena-SAMPLE-TAB-28-01-2025-22:30:17:500-24990	TLTX18		OTHER	PAIRED	NextSeq 2000	847436	42371800	Homo sapiens
ERR14277653	SAMEA117636889	ena-SAMPLE-TAB-28-01-2025-22:30:17:500-24990	TLTX18		OTHER	PAIRED	NextSeq 2000	1618168	80908400	Homo sapiens
ERR14275820	SAMEA117636889	ena-SAMPLE-TAB-28-01-2025-22:30:17:500-24990	TLTX18		OTHER	PAIRED	NextSeq 2000	1919812	95990600	Homo sapiens
ERR14275826	SAMEA117636889	ena-SAMPLE-TAB-28-01-2025-22:30:17:500-24990	TLTX18		OTHER	PAIRED	NextSeq 2000	2264	113200	Homo sapiens
ERR14277656	SAMEA117636889	ena-SAMPLE-TAB-28-01-2025-22:30:17:500-24990	TLTX18		OTHER	PAIRED	NextSeq 2000	458	22900	Homo sapiens
ERR14275832	SAMEA117636889	ena-SAMPLE-TAB-28-01-2025-22:30:17:500-24990	TLTX18		OTHER	PAIRED	NextSeq 2000	1234	61700	Homo sapiens
ERR14277667	SAMEA117636889	ena-SAMPLE-TAB-28-01-2025-22:30:17:500-24990	TLTX18		OTHER	PAIRED	NextSeq 2000	972	48600	Homo sapiens
ERR14275842	SAMEA117636889	ena-SAMPLE-TAB-28-01-2025-22:30:17:500-24990	TLTX18		OTHER	PAIRED	NextSeq 2000	1575190	78759500	Homo sapiens
ERR14277682	SAMEA117636889	ena-SAMPLE-TAB-28-01-2025-22:30:17:500-24990	TLTX18		OTHER	PAIRED	NextSeq 2000	2282	114100	Homo sapiens
ERR14275847	SAMEA117636889	ena-SAMPLE-TAB-28-01-2025-22:30:17:500-24990	TLTX18		OTHER	PAIRED	NextSeq 2000	2100652	105032600	Homo sapiens
ERR14277684	SAMEA117636889	ena-SAMPLE-TAB-28-01-2025-22:30:17:500-24990	TLTX18		OTHER	PAIRED	NextSeq 2000	830	41500	Homo sapiens
ERR14275858	SAMEA117636889	ena-SAMPLE-TAB-28-01-2025-22:30:17:500-24990	TLTX18		OTHER	PAIRED	NextSeq 2000	1998	99900	Homo sapiens
ERR14277687	SAMEA117636889	ena-SAMPLE-TAB-28-01-2025-22:30:17:500-24990	TLTX18		OTHER	PAIRED	NextSeq 2000	586	29300	Homo sapiens
ERR14275869	SAMEA117636889	ena-SAMPLE-TAB-28-01-2025-22:30:17:500-24990	TLTX18		OTHER	PAIRED	NextSeq 2000	2520	126000	Homo sapiens
ERR14275871	SAMEA117636889	ena-SAMPLE-TAB-28-01-2025-22:30:17:500-24990	TLTX18		OTHER	PAIRED	NextSeq 2000	2002	100100	Homo sapiens
ERR14277688	SAMEA117636889	ena-SAMPLE-TAB-28-01-2025-22:30:17:500-24990	TLTX18		OTHER	PAIRED	NextSeq 2000	338	16900	Homo sapiens
ERR14275887	SAMEA117636889	ena-SAMPLE-TAB-28-01-2025-22:30:17:500-24990	TLTX18		OTHER	PAIRED	NextSeq 2000	2108	105400	Homo sapiens
ERR14277694	SAMEA117636889	ena-SAMPLE-TAB-28-01-2025-22:30:17:500-24990	TLTX18		OTHER	PAIRED	NextSeq 2000	862	43100	Homo sapiens
ERR14275890	SAMEA117636889	ena-SAMPLE-TAB-28-01-2025-22:30:17:500-24990	TLTX18		OTHER	PAIRED	NextSeq 2000	1633712	81685600	Homo sapiens
ERR14275891	SAMEA117636889	ena-SAMPLE-TAB-28-01-2025-22:30:17:500-24990	TLTX18		OTHER	PAIRED	NextSeq 2000	1884	94200	Homo sapiens
ERR14275897	SAMEA117636889	ena-SAMPLE-TAB-28-01-2025-22:30:17:500-24990	TLTX18		OTHER	PAIRED	NextSeq 2000	1558	77900	Homo sapiens
ERR14275903	SAMEA117636889	ena-SAMPLE-TAB-28-01-2025-22:30:17:500-24990	TLTX18		OTHER	PAIRED	NextSeq 2000	1080	54000	Homo sapiens
ERR14277696	SAMEA117636889	ena-SAMPLE-TAB-28-01-2025-22:30:17:500-24990	TLTX18		OTHER	PAIRED	NextSeq 2000	570	28500	Homo sapiens
ERR14275907	SAMEA117636889	ena-SAMPLE-TAB-28-01-2025-22:30:17:500-24990	TLTX18		OTHER	PAIRED	NextSeq 2000	2624	131200	Homo sapiens
ERR14277699	SAMEA117636889	ena-SAMPLE-TAB-28-01-2025-22:30:17:500-24990	TLTX18		OTHER	PAIRED	NextSeq 2000	1202	60100	Homo sapiens
ERR14277701	SAMEA117636889	ena-SAMPLE-TAB-28-01-2025-22:30:17:500-24990	TLTX18		OTHER	PAIRED	NextSeq 2000	976	48800	Homo sapiens
ERR14275913	SAMEA117636889	ena-SAMPLE-TAB-28-01-2025-22:30:17:500-24990	TLTX18		OTHER	PAIRED	NextSeq 2000	1382	69100	Homo sapiens
ERR14275914	SAMEA117636889	ena-SAMPLE-TAB-28-01-2025-22:30:17:500-24990	TLTX18		OTHER	PAIRED	NextSeq 2000	1189178	59458900	Homo sapiens
ERR14277702	SAMEA117636889	ena-SAMPLE-TAB-28-01-2025-22:30:17:500-24990	TLTX18		OTHER	PAIRED	NextSeq 2000	922	46100	Homo sapiens
ERR14277710	SAMEA117636889	ena-SAMPLE-TAB-28-01-2025-22:30:17:500-24990	TLTX18		OTHER	PAIRED	NextSeq 2000	764	38200	Homo sapiens
ERR14275921	SAMEA117636889	ena-SAMPLE-TAB-28-01-2025-22:30:17:500-24990	TLTX18		OTHER	PAIRED	NextSeq 2000	1036348	51817400	Homo sapiens
ERR14275925	SAMEA117636889	ena-SAMPLE-TAB-28-01-2025-22:30:17:500-24990	TLTX18		OTHER	PAIRED	NextSeq 2000	1324	66200	Homo sapiens
ERR14277713	SAMEA117636889	ena-SAMPLE-TAB-28-01-2025-22:30:17:500-24990	TLTX18		OTHER	PAIRED	NextSeq 2000	776	38800	Homo sapiens
ERR14277715	SAMEA117636889	ena-SAMPLE-TAB-28-01-2025-22:30:17:500-24990	TLTX18		OTHER	PAIRED	NextSeq 2000	831722	41586100	Homo sapiens
ERR14275928	SAMEA117636889	ena-SAMPLE-TAB-28-01-2025-22:30:17:500-24990	TLTX18		OTHER	PAIRED	NextSeq 2000	820	41000	Homo sapiens
ERR14277726	SAMEA117636889	ena-SAMPLE-TAB-28-01-2025-22:30:17:500-24990	TLTX18		OTHER	PAIRED	NextSeq 2000	1103548	55177400	Homo sapiens
ERR14277730	SAMEA117636889	ena-SAMPLE-TAB-28-01-2025-22:30:17:500-24990	TLTX18		OTHER	PAIRED	NextSeq 2000	946350	47317500	Homo sapiens
ERR14275929	SAMEA117636889	ena-SAMPLE-TAB-28-01-2025-22:30:17:500-24990	TLTX18		OTHER	PAIRED	NextSeq 2000	1278	63900	Homo sapiens
ERR14277734	SAMEA117636889	ena-SAMPLE-TAB-28-01-2025-22:30:17:500-24990	TLTX18		OTHER	PAIRED	NextSeq 2000	758	37900	Homo sapiens
ERR14275931	SAMEA117636889	ena-SAMPLE-TAB-28-01-2025-22:30:17:500-24990	TLTX18		OTHER	PAIRED	NextSeq 2000	1477010	73850500	Homo sapiens
ERR14275932	SAMEA117636889	ena-SAMPLE-TAB-28-01-2025-22:30:17:500-24990	TLTX18		OTHER	PAIRED	NextSeq 2000	1678	83900	Homo sapiens
ERR14277739	SAMEA117636889	ena-SAMPLE-TAB-28-01-2025-22:30:17:500-24990	TLTX18		OTHER	PAIRED	NextSeq 2000	882	44100	Homo sapiens
ERR14275938	SAMEA117636889	ena-SAMPLE-TAB-28-01-2025-22:30:17:500-24990	TLTX18		OTHER	PAIRED	NextSeq 2000	1436	71800	Homo sapiens
ERR14275944	SAMEA117636889	ena-SAMPLE-TAB-28-01-2025-22:30:17:500-24990	TLTX18		OTHER	PAIRED	NextSeq 2000	1430	71500	Homo sapiens
ERR14275946	SAMEA117636889	ena-SAMPLE-TAB-28-01-2025-22:30:17:500-24990	TLTX18		OTHER	PAIRED	NextSeq 2000	1644388	82219400	Homo sapiens
ERR14277741	SAMEA117636889	ena-SAMPLE-TAB-28-01-2025-22:30:17:500-24990	TLTX18		OTHER	PAIRED	NextSeq 2000	1186	59300	Homo sapiens
ERR14277744	SAMEA117636889	ena-SAMPLE-TAB-28-01-2025-22:30:17:500-24990	TLTX18		OTHER	PAIRED	NextSeq 2000	838	41900	Homo sapiens
ERR14275954	SAMEA117636889	ena-SAMPLE-TAB-28-01-2025-22:30:17:500-24990	TLTX18		OTHER	PAIRED	NextSeq 2000	2132	106600	Homo sapiens
ERR14275961	SAMEA117636889	ena-SAMPLE-TAB-28-01-2025-22:30:17:500-24990	TLTX18		OTHER	PAIRED	NextSeq 2000	1734	86700	Homo sapiens
ERR14277745	SAMEA117636889	ena-SAMPLE-TAB-28-01-2025-22:30:17:500-24990	TLTX18		OTHER	PAIRED	NextSeq 2000	1672	83600	Homo sapiens
ERR14275966	SAMEA117636889	ena-SAMPLE-TAB-28-01-2025-22:30:17:500-24990	TLTX18		OTHER	PAIRED	NextSeq 2000	1726	86300	Homo sapiens
ERR14275971	SAMEA117636889	ena-SAMPLE-TAB-28-01-2025-22:30:17:500-24990	TLTX18		OTHER	PAIRED	NextSeq 2000	1497664	74883200	Homo sapiens
ERR14277747	SAMEA117636889	ena-SAMPLE-TAB-28-01-2025-22:30:17:500-24990	TLTX18		OTHER	PAIRED	NextSeq 2000	824	41200	Homo sapiens
ERR14277751	SAMEA117636889	ena-SAMPLE-TAB-28-01-2025-22:30:17:500-24990	TLTX18		OTHER	PAIRED	NextSeq 2000	1218	60900	Homo sapiens
ERR14275979	SAMEA117636889	ena-SAMPLE-TAB-28-01-2025-22:30:17:500-24990	TLTX18		OTHER	PAIRED	NextSeq 2000	1955626	97781300	Homo sapiens
ERR14277761	SAMEA117636889	ena-SAMPLE-TAB-28-01-2025-22:30:17:500-24990	TLTX18		OTHER	PAIRED	NextSeq 2000	1052	52600	Homo sapiens
ERR14275983	SAMEA117636889	ena-SAMPLE-TAB-28-01-2025-22:30:17:500-24990	TLTX18		OTHER	PAIRED	NextSeq 2000	1342	67100	Homo sapiens
ERR14277764	SAMEA117636889	ena-SAMPLE-TAB-28-01-2025-22:30:17:500-24990	TLTX18		OTHER	PAIRED	NextSeq 2000	1290	64500	Homo sapiens
ERR14277771	SAMEA117636889	ena-SAMPLE-TAB-28-01-2025-22:30:17:500-24990	TLTX18		OTHER	PAIRED	NextSeq 2000	1482	74100	Homo sapiens
ERR14275986	SAMEA117636889	ena-SAMPLE-TAB-28-01-2025-22:30:17:500-24990	TLTX18		OTHER	PAIRED	NextSeq 2000	1240	62000	Homo sapiens
ERR14275996	SAMEA117636889	ena-SAMPLE-TAB-28-01-2025-22:30:17:500-24990	TLTX18		OTHER	PAIRED	NextSeq 2000	864	43200	Homo sapiens
ERR14275997	SAMEA117636889	ena-SAMPLE-TAB-28-01-2025-22:30:17:500-24990	TLTX18		OTHER	PAIRED	NextSeq 2000	1643246	82162300	Homo sapiens
ERR14277773	SAMEA117636889	ena-SAMPLE-TAB-28-01-2025-22:30:17:500-24990	TLTX18		OTHER	PAIRED	NextSeq 2000	1188	59400	Homo sapiens
ERR14276001	SAMEA117636889	ena-SAMPLE-TAB-28-01-2025-22:30:17:500-24990	TLTX18		OTHER	PAIRED	NextSeq 2000	738258	36912900	Homo sapiens
ERR14276002	SAMEA117636889	ena-SAMPLE-TAB-28-01-2025-22:30:17:500-24990	TLTX18		OTHER	PAIRED	NextSeq 2000	1368	68400	Homo sapiens
ERR14277783	SAMEA117636889	ena-SAMPLE-TAB-28-01-2025-22:30:17:500-24990	TLTX18		OTHER	PAIRED	NextSeq 2000	1826	91300	Homo sapiens
ERR14276027	SAMEA117636889	ena-SAMPLE-TAB-28-01-2025-22:30:17:500-24990	TLTX18		OTHER	PAIRED	NextSeq 2000	852	42600	Homo sapiens
ERR14276028	SAMEA117636889	ena-SAMPLE-TAB-28-01-2025-22:30:17:500-24990	TLTX18		OTHER	PAIRED	NextSeq 2000	418	20900	Homo sapiens
ERR14276031	SAMEA117636889	ena-SAMPLE-TAB-28-01-2025-22:30:17:500-24990	TLTX18		OTHER	PAIRED	NextSeq 2000	2142	107100	Homo sapiens
ERR14277785	SAMEA117636889	ena-SAMPLE-TAB-28-01-2025-22:30:17:500-24990	TLTX18		OTHER	PAIRED	NextSeq 2000	1068	53400	Homo sapiens
ERR14277786	SAMEA117636889	ena-SAMPLE-TAB-28-01-2025-22:30:17:500-24990	TLTX18		OTHER	PAIRED	NextSeq 2000	1412	70600	Homo sapiens
ERR14276035	SAMEA117636889	ena-SAMPLE-TAB-28-01-2025-22:30:17:500-24990	TLTX18		OTHER	PAIRED	NextSeq 2000	1406	70300	Homo sapiens
ERR14277788	SAMEA117636889	ena-SAMPLE-TAB-28-01-2025-22:30:17:500-24990	TLTX18		OTHER	PAIRED	NextSeq 2000	1086	54300	Homo sapiens
ERR14276044	SAMEA117636889	ena-SAMPLE-TAB-28-01-2025-22:30:17:500-24990	TLTX18		OTHER	PAIRED	NextSeq 2000	948	47400	Homo sapiens
ERR14276047	SAMEA117636889	ena-SAMPLE-TAB-28-01-2025-22:30:17:500-24990	TLTX18		OTHER	PAIRED	NextSeq 2000	956	47800	Homo sapiens
ERR14277789	SAMEA117636889	ena-SAMPLE-TAB-28-01-2025-22:30:17:500-24990	TLTX18		OTHER	PAIRED	NextSeq 2000	960	48000	Homo sapiens
ERR14277800	SAMEA117636889	ena-SAMPLE-TAB-28-01-2025-22:30:17:500-24990	TLTX18		OTHER	PAIRED	NextSeq 2000	500	25000	Homo sapiens
ERR14276052	SAMEA117636889	ena-SAMPLE-TAB-28-01-2025-22:30:17:500-24990	TLTX18		OTHER	PAIRED	NextSeq 2000	1152	57600	Homo sapiens
ERR14276054	SAMEA117636889	ena-SAMPLE-TAB-28-01-2025-22:30:17:500-24990	TLTX18		OTHER	PAIRED	NextSeq 2000	1662	83100	Homo sapiens
ERR14276061	SAMEA117636889	ena-SAMPLE-TAB-28-01-2025-22:30:17:500-24990	TLTX18		OTHER	PAIRED	NextSeq 2000	1178	58900	Homo sapiens
ERR14277804	SAMEA117636889	ena-SAMPLE-TAB-28-01-2025-22:30:17:500-24990	TLTX18		OTHER	PAIRED	NextSeq 2000	664	33200	Homo sapiens
ERR14276063	SAMEA117636889	ena-SAMPLE-TAB-28-01-2025-22:30:17:500-24990	TLTX18		OTHER	PAIRED	NextSeq 2000	2011404	100570200	Homo sapiens
ERR14277808	SAMEA117636889	ena-SAMPLE-TAB-28-01-2025-22:30:17:500-24990	TLTX18		OTHER	PAIRED	NextSeq 2000	1620	81000	Homo sapiens
ERR14276067	SAMEA117636889	ena-SAMPLE-TAB-28-01-2025-22:30:17:500-24990	TLTX18		OTHER	PAIRED	NextSeq 2000	1574934	78746700	Homo sapiens
ERR14277816	SAMEA117636889	ena-SAMPLE-TAB-28-01-2025-22:30:17:500-24990	TLTX18		OTHER	PAIRED	NextSeq 2000	966	48300	Homo sapiens
ERR14276068	SAMEA117636889	ena-SAMPLE-TAB-28-01-2025-22:30:17:500-24990	TLTX18		OTHER	PAIRED	NextSeq 2000	656	32800	Homo sapiens
ERR14277831	SAMEA117636889	ena-SAMPLE-TAB-28-01-2025-22:30:17:500-24990	TLTX18		OTHER	PAIRED	NextSeq 2000	948	47400	Homo sapiens
ERR14276072	SAMEA117636889	ena-SAMPLE-TAB-28-01-2025-22:30:17:500-24990	TLTX18		OTHER	PAIRED	NextSeq 2000	892	44600	Homo sapiens
ERR14277838	SAMEA117636889	ena-SAMPLE-TAB-28-01-2025-22:30:17:500-24990	TLTX18		OTHER	PAIRED	NextSeq 2000	1320	66000	Homo sapiens
ERR14276073	SAMEA117636889	ena-SAMPLE-TAB-28-01-2025-22:30:17:500-24990	TLTX18		OTHER	PAIRED	NextSeq 2000	1848312	92415600	Homo sapiens
ERR14276074	SAMEA117636889	ena-SAMPLE-TAB-28-01-2025-22:30:17:500-24990	TLTX18		OTHER	PAIRED	NextSeq 2000	1172	58600	Homo sapiens
ERR14277845	SAMEA117636889	ena-SAMPLE-TAB-28-01-2025-22:30:17:500-24990	TLTX18		OTHER	PAIRED	NextSeq 2000	1866	93300	Homo sapiens
ERR14277850	SAMEA117636889	ena-SAMPLE-TAB-28-01-2025-22:30:17:500-24990	TLTX18		OTHER	PAIRED	NextSeq 2000	2178742	108937100	Homo sapiens
ERR14276080	SAMEA117636889	ena-SAMPLE-TAB-28-01-2025-22:30:17:500-24990	TLTX18		OTHER	PAIRED	NextSeq 2000	1538	76900	Homo sapiens
ERR14277852	SAMEA117636889	ena-SAMPLE-TAB-28-01-2025-22:30:17:500-24990	TLTX18		OTHER	PAIRED	NextSeq 2000	1937514	96875700	Homo sapiens
ERR14277857	SAMEA117636889	ena-SAMPLE-TAB-28-01-2025-22:30:17:500-24990	TLTX18		OTHER	PAIRED	NextSeq 2000	1420	71000	Homo sapiens
ERR14276081	SAMEA117636889	ena-SAMPLE-TAB-28-01-2025-22:30:17:500-24990	TLTX18		OTHER	PAIRED	NextSeq 2000	1830	91500	Homo sapiens
ERR14276083	SAMEA117636889	ena-SAMPLE-TAB-28-01-2025-22:30:17:500-24990	TLTX18		OTHER	PAIRED	NextSeq 2000	680	34000	Homo sapiens
ERR14277861	SAMEA117636889	ena-SAMPLE-TAB-28-01-2025-22:30:17:500-24990	TLTX18		OTHER	PAIRED	NextSeq 2000	1226	61300	Homo sapiens
ERR14276088	SAMEA117636889	ena-SAMPLE-TAB-28-01-2025-22:30:17:500-24990	TLTX18		OTHER	PAIRED	NextSeq 2000	1396	69800	Homo sapiens
ERR14277880	SAMEA117636889	ena-SAMPLE-TAB-28-01-2025-22:30:17:500-24990	TLTX18		OTHER	PAIRED	NextSeq 2000	1722	86100	Homo sapiens
ERR14276097	SAMEA117636889	ena-SAMPLE-TAB-28-01-2025-22:30:17:500-24990	TLTX18		OTHER	PAIRED	NextSeq 2000	1320	66000	Homo sapiens
ERR14277891	SAMEA117636889	ena-SAMPLE-TAB-28-01-2025-22:30:17:500-24990	TLTX18		OTHER	PAIRED	NextSeq 2000	1560	78000	Homo sapiens
ERR14276105	SAMEA117636889	ena-SAMPLE-TAB-28-01-2025-22:30:17:500-24990	TLTX18		OTHER	PAIRED	NextSeq 2000	1935740	96787000	Homo sapiens
ERR14276121	SAMEA117636889	ena-SAMPLE-TAB-28-01-2025-22:30:17:500-24990	TLTX18		OTHER	PAIRED	NextSeq 2000	1600	80000	Homo sapiens
ERR14277895	SAMEA117636889	ena-SAMPLE-TAB-28-01-2025-22:30:17:500-24990	TLTX18		OTHER	PAIRED	NextSeq 2000	1396	69800	Homo sapiens
ERR14276123	SAMEA117636889	ena-SAMPLE-TAB-28-01-2025-22:30:17:500-24990	TLTX18		OTHER	PAIRED	NextSeq 2000	2544	127200	Homo sapiens
ERR14276133	SAMEA117636889	ena-SAMPLE-TAB-28-01-2025-22:30:17:500-24990	TLTX18		OTHER	PAIRED	NextSeq 2000	1252	62600	Homo sapiens
ERR14276134	SAMEA117636889	ena-SAMPLE-TAB-28-01-2025-22:30:17:500-24990	TLTX18		OTHER	PAIRED	NextSeq 2000	212014	10600700	Homo sapiens
ERR14277898	SAMEA117636889	ena-SAMPLE-TAB-28-01-2025-22:30:17:500-24990	TLTX18		OTHER	PAIRED	NextSeq 2000	1922	96100	Homo sapiens
ERR14276141	SAMEA117636889	ena-SAMPLE-TAB-28-01-2025-22:30:17:500-24990	TLTX18		OTHER	PAIRED	NextSeq 2000	1380	69000	Homo sapiens
ERR14277917	SAMEA117636889	ena-SAMPLE-TAB-28-01-2025-22:30:17:500-24990	TLTX18		OTHER	PAIRED	NextSeq 2000	1290	64500	Homo sapiens
ERR14277924	SAMEA117636889	ena-SAMPLE-TAB-28-01-2025-22:30:17:500-24990	TLTX18		OTHER	PAIRED	NextSeq 2000	1907386	95369300	Homo sapiens
ERR14276142	SAMEA117636889	ena-SAMPLE-TAB-28-01-2025-22:30:17:500-24990	TLTX18		OTHER	PAIRED	NextSeq 2000	1460	73000	Homo sapiens
ERR14277925	SAMEA117636889	ena-SAMPLE-TAB-28-01-2025-22:30:17:500-24990	TLTX18		OTHER	PAIRED	NextSeq 2000	1324	66200	Homo sapiens
ERR14277931	SAMEA117636889	ena-SAMPLE-TAB-28-01-2025-22:30:17:500-24990	TLTX18		OTHER	PAIRED	NextSeq 2000	1751566	87578300	Homo sapiens
ERR14276146	SAMEA117636889	ena-SAMPLE-TAB-28-01-2025-22:30:17:500-24990	TLTX18		OTHER	PAIRED	NextSeq 2000	1256	62800	Homo sapiens
ERR14276147	SAMEA117636889	ena-SAMPLE-TAB-28-01-2025-22:30:17:500-24990	TLTX18		OTHER	PAIRED	NextSeq 2000	1156	57800	Homo sapiens
ERR14277934	SAMEA117636889	ena-SAMPLE-TAB-28-01-2025-22:30:17:500-24990	TLTX18		OTHER	PAIRED	NextSeq 2000	792	39600	Homo sapiens
ERR14276151	SAMEA117636889	ena-SAMPLE-TAB-28-01-2025-22:30:17:500-24990	TLTX18		OTHER	PAIRED	NextSeq 2000	1276418	63820900	Homo sapiens
ERR14277936	SAMEA117636889	ena-SAMPLE-TAB-28-01-2025-22:30:17:500-24990	TLTX18		OTHER	PAIRED	NextSeq 2000	782	39100	Homo sapiens
ERR14276153	SAMEA117636889	ena-SAMPLE-TAB-28-01-2025-22:30:17:500-24990	TLTX18		OTHER	PAIRED	NextSeq 2000	1872650	93632500	Homo sapiens
ERR14276168	SAMEA117636889	ena-SAMPLE-TAB-28-01-2025-22:30:17:500-24990	TLTX18		OTHER	PAIRED	NextSeq 2000	1332	66600	Homo sapiens
ERR14277944	SAMEA117636889	ena-SAMPLE-TAB-28-01-2025-22:30:17:500-24990	TLTX18		OTHER	PAIRED	NextSeq 2000	604	30200	Homo sapiens
ERR14276174	SAMEA117636889	ena-SAMPLE-TAB-28-01-2025-22:30:17:500-24990	TLTX18		OTHER	PAIRED	NextSeq 2000	1198	59900	Homo sapiens
ERR14277949	SAMEA117636889	ena-SAMPLE-TAB-28-01-2025-22:30:17:500-24990	TLTX18		OTHER	PAIRED	NextSeq 2000	1104	55200	Homo sapiens
ERR14277951	SAMEA117636889	ena-SAMPLE-TAB-28-01-2025-22:30:17:500-24990	TLTX18		OTHER	PAIRED	NextSeq 2000	966	48300	Homo sapiens
ERR14276177	SAMEA117636889	ena-SAMPLE-TAB-28-01-2025-22:30:17:500-24990	TLTX18		OTHER	PAIRED	NextSeq 2000	1566476	78323800	Homo sapiens
ERR14277959	SAMEA117636889	ena-SAMPLE-TAB-28-01-2025-22:30:17:500-24990	TLTX18		OTHER	PAIRED	NextSeq 2000	614	30700	Homo sapiens
ERR14277964	SAMEA117636889	ena-SAMPLE-TAB-28-01-2025-22:30:17:500-24990	TLTX18		OTHER	PAIRED	NextSeq 2000	1979928	98996400	Homo sapiens
ERR14276181	SAMEA117636889	ena-SAMPLE-TAB-28-01-2025-22:30:17:500-24990	TLTX18		OTHER	PAIRED	NextSeq 2000	1805052	90252600	Homo sapiens
ERR14276184	SAMEA117636889	ena-SAMPLE-TAB-28-01-2025-22:30:17:500-24990	TLTX18		OTHER	PAIRED	NextSeq 2000	1478	73900	Homo sapiens
ERR14277965	SAMEA117636889	ena-SAMPLE-TAB-28-01-2025-22:30:17:500-24990	TLTX18		OTHER	PAIRED	NextSeq 2000	1928	96400	Homo sapiens
ERR14276186	SAMEA117636889	ena-SAMPLE-TAB-28-01-2025-22:30:17:500-24990	TLTX18		OTHER	PAIRED	NextSeq 2000	1706	85300	Homo sapiens
ERR14277969	SAMEA117636889	ena-SAMPLE-TAB-28-01-2025-22:30:17:500-24990	TLTX18		OTHER	PAIRED	NextSeq 2000	1386	69300	Homo sapiens
ERR14276193	SAMEA117636889	ena-SAMPLE-TAB-28-01-2025-22:30:17:500-24990	TLTX18		OTHER	PAIRED	NextSeq 2000	1500	75000	Homo sapiens
ERR14277979	SAMEA117636889	ena-SAMPLE-TAB-28-01-2025-22:30:17:500-24990	TLTX18		OTHER	PAIRED	NextSeq 2000	2014	100700	Homo sapiens
ERR14276203	SAMEA117636889	ena-SAMPLE-TAB-28-01-2025-22:30:17:500-24990	TLTX18		OTHER	PAIRED	NextSeq 2000	1634	81700	Homo sapiens
ERR14277980	SAMEA117636889	ena-SAMPLE-TAB-28-01-2025-22:30:17:500-24990	TLTX18		OTHER	PAIRED	NextSeq 2000	1514	75700	Homo sapiens
ERR14276208	SAMEA117636889	ena-SAMPLE-TAB-28-01-2025-22:30:17:500-24990	TLTX18		OTHER	PAIRED	NextSeq 2000	1608	80400	Homo sapiens
ERR14277984	SAMEA117636889	ena-SAMPLE-TAB-28-01-2025-22:30:17:500-24990	TLTX18		OTHER	PAIRED	NextSeq 2000	858	42900	Homo sapiens
ERR14276225	SAMEA117636889	ena-SAMPLE-TAB-28-01-2025-22:30:17:500-24990	TLTX18		OTHER	PAIRED	NextSeq 2000	2122	106100	Homo sapiens
ERR14276231	SAMEA117636889	ena-SAMPLE-TAB-28-01-2025-22:30:17:500-24990	TLTX18		OTHER	PAIRED	NextSeq 2000	1474	73700	Homo sapiens
ERR14277986	SAMEA117636889	ena-SAMPLE-TAB-28-01-2025-22:30:17:500-24990	TLTX18		OTHER	PAIRED	NextSeq 2000	1210	60500	Homo sapiens
ERR14276238	SAMEA117636889	ena-SAMPLE-TAB-28-01-2025-22:30:17:500-24990	TLTX18		OTHER	PAIRED	NextSeq 2000	2148	107400	Homo sapiens
ERR14276243	SAMEA117636889	ena-SAMPLE-TAB-28-01-2025-22:30:17:500-24990	TLTX18		OTHER	PAIRED	NextSeq 2000	1190	59500	Homo sapiens
ERR14277988	SAMEA117636889	ena-SAMPLE-TAB-28-01-2025-22:30:17:500-24990	TLTX18		OTHER	PAIRED	NextSeq 2000	1148	57400	Homo sapiens
ERR14276252	SAMEA117636889	ena-SAMPLE-TAB-28-01-2025-22:30:17:500-24990	TLTX18		OTHER	PAIRED	NextSeq 2000	1935392	96769600	Homo sapiens
ERR14277991	SAMEA117636889	ena-SAMPLE-TAB-28-01-2025-22:30:17:500-24990	TLTX18		OTHER	PAIRED	NextSeq 2000	1468862	73443100	Homo sapiens
ERR14276254	SAMEA117636889	ena-SAMPLE-TAB-28-01-2025-22:30:17:500-24990	TLTX18		OTHER	PAIRED	NextSeq 2000	1795926	89796300	Homo sapiens
ERR14277998	SAMEA117636889	ena-SAMPLE-TAB-28-01-2025-22:30:17:500-24990	TLTX18		OTHER	PAIRED	NextSeq 2000	1212	60600	Homo sapiens
ERR14276260	SAMEA117636889	ena-SAMPLE-TAB-28-01-2025-22:30:17:500-24990	TLTX18		OTHER	PAIRED	NextSeq 2000	1468	73400	Homo sapiens
ERR14276269	SAMEA117636889	ena-SAMPLE-TAB-28-01-2025-22:30:17:500-24990	TLTX18		OTHER	PAIRED	NextSeq 2000	2347876	117393800	Homo sapiens
ERR14278002	SAMEA117636889	ena-SAMPLE-TAB-28-01-2025-22:30:17:500-24990	TLTX18		OTHER	PAIRED	NextSeq 2000	1546	77300	Homo sapiens
ERR14278003	SAMEA117636889	ena-SAMPLE-TAB-28-01-2025-22:30:17:500-24990	TLTX18		OTHER	PAIRED	NextSeq 2000	1028	51400	Homo sapiens
ERR14276272	SAMEA117636889	ena-SAMPLE-TAB-28-01-2025-22:30:17:500-24990	TLTX18		OTHER	PAIRED	NextSeq 2000	1678	83900	Homo sapiens
ERR14276274	SAMEA117636889	ena-SAMPLE-TAB-28-01-2025-22:30:17:500-24990	TLTX18		OTHER	PAIRED	NextSeq 2000	1718724	85936200	Homo sapiens
ERR14278004	SAMEA117636889	ena-SAMPLE-TAB-28-01-2025-22:30:17:500-24990	TLTX18		OTHER	PAIRED	NextSeq 2000	1761982	88099100	Homo sapiens
ERR14278008	SAMEA117636889	ena-SAMPLE-TAB-28-01-2025-22:30:17:500-24990	TLTX18		OTHER	PAIRED	NextSeq 2000	738	36900	Homo sapiens
ERR14276289	SAMEA117636889	ena-SAMPLE-TAB-28-01-2025-22:30:17:500-24990	TLTX18		OTHER	PAIRED	NextSeq 2000	1285670	64283500	Homo sapiens
ERR14276294	SAMEA117636889	ena-SAMPLE-TAB-28-01-2025-22:30:17:500-24990	TLTX18		OTHER	PAIRED	NextSeq 2000	1530982	76549100	Homo sapiens
ERR14278011	SAMEA117636889	ena-SAMPLE-TAB-28-01-2025-22:30:17:500-24990	TLTX18		OTHER	PAIRED	NextSeq 2000	2996	149800	Homo sapiens
ERR14278014	SAMEA117636889	ena-SAMPLE-TAB-28-01-2025-22:30:17:500-24990	TLTX18		OTHER	PAIRED	NextSeq 2000	1366	68300	Homo sapiens
ERR14276298	SAMEA117636889	ena-SAMPLE-TAB-28-01-2025-22:30:17:500-24990	TLTX18		OTHER	PAIRED	NextSeq 2000	1470	73500	Homo sapiens
ERR14278035	SAMEA117636889	ena-SAMPLE-TAB-28-01-2025-22:30:17:500-24990	TLTX18		OTHER	PAIRED	NextSeq 2000	1304	65200	Homo sapiens
ERR14276301	SAMEA117636889	ena-SAMPLE-TAB-28-01-2025-22:30:17:500-24990	TLTX18		OTHER	PAIRED	NextSeq 2000	1902	95100	Homo sapiens
ERR14276303	SAMEA117636889	ena-SAMPLE-TAB-28-01-2025-22:30:17:500-24990	TLTX18		OTHER	PAIRED	NextSeq 2000	1444	72200	Homo sapiens
ERR14278036	SAMEA117636889	ena-SAMPLE-TAB-28-01-2025-22:30:17:500-24990	TLTX18		OTHER	PAIRED	NextSeq 2000	1639026	81951300	Homo sapiens
ERR14276308	SAMEA117636889	ena-SAMPLE-TAB-28-01-2025-22:30:17:500-24990	TLTX18		OTHER	PAIRED	NextSeq 2000	892	44600	Homo sapiens
ERR14276309	SAMEA117636889	ena-SAMPLE-TAB-28-01-2025-22:30:17:500-24990	TLTX18		OTHER	PAIRED	NextSeq 2000	1627362	81368100	Homo sapiens
ERR14278038	SAMEA117636889	ena-SAMPLE-TAB-28-01-2025-22:30:17:500-24990	TLTX18		OTHER	PAIRED	NextSeq 2000	1124	56200	Homo sapiens
ERR14276315	SAMEA117636889	ena-SAMPLE-TAB-28-01-2025-22:30:17:500-24990	TLTX18		OTHER	PAIRED	NextSeq 2000	734	36700	Homo sapiens
ERR14276316	SAMEA117636889	ena-SAMPLE-TAB-28-01-2025-22:30:17:500-24990	TLTX18		OTHER	PAIRED	NextSeq 2000	408	20400	Homo sapiens
ERR14278048	SAMEA117636889	ena-SAMPLE-TAB-28-01-2025-22:30:17:500-24990	TLTX18		OTHER	PAIRED	NextSeq 2000	486	24300	Homo sapiens
ERR14278052	SAMEA117636889	ena-SAMPLE-TAB-28-01-2025-22:30:17:500-24990	TLTX18		OTHER	PAIRED	NextSeq 2000	1714194	85709700	Homo sapiens
ERR14276323	SAMEA117636889	ena-SAMPLE-TAB-28-01-2025-22:30:17:500-24990	TLTX18		OTHER	PAIRED	NextSeq 2000	1544	77200	Homo sapiens
ERR14278053	SAMEA117636889	ena-SAMPLE-TAB-28-01-2025-22:30:17:500-24990	TLTX18		OTHER	PAIRED	NextSeq 2000	1655944	82797200	Homo sapiens
ERR14278063	SAMEA117636889	ena-SAMPLE-TAB-28-01-2025-22:30:17:500-24990	TLTX18		OTHER	PAIRED	NextSeq 2000	633980	31699000	Homo sapiens
ERR14276331	SAMEA117636889	ena-SAMPLE-TAB-28-01-2025-22:30:17:500-24990	TLTX18		OTHER	PAIRED	NextSeq 2000	1138	56900	Homo sapiens
ERR14278066	SAMEA117636889	ena-SAMPLE-TAB-28-01-2025-22:30:17:500-24990	TLTX18		OTHER	PAIRED	NextSeq 2000	1974	98700	Homo sapiens
ERR14276332	SAMEA117636889	ena-SAMPLE-TAB-28-01-2025-22:30:17:500-24990	TLTX18		OTHER	PAIRED	NextSeq 2000	1200	60000	Homo sapiens
ERR14278067	SAMEA117636889	ena-SAMPLE-TAB-28-01-2025-22:30:17:500-24990	TLTX18		OTHER	PAIRED	NextSeq 2000	1164	58200	Homo sapiens
ERR14276334	SAMEA117636889	ena-SAMPLE-TAB-28-01-2025-22:30:17:500-24990	TLTX18		OTHER	PAIRED	NextSeq 2000	1374	68700	Homo sapiens
ERR14278071	SAMEA117636889	ena-SAMPLE-TAB-28-01-2025-22:30:17:500-24990	TLTX18		OTHER	PAIRED	NextSeq 2000	2648	132400	Homo sapiens
ERR14276341	SAMEA117636889	ena-SAMPLE-TAB-28-01-2025-22:30:17:500-24990	TLTX18		OTHER	PAIRED	NextSeq 2000	2450874	122543700	Homo sapiens
ERR14278077	SAMEA117636889	ena-SAMPLE-TAB-28-01-2025-22:30:17:500-24990	TLTX18		OTHER	PAIRED	NextSeq 2000	1292	64600	Homo sapiens
ERR14278078	SAMEA117636889	ena-SAMPLE-TAB-28-01-2025-22:30:17:500-24990	TLTX18		OTHER	PAIRED	NextSeq 2000	1268	63400	Homo sapiens
ERR14276343	SAMEA117636889	ena-SAMPLE-TAB-28-01-2025-22:30:17:500-24990	TLTX18		OTHER	PAIRED	NextSeq 2000	832	41600	Homo sapiens
ERR14278081	SAMEA117636889	ena-SAMPLE-TAB-28-01-2025-22:30:17:500-24990	TLTX18		OTHER	PAIRED	NextSeq 2000	1296	64800	Homo sapiens
ERR14276346	SAMEA117636889	ena-SAMPLE-TAB-28-01-2025-22:30:17:500-24990	TLTX18		OTHER	PAIRED	NextSeq 2000	1384560	69228000	Homo sapiens
ERR14278087	SAMEA117636889	ena-SAMPLE-TAB-28-01-2025-22:30:17:500-24990	TLTX18		OTHER	PAIRED	NextSeq 2000	1310	65500	Homo sapiens
ERR14278097	SAMEA117636889	ena-SAMPLE-TAB-28-01-2025-22:30:17:500-24990	TLTX18		OTHER	PAIRED	NextSeq 2000	1102	55100	Homo sapiens
ERR14276349	SAMEA117636889	ena-SAMPLE-TAB-28-01-2025-22:30:17:500-24990	TLTX18		OTHER	PAIRED	NextSeq 2000	952	47600	Homo sapiens
ERR14278100	SAMEA117636889	ena-SAMPLE-TAB-28-01-2025-22:30:17:500-24990	TLTX18		OTHER	PAIRED	NextSeq 2000	1778	88900	Homo sapiens
ERR14276350	SAMEA117636889	ena-SAMPLE-TAB-28-01-2025-22:30:17:500-24990	TLTX18		OTHER	PAIRED	NextSeq 2000	220	11000	Homo sapiens
ERR14278113	SAMEA117636889	ena-SAMPLE-TAB-28-01-2025-22:30:17:500-24990	TLTX18		OTHER	PAIRED	NextSeq 2000	1598	79900	Homo sapiens
ERR14276357	SAMEA117636889	ena-SAMPLE-TAB-28-01-2025-22:30:17:500-24990	TLTX18		OTHER	PAIRED	NextSeq 2000	1066	53300	Homo sapiens
ERR14276361	SAMEA117636889	ena-SAMPLE-TAB-28-01-2025-22:30:17:500-24990	TLTX18		OTHER	PAIRED	NextSeq 2000	1148	57400	Homo sapiens
ERR14278129	SAMEA117636889	ena-SAMPLE-TAB-28-01-2025-22:30:17:500-24990	TLTX18		OTHER	PAIRED	NextSeq 2000	1306	65300	Homo sapiens
ERR14276362	SAMEA117636889	ena-SAMPLE-TAB-28-01-2025-22:30:17:500-24990	TLTX18		OTHER	PAIRED	NextSeq 2000	854	42700	Homo sapiens
ERR14276364	SAMEA117636889	ena-SAMPLE-TAB-28-01-2025-22:30:17:500-24990	TLTX18		OTHER	PAIRED	NextSeq 2000	1434	71700	Homo sapiens
ERR14276365	SAMEA117636889	ena-SAMPLE-TAB-28-01-2025-22:30:17:500-24990	TLTX18		OTHER	PAIRED	NextSeq 2000	888	44400	Homo sapiens
ERR14278131	SAMEA117636889	ena-SAMPLE-TAB-28-01-2025-22:30:17:500-24990	TLTX18		OTHER	PAIRED	NextSeq 2000	1974	98700	Homo sapiens
ERR14278134	SAMEA117636889	ena-SAMPLE-TAB-28-01-2025-22:30:17:500-24990	TLTX18		OTHER	PAIRED	NextSeq 2000	1658	82900	Homo sapiens
ERR14276368	SAMEA117636889	ena-SAMPLE-TAB-28-01-2025-22:30:17:500-24990	TLTX18		OTHER	PAIRED	NextSeq 2000	1850812	92540600	Homo sapiens
ERR14276370	SAMEA117636889	ena-SAMPLE-TAB-28-01-2025-22:30:17:500-24990	TLTX18		OTHER	PAIRED	NextSeq 2000	1134	56700	Homo sapiens
ERR14276384	SAMEA117636889	ena-SAMPLE-TAB-28-01-2025-22:30:17:500-24990	TLTX18		OTHER	PAIRED	NextSeq 2000	1488	74400	Homo sapiens
ERR14278135	SAMEA117636889	ena-SAMPLE-TAB-28-01-2025-22:30:17:500-24990	TLTX18		OTHER	PAIRED	NextSeq 2000	1268436	63421800	Homo sapiens
ERR14276390	SAMEA117636889	ena-SAMPLE-TAB-28-01-2025-22:30:17:500-24990	TLTX18		OTHER	PAIRED	NextSeq 2000	1230	61500	Homo sapiens
ERR14276391	SAMEA117636889	ena-SAMPLE-TAB-28-01-2025-22:30:17:500-24990	TLTX18		OTHER	PAIRED	NextSeq 2000	2644	132200	Homo sapiens
ERR14276393	SAMEA117636889	ena-SAMPLE-TAB-28-01-2025-22:30:17:500-24990	TLTX18		OTHER	PAIRED	NextSeq 2000	1894	94700	Homo sapiens
ERR14278140	SAMEA117636889	ena-SAMPLE-TAB-28-01-2025-22:30:17:500-24990	TLTX18		OTHER	PAIRED	NextSeq 2000	1590	79500	Homo sapiens
ERR14278145	SAMEA117636889	ena-SAMPLE-TAB-28-01-2025-22:30:17:500-24990	TLTX18		OTHER	PAIRED	NextSeq 2000	2112874	105643700	Homo sapiens
ERR14276394	SAMEA117636889	ena-SAMPLE-TAB-28-01-2025-22:30:17:500-24990	TLTX18		OTHER	PAIRED	NextSeq 2000	1703508	85175400	Homo sapiens
ERR14278147	SAMEA117636889	ena-SAMPLE-TAB-28-01-2025-22:30:17:500-24990	TLTX18		OTHER	PAIRED	NextSeq 2000	1302	65100	Homo sapiens
ERR14276398	SAMEA117636889	ena-SAMPLE-TAB-28-01-2025-22:30:17:500-24990	TLTX18		OTHER	PAIRED	NextSeq 2000	1814	90700	Homo sapiens
ERR14278166	SAMEA117636889	ena-SAMPLE-TAB-28-01-2025-22:30:17:500-24990	TLTX18		OTHER	PAIRED	NextSeq 2000	2232	111600	Homo sapiens
ERR14278171	SAMEA117636889	ena-SAMPLE-TAB-28-01-2025-22:30:17:500-24990	TLTX18		OTHER	PAIRED	NextSeq 2000	1596	79800	Homo sapiens
ERR14276403	SAMEA117636889	ena-SAMPLE-TAB-28-01-2025-22:30:17:500-24990	TLTX18		OTHER	PAIRED	NextSeq 2000	1642	82100	Homo sapiens
ERR14276412	SAMEA117636889	ena-SAMPLE-TAB-28-01-2025-22:30:17:500-24990	TLTX18		OTHER	PAIRED	NextSeq 2000	1452	72600	Homo sapiens
ERR14278178	SAMEA117636889	ena-SAMPLE-TAB-28-01-2025-22:30:17:500-24990	TLTX18		OTHER	PAIRED	NextSeq 2000	1491354	74567700	Homo sapiens
ERR14276419	SAMEA117636889	ena-SAMPLE-TAB-28-01-2025-22:30:17:500-24990	TLTX18		OTHER	PAIRED	NextSeq 2000	1701022	85051100	Homo sapiens
ERR14276421	SAMEA117636889	ena-SAMPLE-TAB-28-01-2025-22:30:17:500-24990	TLTX18		OTHER	PAIRED	NextSeq 2000	1280	64000	Homo sapiens
ERR14278180	SAMEA117636889	ena-SAMPLE-TAB-28-01-2025-22:30:17:500-24990	TLTX18		OTHER	PAIRED	NextSeq 2000	2752	137600	Homo sapiens
ERR14276431	SAMEA117636889	ena-SAMPLE-TAB-28-01-2025-22:30:17:500-24990	TLTX18		OTHER	PAIRED	NextSeq 2000	1396	69800	Homo sapiens
ERR14278183	SAMEA117636889	ena-SAMPLE-TAB-28-01-2025-22:30:17:500-24990	TLTX18		OTHER	PAIRED	NextSeq 2000	1960	98000	Homo sapiens
ERR14278194	SAMEA117636889	ena-SAMPLE-TAB-28-01-2025-22:30:17:500-24990	TLTX18		OTHER	PAIRED	NextSeq 2000	1611348	80567400	Homo sapiens
ERR14276440	SAMEA117636889	ena-SAMPLE-TAB-28-01-2025-22:30:17:500-24990	TLTX18		OTHER	PAIRED	NextSeq 2000	1754	87700	Homo sapiens
ERR14276441	SAMEA117636889	ena-SAMPLE-TAB-28-01-2025-22:30:17:500-24990	TLTX18		OTHER	PAIRED	NextSeq 2000	1444852	72242600	Homo sapiens
ERR14278202	SAMEA117636889	ena-SAMPLE-TAB-28-01-2025-22:30:17:500-24990	TLTX18		OTHER	PAIRED	NextSeq 2000	1452	72600	Homo sapiens
ERR14278204	SAMEA117636889	ena-SAMPLE-TAB-28-01-2025-22:30:17:500-24990	TLTX18		OTHER	PAIRED	NextSeq 2000	1474	73700	Homo sapiens
ERR14276442	SAMEA117636889	ena-SAMPLE-TAB-28-01-2025-22:30:17:500-24990	TLTX18		OTHER	PAIRED	NextSeq 2000	1574	78700	Homo sapiens
ERR14278206	SAMEA117636889	ena-SAMPLE-TAB-28-01-2025-22:30:17:500-24990	TLTX18		OTHER	PAIRED	NextSeq 2000	1434	71700	Homo sapiens
ERR14278207	SAMEA117636889	ena-SAMPLE-TAB-28-01-2025-22:30:17:500-24990	TLTX18		OTHER	PAIRED	NextSeq 2000	1972028	98601400	Homo sapiens
ERR14276450	SAMEA117636889	ena-SAMPLE-TAB-28-01-2025-22:30:17:500-24990	TLTX18		OTHER	PAIRED	NextSeq 2000	1606	80300	Homo sapiens
ERR14278212	SAMEA117636889	ena-SAMPLE-TAB-28-01-2025-22:30:17:500-24990	TLTX18		OTHER	PAIRED	NextSeq 2000	1426	71300	Homo sapiens
ERR14276452	SAMEA117636889	ena-SAMPLE-TAB-28-01-2025-22:30:17:500-24990	TLTX18		OTHER	PAIRED	NextSeq 2000	926	46300	Homo sapiens
ERR14276456	SAMEA117636889	ena-SAMPLE-TAB-28-01-2025-22:30:17:500-24990	TLTX18		OTHER	PAIRED	NextSeq 2000	928	46400	Homo sapiens
ERR14278213	SAMEA117636889	ena-SAMPLE-TAB-28-01-2025-22:30:17:500-24990	TLTX18		OTHER	PAIRED	NextSeq 2000	1418	70900	Homo sapiens
ERR14276462	SAMEA117636889	ena-SAMPLE-TAB-28-01-2025-22:30:17:500-24990	TLTX18		OTHER	PAIRED	NextSeq 2000	1505912	75295600	Homo sapiens
ERR14276465	SAMEA117636889	ena-SAMPLE-TAB-28-01-2025-22:30:17:500-24990	TLTX18		OTHER	PAIRED	NextSeq 2000	1284	64200	Homo sapiens
ERR14278219	SAMEA117636889	ena-SAMPLE-TAB-28-01-2025-22:30:17:500-24990	TLTX18		OTHER	PAIRED	NextSeq 2000	1140	57000	Homo sapiens
ERR14276469	SAMEA117636889	ena-SAMPLE-TAB-28-01-2025-22:30:17:500-24990	TLTX18		OTHER	PAIRED	NextSeq 2000	1355846	67792300	Homo sapiens
ERR14278222	SAMEA117636889	ena-SAMPLE-TAB-28-01-2025-22:30:17:500-24990	TLTX18		OTHER	PAIRED	NextSeq 2000	1702342	85117100	Homo sapiens
ERR14278232	SAMEA117636889	ena-SAMPLE-TAB-28-01-2025-22:30:17:500-24990	TLTX18		OTHER	PAIRED	NextSeq 2000	766	38300	Homo sapiens
ERR14276478	SAMEA117636889	ena-SAMPLE-TAB-28-01-2025-22:30:17:500-24990	TLTX18		OTHER	PAIRED	NextSeq 2000	1646	82300	Homo sapiens
ERR14278241	SAMEA117636889	ena-SAMPLE-TAB-28-01-2025-22:30:17:500-24990	TLTX18		OTHER	PAIRED	NextSeq 2000	1094	54700	Homo sapiens
ERR14278246	SAMEA117636889	ena-SAMPLE-TAB-28-01-2025-22:30:17:500-24990	TLTX18		OTHER	PAIRED	NextSeq 2000	1594814	79740700	Homo sapiens
ERR14276480	SAMEA117636889	ena-SAMPLE-TAB-28-01-2025-22:30:17:500-24990	TLTX18		OTHER	PAIRED	NextSeq 2000	295122	14756100	Homo sapiens
ERR14276487	SAMEA117636889	ena-SAMPLE-TAB-28-01-2025-22:30:17:500-24990	TLTX18		OTHER	PAIRED	NextSeq 2000	978	48900	Homo sapiens
ERR14276494	SAMEA117636889	ena-SAMPLE-TAB-28-01-2025-22:30:17:500-24990	TLTX18		OTHER	PAIRED	NextSeq 2000	270	13500	Homo sapiens
ERR14276502	SAMEA117636889	ena-SAMPLE-TAB-28-01-2025-22:30:17:500-24990	TLTX18		OTHER	PAIRED	NextSeq 2000	1122	56100	Homo sapiens
ERR14276522	SAMEA117636889	ena-SAMPLE-TAB-28-01-2025-22:30:17:500-24990	TLTX18		OTHER	PAIRED	NextSeq 2000	792	39600	Homo sapiens
ERR14276524	SAMEA117636889	ena-SAMPLE-TAB-28-01-2025-22:30:17:500-24990	TLTX18		OTHER	PAIRED	NextSeq 2000	1258	62900	Homo sapiens
ERR14276533	SAMEA117636889	ena-SAMPLE-TAB-28-01-2025-22:30:17:500-24990	TLTX18		OTHER	PAIRED	NextSeq 2000	1146250	57312500	Homo sapiens
ERR14276543	SAMEA117636889	ena-SAMPLE-TAB-28-01-2025-22:30:17:500-24990	TLTX18		OTHER	PAIRED	NextSeq 2000	1512386	75619300	Homo sapiens
ERR14276544	SAMEA117636889	ena-SAMPLE-TAB-28-01-2025-22:30:17:500-24990	TLTX18		OTHER	PAIRED	NextSeq 2000	1432	71600	Homo sapiens
ERR14278248	SAMEA117636889	ena-SAMPLE-TAB-28-01-2025-22:30:17:500-24990	TLTX18		OTHER	PAIRED	NextSeq 2000	1022	51100	Homo sapiens
ERR14278253	SAMEA117636889	ena-SAMPLE-TAB-28-01-2025-22:30:17:500-24990	TLTX18		OTHER	PAIRED	NextSeq 2000	1025612	51280600	Homo sapiens
ERR14276549	SAMEA117636889	ena-SAMPLE-TAB-28-01-2025-22:30:17:500-24990	TLTX18		OTHER	PAIRED	NextSeq 2000	1133226	56661300	Homo sapiens
ERR14278262	SAMEA117636889	ena-SAMPLE-TAB-28-01-2025-22:30:17:500-24990	TLTX18		OTHER	PAIRED	NextSeq 2000	1364308	68215400	Homo sapiens
ERR14276557	SAMEA117636889	ena-SAMPLE-TAB-28-01-2025-22:30:17:500-24990	TLTX18		OTHER	PAIRED	NextSeq 2000	1808	90400	Homo sapiens
ERR14278269	SAMEA117636889	ena-SAMPLE-TAB-28-01-2025-22:30:17:500-24990	TLTX18		OTHER	PAIRED	NextSeq 2000	984	49200	Homo sapiens
ERR14278271	SAMEA117636889	ena-SAMPLE-TAB-28-01-2025-22:30:17:500-24990	TLTX18		OTHER	PAIRED	NextSeq 2000	1308	65400	Homo sapiens
ERR14278273	SAMEA117636889	ena-SAMPLE-TAB-28-01-2025-22:30:17:500-24990	TLTX18		OTHER	PAIRED	NextSeq 2000	816	40800	Homo sapiens
ERR14278275	SAMEA117636889	ena-SAMPLE-TAB-28-01-2025-22:30:17:500-24990	TLTX18		OTHER	PAIRED	NextSeq 2000	1310	65500	Homo sapiens
ERR14278279	SAMEA117636889	ena-SAMPLE-TAB-28-01-2025-22:30:17:500-24990	TLTX18		OTHER	PAIRED	NextSeq 2000	1709782	85489100	Homo sapiens
ERR14278282	SAMEA117636889	ena-SAMPLE-TAB-28-01-2025-22:30:17:500-24990	TLTX18		OTHER	PAIRED	NextSeq 2000	1322	66100	Homo sapiens
ERR14276559	SAMEA117636889	ena-SAMPLE-TAB-28-01-2025-22:30:17:500-24990	TLTX18		OTHER	PAIRED	NextSeq 2000	1214	60700	Homo sapiens
ERR14276565	SAMEA117636889	ena-SAMPLE-TAB-28-01-2025-22:30:17:500-24990	TLTX18		OTHER	PAIRED	NextSeq 2000	1316	65800	Homo sapiens
ERR14278283	SAMEA117636889	ena-SAMPLE-TAB-28-01-2025-22:30:17:500-24990	TLTX18		OTHER	PAIRED	NextSeq 2000	758	37900	Homo sapiens
ERR14276566	SAMEA117636889	ena-SAMPLE-TAB-28-01-2025-22:30:17:500-24990	TLTX18		OTHER	PAIRED	NextSeq 2000	248600	12430000	Homo sapiens
ERR14276572	SAMEA117636889	ena-SAMPLE-TAB-28-01-2025-22:30:17:500-24990	TLTX18		OTHER	PAIRED	NextSeq 2000	788	39400	Homo sapiens
ERR14278290	SAMEA117636889	ena-SAMPLE-TAB-28-01-2025-22:30:17:500-24990	TLTX18		OTHER	PAIRED	NextSeq 2000	1308	65400	Homo sapiens
ERR14276578	SAMEA117636889	ena-SAMPLE-TAB-28-01-2025-22:30:17:500-24990	TLTX18		OTHER	PAIRED	NextSeq 2000	1418	70900	Homo sapiens
ERR14276585	SAMEA117636889	ena-SAMPLE-TAB-28-01-2025-22:30:17:500-24990	TLTX18		OTHER	PAIRED	NextSeq 2000	2232	111600	Homo sapiens
ERR14278297	SAMEA117636889	ena-SAMPLE-TAB-28-01-2025-22:30:17:500-24990	TLTX18		OTHER	PAIRED	NextSeq 2000	862	43100	Homo sapiens
ERR14276588	SAMEA117636889	ena-SAMPLE-TAB-28-01-2025-22:30:17:500-24990	TLTX18		OTHER	PAIRED	NextSeq 2000	1198	59900	Homo sapiens
ERR14278299	SAMEA117636889	ena-SAMPLE-TAB-28-01-2025-22:30:17:500-24990	TLTX18		OTHER	PAIRED	NextSeq 2000	1839848	91992400	Homo sapiens
ERR14276590	SAMEA117636889	ena-SAMPLE-TAB-28-01-2025-22:30:17:500-24990	TLTX18		OTHER	PAIRED	NextSeq 2000	1288	64400	Homo sapiens
ERR14276595	SAMEA117636889	ena-SAMPLE-TAB-28-01-2025-22:30:17:500-24990	TLTX18		OTHER	PAIRED	NextSeq 2000	878	43900	Homo sapiens
ERR14278303	SAMEA117636889	ena-SAMPLE-TAB-28-01-2025-22:30:17:500-24990	TLTX18		OTHER	PAIRED	NextSeq 2000	824	41200	Homo sapiens
ERR14278310	SAMEA117636889	ena-SAMPLE-TAB-28-01-2025-22:30:17:500-24990	TLTX18		OTHER	PAIRED	NextSeq 2000	1210	60500	Homo sapiens
ERR14276598	SAMEA117636889	ena-SAMPLE-TAB-28-01-2025-22:30:17:500-24990	TLTX18		OTHER	PAIRED	NextSeq 2000	1044	52200	Homo sapiens
ERR14276603	SAMEA117636889	ena-SAMPLE-TAB-28-01-2025-22:30:17:500-24990	TLTX18		OTHER	PAIRED	NextSeq 2000	480	24000	Homo sapiens
ERR14278322	SAMEA117636889	ena-SAMPLE-TAB-28-01-2025-22:30:17:500-24990	TLTX18		OTHER	PAIRED	NextSeq 2000	1030152	51507600	Homo sapiens
ERR14276604	SAMEA117636889	ena-SAMPLE-TAB-28-01-2025-22:30:17:500-24990	TLTX18		OTHER	PAIRED	NextSeq 2000	228	11400	Homo sapiens
ERR14276610	SAMEA117636889	ena-SAMPLE-TAB-28-01-2025-22:30:17:500-24990	TLTX18		OTHER	PAIRED	NextSeq 2000	690	34500	Homo sapiens
ERR14276622	SAMEA117636889	ena-SAMPLE-TAB-28-01-2025-22:30:17:500-24990	TLTX18		OTHER	PAIRED	NextSeq 2000	928	46400	Homo sapiens
ERR14278325	SAMEA117636889	ena-SAMPLE-TAB-28-01-2025-22:30:17:500-24990	TLTX18		OTHER	PAIRED	NextSeq 2000	1054	52700	Homo sapiens
ERR14276632	SAMEA117636889	ena-SAMPLE-TAB-28-01-2025-22:30:17:500-24990	TLTX18		OTHER	PAIRED	NextSeq 2000	732	36600	Homo sapiens
ERR14276642	SAMEA117636889	ena-SAMPLE-TAB-28-01-2025-22:30:17:500-24990	TLTX18		OTHER	PAIRED	NextSeq 2000	688	34400	Homo sapiens
ERR14276649	SAMEA117636889	ena-SAMPLE-TAB-28-01-2025-22:30:17:500-24990	TLTX18		OTHER	PAIRED	NextSeq 2000	630	31500	Homo sapiens
ERR14278327	SAMEA117636889	ena-SAMPLE-TAB-28-01-2025-22:30:17:500-24990	TLTX18		OTHER	PAIRED	NextSeq 2000	1790746	89537300	Homo sapiens
ERR14278330	SAMEA117636889	ena-SAMPLE-TAB-28-01-2025-22:30:17:500-24990	TLTX18		OTHER	PAIRED	NextSeq 2000	1786	89300	Homo sapiens
ERR14276652	SAMEA117636889	ena-SAMPLE-TAB-28-01-2025-22:30:17:500-24990	TLTX18		OTHER	PAIRED	NextSeq 2000	832	41600	Homo sapiens
ERR14276653	SAMEA117636889	ena-SAMPLE-TAB-28-01-2025-22:30:17:500-24990	TLTX18		OTHER	PAIRED	NextSeq 2000	530	26500	Homo sapiens
ERR14278334	SAMEA117636889	ena-SAMPLE-TAB-28-01-2025-22:30:17:500-24990	TLTX18		OTHER	PAIRED	NextSeq 2000	1258026	62901300	Homo sapiens
ERR14278337	SAMEA117636889	ena-SAMPLE-TAB-28-01-2025-22:30:17:500-24990	TLTX18		OTHER	PAIRED	NextSeq 2000	1284	64200	Homo sapiens
ERR14276655	SAMEA117636889	ena-SAMPLE-TAB-28-01-2025-22:30:17:500-24990	TLTX18		OTHER	PAIRED	NextSeq 2000	692	34600	Homo sapiens
ERR14278351	SAMEA117636889	ena-SAMPLE-TAB-28-01-2025-22:30:17:500-24990	TLTX18		OTHER	PAIRED	NextSeq 2000	1310	65500	Homo sapiens
ERR14276664	SAMEA117636889	ena-SAMPLE-TAB-28-01-2025-22:30:17:500-24990	TLTX18		OTHER	PAIRED	NextSeq 2000	1679492	83974600	Homo sapiens
ERR14278353	SAMEA117636889	ena-SAMPLE-TAB-28-01-2025-22:30:17:500-24990	TLTX18		OTHER	PAIRED	NextSeq 2000	680	34000	Homo sapiens
ERR14278355	SAMEA117636889	ena-SAMPLE-TAB-28-01-2025-22:30:17:500-24990	TLTX18		OTHER	PAIRED	NextSeq 2000	1114	55700	Homo sapiens
ERR14276669	SAMEA117636889	ena-SAMPLE-TAB-28-01-2025-22:30:17:500-24990	TLTX18		OTHER	PAIRED	NextSeq 2000	618	30900	Homo sapiens
ERR14278360	SAMEA117636889	ena-SAMPLE-TAB-28-01-2025-22:30:17:500-24990	TLTX18		OTHER	PAIRED	NextSeq 2000	1090	54500	Homo sapiens
ERR14278362	SAMEA117636889	ena-SAMPLE-TAB-28-01-2025-22:30:17:500-24990	TLTX18		OTHER	PAIRED	NextSeq 2000	1686	84300	Homo sapiens
ERR14276673	SAMEA117636889	ena-SAMPLE-TAB-28-01-2025-22:30:17:500-24990	TLTX18		OTHER	PAIRED	NextSeq 2000	668	33400	Homo sapiens
ERR14278363	SAMEA117636889	ena-SAMPLE-TAB-28-01-2025-22:30:17:500-24990	TLTX18		OTHER	PAIRED	NextSeq 2000	960	48000	Homo sapiens
ERR14276679	SAMEA117636889	ena-SAMPLE-TAB-28-01-2025-22:30:17:500-24990	TLTX18		OTHER	PAIRED	NextSeq 2000	830	41500	Homo sapiens
ERR14276680	SAMEA117636889	ena-SAMPLE-TAB-28-01-2025-22:30:17:500-24990	TLTX18		OTHER	PAIRED	NextSeq 2000	726	36300	Homo sapiens
ERR14278364	SAMEA117636889	ena-SAMPLE-TAB-28-01-2025-22:30:17:500-24990	TLTX18		OTHER	PAIRED	NextSeq 2000	1808074	90403700	Homo sapiens
ERR14276687	SAMEA117636889	ena-SAMPLE-TAB-28-01-2025-22:30:17:500-24990	TLTX18		OTHER	PAIRED	NextSeq 2000	860	43000	Homo sapiens
ERR14278380	SAMEA117636889	ena-SAMPLE-TAB-28-01-2025-22:30:17:500-24990	TLTX18		OTHER	PAIRED	NextSeq 2000	848	42400	Homo sapiens
ERR14278391	SAMEA117636889	ena-SAMPLE-TAB-28-01-2025-22:30:17:500-24990	TLTX18		OTHER	PAIRED	NextSeq 2000	704	35200	Homo sapiens
ERR14278395	SAMEA117636889	ena-SAMPLE-TAB-28-01-2025-22:30:17:500-24990	TLTX18		OTHER	PAIRED	NextSeq 2000	1214	60700	Homo sapiens
ERR14276693	SAMEA117636889	ena-SAMPLE-TAB-28-01-2025-22:30:17:500-24990	TLTX18		OTHER	PAIRED	NextSeq 2000	304	15200	Homo sapiens
ERR14278397	SAMEA117636889	ena-SAMPLE-TAB-28-01-2025-22:30:17:500-24990	TLTX18		OTHER	PAIRED	NextSeq 2000	1542	77100	Homo sapiens
ERR14276695	SAMEA117636889	ena-SAMPLE-TAB-28-01-2025-22:30:17:500-24990	TLTX18		OTHER	PAIRED	NextSeq 2000	478	23900	Homo sapiens
ERR14278399	SAMEA117636889	ena-SAMPLE-TAB-28-01-2025-22:30:17:500-24990	TLTX18		OTHER	PAIRED	NextSeq 2000	756	37800	Homo sapiens
ERR14276698	SAMEA117636889	ena-SAMPLE-TAB-28-01-2025-22:30:17:500-24990	TLTX18		OTHER	PAIRED	NextSeq 2000	538	26900	Homo sapiens
ERR14278402	SAMEA117636889	ena-SAMPLE-TAB-28-01-2025-22:30:17:500-24990	TLTX18		OTHER	PAIRED	NextSeq 2000	1252	62600	Homo sapiens
ERR14276706	SAMEA117636889	ena-SAMPLE-TAB-28-01-2025-22:30:17:500-24990	TLTX18		OTHER	PAIRED	NextSeq 2000	438	21900	Homo sapiens
ERR14276717	SAMEA117636889	ena-SAMPLE-TAB-28-01-2025-22:30:17:500-24990	TLTX18		OTHER	PAIRED	NextSeq 2000	504	25200	Homo sapiens
ERR14278404	SAMEA117636889	ena-SAMPLE-TAB-28-01-2025-22:30:17:500-24990	TLTX18		OTHER	PAIRED	NextSeq 2000	742	37100	Homo sapiens
ERR14278406	SAMEA117636889	ena-SAMPLE-TAB-28-01-2025-22:30:17:500-24990	TLTX18		OTHER	PAIRED	NextSeq 2000	1098002	54900100	Homo sapiens
ERR14276719	SAMEA117636889	ena-SAMPLE-TAB-28-01-2025-22:30:17:500-24990	TLTX18		OTHER	PAIRED	NextSeq 2000	532	26600	Homo sapiens
ERR14276725	SAMEA117636889	ena-SAMPLE-TAB-28-01-2025-22:30:17:500-24990	TLTX18		OTHER	PAIRED	NextSeq 2000	422	21100	Homo sapiens
ERR14278408	SAMEA117636889	ena-SAMPLE-TAB-28-01-2025-22:30:17:500-24990	TLTX18		OTHER	PAIRED	NextSeq 2000	354	17700	Homo sapiens
ERR14276726	SAMEA117636889	ena-SAMPLE-TAB-28-01-2025-22:30:17:500-24990	TLTX18		OTHER	PAIRED	NextSeq 2000	1290994	64549700	Homo sapiens
ERR14276732	SAMEA117636889	ena-SAMPLE-TAB-28-01-2025-22:30:17:500-24990	TLTX18		OTHER	PAIRED	NextSeq 2000	398	19900	Homo sapiens
ERR14278412	SAMEA117636889	ena-SAMPLE-TAB-28-01-2025-22:30:17:500-24990	TLTX18		OTHER	PAIRED	NextSeq 2000	1012	50600	Homo sapiens
ERR14276734	SAMEA117636889	ena-SAMPLE-TAB-28-01-2025-22:30:17:500-24990	TLTX18		OTHER	PAIRED	NextSeq 2000	446	22300	Homo sapiens
ERR14278414	SAMEA117636889	ena-SAMPLE-TAB-28-01-2025-22:30:17:500-24990	TLTX18		OTHER	PAIRED	NextSeq 2000	754	37700	Homo sapiens
ERR14278416	SAMEA117636889	ena-SAMPLE-TAB-28-01-2025-22:30:17:500-24990	TLTX18		OTHER	PAIRED	NextSeq 2000	1444024	72201200	Homo sapiens
ERR14276738	SAMEA117636889	ena-SAMPLE-TAB-28-01-2025-22:30:17:500-24990	TLTX18		OTHER	PAIRED	NextSeq 2000	486	24300	Homo sapiens
ERR14276745	SAMEA117636889	ena-SAMPLE-TAB-28-01-2025-22:30:17:500-24990	TLTX18		OTHER	PAIRED	NextSeq 2000	1150	57500	Homo sapiens
ERR14278418	SAMEA117636889	ena-SAMPLE-TAB-28-01-2025-22:30:17:500-24990	TLTX18		OTHER	PAIRED	NextSeq 2000	782	39100	Homo sapiens
ERR14276746	SAMEA117636889	ena-SAMPLE-TAB-28-01-2025-22:30:17:500-24990	TLTX18		OTHER	PAIRED	NextSeq 2000	1914348	95717400	Homo sapiens
ERR14276747	SAMEA117636889	ena-SAMPLE-TAB-28-01-2025-22:30:17:500-24990	TLTX18		OTHER	PAIRED	NextSeq 2000	806	40300	Homo sapiens
ERR14278422	SAMEA117636889	ena-SAMPLE-TAB-28-01-2025-22:30:17:500-24990	TLTX18		OTHER	PAIRED	NextSeq 2000	1455030	72751500	Homo sapiens
ERR14276751	SAMEA117636889	ena-SAMPLE-TAB-28-01-2025-22:30:17:500-24990	TLTX18		OTHER	PAIRED	NextSeq 2000	1662	83100	Homo sapiens
ERR14278425	SAMEA117636889	ena-SAMPLE-TAB-28-01-2025-22:30:17:500-24990	TLTX18		OTHER	PAIRED	NextSeq 2000	610	30500	Homo sapiens
ERR14276755	SAMEA117636889	ena-SAMPLE-TAB-28-01-2025-22:30:17:500-24990	TLTX18		OTHER	PAIRED	NextSeq 2000	1496	74800	Homo sapiens
ERR14276757	SAMEA117636889	ena-SAMPLE-TAB-28-01-2025-22:30:17:500-24990	TLTX18		OTHER	PAIRED	NextSeq 2000	1613212	80660600	Homo sapiens
ERR14276761	SAMEA117636889	ena-SAMPLE-TAB-28-01-2025-22:30:17:500-24990	TLTX18		OTHER	PAIRED	NextSeq 2000	1092	54600	Homo sapiens
ERR14278427	SAMEA117636889	ena-SAMPLE-TAB-28-01-2025-22:30:17:500-24990	TLTX18		OTHER	PAIRED	NextSeq 2000	1026734	51336700	Homo sapiens
ERR14278428	SAMEA117636889	ena-SAMPLE-TAB-28-01-2025-22:30:17:500-24990	TLTX18		OTHER	PAIRED	NextSeq 2000	1148914	57445700	Homo sapiens
ERR14276766	SAMEA117636889	ena-SAMPLE-TAB-28-01-2025-22:30:17:500-24990	TLTX18		OTHER	PAIRED	NextSeq 2000	1486	74300	Homo sapiens
ERR14276767	SAMEA117636889	ena-SAMPLE-TAB-28-01-2025-22:30:17:500-24990	TLTX18		OTHER	PAIRED	NextSeq 2000	1261138	63056900	Homo sapiens
ERR14278431	SAMEA117636889	ena-SAMPLE-TAB-28-01-2025-22:30:17:500-24990	TLTX18		OTHER	PAIRED	NextSeq 2000	1610866	80543300	Homo sapiens
ERR14278437	SAMEA117636889	ena-SAMPLE-TAB-28-01-2025-22:30:17:500-24990	TLTX18		OTHER	PAIRED	NextSeq 2000	772	38600	Homo sapiens
ERR14276771	SAMEA117636889	ena-SAMPLE-TAB-28-01-2025-22:30:17:500-24990	TLTX18		OTHER	PAIRED	NextSeq 2000	1960	98000	Homo sapiens
ERR14278438	SAMEA117636889	ena-SAMPLE-TAB-28-01-2025-22:30:17:500-24990	TLTX18		OTHER	PAIRED	NextSeq 2000	728	36400	Homo sapiens
ERR14276774	SAMEA117636889	ena-SAMPLE-TAB-28-01-2025-22:30:17:500-24990	TLTX18		OTHER	PAIRED	NextSeq 2000	1462	73100	Homo sapiens
ERR14278446	SAMEA117636889	ena-SAMPLE-TAB-28-01-2025-22:30:17:500-24990	TLTX18		OTHER	PAIRED	NextSeq 2000	1636394	81819700	Homo sapiens
ERR14276775	SAMEA117636889	ena-SAMPLE-TAB-28-01-2025-22:30:17:500-24990	TLTX18		OTHER	PAIRED	NextSeq 2000	1400804	70040200	Homo sapiens
ERR14278458	SAMEA117636889	ena-SAMPLE-TAB-28-01-2025-22:30:17:500-24990	TLTX18		OTHER	PAIRED	NextSeq 2000	808	40400	Homo sapiens
ERR14276778	SAMEA117636889	ena-SAMPLE-TAB-28-01-2025-22:30:17:500-24990	TLTX18		OTHER	PAIRED	NextSeq 2000	940	47000	Homo sapiens
ERR14278466	SAMEA117636889	ena-SAMPLE-TAB-28-01-2025-22:30:17:500-24990	TLTX18		OTHER	PAIRED	NextSeq 2000	748	37400	Homo sapiens
ERR14276783	SAMEA117636889	ena-SAMPLE-TAB-28-01-2025-22:30:17:500-24990	TLTX18		OTHER	PAIRED	NextSeq 2000	1580	79000	Homo sapiens
ERR14278467	SAMEA117636889	ena-SAMPLE-TAB-28-01-2025-22:30:17:500-24990	TLTX18		OTHER	PAIRED	NextSeq 2000	1288738	64436900	Homo sapiens
ERR14276791	SAMEA117636889	ena-SAMPLE-TAB-28-01-2025-22:30:17:500-24990	TLTX18		OTHER	PAIRED	NextSeq 2000	908	45400	Homo sapiens
ERR14276798	SAMEA117636889	ena-SAMPLE-TAB-28-01-2025-22:30:17:500-24990	TLTX18		OTHER	PAIRED	NextSeq 2000	922	46100	Homo sapiens
ERR14278469	SAMEA117636889	ena-SAMPLE-TAB-28-01-2025-22:30:17:500-24990	TLTX18		OTHER	PAIRED	NextSeq 2000	986	49300	Homo sapiens
ERR14276803	SAMEA117636889	ena-SAMPLE-TAB-28-01-2025-22:30:17:500-24990	TLTX18		OTHER	PAIRED	NextSeq 2000	538	26900	Homo sapiens
ERR14278470	SAMEA117636889	ena-SAMPLE-TAB-28-01-2025-22:30:17:500-24990	TLTX18		OTHER	PAIRED	NextSeq 2000	1347650	67382500	Homo sapiens
ERR14276806	SAMEA117636889	ena-SAMPLE-TAB-28-01-2025-22:30:17:500-24990	TLTX18		OTHER	PAIRED	NextSeq 2000	1470126	73506300	Homo sapiens
ERR14276807	SAMEA117636889	ena-SAMPLE-TAB-28-01-2025-22:30:17:500-24990	TLTX18		OTHER	PAIRED	NextSeq 2000	980	49000	Homo sapiens
ERR14278479	SAMEA117636889	ena-SAMPLE-TAB-28-01-2025-22:30:17:500-24990	TLTX18		OTHER	PAIRED	NextSeq 2000	1141168	57058400	Homo sapiens
ERR14276809	SAMEA117636889	ena-SAMPLE-TAB-28-01-2025-22:30:17:500-24990	TLTX18		OTHER	PAIRED	NextSeq 2000	1124858	56242900	Homo sapiens
ERR14278480	SAMEA117636889	ena-SAMPLE-TAB-28-01-2025-22:30:17:500-24990	TLTX18		OTHER	PAIRED	NextSeq 2000	486	24300	Homo sapiens
ERR14276812	SAMEA117636889	ena-SAMPLE-TAB-28-01-2025-22:30:17:500-24990	TLTX18		OTHER	PAIRED	NextSeq 2000	994	49700	Homo sapiens
ERR14276815	SAMEA117636889	ena-SAMPLE-TAB-28-01-2025-22:30:17:500-24990	TLTX18		OTHER	PAIRED	NextSeq 2000	1270	63500	Homo sapiens
ERR14276827	SAMEA117636889	ena-SAMPLE-TAB-28-01-2025-22:30:17:500-24990	TLTX18		OTHER	PAIRED	NextSeq 2000	2125680	106284000	Homo sapiens
ERR14278489	SAMEA117636889	ena-SAMPLE-TAB-28-01-2025-22:30:17:500-24990	TLTX18		OTHER	PAIRED	NextSeq 2000	416	20800	Homo sapiens
ERR14278492	SAMEA117636889	ena-SAMPLE-TAB-28-01-2025-22:30:17:500-24990	TLTX18		OTHER	PAIRED	NextSeq 2000	596	29800	Homo sapiens
ERR14276842	SAMEA117636889	ena-SAMPLE-TAB-28-01-2025-22:30:17:500-24990	TLTX18		OTHER	PAIRED	NextSeq 2000	1014	50700	Homo sapiens
ERR14276843	SAMEA117636889	ena-SAMPLE-TAB-28-01-2025-22:30:17:500-24990	TLTX18		OTHER	PAIRED	NextSeq 2000	1394	69700	Homo sapiens
ERR14278496	SAMEA117636889	ena-SAMPLE-TAB-28-01-2025-22:30:17:500-24990	TLTX18		OTHER	PAIRED	NextSeq 2000	618	30900	Homo sapiens
ERR14276847	SAMEA117636889	ena-SAMPLE-TAB-28-01-2025-22:30:17:500-24990	TLTX18		OTHER	PAIRED	NextSeq 2000	854	42700	Homo sapiens
ERR14278507	SAMEA117636889	ena-SAMPLE-TAB-28-01-2025-22:30:17:500-24990	TLTX18		OTHER	PAIRED	NextSeq 2000	672	33600	Homo sapiens
ERR14276849	SAMEA117636889	ena-SAMPLE-TAB-28-01-2025-22:30:17:500-24990	TLTX18		OTHER	PAIRED	NextSeq 2000	1150	57500	Homo sapiens
ERR14278525	SAMEA117636889	ena-SAMPLE-TAB-28-01-2025-22:30:17:500-24990	TLTX18		OTHER	PAIRED	NextSeq 2000	860	43000	Homo sapiens
ERR14276859	SAMEA117636889	ena-SAMPLE-TAB-28-01-2025-22:30:17:500-24990	TLTX18		OTHER	PAIRED	NextSeq 2000	980	49000	Homo sapiens
ERR14278527	SAMEA117636889	ena-SAMPLE-TAB-28-01-2025-22:30:17:500-24990	TLTX18		OTHER	PAIRED	NextSeq 2000	530	26500	Homo sapiens
ERR14276863	SAMEA117636889	ena-SAMPLE-TAB-28-01-2025-22:30:17:500-24990	TLTX18		OTHER	PAIRED	NextSeq 2000	996	49800	Homo sapiens
ERR14278531	SAMEA117636889	ena-SAMPLE-TAB-28-01-2025-22:30:17:500-24990	TLTX18		OTHER	PAIRED	NextSeq 2000	820	41000	Homo sapiens
ERR14278536	SAMEA117636889	ena-SAMPLE-TAB-28-01-2025-22:30:17:500-24990	TLTX18		OTHER	PAIRED	NextSeq 2000	1210962	60548100	Homo sapiens
ERR14276864	SAMEA117636889	ena-SAMPLE-TAB-28-01-2025-22:30:17:500-24990	TLTX18		OTHER	PAIRED	NextSeq 2000	750	37500	Homo sapiens
ERR14276874	SAMEA117636889	ena-SAMPLE-TAB-28-01-2025-22:30:17:500-24990	TLTX18		OTHER	PAIRED	NextSeq 2000	1174	58700	Homo sapiens
ERR14278539	SAMEA117636889	ena-SAMPLE-TAB-28-01-2025-22:30:17:500-24990	TLTX18		OTHER	PAIRED	NextSeq 2000	684	34200	Homo sapiens
ERR14276879	SAMEA117636889	ena-SAMPLE-TAB-28-01-2025-22:30:17:500-24990	TLTX18		OTHER	PAIRED	NextSeq 2000	666	33300	Homo sapiens
ERR14276880	SAMEA117636889	ena-SAMPLE-TAB-28-01-2025-22:30:17:500-24990	TLTX18		OTHER	PAIRED	NextSeq 2000	1680404	84020200	Homo sapiens
ERR14278552	SAMEA117636889	ena-SAMPLE-TAB-28-01-2025-22:30:17:500-24990	TLTX18		OTHER	PAIRED	NextSeq 2000	438	21900	Homo sapiens
ERR14276883	SAMEA117636889	ena-SAMPLE-TAB-28-01-2025-22:30:17:500-24990	TLTX18		OTHER	PAIRED	NextSeq 2000	52458	2622900	Homo sapiens
ERR14278568	SAMEA117636889	ena-SAMPLE-TAB-28-01-2025-22:30:17:500-24990	TLTX18		OTHER	PAIRED	NextSeq 2000	1082	54100	Homo sapiens
ERR14276888	SAMEA117636889	ena-SAMPLE-TAB-28-01-2025-22:30:17:500-24990	TLTX18		OTHER	PAIRED	NextSeq 2000	214950	10747500	Homo sapiens
ERR14276891	SAMEA117636889	ena-SAMPLE-TAB-28-01-2025-22:30:17:500-24990	TLTX18		OTHER	PAIRED	NextSeq 2000	42	2100	Homo sapiens
ERR14278575	SAMEA117636889	ena-SAMPLE-TAB-28-01-2025-22:30:17:500-24990	TLTX18		OTHER	PAIRED	NextSeq 2000	2142	107100	Homo sapiens
ERR14278576	SAMEA117636889	ena-SAMPLE-TAB-28-01-2025-22:30:17:500-24990	TLTX18		OTHER	PAIRED	NextSeq 2000	812	40600	Homo sapiens
ERR14276897	SAMEA117636889	ena-SAMPLE-TAB-28-01-2025-22:30:17:500-24990	TLTX18		OTHER	PAIRED	NextSeq 2000	76	3800	Homo sapiens
ERR14276898	SAMEA117636889	ena-SAMPLE-TAB-28-01-2025-22:30:17:500-24990	TLTX18		OTHER	PAIRED	NextSeq 2000	68	3400	Homo sapiens
ERR14278580	SAMEA117636889	ena-SAMPLE-TAB-28-01-2025-22:30:17:500-24990	TLTX18		OTHER	PAIRED	NextSeq 2000	1314	65700	Homo sapiens
ERR14276906	SAMEA117636889	ena-SAMPLE-TAB-28-01-2025-22:30:17:500-24990	TLTX18		OTHER	PAIRED	NextSeq 2000	54	2700	Homo sapiens
ERR14276907	SAMEA117636889	ena-SAMPLE-TAB-28-01-2025-22:30:17:500-24990	TLTX18		OTHER	PAIRED	NextSeq 2000	64	3200	Homo sapiens
ERR14278585	SAMEA117636889	ena-SAMPLE-TAB-28-01-2025-22:30:17:500-24990	TLTX18		OTHER	PAIRED	NextSeq 2000	980	49000	Homo sapiens
ERR14276923	SAMEA117636889	ena-SAMPLE-TAB-28-01-2025-22:30:17:500-24990	TLTX18		OTHER	PAIRED	NextSeq 2000	44	2200	Homo sapiens
ERR14276932	SAMEA117636889	ena-SAMPLE-TAB-28-01-2025-22:30:17:500-24990	TLTX18		OTHER	PAIRED	NextSeq 2000	20	1000	Homo sapiens
ERR14278591	SAMEA117636889	ena-SAMPLE-TAB-28-01-2025-22:30:17:500-24990	TLTX18		OTHER	PAIRED	NextSeq 2000	1016	50800	Homo sapiens
ERR14276935	SAMEA117636889	ena-SAMPLE-TAB-28-01-2025-22:30:17:500-24990	TLTX18		OTHER	PAIRED	NextSeq 2000	73660	3683000	Homo sapiens
ERR14276938	SAMEA117636889	ena-SAMPLE-TAB-28-01-2025-22:30:17:500-24990	TLTX18		OTHER	PAIRED	NextSeq 2000	48	2400	Homo sapiens
ERR14278595	SAMEA117636889	ena-SAMPLE-TAB-28-01-2025-22:30:17:500-24990	TLTX18		OTHER	PAIRED	NextSeq 2000	924	46200	Homo sapiens
ERR14278597	SAMEA117636889	ena-SAMPLE-TAB-28-01-2025-22:30:17:500-24990	TLTX18		OTHER	PAIRED	NextSeq 2000	980	49000	Homo sapiens
ERR14276939	SAMEA117636889	ena-SAMPLE-TAB-28-01-2025-22:30:17:500-24990	TLTX18		OTHER	PAIRED	NextSeq 2000	34	1700	Homo sapiens
ERR14278612	SAMEA117636889	ena-SAMPLE-TAB-28-01-2025-22:30:17:500-24990	TLTX18		OTHER	PAIRED	NextSeq 2000	1288	64400	Homo sapiens
ERR14276946	SAMEA117636889	ena-SAMPLE-TAB-28-01-2025-22:30:17:500-24990	TLTX18		OTHER	PAIRED	NextSeq 2000	209328	10466400	Homo sapiens
ERR14276949	SAMEA117636889	ena-SAMPLE-TAB-28-01-2025-22:30:17:500-24990	TLTX18		OTHER	PAIRED	NextSeq 2000	76	3800	Homo sapiens
ERR14278615	SAMEA117636889	ena-SAMPLE-TAB-28-01-2025-22:30:17:500-24990	TLTX18		OTHER	PAIRED	NextSeq 2000	3842	192100	Homo sapiens
ERR14276951	SAMEA117636889	ena-SAMPLE-TAB-28-01-2025-22:30:17:500-24990	TLTX18		OTHER	PAIRED	NextSeq 2000	78	3900	Homo sapiens
ERR14278620	SAMEA117636889	ena-SAMPLE-TAB-28-01-2025-22:30:17:500-24990	TLTX18		OTHER	PAIRED	NextSeq 2000	4014188	200709400	Homo sapiens
ERR14278624	SAMEA117636889	ena-SAMPLE-TAB-28-01-2025-22:30:17:500-24990	TLTX18		OTHER	PAIRED	NextSeq 2000	422148	21107400	Homo sapiens
ERR14276955	SAMEA117636889	ena-SAMPLE-TAB-28-01-2025-22:30:17:500-24990	TLTX18		OTHER	PAIRED	NextSeq 2000	1310	65500	Homo sapiens
ERR14276957	SAMEA117636889	ena-SAMPLE-TAB-28-01-2025-22:30:17:500-24990	TLTX18		OTHER	PAIRED	NextSeq 2000	958	47900	Homo sapiens
ERR14276960	SAMEA117636889	ena-SAMPLE-TAB-28-01-2025-22:30:17:500-24990	TLTX18		OTHER	PAIRED	NextSeq 2000	902	45100	Homo sapiens
ERR14278627	SAMEA117636889	ena-SAMPLE-TAB-28-01-2025-22:30:17:500-24990	TLTX18		OTHER	PAIRED	NextSeq 2000	4870	243500	Homo sapiens
ERR14276971	SAMEA117636889	ena-SAMPLE-TAB-28-01-2025-22:30:17:500-24990	TLTX18		OTHER	PAIRED	NextSeq 2000	1595844	79792200	Homo sapiens
ERR14278630	SAMEA117636889	ena-SAMPLE-TAB-28-01-2025-22:30:17:500-24990	TLTX18		OTHER	PAIRED	NextSeq 2000	3236	161800	Homo sapiens
ERR14276972	SAMEA117636889	ena-SAMPLE-TAB-28-01-2025-22:30:17:500-24990	TLTX18		OTHER	PAIRED	NextSeq 2000	1833014	91650700	Homo sapiens
ERR14276973	SAMEA117636889	ena-SAMPLE-TAB-28-01-2025-22:30:17:500-24990	TLTX18		OTHER	PAIRED	NextSeq 2000	722	36100	Homo sapiens
ERR14276974	SAMEA117636889	ena-SAMPLE-TAB-28-01-2025-22:30:17:500-24990	TLTX18		OTHER	PAIRED	NextSeq 2000	1084	54200	Homo sapiens
ERR14278633	SAMEA117636889	ena-SAMPLE-TAB-28-01-2025-22:30:17:500-24990	TLTX18		OTHER	PAIRED	NextSeq 2000	2474	123700	Homo sapiens
ERR14276977	SAMEA117636889	ena-SAMPLE-TAB-28-01-2025-22:30:17:500-24990	TLTX18		OTHER	PAIRED	NextSeq 2000	1086	54300	Homo sapiens
ERR14278649	SAMEA117636889	ena-SAMPLE-TAB-28-01-2025-22:30:17:500-24990	TLTX18		OTHER	PAIRED	NextSeq 2000	1630662	81533100	Homo sapiens
ERR14278652	SAMEA117636889	ena-SAMPLE-TAB-28-01-2025-22:30:17:500-24990	TLTX18		OTHER	PAIRED	NextSeq 2000	2052574	102628700	Homo sapiens
ERR14276979	SAMEA117636889	ena-SAMPLE-TAB-28-01-2025-22:30:17:500-24990	TLTX18		OTHER	PAIRED	NextSeq 2000	970	48500	Homo sapiens
ERR14278654	SAMEA117636889	ena-SAMPLE-TAB-28-01-2025-22:30:17:500-24990	TLTX18		OTHER	PAIRED	NextSeq 2000	1496	74800	Homo sapiens
ERR14276983	SAMEA117636889	ena-SAMPLE-TAB-28-01-2025-22:30:17:500-24990	TLTX18		OTHER	PAIRED	NextSeq 2000	772	38600	Homo sapiens
ERR14278657	SAMEA117636889	ena-SAMPLE-TAB-28-01-2025-22:30:17:500-24990	TLTX18		OTHER	PAIRED	NextSeq 2000	1491930	74596500	Homo sapiens
ERR14276989	SAMEA117636889	ena-SAMPLE-TAB-28-01-2025-22:30:17:500-24990	TLTX18		OTHER	PAIRED	NextSeq 2000	1800780	90039000	Homo sapiens
ERR14278661	SAMEA117636889	ena-SAMPLE-TAB-28-01-2025-22:30:17:500-24990	TLTX18		OTHER	PAIRED	NextSeq 2000	4108	205400	Homo sapiens
ERR14276992	SAMEA117636889	ena-SAMPLE-TAB-28-01-2025-22:30:17:500-24990	TLTX18		OTHER	PAIRED	NextSeq 2000	1040	52000	Homo sapiens
ERR14278664	SAMEA117636889	ena-SAMPLE-TAB-28-01-2025-22:30:17:500-24990	TLTX18		OTHER	PAIRED	NextSeq 2000	1494	74700	Homo sapiens
ERR14276997	SAMEA117636889	ena-SAMPLE-TAB-28-01-2025-22:30:17:500-24990	TLTX18		OTHER	PAIRED	NextSeq 2000	700	35000	Homo sapiens
ERR14278665	SAMEA117636889	ena-SAMPLE-TAB-28-01-2025-22:30:17:500-24990	TLTX18		OTHER	PAIRED	NextSeq 2000	3102	155100	Homo sapiens
ERR14278668	SAMEA117636889	ena-SAMPLE-TAB-28-01-2025-22:30:17:500-24990	TLTX18		OTHER	PAIRED	NextSeq 2000	2138	106900	Homo sapiens
ERR14276999	SAMEA117636889	ena-SAMPLE-TAB-28-01-2025-22:30:17:500-24990	TLTX18		OTHER	PAIRED	NextSeq 2000	1422	71100	Homo sapiens
ERR14278688	SAMEA117636889	ena-SAMPLE-TAB-28-01-2025-22:30:17:500-24990	TLTX18		OTHER	PAIRED	NextSeq 2000	1018	50900	Homo sapiens
ERR14277002	SAMEA117636889	ena-SAMPLE-TAB-28-01-2025-22:30:17:500-24990	TLTX18		OTHER	PAIRED	NextSeq 2000	1016	50800	Homo sapiens
ERR14278690	SAMEA117636889	ena-SAMPLE-TAB-28-01-2025-22:30:17:500-24990	TLTX18		OTHER	PAIRED	NextSeq 2000	1910	95500	Homo sapiens
ERR14278695	SAMEA117636889	ena-SAMPLE-TAB-28-01-2025-22:30:17:500-24990	TLTX18		OTHER	PAIRED	NextSeq 2000	1919068	95953400	Homo sapiens
ERR14277004	SAMEA117636889	ena-SAMPLE-TAB-28-01-2025-22:30:17:500-24990	TLTX18		OTHER	PAIRED	NextSeq 2000	434	21700	Homo sapiens
ERR14277006	SAMEA117636889	ena-SAMPLE-TAB-28-01-2025-22:30:17:500-24990	TLTX18		OTHER	PAIRED	NextSeq 2000	978	48900	Homo sapiens
ERR14278696	SAMEA117636889	ena-SAMPLE-TAB-28-01-2025-22:30:17:500-24990	TLTX18		OTHER	PAIRED	NextSeq 2000	558204	27910200	Homo sapiens
ERR14277010	SAMEA117636889	ena-SAMPLE-TAB-28-01-2025-22:30:17:500-24990	TLTX18		OTHER	PAIRED	NextSeq 2000	1641544	82077200	Homo sapiens
ERR14277014	SAMEA117636889	ena-SAMPLE-TAB-28-01-2025-22:30:17:500-24990	TLTX18		OTHER	PAIRED	NextSeq 2000	850	42500	Homo sapiens
ERR14278700	SAMEA117636889	ena-SAMPLE-TAB-28-01-2025-22:30:17:500-24990	TLTX18		OTHER	PAIRED	NextSeq 2000	1962454	98122700	Homo sapiens
ERR14277015	SAMEA117636889	ena-SAMPLE-TAB-28-01-2025-22:30:17:500-24990	TLTX18		OTHER	PAIRED	NextSeq 2000	1082	54100	Homo sapiens
ERR14278701	SAMEA117636889	ena-SAMPLE-TAB-28-01-2025-22:30:17:500-24990	TLTX18		OTHER	PAIRED	NextSeq 2000	1538	76900	Homo sapiens
ERR14277016	SAMEA117636889	ena-SAMPLE-TAB-28-01-2025-22:30:17:500-24990	TLTX18		OTHER	PAIRED	NextSeq 2000	1140	57000	Homo sapiens
ERR14277020	SAMEA117636889	ena-SAMPLE-TAB-28-01-2025-22:30:17:500-24990	TLTX18		OTHER	PAIRED	NextSeq 2000	632	31600	Homo sapiens
ERR14278703	SAMEA117636889	ena-SAMPLE-TAB-28-01-2025-22:30:17:500-24990	TLTX18		OTHER	PAIRED	NextSeq 2000	2294642	114732100	Homo sapiens
ERR14277028	SAMEA117636889	ena-SAMPLE-TAB-28-01-2025-22:30:17:500-24990	TLTX18		OTHER	PAIRED	NextSeq 2000	400	20000	Homo sapiens
ERR14277029	SAMEA117636889	ena-SAMPLE-TAB-28-01-2025-22:30:17:500-24990	TLTX18		OTHER	PAIRED	NextSeq 2000	526	26300	Homo sapiens
ERR14277037	SAMEA117636889	ena-SAMPLE-TAB-28-01-2025-22:30:17:500-24990	TLTX18		OTHER	PAIRED	NextSeq 2000	526	26300	Homo sapiens
ERR14278707	SAMEA117636889	ena-SAMPLE-TAB-28-01-2025-22:30:17:500-24990	TLTX18		OTHER	PAIRED	NextSeq 2000	1971582	98579100	Homo sapiens
ERR14278709	SAMEA117636889	ena-SAMPLE-TAB-28-01-2025-22:30:17:500-24990	TLTX18		OTHER	PAIRED	NextSeq 2000	1404	70200	Homo sapiens
ERR14277038	SAMEA117636889	ena-SAMPLE-TAB-28-01-2025-22:30:17:500-24990	TLTX18		OTHER	PAIRED	NextSeq 2000	434	21700	Homo sapiens
ERR14277053	SAMEA117636889	ena-SAMPLE-TAB-28-01-2025-22:30:17:500-24990	TLTX18		OTHER	PAIRED	NextSeq 2000	282	14100	Homo sapiens
ERR14277054	SAMEA117636889	ena-SAMPLE-TAB-28-01-2025-22:30:17:500-24990	TLTX18		OTHER	PAIRED	NextSeq 2000	1573710	78685500	Homo sapiens
ERR14278720	SAMEA117636889	ena-SAMPLE-TAB-28-01-2025-22:30:17:500-24990	TLTX18		OTHER	PAIRED	NextSeq 2000	1080	54000	Homo sapiens
ERR14277058	SAMEA117636889	ena-SAMPLE-TAB-28-01-2025-22:30:17:500-24990	TLTX18		OTHER	PAIRED	NextSeq 2000	528	26400	Homo sapiens
ERR14278723	SAMEA117636889	ena-SAMPLE-TAB-28-01-2025-22:30:17:500-24990	TLTX18		OTHER	PAIRED	NextSeq 2000	1040	52000	Homo sapiens
ERR14278733	SAMEA117636889	ena-SAMPLE-TAB-28-01-2025-22:30:17:500-24990	TLTX18		OTHER	PAIRED	NextSeq 2000	1626	81300	Homo sapiens
ERR14277059	SAMEA117636889	ena-SAMPLE-TAB-28-01-2025-22:30:17:500-24990	TLTX18		OTHER	PAIRED	NextSeq 2000	1004	50200	Homo sapiens
ERR14277068	SAMEA117636889	ena-SAMPLE-TAB-28-01-2025-22:30:17:500-24990	TLTX18		OTHER	PAIRED	NextSeq 2000	350	17500	Homo sapiens
ERR14278736	SAMEA117636889	ena-SAMPLE-TAB-28-01-2025-22:30:17:500-24990	TLTX18		OTHER	PAIRED	NextSeq 2000	734	36700	Homo sapiens
ERR14278744	SAMEA117636889	ena-SAMPLE-TAB-28-01-2025-22:30:17:500-24990	TLTX18		OTHER	PAIRED	NextSeq 2000	1780	89000	Homo sapiens
ERR14277069	SAMEA117636889	ena-SAMPLE-TAB-28-01-2025-22:30:17:500-24990	TLTX18		OTHER	PAIRED	NextSeq 2000	472	23600	Homo sapiens
ERR14278748	SAMEA117636889	ena-SAMPLE-TAB-28-01-2025-22:30:17:500-24990	TLTX18		OTHER	PAIRED	NextSeq 2000	1711712	85585600	Homo sapiens
ERR14277077	SAMEA117636889	ena-SAMPLE-TAB-28-01-2025-22:30:17:500-24990	TLTX18		OTHER	PAIRED	NextSeq 2000	504	25200	Homo sapiens
ERR14278755	SAMEA117636889	ena-SAMPLE-TAB-28-01-2025-22:30:17:500-24990	TLTX18		OTHER	PAIRED	NextSeq 2000	1230	61500	Homo sapiens
ERR14278760	SAMEA117636889	ena-SAMPLE-TAB-28-01-2025-22:30:17:500-24990	TLTX18		OTHER	PAIRED	NextSeq 2000	1923772	96188600	Homo sapiens
ERR14277081	SAMEA117636889	ena-SAMPLE-TAB-28-01-2025-22:30:17:500-24990	TLTX18		OTHER	PAIRED	NextSeq 2000	1547120	77356000	Homo sapiens
ERR14278763	SAMEA117636889	ena-SAMPLE-TAB-28-01-2025-22:30:17:500-24990	TLTX18		OTHER	PAIRED	NextSeq 2000	2240	112000	Homo sapiens
ERR14277084	SAMEA117636889	ena-SAMPLE-TAB-28-01-2025-22:30:17:500-24990	TLTX18		OTHER	PAIRED	NextSeq 2000	596	29800	Homo sapiens
ERR14278768	SAMEA117636889	ena-SAMPLE-TAB-28-01-2025-22:30:17:500-24990	TLTX18		OTHER	PAIRED	NextSeq 2000	612	30600	Homo sapiens
ERR14277086	SAMEA117636889	ena-SAMPLE-TAB-28-01-2025-22:30:17:500-24990	TLTX18		OTHER	PAIRED	NextSeq 2000	1263282	63164100	Homo sapiens
ERR14278769	SAMEA117636889	ena-SAMPLE-TAB-28-01-2025-22:30:17:500-24990	TLTX18		OTHER	PAIRED	NextSeq 2000	1864	93200	Homo sapiens
ERR14277094	SAMEA117636889	ena-SAMPLE-TAB-28-01-2025-22:30:17:500-24990	TLTX18		OTHER	PAIRED	NextSeq 2000	428	21400	Homo sapiens
ERR14277109	SAMEA117636889	ena-SAMPLE-TAB-28-01-2025-22:30:17:500-24990	TLTX18		OTHER	PAIRED	NextSeq 2000	1126	56300	Homo sapiens
ERR14278771	SAMEA117636889	ena-SAMPLE-TAB-28-01-2025-22:30:17:500-24990	TLTX18		OTHER	PAIRED	NextSeq 2000	1682716	84135800	Homo sapiens
ERR14277114	SAMEA117636889	ena-SAMPLE-TAB-28-01-2025-22:30:17:500-24990	TLTX18		OTHER	PAIRED	NextSeq 2000	1218300	60915000	Homo sapiens
ERR14278774	SAMEA117636889	ena-SAMPLE-TAB-28-01-2025-22:30:17:500-24990	TLTX18		OTHER	PAIRED	NextSeq 2000	1950	97500	Homo sapiens
ERR14277119	SAMEA117636889	ena-SAMPLE-TAB-28-01-2025-22:30:17:500-24990	TLTX18		OTHER	PAIRED	NextSeq 2000	1402	70100	Homo sapiens
ERR14277122	SAMEA117636889	ena-SAMPLE-TAB-28-01-2025-22:30:17:500-24990	TLTX18		OTHER	PAIRED	NextSeq 2000	1130	56500	Homo sapiens
ERR14278778	SAMEA117636889	ena-SAMPLE-TAB-28-01-2025-22:30:17:500-24990	TLTX18		OTHER	PAIRED	NextSeq 2000	1908	95400	Homo sapiens
ERR14277128	SAMEA117636889	ena-SAMPLE-TAB-28-01-2025-22:30:17:500-24990	TLTX18		OTHER	PAIRED	NextSeq 2000	1212	60600	Homo sapiens
ERR14278784	SAMEA117636889	ena-SAMPLE-TAB-28-01-2025-22:30:17:500-24990	TLTX18		OTHER	PAIRED	NextSeq 2000	1406574	70328700	Homo sapiens
ERR14277130	SAMEA117636889	ena-SAMPLE-TAB-28-01-2025-22:30:17:500-24990	TLTX18		OTHER	PAIRED	NextSeq 2000	1398	69900	Homo sapiens
ERR14277134	SAMEA117636889	ena-SAMPLE-TAB-28-01-2025-22:30:17:500-24990	TLTX18		OTHER	PAIRED	NextSeq 2000	1080	54000	Homo sapiens
ERR14278786	SAMEA117636889	ena-SAMPLE-TAB-28-01-2025-22:30:17:500-24990	TLTX18		OTHER	PAIRED	NextSeq 2000	2412	120600	Homo sapiens
ERR14277137	SAMEA117636889	ena-SAMPLE-TAB-28-01-2025-22:30:17:500-24990	TLTX18		OTHER	PAIRED	NextSeq 2000	1176	58800	Homo sapiens
ERR14278787	SAMEA117636889	ena-SAMPLE-TAB-28-01-2025-22:30:17:500-24990	TLTX18		OTHER	PAIRED	NextSeq 2000	1352	67600	Homo sapiens
ERR14277138	SAMEA117636889	ena-SAMPLE-TAB-28-01-2025-22:30:17:500-24990	TLTX18		OTHER	PAIRED	NextSeq 2000	1328	66400	Homo sapiens
ERR14278788	SAMEA117636889	ena-SAMPLE-TAB-28-01-2025-22:30:17:500-24990	TLTX18		OTHER	PAIRED	NextSeq 2000	1944	97200	Homo sapiens
ERR14277139	SAMEA117636889	ena-SAMPLE-TAB-28-01-2025-22:30:17:500-24990	TLTX18		OTHER	PAIRED	NextSeq 2000	900	45000	Homo sapiens
ERR14277145	SAMEA117636889	ena-SAMPLE-TAB-28-01-2025-22:30:17:500-24990	TLTX18		OTHER	PAIRED	NextSeq 2000	852	42600	Homo sapiens
ERR14278789	SAMEA117636889	ena-SAMPLE-TAB-28-01-2025-22:30:17:500-24990	TLTX18		OTHER	PAIRED	NextSeq 2000	2112	105600	Homo sapiens
ERR14277152	SAMEA117636889	ena-SAMPLE-TAB-28-01-2025-22:30:17:500-24990	TLTX18		OTHER	PAIRED	NextSeq 2000	488	24400	Homo sapiens
ERR14278792	SAMEA117636889	ena-SAMPLE-TAB-28-01-2025-22:30:17:500-24990	TLTX18		OTHER	PAIRED	NextSeq 2000	1127574	56378700	Homo sapiens
ERR14277156	SAMEA117636889	ena-SAMPLE-TAB-28-01-2025-22:30:17:500-24990	TLTX18		OTHER	PAIRED	NextSeq 2000	684	34200	Homo sapiens
ERR14277159	SAMEA117636889	ena-SAMPLE-TAB-28-01-2025-22:30:17:500-24990	TLTX18		OTHER	PAIRED	NextSeq 2000	842	42100	Homo sapiens
ERR14278796	SAMEA117636889	ena-SAMPLE-TAB-28-01-2025-22:30:17:500-24990	TLTX18		OTHER	PAIRED	NextSeq 2000	4570	228500	Homo sapiens
ERR14277174	SAMEA117636889	ena-SAMPLE-TAB-28-01-2025-22:30:17:500-24990	TLTX18		OTHER	PAIRED	NextSeq 2000	1032	51600	Homo sapiens
ERR14277181	SAMEA117636889	ena-SAMPLE-TAB-28-01-2025-22:30:17:500-24990	TLTX18		OTHER	PAIRED	NextSeq 2000	1816	90800	Homo sapiens
ERR14278798	SAMEA117636889	ena-SAMPLE-TAB-28-01-2025-22:30:17:500-24990	TLTX18		OTHER	PAIRED	NextSeq 2000	1738	86900	Homo sapiens
ERR14277183	SAMEA117636889	ena-SAMPLE-TAB-28-01-2025-22:30:17:500-24990	TLTX18		OTHER	PAIRED	NextSeq 2000	1386	69300	Homo sapiens
ERR14278800	SAMEA117636889	ena-SAMPLE-TAB-28-01-2025-22:30:17:500-24990	TLTX18		OTHER	PAIRED	NextSeq 2000	1080	54000	Homo sapiens
ERR14277184	SAMEA117636889	ena-SAMPLE-TAB-28-01-2025-22:30:17:500-24990	TLTX18		OTHER	PAIRED	NextSeq 2000	544	27200	Homo sapiens
ERR14278803	SAMEA117636889	ena-SAMPLE-TAB-28-01-2025-22:30:17:500-24990	TLTX18		OTHER	PAIRED	NextSeq 2000	2900	145000	Homo sapiens
ERR14277185	SAMEA117636889	ena-SAMPLE-TAB-28-01-2025-22:30:17:500-24990	TLTX18		OTHER	PAIRED	NextSeq 2000	1630	81500	Homo sapiens
ERR14278804	SAMEA117636889	ena-SAMPLE-TAB-28-01-2025-22:30:17:500-24990	TLTX18		OTHER	PAIRED	NextSeq 2000	2112	105600	Homo sapiens
ERR14277188	SAMEA117636889	ena-SAMPLE-TAB-28-01-2025-22:30:17:500-24990	TLTX18		OTHER	PAIRED	NextSeq 2000	2062	103100	Homo sapiens
ERR14278806	SAMEA117636889	ena-SAMPLE-TAB-28-01-2025-22:30:17:500-24990	TLTX18		OTHER	PAIRED	NextSeq 2000	1300588	65029400	Homo sapiens
ERR14277190	SAMEA117636889	ena-SAMPLE-TAB-28-01-2025-22:30:17:500-24990	TLTX18		OTHER	PAIRED	NextSeq 2000	1720	86000	Homo sapiens
ERR14278811	SAMEA117636889	ena-SAMPLE-TAB-28-01-2025-22:30:17:500-24990	TLTX18		OTHER	PAIRED	NextSeq 2000	1530238	76511900	Homo sapiens
ERR14278820	SAMEA117636889	ena-SAMPLE-TAB-28-01-2025-22:30:17:500-24990	TLTX18		OTHER	PAIRED	NextSeq 2000	2046	102300	Homo sapiens
ERR14277196	SAMEA117636889	ena-SAMPLE-TAB-28-01-2025-22:30:17:500-24990	TLTX18		OTHER	PAIRED	NextSeq 2000	1550	77500	Homo sapiens
ERR14277197	SAMEA117636889	ena-SAMPLE-TAB-28-01-2025-22:30:17:500-24990	TLTX18		OTHER	PAIRED	NextSeq 2000	1612	80600	Homo sapiens
ERR14277201	SAMEA117636889	ena-SAMPLE-TAB-28-01-2025-22:30:17:500-24990	TLTX18		OTHER	PAIRED	NextSeq 2000	1016	50800	Homo sapiens
ERR14278831	SAMEA117636889	ena-SAMPLE-TAB-28-01-2025-22:30:17:500-24990	TLTX18		OTHER	PAIRED	NextSeq 2000	1994	99700	Homo sapiens
ERR14277202	SAMEA117636889	ena-SAMPLE-TAB-28-01-2025-22:30:17:500-24990	TLTX18		OTHER	PAIRED	NextSeq 2000	2176	108800	Homo sapiens
ERR14278840	SAMEA117636889	ena-SAMPLE-TAB-28-01-2025-22:30:17:500-24990	TLTX18		OTHER	PAIRED	NextSeq 2000	486	24300	Homo sapiens
ERR14277210	SAMEA117636889	ena-SAMPLE-TAB-28-01-2025-22:30:17:500-24990	TLTX18		OTHER	PAIRED	NextSeq 2000	2144	107200	Homo sapiens
ERR14277212	SAMEA117636889	ena-SAMPLE-TAB-28-01-2025-22:30:17:500-24990	TLTX18		OTHER	PAIRED	NextSeq 2000	1734	86700	Homo sapiens
ERR14278844	SAMEA117636889	ena-SAMPLE-TAB-28-01-2025-22:30:17:500-24990	TLTX18		OTHER	PAIRED	NextSeq 2000	2146096	107304800	Homo sapiens
ERR14277218	SAMEA117636889	ena-SAMPLE-TAB-28-01-2025-22:30:17:500-24990	TLTX18		OTHER	PAIRED	NextSeq 2000	330	16500	Homo sapiens
ERR14278853	SAMEA117636889	ena-SAMPLE-TAB-28-01-2025-22:30:17:500-24990	TLTX18		OTHER	PAIRED	NextSeq 2000	1656	82800	Homo sapiens
ERR14277229	SAMEA117636889	ena-SAMPLE-TAB-28-01-2025-22:30:17:500-24990	TLTX18		OTHER	PAIRED	NextSeq 2000	1424	71200	Homo sapiens
ERR14278858	SAMEA117636889	ena-SAMPLE-TAB-28-01-2025-22:30:17:500-24990	TLTX18		OTHER	PAIRED	NextSeq 2000	2040	102000	Homo sapiens
ERR14278861	SAMEA117636889	ena-SAMPLE-TAB-28-01-2025-22:30:17:500-24990	TLTX18		OTHER	PAIRED	NextSeq 2000	1822	91100	Homo sapiens
ERR14277232	SAMEA117636889	ena-SAMPLE-TAB-28-01-2025-22:30:17:500-24990	TLTX18		OTHER	PAIRED	NextSeq 2000	1902250	95112500	Homo sapiens
ERR14295846	SAMEA117636887	ena-SAMPLE-TAB-28-01-2025-22:30:17:500-24988	TLTX25		OTHER	PAIRED	NextSeq 2000	1131508	56575400	Homo sapiens
ERR14277239	SAMEA117636889	ena-SAMPLE-TAB-28-01-2025-22:30:17:500-24990	TLTX18		OTHER	PAIRED	NextSeq 2000	1650704	82535200	Homo sapiens
ERR14277254	SAMEA117636889	ena-SAMPLE-TAB-28-01-2025-22:30:17:500-24990	TLTX18		OTHER	PAIRED	NextSeq 2000	1582	79100	Homo sapiens
ERR14295900	SAMEA117636887	ena-SAMPLE-TAB-28-01-2025-22:30:17:500-24988	TLTX25		OTHER	PAIRED	NextSeq 2000	334918	16745900	Homo sapiens
ERR14277256	SAMEA117636889	ena-SAMPLE-TAB-28-01-2025-22:30:17:500-24990	TLTX18		OTHER	PAIRED	NextSeq 2000	330	16500	Homo sapiens
ERR14295901	SAMEA117636887	ena-SAMPLE-TAB-28-01-2025-22:30:17:500-24988	TLTX25		OTHER	PAIRED	NextSeq 2000	1064857	53242850	Homo sapiens
ERR14277262	SAMEA117636889	ena-SAMPLE-TAB-28-01-2025-22:30:17:500-24990	TLTX18		OTHER	PAIRED	NextSeq 2000	1474304	73715200	Homo sapiens
ERR14277263	SAMEA117636889	ena-SAMPLE-TAB-28-01-2025-22:30:17:500-24990	TLTX18		OTHER	PAIRED	NextSeq 2000	1672	83600	Homo sapiens
ERR14295934	SAMEA117636887	ena-SAMPLE-TAB-28-01-2025-22:30:17:500-24988	TLTX25		OTHER	PAIRED	NextSeq 2000	1829201	91460050	Homo sapiens
ERR14277270	SAMEA117636889	ena-SAMPLE-TAB-28-01-2025-22:30:17:500-24990	TLTX18		OTHER	PAIRED	NextSeq 2000	1272706	63635300	Homo sapiens
ERR14295969	SAMEA117636887	ena-SAMPLE-TAB-28-01-2025-22:30:17:500-24988	TLTX25		OTHER	PAIRED	NextSeq 2000	1588196	79409800	Homo sapiens
ERR14277279	SAMEA117636889	ena-SAMPLE-TAB-28-01-2025-22:30:17:500-24990	TLTX18		OTHER	PAIRED	NextSeq 2000	2270	113500	Homo sapiens
ERR14277287	SAMEA117636889	ena-SAMPLE-TAB-28-01-2025-22:30:17:500-24990	TLTX18		OTHER	PAIRED	NextSeq 2000	1202	60100	Homo sapiens
ERR14277288	SAMEA117636889	ena-SAMPLE-TAB-28-01-2025-22:30:17:500-24990	TLTX18		OTHER	PAIRED	NextSeq 2000	786	39300	Homo sapiens
ERR14296045	SAMEA117636887	ena-SAMPLE-TAB-28-01-2025-22:30:17:500-24988	TLTX25		OTHER	PAIRED	NextSeq 2000	975313	48765650	Homo sapiens
ERR14296054	SAMEA117636887	ena-SAMPLE-TAB-28-01-2025-22:30:17:500-24988	TLTX25		OTHER	PAIRED	NextSeq 2000	1650643	82532150	Homo sapiens
ERR14277301	SAMEA117636889	ena-SAMPLE-TAB-28-01-2025-22:30:17:500-24990	TLTX18		OTHER	PAIRED	NextSeq 2000	1060	53000	Homo sapiens
ERR14296061	SAMEA117636887	ena-SAMPLE-TAB-28-01-2025-22:30:17:500-24988	TLTX25		OTHER	PAIRED	NextSeq 2000	441486	22074300	Homo sapiens
ERR14277303	SAMEA117636889	ena-SAMPLE-TAB-28-01-2025-22:30:17:500-24990	TLTX18		OTHER	PAIRED	NextSeq 2000	982	49100	Homo sapiens
ERR14296096	SAMEA117636887	ena-SAMPLE-TAB-28-01-2025-22:30:17:500-24988	TLTX25		OTHER	PAIRED	NextSeq 2000	948751	47437550	Homo sapiens
ERR14296097	SAMEA117636887	ena-SAMPLE-TAB-28-01-2025-22:30:17:500-24988	TLTX25		OTHER	PAIRED	NextSeq 2000	1156732	57836600	Homo sapiens
ERR14277316	SAMEA117636889	ena-SAMPLE-TAB-28-01-2025-22:30:17:500-24990	TLTX18		OTHER	PAIRED	NextSeq 2000	1322	66100	Homo sapiens
ERR14296167	SAMEA117636887	ena-SAMPLE-TAB-28-01-2025-22:30:17:500-24988	TLTX25		OTHER	PAIRED	NextSeq 2000	1043189	52159450	Homo sapiens
ERR14277331	SAMEA117636889	ena-SAMPLE-TAB-28-01-2025-22:30:17:500-24990	TLTX18		OTHER	PAIRED	NextSeq 2000	1298	64900	Homo sapiens
ERR14296187	SAMEA117636887	ena-SAMPLE-TAB-28-01-2025-22:30:17:500-24988	TLTX25		OTHER	PAIRED	NextSeq 2000	1219898	60994900	Homo sapiens
ERR14296206	SAMEA117636887	ena-SAMPLE-TAB-28-01-2025-22:30:17:500-24988	TLTX25		OTHER	PAIRED	NextSeq 2000	870084	43504200	Homo sapiens
ERR14277337	SAMEA117636889	ena-SAMPLE-TAB-28-01-2025-22:30:17:500-24990	TLTX18		OTHER	PAIRED	NextSeq 2000	572	28600	Homo sapiens
ERR14296239	SAMEA117636887	ena-SAMPLE-TAB-28-01-2025-22:30:17:500-24988	TLTX25		OTHER	PAIRED	NextSeq 2000	1507700	75385000	Homo sapiens
ERR14277339	SAMEA117636889	ena-SAMPLE-TAB-28-01-2025-22:30:17:500-24990	TLTX18		OTHER	PAIRED	NextSeq 2000	2113498	105674900	Homo sapiens
ERR14296254	SAMEA117636887	ena-SAMPLE-TAB-28-01-2025-22:30:17:500-24988	TLTX25		OTHER	PAIRED	NextSeq 2000	1275444	63772200	Homo sapiens
ERR14277340	SAMEA117636889	ena-SAMPLE-TAB-28-01-2025-22:30:17:500-24990	TLTX18		OTHER	PAIRED	NextSeq 2000	770	38500	Homo sapiens
ERR14296311	SAMEA117636887	ena-SAMPLE-TAB-28-01-2025-22:30:17:500-24988	TLTX25		OTHER	PAIRED	NextSeq 2000	1252860	62643000	Homo sapiens
ERR14277342	SAMEA117636889	ena-SAMPLE-TAB-28-01-2025-22:30:17:500-24990	TLTX18		OTHER	PAIRED	NextSeq 2000	816	40800	Homo sapiens
ERR14277352	SAMEA117636889	ena-SAMPLE-TAB-28-01-2025-22:30:17:500-24990	TLTX18		OTHER	PAIRED	NextSeq 2000	708	35400	Homo sapiens
ERR14296312	SAMEA117636887	ena-SAMPLE-TAB-28-01-2025-22:30:17:500-24988	TLTX25		OTHER	PAIRED	NextSeq 2000	1497294	74864700	Homo sapiens
ERR14277356	SAMEA117636889	ena-SAMPLE-TAB-28-01-2025-22:30:17:500-24990	TLTX18		OTHER	PAIRED	NextSeq 2000	826	41300	Homo sapiens
ERR14296368	SAMEA117636887	ena-SAMPLE-TAB-28-01-2025-22:30:17:500-24988	TLTX25		OTHER	PAIRED	NextSeq 2000	1193448	59672400	Homo sapiens
ERR14277368	SAMEA117636889	ena-SAMPLE-TAB-28-01-2025-22:30:17:500-24990	TLTX18		OTHER	PAIRED	NextSeq 2000	2137266	106863300	Homo sapiens
ERR14277372	SAMEA117636889	ena-SAMPLE-TAB-28-01-2025-22:30:17:500-24990	TLTX18		OTHER	PAIRED	NextSeq 2000	504	25200	Homo sapiens
ERR14296372	SAMEA117636887	ena-SAMPLE-TAB-28-01-2025-22:30:17:500-24988	TLTX25		OTHER	PAIRED	NextSeq 2000	1344744	67237200	Homo sapiens
ERR14277383	SAMEA117636889	ena-SAMPLE-TAB-28-01-2025-22:30:17:500-24990	TLTX18		OTHER	PAIRED	NextSeq 2000	420	21000	Homo sapiens
ERR14296374	SAMEA117636887	ena-SAMPLE-TAB-28-01-2025-22:30:17:500-24988	TLTX25		OTHER	PAIRED	NextSeq 2000	1192456	59622800	Homo sapiens
ERR14277391	SAMEA117636889	ena-SAMPLE-TAB-28-01-2025-22:30:17:500-24990	TLTX18		OTHER	PAIRED	NextSeq 2000	1299640	64982000	Homo sapiens
ERR14296419	SAMEA117636887	ena-SAMPLE-TAB-28-01-2025-22:30:17:500-24988	TLTX25		OTHER	PAIRED	NextSeq 2000	1380941	69047050	Homo sapiens
ERR14277396	SAMEA117636889	ena-SAMPLE-TAB-28-01-2025-22:30:17:500-24990	TLTX18		OTHER	PAIRED	NextSeq 2000	1735926	86796300	Homo sapiens
ERR14277399	SAMEA117636889	ena-SAMPLE-TAB-28-01-2025-22:30:17:500-24990	TLTX18		OTHER	PAIRED	NextSeq 2000	1510546	75527300	Homo sapiens
ERR14296431	SAMEA117636887	ena-SAMPLE-TAB-28-01-2025-22:30:17:500-24988	TLTX25		OTHER	PAIRED	NextSeq 2000	1428148	71407400	Homo sapiens
ERR14277409	SAMEA117636889	ena-SAMPLE-TAB-28-01-2025-22:30:17:500-24990	TLTX18		OTHER	PAIRED	NextSeq 2000	1496158	74807900	Homo sapiens
ERR14296508	SAMEA117636887	ena-SAMPLE-TAB-28-01-2025-22:30:17:500-24988	TLTX25		OTHER	PAIRED	NextSeq 2000	1187499	59374950	Homo sapiens
ERR14277410	SAMEA117636889	ena-SAMPLE-TAB-28-01-2025-22:30:17:500-24990	TLTX18		OTHER	PAIRED	NextSeq 2000	1558418	77920900	Homo sapiens
ERR14277411	SAMEA117636889	ena-SAMPLE-TAB-28-01-2025-22:30:17:500-24990	TLTX18		OTHER	PAIRED	NextSeq 2000	2716	135800	Homo sapiens
ERR14296514	SAMEA117636887	ena-SAMPLE-TAB-28-01-2025-22:30:17:500-24988	TLTX25		OTHER	PAIRED	NextSeq 2000	1504619	75230950	Homo sapiens
ERR14277416	SAMEA117636889	ena-SAMPLE-TAB-28-01-2025-22:30:17:500-24990	TLTX18		OTHER	PAIRED	NextSeq 2000	2250	112500	Homo sapiens
ERR14296519	SAMEA117636887	ena-SAMPLE-TAB-28-01-2025-22:30:17:500-24988	TLTX25		OTHER	PAIRED	NextSeq 2000	1377834	68891700	Homo sapiens
ERR14277426	SAMEA117636889	ena-SAMPLE-TAB-28-01-2025-22:30:17:500-24990	TLTX18		OTHER	PAIRED	NextSeq 2000	1529410	76470500	Homo sapiens
ERR14277433	SAMEA117636889	ena-SAMPLE-TAB-28-01-2025-22:30:17:500-24990	TLTX18		OTHER	PAIRED	NextSeq 2000	1538	76900	Homo sapiens
ERR14296532	SAMEA117636887	ena-SAMPLE-TAB-28-01-2025-22:30:17:500-24988	TLTX25		OTHER	PAIRED	NextSeq 2000	1163288	58164400	Homo sapiens
ERR14277436	SAMEA117636889	ena-SAMPLE-TAB-28-01-2025-22:30:17:500-24990	TLTX18		OTHER	PAIRED	NextSeq 2000	1332360	66618000	Homo sapiens
ERR14277443	SAMEA117636889	ena-SAMPLE-TAB-28-01-2025-22:30:17:500-24990	TLTX18		OTHER	PAIRED	NextSeq 2000	1758	87900	Homo sapiens
ERR14296559	SAMEA117636887	ena-SAMPLE-TAB-28-01-2025-22:30:17:500-24988	TLTX25		OTHER	PAIRED	NextSeq 2000	1269154	63457700	Homo sapiens
ERR14277449	SAMEA117636889	ena-SAMPLE-TAB-28-01-2025-22:30:17:500-24990	TLTX18		OTHER	PAIRED	NextSeq 2000	1588	79400	Homo sapiens
ERR14296563	SAMEA117636887	ena-SAMPLE-TAB-28-01-2025-22:30:17:500-24988	TLTX25		OTHER	PAIRED	NextSeq 2000	990263	49513150	Homo sapiens
ERR14277452	SAMEA117636889	ena-SAMPLE-TAB-28-01-2025-22:30:17:500-24990	TLTX18		OTHER	PAIRED	NextSeq 2000	2092	104600	Homo sapiens
ERR14296569	SAMEA117636887	ena-SAMPLE-TAB-28-01-2025-22:30:17:500-24988	TLTX25		OTHER	PAIRED	NextSeq 2000	1429701	71485050	Homo sapiens
ERR14296577	SAMEA117636887	ena-SAMPLE-TAB-28-01-2025-22:30:17:500-24988	TLTX25		OTHER	PAIRED	NextSeq 2000	1484260	74213000	Homo sapiens
ERR14277456	SAMEA117636889	ena-SAMPLE-TAB-28-01-2025-22:30:17:500-24990	TLTX18		OTHER	PAIRED	NextSeq 2000	1542	77100	Homo sapiens
ERR14277470	SAMEA117636889	ena-SAMPLE-TAB-28-01-2025-22:30:17:500-24990	TLTX18		OTHER	PAIRED	NextSeq 2000	1555456	77772800	Homo sapiens
ERR14296594	SAMEA117636887	ena-SAMPLE-TAB-28-01-2025-22:30:17:500-24988	TLTX25		OTHER	PAIRED	NextSeq 2000	1264215	63210750	Homo sapiens
ERR14277479	SAMEA117636889	ena-SAMPLE-TAB-28-01-2025-22:30:17:500-24990	TLTX18		OTHER	PAIRED	NextSeq 2000	1690	84500	Homo sapiens
ERR14296605	SAMEA117636887	ena-SAMPLE-TAB-28-01-2025-22:30:17:500-24988	TLTX25		OTHER	PAIRED	NextSeq 2000	1541319	77065950	Homo sapiens
ERR14277482	SAMEA117636889	ena-SAMPLE-TAB-28-01-2025-22:30:17:500-24990	TLTX18		OTHER	PAIRED	NextSeq 2000	1414	70700	Homo sapiens
ERR14296612	SAMEA117636887	ena-SAMPLE-TAB-28-01-2025-22:30:17:500-24988	TLTX25		OTHER	PAIRED	NextSeq 2000	895579	44778950	Homo sapiens
ERR14277490	SAMEA117636889	ena-SAMPLE-TAB-28-01-2025-22:30:17:500-24990	TLTX18		OTHER	PAIRED	NextSeq 2000	1878	93900	Homo sapiens
ERR14296615	SAMEA117636887	ena-SAMPLE-TAB-28-01-2025-22:30:17:500-24988	TLTX25		OTHER	PAIRED	NextSeq 2000	1081670	54083500	Homo sapiens
ERR14296633	SAMEA117636887	ena-SAMPLE-TAB-28-01-2025-22:30:17:500-24988	TLTX25		OTHER	PAIRED	NextSeq 2000	543709	27185450	Homo sapiens
ERR14277492	SAMEA117636889	ena-SAMPLE-TAB-28-01-2025-22:30:17:500-24990	TLTX18		OTHER	PAIRED	NextSeq 2000	1258	62900	Homo sapiens
ERR14296650	SAMEA117636887	ena-SAMPLE-TAB-28-01-2025-22:30:17:500-24988	TLTX25		OTHER	PAIRED	NextSeq 2000	1742216	87110800	Homo sapiens
ERR14277494	SAMEA117636889	ena-SAMPLE-TAB-28-01-2025-22:30:17:500-24990	TLTX18		OTHER	PAIRED	NextSeq 2000	1248	62400	Homo sapiens
ERR14296651	SAMEA117636887	ena-SAMPLE-TAB-28-01-2025-22:30:17:500-24988	TLTX25		OTHER	PAIRED	NextSeq 2000	1554525	77726250	Homo sapiens
ERR14277495	SAMEA117636889	ena-SAMPLE-TAB-28-01-2025-22:30:17:500-24990	TLTX18		OTHER	PAIRED	NextSeq 2000	2496	124800	Homo sapiens
ERR14296683	SAMEA117636887	ena-SAMPLE-TAB-28-01-2025-22:30:17:500-24988	TLTX25		OTHER	PAIRED	NextSeq 2000	746038	37301900	Homo sapiens
ERR14296703	SAMEA117636887	ena-SAMPLE-TAB-28-01-2025-22:30:17:500-24988	TLTX25		OTHER	PAIRED	NextSeq 2000	1732686	86634300	Homo sapiens
ERR14277500	SAMEA117636889	ena-SAMPLE-TAB-28-01-2025-22:30:17:500-24990	TLTX18		OTHER	PAIRED	NextSeq 2000	1560338	78016900	Homo sapiens
ERR14296746	SAMEA117636887	ena-SAMPLE-TAB-28-01-2025-22:30:17:500-24988	TLTX25		OTHER	PAIRED	NextSeq 2000	1369036	68451800	Homo sapiens
ERR14277501	SAMEA117636889	ena-SAMPLE-TAB-28-01-2025-22:30:17:500-24990	TLTX18		OTHER	PAIRED	NextSeq 2000	1230	61500	Homo sapiens
ERR14296777	SAMEA117636887	ena-SAMPLE-TAB-28-01-2025-22:30:17:500-24988	TLTX25		OTHER	PAIRED	NextSeq 2000	1353906	67695300	Homo sapiens
ERR14277511	SAMEA117636889	ena-SAMPLE-TAB-28-01-2025-22:30:17:500-24990	TLTX18		OTHER	PAIRED	NextSeq 2000	1072	53600	Homo sapiens
ERR14296805	SAMEA117636887	ena-SAMPLE-TAB-28-01-2025-22:30:17:500-24988	TLTX25		OTHER	PAIRED	NextSeq 2000	1571127	78556350	Homo sapiens
ERR14277512	SAMEA117636889	ena-SAMPLE-TAB-28-01-2025-22:30:17:500-24990	TLTX18		OTHER	PAIRED	NextSeq 2000	650	32500	Homo sapiens
ERR14296811	SAMEA117636887	ena-SAMPLE-TAB-28-01-2025-22:30:17:500-24988	TLTX25		OTHER	PAIRED	NextSeq 2000	2032138	101606900	Homo sapiens
ERR14277520	SAMEA117636889	ena-SAMPLE-TAB-28-01-2025-22:30:17:500-24990	TLTX18		OTHER	PAIRED	NextSeq 2000	1600	80000	Homo sapiens
ERR14296828	SAMEA117636887	ena-SAMPLE-TAB-28-01-2025-22:30:17:500-24988	TLTX25		OTHER	PAIRED	NextSeq 2000	1633775	81688750	Homo sapiens
ERR14277521	SAMEA117636889	ena-SAMPLE-TAB-28-01-2025-22:30:17:500-24990	TLTX18		OTHER	PAIRED	NextSeq 2000	1012	50600	Homo sapiens
ERR14296878	SAMEA117636887	ena-SAMPLE-TAB-28-01-2025-22:30:17:500-24988	TLTX25		OTHER	PAIRED	NextSeq 2000	1184614	59230700	Homo sapiens
ERR14277528	SAMEA117636889	ena-SAMPLE-TAB-28-01-2025-22:30:17:500-24990	TLTX18		OTHER	PAIRED	NextSeq 2000	954	47700	Homo sapiens
ERR14296924	SAMEA117636887	ena-SAMPLE-TAB-28-01-2025-22:30:17:500-24988	TLTX25		OTHER	PAIRED	NextSeq 2000	877942	43897100	Homo sapiens
ERR14277533	SAMEA117636889	ena-SAMPLE-TAB-28-01-2025-22:30:17:500-24990	TLTX18		OTHER	PAIRED	NextSeq 2000	2194	109700	Homo sapiens
ERR14296955	SAMEA117636887	ena-SAMPLE-TAB-28-01-2025-22:30:17:500-24988	TLTX25		OTHER	PAIRED	NextSeq 2000	1312625	65631250	Homo sapiens
ERR14277536	SAMEA117636889	ena-SAMPLE-TAB-28-01-2025-22:30:17:500-24990	TLTX18		OTHER	PAIRED	NextSeq 2000	30	1500	Homo sapiens
ERR14296981	SAMEA117636887	ena-SAMPLE-TAB-28-01-2025-22:30:17:500-24988	TLTX25		OTHER	PAIRED	NextSeq 2000	1800793	90039650	Homo sapiens
ERR14277546	SAMEA117636889	ena-SAMPLE-TAB-28-01-2025-22:30:17:500-24990	TLTX18		OTHER	PAIRED	NextSeq 2000	24	1200	Homo sapiens
ERR14297004	SAMEA117636887	ena-SAMPLE-TAB-28-01-2025-22:30:17:500-24988	TLTX25		OTHER	PAIRED	NextSeq 2000	1810011	90500550	Homo sapiens
ERR14277552	SAMEA117636889	ena-SAMPLE-TAB-28-01-2025-22:30:17:500-24990	TLTX18		OTHER	PAIRED	NextSeq 2000	22	1100	Homo sapiens
ERR14297011	SAMEA117636887	ena-SAMPLE-TAB-28-01-2025-22:30:17:500-24988	TLTX25		OTHER	PAIRED	NextSeq 2000	1934369	96718450	Homo sapiens
ERR14277554	SAMEA117636889	ena-SAMPLE-TAB-28-01-2025-22:30:17:500-24990	TLTX18		OTHER	PAIRED	NextSeq 2000	34	1700	Homo sapiens
ERR14297012	SAMEA117636887	ena-SAMPLE-TAB-28-01-2025-22:30:17:500-24988	TLTX25		OTHER	PAIRED	NextSeq 2000	1417479	70873950	Homo sapiens
ERR14277566	SAMEA117636889	ena-SAMPLE-TAB-28-01-2025-22:30:17:500-24990	TLTX18		OTHER	PAIRED	NextSeq 2000	28	1400	Homo sapiens
ERR14297021	SAMEA117636887	ena-SAMPLE-TAB-28-01-2025-22:30:17:500-24988	TLTX25		OTHER	PAIRED	NextSeq 2000	1901046	95052300	Homo sapiens
ERR14277567	SAMEA117636889	ena-SAMPLE-TAB-28-01-2025-22:30:17:500-24990	TLTX18		OTHER	PAIRED	NextSeq 2000	54	2700	Homo sapiens
ERR14297022	SAMEA117636887	ena-SAMPLE-TAB-28-01-2025-22:30:17:500-24988	TLTX25		OTHER	PAIRED	NextSeq 2000	1935410	96770500	Homo sapiens
ERR14277568	SAMEA117636889	ena-SAMPLE-TAB-28-01-2025-22:30:17:500-24990	TLTX18		OTHER	PAIRED	NextSeq 2000	20	1000	Homo sapiens
ERR14297034	SAMEA117636887	ena-SAMPLE-TAB-28-01-2025-22:30:17:500-24988	TLTX25		OTHER	PAIRED	NextSeq 2000	1262138	63106900	Homo sapiens
ERR14277570	SAMEA117636889	ena-SAMPLE-TAB-28-01-2025-22:30:17:500-24990	TLTX18		OTHER	PAIRED	NextSeq 2000	54	2700	Homo sapiens
ERR14297074	SAMEA117636887	ena-SAMPLE-TAB-28-01-2025-22:30:17:500-24988	TLTX25		OTHER	PAIRED	NextSeq 2000	487356	24367800	Homo sapiens
ERR14277576	SAMEA117636889	ena-SAMPLE-TAB-28-01-2025-22:30:17:500-24990	TLTX18		OTHER	PAIRED	NextSeq 2000	24	1200	Homo sapiens
ERR14297123	SAMEA117636887	ena-SAMPLE-TAB-28-01-2025-22:30:17:500-24988	TLTX25		OTHER	PAIRED	NextSeq 2000	1863730	93186500	Homo sapiens
ERR14277591	SAMEA117636889	ena-SAMPLE-TAB-28-01-2025-22:30:17:500-24990	TLTX18		OTHER	PAIRED	NextSeq 2000	20	1000	Homo sapiens
ERR14277592	SAMEA117636889	ena-SAMPLE-TAB-28-01-2025-22:30:17:500-24990	TLTX18		OTHER	PAIRED	NextSeq 2000	42	2100	Homo sapiens
ERR14297161	SAMEA117636887	ena-SAMPLE-TAB-28-01-2025-22:30:17:500-24988	TLTX25		OTHER	PAIRED	NextSeq 2000	733990	36699500	Homo sapiens
ERR14277597	SAMEA117636889	ena-SAMPLE-TAB-28-01-2025-22:30:17:500-24990	TLTX18		OTHER	PAIRED	NextSeq 2000	8116	405800	Homo sapiens
ERR14297194	SAMEA117636887	ena-SAMPLE-TAB-28-01-2025-22:30:17:500-24988	TLTX25		OTHER	PAIRED	NextSeq 2000	1029699	51484950	Homo sapiens
ERR14277600	SAMEA117636889	ena-SAMPLE-TAB-28-01-2025-22:30:17:500-24990	TLTX18		OTHER	PAIRED	NextSeq 2000	20	1000	Homo sapiens
ERR14297218	SAMEA117636887	ena-SAMPLE-TAB-28-01-2025-22:30:17:500-24988	TLTX25		OTHER	PAIRED	NextSeq 2000	286598	14329900	Homo sapiens
ERR14277602	SAMEA117636889	ena-SAMPLE-TAB-28-01-2025-22:30:17:500-24990	TLTX18		OTHER	PAIRED	NextSeq 2000	26	1300	Homo sapiens
ERR14297219	SAMEA117636887	ena-SAMPLE-TAB-28-01-2025-22:30:17:500-24988	TLTX25		OTHER	PAIRED	NextSeq 2000	1200449	60022450	Homo sapiens
ERR14277606	SAMEA117636889	ena-SAMPLE-TAB-28-01-2025-22:30:17:500-24990	TLTX18		OTHER	PAIRED	NextSeq 2000	42	2100	Homo sapiens
ERR14297221	SAMEA117636887	ena-SAMPLE-TAB-28-01-2025-22:30:17:500-24988	TLTX25		OTHER	PAIRED	NextSeq 2000	1325740	66287000	Homo sapiens
ERR14277613	SAMEA117636889	ena-SAMPLE-TAB-28-01-2025-22:30:17:500-24990	TLTX18		OTHER	PAIRED	NextSeq 2000	1044	52200	Homo sapiens
ERR14297265	SAMEA117636887	ena-SAMPLE-TAB-28-01-2025-22:30:17:500-24988	TLTX25		OTHER	PAIRED	NextSeq 2000	1193139	59656950	Homo sapiens
ERR14277622	SAMEA117636889	ena-SAMPLE-TAB-28-01-2025-22:30:17:500-24990	TLTX18		OTHER	PAIRED	NextSeq 2000	974	48700	Homo sapiens
ERR14297273	SAMEA117636887	ena-SAMPLE-TAB-28-01-2025-22:30:17:500-24988	TLTX25		OTHER	PAIRED	NextSeq 2000	287825	14391250	Homo sapiens
ERR14297280	SAMEA117636887	ena-SAMPLE-TAB-28-01-2025-22:30:17:500-24988	TLTX25		OTHER	PAIRED	NextSeq 2000	1661055	83052750	Homo sapiens
ERR14277624	SAMEA117636889	ena-SAMPLE-TAB-28-01-2025-22:30:17:500-24990	TLTX18		OTHER	PAIRED	NextSeq 2000	646	32300	Homo sapiens
ERR14297291	SAMEA117636887	ena-SAMPLE-TAB-28-01-2025-22:30:17:500-24988	TLTX25		OTHER	PAIRED	NextSeq 2000	1167763	58388150	Homo sapiens
ERR14277626	SAMEA117636889	ena-SAMPLE-TAB-28-01-2025-22:30:17:500-24990	TLTX18		OTHER	PAIRED	NextSeq 2000	980	49000	Homo sapiens
ERR14297321	SAMEA117636887	ena-SAMPLE-TAB-28-01-2025-22:30:17:500-24988	TLTX25		OTHER	PAIRED	NextSeq 2000	1308838	65441900	Homo sapiens
ERR14277630	SAMEA117636889	ena-SAMPLE-TAB-28-01-2025-22:30:17:500-24990	TLTX18		OTHER	PAIRED	NextSeq 2000	988	49400	Homo sapiens
ERR14277633	SAMEA117636889	ena-SAMPLE-TAB-28-01-2025-22:30:17:500-24990	TLTX18		OTHER	PAIRED	NextSeq 2000	1705812	85290600	Homo sapiens
ERR14277634	SAMEA117636889	ena-SAMPLE-TAB-28-01-2025-22:30:17:500-24990	TLTX18		OTHER	PAIRED	NextSeq 2000	1254	62700	Homo sapiens
ERR14277637	SAMEA117636889	ena-SAMPLE-TAB-28-01-2025-22:30:17:500-24990	TLTX18		OTHER	PAIRED	NextSeq 2000	1786652	89332600	Homo sapiens
ERR14277650	SAMEA117636889	ena-SAMPLE-TAB-28-01-2025-22:30:17:500-24990	TLTX18		OTHER	PAIRED	NextSeq 2000	208	10400	Homo sapiens
ERR14277663	SAMEA117636889	ena-SAMPLE-TAB-28-01-2025-22:30:17:500-24990	TLTX18		OTHER	PAIRED	NextSeq 2000	730	36500	Homo sapiens
ERR14277671	SAMEA117636889	ena-SAMPLE-TAB-28-01-2025-22:30:17:500-24990	TLTX18		OTHER	PAIRED	NextSeq 2000	538	26900	Homo sapiens
ERR14277673	SAMEA117636889	ena-SAMPLE-TAB-28-01-2025-22:30:17:500-24990	TLTX18		OTHER	PAIRED	NextSeq 2000	1520	76000	Homo sapiens
ERR14277674	SAMEA117636889	ena-SAMPLE-TAB-28-01-2025-22:30:17:500-24990	TLTX18		OTHER	PAIRED	NextSeq 2000	684	34200	Homo sapiens
ERR14277679	SAMEA117636889	ena-SAMPLE-TAB-28-01-2025-22:30:17:500-24990	TLTX18		OTHER	PAIRED	NextSeq 2000	1556494	77824700	Homo sapiens
ERR14277683	SAMEA117636889	ena-SAMPLE-TAB-28-01-2025-22:30:17:500-24990	TLTX18		OTHER	PAIRED	NextSeq 2000	994	49700	Homo sapiens
ERR14297335	SAMEA117636887	ena-SAMPLE-TAB-28-01-2025-22:30:17:500-24988	TLTX25		OTHER	PAIRED	NextSeq 2000	1255199	62759950	Homo sapiens
ERR14277697	SAMEA117636889	ena-SAMPLE-TAB-28-01-2025-22:30:17:500-24990	TLTX18		OTHER	PAIRED	NextSeq 2000	616	30800	Homo sapiens
ERR14277703	SAMEA117636889	ena-SAMPLE-TAB-28-01-2025-22:30:17:500-24990	TLTX18		OTHER	PAIRED	NextSeq 2000	934	46700	Homo sapiens
ERR14297345	SAMEA117636887	ena-SAMPLE-TAB-28-01-2025-22:30:17:500-24988	TLTX25		OTHER	PAIRED	NextSeq 2000	169994	8499700	Homo sapiens
ERR14297385	SAMEA117636887	ena-SAMPLE-TAB-28-01-2025-22:30:17:500-24988	TLTX25		OTHER	PAIRED	NextSeq 2000	941151	47057550	Homo sapiens
ERR14277716	SAMEA117636889	ena-SAMPLE-TAB-28-01-2025-22:30:17:500-24990	TLTX18		OTHER	PAIRED	NextSeq 2000	922	46100	Homo sapiens
ERR14297398	SAMEA117636887	ena-SAMPLE-TAB-28-01-2025-22:30:17:500-24988	TLTX25		OTHER	PAIRED	NextSeq 2000	532930	26646500	Homo sapiens
ERR14277718	SAMEA117636889	ena-SAMPLE-TAB-28-01-2025-22:30:17:500-24990	TLTX18		OTHER	PAIRED	NextSeq 2000	790	39500	Homo sapiens
ERR14297410	SAMEA117636887	ena-SAMPLE-TAB-28-01-2025-22:30:17:500-24988	TLTX25		OTHER	PAIRED	NextSeq 2000	1549781	77489050	Homo sapiens
ERR14277719	SAMEA117636889	ena-SAMPLE-TAB-28-01-2025-22:30:17:500-24990	TLTX18		OTHER	PAIRED	NextSeq 2000	930	46500	Homo sapiens
ERR14297449	SAMEA117636887	ena-SAMPLE-TAB-28-01-2025-22:30:17:500-24988	TLTX25		OTHER	PAIRED	NextSeq 2000	1001038	50051900	Homo sapiens
ERR14277722	SAMEA117636889	ena-SAMPLE-TAB-28-01-2025-22:30:17:500-24990	TLTX18		OTHER	PAIRED	NextSeq 2000	241860	12093000	Homo sapiens
ERR14297463	SAMEA117636887	ena-SAMPLE-TAB-28-01-2025-22:30:17:500-24988	TLTX25		OTHER	PAIRED	NextSeq 2000	1424769	71238450	Homo sapiens
ERR14277723	SAMEA117636889	ena-SAMPLE-TAB-28-01-2025-22:30:17:500-24990	TLTX18		OTHER	PAIRED	NextSeq 2000	1978166	98908300	Homo sapiens
ERR14297471	SAMEA117636887	ena-SAMPLE-TAB-28-01-2025-22:30:17:500-24988	TLTX25		OTHER	PAIRED	NextSeq 2000	1607340	80367000	Homo sapiens
ERR14297475	SAMEA117636887	ena-SAMPLE-TAB-28-01-2025-22:30:17:500-24988	TLTX25		OTHER	PAIRED	NextSeq 2000	1619712	80985600	Homo sapiens
ERR14277725	SAMEA117636889	ena-SAMPLE-TAB-28-01-2025-22:30:17:500-24990	TLTX18		OTHER	PAIRED	NextSeq 2000	1046782	52339100	Homo sapiens
ERR14297485	SAMEA117636887	ena-SAMPLE-TAB-28-01-2025-22:30:17:500-24988	TLTX25		OTHER	PAIRED	NextSeq 2000	1628931	81446550	Homo sapiens
ERR14277727	SAMEA117636889	ena-SAMPLE-TAB-28-01-2025-22:30:17:500-24990	TLTX18		OTHER	PAIRED	NextSeq 2000	660	33000	Homo sapiens
ERR14297526	SAMEA117636887	ena-SAMPLE-TAB-28-01-2025-22:30:17:500-24988	TLTX25		OTHER	PAIRED	NextSeq 2000	1501154	75057700	Homo sapiens
ERR14277729	SAMEA117636889	ena-SAMPLE-TAB-28-01-2025-22:30:17:500-24990	TLTX18		OTHER	PAIRED	NextSeq 2000	802	40100	Homo sapiens
ERR14297535	SAMEA117636887	ena-SAMPLE-TAB-28-01-2025-22:30:17:500-24988	TLTX25		OTHER	PAIRED	NextSeq 2000	1527759	76387950	Homo sapiens
ERR14277733	SAMEA117636889	ena-SAMPLE-TAB-28-01-2025-22:30:17:500-24990	TLTX18		OTHER	PAIRED	NextSeq 2000	684	34200	Homo sapiens
ERR14297562	SAMEA117636887	ena-SAMPLE-TAB-28-01-2025-22:30:17:500-24988	TLTX25		OTHER	PAIRED	NextSeq 2000	344515	17225750	Homo sapiens
ERR14277743	SAMEA117636889	ena-SAMPLE-TAB-28-01-2025-22:30:17:500-24990	TLTX18		OTHER	PAIRED	NextSeq 2000	428	21400	Homo sapiens
ERR14297572	SAMEA117636887	ena-SAMPLE-TAB-28-01-2025-22:30:17:500-24988	TLTX25		OTHER	PAIRED	NextSeq 2000	365391	18269550	Homo sapiens
ERR14297583	SAMEA117636887	ena-SAMPLE-TAB-28-01-2025-22:30:17:500-24988	TLTX25		OTHER	PAIRED	NextSeq 2000	323904	16195200	Homo sapiens
ERR14297587	SAMEA117636887	ena-SAMPLE-TAB-28-01-2025-22:30:17:500-24988	TLTX25		OTHER	PAIRED	NextSeq 2000	589207	29460350	Homo sapiens
ERR14277750	SAMEA117636889	ena-SAMPLE-TAB-28-01-2025-22:30:17:500-24990	TLTX18		OTHER	PAIRED	NextSeq 2000	830	41500	Homo sapiens
ERR14297590	SAMEA117636887	ena-SAMPLE-TAB-28-01-2025-22:30:17:500-24988	TLTX25		OTHER	PAIRED	NextSeq 2000	688025	34401250	Homo sapiens
ERR14277752	SAMEA117636889	ena-SAMPLE-TAB-28-01-2025-22:30:17:500-24990	TLTX18		OTHER	PAIRED	NextSeq 2000	1304	65200	Homo sapiens
ERR14297599	SAMEA117636887	ena-SAMPLE-TAB-28-01-2025-22:30:17:500-24988	TLTX25		OTHER	PAIRED	NextSeq 2000	719649	35982450	Homo sapiens
ERR14277753	SAMEA117636889	ena-SAMPLE-TAB-28-01-2025-22:30:17:500-24990	TLTX18		OTHER	PAIRED	NextSeq 2000	2612	130600	Homo sapiens
ERR14297641	SAMEA117636887	ena-SAMPLE-TAB-28-01-2025-22:30:17:500-24988	TLTX25		OTHER	PAIRED	NextSeq 2000	1551470	77573500	Homo sapiens
ERR14297670	SAMEA117636887	ena-SAMPLE-TAB-28-01-2025-22:30:17:500-24988	TLTX25		OTHER	PAIRED	NextSeq 2000	1685983	84299150	Homo sapiens
ERR14277765	SAMEA117636889	ena-SAMPLE-TAB-28-01-2025-22:30:17:500-24990	TLTX18		OTHER	PAIRED	NextSeq 2000	1252	62600	Homo sapiens
ERR14297674	SAMEA117636887	ena-SAMPLE-TAB-28-01-2025-22:30:17:500-24988	TLTX25		OTHER	PAIRED	NextSeq 2000	842066	42103300	Homo sapiens
ERR14277766	SAMEA117636889	ena-SAMPLE-TAB-28-01-2025-22:30:17:500-24990	TLTX18		OTHER	PAIRED	NextSeq 2000	1090	54500	Homo sapiens
ERR14297676	SAMEA117636887	ena-SAMPLE-TAB-28-01-2025-22:30:17:500-24988	TLTX25		OTHER	PAIRED	NextSeq 2000	1339675	66983750	Homo sapiens
ERR14277768	SAMEA117636889	ena-SAMPLE-TAB-28-01-2025-22:30:17:500-24990	TLTX18		OTHER	PAIRED	NextSeq 2000	700	35000	Homo sapiens
ERR14297683	SAMEA117636887	ena-SAMPLE-TAB-28-01-2025-22:30:17:500-24988	TLTX25		OTHER	PAIRED	NextSeq 2000	888817	44440850	Homo sapiens
ERR14277769	SAMEA117636889	ena-SAMPLE-TAB-28-01-2025-22:30:17:500-24990	TLTX18		OTHER	PAIRED	NextSeq 2000	1774972	88748600	Homo sapiens
ERR14297686	SAMEA117636887	ena-SAMPLE-TAB-28-01-2025-22:30:17:500-24988	TLTX25		OTHER	PAIRED	NextSeq 2000	916959	45847950	Homo sapiens
ERR14277778	SAMEA117636889	ena-SAMPLE-TAB-28-01-2025-22:30:17:500-24990	TLTX18		OTHER	PAIRED	NextSeq 2000	2074210	103710500	Homo sapiens
ERR14297717	SAMEA117636887	ena-SAMPLE-TAB-28-01-2025-22:30:17:500-24988	TLTX25		OTHER	PAIRED	NextSeq 2000	601609	30080450	Homo sapiens
ERR14277781	SAMEA117636889	ena-SAMPLE-TAB-28-01-2025-22:30:17:500-24990	TLTX18		OTHER	PAIRED	NextSeq 2000	1116	55800	Homo sapiens
ERR14297749	SAMEA117636887	ena-SAMPLE-TAB-28-01-2025-22:30:17:500-24988	TLTX25		OTHER	PAIRED	NextSeq 2000	609402	30470100	Homo sapiens
ERR14277784	SAMEA117636889	ena-SAMPLE-TAB-28-01-2025-22:30:17:500-24990	TLTX18		OTHER	PAIRED	NextSeq 2000	822	41100	Homo sapiens
ERR14297764	SAMEA117636887	ena-SAMPLE-TAB-28-01-2025-22:30:17:500-24988	TLTX25		OTHER	PAIRED	NextSeq 2000	671806	33590300	Homo sapiens
ERR14277791	SAMEA117636889	ena-SAMPLE-TAB-28-01-2025-22:30:17:500-24990	TLTX18		OTHER	PAIRED	NextSeq 2000	2010494	100524700	Homo sapiens
ERR14297789	SAMEA117636887	ena-SAMPLE-TAB-28-01-2025-22:30:17:500-24988	TLTX25		OTHER	PAIRED	NextSeq 2000	1163101	58155050	Homo sapiens
ERR14277801	SAMEA117636889	ena-SAMPLE-TAB-28-01-2025-22:30:17:500-24990	TLTX18		OTHER	PAIRED	NextSeq 2000	904	45200	Homo sapiens
ERR14297792	SAMEA117636887	ena-SAMPLE-TAB-28-01-2025-22:30:17:500-24988	TLTX25		OTHER	PAIRED	NextSeq 2000	328792	16439600	Homo sapiens
ERR14277802	SAMEA117636889	ena-SAMPLE-TAB-28-01-2025-22:30:17:500-24990	TLTX18		OTHER	PAIRED	NextSeq 2000	1014	50700	Homo sapiens
ERR14297823	SAMEA117636887	ena-SAMPLE-TAB-28-01-2025-22:30:17:500-24988	TLTX25		OTHER	PAIRED	NextSeq 2000	509332	25466600	Homo sapiens
ERR14277810	SAMEA117636889	ena-SAMPLE-TAB-28-01-2025-22:30:17:500-24990	TLTX18		OTHER	PAIRED	NextSeq 2000	824	41200	Homo sapiens
ERR14297869	SAMEA117636887	ena-SAMPLE-TAB-28-01-2025-22:30:17:500-24988	TLTX25		OTHER	PAIRED	NextSeq 2000	1294522	64726100	Homo sapiens
ERR14277811	SAMEA117636889	ena-SAMPLE-TAB-28-01-2025-22:30:17:500-24990	TLTX18		OTHER	PAIRED	NextSeq 2000	1250334	62516700	Homo sapiens
ERR14297889	SAMEA117636887	ena-SAMPLE-TAB-28-01-2025-22:30:17:500-24988	TLTX25		OTHER	PAIRED	NextSeq 2000	714525	35726250	Homo sapiens
ERR14277819	SAMEA117636889	ena-SAMPLE-TAB-28-01-2025-22:30:17:500-24990	TLTX18		OTHER	PAIRED	NextSeq 2000	892	44600	Homo sapiens
ERR14297926	SAMEA117636887	ena-SAMPLE-TAB-28-01-2025-22:30:17:500-24988	TLTX25		OTHER	PAIRED	NextSeq 2000	838706	41935300	Homo sapiens
ERR14277828	SAMEA117636889	ena-SAMPLE-TAB-28-01-2025-22:30:17:500-24990	TLTX18		OTHER	PAIRED	NextSeq 2000	1955762	97788100	Homo sapiens
ERR14297933	SAMEA117636887	ena-SAMPLE-TAB-28-01-2025-22:30:17:500-24988	TLTX25		OTHER	PAIRED	NextSeq 2000	950796	47539800	Homo sapiens
ERR14277830	SAMEA117636889	ena-SAMPLE-TAB-28-01-2025-22:30:17:500-24990	TLTX18		OTHER	PAIRED	NextSeq 2000	1936	96800	Homo sapiens
ERR14297995	SAMEA117636887	ena-SAMPLE-TAB-28-01-2025-22:30:17:500-24988	TLTX25		OTHER	PAIRED	NextSeq 2000	594955	29747750	Homo sapiens
ERR14277833	SAMEA117636889	ena-SAMPLE-TAB-28-01-2025-22:30:17:500-24990	TLTX18		OTHER	PAIRED	NextSeq 2000	2280242	114012100	Homo sapiens
ERR14298020	SAMEA117636887	ena-SAMPLE-TAB-28-01-2025-22:30:17:500-24988	TLTX25		OTHER	PAIRED	NextSeq 2000	746632	37331600	Homo sapiens
ERR14277840	SAMEA117636889	ena-SAMPLE-TAB-28-01-2025-22:30:17:500-24990	TLTX18		OTHER	PAIRED	NextSeq 2000	1018	50900	Homo sapiens
ERR14298045	SAMEA117636887	ena-SAMPLE-TAB-28-01-2025-22:30:17:500-24988	TLTX25		OTHER	PAIRED	NextSeq 2000	915934	45796700	Homo sapiens
ERR14277842	SAMEA117636889	ena-SAMPLE-TAB-28-01-2025-22:30:17:500-24990	TLTX18		OTHER	PAIRED	NextSeq 2000	1340	67000	Homo sapiens
ERR14298054	SAMEA117636887	ena-SAMPLE-TAB-28-01-2025-22:30:17:500-24988	TLTX25		OTHER	PAIRED	NextSeq 2000	390997	19549850	Homo sapiens
ERR14277843	SAMEA117636889	ena-SAMPLE-TAB-28-01-2025-22:30:17:500-24990	TLTX18		OTHER	PAIRED	NextSeq 2000	1682	84100	Homo sapiens
ERR14298061	SAMEA117636887	ena-SAMPLE-TAB-28-01-2025-22:30:17:500-24988	TLTX25		OTHER	PAIRED	NextSeq 2000	1189516	59475800	Homo sapiens
ERR14277848	SAMEA117636889	ena-SAMPLE-TAB-28-01-2025-22:30:17:500-24990	TLTX18		OTHER	PAIRED	NextSeq 2000	1500	75000	Homo sapiens
ERR14298086	SAMEA117636887	ena-SAMPLE-TAB-28-01-2025-22:30:17:500-24988	TLTX25		OTHER	PAIRED	NextSeq 2000	893810	44690500	Homo sapiens
ERR14277855	SAMEA117636889	ena-SAMPLE-TAB-28-01-2025-22:30:17:500-24990	TLTX18		OTHER	PAIRED	NextSeq 2000	2488	124400	Homo sapiens
ERR14298088	SAMEA117636887	ena-SAMPLE-TAB-28-01-2025-22:30:17:500-24988	TLTX25		OTHER	PAIRED	NextSeq 2000	1040285	52014250	Homo sapiens
ERR14298106	SAMEA117636887	ena-SAMPLE-TAB-28-01-2025-22:30:17:500-24988	TLTX25		OTHER	PAIRED	NextSeq 2000	1236940	61847000	Homo sapiens
ERR14277858	SAMEA117636889	ena-SAMPLE-TAB-28-01-2025-22:30:17:500-24990	TLTX18		OTHER	PAIRED	NextSeq 2000	2613526	130676300	Homo sapiens
ERR14298109	SAMEA117636887	ena-SAMPLE-TAB-28-01-2025-22:30:17:500-24988	TLTX25		OTHER	PAIRED	NextSeq 2000	1157215	57860750	Homo sapiens
ERR14277860	SAMEA117636889	ena-SAMPLE-TAB-28-01-2025-22:30:17:500-24990	TLTX18		OTHER	PAIRED	NextSeq 2000	1202	60100	Homo sapiens
ERR14298111	SAMEA117636887	ena-SAMPLE-TAB-28-01-2025-22:30:17:500-24988	TLTX25		OTHER	PAIRED	NextSeq 2000	837685	41884250	Homo sapiens
ERR14277866	SAMEA117636889	ena-SAMPLE-TAB-28-01-2025-22:30:17:500-24990	TLTX18		OTHER	PAIRED	NextSeq 2000	252	12600	Homo sapiens
ERR14298148	SAMEA117636887	ena-SAMPLE-TAB-28-01-2025-22:30:17:500-24988	TLTX25		OTHER	PAIRED	NextSeq 2000	793302	39665100	Homo sapiens
ERR14277871	SAMEA117636889	ena-SAMPLE-TAB-28-01-2025-22:30:17:500-24990	TLTX18		OTHER	PAIRED	NextSeq 2000	1144	57200	Homo sapiens
ERR14298155	SAMEA117636887	ena-SAMPLE-TAB-28-01-2025-22:30:17:500-24988	TLTX25		OTHER	PAIRED	NextSeq 2000	794749	39737450	Homo sapiens
ERR14277872	SAMEA117636889	ena-SAMPLE-TAB-28-01-2025-22:30:17:500-24990	TLTX18		OTHER	PAIRED	NextSeq 2000	618	30900	Homo sapiens
ERR14298162	SAMEA117636887	ena-SAMPLE-TAB-28-01-2025-22:30:17:500-24988	TLTX25		OTHER	PAIRED	NextSeq 2000	869933	43496650	Homo sapiens
ERR14277874	SAMEA117636889	ena-SAMPLE-TAB-28-01-2025-22:30:17:500-24990	TLTX18		OTHER	PAIRED	NextSeq 2000	1705654	85282700	Homo sapiens
ERR14303834	SAMEA117636887	ena-SAMPLE-TAB-28-01-2025-22:30:17:500-24988	TLTX25		OTHER	PAIRED	NextSeq 2000	1353306	67665300	Homo sapiens
ERR14277884	SAMEA117636889	ena-SAMPLE-TAB-28-01-2025-22:30:17:500-24990	TLTX18		OTHER	PAIRED	NextSeq 2000	1584	79200	Homo sapiens
ERR14303836	SAMEA117636887	ena-SAMPLE-TAB-28-01-2025-22:30:17:500-24988	TLTX25		OTHER	PAIRED	NextSeq 2000	927660	46383000	Homo sapiens
ERR14277888	SAMEA117636889	ena-SAMPLE-TAB-28-01-2025-22:30:17:500-24990	TLTX18		OTHER	PAIRED	NextSeq 2000	1250088	62504400	Homo sapiens
ERR14303854	SAMEA117636887	ena-SAMPLE-TAB-28-01-2025-22:30:17:500-24988	TLTX25		OTHER	PAIRED	NextSeq 2000	831879	41593950	Homo sapiens
ERR14277890	SAMEA117636889	ena-SAMPLE-TAB-28-01-2025-22:30:17:500-24990	TLTX18		OTHER	PAIRED	NextSeq 2000	1218	60900	Homo sapiens
ERR14303888	SAMEA117636887	ena-SAMPLE-TAB-28-01-2025-22:30:17:500-24988	TLTX25		OTHER	PAIRED	NextSeq 2000	578797	28939850	Homo sapiens
ERR14277892	SAMEA117636889	ena-SAMPLE-TAB-28-01-2025-22:30:17:500-24990	TLTX18		OTHER	PAIRED	NextSeq 2000	2680	134000	Homo sapiens
ERR14303890	SAMEA117636887	ena-SAMPLE-TAB-28-01-2025-22:30:17:500-24988	TLTX25		OTHER	PAIRED	NextSeq 2000	373245	18662250	Homo sapiens
ERR14277894	SAMEA117636889	ena-SAMPLE-TAB-28-01-2025-22:30:17:500-24990	TLTX18		OTHER	PAIRED	NextSeq 2000	1046	52300	Homo sapiens
ERR14303922	SAMEA117636887	ena-SAMPLE-TAB-28-01-2025-22:30:17:500-24988	TLTX25		OTHER	PAIRED	NextSeq 2000	445859	22292950	Homo sapiens
ERR14277908	SAMEA117636889	ena-SAMPLE-TAB-28-01-2025-22:30:17:500-24990	TLTX18		OTHER	PAIRED	NextSeq 2000	1338	66900	Homo sapiens
ERR14303926	SAMEA117636887	ena-SAMPLE-TAB-28-01-2025-22:30:17:500-24988	TLTX25		OTHER	PAIRED	NextSeq 2000	251582	12579100	Homo sapiens
ERR14277909	SAMEA117636889	ena-SAMPLE-TAB-28-01-2025-22:30:17:500-24990	TLTX18		OTHER	PAIRED	NextSeq 2000	1270	63500	Homo sapiens
ERR14303938	SAMEA117636887	ena-SAMPLE-TAB-28-01-2025-22:30:17:500-24988	TLTX25		OTHER	PAIRED	NextSeq 2000	788525	39426250	Homo sapiens
ERR14277915	SAMEA117636889	ena-SAMPLE-TAB-28-01-2025-22:30:17:500-24990	TLTX18		OTHER	PAIRED	NextSeq 2000	1746	87300	Homo sapiens
ERR14303940	SAMEA117636887	ena-SAMPLE-TAB-28-01-2025-22:30:17:500-24988	TLTX25		OTHER	PAIRED	NextSeq 2000	559037	27951850	Homo sapiens
ERR14303959	SAMEA117636887	ena-SAMPLE-TAB-28-01-2025-22:30:17:500-24988	TLTX25		OTHER	PAIRED	NextSeq 2000	1194424	59721200	Homo sapiens
ERR14277919	SAMEA117636889	ena-SAMPLE-TAB-28-01-2025-22:30:17:500-24990	TLTX18		OTHER	PAIRED	NextSeq 2000	1234	61700	Homo sapiens
ERR14303968	SAMEA117636887	ena-SAMPLE-TAB-28-01-2025-22:30:17:500-24988	TLTX25		OTHER	PAIRED	NextSeq 2000	482254	24112700	Homo sapiens
ERR14277932	SAMEA117636889	ena-SAMPLE-TAB-28-01-2025-22:30:17:500-24990	TLTX18		OTHER	PAIRED	NextSeq 2000	1378	68900	Homo sapiens
ERR14303992	SAMEA117636887	ena-SAMPLE-TAB-28-01-2025-22:30:17:500-24988	TLTX25		OTHER	PAIRED	NextSeq 2000	1307053	65352650	Homo sapiens
ERR14277952	SAMEA117636889	ena-SAMPLE-TAB-28-01-2025-22:30:17:500-24990	TLTX18		OTHER	PAIRED	NextSeq 2000	1532	76600	Homo sapiens
ERR14303994	SAMEA117636887	ena-SAMPLE-TAB-28-01-2025-22:30:17:500-24988	TLTX25		OTHER	PAIRED	NextSeq 2000	1031178	51558900	Homo sapiens
ERR14277954	SAMEA117636889	ena-SAMPLE-TAB-28-01-2025-22:30:17:500-24990	TLTX18		OTHER	PAIRED	NextSeq 2000	1034	51700	Homo sapiens
ERR14304018	SAMEA117636887	ena-SAMPLE-TAB-28-01-2025-22:30:17:500-24988	TLTX25		OTHER	PAIRED	NextSeq 2000	1045841	52292050	Homo sapiens
ERR14277966	SAMEA117636889	ena-SAMPLE-TAB-28-01-2025-22:30:17:500-24990	TLTX18		OTHER	PAIRED	NextSeq 2000	1130	56500	Homo sapiens
ERR14304026	SAMEA117636887	ena-SAMPLE-TAB-28-01-2025-22:30:17:500-24988	TLTX25		OTHER	PAIRED	NextSeq 2000	914250	45712500	Homo sapiens
ERR14277973	SAMEA117636889	ena-SAMPLE-TAB-28-01-2025-22:30:17:500-24990	TLTX18		OTHER	PAIRED	NextSeq 2000	1380	69000	Homo sapiens
ERR14304035	SAMEA117636887	ena-SAMPLE-TAB-28-01-2025-22:30:17:500-24988	TLTX25		OTHER	PAIRED	NextSeq 2000	1084514	54225700	Homo sapiens
ERR14277976	SAMEA117636889	ena-SAMPLE-TAB-28-01-2025-22:30:17:500-24990	TLTX18		OTHER	PAIRED	NextSeq 2000	426	21300	Homo sapiens
ERR14304049	SAMEA117636887	ena-SAMPLE-TAB-28-01-2025-22:30:17:500-24988	TLTX25		OTHER	PAIRED	NextSeq 2000	909382	45469100	Homo sapiens
ERR14277978	SAMEA117636889	ena-SAMPLE-TAB-28-01-2025-22:30:17:500-24990	TLTX18		OTHER	PAIRED	NextSeq 2000	1672542	83627100	Homo sapiens
ERR14304091	SAMEA117636887	ena-SAMPLE-TAB-28-01-2025-22:30:17:500-24988	TLTX25		OTHER	PAIRED	NextSeq 2000	713242	35662100	Homo sapiens
ERR14277982	SAMEA117636889	ena-SAMPLE-TAB-28-01-2025-22:30:17:500-24990	TLTX18		OTHER	PAIRED	NextSeq 2000	1707252	85362600	Homo sapiens
ERR14304104	SAMEA117636887	ena-SAMPLE-TAB-28-01-2025-22:30:17:500-24988	TLTX25		OTHER	PAIRED	NextSeq 2000	1405929	70296450	Homo sapiens
ERR14277985	SAMEA117636889	ena-SAMPLE-TAB-28-01-2025-22:30:17:500-24990	TLTX18		OTHER	PAIRED	NextSeq 2000	886	44300	Homo sapiens
ERR14304109	SAMEA117636887	ena-SAMPLE-TAB-28-01-2025-22:30:17:500-24988	TLTX25		OTHER	PAIRED	NextSeq 2000	909287	45464350	Homo sapiens
ERR14277989	SAMEA117636889	ena-SAMPLE-TAB-28-01-2025-22:30:17:500-24990	TLTX18		OTHER	PAIRED	NextSeq 2000	1414	70700	Homo sapiens
ERR14304113	SAMEA117636887	ena-SAMPLE-TAB-28-01-2025-22:30:17:500-24988	TLTX25		OTHER	PAIRED	NextSeq 2000	1265442	63272100	Homo sapiens
ERR14277990	SAMEA117636889	ena-SAMPLE-TAB-28-01-2025-22:30:17:500-24990	TLTX18		OTHER	PAIRED	NextSeq 2000	1394	69700	Homo sapiens
ERR14304148	SAMEA117636887	ena-SAMPLE-TAB-28-01-2025-22:30:17:500-24988	TLTX25		OTHER	PAIRED	NextSeq 2000	617613	30880650	Homo sapiens
ERR14277996	SAMEA117636889	ena-SAMPLE-TAB-28-01-2025-22:30:17:500-24990	TLTX18		OTHER	PAIRED	NextSeq 2000	1624814	81240700	Homo sapiens
ERR14304159	SAMEA117636887	ena-SAMPLE-TAB-28-01-2025-22:30:17:500-24988	TLTX25		OTHER	PAIRED	NextSeq 2000	721560	36078000	Homo sapiens
ERR14278001	SAMEA117636889	ena-SAMPLE-TAB-28-01-2025-22:30:17:500-24990	TLTX18		OTHER	PAIRED	NextSeq 2000	1410	70500	Homo sapiens
ERR14304237	SAMEA117636887	ena-SAMPLE-TAB-28-01-2025-22:30:17:500-24988	TLTX25		OTHER	PAIRED	NextSeq 2000	1012259	50612950	Homo sapiens
ERR14278006	SAMEA117636889	ena-SAMPLE-TAB-28-01-2025-22:30:17:500-24990	TLTX18		OTHER	PAIRED	NextSeq 2000	1014	50700	Homo sapiens
ERR14278010	SAMEA117636889	ena-SAMPLE-TAB-28-01-2025-22:30:17:500-24990	TLTX18		OTHER	PAIRED	NextSeq 2000	196	9800	Homo sapiens
ERR14304279	SAMEA117636887	ena-SAMPLE-TAB-28-01-2025-22:30:17:500-24988	TLTX25		OTHER	PAIRED	NextSeq 2000	1226359	61317950	Homo sapiens
ERR14278021	SAMEA117636889	ena-SAMPLE-TAB-28-01-2025-22:30:17:500-24990	TLTX18		OTHER	PAIRED	NextSeq 2000	1578544	78927200	Homo sapiens
ERR14304331	SAMEA117636887	ena-SAMPLE-TAB-28-01-2025-22:30:17:500-24988	TLTX25		OTHER	PAIRED	NextSeq 2000	885771	44288550	Homo sapiens
ERR14278023	SAMEA117636889	ena-SAMPLE-TAB-28-01-2025-22:30:17:500-24990	TLTX18		OTHER	PAIRED	NextSeq 2000	1080	54000	Homo sapiens
ERR14304343	SAMEA117636887	ena-SAMPLE-TAB-28-01-2025-22:30:17:500-24988	TLTX25		OTHER	PAIRED	NextSeq 2000	954768	47738400	Homo sapiens
ERR14278026	SAMEA117636889	ena-SAMPLE-TAB-28-01-2025-22:30:17:500-24990	TLTX18		OTHER	PAIRED	NextSeq 2000	1184	59200	Homo sapiens
ERR14304384	SAMEA117636887	ena-SAMPLE-TAB-28-01-2025-22:30:17:500-24988	TLTX25		OTHER	PAIRED	NextSeq 2000	1115109	55755450	Homo sapiens
ERR14304390	SAMEA117636887	ena-SAMPLE-TAB-28-01-2025-22:30:17:500-24988	TLTX25		OTHER	PAIRED	NextSeq 2000	1196364	59818200	Homo sapiens
ERR14278030	SAMEA117636889	ena-SAMPLE-TAB-28-01-2025-22:30:17:500-24990	TLTX18		OTHER	PAIRED	NextSeq 2000	1682958	84147900	Homo sapiens
ERR14304403	SAMEA117636887	ena-SAMPLE-TAB-28-01-2025-22:30:17:500-24988	TLTX25		OTHER	PAIRED	NextSeq 2000	1263758	63187900	Homo sapiens
ERR14278033	SAMEA117636889	ena-SAMPLE-TAB-28-01-2025-22:30:17:500-24990	TLTX18		OTHER	PAIRED	NextSeq 2000	5620	281000	Homo sapiens
ERR14304411	SAMEA117636887	ena-SAMPLE-TAB-28-01-2025-22:30:17:500-24988	TLTX25		OTHER	PAIRED	NextSeq 2000	1096876	54843800	Homo sapiens
ERR14278037	SAMEA117636889	ena-SAMPLE-TAB-28-01-2025-22:30:17:500-24990	TLTX18		OTHER	PAIRED	NextSeq 2000	2174	108700	Homo sapiens
ERR14304415	SAMEA117636887	ena-SAMPLE-TAB-28-01-2025-22:30:17:500-24988	TLTX25		OTHER	PAIRED	NextSeq 2000	1409638	70481900	Homo sapiens
ERR14278041	SAMEA117636889	ena-SAMPLE-TAB-28-01-2025-22:30:17:500-24990	TLTX18		OTHER	PAIRED	NextSeq 2000	1408	70400	Homo sapiens
ERR14304445	SAMEA117636887	ena-SAMPLE-TAB-28-01-2025-22:30:17:500-24988	TLTX25		OTHER	PAIRED	NextSeq 2000	682641	34132050	Homo sapiens
ERR14278045	SAMEA117636889	ena-SAMPLE-TAB-28-01-2025-22:30:17:500-24990	TLTX18		OTHER	PAIRED	NextSeq 2000	1640	82000	Homo sapiens
ERR14304449	SAMEA117636887	ena-SAMPLE-TAB-28-01-2025-22:30:17:500-24988	TLTX25		OTHER	PAIRED	NextSeq 2000	636102	31805100	Homo sapiens
ERR14278051	SAMEA117636889	ena-SAMPLE-TAB-28-01-2025-22:30:17:500-24990	TLTX18		OTHER	PAIRED	NextSeq 2000	1990576	99528800	Homo sapiens
ERR14304464	SAMEA117636887	ena-SAMPLE-TAB-28-01-2025-22:30:17:500-24988	TLTX25		OTHER	PAIRED	NextSeq 2000	805242	40262100	Homo sapiens
ERR14278058	SAMEA117636889	ena-SAMPLE-TAB-28-01-2025-22:30:17:500-24990	TLTX18		OTHER	PAIRED	NextSeq 2000	1632	81600	Homo sapiens
ERR14304470	SAMEA117636887	ena-SAMPLE-TAB-28-01-2025-22:30:17:500-24988	TLTX25		OTHER	PAIRED	NextSeq 2000	673098	33654900	Homo sapiens
ERR14278059	SAMEA117636889	ena-SAMPLE-TAB-28-01-2025-22:30:17:500-24990	TLTX18		OTHER	PAIRED	NextSeq 2000	1680072	84003600	Homo sapiens
ERR14304525	SAMEA117636887	ena-SAMPLE-TAB-28-01-2025-22:30:17:500-24988	TLTX25		OTHER	PAIRED	NextSeq 2000	991121	49556050	Homo sapiens
ERR14304567	SAMEA117636887	ena-SAMPLE-TAB-28-01-2025-22:30:17:500-24988	TLTX25		OTHER	PAIRED	NextSeq 2000	1019870	50993500	Homo sapiens
ERR14278062	SAMEA117636889	ena-SAMPLE-TAB-28-01-2025-22:30:17:500-24990	TLTX18		OTHER	PAIRED	NextSeq 2000	2184472	109223600	Homo sapiens
ERR14304581	SAMEA117636887	ena-SAMPLE-TAB-28-01-2025-22:30:17:500-24988	TLTX25		OTHER	PAIRED	NextSeq 2000	997219	49860950	Homo sapiens
ERR14304606	SAMEA117636887	ena-SAMPLE-TAB-28-01-2025-22:30:17:500-24988	TLTX25		OTHER	PAIRED	NextSeq 2000	1022944	51147200	Homo sapiens
ERR14278074	SAMEA117636889	ena-SAMPLE-TAB-28-01-2025-22:30:17:500-24990	TLTX18		OTHER	PAIRED	NextSeq 2000	2179052	108952600	Homo sapiens
ERR14304647	SAMEA117636887	ena-SAMPLE-TAB-28-01-2025-22:30:17:500-24988	TLTX25		OTHER	PAIRED	NextSeq 2000	756997	37849850	Homo sapiens
ERR14278076	SAMEA117636889	ena-SAMPLE-TAB-28-01-2025-22:30:17:500-24990	TLTX18		OTHER	PAIRED	NextSeq 2000	1809612	90480600	Homo sapiens
ERR14278079	SAMEA117636889	ena-SAMPLE-TAB-28-01-2025-22:30:17:500-24990	TLTX18		OTHER	PAIRED	NextSeq 2000	1800600	90030000	Homo sapiens
ERR14278080	SAMEA117636889	ena-SAMPLE-TAB-28-01-2025-22:30:17:500-24990	TLTX18		OTHER	PAIRED	NextSeq 2000	836386	41819300	Homo sapiens
ERR14304695	SAMEA117636887	ena-SAMPLE-TAB-28-01-2025-22:30:17:500-24988	TLTX25		OTHER	PAIRED	NextSeq 2000	1159977	57998850	Homo sapiens
ERR14304748	SAMEA117636887	ena-SAMPLE-TAB-28-01-2025-22:30:17:500-24988	TLTX25		OTHER	PAIRED	NextSeq 2000	1509060	75453000	Homo sapiens
ERR14278084	SAMEA117636889	ena-SAMPLE-TAB-28-01-2025-22:30:17:500-24990	TLTX18		OTHER	PAIRED	NextSeq 2000	1496	74800	Homo sapiens
ERR14278092	SAMEA117636889	ena-SAMPLE-TAB-28-01-2025-22:30:17:500-24990	TLTX18		OTHER	PAIRED	NextSeq 2000	1004	50200	Homo sapiens
ERR14304765	SAMEA117636887	ena-SAMPLE-TAB-28-01-2025-22:30:17:500-24988	TLTX25		OTHER	PAIRED	NextSeq 2000	1405564	70278200	Homo sapiens
ERR14278108	SAMEA117636889	ena-SAMPLE-TAB-28-01-2025-22:30:17:500-24990	TLTX18		OTHER	PAIRED	NextSeq 2000	2226	111300	Homo sapiens
ERR14278109	SAMEA117636889	ena-SAMPLE-TAB-28-01-2025-22:30:17:500-24990	TLTX18		OTHER	PAIRED	NextSeq 2000	1822	91100	Homo sapiens
ERR14304815	SAMEA117636887	ena-SAMPLE-TAB-28-01-2025-22:30:17:500-24988	TLTX25		OTHER	PAIRED	NextSeq 2000	816677	40833850	Homo sapiens
ERR14304816	SAMEA117636887	ena-SAMPLE-TAB-28-01-2025-22:30:17:500-24988	TLTX25		OTHER	PAIRED	NextSeq 2000	1214387	60719350	Homo sapiens
ERR14304820	SAMEA117636887	ena-SAMPLE-TAB-28-01-2025-22:30:17:500-24988	TLTX25		OTHER	PAIRED	NextSeq 2000	1669988	83499400	Homo sapiens
ERR14278110	SAMEA117636889	ena-SAMPLE-TAB-28-01-2025-22:30:17:500-24990	TLTX18		OTHER	PAIRED	NextSeq 2000	1408	70400	Homo sapiens
ERR14304848	SAMEA117636887	ena-SAMPLE-TAB-28-01-2025-22:30:17:500-24988	TLTX25		OTHER	PAIRED	NextSeq 2000	1169047	58452350	Homo sapiens
ERR14278118	SAMEA117636889	ena-SAMPLE-TAB-28-01-2025-22:30:17:500-24990	TLTX18		OTHER	PAIRED	NextSeq 2000	2182	109100	Homo sapiens
ERR14278127	SAMEA117636889	ena-SAMPLE-TAB-28-01-2025-22:30:17:500-24990	TLTX18		OTHER	PAIRED	NextSeq 2000	2144	107200	Homo sapiens
ERR14304869	SAMEA117636887	ena-SAMPLE-TAB-28-01-2025-22:30:17:500-24988	TLTX25		OTHER	PAIRED	NextSeq 2000	2616365	130818250	Homo sapiens
ERR14278128	SAMEA117636889	ena-SAMPLE-TAB-28-01-2025-22:30:17:500-24990	TLTX18		OTHER	PAIRED	NextSeq 2000	1054	52700	Homo sapiens
ERR14304871	SAMEA117636887	ena-SAMPLE-TAB-28-01-2025-22:30:17:500-24988	TLTX25		OTHER	PAIRED	NextSeq 2000	1438287	71914350	Homo sapiens
ERR14278137	SAMEA117636889	ena-SAMPLE-TAB-28-01-2025-22:30:17:500-24990	TLTX18		OTHER	PAIRED	NextSeq 2000	962498	48124900	Homo sapiens
ERR14304902	SAMEA117636887	ena-SAMPLE-TAB-28-01-2025-22:30:17:500-24988	TLTX25		OTHER	PAIRED	NextSeq 2000	1240053	62002650	Homo sapiens
ERR14278138	SAMEA117636889	ena-SAMPLE-TAB-28-01-2025-22:30:17:500-24990	TLTX18		OTHER	PAIRED	NextSeq 2000	1996	99800	Homo sapiens
ERR14278157	SAMEA117636889	ena-SAMPLE-TAB-28-01-2025-22:30:17:500-24990	TLTX18		OTHER	PAIRED	NextSeq 2000	2072732	103636600	Homo sapiens
ERR14304937	SAMEA117636887	ena-SAMPLE-TAB-28-01-2025-22:30:17:500-24988	TLTX25		OTHER	PAIRED	NextSeq 2000	1258098	62904900	Homo sapiens
ERR14278159	SAMEA117636889	ena-SAMPLE-TAB-28-01-2025-22:30:17:500-24990	TLTX18		OTHER	PAIRED	NextSeq 2000	1374	68700	Homo sapiens
ERR14304939	SAMEA117636887	ena-SAMPLE-TAB-28-01-2025-22:30:17:500-24988	TLTX25		OTHER	PAIRED	NextSeq 2000	1390430	69521500	Homo sapiens
ERR14304983	SAMEA117636887	ena-SAMPLE-TAB-28-01-2025-22:30:17:500-24988	TLTX25		OTHER	PAIRED	NextSeq 2000	1133311	56665550	Homo sapiens
ERR14278177	SAMEA117636889	ena-SAMPLE-TAB-28-01-2025-22:30:17:500-24990	TLTX18		OTHER	PAIRED	NextSeq 2000	1681538	84076900	Homo sapiens
ERR14305001	SAMEA117636887	ena-SAMPLE-TAB-28-01-2025-22:30:17:500-24988	TLTX25		OTHER	PAIRED	NextSeq 2000	909354	45467700	Homo sapiens
ERR14305021	SAMEA117636887	ena-SAMPLE-TAB-28-01-2025-22:30:17:500-24988	TLTX25		OTHER	PAIRED	NextSeq 2000	539319	26965950	Homo sapiens
ERR14278181	SAMEA117636889	ena-SAMPLE-TAB-28-01-2025-22:30:17:500-24990	TLTX18		OTHER	PAIRED	NextSeq 2000	2224	111200	Homo sapiens
ERR14305039	SAMEA117636887	ena-SAMPLE-TAB-28-01-2025-22:30:17:500-24988	TLTX25		OTHER	PAIRED	NextSeq 2000	1212795	60639750	Homo sapiens
ERR14278187	SAMEA117636889	ena-SAMPLE-TAB-28-01-2025-22:30:17:500-24990	TLTX18		OTHER	PAIRED	NextSeq 2000	1826	91300	Homo sapiens
ERR14305045	SAMEA117636887	ena-SAMPLE-TAB-28-01-2025-22:30:17:500-24988	TLTX25		OTHER	PAIRED	NextSeq 2000	1137670	56883500	Homo sapiens
ERR14278189	SAMEA117636889	ena-SAMPLE-TAB-28-01-2025-22:30:17:500-24990	TLTX18		OTHER	PAIRED	NextSeq 2000	1584304	79215200	Homo sapiens
ERR14305048	SAMEA117636887	ena-SAMPLE-TAB-28-01-2025-22:30:17:500-24988	TLTX25		OTHER	PAIRED	NextSeq 2000	414312	20715600	Homo sapiens
ERR14278203	SAMEA117636889	ena-SAMPLE-TAB-28-01-2025-22:30:17:500-24990	TLTX18		OTHER	PAIRED	NextSeq 2000	2126	106300	Homo sapiens
ERR14305060	SAMEA117636887	ena-SAMPLE-TAB-28-01-2025-22:30:17:500-24988	TLTX25		OTHER	PAIRED	NextSeq 2000	1207433	60371650	Homo sapiens
ERR14278217	SAMEA117636889	ena-SAMPLE-TAB-28-01-2025-22:30:17:500-24990	TLTX18		OTHER	PAIRED	NextSeq 2000	2178924	108946200	Homo sapiens
ERR14305089	SAMEA117636887	ena-SAMPLE-TAB-28-01-2025-22:30:17:500-24988	TLTX25		OTHER	PAIRED	NextSeq 2000	1130670	56533500	Homo sapiens
ERR14278221	SAMEA117636889	ena-SAMPLE-TAB-28-01-2025-22:30:17:500-24990	TLTX18		OTHER	PAIRED	NextSeq 2000	1380	69000	Homo sapiens
ERR14305128	SAMEA117636887	ena-SAMPLE-TAB-28-01-2025-22:30:17:500-24988	TLTX25		OTHER	PAIRED	NextSeq 2000	1625770	81288500	Homo sapiens
ERR14305148	SAMEA117636887	ena-SAMPLE-TAB-28-01-2025-22:30:17:500-24988	TLTX25		OTHER	PAIRED	NextSeq 2000	1305658	65282900	Homo sapiens
ERR14278227	SAMEA117636889	ena-SAMPLE-TAB-28-01-2025-22:30:17:500-24990	TLTX18		OTHER	PAIRED	NextSeq 2000	1606396	80319800	Homo sapiens
ERR14305174	SAMEA117636887	ena-SAMPLE-TAB-28-01-2025-22:30:17:500-24988	TLTX25		OTHER	PAIRED	NextSeq 2000	1066410	53320500	Homo sapiens
ERR14278229	SAMEA117636889	ena-SAMPLE-TAB-28-01-2025-22:30:17:500-24990	TLTX18		OTHER	PAIRED	NextSeq 2000	1382568	69128400	Homo sapiens
ERR14278235	SAMEA117636889	ena-SAMPLE-TAB-28-01-2025-22:30:17:500-24990	TLTX18		OTHER	PAIRED	NextSeq 2000	1294	64700	Homo sapiens
ERR14305191	SAMEA117636887	ena-SAMPLE-TAB-28-01-2025-22:30:17:500-24988	TLTX25		OTHER	PAIRED	NextSeq 2000	1181654	59082700	Homo sapiens
ERR14278238	SAMEA117636889	ena-SAMPLE-TAB-28-01-2025-22:30:17:500-24990	TLTX18		OTHER	PAIRED	NextSeq 2000	1498	74900	Homo sapiens
ERR14278240	SAMEA117636889	ena-SAMPLE-TAB-28-01-2025-22:30:17:500-24990	TLTX18		OTHER	PAIRED	NextSeq 2000	1694	84700	Homo sapiens
ERR14305217	SAMEA117636887	ena-SAMPLE-TAB-28-01-2025-22:30:17:500-24988	TLTX25		OTHER	PAIRED	NextSeq 2000	1292556	64627800	Homo sapiens
ERR14305224	SAMEA117636887	ena-SAMPLE-TAB-28-01-2025-22:30:17:500-24988	TLTX25		OTHER	PAIRED	NextSeq 2000	996050	49802500	Homo sapiens
ERR14278257	SAMEA117636889	ena-SAMPLE-TAB-28-01-2025-22:30:17:500-24990	TLTX18		OTHER	PAIRED	NextSeq 2000	1726936	86346800	Homo sapiens
ERR14305227	SAMEA117636887	ena-SAMPLE-TAB-28-01-2025-22:30:17:500-24988	TLTX25		OTHER	PAIRED	NextSeq 2000	1236087	61804350	Homo sapiens
ERR14278259	SAMEA117636889	ena-SAMPLE-TAB-28-01-2025-22:30:17:500-24990	TLTX18		OTHER	PAIRED	NextSeq 2000	1408	70400	Homo sapiens
ERR14278267	SAMEA117636889	ena-SAMPLE-TAB-28-01-2025-22:30:17:500-24990	TLTX18		OTHER	PAIRED	NextSeq 2000	1620	81000	Homo sapiens
ERR14278274	SAMEA117636889	ena-SAMPLE-TAB-28-01-2025-22:30:17:500-24990	TLTX18		OTHER	PAIRED	NextSeq 2000	1651004	82550200	Homo sapiens
ERR14305235	SAMEA117636887	ena-SAMPLE-TAB-28-01-2025-22:30:17:500-24988	TLTX25		OTHER	PAIRED	NextSeq 2000	649162	32458100	Homo sapiens
ERR14278284	SAMEA117636889	ena-SAMPLE-TAB-28-01-2025-22:30:17:500-24990	TLTX18		OTHER	PAIRED	NextSeq 2000	1004	50200	Homo sapiens
ERR14278287	SAMEA117636889	ena-SAMPLE-TAB-28-01-2025-22:30:17:500-24990	TLTX18		OTHER	PAIRED	NextSeq 2000	1894	94700	Homo sapiens
ERR14305262	SAMEA117636887	ena-SAMPLE-TAB-28-01-2025-22:30:17:500-24988	TLTX25		OTHER	PAIRED	NextSeq 2000	1454606	72730300	Homo sapiens
ERR14278300	SAMEA117636889	ena-SAMPLE-TAB-28-01-2025-22:30:17:500-24990	TLTX18		OTHER	PAIRED	NextSeq 2000	1126	56300	Homo sapiens
ERR14278302	SAMEA117636889	ena-SAMPLE-TAB-28-01-2025-22:30:17:500-24990	TLTX18		OTHER	PAIRED	NextSeq 2000	1094	54700	Homo sapiens
ERR14305319	SAMEA117636887	ena-SAMPLE-TAB-28-01-2025-22:30:17:500-24988	TLTX25		OTHER	PAIRED	NextSeq 2000	513486	25674300	Homo sapiens
ERR14278308	SAMEA117636889	ena-SAMPLE-TAB-28-01-2025-22:30:17:500-24990	TLTX18		OTHER	PAIRED	NextSeq 2000	766	38300	Homo sapiens
ERR14305327	SAMEA117636887	ena-SAMPLE-TAB-28-01-2025-22:30:17:500-24988	TLTX25		OTHER	PAIRED	NextSeq 2000	485568	24278400	Homo sapiens
ERR14278309	SAMEA117636889	ena-SAMPLE-TAB-28-01-2025-22:30:17:500-24990	TLTX18		OTHER	PAIRED	NextSeq 2000	1525838	76291900	Homo sapiens
ERR14305333	SAMEA117636887	ena-SAMPLE-TAB-28-01-2025-22:30:17:500-24988	TLTX25		OTHER	PAIRED	NextSeq 2000	1459229	72961450	Homo sapiens
ERR14278311	SAMEA117636889	ena-SAMPLE-TAB-28-01-2025-22:30:17:500-24990	TLTX18		OTHER	PAIRED	NextSeq 2000	822	41100	Homo sapiens
ERR14305354	SAMEA117636887	ena-SAMPLE-TAB-28-01-2025-22:30:17:500-24988	TLTX25		OTHER	PAIRED	NextSeq 2000	559033	27951650	Homo sapiens
ERR14278319	SAMEA117636889	ena-SAMPLE-TAB-28-01-2025-22:30:17:500-24990	TLTX18		OTHER	PAIRED	NextSeq 2000	480	24000	Homo sapiens
ERR14278320	SAMEA117636889	ena-SAMPLE-TAB-28-01-2025-22:30:17:500-24990	TLTX18		OTHER	PAIRED	NextSeq 2000	876	43800	Homo sapiens
ERR14305363	SAMEA117636887	ena-SAMPLE-TAB-28-01-2025-22:30:17:500-24988	TLTX25		OTHER	PAIRED	NextSeq 2000	654179	32708950	Homo sapiens
ERR14278321	SAMEA117636889	ena-SAMPLE-TAB-28-01-2025-22:30:17:500-24990	TLTX18		OTHER	PAIRED	NextSeq 2000	1423030	71151500	Homo sapiens
ERR14278329	SAMEA117636889	ena-SAMPLE-TAB-28-01-2025-22:30:17:500-24990	TLTX18		OTHER	PAIRED	NextSeq 2000	1228	61400	Homo sapiens
ERR14305365	SAMEA117636887	ena-SAMPLE-TAB-28-01-2025-22:30:17:500-24988	TLTX25		OTHER	PAIRED	NextSeq 2000	709241	35462050	Homo sapiens
ERR14278331	SAMEA117636889	ena-SAMPLE-TAB-28-01-2025-22:30:17:500-24990	TLTX18		OTHER	PAIRED	NextSeq 2000	1536	76800	Homo sapiens
ERR14305392	SAMEA117636887	ena-SAMPLE-TAB-28-01-2025-22:30:17:500-24988	TLTX25		OTHER	PAIRED	NextSeq 2000	1060916	53045800	Homo sapiens
ERR14305399	SAMEA117636887	ena-SAMPLE-TAB-28-01-2025-22:30:17:500-24988	TLTX25		OTHER	PAIRED	NextSeq 2000	1184029	59201450	Homo sapiens
ERR14278338	SAMEA117636889	ena-SAMPLE-TAB-28-01-2025-22:30:17:500-24990	TLTX18		OTHER	PAIRED	NextSeq 2000	1685854	84292700	Homo sapiens
ERR14305403	SAMEA117636887	ena-SAMPLE-TAB-28-01-2025-22:30:17:500-24988	TLTX25		OTHER	PAIRED	NextSeq 2000	1274676	63733800	Homo sapiens
ERR14278341	SAMEA117636889	ena-SAMPLE-TAB-28-01-2025-22:30:17:500-24990	TLTX18		OTHER	PAIRED	NextSeq 2000	1394	69700	Homo sapiens
ERR14305413	SAMEA117636887	ena-SAMPLE-TAB-28-01-2025-22:30:17:500-24988	TLTX25		OTHER	PAIRED	NextSeq 2000	1489803	74490150	Homo sapiens
ERR14278367	SAMEA117636889	ena-SAMPLE-TAB-28-01-2025-22:30:17:500-24990	TLTX18		OTHER	PAIRED	NextSeq 2000	1290	64500	Homo sapiens
ERR14305414	SAMEA117636887	ena-SAMPLE-TAB-28-01-2025-22:30:17:500-24988	TLTX25		OTHER	PAIRED	NextSeq 2000	1340233	67011650	Homo sapiens
ERR14278383	SAMEA117636889	ena-SAMPLE-TAB-28-01-2025-22:30:17:500-24990	TLTX18		OTHER	PAIRED	NextSeq 2000	1825002	91250100	Homo sapiens
ERR14305430	SAMEA117636887	ena-SAMPLE-TAB-28-01-2025-22:30:17:500-24988	TLTX25		OTHER	PAIRED	NextSeq 2000	1494603	74730150	Homo sapiens
ERR14278384	SAMEA117636889	ena-SAMPLE-TAB-28-01-2025-22:30:17:500-24990	TLTX18		OTHER	PAIRED	NextSeq 2000	1726	86300	Homo sapiens
ERR14278401	SAMEA117636889	ena-SAMPLE-TAB-28-01-2025-22:30:17:500-24990	TLTX18		OTHER	PAIRED	NextSeq 2000	1040	52000	Homo sapiens
ERR14305475	SAMEA117636887	ena-SAMPLE-TAB-28-01-2025-22:30:17:500-24988	TLTX25		OTHER	PAIRED	NextSeq 2000	1490749	74537450	Homo sapiens
ERR14278403	SAMEA117636889	ena-SAMPLE-TAB-28-01-2025-22:30:17:500-24990	TLTX18		OTHER	PAIRED	NextSeq 2000	1526262	76313100	Homo sapiens
ERR14305496	SAMEA117636887	ena-SAMPLE-TAB-28-01-2025-22:30:17:500-24988	TLTX25		OTHER	PAIRED	NextSeq 2000	1099984	54999200	Homo sapiens
ERR14278405	SAMEA117636889	ena-SAMPLE-TAB-28-01-2025-22:30:17:500-24990	TLTX18		OTHER	PAIRED	NextSeq 2000	1370	68500	Homo sapiens
ERR14305502	SAMEA117636887	ena-SAMPLE-TAB-28-01-2025-22:30:17:500-24988	TLTX25		OTHER	PAIRED	NextSeq 2000	1012900	50645000	Homo sapiens
ERR14278410	SAMEA117636889	ena-SAMPLE-TAB-28-01-2025-22:30:17:500-24990	TLTX18		OTHER	PAIRED	NextSeq 2000	712	35600	Homo sapiens
ERR14278421	SAMEA117636889	ena-SAMPLE-TAB-28-01-2025-22:30:17:500-24990	TLTX18		OTHER	PAIRED	NextSeq 2000	980	49000	Homo sapiens
ERR14305514	SAMEA117636887	ena-SAMPLE-TAB-28-01-2025-22:30:17:500-24988	TLTX25		OTHER	PAIRED	NextSeq 2000	1405854	70292700	Homo sapiens
ERR14305516	SAMEA117636887	ena-SAMPLE-TAB-28-01-2025-22:30:17:500-24988	TLTX25		OTHER	PAIRED	NextSeq 2000	1208930	60446500	Homo sapiens
ERR14278430	SAMEA117636889	ena-SAMPLE-TAB-28-01-2025-22:30:17:500-24990	TLTX18		OTHER	PAIRED	NextSeq 2000	666	33300	Homo sapiens
ERR14278436	SAMEA117636889	ena-SAMPLE-TAB-28-01-2025-22:30:17:500-24990	TLTX18		OTHER	PAIRED	NextSeq 2000	786	39300	Homo sapiens
ERR14305536	SAMEA117636887	ena-SAMPLE-TAB-28-01-2025-22:30:17:500-24988	TLTX25		OTHER	PAIRED	NextSeq 2000	586123	29306150	Homo sapiens
ERR14278439	SAMEA117636889	ena-SAMPLE-TAB-28-01-2025-22:30:17:500-24990	TLTX18		OTHER	PAIRED	NextSeq 2000	864	43200	Homo sapiens
ERR14305544	SAMEA117636887	ena-SAMPLE-TAB-28-01-2025-22:30:17:500-24988	TLTX25		OTHER	PAIRED	NextSeq 2000	1370933	68546650	Homo sapiens
ERR14278441	SAMEA117636889	ena-SAMPLE-TAB-28-01-2025-22:30:17:500-24990	TLTX18		OTHER	PAIRED	NextSeq 2000	572	28600	Homo sapiens
ERR14305567	SAMEA117636887	ena-SAMPLE-TAB-28-01-2025-22:30:17:500-24988	TLTX25		OTHER	PAIRED	NextSeq 2000	960225	48011250	Homo sapiens
ERR14278443	SAMEA117636889	ena-SAMPLE-TAB-28-01-2025-22:30:17:500-24990	TLTX18		OTHER	PAIRED	NextSeq 2000	1620	81000	Homo sapiens
ERR14305587	SAMEA117636887	ena-SAMPLE-TAB-28-01-2025-22:30:17:500-24988	TLTX25		OTHER	PAIRED	NextSeq 2000	1155831	57791550	Homo sapiens
ERR14305588	SAMEA117636887	ena-SAMPLE-TAB-28-01-2025-22:30:17:500-24988	TLTX25		OTHER	PAIRED	NextSeq 2000	1023390	51169500	Homo sapiens
ERR14278448	SAMEA117636889	ena-SAMPLE-TAB-28-01-2025-22:30:17:500-24990	TLTX18		OTHER	PAIRED	NextSeq 2000	352	17600	Homo sapiens
ERR14305597	SAMEA117636887	ena-SAMPLE-TAB-28-01-2025-22:30:17:500-24988	TLTX25		OTHER	PAIRED	NextSeq 2000	650586	32529300	Homo sapiens
ERR14278455	SAMEA117636889	ena-SAMPLE-TAB-28-01-2025-22:30:17:500-24990	TLTX18		OTHER	PAIRED	NextSeq 2000	1185814	59290700	Homo sapiens
ERR14278457	SAMEA117636889	ena-SAMPLE-TAB-28-01-2025-22:30:17:500-24990	TLTX18		OTHER	PAIRED	NextSeq 2000	486	24300	Homo sapiens
ERR14305598	SAMEA117636887	ena-SAMPLE-TAB-28-01-2025-22:30:17:500-24988	TLTX25		OTHER	PAIRED	NextSeq 2000	1888568	94428400	Homo sapiens
ERR14278459	SAMEA117636889	ena-SAMPLE-TAB-28-01-2025-22:30:17:500-24990	TLTX18		OTHER	PAIRED	NextSeq 2000	842	42100	Homo sapiens
ERR14305611	SAMEA117636887	ena-SAMPLE-TAB-28-01-2025-22:30:17:500-24988	TLTX25		OTHER	PAIRED	NextSeq 2000	341185	17059250	Homo sapiens
ERR14278463	SAMEA117636889	ena-SAMPLE-TAB-28-01-2025-22:30:17:500-24990	TLTX18		OTHER	PAIRED	NextSeq 2000	1397712	69885600	Homo sapiens
ERR14305635	SAMEA117636887	ena-SAMPLE-TAB-28-01-2025-22:30:17:500-24988	TLTX25		OTHER	PAIRED	NextSeq 2000	1414841	70742050	Homo sapiens
ERR14305666	SAMEA117636887	ena-SAMPLE-TAB-28-01-2025-22:30:17:500-24988	TLTX25		OTHER	PAIRED	NextSeq 2000	1146505	57325250	Homo sapiens
ERR14278498	SAMEA117636889	ena-SAMPLE-TAB-28-01-2025-22:30:17:500-24990	TLTX18		OTHER	PAIRED	NextSeq 2000	1070436	53521800	Homo sapiens
ERR14278499	SAMEA117636889	ena-SAMPLE-TAB-28-01-2025-22:30:17:500-24990	TLTX18		OTHER	PAIRED	NextSeq 2000	560	28000	Homo sapiens
ERR14305695	SAMEA117636887	ena-SAMPLE-TAB-28-01-2025-22:30:17:500-24988	TLTX25		OTHER	PAIRED	NextSeq 2000	1096228	54811400	Homo sapiens
ERR14305719	SAMEA117636887	ena-SAMPLE-TAB-28-01-2025-22:30:17:500-24988	TLTX25		OTHER	PAIRED	NextSeq 2000	1045896	52294800	Homo sapiens
ERR14305743	SAMEA117636887	ena-SAMPLE-TAB-28-01-2025-22:30:17:500-24988	TLTX25		OTHER	PAIRED	NextSeq 2000	1006478	50323900	Homo sapiens
ERR14278506	SAMEA117636889	ena-SAMPLE-TAB-28-01-2025-22:30:17:500-24990	TLTX18		OTHER	PAIRED	NextSeq 2000	984	49200	Homo sapiens
ERR14278510	SAMEA117636889	ena-SAMPLE-TAB-28-01-2025-22:30:17:500-24990	TLTX18		OTHER	PAIRED	NextSeq 2000	740	37000	Homo sapiens
ERR14305877	SAMEA117636887	ena-SAMPLE-TAB-28-01-2025-22:30:17:500-24988	TLTX25		OTHER	PAIRED	NextSeq 2000	1059266	52963300	Homo sapiens
ERR14305886	SAMEA117636887	ena-SAMPLE-TAB-28-01-2025-22:30:17:500-24988	TLTX25		OTHER	PAIRED	NextSeq 2000	579724	28986200	Homo sapiens
ERR14278517	SAMEA117636889	ena-SAMPLE-TAB-28-01-2025-22:30:17:500-24990	TLTX18		OTHER	PAIRED	NextSeq 2000	844	42200	Homo sapiens
ERR14305893	SAMEA117636887	ena-SAMPLE-TAB-28-01-2025-22:30:17:500-24988	TLTX25		OTHER	PAIRED	NextSeq 2000	1310431	65521550	Homo sapiens
ERR14278521	SAMEA117636889	ena-SAMPLE-TAB-28-01-2025-22:30:17:500-24990	TLTX18		OTHER	PAIRED	NextSeq 2000	868	43400	Homo sapiens
ERR14305911	SAMEA117636887	ena-SAMPLE-TAB-28-01-2025-22:30:17:500-24988	TLTX25		OTHER	PAIRED	NextSeq 2000	1054982	52749100	Homo sapiens
ERR14278529	SAMEA117636889	ena-SAMPLE-TAB-28-01-2025-22:30:17:500-24990	TLTX18		OTHER	PAIRED	NextSeq 2000	728	36400	Homo sapiens
ERR14305919	SAMEA117636887	ena-SAMPLE-TAB-28-01-2025-22:30:17:500-24988	TLTX25		OTHER	PAIRED	NextSeq 2000	1393959	69697950	Homo sapiens
ERR14305944	SAMEA117636887	ena-SAMPLE-TAB-28-01-2025-22:30:17:500-24988	TLTX25		OTHER	PAIRED	NextSeq 2000	890011	44500550	Homo sapiens
ERR14278533	SAMEA117636889	ena-SAMPLE-TAB-28-01-2025-22:30:17:500-24990	TLTX18		OTHER	PAIRED	NextSeq 2000	706	35300	Homo sapiens
ERR14305947	SAMEA117636887	ena-SAMPLE-TAB-28-01-2025-22:30:17:500-24988	TLTX25		OTHER	PAIRED	NextSeq 2000	866495	43324750	Homo sapiens
ERR14305951	SAMEA117636887	ena-SAMPLE-TAB-28-01-2025-22:30:17:500-24988	TLTX25		OTHER	PAIRED	NextSeq 2000	1470114	73505700	Homo sapiens
ERR14278538	SAMEA117636889	ena-SAMPLE-TAB-28-01-2025-22:30:17:500-24990	TLTX18		OTHER	PAIRED	NextSeq 2000	1491092	74554600	Homo sapiens
ERR14305959	SAMEA117636887	ena-SAMPLE-TAB-28-01-2025-22:30:17:500-24988	TLTX25		OTHER	PAIRED	NextSeq 2000	978546	48927300	Homo sapiens
ERR14278541	SAMEA117636889	ena-SAMPLE-TAB-28-01-2025-22:30:17:500-24990	TLTX18		OTHER	PAIRED	NextSeq 2000	744	37200	Homo sapiens
ERR14278545	SAMEA117636889	ena-SAMPLE-TAB-28-01-2025-22:30:17:500-24990	TLTX18		OTHER	PAIRED	NextSeq 2000	1102	55100	Homo sapiens
ERR14306014	SAMEA117636887	ena-SAMPLE-TAB-28-01-2025-22:30:17:500-24988	TLTX25		OTHER	PAIRED	NextSeq 2000	717449	35872450	Homo sapiens
ERR14278547	SAMEA117636889	ena-SAMPLE-TAB-28-01-2025-22:30:17:500-24990	TLTX18		OTHER	PAIRED	NextSeq 2000	1302	65100	Homo sapiens
ERR14278548	SAMEA117636889	ena-SAMPLE-TAB-28-01-2025-22:30:17:500-24990	TLTX18		OTHER	PAIRED	NextSeq 2000	1026	51300	Homo sapiens
ERR14306028	SAMEA117636887	ena-SAMPLE-TAB-28-01-2025-22:30:17:500-24988	TLTX25		OTHER	PAIRED	NextSeq 2000	1614281	80714050	Homo sapiens
ERR14278556	SAMEA117636889	ena-SAMPLE-TAB-28-01-2025-22:30:17:500-24990	TLTX18		OTHER	PAIRED	NextSeq 2000	1635078	81753900	Homo sapiens
ERR14306042	SAMEA117636887	ena-SAMPLE-TAB-28-01-2025-22:30:17:500-24988	TLTX25		OTHER	PAIRED	NextSeq 2000	499807	24990350	Homo sapiens
ERR14278558	SAMEA117636889	ena-SAMPLE-TAB-28-01-2025-22:30:17:500-24990	TLTX18		OTHER	PAIRED	NextSeq 2000	1878464	93923200	Homo sapiens
ERR14278559	SAMEA117636889	ena-SAMPLE-TAB-28-01-2025-22:30:17:500-24990	TLTX18		OTHER	PAIRED	NextSeq 2000	2158200	107910000	Homo sapiens
ERR14306066	SAMEA117636887	ena-SAMPLE-TAB-28-01-2025-22:30:17:500-24988	TLTX25		OTHER	PAIRED	NextSeq 2000	963157	48157850	Homo sapiens
ERR14306072	SAMEA117636887	ena-SAMPLE-TAB-28-01-2025-22:30:17:500-24988	TLTX25		OTHER	PAIRED	NextSeq 2000	754646	37732300	Homo sapiens
ERR14278561	SAMEA117636889	ena-SAMPLE-TAB-28-01-2025-22:30:17:500-24990	TLTX18		OTHER	PAIRED	NextSeq 2000	1000	50000	Homo sapiens
ERR14306082	SAMEA117636887	ena-SAMPLE-TAB-28-01-2025-22:30:17:500-24988	TLTX25		OTHER	PAIRED	NextSeq 2000	1496888	74844400	Homo sapiens
ERR14278562	SAMEA117636889	ena-SAMPLE-TAB-28-01-2025-22:30:17:500-24990	TLTX18		OTHER	PAIRED	NextSeq 2000	1162	58100	Homo sapiens
ERR14306089	SAMEA117636887	ena-SAMPLE-TAB-28-01-2025-22:30:17:500-24988	TLTX25		OTHER	PAIRED	NextSeq 2000	1001457	50072850	Homo sapiens
ERR14278564	SAMEA117636889	ena-SAMPLE-TAB-28-01-2025-22:30:17:500-24990	TLTX18		OTHER	PAIRED	NextSeq 2000	1064	53200	Homo sapiens
ERR14306098	SAMEA117636887	ena-SAMPLE-TAB-28-01-2025-22:30:17:500-24988	TLTX25		OTHER	PAIRED	NextSeq 2000	919110	45955500	Homo sapiens
ERR14306099	SAMEA117636887	ena-SAMPLE-TAB-28-01-2025-22:30:17:500-24988	TLTX25		OTHER	PAIRED	NextSeq 2000	1211031	60551550	Homo sapiens
ERR14278573	SAMEA117636889	ena-SAMPLE-TAB-28-01-2025-22:30:17:500-24990	TLTX18		OTHER	PAIRED	NextSeq 2000	1288	64400	Homo sapiens
ERR14306111	SAMEA117636887	ena-SAMPLE-TAB-28-01-2025-22:30:17:500-24988	TLTX25		OTHER	PAIRED	NextSeq 2000	1013415	50670750	Homo sapiens
ERR14278584	SAMEA117636889	ena-SAMPLE-TAB-28-01-2025-22:30:17:500-24990	TLTX18		OTHER	PAIRED	NextSeq 2000	644	32200	Homo sapiens
ERR14278589	SAMEA117636889	ena-SAMPLE-TAB-28-01-2025-22:30:17:500-24990	TLTX18		OTHER	PAIRED	NextSeq 2000	1060	53000	Homo sapiens
ERR14306142	SAMEA117636887	ena-SAMPLE-TAB-28-01-2025-22:30:17:500-24988	TLTX25		OTHER	PAIRED	NextSeq 2000	602296	30114800	Homo sapiens
ERR14278596	SAMEA117636889	ena-SAMPLE-TAB-28-01-2025-22:30:17:500-24990	TLTX18		OTHER	PAIRED	NextSeq 2000	658	32900	Homo sapiens
ERR14306158	SAMEA117636887	ena-SAMPLE-TAB-28-01-2025-22:30:17:500-24988	TLTX25		OTHER	PAIRED	NextSeq 2000	696528	34826400	Homo sapiens
ERR14278598	SAMEA117636889	ena-SAMPLE-TAB-28-01-2025-22:30:17:500-24990	TLTX18		OTHER	PAIRED	NextSeq 2000	752	37600	Homo sapiens
ERR14278599	SAMEA117636889	ena-SAMPLE-TAB-28-01-2025-22:30:17:500-24990	TLTX18		OTHER	PAIRED	NextSeq 2000	976	48800	Homo sapiens
ERR14306256	SAMEA117636887	ena-SAMPLE-TAB-28-01-2025-22:30:17:500-24988	TLTX25		OTHER	PAIRED	NextSeq 2000	1127510	56375500	Homo sapiens
ERR14278605	SAMEA117636889	ena-SAMPLE-TAB-28-01-2025-22:30:17:500-24990	TLTX18		OTHER	PAIRED	NextSeq 2000	1393550	69677500	Homo sapiens
ERR14306260	SAMEA117636887	ena-SAMPLE-TAB-28-01-2025-22:30:17:500-24988	TLTX25		OTHER	PAIRED	NextSeq 2000	1246925	62346250	Homo sapiens
ERR14278618	SAMEA117636889	ena-SAMPLE-TAB-28-01-2025-22:30:17:500-24990	TLTX18		OTHER	PAIRED	NextSeq 2000	4362	218100	Homo sapiens
ERR14306264	SAMEA117636887	ena-SAMPLE-TAB-28-01-2025-22:30:17:500-24988	TLTX25		OTHER	PAIRED	NextSeq 2000	1585249	79262450	Homo sapiens
ERR14278622	SAMEA117636889	ena-SAMPLE-TAB-28-01-2025-22:30:17:500-24990	TLTX18		OTHER	PAIRED	NextSeq 2000	1610824	80541200	Homo sapiens
ERR14306269	SAMEA117636887	ena-SAMPLE-TAB-28-01-2025-22:30:17:500-24988	TLTX25		OTHER	PAIRED	NextSeq 2000	777219	38860950	Homo sapiens
ERR14278625	SAMEA117636889	ena-SAMPLE-TAB-28-01-2025-22:30:17:500-24990	TLTX18		OTHER	PAIRED	NextSeq 2000	987776	49388800	Homo sapiens
ERR14306289	SAMEA117636887	ena-SAMPLE-TAB-28-01-2025-22:30:17:500-24988	TLTX25		OTHER	PAIRED	NextSeq 2000	755310	37765500	Homo sapiens
ERR14278634	SAMEA117636889	ena-SAMPLE-TAB-28-01-2025-22:30:17:500-24990	TLTX18		OTHER	PAIRED	NextSeq 2000	3082	154100	Homo sapiens
ERR14306290	SAMEA117636887	ena-SAMPLE-TAB-28-01-2025-22:30:17:500-24988	TLTX25		OTHER	PAIRED	NextSeq 2000	1172394	58619700	Homo sapiens
ERR14278637	SAMEA117636889	ena-SAMPLE-TAB-28-01-2025-22:30:17:500-24990	TLTX18		OTHER	PAIRED	NextSeq 2000	3270	163500	Homo sapiens
ERR14306347	SAMEA117636887	ena-SAMPLE-TAB-28-01-2025-22:30:17:500-24988	TLTX25		OTHER	PAIRED	NextSeq 2000	1352968	67648400	Homo sapiens
ERR14278638	SAMEA117636889	ena-SAMPLE-TAB-28-01-2025-22:30:17:500-24990	TLTX18		OTHER	PAIRED	NextSeq 2000	3360	168000	Homo sapiens
ERR14278641	SAMEA117636889	ena-SAMPLE-TAB-28-01-2025-22:30:17:500-24990	TLTX18		OTHER	PAIRED	NextSeq 2000	1937260	96863000	Homo sapiens
ERR14306373	SAMEA117636887	ena-SAMPLE-TAB-28-01-2025-22:30:17:500-24988	TLTX25		OTHER	PAIRED	NextSeq 2000	1075326	53766300	Homo sapiens
ERR14278644	SAMEA117636889	ena-SAMPLE-TAB-28-01-2025-22:30:17:500-24990	TLTX18		OTHER	PAIRED	NextSeq 2000	2988	149400	Homo sapiens
ERR14306384	SAMEA117636887	ena-SAMPLE-TAB-28-01-2025-22:30:17:500-24988	TLTX25		OTHER	PAIRED	NextSeq 2000	1088634	54431700	Homo sapiens
ERR14278647	SAMEA117636889	ena-SAMPLE-TAB-28-01-2025-22:30:17:500-24990	TLTX18		OTHER	PAIRED	NextSeq 2000	5412	270600	Homo sapiens
ERR14314256	SAMEA117636887	ena-SAMPLE-TAB-28-01-2025-22:30:17:500-24988	TLTX25		OTHER	SINGLE	NextSeq 2000	1	50	Homo sapiens
ERR14278660	SAMEA117636889	ena-SAMPLE-TAB-28-01-2025-22:30:17:500-24990	TLTX18		OTHER	PAIRED	NextSeq 2000	1693938	84696900	Homo sapiens
ERR14278662	SAMEA117636889	ena-SAMPLE-TAB-28-01-2025-22:30:17:500-24990	TLTX18		OTHER	PAIRED	NextSeq 2000	3676	183800	Homo sapiens
ERR14314257	SAMEA117636887	ena-SAMPLE-TAB-28-01-2025-22:30:17:500-24988	TLTX25		OTHER	SINGLE	NextSeq 2000	1	50	Homo sapiens
ERR14278667	SAMEA117636889	ena-SAMPLE-TAB-28-01-2025-22:30:17:500-24990	TLTX18		OTHER	PAIRED	NextSeq 2000	2680	134000	Homo sapiens
ERR14314259	SAMEA117636887	ena-SAMPLE-TAB-28-01-2025-22:30:17:500-24988	TLTX25		OTHER	SINGLE	NextSeq 2000	1	50	Homo sapiens
ERR14278669	SAMEA117636889	ena-SAMPLE-TAB-28-01-2025-22:30:17:500-24990	TLTX18		OTHER	PAIRED	NextSeq 2000	2818	140900	Homo sapiens
ERR14314263	SAMEA117636887	ena-SAMPLE-TAB-28-01-2025-22:30:17:500-24988	TLTX25		OTHER	SINGLE	NextSeq 2000	1	50	Homo sapiens
ERR14278673	SAMEA117636889	ena-SAMPLE-TAB-28-01-2025-22:30:17:500-24990	TLTX18		OTHER	PAIRED	NextSeq 2000	1706050	85302500	Homo sapiens
ERR14314302	SAMEA117636888	ena-SAMPLE-TAB-28-01-2025-22:30:17:500-24989	TLTX33		OTHER	PAIRED	NextSeq 2000	1160426	58021300	Homo sapiens
ERR14278677	SAMEA117636889	ena-SAMPLE-TAB-28-01-2025-22:30:17:500-24990	TLTX18		OTHER	PAIRED	NextSeq 2000	1775130	88756500	Homo sapiens
ERR14314305	SAMEA117636888	ena-SAMPLE-TAB-28-01-2025-22:30:17:500-24989	TLTX33		OTHER	PAIRED	NextSeq 2000	293169	14658450	Homo sapiens
ERR14314321	SAMEA117636888	ena-SAMPLE-TAB-28-01-2025-22:30:17:500-24989	TLTX33		OTHER	PAIRED	NextSeq 2000	1293388	64669400	Homo sapiens
ERR14278678	SAMEA117636889	ena-SAMPLE-TAB-28-01-2025-22:30:17:500-24990	TLTX18		OTHER	PAIRED	NextSeq 2000	3086	154300	Homo sapiens
ERR14278680	SAMEA117636889	ena-SAMPLE-TAB-28-01-2025-22:30:17:500-24990	TLTX18		OTHER	PAIRED	NextSeq 2000	2302	115100	Homo sapiens
ERR14314334	SAMEA117636888	ena-SAMPLE-TAB-28-01-2025-22:30:17:500-24989	TLTX33		OTHER	PAIRED	NextSeq 2000	219781	10989050	Homo sapiens
ERR14278681	SAMEA117636889	ena-SAMPLE-TAB-28-01-2025-22:30:17:500-24990	TLTX18		OTHER	PAIRED	NextSeq 2000	4512	225600	Homo sapiens
ERR14314339	SAMEA117636888	ena-SAMPLE-TAB-28-01-2025-22:30:17:500-24989	TLTX33		OTHER	PAIRED	NextSeq 2000	1069262	53463100	Homo sapiens
ERR14314357	SAMEA117636888	ena-SAMPLE-TAB-28-01-2025-22:30:17:500-24989	TLTX33		OTHER	PAIRED	NextSeq 2000	1110152	55507600	Homo sapiens
ERR14278685	SAMEA117636889	ena-SAMPLE-TAB-28-01-2025-22:30:17:500-24990	TLTX18		OTHER	PAIRED	NextSeq 2000	3820610	191030500	Homo sapiens
ERR14314373	SAMEA117636888	ena-SAMPLE-TAB-28-01-2025-22:30:17:500-24989	TLTX33		OTHER	PAIRED	NextSeq 2000	568613	28430650	Homo sapiens
ERR14278693	SAMEA117636889	ena-SAMPLE-TAB-28-01-2025-22:30:17:500-24990	TLTX18		OTHER	PAIRED	NextSeq 2000	1886	94300	Homo sapiens
ERR14278702	SAMEA117636889	ena-SAMPLE-TAB-28-01-2025-22:30:17:500-24990	TLTX18		OTHER	PAIRED	NextSeq 2000	1716	85800	Homo sapiens
ERR14314374	SAMEA117636888	ena-SAMPLE-TAB-28-01-2025-22:30:17:500-24989	TLTX33		OTHER	PAIRED	NextSeq 2000	1279330	63966500	Homo sapiens
ERR14278721	SAMEA117636889	ena-SAMPLE-TAB-28-01-2025-22:30:17:500-24990	TLTX18		OTHER	PAIRED	NextSeq 2000	1552	77600	Homo sapiens
ERR14314382	SAMEA117636888	ena-SAMPLE-TAB-28-01-2025-22:30:17:500-24989	TLTX33		OTHER	PAIRED	NextSeq 2000	922373	46118650	Homo sapiens
ERR14278728	SAMEA117636889	ena-SAMPLE-TAB-28-01-2025-22:30:17:500-24990	TLTX18		OTHER	PAIRED	NextSeq 2000	832	41600	Homo sapiens
ERR14314401	SAMEA117636888	ena-SAMPLE-TAB-28-01-2025-22:30:17:500-24989	TLTX33		OTHER	PAIRED	NextSeq 2000	1557170	77858500	Homo sapiens
ERR14278729	SAMEA117636889	ena-SAMPLE-TAB-28-01-2025-22:30:17:500-24990	TLTX18		OTHER	PAIRED	NextSeq 2000	1132	56600	Homo sapiens
ERR14314459	SAMEA117636888	ena-SAMPLE-TAB-28-01-2025-22:30:17:500-24989	TLTX33		OTHER	PAIRED	NextSeq 2000	1970852	98542600	Homo sapiens
ERR14278732	SAMEA117636889	ena-SAMPLE-TAB-28-01-2025-22:30:17:500-24990	TLTX18		OTHER	PAIRED	NextSeq 2000	1404	70200	Homo sapiens
ERR14314493	SAMEA117636888	ena-SAMPLE-TAB-28-01-2025-22:30:17:500-24989	TLTX33		OTHER	PAIRED	NextSeq 2000	805284	40264200	Homo sapiens
ERR14278745	SAMEA117636889	ena-SAMPLE-TAB-28-01-2025-22:30:17:500-24990	TLTX18		OTHER	PAIRED	NextSeq 2000	998	49900	Homo sapiens
ERR14314544	SAMEA117636888	ena-SAMPLE-TAB-28-01-2025-22:30:17:500-24989	TLTX33		OTHER	PAIRED	NextSeq 2000	1244914	62245700	Homo sapiens
ERR14278762	SAMEA117636889	ena-SAMPLE-TAB-28-01-2025-22:30:17:500-24990	TLTX18		OTHER	PAIRED	NextSeq 2000	1872136	93606800	Homo sapiens
ERR14314557	SAMEA117636888	ena-SAMPLE-TAB-28-01-2025-22:30:17:500-24989	TLTX33		OTHER	PAIRED	NextSeq 2000	1044379	52218950	Homo sapiens
ERR14314565	SAMEA117636888	ena-SAMPLE-TAB-28-01-2025-22:30:17:500-24989	TLTX33		OTHER	PAIRED	NextSeq 2000	1066801	53340050	Homo sapiens
ERR14278764	SAMEA117636889	ena-SAMPLE-TAB-28-01-2025-22:30:17:500-24990	TLTX18		OTHER	PAIRED	NextSeq 2000	1766898	88344900	Homo sapiens
ERR14314614	SAMEA117636888	ena-SAMPLE-TAB-28-01-2025-22:30:17:500-24989	TLTX33		OTHER	PAIRED	NextSeq 2000	1035588	51779400	Homo sapiens
ERR14278765	SAMEA117636889	ena-SAMPLE-TAB-28-01-2025-22:30:17:500-24990	TLTX18		OTHER	PAIRED	NextSeq 2000	2174	108700	Homo sapiens
ERR14278770	SAMEA117636889	ena-SAMPLE-TAB-28-01-2025-22:30:17:500-24990	TLTX18		OTHER	PAIRED	NextSeq 2000	1542	77100	Homo sapiens
ERR14314627	SAMEA117636888	ena-SAMPLE-TAB-28-01-2025-22:30:17:500-24989	TLTX33		OTHER	PAIRED	NextSeq 2000	1209634	60481700	Homo sapiens
ERR14278785	SAMEA117636889	ena-SAMPLE-TAB-28-01-2025-22:30:17:500-24990	TLTX18		OTHER	PAIRED	NextSeq 2000	1060	53000	Homo sapiens
ERR14314629	SAMEA117636888	ena-SAMPLE-TAB-28-01-2025-22:30:17:500-24989	TLTX33		OTHER	PAIRED	NextSeq 2000	909128	45456400	Homo sapiens
ERR14278790	SAMEA117636889	ena-SAMPLE-TAB-28-01-2025-22:30:17:500-24990	TLTX18		OTHER	PAIRED	NextSeq 2000	1946	97300	Homo sapiens
ERR14314630	SAMEA117636888	ena-SAMPLE-TAB-28-01-2025-22:30:17:500-24989	TLTX33		OTHER	PAIRED	NextSeq 2000	1087427	54371350	Homo sapiens
ERR14278799	SAMEA117636889	ena-SAMPLE-TAB-28-01-2025-22:30:17:500-24990	TLTX18		OTHER	PAIRED	NextSeq 2000	1422960	71148000	Homo sapiens
ERR14314651	SAMEA117636888	ena-SAMPLE-TAB-28-01-2025-22:30:17:500-24989	TLTX33		OTHER	PAIRED	NextSeq 2000	1144517	57225850	Homo sapiens
ERR14278807	SAMEA117636889	ena-SAMPLE-TAB-28-01-2025-22:30:17:500-24990	TLTX18		OTHER	PAIRED	NextSeq 2000	1772492	88624600	Homo sapiens
ERR14314805	SAMEA117636888	ena-SAMPLE-TAB-28-01-2025-22:30:17:500-24989	TLTX33		OTHER	PAIRED	NextSeq 2000	1248644	62432200	Homo sapiens
ERR14314824	SAMEA117636888	ena-SAMPLE-TAB-28-01-2025-22:30:17:500-24989	TLTX33		OTHER	PAIRED	NextSeq 2000	1228015	61400750	Homo sapiens
ERR14314825	SAMEA117636888	ena-SAMPLE-TAB-28-01-2025-22:30:17:500-24989	TLTX33		OTHER	PAIRED	NextSeq 2000	1242149	62107450	Homo sapiens
ERR14278809	SAMEA117636889	ena-SAMPLE-TAB-28-01-2025-22:30:17:500-24990	TLTX18		OTHER	PAIRED	NextSeq 2000	1354312	67715600	Homo sapiens
ERR14314861	SAMEA117636888	ena-SAMPLE-TAB-28-01-2025-22:30:17:500-24989	TLTX33		OTHER	PAIRED	NextSeq 2000	1461364	73068200	Homo sapiens
ERR14314863	SAMEA117636888	ena-SAMPLE-TAB-28-01-2025-22:30:17:500-24989	TLTX33		OTHER	PAIRED	NextSeq 2000	1216859	60842950	Homo sapiens
ERR14278814	SAMEA117636889	ena-SAMPLE-TAB-28-01-2025-22:30:17:500-24990	TLTX18		OTHER	PAIRED	NextSeq 2000	1736432	86821600	Homo sapiens
ERR14278818	SAMEA117636889	ena-SAMPLE-TAB-28-01-2025-22:30:17:500-24990	TLTX18		OTHER	PAIRED	NextSeq 2000	1884	94200	Homo sapiens
ERR14314874	SAMEA117636888	ena-SAMPLE-TAB-28-01-2025-22:30:17:500-24989	TLTX33		OTHER	PAIRED	NextSeq 2000	1173282	58664100	Homo sapiens
ERR14278822	SAMEA117636889	ena-SAMPLE-TAB-28-01-2025-22:30:17:500-24990	TLTX18		OTHER	PAIRED	NextSeq 2000	2014	100700	Homo sapiens
ERR14314879	SAMEA117636888	ena-SAMPLE-TAB-28-01-2025-22:30:17:500-24989	TLTX33		OTHER	PAIRED	NextSeq 2000	159942	7997100	Homo sapiens
ERR14314881	SAMEA117636888	ena-SAMPLE-TAB-28-01-2025-22:30:17:500-24989	TLTX33		OTHER	PAIRED	NextSeq 2000	922197	46109850	Homo sapiens
ERR14278823	SAMEA117636889	ena-SAMPLE-TAB-28-01-2025-22:30:17:500-24990	TLTX18		OTHER	PAIRED	NextSeq 2000	934	46700	Homo sapiens
ERR14314911	SAMEA117636888	ena-SAMPLE-TAB-28-01-2025-22:30:17:500-24989	TLTX33		OTHER	PAIRED	NextSeq 2000	1021425	51071250	Homo sapiens
ERR14278824	SAMEA117636889	ena-SAMPLE-TAB-28-01-2025-22:30:17:500-24990	TLTX18		OTHER	PAIRED	NextSeq 2000	1448350	72417500	Homo sapiens
ERR14314956	SAMEA117636888	ena-SAMPLE-TAB-28-01-2025-22:30:17:500-24989	TLTX33		OTHER	PAIRED	NextSeq 2000	1391080	69554000	Homo sapiens
ERR14314984	SAMEA117636888	ena-SAMPLE-TAB-28-01-2025-22:30:17:500-24989	TLTX33		OTHER	PAIRED	NextSeq 2000	754456	37722800	Homo sapiens
ERR14278825	SAMEA117636889	ena-SAMPLE-TAB-28-01-2025-22:30:17:500-24990	TLTX18		OTHER	PAIRED	NextSeq 2000	2390	119500	Homo sapiens
ERR14278829	SAMEA117636889	ena-SAMPLE-TAB-28-01-2025-22:30:17:500-24990	TLTX18		OTHER	PAIRED	NextSeq 2000	2382	119100	Homo sapiens
ERR14315033	SAMEA117636888	ena-SAMPLE-TAB-28-01-2025-22:30:17:500-24989	TLTX33		OTHER	PAIRED	NextSeq 2000	1220964	61048200	Homo sapiens
ERR14278832	SAMEA117636889	ena-SAMPLE-TAB-28-01-2025-22:30:17:500-24990	TLTX18		OTHER	PAIRED	NextSeq 2000	1558	77900	Homo sapiens
ERR14315048	SAMEA117636888	ena-SAMPLE-TAB-28-01-2025-22:30:17:500-24989	TLTX33		OTHER	PAIRED	NextSeq 2000	1883156	94157800	Homo sapiens
ERR14278836	SAMEA117636889	ena-SAMPLE-TAB-28-01-2025-22:30:17:500-24990	TLTX18		OTHER	PAIRED	NextSeq 2000	2430866	121543300	Homo sapiens
ERR14278843	SAMEA117636889	ena-SAMPLE-TAB-28-01-2025-22:30:17:500-24990	TLTX18		OTHER	PAIRED	NextSeq 2000	1840252	92012600	Homo sapiens
ERR14315084	SAMEA117636888	ena-SAMPLE-TAB-28-01-2025-22:30:17:500-24989	TLTX33		OTHER	PAIRED	NextSeq 2000	1496048	74802400	Homo sapiens
ERR14278845	SAMEA117636889	ena-SAMPLE-TAB-28-01-2025-22:30:17:500-24990	TLTX18		OTHER	PAIRED	NextSeq 2000	1700480	85024000	Homo sapiens
ERR14315110	SAMEA117636888	ena-SAMPLE-TAB-28-01-2025-22:30:17:500-24989	TLTX33		OTHER	PAIRED	NextSeq 2000	486865	24343250	Homo sapiens
ERR14278846	SAMEA117636889	ena-SAMPLE-TAB-28-01-2025-22:30:17:500-24990	TLTX18		OTHER	PAIRED	NextSeq 2000	1750	87500	Homo sapiens
ERR14315114	SAMEA117636888	ena-SAMPLE-TAB-28-01-2025-22:30:17:500-24989	TLTX33		OTHER	PAIRED	NextSeq 2000	978005	48900250	Homo sapiens
ERR14278847	SAMEA117636889	ena-SAMPLE-TAB-28-01-2025-22:30:17:500-24990	TLTX18		OTHER	PAIRED	NextSeq 2000	1931154	96557700	Homo sapiens
ERR14315134	SAMEA117636888	ena-SAMPLE-TAB-28-01-2025-22:30:17:500-24989	TLTX33		OTHER	PAIRED	NextSeq 2000	1237779	61888950	Homo sapiens
ERR14278851	SAMEA117636889	ena-SAMPLE-TAB-28-01-2025-22:30:17:500-24990	TLTX18		OTHER	PAIRED	NextSeq 2000	2154	107700	Homo sapiens
ERR14315163	SAMEA117636888	ena-SAMPLE-TAB-28-01-2025-22:30:17:500-24989	TLTX33		OTHER	PAIRED	NextSeq 2000	1285927	64296350	Homo sapiens
ERR14278854	SAMEA117636889	ena-SAMPLE-TAB-28-01-2025-22:30:17:500-24990	TLTX18		OTHER	PAIRED	NextSeq 2000	1680	84000	Homo sapiens
ERR14315167	SAMEA117636888	ena-SAMPLE-TAB-28-01-2025-22:30:17:500-24989	TLTX33		OTHER	PAIRED	NextSeq 2000	314472	15723600	Homo sapiens
ERR14278857	SAMEA117636889	ena-SAMPLE-TAB-28-01-2025-22:30:17:500-24990	TLTX18		OTHER	PAIRED	NextSeq 2000	886	44300	Homo sapiens
ERR14315178	SAMEA117636888	ena-SAMPLE-TAB-28-01-2025-22:30:17:500-24989	TLTX33		OTHER	PAIRED	NextSeq 2000	1656813	82840650	Homo sapiens
ERR14278859	SAMEA117636889	ena-SAMPLE-TAB-28-01-2025-22:30:17:500-24990	TLTX18		OTHER	PAIRED	NextSeq 2000	1170	58500	Homo sapiens
ERR14315190	SAMEA117636888	ena-SAMPLE-TAB-28-01-2025-22:30:17:500-24989	TLTX33		OTHER	PAIRED	NextSeq 2000	1705372	85268600	Homo sapiens
ERR14278860	SAMEA117636889	ena-SAMPLE-TAB-28-01-2025-22:30:17:500-24990	TLTX18		OTHER	PAIRED	NextSeq 2000	1556	77800	Homo sapiens
ERR14315209	SAMEA117636888	ena-SAMPLE-TAB-28-01-2025-22:30:17:500-24989	TLTX33		OTHER	PAIRED	NextSeq 2000	1079717	53985850	Homo sapiens
ERR14278863	SAMEA117636889	ena-SAMPLE-TAB-28-01-2025-22:30:17:500-24990	TLTX18		OTHER	PAIRED	NextSeq 2000	2722	136100	Homo sapiens
ERR14315213	SAMEA117636888	ena-SAMPLE-TAB-28-01-2025-22:30:17:500-24989	TLTX33		OTHER	PAIRED	NextSeq 2000	1791854	89592700	Homo sapiens
ERR14315219	SAMEA117636888	ena-SAMPLE-TAB-28-01-2025-22:30:17:500-24989	TLTX33		OTHER	PAIRED	NextSeq 2000	919233	45961650	Homo sapiens
ERR14315226	SAMEA117636888	ena-SAMPLE-TAB-28-01-2025-22:30:17:500-24989	TLTX33		OTHER	PAIRED	NextSeq 2000	1060483	53024150	Homo sapiens
ERR14295805	SAMEA117636887	ena-SAMPLE-TAB-28-01-2025-22:30:17:500-24988	TLTX25		OTHER	PAIRED	NextSeq 2000	893817	44690850	Homo sapiens
ERR14315228	SAMEA117636888	ena-SAMPLE-TAB-28-01-2025-22:30:17:500-24989	TLTX33		OTHER	PAIRED	NextSeq 2000	871976	43598800	Homo sapiens
ERR14295858	SAMEA117636887	ena-SAMPLE-TAB-28-01-2025-22:30:17:500-24988	TLTX25		OTHER	PAIRED	NextSeq 2000	916004	45800200	Homo sapiens
ERR14315235	SAMEA117636888	ena-SAMPLE-TAB-28-01-2025-22:30:17:500-24989	TLTX33		OTHER	PAIRED	NextSeq 2000	1245582	62279100	Homo sapiens
ERR14295875	SAMEA117636887	ena-SAMPLE-TAB-28-01-2025-22:30:17:500-24988	TLTX25		OTHER	PAIRED	NextSeq 2000	1016152	50807600	Homo sapiens
ERR14315242	SAMEA117636888	ena-SAMPLE-TAB-28-01-2025-22:30:17:500-24989	TLTX33		OTHER	PAIRED	NextSeq 2000	1249846	62492300	Homo sapiens
ERR14315256	SAMEA117636888	ena-SAMPLE-TAB-28-01-2025-22:30:17:500-24989	TLTX33		OTHER	PAIRED	NextSeq 2000	1801309	90065450	Homo sapiens
ERR14295890	SAMEA117636887	ena-SAMPLE-TAB-28-01-2025-22:30:17:500-24988	TLTX25		OTHER	PAIRED	NextSeq 2000	1263882	63194100	Homo sapiens
ERR14315257	SAMEA117636888	ena-SAMPLE-TAB-28-01-2025-22:30:17:500-24989	TLTX33		OTHER	PAIRED	NextSeq 2000	900779	45038950	Homo sapiens
ERR14295903	SAMEA117636887	ena-SAMPLE-TAB-28-01-2025-22:30:17:500-24988	TLTX25		OTHER	PAIRED	NextSeq 2000	1146489	57324450	Homo sapiens
ERR14295961	SAMEA117636887	ena-SAMPLE-TAB-28-01-2025-22:30:17:500-24988	TLTX25		OTHER	PAIRED	NextSeq 2000	1828844	91442200	Homo sapiens
ERR14315266	SAMEA117636888	ena-SAMPLE-TAB-28-01-2025-22:30:17:500-24989	TLTX33		OTHER	PAIRED	NextSeq 2000	1683024	84151200	Homo sapiens
ERR14295996	SAMEA117636887	ena-SAMPLE-TAB-28-01-2025-22:30:17:500-24988	TLTX25		OTHER	PAIRED	NextSeq 2000	1500489	75024450	Homo sapiens
ERR14315269	SAMEA117636888	ena-SAMPLE-TAB-28-01-2025-22:30:17:500-24989	TLTX33		OTHER	PAIRED	NextSeq 2000	1059293	52964650	Homo sapiens
ERR14296002	SAMEA117636887	ena-SAMPLE-TAB-28-01-2025-22:30:17:500-24988	TLTX25		OTHER	PAIRED	NextSeq 2000	922765	46138250	Homo sapiens
ERR14315273	SAMEA117636888	ena-SAMPLE-TAB-28-01-2025-22:30:17:500-24989	TLTX33		OTHER	PAIRED	NextSeq 2000	1495134	74756700	Homo sapiens
ERR14296026	SAMEA117636887	ena-SAMPLE-TAB-28-01-2025-22:30:17:500-24988	TLTX25		OTHER	PAIRED	NextSeq 2000	854057	42702850	Homo sapiens
ERR14315287	SAMEA117636888	ena-SAMPLE-TAB-28-01-2025-22:30:17:500-24989	TLTX33		OTHER	PAIRED	NextSeq 2000	1207116	60355800	Homo sapiens
ERR14296036	SAMEA117636887	ena-SAMPLE-TAB-28-01-2025-22:30:17:500-24988	TLTX25		OTHER	PAIRED	NextSeq 2000	1092734	54636700	Homo sapiens
ERR14296064	SAMEA117636887	ena-SAMPLE-TAB-28-01-2025-22:30:17:500-24988	TLTX25		OTHER	PAIRED	NextSeq 2000	988026	49401300	Homo sapiens
ERR14315325	SAMEA117636888	ena-SAMPLE-TAB-28-01-2025-22:30:17:500-24989	TLTX33		OTHER	PAIRED	NextSeq 2000	1517524	75876200	Homo sapiens
ERR14296077	SAMEA117636887	ena-SAMPLE-TAB-28-01-2025-22:30:17:500-24988	TLTX25		OTHER	PAIRED	NextSeq 2000	989427	49471350	Homo sapiens
ERR14315327	SAMEA117636888	ena-SAMPLE-TAB-28-01-2025-22:30:17:500-24989	TLTX33		OTHER	PAIRED	NextSeq 2000	421274	21063700	Homo sapiens
ERR14296088	SAMEA117636887	ena-SAMPLE-TAB-28-01-2025-22:30:17:500-24988	TLTX25		OTHER	PAIRED	NextSeq 2000	887470	44373500	Homo sapiens
ERR14296089	SAMEA117636887	ena-SAMPLE-TAB-28-01-2025-22:30:17:500-24988	TLTX25		OTHER	PAIRED	NextSeq 2000	700419	35020950	Homo sapiens
ERR14315360	SAMEA117636888	ena-SAMPLE-TAB-28-01-2025-22:30:17:500-24989	TLTX33		OTHER	PAIRED	NextSeq 2000	708831	35441550	Homo sapiens
ERR14296119	SAMEA117636887	ena-SAMPLE-TAB-28-01-2025-22:30:17:500-24988	TLTX25		OTHER	PAIRED	NextSeq 2000	722375	36118750	Homo sapiens
ERR14315370	SAMEA117636888	ena-SAMPLE-TAB-28-01-2025-22:30:17:500-24989	TLTX33		OTHER	PAIRED	NextSeq 2000	563161	28158050	Homo sapiens
ERR14296134	SAMEA117636887	ena-SAMPLE-TAB-28-01-2025-22:30:17:500-24988	TLTX25		OTHER	PAIRED	NextSeq 2000	907003	45350150	Homo sapiens
ERR14315385	SAMEA117636888	ena-SAMPLE-TAB-28-01-2025-22:30:17:500-24989	TLTX33		OTHER	PAIRED	NextSeq 2000	1125082	56254100	Homo sapiens
ERR14315402	SAMEA117636888	ena-SAMPLE-TAB-28-01-2025-22:30:17:500-24989	TLTX33		OTHER	PAIRED	NextSeq 2000	1296885	64844250	Homo sapiens
ERR14296177	SAMEA117636887	ena-SAMPLE-TAB-28-01-2025-22:30:17:500-24988	TLTX25		OTHER	PAIRED	NextSeq 2000	1488340	74417000	Homo sapiens
ERR14315404	SAMEA117636888	ena-SAMPLE-TAB-28-01-2025-22:30:17:500-24989	TLTX33		OTHER	PAIRED	NextSeq 2000	1232339	61616950	Homo sapiens
ERR14315451	SAMEA117636888	ena-SAMPLE-TAB-28-01-2025-22:30:17:500-24989	TLTX33		OTHER	PAIRED	NextSeq 2000	1991366	99568300	Homo sapiens
ERR14296194	SAMEA117636887	ena-SAMPLE-TAB-28-01-2025-22:30:17:500-24988	TLTX25		OTHER	PAIRED	NextSeq 2000	1071084	53554200	Homo sapiens
ERR14315454	SAMEA117636888	ena-SAMPLE-TAB-28-01-2025-22:30:17:500-24989	TLTX33		OTHER	PAIRED	NextSeq 2000	1928681	96434050	Homo sapiens
ERR14296200	SAMEA117636887	ena-SAMPLE-TAB-28-01-2025-22:30:17:500-24988	TLTX25		OTHER	PAIRED	NextSeq 2000	925702	46285100	Homo sapiens
ERR14315461	SAMEA117636888	ena-SAMPLE-TAB-28-01-2025-22:30:17:500-24989	TLTX33		OTHER	PAIRED	NextSeq 2000	1573013	78650650	Homo sapiens
ERR14296270	SAMEA117636887	ena-SAMPLE-TAB-28-01-2025-22:30:17:500-24988	TLTX25		OTHER	PAIRED	NextSeq 2000	1634512	81725600	Homo sapiens
ERR14296283	SAMEA117636887	ena-SAMPLE-TAB-28-01-2025-22:30:17:500-24988	TLTX25		OTHER	PAIRED	NextSeq 2000	1311587	65579350	Homo sapiens
ERR14315511	SAMEA117636888	ena-SAMPLE-TAB-28-01-2025-22:30:17:500-24989	TLTX33		OTHER	PAIRED	NextSeq 2000	1036435	51821750	Homo sapiens
ERR14315557	SAMEA117636888	ena-SAMPLE-TAB-28-01-2025-22:30:17:500-24989	TLTX33		OTHER	PAIRED	NextSeq 2000	1101072	55053600	Homo sapiens
ERR14296318	SAMEA117636887	ena-SAMPLE-TAB-28-01-2025-22:30:17:500-24988	TLTX25		OTHER	PAIRED	NextSeq 2000	685386	34269300	Homo sapiens
ERR14296336	SAMEA117636887	ena-SAMPLE-TAB-28-01-2025-22:30:17:500-24988	TLTX25		OTHER	PAIRED	NextSeq 2000	1499424	74971200	Homo sapiens
ERR14315568	SAMEA117636888	ena-SAMPLE-TAB-28-01-2025-22:30:17:500-24989	TLTX33		OTHER	PAIRED	NextSeq 2000	958207	47910350	Homo sapiens
ERR14296352	SAMEA117636887	ena-SAMPLE-TAB-28-01-2025-22:30:17:500-24988	TLTX25		OTHER	PAIRED	NextSeq 2000	1166487	58324350	Homo sapiens
ERR14315579	SAMEA117636888	ena-SAMPLE-TAB-28-01-2025-22:30:17:500-24989	TLTX33		OTHER	PAIRED	NextSeq 2000	710000	35500000	Homo sapiens
ERR14296357	SAMEA117636887	ena-SAMPLE-TAB-28-01-2025-22:30:17:500-24988	TLTX25		OTHER	PAIRED	NextSeq 2000	1320599	66029950	Homo sapiens
ERR14315584	SAMEA117636888	ena-SAMPLE-TAB-28-01-2025-22:30:17:500-24989	TLTX33		OTHER	PAIRED	NextSeq 2000	911338	45566900	Homo sapiens
ERR14296428	SAMEA117636887	ena-SAMPLE-TAB-28-01-2025-22:30:17:500-24988	TLTX25		OTHER	PAIRED	NextSeq 2000	555423	27771150	Homo sapiens
ERR14315585	SAMEA117636888	ena-SAMPLE-TAB-28-01-2025-22:30:17:500-24989	TLTX33		OTHER	PAIRED	NextSeq 2000	1838079	91903950	Homo sapiens
ERR14296445	SAMEA117636887	ena-SAMPLE-TAB-28-01-2025-22:30:17:500-24988	TLTX25		OTHER	PAIRED	NextSeq 2000	1130925	56546250	Homo sapiens
ERR14315597	SAMEA117636888	ena-SAMPLE-TAB-28-01-2025-22:30:17:500-24989	TLTX33		OTHER	PAIRED	NextSeq 2000	1010884	50544200	Homo sapiens
ERR14296461	SAMEA117636887	ena-SAMPLE-TAB-28-01-2025-22:30:17:500-24988	TLTX25		OTHER	PAIRED	NextSeq 2000	1491590	74579500	Homo sapiens
ERR14315615	SAMEA117636888	ena-SAMPLE-TAB-28-01-2025-22:30:17:500-24989	TLTX33		OTHER	PAIRED	NextSeq 2000	606628	30331400	Homo sapiens
ERR14296468	SAMEA117636887	ena-SAMPLE-TAB-28-01-2025-22:30:17:500-24988	TLTX25		OTHER	PAIRED	NextSeq 2000	1322225	66111250	Homo sapiens
ERR14315684	SAMEA117636888	ena-SAMPLE-TAB-28-01-2025-22:30:17:500-24989	TLTX33		OTHER	PAIRED	NextSeq 2000	1297396	64869800	Homo sapiens
ERR14296497	SAMEA117636887	ena-SAMPLE-TAB-28-01-2025-22:30:17:500-24988	TLTX25		OTHER	PAIRED	NextSeq 2000	1088103	54405150	Homo sapiens
ERR14315692	SAMEA117636888	ena-SAMPLE-TAB-28-01-2025-22:30:17:500-24989	TLTX33		OTHER	PAIRED	NextSeq 2000	926329	46316450	Homo sapiens
ERR14296518	SAMEA117636887	ena-SAMPLE-TAB-28-01-2025-22:30:17:500-24988	TLTX25		OTHER	PAIRED	NextSeq 2000	1253754	62687700	Homo sapiens
ERR14315708	SAMEA117636888	ena-SAMPLE-TAB-28-01-2025-22:30:17:500-24989	TLTX33		OTHER	PAIRED	NextSeq 2000	1274656	63732800	Homo sapiens
ERR14315733	SAMEA117636888	ena-SAMPLE-TAB-28-01-2025-22:30:17:500-24989	TLTX33		OTHER	PAIRED	NextSeq 2000	1664102	83205100	Homo sapiens
ERR14296573	SAMEA117636887	ena-SAMPLE-TAB-28-01-2025-22:30:17:500-24988	TLTX25		OTHER	PAIRED	NextSeq 2000	982322	49116100	Homo sapiens
ERR14315765	SAMEA117636888	ena-SAMPLE-TAB-28-01-2025-22:30:17:500-24989	TLTX33		OTHER	PAIRED	NextSeq 2000	908622	45431100	Homo sapiens
ERR14296578	SAMEA117636887	ena-SAMPLE-TAB-28-01-2025-22:30:17:500-24988	TLTX25		OTHER	PAIRED	NextSeq 2000	1281291	64064550	Homo sapiens
ERR14315801	SAMEA117636888	ena-SAMPLE-TAB-28-01-2025-22:30:17:500-24989	TLTX33		OTHER	PAIRED	NextSeq 2000	832731	41636550	Homo sapiens
ERR14296652	SAMEA117636887	ena-SAMPLE-TAB-28-01-2025-22:30:17:500-24988	TLTX25		OTHER	PAIRED	NextSeq 2000	1384020	69201000	Homo sapiens
ERR14315896	SAMEA117636888	ena-SAMPLE-TAB-28-01-2025-22:30:17:500-24989	TLTX33		OTHER	PAIRED	NextSeq 2000	2048205	102410250	Homo sapiens
ERR14296658	SAMEA117636887	ena-SAMPLE-TAB-28-01-2025-22:30:17:500-24988	TLTX25		OTHER	PAIRED	NextSeq 2000	1538186	76909300	Homo sapiens
ERR14315902	SAMEA117636888	ena-SAMPLE-TAB-28-01-2025-22:30:17:500-24989	TLTX33		OTHER	PAIRED	NextSeq 2000	1370490	68524500	Homo sapiens
ERR14296688	SAMEA117636887	ena-SAMPLE-TAB-28-01-2025-22:30:17:500-24988	TLTX25		OTHER	PAIRED	NextSeq 2000	1163318	58165900	Homo sapiens
ERR14315908	SAMEA117636888	ena-SAMPLE-TAB-28-01-2025-22:30:17:500-24989	TLTX33		OTHER	PAIRED	NextSeq 2000	1107459	55372950	Homo sapiens
ERR14296716	SAMEA117636887	ena-SAMPLE-TAB-28-01-2025-22:30:17:500-24988	TLTX25		OTHER	PAIRED	NextSeq 2000	1585934	79296700	Homo sapiens
ERR14315915	SAMEA117636888	ena-SAMPLE-TAB-28-01-2025-22:30:17:500-24989	TLTX33		OTHER	PAIRED	NextSeq 2000	1147934	57396700	Homo sapiens
ERR14296783	SAMEA117636887	ena-SAMPLE-TAB-28-01-2025-22:30:17:500-24988	TLTX25		OTHER	PAIRED	NextSeq 2000	1405369	70268450	Homo sapiens
ERR14315916	SAMEA117636888	ena-SAMPLE-TAB-28-01-2025-22:30:17:500-24989	TLTX33		OTHER	PAIRED	NextSeq 2000	1005948	50297400	Homo sapiens
ERR14296785	SAMEA117636887	ena-SAMPLE-TAB-28-01-2025-22:30:17:500-24988	TLTX25		OTHER	PAIRED	NextSeq 2000	1385074	69253700	Homo sapiens
ERR14315931	SAMEA117636888	ena-SAMPLE-TAB-28-01-2025-22:30:17:500-24989	TLTX33		OTHER	PAIRED	NextSeq 2000	1285878	64293900	Homo sapiens
ERR14315943	SAMEA117636888	ena-SAMPLE-TAB-28-01-2025-22:30:17:500-24989	TLTX33		OTHER	PAIRED	NextSeq 2000	1393729	69686450	Homo sapiens
ERR14296799	SAMEA117636887	ena-SAMPLE-TAB-28-01-2025-22:30:17:500-24988	TLTX25		OTHER	PAIRED	NextSeq 2000	1543734	77186700	Homo sapiens
ERR14315951	SAMEA117636888	ena-SAMPLE-TAB-28-01-2025-22:30:17:500-24989	TLTX33		OTHER	PAIRED	NextSeq 2000	1682290	84114500	Homo sapiens
ERR14296814	SAMEA117636887	ena-SAMPLE-TAB-28-01-2025-22:30:17:500-24988	TLTX25		OTHER	PAIRED	NextSeq 2000	890134	44506700	Homo sapiens
ERR14315970	SAMEA117636888	ena-SAMPLE-TAB-28-01-2025-22:30:17:500-24989	TLTX33		OTHER	PAIRED	NextSeq 2000	799822	39991100	Homo sapiens
ERR14315998	SAMEA117636888	ena-SAMPLE-TAB-28-01-2025-22:30:17:500-24989	TLTX33		OTHER	PAIRED	NextSeq 2000	1095895	54794750	Homo sapiens
ERR14296819	SAMEA117636887	ena-SAMPLE-TAB-28-01-2025-22:30:17:500-24988	TLTX25		OTHER	PAIRED	NextSeq 2000	1801000	90050000	Homo sapiens
ERR14316075	SAMEA117636888	ena-SAMPLE-TAB-28-01-2025-22:30:17:500-24989	TLTX33		OTHER	PAIRED	NextSeq 2000	244680	12234000	Homo sapiens
ERR14296838	SAMEA117636887	ena-SAMPLE-TAB-28-01-2025-22:30:17:500-24988	TLTX25		OTHER	PAIRED	NextSeq 2000	1623170	81158500	Homo sapiens
ERR14316088	SAMEA117636888	ena-SAMPLE-TAB-28-01-2025-22:30:17:500-24989	TLTX33		OTHER	PAIRED	NextSeq 2000	296419	14820950	Homo sapiens
ERR14296866	SAMEA117636887	ena-SAMPLE-TAB-28-01-2025-22:30:17:500-24988	TLTX25		OTHER	PAIRED	NextSeq 2000	1515278	75763900	Homo sapiens
ERR14316100	SAMEA117636888	ena-SAMPLE-TAB-28-01-2025-22:30:17:500-24989	TLTX33		OTHER	PAIRED	NextSeq 2000	1388822	69441100	Homo sapiens
ERR14316101	SAMEA117636888	ena-SAMPLE-TAB-28-01-2025-22:30:17:500-24989	TLTX33		OTHER	PAIRED	NextSeq 2000	1220960	61048000	Homo sapiens
ERR14296903	SAMEA117636887	ena-SAMPLE-TAB-28-01-2025-22:30:17:500-24988	TLTX25		OTHER	PAIRED	NextSeq 2000	958868	47943400	Homo sapiens
ERR14316107	SAMEA117636888	ena-SAMPLE-TAB-28-01-2025-22:30:17:500-24989	TLTX33		OTHER	PAIRED	NextSeq 2000	1247584	62379200	Homo sapiens
ERR14316112	SAMEA117636888	ena-SAMPLE-TAB-28-01-2025-22:30:17:500-24989	TLTX33		OTHER	PAIRED	NextSeq 2000	772658	38632900	Homo sapiens
ERR14296920	SAMEA117636887	ena-SAMPLE-TAB-28-01-2025-22:30:17:500-24988	TLTX25		OTHER	PAIRED	NextSeq 2000	2080590	104029500	Homo sapiens
ERR14316124	SAMEA117636888	ena-SAMPLE-TAB-28-01-2025-22:30:17:500-24989	TLTX33		OTHER	PAIRED	NextSeq 2000	923184	46159200	Homo sapiens
ERR14296949	SAMEA117636887	ena-SAMPLE-TAB-28-01-2025-22:30:17:500-24988	TLTX25		OTHER	PAIRED	NextSeq 2000	1359026	67951300	Homo sapiens
ERR14316132	SAMEA117636888	ena-SAMPLE-TAB-28-01-2025-22:30:17:500-24989	TLTX33		OTHER	PAIRED	NextSeq 2000	828681	41434050	Homo sapiens
ERR14296960	SAMEA117636887	ena-SAMPLE-TAB-28-01-2025-22:30:17:500-24988	TLTX25		OTHER	PAIRED	NextSeq 2000	1372506	68625300	Homo sapiens
ERR14316146	SAMEA117636888	ena-SAMPLE-TAB-28-01-2025-22:30:17:500-24989	TLTX33		OTHER	PAIRED	NextSeq 2000	664521	33226050	Homo sapiens
ERR14297072	SAMEA117636887	ena-SAMPLE-TAB-28-01-2025-22:30:17:500-24988	TLTX25		OTHER	PAIRED	NextSeq 2000	770872	38543600	Homo sapiens
ERR14316149	SAMEA117636888	ena-SAMPLE-TAB-28-01-2025-22:30:17:500-24989	TLTX33		OTHER	PAIRED	NextSeq 2000	1038131	51906550	Homo sapiens
ERR14297104	SAMEA117636887	ena-SAMPLE-TAB-28-01-2025-22:30:17:500-24988	TLTX25		OTHER	PAIRED	NextSeq 2000	1006816	50340800	Homo sapiens
ERR14297138	SAMEA117636887	ena-SAMPLE-TAB-28-01-2025-22:30:17:500-24988	TLTX25		OTHER	PAIRED	NextSeq 2000	1593402	79670100	Homo sapiens
ERR14316181	SAMEA117636888	ena-SAMPLE-TAB-28-01-2025-22:30:17:500-24989	TLTX33		OTHER	PAIRED	NextSeq 2000	374246	18712300	Homo sapiens
ERR14297154	SAMEA117636887	ena-SAMPLE-TAB-28-01-2025-22:30:17:500-24988	TLTX25		OTHER	PAIRED	NextSeq 2000	1750337	87516850	Homo sapiens
ERR14316204	SAMEA117636888	ena-SAMPLE-TAB-28-01-2025-22:30:17:500-24989	TLTX33		OTHER	PAIRED	NextSeq 2000	1008775	50438750	Homo sapiens
ERR14297160	SAMEA117636887	ena-SAMPLE-TAB-28-01-2025-22:30:17:500-24988	TLTX25		OTHER	PAIRED	NextSeq 2000	1759820	87991000	Homo sapiens
ERR14316215	SAMEA117636888	ena-SAMPLE-TAB-28-01-2025-22:30:17:500-24989	TLTX33		OTHER	PAIRED	NextSeq 2000	1021192	51059600	Homo sapiens
ERR14297206	SAMEA117636887	ena-SAMPLE-TAB-28-01-2025-22:30:17:500-24988	TLTX25		OTHER	PAIRED	NextSeq 2000	1416507	70825350	Homo sapiens
ERR14316237	SAMEA117636888	ena-SAMPLE-TAB-28-01-2025-22:30:17:500-24989	TLTX33		OTHER	PAIRED	NextSeq 2000	423220	21161000	Homo sapiens
ERR14297248	SAMEA117636887	ena-SAMPLE-TAB-28-01-2025-22:30:17:500-24988	TLTX25		OTHER	PAIRED	NextSeq 2000	1311385	65569250	Homo sapiens
ERR14297257	SAMEA117636887	ena-SAMPLE-TAB-28-01-2025-22:30:17:500-24988	TLTX25		OTHER	PAIRED	NextSeq 2000	790294	39514700	Homo sapiens
ERR14317619	SAMEA117636888	ena-SAMPLE-TAB-28-01-2025-22:30:17:500-24989	TLTX33		OTHER	PAIRED	NextSeq 2000	1153752	57687600	Homo sapiens
ERR14297302	SAMEA117636887	ena-SAMPLE-TAB-28-01-2025-22:30:17:500-24988	TLTX25		OTHER	PAIRED	NextSeq 2000	1235522	61776100	Homo sapiens
ERR14317633	SAMEA117636888	ena-SAMPLE-TAB-28-01-2025-22:30:17:500-24989	TLTX33		OTHER	PAIRED	NextSeq 2000	1145148	57257400	Homo sapiens
ERR14297334	SAMEA117636887	ena-SAMPLE-TAB-28-01-2025-22:30:17:500-24988	TLTX25		OTHER	PAIRED	NextSeq 2000	1102590	55129500	Homo sapiens
ERR14297381	SAMEA117636887	ena-SAMPLE-TAB-28-01-2025-22:30:17:500-24988	TLTX25		OTHER	PAIRED	NextSeq 2000	708962	35448100	Homo sapiens
ERR14317635	SAMEA117636888	ena-SAMPLE-TAB-28-01-2025-22:30:17:500-24989	TLTX33		OTHER	PAIRED	NextSeq 2000	994503	49725150	Homo sapiens
ERR14297388	SAMEA117636887	ena-SAMPLE-TAB-28-01-2025-22:30:17:500-24988	TLTX25		OTHER	PAIRED	NextSeq 2000	814088	40704400	Homo sapiens
ERR14216210	SAMEA117633235	T23.2T.A11	T23.2T.A11_WES		WXS	SINGLE	Illumina HiSeq 4000	46451778	6967766700	Homo sapiens
ERR14317659	SAMEA117636888	ena-SAMPLE-TAB-28-01-2025-22:30:17:500-24989	TLTX33		OTHER	PAIRED	NextSeq 2000	1078581	53929050	Homo sapiens
ERR14297393	SAMEA117636887	ena-SAMPLE-TAB-28-01-2025-22:30:17:500-24988	TLTX25		OTHER	PAIRED	NextSeq 2000	858572	42928600	Homo sapiens
ERR14317661	SAMEA117636888	ena-SAMPLE-TAB-28-01-2025-22:30:17:500-24989	TLTX33		OTHER	PAIRED	NextSeq 2000	1261124	63056200	Homo sapiens
ERR14216222	SAMEA117633247	T36.2N.A18	T36.2N.A18_WES		WXS	SINGLE	Illumina HiSeq 4000	80980614	12147092100	Homo sapiens
ERR14297397	SAMEA117636887	ena-SAMPLE-TAB-28-01-2025-22:30:17:500-24988	TLTX25		OTHER	PAIRED	NextSeq 2000	754027	37701350	Homo sapiens
ERR14317690	SAMEA117636888	ena-SAMPLE-TAB-28-01-2025-22:30:17:500-24989	TLTX33		OTHER	PAIRED	NextSeq 2000	1608206	80410300	Homo sapiens
ERR14216259	SAMEA117633272	TLTX18.2N.A15	TLTX18.2N.A15_WES		WXS	PAIRED	Illumina HiSeq 4000	121403312	18210496800	Homo sapiens
ERR14297405	SAMEA117636887	ena-SAMPLE-TAB-28-01-2025-22:30:17:500-24988	TLTX25		OTHER	PAIRED	NextSeq 2000	878523	43926150	Homo sapiens
ERR14317692	SAMEA117636888	ena-SAMPLE-TAB-28-01-2025-22:30:17:500-24989	TLTX33		OTHER	PAIRED	NextSeq 2000	807614	40380700	Homo sapiens
ERR14317720	SAMEA117636888	ena-SAMPLE-TAB-28-01-2025-22:30:17:500-24989	TLTX33		OTHER	PAIRED	NextSeq 2000	909425	45471250	Homo sapiens
ERR14297438	SAMEA117636887	ena-SAMPLE-TAB-28-01-2025-22:30:17:500-24988	TLTX25		OTHER	PAIRED	NextSeq 2000	1022710	51135500	Homo sapiens
ERR14317744	SAMEA117636888	ena-SAMPLE-TAB-28-01-2025-22:30:17:500-24989	TLTX33		OTHER	PAIRED	NextSeq 2000	645273	32263650	Homo sapiens
ERR14297444	SAMEA117636887	ena-SAMPLE-TAB-28-01-2025-22:30:17:500-24988	TLTX25		OTHER	PAIRED	NextSeq 2000	1414752	70737600	Homo sapiens
ERR14317752	SAMEA117636888	ena-SAMPLE-TAB-28-01-2025-22:30:17:500-24989	TLTX33		OTHER	PAIRED	NextSeq 2000	990969	49548450	Homo sapiens
ERR14216261	SAMEA117633274	TLTX23.2T.FT	TLTX23.2T.FT_WES		WXS	PAIRED	Illumina HiSeq 4000	98574666	14786199900	Homo sapiens
ERR14297464	SAMEA117636887	ena-SAMPLE-TAB-28-01-2025-22:30:17:500-24988	TLTX25		OTHER	PAIRED	NextSeq 2000	1748622	87431100	Homo sapiens
ERR14297505	SAMEA117636887	ena-SAMPLE-TAB-28-01-2025-22:30:17:500-24988	TLTX25		OTHER	PAIRED	NextSeq 2000	1371000	68550000	Homo sapiens
ERR14317796	SAMEA117636888	ena-SAMPLE-TAB-28-01-2025-22:30:17:500-24989	TLTX33		OTHER	PAIRED	NextSeq 2000	650093	32504650	Homo sapiens
ERR14216262	SAMEA117633275	TLTX25.2N.C15	TLTX25.2N.C15_WES		WXS	PAIRED	Illumina HiSeq 4000	178194620	26729193000	Homo sapiens
ERR14297510	SAMEA117636887	ena-SAMPLE-TAB-28-01-2025-22:30:17:500-24988	TLTX25		OTHER	PAIRED	NextSeq 2000	1754609	87730450	Homo sapiens
ERR14317806	SAMEA117636888	ena-SAMPLE-TAB-28-01-2025-22:30:17:500-24989	TLTX33		OTHER	PAIRED	NextSeq 2000	587909	29395450	Homo sapiens
ERR14297518	SAMEA117636887	ena-SAMPLE-TAB-28-01-2025-22:30:17:500-24988	TLTX25		OTHER	PAIRED	NextSeq 2000	1294540	64727000	Homo sapiens
ERR14317807	SAMEA117636888	ena-SAMPLE-TAB-28-01-2025-22:30:17:500-24989	TLTX33		OTHER	PAIRED	NextSeq 2000	1155452	57772600	Homo sapiens
ERR14216265	SAMEA117633278	TLTX33.2T.A12	TLTX33.2T.A12_WES		WXS	PAIRED	Illumina HiSeq 4000	119956220	17993433000	Homo sapiens
ERR14297549	SAMEA117636887	ena-SAMPLE-TAB-28-01-2025-22:30:17:500-24988	TLTX25		OTHER	PAIRED	NextSeq 2000	636898	31844900	Homo sapiens
ERR14297563	SAMEA117636887	ena-SAMPLE-TAB-28-01-2025-22:30:17:500-24988	TLTX25		OTHER	PAIRED	NextSeq 2000	142609	7130450	Homo sapiens
ERR14317808	SAMEA117636888	ena-SAMPLE-TAB-28-01-2025-22:30:17:500-24989	TLTX33		OTHER	PAIRED	NextSeq 2000	1101175	55058750	Homo sapiens
ERR14230804	SAMEA117636886	ena-SAMPLE-TAB-28-01-2025-22:30:17:500-24987	TLTX23		RNA-Seq	PAIRED	NextSeq 2000	0	0	Homo sapiens
ERR14297564	SAMEA117636887	ena-SAMPLE-TAB-28-01-2025-22:30:17:500-24988	TLTX25		OTHER	PAIRED	NextSeq 2000	274574	13728700	Homo sapiens
ERR14317836	SAMEA117636888	ena-SAMPLE-TAB-28-01-2025-22:30:17:500-24989	TLTX33		OTHER	PAIRED	NextSeq 2000	902653	45132650	Homo sapiens
ERR14297567	SAMEA117636887	ena-SAMPLE-TAB-28-01-2025-22:30:17:500-24988	TLTX25		OTHER	PAIRED	NextSeq 2000	328987	16449350	Homo sapiens
ERR14317845	SAMEA117636888	ena-SAMPLE-TAB-28-01-2025-22:30:17:500-24989	TLTX33		OTHER	PAIRED	NextSeq 2000	675047	33752350	Homo sapiens
ERR14297568	SAMEA117636887	ena-SAMPLE-TAB-28-01-2025-22:30:17:500-24988	TLTX25		OTHER	PAIRED	NextSeq 2000	469113	23455650	Homo sapiens
ERR14317852	SAMEA117636888	ena-SAMPLE-TAB-28-01-2025-22:30:17:500-24989	TLTX33		OTHER	PAIRED	NextSeq 2000	231140	11557000	Homo sapiens
ERR14235386	SAMEA117636888	ena-SAMPLE-TAB-28-01-2025-22:30:17:500-24989	TLTX33		RNA-Seq	PAIRED	NextSeq 2000	0	0	Homo sapiens
ERR14317916	SAMEA117636888	ena-SAMPLE-TAB-28-01-2025-22:30:17:500-24989	TLTX33		OTHER	PAIRED	NextSeq 2000	1552638	77631900	Homo sapiens
ERR14297589	SAMEA117636887	ena-SAMPLE-TAB-28-01-2025-22:30:17:500-24988	TLTX25		OTHER	PAIRED	NextSeq 2000	333979	16698950	Homo sapiens
ERR14317944	SAMEA117636888	ena-SAMPLE-TAB-28-01-2025-22:30:17:500-24989	TLTX33		OTHER	PAIRED	NextSeq 2000	1005824	50291200	Homo sapiens
ERR14244136	SAMEA117636892	ena-SAMPLE-TAB-28-01-2025-22:30:17:500-24993	TLTX22		RNA-Seq	PAIRED	NextSeq 2000	0	0	Homo sapiens
ERR14297591	SAMEA117636887	ena-SAMPLE-TAB-28-01-2025-22:30:17:500-24988	TLTX25		OTHER	PAIRED	NextSeq 2000	530268	26513400	Homo sapiens
ERR14317972	SAMEA117636888	ena-SAMPLE-TAB-28-01-2025-22:30:17:500-24989	TLTX33		OTHER	PAIRED	NextSeq 2000	1053936	52696800	Homo sapiens
ERR14244137	SAMEA117636892	ena-SAMPLE-TAB-28-01-2025-22:30:17:500-24993	TLTX22		RNA-Seq	PAIRED	NextSeq 2000	0	0	Homo sapiens
ERR14317977	SAMEA117636888	ena-SAMPLE-TAB-28-01-2025-22:30:17:500-24989	TLTX33		OTHER	PAIRED	NextSeq 2000	1018721	50936050	Homo sapiens
ERR14297620	SAMEA117636887	ena-SAMPLE-TAB-28-01-2025-22:30:17:500-24988	TLTX25		OTHER	PAIRED	NextSeq 2000	431315	21565750	Homo sapiens
ERR14317981	SAMEA117636888	ena-SAMPLE-TAB-28-01-2025-22:30:17:500-24989	TLTX33		OTHER	PAIRED	NextSeq 2000	178916	8945800	Homo sapiens
ERR14251242	SAMEA117636895	ena-SAMPLE-TAB-28-01-2025-22:30:17:501-24996	PV62436		RNA-Seq	PAIRED	NextSeq 2000	0	0	Homo sapiens
ERR14317984	SAMEA117636888	ena-SAMPLE-TAB-28-01-2025-22:30:17:500-24989	TLTX33		OTHER	PAIRED	NextSeq 2000	857525	42876250	Homo sapiens
ERR14297663	SAMEA117636887	ena-SAMPLE-TAB-28-01-2025-22:30:17:500-24988	TLTX25		OTHER	PAIRED	NextSeq 2000	1504139	75206950	Homo sapiens
ERR14251245	SAMEA117636896	ena-SAMPLE-TAB-28-01-2025-22:30:17:501-24997	VP64153		RNA-Seq	PAIRED	NextSeq 2000	0	0	Homo sapiens
ERR14318002	SAMEA117636888	ena-SAMPLE-TAB-28-01-2025-22:30:17:500-24989	TLTX33		OTHER	PAIRED	NextSeq 2000	1840106	92005300	Homo sapiens
ERR14297695	SAMEA117636887	ena-SAMPLE-TAB-28-01-2025-22:30:17:500-24988	TLTX25		OTHER	PAIRED	NextSeq 2000	1864547	93227350	Homo sapiens
ERR14318005	SAMEA117636888	ena-SAMPLE-TAB-28-01-2025-22:30:17:500-24989	TLTX33		OTHER	PAIRED	NextSeq 2000	718898	35944900	Homo sapiens
ERR14252063	SAMEA117636886	ena-SAMPLE-TAB-28-01-2025-22:30:17:500-24987	TLTX23		OTHER	PAIRED	NextSeq 2000	821266	41063300	Homo sapiens
ERR14297707	SAMEA117636887	ena-SAMPLE-TAB-28-01-2025-22:30:17:500-24988	TLTX25		OTHER	PAIRED	NextSeq 2000	543118	27155900	Homo sapiens
ERR14318016	SAMEA117636888	ena-SAMPLE-TAB-28-01-2025-22:30:17:500-24989	TLTX33		OTHER	PAIRED	NextSeq 2000	845562	42278100	Homo sapiens
ERR14297742	SAMEA117636887	ena-SAMPLE-TAB-28-01-2025-22:30:17:500-24988	TLTX25		OTHER	PAIRED	NextSeq 2000	420109	21005450	Homo sapiens
ERR14318034	SAMEA117636888	ena-SAMPLE-TAB-28-01-2025-22:30:17:500-24989	TLTX33		OTHER	PAIRED	NextSeq 2000	1032848	51642400	Homo sapiens
ERR14252076	SAMEA117636886	ena-SAMPLE-TAB-28-01-2025-22:30:17:500-24987	TLTX23		OTHER	PAIRED	NextSeq 2000	555264	27763200	Homo sapiens
ERR14297753	SAMEA117636887	ena-SAMPLE-TAB-28-01-2025-22:30:17:500-24988	TLTX25		OTHER	PAIRED	NextSeq 2000	663660	33183000	Homo sapiens
ERR14318141	SAMEA117636888	ena-SAMPLE-TAB-28-01-2025-22:30:17:500-24989	TLTX33		OTHER	PAIRED	NextSeq 2000	580665	29033250	Homo sapiens
ERR14318144	SAMEA117636888	ena-SAMPLE-TAB-28-01-2025-22:30:17:500-24989	TLTX33		OTHER	PAIRED	NextSeq 2000	1088098	54404900	Homo sapiens
ERR14297798	SAMEA117636887	ena-SAMPLE-TAB-28-01-2025-22:30:17:500-24988	TLTX25		OTHER	PAIRED	NextSeq 2000	952138	47606900	Homo sapiens
ERR14252080	SAMEA117636886	ena-SAMPLE-TAB-28-01-2025-22:30:17:500-24987	TLTX23		OTHER	PAIRED	NextSeq 2000	1100581	55029050	Homo sapiens
ERR14297804	SAMEA117636887	ena-SAMPLE-TAB-28-01-2025-22:30:17:500-24988	TLTX25		OTHER	PAIRED	NextSeq 2000	704816	35240800	Homo sapiens
ERR14318156	SAMEA117636888	ena-SAMPLE-TAB-28-01-2025-22:30:17:500-24989	TLTX33		OTHER	PAIRED	NextSeq 2000	1277727	63886350	Homo sapiens
ERR14252092	SAMEA117636886	ena-SAMPLE-TAB-28-01-2025-22:30:17:500-24987	TLTX23		OTHER	PAIRED	NextSeq 2000	1121839	56091950	Homo sapiens
ERR14318171	SAMEA117636888	ena-SAMPLE-TAB-28-01-2025-22:30:17:500-24989	TLTX33		OTHER	PAIRED	NextSeq 2000	1132139	56606950	Homo sapiens
ERR14318227	SAMEA117636888	ena-SAMPLE-TAB-28-01-2025-22:30:17:500-24989	TLTX33		OTHER	PAIRED	NextSeq 2000	412378	20618900	Homo sapiens
ERR14297813	SAMEA117636887	ena-SAMPLE-TAB-28-01-2025-22:30:17:500-24988	TLTX25		OTHER	PAIRED	NextSeq 2000	967565	48378250	Homo sapiens
ERR14252093	SAMEA117636886	ena-SAMPLE-TAB-28-01-2025-22:30:17:500-24987	TLTX23		OTHER	PAIRED	NextSeq 2000	1606958	80347900	Homo sapiens
ERR14297837	SAMEA117636887	ena-SAMPLE-TAB-28-01-2025-22:30:17:500-24988	TLTX25		OTHER	PAIRED	NextSeq 2000	429512	21475600	Homo sapiens
ERR14318253	SAMEA117636888	ena-SAMPLE-TAB-28-01-2025-22:30:17:500-24989	TLTX33		OTHER	PAIRED	NextSeq 2000	684717	34235850	Homo sapiens
ERR14252109	SAMEA117636886	ena-SAMPLE-TAB-28-01-2025-22:30:17:500-24987	TLTX23		OTHER	PAIRED	NextSeq 2000	750818	37540900	Homo sapiens
ERR14297848	SAMEA117636887	ena-SAMPLE-TAB-28-01-2025-22:30:17:500-24988	TLTX25		OTHER	PAIRED	NextSeq 2000	743585	37179250	Homo sapiens
ERR14318270	SAMEA117636888	ena-SAMPLE-TAB-28-01-2025-22:30:17:500-24989	TLTX33		OTHER	PAIRED	NextSeq 2000	1363451	68172550	Homo sapiens
ERR14318296	SAMEA117636888	ena-SAMPLE-TAB-28-01-2025-22:30:17:500-24989	TLTX33		OTHER	PAIRED	NextSeq 2000	1439681	71984050	Homo sapiens
ERR14297849	SAMEA117636887	ena-SAMPLE-TAB-28-01-2025-22:30:17:500-24988	TLTX25		OTHER	PAIRED	NextSeq 2000	213268	10663400	Homo sapiens
ERR14252137	SAMEA117636886	ena-SAMPLE-TAB-28-01-2025-22:30:17:500-24987	TLTX23		OTHER	PAIRED	NextSeq 2000	1237128	61856400	Homo sapiens
ERR14297891	SAMEA117636887	ena-SAMPLE-TAB-28-01-2025-22:30:17:500-24988	TLTX25		OTHER	PAIRED	NextSeq 2000	949518	47475900	Homo sapiens
ERR14318392	SAMEA117636888	ena-SAMPLE-TAB-28-01-2025-22:30:17:500-24989	TLTX33		OTHER	PAIRED	NextSeq 2000	1220474	61023700	Homo sapiens
ERR14252160	SAMEA117636886	ena-SAMPLE-TAB-28-01-2025-22:30:17:500-24987	TLTX23		OTHER	PAIRED	NextSeq 2000	928263	46413150	Homo sapiens
ERR14318401	SAMEA117636888	ena-SAMPLE-TAB-28-01-2025-22:30:17:500-24989	TLTX33		OTHER	PAIRED	NextSeq 2000	706665	35333250	Homo sapiens
ERR14297921	SAMEA117636887	ena-SAMPLE-TAB-28-01-2025-22:30:17:500-24988	TLTX25		OTHER	PAIRED	NextSeq 2000	1275224	63761200	Homo sapiens
ERR14318417	SAMEA117636888	ena-SAMPLE-TAB-28-01-2025-22:30:17:500-24989	TLTX33		OTHER	PAIRED	NextSeq 2000	1919049	95952450	Homo sapiens
ERR14252166	SAMEA117636886	ena-SAMPLE-TAB-28-01-2025-22:30:17:500-24987	TLTX23		OTHER	PAIRED	NextSeq 2000	577805	28890250	Homo sapiens
ERR14297943	SAMEA117636887	ena-SAMPLE-TAB-28-01-2025-22:30:17:500-24988	TLTX25		OTHER	PAIRED	NextSeq 2000	788073	39403650	Homo sapiens
ERR14318419	SAMEA117636888	ena-SAMPLE-TAB-28-01-2025-22:30:17:500-24989	TLTX33		OTHER	PAIRED	NextSeq 2000	1699095	84954750	Homo sapiens
ERR14297960	SAMEA117636887	ena-SAMPLE-TAB-28-01-2025-22:30:17:500-24988	TLTX25		OTHER	PAIRED	NextSeq 2000	803626	40181300	Homo sapiens
ERR14252185	SAMEA117636886	ena-SAMPLE-TAB-28-01-2025-22:30:17:500-24987	TLTX23		OTHER	PAIRED	NextSeq 2000	703853	35192650	Homo sapiens
ERR14318428	SAMEA117636888	ena-SAMPLE-TAB-28-01-2025-22:30:17:500-24989	TLTX33		OTHER	PAIRED	NextSeq 2000	554219	27710950	Homo sapiens
ERR14318432	SAMEA117636888	ena-SAMPLE-TAB-28-01-2025-22:30:17:500-24989	TLTX33		OTHER	PAIRED	NextSeq 2000	1496203	74810150	Homo sapiens
ERR14297973	SAMEA117636887	ena-SAMPLE-TAB-28-01-2025-22:30:17:500-24988	TLTX25		OTHER	PAIRED	NextSeq 2000	1060820	53041000	Homo sapiens
ERR14252199	SAMEA117636886	ena-SAMPLE-TAB-28-01-2025-22:30:17:500-24987	TLTX23		OTHER	PAIRED	NextSeq 2000	1129984	56499200	Homo sapiens
ERR14297988	SAMEA117636887	ena-SAMPLE-TAB-28-01-2025-22:30:17:500-24988	TLTX25		OTHER	PAIRED	NextSeq 2000	727230	36361500	Homo sapiens
ERR14252212	SAMEA117636886	ena-SAMPLE-TAB-28-01-2025-22:30:17:500-24987	TLTX23		OTHER	PAIRED	NextSeq 2000	1265942	63297100	Homo sapiens
ERR14318465	SAMEA117636888	ena-SAMPLE-TAB-28-01-2025-22:30:17:500-24989	TLTX33		OTHER	PAIRED	NextSeq 2000	1615511	80775550	Homo sapiens
ERR14297989	SAMEA117636887	ena-SAMPLE-TAB-28-01-2025-22:30:17:500-24988	TLTX25		OTHER	PAIRED	NextSeq 2000	946221	47311050	Homo sapiens
ERR14318503	SAMEA117636888	ena-SAMPLE-TAB-28-01-2025-22:30:17:500-24989	TLTX33		OTHER	PAIRED	NextSeq 2000	1176169	58808450	Homo sapiens
ERR14297994	SAMEA117636887	ena-SAMPLE-TAB-28-01-2025-22:30:17:500-24988	TLTX25		OTHER	PAIRED	NextSeq 2000	789149	39457450	Homo sapiens
ERR14318525	SAMEA117636888	ena-SAMPLE-TAB-28-01-2025-22:30:17:500-24989	TLTX33		OTHER	PAIRED	NextSeq 2000	727695	36384750	Homo sapiens
ERR14252299	SAMEA117636886	ena-SAMPLE-TAB-28-01-2025-22:30:17:500-24987	TLTX23		OTHER	PAIRED	NextSeq 2000	1137427	56871350	Homo sapiens
ERR14298011	SAMEA117636887	ena-SAMPLE-TAB-28-01-2025-22:30:17:500-24988	TLTX25		OTHER	PAIRED	NextSeq 2000	925311	46265550	Homo sapiens
ERR14318532	SAMEA117636888	ena-SAMPLE-TAB-28-01-2025-22:30:17:500-24989	TLTX33		OTHER	PAIRED	NextSeq 2000	1030123	51506150	Homo sapiens
ERR14298047	SAMEA117636887	ena-SAMPLE-TAB-28-01-2025-22:30:17:500-24988	TLTX25		OTHER	PAIRED	NextSeq 2000	578601	28930050	Homo sapiens
ERR14318569	SAMEA117636888	ena-SAMPLE-TAB-28-01-2025-22:30:17:500-24989	TLTX33		OTHER	PAIRED	NextSeq 2000	1322823	66141150	Homo sapiens
ERR14298070	SAMEA117636887	ena-SAMPLE-TAB-28-01-2025-22:30:17:500-24988	TLTX25		OTHER	PAIRED	NextSeq 2000	1169642	58482100	Homo sapiens
ERR14252342	SAMEA117636886	ena-SAMPLE-TAB-28-01-2025-22:30:17:500-24987	TLTX23		OTHER	PAIRED	NextSeq 2000	1393192	69659600	Homo sapiens
ERR14298075	SAMEA117636887	ena-SAMPLE-TAB-28-01-2025-22:30:17:500-24988	TLTX25		OTHER	PAIRED	NextSeq 2000	1139298	56964900	Homo sapiens
ERR14318581	SAMEA117636888	ena-SAMPLE-TAB-28-01-2025-22:30:17:500-24989	TLTX33		OTHER	PAIRED	NextSeq 2000	1383118	69155900	Homo sapiens
ERR14298082	SAMEA117636887	ena-SAMPLE-TAB-28-01-2025-22:30:17:500-24988	TLTX25		OTHER	PAIRED	NextSeq 2000	346948	17347400	Homo sapiens
ERR14252359	SAMEA117636886	ena-SAMPLE-TAB-28-01-2025-22:30:17:500-24987	TLTX23		OTHER	PAIRED	NextSeq 2000	173097	8654850	Homo sapiens
ERR14318588	SAMEA117636888	ena-SAMPLE-TAB-28-01-2025-22:30:17:500-24989	TLTX33		OTHER	PAIRED	NextSeq 2000	913846	45692300	Homo sapiens
ERR14318598	SAMEA117636888	ena-SAMPLE-TAB-28-01-2025-22:30:17:500-24989	TLTX33		OTHER	PAIRED	NextSeq 2000	1255064	62753200	Homo sapiens
ERR14298095	SAMEA117636887	ena-SAMPLE-TAB-28-01-2025-22:30:17:500-24988	TLTX25		OTHER	PAIRED	NextSeq 2000	1119199	55959950	Homo sapiens
ERR14252426	SAMEA117636886	ena-SAMPLE-TAB-28-01-2025-22:30:17:500-24987	TLTX23		OTHER	PAIRED	NextSeq 2000	1935168	96758400	Homo sapiens
ERR14318636	SAMEA117636888	ena-SAMPLE-TAB-28-01-2025-22:30:17:500-24989	TLTX33		OTHER	PAIRED	NextSeq 2000	1120248	56012400	Homo sapiens
ERR14298098	SAMEA117636887	ena-SAMPLE-TAB-28-01-2025-22:30:17:500-24988	TLTX25		OTHER	PAIRED	NextSeq 2000	1059360	52968000	Homo sapiens
ERR14318662	SAMEA117636888	ena-SAMPLE-TAB-28-01-2025-22:30:17:500-24989	TLTX33		OTHER	PAIRED	NextSeq 2000	931439	46571950	Homo sapiens
ERR14252430	SAMEA117636886	ena-SAMPLE-TAB-28-01-2025-22:30:17:500-24987	TLTX23		OTHER	PAIRED	NextSeq 2000	1402419	70120950	Homo sapiens
ERR14298120	SAMEA117636887	ena-SAMPLE-TAB-28-01-2025-22:30:17:500-24988	TLTX25		OTHER	PAIRED	NextSeq 2000	643762	32188100	Homo sapiens
ERR14318673	SAMEA117636888	ena-SAMPLE-TAB-28-01-2025-22:30:17:500-24989	TLTX33		OTHER	PAIRED	NextSeq 2000	1444209	72210450	Homo sapiens
ERR14298143	SAMEA117636887	ena-SAMPLE-TAB-28-01-2025-22:30:17:500-24988	TLTX25		OTHER	PAIRED	NextSeq 2000	772179	38608950	Homo sapiens
ERR14252434	SAMEA117636886	ena-SAMPLE-TAB-28-01-2025-22:30:17:500-24987	TLTX23		OTHER	PAIRED	NextSeq 2000	499252	24962600	Homo sapiens
ERR14298178	SAMEA117636887	ena-SAMPLE-TAB-28-01-2025-22:30:17:500-24988	TLTX25		OTHER	PAIRED	NextSeq 2000	828212	41410600	Homo sapiens
ERR14318695	SAMEA117636888	ena-SAMPLE-TAB-28-01-2025-22:30:17:500-24989	TLTX33		OTHER	PAIRED	NextSeq 2000	1218001	60900050	Homo sapiens
ERR14298179	SAMEA117636887	ena-SAMPLE-TAB-28-01-2025-22:30:17:500-24988	TLTX25		OTHER	PAIRED	NextSeq 2000	605606	30280300	Homo sapiens
ERR14318730	SAMEA117636888	ena-SAMPLE-TAB-28-01-2025-22:30:17:500-24989	TLTX33		OTHER	PAIRED	NextSeq 2000	1008014	50400700	Homo sapiens
ERR14252455	SAMEA117636886	ena-SAMPLE-TAB-28-01-2025-22:30:17:500-24987	TLTX23		OTHER	PAIRED	NextSeq 2000	997136	49856800	Homo sapiens
ERR14318750	SAMEA117636888	ena-SAMPLE-TAB-28-01-2025-22:30:17:500-24989	TLTX33		OTHER	PAIRED	NextSeq 2000	1475361	73768050	Homo sapiens
ERR14252467	SAMEA117636886	ena-SAMPLE-TAB-28-01-2025-22:30:17:500-24987	TLTX23		OTHER	PAIRED	NextSeq 2000	1828992	91449600	Homo sapiens
ERR14303802	SAMEA117636887	ena-SAMPLE-TAB-28-01-2025-22:30:17:500-24988	TLTX25		OTHER	PAIRED	NextSeq 2000	1228822	61441100	Homo sapiens
ERR14318795	SAMEA117636888	ena-SAMPLE-TAB-28-01-2025-22:30:17:500-24989	TLTX33		OTHER	PAIRED	NextSeq 2000	1113763	55688150	Homo sapiens
ERR14318806	SAMEA117636888	ena-SAMPLE-TAB-28-01-2025-22:30:17:500-24989	TLTX33		OTHER	PAIRED	NextSeq 2000	1336373	66818650	Homo sapiens
ERR14303842	SAMEA117636887	ena-SAMPLE-TAB-28-01-2025-22:30:17:500-24988	TLTX25		OTHER	PAIRED	NextSeq 2000	1354122	67706100	Homo sapiens
ERR14252494	SAMEA117636886	ena-SAMPLE-TAB-28-01-2025-22:30:17:500-24987	TLTX23		OTHER	PAIRED	NextSeq 2000	1478271	73913550	Homo sapiens
ERR14318824	SAMEA117636888	ena-SAMPLE-TAB-28-01-2025-22:30:17:500-24989	TLTX33		OTHER	PAIRED	NextSeq 2000	754396	37719800	Homo sapiens
ERR14303856	SAMEA117636887	ena-SAMPLE-TAB-28-01-2025-22:30:17:500-24988	TLTX25		OTHER	PAIRED	NextSeq 2000	1168277	58413850	Homo sapiens
ERR14318829	SAMEA117636888	ena-SAMPLE-TAB-28-01-2025-22:30:17:500-24989	TLTX33		OTHER	PAIRED	NextSeq 2000	747278	37363900	Homo sapiens
ERR14303880	SAMEA117636887	ena-SAMPLE-TAB-28-01-2025-22:30:17:500-24988	TLTX25		OTHER	PAIRED	NextSeq 2000	382840	19142000	Homo sapiens
ERR14318859	SAMEA117636888	ena-SAMPLE-TAB-28-01-2025-22:30:17:500-24989	TLTX33		OTHER	PAIRED	NextSeq 2000	1545448	77272400	Homo sapiens
ERR14303882	SAMEA117636887	ena-SAMPLE-TAB-28-01-2025-22:30:17:500-24988	TLTX25		OTHER	PAIRED	NextSeq 2000	411705	20585250	Homo sapiens
ERR14252499	SAMEA117636886	ena-SAMPLE-TAB-28-01-2025-22:30:17:500-24987	TLTX23		OTHER	PAIRED	NextSeq 2000	1738433	86921650	Homo sapiens
ERR14318907	SAMEA117636888	ena-SAMPLE-TAB-28-01-2025-22:30:17:500-24989	TLTX33		OTHER	PAIRED	NextSeq 2000	1545594	77279700	Homo sapiens
ERR14303913	SAMEA117636887	ena-SAMPLE-TAB-28-01-2025-22:30:17:500-24988	TLTX25		OTHER	PAIRED	NextSeq 2000	315330	15766500	Homo sapiens
ERR14318908	SAMEA117636888	ena-SAMPLE-TAB-28-01-2025-22:30:17:500-24989	TLTX33		OTHER	PAIRED	NextSeq 2000	1538042	76902100	Homo sapiens
ERR14303943	SAMEA117636887	ena-SAMPLE-TAB-28-01-2025-22:30:17:500-24988	TLTX25		OTHER	PAIRED	NextSeq 2000	268287	13414350	Homo sapiens
ERR14303972	SAMEA117636887	ena-SAMPLE-TAB-28-01-2025-22:30:17:500-24988	TLTX25		OTHER	PAIRED	NextSeq 2000	1152665	57633250	Homo sapiens
ERR14318914	SAMEA117636888	ena-SAMPLE-TAB-28-01-2025-22:30:17:500-24989	TLTX33		OTHER	PAIRED	NextSeq 2000	767334	38366700	Homo sapiens
ERR14252521	SAMEA117636886	ena-SAMPLE-TAB-28-01-2025-22:30:17:500-24987	TLTX23		OTHER	PAIRED	NextSeq 2000	1391143	69557150	Homo sapiens
ERR14318927	SAMEA117636888	ena-SAMPLE-TAB-28-01-2025-22:30:17:500-24989	TLTX33		OTHER	PAIRED	NextSeq 2000	895111	44755550	Homo sapiens
ERR14303974	SAMEA117636887	ena-SAMPLE-TAB-28-01-2025-22:30:17:500-24988	TLTX25		OTHER	PAIRED	NextSeq 2000	1020927	51046350	Homo sapiens
ERR14319031	SAMEA117636888	ena-SAMPLE-TAB-28-01-2025-22:30:17:500-24989	TLTX33		OTHER	PAIRED	NextSeq 2000	1145054	57252700	Homo sapiens
ERR14304011	SAMEA117636887	ena-SAMPLE-TAB-28-01-2025-22:30:17:500-24988	TLTX25		OTHER	PAIRED	NextSeq 2000	793547	39677350	Homo sapiens
ERR14252624	SAMEA117636886	ena-SAMPLE-TAB-28-01-2025-22:30:17:500-24987	TLTX23		OTHER	PAIRED	NextSeq 2000	1275494	63774700	Homo sapiens
ERR14319038	SAMEA117636888	ena-SAMPLE-TAB-28-01-2025-22:30:17:500-24989	TLTX33		OTHER	PAIRED	NextSeq 2000	954179	47708950	Homo sapiens
ERR14319042	SAMEA117636888	ena-SAMPLE-TAB-28-01-2025-22:30:17:500-24989	TLTX33		OTHER	PAIRED	NextSeq 2000	690679	34533950	Homo sapiens
ERR14304017	SAMEA117636887	ena-SAMPLE-TAB-28-01-2025-22:30:17:500-24988	TLTX25		OTHER	PAIRED	NextSeq 2000	851193	42559650	Homo sapiens
ERR14252695	SAMEA117636886	ena-SAMPLE-TAB-28-01-2025-22:30:17:500-24987	TLTX23		OTHER	PAIRED	NextSeq 2000	1396774	69838700	Homo sapiens
ERR14319044	SAMEA117636888	ena-SAMPLE-TAB-28-01-2025-22:30:17:500-24989	TLTX33		OTHER	PAIRED	NextSeq 2000	805908	40295400	Homo sapiens
ERR14304042	SAMEA117636887	ena-SAMPLE-TAB-28-01-2025-22:30:17:500-24988	TLTX25		OTHER	PAIRED	NextSeq 2000	548041	27402050	Homo sapiens
ERR14319045	SAMEA117636888	ena-SAMPLE-TAB-28-01-2025-22:30:17:500-24989	TLTX33		OTHER	PAIRED	NextSeq 2000	465599	23279950	Homo sapiens
ERR14252696	SAMEA117636886	ena-SAMPLE-TAB-28-01-2025-22:30:17:500-24987	TLTX23		OTHER	PAIRED	NextSeq 2000	1218622	60931100	Homo sapiens
ERR14304092	SAMEA117636887	ena-SAMPLE-TAB-28-01-2025-22:30:17:500-24988	TLTX25		OTHER	PAIRED	NextSeq 2000	706418	35320900	Homo sapiens
ERR14319050	SAMEA117636888	ena-SAMPLE-TAB-28-01-2025-22:30:17:500-24989	TLTX33		OTHER	PAIRED	NextSeq 2000	1156039	57801950	Homo sapiens
ERR14319127	SAMEA117636888	ena-SAMPLE-TAB-28-01-2025-22:30:17:500-24989	TLTX33		OTHER	PAIRED	NextSeq 2000	1084535	54226750	Homo sapiens
ERR14252745	SAMEA117636886	ena-SAMPLE-TAB-28-01-2025-22:30:17:500-24987	TLTX23		OTHER	PAIRED	NextSeq 2000	566694	28334700	Homo sapiens
ERR14304136	SAMEA117636887	ena-SAMPLE-TAB-28-01-2025-22:30:17:500-24988	TLTX25		OTHER	PAIRED	NextSeq 2000	1240209	62010450	Homo sapiens
ERR14319176	SAMEA117636888	ena-SAMPLE-TAB-28-01-2025-22:30:17:500-24989	TLTX33		OTHER	PAIRED	NextSeq 2000	1583294	79164700	Homo sapiens
ERR14319189	SAMEA117636888	ena-SAMPLE-TAB-28-01-2025-22:30:17:500-24989	TLTX33		OTHER	PAIRED	NextSeq 2000	893565	44678250	Homo sapiens
ERR14252776	SAMEA117636886	ena-SAMPLE-TAB-28-01-2025-22:30:17:500-24987	TLTX23		OTHER	PAIRED	NextSeq 2000	1826842	91342100	Homo sapiens
ERR14304171	SAMEA117636887	ena-SAMPLE-TAB-28-01-2025-22:30:17:500-24988	TLTX25		OTHER	PAIRED	NextSeq 2000	389504	19475200	Homo sapiens
ERR14319221	SAMEA117636888	ena-SAMPLE-TAB-28-01-2025-22:30:17:500-24989	TLTX33		OTHER	PAIRED	NextSeq 2000	907319	45365950	Homo sapiens
ERR14304186	SAMEA117636887	ena-SAMPLE-TAB-28-01-2025-22:30:17:500-24988	TLTX25		OTHER	PAIRED	NextSeq 2000	539690	26984500	Homo sapiens
ERR14252825	SAMEA117636886	ena-SAMPLE-TAB-28-01-2025-22:30:17:500-24987	TLTX23		OTHER	PAIRED	NextSeq 2000	1412424	70621200	Homo sapiens
ERR14304205	SAMEA117636887	ena-SAMPLE-TAB-28-01-2025-22:30:17:500-24988	TLTX25		OTHER	PAIRED	NextSeq 2000	1458854	72942700	Homo sapiens
ERR14319259	SAMEA117636888	ena-SAMPLE-TAB-28-01-2025-22:30:17:500-24989	TLTX33		OTHER	PAIRED	NextSeq 2000	1199958	59997900	Homo sapiens
ERR14304220	SAMEA117636887	ena-SAMPLE-TAB-28-01-2025-22:30:17:500-24988	TLTX25		OTHER	PAIRED	NextSeq 2000	908732	45436600	Homo sapiens
ERR14252859	SAMEA117636886	ena-SAMPLE-TAB-28-01-2025-22:30:17:500-24987	TLTX23		OTHER	PAIRED	NextSeq 2000	1251036	62551800	Homo sapiens
ERR14319264	SAMEA117636888	ena-SAMPLE-TAB-28-01-2025-22:30:17:500-24989	TLTX33		OTHER	PAIRED	NextSeq 2000	1033645	51682250	Homo sapiens
ERR14304289	SAMEA117636887	ena-SAMPLE-TAB-28-01-2025-22:30:17:500-24988	TLTX25		OTHER	PAIRED	NextSeq 2000	1091409	54570450	Homo sapiens
ERR14319269	SAMEA117636888	ena-SAMPLE-TAB-28-01-2025-22:30:17:500-24989	TLTX33		OTHER	PAIRED	NextSeq 2000	1196406	59820300	Homo sapiens
ERR14252900	SAMEA117636886	ena-SAMPLE-TAB-28-01-2025-22:30:17:500-24987	TLTX23		OTHER	PAIRED	NextSeq 2000	1928414	96420700	Homo sapiens
ERR14304304	SAMEA117636887	ena-SAMPLE-TAB-28-01-2025-22:30:17:500-24988	TLTX25		OTHER	PAIRED	NextSeq 2000	688017	34400850	Homo sapiens
ERR14319281	SAMEA117636888	ena-SAMPLE-TAB-28-01-2025-22:30:17:500-24989	TLTX33		OTHER	PAIRED	NextSeq 2000	2367746	118387300	Homo sapiens
ERR14319288	SAMEA117636888	ena-SAMPLE-TAB-28-01-2025-22:30:17:500-24989	TLTX33		OTHER	PAIRED	NextSeq 2000	2051960	102598000	Homo sapiens
ERR14304322	SAMEA117636887	ena-SAMPLE-TAB-28-01-2025-22:30:17:500-24988	TLTX25		OTHER	PAIRED	NextSeq 2000	782329	39116450	Homo sapiens
ERR14252996	SAMEA117636886	ena-SAMPLE-TAB-28-01-2025-22:30:17:500-24987	TLTX23		OTHER	PAIRED	NextSeq 2000	623613	31180650	Homo sapiens
ERR14319301	SAMEA117636888	ena-SAMPLE-TAB-28-01-2025-22:30:17:500-24989	TLTX33		OTHER	PAIRED	NextSeq 2000	1596580	79829000	Homo sapiens
ERR14304392	SAMEA117636887	ena-SAMPLE-TAB-28-01-2025-22:30:17:500-24988	TLTX25		OTHER	PAIRED	NextSeq 2000	1179544	58977200	Homo sapiens
ERR14253004	SAMEA117636886	ena-SAMPLE-TAB-28-01-2025-22:30:17:500-24987	TLTX23		OTHER	PAIRED	NextSeq 2000	656263	32813150	Homo sapiens
ERR14319335	SAMEA117636888	ena-SAMPLE-TAB-28-01-2025-22:30:17:500-24989	TLTX33		OTHER	PAIRED	NextSeq 2000	1003658	50182900	Homo sapiens
ERR14304393	SAMEA117636887	ena-SAMPLE-TAB-28-01-2025-22:30:17:500-24988	TLTX25		OTHER	PAIRED	NextSeq 2000	1394710	69735500	Homo sapiens
ERR14304396	SAMEA117636887	ena-SAMPLE-TAB-28-01-2025-22:30:17:500-24988	TLTX25		OTHER	PAIRED	NextSeq 2000	1357781	67889050	Homo sapiens
ERR14319374	SAMEA117636888	ena-SAMPLE-TAB-28-01-2025-22:30:17:500-24989	TLTX33		OTHER	PAIRED	NextSeq 2000	1652908	82645400	Homo sapiens
ERR14304401	SAMEA117636887	ena-SAMPLE-TAB-28-01-2025-22:30:17:500-24988	TLTX25		OTHER	PAIRED	NextSeq 2000	1127014	56350700	Homo sapiens
ERR14319377	SAMEA117636888	ena-SAMPLE-TAB-28-01-2025-22:30:17:500-24989	TLTX33		OTHER	PAIRED	NextSeq 2000	616804	30840200	Homo sapiens
ERR14253017	SAMEA117636886	ena-SAMPLE-TAB-28-01-2025-22:30:17:500-24987	TLTX23		OTHER	PAIRED	NextSeq 2000	2016246	100812300	Homo sapiens
ERR14304420	SAMEA117636887	ena-SAMPLE-TAB-28-01-2025-22:30:17:500-24988	TLTX25		OTHER	PAIRED	NextSeq 2000	1664644	83232200	Homo sapiens
ERR14319402	SAMEA117636888	ena-SAMPLE-TAB-28-01-2025-22:30:17:500-24989	TLTX33		OTHER	PAIRED	NextSeq 2000	739832	36991600	Homo sapiens
ERR14304424	SAMEA117636887	ena-SAMPLE-TAB-28-01-2025-22:30:17:500-24988	TLTX25		OTHER	PAIRED	NextSeq 2000	1346877	67343850	Homo sapiens
ERR14253042	SAMEA117636886	ena-SAMPLE-TAB-28-01-2025-22:30:17:500-24987	TLTX23		OTHER	PAIRED	NextSeq 2000	2030384	101519200	Homo sapiens
ERR14319417	SAMEA117636888	ena-SAMPLE-TAB-28-01-2025-22:30:17:500-24989	TLTX33		OTHER	PAIRED	NextSeq 2000	885961	44298050	Homo sapiens
ERR14319425	SAMEA117636888	ena-SAMPLE-TAB-28-01-2025-22:30:17:500-24989	TLTX33		OTHER	PAIRED	NextSeq 2000	742888	37144400	Homo sapiens
ERR14304428	SAMEA117636887	ena-SAMPLE-TAB-28-01-2025-22:30:17:500-24988	TLTX25		OTHER	PAIRED	NextSeq 2000	1164500	58225000	Homo sapiens
ERR14253054	SAMEA117636886	ena-SAMPLE-TAB-28-01-2025-22:30:17:500-24987	TLTX23		OTHER	PAIRED	NextSeq 2000	767091	38354550	Homo sapiens
ERR14319439	SAMEA117636888	ena-SAMPLE-TAB-28-01-2025-22:30:17:500-24989	TLTX33		OTHER	PAIRED	NextSeq 2000	800413	40020650	Homo sapiens
ERR14304438	SAMEA117636887	ena-SAMPLE-TAB-28-01-2025-22:30:17:500-24988	TLTX25		OTHER	PAIRED	NextSeq 2000	1336697	66834850	Homo sapiens
ERR14319441	SAMEA117636888	ena-SAMPLE-TAB-28-01-2025-22:30:17:500-24989	TLTX33		OTHER	PAIRED	NextSeq 2000	711611	35580550	Homo sapiens
ERR14253081	SAMEA117636886	ena-SAMPLE-TAB-28-01-2025-22:30:17:500-24987	TLTX23		OTHER	PAIRED	NextSeq 2000	2306797	115339850	Homo sapiens
ERR14304442	SAMEA117636887	ena-SAMPLE-TAB-28-01-2025-22:30:17:500-24988	TLTX25		OTHER	PAIRED	NextSeq 2000	1160311	58015550	Homo sapiens
ERR14319453	SAMEA117636888	ena-SAMPLE-TAB-28-01-2025-22:30:17:500-24989	TLTX33		OTHER	PAIRED	NextSeq 2000	510880	25544000	Homo sapiens
ERR14319464	SAMEA117636888	ena-SAMPLE-TAB-28-01-2025-22:30:17:500-24989	TLTX33		OTHER	PAIRED	NextSeq 2000	621248	31062400	Homo sapiens
ERR14304459	SAMEA117636887	ena-SAMPLE-TAB-28-01-2025-22:30:17:500-24988	TLTX25		OTHER	PAIRED	NextSeq 2000	651250	32562500	Homo sapiens
ERR14253099	SAMEA117636886	ena-SAMPLE-TAB-28-01-2025-22:30:17:500-24987	TLTX23		OTHER	PAIRED	NextSeq 2000	1614353	80717650	Homo sapiens
ERR14319482	SAMEA117636888	ena-SAMPLE-TAB-28-01-2025-22:30:17:500-24989	TLTX33		OTHER	PAIRED	NextSeq 2000	1193353	59667650	Homo sapiens
ERR14304462	SAMEA117636887	ena-SAMPLE-TAB-28-01-2025-22:30:17:500-24988	TLTX25		OTHER	PAIRED	NextSeq 2000	1134270	56713500	Homo sapiens
ERR14319509	SAMEA117636888	ena-SAMPLE-TAB-28-01-2025-22:30:17:500-24989	TLTX33		OTHER	PAIRED	NextSeq 2000	1390940	69547000	Homo sapiens
ERR14304468	SAMEA117636887	ena-SAMPLE-TAB-28-01-2025-22:30:17:500-24988	TLTX25		OTHER	PAIRED	NextSeq 2000	599779	29988950	Homo sapiens
ERR14253130	SAMEA117636886	ena-SAMPLE-TAB-28-01-2025-22:30:17:500-24987	TLTX23		OTHER	PAIRED	NextSeq 2000	1614893	80744650	Homo sapiens
ERR14304504	SAMEA117636887	ena-SAMPLE-TAB-28-01-2025-22:30:17:500-24988	TLTX25		OTHER	PAIRED	NextSeq 2000	768663	38433150	Homo sapiens
ERR14319522	SAMEA117636888	ena-SAMPLE-TAB-28-01-2025-22:30:17:500-24989	TLTX33		OTHER	PAIRED	NextSeq 2000	1425106	71255300	Homo sapiens
ERR14304600	SAMEA117636887	ena-SAMPLE-TAB-28-01-2025-22:30:17:500-24988	TLTX25		OTHER	PAIRED	NextSeq 2000	758195	37909750	Homo sapiens
ERR14253141	SAMEA117636886	ena-SAMPLE-TAB-28-01-2025-22:30:17:500-24987	TLTX23		OTHER	PAIRED	NextSeq 2000	502159	25107950	Homo sapiens
ERR14319524	SAMEA117636888	ena-SAMPLE-TAB-28-01-2025-22:30:17:500-24989	TLTX33		OTHER	PAIRED	NextSeq 2000	1123799	56189950	Homo sapiens
ERR14304631	SAMEA117636887	ena-SAMPLE-TAB-28-01-2025-22:30:17:500-24988	TLTX25		OTHER	PAIRED	NextSeq 2000	981941	49097050	Homo sapiens
ERR14319536	SAMEA117636888	ena-SAMPLE-TAB-28-01-2025-22:30:17:500-24989	TLTX33		OTHER	PAIRED	NextSeq 2000	921982	46099100	Homo sapiens
ERR14304633	SAMEA117636887	ena-SAMPLE-TAB-28-01-2025-22:30:17:500-24988	TLTX25		OTHER	PAIRED	NextSeq 2000	542626	27131300	Homo sapiens
ERR14253170	SAMEA117636886	ena-SAMPLE-TAB-28-01-2025-22:30:17:500-24987	TLTX23		OTHER	PAIRED	NextSeq 2000	1455416	72770800	Homo sapiens
ERR14304636	SAMEA117636887	ena-SAMPLE-TAB-28-01-2025-22:30:17:500-24988	TLTX25		OTHER	PAIRED	NextSeq 2000	853869	42693450	Homo sapiens
ERR14253176	SAMEA117636886	ena-SAMPLE-TAB-28-01-2025-22:30:17:500-24987	TLTX23		OTHER	PAIRED	NextSeq 2000	1009186	50459300	Homo sapiens
ERR14319548	SAMEA117636888	ena-SAMPLE-TAB-28-01-2025-22:30:17:500-24989	TLTX33		OTHER	PAIRED	NextSeq 2000	1146414	57320700	Homo sapiens
ERR14304642	SAMEA117636887	ena-SAMPLE-TAB-28-01-2025-22:30:17:500-24988	TLTX25		OTHER	PAIRED	NextSeq 2000	875935	43796750	Homo sapiens
ERR14319563	SAMEA117636888	ena-SAMPLE-TAB-28-01-2025-22:30:17:500-24989	TLTX33		OTHER	PAIRED	NextSeq 2000	969699	48484950	Homo sapiens
ERR14253206	SAMEA117636886	ena-SAMPLE-TAB-28-01-2025-22:30:17:500-24987	TLTX23		OTHER	PAIRED	NextSeq 2000	1917767	95888350	Homo sapiens
ERR14319595	SAMEA117636888	ena-SAMPLE-TAB-28-01-2025-22:30:17:500-24989	TLTX33		OTHER	PAIRED	NextSeq 2000	822024	41101200	Homo sapiens
ERR14319600	SAMEA117636888	ena-SAMPLE-TAB-28-01-2025-22:30:17:500-24989	TLTX33		OTHER	PAIRED	NextSeq 2000	782902	39145100	Homo sapiens
ERR14304687	SAMEA117636887	ena-SAMPLE-TAB-28-01-2025-22:30:17:500-24988	TLTX25		OTHER	PAIRED	NextSeq 2000	1144946	57247300	Homo sapiens
ERR14253211	SAMEA117636886	ena-SAMPLE-TAB-28-01-2025-22:30:17:500-24987	TLTX23		OTHER	PAIRED	NextSeq 2000	2202550	110127500	Homo sapiens
ERR14304710	SAMEA117636887	ena-SAMPLE-TAB-28-01-2025-22:30:17:500-24988	TLTX25		OTHER	PAIRED	NextSeq 2000	917384	45869200	Homo sapiens
ERR14319601	SAMEA117636888	ena-SAMPLE-TAB-28-01-2025-22:30:17:500-24989	TLTX33		OTHER	PAIRED	NextSeq 2000	772111	38605550	Homo sapiens
ERR14253214	SAMEA117636886	ena-SAMPLE-TAB-28-01-2025-22:30:17:500-24987	TLTX23		OTHER	PAIRED	NextSeq 2000	763434	38171700	Homo sapiens
ERR14304727	SAMEA117636887	ena-SAMPLE-TAB-28-01-2025-22:30:17:500-24988	TLTX25		OTHER	PAIRED	NextSeq 2000	1613270	80663500	Homo sapiens
ERR14319603	SAMEA117636888	ena-SAMPLE-TAB-28-01-2025-22:30:17:500-24989	TLTX33		OTHER	PAIRED	NextSeq 2000	726261	36313050	Homo sapiens
ERR14319634	SAMEA117636888	ena-SAMPLE-TAB-28-01-2025-22:30:17:500-24989	TLTX33		OTHER	PAIRED	NextSeq 2000	768826	38441300	Homo sapiens
ERR14253265	SAMEA117636886	ena-SAMPLE-TAB-28-01-2025-22:30:17:500-24987	TLTX23		OTHER	PAIRED	NextSeq 2000	1231615	61580750	Homo sapiens
ERR14304761	SAMEA117636887	ena-SAMPLE-TAB-28-01-2025-22:30:17:500-24988	TLTX25		OTHER	PAIRED	NextSeq 2000	489355	24467750	Homo sapiens
ERR14319641	SAMEA117636888	ena-SAMPLE-TAB-28-01-2025-22:30:17:500-24989	TLTX33		OTHER	PAIRED	NextSeq 2000	634768	31738400	Homo sapiens
ERR14304847	SAMEA117636887	ena-SAMPLE-TAB-28-01-2025-22:30:17:500-24988	TLTX25		OTHER	PAIRED	NextSeq 2000	1666583	83329150	Homo sapiens
ERR14253271	SAMEA117636886	ena-SAMPLE-TAB-28-01-2025-22:30:17:500-24987	TLTX23		OTHER	PAIRED	NextSeq 2000	1889454	94472700	Homo sapiens
ERR14253280	SAMEA117636886	ena-SAMPLE-TAB-28-01-2025-22:30:17:500-24987	TLTX23		OTHER	PAIRED	NextSeq 2000	1778443	88922150	Homo sapiens
ERR14304851	SAMEA117636887	ena-SAMPLE-TAB-28-01-2025-22:30:17:500-24988	TLTX25		OTHER	PAIRED	NextSeq 2000	169764	8488200	Homo sapiens
ERR14304878	SAMEA117636887	ena-SAMPLE-TAB-28-01-2025-22:30:17:500-24988	TLTX25		OTHER	PAIRED	NextSeq 2000	1490378	74518900	Homo sapiens
ERR14304888	SAMEA117636887	ena-SAMPLE-TAB-28-01-2025-22:30:17:500-24988	TLTX25		OTHER	PAIRED	NextSeq 2000	1109027	55451350	Homo sapiens
ERR14253290	SAMEA117636886	ena-SAMPLE-TAB-28-01-2025-22:30:17:500-24987	TLTX23		OTHER	PAIRED	NextSeq 2000	1885215	94260750	Homo sapiens
ERR14304897	SAMEA117636887	ena-SAMPLE-TAB-28-01-2025-22:30:17:500-24988	TLTX25		OTHER	PAIRED	NextSeq 2000	1034057	51702850	Homo sapiens
ERR14253295	SAMEA117636886	ena-SAMPLE-TAB-28-01-2025-22:30:17:500-24987	TLTX23		OTHER	PAIRED	NextSeq 2000	462687	23134350	Homo sapiens
ERR14253325	SAMEA117636886	ena-SAMPLE-TAB-28-01-2025-22:30:17:500-24987	TLTX23		OTHER	PAIRED	NextSeq 2000	564082	28204100	Homo sapiens
ERR14304903	SAMEA117636887	ena-SAMPLE-TAB-28-01-2025-22:30:17:500-24988	TLTX25		OTHER	PAIRED	NextSeq 2000	1275107	63755350	Homo sapiens
ERR14304910	SAMEA117636887	ena-SAMPLE-TAB-28-01-2025-22:30:17:500-24988	TLTX25		OTHER	PAIRED	NextSeq 2000	990871	49543550	Homo sapiens
ERR14304998	SAMEA117636887	ena-SAMPLE-TAB-28-01-2025-22:30:17:500-24988	TLTX25		OTHER	PAIRED	NextSeq 2000	897718	44885900	Homo sapiens
ERR14253447	SAMEA117636886	ena-SAMPLE-TAB-28-01-2025-22:30:17:500-24987	TLTX23		OTHER	PAIRED	NextSeq 2000	1616738	80836900	Homo sapiens
ERR14253455	SAMEA117636886	ena-SAMPLE-TAB-28-01-2025-22:30:17:500-24987	TLTX23		OTHER	PAIRED	NextSeq 2000	2532436	126621800	Homo sapiens
ERR14304999	SAMEA117636887	ena-SAMPLE-TAB-28-01-2025-22:30:17:500-24988	TLTX25		OTHER	PAIRED	NextSeq 2000	1286936	64346800	Homo sapiens
ERR14305007	SAMEA117636887	ena-SAMPLE-TAB-28-01-2025-22:30:17:500-24988	TLTX25		OTHER	PAIRED	NextSeq 2000	1070768	53538400	Homo sapiens
ERR14305018	SAMEA117636887	ena-SAMPLE-TAB-28-01-2025-22:30:17:500-24988	TLTX25		OTHER	PAIRED	NextSeq 2000	814229	40711450	Homo sapiens
ERR14253461	SAMEA117636886	ena-SAMPLE-TAB-28-01-2025-22:30:17:500-24987	TLTX23		OTHER	PAIRED	NextSeq 2000	1060765	53038250	Homo sapiens
ERR14305052	SAMEA117636887	ena-SAMPLE-TAB-28-01-2025-22:30:17:500-24988	TLTX25		OTHER	PAIRED	NextSeq 2000	1260146	63007300	Homo sapiens
ERR14253554	SAMEA117636886	ena-SAMPLE-TAB-28-01-2025-22:30:17:500-24987	TLTX23		OTHER	PAIRED	NextSeq 2000	951988	47599400	Homo sapiens
ERR14253594	SAMEA117636886	ena-SAMPLE-TAB-28-01-2025-22:30:17:500-24987	TLTX23		OTHER	PAIRED	NextSeq 2000	629879	31493950	Homo sapiens
ERR14305056	SAMEA117636887	ena-SAMPLE-TAB-28-01-2025-22:30:17:500-24988	TLTX25		OTHER	PAIRED	NextSeq 2000	1585680	79284000	Homo sapiens
ERR14305064	SAMEA117636887	ena-SAMPLE-TAB-28-01-2025-22:30:17:500-24988	TLTX25		OTHER	PAIRED	NextSeq 2000	1281785	64089250	Homo sapiens
ERR14305073	SAMEA117636887	ena-SAMPLE-TAB-28-01-2025-22:30:17:500-24988	TLTX25		OTHER	PAIRED	NextSeq 2000	1608871	80443550	Homo sapiens
ERR14253625	SAMEA117636886	ena-SAMPLE-TAB-28-01-2025-22:30:17:500-24987	TLTX23		OTHER	PAIRED	NextSeq 2000	1330945	66547250	Homo sapiens
ERR14253626	SAMEA117636886	ena-SAMPLE-TAB-28-01-2025-22:30:17:500-24987	TLTX23		OTHER	PAIRED	NextSeq 2000	154852	7742600	Homo sapiens
ERR14305116	SAMEA117636887	ena-SAMPLE-TAB-28-01-2025-22:30:17:500-24988	TLTX25		OTHER	PAIRED	NextSeq 2000	558375	27918750	Homo sapiens
ERR14305153	SAMEA117636887	ena-SAMPLE-TAB-28-01-2025-22:30:17:500-24988	TLTX25		OTHER	PAIRED	NextSeq 2000	937438	46871900	Homo sapiens
ERR14253634	SAMEA117636886	ena-SAMPLE-TAB-28-01-2025-22:30:17:500-24987	TLTX23		OTHER	PAIRED	NextSeq 2000	740900	37045000	Homo sapiens
ERR14305162	SAMEA117636887	ena-SAMPLE-TAB-28-01-2025-22:30:17:500-24988	TLTX25		OTHER	PAIRED	NextSeq 2000	840047	42002350	Homo sapiens
ERR14305179	SAMEA117636887	ena-SAMPLE-TAB-28-01-2025-22:30:17:500-24988	TLTX25		OTHER	PAIRED	NextSeq 2000	638770	31938500	Homo sapiens
ERR14305181	SAMEA117636887	ena-SAMPLE-TAB-28-01-2025-22:30:17:500-24988	TLTX25		OTHER	PAIRED	NextSeq 2000	1573620	78681000	Homo sapiens
ERR14253635	SAMEA117636886	ena-SAMPLE-TAB-28-01-2025-22:30:17:500-24987	TLTX23		OTHER	PAIRED	NextSeq 2000	899724	44986200	Homo sapiens
ERR14305184	SAMEA117636887	ena-SAMPLE-TAB-28-01-2025-22:30:17:500-24988	TLTX25		OTHER	PAIRED	NextSeq 2000	1318570	65928500	Homo sapiens
ERR14253660	SAMEA117636886	ena-SAMPLE-TAB-28-01-2025-22:30:17:500-24987	TLTX23		OTHER	PAIRED	NextSeq 2000	527401	26370050	Homo sapiens
ERR14253661	SAMEA117636886	ena-SAMPLE-TAB-28-01-2025-22:30:17:500-24987	TLTX23		OTHER	PAIRED	NextSeq 2000	689502	34475100	Homo sapiens
ERR14305209	SAMEA117636887	ena-SAMPLE-TAB-28-01-2025-22:30:17:500-24988	TLTX25		OTHER	PAIRED	NextSeq 2000	720967	36048350	Homo sapiens
ERR14305219	SAMEA117636887	ena-SAMPLE-TAB-28-01-2025-22:30:17:500-24988	TLTX25		OTHER	PAIRED	NextSeq 2000	916511	45825550	Homo sapiens
ERR14253667	SAMEA117636886	ena-SAMPLE-TAB-28-01-2025-22:30:17:500-24987	TLTX23		OTHER	PAIRED	NextSeq 2000	691927	34596350	Homo sapiens
ERR14305220	SAMEA117636887	ena-SAMPLE-TAB-28-01-2025-22:30:17:500-24988	TLTX25		OTHER	PAIRED	NextSeq 2000	1414383	70719150	Homo sapiens
ERR14305237	SAMEA117636887	ena-SAMPLE-TAB-28-01-2025-22:30:17:500-24988	TLTX25		OTHER	PAIRED	NextSeq 2000	901191	45059550	Homo sapiens
ERR14305302	SAMEA117636887	ena-SAMPLE-TAB-28-01-2025-22:30:17:500-24988	TLTX25		OTHER	PAIRED	NextSeq 2000	1228159	61407950	Homo sapiens
ERR14253737	SAMEA117636886	ena-SAMPLE-TAB-28-01-2025-22:30:17:500-24987	TLTX23		OTHER	PAIRED	NextSeq 2000	1658993	82949650	Homo sapiens
ERR14253738	SAMEA117636886	ena-SAMPLE-TAB-28-01-2025-22:30:17:500-24987	TLTX23		OTHER	PAIRED	NextSeq 2000	1494238	74711900	Homo sapiens
ERR14305317	SAMEA117636887	ena-SAMPLE-TAB-28-01-2025-22:30:17:500-24988	TLTX25		OTHER	PAIRED	NextSeq 2000	598122	29906100	Homo sapiens
ERR14305321	SAMEA117636887	ena-SAMPLE-TAB-28-01-2025-22:30:17:500-24988	TLTX25		OTHER	PAIRED	NextSeq 2000	325441	16272050	Homo sapiens
ERR14253768	SAMEA117636886	ena-SAMPLE-TAB-28-01-2025-22:30:17:500-24987	TLTX23		OTHER	PAIRED	NextSeq 2000	1080376	54018800	Homo sapiens
ERR14305328	SAMEA117636887	ena-SAMPLE-TAB-28-01-2025-22:30:17:500-24988	TLTX25		OTHER	PAIRED	NextSeq 2000	1255915	62795750	Homo sapiens
ERR14305332	SAMEA117636887	ena-SAMPLE-TAB-28-01-2025-22:30:17:500-24988	TLTX25		OTHER	PAIRED	NextSeq 2000	1228812	61440600	Homo sapiens
ERR14253776	SAMEA117636886	ena-SAMPLE-TAB-28-01-2025-22:30:17:500-24987	TLTX23		OTHER	PAIRED	NextSeq 2000	1563197	78159850	Homo sapiens
ERR14253811	SAMEA117636886	ena-SAMPLE-TAB-28-01-2025-22:30:17:500-24987	TLTX23		OTHER	PAIRED	NextSeq 2000	813550	40677500	Homo sapiens
ERR14305344	SAMEA117636887	ena-SAMPLE-TAB-28-01-2025-22:30:17:500-24988	TLTX25		OTHER	PAIRED	NextSeq 2000	632186	31609300	Homo sapiens
ERR14305351	SAMEA117636887	ena-SAMPLE-TAB-28-01-2025-22:30:17:500-24988	TLTX25		OTHER	PAIRED	NextSeq 2000	645314	32265700	Homo sapiens
ERR14253827	SAMEA117636886	ena-SAMPLE-TAB-28-01-2025-22:30:17:500-24987	TLTX23		OTHER	PAIRED	NextSeq 2000	2046875	102343750	Homo sapiens
ERR14253853	SAMEA117636886	ena-SAMPLE-TAB-28-01-2025-22:30:17:500-24987	TLTX23		OTHER	PAIRED	NextSeq 2000	658530	32926500	Homo sapiens
ERR14305358	SAMEA117636887	ena-SAMPLE-TAB-28-01-2025-22:30:17:500-24988	TLTX25		OTHER	PAIRED	NextSeq 2000	772854	38642700	Homo sapiens
ERR14305385	SAMEA117636887	ena-SAMPLE-TAB-28-01-2025-22:30:17:500-24988	TLTX25		OTHER	PAIRED	NextSeq 2000	823501	41175050	Homo sapiens
ERR14253875	SAMEA117636886	ena-SAMPLE-TAB-28-01-2025-22:30:17:500-24987	TLTX23		OTHER	PAIRED	NextSeq 2000	1292792	64639600	Homo sapiens
ERR14305405	SAMEA117636887	ena-SAMPLE-TAB-28-01-2025-22:30:17:500-24988	TLTX25		OTHER	PAIRED	NextSeq 2000	1335997	66799850	Homo sapiens
ERR14253878	SAMEA117636886	ena-SAMPLE-TAB-28-01-2025-22:30:17:500-24987	TLTX23		OTHER	PAIRED	NextSeq 2000	675240	33762000	Homo sapiens
ERR14253888	SAMEA117636886	ena-SAMPLE-TAB-28-01-2025-22:30:17:500-24987	TLTX23		OTHER	PAIRED	NextSeq 2000	518834	25941700	Homo sapiens
ERR14305471	SAMEA117636887	ena-SAMPLE-TAB-28-01-2025-22:30:17:500-24988	TLTX25		OTHER	PAIRED	NextSeq 2000	1255936	62796800	Homo sapiens
ERR14305478	SAMEA117636887	ena-SAMPLE-TAB-28-01-2025-22:30:17:500-24988	TLTX25		OTHER	PAIRED	NextSeq 2000	1075166	53758300	Homo sapiens
ERR14253901	SAMEA117636886	ena-SAMPLE-TAB-28-01-2025-22:30:17:500-24987	TLTX23		OTHER	PAIRED	NextSeq 2000	336244	16812200	Homo sapiens
ERR14305483	SAMEA117636887	ena-SAMPLE-TAB-28-01-2025-22:30:17:500-24988	TLTX25		OTHER	PAIRED	NextSeq 2000	1416588	70829400	Homo sapiens
ERR14253947	SAMEA117636886	ena-SAMPLE-TAB-28-01-2025-22:30:17:500-24987	TLTX23		OTHER	PAIRED	NextSeq 2000	1900111	95005550	Homo sapiens
ERR14305507	SAMEA117636887	ena-SAMPLE-TAB-28-01-2025-22:30:17:500-24988	TLTX25		OTHER	PAIRED	NextSeq 2000	1347816	67390800	Homo sapiens
ERR14253952	SAMEA117636886	ena-SAMPLE-TAB-28-01-2025-22:30:17:500-24987	TLTX23		OTHER	PAIRED	NextSeq 2000	864559	43227950	Homo sapiens
ERR14305557	SAMEA117636887	ena-SAMPLE-TAB-28-01-2025-22:30:17:500-24988	TLTX25		OTHER	PAIRED	NextSeq 2000	1517833	75891650	Homo sapiens
ERR14254020	SAMEA117636886	ena-SAMPLE-TAB-28-01-2025-22:30:17:500-24987	TLTX23		OTHER	PAIRED	NextSeq 2000	356564	17828200	Homo sapiens
ERR14305564	SAMEA117636887	ena-SAMPLE-TAB-28-01-2025-22:30:17:500-24988	TLTX25		OTHER	PAIRED	NextSeq 2000	591705	29585250	Homo sapiens
ERR14255421	SAMEA117636886	ena-SAMPLE-TAB-28-01-2025-22:30:17:500-24987	TLTX23		OTHER	PAIRED	NextSeq 2000	745008	37250400	Homo sapiens
ERR14305629	SAMEA117636887	ena-SAMPLE-TAB-28-01-2025-22:30:17:500-24988	TLTX25		OTHER	PAIRED	NextSeq 2000	1333151	66657550	Homo sapiens
ERR14255424	SAMEA117636886	ena-SAMPLE-TAB-28-01-2025-22:30:17:500-24987	TLTX23		OTHER	PAIRED	NextSeq 2000	636779	31838950	Homo sapiens
ERR14305642	SAMEA117636887	ena-SAMPLE-TAB-28-01-2025-22:30:17:500-24988	TLTX25		OTHER	PAIRED	NextSeq 2000	1139447	56972350	Homo sapiens
ERR14255431	SAMEA117636886	ena-SAMPLE-TAB-28-01-2025-22:30:17:500-24987	TLTX23		OTHER	PAIRED	NextSeq 2000	1539410	76970500	Homo sapiens
ERR14305691	SAMEA117636887	ena-SAMPLE-TAB-28-01-2025-22:30:17:500-24988	TLTX25		OTHER	PAIRED	NextSeq 2000	1729870	86493500	Homo sapiens
ERR14255439	SAMEA117636886	ena-SAMPLE-TAB-28-01-2025-22:30:17:500-24987	TLTX23		OTHER	PAIRED	NextSeq 2000	862032	43101600	Homo sapiens
ERR14305744	SAMEA117636887	ena-SAMPLE-TAB-28-01-2025-22:30:17:500-24988	TLTX25		OTHER	PAIRED	NextSeq 2000	595443	29772150	Homo sapiens
ERR14255474	SAMEA117636886	ena-SAMPLE-TAB-28-01-2025-22:30:17:500-24987	TLTX23		OTHER	PAIRED	NextSeq 2000	784026	39201300	Homo sapiens
ERR14255476	SAMEA117636886	ena-SAMPLE-TAB-28-01-2025-22:30:17:500-24987	TLTX23		OTHER	PAIRED	NextSeq 2000	941897	47094850	Homo sapiens
ERR14305810	SAMEA117636887	ena-SAMPLE-TAB-28-01-2025-22:30:17:500-24988	TLTX25		OTHER	PAIRED	NextSeq 2000	1162269	58113450	Homo sapiens
ERR14305812	SAMEA117636887	ena-SAMPLE-TAB-28-01-2025-22:30:17:500-24988	TLTX25		OTHER	PAIRED	NextSeq 2000	1026827	51341350	Homo sapiens
ERR14255482	SAMEA117636886	ena-SAMPLE-TAB-28-01-2025-22:30:17:500-24987	TLTX23		OTHER	PAIRED	NextSeq 2000	731433	36571650	Homo sapiens
ERR14255509	SAMEA117636886	ena-SAMPLE-TAB-28-01-2025-22:30:17:500-24987	TLTX23		OTHER	PAIRED	NextSeq 2000	950638	47531900	Homo sapiens
ERR14305847	SAMEA117636887	ena-SAMPLE-TAB-28-01-2025-22:30:17:500-24988	TLTX25		OTHER	PAIRED	NextSeq 2000	865497	43274850	Homo sapiens
ERR14305851	SAMEA117636887	ena-SAMPLE-TAB-28-01-2025-22:30:17:500-24988	TLTX25		OTHER	PAIRED	NextSeq 2000	1062200	53110000	Homo sapiens
ERR14305854	SAMEA117636887	ena-SAMPLE-TAB-28-01-2025-22:30:17:500-24988	TLTX25		OTHER	PAIRED	NextSeq 2000	498439	24921950	Homo sapiens
ERR14255517	SAMEA117636886	ena-SAMPLE-TAB-28-01-2025-22:30:17:500-24987	TLTX23		OTHER	PAIRED	NextSeq 2000	1084833	54241650	Homo sapiens
ERR14305888	SAMEA117636887	ena-SAMPLE-TAB-28-01-2025-22:30:17:500-24988	TLTX25		OTHER	PAIRED	NextSeq 2000	776992	38849600	Homo sapiens
ERR14255523	SAMEA117636886	ena-SAMPLE-TAB-28-01-2025-22:30:17:500-24987	TLTX23		OTHER	PAIRED	NextSeq 2000	1334198	66709900	Homo sapiens
ERR14305890	SAMEA117636887	ena-SAMPLE-TAB-28-01-2025-22:30:17:500-24988	TLTX25		OTHER	PAIRED	NextSeq 2000	1222179	61108950	Homo sapiens
ERR14255546	SAMEA117636886	ena-SAMPLE-TAB-28-01-2025-22:30:17:500-24987	TLTX23		OTHER	PAIRED	NextSeq 2000	617955	30897750	Homo sapiens
ERR14305920	SAMEA117636887	ena-SAMPLE-TAB-28-01-2025-22:30:17:500-24988	TLTX25		OTHER	PAIRED	NextSeq 2000	1348155	67407750	Homo sapiens
ERR14255553	SAMEA117636886	ena-SAMPLE-TAB-28-01-2025-22:30:17:500-24987	TLTX23		OTHER	PAIRED	NextSeq 2000	808580	40429000	Homo sapiens
ERR14305970	SAMEA117636887	ena-SAMPLE-TAB-28-01-2025-22:30:17:500-24988	TLTX25		OTHER	PAIRED	NextSeq 2000	1479622	73981100	Homo sapiens
ERR14255560	SAMEA117636886	ena-SAMPLE-TAB-28-01-2025-22:30:17:500-24987	TLTX23		OTHER	PAIRED	NextSeq 2000	1023210	51160500	Homo sapiens
ERR14306022	SAMEA117636887	ena-SAMPLE-TAB-28-01-2025-22:30:17:500-24988	TLTX25		OTHER	PAIRED	NextSeq 2000	1429486	71474300	Homo sapiens
ERR14306023	SAMEA117636887	ena-SAMPLE-TAB-28-01-2025-22:30:17:500-24988	TLTX25		OTHER	PAIRED	NextSeq 2000	1505652	75282600	Homo sapiens
ERR14255588	SAMEA117636886	ena-SAMPLE-TAB-28-01-2025-22:30:17:500-24987	TLTX23		OTHER	PAIRED	NextSeq 2000	968306	48415300	Homo sapiens
ERR14306033	SAMEA117636887	ena-SAMPLE-TAB-28-01-2025-22:30:17:500-24988	TLTX25		OTHER	PAIRED	NextSeq 2000	1016875	50843750	Homo sapiens
ERR14255608	SAMEA117636886	ena-SAMPLE-TAB-28-01-2025-22:30:17:500-24987	TLTX23		OTHER	PAIRED	NextSeq 2000	927862	46393100	Homo sapiens
ERR14306048	SAMEA117636887	ena-SAMPLE-TAB-28-01-2025-22:30:17:500-24988	TLTX25		OTHER	PAIRED	NextSeq 2000	1143966	57198300	Homo sapiens
ERR14255613	SAMEA117636886	ena-SAMPLE-TAB-28-01-2025-22:30:17:500-24987	TLTX23		OTHER	PAIRED	NextSeq 2000	831565	41578250	Homo sapiens
ERR14306086	SAMEA117636887	ena-SAMPLE-TAB-28-01-2025-22:30:17:500-24988	TLTX25		OTHER	PAIRED	NextSeq 2000	808257	40412850	Homo sapiens
ERR14306110	SAMEA117636887	ena-SAMPLE-TAB-28-01-2025-22:30:17:500-24988	TLTX25		OTHER	PAIRED	NextSeq 2000	915599	45779950	Homo sapiens
ERR14255633	SAMEA117636886	ena-SAMPLE-TAB-28-01-2025-22:30:17:500-24987	TLTX23		OTHER	PAIRED	NextSeq 2000	957646	47882300	Homo sapiens
ERR14306178	SAMEA117636887	ena-SAMPLE-TAB-28-01-2025-22:30:17:500-24988	TLTX25		OTHER	PAIRED	NextSeq 2000	1677248	83862400	Homo sapiens
ERR14255652	SAMEA117636886	ena-SAMPLE-TAB-28-01-2025-22:30:17:500-24987	TLTX23		OTHER	PAIRED	NextSeq 2000	1030394	51519700	Homo sapiens
ERR14255663	SAMEA117636886	ena-SAMPLE-TAB-28-01-2025-22:30:17:500-24987	TLTX23		OTHER	PAIRED	NextSeq 2000	1022084	51104200	Homo sapiens
ERR14306197	SAMEA117636887	ena-SAMPLE-TAB-28-01-2025-22:30:17:500-24988	TLTX25		OTHER	PAIRED	NextSeq 2000	1417392	70869600	Homo sapiens
ERR14306213	SAMEA117636887	ena-SAMPLE-TAB-28-01-2025-22:30:17:500-24988	TLTX25		OTHER	PAIRED	NextSeq 2000	925322	46266100	Homo sapiens
ERR14255669	SAMEA117636886	ena-SAMPLE-TAB-28-01-2025-22:30:17:500-24987	TLTX23		OTHER	PAIRED	NextSeq 2000	1095317	54765850	Homo sapiens
ERR14306218	SAMEA117636887	ena-SAMPLE-TAB-28-01-2025-22:30:17:500-24988	TLTX25		OTHER	PAIRED	NextSeq 2000	1065008	53250400	Homo sapiens
ERR14306221	SAMEA117636887	ena-SAMPLE-TAB-28-01-2025-22:30:17:500-24988	TLTX25		OTHER	PAIRED	NextSeq 2000	1234040	61702000	Homo sapiens
ERR14306226	SAMEA117636887	ena-SAMPLE-TAB-28-01-2025-22:30:17:500-24988	TLTX25		OTHER	PAIRED	NextSeq 2000	1120431	56021550	Homo sapiens
ERR14255686	SAMEA117636886	ena-SAMPLE-TAB-28-01-2025-22:30:17:500-24987	TLTX23		OTHER	PAIRED	NextSeq 2000	208934	10446700	Homo sapiens
ERR14306227	SAMEA117636887	ena-SAMPLE-TAB-28-01-2025-22:30:17:500-24988	TLTX25		OTHER	PAIRED	NextSeq 2000	1247327	62366350	Homo sapiens
ERR14255725	SAMEA117636886	ena-SAMPLE-TAB-28-01-2025-22:30:17:500-24987	TLTX23		OTHER	PAIRED	NextSeq 2000	1361046	68052300	Homo sapiens
ERR14255731	SAMEA117636886	ena-SAMPLE-TAB-28-01-2025-22:30:17:500-24987	TLTX23		OTHER	PAIRED	NextSeq 2000	1115627	55781350	Homo sapiens
ERR14306230	SAMEA117636887	ena-SAMPLE-TAB-28-01-2025-22:30:17:500-24988	TLTX25		OTHER	PAIRED	NextSeq 2000	705928	35296400	Homo sapiens
ERR14306240	SAMEA117636887	ena-SAMPLE-TAB-28-01-2025-22:30:17:500-24988	TLTX25		OTHER	PAIRED	NextSeq 2000	1280366	64018300	Homo sapiens
ERR14255743	SAMEA117636886	ena-SAMPLE-TAB-28-01-2025-22:30:17:500-24987	TLTX23		OTHER	PAIRED	NextSeq 2000	996010	49800500	Homo sapiens
ERR14306242	SAMEA117636887	ena-SAMPLE-TAB-28-01-2025-22:30:17:500-24988	TLTX25		OTHER	PAIRED	NextSeq 2000	1275170	63758500	Homo sapiens
ERR14255757	SAMEA117636886	ena-SAMPLE-TAB-28-01-2025-22:30:17:500-24987	TLTX23		OTHER	PAIRED	NextSeq 2000	1156682	57834100	Homo sapiens
ERR14306253	SAMEA117636887	ena-SAMPLE-TAB-28-01-2025-22:30:17:500-24988	TLTX25		OTHER	PAIRED	NextSeq 2000	1363336	68166800	Homo sapiens
ERR14255775	SAMEA117636886	ena-SAMPLE-TAB-28-01-2025-22:30:17:500-24987	TLTX23		OTHER	PAIRED	NextSeq 2000	530207	26510350	Homo sapiens
ERR14306268	SAMEA117636887	ena-SAMPLE-TAB-28-01-2025-22:30:17:500-24988	TLTX25		OTHER	PAIRED	NextSeq 2000	1169719	58485950	Homo sapiens
ERR14255887	SAMEA117636886	ena-SAMPLE-TAB-28-01-2025-22:30:17:500-24987	TLTX23		OTHER	PAIRED	NextSeq 2000	1288560	64428000	Homo sapiens
ERR14306285	SAMEA117636887	ena-SAMPLE-TAB-28-01-2025-22:30:17:500-24988	TLTX25		OTHER	PAIRED	NextSeq 2000	1130019	56500950	Homo sapiens
ERR14255890	SAMEA117636886	ena-SAMPLE-TAB-28-01-2025-22:30:17:500-24987	TLTX23		OTHER	PAIRED	NextSeq 2000	1091809	54590450	Homo sapiens
ERR14306322	SAMEA117636887	ena-SAMPLE-TAB-28-01-2025-22:30:17:500-24988	TLTX25		OTHER	PAIRED	NextSeq 2000	1090317	54515850	Homo sapiens
ERR14306339	SAMEA117636887	ena-SAMPLE-TAB-28-01-2025-22:30:17:500-24988	TLTX25		OTHER	PAIRED	NextSeq 2000	1013142	50657100	Homo sapiens
ERR14255901	SAMEA117636886	ena-SAMPLE-TAB-28-01-2025-22:30:17:500-24987	TLTX23		OTHER	PAIRED	NextSeq 2000	1148015	57400750	Homo sapiens
ERR14314293	SAMEA117636888	ena-SAMPLE-TAB-28-01-2025-22:30:17:500-24989	TLTX33		OTHER	PAIRED	NextSeq 2000	1280030	64001500	Homo sapiens
ERR14255913	SAMEA117636886	ena-SAMPLE-TAB-28-01-2025-22:30:17:500-24987	TLTX23		OTHER	PAIRED	NextSeq 2000	792867	39643350	Homo sapiens
ERR14314300	SAMEA117636888	ena-SAMPLE-TAB-28-01-2025-22:30:17:500-24989	TLTX33		OTHER	PAIRED	NextSeq 2000	365601	18280050	Homo sapiens
ERR14255926	SAMEA117636886	ena-SAMPLE-TAB-28-01-2025-22:30:17:500-24987	TLTX23		OTHER	PAIRED	NextSeq 2000	1025914	51295700	Homo sapiens
ERR14314335	SAMEA117636888	ena-SAMPLE-TAB-28-01-2025-22:30:17:500-24989	TLTX33		OTHER	PAIRED	NextSeq 2000	1199997	59999850	Homo sapiens
ERR14255936	SAMEA117636886	ena-SAMPLE-TAB-28-01-2025-22:30:17:500-24987	TLTX23		OTHER	PAIRED	NextSeq 2000	1236063	61803150	Homo sapiens
ERR14314348	SAMEA117636888	ena-SAMPLE-TAB-28-01-2025-22:30:17:500-24989	TLTX33		OTHER	PAIRED	NextSeq 2000	1427431	71371550	Homo sapiens
ERR14255976	SAMEA117636886	ena-SAMPLE-TAB-28-01-2025-22:30:17:500-24987	TLTX23		OTHER	PAIRED	NextSeq 2000	442314	22115700	Homo sapiens
ERR14314372	SAMEA117636888	ena-SAMPLE-TAB-28-01-2025-22:30:17:500-24989	TLTX33		OTHER	PAIRED	NextSeq 2000	398177	19908850	Homo sapiens
ERR14256001	SAMEA117636886	ena-SAMPLE-TAB-28-01-2025-22:30:17:500-24987	TLTX23		OTHER	PAIRED	NextSeq 2000	189520	9476000	Homo sapiens
ERR14314433	SAMEA117636888	ena-SAMPLE-TAB-28-01-2025-22:30:17:500-24989	TLTX33		OTHER	PAIRED	NextSeq 2000	1289821	64491050	Homo sapiens
ERR14256027	SAMEA117636886	ena-SAMPLE-TAB-28-01-2025-22:30:17:500-24987	TLTX23		OTHER	PAIRED	NextSeq 2000	727410	36370500	Homo sapiens
ERR14314436	SAMEA117636888	ena-SAMPLE-TAB-28-01-2025-22:30:17:500-24989	TLTX33		OTHER	PAIRED	NextSeq 2000	1067264	53363200	Homo sapiens
ERR14256096	SAMEA117636886	ena-SAMPLE-TAB-28-01-2025-22:30:17:500-24987	TLTX23		OTHER	PAIRED	NextSeq 2000	944767	47238350	Homo sapiens
ERR14314444	SAMEA117636888	ena-SAMPLE-TAB-28-01-2025-22:30:17:500-24989	TLTX33		OTHER	PAIRED	NextSeq 2000	181526	9076300	Homo sapiens
ERR14256126	SAMEA117636886	ena-SAMPLE-TAB-28-01-2025-22:30:17:500-24987	TLTX23		OTHER	PAIRED	NextSeq 2000	463949	23197450	Homo sapiens
ERR14314457	SAMEA117636888	ena-SAMPLE-TAB-28-01-2025-22:30:17:500-24989	TLTX33		OTHER	PAIRED	NextSeq 2000	1485194	74259700	Homo sapiens
ERR14314462	SAMEA117636888	ena-SAMPLE-TAB-28-01-2025-22:30:17:500-24989	TLTX33		OTHER	PAIRED	NextSeq 2000	1574500	78725000	Homo sapiens
ERR14256162	SAMEA117636886	ena-SAMPLE-TAB-28-01-2025-22:30:17:500-24987	TLTX23		OTHER	PAIRED	NextSeq 2000	369033	18451650	Homo sapiens
ERR14256178	SAMEA117636886	ena-SAMPLE-TAB-28-01-2025-22:30:17:500-24987	TLTX23		OTHER	PAIRED	NextSeq 2000	418366	20918300	Homo sapiens
ERR14314470	SAMEA117636888	ena-SAMPLE-TAB-28-01-2025-22:30:17:500-24989	TLTX33		OTHER	PAIRED	NextSeq 2000	1692359	84617950	Homo sapiens
ERR14256184	SAMEA117636886	ena-SAMPLE-TAB-28-01-2025-22:30:17:500-24987	TLTX23		OTHER	PAIRED	NextSeq 2000	364825	18241250	Homo sapiens
ERR14314474	SAMEA117636888	ena-SAMPLE-TAB-28-01-2025-22:30:17:500-24989	TLTX33		OTHER	PAIRED	NextSeq 2000	1441934	72096700	Homo sapiens
ERR14314477	SAMEA117636888	ena-SAMPLE-TAB-28-01-2025-22:30:17:500-24989	TLTX33		OTHER	PAIRED	NextSeq 2000	1137368	56868400	Homo sapiens
ERR14256238	SAMEA117636886	ena-SAMPLE-TAB-28-01-2025-22:30:17:500-24987	TLTX23		OTHER	PAIRED	NextSeq 2000	820298	41014900	Homo sapiens
ERR14314491	SAMEA117636888	ena-SAMPLE-TAB-28-01-2025-22:30:17:500-24989	TLTX33		OTHER	PAIRED	NextSeq 2000	1157077	57853850	Homo sapiens
ERR14314554	SAMEA117636888	ena-SAMPLE-TAB-28-01-2025-22:30:17:500-24989	TLTX33		OTHER	PAIRED	NextSeq 2000	1203660	60183000	Homo sapiens
ERR14256293	SAMEA117636886	ena-SAMPLE-TAB-28-01-2025-22:30:17:500-24987	TLTX23		OTHER	PAIRED	NextSeq 2000	606794	30339700	Homo sapiens
ERR14314598	SAMEA117636888	ena-SAMPLE-TAB-28-01-2025-22:30:17:500-24989	TLTX33		OTHER	PAIRED	NextSeq 2000	1051145	52557250	Homo sapiens
ERR14256308	SAMEA117636886	ena-SAMPLE-TAB-28-01-2025-22:30:17:500-24987	TLTX23		OTHER	PAIRED	NextSeq 2000	716382	35819100	Homo sapiens
ERR14314600	SAMEA117636888	ena-SAMPLE-TAB-28-01-2025-22:30:17:500-24989	TLTX33		OTHER	PAIRED	NextSeq 2000	1127765	56388250	Homo sapiens
ERR14256438	SAMEA117636886	ena-SAMPLE-TAB-28-01-2025-22:30:17:500-24987	TLTX23		OTHER	PAIRED	NextSeq 2000	401756	20087800	Homo sapiens
ERR14314642	SAMEA117636888	ena-SAMPLE-TAB-28-01-2025-22:30:17:500-24989	TLTX33		OTHER	PAIRED	NextSeq 2000	1575058	78752900	Homo sapiens
ERR14314644	SAMEA117636888	ena-SAMPLE-TAB-28-01-2025-22:30:17:500-24989	TLTX33		OTHER	PAIRED	NextSeq 2000	834258	41712900	Homo sapiens
ERR14314733	SAMEA117636888	ena-SAMPLE-TAB-28-01-2025-22:30:17:500-24989	TLTX33		OTHER	PAIRED	NextSeq 2000	1400574	70028700	Homo sapiens
ERR14256479	SAMEA117636886	ena-SAMPLE-TAB-28-01-2025-22:30:17:500-24987	TLTX23		OTHER	PAIRED	NextSeq 2000	2265421	113271050	Homo sapiens
ERR14314782	SAMEA117636888	ena-SAMPLE-TAB-28-01-2025-22:30:17:500-24989	TLTX33		OTHER	PAIRED	NextSeq 2000	1388285	69414250	Homo sapiens
ERR14314796	SAMEA117636888	ena-SAMPLE-TAB-28-01-2025-22:30:17:500-24989	TLTX33		OTHER	PAIRED	NextSeq 2000	1394700	69735000	Homo sapiens
ERR14256485	SAMEA117636886	ena-SAMPLE-TAB-28-01-2025-22:30:17:500-24987	TLTX23		OTHER	PAIRED	NextSeq 2000	1092988	54649400	Homo sapiens
ERR14314847	SAMEA117636888	ena-SAMPLE-TAB-28-01-2025-22:30:17:500-24989	TLTX33		OTHER	PAIRED	NextSeq 2000	1519889	75994450	Homo sapiens
ERR14314857	SAMEA117636888	ena-SAMPLE-TAB-28-01-2025-22:30:17:500-24989	TLTX33		OTHER	PAIRED	NextSeq 2000	945805	47290250	Homo sapiens
ERR14256490	SAMEA117636886	ena-SAMPLE-TAB-28-01-2025-22:30:17:500-24987	TLTX23		OTHER	PAIRED	NextSeq 2000	868718	43435900	Homo sapiens
ERR14314877	SAMEA117636888	ena-SAMPLE-TAB-28-01-2025-22:30:17:500-24989	TLTX33		OTHER	PAIRED	NextSeq 2000	1060571	53028550	Homo sapiens
ERR14256494	SAMEA117636886	ena-SAMPLE-TAB-28-01-2025-22:30:17:500-24987	TLTX23		OTHER	PAIRED	NextSeq 2000	590369	29518450	Homo sapiens
ERR14314992	SAMEA117636888	ena-SAMPLE-TAB-28-01-2025-22:30:17:500-24989	TLTX33		OTHER	PAIRED	NextSeq 2000	1103255	55162750	Homo sapiens
ERR14315001	SAMEA117636888	ena-SAMPLE-TAB-28-01-2025-22:30:17:500-24989	TLTX33		OTHER	PAIRED	NextSeq 2000	1411152	70557600	Homo sapiens
ERR14256509	SAMEA117636886	ena-SAMPLE-TAB-28-01-2025-22:30:17:500-24987	TLTX23		OTHER	PAIRED	NextSeq 2000	912953	45647650	Homo sapiens
ERR14315006	SAMEA117636888	ena-SAMPLE-TAB-28-01-2025-22:30:17:500-24989	TLTX33		OTHER	PAIRED	NextSeq 2000	1133346	56667300	Homo sapiens
ERR14315027	SAMEA117636888	ena-SAMPLE-TAB-28-01-2025-22:30:17:500-24989	TLTX33		OTHER	PAIRED	NextSeq 2000	1512204	75610200	Homo sapiens
ERR14256516	SAMEA117636886	ena-SAMPLE-TAB-28-01-2025-22:30:17:500-24987	TLTX23		OTHER	PAIRED	NextSeq 2000	1367083	68354150	Homo sapiens
ERR14315029	SAMEA117636888	ena-SAMPLE-TAB-28-01-2025-22:30:17:500-24989	TLTX33		OTHER	PAIRED	NextSeq 2000	1492261	74613050	Homo sapiens
ERR14315062	SAMEA117636888	ena-SAMPLE-TAB-28-01-2025-22:30:17:500-24989	TLTX33		OTHER	PAIRED	NextSeq 2000	1556683	77834150	Homo sapiens
ERR14256564	SAMEA117636886	ena-SAMPLE-TAB-28-01-2025-22:30:17:500-24987	TLTX23		OTHER	PAIRED	NextSeq 2000	551903	27595150	Homo sapiens
ERR14315105	SAMEA117636888	ena-SAMPLE-TAB-28-01-2025-22:30:17:500-24989	TLTX33		OTHER	PAIRED	NextSeq 2000	1368408	68420400	Homo sapiens
ERR14315187	SAMEA117636888	ena-SAMPLE-TAB-28-01-2025-22:30:17:500-24989	TLTX33		OTHER	PAIRED	NextSeq 2000	1265426	63271300	Homo sapiens
ERR14256596	SAMEA117636886	ena-SAMPLE-TAB-28-01-2025-22:30:17:500-24987	TLTX23		OTHER	PAIRED	NextSeq 2000	622222	31111100	Homo sapiens
ERR14315204	SAMEA117636888	ena-SAMPLE-TAB-28-01-2025-22:30:17:500-24989	TLTX33		OTHER	PAIRED	NextSeq 2000	1166115	58305750	Homo sapiens
ERR14256607	SAMEA117636886	ena-SAMPLE-TAB-28-01-2025-22:30:17:500-24987	TLTX23		OTHER	PAIRED	NextSeq 2000	1037568	51878400	Homo sapiens
ERR14315208	SAMEA117636888	ena-SAMPLE-TAB-28-01-2025-22:30:17:500-24989	TLTX33		OTHER	PAIRED	NextSeq 2000	1353393	67669650	Homo sapiens
ERR14256615	SAMEA117636886	ena-SAMPLE-TAB-28-01-2025-22:30:17:500-24987	TLTX23		OTHER	PAIRED	NextSeq 2000	786235	39311750	Homo sapiens
ERR14315227	SAMEA117636888	ena-SAMPLE-TAB-28-01-2025-22:30:17:500-24989	TLTX33		OTHER	PAIRED	NextSeq 2000	1041902	52095100	Homo sapiens
ERR14256621	SAMEA117636886	ena-SAMPLE-TAB-28-01-2025-22:30:17:500-24987	TLTX23		OTHER	PAIRED	NextSeq 2000	1369647	68482350	Homo sapiens
ERR14315258	SAMEA117636888	ena-SAMPLE-TAB-28-01-2025-22:30:17:500-24989	TLTX33		OTHER	PAIRED	NextSeq 2000	1192254	59612700	Homo sapiens
ERR14315278	SAMEA117636888	ena-SAMPLE-TAB-28-01-2025-22:30:17:500-24989	TLTX33		OTHER	PAIRED	NextSeq 2000	866624	43331200	Homo sapiens
ERR14256650	SAMEA117636886	ena-SAMPLE-TAB-28-01-2025-22:30:17:500-24987	TLTX23		OTHER	PAIRED	NextSeq 2000	136463	6823150	Homo sapiens
ERR14256683	SAMEA117636886	ena-SAMPLE-TAB-28-01-2025-22:30:17:500-24987	TLTX23		OTHER	PAIRED	NextSeq 2000	1109373	55468650	Homo sapiens
ERR14256695	SAMEA117636886	ena-SAMPLE-TAB-28-01-2025-22:30:17:500-24987	TLTX23		OTHER	PAIRED	NextSeq 2000	766965	38348250	Homo sapiens
ERR14256707	SAMEA117636886	ena-SAMPLE-TAB-28-01-2025-22:30:17:500-24987	TLTX23		OTHER	PAIRED	NextSeq 2000	674906	33745300	Homo sapiens
ERR14256727	SAMEA117636886	ena-SAMPLE-TAB-28-01-2025-22:30:17:500-24987	TLTX23		OTHER	PAIRED	NextSeq 2000	206267	10313350	Homo sapiens
ERR14256729	SAMEA117636886	ena-SAMPLE-TAB-28-01-2025-22:30:17:500-24987	TLTX23		OTHER	PAIRED	NextSeq 2000	601982	30099100	Homo sapiens
ERR14315289	SAMEA117636888	ena-SAMPLE-TAB-28-01-2025-22:30:17:500-24989	TLTX33		OTHER	PAIRED	NextSeq 2000	1131530	56576500	Homo sapiens
ERR14319660	SAMEA117636888	ena-SAMPLE-TAB-28-01-2025-22:30:17:500-24989	TLTX33		OTHER	PAIRED	NextSeq 2000	537930	26896500	Homo sapiens
ERR14315292	SAMEA117636888	ena-SAMPLE-TAB-28-01-2025-22:30:17:500-24989	TLTX33		OTHER	PAIRED	NextSeq 2000	1515526	75776300	Homo sapiens
ERR14256737	SAMEA117636886	ena-SAMPLE-TAB-28-01-2025-22:30:17:500-24987	TLTX23		OTHER	PAIRED	NextSeq 2000	685515	34275750	Homo sapiens
ERR14315305	SAMEA117636888	ena-SAMPLE-TAB-28-01-2025-22:30:17:500-24989	TLTX33		OTHER	PAIRED	NextSeq 2000	2249213	112460650	Homo sapiens
ERR14319687	SAMEA117636888	ena-SAMPLE-TAB-28-01-2025-22:30:17:500-24989	TLTX33		OTHER	PAIRED	NextSeq 2000	835916	41795800	Homo sapiens
ERR14256748	SAMEA117636886	ena-SAMPLE-TAB-28-01-2025-22:30:17:500-24987	TLTX23		OTHER	PAIRED	NextSeq 2000	490880	24544000	Homo sapiens
ERR14315309	SAMEA117636888	ena-SAMPLE-TAB-28-01-2025-22:30:17:500-24989	TLTX33		OTHER	PAIRED	NextSeq 2000	970449	48522450	Homo sapiens
ERR14319757	SAMEA117636888	ena-SAMPLE-TAB-28-01-2025-22:30:17:500-24989	TLTX33		OTHER	PAIRED	NextSeq 2000	1217256	60862800	Homo sapiens
ERR14315310	SAMEA117636888	ena-SAMPLE-TAB-28-01-2025-22:30:17:500-24989	TLTX33		OTHER	PAIRED	NextSeq 2000	1108663	55433150	Homo sapiens
ERR14319790	SAMEA117636888	ena-SAMPLE-TAB-28-01-2025-22:30:17:500-24989	TLTX33		OTHER	PAIRED	NextSeq 2000	988657	49432850	Homo sapiens
ERR14315323	SAMEA117636888	ena-SAMPLE-TAB-28-01-2025-22:30:17:500-24989	TLTX33		OTHER	PAIRED	NextSeq 2000	1208451	60422550	Homo sapiens
ERR14256761	SAMEA117636886	ena-SAMPLE-TAB-28-01-2025-22:30:17:500-24987	TLTX23		OTHER	PAIRED	NextSeq 2000	665196	33259800	Homo sapiens
ERR14319798	SAMEA117636888	ena-SAMPLE-TAB-28-01-2025-22:30:17:500-24989	TLTX33		OTHER	PAIRED	NextSeq 2000	590675	29533750	Homo sapiens
ERR14315324	SAMEA117636888	ena-SAMPLE-TAB-28-01-2025-22:30:17:500-24989	TLTX33		OTHER	PAIRED	NextSeq 2000	1589256	79462800	Homo sapiens
ERR14315350	SAMEA117636888	ena-SAMPLE-TAB-28-01-2025-22:30:17:500-24989	TLTX33		OTHER	PAIRED	NextSeq 2000	1236246	61812300	Homo sapiens
ERR14319804	SAMEA117636888	ena-SAMPLE-TAB-28-01-2025-22:30:17:500-24989	TLTX33		OTHER	PAIRED	NextSeq 2000	1505637	75281850	Homo sapiens
ERR14256836	SAMEA117636886	ena-SAMPLE-TAB-28-01-2025-22:30:17:500-24987	TLTX23		OTHER	PAIRED	NextSeq 2000	847709	42385450	Homo sapiens
ERR14315431	SAMEA117636888	ena-SAMPLE-TAB-28-01-2025-22:30:17:500-24989	TLTX33		OTHER	PAIRED	NextSeq 2000	1067022	53351100	Homo sapiens
ERR14319823	SAMEA117636888	ena-SAMPLE-TAB-28-01-2025-22:30:17:500-24989	TLTX33		OTHER	PAIRED	NextSeq 2000	1128403	56420150	Homo sapiens
ERR14315433	SAMEA117636888	ena-SAMPLE-TAB-28-01-2025-22:30:17:500-24989	TLTX33		OTHER	PAIRED	NextSeq 2000	694712	34735600	Homo sapiens
ERR14319829	SAMEA117636888	ena-SAMPLE-TAB-28-01-2025-22:30:17:500-24989	TLTX33		OTHER	PAIRED	NextSeq 2000	1065342	53267100	Homo sapiens
ERR14319848	SAMEA117636888	ena-SAMPLE-TAB-28-01-2025-22:30:17:500-24989	TLTX33		OTHER	PAIRED	NextSeq 2000	892517	44625850	Homo sapiens
ERR14256856	SAMEA117636886	ena-SAMPLE-TAB-28-01-2025-22:30:17:500-24987	TLTX23		OTHER	PAIRED	NextSeq 2000	994416	49720800	Homo sapiens
ERR14315434	SAMEA117636888	ena-SAMPLE-TAB-28-01-2025-22:30:17:500-24989	TLTX33		OTHER	PAIRED	NextSeq 2000	1024522	51226100	Homo sapiens
ERR14319866	SAMEA117636888	ena-SAMPLE-TAB-28-01-2025-22:30:17:500-24989	TLTX33		OTHER	PAIRED	NextSeq 2000	1023026	51151300	Homo sapiens
ERR14315438	SAMEA117636888	ena-SAMPLE-TAB-28-01-2025-22:30:17:500-24989	TLTX33		OTHER	PAIRED	NextSeq 2000	704137	35206850	Homo sapiens
ERR14256877	SAMEA117636886	ena-SAMPLE-TAB-28-01-2025-22:30:17:500-24987	TLTX23		OTHER	PAIRED	NextSeq 2000	536805	26840250	Homo sapiens
ERR14315445	SAMEA117636888	ena-SAMPLE-TAB-28-01-2025-22:30:17:500-24989	TLTX33		OTHER	PAIRED	NextSeq 2000	1314905	65745250	Homo sapiens
ERR14319899	SAMEA117636888	ena-SAMPLE-TAB-28-01-2025-22:30:17:500-24989	TLTX33		OTHER	PAIRED	NextSeq 2000	1093999	54699950	Homo sapiens
ERR14256887	SAMEA117636886	ena-SAMPLE-TAB-28-01-2025-22:30:17:500-24987	TLTX23		OTHER	PAIRED	NextSeq 2000	756722	37836100	Homo sapiens
ERR14315447	SAMEA117636888	ena-SAMPLE-TAB-28-01-2025-22:30:17:500-24989	TLTX33		OTHER	PAIRED	NextSeq 2000	1598574	79928700	Homo sapiens
ERR14319921	SAMEA117636888	ena-SAMPLE-TAB-28-01-2025-22:30:17:500-24989	TLTX33		OTHER	PAIRED	NextSeq 2000	1174151	58707550	Homo sapiens
ERR14315489	SAMEA117636888	ena-SAMPLE-TAB-28-01-2025-22:30:17:500-24989	TLTX33		OTHER	PAIRED	NextSeq 2000	893916	44695800	Homo sapiens
ERR14319971	SAMEA117636888	ena-SAMPLE-TAB-28-01-2025-22:30:17:500-24989	TLTX33		OTHER	PAIRED	NextSeq 2000	1627632	81381600	Homo sapiens
ERR14256888	SAMEA117636886	ena-SAMPLE-TAB-28-01-2025-22:30:17:500-24987	TLTX23		OTHER	PAIRED	NextSeq 2000	1253930	62696500	Homo sapiens
ERR14315571	SAMEA117636888	ena-SAMPLE-TAB-28-01-2025-22:30:17:500-24989	TLTX33		OTHER	PAIRED	NextSeq 2000	660105	33005250	Homo sapiens
ERR14320009	SAMEA117636888	ena-SAMPLE-TAB-28-01-2025-22:30:17:500-24989	TLTX33		OTHER	PAIRED	NextSeq 2000	1544093	77204650	Homo sapiens
ERR14315600	SAMEA117636888	ena-SAMPLE-TAB-28-01-2025-22:30:17:500-24989	TLTX33		OTHER	PAIRED	NextSeq 2000	461196	23059800	Homo sapiens
ERR14320075	SAMEA117636888	ena-SAMPLE-TAB-28-01-2025-22:30:17:500-24989	TLTX33		OTHER	PAIRED	NextSeq 2000	980070	49003500	Homo sapiens
ERR14256889	SAMEA117636886	ena-SAMPLE-TAB-28-01-2025-22:30:17:500-24987	TLTX23		OTHER	PAIRED	NextSeq 2000	1158423	57921150	Homo sapiens
ERR14320077	SAMEA117636888	ena-SAMPLE-TAB-28-01-2025-22:30:17:500-24989	TLTX33		OTHER	PAIRED	NextSeq 2000	720017	36000850	Homo sapiens
ERR14320098	SAMEA117636888	ena-SAMPLE-TAB-28-01-2025-22:30:17:500-24989	TLTX33		OTHER	PAIRED	NextSeq 2000	535145	26757250	Homo sapiens
ERR14315614	SAMEA117636888	ena-SAMPLE-TAB-28-01-2025-22:30:17:500-24989	TLTX33		OTHER	PAIRED	NextSeq 2000	1522832	76141600	Homo sapiens
ERR14256890	SAMEA117636886	ena-SAMPLE-TAB-28-01-2025-22:30:17:500-24987	TLTX23		OTHER	PAIRED	NextSeq 2000	1284269	64213450	Homo sapiens
ERR14320117	SAMEA117636888	ena-SAMPLE-TAB-28-01-2025-22:30:17:500-24989	TLTX33		OTHER	PAIRED	NextSeq 2000	885549	44277450	Homo sapiens
ERR14315645	SAMEA117636888	ena-SAMPLE-TAB-28-01-2025-22:30:17:500-24989	TLTX33		OTHER	PAIRED	NextSeq 2000	987467	49373350	Homo sapiens
ERR14320178	SAMEA117636888	ena-SAMPLE-TAB-28-01-2025-22:30:17:500-24989	TLTX33		OTHER	PAIRED	NextSeq 2000	667331	33366550	Homo sapiens
ERR14256898	SAMEA117636886	ena-SAMPLE-TAB-28-01-2025-22:30:17:500-24987	TLTX23		OTHER	PAIRED	NextSeq 2000	2155822	107791100	Homo sapiens
ERR14315693	SAMEA117636888	ena-SAMPLE-TAB-28-01-2025-22:30:17:500-24989	TLTX33		OTHER	PAIRED	NextSeq 2000	1418825	70941250	Homo sapiens
ERR14320189	SAMEA117636888	ena-SAMPLE-TAB-28-01-2025-22:30:17:500-24989	TLTX33		OTHER	PAIRED	NextSeq 2000	613757	30687850	Homo sapiens
ERR14315722	SAMEA117636888	ena-SAMPLE-TAB-28-01-2025-22:30:17:500-24989	TLTX33		OTHER	PAIRED	NextSeq 2000	523616	26180800	Homo sapiens
ERR14256910	SAMEA117636886	ena-SAMPLE-TAB-28-01-2025-22:30:17:500-24987	TLTX23		OTHER	PAIRED	NextSeq 2000	1154234	57711700	Homo sapiens
ERR14320192	SAMEA117636888	ena-SAMPLE-TAB-28-01-2025-22:30:17:500-24989	TLTX33		OTHER	PAIRED	NextSeq 2000	411545	20577250	Homo sapiens
ERR14315725	SAMEA117636888	ena-SAMPLE-TAB-28-01-2025-22:30:17:500-24989	TLTX33		OTHER	PAIRED	NextSeq 2000	741552	37077600	Homo sapiens
ERR14320207	SAMEA117636888	ena-SAMPLE-TAB-28-01-2025-22:30:17:500-24989	TLTX33		OTHER	PAIRED	NextSeq 2000	941247	47062350	Homo sapiens
ERR14315729	SAMEA117636888	ena-SAMPLE-TAB-28-01-2025-22:30:17:500-24989	TLTX33		OTHER	PAIRED	NextSeq 2000	650760	32538000	Homo sapiens
ERR14256914	SAMEA117636886	ena-SAMPLE-TAB-28-01-2025-22:30:17:500-24987	TLTX23		OTHER	PAIRED	NextSeq 2000	2212652	110632600	Homo sapiens
ERR14320222	SAMEA117636888	ena-SAMPLE-TAB-28-01-2025-22:30:17:500-24989	TLTX33		OTHER	PAIRED	NextSeq 2000	933012	46650600	Homo sapiens
ERR14315762	SAMEA117636888	ena-SAMPLE-TAB-28-01-2025-22:30:17:500-24989	TLTX33		OTHER	PAIRED	NextSeq 2000	1377443	68872150	Homo sapiens
ERR14320275	SAMEA117636888	ena-SAMPLE-TAB-28-01-2025-22:30:17:500-24989	TLTX33		OTHER	PAIRED	NextSeq 2000	902667	45133350	Homo sapiens
ERR14315766	SAMEA117636888	ena-SAMPLE-TAB-28-01-2025-22:30:17:500-24989	TLTX33		OTHER	PAIRED	NextSeq 2000	1135538	56776900	Homo sapiens
ERR14315793	SAMEA117636888	ena-SAMPLE-TAB-28-01-2025-22:30:17:500-24989	TLTX33		OTHER	PAIRED	NextSeq 2000	911788	45589400	Homo sapiens
ERR14320309	SAMEA117636888	ena-SAMPLE-TAB-28-01-2025-22:30:17:500-24989	TLTX33		OTHER	PAIRED	NextSeq 2000	1912486	95624300	Homo sapiens
ERR14256925	SAMEA117636886	ena-SAMPLE-TAB-28-01-2025-22:30:17:500-24987	TLTX23		OTHER	PAIRED	NextSeq 2000	466732	23336600	Homo sapiens
ERR14320316	SAMEA117636888	ena-SAMPLE-TAB-28-01-2025-22:30:17:500-24989	TLTX33		OTHER	PAIRED	NextSeq 2000	953193	47659650	Homo sapiens
ERR14315853	SAMEA117636888	ena-SAMPLE-TAB-28-01-2025-22:30:17:500-24989	TLTX33		OTHER	PAIRED	NextSeq 2000	1311260	65563000	Homo sapiens
ERR14315863	SAMEA117636888	ena-SAMPLE-TAB-28-01-2025-22:30:17:500-24989	TLTX33		OTHER	PAIRED	NextSeq 2000	943887	47194350	Homo sapiens
ERR14320344	SAMEA117636888	ena-SAMPLE-TAB-28-01-2025-22:30:17:500-24989	TLTX33		OTHER	PAIRED	NextSeq 2000	2008705	100435250	Homo sapiens
ERR14256941	SAMEA117636886	ena-SAMPLE-TAB-28-01-2025-22:30:17:500-24987	TLTX23		OTHER	PAIRED	NextSeq 2000	935787	46789350	Homo sapiens
ERR14315872	SAMEA117636888	ena-SAMPLE-TAB-28-01-2025-22:30:17:500-24989	TLTX33		OTHER	PAIRED	NextSeq 2000	1219182	60959100	Homo sapiens
ERR14320349	SAMEA117636888	ena-SAMPLE-TAB-28-01-2025-22:30:17:500-24989	TLTX33		OTHER	PAIRED	NextSeq 2000	1348941	67447050	Homo sapiens
ERR14315874	SAMEA117636888	ena-SAMPLE-TAB-28-01-2025-22:30:17:500-24989	TLTX33		OTHER	PAIRED	NextSeq 2000	666566	33328300	Homo sapiens
ERR14320386	SAMEA117636888	ena-SAMPLE-TAB-28-01-2025-22:30:17:500-24989	TLTX33		OTHER	PAIRED	NextSeq 2000	1251241	62562050	Homo sapiens
ERR14256947	SAMEA117636886	ena-SAMPLE-TAB-28-01-2025-22:30:17:500-24987	TLTX23		OTHER	PAIRED	NextSeq 2000	1199622	59981100	Homo sapiens
ERR14315918	SAMEA117636888	ena-SAMPLE-TAB-28-01-2025-22:30:17:500-24989	TLTX33		OTHER	PAIRED	NextSeq 2000	1096527	54826350	Homo sapiens
ERR14320406	SAMEA117636888	ena-SAMPLE-TAB-28-01-2025-22:30:17:500-24989	TLTX33		OTHER	PAIRED	NextSeq 2000	426655	21332750	Homo sapiens
ERR14316011	SAMEA117636888	ena-SAMPLE-TAB-28-01-2025-22:30:17:500-24989	TLTX33		OTHER	PAIRED	NextSeq 2000	725099	36254950	Homo sapiens
ERR14320434	SAMEA117636888	ena-SAMPLE-TAB-28-01-2025-22:30:17:500-24989	TLTX33		OTHER	PAIRED	NextSeq 2000	876612	43830600	Homo sapiens
ERR14256949	SAMEA117636886	ena-SAMPLE-TAB-28-01-2025-22:30:17:500-24987	TLTX23		OTHER	PAIRED	NextSeq 2000	487298	24364900	Homo sapiens
ERR14316024	SAMEA117636888	ena-SAMPLE-TAB-28-01-2025-22:30:17:500-24989	TLTX33		OTHER	PAIRED	NextSeq 2000	166481	8324050	Homo sapiens
ERR14320486	SAMEA117636888	ena-SAMPLE-TAB-28-01-2025-22:30:17:500-24989	TLTX33		OTHER	PAIRED	NextSeq 2000	806624	40331200	Homo sapiens
ERR14316033	SAMEA117636888	ena-SAMPLE-TAB-28-01-2025-22:30:17:500-24989	TLTX33		OTHER	PAIRED	NextSeq 2000	186591	9329550	Homo sapiens
ERR14320505	SAMEA117636888	ena-SAMPLE-TAB-28-01-2025-22:30:17:500-24989	TLTX33		OTHER	PAIRED	NextSeq 2000	1649326	82466300	Homo sapiens
ERR14256960	SAMEA117636886	ena-SAMPLE-TAB-28-01-2025-22:30:17:500-24987	TLTX23		OTHER	PAIRED	NextSeq 2000	1594930	79746500	Homo sapiens
ERR14316129	SAMEA117636888	ena-SAMPLE-TAB-28-01-2025-22:30:17:500-24989	TLTX33		OTHER	PAIRED	NextSeq 2000	1088555	54427750	Homo sapiens
ERR14320513	SAMEA117636888	ena-SAMPLE-TAB-28-01-2025-22:30:17:500-24989	TLTX33		OTHER	PAIRED	NextSeq 2000	1325352	66267600	Homo sapiens
ERR14256961	SAMEA117636886	ena-SAMPLE-TAB-28-01-2025-22:30:17:500-24987	TLTX23		OTHER	PAIRED	NextSeq 2000	1112651	55632550	Homo sapiens
ERR14320563	SAMEA117636888	ena-SAMPLE-TAB-28-01-2025-22:30:17:500-24989	TLTX33		OTHER	PAIRED	NextSeq 2000	1362019	68100950	Homo sapiens
ERR14316171	SAMEA117636888	ena-SAMPLE-TAB-28-01-2025-22:30:17:500-24989	TLTX33		OTHER	PAIRED	NextSeq 2000	423145	21157250	Homo sapiens
ERR14320582	SAMEA117636888	ena-SAMPLE-TAB-28-01-2025-22:30:17:500-24989	TLTX33		OTHER	PAIRED	NextSeq 2000	1198132	59906600	Homo sapiens
ERR14316216	SAMEA117636888	ena-SAMPLE-TAB-28-01-2025-22:30:17:500-24989	TLTX33		OTHER	PAIRED	NextSeq 2000	391008	19550400	Homo sapiens
ERR14256978	SAMEA117636886	ena-SAMPLE-TAB-28-01-2025-22:30:17:500-24987	TLTX23		OTHER	PAIRED	NextSeq 2000	600754	30037700	Homo sapiens
ERR14320630	SAMEA117636888	ena-SAMPLE-TAB-28-01-2025-22:30:17:500-24989	TLTX33		OTHER	PAIRED	NextSeq 2000	1642732	82136600	Homo sapiens
ERR14317616	SAMEA117636888	ena-SAMPLE-TAB-28-01-2025-22:30:17:500-24989	TLTX33		OTHER	PAIRED	NextSeq 2000	1034312	51715600	Homo sapiens
ERR14320675	SAMEA117636888	ena-SAMPLE-TAB-28-01-2025-22:30:17:500-24989	TLTX33		OTHER	PAIRED	NextSeq 2000	1214742	60737100	Homo sapiens
ERR14256989	SAMEA117636886	ena-SAMPLE-TAB-28-01-2025-22:30:17:500-24987	TLTX23		OTHER	PAIRED	NextSeq 2000	1921599	96079950	Homo sapiens
ERR14317669	SAMEA117636888	ena-SAMPLE-TAB-28-01-2025-22:30:17:500-24989	TLTX33		OTHER	PAIRED	NextSeq 2000	1172618	58630900	Homo sapiens
ERR14257011	SAMEA117636886	ena-SAMPLE-TAB-28-01-2025-22:30:17:500-24987	TLTX23		OTHER	PAIRED	NextSeq 2000	968378	48418900	Homo sapiens
ERR14317681	SAMEA117636888	ena-SAMPLE-TAB-28-01-2025-22:30:17:500-24989	TLTX33		OTHER	PAIRED	NextSeq 2000	637181	31859050	Homo sapiens
ERR14320689	SAMEA117636888	ena-SAMPLE-TAB-28-01-2025-22:30:17:500-24989	TLTX33		OTHER	PAIRED	NextSeq 2000	1887099	94354950	Homo sapiens
ERR14317683	SAMEA117636888	ena-SAMPLE-TAB-28-01-2025-22:30:17:500-24989	TLTX33		OTHER	PAIRED	NextSeq 2000	950630	47531500	Homo sapiens
ERR14257069	SAMEA117636886	ena-SAMPLE-TAB-28-01-2025-22:30:17:500-24987	TLTX23		OTHER	PAIRED	NextSeq 2000	1080194	54009700	Homo sapiens
ERR14257081	SAMEA117636886	ena-SAMPLE-TAB-28-01-2025-22:30:17:500-24987	TLTX23		OTHER	PAIRED	NextSeq 2000	2991220	149561000	Homo sapiens
ERR14317707	SAMEA117636888	ena-SAMPLE-TAB-28-01-2025-22:30:17:500-24989	TLTX33		OTHER	PAIRED	NextSeq 2000	1369973	68498650	Homo sapiens
ERR14317743	SAMEA117636888	ena-SAMPLE-TAB-28-01-2025-22:30:17:500-24989	TLTX33		OTHER	PAIRED	NextSeq 2000	1126888	56344400	Homo sapiens
ERR14317763	SAMEA117636888	ena-SAMPLE-TAB-28-01-2025-22:30:17:500-24989	TLTX33		OTHER	PAIRED	NextSeq 2000	906087	45304350	Homo sapiens
ERR14257084	SAMEA117636886	ena-SAMPLE-TAB-28-01-2025-22:30:17:500-24987	TLTX23		OTHER	PAIRED	NextSeq 2000	560865	28043250	Homo sapiens
ERR14317769	SAMEA117636888	ena-SAMPLE-TAB-28-01-2025-22:30:17:500-24989	TLTX33		OTHER	PAIRED	NextSeq 2000	1240037	62001850	Homo sapiens
ERR14257100	SAMEA117636886	ena-SAMPLE-TAB-28-01-2025-22:30:17:500-24987	TLTX23		OTHER	PAIRED	NextSeq 2000	1299260	64963000	Homo sapiens
ERR14317794	SAMEA117636888	ena-SAMPLE-TAB-28-01-2025-22:30:17:500-24989	TLTX33		OTHER	PAIRED	NextSeq 2000	816719	40835950	Homo sapiens
ERR14317802	SAMEA117636888	ena-SAMPLE-TAB-28-01-2025-22:30:17:500-24989	TLTX33		OTHER	PAIRED	NextSeq 2000	646871	32343550	Homo sapiens
ERR14317834	SAMEA117636888	ena-SAMPLE-TAB-28-01-2025-22:30:17:500-24989	TLTX33		OTHER	PAIRED	NextSeq 2000	1012456	50622800	Homo sapiens
ERR14257114	SAMEA117636886	ena-SAMPLE-TAB-28-01-2025-22:30:17:500-24987	TLTX23		OTHER	PAIRED	NextSeq 2000	1550438	77521900	Homo sapiens
ERR14317848	SAMEA117636888	ena-SAMPLE-TAB-28-01-2025-22:30:17:500-24989	TLTX33		OTHER	PAIRED	NextSeq 2000	1205131	60256550	Homo sapiens
ERR14257137	SAMEA117636886	ena-SAMPLE-TAB-28-01-2025-22:30:17:500-24987	TLTX23		OTHER	PAIRED	NextSeq 2000	791902	39595100	Homo sapiens
ERR14317962	SAMEA117636888	ena-SAMPLE-TAB-28-01-2025-22:30:17:500-24989	TLTX33		OTHER	PAIRED	NextSeq 2000	1252422	62621100	Homo sapiens
ERR14257162	SAMEA117636886	ena-SAMPLE-TAB-28-01-2025-22:30:17:500-24987	TLTX23		OTHER	PAIRED	NextSeq 2000	1501208	75060400	Homo sapiens
ERR14317974	SAMEA117636888	ena-SAMPLE-TAB-28-01-2025-22:30:17:500-24989	TLTX33		OTHER	PAIRED	NextSeq 2000	632763	31638150	Homo sapiens
ERR14257210	SAMEA117636886	ena-SAMPLE-TAB-28-01-2025-22:30:17:500-24987	TLTX23		OTHER	PAIRED	NextSeq 2000	377181	18859050	Homo sapiens
ERR14317979	SAMEA117636888	ena-SAMPLE-TAB-28-01-2025-22:30:17:500-24989	TLTX33		OTHER	PAIRED	NextSeq 2000	855232	42761600	Homo sapiens
ERR14318008	SAMEA117636888	ena-SAMPLE-TAB-28-01-2025-22:30:17:500-24989	TLTX33		OTHER	PAIRED	NextSeq 2000	742384	37119200	Homo sapiens
ERR14257228	SAMEA117636886	ena-SAMPLE-TAB-28-01-2025-22:30:17:500-24987	TLTX23		OTHER	PAIRED	NextSeq 2000	488979	24448950	Homo sapiens
ERR14257230	SAMEA117636886	ena-SAMPLE-TAB-28-01-2025-22:30:17:500-24987	TLTX23		OTHER	PAIRED	NextSeq 2000	376608	18830400	Homo sapiens
ERR14318019	SAMEA117636888	ena-SAMPLE-TAB-28-01-2025-22:30:17:500-24989	TLTX33		OTHER	PAIRED	NextSeq 2000	801910	40095500	Homo sapiens
ERR14257239	SAMEA117636886	ena-SAMPLE-TAB-28-01-2025-22:30:17:500-24987	TLTX23		OTHER	PAIRED	NextSeq 2000	1052409	52620450	Homo sapiens
ERR14318031	SAMEA117636888	ena-SAMPLE-TAB-28-01-2025-22:30:17:500-24989	TLTX33		OTHER	PAIRED	NextSeq 2000	595077	29753850	Homo sapiens
ERR14257244	SAMEA117636886	ena-SAMPLE-TAB-28-01-2025-22:30:17:500-24987	TLTX23		OTHER	PAIRED	NextSeq 2000	1015130	50756500	Homo sapiens
ERR14318032	SAMEA117636888	ena-SAMPLE-TAB-28-01-2025-22:30:17:500-24989	TLTX33		OTHER	PAIRED	NextSeq 2000	267128	13356400	Homo sapiens
ERR14318118	SAMEA117636888	ena-SAMPLE-TAB-28-01-2025-22:30:17:500-24989	TLTX33		OTHER	PAIRED	NextSeq 2000	1705558	85277900	Homo sapiens
ERR14318124	SAMEA117636888	ena-SAMPLE-TAB-28-01-2025-22:30:17:500-24989	TLTX33		OTHER	PAIRED	NextSeq 2000	1077615	53880750	Homo sapiens
ERR14257252	SAMEA117636886	ena-SAMPLE-TAB-28-01-2025-22:30:17:500-24987	TLTX23		OTHER	PAIRED	NextSeq 2000	890053	44502650	Homo sapiens
ERR14318128	SAMEA117636888	ena-SAMPLE-TAB-28-01-2025-22:30:17:500-24989	TLTX33		OTHER	PAIRED	NextSeq 2000	1439703	71985150	Homo sapiens
ERR14257253	SAMEA117636886	ena-SAMPLE-TAB-28-01-2025-22:30:17:500-24987	TLTX23		OTHER	PAIRED	NextSeq 2000	947682	47384100	Homo sapiens
ERR14318196	SAMEA117636888	ena-SAMPLE-TAB-28-01-2025-22:30:17:500-24989	TLTX33		OTHER	PAIRED	NextSeq 2000	416888	20844400	Homo sapiens
ERR14318200	SAMEA117636888	ena-SAMPLE-TAB-28-01-2025-22:30:17:500-24989	TLTX33		OTHER	PAIRED	NextSeq 2000	1264770	63238500	Homo sapiens
ERR14257263	SAMEA117636886	ena-SAMPLE-TAB-28-01-2025-22:30:17:500-24987	TLTX23		OTHER	PAIRED	NextSeq 2000	430222	21511100	Homo sapiens
ERR14318219	SAMEA117636888	ena-SAMPLE-TAB-28-01-2025-22:30:17:500-24989	TLTX33		OTHER	PAIRED	NextSeq 2000	488614	24430700	Homo sapiens
ERR14318236	SAMEA117636888	ena-SAMPLE-TAB-28-01-2025-22:30:17:500-24989	TLTX33		OTHER	PAIRED	NextSeq 2000	569597	28479850	Homo sapiens
ERR14257300	SAMEA117636886	ena-SAMPLE-TAB-28-01-2025-22:30:17:500-24987	TLTX23		OTHER	PAIRED	NextSeq 2000	1642491	82124550	Homo sapiens
ERR14318245	SAMEA117636888	ena-SAMPLE-TAB-28-01-2025-22:30:17:500-24989	TLTX33		OTHER	PAIRED	NextSeq 2000	650052	32502600	Homo sapiens
ERR14318250	SAMEA117636888	ena-SAMPLE-TAB-28-01-2025-22:30:17:500-24989	TLTX33		OTHER	PAIRED	NextSeq 2000	424264	21213200	Homo sapiens
ERR14257307	SAMEA117636886	ena-SAMPLE-TAB-28-01-2025-22:30:17:500-24987	TLTX23		OTHER	PAIRED	NextSeq 2000	1628713	81435650	Homo sapiens
ERR14318268	SAMEA117636888	ena-SAMPLE-TAB-28-01-2025-22:30:17:500-24989	TLTX33		OTHER	PAIRED	NextSeq 2000	1183837	59191850	Homo sapiens
ERR14257329	SAMEA117636886	ena-SAMPLE-TAB-28-01-2025-22:30:17:500-24987	TLTX23		OTHER	PAIRED	NextSeq 2000	1554168	77708400	Homo sapiens
ERR14318293	SAMEA117636888	ena-SAMPLE-TAB-28-01-2025-22:30:17:500-24989	TLTX33		OTHER	PAIRED	NextSeq 2000	1322206	66110300	Homo sapiens
ERR14318304	SAMEA117636888	ena-SAMPLE-TAB-28-01-2025-22:30:17:500-24989	TLTX33		OTHER	PAIRED	NextSeq 2000	1456632	72831600	Homo sapiens
ERR14257330	SAMEA117636886	ena-SAMPLE-TAB-28-01-2025-22:30:17:500-24987	TLTX23		OTHER	PAIRED	NextSeq 2000	1010871	50543550	Homo sapiens
ERR14318314	SAMEA117636888	ena-SAMPLE-TAB-28-01-2025-22:30:17:500-24989	TLTX33		OTHER	PAIRED	NextSeq 2000	982886	49144300	Homo sapiens
ERR14318362	SAMEA117636888	ena-SAMPLE-TAB-28-01-2025-22:30:17:500-24989	TLTX33		OTHER	PAIRED	NextSeq 2000	1300135	65006750	Homo sapiens
ERR14257359	SAMEA117636886	ena-SAMPLE-TAB-28-01-2025-22:30:17:500-24987	TLTX23		OTHER	PAIRED	NextSeq 2000	432444	21622200	Homo sapiens
ERR14318364	SAMEA117636888	ena-SAMPLE-TAB-28-01-2025-22:30:17:500-24989	TLTX33		OTHER	PAIRED	NextSeq 2000	1567732	78386600	Homo sapiens
ERR14318368	SAMEA117636888	ena-SAMPLE-TAB-28-01-2025-22:30:17:500-24989	TLTX33		OTHER	PAIRED	NextSeq 2000	1137067	56853350	Homo sapiens
ERR14257363	SAMEA117636886	ena-SAMPLE-TAB-28-01-2025-22:30:17:500-24987	TLTX23		OTHER	PAIRED	NextSeq 2000	680888	34044400	Homo sapiens
ERR14318375	SAMEA117636888	ena-SAMPLE-TAB-28-01-2025-22:30:17:500-24989	TLTX33		OTHER	PAIRED	NextSeq 2000	162202	8110100	Homo sapiens
ERR14257437	SAMEA117636886	ena-SAMPLE-TAB-28-01-2025-22:30:17:500-24987	TLTX23		OTHER	PAIRED	NextSeq 2000	244959	12247950	Homo sapiens
ERR14318380	SAMEA117636888	ena-SAMPLE-TAB-28-01-2025-22:30:17:500-24989	TLTX33		OTHER	PAIRED	NextSeq 2000	1480228	74011400	Homo sapiens
ERR14257442	SAMEA117636886	ena-SAMPLE-TAB-28-01-2025-22:30:17:500-24987	TLTX23		OTHER	PAIRED	NextSeq 2000	192372	9618600	Homo sapiens
ERR14318386	SAMEA117636888	ena-SAMPLE-TAB-28-01-2025-22:30:17:500-24989	TLTX33		OTHER	PAIRED	NextSeq 2000	803432	40171600	Homo sapiens
ERR14318445	SAMEA117636888	ena-SAMPLE-TAB-28-01-2025-22:30:17:500-24989	TLTX33		OTHER	PAIRED	NextSeq 2000	1097287	54864350	Homo sapiens
ERR14257447	SAMEA117636886	ena-SAMPLE-TAB-28-01-2025-22:30:17:500-24987	TLTX23		OTHER	PAIRED	NextSeq 2000	767020	38351000	Homo sapiens
ERR14318451	SAMEA117636888	ena-SAMPLE-TAB-28-01-2025-22:30:17:500-24989	TLTX33		OTHER	PAIRED	NextSeq 2000	1455164	72758200	Homo sapiens
ERR14318459	SAMEA117636888	ena-SAMPLE-TAB-28-01-2025-22:30:17:500-24989	TLTX33		OTHER	PAIRED	NextSeq 2000	1468254	73412700	Homo sapiens
ERR14257459	SAMEA117636886	ena-SAMPLE-TAB-28-01-2025-22:30:17:500-24987	TLTX23		OTHER	PAIRED	NextSeq 2000	636428	31821400	Homo sapiens
ERR14318478	SAMEA117636888	ena-SAMPLE-TAB-28-01-2025-22:30:17:500-24989	TLTX33		OTHER	PAIRED	NextSeq 2000	1035896	51794800	Homo sapiens
ERR14318576	SAMEA117636888	ena-SAMPLE-TAB-28-01-2025-22:30:17:500-24989	TLTX33		OTHER	PAIRED	NextSeq 2000	1181300	59065000	Homo sapiens
ERR14257461	SAMEA117636886	ena-SAMPLE-TAB-28-01-2025-22:30:17:500-24987	TLTX23		OTHER	PAIRED	NextSeq 2000	1014169	50708450	Homo sapiens
ERR14318578	SAMEA117636888	ena-SAMPLE-TAB-28-01-2025-22:30:17:500-24989	TLTX33		OTHER	PAIRED	NextSeq 2000	1038353	51917650	Homo sapiens
ERR14257487	SAMEA117636886	ena-SAMPLE-TAB-28-01-2025-22:30:17:500-24987	TLTX23		OTHER	PAIRED	NextSeq 2000	1617332	80866600	Homo sapiens
ERR14257510	SAMEA117636886	ena-SAMPLE-TAB-28-01-2025-22:30:17:500-24987	TLTX23		OTHER	PAIRED	NextSeq 2000	626029	31301450	Homo sapiens
ERR14318608	SAMEA117636888	ena-SAMPLE-TAB-28-01-2025-22:30:17:500-24989	TLTX33		OTHER	PAIRED	NextSeq 2000	1077957	53897850	Homo sapiens
ERR14257515	SAMEA117636886	ena-SAMPLE-TAB-28-01-2025-22:30:17:500-24987	TLTX23		OTHER	PAIRED	NextSeq 2000	778974	38948700	Homo sapiens
ERR14318649	SAMEA117636888	ena-SAMPLE-TAB-28-01-2025-22:30:17:500-24989	TLTX33		OTHER	PAIRED	NextSeq 2000	1155747	57787350	Homo sapiens
ERR14318652	SAMEA117636888	ena-SAMPLE-TAB-28-01-2025-22:30:17:500-24989	TLTX33		OTHER	PAIRED	NextSeq 2000	1594359	79717950	Homo sapiens
ERR14257540	SAMEA117636886	ena-SAMPLE-TAB-28-01-2025-22:30:17:500-24987	TLTX23		OTHER	PAIRED	NextSeq 2000	1603792	80189600	Homo sapiens
ERR14318658	SAMEA117636888	ena-SAMPLE-TAB-28-01-2025-22:30:17:500-24989	TLTX33		OTHER	PAIRED	NextSeq 2000	1413713	70685650	Homo sapiens
ERR14257595	SAMEA117636886	ena-SAMPLE-TAB-28-01-2025-22:30:17:500-24987	TLTX23		OTHER	PAIRED	NextSeq 2000	1538344	76917200	Homo sapiens
ERR14318666	SAMEA117636888	ena-SAMPLE-TAB-28-01-2025-22:30:17:500-24989	TLTX33		OTHER	PAIRED	NextSeq 2000	1325729	66286450	Homo sapiens
ERR14257609	SAMEA117636886	ena-SAMPLE-TAB-28-01-2025-22:30:17:500-24987	TLTX23		OTHER	PAIRED	NextSeq 2000	1383300	69165000	Homo sapiens
ERR14318682	SAMEA117636888	ena-SAMPLE-TAB-28-01-2025-22:30:17:500-24989	TLTX33		OTHER	PAIRED	NextSeq 2000	893279	44663950	Homo sapiens
ERR14318709	SAMEA117636888	ena-SAMPLE-TAB-28-01-2025-22:30:17:500-24989	TLTX33		OTHER	PAIRED	NextSeq 2000	1390261	69513050	Homo sapiens
ERR14257644	SAMEA117636886	ena-SAMPLE-TAB-28-01-2025-22:30:17:500-24987	TLTX23		OTHER	PAIRED	NextSeq 2000	1247025	62351250	Homo sapiens
ERR14318723	SAMEA117636888	ena-SAMPLE-TAB-28-01-2025-22:30:17:500-24989	TLTX33		OTHER	PAIRED	NextSeq 2000	1908936	95446800	Homo sapiens
ERR14318761	SAMEA117636888	ena-SAMPLE-TAB-28-01-2025-22:30:17:500-24989	TLTX33		OTHER	PAIRED	NextSeq 2000	640307	32015350	Homo sapiens
ERR14318786	SAMEA117636888	ena-SAMPLE-TAB-28-01-2025-22:30:17:500-24989	TLTX33		OTHER	PAIRED	NextSeq 2000	1173605	58680250	Homo sapiens
ERR14257645	SAMEA117636886	ena-SAMPLE-TAB-28-01-2025-22:30:17:500-24987	TLTX23		OTHER	PAIRED	NextSeq 2000	961116	48055800	Homo sapiens
ERR14318888	SAMEA117636888	ena-SAMPLE-TAB-28-01-2025-22:30:17:500-24989	TLTX33		OTHER	PAIRED	NextSeq 2000	1387583	69379150	Homo sapiens
ERR14257649	SAMEA117636886	ena-SAMPLE-TAB-28-01-2025-22:30:17:500-24987	TLTX23		OTHER	PAIRED	NextSeq 2000	1127360	56368000	Homo sapiens
ERR14318903	SAMEA117636888	ena-SAMPLE-TAB-28-01-2025-22:30:17:500-24989	TLTX33		OTHER	PAIRED	NextSeq 2000	1372916	68645800	Homo sapiens
ERR14257670	SAMEA117636886	ena-SAMPLE-TAB-28-01-2025-22:30:17:500-24987	TLTX23		OTHER	PAIRED	NextSeq 2000	1048516	52425800	Homo sapiens
ERR14318922	SAMEA117636888	ena-SAMPLE-TAB-28-01-2025-22:30:17:500-24989	TLTX33		OTHER	PAIRED	NextSeq 2000	1078142	53907100	Homo sapiens
ERR14257703	SAMEA117636886	ena-SAMPLE-TAB-28-01-2025-22:30:17:500-24987	TLTX23		OTHER	PAIRED	NextSeq 2000	1173700	58685000	Homo sapiens
ERR14318934	SAMEA117636888	ena-SAMPLE-TAB-28-01-2025-22:30:17:500-24989	TLTX33		OTHER	PAIRED	NextSeq 2000	443421	22171050	Homo sapiens
ERR14257750	SAMEA117636886	ena-SAMPLE-TAB-28-01-2025-22:30:17:500-24987	TLTX23		OTHER	PAIRED	NextSeq 2000	1186907	59345350	Homo sapiens
ERR14318940	SAMEA117636888	ena-SAMPLE-TAB-28-01-2025-22:30:17:500-24989	TLTX33		OTHER	PAIRED	NextSeq 2000	1276528	63826400	Homo sapiens
ERR14257769	SAMEA117636886	ena-SAMPLE-TAB-28-01-2025-22:30:17:500-24987	TLTX23		OTHER	PAIRED	NextSeq 2000	1317686	65884300	Homo sapiens
ERR14257794	SAMEA117636886	ena-SAMPLE-TAB-28-01-2025-22:30:17:500-24987	TLTX23		OTHER	PAIRED	NextSeq 2000	687969	34398450	Homo sapiens
ERR14318944	SAMEA117636888	ena-SAMPLE-TAB-28-01-2025-22:30:17:500-24989	TLTX33		OTHER	PAIRED	NextSeq 2000	799693	39984650	Homo sapiens
ERR14318958	SAMEA117636888	ena-SAMPLE-TAB-28-01-2025-22:30:17:500-24989	TLTX33		OTHER	PAIRED	NextSeq 2000	861867	43093350	Homo sapiens
ERR14257843	SAMEA117636886	ena-SAMPLE-TAB-28-01-2025-22:30:17:500-24987	TLTX23		OTHER	PAIRED	NextSeq 2000	1027985	51399250	Homo sapiens
ERR14257899	SAMEA117636886	ena-SAMPLE-TAB-28-01-2025-22:30:17:500-24987	TLTX23		OTHER	PAIRED	NextSeq 2000	1089968	54498400	Homo sapiens
ERR14319012	SAMEA117636888	ena-SAMPLE-TAB-28-01-2025-22:30:17:500-24989	TLTX33		OTHER	PAIRED	NextSeq 2000	1595965	79798250	Homo sapiens
ERR14257957	SAMEA117636886	ena-SAMPLE-TAB-28-01-2025-22:30:17:500-24987	TLTX23		OTHER	PAIRED	NextSeq 2000	582126	29106300	Homo sapiens
ERR14319015	SAMEA117636888	ena-SAMPLE-TAB-28-01-2025-22:30:17:500-24989	TLTX33		OTHER	PAIRED	NextSeq 2000	1470901	73545050	Homo sapiens
ERR14258069	SAMEA117636886	ena-SAMPLE-TAB-28-01-2025-22:30:17:500-24987	TLTX23		OTHER	PAIRED	NextSeq 2000	1771030	88551500	Homo sapiens
ERR14319047	SAMEA117636888	ena-SAMPLE-TAB-28-01-2025-22:30:17:500-24989	TLTX33		OTHER	PAIRED	NextSeq 2000	1237482	61874100	Homo sapiens
ERR14319063	SAMEA117636888	ena-SAMPLE-TAB-28-01-2025-22:30:17:500-24989	TLTX33		OTHER	PAIRED	NextSeq 2000	1369186	68459300	Homo sapiens
ERR14258072	SAMEA117636886	ena-SAMPLE-TAB-28-01-2025-22:30:17:500-24987	TLTX23		OTHER	PAIRED	NextSeq 2000	1552753	77637650	Homo sapiens
ERR14319083	SAMEA117636888	ena-SAMPLE-TAB-28-01-2025-22:30:17:500-24989	TLTX33		OTHER	PAIRED	NextSeq 2000	893692	44684600	Homo sapiens
ERR14319118	SAMEA117636888	ena-SAMPLE-TAB-28-01-2025-22:30:17:500-24989	TLTX33		OTHER	PAIRED	NextSeq 2000	1158005	57900250	Homo sapiens
ERR14258076	SAMEA117636886	ena-SAMPLE-TAB-28-01-2025-22:30:17:500-24987	TLTX23		OTHER	PAIRED	NextSeq 2000	1638268	81913400	Homo sapiens
ERR14319130	SAMEA117636888	ena-SAMPLE-TAB-28-01-2025-22:30:17:500-24989	TLTX33		OTHER	PAIRED	NextSeq 2000	1341685	67084250	Homo sapiens
ERR14258093	SAMEA117636886	ena-SAMPLE-TAB-28-01-2025-22:30:17:500-24987	TLTX23		OTHER	PAIRED	NextSeq 2000	851942	42597100	Homo sapiens
ERR14319169	SAMEA117636888	ena-SAMPLE-TAB-28-01-2025-22:30:17:500-24989	TLTX33		OTHER	PAIRED	NextSeq 2000	2094071	104703550	Homo sapiens
ERR14319172	SAMEA117636888	ena-SAMPLE-TAB-28-01-2025-22:30:17:500-24989	TLTX33		OTHER	PAIRED	NextSeq 2000	993007	49650350	Homo sapiens
ERR14258167	SAMEA117636886	ena-SAMPLE-TAB-28-01-2025-22:30:17:500-24987	TLTX23		OTHER	PAIRED	NextSeq 2000	1126025	56301250	Homo sapiens
ERR14319202	SAMEA117636888	ena-SAMPLE-TAB-28-01-2025-22:30:17:500-24989	TLTX33		OTHER	PAIRED	NextSeq 2000	1203766	60188300	Homo sapiens
ERR14319236	SAMEA117636888	ena-SAMPLE-TAB-28-01-2025-22:30:17:500-24989	TLTX33		OTHER	PAIRED	NextSeq 2000	754258	37712900	Homo sapiens
ERR14258221	SAMEA117636886	ena-SAMPLE-TAB-28-01-2025-22:30:17:500-24987	TLTX23		OTHER	PAIRED	NextSeq 2000	1435413	71770650	Homo sapiens
ERR14319243	SAMEA117636888	ena-SAMPLE-TAB-28-01-2025-22:30:17:500-24989	TLTX33		OTHER	PAIRED	NextSeq 2000	1004317	50215850	Homo sapiens
ERR14258222	SAMEA117636886	ena-SAMPLE-TAB-28-01-2025-22:30:17:500-24987	TLTX23		OTHER	PAIRED	NextSeq 2000	1629598	81479900	Homo sapiens
ERR14319252	SAMEA117636888	ena-SAMPLE-TAB-28-01-2025-22:30:17:500-24989	TLTX33		OTHER	PAIRED	NextSeq 2000	973488	48674400	Homo sapiens
ERR14258223	SAMEA117636886	ena-SAMPLE-TAB-28-01-2025-22:30:17:500-24987	TLTX23		OTHER	PAIRED	NextSeq 2000	1199303	59965150	Homo sapiens
ERR14258252	SAMEA117636886	ena-SAMPLE-TAB-28-01-2025-22:30:17:500-24987	TLTX23		OTHER	PAIRED	NextSeq 2000	606066	30303300	Homo sapiens
ERR14319270	SAMEA117636888	ena-SAMPLE-TAB-28-01-2025-22:30:17:500-24989	TLTX33		OTHER	PAIRED	NextSeq 2000	1313589	65679450	Homo sapiens
ERR14319280	SAMEA117636888	ena-SAMPLE-TAB-28-01-2025-22:30:17:500-24989	TLTX33		OTHER	PAIRED	NextSeq 2000	1124323	56216150	Homo sapiens
ERR14258266	SAMEA117636886	ena-SAMPLE-TAB-28-01-2025-22:30:17:500-24987	TLTX23		OTHER	PAIRED	NextSeq 2000	1397930	69896500	Homo sapiens
ERR14319292	SAMEA117636888	ena-SAMPLE-TAB-28-01-2025-22:30:17:500-24989	TLTX33		OTHER	PAIRED	NextSeq 2000	885175	44258750	Homo sapiens
ERR14258302	SAMEA117636886	ena-SAMPLE-TAB-28-01-2025-22:30:17:500-24987	TLTX23		OTHER	PAIRED	NextSeq 2000	1847144	92357200	Homo sapiens
ERR14319308	SAMEA117636888	ena-SAMPLE-TAB-28-01-2025-22:30:17:500-24989	TLTX33		OTHER	PAIRED	NextSeq 2000	669795	33489750	Homo sapiens
ERR14258319	SAMEA117636886	ena-SAMPLE-TAB-28-01-2025-22:30:17:500-24987	TLTX23		OTHER	PAIRED	NextSeq 2000	1153161	57658050	Homo sapiens
ERR14258327	SAMEA117636886	ena-SAMPLE-TAB-28-01-2025-22:30:17:500-24987	TLTX23		OTHER	PAIRED	NextSeq 2000	1396681	69834050	Homo sapiens
ERR14319309	SAMEA117636888	ena-SAMPLE-TAB-28-01-2025-22:30:17:500-24989	TLTX33		OTHER	PAIRED	NextSeq 2000	770853	38542650	Homo sapiens
ERR14319319	SAMEA117636888	ena-SAMPLE-TAB-28-01-2025-22:30:17:500-24989	TLTX33		OTHER	PAIRED	NextSeq 2000	495257	24762850	Homo sapiens
ERR14258353	SAMEA117636886	ena-SAMPLE-TAB-28-01-2025-22:30:17:500-24987	TLTX23		OTHER	PAIRED	NextSeq 2000	1309831	65491550	Homo sapiens
ERR14319325	SAMEA117636888	ena-SAMPLE-TAB-28-01-2025-22:30:17:500-24989	TLTX33		OTHER	PAIRED	NextSeq 2000	585761	29288050	Homo sapiens
ERR14258365	SAMEA117636886	ena-SAMPLE-TAB-28-01-2025-22:30:17:500-24987	TLTX23		OTHER	PAIRED	NextSeq 2000	1381459	69072950	Homo sapiens
ERR14258380	SAMEA117636886	ena-SAMPLE-TAB-28-01-2025-22:30:17:500-24987	TLTX23		OTHER	PAIRED	NextSeq 2000	1360469	68023450	Homo sapiens
ERR14319336	SAMEA117636888	ena-SAMPLE-TAB-28-01-2025-22:30:17:500-24989	TLTX33		OTHER	PAIRED	NextSeq 2000	1386732	69336600	Homo sapiens
ERR14319337	SAMEA117636888	ena-SAMPLE-TAB-28-01-2025-22:30:17:500-24989	TLTX33		OTHER	PAIRED	NextSeq 2000	812107	40605350	Homo sapiens
ERR14258391	SAMEA117636886	ena-SAMPLE-TAB-28-01-2025-22:30:17:500-24987	TLTX23		OTHER	PAIRED	NextSeq 2000	1115535	55776750	Homo sapiens
ERR14319343	SAMEA117636888	ena-SAMPLE-TAB-28-01-2025-22:30:17:500-24989	TLTX33		OTHER	PAIRED	NextSeq 2000	1239862	61993100	Homo sapiens
ERR14258409	SAMEA117636886	ena-SAMPLE-TAB-28-01-2025-22:30:17:500-24987	TLTX23		OTHER	PAIRED	NextSeq 2000	993181	49659050	Homo sapiens
ERR14319405	SAMEA117636888	ena-SAMPLE-TAB-28-01-2025-22:30:17:500-24989	TLTX33		OTHER	PAIRED	NextSeq 2000	959154	47957700	Homo sapiens
ERR14270801	SAMEA117636886	ena-SAMPLE-TAB-28-01-2025-22:30:17:500-24987	TLTX23		OTHER	SINGLE	NextSeq 2000	1	50	Homo sapiens
ERR14319414	SAMEA117636888	ena-SAMPLE-TAB-28-01-2025-22:30:17:500-24989	TLTX33		OTHER	PAIRED	NextSeq 2000	1025444	51272200	Homo sapiens
ERR14270811	SAMEA117636886	ena-SAMPLE-TAB-28-01-2025-22:30:17:500-24987	TLTX23		OTHER	SINGLE	NextSeq 2000	1	50	Homo sapiens
ERR14319432	SAMEA117636888	ena-SAMPLE-TAB-28-01-2025-22:30:17:500-24989	TLTX33		OTHER	PAIRED	NextSeq 2000	1428566	71428300	Homo sapiens
ERR14319433	SAMEA117636888	ena-SAMPLE-TAB-28-01-2025-22:30:17:500-24989	TLTX33		OTHER	PAIRED	NextSeq 2000	688159	34407950	Homo sapiens
ERR14270816	SAMEA117636886	ena-SAMPLE-TAB-28-01-2025-22:30:17:500-24987	TLTX23		OTHER	SINGLE	NextSeq 2000	1	50	Homo sapiens
ERR14319515	SAMEA117636888	ena-SAMPLE-TAB-28-01-2025-22:30:17:500-24989	TLTX33		OTHER	PAIRED	NextSeq 2000	1008782	50439100	Homo sapiens
ERR14319516	SAMEA117636888	ena-SAMPLE-TAB-28-01-2025-22:30:17:500-24989	TLTX33		OTHER	PAIRED	NextSeq 2000	892850	44642500	Homo sapiens
ERR14270819	SAMEA117636886	ena-SAMPLE-TAB-28-01-2025-22:30:17:500-24987	TLTX23		OTHER	SINGLE	NextSeq 2000	1	50	Homo sapiens
ERR14270823	SAMEA117636886	ena-SAMPLE-TAB-28-01-2025-22:30:17:500-24987	TLTX23		OTHER	SINGLE	NextSeq 2000	1	50	Homo sapiens
ERR14319528	SAMEA117636888	ena-SAMPLE-TAB-28-01-2025-22:30:17:500-24989	TLTX33		OTHER	PAIRED	NextSeq 2000	1762652	88132600	Homo sapiens
ERR14275153	SAMEA117636889	ena-SAMPLE-TAB-28-01-2025-22:30:17:500-24990	TLTX18		OTHER	PAIRED	NextSeq 2000	712	35600	Homo sapiens
ERR14319612	SAMEA117636888	ena-SAMPLE-TAB-28-01-2025-22:30:17:500-24989	TLTX33		OTHER	PAIRED	NextSeq 2000	750562	37528100	Homo sapiens
ERR14275162	SAMEA117636889	ena-SAMPLE-TAB-28-01-2025-22:30:17:500-24990	TLTX18		OTHER	PAIRED	NextSeq 2000	304	15200	Homo sapiens
ERR14319633	SAMEA117636888	ena-SAMPLE-TAB-28-01-2025-22:30:17:500-24989	TLTX33		OTHER	PAIRED	NextSeq 2000	826720	41336000	Homo sapiens
ERR14275163	SAMEA117636889	ena-SAMPLE-TAB-28-01-2025-22:30:17:500-24990	TLTX18		OTHER	PAIRED	NextSeq 2000	708	35400	Homo sapiens
ERR14319645	SAMEA117636888	ena-SAMPLE-TAB-28-01-2025-22:30:17:500-24989	TLTX33		OTHER	PAIRED	NextSeq 2000	537375	26868750	Homo sapiens
ERR14319648	SAMEA117636888	ena-SAMPLE-TAB-28-01-2025-22:30:17:500-24989	TLTX33		OTHER	PAIRED	NextSeq 2000	632836	31641800	Homo sapiens
ERR14275165	SAMEA117636889	ena-SAMPLE-TAB-28-01-2025-22:30:17:500-24990	TLTX18		OTHER	PAIRED	NextSeq 2000	984	49200	Homo sapiens
ERR14275167	SAMEA117636889	ena-SAMPLE-TAB-28-01-2025-22:30:17:500-24990	TLTX18		OTHER	PAIRED	NextSeq 2000	68	3400	Homo sapiens
ERR14319655	SAMEA117636888	ena-SAMPLE-TAB-28-01-2025-22:30:17:500-24989	TLTX33		OTHER	PAIRED	NextSeq 2000	536720	26836000	Homo sapiens
ERR14275171	SAMEA117636889	ena-SAMPLE-TAB-28-01-2025-22:30:17:500-24990	TLTX18		OTHER	PAIRED	NextSeq 2000	442	22100	Homo sapiens
ERR14275173	SAMEA117636889	ena-SAMPLE-TAB-28-01-2025-22:30:17:500-24990	TLTX18		OTHER	PAIRED	NextSeq 2000	560	28000	Homo sapiens
ERR14275174	SAMEA117636889	ena-SAMPLE-TAB-28-01-2025-22:30:17:500-24990	TLTX18		OTHER	PAIRED	NextSeq 2000	664	33200	Homo sapiens
ERR14275181	SAMEA117636889	ena-SAMPLE-TAB-28-01-2025-22:30:17:500-24990	TLTX18		OTHER	PAIRED	NextSeq 2000	516	25800	Homo sapiens
ERR14275184	SAMEA117636889	ena-SAMPLE-TAB-28-01-2025-22:30:17:500-24990	TLTX18		OTHER	PAIRED	NextSeq 2000	562	28100	Homo sapiens
ERR14275187	SAMEA117636889	ena-SAMPLE-TAB-28-01-2025-22:30:17:500-24990	TLTX18		OTHER	PAIRED	NextSeq 2000	166	8300	Homo sapiens
ERR14275188	SAMEA117636889	ena-SAMPLE-TAB-28-01-2025-22:30:17:500-24990	TLTX18		OTHER	PAIRED	NextSeq 2000	90	4500	Homo sapiens
ERR14275197	SAMEA117636889	ena-SAMPLE-TAB-28-01-2025-22:30:17:500-24990	TLTX18		OTHER	PAIRED	NextSeq 2000	1705802	85290100	Homo sapiens
ERR14275206	SAMEA117636889	ena-SAMPLE-TAB-28-01-2025-22:30:17:500-24990	TLTX18		OTHER	PAIRED	NextSeq 2000	162	8100	Homo sapiens
ERR14275207	SAMEA117636889	ena-SAMPLE-TAB-28-01-2025-22:30:17:500-24990	TLTX18		OTHER	PAIRED	NextSeq 2000	690	34500	Homo sapiens
ERR14275211	SAMEA117636889	ena-SAMPLE-TAB-28-01-2025-22:30:17:500-24990	TLTX18		OTHER	PAIRED	NextSeq 2000	270	13500	Homo sapiens
ERR14275212	SAMEA117636889	ena-SAMPLE-TAB-28-01-2025-22:30:17:500-24990	TLTX18		OTHER	PAIRED	NextSeq 2000	324	16200	Homo sapiens
ERR14275226	SAMEA117636889	ena-SAMPLE-TAB-28-01-2025-22:30:17:500-24990	TLTX18		OTHER	PAIRED	NextSeq 2000	1438	71900	Homo sapiens
ERR14275231	SAMEA117636889	ena-SAMPLE-TAB-28-01-2025-22:30:17:500-24990	TLTX18		OTHER	PAIRED	NextSeq 2000	2016	100800	Homo sapiens
ERR14275234	SAMEA117636889	ena-SAMPLE-TAB-28-01-2025-22:30:17:500-24990	TLTX18		OTHER	PAIRED	NextSeq 2000	582120	29106000	Homo sapiens
ERR14275235	SAMEA117636889	ena-SAMPLE-TAB-28-01-2025-22:30:17:500-24990	TLTX18		OTHER	PAIRED	NextSeq 2000	1822	91100	Homo sapiens
ERR14275237	SAMEA117636889	ena-SAMPLE-TAB-28-01-2025-22:30:17:500-24990	TLTX18		OTHER	PAIRED	NextSeq 2000	2764	138200	Homo sapiens
ERR14275239	SAMEA117636889	ena-SAMPLE-TAB-28-01-2025-22:30:17:500-24990	TLTX18		OTHER	PAIRED	NextSeq 2000	1374066	68703300	Homo sapiens
ERR14275244	SAMEA117636889	ena-SAMPLE-TAB-28-01-2025-22:30:17:500-24990	TLTX18		OTHER	PAIRED	NextSeq 2000	1951372	97568600	Homo sapiens
ERR14275252	SAMEA117636889	ena-SAMPLE-TAB-28-01-2025-22:30:17:500-24990	TLTX18		OTHER	PAIRED	NextSeq 2000	2566	128300	Homo sapiens
ERR14275253	SAMEA117636889	ena-SAMPLE-TAB-28-01-2025-22:30:17:500-24990	TLTX18		OTHER	PAIRED	NextSeq 2000	1380	69000	Homo sapiens
ERR14275255	SAMEA117636889	ena-SAMPLE-TAB-28-01-2025-22:30:17:500-24990	TLTX18		OTHER	PAIRED	NextSeq 2000	1964870	98243500	Homo sapiens
ERR14275257	SAMEA117636889	ena-SAMPLE-TAB-28-01-2025-22:30:17:500-24990	TLTX18		OTHER	PAIRED	NextSeq 2000	3602	180100	Homo sapiens
ERR14275261	SAMEA117636889	ena-SAMPLE-TAB-28-01-2025-22:30:17:500-24990	TLTX18		OTHER	PAIRED	NextSeq 2000	1516752	75837600	Homo sapiens
ERR14275262	SAMEA117636889	ena-SAMPLE-TAB-28-01-2025-22:30:17:500-24990	TLTX18		OTHER	PAIRED	NextSeq 2000	2012	100600	Homo sapiens
ERR14275263	SAMEA117636889	ena-SAMPLE-TAB-28-01-2025-22:30:17:500-24990	TLTX18		OTHER	PAIRED	NextSeq 2000	1724	86200	Homo sapiens
ERR14275265	SAMEA117636889	ena-SAMPLE-TAB-28-01-2025-22:30:17:500-24990	TLTX18		OTHER	PAIRED	NextSeq 2000	1890	94500	Homo sapiens
ERR14275269	SAMEA117636889	ena-SAMPLE-TAB-28-01-2025-22:30:17:500-24990	TLTX18		OTHER	PAIRED	NextSeq 2000	2574	128700	Homo sapiens
ERR14275272	SAMEA117636889	ena-SAMPLE-TAB-28-01-2025-22:30:17:500-24990	TLTX18		OTHER	PAIRED	NextSeq 2000	1866	93300	Homo sapiens
ERR14275276	SAMEA117636889	ena-SAMPLE-TAB-28-01-2025-22:30:17:500-24990	TLTX18		OTHER	PAIRED	NextSeq 2000	1470422	73521100	Homo sapiens
ERR14275279	SAMEA117636889	ena-SAMPLE-TAB-28-01-2025-22:30:17:500-24990	TLTX18		OTHER	PAIRED	NextSeq 2000	1576	78800	Homo sapiens
ERR14275287	SAMEA117636889	ena-SAMPLE-TAB-28-01-2025-22:30:17:500-24990	TLTX18		OTHER	PAIRED	NextSeq 2000	2336	116800	Homo sapiens
ERR14275293	SAMEA117636889	ena-SAMPLE-TAB-28-01-2025-22:30:17:500-24990	TLTX18		OTHER	PAIRED	NextSeq 2000	1887978	94398900	Homo sapiens
ERR14275294	SAMEA117636889	ena-SAMPLE-TAB-28-01-2025-22:30:17:500-24990	TLTX18		OTHER	PAIRED	NextSeq 2000	1868	93400	Homo sapiens
ERR14275296	SAMEA117636889	ena-SAMPLE-TAB-28-01-2025-22:30:17:500-24990	TLTX18		OTHER	PAIRED	NextSeq 2000	1646866	82343300	Homo sapiens
ERR14275299	SAMEA117636889	ena-SAMPLE-TAB-28-01-2025-22:30:17:500-24990	TLTX18		OTHER	PAIRED	NextSeq 2000	1226168	61308400	Homo sapiens
ERR14275302	SAMEA117636889	ena-SAMPLE-TAB-28-01-2025-22:30:17:500-24990	TLTX18		OTHER	PAIRED	NextSeq 2000	852	42600	Homo sapiens
ERR14275312	SAMEA117636889	ena-SAMPLE-TAB-28-01-2025-22:30:17:500-24990	TLTX18		OTHER	PAIRED	NextSeq 2000	1470062	73503100	Homo sapiens
ERR14275319	SAMEA117636889	ena-SAMPLE-TAB-28-01-2025-22:30:17:500-24990	TLTX18		OTHER	PAIRED	NextSeq 2000	1070	53500	Homo sapiens
ERR14275321	SAMEA117636889	ena-SAMPLE-TAB-28-01-2025-22:30:17:500-24990	TLTX18		OTHER	PAIRED	NextSeq 2000	980	49000	Homo sapiens
ERR14275326	SAMEA117636889	ena-SAMPLE-TAB-28-01-2025-22:30:17:500-24990	TLTX18		OTHER	PAIRED	NextSeq 2000	930	46500	Homo sapiens
ERR14275331	SAMEA117636889	ena-SAMPLE-TAB-28-01-2025-22:30:17:500-24990	TLTX18		OTHER	PAIRED	NextSeq 2000	1162	58100	Homo sapiens
ERR14275334	SAMEA117636889	ena-SAMPLE-TAB-28-01-2025-22:30:17:500-24990	TLTX18		OTHER	PAIRED	NextSeq 2000	1180	59000	Homo sapiens
ERR14275337	SAMEA117636889	ena-SAMPLE-TAB-28-01-2025-22:30:17:500-24990	TLTX18		OTHER	PAIRED	NextSeq 2000	1947936	97396800	Homo sapiens
ERR14275341	SAMEA117636889	ena-SAMPLE-TAB-28-01-2025-22:30:17:500-24990	TLTX18		OTHER	PAIRED	NextSeq 2000	1480	74000	Homo sapiens
ERR14275343	SAMEA117636889	ena-SAMPLE-TAB-28-01-2025-22:30:17:500-24990	TLTX18		OTHER	PAIRED	NextSeq 2000	1348	67400	Homo sapiens
ERR14275345	SAMEA117636889	ena-SAMPLE-TAB-28-01-2025-22:30:17:500-24990	TLTX18		OTHER	PAIRED	NextSeq 2000	948	47400	Homo sapiens
ERR14275351	SAMEA117636889	ena-SAMPLE-TAB-28-01-2025-22:30:17:500-24990	TLTX18		OTHER	PAIRED	NextSeq 2000	822	41100	Homo sapiens
ERR14275358	SAMEA117636889	ena-SAMPLE-TAB-28-01-2025-22:30:17:500-24990	TLTX18		OTHER	PAIRED	NextSeq 2000	1659386	82969300	Homo sapiens
ERR14275361	SAMEA117636889	ena-SAMPLE-TAB-28-01-2025-22:30:17:500-24990	TLTX18		OTHER	PAIRED	NextSeq 2000	552	27600	Homo sapiens
ERR14275364	SAMEA117636889	ena-SAMPLE-TAB-28-01-2025-22:30:17:500-24990	TLTX18		OTHER	PAIRED	NextSeq 2000	762	38100	Homo sapiens
ERR14275370	SAMEA117636889	ena-SAMPLE-TAB-28-01-2025-22:30:17:500-24990	TLTX18		OTHER	PAIRED	NextSeq 2000	680	34000	Homo sapiens
ERR14275373	SAMEA117636889	ena-SAMPLE-TAB-28-01-2025-22:30:17:500-24990	TLTX18		OTHER	PAIRED	NextSeq 2000	976	48800	Homo sapiens
ERR14275378	SAMEA117636889	ena-SAMPLE-TAB-28-01-2025-22:30:17:500-24990	TLTX18		OTHER	PAIRED	NextSeq 2000	294	14700	Homo sapiens
ERR14275386	SAMEA117636889	ena-SAMPLE-TAB-28-01-2025-22:30:17:500-24990	TLTX18		OTHER	PAIRED	NextSeq 2000	658	32900	Homo sapiens
ERR14275390	SAMEA117636889	ena-SAMPLE-TAB-28-01-2025-22:30:17:500-24990	TLTX18		OTHER	PAIRED	NextSeq 2000	1252530	62626500	Homo sapiens
ERR14275397	SAMEA117636889	ena-SAMPLE-TAB-28-01-2025-22:30:17:500-24990	TLTX18		OTHER	PAIRED	NextSeq 2000	606	30300	Homo sapiens
ERR14275415	SAMEA117636889	ena-SAMPLE-TAB-28-01-2025-22:30:17:500-24990	TLTX18		OTHER	PAIRED	NextSeq 2000	1164	58200	Homo sapiens
ERR14275417	SAMEA117636889	ena-SAMPLE-TAB-28-01-2025-22:30:17:500-24990	TLTX18		OTHER	PAIRED	NextSeq 2000	796	39800	Homo sapiens
ERR14275422	SAMEA117636889	ena-SAMPLE-TAB-28-01-2025-22:30:17:500-24990	TLTX18		OTHER	PAIRED	NextSeq 2000	604	30200	Homo sapiens
ERR14275433	SAMEA117636889	ena-SAMPLE-TAB-28-01-2025-22:30:17:500-24990	TLTX18		OTHER	PAIRED	NextSeq 2000	1339026	66951300	Homo sapiens
ERR14275435	SAMEA117636889	ena-SAMPLE-TAB-28-01-2025-22:30:17:500-24990	TLTX18		OTHER	PAIRED	NextSeq 2000	1052	52600	Homo sapiens
ERR14275436	SAMEA117636889	ena-SAMPLE-TAB-28-01-2025-22:30:17:500-24990	TLTX18		OTHER	PAIRED	NextSeq 2000	684	34200	Homo sapiens
ERR14275440	SAMEA117636889	ena-SAMPLE-TAB-28-01-2025-22:30:17:500-24990	TLTX18		OTHER	PAIRED	NextSeq 2000	790	39500	Homo sapiens
ERR14275444	SAMEA117636889	ena-SAMPLE-TAB-28-01-2025-22:30:17:500-24990	TLTX18		OTHER	PAIRED	NextSeq 2000	1676	83800	Homo sapiens
ERR14275469	SAMEA117636889	ena-SAMPLE-TAB-28-01-2025-22:30:17:500-24990	TLTX18		OTHER	PAIRED	NextSeq 2000	788	39400	Homo sapiens
ERR14275472	SAMEA117636889	ena-SAMPLE-TAB-28-01-2025-22:30:17:500-24990	TLTX18		OTHER	PAIRED	NextSeq 2000	1052	52600	Homo sapiens
ERR14275480	SAMEA117636889	ena-SAMPLE-TAB-28-01-2025-22:30:17:500-24990	TLTX18		OTHER	PAIRED	NextSeq 2000	852	42600	Homo sapiens
ERR14275483	SAMEA117636889	ena-SAMPLE-TAB-28-01-2025-22:30:17:500-24990	TLTX18		OTHER	PAIRED	NextSeq 2000	892	44600	Homo sapiens
ERR14275486	SAMEA117636889	ena-SAMPLE-TAB-28-01-2025-22:30:17:500-24990	TLTX18		OTHER	PAIRED	NextSeq 2000	1244	62200	Homo sapiens
ERR14275489	SAMEA117636889	ena-SAMPLE-TAB-28-01-2025-22:30:17:500-24990	TLTX18		OTHER	PAIRED	NextSeq 2000	1446166	72308300	Homo sapiens
ERR14275490	SAMEA117636889	ena-SAMPLE-TAB-28-01-2025-22:30:17:500-24990	TLTX18		OTHER	PAIRED	NextSeq 2000	554	27700	Homo sapiens
ERR14275496	SAMEA117636889	ena-SAMPLE-TAB-28-01-2025-22:30:17:500-24990	TLTX18		OTHER	PAIRED	NextSeq 2000	1048	52400	Homo sapiens
ERR14275500	SAMEA117636889	ena-SAMPLE-TAB-28-01-2025-22:30:17:500-24990	TLTX18		OTHER	PAIRED	NextSeq 2000	1016	50800	Homo sapiens
ERR14275509	SAMEA117636889	ena-SAMPLE-TAB-28-01-2025-22:30:17:500-24990	TLTX18		OTHER	PAIRED	NextSeq 2000	1182	59100	Homo sapiens
ERR14275520	SAMEA117636889	ena-SAMPLE-TAB-28-01-2025-22:30:17:500-24990	TLTX18		OTHER	PAIRED	NextSeq 2000	1796	89800	Homo sapiens
ERR14275523	SAMEA117636889	ena-SAMPLE-TAB-28-01-2025-22:30:17:500-24990	TLTX18		OTHER	PAIRED	NextSeq 2000	1122	56100	Homo sapiens
ERR14275524	SAMEA117636889	ena-SAMPLE-TAB-28-01-2025-22:30:17:500-24990	TLTX18		OTHER	PAIRED	NextSeq 2000	1398426	69921300	Homo sapiens
ERR14275533	SAMEA117636889	ena-SAMPLE-TAB-28-01-2025-22:30:17:500-24990	TLTX18		OTHER	PAIRED	NextSeq 2000	1676	83800	Homo sapiens
ERR14275534	SAMEA117636889	ena-SAMPLE-TAB-28-01-2025-22:30:17:500-24990	TLTX18		OTHER	PAIRED	NextSeq 2000	1702822	85141100	Homo sapiens
ERR14275539	SAMEA117636889	ena-SAMPLE-TAB-28-01-2025-22:30:17:500-24990	TLTX18		OTHER	PAIRED	NextSeq 2000	762	38100	Homo sapiens
ERR14275540	SAMEA117636889	ena-SAMPLE-TAB-28-01-2025-22:30:17:500-24990	TLTX18		OTHER	PAIRED	NextSeq 2000	1684	84200	Homo sapiens
ERR14275542	SAMEA117636889	ena-SAMPLE-TAB-28-01-2025-22:30:17:500-24990	TLTX18		OTHER	PAIRED	NextSeq 2000	1182	59100	Homo sapiens
ERR14275546	SAMEA117636889	ena-SAMPLE-TAB-28-01-2025-22:30:17:500-24990	TLTX18		OTHER	PAIRED	NextSeq 2000	960	48000	Homo sapiens
ERR14275549	SAMEA117636889	ena-SAMPLE-TAB-28-01-2025-22:30:17:500-24990	TLTX18		OTHER	PAIRED	NextSeq 2000	802	40100	Homo sapiens
ERR14275552	SAMEA117636889	ena-SAMPLE-TAB-28-01-2025-22:30:17:500-24990	TLTX18		OTHER	PAIRED	NextSeq 2000	1348260	67413000	Homo sapiens
ERR14275558	SAMEA117636889	ena-SAMPLE-TAB-28-01-2025-22:30:17:500-24990	TLTX18		OTHER	PAIRED	NextSeq 2000	1376	68800	Homo sapiens
ERR14275560	SAMEA117636889	ena-SAMPLE-TAB-28-01-2025-22:30:17:500-24990	TLTX18		OTHER	PAIRED	NextSeq 2000	1230	61500	Homo sapiens
ERR14275562	SAMEA117636889	ena-SAMPLE-TAB-28-01-2025-22:30:17:500-24990	TLTX18		OTHER	PAIRED	NextSeq 2000	530	26500	Homo sapiens
ERR14275565	SAMEA117636889	ena-SAMPLE-TAB-28-01-2025-22:30:17:500-24990	TLTX18		OTHER	PAIRED	NextSeq 2000	1282	64100	Homo sapiens
ERR14275566	SAMEA117636889	ena-SAMPLE-TAB-28-01-2025-22:30:17:500-24990	TLTX18		OTHER	PAIRED	NextSeq 2000	1730388	86519400	Homo sapiens
ERR14275572	SAMEA117636889	ena-SAMPLE-TAB-28-01-2025-22:30:17:500-24990	TLTX18		OTHER	PAIRED	NextSeq 2000	1056	52800	Homo sapiens
ERR14275574	SAMEA117636889	ena-SAMPLE-TAB-28-01-2025-22:30:17:500-24990	TLTX18		OTHER	PAIRED	NextSeq 2000	1310	65500	Homo sapiens
ERR14275576	SAMEA117636889	ena-SAMPLE-TAB-28-01-2025-22:30:17:500-24990	TLTX18		OTHER	PAIRED	NextSeq 2000	1768988	88449400	Homo sapiens
ERR14275578	SAMEA117636889	ena-SAMPLE-TAB-28-01-2025-22:30:17:500-24990	TLTX18		OTHER	PAIRED	NextSeq 2000	852	42600	Homo sapiens
ERR14275582	SAMEA117636889	ena-SAMPLE-TAB-28-01-2025-22:30:17:500-24990	TLTX18		OTHER	PAIRED	NextSeq 2000	1230	61500	Homo sapiens
ERR14275607	SAMEA117636889	ena-SAMPLE-TAB-28-01-2025-22:30:17:500-24990	TLTX18		OTHER	PAIRED	NextSeq 2000	1344	67200	Homo sapiens
ERR14275613	SAMEA117636889	ena-SAMPLE-TAB-28-01-2025-22:30:17:500-24990	TLTX18		OTHER	PAIRED	NextSeq 2000	1040	52000	Homo sapiens
ERR14275617	SAMEA117636889	ena-SAMPLE-TAB-28-01-2025-22:30:17:500-24990	TLTX18		OTHER	PAIRED	NextSeq 2000	2346	117300	Homo sapiens
ERR14275620	SAMEA117636889	ena-SAMPLE-TAB-28-01-2025-22:30:17:500-24990	TLTX18		OTHER	PAIRED	NextSeq 2000	1928364	96418200	Homo sapiens
ERR14275635	SAMEA117636889	ena-SAMPLE-TAB-28-01-2025-22:30:17:500-24990	TLTX18		OTHER	PAIRED	NextSeq 2000	1270	63500	Homo sapiens
ERR14275645	SAMEA117636889	ena-SAMPLE-TAB-28-01-2025-22:30:17:500-24990	TLTX18		OTHER	PAIRED	NextSeq 2000	1278882	63944100	Homo sapiens
ERR14275649	SAMEA117636889	ena-SAMPLE-TAB-28-01-2025-22:30:17:500-24990	TLTX18		OTHER	PAIRED	NextSeq 2000	994614	49730700	Homo sapiens
ERR14275651	SAMEA117636889	ena-SAMPLE-TAB-28-01-2025-22:30:17:500-24990	TLTX18		OTHER	PAIRED	NextSeq 2000	1648	82400	Homo sapiens
ERR14275652	SAMEA117636889	ena-SAMPLE-TAB-28-01-2025-22:30:17:500-24990	TLTX18		OTHER	PAIRED	NextSeq 2000	958	47900	Homo sapiens
ERR14275656	SAMEA117636889	ena-SAMPLE-TAB-28-01-2025-22:30:17:500-24990	TLTX18		OTHER	PAIRED	NextSeq 2000	1662964	83148200	Homo sapiens
ERR14275666	SAMEA117636889	ena-SAMPLE-TAB-28-01-2025-22:30:17:500-24990	TLTX18		OTHER	PAIRED	NextSeq 2000	416	20800	Homo sapiens
ERR14275667	SAMEA117636889	ena-SAMPLE-TAB-28-01-2025-22:30:17:500-24990	TLTX18		OTHER	PAIRED	NextSeq 2000	1601550	80077500	Homo sapiens
ERR14275682	SAMEA117636889	ena-SAMPLE-TAB-28-01-2025-22:30:17:500-24990	TLTX18		OTHER	PAIRED	NextSeq 2000	1408	70400	Homo sapiens
ERR14275687	SAMEA117636889	ena-SAMPLE-TAB-28-01-2025-22:30:17:500-24990	TLTX18		OTHER	PAIRED	NextSeq 2000	1354	67700	Homo sapiens
ERR14275693	SAMEA117636889	ena-SAMPLE-TAB-28-01-2025-22:30:17:500-24990	TLTX18		OTHER	PAIRED	NextSeq 2000	988	49400	Homo sapiens
ERR14275695	SAMEA117636889	ena-SAMPLE-TAB-28-01-2025-22:30:17:500-24990	TLTX18		OTHER	PAIRED	NextSeq 2000	1144	57200	Homo sapiens
ERR14275696	SAMEA117636889	ena-SAMPLE-TAB-28-01-2025-22:30:17:500-24990	TLTX18		OTHER	PAIRED	NextSeq 2000	1026	51300	Homo sapiens
ERR14275700	SAMEA117636889	ena-SAMPLE-TAB-28-01-2025-22:30:17:500-24990	TLTX18		OTHER	PAIRED	NextSeq 2000	248	12400	Homo sapiens
ERR14275705	SAMEA117636889	ena-SAMPLE-TAB-28-01-2025-22:30:17:500-24990	TLTX18		OTHER	PAIRED	NextSeq 2000	1100	55000	Homo sapiens
ERR14275709	SAMEA117636889	ena-SAMPLE-TAB-28-01-2025-22:30:17:500-24990	TLTX18		OTHER	PAIRED	NextSeq 2000	1064	53200	Homo sapiens
ERR14275713	SAMEA117636889	ena-SAMPLE-TAB-28-01-2025-22:30:17:500-24990	TLTX18		OTHER	PAIRED	NextSeq 2000	1575812	78790600	Homo sapiens
ERR14275720	SAMEA117636889	ena-SAMPLE-TAB-28-01-2025-22:30:17:500-24990	TLTX18		OTHER	PAIRED	NextSeq 2000	1721064	86053200	Homo sapiens
ERR14275721	SAMEA117636889	ena-SAMPLE-TAB-28-01-2025-22:30:17:500-24990	TLTX18		OTHER	PAIRED	NextSeq 2000	672	33600	Homo sapiens
ERR14275726	SAMEA117636889	ena-SAMPLE-TAB-28-01-2025-22:30:17:500-24990	TLTX18		OTHER	PAIRED	NextSeq 2000	1224	61200	Homo sapiens
ERR14275729	SAMEA117636889	ena-SAMPLE-TAB-28-01-2025-22:30:17:500-24990	TLTX18		OTHER	PAIRED	NextSeq 2000	2	100	Homo sapiens
ERR14275743	SAMEA117636889	ena-SAMPLE-TAB-28-01-2025-22:30:17:500-24990	TLTX18		OTHER	PAIRED	NextSeq 2000	1547956	77397800	Homo sapiens
ERR14275746	SAMEA117636889	ena-SAMPLE-TAB-28-01-2025-22:30:17:500-24990	TLTX18		OTHER	PAIRED	NextSeq 2000	1314	65700	Homo sapiens
ERR14275747	SAMEA117636889	ena-SAMPLE-TAB-28-01-2025-22:30:17:500-24990	TLTX18		OTHER	PAIRED	NextSeq 2000	2145724	107286200	Homo sapiens
ERR14275750	SAMEA117636889	ena-SAMPLE-TAB-28-01-2025-22:30:17:500-24990	TLTX18		OTHER	PAIRED	NextSeq 2000	1174	58700	Homo sapiens
ERR14275760	SAMEA117636889	ena-SAMPLE-TAB-28-01-2025-22:30:17:500-24990	TLTX18		OTHER	PAIRED	NextSeq 2000	1108	55400	Homo sapiens
ERR14275768	SAMEA117636889	ena-SAMPLE-TAB-28-01-2025-22:30:17:500-24990	TLTX18		OTHER	PAIRED	NextSeq 2000	1298	64900	Homo sapiens
ERR14275770	SAMEA117636889	ena-SAMPLE-TAB-28-01-2025-22:30:17:500-24990	TLTX18		OTHER	PAIRED	NextSeq 2000	900	45000	Homo sapiens
ERR14275774	SAMEA117636889	ena-SAMPLE-TAB-28-01-2025-22:30:17:500-24990	TLTX18		OTHER	PAIRED	NextSeq 2000	218	10900	Homo sapiens
ERR14275782	SAMEA117636889	ena-SAMPLE-TAB-28-01-2025-22:30:17:500-24990	TLTX18		OTHER	PAIRED	NextSeq 2000	1228	61400	Homo sapiens
ERR14275794	SAMEA117636889	ena-SAMPLE-TAB-28-01-2025-22:30:17:500-24990	TLTX18		OTHER	PAIRED	NextSeq 2000	1218	60900	Homo sapiens
ERR14275799	SAMEA117636889	ena-SAMPLE-TAB-28-01-2025-22:30:17:500-24990	TLTX18		OTHER	PAIRED	NextSeq 2000	1294	64700	Homo sapiens
ERR14275800	SAMEA117636889	ena-SAMPLE-TAB-28-01-2025-22:30:17:500-24990	TLTX18		OTHER	PAIRED	NextSeq 2000	1280	64000	Homo sapiens
ERR14275803	SAMEA117636889	ena-SAMPLE-TAB-28-01-2025-22:30:17:500-24990	TLTX18		OTHER	PAIRED	NextSeq 2000	2698	134900	Homo sapiens
ERR14275807	SAMEA117636889	ena-SAMPLE-TAB-28-01-2025-22:30:17:500-24990	TLTX18		OTHER	PAIRED	NextSeq 2000	2486	124300	Homo sapiens
ERR14275810	SAMEA117636889	ena-SAMPLE-TAB-28-01-2025-22:30:17:500-24990	TLTX18		OTHER	PAIRED	NextSeq 2000	2978	148900	Homo sapiens
ERR14275814	SAMEA117636889	ena-SAMPLE-TAB-28-01-2025-22:30:17:500-24990	TLTX18		OTHER	PAIRED	NextSeq 2000	1595978	79798900	Homo sapiens
ERR14275825	SAMEA117636889	ena-SAMPLE-TAB-28-01-2025-22:30:17:500-24990	TLTX18		OTHER	PAIRED	NextSeq 2000	1705674	85283700	Homo sapiens
ERR14275827	SAMEA117636889	ena-SAMPLE-TAB-28-01-2025-22:30:17:500-24990	TLTX18		OTHER	PAIRED	NextSeq 2000	1189732	59486600	Homo sapiens
ERR14275834	SAMEA117636889	ena-SAMPLE-TAB-28-01-2025-22:30:17:500-24990	TLTX18		OTHER	PAIRED	NextSeq 2000	2076318	103815900	Homo sapiens
ERR14275850	SAMEA117636889	ena-SAMPLE-TAB-28-01-2025-22:30:17:500-24990	TLTX18		OTHER	PAIRED	NextSeq 2000	2354	117700	Homo sapiens
ERR14275856	SAMEA117636889	ena-SAMPLE-TAB-28-01-2025-22:30:17:500-24990	TLTX18		OTHER	PAIRED	NextSeq 2000	1564	78200	Homo sapiens
ERR14275859	SAMEA117636889	ena-SAMPLE-TAB-28-01-2025-22:30:17:500-24990	TLTX18		OTHER	PAIRED	NextSeq 2000	1626	81300	Homo sapiens
ERR14275862	SAMEA117636889	ena-SAMPLE-TAB-28-01-2025-22:30:17:500-24990	TLTX18		OTHER	PAIRED	NextSeq 2000	1986	99300	Homo sapiens
ERR14275863	SAMEA117636889	ena-SAMPLE-TAB-28-01-2025-22:30:17:500-24990	TLTX18		OTHER	PAIRED	NextSeq 2000	1047096	52354800	Homo sapiens
ERR14275868	SAMEA117636889	ena-SAMPLE-TAB-28-01-2025-22:30:17:500-24990	TLTX18		OTHER	PAIRED	NextSeq 2000	952508	47625400	Homo sapiens
ERR14275872	SAMEA117636889	ena-SAMPLE-TAB-28-01-2025-22:30:17:500-24990	TLTX18		OTHER	PAIRED	NextSeq 2000	2434	121700	Homo sapiens
ERR14275874	SAMEA117636889	ena-SAMPLE-TAB-28-01-2025-22:30:17:500-24990	TLTX18		OTHER	PAIRED	NextSeq 2000	1026	51300	Homo sapiens
ERR14275876	SAMEA117636889	ena-SAMPLE-TAB-28-01-2025-22:30:17:500-24990	TLTX18		OTHER	PAIRED	NextSeq 2000	1347156	67357800	Homo sapiens
ERR14275883	SAMEA117636889	ena-SAMPLE-TAB-28-01-2025-22:30:17:500-24990	TLTX18		OTHER	PAIRED	NextSeq 2000	1118	55900	Homo sapiens
ERR14275884	SAMEA117636889	ena-SAMPLE-TAB-28-01-2025-22:30:17:500-24990	TLTX18		OTHER	PAIRED	NextSeq 2000	516	25800	Homo sapiens
ERR14319668	SAMEA117636888	ena-SAMPLE-TAB-28-01-2025-22:30:17:500-24989	TLTX33		OTHER	PAIRED	NextSeq 2000	897975	44898750	Homo sapiens
ERR14275894	SAMEA117636889	ena-SAMPLE-TAB-28-01-2025-22:30:17:500-24990	TLTX18		OTHER	PAIRED	NextSeq 2000	1672074	83603700	Homo sapiens
ERR14319683	SAMEA117636888	ena-SAMPLE-TAB-28-01-2025-22:30:17:500-24989	TLTX33		OTHER	PAIRED	NextSeq 2000	592328	29616400	Homo sapiens
ERR14319756	SAMEA117636888	ena-SAMPLE-TAB-28-01-2025-22:30:17:500-24989	TLTX33		OTHER	PAIRED	NextSeq 2000	776805	38840250	Homo sapiens
ERR14275895	SAMEA117636889	ena-SAMPLE-TAB-28-01-2025-22:30:17:500-24990	TLTX18		OTHER	PAIRED	NextSeq 2000	2092122	104606100	Homo sapiens
ERR14319766	SAMEA117636888	ena-SAMPLE-TAB-28-01-2025-22:30:17:500-24989	TLTX33		OTHER	PAIRED	NextSeq 2000	1648859	82442950	Homo sapiens
ERR14275896	SAMEA117636889	ena-SAMPLE-TAB-28-01-2025-22:30:17:500-24990	TLTX18		OTHER	PAIRED	NextSeq 2000	1697954	84897700	Homo sapiens
ERR14275899	SAMEA117636889	ena-SAMPLE-TAB-28-01-2025-22:30:17:500-24990	TLTX18		OTHER	PAIRED	NextSeq 2000	1326	66300	Homo sapiens
ERR14319782	SAMEA117636888	ena-SAMPLE-TAB-28-01-2025-22:30:17:500-24989	TLTX33		OTHER	PAIRED	NextSeq 2000	835907	41795350	Homo sapiens
ERR14319847	SAMEA117636888	ena-SAMPLE-TAB-28-01-2025-22:30:17:500-24989	TLTX33		OTHER	PAIRED	NextSeq 2000	938323	46916150	Homo sapiens
ERR14275900	SAMEA117636889	ena-SAMPLE-TAB-28-01-2025-22:30:17:500-24990	TLTX18		OTHER	PAIRED	NextSeq 2000	1434	71700	Homo sapiens
ERR14319853	SAMEA117636888	ena-SAMPLE-TAB-28-01-2025-22:30:17:500-24989	TLTX33		OTHER	PAIRED	NextSeq 2000	325057	16252850	Homo sapiens
ERR14275901	SAMEA117636889	ena-SAMPLE-TAB-28-01-2025-22:30:17:500-24990	TLTX18		OTHER	PAIRED	NextSeq 2000	1224050	61202500	Homo sapiens
ERR14319904	SAMEA117636888	ena-SAMPLE-TAB-28-01-2025-22:30:17:500-24989	TLTX33		OTHER	PAIRED	NextSeq 2000	622159	31107950	Homo sapiens
ERR14275905	SAMEA117636889	ena-SAMPLE-TAB-28-01-2025-22:30:17:500-24990	TLTX18		OTHER	PAIRED	NextSeq 2000	1468	73400	Homo sapiens
ERR14319908	SAMEA117636888	ena-SAMPLE-TAB-28-01-2025-22:30:17:500-24989	TLTX33		OTHER	PAIRED	NextSeq 2000	872504	43625200	Homo sapiens
ERR14275911	SAMEA117636889	ena-SAMPLE-TAB-28-01-2025-22:30:17:500-24990	TLTX18		OTHER	PAIRED	NextSeq 2000	1104	55200	Homo sapiens
ERR14319913	SAMEA117636888	ena-SAMPLE-TAB-28-01-2025-22:30:17:500-24989	TLTX33		OTHER	PAIRED	NextSeq 2000	888260	44413000	Homo sapiens
ERR14319920	SAMEA117636888	ena-SAMPLE-TAB-28-01-2025-22:30:17:500-24989	TLTX33		OTHER	PAIRED	NextSeq 2000	1322134	66106700	Homo sapiens
ERR14275916	SAMEA117636889	ena-SAMPLE-TAB-28-01-2025-22:30:17:500-24990	TLTX18		OTHER	PAIRED	NextSeq 2000	1002778	50138900	Homo sapiens
ERR14319948	SAMEA117636888	ena-SAMPLE-TAB-28-01-2025-22:30:17:500-24989	TLTX33		OTHER	PAIRED	NextSeq 2000	1016776	50838800	Homo sapiens
ERR14275918	SAMEA117636889	ena-SAMPLE-TAB-28-01-2025-22:30:17:500-24990	TLTX18		OTHER	PAIRED	NextSeq 2000	232	11600	Homo sapiens
ERR14319952	SAMEA117636888	ena-SAMPLE-TAB-28-01-2025-22:30:17:500-24989	TLTX33		OTHER	PAIRED	NextSeq 2000	861676	43083800	Homo sapiens
ERR14275919	SAMEA117636889	ena-SAMPLE-TAB-28-01-2025-22:30:17:500-24990	TLTX18		OTHER	PAIRED	NextSeq 2000	2004	100200	Homo sapiens
ERR14319979	SAMEA117636888	ena-SAMPLE-TAB-28-01-2025-22:30:17:500-24989	TLTX33		OTHER	PAIRED	NextSeq 2000	890162	44508100	Homo sapiens
ERR14275920	SAMEA117636889	ena-SAMPLE-TAB-28-01-2025-22:30:17:500-24990	TLTX18		OTHER	PAIRED	NextSeq 2000	1456	72800	Homo sapiens
ERR14320003	SAMEA117636888	ena-SAMPLE-TAB-28-01-2025-22:30:17:500-24989	TLTX33		OTHER	PAIRED	NextSeq 2000	1180277	59013850	Homo sapiens
ERR14275936	SAMEA117636889	ena-SAMPLE-TAB-28-01-2025-22:30:17:500-24990	TLTX18		OTHER	PAIRED	NextSeq 2000	1528	76400	Homo sapiens
ERR14320007	SAMEA117636888	ena-SAMPLE-TAB-28-01-2025-22:30:17:500-24989	TLTX33		OTHER	PAIRED	NextSeq 2000	1226209	61310450	Homo sapiens
ERR14275947	SAMEA117636889	ena-SAMPLE-TAB-28-01-2025-22:30:17:500-24990	TLTX18		OTHER	PAIRED	NextSeq 2000	1042426	52121300	Homo sapiens
ERR14320027	SAMEA117636888	ena-SAMPLE-TAB-28-01-2025-22:30:17:500-24989	TLTX33		OTHER	PAIRED	NextSeq 2000	974576	48728800	Homo sapiens
ERR14275949	SAMEA117636889	ena-SAMPLE-TAB-28-01-2025-22:30:17:500-24990	TLTX18		OTHER	PAIRED	NextSeq 2000	1032	51600	Homo sapiens
ERR14320042	SAMEA117636888	ena-SAMPLE-TAB-28-01-2025-22:30:17:500-24989	TLTX33		OTHER	PAIRED	NextSeq 2000	831351	41567550	Homo sapiens
ERR14275950	SAMEA117636889	ena-SAMPLE-TAB-28-01-2025-22:30:17:500-24990	TLTX18		OTHER	PAIRED	NextSeq 2000	2092	104600	Homo sapiens
ERR14320067	SAMEA117636888	ena-SAMPLE-TAB-28-01-2025-22:30:17:500-24989	TLTX33		OTHER	PAIRED	NextSeq 2000	1225739	61286950	Homo sapiens
ERR14275955	SAMEA117636889	ena-SAMPLE-TAB-28-01-2025-22:30:17:500-24990	TLTX18		OTHER	PAIRED	NextSeq 2000	1228	61400	Homo sapiens
ERR14320074	SAMEA117636888	ena-SAMPLE-TAB-28-01-2025-22:30:17:500-24989	TLTX33		OTHER	PAIRED	NextSeq 2000	1071081	53554050	Homo sapiens
ERR14275958	SAMEA117636889	ena-SAMPLE-TAB-28-01-2025-22:30:17:500-24990	TLTX18		OTHER	PAIRED	NextSeq 2000	1426	71300	Homo sapiens
ERR14320090	SAMEA117636888	ena-SAMPLE-TAB-28-01-2025-22:30:17:500-24989	TLTX33		OTHER	PAIRED	NextSeq 2000	1571169	78558450	Homo sapiens
ERR14275962	SAMEA117636889	ena-SAMPLE-TAB-28-01-2025-22:30:17:500-24990	TLTX18		OTHER	PAIRED	NextSeq 2000	1856	92800	Homo sapiens
ERR14320099	SAMEA117636888	ena-SAMPLE-TAB-28-01-2025-22:30:17:500-24989	TLTX33		OTHER	PAIRED	NextSeq 2000	1251810	62590500	Homo sapiens
ERR14320107	SAMEA117636888	ena-SAMPLE-TAB-28-01-2025-22:30:17:500-24989	TLTX33		OTHER	PAIRED	NextSeq 2000	1169009	58450450	Homo sapiens
ERR14320108	SAMEA117636888	ena-SAMPLE-TAB-28-01-2025-22:30:17:500-24989	TLTX33		OTHER	PAIRED	NextSeq 2000	842874	42143700	Homo sapiens
ERR14275969	SAMEA117636889	ena-SAMPLE-TAB-28-01-2025-22:30:17:500-24990	TLTX18		OTHER	PAIRED	NextSeq 2000	1903902	95195100	Homo sapiens
ERR14320131	SAMEA117636888	ena-SAMPLE-TAB-28-01-2025-22:30:17:500-24989	TLTX33		OTHER	PAIRED	NextSeq 2000	1151798	57589900	Homo sapiens
ERR14320165	SAMEA117636888	ena-SAMPLE-TAB-28-01-2025-22:30:17:500-24989	TLTX33		OTHER	PAIRED	NextSeq 2000	1265790	63289500	Homo sapiens
ERR14320224	SAMEA117636888	ena-SAMPLE-TAB-28-01-2025-22:30:17:500-24989	TLTX33		OTHER	PAIRED	NextSeq 2000	1184402	59220100	Homo sapiens
ERR14275972	SAMEA117636889	ena-SAMPLE-TAB-28-01-2025-22:30:17:500-24990	TLTX18		OTHER	PAIRED	NextSeq 2000	1396246	69812300	Homo sapiens
ERR14320246	SAMEA117636888	ena-SAMPLE-TAB-28-01-2025-22:30:17:500-24989	TLTX33		OTHER	PAIRED	NextSeq 2000	794354	39717700	Homo sapiens
ERR14320285	SAMEA117636888	ena-SAMPLE-TAB-28-01-2025-22:30:17:500-24989	TLTX33		OTHER	PAIRED	NextSeq 2000	456794	22839700	Homo sapiens
ERR14275981	SAMEA117636889	ena-SAMPLE-TAB-28-01-2025-22:30:17:500-24990	TLTX18		OTHER	PAIRED	NextSeq 2000	1864	93200	Homo sapiens
ERR14320302	SAMEA117636888	ena-SAMPLE-TAB-28-01-2025-22:30:17:500-24989	TLTX33		OTHER	PAIRED	NextSeq 2000	553971	27698550	Homo sapiens
ERR14275987	SAMEA117636889	ena-SAMPLE-TAB-28-01-2025-22:30:17:500-24990	TLTX18		OTHER	PAIRED	NextSeq 2000	1716	85800	Homo sapiens
ERR14320308	SAMEA117636888	ena-SAMPLE-TAB-28-01-2025-22:30:17:500-24989	TLTX33		OTHER	PAIRED	NextSeq 2000	1157738	57886900	Homo sapiens
ERR14320314	SAMEA117636888	ena-SAMPLE-TAB-28-01-2025-22:30:17:500-24989	TLTX33		OTHER	PAIRED	NextSeq 2000	1525154	76257700	Homo sapiens
ERR14275989	SAMEA117636889	ena-SAMPLE-TAB-28-01-2025-22:30:17:500-24990	TLTX18		OTHER	PAIRED	NextSeq 2000	1446134	72306700	Homo sapiens
ERR14276003	SAMEA117636889	ena-SAMPLE-TAB-28-01-2025-22:30:17:500-24990	TLTX18		OTHER	PAIRED	NextSeq 2000	1230	61500	Homo sapiens
ERR14320396	SAMEA117636888	ena-SAMPLE-TAB-28-01-2025-22:30:17:500-24989	TLTX33		OTHER	PAIRED	NextSeq 2000	895439	44771950	Homo sapiens
ERR14320423	SAMEA117636888	ena-SAMPLE-TAB-28-01-2025-22:30:17:500-24989	TLTX33		OTHER	PAIRED	NextSeq 2000	823057	41152850	Homo sapiens
ERR14276004	SAMEA117636889	ena-SAMPLE-TAB-28-01-2025-22:30:17:500-24990	TLTX18		OTHER	PAIRED	NextSeq 2000	2034	101700	Homo sapiens
ERR14320468	SAMEA117636888	ena-SAMPLE-TAB-28-01-2025-22:30:17:500-24989	TLTX33		OTHER	PAIRED	NextSeq 2000	1019678	50983900	Homo sapiens
ERR14276011	SAMEA117636889	ena-SAMPLE-TAB-28-01-2025-22:30:17:500-24990	TLTX18		OTHER	PAIRED	NextSeq 2000	912	45600	Homo sapiens
ERR14320515	SAMEA117636888	ena-SAMPLE-TAB-28-01-2025-22:30:17:500-24989	TLTX33		OTHER	PAIRED	NextSeq 2000	991370	49568500	Homo sapiens
ERR14276029	SAMEA117636889	ena-SAMPLE-TAB-28-01-2025-22:30:17:500-24990	TLTX18		OTHER	PAIRED	NextSeq 2000	1260	63000	Homo sapiens
ERR14320574	SAMEA117636888	ena-SAMPLE-TAB-28-01-2025-22:30:17:500-24989	TLTX33		OTHER	PAIRED	NextSeq 2000	1258167	62908350	Homo sapiens
ERR14276032	SAMEA117636889	ena-SAMPLE-TAB-28-01-2025-22:30:17:500-24990	TLTX18		OTHER	PAIRED	NextSeq 2000	2122536	106126800	Homo sapiens
ERR14320590	SAMEA117636888	ena-SAMPLE-TAB-28-01-2025-22:30:17:500-24989	TLTX33		OTHER	PAIRED	NextSeq 2000	816551	40827550	Homo sapiens
ERR14276042	SAMEA117636889	ena-SAMPLE-TAB-28-01-2025-22:30:17:500-24990	TLTX18		OTHER	PAIRED	NextSeq 2000	1396	69800	Homo sapiens
ERR14320601	SAMEA117636888	ena-SAMPLE-TAB-28-01-2025-22:30:17:500-24989	TLTX33		OTHER	PAIRED	NextSeq 2000	1168352	58417600	Homo sapiens
ERR14320693	SAMEA117636888	ena-SAMPLE-TAB-28-01-2025-22:30:17:500-24989	TLTX33		OTHER	PAIRED	NextSeq 2000	1388631	69431550	Homo sapiens
ERR14276046	SAMEA117636889	ena-SAMPLE-TAB-28-01-2025-22:30:17:500-24990	TLTX18		OTHER	PAIRED	NextSeq 2000	1714	85700	Homo sapiens
ERR14320699	SAMEA117636888	ena-SAMPLE-TAB-28-01-2025-22:30:17:500-24989	TLTX33		OTHER	PAIRED	NextSeq 2000	149945	7497250	Homo sapiens
ERR14330006	SAMEA117636888	ena-SAMPLE-TAB-28-01-2025-22:30:17:500-24989	TLTX33		OTHER	SINGLE	NextSeq 2000	1	50	Homo sapiens
ERR14276048	SAMEA117636889	ena-SAMPLE-TAB-28-01-2025-22:30:17:500-24990	TLTX18		OTHER	PAIRED	NextSeq 2000	1354	67700	Homo sapiens
ERR14276051	SAMEA117636889	ena-SAMPLE-TAB-28-01-2025-22:30:17:500-24990	TLTX18		OTHER	PAIRED	NextSeq 2000	2356	117800	Homo sapiens
ERR14276056	SAMEA117636889	ena-SAMPLE-TAB-28-01-2025-22:30:17:500-24990	TLTX18		OTHER	PAIRED	NextSeq 2000	1306	65300	Homo sapiens
ERR14276059	SAMEA117636889	ena-SAMPLE-TAB-28-01-2025-22:30:17:500-24990	TLTX18		OTHER	PAIRED	NextSeq 2000	2200116	110005800	Homo sapiens
ERR14276064	SAMEA117636889	ena-SAMPLE-TAB-28-01-2025-22:30:17:500-24990	TLTX18		OTHER	PAIRED	NextSeq 2000	1820548	91027400	Homo sapiens
ERR14276066	SAMEA117636889	ena-SAMPLE-TAB-28-01-2025-22:30:17:500-24990	TLTX18		OTHER	PAIRED	NextSeq 2000	1436	71800	Homo sapiens
ERR14276071	SAMEA117636889	ena-SAMPLE-TAB-28-01-2025-22:30:17:500-24990	TLTX18		OTHER	PAIRED	NextSeq 2000	1098	54900	Homo sapiens
ERR14276076	SAMEA117636889	ena-SAMPLE-TAB-28-01-2025-22:30:17:500-24990	TLTX18		OTHER	PAIRED	NextSeq 2000	1536	76800	Homo sapiens
ERR14276102	SAMEA117636889	ena-SAMPLE-TAB-28-01-2025-22:30:17:500-24990	TLTX18		OTHER	PAIRED	NextSeq 2000	1288	64400	Homo sapiens
ERR14276109	SAMEA117636889	ena-SAMPLE-TAB-28-01-2025-22:30:17:500-24990	TLTX18		OTHER	PAIRED	NextSeq 2000	1212	60600	Homo sapiens
ERR14276111	SAMEA117636889	ena-SAMPLE-TAB-28-01-2025-22:30:17:500-24990	TLTX18		OTHER	PAIRED	NextSeq 2000	2100	105000	Homo sapiens
ERR14276116	SAMEA117636889	ena-SAMPLE-TAB-28-01-2025-22:30:17:500-24990	TLTX18		OTHER	PAIRED	NextSeq 2000	1664	83200	Homo sapiens
ERR14276119	SAMEA117636889	ena-SAMPLE-TAB-28-01-2025-22:30:17:500-24990	TLTX18		OTHER	PAIRED	NextSeq 2000	1114	55700	Homo sapiens
ERR14276125	SAMEA117636889	ena-SAMPLE-TAB-28-01-2025-22:30:17:500-24990	TLTX18		OTHER	PAIRED	NextSeq 2000	1973218	98660900	Homo sapiens
ERR14276129	SAMEA117636889	ena-SAMPLE-TAB-28-01-2025-22:30:17:500-24990	TLTX18		OTHER	PAIRED	NextSeq 2000	1474	73700	Homo sapiens
ERR14276131	SAMEA117636889	ena-SAMPLE-TAB-28-01-2025-22:30:17:500-24990	TLTX18		OTHER	PAIRED	NextSeq 2000	1620	81000	Homo sapiens
ERR14276136	SAMEA117636889	ena-SAMPLE-TAB-28-01-2025-22:30:17:500-24990	TLTX18		OTHER	PAIRED	NextSeq 2000	1219618	60980900	Homo sapiens
ERR14276139	SAMEA117636889	ena-SAMPLE-TAB-28-01-2025-22:30:17:500-24990	TLTX18		OTHER	PAIRED	NextSeq 2000	1372	68600	Homo sapiens
ERR14276140	SAMEA117636889	ena-SAMPLE-TAB-28-01-2025-22:30:17:500-24990	TLTX18		OTHER	PAIRED	NextSeq 2000	786	39300	Homo sapiens
ERR14276144	SAMEA117636889	ena-SAMPLE-TAB-28-01-2025-22:30:17:500-24990	TLTX18		OTHER	PAIRED	NextSeq 2000	1098	54900	Homo sapiens
ERR14276150	SAMEA117636889	ena-SAMPLE-TAB-28-01-2025-22:30:17:500-24990	TLTX18		OTHER	PAIRED	NextSeq 2000	1548722	77436100	Homo sapiens
ERR14276156	SAMEA117636889	ena-SAMPLE-TAB-28-01-2025-22:30:17:500-24990	TLTX18		OTHER	PAIRED	NextSeq 2000	1112	55600	Homo sapiens
ERR14276161	SAMEA117636889	ena-SAMPLE-TAB-28-01-2025-22:30:17:500-24990	TLTX18		OTHER	PAIRED	NextSeq 2000	1912	95600	Homo sapiens
ERR14276166	SAMEA117636889	ena-SAMPLE-TAB-28-01-2025-22:30:17:500-24990	TLTX18		OTHER	PAIRED	NextSeq 2000	2270	113500	Homo sapiens
ERR14276170	SAMEA117636889	ena-SAMPLE-TAB-28-01-2025-22:30:17:500-24990	TLTX18		OTHER	PAIRED	NextSeq 2000	2252	112600	Homo sapiens
ERR14276182	SAMEA117636889	ena-SAMPLE-TAB-28-01-2025-22:30:17:500-24990	TLTX18		OTHER	PAIRED	NextSeq 2000	2146288	107314400	Homo sapiens
ERR14276183	SAMEA117636889	ena-SAMPLE-TAB-28-01-2025-22:30:17:500-24990	TLTX18		OTHER	PAIRED	NextSeq 2000	1760140	88007000	Homo sapiens
ERR14276189	SAMEA117636889	ena-SAMPLE-TAB-28-01-2025-22:30:17:500-24990	TLTX18		OTHER	PAIRED	NextSeq 2000	1530554	76527700	Homo sapiens
ERR14276191	SAMEA117636889	ena-SAMPLE-TAB-28-01-2025-22:30:17:500-24990	TLTX18		OTHER	PAIRED	NextSeq 2000	1182	59100	Homo sapiens
ERR14276199	SAMEA117636889	ena-SAMPLE-TAB-28-01-2025-22:30:17:500-24990	TLTX18		OTHER	PAIRED	NextSeq 2000	1228	61400	Homo sapiens
ERR14276202	SAMEA117636889	ena-SAMPLE-TAB-28-01-2025-22:30:17:500-24990	TLTX18		OTHER	PAIRED	NextSeq 2000	1316	65800	Homo sapiens
ERR14276211	SAMEA117636889	ena-SAMPLE-TAB-28-01-2025-22:30:17:500-24990	TLTX18		OTHER	PAIRED	NextSeq 2000	2106632	105331600	Homo sapiens
ERR14276214	SAMEA117636889	ena-SAMPLE-TAB-28-01-2025-22:30:17:500-24990	TLTX18		OTHER	PAIRED	NextSeq 2000	1376	68800	Homo sapiens
ERR14276218	SAMEA117636889	ena-SAMPLE-TAB-28-01-2025-22:30:17:500-24990	TLTX18		OTHER	PAIRED	NextSeq 2000	1913848	95692400	Homo sapiens
ERR14276220	SAMEA117636889	ena-SAMPLE-TAB-28-01-2025-22:30:17:500-24990	TLTX18		OTHER	PAIRED	NextSeq 2000	1860	93000	Homo sapiens
ERR14276222	SAMEA117636889	ena-SAMPLE-TAB-28-01-2025-22:30:17:500-24990	TLTX18		OTHER	PAIRED	NextSeq 2000	1426	71300	Homo sapiens
ERR14276223	SAMEA117636889	ena-SAMPLE-TAB-28-01-2025-22:30:17:500-24990	TLTX18		OTHER	PAIRED	NextSeq 2000	1716	85800	Homo sapiens
ERR14276224	SAMEA117636889	ena-SAMPLE-TAB-28-01-2025-22:30:17:500-24990	TLTX18		OTHER	PAIRED	NextSeq 2000	1708	85400	Homo sapiens
ERR14276226	SAMEA117636889	ena-SAMPLE-TAB-28-01-2025-22:30:17:500-24990	TLTX18		OTHER	PAIRED	NextSeq 2000	1258	62900	Homo sapiens
ERR14276230	SAMEA117636889	ena-SAMPLE-TAB-28-01-2025-22:30:17:500-24990	TLTX18		OTHER	PAIRED	NextSeq 2000	1166	58300	Homo sapiens
ERR14276232	SAMEA117636889	ena-SAMPLE-TAB-28-01-2025-22:30:17:500-24990	TLTX18		OTHER	PAIRED	NextSeq 2000	1606	80300	Homo sapiens
ERR14276234	SAMEA117636889	ena-SAMPLE-TAB-28-01-2025-22:30:17:500-24990	TLTX18		OTHER	PAIRED	NextSeq 2000	1536	76800	Homo sapiens
ERR14276236	SAMEA117636889	ena-SAMPLE-TAB-28-01-2025-22:30:17:500-24990	TLTX18		OTHER	PAIRED	NextSeq 2000	1352	67600	Homo sapiens
ERR14276237	SAMEA117636889	ena-SAMPLE-TAB-28-01-2025-22:30:17:500-24990	TLTX18		OTHER	PAIRED	NextSeq 2000	1496	74800	Homo sapiens
ERR14276240	SAMEA117636889	ena-SAMPLE-TAB-28-01-2025-22:30:17:500-24990	TLTX18		OTHER	PAIRED	NextSeq 2000	1437010	71850500	Homo sapiens
ERR14276244	SAMEA117636889	ena-SAMPLE-TAB-28-01-2025-22:30:17:500-24990	TLTX18		OTHER	PAIRED	NextSeq 2000	508	25400	Homo sapiens
ERR14276247	SAMEA117636889	ena-SAMPLE-TAB-28-01-2025-22:30:17:500-24990	TLTX18		OTHER	PAIRED	NextSeq 2000	2440	122000	Homo sapiens
ERR14276262	SAMEA117636889	ena-SAMPLE-TAB-28-01-2025-22:30:17:500-24990	TLTX18		OTHER	PAIRED	NextSeq 2000	2214	110700	Homo sapiens
ERR14276264	SAMEA117636889	ena-SAMPLE-TAB-28-01-2025-22:30:17:500-24990	TLTX18		OTHER	PAIRED	NextSeq 2000	1414	70700	Homo sapiens
ERR14276268	SAMEA117636889	ena-SAMPLE-TAB-28-01-2025-22:30:17:500-24990	TLTX18		OTHER	PAIRED	NextSeq 2000	1282	64100	Homo sapiens
ERR14276281	SAMEA117636889	ena-SAMPLE-TAB-28-01-2025-22:30:17:500-24990	TLTX18		OTHER	PAIRED	NextSeq 2000	2028784	101439200	Homo sapiens
ERR14276284	SAMEA117636889	ena-SAMPLE-TAB-28-01-2025-22:30:17:500-24990	TLTX18		OTHER	PAIRED	NextSeq 2000	844	42200	Homo sapiens
ERR14276286	SAMEA117636889	ena-SAMPLE-TAB-28-01-2025-22:30:17:500-24990	TLTX18		OTHER	PAIRED	NextSeq 2000	1628	81400	Homo sapiens
ERR14276288	SAMEA117636889	ena-SAMPLE-TAB-28-01-2025-22:30:17:500-24990	TLTX18		OTHER	PAIRED	NextSeq 2000	992	49600	Homo sapiens
ERR14276295	SAMEA117636889	ena-SAMPLE-TAB-28-01-2025-22:30:17:500-24990	TLTX18		OTHER	PAIRED	NextSeq 2000	484	24200	Homo sapiens
ERR14276313	SAMEA117636889	ena-SAMPLE-TAB-28-01-2025-22:30:17:500-24990	TLTX18		OTHER	PAIRED	NextSeq 2000	1056	52800	Homo sapiens
ERR14276317	SAMEA117636889	ena-SAMPLE-TAB-28-01-2025-22:30:17:500-24990	TLTX18		OTHER	PAIRED	NextSeq 2000	1090	54500	Homo sapiens
ERR14276324	SAMEA117636889	ena-SAMPLE-TAB-28-01-2025-22:30:17:500-24990	TLTX18		OTHER	PAIRED	NextSeq 2000	758	37900	Homo sapiens
ERR14276326	SAMEA117636889	ena-SAMPLE-TAB-28-01-2025-22:30:17:500-24990	TLTX18		OTHER	PAIRED	NextSeq 2000	2587218	129360900	Homo sapiens
ERR14276327	SAMEA117636889	ena-SAMPLE-TAB-28-01-2025-22:30:17:500-24990	TLTX18		OTHER	PAIRED	NextSeq 2000	1558	77900	Homo sapiens
ERR14276330	SAMEA117636889	ena-SAMPLE-TAB-28-01-2025-22:30:17:500-24990	TLTX18		OTHER	PAIRED	NextSeq 2000	1246	62300	Homo sapiens
ERR14276337	SAMEA117636889	ena-SAMPLE-TAB-28-01-2025-22:30:17:500-24990	TLTX18		OTHER	PAIRED	NextSeq 2000	1202	60100	Homo sapiens
ERR14276338	SAMEA117636889	ena-SAMPLE-TAB-28-01-2025-22:30:17:500-24990	TLTX18		OTHER	PAIRED	NextSeq 2000	1104	55200	Homo sapiens
ERR14276340	SAMEA117636889	ena-SAMPLE-TAB-28-01-2025-22:30:17:500-24990	TLTX18		OTHER	PAIRED	NextSeq 2000	1722386	86119300	Homo sapiens
ERR14276348	SAMEA117636889	ena-SAMPLE-TAB-28-01-2025-22:30:17:500-24990	TLTX18		OTHER	PAIRED	NextSeq 2000	616	30800	Homo sapiens
ERR14276351	SAMEA117636889	ena-SAMPLE-TAB-28-01-2025-22:30:17:500-24990	TLTX18		OTHER	PAIRED	NextSeq 2000	1782	89100	Homo sapiens
ERR14276355	SAMEA117636889	ena-SAMPLE-TAB-28-01-2025-22:30:17:500-24990	TLTX18		OTHER	PAIRED	NextSeq 2000	932	46600	Homo sapiens
ERR14276359	SAMEA117636889	ena-SAMPLE-TAB-28-01-2025-22:30:17:500-24990	TLTX18		OTHER	PAIRED	NextSeq 2000	1000	50000	Homo sapiens
ERR14276363	SAMEA117636889	ena-SAMPLE-TAB-28-01-2025-22:30:17:500-24990	TLTX18		OTHER	PAIRED	NextSeq 2000	125978	6298900	Homo sapiens
ERR14276366	SAMEA117636889	ena-SAMPLE-TAB-28-01-2025-22:30:17:500-24990	TLTX18		OTHER	PAIRED	NextSeq 2000	990	49500	Homo sapiens
ERR14276371	SAMEA117636889	ena-SAMPLE-TAB-28-01-2025-22:30:17:500-24990	TLTX18		OTHER	PAIRED	NextSeq 2000	588	29400	Homo sapiens
ERR14276386	SAMEA117636889	ena-SAMPLE-TAB-28-01-2025-22:30:17:500-24990	TLTX18		OTHER	PAIRED	NextSeq 2000	1851044	92552200	Homo sapiens
ERR14276388	SAMEA117636889	ena-SAMPLE-TAB-28-01-2025-22:30:17:500-24990	TLTX18		OTHER	PAIRED	NextSeq 2000	480	24000	Homo sapiens
ERR14276404	SAMEA117636889	ena-SAMPLE-TAB-28-01-2025-22:30:17:500-24990	TLTX18		OTHER	PAIRED	NextSeq 2000	1394620	69731000	Homo sapiens
ERR14276408	SAMEA117636889	ena-SAMPLE-TAB-28-01-2025-22:30:17:500-24990	TLTX18		OTHER	PAIRED	NextSeq 2000	1628	81400	Homo sapiens
ERR14276410	SAMEA117636889	ena-SAMPLE-TAB-28-01-2025-22:30:17:500-24990	TLTX18		OTHER	PAIRED	NextSeq 2000	1577256	78862800	Homo sapiens
ERR14276413	SAMEA117636889	ena-SAMPLE-TAB-28-01-2025-22:30:17:500-24990	TLTX18		OTHER	PAIRED	NextSeq 2000	1834800	91740000	Homo sapiens
ERR14276425	SAMEA117636889	ena-SAMPLE-TAB-28-01-2025-22:30:17:500-24990	TLTX18		OTHER	PAIRED	NextSeq 2000	2272	113600	Homo sapiens
ERR14276426	SAMEA117636889	ena-SAMPLE-TAB-28-01-2025-22:30:17:500-24990	TLTX18		OTHER	PAIRED	NextSeq 2000	554	27700	Homo sapiens
ERR14276433	SAMEA117636889	ena-SAMPLE-TAB-28-01-2025-22:30:17:500-24990	TLTX18		OTHER	PAIRED	NextSeq 2000	1326	66300	Homo sapiens
ERR14276437	SAMEA117636889	ena-SAMPLE-TAB-28-01-2025-22:30:17:500-24990	TLTX18		OTHER	PAIRED	NextSeq 2000	1370	68500	Homo sapiens
ERR14276444	SAMEA117636889	ena-SAMPLE-TAB-28-01-2025-22:30:17:500-24990	TLTX18		OTHER	PAIRED	NextSeq 2000	1186	59300	Homo sapiens
ERR14276451	SAMEA117636889	ena-SAMPLE-TAB-28-01-2025-22:30:17:500-24990	TLTX18		OTHER	PAIRED	NextSeq 2000	1498	74900	Homo sapiens
ERR14276454	SAMEA117636889	ena-SAMPLE-TAB-28-01-2025-22:30:17:500-24990	TLTX18		OTHER	PAIRED	NextSeq 2000	1548	77400	Homo sapiens
ERR14276481	SAMEA117636889	ena-SAMPLE-TAB-28-01-2025-22:30:17:500-24990	TLTX18		OTHER	PAIRED	NextSeq 2000	1848472	92423600	Homo sapiens
ERR14276483	SAMEA117636889	ena-SAMPLE-TAB-28-01-2025-22:30:17:500-24990	TLTX18		OTHER	PAIRED	NextSeq 2000	2058664	102933200	Homo sapiens
ERR14276486	SAMEA117636889	ena-SAMPLE-TAB-28-01-2025-22:30:17:500-24990	TLTX18		OTHER	PAIRED	NextSeq 2000	1865088	93254400	Homo sapiens
ERR14276489	SAMEA117636889	ena-SAMPLE-TAB-28-01-2025-22:30:17:500-24990	TLTX18		OTHER	PAIRED	NextSeq 2000	1002	50100	Homo sapiens
ERR14276496	SAMEA117636889	ena-SAMPLE-TAB-28-01-2025-22:30:17:500-24990	TLTX18		OTHER	PAIRED	NextSeq 2000	1374	68700	Homo sapiens
ERR14276505	SAMEA117636889	ena-SAMPLE-TAB-28-01-2025-22:30:17:500-24990	TLTX18		OTHER	PAIRED	NextSeq 2000	1052	52600	Homo sapiens
ERR14276507	SAMEA117636889	ena-SAMPLE-TAB-28-01-2025-22:30:17:500-24990	TLTX18		OTHER	PAIRED	NextSeq 2000	928	46400	Homo sapiens
ERR14276510	SAMEA117636889	ena-SAMPLE-TAB-28-01-2025-22:30:17:500-24990	TLTX18		OTHER	PAIRED	NextSeq 2000	1144	57200	Homo sapiens
ERR14276519	SAMEA117636889	ena-SAMPLE-TAB-28-01-2025-22:30:17:500-24990	TLTX18		OTHER	PAIRED	NextSeq 2000	1202	60100	Homo sapiens
ERR14276525	SAMEA117636889	ena-SAMPLE-TAB-28-01-2025-22:30:17:500-24990	TLTX18		OTHER	PAIRED	NextSeq 2000	1731810	86590500	Homo sapiens
ERR14276529	SAMEA117636889	ena-SAMPLE-TAB-28-01-2025-22:30:17:500-24990	TLTX18		OTHER	PAIRED	NextSeq 2000	1734	86700	Homo sapiens
ERR14276560	SAMEA117636889	ena-SAMPLE-TAB-28-01-2025-22:30:17:500-24990	TLTX18		OTHER	PAIRED	NextSeq 2000	1654	82700	Homo sapiens
ERR14276561	SAMEA117636889	ena-SAMPLE-TAB-28-01-2025-22:30:17:500-24990	TLTX18		OTHER	PAIRED	NextSeq 2000	1389798	69489900	Homo sapiens
ERR14276562	SAMEA117636889	ena-SAMPLE-TAB-28-01-2025-22:30:17:500-24990	TLTX18		OTHER	PAIRED	NextSeq 2000	1518	75900	Homo sapiens
ERR14276567	SAMEA117636889	ena-SAMPLE-TAB-28-01-2025-22:30:17:500-24990	TLTX18		OTHER	PAIRED	NextSeq 2000	2602	130100	Homo sapiens
ERR14276570	SAMEA117636889	ena-SAMPLE-TAB-28-01-2025-22:30:17:500-24990	TLTX18		OTHER	PAIRED	NextSeq 2000	1776	88800	Homo sapiens
ERR14276583	SAMEA117636889	ena-SAMPLE-TAB-28-01-2025-22:30:17:500-24990	TLTX18		OTHER	PAIRED	NextSeq 2000	1740	87000	Homo sapiens
ERR14276587	SAMEA117636889	ena-SAMPLE-TAB-28-01-2025-22:30:17:500-24990	TLTX18		OTHER	PAIRED	NextSeq 2000	926	46300	Homo sapiens
ERR14276589	SAMEA117636889	ena-SAMPLE-TAB-28-01-2025-22:30:17:500-24990	TLTX18		OTHER	PAIRED	NextSeq 2000	2013626	100681300	Homo sapiens
ERR14276594	SAMEA117636889	ena-SAMPLE-TAB-28-01-2025-22:30:17:500-24990	TLTX18		OTHER	PAIRED	NextSeq 2000	1440	72000	Homo sapiens
ERR14276602	SAMEA117636889	ena-SAMPLE-TAB-28-01-2025-22:30:17:500-24990	TLTX18		OTHER	PAIRED	NextSeq 2000	1024	51200	Homo sapiens
ERR14276605	SAMEA117636889	ena-SAMPLE-TAB-28-01-2025-22:30:17:500-24990	TLTX18		OTHER	PAIRED	NextSeq 2000	676	33800	Homo sapiens
ERR14276606	SAMEA117636889	ena-SAMPLE-TAB-28-01-2025-22:30:17:500-24990	TLTX18		OTHER	PAIRED	NextSeq 2000	586	29300	Homo sapiens
ERR14276615	SAMEA117636889	ena-SAMPLE-TAB-28-01-2025-22:30:17:500-24990	TLTX18		OTHER	PAIRED	NextSeq 2000	970	48500	Homo sapiens
ERR14276617	SAMEA117636889	ena-SAMPLE-TAB-28-01-2025-22:30:17:500-24990	TLTX18		OTHER	PAIRED	NextSeq 2000	692	34600	Homo sapiens
ERR14276619	SAMEA117636889	ena-SAMPLE-TAB-28-01-2025-22:30:17:500-24990	TLTX18		OTHER	PAIRED	NextSeq 2000	676	33800	Homo sapiens
ERR14276628	SAMEA117636889	ena-SAMPLE-TAB-28-01-2025-22:30:17:500-24990	TLTX18		OTHER	PAIRED	NextSeq 2000	514	25700	Homo sapiens
ERR14276629	SAMEA117636889	ena-SAMPLE-TAB-28-01-2025-22:30:17:500-24990	TLTX18		OTHER	PAIRED	NextSeq 2000	1522586	76129300	Homo sapiens
ERR14276631	SAMEA117636889	ena-SAMPLE-TAB-28-01-2025-22:30:17:500-24990	TLTX18		OTHER	PAIRED	NextSeq 2000	450	22500	Homo sapiens
ERR14276633	SAMEA117636889	ena-SAMPLE-TAB-28-01-2025-22:30:17:500-24990	TLTX18		OTHER	PAIRED	NextSeq 2000	674	33700	Homo sapiens
ERR14276634	SAMEA117636889	ena-SAMPLE-TAB-28-01-2025-22:30:17:500-24990	TLTX18		OTHER	PAIRED	NextSeq 2000	1353380	67669000	Homo sapiens
ERR14276636	SAMEA117636889	ena-SAMPLE-TAB-28-01-2025-22:30:17:500-24990	TLTX18		OTHER	PAIRED	NextSeq 2000	422	21100	Homo sapiens
ERR14276644	SAMEA117636889	ena-SAMPLE-TAB-28-01-2025-22:30:17:500-24990	TLTX18		OTHER	PAIRED	NextSeq 2000	334	16700	Homo sapiens
ERR14276646	SAMEA117636889	ena-SAMPLE-TAB-28-01-2025-22:30:17:500-24990	TLTX18		OTHER	PAIRED	NextSeq 2000	1518338	75916900	Homo sapiens
ERR14276648	SAMEA117636889	ena-SAMPLE-TAB-28-01-2025-22:30:17:500-24990	TLTX18		OTHER	PAIRED	NextSeq 2000	1436098	71804900	Homo sapiens
ERR14276651	SAMEA117636889	ena-SAMPLE-TAB-28-01-2025-22:30:17:500-24990	TLTX18		OTHER	PAIRED	NextSeq 2000	508	25400	Homo sapiens
ERR14276658	SAMEA117636889	ena-SAMPLE-TAB-28-01-2025-22:30:17:500-24990	TLTX18		OTHER	PAIRED	NextSeq 2000	654	32700	Homo sapiens
ERR14276660	SAMEA117636889	ena-SAMPLE-TAB-28-01-2025-22:30:17:500-24990	TLTX18		OTHER	PAIRED	NextSeq 2000	490	24500	Homo sapiens
ERR14276661	SAMEA117636889	ena-SAMPLE-TAB-28-01-2025-22:30:17:500-24990	TLTX18		OTHER	PAIRED	NextSeq 2000	866	43300	Homo sapiens
ERR14276662	SAMEA117636889	ena-SAMPLE-TAB-28-01-2025-22:30:17:500-24990	TLTX18		OTHER	PAIRED	NextSeq 2000	514	25700	Homo sapiens
ERR14276663	SAMEA117636889	ena-SAMPLE-TAB-28-01-2025-22:30:17:500-24990	TLTX18		OTHER	PAIRED	NextSeq 2000	674	33700	Homo sapiens
ERR14276665	SAMEA117636889	ena-SAMPLE-TAB-28-01-2025-22:30:17:500-24990	TLTX18		OTHER	PAIRED	NextSeq 2000	786	39300	Homo sapiens
ERR14276670	SAMEA117636889	ena-SAMPLE-TAB-28-01-2025-22:30:17:500-24990	TLTX18		OTHER	PAIRED	NextSeq 2000	1233834	61691700	Homo sapiens
ERR14276677	SAMEA117636889	ena-SAMPLE-TAB-28-01-2025-22:30:17:500-24990	TLTX18		OTHER	PAIRED	NextSeq 2000	1359014	67950700	Homo sapiens
ERR14276681	SAMEA117636889	ena-SAMPLE-TAB-28-01-2025-22:30:17:500-24990	TLTX18		OTHER	PAIRED	NextSeq 2000	626	31300	Homo sapiens
ERR14276691	SAMEA117636889	ena-SAMPLE-TAB-28-01-2025-22:30:17:500-24990	TLTX18		OTHER	PAIRED	NextSeq 2000	1930696	96534800	Homo sapiens
ERR14276696	SAMEA117636889	ena-SAMPLE-TAB-28-01-2025-22:30:17:500-24990	TLTX18		OTHER	PAIRED	NextSeq 2000	626	31300	Homo sapiens
ERR14276700	SAMEA117636889	ena-SAMPLE-TAB-28-01-2025-22:30:17:500-24990	TLTX18		OTHER	PAIRED	NextSeq 2000	944266	47213300	Homo sapiens
ERR14276703	SAMEA117636889	ena-SAMPLE-TAB-28-01-2025-22:30:17:500-24990	TLTX18		OTHER	PAIRED	NextSeq 2000	486	24300	Homo sapiens
ERR14276720	SAMEA117636889	ena-SAMPLE-TAB-28-01-2025-22:30:17:500-24990	TLTX18		OTHER	PAIRED	NextSeq 2000	901338	45066900	Homo sapiens
ERR14276724	SAMEA117636889	ena-SAMPLE-TAB-28-01-2025-22:30:17:500-24990	TLTX18		OTHER	PAIRED	NextSeq 2000	696	34800	Homo sapiens
ERR14276727	SAMEA117636889	ena-SAMPLE-TAB-28-01-2025-22:30:17:500-24990	TLTX18		OTHER	PAIRED	NextSeq 2000	632	31600	Homo sapiens
ERR14276731	SAMEA117636889	ena-SAMPLE-TAB-28-01-2025-22:30:17:500-24990	TLTX18		OTHER	PAIRED	NextSeq 2000	324	16200	Homo sapiens
ERR14276742	SAMEA117636889	ena-SAMPLE-TAB-28-01-2025-22:30:17:500-24990	TLTX18		OTHER	PAIRED	NextSeq 2000	1720	86000	Homo sapiens
ERR14276762	SAMEA117636889	ena-SAMPLE-TAB-28-01-2025-22:30:17:500-24990	TLTX18		OTHER	PAIRED	NextSeq 2000	2004354	100217700	Homo sapiens
ERR14276763	SAMEA117636889	ena-SAMPLE-TAB-28-01-2025-22:30:17:500-24990	TLTX18		OTHER	PAIRED	NextSeq 2000	1026	51300	Homo sapiens
ERR14276764	SAMEA117636889	ena-SAMPLE-TAB-28-01-2025-22:30:17:500-24990	TLTX18		OTHER	PAIRED	NextSeq 2000	1212	60600	Homo sapiens
ERR14276769	SAMEA117636889	ena-SAMPLE-TAB-28-01-2025-22:30:17:500-24990	TLTX18		OTHER	PAIRED	NextSeq 2000	459038	22951900	Homo sapiens
ERR14276772	SAMEA117636889	ena-SAMPLE-TAB-28-01-2025-22:30:17:500-24990	TLTX18		OTHER	PAIRED	NextSeq 2000	840	42000	Homo sapiens
ERR14276777	SAMEA117636889	ena-SAMPLE-TAB-28-01-2025-22:30:17:500-24990	TLTX18		OTHER	PAIRED	NextSeq 2000	1086	54300	Homo sapiens
ERR14276789	SAMEA117636889	ena-SAMPLE-TAB-28-01-2025-22:30:17:500-24990	TLTX18		OTHER	PAIRED	NextSeq 2000	1062	53100	Homo sapiens
ERR14276792	SAMEA117636889	ena-SAMPLE-TAB-28-01-2025-22:30:17:500-24990	TLTX18		OTHER	PAIRED	NextSeq 2000	702	35100	Homo sapiens
ERR14276793	SAMEA117636889	ena-SAMPLE-TAB-28-01-2025-22:30:17:500-24990	TLTX18		OTHER	PAIRED	NextSeq 2000	934	46700	Homo sapiens
ERR14276794	SAMEA117636889	ena-SAMPLE-TAB-28-01-2025-22:30:17:500-24990	TLTX18		OTHER	PAIRED	NextSeq 2000	298922	14946100	Homo sapiens
ERR14276796	SAMEA117636889	ena-SAMPLE-TAB-28-01-2025-22:30:17:500-24990	TLTX18		OTHER	PAIRED	NextSeq 2000	1410	70500	Homo sapiens
ERR14276799	SAMEA117636889	ena-SAMPLE-TAB-28-01-2025-22:30:17:500-24990	TLTX18		OTHER	PAIRED	NextSeq 2000	1056	52800	Homo sapiens
ERR14276801	SAMEA117636889	ena-SAMPLE-TAB-28-01-2025-22:30:17:500-24990	TLTX18		OTHER	PAIRED	NextSeq 2000	1338	66900	Homo sapiens
ERR14276802	SAMEA117636889	ena-SAMPLE-TAB-28-01-2025-22:30:17:500-24990	TLTX18		OTHER	PAIRED	NextSeq 2000	1208	60400	Homo sapiens
ERR14276804	SAMEA117636889	ena-SAMPLE-TAB-28-01-2025-22:30:17:500-24990	TLTX18		OTHER	PAIRED	NextSeq 2000	842	42100	Homo sapiens
ERR14276805	SAMEA117636889	ena-SAMPLE-TAB-28-01-2025-22:30:17:500-24990	TLTX18		OTHER	PAIRED	NextSeq 2000	1348	67400	Homo sapiens
ERR14276830	SAMEA117636889	ena-SAMPLE-TAB-28-01-2025-22:30:17:500-24990	TLTX18		OTHER	PAIRED	NextSeq 2000	1276	63800	Homo sapiens
ERR14276834	SAMEA117636889	ena-SAMPLE-TAB-28-01-2025-22:30:17:500-24990	TLTX18		OTHER	PAIRED	NextSeq 2000	1893428	94671400	Homo sapiens
ERR14276841	SAMEA117636889	ena-SAMPLE-TAB-28-01-2025-22:30:17:500-24990	TLTX18		OTHER	PAIRED	NextSeq 2000	1378	68900	Homo sapiens
ERR14276845	SAMEA117636889	ena-SAMPLE-TAB-28-01-2025-22:30:17:500-24990	TLTX18		OTHER	PAIRED	NextSeq 2000	1310	65500	Homo sapiens
ERR14276853	SAMEA117636889	ena-SAMPLE-TAB-28-01-2025-22:30:17:500-24990	TLTX18		OTHER	PAIRED	NextSeq 2000	884	44200	Homo sapiens
ERR14276854	SAMEA117636889	ena-SAMPLE-TAB-28-01-2025-22:30:17:500-24990	TLTX18		OTHER	PAIRED	NextSeq 2000	186	9300	Homo sapiens
ERR14276857	SAMEA117636889	ena-SAMPLE-TAB-28-01-2025-22:30:17:500-24990	TLTX18		OTHER	PAIRED	NextSeq 2000	1885662	94283100	Homo sapiens
ERR14276861	SAMEA117636889	ena-SAMPLE-TAB-28-01-2025-22:30:17:500-24990	TLTX18		OTHER	PAIRED	NextSeq 2000	1138	56900	Homo sapiens
ERR14276867	SAMEA117636889	ena-SAMPLE-TAB-28-01-2025-22:30:17:500-24990	TLTX18		OTHER	PAIRED	NextSeq 2000	946	47300	Homo sapiens
ERR14276868	SAMEA117636889	ena-SAMPLE-TAB-28-01-2025-22:30:17:500-24990	TLTX18		OTHER	PAIRED	NextSeq 2000	1444	72200	Homo sapiens
ERR14276870	SAMEA117636889	ena-SAMPLE-TAB-28-01-2025-22:30:17:500-24990	TLTX18		OTHER	PAIRED	NextSeq 2000	1062	53100	Homo sapiens
ERR14276871	SAMEA117636889	ena-SAMPLE-TAB-28-01-2025-22:30:17:500-24990	TLTX18		OTHER	PAIRED	NextSeq 2000	1248	62400	Homo sapiens
ERR14276872	SAMEA117636889	ena-SAMPLE-TAB-28-01-2025-22:30:17:500-24990	TLTX18		OTHER	PAIRED	NextSeq 2000	1286	64300	Homo sapiens
ERR14276873	SAMEA117636889	ena-SAMPLE-TAB-28-01-2025-22:30:17:500-24990	TLTX18		OTHER	PAIRED	NextSeq 2000	1765630	88281500	Homo sapiens
ERR14276875	SAMEA117636889	ena-SAMPLE-TAB-28-01-2025-22:30:17:500-24990	TLTX18		OTHER	PAIRED	NextSeq 2000	650	32500	Homo sapiens
ERR14276889	SAMEA117636889	ena-SAMPLE-TAB-28-01-2025-22:30:17:500-24990	TLTX18		OTHER	PAIRED	NextSeq 2000	60	3000	Homo sapiens
ERR14276893	SAMEA117636889	ena-SAMPLE-TAB-28-01-2025-22:30:17:500-24990	TLTX18		OTHER	PAIRED	NextSeq 2000	74	3700	Homo sapiens
ERR14276899	SAMEA117636889	ena-SAMPLE-TAB-28-01-2025-22:30:17:500-24990	TLTX18		OTHER	PAIRED	NextSeq 2000	74	3700	Homo sapiens
ERR14276905	SAMEA117636889	ena-SAMPLE-TAB-28-01-2025-22:30:17:500-24990	TLTX18		OTHER	PAIRED	NextSeq 2000	154	7700	Homo sapiens
ERR14276908	SAMEA117636889	ena-SAMPLE-TAB-28-01-2025-22:30:17:500-24990	TLTX18		OTHER	PAIRED	NextSeq 2000	160	8000	Homo sapiens
ERR14276915	SAMEA117636889	ena-SAMPLE-TAB-28-01-2025-22:30:17:500-24990	TLTX18		OTHER	PAIRED	NextSeq 2000	110	5500	Homo sapiens
ERR14276925	SAMEA117636889	ena-SAMPLE-TAB-28-01-2025-22:30:17:500-24990	TLTX18		OTHER	PAIRED	NextSeq 2000	108358	5417900	Homo sapiens
ERR14276930	SAMEA117636889	ena-SAMPLE-TAB-28-01-2025-22:30:17:500-24990	TLTX18		OTHER	PAIRED	NextSeq 2000	128	6400	Homo sapiens
ERR14276942	SAMEA117636889	ena-SAMPLE-TAB-28-01-2025-22:30:17:500-24990	TLTX18		OTHER	PAIRED	NextSeq 2000	128	6400	Homo sapiens
ERR14276962	SAMEA117636889	ena-SAMPLE-TAB-28-01-2025-22:30:17:500-24990	TLTX18		OTHER	PAIRED	NextSeq 2000	1426	71300	Homo sapiens
ERR14276966	SAMEA117636889	ena-SAMPLE-TAB-28-01-2025-22:30:17:500-24990	TLTX18		OTHER	PAIRED	NextSeq 2000	740	37000	Homo sapiens
ERR14276975	SAMEA117636889	ena-SAMPLE-TAB-28-01-2025-22:30:17:500-24990	TLTX18		OTHER	PAIRED	NextSeq 2000	1350	67500	Homo sapiens
ERR14276987	SAMEA117636889	ena-SAMPLE-TAB-28-01-2025-22:30:17:500-24990	TLTX18		OTHER	PAIRED	NextSeq 2000	1734	86700	Homo sapiens
ERR14276991	SAMEA117636889	ena-SAMPLE-TAB-28-01-2025-22:30:17:500-24990	TLTX18		OTHER	PAIRED	NextSeq 2000	758	37900	Homo sapiens
ERR14276993	SAMEA117636889	ena-SAMPLE-TAB-28-01-2025-22:30:17:500-24990	TLTX18		OTHER	PAIRED	NextSeq 2000	1042	52100	Homo sapiens
ERR14276998	SAMEA117636889	ena-SAMPLE-TAB-28-01-2025-22:30:17:500-24990	TLTX18		OTHER	PAIRED	NextSeq 2000	174	8700	Homo sapiens
ERR14277001	SAMEA117636889	ena-SAMPLE-TAB-28-01-2025-22:30:17:500-24990	TLTX18		OTHER	PAIRED	NextSeq 2000	1296	64800	Homo sapiens
ERR14277007	SAMEA117636889	ena-SAMPLE-TAB-28-01-2025-22:30:17:500-24990	TLTX18		OTHER	PAIRED	NextSeq 2000	930	46500	Homo sapiens
ERR14277008	SAMEA117636889	ena-SAMPLE-TAB-28-01-2025-22:30:17:500-24990	TLTX18		OTHER	PAIRED	NextSeq 2000	640	32000	Homo sapiens
ERR14277013	SAMEA117636889	ena-SAMPLE-TAB-28-01-2025-22:30:17:500-24990	TLTX18		OTHER	PAIRED	NextSeq 2000	686	34300	Homo sapiens
ERR14277019	SAMEA117636889	ena-SAMPLE-TAB-28-01-2025-22:30:17:500-24990	TLTX18		OTHER	PAIRED	NextSeq 2000	512	25600	Homo sapiens
ERR14277026	SAMEA117636889	ena-SAMPLE-TAB-28-01-2025-22:30:17:500-24990	TLTX18		OTHER	PAIRED	NextSeq 2000	1527794	76389700	Homo sapiens
ERR14277035	SAMEA117636889	ena-SAMPLE-TAB-28-01-2025-22:30:17:500-24990	TLTX18		OTHER	PAIRED	NextSeq 2000	1427922	71396100	Homo sapiens
ERR14277046	SAMEA117636889	ena-SAMPLE-TAB-28-01-2025-22:30:17:500-24990	TLTX18		OTHER	PAIRED	NextSeq 2000	552	27600	Homo sapiens
ERR14277050	SAMEA117636889	ena-SAMPLE-TAB-28-01-2025-22:30:17:500-24990	TLTX18		OTHER	PAIRED	NextSeq 2000	572	28600	Homo sapiens
ERR14277062	SAMEA117636889	ena-SAMPLE-TAB-28-01-2025-22:30:17:500-24990	TLTX18		OTHER	PAIRED	NextSeq 2000	992616	49630800	Homo sapiens
ERR14277063	SAMEA117636889	ena-SAMPLE-TAB-28-01-2025-22:30:17:500-24990	TLTX18		OTHER	PAIRED	NextSeq 2000	364	18200	Homo sapiens
ERR14277067	SAMEA117636889	ena-SAMPLE-TAB-28-01-2025-22:30:17:500-24990	TLTX18		OTHER	PAIRED	NextSeq 2000	610	30500	Homo sapiens
ERR14277080	SAMEA117636889	ena-SAMPLE-TAB-28-01-2025-22:30:17:500-24990	TLTX18		OTHER	PAIRED	NextSeq 2000	366	18300	Homo sapiens
ERR14277087	SAMEA117636889	ena-SAMPLE-TAB-28-01-2025-22:30:17:500-24990	TLTX18		OTHER	PAIRED	NextSeq 2000	508	25400	Homo sapiens
ERR14277088	SAMEA117636889	ena-SAMPLE-TAB-28-01-2025-22:30:17:500-24990	TLTX18		OTHER	PAIRED	NextSeq 2000	546	27300	Homo sapiens
ERR14277101	SAMEA117636889	ena-SAMPLE-TAB-28-01-2025-22:30:17:500-24990	TLTX18		OTHER	PAIRED	NextSeq 2000	2	100	Homo sapiens
ERR14277107	SAMEA117636889	ena-SAMPLE-TAB-28-01-2025-22:30:17:500-24990	TLTX18		OTHER	PAIRED	NextSeq 2000	1082	54100	Homo sapiens
ERR14277118	SAMEA117636889	ena-SAMPLE-TAB-28-01-2025-22:30:17:500-24990	TLTX18		OTHER	PAIRED	NextSeq 2000	1827798	91389900	Homo sapiens
ERR14277129	SAMEA117636889	ena-SAMPLE-TAB-28-01-2025-22:30:17:500-24990	TLTX18		OTHER	PAIRED	NextSeq 2000	626	31300	Homo sapiens
ERR14277141	SAMEA117636889	ena-SAMPLE-TAB-28-01-2025-22:30:17:500-24990	TLTX18		OTHER	PAIRED	NextSeq 2000	1241074	62053700	Homo sapiens
ERR14277149	SAMEA117636889	ena-SAMPLE-TAB-28-01-2025-22:30:17:500-24990	TLTX18		OTHER	PAIRED	NextSeq 2000	1344	67200	Homo sapiens
ERR14277150	SAMEA117636889	ena-SAMPLE-TAB-28-01-2025-22:30:17:500-24990	TLTX18		OTHER	PAIRED	NextSeq 2000	1174	58700	Homo sapiens
ERR14277153	SAMEA117636889	ena-SAMPLE-TAB-28-01-2025-22:30:17:500-24990	TLTX18		OTHER	PAIRED	NextSeq 2000	1038	51900	Homo sapiens
ERR14277161	SAMEA117636889	ena-SAMPLE-TAB-28-01-2025-22:30:17:500-24990	TLTX18		OTHER	PAIRED	NextSeq 2000	886	44300	Homo sapiens
ERR14277166	SAMEA117636889	ena-SAMPLE-TAB-28-01-2025-22:30:17:500-24990	TLTX18		OTHER	PAIRED	NextSeq 2000	1096	54800	Homo sapiens
ERR14277169	SAMEA117636889	ena-SAMPLE-TAB-28-01-2025-22:30:17:500-24990	TLTX18		OTHER	PAIRED	NextSeq 2000	1464	73200	Homo sapiens
ERR14277171	SAMEA117636889	ena-SAMPLE-TAB-28-01-2025-22:30:17:500-24990	TLTX18		OTHER	PAIRED	NextSeq 2000	1140	57000	Homo sapiens
ERR14277172	SAMEA117636889	ena-SAMPLE-TAB-28-01-2025-22:30:17:500-24990	TLTX18		OTHER	PAIRED	NextSeq 2000	1090	54500	Homo sapiens
ERR14277173	SAMEA117636889	ena-SAMPLE-TAB-28-01-2025-22:30:17:500-24990	TLTX18		OTHER	PAIRED	NextSeq 2000	1196	59800	Homo sapiens
ERR14277177	SAMEA117636889	ena-SAMPLE-TAB-28-01-2025-22:30:17:500-24990	TLTX18		OTHER	PAIRED	NextSeq 2000	1598	79900	Homo sapiens
ERR14277189	SAMEA117636889	ena-SAMPLE-TAB-28-01-2025-22:30:17:500-24990	TLTX18		OTHER	PAIRED	NextSeq 2000	1852	92600	Homo sapiens
ERR14277205	SAMEA117636889	ena-SAMPLE-TAB-28-01-2025-22:30:17:500-24990	TLTX18		OTHER	PAIRED	NextSeq 2000	2008	100400	Homo sapiens
ERR14277209	SAMEA117636889	ena-SAMPLE-TAB-28-01-2025-22:30:17:500-24990	TLTX18		OTHER	PAIRED	NextSeq 2000	1936852	96842600	Homo sapiens
ERR14277223	SAMEA117636889	ena-SAMPLE-TAB-28-01-2025-22:30:17:500-24990	TLTX18		OTHER	PAIRED	NextSeq 2000	1414	70700	Homo sapiens
ERR14277226	SAMEA117636889	ena-SAMPLE-TAB-28-01-2025-22:30:17:500-24990	TLTX18		OTHER	PAIRED	NextSeq 2000	1683742	84187100	Homo sapiens
ERR14277227	SAMEA117636889	ena-SAMPLE-TAB-28-01-2025-22:30:17:500-24990	TLTX18		OTHER	PAIRED	NextSeq 2000	1630	81500	Homo sapiens
ERR14277228	SAMEA117636889	ena-SAMPLE-TAB-28-01-2025-22:30:17:500-24990	TLTX18		OTHER	PAIRED	NextSeq 2000	1106	55300	Homo sapiens
ERR14277231	SAMEA117636889	ena-SAMPLE-TAB-28-01-2025-22:30:17:500-24990	TLTX18		OTHER	PAIRED	NextSeq 2000	1794962	89748100	Homo sapiens
ERR14277235	SAMEA117636889	ena-SAMPLE-TAB-28-01-2025-22:30:17:500-24990	TLTX18		OTHER	PAIRED	NextSeq 2000	1704	85200	Homo sapiens
ERR14277240	SAMEA117636889	ena-SAMPLE-TAB-28-01-2025-22:30:17:500-24990	TLTX18		OTHER	PAIRED	NextSeq 2000	1240	62000	Homo sapiens
ERR14277245	SAMEA117636889	ena-SAMPLE-TAB-28-01-2025-22:30:17:500-24990	TLTX18		OTHER	PAIRED	NextSeq 2000	2187960	109398000	Homo sapiens
ERR14277261	SAMEA117636889	ena-SAMPLE-TAB-28-01-2025-22:30:17:500-24990	TLTX18		OTHER	PAIRED	NextSeq 2000	1368	68400	Homo sapiens
ERR14277265	SAMEA117636889	ena-SAMPLE-TAB-28-01-2025-22:30:17:500-24990	TLTX18		OTHER	PAIRED	NextSeq 2000	878	43900	Homo sapiens
ERR14277267	SAMEA117636889	ena-SAMPLE-TAB-28-01-2025-22:30:17:500-24990	TLTX18		OTHER	PAIRED	NextSeq 2000	1303054	65152700	Homo sapiens
ERR14277268	SAMEA117636889	ena-SAMPLE-TAB-28-01-2025-22:30:17:500-24990	TLTX18		OTHER	PAIRED	NextSeq 2000	1148	57400	Homo sapiens
ERR14277277	SAMEA117636889	ena-SAMPLE-TAB-28-01-2025-22:30:17:500-24990	TLTX18		OTHER	PAIRED	NextSeq 2000	1399182	69959100	Homo sapiens
ERR14277282	SAMEA117636889	ena-SAMPLE-TAB-28-01-2025-22:30:17:500-24990	TLTX18		OTHER	PAIRED	NextSeq 2000	1576	78800	Homo sapiens
ERR14277283	SAMEA117636889	ena-SAMPLE-TAB-28-01-2025-22:30:17:500-24990	TLTX18		OTHER	PAIRED	NextSeq 2000	1202988	60149400	Homo sapiens
ERR14277284	SAMEA117636889	ena-SAMPLE-TAB-28-01-2025-22:30:17:500-24990	TLTX18		OTHER	PAIRED	NextSeq 2000	1240	62000	Homo sapiens
ERR14277289	SAMEA117636889	ena-SAMPLE-TAB-28-01-2025-22:30:17:500-24990	TLTX18		OTHER	PAIRED	NextSeq 2000	922	46100	Homo sapiens
ERR14277297	SAMEA117636889	ena-SAMPLE-TAB-28-01-2025-22:30:17:500-24990	TLTX18		OTHER	PAIRED	NextSeq 2000	1142	57100	Homo sapiens
ERR14277304	SAMEA117636889	ena-SAMPLE-TAB-28-01-2025-22:30:17:500-24990	TLTX18		OTHER	PAIRED	NextSeq 2000	1508	75400	Homo sapiens
ERR14277307	SAMEA117636889	ena-SAMPLE-TAB-28-01-2025-22:30:17:500-24990	TLTX18		OTHER	PAIRED	NextSeq 2000	1214	60700	Homo sapiens
ERR14277310	SAMEA117636889	ena-SAMPLE-TAB-28-01-2025-22:30:17:500-24990	TLTX18		OTHER	PAIRED	NextSeq 2000	1112	55600	Homo sapiens
ERR14277314	SAMEA117636889	ena-SAMPLE-TAB-28-01-2025-22:30:17:500-24990	TLTX18		OTHER	PAIRED	NextSeq 2000	1210376	60518800	Homo sapiens
ERR14277321	SAMEA117636889	ena-SAMPLE-TAB-28-01-2025-22:30:17:500-24990	TLTX18		OTHER	PAIRED	NextSeq 2000	836	41800	Homo sapiens
ERR14277323	SAMEA117636889	ena-SAMPLE-TAB-28-01-2025-22:30:17:500-24990	TLTX18		OTHER	PAIRED	NextSeq 2000	930	46500	Homo sapiens
ERR14277330	SAMEA117636889	ena-SAMPLE-TAB-28-01-2025-22:30:17:500-24990	TLTX18		OTHER	PAIRED	NextSeq 2000	408	20400	Homo sapiens
ERR14277332	SAMEA117636889	ena-SAMPLE-TAB-28-01-2025-22:30:17:500-24990	TLTX18		OTHER	PAIRED	NextSeq 2000	1058	52900	Homo sapiens
ERR14277336	SAMEA117636889	ena-SAMPLE-TAB-28-01-2025-22:30:17:500-24990	TLTX18		OTHER	PAIRED	NextSeq 2000	562	28100	Homo sapiens
ERR14277349	SAMEA117636889	ena-SAMPLE-TAB-28-01-2025-22:30:17:500-24990	TLTX18		OTHER	PAIRED	NextSeq 2000	800	40000	Homo sapiens
ERR14277353	SAMEA117636889	ena-SAMPLE-TAB-28-01-2025-22:30:17:500-24990	TLTX18		OTHER	PAIRED	NextSeq 2000	860	43000	Homo sapiens
ERR14277360	SAMEA117636889	ena-SAMPLE-TAB-28-01-2025-22:30:17:500-24990	TLTX18		OTHER	PAIRED	NextSeq 2000	458	22900	Homo sapiens
ERR14277364	SAMEA117636889	ena-SAMPLE-TAB-28-01-2025-22:30:17:500-24990	TLTX18		OTHER	PAIRED	NextSeq 2000	810	40500	Homo sapiens
ERR14277367	SAMEA117636889	ena-SAMPLE-TAB-28-01-2025-22:30:17:500-24990	TLTX18		OTHER	PAIRED	NextSeq 2000	654	32700	Homo sapiens
ERR14277373	SAMEA117636889	ena-SAMPLE-TAB-28-01-2025-22:30:17:500-24990	TLTX18		OTHER	PAIRED	NextSeq 2000	628	31400	Homo sapiens
ERR14277376	SAMEA117636889	ena-SAMPLE-TAB-28-01-2025-22:30:17:500-24990	TLTX18		OTHER	PAIRED	NextSeq 2000	1014	50700	Homo sapiens
ERR14277381	SAMEA117636889	ena-SAMPLE-TAB-28-01-2025-22:30:17:500-24990	TLTX18		OTHER	PAIRED	NextSeq 2000	1030	51500	Homo sapiens
ERR14277384	SAMEA117636889	ena-SAMPLE-TAB-28-01-2025-22:30:17:500-24990	TLTX18		OTHER	PAIRED	NextSeq 2000	616	30800	Homo sapiens
ERR14277386	SAMEA117636889	ena-SAMPLE-TAB-28-01-2025-22:30:17:500-24990	TLTX18		OTHER	PAIRED	NextSeq 2000	1741114	87055700	Homo sapiens
ERR14277389	SAMEA117636889	ena-SAMPLE-TAB-28-01-2025-22:30:17:500-24990	TLTX18		OTHER	PAIRED	NextSeq 2000	946	47300	Homo sapiens
ERR14277393	SAMEA117636889	ena-SAMPLE-TAB-28-01-2025-22:30:17:500-24990	TLTX18		OTHER	PAIRED	NextSeq 2000	1399108	69955400	Homo sapiens
ERR14277397	SAMEA117636889	ena-SAMPLE-TAB-28-01-2025-22:30:17:500-24990	TLTX18		OTHER	PAIRED	NextSeq 2000	1657712	82885600	Homo sapiens
ERR14277402	SAMEA117636889	ena-SAMPLE-TAB-28-01-2025-22:30:17:500-24990	TLTX18		OTHER	PAIRED	NextSeq 2000	881848	44092400	Homo sapiens
ERR14277417	SAMEA117636889	ena-SAMPLE-TAB-28-01-2025-22:30:17:500-24990	TLTX18		OTHER	PAIRED	NextSeq 2000	1214	60700	Homo sapiens
ERR14277422	SAMEA117636889	ena-SAMPLE-TAB-28-01-2025-22:30:17:500-24990	TLTX18		OTHER	PAIRED	NextSeq 2000	1940	97000	Homo sapiens
ERR14277431	SAMEA117636889	ena-SAMPLE-TAB-28-01-2025-22:30:17:500-24990	TLTX18		OTHER	PAIRED	NextSeq 2000	1988	99400	Homo sapiens
ERR14277435	SAMEA117636889	ena-SAMPLE-TAB-28-01-2025-22:30:17:500-24990	TLTX18		OTHER	PAIRED	NextSeq 2000	1273208	63660400	Homo sapiens
ERR14277440	SAMEA117636889	ena-SAMPLE-TAB-28-01-2025-22:30:17:500-24990	TLTX18		OTHER	PAIRED	NextSeq 2000	944	47200	Homo sapiens
ERR14277444	SAMEA117636889	ena-SAMPLE-TAB-28-01-2025-22:30:17:500-24990	TLTX18		OTHER	PAIRED	NextSeq 2000	1366	68300	Homo sapiens
ERR14277447	SAMEA117636889	ena-SAMPLE-TAB-28-01-2025-22:30:17:500-24990	TLTX18		OTHER	PAIRED	NextSeq 2000	1618	80900	Homo sapiens
ERR14277458	SAMEA117636889	ena-SAMPLE-TAB-28-01-2025-22:30:17:500-24990	TLTX18		OTHER	PAIRED	NextSeq 2000	954648	47732400	Homo sapiens
ERR14277469	SAMEA117636889	ena-SAMPLE-TAB-28-01-2025-22:30:17:500-24990	TLTX18		OTHER	PAIRED	NextSeq 2000	1464	73200	Homo sapiens
ERR14277474	SAMEA117636889	ena-SAMPLE-TAB-28-01-2025-22:30:17:500-24990	TLTX18		OTHER	PAIRED	NextSeq 2000	1090	54500	Homo sapiens
ERR14277478	SAMEA117636889	ena-SAMPLE-TAB-28-01-2025-22:30:17:500-24990	TLTX18		OTHER	PAIRED	NextSeq 2000	1326	66300	Homo sapiens
ERR14277480	SAMEA117636889	ena-SAMPLE-TAB-28-01-2025-22:30:17:500-24990	TLTX18		OTHER	PAIRED	NextSeq 2000	996	49800	Homo sapiens
ERR14277486	SAMEA117636889	ena-SAMPLE-TAB-28-01-2025-22:30:17:500-24990	TLTX18		OTHER	PAIRED	NextSeq 2000	1320	66000	Homo sapiens
ERR14277508	SAMEA117636889	ena-SAMPLE-TAB-28-01-2025-22:30:17:500-24990	TLTX18		OTHER	PAIRED	NextSeq 2000	1412	70600	Homo sapiens
ERR14277514	SAMEA117636889	ena-SAMPLE-TAB-28-01-2025-22:30:17:500-24990	TLTX18		OTHER	PAIRED	NextSeq 2000	1432	71600	Homo sapiens
ERR14277517	SAMEA117636889	ena-SAMPLE-TAB-28-01-2025-22:30:17:500-24990	TLTX18		OTHER	PAIRED	NextSeq 2000	1152	57600	Homo sapiens
ERR14277519	SAMEA117636889	ena-SAMPLE-TAB-28-01-2025-22:30:17:500-24990	TLTX18		OTHER	PAIRED	NextSeq 2000	1022	51100	Homo sapiens
ERR14277522	SAMEA117636889	ena-SAMPLE-TAB-28-01-2025-22:30:17:500-24990	TLTX18		OTHER	PAIRED	NextSeq 2000	1180	59000	Homo sapiens
ERR14277523	SAMEA117636889	ena-SAMPLE-TAB-28-01-2025-22:30:17:500-24990	TLTX18		OTHER	PAIRED	NextSeq 2000	1296	64800	Homo sapiens
ERR14277542	SAMEA117636889	ena-SAMPLE-TAB-28-01-2025-22:30:17:500-24990	TLTX18		OTHER	PAIRED	NextSeq 2000	32	1600	Homo sapiens
ERR14277545	SAMEA117636889	ena-SAMPLE-TAB-28-01-2025-22:30:17:500-24990	TLTX18		OTHER	PAIRED	NextSeq 2000	32	1600	Homo sapiens
ERR14277548	SAMEA117636889	ena-SAMPLE-TAB-28-01-2025-22:30:17:500-24990	TLTX18		OTHER	PAIRED	NextSeq 2000	46	2300	Homo sapiens
ERR14277550	SAMEA117636889	ena-SAMPLE-TAB-28-01-2025-22:30:17:500-24990	TLTX18		OTHER	PAIRED	NextSeq 2000	40	2000	Homo sapiens
ERR14277553	SAMEA117636889	ena-SAMPLE-TAB-28-01-2025-22:30:17:500-24990	TLTX18		OTHER	PAIRED	NextSeq 2000	53488	2674400	Homo sapiens
ERR14277559	SAMEA117636889	ena-SAMPLE-TAB-28-01-2025-22:30:17:500-24990	TLTX18		OTHER	PAIRED	NextSeq 2000	18	900	Homo sapiens
ERR14277561	SAMEA117636889	ena-SAMPLE-TAB-28-01-2025-22:30:17:500-24990	TLTX18		OTHER	PAIRED	NextSeq 2000	63738	3186900	Homo sapiens
ERR14277579	SAMEA117636889	ena-SAMPLE-TAB-28-01-2025-22:30:17:500-24990	TLTX18		OTHER	PAIRED	NextSeq 2000	46	2300	Homo sapiens
ERR14277585	SAMEA117636889	ena-SAMPLE-TAB-28-01-2025-22:30:17:500-24990	TLTX18		OTHER	PAIRED	NextSeq 2000	26	1300	Homo sapiens
ERR14277590	SAMEA117636889	ena-SAMPLE-TAB-28-01-2025-22:30:17:500-24990	TLTX18		OTHER	PAIRED	NextSeq 2000	26	1300	Homo sapiens
ERR14277596	SAMEA117636889	ena-SAMPLE-TAB-28-01-2025-22:30:17:500-24990	TLTX18		OTHER	PAIRED	NextSeq 2000	32	1600	Homo sapiens
ERR14277608	SAMEA117636889	ena-SAMPLE-TAB-28-01-2025-22:30:17:500-24990	TLTX18		OTHER	PAIRED	NextSeq 2000	1436728	71836400	Homo sapiens
ERR14277614	SAMEA117636889	ena-SAMPLE-TAB-28-01-2025-22:30:17:500-24990	TLTX18		OTHER	PAIRED	NextSeq 2000	1320	66000	Homo sapiens
ERR14277617	SAMEA117636889	ena-SAMPLE-TAB-28-01-2025-22:30:17:500-24990	TLTX18		OTHER	PAIRED	NextSeq 2000	1040	52000	Homo sapiens
ERR14277628	SAMEA117636889	ena-SAMPLE-TAB-28-01-2025-22:30:17:500-24990	TLTX18		OTHER	PAIRED	NextSeq 2000	898	44900	Homo sapiens
ERR14277629	SAMEA117636889	ena-SAMPLE-TAB-28-01-2025-22:30:17:500-24990	TLTX18		OTHER	PAIRED	NextSeq 2000	952	47600	Homo sapiens
ERR14277632	SAMEA117636889	ena-SAMPLE-TAB-28-01-2025-22:30:17:500-24990	TLTX18		OTHER	PAIRED	NextSeq 2000	1068	53400	Homo sapiens
ERR14277642	SAMEA117636889	ena-SAMPLE-TAB-28-01-2025-22:30:17:500-24990	TLTX18		OTHER	PAIRED	NextSeq 2000	1226	61300	Homo sapiens
ERR14277652	SAMEA117636889	ena-SAMPLE-TAB-28-01-2025-22:30:17:500-24990	TLTX18		OTHER	PAIRED	NextSeq 2000	962	48100	Homo sapiens
ERR14277657	SAMEA117636889	ena-SAMPLE-TAB-28-01-2025-22:30:17:500-24990	TLTX18		OTHER	PAIRED	NextSeq 2000	928	46400	Homo sapiens
ERR14277675	SAMEA117636889	ena-SAMPLE-TAB-28-01-2025-22:30:17:500-24990	TLTX18		OTHER	PAIRED	NextSeq 2000	1536632	76831600	Homo sapiens
ERR14277677	SAMEA117636889	ena-SAMPLE-TAB-28-01-2025-22:30:17:500-24990	TLTX18		OTHER	PAIRED	NextSeq 2000	1322	66100	Homo sapiens
ERR14277686	SAMEA117636889	ena-SAMPLE-TAB-28-01-2025-22:30:17:500-24990	TLTX18		OTHER	PAIRED	NextSeq 2000	1133054	56652700	Homo sapiens
ERR14277691	SAMEA117636889	ena-SAMPLE-TAB-28-01-2025-22:30:17:500-24990	TLTX18		OTHER	PAIRED	NextSeq 2000	1015912	50795600	Homo sapiens
ERR14277700	SAMEA117636889	ena-SAMPLE-TAB-28-01-2025-22:30:17:500-24990	TLTX18		OTHER	PAIRED	NextSeq 2000	808	40400	Homo sapiens
ERR14277709	SAMEA117636889	ena-SAMPLE-TAB-28-01-2025-22:30:17:500-24990	TLTX18		OTHER	PAIRED	NextSeq 2000	994644	49732200	Homo sapiens
ERR14277711	SAMEA117636889	ena-SAMPLE-TAB-28-01-2025-22:30:17:500-24990	TLTX18		OTHER	PAIRED	NextSeq 2000	1474	73700	Homo sapiens
ERR14277714	SAMEA117636889	ena-SAMPLE-TAB-28-01-2025-22:30:17:500-24990	TLTX18		OTHER	PAIRED	NextSeq 2000	1234934	61746700	Homo sapiens
ERR14277720	SAMEA117636889	ena-SAMPLE-TAB-28-01-2025-22:30:17:500-24990	TLTX18		OTHER	PAIRED	NextSeq 2000	504	25200	Homo sapiens
ERR14277724	SAMEA117636889	ena-SAMPLE-TAB-28-01-2025-22:30:17:500-24990	TLTX18		OTHER	PAIRED	NextSeq 2000	844	42200	Homo sapiens
ERR14277728	SAMEA117636889	ena-SAMPLE-TAB-28-01-2025-22:30:17:500-24990	TLTX18		OTHER	PAIRED	NextSeq 2000	406	20300	Homo sapiens
ERR14277736	SAMEA117636889	ena-SAMPLE-TAB-28-01-2025-22:30:17:500-24990	TLTX18		OTHER	PAIRED	NextSeq 2000	1018856	50942800	Homo sapiens
ERR14277738	SAMEA117636889	ena-SAMPLE-TAB-28-01-2025-22:30:17:500-24990	TLTX18		OTHER	PAIRED	NextSeq 2000	830	41500	Homo sapiens
ERR14277740	SAMEA117636889	ena-SAMPLE-TAB-28-01-2025-22:30:17:500-24990	TLTX18		OTHER	PAIRED	NextSeq 2000	768	38400	Homo sapiens
ERR14277754	SAMEA117636889	ena-SAMPLE-TAB-28-01-2025-22:30:17:500-24990	TLTX18		OTHER	PAIRED	NextSeq 2000	2331920	116596000	Homo sapiens
ERR14277755	SAMEA117636889	ena-SAMPLE-TAB-28-01-2025-22:30:17:500-24990	TLTX18		OTHER	PAIRED	NextSeq 2000	1278	63900	Homo sapiens
ERR14277759	SAMEA117636889	ena-SAMPLE-TAB-28-01-2025-22:30:17:500-24990	TLTX18		OTHER	PAIRED	NextSeq 2000	778	38900	Homo sapiens
ERR14277760	SAMEA117636889	ena-SAMPLE-TAB-28-01-2025-22:30:17:500-24990	TLTX18		OTHER	PAIRED	NextSeq 2000	690606	34530300	Homo sapiens
ERR14277762	SAMEA117636889	ena-SAMPLE-TAB-28-01-2025-22:30:17:500-24990	TLTX18		OTHER	PAIRED	NextSeq 2000	948	47400	Homo sapiens
ERR14277763	SAMEA117636889	ena-SAMPLE-TAB-28-01-2025-22:30:17:500-24990	TLTX18		OTHER	PAIRED	NextSeq 2000	1456	72800	Homo sapiens
ERR14277767	SAMEA117636889	ena-SAMPLE-TAB-28-01-2025-22:30:17:500-24990	TLTX18		OTHER	PAIRED	NextSeq 2000	1336	66800	Homo sapiens
ERR14277774	SAMEA117636889	ena-SAMPLE-TAB-28-01-2025-22:30:17:500-24990	TLTX18		OTHER	PAIRED	NextSeq 2000	902	45100	Homo sapiens
ERR14277794	SAMEA117636889	ena-SAMPLE-TAB-28-01-2025-22:30:17:500-24990	TLTX18		OTHER	PAIRED	NextSeq 2000	250	12500	Homo sapiens
ERR14277795	SAMEA117636889	ena-SAMPLE-TAB-28-01-2025-22:30:17:500-24990	TLTX18		OTHER	PAIRED	NextSeq 2000	2188	109400	Homo sapiens
ERR14277797	SAMEA117636889	ena-SAMPLE-TAB-28-01-2025-22:30:17:500-24990	TLTX18		OTHER	PAIRED	NextSeq 2000	1104	55200	Homo sapiens
ERR14277813	SAMEA117636889	ena-SAMPLE-TAB-28-01-2025-22:30:17:500-24990	TLTX18		OTHER	PAIRED	NextSeq 2000	32336	1616800	Homo sapiens
ERR14277815	SAMEA117636889	ena-SAMPLE-TAB-28-01-2025-22:30:17:500-24990	TLTX18		OTHER	PAIRED	NextSeq 2000	578	28900	Homo sapiens
ERR14277817	SAMEA117636889	ena-SAMPLE-TAB-28-01-2025-22:30:17:500-24990	TLTX18		OTHER	PAIRED	NextSeq 2000	2191430	109571500	Homo sapiens
ERR14277818	SAMEA117636889	ena-SAMPLE-TAB-28-01-2025-22:30:17:500-24990	TLTX18		OTHER	PAIRED	NextSeq 2000	798	39900	Homo sapiens
ERR14277821	SAMEA117636889	ena-SAMPLE-TAB-28-01-2025-22:30:17:500-24990	TLTX18		OTHER	PAIRED	NextSeq 2000	1544	77200	Homo sapiens
ERR14277824	SAMEA117636889	ena-SAMPLE-TAB-28-01-2025-22:30:17:500-24990	TLTX18		OTHER	PAIRED	NextSeq 2000	1220	61000	Homo sapiens
ERR14277826	SAMEA117636889	ena-SAMPLE-TAB-28-01-2025-22:30:17:500-24990	TLTX18		OTHER	PAIRED	NextSeq 2000	2200	110000	Homo sapiens
ERR14277827	SAMEA117636889	ena-SAMPLE-TAB-28-01-2025-22:30:17:500-24990	TLTX18		OTHER	PAIRED	NextSeq 2000	1690	84500	Homo sapiens
ERR14277829	SAMEA117636889	ena-SAMPLE-TAB-28-01-2025-22:30:17:500-24990	TLTX18		OTHER	PAIRED	NextSeq 2000	1478	73900	Homo sapiens
ERR14277832	SAMEA117636889	ena-SAMPLE-TAB-28-01-2025-22:30:17:500-24990	TLTX18		OTHER	PAIRED	NextSeq 2000	486	24300	Homo sapiens
ERR14277846	SAMEA117636889	ena-SAMPLE-TAB-28-01-2025-22:30:17:500-24990	TLTX18		OTHER	PAIRED	NextSeq 2000	1524	76200	Homo sapiens
ERR14277856	SAMEA117636889	ena-SAMPLE-TAB-28-01-2025-22:30:17:500-24990	TLTX18		OTHER	PAIRED	NextSeq 2000	1098	54900	Homo sapiens
ERR14277859	SAMEA117636889	ena-SAMPLE-TAB-28-01-2025-22:30:17:500-24990	TLTX18		OTHER	PAIRED	NextSeq 2000	1092	54600	Homo sapiens
ERR14277862	SAMEA117636889	ena-SAMPLE-TAB-28-01-2025-22:30:17:500-24990	TLTX18		OTHER	PAIRED	NextSeq 2000	1156	57800	Homo sapiens
ERR14277864	SAMEA117636889	ena-SAMPLE-TAB-28-01-2025-22:30:17:500-24990	TLTX18		OTHER	PAIRED	NextSeq 2000	888	44400	Homo sapiens
ERR14277867	SAMEA117636889	ena-SAMPLE-TAB-28-01-2025-22:30:17:500-24990	TLTX18		OTHER	PAIRED	NextSeq 2000	2356	117800	Homo sapiens
ERR14277873	SAMEA117636889	ena-SAMPLE-TAB-28-01-2025-22:30:17:500-24990	TLTX18		OTHER	PAIRED	NextSeq 2000	1458	72900	Homo sapiens
ERR14277879	SAMEA117636889	ena-SAMPLE-TAB-28-01-2025-22:30:17:500-24990	TLTX18		OTHER	PAIRED	NextSeq 2000	1688962	84448100	Homo sapiens
ERR14277886	SAMEA117636889	ena-SAMPLE-TAB-28-01-2025-22:30:17:500-24990	TLTX18		OTHER	PAIRED	NextSeq 2000	1500	75000	Homo sapiens
ERR14277897	SAMEA117636889	ena-SAMPLE-TAB-28-01-2025-22:30:17:500-24990	TLTX18		OTHER	PAIRED	NextSeq 2000	1428	71400	Homo sapiens
ERR14277901	SAMEA117636889	ena-SAMPLE-TAB-28-01-2025-22:30:17:500-24990	TLTX18		OTHER	PAIRED	NextSeq 2000	1244	62200	Homo sapiens
ERR14277904	SAMEA117636889	ena-SAMPLE-TAB-28-01-2025-22:30:17:500-24990	TLTX18		OTHER	PAIRED	NextSeq 2000	358	17900	Homo sapiens
ERR14277918	SAMEA117636889	ena-SAMPLE-TAB-28-01-2025-22:30:17:500-24990	TLTX18		OTHER	PAIRED	NextSeq 2000	1294	64700	Homo sapiens
ERR14277922	SAMEA117636889	ena-SAMPLE-TAB-28-01-2025-22:30:17:500-24990	TLTX18		OTHER	PAIRED	NextSeq 2000	1756316	87815800	Homo sapiens
ERR14277927	SAMEA117636889	ena-SAMPLE-TAB-28-01-2025-22:30:17:500-24990	TLTX18		OTHER	PAIRED	NextSeq 2000	2126	106300	Homo sapiens
ERR14277929	SAMEA117636889	ena-SAMPLE-TAB-28-01-2025-22:30:17:500-24990	TLTX18		OTHER	PAIRED	NextSeq 2000	1246	62300	Homo sapiens
ERR14277935	SAMEA117636889	ena-SAMPLE-TAB-28-01-2025-22:30:17:500-24990	TLTX18		OTHER	PAIRED	NextSeq 2000	1216	60800	Homo sapiens
ERR14277938	SAMEA117636889	ena-SAMPLE-TAB-28-01-2025-22:30:17:500-24990	TLTX18		OTHER	PAIRED	NextSeq 2000	240	12000	Homo sapiens
ERR14277940	SAMEA117636889	ena-SAMPLE-TAB-28-01-2025-22:30:17:500-24990	TLTX18		OTHER	PAIRED	NextSeq 2000	1312	65600	Homo sapiens
ERR14277955	SAMEA117636889	ena-SAMPLE-TAB-28-01-2025-22:30:17:500-24990	TLTX18		OTHER	PAIRED	NextSeq 2000	1207834	60391700	Homo sapiens
ERR14277956	SAMEA117636889	ena-SAMPLE-TAB-28-01-2025-22:30:17:500-24990	TLTX18		OTHER	PAIRED	NextSeq 2000	1778708	88935400	Homo sapiens
ERR14277957	SAMEA117636889	ena-SAMPLE-TAB-28-01-2025-22:30:17:500-24990	TLTX18		OTHER	PAIRED	NextSeq 2000	1576	78800	Homo sapiens
ERR14277968	SAMEA117636889	ena-SAMPLE-TAB-28-01-2025-22:30:17:500-24990	TLTX18		OTHER	PAIRED	NextSeq 2000	986	49300	Homo sapiens
ERR14277975	SAMEA117636889	ena-SAMPLE-TAB-28-01-2025-22:30:17:500-24990	TLTX18		OTHER	PAIRED	NextSeq 2000	938	46900	Homo sapiens
ERR14277995	SAMEA117636889	ena-SAMPLE-TAB-28-01-2025-22:30:17:500-24990	TLTX18		OTHER	PAIRED	NextSeq 2000	1040	52000	Homo sapiens
ERR14278012	SAMEA117636889	ena-SAMPLE-TAB-28-01-2025-22:30:17:500-24990	TLTX18		OTHER	PAIRED	NextSeq 2000	1342	67100	Homo sapiens
ERR14278013	SAMEA117636889	ena-SAMPLE-TAB-28-01-2025-22:30:17:500-24990	TLTX18		OTHER	PAIRED	NextSeq 2000	1702	85100	Homo sapiens
ERR14278017	SAMEA117636889	ena-SAMPLE-TAB-28-01-2025-22:30:17:500-24990	TLTX18		OTHER	PAIRED	NextSeq 2000	1232	61600	Homo sapiens
ERR14278020	SAMEA117636889	ena-SAMPLE-TAB-28-01-2025-22:30:17:500-24990	TLTX18		OTHER	PAIRED	NextSeq 2000	864	43200	Homo sapiens
ERR14278022	SAMEA117636889	ena-SAMPLE-TAB-28-01-2025-22:30:17:500-24990	TLTX18		OTHER	PAIRED	NextSeq 2000	1669398	83469900	Homo sapiens
ERR14278024	SAMEA117636889	ena-SAMPLE-TAB-28-01-2025-22:30:17:500-24990	TLTX18		OTHER	PAIRED	NextSeq 2000	1574	78700	Homo sapiens
ERR14278029	SAMEA117636889	ena-SAMPLE-TAB-28-01-2025-22:30:17:500-24990	TLTX18		OTHER	PAIRED	NextSeq 2000	1664	83200	Homo sapiens
ERR14278031	SAMEA117636889	ena-SAMPLE-TAB-28-01-2025-22:30:17:500-24990	TLTX18		OTHER	PAIRED	NextSeq 2000	662	33100	Homo sapiens
ERR14278032	SAMEA117636889	ena-SAMPLE-TAB-28-01-2025-22:30:17:500-24990	TLTX18		OTHER	PAIRED	NextSeq 2000	1205746	60287300	Homo sapiens
ERR14278034	SAMEA117636889	ena-SAMPLE-TAB-28-01-2025-22:30:17:500-24990	TLTX18		OTHER	PAIRED	NextSeq 2000	858	42900	Homo sapiens
ERR14278042	SAMEA117636889	ena-SAMPLE-TAB-28-01-2025-22:30:17:500-24990	TLTX18		OTHER	PAIRED	NextSeq 2000	2370	118500	Homo sapiens
ERR14278047	SAMEA117636889	ena-SAMPLE-TAB-28-01-2025-22:30:17:500-24990	TLTX18		OTHER	PAIRED	NextSeq 2000	1126	56300	Homo sapiens
ERR14278049	SAMEA117636889	ena-SAMPLE-TAB-28-01-2025-22:30:17:500-24990	TLTX18		OTHER	PAIRED	NextSeq 2000	1552	77600	Homo sapiens
ERR14278061	SAMEA117636889	ena-SAMPLE-TAB-28-01-2025-22:30:17:500-24990	TLTX18		OTHER	PAIRED	NextSeq 2000	1544	77200	Homo sapiens
ERR14278065	SAMEA117636889	ena-SAMPLE-TAB-28-01-2025-22:30:17:500-24990	TLTX18		OTHER	PAIRED	NextSeq 2000	928	46400	Homo sapiens
ERR14278068	SAMEA117636889	ena-SAMPLE-TAB-28-01-2025-22:30:17:500-24990	TLTX18		OTHER	PAIRED	NextSeq 2000	1408	70400	Homo sapiens
ERR14278072	SAMEA117636889	ena-SAMPLE-TAB-28-01-2025-22:30:17:500-24990	TLTX18		OTHER	PAIRED	NextSeq 2000	1284	64200	Homo sapiens
ERR14278073	SAMEA117636889	ena-SAMPLE-TAB-28-01-2025-22:30:17:500-24990	TLTX18		OTHER	PAIRED	NextSeq 2000	1726	86300	Homo sapiens
ERR14278085	SAMEA117636889	ena-SAMPLE-TAB-28-01-2025-22:30:17:500-24990	TLTX18		OTHER	PAIRED	NextSeq 2000	1948	97400	Homo sapiens
ERR14278098	SAMEA117636889	ena-SAMPLE-TAB-28-01-2025-22:30:17:500-24990	TLTX18		OTHER	PAIRED	NextSeq 2000	1378	68900	Homo sapiens
ERR14278101	SAMEA117636889	ena-SAMPLE-TAB-28-01-2025-22:30:17:500-24990	TLTX18		OTHER	PAIRED	NextSeq 2000	2052234	102611700	Homo sapiens
ERR14278102	SAMEA117636889	ena-SAMPLE-TAB-28-01-2025-22:30:17:500-24990	TLTX18		OTHER	PAIRED	NextSeq 2000	1518	75900	Homo sapiens
ERR14278119	SAMEA117636889	ena-SAMPLE-TAB-28-01-2025-22:30:17:500-24990	TLTX18		OTHER	PAIRED	NextSeq 2000	1192	59600	Homo sapiens
ERR14278120	SAMEA117636889	ena-SAMPLE-TAB-28-01-2025-22:30:17:500-24990	TLTX18		OTHER	PAIRED	NextSeq 2000	540	27000	Homo sapiens
ERR14278130	SAMEA117636889	ena-SAMPLE-TAB-28-01-2025-22:30:17:500-24990	TLTX18		OTHER	PAIRED	NextSeq 2000	1828856	91442800	Homo sapiens
ERR14278141	SAMEA117636889	ena-SAMPLE-TAB-28-01-2025-22:30:17:500-24990	TLTX18		OTHER	PAIRED	NextSeq 2000	1936136	96806800	Homo sapiens
ERR14278146	SAMEA117636889	ena-SAMPLE-TAB-28-01-2025-22:30:17:500-24990	TLTX18		OTHER	PAIRED	NextSeq 2000	2134	106700	Homo sapiens
ERR14278149	SAMEA117636889	ena-SAMPLE-TAB-28-01-2025-22:30:17:500-24990	TLTX18		OTHER	PAIRED	NextSeq 2000	1498	74900	Homo sapiens
ERR14278154	SAMEA117636889	ena-SAMPLE-TAB-28-01-2025-22:30:17:500-24990	TLTX18		OTHER	PAIRED	NextSeq 2000	1299286	64964300	Homo sapiens
ERR14278155	SAMEA117636889	ena-SAMPLE-TAB-28-01-2025-22:30:17:500-24990	TLTX18		OTHER	PAIRED	NextSeq 2000	2244104	112205200	Homo sapiens
ERR14278156	SAMEA117636889	ena-SAMPLE-TAB-28-01-2025-22:30:17:500-24990	TLTX18		OTHER	PAIRED	NextSeq 2000	1708	85400	Homo sapiens
ERR14278162	SAMEA117636889	ena-SAMPLE-TAB-28-01-2025-22:30:17:500-24990	TLTX18		OTHER	PAIRED	NextSeq 2000	1500	75000	Homo sapiens
ERR14278170	SAMEA117636889	ena-SAMPLE-TAB-28-01-2025-22:30:17:500-24990	TLTX18		OTHER	PAIRED	NextSeq 2000	1370	68500	Homo sapiens
ERR14278173	SAMEA117636889	ena-SAMPLE-TAB-28-01-2025-22:30:17:500-24990	TLTX18		OTHER	PAIRED	NextSeq 2000	2016	100800	Homo sapiens
ERR14278174	SAMEA117636889	ena-SAMPLE-TAB-28-01-2025-22:30:17:500-24990	TLTX18		OTHER	PAIRED	NextSeq 2000	1394	69700	Homo sapiens
ERR14278179	SAMEA117636889	ena-SAMPLE-TAB-28-01-2025-22:30:17:500-24990	TLTX18		OTHER	PAIRED	NextSeq 2000	1546	77300	Homo sapiens
ERR14278182	SAMEA117636889	ena-SAMPLE-TAB-28-01-2025-22:30:17:500-24990	TLTX18		OTHER	PAIRED	NextSeq 2000	1682	84100	Homo sapiens
ERR14278184	SAMEA117636889	ena-SAMPLE-TAB-28-01-2025-22:30:17:500-24990	TLTX18		OTHER	PAIRED	NextSeq 2000	1044	52200	Homo sapiens
ERR14278191	SAMEA117636889	ena-SAMPLE-TAB-28-01-2025-22:30:17:500-24990	TLTX18		OTHER	PAIRED	NextSeq 2000	1092	54600	Homo sapiens
ERR14278192	SAMEA117636889	ena-SAMPLE-TAB-28-01-2025-22:30:17:500-24990	TLTX18		OTHER	PAIRED	NextSeq 2000	444	22200	Homo sapiens
ERR14278196	SAMEA117636889	ena-SAMPLE-TAB-28-01-2025-22:30:17:500-24990	TLTX18		OTHER	PAIRED	NextSeq 2000	1787294	89364700	Homo sapiens
ERR14278209	SAMEA117636889	ena-SAMPLE-TAB-28-01-2025-22:30:17:500-24990	TLTX18		OTHER	PAIRED	NextSeq 2000	1873454	93672700	Homo sapiens
ERR14278216	SAMEA117636889	ena-SAMPLE-TAB-28-01-2025-22:30:17:500-24990	TLTX18		OTHER	PAIRED	NextSeq 2000	1940	97000	Homo sapiens
ERR14278220	SAMEA117636889	ena-SAMPLE-TAB-28-01-2025-22:30:17:500-24990	TLTX18		OTHER	PAIRED	NextSeq 2000	1574	78700	Homo sapiens
ERR14278223	SAMEA117636889	ena-SAMPLE-TAB-28-01-2025-22:30:17:500-24990	TLTX18		OTHER	PAIRED	NextSeq 2000	1536	76800	Homo sapiens
ERR14278230	SAMEA117636889	ena-SAMPLE-TAB-28-01-2025-22:30:17:500-24990	TLTX18		OTHER	PAIRED	NextSeq 2000	1440	72000	Homo sapiens
ERR14278233	SAMEA117636889	ena-SAMPLE-TAB-28-01-2025-22:30:17:500-24990	TLTX18		OTHER	PAIRED	NextSeq 2000	1324	66200	Homo sapiens
ERR14278237	SAMEA117636889	ena-SAMPLE-TAB-28-01-2025-22:30:17:500-24990	TLTX18		OTHER	PAIRED	NextSeq 2000	1266	63300	Homo sapiens
ERR14278249	SAMEA117636889	ena-SAMPLE-TAB-28-01-2025-22:30:17:500-24990	TLTX18		OTHER	PAIRED	NextSeq 2000	1772	88600	Homo sapiens
ERR14278251	SAMEA117636889	ena-SAMPLE-TAB-28-01-2025-22:30:17:500-24990	TLTX18		OTHER	PAIRED	NextSeq 2000	1294	64700	Homo sapiens
ERR14278252	SAMEA117636889	ena-SAMPLE-TAB-28-01-2025-22:30:17:500-24990	TLTX18		OTHER	PAIRED	NextSeq 2000	1464260	73213000	Homo sapiens
ERR14278254	SAMEA117636889	ena-SAMPLE-TAB-28-01-2025-22:30:17:500-24990	TLTX18		OTHER	PAIRED	NextSeq 2000	1466	73300	Homo sapiens
ERR14278255	SAMEA117636889	ena-SAMPLE-TAB-28-01-2025-22:30:17:500-24990	TLTX18		OTHER	PAIRED	NextSeq 2000	1168	58400	Homo sapiens
ERR14278265	SAMEA117636889	ena-SAMPLE-TAB-28-01-2025-22:30:17:500-24990	TLTX18		OTHER	PAIRED	NextSeq 2000	1042	52100	Homo sapiens
ERR14278268	SAMEA117636889	ena-SAMPLE-TAB-28-01-2025-22:30:17:500-24990	TLTX18		OTHER	PAIRED	NextSeq 2000	1228	61400	Homo sapiens
ERR14278278	SAMEA117636889	ena-SAMPLE-TAB-28-01-2025-22:30:17:500-24990	TLTX18		OTHER	PAIRED	NextSeq 2000	1004	50200	Homo sapiens
ERR14278285	SAMEA117636889	ena-SAMPLE-TAB-28-01-2025-22:30:17:500-24990	TLTX18		OTHER	PAIRED	NextSeq 2000	1132	56600	Homo sapiens
ERR14278307	SAMEA117636889	ena-SAMPLE-TAB-28-01-2025-22:30:17:500-24990	TLTX18		OTHER	PAIRED	NextSeq 2000	872	43600	Homo sapiens
ERR14278312	SAMEA117636889	ena-SAMPLE-TAB-28-01-2025-22:30:17:500-24990	TLTX18		OTHER	PAIRED	NextSeq 2000	1274	63700	Homo sapiens
ERR14278313	SAMEA117636889	ena-SAMPLE-TAB-28-01-2025-22:30:17:500-24990	TLTX18		OTHER	PAIRED	NextSeq 2000	796	39800	Homo sapiens
ERR14278315	SAMEA117636889	ena-SAMPLE-TAB-28-01-2025-22:30:17:500-24990	TLTX18		OTHER	PAIRED	NextSeq 2000	1078	53900	Homo sapiens
ERR14278323	SAMEA117636889	ena-SAMPLE-TAB-28-01-2025-22:30:17:500-24990	TLTX18		OTHER	PAIRED	NextSeq 2000	1002	50100	Homo sapiens
ERR14278335	SAMEA117636889	ena-SAMPLE-TAB-28-01-2025-22:30:17:500-24990	TLTX18		OTHER	PAIRED	NextSeq 2000	1676526	83826300	Homo sapiens
ERR14278336	SAMEA117636889	ena-SAMPLE-TAB-28-01-2025-22:30:17:500-24990	TLTX18		OTHER	PAIRED	NextSeq 2000	466	23300	Homo sapiens
ERR14278339	SAMEA117636889	ena-SAMPLE-TAB-28-01-2025-22:30:17:500-24990	TLTX18		OTHER	PAIRED	NextSeq 2000	2214	110700	Homo sapiens
ERR14278340	SAMEA117636889	ena-SAMPLE-TAB-28-01-2025-22:30:17:500-24990	TLTX18		OTHER	PAIRED	NextSeq 2000	1652	82600	Homo sapiens
ERR14278342	SAMEA117636889	ena-SAMPLE-TAB-28-01-2025-22:30:17:500-24990	TLTX18		OTHER	PAIRED	NextSeq 2000	1328	66400	Homo sapiens
ERR14278343	SAMEA117636889	ena-SAMPLE-TAB-28-01-2025-22:30:17:500-24990	TLTX18		OTHER	PAIRED	NextSeq 2000	2153186	107659300	Homo sapiens
ERR14278346	SAMEA117636889	ena-SAMPLE-TAB-28-01-2025-22:30:17:500-24990	TLTX18		OTHER	PAIRED	NextSeq 2000	1384	69200	Homo sapiens
ERR14278350	SAMEA117636889	ena-SAMPLE-TAB-28-01-2025-22:30:17:500-24990	TLTX18		OTHER	PAIRED	NextSeq 2000	1496	74800	Homo sapiens
ERR14278352	SAMEA117636889	ena-SAMPLE-TAB-28-01-2025-22:30:17:500-24990	TLTX18		OTHER	PAIRED	NextSeq 2000	1918174	95908700	Homo sapiens
ERR14278354	SAMEA117636889	ena-SAMPLE-TAB-28-01-2025-22:30:17:500-24990	TLTX18		OTHER	PAIRED	NextSeq 2000	1708	85400	Homo sapiens
ERR14278368	SAMEA117636889	ena-SAMPLE-TAB-28-01-2025-22:30:17:500-24990	TLTX18		OTHER	PAIRED	NextSeq 2000	822	41100	Homo sapiens
ERR14278372	SAMEA117636889	ena-SAMPLE-TAB-28-01-2025-22:30:17:500-24990	TLTX18		OTHER	PAIRED	NextSeq 2000	1737588	86879400	Homo sapiens
ERR14278373	SAMEA117636889	ena-SAMPLE-TAB-28-01-2025-22:30:17:500-24990	TLTX18		OTHER	PAIRED	NextSeq 2000	1672	83600	Homo sapiens
ERR14278375	SAMEA117636889	ena-SAMPLE-TAB-28-01-2025-22:30:17:500-24990	TLTX18		OTHER	PAIRED	NextSeq 2000	1012	50600	Homo sapiens
ERR14278378	SAMEA117636889	ena-SAMPLE-TAB-28-01-2025-22:30:17:500-24990	TLTX18		OTHER	PAIRED	NextSeq 2000	1422	71100	Homo sapiens
ERR14278381	SAMEA117636889	ena-SAMPLE-TAB-28-01-2025-22:30:17:500-24990	TLTX18		OTHER	PAIRED	NextSeq 2000	1130	56500	Homo sapiens
ERR14278382	SAMEA117636889	ena-SAMPLE-TAB-28-01-2025-22:30:17:500-24990	TLTX18		OTHER	PAIRED	NextSeq 2000	1104	55200	Homo sapiens
ERR14278387	SAMEA117636889	ena-SAMPLE-TAB-28-01-2025-22:30:17:500-24990	TLTX18		OTHER	PAIRED	NextSeq 2000	1464726	73236300	Homo sapiens
ERR14278388	SAMEA117636889	ena-SAMPLE-TAB-28-01-2025-22:30:17:500-24990	TLTX18		OTHER	PAIRED	NextSeq 2000	1350	67500	Homo sapiens
ERR14278394	SAMEA117636889	ena-SAMPLE-TAB-28-01-2025-22:30:17:500-24990	TLTX18		OTHER	PAIRED	NextSeq 2000	1066	53300	Homo sapiens
ERR14278398	SAMEA117636889	ena-SAMPLE-TAB-28-01-2025-22:30:17:500-24990	TLTX18		OTHER	PAIRED	NextSeq 2000	1370	68500	Homo sapiens
ERR14278415	SAMEA117636889	ena-SAMPLE-TAB-28-01-2025-22:30:17:500-24990	TLTX18		OTHER	PAIRED	NextSeq 2000	1450946	72547300	Homo sapiens
ERR14278424	SAMEA117636889	ena-SAMPLE-TAB-28-01-2025-22:30:17:500-24990	TLTX18		OTHER	PAIRED	NextSeq 2000	904	45200	Homo sapiens
ERR14278426	SAMEA117636889	ena-SAMPLE-TAB-28-01-2025-22:30:17:500-24990	TLTX18		OTHER	PAIRED	NextSeq 2000	1313292	65664600	Homo sapiens
ERR14278435	SAMEA117636889	ena-SAMPLE-TAB-28-01-2025-22:30:17:500-24990	TLTX18		OTHER	PAIRED	NextSeq 2000	712	35600	Homo sapiens
ERR14278442	SAMEA117636889	ena-SAMPLE-TAB-28-01-2025-22:30:17:500-24990	TLTX18		OTHER	PAIRED	NextSeq 2000	202	10100	Homo sapiens
ERR14278447	SAMEA117636889	ena-SAMPLE-TAB-28-01-2025-22:30:17:500-24990	TLTX18		OTHER	PAIRED	NextSeq 2000	468	23400	Homo sapiens
ERR14278449	SAMEA117636889	ena-SAMPLE-TAB-28-01-2025-22:30:17:500-24990	TLTX18		OTHER	PAIRED	NextSeq 2000	648	32400	Homo sapiens
ERR14278450	SAMEA117636889	ena-SAMPLE-TAB-28-01-2025-22:30:17:500-24990	TLTX18		OTHER	PAIRED	NextSeq 2000	686	34300	Homo sapiens
ERR14278453	SAMEA117636889	ena-SAMPLE-TAB-28-01-2025-22:30:17:500-24990	TLTX18		OTHER	PAIRED	NextSeq 2000	806	40300	Homo sapiens
ERR14278460	SAMEA117636889	ena-SAMPLE-TAB-28-01-2025-22:30:17:500-24990	TLTX18		OTHER	PAIRED	NextSeq 2000	315238	15761900	Homo sapiens
ERR14278464	SAMEA117636889	ena-SAMPLE-TAB-28-01-2025-22:30:17:500-24990	TLTX18		OTHER	PAIRED	NextSeq 2000	896	44800	Homo sapiens
ERR14278465	SAMEA117636889	ena-SAMPLE-TAB-28-01-2025-22:30:17:500-24990	TLTX18		OTHER	PAIRED	NextSeq 2000	702	35100	Homo sapiens
ERR14278468	SAMEA117636889	ena-SAMPLE-TAB-28-01-2025-22:30:17:500-24990	TLTX18		OTHER	PAIRED	NextSeq 2000	884	44200	Homo sapiens
ERR14278471	SAMEA117636889	ena-SAMPLE-TAB-28-01-2025-22:30:17:500-24990	TLTX18		OTHER	PAIRED	NextSeq 2000	628	31400	Homo sapiens
ERR14278474	SAMEA117636889	ena-SAMPLE-TAB-28-01-2025-22:30:17:500-24990	TLTX18		OTHER	PAIRED	NextSeq 2000	890	44500	Homo sapiens
ERR14278475	SAMEA117636889	ena-SAMPLE-TAB-28-01-2025-22:30:17:500-24990	TLTX18		OTHER	PAIRED	NextSeq 2000	1675220	83761000	Homo sapiens
ERR14278481	SAMEA117636889	ena-SAMPLE-TAB-28-01-2025-22:30:17:500-24990	TLTX18		OTHER	PAIRED	NextSeq 2000	914	45700	Homo sapiens
ERR14278484	SAMEA117636889	ena-SAMPLE-TAB-28-01-2025-22:30:17:500-24990	TLTX18		OTHER	PAIRED	NextSeq 2000	776	38800	Homo sapiens
ERR14278487	SAMEA117636889	ena-SAMPLE-TAB-28-01-2025-22:30:17:500-24990	TLTX18		OTHER	PAIRED	NextSeq 2000	908	45400	Homo sapiens
ERR14278491	SAMEA117636889	ena-SAMPLE-TAB-28-01-2025-22:30:17:500-24990	TLTX18		OTHER	PAIRED	NextSeq 2000	678910	33945500	Homo sapiens
ERR14278497	SAMEA117636889	ena-SAMPLE-TAB-28-01-2025-22:30:17:500-24990	TLTX18		OTHER	PAIRED	NextSeq 2000	572	28600	Homo sapiens
ERR14278501	SAMEA117636889	ena-SAMPLE-TAB-28-01-2025-22:30:17:500-24990	TLTX18		OTHER	PAIRED	NextSeq 2000	772	38600	Homo sapiens
ERR14278503	SAMEA117636889	ena-SAMPLE-TAB-28-01-2025-22:30:17:500-24990	TLTX18		OTHER	PAIRED	NextSeq 2000	754	37700	Homo sapiens
ERR14278505	SAMEA117636889	ena-SAMPLE-TAB-28-01-2025-22:30:17:500-24990	TLTX18		OTHER	PAIRED	NextSeq 2000	682	34100	Homo sapiens
ERR14278513	SAMEA117636889	ena-SAMPLE-TAB-28-01-2025-22:30:17:500-24990	TLTX18		OTHER	PAIRED	NextSeq 2000	798796	39939800	Homo sapiens
ERR14278514	SAMEA117636889	ena-SAMPLE-TAB-28-01-2025-22:30:17:500-24990	TLTX18		OTHER	PAIRED	NextSeq 2000	216776	10838800	Homo sapiens
ERR14278518	SAMEA117636889	ena-SAMPLE-TAB-28-01-2025-22:30:17:500-24990	TLTX18		OTHER	PAIRED	NextSeq 2000	1589412	79470600	Homo sapiens
ERR14278524	SAMEA117636889	ena-SAMPLE-TAB-28-01-2025-22:30:17:500-24990	TLTX18		OTHER	PAIRED	NextSeq 2000	1061208	53060400	Homo sapiens
ERR14278530	SAMEA117636889	ena-SAMPLE-TAB-28-01-2025-22:30:17:500-24990	TLTX18		OTHER	PAIRED	NextSeq 2000	740	37000	Homo sapiens
ERR14278534	SAMEA117636889	ena-SAMPLE-TAB-28-01-2025-22:30:17:500-24990	TLTX18		OTHER	PAIRED	NextSeq 2000	744	37200	Homo sapiens
ERR14278543	SAMEA117636889	ena-SAMPLE-TAB-28-01-2025-22:30:17:500-24990	TLTX18		OTHER	PAIRED	NextSeq 2000	541652	27082600	Homo sapiens
ERR14278544	SAMEA117636889	ena-SAMPLE-TAB-28-01-2025-22:30:17:500-24990	TLTX18		OTHER	PAIRED	NextSeq 2000	802	40100	Homo sapiens
ERR14278554	SAMEA117636889	ena-SAMPLE-TAB-28-01-2025-22:30:17:500-24990	TLTX18		OTHER	PAIRED	NextSeq 2000	892	44600	Homo sapiens
ERR14278563	SAMEA117636889	ena-SAMPLE-TAB-28-01-2025-22:30:17:500-24990	TLTX18		OTHER	PAIRED	NextSeq 2000	1698	84900	Homo sapiens
ERR14278574	SAMEA117636889	ena-SAMPLE-TAB-28-01-2025-22:30:17:500-24990	TLTX18		OTHER	PAIRED	NextSeq 2000	1114	55700	Homo sapiens
ERR14278578	SAMEA117636889	ena-SAMPLE-TAB-28-01-2025-22:30:17:500-24990	TLTX18		OTHER	PAIRED	NextSeq 2000	1554	77700	Homo sapiens
ERR14278581	SAMEA117636889	ena-SAMPLE-TAB-28-01-2025-22:30:17:500-24990	TLTX18		OTHER	PAIRED	NextSeq 2000	1339152	66957600	Homo sapiens
ERR14278583	SAMEA117636889	ena-SAMPLE-TAB-28-01-2025-22:30:17:500-24990	TLTX18		OTHER	PAIRED	NextSeq 2000	1240	62000	Homo sapiens
ERR14278588	SAMEA117636889	ena-SAMPLE-TAB-28-01-2025-22:30:17:500-24990	TLTX18		OTHER	PAIRED	NextSeq 2000	1198	59900	Homo sapiens
ERR14278592	SAMEA117636889	ena-SAMPLE-TAB-28-01-2025-22:30:17:500-24990	TLTX18		OTHER	PAIRED	NextSeq 2000	646	32300	Homo sapiens
ERR14278603	SAMEA117636889	ena-SAMPLE-TAB-28-01-2025-22:30:17:500-24990	TLTX18		OTHER	PAIRED	NextSeq 2000	1110	55500	Homo sapiens
ERR14278608	SAMEA117636889	ena-SAMPLE-TAB-28-01-2025-22:30:17:500-24990	TLTX18		OTHER	PAIRED	NextSeq 2000	1176778	58838900	Homo sapiens
ERR14278609	SAMEA117636889	ena-SAMPLE-TAB-28-01-2025-22:30:17:500-24990	TLTX18		OTHER	PAIRED	NextSeq 2000	1428	71400	Homo sapiens
ERR14278614	SAMEA117636889	ena-SAMPLE-TAB-28-01-2025-22:30:17:500-24990	TLTX18		OTHER	PAIRED	NextSeq 2000	896	44800	Homo sapiens
ERR14278616	SAMEA117636889	ena-SAMPLE-TAB-28-01-2025-22:30:17:500-24990	TLTX18		OTHER	PAIRED	NextSeq 2000	2454	122700	Homo sapiens
ERR14278617	SAMEA117636889	ena-SAMPLE-TAB-28-01-2025-22:30:17:500-24990	TLTX18		OTHER	PAIRED	NextSeq 2000	3360	168000	Homo sapiens
ERR14278619	SAMEA117636889	ena-SAMPLE-TAB-28-01-2025-22:30:17:500-24990	TLTX18		OTHER	PAIRED	NextSeq 2000	2206398	110319900	Homo sapiens
ERR14278632	SAMEA117636889	ena-SAMPLE-TAB-28-01-2025-22:30:17:500-24990	TLTX18		OTHER	PAIRED	NextSeq 2000	2318	115900	Homo sapiens
ERR14278639	SAMEA117636889	ena-SAMPLE-TAB-28-01-2025-22:30:17:500-24990	TLTX18		OTHER	PAIRED	NextSeq 2000	3192	159600	Homo sapiens
ERR14278640	SAMEA117636889	ena-SAMPLE-TAB-28-01-2025-22:30:17:500-24990	TLTX18		OTHER	PAIRED	NextSeq 2000	1957388	97869400	Homo sapiens
ERR14278643	SAMEA117636889	ena-SAMPLE-TAB-28-01-2025-22:30:17:500-24990	TLTX18		OTHER	PAIRED	NextSeq 2000	1711274	85563700	Homo sapiens
ERR14278648	SAMEA117636889	ena-SAMPLE-TAB-28-01-2025-22:30:17:500-24990	TLTX18		OTHER	PAIRED	NextSeq 2000	2690	134500	Homo sapiens
ERR14278653	SAMEA117636889	ena-SAMPLE-TAB-28-01-2025-22:30:17:500-24990	TLTX18		OTHER	PAIRED	NextSeq 2000	2896	144800	Homo sapiens
ERR14278671	SAMEA117636889	ena-SAMPLE-TAB-28-01-2025-22:30:17:500-24990	TLTX18		OTHER	PAIRED	NextSeq 2000	2512	125600	Homo sapiens
ERR14278674	SAMEA117636889	ena-SAMPLE-TAB-28-01-2025-22:30:17:500-24990	TLTX18		OTHER	PAIRED	NextSeq 2000	2862	143100	Homo sapiens
ERR14278675	SAMEA117636889	ena-SAMPLE-TAB-28-01-2025-22:30:17:500-24990	TLTX18		OTHER	PAIRED	NextSeq 2000	1146848	57342400	Homo sapiens
ERR14278683	SAMEA117636889	ena-SAMPLE-TAB-28-01-2025-22:30:17:500-24990	TLTX18		OTHER	PAIRED	NextSeq 2000	1835190	91759500	Homo sapiens
ERR14278686	SAMEA117636889	ena-SAMPLE-TAB-28-01-2025-22:30:17:500-24990	TLTX18		OTHER	PAIRED	NextSeq 2000	5034	251700	Homo sapiens
ERR14278687	SAMEA117636889	ena-SAMPLE-TAB-28-01-2025-22:30:17:500-24990	TLTX18		OTHER	PAIRED	NextSeq 2000	1926274	96313700	Homo sapiens
ERR14278694	SAMEA117636889	ena-SAMPLE-TAB-28-01-2025-22:30:17:500-24990	TLTX18		OTHER	PAIRED	NextSeq 2000	3148	157400	Homo sapiens
ERR14278697	SAMEA117636889	ena-SAMPLE-TAB-28-01-2025-22:30:17:500-24990	TLTX18		OTHER	PAIRED	NextSeq 2000	1854304	92715200	Homo sapiens
ERR14278704	SAMEA117636889	ena-SAMPLE-TAB-28-01-2025-22:30:17:500-24990	TLTX18		OTHER	PAIRED	NextSeq 2000	774	38700	Homo sapiens
ERR14278705	SAMEA117636889	ena-SAMPLE-TAB-28-01-2025-22:30:17:500-24990	TLTX18		OTHER	PAIRED	NextSeq 2000	1218	60900	Homo sapiens
ERR14278719	SAMEA117636889	ena-SAMPLE-TAB-28-01-2025-22:30:17:500-24990	TLTX18		OTHER	PAIRED	NextSeq 2000	2436	121800	Homo sapiens
ERR14278724	SAMEA117636889	ena-SAMPLE-TAB-28-01-2025-22:30:17:500-24990	TLTX18		OTHER	PAIRED	NextSeq 2000	1482	74100	Homo sapiens
ERR14278730	SAMEA117636889	ena-SAMPLE-TAB-28-01-2025-22:30:17:500-24990	TLTX18		OTHER	PAIRED	NextSeq 2000	112	5600	Homo sapiens
ERR14278735	SAMEA117636889	ena-SAMPLE-TAB-28-01-2025-22:30:17:500-24990	TLTX18		OTHER	PAIRED	NextSeq 2000	1182	59100	Homo sapiens
ERR14278741	SAMEA117636889	ena-SAMPLE-TAB-28-01-2025-22:30:17:500-24990	TLTX18		OTHER	PAIRED	NextSeq 2000	1098	54900	Homo sapiens
ERR14278742	SAMEA117636889	ena-SAMPLE-TAB-28-01-2025-22:30:17:500-24990	TLTX18		OTHER	PAIRED	NextSeq 2000	1639898	81994900	Homo sapiens
ERR14278743	SAMEA117636889	ena-SAMPLE-TAB-28-01-2025-22:30:17:500-24990	TLTX18		OTHER	PAIRED	NextSeq 2000	916	45800	Homo sapiens
ERR14278751	SAMEA117636889	ena-SAMPLE-TAB-28-01-2025-22:30:17:500-24990	TLTX18		OTHER	PAIRED	NextSeq 2000	676	33800	Homo sapiens
ERR14278752	SAMEA117636889	ena-SAMPLE-TAB-28-01-2025-22:30:17:500-24990	TLTX18		OTHER	PAIRED	NextSeq 2000	1277006	63850300	Homo sapiens
ERR14278753	SAMEA117636889	ena-SAMPLE-TAB-28-01-2025-22:30:17:500-24990	TLTX18		OTHER	PAIRED	NextSeq 2000	1606454	80322700	Homo sapiens
ERR14278757	SAMEA117636889	ena-SAMPLE-TAB-28-01-2025-22:30:17:500-24990	TLTX18		OTHER	PAIRED	NextSeq 2000	1501788	75089400	Homo sapiens
ERR14278758	SAMEA117636889	ena-SAMPLE-TAB-28-01-2025-22:30:17:500-24990	TLTX18		OTHER	PAIRED	NextSeq 2000	3828	191400	Homo sapiens
ERR14278766	SAMEA117636889	ena-SAMPLE-TAB-28-01-2025-22:30:17:500-24990	TLTX18		OTHER	PAIRED	NextSeq 2000	2516	125800	Homo sapiens
ERR14278776	SAMEA117636889	ena-SAMPLE-TAB-28-01-2025-22:30:17:500-24990	TLTX18		OTHER	PAIRED	NextSeq 2000	1362	68100	Homo sapiens
ERR14278779	SAMEA117636889	ena-SAMPLE-TAB-28-01-2025-22:30:17:500-24990	TLTX18		OTHER	PAIRED	NextSeq 2000	2672	133600	Homo sapiens
ERR14278791	SAMEA117636889	ena-SAMPLE-TAB-28-01-2025-22:30:17:500-24990	TLTX18		OTHER	PAIRED	NextSeq 2000	2041234	102061700	Homo sapiens
ERR14278795	SAMEA117636889	ena-SAMPLE-TAB-28-01-2025-22:30:17:500-24990	TLTX18		OTHER	PAIRED	NextSeq 2000	1486	74300	Homo sapiens
ERR14278801	SAMEA117636889	ena-SAMPLE-TAB-28-01-2025-22:30:17:500-24990	TLTX18		OTHER	PAIRED	NextSeq 2000	1562	78100	Homo sapiens
ERR14278802	SAMEA117636889	ena-SAMPLE-TAB-28-01-2025-22:30:17:500-24990	TLTX18		OTHER	PAIRED	NextSeq 2000	225868	11293400	Homo sapiens
ERR14278808	SAMEA117636889	ena-SAMPLE-TAB-28-01-2025-22:30:17:500-24990	TLTX18		OTHER	PAIRED	NextSeq 2000	956	47800	Homo sapiens
ERR14278815	SAMEA117636889	ena-SAMPLE-TAB-28-01-2025-22:30:17:500-24990	TLTX18		OTHER	PAIRED	NextSeq 2000	2776908	138845400	Homo sapiens
ERR14278826	SAMEA117636889	ena-SAMPLE-TAB-28-01-2025-22:30:17:500-24990	TLTX18		OTHER	PAIRED	NextSeq 2000	1706	85300	Homo sapiens
ERR14278830	SAMEA117636889	ena-SAMPLE-TAB-28-01-2025-22:30:17:500-24990	TLTX18		OTHER	PAIRED	NextSeq 2000	2452	122600	Homo sapiens
ERR14278833	SAMEA117636889	ena-SAMPLE-TAB-28-01-2025-22:30:17:500-24990	TLTX18		OTHER	PAIRED	NextSeq 2000	2802	140100	Homo sapiens
ERR14278838	SAMEA117636889	ena-SAMPLE-TAB-28-01-2025-22:30:17:500-24990	TLTX18		OTHER	PAIRED	NextSeq 2000	1729598	86479900	Homo sapiens
ERR14278848	SAMEA117636889	ena-SAMPLE-TAB-28-01-2025-22:30:17:500-24990	TLTX18		OTHER	PAIRED	NextSeq 2000	1990454	99522700	Homo sapiens
ERR14278850	SAMEA117636889	ena-SAMPLE-TAB-28-01-2025-22:30:17:500-24990	TLTX18		OTHER	PAIRED	NextSeq 2000	1549454	77472700	Homo sapiens
ERR14278852	SAMEA117636889	ena-SAMPLE-TAB-28-01-2025-22:30:17:500-24990	TLTX18		OTHER	PAIRED	NextSeq 2000	1871044	93552200	Homo sapiens
ERR14278855	SAMEA117636889	ena-SAMPLE-TAB-28-01-2025-22:30:17:500-24990	TLTX18		OTHER	PAIRED	NextSeq 2000	1590	79500	Homo sapiens
ERR14278856	SAMEA117636889	ena-SAMPLE-TAB-28-01-2025-22:30:17:500-24990	TLTX18		OTHER	PAIRED	NextSeq 2000	1676	83800	Homo sapiens
ERR14295809	SAMEA117636887	ena-SAMPLE-TAB-28-01-2025-22:30:17:500-24988	TLTX25		OTHER	PAIRED	NextSeq 2000	669127	33456350	Homo sapiens
ERR14295815	SAMEA117636887	ena-SAMPLE-TAB-28-01-2025-22:30:17:500-24988	TLTX25		OTHER	PAIRED	NextSeq 2000	533395	26669750	Homo sapiens
ERR14295821	SAMEA117636887	ena-SAMPLE-TAB-28-01-2025-22:30:17:500-24988	TLTX25		OTHER	PAIRED	NextSeq 2000	1257291	62864550	Homo sapiens
ERR14295856	SAMEA117636887	ena-SAMPLE-TAB-28-01-2025-22:30:17:500-24988	TLTX25		OTHER	PAIRED	NextSeq 2000	1338295	66914750	Homo sapiens
ERR14295865	SAMEA117636887	ena-SAMPLE-TAB-28-01-2025-22:30:17:500-24988	TLTX25		OTHER	PAIRED	NextSeq 2000	987484	49374200	Homo sapiens
ERR14295893	SAMEA117636887	ena-SAMPLE-TAB-28-01-2025-22:30:17:500-24988	TLTX25		OTHER	PAIRED	NextSeq 2000	1611707	80585350	Homo sapiens
ERR14295905	SAMEA117636887	ena-SAMPLE-TAB-28-01-2025-22:30:17:500-24988	TLTX25		OTHER	PAIRED	NextSeq 2000	982645	49132250	Homo sapiens
ERR14295906	SAMEA117636887	ena-SAMPLE-TAB-28-01-2025-22:30:17:500-24988	TLTX25		OTHER	PAIRED	NextSeq 2000	1566149	78307450	Homo sapiens
ERR14295918	SAMEA117636887	ena-SAMPLE-TAB-28-01-2025-22:30:17:500-24988	TLTX25		OTHER	PAIRED	NextSeq 2000	1299012	64950600	Homo sapiens
ERR14295921	SAMEA117636887	ena-SAMPLE-TAB-28-01-2025-22:30:17:500-24988	TLTX25		OTHER	PAIRED	NextSeq 2000	1045241	52262050	Homo sapiens
ERR14295950	SAMEA117636887	ena-SAMPLE-TAB-28-01-2025-22:30:17:500-24988	TLTX25		OTHER	PAIRED	NextSeq 2000	1185815	59290750	Homo sapiens
ERR14295974	SAMEA117636887	ena-SAMPLE-TAB-28-01-2025-22:30:17:500-24988	TLTX25		OTHER	PAIRED	NextSeq 2000	374476	18723800	Homo sapiens
ERR14296037	SAMEA117636887	ena-SAMPLE-TAB-28-01-2025-22:30:17:500-24988	TLTX25		OTHER	PAIRED	NextSeq 2000	873675	43683750	Homo sapiens
ERR14296038	SAMEA117636887	ena-SAMPLE-TAB-28-01-2025-22:30:17:500-24988	TLTX25		OTHER	PAIRED	NextSeq 2000	1111226	55561300	Homo sapiens
ERR14296080	SAMEA117636887	ena-SAMPLE-TAB-28-01-2025-22:30:17:500-24988	TLTX25		OTHER	PAIRED	NextSeq 2000	1148368	57418400	Homo sapiens
ERR14296084	SAMEA117636887	ena-SAMPLE-TAB-28-01-2025-22:30:17:500-24988	TLTX25		OTHER	PAIRED	NextSeq 2000	1051322	52566100	Homo sapiens
ERR14296151	SAMEA117636887	ena-SAMPLE-TAB-28-01-2025-22:30:17:500-24988	TLTX25		OTHER	PAIRED	NextSeq 2000	987049	49352450	Homo sapiens
ERR14296184	SAMEA117636887	ena-SAMPLE-TAB-28-01-2025-22:30:17:500-24988	TLTX25		OTHER	PAIRED	NextSeq 2000	1006980	50349000	Homo sapiens
ERR14296207	SAMEA117636887	ena-SAMPLE-TAB-28-01-2025-22:30:17:500-24988	TLTX25		OTHER	PAIRED	NextSeq 2000	210676	10533800	Homo sapiens
ERR14296247	SAMEA117636887	ena-SAMPLE-TAB-28-01-2025-22:30:17:500-24988	TLTX25		OTHER	PAIRED	NextSeq 2000	1332785	66639250	Homo sapiens
ERR14296250	SAMEA117636887	ena-SAMPLE-TAB-28-01-2025-22:30:17:500-24988	TLTX25		OTHER	PAIRED	NextSeq 2000	1427070	71353500	Homo sapiens
ERR14296319	SAMEA117636887	ena-SAMPLE-TAB-28-01-2025-22:30:17:500-24988	TLTX25		OTHER	PAIRED	NextSeq 2000	711642	35582100	Homo sapiens
ERR14296321	SAMEA117636887	ena-SAMPLE-TAB-28-01-2025-22:30:17:500-24988	TLTX25		OTHER	PAIRED	NextSeq 2000	1427952	71397600	Homo sapiens
ERR14296404	SAMEA117636887	ena-SAMPLE-TAB-28-01-2025-22:30:17:500-24988	TLTX25		OTHER	PAIRED	NextSeq 2000	1095199	54759950	Homo sapiens
ERR14296462	SAMEA117636887	ena-SAMPLE-TAB-28-01-2025-22:30:17:500-24988	TLTX25		OTHER	PAIRED	NextSeq 2000	1233542	61677100	Homo sapiens
ERR14296495	SAMEA117636887	ena-SAMPLE-TAB-28-01-2025-22:30:17:500-24988	TLTX25		OTHER	PAIRED	NextSeq 2000	1321602	66080100	Homo sapiens
ERR14296509	SAMEA117636887	ena-SAMPLE-TAB-28-01-2025-22:30:17:500-24988	TLTX25		OTHER	PAIRED	NextSeq 2000	1447591	72379550	Homo sapiens
ERR14296551	SAMEA117636887	ena-SAMPLE-TAB-28-01-2025-22:30:17:500-24988	TLTX25		OTHER	PAIRED	NextSeq 2000	1159116	57955800	Homo sapiens
ERR14296572	SAMEA117636887	ena-SAMPLE-TAB-28-01-2025-22:30:17:500-24988	TLTX25		OTHER	PAIRED	NextSeq 2000	1199032	59951600	Homo sapiens
ERR14296595	SAMEA117636887	ena-SAMPLE-TAB-28-01-2025-22:30:17:500-24988	TLTX25		OTHER	PAIRED	NextSeq 2000	1112176	55608800	Homo sapiens
ERR14296619	SAMEA117636887	ena-SAMPLE-TAB-28-01-2025-22:30:17:500-24988	TLTX25		OTHER	PAIRED	NextSeq 2000	1179346	58967300	Homo sapiens
ERR14296632	SAMEA117636887	ena-SAMPLE-TAB-28-01-2025-22:30:17:500-24988	TLTX25		OTHER	PAIRED	NextSeq 2000	1492784	74639200	Homo sapiens
ERR14296644	SAMEA117636887	ena-SAMPLE-TAB-28-01-2025-22:30:17:500-24988	TLTX25		OTHER	PAIRED	NextSeq 2000	1440939	72046950	Homo sapiens
ERR14296647	SAMEA117636887	ena-SAMPLE-TAB-28-01-2025-22:30:17:500-24988	TLTX25		OTHER	PAIRED	NextSeq 2000	1707494	85374700	Homo sapiens
ERR14296667	SAMEA117636887	ena-SAMPLE-TAB-28-01-2025-22:30:17:500-24988	TLTX25		OTHER	PAIRED	NextSeq 2000	1955232	97761600	Homo sapiens
ERR14296692	SAMEA117636887	ena-SAMPLE-TAB-28-01-2025-22:30:17:500-24988	TLTX25		OTHER	PAIRED	NextSeq 2000	1301008	65050400	Homo sapiens
ERR14296710	SAMEA117636887	ena-SAMPLE-TAB-28-01-2025-22:30:17:500-24988	TLTX25		OTHER	PAIRED	NextSeq 2000	1096545	54827250	Homo sapiens
ERR14296717	SAMEA117636887	ena-SAMPLE-TAB-28-01-2025-22:30:17:500-24988	TLTX25		OTHER	PAIRED	NextSeq 2000	1636713	81835650	Homo sapiens
ERR14296730	SAMEA117636887	ena-SAMPLE-TAB-28-01-2025-22:30:17:500-24988	TLTX25		OTHER	PAIRED	NextSeq 2000	1616981	80849050	Homo sapiens
ERR14296732	SAMEA117636887	ena-SAMPLE-TAB-28-01-2025-22:30:17:500-24988	TLTX25		OTHER	PAIRED	NextSeq 2000	1552038	77601900	Homo sapiens
ERR14296750	SAMEA117636887	ena-SAMPLE-TAB-28-01-2025-22:30:17:500-24988	TLTX25		OTHER	PAIRED	NextSeq 2000	1453010	72650500	Homo sapiens
ERR14296798	SAMEA117636887	ena-SAMPLE-TAB-28-01-2025-22:30:17:500-24988	TLTX25		OTHER	PAIRED	NextSeq 2000	1363111	68155550	Homo sapiens
ERR14296816	SAMEA117636887	ena-SAMPLE-TAB-28-01-2025-22:30:17:500-24988	TLTX25		OTHER	PAIRED	NextSeq 2000	1632458	81622900	Homo sapiens
ERR14296829	SAMEA117636887	ena-SAMPLE-TAB-28-01-2025-22:30:17:500-24988	TLTX25		OTHER	PAIRED	NextSeq 2000	847022	42351100	Homo sapiens
ERR14296879	SAMEA117636887	ena-SAMPLE-TAB-28-01-2025-22:30:17:500-24988	TLTX25		OTHER	PAIRED	NextSeq 2000	1167619	58380950	Homo sapiens
ERR14296886	SAMEA117636887	ena-SAMPLE-TAB-28-01-2025-22:30:17:500-24988	TLTX25		OTHER	PAIRED	NextSeq 2000	710892	35544600	Homo sapiens
ERR14296892	SAMEA117636887	ena-SAMPLE-TAB-28-01-2025-22:30:17:500-24988	TLTX25		OTHER	PAIRED	NextSeq 2000	1323358	66167900	Homo sapiens
ERR14296902	SAMEA117636887	ena-SAMPLE-TAB-28-01-2025-22:30:17:500-24988	TLTX25		OTHER	PAIRED	NextSeq 2000	1498394	74919700	Homo sapiens
ERR14296907	SAMEA117636887	ena-SAMPLE-TAB-28-01-2025-22:30:17:500-24988	TLTX25		OTHER	PAIRED	NextSeq 2000	2036961	101848050	Homo sapiens
ERR14296914	SAMEA117636887	ena-SAMPLE-TAB-28-01-2025-22:30:17:500-24988	TLTX25		OTHER	PAIRED	NextSeq 2000	1994179	99708950	Homo sapiens
ERR14296923	SAMEA117636887	ena-SAMPLE-TAB-28-01-2025-22:30:17:500-24988	TLTX25		OTHER	PAIRED	NextSeq 2000	1824883	91244150	Homo sapiens
ERR14296932	SAMEA117636887	ena-SAMPLE-TAB-28-01-2025-22:30:17:500-24988	TLTX25		OTHER	PAIRED	NextSeq 2000	1532078	76603900	Homo sapiens
ERR14296953	SAMEA117636887	ena-SAMPLE-TAB-28-01-2025-22:30:17:500-24988	TLTX25		OTHER	PAIRED	NextSeq 2000	1440649	72032450	Homo sapiens
ERR14296957	SAMEA117636887	ena-SAMPLE-TAB-28-01-2025-22:30:17:500-24988	TLTX25		OTHER	PAIRED	NextSeq 2000	1390296	69514800	Homo sapiens
ERR14296972	SAMEA117636887	ena-SAMPLE-TAB-28-01-2025-22:30:17:500-24988	TLTX25		OTHER	PAIRED	NextSeq 2000	1424253	71212650	Homo sapiens
ERR14296978	SAMEA117636887	ena-SAMPLE-TAB-28-01-2025-22:30:17:500-24988	TLTX25		OTHER	PAIRED	NextSeq 2000	1241748	62087400	Homo sapiens
ERR14296987	SAMEA117636887	ena-SAMPLE-TAB-28-01-2025-22:30:17:500-24988	TLTX25		OTHER	PAIRED	NextSeq 2000	1076426	53821300	Homo sapiens
ERR14297042	SAMEA117636887	ena-SAMPLE-TAB-28-01-2025-22:30:17:500-24988	TLTX25		OTHER	PAIRED	NextSeq 2000	1392317	69615850	Homo sapiens
ERR14297050	SAMEA117636887	ena-SAMPLE-TAB-28-01-2025-22:30:17:500-24988	TLTX25		OTHER	PAIRED	NextSeq 2000	1686747	84337350	Homo sapiens
ERR14297079	SAMEA117636887	ena-SAMPLE-TAB-28-01-2025-22:30:17:500-24988	TLTX25		OTHER	PAIRED	NextSeq 2000	1381372	69068600	Homo sapiens
ERR14297088	SAMEA117636887	ena-SAMPLE-TAB-28-01-2025-22:30:17:500-24988	TLTX25		OTHER	PAIRED	NextSeq 2000	1230063	61503150	Homo sapiens
ERR14297119	SAMEA117636887	ena-SAMPLE-TAB-28-01-2025-22:30:17:500-24988	TLTX25		OTHER	PAIRED	NextSeq 2000	1317133	65856650	Homo sapiens
ERR14297125	SAMEA117636887	ena-SAMPLE-TAB-28-01-2025-22:30:17:500-24988	TLTX25		OTHER	PAIRED	NextSeq 2000	2099137	104956850	Homo sapiens
ERR14297150	SAMEA117636887	ena-SAMPLE-TAB-28-01-2025-22:30:17:500-24988	TLTX25		OTHER	PAIRED	NextSeq 2000	1474258	73712900	Homo sapiens
ERR14297182	SAMEA117636887	ena-SAMPLE-TAB-28-01-2025-22:30:17:500-24988	TLTX25		OTHER	PAIRED	NextSeq 2000	1569117	78455850	Homo sapiens
ERR14297216	SAMEA117636887	ena-SAMPLE-TAB-28-01-2025-22:30:17:500-24988	TLTX25		OTHER	PAIRED	NextSeq 2000	314700	15735000	Homo sapiens
ERR14297220	SAMEA117636887	ena-SAMPLE-TAB-28-01-2025-22:30:17:500-24988	TLTX25		OTHER	PAIRED	NextSeq 2000	1254404	62720200	Homo sapiens
ERR14297224	SAMEA117636887	ena-SAMPLE-TAB-28-01-2025-22:30:17:500-24988	TLTX25		OTHER	PAIRED	NextSeq 2000	1635460	81773000	Homo sapiens
ERR14297260	SAMEA117636887	ena-SAMPLE-TAB-28-01-2025-22:30:17:500-24988	TLTX25		OTHER	PAIRED	NextSeq 2000	1177191	58859550	Homo sapiens
ERR14297262	SAMEA117636887	ena-SAMPLE-TAB-28-01-2025-22:30:17:500-24988	TLTX25		OTHER	PAIRED	NextSeq 2000	1562942	78147100	Homo sapiens
ERR14297270	SAMEA117636887	ena-SAMPLE-TAB-28-01-2025-22:30:17:500-24988	TLTX25		OTHER	PAIRED	NextSeq 2000	1604241	80212050	Homo sapiens
ERR14297293	SAMEA117636887	ena-SAMPLE-TAB-28-01-2025-22:30:17:500-24988	TLTX25		OTHER	PAIRED	NextSeq 2000	1463675	73183750	Homo sapiens
ERR14297322	SAMEA117636887	ena-SAMPLE-TAB-28-01-2025-22:30:17:500-24988	TLTX25		OTHER	PAIRED	NextSeq 2000	1119042	55952100	Homo sapiens
ERR14297336	SAMEA117636887	ena-SAMPLE-TAB-28-01-2025-22:30:17:500-24988	TLTX25		OTHER	PAIRED	NextSeq 2000	758857	37942850	Homo sapiens
ERR14297372	SAMEA117636887	ena-SAMPLE-TAB-28-01-2025-22:30:17:500-24988	TLTX25		OTHER	PAIRED	NextSeq 2000	529428	26471400	Homo sapiens
ERR14297408	SAMEA117636887	ena-SAMPLE-TAB-28-01-2025-22:30:17:500-24988	TLTX25		OTHER	PAIRED	NextSeq 2000	1366042	68302100	Homo sapiens
ERR14297418	SAMEA117636887	ena-SAMPLE-TAB-28-01-2025-22:30:17:500-24988	TLTX25		OTHER	PAIRED	NextSeq 2000	1397786	69889300	Homo sapiens
ERR14297426	SAMEA117636887	ena-SAMPLE-TAB-28-01-2025-22:30:17:500-24988	TLTX25		OTHER	PAIRED	NextSeq 2000	1879838	93991900	Homo sapiens
ERR14297586	SAMEA117636887	ena-SAMPLE-TAB-28-01-2025-22:30:17:500-24988	TLTX25		OTHER	PAIRED	NextSeq 2000	139911	6995550	Homo sapiens
ERR14297596	SAMEA117636887	ena-SAMPLE-TAB-28-01-2025-22:30:17:500-24988	TLTX25		OTHER	PAIRED	NextSeq 2000	1581584	79079200	Homo sapiens
ERR14297609	SAMEA117636887	ena-SAMPLE-TAB-28-01-2025-22:30:17:500-24988	TLTX25		OTHER	PAIRED	NextSeq 2000	372614	18630700	Homo sapiens
ERR14297611	SAMEA117636887	ena-SAMPLE-TAB-28-01-2025-22:30:17:500-24988	TLTX25		OTHER	PAIRED	NextSeq 2000	549466	27473300	Homo sapiens
ERR14297624	SAMEA117636887	ena-SAMPLE-TAB-28-01-2025-22:30:17:500-24988	TLTX25		OTHER	PAIRED	NextSeq 2000	1329985	66499250	Homo sapiens
ERR14297626	SAMEA117636887	ena-SAMPLE-TAB-28-01-2025-22:30:17:500-24988	TLTX25		OTHER	PAIRED	NextSeq 2000	2373264	118663200	Homo sapiens
ERR14297646	SAMEA117636887	ena-SAMPLE-TAB-28-01-2025-22:30:17:500-24988	TLTX25		OTHER	PAIRED	NextSeq 2000	1413502	70675100	Homo sapiens
ERR14297650	SAMEA117636887	ena-SAMPLE-TAB-28-01-2025-22:30:17:500-24988	TLTX25		OTHER	PAIRED	NextSeq 2000	1857462	92873100	Homo sapiens
ERR14297704	SAMEA117636887	ena-SAMPLE-TAB-28-01-2025-22:30:17:500-24988	TLTX25		OTHER	PAIRED	NextSeq 2000	872184	43609200	Homo sapiens
ERR14297718	SAMEA117636887	ena-SAMPLE-TAB-28-01-2025-22:30:17:500-24988	TLTX25		OTHER	PAIRED	NextSeq 2000	418208	20910400	Homo sapiens
ERR14297723	SAMEA117636887	ena-SAMPLE-TAB-28-01-2025-22:30:17:500-24988	TLTX25		OTHER	PAIRED	NextSeq 2000	683856	34192800	Homo sapiens
ERR14297733	SAMEA117636887	ena-SAMPLE-TAB-28-01-2025-22:30:17:500-24988	TLTX25		OTHER	PAIRED	NextSeq 2000	317466	15873300	Homo sapiens
ERR14297744	SAMEA117636887	ena-SAMPLE-TAB-28-01-2025-22:30:17:500-24988	TLTX25		OTHER	PAIRED	NextSeq 2000	471800	23590000	Homo sapiens
ERR14297750	SAMEA117636887	ena-SAMPLE-TAB-28-01-2025-22:30:17:500-24988	TLTX25		OTHER	PAIRED	NextSeq 2000	441452	22072600	Homo sapiens
ERR14297783	SAMEA117636887	ena-SAMPLE-TAB-28-01-2025-22:30:17:500-24988	TLTX25		OTHER	PAIRED	NextSeq 2000	876760	43838000	Homo sapiens
ERR14297797	SAMEA117636887	ena-SAMPLE-TAB-28-01-2025-22:30:17:500-24988	TLTX25		OTHER	PAIRED	NextSeq 2000	889554	44477700	Homo sapiens
ERR14297817	SAMEA117636887	ena-SAMPLE-TAB-28-01-2025-22:30:17:500-24988	TLTX25		OTHER	PAIRED	NextSeq 2000	942339	47116950	Homo sapiens
ERR14297830	SAMEA117636887	ena-SAMPLE-TAB-28-01-2025-22:30:17:500-24988	TLTX25		OTHER	PAIRED	NextSeq 2000	921124	46056200	Homo sapiens
ERR14297834	SAMEA117636887	ena-SAMPLE-TAB-28-01-2025-22:30:17:500-24988	TLTX25		OTHER	PAIRED	NextSeq 2000	586100	29305000	Homo sapiens
ERR14297909	SAMEA117636887	ena-SAMPLE-TAB-28-01-2025-22:30:17:500-24988	TLTX25		OTHER	PAIRED	NextSeq 2000	358899	17944950	Homo sapiens
ERR14297930	SAMEA117636887	ena-SAMPLE-TAB-28-01-2025-22:30:17:500-24988	TLTX25		OTHER	PAIRED	NextSeq 2000	846845	42342250	Homo sapiens
ERR14297934	SAMEA117636887	ena-SAMPLE-TAB-28-01-2025-22:30:17:500-24988	TLTX25		OTHER	PAIRED	NextSeq 2000	588611	29430550	Homo sapiens
ERR14297963	SAMEA117636887	ena-SAMPLE-TAB-28-01-2025-22:30:17:500-24988	TLTX25		OTHER	PAIRED	NextSeq 2000	701470	35073500	Homo sapiens
ERR14297966	SAMEA117636887	ena-SAMPLE-TAB-28-01-2025-22:30:17:500-24988	TLTX25		OTHER	PAIRED	NextSeq 2000	550273	27513650	Homo sapiens
ERR14298007	SAMEA117636887	ena-SAMPLE-TAB-28-01-2025-22:30:17:500-24988	TLTX25		OTHER	PAIRED	NextSeq 2000	1022625	51131250	Homo sapiens
ERR14298017	SAMEA117636887	ena-SAMPLE-TAB-28-01-2025-22:30:17:500-24988	TLTX25		OTHER	PAIRED	NextSeq 2000	527820	26391000	Homo sapiens
ERR14298055	SAMEA117636887	ena-SAMPLE-TAB-28-01-2025-22:30:17:500-24988	TLTX25		OTHER	PAIRED	NextSeq 2000	985419	49270950	Homo sapiens
ERR14298058	SAMEA117636887	ena-SAMPLE-TAB-28-01-2025-22:30:17:500-24988	TLTX25		OTHER	PAIRED	NextSeq 2000	1091970	54598500	Homo sapiens
ERR14298073	SAMEA117636887	ena-SAMPLE-TAB-28-01-2025-22:30:17:500-24988	TLTX25		OTHER	PAIRED	NextSeq 2000	1106524	55326200	Homo sapiens
ERR14298074	SAMEA117636887	ena-SAMPLE-TAB-28-01-2025-22:30:17:500-24988	TLTX25		OTHER	PAIRED	NextSeq 2000	813911	40695550	Homo sapiens
ERR14298083	SAMEA117636887	ena-SAMPLE-TAB-28-01-2025-22:30:17:500-24988	TLTX25		OTHER	PAIRED	NextSeq 2000	967058	48352900	Homo sapiens
ERR14298110	SAMEA117636887	ena-SAMPLE-TAB-28-01-2025-22:30:17:500-24988	TLTX25		OTHER	PAIRED	NextSeq 2000	514757	25737850	Homo sapiens
ERR14298112	SAMEA117636887	ena-SAMPLE-TAB-28-01-2025-22:30:17:500-24988	TLTX25		OTHER	PAIRED	NextSeq 2000	1099956	54997800	Homo sapiens
ERR14298136	SAMEA117636887	ena-SAMPLE-TAB-28-01-2025-22:30:17:500-24988	TLTX25		OTHER	PAIRED	NextSeq 2000	751914	37595700	Homo sapiens
ERR14298167	SAMEA117636887	ena-SAMPLE-TAB-28-01-2025-22:30:17:500-24988	TLTX25		OTHER	PAIRED	NextSeq 2000	919603	45980150	Homo sapiens
ERR14298185	SAMEA117636887	ena-SAMPLE-TAB-28-01-2025-22:30:17:500-24988	TLTX25		OTHER	PAIRED	NextSeq 2000	826568	41328400	Homo sapiens
ERR14298193	SAMEA117636887	ena-SAMPLE-TAB-28-01-2025-22:30:17:500-24988	TLTX25		OTHER	PAIRED	NextSeq 2000	685197	34259850	Homo sapiens
ERR14298197	SAMEA117636887	ena-SAMPLE-TAB-28-01-2025-22:30:17:500-24988	TLTX25		OTHER	PAIRED	NextSeq 2000	456564	22828200	Homo sapiens
ERR14303806	SAMEA117636887	ena-SAMPLE-TAB-28-01-2025-22:30:17:500-24988	TLTX25		OTHER	PAIRED	NextSeq 2000	1099291	54964550	Homo sapiens
ERR14303816	SAMEA117636887	ena-SAMPLE-TAB-28-01-2025-22:30:17:500-24988	TLTX25		OTHER	PAIRED	NextSeq 2000	1196061	59803050	Homo sapiens
ERR14303840	SAMEA117636887	ena-SAMPLE-TAB-28-01-2025-22:30:17:500-24988	TLTX25		OTHER	PAIRED	NextSeq 2000	1081479	54073950	Homo sapiens
ERR14303912	SAMEA117636887	ena-SAMPLE-TAB-28-01-2025-22:30:17:500-24988	TLTX25		OTHER	PAIRED	NextSeq 2000	418894	20944700	Homo sapiens
ERR14303918	SAMEA117636887	ena-SAMPLE-TAB-28-01-2025-22:30:17:500-24988	TLTX25		OTHER	PAIRED	NextSeq 2000	569804	28490200	Homo sapiens
ERR14303928	SAMEA117636887	ena-SAMPLE-TAB-28-01-2025-22:30:17:500-24988	TLTX25		OTHER	PAIRED	NextSeq 2000	448799	22439950	Homo sapiens
ERR14303934	SAMEA117636887	ena-SAMPLE-TAB-28-01-2025-22:30:17:500-24988	TLTX25		OTHER	PAIRED	NextSeq 2000	381715	19085750	Homo sapiens
ERR14303937	SAMEA117636887	ena-SAMPLE-TAB-28-01-2025-22:30:17:500-24988	TLTX25		OTHER	PAIRED	NextSeq 2000	346626	17331300	Homo sapiens
ERR14303946	SAMEA117636887	ena-SAMPLE-TAB-28-01-2025-22:30:17:500-24988	TLTX25		OTHER	PAIRED	NextSeq 2000	1501267	75063350	Homo sapiens
ERR14303958	SAMEA117636887	ena-SAMPLE-TAB-28-01-2025-22:30:17:500-24988	TLTX25		OTHER	PAIRED	NextSeq 2000	1184704	59235200	Homo sapiens
ERR14303981	SAMEA117636887	ena-SAMPLE-TAB-28-01-2025-22:30:17:500-24988	TLTX25		OTHER	PAIRED	NextSeq 2000	1013647	50682350	Homo sapiens
ERR14303988	SAMEA117636887	ena-SAMPLE-TAB-28-01-2025-22:30:17:500-24988	TLTX25		OTHER	PAIRED	NextSeq 2000	846260	42313000	Homo sapiens
ERR14303991	SAMEA117636887	ena-SAMPLE-TAB-28-01-2025-22:30:17:500-24988	TLTX25		OTHER	PAIRED	NextSeq 2000	1470644	73532200	Homo sapiens
ERR14303997	SAMEA117636887	ena-SAMPLE-TAB-28-01-2025-22:30:17:500-24988	TLTX25		OTHER	PAIRED	NextSeq 2000	1335499	66774950	Homo sapiens
ERR14304031	SAMEA117636887	ena-SAMPLE-TAB-28-01-2025-22:30:17:500-24988	TLTX25		OTHER	PAIRED	NextSeq 2000	1192284	59614200	Homo sapiens
ERR14304039	SAMEA117636887	ena-SAMPLE-TAB-28-01-2025-22:30:17:500-24988	TLTX25		OTHER	PAIRED	NextSeq 2000	965369	48268450	Homo sapiens
ERR14304045	SAMEA117636887	ena-SAMPLE-TAB-28-01-2025-22:30:17:500-24988	TLTX25		OTHER	PAIRED	NextSeq 2000	1225733	61286650	Homo sapiens
ERR14304048	SAMEA117636887	ena-SAMPLE-TAB-28-01-2025-22:30:17:500-24988	TLTX25		OTHER	PAIRED	NextSeq 2000	1381455	69072750	Homo sapiens
ERR14304059	SAMEA117636887	ena-SAMPLE-TAB-28-01-2025-22:30:17:500-24988	TLTX25		OTHER	PAIRED	NextSeq 2000	150369	7518450	Homo sapiens
ERR14304063	SAMEA117636887	ena-SAMPLE-TAB-28-01-2025-22:30:17:500-24988	TLTX25		OTHER	PAIRED	NextSeq 2000	1057368	52868400	Homo sapiens
ERR14304070	SAMEA117636887	ena-SAMPLE-TAB-28-01-2025-22:30:17:500-24988	TLTX25		OTHER	PAIRED	NextSeq 2000	520029	26001450	Homo sapiens
ERR14304075	SAMEA117636887	ena-SAMPLE-TAB-28-01-2025-22:30:17:500-24988	TLTX25		OTHER	PAIRED	NextSeq 2000	906096	45304800	Homo sapiens
ERR14304084	SAMEA117636887	ena-SAMPLE-TAB-28-01-2025-22:30:17:500-24988	TLTX25		OTHER	PAIRED	NextSeq 2000	1007921	50396050	Homo sapiens
ERR14304087	SAMEA117636887	ena-SAMPLE-TAB-28-01-2025-22:30:17:500-24988	TLTX25		OTHER	PAIRED	NextSeq 2000	1086046	54302300	Homo sapiens
ERR14304088	SAMEA117636887	ena-SAMPLE-TAB-28-01-2025-22:30:17:500-24988	TLTX25		OTHER	PAIRED	NextSeq 2000	859448	42972400	Homo sapiens
ERR14304089	SAMEA117636887	ena-SAMPLE-TAB-28-01-2025-22:30:17:500-24988	TLTX25		OTHER	PAIRED	NextSeq 2000	759429	37971450	Homo sapiens
ERR14304129	SAMEA117636887	ena-SAMPLE-TAB-28-01-2025-22:30:17:500-24988	TLTX25		OTHER	PAIRED	NextSeq 2000	840478	42023900	Homo sapiens
ERR14304134	SAMEA117636887	ena-SAMPLE-TAB-28-01-2025-22:30:17:500-24988	TLTX25		OTHER	PAIRED	NextSeq 2000	997572	49878600	Homo sapiens
ERR14304135	SAMEA117636887	ena-SAMPLE-TAB-28-01-2025-22:30:17:500-24988	TLTX25		OTHER	PAIRED	NextSeq 2000	1218496	60924800	Homo sapiens
ERR14304157	SAMEA117636887	ena-SAMPLE-TAB-28-01-2025-22:30:17:500-24988	TLTX25		OTHER	PAIRED	NextSeq 2000	597522	29876100	Homo sapiens
ERR14304181	SAMEA117636887	ena-SAMPLE-TAB-28-01-2025-22:30:17:500-24988	TLTX25		OTHER	PAIRED	NextSeq 2000	1124957	56247850	Homo sapiens
ERR14304323	SAMEA117636887	ena-SAMPLE-TAB-28-01-2025-22:30:17:500-24988	TLTX25		OTHER	PAIRED	NextSeq 2000	774838	38741900	Homo sapiens
ERR14304423	SAMEA117636887	ena-SAMPLE-TAB-28-01-2025-22:30:17:500-24988	TLTX25		OTHER	PAIRED	NextSeq 2000	1098091	54904550	Homo sapiens
ERR14304431	SAMEA117636887	ena-SAMPLE-TAB-28-01-2025-22:30:17:500-24988	TLTX25		OTHER	PAIRED	NextSeq 2000	893491	44674550	Homo sapiens
ERR14304469	SAMEA117636887	ena-SAMPLE-TAB-28-01-2025-22:30:17:500-24988	TLTX25		OTHER	PAIRED	NextSeq 2000	626166	31308300	Homo sapiens
ERR14304494	SAMEA117636887	ena-SAMPLE-TAB-28-01-2025-22:30:17:500-24988	TLTX25		OTHER	PAIRED	NextSeq 2000	765430	38271500	Homo sapiens
ERR14304500	SAMEA117636887	ena-SAMPLE-TAB-28-01-2025-22:30:17:500-24988	TLTX25		OTHER	PAIRED	NextSeq 2000	991961	49598050	Homo sapiens
ERR14304519	SAMEA117636887	ena-SAMPLE-TAB-28-01-2025-22:30:17:500-24988	TLTX25		OTHER	PAIRED	NextSeq 2000	661162	33058100	Homo sapiens
ERR14304556	SAMEA117636887	ena-SAMPLE-TAB-28-01-2025-22:30:17:500-24988	TLTX25		OTHER	PAIRED	NextSeq 2000	1105397	55269850	Homo sapiens
ERR14304597	SAMEA117636887	ena-SAMPLE-TAB-28-01-2025-22:30:17:500-24988	TLTX25		OTHER	PAIRED	NextSeq 2000	1119775	55988750	Homo sapiens
ERR14304602	SAMEA117636887	ena-SAMPLE-TAB-28-01-2025-22:30:17:500-24988	TLTX25		OTHER	PAIRED	NextSeq 2000	444304	22215200	Homo sapiens
ERR14304626	SAMEA117636887	ena-SAMPLE-TAB-28-01-2025-22:30:17:500-24988	TLTX25		OTHER	PAIRED	NextSeq 2000	468141	23407050	Homo sapiens
ERR14304639	SAMEA117636887	ena-SAMPLE-TAB-28-01-2025-22:30:17:500-24988	TLTX25		OTHER	PAIRED	NextSeq 2000	945639	47281950	Homo sapiens
ERR14304649	SAMEA117636887	ena-SAMPLE-TAB-28-01-2025-22:30:17:500-24988	TLTX25		OTHER	PAIRED	NextSeq 2000	1040073	52003650	Homo sapiens
ERR14304652	SAMEA117636887	ena-SAMPLE-TAB-28-01-2025-22:30:17:500-24988	TLTX25		OTHER	PAIRED	NextSeq 2000	894943	44747150	Homo sapiens
ERR14304658	SAMEA117636887	ena-SAMPLE-TAB-28-01-2025-22:30:17:500-24988	TLTX25		OTHER	PAIRED	NextSeq 2000	654716	32735800	Homo sapiens
ERR14304663	SAMEA117636887	ena-SAMPLE-TAB-28-01-2025-22:30:17:500-24988	TLTX25		OTHER	PAIRED	NextSeq 2000	700198	35009900	Homo sapiens
ERR14304701	SAMEA117636887	ena-SAMPLE-TAB-28-01-2025-22:30:17:500-24988	TLTX25		OTHER	PAIRED	NextSeq 2000	847535	42376750	Homo sapiens
ERR14304812	SAMEA117636887	ena-SAMPLE-TAB-28-01-2025-22:30:17:500-24988	TLTX25		OTHER	PAIRED	NextSeq 2000	661168	33058400	Homo sapiens
ERR14304829	SAMEA117636887	ena-SAMPLE-TAB-28-01-2025-22:30:17:500-24988	TLTX25		OTHER	PAIRED	NextSeq 2000	1449451	72472550	Homo sapiens
ERR14304839	SAMEA117636887	ena-SAMPLE-TAB-28-01-2025-22:30:17:500-24988	TLTX25		OTHER	PAIRED	NextSeq 2000	1966807	98340350	Homo sapiens
ERR14304859	SAMEA117636887	ena-SAMPLE-TAB-28-01-2025-22:30:17:500-24988	TLTX25		OTHER	PAIRED	NextSeq 2000	1183486	59174300	Homo sapiens
ERR14304861	SAMEA117636887	ena-SAMPLE-TAB-28-01-2025-22:30:17:500-24988	TLTX25		OTHER	PAIRED	NextSeq 2000	1062734	53136700	Homo sapiens
ERR14304874	SAMEA117636887	ena-SAMPLE-TAB-28-01-2025-22:30:17:500-24988	TLTX25		OTHER	PAIRED	NextSeq 2000	3225653	161282650	Homo sapiens
ERR14304876	SAMEA117636887	ena-SAMPLE-TAB-28-01-2025-22:30:17:500-24988	TLTX25		OTHER	PAIRED	NextSeq 2000	1551116	77555800	Homo sapiens
ERR14304884	SAMEA117636887	ena-SAMPLE-TAB-28-01-2025-22:30:17:500-24988	TLTX25		OTHER	PAIRED	NextSeq 2000	1179982	58999100	Homo sapiens
ERR14304885	SAMEA117636887	ena-SAMPLE-TAB-28-01-2025-22:30:17:500-24988	TLTX25		OTHER	PAIRED	NextSeq 2000	1344541	67227050	Homo sapiens
ERR14304909	SAMEA117636887	ena-SAMPLE-TAB-28-01-2025-22:30:17:500-24988	TLTX25		OTHER	PAIRED	NextSeq 2000	1465746	73287300	Homo sapiens
ERR14304926	SAMEA117636887	ena-SAMPLE-TAB-28-01-2025-22:30:17:500-24988	TLTX25		OTHER	PAIRED	NextSeq 2000	1289297	64464850	Homo sapiens
ERR14304936	SAMEA117636887	ena-SAMPLE-TAB-28-01-2025-22:30:17:500-24988	TLTX25		OTHER	PAIRED	NextSeq 2000	1385083	69254150	Homo sapiens
ERR14304970	SAMEA117636887	ena-SAMPLE-TAB-28-01-2025-22:30:17:500-24988	TLTX25		OTHER	PAIRED	NextSeq 2000	853305	42665250	Homo sapiens
ERR14304990	SAMEA117636887	ena-SAMPLE-TAB-28-01-2025-22:30:17:500-24988	TLTX25		OTHER	PAIRED	NextSeq 2000	816643	40832150	Homo sapiens
ERR14305003	SAMEA117636887	ena-SAMPLE-TAB-28-01-2025-22:30:17:500-24988	TLTX25		OTHER	PAIRED	NextSeq 2000	1112166	55608300	Homo sapiens
ERR14305026	SAMEA117636887	ena-SAMPLE-TAB-28-01-2025-22:30:17:500-24988	TLTX25		OTHER	PAIRED	NextSeq 2000	1342471	67123550	Homo sapiens
ERR14305027	SAMEA117636887	ena-SAMPLE-TAB-28-01-2025-22:30:17:500-24988	TLTX25		OTHER	PAIRED	NextSeq 2000	1047107	52355350	Homo sapiens
ERR14305040	SAMEA117636887	ena-SAMPLE-TAB-28-01-2025-22:30:17:500-24988	TLTX25		OTHER	PAIRED	NextSeq 2000	1335464	66773200	Homo sapiens
ERR14305047	SAMEA117636887	ena-SAMPLE-TAB-28-01-2025-22:30:17:500-24988	TLTX25		OTHER	PAIRED	NextSeq 2000	1551377	77568850	Homo sapiens
ERR14305077	SAMEA117636887	ena-SAMPLE-TAB-28-01-2025-22:30:17:500-24988	TLTX25		OTHER	PAIRED	NextSeq 2000	933497	46674850	Homo sapiens
ERR14305138	SAMEA117636887	ena-SAMPLE-TAB-28-01-2025-22:30:17:500-24988	TLTX25		OTHER	PAIRED	NextSeq 2000	1067342	53367100	Homo sapiens
ERR14305236	SAMEA117636887	ena-SAMPLE-TAB-28-01-2025-22:30:17:500-24988	TLTX25		OTHER	PAIRED	NextSeq 2000	1508498	75424900	Homo sapiens
ERR14305244	SAMEA117636887	ena-SAMPLE-TAB-28-01-2025-22:30:17:500-24988	TLTX25		OTHER	PAIRED	NextSeq 2000	1019806	50990300	Homo sapiens
ERR14305246	SAMEA117636887	ena-SAMPLE-TAB-28-01-2025-22:30:17:500-24988	TLTX25		OTHER	PAIRED	NextSeq 2000	1054136	52706800	Homo sapiens
ERR14305248	SAMEA117636887	ena-SAMPLE-TAB-28-01-2025-22:30:17:500-24988	TLTX25		OTHER	PAIRED	NextSeq 2000	719550	35977500	Homo sapiens
ERR14305268	SAMEA117636887	ena-SAMPLE-TAB-28-01-2025-22:30:17:500-24988	TLTX25		OTHER	PAIRED	NextSeq 2000	1188765	59438250	Homo sapiens
ERR14305329	SAMEA117636887	ena-SAMPLE-TAB-28-01-2025-22:30:17:500-24988	TLTX25		OTHER	PAIRED	NextSeq 2000	949933	47496650	Homo sapiens
ERR14305360	SAMEA117636887	ena-SAMPLE-TAB-28-01-2025-22:30:17:500-24988	TLTX25		OTHER	PAIRED	NextSeq 2000	601686	30084300	Homo sapiens
ERR14305361	SAMEA117636887	ena-SAMPLE-TAB-28-01-2025-22:30:17:500-24988	TLTX25		OTHER	PAIRED	NextSeq 2000	765732	38286600	Homo sapiens
ERR14305372	SAMEA117636887	ena-SAMPLE-TAB-28-01-2025-22:30:17:500-24988	TLTX25		OTHER	PAIRED	NextSeq 2000	681584	34079200	Homo sapiens
ERR14305383	SAMEA117636887	ena-SAMPLE-TAB-28-01-2025-22:30:17:500-24988	TLTX25		OTHER	PAIRED	NextSeq 2000	654057	32702850	Homo sapiens
ERR14305386	SAMEA117636887	ena-SAMPLE-TAB-28-01-2025-22:30:17:500-24988	TLTX25		OTHER	PAIRED	NextSeq 2000	1432574	71628700	Homo sapiens
ERR14305395	SAMEA117636887	ena-SAMPLE-TAB-28-01-2025-22:30:17:500-24988	TLTX25		OTHER	PAIRED	NextSeq 2000	829863	41493150	Homo sapiens
ERR14305404	SAMEA117636887	ena-SAMPLE-TAB-28-01-2025-22:30:17:500-24988	TLTX25		OTHER	PAIRED	NextSeq 2000	1476404	73820200	Homo sapiens
ERR14305407	SAMEA117636887	ena-SAMPLE-TAB-28-01-2025-22:30:17:500-24988	TLTX25		OTHER	PAIRED	NextSeq 2000	1333186	66659300	Homo sapiens
ERR14305432	SAMEA117636887	ena-SAMPLE-TAB-28-01-2025-22:30:17:500-24988	TLTX25		OTHER	PAIRED	NextSeq 2000	1498671	74933550	Homo sapiens
ERR14305457	SAMEA117636887	ena-SAMPLE-TAB-28-01-2025-22:30:17:500-24988	TLTX25		OTHER	PAIRED	NextSeq 2000	776746	38837300	Homo sapiens
ERR14305490	SAMEA117636887	ena-SAMPLE-TAB-28-01-2025-22:30:17:500-24988	TLTX25		OTHER	PAIRED	NextSeq 2000	1776577	88828850	Homo sapiens
ERR14305524	SAMEA117636887	ena-SAMPLE-TAB-28-01-2025-22:30:17:500-24988	TLTX25		OTHER	PAIRED	NextSeq 2000	1427007	71350350	Homo sapiens
ERR14305552	SAMEA117636887	ena-SAMPLE-TAB-28-01-2025-22:30:17:500-24988	TLTX25		OTHER	PAIRED	NextSeq 2000	426207	21310350	Homo sapiens
ERR14305554	SAMEA117636887	ena-SAMPLE-TAB-28-01-2025-22:30:17:500-24988	TLTX25		OTHER	PAIRED	NextSeq 2000	347122	17356100	Homo sapiens
ERR14305563	SAMEA117636887	ena-SAMPLE-TAB-28-01-2025-22:30:17:500-24988	TLTX25		OTHER	PAIRED	NextSeq 2000	1100960	55048000	Homo sapiens
ERR14305565	SAMEA117636887	ena-SAMPLE-TAB-28-01-2025-22:30:17:500-24988	TLTX25		OTHER	PAIRED	NextSeq 2000	1301687	65084350	Homo sapiens
ERR14305570	SAMEA117636887	ena-SAMPLE-TAB-28-01-2025-22:30:17:500-24988	TLTX25		OTHER	PAIRED	NextSeq 2000	1397495	69874750	Homo sapiens
ERR14305574	SAMEA117636887	ena-SAMPLE-TAB-28-01-2025-22:30:17:500-24988	TLTX25		OTHER	PAIRED	NextSeq 2000	1062106	53105300	Homo sapiens
ERR14305592	SAMEA117636887	ena-SAMPLE-TAB-28-01-2025-22:30:17:500-24988	TLTX25		OTHER	PAIRED	NextSeq 2000	1166974	58348700	Homo sapiens
ERR14305631	SAMEA117636887	ena-SAMPLE-TAB-28-01-2025-22:30:17:500-24988	TLTX25		OTHER	PAIRED	NextSeq 2000	1688246	84412300	Homo sapiens
ERR14305654	SAMEA117636887	ena-SAMPLE-TAB-28-01-2025-22:30:17:500-24988	TLTX25		OTHER	PAIRED	NextSeq 2000	946491	47324550	Homo sapiens
ERR14305668	SAMEA117636887	ena-SAMPLE-TAB-28-01-2025-22:30:17:500-24988	TLTX25		OTHER	PAIRED	NextSeq 2000	1075237	53761850	Homo sapiens
ERR14305677	SAMEA117636887	ena-SAMPLE-TAB-28-01-2025-22:30:17:500-24988	TLTX25		OTHER	PAIRED	NextSeq 2000	1533451	76672550	Homo sapiens
ERR14305703	SAMEA117636887	ena-SAMPLE-TAB-28-01-2025-22:30:17:500-24988	TLTX25		OTHER	PAIRED	NextSeq 2000	1449666	72483300	Homo sapiens
ERR14305747	SAMEA117636887	ena-SAMPLE-TAB-28-01-2025-22:30:17:500-24988	TLTX25		OTHER	PAIRED	NextSeq 2000	1022591	51129550	Homo sapiens
ERR14305862	SAMEA117636887	ena-SAMPLE-TAB-28-01-2025-22:30:17:500-24988	TLTX25		OTHER	PAIRED	NextSeq 2000	1412652	70632600	Homo sapiens
ERR14305885	SAMEA117636887	ena-SAMPLE-TAB-28-01-2025-22:30:17:500-24988	TLTX25		OTHER	PAIRED	NextSeq 2000	886665	44333250	Homo sapiens
ERR14305916	SAMEA117636887	ena-SAMPLE-TAB-28-01-2025-22:30:17:500-24988	TLTX25		OTHER	PAIRED	NextSeq 2000	1074420	53721000	Homo sapiens
ERR14305936	SAMEA117636887	ena-SAMPLE-TAB-28-01-2025-22:30:17:500-24988	TLTX25		OTHER	PAIRED	NextSeq 2000	946154	47307700	Homo sapiens
ERR14305937	SAMEA117636887	ena-SAMPLE-TAB-28-01-2025-22:30:17:500-24988	TLTX25		OTHER	PAIRED	NextSeq 2000	1129314	56465700	Homo sapiens
ERR14305946	SAMEA117636887	ena-SAMPLE-TAB-28-01-2025-22:30:17:500-24988	TLTX25		OTHER	PAIRED	NextSeq 2000	1046579	52328950	Homo sapiens
ERR14305963	SAMEA117636887	ena-SAMPLE-TAB-28-01-2025-22:30:17:500-24988	TLTX25		OTHER	PAIRED	NextSeq 2000	1404358	70217900	Homo sapiens
ERR14305986	SAMEA117636887	ena-SAMPLE-TAB-28-01-2025-22:30:17:500-24988	TLTX25		OTHER	PAIRED	NextSeq 2000	640299	32014950	Homo sapiens
ERR14306032	SAMEA117636887	ena-SAMPLE-TAB-28-01-2025-22:30:17:500-24988	TLTX25		OTHER	PAIRED	NextSeq 2000	603855	30192750	Homo sapiens
ERR14306070	SAMEA117636887	ena-SAMPLE-TAB-28-01-2025-22:30:17:500-24988	TLTX25		OTHER	PAIRED	NextSeq 2000	1059008	52950400	Homo sapiens
ERR14306071	SAMEA117636887	ena-SAMPLE-TAB-28-01-2025-22:30:17:500-24988	TLTX25		OTHER	PAIRED	NextSeq 2000	1296811	64840550	Homo sapiens
ERR14306108	SAMEA117636887	ena-SAMPLE-TAB-28-01-2025-22:30:17:500-24988	TLTX25		OTHER	PAIRED	NextSeq 2000	727598	36379900	Homo sapiens
ERR14306117	SAMEA117636887	ena-SAMPLE-TAB-28-01-2025-22:30:17:500-24988	TLTX25		OTHER	PAIRED	NextSeq 2000	1198856	59942800	Homo sapiens
ERR14306125	SAMEA117636887	ena-SAMPLE-TAB-28-01-2025-22:30:17:500-24988	TLTX25		OTHER	PAIRED	NextSeq 2000	1190747	59537350	Homo sapiens
ERR14306126	SAMEA117636887	ena-SAMPLE-TAB-28-01-2025-22:30:17:500-24988	TLTX25		OTHER	PAIRED	NextSeq 2000	838648	41932400	Homo sapiens
ERR14306152	SAMEA117636887	ena-SAMPLE-TAB-28-01-2025-22:30:17:500-24988	TLTX25		OTHER	PAIRED	NextSeq 2000	1668832	83441600	Homo sapiens
ERR14306163	SAMEA117636887	ena-SAMPLE-TAB-28-01-2025-22:30:17:500-24988	TLTX25		OTHER	PAIRED	NextSeq 2000	1169374	58468700	Homo sapiens
ERR14306185	SAMEA117636887	ena-SAMPLE-TAB-28-01-2025-22:30:17:500-24988	TLTX25		OTHER	PAIRED	NextSeq 2000	281919	14095950	Homo sapiens
ERR14306193	SAMEA117636887	ena-SAMPLE-TAB-28-01-2025-22:30:17:500-24988	TLTX25		OTHER	PAIRED	NextSeq 2000	907954	45397700	Homo sapiens
ERR14306206	SAMEA117636887	ena-SAMPLE-TAB-28-01-2025-22:30:17:500-24988	TLTX25		OTHER	PAIRED	NextSeq 2000	1087231	54361550	Homo sapiens
ERR14306214	SAMEA117636887	ena-SAMPLE-TAB-28-01-2025-22:30:17:500-24988	TLTX25		OTHER	PAIRED	NextSeq 2000	753619	37680950	Homo sapiens
ERR14306233	SAMEA117636887	ena-SAMPLE-TAB-28-01-2025-22:30:17:500-24988	TLTX25		OTHER	PAIRED	NextSeq 2000	1210686	60534300	Homo sapiens
ERR14306261	SAMEA117636887	ena-SAMPLE-TAB-28-01-2025-22:30:17:500-24988	TLTX25		OTHER	PAIRED	NextSeq 2000	1377930	68896500	Homo sapiens
ERR14306280	SAMEA117636887	ena-SAMPLE-TAB-28-01-2025-22:30:17:500-24988	TLTX25		OTHER	PAIRED	NextSeq 2000	1525274	76263700	Homo sapiens
ERR14306306	SAMEA117636887	ena-SAMPLE-TAB-28-01-2025-22:30:17:500-24988	TLTX25		OTHER	PAIRED	NextSeq 2000	1256565	62828250	Homo sapiens
ERR14306332	SAMEA117636887	ena-SAMPLE-TAB-28-01-2025-22:30:17:500-24988	TLTX25		OTHER	PAIRED	NextSeq 2000	1159685	57984250	Homo sapiens
ERR14314255	SAMEA117636887	ena-SAMPLE-TAB-28-01-2025-22:30:17:500-24988	TLTX25		OTHER	SINGLE	NextSeq 2000	1	50	Homo sapiens
ERR14314258	SAMEA117636887	ena-SAMPLE-TAB-28-01-2025-22:30:17:500-24988	TLTX25		OTHER	SINGLE	NextSeq 2000	1	50	Homo sapiens
ERR14314260	SAMEA117636887	ena-SAMPLE-TAB-28-01-2025-22:30:17:500-24988	TLTX25		OTHER	SINGLE	NextSeq 2000	2	100	Homo sapiens
ERR14314298	SAMEA117636888	ena-SAMPLE-TAB-28-01-2025-22:30:17:500-24989	TLTX33		OTHER	PAIRED	NextSeq 2000	1122929	56146450	Homo sapiens
ERR14314306	SAMEA117636888	ena-SAMPLE-TAB-28-01-2025-22:30:17:500-24989	TLTX33		OTHER	PAIRED	NextSeq 2000	1300003	65000150	Homo sapiens
ERR14314307	SAMEA117636888	ena-SAMPLE-TAB-28-01-2025-22:30:17:500-24989	TLTX33		OTHER	PAIRED	NextSeq 2000	1655887	82794350	Homo sapiens
ERR14314367	SAMEA117636888	ena-SAMPLE-TAB-28-01-2025-22:30:17:500-24989	TLTX33		OTHER	PAIRED	NextSeq 2000	1202977	60148850	Homo sapiens
ERR14314381	SAMEA117636888	ena-SAMPLE-TAB-28-01-2025-22:30:17:500-24989	TLTX33		OTHER	PAIRED	NextSeq 2000	1299071	64953550	Homo sapiens
ERR14314399	SAMEA117636888	ena-SAMPLE-TAB-28-01-2025-22:30:17:500-24989	TLTX33		OTHER	PAIRED	NextSeq 2000	1162316	58115800	Homo sapiens
ERR14314407	SAMEA117636888	ena-SAMPLE-TAB-28-01-2025-22:30:17:500-24989	TLTX33		OTHER	PAIRED	NextSeq 2000	1380828	69041400	Homo sapiens
ERR14314451	SAMEA117636888	ena-SAMPLE-TAB-28-01-2025-22:30:17:500-24989	TLTX33		OTHER	PAIRED	NextSeq 2000	1665800	83290000	Homo sapiens
ERR14314465	SAMEA117636888	ena-SAMPLE-TAB-28-01-2025-22:30:17:500-24989	TLTX33		OTHER	PAIRED	NextSeq 2000	1661214	83060700	Homo sapiens
ERR14314467	SAMEA117636888	ena-SAMPLE-TAB-28-01-2025-22:30:17:500-24989	TLTX33		OTHER	PAIRED	NextSeq 2000	1684110	84205500	Homo sapiens
ERR14314488	SAMEA117636888	ena-SAMPLE-TAB-28-01-2025-22:30:17:500-24989	TLTX33		OTHER	PAIRED	NextSeq 2000	1058222	52911100	Homo sapiens
ERR14314490	SAMEA117636888	ena-SAMPLE-TAB-28-01-2025-22:30:17:500-24989	TLTX33		OTHER	PAIRED	NextSeq 2000	1578873	78943650	Homo sapiens
ERR14314496	SAMEA117636888	ena-SAMPLE-TAB-28-01-2025-22:30:17:500-24989	TLTX33		OTHER	PAIRED	NextSeq 2000	1438449	71922450	Homo sapiens
ERR14314503	SAMEA117636888	ena-SAMPLE-TAB-28-01-2025-22:30:17:500-24989	TLTX33		OTHER	PAIRED	NextSeq 2000	1341827	67091350	Homo sapiens
ERR14314512	SAMEA117636888	ena-SAMPLE-TAB-28-01-2025-22:30:17:500-24989	TLTX33		OTHER	PAIRED	NextSeq 2000	1681983	84099150	Homo sapiens
ERR14314561	SAMEA117636888	ena-SAMPLE-TAB-28-01-2025-22:30:17:500-24989	TLTX33		OTHER	PAIRED	NextSeq 2000	533286	26664300	Homo sapiens
ERR14314568	SAMEA117636888	ena-SAMPLE-TAB-28-01-2025-22:30:17:500-24989	TLTX33		OTHER	PAIRED	NextSeq 2000	957937	47896850	Homo sapiens
ERR14314576	SAMEA117636888	ena-SAMPLE-TAB-28-01-2025-22:30:17:500-24989	TLTX33		OTHER	PAIRED	NextSeq 2000	1176276	58813800	Homo sapiens
ERR14314585	SAMEA117636888	ena-SAMPLE-TAB-28-01-2025-22:30:17:500-24989	TLTX33		OTHER	PAIRED	NextSeq 2000	862501	43125050	Homo sapiens
ERR14314637	SAMEA117636888	ena-SAMPLE-TAB-28-01-2025-22:30:17:500-24989	TLTX33		OTHER	PAIRED	NextSeq 2000	1002765	50138250	Homo sapiens
ERR14314658	SAMEA117636888	ena-SAMPLE-TAB-28-01-2025-22:30:17:500-24989	TLTX33		OTHER	PAIRED	NextSeq 2000	1075232	53761600	Homo sapiens
ERR14314687	SAMEA117636888	ena-SAMPLE-TAB-28-01-2025-22:30:17:500-24989	TLTX33		OTHER	PAIRED	NextSeq 2000	975166	48758300	Homo sapiens
ERR14314759	SAMEA117636888	ena-SAMPLE-TAB-28-01-2025-22:30:17:500-24989	TLTX33		OTHER	PAIRED	NextSeq 2000	1183646	59182300	Homo sapiens
ERR14314851	SAMEA117636888	ena-SAMPLE-TAB-28-01-2025-22:30:17:500-24989	TLTX33		OTHER	PAIRED	NextSeq 2000	1311641	65582050	Homo sapiens
ERR14314902	SAMEA117636888	ena-SAMPLE-TAB-28-01-2025-22:30:17:500-24989	TLTX33		OTHER	PAIRED	NextSeq 2000	1477301	73865050	Homo sapiens
ERR14314903	SAMEA117636888	ena-SAMPLE-TAB-28-01-2025-22:30:17:500-24989	TLTX33		OTHER	PAIRED	NextSeq 2000	1340767	67038350	Homo sapiens
ERR14314931	SAMEA117636888	ena-SAMPLE-TAB-28-01-2025-22:30:17:500-24989	TLTX33		OTHER	PAIRED	NextSeq 2000	1233237	61661850	Homo sapiens
ERR14314969	SAMEA117636888	ena-SAMPLE-TAB-28-01-2025-22:30:17:500-24989	TLTX33		OTHER	PAIRED	NextSeq 2000	1007915	50395750	Homo sapiens
ERR14314976	SAMEA117636888	ena-SAMPLE-TAB-28-01-2025-22:30:17:500-24989	TLTX33		OTHER	PAIRED	NextSeq 2000	1547870	77393500	Homo sapiens
ERR14314978	SAMEA117636888	ena-SAMPLE-TAB-28-01-2025-22:30:17:500-24989	TLTX33		OTHER	PAIRED	NextSeq 2000	1418611	70930550	Homo sapiens
ERR14315007	SAMEA117636888	ena-SAMPLE-TAB-28-01-2025-22:30:17:500-24989	TLTX33		OTHER	PAIRED	NextSeq 2000	660468	33023400	Homo sapiens
ERR14315028	SAMEA117636888	ena-SAMPLE-TAB-28-01-2025-22:30:17:500-24989	TLTX33		OTHER	PAIRED	NextSeq 2000	1499879	74993950	Homo sapiens
ERR14315031	SAMEA117636888	ena-SAMPLE-TAB-28-01-2025-22:30:17:500-24989	TLTX33		OTHER	PAIRED	NextSeq 2000	1481883	74094150	Homo sapiens
ERR14315034	SAMEA117636888	ena-SAMPLE-TAB-28-01-2025-22:30:17:500-24989	TLTX33		OTHER	PAIRED	NextSeq 2000	1244941	62247050	Homo sapiens
ERR14315045	SAMEA117636888	ena-SAMPLE-TAB-28-01-2025-22:30:17:500-24989	TLTX33		OTHER	PAIRED	NextSeq 2000	1477184	73859200	Homo sapiens
ERR14315074	SAMEA117636888	ena-SAMPLE-TAB-28-01-2025-22:30:17:500-24989	TLTX33		OTHER	PAIRED	NextSeq 2000	1104787	55239350	Homo sapiens
ERR14315085	SAMEA117636888	ena-SAMPLE-TAB-28-01-2025-22:30:17:500-24989	TLTX33		OTHER	PAIRED	NextSeq 2000	1241748	62087400	Homo sapiens
ERR14315089	SAMEA117636888	ena-SAMPLE-TAB-28-01-2025-22:30:17:500-24989	TLTX33		OTHER	PAIRED	NextSeq 2000	1487696	74384800	Homo sapiens
ERR14315124	SAMEA117636888	ena-SAMPLE-TAB-28-01-2025-22:30:17:500-24989	TLTX33		OTHER	PAIRED	NextSeq 2000	1053374	52668700	Homo sapiens
ERR14315158	SAMEA117636888	ena-SAMPLE-TAB-28-01-2025-22:30:17:500-24989	TLTX33		OTHER	PAIRED	NextSeq 2000	1294593	64729650	Homo sapiens
ERR14315216	SAMEA117636888	ena-SAMPLE-TAB-28-01-2025-22:30:17:500-24989	TLTX33		OTHER	PAIRED	NextSeq 2000	1033219	51660950	Homo sapiens
ERR14315224	SAMEA117636888	ena-SAMPLE-TAB-28-01-2025-22:30:17:500-24989	TLTX33		OTHER	PAIRED	NextSeq 2000	1533642	76682100	Homo sapiens
ERR14315312	SAMEA117636888	ena-SAMPLE-TAB-28-01-2025-22:30:17:500-24989	TLTX33		OTHER	PAIRED	NextSeq 2000	381381	19069050	Homo sapiens
ERR14315328	SAMEA117636888	ena-SAMPLE-TAB-28-01-2025-22:30:17:500-24989	TLTX33		OTHER	PAIRED	NextSeq 2000	1020601	51030050	Homo sapiens
ERR14315330	SAMEA117636888	ena-SAMPLE-TAB-28-01-2025-22:30:17:500-24989	TLTX33		OTHER	PAIRED	NextSeq 2000	1325461	66273050	Homo sapiens
ERR14315364	SAMEA117636888	ena-SAMPLE-TAB-28-01-2025-22:30:17:500-24989	TLTX33		OTHER	PAIRED	NextSeq 2000	724674	36233700	Homo sapiens
ERR14315365	SAMEA117636888	ena-SAMPLE-TAB-28-01-2025-22:30:17:500-24989	TLTX33		OTHER	PAIRED	NextSeq 2000	633895	31694750	Homo sapiens
ERR14315407	SAMEA117636888	ena-SAMPLE-TAB-28-01-2025-22:30:17:500-24989	TLTX33		OTHER	PAIRED	NextSeq 2000	895076	44753800	Homo sapiens
ERR14315409	SAMEA117636888	ena-SAMPLE-TAB-28-01-2025-22:30:17:500-24989	TLTX33		OTHER	PAIRED	NextSeq 2000	1192598	59629900	Homo sapiens
ERR14315415	SAMEA117636888	ena-SAMPLE-TAB-28-01-2025-22:30:17:500-24989	TLTX33		OTHER	PAIRED	NextSeq 2000	1205658	60282900	Homo sapiens
ERR14315420	SAMEA117636888	ena-SAMPLE-TAB-28-01-2025-22:30:17:500-24989	TLTX33		OTHER	PAIRED	NextSeq 2000	931288	46564400	Homo sapiens
ERR14315436	SAMEA117636888	ena-SAMPLE-TAB-28-01-2025-22:30:17:500-24989	TLTX33		OTHER	PAIRED	NextSeq 2000	560819	28040950	Homo sapiens
ERR14315455	SAMEA117636888	ena-SAMPLE-TAB-28-01-2025-22:30:17:500-24989	TLTX33		OTHER	PAIRED	NextSeq 2000	1621790	81089500	Homo sapiens
ERR14315472	SAMEA117636888	ena-SAMPLE-TAB-28-01-2025-22:30:17:500-24989	TLTX33		OTHER	PAIRED	NextSeq 2000	1363012	68150600	Homo sapiens
ERR14315474	SAMEA117636888	ena-SAMPLE-TAB-28-01-2025-22:30:17:500-24989	TLTX33		OTHER	PAIRED	NextSeq 2000	1565659	78282950	Homo sapiens
ERR14315475	SAMEA117636888	ena-SAMPLE-TAB-28-01-2025-22:30:17:500-24989	TLTX33		OTHER	PAIRED	NextSeq 2000	1415235	70761750	Homo sapiens
ERR14315479	SAMEA117636888	ena-SAMPLE-TAB-28-01-2025-22:30:17:500-24989	TLTX33		OTHER	PAIRED	NextSeq 2000	1041616	52080800	Homo sapiens
ERR14315491	SAMEA117636888	ena-SAMPLE-TAB-28-01-2025-22:30:17:500-24989	TLTX33		OTHER	PAIRED	NextSeq 2000	1440146	72007300	Homo sapiens
ERR14315493	SAMEA117636888	ena-SAMPLE-TAB-28-01-2025-22:30:17:500-24989	TLTX33		OTHER	PAIRED	NextSeq 2000	1233149	61657450	Homo sapiens
ERR14315502	SAMEA117636888	ena-SAMPLE-TAB-28-01-2025-22:30:17:500-24989	TLTX33		OTHER	PAIRED	NextSeq 2000	1463705	73185250	Homo sapiens
ERR14315515	SAMEA117636888	ena-SAMPLE-TAB-28-01-2025-22:30:17:500-24989	TLTX33		OTHER	PAIRED	NextSeq 2000	799139	39956950	Homo sapiens
ERR14315517	SAMEA117636888	ena-SAMPLE-TAB-28-01-2025-22:30:17:500-24989	TLTX33		OTHER	PAIRED	NextSeq 2000	1518428	75921400	Homo sapiens
ERR14315569	SAMEA117636888	ena-SAMPLE-TAB-28-01-2025-22:30:17:500-24989	TLTX33		OTHER	PAIRED	NextSeq 2000	494825	24741250	Homo sapiens
ERR14315572	SAMEA117636888	ena-SAMPLE-TAB-28-01-2025-22:30:17:500-24989	TLTX33		OTHER	PAIRED	NextSeq 2000	841593	42079650	Homo sapiens
ERR14315575	SAMEA117636888	ena-SAMPLE-TAB-28-01-2025-22:30:17:500-24989	TLTX33		OTHER	PAIRED	NextSeq 2000	726738	36336900	Homo sapiens
ERR14315637	SAMEA117636888	ena-SAMPLE-TAB-28-01-2025-22:30:17:500-24989	TLTX33		OTHER	PAIRED	NextSeq 2000	932799	46639950	Homo sapiens
ERR14315647	SAMEA117636888	ena-SAMPLE-TAB-28-01-2025-22:30:17:500-24989	TLTX33		OTHER	PAIRED	NextSeq 2000	1220369	61018450	Homo sapiens
ERR14315715	SAMEA117636888	ena-SAMPLE-TAB-28-01-2025-22:30:17:500-24989	TLTX33		OTHER	PAIRED	NextSeq 2000	666610	33330500	Homo sapiens
ERR14315732	SAMEA117636888	ena-SAMPLE-TAB-28-01-2025-22:30:17:500-24989	TLTX33		OTHER	PAIRED	NextSeq 2000	550756	27537800	Homo sapiens
ERR14315753	SAMEA117636888	ena-SAMPLE-TAB-28-01-2025-22:30:17:500-24989	TLTX33		OTHER	PAIRED	NextSeq 2000	1823884	91194200	Homo sapiens
ERR14315779	SAMEA117636888	ena-SAMPLE-TAB-28-01-2025-22:30:17:500-24989	TLTX33		OTHER	PAIRED	NextSeq 2000	1593556	79677800	Homo sapiens
ERR14315805	SAMEA117636888	ena-SAMPLE-TAB-28-01-2025-22:30:17:500-24989	TLTX33		OTHER	PAIRED	NextSeq 2000	1262582	63129100	Homo sapiens
ERR14315821	SAMEA117636888	ena-SAMPLE-TAB-28-01-2025-22:30:17:500-24989	TLTX33		OTHER	PAIRED	NextSeq 2000	774767	38738350	Homo sapiens
ERR14315824	SAMEA117636888	ena-SAMPLE-TAB-28-01-2025-22:30:17:500-24989	TLTX33		OTHER	PAIRED	NextSeq 2000	1872966	93648300	Homo sapiens
ERR14315858	SAMEA117636888	ena-SAMPLE-TAB-28-01-2025-22:30:17:500-24989	TLTX33		OTHER	PAIRED	NextSeq 2000	516039	25801950	Homo sapiens
ERR14315886	SAMEA117636888	ena-SAMPLE-TAB-28-01-2025-22:30:17:500-24989	TLTX33		OTHER	PAIRED	NextSeq 2000	1646732	82336600	Homo sapiens
ERR14315889	SAMEA117636888	ena-SAMPLE-TAB-28-01-2025-22:30:17:500-24989	TLTX33		OTHER	PAIRED	NextSeq 2000	895232	44761600	Homo sapiens
ERR14315890	SAMEA117636888	ena-SAMPLE-TAB-28-01-2025-22:30:17:500-24989	TLTX33		OTHER	PAIRED	NextSeq 2000	638681	31934050	Homo sapiens
ERR14315897	SAMEA117636888	ena-SAMPLE-TAB-28-01-2025-22:30:17:500-24989	TLTX33		OTHER	PAIRED	NextSeq 2000	1415203	70760150	Homo sapiens
ERR14315929	SAMEA117636888	ena-SAMPLE-TAB-28-01-2025-22:30:17:500-24989	TLTX33		OTHER	PAIRED	NextSeq 2000	464503	23225150	Homo sapiens
ERR14315939	SAMEA117636888	ena-SAMPLE-TAB-28-01-2025-22:30:17:500-24989	TLTX33		OTHER	PAIRED	NextSeq 2000	549453	27472650	Homo sapiens
ERR14315942	SAMEA117636888	ena-SAMPLE-TAB-28-01-2025-22:30:17:500-24989	TLTX33		OTHER	PAIRED	NextSeq 2000	807752	40387600	Homo sapiens
ERR14316082	SAMEA117636888	ena-SAMPLE-TAB-28-01-2025-22:30:17:500-24989	TLTX33		OTHER	PAIRED	NextSeq 2000	253300	12665000	Homo sapiens
ERR14316131	SAMEA117636888	ena-SAMPLE-TAB-28-01-2025-22:30:17:500-24989	TLTX33		OTHER	PAIRED	NextSeq 2000	524609	26230450	Homo sapiens
ERR14316133	SAMEA117636888	ena-SAMPLE-TAB-28-01-2025-22:30:17:500-24989	TLTX33		OTHER	PAIRED	NextSeq 2000	1419721	70986050	Homo sapiens
ERR14317641	SAMEA117636888	ena-SAMPLE-TAB-28-01-2025-22:30:17:500-24989	TLTX33		OTHER	PAIRED	NextSeq 2000	1362833	68141650	Homo sapiens
ERR14317680	SAMEA117636888	ena-SAMPLE-TAB-28-01-2025-22:30:17:500-24989	TLTX33		OTHER	PAIRED	NextSeq 2000	804396	40219800	Homo sapiens
ERR14317712	SAMEA117636888	ena-SAMPLE-TAB-28-01-2025-22:30:17:500-24989	TLTX33		OTHER	PAIRED	NextSeq 2000	1200542	60027100	Homo sapiens
ERR14317727	SAMEA117636888	ena-SAMPLE-TAB-28-01-2025-22:30:17:500-24989	TLTX33		OTHER	PAIRED	NextSeq 2000	251167	12558350	Homo sapiens
ERR14317750	SAMEA117636888	ena-SAMPLE-TAB-28-01-2025-22:30:17:500-24989	TLTX33		OTHER	PAIRED	NextSeq 2000	1240221	62011050	Homo sapiens
ERR14317775	SAMEA117636888	ena-SAMPLE-TAB-28-01-2025-22:30:17:500-24989	TLTX33		OTHER	PAIRED	NextSeq 2000	1030781	51539050	Homo sapiens
ERR14317838	SAMEA117636888	ena-SAMPLE-TAB-28-01-2025-22:30:17:500-24989	TLTX33		OTHER	PAIRED	NextSeq 2000	919561	45978050	Homo sapiens
ERR14317896	SAMEA117636888	ena-SAMPLE-TAB-28-01-2025-22:30:17:500-24989	TLTX33		OTHER	PAIRED	NextSeq 2000	1011995	50599750	Homo sapiens
ERR14317918	SAMEA117636888	ena-SAMPLE-TAB-28-01-2025-22:30:17:500-24989	TLTX33		OTHER	PAIRED	NextSeq 2000	1270385	63519250	Homo sapiens
ERR14317925	SAMEA117636888	ena-SAMPLE-TAB-28-01-2025-22:30:17:500-24989	TLTX33		OTHER	PAIRED	NextSeq 2000	1061274	53063700	Homo sapiens
ERR14317934	SAMEA117636888	ena-SAMPLE-TAB-28-01-2025-22:30:17:500-24989	TLTX33		OTHER	PAIRED	NextSeq 2000	1688509	84425450	Homo sapiens
ERR14317940	SAMEA117636888	ena-SAMPLE-TAB-28-01-2025-22:30:17:500-24989	TLTX33		OTHER	PAIRED	NextSeq 2000	1002442	50122100	Homo sapiens
ERR14317941	SAMEA117636888	ena-SAMPLE-TAB-28-01-2025-22:30:17:500-24989	TLTX33		OTHER	PAIRED	NextSeq 2000	415412	20770600	Homo sapiens
ERR14317978	SAMEA117636888	ena-SAMPLE-TAB-28-01-2025-22:30:17:500-24989	TLTX33		OTHER	PAIRED	NextSeq 2000	841968	42098400	Homo sapiens
ERR14318012	SAMEA117636888	ena-SAMPLE-TAB-28-01-2025-22:30:17:500-24989	TLTX33		OTHER	PAIRED	NextSeq 2000	551238	27561900	Homo sapiens
ERR14318018	SAMEA117636888	ena-SAMPLE-TAB-28-01-2025-22:30:17:500-24989	TLTX33		OTHER	PAIRED	NextSeq 2000	1142996	57149800	Homo sapiens
ERR14318026	SAMEA117636888	ena-SAMPLE-TAB-28-01-2025-22:30:17:500-24989	TLTX33		OTHER	PAIRED	NextSeq 2000	302452	15122600	Homo sapiens
ERR14318030	SAMEA117636888	ena-SAMPLE-TAB-28-01-2025-22:30:17:500-24989	TLTX33		OTHER	PAIRED	NextSeq 2000	812445	40622250	Homo sapiens
ERR14318039	SAMEA117636888	ena-SAMPLE-TAB-28-01-2025-22:30:17:500-24989	TLTX33		OTHER	PAIRED	NextSeq 2000	630621	31531050	Homo sapiens
ERR14318041	SAMEA117636888	ena-SAMPLE-TAB-28-01-2025-22:30:17:500-24989	TLTX33		OTHER	PAIRED	NextSeq 2000	359904	17995200	Homo sapiens
ERR14318126	SAMEA117636888	ena-SAMPLE-TAB-28-01-2025-22:30:17:500-24989	TLTX33		OTHER	PAIRED	NextSeq 2000	773004	38650200	Homo sapiens
ERR14318140	SAMEA117636888	ena-SAMPLE-TAB-28-01-2025-22:30:17:500-24989	TLTX33		OTHER	PAIRED	NextSeq 2000	309180	15459000	Homo sapiens
ERR14318160	SAMEA117636888	ena-SAMPLE-TAB-28-01-2025-22:30:17:500-24989	TLTX33		OTHER	PAIRED	NextSeq 2000	1501949	75097450	Homo sapiens
ERR14318172	SAMEA117636888	ena-SAMPLE-TAB-28-01-2025-22:30:17:500-24989	TLTX33		OTHER	PAIRED	NextSeq 2000	1239163	61958150	Homo sapiens
ERR14318244	SAMEA117636888	ena-SAMPLE-TAB-28-01-2025-22:30:17:500-24989	TLTX33		OTHER	PAIRED	NextSeq 2000	699579	34978950	Homo sapiens
ERR14318251	SAMEA117636888	ena-SAMPLE-TAB-28-01-2025-22:30:17:500-24989	TLTX33		OTHER	PAIRED	NextSeq 2000	591008	29550400	Homo sapiens
ERR14318261	SAMEA117636888	ena-SAMPLE-TAB-28-01-2025-22:30:17:500-24989	TLTX33		OTHER	PAIRED	NextSeq 2000	918603	45930150	Homo sapiens
ERR14318281	SAMEA117636888	ena-SAMPLE-TAB-28-01-2025-22:30:17:500-24989	TLTX33		OTHER	PAIRED	NextSeq 2000	1220408	61020400	Homo sapiens
ERR14318308	SAMEA117636888	ena-SAMPLE-TAB-28-01-2025-22:30:17:500-24989	TLTX33		OTHER	PAIRED	NextSeq 2000	1011412	50570600	Homo sapiens
ERR14318316	SAMEA117636888	ena-SAMPLE-TAB-28-01-2025-22:30:17:500-24989	TLTX33		OTHER	PAIRED	NextSeq 2000	1859094	92954700	Homo sapiens
ERR14318320	SAMEA117636888	ena-SAMPLE-TAB-28-01-2025-22:30:17:500-24989	TLTX33		OTHER	PAIRED	NextSeq 2000	1256659	62832950	Homo sapiens
ERR14318365	SAMEA117636888	ena-SAMPLE-TAB-28-01-2025-22:30:17:500-24989	TLTX33		OTHER	PAIRED	NextSeq 2000	816515	40825750	Homo sapiens
ERR14318373	SAMEA117636888	ena-SAMPLE-TAB-28-01-2025-22:30:17:500-24989	TLTX33		OTHER	PAIRED	NextSeq 2000	1310025	65501250	Homo sapiens
ERR14318394	SAMEA117636888	ena-SAMPLE-TAB-28-01-2025-22:30:17:500-24989	TLTX33		OTHER	PAIRED	NextSeq 2000	1007315	50365750	Homo sapiens
ERR14318397	SAMEA117636888	ena-SAMPLE-TAB-28-01-2025-22:30:17:500-24989	TLTX33		OTHER	PAIRED	NextSeq 2000	981774	49088700	Homo sapiens
ERR14318420	SAMEA117636888	ena-SAMPLE-TAB-28-01-2025-22:30:17:500-24989	TLTX33		OTHER	PAIRED	NextSeq 2000	2112795	105639750	Homo sapiens
ERR14318435	SAMEA117636888	ena-SAMPLE-TAB-28-01-2025-22:30:17:500-24989	TLTX33		OTHER	PAIRED	NextSeq 2000	1693979	84698950	Homo sapiens
ERR14318452	SAMEA117636888	ena-SAMPLE-TAB-28-01-2025-22:30:17:500-24989	TLTX33		OTHER	PAIRED	NextSeq 2000	1446785	72339250	Homo sapiens
ERR14318455	SAMEA117636888	ena-SAMPLE-TAB-28-01-2025-22:30:17:500-24989	TLTX33		OTHER	PAIRED	NextSeq 2000	1117622	55881100	Homo sapiens
ERR14318540	SAMEA117636888	ena-SAMPLE-TAB-28-01-2025-22:30:17:500-24989	TLTX33		OTHER	PAIRED	NextSeq 2000	1264298	63214900	Homo sapiens
ERR14318543	SAMEA117636888	ena-SAMPLE-TAB-28-01-2025-22:30:17:500-24989	TLTX33		OTHER	PAIRED	NextSeq 2000	668694	33434700	Homo sapiens
ERR14318545	SAMEA117636888	ena-SAMPLE-TAB-28-01-2025-22:30:17:500-24989	TLTX33		OTHER	PAIRED	NextSeq 2000	919465	45973250	Homo sapiens
ERR14318568	SAMEA117636888	ena-SAMPLE-TAB-28-01-2025-22:30:17:500-24989	TLTX33		OTHER	PAIRED	NextSeq 2000	1384140	69207000	Homo sapiens
ERR14318577	SAMEA117636888	ena-SAMPLE-TAB-28-01-2025-22:30:17:500-24989	TLTX33		OTHER	PAIRED	NextSeq 2000	1183581	59179050	Homo sapiens
ERR14318583	SAMEA117636888	ena-SAMPLE-TAB-28-01-2025-22:30:17:500-24989	TLTX33		OTHER	PAIRED	NextSeq 2000	1776760	88838000	Homo sapiens
ERR14318594	SAMEA117636888	ena-SAMPLE-TAB-28-01-2025-22:30:17:500-24989	TLTX33		OTHER	PAIRED	NextSeq 2000	1059590	52979500	Homo sapiens
ERR14318748	SAMEA117636888	ena-SAMPLE-TAB-28-01-2025-22:30:17:500-24989	TLTX33		OTHER	PAIRED	NextSeq 2000	1470169	73508450	Homo sapiens
ERR14318766	SAMEA117636888	ena-SAMPLE-TAB-28-01-2025-22:30:17:500-24989	TLTX33		OTHER	PAIRED	NextSeq 2000	1953070	97653500	Homo sapiens
ERR14318837	SAMEA117636888	ena-SAMPLE-TAB-28-01-2025-22:30:17:500-24989	TLTX33		OTHER	PAIRED	NextSeq 2000	1486129	74306450	Homo sapiens
ERR14318848	SAMEA117636888	ena-SAMPLE-TAB-28-01-2025-22:30:17:500-24989	TLTX33		OTHER	PAIRED	NextSeq 2000	1681572	84078600	Homo sapiens
ERR14318852	SAMEA117636888	ena-SAMPLE-TAB-28-01-2025-22:30:17:500-24989	TLTX33		OTHER	PAIRED	NextSeq 2000	1308772	65438600	Homo sapiens
ERR14318861	SAMEA117636888	ena-SAMPLE-TAB-28-01-2025-22:30:17:500-24989	TLTX33		OTHER	PAIRED	NextSeq 2000	1612361	80618050	Homo sapiens
ERR14318877	SAMEA117636888	ena-SAMPLE-TAB-28-01-2025-22:30:17:500-24989	TLTX33		OTHER	PAIRED	NextSeq 2000	470307	23515350	Homo sapiens
ERR14318886	SAMEA117636888	ena-SAMPLE-TAB-28-01-2025-22:30:17:500-24989	TLTX33		OTHER	PAIRED	NextSeq 2000	1438996	71949800	Homo sapiens
ERR14318923	SAMEA117636888	ena-SAMPLE-TAB-28-01-2025-22:30:17:500-24989	TLTX33		OTHER	PAIRED	NextSeq 2000	1402872	70143600	Homo sapiens
ERR14318957	SAMEA117636888	ena-SAMPLE-TAB-28-01-2025-22:30:17:500-24989	TLTX33		OTHER	PAIRED	NextSeq 2000	999242	49962100	Homo sapiens
ERR14318960	SAMEA117636888	ena-SAMPLE-TAB-28-01-2025-22:30:17:500-24989	TLTX33		OTHER	PAIRED	NextSeq 2000	939339	46966950	Homo sapiens
ERR14318964	SAMEA117636888	ena-SAMPLE-TAB-28-01-2025-22:30:17:500-24989	TLTX33		OTHER	PAIRED	NextSeq 2000	1187473	59373650	Homo sapiens
ERR14318965	SAMEA117636888	ena-SAMPLE-TAB-28-01-2025-22:30:17:500-24989	TLTX33		OTHER	PAIRED	NextSeq 2000	924725	46236250	Homo sapiens
ERR14318976	SAMEA117636888	ena-SAMPLE-TAB-28-01-2025-22:30:17:500-24989	TLTX33		OTHER	PAIRED	NextSeq 2000	1344761	67238050	Homo sapiens
ERR14318985	SAMEA117636888	ena-SAMPLE-TAB-28-01-2025-22:30:17:500-24989	TLTX33		OTHER	PAIRED	NextSeq 2000	1333014	66650700	Homo sapiens
ERR14318987	SAMEA117636888	ena-SAMPLE-TAB-28-01-2025-22:30:17:500-24989	TLTX33		OTHER	PAIRED	NextSeq 2000	996127	49806350	Homo sapiens
ERR14318991	SAMEA117636888	ena-SAMPLE-TAB-28-01-2025-22:30:17:500-24989	TLTX33		OTHER	PAIRED	NextSeq 2000	1139796	56989800	Homo sapiens
ERR14319051	SAMEA117636888	ena-SAMPLE-TAB-28-01-2025-22:30:17:500-24989	TLTX33		OTHER	PAIRED	NextSeq 2000	903935	45196750	Homo sapiens
ERR14319052	SAMEA117636888	ena-SAMPLE-TAB-28-01-2025-22:30:17:500-24989	TLTX33		OTHER	PAIRED	NextSeq 2000	908636	45431800	Homo sapiens
ERR14319053	SAMEA117636888	ena-SAMPLE-TAB-28-01-2025-22:30:17:500-24989	TLTX33		OTHER	PAIRED	NextSeq 2000	1345128	67256400	Homo sapiens
ERR14319064	SAMEA117636888	ena-SAMPLE-TAB-28-01-2025-22:30:17:500-24989	TLTX33		OTHER	PAIRED	NextSeq 2000	1086515	54325750	Homo sapiens
ERR14319100	SAMEA117636888	ena-SAMPLE-TAB-28-01-2025-22:30:17:500-24989	TLTX33		OTHER	PAIRED	NextSeq 2000	972914	48645700	Homo sapiens
ERR14319124	SAMEA117636888	ena-SAMPLE-TAB-28-01-2025-22:30:17:500-24989	TLTX33		OTHER	PAIRED	NextSeq 2000	2452514	122625700	Homo sapiens
ERR14319125	SAMEA117636888	ena-SAMPLE-TAB-28-01-2025-22:30:17:500-24989	TLTX33		OTHER	PAIRED	NextSeq 2000	1561929	78096450	Homo sapiens
ERR14319145	SAMEA117636888	ena-SAMPLE-TAB-28-01-2025-22:30:17:500-24989	TLTX33		OTHER	PAIRED	NextSeq 2000	926325	46316250	Homo sapiens
ERR14319164	SAMEA117636888	ena-SAMPLE-TAB-28-01-2025-22:30:17:500-24989	TLTX33		OTHER	PAIRED	NextSeq 2000	721250	36062500	Homo sapiens
ERR14319165	SAMEA117636888	ena-SAMPLE-TAB-28-01-2025-22:30:17:500-24989	TLTX33		OTHER	PAIRED	NextSeq 2000	986643	49332150	Homo sapiens
ERR14319186	SAMEA117636888	ena-SAMPLE-TAB-28-01-2025-22:30:17:500-24989	TLTX33		OTHER	PAIRED	NextSeq 2000	1486726	74336300	Homo sapiens
ERR14319194	SAMEA117636888	ena-SAMPLE-TAB-28-01-2025-22:30:17:500-24989	TLTX33		OTHER	PAIRED	NextSeq 2000	1613091	80654550	Homo sapiens
ERR14319274	SAMEA117636888	ena-SAMPLE-TAB-28-01-2025-22:30:17:500-24989	TLTX33		OTHER	PAIRED	NextSeq 2000	1520232	76011600	Homo sapiens
ERR14319284	SAMEA117636888	ena-SAMPLE-TAB-28-01-2025-22:30:17:500-24989	TLTX33		OTHER	PAIRED	NextSeq 2000	1167216	58360800	Homo sapiens
ERR14319300	SAMEA117636888	ena-SAMPLE-TAB-28-01-2025-22:30:17:500-24989	TLTX33		OTHER	PAIRED	NextSeq 2000	1213611	60680550	Homo sapiens
ERR14319306	SAMEA117636888	ena-SAMPLE-TAB-28-01-2025-22:30:17:500-24989	TLTX33		OTHER	PAIRED	NextSeq 2000	767466	38373300	Homo sapiens
ERR14319312	SAMEA117636888	ena-SAMPLE-TAB-28-01-2025-22:30:17:500-24989	TLTX33		OTHER	PAIRED	NextSeq 2000	804497	40224850	Homo sapiens
ERR14319318	SAMEA117636888	ena-SAMPLE-TAB-28-01-2025-22:30:17:500-24989	TLTX33		OTHER	PAIRED	NextSeq 2000	784640	39232000	Homo sapiens
ERR14319344	SAMEA117636888	ena-SAMPLE-TAB-28-01-2025-22:30:17:500-24989	TLTX33		OTHER	PAIRED	NextSeq 2000	1092979	54648950	Homo sapiens
ERR14319354	SAMEA117636888	ena-SAMPLE-TAB-28-01-2025-22:30:17:500-24989	TLTX33		OTHER	PAIRED	NextSeq 2000	894844	44742200	Homo sapiens
ERR14319365	SAMEA117636888	ena-SAMPLE-TAB-28-01-2025-22:30:17:500-24989	TLTX33		OTHER	PAIRED	NextSeq 2000	968603	48430150	Homo sapiens
ERR14319371	SAMEA117636888	ena-SAMPLE-TAB-28-01-2025-22:30:17:500-24989	TLTX33		OTHER	PAIRED	NextSeq 2000	1192313	59615650	Homo sapiens
ERR14319410	SAMEA117636888	ena-SAMPLE-TAB-28-01-2025-22:30:17:500-24989	TLTX33		OTHER	PAIRED	NextSeq 2000	1352832	67641600	Homo sapiens
ERR14319415	SAMEA117636888	ena-SAMPLE-TAB-28-01-2025-22:30:17:500-24989	TLTX33		OTHER	PAIRED	NextSeq 2000	1154656	57732800	Homo sapiens
ERR14319454	SAMEA117636888	ena-SAMPLE-TAB-28-01-2025-22:30:17:500-24989	TLTX33		OTHER	PAIRED	NextSeq 2000	813796	40689800	Homo sapiens
ERR14319480	SAMEA117636888	ena-SAMPLE-TAB-28-01-2025-22:30:17:500-24989	TLTX33		OTHER	PAIRED	NextSeq 2000	677416	33870800	Homo sapiens
ERR14319490	SAMEA117636888	ena-SAMPLE-TAB-28-01-2025-22:30:17:500-24989	TLTX33		OTHER	PAIRED	NextSeq 2000	1424823	71241150	Homo sapiens
ERR14319525	SAMEA117636888	ena-SAMPLE-TAB-28-01-2025-22:30:17:500-24989	TLTX33		OTHER	PAIRED	NextSeq 2000	677980	33899000	Homo sapiens
ERR14319526	SAMEA117636888	ena-SAMPLE-TAB-28-01-2025-22:30:17:500-24989	TLTX33		OTHER	PAIRED	NextSeq 2000	930147	46507350	Homo sapiens
ERR14319537	SAMEA117636888	ena-SAMPLE-TAB-28-01-2025-22:30:17:500-24989	TLTX33		OTHER	PAIRED	NextSeq 2000	1246109	62305450	Homo sapiens
ERR14319598	SAMEA117636888	ena-SAMPLE-TAB-28-01-2025-22:30:17:500-24989	TLTX33		OTHER	PAIRED	NextSeq 2000	786925	39346250	Homo sapiens
ERR14319684	SAMEA117636888	ena-SAMPLE-TAB-28-01-2025-22:30:17:500-24989	TLTX33		OTHER	PAIRED	NextSeq 2000	937323	46866150	Homo sapiens
ERR14319701	SAMEA117636888	ena-SAMPLE-TAB-28-01-2025-22:30:17:500-24989	TLTX33		OTHER	PAIRED	NextSeq 2000	832398	41619900	Homo sapiens
ERR14319721	SAMEA117636888	ena-SAMPLE-TAB-28-01-2025-22:30:17:500-24989	TLTX33		OTHER	PAIRED	NextSeq 2000	937542	46877100	Homo sapiens
ERR14319723	SAMEA117636888	ena-SAMPLE-TAB-28-01-2025-22:30:17:500-24989	TLTX33		OTHER	PAIRED	NextSeq 2000	832700	41635000	Homo sapiens
ERR14319752	SAMEA117636888	ena-SAMPLE-TAB-28-01-2025-22:30:17:500-24989	TLTX33		OTHER	PAIRED	NextSeq 2000	1000782	50039100	Homo sapiens
ERR14319755	SAMEA117636888	ena-SAMPLE-TAB-28-01-2025-22:30:17:500-24989	TLTX33		OTHER	PAIRED	NextSeq 2000	1224724	61236200	Homo sapiens
ERR14319759	SAMEA117636888	ena-SAMPLE-TAB-28-01-2025-22:30:17:500-24989	TLTX33		OTHER	PAIRED	NextSeq 2000	688113	34405650	Homo sapiens
ERR14319771	SAMEA117636888	ena-SAMPLE-TAB-28-01-2025-22:30:17:500-24989	TLTX33		OTHER	PAIRED	NextSeq 2000	1381118	69055900	Homo sapiens
ERR14319785	SAMEA117636888	ena-SAMPLE-TAB-28-01-2025-22:30:17:500-24989	TLTX33		OTHER	PAIRED	NextSeq 2000	1356083	67804150	Homo sapiens
ERR14319813	SAMEA117636888	ena-SAMPLE-TAB-28-01-2025-22:30:17:500-24989	TLTX33		OTHER	PAIRED	NextSeq 2000	702215	35110750	Homo sapiens
ERR14319834	SAMEA117636888	ena-SAMPLE-TAB-28-01-2025-22:30:17:500-24989	TLTX33		OTHER	PAIRED	NextSeq 2000	914444	45722200	Homo sapiens
ERR14319836	SAMEA117636888	ena-SAMPLE-TAB-28-01-2025-22:30:17:500-24989	TLTX33		OTHER	PAIRED	NextSeq 2000	782451	39122550	Homo sapiens
ERR14319839	SAMEA117636888	ena-SAMPLE-TAB-28-01-2025-22:30:17:500-24989	TLTX33		OTHER	PAIRED	NextSeq 2000	754809	37740450	Homo sapiens
ERR14319849	SAMEA117636888	ena-SAMPLE-TAB-28-01-2025-22:30:17:500-24989	TLTX33		OTHER	PAIRED	NextSeq 2000	1012731	50636550	Homo sapiens
ERR14319854	SAMEA117636888	ena-SAMPLE-TAB-28-01-2025-22:30:17:500-24989	TLTX33		OTHER	PAIRED	NextSeq 2000	640629	32031450	Homo sapiens
ERR14319863	SAMEA117636888	ena-SAMPLE-TAB-28-01-2025-22:30:17:500-24989	TLTX33		OTHER	PAIRED	NextSeq 2000	702256	35112800	Homo sapiens
ERR14319897	SAMEA117636888	ena-SAMPLE-TAB-28-01-2025-22:30:17:500-24989	TLTX33		OTHER	PAIRED	NextSeq 2000	951325	47566250	Homo sapiens
ERR14319901	SAMEA117636888	ena-SAMPLE-TAB-28-01-2025-22:30:17:500-24989	TLTX33		OTHER	PAIRED	NextSeq 2000	1030846	51542300	Homo sapiens
ERR14319914	SAMEA117636888	ena-SAMPLE-TAB-28-01-2025-22:30:17:500-24989	TLTX33		OTHER	PAIRED	NextSeq 2000	939526	46976300	Homo sapiens
ERR14319983	SAMEA117636888	ena-SAMPLE-TAB-28-01-2025-22:30:17:500-24989	TLTX33		OTHER	PAIRED	NextSeq 2000	462086	23104300	Homo sapiens
ERR14319986	SAMEA117636888	ena-SAMPLE-TAB-28-01-2025-22:30:17:500-24989	TLTX33		OTHER	PAIRED	NextSeq 2000	1238007	61900350	Homo sapiens
ERR14319991	SAMEA117636888	ena-SAMPLE-TAB-28-01-2025-22:30:17:500-24989	TLTX33		OTHER	PAIRED	NextSeq 2000	1711426	85571300	Homo sapiens
ERR14319997	SAMEA117636888	ena-SAMPLE-TAB-28-01-2025-22:30:17:500-24989	TLTX33		OTHER	PAIRED	NextSeq 2000	704321	35216050	Homo sapiens
ERR14320004	SAMEA117636888	ena-SAMPLE-TAB-28-01-2025-22:30:17:500-24989	TLTX33		OTHER	PAIRED	NextSeq 2000	1237640	61882000	Homo sapiens
ERR14320005	SAMEA117636888	ena-SAMPLE-TAB-28-01-2025-22:30:17:500-24989	TLTX33		OTHER	PAIRED	NextSeq 2000	1682074	84103700	Homo sapiens
ERR14320037	SAMEA117636888	ena-SAMPLE-TAB-28-01-2025-22:30:17:500-24989	TLTX33		OTHER	PAIRED	NextSeq 2000	849819	42490950	Homo sapiens
ERR14320041	SAMEA117636888	ena-SAMPLE-TAB-28-01-2025-22:30:17:500-24989	TLTX33		OTHER	PAIRED	NextSeq 2000	763094	38154700	Homo sapiens
ERR14320086	SAMEA117636888	ena-SAMPLE-TAB-28-01-2025-22:30:17:500-24989	TLTX33		OTHER	PAIRED	NextSeq 2000	502684	25134200	Homo sapiens
ERR14320104	SAMEA117636888	ena-SAMPLE-TAB-28-01-2025-22:30:17:500-24989	TLTX33		OTHER	PAIRED	NextSeq 2000	1072758	53637900	Homo sapiens
ERR14320111	SAMEA117636888	ena-SAMPLE-TAB-28-01-2025-22:30:17:500-24989	TLTX33		OTHER	PAIRED	NextSeq 2000	695295	34764750	Homo sapiens
ERR14320161	SAMEA117636888	ena-SAMPLE-TAB-28-01-2025-22:30:17:500-24989	TLTX33		OTHER	PAIRED	NextSeq 2000	523695	26184750	Homo sapiens
ERR14320194	SAMEA117636888	ena-SAMPLE-TAB-28-01-2025-22:30:17:500-24989	TLTX33		OTHER	PAIRED	NextSeq 2000	578974	28948700	Homo sapiens
ERR14320233	SAMEA117636888	ena-SAMPLE-TAB-28-01-2025-22:30:17:500-24989	TLTX33		OTHER	PAIRED	NextSeq 2000	1380886	69044300	Homo sapiens
ERR14320240	SAMEA117636888	ena-SAMPLE-TAB-28-01-2025-22:30:17:500-24989	TLTX33		OTHER	PAIRED	NextSeq 2000	568864	28443200	Homo sapiens
ERR14320244	SAMEA117636888	ena-SAMPLE-TAB-28-01-2025-22:30:17:500-24989	TLTX33		OTHER	PAIRED	NextSeq 2000	1231030	61551500	Homo sapiens
ERR14320254	SAMEA117636888	ena-SAMPLE-TAB-28-01-2025-22:30:17:500-24989	TLTX33		OTHER	PAIRED	NextSeq 2000	861692	43084600	Homo sapiens
ERR14320284	SAMEA117636888	ena-SAMPLE-TAB-28-01-2025-22:30:17:500-24989	TLTX33		OTHER	PAIRED	NextSeq 2000	1309855	65492750	Homo sapiens
ERR14320325	SAMEA117636888	ena-SAMPLE-TAB-28-01-2025-22:30:17:500-24989	TLTX33		OTHER	PAIRED	NextSeq 2000	1428811	71440550	Homo sapiens
ERR14320327	SAMEA117636888	ena-SAMPLE-TAB-28-01-2025-22:30:17:500-24989	TLTX33		OTHER	PAIRED	NextSeq 2000	1832727	91636350	Homo sapiens
ERR14320335	SAMEA117636888	ena-SAMPLE-TAB-28-01-2025-22:30:17:500-24989	TLTX33		OTHER	PAIRED	NextSeq 2000	1469975	73498750	Homo sapiens
ERR14320397	SAMEA117636888	ena-SAMPLE-TAB-28-01-2025-22:30:17:500-24989	TLTX33		OTHER	PAIRED	NextSeq 2000	928864	46443200	Homo sapiens
ERR14320400	SAMEA117636888	ena-SAMPLE-TAB-28-01-2025-22:30:17:500-24989	TLTX33		OTHER	PAIRED	NextSeq 2000	931763	46588150	Homo sapiens
ERR14320435	SAMEA117636888	ena-SAMPLE-TAB-28-01-2025-22:30:17:500-24989	TLTX33		OTHER	PAIRED	NextSeq 2000	1150422	57521100	Homo sapiens
ERR14320442	SAMEA117636888	ena-SAMPLE-TAB-28-01-2025-22:30:17:500-24989	TLTX33		OTHER	PAIRED	NextSeq 2000	938854	46942700	Homo sapiens
ERR14320445	SAMEA117636888	ena-SAMPLE-TAB-28-01-2025-22:30:17:500-24989	TLTX33		OTHER	PAIRED	NextSeq 2000	790876	39543800	Homo sapiens
ERR14320446	SAMEA117636888	ena-SAMPLE-TAB-28-01-2025-22:30:17:500-24989	TLTX33		OTHER	PAIRED	NextSeq 2000	1027054	51352700	Homo sapiens
ERR14320479	SAMEA117636888	ena-SAMPLE-TAB-28-01-2025-22:30:17:500-24989	TLTX33		OTHER	PAIRED	NextSeq 2000	195737	9786850	Homo sapiens
ERR14320483	SAMEA117636888	ena-SAMPLE-TAB-28-01-2025-22:30:17:500-24989	TLTX33		OTHER	PAIRED	NextSeq 2000	729585	36479250	Homo sapiens
ERR14320497	SAMEA117636888	ena-SAMPLE-TAB-28-01-2025-22:30:17:500-24989	TLTX33		OTHER	PAIRED	NextSeq 2000	1711619	85580950	Homo sapiens
ERR14320499	SAMEA117636888	ena-SAMPLE-TAB-28-01-2025-22:30:17:500-24989	TLTX33		OTHER	PAIRED	NextSeq 2000	1213697	60684850	Homo sapiens
ERR14320500	SAMEA117636888	ena-SAMPLE-TAB-28-01-2025-22:30:17:500-24989	TLTX33		OTHER	PAIRED	NextSeq 2000	1211651	60582550	Homo sapiens
ERR14320506	SAMEA117636888	ena-SAMPLE-TAB-28-01-2025-22:30:17:500-24989	TLTX33		OTHER	PAIRED	NextSeq 2000	1283336	64166800	Homo sapiens
ERR14320518	SAMEA117636888	ena-SAMPLE-TAB-28-01-2025-22:30:17:500-24989	TLTX33		OTHER	PAIRED	NextSeq 2000	833908	41695400	Homo sapiens
ERR14320544	SAMEA117636888	ena-SAMPLE-TAB-28-01-2025-22:30:17:500-24989	TLTX33		OTHER	PAIRED	NextSeq 2000	1414114	70705700	Homo sapiens
ERR14320546	SAMEA117636888	ena-SAMPLE-TAB-28-01-2025-22:30:17:500-24989	TLTX33		OTHER	PAIRED	NextSeq 2000	727486	36374300	Homo sapiens
ERR14320558	SAMEA117636888	ena-SAMPLE-TAB-28-01-2025-22:30:17:500-24989	TLTX33		OTHER	PAIRED	NextSeq 2000	1130475	56523750	Homo sapiens
ERR14320564	SAMEA117636888	ena-SAMPLE-TAB-28-01-2025-22:30:17:500-24989	TLTX33		OTHER	PAIRED	NextSeq 2000	1375518	68775900	Homo sapiens
ERR14320568	SAMEA117636888	ena-SAMPLE-TAB-28-01-2025-22:30:17:500-24989	TLTX33		OTHER	PAIRED	NextSeq 2000	1234897	61744850	Homo sapiens
ERR14320610	SAMEA117636888	ena-SAMPLE-TAB-28-01-2025-22:30:17:500-24989	TLTX33		OTHER	PAIRED	NextSeq 2000	1258646	62932300	Homo sapiens
ERR14320666	SAMEA117636888	ena-SAMPLE-TAB-28-01-2025-22:30:17:500-24989	TLTX33		OTHER	PAIRED	NextSeq 2000	1347551	67377550	Homo sapiens
ERR14320677	SAMEA117636888	ena-SAMPLE-TAB-28-01-2025-22:30:17:500-24989	TLTX33		OTHER	PAIRED	NextSeq 2000	577624	28881200	Homo sapiens
ERR14330003	SAMEA117636888	ena-SAMPLE-TAB-28-01-2025-22:30:17:500-24989	TLTX33		OTHER	SINGLE	NextSeq 2000	1	50	Homo sapiens
ERR14216212	SAMEA117633237	T23.2T.A7	T23.2T.A7_WES		WXS	SINGLE	Illumina HiSeq 4000	162745800	24411870000	Homo sapiens
ERR14216213	SAMEA117633238	T23_diagnosticBiopsy	T23_diagnosticBiopsy_WES		WXS	SINGLE	Illumina HiSeq 4000	231751940	23406945940	Homo sapiens
ERR14216215	SAMEA117633240	T25.2N.C15	T25.2N.C15_WES		WXS	SINGLE	Illumina HiSeq 4000	30575078	4586261700	Homo sapiens
ERR14216218	SAMEA117633243	T25.2T.C2-B	T25.2T.C2-B_WES		WXS	SINGLE	Illumina HiSeq 4000	120242894	18036434100	Homo sapiens
ERR14216227	SAMEA117633252	T36.2T.A18-B	T36.2T.A18-B_WES		WXS	SINGLE	Illumina HiSeq 4000	93563796	14034569400	Homo sapiens
ERR14216260	SAMEA117633273	TLTX18.2T.A9	TLTX18.2T.A9_WES		WXS	PAIRED	Illumina HiSeq 4000	177000306	26550045900	Homo sapiens
ERR14237984	SAMEA117636889	ena-SAMPLE-TAB-28-01-2025-22:30:17:500-24990	TLTX18		RNA-Seq	PAIRED	NextSeq 2000	0	0	Homo sapiens
ERR14244124	SAMEA117636890	ena-SAMPLE-TAB-28-01-2025-22:30:17:500-24991	TLTX01		RNA-Seq	PAIRED	NextSeq 2000	0	0	Homo sapiens
ERR14251236	SAMEA117636885	ena-SAMPLE-TAB-28-01-2025-22:30:17:500-24986	TLTX06		RNA-Seq	PAIRED	NextSeq 2000	0	0	Homo sapiens
ERR14251240	SAMEA117636893	ena-SAMPLE-TAB-28-01-2025-22:30:17:500-24994	PDX2		RNA-Seq	PAIRED	NextSeq 2000	0	0	Homo sapiens
ERR14252083	SAMEA117636886	ena-SAMPLE-TAB-28-01-2025-22:30:17:500-24987	TLTX23		OTHER	PAIRED	NextSeq 2000	488512	24425600	Homo sapiens
ERR14252086	SAMEA117636886	ena-SAMPLE-TAB-28-01-2025-22:30:17:500-24987	TLTX23		OTHER	PAIRED	NextSeq 2000	471319	23565950	Homo sapiens
ERR14252097	SAMEA117636886	ena-SAMPLE-TAB-28-01-2025-22:30:17:500-24987	TLTX23		OTHER	PAIRED	NextSeq 2000	1058916	52945800	Homo sapiens
ERR14252126	SAMEA117636886	ena-SAMPLE-TAB-28-01-2025-22:30:17:500-24987	TLTX23		OTHER	PAIRED	NextSeq 2000	1417260	70863000	Homo sapiens
ERR14252130	SAMEA117636886	ena-SAMPLE-TAB-28-01-2025-22:30:17:500-24987	TLTX23		OTHER	PAIRED	NextSeq 2000	1341230	67061500	Homo sapiens
ERR14252140	SAMEA117636886	ena-SAMPLE-TAB-28-01-2025-22:30:17:500-24987	TLTX23		OTHER	PAIRED	NextSeq 2000	842446	42122300	Homo sapiens
ERR14252150	SAMEA117636886	ena-SAMPLE-TAB-28-01-2025-22:30:17:500-24987	TLTX23		OTHER	PAIRED	NextSeq 2000	1300487	65024350	Homo sapiens
ERR14252168	SAMEA117636886	ena-SAMPLE-TAB-28-01-2025-22:30:17:500-24987	TLTX23		OTHER	PAIRED	NextSeq 2000	2283741	114187050	Homo sapiens
ERR14252188	SAMEA117636886	ena-SAMPLE-TAB-28-01-2025-22:30:17:500-24987	TLTX23		OTHER	PAIRED	NextSeq 2000	520268	26013400	Homo sapiens
ERR14252204	SAMEA117636886	ena-SAMPLE-TAB-28-01-2025-22:30:17:500-24987	TLTX23		OTHER	PAIRED	NextSeq 2000	1587228	79361400	Homo sapiens
ERR14252210	SAMEA117636886	ena-SAMPLE-TAB-28-01-2025-22:30:17:500-24987	TLTX23		OTHER	PAIRED	NextSeq 2000	1694360	84718000	Homo sapiens
ERR14252239	SAMEA117636886	ena-SAMPLE-TAB-28-01-2025-22:30:17:500-24987	TLTX23		OTHER	PAIRED	NextSeq 2000	1225204	61260200	Homo sapiens
ERR14252252	SAMEA117636886	ena-SAMPLE-TAB-28-01-2025-22:30:17:500-24987	TLTX23		OTHER	PAIRED	NextSeq 2000	535736	26786800	Homo sapiens
ERR14252257	SAMEA117636886	ena-SAMPLE-TAB-28-01-2025-22:30:17:500-24987	TLTX23		OTHER	PAIRED	NextSeq 2000	1381966	69098300	Homo sapiens
ERR14252318	SAMEA117636886	ena-SAMPLE-TAB-28-01-2025-22:30:17:500-24987	TLTX23		OTHER	PAIRED	NextSeq 2000	925705	46285250	Homo sapiens
ERR14252325	SAMEA117636886	ena-SAMPLE-TAB-28-01-2025-22:30:17:500-24987	TLTX23		OTHER	PAIRED	NextSeq 2000	1155468	57773400	Homo sapiens
ERR14252344	SAMEA117636886	ena-SAMPLE-TAB-28-01-2025-22:30:17:500-24987	TLTX23		OTHER	PAIRED	NextSeq 2000	1043237	52161850	Homo sapiens
ERR14252405	SAMEA117636886	ena-SAMPLE-TAB-28-01-2025-22:30:17:500-24987	TLTX23		OTHER	PAIRED	NextSeq 2000	1126060	56303000	Homo sapiens
ERR14252451	SAMEA117636886	ena-SAMPLE-TAB-28-01-2025-22:30:17:500-24987	TLTX23		OTHER	PAIRED	NextSeq 2000	538720	26936000	Homo sapiens
ERR14252462	SAMEA117636886	ena-SAMPLE-TAB-28-01-2025-22:30:17:500-24987	TLTX23		OTHER	PAIRED	NextSeq 2000	1790348	89517400	Homo sapiens
ERR14252468	SAMEA117636886	ena-SAMPLE-TAB-28-01-2025-22:30:17:500-24987	TLTX23		OTHER	PAIRED	NextSeq 2000	469230	23461500	Homo sapiens
ERR14252481	SAMEA117636886	ena-SAMPLE-TAB-28-01-2025-22:30:17:500-24987	TLTX23		OTHER	PAIRED	NextSeq 2000	1492271	74613550	Homo sapiens
ERR14252517	SAMEA117636886	ena-SAMPLE-TAB-28-01-2025-22:30:17:500-24987	TLTX23		OTHER	PAIRED	NextSeq 2000	1195601	59780050	Homo sapiens
ERR14252525	SAMEA117636886	ena-SAMPLE-TAB-28-01-2025-22:30:17:500-24987	TLTX23		OTHER	PAIRED	NextSeq 2000	710354	35517700	Homo sapiens
ERR14252533	SAMEA117636886	ena-SAMPLE-TAB-28-01-2025-22:30:17:500-24987	TLTX23		OTHER	PAIRED	NextSeq 2000	564881	28244050	Homo sapiens
ERR14252539	SAMEA117636886	ena-SAMPLE-TAB-28-01-2025-22:30:17:500-24987	TLTX23		OTHER	PAIRED	NextSeq 2000	1962679	98133950	Homo sapiens
ERR14252547	SAMEA117636886	ena-SAMPLE-TAB-28-01-2025-22:30:17:500-24987	TLTX23		OTHER	PAIRED	NextSeq 2000	1680643	84032150	Homo sapiens
ERR14252549	SAMEA117636886	ena-SAMPLE-TAB-28-01-2025-22:30:17:500-24987	TLTX23		OTHER	PAIRED	NextSeq 2000	1838762	91938100	Homo sapiens
ERR14252553	SAMEA117636886	ena-SAMPLE-TAB-28-01-2025-22:30:17:500-24987	TLTX23		OTHER	PAIRED	NextSeq 2000	1545494	77274700	Homo sapiens
ERR14252577	SAMEA117636886	ena-SAMPLE-TAB-28-01-2025-22:30:17:500-24987	TLTX23		OTHER	PAIRED	NextSeq 2000	516739	25836950	Homo sapiens
ERR14252585	SAMEA117636886	ena-SAMPLE-TAB-28-01-2025-22:30:17:500-24987	TLTX23		OTHER	PAIRED	NextSeq 2000	1244373	62218650	Homo sapiens
ERR14252594	SAMEA117636886	ena-SAMPLE-TAB-28-01-2025-22:30:17:500-24987	TLTX23		OTHER	PAIRED	NextSeq 2000	1072559	53627950	Homo sapiens
ERR14252627	SAMEA117636886	ena-SAMPLE-TAB-28-01-2025-22:30:17:500-24987	TLTX23		OTHER	PAIRED	NextSeq 2000	1338287	66914350	Homo sapiens
ERR14252684	SAMEA117636886	ena-SAMPLE-TAB-28-01-2025-22:30:17:500-24987	TLTX23		OTHER	PAIRED	NextSeq 2000	1432702	71635100	Homo sapiens
ERR14252700	SAMEA117636886	ena-SAMPLE-TAB-28-01-2025-22:30:17:500-24987	TLTX23		OTHER	PAIRED	NextSeq 2000	1057494	52874700	Homo sapiens
ERR14252707	SAMEA117636886	ena-SAMPLE-TAB-28-01-2025-22:30:17:500-24987	TLTX23		OTHER	PAIRED	NextSeq 2000	473169	23658450	Homo sapiens
ERR14252712	SAMEA117636886	ena-SAMPLE-TAB-28-01-2025-22:30:17:500-24987	TLTX23		OTHER	PAIRED	NextSeq 2000	415742	20787100	Homo sapiens
ERR14252719	SAMEA117636886	ena-SAMPLE-TAB-28-01-2025-22:30:17:500-24987	TLTX23		OTHER	PAIRED	NextSeq 2000	984205	49210250	Homo sapiens
ERR14252730	SAMEA117636886	ena-SAMPLE-TAB-28-01-2025-22:30:17:500-24987	TLTX23		OTHER	PAIRED	NextSeq 2000	1512508	75625400	Homo sapiens
ERR14252735	SAMEA117636886	ena-SAMPLE-TAB-28-01-2025-22:30:17:500-24987	TLTX23		OTHER	PAIRED	NextSeq 2000	1676362	83818100	Homo sapiens
ERR14252739	SAMEA117636886	ena-SAMPLE-TAB-28-01-2025-22:30:17:500-24987	TLTX23		OTHER	PAIRED	NextSeq 2000	1339237	66961850	Homo sapiens
ERR14252749	SAMEA117636886	ena-SAMPLE-TAB-28-01-2025-22:30:17:500-24987	TLTX23		OTHER	PAIRED	NextSeq 2000	511581	25579050	Homo sapiens
ERR14252830	SAMEA117636886	ena-SAMPLE-TAB-28-01-2025-22:30:17:500-24987	TLTX23		OTHER	PAIRED	NextSeq 2000	1547593	77379650	Homo sapiens
ERR14252849	SAMEA117636886	ena-SAMPLE-TAB-28-01-2025-22:30:17:500-24987	TLTX23		OTHER	PAIRED	NextSeq 2000	372459	18622950	Homo sapiens
ERR14252863	SAMEA117636886	ena-SAMPLE-TAB-28-01-2025-22:30:17:500-24987	TLTX23		OTHER	PAIRED	NextSeq 2000	990099	49504950	Homo sapiens
ERR14252865	SAMEA117636886	ena-SAMPLE-TAB-28-01-2025-22:30:17:500-24987	TLTX23		OTHER	PAIRED	NextSeq 2000	1275081	63754050	Homo sapiens
ERR14252886	SAMEA117636886	ena-SAMPLE-TAB-28-01-2025-22:30:17:500-24987	TLTX23		OTHER	PAIRED	NextSeq 2000	1137792	56889600	Homo sapiens
ERR14252923	SAMEA117636886	ena-SAMPLE-TAB-28-01-2025-22:30:17:500-24987	TLTX23		OTHER	PAIRED	NextSeq 2000	516986	25849300	Homo sapiens
ERR14252928	SAMEA117636886	ena-SAMPLE-TAB-28-01-2025-22:30:17:500-24987	TLTX23		OTHER	PAIRED	NextSeq 2000	551267	27563350	Homo sapiens
ERR14252954	SAMEA117636886	ena-SAMPLE-TAB-28-01-2025-22:30:17:500-24987	TLTX23		OTHER	PAIRED	NextSeq 2000	1090948	54547400	Homo sapiens
ERR14252959	SAMEA117636886	ena-SAMPLE-TAB-28-01-2025-22:30:17:500-24987	TLTX23		OTHER	PAIRED	NextSeq 2000	1954151	97707550	Homo sapiens
ERR14252963	SAMEA117636886	ena-SAMPLE-TAB-28-01-2025-22:30:17:500-24987	TLTX23		OTHER	PAIRED	NextSeq 2000	1989582	99479100	Homo sapiens
ERR14252983	SAMEA117636886	ena-SAMPLE-TAB-28-01-2025-22:30:17:500-24987	TLTX23		OTHER	PAIRED	NextSeq 2000	1582621	79131050	Homo sapiens
ERR14253019	SAMEA117636886	ena-SAMPLE-TAB-28-01-2025-22:30:17:500-24987	TLTX23		OTHER	PAIRED	NextSeq 2000	1046117	52305850	Homo sapiens
ERR14253073	SAMEA117636886	ena-SAMPLE-TAB-28-01-2025-22:30:17:500-24987	TLTX23		OTHER	PAIRED	NextSeq 2000	945849	47292450	Homo sapiens
ERR14253113	SAMEA117636886	ena-SAMPLE-TAB-28-01-2025-22:30:17:500-24987	TLTX23		OTHER	PAIRED	NextSeq 2000	1657203	82860150	Homo sapiens
ERR14253127	SAMEA117636886	ena-SAMPLE-TAB-28-01-2025-22:30:17:500-24987	TLTX23		OTHER	PAIRED	NextSeq 2000	1627627	81381350	Homo sapiens
ERR14253137	SAMEA117636886	ena-SAMPLE-TAB-28-01-2025-22:30:17:500-24987	TLTX23		OTHER	PAIRED	NextSeq 2000	153446	7672300	Homo sapiens
ERR14253139	SAMEA117636886	ena-SAMPLE-TAB-28-01-2025-22:30:17:500-24987	TLTX23		OTHER	PAIRED	NextSeq 2000	673932	33696600	Homo sapiens
ERR14253140	SAMEA117636886	ena-SAMPLE-TAB-28-01-2025-22:30:17:500-24987	TLTX23		OTHER	PAIRED	NextSeq 2000	579336	28966800	Homo sapiens
ERR14253143	SAMEA117636886	ena-SAMPLE-TAB-28-01-2025-22:30:17:500-24987	TLTX23		OTHER	PAIRED	NextSeq 2000	711550	35577500	Homo sapiens
ERR14253151	SAMEA117636886	ena-SAMPLE-TAB-28-01-2025-22:30:17:500-24987	TLTX23		OTHER	PAIRED	NextSeq 2000	1257091	62854550	Homo sapiens
ERR14253194	SAMEA117636886	ena-SAMPLE-TAB-28-01-2025-22:30:17:500-24987	TLTX23		OTHER	PAIRED	NextSeq 2000	704150	35207500	Homo sapiens
ERR14253244	SAMEA117636886	ena-SAMPLE-TAB-28-01-2025-22:30:17:500-24987	TLTX23		OTHER	PAIRED	NextSeq 2000	1376701	68835050	Homo sapiens
ERR14253259	SAMEA117636886	ena-SAMPLE-TAB-28-01-2025-22:30:17:500-24987	TLTX23		OTHER	PAIRED	NextSeq 2000	1409892	70494600	Homo sapiens
ERR14253267	SAMEA117636886	ena-SAMPLE-TAB-28-01-2025-22:30:17:500-24987	TLTX23		OTHER	PAIRED	NextSeq 2000	720926	36046300	Homo sapiens
ERR14253274	SAMEA117636886	ena-SAMPLE-TAB-28-01-2025-22:30:17:500-24987	TLTX23		OTHER	PAIRED	NextSeq 2000	2098072	104903600	Homo sapiens
ERR14253281	SAMEA117636886	ena-SAMPLE-TAB-28-01-2025-22:30:17:500-24987	TLTX23		OTHER	PAIRED	NextSeq 2000	675822	33791100	Homo sapiens
ERR14253329	SAMEA117636886	ena-SAMPLE-TAB-28-01-2025-22:30:17:500-24987	TLTX23		OTHER	PAIRED	NextSeq 2000	1691286	84564300	Homo sapiens
ERR14253338	SAMEA117636886	ena-SAMPLE-TAB-28-01-2025-22:30:17:500-24987	TLTX23		OTHER	PAIRED	NextSeq 2000	542022	27101100	Homo sapiens
ERR14253341	SAMEA117636886	ena-SAMPLE-TAB-28-01-2025-22:30:17:500-24987	TLTX23		OTHER	PAIRED	NextSeq 2000	1036672	51833600	Homo sapiens
ERR14253373	SAMEA117636886	ena-SAMPLE-TAB-28-01-2025-22:30:17:500-24987	TLTX23		OTHER	PAIRED	NextSeq 2000	531657	26582850	Homo sapiens
ERR14253449	SAMEA117636886	ena-SAMPLE-TAB-28-01-2025-22:30:17:500-24987	TLTX23		OTHER	PAIRED	NextSeq 2000	972574	48628700	Homo sapiens
ERR14253451	SAMEA117636886	ena-SAMPLE-TAB-28-01-2025-22:30:17:500-24987	TLTX23		OTHER	PAIRED	NextSeq 2000	929744	46487200	Homo sapiens
ERR14253454	SAMEA117636886	ena-SAMPLE-TAB-28-01-2025-22:30:17:500-24987	TLTX23		OTHER	PAIRED	NextSeq 2000	1915534	95776700	Homo sapiens
ERR14253509	SAMEA117636886	ena-SAMPLE-TAB-28-01-2025-22:30:17:500-24987	TLTX23		OTHER	PAIRED	NextSeq 2000	547000	27350000	Homo sapiens
ERR14253529	SAMEA117636886	ena-SAMPLE-TAB-28-01-2025-22:30:17:500-24987	TLTX23		OTHER	PAIRED	NextSeq 2000	1576613	78830650	Homo sapiens
ERR14253582	SAMEA117636886	ena-SAMPLE-TAB-28-01-2025-22:30:17:500-24987	TLTX23		OTHER	PAIRED	NextSeq 2000	1470603	73530150	Homo sapiens
ERR14253595	SAMEA117636886	ena-SAMPLE-TAB-28-01-2025-22:30:17:500-24987	TLTX23		OTHER	PAIRED	NextSeq 2000	649424	32471200	Homo sapiens
ERR14253609	SAMEA117636886	ena-SAMPLE-TAB-28-01-2025-22:30:17:500-24987	TLTX23		OTHER	PAIRED	NextSeq 2000	1610581	80529050	Homo sapiens
ERR14253616	SAMEA117636886	ena-SAMPLE-TAB-28-01-2025-22:30:17:500-24987	TLTX23		OTHER	PAIRED	NextSeq 2000	1588876	79443800	Homo sapiens
ERR14253617	SAMEA117636886	ena-SAMPLE-TAB-28-01-2025-22:30:17:500-24987	TLTX23		OTHER	PAIRED	NextSeq 2000	516297	25814850	Homo sapiens
ERR14253632	SAMEA117636886	ena-SAMPLE-TAB-28-01-2025-22:30:17:500-24987	TLTX23		OTHER	PAIRED	NextSeq 2000	1168188	58409400	Homo sapiens
ERR14253655	SAMEA117636886	ena-SAMPLE-TAB-28-01-2025-22:30:17:500-24987	TLTX23		OTHER	PAIRED	NextSeq 2000	865982	43299100	Homo sapiens
ERR14253670	SAMEA117636886	ena-SAMPLE-TAB-28-01-2025-22:30:17:500-24987	TLTX23		OTHER	PAIRED	NextSeq 2000	484500	24225000	Homo sapiens
ERR14253673	SAMEA117636886	ena-SAMPLE-TAB-28-01-2025-22:30:17:500-24987	TLTX23		OTHER	PAIRED	NextSeq 2000	594100	29705000	Homo sapiens
ERR14253752	SAMEA117636886	ena-SAMPLE-TAB-28-01-2025-22:30:17:500-24987	TLTX23		OTHER	PAIRED	NextSeq 2000	1935204	96760200	Homo sapiens
ERR14253757	SAMEA117636886	ena-SAMPLE-TAB-28-01-2025-22:30:17:500-24987	TLTX23		OTHER	PAIRED	NextSeq 2000	1218711	60935550	Homo sapiens
ERR14253780	SAMEA117636886	ena-SAMPLE-TAB-28-01-2025-22:30:17:500-24987	TLTX23		OTHER	PAIRED	NextSeq 2000	1973575	98678750	Homo sapiens
ERR14253803	SAMEA117636886	ena-SAMPLE-TAB-28-01-2025-22:30:17:500-24987	TLTX23		OTHER	PAIRED	NextSeq 2000	2136894	106844700	Homo sapiens
ERR14253804	SAMEA117636886	ena-SAMPLE-TAB-28-01-2025-22:30:17:500-24987	TLTX23		OTHER	PAIRED	NextSeq 2000	1774335	88716750	Homo sapiens
ERR14253889	SAMEA117636886	ena-SAMPLE-TAB-28-01-2025-22:30:17:500-24987	TLTX23		OTHER	PAIRED	NextSeq 2000	230046	11502300	Homo sapiens
ERR14253920	SAMEA117636886	ena-SAMPLE-TAB-28-01-2025-22:30:17:500-24987	TLTX23		OTHER	PAIRED	NextSeq 2000	1894489	94724450	Homo sapiens
ERR14253951	SAMEA117636886	ena-SAMPLE-TAB-28-01-2025-22:30:17:500-24987	TLTX23		OTHER	PAIRED	NextSeq 2000	810461	40523050	Homo sapiens
ERR14253967	SAMEA117636886	ena-SAMPLE-TAB-28-01-2025-22:30:17:500-24987	TLTX23		OTHER	PAIRED	NextSeq 2000	823127	41156350	Homo sapiens
ERR14253970	SAMEA117636886	ena-SAMPLE-TAB-28-01-2025-22:30:17:500-24987	TLTX23		OTHER	PAIRED	NextSeq 2000	1486919	74345950	Homo sapiens
ERR14254025	SAMEA117636886	ena-SAMPLE-TAB-28-01-2025-22:30:17:500-24987	TLTX23		OTHER	PAIRED	NextSeq 2000	653840	32692000	Homo sapiens
ERR14254026	SAMEA117636886	ena-SAMPLE-TAB-28-01-2025-22:30:17:500-24987	TLTX23		OTHER	PAIRED	NextSeq 2000	713832	35691600	Homo sapiens
ERR14255462	SAMEA117636886	ena-SAMPLE-TAB-28-01-2025-22:30:17:500-24987	TLTX23		OTHER	PAIRED	NextSeq 2000	434391	21719550	Homo sapiens
ERR14255528	SAMEA117636886	ena-SAMPLE-TAB-28-01-2025-22:30:17:500-24987	TLTX23		OTHER	PAIRED	NextSeq 2000	1090629	54531450	Homo sapiens
ERR14255554	SAMEA117636886	ena-SAMPLE-TAB-28-01-2025-22:30:17:500-24987	TLTX23		OTHER	PAIRED	NextSeq 2000	1007568	50378400	Homo sapiens
ERR14255568	SAMEA117636886	ena-SAMPLE-TAB-28-01-2025-22:30:17:500-24987	TLTX23		OTHER	PAIRED	NextSeq 2000	566780	28339000	Homo sapiens
ERR14255637	SAMEA117636886	ena-SAMPLE-TAB-28-01-2025-22:30:17:500-24987	TLTX23		OTHER	PAIRED	NextSeq 2000	1036344	51817200	Homo sapiens
ERR14255639	SAMEA117636886	ena-SAMPLE-TAB-28-01-2025-22:30:17:500-24987	TLTX23		OTHER	PAIRED	NextSeq 2000	769380	38469000	Homo sapiens
ERR14255665	SAMEA117636886	ena-SAMPLE-TAB-28-01-2025-22:30:17:500-24987	TLTX23		OTHER	PAIRED	NextSeq 2000	1403550	70177500	Homo sapiens
ERR14255670	SAMEA117636886	ena-SAMPLE-TAB-28-01-2025-22:30:17:500-24987	TLTX23		OTHER	PAIRED	NextSeq 2000	758665	37933250	Homo sapiens
ERR14255688	SAMEA117636886	ena-SAMPLE-TAB-28-01-2025-22:30:17:500-24987	TLTX23		OTHER	PAIRED	NextSeq 2000	661054	33052700	Homo sapiens
ERR14255700	SAMEA117636886	ena-SAMPLE-TAB-28-01-2025-22:30:17:500-24987	TLTX23		OTHER	PAIRED	NextSeq 2000	900473	45023650	Homo sapiens
ERR14255703	SAMEA117636886	ena-SAMPLE-TAB-28-01-2025-22:30:17:500-24987	TLTX23		OTHER	PAIRED	NextSeq 2000	744295	37214750	Homo sapiens
ERR14255706	SAMEA117636886	ena-SAMPLE-TAB-28-01-2025-22:30:17:500-24987	TLTX23		OTHER	PAIRED	NextSeq 2000	1303173	65158650	Homo sapiens
ERR14255744	SAMEA117636886	ena-SAMPLE-TAB-28-01-2025-22:30:17:500-24987	TLTX23		OTHER	PAIRED	NextSeq 2000	1615651	80782550	Homo sapiens
ERR14255750	SAMEA117636886	ena-SAMPLE-TAB-28-01-2025-22:30:17:500-24987	TLTX23		OTHER	PAIRED	NextSeq 2000	1267540	63377000	Homo sapiens
ERR14255761	SAMEA117636886	ena-SAMPLE-TAB-28-01-2025-22:30:17:500-24987	TLTX23		OTHER	PAIRED	NextSeq 2000	1054492	52724600	Homo sapiens
ERR14255784	SAMEA117636886	ena-SAMPLE-TAB-28-01-2025-22:30:17:500-24987	TLTX23		OTHER	PAIRED	NextSeq 2000	584652	29232600	Homo sapiens
ERR14255804	SAMEA117636886	ena-SAMPLE-TAB-28-01-2025-22:30:17:500-24987	TLTX23		OTHER	PAIRED	NextSeq 2000	574438	28721900	Homo sapiens
ERR14255806	SAMEA117636886	ena-SAMPLE-TAB-28-01-2025-22:30:17:500-24987	TLTX23		OTHER	PAIRED	NextSeq 2000	561785	28089250	Homo sapiens
ERR14255816	SAMEA117636886	ena-SAMPLE-TAB-28-01-2025-22:30:17:500-24987	TLTX23		OTHER	PAIRED	NextSeq 2000	666670	33333500	Homo sapiens
ERR14255818	SAMEA117636886	ena-SAMPLE-TAB-28-01-2025-22:30:17:500-24987	TLTX23		OTHER	PAIRED	NextSeq 2000	216832	10841600	Homo sapiens
ERR14255823	SAMEA117636886	ena-SAMPLE-TAB-28-01-2025-22:30:17:500-24987	TLTX23		OTHER	PAIRED	NextSeq 2000	471744	23587200	Homo sapiens
ERR14255833	SAMEA117636886	ena-SAMPLE-TAB-28-01-2025-22:30:17:500-24987	TLTX23		OTHER	PAIRED	NextSeq 2000	742722	37136100	Homo sapiens
ERR14255888	SAMEA117636886	ena-SAMPLE-TAB-28-01-2025-22:30:17:500-24987	TLTX23		OTHER	PAIRED	NextSeq 2000	910318	45515900	Homo sapiens
ERR14255979	SAMEA117636886	ena-SAMPLE-TAB-28-01-2025-22:30:17:500-24987	TLTX23		OTHER	PAIRED	NextSeq 2000	435972	21798600	Homo sapiens
ERR14255993	SAMEA117636886	ena-SAMPLE-TAB-28-01-2025-22:30:17:500-24987	TLTX23		OTHER	PAIRED	NextSeq 2000	503030	25151500	Homo sapiens
ERR14256003	SAMEA117636886	ena-SAMPLE-TAB-28-01-2025-22:30:17:500-24987	TLTX23		OTHER	PAIRED	NextSeq 2000	1210365	60518250	Homo sapiens
ERR14256010	SAMEA117636886	ena-SAMPLE-TAB-28-01-2025-22:30:17:500-24987	TLTX23		OTHER	PAIRED	NextSeq 2000	353792	17689600	Homo sapiens
ERR14256020	SAMEA117636886	ena-SAMPLE-TAB-28-01-2025-22:30:17:500-24987	TLTX23		OTHER	PAIRED	NextSeq 2000	187230	9361500	Homo sapiens
ERR14256028	SAMEA117636886	ena-SAMPLE-TAB-28-01-2025-22:30:17:500-24987	TLTX23		OTHER	PAIRED	NextSeq 2000	251640	12582000	Homo sapiens
ERR14256052	SAMEA117636886	ena-SAMPLE-TAB-28-01-2025-22:30:17:500-24987	TLTX23		OTHER	PAIRED	NextSeq 2000	1633846	81692300	Homo sapiens
ERR14256131	SAMEA117636886	ena-SAMPLE-TAB-28-01-2025-22:30:17:500-24987	TLTX23		OTHER	PAIRED	NextSeq 2000	561192	28059600	Homo sapiens
ERR14256170	SAMEA117636886	ena-SAMPLE-TAB-28-01-2025-22:30:17:500-24987	TLTX23		OTHER	PAIRED	NextSeq 2000	478860	23943000	Homo sapiens
ERR14256189	SAMEA117636886	ena-SAMPLE-TAB-28-01-2025-22:30:17:500-24987	TLTX23		OTHER	PAIRED	NextSeq 2000	448818	22440900	Homo sapiens
ERR14256203	SAMEA117636886	ena-SAMPLE-TAB-28-01-2025-22:30:17:500-24987	TLTX23		OTHER	PAIRED	NextSeq 2000	937226	46861300	Homo sapiens
ERR14256211	SAMEA117636886	ena-SAMPLE-TAB-28-01-2025-22:30:17:500-24987	TLTX23		OTHER	PAIRED	NextSeq 2000	785036	39251800	Homo sapiens
ERR14256252	SAMEA117636886	ena-SAMPLE-TAB-28-01-2025-22:30:17:500-24987	TLTX23		OTHER	PAIRED	NextSeq 2000	1483909	74195450	Homo sapiens
ERR14256322	SAMEA117636886	ena-SAMPLE-TAB-28-01-2025-22:30:17:500-24987	TLTX23		OTHER	PAIRED	NextSeq 2000	591365	29568250	Homo sapiens
ERR14256323	SAMEA117636886	ena-SAMPLE-TAB-28-01-2025-22:30:17:500-24987	TLTX23		OTHER	PAIRED	NextSeq 2000	1129439	56471950	Homo sapiens
ERR14256337	SAMEA117636886	ena-SAMPLE-TAB-28-01-2025-22:30:17:500-24987	TLTX23		OTHER	PAIRED	NextSeq 2000	1481834	74091700	Homo sapiens
ERR14256344	SAMEA117636886	ena-SAMPLE-TAB-28-01-2025-22:30:17:500-24987	TLTX23		OTHER	PAIRED	NextSeq 2000	770544	38527200	Homo sapiens
ERR14256483	SAMEA117636886	ena-SAMPLE-TAB-28-01-2025-22:30:17:500-24987	TLTX23		OTHER	PAIRED	NextSeq 2000	1070726	53536300	Homo sapiens
ERR14256518	SAMEA117636886	ena-SAMPLE-TAB-28-01-2025-22:30:17:500-24987	TLTX23		OTHER	PAIRED	NextSeq 2000	1452532	72626600	Homo sapiens
ERR14256551	SAMEA117636886	ena-SAMPLE-TAB-28-01-2025-22:30:17:500-24987	TLTX23		OTHER	PAIRED	NextSeq 2000	826980	41349000	Homo sapiens
ERR14256554	SAMEA117636886	ena-SAMPLE-TAB-28-01-2025-22:30:17:500-24987	TLTX23		OTHER	PAIRED	NextSeq 2000	431182	21559100	Homo sapiens
ERR14256603	SAMEA117636886	ena-SAMPLE-TAB-28-01-2025-22:30:17:500-24987	TLTX23		OTHER	PAIRED	NextSeq 2000	859620	42981000	Homo sapiens
ERR14256631	SAMEA117636886	ena-SAMPLE-TAB-28-01-2025-22:30:17:500-24987	TLTX23		OTHER	PAIRED	NextSeq 2000	515497	25774850	Homo sapiens
ERR14256640	SAMEA117636886	ena-SAMPLE-TAB-28-01-2025-22:30:17:500-24987	TLTX23		OTHER	PAIRED	NextSeq 2000	1172830	58641500	Homo sapiens
ERR14256647	SAMEA117636886	ena-SAMPLE-TAB-28-01-2025-22:30:17:500-24987	TLTX23		OTHER	PAIRED	NextSeq 2000	549657	27482850	Homo sapiens
ERR14256676	SAMEA117636886	ena-SAMPLE-TAB-28-01-2025-22:30:17:500-24987	TLTX23		OTHER	PAIRED	NextSeq 2000	691330	34566500	Homo sapiens
ERR14256678	SAMEA117636886	ena-SAMPLE-TAB-28-01-2025-22:30:17:500-24987	TLTX23		OTHER	PAIRED	NextSeq 2000	1202502	60125100	Homo sapiens
ERR14256691	SAMEA117636886	ena-SAMPLE-TAB-28-01-2025-22:30:17:500-24987	TLTX23		OTHER	PAIRED	NextSeq 2000	852950	42647500	Homo sapiens
ERR14256718	SAMEA117636886	ena-SAMPLE-TAB-28-01-2025-22:30:17:500-24987	TLTX23		OTHER	PAIRED	NextSeq 2000	1064197	53209850	Homo sapiens
ERR14256759	SAMEA117636886	ena-SAMPLE-TAB-28-01-2025-22:30:17:500-24987	TLTX23		OTHER	PAIRED	NextSeq 2000	752239	37611950	Homo sapiens
ERR14256784	SAMEA117636886	ena-SAMPLE-TAB-28-01-2025-22:30:17:500-24987	TLTX23		OTHER	PAIRED	NextSeq 2000	895000	44750000	Homo sapiens
ERR14256814	SAMEA117636886	ena-SAMPLE-TAB-28-01-2025-22:30:17:500-24987	TLTX23		OTHER	PAIRED	NextSeq 2000	671620	33581000	Homo sapiens
ERR14256823	SAMEA117636886	ena-SAMPLE-TAB-28-01-2025-22:30:17:500-24987	TLTX23		OTHER	PAIRED	NextSeq 2000	1068222	53411100	Homo sapiens
ERR14256841	SAMEA117636886	ena-SAMPLE-TAB-28-01-2025-22:30:17:500-24987	TLTX23		OTHER	PAIRED	NextSeq 2000	703244	35162200	Homo sapiens
ERR14256862	SAMEA117636886	ena-SAMPLE-TAB-28-01-2025-22:30:17:500-24987	TLTX23		OTHER	PAIRED	NextSeq 2000	734943	36747150	Homo sapiens
ERR14256870	SAMEA117636886	ena-SAMPLE-TAB-28-01-2025-22:30:17:500-24987	TLTX23		OTHER	PAIRED	NextSeq 2000	827177	41358850	Homo sapiens
ERR14256873	SAMEA117636886	ena-SAMPLE-TAB-28-01-2025-22:30:17:500-24987	TLTX23		OTHER	PAIRED	NextSeq 2000	385090	19254500	Homo sapiens
ERR14256882	SAMEA117636886	ena-SAMPLE-TAB-28-01-2025-22:30:17:500-24987	TLTX23		OTHER	PAIRED	NextSeq 2000	541542	27077100	Homo sapiens
ERR14256891	SAMEA117636886	ena-SAMPLE-TAB-28-01-2025-22:30:17:500-24987	TLTX23		OTHER	PAIRED	NextSeq 2000	1354773	67738650	Homo sapiens
ERR14256926	SAMEA117636886	ena-SAMPLE-TAB-28-01-2025-22:30:17:500-24987	TLTX23		OTHER	PAIRED	NextSeq 2000	820022	41001100	Homo sapiens
ERR14256931	SAMEA117636886	ena-SAMPLE-TAB-28-01-2025-22:30:17:500-24987	TLTX23		OTHER	PAIRED	NextSeq 2000	659719	32985950	Homo sapiens
ERR14256940	SAMEA117636886	ena-SAMPLE-TAB-28-01-2025-22:30:17:500-24987	TLTX23		OTHER	PAIRED	NextSeq 2000	2156021	107801050	Homo sapiens
ERR14256956	SAMEA117636886	ena-SAMPLE-TAB-28-01-2025-22:30:17:500-24987	TLTX23		OTHER	PAIRED	NextSeq 2000	2258033	112901650	Homo sapiens
ERR14256957	SAMEA117636886	ena-SAMPLE-TAB-28-01-2025-22:30:17:500-24987	TLTX23		OTHER	PAIRED	NextSeq 2000	1326003	66300150	Homo sapiens
ERR14256971	SAMEA117636886	ena-SAMPLE-TAB-28-01-2025-22:30:17:500-24987	TLTX23		OTHER	PAIRED	NextSeq 2000	612771	30638550	Homo sapiens
ERR14256988	SAMEA117636886	ena-SAMPLE-TAB-28-01-2025-22:30:17:500-24987	TLTX23		OTHER	PAIRED	NextSeq 2000	1507682	75384100	Homo sapiens
ERR14257034	SAMEA117636886	ena-SAMPLE-TAB-28-01-2025-22:30:17:500-24987	TLTX23		OTHER	PAIRED	NextSeq 2000	870924	43546200	Homo sapiens
ERR14257056	SAMEA117636886	ena-SAMPLE-TAB-28-01-2025-22:30:17:500-24987	TLTX23		OTHER	PAIRED	NextSeq 2000	885698	44284900	Homo sapiens
ERR14257068	SAMEA117636886	ena-SAMPLE-TAB-28-01-2025-22:30:17:500-24987	TLTX23		OTHER	PAIRED	NextSeq 2000	614831	30741550	Homo sapiens
ERR14257073	SAMEA117636886	ena-SAMPLE-TAB-28-01-2025-22:30:17:500-24987	TLTX23		OTHER	PAIRED	NextSeq 2000	496922	24846100	Homo sapiens
ERR14257082	SAMEA117636886	ena-SAMPLE-TAB-28-01-2025-22:30:17:500-24987	TLTX23		OTHER	PAIRED	NextSeq 2000	866692	43334600	Homo sapiens
ERR14257089	SAMEA117636886	ena-SAMPLE-TAB-28-01-2025-22:30:17:500-24987	TLTX23		OTHER	PAIRED	NextSeq 2000	552956	27647800	Homo sapiens
ERR14257091	SAMEA117636886	ena-SAMPLE-TAB-28-01-2025-22:30:17:500-24987	TLTX23		OTHER	PAIRED	NextSeq 2000	2108060	105403000	Homo sapiens
ERR14257097	SAMEA117636886	ena-SAMPLE-TAB-28-01-2025-22:30:17:500-24987	TLTX23		OTHER	PAIRED	NextSeq 2000	1120349	56017450	Homo sapiens
ERR14257131	SAMEA117636886	ena-SAMPLE-TAB-28-01-2025-22:30:17:500-24987	TLTX23		OTHER	PAIRED	NextSeq 2000	1165809	58290450	Homo sapiens
ERR14257138	SAMEA117636886	ena-SAMPLE-TAB-28-01-2025-22:30:17:500-24987	TLTX23		OTHER	PAIRED	NextSeq 2000	1296435	64821750	Homo sapiens
ERR14257160	SAMEA117636886	ena-SAMPLE-TAB-28-01-2025-22:30:17:500-24987	TLTX23		OTHER	PAIRED	NextSeq 2000	1226448	61322400	Homo sapiens
ERR14257168	SAMEA117636886	ena-SAMPLE-TAB-28-01-2025-22:30:17:500-24987	TLTX23		OTHER	PAIRED	NextSeq 2000	1510224	75511200	Homo sapiens
ERR14257170	SAMEA117636886	ena-SAMPLE-TAB-28-01-2025-22:30:17:500-24987	TLTX23		OTHER	PAIRED	NextSeq 2000	675694	33784700	Homo sapiens
ERR14257192	SAMEA117636886	ena-SAMPLE-TAB-28-01-2025-22:30:17:500-24987	TLTX23		OTHER	PAIRED	NextSeq 2000	201329	10066450	Homo sapiens
ERR14257219	SAMEA117636886	ena-SAMPLE-TAB-28-01-2025-22:30:17:500-24987	TLTX23		OTHER	PAIRED	NextSeq 2000	469339	23466950	Homo sapiens
ERR14257223	SAMEA117636886	ena-SAMPLE-TAB-28-01-2025-22:30:17:500-24987	TLTX23		OTHER	PAIRED	NextSeq 2000	298092	14904600	Homo sapiens
ERR14257242	SAMEA117636886	ena-SAMPLE-TAB-28-01-2025-22:30:17:500-24987	TLTX23		OTHER	PAIRED	NextSeq 2000	1089756	54487800	Homo sapiens
ERR14257250	SAMEA117636886	ena-SAMPLE-TAB-28-01-2025-22:30:17:500-24987	TLTX23		OTHER	PAIRED	NextSeq 2000	913702	45685100	Homo sapiens
ERR14257281	SAMEA117636886	ena-SAMPLE-TAB-28-01-2025-22:30:17:500-24987	TLTX23		OTHER	PAIRED	NextSeq 2000	1439548	71977400	Homo sapiens
ERR14257302	SAMEA117636886	ena-SAMPLE-TAB-28-01-2025-22:30:17:500-24987	TLTX23		OTHER	PAIRED	NextSeq 2000	559553	27977650	Homo sapiens
ERR14257303	SAMEA117636886	ena-SAMPLE-TAB-28-01-2025-22:30:17:500-24987	TLTX23		OTHER	PAIRED	NextSeq 2000	683829	34191450	Homo sapiens
ERR14257319	SAMEA117636886	ena-SAMPLE-TAB-28-01-2025-22:30:17:500-24987	TLTX23		OTHER	PAIRED	NextSeq 2000	1525600	76280000	Homo sapiens
ERR14257375	SAMEA117636886	ena-SAMPLE-TAB-28-01-2025-22:30:17:500-24987	TLTX23		OTHER	PAIRED	NextSeq 2000	946037	47301850	Homo sapiens
ERR14257418	SAMEA117636886	ena-SAMPLE-TAB-28-01-2025-22:30:17:500-24987	TLTX23		OTHER	PAIRED	NextSeq 2000	670394	33519700	Homo sapiens
ERR14257421	SAMEA117636886	ena-SAMPLE-TAB-28-01-2025-22:30:17:500-24987	TLTX23		OTHER	PAIRED	NextSeq 2000	557198	27859900	Homo sapiens
ERR14257455	SAMEA117636886	ena-SAMPLE-TAB-28-01-2025-22:30:17:500-24987	TLTX23		OTHER	PAIRED	NextSeq 2000	542202	27110100	Homo sapiens
ERR14257534	SAMEA117636886	ena-SAMPLE-TAB-28-01-2025-22:30:17:500-24987	TLTX23		OTHER	PAIRED	NextSeq 2000	1959074	97953700	Homo sapiens
ERR14257536	SAMEA117636886	ena-SAMPLE-TAB-28-01-2025-22:30:17:500-24987	TLTX23		OTHER	PAIRED	NextSeq 2000	2490165	124508250	Homo sapiens
ERR14257571	SAMEA117636886	ena-SAMPLE-TAB-28-01-2025-22:30:17:500-24987	TLTX23		OTHER	PAIRED	NextSeq 2000	1367533	68376650	Homo sapiens
ERR14257581	SAMEA117636886	ena-SAMPLE-TAB-28-01-2025-22:30:17:500-24987	TLTX23		OTHER	PAIRED	NextSeq 2000	466521	23326050	Homo sapiens
ERR14257590	SAMEA117636886	ena-SAMPLE-TAB-28-01-2025-22:30:17:500-24987	TLTX23		OTHER	PAIRED	NextSeq 2000	1605021	80251050	Homo sapiens
ERR14257602	SAMEA117636886	ena-SAMPLE-TAB-28-01-2025-22:30:17:500-24987	TLTX23		OTHER	PAIRED	NextSeq 2000	1626274	81313700	Homo sapiens
ERR14257603	SAMEA117636886	ena-SAMPLE-TAB-28-01-2025-22:30:17:500-24987	TLTX23		OTHER	PAIRED	NextSeq 2000	1617864	80893200	Homo sapiens
ERR14257634	SAMEA117636886	ena-SAMPLE-TAB-28-01-2025-22:30:17:500-24987	TLTX23		OTHER	PAIRED	NextSeq 2000	1178458	58922900	Homo sapiens
ERR14257663	SAMEA117636886	ena-SAMPLE-TAB-28-01-2025-22:30:17:500-24987	TLTX23		OTHER	PAIRED	NextSeq 2000	1426480	71324000	Homo sapiens
ERR14257669	SAMEA117636886	ena-SAMPLE-TAB-28-01-2025-22:30:17:500-24987	TLTX23		OTHER	PAIRED	NextSeq 2000	873323	43666150	Homo sapiens
ERR14257716	SAMEA117636886	ena-SAMPLE-TAB-28-01-2025-22:30:17:500-24987	TLTX23		OTHER	PAIRED	NextSeq 2000	454905	22745250	Homo sapiens
ERR14257727	SAMEA117636886	ena-SAMPLE-TAB-28-01-2025-22:30:17:500-24987	TLTX23		OTHER	PAIRED	NextSeq 2000	1050467	52523350	Homo sapiens
ERR14257739	SAMEA117636886	ena-SAMPLE-TAB-28-01-2025-22:30:17:500-24987	TLTX23		OTHER	PAIRED	NextSeq 2000	1208982	60449100	Homo sapiens
ERR14257741	SAMEA117636886	ena-SAMPLE-TAB-28-01-2025-22:30:17:500-24987	TLTX23		OTHER	PAIRED	NextSeq 2000	1364680	68234000	Homo sapiens
ERR14257798	SAMEA117636886	ena-SAMPLE-TAB-28-01-2025-22:30:17:500-24987	TLTX23		OTHER	PAIRED	NextSeq 2000	1966498	98324900	Homo sapiens
ERR14257842	SAMEA117636886	ena-SAMPLE-TAB-28-01-2025-22:30:17:500-24987	TLTX23		OTHER	PAIRED	NextSeq 2000	927305	46365250	Homo sapiens
ERR14257888	SAMEA117636886	ena-SAMPLE-TAB-28-01-2025-22:30:17:500-24987	TLTX23		OTHER	PAIRED	NextSeq 2000	1348286	67414300	Homo sapiens
ERR14257890	SAMEA117636886	ena-SAMPLE-TAB-28-01-2025-22:30:17:500-24987	TLTX23		OTHER	PAIRED	NextSeq 2000	1318632	65931600	Homo sapiens
ERR14257934	SAMEA117636886	ena-SAMPLE-TAB-28-01-2025-22:30:17:500-24987	TLTX23		OTHER	PAIRED	NextSeq 2000	989546	49477300	Homo sapiens
ERR14257956	SAMEA117636886	ena-SAMPLE-TAB-28-01-2025-22:30:17:500-24987	TLTX23		OTHER	PAIRED	NextSeq 2000	1368894	68444700	Homo sapiens
ERR14257959	SAMEA117636886	ena-SAMPLE-TAB-28-01-2025-22:30:17:500-24987	TLTX23		OTHER	PAIRED	NextSeq 2000	1223870	61193500	Homo sapiens
ERR14257971	SAMEA117636886	ena-SAMPLE-TAB-28-01-2025-22:30:17:500-24987	TLTX23		OTHER	PAIRED	NextSeq 2000	905204	45260200	Homo sapiens
ERR14257988	SAMEA117636886	ena-SAMPLE-TAB-28-01-2025-22:30:17:500-24987	TLTX23		OTHER	PAIRED	NextSeq 2000	1193214	59660700	Homo sapiens
ERR14257990	SAMEA117636886	ena-SAMPLE-TAB-28-01-2025-22:30:17:500-24987	TLTX23		OTHER	PAIRED	NextSeq 2000	669830	33491500	Homo sapiens
ERR14258007	SAMEA117636886	ena-SAMPLE-TAB-28-01-2025-22:30:17:500-24987	TLTX23		OTHER	PAIRED	NextSeq 2000	1564497	78224850	Homo sapiens
ERR14258016	SAMEA117636886	ena-SAMPLE-TAB-28-01-2025-22:30:17:500-24987	TLTX23		OTHER	PAIRED	NextSeq 2000	623181	31159050	Homo sapiens
ERR14258018	SAMEA117636886	ena-SAMPLE-TAB-28-01-2025-22:30:17:500-24987	TLTX23		OTHER	PAIRED	NextSeq 2000	248757	12437850	Homo sapiens
ERR14258032	SAMEA117636886	ena-SAMPLE-TAB-28-01-2025-22:30:17:500-24987	TLTX23		OTHER	PAIRED	NextSeq 2000	1269882	63494100	Homo sapiens
ERR14258042	SAMEA117636886	ena-SAMPLE-TAB-28-01-2025-22:30:17:500-24987	TLTX23		OTHER	PAIRED	NextSeq 2000	1035500	51775000	Homo sapiens
ERR14258077	SAMEA117636886	ena-SAMPLE-TAB-28-01-2025-22:30:17:500-24987	TLTX23		OTHER	PAIRED	NextSeq 2000	1526615	76330750	Homo sapiens
ERR14258112	SAMEA117636886	ena-SAMPLE-TAB-28-01-2025-22:30:17:500-24987	TLTX23		OTHER	PAIRED	NextSeq 2000	1032754	51637700	Homo sapiens
ERR14258133	SAMEA117636886	ena-SAMPLE-TAB-28-01-2025-22:30:17:500-24987	TLTX23		OTHER	PAIRED	NextSeq 2000	716512	35825600	Homo sapiens
ERR14258148	SAMEA117636886	ena-SAMPLE-TAB-28-01-2025-22:30:17:500-24987	TLTX23		OTHER	PAIRED	NextSeq 2000	1135462	56773100	Homo sapiens
ERR14258150	SAMEA117636886	ena-SAMPLE-TAB-28-01-2025-22:30:17:500-24987	TLTX23		OTHER	PAIRED	NextSeq 2000	1552722	77636100	Homo sapiens
ERR14258157	SAMEA117636886	ena-SAMPLE-TAB-28-01-2025-22:30:17:500-24987	TLTX23		OTHER	PAIRED	NextSeq 2000	1113980	55699000	Homo sapiens
ERR14258244	SAMEA117636886	ena-SAMPLE-TAB-28-01-2025-22:30:17:500-24987	TLTX23		OTHER	PAIRED	NextSeq 2000	667279	33363950	Homo sapiens
ERR14258291	SAMEA117636886	ena-SAMPLE-TAB-28-01-2025-22:30:17:500-24987	TLTX23		OTHER	PAIRED	NextSeq 2000	2176143	108807150	Homo sapiens
ERR14258297	SAMEA117636886	ena-SAMPLE-TAB-28-01-2025-22:30:17:500-24987	TLTX23		OTHER	PAIRED	NextSeq 2000	671752	33587600	Homo sapiens
ERR14258299	SAMEA117636886	ena-SAMPLE-TAB-28-01-2025-22:30:17:500-24987	TLTX23		OTHER	PAIRED	NextSeq 2000	1393351	69667550	Homo sapiens
ERR14258315	SAMEA117636886	ena-SAMPLE-TAB-28-01-2025-22:30:17:500-24987	TLTX23		OTHER	PAIRED	NextSeq 2000	654615	32730750	Homo sapiens
ERR14258325	SAMEA117636886	ena-SAMPLE-TAB-28-01-2025-22:30:17:500-24987	TLTX23		OTHER	PAIRED	NextSeq 2000	1307269	65363450	Homo sapiens
ERR14258326	SAMEA117636886	ena-SAMPLE-TAB-28-01-2025-22:30:17:500-24987	TLTX23		OTHER	PAIRED	NextSeq 2000	1441939	72096950	Homo sapiens
ERR14258328	SAMEA117636886	ena-SAMPLE-TAB-28-01-2025-22:30:17:500-24987	TLTX23		OTHER	PAIRED	NextSeq 2000	1056203	52810150	Homo sapiens
ERR14258357	SAMEA117636886	ena-SAMPLE-TAB-28-01-2025-22:30:17:500-24987	TLTX23		OTHER	PAIRED	NextSeq 2000	1613370	80668500	Homo sapiens
ERR14258378	SAMEA117636886	ena-SAMPLE-TAB-28-01-2025-22:30:17:500-24987	TLTX23		OTHER	PAIRED	NextSeq 2000	264951	13247550	Homo sapiens
ERR14258395	SAMEA117636886	ena-SAMPLE-TAB-28-01-2025-22:30:17:500-24987	TLTX23		OTHER	PAIRED	NextSeq 2000	581605	29080250	Homo sapiens
ERR14258397	SAMEA117636886	ena-SAMPLE-TAB-28-01-2025-22:30:17:500-24987	TLTX23		OTHER	PAIRED	NextSeq 2000	1299194	64959700	Homo sapiens
ERR14258399	SAMEA117636886	ena-SAMPLE-TAB-28-01-2025-22:30:17:500-24987	TLTX23		OTHER	PAIRED	NextSeq 2000	861326	43066300	Homo sapiens
ERR14258415	SAMEA117636886	ena-SAMPLE-TAB-28-01-2025-22:30:17:500-24987	TLTX23		OTHER	PAIRED	NextSeq 2000	644338	32216900	Homo sapiens
ERR14270804	SAMEA117636886	ena-SAMPLE-TAB-28-01-2025-22:30:17:500-24987	TLTX23		OTHER	SINGLE	NextSeq 2000	1	50	Homo sapiens
ERR14270818	SAMEA117636886	ena-SAMPLE-TAB-28-01-2025-22:30:17:500-24987	TLTX23		OTHER	SINGLE	NextSeq 2000	1	50	Homo sapiens
ERR14270824	SAMEA117636886	ena-SAMPLE-TAB-28-01-2025-22:30:17:500-24987	TLTX23		OTHER	SINGLE	NextSeq 2000	1	50	Homo sapiens
ERR14275151	SAMEA117636889	ena-SAMPLE-TAB-28-01-2025-22:30:17:500-24990	TLTX18		OTHER	SINGLE	NextSeq 2000	633	31650	Homo sapiens
ERR14275154	SAMEA117636889	ena-SAMPLE-TAB-28-01-2025-22:30:17:500-24990	TLTX18		OTHER	PAIRED	NextSeq 2000	624	31200	Homo sapiens
ERR14275155	SAMEA117636889	ena-SAMPLE-TAB-28-01-2025-22:30:17:500-24990	TLTX18		OTHER	PAIRED	NextSeq 2000	730	36500	Homo sapiens
ERR14275161	SAMEA117636889	ena-SAMPLE-TAB-28-01-2025-22:30:17:500-24990	TLTX18		OTHER	PAIRED	NextSeq 2000	1137848	56892400	Homo sapiens
ERR14275169	SAMEA117636889	ena-SAMPLE-TAB-28-01-2025-22:30:17:500-24990	TLTX18		OTHER	PAIRED	NextSeq 2000	1010	50500	Homo sapiens
ERR14275178	SAMEA117636889	ena-SAMPLE-TAB-28-01-2025-22:30:17:500-24990	TLTX18		OTHER	PAIRED	NextSeq 2000	770	38500	Homo sapiens
ERR14275183	SAMEA117636889	ena-SAMPLE-TAB-28-01-2025-22:30:17:500-24990	TLTX18		OTHER	PAIRED	NextSeq 2000	836	41800	Homo sapiens
ERR14275192	SAMEA117636889	ena-SAMPLE-TAB-28-01-2025-22:30:17:500-24990	TLTX18		OTHER	PAIRED	NextSeq 2000	20	1000	Homo sapiens
ERR14275196	SAMEA117636889	ena-SAMPLE-TAB-28-01-2025-22:30:17:500-24990	TLTX18		OTHER	PAIRED	NextSeq 2000	202	10100	Homo sapiens
ERR14275200	SAMEA117636889	ena-SAMPLE-TAB-28-01-2025-22:30:17:500-24990	TLTX18		OTHER	PAIRED	NextSeq 2000	868	43400	Homo sapiens
ERR14275202	SAMEA117636889	ena-SAMPLE-TAB-28-01-2025-22:30:17:500-24990	TLTX18		OTHER	PAIRED	NextSeq 2000	896204	44810200	Homo sapiens
ERR14275203	SAMEA117636889	ena-SAMPLE-TAB-28-01-2025-22:30:17:500-24990	TLTX18		OTHER	PAIRED	NextSeq 2000	1212656	60632800	Homo sapiens
ERR14275209	SAMEA117636889	ena-SAMPLE-TAB-28-01-2025-22:30:17:500-24990	TLTX18		OTHER	PAIRED	NextSeq 2000	394	19700	Homo sapiens
ERR14275216	SAMEA117636889	ena-SAMPLE-TAB-28-01-2025-22:30:17:500-24990	TLTX18		OTHER	PAIRED	NextSeq 2000	718	35900	Homo sapiens
ERR14275219	SAMEA117636889	ena-SAMPLE-TAB-28-01-2025-22:30:17:500-24990	TLTX18		OTHER	PAIRED	NextSeq 2000	1181084	59054200	Homo sapiens
ERR14275221	SAMEA117636889	ena-SAMPLE-TAB-28-01-2025-22:30:17:500-24990	TLTX18		OTHER	PAIRED	NextSeq 2000	678	33900	Homo sapiens
ERR14275228	SAMEA117636889	ena-SAMPLE-TAB-28-01-2025-22:30:17:500-24990	TLTX18		OTHER	PAIRED	NextSeq 2000	2702	135100	Homo sapiens
ERR14275229	SAMEA117636889	ena-SAMPLE-TAB-28-01-2025-22:30:17:500-24990	TLTX18		OTHER	PAIRED	NextSeq 2000	2052198	102609900	Homo sapiens
ERR14275232	SAMEA117636889	ena-SAMPLE-TAB-28-01-2025-22:30:17:500-24990	TLTX18		OTHER	PAIRED	NextSeq 2000	2532	126600	Homo sapiens
ERR14275240	SAMEA117636889	ena-SAMPLE-TAB-28-01-2025-22:30:17:500-24990	TLTX18		OTHER	PAIRED	NextSeq 2000	1896	94800	Homo sapiens
ERR14275241	SAMEA117636889	ena-SAMPLE-TAB-28-01-2025-22:30:17:500-24990	TLTX18		OTHER	PAIRED	NextSeq 2000	1752346	87617300	Homo sapiens
ERR14275242	SAMEA117636889	ena-SAMPLE-TAB-28-01-2025-22:30:17:500-24990	TLTX18		OTHER	PAIRED	NextSeq 2000	1328	66400	Homo sapiens
ERR14275247	SAMEA117636889	ena-SAMPLE-TAB-28-01-2025-22:30:17:500-24990	TLTX18		OTHER	PAIRED	NextSeq 2000	1643926	82196300	Homo sapiens
ERR14275250	SAMEA117636889	ena-SAMPLE-TAB-28-01-2025-22:30:17:500-24990	TLTX18		OTHER	PAIRED	NextSeq 2000	2110	105500	Homo sapiens
ERR14275264	SAMEA117636889	ena-SAMPLE-TAB-28-01-2025-22:30:17:500-24990	TLTX18		OTHER	PAIRED	NextSeq 2000	1395356	69767800	Homo sapiens
ERR14275270	SAMEA117636889	ena-SAMPLE-TAB-28-01-2025-22:30:17:500-24990	TLTX18		OTHER	PAIRED	NextSeq 2000	2080	104000	Homo sapiens
ERR14275282	SAMEA117636889	ena-SAMPLE-TAB-28-01-2025-22:30:17:500-24990	TLTX18		OTHER	PAIRED	NextSeq 2000	1560346	78017300	Homo sapiens
ERR14275301	SAMEA117636889	ena-SAMPLE-TAB-28-01-2025-22:30:17:500-24990	TLTX18		OTHER	PAIRED	NextSeq 2000	1230	61500	Homo sapiens
ERR14275303	SAMEA117636889	ena-SAMPLE-TAB-28-01-2025-22:30:17:500-24990	TLTX18		OTHER	PAIRED	NextSeq 2000	1050	52500	Homo sapiens
ERR14275306	SAMEA117636889	ena-SAMPLE-TAB-28-01-2025-22:30:17:500-24990	TLTX18		OTHER	PAIRED	NextSeq 2000	378	18900	Homo sapiens
ERR14275313	SAMEA117636889	ena-SAMPLE-TAB-28-01-2025-22:30:17:500-24990	TLTX18		OTHER	PAIRED	NextSeq 2000	1340	67000	Homo sapiens
ERR14275329	SAMEA117636889	ena-SAMPLE-TAB-28-01-2025-22:30:17:500-24990	TLTX18		OTHER	PAIRED	NextSeq 2000	1946	97300	Homo sapiens
ERR14275336	SAMEA117636889	ena-SAMPLE-TAB-28-01-2025-22:30:17:500-24990	TLTX18		OTHER	PAIRED	NextSeq 2000	854	42700	Homo sapiens
ERR14275346	SAMEA117636889	ena-SAMPLE-TAB-28-01-2025-22:30:17:500-24990	TLTX18		OTHER	PAIRED	NextSeq 2000	466	23300	Homo sapiens
ERR14275349	SAMEA117636889	ena-SAMPLE-TAB-28-01-2025-22:30:17:500-24990	TLTX18		OTHER	PAIRED	NextSeq 2000	994	49700	Homo sapiens
ERR14275353	SAMEA117636889	ena-SAMPLE-TAB-28-01-2025-22:30:17:500-24990	TLTX18		OTHER	PAIRED	NextSeq 2000	820	41000	Homo sapiens
ERR14275354	SAMEA117636889	ena-SAMPLE-TAB-28-01-2025-22:30:17:500-24990	TLTX18		OTHER	PAIRED	NextSeq 2000	1756924	87846200	Homo sapiens
ERR14275360	SAMEA117636889	ena-SAMPLE-TAB-28-01-2025-22:30:17:500-24990	TLTX18		OTHER	PAIRED	NextSeq 2000	1028	51400	Homo sapiens
ERR14275365	SAMEA117636889	ena-SAMPLE-TAB-28-01-2025-22:30:17:500-24990	TLTX18		OTHER	PAIRED	NextSeq 2000	1445532	72276600	Homo sapiens
ERR14275371	SAMEA117636889	ena-SAMPLE-TAB-28-01-2025-22:30:17:500-24990	TLTX18		OTHER	PAIRED	NextSeq 2000	738	36900	Homo sapiens
ERR14275375	SAMEA117636889	ena-SAMPLE-TAB-28-01-2025-22:30:17:500-24990	TLTX18		OTHER	PAIRED	NextSeq 2000	1658728	82936400	Homo sapiens
ERR14275391	SAMEA117636889	ena-SAMPLE-TAB-28-01-2025-22:30:17:500-24990	TLTX18		OTHER	PAIRED	NextSeq 2000	1196650	59832500	Homo sapiens
ERR14275396	SAMEA117636889	ena-SAMPLE-TAB-28-01-2025-22:30:17:500-24990	TLTX18		OTHER	PAIRED	NextSeq 2000	1118	55900	Homo sapiens
ERR14275407	SAMEA117636889	ena-SAMPLE-TAB-28-01-2025-22:30:17:500-24990	TLTX18		OTHER	PAIRED	NextSeq 2000	830	41500	Homo sapiens
ERR14275409	SAMEA117636889	ena-SAMPLE-TAB-28-01-2025-22:30:17:500-24990	TLTX18		OTHER	PAIRED	NextSeq 2000	910	45500	Homo sapiens
ERR14275410	SAMEA117636889	ena-SAMPLE-TAB-28-01-2025-22:30:17:500-24990	TLTX18		OTHER	PAIRED	NextSeq 2000	914564	45728200	Homo sapiens
ERR14275412	SAMEA117636889	ena-SAMPLE-TAB-28-01-2025-22:30:17:500-24990	TLTX18		OTHER	PAIRED	NextSeq 2000	170	8500	Homo sapiens
ERR14275416	SAMEA117636889	ena-SAMPLE-TAB-28-01-2025-22:30:17:500-24990	TLTX18		OTHER	PAIRED	NextSeq 2000	1350694	67534700	Homo sapiens
ERR14275425	SAMEA117636889	ena-SAMPLE-TAB-28-01-2025-22:30:17:500-24990	TLTX18		OTHER	PAIRED	NextSeq 2000	630	31500	Homo sapiens
ERR14275427	SAMEA117636889	ena-SAMPLE-TAB-28-01-2025-22:30:17:500-24990	TLTX18		OTHER	PAIRED	NextSeq 2000	712	35600	Homo sapiens
ERR14275432	SAMEA117636889	ena-SAMPLE-TAB-28-01-2025-22:30:17:500-24990	TLTX18		OTHER	PAIRED	NextSeq 2000	852	42600	Homo sapiens
ERR14275434	SAMEA117636889	ena-SAMPLE-TAB-28-01-2025-22:30:17:500-24990	TLTX18		OTHER	PAIRED	NextSeq 2000	684	34200	Homo sapiens
ERR14275441	SAMEA117636889	ena-SAMPLE-TAB-28-01-2025-22:30:17:500-24990	TLTX18		OTHER	PAIRED	NextSeq 2000	1586	79300	Homo sapiens
ERR14275442	SAMEA117636889	ena-SAMPLE-TAB-28-01-2025-22:30:17:500-24990	TLTX18		OTHER	PAIRED	NextSeq 2000	862	43100	Homo sapiens
ERR14275443	SAMEA117636889	ena-SAMPLE-TAB-28-01-2025-22:30:17:500-24990	TLTX18		OTHER	PAIRED	NextSeq 2000	888	44400	Homo sapiens
ERR14275446	SAMEA117636889	ena-SAMPLE-TAB-28-01-2025-22:30:17:500-24990	TLTX18		OTHER	PAIRED	NextSeq 2000	1088	54400	Homo sapiens
ERR14275450	SAMEA117636889	ena-SAMPLE-TAB-28-01-2025-22:30:17:500-24990	TLTX18		OTHER	PAIRED	NextSeq 2000	384	19200	Homo sapiens
ERR14275459	SAMEA117636889	ena-SAMPLE-TAB-28-01-2025-22:30:17:500-24990	TLTX18		OTHER	PAIRED	NextSeq 2000	888	44400	Homo sapiens
ERR14275461	SAMEA117636889	ena-SAMPLE-TAB-28-01-2025-22:30:17:500-24990	TLTX18		OTHER	PAIRED	NextSeq 2000	1453974	72698700	Homo sapiens
ERR14275464	SAMEA117636889	ena-SAMPLE-TAB-28-01-2025-22:30:17:500-24990	TLTX18		OTHER	PAIRED	NextSeq 2000	1285540	64277000	Homo sapiens
ERR14275465	SAMEA117636889	ena-SAMPLE-TAB-28-01-2025-22:30:17:500-24990	TLTX18		OTHER	PAIRED	NextSeq 2000	991028	49551400	Homo sapiens
ERR14275470	SAMEA117636889	ena-SAMPLE-TAB-28-01-2025-22:30:17:500-24990	TLTX18		OTHER	PAIRED	NextSeq 2000	1140	57000	Homo sapiens
ERR14275476	SAMEA117636889	ena-SAMPLE-TAB-28-01-2025-22:30:17:500-24990	TLTX18		OTHER	PAIRED	NextSeq 2000	1404	70200	Homo sapiens
ERR14275502	SAMEA117636889	ena-SAMPLE-TAB-28-01-2025-22:30:17:500-24990	TLTX18		OTHER	PAIRED	NextSeq 2000	1120364	56018200	Homo sapiens
ERR14275505	SAMEA117636889	ena-SAMPLE-TAB-28-01-2025-22:30:17:500-24990	TLTX18		OTHER	PAIRED	NextSeq 2000	704	35200	Homo sapiens
ERR14275508	SAMEA117636889	ena-SAMPLE-TAB-28-01-2025-22:30:17:500-24990	TLTX18		OTHER	PAIRED	NextSeq 2000	794586	39729300	Homo sapiens
ERR14275510	SAMEA117636889	ena-SAMPLE-TAB-28-01-2025-22:30:17:500-24990	TLTX18		OTHER	PAIRED	NextSeq 2000	1292	64600	Homo sapiens
ERR14275511	SAMEA117636889	ena-SAMPLE-TAB-28-01-2025-22:30:17:500-24990	TLTX18		OTHER	PAIRED	NextSeq 2000	1652584	82629200	Homo sapiens
ERR14275514	SAMEA117636889	ena-SAMPLE-TAB-28-01-2025-22:30:17:500-24990	TLTX18		OTHER	PAIRED	NextSeq 2000	1028	51400	Homo sapiens
ERR14275515	SAMEA117636889	ena-SAMPLE-TAB-28-01-2025-22:30:17:500-24990	TLTX18		OTHER	PAIRED	NextSeq 2000	1768370	88418500	Homo sapiens
ERR14275521	SAMEA117636889	ena-SAMPLE-TAB-28-01-2025-22:30:17:500-24990	TLTX18		OTHER	PAIRED	NextSeq 2000	988	49400	Homo sapiens
ERR14275522	SAMEA117636889	ena-SAMPLE-TAB-28-01-2025-22:30:17:500-24990	TLTX18		OTHER	PAIRED	NextSeq 2000	370	18500	Homo sapiens
ERR14275537	SAMEA117636889	ena-SAMPLE-TAB-28-01-2025-22:30:17:500-24990	TLTX18		OTHER	PAIRED	NextSeq 2000	1190	59500	Homo sapiens
ERR14275545	SAMEA117636889	ena-SAMPLE-TAB-28-01-2025-22:30:17:500-24990	TLTX18		OTHER	PAIRED	NextSeq 2000	1415986	70799300	Homo sapiens
ERR14275553	SAMEA117636889	ena-SAMPLE-TAB-28-01-2025-22:30:17:500-24990	TLTX18		OTHER	PAIRED	NextSeq 2000	1214	60700	Homo sapiens
ERR14275554	SAMEA117636889	ena-SAMPLE-TAB-28-01-2025-22:30:17:500-24990	TLTX18		OTHER	PAIRED	NextSeq 2000	772	38600	Homo sapiens
ERR14275557	SAMEA117636889	ena-SAMPLE-TAB-28-01-2025-22:30:17:500-24990	TLTX18		OTHER	PAIRED	NextSeq 2000	1800	90000	Homo sapiens
ERR14275561	SAMEA117636889	ena-SAMPLE-TAB-28-01-2025-22:30:17:500-24990	TLTX18		OTHER	PAIRED	NextSeq 2000	988	49400	Homo sapiens
ERR14275570	SAMEA117636889	ena-SAMPLE-TAB-28-01-2025-22:30:17:500-24990	TLTX18		OTHER	PAIRED	NextSeq 2000	1486	74300	Homo sapiens
ERR14275575	SAMEA117636889	ena-SAMPLE-TAB-28-01-2025-22:30:17:500-24990	TLTX18		OTHER	PAIRED	NextSeq 2000	1486	74300	Homo sapiens
ERR14275584	SAMEA117636889	ena-SAMPLE-TAB-28-01-2025-22:30:17:500-24990	TLTX18		OTHER	PAIRED	NextSeq 2000	1659760	82988000	Homo sapiens
ERR14275585	SAMEA117636889	ena-SAMPLE-TAB-28-01-2025-22:30:17:500-24990	TLTX18		OTHER	PAIRED	NextSeq 2000	1574824	78741200	Homo sapiens
ERR14275592	SAMEA117636889	ena-SAMPLE-TAB-28-01-2025-22:30:17:500-24990	TLTX18		OTHER	PAIRED	NextSeq 2000	1840060	92003000	Homo sapiens
ERR14275602	SAMEA117636889	ena-SAMPLE-TAB-28-01-2025-22:30:17:500-24990	TLTX18		OTHER	PAIRED	NextSeq 2000	840	42000	Homo sapiens
ERR14275605	SAMEA117636889	ena-SAMPLE-TAB-28-01-2025-22:30:17:500-24990	TLTX18		OTHER	PAIRED	NextSeq 2000	1884	94200	Homo sapiens
ERR14275612	SAMEA117636889	ena-SAMPLE-TAB-28-01-2025-22:30:17:500-24990	TLTX18		OTHER	PAIRED	NextSeq 2000	1758	87900	Homo sapiens
ERR14275619	SAMEA117636889	ena-SAMPLE-TAB-28-01-2025-22:30:17:500-24990	TLTX18		OTHER	PAIRED	NextSeq 2000	1566	78300	Homo sapiens
ERR14275624	SAMEA117636889	ena-SAMPLE-TAB-28-01-2025-22:30:17:500-24990	TLTX18		OTHER	PAIRED	NextSeq 2000	1673820	83691000	Homo sapiens
ERR14275628	SAMEA117636889	ena-SAMPLE-TAB-28-01-2025-22:30:17:500-24990	TLTX18		OTHER	PAIRED	NextSeq 2000	212	10600	Homo sapiens
ERR14275637	SAMEA117636889	ena-SAMPLE-TAB-28-01-2025-22:30:17:500-24990	TLTX18		OTHER	PAIRED	NextSeq 2000	1282	64100	Homo sapiens
ERR14275643	SAMEA117636889	ena-SAMPLE-TAB-28-01-2025-22:30:17:500-24990	TLTX18		OTHER	PAIRED	NextSeq 2000	1000	50000	Homo sapiens
ERR14275647	SAMEA117636889	ena-SAMPLE-TAB-28-01-2025-22:30:17:500-24990	TLTX18		OTHER	PAIRED	NextSeq 2000	1822	91100	Homo sapiens
ERR14275659	SAMEA117636889	ena-SAMPLE-TAB-28-01-2025-22:30:17:500-24990	TLTX18		OTHER	PAIRED	NextSeq 2000	1294	64700	Homo sapiens
ERR14275664	SAMEA117636889	ena-SAMPLE-TAB-28-01-2025-22:30:17:500-24990	TLTX18		OTHER	PAIRED	NextSeq 2000	1680	84000	Homo sapiens
ERR14275665	SAMEA117636889	ena-SAMPLE-TAB-28-01-2025-22:30:17:500-24990	TLTX18		OTHER	PAIRED	NextSeq 2000	888	44400	Homo sapiens
ERR14275671	SAMEA117636889	ena-SAMPLE-TAB-28-01-2025-22:30:17:500-24990	TLTX18		OTHER	PAIRED	NextSeq 2000	1204	60200	Homo sapiens
ERR14275673	SAMEA117636889	ena-SAMPLE-TAB-28-01-2025-22:30:17:500-24990	TLTX18		OTHER	PAIRED	NextSeq 2000	2112874	105643700	Homo sapiens
ERR14275677	SAMEA117636889	ena-SAMPLE-TAB-28-01-2025-22:30:17:500-24990	TLTX18		OTHER	PAIRED	NextSeq 2000	1796	89800	Homo sapiens
ERR14275679	SAMEA117636889	ena-SAMPLE-TAB-28-01-2025-22:30:17:500-24990	TLTX18		OTHER	PAIRED	NextSeq 2000	1246	62300	Homo sapiens
ERR14275683	SAMEA117636889	ena-SAMPLE-TAB-28-01-2025-22:30:17:500-24990	TLTX18		OTHER	PAIRED	NextSeq 2000	748	37400	Homo sapiens
ERR14275684	SAMEA117636889	ena-SAMPLE-TAB-28-01-2025-22:30:17:500-24990	TLTX18		OTHER	PAIRED	NextSeq 2000	1748	87400	Homo sapiens
ERR14275691	SAMEA117636889	ena-SAMPLE-TAB-28-01-2025-22:30:17:500-24990	TLTX18		OTHER	PAIRED	NextSeq 2000	1390614	69530700	Homo sapiens
ERR14275694	SAMEA117636889	ena-SAMPLE-TAB-28-01-2025-22:30:17:500-24990	TLTX18		OTHER	PAIRED	NextSeq 2000	1286	64300	Homo sapiens
ERR14275698	SAMEA117636889	ena-SAMPLE-TAB-28-01-2025-22:30:17:500-24990	TLTX18		OTHER	PAIRED	NextSeq 2000	754	37700	Homo sapiens
ERR14275701	SAMEA117636889	ena-SAMPLE-TAB-28-01-2025-22:30:17:500-24990	TLTX18		OTHER	PAIRED	NextSeq 2000	1776	88800	Homo sapiens
ERR14275703	SAMEA117636889	ena-SAMPLE-TAB-28-01-2025-22:30:17:500-24990	TLTX18		OTHER	PAIRED	NextSeq 2000	1706	85300	Homo sapiens
ERR14275708	SAMEA117636889	ena-SAMPLE-TAB-28-01-2025-22:30:17:500-24990	TLTX18		OTHER	PAIRED	NextSeq 2000	1296	64800	Homo sapiens
ERR14275712	SAMEA117636889	ena-SAMPLE-TAB-28-01-2025-22:30:17:500-24990	TLTX18		OTHER	PAIRED	NextSeq 2000	1064	53200	Homo sapiens
ERR14275725	SAMEA117636889	ena-SAMPLE-TAB-28-01-2025-22:30:17:500-24990	TLTX18		OTHER	PAIRED	NextSeq 2000	1204	60200	Homo sapiens
ERR14275734	SAMEA117636889	ena-SAMPLE-TAB-28-01-2025-22:30:17:500-24990	TLTX18		OTHER	PAIRED	NextSeq 2000	1820526	91026300	Homo sapiens
ERR14275735	SAMEA117636889	ena-SAMPLE-TAB-28-01-2025-22:30:17:500-24990	TLTX18		OTHER	PAIRED	NextSeq 2000	1548	77400	Homo sapiens
ERR14275745	SAMEA117636889	ena-SAMPLE-TAB-28-01-2025-22:30:17:500-24990	TLTX18		OTHER	PAIRED	NextSeq 2000	1330	66500	Homo sapiens
ERR14275748	SAMEA117636889	ena-SAMPLE-TAB-28-01-2025-22:30:17:500-24990	TLTX18		OTHER	PAIRED	NextSeq 2000	1493768	74688400	Homo sapiens
ERR14275753	SAMEA117636889	ena-SAMPLE-TAB-28-01-2025-22:30:17:500-24990	TLTX18		OTHER	PAIRED	NextSeq 2000	1326	66300	Homo sapiens
ERR14275754	SAMEA117636889	ena-SAMPLE-TAB-28-01-2025-22:30:17:500-24990	TLTX18		OTHER	PAIRED	NextSeq 2000	1220	61000	Homo sapiens
ERR14275766	SAMEA117636889	ena-SAMPLE-TAB-28-01-2025-22:30:17:500-24990	TLTX18		OTHER	PAIRED	NextSeq 2000	1618	80900	Homo sapiens
ERR14275773	SAMEA117636889	ena-SAMPLE-TAB-28-01-2025-22:30:17:500-24990	TLTX18		OTHER	PAIRED	NextSeq 2000	1587226	79361300	Homo sapiens
ERR14275777	SAMEA117636889	ena-SAMPLE-TAB-28-01-2025-22:30:17:500-24990	TLTX18		OTHER	PAIRED	NextSeq 2000	1425384	71269200	Homo sapiens
ERR14275778	SAMEA117636889	ena-SAMPLE-TAB-28-01-2025-22:30:17:500-24990	TLTX18		OTHER	PAIRED	NextSeq 2000	1928274	96413700	Homo sapiens
ERR14275779	SAMEA117636889	ena-SAMPLE-TAB-28-01-2025-22:30:17:500-24990	TLTX18		OTHER	PAIRED	NextSeq 2000	978	48900	Homo sapiens
ERR14275786	SAMEA117636889	ena-SAMPLE-TAB-28-01-2025-22:30:17:500-24990	TLTX18		OTHER	PAIRED	NextSeq 2000	1054	52700	Homo sapiens
ERR14275793	SAMEA117636889	ena-SAMPLE-TAB-28-01-2025-22:30:17:500-24990	TLTX18		OTHER	PAIRED	NextSeq 2000	1728	86400	Homo sapiens
ERR14275804	SAMEA117636889	ena-SAMPLE-TAB-28-01-2025-22:30:17:500-24990	TLTX18		OTHER	PAIRED	NextSeq 2000	1754	87700	Homo sapiens
ERR14275805	SAMEA117636889	ena-SAMPLE-TAB-28-01-2025-22:30:17:500-24990	TLTX18		OTHER	PAIRED	NextSeq 2000	2142	107100	Homo sapiens
ERR14275808	SAMEA117636889	ena-SAMPLE-TAB-28-01-2025-22:30:17:500-24990	TLTX18		OTHER	PAIRED	NextSeq 2000	2096	104800	Homo sapiens
ERR14275812	SAMEA117636889	ena-SAMPLE-TAB-28-01-2025-22:30:17:500-24990	TLTX18		OTHER	PAIRED	NextSeq 2000	573840	28692000	Homo sapiens
ERR14275813	SAMEA117636889	ena-SAMPLE-TAB-28-01-2025-22:30:17:500-24990	TLTX18		OTHER	PAIRED	NextSeq 2000	2290	114500	Homo sapiens
ERR14275815	SAMEA117636889	ena-SAMPLE-TAB-28-01-2025-22:30:17:500-24990	TLTX18		OTHER	PAIRED	NextSeq 2000	3144	157200	Homo sapiens
ERR14275821	SAMEA117636889	ena-SAMPLE-TAB-28-01-2025-22:30:17:500-24990	TLTX18		OTHER	PAIRED	NextSeq 2000	1804	90200	Homo sapiens
ERR14275823	SAMEA117636889	ena-SAMPLE-TAB-28-01-2025-22:30:17:500-24990	TLTX18		OTHER	PAIRED	NextSeq 2000	1772538	88626900	Homo sapiens
ERR14275830	SAMEA117636889	ena-SAMPLE-TAB-28-01-2025-22:30:17:500-24990	TLTX18		OTHER	PAIRED	NextSeq 2000	1697806	84890300	Homo sapiens
ERR14275838	SAMEA117636889	ena-SAMPLE-TAB-28-01-2025-22:30:17:500-24990	TLTX18		OTHER	PAIRED	NextSeq 2000	2202	110100	Homo sapiens
ERR14275840	SAMEA117636889	ena-SAMPLE-TAB-28-01-2025-22:30:17:500-24990	TLTX18		OTHER	PAIRED	NextSeq 2000	1792408	89620400	Homo sapiens
ERR14275843	SAMEA117636889	ena-SAMPLE-TAB-28-01-2025-22:30:17:500-24990	TLTX18		OTHER	PAIRED	NextSeq 2000	1866548	93327400	Homo sapiens
ERR14275848	SAMEA117636889	ena-SAMPLE-TAB-28-01-2025-22:30:17:500-24990	TLTX18		OTHER	PAIRED	NextSeq 2000	2278	113900	Homo sapiens
ERR14275852	SAMEA117636889	ena-SAMPLE-TAB-28-01-2025-22:30:17:500-24990	TLTX18		OTHER	PAIRED	NextSeq 2000	1110	55500	Homo sapiens
ERR14275855	SAMEA117636889	ena-SAMPLE-TAB-28-01-2025-22:30:17:500-24990	TLTX18		OTHER	PAIRED	NextSeq 2000	1230	61500	Homo sapiens
ERR14275861	SAMEA117636889	ena-SAMPLE-TAB-28-01-2025-22:30:17:500-24990	TLTX18		OTHER	PAIRED	NextSeq 2000	1718	85900	Homo sapiens
ERR14275867	SAMEA117636889	ena-SAMPLE-TAB-28-01-2025-22:30:17:500-24990	TLTX18		OTHER	PAIRED	NextSeq 2000	1202	60100	Homo sapiens
ERR14275875	SAMEA117636889	ena-SAMPLE-TAB-28-01-2025-22:30:17:500-24990	TLTX18		OTHER	PAIRED	NextSeq 2000	1900	95000	Homo sapiens
ERR14275877	SAMEA117636889	ena-SAMPLE-TAB-28-01-2025-22:30:17:500-24990	TLTX18		OTHER	PAIRED	NextSeq 2000	1266	63300	Homo sapiens
ERR14275881	SAMEA117636889	ena-SAMPLE-TAB-28-01-2025-22:30:17:500-24990	TLTX18		OTHER	PAIRED	NextSeq 2000	1921434	96071700	Homo sapiens
ERR14275888	SAMEA117636889	ena-SAMPLE-TAB-28-01-2025-22:30:17:500-24990	TLTX18		OTHER	PAIRED	NextSeq 2000	1679760	83988000	Homo sapiens
ERR14275889	SAMEA117636889	ena-SAMPLE-TAB-28-01-2025-22:30:17:500-24990	TLTX18		OTHER	PAIRED	NextSeq 2000	1488800	74440000	Homo sapiens
ERR14275898	SAMEA117636889	ena-SAMPLE-TAB-28-01-2025-22:30:17:500-24990	TLTX18		OTHER	PAIRED	NextSeq 2000	1621408	81070400	Homo sapiens
ERR14275904	SAMEA117636889	ena-SAMPLE-TAB-28-01-2025-22:30:17:500-24990	TLTX18		OTHER	PAIRED	NextSeq 2000	1346	67300	Homo sapiens
ERR14275906	SAMEA117636889	ena-SAMPLE-TAB-28-01-2025-22:30:17:500-24990	TLTX18		OTHER	PAIRED	NextSeq 2000	1316	65800	Homo sapiens
ERR14275908	SAMEA117636889	ena-SAMPLE-TAB-28-01-2025-22:30:17:500-24990	TLTX18		OTHER	PAIRED	NextSeq 2000	1092	54600	Homo sapiens
ERR14275909	SAMEA117636889	ena-SAMPLE-TAB-28-01-2025-22:30:17:500-24990	TLTX18		OTHER	PAIRED	NextSeq 2000	1518	75900	Homo sapiens
ERR14275912	SAMEA117636889	ena-SAMPLE-TAB-28-01-2025-22:30:17:500-24990	TLTX18		OTHER	PAIRED	NextSeq 2000	1590	79500	Homo sapiens
ERR14275915	SAMEA117636889	ena-SAMPLE-TAB-28-01-2025-22:30:17:500-24990	TLTX18		OTHER	PAIRED	NextSeq 2000	1588442	79422100	Homo sapiens
ERR14275922	SAMEA117636889	ena-SAMPLE-TAB-28-01-2025-22:30:17:500-24990	TLTX18		OTHER	PAIRED	NextSeq 2000	1516	75800	Homo sapiens
ERR14275933	SAMEA117636889	ena-SAMPLE-TAB-28-01-2025-22:30:17:500-24990	TLTX18		OTHER	PAIRED	NextSeq 2000	1134	56700	Homo sapiens
ERR14275935	SAMEA117636889	ena-SAMPLE-TAB-28-01-2025-22:30:17:500-24990	TLTX18		OTHER	PAIRED	NextSeq 2000	1438	71900	Homo sapiens
ERR14275941	SAMEA117636889	ena-SAMPLE-TAB-28-01-2025-22:30:17:500-24990	TLTX18		OTHER	PAIRED	NextSeq 2000	1656	82800	Homo sapiens
ERR14275943	SAMEA117636889	ena-SAMPLE-TAB-28-01-2025-22:30:17:500-24990	TLTX18		OTHER	PAIRED	NextSeq 2000	1232	61600	Homo sapiens
ERR14275948	SAMEA117636889	ena-SAMPLE-TAB-28-01-2025-22:30:17:500-24990	TLTX18		OTHER	PAIRED	NextSeq 2000	372	18600	Homo sapiens
ERR14275952	SAMEA117636889	ena-SAMPLE-TAB-28-01-2025-22:30:17:500-24990	TLTX18		OTHER	PAIRED	NextSeq 2000	1608	80400	Homo sapiens
ERR14275959	SAMEA117636889	ena-SAMPLE-TAB-28-01-2025-22:30:17:500-24990	TLTX18		OTHER	PAIRED	NextSeq 2000	2532	126600	Homo sapiens
ERR14275964	SAMEA117636889	ena-SAMPLE-TAB-28-01-2025-22:30:17:500-24990	TLTX18		OTHER	PAIRED	NextSeq 2000	78	3900	Homo sapiens
ERR14275965	SAMEA117636889	ena-SAMPLE-TAB-28-01-2025-22:30:17:500-24990	TLTX18		OTHER	PAIRED	NextSeq 2000	1546636	77331800	Homo sapiens
ERR14275973	SAMEA117636889	ena-SAMPLE-TAB-28-01-2025-22:30:17:500-24990	TLTX18		OTHER	PAIRED	NextSeq 2000	1040	52000	Homo sapiens
ERR14275975	SAMEA117636889	ena-SAMPLE-TAB-28-01-2025-22:30:17:500-24990	TLTX18		OTHER	PAIRED	NextSeq 2000	1244	62200	Homo sapiens
ERR14275976	SAMEA117636889	ena-SAMPLE-TAB-28-01-2025-22:30:17:500-24990	TLTX18		OTHER	PAIRED	NextSeq 2000	1768	88400	Homo sapiens
ERR14275980	SAMEA117636889	ena-SAMPLE-TAB-28-01-2025-22:30:17:500-24990	TLTX18		OTHER	PAIRED	NextSeq 2000	1336	66800	Homo sapiens
ERR14275985	SAMEA117636889	ena-SAMPLE-TAB-28-01-2025-22:30:17:500-24990	TLTX18		OTHER	PAIRED	NextSeq 2000	1426310	71315500	Homo sapiens
ERR14275988	SAMEA117636889	ena-SAMPLE-TAB-28-01-2025-22:30:17:500-24990	TLTX18		OTHER	PAIRED	NextSeq 2000	980	49000	Homo sapiens
ERR14275994	SAMEA117636889	ena-SAMPLE-TAB-28-01-2025-22:30:17:500-24990	TLTX18		OTHER	PAIRED	NextSeq 2000	1738	86900	Homo sapiens
ERR14275995	SAMEA117636889	ena-SAMPLE-TAB-28-01-2025-22:30:17:500-24990	TLTX18		OTHER	PAIRED	NextSeq 2000	2071626	103581300	Homo sapiens
ERR14276010	SAMEA117636889	ena-SAMPLE-TAB-28-01-2025-22:30:17:500-24990	TLTX18		OTHER	PAIRED	NextSeq 2000	1584	79200	Homo sapiens
ERR14276015	SAMEA117636889	ena-SAMPLE-TAB-28-01-2025-22:30:17:500-24990	TLTX18		OTHER	PAIRED	NextSeq 2000	1554	77700	Homo sapiens
ERR14276016	SAMEA117636889	ena-SAMPLE-TAB-28-01-2025-22:30:17:500-24990	TLTX18		OTHER	PAIRED	NextSeq 2000	1815454	90772700	Homo sapiens
ERR14276019	SAMEA117636889	ena-SAMPLE-TAB-28-01-2025-22:30:17:500-24990	TLTX18		OTHER	PAIRED	NextSeq 2000	1802432	90121600	Homo sapiens
ERR14276024	SAMEA117636889	ena-SAMPLE-TAB-28-01-2025-22:30:17:500-24990	TLTX18		OTHER	PAIRED	NextSeq 2000	1236	61800	Homo sapiens
ERR14276025	SAMEA117636889	ena-SAMPLE-TAB-28-01-2025-22:30:17:500-24990	TLTX18		OTHER	PAIRED	NextSeq 2000	1398	69900	Homo sapiens
ERR14276030	SAMEA117636889	ena-SAMPLE-TAB-28-01-2025-22:30:17:500-24990	TLTX18		OTHER	PAIRED	NextSeq 2000	1146	57300	Homo sapiens
ERR14276036	SAMEA117636889	ena-SAMPLE-TAB-28-01-2025-22:30:17:500-24990	TLTX18		OTHER	PAIRED	NextSeq 2000	1201092	60054600	Homo sapiens
ERR14276043	SAMEA117636889	ena-SAMPLE-TAB-28-01-2025-22:30:17:500-24990	TLTX18		OTHER	PAIRED	NextSeq 2000	1124	56200	Homo sapiens
ERR14276057	SAMEA117636889	ena-SAMPLE-TAB-28-01-2025-22:30:17:500-24990	TLTX18		OTHER	PAIRED	NextSeq 2000	1424	71200	Homo sapiens
ERR14276075	SAMEA117636889	ena-SAMPLE-TAB-28-01-2025-22:30:17:500-24990	TLTX18		OTHER	PAIRED	NextSeq 2000	1917244	95862200	Homo sapiens
ERR14276077	SAMEA117636889	ena-SAMPLE-TAB-28-01-2025-22:30:17:500-24990	TLTX18		OTHER	PAIRED	NextSeq 2000	972	48600	Homo sapiens
ERR14276078	SAMEA117636889	ena-SAMPLE-TAB-28-01-2025-22:30:17:500-24990	TLTX18		OTHER	PAIRED	NextSeq 2000	1164	58200	Homo sapiens
ERR14276085	SAMEA117636889	ena-SAMPLE-TAB-28-01-2025-22:30:17:500-24990	TLTX18		OTHER	PAIRED	NextSeq 2000	1608	80400	Homo sapiens
ERR14276091	SAMEA117636889	ena-SAMPLE-TAB-28-01-2025-22:30:17:500-24990	TLTX18		OTHER	PAIRED	NextSeq 2000	1966	98300	Homo sapiens
ERR14276093	SAMEA117636889	ena-SAMPLE-TAB-28-01-2025-22:30:17:500-24990	TLTX18		OTHER	PAIRED	NextSeq 2000	1436	71800	Homo sapiens
ERR14276095	SAMEA117636889	ena-SAMPLE-TAB-28-01-2025-22:30:17:500-24990	TLTX18		OTHER	PAIRED	NextSeq 2000	1726	86300	Homo sapiens
ERR14276099	SAMEA117636889	ena-SAMPLE-TAB-28-01-2025-22:30:17:500-24990	TLTX18		OTHER	PAIRED	NextSeq 2000	2044438	102221900	Homo sapiens
ERR14276101	SAMEA117636889	ena-SAMPLE-TAB-28-01-2025-22:30:17:500-24990	TLTX18		OTHER	PAIRED	NextSeq 2000	1466	73300	Homo sapiens
ERR14276107	SAMEA117636889	ena-SAMPLE-TAB-28-01-2025-22:30:17:500-24990	TLTX18		OTHER	PAIRED	NextSeq 2000	1938	96900	Homo sapiens
ERR14276108	SAMEA117636889	ena-SAMPLE-TAB-28-01-2025-22:30:17:500-24990	TLTX18		OTHER	PAIRED	NextSeq 2000	1212	60600	Homo sapiens
ERR14276110	SAMEA117636889	ena-SAMPLE-TAB-28-01-2025-22:30:17:500-24990	TLTX18		OTHER	PAIRED	NextSeq 2000	1686	84300	Homo sapiens
ERR14276114	SAMEA117636889	ena-SAMPLE-TAB-28-01-2025-22:30:17:500-24990	TLTX18		OTHER	PAIRED	NextSeq 2000	1492	74600	Homo sapiens
ERR14276118	SAMEA117636889	ena-SAMPLE-TAB-28-01-2025-22:30:17:500-24990	TLTX18		OTHER	PAIRED	NextSeq 2000	1836	91800	Homo sapiens
ERR14276124	SAMEA117636889	ena-SAMPLE-TAB-28-01-2025-22:30:17:500-24990	TLTX18		OTHER	PAIRED	NextSeq 2000	1362	68100	Homo sapiens
ERR14276126	SAMEA117636889	ena-SAMPLE-TAB-28-01-2025-22:30:17:500-24990	TLTX18		OTHER	PAIRED	NextSeq 2000	2459094	122954700	Homo sapiens
ERR14276127	SAMEA117636889	ena-SAMPLE-TAB-28-01-2025-22:30:17:500-24990	TLTX18		OTHER	PAIRED	NextSeq 2000	1433318	71665900	Homo sapiens
ERR14276143	SAMEA117636889	ena-SAMPLE-TAB-28-01-2025-22:30:17:500-24990	TLTX18		OTHER	PAIRED	NextSeq 2000	1252	62600	Homo sapiens
ERR14276145	SAMEA117636889	ena-SAMPLE-TAB-28-01-2025-22:30:17:500-24990	TLTX18		OTHER	PAIRED	NextSeq 2000	1344	67200	Homo sapiens
ERR14276148	SAMEA117636889	ena-SAMPLE-TAB-28-01-2025-22:30:17:500-24990	TLTX18		OTHER	PAIRED	NextSeq 2000	1762	88100	Homo sapiens
ERR14276152	SAMEA117636889	ena-SAMPLE-TAB-28-01-2025-22:30:17:500-24990	TLTX18		OTHER	PAIRED	NextSeq 2000	1560	78000	Homo sapiens
ERR14276165	SAMEA117636889	ena-SAMPLE-TAB-28-01-2025-22:30:17:500-24990	TLTX18		OTHER	PAIRED	NextSeq 2000	2075544	103777200	Homo sapiens
ERR14276167	SAMEA117636889	ena-SAMPLE-TAB-28-01-2025-22:30:17:500-24990	TLTX18		OTHER	PAIRED	NextSeq 2000	1868	93400	Homo sapiens
ERR14276179	SAMEA117636889	ena-SAMPLE-TAB-28-01-2025-22:30:17:500-24990	TLTX18		OTHER	PAIRED	NextSeq 2000	2024	101200	Homo sapiens
ERR14276192	SAMEA117636889	ena-SAMPLE-TAB-28-01-2025-22:30:17:500-24990	TLTX18		OTHER	PAIRED	NextSeq 2000	1386	69300	Homo sapiens
ERR14276194	SAMEA117636889	ena-SAMPLE-TAB-28-01-2025-22:30:17:500-24990	TLTX18		OTHER	PAIRED	NextSeq 2000	2000552	100027600	Homo sapiens
ERR14276195	SAMEA117636889	ena-SAMPLE-TAB-28-01-2025-22:30:17:500-24990	TLTX18		OTHER	PAIRED	NextSeq 2000	2147046	107352300	Homo sapiens
ERR14276196	SAMEA117636889	ena-SAMPLE-TAB-28-01-2025-22:30:17:500-24990	TLTX18		OTHER	PAIRED	NextSeq 2000	1282	64100	Homo sapiens
ERR14276197	SAMEA117636889	ena-SAMPLE-TAB-28-01-2025-22:30:17:500-24990	TLTX18		OTHER	PAIRED	NextSeq 2000	2080550	104027500	Homo sapiens
ERR14276198	SAMEA117636889	ena-SAMPLE-TAB-28-01-2025-22:30:17:500-24990	TLTX18		OTHER	PAIRED	NextSeq 2000	2136	106800	Homo sapiens
ERR14276200	SAMEA117636889	ena-SAMPLE-TAB-28-01-2025-22:30:17:500-24990	TLTX18		OTHER	PAIRED	NextSeq 2000	1788	89400	Homo sapiens
ERR14276207	SAMEA117636889	ena-SAMPLE-TAB-28-01-2025-22:30:17:500-24990	TLTX18		OTHER	PAIRED	NextSeq 2000	2316	115800	Homo sapiens
ERR14276209	SAMEA117636889	ena-SAMPLE-TAB-28-01-2025-22:30:17:500-24990	TLTX18		OTHER	PAIRED	NextSeq 2000	1912	95600	Homo sapiens
ERR14276215	SAMEA117636889	ena-SAMPLE-TAB-28-01-2025-22:30:17:500-24990	TLTX18		OTHER	PAIRED	NextSeq 2000	1410	70500	Homo sapiens
ERR14276221	SAMEA117636889	ena-SAMPLE-TAB-28-01-2025-22:30:17:500-24990	TLTX18		OTHER	PAIRED	NextSeq 2000	1214	60700	Homo sapiens
ERR14276228	SAMEA117636889	ena-SAMPLE-TAB-28-01-2025-22:30:17:500-24990	TLTX18		OTHER	PAIRED	NextSeq 2000	1132	56600	Homo sapiens
ERR14276242	SAMEA117636889	ena-SAMPLE-TAB-28-01-2025-22:30:17:500-24990	TLTX18		OTHER	PAIRED	NextSeq 2000	1665470	83273500	Homo sapiens
ERR14276245	SAMEA117636889	ena-SAMPLE-TAB-28-01-2025-22:30:17:500-24990	TLTX18		OTHER	PAIRED	NextSeq 2000	1560	78000	Homo sapiens
ERR14276248	SAMEA117636889	ena-SAMPLE-TAB-28-01-2025-22:30:17:500-24990	TLTX18		OTHER	PAIRED	NextSeq 2000	1530	76500	Homo sapiens
ERR14276249	SAMEA117636889	ena-SAMPLE-TAB-28-01-2025-22:30:17:500-24990	TLTX18		OTHER	PAIRED	NextSeq 2000	1786	89300	Homo sapiens
ERR14276251	SAMEA117636889	ena-SAMPLE-TAB-28-01-2025-22:30:17:500-24990	TLTX18		OTHER	PAIRED	NextSeq 2000	2222	111100	Homo sapiens
ERR14276263	SAMEA117636889	ena-SAMPLE-TAB-28-01-2025-22:30:17:500-24990	TLTX18		OTHER	PAIRED	NextSeq 2000	1074	53700	Homo sapiens
ERR14276265	SAMEA117636889	ena-SAMPLE-TAB-28-01-2025-22:30:17:500-24990	TLTX18		OTHER	PAIRED	NextSeq 2000	1766	88300	Homo sapiens
ERR14276266	SAMEA117636889	ena-SAMPLE-TAB-28-01-2025-22:30:17:500-24990	TLTX18		OTHER	PAIRED	NextSeq 2000	1630	81500	Homo sapiens
ERR14276267	SAMEA117636889	ena-SAMPLE-TAB-28-01-2025-22:30:17:500-24990	TLTX18		OTHER	PAIRED	NextSeq 2000	2942	147100	Homo sapiens
ERR14276278	SAMEA117636889	ena-SAMPLE-TAB-28-01-2025-22:30:17:500-24990	TLTX18		OTHER	PAIRED	NextSeq 2000	320	16000	Homo sapiens
ERR14276283	SAMEA117636889	ena-SAMPLE-TAB-28-01-2025-22:30:17:500-24990	TLTX18		OTHER	PAIRED	NextSeq 2000	1388	69400	Homo sapiens
ERR14276291	SAMEA117636889	ena-SAMPLE-TAB-28-01-2025-22:30:17:500-24990	TLTX18		OTHER	PAIRED	NextSeq 2000	1104	55200	Homo sapiens
ERR14276293	SAMEA117636889	ena-SAMPLE-TAB-28-01-2025-22:30:17:500-24990	TLTX18		OTHER	PAIRED	NextSeq 2000	1427452	71372600	Homo sapiens
ERR14276296	SAMEA117636889	ena-SAMPLE-TAB-28-01-2025-22:30:17:500-24990	TLTX18		OTHER	PAIRED	NextSeq 2000	1774	88700	Homo sapiens
ERR14276299	SAMEA117636889	ena-SAMPLE-TAB-28-01-2025-22:30:17:500-24990	TLTX18		OTHER	PAIRED	NextSeq 2000	796	39800	Homo sapiens
ERR14276328	SAMEA117636889	ena-SAMPLE-TAB-28-01-2025-22:30:17:500-24990	TLTX18		OTHER	PAIRED	NextSeq 2000	948	47400	Homo sapiens
ERR14276336	SAMEA117636889	ena-SAMPLE-TAB-28-01-2025-22:30:17:500-24990	TLTX18		OTHER	PAIRED	NextSeq 2000	2101894	105094700	Homo sapiens
ERR14276342	SAMEA117636889	ena-SAMPLE-TAB-28-01-2025-22:30:17:500-24990	TLTX18		OTHER	PAIRED	NextSeq 2000	1412	70600	Homo sapiens
ERR14276353	SAMEA117636889	ena-SAMPLE-TAB-28-01-2025-22:30:17:500-24990	TLTX18		OTHER	PAIRED	NextSeq 2000	1494	74700	Homo sapiens
ERR14276354	SAMEA117636889	ena-SAMPLE-TAB-28-01-2025-22:30:17:500-24990	TLTX18		OTHER	PAIRED	NextSeq 2000	1180	59000	Homo sapiens
ERR14276372	SAMEA117636889	ena-SAMPLE-TAB-28-01-2025-22:30:17:500-24990	TLTX18		OTHER	PAIRED	NextSeq 2000	782	39100	Homo sapiens
ERR14276374	SAMEA117636889	ena-SAMPLE-TAB-28-01-2025-22:30:17:500-24990	TLTX18		OTHER	PAIRED	NextSeq 2000	928	46400	Homo sapiens
ERR14276375	SAMEA117636889	ena-SAMPLE-TAB-28-01-2025-22:30:17:500-24990	TLTX18		OTHER	PAIRED	NextSeq 2000	1034	51700	Homo sapiens
ERR14276377	SAMEA117636889	ena-SAMPLE-TAB-28-01-2025-22:30:17:500-24990	TLTX18		OTHER	PAIRED	NextSeq 2000	1258	62900	Homo sapiens
ERR14276378	SAMEA117636889	ena-SAMPLE-TAB-28-01-2025-22:30:17:500-24990	TLTX18		OTHER	PAIRED	NextSeq 2000	1060	53000	Homo sapiens
ERR14276379	SAMEA117636889	ena-SAMPLE-TAB-28-01-2025-22:30:17:500-24990	TLTX18		OTHER	PAIRED	NextSeq 2000	2132	106600	Homo sapiens
ERR14276382	SAMEA117636889	ena-SAMPLE-TAB-28-01-2025-22:30:17:500-24990	TLTX18		OTHER	PAIRED	NextSeq 2000	2440	122000	Homo sapiens
ERR14276392	SAMEA117636889	ena-SAMPLE-TAB-28-01-2025-22:30:17:500-24990	TLTX18		OTHER	PAIRED	NextSeq 2000	2228	111400	Homo sapiens
ERR14276396	SAMEA117636889	ena-SAMPLE-TAB-28-01-2025-22:30:17:500-24990	TLTX18		OTHER	PAIRED	NextSeq 2000	1642132	82106600	Homo sapiens
ERR14276409	SAMEA117636889	ena-SAMPLE-TAB-28-01-2025-22:30:17:500-24990	TLTX18		OTHER	PAIRED	NextSeq 2000	1492912	74645600	Homo sapiens
ERR14276411	SAMEA117636889	ena-SAMPLE-TAB-28-01-2025-22:30:17:500-24990	TLTX18		OTHER	PAIRED	NextSeq 2000	2016768	100838400	Homo sapiens
ERR14276414	SAMEA117636889	ena-SAMPLE-TAB-28-01-2025-22:30:17:500-24990	TLTX18		OTHER	PAIRED	NextSeq 2000	2242	112100	Homo sapiens
ERR14276415	SAMEA117636889	ena-SAMPLE-TAB-28-01-2025-22:30:17:500-24990	TLTX18		OTHER	PAIRED	NextSeq 2000	1172	58600	Homo sapiens
ERR14276417	SAMEA117636889	ena-SAMPLE-TAB-28-01-2025-22:30:17:500-24990	TLTX18		OTHER	PAIRED	NextSeq 2000	1578	78900	Homo sapiens
ERR14276418	SAMEA117636889	ena-SAMPLE-TAB-28-01-2025-22:30:17:500-24990	TLTX18		OTHER	PAIRED	NextSeq 2000	1542	77100	Homo sapiens
ERR14276423	SAMEA117636889	ena-SAMPLE-TAB-28-01-2025-22:30:17:500-24990	TLTX18		OTHER	PAIRED	NextSeq 2000	2656	132800	Homo sapiens
ERR14276428	SAMEA117636889	ena-SAMPLE-TAB-28-01-2025-22:30:17:500-24990	TLTX18		OTHER	PAIRED	NextSeq 2000	1490732	74536600	Homo sapiens
ERR14276429	SAMEA117636889	ena-SAMPLE-TAB-28-01-2025-22:30:17:500-24990	TLTX18		OTHER	PAIRED	NextSeq 2000	1696	84800	Homo sapiens
ERR14276443	SAMEA117636889	ena-SAMPLE-TAB-28-01-2025-22:30:17:500-24990	TLTX18		OTHER	PAIRED	NextSeq 2000	882	44100	Homo sapiens
ERR14276446	SAMEA117636889	ena-SAMPLE-TAB-28-01-2025-22:30:17:500-24990	TLTX18		OTHER	PAIRED	NextSeq 2000	106	5300	Homo sapiens
ERR14276447	SAMEA117636889	ena-SAMPLE-TAB-28-01-2025-22:30:17:500-24990	TLTX18		OTHER	PAIRED	NextSeq 2000	1648	82400	Homo sapiens
ERR14276449	SAMEA117636889	ena-SAMPLE-TAB-28-01-2025-22:30:17:500-24990	TLTX18		OTHER	PAIRED	NextSeq 2000	1888	94400	Homo sapiens
ERR14276457	SAMEA117636889	ena-SAMPLE-TAB-28-01-2025-22:30:17:500-24990	TLTX18		OTHER	PAIRED	NextSeq 2000	1060	53000	Homo sapiens
ERR14276460	SAMEA117636889	ena-SAMPLE-TAB-28-01-2025-22:30:17:500-24990	TLTX18		OTHER	PAIRED	NextSeq 2000	362	18100	Homo sapiens
ERR14276463	SAMEA117636889	ena-SAMPLE-TAB-28-01-2025-22:30:17:500-24990	TLTX18		OTHER	PAIRED	NextSeq 2000	1874	93700	Homo sapiens
ERR14276468	SAMEA117636889	ena-SAMPLE-TAB-28-01-2025-22:30:17:500-24990	TLTX18		OTHER	PAIRED	NextSeq 2000	876	43800	Homo sapiens
ERR14276470	SAMEA117636889	ena-SAMPLE-TAB-28-01-2025-22:30:17:500-24990	TLTX18		OTHER	PAIRED	NextSeq 2000	1300	65000	Homo sapiens
ERR14276488	SAMEA117636889	ena-SAMPLE-TAB-28-01-2025-22:30:17:500-24990	TLTX18		OTHER	PAIRED	NextSeq 2000	1378	68900	Homo sapiens
ERR14276490	SAMEA117636889	ena-SAMPLE-TAB-28-01-2025-22:30:17:500-24990	TLTX18		OTHER	PAIRED	NextSeq 2000	972	48600	Homo sapiens
ERR14276491	SAMEA117636889	ena-SAMPLE-TAB-28-01-2025-22:30:17:500-24990	TLTX18		OTHER	PAIRED	NextSeq 2000	1306	65300	Homo sapiens
ERR14276497	SAMEA117636889	ena-SAMPLE-TAB-28-01-2025-22:30:17:500-24990	TLTX18		OTHER	PAIRED	NextSeq 2000	1682	84100	Homo sapiens
ERR14276500	SAMEA117636889	ena-SAMPLE-TAB-28-01-2025-22:30:17:500-24990	TLTX18		OTHER	PAIRED	NextSeq 2000	578	28900	Homo sapiens
ERR14276501	SAMEA117636889	ena-SAMPLE-TAB-28-01-2025-22:30:17:500-24990	TLTX18		OTHER	PAIRED	NextSeq 2000	1206	60300	Homo sapiens
ERR14276504	SAMEA117636889	ena-SAMPLE-TAB-28-01-2025-22:30:17:500-24990	TLTX18		OTHER	PAIRED	NextSeq 2000	922	46100	Homo sapiens
ERR14276509	SAMEA117636889	ena-SAMPLE-TAB-28-01-2025-22:30:17:500-24990	TLTX18		OTHER	PAIRED	NextSeq 2000	1477392	73869600	Homo sapiens
ERR14276511	SAMEA117636889	ena-SAMPLE-TAB-28-01-2025-22:30:17:500-24990	TLTX18		OTHER	PAIRED	NextSeq 2000	1214	60700	Homo sapiens
ERR14276515	SAMEA117636889	ena-SAMPLE-TAB-28-01-2025-22:30:17:500-24990	TLTX18		OTHER	PAIRED	NextSeq 2000	688	34400	Homo sapiens
ERR14276516	SAMEA117636889	ena-SAMPLE-TAB-28-01-2025-22:30:17:500-24990	TLTX18		OTHER	PAIRED	NextSeq 2000	892	44600	Homo sapiens
ERR14276518	SAMEA117636889	ena-SAMPLE-TAB-28-01-2025-22:30:17:500-24990	TLTX18		OTHER	PAIRED	NextSeq 2000	86	4300	Homo sapiens
ERR14276520	SAMEA117636889	ena-SAMPLE-TAB-28-01-2025-22:30:17:500-24990	TLTX18		OTHER	PAIRED	NextSeq 2000	1480	74000	Homo sapiens
ERR14276521	SAMEA117636889	ena-SAMPLE-TAB-28-01-2025-22:30:17:500-24990	TLTX18		OTHER	PAIRED	NextSeq 2000	1416	70800	Homo sapiens
ERR14276526	SAMEA117636889	ena-SAMPLE-TAB-28-01-2025-22:30:17:500-24990	TLTX18		OTHER	PAIRED	NextSeq 2000	1607978	80398900	Homo sapiens
ERR14276527	SAMEA117636889	ena-SAMPLE-TAB-28-01-2025-22:30:17:500-24990	TLTX18		OTHER	PAIRED	NextSeq 2000	1941342	97067100	Homo sapiens
ERR14276530	SAMEA117636889	ena-SAMPLE-TAB-28-01-2025-22:30:17:500-24990	TLTX18		OTHER	PAIRED	NextSeq 2000	2112	105600	Homo sapiens
ERR14276532	SAMEA117636889	ena-SAMPLE-TAB-28-01-2025-22:30:17:500-24990	TLTX18		OTHER	PAIRED	NextSeq 2000	538	26900	Homo sapiens
ERR14276541	SAMEA117636889	ena-SAMPLE-TAB-28-01-2025-22:30:17:500-24990	TLTX18		OTHER	PAIRED	NextSeq 2000	1310	65500	Homo sapiens
ERR14276545	SAMEA117636889	ena-SAMPLE-TAB-28-01-2025-22:30:17:500-24990	TLTX18		OTHER	PAIRED	NextSeq 2000	1288	64400	Homo sapiens
ERR14276546	SAMEA117636889	ena-SAMPLE-TAB-28-01-2025-22:30:17:500-24990	TLTX18		OTHER	PAIRED	NextSeq 2000	1561704	78085200	Homo sapiens
ERR14276547	SAMEA117636889	ena-SAMPLE-TAB-28-01-2025-22:30:17:500-24990	TLTX18		OTHER	PAIRED	NextSeq 2000	1626	81300	Homo sapiens
ERR14276548	SAMEA117636889	ena-SAMPLE-TAB-28-01-2025-22:30:17:500-24990	TLTX18		OTHER	PAIRED	NextSeq 2000	1674	83700	Homo sapiens
ERR14276554	SAMEA117636889	ena-SAMPLE-TAB-28-01-2025-22:30:17:500-24990	TLTX18		OTHER	PAIRED	NextSeq 2000	1909212	95460600	Homo sapiens
ERR14276558	SAMEA117636889	ena-SAMPLE-TAB-28-01-2025-22:30:17:500-24990	TLTX18		OTHER	PAIRED	NextSeq 2000	1829492	91474600	Homo sapiens
ERR14276563	SAMEA117636889	ena-SAMPLE-TAB-28-01-2025-22:30:17:500-24990	TLTX18		OTHER	PAIRED	NextSeq 2000	1822570	91128500	Homo sapiens
ERR14276564	SAMEA117636889	ena-SAMPLE-TAB-28-01-2025-22:30:17:500-24990	TLTX18		OTHER	PAIRED	NextSeq 2000	918	45900	Homo sapiens
ERR14276580	SAMEA117636889	ena-SAMPLE-TAB-28-01-2025-22:30:17:500-24990	TLTX18		OTHER	PAIRED	NextSeq 2000	1287756	64387800	Homo sapiens
ERR14276586	SAMEA117636889	ena-SAMPLE-TAB-28-01-2025-22:30:17:500-24990	TLTX18		OTHER	PAIRED	NextSeq 2000	1756370	87818500	Homo sapiens
ERR14276591	SAMEA117636889	ena-SAMPLE-TAB-28-01-2025-22:30:17:500-24990	TLTX18		OTHER	PAIRED	NextSeq 2000	1514	75700	Homo sapiens
ERR14276596	SAMEA117636889	ena-SAMPLE-TAB-28-01-2025-22:30:17:500-24990	TLTX18		OTHER	PAIRED	NextSeq 2000	526	26300	Homo sapiens
ERR14276599	SAMEA117636889	ena-SAMPLE-TAB-28-01-2025-22:30:17:500-24990	TLTX18		OTHER	PAIRED	NextSeq 2000	838	41900	Homo sapiens
ERR14276608	SAMEA117636889	ena-SAMPLE-TAB-28-01-2025-22:30:17:500-24990	TLTX18		OTHER	PAIRED	NextSeq 2000	934	46700	Homo sapiens
ERR14276609	SAMEA117636889	ena-SAMPLE-TAB-28-01-2025-22:30:17:500-24990	TLTX18		OTHER	PAIRED	NextSeq 2000	806	40300	Homo sapiens
ERR14276613	SAMEA117636889	ena-SAMPLE-TAB-28-01-2025-22:30:17:500-24990	TLTX18		OTHER	PAIRED	NextSeq 2000	562	28100	Homo sapiens
ERR14276616	SAMEA117636889	ena-SAMPLE-TAB-28-01-2025-22:30:17:500-24990	TLTX18		OTHER	PAIRED	NextSeq 2000	714	35700	Homo sapiens
ERR14276618	SAMEA117636889	ena-SAMPLE-TAB-28-01-2025-22:30:17:500-24990	TLTX18		OTHER	PAIRED	NextSeq 2000	806	40300	Homo sapiens
ERR14276626	SAMEA117636889	ena-SAMPLE-TAB-28-01-2025-22:30:17:500-24990	TLTX18		OTHER	PAIRED	NextSeq 2000	686	34300	Homo sapiens
ERR14276641	SAMEA117636889	ena-SAMPLE-TAB-28-01-2025-22:30:17:500-24990	TLTX18		OTHER	PAIRED	NextSeq 2000	880	44000	Homo sapiens
ERR14276643	SAMEA117636889	ena-SAMPLE-TAB-28-01-2025-22:30:17:500-24990	TLTX18		OTHER	PAIRED	NextSeq 2000	612	30600	Homo sapiens
ERR14276645	SAMEA117636889	ena-SAMPLE-TAB-28-01-2025-22:30:17:500-24990	TLTX18		OTHER	PAIRED	NextSeq 2000	666	33300	Homo sapiens
ERR14276656	SAMEA117636889	ena-SAMPLE-TAB-28-01-2025-22:30:17:500-24990	TLTX18		OTHER	PAIRED	NextSeq 2000	1543128	77156400	Homo sapiens
ERR14276666	SAMEA117636889	ena-SAMPLE-TAB-28-01-2025-22:30:17:500-24990	TLTX18		OTHER	PAIRED	NextSeq 2000	790	39500	Homo sapiens
ERR14276671	SAMEA117636889	ena-SAMPLE-TAB-28-01-2025-22:30:17:500-24990	TLTX18		OTHER	PAIRED	NextSeq 2000	1213956	60697800	Homo sapiens
ERR14276672	SAMEA117636889	ena-SAMPLE-TAB-28-01-2025-22:30:17:500-24990	TLTX18		OTHER	PAIRED	NextSeq 2000	1074704	53735200	Homo sapiens
ERR14276676	SAMEA117636889	ena-SAMPLE-TAB-28-01-2025-22:30:17:500-24990	TLTX18		OTHER	PAIRED	NextSeq 2000	198	9900	Homo sapiens
ERR14276682	SAMEA117636889	ena-SAMPLE-TAB-28-01-2025-22:30:17:500-24990	TLTX18		OTHER	PAIRED	NextSeq 2000	1307852	65392600	Homo sapiens
ERR14276685	SAMEA117636889	ena-SAMPLE-TAB-28-01-2025-22:30:17:500-24990	TLTX18		OTHER	PAIRED	NextSeq 2000	442	22100	Homo sapiens
ERR14276688	SAMEA117636889	ena-SAMPLE-TAB-28-01-2025-22:30:17:500-24990	TLTX18		OTHER	PAIRED	NextSeq 2000	554	27700	Homo sapiens
ERR14276689	SAMEA117636889	ena-SAMPLE-TAB-28-01-2025-22:30:17:500-24990	TLTX18		OTHER	PAIRED	NextSeq 2000	552	27600	Homo sapiens
ERR14276692	SAMEA117636889	ena-SAMPLE-TAB-28-01-2025-22:30:17:500-24990	TLTX18		OTHER	PAIRED	NextSeq 2000	630	31500	Homo sapiens
ERR14276697	SAMEA117636889	ena-SAMPLE-TAB-28-01-2025-22:30:17:500-24990	TLTX18		OTHER	PAIRED	NextSeq 2000	608	30400	Homo sapiens
ERR14276701	SAMEA117636889	ena-SAMPLE-TAB-28-01-2025-22:30:17:500-24990	TLTX18		OTHER	PAIRED	NextSeq 2000	606	30300	Homo sapiens
ERR14276702	SAMEA117636889	ena-SAMPLE-TAB-28-01-2025-22:30:17:500-24990	TLTX18		OTHER	PAIRED	NextSeq 2000	742	37100	Homo sapiens
ERR14276704	SAMEA117636889	ena-SAMPLE-TAB-28-01-2025-22:30:17:500-24990	TLTX18		OTHER	PAIRED	NextSeq 2000	730	36500	Homo sapiens
ERR14276705	SAMEA117636889	ena-SAMPLE-TAB-28-01-2025-22:30:17:500-24990	TLTX18		OTHER	PAIRED	NextSeq 2000	506	25300	Homo sapiens
ERR14276709	SAMEA117636889	ena-SAMPLE-TAB-28-01-2025-22:30:17:500-24990	TLTX18		OTHER	PAIRED	NextSeq 2000	462	23100	Homo sapiens
ERR14276710	SAMEA117636889	ena-SAMPLE-TAB-28-01-2025-22:30:17:500-24990	TLTX18		OTHER	PAIRED	NextSeq 2000	86	4300	Homo sapiens
ERR14276714	SAMEA117636889	ena-SAMPLE-TAB-28-01-2025-22:30:17:500-24990	TLTX18		OTHER	PAIRED	NextSeq 2000	680	34000	Homo sapiens
ERR14276715	SAMEA117636889	ena-SAMPLE-TAB-28-01-2025-22:30:17:500-24990	TLTX18		OTHER	PAIRED	NextSeq 2000	560	28000	Homo sapiens
ERR14276718	SAMEA117636889	ena-SAMPLE-TAB-28-01-2025-22:30:17:500-24990	TLTX18		OTHER	PAIRED	NextSeq 2000	540	27000	Homo sapiens
ERR14276721	SAMEA117636889	ena-SAMPLE-TAB-28-01-2025-22:30:17:500-24990	TLTX18		OTHER	PAIRED	NextSeq 2000	1188742	59437100	Homo sapiens
ERR14276722	SAMEA117636889	ena-SAMPLE-TAB-28-01-2025-22:30:17:500-24990	TLTX18		OTHER	PAIRED	NextSeq 2000	686546	34327300	Homo sapiens
ERR14276723	SAMEA117636889	ena-SAMPLE-TAB-28-01-2025-22:30:17:500-24990	TLTX18		OTHER	PAIRED	NextSeq 2000	464	23200	Homo sapiens
ERR14276728	SAMEA117636889	ena-SAMPLE-TAB-28-01-2025-22:30:17:500-24990	TLTX18		OTHER	PAIRED	NextSeq 2000	624	31200	Homo sapiens
ERR14276729	SAMEA117636889	ena-SAMPLE-TAB-28-01-2025-22:30:17:500-24990	TLTX18		OTHER	PAIRED	NextSeq 2000	961572	48078600	Homo sapiens
ERR14276733	SAMEA117636889	ena-SAMPLE-TAB-28-01-2025-22:30:17:500-24990	TLTX18		OTHER	PAIRED	NextSeq 2000	746	37300	Homo sapiens
ERR14276735	SAMEA117636889	ena-SAMPLE-TAB-28-01-2025-22:30:17:500-24990	TLTX18		OTHER	PAIRED	NextSeq 2000	64376	3218800	Homo sapiens
ERR14276740	SAMEA117636889	ena-SAMPLE-TAB-28-01-2025-22:30:17:500-24990	TLTX18		OTHER	PAIRED	NextSeq 2000	818	40900	Homo sapiens
ERR14276748	SAMEA117636889	ena-SAMPLE-TAB-28-01-2025-22:30:17:500-24990	TLTX18		OTHER	PAIRED	NextSeq 2000	344	17200	Homo sapiens
ERR14276749	SAMEA117636889	ena-SAMPLE-TAB-28-01-2025-22:30:17:500-24990	TLTX18		OTHER	PAIRED	NextSeq 2000	1062	53100	Homo sapiens
ERR14276759	SAMEA117636889	ena-SAMPLE-TAB-28-01-2025-22:30:17:500-24990	TLTX18		OTHER	PAIRED	NextSeq 2000	1498	74900	Homo sapiens
ERR14276765	SAMEA117636889	ena-SAMPLE-TAB-28-01-2025-22:30:17:500-24990	TLTX18		OTHER	PAIRED	NextSeq 2000	620	31000	Homo sapiens
ERR14276776	SAMEA117636889	ena-SAMPLE-TAB-28-01-2025-22:30:17:500-24990	TLTX18		OTHER	PAIRED	NextSeq 2000	1562818	78140900	Homo sapiens
ERR14276785	SAMEA117636889	ena-SAMPLE-TAB-28-01-2025-22:30:17:500-24990	TLTX18		OTHER	PAIRED	NextSeq 2000	1662854	83142700	Homo sapiens
ERR14276786	SAMEA117636889	ena-SAMPLE-TAB-28-01-2025-22:30:17:500-24990	TLTX18		OTHER	PAIRED	NextSeq 2000	1707558	85377900	Homo sapiens
ERR14276790	SAMEA117636889	ena-SAMPLE-TAB-28-01-2025-22:30:17:500-24990	TLTX18		OTHER	PAIRED	NextSeq 2000	1104	55200	Homo sapiens
ERR14276800	SAMEA117636889	ena-SAMPLE-TAB-28-01-2025-22:30:17:500-24990	TLTX18		OTHER	PAIRED	NextSeq 2000	1224	61200	Homo sapiens
ERR14276811	SAMEA117636889	ena-SAMPLE-TAB-28-01-2025-22:30:17:500-24990	TLTX18		OTHER	PAIRED	NextSeq 2000	1414	70700	Homo sapiens
ERR14276814	SAMEA117636889	ena-SAMPLE-TAB-28-01-2025-22:30:17:500-24990	TLTX18		OTHER	PAIRED	NextSeq 2000	1906	95300	Homo sapiens
ERR14276819	SAMEA117636889	ena-SAMPLE-TAB-28-01-2025-22:30:17:500-24990	TLTX18		OTHER	PAIRED	NextSeq 2000	846	42300	Homo sapiens
ERR14276820	SAMEA117636889	ena-SAMPLE-TAB-28-01-2025-22:30:17:500-24990	TLTX18		OTHER	PAIRED	NextSeq 2000	314	15700	Homo sapiens
ERR14276822	SAMEA117636889	ena-SAMPLE-TAB-28-01-2025-22:30:17:500-24990	TLTX18		OTHER	PAIRED	NextSeq 2000	986	49300	Homo sapiens
ERR14276838	SAMEA117636889	ena-SAMPLE-TAB-28-01-2025-22:30:17:500-24990	TLTX18		OTHER	PAIRED	NextSeq 2000	1425778	71288900	Homo sapiens
ERR14276852	SAMEA117636889	ena-SAMPLE-TAB-28-01-2025-22:30:17:500-24990	TLTX18		OTHER	PAIRED	NextSeq 2000	656	32800	Homo sapiens
ERR14276860	SAMEA117636889	ena-SAMPLE-TAB-28-01-2025-22:30:17:500-24990	TLTX18		OTHER	PAIRED	NextSeq 2000	552	27600	Homo sapiens
ERR14276862	SAMEA117636889	ena-SAMPLE-TAB-28-01-2025-22:30:17:500-24990	TLTX18		OTHER	PAIRED	NextSeq 2000	1254	62700	Homo sapiens
ERR14276869	SAMEA117636889	ena-SAMPLE-TAB-28-01-2025-22:30:17:500-24990	TLTX18		OTHER	PAIRED	NextSeq 2000	1729146	86457300	Homo sapiens
ERR14276886	SAMEA117636889	ena-SAMPLE-TAB-28-01-2025-22:30:17:500-24990	TLTX18		OTHER	PAIRED	NextSeq 2000	76	3800	Homo sapiens
ERR14276887	SAMEA117636889	ena-SAMPLE-TAB-28-01-2025-22:30:17:500-24990	TLTX18		OTHER	PAIRED	NextSeq 2000	34	1700	Homo sapiens
ERR14276896	SAMEA117636889	ena-SAMPLE-TAB-28-01-2025-22:30:17:500-24990	TLTX18		OTHER	PAIRED	NextSeq 2000	66	3300	Homo sapiens
ERR14276902	SAMEA117636889	ena-SAMPLE-TAB-28-01-2025-22:30:17:500-24990	TLTX18		OTHER	PAIRED	NextSeq 2000	41566	2078300	Homo sapiens
ERR14276909	SAMEA117636889	ena-SAMPLE-TAB-28-01-2025-22:30:17:500-24990	TLTX18		OTHER	PAIRED	NextSeq 2000	44	2200	Homo sapiens
ERR14276910	SAMEA117636889	ena-SAMPLE-TAB-28-01-2025-22:30:17:500-24990	TLTX18		OTHER	PAIRED	NextSeq 2000	114	5700	Homo sapiens
ERR14276914	SAMEA117636889	ena-SAMPLE-TAB-28-01-2025-22:30:17:500-24990	TLTX18		OTHER	PAIRED	NextSeq 2000	58	2900	Homo sapiens
ERR14276917	SAMEA117636889	ena-SAMPLE-TAB-28-01-2025-22:30:17:500-24990	TLTX18		OTHER	PAIRED	NextSeq 2000	90	4500	Homo sapiens
ERR14276921	SAMEA117636889	ena-SAMPLE-TAB-28-01-2025-22:30:17:500-24990	TLTX18		OTHER	PAIRED	NextSeq 2000	64	3200	Homo sapiens
ERR14276922	SAMEA117636889	ena-SAMPLE-TAB-28-01-2025-22:30:17:500-24990	TLTX18		OTHER	PAIRED	NextSeq 2000	66	3300	Homo sapiens
ERR14276927	SAMEA117636889	ena-SAMPLE-TAB-28-01-2025-22:30:17:500-24990	TLTX18		OTHER	PAIRED	NextSeq 2000	200	10000	Homo sapiens
ERR14276931	SAMEA117636889	ena-SAMPLE-TAB-28-01-2025-22:30:17:500-24990	TLTX18		OTHER	PAIRED	NextSeq 2000	108	5400	Homo sapiens
ERR14276933	SAMEA117636889	ena-SAMPLE-TAB-28-01-2025-22:30:17:500-24990	TLTX18		OTHER	PAIRED	NextSeq 2000	64	3200	Homo sapiens
ERR14276937	SAMEA117636889	ena-SAMPLE-TAB-28-01-2025-22:30:17:500-24990	TLTX18		OTHER	PAIRED	NextSeq 2000	66	3300	Homo sapiens
ERR14276941	SAMEA117636889	ena-SAMPLE-TAB-28-01-2025-22:30:17:500-24990	TLTX18		OTHER	PAIRED	NextSeq 2000	74	3700	Homo sapiens
ERR14276943	SAMEA117636889	ena-SAMPLE-TAB-28-01-2025-22:30:17:500-24990	TLTX18		OTHER	PAIRED	NextSeq 2000	83608	4180400	Homo sapiens
ERR14276945	SAMEA117636889	ena-SAMPLE-TAB-28-01-2025-22:30:17:500-24990	TLTX18		OTHER	PAIRED	NextSeq 2000	64	3200	Homo sapiens
ERR14276948	SAMEA117636889	ena-SAMPLE-TAB-28-01-2025-22:30:17:500-24990	TLTX18		OTHER	PAIRED	NextSeq 2000	90	4500	Homo sapiens
ERR14276953	SAMEA117636889	ena-SAMPLE-TAB-28-01-2025-22:30:17:500-24990	TLTX18		OTHER	PAIRED	NextSeq 2000	61316	3065800	Homo sapiens
ERR14276956	SAMEA117636889	ena-SAMPLE-TAB-28-01-2025-22:30:17:500-24990	TLTX18		OTHER	PAIRED	NextSeq 2000	1862888	93144400	Homo sapiens
ERR14276967	SAMEA117636889	ena-SAMPLE-TAB-28-01-2025-22:30:17:500-24990	TLTX18		OTHER	PAIRED	NextSeq 2000	1694	84700	Homo sapiens
ERR14276970	SAMEA117636889	ena-SAMPLE-TAB-28-01-2025-22:30:17:500-24990	TLTX18		OTHER	PAIRED	NextSeq 2000	1696540	84827000	Homo sapiens
ERR14276976	SAMEA117636889	ena-SAMPLE-TAB-28-01-2025-22:30:17:500-24990	TLTX18		OTHER	PAIRED	NextSeq 2000	954	47700	Homo sapiens
ERR14276985	SAMEA117636889	ena-SAMPLE-TAB-28-01-2025-22:30:17:500-24990	TLTX18		OTHER	PAIRED	NextSeq 2000	1246	62300	Homo sapiens
ERR14276988	SAMEA117636889	ena-SAMPLE-TAB-28-01-2025-22:30:17:500-24990	TLTX18		OTHER	PAIRED	NextSeq 2000	804	40200	Homo sapiens
ERR14276990	SAMEA117636889	ena-SAMPLE-TAB-28-01-2025-22:30:17:500-24990	TLTX18		OTHER	PAIRED	NextSeq 2000	1348	67400	Homo sapiens
ERR14276996	SAMEA117636889	ena-SAMPLE-TAB-28-01-2025-22:30:17:500-24990	TLTX18		OTHER	PAIRED	NextSeq 2000	656	32800	Homo sapiens
ERR14277000	SAMEA117636889	ena-SAMPLE-TAB-28-01-2025-22:30:17:500-24990	TLTX18		OTHER	PAIRED	NextSeq 2000	1752690	87634500	Homo sapiens
ERR14277009	SAMEA117636889	ena-SAMPLE-TAB-28-01-2025-22:30:17:500-24990	TLTX18		OTHER	PAIRED	NextSeq 2000	960	48000	Homo sapiens
ERR14277017	SAMEA117636889	ena-SAMPLE-TAB-28-01-2025-22:30:17:500-24990	TLTX18		OTHER	PAIRED	NextSeq 2000	1196	59800	Homo sapiens
ERR14277021	SAMEA117636889	ena-SAMPLE-TAB-28-01-2025-22:30:17:500-24990	TLTX18		OTHER	PAIRED	NextSeq 2000	1292	64600	Homo sapiens
ERR14277027	SAMEA117636889	ena-SAMPLE-TAB-28-01-2025-22:30:17:500-24990	TLTX18		OTHER	PAIRED	NextSeq 2000	1080954	54047700	Homo sapiens
ERR14277031	SAMEA117636889	ena-SAMPLE-TAB-28-01-2025-22:30:17:500-24990	TLTX18		OTHER	PAIRED	NextSeq 2000	544	27200	Homo sapiens
ERR14277042	SAMEA117636889	ena-SAMPLE-TAB-28-01-2025-22:30:17:500-24990	TLTX18		OTHER	PAIRED	NextSeq 2000	542	27100	Homo sapiens
ERR14277043	SAMEA117636889	ena-SAMPLE-TAB-28-01-2025-22:30:17:500-24990	TLTX18		OTHER	PAIRED	NextSeq 2000	1845486	92274300	Homo sapiens
ERR14277051	SAMEA117636889	ena-SAMPLE-TAB-28-01-2025-22:30:17:500-24990	TLTX18		OTHER	PAIRED	NextSeq 2000	526	26300	Homo sapiens
ERR14277057	SAMEA117636889	ena-SAMPLE-TAB-28-01-2025-22:30:17:500-24990	TLTX18		OTHER	PAIRED	NextSeq 2000	576	28800	Homo sapiens
ERR14277066	SAMEA117636889	ena-SAMPLE-TAB-28-01-2025-22:30:17:500-24990	TLTX18		OTHER	PAIRED	NextSeq 2000	418	20900	Homo sapiens
ERR14277071	SAMEA117636889	ena-SAMPLE-TAB-28-01-2025-22:30:17:500-24990	TLTX18		OTHER	PAIRED	NextSeq 2000	806	40300	Homo sapiens
ERR14277072	SAMEA117636889	ena-SAMPLE-TAB-28-01-2025-22:30:17:500-24990	TLTX18		OTHER	PAIRED	NextSeq 2000	598	29900	Homo sapiens
ERR14277073	SAMEA117636889	ena-SAMPLE-TAB-28-01-2025-22:30:17:500-24990	TLTX18		OTHER	PAIRED	NextSeq 2000	652	32600	Homo sapiens
ERR14277076	SAMEA117636889	ena-SAMPLE-TAB-28-01-2025-22:30:17:500-24990	TLTX18		OTHER	PAIRED	NextSeq 2000	244	12200	Homo sapiens
ERR14277079	SAMEA117636889	ena-SAMPLE-TAB-28-01-2025-22:30:17:500-24990	TLTX18		OTHER	PAIRED	NextSeq 2000	170	8500	Homo sapiens
ERR14277083	SAMEA117636889	ena-SAMPLE-TAB-28-01-2025-22:30:17:500-24990	TLTX18		OTHER	PAIRED	NextSeq 2000	432	21600	Homo sapiens
ERR14277099	SAMEA117636889	ena-SAMPLE-TAB-28-01-2025-22:30:17:500-24990	TLTX18		OTHER	PAIRED	NextSeq 2000	2	100	Homo sapiens
ERR14277104	SAMEA117636889	ena-SAMPLE-TAB-28-01-2025-22:30:17:500-24990	TLTX18		OTHER	PAIRED	NextSeq 2000	922	46100	Homo sapiens
ERR14277106	SAMEA117636889	ena-SAMPLE-TAB-28-01-2025-22:30:17:500-24990	TLTX18		OTHER	PAIRED	NextSeq 2000	1382	69100	Homo sapiens
ERR14277108	SAMEA117636889	ena-SAMPLE-TAB-28-01-2025-22:30:17:500-24990	TLTX18		OTHER	PAIRED	NextSeq 2000	1038	51900	Homo sapiens
ERR14277110	SAMEA117636889	ena-SAMPLE-TAB-28-01-2025-22:30:17:500-24990	TLTX18		OTHER	PAIRED	NextSeq 2000	1424	71200	Homo sapiens
ERR14277112	SAMEA117636889	ena-SAMPLE-TAB-28-01-2025-22:30:17:500-24990	TLTX18		OTHER	PAIRED	NextSeq 2000	368	18400	Homo sapiens
ERR14277117	SAMEA117636889	ena-SAMPLE-TAB-28-01-2025-22:30:17:500-24990	TLTX18		OTHER	PAIRED	NextSeq 2000	1304	65200	Homo sapiens
ERR14277123	SAMEA117636889	ena-SAMPLE-TAB-28-01-2025-22:30:17:500-24990	TLTX18		OTHER	PAIRED	NextSeq 2000	1448	72400	Homo sapiens
ERR14277125	SAMEA117636889	ena-SAMPLE-TAB-28-01-2025-22:30:17:500-24990	TLTX18		OTHER	PAIRED	NextSeq 2000	1112	55600	Homo sapiens
ERR14277127	SAMEA117636889	ena-SAMPLE-TAB-28-01-2025-22:30:17:500-24990	TLTX18		OTHER	PAIRED	NextSeq 2000	1173310	58665500	Homo sapiens
ERR14277131	SAMEA117636889	ena-SAMPLE-TAB-28-01-2025-22:30:17:500-24990	TLTX18		OTHER	PAIRED	NextSeq 2000	798	39900	Homo sapiens
ERR14277133	SAMEA117636889	ena-SAMPLE-TAB-28-01-2025-22:30:17:500-24990	TLTX18		OTHER	PAIRED	NextSeq 2000	2006382	100319100	Homo sapiens
ERR14277136	SAMEA117636889	ena-SAMPLE-TAB-28-01-2025-22:30:17:500-24990	TLTX18		OTHER	PAIRED	NextSeq 2000	1613732	80686600	Homo sapiens
ERR14277142	SAMEA117636889	ena-SAMPLE-TAB-28-01-2025-22:30:17:500-24990	TLTX18		OTHER	PAIRED	NextSeq 2000	846	42300	Homo sapiens
ERR14277143	SAMEA117636889	ena-SAMPLE-TAB-28-01-2025-22:30:17:500-24990	TLTX18		OTHER	PAIRED	NextSeq 2000	1054	52700	Homo sapiens
ERR14277157	SAMEA117636889	ena-SAMPLE-TAB-28-01-2025-22:30:17:500-24990	TLTX18		OTHER	PAIRED	NextSeq 2000	988	49400	Homo sapiens
ERR14277164	SAMEA117636889	ena-SAMPLE-TAB-28-01-2025-22:30:17:500-24990	TLTX18		OTHER	PAIRED	NextSeq 2000	964184	48209200	Homo sapiens
ERR14277167	SAMEA117636889	ena-SAMPLE-TAB-28-01-2025-22:30:17:500-24990	TLTX18		OTHER	PAIRED	NextSeq 2000	602	30100	Homo sapiens
ERR14277168	SAMEA117636889	ena-SAMPLE-TAB-28-01-2025-22:30:17:500-24990	TLTX18		OTHER	PAIRED	NextSeq 2000	892	44600	Homo sapiens
ERR14277170	SAMEA117636889	ena-SAMPLE-TAB-28-01-2025-22:30:17:500-24990	TLTX18		OTHER	PAIRED	NextSeq 2000	1759124	87956200	Homo sapiens
ERR14277175	SAMEA117636889	ena-SAMPLE-TAB-28-01-2025-22:30:17:500-24990	TLTX18		OTHER	PAIRED	NextSeq 2000	2156	107800	Homo sapiens
ERR14277179	SAMEA117636889	ena-SAMPLE-TAB-28-01-2025-22:30:17:500-24990	TLTX18		OTHER	PAIRED	NextSeq 2000	2114406	105720300	Homo sapiens
ERR14277180	SAMEA117636889	ena-SAMPLE-TAB-28-01-2025-22:30:17:500-24990	TLTX18		OTHER	PAIRED	NextSeq 2000	1432	71600	Homo sapiens
ERR14277182	SAMEA117636889	ena-SAMPLE-TAB-28-01-2025-22:30:17:500-24990	TLTX18		OTHER	PAIRED	NextSeq 2000	1622790	81139500	Homo sapiens
ERR14277187	SAMEA117636889	ena-SAMPLE-TAB-28-01-2025-22:30:17:500-24990	TLTX18		OTHER	PAIRED	NextSeq 2000	2193380	109669000	Homo sapiens
ERR14277192	SAMEA117636889	ena-SAMPLE-TAB-28-01-2025-22:30:17:500-24990	TLTX18		OTHER	PAIRED	NextSeq 2000	1120	56000	Homo sapiens
ERR14277195	SAMEA117636889	ena-SAMPLE-TAB-28-01-2025-22:30:17:500-24990	TLTX18		OTHER	PAIRED	NextSeq 2000	2282	114100	Homo sapiens
ERR14277203	SAMEA117636889	ena-SAMPLE-TAB-28-01-2025-22:30:17:500-24990	TLTX18		OTHER	PAIRED	NextSeq 2000	1134	56700	Homo sapiens
ERR14277211	SAMEA117636889	ena-SAMPLE-TAB-28-01-2025-22:30:17:500-24990	TLTX18		OTHER	PAIRED	NextSeq 2000	1344	67200	Homo sapiens
ERR14277213	SAMEA117636889	ena-SAMPLE-TAB-28-01-2025-22:30:17:500-24990	TLTX18		OTHER	PAIRED	NextSeq 2000	1814674	90733700	Homo sapiens
ERR14277214	SAMEA117636889	ena-SAMPLE-TAB-28-01-2025-22:30:17:500-24990	TLTX18		OTHER	PAIRED	NextSeq 2000	1432	71600	Homo sapiens
ERR14277217	SAMEA117636889	ena-SAMPLE-TAB-28-01-2025-22:30:17:500-24990	TLTX18		OTHER	PAIRED	NextSeq 2000	1663828	83191400	Homo sapiens
ERR14277225	SAMEA117636889	ena-SAMPLE-TAB-28-01-2025-22:30:17:500-24990	TLTX18		OTHER	PAIRED	NextSeq 2000	1660	83000	Homo sapiens
ERR14277233	SAMEA117636889	ena-SAMPLE-TAB-28-01-2025-22:30:17:500-24990	TLTX18		OTHER	PAIRED	NextSeq 2000	1687070	84353500	Homo sapiens
ERR14277236	SAMEA117636889	ena-SAMPLE-TAB-28-01-2025-22:30:17:500-24990	TLTX18		OTHER	PAIRED	NextSeq 2000	1792	89600	Homo sapiens
ERR14277237	SAMEA117636889	ena-SAMPLE-TAB-28-01-2025-22:30:17:500-24990	TLTX18		OTHER	PAIRED	NextSeq 2000	1706708	85335400	Homo sapiens
ERR14277244	SAMEA117636889	ena-SAMPLE-TAB-28-01-2025-22:30:17:500-24990	TLTX18		OTHER	PAIRED	NextSeq 2000	1868	93400	Homo sapiens
ERR14277246	SAMEA117636889	ena-SAMPLE-TAB-28-01-2025-22:30:17:500-24990	TLTX18		OTHER	PAIRED	NextSeq 2000	2108	105400	Homo sapiens
ERR14277249	SAMEA117636889	ena-SAMPLE-TAB-28-01-2025-22:30:17:500-24990	TLTX18		OTHER	PAIRED	NextSeq 2000	1256	62800	Homo sapiens
ERR14277255	SAMEA117636889	ena-SAMPLE-TAB-28-01-2025-22:30:17:500-24990	TLTX18		OTHER	PAIRED	NextSeq 2000	886	44300	Homo sapiens
ERR14277260	SAMEA117636889	ena-SAMPLE-TAB-28-01-2025-22:30:17:500-24990	TLTX18		OTHER	PAIRED	NextSeq 2000	1460	73000	Homo sapiens
ERR14277264	SAMEA117636889	ena-SAMPLE-TAB-28-01-2025-22:30:17:500-24990	TLTX18		OTHER	PAIRED	NextSeq 2000	784	39200	Homo sapiens
ERR14277269	SAMEA117636889	ena-SAMPLE-TAB-28-01-2025-22:30:17:500-24990	TLTX18		OTHER	PAIRED	NextSeq 2000	1410	70500	Homo sapiens
ERR14277285	SAMEA117636889	ena-SAMPLE-TAB-28-01-2025-22:30:17:500-24990	TLTX18		OTHER	PAIRED	NextSeq 2000	1208	60400	Homo sapiens
ERR14277286	SAMEA117636889	ena-SAMPLE-TAB-28-01-2025-22:30:17:500-24990	TLTX18		OTHER	PAIRED	NextSeq 2000	1100	55000	Homo sapiens
ERR14277300	SAMEA117636889	ena-SAMPLE-TAB-28-01-2025-22:30:17:500-24990	TLTX18		OTHER	PAIRED	NextSeq 2000	780	39000	Homo sapiens
ERR14277308	SAMEA117636889	ena-SAMPLE-TAB-28-01-2025-22:30:17:500-24990	TLTX18		OTHER	PAIRED	NextSeq 2000	1330	66500	Homo sapiens
ERR14277311	SAMEA117636889	ena-SAMPLE-TAB-28-01-2025-22:30:17:500-24990	TLTX18		OTHER	PAIRED	NextSeq 2000	602	30100	Homo sapiens
ERR14277312	SAMEA117636889	ena-SAMPLE-TAB-28-01-2025-22:30:17:500-24990	TLTX18		OTHER	PAIRED	NextSeq 2000	1075642	53782100	Homo sapiens
ERR14277315	SAMEA117636889	ena-SAMPLE-TAB-28-01-2025-22:30:17:500-24990	TLTX18		OTHER	PAIRED	NextSeq 2000	1230	61500	Homo sapiens
ERR14277319	SAMEA117636889	ena-SAMPLE-TAB-28-01-2025-22:30:17:500-24990	TLTX18		OTHER	PAIRED	NextSeq 2000	2342086	117104300	Homo sapiens
ERR14277322	SAMEA117636889	ena-SAMPLE-TAB-28-01-2025-22:30:17:500-24990	TLTX18		OTHER	PAIRED	NextSeq 2000	1224	61200	Homo sapiens
ERR14277325	SAMEA117636889	ena-SAMPLE-TAB-28-01-2025-22:30:17:500-24990	TLTX18		OTHER	PAIRED	NextSeq 2000	896	44800	Homo sapiens
ERR14277327	SAMEA117636889	ena-SAMPLE-TAB-28-01-2025-22:30:17:500-24990	TLTX18		OTHER	PAIRED	NextSeq 2000	556	27800	Homo sapiens
ERR14277328	SAMEA117636889	ena-SAMPLE-TAB-28-01-2025-22:30:17:500-24990	TLTX18		OTHER	PAIRED	NextSeq 2000	228	11400	Homo sapiens
ERR14277341	SAMEA117636889	ena-SAMPLE-TAB-28-01-2025-22:30:17:500-24990	TLTX18		OTHER	PAIRED	NextSeq 2000	2544542	127227100	Homo sapiens
ERR14277343	SAMEA117636889	ena-SAMPLE-TAB-28-01-2025-22:30:17:500-24990	TLTX18		OTHER	PAIRED	NextSeq 2000	778	38900	Homo sapiens
ERR14277345	SAMEA117636889	ena-SAMPLE-TAB-28-01-2025-22:30:17:500-24990	TLTX18		OTHER	PAIRED	NextSeq 2000	464	23200	Homo sapiens
ERR14277346	SAMEA117636889	ena-SAMPLE-TAB-28-01-2025-22:30:17:500-24990	TLTX18		OTHER	PAIRED	NextSeq 2000	1148	57400	Homo sapiens
ERR14277350	SAMEA117636889	ena-SAMPLE-TAB-28-01-2025-22:30:17:500-24990	TLTX18		OTHER	PAIRED	NextSeq 2000	768	38400	Homo sapiens
ERR14277355	SAMEA117636889	ena-SAMPLE-TAB-28-01-2025-22:30:17:500-24990	TLTX18		OTHER	PAIRED	NextSeq 2000	656	32800	Homo sapiens
ERR14277357	SAMEA117636889	ena-SAMPLE-TAB-28-01-2025-22:30:17:500-24990	TLTX18		OTHER	PAIRED	NextSeq 2000	716	35800	Homo sapiens
ERR14277365	SAMEA117636889	ena-SAMPLE-TAB-28-01-2025-22:30:17:500-24990	TLTX18		OTHER	PAIRED	NextSeq 2000	1571434	78571700	Homo sapiens
ERR14277370	SAMEA117636889	ena-SAMPLE-TAB-28-01-2025-22:30:17:500-24990	TLTX18		OTHER	PAIRED	NextSeq 2000	832	41600	Homo sapiens
ERR14277374	SAMEA117636889	ena-SAMPLE-TAB-28-01-2025-22:30:17:500-24990	TLTX18		OTHER	PAIRED	NextSeq 2000	780	39000	Homo sapiens
ERR14277378	SAMEA117636889	ena-SAMPLE-TAB-28-01-2025-22:30:17:500-24990	TLTX18		OTHER	PAIRED	NextSeq 2000	686	34300	Homo sapiens
ERR14277385	SAMEA117636889	ena-SAMPLE-TAB-28-01-2025-22:30:17:500-24990	TLTX18		OTHER	PAIRED	NextSeq 2000	1132	56600	Homo sapiens
ERR14277387	SAMEA117636889	ena-SAMPLE-TAB-28-01-2025-22:30:17:500-24990	TLTX18		OTHER	PAIRED	NextSeq 2000	620	31000	Homo sapiens
ERR14277394	SAMEA117636889	ena-SAMPLE-TAB-28-01-2025-22:30:17:500-24990	TLTX18		OTHER	PAIRED	NextSeq 2000	2974	148700	Homo sapiens
ERR14277400	SAMEA117636889	ena-SAMPLE-TAB-28-01-2025-22:30:17:500-24990	TLTX18		OTHER	PAIRED	NextSeq 2000	696	34800	Homo sapiens
ERR14277403	SAMEA117636889	ena-SAMPLE-TAB-28-01-2025-22:30:17:500-24990	TLTX18		OTHER	PAIRED	NextSeq 2000	1508066	75403300	Homo sapiens
ERR14277405	SAMEA117636889	ena-SAMPLE-TAB-28-01-2025-22:30:17:500-24990	TLTX18		OTHER	PAIRED	NextSeq 2000	2162	108100	Homo sapiens
ERR14277407	SAMEA117636889	ena-SAMPLE-TAB-28-01-2025-22:30:17:500-24990	TLTX18		OTHER	PAIRED	NextSeq 2000	2770	138500	Homo sapiens
ERR14277412	SAMEA117636889	ena-SAMPLE-TAB-28-01-2025-22:30:17:500-24990	TLTX18		OTHER	PAIRED	NextSeq 2000	1472452	73622600	Homo sapiens
ERR14277414	SAMEA117636889	ena-SAMPLE-TAB-28-01-2025-22:30:17:500-24990	TLTX18		OTHER	PAIRED	NextSeq 2000	2126	106300	Homo sapiens
ERR14277419	SAMEA117636889	ena-SAMPLE-TAB-28-01-2025-22:30:17:500-24990	TLTX18		OTHER	PAIRED	NextSeq 2000	1678	83900	Homo sapiens
ERR14277424	SAMEA117636889	ena-SAMPLE-TAB-28-01-2025-22:30:17:500-24990	TLTX18		OTHER	PAIRED	NextSeq 2000	1562626	78131300	Homo sapiens
ERR14277429	SAMEA117636889	ena-SAMPLE-TAB-28-01-2025-22:30:17:500-24990	TLTX18		OTHER	PAIRED	NextSeq 2000	1966	98300	Homo sapiens
ERR14277451	SAMEA117636889	ena-SAMPLE-TAB-28-01-2025-22:30:17:500-24990	TLTX18		OTHER	PAIRED	NextSeq 2000	2088	104400	Homo sapiens
ERR14277455	SAMEA117636889	ena-SAMPLE-TAB-28-01-2025-22:30:17:500-24990	TLTX18		OTHER	PAIRED	NextSeq 2000	1046	52300	Homo sapiens
ERR14277463	SAMEA117636889	ena-SAMPLE-TAB-28-01-2025-22:30:17:500-24990	TLTX18		OTHER	PAIRED	NextSeq 2000	1968	98400	Homo sapiens
ERR14277467	SAMEA117636889	ena-SAMPLE-TAB-28-01-2025-22:30:17:500-24990	TLTX18		OTHER	PAIRED	NextSeq 2000	1456	72800	Homo sapiens
ERR14277468	SAMEA117636889	ena-SAMPLE-TAB-28-01-2025-22:30:17:500-24990	TLTX18		OTHER	PAIRED	NextSeq 2000	1248	62400	Homo sapiens
ERR14277472	SAMEA117636889	ena-SAMPLE-TAB-28-01-2025-22:30:17:500-24990	TLTX18		OTHER	PAIRED	NextSeq 2000	396	19800	Homo sapiens
ERR14277476	SAMEA117636889	ena-SAMPLE-TAB-28-01-2025-22:30:17:500-24990	TLTX18		OTHER	PAIRED	NextSeq 2000	1302008	65100400	Homo sapiens
ERR14277477	SAMEA117636889	ena-SAMPLE-TAB-28-01-2025-22:30:17:500-24990	TLTX18		OTHER	PAIRED	NextSeq 2000	1376	68800	Homo sapiens
ERR14277497	SAMEA117636889	ena-SAMPLE-TAB-28-01-2025-22:30:17:500-24990	TLTX18		OTHER	PAIRED	NextSeq 2000	1477842	73892100	Homo sapiens
ERR14277498	SAMEA117636889	ena-SAMPLE-TAB-28-01-2025-22:30:17:500-24990	TLTX18		OTHER	PAIRED	NextSeq 2000	1792784	89639200	Homo sapiens
ERR14277506	SAMEA117636889	ena-SAMPLE-TAB-28-01-2025-22:30:17:500-24990	TLTX18		OTHER	PAIRED	NextSeq 2000	674120	33706000	Homo sapiens
ERR14277509	SAMEA117636889	ena-SAMPLE-TAB-28-01-2025-22:30:17:500-24990	TLTX18		OTHER	PAIRED	NextSeq 2000	1669740	83487000	Homo sapiens
ERR14277510	SAMEA117636889	ena-SAMPLE-TAB-28-01-2025-22:30:17:500-24990	TLTX18		OTHER	PAIRED	NextSeq 2000	1871996	93599800	Homo sapiens
ERR14277513	SAMEA117636889	ena-SAMPLE-TAB-28-01-2025-22:30:17:500-24990	TLTX18		OTHER	PAIRED	NextSeq 2000	1298	64900	Homo sapiens
ERR14277515	SAMEA117636889	ena-SAMPLE-TAB-28-01-2025-22:30:17:500-24990	TLTX18		OTHER	PAIRED	NextSeq 2000	1116	55800	Homo sapiens
ERR14277516	SAMEA117636889	ena-SAMPLE-TAB-28-01-2025-22:30:17:500-24990	TLTX18		OTHER	PAIRED	NextSeq 2000	904	45200	Homo sapiens
ERR14277518	SAMEA117636889	ena-SAMPLE-TAB-28-01-2025-22:30:17:500-24990	TLTX18		OTHER	PAIRED	NextSeq 2000	1232	61600	Homo sapiens
ERR14277525	SAMEA117636889	ena-SAMPLE-TAB-28-01-2025-22:30:17:500-24990	TLTX18		OTHER	PAIRED	NextSeq 2000	1840	92000	Homo sapiens
ERR14277526	SAMEA117636889	ena-SAMPLE-TAB-28-01-2025-22:30:17:500-24990	TLTX18		OTHER	PAIRED	NextSeq 2000	1294	64700	Homo sapiens
ERR14277530	SAMEA117636889	ena-SAMPLE-TAB-28-01-2025-22:30:17:500-24990	TLTX18		OTHER	PAIRED	NextSeq 2000	1092	54600	Homo sapiens
ERR14277532	SAMEA117636889	ena-SAMPLE-TAB-28-01-2025-22:30:17:500-24990	TLTX18		OTHER	PAIRED	NextSeq 2000	1123458	56172900	Homo sapiens
ERR14277543	SAMEA117636889	ena-SAMPLE-TAB-28-01-2025-22:30:17:500-24990	TLTX18		OTHER	PAIRED	NextSeq 2000	64876	3243800	Homo sapiens
ERR14277555	SAMEA117636889	ena-SAMPLE-TAB-28-01-2025-22:30:17:500-24990	TLTX18		OTHER	PAIRED	NextSeq 2000	36	1800	Homo sapiens
ERR14277558	SAMEA117636889	ena-SAMPLE-TAB-28-01-2025-22:30:17:500-24990	TLTX18		OTHER	PAIRED	NextSeq 2000	28	1400	Homo sapiens
ERR14277564	SAMEA117636889	ena-SAMPLE-TAB-28-01-2025-22:30:17:500-24990	TLTX18		OTHER	PAIRED	NextSeq 2000	30	1500	Homo sapiens
ERR14277571	SAMEA117636889	ena-SAMPLE-TAB-28-01-2025-22:30:17:500-24990	TLTX18		OTHER	PAIRED	NextSeq 2000	22	1100	Homo sapiens
ERR14277572	SAMEA117636889	ena-SAMPLE-TAB-28-01-2025-22:30:17:500-24990	TLTX18		OTHER	PAIRED	NextSeq 2000	30	1500	Homo sapiens
ERR14277573	SAMEA117636889	ena-SAMPLE-TAB-28-01-2025-22:30:17:500-24990	TLTX18		OTHER	PAIRED	NextSeq 2000	32	1600	Homo sapiens
ERR14277580	SAMEA117636889	ena-SAMPLE-TAB-28-01-2025-22:30:17:500-24990	TLTX18		OTHER	PAIRED	NextSeq 2000	53660	2683000	Homo sapiens
ERR14277589	SAMEA117636889	ena-SAMPLE-TAB-28-01-2025-22:30:17:500-24990	TLTX18		OTHER	PAIRED	NextSeq 2000	34	1700	Homo sapiens
ERR14277593	SAMEA117636889	ena-SAMPLE-TAB-28-01-2025-22:30:17:500-24990	TLTX18		OTHER	PAIRED	NextSeq 2000	34	1700	Homo sapiens
ERR14277594	SAMEA117636889	ena-SAMPLE-TAB-28-01-2025-22:30:17:500-24990	TLTX18		OTHER	PAIRED	NextSeq 2000	18	900	Homo sapiens
ERR14277598	SAMEA117636889	ena-SAMPLE-TAB-28-01-2025-22:30:17:500-24990	TLTX18		OTHER	PAIRED	NextSeq 2000	26	1300	Homo sapiens
ERR14277599	SAMEA117636889	ena-SAMPLE-TAB-28-01-2025-22:30:17:500-24990	TLTX18		OTHER	PAIRED	NextSeq 2000	18	900	Homo sapiens
ERR14277603	SAMEA117636889	ena-SAMPLE-TAB-28-01-2025-22:30:17:500-24990	TLTX18		OTHER	PAIRED	NextSeq 2000	18	900	Homo sapiens
ERR14277604	SAMEA117636889	ena-SAMPLE-TAB-28-01-2025-22:30:17:500-24990	TLTX18		OTHER	PAIRED	NextSeq 2000	20	1000	Homo sapiens
ERR14277605	SAMEA117636889	ena-SAMPLE-TAB-28-01-2025-22:30:17:500-24990	TLTX18		OTHER	PAIRED	NextSeq 2000	46354	2317700	Homo sapiens
ERR14277607	SAMEA117636889	ena-SAMPLE-TAB-28-01-2025-22:30:17:500-24990	TLTX18		OTHER	PAIRED	NextSeq 2000	1042	52100	Homo sapiens
ERR14277610	SAMEA117636889	ena-SAMPLE-TAB-28-01-2025-22:30:17:500-24990	TLTX18		OTHER	PAIRED	NextSeq 2000	2834	141700	Homo sapiens
ERR14277611	SAMEA117636889	ena-SAMPLE-TAB-28-01-2025-22:30:17:500-24990	TLTX18		OTHER	PAIRED	NextSeq 2000	1152	57600	Homo sapiens
ERR14277612	SAMEA117636889	ena-SAMPLE-TAB-28-01-2025-22:30:17:500-24990	TLTX18		OTHER	PAIRED	NextSeq 2000	1885566	94278300	Homo sapiens
ERR14277615	SAMEA117636889	ena-SAMPLE-TAB-28-01-2025-22:30:17:500-24990	TLTX18		OTHER	PAIRED	NextSeq 2000	660	33000	Homo sapiens
ERR14277618	SAMEA117636889	ena-SAMPLE-TAB-28-01-2025-22:30:17:500-24990	TLTX18		OTHER	PAIRED	NextSeq 2000	780	39000	Homo sapiens
ERR14277620	SAMEA117636889	ena-SAMPLE-TAB-28-01-2025-22:30:17:500-24990	TLTX18		OTHER	PAIRED	NextSeq 2000	1216	60800	Homo sapiens
ERR14277621	SAMEA117636889	ena-SAMPLE-TAB-28-01-2025-22:30:17:500-24990	TLTX18		OTHER	PAIRED	NextSeq 2000	976	48800	Homo sapiens
ERR14277623	SAMEA117636889	ena-SAMPLE-TAB-28-01-2025-22:30:17:500-24990	TLTX18		OTHER	PAIRED	NextSeq 2000	1162	58100	Homo sapiens
ERR14277625	SAMEA117636889	ena-SAMPLE-TAB-28-01-2025-22:30:17:500-24990	TLTX18		OTHER	PAIRED	NextSeq 2000	744	37200	Homo sapiens
ERR14277631	SAMEA117636889	ena-SAMPLE-TAB-28-01-2025-22:30:17:500-24990	TLTX18		OTHER	PAIRED	NextSeq 2000	1052	52600	Homo sapiens
ERR14277640	SAMEA117636889	ena-SAMPLE-TAB-28-01-2025-22:30:17:500-24990	TLTX18		OTHER	PAIRED	NextSeq 2000	766	38300	Homo sapiens
ERR14277643	SAMEA117636889	ena-SAMPLE-TAB-28-01-2025-22:30:17:500-24990	TLTX18		OTHER	PAIRED	NextSeq 2000	1311176	65558800	Homo sapiens
ERR14277651	SAMEA117636889	ena-SAMPLE-TAB-28-01-2025-22:30:17:500-24990	TLTX18		OTHER	PAIRED	NextSeq 2000	1472	73600	Homo sapiens
ERR14277655	SAMEA117636889	ena-SAMPLE-TAB-28-01-2025-22:30:17:500-24990	TLTX18		OTHER	PAIRED	NextSeq 2000	834	41700	Homo sapiens
ERR14277658	SAMEA117636889	ena-SAMPLE-TAB-28-01-2025-22:30:17:500-24990	TLTX18		OTHER	PAIRED	NextSeq 2000	922	46100	Homo sapiens
ERR14277659	SAMEA117636889	ena-SAMPLE-TAB-28-01-2025-22:30:17:500-24990	TLTX18		OTHER	PAIRED	NextSeq 2000	1751388	87569400	Homo sapiens
ERR14277660	SAMEA117636889	ena-SAMPLE-TAB-28-01-2025-22:30:17:500-24990	TLTX18		OTHER	PAIRED	NextSeq 2000	614	30700	Homo sapiens
ERR14277662	SAMEA117636889	ena-SAMPLE-TAB-28-01-2025-22:30:17:500-24990	TLTX18		OTHER	PAIRED	NextSeq 2000	816	40800	Homo sapiens
ERR14277664	SAMEA117636889	ena-SAMPLE-TAB-28-01-2025-22:30:17:500-24990	TLTX18		OTHER	PAIRED	NextSeq 2000	1108	55400	Homo sapiens
ERR14277665	SAMEA117636889	ena-SAMPLE-TAB-28-01-2025-22:30:17:500-24990	TLTX18		OTHER	PAIRED	NextSeq 2000	632	31600	Homo sapiens
ERR14277668	SAMEA117636889	ena-SAMPLE-TAB-28-01-2025-22:30:17:500-24990	TLTX18		OTHER	PAIRED	NextSeq 2000	1122	56100	Homo sapiens
ERR14277670	SAMEA117636889	ena-SAMPLE-TAB-28-01-2025-22:30:17:500-24990	TLTX18		OTHER	PAIRED	NextSeq 2000	940	47000	Homo sapiens
ERR14277672	SAMEA117636889	ena-SAMPLE-TAB-28-01-2025-22:30:17:500-24990	TLTX18		OTHER	PAIRED	NextSeq 2000	730	36500	Homo sapiens
ERR14277680	SAMEA117636889	ena-SAMPLE-TAB-28-01-2025-22:30:17:500-24990	TLTX18		OTHER	PAIRED	NextSeq 2000	782	39100	Homo sapiens
ERR14277689	SAMEA117636889	ena-SAMPLE-TAB-28-01-2025-22:30:17:500-24990	TLTX18		OTHER	PAIRED	NextSeq 2000	809482	40474100	Homo sapiens
ERR14277690	SAMEA117636889	ena-SAMPLE-TAB-28-01-2025-22:30:17:500-24990	TLTX18		OTHER	PAIRED	NextSeq 2000	548	27400	Homo sapiens
ERR14277692	SAMEA117636889	ena-SAMPLE-TAB-28-01-2025-22:30:17:500-24990	TLTX18		OTHER	PAIRED	NextSeq 2000	1050	52500	Homo sapiens
ERR14277695	SAMEA117636889	ena-SAMPLE-TAB-28-01-2025-22:30:17:500-24990	TLTX18		OTHER	PAIRED	NextSeq 2000	1084	54200	Homo sapiens
ERR14277698	SAMEA117636889	ena-SAMPLE-TAB-28-01-2025-22:30:17:500-24990	TLTX18		OTHER	PAIRED	NextSeq 2000	728	36400	Homo sapiens
ERR14277704	SAMEA117636889	ena-SAMPLE-TAB-28-01-2025-22:30:17:500-24990	TLTX18		OTHER	PAIRED	NextSeq 2000	920	46000	Homo sapiens
ERR14277708	SAMEA117636889	ena-SAMPLE-TAB-28-01-2025-22:30:17:500-24990	TLTX18		OTHER	PAIRED	NextSeq 2000	766	38300	Homo sapiens
ERR14277717	SAMEA117636889	ena-SAMPLE-TAB-28-01-2025-22:30:17:500-24990	TLTX18		OTHER	PAIRED	NextSeq 2000	846	42300	Homo sapiens
ERR14277731	SAMEA117636889	ena-SAMPLE-TAB-28-01-2025-22:30:17:500-24990	TLTX18		OTHER	PAIRED	NextSeq 2000	778	38900	Homo sapiens
ERR14277735	SAMEA117636889	ena-SAMPLE-TAB-28-01-2025-22:30:17:500-24990	TLTX18		OTHER	PAIRED	NextSeq 2000	680	34000	Homo sapiens
ERR14277737	SAMEA117636889	ena-SAMPLE-TAB-28-01-2025-22:30:17:500-24990	TLTX18		OTHER	PAIRED	NextSeq 2000	636	31800	Homo sapiens
ERR14277748	SAMEA117636889	ena-SAMPLE-TAB-28-01-2025-22:30:17:500-24990	TLTX18		OTHER	PAIRED	NextSeq 2000	1011928	50596400	Homo sapiens
ERR14277749	SAMEA117636889	ena-SAMPLE-TAB-28-01-2025-22:30:17:500-24990	TLTX18		OTHER	PAIRED	NextSeq 2000	1036	51800	Homo sapiens
ERR14277756	SAMEA117636889	ena-SAMPLE-TAB-28-01-2025-22:30:17:500-24990	TLTX18		OTHER	PAIRED	NextSeq 2000	1060	53000	Homo sapiens
ERR14277757	SAMEA117636889	ena-SAMPLE-TAB-28-01-2025-22:30:17:500-24990	TLTX18		OTHER	PAIRED	NextSeq 2000	1104	55200	Homo sapiens
ERR14277758	SAMEA117636889	ena-SAMPLE-TAB-28-01-2025-22:30:17:500-24990	TLTX18		OTHER	PAIRED	NextSeq 2000	1304	65200	Homo sapiens
ERR14277772	SAMEA117636889	ena-SAMPLE-TAB-28-01-2025-22:30:17:500-24990	TLTX18		OTHER	PAIRED	NextSeq 2000	1026	51300	Homo sapiens
ERR14277779	SAMEA117636889	ena-SAMPLE-TAB-28-01-2025-22:30:17:500-24990	TLTX18		OTHER	PAIRED	NextSeq 2000	1434934	71746700	Homo sapiens
ERR14277780	SAMEA117636889	ena-SAMPLE-TAB-28-01-2025-22:30:17:500-24990	TLTX18		OTHER	PAIRED	NextSeq 2000	1004	50200	Homo sapiens
ERR14277787	SAMEA117636889	ena-SAMPLE-TAB-28-01-2025-22:30:17:500-24990	TLTX18		OTHER	PAIRED	NextSeq 2000	802	40100	Homo sapiens
ERR14277796	SAMEA117636889	ena-SAMPLE-TAB-28-01-2025-22:30:17:500-24990	TLTX18		OTHER	PAIRED	NextSeq 2000	1753904	87695200	Homo sapiens
ERR14277805	SAMEA117636889	ena-SAMPLE-TAB-28-01-2025-22:30:17:500-24990	TLTX18		OTHER	PAIRED	NextSeq 2000	960	48000	Homo sapiens
ERR14277806	SAMEA117636889	ena-SAMPLE-TAB-28-01-2025-22:30:17:500-24990	TLTX18		OTHER	PAIRED	NextSeq 2000	1152	57600	Homo sapiens
ERR14277807	SAMEA117636889	ena-SAMPLE-TAB-28-01-2025-22:30:17:500-24990	TLTX18		OTHER	PAIRED	NextSeq 2000	756	37800	Homo sapiens
ERR14277809	SAMEA117636889	ena-SAMPLE-TAB-28-01-2025-22:30:17:500-24990	TLTX18		OTHER	PAIRED	NextSeq 2000	792	39600	Homo sapiens
ERR14277812	SAMEA117636889	ena-SAMPLE-TAB-28-01-2025-22:30:17:500-24990	TLTX18		OTHER	PAIRED	NextSeq 2000	1236	61800	Homo sapiens
ERR14277814	SAMEA117636889	ena-SAMPLE-TAB-28-01-2025-22:30:17:500-24990	TLTX18		OTHER	PAIRED	NextSeq 2000	1004	50200	Homo sapiens
ERR14277820	SAMEA117636889	ena-SAMPLE-TAB-28-01-2025-22:30:17:500-24990	TLTX18		OTHER	PAIRED	NextSeq 2000	1954	97700	Homo sapiens
ERR14277822	SAMEA117636889	ena-SAMPLE-TAB-28-01-2025-22:30:17:500-24990	TLTX18		OTHER	PAIRED	NextSeq 2000	868	43400	Homo sapiens
ERR14277823	SAMEA117636889	ena-SAMPLE-TAB-28-01-2025-22:30:17:500-24990	TLTX18		OTHER	PAIRED	NextSeq 2000	2026	101300	Homo sapiens
ERR14277825	SAMEA117636889	ena-SAMPLE-TAB-28-01-2025-22:30:17:500-24990	TLTX18		OTHER	PAIRED	NextSeq 2000	1468	73400	Homo sapiens
ERR14277834	SAMEA117636889	ena-SAMPLE-TAB-28-01-2025-22:30:17:500-24990	TLTX18		OTHER	PAIRED	NextSeq 2000	1186	59300	Homo sapiens
ERR14277837	SAMEA117636889	ena-SAMPLE-TAB-28-01-2025-22:30:17:500-24990	TLTX18		OTHER	PAIRED	NextSeq 2000	1238	61900	Homo sapiens
ERR14277841	SAMEA117636889	ena-SAMPLE-TAB-28-01-2025-22:30:17:500-24990	TLTX18		OTHER	PAIRED	NextSeq 2000	1066	53300	Homo sapiens
ERR14277844	SAMEA117636889	ena-SAMPLE-TAB-28-01-2025-22:30:17:500-24990	TLTX18		OTHER	PAIRED	NextSeq 2000	1204	60200	Homo sapiens
ERR14277847	SAMEA117636889	ena-SAMPLE-TAB-28-01-2025-22:30:17:500-24990	TLTX18		OTHER	PAIRED	NextSeq 2000	1347860	67393000	Homo sapiens
ERR14277853	SAMEA117636889	ena-SAMPLE-TAB-28-01-2025-22:30:17:500-24990	TLTX18		OTHER	PAIRED	NextSeq 2000	1532	76600	Homo sapiens
ERR14277876	SAMEA117636889	ena-SAMPLE-TAB-28-01-2025-22:30:17:500-24990	TLTX18		OTHER	PAIRED	NextSeq 2000	874	43700	Homo sapiens
ERR14277878	SAMEA117636889	ena-SAMPLE-TAB-28-01-2025-22:30:17:500-24990	TLTX18		OTHER	PAIRED	NextSeq 2000	1490	74500	Homo sapiens
ERR14277882	SAMEA117636889	ena-SAMPLE-TAB-28-01-2025-22:30:17:500-24990	TLTX18		OTHER	PAIRED	NextSeq 2000	1248	62400	Homo sapiens
ERR14277889	SAMEA117636889	ena-SAMPLE-TAB-28-01-2025-22:30:17:500-24990	TLTX18		OTHER	PAIRED	NextSeq 2000	3634	181700	Homo sapiens
ERR14277896	SAMEA117636889	ena-SAMPLE-TAB-28-01-2025-22:30:17:500-24990	TLTX18		OTHER	PAIRED	NextSeq 2000	898	44900	Homo sapiens
ERR14277903	SAMEA117636889	ena-SAMPLE-TAB-28-01-2025-22:30:17:500-24990	TLTX18		OTHER	PAIRED	NextSeq 2000	1560256	78012800	Homo sapiens
ERR14277905	SAMEA117636889	ena-SAMPLE-TAB-28-01-2025-22:30:17:500-24990	TLTX18		OTHER	PAIRED	NextSeq 2000	1998206	99910300	Homo sapiens
ERR14277906	SAMEA117636889	ena-SAMPLE-TAB-28-01-2025-22:30:17:500-24990	TLTX18		OTHER	PAIRED	NextSeq 2000	1006	50300	Homo sapiens
ERR14277910	SAMEA117636889	ena-SAMPLE-TAB-28-01-2025-22:30:17:500-24990	TLTX18		OTHER	PAIRED	NextSeq 2000	1224	61200	Homo sapiens
ERR14277911	SAMEA117636889	ena-SAMPLE-TAB-28-01-2025-22:30:17:500-24990	TLTX18		OTHER	PAIRED	NextSeq 2000	1504	75200	Homo sapiens
ERR14277912	SAMEA117636889	ena-SAMPLE-TAB-28-01-2025-22:30:17:500-24990	TLTX18		OTHER	PAIRED	NextSeq 2000	840	42000	Homo sapiens
ERR14277914	SAMEA117636889	ena-SAMPLE-TAB-28-01-2025-22:30:17:500-24990	TLTX18		OTHER	PAIRED	NextSeq 2000	1192	59600	Homo sapiens
ERR14277921	SAMEA117636889	ena-SAMPLE-TAB-28-01-2025-22:30:17:500-24990	TLTX18		OTHER	PAIRED	NextSeq 2000	682	34100	Homo sapiens
ERR14277926	SAMEA117636889	ena-SAMPLE-TAB-28-01-2025-22:30:17:500-24990	TLTX18		OTHER	PAIRED	NextSeq 2000	1080	54000	Homo sapiens
ERR14277928	SAMEA117636889	ena-SAMPLE-TAB-28-01-2025-22:30:17:500-24990	TLTX18		OTHER	PAIRED	NextSeq 2000	1086	54300	Homo sapiens
ERR14277930	SAMEA117636889	ena-SAMPLE-TAB-28-01-2025-22:30:17:500-24990	TLTX18		OTHER	PAIRED	NextSeq 2000	1430	71500	Homo sapiens
ERR14277933	SAMEA117636889	ena-SAMPLE-TAB-28-01-2025-22:30:17:500-24990	TLTX18		OTHER	PAIRED	NextSeq 2000	1096	54800	Homo sapiens
ERR14277937	SAMEA117636889	ena-SAMPLE-TAB-28-01-2025-22:30:17:500-24990	TLTX18		OTHER	PAIRED	NextSeq 2000	896	44800	Homo sapiens
ERR14277941	SAMEA117636889	ena-SAMPLE-TAB-28-01-2025-22:30:17:500-24990	TLTX18		OTHER	PAIRED	NextSeq 2000	2274856	113742800	Homo sapiens
ERR14277943	SAMEA117636889	ena-SAMPLE-TAB-28-01-2025-22:30:17:500-24990	TLTX18		OTHER	PAIRED	NextSeq 2000	1018	50900	Homo sapiens
ERR14277947	SAMEA117636889	ena-SAMPLE-TAB-28-01-2025-22:30:17:500-24990	TLTX18		OTHER	PAIRED	NextSeq 2000	968	48400	Homo sapiens
ERR14277950	SAMEA117636889	ena-SAMPLE-TAB-28-01-2025-22:30:17:500-24990	TLTX18		OTHER	PAIRED	NextSeq 2000	1607946	80397300	Homo sapiens
ERR14277960	SAMEA117636889	ena-SAMPLE-TAB-28-01-2025-22:30:17:500-24990	TLTX18		OTHER	PAIRED	NextSeq 2000	870	43500	Homo sapiens
ERR14277961	SAMEA117636889	ena-SAMPLE-TAB-28-01-2025-22:30:17:500-24990	TLTX18		OTHER	PAIRED	NextSeq 2000	1797340	89867000	Homo sapiens
ERR14277962	SAMEA117636889	ena-SAMPLE-TAB-28-01-2025-22:30:17:500-24990	TLTX18		OTHER	PAIRED	NextSeq 2000	940	47000	Homo sapiens
ERR14277974	SAMEA117636889	ena-SAMPLE-TAB-28-01-2025-22:30:17:500-24990	TLTX18		OTHER	PAIRED	NextSeq 2000	1970	98500	Homo sapiens
ERR14277977	SAMEA117636889	ena-SAMPLE-TAB-28-01-2025-22:30:17:500-24990	TLTX18		OTHER	PAIRED	NextSeq 2000	1326	66300	Homo sapiens
ERR14277981	SAMEA117636889	ena-SAMPLE-TAB-28-01-2025-22:30:17:500-24990	TLTX18		OTHER	PAIRED	NextSeq 2000	1743134	87156700	Homo sapiens
ERR14277987	SAMEA117636889	ena-SAMPLE-TAB-28-01-2025-22:30:17:500-24990	TLTX18		OTHER	PAIRED	NextSeq 2000	1926	96300	Homo sapiens
ERR14277993	SAMEA117636889	ena-SAMPLE-TAB-28-01-2025-22:30:17:500-24990	TLTX18		OTHER	PAIRED	NextSeq 2000	714	35700	Homo sapiens
ERR14278005	SAMEA117636889	ena-SAMPLE-TAB-28-01-2025-22:30:17:500-24990	TLTX18		OTHER	PAIRED	NextSeq 2000	1092	54600	Homo sapiens
ERR14278007	SAMEA117636889	ena-SAMPLE-TAB-28-01-2025-22:30:17:500-24990	TLTX18		OTHER	PAIRED	NextSeq 2000	1362	68100	Homo sapiens
ERR14278009	SAMEA117636889	ena-SAMPLE-TAB-28-01-2025-22:30:17:500-24990	TLTX18		OTHER	PAIRED	NextSeq 2000	1058	52900	Homo sapiens
ERR14278018	SAMEA117636889	ena-SAMPLE-TAB-28-01-2025-22:30:17:500-24990	TLTX18		OTHER	PAIRED	NextSeq 2000	1236	61800	Homo sapiens
ERR14278019	SAMEA117636889	ena-SAMPLE-TAB-28-01-2025-22:30:17:500-24990	TLTX18		OTHER	PAIRED	NextSeq 2000	1006	50300	Homo sapiens
ERR14278028	SAMEA117636889	ena-SAMPLE-TAB-28-01-2025-22:30:17:500-24990	TLTX18		OTHER	PAIRED	NextSeq 2000	1889254	94462700	Homo sapiens
ERR14278039	SAMEA117636889	ena-SAMPLE-TAB-28-01-2025-22:30:17:500-24990	TLTX18		OTHER	PAIRED	NextSeq 2000	1874442	93722100	Homo sapiens
ERR14278040	SAMEA117636889	ena-SAMPLE-TAB-28-01-2025-22:30:17:500-24990	TLTX18		OTHER	PAIRED	NextSeq 2000	1096	54800	Homo sapiens
ERR14278043	SAMEA117636889	ena-SAMPLE-TAB-28-01-2025-22:30:17:500-24990	TLTX18		OTHER	PAIRED	NextSeq 2000	1630	81500	Homo sapiens
ERR14278044	SAMEA117636889	ena-SAMPLE-TAB-28-01-2025-22:30:17:500-24990	TLTX18		OTHER	PAIRED	NextSeq 2000	1390	69500	Homo sapiens
ERR14278064	SAMEA117636889	ena-SAMPLE-TAB-28-01-2025-22:30:17:500-24990	TLTX18		OTHER	PAIRED	NextSeq 2000	1607176	80358800	Homo sapiens
ERR14278069	SAMEA117636889	ena-SAMPLE-TAB-28-01-2025-22:30:17:500-24990	TLTX18		OTHER	PAIRED	NextSeq 2000	1578	78900	Homo sapiens
ERR14278070	SAMEA117636889	ena-SAMPLE-TAB-28-01-2025-22:30:17:500-24990	TLTX18		OTHER	PAIRED	NextSeq 2000	1376	68800	Homo sapiens
ERR14278082	SAMEA117636889	ena-SAMPLE-TAB-28-01-2025-22:30:17:500-24990	TLTX18		OTHER	PAIRED	NextSeq 2000	274	13700	Homo sapiens
ERR14278083	SAMEA117636889	ena-SAMPLE-TAB-28-01-2025-22:30:17:500-24990	TLTX18		OTHER	PAIRED	NextSeq 2000	2632	131600	Homo sapiens
ERR14278086	SAMEA117636889	ena-SAMPLE-TAB-28-01-2025-22:30:17:500-24990	TLTX18		OTHER	PAIRED	NextSeq 2000	1434	71700	Homo sapiens
ERR14278088	SAMEA117636889	ena-SAMPLE-TAB-28-01-2025-22:30:17:500-24990	TLTX18		OTHER	PAIRED	NextSeq 2000	776	38800	Homo sapiens
ERR14278090	SAMEA117636889	ena-SAMPLE-TAB-28-01-2025-22:30:17:500-24990	TLTX18		OTHER	PAIRED	NextSeq 2000	1482	74100	Homo sapiens
ERR14278091	SAMEA117636889	ena-SAMPLE-TAB-28-01-2025-22:30:17:500-24990	TLTX18		OTHER	PAIRED	NextSeq 2000	1316	65800	Homo sapiens
ERR14278095	SAMEA117636889	ena-SAMPLE-TAB-28-01-2025-22:30:17:500-24990	TLTX18		OTHER	PAIRED	NextSeq 2000	1140	57000	Homo sapiens
ERR14278096	SAMEA117636889	ena-SAMPLE-TAB-28-01-2025-22:30:17:500-24990	TLTX18		OTHER	PAIRED	NextSeq 2000	1703972	85198600	Homo sapiens
ERR14278103	SAMEA117636889	ena-SAMPLE-TAB-28-01-2025-22:30:17:500-24990	TLTX18		OTHER	PAIRED	NextSeq 2000	1620326	81016300	Homo sapiens
ERR14278104	SAMEA117636889	ena-SAMPLE-TAB-28-01-2025-22:30:17:500-24990	TLTX18		OTHER	PAIRED	NextSeq 2000	1160	58000	Homo sapiens
ERR14278111	SAMEA117636889	ena-SAMPLE-TAB-28-01-2025-22:30:17:500-24990	TLTX18		OTHER	PAIRED	NextSeq 2000	2122	106100	Homo sapiens
ERR14278112	SAMEA117636889	ena-SAMPLE-TAB-28-01-2025-22:30:17:500-24990	TLTX18		OTHER	PAIRED	NextSeq 2000	1192	59600	Homo sapiens
ERR14278115	SAMEA117636889	ena-SAMPLE-TAB-28-01-2025-22:30:17:500-24990	TLTX18		OTHER	PAIRED	NextSeq 2000	1847236	92361800	Homo sapiens
ERR14278116	SAMEA117636889	ena-SAMPLE-TAB-28-01-2025-22:30:17:500-24990	TLTX18		OTHER	PAIRED	NextSeq 2000	1440	72000	Homo sapiens
ERR14278117	SAMEA117636889	ena-SAMPLE-TAB-28-01-2025-22:30:17:500-24990	TLTX18		OTHER	PAIRED	NextSeq 2000	1662534	83126700	Homo sapiens
ERR14278122	SAMEA117636889	ena-SAMPLE-TAB-28-01-2025-22:30:17:500-24990	TLTX18		OTHER	PAIRED	NextSeq 2000	1220	61000	Homo sapiens
ERR14278125	SAMEA117636889	ena-SAMPLE-TAB-28-01-2025-22:30:17:500-24990	TLTX18		OTHER	PAIRED	NextSeq 2000	1756	87800	Homo sapiens
ERR14278126	SAMEA117636889	ena-SAMPLE-TAB-28-01-2025-22:30:17:500-24990	TLTX18		OTHER	PAIRED	NextSeq 2000	1520	76000	Homo sapiens
ERR14278136	SAMEA117636889	ena-SAMPLE-TAB-28-01-2025-22:30:17:500-24990	TLTX18		OTHER	PAIRED	NextSeq 2000	1952300	97615000	Homo sapiens
ERR14278139	SAMEA117636889	ena-SAMPLE-TAB-28-01-2025-22:30:17:500-24990	TLTX18		OTHER	PAIRED	NextSeq 2000	1150	57500	Homo sapiens
ERR14278142	SAMEA117636889	ena-SAMPLE-TAB-28-01-2025-22:30:17:500-24990	TLTX18		OTHER	PAIRED	NextSeq 2000	2030658	101532900	Homo sapiens
ERR14278148	SAMEA117636889	ena-SAMPLE-TAB-28-01-2025-22:30:17:500-24990	TLTX18		OTHER	PAIRED	NextSeq 2000	1632	81600	Homo sapiens
ERR14278151	SAMEA117636889	ena-SAMPLE-TAB-28-01-2025-22:30:17:500-24990	TLTX18		OTHER	PAIRED	NextSeq 2000	1862648	93132400	Homo sapiens
ERR14278152	SAMEA117636889	ena-SAMPLE-TAB-28-01-2025-22:30:17:500-24990	TLTX18		OTHER	PAIRED	NextSeq 2000	812	40600	Homo sapiens
ERR14278153	SAMEA117636889	ena-SAMPLE-TAB-28-01-2025-22:30:17:500-24990	TLTX18		OTHER	PAIRED	NextSeq 2000	1322	66100	Homo sapiens
ERR14278158	SAMEA117636889	ena-SAMPLE-TAB-28-01-2025-22:30:17:500-24990	TLTX18		OTHER	PAIRED	NextSeq 2000	1644	82200	Homo sapiens
ERR14278160	SAMEA117636889	ena-SAMPLE-TAB-28-01-2025-22:30:17:500-24990	TLTX18		OTHER	PAIRED	NextSeq 2000	700	35000	Homo sapiens
ERR14278161	SAMEA117636889	ena-SAMPLE-TAB-28-01-2025-22:30:17:500-24990	TLTX18		OTHER	PAIRED	NextSeq 2000	1587154	79357700	Homo sapiens
ERR14278164	SAMEA117636889	ena-SAMPLE-TAB-28-01-2025-22:30:17:500-24990	TLTX18		OTHER	PAIRED	NextSeq 2000	1042	52100	Homo sapiens
ERR14278172	SAMEA117636889	ena-SAMPLE-TAB-28-01-2025-22:30:17:500-24990	TLTX18		OTHER	PAIRED	NextSeq 2000	1666	83300	Homo sapiens
ERR14278175	SAMEA117636889	ena-SAMPLE-TAB-28-01-2025-22:30:17:500-24990	TLTX18		OTHER	PAIRED	NextSeq 2000	866	43300	Homo sapiens
ERR14278176	SAMEA117636889	ena-SAMPLE-TAB-28-01-2025-22:30:17:500-24990	TLTX18		OTHER	PAIRED	NextSeq 2000	1238	61900	Homo sapiens
ERR14278188	SAMEA117636889	ena-SAMPLE-TAB-28-01-2025-22:30:17:500-24990	TLTX18		OTHER	PAIRED	NextSeq 2000	1454	72700	Homo sapiens
ERR14278190	SAMEA117636889	ena-SAMPLE-TAB-28-01-2025-22:30:17:500-24990	TLTX18		OTHER	PAIRED	NextSeq 2000	1182574	59128700	Homo sapiens
ERR14278195	SAMEA117636889	ena-SAMPLE-TAB-28-01-2025-22:30:17:500-24990	TLTX18		OTHER	PAIRED	NextSeq 2000	1423048	71152400	Homo sapiens
ERR14278198	SAMEA117636889	ena-SAMPLE-TAB-28-01-2025-22:30:17:500-24990	TLTX18		OTHER	PAIRED	NextSeq 2000	1556	77800	Homo sapiens
ERR14278199	SAMEA117636889	ena-SAMPLE-TAB-28-01-2025-22:30:17:500-24990	TLTX18		OTHER	PAIRED	NextSeq 2000	1842078	92103900	Homo sapiens
ERR14278201	SAMEA117636889	ena-SAMPLE-TAB-28-01-2025-22:30:17:500-24990	TLTX18		OTHER	PAIRED	NextSeq 2000	1136	56800	Homo sapiens
ERR14278205	SAMEA117636889	ena-SAMPLE-TAB-28-01-2025-22:30:17:500-24990	TLTX18		OTHER	PAIRED	NextSeq 2000	1335060	66753000	Homo sapiens
ERR14278208	SAMEA117636889	ena-SAMPLE-TAB-28-01-2025-22:30:17:500-24990	TLTX18		OTHER	PAIRED	NextSeq 2000	1604	80200	Homo sapiens
ERR14278215	SAMEA117636889	ena-SAMPLE-TAB-28-01-2025-22:30:17:500-24990	TLTX18		OTHER	PAIRED	NextSeq 2000	2006370	100318500	Homo sapiens
ERR14278228	SAMEA117636889	ena-SAMPLE-TAB-28-01-2025-22:30:17:500-24990	TLTX18		OTHER	PAIRED	NextSeq 2000	1422	71100	Homo sapiens
ERR14278231	SAMEA117636889	ena-SAMPLE-TAB-28-01-2025-22:30:17:500-24990	TLTX18		OTHER	PAIRED	NextSeq 2000	1300	65000	Homo sapiens
ERR14278239	SAMEA117636889	ena-SAMPLE-TAB-28-01-2025-22:30:17:500-24990	TLTX18		OTHER	PAIRED	NextSeq 2000	1056	52800	Homo sapiens
ERR14278242	SAMEA117636889	ena-SAMPLE-TAB-28-01-2025-22:30:17:500-24990	TLTX18		OTHER	PAIRED	NextSeq 2000	1282	64100	Homo sapiens
ERR14278245	SAMEA117636889	ena-SAMPLE-TAB-28-01-2025-22:30:17:500-24990	TLTX18		OTHER	PAIRED	NextSeq 2000	2050	102500	Homo sapiens
ERR14278247	SAMEA117636889	ena-SAMPLE-TAB-28-01-2025-22:30:17:500-24990	TLTX18		OTHER	PAIRED	NextSeq 2000	770	38500	Homo sapiens
ERR14278258	SAMEA117636889	ena-SAMPLE-TAB-28-01-2025-22:30:17:500-24990	TLTX18		OTHER	PAIRED	NextSeq 2000	1428	71400	Homo sapiens
ERR14278272	SAMEA117636889	ena-SAMPLE-TAB-28-01-2025-22:30:17:500-24990	TLTX18		OTHER	PAIRED	NextSeq 2000	1353882	67694100	Homo sapiens
ERR14278276	SAMEA117636889	ena-SAMPLE-TAB-28-01-2025-22:30:17:500-24990	TLTX18		OTHER	PAIRED	NextSeq 2000	950	47500	Homo sapiens
ERR14278277	SAMEA117636889	ena-SAMPLE-TAB-28-01-2025-22:30:17:500-24990	TLTX18		OTHER	PAIRED	NextSeq 2000	962	48100	Homo sapiens
ERR14278286	SAMEA117636889	ena-SAMPLE-TAB-28-01-2025-22:30:17:500-24990	TLTX18		OTHER	PAIRED	NextSeq 2000	888	44400	Homo sapiens
ERR14278289	SAMEA117636889	ena-SAMPLE-TAB-28-01-2025-22:30:17:500-24990	TLTX18		OTHER	PAIRED	NextSeq 2000	1102	55100	Homo sapiens
ERR14278292	SAMEA117636889	ena-SAMPLE-TAB-28-01-2025-22:30:17:500-24990	TLTX18		OTHER	PAIRED	NextSeq 2000	1066	53300	Homo sapiens
ERR14278294	SAMEA117636889	ena-SAMPLE-TAB-28-01-2025-22:30:17:500-24990	TLTX18		OTHER	PAIRED	NextSeq 2000	726	36300	Homo sapiens
ERR14278304	SAMEA117636889	ena-SAMPLE-TAB-28-01-2025-22:30:17:500-24990	TLTX18		OTHER	PAIRED	NextSeq 2000	482	24100	Homo sapiens
ERR14278305	SAMEA117636889	ena-SAMPLE-TAB-28-01-2025-22:30:17:500-24990	TLTX18		OTHER	PAIRED	NextSeq 2000	962	48100	Homo sapiens
ERR14278314	SAMEA117636889	ena-SAMPLE-TAB-28-01-2025-22:30:17:500-24990	TLTX18		OTHER	PAIRED	NextSeq 2000	910	45500	Homo sapiens
ERR14278318	SAMEA117636889	ena-SAMPLE-TAB-28-01-2025-22:30:17:500-24990	TLTX18		OTHER	PAIRED	NextSeq 2000	1491396	74569800	Homo sapiens
ERR14278328	SAMEA117636889	ena-SAMPLE-TAB-28-01-2025-22:30:17:500-24990	TLTX18		OTHER	PAIRED	NextSeq 2000	996	49800	Homo sapiens
ERR14278332	SAMEA117636889	ena-SAMPLE-TAB-28-01-2025-22:30:17:500-24990	TLTX18		OTHER	PAIRED	NextSeq 2000	1260	63000	Homo sapiens
ERR14278333	SAMEA117636889	ena-SAMPLE-TAB-28-01-2025-22:30:17:500-24990	TLTX18		OTHER	PAIRED	NextSeq 2000	1578	78900	Homo sapiens
ERR14278344	SAMEA117636889	ena-SAMPLE-TAB-28-01-2025-22:30:17:500-24990	TLTX18		OTHER	PAIRED	NextSeq 2000	912	45600	Homo sapiens
ERR14278347	SAMEA117636889	ena-SAMPLE-TAB-28-01-2025-22:30:17:500-24990	TLTX18		OTHER	PAIRED	NextSeq 2000	1832	91600	Homo sapiens
ERR14278348	SAMEA117636889	ena-SAMPLE-TAB-28-01-2025-22:30:17:500-24990	TLTX18		OTHER	PAIRED	NextSeq 2000	1232	61600	Homo sapiens
ERR14278361	SAMEA117636889	ena-SAMPLE-TAB-28-01-2025-22:30:17:500-24990	TLTX18		OTHER	PAIRED	NextSeq 2000	1380	69000	Homo sapiens
ERR14278365	SAMEA117636889	ena-SAMPLE-TAB-28-01-2025-22:30:17:500-24990	TLTX18		OTHER	PAIRED	NextSeq 2000	1272	63600	Homo sapiens
ERR14278370	SAMEA117636889	ena-SAMPLE-TAB-28-01-2025-22:30:17:500-24990	TLTX18		OTHER	PAIRED	NextSeq 2000	246	12300	Homo sapiens
ERR14278376	SAMEA117636889	ena-SAMPLE-TAB-28-01-2025-22:30:17:500-24990	TLTX18		OTHER	PAIRED	NextSeq 2000	562	28100	Homo sapiens
ERR14278379	SAMEA117636889	ena-SAMPLE-TAB-28-01-2025-22:30:17:500-24990	TLTX18		OTHER	PAIRED	NextSeq 2000	1236	61800	Homo sapiens
ERR14278392	SAMEA117636889	ena-SAMPLE-TAB-28-01-2025-22:30:17:500-24990	TLTX18		OTHER	PAIRED	NextSeq 2000	1514144	75707200	Homo sapiens
ERR14278393	SAMEA117636889	ena-SAMPLE-TAB-28-01-2025-22:30:17:500-24990	TLTX18		OTHER	PAIRED	NextSeq 2000	1682	84100	Homo sapiens
ERR14278396	SAMEA117636889	ena-SAMPLE-TAB-28-01-2025-22:30:17:500-24990	TLTX18		OTHER	PAIRED	NextSeq 2000	1364	68200	Homo sapiens
ERR14278400	SAMEA117636889	ena-SAMPLE-TAB-28-01-2025-22:30:17:500-24990	TLTX18		OTHER	PAIRED	NextSeq 2000	654	32700	Homo sapiens
ERR14278407	SAMEA117636889	ena-SAMPLE-TAB-28-01-2025-22:30:17:500-24990	TLTX18		OTHER	PAIRED	NextSeq 2000	764	38200	Homo sapiens
ERR14278411	SAMEA117636889	ena-SAMPLE-TAB-28-01-2025-22:30:17:500-24990	TLTX18		OTHER	PAIRED	NextSeq 2000	1710	85500	Homo sapiens
ERR14278420	SAMEA117636889	ena-SAMPLE-TAB-28-01-2025-22:30:17:500-24990	TLTX18		OTHER	PAIRED	NextSeq 2000	1438428	71921400	Homo sapiens
ERR14278423	SAMEA117636889	ena-SAMPLE-TAB-28-01-2025-22:30:17:500-24990	TLTX18		OTHER	PAIRED	NextSeq 2000	968	48400	Homo sapiens
ERR14278432	SAMEA117636889	ena-SAMPLE-TAB-28-01-2025-22:30:17:500-24990	TLTX18		OTHER	PAIRED	NextSeq 2000	52	2600	Homo sapiens
ERR14278433	SAMEA117636889	ena-SAMPLE-TAB-28-01-2025-22:30:17:500-24990	TLTX18		OTHER	PAIRED	NextSeq 2000	54	2700	Homo sapiens
ERR14278445	SAMEA117636889	ena-SAMPLE-TAB-28-01-2025-22:30:17:500-24990	TLTX18		OTHER	PAIRED	NextSeq 2000	1220	61000	Homo sapiens
ERR14278452	SAMEA117636889	ena-SAMPLE-TAB-28-01-2025-22:30:17:500-24990	TLTX18		OTHER	PAIRED	NextSeq 2000	564	28200	Homo sapiens
ERR14278454	SAMEA117636889	ena-SAMPLE-TAB-28-01-2025-22:30:17:500-24990	TLTX18		OTHER	PAIRED	NextSeq 2000	648	32400	Homo sapiens
ERR14278461	SAMEA117636889	ena-SAMPLE-TAB-28-01-2025-22:30:17:500-24990	TLTX18		OTHER	PAIRED	NextSeq 2000	1090	54500	Homo sapiens
ERR14278472	SAMEA117636889	ena-SAMPLE-TAB-28-01-2025-22:30:17:500-24990	TLTX18		OTHER	PAIRED	NextSeq 2000	694	34700	Homo sapiens
ERR14278477	SAMEA117636889	ena-SAMPLE-TAB-28-01-2025-22:30:17:500-24990	TLTX18		OTHER	PAIRED	NextSeq 2000	1330	66500	Homo sapiens
ERR14278478	SAMEA117636889	ena-SAMPLE-TAB-28-01-2025-22:30:17:500-24990	TLTX18		OTHER	PAIRED	NextSeq 2000	1321260	66063000	Homo sapiens
ERR14278482	SAMEA117636889	ena-SAMPLE-TAB-28-01-2025-22:30:17:500-24990	TLTX18		OTHER	PAIRED	NextSeq 2000	666	33300	Homo sapiens
ERR14278483	SAMEA117636889	ena-SAMPLE-TAB-28-01-2025-22:30:17:500-24990	TLTX18		OTHER	PAIRED	NextSeq 2000	792	39600	Homo sapiens
ERR14278485	SAMEA117636889	ena-SAMPLE-TAB-28-01-2025-22:30:17:500-24990	TLTX18		OTHER	PAIRED	NextSeq 2000	992	49600	Homo sapiens
ERR14278488	SAMEA117636889	ena-SAMPLE-TAB-28-01-2025-22:30:17:500-24990	TLTX18		OTHER	PAIRED	NextSeq 2000	746	37300	Homo sapiens
ERR14278490	SAMEA117636889	ena-SAMPLE-TAB-28-01-2025-22:30:17:500-24990	TLTX18		OTHER	PAIRED	NextSeq 2000	404	20200	Homo sapiens
ERR14278502	SAMEA117636889	ena-SAMPLE-TAB-28-01-2025-22:30:17:500-24990	TLTX18		OTHER	PAIRED	NextSeq 2000	274	13700	Homo sapiens
ERR14278511	SAMEA117636889	ena-SAMPLE-TAB-28-01-2025-22:30:17:500-24990	TLTX18		OTHER	PAIRED	NextSeq 2000	638	31900	Homo sapiens
ERR14278512	SAMEA117636889	ena-SAMPLE-TAB-28-01-2025-22:30:17:500-24990	TLTX18		OTHER	PAIRED	NextSeq 2000	873274	43663700	Homo sapiens
ERR14278520	SAMEA117636889	ena-SAMPLE-TAB-28-01-2025-22:30:17:500-24990	TLTX18		OTHER	PAIRED	NextSeq 2000	366	18300	Homo sapiens
ERR14278523	SAMEA117636889	ena-SAMPLE-TAB-28-01-2025-22:30:17:500-24990	TLTX18		OTHER	PAIRED	NextSeq 2000	1382834	69141700	Homo sapiens
ERR14278526	SAMEA117636889	ena-SAMPLE-TAB-28-01-2025-22:30:17:500-24990	TLTX18		OTHER	PAIRED	NextSeq 2000	598	29900	Homo sapiens
ERR14278528	SAMEA117636889	ena-SAMPLE-TAB-28-01-2025-22:30:17:500-24990	TLTX18		OTHER	PAIRED	NextSeq 2000	851296	42564800	Homo sapiens
ERR14278542	SAMEA117636889	ena-SAMPLE-TAB-28-01-2025-22:30:17:500-24990	TLTX18		OTHER	PAIRED	NextSeq 2000	1114	55700	Homo sapiens
ERR14278550	SAMEA117636889	ena-SAMPLE-TAB-28-01-2025-22:30:17:500-24990	TLTX18		OTHER	PAIRED	NextSeq 2000	1552	77600	Homo sapiens
ERR14278551	SAMEA117636889	ena-SAMPLE-TAB-28-01-2025-22:30:17:500-24990	TLTX18		OTHER	PAIRED	NextSeq 2000	860	43000	Homo sapiens
ERR14278553	SAMEA117636889	ena-SAMPLE-TAB-28-01-2025-22:30:17:500-24990	TLTX18		OTHER	PAIRED	NextSeq 2000	1176	58800	Homo sapiens
ERR14278560	SAMEA117636889	ena-SAMPLE-TAB-28-01-2025-22:30:17:500-24990	TLTX18		OTHER	PAIRED	NextSeq 2000	610	30500	Homo sapiens
ERR14278567	SAMEA117636889	ena-SAMPLE-TAB-28-01-2025-22:30:17:500-24990	TLTX18		OTHER	PAIRED	NextSeq 2000	1128	56400	Homo sapiens
ERR14278569	SAMEA117636889	ena-SAMPLE-TAB-28-01-2025-22:30:17:500-24990	TLTX18		OTHER	PAIRED	NextSeq 2000	684	34200	Homo sapiens
ERR14278570	SAMEA117636889	ena-SAMPLE-TAB-28-01-2025-22:30:17:500-24990	TLTX18		OTHER	PAIRED	NextSeq 2000	1791850	89592500	Homo sapiens
ERR14278577	SAMEA117636889	ena-SAMPLE-TAB-28-01-2025-22:30:17:500-24990	TLTX18		OTHER	PAIRED	NextSeq 2000	1450	72500	Homo sapiens
ERR14278579	SAMEA117636889	ena-SAMPLE-TAB-28-01-2025-22:30:17:500-24990	TLTX18		OTHER	PAIRED	NextSeq 2000	1393730	69686500	Homo sapiens
ERR14278582	SAMEA117636889	ena-SAMPLE-TAB-28-01-2025-22:30:17:500-24990	TLTX18		OTHER	PAIRED	NextSeq 2000	1112	55600	Homo sapiens
ERR14278586	SAMEA117636889	ena-SAMPLE-TAB-28-01-2025-22:30:17:500-24990	TLTX18		OTHER	PAIRED	NextSeq 2000	528968	26448400	Homo sapiens
ERR14278587	SAMEA117636889	ena-SAMPLE-TAB-28-01-2025-22:30:17:500-24990	TLTX18		OTHER	PAIRED	NextSeq 2000	1768	88400	Homo sapiens
ERR14278594	SAMEA117636889	ena-SAMPLE-TAB-28-01-2025-22:30:17:500-24990	TLTX18		OTHER	PAIRED	NextSeq 2000	1751324	87566200	Homo sapiens
ERR14278600	SAMEA117636889	ena-SAMPLE-TAB-28-01-2025-22:30:17:500-24990	TLTX18		OTHER	PAIRED	NextSeq 2000	2564	128200	Homo sapiens
ERR14278604	SAMEA117636889	ena-SAMPLE-TAB-28-01-2025-22:30:17:500-24990	TLTX18		OTHER	PAIRED	NextSeq 2000	1440	72000	Homo sapiens
ERR14278606	SAMEA117636889	ena-SAMPLE-TAB-28-01-2025-22:30:17:500-24990	TLTX18		OTHER	PAIRED	NextSeq 2000	1192	59600	Homo sapiens
ERR14278611	SAMEA117636889	ena-SAMPLE-TAB-28-01-2025-22:30:17:500-24990	TLTX18		OTHER	PAIRED	NextSeq 2000	984	49200	Homo sapiens
ERR14278613	SAMEA117636889	ena-SAMPLE-TAB-28-01-2025-22:30:17:500-24990	TLTX18		OTHER	PAIRED	NextSeq 2000	1230	61500	Homo sapiens
ERR14278626	SAMEA117636889	ena-SAMPLE-TAB-28-01-2025-22:30:17:500-24990	TLTX18		OTHER	PAIRED	NextSeq 2000	2604	130200	Homo sapiens
ERR14278631	SAMEA117636889	ena-SAMPLE-TAB-28-01-2025-22:30:17:500-24990	TLTX18		OTHER	PAIRED	NextSeq 2000	4144	207200	Homo sapiens
ERR14278636	SAMEA117636889	ena-SAMPLE-TAB-28-01-2025-22:30:17:500-24990	TLTX18		OTHER	PAIRED	NextSeq 2000	1810754	90537700	Homo sapiens
ERR14278651	SAMEA117636889	ena-SAMPLE-TAB-28-01-2025-22:30:17:500-24990	TLTX18		OTHER	PAIRED	NextSeq 2000	1309612	65480600	Homo sapiens
ERR14278655	SAMEA117636889	ena-SAMPLE-TAB-28-01-2025-22:30:17:500-24990	TLTX18		OTHER	PAIRED	NextSeq 2000	3302	165100	Homo sapiens
ERR14278659	SAMEA117636889	ena-SAMPLE-TAB-28-01-2025-22:30:17:500-24990	TLTX18		OTHER	PAIRED	NextSeq 2000	5034	251700	Homo sapiens
ERR14278663	SAMEA117636889	ena-SAMPLE-TAB-28-01-2025-22:30:17:500-24990	TLTX18		OTHER	PAIRED	NextSeq 2000	1790118	89505900	Homo sapiens
ERR14278679	SAMEA117636889	ena-SAMPLE-TAB-28-01-2025-22:30:17:500-24990	TLTX18		OTHER	PAIRED	NextSeq 2000	3382900	169145000	Homo sapiens
ERR14278682	SAMEA117636889	ena-SAMPLE-TAB-28-01-2025-22:30:17:500-24990	TLTX18		OTHER	PAIRED	NextSeq 2000	2324	116200	Homo sapiens
ERR14278689	SAMEA117636889	ena-SAMPLE-TAB-28-01-2025-22:30:17:500-24990	TLTX18		OTHER	PAIRED	NextSeq 2000	2194	109700	Homo sapiens
ERR14278699	SAMEA117636889	ena-SAMPLE-TAB-28-01-2025-22:30:17:500-24990	TLTX18		OTHER	PAIRED	NextSeq 2000	4204	210200	Homo sapiens
ERR14278708	SAMEA117636889	ena-SAMPLE-TAB-28-01-2025-22:30:17:500-24990	TLTX18		OTHER	PAIRED	NextSeq 2000	1244	62200	Homo sapiens
ERR14278712	SAMEA117636889	ena-SAMPLE-TAB-28-01-2025-22:30:17:500-24990	TLTX18		OTHER	PAIRED	NextSeq 2000	1490	74500	Homo sapiens
ERR14278713	SAMEA117636889	ena-SAMPLE-TAB-28-01-2025-22:30:17:500-24990	TLTX18		OTHER	PAIRED	NextSeq 2000	940	47000	Homo sapiens
ERR14278717	SAMEA117636889	ena-SAMPLE-TAB-28-01-2025-22:30:17:500-24990	TLTX18		OTHER	PAIRED	NextSeq 2000	1456	72800	Homo sapiens
ERR14278722	SAMEA117636889	ena-SAMPLE-TAB-28-01-2025-22:30:17:500-24990	TLTX18		OTHER	PAIRED	NextSeq 2000	1728	86400	Homo sapiens
ERR14278726	SAMEA117636889	ena-SAMPLE-TAB-28-01-2025-22:30:17:500-24990	TLTX18		OTHER	PAIRED	NextSeq 2000	1062	53100	Homo sapiens
ERR14278727	SAMEA117636889	ena-SAMPLE-TAB-28-01-2025-22:30:17:500-24990	TLTX18		OTHER	PAIRED	NextSeq 2000	1376	68800	Homo sapiens
ERR14278734	SAMEA117636889	ena-SAMPLE-TAB-28-01-2025-22:30:17:500-24990	TLTX18		OTHER	PAIRED	NextSeq 2000	1410	70500	Homo sapiens
ERR14278737	SAMEA117636889	ena-SAMPLE-TAB-28-01-2025-22:30:17:500-24990	TLTX18		OTHER	PAIRED	NextSeq 2000	1304	65200	Homo sapiens
ERR14278738	SAMEA117636889	ena-SAMPLE-TAB-28-01-2025-22:30:17:500-24990	TLTX18		OTHER	PAIRED	NextSeq 2000	1330	66500	Homo sapiens
ERR14278739	SAMEA117636889	ena-SAMPLE-TAB-28-01-2025-22:30:17:500-24990	TLTX18		OTHER	PAIRED	NextSeq 2000	1220	61000	Homo sapiens
ERR14278754	SAMEA117636889	ena-SAMPLE-TAB-28-01-2025-22:30:17:500-24990	TLTX18		OTHER	PAIRED	NextSeq 2000	1068	53400	Homo sapiens
ERR14278756	SAMEA117636889	ena-SAMPLE-TAB-28-01-2025-22:30:17:500-24990	TLTX18		OTHER	PAIRED	NextSeq 2000	1790	89500	Homo sapiens
ERR14278759	SAMEA117636889	ena-SAMPLE-TAB-28-01-2025-22:30:17:500-24990	TLTX18		OTHER	PAIRED	NextSeq 2000	1389576	69478800	Homo sapiens
ERR14278780	SAMEA117636889	ena-SAMPLE-TAB-28-01-2025-22:30:17:500-24990	TLTX18		OTHER	PAIRED	NextSeq 2000	1617830	80891500	Homo sapiens
ERR14278793	SAMEA117636889	ena-SAMPLE-TAB-28-01-2025-22:30:17:500-24990	TLTX18		OTHER	PAIRED	NextSeq 2000	1944	97200	Homo sapiens
ERR14278797	SAMEA117636889	ena-SAMPLE-TAB-28-01-2025-22:30:17:500-24990	TLTX18		OTHER	PAIRED	NextSeq 2000	1342360	67118000	Homo sapiens
ERR14278816	SAMEA117636889	ena-SAMPLE-TAB-28-01-2025-22:30:17:500-24990	TLTX18		OTHER	PAIRED	NextSeq 2000	3116	155800	Homo sapiens
ERR14278817	SAMEA117636889	ena-SAMPLE-TAB-28-01-2025-22:30:17:500-24990	TLTX18		OTHER	PAIRED	NextSeq 2000	1616	80800	Homo sapiens
ERR14278819	SAMEA117636889	ena-SAMPLE-TAB-28-01-2025-22:30:17:500-24990	TLTX18		OTHER	PAIRED	NextSeq 2000	2056	102800	Homo sapiens
ERR14278821	SAMEA117636889	ena-SAMPLE-TAB-28-01-2025-22:30:17:500-24990	TLTX18		OTHER	PAIRED	NextSeq 2000	2442	122100	Homo sapiens
ERR14278834	SAMEA117636889	ena-SAMPLE-TAB-28-01-2025-22:30:17:500-24990	TLTX18		OTHER	PAIRED	NextSeq 2000	2336	116800	Homo sapiens
ERR14278835	SAMEA117636889	ena-SAMPLE-TAB-28-01-2025-22:30:17:500-24990	TLTX18		OTHER	PAIRED	NextSeq 2000	1812	90600	Homo sapiens
ERR14278837	SAMEA117636889	ena-SAMPLE-TAB-28-01-2025-22:30:17:500-24990	TLTX18		OTHER	PAIRED	NextSeq 2000	2308	115400	Homo sapiens
ERR14278839	SAMEA117636889	ena-SAMPLE-TAB-28-01-2025-22:30:17:500-24990	TLTX18		OTHER	PAIRED	NextSeq 2000	1585300	79265000	Homo sapiens
ERR14278842	SAMEA117636889	ena-SAMPLE-TAB-28-01-2025-22:30:17:500-24990	TLTX18		OTHER	PAIRED	NextSeq 2000	1448694	72434700	Homo sapiens
ERR14295820	SAMEA117636887	ena-SAMPLE-TAB-28-01-2025-22:30:17:500-24988	TLTX25		OTHER	PAIRED	NextSeq 2000	904218	45210900	Homo sapiens
ERR14295854	SAMEA117636887	ena-SAMPLE-TAB-28-01-2025-22:30:17:500-24988	TLTX25		OTHER	PAIRED	NextSeq 2000	1272829	63641450	Homo sapiens
ERR14295863	SAMEA117636887	ena-SAMPLE-TAB-28-01-2025-22:30:17:500-24988	TLTX25		OTHER	PAIRED	NextSeq 2000	713154	35657700	Homo sapiens
ERR14295891	SAMEA117636887	ena-SAMPLE-TAB-28-01-2025-22:30:17:500-24988	TLTX25		OTHER	PAIRED	NextSeq 2000	1604853	80242650	Homo sapiens
ERR14295915	SAMEA117636887	ena-SAMPLE-TAB-28-01-2025-22:30:17:500-24988	TLTX25		OTHER	PAIRED	NextSeq 2000	1254466	62723300	Homo sapiens
ERR14295976	SAMEA117636887	ena-SAMPLE-TAB-28-01-2025-22:30:17:500-24988	TLTX25		OTHER	PAIRED	NextSeq 2000	1326443	66322150	Homo sapiens
ERR14296019	SAMEA117636887	ena-SAMPLE-TAB-28-01-2025-22:30:17:500-24988	TLTX25		OTHER	PAIRED	NextSeq 2000	1229093	61454650	Homo sapiens
ERR14296030	SAMEA117636887	ena-SAMPLE-TAB-28-01-2025-22:30:17:500-24988	TLTX25		OTHER	PAIRED	NextSeq 2000	969095	48454750	Homo sapiens
ERR14296033	SAMEA117636887	ena-SAMPLE-TAB-28-01-2025-22:30:17:500-24988	TLTX25		OTHER	PAIRED	NextSeq 2000	1489208	74460400	Homo sapiens
ERR14296076	SAMEA117636887	ena-SAMPLE-TAB-28-01-2025-22:30:17:500-24988	TLTX25		OTHER	PAIRED	NextSeq 2000	1131282	56564100	Homo sapiens
ERR14296091	SAMEA117636887	ena-SAMPLE-TAB-28-01-2025-22:30:17:500-24988	TLTX25		OTHER	PAIRED	NextSeq 2000	853700	42685000	Homo sapiens
ERR14296110	SAMEA117636887	ena-SAMPLE-TAB-28-01-2025-22:30:17:500-24988	TLTX25		OTHER	PAIRED	NextSeq 2000	1043243	52162150	Homo sapiens
ERR14296152	SAMEA117636887	ena-SAMPLE-TAB-28-01-2025-22:30:17:500-24988	TLTX25		OTHER	PAIRED	NextSeq 2000	956910	47845500	Homo sapiens
ERR14296154	SAMEA117636887	ena-SAMPLE-TAB-28-01-2025-22:30:17:500-24988	TLTX25		OTHER	PAIRED	NextSeq 2000	710717	35535850	Homo sapiens
ERR14296209	SAMEA117636887	ena-SAMPLE-TAB-28-01-2025-22:30:17:500-24988	TLTX25		OTHER	PAIRED	NextSeq 2000	1308085	65404250	Homo sapiens
ERR14296213	SAMEA117636887	ena-SAMPLE-TAB-28-01-2025-22:30:17:500-24988	TLTX25		OTHER	PAIRED	NextSeq 2000	1657586	82879300	Homo sapiens
ERR14296274	SAMEA117636887	ena-SAMPLE-TAB-28-01-2025-22:30:17:500-24988	TLTX25		OTHER	PAIRED	NextSeq 2000	1375804	68790200	Homo sapiens
ERR14296276	SAMEA117636887	ena-SAMPLE-TAB-28-01-2025-22:30:17:500-24988	TLTX25		OTHER	PAIRED	NextSeq 2000	1211532	60576600	Homo sapiens
ERR14296314	SAMEA117636887	ena-SAMPLE-TAB-28-01-2025-22:30:17:500-24988	TLTX25		OTHER	PAIRED	NextSeq 2000	898781	44939050	Homo sapiens
ERR14296324	SAMEA117636887	ena-SAMPLE-TAB-28-01-2025-22:30:17:500-24988	TLTX25		OTHER	PAIRED	NextSeq 2000	1193569	59678450	Homo sapiens
ERR14296327	SAMEA117636887	ena-SAMPLE-TAB-28-01-2025-22:30:17:500-24988	TLTX25		OTHER	PAIRED	NextSeq 2000	1930109	96505450	Homo sapiens
ERR14296335	SAMEA117636887	ena-SAMPLE-TAB-28-01-2025-22:30:17:500-24988	TLTX25		OTHER	PAIRED	NextSeq 2000	1288928	64446400	Homo sapiens
ERR14296337	SAMEA117636887	ena-SAMPLE-TAB-28-01-2025-22:30:17:500-24988	TLTX25		OTHER	PAIRED	NextSeq 2000	1216265	60813250	Homo sapiens
ERR14296356	SAMEA117636887	ena-SAMPLE-TAB-28-01-2025-22:30:17:500-24988	TLTX25		OTHER	PAIRED	NextSeq 2000	1339757	66987850	Homo sapiens
ERR14296363	SAMEA117636887	ena-SAMPLE-TAB-28-01-2025-22:30:17:500-24988	TLTX25		OTHER	PAIRED	NextSeq 2000	1062424	53121200	Homo sapiens
ERR14296429	SAMEA117636887	ena-SAMPLE-TAB-28-01-2025-22:30:17:500-24988	TLTX25		OTHER	PAIRED	NextSeq 2000	1269293	63464650	Homo sapiens
ERR14296432	SAMEA117636887	ena-SAMPLE-TAB-28-01-2025-22:30:17:500-24988	TLTX25		OTHER	PAIRED	NextSeq 2000	1508495	75424750	Homo sapiens
ERR14296439	SAMEA117636887	ena-SAMPLE-TAB-28-01-2025-22:30:17:500-24988	TLTX25		OTHER	PAIRED	NextSeq 2000	1360594	68029700	Homo sapiens
ERR14296453	SAMEA117636887	ena-SAMPLE-TAB-28-01-2025-22:30:17:500-24988	TLTX25		OTHER	PAIRED	NextSeq 2000	1437759	71887950	Homo sapiens
ERR14296481	SAMEA117636887	ena-SAMPLE-TAB-28-01-2025-22:30:17:500-24988	TLTX25		OTHER	PAIRED	NextSeq 2000	384865	19243250	Homo sapiens
ERR14296487	SAMEA117636887	ena-SAMPLE-TAB-28-01-2025-22:30:17:500-24988	TLTX25		OTHER	PAIRED	NextSeq 2000	1363708	68185400	Homo sapiens
ERR14296490	SAMEA117636887	ena-SAMPLE-TAB-28-01-2025-22:30:17:500-24988	TLTX25		OTHER	PAIRED	NextSeq 2000	1103086	55154300	Homo sapiens
ERR14296513	SAMEA117636887	ena-SAMPLE-TAB-28-01-2025-22:30:17:500-24988	TLTX25		OTHER	PAIRED	NextSeq 2000	587062	29353100	Homo sapiens
ERR14296522	SAMEA117636887	ena-SAMPLE-TAB-28-01-2025-22:30:17:500-24988	TLTX25		OTHER	PAIRED	NextSeq 2000	1347539	67376950	Homo sapiens
ERR14296528	SAMEA117636887	ena-SAMPLE-TAB-28-01-2025-22:30:17:500-24988	TLTX25		OTHER	PAIRED	NextSeq 2000	1022501	51125050	Homo sapiens
ERR14296627	SAMEA117636887	ena-SAMPLE-TAB-28-01-2025-22:30:17:500-24988	TLTX25		OTHER	PAIRED	NextSeq 2000	560298	28014900	Homo sapiens
ERR14296631	SAMEA117636887	ena-SAMPLE-TAB-28-01-2025-22:30:17:500-24988	TLTX25		OTHER	PAIRED	NextSeq 2000	1496633	74831650	Homo sapiens
ERR14296643	SAMEA117636887	ena-SAMPLE-TAB-28-01-2025-22:30:17:500-24988	TLTX25		OTHER	PAIRED	NextSeq 2000	1323241	66162050	Homo sapiens
ERR14296653	SAMEA117636887	ena-SAMPLE-TAB-28-01-2025-22:30:17:500-24988	TLTX25		OTHER	PAIRED	NextSeq 2000	1414629	70731450	Homo sapiens
ERR14296657	SAMEA117636887	ena-SAMPLE-TAB-28-01-2025-22:30:17:500-24988	TLTX25		OTHER	PAIRED	NextSeq 2000	769063	38453150	Homo sapiens
ERR14296687	SAMEA117636887	ena-SAMPLE-TAB-28-01-2025-22:30:17:500-24988	TLTX25		OTHER	PAIRED	NextSeq 2000	1351809	67590450	Homo sapiens
ERR14296693	SAMEA117636887	ena-SAMPLE-TAB-28-01-2025-22:30:17:500-24988	TLTX25		OTHER	PAIRED	NextSeq 2000	1944228	97211400	Homo sapiens
ERR14296712	SAMEA117636887	ena-SAMPLE-TAB-28-01-2025-22:30:17:500-24988	TLTX25		OTHER	PAIRED	NextSeq 2000	1836656	91832800	Homo sapiens
ERR14296713	SAMEA117636887	ena-SAMPLE-TAB-28-01-2025-22:30:17:500-24988	TLTX25		OTHER	PAIRED	NextSeq 2000	1316344	65817200	Homo sapiens
ERR14296735	SAMEA117636887	ena-SAMPLE-TAB-28-01-2025-22:30:17:500-24988	TLTX25		OTHER	PAIRED	NextSeq 2000	1364448	68222400	Homo sapiens
ERR14296745	SAMEA117636887	ena-SAMPLE-TAB-28-01-2025-22:30:17:500-24988	TLTX25		OTHER	PAIRED	NextSeq 2000	1505757	75287850	Homo sapiens
ERR14296760	SAMEA117636887	ena-SAMPLE-TAB-28-01-2025-22:30:17:500-24988	TLTX25		OTHER	PAIRED	NextSeq 2000	1503797	75189850	Homo sapiens
ERR14296772	SAMEA117636887	ena-SAMPLE-TAB-28-01-2025-22:30:17:500-24988	TLTX25		OTHER	PAIRED	NextSeq 2000	1539328	76966400	Homo sapiens
ERR14296802	SAMEA117636887	ena-SAMPLE-TAB-28-01-2025-22:30:17:500-24988	TLTX25		OTHER	PAIRED	NextSeq 2000	1710781	85539050	Homo sapiens
ERR14296817	SAMEA117636887	ena-SAMPLE-TAB-28-01-2025-22:30:17:500-24988	TLTX25		OTHER	PAIRED	NextSeq 2000	1746311	87315550	Homo sapiens
ERR14296818	SAMEA117636887	ena-SAMPLE-TAB-28-01-2025-22:30:17:500-24988	TLTX25		OTHER	PAIRED	NextSeq 2000	1363183	68159150	Homo sapiens
ERR14296873	SAMEA117636887	ena-SAMPLE-TAB-28-01-2025-22:30:17:500-24988	TLTX25		OTHER	PAIRED	NextSeq 2000	659320	32966000	Homo sapiens
ERR14296875	SAMEA117636887	ena-SAMPLE-TAB-28-01-2025-22:30:17:500-24988	TLTX25		OTHER	PAIRED	NextSeq 2000	170837	8541850	Homo sapiens
ERR14296884	SAMEA117636887	ena-SAMPLE-TAB-28-01-2025-22:30:17:500-24988	TLTX25		OTHER	PAIRED	NextSeq 2000	1342535	67126750	Homo sapiens
ERR14296900	SAMEA117636887	ena-SAMPLE-TAB-28-01-2025-22:30:17:500-24988	TLTX25		OTHER	PAIRED	NextSeq 2000	1400799	70039950	Homo sapiens
ERR14296927	SAMEA117636887	ena-SAMPLE-TAB-28-01-2025-22:30:17:500-24988	TLTX25		OTHER	PAIRED	NextSeq 2000	1903086	95154300	Homo sapiens
ERR14296997	SAMEA117636887	ena-SAMPLE-TAB-28-01-2025-22:30:17:500-24988	TLTX25		OTHER	PAIRED	NextSeq 2000	1836393	91819650	Homo sapiens
ERR14297008	SAMEA117636887	ena-SAMPLE-TAB-28-01-2025-22:30:17:500-24988	TLTX25		OTHER	PAIRED	NextSeq 2000	1967464	98373200	Homo sapiens
ERR14297020	SAMEA117636887	ena-SAMPLE-TAB-28-01-2025-22:30:17:500-24988	TLTX25		OTHER	PAIRED	NextSeq 2000	1163594	58179700	Homo sapiens
ERR14297024	SAMEA117636887	ena-SAMPLE-TAB-28-01-2025-22:30:17:500-24988	TLTX25		OTHER	PAIRED	NextSeq 2000	1716835	85841750	Homo sapiens
ERR14297115	SAMEA117636887	ena-SAMPLE-TAB-28-01-2025-22:30:17:500-24988	TLTX25		OTHER	PAIRED	NextSeq 2000	424892	21244600	Homo sapiens
ERR14297132	SAMEA117636887	ena-SAMPLE-TAB-28-01-2025-22:30:17:500-24988	TLTX25		OTHER	PAIRED	NextSeq 2000	1628083	81404150	Homo sapiens
ERR14297159	SAMEA117636887	ena-SAMPLE-TAB-28-01-2025-22:30:17:500-24988	TLTX25		OTHER	PAIRED	NextSeq 2000	1644375	82218750	Homo sapiens
ERR14297167	SAMEA117636887	ena-SAMPLE-TAB-28-01-2025-22:30:17:500-24988	TLTX25		OTHER	PAIRED	NextSeq 2000	1157782	57889100	Homo sapiens
ERR14297181	SAMEA117636887	ena-SAMPLE-TAB-28-01-2025-22:30:17:500-24988	TLTX25		OTHER	PAIRED	NextSeq 2000	858488	42924400	Homo sapiens
ERR14297198	SAMEA117636887	ena-SAMPLE-TAB-28-01-2025-22:30:17:500-24988	TLTX25		OTHER	PAIRED	NextSeq 2000	1348988	67449400	Homo sapiens
ERR14297309	SAMEA117636887	ena-SAMPLE-TAB-28-01-2025-22:30:17:500-24988	TLTX25		OTHER	PAIRED	NextSeq 2000	1100534	55026700	Homo sapiens
ERR14297333	SAMEA117636887	ena-SAMPLE-TAB-28-01-2025-22:30:17:500-24988	TLTX25		OTHER	PAIRED	NextSeq 2000	1116533	55826650	Homo sapiens
ERR14297377	SAMEA117636887	ena-SAMPLE-TAB-28-01-2025-22:30:17:500-24988	TLTX25		OTHER	PAIRED	NextSeq 2000	275021	13751050	Homo sapiens
ERR14297392	SAMEA117636887	ena-SAMPLE-TAB-28-01-2025-22:30:17:500-24988	TLTX25		OTHER	PAIRED	NextSeq 2000	536918	26845900	Homo sapiens
ERR14297436	SAMEA117636887	ena-SAMPLE-TAB-28-01-2025-22:30:17:500-24988	TLTX25		OTHER	PAIRED	NextSeq 2000	1507753	75387650	Homo sapiens
ERR14297446	SAMEA117636887	ena-SAMPLE-TAB-28-01-2025-22:30:17:500-24988	TLTX25		OTHER	PAIRED	NextSeq 2000	1455388	72769400	Homo sapiens
ERR14297454	SAMEA117636887	ena-SAMPLE-TAB-28-01-2025-22:30:17:500-24988	TLTX25		OTHER	PAIRED	NextSeq 2000	1703517	85175850	Homo sapiens
ERR14297466	SAMEA117636887	ena-SAMPLE-TAB-28-01-2025-22:30:17:500-24988	TLTX25		OTHER	PAIRED	NextSeq 2000	1620355	81017750	Homo sapiens
ERR14297484	SAMEA117636887	ena-SAMPLE-TAB-28-01-2025-22:30:17:500-24988	TLTX25		OTHER	PAIRED	NextSeq 2000	1286518	64325900	Homo sapiens
ERR14297516	SAMEA117636887	ena-SAMPLE-TAB-28-01-2025-22:30:17:500-24988	TLTX25		OTHER	PAIRED	NextSeq 2000	1237540	61877000	Homo sapiens
ERR14297534	SAMEA117636887	ena-SAMPLE-TAB-28-01-2025-22:30:17:500-24988	TLTX25		OTHER	PAIRED	NextSeq 2000	794647	39732350	Homo sapiens
ERR14297577	SAMEA117636887	ena-SAMPLE-TAB-28-01-2025-22:30:17:500-24988	TLTX25		OTHER	PAIRED	NextSeq 2000	516422	25821100	Homo sapiens
ERR14297603	SAMEA117636887	ena-SAMPLE-TAB-28-01-2025-22:30:17:500-24988	TLTX25		OTHER	PAIRED	NextSeq 2000	334423	16721150	Homo sapiens
ERR14297623	SAMEA117636887	ena-SAMPLE-TAB-28-01-2025-22:30:17:500-24988	TLTX25		OTHER	PAIRED	NextSeq 2000	193508	9675400	Homo sapiens
ERR14297642	SAMEA117636887	ena-SAMPLE-TAB-28-01-2025-22:30:17:500-24988	TLTX25		OTHER	PAIRED	NextSeq 2000	1708871	85443550	Homo sapiens
ERR14297654	SAMEA117636887	ena-SAMPLE-TAB-28-01-2025-22:30:17:500-24988	TLTX25		OTHER	PAIRED	NextSeq 2000	1803658	90182900	Homo sapiens
ERR14297680	SAMEA117636887	ena-SAMPLE-TAB-28-01-2025-22:30:17:500-24988	TLTX25		OTHER	PAIRED	NextSeq 2000	697698	34884900	Homo sapiens
ERR14297716	SAMEA117636887	ena-SAMPLE-TAB-28-01-2025-22:30:17:500-24988	TLTX25		OTHER	PAIRED	NextSeq 2000	368113	18405650	Homo sapiens
ERR14297720	SAMEA117636887	ena-SAMPLE-TAB-28-01-2025-22:30:17:500-24988	TLTX25		OTHER	PAIRED	NextSeq 2000	185167	9258350	Homo sapiens
ERR14297818	SAMEA117636887	ena-SAMPLE-TAB-28-01-2025-22:30:17:500-24988	TLTX25		OTHER	PAIRED	NextSeq 2000	776044	38802200	Homo sapiens
ERR14297827	SAMEA117636887	ena-SAMPLE-TAB-28-01-2025-22:30:17:500-24988	TLTX25		OTHER	PAIRED	NextSeq 2000	570369	28518450	Homo sapiens
ERR14297855	SAMEA117636887	ena-SAMPLE-TAB-28-01-2025-22:30:17:500-24988	TLTX25		OTHER	PAIRED	NextSeq 2000	1176294	58814700	Homo sapiens
ERR14297857	SAMEA117636887	ena-SAMPLE-TAB-28-01-2025-22:30:17:500-24988	TLTX25		OTHER	PAIRED	NextSeq 2000	892103	44605150	Homo sapiens
ERR14297880	SAMEA117636887	ena-SAMPLE-TAB-28-01-2025-22:30:17:500-24988	TLTX25		OTHER	PAIRED	NextSeq 2000	849892	42494600	Homo sapiens
ERR14297970	SAMEA117636887	ena-SAMPLE-TAB-28-01-2025-22:30:17:500-24988	TLTX25		OTHER	PAIRED	NextSeq 2000	643864	32193200	Homo sapiens
ERR14297985	SAMEA117636887	ena-SAMPLE-TAB-28-01-2025-22:30:17:500-24988	TLTX25		OTHER	PAIRED	NextSeq 2000	872170	43608500	Homo sapiens
ERR14297993	SAMEA117636887	ena-SAMPLE-TAB-28-01-2025-22:30:17:500-24988	TLTX25		OTHER	PAIRED	NextSeq 2000	272962	13648100	Homo sapiens
ERR14298014	SAMEA117636887	ena-SAMPLE-TAB-28-01-2025-22:30:17:500-24988	TLTX25		OTHER	PAIRED	NextSeq 2000	831888	41594400	Homo sapiens
ERR14298040	SAMEA117636887	ena-SAMPLE-TAB-28-01-2025-22:30:17:500-24988	TLTX25		OTHER	PAIRED	NextSeq 2000	853238	42661900	Homo sapiens
ERR14298065	SAMEA117636887	ena-SAMPLE-TAB-28-01-2025-22:30:17:500-24988	TLTX25		OTHER	PAIRED	NextSeq 2000	274334	13716700	Homo sapiens
ERR14298071	SAMEA117636887	ena-SAMPLE-TAB-28-01-2025-22:30:17:500-24988	TLTX25		OTHER	PAIRED	NextSeq 2000	1106746	55337300	Homo sapiens
ERR14298099	SAMEA117636887	ena-SAMPLE-TAB-28-01-2025-22:30:17:500-24988	TLTX25		OTHER	PAIRED	NextSeq 2000	155110	7755500	Homo sapiens
ERR14298107	SAMEA117636887	ena-SAMPLE-TAB-28-01-2025-22:30:17:500-24988	TLTX25		OTHER	PAIRED	NextSeq 2000	1213920	60696000	Homo sapiens
ERR14298142	SAMEA117636887	ena-SAMPLE-TAB-28-01-2025-22:30:17:500-24988	TLTX25		OTHER	PAIRED	NextSeq 2000	781872	39093600	Homo sapiens
ERR14298154	SAMEA117636887	ena-SAMPLE-TAB-28-01-2025-22:30:17:500-24988	TLTX25		OTHER	PAIRED	NextSeq 2000	384937	19246850	Homo sapiens
ERR14298156	SAMEA117636887	ena-SAMPLE-TAB-28-01-2025-22:30:17:500-24988	TLTX25		OTHER	PAIRED	NextSeq 2000	937449	46872450	Homo sapiens
ERR14298189	SAMEA117636887	ena-SAMPLE-TAB-28-01-2025-22:30:17:500-24988	TLTX25		OTHER	PAIRED	NextSeq 2000	666134	33306700	Homo sapiens
ERR14303825	SAMEA117636887	ena-SAMPLE-TAB-28-01-2025-22:30:17:500-24988	TLTX25		OTHER	PAIRED	NextSeq 2000	850413	42520650	Homo sapiens
ERR14303861	SAMEA117636887	ena-SAMPLE-TAB-28-01-2025-22:30:17:500-24988	TLTX25		OTHER	PAIRED	NextSeq 2000	1131949	56597450	Homo sapiens
ERR14303901	SAMEA117636887	ena-SAMPLE-TAB-28-01-2025-22:30:17:500-24988	TLTX25		OTHER	PAIRED	NextSeq 2000	459050	22952500	Homo sapiens
ERR14303908	SAMEA117636887	ena-SAMPLE-TAB-28-01-2025-22:30:17:500-24988	TLTX25		OTHER	PAIRED	NextSeq 2000	375419	18770950	Homo sapiens
ERR14303911	SAMEA117636887	ena-SAMPLE-TAB-28-01-2025-22:30:17:500-24988	TLTX25		OTHER	PAIRED	NextSeq 2000	451112	22555600	Homo sapiens
ERR14303945	SAMEA117636887	ena-SAMPLE-TAB-28-01-2025-22:30:17:500-24988	TLTX25		OTHER	PAIRED	NextSeq 2000	904019	45200950	Homo sapiens
ERR14303978	SAMEA117636887	ena-SAMPLE-TAB-28-01-2025-22:30:17:500-24988	TLTX25		OTHER	PAIRED	NextSeq 2000	1263190	63159500	Homo sapiens
ERR14303984	SAMEA117636887	ena-SAMPLE-TAB-28-01-2025-22:30:17:500-24988	TLTX25		OTHER	PAIRED	NextSeq 2000	1220566	61028300	Homo sapiens
ERR14304004	SAMEA117636887	ena-SAMPLE-TAB-28-01-2025-22:30:17:500-24988	TLTX25		OTHER	PAIRED	NextSeq 2000	1264612	63230600	Homo sapiens
ERR14304019	SAMEA117636887	ena-SAMPLE-TAB-28-01-2025-22:30:17:500-24988	TLTX25		OTHER	PAIRED	NextSeq 2000	756421	37821050	Homo sapiens
ERR14304032	SAMEA117636887	ena-SAMPLE-TAB-28-01-2025-22:30:17:500-24988	TLTX25		OTHER	PAIRED	NextSeq 2000	1036369	51818450	Homo sapiens
ERR14304040	SAMEA117636887	ena-SAMPLE-TAB-28-01-2025-22:30:17:500-24988	TLTX25		OTHER	PAIRED	NextSeq 2000	464461	23223050	Homo sapiens
ERR14304047	SAMEA117636887	ena-SAMPLE-TAB-28-01-2025-22:30:17:500-24988	TLTX25		OTHER	PAIRED	NextSeq 2000	703492	35174600	Homo sapiens
ERR14304055	SAMEA117636887	ena-SAMPLE-TAB-28-01-2025-22:30:17:500-24988	TLTX25		OTHER	PAIRED	NextSeq 2000	1172707	58635350	Homo sapiens
ERR14304064	SAMEA117636887	ena-SAMPLE-TAB-28-01-2025-22:30:17:500-24988	TLTX25		OTHER	PAIRED	NextSeq 2000	1392528	69626400	Homo sapiens
ERR14304066	SAMEA117636887	ena-SAMPLE-TAB-28-01-2025-22:30:17:500-24988	TLTX25		OTHER	PAIRED	NextSeq 2000	714786	35739300	Homo sapiens
ERR14304170	SAMEA117636887	ena-SAMPLE-TAB-28-01-2025-22:30:17:500-24988	TLTX25		OTHER	PAIRED	NextSeq 2000	766630	38331500	Homo sapiens
ERR14304236	SAMEA117636887	ena-SAMPLE-TAB-28-01-2025-22:30:17:500-24988	TLTX25		OTHER	PAIRED	NextSeq 2000	814885	40744250	Homo sapiens
ERR14304241	SAMEA117636887	ena-SAMPLE-TAB-28-01-2025-22:30:17:500-24988	TLTX25		OTHER	PAIRED	NextSeq 2000	199044	9952200	Homo sapiens
ERR14304248	SAMEA117636887	ena-SAMPLE-TAB-28-01-2025-22:30:17:500-24988	TLTX25		OTHER	PAIRED	NextSeq 2000	1405295	70264750	Homo sapiens
ERR14304255	SAMEA117636887	ena-SAMPLE-TAB-28-01-2025-22:30:17:500-24988	TLTX25		OTHER	PAIRED	NextSeq 2000	676242	33812100	Homo sapiens
ERR14304256	SAMEA117636887	ena-SAMPLE-TAB-28-01-2025-22:30:17:500-24988	TLTX25		OTHER	PAIRED	NextSeq 2000	383528	19176400	Homo sapiens
ERR14304273	SAMEA117636887	ena-SAMPLE-TAB-28-01-2025-22:30:17:500-24988	TLTX25		OTHER	PAIRED	NextSeq 2000	444935	22246750	Homo sapiens
ERR14304276	SAMEA117636887	ena-SAMPLE-TAB-28-01-2025-22:30:17:500-24988	TLTX25		OTHER	PAIRED	NextSeq 2000	1317626	65881300	Homo sapiens
ERR14304299	SAMEA117636887	ena-SAMPLE-TAB-28-01-2025-22:30:17:500-24988	TLTX25		OTHER	PAIRED	NextSeq 2000	724984	36249200	Homo sapiens
ERR14304354	SAMEA117636887	ena-SAMPLE-TAB-28-01-2025-22:30:17:500-24988	TLTX25		OTHER	PAIRED	NextSeq 2000	620964	31048200	Homo sapiens
ERR14304356	SAMEA117636887	ena-SAMPLE-TAB-28-01-2025-22:30:17:500-24988	TLTX25		OTHER	PAIRED	NextSeq 2000	870731	43536550	Homo sapiens
ERR14304375	SAMEA117636887	ena-SAMPLE-TAB-28-01-2025-22:30:17:500-24988	TLTX25		OTHER	PAIRED	NextSeq 2000	894550	44727500	Homo sapiens
ERR14304406	SAMEA117636887	ena-SAMPLE-TAB-28-01-2025-22:30:17:500-24988	TLTX25		OTHER	PAIRED	NextSeq 2000	1279378	63968900	Homo sapiens
ERR14304439	SAMEA117636887	ena-SAMPLE-TAB-28-01-2025-22:30:17:500-24988	TLTX25		OTHER	PAIRED	NextSeq 2000	988275	49413750	Homo sapiens
ERR14304443	SAMEA117636887	ena-SAMPLE-TAB-28-01-2025-22:30:17:500-24988	TLTX25		OTHER	PAIRED	NextSeq 2000	749060	37453000	Homo sapiens
ERR14304477	SAMEA117636887	ena-SAMPLE-TAB-28-01-2025-22:30:17:500-24988	TLTX25		OTHER	PAIRED	NextSeq 2000	751739	37586950	Homo sapiens
ERR14304478	SAMEA117636887	ena-SAMPLE-TAB-28-01-2025-22:30:17:500-24988	TLTX25		OTHER	PAIRED	NextSeq 2000	890527	44526350	Homo sapiens
ERR14304531	SAMEA117636887	ena-SAMPLE-TAB-28-01-2025-22:30:17:500-24988	TLTX25		OTHER	PAIRED	NextSeq 2000	837236	41861800	Homo sapiens
ERR14304577	SAMEA117636887	ena-SAMPLE-TAB-28-01-2025-22:30:17:500-24988	TLTX25		OTHER	PAIRED	NextSeq 2000	1337794	66889700	Homo sapiens
ERR14304580	SAMEA117636887	ena-SAMPLE-TAB-28-01-2025-22:30:17:500-24988	TLTX25		OTHER	PAIRED	NextSeq 2000	969526	48476300	Homo sapiens
ERR14304592	SAMEA117636887	ena-SAMPLE-TAB-28-01-2025-22:30:17:500-24988	TLTX25		OTHER	PAIRED	NextSeq 2000	492273	24613650	Homo sapiens
ERR14304593	SAMEA117636887	ena-SAMPLE-TAB-28-01-2025-22:30:17:500-24988	TLTX25		OTHER	PAIRED	NextSeq 2000	591774	29588700	Homo sapiens
ERR14304616	SAMEA117636887	ena-SAMPLE-TAB-28-01-2025-22:30:17:500-24988	TLTX25		OTHER	PAIRED	NextSeq 2000	251442	12572100	Homo sapiens
ERR14304681	SAMEA117636887	ena-SAMPLE-TAB-28-01-2025-22:30:17:500-24988	TLTX25		OTHER	PAIRED	NextSeq 2000	995462	49773100	Homo sapiens
ERR14304709	SAMEA117636887	ena-SAMPLE-TAB-28-01-2025-22:30:17:500-24988	TLTX25		OTHER	PAIRED	NextSeq 2000	889952	44497600	Homo sapiens
ERR14304753	SAMEA117636887	ena-SAMPLE-TAB-28-01-2025-22:30:17:500-24988	TLTX25		OTHER	PAIRED	NextSeq 2000	1253860	62693000	Homo sapiens
ERR14304801	SAMEA117636887	ena-SAMPLE-TAB-28-01-2025-22:30:17:500-24988	TLTX25		OTHER	PAIRED	NextSeq 2000	1265101	63255050	Homo sapiens
ERR14304828	SAMEA117636887	ena-SAMPLE-TAB-28-01-2025-22:30:17:500-24988	TLTX25		OTHER	PAIRED	NextSeq 2000	1354413	67720650	Homo sapiens
ERR14304845	SAMEA117636887	ena-SAMPLE-TAB-28-01-2025-22:30:17:500-24988	TLTX25		OTHER	PAIRED	NextSeq 2000	1325970	66298500	Homo sapiens
ERR14304854	SAMEA117636887	ena-SAMPLE-TAB-28-01-2025-22:30:17:500-24988	TLTX25		OTHER	PAIRED	NextSeq 2000	904333	45216650	Homo sapiens
ERR14304856	SAMEA117636887	ena-SAMPLE-TAB-28-01-2025-22:30:17:500-24988	TLTX25		OTHER	PAIRED	NextSeq 2000	1136879	56843950	Homo sapiens
ERR14304857	SAMEA117636887	ena-SAMPLE-TAB-28-01-2025-22:30:17:500-24988	TLTX25		OTHER	PAIRED	NextSeq 2000	1084534	54226700	Homo sapiens
ERR14304858	SAMEA117636887	ena-SAMPLE-TAB-28-01-2025-22:30:17:500-24988	TLTX25		OTHER	PAIRED	NextSeq 2000	1415436	70771800	Homo sapiens
ERR14304870	SAMEA117636887	ena-SAMPLE-TAB-28-01-2025-22:30:17:500-24988	TLTX25		OTHER	PAIRED	NextSeq 2000	1385851	69292550	Homo sapiens
ERR14304879	SAMEA117636887	ena-SAMPLE-TAB-28-01-2025-22:30:17:500-24988	TLTX25		OTHER	PAIRED	NextSeq 2000	1006734	50336700	Homo sapiens
ERR14304881	SAMEA117636887	ena-SAMPLE-TAB-28-01-2025-22:30:17:500-24988	TLTX25		OTHER	PAIRED	NextSeq 2000	1081343	54067150	Homo sapiens
ERR14304917	SAMEA117636887	ena-SAMPLE-TAB-28-01-2025-22:30:17:500-24988	TLTX25		OTHER	PAIRED	NextSeq 2000	1461032	73051600	Homo sapiens
ERR14304994	SAMEA117636887	ena-SAMPLE-TAB-28-01-2025-22:30:17:500-24988	TLTX25		OTHER	PAIRED	NextSeq 2000	1994398	99719900	Homo sapiens
ERR14305008	SAMEA117636887	ena-SAMPLE-TAB-28-01-2025-22:30:17:500-24988	TLTX25		OTHER	PAIRED	NextSeq 2000	991342	49567100	Homo sapiens
ERR14305009	SAMEA117636887	ena-SAMPLE-TAB-28-01-2025-22:30:17:500-24988	TLTX25		OTHER	PAIRED	NextSeq 2000	702493	35124650	Homo sapiens
ERR14305046	SAMEA117636887	ena-SAMPLE-TAB-28-01-2025-22:30:17:500-24988	TLTX25		OTHER	PAIRED	NextSeq 2000	1484719	74235950	Homo sapiens
ERR14305049	SAMEA117636887	ena-SAMPLE-TAB-28-01-2025-22:30:17:500-24988	TLTX25		OTHER	PAIRED	NextSeq 2000	832484	41624200	Homo sapiens
ERR14305059	SAMEA117636887	ena-SAMPLE-TAB-28-01-2025-22:30:17:500-24988	TLTX25		OTHER	PAIRED	NextSeq 2000	1588609	79430450	Homo sapiens
ERR14305069	SAMEA117636887	ena-SAMPLE-TAB-28-01-2025-22:30:17:500-24988	TLTX25		OTHER	PAIRED	NextSeq 2000	1050342	52517100	Homo sapiens
ERR14305086	SAMEA117636887	ena-SAMPLE-TAB-28-01-2025-22:30:17:500-24988	TLTX25		OTHER	PAIRED	NextSeq 2000	1246808	62340400	Homo sapiens
ERR14305087	SAMEA117636887	ena-SAMPLE-TAB-28-01-2025-22:30:17:500-24988	TLTX25		OTHER	PAIRED	NextSeq 2000	1305848	65292400	Homo sapiens
ERR14305101	SAMEA117636887	ena-SAMPLE-TAB-28-01-2025-22:30:17:500-24988	TLTX25		OTHER	PAIRED	NextSeq 2000	1000380	50019000	Homo sapiens
ERR14305120	SAMEA117636887	ena-SAMPLE-TAB-28-01-2025-22:30:17:500-24988	TLTX25		OTHER	PAIRED	NextSeq 2000	544761	27238050	Homo sapiens
ERR14305229	SAMEA117636887	ena-SAMPLE-TAB-28-01-2025-22:30:17:500-24988	TLTX25		OTHER	PAIRED	NextSeq 2000	1166211	58310550	Homo sapiens
ERR14305277	SAMEA117636887	ena-SAMPLE-TAB-28-01-2025-22:30:17:500-24988	TLTX25		OTHER	PAIRED	NextSeq 2000	847692	42384600	Homo sapiens
ERR14305285	SAMEA117636887	ena-SAMPLE-TAB-28-01-2025-22:30:17:500-24988	TLTX25		OTHER	PAIRED	NextSeq 2000	1068113	53405650	Homo sapiens
ERR14305293	SAMEA117636887	ena-SAMPLE-TAB-28-01-2025-22:30:17:500-24988	TLTX25		OTHER	PAIRED	NextSeq 2000	1238621	61931050	Homo sapiens
ERR14305303	SAMEA117636887	ena-SAMPLE-TAB-28-01-2025-22:30:17:500-24988	TLTX25		OTHER	PAIRED	NextSeq 2000	916623	45831150	Homo sapiens
ERR14305308	SAMEA117636887	ena-SAMPLE-TAB-28-01-2025-22:30:17:500-24988	TLTX25		OTHER	PAIRED	NextSeq 2000	1154709	57735450	Homo sapiens
ERR14305315	SAMEA117636887	ena-SAMPLE-TAB-28-01-2025-22:30:17:500-24988	TLTX25		OTHER	PAIRED	NextSeq 2000	487723	24386150	Homo sapiens
ERR14305326	SAMEA117636887	ena-SAMPLE-TAB-28-01-2025-22:30:17:500-24988	TLTX25		OTHER	PAIRED	NextSeq 2000	870615	43530750	Homo sapiens
ERR14305342	SAMEA117636887	ena-SAMPLE-TAB-28-01-2025-22:30:17:500-24988	TLTX25		OTHER	PAIRED	NextSeq 2000	652704	32635200	Homo sapiens
ERR14305437	SAMEA117636887	ena-SAMPLE-TAB-28-01-2025-22:30:17:500-24988	TLTX25		OTHER	PAIRED	NextSeq 2000	1272629	63631450	Homo sapiens
ERR14305491	SAMEA117636887	ena-SAMPLE-TAB-28-01-2025-22:30:17:500-24988	TLTX25		OTHER	PAIRED	NextSeq 2000	1391184	69559200	Homo sapiens
ERR14305522	SAMEA117636887	ena-SAMPLE-TAB-28-01-2025-22:30:17:500-24988	TLTX25		OTHER	PAIRED	NextSeq 2000	997471	49873550	Homo sapiens
ERR14305578	SAMEA117636887	ena-SAMPLE-TAB-28-01-2025-22:30:17:500-24988	TLTX25		OTHER	PAIRED	NextSeq 2000	1397716	69885800	Homo sapiens
ERR14305584	SAMEA117636887	ena-SAMPLE-TAB-28-01-2025-22:30:17:500-24988	TLTX25		OTHER	PAIRED	NextSeq 2000	1310738	65536900	Homo sapiens
ERR14305651	SAMEA117636887	ena-SAMPLE-TAB-28-01-2025-22:30:17:500-24988	TLTX25		OTHER	PAIRED	NextSeq 2000	1543940	77197000	Homo sapiens
ERR14305659	SAMEA117636887	ena-SAMPLE-TAB-28-01-2025-22:30:17:500-24988	TLTX25		OTHER	PAIRED	NextSeq 2000	1030951	51547550	Homo sapiens
ERR14305690	SAMEA117636887	ena-SAMPLE-TAB-28-01-2025-22:30:17:500-24988	TLTX25		OTHER	PAIRED	NextSeq 2000	1158203	57910150	Homo sapiens
ERR14305697	SAMEA117636887	ena-SAMPLE-TAB-28-01-2025-22:30:17:500-24988	TLTX25		OTHER	PAIRED	NextSeq 2000	863176	43158800	Homo sapiens
ERR14305725	SAMEA117636887	ena-SAMPLE-TAB-28-01-2025-22:30:17:500-24988	TLTX25		OTHER	PAIRED	NextSeq 2000	1427778	71388900	Homo sapiens
ERR14305773	SAMEA117636887	ena-SAMPLE-TAB-28-01-2025-22:30:17:500-24988	TLTX25		OTHER	PAIRED	NextSeq 2000	1323515	66175750	Homo sapiens
ERR14305794	SAMEA117636887	ena-SAMPLE-TAB-28-01-2025-22:30:17:500-24988	TLTX25		OTHER	PAIRED	NextSeq 2000	1361262	68063100	Homo sapiens
ERR14305823	SAMEA117636887	ena-SAMPLE-TAB-28-01-2025-22:30:17:500-24988	TLTX25		OTHER	PAIRED	NextSeq 2000	787347	39367350	Homo sapiens
ERR14305834	SAMEA117636887	ena-SAMPLE-TAB-28-01-2025-22:30:17:500-24988	TLTX25		OTHER	PAIRED	NextSeq 2000	1067475	53373750	Homo sapiens
ERR14305863	SAMEA117636887	ena-SAMPLE-TAB-28-01-2025-22:30:17:500-24988	TLTX25		OTHER	PAIRED	NextSeq 2000	865164	43258200	Homo sapiens
ERR14305878	SAMEA117636887	ena-SAMPLE-TAB-28-01-2025-22:30:17:500-24988	TLTX25		OTHER	PAIRED	NextSeq 2000	901347	45067350	Homo sapiens
ERR14305892	SAMEA117636887	ena-SAMPLE-TAB-28-01-2025-22:30:17:500-24988	TLTX25		OTHER	PAIRED	NextSeq 2000	1102252	55112600	Homo sapiens
ERR14305909	SAMEA117636887	ena-SAMPLE-TAB-28-01-2025-22:30:17:500-24988	TLTX25		OTHER	PAIRED	NextSeq 2000	1313500	65675000	Homo sapiens
ERR14305967	SAMEA117636887	ena-SAMPLE-TAB-28-01-2025-22:30:17:500-24988	TLTX25		OTHER	PAIRED	NextSeq 2000	1401575	70078750	Homo sapiens
ERR14305980	SAMEA117636887	ena-SAMPLE-TAB-28-01-2025-22:30:17:500-24988	TLTX25		OTHER	PAIRED	NextSeq 2000	1496090	74804500	Homo sapiens
ERR14305993	SAMEA117636887	ena-SAMPLE-TAB-28-01-2025-22:30:17:500-24988	TLTX25		OTHER	PAIRED	NextSeq 2000	1254673	62733650	Homo sapiens
ERR14306005	SAMEA117636887	ena-SAMPLE-TAB-28-01-2025-22:30:17:500-24988	TLTX25		OTHER	PAIRED	NextSeq 2000	1603879	80193950	Homo sapiens
ERR14306024	SAMEA117636887	ena-SAMPLE-TAB-28-01-2025-22:30:17:500-24988	TLTX25		OTHER	PAIRED	NextSeq 2000	1499166	74958300	Homo sapiens
ERR14306027	SAMEA117636887	ena-SAMPLE-TAB-28-01-2025-22:30:17:500-24988	TLTX25		OTHER	PAIRED	NextSeq 2000	952320	47616000	Homo sapiens
ERR14306044	SAMEA117636887	ena-SAMPLE-TAB-28-01-2025-22:30:17:500-24988	TLTX25		OTHER	PAIRED	NextSeq 2000	866724	43336200	Homo sapiens
ERR14306053	SAMEA117636887	ena-SAMPLE-TAB-28-01-2025-22:30:17:500-24988	TLTX25		OTHER	PAIRED	NextSeq 2000	1275917	63795850	Homo sapiens
ERR14306100	SAMEA117636887	ena-SAMPLE-TAB-28-01-2025-22:30:17:500-24988	TLTX25		OTHER	PAIRED	NextSeq 2000	1291363	64568150	Homo sapiens
ERR14306129	SAMEA117636887	ena-SAMPLE-TAB-28-01-2025-22:30:17:500-24988	TLTX25		OTHER	PAIRED	NextSeq 2000	954426	47721300	Homo sapiens
ERR14306130	SAMEA117636887	ena-SAMPLE-TAB-28-01-2025-22:30:17:500-24988	TLTX25		OTHER	PAIRED	NextSeq 2000	992740	49637000	Homo sapiens
ERR14306223	SAMEA117636887	ena-SAMPLE-TAB-28-01-2025-22:30:17:500-24988	TLTX25		OTHER	PAIRED	NextSeq 2000	671993	33599650	Homo sapiens
ERR14306250	SAMEA117636887	ena-SAMPLE-TAB-28-01-2025-22:30:17:500-24988	TLTX25		OTHER	PAIRED	NextSeq 2000	1544567	77228350	Homo sapiens
ERR14306276	SAMEA117636887	ena-SAMPLE-TAB-28-01-2025-22:30:17:500-24988	TLTX25		OTHER	PAIRED	NextSeq 2000	1056914	52845700	Homo sapiens
ERR14306279	SAMEA117636887	ena-SAMPLE-TAB-28-01-2025-22:30:17:500-24988	TLTX25		OTHER	PAIRED	NextSeq 2000	1211133	60556650	Homo sapiens
ERR14306283	SAMEA117636887	ena-SAMPLE-TAB-28-01-2025-22:30:17:500-24988	TLTX25		OTHER	PAIRED	NextSeq 2000	1148950	57447500	Homo sapiens
ERR14306294	SAMEA117636887	ena-SAMPLE-TAB-28-01-2025-22:30:17:500-24988	TLTX25		OTHER	PAIRED	NextSeq 2000	1123008	56150400	Homo sapiens
ERR14306311	SAMEA117636887	ena-SAMPLE-TAB-28-01-2025-22:30:17:500-24988	TLTX25		OTHER	PAIRED	NextSeq 2000	1123002	56150100	Homo sapiens
ERR14306321	SAMEA117636887	ena-SAMPLE-TAB-28-01-2025-22:30:17:500-24988	TLTX25		OTHER	PAIRED	NextSeq 2000	1596552	79827600	Homo sapiens
ERR14306340	SAMEA117636887	ena-SAMPLE-TAB-28-01-2025-22:30:17:500-24988	TLTX25		OTHER	PAIRED	NextSeq 2000	1254509	62725450	Homo sapiens
ERR14306351	SAMEA117636887	ena-SAMPLE-TAB-28-01-2025-22:30:17:500-24988	TLTX25		OTHER	PAIRED	NextSeq 2000	1107129	55356450	Homo sapiens
ERR14314261	SAMEA117636887	ena-SAMPLE-TAB-28-01-2025-22:30:17:500-24988	TLTX25		OTHER	SINGLE	NextSeq 2000	1	50	Homo sapiens
ERR14314262	SAMEA117636887	ena-SAMPLE-TAB-28-01-2025-22:30:17:500-24988	TLTX25		OTHER	SINGLE	NextSeq 2000	1	50	Homo sapiens
ERR14314319	SAMEA117636888	ena-SAMPLE-TAB-28-01-2025-22:30:17:500-24989	TLTX33		OTHER	PAIRED	NextSeq 2000	1557648	77882400	Homo sapiens
ERR14314358	SAMEA117636888	ena-SAMPLE-TAB-28-01-2025-22:30:17:500-24989	TLTX33		OTHER	PAIRED	NextSeq 2000	614684	30734200	Homo sapiens
ERR14314378	SAMEA117636888	ena-SAMPLE-TAB-28-01-2025-22:30:17:500-24989	TLTX33		OTHER	PAIRED	NextSeq 2000	1376870	68843500	Homo sapiens
ERR14314427	SAMEA117636888	ena-SAMPLE-TAB-28-01-2025-22:30:17:500-24989	TLTX33		OTHER	PAIRED	NextSeq 2000	1536182	76809100	Homo sapiens
ERR14314428	SAMEA117636888	ena-SAMPLE-TAB-28-01-2025-22:30:17:500-24989	TLTX33		OTHER	PAIRED	NextSeq 2000	953932	47696600	Homo sapiens
ERR14314446	SAMEA117636888	ena-SAMPLE-TAB-28-01-2025-22:30:17:500-24989	TLTX33		OTHER	PAIRED	NextSeq 2000	828108	41405400	Homo sapiens
ERR14314487	SAMEA117636888	ena-SAMPLE-TAB-28-01-2025-22:30:17:500-24989	TLTX33		OTHER	PAIRED	NextSeq 2000	1415642	70782100	Homo sapiens
ERR14314516	SAMEA117636888	ena-SAMPLE-TAB-28-01-2025-22:30:17:500-24989	TLTX33		OTHER	PAIRED	NextSeq 2000	341683	17084150	Homo sapiens
ERR14314519	SAMEA117636888	ena-SAMPLE-TAB-28-01-2025-22:30:17:500-24989	TLTX33		OTHER	PAIRED	NextSeq 2000	1376100	68805000	Homo sapiens
ERR14314572	SAMEA117636888	ena-SAMPLE-TAB-28-01-2025-22:30:17:500-24989	TLTX33		OTHER	PAIRED	NextSeq 2000	1037293	51864650	Homo sapiens
ERR14314583	SAMEA117636888	ena-SAMPLE-TAB-28-01-2025-22:30:17:500-24989	TLTX33		OTHER	PAIRED	NextSeq 2000	778742	38937100	Homo sapiens
ERR14314601	SAMEA117636888	ena-SAMPLE-TAB-28-01-2025-22:30:17:500-24989	TLTX33		OTHER	PAIRED	NextSeq 2000	1254014	62700700	Homo sapiens
ERR14314607	SAMEA117636888	ena-SAMPLE-TAB-28-01-2025-22:30:17:500-24989	TLTX33		OTHER	PAIRED	NextSeq 2000	933985	46699250	Homo sapiens
ERR14314656	SAMEA117636888	ena-SAMPLE-TAB-28-01-2025-22:30:17:500-24989	TLTX33		OTHER	PAIRED	NextSeq 2000	1342209	67110450	Homo sapiens
ERR14314670	SAMEA117636888	ena-SAMPLE-TAB-28-01-2025-22:30:17:500-24989	TLTX33		OTHER	PAIRED	NextSeq 2000	1633849	81692450	Homo sapiens
ERR14314671	SAMEA117636888	ena-SAMPLE-TAB-28-01-2025-22:30:17:500-24989	TLTX33		OTHER	PAIRED	NextSeq 2000	970375	48518750	Homo sapiens
ERR14314681	SAMEA117636888	ena-SAMPLE-TAB-28-01-2025-22:30:17:500-24989	TLTX33		OTHER	PAIRED	NextSeq 2000	1446080	72304000	Homo sapiens
ERR14314724	SAMEA117636888	ena-SAMPLE-TAB-28-01-2025-22:30:17:500-24989	TLTX33		OTHER	PAIRED	NextSeq 2000	1477322	73866100	Homo sapiens
ERR14314726	SAMEA117636888	ena-SAMPLE-TAB-28-01-2025-22:30:17:500-24989	TLTX33		OTHER	PAIRED	NextSeq 2000	1614850	80742500	Homo sapiens
ERR14314764	SAMEA117636888	ena-SAMPLE-TAB-28-01-2025-22:30:17:500-24989	TLTX33		OTHER	PAIRED	NextSeq 2000	641403	32070150	Homo sapiens
ERR14314797	SAMEA117636888	ena-SAMPLE-TAB-28-01-2025-22:30:17:500-24989	TLTX33		OTHER	PAIRED	NextSeq 2000	1903344	95167200	Homo sapiens
ERR14314823	SAMEA117636888	ena-SAMPLE-TAB-28-01-2025-22:30:17:500-24989	TLTX33		OTHER	PAIRED	NextSeq 2000	1295193	64759650	Homo sapiens
ERR14314841	SAMEA117636888	ena-SAMPLE-TAB-28-01-2025-22:30:17:500-24989	TLTX33		OTHER	PAIRED	NextSeq 2000	1206122	60306100	Homo sapiens
ERR14314848	SAMEA117636888	ena-SAMPLE-TAB-28-01-2025-22:30:17:500-24989	TLTX33		OTHER	PAIRED	NextSeq 2000	1188533	59426650	Homo sapiens
ERR14314871	SAMEA117636888	ena-SAMPLE-TAB-28-01-2025-22:30:17:500-24989	TLTX33		OTHER	PAIRED	NextSeq 2000	1357405	67870250	Homo sapiens
ERR14314897	SAMEA117636888	ena-SAMPLE-TAB-28-01-2025-22:30:17:500-24989	TLTX33		OTHER	PAIRED	NextSeq 2000	1612273	80613650	Homo sapiens
ERR14314912	SAMEA117636888	ena-SAMPLE-TAB-28-01-2025-22:30:17:500-24989	TLTX33		OTHER	PAIRED	NextSeq 2000	1083640	54182000	Homo sapiens
ERR14314916	SAMEA117636888	ena-SAMPLE-TAB-28-01-2025-22:30:17:500-24989	TLTX33		OTHER	PAIRED	NextSeq 2000	1442684	72134200	Homo sapiens
ERR14314918	SAMEA117636888	ena-SAMPLE-TAB-28-01-2025-22:30:17:500-24989	TLTX33		OTHER	PAIRED	NextSeq 2000	632409	31620450	Homo sapiens
ERR14314920	SAMEA117636888	ena-SAMPLE-TAB-28-01-2025-22:30:17:500-24989	TLTX33		OTHER	PAIRED	NextSeq 2000	1373360	68668000	Homo sapiens
ERR14314929	SAMEA117636888	ena-SAMPLE-TAB-28-01-2025-22:30:17:500-24989	TLTX33		OTHER	PAIRED	NextSeq 2000	1173970	58698500	Homo sapiens
ERR14314953	SAMEA117636888	ena-SAMPLE-TAB-28-01-2025-22:30:17:500-24989	TLTX33		OTHER	PAIRED	NextSeq 2000	833546	41677300	Homo sapiens
ERR14314959	SAMEA117636888	ena-SAMPLE-TAB-28-01-2025-22:30:17:500-24989	TLTX33		OTHER	PAIRED	NextSeq 2000	790579	39528950	Homo sapiens
ERR14315009	SAMEA117636888	ena-SAMPLE-TAB-28-01-2025-22:30:17:500-24989	TLTX33		OTHER	PAIRED	NextSeq 2000	511067	25553350	Homo sapiens
ERR14315081	SAMEA117636888	ena-SAMPLE-TAB-28-01-2025-22:30:17:500-24989	TLTX33		OTHER	PAIRED	NextSeq 2000	1194850	59742500	Homo sapiens
ERR14315093	SAMEA117636888	ena-SAMPLE-TAB-28-01-2025-22:30:17:500-24989	TLTX33		OTHER	PAIRED	NextSeq 2000	1473078	73653900	Homo sapiens
ERR14315096	SAMEA117636888	ena-SAMPLE-TAB-28-01-2025-22:30:17:500-24989	TLTX33		OTHER	PAIRED	NextSeq 2000	1425859	71292950	Homo sapiens
ERR14315122	SAMEA117636888	ena-SAMPLE-TAB-28-01-2025-22:30:17:500-24989	TLTX33		OTHER	PAIRED	NextSeq 2000	1013478	50673900	Homo sapiens
ERR14315133	SAMEA117636888	ena-SAMPLE-TAB-28-01-2025-22:30:17:500-24989	TLTX33		OTHER	PAIRED	NextSeq 2000	911416	45570800	Homo sapiens
ERR14315156	SAMEA117636888	ena-SAMPLE-TAB-28-01-2025-22:30:17:500-24989	TLTX33		OTHER	PAIRED	NextSeq 2000	1284296	64214800	Homo sapiens
ERR14315177	SAMEA117636888	ena-SAMPLE-TAB-28-01-2025-22:30:17:500-24989	TLTX33		OTHER	PAIRED	NextSeq 2000	1314897	65744850	Homo sapiens
ERR14315181	SAMEA117636888	ena-SAMPLE-TAB-28-01-2025-22:30:17:500-24989	TLTX33		OTHER	PAIRED	NextSeq 2000	1131219	56560950	Homo sapiens
ERR14315194	SAMEA117636888	ena-SAMPLE-TAB-28-01-2025-22:30:17:500-24989	TLTX33		OTHER	PAIRED	NextSeq 2000	1519935	75996750	Homo sapiens
ERR14315237	SAMEA117636888	ena-SAMPLE-TAB-28-01-2025-22:30:17:500-24989	TLTX33		OTHER	PAIRED	NextSeq 2000	1866289	93314450	Homo sapiens
ERR14315244	SAMEA117636888	ena-SAMPLE-TAB-28-01-2025-22:30:17:500-24989	TLTX33		OTHER	PAIRED	NextSeq 2000	2044736	102236800	Homo sapiens
ERR14315268	SAMEA117636888	ena-SAMPLE-TAB-28-01-2025-22:30:17:500-24989	TLTX33		OTHER	PAIRED	NextSeq 2000	1129272	56463600	Homo sapiens
ERR14315272	SAMEA117636888	ena-SAMPLE-TAB-28-01-2025-22:30:17:500-24989	TLTX33		OTHER	PAIRED	NextSeq 2000	680660	34033000	Homo sapiens
ERR14315281	SAMEA117636888	ena-SAMPLE-TAB-28-01-2025-22:30:17:500-24989	TLTX33		OTHER	PAIRED	NextSeq 2000	1350774	67538700	Homo sapiens
ERR14315286	SAMEA117636888	ena-SAMPLE-TAB-28-01-2025-22:30:17:500-24989	TLTX33		OTHER	PAIRED	NextSeq 2000	1573836	78691800	Homo sapiens
ERR14315296	SAMEA117636888	ena-SAMPLE-TAB-28-01-2025-22:30:17:500-24989	TLTX33		OTHER	PAIRED	NextSeq 2000	1129075	56453750	Homo sapiens
ERR14315343	SAMEA117636888	ena-SAMPLE-TAB-28-01-2025-22:30:17:500-24989	TLTX33		OTHER	PAIRED	NextSeq 2000	765879	38293950	Homo sapiens
ERR14315352	SAMEA117636888	ena-SAMPLE-TAB-28-01-2025-22:30:17:500-24989	TLTX33		OTHER	PAIRED	NextSeq 2000	674801	33740050	Homo sapiens
ERR14315354	SAMEA117636888	ena-SAMPLE-TAB-28-01-2025-22:30:17:500-24989	TLTX33		OTHER	PAIRED	NextSeq 2000	1547444	77372200	Homo sapiens
ERR14315375	SAMEA117636888	ena-SAMPLE-TAB-28-01-2025-22:30:17:500-24989	TLTX33		OTHER	PAIRED	NextSeq 2000	1687863	84393150	Homo sapiens
ERR14315383	SAMEA117636888	ena-SAMPLE-TAB-28-01-2025-22:30:17:500-24989	TLTX33		OTHER	PAIRED	NextSeq 2000	1147362	57368100	Homo sapiens
ERR14315453	SAMEA117636888	ena-SAMPLE-TAB-28-01-2025-22:30:17:500-24989	TLTX33		OTHER	PAIRED	NextSeq 2000	2041717	102085850	Homo sapiens
ERR14315458	SAMEA117636888	ena-SAMPLE-TAB-28-01-2025-22:30:17:500-24989	TLTX33		OTHER	PAIRED	NextSeq 2000	1001211	50060550	Homo sapiens
ERR14315466	SAMEA117636888	ena-SAMPLE-TAB-28-01-2025-22:30:17:500-24989	TLTX33		OTHER	PAIRED	NextSeq 2000	1555323	77766150	Homo sapiens
ERR14315516	SAMEA117636888	ena-SAMPLE-TAB-28-01-2025-22:30:17:500-24989	TLTX33		OTHER	PAIRED	NextSeq 2000	1098862	54943100	Homo sapiens
ERR14315533	SAMEA117636888	ena-SAMPLE-TAB-28-01-2025-22:30:17:500-24989	TLTX33		OTHER	PAIRED	NextSeq 2000	1520314	76015700	Homo sapiens
ERR14315535	SAMEA117636888	ena-SAMPLE-TAB-28-01-2025-22:30:17:500-24989	TLTX33		OTHER	PAIRED	NextSeq 2000	1295182	64759100	Homo sapiens
ERR14315582	SAMEA117636888	ena-SAMPLE-TAB-28-01-2025-22:30:17:500-24989	TLTX33		OTHER	PAIRED	NextSeq 2000	459615	22980750	Homo sapiens
ERR14315612	SAMEA117636888	ena-SAMPLE-TAB-28-01-2025-22:30:17:500-24989	TLTX33		OTHER	PAIRED	NextSeq 2000	1939516	96975800	Homo sapiens
ERR14315613	SAMEA117636888	ena-SAMPLE-TAB-28-01-2025-22:30:17:500-24989	TLTX33		OTHER	PAIRED	NextSeq 2000	1581444	79072200	Homo sapiens
ERR14315624	SAMEA117636888	ena-SAMPLE-TAB-28-01-2025-22:30:17:500-24989	TLTX33		OTHER	PAIRED	NextSeq 2000	2022180	101109000	Homo sapiens
ERR14315638	SAMEA117636888	ena-SAMPLE-TAB-28-01-2025-22:30:17:500-24989	TLTX33		OTHER	PAIRED	NextSeq 2000	717795	35889750	Homo sapiens
ERR14315662	SAMEA117636888	ena-SAMPLE-TAB-28-01-2025-22:30:17:500-24989	TLTX33		OTHER	PAIRED	NextSeq 2000	1248288	62414400	Homo sapiens
ERR14315670	SAMEA117636888	ena-SAMPLE-TAB-28-01-2025-22:30:17:500-24989	TLTX33		OTHER	PAIRED	NextSeq 2000	430405	21520250	Homo sapiens
ERR14315672	SAMEA117636888	ena-SAMPLE-TAB-28-01-2025-22:30:17:500-24989	TLTX33		OTHER	PAIRED	NextSeq 2000	232275	11613750	Homo sapiens
ERR14315682	SAMEA117636888	ena-SAMPLE-TAB-28-01-2025-22:30:17:500-24989	TLTX33		OTHER	PAIRED	NextSeq 2000	851169	42558450	Homo sapiens
ERR14315701	SAMEA117636888	ena-SAMPLE-TAB-28-01-2025-22:30:17:500-24989	TLTX33		OTHER	PAIRED	NextSeq 2000	828281	41414050	Homo sapiens
ERR14315713	SAMEA117636888	ena-SAMPLE-TAB-28-01-2025-22:30:17:500-24989	TLTX33		OTHER	PAIRED	NextSeq 2000	1180659	59032950	Homo sapiens
ERR14315721	SAMEA117636888	ena-SAMPLE-TAB-28-01-2025-22:30:17:500-24989	TLTX33		OTHER	PAIRED	NextSeq 2000	613311	30665550	Homo sapiens
ERR14315731	SAMEA117636888	ena-SAMPLE-TAB-28-01-2025-22:30:17:500-24989	TLTX33		OTHER	PAIRED	NextSeq 2000	835060	41753000	Homo sapiens
ERR14315781	SAMEA117636888	ena-SAMPLE-TAB-28-01-2025-22:30:17:500-24989	TLTX33		OTHER	PAIRED	NextSeq 2000	921466	46073300	Homo sapiens
ERR14315808	SAMEA117636888	ena-SAMPLE-TAB-28-01-2025-22:30:17:500-24989	TLTX33		OTHER	PAIRED	NextSeq 2000	436313	21815650	Homo sapiens
ERR14315845	SAMEA117636888	ena-SAMPLE-TAB-28-01-2025-22:30:17:500-24989	TLTX33		OTHER	PAIRED	NextSeq 2000	1531152	76557600	Homo sapiens
ERR14315894	SAMEA117636888	ena-SAMPLE-TAB-28-01-2025-22:30:17:500-24989	TLTX33		OTHER	PAIRED	NextSeq 2000	1185934	59296700	Homo sapiens
ERR14315901	SAMEA117636888	ena-SAMPLE-TAB-28-01-2025-22:30:17:500-24989	TLTX33		OTHER	PAIRED	NextSeq 2000	1790206	89510300	Homo sapiens
ERR14315913	SAMEA117636888	ena-SAMPLE-TAB-28-01-2025-22:30:17:500-24989	TLTX33		OTHER	PAIRED	NextSeq 2000	1071563	53578150	Homo sapiens
ERR14315950	SAMEA117636888	ena-SAMPLE-TAB-28-01-2025-22:30:17:500-24989	TLTX33		OTHER	PAIRED	NextSeq 2000	1323865	66193250	Homo sapiens
ERR14315967	SAMEA117636888	ena-SAMPLE-TAB-28-01-2025-22:30:17:500-24989	TLTX33		OTHER	PAIRED	NextSeq 2000	957711	47885550	Homo sapiens
ERR14315976	SAMEA117636888	ena-SAMPLE-TAB-28-01-2025-22:30:17:500-24989	TLTX33		OTHER	PAIRED	NextSeq 2000	1865699	93284950	Homo sapiens
ERR14315982	SAMEA117636888	ena-SAMPLE-TAB-28-01-2025-22:30:17:500-24989	TLTX33		OTHER	PAIRED	NextSeq 2000	1434029	71701450	Homo sapiens
ERR14315983	SAMEA117636888	ena-SAMPLE-TAB-28-01-2025-22:30:17:500-24989	TLTX33		OTHER	PAIRED	NextSeq 2000	1037118	51855900	Homo sapiens
ERR14315993	SAMEA117636888	ena-SAMPLE-TAB-28-01-2025-22:30:17:500-24989	TLTX33		OTHER	PAIRED	NextSeq 2000	875239	43761950	Homo sapiens
ERR14316017	SAMEA117636888	ena-SAMPLE-TAB-28-01-2025-22:30:17:500-24989	TLTX33		OTHER	PAIRED	NextSeq 2000	937233	46861650	Homo sapiens
ERR14316020	SAMEA117636888	ena-SAMPLE-TAB-28-01-2025-22:30:17:500-24989	TLTX33		OTHER	PAIRED	NextSeq 2000	877905	43895250	Homo sapiens
ERR14316022	SAMEA117636888	ena-SAMPLE-TAB-28-01-2025-22:30:17:500-24989	TLTX33		OTHER	PAIRED	NextSeq 2000	1500289	75014450	Homo sapiens
ERR14316102	SAMEA117636888	ena-SAMPLE-TAB-28-01-2025-22:30:17:500-24989	TLTX33		OTHER	PAIRED	NextSeq 2000	1106080	55304000	Homo sapiens
ERR14316110	SAMEA117636888	ena-SAMPLE-TAB-28-01-2025-22:30:17:500-24989	TLTX33		OTHER	PAIRED	NextSeq 2000	906324	45316200	Homo sapiens
ERR14316152	SAMEA117636888	ena-SAMPLE-TAB-28-01-2025-22:30:17:500-24989	TLTX33		OTHER	PAIRED	NextSeq 2000	1163448	58172400	Homo sapiens
ERR14316164	SAMEA117636888	ena-SAMPLE-TAB-28-01-2025-22:30:17:500-24989	TLTX33		OTHER	PAIRED	NextSeq 2000	764030	38201500	Homo sapiens
ERR14316209	SAMEA117636888	ena-SAMPLE-TAB-28-01-2025-22:30:17:500-24989	TLTX33		OTHER	PAIRED	NextSeq 2000	785651	39282550	Homo sapiens
ERR14316217	SAMEA117636888	ena-SAMPLE-TAB-28-01-2025-22:30:17:500-24989	TLTX33		OTHER	PAIRED	NextSeq 2000	450881	22544050	Homo sapiens
ERR14316227	SAMEA117636888	ena-SAMPLE-TAB-28-01-2025-22:30:17:500-24989	TLTX33		OTHER	PAIRED	NextSeq 2000	318342	15917100	Homo sapiens
ERR14316233	SAMEA117636888	ena-SAMPLE-TAB-28-01-2025-22:30:17:500-24989	TLTX33		OTHER	PAIRED	NextSeq 2000	979954	48997700	Homo sapiens
ERR14317623	SAMEA117636888	ena-SAMPLE-TAB-28-01-2025-22:30:17:500-24989	TLTX33		OTHER	PAIRED	NextSeq 2000	643354	32167700	Homo sapiens
ERR14317643	SAMEA117636888	ena-SAMPLE-TAB-28-01-2025-22:30:17:500-24989	TLTX33		OTHER	PAIRED	NextSeq 2000	1508158	75407900	Homo sapiens
ERR14317657	SAMEA117636888	ena-SAMPLE-TAB-28-01-2025-22:30:17:500-24989	TLTX33		OTHER	PAIRED	NextSeq 2000	836676	41833800	Homo sapiens
ERR14317689	SAMEA117636888	ena-SAMPLE-TAB-28-01-2025-22:30:17:500-24989	TLTX33		OTHER	PAIRED	NextSeq 2000	949180	47459000	Homo sapiens
ERR14317714	SAMEA117636888	ena-SAMPLE-TAB-28-01-2025-22:30:17:500-24989	TLTX33		OTHER	PAIRED	NextSeq 2000	1410966	70548300	Homo sapiens
ERR14317719	SAMEA117636888	ena-SAMPLE-TAB-28-01-2025-22:30:17:500-24989	TLTX33		OTHER	PAIRED	NextSeq 2000	1562948	78147400	Homo sapiens
ERR14317734	SAMEA117636888	ena-SAMPLE-TAB-28-01-2025-22:30:17:500-24989	TLTX33		OTHER	PAIRED	NextSeq 2000	970803	48540150	Homo sapiens
ERR14317776	SAMEA117636888	ena-SAMPLE-TAB-28-01-2025-22:30:17:500-24989	TLTX33		OTHER	PAIRED	NextSeq 2000	1635208	81760400	Homo sapiens
ERR14317788	SAMEA117636888	ena-SAMPLE-TAB-28-01-2025-22:30:17:500-24989	TLTX33		OTHER	PAIRED	NextSeq 2000	1421313	71065650	Homo sapiens
ERR14317809	SAMEA117636888	ena-SAMPLE-TAB-28-01-2025-22:30:17:500-24989	TLTX33		OTHER	PAIRED	NextSeq 2000	847574	42378700	Homo sapiens
ERR14317844	SAMEA117636888	ena-SAMPLE-TAB-28-01-2025-22:30:17:500-24989	TLTX33		OTHER	PAIRED	NextSeq 2000	1207496	60374800	Homo sapiens
ERR14317876	SAMEA117636888	ena-SAMPLE-TAB-28-01-2025-22:30:17:500-24989	TLTX33		OTHER	PAIRED	NextSeq 2000	1237522	61876100	Homo sapiens
ERR14317884	SAMEA117636888	ena-SAMPLE-TAB-28-01-2025-22:30:17:500-24989	TLTX33		OTHER	PAIRED	NextSeq 2000	1704608	85230400	Homo sapiens
ERR14317886	SAMEA117636888	ena-SAMPLE-TAB-28-01-2025-22:30:17:500-24989	TLTX33		OTHER	PAIRED	NextSeq 2000	690005	34500250	Homo sapiens
ERR14317898	SAMEA117636888	ena-SAMPLE-TAB-28-01-2025-22:30:17:500-24989	TLTX33		OTHER	PAIRED	NextSeq 2000	747364	37368200	Homo sapiens
ERR14317921	SAMEA117636888	ena-SAMPLE-TAB-28-01-2025-22:30:17:500-24989	TLTX33		OTHER	PAIRED	NextSeq 2000	1572805	78640250	Homo sapiens
ERR14317931	SAMEA117636888	ena-SAMPLE-TAB-28-01-2025-22:30:17:500-24989	TLTX33		OTHER	PAIRED	NextSeq 2000	1608036	80401800	Homo sapiens
ERR14317939	SAMEA117636888	ena-SAMPLE-TAB-28-01-2025-22:30:17:500-24989	TLTX33		OTHER	PAIRED	NextSeq 2000	1313437	65671850	Homo sapiens
ERR14317955	SAMEA117636888	ena-SAMPLE-TAB-28-01-2025-22:30:17:500-24989	TLTX33		OTHER	PAIRED	NextSeq 2000	1028305	51415250	Homo sapiens
ERR14317976	SAMEA117636888	ena-SAMPLE-TAB-28-01-2025-22:30:17:500-24989	TLTX33		OTHER	PAIRED	NextSeq 2000	894811	44740550	Homo sapiens
ERR14317985	SAMEA117636888	ena-SAMPLE-TAB-28-01-2025-22:30:17:500-24989	TLTX33		OTHER	PAIRED	NextSeq 2000	525982	26299100	Homo sapiens
ERR14317988	SAMEA117636888	ena-SAMPLE-TAB-28-01-2025-22:30:17:500-24989	TLTX33		OTHER	PAIRED	NextSeq 2000	667950	33397500	Homo sapiens
ERR14317994	SAMEA117636888	ena-SAMPLE-TAB-28-01-2025-22:30:17:500-24989	TLTX33		OTHER	PAIRED	NextSeq 2000	693813	34690650	Homo sapiens
ERR14318017	SAMEA117636888	ena-SAMPLE-TAB-28-01-2025-22:30:17:500-24989	TLTX33		OTHER	PAIRED	NextSeq 2000	1116648	55832400	Homo sapiens
ERR14318116	SAMEA117636888	ena-SAMPLE-TAB-28-01-2025-22:30:17:500-24989	TLTX33		OTHER	PAIRED	NextSeq 2000	2165539	108276950	Homo sapiens
ERR14318161	SAMEA117636888	ena-SAMPLE-TAB-28-01-2025-22:30:17:500-24989	TLTX33		OTHER	PAIRED	NextSeq 2000	912399	45619950	Homo sapiens
ERR14318178	SAMEA117636888	ena-SAMPLE-TAB-28-01-2025-22:30:17:500-24989	TLTX33		OTHER	PAIRED	NextSeq 2000	1005158	50257900	Homo sapiens
ERR14318231	SAMEA117636888	ena-SAMPLE-TAB-28-01-2025-22:30:17:500-24989	TLTX33		OTHER	PAIRED	NextSeq 2000	196101	9805050	Homo sapiens
ERR14318242	SAMEA117636888	ena-SAMPLE-TAB-28-01-2025-22:30:17:500-24989	TLTX33		OTHER	PAIRED	NextSeq 2000	252181	12609050	Homo sapiens
ERR14318264	SAMEA117636888	ena-SAMPLE-TAB-28-01-2025-22:30:17:500-24989	TLTX33		OTHER	PAIRED	NextSeq 2000	1494845	74742250	Homo sapiens
ERR14318276	SAMEA117636888	ena-SAMPLE-TAB-28-01-2025-22:30:17:500-24989	TLTX33		OTHER	PAIRED	NextSeq 2000	1794524	89726200	Homo sapiens
ERR14318360	SAMEA117636888	ena-SAMPLE-TAB-28-01-2025-22:30:17:500-24989	TLTX33		OTHER	PAIRED	NextSeq 2000	1219864	60993200	Homo sapiens
ERR14318384	SAMEA117636888	ena-SAMPLE-TAB-28-01-2025-22:30:17:500-24989	TLTX33		OTHER	PAIRED	NextSeq 2000	1464827	73241350	Homo sapiens
ERR14318387	SAMEA117636888	ena-SAMPLE-TAB-28-01-2025-22:30:17:500-24989	TLTX33		OTHER	PAIRED	NextSeq 2000	1310509	65525450	Homo sapiens
ERR14318410	SAMEA117636888	ena-SAMPLE-TAB-28-01-2025-22:30:17:500-24989	TLTX33		OTHER	PAIRED	NextSeq 2000	1742983	87149150	Homo sapiens
ERR14318512	SAMEA117636888	ena-SAMPLE-TAB-28-01-2025-22:30:17:500-24989	TLTX33		OTHER	PAIRED	NextSeq 2000	841343	42067150	Homo sapiens
ERR14318523	SAMEA117636888	ena-SAMPLE-TAB-28-01-2025-22:30:17:500-24989	TLTX33		OTHER	PAIRED	NextSeq 2000	1610771	80538550	Homo sapiens
ERR14318553	SAMEA117636888	ena-SAMPLE-TAB-28-01-2025-22:30:17:500-24989	TLTX33		OTHER	PAIRED	NextSeq 2000	1774921	88746050	Homo sapiens
ERR14318556	SAMEA117636888	ena-SAMPLE-TAB-28-01-2025-22:30:17:500-24989	TLTX33		OTHER	PAIRED	NextSeq 2000	1327461	66373050	Homo sapiens
ERR14318614	SAMEA117636888	ena-SAMPLE-TAB-28-01-2025-22:30:17:500-24989	TLTX33		OTHER	PAIRED	NextSeq 2000	1223841	61192050	Homo sapiens
ERR14318672	SAMEA117636888	ena-SAMPLE-TAB-28-01-2025-22:30:17:500-24989	TLTX33		OTHER	PAIRED	NextSeq 2000	982731	49136550	Homo sapiens
ERR14318691	SAMEA117636888	ena-SAMPLE-TAB-28-01-2025-22:30:17:500-24989	TLTX33		OTHER	PAIRED	NextSeq 2000	864652	43232600	Homo sapiens
ERR14318716	SAMEA117636888	ena-SAMPLE-TAB-28-01-2025-22:30:17:500-24989	TLTX33		OTHER	PAIRED	NextSeq 2000	500600	25030000	Homo sapiens
ERR14318734	SAMEA117636888	ena-SAMPLE-TAB-28-01-2025-22:30:17:500-24989	TLTX33		OTHER	PAIRED	NextSeq 2000	2041161	102058050	Homo sapiens
ERR14318788	SAMEA117636888	ena-SAMPLE-TAB-28-01-2025-22:30:17:500-24989	TLTX33		OTHER	PAIRED	NextSeq 2000	219096	10954800	Homo sapiens
ERR14318810	SAMEA117636888	ena-SAMPLE-TAB-28-01-2025-22:30:17:500-24989	TLTX33		OTHER	PAIRED	NextSeq 2000	566594	28329700	Homo sapiens
ERR14318836	SAMEA117636888	ena-SAMPLE-TAB-28-01-2025-22:30:17:500-24989	TLTX33		OTHER	PAIRED	NextSeq 2000	1879710	93985500	Homo sapiens
ERR14318874	SAMEA117636888	ena-SAMPLE-TAB-28-01-2025-22:30:17:500-24989	TLTX33		OTHER	PAIRED	NextSeq 2000	1444683	72234150	Homo sapiens
ERR14318875	SAMEA117636888	ena-SAMPLE-TAB-28-01-2025-22:30:17:500-24989	TLTX33		OTHER	PAIRED	NextSeq 2000	1367796	68389800	Homo sapiens
ERR14318913	SAMEA117636888	ena-SAMPLE-TAB-28-01-2025-22:30:17:500-24989	TLTX33		OTHER	PAIRED	NextSeq 2000	1059315	52965750	Homo sapiens
ERR14318933	SAMEA117636888	ena-SAMPLE-TAB-28-01-2025-22:30:17:500-24989	TLTX33		OTHER	PAIRED	NextSeq 2000	686262	34313100	Homo sapiens
ERR14318941	SAMEA117636888	ena-SAMPLE-TAB-28-01-2025-22:30:17:500-24989	TLTX33		OTHER	PAIRED	NextSeq 2000	314334	15716700	Homo sapiens
ERR14318955	SAMEA117636888	ena-SAMPLE-TAB-28-01-2025-22:30:17:500-24989	TLTX33		OTHER	PAIRED	NextSeq 2000	1006862	50343100	Homo sapiens
ERR14318981	SAMEA117636888	ena-SAMPLE-TAB-28-01-2025-22:30:17:500-24989	TLTX33		OTHER	PAIRED	NextSeq 2000	1005961	50298050	Homo sapiens
ERR14318992	SAMEA117636888	ena-SAMPLE-TAB-28-01-2025-22:30:17:500-24989	TLTX33		OTHER	PAIRED	NextSeq 2000	1609623	80481150	Homo sapiens
ERR14318999	SAMEA117636888	ena-SAMPLE-TAB-28-01-2025-22:30:17:500-24989	TLTX33		OTHER	PAIRED	NextSeq 2000	1220390	61019500	Homo sapiens
ERR14319001	SAMEA117636888	ena-SAMPLE-TAB-28-01-2025-22:30:17:500-24989	TLTX33		OTHER	PAIRED	NextSeq 2000	1425330	71266500	Homo sapiens
ERR14319003	SAMEA117636888	ena-SAMPLE-TAB-28-01-2025-22:30:17:500-24989	TLTX33		OTHER	PAIRED	NextSeq 2000	1435325	71766250	Homo sapiens
ERR14319039	SAMEA117636888	ena-SAMPLE-TAB-28-01-2025-22:30:17:500-24989	TLTX33		OTHER	PAIRED	NextSeq 2000	921012	46050600	Homo sapiens
ERR14319073	SAMEA117636888	ena-SAMPLE-TAB-28-01-2025-22:30:17:500-24989	TLTX33		OTHER	PAIRED	NextSeq 2000	1227953	61397650	Homo sapiens
ERR14319104	SAMEA117636888	ena-SAMPLE-TAB-28-01-2025-22:30:17:500-24989	TLTX33		OTHER	PAIRED	NextSeq 2000	951329	47566450	Homo sapiens
ERR14319147	SAMEA117636888	ena-SAMPLE-TAB-28-01-2025-22:30:17:500-24989	TLTX33		OTHER	PAIRED	NextSeq 2000	1032101	51605050	Homo sapiens
ERR14319151	SAMEA117636888	ena-SAMPLE-TAB-28-01-2025-22:30:17:500-24989	TLTX33		OTHER	PAIRED	NextSeq 2000	556789	27839450	Homo sapiens
ERR14319158	SAMEA117636888	ena-SAMPLE-TAB-28-01-2025-22:30:17:500-24989	TLTX33		OTHER	PAIRED	NextSeq 2000	790466	39523300	Homo sapiens
ERR14319160	SAMEA117636888	ena-SAMPLE-TAB-28-01-2025-22:30:17:500-24989	TLTX33		OTHER	PAIRED	NextSeq 2000	692241	34612050	Homo sapiens
ERR14319178	SAMEA117636888	ena-SAMPLE-TAB-28-01-2025-22:30:17:500-24989	TLTX33		OTHER	PAIRED	NextSeq 2000	603277	30163850	Homo sapiens
ERR14319180	SAMEA117636888	ena-SAMPLE-TAB-28-01-2025-22:30:17:500-24989	TLTX33		OTHER	PAIRED	NextSeq 2000	654743	32737150	Homo sapiens
ERR14319197	SAMEA117636888	ena-SAMPLE-TAB-28-01-2025-22:30:17:500-24989	TLTX33		OTHER	PAIRED	NextSeq 2000	1203781	60189050	Homo sapiens
ERR14319248	SAMEA117636888	ena-SAMPLE-TAB-28-01-2025-22:30:17:500-24989	TLTX33		OTHER	PAIRED	NextSeq 2000	1021958	51097900	Homo sapiens
ERR14319253	SAMEA117636888	ena-SAMPLE-TAB-28-01-2025-22:30:17:500-24989	TLTX33		OTHER	PAIRED	NextSeq 2000	858038	42901900	Homo sapiens
ERR14319258	SAMEA117636888	ena-SAMPLE-TAB-28-01-2025-22:30:17:500-24989	TLTX33		OTHER	PAIRED	NextSeq 2000	977665	48883250	Homo sapiens
ERR14319267	SAMEA117636888	ena-SAMPLE-TAB-28-01-2025-22:30:17:500-24989	TLTX33		OTHER	PAIRED	NextSeq 2000	883517	44175850	Homo sapiens
ERR14319275	SAMEA117636888	ena-SAMPLE-TAB-28-01-2025-22:30:17:500-24989	TLTX33		OTHER	PAIRED	NextSeq 2000	1034501	51725050	Homo sapiens
ERR14319291	SAMEA117636888	ena-SAMPLE-TAB-28-01-2025-22:30:17:500-24989	TLTX33		OTHER	PAIRED	NextSeq 2000	1232263	61613150	Homo sapiens
ERR14319313	SAMEA117636888	ena-SAMPLE-TAB-28-01-2025-22:30:17:500-24989	TLTX33		OTHER	PAIRED	NextSeq 2000	828370	41418500	Homo sapiens
ERR14319326	SAMEA117636888	ena-SAMPLE-TAB-28-01-2025-22:30:17:500-24989	TLTX33		OTHER	PAIRED	NextSeq 2000	636426	31821300	Homo sapiens
ERR14319328	SAMEA117636888	ena-SAMPLE-TAB-28-01-2025-22:30:17:500-24989	TLTX33		OTHER	PAIRED	NextSeq 2000	635255	31762750	Homo sapiens
ERR14319334	SAMEA117636888	ena-SAMPLE-TAB-28-01-2025-22:30:17:500-24989	TLTX33		OTHER	PAIRED	NextSeq 2000	1125399	56269950	Homo sapiens
ERR14319356	SAMEA117636888	ena-SAMPLE-TAB-28-01-2025-22:30:17:500-24989	TLTX33		OTHER	PAIRED	NextSeq 2000	1119914	55995700	Homo sapiens
ERR14319360	SAMEA117636888	ena-SAMPLE-TAB-28-01-2025-22:30:17:500-24989	TLTX33		OTHER	PAIRED	NextSeq 2000	906528	45326400	Homo sapiens
ERR14319368	SAMEA117636888	ena-SAMPLE-TAB-28-01-2025-22:30:17:500-24989	TLTX33		OTHER	PAIRED	NextSeq 2000	776844	38842200	Homo sapiens
ERR14319370	SAMEA117636888	ena-SAMPLE-TAB-28-01-2025-22:30:17:500-24989	TLTX33		OTHER	PAIRED	NextSeq 2000	769773	38488650	Homo sapiens
ERR14319376	SAMEA117636888	ena-SAMPLE-TAB-28-01-2025-22:30:17:500-24989	TLTX33		OTHER	PAIRED	NextSeq 2000	759734	37986700	Homo sapiens
ERR14319387	SAMEA117636888	ena-SAMPLE-TAB-28-01-2025-22:30:17:500-24989	TLTX33		OTHER	PAIRED	NextSeq 2000	994300	49715000	Homo sapiens
ERR14319434	SAMEA117636888	ena-SAMPLE-TAB-28-01-2025-22:30:17:500-24989	TLTX33		OTHER	PAIRED	NextSeq 2000	856220	42811000	Homo sapiens
ERR14319465	SAMEA117636888	ena-SAMPLE-TAB-28-01-2025-22:30:17:500-24989	TLTX33		OTHER	PAIRED	NextSeq 2000	672179	33608950	Homo sapiens
ERR14319501	SAMEA117636888	ena-SAMPLE-TAB-28-01-2025-22:30:17:500-24989	TLTX33		OTHER	PAIRED	NextSeq 2000	1614808	80740400	Homo sapiens
ERR14319504	SAMEA117636888	ena-SAMPLE-TAB-28-01-2025-22:30:17:500-24989	TLTX33		OTHER	PAIRED	NextSeq 2000	1037827	51891350	Homo sapiens
ERR14319542	SAMEA117636888	ena-SAMPLE-TAB-28-01-2025-22:30:17:500-24989	TLTX33		OTHER	PAIRED	NextSeq 2000	1034994	51749700	Homo sapiens
ERR14319547	SAMEA117636888	ena-SAMPLE-TAB-28-01-2025-22:30:17:500-24989	TLTX33		OTHER	PAIRED	NextSeq 2000	642443	32122150	Homo sapiens
ERR14319588	SAMEA117636888	ena-SAMPLE-TAB-28-01-2025-22:30:17:500-24989	TLTX33		OTHER	PAIRED	NextSeq 2000	913456	45672800	Homo sapiens
ERR14319606	SAMEA117636888	ena-SAMPLE-TAB-28-01-2025-22:30:17:500-24989	TLTX33		OTHER	PAIRED	NextSeq 2000	646549	32327450	Homo sapiens
ERR14319697	SAMEA117636888	ena-SAMPLE-TAB-28-01-2025-22:30:17:500-24989	TLTX33		OTHER	PAIRED	NextSeq 2000	623331	31166550	Homo sapiens
ERR14319729	SAMEA117636888	ena-SAMPLE-TAB-28-01-2025-22:30:17:500-24989	TLTX33		OTHER	PAIRED	NextSeq 2000	780280	39014000	Homo sapiens
ERR14319745	SAMEA117636888	ena-SAMPLE-TAB-28-01-2025-22:30:17:500-24989	TLTX33		OTHER	PAIRED	NextSeq 2000	1202882	60144100	Homo sapiens
ERR14319806	SAMEA117636888	ena-SAMPLE-TAB-28-01-2025-22:30:17:500-24989	TLTX33		OTHER	PAIRED	NextSeq 2000	1134950	56747500	Homo sapiens
ERR14319824	SAMEA117636888	ena-SAMPLE-TAB-28-01-2025-22:30:17:500-24989	TLTX33		OTHER	PAIRED	NextSeq 2000	701800	35090000	Homo sapiens
ERR14319856	SAMEA117636888	ena-SAMPLE-TAB-28-01-2025-22:30:17:500-24989	TLTX33		OTHER	PAIRED	NextSeq 2000	1137235	56861750	Homo sapiens
ERR14319861	SAMEA117636888	ena-SAMPLE-TAB-28-01-2025-22:30:17:500-24989	TLTX33		OTHER	PAIRED	NextSeq 2000	779086	38954300	Homo sapiens
ERR14319867	SAMEA117636888	ena-SAMPLE-TAB-28-01-2025-22:30:17:500-24989	TLTX33		OTHER	PAIRED	NextSeq 2000	1177302	58865100	Homo sapiens
ERR14319884	SAMEA117636888	ena-SAMPLE-TAB-28-01-2025-22:30:17:500-24989	TLTX33		OTHER	PAIRED	NextSeq 2000	1095839	54791950	Homo sapiens
ERR14319922	SAMEA117636888	ena-SAMPLE-TAB-28-01-2025-22:30:17:500-24989	TLTX33		OTHER	PAIRED	NextSeq 2000	1335136	66756800	Homo sapiens
ERR14319937	SAMEA117636888	ena-SAMPLE-TAB-28-01-2025-22:30:17:500-24989	TLTX33		OTHER	PAIRED	NextSeq 2000	1707181	85359050	Homo sapiens
ERR14319947	SAMEA117636888	ena-SAMPLE-TAB-28-01-2025-22:30:17:500-24989	TLTX33		OTHER	PAIRED	NextSeq 2000	1029582	51479100	Homo sapiens
ERR14319951	SAMEA117636888	ena-SAMPLE-TAB-28-01-2025-22:30:17:500-24989	TLTX33		OTHER	PAIRED	NextSeq 2000	878720	43936000	Homo sapiens
ERR14319953	SAMEA117636888	ena-SAMPLE-TAB-28-01-2025-22:30:17:500-24989	TLTX33		OTHER	PAIRED	NextSeq 2000	746960	37348000	Homo sapiens
ERR14319956	SAMEA117636888	ena-SAMPLE-TAB-28-01-2025-22:30:17:500-24989	TLTX33		OTHER	PAIRED	NextSeq 2000	964332	48216600	Homo sapiens
ERR14319957	SAMEA117636888	ena-SAMPLE-TAB-28-01-2025-22:30:17:500-24989	TLTX33		OTHER	PAIRED	NextSeq 2000	1081358	54067900	Homo sapiens
ERR14319981	SAMEA117636888	ena-SAMPLE-TAB-28-01-2025-22:30:17:500-24989	TLTX33		OTHER	PAIRED	NextSeq 2000	998291	49914550	Homo sapiens
ERR14319992	SAMEA117636888	ena-SAMPLE-TAB-28-01-2025-22:30:17:500-24989	TLTX33		OTHER	PAIRED	NextSeq 2000	1862984	93149200	Homo sapiens
ERR14320017	SAMEA117636888	ena-SAMPLE-TAB-28-01-2025-22:30:17:500-24989	TLTX33		OTHER	PAIRED	NextSeq 2000	1329053	66452650	Homo sapiens
ERR14320030	SAMEA117636888	ena-SAMPLE-TAB-28-01-2025-22:30:17:500-24989	TLTX33		OTHER	PAIRED	NextSeq 2000	956199	47809950	Homo sapiens
ERR14320060	SAMEA117636888	ena-SAMPLE-TAB-28-01-2025-22:30:17:500-24989	TLTX33		OTHER	PAIRED	NextSeq 2000	753936	37696800	Homo sapiens
ERR14320072	SAMEA117636888	ena-SAMPLE-TAB-28-01-2025-22:30:17:500-24989	TLTX33		OTHER	PAIRED	NextSeq 2000	1330194	66509700	Homo sapiens
ERR14320078	SAMEA117636888	ena-SAMPLE-TAB-28-01-2025-22:30:17:500-24989	TLTX33		OTHER	PAIRED	NextSeq 2000	981027	49051350	Homo sapiens
ERR14320106	SAMEA117636888	ena-SAMPLE-TAB-28-01-2025-22:30:17:500-24989	TLTX33		OTHER	PAIRED	NextSeq 2000	774676	38733800	Homo sapiens
ERR14320118	SAMEA117636888	ena-SAMPLE-TAB-28-01-2025-22:30:17:500-24989	TLTX33		OTHER	PAIRED	NextSeq 2000	733958	36697900	Homo sapiens
ERR14320157	SAMEA117636888	ena-SAMPLE-TAB-28-01-2025-22:30:17:500-24989	TLTX33		OTHER	PAIRED	NextSeq 2000	894465	44723250	Homo sapiens
ERR14320168	SAMEA117636888	ena-SAMPLE-TAB-28-01-2025-22:30:17:500-24989	TLTX33		OTHER	PAIRED	NextSeq 2000	652357	32617850	Homo sapiens
ERR14320179	SAMEA117636888	ena-SAMPLE-TAB-28-01-2025-22:30:17:500-24989	TLTX33		OTHER	PAIRED	NextSeq 2000	1459896	72994800	Homo sapiens
ERR14320193	SAMEA117636888	ena-SAMPLE-TAB-28-01-2025-22:30:17:500-24989	TLTX33		OTHER	PAIRED	NextSeq 2000	812072	40603600	Homo sapiens
ERR14320195	SAMEA117636888	ena-SAMPLE-TAB-28-01-2025-22:30:17:500-24989	TLTX33		OTHER	PAIRED	NextSeq 2000	752500	37625000	Homo sapiens
ERR14320235	SAMEA117636888	ena-SAMPLE-TAB-28-01-2025-22:30:17:500-24989	TLTX33		OTHER	PAIRED	NextSeq 2000	1287740	64387000	Homo sapiens
ERR14320250	SAMEA117636888	ena-SAMPLE-TAB-28-01-2025-22:30:17:500-24989	TLTX33		OTHER	PAIRED	NextSeq 2000	1372377	68618850	Homo sapiens
ERR14320259	SAMEA117636888	ena-SAMPLE-TAB-28-01-2025-22:30:17:500-24989	TLTX33		OTHER	PAIRED	NextSeq 2000	1202056	60102800	Homo sapiens
ERR14320262	SAMEA117636888	ena-SAMPLE-TAB-28-01-2025-22:30:17:500-24989	TLTX33		OTHER	PAIRED	NextSeq 2000	1130666	56533300	Homo sapiens
ERR14320267	SAMEA117636888	ena-SAMPLE-TAB-28-01-2025-22:30:17:500-24989	TLTX33		OTHER	PAIRED	NextSeq 2000	1064343	53217150	Homo sapiens
ERR14320289	SAMEA117636888	ena-SAMPLE-TAB-28-01-2025-22:30:17:500-24989	TLTX33		OTHER	PAIRED	NextSeq 2000	1901522	95076100	Homo sapiens
ERR14320332	SAMEA117636888	ena-SAMPLE-TAB-28-01-2025-22:30:17:500-24989	TLTX33		OTHER	PAIRED	NextSeq 2000	1456883	72844150	Homo sapiens
ERR14320378	SAMEA117636888	ena-SAMPLE-TAB-28-01-2025-22:30:17:500-24989	TLTX33		OTHER	PAIRED	NextSeq 2000	1296782	64839100	Homo sapiens
ERR14320407	SAMEA117636888	ena-SAMPLE-TAB-28-01-2025-22:30:17:500-24989	TLTX33		OTHER	PAIRED	NextSeq 2000	886677	44333850	Homo sapiens
ERR14320420	SAMEA117636888	ena-SAMPLE-TAB-28-01-2025-22:30:17:500-24989	TLTX33		OTHER	PAIRED	NextSeq 2000	907486	45374300	Homo sapiens
ERR14320421	SAMEA117636888	ena-SAMPLE-TAB-28-01-2025-22:30:17:500-24989	TLTX33		OTHER	PAIRED	NextSeq 2000	1176098	58804900	Homo sapiens
ERR14320422	SAMEA117636888	ena-SAMPLE-TAB-28-01-2025-22:30:17:500-24989	TLTX33		OTHER	PAIRED	NextSeq 2000	1272323	63616150	Homo sapiens
ERR14320493	SAMEA117636888	ena-SAMPLE-TAB-28-01-2025-22:30:17:500-24989	TLTX33		OTHER	PAIRED	NextSeq 2000	1280040	64002000	Homo sapiens
ERR14320496	SAMEA117636888	ena-SAMPLE-TAB-28-01-2025-22:30:17:500-24989	TLTX33		OTHER	PAIRED	NextSeq 2000	1076579	53828950	Homo sapiens
ERR14320523	SAMEA117636888	ena-SAMPLE-TAB-28-01-2025-22:30:17:500-24989	TLTX33		OTHER	PAIRED	NextSeq 2000	1529114	76455700	Homo sapiens
ERR14320533	SAMEA117636888	ena-SAMPLE-TAB-28-01-2025-22:30:17:500-24989	TLTX33		OTHER	PAIRED	NextSeq 2000	441168	22058400	Homo sapiens
ERR14320537	SAMEA117636888	ena-SAMPLE-TAB-28-01-2025-22:30:17:500-24989	TLTX33		OTHER	PAIRED	NextSeq 2000	1076628	53831400	Homo sapiens
ERR14320553	SAMEA117636888	ena-SAMPLE-TAB-28-01-2025-22:30:17:500-24989	TLTX33		OTHER	PAIRED	NextSeq 2000	1178474	58923700	Homo sapiens
ERR14320576	SAMEA117636888	ena-SAMPLE-TAB-28-01-2025-22:30:17:500-24989	TLTX33		OTHER	PAIRED	NextSeq 2000	1415323	70766150	Homo sapiens
ERR14320593	SAMEA117636888	ena-SAMPLE-TAB-28-01-2025-22:30:17:500-24989	TLTX33		OTHER	PAIRED	NextSeq 2000	1393963	69698150	Homo sapiens
ERR14320605	SAMEA117636888	ena-SAMPLE-TAB-28-01-2025-22:30:17:500-24989	TLTX33		OTHER	PAIRED	NextSeq 2000	696590	34829500	Homo sapiens
ERR14320618	SAMEA117636888	ena-SAMPLE-TAB-28-01-2025-22:30:17:500-24989	TLTX33		OTHER	PAIRED	NextSeq 2000	816246	40812300	Homo sapiens
ERR14320625	SAMEA117636888	ena-SAMPLE-TAB-28-01-2025-22:30:17:500-24989	TLTX33		OTHER	PAIRED	NextSeq 2000	1517785	75889250	Homo sapiens
ERR14320629	SAMEA117636888	ena-SAMPLE-TAB-28-01-2025-22:30:17:500-24989	TLTX33		OTHER	PAIRED	NextSeq 2000	1135686	56784300	Homo sapiens
ERR14320640	SAMEA117636888	ena-SAMPLE-TAB-28-01-2025-22:30:17:500-24989	TLTX33		OTHER	PAIRED	NextSeq 2000	1063797	53189850	Homo sapiens
ERR14320664	SAMEA117636888	ena-SAMPLE-TAB-28-01-2025-22:30:17:500-24989	TLTX33		OTHER	PAIRED	NextSeq 2000	750684	37534200	Homo sapiens
ERR14320683	SAMEA117636888	ena-SAMPLE-TAB-28-01-2025-22:30:17:500-24989	TLTX33		OTHER	PAIRED	NextSeq 2000	1312569	65628450	Homo sapiens
ERR14330002	SAMEA117636888	ena-SAMPLE-TAB-28-01-2025-22:30:17:500-24989	TLTX33		OTHER	SINGLE	NextSeq 2000	1	50	Homo sapiens
ERR14330004	SAMEA117636888	ena-SAMPLE-TAB-28-01-2025-22:30:17:500-24989	TLTX33		OTHER	SINGLE	NextSeq 2000	1	50	Homo sapiens
ERR14330005	SAMEA117636888	ena-SAMPLE-TAB-28-01-2025-22:30:17:500-24989	TLTX33		OTHER	SINGLE	NextSeq 2000	1	50	Homo sapiens
ERR14216220	SAMEA117633245	T25.2T.C3-B	T25.2T.C3-B_WES		WXS	SINGLE	Illumina HiSeq 4000	52450218	7867532700	Homo sapiens
ERR14216224	SAMEA117633249	T36.2T.A14	T36.2T.A14_WES		WXS	SINGLE	Illumina HiSeq 4000	100909912	15136486800	Homo sapiens
ERR14216263	SAMEA117633276	TLTX25.2T.FT	TLTX25.2T.FT_WES		WXS	PAIRED	Illumina HiSeq 4000	79208778	11881316700	Homo sapiens
ERR14216264	SAMEA117633277	TLTX33.2N.A18	TLTX33.2N.A18_WES		WXS	PAIRED	Illumina HiSeq 4000	97947906	14692185900	Homo sapiens
ERR14216266	SAMEA117633279	TLTX33.2T.A15	TLTX33.2T.A15_WES		WXS	PAIRED	Illumina HiSeq 4000	95181470	14277220500	Homo sapiens
ERR14216267	SAMEA117633280	TLTX33.2T.A2	TLTX33.2T.A2_WES		WXS	PAIRED	Illumina HiSeq 4000	142843396	21426509400	Homo sapiens
ERR14235385	SAMEA117636888	ena-SAMPLE-TAB-28-01-2025-22:30:17:500-24989	TLTX33		RNA-Seq	PAIRED	NextSeq 2000	0	0	Homo sapiens
ERR14237983	SAMEA117636889	ena-SAMPLE-TAB-28-01-2025-22:30:17:500-24990	TLTX18		RNA-Seq	PAIRED	NextSeq 2000	0	0	Homo sapiens
ERR14241249	SAMEA117636886	ena-SAMPLE-TAB-28-01-2025-22:30:17:500-24987	TLTX23		RNA-Seq	PAIRED	NextSeq 2000	0	0	Homo sapiens
ERR14244133	SAMEA117636891	ena-SAMPLE-TAB-28-01-2025-22:30:17:500-24992	TLTX11		RNA-Seq	PAIRED	NextSeq 2000	0	0	Homo sapiens
ERR14251244	SAMEA117636896	ena-SAMPLE-TAB-28-01-2025-22:30:17:501-24997	VP64153		RNA-Seq	PAIRED	NextSeq 2000	0	0	Homo sapiens
ERR14251248	SAMEA117636897	ena-SAMPLE-TAB-28-01-2025-22:30:17:501-24998	VP64152		RNA-Seq	PAIRED	NextSeq 2000	0	0	Homo sapiens
ERR14252067	SAMEA117636886	ena-SAMPLE-TAB-28-01-2025-22:30:17:500-24987	TLTX23		OTHER	PAIRED	NextSeq 2000	614720	30736000	Homo sapiens
ERR14252072	SAMEA117636886	ena-SAMPLE-TAB-28-01-2025-22:30:17:500-24987	TLTX23		OTHER	PAIRED	NextSeq 2000	1010356	50517800	Homo sapiens
ERR14252084	SAMEA117636886	ena-SAMPLE-TAB-28-01-2025-22:30:17:500-24987	TLTX23		OTHER	PAIRED	NextSeq 2000	1277370	63868500	Homo sapiens
ERR14252100	SAMEA117636886	ena-SAMPLE-TAB-28-01-2025-22:30:17:500-24987	TLTX23		OTHER	PAIRED	NextSeq 2000	1131784	56589200	Homo sapiens
ERR14252118	SAMEA117636886	ena-SAMPLE-TAB-28-01-2025-22:30:17:500-24987	TLTX23		OTHER	PAIRED	NextSeq 2000	1295132	64756600	Homo sapiens
ERR14252134	SAMEA117636886	ena-SAMPLE-TAB-28-01-2025-22:30:17:500-24987	TLTX23		OTHER	PAIRED	NextSeq 2000	1555325	77766250	Homo sapiens
ERR14252142	SAMEA117636886	ena-SAMPLE-TAB-28-01-2025-22:30:17:500-24987	TLTX23		OTHER	PAIRED	NextSeq 2000	967257	48362850	Homo sapiens
ERR14252148	SAMEA117636886	ena-SAMPLE-TAB-28-01-2025-22:30:17:500-24987	TLTX23		OTHER	PAIRED	NextSeq 2000	1221882	61094100	Homo sapiens
ERR14252183	SAMEA117636886	ena-SAMPLE-TAB-28-01-2025-22:30:17:500-24987	TLTX23		OTHER	PAIRED	NextSeq 2000	569504	28475200	Homo sapiens
ERR14252184	SAMEA117636886	ena-SAMPLE-TAB-28-01-2025-22:30:17:500-24987	TLTX23		OTHER	PAIRED	NextSeq 2000	1416370	70818500	Homo sapiens
ERR14252208	SAMEA117636886	ena-SAMPLE-TAB-28-01-2025-22:30:17:500-24987	TLTX23		OTHER	PAIRED	NextSeq 2000	1319020	65951000	Homo sapiens
ERR14252254	SAMEA117636886	ena-SAMPLE-TAB-28-01-2025-22:30:17:500-24987	TLTX23		OTHER	PAIRED	NextSeq 2000	1684022	84201100	Homo sapiens
ERR14252273	SAMEA117636886	ena-SAMPLE-TAB-28-01-2025-22:30:17:500-24987	TLTX23		OTHER	PAIRED	NextSeq 2000	1165063	58253150	Homo sapiens
ERR14252277	SAMEA117636886	ena-SAMPLE-TAB-28-01-2025-22:30:17:500-24987	TLTX23		OTHER	PAIRED	NextSeq 2000	1239241	61962050	Homo sapiens
ERR14252279	SAMEA117636886	ena-SAMPLE-TAB-28-01-2025-22:30:17:500-24987	TLTX23		OTHER	PAIRED	NextSeq 2000	1223738	61186900	Homo sapiens
ERR14252283	SAMEA117636886	ena-SAMPLE-TAB-28-01-2025-22:30:17:500-24987	TLTX23		OTHER	PAIRED	NextSeq 2000	1860938	93046900	Homo sapiens
ERR14252284	SAMEA117636886	ena-SAMPLE-TAB-28-01-2025-22:30:17:500-24987	TLTX23		OTHER	PAIRED	NextSeq 2000	1140760	57038000	Homo sapiens
ERR14252324	SAMEA117636886	ena-SAMPLE-TAB-28-01-2025-22:30:17:500-24987	TLTX23		OTHER	PAIRED	NextSeq 2000	606965	30348250	Homo sapiens
ERR14252341	SAMEA117636886	ena-SAMPLE-TAB-28-01-2025-22:30:17:500-24987	TLTX23		OTHER	PAIRED	NextSeq 2000	1223878	61193900	Homo sapiens
ERR14252348	SAMEA117636886	ena-SAMPLE-TAB-28-01-2025-22:30:17:500-24987	TLTX23		OTHER	PAIRED	NextSeq 2000	692491	34624550	Homo sapiens
ERR14252353	SAMEA117636886	ena-SAMPLE-TAB-28-01-2025-22:30:17:500-24987	TLTX23		OTHER	PAIRED	NextSeq 2000	1163752	58187600	Homo sapiens
ERR14252360	SAMEA117636886	ena-SAMPLE-TAB-28-01-2025-22:30:17:500-24987	TLTX23		OTHER	PAIRED	NextSeq 2000	1139606	56980300	Homo sapiens
ERR14252367	SAMEA117636886	ena-SAMPLE-TAB-28-01-2025-22:30:17:500-24987	TLTX23		OTHER	PAIRED	NextSeq 2000	984283	49214150	Homo sapiens
ERR14252381	SAMEA117636886	ena-SAMPLE-TAB-28-01-2025-22:30:17:500-24987	TLTX23		OTHER	PAIRED	NextSeq 2000	431024	21551200	Homo sapiens
ERR14252395	SAMEA117636886	ena-SAMPLE-TAB-28-01-2025-22:30:17:500-24987	TLTX23		OTHER	PAIRED	NextSeq 2000	1342824	67141200	Homo sapiens
ERR14252488	SAMEA117636886	ena-SAMPLE-TAB-28-01-2025-22:30:17:500-24987	TLTX23		OTHER	PAIRED	NextSeq 2000	1125886	56294300	Homo sapiens
ERR14252492	SAMEA117636886	ena-SAMPLE-TAB-28-01-2025-22:30:17:500-24987	TLTX23		OTHER	PAIRED	NextSeq 2000	1135368	56768400	Homo sapiens
ERR14252536	SAMEA117636886	ena-SAMPLE-TAB-28-01-2025-22:30:17:500-24987	TLTX23		OTHER	PAIRED	NextSeq 2000	1274008	63700400	Homo sapiens
ERR14252614	SAMEA117636886	ena-SAMPLE-TAB-28-01-2025-22:30:17:500-24987	TLTX23		OTHER	PAIRED	NextSeq 2000	1477844	73892200	Homo sapiens
ERR14252619	SAMEA117636886	ena-SAMPLE-TAB-28-01-2025-22:30:17:500-24987	TLTX23		OTHER	PAIRED	NextSeq 2000	1503834	75191700	Homo sapiens
ERR14252625	SAMEA117636886	ena-SAMPLE-TAB-28-01-2025-22:30:17:500-24987	TLTX23		OTHER	PAIRED	NextSeq 2000	1924098	96204900	Homo sapiens
ERR14252628	SAMEA117636886	ena-SAMPLE-TAB-28-01-2025-22:30:17:500-24987	TLTX23		OTHER	PAIRED	NextSeq 2000	927704	46385200	Homo sapiens
ERR14252688	SAMEA117636886	ena-SAMPLE-TAB-28-01-2025-22:30:17:500-24987	TLTX23		OTHER	PAIRED	NextSeq 2000	505643	25282150	Homo sapiens
ERR14252705	SAMEA117636886	ena-SAMPLE-TAB-28-01-2025-22:30:17:500-24987	TLTX23		OTHER	PAIRED	NextSeq 2000	218719	10935950	Homo sapiens
ERR14252708	SAMEA117636886	ena-SAMPLE-TAB-28-01-2025-22:30:17:500-24987	TLTX23		OTHER	PAIRED	NextSeq 2000	612702	30635100	Homo sapiens
ERR14252714	SAMEA117636886	ena-SAMPLE-TAB-28-01-2025-22:30:17:500-24987	TLTX23		OTHER	PAIRED	NextSeq 2000	1313197	65659850	Homo sapiens
ERR14252736	SAMEA117636886	ena-SAMPLE-TAB-28-01-2025-22:30:17:500-24987	TLTX23		OTHER	PAIRED	NextSeq 2000	1754415	87720750	Homo sapiens
ERR14252761	SAMEA117636886	ena-SAMPLE-TAB-28-01-2025-22:30:17:500-24987	TLTX23		OTHER	PAIRED	NextSeq 2000	419338	20966900	Homo sapiens
ERR14252766	SAMEA117636886	ena-SAMPLE-TAB-28-01-2025-22:30:17:500-24987	TLTX23		OTHER	PAIRED	NextSeq 2000	1265087	63254350	Homo sapiens
ERR14252788	SAMEA117636886	ena-SAMPLE-TAB-28-01-2025-22:30:17:500-24987	TLTX23		OTHER	PAIRED	NextSeq 2000	677278	33863900	Homo sapiens
ERR14252792	SAMEA117636886	ena-SAMPLE-TAB-28-01-2025-22:30:17:500-24987	TLTX23		OTHER	PAIRED	NextSeq 2000	882948	44147400	Homo sapiens
ERR14252805	SAMEA117636886	ena-SAMPLE-TAB-28-01-2025-22:30:17:500-24987	TLTX23		OTHER	PAIRED	NextSeq 2000	421659	21082950	Homo sapiens
ERR14252821	SAMEA117636886	ena-SAMPLE-TAB-28-01-2025-22:30:17:500-24987	TLTX23		OTHER	PAIRED	NextSeq 2000	658735	32936750	Homo sapiens
ERR14252839	SAMEA117636886	ena-SAMPLE-TAB-28-01-2025-22:30:17:500-24987	TLTX23		OTHER	PAIRED	NextSeq 2000	1317658	65882900	Homo sapiens
ERR14252860	SAMEA117636886	ena-SAMPLE-TAB-28-01-2025-22:30:17:500-24987	TLTX23		OTHER	PAIRED	NextSeq 2000	1273397	63669850	Homo sapiens
ERR14252885	SAMEA117636886	ena-SAMPLE-TAB-28-01-2025-22:30:17:500-24987	TLTX23		OTHER	PAIRED	NextSeq 2000	726259	36312950	Homo sapiens
ERR14252890	SAMEA117636886	ena-SAMPLE-TAB-28-01-2025-22:30:17:500-24987	TLTX23		OTHER	PAIRED	NextSeq 2000	761163	38058150	Homo sapiens
ERR14252911	SAMEA117636886	ena-SAMPLE-TAB-28-01-2025-22:30:17:500-24987	TLTX23		OTHER	PAIRED	NextSeq 2000	692412	34620600	Homo sapiens
ERR14252919	SAMEA117636886	ena-SAMPLE-TAB-28-01-2025-22:30:17:500-24987	TLTX23		OTHER	PAIRED	NextSeq 2000	819762	40988100	Homo sapiens
ERR14252921	SAMEA117636886	ena-SAMPLE-TAB-28-01-2025-22:30:17:500-24987	TLTX23		OTHER	PAIRED	NextSeq 2000	818359	40917950	Homo sapiens
ERR14252927	SAMEA117636886	ena-SAMPLE-TAB-28-01-2025-22:30:17:500-24987	TLTX23		OTHER	PAIRED	NextSeq 2000	783140	39157000	Homo sapiens
ERR14252929	SAMEA117636886	ena-SAMPLE-TAB-28-01-2025-22:30:17:500-24987	TLTX23		OTHER	PAIRED	NextSeq 2000	934538	46726900	Homo sapiens
ERR14252930	SAMEA117636886	ena-SAMPLE-TAB-28-01-2025-22:30:17:500-24987	TLTX23		OTHER	PAIRED	NextSeq 2000	723535	36176750	Homo sapiens
ERR14252945	SAMEA117636886	ena-SAMPLE-TAB-28-01-2025-22:30:17:500-24987	TLTX23		OTHER	PAIRED	NextSeq 2000	663951	33197550	Homo sapiens
ERR14252951	SAMEA117636886	ena-SAMPLE-TAB-28-01-2025-22:30:17:500-24987	TLTX23		OTHER	PAIRED	NextSeq 2000	593512	29675600	Homo sapiens
ERR14252981	SAMEA117636886	ena-SAMPLE-TAB-28-01-2025-22:30:17:500-24987	TLTX23		OTHER	PAIRED	NextSeq 2000	567176	28358800	Homo sapiens
ERR14252989	SAMEA117636886	ena-SAMPLE-TAB-28-01-2025-22:30:17:500-24987	TLTX23		OTHER	PAIRED	NextSeq 2000	693849	34692450	Homo sapiens
ERR14253001	SAMEA117636886	ena-SAMPLE-TAB-28-01-2025-22:30:17:500-24987	TLTX23		OTHER	PAIRED	NextSeq 2000	860828	43041400	Homo sapiens
ERR14253003	SAMEA117636886	ena-SAMPLE-TAB-28-01-2025-22:30:17:500-24987	TLTX23		OTHER	PAIRED	NextSeq 2000	604792	30239600	Homo sapiens
ERR14253115	SAMEA117636886	ena-SAMPLE-TAB-28-01-2025-22:30:17:500-24987	TLTX23		OTHER	PAIRED	NextSeq 2000	1436370	71818500	Homo sapiens
ERR14253118	SAMEA117636886	ena-SAMPLE-TAB-28-01-2025-22:30:17:500-24987	TLTX23		OTHER	PAIRED	NextSeq 2000	1115369	55768450	Homo sapiens
ERR14253149	SAMEA117636886	ena-SAMPLE-TAB-28-01-2025-22:30:17:500-24987	TLTX23		OTHER	PAIRED	NextSeq 2000	950796	47539800	Homo sapiens
ERR14253156	SAMEA117636886	ena-SAMPLE-TAB-28-01-2025-22:30:17:500-24987	TLTX23		OTHER	PAIRED	NextSeq 2000	1900933	95046650	Homo sapiens
ERR14253178	SAMEA117636886	ena-SAMPLE-TAB-28-01-2025-22:30:17:500-24987	TLTX23		OTHER	PAIRED	NextSeq 2000	1053347	52667350	Homo sapiens
ERR14253204	SAMEA117636886	ena-SAMPLE-TAB-28-01-2025-22:30:17:500-24987	TLTX23		OTHER	PAIRED	NextSeq 2000	2048836	102441800	Homo sapiens
ERR14253229	SAMEA117636886	ena-SAMPLE-TAB-28-01-2025-22:30:17:500-24987	TLTX23		OTHER	PAIRED	NextSeq 2000	837505	41875250	Homo sapiens
ERR14253242	SAMEA117636886	ena-SAMPLE-TAB-28-01-2025-22:30:17:500-24987	TLTX23		OTHER	PAIRED	NextSeq 2000	2745171	137258550	Homo sapiens
ERR14253248	SAMEA117636886	ena-SAMPLE-TAB-28-01-2025-22:30:17:500-24987	TLTX23		OTHER	PAIRED	NextSeq 2000	2160138	108006900	Homo sapiens
ERR14253254	SAMEA117636886	ena-SAMPLE-TAB-28-01-2025-22:30:17:500-24987	TLTX23		OTHER	PAIRED	NextSeq 2000	1918826	95941300	Homo sapiens
ERR14253307	SAMEA117636886	ena-SAMPLE-TAB-28-01-2025-22:30:17:500-24987	TLTX23		OTHER	PAIRED	NextSeq 2000	1977099	98854950	Homo sapiens
ERR14253310	SAMEA117636886	ena-SAMPLE-TAB-28-01-2025-22:30:17:500-24987	TLTX23		OTHER	PAIRED	NextSeq 2000	1504188	75209400	Homo sapiens
ERR14253315	SAMEA117636886	ena-SAMPLE-TAB-28-01-2025-22:30:17:500-24987	TLTX23		OTHER	PAIRED	NextSeq 2000	1578090	78904500	Homo sapiens
ERR14253318	SAMEA117636886	ena-SAMPLE-TAB-28-01-2025-22:30:17:500-24987	TLTX23		OTHER	PAIRED	NextSeq 2000	1935440	96772000	Homo sapiens
ERR14253323	SAMEA117636886	ena-SAMPLE-TAB-28-01-2025-22:30:17:500-24987	TLTX23		OTHER	PAIRED	NextSeq 2000	2171918	108595900	Homo sapiens
ERR14253340	SAMEA117636886	ena-SAMPLE-TAB-28-01-2025-22:30:17:500-24987	TLTX23		OTHER	PAIRED	NextSeq 2000	997008	49850400	Homo sapiens
ERR14253350	SAMEA117636886	ena-SAMPLE-TAB-28-01-2025-22:30:17:500-24987	TLTX23		OTHER	PAIRED	NextSeq 2000	1121516	56075800	Homo sapiens
ERR14253356	SAMEA117636886	ena-SAMPLE-TAB-28-01-2025-22:30:17:500-24987	TLTX23		OTHER	PAIRED	NextSeq 2000	467408	23370400	Homo sapiens
ERR14253368	SAMEA117636886	ena-SAMPLE-TAB-28-01-2025-22:30:17:500-24987	TLTX23		OTHER	PAIRED	NextSeq 2000	195153	9757650	Homo sapiens
ERR14253392	SAMEA117636886	ena-SAMPLE-TAB-28-01-2025-22:30:17:500-24987	TLTX23		OTHER	PAIRED	NextSeq 2000	1108659	55432950	Homo sapiens
ERR14253393	SAMEA117636886	ena-SAMPLE-TAB-28-01-2025-22:30:17:500-24987	TLTX23		OTHER	PAIRED	NextSeq 2000	1448654	72432700	Homo sapiens
ERR14253399	SAMEA117636886	ena-SAMPLE-TAB-28-01-2025-22:30:17:500-24987	TLTX23		OTHER	PAIRED	NextSeq 2000	1969996	98499800	Homo sapiens
ERR14253415	SAMEA117636886	ena-SAMPLE-TAB-28-01-2025-22:30:17:500-24987	TLTX23		OTHER	PAIRED	NextSeq 2000	1698481	84924050	Homo sapiens
ERR14253429	SAMEA117636886	ena-SAMPLE-TAB-28-01-2025-22:30:17:500-24987	TLTX23		OTHER	PAIRED	NextSeq 2000	2047477	102373850	Homo sapiens
ERR14253487	SAMEA117636886	ena-SAMPLE-TAB-28-01-2025-22:30:17:500-24987	TLTX23		OTHER	PAIRED	NextSeq 2000	1310350	65517500	Homo sapiens
ERR14253512	SAMEA117636886	ena-SAMPLE-TAB-28-01-2025-22:30:17:500-24987	TLTX23		OTHER	PAIRED	NextSeq 2000	526108	26305400	Homo sapiens
ERR14253558	SAMEA117636886	ena-SAMPLE-TAB-28-01-2025-22:30:17:500-24987	TLTX23		OTHER	PAIRED	NextSeq 2000	1283808	64190400	Homo sapiens
ERR14253567	SAMEA117636886	ena-SAMPLE-TAB-28-01-2025-22:30:17:500-24987	TLTX23		OTHER	PAIRED	NextSeq 2000	454810	22740500	Homo sapiens
ERR14253576	SAMEA117636886	ena-SAMPLE-TAB-28-01-2025-22:30:17:500-24987	TLTX23		OTHER	PAIRED	NextSeq 2000	1504654	75232700	Homo sapiens
ERR14253589	SAMEA117636886	ena-SAMPLE-TAB-28-01-2025-22:30:17:500-24987	TLTX23		OTHER	PAIRED	NextSeq 2000	1425981	71299050	Homo sapiens
ERR14253621	SAMEA117636886	ena-SAMPLE-TAB-28-01-2025-22:30:17:500-24987	TLTX23		OTHER	PAIRED	NextSeq 2000	733058	36652900	Homo sapiens
ERR14253639	SAMEA117636886	ena-SAMPLE-TAB-28-01-2025-22:30:17:500-24987	TLTX23		OTHER	PAIRED	NextSeq 2000	643490	32174500	Homo sapiens
ERR14253642	SAMEA117636886	ena-SAMPLE-TAB-28-01-2025-22:30:17:500-24987	TLTX23		OTHER	PAIRED	NextSeq 2000	561188	28059400	Homo sapiens
ERR14253681	SAMEA117636886	ena-SAMPLE-TAB-28-01-2025-22:30:17:500-24987	TLTX23		OTHER	PAIRED	NextSeq 2000	616648	30832400	Homo sapiens
ERR14253721	SAMEA117636886	ena-SAMPLE-TAB-28-01-2025-22:30:17:500-24987	TLTX23		OTHER	PAIRED	NextSeq 2000	792871	39643550	Homo sapiens
ERR14253732	SAMEA117636886	ena-SAMPLE-TAB-28-01-2025-22:30:17:500-24987	TLTX23		OTHER	PAIRED	NextSeq 2000	1730586	86529300	Homo sapiens
ERR14253740	SAMEA117636886	ena-SAMPLE-TAB-28-01-2025-22:30:17:500-24987	TLTX23		OTHER	PAIRED	NextSeq 2000	797841	39892050	Homo sapiens
ERR14253743	SAMEA117636886	ena-SAMPLE-TAB-28-01-2025-22:30:17:500-24987	TLTX23		OTHER	PAIRED	NextSeq 2000	854686	42734300	Homo sapiens
ERR14253774	SAMEA117636886	ena-SAMPLE-TAB-28-01-2025-22:30:17:500-24987	TLTX23		OTHER	PAIRED	NextSeq 2000	1766312	88315600	Homo sapiens
ERR14253802	SAMEA117636886	ena-SAMPLE-TAB-28-01-2025-22:30:17:500-24987	TLTX23		OTHER	PAIRED	NextSeq 2000	345516	17275800	Homo sapiens
ERR14253819	SAMEA117636886	ena-SAMPLE-TAB-28-01-2025-22:30:17:500-24987	TLTX23		OTHER	PAIRED	NextSeq 2000	197978	9898900	Homo sapiens
ERR14253825	SAMEA117636886	ena-SAMPLE-TAB-28-01-2025-22:30:17:500-24987	TLTX23		OTHER	PAIRED	NextSeq 2000	1024674	51233700	Homo sapiens
ERR14253826	SAMEA117636886	ena-SAMPLE-TAB-28-01-2025-22:30:17:500-24987	TLTX23		OTHER	PAIRED	NextSeq 2000	1263393	63169650	Homo sapiens
ERR14253840	SAMEA117636886	ena-SAMPLE-TAB-28-01-2025-22:30:17:500-24987	TLTX23		OTHER	PAIRED	NextSeq 2000	440877	22043850	Homo sapiens
ERR14253848	SAMEA117636886	ena-SAMPLE-TAB-28-01-2025-22:30:17:500-24987	TLTX23		OTHER	PAIRED	NextSeq 2000	527932	26396600	Homo sapiens
ERR14253859	SAMEA117636886	ena-SAMPLE-TAB-28-01-2025-22:30:17:500-24987	TLTX23		OTHER	PAIRED	NextSeq 2000	237186	11859300	Homo sapiens
ERR14253867	SAMEA117636886	ena-SAMPLE-TAB-28-01-2025-22:30:17:500-24987	TLTX23		OTHER	PAIRED	NextSeq 2000	245637	12281850	Homo sapiens
ERR14253877	SAMEA117636886	ena-SAMPLE-TAB-28-01-2025-22:30:17:500-24987	TLTX23		OTHER	PAIRED	NextSeq 2000	236902	11845100	Homo sapiens
ERR14253884	SAMEA117636886	ena-SAMPLE-TAB-28-01-2025-22:30:17:500-24987	TLTX23		OTHER	PAIRED	NextSeq 2000	233848	11692400	Homo sapiens
ERR14253885	SAMEA117636886	ena-SAMPLE-TAB-28-01-2025-22:30:17:500-24987	TLTX23		OTHER	PAIRED	NextSeq 2000	345179	17258950	Homo sapiens
ERR14253915	SAMEA117636886	ena-SAMPLE-TAB-28-01-2025-22:30:17:500-24987	TLTX23		OTHER	PAIRED	NextSeq 2000	1649882	82494100	Homo sapiens
ERR14253958	SAMEA117636886	ena-SAMPLE-TAB-28-01-2025-22:30:17:500-24987	TLTX23		OTHER	PAIRED	NextSeq 2000	1693853	84692650	Homo sapiens
ERR14253959	SAMEA117636886	ena-SAMPLE-TAB-28-01-2025-22:30:17:500-24987	TLTX23		OTHER	PAIRED	NextSeq 2000	1674741	83737050	Homo sapiens
ERR14253995	SAMEA117636886	ena-SAMPLE-TAB-28-01-2025-22:30:17:500-24987	TLTX23		OTHER	PAIRED	NextSeq 2000	1814380	90719000	Homo sapiens
ERR14254009	SAMEA117636886	ena-SAMPLE-TAB-28-01-2025-22:30:17:500-24987	TLTX23		OTHER	PAIRED	NextSeq 2000	338540	16927000	Homo sapiens
ERR14254010	SAMEA117636886	ena-SAMPLE-TAB-28-01-2025-22:30:17:500-24987	TLTX23		OTHER	PAIRED	NextSeq 2000	427294	21364700	Homo sapiens
ERR14254028	SAMEA117636886	ena-SAMPLE-TAB-28-01-2025-22:30:17:500-24987	TLTX23		OTHER	PAIRED	NextSeq 2000	258248	12912400	Homo sapiens
ERR14255516	SAMEA117636886	ena-SAMPLE-TAB-28-01-2025-22:30:17:500-24987	TLTX23		OTHER	PAIRED	NextSeq 2000	2666872	133343600	Homo sapiens
ERR14255527	SAMEA117636886	ena-SAMPLE-TAB-28-01-2025-22:30:17:500-24987	TLTX23		OTHER	PAIRED	NextSeq 2000	605050	30252500	Homo sapiens
ERR14255533	SAMEA117636886	ena-SAMPLE-TAB-28-01-2025-22:30:17:500-24987	TLTX23		OTHER	PAIRED	NextSeq 2000	1092925	54646250	Homo sapiens
ERR14255559	SAMEA117636886	ena-SAMPLE-TAB-28-01-2025-22:30:17:500-24987	TLTX23		OTHER	PAIRED	NextSeq 2000	869617	43480850	Homo sapiens
ERR14255572	SAMEA117636886	ena-SAMPLE-TAB-28-01-2025-22:30:17:500-24987	TLTX23		OTHER	PAIRED	NextSeq 2000	598984	29949200	Homo sapiens
ERR14255631	SAMEA117636886	ena-SAMPLE-TAB-28-01-2025-22:30:17:500-24987	TLTX23		OTHER	PAIRED	NextSeq 2000	596966	29848300	Homo sapiens
ERR14255678	SAMEA117636886	ena-SAMPLE-TAB-28-01-2025-22:30:17:500-24987	TLTX23		OTHER	PAIRED	NextSeq 2000	532930	26646500	Homo sapiens
ERR14255696	SAMEA117636886	ena-SAMPLE-TAB-28-01-2025-22:30:17:500-24987	TLTX23		OTHER	PAIRED	NextSeq 2000	551377	27568850	Homo sapiens
ERR14255697	SAMEA117636886	ena-SAMPLE-TAB-28-01-2025-22:30:17:500-24987	TLTX23		OTHER	PAIRED	NextSeq 2000	587888	29394400	Homo sapiens
ERR14255769	SAMEA117636886	ena-SAMPLE-TAB-28-01-2025-22:30:17:500-24987	TLTX23		OTHER	PAIRED	NextSeq 2000	944202	47210100	Homo sapiens
ERR14255831	SAMEA117636886	ena-SAMPLE-TAB-28-01-2025-22:30:17:500-24987	TLTX23		OTHER	PAIRED	NextSeq 2000	1236846	61842300	Homo sapiens
ERR14255845	SAMEA117636886	ena-SAMPLE-TAB-28-01-2025-22:30:17:500-24987	TLTX23		OTHER	PAIRED	NextSeq 2000	496630	24831500	Homo sapiens
ERR14255892	SAMEA117636886	ena-SAMPLE-TAB-28-01-2025-22:30:17:500-24987	TLTX23		OTHER	PAIRED	NextSeq 2000	1218923	60946150	Homo sapiens
ERR14255895	SAMEA117636886	ena-SAMPLE-TAB-28-01-2025-22:30:17:500-24987	TLTX23		OTHER	PAIRED	NextSeq 2000	943629	47181450	Homo sapiens
ERR14255897	SAMEA117636886	ena-SAMPLE-TAB-28-01-2025-22:30:17:500-24987	TLTX23		OTHER	PAIRED	NextSeq 2000	1252732	62636600	Homo sapiens
ERR14255910	SAMEA117636886	ena-SAMPLE-TAB-28-01-2025-22:30:17:500-24987	TLTX23		OTHER	PAIRED	NextSeq 2000	686894	34344700	Homo sapiens
ERR14255918	SAMEA117636886	ena-SAMPLE-TAB-28-01-2025-22:30:17:500-24987	TLTX23		OTHER	PAIRED	NextSeq 2000	1510942	75547100	Homo sapiens
ERR14255945	SAMEA117636886	ena-SAMPLE-TAB-28-01-2025-22:30:17:500-24987	TLTX23		OTHER	PAIRED	NextSeq 2000	1237389	61869450	Homo sapiens
ERR14256005	SAMEA117636886	ena-SAMPLE-TAB-28-01-2025-22:30:17:500-24987	TLTX23		OTHER	PAIRED	NextSeq 2000	179226	8961300	Homo sapiens
ERR14256006	SAMEA117636886	ena-SAMPLE-TAB-28-01-2025-22:30:17:500-24987	TLTX23		OTHER	PAIRED	NextSeq 2000	276670	13833500	Homo sapiens
ERR14256100	SAMEA117636886	ena-SAMPLE-TAB-28-01-2025-22:30:17:500-24987	TLTX23		OTHER	PAIRED	NextSeq 2000	463222	23161100	Homo sapiens
ERR14256133	SAMEA117636886	ena-SAMPLE-TAB-28-01-2025-22:30:17:500-24987	TLTX23		OTHER	PAIRED	NextSeq 2000	619330	30966500	Homo sapiens
ERR14256143	SAMEA117636886	ena-SAMPLE-TAB-28-01-2025-22:30:17:500-24987	TLTX23		OTHER	PAIRED	NextSeq 2000	386366	19318300	Homo sapiens
ERR14256160	SAMEA117636886	ena-SAMPLE-TAB-28-01-2025-22:30:17:500-24987	TLTX23		OTHER	PAIRED	NextSeq 2000	763599	38179950	Homo sapiens
ERR14256165	SAMEA117636886	ena-SAMPLE-TAB-28-01-2025-22:30:17:500-24987	TLTX23		OTHER	PAIRED	NextSeq 2000	1272784	63639200	Homo sapiens
ERR14256192	SAMEA117636886	ena-SAMPLE-TAB-28-01-2025-22:30:17:500-24987	TLTX23		OTHER	PAIRED	NextSeq 2000	368681	18434050	Homo sapiens
ERR14256202	SAMEA117636886	ena-SAMPLE-TAB-28-01-2025-22:30:17:500-24987	TLTX23		OTHER	PAIRED	NextSeq 2000	1577842	78892100	Homo sapiens
ERR14256205	SAMEA117636886	ena-SAMPLE-TAB-28-01-2025-22:30:17:500-24987	TLTX23		OTHER	PAIRED	NextSeq 2000	954138	47706900	Homo sapiens
ERR14256214	SAMEA117636886	ena-SAMPLE-TAB-28-01-2025-22:30:17:500-24987	TLTX23		OTHER	PAIRED	NextSeq 2000	745763	37288150	Homo sapiens
ERR14256231	SAMEA117636886	ena-SAMPLE-TAB-28-01-2025-22:30:17:500-24987	TLTX23		OTHER	PAIRED	NextSeq 2000	1262623	63131150	Homo sapiens
ERR14256242	SAMEA117636886	ena-SAMPLE-TAB-28-01-2025-22:30:17:500-24987	TLTX23		OTHER	PAIRED	NextSeq 2000	1117244	55862200	Homo sapiens
ERR14256405	SAMEA117636886	ena-SAMPLE-TAB-28-01-2025-22:30:17:500-24987	TLTX23		OTHER	PAIRED	NextSeq 2000	447176	22358800	Homo sapiens
ERR14256453	SAMEA117636886	ena-SAMPLE-TAB-28-01-2025-22:30:17:500-24987	TLTX23		OTHER	PAIRED	NextSeq 2000	525830	26291500	Homo sapiens
ERR14256472	SAMEA117636886	ena-SAMPLE-TAB-28-01-2025-22:30:17:500-24987	TLTX23		OTHER	PAIRED	NextSeq 2000	276736	13836800	Homo sapiens
ERR14256478	SAMEA117636886	ena-SAMPLE-TAB-28-01-2025-22:30:17:500-24987	TLTX23		OTHER	PAIRED	NextSeq 2000	1164024	58201200	Homo sapiens
ERR14256557	SAMEA117636886	ena-SAMPLE-TAB-28-01-2025-22:30:17:500-24987	TLTX23		OTHER	PAIRED	NextSeq 2000	1309190	65459500	Homo sapiens
ERR14256560	SAMEA117636886	ena-SAMPLE-TAB-28-01-2025-22:30:17:500-24987	TLTX23		OTHER	PAIRED	NextSeq 2000	703575	35178750	Homo sapiens
ERR14256583	SAMEA117636886	ena-SAMPLE-TAB-28-01-2025-22:30:17:500-24987	TLTX23		OTHER	PAIRED	NextSeq 2000	1286578	64328900	Homo sapiens
ERR14256597	SAMEA117636886	ena-SAMPLE-TAB-28-01-2025-22:30:17:500-24987	TLTX23		OTHER	PAIRED	NextSeq 2000	520479	26023950	Homo sapiens
ERR14256616	SAMEA117636886	ena-SAMPLE-TAB-28-01-2025-22:30:17:500-24987	TLTX23		OTHER	PAIRED	NextSeq 2000	248160	12408000	Homo sapiens
ERR14256664	SAMEA117636886	ena-SAMPLE-TAB-28-01-2025-22:30:17:500-24987	TLTX23		OTHER	PAIRED	NextSeq 2000	767238	38361900	Homo sapiens
ERR14256692	SAMEA117636886	ena-SAMPLE-TAB-28-01-2025-22:30:17:500-24987	TLTX23		OTHER	PAIRED	NextSeq 2000	939337	46966850	Homo sapiens
ERR14256708	SAMEA117636886	ena-SAMPLE-TAB-28-01-2025-22:30:17:500-24987	TLTX23		OTHER	PAIRED	NextSeq 2000	283285	14164250	Homo sapiens
ERR14256736	SAMEA117636886	ena-SAMPLE-TAB-28-01-2025-22:30:17:500-24987	TLTX23		OTHER	PAIRED	NextSeq 2000	807916	40395800	Homo sapiens
ERR14256782	SAMEA117636886	ena-SAMPLE-TAB-28-01-2025-22:30:17:500-24987	TLTX23		OTHER	PAIRED	NextSeq 2000	896973	44848650	Homo sapiens
ERR14256809	SAMEA117636886	ena-SAMPLE-TAB-28-01-2025-22:30:17:500-24987	TLTX23		OTHER	PAIRED	NextSeq 2000	742063	37103150	Homo sapiens
ERR14256819	SAMEA117636886	ena-SAMPLE-TAB-28-01-2025-22:30:17:500-24987	TLTX23		OTHER	PAIRED	NextSeq 2000	1284937	64246850	Homo sapiens
ERR14256834	SAMEA117636886	ena-SAMPLE-TAB-28-01-2025-22:30:17:500-24987	TLTX23		OTHER	PAIRED	NextSeq 2000	826134	41306700	Homo sapiens
ERR14256849	SAMEA117636886	ena-SAMPLE-TAB-28-01-2025-22:30:17:500-24987	TLTX23		OTHER	PAIRED	NextSeq 2000	207976	10398800	Homo sapiens
ERR14256860	SAMEA117636886	ena-SAMPLE-TAB-28-01-2025-22:30:17:500-24987	TLTX23		OTHER	PAIRED	NextSeq 2000	1311251	65562550	Homo sapiens
ERR14256919	SAMEA117636886	ena-SAMPLE-TAB-28-01-2025-22:30:17:500-24987	TLTX23		OTHER	PAIRED	NextSeq 2000	404134	20206700	Homo sapiens
ERR14256937	SAMEA117636886	ena-SAMPLE-TAB-28-01-2025-22:30:17:500-24987	TLTX23		OTHER	PAIRED	NextSeq 2000	1122166	56108300	Homo sapiens
ERR14256939	SAMEA117636886	ena-SAMPLE-TAB-28-01-2025-22:30:17:500-24987	TLTX23		OTHER	PAIRED	NextSeq 2000	865419	43270950	Homo sapiens
ERR14256944	SAMEA117636886	ena-SAMPLE-TAB-28-01-2025-22:30:17:500-24987	TLTX23		OTHER	PAIRED	NextSeq 2000	857046	42852300	Homo sapiens
ERR14256983	SAMEA117636886	ena-SAMPLE-TAB-28-01-2025-22:30:17:500-24987	TLTX23		OTHER	PAIRED	NextSeq 2000	1124683	56234150	Homo sapiens
ERR14257006	SAMEA117636886	ena-SAMPLE-TAB-28-01-2025-22:30:17:500-24987	TLTX23		OTHER	PAIRED	NextSeq 2000	1014234	50711700	Homo sapiens
ERR14257025	SAMEA117636886	ena-SAMPLE-TAB-28-01-2025-22:30:17:500-24987	TLTX23		OTHER	PAIRED	NextSeq 2000	1214288	60714400	Homo sapiens
ERR14257030	SAMEA117636886	ena-SAMPLE-TAB-28-01-2025-22:30:17:500-24987	TLTX23		OTHER	PAIRED	NextSeq 2000	1141212	57060600	Homo sapiens
ERR14257032	SAMEA117636886	ena-SAMPLE-TAB-28-01-2025-22:30:17:500-24987	TLTX23		OTHER	PAIRED	NextSeq 2000	1067072	53353600	Homo sapiens
ERR14257035	SAMEA117636886	ena-SAMPLE-TAB-28-01-2025-22:30:17:500-24987	TLTX23		OTHER	PAIRED	NextSeq 2000	1495244	74762200	Homo sapiens
ERR14257039	SAMEA117636886	ena-SAMPLE-TAB-28-01-2025-22:30:17:500-24987	TLTX23		OTHER	PAIRED	NextSeq 2000	1682522	84126100	Homo sapiens
ERR14257063	SAMEA117636886	ena-SAMPLE-TAB-28-01-2025-22:30:17:500-24987	TLTX23		OTHER	PAIRED	NextSeq 2000	567260	28363000	Homo sapiens
ERR14257080	SAMEA117636886	ena-SAMPLE-TAB-28-01-2025-22:30:17:500-24987	TLTX23		OTHER	PAIRED	NextSeq 2000	569646	28482300	Homo sapiens
ERR14257095	SAMEA117636886	ena-SAMPLE-TAB-28-01-2025-22:30:17:500-24987	TLTX23		OTHER	PAIRED	NextSeq 2000	1826908	91345400	Homo sapiens
ERR14257106	SAMEA117636886	ena-SAMPLE-TAB-28-01-2025-22:30:17:500-24987	TLTX23		OTHER	PAIRED	NextSeq 2000	626763	31338150	Homo sapiens
ERR14257130	SAMEA117636886	ena-SAMPLE-TAB-28-01-2025-22:30:17:500-24987	TLTX23		OTHER	PAIRED	NextSeq 2000	1046591	52329550	Homo sapiens
ERR14257135	SAMEA117636886	ena-SAMPLE-TAB-28-01-2025-22:30:17:500-24987	TLTX23		OTHER	PAIRED	NextSeq 2000	571372	28568600	Homo sapiens
ERR14257148	SAMEA117636886	ena-SAMPLE-TAB-28-01-2025-22:30:17:500-24987	TLTX23		OTHER	PAIRED	NextSeq 2000	1425601	71280050	Homo sapiens
ERR14257200	SAMEA117636886	ena-SAMPLE-TAB-28-01-2025-22:30:17:500-24987	TLTX23		OTHER	PAIRED	NextSeq 2000	912942	45647100	Homo sapiens
ERR14257201	SAMEA117636886	ena-SAMPLE-TAB-28-01-2025-22:30:17:500-24987	TLTX23		OTHER	PAIRED	NextSeq 2000	968634	48431700	Homo sapiens
ERR14257204	SAMEA117636886	ena-SAMPLE-TAB-28-01-2025-22:30:17:500-24987	TLTX23		OTHER	PAIRED	NextSeq 2000	1308772	65438600	Homo sapiens
ERR14257218	SAMEA117636886	ena-SAMPLE-TAB-28-01-2025-22:30:17:500-24987	TLTX23		OTHER	PAIRED	NextSeq 2000	497208	24860400	Homo sapiens
ERR14257237	SAMEA117636886	ena-SAMPLE-TAB-28-01-2025-22:30:17:500-24987	TLTX23		OTHER	PAIRED	NextSeq 2000	813073	40653650	Homo sapiens
ERR14257264	SAMEA117636886	ena-SAMPLE-TAB-28-01-2025-22:30:17:500-24987	TLTX23		OTHER	PAIRED	NextSeq 2000	1152497	57624850	Homo sapiens
ERR14257367	SAMEA117636886	ena-SAMPLE-TAB-28-01-2025-22:30:17:500-24987	TLTX23		OTHER	PAIRED	NextSeq 2000	829096	41454800	Homo sapiens
ERR14257373	SAMEA117636886	ena-SAMPLE-TAB-28-01-2025-22:30:17:500-24987	TLTX23		OTHER	PAIRED	NextSeq 2000	820005	41000250	Homo sapiens
ERR14257382	SAMEA117636886	ena-SAMPLE-TAB-28-01-2025-22:30:17:500-24987	TLTX23		OTHER	PAIRED	NextSeq 2000	918943	45947150	Homo sapiens
ERR14257393	SAMEA117636886	ena-SAMPLE-TAB-28-01-2025-22:30:17:500-24987	TLTX23		OTHER	PAIRED	NextSeq 2000	1527640	76382000	Homo sapiens
ERR14257399	SAMEA117636886	ena-SAMPLE-TAB-28-01-2025-22:30:17:500-24987	TLTX23		OTHER	PAIRED	NextSeq 2000	1173628	58681400	Homo sapiens
ERR14257415	SAMEA117636886	ena-SAMPLE-TAB-28-01-2025-22:30:17:500-24987	TLTX23		OTHER	PAIRED	NextSeq 2000	732142	36607100	Homo sapiens
ERR14257419	SAMEA117636886	ena-SAMPLE-TAB-28-01-2025-22:30:17:500-24987	TLTX23		OTHER	PAIRED	NextSeq 2000	511522	25576100	Homo sapiens
ERR14257428	SAMEA117636886	ena-SAMPLE-TAB-28-01-2025-22:30:17:500-24987	TLTX23		OTHER	PAIRED	NextSeq 2000	631152	31557600	Homo sapiens
ERR14257465	SAMEA117636886	ena-SAMPLE-TAB-28-01-2025-22:30:17:500-24987	TLTX23		OTHER	PAIRED	NextSeq 2000	664650	33232500	Homo sapiens
ERR14257480	SAMEA117636886	ena-SAMPLE-TAB-28-01-2025-22:30:17:500-24987	TLTX23		OTHER	PAIRED	NextSeq 2000	457239	22861950	Homo sapiens
ERR14257506	SAMEA117636886	ena-SAMPLE-TAB-28-01-2025-22:30:17:500-24987	TLTX23		OTHER	PAIRED	NextSeq 2000	1323495	66174750	Homo sapiens
ERR14257523	SAMEA117636886	ena-SAMPLE-TAB-28-01-2025-22:30:17:500-24987	TLTX23		OTHER	PAIRED	NextSeq 2000	1689733	84486650	Homo sapiens
ERR14257552	SAMEA117636886	ena-SAMPLE-TAB-28-01-2025-22:30:17:500-24987	TLTX23		OTHER	PAIRED	NextSeq 2000	336995	16849750	Homo sapiens
ERR14257578	SAMEA117636886	ena-SAMPLE-TAB-28-01-2025-22:30:17:500-24987	TLTX23		OTHER	PAIRED	NextSeq 2000	1487136	74356800	Homo sapiens
ERR14257630	SAMEA117636886	ena-SAMPLE-TAB-28-01-2025-22:30:17:500-24987	TLTX23		OTHER	PAIRED	NextSeq 2000	900194	45009700	Homo sapiens
ERR14257662	SAMEA117636886	ena-SAMPLE-TAB-28-01-2025-22:30:17:500-24987	TLTX23		OTHER	PAIRED	NextSeq 2000	1570302	78515100	Homo sapiens
ERR14257718	SAMEA117636886	ena-SAMPLE-TAB-28-01-2025-22:30:17:500-24987	TLTX23		OTHER	PAIRED	NextSeq 2000	1093402	54670100	Homo sapiens
ERR14257777	SAMEA117636886	ena-SAMPLE-TAB-28-01-2025-22:30:17:500-24987	TLTX23		OTHER	PAIRED	NextSeq 2000	700280	35014000	Homo sapiens
ERR14257866	SAMEA117636886	ena-SAMPLE-TAB-28-01-2025-22:30:17:500-24987	TLTX23		OTHER	PAIRED	NextSeq 2000	677137	33856850	Homo sapiens
ERR14257880	SAMEA117636886	ena-SAMPLE-TAB-28-01-2025-22:30:17:500-24987	TLTX23		OTHER	PAIRED	NextSeq 2000	1173956	58697800	Homo sapiens
ERR14257887	SAMEA117636886	ena-SAMPLE-TAB-28-01-2025-22:30:17:500-24987	TLTX23		OTHER	PAIRED	NextSeq 2000	1543886	77194300	Homo sapiens
ERR14257918	SAMEA117636886	ena-SAMPLE-TAB-28-01-2025-22:30:17:500-24987	TLTX23		OTHER	PAIRED	NextSeq 2000	682783	34139150	Homo sapiens
ERR14257960	SAMEA117636886	ena-SAMPLE-TAB-28-01-2025-22:30:17:500-24987	TLTX23		OTHER	PAIRED	NextSeq 2000	1306688	65334400	Homo sapiens
ERR14257967	SAMEA117636886	ena-SAMPLE-TAB-28-01-2025-22:30:17:500-24987	TLTX23		OTHER	PAIRED	NextSeq 2000	922140	46107000	Homo sapiens
ERR14258006	SAMEA117636886	ena-SAMPLE-TAB-28-01-2025-22:30:17:500-24987	TLTX23		OTHER	PAIRED	NextSeq 2000	1339995	66999750	Homo sapiens
ERR14258011	SAMEA117636886	ena-SAMPLE-TAB-28-01-2025-22:30:17:500-24987	TLTX23		OTHER	PAIRED	NextSeq 2000	975421	48771050	Homo sapiens
ERR14258045	SAMEA117636886	ena-SAMPLE-TAB-28-01-2025-22:30:17:500-24987	TLTX23		OTHER	PAIRED	NextSeq 2000	1325453	66272650	Homo sapiens
ERR14258052	SAMEA117636886	ena-SAMPLE-TAB-28-01-2025-22:30:17:500-24987	TLTX23		OTHER	PAIRED	NextSeq 2000	1455948	72797400	Homo sapiens
ERR14258063	SAMEA117636886	ena-SAMPLE-TAB-28-01-2025-22:30:17:500-24987	TLTX23		OTHER	PAIRED	NextSeq 2000	2026761	101338050	Homo sapiens
ERR14258073	SAMEA117636886	ena-SAMPLE-TAB-28-01-2025-22:30:17:500-24987	TLTX23		OTHER	PAIRED	NextSeq 2000	890905	44545250	Homo sapiens
ERR14258114	SAMEA117636886	ena-SAMPLE-TAB-28-01-2025-22:30:17:500-24987	TLTX23		OTHER	PAIRED	NextSeq 2000	1280314	64015700	Homo sapiens
ERR14258141	SAMEA117636886	ena-SAMPLE-TAB-28-01-2025-22:30:17:500-24987	TLTX23		OTHER	PAIRED	NextSeq 2000	1044755	52237750	Homo sapiens
ERR14258165	SAMEA117636886	ena-SAMPLE-TAB-28-01-2025-22:30:17:500-24987	TLTX23		OTHER	PAIRED	NextSeq 2000	921284	46064200	Homo sapiens
ERR14258176	SAMEA117636886	ena-SAMPLE-TAB-28-01-2025-22:30:17:500-24987	TLTX23		OTHER	PAIRED	NextSeq 2000	1417483	70874150	Homo sapiens
ERR14258203	SAMEA117636886	ena-SAMPLE-TAB-28-01-2025-22:30:17:500-24987	TLTX23		OTHER	PAIRED	NextSeq 2000	905397	45269850	Homo sapiens
ERR14258220	SAMEA117636886	ena-SAMPLE-TAB-28-01-2025-22:30:17:500-24987	TLTX23		OTHER	PAIRED	NextSeq 2000	1433362	71668100	Homo sapiens
ERR14258227	SAMEA117636886	ena-SAMPLE-TAB-28-01-2025-22:30:17:500-24987	TLTX23		OTHER	PAIRED	NextSeq 2000	1203206	60160300	Homo sapiens
ERR14258240	SAMEA117636886	ena-SAMPLE-TAB-28-01-2025-22:30:17:500-24987	TLTX23		OTHER	PAIRED	NextSeq 2000	1765680	88284000	Homo sapiens
ERR14258294	SAMEA117636886	ena-SAMPLE-TAB-28-01-2025-22:30:17:500-24987	TLTX23		OTHER	PAIRED	NextSeq 2000	2246578	112328900	Homo sapiens
ERR14258313	SAMEA117636886	ena-SAMPLE-TAB-28-01-2025-22:30:17:500-24987	TLTX23		OTHER	PAIRED	NextSeq 2000	480475	24023750	Homo sapiens
ERR14258330	SAMEA117636886	ena-SAMPLE-TAB-28-01-2025-22:30:17:500-24987	TLTX23		OTHER	PAIRED	NextSeq 2000	859690	42984500	Homo sapiens
ERR14258332	SAMEA117636886	ena-SAMPLE-TAB-28-01-2025-22:30:17:500-24987	TLTX23		OTHER	PAIRED	NextSeq 2000	911430	45571500	Homo sapiens
ERR14258336	SAMEA117636886	ena-SAMPLE-TAB-28-01-2025-22:30:17:500-24987	TLTX23		OTHER	PAIRED	NextSeq 2000	1198844	59942200	Homo sapiens
ERR14258338	SAMEA117636886	ena-SAMPLE-TAB-28-01-2025-22:30:17:500-24987	TLTX23		OTHER	PAIRED	NextSeq 2000	827093	41354650	Homo sapiens
ERR14258356	SAMEA117636886	ena-SAMPLE-TAB-28-01-2025-22:30:17:500-24987	TLTX23		OTHER	PAIRED	NextSeq 2000	663723	33186150	Homo sapiens
ERR14258358	SAMEA117636886	ena-SAMPLE-TAB-28-01-2025-22:30:17:500-24987	TLTX23		OTHER	PAIRED	NextSeq 2000	915764	45788200	Homo sapiens
ERR14258361	SAMEA117636886	ena-SAMPLE-TAB-28-01-2025-22:30:17:500-24987	TLTX23		OTHER	PAIRED	NextSeq 2000	557017	27850850	Homo sapiens
ERR14258385	SAMEA117636886	ena-SAMPLE-TAB-28-01-2025-22:30:17:500-24987	TLTX23		OTHER	PAIRED	NextSeq 2000	1111058	55552900	Homo sapiens
ERR14258396	SAMEA117636886	ena-SAMPLE-TAB-28-01-2025-22:30:17:500-24987	TLTX23		OTHER	PAIRED	NextSeq 2000	1291633	64581650	Homo sapiens
ERR14258435	SAMEA117636886	ena-SAMPLE-TAB-28-01-2025-22:30:17:500-24987	TLTX23		OTHER	PAIRED	NextSeq 2000	907930	45396500	Homo sapiens
ERR14275152	SAMEA117636889	ena-SAMPLE-TAB-28-01-2025-22:30:17:500-24990	TLTX18		OTHER	SINGLE	NextSeq 2000	868	43400	Homo sapiens
ERR14275156	SAMEA117636889	ena-SAMPLE-TAB-28-01-2025-22:30:17:500-24990	TLTX18		OTHER	PAIRED	NextSeq 2000	1030	51500	Homo sapiens
ERR14275157	SAMEA117636889	ena-SAMPLE-TAB-28-01-2025-22:30:17:500-24990	TLTX18		OTHER	PAIRED	NextSeq 2000	1509516	75475800	Homo sapiens
ERR14275158	SAMEA117636889	ena-SAMPLE-TAB-28-01-2025-22:30:17:500-24990	TLTX18		OTHER	PAIRED	NextSeq 2000	64	3200	Homo sapiens
ERR14275168	SAMEA117636889	ena-SAMPLE-TAB-28-01-2025-22:30:17:500-24990	TLTX18		OTHER	PAIRED	NextSeq 2000	402	20100	Homo sapiens
ERR14275177	SAMEA117636889	ena-SAMPLE-TAB-28-01-2025-22:30:17:500-24990	TLTX18		OTHER	PAIRED	NextSeq 2000	860	43000	Homo sapiens
ERR14275179	SAMEA117636889	ena-SAMPLE-TAB-28-01-2025-22:30:17:500-24990	TLTX18		OTHER	PAIRED	NextSeq 2000	470	23500	Homo sapiens
ERR14275180	SAMEA117636889	ena-SAMPLE-TAB-28-01-2025-22:30:17:500-24990	TLTX18		OTHER	PAIRED	NextSeq 2000	460	23000	Homo sapiens
ERR14275185	SAMEA117636889	ena-SAMPLE-TAB-28-01-2025-22:30:17:500-24990	TLTX18		OTHER	PAIRED	NextSeq 2000	1230	61500	Homo sapiens
ERR14275186	SAMEA117636889	ena-SAMPLE-TAB-28-01-2025-22:30:17:500-24990	TLTX18		OTHER	PAIRED	NextSeq 2000	154	7700	Homo sapiens
ERR14275189	SAMEA117636889	ena-SAMPLE-TAB-28-01-2025-22:30:17:500-24990	TLTX18		OTHER	PAIRED	NextSeq 2000	971146	48557300	Homo sapiens
ERR14275191	SAMEA117636889	ena-SAMPLE-TAB-28-01-2025-22:30:17:500-24990	TLTX18		OTHER	PAIRED	NextSeq 2000	172	8600	Homo sapiens
ERR14275199	SAMEA117636889	ena-SAMPLE-TAB-28-01-2025-22:30:17:500-24990	TLTX18		OTHER	PAIRED	NextSeq 2000	1036	51800	Homo sapiens
ERR14275201	SAMEA117636889	ena-SAMPLE-TAB-28-01-2025-22:30:17:500-24990	TLTX18		OTHER	PAIRED	NextSeq 2000	1116884	55844200	Homo sapiens
ERR14275208	SAMEA117636889	ena-SAMPLE-TAB-28-01-2025-22:30:17:500-24990	TLTX18		OTHER	PAIRED	NextSeq 2000	484	24200	Homo sapiens
ERR14275213	SAMEA117636889	ena-SAMPLE-TAB-28-01-2025-22:30:17:500-24990	TLTX18		OTHER	PAIRED	NextSeq 2000	192	9600	Homo sapiens
ERR14275215	SAMEA117636889	ena-SAMPLE-TAB-28-01-2025-22:30:17:500-24990	TLTX18		OTHER	PAIRED	NextSeq 2000	1174550	58727500	Homo sapiens
ERR14275223	SAMEA117636889	ena-SAMPLE-TAB-28-01-2025-22:30:17:500-24990	TLTX18		OTHER	PAIRED	NextSeq 2000	786	39300	Homo sapiens
ERR14275224	SAMEA117636889	ena-SAMPLE-TAB-28-01-2025-22:30:17:500-24990	TLTX18		OTHER	PAIRED	NextSeq 2000	174	8700	Homo sapiens
ERR14275243	SAMEA117636889	ena-SAMPLE-TAB-28-01-2025-22:30:17:500-24990	TLTX18		OTHER	PAIRED	NextSeq 2000	1518	75900	Homo sapiens
ERR14275249	SAMEA117636889	ena-SAMPLE-TAB-28-01-2025-22:30:17:500-24990	TLTX18		OTHER	PAIRED	NextSeq 2000	1676	83800	Homo sapiens
ERR14275251	SAMEA117636889	ena-SAMPLE-TAB-28-01-2025-22:30:17:500-24990	TLTX18		OTHER	PAIRED	NextSeq 2000	1038	51900	Homo sapiens
ERR14275254	SAMEA117636889	ena-SAMPLE-TAB-28-01-2025-22:30:17:500-24990	TLTX18		OTHER	PAIRED	NextSeq 2000	1880	94000	Homo sapiens
ERR14275271	SAMEA117636889	ena-SAMPLE-TAB-28-01-2025-22:30:17:500-24990	TLTX18		OTHER	PAIRED	NextSeq 2000	1685680	84284000	Homo sapiens
ERR14275277	SAMEA117636889	ena-SAMPLE-TAB-28-01-2025-22:30:17:500-24990	TLTX18		OTHER	PAIRED	NextSeq 2000	1484224	74211200	Homo sapiens
ERR14275284	SAMEA117636889	ena-SAMPLE-TAB-28-01-2025-22:30:17:500-24990	TLTX18		OTHER	PAIRED	NextSeq 2000	1612	80600	Homo sapiens
ERR14275289	SAMEA117636889	ena-SAMPLE-TAB-28-01-2025-22:30:17:500-24990	TLTX18		OTHER	PAIRED	NextSeq 2000	1408194	70409700	Homo sapiens
ERR14275290	SAMEA117636889	ena-SAMPLE-TAB-28-01-2025-22:30:17:500-24990	TLTX18		OTHER	PAIRED	NextSeq 2000	1360	68000	Homo sapiens
ERR14275291	SAMEA117636889	ena-SAMPLE-TAB-28-01-2025-22:30:17:500-24990	TLTX18		OTHER	PAIRED	NextSeq 2000	2392	119600	Homo sapiens
ERR14275295	SAMEA117636889	ena-SAMPLE-TAB-28-01-2025-22:30:17:500-24990	TLTX18		OTHER	PAIRED	NextSeq 2000	1584518	79225900	Homo sapiens
ERR14275298	SAMEA117636889	ena-SAMPLE-TAB-28-01-2025-22:30:17:500-24990	TLTX18		OTHER	PAIRED	NextSeq 2000	710	35500	Homo sapiens
ERR14275300	SAMEA117636889	ena-SAMPLE-TAB-28-01-2025-22:30:17:500-24990	TLTX18		OTHER	PAIRED	NextSeq 2000	1510	75500	Homo sapiens
ERR14275304	SAMEA117636889	ena-SAMPLE-TAB-28-01-2025-22:30:17:500-24990	TLTX18		OTHER	PAIRED	NextSeq 2000	1412	70600	Homo sapiens
ERR14275305	SAMEA117636889	ena-SAMPLE-TAB-28-01-2025-22:30:17:500-24990	TLTX18		OTHER	PAIRED	NextSeq 2000	774	38700	Homo sapiens
ERR14275307	SAMEA117636889	ena-SAMPLE-TAB-28-01-2025-22:30:17:500-24990	TLTX18		OTHER	PAIRED	NextSeq 2000	1028	51400	Homo sapiens
ERR14275311	SAMEA117636889	ena-SAMPLE-TAB-28-01-2025-22:30:17:500-24990	TLTX18		OTHER	PAIRED	NextSeq 2000	1298096	64904800	Homo sapiens
ERR14275333	SAMEA117636889	ena-SAMPLE-TAB-28-01-2025-22:30:17:500-24990	TLTX18		OTHER	PAIRED	NextSeq 2000	1517588	75879400	Homo sapiens
ERR14275347	SAMEA117636889	ena-SAMPLE-TAB-28-01-2025-22:30:17:500-24990	TLTX18		OTHER	PAIRED	NextSeq 2000	926	46300	Homo sapiens
ERR14275348	SAMEA117636889	ena-SAMPLE-TAB-28-01-2025-22:30:17:500-24990	TLTX18		OTHER	PAIRED	NextSeq 2000	952	47600	Homo sapiens
ERR14275363	SAMEA117636889	ena-SAMPLE-TAB-28-01-2025-22:30:17:500-24990	TLTX18		OTHER	PAIRED	NextSeq 2000	1296	64800	Homo sapiens
ERR14275366	SAMEA117636889	ena-SAMPLE-TAB-28-01-2025-22:30:17:500-24990	TLTX18		OTHER	PAIRED	NextSeq 2000	1653214	82660700	Homo sapiens
ERR14275367	SAMEA117636889	ena-SAMPLE-TAB-28-01-2025-22:30:17:500-24990	TLTX18		OTHER	PAIRED	NextSeq 2000	1114	55700	Homo sapiens
ERR14275369	SAMEA117636889	ena-SAMPLE-TAB-28-01-2025-22:30:17:500-24990	TLTX18		OTHER	PAIRED	NextSeq 2000	1162	58100	Homo sapiens
ERR14275377	SAMEA117636889	ena-SAMPLE-TAB-28-01-2025-22:30:17:500-24990	TLTX18		OTHER	PAIRED	NextSeq 2000	718	35900	Homo sapiens
ERR14275381	SAMEA117636889	ena-SAMPLE-TAB-28-01-2025-22:30:17:500-24990	TLTX18		OTHER	PAIRED	NextSeq 2000	1244	62200	Homo sapiens
ERR14275383	SAMEA117636889	ena-SAMPLE-TAB-28-01-2025-22:30:17:500-24990	TLTX18		OTHER	PAIRED	NextSeq 2000	984	49200	Homo sapiens
ERR14275388	SAMEA117636889	ena-SAMPLE-TAB-28-01-2025-22:30:17:500-24990	TLTX18		OTHER	PAIRED	NextSeq 2000	982	49100	Homo sapiens
ERR14275389	SAMEA117636889	ena-SAMPLE-TAB-28-01-2025-22:30:17:500-24990	TLTX18		OTHER	PAIRED	NextSeq 2000	1216	60800	Homo sapiens
ERR14275392	SAMEA117636889	ena-SAMPLE-TAB-28-01-2025-22:30:17:500-24990	TLTX18		OTHER	PAIRED	NextSeq 2000	1147748	57387400	Homo sapiens
ERR14275395	SAMEA117636889	ena-SAMPLE-TAB-28-01-2025-22:30:17:500-24990	TLTX18		OTHER	PAIRED	NextSeq 2000	584	29200	Homo sapiens
ERR14275423	SAMEA117636889	ena-SAMPLE-TAB-28-01-2025-22:30:17:500-24990	TLTX18		OTHER	PAIRED	NextSeq 2000	924338	46216900	Homo sapiens
ERR14275430	SAMEA117636889	ena-SAMPLE-TAB-28-01-2025-22:30:17:500-24990	TLTX18		OTHER	PAIRED	NextSeq 2000	1465474	73273700	Homo sapiens
ERR14275437	SAMEA117636889	ena-SAMPLE-TAB-28-01-2025-22:30:17:500-24990	TLTX18		OTHER	PAIRED	NextSeq 2000	786	39300	Homo sapiens
ERR14275438	SAMEA117636889	ena-SAMPLE-TAB-28-01-2025-22:30:17:500-24990	TLTX18		OTHER	PAIRED	NextSeq 2000	886	44300	Homo sapiens
ERR14275445	SAMEA117636889	ena-SAMPLE-TAB-28-01-2025-22:30:17:500-24990	TLTX18		OTHER	PAIRED	NextSeq 2000	1406	70300	Homo sapiens
ERR14275448	SAMEA117636889	ena-SAMPLE-TAB-28-01-2025-22:30:17:500-24990	TLTX18		OTHER	PAIRED	NextSeq 2000	1699654	84982700	Homo sapiens
ERR14275449	SAMEA117636889	ena-SAMPLE-TAB-28-01-2025-22:30:17:500-24990	TLTX18		OTHER	PAIRED	NextSeq 2000	818	40900	Homo sapiens
ERR14275452	SAMEA117636889	ena-SAMPLE-TAB-28-01-2025-22:30:17:500-24990	TLTX18		OTHER	PAIRED	NextSeq 2000	862	43100	Homo sapiens
ERR14275455	SAMEA117636889	ena-SAMPLE-TAB-28-01-2025-22:30:17:500-24990	TLTX18		OTHER	PAIRED	NextSeq 2000	1124	56200	Homo sapiens
ERR14275456	SAMEA117636889	ena-SAMPLE-TAB-28-01-2025-22:30:17:500-24990	TLTX18		OTHER	PAIRED	NextSeq 2000	1634600	81730000	Homo sapiens
ERR14275457	SAMEA117636889	ena-SAMPLE-TAB-28-01-2025-22:30:17:500-24990	TLTX18		OTHER	PAIRED	NextSeq 2000	1482	74100	Homo sapiens
ERR14275460	SAMEA117636889	ena-SAMPLE-TAB-28-01-2025-22:30:17:500-24990	TLTX18		OTHER	PAIRED	NextSeq 2000	1134	56700	Homo sapiens
ERR14275462	SAMEA117636889	ena-SAMPLE-TAB-28-01-2025-22:30:17:500-24990	TLTX18		OTHER	PAIRED	NextSeq 2000	1562382	78119100	Homo sapiens
ERR14275463	SAMEA117636889	ena-SAMPLE-TAB-28-01-2025-22:30:17:500-24990	TLTX18		OTHER	PAIRED	NextSeq 2000	1124	56200	Homo sapiens
ERR14275473	SAMEA117636889	ena-SAMPLE-TAB-28-01-2025-22:30:17:500-24990	TLTX18		OTHER	PAIRED	NextSeq 2000	1832850	91642500	Homo sapiens
ERR14275474	SAMEA117636889	ena-SAMPLE-TAB-28-01-2025-22:30:17:500-24990	TLTX18		OTHER	PAIRED	NextSeq 2000	1050	52500	Homo sapiens
ERR14275475	SAMEA117636889	ena-SAMPLE-TAB-28-01-2025-22:30:17:500-24990	TLTX18		OTHER	PAIRED	NextSeq 2000	1246	62300	Homo sapiens
ERR14275477	SAMEA117636889	ena-SAMPLE-TAB-28-01-2025-22:30:17:500-24990	TLTX18		OTHER	PAIRED	NextSeq 2000	1145372	57268600	Homo sapiens
ERR14275479	SAMEA117636889	ena-SAMPLE-TAB-28-01-2025-22:30:17:500-24990	TLTX18		OTHER	PAIRED	NextSeq 2000	972	48600	Homo sapiens
ERR14275481	SAMEA117636889	ena-SAMPLE-TAB-28-01-2025-22:30:17:500-24990	TLTX18		OTHER	PAIRED	NextSeq 2000	1458954	72947700	Homo sapiens
ERR14275482	SAMEA117636889	ena-SAMPLE-TAB-28-01-2025-22:30:17:500-24990	TLTX18		OTHER	PAIRED	NextSeq 2000	934916	46745800	Homo sapiens
ERR14275485	SAMEA117636889	ena-SAMPLE-TAB-28-01-2025-22:30:17:500-24990	TLTX18		OTHER	PAIRED	NextSeq 2000	1626	81300	Homo sapiens
ERR14275497	SAMEA117636889	ena-SAMPLE-TAB-28-01-2025-22:30:17:500-24990	TLTX18		OTHER	PAIRED	NextSeq 2000	826	41300	Homo sapiens
ERR14275501	SAMEA117636889	ena-SAMPLE-TAB-28-01-2025-22:30:17:500-24990	TLTX18		OTHER	PAIRED	NextSeq 2000	1120	56000	Homo sapiens
ERR14275503	SAMEA117636889	ena-SAMPLE-TAB-28-01-2025-22:30:17:500-24990	TLTX18		OTHER	PAIRED	NextSeq 2000	1522	76100	Homo sapiens
ERR14275504	SAMEA117636889	ena-SAMPLE-TAB-28-01-2025-22:30:17:500-24990	TLTX18		OTHER	PAIRED	NextSeq 2000	1096	54800	Homo sapiens
ERR14275506	SAMEA117636889	ena-SAMPLE-TAB-28-01-2025-22:30:17:500-24990	TLTX18		OTHER	PAIRED	NextSeq 2000	808	40400	Homo sapiens
ERR14275507	SAMEA117636889	ena-SAMPLE-TAB-28-01-2025-22:30:17:500-24990	TLTX18		OTHER	PAIRED	NextSeq 2000	1432064	71603200	Homo sapiens
ERR14275513	SAMEA117636889	ena-SAMPLE-TAB-28-01-2025-22:30:17:500-24990	TLTX18		OTHER	PAIRED	NextSeq 2000	1710	85500	Homo sapiens
ERR14275525	SAMEA117636889	ena-SAMPLE-TAB-28-01-2025-22:30:17:500-24990	TLTX18		OTHER	PAIRED	NextSeq 2000	1986	99300	Homo sapiens
ERR14275529	SAMEA117636889	ena-SAMPLE-TAB-28-01-2025-22:30:17:500-24990	TLTX18		OTHER	PAIRED	NextSeq 2000	1510	75500	Homo sapiens
ERR14275530	SAMEA117636889	ena-SAMPLE-TAB-28-01-2025-22:30:17:500-24990	TLTX18		OTHER	PAIRED	NextSeq 2000	846	42300	Homo sapiens
ERR14275541	SAMEA117636889	ena-SAMPLE-TAB-28-01-2025-22:30:17:500-24990	TLTX18		OTHER	PAIRED	NextSeq 2000	1633770	81688500	Homo sapiens
ERR14275544	SAMEA117636889	ena-SAMPLE-TAB-28-01-2025-22:30:17:500-24990	TLTX18		OTHER	PAIRED	NextSeq 2000	1208	60400	Homo sapiens
ERR14275548	SAMEA117636889	ena-SAMPLE-TAB-28-01-2025-22:30:17:500-24990	TLTX18		OTHER	PAIRED	NextSeq 2000	1416	70800	Homo sapiens
ERR14275551	SAMEA117636889	ena-SAMPLE-TAB-28-01-2025-22:30:17:500-24990	TLTX18		OTHER	PAIRED	NextSeq 2000	1719776	85988800	Homo sapiens
ERR14275563	SAMEA117636889	ena-SAMPLE-TAB-28-01-2025-22:30:17:500-24990	TLTX18		OTHER	PAIRED	NextSeq 2000	1116	55800	Homo sapiens
ERR14275564	SAMEA117636889	ena-SAMPLE-TAB-28-01-2025-22:30:17:500-24990	TLTX18		OTHER	PAIRED	NextSeq 2000	1398	69900	Homo sapiens
ERR14275571	SAMEA117636889	ena-SAMPLE-TAB-28-01-2025-22:30:17:500-24990	TLTX18		OTHER	PAIRED	NextSeq 2000	938	46900	Homo sapiens
ERR14275573	SAMEA117636889	ena-SAMPLE-TAB-28-01-2025-22:30:17:500-24990	TLTX18		OTHER	PAIRED	NextSeq 2000	1303586	65179300	Homo sapiens
ERR14275583	SAMEA117636889	ena-SAMPLE-TAB-28-01-2025-22:30:17:500-24990	TLTX18		OTHER	PAIRED	NextSeq 2000	1384	69200	Homo sapiens
ERR14275594	SAMEA117636889	ena-SAMPLE-TAB-28-01-2025-22:30:17:500-24990	TLTX18		OTHER	PAIRED	NextSeq 2000	502	25100	Homo sapiens
ERR14275595	SAMEA117636889	ena-SAMPLE-TAB-28-01-2025-22:30:17:500-24990	TLTX18		OTHER	PAIRED	NextSeq 2000	1707070	85353500	Homo sapiens
ERR14275596	SAMEA117636889	ena-SAMPLE-TAB-28-01-2025-22:30:17:500-24990	TLTX18		OTHER	PAIRED	NextSeq 2000	1154	57700	Homo sapiens
ERR14275597	SAMEA117636889	ena-SAMPLE-TAB-28-01-2025-22:30:17:500-24990	TLTX18		OTHER	PAIRED	NextSeq 2000	1516572	75828600	Homo sapiens
ERR14275599	SAMEA117636889	ena-SAMPLE-TAB-28-01-2025-22:30:17:500-24990	TLTX18		OTHER	PAIRED	NextSeq 2000	1745632	87281600	Homo sapiens
ERR14275603	SAMEA117636889	ena-SAMPLE-TAB-28-01-2025-22:30:17:500-24990	TLTX18		OTHER	PAIRED	NextSeq 2000	1046	52300	Homo sapiens
ERR14275614	SAMEA117636889	ena-SAMPLE-TAB-28-01-2025-22:30:17:500-24990	TLTX18		OTHER	PAIRED	NextSeq 2000	1320	66000	Homo sapiens
ERR14275615	SAMEA117636889	ena-SAMPLE-TAB-28-01-2025-22:30:17:500-24990	TLTX18		OTHER	PAIRED	NextSeq 2000	1813480	90674000	Homo sapiens
ERR14275618	SAMEA117636889	ena-SAMPLE-TAB-28-01-2025-22:30:17:500-24990	TLTX18		OTHER	PAIRED	NextSeq 2000	1170	58500	Homo sapiens
ERR14275622	SAMEA117636889	ena-SAMPLE-TAB-28-01-2025-22:30:17:500-24990	TLTX18		OTHER	PAIRED	NextSeq 2000	1420	71000	Homo sapiens
ERR14275623	SAMEA117636889	ena-SAMPLE-TAB-28-01-2025-22:30:17:500-24990	TLTX18		OTHER	PAIRED	NextSeq 2000	1569306	78465300	Homo sapiens
ERR14275633	SAMEA117636889	ena-SAMPLE-TAB-28-01-2025-22:30:17:500-24990	TLTX18		OTHER	PAIRED	NextSeq 2000	1216	60800	Homo sapiens
ERR14275634	SAMEA117636889	ena-SAMPLE-TAB-28-01-2025-22:30:17:500-24990	TLTX18		OTHER	PAIRED	NextSeq 2000	658	32900	Homo sapiens
ERR14275636	SAMEA117636889	ena-SAMPLE-TAB-28-01-2025-22:30:17:500-24990	TLTX18		OTHER	PAIRED	NextSeq 2000	1288	64400	Homo sapiens
ERR14275638	SAMEA117636889	ena-SAMPLE-TAB-28-01-2025-22:30:17:500-24990	TLTX18		OTHER	PAIRED	NextSeq 2000	976	48800	Homo sapiens
ERR14275644	SAMEA117636889	ena-SAMPLE-TAB-28-01-2025-22:30:17:500-24990	TLTX18		OTHER	PAIRED	NextSeq 2000	1393372	69668600	Homo sapiens
ERR14275646	SAMEA117636889	ena-SAMPLE-TAB-28-01-2025-22:30:17:500-24990	TLTX18		OTHER	PAIRED	NextSeq 2000	1657936	82896800	Homo sapiens
ERR14275655	SAMEA117636889	ena-SAMPLE-TAB-28-01-2025-22:30:17:500-24990	TLTX18		OTHER	PAIRED	NextSeq 2000	1564	78200	Homo sapiens
ERR14275680	SAMEA117636889	ena-SAMPLE-TAB-28-01-2025-22:30:17:500-24990	TLTX18		OTHER	PAIRED	NextSeq 2000	1260	63000	Homo sapiens
ERR14275681	SAMEA117636889	ena-SAMPLE-TAB-28-01-2025-22:30:17:500-24990	TLTX18		OTHER	PAIRED	NextSeq 2000	897796	44889800	Homo sapiens
ERR14275689	SAMEA117636889	ena-SAMPLE-TAB-28-01-2025-22:30:17:500-24990	TLTX18		OTHER	PAIRED	NextSeq 2000	2380	119000	Homo sapiens
ERR14275690	SAMEA117636889	ena-SAMPLE-TAB-28-01-2025-22:30:17:500-24990	TLTX18		OTHER	PAIRED	NextSeq 2000	1056	52800	Homo sapiens
ERR14275692	SAMEA117636889	ena-SAMPLE-TAB-28-01-2025-22:30:17:500-24990	TLTX18		OTHER	PAIRED	NextSeq 2000	1610	80500	Homo sapiens
ERR14275704	SAMEA117636889	ena-SAMPLE-TAB-28-01-2025-22:30:17:500-24990	TLTX18		OTHER	PAIRED	NextSeq 2000	1244	62200	Homo sapiens
ERR14275715	SAMEA117636889	ena-SAMPLE-TAB-28-01-2025-22:30:17:500-24990	TLTX18		OTHER	PAIRED	NextSeq 2000	930	46500	Homo sapiens
ERR14275723	SAMEA117636889	ena-SAMPLE-TAB-28-01-2025-22:30:17:500-24990	TLTX18		OTHER	PAIRED	NextSeq 2000	1604	80200	Homo sapiens
ERR14275724	SAMEA117636889	ena-SAMPLE-TAB-28-01-2025-22:30:17:500-24990	TLTX18		OTHER	PAIRED	NextSeq 2000	982	49100	Homo sapiens
ERR14275728	SAMEA117636889	ena-SAMPLE-TAB-28-01-2025-22:30:17:500-24990	TLTX18		OTHER	PAIRED	NextSeq 2000	1724398	86219900	Homo sapiens
ERR14275730	SAMEA117636889	ena-SAMPLE-TAB-28-01-2025-22:30:17:500-24990	TLTX18		OTHER	PAIRED	NextSeq 2000	2	100	Homo sapiens
ERR14275741	SAMEA117636889	ena-SAMPLE-TAB-28-01-2025-22:30:17:500-24990	TLTX18		OTHER	PAIRED	NextSeq 2000	1769768	88488400	Homo sapiens
ERR14275744	SAMEA117636889	ena-SAMPLE-TAB-28-01-2025-22:30:17:500-24990	TLTX18		OTHER	PAIRED	NextSeq 2000	1404	70200	Homo sapiens
ERR14275749	SAMEA117636889	ena-SAMPLE-TAB-28-01-2025-22:30:17:500-24990	TLTX18		OTHER	PAIRED	NextSeq 2000	924	46200	Homo sapiens
ERR14275755	SAMEA117636889	ena-SAMPLE-TAB-28-01-2025-22:30:17:500-24990	TLTX18		OTHER	PAIRED	NextSeq 2000	1179802	58990100	Homo sapiens
ERR14275758	SAMEA117636889	ena-SAMPLE-TAB-28-01-2025-22:30:17:500-24990	TLTX18		OTHER	PAIRED	NextSeq 2000	1662	83100	Homo sapiens
ERR14275761	SAMEA117636889	ena-SAMPLE-TAB-28-01-2025-22:30:17:500-24990	TLTX18		OTHER	PAIRED	NextSeq 2000	1256	62800	Homo sapiens
ERR14275767	SAMEA117636889	ena-SAMPLE-TAB-28-01-2025-22:30:17:500-24990	TLTX18		OTHER	PAIRED	NextSeq 2000	1004	50200	Homo sapiens
ERR14275771	SAMEA117636889	ena-SAMPLE-TAB-28-01-2025-22:30:17:500-24990	TLTX18		OTHER	PAIRED	NextSeq 2000	1332	66600	Homo sapiens
ERR14275775	SAMEA117636889	ena-SAMPLE-TAB-28-01-2025-22:30:17:500-24990	TLTX18		OTHER	PAIRED	NextSeq 2000	1730504	86525200	Homo sapiens
ERR14275780	SAMEA117636889	ena-SAMPLE-TAB-28-01-2025-22:30:17:500-24990	TLTX18		OTHER	PAIRED	NextSeq 2000	606	30300	Homo sapiens
ERR14275783	SAMEA117636889	ena-SAMPLE-TAB-28-01-2025-22:30:17:500-24990	TLTX18		OTHER	PAIRED	NextSeq 2000	866	43300	Homo sapiens
ERR14275784	SAMEA117636889	ena-SAMPLE-TAB-28-01-2025-22:30:17:500-24990	TLTX18		OTHER	PAIRED	NextSeq 2000	802	40100	Homo sapiens
ERR14275788	SAMEA117636889	ena-SAMPLE-TAB-28-01-2025-22:30:17:500-24990	TLTX18		OTHER	PAIRED	NextSeq 2000	1770836	88541800	Homo sapiens
ERR14275789	SAMEA117636889	ena-SAMPLE-TAB-28-01-2025-22:30:17:500-24990	TLTX18		OTHER	PAIRED	NextSeq 2000	896	44800	Homo sapiens
ERR14275792	SAMEA117636889	ena-SAMPLE-TAB-28-01-2025-22:30:17:500-24990	TLTX18		OTHER	PAIRED	NextSeq 2000	63944	3197200	Homo sapiens
ERR14275797	SAMEA117636889	ena-SAMPLE-TAB-28-01-2025-22:30:17:500-24990	TLTX18		OTHER	PAIRED	NextSeq 2000	1390	69500	Homo sapiens
ERR14275802	SAMEA117636889	ena-SAMPLE-TAB-28-01-2025-22:30:17:500-24990	TLTX18		OTHER	PAIRED	NextSeq 2000	896	44800	Homo sapiens
ERR14275816	SAMEA117636889	ena-SAMPLE-TAB-28-01-2025-22:30:17:500-24990	TLTX18		OTHER	PAIRED	NextSeq 2000	2696	134800	Homo sapiens
ERR14275817	SAMEA117636889	ena-SAMPLE-TAB-28-01-2025-22:30:17:500-24990	TLTX18		OTHER	PAIRED	NextSeq 2000	862	43100	Homo sapiens
ERR14275818	SAMEA117636889	ena-SAMPLE-TAB-28-01-2025-22:30:17:500-24990	TLTX18		OTHER	PAIRED	NextSeq 2000	1877462	93873100	Homo sapiens
ERR14275828	SAMEA117636889	ena-SAMPLE-TAB-28-01-2025-22:30:17:500-24990	TLTX18		OTHER	PAIRED	NextSeq 2000	2310	115500	Homo sapiens
ERR14275835	SAMEA117636889	ena-SAMPLE-TAB-28-01-2025-22:30:17:500-24990	TLTX18		OTHER	PAIRED	NextSeq 2000	4138	206900	Homo sapiens
ERR14275837	SAMEA117636889	ena-SAMPLE-TAB-28-01-2025-22:30:17:500-24990	TLTX18		OTHER	PAIRED	NextSeq 2000	2526	126300	Homo sapiens
ERR14275839	SAMEA117636889	ena-SAMPLE-TAB-28-01-2025-22:30:17:500-24990	TLTX18		OTHER	PAIRED	NextSeq 2000	1616	80800	Homo sapiens
ERR14275841	SAMEA117636889	ena-SAMPLE-TAB-28-01-2025-22:30:17:500-24990	TLTX18		OTHER	PAIRED	NextSeq 2000	450	22500	Homo sapiens
ERR14275844	SAMEA117636889	ena-SAMPLE-TAB-28-01-2025-22:30:17:500-24990	TLTX18		OTHER	PAIRED	NextSeq 2000	1246	62300	Homo sapiens
ERR14275845	SAMEA117636889	ena-SAMPLE-TAB-28-01-2025-22:30:17:500-24990	TLTX18		OTHER	PAIRED	NextSeq 2000	1792	89600	Homo sapiens
ERR14275846	SAMEA117636889	ena-SAMPLE-TAB-28-01-2025-22:30:17:500-24990	TLTX18		OTHER	PAIRED	NextSeq 2000	349280	17464000	Homo sapiens
ERR14275849	SAMEA117636889	ena-SAMPLE-TAB-28-01-2025-22:30:17:500-24990	TLTX18		OTHER	PAIRED	NextSeq 2000	1500248	75012400	Homo sapiens
ERR14275851	SAMEA117636889	ena-SAMPLE-TAB-28-01-2025-22:30:17:500-24990	TLTX18		OTHER	PAIRED	NextSeq 2000	1950	97500	Homo sapiens
ERR14275854	SAMEA117636889	ena-SAMPLE-TAB-28-01-2025-22:30:17:500-24990	TLTX18		OTHER	PAIRED	NextSeq 2000	2248	112400	Homo sapiens
ERR14275864	SAMEA117636889	ena-SAMPLE-TAB-28-01-2025-22:30:17:500-24990	TLTX18		OTHER	PAIRED	NextSeq 2000	2434	121700	Homo sapiens
ERR14275873	SAMEA117636889	ena-SAMPLE-TAB-28-01-2025-22:30:17:500-24990	TLTX18		OTHER	PAIRED	NextSeq 2000	1701266	85063300	Homo sapiens
ERR14275879	SAMEA117636889	ena-SAMPLE-TAB-28-01-2025-22:30:17:500-24990	TLTX18		OTHER	PAIRED	NextSeq 2000	1572	78600	Homo sapiens
ERR14275892	SAMEA117636889	ena-SAMPLE-TAB-28-01-2025-22:30:17:500-24990	TLTX18		OTHER	PAIRED	NextSeq 2000	896	44800	Homo sapiens
ERR14275910	SAMEA117636889	ena-SAMPLE-TAB-28-01-2025-22:30:17:500-24990	TLTX18		OTHER	PAIRED	NextSeq 2000	1898	94900	Homo sapiens
ERR14275927	SAMEA117636889	ena-SAMPLE-TAB-28-01-2025-22:30:17:500-24990	TLTX18		OTHER	PAIRED	NextSeq 2000	1348	67400	Homo sapiens
ERR14275930	SAMEA117636889	ena-SAMPLE-TAB-28-01-2025-22:30:17:500-24990	TLTX18		OTHER	PAIRED	NextSeq 2000	1248	62400	Homo sapiens
ERR14275939	SAMEA117636889	ena-SAMPLE-TAB-28-01-2025-22:30:17:500-24990	TLTX18		OTHER	PAIRED	NextSeq 2000	764	38200	Homo sapiens
ERR14275940	SAMEA117636889	ena-SAMPLE-TAB-28-01-2025-22:30:17:500-24990	TLTX18		OTHER	PAIRED	NextSeq 2000	1122	56100	Homo sapiens
ERR14275953	SAMEA117636889	ena-SAMPLE-TAB-28-01-2025-22:30:17:500-24990	TLTX18		OTHER	PAIRED	NextSeq 2000	1953814	97690700	Homo sapiens
ERR14275956	SAMEA117636889	ena-SAMPLE-TAB-28-01-2025-22:30:17:500-24990	TLTX18		OTHER	PAIRED	NextSeq 2000	508	25400	Homo sapiens
ERR14275957	SAMEA117636889	ena-SAMPLE-TAB-28-01-2025-22:30:17:500-24990	TLTX18		OTHER	PAIRED	NextSeq 2000	1922174	96108700	Homo sapiens
ERR14275977	SAMEA117636889	ena-SAMPLE-TAB-28-01-2025-22:30:17:500-24990	TLTX18		OTHER	PAIRED	NextSeq 2000	1666388	83319400	Homo sapiens
ERR14275990	SAMEA117636889	ena-SAMPLE-TAB-28-01-2025-22:30:17:500-24990	TLTX18		OTHER	PAIRED	NextSeq 2000	346	17300	Homo sapiens
ERR14275993	SAMEA117636889	ena-SAMPLE-TAB-28-01-2025-22:30:17:500-24990	TLTX18		OTHER	PAIRED	NextSeq 2000	2048	102400	Homo sapiens
ERR14275999	SAMEA117636889	ena-SAMPLE-TAB-28-01-2025-22:30:17:500-24990	TLTX18		OTHER	PAIRED	NextSeq 2000	1568868	78443400	Homo sapiens
ERR14276000	SAMEA117636889	ena-SAMPLE-TAB-28-01-2025-22:30:17:500-24990	TLTX18		OTHER	PAIRED	NextSeq 2000	44	2200	Homo sapiens
ERR14276005	SAMEA117636889	ena-SAMPLE-TAB-28-01-2025-22:30:17:500-24990	TLTX18		OTHER	PAIRED	NextSeq 2000	1306	65300	Homo sapiens
ERR14276006	SAMEA117636889	ena-SAMPLE-TAB-28-01-2025-22:30:17:500-24990	TLTX18		OTHER	PAIRED	NextSeq 2000	540	27000	Homo sapiens
ERR14276007	SAMEA117636889	ena-SAMPLE-TAB-28-01-2025-22:30:17:500-24990	TLTX18		OTHER	PAIRED	NextSeq 2000	1390	69500	Homo sapiens
ERR14276008	SAMEA117636889	ena-SAMPLE-TAB-28-01-2025-22:30:17:500-24990	TLTX18		OTHER	PAIRED	NextSeq 2000	1804	90200	Homo sapiens
ERR14276017	SAMEA117636889	ena-SAMPLE-TAB-28-01-2025-22:30:17:500-24990	TLTX18		OTHER	PAIRED	NextSeq 2000	1697322	84866100	Homo sapiens
ERR14276020	SAMEA117636889	ena-SAMPLE-TAB-28-01-2025-22:30:17:500-24990	TLTX18		OTHER	PAIRED	NextSeq 2000	1855974	92798700	Homo sapiens
ERR14276022	SAMEA117636889	ena-SAMPLE-TAB-28-01-2025-22:30:17:500-24990	TLTX18		OTHER	PAIRED	NextSeq 2000	1782	89100	Homo sapiens
ERR14276023	SAMEA117636889	ena-SAMPLE-TAB-28-01-2025-22:30:17:500-24990	TLTX18		OTHER	PAIRED	NextSeq 2000	2069936	103496800	Homo sapiens
ERR14276038	SAMEA117636889	ena-SAMPLE-TAB-28-01-2025-22:30:17:500-24990	TLTX18		OTHER	PAIRED	NextSeq 2000	1380	69000	Homo sapiens
ERR14276039	SAMEA117636889	ena-SAMPLE-TAB-28-01-2025-22:30:17:500-24990	TLTX18		OTHER	PAIRED	NextSeq 2000	1722	86100	Homo sapiens
ERR14276041	SAMEA117636889	ena-SAMPLE-TAB-28-01-2025-22:30:17:500-24990	TLTX18		OTHER	PAIRED	NextSeq 2000	1955980	97799000	Homo sapiens
ERR14276045	SAMEA117636889	ena-SAMPLE-TAB-28-01-2025-22:30:17:500-24990	TLTX18		OTHER	PAIRED	NextSeq 2000	778	38900	Homo sapiens
ERR14276055	SAMEA117636889	ena-SAMPLE-TAB-28-01-2025-22:30:17:500-24990	TLTX18		OTHER	PAIRED	NextSeq 2000	1132	56600	Homo sapiens
ERR14276058	SAMEA117636889	ena-SAMPLE-TAB-28-01-2025-22:30:17:500-24990	TLTX18		OTHER	PAIRED	NextSeq 2000	1102	55100	Homo sapiens
ERR14276065	SAMEA117636889	ena-SAMPLE-TAB-28-01-2025-22:30:17:500-24990	TLTX18		OTHER	PAIRED	NextSeq 2000	1672	83600	Homo sapiens
ERR14276070	SAMEA117636889	ena-SAMPLE-TAB-28-01-2025-22:30:17:500-24990	TLTX18		OTHER	PAIRED	NextSeq 2000	1206	60300	Homo sapiens
ERR14276087	SAMEA117636889	ena-SAMPLE-TAB-28-01-2025-22:30:17:500-24990	TLTX18		OTHER	PAIRED	NextSeq 2000	930	46500	Homo sapiens
ERR14276090	SAMEA117636889	ena-SAMPLE-TAB-28-01-2025-22:30:17:500-24990	TLTX18		OTHER	PAIRED	NextSeq 2000	1318	65900	Homo sapiens
ERR14276092	SAMEA117636889	ena-SAMPLE-TAB-28-01-2025-22:30:17:500-24990	TLTX18		OTHER	PAIRED	NextSeq 2000	1826772	91338600	Homo sapiens
ERR14276094	SAMEA117636889	ena-SAMPLE-TAB-28-01-2025-22:30:17:500-24990	TLTX18		OTHER	PAIRED	NextSeq 2000	1856	92800	Homo sapiens
ERR14276096	SAMEA117636889	ena-SAMPLE-TAB-28-01-2025-22:30:17:500-24990	TLTX18		OTHER	PAIRED	NextSeq 2000	1434	71700	Homo sapiens
ERR14276098	SAMEA117636889	ena-SAMPLE-TAB-28-01-2025-22:30:17:500-24990	TLTX18		OTHER	PAIRED	NextSeq 2000	2100	105000	Homo sapiens
ERR14276100	SAMEA117636889	ena-SAMPLE-TAB-28-01-2025-22:30:17:500-24990	TLTX18		OTHER	PAIRED	NextSeq 2000	518	25900	Homo sapiens
ERR14276104	SAMEA117636889	ena-SAMPLE-TAB-28-01-2025-22:30:17:500-24990	TLTX18		OTHER	PAIRED	NextSeq 2000	1962	98100	Homo sapiens
ERR14276112	SAMEA117636889	ena-SAMPLE-TAB-28-01-2025-22:30:17:500-24990	TLTX18		OTHER	PAIRED	NextSeq 2000	1328	66400	Homo sapiens
ERR14276113	SAMEA117636889	ena-SAMPLE-TAB-28-01-2025-22:30:17:500-24990	TLTX18		OTHER	PAIRED	NextSeq 2000	844	42200	Homo sapiens
ERR14276115	SAMEA117636889	ena-SAMPLE-TAB-28-01-2025-22:30:17:500-24990	TLTX18		OTHER	PAIRED	NextSeq 2000	1124510	56225500	Homo sapiens
ERR14276117	SAMEA117636889	ena-SAMPLE-TAB-28-01-2025-22:30:17:500-24990	TLTX18		OTHER	PAIRED	NextSeq 2000	960	48000	Homo sapiens
ERR14276122	SAMEA117636889	ena-SAMPLE-TAB-28-01-2025-22:30:17:500-24990	TLTX18		OTHER	PAIRED	NextSeq 2000	1931752	96587600	Homo sapiens
ERR14276128	SAMEA117636889	ena-SAMPLE-TAB-28-01-2025-22:30:17:500-24990	TLTX18		OTHER	PAIRED	NextSeq 2000	1558	77900	Homo sapiens
ERR14276130	SAMEA117636889	ena-SAMPLE-TAB-28-01-2025-22:30:17:500-24990	TLTX18		OTHER	PAIRED	NextSeq 2000	1432	71600	Homo sapiens
ERR14276137	SAMEA117636889	ena-SAMPLE-TAB-28-01-2025-22:30:17:500-24990	TLTX18		OTHER	PAIRED	NextSeq 2000	1996	99800	Homo sapiens
ERR14276138	SAMEA117636889	ena-SAMPLE-TAB-28-01-2025-22:30:17:500-24990	TLTX18		OTHER	PAIRED	NextSeq 2000	1648	82400	Homo sapiens
ERR14276149	SAMEA117636889	ena-SAMPLE-TAB-28-01-2025-22:30:17:500-24990	TLTX18		OTHER	PAIRED	NextSeq 2000	1240	62000	Homo sapiens
ERR14276157	SAMEA117636889	ena-SAMPLE-TAB-28-01-2025-22:30:17:500-24990	TLTX18		OTHER	PAIRED	NextSeq 2000	1738	86900	Homo sapiens
ERR14276159	SAMEA117636889	ena-SAMPLE-TAB-28-01-2025-22:30:17:500-24990	TLTX18		OTHER	PAIRED	NextSeq 2000	1278	63900	Homo sapiens
ERR14276164	SAMEA117636889	ena-SAMPLE-TAB-28-01-2025-22:30:17:500-24990	TLTX18		OTHER	PAIRED	NextSeq 2000	1256	62800	Homo sapiens
ERR14276169	SAMEA117636889	ena-SAMPLE-TAB-28-01-2025-22:30:17:500-24990	TLTX18		OTHER	PAIRED	NextSeq 2000	1762	88100	Homo sapiens
ERR14276180	SAMEA117636889	ena-SAMPLE-TAB-28-01-2025-22:30:17:500-24990	TLTX18		OTHER	PAIRED	NextSeq 2000	1092	54600	Homo sapiens
ERR14276187	SAMEA117636889	ena-SAMPLE-TAB-28-01-2025-22:30:17:500-24990	TLTX18		OTHER	PAIRED	NextSeq 2000	1522	76100	Homo sapiens
ERR14276201	SAMEA117636889	ena-SAMPLE-TAB-28-01-2025-22:30:17:500-24990	TLTX18		OTHER	PAIRED	NextSeq 2000	1524	76200	Homo sapiens
ERR14276205	SAMEA117636889	ena-SAMPLE-TAB-28-01-2025-22:30:17:500-24990	TLTX18		OTHER	PAIRED	NextSeq 2000	1378	68900	Homo sapiens
ERR14276212	SAMEA117636889	ena-SAMPLE-TAB-28-01-2025-22:30:17:500-24990	TLTX18		OTHER	PAIRED	NextSeq 2000	772	38600	Homo sapiens
ERR14276216	SAMEA117636889	ena-SAMPLE-TAB-28-01-2025-22:30:17:500-24990	TLTX18		OTHER	PAIRED	NextSeq 2000	1104	55200	Homo sapiens
ERR14276229	SAMEA117636889	ena-SAMPLE-TAB-28-01-2025-22:30:17:500-24990	TLTX18		OTHER	PAIRED	NextSeq 2000	368	18400	Homo sapiens
ERR14276233	SAMEA117636889	ena-SAMPLE-TAB-28-01-2025-22:30:17:500-24990	TLTX18		OTHER	PAIRED	NextSeq 2000	1334820	66741000	Homo sapiens
ERR14276235	SAMEA117636889	ena-SAMPLE-TAB-28-01-2025-22:30:17:500-24990	TLTX18		OTHER	PAIRED	NextSeq 2000	1928	96400	Homo sapiens
ERR14276246	SAMEA117636889	ena-SAMPLE-TAB-28-01-2025-22:30:17:500-24990	TLTX18		OTHER	PAIRED	NextSeq 2000	1242	62100	Homo sapiens
ERR14276253	SAMEA117636889	ena-SAMPLE-TAB-28-01-2025-22:30:17:500-24990	TLTX18		OTHER	PAIRED	NextSeq 2000	1668618	83430900	Homo sapiens
ERR14276258	SAMEA117636889	ena-SAMPLE-TAB-28-01-2025-22:30:17:500-24990	TLTX18		OTHER	PAIRED	NextSeq 2000	1756	87800	Homo sapiens
ERR14276273	SAMEA117636889	ena-SAMPLE-TAB-28-01-2025-22:30:17:500-24990	TLTX18		OTHER	PAIRED	NextSeq 2000	1705110	85255500	Homo sapiens
ERR14276275	SAMEA117636889	ena-SAMPLE-TAB-28-01-2025-22:30:17:500-24990	TLTX18		OTHER	PAIRED	NextSeq 2000	2157170	107858500	Homo sapiens
ERR14276276	SAMEA117636889	ena-SAMPLE-TAB-28-01-2025-22:30:17:500-24990	TLTX18		OTHER	PAIRED	NextSeq 2000	966	48300	Homo sapiens
ERR14276277	SAMEA117636889	ena-SAMPLE-TAB-28-01-2025-22:30:17:500-24990	TLTX18		OTHER	PAIRED	NextSeq 2000	1292	64600	Homo sapiens
ERR14276280	SAMEA117636889	ena-SAMPLE-TAB-28-01-2025-22:30:17:500-24990	TLTX18		OTHER	PAIRED	NextSeq 2000	1774	88700	Homo sapiens
ERR14276282	SAMEA117636889	ena-SAMPLE-TAB-28-01-2025-22:30:17:500-24990	TLTX18		OTHER	PAIRED	NextSeq 2000	1886930	94346500	Homo sapiens
ERR14276285	SAMEA117636889	ena-SAMPLE-TAB-28-01-2025-22:30:17:500-24990	TLTX18		OTHER	PAIRED	NextSeq 2000	1478	73900	Homo sapiens
ERR14276287	SAMEA117636889	ena-SAMPLE-TAB-28-01-2025-22:30:17:500-24990	TLTX18		OTHER	PAIRED	NextSeq 2000	1248	62400	Homo sapiens
ERR14276297	SAMEA117636889	ena-SAMPLE-TAB-28-01-2025-22:30:17:500-24990	TLTX18		OTHER	PAIRED	NextSeq 2000	2196	109800	Homo sapiens
ERR14276300	SAMEA117636889	ena-SAMPLE-TAB-28-01-2025-22:30:17:500-24990	TLTX18		OTHER	PAIRED	NextSeq 2000	1216	60800	Homo sapiens
ERR14276302	SAMEA117636889	ena-SAMPLE-TAB-28-01-2025-22:30:17:500-24990	TLTX18		OTHER	PAIRED	NextSeq 2000	1264	63200	Homo sapiens
ERR14276304	SAMEA117636889	ena-SAMPLE-TAB-28-01-2025-22:30:17:500-24990	TLTX18		OTHER	PAIRED	NextSeq 2000	1841224	92061200	Homo sapiens
ERR14276310	SAMEA117636889	ena-SAMPLE-TAB-28-01-2025-22:30:17:500-24990	TLTX18		OTHER	PAIRED	NextSeq 2000	1462	73100	Homo sapiens
ERR14276311	SAMEA117636889	ena-SAMPLE-TAB-28-01-2025-22:30:17:500-24990	TLTX18		OTHER	PAIRED	NextSeq 2000	1949456	97472800	Homo sapiens
ERR14276312	SAMEA117636889	ena-SAMPLE-TAB-28-01-2025-22:30:17:500-24990	TLTX18		OTHER	PAIRED	NextSeq 2000	1020	51000	Homo sapiens
ERR14276319	SAMEA117636889	ena-SAMPLE-TAB-28-01-2025-22:30:17:500-24990	TLTX18		OTHER	PAIRED	NextSeq 2000	1726	86300	Homo sapiens
ERR14276321	SAMEA117636889	ena-SAMPLE-TAB-28-01-2025-22:30:17:500-24990	TLTX18		OTHER	PAIRED	NextSeq 2000	1390	69500	Homo sapiens
ERR14276322	SAMEA117636889	ena-SAMPLE-TAB-28-01-2025-22:30:17:500-24990	TLTX18		OTHER	PAIRED	NextSeq 2000	1088	54400	Homo sapiens
ERR14276325	SAMEA117636889	ena-SAMPLE-TAB-28-01-2025-22:30:17:500-24990	TLTX18		OTHER	PAIRED	NextSeq 2000	864	43200	Homo sapiens
ERR14276335	SAMEA117636889	ena-SAMPLE-TAB-28-01-2025-22:30:17:500-24990	TLTX18		OTHER	PAIRED	NextSeq 2000	816	40800	Homo sapiens
ERR14276344	SAMEA117636889	ena-SAMPLE-TAB-28-01-2025-22:30:17:500-24990	TLTX18		OTHER	PAIRED	NextSeq 2000	1228	61400	Homo sapiens
ERR14276347	SAMEA117636889	ena-SAMPLE-TAB-28-01-2025-22:30:17:500-24990	TLTX18		OTHER	PAIRED	NextSeq 2000	1054	52700	Homo sapiens
ERR14276358	SAMEA117636889	ena-SAMPLE-TAB-28-01-2025-22:30:17:500-24990	TLTX18		OTHER	PAIRED	NextSeq 2000	1202	60100	Homo sapiens
ERR14276367	SAMEA117636889	ena-SAMPLE-TAB-28-01-2025-22:30:17:500-24990	TLTX18		OTHER	PAIRED	NextSeq 2000	1126	56300	Homo sapiens
ERR14276369	SAMEA117636889	ena-SAMPLE-TAB-28-01-2025-22:30:17:500-24990	TLTX18		OTHER	PAIRED	NextSeq 2000	1560	78000	Homo sapiens
ERR14276380	SAMEA117636889	ena-SAMPLE-TAB-28-01-2025-22:30:17:500-24990	TLTX18		OTHER	PAIRED	NextSeq 2000	1274	63700	Homo sapiens
ERR14276381	SAMEA117636889	ena-SAMPLE-TAB-28-01-2025-22:30:17:500-24990	TLTX18		OTHER	PAIRED	NextSeq 2000	1480	74000	Homo sapiens
ERR14276383	SAMEA117636889	ena-SAMPLE-TAB-28-01-2025-22:30:17:500-24990	TLTX18		OTHER	PAIRED	NextSeq 2000	1939908	96995400	Homo sapiens
ERR14276387	SAMEA117636889	ena-SAMPLE-TAB-28-01-2025-22:30:17:500-24990	TLTX18		OTHER	PAIRED	NextSeq 2000	1296	64800	Homo sapiens
ERR14276389	SAMEA117636889	ena-SAMPLE-TAB-28-01-2025-22:30:17:500-24990	TLTX18		OTHER	PAIRED	NextSeq 2000	1520	76000	Homo sapiens
ERR14276400	SAMEA117636889	ena-SAMPLE-TAB-28-01-2025-22:30:17:500-24990	TLTX18		OTHER	PAIRED	NextSeq 2000	1644	82200	Homo sapiens
ERR14276401	SAMEA117636889	ena-SAMPLE-TAB-28-01-2025-22:30:17:500-24990	TLTX18		OTHER	PAIRED	NextSeq 2000	1756	87800	Homo sapiens
ERR14276405	SAMEA117636889	ena-SAMPLE-TAB-28-01-2025-22:30:17:500-24990	TLTX18		OTHER	PAIRED	NextSeq 2000	1289360	64468000	Homo sapiens
ERR14276407	SAMEA117636889	ena-SAMPLE-TAB-28-01-2025-22:30:17:500-24990	TLTX18		OTHER	PAIRED	NextSeq 2000	1447332	72366600	Homo sapiens
ERR14276420	SAMEA117636889	ena-SAMPLE-TAB-28-01-2025-22:30:17:500-24990	TLTX18		OTHER	PAIRED	NextSeq 2000	1114	55700	Homo sapiens
ERR14276422	SAMEA117636889	ena-SAMPLE-TAB-28-01-2025-22:30:17:500-24990	TLTX18		OTHER	PAIRED	NextSeq 2000	210092	10504600	Homo sapiens
ERR14276424	SAMEA117636889	ena-SAMPLE-TAB-28-01-2025-22:30:17:500-24990	TLTX18		OTHER	PAIRED	NextSeq 2000	1340394	67019700	Homo sapiens
ERR14276427	SAMEA117636889	ena-SAMPLE-TAB-28-01-2025-22:30:17:500-24990	TLTX18		OTHER	PAIRED	NextSeq 2000	1400	70000	Homo sapiens
ERR14276432	SAMEA117636889	ena-SAMPLE-TAB-28-01-2025-22:30:17:500-24990	TLTX18		OTHER	PAIRED	NextSeq 2000	1508252	75412600	Homo sapiens
ERR14276434	SAMEA117636889	ena-SAMPLE-TAB-28-01-2025-22:30:17:500-24990	TLTX18		OTHER	PAIRED	NextSeq 2000	1462	73100	Homo sapiens
ERR14276438	SAMEA117636889	ena-SAMPLE-TAB-28-01-2025-22:30:17:500-24990	TLTX18		OTHER	PAIRED	NextSeq 2000	1309458	65472900	Homo sapiens
ERR14276439	SAMEA117636889	ena-SAMPLE-TAB-28-01-2025-22:30:17:500-24990	TLTX18		OTHER	PAIRED	NextSeq 2000	1868	93400	Homo sapiens
ERR14276448	SAMEA117636889	ena-SAMPLE-TAB-28-01-2025-22:30:17:500-24990	TLTX18		OTHER	PAIRED	NextSeq 2000	1578104	78905200	Homo sapiens
ERR14276453	SAMEA117636889	ena-SAMPLE-TAB-28-01-2025-22:30:17:500-24990	TLTX18		OTHER	PAIRED	NextSeq 2000	1158	57900	Homo sapiens
ERR14276458	SAMEA117636889	ena-SAMPLE-TAB-28-01-2025-22:30:17:500-24990	TLTX18		OTHER	PAIRED	NextSeq 2000	1582686	79134300	Homo sapiens
ERR14276459	SAMEA117636889	ena-SAMPLE-TAB-28-01-2025-22:30:17:500-24990	TLTX18		OTHER	PAIRED	NextSeq 2000	926	46300	Homo sapiens
ERR14276467	SAMEA117636889	ena-SAMPLE-TAB-28-01-2025-22:30:17:500-24990	TLTX18		OTHER	PAIRED	NextSeq 2000	1462	73100	Homo sapiens
ERR14276472	SAMEA117636889	ena-SAMPLE-TAB-28-01-2025-22:30:17:500-24990	TLTX18		OTHER	PAIRED	NextSeq 2000	1236	61800	Homo sapiens
ERR14276473	SAMEA117636889	ena-SAMPLE-TAB-28-01-2025-22:30:17:500-24990	TLTX18		OTHER	PAIRED	NextSeq 2000	1258	62900	Homo sapiens
ERR14276475	SAMEA117636889	ena-SAMPLE-TAB-28-01-2025-22:30:17:500-24990	TLTX18		OTHER	PAIRED	NextSeq 2000	1236	61800	Homo sapiens
ERR14276479	SAMEA117636889	ena-SAMPLE-TAB-28-01-2025-22:30:17:500-24990	TLTX18		OTHER	PAIRED	NextSeq 2000	1728516	86425800	Homo sapiens
ERR14276482	SAMEA117636889	ena-SAMPLE-TAB-28-01-2025-22:30:17:500-24990	TLTX18		OTHER	PAIRED	NextSeq 2000	1218	60900	Homo sapiens
ERR14276485	SAMEA117636889	ena-SAMPLE-TAB-28-01-2025-22:30:17:500-24990	TLTX18		OTHER	PAIRED	NextSeq 2000	1376	68800	Homo sapiens
ERR14276493	SAMEA117636889	ena-SAMPLE-TAB-28-01-2025-22:30:17:500-24990	TLTX18		OTHER	PAIRED	NextSeq 2000	984	49200	Homo sapiens
ERR14276495	SAMEA117636889	ena-SAMPLE-TAB-28-01-2025-22:30:17:500-24990	TLTX18		OTHER	PAIRED	NextSeq 2000	2311136	115556800	Homo sapiens
ERR14276498	SAMEA117636889	ena-SAMPLE-TAB-28-01-2025-22:30:17:500-24990	TLTX18		OTHER	PAIRED	NextSeq 2000	1130	56500	Homo sapiens
ERR14276499	SAMEA117636889	ena-SAMPLE-TAB-28-01-2025-22:30:17:500-24990	TLTX18		OTHER	PAIRED	NextSeq 2000	1132	56600	Homo sapiens
ERR14276503	SAMEA117636889	ena-SAMPLE-TAB-28-01-2025-22:30:17:500-24990	TLTX18		OTHER	PAIRED	NextSeq 2000	1324854	66242700	Homo sapiens
ERR14276506	SAMEA117636889	ena-SAMPLE-TAB-28-01-2025-22:30:17:500-24990	TLTX18		OTHER	PAIRED	NextSeq 2000	1034	51700	Homo sapiens
ERR14276508	SAMEA117636889	ena-SAMPLE-TAB-28-01-2025-22:30:17:500-24990	TLTX18		OTHER	PAIRED	NextSeq 2000	1530	76500	Homo sapiens
ERR14276512	SAMEA117636889	ena-SAMPLE-TAB-28-01-2025-22:30:17:500-24990	TLTX18		OTHER	PAIRED	NextSeq 2000	1280	64000	Homo sapiens
ERR14276517	SAMEA117636889	ena-SAMPLE-TAB-28-01-2025-22:30:17:500-24990	TLTX18		OTHER	PAIRED	NextSeq 2000	1422	71100	Homo sapiens
ERR14276531	SAMEA117636889	ena-SAMPLE-TAB-28-01-2025-22:30:17:500-24990	TLTX18		OTHER	PAIRED	NextSeq 2000	1228	61400	Homo sapiens
ERR14276535	SAMEA117636889	ena-SAMPLE-TAB-28-01-2025-22:30:17:500-24990	TLTX18		OTHER	PAIRED	NextSeq 2000	2416	120800	Homo sapiens
ERR14276537	SAMEA117636889	ena-SAMPLE-TAB-28-01-2025-22:30:17:500-24990	TLTX18		OTHER	PAIRED	NextSeq 2000	1972	98600	Homo sapiens
ERR14276538	SAMEA117636889	ena-SAMPLE-TAB-28-01-2025-22:30:17:500-24990	TLTX18		OTHER	PAIRED	NextSeq 2000	1610	80500	Homo sapiens
ERR14276540	SAMEA117636889	ena-SAMPLE-TAB-28-01-2025-22:30:17:500-24990	TLTX18		OTHER	PAIRED	NextSeq 2000	1178	58900	Homo sapiens
ERR14276542	SAMEA117636889	ena-SAMPLE-TAB-28-01-2025-22:30:17:500-24990	TLTX18		OTHER	PAIRED	NextSeq 2000	1640	82000	Homo sapiens
ERR14276553	SAMEA117636889	ena-SAMPLE-TAB-28-01-2025-22:30:17:500-24990	TLTX18		OTHER	PAIRED	NextSeq 2000	1601480	80074000	Homo sapiens
ERR14276555	SAMEA117636889	ena-SAMPLE-TAB-28-01-2025-22:30:17:500-24990	TLTX18		OTHER	PAIRED	NextSeq 2000	2922	146100	Homo sapiens
ERR14276568	SAMEA117636889	ena-SAMPLE-TAB-28-01-2025-22:30:17:500-24990	TLTX18		OTHER	PAIRED	NextSeq 2000	1740	87000	Homo sapiens
ERR14276569	SAMEA117636889	ena-SAMPLE-TAB-28-01-2025-22:30:17:500-24990	TLTX18		OTHER	PAIRED	NextSeq 2000	2026	101300	Homo sapiens
ERR14276575	SAMEA117636889	ena-SAMPLE-TAB-28-01-2025-22:30:17:500-24990	TLTX18		OTHER	PAIRED	NextSeq 2000	1320	66000	Homo sapiens
ERR14276579	SAMEA117636889	ena-SAMPLE-TAB-28-01-2025-22:30:17:500-24990	TLTX18		OTHER	PAIRED	NextSeq 2000	1156	57800	Homo sapiens
ERR14276582	SAMEA117636889	ena-SAMPLE-TAB-28-01-2025-22:30:17:500-24990	TLTX18		OTHER	PAIRED	NextSeq 2000	1470	73500	Homo sapiens
ERR14276584	SAMEA117636889	ena-SAMPLE-TAB-28-01-2025-22:30:17:500-24990	TLTX18		OTHER	PAIRED	NextSeq 2000	1792	89600	Homo sapiens
ERR14276592	SAMEA117636889	ena-SAMPLE-TAB-28-01-2025-22:30:17:500-24990	TLTX18		OTHER	PAIRED	NextSeq 2000	1766	88300	Homo sapiens
ERR14276597	SAMEA117636889	ena-SAMPLE-TAB-28-01-2025-22:30:17:500-24990	TLTX18		OTHER	PAIRED	NextSeq 2000	1372238	68611900	Homo sapiens
ERR14276600	SAMEA117636889	ena-SAMPLE-TAB-28-01-2025-22:30:17:500-24990	TLTX18		OTHER	PAIRED	NextSeq 2000	680	34000	Homo sapiens
ERR14276601	SAMEA117636889	ena-SAMPLE-TAB-28-01-2025-22:30:17:500-24990	TLTX18		OTHER	PAIRED	NextSeq 2000	788	39400	Homo sapiens
ERR14276607	SAMEA117636889	ena-SAMPLE-TAB-28-01-2025-22:30:17:500-24990	TLTX18		OTHER	PAIRED	NextSeq 2000	1074	53700	Homo sapiens
ERR14276611	SAMEA117636889	ena-SAMPLE-TAB-28-01-2025-22:30:17:500-24990	TLTX18		OTHER	PAIRED	NextSeq 2000	918	45900	Homo sapiens
ERR14276612	SAMEA117636889	ena-SAMPLE-TAB-28-01-2025-22:30:17:500-24990	TLTX18		OTHER	PAIRED	NextSeq 2000	462	23100	Homo sapiens
ERR14276614	SAMEA117636889	ena-SAMPLE-TAB-28-01-2025-22:30:17:500-24990	TLTX18		OTHER	PAIRED	NextSeq 2000	732	36600	Homo sapiens
ERR14276620	SAMEA117636889	ena-SAMPLE-TAB-28-01-2025-22:30:17:500-24990	TLTX18		OTHER	PAIRED	NextSeq 2000	672	33600	Homo sapiens
ERR14276623	SAMEA117636889	ena-SAMPLE-TAB-28-01-2025-22:30:17:500-24990	TLTX18		OTHER	PAIRED	NextSeq 2000	482	24100	Homo sapiens
ERR14276624	SAMEA117636889	ena-SAMPLE-TAB-28-01-2025-22:30:17:500-24990	TLTX18		OTHER	PAIRED	NextSeq 2000	1388180	69409000	Homo sapiens
ERR14276630	SAMEA117636889	ena-SAMPLE-TAB-28-01-2025-22:30:17:500-24990	TLTX18		OTHER	PAIRED	NextSeq 2000	1631586	81579300	Homo sapiens
ERR14276637	SAMEA117636889	ena-SAMPLE-TAB-28-01-2025-22:30:17:500-24990	TLTX18		OTHER	PAIRED	NextSeq 2000	1655196	82759800	Homo sapiens
ERR14276640	SAMEA117636889	ena-SAMPLE-TAB-28-01-2025-22:30:17:500-24990	TLTX18		OTHER	PAIRED	NextSeq 2000	672	33600	Homo sapiens
ERR14276650	SAMEA117636889	ena-SAMPLE-TAB-28-01-2025-22:30:17:500-24990	TLTX18		OTHER	PAIRED	NextSeq 2000	644	32200	Homo sapiens
ERR14276654	SAMEA117636889	ena-SAMPLE-TAB-28-01-2025-22:30:17:500-24990	TLTX18		OTHER	PAIRED	NextSeq 2000	630	31500	Homo sapiens
ERR14276659	SAMEA117636889	ena-SAMPLE-TAB-28-01-2025-22:30:17:500-24990	TLTX18		OTHER	PAIRED	NextSeq 2000	384	19200	Homo sapiens
ERR14276674	SAMEA117636889	ena-SAMPLE-TAB-28-01-2025-22:30:17:500-24990	TLTX18		OTHER	PAIRED	NextSeq 2000	764	38200	Homo sapiens
ERR14276675	SAMEA117636889	ena-SAMPLE-TAB-28-01-2025-22:30:17:500-24990	TLTX18		OTHER	PAIRED	NextSeq 2000	448	22400	Homo sapiens
ERR14276678	SAMEA117636889	ena-SAMPLE-TAB-28-01-2025-22:30:17:500-24990	TLTX18		OTHER	PAIRED	NextSeq 2000	498	24900	Homo sapiens
ERR14276684	SAMEA117636889	ena-SAMPLE-TAB-28-01-2025-22:30:17:500-24990	TLTX18		OTHER	PAIRED	NextSeq 2000	426	21300	Homo sapiens
ERR14276686	SAMEA117636889	ena-SAMPLE-TAB-28-01-2025-22:30:17:500-24990	TLTX18		OTHER	PAIRED	NextSeq 2000	594	29700	Homo sapiens
ERR14276694	SAMEA117636889	ena-SAMPLE-TAB-28-01-2025-22:30:17:500-24990	TLTX18		OTHER	PAIRED	NextSeq 2000	980414	49020700	Homo sapiens
ERR14276699	SAMEA117636889	ena-SAMPLE-TAB-28-01-2025-22:30:17:500-24990	TLTX18		OTHER	PAIRED	NextSeq 2000	1108	55400	Homo sapiens
ERR14276707	SAMEA117636889	ena-SAMPLE-TAB-28-01-2025-22:30:17:500-24990	TLTX18		OTHER	PAIRED	NextSeq 2000	608	30400	Homo sapiens
ERR14276730	SAMEA117636889	ena-SAMPLE-TAB-28-01-2025-22:30:17:500-24990	TLTX18		OTHER	PAIRED	NextSeq 2000	530	26500	Homo sapiens
ERR14276736	SAMEA117636889	ena-SAMPLE-TAB-28-01-2025-22:30:17:500-24990	TLTX18		OTHER	PAIRED	NextSeq 2000	658	32900	Homo sapiens
ERR14276737	SAMEA117636889	ena-SAMPLE-TAB-28-01-2025-22:30:17:500-24990	TLTX18		OTHER	PAIRED	NextSeq 2000	620	31000	Homo sapiens
ERR14276739	SAMEA117636889	ena-SAMPLE-TAB-28-01-2025-22:30:17:500-24990	TLTX18		OTHER	PAIRED	NextSeq 2000	1528	76400	Homo sapiens
ERR14276743	SAMEA117636889	ena-SAMPLE-TAB-28-01-2025-22:30:17:500-24990	TLTX18		OTHER	PAIRED	NextSeq 2000	1226	61300	Homo sapiens
ERR14276744	SAMEA117636889	ena-SAMPLE-TAB-28-01-2025-22:30:17:500-24990	TLTX18		OTHER	PAIRED	NextSeq 2000	1008	50400	Homo sapiens
ERR14276752	SAMEA117636889	ena-SAMPLE-TAB-28-01-2025-22:30:17:500-24990	TLTX18		OTHER	PAIRED	NextSeq 2000	1368	68400	Homo sapiens
ERR14276754	SAMEA117636889	ena-SAMPLE-TAB-28-01-2025-22:30:17:500-24990	TLTX18		OTHER	PAIRED	NextSeq 2000	1909134	95456700	Homo sapiens
ERR14276756	SAMEA117636889	ena-SAMPLE-TAB-28-01-2025-22:30:17:500-24990	TLTX18		OTHER	PAIRED	NextSeq 2000	696	34800	Homo sapiens
ERR14276770	SAMEA117636889	ena-SAMPLE-TAB-28-01-2025-22:30:17:500-24990	TLTX18		OTHER	PAIRED	NextSeq 2000	918	45900	Homo sapiens
ERR14276773	SAMEA117636889	ena-SAMPLE-TAB-28-01-2025-22:30:17:500-24990	TLTX18		OTHER	PAIRED	NextSeq 2000	1130	56500	Homo sapiens
ERR14276779	SAMEA117636889	ena-SAMPLE-TAB-28-01-2025-22:30:17:500-24990	TLTX18		OTHER	PAIRED	NextSeq 2000	1124	56200	Homo sapiens
ERR14276780	SAMEA117636889	ena-SAMPLE-TAB-28-01-2025-22:30:17:500-24990	TLTX18		OTHER	PAIRED	NextSeq 2000	602	30100	Homo sapiens
ERR14276788	SAMEA117636889	ena-SAMPLE-TAB-28-01-2025-22:30:17:500-24990	TLTX18		OTHER	PAIRED	NextSeq 2000	552	27600	Homo sapiens
ERR14276795	SAMEA117636889	ena-SAMPLE-TAB-28-01-2025-22:30:17:500-24990	TLTX18		OTHER	PAIRED	NextSeq 2000	914	45700	Homo sapiens
ERR14276808	SAMEA117636889	ena-SAMPLE-TAB-28-01-2025-22:30:17:500-24990	TLTX18		OTHER	PAIRED	NextSeq 2000	1218	60900	Homo sapiens
ERR14276810	SAMEA117636889	ena-SAMPLE-TAB-28-01-2025-22:30:17:500-24990	TLTX18		OTHER	PAIRED	NextSeq 2000	1012	50600	Homo sapiens
ERR14276813	SAMEA117636889	ena-SAMPLE-TAB-28-01-2025-22:30:17:500-24990	TLTX18		OTHER	PAIRED	NextSeq 2000	1112	55600	Homo sapiens
ERR14276816	SAMEA117636889	ena-SAMPLE-TAB-28-01-2025-22:30:17:500-24990	TLTX18		OTHER	PAIRED	NextSeq 2000	1166	58300	Homo sapiens
ERR14276817	SAMEA117636889	ena-SAMPLE-TAB-28-01-2025-22:30:17:500-24990	TLTX18		OTHER	PAIRED	NextSeq 2000	2173606	108680300	Homo sapiens
ERR14276818	SAMEA117636889	ena-SAMPLE-TAB-28-01-2025-22:30:17:500-24990	TLTX18		OTHER	PAIRED	NextSeq 2000	1864	93200	Homo sapiens
ERR14276821	SAMEA117636889	ena-SAMPLE-TAB-28-01-2025-22:30:17:500-24990	TLTX18		OTHER	PAIRED	NextSeq 2000	1086	54300	Homo sapiens
ERR14276825	SAMEA117636889	ena-SAMPLE-TAB-28-01-2025-22:30:17:500-24990	TLTX18		OTHER	PAIRED	NextSeq 2000	1320	66000	Homo sapiens
ERR14276826	SAMEA117636889	ena-SAMPLE-TAB-28-01-2025-22:30:17:500-24990	TLTX18		OTHER	PAIRED	NextSeq 2000	2015212	100760600	Homo sapiens
ERR14276828	SAMEA117636889	ena-SAMPLE-TAB-28-01-2025-22:30:17:500-24990	TLTX18		OTHER	PAIRED	NextSeq 2000	800	40000	Homo sapiens
ERR14276831	SAMEA117636889	ena-SAMPLE-TAB-28-01-2025-22:30:17:500-24990	TLTX18		OTHER	PAIRED	NextSeq 2000	1566	78300	Homo sapiens
ERR14276833	SAMEA117636889	ena-SAMPLE-TAB-28-01-2025-22:30:17:500-24990	TLTX18		OTHER	PAIRED	NextSeq 2000	2355454	117772700	Homo sapiens
ERR14276835	SAMEA117636889	ena-SAMPLE-TAB-28-01-2025-22:30:17:500-24990	TLTX18		OTHER	PAIRED	NextSeq 2000	1027178	51358900	Homo sapiens
ERR14276839	SAMEA117636889	ena-SAMPLE-TAB-28-01-2025-22:30:17:500-24990	TLTX18		OTHER	PAIRED	NextSeq 2000	940	47000	Homo sapiens
ERR14276851	SAMEA117636889	ena-SAMPLE-TAB-28-01-2025-22:30:17:500-24990	TLTX18		OTHER	PAIRED	NextSeq 2000	1272	63600	Homo sapiens
ERR14276858	SAMEA117636889	ena-SAMPLE-TAB-28-01-2025-22:30:17:500-24990	TLTX18		OTHER	PAIRED	NextSeq 2000	1142	57100	Homo sapiens
ERR14276865	SAMEA117636889	ena-SAMPLE-TAB-28-01-2025-22:30:17:500-24990	TLTX18		OTHER	PAIRED	NextSeq 2000	984	49200	Homo sapiens
ERR14276866	SAMEA117636889	ena-SAMPLE-TAB-28-01-2025-22:30:17:500-24990	TLTX18		OTHER	PAIRED	NextSeq 2000	1994768	99738400	Homo sapiens
ERR14276877	SAMEA117636889	ena-SAMPLE-TAB-28-01-2025-22:30:17:500-24990	TLTX18		OTHER	PAIRED	NextSeq 2000	1484	74200	Homo sapiens
ERR14276881	SAMEA117636889	ena-SAMPLE-TAB-28-01-2025-22:30:17:500-24990	TLTX18		OTHER	PAIRED	NextSeq 2000	1208	60400	Homo sapiens
ERR14276884	SAMEA117636889	ena-SAMPLE-TAB-28-01-2025-22:30:17:500-24990	TLTX18		OTHER	PAIRED	NextSeq 2000	162542	8127100	Homo sapiens
ERR14276885	SAMEA117636889	ena-SAMPLE-TAB-28-01-2025-22:30:17:500-24990	TLTX18		OTHER	PAIRED	NextSeq 2000	42	2100	Homo sapiens
ERR14276895	SAMEA117636889	ena-SAMPLE-TAB-28-01-2025-22:30:17:500-24990	TLTX18		OTHER	PAIRED	NextSeq 2000	72	3600	Homo sapiens
ERR14276900	SAMEA117636889	ena-SAMPLE-TAB-28-01-2025-22:30:17:500-24990	TLTX18		OTHER	PAIRED	NextSeq 2000	50	2500	Homo sapiens
ERR14276901	SAMEA117636889	ena-SAMPLE-TAB-28-01-2025-22:30:17:500-24990	TLTX18		OTHER	PAIRED	NextSeq 2000	42	2100	Homo sapiens
ERR14276903	SAMEA117636889	ena-SAMPLE-TAB-28-01-2025-22:30:17:500-24990	TLTX18		OTHER	PAIRED	NextSeq 2000	130	6500	Homo sapiens
ERR14276916	SAMEA117636889	ena-SAMPLE-TAB-28-01-2025-22:30:17:500-24990	TLTX18		OTHER	PAIRED	NextSeq 2000	44	2200	Homo sapiens
ERR14276918	SAMEA117636889	ena-SAMPLE-TAB-28-01-2025-22:30:17:500-24990	TLTX18		OTHER	PAIRED	NextSeq 2000	124	6200	Homo sapiens
ERR14276919	SAMEA117636889	ena-SAMPLE-TAB-28-01-2025-22:30:17:500-24990	TLTX18		OTHER	PAIRED	NextSeq 2000	110	5500	Homo sapiens
ERR14276924	SAMEA117636889	ena-SAMPLE-TAB-28-01-2025-22:30:17:500-24990	TLTX18		OTHER	PAIRED	NextSeq 2000	50	2500	Homo sapiens
ERR14276928	SAMEA117636889	ena-SAMPLE-TAB-28-01-2025-22:30:17:500-24990	TLTX18		OTHER	PAIRED	NextSeq 2000	80	4000	Homo sapiens
ERR14276929	SAMEA117636889	ena-SAMPLE-TAB-28-01-2025-22:30:17:500-24990	TLTX18		OTHER	PAIRED	NextSeq 2000	90	4500	Homo sapiens
ERR14276936	SAMEA117636889	ena-SAMPLE-TAB-28-01-2025-22:30:17:500-24990	TLTX18		OTHER	PAIRED	NextSeq 2000	38	1900	Homo sapiens
ERR14276940	SAMEA117636889	ena-SAMPLE-TAB-28-01-2025-22:30:17:500-24990	TLTX18		OTHER	PAIRED	NextSeq 2000	1606	80300	Homo sapiens
ERR14276944	SAMEA117636889	ena-SAMPLE-TAB-28-01-2025-22:30:17:500-24990	TLTX18		OTHER	PAIRED	NextSeq 2000	120	6000	Homo sapiens
ERR14276947	SAMEA117636889	ena-SAMPLE-TAB-28-01-2025-22:30:17:500-24990	TLTX18		OTHER	PAIRED	NextSeq 2000	16	800	Homo sapiens
ERR14276959	SAMEA117636889	ena-SAMPLE-TAB-28-01-2025-22:30:17:500-24990	TLTX18		OTHER	PAIRED	NextSeq 2000	1218	60900	Homo sapiens
ERR14276963	SAMEA117636889	ena-SAMPLE-TAB-28-01-2025-22:30:17:500-24990	TLTX18		OTHER	PAIRED	NextSeq 2000	1447648	72382400	Homo sapiens
ERR14276965	SAMEA117636889	ena-SAMPLE-TAB-28-01-2025-22:30:17:500-24990	TLTX18		OTHER	PAIRED	NextSeq 2000	1090	54500	Homo sapiens
ERR14276968	SAMEA117636889	ena-SAMPLE-TAB-28-01-2025-22:30:17:500-24990	TLTX18		OTHER	PAIRED	NextSeq 2000	1242	62100	Homo sapiens
ERR14276969	SAMEA117636889	ena-SAMPLE-TAB-28-01-2025-22:30:17:500-24990	TLTX18		OTHER	PAIRED	NextSeq 2000	1274	63700	Homo sapiens
ERR14276978	SAMEA117636889	ena-SAMPLE-TAB-28-01-2025-22:30:17:500-24990	TLTX18		OTHER	PAIRED	NextSeq 2000	1020	51000	Homo sapiens
ERR14276984	SAMEA117636889	ena-SAMPLE-TAB-28-01-2025-22:30:17:500-24990	TLTX18		OTHER	PAIRED	NextSeq 2000	986	49300	Homo sapiens
ERR14276995	SAMEA117636889	ena-SAMPLE-TAB-28-01-2025-22:30:17:500-24990	TLTX18		OTHER	PAIRED	NextSeq 2000	880	44000	Homo sapiens
ERR14277003	SAMEA117636889	ena-SAMPLE-TAB-28-01-2025-22:30:17:500-24990	TLTX18		OTHER	PAIRED	NextSeq 2000	754	37700	Homo sapiens
ERR14277018	SAMEA117636889	ena-SAMPLE-TAB-28-01-2025-22:30:17:500-24990	TLTX18		OTHER	PAIRED	NextSeq 2000	882	44100	Homo sapiens
ERR14277023	SAMEA117636889	ena-SAMPLE-TAB-28-01-2025-22:30:17:500-24990	TLTX18		OTHER	PAIRED	NextSeq 2000	906	45300	Homo sapiens
ERR14277024	SAMEA117636889	ena-SAMPLE-TAB-28-01-2025-22:30:17:500-24990	TLTX18		OTHER	PAIRED	NextSeq 2000	1038	51900	Homo sapiens
ERR14277033	SAMEA117636889	ena-SAMPLE-TAB-28-01-2025-22:30:17:500-24990	TLTX18		OTHER	PAIRED	NextSeq 2000	574	28700	Homo sapiens
ERR14277034	SAMEA117636889	ena-SAMPLE-TAB-28-01-2025-22:30:17:500-24990	TLTX18		OTHER	PAIRED	NextSeq 2000	746	37300	Homo sapiens
ERR14277039	SAMEA117636889	ena-SAMPLE-TAB-28-01-2025-22:30:17:500-24990	TLTX18		OTHER	PAIRED	NextSeq 2000	1292876	64643800	Homo sapiens
ERR14277048	SAMEA117636889	ena-SAMPLE-TAB-28-01-2025-22:30:17:500-24990	TLTX18		OTHER	PAIRED	NextSeq 2000	446	22300	Homo sapiens
ERR14277055	SAMEA117636889	ena-SAMPLE-TAB-28-01-2025-22:30:17:500-24990	TLTX18		OTHER	PAIRED	NextSeq 2000	424	21200	Homo sapiens
ERR14277056	SAMEA117636889	ena-SAMPLE-TAB-28-01-2025-22:30:17:500-24990	TLTX18		OTHER	PAIRED	NextSeq 2000	498	24900	Homo sapiens
ERR14277060	SAMEA117636889	ena-SAMPLE-TAB-28-01-2025-22:30:17:500-24990	TLTX18		OTHER	PAIRED	NextSeq 2000	390	19500	Homo sapiens
ERR14277064	SAMEA117636889	ena-SAMPLE-TAB-28-01-2025-22:30:17:500-24990	TLTX18		OTHER	PAIRED	NextSeq 2000	538	26900	Homo sapiens
ERR14277070	SAMEA117636889	ena-SAMPLE-TAB-28-01-2025-22:30:17:500-24990	TLTX18		OTHER	PAIRED	NextSeq 2000	30238	1511900	Homo sapiens
ERR14277074	SAMEA117636889	ena-SAMPLE-TAB-28-01-2025-22:30:17:500-24990	TLTX18		OTHER	PAIRED	NextSeq 2000	566	28300	Homo sapiens
ERR14277075	SAMEA117636889	ena-SAMPLE-TAB-28-01-2025-22:30:17:500-24990	TLTX18		OTHER	PAIRED	NextSeq 2000	462	23100	Homo sapiens
ERR14277078	SAMEA117636889	ena-SAMPLE-TAB-28-01-2025-22:30:17:500-24990	TLTX18		OTHER	PAIRED	NextSeq 2000	546	27300	Homo sapiens
ERR14277090	SAMEA117636889	ena-SAMPLE-TAB-28-01-2025-22:30:17:500-24990	TLTX18		OTHER	PAIRED	NextSeq 2000	1033358	51667900	Homo sapiens
ERR14277092	SAMEA117636889	ena-SAMPLE-TAB-28-01-2025-22:30:17:500-24990	TLTX18		OTHER	PAIRED	NextSeq 2000	416	20800	Homo sapiens
ERR14277093	SAMEA117636889	ena-SAMPLE-TAB-28-01-2025-22:30:17:500-24990	TLTX18		OTHER	PAIRED	NextSeq 2000	654	32700	Homo sapiens
ERR14277096	SAMEA117636889	ena-SAMPLE-TAB-28-01-2025-22:30:17:500-24990	TLTX18		OTHER	PAIRED	NextSeq 2000	548	27400	Homo sapiens
ERR14277097	SAMEA117636889	ena-SAMPLE-TAB-28-01-2025-22:30:17:500-24990	TLTX18		OTHER	PAIRED	NextSeq 2000	594	29700	Homo sapiens
ERR14277100	SAMEA117636889	ena-SAMPLE-TAB-28-01-2025-22:30:17:500-24990	TLTX18		OTHER	PAIRED	NextSeq 2000	2	100	Homo sapiens
ERR14277103	SAMEA117636889	ena-SAMPLE-TAB-28-01-2025-22:30:17:500-24990	TLTX18		OTHER	PAIRED	NextSeq 2000	1590	79500	Homo sapiens
ERR14277105	SAMEA117636889	ena-SAMPLE-TAB-28-01-2025-22:30:17:500-24990	TLTX18		OTHER	PAIRED	NextSeq 2000	1128	56400	Homo sapiens
ERR14277111	SAMEA117636889	ena-SAMPLE-TAB-28-01-2025-22:30:17:500-24990	TLTX18		OTHER	PAIRED	NextSeq 2000	874	43700	Homo sapiens
ERR14277120	SAMEA117636889	ena-SAMPLE-TAB-28-01-2025-22:30:17:500-24990	TLTX18		OTHER	PAIRED	NextSeq 2000	808	40400	Homo sapiens
ERR14277124	SAMEA117636889	ena-SAMPLE-TAB-28-01-2025-22:30:17:500-24990	TLTX18		OTHER	PAIRED	NextSeq 2000	988	49400	Homo sapiens
ERR14277126	SAMEA117636889	ena-SAMPLE-TAB-28-01-2025-22:30:17:500-24990	TLTX18		OTHER	PAIRED	NextSeq 2000	1846522	92326100	Homo sapiens
ERR14277140	SAMEA117636889	ena-SAMPLE-TAB-28-01-2025-22:30:17:500-24990	TLTX18		OTHER	PAIRED	NextSeq 2000	1118	55900	Homo sapiens
ERR14277144	SAMEA117636889	ena-SAMPLE-TAB-28-01-2025-22:30:17:500-24990	TLTX18		OTHER	PAIRED	NextSeq 2000	582	29100	Homo sapiens
ERR14277151	SAMEA117636889	ena-SAMPLE-TAB-28-01-2025-22:30:17:500-24990	TLTX18		OTHER	PAIRED	NextSeq 2000	974	48700	Homo sapiens
ERR14277154	SAMEA117636889	ena-SAMPLE-TAB-28-01-2025-22:30:17:500-24990	TLTX18		OTHER	PAIRED	NextSeq 2000	1210	60500	Homo sapiens
ERR14277158	SAMEA117636889	ena-SAMPLE-TAB-28-01-2025-22:30:17:500-24990	TLTX18		OTHER	PAIRED	NextSeq 2000	1098	54900	Homo sapiens
ERR14277162	SAMEA117636889	ena-SAMPLE-TAB-28-01-2025-22:30:17:500-24990	TLTX18		OTHER	PAIRED	NextSeq 2000	1060	53000	Homo sapiens
ERR14277176	SAMEA117636889	ena-SAMPLE-TAB-28-01-2025-22:30:17:500-24990	TLTX18		OTHER	PAIRED	NextSeq 2000	1400	70000	Homo sapiens
ERR14277193	SAMEA117636889	ena-SAMPLE-TAB-28-01-2025-22:30:17:500-24990	TLTX18		OTHER	PAIRED	NextSeq 2000	1254	62700	Homo sapiens
ERR14277194	SAMEA117636889	ena-SAMPLE-TAB-28-01-2025-22:30:17:500-24990	TLTX18		OTHER	PAIRED	NextSeq 2000	2483618	124180900	Homo sapiens
ERR14277204	SAMEA117636889	ena-SAMPLE-TAB-28-01-2025-22:30:17:500-24990	TLTX18		OTHER	PAIRED	NextSeq 2000	1658	82900	Homo sapiens
ERR14277207	SAMEA117636889	ena-SAMPLE-TAB-28-01-2025-22:30:17:500-24990	TLTX18		OTHER	PAIRED	NextSeq 2000	2008142	100407100	Homo sapiens
ERR14277219	SAMEA117636889	ena-SAMPLE-TAB-28-01-2025-22:30:17:500-24990	TLTX18		OTHER	PAIRED	NextSeq 2000	2396	119800	Homo sapiens
ERR14277221	SAMEA117636889	ena-SAMPLE-TAB-28-01-2025-22:30:17:500-24990	TLTX18		OTHER	PAIRED	NextSeq 2000	2192	109600	Homo sapiens
ERR14277224	SAMEA117636889	ena-SAMPLE-TAB-28-01-2025-22:30:17:500-24990	TLTX18		OTHER	PAIRED	NextSeq 2000	832	41600	Homo sapiens
ERR14277230	SAMEA117636889	ena-SAMPLE-TAB-28-01-2025-22:30:17:500-24990	TLTX18		OTHER	PAIRED	NextSeq 2000	1460	73000	Homo sapiens
ERR14277238	SAMEA117636889	ena-SAMPLE-TAB-28-01-2025-22:30:17:500-24990	TLTX18		OTHER	PAIRED	NextSeq 2000	1794330	89716500	Homo sapiens
ERR14277242	SAMEA117636889	ena-SAMPLE-TAB-28-01-2025-22:30:17:500-24990	TLTX18		OTHER	PAIRED	NextSeq 2000	1725002	86250100	Homo sapiens
ERR14277243	SAMEA117636889	ena-SAMPLE-TAB-28-01-2025-22:30:17:500-24990	TLTX18		OTHER	PAIRED	NextSeq 2000	1614	80700	Homo sapiens
ERR14277250	SAMEA117636889	ena-SAMPLE-TAB-28-01-2025-22:30:17:500-24990	TLTX18		OTHER	PAIRED	NextSeq 2000	1648	82400	Homo sapiens
ERR14277251	SAMEA117636889	ena-SAMPLE-TAB-28-01-2025-22:30:17:500-24990	TLTX18		OTHER	PAIRED	NextSeq 2000	1356	67800	Homo sapiens
ERR14277253	SAMEA117636889	ena-SAMPLE-TAB-28-01-2025-22:30:17:500-24990	TLTX18		OTHER	PAIRED	NextSeq 2000	1364	68200	Homo sapiens
ERR14277258	SAMEA117636889	ena-SAMPLE-TAB-28-01-2025-22:30:17:500-24990	TLTX18		OTHER	PAIRED	NextSeq 2000	932	46600	Homo sapiens
ERR14277272	SAMEA117636889	ena-SAMPLE-TAB-28-01-2025-22:30:17:500-24990	TLTX18		OTHER	PAIRED	NextSeq 2000	1312	65600	Homo sapiens
ERR14277273	SAMEA117636889	ena-SAMPLE-TAB-28-01-2025-22:30:17:500-24990	TLTX18		OTHER	PAIRED	NextSeq 2000	754	37700	Homo sapiens
ERR14277274	SAMEA117636889	ena-SAMPLE-TAB-28-01-2025-22:30:17:500-24990	TLTX18		OTHER	PAIRED	NextSeq 2000	1266312	63315600	Homo sapiens
ERR14277278	SAMEA117636889	ena-SAMPLE-TAB-28-01-2025-22:30:17:500-24990	TLTX18		OTHER	PAIRED	NextSeq 2000	1666560	83328000	Homo sapiens
ERR14277280	SAMEA117636889	ena-SAMPLE-TAB-28-01-2025-22:30:17:500-24990	TLTX18		OTHER	PAIRED	NextSeq 2000	1050	52500	Homo sapiens
ERR14277281	SAMEA117636889	ena-SAMPLE-TAB-28-01-2025-22:30:17:500-24990	TLTX18		OTHER	PAIRED	NextSeq 2000	1401628	70081400	Homo sapiens
ERR14277294	SAMEA117636889	ena-SAMPLE-TAB-28-01-2025-22:30:17:500-24990	TLTX18		OTHER	PAIRED	NextSeq 2000	1140	57000	Homo sapiens
ERR14277295	SAMEA117636889	ena-SAMPLE-TAB-28-01-2025-22:30:17:500-24990	TLTX18		OTHER	PAIRED	NextSeq 2000	1404640	70232000	Homo sapiens
ERR14277296	SAMEA117636889	ena-SAMPLE-TAB-28-01-2025-22:30:17:500-24990	TLTX18		OTHER	PAIRED	NextSeq 2000	626	31300	Homo sapiens
ERR14277302	SAMEA117636889	ena-SAMPLE-TAB-28-01-2025-22:30:17:500-24990	TLTX18		OTHER	PAIRED	NextSeq 2000	1008	50400	Homo sapiens
ERR14277305	SAMEA117636889	ena-SAMPLE-TAB-28-01-2025-22:30:17:500-24990	TLTX18		OTHER	PAIRED	NextSeq 2000	1496318	74815900	Homo sapiens
ERR14277306	SAMEA117636889	ena-SAMPLE-TAB-28-01-2025-22:30:17:500-24990	TLTX18		OTHER	PAIRED	NextSeq 2000	1044	52200	Homo sapiens
ERR14277317	SAMEA117636889	ena-SAMPLE-TAB-28-01-2025-22:30:17:500-24990	TLTX18		OTHER	PAIRED	NextSeq 2000	1604	80200	Homo sapiens
ERR14277318	SAMEA117636889	ena-SAMPLE-TAB-28-01-2025-22:30:17:500-24990	TLTX18		OTHER	PAIRED	NextSeq 2000	1371194	68559700	Homo sapiens
ERR14277329	SAMEA117636889	ena-SAMPLE-TAB-28-01-2025-22:30:17:500-24990	TLTX18		OTHER	PAIRED	NextSeq 2000	690	34500	Homo sapiens
ERR14277333	SAMEA117636889	ena-SAMPLE-TAB-28-01-2025-22:30:17:500-24990	TLTX18		OTHER	PAIRED	NextSeq 2000	886	44300	Homo sapiens
ERR14277335	SAMEA117636889	ena-SAMPLE-TAB-28-01-2025-22:30:17:500-24990	TLTX18		OTHER	PAIRED	NextSeq 2000	1084	54200	Homo sapiens
ERR14277338	SAMEA117636889	ena-SAMPLE-TAB-28-01-2025-22:30:17:500-24990	TLTX18		OTHER	PAIRED	NextSeq 2000	832	41600	Homo sapiens
ERR14277344	SAMEA117636889	ena-SAMPLE-TAB-28-01-2025-22:30:17:500-24990	TLTX18		OTHER	PAIRED	NextSeq 2000	874	43700	Homo sapiens
ERR14277347	SAMEA117636889	ena-SAMPLE-TAB-28-01-2025-22:30:17:500-24990	TLTX18		OTHER	PAIRED	NextSeq 2000	676	33800	Homo sapiens
ERR14277351	SAMEA117636889	ena-SAMPLE-TAB-28-01-2025-22:30:17:500-24990	TLTX18		OTHER	PAIRED	NextSeq 2000	2339622	116981100	Homo sapiens
ERR14277358	SAMEA117636889	ena-SAMPLE-TAB-28-01-2025-22:30:17:500-24990	TLTX18		OTHER	PAIRED	NextSeq 2000	608	30400	Homo sapiens
ERR14277362	SAMEA117636889	ena-SAMPLE-TAB-28-01-2025-22:30:17:500-24990	TLTX18		OTHER	PAIRED	NextSeq 2000	128	6400	Homo sapiens
ERR14277363	SAMEA117636889	ena-SAMPLE-TAB-28-01-2025-22:30:17:500-24990	TLTX18		OTHER	PAIRED	NextSeq 2000	1210	60500	Homo sapiens
ERR14277369	SAMEA117636889	ena-SAMPLE-TAB-28-01-2025-22:30:17:500-24990	TLTX18		OTHER	PAIRED	NextSeq 2000	680	34000	Homo sapiens
ERR14277379	SAMEA117636889	ena-SAMPLE-TAB-28-01-2025-22:30:17:500-24990	TLTX18		OTHER	PAIRED	NextSeq 2000	1514856	75742800	Homo sapiens
ERR14277380	SAMEA117636889	ena-SAMPLE-TAB-28-01-2025-22:30:17:500-24990	TLTX18		OTHER	PAIRED	NextSeq 2000	1852350	92617500	Homo sapiens
ERR14277382	SAMEA117636889	ena-SAMPLE-TAB-28-01-2025-22:30:17:500-24990	TLTX18		OTHER	PAIRED	NextSeq 2000	750	37500	Homo sapiens
ERR14277388	SAMEA117636889	ena-SAMPLE-TAB-28-01-2025-22:30:17:500-24990	TLTX18		OTHER	PAIRED	NextSeq 2000	784	39200	Homo sapiens
ERR14277390	SAMEA117636889	ena-SAMPLE-TAB-28-01-2025-22:30:17:500-24990	TLTX18		OTHER	PAIRED	NextSeq 2000	744	37200	Homo sapiens
ERR14277392	SAMEA117636889	ena-SAMPLE-TAB-28-01-2025-22:30:17:500-24990	TLTX18		OTHER	PAIRED	NextSeq 2000	1662	83100	Homo sapiens
ERR14277401	SAMEA117636889	ena-SAMPLE-TAB-28-01-2025-22:30:17:500-24990	TLTX18		OTHER	PAIRED	NextSeq 2000	2034	101700	Homo sapiens
ERR14277408	SAMEA117636889	ena-SAMPLE-TAB-28-01-2025-22:30:17:500-24990	TLTX18		OTHER	PAIRED	NextSeq 2000	1433732	71686600	Homo sapiens
ERR14277413	SAMEA117636889	ena-SAMPLE-TAB-28-01-2025-22:30:17:500-24990	TLTX18		OTHER	PAIRED	NextSeq 2000	1998	99900	Homo sapiens
ERR14277421	SAMEA117636889	ena-SAMPLE-TAB-28-01-2025-22:30:17:500-24990	TLTX18		OTHER	PAIRED	NextSeq 2000	1425598	71279900	Homo sapiens
ERR14277427	SAMEA117636889	ena-SAMPLE-TAB-28-01-2025-22:30:17:500-24990	TLTX18		OTHER	PAIRED	NextSeq 2000	1580	79000	Homo sapiens
ERR14277428	SAMEA117636889	ena-SAMPLE-TAB-28-01-2025-22:30:17:500-24990	TLTX18		OTHER	PAIRED	NextSeq 2000	1500920	75046000	Homo sapiens
ERR14277430	SAMEA117636889	ena-SAMPLE-TAB-28-01-2025-22:30:17:500-24990	TLTX18		OTHER	PAIRED	NextSeq 2000	1570	78500	Homo sapiens
ERR14277432	SAMEA117636889	ena-SAMPLE-TAB-28-01-2025-22:30:17:500-24990	TLTX18		OTHER	PAIRED	NextSeq 2000	992674	49633700	Homo sapiens
ERR14277434	SAMEA117636889	ena-SAMPLE-TAB-28-01-2025-22:30:17:500-24990	TLTX18		OTHER	PAIRED	NextSeq 2000	370	18500	Homo sapiens
ERR14277438	SAMEA117636889	ena-SAMPLE-TAB-28-01-2025-22:30:17:500-24990	TLTX18		OTHER	PAIRED	NextSeq 2000	2112	105600	Homo sapiens
ERR14277439	SAMEA117636889	ena-SAMPLE-TAB-28-01-2025-22:30:17:500-24990	TLTX18		OTHER	PAIRED	NextSeq 2000	1694	84700	Homo sapiens
ERR14277442	SAMEA117636889	ena-SAMPLE-TAB-28-01-2025-22:30:17:500-24990	TLTX18		OTHER	PAIRED	NextSeq 2000	1636296	81814800	Homo sapiens
ERR14277446	SAMEA117636889	ena-SAMPLE-TAB-28-01-2025-22:30:17:500-24990	TLTX18		OTHER	PAIRED	NextSeq 2000	1762	88100	Homo sapiens
ERR14277448	SAMEA117636889	ena-SAMPLE-TAB-28-01-2025-22:30:17:500-24990	TLTX18		OTHER	PAIRED	NextSeq 2000	1647678	82383900	Homo sapiens
ERR14277460	SAMEA117636889	ena-SAMPLE-TAB-28-01-2025-22:30:17:500-24990	TLTX18		OTHER	PAIRED	NextSeq 2000	814324	40716200	Homo sapiens
ERR14277461	SAMEA117636889	ena-SAMPLE-TAB-28-01-2025-22:30:17:500-24990	TLTX18		OTHER	PAIRED	NextSeq 2000	2356	117800	Homo sapiens
ERR14277462	SAMEA117636889	ena-SAMPLE-TAB-28-01-2025-22:30:17:500-24990	TLTX18		OTHER	PAIRED	NextSeq 2000	1978	98900	Homo sapiens
ERR14277466	SAMEA117636889	ena-SAMPLE-TAB-28-01-2025-22:30:17:500-24990	TLTX18		OTHER	PAIRED	NextSeq 2000	1323422	66171100	Homo sapiens
ERR14277473	SAMEA117636889	ena-SAMPLE-TAB-28-01-2025-22:30:17:500-24990	TLTX18		OTHER	PAIRED	NextSeq 2000	1124536	56226800	Homo sapiens
ERR14277483	SAMEA117636889	ena-SAMPLE-TAB-28-01-2025-22:30:17:500-24990	TLTX18		OTHER	PAIRED	NextSeq 2000	1366994	68349700	Homo sapiens
ERR14277484	SAMEA117636889	ena-SAMPLE-TAB-28-01-2025-22:30:17:500-24990	TLTX18		OTHER	PAIRED	NextSeq 2000	1144	57200	Homo sapiens
ERR14277485	SAMEA117636889	ena-SAMPLE-TAB-28-01-2025-22:30:17:500-24990	TLTX18		OTHER	PAIRED	NextSeq 2000	1402	70100	Homo sapiens
ERR14277489	SAMEA117636889	ena-SAMPLE-TAB-28-01-2025-22:30:17:500-24990	TLTX18		OTHER	PAIRED	NextSeq 2000	774	38700	Homo sapiens
ERR14277493	SAMEA117636889	ena-SAMPLE-TAB-28-01-2025-22:30:17:500-24990	TLTX18		OTHER	PAIRED	NextSeq 2000	1476	73800	Homo sapiens
ERR14277496	SAMEA117636889	ena-SAMPLE-TAB-28-01-2025-22:30:17:500-24990	TLTX18		OTHER	PAIRED	NextSeq 2000	1046	52300	Homo sapiens
ERR14277502	SAMEA117636889	ena-SAMPLE-TAB-28-01-2025-22:30:17:500-24990	TLTX18		OTHER	PAIRED	NextSeq 2000	1162	58100	Homo sapiens
ERR14277505	SAMEA117636889	ena-SAMPLE-TAB-28-01-2025-22:30:17:500-24990	TLTX18		OTHER	PAIRED	NextSeq 2000	1100	55000	Homo sapiens
ERR14277507	SAMEA117636889	ena-SAMPLE-TAB-28-01-2025-22:30:17:500-24990	TLTX18		OTHER	PAIRED	NextSeq 2000	2020	101000	Homo sapiens
ERR14277534	SAMEA117636889	ena-SAMPLE-TAB-28-01-2025-22:30:17:500-24990	TLTX18		OTHER	PAIRED	NextSeq 2000	1502	75100	Homo sapiens
ERR14277535	SAMEA117636889	ena-SAMPLE-TAB-28-01-2025-22:30:17:500-24990	TLTX18		OTHER	PAIRED	NextSeq 2000	51320	2566000	Homo sapiens
ERR14277537	SAMEA117636889	ena-SAMPLE-TAB-28-01-2025-22:30:17:500-24990	TLTX18		OTHER	PAIRED	NextSeq 2000	36	1800	Homo sapiens
ERR14277539	SAMEA117636889	ena-SAMPLE-TAB-28-01-2025-22:30:17:500-24990	TLTX18		OTHER	PAIRED	NextSeq 2000	26	1300	Homo sapiens
ERR14277541	SAMEA117636889	ena-SAMPLE-TAB-28-01-2025-22:30:17:500-24990	TLTX18		OTHER	PAIRED	NextSeq 2000	40	2000	Homo sapiens
ERR14277547	SAMEA117636889	ena-SAMPLE-TAB-28-01-2025-22:30:17:500-24990	TLTX18		OTHER	PAIRED	NextSeq 2000	46	2300	Homo sapiens
ERR14277549	SAMEA117636889	ena-SAMPLE-TAB-28-01-2025-22:30:17:500-24990	TLTX18		OTHER	PAIRED	NextSeq 2000	48	2400	Homo sapiens
ERR14277562	SAMEA117636889	ena-SAMPLE-TAB-28-01-2025-22:30:17:500-24990	TLTX18		OTHER	PAIRED	NextSeq 2000	41900	2095000	Homo sapiens
ERR14277563	SAMEA117636889	ena-SAMPLE-TAB-28-01-2025-22:30:17:500-24990	TLTX18		OTHER	PAIRED	NextSeq 2000	14	700	Homo sapiens
ERR14277565	SAMEA117636889	ena-SAMPLE-TAB-28-01-2025-22:30:17:500-24990	TLTX18		OTHER	PAIRED	NextSeq 2000	54526	2726300	Homo sapiens
ERR14277574	SAMEA117636889	ena-SAMPLE-TAB-28-01-2025-22:30:17:500-24990	TLTX18		OTHER	PAIRED	NextSeq 2000	22	1100	Homo sapiens
ERR14277578	SAMEA117636889	ena-SAMPLE-TAB-28-01-2025-22:30:17:500-24990	TLTX18		OTHER	PAIRED	NextSeq 2000	2	100	Homo sapiens
ERR14277582	SAMEA117636889	ena-SAMPLE-TAB-28-01-2025-22:30:17:500-24990	TLTX18		OTHER	PAIRED	NextSeq 2000	28	1400	Homo sapiens
ERR14277584	SAMEA117636889	ena-SAMPLE-TAB-28-01-2025-22:30:17:500-24990	TLTX18		OTHER	PAIRED	NextSeq 2000	8	400	Homo sapiens
ERR14277595	SAMEA117636889	ena-SAMPLE-TAB-28-01-2025-22:30:17:500-24990	TLTX18		OTHER	PAIRED	NextSeq 2000	62	3100	Homo sapiens
ERR14277609	SAMEA117636889	ena-SAMPLE-TAB-28-01-2025-22:30:17:500-24990	TLTX18		OTHER	PAIRED	NextSeq 2000	1842	92100	Homo sapiens
ERR14277627	SAMEA117636889	ena-SAMPLE-TAB-28-01-2025-22:30:17:500-24990	TLTX18		OTHER	PAIRED	NextSeq 2000	1346	67300	Homo sapiens
ERR14277636	SAMEA117636889	ena-SAMPLE-TAB-28-01-2025-22:30:17:500-24990	TLTX18		OTHER	PAIRED	NextSeq 2000	1106	55300	Homo sapiens
ERR14277638	SAMEA117636889	ena-SAMPLE-TAB-28-01-2025-22:30:17:500-24990	TLTX18		OTHER	PAIRED	NextSeq 2000	890	44500	Homo sapiens
ERR14277641	SAMEA117636889	ena-SAMPLE-TAB-28-01-2025-22:30:17:500-24990	TLTX18		OTHER	PAIRED	NextSeq 2000	1084	54200	Homo sapiens
ERR14277646	SAMEA117636889	ena-SAMPLE-TAB-28-01-2025-22:30:17:500-24990	TLTX18		OTHER	PAIRED	NextSeq 2000	810	40500	Homo sapiens
ERR14277647	SAMEA117636889	ena-SAMPLE-TAB-28-01-2025-22:30:17:500-24990	TLTX18		OTHER	PAIRED	NextSeq 2000	1006	50300	Homo sapiens
ERR14277649	SAMEA117636889	ena-SAMPLE-TAB-28-01-2025-22:30:17:500-24990	TLTX18		OTHER	PAIRED	NextSeq 2000	650	32500	Homo sapiens
ERR14277654	SAMEA117636889	ena-SAMPLE-TAB-28-01-2025-22:30:17:500-24990	TLTX18		OTHER	PAIRED	NextSeq 2000	1819382	90969100	Homo sapiens
ERR14277661	SAMEA117636889	ena-SAMPLE-TAB-28-01-2025-22:30:17:500-24990	TLTX18		OTHER	PAIRED	NextSeq 2000	882	44100	Homo sapiens
ERR14277666	SAMEA117636889	ena-SAMPLE-TAB-28-01-2025-22:30:17:500-24990	TLTX18		OTHER	PAIRED	NextSeq 2000	1439700	71985000	Homo sapiens
ERR14277669	SAMEA117636889	ena-SAMPLE-TAB-28-01-2025-22:30:17:500-24990	TLTX18		OTHER	PAIRED	NextSeq 2000	1717192	85859600	Homo sapiens
ERR14277676	SAMEA117636889	ena-SAMPLE-TAB-28-01-2025-22:30:17:500-24990	TLTX18		OTHER	PAIRED	NextSeq 2000	1168	58400	Homo sapiens
ERR14277678	SAMEA117636889	ena-SAMPLE-TAB-28-01-2025-22:30:17:500-24990	TLTX18		OTHER	PAIRED	NextSeq 2000	952	47600	Homo sapiens
ERR14277681	SAMEA117636889	ena-SAMPLE-TAB-28-01-2025-22:30:17:500-24990	TLTX18		OTHER	PAIRED	NextSeq 2000	26140	1307000	Homo sapiens
ERR14277685	SAMEA117636889	ena-SAMPLE-TAB-28-01-2025-22:30:17:500-24990	TLTX18		OTHER	PAIRED	NextSeq 2000	1006	50300	Homo sapiens
ERR14277693	SAMEA117636889	ena-SAMPLE-TAB-28-01-2025-22:30:17:500-24990	TLTX18		OTHER	PAIRED	NextSeq 2000	990788	49539400	Homo sapiens
ERR14277705	SAMEA117636889	ena-SAMPLE-TAB-28-01-2025-22:30:17:500-24990	TLTX18		OTHER	PAIRED	NextSeq 2000	750700	37535000	Homo sapiens
ERR14277706	SAMEA117636889	ena-SAMPLE-TAB-28-01-2025-22:30:17:500-24990	TLTX18		OTHER	PAIRED	NextSeq 2000	749946	37497300	Homo sapiens
ERR14277707	SAMEA117636889	ena-SAMPLE-TAB-28-01-2025-22:30:17:500-24990	TLTX18		OTHER	PAIRED	NextSeq 2000	644	32200	Homo sapiens
ERR14277712	SAMEA117636889	ena-SAMPLE-TAB-28-01-2025-22:30:17:500-24990	TLTX18		OTHER	PAIRED	NextSeq 2000	624	31200	Homo sapiens
ERR14277721	SAMEA117636889	ena-SAMPLE-TAB-28-01-2025-22:30:17:500-24990	TLTX18		OTHER	PAIRED	NextSeq 2000	682	34100	Homo sapiens
ERR14277732	SAMEA117636889	ena-SAMPLE-TAB-28-01-2025-22:30:17:500-24990	TLTX18		OTHER	PAIRED	NextSeq 2000	394	19700	Homo sapiens
ERR14277742	SAMEA117636889	ena-SAMPLE-TAB-28-01-2025-22:30:17:500-24990	TLTX18		OTHER	PAIRED	NextSeq 2000	644	32200	Homo sapiens
ERR14277746	SAMEA117636889	ena-SAMPLE-TAB-28-01-2025-22:30:17:500-24990	TLTX18		OTHER	PAIRED	NextSeq 2000	666	33300	Homo sapiens
ERR14277770	SAMEA117636889	ena-SAMPLE-TAB-28-01-2025-22:30:17:500-24990	TLTX18		OTHER	PAIRED	NextSeq 2000	1088	54400	Homo sapiens
ERR14277775	SAMEA117636889	ena-SAMPLE-TAB-28-01-2025-22:30:17:500-24990	TLTX18		OTHER	PAIRED	NextSeq 2000	1148	57400	Homo sapiens
ERR14277776	SAMEA117636889	ena-SAMPLE-TAB-28-01-2025-22:30:17:500-24990	TLTX18		OTHER	PAIRED	NextSeq 2000	1080	54000	Homo sapiens
ERR14277777	SAMEA117636889	ena-SAMPLE-TAB-28-01-2025-22:30:17:500-24990	TLTX18		OTHER	PAIRED	NextSeq 2000	728	36400	Homo sapiens
ERR14277782	SAMEA117636889	ena-SAMPLE-TAB-28-01-2025-22:30:17:500-24990	TLTX18		OTHER	PAIRED	NextSeq 2000	952	47600	Homo sapiens
ERR14277790	SAMEA117636889	ena-SAMPLE-TAB-28-01-2025-22:30:17:500-24990	TLTX18		OTHER	PAIRED	NextSeq 2000	1880170	94008500	Homo sapiens
ERR14277792	SAMEA117636889	ena-SAMPLE-TAB-28-01-2025-22:30:17:500-24990	TLTX18		OTHER	PAIRED	NextSeq 2000	638	31900	Homo sapiens
ERR14277793	SAMEA117636889	ena-SAMPLE-TAB-28-01-2025-22:30:17:500-24990	TLTX18		OTHER	PAIRED	NextSeq 2000	820	41000	Homo sapiens
ERR14277798	SAMEA117636889	ena-SAMPLE-TAB-28-01-2025-22:30:17:500-24990	TLTX18		OTHER	PAIRED	NextSeq 2000	1983694	99184700	Homo sapiens
ERR14277799	SAMEA117636889	ena-SAMPLE-TAB-28-01-2025-22:30:17:500-24990	TLTX18		OTHER	PAIRED	NextSeq 2000	788	39400	Homo sapiens
ERR14277803	SAMEA117636889	ena-SAMPLE-TAB-28-01-2025-22:30:17:500-24990	TLTX18		OTHER	PAIRED	NextSeq 2000	822	41100	Homo sapiens
ERR14277835	SAMEA117636889	ena-SAMPLE-TAB-28-01-2025-22:30:17:500-24990	TLTX18		OTHER	PAIRED	NextSeq 2000	2054	102700	Homo sapiens
ERR14277836	SAMEA117636889	ena-SAMPLE-TAB-28-01-2025-22:30:17:500-24990	TLTX18		OTHER	PAIRED	NextSeq 2000	1562	78100	Homo sapiens
ERR14277839	SAMEA117636889	ena-SAMPLE-TAB-28-01-2025-22:30:17:500-24990	TLTX18		OTHER	PAIRED	NextSeq 2000	2519524	125976200	Homo sapiens
ERR14277849	SAMEA117636889	ena-SAMPLE-TAB-28-01-2025-22:30:17:500-24990	TLTX18		OTHER	PAIRED	NextSeq 2000	846	42300	Homo sapiens
ERR14277851	SAMEA117636889	ena-SAMPLE-TAB-28-01-2025-22:30:17:500-24990	TLTX18		OTHER	PAIRED	NextSeq 2000	960	48000	Homo sapiens
ERR14277854	SAMEA117636889	ena-SAMPLE-TAB-28-01-2025-22:30:17:500-24990	TLTX18		OTHER	PAIRED	NextSeq 2000	1342	67100	Homo sapiens
ERR14277863	SAMEA117636889	ena-SAMPLE-TAB-28-01-2025-22:30:17:500-24990	TLTX18		OTHER	PAIRED	NextSeq 2000	1530	76500	Homo sapiens
ERR14277865	SAMEA117636889	ena-SAMPLE-TAB-28-01-2025-22:30:17:500-24990	TLTX18		OTHER	PAIRED	NextSeq 2000	970	48500	Homo sapiens
ERR14277868	SAMEA117636889	ena-SAMPLE-TAB-28-01-2025-22:30:17:500-24990	TLTX18		OTHER	PAIRED	NextSeq 2000	1983956	99197800	Homo sapiens
ERR14277869	SAMEA117636889	ena-SAMPLE-TAB-28-01-2025-22:30:17:500-24990	TLTX18		OTHER	PAIRED	NextSeq 2000	1842	92100	Homo sapiens
ERR14277870	SAMEA117636889	ena-SAMPLE-TAB-28-01-2025-22:30:17:500-24990	TLTX18		OTHER	PAIRED	NextSeq 2000	1432	71600	Homo sapiens
ERR14277875	SAMEA117636889	ena-SAMPLE-TAB-28-01-2025-22:30:17:500-24990	TLTX18		OTHER	PAIRED	NextSeq 2000	1034	51700	Homo sapiens
ERR14277877	SAMEA117636889	ena-SAMPLE-TAB-28-01-2025-22:30:17:500-24990	TLTX18		OTHER	PAIRED	NextSeq 2000	1352934	67646700	Homo sapiens
ERR14277881	SAMEA117636889	ena-SAMPLE-TAB-28-01-2025-22:30:17:500-24990	TLTX18		OTHER	PAIRED	NextSeq 2000	1146	57300	Homo sapiens
ERR14277883	SAMEA117636889	ena-SAMPLE-TAB-28-01-2025-22:30:17:500-24990	TLTX18		OTHER	PAIRED	NextSeq 2000	1574306	78715300	Homo sapiens
ERR14277885	SAMEA117636889	ena-SAMPLE-TAB-28-01-2025-22:30:17:500-24990	TLTX18		OTHER	PAIRED	NextSeq 2000	1893158	94657900	Homo sapiens
ERR14277887	SAMEA117636889	ena-SAMPLE-TAB-28-01-2025-22:30:17:500-24990	TLTX18		OTHER	PAIRED	NextSeq 2000	704	35200	Homo sapiens
ERR14277893	SAMEA117636889	ena-SAMPLE-TAB-28-01-2025-22:30:17:500-24990	TLTX18		OTHER	PAIRED	NextSeq 2000	1970418	98520900	Homo sapiens
ERR14277899	SAMEA117636889	ena-SAMPLE-TAB-28-01-2025-22:30:17:500-24990	TLTX18		OTHER	PAIRED	NextSeq 2000	2193262	109663100	Homo sapiens
ERR14277900	SAMEA117636889	ena-SAMPLE-TAB-28-01-2025-22:30:17:500-24990	TLTX18		OTHER	PAIRED	NextSeq 2000	1284	64200	Homo sapiens
ERR14277902	SAMEA117636889	ena-SAMPLE-TAB-28-01-2025-22:30:17:500-24990	TLTX18		OTHER	PAIRED	NextSeq 2000	1626	81300	Homo sapiens
ERR14277907	SAMEA117636889	ena-SAMPLE-TAB-28-01-2025-22:30:17:500-24990	TLTX18		OTHER	PAIRED	NextSeq 2000	1712	85600	Homo sapiens
ERR14277913	SAMEA117636889	ena-SAMPLE-TAB-28-01-2025-22:30:17:500-24990	TLTX18		OTHER	PAIRED	NextSeq 2000	936	46800	Homo sapiens
ERR14277916	SAMEA117636889	ena-SAMPLE-TAB-28-01-2025-22:30:17:500-24990	TLTX18		OTHER	PAIRED	NextSeq 2000	1184	59200	Homo sapiens
ERR14277920	SAMEA117636889	ena-SAMPLE-TAB-28-01-2025-22:30:17:500-24990	TLTX18		OTHER	PAIRED	NextSeq 2000	1348	67400	Homo sapiens
ERR14277923	SAMEA117636889	ena-SAMPLE-TAB-28-01-2025-22:30:17:500-24990	TLTX18		OTHER	PAIRED	NextSeq 2000	780	39000	Homo sapiens
ERR14277939	SAMEA117636889	ena-SAMPLE-TAB-28-01-2025-22:30:17:500-24990	TLTX18		OTHER	PAIRED	NextSeq 2000	3036	151800	Homo sapiens
ERR14277942	SAMEA117636889	ena-SAMPLE-TAB-28-01-2025-22:30:17:500-24990	TLTX18		OTHER	PAIRED	NextSeq 2000	1254	62700	Homo sapiens
ERR14277945	SAMEA117636889	ena-SAMPLE-TAB-28-01-2025-22:30:17:500-24990	TLTX18		OTHER	PAIRED	NextSeq 2000	1398218	69910900	Homo sapiens
ERR14277946	SAMEA117636889	ena-SAMPLE-TAB-28-01-2025-22:30:17:500-24990	TLTX18		OTHER	PAIRED	NextSeq 2000	1154	57700	Homo sapiens
ERR14277948	SAMEA117636889	ena-SAMPLE-TAB-28-01-2025-22:30:17:500-24990	TLTX18		OTHER	PAIRED	NextSeq 2000	770	38500	Homo sapiens
ERR14277953	SAMEA117636889	ena-SAMPLE-TAB-28-01-2025-22:30:17:500-24990	TLTX18		OTHER	PAIRED	NextSeq 2000	1625802	81290100	Homo sapiens
ERR14277958	SAMEA117636889	ena-SAMPLE-TAB-28-01-2025-22:30:17:500-24990	TLTX18		OTHER	PAIRED	NextSeq 2000	1306	65300	Homo sapiens
ERR14277963	SAMEA117636889	ena-SAMPLE-TAB-28-01-2025-22:30:17:500-24990	TLTX18		OTHER	PAIRED	NextSeq 2000	1760520	88026000	Homo sapiens
ERR14277967	SAMEA117636889	ena-SAMPLE-TAB-28-01-2025-22:30:17:500-24990	TLTX18		OTHER	PAIRED	NextSeq 2000	1929090	96454500	Homo sapiens
ERR14277970	SAMEA117636889	ena-SAMPLE-TAB-28-01-2025-22:30:17:500-24990	TLTX18		OTHER	PAIRED	NextSeq 2000	1930	96500	Homo sapiens
ERR14277971	SAMEA117636889	ena-SAMPLE-TAB-28-01-2025-22:30:17:500-24990	TLTX18		OTHER	PAIRED	NextSeq 2000	2099676	104983800	Homo sapiens
ERR14277972	SAMEA117636889	ena-SAMPLE-TAB-28-01-2025-22:30:17:500-24990	TLTX18		OTHER	PAIRED	NextSeq 2000	1162	58100	Homo sapiens
ERR14277983	SAMEA117636889	ena-SAMPLE-TAB-28-01-2025-22:30:17:500-24990	TLTX18		OTHER	PAIRED	NextSeq 2000	1770	88500	Homo sapiens
ERR14277992	SAMEA117636889	ena-SAMPLE-TAB-28-01-2025-22:30:17:500-24990	TLTX18		OTHER	PAIRED	NextSeq 2000	1581622	79081100	Homo sapiens
ERR14277994	SAMEA117636889	ena-SAMPLE-TAB-28-01-2025-22:30:17:500-24990	TLTX18		OTHER	PAIRED	NextSeq 2000	1766	88300	Homo sapiens
ERR14277997	SAMEA117636889	ena-SAMPLE-TAB-28-01-2025-22:30:17:500-24990	TLTX18		OTHER	PAIRED	NextSeq 2000	1406	70300	Homo sapiens
ERR14277999	SAMEA117636889	ena-SAMPLE-TAB-28-01-2025-22:30:17:500-24990	TLTX18		OTHER	PAIRED	NextSeq 2000	2180126	109006300	Homo sapiens
ERR14278000	SAMEA117636889	ena-SAMPLE-TAB-28-01-2025-22:30:17:500-24990	TLTX18		OTHER	PAIRED	NextSeq 2000	2116308	105815400	Homo sapiens
ERR14278015	SAMEA117636889	ena-SAMPLE-TAB-28-01-2025-22:30:17:500-24990	TLTX18		OTHER	PAIRED	NextSeq 2000	1030	51500	Homo sapiens
ERR14278016	SAMEA117636889	ena-SAMPLE-TAB-28-01-2025-22:30:17:500-24990	TLTX18		OTHER	PAIRED	NextSeq 2000	542	27100	Homo sapiens
ERR14278025	SAMEA117636889	ena-SAMPLE-TAB-28-01-2025-22:30:17:500-24990	TLTX18		OTHER	PAIRED	NextSeq 2000	958	47900	Homo sapiens
ERR14278027	SAMEA117636889	ena-SAMPLE-TAB-28-01-2025-22:30:17:500-24990	TLTX18		OTHER	PAIRED	NextSeq 2000	1392	69600	Homo sapiens
ERR14278046	SAMEA117636889	ena-SAMPLE-TAB-28-01-2025-22:30:17:500-24990	TLTX18		OTHER	PAIRED	NextSeq 2000	2286	114300	Homo sapiens
ERR14278050	SAMEA117636889	ena-SAMPLE-TAB-28-01-2025-22:30:17:500-24990	TLTX18		OTHER	PAIRED	NextSeq 2000	1208	60400	Homo sapiens
ERR14278054	SAMEA117636889	ena-SAMPLE-TAB-28-01-2025-22:30:17:500-24990	TLTX18		OTHER	PAIRED	NextSeq 2000	1564	78200	Homo sapiens
ERR14278055	SAMEA117636889	ena-SAMPLE-TAB-28-01-2025-22:30:17:500-24990	TLTX18		OTHER	PAIRED	NextSeq 2000	1882	94100	Homo sapiens
ERR14278056	SAMEA117636889	ena-SAMPLE-TAB-28-01-2025-22:30:17:500-24990	TLTX18		OTHER	PAIRED	NextSeq 2000	988	49400	Homo sapiens
ERR14278057	SAMEA117636889	ena-SAMPLE-TAB-28-01-2025-22:30:17:500-24990	TLTX18		OTHER	PAIRED	NextSeq 2000	1126	56300	Homo sapiens
ERR14278060	SAMEA117636889	ena-SAMPLE-TAB-28-01-2025-22:30:17:500-24990	TLTX18		OTHER	PAIRED	NextSeq 2000	1522	76100	Homo sapiens
ERR14278075	SAMEA117636889	ena-SAMPLE-TAB-28-01-2025-22:30:17:500-24990	TLTX18		OTHER	PAIRED	NextSeq 2000	1176	58800	Homo sapiens
ERR14278089	SAMEA117636889	ena-SAMPLE-TAB-28-01-2025-22:30:17:500-24990	TLTX18		OTHER	PAIRED	NextSeq 2000	1440	72000	Homo sapiens
ERR14278093	SAMEA117636889	ena-SAMPLE-TAB-28-01-2025-22:30:17:500-24990	TLTX18		OTHER	PAIRED	NextSeq 2000	1270	63500	Homo sapiens
ERR14278094	SAMEA117636889	ena-SAMPLE-TAB-28-01-2025-22:30:17:500-24990	TLTX18		OTHER	PAIRED	NextSeq 2000	1650	82500	Homo sapiens
ERR14278099	SAMEA117636889	ena-SAMPLE-TAB-28-01-2025-22:30:17:500-24990	TLTX18		OTHER	PAIRED	NextSeq 2000	2708	135400	Homo sapiens
ERR14278105	SAMEA117636889	ena-SAMPLE-TAB-28-01-2025-22:30:17:500-24990	TLTX18		OTHER	PAIRED	NextSeq 2000	2026576	101328800	Homo sapiens
ERR14278106	SAMEA117636889	ena-SAMPLE-TAB-28-01-2025-22:30:17:500-24990	TLTX18		OTHER	PAIRED	NextSeq 2000	992	49600	Homo sapiens
ERR14278107	SAMEA117636889	ena-SAMPLE-TAB-28-01-2025-22:30:17:500-24990	TLTX18		OTHER	PAIRED	NextSeq 2000	1504182	75209100	Homo sapiens
ERR14278114	SAMEA117636889	ena-SAMPLE-TAB-28-01-2025-22:30:17:500-24990	TLTX18		OTHER	PAIRED	NextSeq 2000	2304	115200	Homo sapiens
ERR14278121	SAMEA117636889	ena-SAMPLE-TAB-28-01-2025-22:30:17:500-24990	TLTX18		OTHER	PAIRED	NextSeq 2000	1444	72200	Homo sapiens
ERR14278123	SAMEA117636889	ena-SAMPLE-TAB-28-01-2025-22:30:17:500-24990	TLTX18		OTHER	PAIRED	NextSeq 2000	2400	120000	Homo sapiens
ERR14278124	SAMEA117636889	ena-SAMPLE-TAB-28-01-2025-22:30:17:500-24990	TLTX18		OTHER	PAIRED	NextSeq 2000	1936	96800	Homo sapiens
ERR14278132	SAMEA117636889	ena-SAMPLE-TAB-28-01-2025-22:30:17:500-24990	TLTX18		OTHER	PAIRED	NextSeq 2000	1592	79600	Homo sapiens
ERR14278133	SAMEA117636889	ena-SAMPLE-TAB-28-01-2025-22:30:17:500-24990	TLTX18		OTHER	PAIRED	NextSeq 2000	1686	84300	Homo sapiens
ERR14278143	SAMEA117636889	ena-SAMPLE-TAB-28-01-2025-22:30:17:500-24990	TLTX18		OTHER	PAIRED	NextSeq 2000	2360822	118041100	Homo sapiens
ERR14278144	SAMEA117636889	ena-SAMPLE-TAB-28-01-2025-22:30:17:500-24990	TLTX18		OTHER	PAIRED	NextSeq 2000	1428	71400	Homo sapiens
ERR14278150	SAMEA117636889	ena-SAMPLE-TAB-28-01-2025-22:30:17:500-24990	TLTX18		OTHER	PAIRED	NextSeq 2000	1324	66200	Homo sapiens
ERR14278163	SAMEA117636889	ena-SAMPLE-TAB-28-01-2025-22:30:17:500-24990	TLTX18		OTHER	PAIRED	NextSeq 2000	1423204	71160200	Homo sapiens
ERR14278165	SAMEA117636889	ena-SAMPLE-TAB-28-01-2025-22:30:17:500-24990	TLTX18		OTHER	PAIRED	NextSeq 2000	1384	69200	Homo sapiens
ERR14278167	SAMEA117636889	ena-SAMPLE-TAB-28-01-2025-22:30:17:500-24990	TLTX18		OTHER	PAIRED	NextSeq 2000	1206	60300	Homo sapiens
ERR14278168	SAMEA117636889	ena-SAMPLE-TAB-28-01-2025-22:30:17:500-24990	TLTX18		OTHER	PAIRED	NextSeq 2000	2000	100000	Homo sapiens
ERR14278169	SAMEA117636889	ena-SAMPLE-TAB-28-01-2025-22:30:17:500-24990	TLTX18		OTHER	PAIRED	NextSeq 2000	1366	68300	Homo sapiens
ERR14278185	SAMEA117636889	ena-SAMPLE-TAB-28-01-2025-22:30:17:500-24990	TLTX18		OTHER	PAIRED	NextSeq 2000	1550890	77544500	Homo sapiens
ERR14278186	SAMEA117636889	ena-SAMPLE-TAB-28-01-2025-22:30:17:500-24990	TLTX18		OTHER	PAIRED	NextSeq 2000	1601274	80063700	Homo sapiens
ERR14278193	SAMEA117636889	ena-SAMPLE-TAB-28-01-2025-22:30:17:500-24990	TLTX18		OTHER	PAIRED	NextSeq 2000	1498	74900	Homo sapiens
ERR14278197	SAMEA117636889	ena-SAMPLE-TAB-28-01-2025-22:30:17:500-24990	TLTX18		OTHER	PAIRED	NextSeq 2000	1278292	63914600	Homo sapiens
ERR14278200	SAMEA117636889	ena-SAMPLE-TAB-28-01-2025-22:30:17:500-24990	TLTX18		OTHER	PAIRED	NextSeq 2000	918	45900	Homo sapiens
ERR14278210	SAMEA117636889	ena-SAMPLE-TAB-28-01-2025-22:30:17:500-24990	TLTX18		OTHER	PAIRED	NextSeq 2000	2038	101900	Homo sapiens
ERR14278211	SAMEA117636889	ena-SAMPLE-TAB-28-01-2025-22:30:17:500-24990	TLTX18		OTHER	PAIRED	NextSeq 2000	1018	50900	Homo sapiens
ERR14278214	SAMEA117636889	ena-SAMPLE-TAB-28-01-2025-22:30:17:500-24990	TLTX18		OTHER	PAIRED	NextSeq 2000	1326	66300	Homo sapiens
ERR14278218	SAMEA117636889	ena-SAMPLE-TAB-28-01-2025-22:30:17:500-24990	TLTX18		OTHER	PAIRED	NextSeq 2000	2036	101800	Homo sapiens
ERR14278224	SAMEA117636889	ena-SAMPLE-TAB-28-01-2025-22:30:17:500-24990	TLTX18		OTHER	PAIRED	NextSeq 2000	862	43100	Homo sapiens
ERR14278225	SAMEA117636889	ena-SAMPLE-TAB-28-01-2025-22:30:17:500-24990	TLTX18		OTHER	PAIRED	NextSeq 2000	1150	57500	Homo sapiens
ERR14278226	SAMEA117636889	ena-SAMPLE-TAB-28-01-2025-22:30:17:500-24990	TLTX18		OTHER	PAIRED	NextSeq 2000	224	11200	Homo sapiens
ERR14278234	SAMEA117636889	ena-SAMPLE-TAB-28-01-2025-22:30:17:500-24990	TLTX18		OTHER	PAIRED	NextSeq 2000	1450	72500	Homo sapiens
ERR14278236	SAMEA117636889	ena-SAMPLE-TAB-28-01-2025-22:30:17:500-24990	TLTX18		OTHER	PAIRED	NextSeq 2000	1082	54100	Homo sapiens
ERR14278243	SAMEA117636889	ena-SAMPLE-TAB-28-01-2025-22:30:17:500-24990	TLTX18		OTHER	PAIRED	NextSeq 2000	1301812	65090600	Homo sapiens
ERR14278244	SAMEA117636889	ena-SAMPLE-TAB-28-01-2025-22:30:17:500-24990	TLTX18		OTHER	PAIRED	NextSeq 2000	1724	86200	Homo sapiens
ERR14278250	SAMEA117636889	ena-SAMPLE-TAB-28-01-2025-22:30:17:500-24990	TLTX18		OTHER	PAIRED	NextSeq 2000	1028	51400	Homo sapiens
ERR14278256	SAMEA117636889	ena-SAMPLE-TAB-28-01-2025-22:30:17:500-24990	TLTX18		OTHER	PAIRED	NextSeq 2000	1475546	73777300	Homo sapiens
ERR14278260	SAMEA117636889	ena-SAMPLE-TAB-28-01-2025-22:30:17:500-24990	TLTX18		OTHER	PAIRED	NextSeq 2000	1034	51700	Homo sapiens
ERR14278261	SAMEA117636889	ena-SAMPLE-TAB-28-01-2025-22:30:17:500-24990	TLTX18		OTHER	PAIRED	NextSeq 2000	1254734	62736700	Homo sapiens
ERR14278263	SAMEA117636889	ena-SAMPLE-TAB-28-01-2025-22:30:17:500-24990	TLTX18		OTHER	PAIRED	NextSeq 2000	1305838	65291900	Homo sapiens
ERR14278264	SAMEA117636889	ena-SAMPLE-TAB-28-01-2025-22:30:17:500-24990	TLTX18		OTHER	PAIRED	NextSeq 2000	298	14900	Homo sapiens
ERR14278266	SAMEA117636889	ena-SAMPLE-TAB-28-01-2025-22:30:17:500-24990	TLTX18		OTHER	PAIRED	NextSeq 2000	1296438	64821900	Homo sapiens
ERR14278270	SAMEA117636889	ena-SAMPLE-TAB-28-01-2025-22:30:17:500-24990	TLTX18		OTHER	PAIRED	NextSeq 2000	1074	53700	Homo sapiens
ERR14278280	SAMEA117636889	ena-SAMPLE-TAB-28-01-2025-22:30:17:500-24990	TLTX18		OTHER	PAIRED	NextSeq 2000	1003822	50191100	Homo sapiens
ERR14278281	SAMEA117636889	ena-SAMPLE-TAB-28-01-2025-22:30:17:500-24990	TLTX18		OTHER	PAIRED	NextSeq 2000	594	29700	Homo sapiens
ERR14278288	SAMEA117636889	ena-SAMPLE-TAB-28-01-2025-22:30:17:500-24990	TLTX18		OTHER	PAIRED	NextSeq 2000	924	46200	Homo sapiens
ERR14278291	SAMEA117636889	ena-SAMPLE-TAB-28-01-2025-22:30:17:500-24990	TLTX18		OTHER	PAIRED	NextSeq 2000	826	41300	Homo sapiens
ERR14278293	SAMEA117636889	ena-SAMPLE-TAB-28-01-2025-22:30:17:500-24990	TLTX18		OTHER	PAIRED	NextSeq 2000	936	46800	Homo sapiens
ERR14278295	SAMEA117636889	ena-SAMPLE-TAB-28-01-2025-22:30:17:500-24990	TLTX18		OTHER	PAIRED	NextSeq 2000	1026	51300	Homo sapiens
ERR14278296	SAMEA117636889	ena-SAMPLE-TAB-28-01-2025-22:30:17:500-24990	TLTX18		OTHER	PAIRED	NextSeq 2000	658	32900	Homo sapiens
ERR14278298	SAMEA117636889	ena-SAMPLE-TAB-28-01-2025-22:30:17:500-24990	TLTX18		OTHER	PAIRED	NextSeq 2000	208	10400	Homo sapiens
ERR14278301	SAMEA117636889	ena-SAMPLE-TAB-28-01-2025-22:30:17:500-24990	TLTX18		OTHER	PAIRED	NextSeq 2000	1260	63000	Homo sapiens
ERR14278306	SAMEA117636889	ena-SAMPLE-TAB-28-01-2025-22:30:17:500-24990	TLTX18		OTHER	PAIRED	NextSeq 2000	1092	54600	Homo sapiens
ERR14278316	SAMEA117636889	ena-SAMPLE-TAB-28-01-2025-22:30:17:500-24990	TLTX18		OTHER	PAIRED	NextSeq 2000	1104	55200	Homo sapiens
ERR14278317	SAMEA117636889	ena-SAMPLE-TAB-28-01-2025-22:30:17:500-24990	TLTX18		OTHER	PAIRED	NextSeq 2000	1296	64800	Homo sapiens
ERR14278324	SAMEA117636889	ena-SAMPLE-TAB-28-01-2025-22:30:17:500-24990	TLTX18		OTHER	PAIRED	NextSeq 2000	1300	65000	Homo sapiens
ERR14278326	SAMEA117636889	ena-SAMPLE-TAB-28-01-2025-22:30:17:500-24990	TLTX18		OTHER	PAIRED	NextSeq 2000	1100	55000	Homo sapiens
ERR14278345	SAMEA117636889	ena-SAMPLE-TAB-28-01-2025-22:30:17:500-24990	TLTX18		OTHER	PAIRED	NextSeq 2000	1008	50400	Homo sapiens
ERR14278349	SAMEA117636889	ena-SAMPLE-TAB-28-01-2025-22:30:17:500-24990	TLTX18		OTHER	PAIRED	NextSeq 2000	1326	66300	Homo sapiens
ERR14278356	SAMEA117636889	ena-SAMPLE-TAB-28-01-2025-22:30:17:500-24990	TLTX18		OTHER	PAIRED	NextSeq 2000	1254	62700	Homo sapiens
ERR14278357	SAMEA117636889	ena-SAMPLE-TAB-28-01-2025-22:30:17:500-24990	TLTX18		OTHER	PAIRED	NextSeq 2000	1492	74600	Homo sapiens
ERR14278358	SAMEA117636889	ena-SAMPLE-TAB-28-01-2025-22:30:17:500-24990	TLTX18		OTHER	PAIRED	NextSeq 2000	1581636	79081800	Homo sapiens
ERR14278359	SAMEA117636889	ena-SAMPLE-TAB-28-01-2025-22:30:17:500-24990	TLTX18		OTHER	PAIRED	NextSeq 2000	2406	120300	Homo sapiens
ERR14278366	SAMEA117636889	ena-SAMPLE-TAB-28-01-2025-22:30:17:500-24990	TLTX18		OTHER	PAIRED	NextSeq 2000	1016	50800	Homo sapiens
ERR14278369	SAMEA117636889	ena-SAMPLE-TAB-28-01-2025-22:30:17:500-24990	TLTX18		OTHER	PAIRED	NextSeq 2000	1008	50400	Homo sapiens
ERR14278371	SAMEA117636889	ena-SAMPLE-TAB-28-01-2025-22:30:17:500-24990	TLTX18		OTHER	PAIRED	NextSeq 2000	1864	93200	Homo sapiens
ERR14278374	SAMEA117636889	ena-SAMPLE-TAB-28-01-2025-22:30:17:500-24990	TLTX18		OTHER	PAIRED	NextSeq 2000	1366	68300	Homo sapiens
ERR14278377	SAMEA117636889	ena-SAMPLE-TAB-28-01-2025-22:30:17:500-24990	TLTX18		OTHER	PAIRED	NextSeq 2000	1260	63000	Homo sapiens
ERR14278385	SAMEA117636889	ena-SAMPLE-TAB-28-01-2025-22:30:17:500-24990	TLTX18		OTHER	PAIRED	NextSeq 2000	1778576	88928800	Homo sapiens
ERR14278386	SAMEA117636889	ena-SAMPLE-TAB-28-01-2025-22:30:17:500-24990	TLTX18		OTHER	PAIRED	NextSeq 2000	1823746	91187300	Homo sapiens
ERR14278389	SAMEA117636889	ena-SAMPLE-TAB-28-01-2025-22:30:17:500-24990	TLTX18		OTHER	PAIRED	NextSeq 2000	1868976	93448800	Homo sapiens
ERR14278390	SAMEA117636889	ena-SAMPLE-TAB-28-01-2025-22:30:17:500-24990	TLTX18		OTHER	PAIRED	NextSeq 2000	2037268	101863400	Homo sapiens
ERR14278409	SAMEA117636889	ena-SAMPLE-TAB-28-01-2025-22:30:17:500-24990	TLTX18		OTHER	PAIRED	NextSeq 2000	876	43800	Homo sapiens
ERR14278413	SAMEA117636889	ena-SAMPLE-TAB-28-01-2025-22:30:17:500-24990	TLTX18		OTHER	PAIRED	NextSeq 2000	986	49300	Homo sapiens
ERR14278417	SAMEA117636889	ena-SAMPLE-TAB-28-01-2025-22:30:17:500-24990	TLTX18		OTHER	PAIRED	NextSeq 2000	540	27000	Homo sapiens
ERR14278419	SAMEA117636889	ena-SAMPLE-TAB-28-01-2025-22:30:17:500-24990	TLTX18		OTHER	PAIRED	NextSeq 2000	1102392	55119600	Homo sapiens
ERR14278429	SAMEA117636889	ena-SAMPLE-TAB-28-01-2025-22:30:17:500-24990	TLTX18		OTHER	PAIRED	NextSeq 2000	908	45400	Homo sapiens
ERR14278434	SAMEA117636889	ena-SAMPLE-TAB-28-01-2025-22:30:17:500-24990	TLTX18		OTHER	PAIRED	NextSeq 2000	1188	59400	Homo sapiens
ERR14278440	SAMEA117636889	ena-SAMPLE-TAB-28-01-2025-22:30:17:500-24990	TLTX18		OTHER	PAIRED	NextSeq 2000	514	25700	Homo sapiens
ERR14278444	SAMEA117636889	ena-SAMPLE-TAB-28-01-2025-22:30:17:500-24990	TLTX18		OTHER	PAIRED	NextSeq 2000	950	47500	Homo sapiens
ERR14278451	SAMEA117636889	ena-SAMPLE-TAB-28-01-2025-22:30:17:500-24990	TLTX18		OTHER	PAIRED	NextSeq 2000	754	37700	Homo sapiens
ERR14278456	SAMEA117636889	ena-SAMPLE-TAB-28-01-2025-22:30:17:500-24990	TLTX18		OTHER	PAIRED	NextSeq 2000	1347890	67394500	Homo sapiens
ERR14278462	SAMEA117636889	ena-SAMPLE-TAB-28-01-2025-22:30:17:500-24990	TLTX18		OTHER	PAIRED	NextSeq 2000	686	34300	Homo sapiens
ERR14278473	SAMEA117636889	ena-SAMPLE-TAB-28-01-2025-22:30:17:500-24990	TLTX18		OTHER	PAIRED	NextSeq 2000	1158	57900	Homo sapiens
ERR14278476	SAMEA117636889	ena-SAMPLE-TAB-28-01-2025-22:30:17:500-24990	TLTX18		OTHER	PAIRED	NextSeq 2000	1308078	65403900	Homo sapiens
ERR14278486	SAMEA117636889	ena-SAMPLE-TAB-28-01-2025-22:30:17:500-24990	TLTX18		OTHER	PAIRED	NextSeq 2000	540	27000	Homo sapiens
ERR14278493	SAMEA117636889	ena-SAMPLE-TAB-28-01-2025-22:30:17:500-24990	TLTX18		OTHER	PAIRED	NextSeq 2000	968	48400	Homo sapiens
ERR14278494	SAMEA117636889	ena-SAMPLE-TAB-28-01-2025-22:30:17:500-24990	TLTX18		OTHER	PAIRED	NextSeq 2000	1342234	67111700	Homo sapiens
ERR14278495	SAMEA117636889	ena-SAMPLE-TAB-28-01-2025-22:30:17:500-24990	TLTX18		OTHER	PAIRED	NextSeq 2000	925108	46255400	Homo sapiens
ERR14278500	SAMEA117636889	ena-SAMPLE-TAB-28-01-2025-22:30:17:500-24990	TLTX18		OTHER	PAIRED	NextSeq 2000	806	40300	Homo sapiens
ERR14278504	SAMEA117636889	ena-SAMPLE-TAB-28-01-2025-22:30:17:500-24990	TLTX18		OTHER	PAIRED	NextSeq 2000	554	27700	Homo sapiens
ERR14278508	SAMEA117636889	ena-SAMPLE-TAB-28-01-2025-22:30:17:500-24990	TLTX18		OTHER	PAIRED	NextSeq 2000	232	11600	Homo sapiens
ERR14278509	SAMEA117636889	ena-SAMPLE-TAB-28-01-2025-22:30:17:500-24990	TLTX18		OTHER	PAIRED	NextSeq 2000	884	44200	Homo sapiens
ERR14278515	SAMEA117636889	ena-SAMPLE-TAB-28-01-2025-22:30:17:500-24990	TLTX18		OTHER	PAIRED	NextSeq 2000	1984	99200	Homo sapiens
ERR14278516	SAMEA117636889	ena-SAMPLE-TAB-28-01-2025-22:30:17:500-24990	TLTX18		OTHER	PAIRED	NextSeq 2000	800	40000	Homo sapiens
ERR14278519	SAMEA117636889	ena-SAMPLE-TAB-28-01-2025-22:30:17:500-24990	TLTX18		OTHER	PAIRED	NextSeq 2000	510	25500	Homo sapiens
ERR14278522	SAMEA117636889	ena-SAMPLE-TAB-28-01-2025-22:30:17:500-24990	TLTX18		OTHER	PAIRED	NextSeq 2000	606	30300	Homo sapiens
ERR14278532	SAMEA117636889	ena-SAMPLE-TAB-28-01-2025-22:30:17:500-24990	TLTX18		OTHER	PAIRED	NextSeq 2000	1169558	58477900	Homo sapiens
ERR14278535	SAMEA117636889	ena-SAMPLE-TAB-28-01-2025-22:30:17:500-24990	TLTX18		OTHER	PAIRED	NextSeq 2000	282	14100	Homo sapiens
ERR14278537	SAMEA117636889	ena-SAMPLE-TAB-28-01-2025-22:30:17:500-24990	TLTX18		OTHER	PAIRED	NextSeq 2000	884	44200	Homo sapiens
ERR14278540	SAMEA117636889	ena-SAMPLE-TAB-28-01-2025-22:30:17:500-24990	TLTX18		OTHER	PAIRED	NextSeq 2000	1074	53700	Homo sapiens
ERR14278546	SAMEA117636889	ena-SAMPLE-TAB-28-01-2025-22:30:17:500-24990	TLTX18		OTHER	PAIRED	NextSeq 2000	1346780	67339000	Homo sapiens
ERR14278549	SAMEA117636889	ena-SAMPLE-TAB-28-01-2025-22:30:17:500-24990	TLTX18		OTHER	PAIRED	NextSeq 2000	1984444	99222200	Homo sapiens
ERR14278555	SAMEA117636889	ena-SAMPLE-TAB-28-01-2025-22:30:17:500-24990	TLTX18		OTHER	PAIRED	NextSeq 2000	2676	133800	Homo sapiens
ERR14278557	SAMEA117636889	ena-SAMPLE-TAB-28-01-2025-22:30:17:500-24990	TLTX18		OTHER	PAIRED	NextSeq 2000	1478	73900	Homo sapiens
ERR14278565	SAMEA117636889	ena-SAMPLE-TAB-28-01-2025-22:30:17:500-24990	TLTX18		OTHER	PAIRED	NextSeq 2000	1214	60700	Homo sapiens
ERR14278566	SAMEA117636889	ena-SAMPLE-TAB-28-01-2025-22:30:17:500-24990	TLTX18		OTHER	PAIRED	NextSeq 2000	940	47000	Homo sapiens
ERR14278571	SAMEA117636889	ena-SAMPLE-TAB-28-01-2025-22:30:17:500-24990	TLTX18		OTHER	PAIRED	NextSeq 2000	822	41100	Homo sapiens
ERR14278572	SAMEA117636889	ena-SAMPLE-TAB-28-01-2025-22:30:17:500-24990	TLTX18		OTHER	PAIRED	NextSeq 2000	1002	50100	Homo sapiens
ERR14278590	SAMEA117636889	ena-SAMPLE-TAB-28-01-2025-22:30:17:500-24990	TLTX18		OTHER	PAIRED	NextSeq 2000	1226	61300	Homo sapiens
ERR14278593	SAMEA117636889	ena-SAMPLE-TAB-28-01-2025-22:30:17:500-24990	TLTX18		OTHER	PAIRED	NextSeq 2000	980	49000	Homo sapiens
ERR14278601	SAMEA117636889	ena-SAMPLE-TAB-28-01-2025-22:30:17:500-24990	TLTX18		OTHER	PAIRED	NextSeq 2000	1384816	69240800	Homo sapiens
ERR14278602	SAMEA117636889	ena-SAMPLE-TAB-28-01-2025-22:30:17:500-24990	TLTX18		OTHER	PAIRED	NextSeq 2000	970	48500	Homo sapiens
ERR14278607	SAMEA117636889	ena-SAMPLE-TAB-28-01-2025-22:30:17:500-24990	TLTX18		OTHER	PAIRED	NextSeq 2000	946	47300	Homo sapiens
ERR14278610	SAMEA117636889	ena-SAMPLE-TAB-28-01-2025-22:30:17:500-24990	TLTX18		OTHER	PAIRED	NextSeq 2000	768	38400	Homo sapiens
ERR14278621	SAMEA117636889	ena-SAMPLE-TAB-28-01-2025-22:30:17:500-24990	TLTX18		OTHER	PAIRED	NextSeq 2000	1383604	69180200	Homo sapiens
ERR14278623	SAMEA117636889	ena-SAMPLE-TAB-28-01-2025-22:30:17:500-24990	TLTX18		OTHER	PAIRED	NextSeq 2000	1425028	71251400	Homo sapiens
ERR14278628	SAMEA117636889	ena-SAMPLE-TAB-28-01-2025-22:30:17:500-24990	TLTX18		OTHER	PAIRED	NextSeq 2000	3566	178300	Homo sapiens
ERR14278629	SAMEA117636889	ena-SAMPLE-TAB-28-01-2025-22:30:17:500-24990	TLTX18		OTHER	PAIRED	NextSeq 2000	3488	174400	Homo sapiens
ERR14278635	SAMEA117636889	ena-SAMPLE-TAB-28-01-2025-22:30:17:500-24990	TLTX18		OTHER	PAIRED	NextSeq 2000	1551066	77553300	Homo sapiens
ERR14278642	SAMEA117636889	ena-SAMPLE-TAB-28-01-2025-22:30:17:500-24990	TLTX18		OTHER	PAIRED	NextSeq 2000	1588114	79405700	Homo sapiens
ERR14278645	SAMEA117636889	ena-SAMPLE-TAB-28-01-2025-22:30:17:500-24990	TLTX18		OTHER	PAIRED	NextSeq 2000	1802102	90105100	Homo sapiens
ERR14278646	SAMEA117636889	ena-SAMPLE-TAB-28-01-2025-22:30:17:500-24990	TLTX18		OTHER	PAIRED	NextSeq 2000	1909514	95475700	Homo sapiens
ERR14278650	SAMEA117636889	ena-SAMPLE-TAB-28-01-2025-22:30:17:500-24990	TLTX18		OTHER	PAIRED	NextSeq 2000	2160500	108025000	Homo sapiens
ERR14278656	SAMEA117636889	ena-SAMPLE-TAB-28-01-2025-22:30:17:500-24990	TLTX18		OTHER	PAIRED	NextSeq 2000	1153032	57651600	Homo sapiens
ERR14278658	SAMEA117636889	ena-SAMPLE-TAB-28-01-2025-22:30:17:500-24990	TLTX18		OTHER	PAIRED	NextSeq 2000	612554	30627700	Homo sapiens
ERR14278666	SAMEA117636889	ena-SAMPLE-TAB-28-01-2025-22:30:17:500-24990	TLTX18		OTHER	PAIRED	NextSeq 2000	2944	147200	Homo sapiens
ERR14278670	SAMEA117636889	ena-SAMPLE-TAB-28-01-2025-22:30:17:500-24990	TLTX18		OTHER	PAIRED	NextSeq 2000	2864	143200	Homo sapiens
ERR14278672	SAMEA117636889	ena-SAMPLE-TAB-28-01-2025-22:30:17:500-24990	TLTX18		OTHER	PAIRED	NextSeq 2000	1621202	81060100	Homo sapiens
ERR14278676	SAMEA117636889	ena-SAMPLE-TAB-28-01-2025-22:30:17:500-24990	TLTX18		OTHER	PAIRED	NextSeq 2000	3512	175600	Homo sapiens
ERR14278684	SAMEA117636889	ena-SAMPLE-TAB-28-01-2025-22:30:17:500-24990	TLTX18		OTHER	PAIRED	NextSeq 2000	3240	162000	Homo sapiens
ERR14278691	SAMEA117636889	ena-SAMPLE-TAB-28-01-2025-22:30:17:500-24990	TLTX18		OTHER	PAIRED	NextSeq 2000	1582	79100	Homo sapiens
ERR14278692	SAMEA117636889	ena-SAMPLE-TAB-28-01-2025-22:30:17:500-24990	TLTX18		OTHER	PAIRED	NextSeq 2000	1402	70100	Homo sapiens
ERR14278698	SAMEA117636889	ena-SAMPLE-TAB-28-01-2025-22:30:17:500-24990	TLTX18		OTHER	PAIRED	NextSeq 2000	1062	53100	Homo sapiens
ERR14278706	SAMEA117636889	ena-SAMPLE-TAB-28-01-2025-22:30:17:500-24990	TLTX18		OTHER	PAIRED	NextSeq 2000	1422	71100	Homo sapiens
ERR14278710	SAMEA117636889	ena-SAMPLE-TAB-28-01-2025-22:30:17:500-24990	TLTX18		OTHER	PAIRED	NextSeq 2000	2178924	108946200	Homo sapiens
ERR14278711	SAMEA117636889	ena-SAMPLE-TAB-28-01-2025-22:30:17:500-24990	TLTX18		OTHER	PAIRED	NextSeq 2000	1224	61200	Homo sapiens
ERR14278714	SAMEA117636889	ena-SAMPLE-TAB-28-01-2025-22:30:17:500-24990	TLTX18		OTHER	PAIRED	NextSeq 2000	1852	92600	Homo sapiens
ERR14278715	SAMEA117636889	ena-SAMPLE-TAB-28-01-2025-22:30:17:500-24990	TLTX18		OTHER	PAIRED	NextSeq 2000	1018	50900	Homo sapiens
ERR14278716	SAMEA117636889	ena-SAMPLE-TAB-28-01-2025-22:30:17:500-24990	TLTX18		OTHER	PAIRED	NextSeq 2000	1230	61500	Homo sapiens
ERR14278718	SAMEA117636889	ena-SAMPLE-TAB-28-01-2025-22:30:17:500-24990	TLTX18		OTHER	PAIRED	NextSeq 2000	1208	60400	Homo sapiens
ERR14278725	SAMEA117636889	ena-SAMPLE-TAB-28-01-2025-22:30:17:500-24990	TLTX18		OTHER	PAIRED	NextSeq 2000	1212	60600	Homo sapiens
ERR14278731	SAMEA117636889	ena-SAMPLE-TAB-28-01-2025-22:30:17:500-24990	TLTX18		OTHER	PAIRED	NextSeq 2000	1719926	85996300	Homo sapiens
ERR14278740	SAMEA117636889	ena-SAMPLE-TAB-28-01-2025-22:30:17:500-24990	TLTX18		OTHER	PAIRED	NextSeq 2000	516	25800	Homo sapiens
ERR14278746	SAMEA117636889	ena-SAMPLE-TAB-28-01-2025-22:30:17:500-24990	TLTX18		OTHER	PAIRED	NextSeq 2000	472	23600	Homo sapiens
ERR14278747	SAMEA117636889	ena-SAMPLE-TAB-28-01-2025-22:30:17:500-24990	TLTX18		OTHER	PAIRED	NextSeq 2000	1320	66000	Homo sapiens
ERR14278749	SAMEA117636889	ena-SAMPLE-TAB-28-01-2025-22:30:17:500-24990	TLTX18		OTHER	PAIRED	NextSeq 2000	1862	93100	Homo sapiens
ERR14278750	SAMEA117636889	ena-SAMPLE-TAB-28-01-2025-22:30:17:500-24990	TLTX18		OTHER	PAIRED	NextSeq 2000	1777724	88886200	Homo sapiens
ERR14278761	SAMEA117636889	ena-SAMPLE-TAB-28-01-2025-22:30:17:500-24990	TLTX18		OTHER	PAIRED	NextSeq 2000	2032	101600	Homo sapiens
ERR14278767	SAMEA117636889	ena-SAMPLE-TAB-28-01-2025-22:30:17:500-24990	TLTX18		OTHER	PAIRED	NextSeq 2000	1440	72000	Homo sapiens
ERR14278772	SAMEA117636889	ena-SAMPLE-TAB-28-01-2025-22:30:17:500-24990	TLTX18		OTHER	PAIRED	NextSeq 2000	2448	122400	Homo sapiens
ERR14278773	SAMEA117636889	ena-SAMPLE-TAB-28-01-2025-22:30:17:500-24990	TLTX18		OTHER	PAIRED	NextSeq 2000	2108	105400	Homo sapiens
ERR14278775	SAMEA117636889	ena-SAMPLE-TAB-28-01-2025-22:30:17:500-24990	TLTX18		OTHER	PAIRED	NextSeq 2000	2364	118200	Homo sapiens
ERR14278777	SAMEA117636889	ena-SAMPLE-TAB-28-01-2025-22:30:17:500-24990	TLTX18		OTHER	PAIRED	NextSeq 2000	1474	73700	Homo sapiens
ERR14278781	SAMEA117636889	ena-SAMPLE-TAB-28-01-2025-22:30:17:500-24990	TLTX18		OTHER	PAIRED	NextSeq 2000	1946	97300	Homo sapiens
ERR14278782	SAMEA117636889	ena-SAMPLE-TAB-28-01-2025-22:30:17:500-24990	TLTX18		OTHER	PAIRED	NextSeq 2000	1462484	73124200	Homo sapiens
ERR14278783	SAMEA117636889	ena-SAMPLE-TAB-28-01-2025-22:30:17:500-24990	TLTX18		OTHER	PAIRED	NextSeq 2000	1832	91600	Homo sapiens
ERR14278794	SAMEA117636889	ena-SAMPLE-TAB-28-01-2025-22:30:17:500-24990	TLTX18		OTHER	PAIRED	NextSeq 2000	2492	124600	Homo sapiens
ERR14278805	SAMEA117636889	ena-SAMPLE-TAB-28-01-2025-22:30:17:500-24990	TLTX18		OTHER	PAIRED	NextSeq 2000	1802396	90119800	Homo sapiens
ERR14278810	SAMEA117636889	ena-SAMPLE-TAB-28-01-2025-22:30:17:500-24990	TLTX18		OTHER	PAIRED	NextSeq 2000	3305600	165280000	Homo sapiens
ERR14278812	SAMEA117636889	ena-SAMPLE-TAB-28-01-2025-22:30:17:500-24990	TLTX18		OTHER	PAIRED	NextSeq 2000	1368	68400	Homo sapiens
ERR14278813	SAMEA117636889	ena-SAMPLE-TAB-28-01-2025-22:30:17:500-24990	TLTX18		OTHER	PAIRED	NextSeq 2000	1996	99800	Homo sapiens
ERR14278827	SAMEA117636889	ena-SAMPLE-TAB-28-01-2025-22:30:17:500-24990	TLTX18		OTHER	PAIRED	NextSeq 2000	1748	87400	Homo sapiens
ERR14278828	SAMEA117636889	ena-SAMPLE-TAB-28-01-2025-22:30:17:500-24990	TLTX18		OTHER	PAIRED	NextSeq 2000	1910	95500	Homo sapiens
ERR14278841	SAMEA117636889	ena-SAMPLE-TAB-28-01-2025-22:30:17:500-24990	TLTX18		OTHER	PAIRED	NextSeq 2000	1584	79200	Homo sapiens
ERR14278849	SAMEA117636889	ena-SAMPLE-TAB-28-01-2025-22:30:17:500-24990	TLTX18		OTHER	PAIRED	NextSeq 2000	1174	58700	Homo sapiens
ERR14278862	SAMEA117636889	ena-SAMPLE-TAB-28-01-2025-22:30:17:500-24990	TLTX18		OTHER	PAIRED	NextSeq 2000	1072	53600	Homo sapiens
ERR14295827	SAMEA117636887	ena-SAMPLE-TAB-28-01-2025-22:30:17:500-24988	TLTX25		OTHER	PAIRED	NextSeq 2000	905962	45298100	Homo sapiens
ERR14295835	SAMEA117636887	ena-SAMPLE-TAB-28-01-2025-22:30:17:500-24988	TLTX25		OTHER	PAIRED	NextSeq 2000	1150328	57516400	Homo sapiens
ERR14295848	SAMEA117636887	ena-SAMPLE-TAB-28-01-2025-22:30:17:500-24988	TLTX25		OTHER	PAIRED	NextSeq 2000	745984	37299200	Homo sapiens
ERR14295851	SAMEA117636887	ena-SAMPLE-TAB-28-01-2025-22:30:17:500-24988	TLTX25		OTHER	PAIRED	NextSeq 2000	727262	36363100	Homo sapiens
ERR14295864	SAMEA117636887	ena-SAMPLE-TAB-28-01-2025-22:30:17:500-24988	TLTX25		OTHER	PAIRED	NextSeq 2000	1010274	50513700	Homo sapiens
ERR14295874	SAMEA117636887	ena-SAMPLE-TAB-28-01-2025-22:30:17:500-24988	TLTX25		OTHER	PAIRED	NextSeq 2000	933357	46667850	Homo sapiens
ERR14295881	SAMEA117636887	ena-SAMPLE-TAB-28-01-2025-22:30:17:500-24988	TLTX25		OTHER	PAIRED	NextSeq 2000	1335097	66754850	Homo sapiens
ERR14295957	SAMEA117636887	ena-SAMPLE-TAB-28-01-2025-22:30:17:500-24988	TLTX25		OTHER	PAIRED	NextSeq 2000	301017	15050850	Homo sapiens
ERR14295959	SAMEA117636887	ena-SAMPLE-TAB-28-01-2025-22:30:17:500-24988	TLTX25		OTHER	PAIRED	NextSeq 2000	1056303	52815150	Homo sapiens
ERR14295988	SAMEA117636887	ena-SAMPLE-TAB-28-01-2025-22:30:17:500-24988	TLTX25		OTHER	PAIRED	NextSeq 2000	1485863	74293150	Homo sapiens
ERR14295994	SAMEA117636887	ena-SAMPLE-TAB-28-01-2025-22:30:17:500-24988	TLTX25		OTHER	PAIRED	NextSeq 2000	999126	49956300	Homo sapiens
ERR14295995	SAMEA117636887	ena-SAMPLE-TAB-28-01-2025-22:30:17:500-24988	TLTX25		OTHER	PAIRED	NextSeq 2000	1273805	63690250	Homo sapiens
ERR14296017	SAMEA117636887	ena-SAMPLE-TAB-28-01-2025-22:30:17:500-24988	TLTX25		OTHER	PAIRED	NextSeq 2000	1095974	54798700	Homo sapiens
ERR14296024	SAMEA117636887	ena-SAMPLE-TAB-28-01-2025-22:30:17:500-24988	TLTX25		OTHER	PAIRED	NextSeq 2000	1098581	54929050	Homo sapiens
ERR14296029	SAMEA117636887	ena-SAMPLE-TAB-28-01-2025-22:30:17:500-24988	TLTX25		OTHER	PAIRED	NextSeq 2000	318538	15926900	Homo sapiens
ERR14296050	SAMEA117636887	ena-SAMPLE-TAB-28-01-2025-22:30:17:500-24988	TLTX25		OTHER	PAIRED	NextSeq 2000	961360	48068000	Homo sapiens
ERR14296060	SAMEA117636887	ena-SAMPLE-TAB-28-01-2025-22:30:17:500-24988	TLTX25		OTHER	PAIRED	NextSeq 2000	1167138	58356900	Homo sapiens
ERR14296072	SAMEA117636887	ena-SAMPLE-TAB-28-01-2025-22:30:17:500-24988	TLTX25		OTHER	PAIRED	NextSeq 2000	1383572	69178600	Homo sapiens
ERR14296082	SAMEA117636887	ena-SAMPLE-TAB-28-01-2025-22:30:17:500-24988	TLTX25		OTHER	PAIRED	NextSeq 2000	964327	48216350	Homo sapiens
ERR14296104	SAMEA117636887	ena-SAMPLE-TAB-28-01-2025-22:30:17:500-24988	TLTX25		OTHER	PAIRED	NextSeq 2000	1030338	51516900	Homo sapiens
ERR14296115	SAMEA117636887	ena-SAMPLE-TAB-28-01-2025-22:30:17:500-24988	TLTX25		OTHER	PAIRED	NextSeq 2000	1055996	52799800	Homo sapiens
ERR14296125	SAMEA117636887	ena-SAMPLE-TAB-28-01-2025-22:30:17:500-24988	TLTX25		OTHER	PAIRED	NextSeq 2000	833593	41679650	Homo sapiens
ERR14296127	SAMEA117636887	ena-SAMPLE-TAB-28-01-2025-22:30:17:500-24988	TLTX25		OTHER	PAIRED	NextSeq 2000	1213251	60662550	Homo sapiens
ERR14296155	SAMEA117636887	ena-SAMPLE-TAB-28-01-2025-22:30:17:500-24988	TLTX25		OTHER	PAIRED	NextSeq 2000	1005166	50258300	Homo sapiens
ERR14296168	SAMEA117636887	ena-SAMPLE-TAB-28-01-2025-22:30:17:500-24988	TLTX25		OTHER	PAIRED	NextSeq 2000	1320896	66044800	Homo sapiens
ERR14296170	SAMEA117636887	ena-SAMPLE-TAB-28-01-2025-22:30:17:500-24988	TLTX25		OTHER	PAIRED	NextSeq 2000	1044749	52237450	Homo sapiens
ERR14296180	SAMEA117636887	ena-SAMPLE-TAB-28-01-2025-22:30:17:500-24988	TLTX25		OTHER	PAIRED	NextSeq 2000	1317506	65875300	Homo sapiens
ERR14296185	SAMEA117636887	ena-SAMPLE-TAB-28-01-2025-22:30:17:500-24988	TLTX25		OTHER	PAIRED	NextSeq 2000	1600287	80014350	Homo sapiens
ERR14296240	SAMEA117636887	ena-SAMPLE-TAB-28-01-2025-22:30:17:500-24988	TLTX25		OTHER	PAIRED	NextSeq 2000	1462814	73140700	Homo sapiens
ERR14296252	SAMEA117636887	ena-SAMPLE-TAB-28-01-2025-22:30:17:500-24988	TLTX25		OTHER	PAIRED	NextSeq 2000	1667434	83371700	Homo sapiens
ERR14296257	SAMEA117636887	ena-SAMPLE-TAB-28-01-2025-22:30:17:500-24988	TLTX25		OTHER	PAIRED	NextSeq 2000	1555728	77786400	Homo sapiens
ERR14296281	SAMEA117636887	ena-SAMPLE-TAB-28-01-2025-22:30:17:500-24988	TLTX25		OTHER	PAIRED	NextSeq 2000	1384362	69218100	Homo sapiens
ERR14296305	SAMEA117636887	ena-SAMPLE-TAB-28-01-2025-22:30:17:500-24988	TLTX25		OTHER	PAIRED	NextSeq 2000	1275631	63781550	Homo sapiens
ERR14296378	SAMEA117636887	ena-SAMPLE-TAB-28-01-2025-22:30:17:500-24988	TLTX25		OTHER	PAIRED	NextSeq 2000	1347138	67356900	Homo sapiens
ERR14296379	SAMEA117636887	ena-SAMPLE-TAB-28-01-2025-22:30:17:500-24988	TLTX25		OTHER	PAIRED	NextSeq 2000	1240682	62034100	Homo sapiens
ERR14296405	SAMEA117636887	ena-SAMPLE-TAB-28-01-2025-22:30:17:500-24988	TLTX25		OTHER	PAIRED	NextSeq 2000	1291092	64554600	Homo sapiens
ERR14296467	SAMEA117636887	ena-SAMPLE-TAB-28-01-2025-22:30:17:500-24988	TLTX25		OTHER	PAIRED	NextSeq 2000	582166	29108300	Homo sapiens
ERR14296473	SAMEA117636887	ena-SAMPLE-TAB-28-01-2025-22:30:17:500-24988	TLTX25		OTHER	PAIRED	NextSeq 2000	2264856	113242800	Homo sapiens
ERR14296488	SAMEA117636887	ena-SAMPLE-TAB-28-01-2025-22:30:17:500-24988	TLTX25		OTHER	PAIRED	NextSeq 2000	1437989	71899450	Homo sapiens
ERR14296524	SAMEA117636887	ena-SAMPLE-TAB-28-01-2025-22:30:17:500-24988	TLTX25		OTHER	PAIRED	NextSeq 2000	1690926	84546300	Homo sapiens
ERR14296530	SAMEA117636887	ena-SAMPLE-TAB-28-01-2025-22:30:17:500-24988	TLTX25		OTHER	PAIRED	NextSeq 2000	1381819	69090950	Homo sapiens
ERR14296537	SAMEA117636887	ena-SAMPLE-TAB-28-01-2025-22:30:17:500-24988	TLTX25		OTHER	PAIRED	NextSeq 2000	981067	49053350	Homo sapiens
ERR14296545	SAMEA117636887	ena-SAMPLE-TAB-28-01-2025-22:30:17:500-24988	TLTX25		OTHER	PAIRED	NextSeq 2000	1031322	51566100	Homo sapiens
ERR14296571	SAMEA117636887	ena-SAMPLE-TAB-28-01-2025-22:30:17:500-24988	TLTX25		OTHER	PAIRED	NextSeq 2000	1262448	63122400	Homo sapiens
ERR14296586	SAMEA117636887	ena-SAMPLE-TAB-28-01-2025-22:30:17:500-24988	TLTX25		OTHER	PAIRED	NextSeq 2000	1391803	69590150	Homo sapiens
ERR14296587	SAMEA117636887	ena-SAMPLE-TAB-28-01-2025-22:30:17:500-24988	TLTX25		OTHER	PAIRED	NextSeq 2000	144096	7204800	Homo sapiens
ERR14296618	SAMEA117636887	ena-SAMPLE-TAB-28-01-2025-22:30:17:500-24988	TLTX25		OTHER	PAIRED	NextSeq 2000	1439557	71977850	Homo sapiens
ERR14296622	SAMEA117636887	ena-SAMPLE-TAB-28-01-2025-22:30:17:500-24988	TLTX25		OTHER	PAIRED	NextSeq 2000	1420976	71048800	Homo sapiens
ERR14296623	SAMEA117636887	ena-SAMPLE-TAB-28-01-2025-22:30:17:500-24988	TLTX25		OTHER	PAIRED	NextSeq 2000	1280491	64024550	Homo sapiens
ERR14296636	SAMEA117636887	ena-SAMPLE-TAB-28-01-2025-22:30:17:500-24988	TLTX25		OTHER	PAIRED	NextSeq 2000	1189666	59483300	Homo sapiens
ERR14296640	SAMEA117636887	ena-SAMPLE-TAB-28-01-2025-22:30:17:500-24988	TLTX25		OTHER	PAIRED	NextSeq 2000	695474	34773700	Homo sapiens
ERR14296661	SAMEA117636887	ena-SAMPLE-TAB-28-01-2025-22:30:17:500-24988	TLTX25		OTHER	PAIRED	NextSeq 2000	1686433	84321650	Homo sapiens
ERR14296677	SAMEA117636887	ena-SAMPLE-TAB-28-01-2025-22:30:17:500-24988	TLTX25		OTHER	PAIRED	NextSeq 2000	1685133	84256650	Homo sapiens
ERR14296691	SAMEA117636887	ena-SAMPLE-TAB-28-01-2025-22:30:17:500-24988	TLTX25		OTHER	PAIRED	NextSeq 2000	1535028	76751400	Homo sapiens
ERR14296696	SAMEA117636887	ena-SAMPLE-TAB-28-01-2025-22:30:17:500-24988	TLTX25		OTHER	PAIRED	NextSeq 2000	1789428	89471400	Homo sapiens
ERR14296705	SAMEA117636887	ena-SAMPLE-TAB-28-01-2025-22:30:17:500-24988	TLTX25		OTHER	PAIRED	NextSeq 2000	1823490	91174500	Homo sapiens
ERR14296741	SAMEA117636887	ena-SAMPLE-TAB-28-01-2025-22:30:17:500-24988	TLTX25		OTHER	PAIRED	NextSeq 2000	1381866	69093300	Homo sapiens
ERR14296763	SAMEA117636887	ena-SAMPLE-TAB-28-01-2025-22:30:17:500-24988	TLTX25		OTHER	PAIRED	NextSeq 2000	1499840	74992000	Homo sapiens
ERR14296775	SAMEA117636887	ena-SAMPLE-TAB-28-01-2025-22:30:17:500-24988	TLTX25		OTHER	PAIRED	NextSeq 2000	1622836	81141800	Homo sapiens
ERR14296780	SAMEA117636887	ena-SAMPLE-TAB-28-01-2025-22:30:17:500-24988	TLTX25		OTHER	PAIRED	NextSeq 2000	1574579	78728950	Homo sapiens
ERR14296795	SAMEA117636887	ena-SAMPLE-TAB-28-01-2025-22:30:17:500-24988	TLTX25		OTHER	PAIRED	NextSeq 2000	948932	47446600	Homo sapiens
ERR14296825	SAMEA117636887	ena-SAMPLE-TAB-28-01-2025-22:30:17:500-24988	TLTX25		OTHER	PAIRED	NextSeq 2000	1178288	58914400	Homo sapiens
ERR14296826	SAMEA117636887	ena-SAMPLE-TAB-28-01-2025-22:30:17:500-24988	TLTX25		OTHER	PAIRED	NextSeq 2000	1330560	66528000	Homo sapiens
ERR14296834	SAMEA117636887	ena-SAMPLE-TAB-28-01-2025-22:30:17:500-24988	TLTX25		OTHER	PAIRED	NextSeq 2000	1567295	78364750	Homo sapiens
ERR14296837	SAMEA117636887	ena-SAMPLE-TAB-28-01-2025-22:30:17:500-24988	TLTX25		OTHER	PAIRED	NextSeq 2000	1745627	87281350	Homo sapiens
ERR14296850	SAMEA117636887	ena-SAMPLE-TAB-28-01-2025-22:30:17:500-24988	TLTX25		OTHER	PAIRED	NextSeq 2000	1264592	63229600	Homo sapiens
ERR14296869	SAMEA117636887	ena-SAMPLE-TAB-28-01-2025-22:30:17:500-24988	TLTX25		OTHER	PAIRED	NextSeq 2000	1542368	77118400	Homo sapiens
ERR14296880	SAMEA117636887	ena-SAMPLE-TAB-28-01-2025-22:30:17:500-24988	TLTX25		OTHER	PAIRED	NextSeq 2000	1305006	65250300	Homo sapiens
ERR14296912	SAMEA117636887	ena-SAMPLE-TAB-28-01-2025-22:30:17:500-24988	TLTX25		OTHER	PAIRED	NextSeq 2000	1738110	86905500	Homo sapiens
ERR14296915	SAMEA117636887	ena-SAMPLE-TAB-28-01-2025-22:30:17:500-24988	TLTX25		OTHER	PAIRED	NextSeq 2000	243565	12178250	Homo sapiens
ERR14296945	SAMEA117636887	ena-SAMPLE-TAB-28-01-2025-22:30:17:500-24988	TLTX25		OTHER	PAIRED	NextSeq 2000	1590536	79526800	Homo sapiens
ERR14296946	SAMEA117636887	ena-SAMPLE-TAB-28-01-2025-22:30:17:500-24988	TLTX25		OTHER	PAIRED	NextSeq 2000	1778459	88922950	Homo sapiens
ERR14296984	SAMEA117636887	ena-SAMPLE-TAB-28-01-2025-22:30:17:500-24988	TLTX25		OTHER	PAIRED	NextSeq 2000	1321661	66083050	Homo sapiens
ERR14297017	SAMEA117636887	ena-SAMPLE-TAB-28-01-2025-22:30:17:500-24988	TLTX25		OTHER	PAIRED	NextSeq 2000	1643547	82177350	Homo sapiens
ERR14297041	SAMEA117636887	ena-SAMPLE-TAB-28-01-2025-22:30:17:500-24988	TLTX25		OTHER	PAIRED	NextSeq 2000	1300807	65040350	Homo sapiens
ERR14297070	SAMEA117636887	ena-SAMPLE-TAB-28-01-2025-22:30:17:500-24988	TLTX25		OTHER	PAIRED	NextSeq 2000	1457797	72889850	Homo sapiens
ERR14297092	SAMEA117636887	ena-SAMPLE-TAB-28-01-2025-22:30:17:500-24988	TLTX25		OTHER	PAIRED	NextSeq 2000	1452672	72633600	Homo sapiens
ERR14297109	SAMEA117636887	ena-SAMPLE-TAB-28-01-2025-22:30:17:500-24988	TLTX25		OTHER	PAIRED	NextSeq 2000	1025742	51287100	Homo sapiens
ERR14297145	SAMEA117636887	ena-SAMPLE-TAB-28-01-2025-22:30:17:500-24988	TLTX25		OTHER	PAIRED	NextSeq 2000	989065	49453250	Homo sapiens
ERR14297146	SAMEA117636887	ena-SAMPLE-TAB-28-01-2025-22:30:17:500-24988	TLTX25		OTHER	PAIRED	NextSeq 2000	795018	39750900	Homo sapiens
ERR14297156	SAMEA117636887	ena-SAMPLE-TAB-28-01-2025-22:30:17:500-24988	TLTX25		OTHER	PAIRED	NextSeq 2000	1301056	65052800	Homo sapiens
ERR14297188	SAMEA117636887	ena-SAMPLE-TAB-28-01-2025-22:30:17:500-24988	TLTX25		OTHER	PAIRED	NextSeq 2000	1340346	67017300	Homo sapiens
ERR14297225	SAMEA117636887	ena-SAMPLE-TAB-28-01-2025-22:30:17:500-24988	TLTX25		OTHER	PAIRED	NextSeq 2000	949549	47477450	Homo sapiens
ERR14297231	SAMEA117636887	ena-SAMPLE-TAB-28-01-2025-22:30:17:500-24988	TLTX25		OTHER	PAIRED	NextSeq 2000	1315814	65790700	Homo sapiens
ERR14297252	SAMEA117636887	ena-SAMPLE-TAB-28-01-2025-22:30:17:500-24988	TLTX25		OTHER	PAIRED	NextSeq 2000	1110335	55516750	Homo sapiens
ERR14297263	SAMEA117636887	ena-SAMPLE-TAB-28-01-2025-22:30:17:500-24988	TLTX25		OTHER	PAIRED	NextSeq 2000	900922	45046100	Homo sapiens
ERR14297303	SAMEA117636887	ena-SAMPLE-TAB-28-01-2025-22:30:17:500-24988	TLTX25		OTHER	PAIRED	NextSeq 2000	1302230	65111500	Homo sapiens
ERR14297307	SAMEA117636887	ena-SAMPLE-TAB-28-01-2025-22:30:17:500-24988	TLTX25		OTHER	PAIRED	NextSeq 2000	140382	7019100	Homo sapiens
ERR14297320	SAMEA117636887	ena-SAMPLE-TAB-28-01-2025-22:30:17:500-24988	TLTX25		OTHER	PAIRED	NextSeq 2000	1199639	59981950	Homo sapiens
ERR14297341	SAMEA117636887	ena-SAMPLE-TAB-28-01-2025-22:30:17:500-24988	TLTX25		OTHER	PAIRED	NextSeq 2000	439056	21952800	Homo sapiens
ERR14297346	SAMEA117636887	ena-SAMPLE-TAB-28-01-2025-22:30:17:500-24988	TLTX25		OTHER	PAIRED	NextSeq 2000	579323	28966150	Homo sapiens
ERR14297351	SAMEA117636887	ena-SAMPLE-TAB-28-01-2025-22:30:17:500-24988	TLTX25		OTHER	PAIRED	NextSeq 2000	895520	44776000	Homo sapiens
ERR14297357	SAMEA117636887	ena-SAMPLE-TAB-28-01-2025-22:30:17:500-24988	TLTX25		OTHER	PAIRED	NextSeq 2000	866003	43300150	Homo sapiens
ERR14297374	SAMEA117636887	ena-SAMPLE-TAB-28-01-2025-22:30:17:500-24988	TLTX25		OTHER	PAIRED	NextSeq 2000	440958	22047900	Homo sapiens
ERR14297380	SAMEA117636887	ena-SAMPLE-TAB-28-01-2025-22:30:17:500-24988	TLTX25		OTHER	PAIRED	NextSeq 2000	1057333	52866650	Homo sapiens
ERR14297419	SAMEA117636887	ena-SAMPLE-TAB-28-01-2025-22:30:17:500-24988	TLTX25		OTHER	PAIRED	NextSeq 2000	1124871	56243550	Homo sapiens
ERR14297428	SAMEA117636887	ena-SAMPLE-TAB-28-01-2025-22:30:17:500-24988	TLTX25		OTHER	PAIRED	NextSeq 2000	2008452	100422600	Homo sapiens
ERR14297461	SAMEA117636887	ena-SAMPLE-TAB-28-01-2025-22:30:17:500-24988	TLTX25		OTHER	PAIRED	NextSeq 2000	1053683	52684150	Homo sapiens
ERR14297553	SAMEA117636887	ena-SAMPLE-TAB-28-01-2025-22:30:17:500-24988	TLTX25		OTHER	PAIRED	NextSeq 2000	405444	20272200	Homo sapiens
ERR14297569	SAMEA117636887	ena-SAMPLE-TAB-28-01-2025-22:30:17:500-24988	TLTX25		OTHER	PAIRED	NextSeq 2000	726171	36308550	Homo sapiens
ERR14297661	SAMEA117636887	ena-SAMPLE-TAB-28-01-2025-22:30:17:500-24988	TLTX25		OTHER	PAIRED	NextSeq 2000	956893	47844650	Homo sapiens
ERR14297710	SAMEA117636887	ena-SAMPLE-TAB-28-01-2025-22:30:17:500-24988	TLTX25		OTHER	PAIRED	NextSeq 2000	1083718	54185900	Homo sapiens
ERR14297726	SAMEA117636887	ena-SAMPLE-TAB-28-01-2025-22:30:17:500-24988	TLTX25		OTHER	PAIRED	NextSeq 2000	544237	27211850	Homo sapiens
ERR14297746	SAMEA117636887	ena-SAMPLE-TAB-28-01-2025-22:30:17:500-24988	TLTX25		OTHER	PAIRED	NextSeq 2000	389162	19458100	Homo sapiens
ERR14297751	SAMEA117636887	ena-SAMPLE-TAB-28-01-2025-22:30:17:500-24988	TLTX25		OTHER	PAIRED	NextSeq 2000	565782	28289100	Homo sapiens
ERR14297778	SAMEA117636887	ena-SAMPLE-TAB-28-01-2025-22:30:17:500-24988	TLTX25		OTHER	PAIRED	NextSeq 2000	1346193	67309650	Homo sapiens
ERR14297801	SAMEA117636887	ena-SAMPLE-TAB-28-01-2025-22:30:17:500-24988	TLTX25		OTHER	PAIRED	NextSeq 2000	609472	30473600	Homo sapiens
ERR14297802	SAMEA117636887	ena-SAMPLE-TAB-28-01-2025-22:30:17:500-24988	TLTX25		OTHER	PAIRED	NextSeq 2000	1126670	56333500	Homo sapiens
ERR14297814	SAMEA117636887	ena-SAMPLE-TAB-28-01-2025-22:30:17:500-24988	TLTX25		OTHER	PAIRED	NextSeq 2000	987463	49373150	Homo sapiens
ERR14297840	SAMEA117636887	ena-SAMPLE-TAB-28-01-2025-22:30:17:500-24988	TLTX25		OTHER	PAIRED	NextSeq 2000	672213	33610650	Homo sapiens
ERR14297841	SAMEA117636887	ena-SAMPLE-TAB-28-01-2025-22:30:17:500-24988	TLTX25		OTHER	PAIRED	NextSeq 2000	315748	15787400	Homo sapiens
ERR14297883	SAMEA117636887	ena-SAMPLE-TAB-28-01-2025-22:30:17:500-24988	TLTX25		OTHER	PAIRED	NextSeq 2000	161673	8083650	Homo sapiens
ERR14297912	SAMEA117636887	ena-SAMPLE-TAB-28-01-2025-22:30:17:500-24988	TLTX25		OTHER	PAIRED	NextSeq 2000	400669	20033450	Homo sapiens
ERR14297918	SAMEA117636887	ena-SAMPLE-TAB-28-01-2025-22:30:17:500-24988	TLTX25		OTHER	PAIRED	NextSeq 2000	970476	48523800	Homo sapiens
ERR14297929	SAMEA117636887	ena-SAMPLE-TAB-28-01-2025-22:30:17:500-24988	TLTX25		OTHER	PAIRED	NextSeq 2000	988994	49449700	Homo sapiens
ERR14297931	SAMEA117636887	ena-SAMPLE-TAB-28-01-2025-22:30:17:500-24988	TLTX25		OTHER	PAIRED	NextSeq 2000	529384	26469200	Homo sapiens
ERR14298021	SAMEA117636887	ena-SAMPLE-TAB-28-01-2025-22:30:17:500-24988	TLTX25		OTHER	PAIRED	NextSeq 2000	874330	43716500	Homo sapiens
ERR14298037	SAMEA117636887	ena-SAMPLE-TAB-28-01-2025-22:30:17:500-24988	TLTX25		OTHER	PAIRED	NextSeq 2000	647224	32361200	Homo sapiens
ERR14298066	SAMEA117636887	ena-SAMPLE-TAB-28-01-2025-22:30:17:500-24988	TLTX25		OTHER	PAIRED	NextSeq 2000	723582	36179100	Homo sapiens
ERR14298076	SAMEA117636887	ena-SAMPLE-TAB-28-01-2025-22:30:17:500-24988	TLTX25		OTHER	PAIRED	NextSeq 2000	1430790	71539500	Homo sapiens
ERR14298118	SAMEA117636887	ena-SAMPLE-TAB-28-01-2025-22:30:17:500-24988	TLTX25		OTHER	PAIRED	NextSeq 2000	1020317	51015850	Homo sapiens
ERR14298150	SAMEA117636887	ena-SAMPLE-TAB-28-01-2025-22:30:17:500-24988	TLTX25		OTHER	PAIRED	NextSeq 2000	584047	29202350	Homo sapiens
ERR14298170	SAMEA117636887	ena-SAMPLE-TAB-28-01-2025-22:30:17:500-24988	TLTX25		OTHER	PAIRED	NextSeq 2000	888960	44448000	Homo sapiens
ERR14298182	SAMEA117636887	ena-SAMPLE-TAB-28-01-2025-22:30:17:500-24988	TLTX25		OTHER	PAIRED	NextSeq 2000	325016	16250800	Homo sapiens
ERR14298186	SAMEA117636887	ena-SAMPLE-TAB-28-01-2025-22:30:17:500-24988	TLTX25		OTHER	PAIRED	NextSeq 2000	479247	23962350	Homo sapiens
ERR14298194	SAMEA117636887	ena-SAMPLE-TAB-28-01-2025-22:30:17:500-24988	TLTX25		OTHER	PAIRED	NextSeq 2000	280589	14029450	Homo sapiens
ERR14303805	SAMEA117636887	ena-SAMPLE-TAB-28-01-2025-22:30:17:500-24988	TLTX25		OTHER	PAIRED	NextSeq 2000	1356794	67839700	Homo sapiens
ERR14303849	SAMEA117636887	ena-SAMPLE-TAB-28-01-2025-22:30:17:500-24988	TLTX25		OTHER	PAIRED	NextSeq 2000	1158574	57928700	Homo sapiens
ERR14303853	SAMEA117636887	ena-SAMPLE-TAB-28-01-2025-22:30:17:500-24988	TLTX25		OTHER	PAIRED	NextSeq 2000	1136867	56843350	Homo sapiens
ERR14303875	SAMEA117636887	ena-SAMPLE-TAB-28-01-2025-22:30:17:500-24988	TLTX25		OTHER	PAIRED	NextSeq 2000	621232	31061600	Homo sapiens
ERR14303900	SAMEA117636887	ena-SAMPLE-TAB-28-01-2025-22:30:17:500-24988	TLTX25		OTHER	PAIRED	NextSeq 2000	381578	19078900	Homo sapiens
ERR14303903	SAMEA117636887	ena-SAMPLE-TAB-28-01-2025-22:30:17:500-24988	TLTX25		OTHER	PAIRED	NextSeq 2000	479629	23981450	Homo sapiens
ERR14303920	SAMEA117636887	ena-SAMPLE-TAB-28-01-2025-22:30:17:500-24988	TLTX25		OTHER	PAIRED	NextSeq 2000	668492	33424600	Homo sapiens
ERR14303923	SAMEA117636887	ena-SAMPLE-TAB-28-01-2025-22:30:17:500-24988	TLTX25		OTHER	PAIRED	NextSeq 2000	385796	19289800	Homo sapiens
ERR14303931	SAMEA117636887	ena-SAMPLE-TAB-28-01-2025-22:30:17:500-24988	TLTX25		OTHER	PAIRED	NextSeq 2000	418151	20907550	Homo sapiens
ERR14303975	SAMEA117636887	ena-SAMPLE-TAB-28-01-2025-22:30:17:500-24988	TLTX25		OTHER	PAIRED	NextSeq 2000	1139637	56981850	Homo sapiens
ERR14303987	SAMEA117636887	ena-SAMPLE-TAB-28-01-2025-22:30:17:500-24988	TLTX25		OTHER	PAIRED	NextSeq 2000	138125	6906250	Homo sapiens
ERR14303990	SAMEA117636887	ena-SAMPLE-TAB-28-01-2025-22:30:17:500-24988	TLTX25		OTHER	PAIRED	NextSeq 2000	838899	41944950	Homo sapiens
ERR14304012	SAMEA117636887	ena-SAMPLE-TAB-28-01-2025-22:30:17:500-24988	TLTX25		OTHER	PAIRED	NextSeq 2000	1945383	97269150	Homo sapiens
ERR14304016	SAMEA117636887	ena-SAMPLE-TAB-28-01-2025-22:30:17:500-24988	TLTX25		OTHER	PAIRED	NextSeq 2000	342078	17103900	Homo sapiens
ERR14304023	SAMEA117636887	ena-SAMPLE-TAB-28-01-2025-22:30:17:500-24988	TLTX25		OTHER	PAIRED	NextSeq 2000	508739	25436950	Homo sapiens
ERR14304027	SAMEA117636887	ena-SAMPLE-TAB-28-01-2025-22:30:17:500-24988	TLTX25		OTHER	PAIRED	NextSeq 2000	371956	18597800	Homo sapiens
ERR14304029	SAMEA117636887	ena-SAMPLE-TAB-28-01-2025-22:30:17:500-24988	TLTX25		OTHER	PAIRED	NextSeq 2000	990775	49538750	Homo sapiens
ERR14304044	SAMEA117636887	ena-SAMPLE-TAB-28-01-2025-22:30:17:500-24988	TLTX25		OTHER	PAIRED	NextSeq 2000	1137291	56864550	Homo sapiens
ERR14304071	SAMEA117636887	ena-SAMPLE-TAB-28-01-2025-22:30:17:500-24988	TLTX25		OTHER	PAIRED	NextSeq 2000	803255	40162750	Homo sapiens
ERR14304118	SAMEA117636887	ena-SAMPLE-TAB-28-01-2025-22:30:17:500-24988	TLTX25		OTHER	PAIRED	NextSeq 2000	828092	41404600	Homo sapiens
ERR14304143	SAMEA117636887	ena-SAMPLE-TAB-28-01-2025-22:30:17:500-24988	TLTX25		OTHER	PAIRED	NextSeq 2000	1078577	53928850	Homo sapiens
ERR14304158	SAMEA117636887	ena-SAMPLE-TAB-28-01-2025-22:30:17:500-24988	TLTX25		OTHER	PAIRED	NextSeq 2000	587483	29374150	Homo sapiens
ERR14304164	SAMEA117636887	ena-SAMPLE-TAB-28-01-2025-22:30:17:500-24988	TLTX25		OTHER	PAIRED	NextSeq 2000	539870	26993500	Homo sapiens
ERR14304199	SAMEA117636887	ena-SAMPLE-TAB-28-01-2025-22:30:17:500-24988	TLTX25		OTHER	PAIRED	NextSeq 2000	742115	37105750	Homo sapiens
ERR14304238	SAMEA117636887	ena-SAMPLE-TAB-28-01-2025-22:30:17:500-24988	TLTX25		OTHER	PAIRED	NextSeq 2000	1063032	53151600	Homo sapiens
ERR14304263	SAMEA117636887	ena-SAMPLE-TAB-28-01-2025-22:30:17:500-24988	TLTX25		OTHER	PAIRED	NextSeq 2000	1232398	61619900	Homo sapiens
ERR14304280	SAMEA117636887	ena-SAMPLE-TAB-28-01-2025-22:30:17:500-24988	TLTX25		OTHER	PAIRED	NextSeq 2000	717094	35854700	Homo sapiens
ERR14304290	SAMEA117636887	ena-SAMPLE-TAB-28-01-2025-22:30:17:500-24988	TLTX25		OTHER	PAIRED	NextSeq 2000	883086	44154300	Homo sapiens
ERR14304298	SAMEA117636887	ena-SAMPLE-TAB-28-01-2025-22:30:17:500-24988	TLTX25		OTHER	PAIRED	NextSeq 2000	1251392	62569600	Homo sapiens
ERR14304332	SAMEA117636887	ena-SAMPLE-TAB-28-01-2025-22:30:17:500-24988	TLTX25		OTHER	PAIRED	NextSeq 2000	765339	38266950	Homo sapiens
ERR14304363	SAMEA117636887	ena-SAMPLE-TAB-28-01-2025-22:30:17:500-24988	TLTX25		OTHER	PAIRED	NextSeq 2000	1124831	56241550	Homo sapiens
ERR14304397	SAMEA117636887	ena-SAMPLE-TAB-28-01-2025-22:30:17:500-24988	TLTX25		OTHER	PAIRED	NextSeq 2000	1241119	62055950	Homo sapiens
ERR14304416	SAMEA117636887	ena-SAMPLE-TAB-28-01-2025-22:30:17:500-24988	TLTX25		OTHER	PAIRED	NextSeq 2000	1009416	50470800	Homo sapiens
ERR14304444	SAMEA117636887	ena-SAMPLE-TAB-28-01-2025-22:30:17:500-24988	TLTX25		OTHER	PAIRED	NextSeq 2000	1190470	59523500	Homo sapiens
ERR14304502	SAMEA117636887	ena-SAMPLE-TAB-28-01-2025-22:30:17:500-24988	TLTX25		OTHER	PAIRED	NextSeq 2000	315142	15757100	Homo sapiens
ERR14304568	SAMEA117636887	ena-SAMPLE-TAB-28-01-2025-22:30:17:500-24988	TLTX25		OTHER	PAIRED	NextSeq 2000	1410551	70527550	Homo sapiens
ERR14304573	SAMEA117636887	ena-SAMPLE-TAB-28-01-2025-22:30:17:500-24988	TLTX25		OTHER	PAIRED	NextSeq 2000	1354288	67714400	Homo sapiens
ERR14304604	SAMEA117636887	ena-SAMPLE-TAB-28-01-2025-22:30:17:500-24988	TLTX25		OTHER	PAIRED	NextSeq 2000	449877	22493850	Homo sapiens
ERR14304623	SAMEA117636887	ena-SAMPLE-TAB-28-01-2025-22:30:17:500-24988	TLTX25		OTHER	PAIRED	NextSeq 2000	1032794	51639700	Homo sapiens
ERR14304632	SAMEA117636887	ena-SAMPLE-TAB-28-01-2025-22:30:17:500-24988	TLTX25		OTHER	PAIRED	NextSeq 2000	547889	27394450	Homo sapiens
ERR14304655	SAMEA117636887	ena-SAMPLE-TAB-28-01-2025-22:30:17:500-24988	TLTX25		OTHER	PAIRED	NextSeq 2000	991704	49585200	Homo sapiens
ERR14304678	SAMEA117636887	ena-SAMPLE-TAB-28-01-2025-22:30:17:500-24988	TLTX25		OTHER	PAIRED	NextSeq 2000	964993	48249650	Homo sapiens
ERR14304685	SAMEA117636887	ena-SAMPLE-TAB-28-01-2025-22:30:17:500-24988	TLTX25		OTHER	PAIRED	NextSeq 2000	939068	46953400	Homo sapiens
ERR14304713	SAMEA117636887	ena-SAMPLE-TAB-28-01-2025-22:30:17:500-24988	TLTX25		OTHER	PAIRED	NextSeq 2000	975452	48772600	Homo sapiens
ERR14304724	SAMEA117636887	ena-SAMPLE-TAB-28-01-2025-22:30:17:500-24988	TLTX25		OTHER	PAIRED	NextSeq 2000	779301	38965050	Homo sapiens
ERR14304744	SAMEA117636887	ena-SAMPLE-TAB-28-01-2025-22:30:17:500-24988	TLTX25		OTHER	PAIRED	NextSeq 2000	1101277	55063850	Homo sapiens
ERR14304814	SAMEA117636887	ena-SAMPLE-TAB-28-01-2025-22:30:17:500-24988	TLTX25		OTHER	PAIRED	NextSeq 2000	1825910	91295500	Homo sapiens
ERR14304836	SAMEA117636887	ena-SAMPLE-TAB-28-01-2025-22:30:17:500-24988	TLTX25		OTHER	PAIRED	NextSeq 2000	1431167	71558350	Homo sapiens
ERR14304842	SAMEA117636887	ena-SAMPLE-TAB-28-01-2025-22:30:17:500-24988	TLTX25		OTHER	PAIRED	NextSeq 2000	1659917	82995850	Homo sapiens
ERR14304862	SAMEA117636887	ena-SAMPLE-TAB-28-01-2025-22:30:17:500-24988	TLTX25		OTHER	PAIRED	NextSeq 2000	438113	21905650	Homo sapiens
ERR14304864	SAMEA117636887	ena-SAMPLE-TAB-28-01-2025-22:30:17:500-24988	TLTX25		OTHER	PAIRED	NextSeq 2000	931465	46573250	Homo sapiens
ERR14304877	SAMEA117636887	ena-SAMPLE-TAB-28-01-2025-22:30:17:500-24988	TLTX25		OTHER	PAIRED	NextSeq 2000	740734	37036700	Homo sapiens
ERR14304963	SAMEA117636887	ena-SAMPLE-TAB-28-01-2025-22:30:17:500-24988	TLTX25		OTHER	PAIRED	NextSeq 2000	575897	28794850	Homo sapiens
ERR14304971	SAMEA117636887	ena-SAMPLE-TAB-28-01-2025-22:30:17:500-24988	TLTX25		OTHER	PAIRED	NextSeq 2000	1417737	70886850	Homo sapiens
ERR14304982	SAMEA117636887	ena-SAMPLE-TAB-28-01-2025-22:30:17:500-24988	TLTX25		OTHER	PAIRED	NextSeq 2000	1541046	77052300	Homo sapiens
ERR14304993	SAMEA117636887	ena-SAMPLE-TAB-28-01-2025-22:30:17:500-24988	TLTX25		OTHER	PAIRED	NextSeq 2000	604754	30237700	Homo sapiens
ERR14304997	SAMEA117636887	ena-SAMPLE-TAB-28-01-2025-22:30:17:500-24988	TLTX25		OTHER	PAIRED	NextSeq 2000	916547	45827350	Homo sapiens
ERR14305022	SAMEA117636887	ena-SAMPLE-TAB-28-01-2025-22:30:17:500-24988	TLTX25		OTHER	PAIRED	NextSeq 2000	712202	35610100	Homo sapiens
ERR14305028	SAMEA117636887	ena-SAMPLE-TAB-28-01-2025-22:30:17:500-24988	TLTX25		OTHER	PAIRED	NextSeq 2000	1245945	62297250	Homo sapiens
ERR14305065	SAMEA117636887	ena-SAMPLE-TAB-28-01-2025-22:30:17:500-24988	TLTX25		OTHER	PAIRED	NextSeq 2000	463996	23199800	Homo sapiens
ERR14305107	SAMEA117636887	ena-SAMPLE-TAB-28-01-2025-22:30:17:500-24988	TLTX25		OTHER	PAIRED	NextSeq 2000	388336	19416800	Homo sapiens
ERR14305127	SAMEA117636887	ena-SAMPLE-TAB-28-01-2025-22:30:17:500-24988	TLTX25		OTHER	PAIRED	NextSeq 2000	1290766	64538300	Homo sapiens
ERR14305151	SAMEA117636887	ena-SAMPLE-TAB-28-01-2025-22:30:17:500-24988	TLTX25		OTHER	PAIRED	NextSeq 2000	856742	42837100	Homo sapiens
ERR14305189	SAMEA117636887	ena-SAMPLE-TAB-28-01-2025-22:30:17:500-24988	TLTX25		OTHER	PAIRED	NextSeq 2000	1589196	79459800	Homo sapiens
ERR14305269	SAMEA117636887	ena-SAMPLE-TAB-28-01-2025-22:30:17:500-24988	TLTX25		OTHER	PAIRED	NextSeq 2000	960618	48030900	Homo sapiens
ERR14305288	SAMEA117636887	ena-SAMPLE-TAB-28-01-2025-22:30:17:500-24988	TLTX25		OTHER	PAIRED	NextSeq 2000	1139789	56989450	Homo sapiens
ERR14305305	SAMEA117636887	ena-SAMPLE-TAB-28-01-2025-22:30:17:500-24988	TLTX25		OTHER	PAIRED	NextSeq 2000	467435	23371750	Homo sapiens
ERR14305440	SAMEA117636887	ena-SAMPLE-TAB-28-01-2025-22:30:17:500-24988	TLTX25		OTHER	PAIRED	NextSeq 2000	1721715	86085750	Homo sapiens
ERR14305446	SAMEA117636887	ena-SAMPLE-TAB-28-01-2025-22:30:17:500-24988	TLTX25		OTHER	PAIRED	NextSeq 2000	1682445	84122250	Homo sapiens
ERR14305454	SAMEA117636887	ena-SAMPLE-TAB-28-01-2025-22:30:17:500-24988	TLTX25		OTHER	PAIRED	NextSeq 2000	1250398	62519900	Homo sapiens
ERR14305459	SAMEA117636887	ena-SAMPLE-TAB-28-01-2025-22:30:17:500-24988	TLTX25		OTHER	PAIRED	NextSeq 2000	1135756	56787800	Homo sapiens
ERR14305506	SAMEA117636887	ena-SAMPLE-TAB-28-01-2025-22:30:17:500-24988	TLTX25		OTHER	PAIRED	NextSeq 2000	1243270	62163500	Homo sapiens
ERR14305553	SAMEA117636887	ena-SAMPLE-TAB-28-01-2025-22:30:17:500-24988	TLTX25		OTHER	PAIRED	NextSeq 2000	1133174	56658700	Homo sapiens
ERR14305555	SAMEA117636887	ena-SAMPLE-TAB-28-01-2025-22:30:17:500-24988	TLTX25		OTHER	PAIRED	NextSeq 2000	1651082	82554100	Homo sapiens
ERR14305615	SAMEA117636887	ena-SAMPLE-TAB-28-01-2025-22:30:17:500-24988	TLTX25		OTHER	PAIRED	NextSeq 2000	1185630	59281500	Homo sapiens
ERR14305624	SAMEA117636887	ena-SAMPLE-TAB-28-01-2025-22:30:17:500-24988	TLTX25		OTHER	PAIRED	NextSeq 2000	1537392	76869600	Homo sapiens
ERR14305647	SAMEA117636887	ena-SAMPLE-TAB-28-01-2025-22:30:17:500-24988	TLTX25		OTHER	PAIRED	NextSeq 2000	1446446	72322300	Homo sapiens
ERR14305658	SAMEA117636887	ena-SAMPLE-TAB-28-01-2025-22:30:17:500-24988	TLTX25		OTHER	PAIRED	NextSeq 2000	1738781	86939050	Homo sapiens
ERR14305676	SAMEA117636887	ena-SAMPLE-TAB-28-01-2025-22:30:17:500-24988	TLTX25		OTHER	PAIRED	NextSeq 2000	1329422	66471100	Homo sapiens
ERR14305738	SAMEA117636887	ena-SAMPLE-TAB-28-01-2025-22:30:17:500-24988	TLTX25		OTHER	PAIRED	NextSeq 2000	638063	31903150	Homo sapiens
ERR14305740	SAMEA117636887	ena-SAMPLE-TAB-28-01-2025-22:30:17:500-24988	TLTX25		OTHER	PAIRED	NextSeq 2000	1310831	65541550	Homo sapiens
ERR14305782	SAMEA117636887	ena-SAMPLE-TAB-28-01-2025-22:30:17:500-24988	TLTX25		OTHER	PAIRED	NextSeq 2000	1007587	50379350	Homo sapiens
ERR14305798	SAMEA117636887	ena-SAMPLE-TAB-28-01-2025-22:30:17:500-24988	TLTX25		OTHER	PAIRED	NextSeq 2000	740474	37023700	Homo sapiens
ERR14305802	SAMEA117636887	ena-SAMPLE-TAB-28-01-2025-22:30:17:500-24988	TLTX25		OTHER	PAIRED	NextSeq 2000	1529058	76452900	Homo sapiens
ERR14305808	SAMEA117636887	ena-SAMPLE-TAB-28-01-2025-22:30:17:500-24988	TLTX25		OTHER	PAIRED	NextSeq 2000	1355649	67782450	Homo sapiens
ERR14305903	SAMEA117636887	ena-SAMPLE-TAB-28-01-2025-22:30:17:500-24988	TLTX25		OTHER	PAIRED	NextSeq 2000	1258996	62949800	Homo sapiens
ERR14305927	SAMEA117636887	ena-SAMPLE-TAB-28-01-2025-22:30:17:500-24988	TLTX25		OTHER	PAIRED	NextSeq 2000	1624581	81229050	Homo sapiens
ERR14305941	SAMEA117636887	ena-SAMPLE-TAB-28-01-2025-22:30:17:500-24988	TLTX25		OTHER	PAIRED	NextSeq 2000	1311867	65593350	Homo sapiens
ERR14305943	SAMEA117636887	ena-SAMPLE-TAB-28-01-2025-22:30:17:500-24988	TLTX25		OTHER	PAIRED	NextSeq 2000	1055857	52792850	Homo sapiens
ERR14305987	SAMEA117636887	ena-SAMPLE-TAB-28-01-2025-22:30:17:500-24988	TLTX25		OTHER	PAIRED	NextSeq 2000	1423578	71178900	Homo sapiens
ERR14306012	SAMEA117636887	ena-SAMPLE-TAB-28-01-2025-22:30:17:500-24988	TLTX25		OTHER	PAIRED	NextSeq 2000	1739943	86997150	Homo sapiens
ERR14306013	SAMEA117636887	ena-SAMPLE-TAB-28-01-2025-22:30:17:500-24988	TLTX25		OTHER	PAIRED	NextSeq 2000	1590398	79519900	Homo sapiens
ERR14306054	SAMEA117636887	ena-SAMPLE-TAB-28-01-2025-22:30:17:500-24988	TLTX25		OTHER	PAIRED	NextSeq 2000	809331	40466550	Homo sapiens
ERR14306084	SAMEA117636887	ena-SAMPLE-TAB-28-01-2025-22:30:17:500-24988	TLTX25		OTHER	PAIRED	NextSeq 2000	1421502	71075100	Homo sapiens
ERR14306102	SAMEA117636887	ena-SAMPLE-TAB-28-01-2025-22:30:17:500-24988	TLTX25		OTHER	PAIRED	NextSeq 2000	1288291	64414550	Homo sapiens
ERR14306128	SAMEA117636887	ena-SAMPLE-TAB-28-01-2025-22:30:17:500-24988	TLTX25		OTHER	PAIRED	NextSeq 2000	1064847	53242350	Homo sapiens
ERR14306132	SAMEA117636887	ena-SAMPLE-TAB-28-01-2025-22:30:17:500-24988	TLTX25		OTHER	PAIRED	NextSeq 2000	729737	36486850	Homo sapiens
ERR14306192	SAMEA117636887	ena-SAMPLE-TAB-28-01-2025-22:30:17:500-24988	TLTX25		OTHER	PAIRED	NextSeq 2000	1481353	74067650	Homo sapiens
ERR14306210	SAMEA117636887	ena-SAMPLE-TAB-28-01-2025-22:30:17:500-24988	TLTX25		OTHER	PAIRED	NextSeq 2000	1332105	66605250	Homo sapiens
ERR14306215	SAMEA117636887	ena-SAMPLE-TAB-28-01-2025-22:30:17:500-24988	TLTX25		OTHER	PAIRED	NextSeq 2000	1321672	66083600	Homo sapiens
ERR14306228	SAMEA117636887	ena-SAMPLE-TAB-28-01-2025-22:30:17:500-24988	TLTX25		OTHER	PAIRED	NextSeq 2000	1210748	60537400	Homo sapiens
ERR14306231	SAMEA117636887	ena-SAMPLE-TAB-28-01-2025-22:30:17:500-24988	TLTX25		OTHER	PAIRED	NextSeq 2000	1120330	56016500	Homo sapiens
ERR14306244	SAMEA117636887	ena-SAMPLE-TAB-28-01-2025-22:30:17:500-24988	TLTX25		OTHER	PAIRED	NextSeq 2000	949280	47464000	Homo sapiens
ERR14306248	SAMEA117636887	ena-SAMPLE-TAB-28-01-2025-22:30:17:500-24988	TLTX25		OTHER	PAIRED	NextSeq 2000	1111663	55583150	Homo sapiens
ERR14306296	SAMEA117636887	ena-SAMPLE-TAB-28-01-2025-22:30:17:500-24988	TLTX25		OTHER	PAIRED	NextSeq 2000	1133241	56662050	Homo sapiens
ERR14306307	SAMEA117636887	ena-SAMPLE-TAB-28-01-2025-22:30:17:500-24988	TLTX25		OTHER	PAIRED	NextSeq 2000	717628	35881400	Homo sapiens
ERR14306308	SAMEA117636887	ena-SAMPLE-TAB-28-01-2025-22:30:17:500-24988	TLTX25		OTHER	PAIRED	NextSeq 2000	1020698	51034900	Homo sapiens
ERR14306312	SAMEA117636887	ena-SAMPLE-TAB-28-01-2025-22:30:17:500-24988	TLTX25		OTHER	PAIRED	NextSeq 2000	1093853	54692650	Homo sapiens
ERR14306334	SAMEA117636887	ena-SAMPLE-TAB-28-01-2025-22:30:17:500-24988	TLTX25		OTHER	PAIRED	NextSeq 2000	1335112	66755600	Homo sapiens
ERR14306336	SAMEA117636887	ena-SAMPLE-TAB-28-01-2025-22:30:17:500-24988	TLTX25		OTHER	PAIRED	NextSeq 2000	835962	41798100	Homo sapiens
ERR14306337	SAMEA117636887	ena-SAMPLE-TAB-28-01-2025-22:30:17:500-24988	TLTX25		OTHER	PAIRED	NextSeq 2000	1067570	53378500	Homo sapiens
ERR14306356	SAMEA117636887	ena-SAMPLE-TAB-28-01-2025-22:30:17:500-24988	TLTX25		OTHER	PAIRED	NextSeq 2000	983722	49186100	Homo sapiens
ERR14306388	SAMEA117636887	ena-SAMPLE-TAB-28-01-2025-22:30:17:500-24988	TLTX25		OTHER	PAIRED	NextSeq 2000	1101383	55069150	Homo sapiens
ERR14306389	SAMEA117636887	ena-SAMPLE-TAB-28-01-2025-22:30:17:500-24988	TLTX25		OTHER	PAIRED	NextSeq 2000	1045623	52281150	Homo sapiens
ERR14314254	SAMEA117636887	ena-SAMPLE-TAB-28-01-2025-22:30:17:500-24988	TLTX25		OTHER	SINGLE	NextSeq 2000	1	50	Homo sapiens
ERR14314361	SAMEA117636888	ena-SAMPLE-TAB-28-01-2025-22:30:17:500-24989	TLTX33		OTHER	PAIRED	NextSeq 2000	966334	48316700	Homo sapiens
ERR14314413	SAMEA117636888	ena-SAMPLE-TAB-28-01-2025-22:30:17:500-24989	TLTX33		OTHER	PAIRED	NextSeq 2000	1240241	62012050	Homo sapiens
ERR14314437	SAMEA117636888	ena-SAMPLE-TAB-28-01-2025-22:30:17:500-24989	TLTX33		OTHER	PAIRED	NextSeq 2000	1678711	83935550	Homo sapiens
ERR14314481	SAMEA117636888	ena-SAMPLE-TAB-28-01-2025-22:30:17:500-24989	TLTX33		OTHER	PAIRED	NextSeq 2000	1575165	78758250	Homo sapiens
ERR14314523	SAMEA117636888	ena-SAMPLE-TAB-28-01-2025-22:30:17:500-24989	TLTX33		OTHER	PAIRED	NextSeq 2000	987111	49355550	Homo sapiens
ERR14314528	SAMEA117636888	ena-SAMPLE-TAB-28-01-2025-22:30:17:500-24989	TLTX33		OTHER	PAIRED	NextSeq 2000	1472107	73605350	Homo sapiens
ERR14314556	SAMEA117636888	ena-SAMPLE-TAB-28-01-2025-22:30:17:500-24989	TLTX33		OTHER	PAIRED	NextSeq 2000	943694	47184700	Homo sapiens
ERR14314560	SAMEA117636888	ena-SAMPLE-TAB-28-01-2025-22:30:17:500-24989	TLTX33		OTHER	PAIRED	NextSeq 2000	996322	49816100	Homo sapiens
ERR14314645	SAMEA117636888	ena-SAMPLE-TAB-28-01-2025-22:30:17:500-24989	TLTX33		OTHER	PAIRED	NextSeq 2000	855950	42797500	Homo sapiens
ERR14314648	SAMEA117636888	ena-SAMPLE-TAB-28-01-2025-22:30:17:500-24989	TLTX33		OTHER	PAIRED	NextSeq 2000	816737	40836850	Homo sapiens
ERR14314694	SAMEA117636888	ena-SAMPLE-TAB-28-01-2025-22:30:17:500-24989	TLTX33		OTHER	PAIRED	NextSeq 2000	207209	10360450	Homo sapiens
ERR14314695	SAMEA117636888	ena-SAMPLE-TAB-28-01-2025-22:30:17:500-24989	TLTX33		OTHER	PAIRED	NextSeq 2000	1649010	82450500	Homo sapiens
ERR14314701	SAMEA117636888	ena-SAMPLE-TAB-28-01-2025-22:30:17:500-24989	TLTX33		OTHER	PAIRED	NextSeq 2000	1303341	65167050	Homo sapiens
ERR14314714	SAMEA117636888	ena-SAMPLE-TAB-28-01-2025-22:30:17:500-24989	TLTX33		OTHER	PAIRED	NextSeq 2000	1062919	53145950	Homo sapiens
ERR14314738	SAMEA117636888	ena-SAMPLE-TAB-28-01-2025-22:30:17:500-24989	TLTX33		OTHER	PAIRED	NextSeq 2000	1776175	88808750	Homo sapiens
ERR14314752	SAMEA117636888	ena-SAMPLE-TAB-28-01-2025-22:30:17:500-24989	TLTX33		OTHER	PAIRED	NextSeq 2000	1413882	70694100	Homo sapiens
ERR14314771	SAMEA117636888	ena-SAMPLE-TAB-28-01-2025-22:30:17:500-24989	TLTX33		OTHER	PAIRED	NextSeq 2000	1664962	83248100	Homo sapiens
ERR14314788	SAMEA117636888	ena-SAMPLE-TAB-28-01-2025-22:30:17:500-24989	TLTX33		OTHER	PAIRED	NextSeq 2000	1188654	59432700	Homo sapiens
ERR14314792	SAMEA117636888	ena-SAMPLE-TAB-28-01-2025-22:30:17:500-24989	TLTX33		OTHER	PAIRED	NextSeq 2000	1654862	82743100	Homo sapiens
ERR14314795	SAMEA117636888	ena-SAMPLE-TAB-28-01-2025-22:30:17:500-24989	TLTX33		OTHER	PAIRED	NextSeq 2000	1089019	54450950	Homo sapiens
ERR14314830	SAMEA117636888	ena-SAMPLE-TAB-28-01-2025-22:30:17:500-24989	TLTX33		OTHER	PAIRED	NextSeq 2000	1498105	74905250	Homo sapiens
ERR14314833	SAMEA117636888	ena-SAMPLE-TAB-28-01-2025-22:30:17:500-24989	TLTX33		OTHER	PAIRED	NextSeq 2000	1061828	53091400	Homo sapiens
ERR14314873	SAMEA117636888	ena-SAMPLE-TAB-28-01-2025-22:30:17:500-24989	TLTX33		OTHER	PAIRED	NextSeq 2000	982890	49144500	Homo sapiens
ERR14314886	SAMEA117636888	ena-SAMPLE-TAB-28-01-2025-22:30:17:500-24989	TLTX33		OTHER	PAIRED	NextSeq 2000	1227889	61394450	Homo sapiens
ERR14314896	SAMEA117636888	ena-SAMPLE-TAB-28-01-2025-22:30:17:500-24989	TLTX33		OTHER	PAIRED	NextSeq 2000	581256	29062800	Homo sapiens
ERR14314979	SAMEA117636888	ena-SAMPLE-TAB-28-01-2025-22:30:17:500-24989	TLTX33		OTHER	PAIRED	NextSeq 2000	1661012	83050600	Homo sapiens
ERR14314998	SAMEA117636888	ena-SAMPLE-TAB-28-01-2025-22:30:17:500-24989	TLTX33		OTHER	PAIRED	NextSeq 2000	959155	47957750	Homo sapiens
ERR14315010	SAMEA117636888	ena-SAMPLE-TAB-28-01-2025-22:30:17:500-24989	TLTX33		OTHER	PAIRED	NextSeq 2000	1586685	79334250	Homo sapiens
ERR14315094	SAMEA117636888	ena-SAMPLE-TAB-28-01-2025-22:30:17:500-24989	TLTX33		OTHER	PAIRED	NextSeq 2000	1743000	87150000	Homo sapiens
ERR14315095	SAMEA117636888	ena-SAMPLE-TAB-28-01-2025-22:30:17:500-24989	TLTX33		OTHER	PAIRED	NextSeq 2000	563275	28163750	Homo sapiens
ERR14315100	SAMEA117636888	ena-SAMPLE-TAB-28-01-2025-22:30:17:500-24989	TLTX33		OTHER	PAIRED	NextSeq 2000	1596613	79830650	Homo sapiens
ERR14315135	SAMEA117636888	ena-SAMPLE-TAB-28-01-2025-22:30:17:500-24989	TLTX33		OTHER	PAIRED	NextSeq 2000	1112297	55614850	Homo sapiens
ERR14315140	SAMEA117636888	ena-SAMPLE-TAB-28-01-2025-22:30:17:500-24989	TLTX33		OTHER	PAIRED	NextSeq 2000	801831	40091550	Homo sapiens
ERR14315170	SAMEA117636888	ena-SAMPLE-TAB-28-01-2025-22:30:17:500-24989	TLTX33		OTHER	PAIRED	NextSeq 2000	1526301	76315050	Homo sapiens
ERR14315176	SAMEA117636888	ena-SAMPLE-TAB-28-01-2025-22:30:17:500-24989	TLTX33		OTHER	PAIRED	NextSeq 2000	1437646	71882300	Homo sapiens
ERR14315189	SAMEA117636888	ena-SAMPLE-TAB-28-01-2025-22:30:17:500-24989	TLTX33		OTHER	PAIRED	NextSeq 2000	1294807	64740350	Homo sapiens
ERR14315193	SAMEA117636888	ena-SAMPLE-TAB-28-01-2025-22:30:17:500-24989	TLTX33		OTHER	PAIRED	NextSeq 2000	884235	44211750	Homo sapiens
ERR14315217	SAMEA117636888	ena-SAMPLE-TAB-28-01-2025-22:30:17:500-24989	TLTX33		OTHER	PAIRED	NextSeq 2000	1630935	81546750	Homo sapiens
ERR14315233	SAMEA117636888	ena-SAMPLE-TAB-28-01-2025-22:30:17:500-24989	TLTX33		OTHER	PAIRED	NextSeq 2000	1509590	75479500	Homo sapiens
ERR14315252	SAMEA117636888	ena-SAMPLE-TAB-28-01-2025-22:30:17:500-24989	TLTX33		OTHER	PAIRED	NextSeq 2000	1903698	95184900	Homo sapiens
ERR14315265	SAMEA117636888	ena-SAMPLE-TAB-28-01-2025-22:30:17:500-24989	TLTX33		OTHER	PAIRED	NextSeq 2000	1561418	78070900	Homo sapiens
ERR14315306	SAMEA117636888	ena-SAMPLE-TAB-28-01-2025-22:30:17:500-24989	TLTX33		OTHER	PAIRED	NextSeq 2000	1150462	57523100	Homo sapiens
ERR14315359	SAMEA117636888	ena-SAMPLE-TAB-28-01-2025-22:30:17:500-24989	TLTX33		OTHER	PAIRED	NextSeq 2000	911504	45575200	Homo sapiens
ERR14315386	SAMEA117636888	ena-SAMPLE-TAB-28-01-2025-22:30:17:500-24989	TLTX33		OTHER	PAIRED	NextSeq 2000	914175	45708750	Homo sapiens
ERR14315397	SAMEA117636888	ena-SAMPLE-TAB-28-01-2025-22:30:17:500-24989	TLTX33		OTHER	PAIRED	NextSeq 2000	1569867	78493350	Homo sapiens
ERR14315400	SAMEA117636888	ena-SAMPLE-TAB-28-01-2025-22:30:17:500-24989	TLTX33		OTHER	PAIRED	NextSeq 2000	1345562	67278100	Homo sapiens
ERR14315414	SAMEA117636888	ena-SAMPLE-TAB-28-01-2025-22:30:17:500-24989	TLTX33		OTHER	PAIRED	NextSeq 2000	1013171	50658550	Homo sapiens
ERR14315426	SAMEA117636888	ena-SAMPLE-TAB-28-01-2025-22:30:17:500-24989	TLTX33		OTHER	PAIRED	NextSeq 2000	996896	49844800	Homo sapiens
ERR14315448	SAMEA117636888	ena-SAMPLE-TAB-28-01-2025-22:30:17:500-24989	TLTX33		OTHER	PAIRED	NextSeq 2000	895822	44791100	Homo sapiens
ERR14315470	SAMEA117636888	ena-SAMPLE-TAB-28-01-2025-22:30:17:500-24989	TLTX33		OTHER	PAIRED	NextSeq 2000	1667586	83379300	Homo sapiens
ERR14315482	SAMEA117636888	ena-SAMPLE-TAB-28-01-2025-22:30:17:500-24989	TLTX33		OTHER	PAIRED	NextSeq 2000	1699807	84990350	Homo sapiens
ERR14315514	SAMEA117636888	ena-SAMPLE-TAB-28-01-2025-22:30:17:500-24989	TLTX33		OTHER	PAIRED	NextSeq 2000	407945	20397250	Homo sapiens
ERR14315526	SAMEA117636888	ena-SAMPLE-TAB-28-01-2025-22:30:17:500-24989	TLTX33		OTHER	PAIRED	NextSeq 2000	1437805	71890250	Homo sapiens
ERR14315527	SAMEA117636888	ena-SAMPLE-TAB-28-01-2025-22:30:17:500-24989	TLTX33		OTHER	PAIRED	NextSeq 2000	925966	46298300	Homo sapiens
ERR14315536	SAMEA117636888	ena-SAMPLE-TAB-28-01-2025-22:30:17:500-24989	TLTX33		OTHER	PAIRED	NextSeq 2000	1185140	59257000	Homo sapiens
ERR14315564	SAMEA117636888	ena-SAMPLE-TAB-28-01-2025-22:30:17:500-24989	TLTX33		OTHER	PAIRED	NextSeq 2000	1015882	50794100	Homo sapiens
ERR14315590	SAMEA117636888	ena-SAMPLE-TAB-28-01-2025-22:30:17:500-24989	TLTX33		OTHER	PAIRED	NextSeq 2000	759693	37984650	Homo sapiens
ERR14315610	SAMEA117636888	ena-SAMPLE-TAB-28-01-2025-22:30:17:500-24989	TLTX33		OTHER	PAIRED	NextSeq 2000	1557768	77888400	Homo sapiens
ERR14315629	SAMEA117636888	ena-SAMPLE-TAB-28-01-2025-22:30:17:500-24989	TLTX33		OTHER	PAIRED	NextSeq 2000	1146455	57322750	Homo sapiens
ERR14315654	SAMEA117636888	ena-SAMPLE-TAB-28-01-2025-22:30:17:500-24989	TLTX33		OTHER	PAIRED	NextSeq 2000	1092965	54648250	Homo sapiens
ERR14315679	SAMEA117636888	ena-SAMPLE-TAB-28-01-2025-22:30:17:500-24989	TLTX33		OTHER	PAIRED	NextSeq 2000	1070851	53542550	Homo sapiens
ERR14315782	SAMEA117636888	ena-SAMPLE-TAB-28-01-2025-22:30:17:500-24989	TLTX33		OTHER	PAIRED	NextSeq 2000	1053539	52676950	Homo sapiens
ERR14315789	SAMEA117636888	ena-SAMPLE-TAB-28-01-2025-22:30:17:500-24989	TLTX33		OTHER	PAIRED	NextSeq 2000	1401410	70070500	Homo sapiens
ERR14315797	SAMEA117636888	ena-SAMPLE-TAB-28-01-2025-22:30:17:500-24989	TLTX33		OTHER	PAIRED	NextSeq 2000	651609	32580450	Homo sapiens
ERR14315820	SAMEA117636888	ena-SAMPLE-TAB-28-01-2025-22:30:17:500-24989	TLTX33		OTHER	PAIRED	NextSeq 2000	1143399	57169950	Homo sapiens
ERR14315910	SAMEA117636888	ena-SAMPLE-TAB-28-01-2025-22:30:17:500-24989	TLTX33		OTHER	PAIRED	NextSeq 2000	1898257	94912850	Homo sapiens
ERR14315930	SAMEA117636888	ena-SAMPLE-TAB-28-01-2025-22:30:17:500-24989	TLTX33		OTHER	PAIRED	NextSeq 2000	685752	34287600	Homo sapiens
ERR14315952	SAMEA117636888	ena-SAMPLE-TAB-28-01-2025-22:30:17:500-24989	TLTX33		OTHER	PAIRED	NextSeq 2000	988378	49418900	Homo sapiens
ERR14315981	SAMEA117636888	ena-SAMPLE-TAB-28-01-2025-22:30:17:500-24989	TLTX33		OTHER	PAIRED	NextSeq 2000	1870311	93515550	Homo sapiens
ERR14316007	SAMEA117636888	ena-SAMPLE-TAB-28-01-2025-22:30:17:500-24989	TLTX33		OTHER	PAIRED	NextSeq 2000	749558	37477900	Homo sapiens
ERR14316063	SAMEA117636888	ena-SAMPLE-TAB-28-01-2025-22:30:17:500-24989	TLTX33		OTHER	PAIRED	NextSeq 2000	246407	12320350	Homo sapiens
ERR14316067	SAMEA117636888	ena-SAMPLE-TAB-28-01-2025-22:30:17:500-24989	TLTX33		OTHER	PAIRED	NextSeq 2000	1169415	58470750	Homo sapiens
ERR14316070	SAMEA117636888	ena-SAMPLE-TAB-28-01-2025-22:30:17:500-24989	TLTX33		OTHER	PAIRED	NextSeq 2000	426369	21318450	Homo sapiens
ERR14316091	SAMEA117636888	ena-SAMPLE-TAB-28-01-2025-22:30:17:500-24989	TLTX33		OTHER	PAIRED	NextSeq 2000	244452	12222600	Homo sapiens
ERR14316122	SAMEA117636888	ena-SAMPLE-TAB-28-01-2025-22:30:17:500-24989	TLTX33		OTHER	PAIRED	NextSeq 2000	819498	40974900	Homo sapiens
ERR14316175	SAMEA117636888	ena-SAMPLE-TAB-28-01-2025-22:30:17:500-24989	TLTX33		OTHER	PAIRED	NextSeq 2000	667838	33391900	Homo sapiens
ERR14316196	SAMEA117636888	ena-SAMPLE-TAB-28-01-2025-22:30:17:500-24989	TLTX33		OTHER	PAIRED	NextSeq 2000	698498	34924900	Homo sapiens
ERR14316212	SAMEA117636888	ena-SAMPLE-TAB-28-01-2025-22:30:17:500-24989	TLTX33		OTHER	PAIRED	NextSeq 2000	784373	39218650	Homo sapiens
ERR14316218	SAMEA117636888	ena-SAMPLE-TAB-28-01-2025-22:30:17:500-24989	TLTX33		OTHER	PAIRED	NextSeq 2000	488245	24412250	Homo sapiens
ERR14316236	SAMEA117636888	ena-SAMPLE-TAB-28-01-2025-22:30:17:500-24989	TLTX33		OTHER	PAIRED	NextSeq 2000	233467	11673350	Homo sapiens
ERR14317634	SAMEA117636888	ena-SAMPLE-TAB-28-01-2025-22:30:17:500-24989	TLTX33		OTHER	PAIRED	NextSeq 2000	1260392	63019600	Homo sapiens
ERR14317667	SAMEA117636888	ena-SAMPLE-TAB-28-01-2025-22:30:17:500-24989	TLTX33		OTHER	PAIRED	NextSeq 2000	955716	47785800	Homo sapiens
ERR14317799	SAMEA117636888	ena-SAMPLE-TAB-28-01-2025-22:30:17:500-24989	TLTX33		OTHER	PAIRED	NextSeq 2000	138954	6947700	Homo sapiens
ERR14317813	SAMEA117636888	ena-SAMPLE-TAB-28-01-2025-22:30:17:500-24989	TLTX33		OTHER	PAIRED	NextSeq 2000	977200	48860000	Homo sapiens
ERR14317853	SAMEA117636888	ena-SAMPLE-TAB-28-01-2025-22:30:17:500-24989	TLTX33		OTHER	PAIRED	NextSeq 2000	640528	32026400	Homo sapiens
ERR14317861	SAMEA117636888	ena-SAMPLE-TAB-28-01-2025-22:30:17:500-24989	TLTX33		OTHER	PAIRED	NextSeq 2000	1456661	72833050	Homo sapiens
ERR14317881	SAMEA117636888	ena-SAMPLE-TAB-28-01-2025-22:30:17:500-24989	TLTX33		OTHER	PAIRED	NextSeq 2000	1042996	52149800	Homo sapiens
ERR14317900	SAMEA117636888	ena-SAMPLE-TAB-28-01-2025-22:30:17:500-24989	TLTX33		OTHER	PAIRED	NextSeq 2000	1111325	55566250	Homo sapiens
ERR14317905	SAMEA117636888	ena-SAMPLE-TAB-28-01-2025-22:30:17:500-24989	TLTX33		OTHER	PAIRED	NextSeq 2000	1466119	73305950	Homo sapiens
ERR14317912	SAMEA117636888	ena-SAMPLE-TAB-28-01-2025-22:30:17:500-24989	TLTX33		OTHER	PAIRED	NextSeq 2000	1114272	55713600	Homo sapiens
ERR14317963	SAMEA117636888	ena-SAMPLE-TAB-28-01-2025-22:30:17:500-24989	TLTX33		OTHER	PAIRED	NextSeq 2000	865954	43297700	Homo sapiens
ERR14318009	SAMEA117636888	ena-SAMPLE-TAB-28-01-2025-22:30:17:500-24989	TLTX33		OTHER	PAIRED	NextSeq 2000	1000700	50035000	Homo sapiens
ERR14318023	SAMEA117636888	ena-SAMPLE-TAB-28-01-2025-22:30:17:500-24989	TLTX33		OTHER	PAIRED	NextSeq 2000	940142	47007100	Homo sapiens
ERR14318127	SAMEA117636888	ena-SAMPLE-TAB-28-01-2025-22:30:17:500-24989	TLTX33		OTHER	PAIRED	NextSeq 2000	1141979	57098950	Homo sapiens
ERR14318131	SAMEA117636888	ena-SAMPLE-TAB-28-01-2025-22:30:17:500-24989	TLTX33		OTHER	PAIRED	NextSeq 2000	1747901	87395050	Homo sapiens
ERR14318142	SAMEA117636888	ena-SAMPLE-TAB-28-01-2025-22:30:17:500-24989	TLTX33		OTHER	PAIRED	NextSeq 2000	256468	12823400	Homo sapiens
ERR14318146	SAMEA117636888	ena-SAMPLE-TAB-28-01-2025-22:30:17:500-24989	TLTX33		OTHER	PAIRED	NextSeq 2000	1593409	79670450	Homo sapiens
ERR14318170	SAMEA117636888	ena-SAMPLE-TAB-28-01-2025-22:30:17:500-24989	TLTX33		OTHER	PAIRED	NextSeq 2000	604019	30200950	Homo sapiens
ERR14318188	SAMEA117636888	ena-SAMPLE-TAB-28-01-2025-22:30:17:500-24989	TLTX33		OTHER	PAIRED	NextSeq 2000	1569551	78477550	Homo sapiens
ERR14318246	SAMEA117636888	ena-SAMPLE-TAB-28-01-2025-22:30:17:500-24989	TLTX33		OTHER	PAIRED	NextSeq 2000	456895	22844750	Homo sapiens
ERR14318266	SAMEA117636888	ena-SAMPLE-TAB-28-01-2025-22:30:17:500-24989	TLTX33		OTHER	PAIRED	NextSeq 2000	1329985	66499250	Homo sapiens
ERR14318278	SAMEA117636888	ena-SAMPLE-TAB-28-01-2025-22:30:17:500-24989	TLTX33		OTHER	PAIRED	NextSeq 2000	1487021	74351050	Homo sapiens
ERR14318299	SAMEA117636888	ena-SAMPLE-TAB-28-01-2025-22:30:17:500-24989	TLTX33		OTHER	PAIRED	NextSeq 2000	1727442	86372100	Homo sapiens
ERR14318301	SAMEA117636888	ena-SAMPLE-TAB-28-01-2025-22:30:17:500-24989	TLTX33		OTHER	PAIRED	NextSeq 2000	831502	41575100	Homo sapiens
ERR14318328	SAMEA117636888	ena-SAMPLE-TAB-28-01-2025-22:30:17:500-24989	TLTX33		OTHER	PAIRED	NextSeq 2000	1629144	81457200	Homo sapiens
ERR14318429	SAMEA117636888	ena-SAMPLE-TAB-28-01-2025-22:30:17:500-24989	TLTX33		OTHER	PAIRED	NextSeq 2000	1313393	65669650	Homo sapiens
ERR14318456	SAMEA117636888	ena-SAMPLE-TAB-28-01-2025-22:30:17:500-24989	TLTX33		OTHER	PAIRED	NextSeq 2000	1514456	75722800	Homo sapiens
ERR14318462	SAMEA117636888	ena-SAMPLE-TAB-28-01-2025-22:30:17:500-24989	TLTX33		OTHER	PAIRED	NextSeq 2000	453063	22653150	Homo sapiens
ERR14318484	SAMEA117636888	ena-SAMPLE-TAB-28-01-2025-22:30:17:500-24989	TLTX33		OTHER	PAIRED	NextSeq 2000	1704400	85220000	Homo sapiens
ERR14318516	SAMEA117636888	ena-SAMPLE-TAB-28-01-2025-22:30:17:500-24989	TLTX33		OTHER	PAIRED	NextSeq 2000	1226653	61332650	Homo sapiens
ERR14318596	SAMEA117636888	ena-SAMPLE-TAB-28-01-2025-22:30:17:500-24989	TLTX33		OTHER	PAIRED	NextSeq 2000	1389789	69489450	Homo sapiens
ERR14318609	SAMEA117636888	ena-SAMPLE-TAB-28-01-2025-22:30:17:500-24989	TLTX33		OTHER	PAIRED	NextSeq 2000	1498258	74912900	Homo sapiens
ERR14318671	SAMEA117636888	ena-SAMPLE-TAB-28-01-2025-22:30:17:500-24989	TLTX33		OTHER	PAIRED	NextSeq 2000	1063625	53181250	Homo sapiens
ERR14318675	SAMEA117636888	ena-SAMPLE-TAB-28-01-2025-22:30:17:500-24989	TLTX33		OTHER	PAIRED	NextSeq 2000	1743012	87150600	Homo sapiens
ERR14318679	SAMEA117636888	ena-SAMPLE-TAB-28-01-2025-22:30:17:500-24989	TLTX33		OTHER	PAIRED	NextSeq 2000	1040597	52029850	Homo sapiens
ERR14318681	SAMEA117636888	ena-SAMPLE-TAB-28-01-2025-22:30:17:500-24989	TLTX33		OTHER	PAIRED	NextSeq 2000	1067979	53398950	Homo sapiens
ERR14318699	SAMEA117636888	ena-SAMPLE-TAB-28-01-2025-22:30:17:500-24989	TLTX33		OTHER	PAIRED	NextSeq 2000	1069247	53462350	Homo sapiens
ERR14318711	SAMEA117636888	ena-SAMPLE-TAB-28-01-2025-22:30:17:500-24989	TLTX33		OTHER	PAIRED	NextSeq 2000	1386784	69339200	Homo sapiens
ERR14318727	SAMEA117636888	ena-SAMPLE-TAB-28-01-2025-22:30:17:500-24989	TLTX33		OTHER	PAIRED	NextSeq 2000	854015	42700750	Homo sapiens
ERR14318746	SAMEA117636888	ena-SAMPLE-TAB-28-01-2025-22:30:17:500-24989	TLTX33		OTHER	PAIRED	NextSeq 2000	786010	39300500	Homo sapiens
ERR14318845	SAMEA117636888	ena-SAMPLE-TAB-28-01-2025-22:30:17:500-24989	TLTX33		OTHER	PAIRED	NextSeq 2000	342212	17110600	Homo sapiens
ERR14318868	SAMEA117636888	ena-SAMPLE-TAB-28-01-2025-22:30:17:500-24989	TLTX33		OTHER	PAIRED	NextSeq 2000	1715595	85779750	Homo sapiens
ERR14318926	SAMEA117636888	ena-SAMPLE-TAB-28-01-2025-22:30:17:500-24989	TLTX33		OTHER	PAIRED	NextSeq 2000	616113	30805650	Homo sapiens
ERR14318948	SAMEA117636888	ena-SAMPLE-TAB-28-01-2025-22:30:17:500-24989	TLTX33		OTHER	PAIRED	NextSeq 2000	634861	31743050	Homo sapiens
ERR14318952	SAMEA117636888	ena-SAMPLE-TAB-28-01-2025-22:30:17:500-24989	TLTX33		OTHER	PAIRED	NextSeq 2000	1205516	60275800	Homo sapiens
ERR14319004	SAMEA117636888	ena-SAMPLE-TAB-28-01-2025-22:30:17:500-24989	TLTX33		OTHER	PAIRED	NextSeq 2000	481748	24087400	Homo sapiens
ERR14319021	SAMEA117636888	ena-SAMPLE-TAB-28-01-2025-22:30:17:500-24989	TLTX33		OTHER	PAIRED	NextSeq 2000	574986	28749300	Homo sapiens
ERR14319028	SAMEA117636888	ena-SAMPLE-TAB-28-01-2025-22:30:17:500-24989	TLTX33		OTHER	PAIRED	NextSeq 2000	1253538	62676900	Homo sapiens
ERR14319029	SAMEA117636888	ena-SAMPLE-TAB-28-01-2025-22:30:17:500-24989	TLTX33		OTHER	PAIRED	NextSeq 2000	737789	36889450	Homo sapiens
ERR14319060	SAMEA117636888	ena-SAMPLE-TAB-28-01-2025-22:30:17:500-24989	TLTX33		OTHER	PAIRED	NextSeq 2000	948211	47410550	Homo sapiens
ERR14319095	SAMEA117636888	ena-SAMPLE-TAB-28-01-2025-22:30:17:500-24989	TLTX33		OTHER	PAIRED	NextSeq 2000	998233	49911650	Homo sapiens
ERR14319136	SAMEA117636888	ena-SAMPLE-TAB-28-01-2025-22:30:17:500-24989	TLTX33		OTHER	PAIRED	NextSeq 2000	967283	48364150	Homo sapiens
ERR14319141	SAMEA117636888	ena-SAMPLE-TAB-28-01-2025-22:30:17:500-24989	TLTX33		OTHER	PAIRED	NextSeq 2000	696388	34819400	Homo sapiens
ERR14319144	SAMEA117636888	ena-SAMPLE-TAB-28-01-2025-22:30:17:500-24989	TLTX33		OTHER	PAIRED	NextSeq 2000	461266	23063300	Homo sapiens
ERR14319152	SAMEA117636888	ena-SAMPLE-TAB-28-01-2025-22:30:17:500-24989	TLTX33		OTHER	PAIRED	NextSeq 2000	2624799	131239950	Homo sapiens
ERR14319156	SAMEA117636888	ena-SAMPLE-TAB-28-01-2025-22:30:17:500-24989	TLTX33		OTHER	PAIRED	NextSeq 2000	1066298	53314900	Homo sapiens
ERR14319188	SAMEA117636888	ena-SAMPLE-TAB-28-01-2025-22:30:17:500-24989	TLTX33		OTHER	PAIRED	NextSeq 2000	1147282	57364100	Homo sapiens
ERR14319204	SAMEA117636888	ena-SAMPLE-TAB-28-01-2025-22:30:17:500-24989	TLTX33		OTHER	PAIRED	NextSeq 2000	1274764	63738200	Homo sapiens
ERR14319213	SAMEA117636888	ena-SAMPLE-TAB-28-01-2025-22:30:17:500-24989	TLTX33		OTHER	PAIRED	NextSeq 2000	1272434	63621700	Homo sapiens
ERR14319219	SAMEA117636888	ena-SAMPLE-TAB-28-01-2025-22:30:17:500-24989	TLTX33		OTHER	PAIRED	NextSeq 2000	1281784	64089200	Homo sapiens
ERR14319222	SAMEA117636888	ena-SAMPLE-TAB-28-01-2025-22:30:17:500-24989	TLTX33		OTHER	PAIRED	NextSeq 2000	357174	17858700	Homo sapiens
ERR14319242	SAMEA117636888	ena-SAMPLE-TAB-28-01-2025-22:30:17:500-24989	TLTX33		OTHER	PAIRED	NextSeq 2000	959501	47975050	Homo sapiens
ERR14319273	SAMEA117636888	ena-SAMPLE-TAB-28-01-2025-22:30:17:500-24989	TLTX33		OTHER	PAIRED	NextSeq 2000	959872	47993600	Homo sapiens
ERR14319277	SAMEA117636888	ena-SAMPLE-TAB-28-01-2025-22:30:17:500-24989	TLTX33		OTHER	PAIRED	NextSeq 2000	191010	9550500	Homo sapiens
ERR14319282	SAMEA117636888	ena-SAMPLE-TAB-28-01-2025-22:30:17:500-24989	TLTX33		OTHER	PAIRED	NextSeq 2000	617446	30872300	Homo sapiens
ERR14319287	SAMEA117636888	ena-SAMPLE-TAB-28-01-2025-22:30:17:500-24989	TLTX33		OTHER	PAIRED	NextSeq 2000	703341	35167050	Homo sapiens
ERR14319296	SAMEA117636888	ena-SAMPLE-TAB-28-01-2025-22:30:17:500-24989	TLTX33		OTHER	PAIRED	NextSeq 2000	805385	40269250	Homo sapiens
ERR14319302	SAMEA117636888	ena-SAMPLE-TAB-28-01-2025-22:30:17:500-24989	TLTX33		OTHER	PAIRED	NextSeq 2000	1090800	54540000	Homo sapiens
ERR14319303	SAMEA117636888	ena-SAMPLE-TAB-28-01-2025-22:30:17:500-24989	TLTX33		OTHER	PAIRED	NextSeq 2000	653392	32669600	Homo sapiens
ERR14319305	SAMEA117636888	ena-SAMPLE-TAB-28-01-2025-22:30:17:500-24989	TLTX33		OTHER	PAIRED	NextSeq 2000	1076450	53822500	Homo sapiens
ERR14319310	SAMEA117636888	ena-SAMPLE-TAB-28-01-2025-22:30:17:500-24989	TLTX33		OTHER	PAIRED	NextSeq 2000	884432	44221600	Homo sapiens
ERR14319393	SAMEA117636888	ena-SAMPLE-TAB-28-01-2025-22:30:17:500-24989	TLTX33		OTHER	PAIRED	NextSeq 2000	798181	39909050	Homo sapiens
ERR14319406	SAMEA117636888	ena-SAMPLE-TAB-28-01-2025-22:30:17:500-24989	TLTX33		OTHER	PAIRED	NextSeq 2000	1809427	90471350	Homo sapiens
ERR14319444	SAMEA117636888	ena-SAMPLE-TAB-28-01-2025-22:30:17:500-24989	TLTX33		OTHER	PAIRED	NextSeq 2000	978117	48905850	Homo sapiens
ERR14319446	SAMEA117636888	ena-SAMPLE-TAB-28-01-2025-22:30:17:500-24989	TLTX33		OTHER	PAIRED	NextSeq 2000	993443	49672150	Homo sapiens
ERR14319461	SAMEA117636888	ena-SAMPLE-TAB-28-01-2025-22:30:17:500-24989	TLTX33		OTHER	PAIRED	NextSeq 2000	694536	34726800	Homo sapiens
ERR14319495	SAMEA117636888	ena-SAMPLE-TAB-28-01-2025-22:30:17:500-24989	TLTX33		OTHER	PAIRED	NextSeq 2000	1120959	56047950	Homo sapiens
ERR14319496	SAMEA117636888	ena-SAMPLE-TAB-28-01-2025-22:30:17:500-24989	TLTX33		OTHER	PAIRED	NextSeq 2000	1787204	89360200	Homo sapiens
ERR14319511	SAMEA117636888	ena-SAMPLE-TAB-28-01-2025-22:30:17:500-24989	TLTX33		OTHER	PAIRED	NextSeq 2000	927065	46353250	Homo sapiens
ERR14319560	SAMEA117636888	ena-SAMPLE-TAB-28-01-2025-22:30:17:500-24989	TLTX33		OTHER	PAIRED	NextSeq 2000	928265	46413250	Homo sapiens
ERR14319582	SAMEA117636888	ena-SAMPLE-TAB-28-01-2025-22:30:17:500-24989	TLTX33		OTHER	PAIRED	NextSeq 2000	441177	22058850	Homo sapiens
ERR14319586	SAMEA117636888	ena-SAMPLE-TAB-28-01-2025-22:30:17:500-24989	TLTX33		OTHER	PAIRED	NextSeq 2000	624696	31234800	Homo sapiens
ERR14319596	SAMEA117636888	ena-SAMPLE-TAB-28-01-2025-22:30:17:500-24989	TLTX33		OTHER	PAIRED	NextSeq 2000	886304	44315200	Homo sapiens
ERR14319689	SAMEA117636888	ena-SAMPLE-TAB-28-01-2025-22:30:17:500-24989	TLTX33		OTHER	PAIRED	NextSeq 2000	797756	39887800	Homo sapiens
ERR14319693	SAMEA117636888	ena-SAMPLE-TAB-28-01-2025-22:30:17:500-24989	TLTX33		OTHER	PAIRED	NextSeq 2000	514176	25708800	Homo sapiens
ERR14319709	SAMEA117636888	ena-SAMPLE-TAB-28-01-2025-22:30:17:500-24989	TLTX33		OTHER	PAIRED	NextSeq 2000	149593	7479650	Homo sapiens
ERR14319753	SAMEA117636888	ena-SAMPLE-TAB-28-01-2025-22:30:17:500-24989	TLTX33		OTHER	PAIRED	NextSeq 2000	971254	48562700	Homo sapiens
ERR14319772	SAMEA117636888	ena-SAMPLE-TAB-28-01-2025-22:30:17:500-24989	TLTX33		OTHER	PAIRED	NextSeq 2000	1177948	58897400	Homo sapiens
ERR14319774	SAMEA117636888	ena-SAMPLE-TAB-28-01-2025-22:30:17:500-24989	TLTX33		OTHER	PAIRED	NextSeq 2000	1186637	59331850	Homo sapiens
ERR14319776	SAMEA117636888	ena-SAMPLE-TAB-28-01-2025-22:30:17:500-24989	TLTX33		OTHER	PAIRED	NextSeq 2000	937523	46876150	Homo sapiens
ERR14319826	SAMEA117636888	ena-SAMPLE-TAB-28-01-2025-22:30:17:500-24989	TLTX33		OTHER	PAIRED	NextSeq 2000	818933	40946650	Homo sapiens
ERR14319835	SAMEA117636888	ena-SAMPLE-TAB-28-01-2025-22:30:17:500-24989	TLTX33		OTHER	PAIRED	NextSeq 2000	1032435	51621750	Homo sapiens
ERR14319846	SAMEA117636888	ena-SAMPLE-TAB-28-01-2025-22:30:17:500-24989	TLTX33		OTHER	PAIRED	NextSeq 2000	1125683	56284150	Homo sapiens
ERR14319878	SAMEA117636888	ena-SAMPLE-TAB-28-01-2025-22:30:17:500-24989	TLTX33		OTHER	PAIRED	NextSeq 2000	773427	38671350	Homo sapiens
ERR14319880	SAMEA117636888	ena-SAMPLE-TAB-28-01-2025-22:30:17:500-24989	TLTX33		OTHER	PAIRED	NextSeq 2000	703972	35198600	Homo sapiens
ERR14319967	SAMEA117636888	ena-SAMPLE-TAB-28-01-2025-22:30:17:500-24989	TLTX33		OTHER	PAIRED	NextSeq 2000	874083	43704150	Homo sapiens
ERR14320010	SAMEA117636888	ena-SAMPLE-TAB-28-01-2025-22:30:17:500-24989	TLTX33		OTHER	PAIRED	NextSeq 2000	796487	39824350	Homo sapiens
ERR14320012	SAMEA117636888	ena-SAMPLE-TAB-28-01-2025-22:30:17:500-24989	TLTX33		OTHER	PAIRED	NextSeq 2000	653825	32691250	Homo sapiens
ERR14320071	SAMEA117636888	ena-SAMPLE-TAB-28-01-2025-22:30:17:500-24989	TLTX33		OTHER	PAIRED	NextSeq 2000	793489	39674450	Homo sapiens
ERR14320095	SAMEA117636888	ena-SAMPLE-TAB-28-01-2025-22:30:17:500-24989	TLTX33		OTHER	PAIRED	NextSeq 2000	822302	41115100	Homo sapiens
ERR14320109	SAMEA117636888	ena-SAMPLE-TAB-28-01-2025-22:30:17:500-24989	TLTX33		OTHER	PAIRED	NextSeq 2000	1338047	66902350	Homo sapiens
ERR14320116	SAMEA117636888	ena-SAMPLE-TAB-28-01-2025-22:30:17:500-24989	TLTX33		OTHER	PAIRED	NextSeq 2000	1255954	62797700	Homo sapiens
ERR14320135	SAMEA117636888	ena-SAMPLE-TAB-28-01-2025-22:30:17:500-24989	TLTX33		OTHER	PAIRED	NextSeq 2000	516200	25810000	Homo sapiens
ERR14320152	SAMEA117636888	ena-SAMPLE-TAB-28-01-2025-22:30:17:500-24989	TLTX33		OTHER	PAIRED	NextSeq 2000	705672	35283600	Homo sapiens
ERR14320196	SAMEA117636888	ena-SAMPLE-TAB-28-01-2025-22:30:17:500-24989	TLTX33		OTHER	PAIRED	NextSeq 2000	837925	41896250	Homo sapiens
ERR14320241	SAMEA117636888	ena-SAMPLE-TAB-28-01-2025-22:30:17:500-24989	TLTX33		OTHER	PAIRED	NextSeq 2000	946174	47308700	Homo sapiens
ERR14320247	SAMEA117636888	ena-SAMPLE-TAB-28-01-2025-22:30:17:500-24989	TLTX33		OTHER	PAIRED	NextSeq 2000	187066	9353300	Homo sapiens
ERR14320251	SAMEA117636888	ena-SAMPLE-TAB-28-01-2025-22:30:17:500-24989	TLTX33		OTHER	PAIRED	NextSeq 2000	1183156	59157800	Homo sapiens
ERR14320256	SAMEA117636888	ena-SAMPLE-TAB-28-01-2025-22:30:17:500-24989	TLTX33		OTHER	PAIRED	NextSeq 2000	1004440	50222000	Homo sapiens
ERR14320261	SAMEA117636888	ena-SAMPLE-TAB-28-01-2025-22:30:17:500-24989	TLTX33		OTHER	PAIRED	NextSeq 2000	871701	43585050	Homo sapiens
ERR14320291	SAMEA117636888	ena-SAMPLE-TAB-28-01-2025-22:30:17:500-24989	TLTX33		OTHER	PAIRED	NextSeq 2000	1418890	70944500	Homo sapiens
ERR14320329	SAMEA117636888	ena-SAMPLE-TAB-28-01-2025-22:30:17:500-24989	TLTX33		OTHER	PAIRED	NextSeq 2000	1520386	76019300	Homo sapiens
ERR14320430	SAMEA117636888	ena-SAMPLE-TAB-28-01-2025-22:30:17:500-24989	TLTX33		OTHER	PAIRED	NextSeq 2000	956463	47823150	Homo sapiens
ERR14320443	SAMEA117636888	ena-SAMPLE-TAB-28-01-2025-22:30:17:500-24989	TLTX33		OTHER	PAIRED	NextSeq 2000	798520	39926000	Homo sapiens
ERR14320452	SAMEA117636888	ena-SAMPLE-TAB-28-01-2025-22:30:17:500-24989	TLTX33		OTHER	PAIRED	NextSeq 2000	928048	46402400	Homo sapiens
ERR14320453	SAMEA117636888	ena-SAMPLE-TAB-28-01-2025-22:30:17:500-24989	TLTX33		OTHER	PAIRED	NextSeq 2000	931985	46599250	Homo sapiens
ERR14320456	SAMEA117636888	ena-SAMPLE-TAB-28-01-2025-22:30:17:500-24989	TLTX33		OTHER	PAIRED	NextSeq 2000	854923	42746150	Homo sapiens
ERR14320555	SAMEA117636888	ena-SAMPLE-TAB-28-01-2025-22:30:17:500-24989	TLTX33		OTHER	PAIRED	NextSeq 2000	901698	45084900	Homo sapiens
ERR14320572	SAMEA117636888	ena-SAMPLE-TAB-28-01-2025-22:30:17:500-24989	TLTX33		OTHER	PAIRED	NextSeq 2000	1257231	62861550	Homo sapiens
ERR14320600	SAMEA117636888	ena-SAMPLE-TAB-28-01-2025-22:30:17:500-24989	TLTX33		OTHER	PAIRED	NextSeq 2000	872088	43604400	Homo sapiens
ERR14320643	SAMEA117636888	ena-SAMPLE-TAB-28-01-2025-22:30:17:500-24989	TLTX33		OTHER	PAIRED	NextSeq 2000	1013344	50667200	Homo sapiens
ERR14320701	SAMEA117636888	ena-SAMPLE-TAB-28-01-2025-22:30:17:500-24989	TLTX33		OTHER	PAIRED	NextSeq 2000	1037001	51850050	Homo sapiens
ERR14330001	SAMEA117636888	ena-SAMPLE-TAB-28-01-2025-22:30:17:500-24989	TLTX33		OTHER	SINGLE	NextSeq 2000	1	50	Homo sapiens
ERR14330007	SAMEA117636888	ena-SAMPLE-TAB-28-01-2025-22:30:17:500-24989	TLTX33		OTHER	SINGLE	NextSeq 2000	1	50	Homo sapiens
