run_accession	sample_accession	sample_alias	sample_title	library_name	library_strategy	library_layout	instrument_model	read_count	base_count	scientific_name
SRR1873283	SAMN03396776	PRJNA269954.N00632	Generic sample from human gut metagenome	Solexa-96387	AMPLICON	PAIRED	Illumina MiSeq	4621	1617350	human gut metagenome
SRR1873592	SAMN03396787	PRJNA269954.N00623	Generic sample from human gut metagenome	Solexa-96412	AMPLICON	PAIRED	Illumina MiSeq	19154	6703900	human gut metagenome
SRR1873594	SAMN03396790	PRJNA269954.N00624	Generic sample from human gut metagenome	Solexa-96391	AMPLICON	PAIRED	Illumina MiSeq	6594	2307900	human gut metagenome
SRR1873595	SAMN03396792	PRJNA269954.N00668	Generic sample from human gut metagenome	Solexa-96433	AMPLICON	PAIRED	Illumina MiSeq	7896	2763600	human gut metagenome
SRR1873596	SAMN03396791	PRJNA269954.N00662	Generic sample from human gut metagenome	Solexa-96444	AMPLICON	PAIRED	Illumina MiSeq	8032	2811200	human gut metagenome
SRR1873597	SAMN03396794	PRJNA269954.N00605	Generic sample from human gut metagenome	Solexa-96394	AMPLICON	PAIRED	Illumina MiSeq	10320	3612000	human gut metagenome
SRR1873599	SAMN03396796	PRJNA269954.N00669	Generic sample from human gut metagenome	Solexa-96442	AMPLICON	PAIRED	Illumina MiSeq	9998	3499300	human gut metagenome
SRR1873601	SAMN03396795	PRJNA269954.N00664	Generic sample from human gut metagenome	Solexa-96458	AMPLICON	PAIRED	Illumina MiSeq	18514	6479900	human gut metagenome
SRR1873610	SAMN03396809	PRJNA269954.N00646	Generic sample from human gut metagenome	Solexa-96402	AMPLICON	PAIRED	Illumina MiSeq	8267	2893450	human gut metagenome
SRR1873614	SAMN03396812	PRJNA269954.N00673	Generic sample from human gut metagenome	Solexa-96521	AMPLICON	PAIRED	Illumina MiSeq	10987	3845450	human gut metagenome
SRR1873627	SAMN03396827	PRJNA269954.N00600	Generic sample from human gut metagenome	Solexa-96455	AMPLICON	PAIRED	Illumina MiSeq	7315	2560250	human gut metagenome
SRR1873633	SAMN03396833	PRJNA269954.N00575	Generic sample from human gut metagenome	Solexa-96383	AMPLICON	PAIRED	Illumina MiSeq	8888	3110800	human gut metagenome
SRR1873634	SAMN03396835	PRJNA269954.N00613	Generic sample from human gut metagenome	Solexa-96398	AMPLICON	PAIRED	Illumina MiSeq	16759	5865650	human gut metagenome
SRR1873637	SAMN03396837	PRJNA269954.N00596	Generic sample from human gut metagenome	Solexa-96390	AMPLICON	PAIRED	Illumina MiSeq	960	336000	human gut metagenome
SRR1873638	SAMN03396838	PRJNA269954.N00611	Generic sample from human gut metagenome	Solexa-96450	AMPLICON	PAIRED	Illumina MiSeq	7632	2671200	human gut metagenome
SRR1873646	SAMN03396843	PRJNA269954.N00615	Generic sample from human gut metagenome	Solexa-96445	AMPLICON	PAIRED	Illumina MiSeq	19284	6749400	human gut metagenome
SRR1873649	SAMN03396844	PRJNA269954.N00651	Generic sample from human gut metagenome	Solexa-96430	AMPLICON	PAIRED	Illumina MiSeq	2240	784000	human gut metagenome
SRR1873650	SAMN03396851	PRJNA269954.N00640	Generic sample from human gut metagenome	Solexa-96420	AMPLICON	PAIRED	Illumina MiSeq	5549	1942150	human gut metagenome
SRR1873653	SAMN03396852	PRJNA269954.N00820	Generic sample from human gut metagenome	Solexa-96503	AMPLICON	PAIRED	Illumina MiSeq	13432	4701200	human gut metagenome
SRR1873656	SAMN03396857	PRJNA269954.N00670	Generic sample from human gut metagenome	Solexa-96423	AMPLICON	PAIRED	Illumina MiSeq	24335	8517250	human gut metagenome
SRR1873658	SAMN03396856	PRJNA269954.N00602	Generic sample from human gut metagenome	Solexa-96386	AMPLICON	PAIRED	Illumina MiSeq	13026	4559100	human gut metagenome
SRR1873660	SAMN03396818	PRJNA269954.N00788	Generic sample from human gut metagenome	Solexa-96486	AMPLICON	PAIRED	Illumina MiSeq	13740	4809000	human gut metagenome
SRR1873661	SAMN03396805	PRJNA269954.N00791	Generic sample from human gut metagenome	Solexa-96488	AMPLICON	PAIRED	Illumina MiSeq	1247	436450	human gut metagenome
SRR1873667	SAMN03396860	PRJNA269954.N00601	Generic sample from human gut metagenome	Solexa-96459	AMPLICON	PAIRED	Illumina MiSeq	8280	2898000	human gut metagenome
SRR1873670	SAMN03396863	PRJNA269954.N00572	Generic sample from human gut metagenome	Solexa-96375	AMPLICON	PAIRED	Illumina MiSeq	8524	2983400	human gut metagenome
SRR1873671	SAMN03396864	PRJNA269954.N00630	Generic sample from human gut metagenome	Solexa-96449	AMPLICON	PAIRED	Illumina MiSeq	11489	4021150	human gut metagenome
SRR1873679	SAMN03396871	PRJNA269954.N00714	Generic sample from human gut metagenome	Solexa-96470	AMPLICON	PAIRED	Illumina MiSeq	23360	8176000	human gut metagenome
SRR1873682	SAMN03396877	PRJNA269954.N00663	Generic sample from human gut metagenome	Solexa-96457	AMPLICON	PAIRED	Illumina MiSeq	11273	3945550	human gut metagenome
SRR1873687	SAMN03396882	PRJNA269954.N00828	Generic sample from human gut metagenome	Solexa-96507	AMPLICON	PAIRED	Illumina MiSeq	14425	5048750	human gut metagenome
SRR1873688	SAMN03396881	PRJNA269954.N00610	Generic sample from human gut metagenome	Solexa-96424	AMPLICON	PAIRED	Illumina MiSeq	5359	1875650	human gut metagenome
SRR1873689	SAMN03396880	PRJNA269954.N00844	Generic sample from human gut metagenome	Solexa-96515	AMPLICON	PAIRED	Illumina MiSeq	32971	11539850	human gut metagenome
SRR1873696	SAMN03396895	PRJNA269954.N00609	Generic sample from human gut metagenome	Solexa-96416	AMPLICON	PAIRED	Illumina MiSeq	6183	2164050	human gut metagenome
SRR1873709	SAMN03396921	PRJNA269954.N00710	Generic sample from human gut metagenome	Solexa-96466	AMPLICON	PAIRED	Illumina MiSeq	14155	4954250	human gut metagenome
SRR1873715	SAMN03396913	PRJNA269954.N00638	Generic sample from human gut metagenome	Solexa-96409	AMPLICON	PAIRED	Illumina MiSeq	8835	3092250	human gut metagenome
SRR1873717	SAMN03396915	PRJNA269954.N00597	Generic sample from human gut metagenome	Solexa-96460	AMPLICON	PAIRED	Illumina MiSeq	4608	1612800	human gut metagenome
SRR1873719	SAMN03396886	PRJNA269954.N00728	Generic sample from human gut metagenome	Solexa-96475	AMPLICON	PAIRED	Illumina MiSeq	7675	2686250	human gut metagenome
SRR1873723	SAMN03396891	PRJNA269954.N00649	Generic sample from human gut metagenome	Solexa-96429	AMPLICON	PAIRED	Illumina MiSeq	3545	1240750	human gut metagenome
SRR1873729	SAMN03396919	PRJNA269954.N00598	Generic sample from human gut metagenome	Solexa-96397	AMPLICON	PAIRED	Illumina MiSeq	13272	4645200	human gut metagenome
SRR1873732	SAMN03396888	PRJNA269954.N00628	Generic sample from human gut metagenome	Solexa-96456	AMPLICON	PAIRED	Illumina MiSeq	5578	1952300	human gut metagenome
SRR1908851	SAMN03397819	PRJNA269954.N00140	Generic sample from human gut metagenome	Solexa-110839	AMPLICON	PAIRED	Illumina MiSeq	23099	8084650	human gut metagenome
SRR1908854	SAMN03397821	PRJNA269954.N00010	Generic sample from human gut metagenome	Solexa-110816	AMPLICON	PAIRED	Illumina MiSeq	23473	8215550	human gut metagenome
SRR1908861	SAMN03397830	PRJNA269954.N00247	Generic sample from human gut metagenome	Solexa-110875	AMPLICON	PAIRED	Illumina MiSeq	14725	5153750	human gut metagenome
SRR1908868	SAMN03397840	PRJNA269954.N00625	Generic sample from human gut metagenome	Solexa-110804	AMPLICON	PAIRED	Illumina MiSeq	32873	11505550	human gut metagenome
SRR1908876	SAMN03397848	PRJNA269954.N00490	Generic sample from human gut metagenome	Solexa-110862	AMPLICON	PAIRED	Illumina MiSeq	20598	7209300	human gut metagenome
SRR1908880	SAMN03397850	PRJNA269954.N00377	Generic sample from human gut metagenome	Solexa-110887	AMPLICON	PAIRED	Illumina MiSeq	12886	4510100	human gut metagenome
SRR1908887	SAMN03397865	PRJNA269954.N00203	Generic sample from human gut metagenome	Solexa-110844	AMPLICON	PAIRED	Illumina MiSeq	3996	1398600	human gut metagenome
SRR1908894	SAMN03397866	PRJNA269954.N00499	Generic sample from human gut metagenome	Solexa-110863	AMPLICON	PAIRED	Illumina MiSeq	19854	6948900	human gut metagenome
SRR1908897	SAMN03397871	PRJNA269954.N00078	Generic sample from human gut metagenome	Solexa-110824	AMPLICON	PAIRED	Illumina MiSeq	35533	12436550	human gut metagenome
SRR1908913	SAMN03397890	PRJNA269954.N00283	Generic sample from human gut metagenome	Solexa-110876	AMPLICON	PAIRED	Illumina MiSeq	13415	4695250	human gut metagenome
SRR1908915	SAMN03397892	PRJNA269954.N00106	Generic sample from human gut metagenome	Solexa-110830	AMPLICON	PAIRED	Illumina MiSeq	20713	7249550	human gut metagenome
SRR1908929	SAMN03397894	PRJNA269954.N00413	Generic sample from human gut metagenome	Solexa-95704	AMPLICON	PAIRED	Illumina MiSeq	16944	5930400	human gut metagenome
SRR1909077	SAMN03397834	PRJNA269954.N00266	Generic sample from human gut metagenome	Solexa-110871	AMPLICON	PAIRED	Illumina MiSeq	28630	10020500	human gut metagenome
SRR1909083	SAMN03397860	PRJNA269954.N00085	Generic sample from human gut metagenome	Solexa-110826	AMPLICON	PAIRED	Illumina MiSeq	21774	7620900	human gut metagenome
SRR1909110	SAMN03397881	PRJNA269954.N00333	Generic sample from human gut metagenome	Solexa-110883	AMPLICON	PAIRED	Illumina MiSeq	19029	6660150	human gut metagenome
SRR1909195	SAMN03398648	PRJNA269954.N00560	Generic sample from human gut metagenome	Solexa-95811	AMPLICON	PAIRED	Illumina MiSeq	7382	2583700	human gut metagenome
SRR1909200	SAMN03398629	PRJNA269954.N00520	Generic sample from human gut metagenome	Solexa-95828	AMPLICON	PAIRED	Illumina MiSeq	44265	15492750	human gut metagenome
SRR1909201	SAMN03398628	PRJNA269954.N00434	Generic sample from human gut metagenome	Solexa-95724	AMPLICON	PAIRED	Illumina MiSeq	16903	5916050	human gut metagenome
SRR1909210	SAMN03398646	PRJNA269954.N00554	Generic sample from human gut metagenome	Solexa-95829	AMPLICON	PAIRED	Illumina MiSeq	22184	7764400	human gut metagenome
SRR1909213	SAMN03398642	PRJNA269954.N00479	Generic sample from human gut metagenome	Solexa-95764	AMPLICON	PAIRED	Illumina MiSeq	8229	2880150	human gut metagenome
SRR1909215	SAMN03398644	PRJNA269954.N00488	Generic sample from human gut metagenome	Solexa-95772	AMPLICON	PAIRED	Illumina MiSeq	37565	13147750	human gut metagenome
SRR1909221	SAMN03398651	PRJNA269954.N00421	Generic sample from human gut metagenome	Solexa-95711	AMPLICON	PAIRED	Illumina MiSeq	21844	7645400	human gut metagenome
SRR1909223	SAMN03398654	PRJNA269954.N00423	Generic sample from human gut metagenome	Solexa-95713	AMPLICON	PAIRED	Illumina MiSeq	7646	2676100	human gut metagenome
SRR1909227	SAMN03398658	PRJNA269954.N00491	Generic sample from human gut metagenome	Solexa-95775	AMPLICON	PAIRED	Illumina MiSeq	17170	6009500	human gut metagenome
SRR1909238	SAMN03398672	PRJNA269954.N00418	Generic sample from human gut metagenome	Solexa-95708	AMPLICON	PAIRED	Illumina MiSeq	7947	2781450	human gut metagenome
SRR1909240	SAMN03398676	PRJNA269954.N00557	Generic sample from human gut metagenome	Solexa-95805	AMPLICON	PAIRED	Illumina MiSeq	39671	13884850	human gut metagenome
SRR1909244	SAMN03398681	PRJNA269954.N00483	Generic sample from human gut metagenome	Solexa-95767	AMPLICON	PAIRED	Illumina MiSeq	23966	8388100	human gut metagenome
SRR1909261	SAMN03398696	PRJNA269954.N00712	Generic sample from human gut metagenome	Solexa-96468	AMPLICON	PAIRED	Illumina MiSeq	21172	7410200	human gut metagenome
SRR1909262	SAMN03398700	PRJNA269954.N00416	Generic sample from human gut metagenome	Solexa-95706	AMPLICON	PAIRED	Illumina MiSeq	13855	4849250	human gut metagenome
SRR1909268	SAMN03398689	PRJNA269954.N00515	Generic sample from human gut metagenome	Solexa-95796	AMPLICON	PAIRED	Illumina MiSeq	9153	3203550	human gut metagenome
SRR1909285	SAMN03398723	PRJNA269954.N00477	Generic sample from human gut metagenome	Solexa-95762	AMPLICON	PAIRED	Illumina MiSeq	55215	19325250	human gut metagenome
SRR1909293	SAMN03398754	PRJNA269954.N00502	Generic sample from human gut metagenome	Solexa-95785	AMPLICON	PAIRED	Illumina MiSeq	31092	10882200	human gut metagenome
SRR1909329	SAMN03398804	PRJNA269954.N00497	Generic sample from human gut metagenome	Solexa-95781	AMPLICON	PAIRED	Illumina MiSeq	13933	4876550	human gut metagenome
SRR1909334	SAMN03398782	PRJNA269954.N00805	Generic sample from human gut metagenome	Solexa-96495	AMPLICON	PAIRED	Illumina MiSeq	12357	4324950	human gut metagenome
SRR1909345	SAMN03398798	PRJNA269954.N00534	Generic sample from human gut metagenome	Solexa-95814	AMPLICON	PAIRED	Illumina MiSeq	44149	15452150	human gut metagenome
SRR1909349	SAMN03398735	PRJNA269954.N00542	Generic sample from human gut metagenome	Solexa-95830	AMPLICON	PAIRED	Illumina MiSeq	30555	10694250	human gut metagenome
SRR1909355	SAMN03398822	PRJNA269954.N00460	Generic sample from human gut metagenome	Solexa-95748	AMPLICON	PAIRED	Illumina MiSeq	4015	1405250	human gut metagenome
SRR1909363	SAMN03398733	PRJNA269954.N00614	Generic sample from human gut metagenome	Solexa-96462	AMPLICON	PAIRED	Illumina MiSeq	4735	1657250	human gut metagenome
SRR1909366	SAMN03398732	PRJNA269954.N00429	Generic sample from human gut metagenome	Solexa-95719	AMPLICON	PAIRED	Illumina MiSeq	11295	3953250	human gut metagenome
SRR1909370	SAMN03398800	PRJNA269954.N00514	Generic sample from human gut metagenome	Solexa-95845	AMPLICON	PAIRED	Illumina MiSeq	46970	16439500	human gut metagenome
SRR1909384	SAMN03398848	PRJNA269954.N00470	Generic sample from human gut metagenome	Solexa-95755	AMPLICON	PAIRED	Illumina MiSeq	20022	7007700	human gut metagenome
SRR1909386	SAMN03398850	PRJNA269954.N00437	Generic sample from human gut metagenome	Solexa-95727	AMPLICON	PAIRED	Illumina MiSeq	14198	4969300	human gut metagenome
SRR1909409	SAMN03398842	PRJNA269954.N00527	Generic sample from human gut metagenome	Solexa-95797	AMPLICON	PAIRED	Illumina MiSeq	15972	5590200	human gut metagenome
SRR1909430	SAMN03398832	PRJNA269954.N00558	Generic sample from human gut metagenome	Solexa-95802	AMPLICON	PAIRED	Illumina MiSeq	48451	16957850	human gut metagenome
SRR1909446	SAMN03398894	PRJNA269954.N00451	Generic sample from human gut metagenome	Solexa-95740	AMPLICON	PAIRED	Illumina MiSeq	43428	15199800	human gut metagenome
SRR1909456	SAMN03398704	PRJNA269954.N00475	Generic sample from human gut metagenome	Solexa-95760	AMPLICON	PAIRED	Illumina MiSeq	15079	5277650	human gut metagenome
SRR1909465	SAMN03398756	PRJNA269954.N00563	Generic sample from human gut metagenome	Solexa-95803	AMPLICON	PAIRED	Illumina MiSeq	17469	6114150	human gut metagenome
SRR1909468	SAMN03398794	PRJNA269954.N00473	Generic sample from human gut metagenome	Solexa-95758	AMPLICON	PAIRED	Illumina MiSeq	26008	9102800	human gut metagenome
SRR1909622	SAMN03397814	PRJNA269954.N00342	Generic sample from human gut metagenome	Solexa-110884	AMPLICON	PAIRED	Illumina MiSeq	17703	6196050	human gut metagenome
SRR1910293	SAMN03400063	PRJNA269954.N00553	Generic sample from human gut metagenome	Solexa-95790	AMPLICON	PAIRED	Illumina MiSeq	54137	18947950	human gut metagenome
SRR1915582	SAMN03396854	PRJNA269954.N00592	Generic sample from human gut metagenome	Solexa-110800	AMPLICON	PAIRED	Illumina MiSeq	34869	12204150	human gut metagenome
SRR1915587	SAMN03396815	PRJNA269954.N00709	Generic sample from human gut metagenome	Solexa-110809	AMPLICON	PAIRED	Illumina MiSeq	18056	6319600	human gut metagenome
SRR1915590	SAMN03396849	PRJNA269954.N00850	Generic sample from human gut metagenome	Solexa-110812	AMPLICON	PAIRED	Illumina MiSeq	17981	6293350	human gut metagenome
SRR1915595	SAMN03396793	PRJNA269954.N00586	Generic sample from human gut metagenome	Solexa-110799	AMPLICON	PAIRED	Illumina MiSeq	26161	9156350	human gut metagenome
SRR1915597	SAMN03396918	PRJNA269954.N00612	Generic sample from human gut metagenome	Solexa-110803	AMPLICON	PAIRED	Illumina MiSeq	31663	11082050	human gut metagenome
SRR1915921	SAMN03396858	PRJNA269954.N00636	Generic sample from human gut metagenome	Solexa-96408	AMPLICON	PAIRED	Illumina MiSeq	1	350	human gut metagenome
SRR1915922	SAMN03396837	PRJNA269954.N00596	Generic sample from human gut metagenome	Solexa-96390	AMPLICON	PAIRED	Illumina MiSeq	3	1050	human gut metagenome
SRR1918826	SAMN03396910	PRJNA269954.N00606	Generic sample from human gut metagenome	Solexa-110802	AMPLICON	PAIRED	Illumina MiSeq	34775	12171250	human gut metagenome
SRR1947054	SAMN03451920	PRJNA269954.N00268	Generic sample from human gut metagenome	Solexa-95422	AMPLICON	PAIRED	Illumina MiSeq	13801	4830350	human gut metagenome
SRR1947058	SAMN03451928	PRJNA269954.N00209	Generic sample from human gut metagenome	Solexa-95371	AMPLICON	PAIRED	Illumina MiSeq	27906	9767100	human gut metagenome
SRR1947061	SAMN03451929	PRJNA269954.N00271	Generic sample from human gut metagenome	Solexa-95425	AMPLICON	PAIRED	Illumina MiSeq	38324	13413400	human gut metagenome
SRR1947071	SAMN03451932	PRJNA269954.N00228	Generic sample from human gut metagenome	Solexa-95388	AMPLICON	PAIRED	Illumina MiSeq	16062	5621700	human gut metagenome
SRR1947081	SAMN03451944	PRJNA269954.N00290	Generic sample from human gut metagenome	Solexa-95442	AMPLICON	PAIRED	Illumina MiSeq	6551	2292850	human gut metagenome
SRR1947090	SAMN03451952	PRJNA269954.N00253	Generic sample from human gut metagenome	Solexa-95407	AMPLICON	PAIRED	Illumina MiSeq	31563	11047050	human gut metagenome
SRR1947095	SAMN03451958	PRJNA269954.N00359	Generic sample from human gut metagenome	Solexa-95472	AMPLICON	PAIRED	Illumina MiSeq	6114	2139900	human gut metagenome
SRR1947102	SAMN03451967	PRJNA269954.N00293	Generic sample from human gut metagenome	Solexa-95456	AMPLICON	PAIRED	Illumina MiSeq	17425	6098750	human gut metagenome
SRR1947109	SAMN03451971	PRJNA269954.N00330	Generic sample from human gut metagenome	Solexa-95515	AMPLICON	PAIRED	Illumina MiSeq	3243	1135050	human gut metagenome
SRR1947117	SAMN03451980	PRJNA269954.N00316	Generic sample from human gut metagenome	Solexa-95447	AMPLICON	PAIRED	Illumina MiSeq	14823	5188050	human gut metagenome
SRR1947125	SAMN03451984	PRJNA269954.N00303	Generic sample from human gut metagenome	Solexa-95464	AMPLICON	PAIRED	Illumina MiSeq	50605	17711750	human gut metagenome
SRR1947140	SAMN03451964	PRJNA269954.N00315	Generic sample from human gut metagenome	Solexa-95492	AMPLICON	PAIRED	Illumina MiSeq	10449	3657150	human gut metagenome
SRR1947142	SAMN03452035	PRJNA269954.N00360	Generic sample from human gut metagenome	Solexa-95446	AMPLICON	PAIRED	Illumina MiSeq	6679	2337650	human gut metagenome
SRR1947150	SAMN03452009	PRJNA269954.N00232	Generic sample from human gut metagenome	Solexa-95392	AMPLICON	PAIRED	Illumina MiSeq	11786	4125100	human gut metagenome
SRR1947156	SAMN03452014	PRJNA269954.N00388	Generic sample from human gut metagenome	Solexa-95477	AMPLICON	PAIRED	Illumina MiSeq	17598	6159300	human gut metagenome
SRR1947164	SAMN03452023	PRJNA269954.N00300	Generic sample from human gut metagenome	Solexa-95469	AMPLICON	PAIRED	Illumina MiSeq	26188	9165800	human gut metagenome
SRR1947166	SAMN03452025	PRJNA269954.N00295	Generic sample from human gut metagenome	Solexa-95520	AMPLICON	PAIRED	Illumina MiSeq	10777	3771950	human gut metagenome
SRR1947171	SAMN03452030	PRJNA269954.N00374	Generic sample from human gut metagenome	Solexa-95509	AMPLICON	PAIRED	Illumina MiSeq	10223	3578050	human gut metagenome
SRR1947183	SAMN03452048	PRJNA269954.N00257	Generic sample from human gut metagenome	Solexa-95411	AMPLICON	PAIRED	Illumina MiSeq	25611	8963850	human gut metagenome
SRR1947184	SAMN03452032	PRJNA269954.N00294	Generic sample from human gut metagenome	Solexa-95529	AMPLICON	PAIRED	Illumina MiSeq	14654	5128900	human gut metagenome
SRR1947187	SAMN03451946	PRJNA269954.N00373	Generic sample from human gut metagenome	Solexa-95476	AMPLICON	PAIRED	Illumina MiSeq	10926	3824100	human gut metagenome
SRR1947188	SAMN03397868	PRJNA269954.N00219	Generic sample from human gut metagenome	Solexa-95380	AMPLICON	PAIRED	Illumina MiSeq	1248	436800	human gut metagenome
SRR1947189	SAMN03451990	PRJNA269954.N00339	Generic sample from human gut metagenome	Solexa-95470	AMPLICON	PAIRED	Illumina MiSeq	3406	1192100	human gut metagenome
SRR1948115	SAMN03454271	PRJNA269954.N00144	Generic sample from human gut metagenome	Solexa-95191	AMPLICON	PAIRED	Illumina MiSeq	37799	13229650	human gut metagenome
SRR1948131	SAMN03454283	PRJNA269954.N00105	Generic sample from human gut metagenome	Solexa-95213	AMPLICON	PAIRED	Illumina MiSeq	14951	5232850	human gut metagenome
SRR1948157	SAMN03454308	PRJNA269954.N00113	Generic sample from human gut metagenome	Solexa-95218	AMPLICON	PAIRED	Illumina MiSeq	6151	2152850	human gut metagenome
SRR1948166	SAMN03454279	PRJNA269954.N00169	Generic sample from human gut metagenome	Solexa-95231	AMPLICON	PAIRED	Illumina MiSeq	17317	6060950	human gut metagenome
SRR1951087	SAMN03458515	PRJNA269954.N00058	Generic sample from human gut metagenome	Solexa-95306	AMPLICON	PAIRED	Illumina MiSeq	46795	16378250	human gut metagenome
SRR1951131	SAMN03458497	PRJNA269954.N00041	Generic sample from human gut metagenome	Solexa-95293	AMPLICON	PAIRED	Illumina MiSeq	18353	6423550	human gut metagenome
SRR1951135	SAMN03458501	PRJNA269954.N00040	Generic sample from human gut metagenome	Solexa-95292	AMPLICON	PAIRED	Illumina MiSeq	6577	2301950	human gut metagenome
SRR1951160	SAMN03458516	PRJNA269954.N00018	Generic sample from human gut metagenome	Solexa-95274	AMPLICON	PAIRED	Illumina MiSeq	20742	7259700	human gut metagenome
SRR1951163	SAMN03458517	PRJNA269954.N00036	Generic sample from human gut metagenome	Solexa-95288	AMPLICON	PAIRED	Illumina MiSeq	29089	10181150	human gut metagenome
SRR1951166	SAMN03458521	PRJNA269954.N00069	Generic sample from human gut metagenome	Solexa-95317	AMPLICON	PAIRED	Illumina MiSeq	16577	5801950	human gut metagenome
SRR1951185	SAMN03458531	PRJNA269954.N00094	Generic sample from human gut metagenome	Solexa-95341	AMPLICON	PAIRED	Illumina MiSeq	36180	12663000	human gut metagenome
SRR1951189	SAMN03458534	PRJNA269954.N00033	Generic sample from human gut metagenome	Solexa-95286	AMPLICON	PAIRED	Illumina MiSeq	19356	6774600	human gut metagenome
SRR1951193	SAMN03458537	PRJNA269954.N00189	Generic sample from human gut metagenome	Solexa-95186	AMPLICON	PAIRED	Illumina MiSeq	18272	6395200	human gut metagenome
SRR1951194	SAMN03458539	PRJNA269954.N00053	Generic sample from human gut metagenome	Solexa-95303	AMPLICON	PAIRED	Illumina MiSeq	21528	7534800	human gut metagenome
SRR1951201	SAMN03458546	PRJNA269954.N00079	Generic sample from human gut metagenome	Solexa-95327	AMPLICON	PAIRED	Illumina MiSeq	10247	3586450	human gut metagenome
SRR1951204	SAMN03458548	PRJNA269954.N00019	Generic sample from human gut metagenome	Solexa-95275	AMPLICON	PAIRED	Illumina MiSeq	7327	2564450	human gut metagenome
SRR1951207	SAMN03458551	PRJNA269954.N00056	Generic sample from human gut metagenome	Solexa-95304	AMPLICON	PAIRED	Illumina MiSeq	35192	12317200	human gut metagenome
SRR1873598	SAMN03396793	PRJNA269954.N00586	Generic sample from human gut metagenome	Solexa-96403	AMPLICON	PAIRED	Illumina MiSeq	2631	920850	human gut metagenome
SRR1873604	SAMN03396798	PRJNA269954.N00666	Generic sample from human gut metagenome	Solexa-96407	AMPLICON	PAIRED	Illumina MiSeq	16775	5871250	human gut metagenome
SRR1873617	SAMN03396815	PRJNA269954.N00709	Generic sample from human gut metagenome	Solexa-96465	AMPLICON	PAIRED	Illumina MiSeq	1664	582400	human gut metagenome
SRR1873622	SAMN03396823	PRJNA269954.N00827	Generic sample from human gut metagenome	Solexa-96506	AMPLICON	PAIRED	Illumina MiSeq	7593	2657550	human gut metagenome
SRR1873625	SAMN03396825	PRJNA269954.N00779	Generic sample from human gut metagenome	Solexa-96481	AMPLICON	PAIRED	Illumina MiSeq	39426	13799100	human gut metagenome
SRR1873636	SAMN03396836	PRJNA269954.N00631	Generic sample from human gut metagenome	Solexa-96440	AMPLICON	PAIRED	Illumina MiSeq	3975	1391250	human gut metagenome
SRR1873639	SAMN03396840	PRJNA269954.N00580	Generic sample from human gut metagenome	Solexa-96377	AMPLICON	PAIRED	Illumina MiSeq	19130	6695500	human gut metagenome
SRR1873643	SAMN03396849	PRJNA269954.N00850	Generic sample from human gut metagenome	Solexa-96518	AMPLICON	PAIRED	Illumina MiSeq	1937	677950	human gut metagenome
SRR1873647	SAMN03396847	PRJNA269954.N00658	Generic sample from human gut metagenome	Solexa-96411	AMPLICON	PAIRED	Illumina MiSeq	16835	5892250	human gut metagenome
SRR1873652	SAMN03396858	PRJNA269954.N00636	Generic sample from human gut metagenome	Solexa-96408	AMPLICON	PAIRED	Illumina MiSeq	7774	2720900	human gut metagenome
SRR1873676	SAMN03396868	PRJNA269954.N00790	Generic sample from human gut metagenome	Solexa-96487	AMPLICON	PAIRED	Illumina MiSeq	8743	3060050	human gut metagenome
SRR1873691	SAMN03396883	PRJNA269954.N00570	Generic sample from human gut metagenome	Solexa-96376	AMPLICON	PAIRED	Illumina MiSeq	5141	1799350	human gut metagenome
SRR1873697	SAMN03396899	PRJNA269954.N00831	Generic sample from human gut metagenome	Solexa-96509	AMPLICON	PAIRED	Illumina MiSeq	10415	3645250	human gut metagenome
SRR1873702	SAMN03396902	PRJNA269954.N00722	Generic sample from human gut metagenome	Solexa-96473	AMPLICON	PAIRED	Illumina MiSeq	10871	3804850	human gut metagenome
SRR1873711	SAMN03396908	PRJNA269954.N00807	Generic sample from human gut metagenome	Solexa-96496	AMPLICON	PAIRED	Illumina MiSeq	33421	11697350	human gut metagenome
SRR1873720	SAMN03396889	PRJNA269954.N00770	Generic sample from human gut metagenome	Solexa-96477	AMPLICON	PAIRED	Illumina MiSeq	10209	3573150	human gut metagenome
SRR1908860	SAMN03397828	PRJNA269954.N00325	Generic sample from human gut metagenome	Solexa-110882	AMPLICON	PAIRED	Illumina MiSeq	28094	9832900	human gut metagenome
SRR1908866	SAMN03397838	PRJNA269954.N00438	Generic sample from human gut metagenome	Solexa-110857	AMPLICON	PAIRED	Illumina MiSeq	17163	6007050	human gut metagenome
SRR1908869	SAMN03397843	PRJNA269954.N00054	Generic sample from human gut metagenome	Solexa-110822	AMPLICON	PAIRED	Illumina MiSeq	27689	9691150	human gut metagenome
SRR1908871	SAMN03397844	PRJNA269954.N00157	Generic sample from human gut metagenome	Solexa-110841	AMPLICON	PAIRED	Illumina MiSeq	6432	2251200	human gut metagenome
SRR1908875	SAMN03397851	PRJNA269954.N00038	Generic sample from human gut metagenome	Solexa-110819	AMPLICON	PAIRED	Illumina MiSeq	26292	9202200	human gut metagenome
SRR1908883	SAMN03397854	PRJNA269954.N00854	Generic sample from human gut metagenome	Solexa-110813	AMPLICON	PAIRED	Illumina MiSeq	17513	6129550	human gut metagenome
SRR1908890	SAMN03397869	PRJNA269954.N00194	Generic sample from human gut metagenome	Solexa-110838	AMPLICON	PAIRED	Illumina MiSeq	22251	7787850	human gut metagenome
SRR1908891	SAMN03397833	PRJNA269954.N00481	Generic sample from human gut metagenome	Solexa-110860	AMPLICON	PAIRED	Illumina MiSeq	21627	7569450	human gut metagenome
SRR1908892	SAMN03397867	PRJNA269954.N00280	Generic sample from human gut metagenome	Solexa-110872	AMPLICON	PAIRED	Illumina MiSeq	23564	8247400	human gut metagenome
SRR1908896	SAMN03397872	PRJNA269954.N00186	Generic sample from human gut metagenome	Solexa-110837	AMPLICON	PAIRED	Illumina MiSeq	17941	6279350	human gut metagenome
SRR1908899	SAMN03397874	PRJNA269954.N00237	Generic sample from human gut metagenome	Solexa-110868	AMPLICON	PAIRED	Illumina MiSeq	6583	2304050	human gut metagenome
SRR1908902	SAMN03397876	PRJNA269954.N00205	Generic sample from human gut metagenome	Solexa-110845	AMPLICON	PAIRED	Illumina MiSeq	15213	5324550	human gut metagenome
SRR1908907	SAMN03397877	PRJNA269954.N00489	Generic sample from human gut metagenome	Solexa-110861	AMPLICON	PAIRED	Illumina MiSeq	25338	8868300	human gut metagenome
SRR1908908	SAMN03397884	PRJNA269954.N00382	Generic sample from human gut metagenome	Solexa-110889	AMPLICON	PAIRED	Illumina MiSeq	24667	8633450	human gut metagenome
SRR1908928	SAMN03397893	PRJNA269954.N00439	Generic sample from human gut metagenome	Solexa-95728	AMPLICON	PAIRED	Illumina MiSeq	26183	9164050	human gut metagenome
SRR1908932	SAMN03397896	PRJNA269954.N00495	Generic sample from human gut metagenome	Solexa-95779	AMPLICON	PAIRED	Illumina MiSeq	17254	6038900	human gut metagenome
SRR1909080	SAMN03397855	PRJNA269954.N00370	Generic sample from human gut metagenome	Solexa-110886	AMPLICON	PAIRED	Illumina MiSeq	27794	9727900	human gut metagenome
SRR1909081	SAMN03397857	PRJNA269954.N00365	Generic sample from human gut metagenome	Solexa-110885	AMPLICON	PAIRED	Illumina MiSeq	16171	5659850	human gut metagenome
SRR1909084	SAMN03397862	PRJNA269954.N00410	Generic sample from human gut metagenome	Solexa-110853	AMPLICON	PAIRED	Illumina MiSeq	8010	2803500	human gut metagenome
SRR1909112	SAMN03397878	PRJNA269954.N00207	Generic sample from human gut metagenome	Solexa-110846	AMPLICON	PAIRED	Illumina MiSeq	19156	6704600	human gut metagenome
SRR1909217	SAMN03398632	PRJNA269954.N00459	Generic sample from human gut metagenome	Solexa-95747	AMPLICON	PAIRED	Illumina MiSeq	30402	10640700	human gut metagenome
SRR1909219	SAMN03398649	PRJNA269954.N00426	Generic sample from human gut metagenome	Solexa-95716	AMPLICON	PAIRED	Illumina MiSeq	35250	12337500	human gut metagenome
SRR1909231	SAMN03398663	PRJNA269954.N00561	Generic sample from human gut metagenome	Solexa-95815	AMPLICON	PAIRED	Illumina MiSeq	35573	12450550	human gut metagenome
SRR1909243	SAMN03398679	PRJNA269954.N00521	Generic sample from human gut metagenome	Solexa-95838	AMPLICON	PAIRED	Illumina MiSeq	20141	7049350	human gut metagenome
SRR1909249	SAMN03398685	PRJNA269954.N00533	Generic sample from human gut metagenome	Solexa-95819	AMPLICON	PAIRED	Illumina MiSeq	49060	17171000	human gut metagenome
SRR1909255	SAMN03398677	PRJNA269954.N00453	Generic sample from human gut metagenome	Solexa-95742	AMPLICON	PAIRED	Illumina MiSeq	16866	5903100	human gut metagenome
SRR1909256	SAMN03398711	PRJNA269954.N00571	Generic sample from human gut metagenome	Solexa-96374	AMPLICON	PAIRED	Illumina MiSeq	6620	2317000	human gut metagenome
SRR1909265	SAMN03398699	PRJNA269954.N00512	Generic sample from human gut metagenome	Solexa-95832	AMPLICON	PAIRED	Illumina MiSeq	28465	9962750	human gut metagenome
SRR1909286	SAMN03398717	PRJNA269954.N00537	Generic sample from human gut metagenome	Solexa-95818	AMPLICON	PAIRED	Illumina MiSeq	72899	25514650	human gut metagenome
SRR1909295	SAMN03398742	PRJNA269954.N00498	Generic sample from human gut metagenome	Solexa-95782	AMPLICON	PAIRED	Illumina MiSeq	17020	5957000	human gut metagenome
SRR1909297	SAMN03398743	PRJNA269954.N00441	Generic sample from human gut metagenome	Solexa-95730	AMPLICON	PAIRED	Illumina MiSeq	33068	11573800	human gut metagenome
SRR1909298	SAMN03398764	PRJNA269954.N00454	Generic sample from human gut metagenome	Solexa-95743	AMPLICON	PAIRED	Illumina MiSeq	17993	6297550	human gut metagenome
SRR1909315	SAMN03398775	PRJNA269954.N00550	Generic sample from human gut metagenome	Solexa-95808	AMPLICON	PAIRED	Illumina MiSeq	31831	11140850	human gut metagenome
SRR1909324	SAMN03398779	PRJNA269954.N00445	Generic sample from human gut metagenome	Solexa-95734	AMPLICON	PAIRED	Illumina MiSeq	26121	9142350	human gut metagenome
SRR1909341	SAMN03398793	PRJNA269954.N00525	Generic sample from human gut metagenome	Solexa-95806	AMPLICON	PAIRED	Illumina MiSeq	28929	10125150	human gut metagenome
SRR1909350	SAMN03398815	PRJNA269954.N00417	Generic sample from human gut metagenome	Solexa-95707	AMPLICON	PAIRED	Illumina MiSeq	4478	1567300	human gut metagenome
SRR1909353	SAMN03398820	PRJNA269954.N00465	Generic sample from human gut metagenome	Solexa-95752	AMPLICON	PAIRED	Illumina MiSeq	13806	4832100	human gut metagenome
SRR1909371	SAMN03398805	PRJNA269954.N00492	Generic sample from human gut metagenome	Solexa-95776	AMPLICON	PAIRED	Illumina MiSeq	38100	13335000	human gut metagenome
SRR1909380	SAMN03398816	PRJNA269954.N00824	Generic sample from human gut metagenome	Solexa-96505	AMPLICON	PAIRED	Illumina MiSeq	15820	5537000	human gut metagenome
SRR1909381	SAMN03398846	PRJNA269954.N00428	Generic sample from human gut metagenome	Solexa-95718	AMPLICON	PAIRED	Illumina MiSeq	50178	17562300	human gut metagenome
SRR1909393	SAMN03398808	PRJNA269954.N00568	Generic sample from human gut metagenome	Solexa-95839	AMPLICON	PAIRED	Illumina MiSeq	17708	6197800	human gut metagenome
SRR1909424	SAMN03398833	PRJNA269954.N00456	Generic sample from human gut metagenome	Solexa-95745	AMPLICON	PAIRED	Illumina MiSeq	32591	11406850	human gut metagenome
SRR1909431	SAMN03398840	PRJNA269954.N00461	Generic sample from human gut metagenome	Solexa-95749	AMPLICON	PAIRED	Illumina MiSeq	20038	7013300	human gut metagenome
SRR1909443	SAMN03398881	PRJNA269954.N00467	Generic sample from human gut metagenome	Solexa-95753	AMPLICON	PAIRED	Illumina MiSeq	23377	8181950	human gut metagenome
SRR1909447	SAMN03398893	PRJNA269954.N00493	Generic sample from human gut metagenome	Solexa-95777	AMPLICON	PAIRED	Illumina MiSeq	9308	3257800	human gut metagenome
SRR1909449	SAMN03398886	PRJNA269954.N00503	Generic sample from human gut metagenome	Solexa-95786	AMPLICON	PAIRED	Illumina MiSeq	15120	5292000	human gut metagenome
SRR1909450	SAMN03398888	PRJNA269954.N00480	Generic sample from human gut metagenome	Solexa-95765	AMPLICON	PAIRED	Illumina MiSeq	22355	7824250	human gut metagenome
SRR1909464	SAMN03398737	PRJNA269954.N00462	Generic sample from human gut metagenome	Solexa-95750	AMPLICON	PAIRED	Illumina MiSeq	19500	6825000	human gut metagenome
SRR1909619	SAMN03397817	PRJNA269954.N00184	Generic sample from human gut metagenome	Solexa-110835	AMPLICON	PAIRED	Illumina MiSeq	9172	3210200	human gut metagenome
SRR1909620	SAMN03399040	PRJNA269954.N00127	Generic sample from human gut metagenome	Solexa-110834	AMPLICON	PAIRED	Illumina MiSeq	4628	1619800	human gut metagenome
SRR1909636	SAMN03397816	PRJNA269954.N00104	Generic sample from human gut metagenome	Solexa-110829	AMPLICON	PAIRED	Illumina MiSeq	22440	7854000	human gut metagenome
SRR1910292	SAMN03400062	PRJNA269954.N00523	Generic sample from human gut metagenome	Solexa-95791	AMPLICON	PAIRED	Illumina MiSeq	4327	1514450	human gut metagenome
SRR1915592	SAMN03396890	PRJNA269954.N00584	Generic sample from human gut metagenome	Solexa-110798	AMPLICON	PAIRED	Illumina MiSeq	21694	7592900	human gut metagenome
SRR1915812	SAMN03397832	PRJNA269954.N00415	Generic sample from human gut metagenome	Solexa-95705	AMPLICON	PAIRED	Illumina MiSeq	3009	1053150	human gut metagenome
SRR1915915	SAMN03396863	PRJNA269954.N00572	Generic sample from human gut metagenome	Solexa-96375	AMPLICON	PAIRED	Illumina MiSeq	1	350	human gut metagenome
SRR1915917	SAMN03396874	PRJNA269954.N00639	Generic sample from human gut metagenome	Solexa-96437	AMPLICON	PAIRED	Illumina MiSeq	4	1400	human gut metagenome
SRR1915919	SAMN03396859	PRJNA269954.N00677	Generic sample from human gut metagenome	Solexa-96464	AMPLICON	PAIRED	Illumina MiSeq	1	350	human gut metagenome
SRR1915920	SAMN03396848	PRJNA269954.N00590	Generic sample from human gut metagenome	Solexa-96432	AMPLICON	PAIRED	Illumina MiSeq	11	3850	human gut metagenome
SRR1915931	SAMN03396825	PRJNA269954.N00779	Generic sample from human gut metagenome	Solexa-96481	AMPLICON	PAIRED	Illumina MiSeq	3	1050	human gut metagenome
SRR1916765	SAMN03398721	PRJNA269954.N00838	Generic sample from human gut metagenome	Solexa-96512	AMPLICON	PAIRED	Illumina MiSeq	1	350	human gut metagenome
SRR1916766	SAMN03398816	PRJNA269954.N00824	Generic sample from human gut metagenome	Solexa-96505	AMPLICON	PAIRED	Illumina MiSeq	2	700	human gut metagenome
SRR1916767	SAMN03398696	PRJNA269954.N00712	Generic sample from human gut metagenome	Solexa-96468	AMPLICON	PAIRED	Illumina MiSeq	3	1050	human gut metagenome
SRR1945092	SAMN03450939	PRJNA269954.N00276	Generic sample from human gut metagenome	Solexa-95429	AMPLICON	PAIRED	Illumina MiSeq	4056	1419600	human gut metagenome
SRR1947045	SAMN03451910	PRJNA269954.N00279	Generic sample from human gut metagenome	Solexa-95432	AMPLICON	PAIRED	Illumina MiSeq	16746	5861100	human gut metagenome
SRR1947049	SAMN03451916	PRJNA269954.N00196	Generic sample from human gut metagenome	Solexa-95362	AMPLICON	PAIRED	Illumina MiSeq	10540	3689000	human gut metagenome
SRR1947051	SAMN03451919	PRJNA269954.N00269	Generic sample from human gut metagenome	Solexa-95423	AMPLICON	PAIRED	Illumina MiSeq	11162	3906700	human gut metagenome
SRR1947053	SAMN03451918	PRJNA269954.N00267	Generic sample from human gut metagenome	Solexa-95421	AMPLICON	PAIRED	Illumina MiSeq	36078	12627300	human gut metagenome
SRR1947063	SAMN03451925	PRJNA269954.N00202	Generic sample from human gut metagenome	Solexa-95368	AMPLICON	PAIRED	Illumina MiSeq	19537	6837950	human gut metagenome
SRR1947072	SAMN03451933	PRJNA269954.N00329	Generic sample from human gut metagenome	Solexa-95488	AMPLICON	PAIRED	Illumina MiSeq	13085	4579750	human gut metagenome
SRR1947075	SAMN03451935	PRJNA269954.N00368	Generic sample from human gut metagenome	Solexa-95513	AMPLICON	PAIRED	Illumina MiSeq	15224	5328400	human gut metagenome
SRR1947076	SAMN03451937	PRJNA269954.N00380	Generic sample from human gut metagenome	Solexa-95512	AMPLICON	PAIRED	Illumina MiSeq	7266	2543100	human gut metagenome
SRR1947096	SAMN03451988	PRJNA269954.N00255	Generic sample from human gut metagenome	Solexa-95409	AMPLICON	PAIRED	Illumina MiSeq	8831	3090850	human gut metagenome
SRR1947097	SAMN03451986	PRJNA269954.N00331	Generic sample from human gut metagenome	Solexa-95507	AMPLICON	PAIRED	Illumina MiSeq	6981	2443350	human gut metagenome
SRR1947106	SAMN03451969	PRJNA269954.N00222	Generic sample from human gut metagenome	Solexa-95382	AMPLICON	PAIRED	Illumina MiSeq	7243	2535050	human gut metagenome
SRR1947111	SAMN03451974	PRJNA269954.N00372	Generic sample from human gut metagenome	Solexa-95463	AMPLICON	PAIRED	Illumina MiSeq	5223	1828050	human gut metagenome
SRR1947115	SAMN03451978	PRJNA269954.N00288	Generic sample from human gut metagenome	Solexa-95441	AMPLICON	PAIRED	Illumina MiSeq	47373	16580550	human gut metagenome
SRR1947118	SAMN03451983	PRJNA269954.N00226	Generic sample from human gut metagenome	Solexa-95386	AMPLICON	PAIRED	Illumina MiSeq	11921	4172350	human gut metagenome
SRR1947120	SAMN03451982	PRJNA269954.N00273	Generic sample from human gut metagenome	Solexa-95427	AMPLICON	PAIRED	Illumina MiSeq	5963	2087050	human gut metagenome
SRR1947122	SAMN03451961	PRJNA269954.N00211	Generic sample from human gut metagenome	Solexa-95373	AMPLICON	PAIRED	Illumina MiSeq	11844	4145400	human gut metagenome
SRR1947124	SAMN03451962	PRJNA269954.N00291	Generic sample from human gut metagenome	Solexa-95443	AMPLICON	PAIRED	Illumina MiSeq	18813	6584550	human gut metagenome
SRR1947126	SAMN03451993	PRJNA269954.N00337	Generic sample from human gut metagenome	Solexa-95486	AMPLICON	PAIRED	Illumina MiSeq	13043	4565050	human gut metagenome
SRR1947128	SAMN03451991	PRJNA269954.N00320	Generic sample from human gut metagenome	Solexa-95506	AMPLICON	PAIRED	Illumina MiSeq	18797	6578950	human gut metagenome
SRR1947131	SAMN03451996	PRJNA269954.N00299	Generic sample from human gut metagenome	Solexa-95521	AMPLICON	PAIRED	Illumina MiSeq	16475	5766250	human gut metagenome
SRR1947132	SAMN03452000	PRJNA269954.N00306	Generic sample from human gut metagenome	Solexa-95523	AMPLICON	PAIRED	Illumina MiSeq	26343	9220050	human gut metagenome
SRR1947134	SAMN03451997	PRJNA269954.N00317	Generic sample from human gut metagenome	Solexa-95480	AMPLICON	PAIRED	Illumina MiSeq	8639	3023650	human gut metagenome
SRR1947137	SAMN03451999	PRJNA269954.N00286	Generic sample from human gut metagenome	Solexa-95439	AMPLICON	PAIRED	Illumina MiSeq	9433	3301550	human gut metagenome
SRR1947138	SAMN03452004	PRJNA269954.N00322	Generic sample from human gut metagenome	Solexa-95449	AMPLICON	PAIRED	Illumina MiSeq	35193	12317550	human gut metagenome
SRR1947145	SAMN03452034	PRJNA269954.N00343	Generic sample from human gut metagenome	Solexa-95522	AMPLICON	PAIRED	Illumina MiSeq	3317	1160950	human gut metagenome
SRR1947153	SAMN03452012	PRJNA269954.N00358	Generic sample from human gut metagenome	Solexa-95451	AMPLICON	PAIRED	Illumina MiSeq	36539	12788650	human gut metagenome
SRR1947155	SAMN03452015	PRJNA269954.N00310	Generic sample from human gut metagenome	Solexa-95483	AMPLICON	PAIRED	Illumina MiSeq	16128	5644800	human gut metagenome
SRR1947157	SAMN03452016	PRJNA269954.N00324	Generic sample from human gut metagenome	Solexa-95473	AMPLICON	PAIRED	Illumina MiSeq	11368	3978800	human gut metagenome
SRR1947158	SAMN03452017	PRJNA269954.N00332	Generic sample from human gut metagenome	Solexa-95489	AMPLICON	PAIRED	Illumina MiSeq	16100	5635000	human gut metagenome
SRR1947159	SAMN03452019	PRJNA269954.N00356	Generic sample from human gut metagenome	Solexa-95474	AMPLICON	PAIRED	Illumina MiSeq	15016	5255600	human gut metagenome
SRR1947162	SAMN03452021	PRJNA269954.N00313	Generic sample from human gut metagenome	Solexa-95494	AMPLICON	PAIRED	Illumina MiSeq	5024	1758400	human gut metagenome
SRR1947167	SAMN03452026	PRJNA269954.N00375	Generic sample from human gut metagenome	Solexa-95445	AMPLICON	PAIRED	Illumina MiSeq	19210	6723500	human gut metagenome
SRR1947169	SAMN03452028	PRJNA269954.N00259	Generic sample from human gut metagenome	Solexa-95413	AMPLICON	PAIRED	Illumina MiSeq	6676	2336600	human gut metagenome
SRR1947173	SAMN03452033	PRJNA269954.N00234	Generic sample from human gut metagenome	Solexa-95394	AMPLICON	PAIRED	Illumina MiSeq	8711	3048850	human gut metagenome
SRR1947177	SAMN03452044	PRJNA269954.N00287	Generic sample from human gut metagenome	Solexa-95440	AMPLICON	PAIRED	Illumina MiSeq	28599	10009650	human gut metagenome
SRR1947181	SAMN03452043	PRJNA269954.N00376	Generic sample from human gut metagenome	Solexa-95444	AMPLICON	PAIRED	Illumina MiSeq	8589	3006150	human gut metagenome
SRR1947182	SAMN03452047	PRJNA269954.N00243	Generic sample from human gut metagenome	Solexa-95400	AMPLICON	PAIRED	Illumina MiSeq	11352	3973200	human gut metagenome
SRR1947186	SAMN03451948	PRJNA269954.N00285	Generic sample from human gut metagenome	Solexa-95438	AMPLICON	PAIRED	Illumina MiSeq	28103	9836050	human gut metagenome
SRR1948108	SAMN03454264	PRJNA269954.N00132	Generic sample from human gut metagenome	Solexa-95185	AMPLICON	PAIRED	Illumina MiSeq	25274	8845900	human gut metagenome
SRR1948111	SAMN03454266	PRJNA269954.N00159	Generic sample from human gut metagenome	Solexa-95219	AMPLICON	PAIRED	Illumina MiSeq	17441	6104350	human gut metagenome
SRR1948112	SAMN03454267	PRJNA269954.N00175	Generic sample from human gut metagenome	Solexa-95195	AMPLICON	PAIRED	Illumina MiSeq	14378	5032300	human gut metagenome
SRR1948114	SAMN03454269	PRJNA269954.N00117	Generic sample from human gut metagenome	Solexa-95232	AMPLICON	PAIRED	Illumina MiSeq	11661	4081350	human gut metagenome
SRR1948117	SAMN03454273	PRJNA269954.N00150	Generic sample from human gut metagenome	Solexa-95206	AMPLICON	PAIRED	Illumina MiSeq	6749	2362150	human gut metagenome
SRR1948119	SAMN03454276	PRJNA269954.N00134	Generic sample from human gut metagenome	Solexa-95243	AMPLICON	PAIRED	Illumina MiSeq	6379	2232650	human gut metagenome
SRR1948134	SAMN03454286	PRJNA269954.N00166	Generic sample from human gut metagenome	Solexa-95258	AMPLICON	PAIRED	Illumina MiSeq	17095	5983250	human gut metagenome
SRR1948135	SAMN03454285	PRJNA269954.N00123	Generic sample from human gut metagenome	Solexa-95247	AMPLICON	PAIRED	Illumina MiSeq	19270	6744500	human gut metagenome
SRR1948140	SAMN03454291	PRJNA269954.N00164	Generic sample from human gut metagenome	Solexa-95190	AMPLICON	PAIRED	Illumina MiSeq	13559	4745650	human gut metagenome
SRR1948145	SAMN03454296	PRJNA269954.N00163	Generic sample from human gut metagenome	Solexa-95194	AMPLICON	PAIRED	Illumina MiSeq	11315	3960250	human gut metagenome
SRR1948153	SAMN03454305	PRJNA269954.N00154	Generic sample from human gut metagenome	Solexa-95196	AMPLICON	PAIRED	Illumina MiSeq	5350	1872500	human gut metagenome
SRR1948154	SAMN03454306	PRJNA269954.N00101	Generic sample from human gut metagenome	Solexa-95255	AMPLICON	PAIRED	Illumina MiSeq	17844	6245400	human gut metagenome
SRR1948155	SAMN03454307	PRJNA269954.N00143	Generic sample from human gut metagenome	Solexa-95251	AMPLICON	PAIRED	Illumina MiSeq	17658	6180300	human gut metagenome
SRR1948156	SAMN03454304	PRJNA269954.N00099	Generic sample from human gut metagenome	Solexa-95253	AMPLICON	PAIRED	Illumina MiSeq	17452	6108200	human gut metagenome
SRR1948162	SAMN03454314	PRJNA269954.N00172	Generic sample from human gut metagenome	Solexa-95216	AMPLICON	PAIRED	Illumina MiSeq	5769	2019150	human gut metagenome
SRR1948163	SAMN03454315	PRJNA269954.N00149	Generic sample from human gut metagenome	Solexa-95217	AMPLICON	PAIRED	Illumina MiSeq	20941	7329350	human gut metagenome
SRR1948168	SAMN03454321	PRJNA269954.N00148	Generic sample from human gut metagenome	Solexa-95256	AMPLICON	PAIRED	Illumina MiSeq	6521	2282350	human gut metagenome
SRR1948170	SAMN03454316	PRJNA269954.N00167	Generic sample from human gut metagenome	Solexa-95237	AMPLICON	PAIRED	Illumina MiSeq	51847	18146450	human gut metagenome
SRR1948171	SAMN03454323	PRJNA269954.N00180	Generic sample from human gut metagenome	Solexa-95246	AMPLICON	PAIRED	Illumina MiSeq	28162	9856700	human gut metagenome
SRR1950991	SAMN03458457	PRJNA269954.N00082	Generic sample from human gut metagenome	Solexa-95330	AMPLICON	PAIRED	Illumina MiSeq	28332	9916200	human gut metagenome
SRR1950992	SAMN03458458	PRJNA269954.N00067	Generic sample from human gut metagenome	Solexa-95315	AMPLICON	PAIRED	Illumina MiSeq	19438	6803300	human gut metagenome
SRR1951089	SAMN03458459	PRJNA269954.N00090	Generic sample from human gut metagenome	Solexa-95337	AMPLICON	PAIRED	Illumina MiSeq	14804	5181400	human gut metagenome
SRR1951092	SAMN03458513	PRJNA269954.N00008	Generic sample from human gut metagenome	Solexa-95267	AMPLICON	PAIRED	Illumina MiSeq	16866	5903100	human gut metagenome
SRR1951100	SAMN03458511	PRJNA269954.N00068	Generic sample from human gut metagenome	Solexa-95316	AMPLICON	PAIRED	Illumina MiSeq	9797	3428950	human gut metagenome
SRR1951132	SAMN03458498	PRJNA269954.N00062	Generic sample from human gut metagenome	Solexa-95310	AMPLICON	PAIRED	Illumina MiSeq	20043	7015050	human gut metagenome
SRR1951169	SAMN03458524	PRJNA269954.N00049	Generic sample from human gut metagenome	Solexa-95299	AMPLICON	PAIRED	Illumina MiSeq	22565	7897750	human gut metagenome
SRR1951170	SAMN03458523	PRJNA269954.N00048	Generic sample from human gut metagenome	Solexa-95298	AMPLICON	PAIRED	Illumina MiSeq	14815	5185250	human gut metagenome
SRR1951172	SAMN03458526	PRJNA269954.N00073	Generic sample from human gut metagenome	Solexa-95321	AMPLICON	PAIRED	Illumina MiSeq	21072	7375200	human gut metagenome
SRR1951195	SAMN03458540	PRJNA269954.N00046	Generic sample from human gut metagenome	Solexa-95296	AMPLICON	PAIRED	Illumina MiSeq	15262	5341700	human gut metagenome
SRR1951196	SAMN03458541	PRJNA269954.N00015	Generic sample from human gut metagenome	Solexa-95271	AMPLICON	PAIRED	Illumina MiSeq	10076	3526600	human gut metagenome
SRR1951198	SAMN03458543	PRJNA269954.N00066	Generic sample from human gut metagenome	Solexa-95314	AMPLICON	PAIRED	Illumina MiSeq	23107	8087450	human gut metagenome
SRR1951205	SAMN03458550	PRJNA269954.N00077	Generic sample from human gut metagenome	Solexa-95325	AMPLICON	PAIRED	Illumina MiSeq	46783	16374050	human gut metagenome
SRR1951206	SAMN03458549	PRJNA269954.N00024	Generic sample from human gut metagenome	Solexa-95280	AMPLICON	PAIRED	Illumina MiSeq	21144	7400400	human gut metagenome
SRR1951208	SAMN03458552	PRJNA269954.N00021	Generic sample from human gut metagenome	Solexa-95277	AMPLICON	PAIRED	Illumina MiSeq	36494	12772900	human gut metagenome
SRR1951211	SAMN03458561	PRJNA269954.N00034	Generic sample from human gut metagenome	Solexa-95287	AMPLICON	PAIRED	Illumina MiSeq	36387	12735450	human gut metagenome
SRR1951285	SAMN03458563	PRJNA269954.N00059	Generic sample from human gut metagenome	Solexa-95307	AMPLICON	PAIRED	Illumina MiSeq	15986	5595100	human gut metagenome
SRR1873605	SAMN03396800	PRJNA269954.N00661	Generic sample from human gut metagenome	Solexa-96419	AMPLICON	PAIRED	Illumina MiSeq	7502	2625700	human gut metagenome
SRR1873611	SAMN03396810	PRJNA269954.N00654	Generic sample from human gut metagenome	Solexa-96393	AMPLICON	PAIRED	Illumina MiSeq	9542	3339700	human gut metagenome
SRR1873612	SAMN03396811	PRJNA269954.N00594	Generic sample from human gut metagenome	Solexa-96454	AMPLICON	PAIRED	Illumina MiSeq	8372	2930200	human gut metagenome
SRR1873613	SAMN03396813	PRJNA269954.N00829	Generic sample from human gut metagenome	Solexa-96508	AMPLICON	PAIRED	Illumina MiSeq	10000	3500000	human gut metagenome
SRR1873618	SAMN03396816	PRJNA269954.N00803	Generic sample from human gut metagenome	Solexa-96494	AMPLICON	PAIRED	Illumina MiSeq	12752	4463200	human gut metagenome
SRR1873619	SAMN03396819	PRJNA269954.N00711	Generic sample from human gut metagenome	Solexa-96467	AMPLICON	PAIRED	Illumina MiSeq	3915	1370250	human gut metagenome
SRR1873620	SAMN03396820	PRJNA269954.N00822	Generic sample from human gut metagenome	Solexa-96504	AMPLICON	PAIRED	Illumina MiSeq	20550	7192500	human gut metagenome
SRR1873621	SAMN03396821	PRJNA269954.N00801	Generic sample from human gut metagenome	Solexa-96493	AMPLICON	PAIRED	Illumina MiSeq	12140	4249000	human gut metagenome
SRR1873626	SAMN03396826	PRJNA269954.N00840	Generic sample from human gut metagenome	Solexa-96513	AMPLICON	PAIRED	Illumina MiSeq	11266	3943100	human gut metagenome
SRR1873630	SAMN03396829	PRJNA269954.N00635	Generic sample from human gut metagenome	Solexa-96413	AMPLICON	PAIRED	Illumina MiSeq	8629	3020150	human gut metagenome
SRR1873655	SAMN03396853	PRJNA269954.N00603	Generic sample from human gut metagenome	Solexa-96448	AMPLICON	PAIRED	Illumina MiSeq	6414	2244900	human gut metagenome
SRR1873664	SAMN03396841	PRJNA269954.N00720	Generic sample from human gut metagenome	Solexa-96472	AMPLICON	PAIRED	Illumina MiSeq	12725	4453750	human gut metagenome
SRR1873668	SAMN03396861	PRJNA269954.N00716	Generic sample from human gut metagenome	Solexa-96471	AMPLICON	PAIRED	Illumina MiSeq	9630	3370500	human gut metagenome
SRR1873672	SAMN03396866	PRJNA269954.N00643	Generic sample from human gut metagenome	Solexa-96438	AMPLICON	PAIRED	Illumina MiSeq	12623	4418050	human gut metagenome
SRR1873678	SAMN03396872	PRJNA269954.N00848	Generic sample from human gut metagenome	Solexa-96517	AMPLICON	PAIRED	Illumina MiSeq	9802	3430700	human gut metagenome
SRR1873680	SAMN03396873	PRJNA269954.N00786	Generic sample from human gut metagenome	Solexa-96485	AMPLICON	PAIRED	Illumina MiSeq	8687	3040450	human gut metagenome
SRR1873685	SAMN03396876	PRJNA269954.N00834	Generic sample from human gut metagenome	Solexa-96510	AMPLICON	PAIRED	Illumina MiSeq	4375	1531250	human gut metagenome
SRR1873686	SAMN03396879	PRJNA269954.N00588	Generic sample from human gut metagenome	Solexa-96425	AMPLICON	PAIRED	Illumina MiSeq	12754	4463900	human gut metagenome
SRR1873690	SAMN03396884	PRJNA269954.N00836	Generic sample from human gut metagenome	Solexa-96511	AMPLICON	PAIRED	Illumina MiSeq	11375	3981250	human gut metagenome
SRR1873694	SAMN03396894	PRJNA269954.N00809	Generic sample from human gut metagenome	Solexa-96497	AMPLICON	PAIRED	Illumina MiSeq	7450	2607500	human gut metagenome
SRR1873698	SAMN03396896	PRJNA269954.N00775	Generic sample from human gut metagenome	Solexa-96479	AMPLICON	PAIRED	Illumina MiSeq	11409	3993150	human gut metagenome
SRR1873703	SAMN03396903	PRJNA269954.N00591	Generic sample from human gut metagenome	Solexa-96410	AMPLICON	PAIRED	Illumina MiSeq	18019	6306650	human gut metagenome
SRR1873705	SAMN03396901	PRJNA269954.N00593	Generic sample from human gut metagenome	Solexa-96395	AMPLICON	PAIRED	Illumina MiSeq	21729	7605150	human gut metagenome
SRR1873710	SAMN03396909	PRJNA269954.N00792	Generic sample from human gut metagenome	Solexa-96489	AMPLICON	PAIRED	Illumina MiSeq	17523	6133050	human gut metagenome
SRR1873712	SAMN03396910	PRJNA269954.N00606	Generic sample from human gut metagenome	Solexa-96414	AMPLICON	PAIRED	Illumina MiSeq	1889	661150	human gut metagenome
SRR1873713	SAMN03396911	PRJNA269954.N00799	Generic sample from human gut metagenome	Solexa-96492	AMPLICON	PAIRED	Illumina MiSeq	16726	5854100	human gut metagenome
SRR1873714	SAMN03396912	PRJNA269954.N00655	Generic sample from human gut metagenome	Solexa-96401	AMPLICON	PAIRED	Illumina MiSeq	19675	6886250	human gut metagenome
SRR1873721	SAMN03396885	PRJNA269954.N00573	Generic sample from human gut metagenome	Solexa-96381	AMPLICON	PAIRED	Illumina MiSeq	5713	1999550	human gut metagenome
SRR1908853	SAMN03397822	PRJNA269954.N00095	Generic sample from human gut metagenome	Solexa-110827	AMPLICON	PAIRED	Illumina MiSeq	17826	6239100	human gut metagenome
SRR1908862	SAMN03397829	PRJNA269954.N00110	Generic sample from human gut metagenome	Solexa-110831	AMPLICON	PAIRED	Illumina MiSeq	14288	5000800	human gut metagenome
SRR1908873	SAMN03397846	PRJNA269954.N00178	Generic sample from human gut metagenome	Solexa-110843	AMPLICON	PAIRED	Illumina MiSeq	31458	11010300	human gut metagenome
SRR1908874	SAMN03397845	PRJNA269954.N00458	Generic sample from human gut metagenome	Solexa-110859	AMPLICON	PAIRED	Illumina MiSeq	25482	8918700	human gut metagenome
SRR1908877	SAMN03397849	PRJNA269954.N00386	Generic sample from human gut metagenome	Solexa-110879	AMPLICON	PAIRED	Illumina MiSeq	4441	1554350	human gut metagenome
SRR1908888	SAMN03397864	PRJNA269954.N00216	Generic sample from human gut metagenome	Solexa-110850	AMPLICON	PAIRED	Illumina MiSeq	19818	6936300	human gut metagenome
SRR1908889	SAMN03397835	PRJNA269954.N00026	Generic sample from human gut metagenome	Solexa-110817	AMPLICON	PAIRED	Illumina MiSeq	30282	10598700	human gut metagenome
SRR1908893	SAMN03397868	PRJNA269954.N00219	Generic sample from human gut metagenome	Solexa-110852	AMPLICON	PAIRED	Illumina MiSeq	14631	5120850	human gut metagenome
SRR1908898	SAMN03397875	PRJNA269954.N00289	Generic sample from human gut metagenome	Solexa-110878	AMPLICON	PAIRED	Illumina MiSeq	26336	9217600	human gut metagenome
SRR1908909	SAMN03397886	PRJNA269954.N00652	Generic sample from human gut metagenome	Solexa-110806	AMPLICON	PAIRED	Illumina MiSeq	1172	410200	human gut metagenome
SRR1908912	SAMN03397889	PRJNA269954.N00457	Generic sample from human gut metagenome	Solexa-110858	AMPLICON	PAIRED	Illumina MiSeq	20874	7305900	human gut metagenome
SRR1908930	SAMN03397897	PRJNA269954.N00487	Generic sample from human gut metagenome	Solexa-95771	AMPLICON	PAIRED	Illumina MiSeq	21720	7602000	human gut metagenome
SRR1909117	SAMN03397899	PRJNA269954.N00404	Generic sample from human gut metagenome	Solexa-95715	AMPLICON	PAIRED	Illumina MiSeq	19302	6755700	human gut metagenome
SRR1909182	SAMN03398614	PRJNA269954.N00447	Generic sample from human gut metagenome	Solexa-95736	AMPLICON	PAIRED	Illumina MiSeq	25392	8887200	human gut metagenome
SRR1909191	SAMN03398623	PRJNA269954.N00444	Generic sample from human gut metagenome	Solexa-95733	AMPLICON	PAIRED	Illumina MiSeq	8661	3031350	human gut metagenome
SRR1909192	SAMN03398622	PRJNA269954.N00539	Generic sample from human gut metagenome	Solexa-95817	AMPLICON	PAIRED	Illumina MiSeq	13850	4847500	human gut metagenome
SRR1909214	SAMN03398643	PRJNA269954.N00566	Generic sample from human gut metagenome	Solexa-95816	AMPLICON	PAIRED	Illumina MiSeq	73159	25605650	human gut metagenome
SRR1909224	SAMN03398656	PRJNA269954.N00508	Generic sample from human gut metagenome	Solexa-95837	AMPLICON	PAIRED	Illumina MiSeq	28542	9989700	human gut metagenome
SRR1909234	SAMN03398667	PRJNA269954.N00452	Generic sample from human gut metagenome	Solexa-95741	AMPLICON	PAIRED	Illumina MiSeq	26789	9376150	human gut metagenome
SRR1909252	SAMN03398674	PRJNA269954.N00541	Generic sample from human gut metagenome	Solexa-95822	AMPLICON	PAIRED	Illumina MiSeq	46751	16362850	human gut metagenome
SRR1909259	SAMN03398712	PRJNA269954.N00516	Generic sample from human gut metagenome	Solexa-95801	AMPLICON	PAIRED	Illumina MiSeq	12286	4300100	human gut metagenome
SRR1909275	SAMN03398707	PRJNA269954.N00436	Generic sample from human gut metagenome	Solexa-95726	AMPLICON	PAIRED	Illumina MiSeq	31908	11167800	human gut metagenome
SRR1909290	SAMN03398716	PRJNA269954.N00501	Generic sample from human gut metagenome	Solexa-95784	AMPLICON	PAIRED	Illumina MiSeq	37385	13084750	human gut metagenome
SRR1909296	SAMN03398741	PRJNA269954.N00449	Generic sample from human gut metagenome	Solexa-95738	AMPLICON	PAIRED	Illumina MiSeq	27285	9549750	human gut metagenome
SRR1909302	SAMN03398759	PRJNA269954.N00634	Generic sample from human gut metagenome	Solexa-96389	AMPLICON	PAIRED	Illumina MiSeq	30596	10708600	human gut metagenome
SRR1909310	SAMN03398769	PRJNA269954.N00471	Generic sample from human gut metagenome	Solexa-95756	AMPLICON	PAIRED	Illumina MiSeq	12137	4247950	human gut metagenome
SRR1909318	SAMN03398773	PRJNA269954.N00408	Generic sample from human gut metagenome	Solexa-95701	AMPLICON	PAIRED	Illumina MiSeq	4050	1417500	human gut metagenome
SRR1909326	SAMN03398781	PRJNA269954.N00507	Generic sample from human gut metagenome	Solexa-95841	AMPLICON	PAIRED	Illumina MiSeq	20218	7076300	human gut metagenome
SRR1909362	SAMN03398750	PRJNA269954.N00524	Generic sample from human gut metagenome	Solexa-95826	AMPLICON	PAIRED	Illumina MiSeq	38837	13592950	human gut metagenome
SRR1909382	SAMN03398845	PRJNA269954.N00519	Generic sample from human gut metagenome	Solexa-95823	AMPLICON	PAIRED	Illumina MiSeq	11555	4044250	human gut metagenome
SRR1909428	SAMN03398838	PRJNA269954.N00545	Generic sample from human gut metagenome	Solexa-95813	AMPLICON	PAIRED	Illumina MiSeq	72235	25282250	human gut metagenome
SRR1909460	SAMN03398736	PRJNA269954.N00546	Generic sample from human gut metagenome	Solexa-95825	AMPLICON	PAIRED	Illumina MiSeq	25945	9080750	human gut metagenome
SRR1910393	SAMN03400137	PRJNA269954.N00526	Generic sample from human gut metagenome	Solexa-95834	AMPLICON	PAIRED	Illumina MiSeq	23634	8271900	human gut metagenome
SRR1915696	SAMN03397791	PRJNA269954.N00773	Generic sample from human gut metagenome	Solexa-96478	AMPLICON	PAIRED	Illumina MiSeq	2989	1046150	human gut metagenome
SRR1915814	SAMN03397845	PRJNA269954.N00458	Generic sample from human gut metagenome	Solexa-95746	AMPLICON	PAIRED	Illumina MiSeq	2742	959700	human gut metagenome
SRR1915900	SAMN03396786	PRJNA269954.N00633	Generic sample from human gut metagenome	Solexa-96415	AMPLICON	PAIRED	Illumina MiSeq	2	700	human gut metagenome
SRR1915901	SAMN03396811	PRJNA269954.N00594	Generic sample from human gut metagenome	Solexa-96454	AMPLICON	PAIRED	Illumina MiSeq	1	350	human gut metagenome
SRR1915908	SAMN03396903	PRJNA269954.N00591	Generic sample from human gut metagenome	Solexa-96410	AMPLICON	PAIRED	Illumina MiSeq	1	350	human gut metagenome
SRR1915909	SAMN03396917	PRJNA269954.N00579	Generic sample from human gut metagenome	Solexa-96379	AMPLICON	PAIRED	Illumina MiSeq	1	350	human gut metagenome
SRR1915918	SAMN03396877	PRJNA269954.N00663	Generic sample from human gut metagenome	Solexa-96457	AMPLICON	PAIRED	Illumina MiSeq	6	2100	human gut metagenome
SRR1915923	SAMN03396914	PRJNA269954.N00644	Generic sample from human gut metagenome	Solexa-96384	AMPLICON	PAIRED	Illumina MiSeq	1	350	human gut metagenome
SRR1915924	SAMN03396871	PRJNA269954.N00714	Generic sample from human gut metagenome	Solexa-96470	AMPLICON	PAIRED	Illumina MiSeq	4	1400	human gut metagenome
SRR1915926	SAMN03396816	PRJNA269954.N00803	Generic sample from human gut metagenome	Solexa-96494	AMPLICON	PAIRED	Illumina MiSeq	1	350	human gut metagenome
SRR1915928	SAMN03396833	PRJNA269954.N00575	Generic sample from human gut metagenome	Solexa-96383	AMPLICON	PAIRED	Illumina MiSeq	1	350	human gut metagenome
SRR1915935	SAMN03396868	PRJNA269954.N00790	Generic sample from human gut metagenome	Solexa-96487	AMPLICON	PAIRED	Illumina MiSeq	2	700	human gut metagenome
SRR1915938	SAMN03396818	PRJNA269954.N00788	Generic sample from human gut metagenome	Solexa-96486	AMPLICON	PAIRED	Illumina MiSeq	1	350	human gut metagenome
SRR1918824	SAMN03396844	PRJNA269954.N00651	Generic sample from human gut metagenome	Solexa-110805	AMPLICON	PAIRED	Illumina MiSeq	8463	2962050	human gut metagenome
SRR1946831	SAMN03451611	PRJNA269954.N00145	Generic sample from human gut metagenome	Solexa-95254	AMPLICON	PAIRED	Illumina MiSeq	4514	1579900	human gut metagenome
SRR1947044	SAMN03451911	PRJNA269954.N00277	Generic sample from human gut metagenome	Solexa-95430	AMPLICON	PAIRED	Illumina MiSeq	11270	3944500	human gut metagenome
SRR1947047	SAMN03451913	PRJNA269954.N00198	Generic sample from human gut metagenome	Solexa-95364	AMPLICON	PAIRED	Illumina MiSeq	19318	6761300	human gut metagenome
SRR1947057	SAMN03451923	PRJNA269954.N00265	Generic sample from human gut metagenome	Solexa-95419	AMPLICON	PAIRED	Illumina MiSeq	11864	4152400	human gut metagenome
SRR1947077	SAMN03451938	PRJNA269954.N00383	Generic sample from human gut metagenome	Solexa-95501	AMPLICON	PAIRED	Illumina MiSeq	18262	6391700	human gut metagenome
SRR1947078	SAMN03451939	PRJNA269954.N00371	Generic sample from human gut metagenome	Solexa-95448	AMPLICON	PAIRED	Illumina MiSeq	11750	4112500	human gut metagenome
SRR1947082	SAMN03451942	PRJNA269954.N00244	Generic sample from human gut metagenome	Solexa-95401	AMPLICON	PAIRED	Illumina MiSeq	8211	2873850	human gut metagenome
SRR1947084	SAMN03451949	PRJNA269954.N00334	Generic sample from human gut metagenome	Solexa-95454	AMPLICON	PAIRED	Illumina MiSeq	17672	6185200	human gut metagenome
SRR1947091	SAMN03451953	PRJNA269954.N00318	Generic sample from human gut metagenome	Solexa-95514	AMPLICON	PAIRED	Illumina MiSeq	8581	3003350	human gut metagenome
SRR1947092	SAMN03451954	PRJNA269954.N00392	Generic sample from human gut metagenome	Solexa-95467	AMPLICON	PAIRED	Illumina MiSeq	12491	4371850	human gut metagenome
SRR1947099	SAMN03451987	PRJNA269954.N00261	Generic sample from human gut metagenome	Solexa-95415	AMPLICON	PAIRED	Illumina MiSeq	21832	7641200	human gut metagenome
SRR1947100	SAMN03451963	PRJNA269954.N00305	Generic sample from human gut metagenome	Solexa-95475	AMPLICON	PAIRED	Illumina MiSeq	35601	12460350	human gut metagenome
SRR1947101	SAMN03451985	PRJNA269954.N00241	Generic sample from human gut metagenome	Solexa-95398	AMPLICON	PAIRED	Illumina MiSeq	6914	2419900	human gut metagenome
SRR1947105	SAMN03451968	PRJNA269954.N00367	Generic sample from human gut metagenome	Solexa-95517	AMPLICON	PAIRED	Illumina MiSeq	8289	2901150	human gut metagenome
SRR1947112	SAMN03451976	PRJNA269954.N00369	Generic sample from human gut metagenome	Solexa-95504	AMPLICON	PAIRED	Illumina MiSeq	15828	5539800	human gut metagenome
SRR1947114	SAMN03451977	PRJNA269954.N00390	Generic sample from human gut metagenome	Solexa-95528	AMPLICON	PAIRED	Illumina MiSeq	3974	1390900	human gut metagenome
SRR1947116	SAMN03451979	PRJNA269954.N00311	Generic sample from human gut metagenome	Solexa-95485	AMPLICON	PAIRED	Illumina MiSeq	17310	6058500	human gut metagenome
SRR1947119	SAMN03451981	PRJNA269954.N00282	Generic sample from human gut metagenome	Solexa-95435	AMPLICON	PAIRED	Illumina MiSeq	8050	2817500	human gut metagenome
SRR1947121	SAMN03451959	PRJNA269954.N00249	Generic sample from human gut metagenome	Solexa-95405	AMPLICON	PAIRED	Illumina MiSeq	25994	9097900	human gut metagenome
SRR1947130	SAMN03451994	PRJNA269954.N00314	Generic sample from human gut metagenome	Solexa-95527	AMPLICON	PAIRED	Illumina MiSeq	7359	2575650	human gut metagenome
SRR1947133	SAMN03451998	PRJNA269954.N00326	Generic sample from human gut metagenome	Solexa-95525	AMPLICON	PAIRED	Illumina MiSeq	9062	3171700	human gut metagenome
SRR1947146	SAMN03452038	PRJNA269954.N00230	Generic sample from human gut metagenome	Solexa-95390	AMPLICON	PAIRED	Illumina MiSeq	38860	13601000	human gut metagenome
SRR1947148	SAMN03452007	PRJNA269954.N00252	Generic sample from human gut metagenome	Solexa-95406	AMPLICON	PAIRED	Illumina MiSeq	14609	5113150	human gut metagenome
SRR1947165	SAMN03452024	PRJNA269954.N00336	Generic sample from human gut metagenome	Solexa-95496	AMPLICON	PAIRED	Illumina MiSeq	5257	1839950	human gut metagenome
SRR1947172	SAMN03452031	PRJNA269954.N00366	Generic sample from human gut metagenome	Solexa-95508	AMPLICON	PAIRED	Illumina MiSeq	15150	5302500	human gut metagenome
SRR1947180	SAMN03452045	PRJNA269954.N00275	Generic sample from human gut metagenome	Solexa-95428	AMPLICON	PAIRED	Illumina MiSeq	6582	2303700	human gut metagenome
SRR1948107	SAMN03454263	PRJNA269954.N00130	Generic sample from human gut metagenome	Solexa-95210	AMPLICON	PAIRED	Illumina MiSeq	16123	5643050	human gut metagenome
SRR1948118	SAMN03454275	PRJNA269954.N00115	Generic sample from human gut metagenome	Solexa-95235	AMPLICON	PAIRED	Illumina MiSeq	35992	12597200	human gut metagenome
SRR1948120	SAMN03454274	PRJNA269954.N00176	Generic sample from human gut metagenome	Solexa-95193	AMPLICON	PAIRED	Illumina MiSeq	15734	5506900	human gut metagenome
SRR1948122	SAMN03454278	PRJNA269954.N00121	Generic sample from human gut metagenome	Solexa-95198	AMPLICON	PAIRED	Illumina MiSeq	22967	8038450	human gut metagenome
SRR1948132	SAMN03454284	PRJNA269954.N00100	Generic sample from human gut metagenome	Solexa-95215	AMPLICON	PAIRED	Illumina MiSeq	39641	13874350	human gut metagenome
SRR1948133	SAMN03454287	PRJNA269954.N00131	Generic sample from human gut metagenome	Solexa-95238	AMPLICON	PAIRED	Illumina MiSeq	36677	12836950	human gut metagenome
SRR1948143	SAMN03454294	PRJNA269954.N00177	Generic sample from human gut metagenome	Solexa-95199	AMPLICON	PAIRED	Illumina MiSeq	7708	2697800	human gut metagenome
SRR1948144	SAMN03454295	PRJNA269954.N00137	Generic sample from human gut metagenome	Solexa-95222	AMPLICON	PAIRED	Illumina MiSeq	15523	5433050	human gut metagenome
SRR1948146	SAMN03454297	PRJNA269954.N00118	Generic sample from human gut metagenome	Solexa-95233	AMPLICON	PAIRED	Illumina MiSeq	19935	6977250	human gut metagenome
SRR1948147	SAMN03454298	PRJNA269954.N00173	Generic sample from human gut metagenome	Solexa-95209	AMPLICON	PAIRED	Illumina MiSeq	13605	4761750	human gut metagenome
SRR1948165	SAMN03454322	PRJNA269954.N00147	Generic sample from human gut metagenome	Solexa-95229	AMPLICON	PAIRED	Illumina MiSeq	15910	5568500	human gut metagenome
SRR1950988	SAMN03458454	PRJNA269954.N00029	Generic sample from human gut metagenome	Solexa-95283	AMPLICON	PAIRED	Illumina MiSeq	25189	8816150	human gut metagenome
SRR1950989	SAMN03458455	PRJNA269954.N00086	Generic sample from human gut metagenome	Solexa-95333	AMPLICON	PAIRED	Illumina MiSeq	12808	4482800	human gut metagenome
SRR1950990	SAMN03458456	PRJNA269954.N00064	Generic sample from human gut metagenome	Solexa-95312	AMPLICON	PAIRED	Illumina MiSeq	21433	7501550	human gut metagenome
SRR1951101	SAMN03458496	PRJNA269954.N00030	Generic sample from human gut metagenome	Solexa-95284	AMPLICON	PAIRED	Illumina MiSeq	14934	5226900	human gut metagenome
SRR1951130	SAMN03458514	PRJNA269954.N00037	Generic sample from human gut metagenome	Solexa-95289	AMPLICON	PAIRED	Illumina MiSeq	23830	8340500	human gut metagenome
SRR1951136	SAMN03458502	PRJNA269954.N00074	Generic sample from human gut metagenome	Solexa-95322	AMPLICON	PAIRED	Illumina MiSeq	17693	6192550	human gut metagenome
SRR1951137	SAMN03458503	PRJNA269954.N00081	Generic sample from human gut metagenome	Solexa-95329	AMPLICON	PAIRED	Illumina MiSeq	25740	9009000	human gut metagenome
SRR1951158	SAMN03458507	PRJNA269954.N00060	Generic sample from human gut metagenome	Solexa-95308	AMPLICON	PAIRED	Illumina MiSeq	15249	5337150	human gut metagenome
SRR1951164	SAMN03458520	PRJNA269954.N00091	Generic sample from human gut metagenome	Solexa-95338	AMPLICON	PAIRED	Illumina MiSeq	35021	12257350	human gut metagenome
SRR1951167	SAMN03458522	PRJNA269954.N00002	Generic sample from human gut metagenome	Solexa-95262	AMPLICON	PAIRED	Illumina MiSeq	45078	15777300	human gut metagenome
SRR1951174	SAMN03458527	PRJNA269954.N00097	Generic sample from human gut metagenome	Solexa-95265	AMPLICON	PAIRED	Illumina MiSeq	4453	1558550	human gut metagenome
SRR1951184	SAMN03458530	PRJNA269954.N00191	Generic sample from human gut metagenome	Solexa-95250	AMPLICON	PAIRED	Illumina MiSeq	39576	13851600	human gut metagenome
SRR1951191	SAMN03458535	PRJNA269954.N00093	Generic sample from human gut metagenome	Solexa-95340	AMPLICON	PAIRED	Illumina MiSeq	22062	7721700	human gut metagenome
SRR1951209	SAMN03458559	PRJNA269954.N00092	Generic sample from human gut metagenome	Solexa-95339	AMPLICON	PAIRED	Illumina MiSeq	26592	9307200	human gut metagenome
SRR1873590	SAMN03396786	PRJNA269954.N00633	Generic sample from human gut metagenome	Solexa-96415	AMPLICON	PAIRED	Illumina MiSeq	9079	3177650	human gut metagenome
SRR1873608	SAMN03396806	PRJNA269954.N00616	Generic sample from human gut metagenome	Solexa-96418	AMPLICON	PAIRED	Illumina MiSeq	6828	2389800	human gut metagenome
SRR1873615	SAMN03396814	PRJNA269954.N00784	Generic sample from human gut metagenome	Solexa-96484	AMPLICON	PAIRED	Illumina MiSeq	8556	2994600	human gut metagenome
SRR1873623	SAMN03396822	PRJNA269954.N00656	Generic sample from human gut metagenome	Solexa-96406	AMPLICON	PAIRED	Illumina MiSeq	13851	4847850	human gut metagenome
SRR1873629	SAMN03396831	PRJNA269954.N00642	Generic sample from human gut metagenome	Solexa-96400	AMPLICON	PAIRED	Illumina MiSeq	13343	4670050	human gut metagenome
SRR1873631	SAMN03396832	PRJNA269954.N00645	Generic sample from human gut metagenome	Solexa-96436	AMPLICON	PAIRED	Illumina MiSeq	12843	4495050	human gut metagenome
SRR1873632	SAMN03396830	PRJNA269954.N00842	Generic sample from human gut metagenome	Solexa-96514	AMPLICON	PAIRED	Illumina MiSeq	25455	8909250	human gut metagenome
SRR1873635	SAMN03396834	PRJNA269954.N00641	Generic sample from human gut metagenome	Solexa-96434	AMPLICON	PAIRED	Illumina MiSeq	8012	2804200	human gut metagenome
SRR1873641	SAMN03396801	PRJNA269954.N00777	Generic sample from human gut metagenome	Solexa-96480	AMPLICON	PAIRED	Illumina MiSeq	12153	4253550	human gut metagenome
SRR1873642	SAMN03396839	PRJNA269954.N00782	Generic sample from human gut metagenome	Solexa-96483	AMPLICON	PAIRED	Illumina MiSeq	11413	3994550	human gut metagenome
SRR1873645	SAMN03396848	PRJNA269954.N00590	Generic sample from human gut metagenome	Solexa-96432	AMPLICON	PAIRED	Illumina MiSeq	8340	2919000	human gut metagenome
SRR1873654	SAMN03396854	PRJNA269954.N00592	Generic sample from human gut metagenome	Solexa-96396	AMPLICON	PAIRED	Illumina MiSeq	2741	959350	human gut metagenome
SRR1873659	SAMN03396817	PRJNA269954.N00846	Generic sample from human gut metagenome	Solexa-96516	AMPLICON	PAIRED	Illumina MiSeq	24432	8551200	human gut metagenome
SRR1873662	SAMN03396842	PRJNA269954.N00797	Generic sample from human gut metagenome	Solexa-96491	AMPLICON	PAIRED	Illumina MiSeq	6466	2263100	human gut metagenome
SRR1873663	SAMN03396803	PRJNA269954.N00648	Generic sample from human gut metagenome	Solexa-96405	AMPLICON	PAIRED	Illumina MiSeq	6804	2381400	human gut metagenome
SRR1873665	SAMN03396802	PRJNA269954.N00768	Generic sample from human gut metagenome	Solexa-96476	AMPLICON	PAIRED	Illumina MiSeq	13268	4643800	human gut metagenome
SRR1873666	SAMN03396859	PRJNA269954.N00677	Generic sample from human gut metagenome	Solexa-96464	AMPLICON	PAIRED	Illumina MiSeq	26548	9291800	human gut metagenome
SRR1873669	SAMN03396862	PRJNA269954.N00713	Generic sample from human gut metagenome	Solexa-96469	AMPLICON	PAIRED	Illumina MiSeq	33042	11564700	human gut metagenome
SRR1873675	SAMN03396869	PRJNA269954.N00647	Generic sample from human gut metagenome	Solexa-96392	AMPLICON	PAIRED	Illumina MiSeq	13674	4785900	human gut metagenome
SRR1873677	SAMN03396865	PRJNA269954.N00813	Generic sample from human gut metagenome	Solexa-96499	AMPLICON	PAIRED	Illumina MiSeq	13566	4748100	human gut metagenome
SRR1873681	SAMN03396878	PRJNA269954.N00650	Generic sample from human gut metagenome	Solexa-96443	AMPLICON	PAIRED	Illumina MiSeq	7255	2539250	human gut metagenome
SRR1873693	SAMN03396892	PRJNA269954.N00659	Generic sample from human gut metagenome	Solexa-96435	AMPLICON	PAIRED	Illumina MiSeq	10325	3613750	human gut metagenome
SRR1873701	SAMN03396900	PRJNA269954.N00626	Generic sample from human gut metagenome	Solexa-96453	AMPLICON	PAIRED	Illumina MiSeq	9101	3185350	human gut metagenome
SRR1873707	SAMN03396906	PRJNA269954.N00578	Generic sample from human gut metagenome	Solexa-96378	AMPLICON	PAIRED	Illumina MiSeq	3983	1394050	human gut metagenome
SRR1873716	SAMN03396914	PRJNA269954.N00644	Generic sample from human gut metagenome	Solexa-96384	AMPLICON	PAIRED	Illumina MiSeq	13390	4686500	human gut metagenome
SRR1873718	SAMN03396916	PRJNA269954.N00816	Generic sample from human gut metagenome	Solexa-96501	AMPLICON	PAIRED	Illumina MiSeq	14164	4957400	human gut metagenome
SRR1873724	SAMN03396887	PRJNA269954.N00627	Generic sample from human gut metagenome	Solexa-96422	AMPLICON	PAIRED	Illumina MiSeq	7594	2657900	human gut metagenome
SRR1873725	SAMN03396918	PRJNA269954.N00612	Generic sample from human gut metagenome	Solexa-96417	AMPLICON	PAIRED	Illumina MiSeq	2305	806750	human gut metagenome
SRR1873726	SAMN03396917	PRJNA269954.N00579	Generic sample from human gut metagenome	Solexa-96379	AMPLICON	PAIRED	Illumina MiSeq	5141	1799350	human gut metagenome
SRR1873728	SAMN03396920	PRJNA269954.N00637	Generic sample from human gut metagenome	Solexa-96461	AMPLICON	PAIRED	Illumina MiSeq	10596	3708600	human gut metagenome
SRR1908857	SAMN03397825	PRJNA269954.N00505	Generic sample from human gut metagenome	Solexa-110864	AMPLICON	PAIRED	Illumina MiSeq	26261	9191350	human gut metagenome
SRR1908858	SAMN03397826	PRJNA269954.N00422	Generic sample from human gut metagenome	Solexa-110856	AMPLICON	PAIRED	Illumina MiSeq	11860	4151000	human gut metagenome
SRR1908859	SAMN03397827	PRJNA269954.N00027	Generic sample from human gut metagenome	Solexa-110818	AMPLICON	PAIRED	Illumina MiSeq	6532	2286200	human gut metagenome
SRR1908865	SAMN03397836	PRJNA269954.N00246	Generic sample from human gut metagenome	Solexa-110874	AMPLICON	PAIRED	Illumina MiSeq	17165	6007750	human gut metagenome
SRR1908870	SAMN03397842	PRJNA269954.N00281	Generic sample from human gut metagenome	Solexa-110873	AMPLICON	PAIRED	Illumina MiSeq	15209	5323150	human gut metagenome
SRR1908879	SAMN03397852	PRJNA269954.N00208	Generic sample from human gut metagenome	Solexa-110847	AMPLICON	PAIRED	Illumina MiSeq	16638	5823300	human gut metagenome
SRR1908882	SAMN03397883	PRJNA269954.N00124	Generic sample from human gut metagenome	Solexa-110833	AMPLICON	PAIRED	Illumina MiSeq	29283	10249050	human gut metagenome
SRR1908886	SAMN03397863	PRJNA269954.N00242	Generic sample from human gut metagenome	Solexa-110870	AMPLICON	PAIRED	Illumina MiSeq	21875	7656250	human gut metagenome
SRR1908904	SAMN03397832	PRJNA269954.N00415	Generic sample from human gut metagenome	Solexa-110855	AMPLICON	PAIRED	Illumina MiSeq	13483	4719050	human gut metagenome
SRR1908906	SAMN03397880	PRJNA269954.N00044	Generic sample from human gut metagenome	Solexa-110820	AMPLICON	PAIRED	Illumina MiSeq	4380	1533000	human gut metagenome
SRR1908910	SAMN03397885	PRJNA269954.N00240	Generic sample from human gut metagenome	Solexa-110869	AMPLICON	PAIRED	Illumina MiSeq	22858	8000300	human gut metagenome
SRR1908911	SAMN03397887	PRJNA269954.N00084	Generic sample from human gut metagenome	Solexa-110825	AMPLICON	PAIRED	Illumina MiSeq	33089	11581150	human gut metagenome
SRR1909082	SAMN03397861	PRJNA269954.N00185	Generic sample from human gut metagenome	Solexa-110836	AMPLICON	PAIRED	Illumina MiSeq	7760	2716000	human gut metagenome
SRR1909114	SAMN03397888	PRJNA269954.N00215	Generic sample from human gut metagenome	Solexa-110849	AMPLICON	PAIRED	Illumina MiSeq	16155	5654250	human gut metagenome
SRR1909184	SAMN03398616	PRJNA269954.N00532	Generic sample from human gut metagenome	Solexa-95812	AMPLICON	PAIRED	Illumina MiSeq	39474	13815900	human gut metagenome
SRR1909186	SAMN03398617	PRJNA269954.N00543	Generic sample from human gut metagenome	Solexa-95833	AMPLICON	PAIRED	Illumina MiSeq	32244	11285400	human gut metagenome
SRR1909193	SAMN03398890	PRJNA269954.N00484	Generic sample from human gut metagenome	Solexa-95768	AMPLICON	PAIRED	Illumina MiSeq	22262	7791700	human gut metagenome
SRR1909197	SAMN03398626	PRJNA269954.N00430	Generic sample from human gut metagenome	Solexa-95720	AMPLICON	PAIRED	Illumina MiSeq	17216	6025600	human gut metagenome
SRR1909205	SAMN03398638	PRJNA269954.N00500	Generic sample from human gut metagenome	Solexa-95783	AMPLICON	PAIRED	Illumina MiSeq	13221	4627350	human gut metagenome
SRR1909209	SAMN03398640	PRJNA269954.N00405	Generic sample from human gut metagenome	Solexa-95770	AMPLICON	PAIRED	Illumina MiSeq	25056	8769600	human gut metagenome
SRR1909232	SAMN03398665	PRJNA269954.N00569	Generic sample from human gut metagenome	Solexa-95836	AMPLICON	PAIRED	Illumina MiSeq	29815	10435250	human gut metagenome
SRR1909236	SAMN03398670	PRJNA269954.N00559	Generic sample from human gut metagenome	Solexa-95794	AMPLICON	PAIRED	Illumina MiSeq	8031	2810850	human gut metagenome
SRR1909251	SAMN03398688	PRJNA269954.N00427	Generic sample from human gut metagenome	Solexa-95717	AMPLICON	PAIRED	Illumina MiSeq	40027	14009450	human gut metagenome
SRR1909257	SAMN03398694	PRJNA269954.N00440	Generic sample from human gut metagenome	Solexa-95729	AMPLICON	PAIRED	Illumina MiSeq	34876	12206600	human gut metagenome
SRR1909271	SAMN03398706	PRJNA269954.N00509	Generic sample from human gut metagenome	Solexa-95835	AMPLICON	PAIRED	Illumina MiSeq	127133	44496550	human gut metagenome
SRR1909274	SAMN03398708	PRJNA269954.N00403	Generic sample from human gut metagenome	Solexa-95737	AMPLICON	PAIRED	Illumina MiSeq	11748	4111800	human gut metagenome
SRR1909277	SAMN03398728	PRJNA269954.N00469	Generic sample from human gut metagenome	Solexa-95754	AMPLICON	PAIRED	Illumina MiSeq	3961	1386350	human gut metagenome
SRR1909301	SAMN03398755	PRJNA269954.N00450	Generic sample from human gut metagenome	Solexa-95739	AMPLICON	PAIRED	Illumina MiSeq	44300	15505000	human gut metagenome
SRR1909312	SAMN03398771	PRJNA269954.N00476	Generic sample from human gut metagenome	Solexa-95761	AMPLICON	PAIRED	Illumina MiSeq	20592	7207200	human gut metagenome
SRR1909316	SAMN03398777	PRJNA269954.N00540	Generic sample from human gut metagenome	Solexa-95847	AMPLICON	PAIRED	Illumina MiSeq	45968	16088800	human gut metagenome
SRR1909339	SAMN03398791	PRJNA269954.N00660	Generic sample from human gut metagenome	Solexa-96441	AMPLICON	PAIRED	Illumina MiSeq	7472	2615200	human gut metagenome
SRR1909348	SAMN03398801	PRJNA269954.N00564	Generic sample from human gut metagenome	Solexa-95792	AMPLICON	PAIRED	Illumina MiSeq	35380	12383000	human gut metagenome
SRR1909357	SAMN03398821	PRJNA269954.N00419	Generic sample from human gut metagenome	Solexa-95709	AMPLICON	PAIRED	Illumina MiSeq	14853	5198550	human gut metagenome
SRR1909360	SAMN03398825	PRJNA269954.N00567	Generic sample from human gut metagenome	Solexa-95799	AMPLICON	PAIRED	Illumina MiSeq	65961	23086350	human gut metagenome
SRR1909368	SAMN03398751	PRJNA269954.N00565	Generic sample from human gut metagenome	Solexa-95807	AMPLICON	PAIRED	Illumina MiSeq	25806	9032100	human gut metagenome
SRR1909372	SAMN03398807	PRJNA269954.N00513	Generic sample from human gut metagenome	Solexa-95840	AMPLICON	PAIRED	Illumina MiSeq	17364	6077400	human gut metagenome
SRR1909377	SAMN03398843	PRJNA269954.N00510	Generic sample from human gut metagenome	Solexa-95843	AMPLICON	PAIRED	Illumina MiSeq	3741	1309350	human gut metagenome
SRR1909419	SAMN03398830	PRJNA269954.N00522	Generic sample from human gut metagenome	Solexa-95821	AMPLICON	PAIRED	Illumina MiSeq	5875	2056250	human gut metagenome
SRR1909420	SAMN03398828	PRJNA269954.N00535	Generic sample from human gut metagenome	Solexa-95789	AMPLICON	PAIRED	Illumina MiSeq	50398	17639300	human gut metagenome
SRR1909432	SAMN03398814	PRJNA269954.N00409	Generic sample from human gut metagenome	Solexa-95702	AMPLICON	PAIRED	Illumina MiSeq	6019	2106650	human gut metagenome
SRR1909453	SAMN03398662	PRJNA269954.N00474	Generic sample from human gut metagenome	Solexa-95759	AMPLICON	PAIRED	Illumina MiSeq	59800	20930000	human gut metagenome
SRR1909617	SAMN03397815	PRJNA269954.N00676	Generic sample from human gut metagenome	Solexa-110808	AMPLICON	PAIRED	Illumina MiSeq	2123	743050	human gut metagenome
SRR1909623	SAMN03397813	PRJNA269954.N00007	Generic sample from human gut metagenome	Solexa-110815	AMPLICON	PAIRED	Illumina MiSeq	25670	8984500	human gut metagenome
SRR1910395	SAMN03400140	PRJNA269954.N00412	Generic sample from human gut metagenome	Solexa-95703	AMPLICON	PAIRED	Illumina MiSeq	7399	2589650	human gut metagenome
SRR1915585	SAMN03396846	PRJNA269954.N00671	Generic sample from human gut metagenome	Solexa-110807	AMPLICON	PAIRED	Illumina MiSeq	30041	10514350	human gut metagenome
SRR1915589	SAMN03396805	PRJNA269954.N00791	Generic sample from human gut metagenome	Solexa-110811	AMPLICON	PAIRED	Illumina MiSeq	22787	7975450	human gut metagenome
SRR1915818	SAMN03397825	PRJNA269954.N00505	Generic sample from human gut metagenome	Solexa-95820	AMPLICON	PAIRED	Illumina MiSeq	3018	1056300	human gut metagenome
SRR1915820	SAMN03397877	PRJNA269954.N00489	Generic sample from human gut metagenome	Solexa-95773	AMPLICON	PAIRED	Illumina MiSeq	3320	1162000	human gut metagenome
SRR1915903	SAMN03396921	PRJNA269954.N00710	Generic sample from human gut metagenome	Solexa-96466	AMPLICON	PAIRED	Illumina MiSeq	2	700	human gut metagenome
SRR1915905	SAMN03396827	PRJNA269954.N00600	Generic sample from human gut metagenome	Solexa-96455	AMPLICON	PAIRED	Illumina MiSeq	1	350	human gut metagenome
SRR1915906	SAMN03396808	PRJNA269954.N00621	Generic sample from human gut metagenome	Solexa-96439	AMPLICON	PAIRED	Illumina MiSeq	3	1050	human gut metagenome
SRR1915911	SAMN03396797	PRJNA269954.N00581	Generic sample from human gut metagenome	Solexa-96426	AMPLICON	PAIRED	Illumina MiSeq	1	350	human gut metagenome
SRR1915912	SAMN03396795	PRJNA269954.N00664	Generic sample from human gut metagenome	Solexa-96458	AMPLICON	PAIRED	Illumina MiSeq	1	350	human gut metagenome
SRR1915914	SAMN03396864	PRJNA269954.N00630	Generic sample from human gut metagenome	Solexa-96449	AMPLICON	PAIRED	Illumina MiSeq	3	1050	human gut metagenome
SRR1915916	SAMN03396794	PRJNA269954.N00605	Generic sample from human gut metagenome	Solexa-96394	AMPLICON	PAIRED	Illumina MiSeq	1	350	human gut metagenome
SRR1915925	SAMN03396789	PRJNA269954.N00794	Generic sample from human gut metagenome	Solexa-96490	AMPLICON	PAIRED	Illumina MiSeq	1	350	human gut metagenome
SRR1915930	SAMN03396896	PRJNA269954.N00775	Generic sample from human gut metagenome	Solexa-96479	AMPLICON	PAIRED	Illumina MiSeq	2	700	human gut metagenome
SRR1915933	SAMN03396802	PRJNA269954.N00768	Generic sample from human gut metagenome	Solexa-96476	AMPLICON	PAIRED	Illumina MiSeq	1	350	human gut metagenome
SRR1915936	SAMN03396870	PRJNA269954.N00674	Generic sample from human gut metagenome	Solexa-96482	AMPLICON	PAIRED	Illumina MiSeq	2	700	human gut metagenome
SRR1945169	SAMN03450944	PRJNA269954.N00263	Generic sample from human gut metagenome	Solexa-95417	AMPLICON	PAIRED	Illumina MiSeq	3108	1087800	human gut metagenome
SRR1945322	SAMN03450963	PRJNA269954.N00398	Generic sample from human gut metagenome	Solexa-95460	AMPLICON	PAIRED	Illumina MiSeq	3390	1186500	human gut metagenome
SRR1947050	SAMN03451915	PRJNA269954.N00278	Generic sample from human gut metagenome	Solexa-95431	AMPLICON	PAIRED	Illumina MiSeq	21777	7621950	human gut metagenome
SRR1947052	SAMN03451924	PRJNA269954.N00201	Generic sample from human gut metagenome	Solexa-95367	AMPLICON	PAIRED	Illumina MiSeq	18759	6565650	human gut metagenome
SRR1947062	SAMN03451927	PRJNA269954.N00195	Generic sample from human gut metagenome	Solexa-95361	AMPLICON	PAIRED	Illumina MiSeq	8828	3089800	human gut metagenome
SRR1947068	SAMN03451931	PRJNA269954.N00401	Generic sample from human gut metagenome	Solexa-95502	AMPLICON	PAIRED	Illumina MiSeq	12890	4511500	human gut metagenome
SRR1947074	SAMN03451936	PRJNA269954.N00397	Generic sample from human gut metagenome	Solexa-95458	AMPLICON	PAIRED	Illumina MiSeq	7772	2720200	human gut metagenome
SRR1947083	SAMN03451943	PRJNA269954.N00239	Generic sample from human gut metagenome	Solexa-95396	AMPLICON	PAIRED	Illumina MiSeq	12098	4234300	human gut metagenome
SRR1947098	SAMN03451989	PRJNA269954.N00387	Generic sample from human gut metagenome	Solexa-95459	AMPLICON	PAIRED	Illumina MiSeq	3254	1138900	human gut metagenome
SRR1947103	SAMN03451965	PRJNA269954.N00319	Generic sample from human gut metagenome	Solexa-95526	AMPLICON	PAIRED	Illumina MiSeq	70231	24580850	human gut metagenome
SRR1947108	SAMN03451970	PRJNA269954.N00254	Generic sample from human gut metagenome	Solexa-95408	AMPLICON	PAIRED	Illumina MiSeq	11885	4159750	human gut metagenome
SRR1947110	SAMN03451973	PRJNA269954.N00307	Generic sample from human gut metagenome	Solexa-95481	AMPLICON	PAIRED	Illumina MiSeq	8652	3028200	human gut metagenome
SRR1947113	SAMN03451975	PRJNA269954.N00260	Generic sample from human gut metagenome	Solexa-95414	AMPLICON	PAIRED	Illumina MiSeq	38644	13525400	human gut metagenome
SRR1947123	SAMN03451960	PRJNA269954.N00210	Generic sample from human gut metagenome	Solexa-95372	AMPLICON	PAIRED	Illumina MiSeq	15514	5429900	human gut metagenome
SRR1947127	SAMN03451992	PRJNA269954.N00338	Generic sample from human gut metagenome	Solexa-95468	AMPLICON	PAIRED	Illumina MiSeq	18343	6420050	human gut metagenome
SRR1947129	SAMN03451995	PRJNA269954.N00258	Generic sample from human gut metagenome	Solexa-95412	AMPLICON	PAIRED	Illumina MiSeq	15426	5399100	human gut metagenome
SRR1947135	SAMN03452001	PRJNA269954.N00309	Generic sample from human gut metagenome	Solexa-95490	AMPLICON	PAIRED	Illumina MiSeq	39944	13980400	human gut metagenome
SRR1947147	SAMN03452039	PRJNA269954.N00301	Generic sample from human gut metagenome	Solexa-95478	AMPLICON	PAIRED	Illumina MiSeq	11679	4087650	human gut metagenome
SRR1947149	SAMN03452008	PRJNA269954.N00340	Generic sample from human gut metagenome	Solexa-95450	AMPLICON	PAIRED	Illumina MiSeq	15122	5292700	human gut metagenome
SRR1947152	SAMN03452011	PRJNA269954.N00256	Generic sample from human gut metagenome	Solexa-95410	AMPLICON	PAIRED	Illumina MiSeq	37157	13004950	human gut metagenome
SRR1947160	SAMN03452018	PRJNA269954.N00341	Generic sample from human gut metagenome	Solexa-95524	AMPLICON	PAIRED	Illumina MiSeq	8889	3111150	human gut metagenome
SRR1947161	SAMN03452020	PRJNA269954.N00321	Generic sample from human gut metagenome	Solexa-95462	AMPLICON	PAIRED	Illumina MiSeq	7380	2583000	human gut metagenome
SRR1947163	SAMN03452022	PRJNA269954.N00224	Generic sample from human gut metagenome	Solexa-95384	AMPLICON	PAIRED	Illumina MiSeq	8594	3007900	human gut metagenome
SRR1947168	SAMN03452027	PRJNA269954.N00229	Generic sample from human gut metagenome	Solexa-95389	AMPLICON	PAIRED	Illumina MiSeq	12151	4252850	human gut metagenome
SRR1947170	SAMN03452029	PRJNA269954.N00402	Generic sample from human gut metagenome	Solexa-95516	AMPLICON	PAIRED	Illumina MiSeq	7536	2637600	human gut metagenome
SRR1947185	SAMN03451945	PRJNA269954.N00302	Generic sample from human gut metagenome	Solexa-95519	AMPLICON	PAIRED	Illumina MiSeq	11958	4185300	human gut metagenome
SRR1947190	SAMN03452037	PRJNA269954.N00400	Generic sample from human gut metagenome	Solexa-95500	AMPLICON	PAIRED	Illumina MiSeq	23586	8255100	human gut metagenome
SRR1948109	SAMN03454265	PRJNA269954.N00161	Generic sample from human gut metagenome	Solexa-95197	AMPLICON	PAIRED	Illumina MiSeq	7596	2658600	human gut metagenome
SRR1948116	SAMN03454272	PRJNA269954.N00179	Generic sample from human gut metagenome	Solexa-95244	AMPLICON	PAIRED	Illumina MiSeq	23988	8395800	human gut metagenome
SRR1948124	SAMN03454317	PRJNA269954.N00183	Generic sample from human gut metagenome	Solexa-95249	AMPLICON	PAIRED	Illumina MiSeq	37927	13274450	human gut metagenome
SRR1948126	SAMN03454318	PRJNA269954.N00153	Generic sample from human gut metagenome	Solexa-95201	AMPLICON	PAIRED	Illumina MiSeq	24570	8599500	human gut metagenome
SRR1948129	SAMN03454281	PRJNA269954.N00120	Generic sample from human gut metagenome	Solexa-95257	AMPLICON	PAIRED	Illumina MiSeq	16886	5910100	human gut metagenome
SRR1948136	SAMN03454288	PRJNA269954.N00168	Generic sample from human gut metagenome	Solexa-95223	AMPLICON	PAIRED	Illumina MiSeq	12789	4476150	human gut metagenome
SRR1948138	SAMN03454290	PRJNA269954.N00174	Generic sample from human gut metagenome	Solexa-95211	AMPLICON	PAIRED	Illumina MiSeq	27479	9617650	human gut metagenome
SRR1948141	SAMN03454292	PRJNA269954.N00146	Generic sample from human gut metagenome	Solexa-95252	AMPLICON	PAIRED	Illumina MiSeq	23635	8272250	human gut metagenome
SRR1948148	SAMN03454299	PRJNA269954.N00111	Generic sample from human gut metagenome	Solexa-95248	AMPLICON	PAIRED	Illumina MiSeq	3999	1399650	human gut metagenome
SRR1948158	SAMN03454309	PRJNA269954.N00108	Generic sample from human gut metagenome	Solexa-95207	AMPLICON	PAIRED	Illumina MiSeq	96752	33863200	human gut metagenome
SRR1948161	SAMN03454313	PRJNA269954.N00188	Generic sample from human gut metagenome	Solexa-95189	AMPLICON	PAIRED	Illumina MiSeq	23924	8373400	human gut metagenome
SRR1948167	SAMN03454320	PRJNA269954.N00133	Generic sample from human gut metagenome	Solexa-95242	AMPLICON	PAIRED	Illumina MiSeq	23340	8169000	human gut metagenome
SRR1950964	SAMN03458450	PRJNA269954.N00192	Generic sample from human gut metagenome	Solexa-95230	AMPLICON	PAIRED	Illumina MiSeq	13392	4687200	human gut metagenome
SRR1951133	SAMN03458499	PRJNA269954.N00011	Generic sample from human gut metagenome	Solexa-95270	AMPLICON	PAIRED	Illumina MiSeq	8720	3052000	human gut metagenome
SRR1951134	SAMN03458500	PRJNA269954.N00072	Generic sample from human gut metagenome	Solexa-95320	AMPLICON	PAIRED	Illumina MiSeq	9310	3258500	human gut metagenome
SRR1951161	SAMN03458519	PRJNA269954.N00023	Generic sample from human gut metagenome	Solexa-95279	AMPLICON	PAIRED	Illumina MiSeq	36717	12850950	human gut metagenome
SRR1951173	SAMN03458528	PRJNA269954.N00051	Generic sample from human gut metagenome	Solexa-95301	AMPLICON	PAIRED	Illumina MiSeq	10296	3603600	human gut metagenome
SRR1951175	SAMN03458529	PRJNA269954.N00022	Generic sample from human gut metagenome	Solexa-95278	AMPLICON	PAIRED	Illumina MiSeq	27669	9684150	human gut metagenome
SRR1951187	SAMN03458532	PRJNA269954.N00016	Generic sample from human gut metagenome	Solexa-95272	AMPLICON	PAIRED	Illumina MiSeq	15367	5378450	human gut metagenome
SRR1951188	SAMN03458533	PRJNA269954.N00087	Generic sample from human gut metagenome	Solexa-95334	AMPLICON	PAIRED	Illumina MiSeq	4325	1513750	human gut metagenome
SRR1951190	SAMN03458536	PRJNA269954.N00080	Generic sample from human gut metagenome	Solexa-95328	AMPLICON	PAIRED	Illumina MiSeq	46286	16200100	human gut metagenome
SRR1951199	SAMN03458542	PRJNA269954.N00190	Generic sample from human gut metagenome	Solexa-95241	AMPLICON	PAIRED	Illumina MiSeq	38888	13610800	human gut metagenome
SRR1951200	SAMN03458544	PRJNA269954.N00065	Generic sample from human gut metagenome	Solexa-95313	AMPLICON	PAIRED	Illumina MiSeq	12853	4498550	human gut metagenome
SRR1951203	SAMN03458547	PRJNA269954.N00063	Generic sample from human gut metagenome	Solexa-95311	AMPLICON	PAIRED	Illumina MiSeq	6073	2125550	human gut metagenome
SRR1951284	SAMN03458562	PRJNA269954.N00052	Generic sample from human gut metagenome	Solexa-95302	AMPLICON	PAIRED	Illumina MiSeq	10183	3564050	human gut metagenome
SRR1873591	SAMN03396788	PRJNA269954.N00811	Generic sample from human gut metagenome	Solexa-96498	AMPLICON	PAIRED	Illumina MiSeq	15528	5434800	human gut metagenome
SRR1873593	SAMN03396789	PRJNA269954.N00794	Generic sample from human gut metagenome	Solexa-96490	AMPLICON	PAIRED	Illumina MiSeq	13391	4686850	human gut metagenome
SRR1873600	SAMN03396799	PRJNA269954.N00595	Generic sample from human gut metagenome	Solexa-96388	AMPLICON	PAIRED	Illumina MiSeq	5442	1904700	human gut metagenome
SRR1873602	SAMN03396797	PRJNA269954.N00581	Generic sample from human gut metagenome	Solexa-96426	AMPLICON	PAIRED	Illumina MiSeq	15714	5499900	human gut metagenome
SRR1873607	SAMN03396807	PRJNA269954.N00887	Generic sample from human gut metagenome	Solexa-96520	AMPLICON	PAIRED	Illumina MiSeq	20205	7071750	human gut metagenome
SRR1873609	SAMN03396808	PRJNA269954.N00621	Generic sample from human gut metagenome	Solexa-96439	AMPLICON	PAIRED	Illumina MiSeq	7897	2763950	human gut metagenome
SRR1873624	SAMN03396824	PRJNA269954.N00724	Generic sample from human gut metagenome	Solexa-96474	AMPLICON	PAIRED	Illumina MiSeq	13583	4754050	human gut metagenome
SRR1873628	SAMN03396828	PRJNA269954.N00629	Generic sample from human gut metagenome	Solexa-96427	AMPLICON	PAIRED	Illumina MiSeq	10676	3736600	human gut metagenome
SRR1873640	SAMN03396804	PRJNA269954.N00608	Generic sample from human gut metagenome	Solexa-96451	AMPLICON	PAIRED	Illumina MiSeq	6564	2297400	human gut metagenome
SRR1873644	SAMN03396846	PRJNA269954.N00671	Generic sample from human gut metagenome	Solexa-96446	AMPLICON	PAIRED	Illumina MiSeq	3759	1315650	human gut metagenome
SRR1873648	SAMN03396845	PRJNA269954.N00852	Generic sample from human gut metagenome	Solexa-96519	AMPLICON	PAIRED	Illumina MiSeq	10424	3648400	human gut metagenome
SRR1873651	SAMN03396850	PRJNA269954.N00574	Generic sample from human gut metagenome	Solexa-96380	AMPLICON	PAIRED	Illumina MiSeq	5613	1964550	human gut metagenome
SRR1873657	SAMN03396855	PRJNA269954.N00667	Generic sample from human gut metagenome	Solexa-96404	AMPLICON	PAIRED	Illumina MiSeq	7982	2793700	human gut metagenome
SRR1873673	SAMN03396867	PRJNA269954.N00619	Generic sample from human gut metagenome	Solexa-96385	AMPLICON	PAIRED	Illumina MiSeq	6428	2249800	human gut metagenome
SRR1873674	SAMN03396870	PRJNA269954.N00674	Generic sample from human gut metagenome	Solexa-96482	AMPLICON	PAIRED	Illumina MiSeq	27035	9462250	human gut metagenome
SRR1873683	SAMN03396875	PRJNA269954.N00657	Generic sample from human gut metagenome	Solexa-96421	AMPLICON	PAIRED	Illumina MiSeq	13050	4567500	human gut metagenome
SRR1873684	SAMN03396874	PRJNA269954.N00639	Generic sample from human gut metagenome	Solexa-96437	AMPLICON	PAIRED	Illumina MiSeq	5006	1752100	human gut metagenome
SRR1873695	SAMN03396893	PRJNA269954.N00599	Generic sample from human gut metagenome	Solexa-96428	AMPLICON	PAIRED	Illumina MiSeq	5914	2069900	human gut metagenome
SRR1873699	SAMN03396897	PRJNA269954.N00675	Generic sample from human gut metagenome	Solexa-96463	AMPLICON	PAIRED	Illumina MiSeq	5178	1812300	human gut metagenome
SRR1873700	SAMN03396898	PRJNA269954.N00604	Generic sample from human gut metagenome	Solexa-96452	AMPLICON	PAIRED	Illumina MiSeq	11781	4123350	human gut metagenome
SRR1873704	SAMN03396904	PRJNA269954.N00819	Generic sample from human gut metagenome	Solexa-96502	AMPLICON	PAIRED	Illumina MiSeq	11979	4192650	human gut metagenome
SRR1873706	SAMN03396905	PRJNA269954.N00665	Generic sample from human gut metagenome	Solexa-96399	AMPLICON	PAIRED	Illumina MiSeq	19112	6689200	human gut metagenome
SRR1873708	SAMN03396907	PRJNA269954.N00576	Generic sample from human gut metagenome	Solexa-96382	AMPLICON	PAIRED	Illumina MiSeq	14811	5183850	human gut metagenome
SRR1873722	SAMN03396890	PRJNA269954.N00584	Generic sample from human gut metagenome	Solexa-96431	AMPLICON	PAIRED	Illumina MiSeq	1711	598850	human gut metagenome
SRR1873727	SAMN03396922	PRJNA269954.N00814	Generic sample from human gut metagenome	Solexa-96500	AMPLICON	PAIRED	Illumina MiSeq	13639	4773650	human gut metagenome
SRR1873765	SAMN03397791	PRJNA269954.N00773	Generic sample from human gut metagenome	Solexa-110810	AMPLICON	PAIRED	Illumina MiSeq	25421	8897350	human gut metagenome
SRR1908852	SAMN03399041	PRJNA269954.N00217	Generic sample from human gut metagenome	Solexa-110851	AMPLICON	PAIRED	Illumina MiSeq	21674	7585900	human gut metagenome
SRR1908855	SAMN03397823	PRJNA269954.N00213	Generic sample from human gut metagenome	Solexa-110848	AMPLICON	PAIRED	Illumina MiSeq	19635	6872250	human gut metagenome
SRR1908856	SAMN03397824	PRJNA269954.N00138	Generic sample from human gut metagenome	Solexa-110840	AMPLICON	PAIRED	Illumina MiSeq	31381	10983350	human gut metagenome
SRR1908863	SAMN03397831	PRJNA269954.N00577	Generic sample from human gut metagenome	Solexa-110797	AMPLICON	PAIRED	Illumina MiSeq	22118	7741300	human gut metagenome
SRR1908864	SAMN03397837	PRJNA269954.N00384	Generic sample from human gut metagenome	Solexa-110890	AMPLICON	PAIRED	Illumina MiSeq	21716	7600600	human gut metagenome
SRR1908867	SAMN03397839	PRJNA269954.N00551	Generic sample from human gut metagenome	Solexa-110865	AMPLICON	PAIRED	Illumina MiSeq	23984	8394400	human gut metagenome
SRR1908872	SAMN03397841	PRJNA269954.N00003	Generic sample from human gut metagenome	Solexa-110814	AMPLICON	PAIRED	Illumina MiSeq	179323	62763050	human gut metagenome
SRR1908878	SAMN03397847	PRJNA269954.N00378	Generic sample from human gut metagenome	Solexa-110888	AMPLICON	PAIRED	Illumina MiSeq	10256	3589600	human gut metagenome
SRR1908884	SAMN03397853	PRJNA269954.N00170	Generic sample from human gut metagenome	Solexa-110842	AMPLICON	PAIRED	Illumina MiSeq	7093	2482550	human gut metagenome
SRR1908885	SAMN03397856	PRJNA269954.N00236	Generic sample from human gut metagenome	Solexa-110867	AMPLICON	PAIRED	Illumina MiSeq	5307	1857450	human gut metagenome
SRR1908895	SAMN03397870	PRJNA269954.N00112	Generic sample from human gut metagenome	Solexa-110832	AMPLICON	PAIRED	Illumina MiSeq	9883	3459050	human gut metagenome
SRR1908900	SAMN03397873	PRJNA269954.N00395	Generic sample from human gut metagenome	Solexa-110880	AMPLICON	PAIRED	Illumina MiSeq	18865	6602750	human gut metagenome
SRR1908903	SAMN03397879	PRJNA269954.N00235	Generic sample from human gut metagenome	Solexa-110866	AMPLICON	PAIRED	Illumina MiSeq	16285	5699750	human gut metagenome
SRR1908905	SAMN03397858	PRJNA269954.N00098	Generic sample from human gut metagenome	Solexa-110828	AMPLICON	PAIRED	Illumina MiSeq	25744	9010400	human gut metagenome
SRR1908914	SAMN03397891	PRJNA269954.N00284	Generic sample from human gut metagenome	Solexa-110877	AMPLICON	PAIRED	Illumina MiSeq	14333	5016550	human gut metagenome
SRR1908931	SAMN03397895	PRJNA269954.N00562	Generic sample from human gut metagenome	Solexa-95787	AMPLICON	PAIRED	Illumina MiSeq	12942	4529700	human gut metagenome
SRR1908934	SAMN03397898	PRJNA269954.N00494	Generic sample from human gut metagenome	Solexa-95778	AMPLICON	PAIRED	Illumina MiSeq	7721	2702350	human gut metagenome
SRR1909073	SAMN03397820	PRJNA269954.N00414	Generic sample from human gut metagenome	Solexa-110854	AMPLICON	PAIRED	Illumina MiSeq	12853	4498550	human gut metagenome
SRR1909109	SAMN03397882	PRJNA269954.N00292	Generic sample from human gut metagenome	Solexa-110881	AMPLICON	PAIRED	Illumina MiSeq	24142	8449700	human gut metagenome
SRR1909111	SAMN03397859	PRJNA269954.N00050	Generic sample from human gut metagenome	Solexa-110821	AMPLICON	PAIRED	Illumina MiSeq	27717	9700950	human gut metagenome
SRR1909181	SAMN03398652	PRJNA269954.N00552	Generic sample from human gut metagenome	Solexa-95810	AMPLICON	PAIRED	Illumina MiSeq	10029	3510150	human gut metagenome
SRR1909188	SAMN03398620	PRJNA269954.N00432	Generic sample from human gut metagenome	Solexa-95722	AMPLICON	PAIRED	Illumina MiSeq	26275	9196250	human gut metagenome
SRR1909203	SAMN03398635	PRJNA269954.N00435	Generic sample from human gut metagenome	Solexa-95725	AMPLICON	PAIRED	Illumina MiSeq	20920	7322000	human gut metagenome
SRR1909208	SAMN03398636	PRJNA269954.N00511	Generic sample from human gut metagenome	Solexa-95800	AMPLICON	PAIRED	Illumina MiSeq	49211	17223850	human gut metagenome
SRR1909230	SAMN03398660	PRJNA269954.N00472	Generic sample from human gut metagenome	Solexa-95757	AMPLICON	PAIRED	Illumina MiSeq	40494	14172900	human gut metagenome
SRR1909246	SAMN03398686	PRJNA269954.N00518	Generic sample from human gut metagenome	Solexa-95842	AMPLICON	PAIRED	Illumina MiSeq	3443	1205050	human gut metagenome
SRR1909248	SAMN03398684	PRJNA269954.N00420	Generic sample from human gut metagenome	Solexa-95710	AMPLICON	PAIRED	Illumina MiSeq	18660	6531000	human gut metagenome
SRR1909269	SAMN03398724	PRJNA269954.N00547	Generic sample from human gut metagenome	Solexa-95846	AMPLICON	PAIRED	Illumina MiSeq	14003	4901050	human gut metagenome
SRR1909279	SAMN03398729	PRJNA269954.N00536	Generic sample from human gut metagenome	Solexa-95788	AMPLICON	PAIRED	Illumina MiSeq	48258	16890300	human gut metagenome
SRR1909282	SAMN03398730	PRJNA269954.N00446	Generic sample from human gut metagenome	Solexa-95735	AMPLICON	PAIRED	Illumina MiSeq	6242	2184700	human gut metagenome
SRR1909283	SAMN03398719	PRJNA269954.N00431	Generic sample from human gut metagenome	Solexa-95721	AMPLICON	PAIRED	Illumina MiSeq	20471	7164850	human gut metagenome
SRR1909287	SAMN03398713	PRJNA269954.N00530	Generic sample from human gut metagenome	Solexa-95844	AMPLICON	PAIRED	Illumina MiSeq	27776	9721600	human gut metagenome
SRR1909291	SAMN03398721	PRJNA269954.N00838	Generic sample from human gut metagenome	Solexa-96512	AMPLICON	PAIRED	Illumina MiSeq	7372	2580200	human gut metagenome
SRR1909303	SAMN03398760	PRJNA269954.N00424	Generic sample from human gut metagenome	Solexa-95714	AMPLICON	PAIRED	Illumina MiSeq	17239	6033650	human gut metagenome
SRR1909304	SAMN03398762	PRJNA269954.N00433	Generic sample from human gut metagenome	Solexa-95723	AMPLICON	PAIRED	Illumina MiSeq	31181	10913350	human gut metagenome
SRR1909307	SAMN03398767	PRJNA269954.N00485	Generic sample from human gut metagenome	Solexa-95769	AMPLICON	PAIRED	Illumina MiSeq	8009	2803150	human gut metagenome
SRR1909309	SAMN03398765	PRJNA269954.N00549	Generic sample from human gut metagenome	Solexa-95804	AMPLICON	PAIRED	Illumina MiSeq	76267	26693450	human gut metagenome
SRR1909322	SAMN03398783	PRJNA269954.N00463	Generic sample from human gut metagenome	Solexa-95751	AMPLICON	PAIRED	Illumina MiSeq	6689	2341150	human gut metagenome
SRR1909327	SAMN03398785	PRJNA269954.N00622	Generic sample from human gut metagenome	Solexa-96447	AMPLICON	PAIRED	Illumina MiSeq	11665	4082750	human gut metagenome
SRR1909330	SAMN03398789	PRJNA269954.N00548	Generic sample from human gut metagenome	Solexa-95831	AMPLICON	PAIRED	Illumina MiSeq	17829	6240150	human gut metagenome
SRR1909343	SAMN03398795	PRJNA269954.N00482	Generic sample from human gut metagenome	Solexa-95766	AMPLICON	PAIRED	Illumina MiSeq	8504	2976400	human gut metagenome
SRR1909356	SAMN03398823	PRJNA269954.N00455	Generic sample from human gut metagenome	Solexa-95744	AMPLICON	PAIRED	Illumina MiSeq	6359	2225650	human gut metagenome
SRR1909364	SAMN03398748	PRJNA269954.N00528	Generic sample from human gut metagenome	Solexa-95824	AMPLICON	PAIRED	Illumina MiSeq	59898	20964300	human gut metagenome
SRR1909375	SAMN03398809	PRJNA269954.N00529	Generic sample from human gut metagenome	Solexa-95798	AMPLICON	PAIRED	Illumina MiSeq	27239	9533650	human gut metagenome
SRR1909397	SAMN03398813	PRJNA269954.N00443	Generic sample from human gut metagenome	Solexa-95732	AMPLICON	PAIRED	Illumina MiSeq	16402	5740700	human gut metagenome
SRR1909423	SAMN03398831	PRJNA269954.N00442	Generic sample from human gut metagenome	Solexa-95731	AMPLICON	PAIRED	Illumina MiSeq	19363	6777050	human gut metagenome
SRR1909442	SAMN03398879	PRJNA269954.N00478	Generic sample from human gut metagenome	Solexa-95763	AMPLICON	PAIRED	Illumina MiSeq	30965	10837750	human gut metagenome
SRR1909466	SAMN03398758	PRJNA269954.N00538	Generic sample from human gut metagenome	Solexa-95809	AMPLICON	PAIRED	Illumina MiSeq	12578	4402300	human gut metagenome
SRR1909618	SAMN03397818	PRJNA269954.N00070	Generic sample from human gut metagenome	Solexa-110823	AMPLICON	PAIRED	Illumina MiSeq	9882	3458700	human gut metagenome
SRR1910294	SAMN03400064	PRJNA269954.N00496	Generic sample from human gut metagenome	Solexa-95780	AMPLICON	PAIRED	Illumina MiSeq	15604	5461400	human gut metagenome
SRR1910392	SAMN03400138	PRJNA269954.N00556	Generic sample from human gut metagenome	Solexa-95795	AMPLICON	PAIRED	Illumina MiSeq	125506	43927100	human gut metagenome
SRR1910394	SAMN03400139	PRJNA269954.N00544	Generic sample from human gut metagenome	Solexa-95793	AMPLICON	PAIRED	Illumina MiSeq	19363	6777050	human gut metagenome
SRR1910397	SAMN03400141	PRJNA269954.N00555	Generic sample from human gut metagenome	Solexa-95827	AMPLICON	PAIRED	Illumina MiSeq	48995	17148250	human gut metagenome
SRR1915810	SAMN03397826	PRJNA269954.N00422	Generic sample from human gut metagenome	Solexa-95712	AMPLICON	PAIRED	Illumina MiSeq	1751	612850	human gut metagenome
SRR1915815	SAMN03397848	PRJNA269954.N00490	Generic sample from human gut metagenome	Solexa-95774	AMPLICON	PAIRED	Illumina MiSeq	2016	705600	human gut metagenome
SRR1918823	SAMN03396837	PRJNA269954.N00596	Generic sample from human gut metagenome	Solexa-110801	AMPLICON	PAIRED	Illumina MiSeq	13625	4768750	human gut metagenome
SRR1946832	SAMN03451610	PRJNA269954.N00114	Generic sample from human gut metagenome	Solexa-95226	AMPLICON	PAIRED	Illumina MiSeq	4695	1643250	human gut metagenome
SRR1947046	SAMN03451914	PRJNA269954.N00270	Generic sample from human gut metagenome	Solexa-95424	AMPLICON	PAIRED	Illumina MiSeq	9376	3281600	human gut metagenome
SRR1947048	SAMN03451917	PRJNA269954.N00272	Generic sample from human gut metagenome	Solexa-95426	AMPLICON	PAIRED	Illumina MiSeq	17673	6185550	human gut metagenome
SRR1947055	SAMN03451922	PRJNA269954.N00199	Generic sample from human gut metagenome	Solexa-95365	AMPLICON	PAIRED	Illumina MiSeq	9475	3316250	human gut metagenome
SRR1947056	SAMN03451921	PRJNA269954.N00200	Generic sample from human gut metagenome	Solexa-95366	AMPLICON	PAIRED	Illumina MiSeq	8328	2914800	human gut metagenome
SRR1947059	SAMN03451912	PRJNA269954.N00264	Generic sample from human gut metagenome	Solexa-95418	AMPLICON	PAIRED	Illumina MiSeq	10753	3763550	human gut metagenome
SRR1947060	SAMN03451926	PRJNA269954.N00197	Generic sample from human gut metagenome	Solexa-95363	AMPLICON	PAIRED	Illumina MiSeq	10804	3781400	human gut metagenome
SRR1947070	SAMN03451930	PRJNA269954.N00357	Generic sample from human gut metagenome	Solexa-95493	AMPLICON	PAIRED	Illumina MiSeq	10959	3835650	human gut metagenome
SRR1947073	SAMN03451934	PRJNA269954.N00327	Generic sample from human gut metagenome	Solexa-95466	AMPLICON	PAIRED	Illumina MiSeq	15369	5379150	human gut metagenome
SRR1947079	SAMN03451940	PRJNA269954.N00308	Generic sample from human gut metagenome	Solexa-95487	AMPLICON	PAIRED	Illumina MiSeq	14215	4975250	human gut metagenome
SRR1947080	SAMN03451941	PRJNA269954.N00391	Generic sample from human gut metagenome	Solexa-95518	AMPLICON	PAIRED	Illumina MiSeq	15643	5475050	human gut metagenome
SRR1947085	SAMN03451947	PRJNA269954.N00393	Generic sample from human gut metagenome	Solexa-95457	AMPLICON	PAIRED	Illumina MiSeq	22123	7743050	human gut metagenome
SRR1947087	SAMN03451951	PRJNA269954.N00297	Generic sample from human gut metagenome	Solexa-95471	AMPLICON	PAIRED	Illumina MiSeq	3115	1090250	human gut metagenome
SRR1947088	SAMN03451950	PRJNA269954.N00399	Generic sample from human gut metagenome	Solexa-95497	AMPLICON	PAIRED	Illumina MiSeq	7170	2509500	human gut metagenome
SRR1947089	SAMN03451955	PRJNA269954.N00355	Generic sample from human gut metagenome	Solexa-95484	AMPLICON	PAIRED	Illumina MiSeq	15655	5479250	human gut metagenome
SRR1947093	SAMN03451956	PRJNA269954.N00298	Generic sample from human gut metagenome	Solexa-95505	AMPLICON	PAIRED	Illumina MiSeq	6382	2233700	human gut metagenome
SRR1947094	SAMN03451957	PRJNA269954.N00362	Generic sample from human gut metagenome	Solexa-95498	AMPLICON	PAIRED	Illumina MiSeq	3529	1235150	human gut metagenome
SRR1947104	SAMN03451966	PRJNA269954.N00212	Generic sample from human gut metagenome	Solexa-95374	AMPLICON	PAIRED	Illumina MiSeq	9752	3413200	human gut metagenome
SRR1947107	SAMN03451972	PRJNA269954.N00262	Generic sample from human gut metagenome	Solexa-95416	AMPLICON	PAIRED	Illumina MiSeq	4813	1684550	human gut metagenome
SRR1947136	SAMN03452002	PRJNA269954.N00225	Generic sample from human gut metagenome	Solexa-95385	AMPLICON	PAIRED	Illumina MiSeq	17745	6210750	human gut metagenome
SRR1947139	SAMN03452003	PRJNA269954.N00364	Generic sample from human gut metagenome	Solexa-95479	AMPLICON	PAIRED	Illumina MiSeq	4719	1651650	human gut metagenome
SRR1947141	SAMN03452005	PRJNA269954.N00328	Generic sample from human gut metagenome	Solexa-95495	AMPLICON	PAIRED	Illumina MiSeq	14124	4943400	human gut metagenome
SRR1947143	SAMN03452036	PRJNA269954.N00227	Generic sample from human gut metagenome	Solexa-95387	AMPLICON	PAIRED	Illumina MiSeq	3893	1362550	human gut metagenome
SRR1947144	SAMN03452006	PRJNA269954.N00248	Generic sample from human gut metagenome	Solexa-95404	AMPLICON	PAIRED	Illumina MiSeq	17767	6218450	human gut metagenome
SRR1947151	SAMN03452010	PRJNA269954.N00312	Generic sample from human gut metagenome	Solexa-95453	AMPLICON	PAIRED	Illumina MiSeq	28070	9824500	human gut metagenome
SRR1947154	SAMN03452013	PRJNA269954.N00385	Generic sample from human gut metagenome	Solexa-95499	AMPLICON	PAIRED	Illumina MiSeq	2814	984900	human gut metagenome
SRR1947175	SAMN03452040	PRJNA269954.N00221	Generic sample from human gut metagenome	Solexa-95381	AMPLICON	PAIRED	Illumina MiSeq	10872	3805200	human gut metagenome
SRR1947176	SAMN03452041	PRJNA269954.N00223	Generic sample from human gut metagenome	Solexa-95383	AMPLICON	PAIRED	Illumina MiSeq	14527	5084450	human gut metagenome
SRR1947178	SAMN03452042	PRJNA269954.N00304	Generic sample from human gut metagenome	Solexa-95465	AMPLICON	PAIRED	Illumina MiSeq	13855	4849250	human gut metagenome
SRR1947179	SAMN03452046	PRJNA269954.N00233	Generic sample from human gut metagenome	Solexa-95393	AMPLICON	PAIRED	Illumina MiSeq	3958	1385300	human gut metagenome
SRR1948110	SAMN03454268	PRJNA269954.N00129	Generic sample from human gut metagenome	Solexa-95203	AMPLICON	PAIRED	Illumina MiSeq	7309	2558150	human gut metagenome
SRR1948113	SAMN03454270	PRJNA269954.N00151	Generic sample from human gut metagenome	Solexa-95214	AMPLICON	PAIRED	Illumina MiSeq	18612	6514200	human gut metagenome
SRR1948121	SAMN03454277	PRJNA269954.N00102	Generic sample from human gut metagenome	Solexa-95208	AMPLICON	PAIRED	Illumina MiSeq	24079	8427650	human gut metagenome
SRR1948125	SAMN03454280	PRJNA269954.N00119	Generic sample from human gut metagenome	Solexa-95240	AMPLICON	PAIRED	Illumina MiSeq	24489	8571150	human gut metagenome
SRR1948127	SAMN03454319	PRJNA269954.N00042	Generic sample from human gut metagenome	Solexa-95294	AMPLICON	PAIRED	Illumina MiSeq	28824	10088400	human gut metagenome
SRR1948128	SAMN03454282	PRJNA269954.N00109	Generic sample from human gut metagenome	Solexa-95205	AMPLICON	PAIRED	Illumina MiSeq	51429	18000150	human gut metagenome
SRR1948137	SAMN03454289	PRJNA269954.N00181	Generic sample from human gut metagenome	Solexa-95236	AMPLICON	PAIRED	Illumina MiSeq	24798	8679300	human gut metagenome
SRR1948142	SAMN03454293	PRJNA269954.N00116	Generic sample from human gut metagenome	Solexa-95225	AMPLICON	PAIRED	Illumina MiSeq	20912	7319200	human gut metagenome
SRR1948149	SAMN03454302	PRJNA269954.N00136	Generic sample from human gut metagenome	Solexa-95200	AMPLICON	PAIRED	Illumina MiSeq	47581	16653350	human gut metagenome
SRR1948150	SAMN03454300	PRJNA269954.N00135	Generic sample from human gut metagenome	Solexa-95221	AMPLICON	PAIRED	Illumina MiSeq	17183	6014050	human gut metagenome
SRR1948151	SAMN03454301	PRJNA269954.N00001	Generic sample from human gut metagenome	Solexa-95261	AMPLICON	PAIRED	Illumina MiSeq	19047	6666450	human gut metagenome
SRR1948152	SAMN03454303	PRJNA269954.N00103	Generic sample from human gut metagenome	Solexa-95224	AMPLICON	PAIRED	Illumina MiSeq	20301	7105350	human gut metagenome
SRR1948159	SAMN03454310	PRJNA269954.N00125	Generic sample from human gut metagenome	Solexa-95227	AMPLICON	PAIRED	Illumina MiSeq	10853	3798550	human gut metagenome
SRR1948160	SAMN03454311	PRJNA269954.N00141	Generic sample from human gut metagenome	Solexa-95187	AMPLICON	PAIRED	Illumina MiSeq	8679	3037650	human gut metagenome
SRR1948164	SAMN03454312	PRJNA269954.N00182	Generic sample from human gut metagenome	Solexa-95245	AMPLICON	PAIRED	Illumina MiSeq	29079	10177650	human gut metagenome
SRR1948169	SAMN03454324	PRJNA269954.N00165	Generic sample from human gut metagenome	Solexa-95192	AMPLICON	PAIRED	Illumina MiSeq	5107	1787450	human gut metagenome
SRR1950965	SAMN03458451	PRJNA269954.N00193	Generic sample from human gut metagenome	Solexa-95228	AMPLICON	PAIRED	Illumina MiSeq	4559	1595650	human gut metagenome
SRR1950966	SAMN03458453	PRJNA269954.N00047	Generic sample from human gut metagenome	Solexa-95297	AMPLICON	PAIRED	Illumina MiSeq	36240	12684000	human gut metagenome
SRR1950968	SAMN03458452	PRJNA269954.N00017	Generic sample from human gut metagenome	Solexa-95273	AMPLICON	PAIRED	Illumina MiSeq	34306	12007100	human gut metagenome
SRR1951097	SAMN03458512	PRJNA269954.N00005	Generic sample from human gut metagenome	Solexa-95264	AMPLICON	PAIRED	Illumina MiSeq	39139	13698650	human gut metagenome
SRR1951138	SAMN03458504	PRJNA269954.N00057	Generic sample from human gut metagenome	Solexa-95305	AMPLICON	PAIRED	Illumina MiSeq	15192	5317200	human gut metagenome
SRR1951139	SAMN03458505	PRJNA269954.N00187	Generic sample from human gut metagenome	Solexa-95202	AMPLICON	PAIRED	Illumina MiSeq	6581	2303350	human gut metagenome
SRR1951140	SAMN03458506	PRJNA269954.N00083	Generic sample from human gut metagenome	Solexa-95331	AMPLICON	PAIRED	Illumina MiSeq	12722	4452700	human gut metagenome
SRR1951156	SAMN03458509	PRJNA269954.N00028	Generic sample from human gut metagenome	Solexa-95282	AMPLICON	PAIRED	Illumina MiSeq	13848	4846800	human gut metagenome
SRR1951157	SAMN03458508	PRJNA269954.N00020	Generic sample from human gut metagenome	Solexa-95276	AMPLICON	PAIRED	Illumina MiSeq	13902	4865700	human gut metagenome
SRR1951159	SAMN03458510	PRJNA269954.N00076	Generic sample from human gut metagenome	Solexa-95324	AMPLICON	PAIRED	Illumina MiSeq	17386	6085100	human gut metagenome
SRR1951165	SAMN03458518	PRJNA269954.N00088	Generic sample from human gut metagenome	Solexa-95335	AMPLICON	PAIRED	Illumina MiSeq	16848	5896800	human gut metagenome
SRR1951171	SAMN03458525	PRJNA269954.N00071	Generic sample from human gut metagenome	Solexa-95319	AMPLICON	PAIRED	Illumina MiSeq	29797	10428950	human gut metagenome
SRR1951192	SAMN03458538	PRJNA269954.N00009	Generic sample from human gut metagenome	Solexa-95268	AMPLICON	PAIRED	Illumina MiSeq	4181	1463350	human gut metagenome
SRR1951202	SAMN03458545	PRJNA269954.N00039	Generic sample from human gut metagenome	Solexa-95291	AMPLICON	PAIRED	Illumina MiSeq	7731	2705850	human gut metagenome
SRR1951210	SAMN03458560	PRJNA269954.N00089	Generic sample from human gut metagenome	Solexa-95336	AMPLICON	PAIRED	Illumina MiSeq	22630	7920500	human gut metagenome
SRR1951283	SAMN03458553	PRJNA269954.N00061	Generic sample from human gut metagenome	Solexa-95309	AMPLICON	PAIRED	Illumina MiSeq	6532	2286200	human gut metagenome
SRR1951286	SAMN03458564	PRJNA269954.N00032	Generic sample from human gut metagenome	Solexa-95285	AMPLICON	PAIRED	Illumina MiSeq	36530	12785500	human gut metagenome
SRR1956741	SAMN03464922	PRJNA269954.N00214	Generic sample from human gut metagenome	Solexa-95376	AMPLICON	PAIRED	Illumina MiSeq	3623	1268050	human gut metagenome
