01D2Z36	0319-6G20	27F-1492R	37-13	67-14	A0839	A21b	A4b	AB-539-J10	AB1	Acanthopleuribacteraceae	Acetobacteraceae	Acetobacterales_Incertae_Sedis	Acholeplasmataceae	Acidaminococcaceae	Acidiferrobacteraceae	Acidithiobacillaceae	Acidobacteriaceae_(Subgroup_1)	Acidothermaceae	Actinomarinaceae	Actinomycetaceae	Actinospicaceae	AEGEAN-169_marine_group	Aerococcaceae	Aeromonadaceae	AKAU3564_sediment_group	AKIW781	Akkermansiaceae	AKYG1722	AKYH767	Alcanivoracaceae	Alicyclobacillaceae	Alteromonadaceae	Amoebophilaceae	Anaerolineaceae	Anaeroplasmataceae	Anaplasmataceae	ANME-2a-2b	Aquaspirillaceae	Archangiaceae	Arcobacteraceae	Ardenticatenaceae	Arenicellaceae	Armatimonadaceae	Atopobiaceae	Azospirillaceae	Azospirillales_Incertae_Sedis	Bacillaceae	bacteriap25	Bacteriovoracaceae	Bacteroidaceae	Bacteroidales_BS11_gut_group	Bacteroidales_RF16_group	Bacteroidales_UCG-001	Bacteroidetes_BD2-2	Bacteroidetes_vadinHA17	Balneolaceae	Barnesiellaceae	Bdellovibrionaceae	Beijerinckiaceae	Bifidobacteriaceae	BIrii41	Blastocatellaceae	Blfdi19	Bradymonadaceae	Brevibacteriaceae	Brevinemataceae	BSV26	Burkholderiaceae	Caedibacteraceae	Caldatribacteriaceae	Caldicoprobacteraceae	Caldilineaceae	Calditrichaceae	Campylobacteraceae	Carnobacteriaceae	Caulobacteraceae	Celerinatantimonadaceae	Cellvibrionaceae	Chitinimonadaceae	Chitinophagaceae	Chlamydiaceae	Chloroflexaceae	Christensenellaceae	Chromatiaceae	Chromobacteriaceae	Chthoniobacteraceae	Chthonomonadaceae	Clade_I	Clade_III	Clostridiaceae_1	Clostridiaceae_2	Clostridiaceae_3	Clostridiaceae_4	Clostridiales_vadinBB60_group	Coleofasciculaceae	Competibacteraceae	Coriobacteriaceae	Coriobacteriales_Incertae_Sedis	Corynebacteriaceae	Coxiellaceae	CPla-3_termite_group	Crocinitomicaceae	Cryomorphaceae	Cryptosporangiaceae	cvE6	Cyanobiaceae	Cyclobacteriaceae	Cytophagaceae	Deferribacteraceae	Defluviitaleaceae	Deinococcaceae	Dermabacteraceae	Dermacoccaceae	Dermatophilaceae	Desulfarculaceae	Desulfobacteraceae	Desulfobulbaceae	Desulfomicrobiaceae	Desulfovibrionaceae	Desulfuromonadaceae	DEV007	Devosiaceae	Dietziaceae	Diplorickettsiaceae	Dongiaceae	Dysgonomonadaceae	Ectothiorhodospiraceae	Eel-36e1D6	Eggerthellaceae	Elsteraceae	Elusimicrobiaceae	Enterobacteriaceae	Enterococcaceae	Entotheonellaceae	env.OPS_17	Erysipelotrichaceae	Eubacteriaceae	Euzebyaceae	F082	Family_X	Family_XI	Family_XII	Family_XIII	Family_XIV	Family_XVII	Family_XVIII	FFCH16767	FFCH9454	Fibrobacteraceae	Fimbriimonadaceae	Flammeovirgaceae	Flavobacteriaceae	Fodinicurvataceae	Frankiaceae	Fusobacteriaceae	Gaiellaceae	Gallionellaceae	Geminicoccaceae	Gemmataceae	Gemmatimonadaceae	Geobacteraceae	Geodermatophilaceae	Gimesiaceae	Glycomycetaceae	Gracilibacteraceae	GWC2-45-44	Halanaerobiaceae	Haliangiaceae	Halieaceae	Halomonadaceae	Helicobacteraceae	Heliobacteriaceae	Herpetosiphonaceae	Holophagaceae	Holosporaceae	Hydrogenedensaceae	Hydrogenophilaceae	Hymenobacteraceae	Hyphomicrobiaceae	Hyphomonadaceae	Iamiaceae	Idiomarinaceae	Ignavibacteriaceae	Ilumatobacteraceae	Incertae_Sedis_fa	Intrasporangiaceae	Isosphaeraceae	JG30-KF-AS9	JG30-KF-CM45	Kaistiaceae	KD3-10	KD3-93	Kiloniellaceae	Kineosporiaceae	Koribacteraceae	Ktedonobacteraceae	Lachnospiraceae	Lactobacillaceae	Latescibacteraceae	Legionellaceae	Lenti-02	Lentimicrobiaceae	Leptospiraceae	Leptotrichiaceae	Leuconostocaceae	Limnochordaceae	Listeriaceae	Litoricolaceae	LiUU-11-161	Longimicrobiaceae	M2PB4-65_termite_group	Magnetospiraceae	Magnetospirillaceae	Marinifilaceae	Marinilabiliaceae	Marinobacteraceae	Marinomonadaceae	Methanobacteriaceae	Methanomethylophilaceae	Methanoregulaceae	Methanosaetaceae	Methanospirillaceae	Methermicoccaceae	Methylococcaceae	Methyloligellaceae	Methylomirabilaceae	Methylomonaceae	Methylophagaceae	Methylophilaceae	Microbacteriaceae	Microbulbiferaceae	Micrococcaceae	Micromonosporaceae	Micropepsaceae	Microscillaceae	Microtrichaceae	Midichloriaceae	Mitochondria	ML635J-40_aquatic_group	mle1-27	Moduliflexaceae	Moraxellaceae	MSB-3C8	Muribaculaceae	MWH-CFBk5	Mycobacteriaceae	Mycoplasmataceae	Nannocystaceae	Nanohaloarchaeaceae	Neisseriaceae	Nisaeaceae	Nitriliruptoraceae	Nitrincolaceae	Nitrosococcaceae	Nitrosomonadaceae	Nitrosopumilaceae	Nitrososphaeraceae	Nitrosotaleaceae	Nitrospiraceae	Nocardiaceae	Nocardioidaceae	Nocardiopsaceae	Nodosilineaceae	Nostocaceae	NS11-12_marine_group	NS9_marine_group	OCS116_clade	Oleiphilaceae	Oligoflexaceae	Omnitrophaceae	Opitutaceae	Orbaceae	p-251-o5	P13-46	P3OB-42	Paenibacillaceae	Paludibacteraceae	Paracaedibacteraceae	Parachlamydiaceae	Parvibaculaceae	Parvularculaceae	Pasteurellaceae	Pedosphaeraceae	Peptococcaceae	Peptostreptococcaceae	Petrotogaceae	Phaselicystidaceae	Phormidiaceae	PHOS-HE36	Phycisphaeraceae	Pirellulaceae	Planococcaceae	Pleomorphomonadaceae	Polyangiaceae	Porphyromonadaceae	Porticoccaceae	Prevotellaceae	Prolixibacteraceae	Promicromonosporaceae	Propionibacteriaceae	PS-B29	Pseudoalteromonadaceae	Pseudohongiellaceae	Pseudomonadaceae	Pseudonocardiaceae	Puniceicoccaceae	Pyrinomonadaceae	Reyranellaceae	Rhizobiaceae	Rhizobiales_Incertae_Sedis	Rhodanobacteraceae	Rhodobacteraceae	Rhodocyclaceae	Rhodopirillaceae	Rhodospirillaceae	Rhodothermaceae	Rickettsiaceae	Rikenellaceae	Roseiflexaceae	Rubinisphaeraceae	Rubritaleaceae	Rubrobacteriaceae	Ruminococcaceae	S25-593	Saccharimonadaceae	Salinisphaeraceae	Sandaracinaceae	Saprospiraceae	SAR116_clade	SB-5	SC-I-84	Schlesneriaceae	SG8-4	Shewanellaceae	Simkaniaceae	SM2D12	Sneathiellaceae	Solibacteraceae_(Subgroup_3)	Solimonadaceae	Solirubrobacteraceae	Sphingobacteriaceae	Sphingomonadaceae	Spirochaetaceae	Spirosomaceae	Spongiibacteraceae	Sporichthyaceae	Sporolactobacillaceae	ST-12K33	Staphylococcaceae	Stappiaceae	Steroidobacteraceae	Streptococcaceae	Streptomycetaceae	Streptosporangiaceae	Succinivibrionaceae	Sulfurospirillaceae	Sva1033	Synergistaceae	Syntrophaceae	Syntrophobacteraceae	Syntrophomonadaceae	Syntrophorhabdaceae	Tannerellaceae	Terrimicrobiaceae	TG3	Thermaceae	Thermoactinomycetaceae	Thermoanaerobacteraceae	Thermoanaerobaculaceae	Thermoflexaceae	Thermomicrobiaceae	Thermomonosporaceae	Thermoproteaceae	Thioalkalispiraceae	Thioglobaceae	Thiotrichaceae	TRA3-20	Trichomonadea_fa	Trueperaceae	TSAC18	Tsukamurellaceae	UA-50	UASB-TL25	UBA12409	UBA12411	Unknown_Family	vadinBE97	Veillonellaceae	Vermiphilaceae	Verrucomicrobiaceae	Vibrionaceae	Victivallaceae	Vulgatibacteraceae	W27	WCHB1-02	WD2101_soil_group	Weeksellaceae	Woeseiaceae	Xanthobacteraceae	Xanthomonadaceae	others	BioProject	sample_alias	env_material	time	ID	prepost
SRR39238554	0	0.528730337804855	0	0	0	0	0	0	0	0	0	2.12774861445237	0	0	2.15388714658473	0	0	0	0	0	1.6173709939813	0	1.97750741494917	0	0	0	0	1.88038092169059	0	0	0	0	0	0	0	0	0	0	0	0	0	0	0	0	3.53660681280132	0	0	0.969645331331664	0	1.57826690319475	3.56563984412613	0	0	0	0	0	1.78149506110476	1.57826690319475	1.35038272777031	1.89377769022355	2.48494636739404	0	0	0	0	0	0	0	2.76886928159992	0	0	0	0	0	1.90032422551104	0	1.96087442304499	1.18387599191244	0	0	1.57826690319475	0	0	1.30164623920001	0	0	0	0	1.14866509418625	0	2.48998969714678	0	2.48494636739404	0	0	0	0.841758209506185	1.78995437227689	0	2.77843675944764	0	0	0	0	0	0	1.97203356081546	1.14866509418625	0	0	0	0	0	0	0	0	0	0	0	2.3992370266978	0	0	0	0	0.969645331331664	0	0	1.62966055354573	0	1.91939177818468	1.90032422551104	0	2.39301317810984	1.02177621749533	0	0	2.3909185820522	0	0	0	0	3.58526942462579	0	2.28970445979255	0	0	0	0	0	0	0.528730337804855	0	0.969645331331664	0	0	3.76252941601757	0	0	0	0	0	0	0	0	0	0	0	0	0	1.11034554476628	0	1.06831481522338	0	0	0.528730337804855	0	0	0	0	0	0	0	0	1.78995437227689	0	0	0	0	0	0	0	0	0	0	0	0	0	3.34638956663314	2.83933942263114	0	0	0	0	0	0	1.59169664018658	0	0	1.78149506110476	0	0	0	0	0	2.13537866392373	0	0	0	0	0	0	0	0	0	0	0	0	0	0	0	2.55361907632705	0	0	0	0	0	0	0	0	0	0	0	2.35137821451747	0	3.08338862033071	0	0	0.910392240870115	0	0	1.65324313689498	0	0	0	0	0	0	0	0	0	0	0	0	1.50407851144808	0	1.39419766702907	1.72695609294865	0	0	0	0	1.4875890405525	2.64094222715119	0	0	0	0.760203758205745	2.33972428717198	0.659709442975516	0	0	0	1.30164623920001	1.27506071060025	1.50407851144808	3.20588645640696	0	0	0	0	0	0	0	0	0	3.17525309849711	0	4.41369574885781	1.02177621749533	0	1.83751692637007	0	0	0	2.47468053256928	0	0.841758209506185	0	1.57826690319475	2.2509124949945	0	0.528730337804855	2.4883150862145	2.11998211300134	0	1.21644498490394	1.83751692637007	0	2.60012070520788	0	0	0	0	3.19940839400659	0	2.44047222897963	0	0	2.01897879345221	0	0	0	0	0	0	0	0	0	1.66457097969148	0	0.528730337804855	0	1.72695609294865	2.02875611621507	1.41455177688463	0	0	0	0	0.760203758205745	0	0	2.85548494389518	0	0	0	0	0	1.06831481522338	0	0	0	0	1.98825239458921	0	0	0	0	0	0	0	0	0	0	0	0	0	0	0	0	0	0	0	0	0	0	0.528730337804855	0	3.56549940214157	0	1.39419766702907	1.51996473777728	0	0	0	0	0	1.11034554476628	0	2.44605591225469	2.41342159132812	2.99217863201127	PRJNA1480144	ILPr01	fecal	Pre	1	0
SRR39238457	0	0.426736603135871	0	0	2.16804424947456	1.30580125451009	0	1.18203722806502	0	0	0	0.426736603135871	0	0	2.84122765313439	0	1.04250913992264	0	0	0	0.885674554185022	0	0	0	1.45602977557476	0	0	0.930502584506896	0.544945500305791	1.10379346774191	0	0	0	0	2.58214969981663	0	0	0	0	0	0	0	0.885674554185022	0	2.00910586091465	0	0	0	0	0	4.4621407701066	0	0	0	0	2.84642762238897	0	0	0	1.5473242775814	1.70877407468126	0	2.21694614532739	0	0	0	0	0	3.26450818806326	0	0.544945500305791	0	1.49255007947637	0	0	2.6115301369837	0.544945500305791	0	0	0	1.867498598206	0	0	1.95222775542805	0	0	0	0	0	0	2.1101215276333	0.544945500305791	0	0	0	0	1.10379346774191	1.18203722806502	0.779174776794882	0.835681066696357	0	0	0	0	1.00828589977946	0.637766976780975	0	0	0	0	0	0	0	0	0	1.40200491321819	0	1.20527128042697	0.779174776794882	2.30441789938646	1.074231405289	0	1.24831314386931	0	0	0	1.32338884248811	0	0	1.48071461734431	0	0	2.47616817009294	2.54446446032304	0	0	2.36168977919199	1.60506320566009	0	0	0	2.88403537790102	0	1.77450602321412	0	0	0	0	0	0	1.5959575192296	0	0	0.779174776794882	0	3.8768291619983	1.78653767531874	0	1.356561499743	1.56743567385191	1.71581342379595	0	0	0	0	0.71420099050465	0	0	0.930502584506896	0	0	0	0	0	0	0	0.885674554185022	1.15748958556978	0	2.71875740996597	0	1.56743567385191	0	0	0	0	0	0.637766976780975	0	1.87239505448777	0	0	0	0	0	0	0	3.84374339790428	2.28790257486254	0.930502584506896	0.544945500305791	0	0.71420099050465	0	0	0	0	0	0	0	0	0	0	0	2.65620349588485	0	0	0	0.544945500305791	0	0	0	0	0	1.55749638063944	0	0	0	0	1.79824496949805	1.00828589977946	0	0.885674554185022	0	0	0.71420099050465	1.4161541261027	0	0	0	0	0	0.426736603135871	0	2.65298765589816	0	1.45602977557476	0	0	0	0	0	0	0	0.779174776794882	2.12670002307041	0	0	0	1.9228997326542	1.45602977557476	0.971133319842304	0	0	0	0	1.00828589977946	0	0	0.835681066696357	0	0	0	0	0	1.10379346774191	0	1.074231405289	0	0	0	0	0	0.426736603135871	0	2.78369854326287	0.544945500305791	0	0	0.544945500305791	0	1.42985686859055	0	0.779174776794882	0	0.930502584506896	0	3.38953590777428	1.91854353523656	0	0	0	0	0	1.18203722806502	0	0	0	1.20527128042697	1.074231405289	2.06254409215791	1.58665682132378	2.35533095596064	1.84215233673479	1.10379346774191	0	0	0	3.32520096634293	0	1.45602977557476	0	0	3.42830767233053	0	0	0	0.71420099050465	2.05621300034536	0	0	2.25082699506448	0	0	0	0.544945500305791	0	0	0	0	1.90520647253147	0	1.74288245803123	0	0	1.68694439776993	0	0	1.04250913992264	1.00828589977946	0	1.8473413119961	2.51221574737579	0	0	0	0	0	2.85714900904355	1.90520647253147	0.544945500305791	2.02309439158511	1.61398189071969	2.48457343618143	0	0	0	0	0	1.73627172339575	0	0.637766976780975	0	0	0	0	0	0	0	0	0	0	0	0	0	0	1.10379346774191	0	2.24260134293873	0	0.71420099050465	0	0	0	0	0.426736603135871	0	0	0	1.90520647253147	1.52623614481119	3.28305576828769	PRJNA1480144	ILPo01	fecal	Post	1	1
SRR39238553	0	0	0	0	0	0	0	0	0	0	0	0	0	0	2.86200137232478	0	0	0.482545858278574	0	0	1.14318587912588	0	0	0	0	0	0	0	0	0	0	0	0	0	0	0	0	0	0	0	0	0	0	0	0.96146036093058	0	0	0	0	0	4.54948683591158	0	0	0	0	0	0	0.89166879179326	0	0.570185836406243	1.49921408343006	0	0	0	0	0	0	0	2.8176589612768	0	0	0	0	0	3.29057856664918	0	0	0	0	0	0.372630581529403	0	0	1.16389786447459	0	0	0	0	0	0	1.79330977680466	0	0	0	0	0	0	1.77882748613901	0	1.63460429440416	0	0	0	0	0	0	0	0	0	0	0	0	0	0	0	0	0	0	0	2.02087090057815	0	0	0	0	0	0	0	0	0	1.44977797381125	0	0	2.70966371416961	0.992556298934043	0	0	2.17340004984275	0	0	0	0	3.06792047191635	0	1.47023249786931	0	0	0	0	0	0	0.482545858278574	0	0	0	0	2.72437790970053	0	0	0	0	0.76001886048586	0	0	0	0	0	0	0	0	0	0	0	0	0	0	0	0	0	0	0	0	0.570185836406243	0	0	0	0	0	0	0	0	0	0	0	0	0	0	0	4.00824117179118	0.89166879179326	0	0	0	0	0	0	0	0	0	0	0	0.372630581529403	0	0	0	2.30692439689441	0	0	0	0	0	0	0	0	0	0	0	0	0	0	0	0	0	0.482545858278574	0	0	0	0	0	1.57609617555444	0	0	0	0	0	0.372630581529403	0	0	0	0	0	0	0	0	0	0.570185836406243	0.372630581529403	0	0	0	0	0	0.643075274221839	0	0	0	0	0	0	0	0	0	0	0	0	0	0	0	0	0	0	0	0	0	0	0.89166879179326	2.304004486699	0	0	0	0	0	0	0	0	0	2.68539752938536	0	3.38729296165476	0	0	0	0	0	0	0.705471444950476	0	0	0.643075274221839	0	0.85206016612134	0	1.52638205005135	0	0	0	0	0	0	2.13190291893263	0.372630581529403	0	0	0.372630581529403	3.89675810114815	0	0.372630581529403	0	0	0	0	0	0	0	0	0	0	0	0	0	0	0.808473286686907	0	0.372630581529403	0	0	0	0	0	0	0.705471444950476	0	0	2.25110383024001	0	0	0	0	0	0	0	0	0	0	2.68721981741079	0	0	0	0	0	0	0	0	0	0	0	0	0	0	0	0	0	0	0	0	0	0	0	0	2.86159585806778	0	0	0	0	0	0	0	0	0	0	2.98445319911907	0	2.57117510123628	PRJNA1480144	ILPr02	fecal	Pre	2	0
SRR39238456	0	0	0	0	0.606303089694382	0	0	0	0	0	0	0	0	0	1.50721524812956	0	0	0.401337797323821	0	0	2.78397112153627	0	0	0	0	0	0	0	0	0	0	0	0	0	0	0	0	0	0	0	0	0	0	0	2.26149244113161	0	0	0	0	0	3.7195156086804	0	0	0	0	0	0	0.97118293692956	0	0	0.934406521693404	0	0	0	0	0	0	0	1.59096324770417	0	0	0	0	0	0.934406521693404	0	0	0	0	0	0	0	0	0	0	0	0	0	0	0	0	0	0	0	0	0	0	0.934406521693404	0	3.18115636909541	0	0	0	0	0	0	0	0	0	0	0	0	0	0	0	0	0	0	0	1.78007094258327	0	0	0	0	0	0	0	0	0	0.681158884728212	0	0	2.20973320982026	0	0	0	1.66828412229813	0	0	0	0	3.84005228704984	0	2.30773468926985	0	0	0	0	0	0	0	0	0	0	0	4.27430786196425	0.515801534906197	0	0	0	0.401337797323821	0	0	0	0	0	0	0	0	0	0	0	0	0	0	0	0	0	0	0.401337797323821	0	0	0	0	0	0	0	0	0	0	0	0	0	0	0	0	0	2.73154938569791	0.681158884728212	0	0	0	0	0	0	0	0	0	0	0	0.401337797323821	0	0	0	1.20941740969116	0	0	0	0	0	0	0	0	0	0	0	0	0	0	0	0	0	0	0	0	0	0	0	1.66828412229813	0	0	0	0	0	0	0	0	0	0	0	0	0	0	0	0	0	0	0	0	0	0	0	0	0	0	0	0	0	0	0	0	0	0	0	0	0	0.401337797323821	0	0	0	0	0	0	0	0	1.49682893442653	0	0	0	0	0	0	0	0	0	4.47220064164432	0	2.47765407260592	0	0	0	0	0	0	0	0	0	0	0	0.74498947631825	0	1.03653443071414	0	0	0	0	0	0	1.86889428219138	0	0	0	0.606303089694382	2.48527698298349	0	0	0	0	0	0	0	0	0	0	0	0	0	0	0	0	0	0	0	0	0	0	0	0	0	0	0	0	1.41620754929196	0	0	0	0	0	0	0	0	0	0	2.12700154778554	0	0	0	0	0	0	0	0	0	0	0	0	0	0	0	0	0	0	0	0	0	0	0	0	2.51247396946273	0	0	0	0	0	0	0	0	0	0	2.73883519399479	0	1.75179250310573	PRJNA1480144	ILPo02	fecal	Post	2	1
SRR39238532	0	0	0	0	0	0	0	0	0	0	0	0	0	0	1.27432054867199	0	0	0	0	0	1.95813100258564	0	0	0.687626742052112	0.941620399807298	0	0	1.07331760575145	0	0	0	0	0	0	0.406274181167449	0	0	0	0	0	0	0	0	0	2.55095252935459	0	0	0.941620399807298	0	0	3.46281322590445	0	0	0	0	0	0	0.521485636387431	0	0.406274181167449	2.69996399133988	0	0	0	0	0	0	0	1.75391834728269	0	0	0	0	0	3.24129575979161	1.63152334774989	0	0	0	0	0.687626742052112	0	0	0	0	0	0	0	0	0	1.12669977944692	0	0	0	0.406274181167449	0	0	1.8769394555745	0	1.42405205328572	0	0	0	0	0	0	0	0	0	0	0	0	0	0	0	0	0	0	0	2.34869602842987	0	0	0.521485636387431	0	0	0.521485636387431	0.521485636387431	0	0	2.06867888808794	0	0	2.67723859773561	0	0	0	2.59326474658031	0	0	0	0.406274181167449	3.73848556822087	0	2.27140625014357	0	0	0	0	0	0	0	0	0	0	0	3.68413847972508	0	0	0	0	0.856955616034779	0	0	0	0	0	0	0	0	0	1.27432054867199	0	0	0	0	0	0	0	0	0	0.6124529548615	0	1.04394557610083	0	0	0	0.807503587030731	0	0	0	0	0	0	0	0	0	0	3.71870093217555	2.2873103199402	0	0	0	0	0	1.01244204081755	0	0	0	0	0	0	0	0	0	1.8769394555745	0	0	0	0	0	0	0	0	0	0	0	0	0	0	0	1.01244204081755	0	0	0	0	0	0.751688250464108	0	0	0.406274181167449	0	0	1.54488189440818	0	3.39242204248945	0	0	0.521485636387431	0	0	0	0	0	0	0	0	0	0	0	0.751688250464108	0	0	0	0	0	0	0	0	0	0	0	0	0.521485636387431	0	0	0	0	0	0	0	0	0	2.31747111809019	0	1.4831639801032	2.67440141355939	0	0	0	0	0	0	0	0	0	4.24024072120953	0	4.27463630793046	0	0	0	0	0	0	0.687626742052112	0	0	0	0	0	0	0.807503587030731	0.856955616034779	0	0	0	0	0	1.62359683437774	0	0	0	0	3.09224821849823	0	0	0	0	0	0	0	0	0	0	0	0	0	0	0	0	0.406274181167449	0	0	0.941620399807298	0	0	0	0	0	1.67626513067237	0	0	2.19268970731884	0	0	0	0	0	0	0	0	0	0	2.34718696811279	0	0	0	0	0	0	0	0	0	0	0	0	0	0	0	0	0	0	0	0	0	0	0.521485636387431	0	3.06964674014953	0	0	1.19618080360058	0	0	0	0	0	0	0	0	0.6124529548615	2.66286361338321	PRJNA1480144	ILPr03	fecal	Pre	3	0
SRR39238521	0	0	0	0	0	0	0	0	0	0	0	0	0	0	1.29059742477331	0	0	0	0	0	2.02423570109166	0	0	1.60409754962647	1.22207216592959	0	0	1.22207216592959	0	0	0	0	0	0	0	0	0.946335392392209	0	0	0.384715695777984	0	0	0	0	1.51934221266631	0	0.777251129706664	0.869970525633102	0	0	3.90167614919303	0	0	0	0	0	0	0.659208129860112	0	0	1.45921044404604	0	0	0	0	0	0	0	2.91288609794752	0	0	0	0.585465709053927	0	1.7185082869907	2.49664234439802	0.496588317260086	0	0	0	0	0	0	1.24024348287152	0	0	0	0	0	0	1.52860188527307	0	0	0	0.384715695777984	0	0	3.16378286258626	0	2.84552333933548	0	0	0	0	0	0	0	0	0	0	0	0	0	0	0	0	0	0	0	1.70651101675415	0	0	0	0.869970525633102	0	0.384715695777984	0	0	0	2.11619918403412	0	0	4.49181369409645	0	0	0	2.95979912548061	0	0	0	0	3.83021353499786	0	1.59632869501735	0	0	0	0	0	0	0	0	0.384715695777984	0	0	2.65720603045362	0	0	0	0	0	0	0	0	0	0	0	0	0	0	1.7185082869907	0.585465709053927	0	0	0	0	0	0	0	0	0	0	0.980009393958681	0	0	0	1.27445288211374	0	0	0	0	0	0	0	0	0	0	3.921437620643	2.27995866173344	0	0	0	0	0	0	0	0	0	0	0	0.722227915507021	0	0	0	1.06772777507545	0	0	0	0	0	0	0	0	0	0	0.496588317260086	0	0	0	0	0	0	1.27445288211374	0.909829268490789	0	0.585465709053927	0.826080525457091	0	0	0	0	0	1.81847995593526	0	1.70651101675415	0	0	1.57215178219391	0	0	0.496588317260086	0	0	0	0	0	0.384715695777984	0	0	0.496588317260086	0	0	0	0	0	0	0	0	0	0	0	0	0	0	0	0	0.585465709053927	0	0	0	0	0	2.48362965651835	0	1.43716225548069	2.39111831311047	0	0	0	0	0	0	1.36338334383271	0	0	2.42263757234858	0	2.60051676463349	0	0	0.869970525633102	0	0	0	1.41393458145469	0	0	0.826080525457091	0	0.909829268490789	0.496588317260086	1.06772777507545	0.980009393958681	0	0	0	0	0	1.61172987028141	0	0	0	0.496588317260086	2.71096983264915	0	0	0	0	0	0	0	0.826080525457091	0	0	0	0	0	0	0	0	0	0.585465709053927	0.946335392392209	0.496588317260086	0	0	0.722227915507021	0	0	2.44762980050293	0	0	3.36043208552847	0	0	0	0	0	0	0	0	0	0	2.40837388186147	0	0	0	0	0	0	0	0	0	0	0	0	0	0	0	0	0	0	0	0	0	0	0.869970525633102	0	2.44541628591191	0	0	1.44832625207714	0	0	0	0	0	0	0	0.659208129860112	1.27445288211374	3.00611962084192	PRJNA1480144	ILPr04	fecal	Pre	4	0
SRR39238498	0	1.03530934897473	0	0	2.48393210338985	0	0	0	0	0	0.514864119490364	1.18728824343964	0	0.680091087825764	2.2510194737226	0	0	0	0	2.33621225363577	1.03530934897473	0	1.58964860522853	0.969978023586774	0.893048379489507	0	0.400524512767996	1.24709253596411	0	0	0	0	0	0	1.26532740731164	0	0	0	0	1.22805834703338	0	0	0	0	1.31584413949811	0	0	1.85854520986126	1.58110262360081	0.933214365476005	3.61121646986417	0	0	0	0	0	1.5634889882295	2.11569645492085	0.848785497690501	1.73861988348394	1.92201530544337	1.16537188317771	1.03530934897473	0	0.605288225376977	0	0	0	3.21568392514451	0	0	0	0	0	2.18754079313695	0	0	0	0.933214365476005	0	1.99102663252621	0	0.400524512767996	1.58964860522853	0	0	2.13056080747726	0	1.40206786466289	0.680091087825764	1.38883430469468	0	0	0	1.11791316797268	0.680091087825764	0	1.71390939402282	0	1.90597604983459	0.514864119490364	0	0	1.38883430469468	0	0	2.24731260492947	0.605288225376977	0	1.31584413949811	0	0.400524512767996	0	0	0	0.933214365476005	0.680091087825764	1.29964945023664	0	2.34818033483026	0	0	0	0	0.400524512767996	1.03530934897473	0.605288225376977	0	0	1.97039448532327	0	0	3.04469963260271	1.97390196505955	1.6944077708027	0.680091087825764	3.00298986909269	0	0	0	0	3.88330825152076	0	1.6944077708027	0	0	0	0	0	0	0	0	1.70100609222787	0	0	3.0133205537269	2.11316883763396	0	1.37518479179297	1.37518479179297	2.34521909203499	0.514864119490364	1.64517926966958	0	0	0	0	0	1.73861988348394	2.13056080747726	0.933214365476005	0	0	0.400524512767996	0	0	0	0	0	1.20815153966879	0.680091087825764	0	0	0	2.17232525272313	0	0	0	0	1.73861988348394	0	0	0	0.79949403186337	1.33145658123172	0	0	3.76524821110737	3.07145921920746	0.400524512767996	0	0.400524512767996	0	0	1.82542030880115	1.11791316797268	0	0	1.42738341920848	0	1.14229047585659	0	0.680091087825764	0	2.80792007331267	0	1.06462470033973	0	0.605288225376977	0	0	0	0	0	0.605288225376977	1.26532740731164	0	0	0	1.81041212977693	2.27785616202482	0	1.26532740731164	1.93366759727818	0	0.848785497690501	1.72644036224489	0	0	0	0	0	0	0	2.98803357812978	0	1.37518479179297	0	0	0	0	0.605288225376977	1.33145658123172	1.31584413949811	1.36109232684261	1.75046713467835	0.933214365476005	1.46278803216484	0	0.848785497690501	0	1.80011056871447	0	0	0	0.79949403186337	0.680091087825764	0	0	1.16537188317771	0	0.969978023586774	0	0	0	0.605288225376977	0.680091087825764	0	0	0	0	0	4.08627569343131	1.54513069095897	1.673989103421	2.02024587314567	0	0	0	0	0.79949403186337	1.18728824343964	1.6944077708027	0	1.36109232684261	0.893048379489507	0	3.77936233443425	0.400524512767996	0	0	0	0	1.06462470033973	1.46278803216484	1.83992711892295	0.514864119490364	2.40611321749704	0.933214365476005	1.14229047585659	1.09208574202541	0	2.65556746671409	1.06462470033973	0	0	1.06462470033973	0.400524512767996	3.1065577706301	0.848785497690501	0.514864119490364	1.20815153966879	2.24357382402206	4.01271775991977	0	0	0.680091087825764	1.03530934897473	1.5356520828117	1.59802966048974	0	1.79486668185808	0	0	0	0	0	0	1.37518479179297	0	2.19809164873982	1.09208574202541	2.02956450831075	0	0	0	0.743883212938426	0	0	1.70750566253276	0	1.66696382767031	2.06211776619783	1.24709253596411	0.743883212938426	0	0	0	0.848785497690501	0	0.605288225376977	0	0	2.77771251695851	0	0	0	0	0	1.50590797652336	0	0.514864119490364	0	0	0	1.16537188317771	0	1.76765323369886	0	0.605288225376977	0	0	0	0	0	0	1.74458390592445	0.605288225376977	2.78316635561897	0	0.514864119490364	1.31584413949811	0	0	0	0	0	0	0	2.07058820601617	1.31584413949811	3.46912228638577	PRJNA1480144	ILPr06	fecal	Pre	6	0
SRR39238471	0	0.560364274234649	0	0	1.86587499885623	0.364909841056562	0	0	0	0	0	0.560364274234649	0	0.47354104079766	1.42618282086295	0	0	0.632688452459779	0	1.9102600119864	1.50443646936289	0	1.13067718577991	0	1.84595315868727	0	0	1.86587499885623	0	0	1.03650322275219	0	0.916086609921744	0	0.916086609921744	0	0	0	0	0	0	0	0	0	0	0	0	0	0	0	3.9106693811333	0	0	0	0	0	0.87993085280094	0	0.980455097405778	0.916086609921744	1.30309335673533	0.748900742773847	0	0.694670192229764	0	0	0	0	2.73682960737479	0	0	0	0	0	4.03898891569472	1.17107065445784	0.632688452459779	0	0	0	1.31709562205436	0	0	0	0	0	1.62142890917529	0	0.980455097405778	0	0	0	0	0	0.840489463312981	0	0	1.22538587994437	0	1.03650322275219	0	0	0.694670192229764	1.00938269870975	0	0	1.88863427886207	0.694670192229764	0	0.916086609921744	0	0	0	0	0	0	0.364909841056562	0	0	1.76556233046336	0	0	0	0	0	0.560364274234649	0	0	0	1.24207956226901	0	0	3.11901814524227	1.5629665989116	1.08613784596065	0	2.13558453434829	0	0	0	0	3.98692219060637	0	1.3810426298094	0	0	0	0	0	0	0	0	1.44710729416673	0	0	4.25531815577403	0	0	0.560364274234649	0	1.75058839409845	0	0.980455097405778	0	0	0	0	0	0.840489463312981	1.69079257548769	0.79710504465801	0	0	0	0	0	0	0	0.748900742773847	0.748900742773847	0.632688452459779	0.632688452459779	0	0	1.66062894884604	0	0	0	0	0.748900742773847	0	0	0	0	0	0	0	3.69465957537711	2.70811956677011	0	0	0	0	0	0	0	0	0	1.08613784596065	0	0	0	0	0	1.41532996819128	0	0	0	0	0	0	0	0	0	0	0	0	0	0	1.48615488391312	1.96003570588262	0	0	0.980455097405778	0	0.47354104079766	0.949462301950871	0	0	0	0.560364274234649	0	0.694670192229764	0	2.60137148823259	0	0	0	0	0	0.694670192229764	0	1.13067718577991	0	0	1.20802477518354	0.632688452459779	0.632688452459779	0	1.08613784596065	0	0.916086609921744	0	0	0	0	0.79710504465801	0.364909841056562	0.748900742773847	0.364909841056562	0.47354104079766	0	0	0	0	0	0	0	0	0	0	0	3.15086851916845	0.840489463312981	0.79710504465801	2.38616371529239	0	0	0	0	0.560364274234649	0	1.28862455513098	0	0	2.32302357495001	0	3.23006597201827	0.47354104079766	0	0.560364274234649	0	0	0	0	1.5132965477115	0	1.72442405895199	0	0	0.632688452459779	0	2.12926031983202	0	0	0	0	0	1.90672967989433	0	0	0.364909841056562	1.48615488391312	3.03005327892529	0	0.748900742773847	0.694670192229764	0.560364274234649	1.24207956226901	1.18994064960299	0	1.10897823577696	0	0	0	0	0	0	0.47354104079766	0.632688452459779	1.71899657611762	0.748900742773847	1.68492512478791	0	0	0	1.13067718577991	0	0	1.17107065445784	0.560364274234649	0.916086609921744	1.61453724720751	0	0	0	0	0	0	0	0	0	0	2.3885079723216	0.47354104079766	0	0	0	0	0.632688452459779	0	0	0	0	0	0.980455097405778	0	1.06202922865985	0	0	0	0	0	0	0	0	0	0	3.37957124643912	0	0	0	0	0	0	0	0.949462301950871	0	0.980455097405778	1.47671716513408	1.08613784596065	3.31149970675121	PRJNA1480144	ILPr07	fecal	Pre	7	0
SRR39238492	0	0	0	0	0.935447514761052	0	0	0	0	0	0	0	0	0	2.5696949657314	0	0	0	0	1.52841402507133	0	0	1.14463596996113	0	0	0	0	1.14463596996113	0	0	0	0	0.402048538928798	0	0	0	0	0	0	0	0	0	0	0	0.801621138173344	0	0	0	0.516620537192087	0	4.15014495250566	0	0	0	0	0	0.895253033848903	0	0	0	1.14463596996113	0	0	0	0	0	0	0	3.32598099685027	0	0	0	0	0	1.85182739059878	0	0	0	0.607189609669989	0	0	0	0	0.935447514761052	0	0	0.516620537192087	0	0.850955539949928	0	0.607189609669989	0	0	0	0.516620537192087	0	0	1.00614831133411	0	0	0	0	0	0.402048538928798	0	0	1.50835647720739	0	0	0	0	0	0	0	0	0	0.516620537192087	0	0	2.00675838215114	0	0	0	0	0	0	1.21052259432011	0.607189609669989	0	1.28522310901511	0	0	4.48625722756409	1.21052259432011	0	0	2.49816596063295	0	0	0	0	2.35363740993685	0	0.607189609669989	0	0	0	0	0	0	0	0	1.34894083433903	0	0	2.28725515420768	0	0	0	0	1.18965161665917	0	0	0	0	0	0	0	0	1.44194400913027	0.607189609669989	0	0	0	0	0	0	0	0	0	0	0	0	0	0.972235040634049	0	0	0	0	0	0	0	0	0	0	0	0.402048538928798	3.46307587598565	2.40473903175636	0	0	0	0	0	0	0	0	0	0.972235040634049	0	0.402048538928798	0	0	0	0.895253033848903	0	0	0	0	0	0	0	0	0	0	0	0	0	0	1.18965161665917	1.33386621468616	0	0	0	0	0	0.682091536822319	0	0	0	0	0	0.516620537192087	0	2.51364816826616	0	0	0	0	0	0	0	0.682091536822319	0.682091536822319	0	0.516620537192087	0.402048538928798	0	0	0	0	0	0	0	0	0	0	0	0.682091536822319	0.402048538928798	0	0	0	0	0	0	0	0	0	0	0	0	1.83763543618509	0.516620537192087	0	1.26771771551225	0	0	0	0	0	0	0	0	0	1.18965161665917	0	3.84189709956045	0	0	0	0	0	0	0	0	0	0.682091536822319	0	0	0	0	1.69688395357964	0	0	0	0	0	1.91253785361112	0	0	0	0	3.72389171261288	0.402048538928798	0	0	0	0.745955646342183	0.402048538928798	0	0	0	0	0	0	0	0	0	0	0	0	0	0	0	0	0	0	0	1.09440897390383	0	0	0.745955646342183	0	0	0	0	0	0	0	0	0	0	3.03488241745542	0	0	0	0	0	0	0	0	0	0	0	0.682091536822319	0	0	0	0	0	0	0	0	0	0	0.607189609669989	0	2.26085283500764	0	0	0	0	0	0	0	0	0.402048538928798	0	0	0.607189609669989	2.16814740603327	PRJNA1480144	ILPr08	fecal	Pre	8	0
SRR39238481	0	0	0	0	0.919340850592518	1.21541852833868	0	0	0	0	0	0	0	0	1.81372686574958	0	0	0	0	0	2.09755366261304	0	0	0	0	0	0	1.7620544055562	0	0	0	0	0	0	0.628049228293091	0	0	0	0	0	0.418854331570412	0	0	0	1.58361569269944	0	0	0.535927719624985	0	0	3.94136214144564	0	0	0	0	0	0	2.98972847472123	0	0	2.39825685583754	0	0	0	0	0	0	0	2.49622737633249	0	0	0	0	0	0	1.68920658359311	0.535927719624985	0	0	0	1.06264590896902	0	0	1.94772909136435	0	0	0	0	0	0	0	0	0	0	0.824885979302699	0	2.13009379647532	1.92738028245	0	1.71713073137359	0	0	0	0	0	0	0	0	0	0.824885979302699	0	0.418854331570412	0	0	0	0.418854331570412	0	0	0	1.95168689194248	0	0	0	0	0	0	0	0	0	1.67454101299908	0	0	1.53502103738945	1.49180643704548	0	0	2.27154483156774	0	0	0	0	3.36895732472113	0	2.31801250630003	0	0	0	0	0	0	0	0	0	0	0	3.29377409142346	0.628049228293091	0	0	0	1.09213684695721	0	0.704008552183331	0	0	0	0	0	0	0	0.535927719624985	0	0	0	0	0	0	0	0	0.874676247984195	0	0	0	0	0.628049228293091	0	0	0	0	0	0	0	0	0	0	0	0	3.66121472284345	2.97839267424874	0	0	0	0	0	4.20117474393619	0	0	0	0	0	0.418854331570412	0	0	0	2.930664349634	0	0	0	0	0	0	0	0	0	0	0	0	0	0	0	0	0	0	0.919340850592518	0	0	0	0	0	0	0	0	0	0	3.06448183092981	0	0	1.43093594818452	0	0	0	0	0	0	0	0.996877590688419	0	0	0	0.768639246125774	0	0.535927719624985	0	0	0	0	0	0	0	0	0	0	0	0	0	0	0	0.874676247984195	0	0	0	0	1.23637058826472	0	0.919340850592518	2.1404203661869	0	0.418854331570412	0	0	0	0	0.919340850592518	0	0.535927719624985	4.07221916079242	0	3.7474868586254	0	0	0	0	0	0	0.628049228293091	0	0	0.996877590688419	0	0.418854331570412	0	0.535927719624985	0.535927719624985	1.71031620813211	0	0	0	0	2.95713357071546	0	0	0	0.959837304548352	3.7356633433314	0	0	0	0	0.824885979302699	0	0	0.824885979302699	0	0	0	0	0	0	0.628049228293091	0	0.824885979302699	0	0	0	0.535927719624985	0	0	0	0	1.88357763294658	0	0.628049228293091	3.21240918337837	0	0	0	0	0	0	0	0	0	0	2.35222249418276	0	0	0	0	0	0	0	0	0	0	0	0	0	0	0	0	0	0	0	0	0	0	0	0	2.45373495086395	0	0	0	0	0	0	0	0	0	0	0	1.031005532841	2.40524525440121	PRJNA1480144	ILPr09	fecal	Pre	9	0
SRR39238454	0	0	0	0	0	0	0	0	0	0	0	0	0	0	2.88989496485763	0	0	0	0	0	1.29427092915349	0	0	0	0	0	0	1.3460260655201	0	0	0	0	0	0	0	0	0	0	0	0	0	0	0	0	0	0	0	0	0	0	3.62095257844205	0	0	0	0	0	0	1.67306534619385	0	0	2.80038336924729	0	0	0	0	0	0	0	3.25263931528118	0	0	0	0	0	2.23480176118235	0	0	0	0	0	0	0	0	1.74684703828684	0	0	0	0	0	0	1.43405128060437	0	2.04396989024862	0	0	0	0	2.59496019432986	0	1.56979757978191	0	0	0	0	0	0	0	0	0	0	0	0	0	0	0	0	0	0	0	1.97522824302346	0	0	0	0	0	0	0	0	0	1.94559331434858	0	0	2.5922010299884	0.928214376320621	0	0	3.07317792142247	0	0	0	0	3.66990031577515	0	2.10330312918862	0	0	0	0	0	0	0	0	0	0	0	1.81819924691374	0	0	0	0	0	0	0	0	0	0	0	0	0	0	0	0	0	0	0	0	0	0	0	0	0	0	0	0	0	0	0	0	0	0	0	0	0	0	0	0	0	3.77658697244704	0	0	0	0	0	0	0	0	0	0	0	0	0	0	0	0	2.94299542128871	0	0	0	0	0	0	0	0	0	0	0	0	0	0	0	0	0	0	0	0	0	0	0	0	0	0	0	0	0	0.543093190659691	0	0	0	0	0	0	0	0	0	0	0	0	0	0	0	0	0	0	0	0	0	0	0	0	0	0	0	0	0	0	0	0	0	0	0	0	0	0	0	0.777013708120157	2.322923527864	0	0	0	0	0	0	0	0	0.543093190659691	2.00296950504358	0	4.4617209714072	0	0	0	0	0	0	0	0	0	0	0	0	0	0	0	0	0	0	0	0	3.21933175563745	0.543093190659691	0	0	0.675616012347311	3.98545123685647	0	0	0	0	0	0	0	0.543093190659691	0	0	0	0	0	0	0	0	0.675616012347311	0	0	0	0	0	0	0	0	0.777013708120157	0	0	1.6114518017965	0	0	0	0	0	0	0	0	0	0	2.97280218879363	0	0	0	0	0	0	0	0	0	0	0	0	0	0	0	0	0	0	0	0	0	0	0	0	3.40619597582432	0	0	0	0	0	0	0	0	0	0	0	0	1.79279591530516	PRJNA1480144	ILPr10	fecal	Pre	10	0
SRR39238455	0	0	0	0	0	0	0	0	0	0	0	0	0	0	0	0	0	0	0	0	2.5273351734293	0	0	0	0	0	0	0	0	0	0	0	0	0	0	0	0	0	0	0	0	0	0	0	2.06885145539103	0	0	0	0	0	1.33096453252472	0	0	0	0	0	0	0	0	0	2.95043042337207	0	0	0	0	0	0	0	2.02403050686578	0	0	0	0	0	2.3559788165577	1.86789004716249	0	0	0	0	0	0	0	0	0	0	0	0	0	0	0	0	2.22264011939978	0	0	0	0	0	0	2.30138764511331	0	0	0	0	0	0	0	0	0	0	0	0	0	0	0	0	0	0	0	1.9681194938997	0	0	0	0	0	0	0	0	0	1.79435884157954	0	0	0	0	0	0	1.30428493886395	0	0	0	0	3.49592412527745	0	0	0	0	0	0	0	0	0	0	0	0	0	2.13459114429868	0	0	0	0	0	0	0	0	0	0	0	0	0	0	0	0	0	0	0	0	0	0	0	0	0	0	0	0	0	0	0	0	0	0	0	0	0	0	0	0	0	2.44808255672935	0	0	0	0	0	0	3.4152459166229	0	0	0	0	0	0	0	0	0	0	0	0	0	0	0	0	0	0	0	0	0	0	0	0	0	0	0	0	0	0	0	0	0	0	0	0	0	0	0	3.52617299554524	0	0	3.89699088602613	0	0	0	0	0	0	0	0	0	0	0	0	0	0	0	0	0	0	0	0	0	0	0	0	0	0	0	0	0	2.0445239396063	0	0	0	0	0	0	1.17735379190211	3.24809651805912	0	0	0	0	0	0	0	0	0	3.1341641206008	0	4.54906572144379	0	0	0	0	0	0	0	0	0	0	0.785812915540854	0	0	0	0	0	0	0	0	0	1.67173827142151	0	0	0	0	2.92019113347853	0	0	0	0	0	0	0	0	0	0	0	0	0	0	0	0	0	0	0	0	0	0	0	0	0	1.04974420927132	0	0	0	0	0	0	0	0	0	0	0	0	0	0	0	0	0	0	0	0	0	0	0	0	0	0	0	0	0.55064342657681	0	0	0	0	0	0	0	0	0	3.72400867223754	0	0	0	0	0	0	0	0	0	0	0	0.55064342657681	3.1402281851214	PRJNA1480144	ILPo10	fecal	Post	10	1
SRR39238519	0	0	0	0	0	0	0.676446152417254	0	0	0	0	1.29526950766462	0	0	1.89456018179549	0	0	0	0	0	0	0	0	0	1.88050424873391	0	0	1.73807638139722	0	0	0	0	0	0	0	0	0	0	0	0.543844160571488	0	0	0	0	0	0	0	0	0	0	4.00976379981924	0	0	0	0	0	0	0.676446152417254	0	0	1.50822597274288	0	0	0	0	0	0	0	1.90142115416741	0	0	0	0	0	1.23649380812393	0	0	0	0	0	0	0	0	0	0	0	0	0	0	0	0	0	1.66245117902848	0	0	0	0	1.62552066568336	0	0	0	0	0	0	0	0	0	0	0	0	0	0	0	0	0	0	0	0	0	2.04987567366042	0	0	0	0	0	0	0	0	0	0.676446152417254	0	0	4.58939603919198	1.61247803539631	0	0	2.42660541763148	0.777890041418285	0	0	0	2.94956458636508	0	1.81093114608708	0	0	0	0	0	0	0	0	0	0	0	3.32443199762633	0	0	0	0	0	0	0	0	0	0	0	0	0	0	0	0	0	0	0	0	0	0	0	0	0	0	0	0	0	0	0	0	0	0	0	0	0	0	0	0	0	3.00658054697585	1.37076773639814	0	0	0	0	0	0	0	0	0	0	0	0	0	0	0	1.5708212257158	0	0	0	0	0	0	0	0	0	0	0	0	0	0	0	0	0	0	0	0	0	0	0	0	0	0	0	0	0	0	0	0	0	0	0	0	0	0	0	0	0	0	0	0	0	0	0.676446152417254	0	0	0	0	0	0	0	0	0	0	0	0	0	0	0	0	0	0	0	0	1.87330192244707	0	0	2.42046833999798	0	0	0	0	0	0	0	0	0	0.543844160571488	0	2.72478164201603	0	0	0	0	0	0	0	0	0	0	0	0	0	0	0	0	0	0	0	0	1.34703063907966	0	0	0	0	2.57487520930719	0	0	0	0	0	0	0	0.988723307227002	0	0	2.95860893933288	0	0	0	0	0	0	0	0	0	0	0	0	0	0	0	0	0	1.59903155217924	0	0	0	0	0	0	0	0	0	0	2.46914140804348	0	0	0	0	0	0	0	0	0	0	0	0	0	0	0	0	0	0	0	0	0	0	0	0	2.45794765941452	0	0	0	0	0	0	0	0	0	0	0	0	3.9562631557677	PRJNA1480144	ILPr11	fecal	Pre	11	0
SRR39238552	0	0	0	0	0	0	0	0	0	0	0	0	0	0	1.95682814945949	0	0	0	0	0	2.48807906553371	0	0	0	0	0	0	0	0	0	0	0	0	0	0	0	0	0	0	0	0	0	0	0	0	0.738532540780879	0	0	0	0	2.94648315419452	0	0	0	0	0	0	1.15928481287763	0	0	2.12407266758298	0	0	0	0	0	0	0	3.19345566917801	0	0	0	0	0	2.06550292274767	0	0	0	0	0	0	0	0	0.63925269659223	0	0	0	0	0	0	0	0	0	0	0	0	0	2.14545439523855	0	3.88844882368921	0	0	0	0	0	0	0	0	0	0	0	0	0	0	0	0	0	0	0	0.997986411518313	0	0	0	0	0	0	0	0	0	1.72002709806906	0	0	2.52005002176681	1.49441734219826	0	0	2.01219932832114	0	0	0	0	4.64079019793465	0	0	0	0	0	0	0	0	0	0	0	0	0	0	0	0	0	0	0	0	0	0	0	0	0	0	0	0	0	0	0	0	0	0	0	0	0	0	0	0	0	0	0	0	0	0	0	0	0	0	0	0	0	0	0	3.02106814180859	0	0	0	0	0	0	0	0	0	0	0	0	0	0	0	0	0.738532540780879	0	0	0	0	0	0	0	0	0	0	0	0	0	0	0	0	0	0	0	0	0	0	0	0	0	0	0	0	0	0.51033527608363	0	0	0	0	0	0	0	0	0	0	0	0	0	0	0	0	0.63925269659223	0	0	0	0	0	0	0	0	0	0	0	0	0	0	0	0	0	0	0	0	2.6158156052042	0	0	1.57903080090918	0	0	0	0	0	0	0	0	0	0	0	3.76315160312093	0	0	0.738532540780879	0	0	0	0.51033527608363	0	0	0	0	0	0	0	0	0	0	0	0	0	1.78045086116766	0	0	0	0	2.78041755458272	0	0	0	0	0	0	0	0	0	0	0	0	0	0	0	0	0	0	0.51033527608363	0	0	0	0	0	0	2.10158348940191	0	0	2.0074473612274	0	0	0	0	0	0	0	0	0	0	2.410441281064	0	0	0	0	0	0	0	0	0	0	0	0	0	0	0	0	0	0	0	0	0	0	0	0	3.32718645861542	0	0	0	0	0	0	0	0	0	0	0	0	2.06966312315704	PRJNA1480144	ILPr12	fecal	Pre	12	0
SRR39238541	0	0	0	0	0	0	0	0	0	0	0	0	0	0	1.68201399104706	0	0	0	0	0	1.6612760432062	0	0	0	0	0	0	0	0	0	0	0	0	0	0	0	0	0	0	0	0	0	0	0	1.9628791972639	0	0	0	0	0	2.3569026596139	0	0	0	0	0	0	0	0	0	1.12489245319209	0	0	0	0	0	0	0	1.27731868318737	0	0	0	0	0	2.03142010035529	3.23486589448934	0	0	0	0	0	0	0	1.59236354512647	0	0	0	0	0	0	0	1.32591556188636	2.38787902242168	0	0	0	0	1.38992308128922	0	0	0	0	0	0	0	0	0	0	0	0	0	0	0	0	0	0	0	0	0	1.56672795886477	0	0	0	0	0	0	0	0	0	0.510835233849282	0	0	3.04522555993569	0	0	0	0	0	0	0	0	3.76738245683842	0	2.45257282973396	0	0	0	0	0	0	0	0	0	0	0	3.69377015467669	0	0	0	0	0	0	0	0	0	0	0	0	0	0	0	0	0	0	0	0	0	0	0	0	0	0	0	0	0	0.510835233849282	0	0	0	0	0	0	0	0	0	0	0	2.56669105058095	0	0	0	0	0	0	0	0	0	0	0	0	0	0	0	0	0.510835233849282	0	0	0	0.639809983046393	0	0	0	0	0	0	0	0	0	0	0	0	0	0	0	0	0	0	0	0	0	0	0	0	0	1.69202306549115	0	0	0	0	0	0	0	0	0	0	0	0	0	0	0	0	0	0	0	0	0	0	0	0	0	0	0	0	0	0	0	0	1.84127222720884	0	0	0	0	3.63214336503198	0	1.22259061952628	2.79540872278136	0	0	0	0	0	0	0	0	0	3.10036232564707	0	4.53439146526023	0	0	0	0	0	0	0	0	0	0	0	0	0	0	0	0	0	0	0	0	1.12489245319209	0	0	0	0	2.57194109927059	0	0	0	0	0	0	0	0	0	0	0	0	0	0	0	0	0	0	0	0	0	0	0	0	0	0	0	0	3.90810829201883	0	0	0	0	0	1.15995786463974	0	0	0	0	1.30229650761525	0	0	0	0	0	0	0	0	0	0	0	0	0	0	0	0	0	0	0	0	0	0	0	0	3.14720461014937	0	0	0	0	0	0	0	0	0	0	0	0	2.48562854358304	PRJNA1480144	ILPr13	fecal	Pre	13	0
SRR39238540	0	0	0	0	1.6191177556973	0	0	0.529991202511465	0	0	0	0	0	0	1.8888976685073	0	0	1.11199685227333	0	0	0.661108101543719	0	0	0	1.96826040910539	0	0	1.56614975886953	0	0.843290865390452	0	0	0	0.529991202511465	0	0	0	0	0	0	0	0	0	0	0	0	0	2.52397788500587	0	0	3.89303735567671	0	0	0	0	0.529991202511465	0	1.15032810562065	0.76168326065103	0	2.08922318966679	0	1.06995203974309	0.529991202511465	0	0	0	0	2.91455792314121	0	0	0	0	0	1.06995203974309	0	1.21812632991309	0	1.32840345516658	0	2.23494393766876	0	0.529991202511465	1.41627287686268	0	0	1.67736302230797	0	0	0	0	0	1.50581242326964	0	0	1.11199685227333	0	2.01577890577166	0	1.37455667841277	0	0	0.971243610868927	0	0	0	0	1.98468442707359	0.971243610868927	0	0	0	0	0	0	0	0	0	0	2.04479506631377	0	0	0	0	0.529991202511465	1.8821472668449	0.529991202511465	0	0	0	0	0	4.66170678577341	1.6191177556973	0	1.02339617251387	2.15566448553145	0	0	0	0	2.41520456842444	0.661108101543719	1.78325539031974	0	0	0	0	0	0	0.76168326065103	0	2.18373003901777	0	0	2.48673039140811	1.97927847489354	0	0.76168326065103	0	2.04479506631377	0	0	0	0.971243610868927	0	0	0	1.21812632991309	0	0	0	0	0	0	0	0	0	1.27675575923608	0	0	0	0	0	1.15032810562065	0	0	0	0	1.06995203974309	0	0	0	0	0	1.24842966031768	0	3.07873551110666	0.661108101543719	0	0	0	0	0	0	0	0	0	0	0	1.65499331650088	0	0	0	1.77462743475067	0	0	0	0	0	0	0	0	0	1.24842966031768	0	0	0	0	1.02339617251387	0.843290865390452	0	0	1.64336099717214	0	1.06995203974309	0	0	1.02339617251387	0	0	0	0	0	0.529991202511465	0	0	0	0.76168326065103	0	0.529991202511465	0	0	0	0	1.95695552216676	0	2.0934259072928	0	1.6191177556973	0	1.75683962129765	0	0	0	0	0	0	0	0	0	0.529991202511465	0	0	0	0	2.10984151190484	0	0	0	0	0	0	1.64336099717214	0	1.92733469546846	0	0	0	0	0	0	1.98468442707359	0	1.30334691895349	2.02075156668814	0	2.84112670856277	0	0	0	0	0	0	1.92733469546846	2.44037829874883	0	1.71891683397072	1.60646900229001	2.04479506631377	1.18554888410745	1.35209287632567	0	0	0	0	0	0	2.39688040040129	1.63140851813675	0	0	0.661108101543719	2.8898768392364	0	1.15032810562065	0	0.971243610868927	1.15032810562065	0	0	2.07199341238633	0	0	0	0	0	0	2.04944806373999	0.529991202511465	1.84672554379817	2.59140387714139	2.15927348004705	0	1.06995203974309	0	0	0	0	0	0	0	1.74766483087787	0	1.6191177556973	0	0	0	0	0	0	0	0	2.75361705251256	0	0	0	0	0	0.843290865390452	0	0	0	0	0	0	0	1.50581242326964	0	0.843290865390452	0	1.95119077696383	0	0	0	0	1.27675575923608	0	2.8036668356545	0	0	0	0	1.06995203974309	0	0	0.76168326065103	1.32840345516658	0	1.96264474852937	1.35209287632567	3.20250050637868	PRJNA1480144	ILPr14	fecal	Pre	14	0
SRR39238539	0	0	0	0	0	0	0	0	0	0	0	0	0	0	3.30998040982779	0	0	0	0	0	2.12979166977627	0	0	0	0	0	0	1.16809415560532	0	0	0	0	0	0	0	0	0	0	0	0	0	0	0	0	0	0	0	0	0	0	3.31936767768075	0	0	0	0	0	0	0.895597039978273	0	0	1.98200135171729	0	0	0	0	0	0	0	3.79139937282455	0	0	0	0	0	2.11479825475149	0	0	0	0	0	0	0	0	1.39830562423257	0	0	0	0	0	0	1.2308073709639	0	2.80099913974804	0	0	0	0	2.45260417326564	0	2.39257359743216	0	0	0	0	0	0	0	0	0	0	0	0	0	0	0	0	0	0	0	1.09477142529116	0	0	0	0	0	0	0	0	0	1.81328834291524	0	0	2.28593617945378	0	0	0	2.70465320307126	0	0	0	0	4.37918090650492	0	1.2308073709639	0	0	0	0	0	0	0	0	0	0	0	1.7562490199607	0	0	0	0	0	0	0	0	0	0	0	0	0.516894765520076	0	0	0	0	0	0	0	0	0	0	0	0	0	0	0	0	0	0	0	0	0	0	0	0	0	0	0	0	3.69203049931075	0.516894765520076	0	0	0	0	0	0	0	0	0	0	0.516894765520076	0	0	0	0	2.19469448847493	0	0	0	0	0	0	0	0	0	0	0	0	0	0	0	0	0	0	0	0	0	0	0	0	0	0	0	0	0	0	0	0	0	0	0	0	0	0	0	0	0.646558529096033	0	0	0	0.646558529096033	0	0	0	0	0	0	0	0	0	0	0	0	0	0	0	0	0	0.516894765520076	0	0	0	0	2.05345591752145	0	0.516894765520076	1.94976657223085	0	0	0	0	0	0	0	0	0	0	0	4.19787010315156	0	0	0	0	0	0	0	0	0	0	0	0	0	0	0	0	0	0	0	0	2.58712786270576	0	0	0	0	3.55139482642301	0	0	0	0	0	0	0	0	0	0	0	0	0	0	0	0	0	0	0	0	0	0	0	0	0	0.895597039978273	0	0	1.93270517658333	0	0	0	0	0	0	0	0	0	0	2.74130649399645	0	0	0	0	0	0	0	0	0	0	0	0	0	0	0	0	0	0	0	0	0	0	0	0	3.50952561928793	0	0	0	0	0	0	0	0	0	0	0	0	2.57008805705909	PRJNA1480144	ILPr15	fecal	Pre	15	0
SRR39238538	0	0	0	0	0	0	0	0	0	0	0	0	0	0	2.28332960344837	0	0	0	0	0	0.858477829058108	0	0	0	0	0	0	3.26251712540093	0	0	0	0	0	0	0	0	0	0	0	0	0	0	0	0	0	0	0	0.443554122518628	0	0	4.43495649162881	0	0	0	0	0	0	1.46878692861291	0	0	2.5709675986011	0	0	0	0	0	0	0	2.56889025471126	0	0	0	0	0	1.6309994119276	0	0	0	0	0	0	0	0	0.801443682826309	0	0	0	0	0	0	0	0	2.03185930215278	0	0	0	0	2.35537743656683	0	0	0	0	0	0	0	0	0	0	0	0	0	0	0	0	0	0	0	0	0	1.87868351727811	0	0	0	0	0	0	0	0	0	0	0	0	2.32360183775382	0	0	0	2.00218425150423	0	0	0	0	3.09602938207792	0	1.89372542153233	0	0	0	0	0	0	0	0	0	0	0	4.15749794046023	0	0	0	0	0	0	0	0	0	0	0	0	0	0	0	0	0	0	0	0	0	0	0	0	0	0	0	0	0	0	0	0	0	0	0	0	0	0	0	0	0	3.87290920937381	0	0	0	0	0	0	0	0	0	0	0	0	0	0	0	0	2.07936100340005	0	0	0	0	0	0	0	0	0	0	0	0	0	0	0	0	0	0	0	0	0	0	0	0	0	0	0	0	0	0	0	0	0	0	0	0	0	0	0	0	0	0	0	0	0	0	0	0	0	0	0	0	0	0	0	0	0	0	0	0	0	0	1.58335838488308	0	0	0	0	0	0	0	2.09822917204612	0	0	0	0	0	0	0	0	0	2.74319901088879	0	3.20537137430053	0	0	0	0	0	0	0	0	0	0	0	0	0	0	0	0	0	0	0	0	2.14762556356886	0	0	0	0	3.44293467376946	0	0	0	0	0	0	0	0	0	0	0	0	0	0	0.735770683808967	0	0	0	0	0	0	0	0	0	0	0	0	0	1.09862973580437	0	0	0.954043362328612	0	0	0	0	0	0	0	2.69144717447881	0	0	0	0	0	0	0	0	0	0	0	0	0	0	0	0	0	0	0	0	0	0	0	0	3.7764529657047	0	0	0	0	0	0	0	0	0	0	0	0	2.17939305079609	PRJNA1480144	ILPr16	fecal	Pre	16	0
SRR39238537	0	0	0	0	0	0	0.940966104216606	0	0	0	0	0.733725957861066	0	0	1.74979329639061	0	0	0.882233291823635	0	0	0.634723312029787	0	0	0	0.882233291823635	0	0.506274289600107	4.39534287726882	0	0.882233291823635	0	0	0	0	0	0	0	0	0	0.733725957861066	0	0	0	0	0	0	0	2.14307239593582	0	0	4.1762435288286	0	0	0	0	0	0	1.85530976466918	0	0	1.9968141977937	0	0.940966104216606	0	0	0	0	0	2.83675160703053	0	0	0	0	0	1.34200401975966	0.940966104216606	1.08067968187412	0	0	0	2.05966635905881	0	0	0.634723312029787	0	0	0	0	0	0	1.70489347460775	0	0	0	0	0	0	1.59819019542556	0	0	0	0	0	0	0	0	0	0	0	0	0	0	0	0	0	0	0	0	0	2.52001177184424	0	0	0	0	0	1.74979329639061	0	0	0	1.82768485506273	0	0	3.5961701726617	0	0.506274289600107	0	2.89238855525856	0	0	0	0	3.0678843626921	0	2.02031927387061	0	0	0	0	0	0	0	0	0.634723312029787	0	0	3.50600959202711	0	0	0.814296711547389	0	1.43932542240779	0	1.92330133941043	0	0	0	0	0	0.634723312029787	0	0.634723312029787	1.38358374851924	0	0	0	0	0	0	1.15380784806175	0	0	0	0	0	1.18621919612015	0	0	0	0.506274289600107	0.882233291823635	0	0	0.733725957861066	0	0	0	0	3.70888054465887	1.18621919612015	0	0	0	0	0	0	0	0	0	0	0	0	0	0	0	2.35032128262807	0	0	0	0	0	0	0	0	0	0	0	0	0	0	0	0	0	0	0	0	1.08067968187412	0	0	0	0	0	0	0	0	1.03891121012104	0	0	0	0	0	0.634723312029787	0	0	0	0	0	0	0.940966104216606	0	0.992693982817673	1.91170488082346	1.77466158396617	0	0	0	0	0	0	0	0.506274289600107	0	0	0	0	0	0.634723312029787	1.15380784806175	1.36329130409604	0	0	0	0	1.76652935527433	1.03891121012104	0	2.04694268312291	0	0	0	0	0	0	0	0	0.992693982817673	2.4869245035676	0	3.02162100288708	0	0	0	0	0	0	2.28830693987752	0	0	0	0	1.85530976466918	0	1.70489347460775	0	0	0	0	0	0	1.86849005021509	0	0	0	0	3.71028439237297	0	0	0	0.733725957861066	0.733725957861066	0	0	1.31961929981679	0	0	0	0	0	0	1.58592314099432	0	0	0.506274289600107	1.64406175977138	0	0	0	0	0	0	0	0	1.08067968187412	1.77466158396617	0	0	0.506274289600107	0	0	0	0	0	0	0	2.62270286873841	0	0	0	0.634723312029787	0	0	0	0	0	0	0	0	0	1.40297020189994	0	0	0	0	0	0	0	0	0	0	2.99188276580599	0	0	0	0	0	0	0	0	0	0	0	1.31961929981679	2.79653789177043	PRJNA1480144	ILPr17	fecal	Pre	17	0
SRR39238453	0	0	0	0	0	0	0	0	0	0	0	0	0	0	0	0	0	0	0	0	1.65324297731002	0	0	0	0	0	0	1.21970110754281	0	0	0	0	0	0	0	0	0	0	0	0	0	0	0	0	2.00399374424068	0	0	0	0	0	2.12686555393578	0	0	0	0	0	0	0.966169520508291	0	0	1.55431749595924	0	0	0	0	0	0	0	0.746919132525859	0	0	0	0	0	0	0	0	0	0	0	0	0	0	0	0	0.452317830925841	0	0	0	0	0	0	0	0	0	0	0	0	0	1.4819502663836	0	0	0	0	0	0	0	0	0	0	0	0	0	0	0	0	0	0	0	0	0	0	0	0	0	0	0	0	0	1.77576240997625	0	0	0	4.76583687979045	0	0	1.75527006612173	0.920846171229738	0	0	0	2.7135916353991	0	2.36379964457273	0	0	0	0	0	0	0	0	0	0	0	0.812939719441556	0	0	0	0	0	0	0	0	0	0	0	0	0	0	0	0	0	0	0	0	0	0	0	0	0	0	0	0	0	0	0	0	0	0	0	0	0	0	0	0	0	1.69536624721237	0	0	0	0	0	0	0	0	0	1.62585713175756	0	0	0	0	0	0	0	0	0	0	0	0	0	0	0	0	0	0	0	0	0	0	0	0	0.669031260753296	0	0	0	0	0	0	0	0	0	0	0	0.574054115579052	0	0	0.452317830925841	0	0	0	0	0	0	0	0	0	0	0	0	0	0	0	0	0	0	0	0	0	0	0	0	0	0	0	0	0	0	0	0	0	0	0	0	0	0.669031260753296	0	0	0	0	0	0	0	0	0	0	0	0	0	0	1.07920980567398	0	0	0	2.29888407571607	0	0	0	0	0	0	0	0	0	0	0	0	0	0.746919132525859	0	0	0	0	1.57598751750874	0	0	0	0	0.452317830925841	0	0	0	0	0	0	0	0	0	0	0	0	0	0	0	0	0	0	0	0	1.32568215455499	0	0	2.09925100343321	0	0	0	0	0	0	0	0	0	0	3.76740967465421	0	0	0	0	0	0	0	0	0	0	0	0	0	0	0	0	0	0	0	0	0	0	0	0	0	0	0	0.452317830925841	0	0	0	0	0	0	0	0	0	1.00720667607803	PRJNA1480144	ILPo17	fecal	Post	17	1
SRR39238536	0	0	0	0	0	0	0	0	0	0	0	0	0	0	1.9201143191939	0	0	0	0	0	2.77817585995236	0	0	0	0	0	0	0	0	0	0	0	0.641276876209041	0	0	0	0	0	0	0	0	0	0	0	0	0	0	0	0	0	2.34575930101858	0	0	0	0	0	0	0	0	0	1.19418256628728	0	0	0	0	0	0	0	2.58669224941489	0	0	0	0	0	0	0	0	0	0	0	0	0	0	0	0	0	0	0	0	0	1.55516843639077	0	1.9201143191939	0	0	0	0	1.30410396986233	0.889639063656037	2.92769305010355	0	0	0	0	0	0	0	0	0	0	0	0	0	0	0	0	0	0	0	0	0	0	0	0	0	0	0	0	0	1.52703809753176	0	0	1.16172862001386	1.12665216255918	0	0	1.69388658593826	0	0	0	0	4.75534594480368	0	0	0	0	0	0	0	0	0	0	0	0	0	0	0	0	0	0	0	0	0	0	0	0	0	0	0	0	0	0	0	0	0	0	0	0	0	0	0	0	0	0	0	0	0	0	0	0	0	0	0	0	0	0	0	2.76071487128533	0.740679611972	0	0	0	0	0	0	0	0	0	0	0	0	0	0	0	0	0	0	0	0	0	0	0	0	0	0	0	0	0	0	0	0	0	0	0	0	0	0	0	0	0	0	0	0.512151541202988	0	0	0	0	0	0	0	0	0	0	0	0	0	0	0	0	0	0	1.04665253694956	0	0	0	0	0	0	0	0	0	0	0	0	0	0	0	0	0	0	0	0	0	0	0	1.7910180106203	0	0	0	0	0	0	0	0	0	0	0	3.18854184618828	0	0	0	0	0	0	0	1.92595263261746	0	0	0	0.948512055791287	0	0	0	0	0	0	0	0	1.56857857884416	0	0	0	0	3.04800251913708	0	0	0	0	0	0	0	0	0	0	0	0	0	0	0	0	0	0	0	0	0	0	0	0	0	1.2243790158842	0	0	0	0	0	0	0	0	0	0	0	0	0	1.86370487502202	0	0	0	0	0	0	0	0	0	0	0	0	0	0	0	0	0	0	0	0	0	0	0	0	3.43908771021426	0	0	0	0	0	0	0	0	0	0	0	0.821514759898295	2.50468702357825	PRJNA1480144	ILPr18	fecal	Pre	18	0
SRR39238535	0	0	0	0	0	0	0	0	0	0	0	0	0	0	2.08520051313838	0	0	0	0	0	2.57568722692289	0	0	0	0	0	0	0	0	0	0	0	0	0	0	0	0	0	0	0	0	0	0	0	0	0	0	0	0	0	2.88921812421113	0	0	0	0	0	0	0	0	0	1.37995184275685	0	0	0	0	0	0	0	3.44335090785438	0	0	0	0	0	1.47322539063007	0	0.684032083573405	0	0	0	0	0	0	0	0	0	0	0	0	0	1.42908786710007	0	2.52037739878369	0	0	0	0	1.72195691624068	0.886724930862936	3.09185048018203	0	0	0	0	0	0	0	0	0	0	0	0	0	0	0	0	0	0	0	0.588070895389362	0	0	0	0	0	0	0	0	0	1.57280165069242	0	0	1.1865620541402	1.5837847635093	0	0	1.96371673523042	0	0	0	0	4.70477582912479	0	0	0	0	0	0	0	0	0	0	0	0	0	0	0	0	0	0	0	0	0	0	0	0	0	0	0	0	0	0	0	0	0	0	0	0	0	0	0	0	0	0	0	0	0	0	0	0.684032083573405	0	0	0	0	0	0	0	2.84755932662425	0	0	0	0	0	0	0	0	0	0	0	0	0	0	0	0	0	0	0	0	0	0	0	0	0	0	0	0	0	0	0	0	0	0	0	0	0	0	0	0	0	0	0	0	0	0	0	0	0	0	0	0	0	0	0	0	0	0	0	0	0	0	0	0	0	0	0	0	0	0	0	0	0	0	0	0	0	0	0	0	0	0	0	0	0	0	0	1.0966609929868	0	0	0	0	0	0	0	0	0	0	0	3.3517671688458	0	0	0	0	0	0	0	0	0	0	0	0	0	0	0	0	0	0	0	0	2.11492571756137	0	0	0	0	3.08948750731153	0	0	0	0	0	0	0	0	0	0	0	0	0	0	0	0	0	0	1.06202130582193	0	0	0	0	0	0	1.12874071823372	0	0	0.886724930862936	0	0	0	0	0	0	0	0	0	0	2.15163710232361	0	0	0	0	0	0	0	0	0	0	0	0	0	0	0	0	0	0	0	0	0	0	0	0	3.64560993909525	0	0	0.886724930862936	0	0	0	0	0	0	0	0	0	2.6086569681117	PRJNA1480144	ILPr19	fecal	Pre	19	0
SRR39238534	0	0	0	0	0	0	0	0	0	0	0	0	0	0	1.63185019727332	0	0	0	0	0	2.72445641389258	0	0	0	0	0	0	0	0	0	0	0	0	0	0	0	0	0	0	0	0	0	0	0	0	0	0	0	0	0	2.7896950147292	0	0	0	0	0	0	1.16345219665132	0	0	1.55696785944884	0	0	0	0	0	0	0	3.30670067356179	0	0	0	0	0	1.65419289314214	0	0	0	0	0	0	0	0	0	0	0	0	0	0	0	1.4315035800458	0	2.22331283227444	0	0	0	0	1.76842683109906	0	3.44817223969985	0	0	0	0	0	0	0	0	0	0	0	0	0	1.7244183230906	0	0	0	0	0	0	0	0	0	0	0	0	0	0	0	1.41292871065085	0	0	1.5703795661042	1.74256028008768	0	0	1.91602480886845	0	0	0	0	4.72102933057943	0	0.513434099349615	0	0	0	0	0	0	0	0	0	0	0	1.16345219665132	0	0	0	0	0	0	0	0	0	0	0	0	0	0	0	0	0	0	0	0	0	0	0	0	0	0	0	0	0	0	0	0	0	0	0	0	0	0	0	0	0	2.84849477496351	0.74219478635088	0	0	0	0	0	0	0	0	0	0	0	0	0	0	0	1.09019199374186	0	0	0	0	0	0	0	0	0	0	0	0	0	0	0	0	0	0	0	0	0	0	0	1.19591530936473	0	0	0	0	0	0	0	0	0	0	0	0	0	0	0	0	0	0	0	0	0	0	0	0	0	0	0	0	0	0	0	0	0	0	0	0	0	0	0	0	0	0	0	0	0	0	0	0	0	0	0	0	0	0	0	0	1.12836503039088	0	3.51351910764228	0	0	0	0	0	0	2.1929055851629	0	0	0	0	0	0	0	1.04833748793	0	0	0	0	0	1.65419289314214	0	0	0	0	2.82268258112563	0	0	0	0	0	0	0	0	0	0	0	0	0	0	0	0	0	0	0	0	0	0	0	0	0	1.70548535146947	0	0	1.83789616215781	0	0	0	0	0	0	0	0	0	0	2.00221585720847	0	0	0	0	0	0	0	0	0	0	0	0	0	0	0	0	0	0	0	0	0	0	0	0	3.01189931540154	0	0	0	0	0	0	0	0	0	0	0	0	2.76000977359082	PRJNA1480144	ILPr20	fecal	Pre	20	0
SRR39238533	0	0	0	0	0	0	0	0	0	0	0	0	0	0	1.52667494496982	0	0	0	0	0	0.665121957455216	0	0	0	0	0	0	1.25326952583118	0	0	0	0	0	0	0	0	0	0	0	0	0	0	0	0	0	0	0	0.847686650879725	0	0	4.27737486042397	0	0	0	0	0	0	1.52667494496982	0	0	0	0	0	0	0	0	0	0	1.68238351131769	0	0	0	0	0	0	0	0	0	0	0	0.533611833952603	0	0	1.93240208494174	0	0	0	0	0	0	2.11893869341869	0	0	1.19034389666077	0	0	0	2.94363118336991	0	0	0	0	0	0	0	0	0	0	0	0	0	0	0	0	0	0	0	0	0	3.08125529151547	0	0	0	0	0	0	0	0	0	2.38067638181868	0	0	3.55755532505722	0	0	0	3.1967532578147	0	0	0	0	3.4255744250827	0	3.87492951244543	0	0	0	0	0	0	0	0	0	0	0	3.29273970438835	0	0	0	0	0.533611833952603	0	0	0	0	0	0	0	0	0	0	0	0	0.533611833952603	0	0	0	0	0	0	0	0	0	0	0	0	0	0	0	0	0	0	0	0	0	0	0	3.24141422569967	0	0	0	0	0	0	0	0	0	0	0	0	0	0	0	0	2.93700821186592	0	0	0	0	0	0	0	0	0	0	0	0	0	0	0	0	0	0	0	0	0	0	0	0	0	0	0	0	0	0	0	0	0	0	0	0	0	0	0	0	0	0	0	0	0	0	0	0	0	0	0	0	0	0	0	0	0	0	0	0	0	0	1.54200770113895	0	0	0	0	1.11673044945946	0	0	3.0430640483311	0	0	0	0	0	0	0	0	0	4.0848766660965	0	3.14696750688281	0	0	0	0	0	0	0	0	0	0	0	0	0	0	0	0	0	0	0	0	3.18251090115694	0	0	0	0	3.05153534769443	0	0	0	0	0	0	0	0	0	0	1.5107809927824	0	0	0	0.533611833952603	0	0	0	0	0	0	0	0	0	0	0	0	0	1.6114704864107	0	0	0	0	0	0	0	0	0	0	3.55536951465687	0	0	0	0	0	0	0	0	0	0	0	0	0	0	0	0	0	0	0	0	0	0	0	0	3.46364477203472	0	0	0	0	0	0	0	0	0	0	0	0	2.66064136424059	PRJNA1480144	ILPr21	fecal	Pre	21	0
SRR39238531	0	0	0	0	0	0	0	0	0	0	0	0	0	0	1.6224933160106	0	0	0	0	0	0.653986283259103	0	0	0	0	0	0	0	0	0	0	0	0	0	0	0	0	0	0	0	0	0	0	0	0	0	0	0	0	0	3.61149481656218	0	0	0	0	0	0	2.53755014811253	0	0	1.26811261828836	0	0	0	0	0	0	0	1.95922890813319	0	0	0	0	0	2.04039963993107	1.2398193638954	0	0	0	0	0	0	0	0.653986283259103	0	0	0	0	0	0	0	0	1.99661975308025	0	0	0	0	1.65739033214082	1.34337211490907	0	0	0	0	0	0	0	0	0	0	0	0	0	0	0	0	0	0	0	0	1.85931747312722	0	0	0	0	0	0	0	0	0	0	0	0	4.38472616210011	0	0	0	1.83028364822507	0	0	0	0	2.98903201522989	0	2.01170876653751	0	0	0	0	0	0	0	0	0	0	0	1.87988606640985	0	0	0	0	0	0	0	0	0	0	0	0	0	0	0	0	0	0	0	0	0	0	0	0	0	0	0	0	0	1.0151388811199	0	0	0	0	0	0	0	0	0	0	0	3.75438594701124	2.00673711844393	0	0	0	0	0	0	0	0	0	0	0	0	0	0	0	2.08436955481813	0	0	0	0	0	0	0	0	0	0	0	0	0	0	0	0	0	0	0	0	0	0	0	0	0	0	0	0	0	1.48048898451315	0	0	0	0	0	0	0	0	0	0	0	0	0	0	0	0	0	0	0	0	0	0	0	0	0	0	0	0	0	0	0	0	0	0	0	0	0	0	0	0	0	0	0	0	0	0	0	0	0	0	3.45796726026138	0	4.17501069941885	0	0	0	0	0	0	0	0	0	0	0	0	0	0.523575199823341	0	0.653986283259103	0	0	0	0	2.4312810109695	0	0	0	0	3.96600009054042	0	0	0	0	0	0	0	0	0	0	0	0	0	0	0	0	0	0	0	0	0	0	0	0	0	0	0	0	1.1770196171414	0	0	0	0	0	0	0	0	0	0	2.66217386940457	0	0	0	0	0	0	0	0	0	0	0	0	0	0	0	0	0	0	0	0	0	0	0	0	3.10411306356537	0	0	0	1.10357849761997	0	0	0	0	0	0	0	0	2.6730903376981	PRJNA1480144	ILPr22	fecal	Pre	22	0
SRR39238530	0	0	0	0	0	0	0	0	0	0	0	0	0	0	2.10618157362836	0	0	0	0	0	0	0	0	0	0	0	0	0	0	0	0	0	0	0	0	0	0	0	0	0	0	0	0	0	0	0	0	0	0	0	4.08634710094942	0	0	0	0	0	0	0	0	0	1.82381459158041	0	0	0	0	0	0	0	2.77559378576339	0	0	0	0	0	2.72116547364239	0	0	0	0	0	0	0	0	0	0	0	0	0	0	0	0	0	0	0	0	0	0	1.65096908827704	0	1.00921056814073	0	0	0	0	0	0	0	0	0	0	0	0	0	0	0	0	0	0	0	1.42060673017164	0	0	0	0	0	0	0	0	0	0	0	0	1.43919440762187	0	0	0	2.05201618375494	0	0	0	0	2.68448752752361	0	1.70352445983311	0.518985685120352	0	0	0	0	0	0	0	0	0	0	4.54887869595799	0	0	0	0	0	0	0	0	0	0	0	0	0	0	0	0	0	0	0	0	0	0	0	0	0	0	0	0	0	0	0	0	0	0	0	0	0	0	0	0	0	4.0215059336074	0	0	0	0	0	0	0	0	0	1.13575980478469	0	0	0	0	0	0	2.12907092984485	0	0	0	0	0	0	0	0	0	0	0	0	0	0	0	0	0	0	0	0	0	0	0	0	0	0	0	0	0	1.35953330406901	0	0	0	0	0	0	0	0	0	0	0	0	0	0	0	0	0	0	0	0	0	0	0	0	0	0	0	0	0	0	0	0	1.05561297556114	0	0	0	0	0	0	0	2.09827562030756	0	0	0	0	0	0	0	0	0	2.06941321325183	0	3.03397916726672	0	0	0	0	0	0	0	0	0	0	0	0	0	0	0	0	0	0	0	0	1.87340645564848	0	0	0	0	3.33918267717752	0	0	0	0	0	0	0	0	0	0	0	0	0	0	0	0	0	0	0	0	0	0	0	0	0	0	0	0	2.15433439901237	0	0	0	0	0	0	0	0	0	0	2.76968341217019	0	0	0	0	0	0	0	0	0	0	0	0	0	0	0	0	0	0	0	0	0	0	0	0	3.06949254498881	0	0	0	0	0	0	0	0	0	0	0	0	2.05643120987075	PRJNA1480144	ILPr23	fecal	Pre	23	0
SRR39238529	0	0	0	0	0	0	0	0	0	0	0	0	0	0	0	0	0	0	0	0	1.89586484912456	0	0	0	0	0	0	0	0	0	0	0	0	0	0	0	0	0	0	0	0	0	0	0	0	0	0	0	0	0	4.45846395194267	0	0	0	0	0	0	0.790895188731507	0	0	1.94957264303168	0	0	0	0	0	0	0	3.96248437371662	0	0	0	0	0	0	1.55888818042337	0.6135462328329	0	0	0	0	0	0	0	0	0	0	0	0	0	0	0	0	2.14867717667178	0	0	0	0	0	0	0	0	0	0	0	0	0	0	0	0	0	0	0	0	0	0	0	0	0	1.35698951899349	0	0	0	0	0	0	0	0	0	0	0	0	4.23378305709324	2.81040903420098	0	0	2.53764769236294	0	0	0	0	2.2054834750746	0	0	0	0	0	0	0	0	0	0	0	0	0	0	0	0	0	0	0	0	0	0	0	0	0	0	0	0	0	0	0	0	0	0	0	0	0	0	0	0	0	0	0	0	0	0	0	0	0	0	0	0	0	0	0	2.57630867501447	0	0	0	0	0	0	0	0	0	1.33675364812841	0	0	0	0	0	0	0	0	0	0	0	0	0	0	0	0	0	0	0	0	0	0	0	0	0	0	0	0	0	0	0	0	0	0	0	0	0.487346146568529	0	0	0	0	0	1.80739840469969	0	0	0	0	0	0	0	0	0	0	0	0.487346146568529	0	0	0	0	0	0	0	0	0	0	0	0	0	0	0	0	0	0	0	2.13570885999539	0	0	0	0	0	0	0	0	0	0	0	0	0	0	0.487346146568529	0	0	0	0	0	0	0	0	0	0	0	0	0	0	0	0.487346146568529	0	0	0	0	0.6135462328329	0	0	0	0	1.89010989028444	0	0	0	0	0	0	0	0	0	0	0	0	0	0	0	0	0	0	0.6135462328329	0	0	0	0	0	0	0	0	0	2.28700992929078	0	0	0	0	0	0	0	0	0	0	2.3373963949042	0	0	0	0	0	0	0	0	0	0	0	0	0	0	0	0	0	0	0	0	0	0	0	0	3.91077959141488	0	0	0	0	0	0	0	0	1.01374747997919	0	0	0	2.09430482030419	PRJNA1480144	ILPr24	fecal	Pre	24	0
SRR39238528	0	0	0	0	0	0	0	0	0	0	0	0	0	0	1.74196992627477	0	0	0	0	0	1.33940496734265	0	0	0	0	0	0	0	0	0	0	0	0	0	0	0	0	0	0	0	0	0	0	0	0	0	0	0	0	0	3.05694913530705	0	0	0	0	0	0	0.970303387895259	0	0	1.93479357403355	0	0	0	0	0	0	0	2.00461701204559	0	0	0	0	0	0.713451260784415	1.56653151302714	0	0	0	0	0	0	0	0.778400092662594	0	0	0	0	0	0	0	0	0	0	0	0	0	1.74848129040646	0	2.49653518667077	0	0	0	0	0	0	0	0	0	0	0	0	0	0	0	0	0	0	0	1.33940496734265	0	0	0	0	0	0	0	0	0	1.49165065861491	0	0	3.30478897334195	0	0	0	1.70786291692318	0	0	0	0	2.78037526976515	0	0	0	0	0	0	0	0	0	0	0	0	0	1.71490197356559	0	0	0	0	0	0	0	0	0	0	0	0	0	0	0	0	0	0	0	0	0	0	0	0	0	0	0	0	0	0	0	0	0	0.544281346460539	0	0	0	0	0	0	0	3.38294577310862	1.13061025111677	0	0	0	0	0	0	0	0	1.35567308269557	0	0	0	0	0	0	1.5360058696152	0	0	0	0	0	0	0	0	0	0	0	0	0	0	0	0	0	0	0	0	0	0	0	0	0	0	0	0	0	0	0	0	0.544281346460539	0	0	1.70786291692318	0	0	0	0	0	0	0	0	0	0	0	0	0	0	0	0	0	0	0	0	0	0	0	0	0	0	0	0	0	0	0	4.69950883515118	0	0	2.04234609327367	0	0	0	0	0	0	0	0	0	0	0	1.26745418708383	0	0	0	0	0	0	1.59505175739527	0	0	0	0	0	0	0	0.426155377347259	0	0	0	0	0	1.51439427702643	0	0	0	0	3.14905523303004	0	0	0	0	0	0	0	0	0	0	0	0	0	0	0	0	0	0	0	0	0	0	0	0	0	2.15207479880592	0	0	3.80558413013242	0	0	0	0	0	0.426155377347259	0	0	0	0	2.27752409808099	0	0	0.426155377347259	0	0	0	0	0	0	0	0	0	0	0	0	0	0	0	0	0	0	0	0	0	2.59890598646779	0	0	0	0	0	0	0	0	0	0	0	0	1.18116905439534	PRJNA1480144	ILPr25	fecal	Pre	25	0
SRR39238527	0	0	0	0	0	0	0	0	0	0	0	0	0	0	2.72573320287956	0	0	0	0	0	0	0	0	0	0	0	0	2.95785567106233	0	0	0	0	0	0	0	0	0	0	0	0	0	0	0	0	0	0	0	0	0	0	4.57123196202265	0	0	0	0	0	0	0	0	0	0.715199159102624	0	0	0	0	0	0	0	2.39729541350537	0	0	0	0	0	1.34147212079863	1.89111150807907	0	0	0	0	0	0	0	0	0	0	0	0	0	0	0	0	0	0	0	0	0	0	0	0	0	0	0	0	0	0	0	0	0	0	0	0	0	0	0	0	0	0	0	2.34300770779667	0	0	0	0	0	0	0	0	0	0	0	0	3.66360871177463	0	0	0	2.29655081636506	0	0	0	0	3.02578338933575	0	2.51752108441483	0	0	0	0	0	0	0	0	0	0	0	2.3290164874517	0	0	0	0	0	0	0	0	0	0	0	0	0	0	0	0	0	0	0	0	0	0	0	0	0	0	0	0	0	0	0	0	0	0	0	0	0	0	0	0	0	3.9121926869727	0	0	0	0	0	0	0	0	0	0	0	0	0	0	0	0	2.98818789669551	0	0	0	0	0	0	0	0	0	0	0	0	0	0	0	0	0	0	0	0	0.579050014200571	0	0	0	0	0	0	0	0	0	0	0	0	0	0	0	0	0	0	0	0	0	0	0	0	0	0	0	0	0	0	0	0	0	0	0	0	0	0	0	0	0	0	0	0	0	0	0	0	0	2.0980017006578	0	0	0	0	0	0	0	0	0	2.36970646208096	0	3.27569617936576	0.715199159102624	0	0	0	0	0	0.579050014200571	0	0	0	0	0	0	0	0	0	0	0	0	0	3.18838277377046	0	0	0	0	3.68928902922092	0	0	0	0	0	0	0	0	0	0	0	0	0	0	0	0	0	0	0	0	0	0	0	0	0	0	0	0	1.75489647016544	0	0	0	0	0	0	0	0	0	0	3.26986974638159	0	0	0	0	0	0	0	0	0	0	0	0	0	0	0	0	0	0	0	0	0	0	0	0	1.87523522190267	0	0	0	0	0	0	0	0	0	0	0	0	2.6471711433452	PRJNA1480144	ILPr26	fecal	Pre	26	0
SRR39238526	0	0	0	0	0.65054616768643	0	0	0	0	0	0	0.520479771657504	0	0	1.96313884279657	0	0.437152357128889	0.520479771657504	0.867241799494578	0.333947914936821	1.5085581651421	0	0	0	0	0	0	1.57357702275633	0	0	0	0.959155893536138	0	0	0	0	0	0	0	0	0	0	0	0	0	0	0	1.58679296626762	0	0	4.40245720924045	0	0	0	0	0	0	0	0	0.985926605662441	1.09950303626941	1.0349743103807	0.831705250330593	0.333947914936821	0	0	0	0	2.72519954528829	0	0	0	0	0	3.95962077738207	0	0	0	0	0.437152357128889	0.930625949557116	0	0	0.70339454392614	0	0	0.831705250330593	0	0	0	3.83240252656963	0	0	0	0.65054616768643	0	0.79299965470178	0	0	1.4320617259422	0	0	0	0	0	0	0	0	0.333947914936821	0.333947914936821	0	0	0	0	0	0.520479771657504	0.520479771657504	0	0	2.14760528675225	0	0	0.959155893536138	0	0	0	0	0	0	1.07904057101592	0	0	3.9094419900864	1.63596829853483	0	0.437152357128889	3.12435087413853	0.590364061436771	0	0	0	3.10544646761577	0	0.520479771657504	0	0	0	0	0	0.333947914936821	0	0	0	0	0	3.42199564230426	0.79299965470178	0	0	0	0.867241799494578	0	0	0	0	0.437152357128889	0	0	0.437152357128889	0	0.930625949557116	0	0	0	0.520479771657504	0	0	0.750503965721439	0	0	0.70339454392614	0	0	0	0.333947914936821	0	1.0111424999544	0.437152357128889	0	0	0	0	0	0	0	0	0	3.40856844441941	2.52119157539963	0	0	0	0	0	0	0.590364061436771	0	0.867241799494578	0	0	0	0	0	0	0.333947914936821	0	0	0	0	0	0	0	0	0	0	0	0	0	0	0	0	0	1.51628219644025	0	0.900089193675044	0.65054616768643	0	0	0	0	0.437152357128889	0	1.33914805716425	0	2.00732629586864	0	0	0.867241799494578	0	0	1.40324407258291	0	0	0.333947914936821	0	0.590364061436771	0	0	0	0.65054616768643	0	1.05756610624055	0	0	0.333947914936821	0	0	0	0	0	0	0.65054616768643	0	0	0	0.333947914936821	0.70339454392614	0	0	0	0.70339454392614	0	1.60589209935374	0.79299965470178	0.333947914936821	3.1475066984999	0	0	0	0	0	0	0	0	0.590364061436771	0.333947914936821	0.520479771657504	2.67349819810817	0	0	0.520479771657504	0	0	0	2.12558569995472	0	0	0.70339454392614	0	0	0.867241799494578	1.60589209935374	1.31549290421198	1.53866274156969	0	0	0	0	1.0349743103807	0	0	0.333947914936821	0	2.49866522451782	0	0	0	0.590364061436771	0.750503965721439	0	0	1.0111424999544	0	0	0	0	0	0	0.750503965721439	0	0.867241799494578	0.333947914936821	1.40324407258291	0.333947914936821	0.333947914936821	0	0.70339454392614	0	0	1.69560771849165	0	1.23564960424149	1.17288967370548	1.48452595487081	0.65054616768643	0	0	0	0	0	0	0	0	2.25626126873153	0	0	0	0	0	0.831705250330593	0	0.520479771657504	0	0	0	0	0	0	0	0	0	0	0	0.437152357128889	0	0	0.930625949557116	0	3.59472159865539	0	0.437152357128889	1.0349743103807	0	0	0	0	0	0	0	1.0349743103807	1.79882655119668	2.46381859179293	PRJNA1480144	ILPr27	fecal	Pre	27	0
SRR39238452	0	1.14918606213592	0	0	1.12141752483461	1.35853530123684	0	0.43878333529157	0	0	0	2.0280206260888	0	0	0.795154717206828	0.558682824212415	0	2.12907427691996	0	0	2.39773082492025	0	0	0	2.13467291209311	0	0	1.91494233156177	0	2.00986870897494	0	0.795154717206828	1.39054775230053	0	0.902334439712922	1.26635486288643	0	0	1.14918606213592	1.19990459405639	2.22927096846217	0	0	0.729675676584141	2.04544419992768	0	0	2.0280206260888	0	0.902334439712922	2.96855324988813	0	0	0	0	0.729675676584141	0	0	1.91494233156177	1.48700964138446	2.08772247987991	0	1.14918606213592	1.02554670103927	0	0	0	0	3.14258122706444	0	0	0	1.05990941335705	0	2.25531754660069	1.37483642031028	0	0	0	1.28642273563284	2.15637247046241	0	0	0	0	1.05990941335705	1.19990459405639	0	0	2.0280206260888	1.75502643119726	0	0	0	1.48700964138446	0	1.32397404637956	0	0	1.59575538987887	0	0	1.91494233156177	0.852042587951134	0	0	2.43410747363435	1.64994876653689	0.988229678117998	1.73455157760214	0	0	0	0	0	0	0.652540981133625	0.729675676584141	1.02554670103927	1.95878343764769	0	0.795154717206828	0	0	0	0	0	0	0	1.47447325854409	0	0	1.02554670103927	0	0	1.93741585819514	2.44649136548755	0	0	0	0	2.76731333019311	0	1.28642273563284	0	0	1.75502643119726	0	1.09175146648163	0	0	0	1.76164235027055	0	0	2.97902698247838	0	1.44825967601706	0	0	2.16163208405034	0.852042587951134	0	0	0	0	0	0	0.988229678117998	0	0	0.652540981133625	0	0	1.82845298931121	0.902334439712922	0	0.795154717206828	0	0	0.947402163544583	0	0	0	2.43410747363435	0	0	0	1.44825967601706	0	0	0	0.558682824212415	0	0	0	1.09175146648163	2.59642232239211	2.71503700618634	0	0	0	0	0	1.81122710550944	1.61458131873854	1.05990941335705	0	0	0	0	0	0	0	0.852042587951134	0	0	0	0.43878333529157	0	0	0	0	0	0.947402163544583	0	0	1.69812370298995	0	2.33056773658269	0	0	0	0	1.09175146648163	1.57607626469196	0	0.852042587951134	0	0	1.64994876653689	0	1.42036165240779	0	3.22515652295523	0	0	0	0	0	0.43878333529157	0	0	0	0	1.89608674186444	0	0	0	2.06871938007548	0	1.05990941335705	0	0	2.3530084026798	2.30877081491574	0	0	0	0.558682824212415	0	1.79328965229406	0	0	0	0	2.20156203175355	1.84502161136479	1.49919427769952	0.652540981133625	0	0	0	1.80532989080677	0	1.9008779410966	0	0	1.32397404637956	1.14918606213592	0.902334439712922	0	1.14918606213592	0	0	3.36161925996053	0	4.24671389529461	0.558682824212415	0	0	0	0	1.52258358471373	2.68633260315467	0.947402163544583	0	0	1.69812370298995	1.83404639193876	1.09175146648163	2.25108349125017	1.46156421548281	2.35132277010527	0	0	0	1.26635486288643	2.54982571520481	1.05990941335705	0	0.795154717206828	0	2.72156628998108	0	1.17528529519187	0	1.02554670103927	2.36789172772166	0	0.729675676584141	1.19990459405639	0	0	0	0	0	0	1.9008779410966	1.02554670103927	1.57607626469196	1.69812370298995	1.94177430620305	0	1.02554670103927	2.11183184820655	2.79796100800979	0	0	1.19990459405639	0	1.05990941335705	2.15901023941316	0	0	0	1.7483081659653	0	0	0	0	0	0	2.04544419992768	0.902334439712922	0	0	0	0	0	0	0	1.79935149516973	0.795154717206828	0	0	1.12141752483461	1.17528529519187	0	0	0.558682824212415	0	0	0	0	0	0.947402163544583	0	4.36887629659642	0	1.05990941335705	0	0	0	0	0	0	0	0	0.902334439712922	1.7809060728481	3.82724838856136	PRJNA1480144	ILPo27	fecal	Post	27	1
SRR39238525	0	1.02612026805395	0.795686526105498	0	1.28702324704784	0.730190978372661	1.02612026805395	1.64199202463659	0	0	0	1.02612026805395	1.14977441244643	0	2.50779479037474	1.5963725724555	0	1.91556786828318	0	0.730190978372661	1.09233347032131	0	0	0	0	0.730190978372661	0	0.730190978372661	0	0.795686526105498	1.06048751971522	0.852586850299122	0	0	2.69007696893953	0	0	0	0	2.14356650205851	0	0	0	0	0	0	0	1.4063188598354	0.730190978372661	0	4.12530785272676	0	0	0	0	2.11246019047554	0	1.2004978917269	0.902888431747332	0.795686526105498	2.42911897380206	1.43514460573325	1.60588788575038	0.852586850299122	0	0.559141213240905	0.439186117475304	2.18018379725532	2.72003277684347	0	0	0	0.988797891140531	1.53443694680872	1.60588788575038	0	1.42097084794135	0	0	0	2.21856903387228	0.559141213240905	0	2.1095186708722	0	1.24591184231667	1.44887036717909	0.852586850299122	0	0	2.36197028310706	0	0	0	0	0.653033358177795	0	1.94671551779009	0	0	0.947963967008131	0.730190978372661	0.439186117475304	0	0	1.12200291144305	0	0.988797891140531	0.439186117475304	0	0.653033358177795	0	0	0	0	1.65897757119521	1.06048751971522	1.43514460573325	0	2.11828412643645	1.70627859481383	0	0.947963967008131	0	1.26695382674084	1.12200291144305	0	0	0	0.653033358177795	0	0	2.56929047497761	0	1.61519918224249	0	2.40737387025106	0	0.795686526105498	0	0	3.18855770533479	0	2.11246019047554	0	0	0	0	0	0	1.4063188598354	0.730190978372661	0.852586850299122	0.988797891140531	0	3.84023648747423	1.48762225681327	2.31311060728542	1.46217558677193	1.12200291144305	2.08210803684522	2.63825943016139	0	0.947963967008131	0	0	0.653033358177795	0	1.85635070700729	0	0	0	0.988797891140531	0	1.81766890510918	0.439186117475304	1.02612026805395	1.61519918224249	0	1.77520189998842	0.852586850299122	1.24591184231667	0	1.57669270321104	1.14977441244643	0	1.12200291144305	0	0	0	0	0	0.795686526105498	1.55607854472024	0	1.9954071655532	1.06048751971522	3.94636315558154	1.82907682992302	1.28702324704784	0	0	1.46217558677193	0.439186117475304	0	0	0	0	0	0	0	0	1.9954071655532	0	2.86301844746529	0	0	0	1.06048751971522	0	0	0	0	0	0.902888431747332	1.8118505660697	1.8510312375366	1.4063188598354	0	0	0.730190978372661	1.02612026805395	0.988797891140531	1.57669270321104	1.34220279773427	1.75564854157903	0	0	0.653033358177795	0	0	0	1.06048751971522	0	0.947963967008131	0	1.17587626346826	0	0	0	0	0	0	0.653033358177795	0	2.48972886862366	1.48762225681327	1.12200291144305	1.53443694680872	2.07577449140405	0	1.30620604955959	0	0	0	1.17587626346826	0	0	0	0.439186117475304	0.852586850299122	1.66722755159017	0	0	0	1.02612026805395	0.988797891140531	1.28702324704784	0	0.439186117475304	0	0.559141213240905	1.06048751971522	2.5599759008034	1.43514460573325	1.94240030406557	0	0	0	0	1.02612026805395	1.56650792106539	1.95521940718516	0	1.32457726833784	3.32972666640279	0	3.71359611242573	1.5231978217271	0	0	0	0	0	1.87192900910232	1.14977441244643	0	1.4063188598354	1.06048751971522	1.42097084794135	1.4063188598354	1.74210609630273	1.24591184231667	1.4063188598354	0	0.653033358177795	1.92469745972555	0	2.81807838215308	0	0	0.559141213240905	0	3.62976509697581	0	0.902888431747332	0	1.51166009420452	1.88201251338983	0	0	1.51166009420452	0	1.09233347032131	1.78776490288437	1.17587626346826	0.559141213240905	1.2237982109406	2.27651980287592	2.00301698534183	0.559141213240905	1.35914081903332	1.98373642540791	1.12200291144305	0	0	0	0.852586850299122	0	1.71368445013144	0	1.88696780812876	2.62042667522916	1.2004978917269	0	0	0	0	0	2.2276577115407	1.55607854472024	0	1.57669270321104	2.66039849985485	0	0	0	0	0	1.61519918224249	0	0	0.439186117475304	0	1.32457726833784	0	0	1.78152882670247	0	0	0	0	0	0.852586850299122	0	0	1.96355997538884	0	2.7229177775472	0.852586850299122	0	1.4750852701219	0	0	0	0	0.947963967008131	0.795686526105498	0	1.92015665345988	1.96355997538884	4.06070818738718	PRJNA1480144	ILPr28	fecal	Pre	28	0
SRR39238451	0	0	0	0	2.17509918459668	0	0	0	0	0	0	2.34190763196941	0	0	1.50233682572486	0	0	2.96404941581334	1.79648259639819	0	2.76873888339096	2.0386510839701	0	0.621749734305083	0	0	0	0	1.86454186227313	0	0	0	0	0	0	1.54380629881022	0	0	0	0.92597628262535	1.17037711275947	0	0	0	0.719941193079026	0	0	2.35635505779444	0	0	2.8429247735671	1.79648259639819	1.95003756618077	0	0	0	0	0	0	0	0	0	0	0	0	0	0	0	2.56127986548032	0	0	0	0	0	3.28730850175637	0	1.47231325945002	0	0	0	2.76795274694821	0	0	2.21902192548386	0	0	1.45648546481169	0	0	0	1.42298659843153	1.30347983529802	0	0	0.621749734305083	0	0	0	0	2.63983976962137	0	0	0	0	0	0	0	0	0	0	0	0	0	0	0	0	0	0	0	2.05112667832142	0	0	0	0	1.64870614918437	0	0	0	0	0	0	0	3.32336945146688	0.621749734305083	0	0	1.9800208768774	0	0	2.26646335393747	0	3.51460199678609	0	1.17037711275947	0	0	0	0	0	1.81804303760487	0	0	0	0	1.95003756618077	1.32582299021055	0	0	0	0	2.73528005005556	0	0	0	0	0	0	0	0.621749734305083	0	0.719941193079026	0	0.621749734305083	0	0	0	0	0	0	1.59357708170464	0	0	0	0	0	0	2.48385325106098	0	2.56881244035855	0.49466681636732	0	0	0	0	0	0.977482529606778	1.81097448903082	3.16874352820557	1.32582299021055	0	0	0	0	0	0.92597628262535	0	1.85819628897722	0	0	0	0	0	0	0	0	1.1380528535737	0	0	0	0	0	0	0	0	0	0	0	0	0	0	0.92597628262535	0	0	0	0	0	0	0	0	0	0	0	0	0	2.89992727469343	0	0	0	0	0.799974640511639	0	0	0	0	0	1.81804303760487	0	0	0	2.28119145776708	0	1.8769614546597	0	0	0	0	0	0	0	0	0	0	0	1.42298659843153	0	0	2.39516724635654	0	0.867529123216785	0	0	0	3.20702839978432	0.621749734305083	0.799974640511639	1.69761886644313	0	0	0	0	0	0.49466681636732	2.24074908708288	0	0.977482529606778	2.88516280479679	0	3.77222191906351	0	0	0	0	0	0	4.16208024261034	1.44005893923856	0	0.49466681636732	1.63822600667386	1.79648259639819	0	3.5195094235526	0	1.55679385807543	0	0	0	0	2.78794356899355	0	0	0	0	3.04431954984863	0	1.45648546481169	0	0	0	0	0	2.42563243302458	0	0	0	0	0	0	2.64717526024418	0	1.96026373867234	0.799974640511639	2.68401529635391	1.02352279250767	0	0	0	0.977482529606778	0	1.36733096427751	0.867529123216785	0	1.63822600667386	0	0	2.03013036762215	0	0	0	0	0	0	0	1.02352279250767	0	0	0	0	0	0	0	0	0	2.00351677331499	0	0	0	0	0	0	0	0	0	0	0	0	2.03013036762215	0.719941193079026	2.66846639364692	0	0	0	0	0	0	0	0.49466681636732	0	0	2.42215724905984	1.42298659843153	4.25499704184079	PRJNA1480144	ILPo28	fecal	Post	28	1
SRR39238450	0	0	0	0	0	0	0	0	1.46371798721787	0	0	0	0	0	1.27750120374777	0	0	0	0	0	2.3159298368597	0	0	0	0	0	0	2.45958034354025	0	0	0	0	1.12980838457549	0	2.07200890839993	0	0	1.10392163027953	0	0	0	0	0	0	0	0	0	0	0	0	3.40853073080434	0	0	0	0.859848876437354	0.904286397601892	0	0.944596115794756	0.408317961000635	1.46371798721787	2.5853175690329	0	0	0	0	0	0	1.17736731330667	2.62564591143528	0	0	0	1.12980838457549	1.38751256732883	1.51837475671946	0.690297949148521	0	0	0	0	0	0	0	1.55763164266594	0	0	0	0	0	0	1.93076992534652	0	0	0	1.85260618190673	0	0	1.60218477770736	0.614994140602004	1.57600490327861	0	0	0.690297949148521	0	0	0	0	1.40117862922372	0	1.93864623646196	0	0	0	0	0	1.78029910632451	1.83314565297929	1.4144277442792	0	2.67274272077608	0	0	0	0	0	0	0	0	0	2.11567095285179	0	0	2.73187763175896	1.85733805006285	0	0	3.1847625584957	0.523836137296348	0	0	0	4.03804904670273	0	2.39092131535502	0	0	0	0	0	0	0.754453791336415	0	0.981480136738526	0	0	2.60678844067402	0.944596115794756	0	0	0	1.01547538879402	1.07639350536868	0	0	0	0	0	0	0	0.981480136738526	0	2.06037129853925	0	0	0	0	0.754453791336415	0	0	0	0	0	0	1.01547538879402	0	0	0	0	0	0	0	0	0	0	0	0	0	3.54478623262038	2.15534162993297	0	0	0	0	0	2.07200890839993	0.408317961000635	0	0	0	0	0	0	0	0	1.62687581687209	0	0	0	0	0	0.408317961000635	0	0	0	0	0	0	0.859848876437354	0	0.408317961000635	0	0	0	0	0	0.859848876437354	0.408317961000635	0	0	0	0	0.523836137296348	1.17736731330667	0	3.76328631126069	0	0	0	0.614994140602004	0	1.15423853715984	0	0	0	0	1.53844661389012	1.2202283646929	0	0	1.51837475671946	0	0	0	0	0	0	0	0	0	0	0	0	0	0	0.614994140602004	0.408317961000635	0.523836137296348	0.408317961000635	0	0	0	0	2.57642291485935	0.754453791336415	2.08613064140799	2.39639657939294	0	0	0	0	0	0.408317961000635	0	0	0	1.81277203185663	0	4.36388507650532	0	0	0.754453791336415	0	0	0.754453791336415	1.85260618190673	0	0	0	0	1.4144277442792	0	0	0	0	0	0	0	0	2.81040064055697	0	0	0.690297949148521	0	3.63323872864451	0	2.2783319828816	0	1.07639350536868	0	0	1.5079798831152	0	0	0	0	0	0	0	0.859848876437354	0	0	0	0	1.4752135033706	0	0	0	0	0	1.17736731330667	0	0	3.37097396931297	0	0	0	0	1.37340246107585	0	0	0	0	0.408317961000635	2.71588045614966	0	0	0	0	0	0.810340694015031	0	0	0	0	0	0	1.15423853715984	1.40117862922372	0	0.614994140602004	0	0	1.01547538879402	0	0	0	1.70030976298552	0	3.40267130221703	0	0	0	0	0	0	0	0	0.810340694015031	2.36098580537139	0	0.690297949148521	3.29418832169484	PRJNA1480144	ILPo29	fecal	Post	29	1
SRR39238524	0	0	0	0	0.415775408180688	0	0	0	0	0	0	0	0	0	2.2393411815655	0	0	0	0	0	2.14555604003403	0	0	0	0	0	0	0	0	0	0	0	0	0	0.764506283162109	0	0	0	0	0	0	0	0	0	0.955400565941449	0	0	0.870358517976304	0	0	2.75088201640219	0	0	1.33969942356559	0	0	0	0	0	0	0.914957804829006	0	0.532398802449664	0	0	0	0	0	1.92245305177385	0	1.05809334134806	1.55026911576454	0	0	2.73449745763182	1.63876235637771	0	0	0	0	0	0	0	1.08755580400953	0	0	0	0	0	0	1.41287188711558	0.624242099197171	0	0	0	0	0	0	0	2.29752230833635	0	0	0	0	0	0	0	0	0	0	0.764506283162109	0	0.820649420049387	0	0	0.415775408180688	0	0.415775408180688	0	1.32345995151486	0	0	0	0	0	0	1.78661110911734	0	0	0	0	0	1.85498259175718	0	0	0	1.94675643501953	1.05809334134806	0	0	0	3.71065711853361	0	2.87158767230733	0	0	0	0	0	0	0	0	0	0	0	0.415775408180688	0	0	0	0	0.415775408180688	0	0	0	0	0	0	0.624242099197171	0	0	0.624242099197171	0	0	0	0	0	0	0	0	0	0	0.415775408180688	0	0	0	0	0	0	0	0	0	0	0	0	0	0	0	2.95871687676164	0.764506283162109	0	0	0	0	0	0	0	0	0	0	0	0	0.532398802449664	0	0	1.1151458878343	1.02648574223534	0	0	0.624242099197171	0	0	0	0	0	0	0	0	0	0	0	0	0	0	0	0	0	0.820649420049387	0	0	0	0	0	0	0.415775408180688	2.54611079865442	0	0	0	0	0	0	0	0	0	0	0	0	0	0	0.415775408180688	0	0	0	0	0	0	0	0	0	0	0	0	0	0	0	0	0	1.55026911576454	0	0	0	0	2.06947734166045	0.415775408180688	0.532398802449664	1.27074560811005	0	0	0	0	0	0.415775408180688	0	0	0	3.62909813125749	0	4.59635103300272	0	0	0	0	0	0	0	0	0	0	0	0	0	0	0.624242099197171	0	0	0	0	0	2.10646181541553	0	0	0	0	2.79102217990608	0	0	0	0	0	0	0	0	0	0	0	0	0	0	0	0	0	0	0.700012394048485	0	0	0	0	0	0	1.18873885182662	0	0.624242099197171	2.4425215618289	0	0	0	0	0	1.51977712128132	0	0	1.47547521275386	0	2.21666782828978	0	0	0	0	1.08755580400953	0.415775408180688	0	0	0	0	0	0	0	0	0	0	0	0	0	0	0	0	0	0	4.02359059362783	0	0	0	0	0	1.14108742320488	0	0	0.415775408180688	0	0	0.820649420049387	2.92319551069519	PRJNA1480144	ILPr30	fecal	Pre	30	0
SRR39238449	0	0	0	0	0	0	0	0	0	0	0	0	0	0	2.14563587913822	0	0	0	0	0	3.02408993755372	0	0	0	0	0	0	0	0	0	0	0	0	0	0	0	0	0	0	0.863975264638937	0	0	0	0	2.18911690230992	0	0	0	0	1.73753678100213	3.35112955667666	0	0	0	0	0	0	1.75394245350225	0	0	2.3759589086137	0	0.49187387900141	0	0	0	0	0	2.78157579559948	0	0	0	0	0	2.8453872657312	0	1.51261599374649	0	0.618621950182977	0	0.973803375046799	0	0	2.0591752936141	0	0	0.49187387900141	0	0	0	1.83452917172849	0	0	0	0	0	0	1.224725592392	0	2.50617483973168	0	0	0.716613956736355	0	0	0	0	0	0	0	0	0	0	0	0	0.49187387900141	0	0	0	2.11519424049092	0	0	0	0	0	0	0	0	0	0	0	0	2.39292195893933	0	0	1.19660741770796	1.72048696428445	1.19660741770796	0	0	0	3.57872401422841	0	2.36030348743675	0	0	0	0	0	0	0.49187387900141	0	2.32069069549696	0	0	2.34612619172708	0	0	0	0	1.62346983281252	0	0	0	0	0	0	0	1.01979988593815	0	0	0	0	0	0	0	0	0	1.06138803538654	0	0	0	0	0	0	0	0	0	0	0	0	0.49187387900141	0	0	0	0	0	3.19307189041207	0	0	0	0	0	0	0	0	0	0	0	0	0.49187387900141	0	0	0	2.10812955568648	0	0	0	0	0	0	0	0	0	0	0	0.618621950182977	0	0	0.796515037121614	0	0	0	0	0	1.16654194195521	0	0	0	0	1.25113344324383	0	0	0	2.49462955946025	0	0	0	0	0	0	0	0	0	0	1.79243431903273	0	0	0	0	0	0	0	0	0	0	0	0	0	0	0	0.796515037121614	0	0	0	0	0.49187387900141	2.85506085627972	0	0	0	0	1.6746818687794	0.716613956736355	0	2.02605461127467	0	0	0	0	0	0	0	0	0	3.15194125561596	0	4.59011110094148	0	0	0	0	0	0	2.61295490171001	0	0	0.973803375046799	1.32190384815981	0	0	0	0	0	0	0	0	0	2.58891353766036	0	0	0	0	3.29121304787831	0	0	0	0	0	0	0	0	0	0	0	0	0	0	0.922351892077355	0.922351892077355	0	1.89088760481421	2.08621863758053	0	0	0	0	0	0	0	0	0.618621950182977	2.49899508551838	0	0	0	0	0	3.56214330068294	0	0	1.40126383071334	0	2.11519424049092	0	0	0	0	0	0.618621950182977	0	0	0	0	0	0	0	1.13423924515065	0	0	0	0	0	0	0	0	0	0	3.47769587985544	0	0	0	0	0	0	0	0	0	0	1.01979988593815	2.15850950490627	3.19101702843267	PRJNA1480144	ILPo30	fecal	Post	30	1
SRR39238523	0	0.713916843931156	0	0	1.4016666977038	0.637495920247617	0	0	0	0	0	0	0	0	3.16179366130938	0	0	0	0	0	1.63094397512818	0	0	1.0079682877626	0	0	0	0	0	1.32305339738613	0	0	0	0	0.97081879476547	0	0	0	0	0.637495920247617	0.426516292792707	0	0	0	1.0421889087868	0.637495920247617	0	0	0	0	3.84938291945841	0	0	0.835380321512583	0	0	0	0	0.97081879476547	0.713916843931156	0	0.426516292792707	0.97081879476547	0.778881177770069	0	0	0	0	2.56829190261122	0	1.10346903242837	0.778881177770069	1.18170821925209	0	2.50170387089949	2.68751023484973	0	0	0	0	1.37190639735973	0.426516292792707	0	0.930191751824758	0	0	0	0	0	0	1.30546650088289	0	0	0	0	0	0	0.930191751824758	0	2.02274555552586	0	0	0	0	0.637495920247617	0	0	0	0	0	0	0	0	0	0	0	0	0	0	1.6556744357103	0	0.637495920247617	0.544693771476149	0	0	0	1.49220923663624	0	0	0.930191751824758	0	0	1.6556744357103	0	0	0.637495920247617	2.91212110494196	0	0	0	0	3.37626463321215	0	2.3182383447603	0	0	0	0	0	0	0.885368216845426	0	0	0	0	0	0.713916843931156	1.2049410647664	1.15716192395931	0	1.28713724966089	0	0.426516292792707	0	0	0	0	0	1.0079682877626	0.835380321512583	0	0	0	0	0	0	0	0	0.544693771476149	1.07390892399962	0	0.778881177770069	0	0	1.07390892399962	0	1.50373039851039	0	0	0.544693771476149	0	0	0	0	0	0	0	3.90789267752571	1.62237732281019	0	0.637495920247617	0	0	0.544693771476149	0	0.637495920247617	0	0	0	0	0	0	0	0	1.82040644529384	0	0	0	0	0	0	0	0	0	0	0	0	0	0	0	1.10346903242837	0	0	0	0	1.54698209176449	1.53656625296114	0	0	0	0.544693771476149	0	0.713916843931156	0	2.07152178109789	0	1.10346903242837	0	0	0	0	0	0	0	0	1.30546650088289	0	0	0	1.61363828333977	0	0.778881177770069	0	0	0	0	0.885368216845426	0	0	0	0	0	0	0	0	0	0.544693771476149	0	0	1.0079682877626	0	0	3.84557021987984	0	0	1.63934490999058	0	0	0	0	0.778881177770069	0.426516292792707	0	0	0.885368216845426	2.58933196897276	0	4.39451234472762	0	0	0	0	0	0	0	0	0.426516292792707	0.637495920247617	1.07390892399962	0	0.426516292792707	1.76178544251916	1.90934998347795	1.88641405385123	0	0	0	0.544693771476149	1.58631377043367	0.97081879476547	0.544693771476149	0.426516292792707	0.930191751824758	3.16129366691126	0	0	0	0	1.74904816957083	0	0	0	0	0	0	0	0	0	1.18170821925209	0	0.97081879476547	0	0.930191751824758	0.426516292792707	0	0	0	0	0	1.51495380376618	0	1.22699391278297	3.76630821162743	0	0	0	0	0	0.885368216845426	0	0	0.930191751824758	0	2.45214726818249	0	0	0	0	0	0.713916843931156	0	0	0	0	0	0	0	0	0	0	0	0	0	0	0	0	1.07390892399962	0	3.48673880954372	0	0	0	0	0	0	0	0	0	0	1.15716192395931	0.778881177770069	2.53994933598348	PRJNA1480144	ILPr31	fecal	Pre	31	0
SRR39238448	0	0.873395982563028	0	1.34758040834848	0	0	0	0.749918246448099	0	0	0	0	0	0	1.7793521579965	0	0	0	0	0	1.97907484221252	0	0	0.454683594045459	0	0	0	0	0	0	0	0	0	0	0	0	0	0	0	0	0	0	0	0	2.08343533533115	1.0825574480367	0	0	0	0.67190227233835	4.09053055805217	0	0	0	0	0	0	2.85524075404259	0	0	2.28412715785293	0	1.28979889475306	0	0	0	0	0	2.74119905984394	0	0	0	0	0	2.00760839784148	0	1.73734625228655	0	1.62942176094927	0	2.12750590609395	0	1.04802130961112	3.69115801690078	0	0	0	0	0	0	2.37086665713432	0	0.749918246448099	0	1.17222522047204	0	0	1.69083809216768	0	0	0	0	1.24651032897969	0	0	0	0	0	0	0	0	0	0	0	0	0	0	0	0	2.21160749293592	0	0	0	0	0	2.36223509175794	0	0	0	1.44419564321738	0	0	2.5984332633984	0	0	1.61015160320086	2.48713821434374	0	0	0	0	2.98128727389829	0	2.54117547207959	0	0	0	0	0	0	0.873395982563028	0	2.34985523108484	0	0	2.41472584217188	0	0	0	0	1.74463548167963	0	0	0	0	0	0	0	1.56883940146944	0	0	0	0.454683594045459	0	0	0	0	0	1.0825574480367	0	0	0	0	0	0	0	0	0	0	0	0	0	0	0	0	0	0	4.18282627793099	1.75180438491423	0	0	0	0	0	0.749918246448099	0	0	0	0	0	1.1145483510707	0	0	0.969427030278565	3.35187143093692	0	0	0	1.19842435489914	1.498414517153	0	0	0	0	0	0	0	0	0	1.7793521579965	0	0	0	0	0	1.89059475361137	0	0	0	0	0	0	0	0	1.47215064100953	0	0	0	0	0	0	0	0	0	0	1.47215064100953	0	0	0	0	0	0	0	0	0	0	0	0	0	0	0	1.61989355325836	0	0	0	0	0.67190227233835	1.95748125457863	0	0	0	0	1.6001861007013	1.19842435489914	1.4854810866987	2.45736940705896	0	0	0	0	0.576734325780245	0	0	0	1.19842435489914	3.21973548731371	0	3.89511195105201	0	0	0	0	0	1.65681286541971	2.58611440581528	1.70690060459594	0	0.873395982563028	0	0	0	1.3652502356854	0	0	0	0	0	0	3.69789129679906	0	0	1.1145483510707	0	3.4903000004193	0	0	0	0	0.873395982563028	0	0	0	0	0	0	0	0	0.67190227233835	1.39856918986499	1.4854810866987	0	1.99560852733898	2.33526073340258	0	1.14434356152087	0	0	0	0	0	0	1.04802130961112	2.35164553553637	0	0	0	0	0	3.35400899027476	0	0	2.08673592023822	0	3.4034982573783	0	0	0	0	0	0.873395982563028	0	0	0	0	0	0	0	1.42951305734773	0	0	0	0	0	0	0	0	0	0	2.41472584217188	0	0	0	0	0	0	0	0	0	0	1.69083809216768	1.75180438491423	2.92210094947135	PRJNA1480144	ILPo31	fecal	Post	31	1
SRR39238522	0	0	0	0	0	0	0	0	0	0	0	0.796718865270818	0	0	2.55962927177137	0	0	0	0	0	2.58709064592033	0	0	0	0	0	0	2.12667551748741	0	0	0	0	0	0	0	0	0	0	0	0	0	0	0	0	1.83309332648682	0	0	3.00994344738921	0	0	4.0652433606047	0	0	0	0	0	0	2.41303491336549	0	0	3.63823770281978	0	0	0	0	0	0	0	2.25822138025455	0	0	0	0	0	0.949054420514345	0	0	0	0	0	0	0	0	1.82462069789504	0	0	0	0	0	0	2.08645922339472	0	2.22549318755976	0	0	0	0	1.57788898161421	0	1.34337579166945	0	0	0	0	0	0	0	0	0	0	0	0	0	0	0	0	0	0	0	2.19009612620923	0	0	0	0	0	0	0	0	0	1.51285111874458	0	0	3.43312520568989	2.90496845377349	0	0	2.61982830403767	0.560031251955347	0	0	0	3.41658692000758	0	1.67249715141083	0	0	0	0	0	0	0	0	0	0	0	3.42116017910446	0	0	0	0	0	0	0	0	0	0	0	0	0	0	0	0	0	0	0	0	0	0	0	0	0	0	0	0	0	0	0	0	0	0	1.34337579166945	0	0	0	0	0	0	3.51890298496176	1.56251964608364	0	0	0	0	0	0.879531938449901	0	0	0	0	0	0	0	0	0	2.04213523015162	0	0	0	0	0	0	0	0	0	0	0	0	0	0	0	0	0	0	0	0	0	0	0	0	0	0	0	0	0	1.18951080843723	0	0	0	0	0	0	0	0	0	0	0	0	0	0	0	0	0	0	0	0	0	0	0	0	0	0	0	0	0	0	0	0.949054420514345	0	0	0	0	0	2.22549318755976	0	0	2.65912694562004	0	0	0	0	0	0	0	0	0	3.89147522556982	0	4.21300110719967	0	0	0	0	0	0	1.64750219086729	2.01540432001704	0	0	0	0	0	0	0.949054420514345	0	0	0	0	0	2.91272064431526	0	0	0	0	3.49508311521375	0	0	0	0	0	0	0	0	0	0	0	0	0	0	0	0	0.560031251955347	0.694303522168076	1.47627297525518	0	0	0	0	2.80462467282488	0	0	0	0	2.64383151749274	0	0	0	0	0	2.10028259807009	0	0	0	0	3.35632977581393	0	0	0	0	0	0	0	0	0	0	0	0	0	0	0	0	0	0	0	0	0	0	0	0	3.00205475480365	0	0	1.15091629052118	0	0	0	0	0	0	0	0	0.560031251955347	2.93650455381035	PRJNA1480144	ILPr32	fecal	Pre	32	0
SRR39238447	0	0	0.901749538492216	0	0	0	0	0.833324900974569	0	0	0	1.20718314174066	0	0	2.20169159294927	0	0	0	0	0	3.54222588271666	0	0	0	0	0	0	0	0.833324900974569	0	0	0	0	0	0	0	0	0	0	0	0	0	0	0	2.27186304004627	0	0	0.652021208471977	0.521806717668075	0	4.25253629152799	0	0	0	0	0	0	1.8568256361295	1.34096016796338	0	1.84974768836877	1.05929901752772	1.26572241334523	1.05929901752772	0	0	0	0	2.99065447423746	0	0	0	0	0	1.65491923297949	0	1.84974768836877	0	0.833324900974569	0	1.4244940110904	0	0.960846580483526	2.21727499352242	0	0	1.01285668138211	0	0	0	1.55481285783561	0	0	0	0	0	0	1.64359709722593	0	0	0	0	1.05929901752772	0	0	0	0	1.17466130004731	0.521806717668075	0	0	0	0	0	0	0	0	0	0	2.77371655588402	0	0	1.82022268223231	0	0	1.93382482716347	0	0	0	1.26572241334523	0	0	3.90782778475762	0	0	0.901749538492216	3.25766411895711	0.901749538492216	0	0	0	3.39843033374502	0	2.22636350794598	0	0	0	0	0	0.652021208471977	1.49452330569179	0	1.69746842363535	0	0	2.15482563060201	0	0	1.01285668138211	0	1.69746842363535	0	0	0	0	0	0	0	0.901749538492216	0	0	0	0	0	0	0	0	0	0.752066182701717	1.83523603990573	0	0	0	0	1.29227652069764	0	0	0	0	0	0	0	0	0	0	1.01285668138211	0	3.71454095234761	1.10125122873957	0	0	0	0	0	0	0	0	0	0	0	0.901749538492216	0	0	0	3.97778857903854	0	0	0	1.56866263143426	0	0	0	0	0	0	0	0	0	0	2.17214979588887	1.69746842363535	0	1.97848716510625	0	0	1.76316828588338	0	0	0	0	1.05929901752772	0	0	0	1.49452330569179	0	0	0	0.652021208471977	0	1.49452330569179	0	0	0	0	2.22935123276529	0	0	0	0.652021208471977	0	1.63197187212447	0	0	0	0	0	0	0	0	0	1.66595368275083	0	0	0	0	0	0	0	0	0	0	1.87064459676542	0	1.20718314174066	2.4884311676596	0	0	0	0	0	0	0	0	1.63197187212447	1.95111586441616	0	3.21704791367373	0	0	0	0	0	1.05929901752772	2.62154829394979	0	0	0.960846580483526	0	1.99411841989811	1.63197187212447	1.4780459256779	1.17466130004731	0	0	0	0	0	2.71069936794518	0	0	0	0	3.22614113204024	0	1.46091864588407	0	1.26572241334523	0	0	0	0	0	0	0	0	0	0	1.26572241334523	1.44308808711833	0	1.4780459256779	2.6093090160804	0	0.652021208471977	0	0	0	0	0	0	1.05929901752772	2.66075657693777	0	0	0	0	0	3.47193087582231	0	0	1.10125122873957	0	2.93923491559569	0	0	0	0	0	1.58208434756301	0	0	0	0	0	0	0	1.1395055113064	0	0	0	0	0	0	0	0	1.4244940110904	0	3.35003926216125	0	0	0	0	0	0	0	0	0	0	1.8970294687725	1.69746842363535	3.06273979747828	PRJNA1480144	ILPo32	fecal	Post	32	1
SRR39238508	0	0	0	0	0	0	0	0	0	0	0	1.6493874813591	0	0	1.83968819514678	0	0	0	0	0	1.86463833134425	0	0	0	2.13323294215592	0	0	0	0	0	0	0	0	0	0	0	0	0	0	0	0	0	0	0	0	0	0	0	0	0	3.75104792095125	0	0	0	0	0	0	0.892836970060338	0	0	2.80345964352783	0	0	0	0	0	0	0	2.18257511942603	0	0	0	0	0	2.29194941109623	0	1.1226751678798	0	0	0	0	0	0	2.14610392113909	0	0	0	0	0	0	2.54891890019015	0	0	0	0	0	0	2.01368039848549	0	1.86463833134425	0	0	0	0	0	0	0	0	0	0	0	0	0	0	0	0	0	0	0	0.962654035784733	0	0	0	0	0	0	0	0	0	1.49106340682852	0	0	3.0687543688771	2.2440831116668	0	0	2.69397843068484	0	0	0	0	3.35364308724771	0	1.5614519122269	0	0	0	0	0	0	0	0	0	0	0	3.28964554121317	0	0	0	0	0	0	0	0	0	0	0	0	0	0	0	0	0	0	0	0	0	0	0	0	0	0	0	0	0	0	0	0	0	0	0	0	0	0	0	0	0	3.73642143439294	3.00987634107532	0	0	0	0	0	2.00790771965676	0	0	0	0	0	0	0	0	0	0	0	0	0	0	0	0	0	0	0	0	0	0	0	0	0	0	0	1.98401766206458	0	0	0	0	0	0	0	0	0	2.26386707318253	0	2.42159585852853	0	0	0	0	0	0	0	0	0	0	0	0	0	0	0	0	0	0	0	0	0	0	0	0	0	0	0	0	0	0	0	0	0	0	0	0	0	2.75320573182481	0	2.32677337180142	2.96800520147813	0	0	0	0	0	0	0	0	0	3.93495166697312	0	4.44119553317473	0	0	0	0	0	0	1.67514331477494	0	0	0	0	0.892836970060338	0.571165656376921	0	0.706547671533932	0	0	0	0	0	1.62200736415535	0	0	0	0	3.29836640254942	0	0	0	0	0	0	0	0	0	0	0	0	0	0	0	0	0	0	0	0	0	0	0	0	0	2.05729142125422	0	0	2.89385711993075	0	0	0	0	0	0	0	0	0	0	2.59338130327666	0	0	0	0	0	0	0	0	0	0	0	0	0	0	0	0	0	0	0	0	0	0	0	0	3.54360194505831	0	0	0	0	0	0	0	0	1.93189230925171	0	0	0	2.29194941109623	PRJNA1480144	ILPr33	fecal	Pre	33	0
SRR39238446	0	0	0	0	0	0	0	0	2.26547172947788	0	0	0	0	0	0	0	0	0	0	0	1.76547588446872	0	0	1.86203347740574	0	0	0	1.98775810843692	0	0	0	0	0	0	2.35610609912794	0	0	0	0	0.746784488879129	0	0	0	0	1.86203347740574	0	0	1.85282314762054	0	0	3.85687028256955	0	0	0	0	0	0	0	0	0	2.14131786486223	0	0	0	0	0	0	1.26867319904285	2.64355309725445	0	0	0	0	2.04816982588392	1.67042503896593	0	0	0	0	0	0	0	0	1.64863657892858	0	0	0	0	0	0	2.15313230548732	0	1.94476238190354	0	1.25043012397566	0	0	1.54856733705731	0	1.96319721615669	0	0	0	0	0	0	0	1.03852152524856	0	1.79834724357137	0	0	0	0	0	2.3704732990025	1.83863072184567	0.746784488879129	0	2.30828397034473	0	0	0	0	0	0	0	0	0.51732335082602	1.4183116061458	0	0	4.39971433042058	1.45471665471266	0	0	3.35143804943713	0	0	0	0	3.86495631227216	0	2.203686247606	0	0	0	0	0	0	0	0	0	0	0	3.11799871406912	0	0	0	0	1.36447597496763	0	0	0	0	0	0	0	0	0	0.402658591566456	1.60147782309941	1.36447597496763	0	0	0	0	0	0	0	0	0	0	0	0	0	0	0	0	0	0	0	0	0	0	0	0	3.62407331711897	1.71097363449645	1.12118163419625	0	0.402658591566456	0	0	2.00448832529054	0	0	0	0	0	0	0	0	0	1.66328299158126	0	0.682891682839032	0	0	0	0	0	0	0.51732335082602	0	0	0	0	0	0.402658591566456	0	0	0	0	0	0	0	0	0	0	0	0	2.02374930958585	0	3.36880456305101	0	0	0.402658591566456	0	0	2.60824489939023	0	0	0	0	1.33482939319941	0	0	0	0	0	0	0	0	0	0	0	0	0	0	0	0	0	0	0	0	0.60795025275087	0.682891682839032	0	0	0	0	2.35464288819569	0.51732335082602	2.03613119179724	2.25268720651715	0	0	0	0	0.402658591566456	0	0	0	0.682891682839032	2.09855997658241	0	2.94484319123027	0	0	0	0.51732335082602	0	0	1.56692979098338	0.682891682839032	0	0	0	0	0	0	0	0	0	0	0.51732335082602	0	2.18242530611407	0	0	0	0	3.58844541725654	0	2.22395475291483	0	0	0	0	0	0	0	0	0	0	0	0	0.851823283546449	0	0	0	0	1.98433331170061	0	0	0	0	0	0	0	0.402658591566456	2.50335558765493	0	0	0	0	0	0	0.802471771571369	0	0	0	2.18024082591478	0	0.60795025275087	0	0	0	0	1.51948040945331	0	0	0	0	0	0	1.44291749156041	0	0	0	0	0.746784488879129	0	0	0	1.00705878739552	0	2.58645478092212	0.402658591566456	0	0	0	0	0	0	0	0.936340402541202	1.84814368351924	0	0.60795025275087	3.75976781989949	PRJNA1480144	ILPo33	fecal	Post	33	1
SRR39238507	0	0	0	0	0	0	0	0	0	0	0	0	0	0	2.23125776762367	0	0	0	0	0	2.15329841242476	0	0	0	0	0	0	2.20553379445695	0	0	0	0	0	0	0	1.84239922820877	0	0	0	0	0	0	0	0	0	0	0	0	0	0	4.37523106093978	0	0	0	0	0	0	0	0	0	2.17818968128906	0	0	0	0	0	0	0	3.58913328715096	0	0	0	0	0	0.579626605194432	1.03323041536736	0	0	0	0	0	0	0	1.57266422717087	0	0	0	0	0	0	2.37563425975883	0	2.4528000685491	0	1.8678461761536	0	0	2.02509480233747	0	2.86831410170018	0	0	0	0	0	0	0	0	0	0	0	0	0	0	0	0	0	0	0	2.01932064851463	0	0	0	0	0	0	0	0	0	2.47166584481108	0	0	2.9750350933225	1.50222074845897	0	0	3.34613999690965	0	0	0	0	4.03114692844585	0	1.71075419184864	0	0	0	0	0	0	0	0	0	0	0	1.03323041536736	0	0	0	0	0.579626605194432	0	0	0	0	0	0	0	0	0	0	1.21464376978658	0	0	0	0	0	0	0	0	0	0	0	0	0	0	0	0	0	0	0	0	0	0	0	0	0	3.73861507171587	3.00428047493575	0	0	0	0	0	0.579626605194432	0	0	0	0	0	0	0	0	0	2.43531355978055	0	0	0	0	0	0	0	0	0	0	0	0	0	0	0	0	0	0	0	0	0	0	0	0	0	0	0	1.03323041536736	0	3.55410651384773	0	0	0	0	0	0	0	0	0	0	0	0	0	0	0	0	0	0	0	0	0	0	0	0	0	0	0	0	0	0	0	0	1.52093142956544	0	0	0	0	1.03323041536736	0	0	2.08898702881037	0	0	0	0	0	0	0	0	0	2.70187307109659	0	3.34613999690965	0	0	0	0	0	0	1.85952843637039	0	0	0	0	0	0	0	0	0	0	0	0	0	2.71142587868588	0	0	0	0	3.67594996056099	0	0	0	0	0	0	0	0	0	0	0	0	0	0	0	0	0	0	0	0	0	0	0	0	0	1.82456657942654	0	0	2.43082966173161	0	0	0	0	0	0	0	0	0	0	3.03054871595947	0	0	0	0	0	0	0	0	0	0	0	0	0	0	0	0	0	0	0	0	0	0	0	0	3.16449673585297	0	0	0	0	0	0	0	0	0	0	0	0	2.49560936032013	PRJNA1480144	ILPr34	fecal	Pre	34	0
SRR39238445	0	1.87269417068158	0	2.06793754479804	1.38357526012665	0	0	1.36508551974891	0	0	0	1.88995501672684	1.67553316886587	0.604694914766665	1.72771960151541	0	0.957363632170985	1.54747785073131	0	0	2.6883478300238	0	0	0	0	0	0	2.82828092023334	0	0	1.20741114662899	0	1.41834857367687	0	0	0	0	0	0	0	0	0	0	0	2.25634319298847	0	0	1.85471880351313	0	1.45054286306752	3.0955253332754	0	0	0	0	0	0	0	2.06793754479804	2.54131865357858	1.36508551974891	2.76842666915792	1.48051441148979	1.91728091231115	0	0	0	0	3.48509447374521	0.701780022230962	0	0	0.848108079457162	0	3.03167083400481	2.43646608262905	2.52069496370085	0	2.90223045864179	0	3.08485409997521	0	0	1.34577345388408	0	0	1.49475861024975	0	0	0	2.18533028095908	0	2.21833222385673	0	0.604694914766665	0	0	1.54747785073131	0	2.96729371846553	0	0	2.30015722626821	0	0	0	0	0	1.90655598109783	0	0	0	0	0	0.957363632170985	0	0	0	0	1.23375294290568	0	0	2.83280828485612	0	0	0	1.20741114662899	0	0	2.42345214787673	0	0	2.46289004091731	0	0	2.14020474210804	2.14020474210804	1.25858795524835	0	0	0	3.13222937605523	0	2.28452475621216	0	0	0	0	0	1.96725952124929	1.8607936350948	0	2.54756774760209	0	0	2.28679271299123	0	0	1.14938797257734	0	2.8756612713577	0	0	0	1.4013098549145	0	0	0	2.10385249243756	0	2.12075430191381	0	0	0	0.479464197100302	0	1.11718407142896	0	1.50855041937335	2.08626617117995	2.59899704043213	2.15882128303534	0	0	1.61620828174507	0	0	0	0	1.72771960151541	0	0	0	0	0	0	0	3.51351712337716	2.59233240700287	0	1.2820792764482	0	0	0	1.25858795524835	0	0	0	0	0	2.24153558782789	0	2.0120755909833	0	1.84855779139858	1.4013098549145	2.34195014933273	0	0.479464197100302	0	0	1.69363442711475	0	0	0	0	0	0	1.70240977840828	2.75091524527078	2.27533260401272	0	2.18533028095908	0	2.55616811519745	2.90496362613733	0	0	1.17936785067365	0	0	0	1.34577345388408	0	2.49765308084136	0	2.33995331568166	0	1.78878221782137	0	2.05655719897985	0	0	0	0	2.41342921241167	0	0	0	1.25858795524835	0	2.45065523770999	1.36508551974891	0	0	0.479464197100302	1.32556249884118	0	0	1.99470009602283	0	2.35374210357669	0	0	0	0	1.65664451864473	3.061172733644	0.906162514280835	0	0	0	2.4552837742361	2.22879816504313	1.23375294290568	2.2103138546601	0	1.11718407142896	0	0	0	0.479464197100302	0	0	2.10039173837432	3.14527039887307	0	4.01444501448599	0	2.32571233959638	1.92254566595151	0	0.957363632170985	2.0120755909833	3.2631016467829	0	1.23375294290568	0	2.31098850877181	2.93901290129104	0	2.61309551121662	2.14961275741044	2.94352383237614	0	2.33794725840484	0.848108079457162	1.04458448246491	2.70073201417631	0	0	1.66619152551993	0	3.42362921012789	0	2.14961275741044	0	2.19661188106681	0	0	0	1.04458448246491	0	0	0	0	0	0	2.38731061197463	2.17374778683479	1.70240977840828	2.3595201486781	2.89280688274382	1.41834857367687	1.65664451864473	0	0	0	0	1.88995501672684	0	1.99470009602283	2.57052658367248	0	0	1.34577345388408	0	0	2.59121162314766	0	0	0	0	2.18533028095908	0	0	0.701780022230962	1.17936785067365	0	2.15882128303534	0	1.23375294290568	2.37640688172118	0	0	0	0	2.1910077125291	0	0	0	0	0	0	0.604694914766665	1.00315999517119	2.2611689526686	0	3.91376003314638	0	1.4013098549145	2.25391005460356	0	1.43474397079043	0	0	0.781077958710145	0.957363632170985	0	2.72531367288941	2.72531367288941	3.63999677971134	PRJNA1480144	ILPo34	fecal	Post	34	1
SRR39238506	0	0	0	0	0	0	0	0	0	0	0	0	0	0	1.37787076358872	0	0	0	0	0	0.840703194405017	0	0	1.18752817931093	0	0	0	2.19551687896509	0	0	0	0	0	0	0	0	0	0	0	0	0	0	0	0	0	0	0	0	0	0	4.02778099700103	0	0	0	0	0	0	1.39301478041243	0	0	1.71453480953948	0	0	0	0	0	0	0	2.08982993624013	0	0	0	0	0	2.50447081802663	2.03574362322902	0.642296064843925	0	0	0	0	0	0	0	0	0	0	0	0	0	1.56320955467503	0	0	0	1.18752817931093	0	0	2.03574362322902	0	1.89724674152419	0	0	0	0	0	0	0	0	0	1.04785454870665	0	0	0	0	0	0	0	0	0	1.97783904964561	0	0	0	0	0	0	0	0	0	0	0	0	3.59901850057373	0	0	0	2.87051514735331	0	0	0	0	4.11224894154201	0	2.49516034064315	0	0	0	0	0	0	0	0	0	0	0	3.68843303174254	0	0	0	0	0	0	0	0	0	0	0	0	0	0	0	0	0	0	0	0	0	0	0	0	0	0	0	0	0	0	0	0	0	0	0	0	0	0	0	0	0	3.76349674796303	1.69269924921628	0	0	0	0	0	2.19316527463565	0	0	0	0	0	0	0	0	0	1.01358787099238	0	0	0	0	0	0	0	0	0	0	0	0	0	0	0	0	0	0	0	0	0	0	0	0	0	0	0	0	0	3.00097256300936	0	0	0	0	0	0.718947538111574	0	0	0	0	0	0	0	0	0	0	0	0	0	0	0	0	0	0	0	0	0	0	0	0	0	0	0	0	0	0	0	2.26474244351211	0	2.33815964065994	3.18851294994935	0	0	0	0	0	0	0	0	0	1.90646968358919	0	3.94337270159792	0	0	0.718947538111574	0	0	0	0.890789484486869	0	0	0	0	0	0	0	0	0	0	0	0	0	2.01492356560529	0	0	0	0	3.27274211355991	0	2.3261750620847	0	0	0	0	0	0	0	0	0	0	0	0	0	0	0	0	0	2.45835246656404	0	0	0	0	0	1.36217952991966	0	0	3.98254151564741	0	0	0.718947538111574	0	0	0	0	0	0	0	1.86333072727476	0	0	0	0	0	0	0	0	0	0	0	0	0	0	0.549153293836505	0	0	0	0	0	0	0	0	0	3.03553187855201	0	0	0	0	0	0	0	0	1.10920859235291	0	0	0.549153293836505	2.17387946881466	PRJNA1480144	ILPr35	fecal	Pre	35	0
SRR39238520	0	0	0	0	0	0	0	0	0	0	0	0	0	0	2.35586161068736	0	0	0	0	0	0	0	0	0	0	0	0	0	0	0	0	0	0	0	0	0	0	0	0	0	0	0	0	0	0	0	0	0	0	0	4.60933568499695	0	0	0	0	0	0	0	0	0	1.35598703331276	0	0	0	0	0	0	0	2.78882210673463	0	0	0	0	0	0.683862032499994	0	0	0	0	0	0	0	0	0	0	0	0	0	0	0	0	0	2.25759584148254	0	0	0	0	0	0	2.47105268484238	0	0	0	0	0	0	0	0	0	0	0	0	0	0	0	0	0	0	0	2.42980677676155	0	0	0	0	0	0	0	0	0	0	0	0	3.09842804853084	0	0	0	2.63332098398716	1.09646371195212	0	0	0	3.45188934419708	0	1.72697484277098	0	0	0	0	0	0	0	0	0	0	0	2.25759584148254	0	0	0	0	0	0	0	0	0	0	0	0	0	0	0	0	0	0	0	0	0	0	0	0	0	0	0	0	0	0	0	0	0	0	0	0	0	0	0	0	0	3.80665518466153	2.05430237986868	0	0	0	0	0	0	0	0	0	0	0	0	0	0	0	2.87886629387419	0	0	0	0	0	0	0	0	0	0	0	0	0	0	0	0	0	0	0	0	0	0.785714470779615	0	0	0.785714470779615	0	0	0	0	0	0	0	0	0	0	0	0	0	0	0	0	0	0	0	0	0	0	0	0	0	0	0	0	0	0	0	0	0	0	0	0	0	2.14253316081804	0	0	0	0	0	0	1.1387292736	2.69005647978789	0	0	0	0.550558835378578	0	0	0	0	0	3.50317710570129	0	2.22252309994936	0	0	0	0	0	0	0	0	0	0	0	0	0	0	0	0	0	0	0	0	2.32551146007365	0	0	0	0	2.91132387773674	0	0	0	0	0	0	0	0	0	0	0	0	0	0	0	0	0	0	0	0	0	0	0	0	0	1.17724389380974	0	0	3.12913352005045	0	0	0	0	0	0	0	0	0	0	3.47197892862534	0	0	0	0	0	0	0	0	0	0	0	0	0	0	0	0	0	0	0	0	0	0	0	0	3.31569520174721	0	0	0	0	0	0	0	0	0	0	0	0	2.29849161005721	PRJNA1480144	ILPo35	fecal	Post	35	1
SRR39238505	0	0	0	0	0	0	0	0	0	0	0	0	0	0	2.24145942569101	0	0	0	0	0	1.30998948293931	0	0	0	1.56890458666706	0	0	2.00964286998978	0	0	0	0	0	0	0.969486835892088	0	0	0	0	0	0	0	0	0	0	0	0	1.80216745210594	0	0	4.35747019303581	0	0	0	0	0.969486835892088	0	0	0	0	0.816087541371102	0	0	0	0	0	0	0	2.42472125838434	0	0	0	0	0.576783565852626	1.98541526727768	2.13646116554663	0	0	0	0	0	0	0	1.72999833392291	0	0	0	0	0	0	2.40621037561295	0	0	0	0	0	0	2.2810517597798	0	0	0	0	0	0	0	0	0	0	0	0	0	0	0	0	0	0.712713753236217	0	0	0	2.17435198798088	0	0	0	0	0	0	0	0	0	1.24657352459576	0	0	2.0269659021932	0	0	0	2.85614732288967	0	0	0	0	3.77285769219998	0	2.426980613043	0	0	0	0	0	0	0	0	0	0.969486835892088	0	4.01243909944438	0	0	0	0	0	0	0	0	0	0	0	0	0	0	0	1.41438107524896	0	0	0	0	0	0	0	0	0	0	0	0	0	0	0	0	0	0	0	0	0	0	0	0	0	3.7369654687368	1.36531433971461	0	0	0	0.576783565852626	0	0	0	0.576783565852626	0	0	0	0	0	0	0	2.31149382656968	0.576783565852626	0	0	0	0	0	0	0.576783565852626	0	0	0	0	0	0	0	0	0	0	0	0	0	0	0	0	0	0	0	0	0	3.43711719570989	0	0	0	0	0	0	0	0	0	0	0	0	0	0	0	0	0	0.969486835892088	0	0	0	0	0	0	0	0	0	0	0	0	0	0	2.2449001897326	0	0	0	0	2.25506188449033	0	1.76240646083082	2.67189367409012	0	0	0	0	0	0	0	0	0	3.5362791731515	0	3.45564902232469	0	0	0	0	0	0	1.64339869337123	0	0	0	0	0	0	0	0	0	0	0	0	0	2.77321211892233	0	0	0	0	3.58212914636453	0	1.82076125854321	0	0	0	0	0	0	0	0	0	0	0	0	0	0	0	0	1.9791411322948	0	0	0	0	0	0	0	0	0	2.7237976009689	0	0	0	0	0	0	0	0	0	0	2.44464438257299	0	0	0	0	0	0	0	0	0	0	0	0	0	0	0	0	0	0	0	0	0	0	0	0	3.09470887422331	0	0	0	0	0	0	0	0	0	0	0	0	3.29394852708149	PRJNA1480144	ILPr36	fecal	Pre	36	0
SRR39238518	0	0	0	0	0	0	0	0	0	0	0	0	0	0	0	0	0	0	0	0	2.35119811890248	0	0	0.498165470958576	0	0	0	0	0	0	0	0	0	0	0	0	0	0	0	0	0	0	0	0	2.3734817173348	0	0	0	0	0	2.30979102594346	0	0	0	0	0	0	0	0	0	0	0	0	0	0	0	0	0	0	0	0	0	0	0	2.81931522712811	0	0	0	0	0	0	0	0	0	0	0	0	0	0	0	0	0	0	0	0	0	0	0	0	0	0	0	0	0	0	0	0	0	0	0	0	0	0	0	0	0	0	0	0	1.17516845021074	0	0	0	0	0	0	0	0	0	0	0	0	0.80430096209343	0	0	0	0	0	0	0	0	3.99142545880317	0	0	0	0	0	0	0	0	0	0	0	0	0	3.36543458414527	0	0	0	0	0	0	0	0	0	0	0	0	0	0	0	0	0	0	0	0	0	0	0	0	0	0	0	0	0	0	0	0	0	0	0	0	0	0	0	0	0	0	0	0	0	0	0	0	0	0	0	0	0	0	0	0	0	0	0	0	0	0	0	0	0	0	0	0	0	0	0	0	0	0	0	0	0	0	0	0	0	0	0	0	0	0	0	0	3.52617522859265	0	0	0	0	0	0.982080801882492	0	0	0	0	0	0	0	0	0	0	0	0	0	0	0	0	0	0	0	0	0	0	0	0	0	0	3.34966215132456	0	0	0	0	1.3519793885744	0	1.54879668879638	2.47513238701308	0	0	0	0	0	0	0	0	0	4.55886355174659	0	3.69630111304165	0	0	0	0	0	0	0	0	0	0	0	0	0	0	0	0	0	0	0	0	0	0	0	0	0	1.3519793885744	0	0	0	0	0	0	0	0	0	0	0	0	0	0	0	0	0	0	0	0	0	0	0	0	0	0	0	0	1.5866614176926	0	0	0	0	0	2.08014505775614	0	0	0	0	0.498165470958576	0	0	0	0	0	0	0	0	0	0	0	0	0	0	0	0	0	0	0	0	0	0	0	0	3.66202335927907	0	0	0	0	0	0	0	0	0	0	0	0	2.74630523884241	PRJNA1480144	ILPo36	fecal	Post	36	1
SRR39238504	0	0	0	0	0	0	0	0	0	0	0	0	0	0	2.21364925908367	0	0	0	0	0	0	0	0	0	0	0	0	0	0	0	0	0	0	0	0	0	0	0	0	0	0	0	0	0	1.81730471683922	0	0	0	0	0	3.70842803147783	0	0	0	0	0	0	1.13267234923531	0	0	1.85701284447688	0	0	0	0	0	0	0	2.62365827401715	0	0	0	0	0	1.25679489968579	0	0	0	0	0	0	0	0	1.87297870882697	0	0	0	0	0	0	1.79910879139291	0	2.0709545351755	0	1.13267234923531	0	0	0	0.862515709541488	0	0	0	0	0	0	0	0	0	0	1.38649279455711	0	0	0	0	0	0	0	0	0	2.57563875881705	0	0	0	0	0	0	0	0	0	0	0	0	2.80585632489086	0	0	0	2.69690583814222	1.10294204044519	0	0	0	3.61037381239342	0	2.52862603159537	0	0	0	0	0	0	0	0	0	0	0	3.5280458094913	0	0	0	0	0	0	0	0	0	0	0	0	0	0	0	1.87297870882697	0	0	0	0	0	0	0	0	0	0	0	0	0	0	0	0	0	0	0	0	0	0	0	0	0	3.62039691727744	1.64450804692603	0	0	0	0	0	1.75342941380723	0	0	0	0	0	0	0	0	0	1.44625606569287	0	0	0	0	0	0	0	0	0	0	0	0	0	0	0	0	0	0	0	0	0	0	0	0	0	0	0	0	0	3.65141752600305	0	0	0	0	0	1.53438601215323	0	0	0	0	0	0	0	0	0	0	0	0	0	0	0	0	0	0	0	0	0	0	0	0	0	0	1.79287003156162	0	0	0	0	1.94058673885682	0	1.70237451282556	3.14506919508411	0	0	0	0	0	0	0	0	0	3.21697003339138	0	4.46667272970288	0	0	0	0	0	0	0	0	0	0	0	0	0	0	0	0	0	0	0	0	2.47849903422792	0	0	0	0	3.58364480359938	0	2.1990997667143	0	0	0	0	0	0	0	0	0	0	0	0	0	0	0	0	0	0.912992626644582	0	0	0	0	0	0	0	0	2.26951552389334	0	0	0	0	0	0	0	0	0	0	2.67521124646102	0	0	0	0	0	0	0	0	0	0	0	0	0	0	0	0	0	0	0	0	0	0	0	0	3.51226915741395	0	0	0	0	0	0	0	0	0	0	0	0	2.93199582783834	PRJNA1480144	ILPr37	fecal	Pre	37	0
SRR39238517	0	0	0	0	0	0	0	0	0	0	0	0	0	0	2.37748427172747	0	0	0	0	0	1.92741604359171	0	0	0	0	0	0	0	0	0	0	0	0	0	0	0	0	0	0	0	0	0	0	0	2.66184235623312	0	0	0	0	0	4.20561356479635	0	0	0	0	0	0	0.848719548110503	0	0	0	0	0	0	0	0	0	0	2.87567269260356	0	0	0	0	0	0	0	0	0	0	0	0	0	0	0	0	0	0	0	0	0	0	0	1.82238420073677	0	0	0	0	0	0	2.11207741689135	0	0	0	0	0	0	0	0	0	0	0	0	0	0	0	0	0	0	0	3.11756053581271	0	0	0	0	0	0	0	0	0	1.77204807615513	0	0	2.16914079979888	0	0	0	2.06032750620309	1.40199407533099	0	0	0	3.05737375287219	0	2.50799967894795	0	0	0	0	0	0	0	0	0	0	0	4.60225709250126	0	0	0	0	0	0	0	0	0	0	0	0	0	0	0	0	0	0	0	0	0	0	0	0	0	0	0	0	0	0	0	0	0	0	0	0	0	0	0	0	0	3.40122140127805	0	0	0	0	0	0	0	0	0	1.15621451604853	0	0	0	0	0	0	0	0	0	0	1.28275456958463	0	0	0	0	0	0	0	0	0	0	0	0	0	0	0	0	0	0	0	0	0	0	0	0	0	0.848719548110503	0	0	0	0	0	0.534463525930658	0	0	0	0	0	0	0	0	0	0	0	0	0	0	0	0	0	0	0	0	0	0	0	0	0	0	0	0	0	0	0	0	0	1.52784281647748	2.36175744221414	0	0	0	0	0	0	0	0	0	1.49544830123685	0	1.86028808825448	0	0	1.19146996436873	0	0	0	0	0	0	0	0	0	0	0	0	0	0	0	0	0	0.917523313778302	0	0	0	0	2.55736495928234	0	0	0	0	0	0	0	0	0	0	0	0	0	0	0	0	0	0	0	0	0	0	0	0	0	0.848719548110503	0	0	2.7497578206418	0	0	0	0	0	0	0	0	0	0	2.96753310691196	0	0	0	0	0	0	0	0	0	0	0	0	0	0	0	0	0	0	0	0	0	0	0	0	1.33443955495123	0	0	0	0	0	0	0	0	0	0	0	0	2.29512522332342	PRJNA1480144	ILPo37	fecal	Post	37	1
SRR39238503	0.670418597615821	0	0	1.03415895448847	0	0	0	0	0	0	0	1.12296493699769	0	0	2.06121761893805	0	0	0	0	0	0.853481404010616	0	0	0	0.981864391757464	0	0	0.853481404010616	0	0.670418597615821	0	0	0	0	0	0	0	0	0	0	0	0	0	0	0	1.42769757616919	0	0	0	1.28801008336069	3.7760125501767	0	0	0	0	0	0	2.29527226691855	1.40731858770121	0	2.39604589267072	0	1.08082791991642	1.22929100169543	0	0	0	0	3.10881609433247	0	0	0	0	0	1.82784411268887	0	2.26159237810631	0	2.21868382641219	0	1.98555404424981	0	1.08082791991642	2.25866417328716	0	0	0	0	0	0	2.79465159648639	0	0	0	0.538394574043428	0	0	2.35802655234186	0	1.5008150893135	0	0	1.25964218173682	0	0	0	0	1.31463807698732	0.853481404010616	0	0	0	0	0	0	0	0	0	0	2.56434834940273	0	0	1.65496874422713	0	0	1.59157550573102	0	0	0	2.02754003288365	0	0	2.73907379304351	0	0	1.42769757616919	2.50193535400053	0	0	0	0	3.29921519925053	0	2.22824211346286	0	0	0	0	0	0	0	0	0	0	0	2.75152918867416	0	0	0	0	1.36344596296638	0	0	0	0	0	0	0	0	0	0	0	0	0	0	0	1.12296493699769	0	0	1.51732088348027	0	0	0	0	0	0	0	0	0	0	0	0	0	0	0	0	0	3.89909907018827	2.3340016817468	0	0	0	0	0	0.538394574043428	0.538394574043428	0	0	0	0	0.771524953888467	0	0	0	2.60457480185383	0	0	0	0	0	0	0	0	0	0	0	0	0	0	1.99102969579124	1.72054020990247	0	2.24674983525887	0	0	2.21219272752015	0	0	0	0	0	0	0	0	3.35230171272325	1.96870026118057	0	0	0	0	0	0	0	0	0	1.69976396552664	0	0	0	0	0	1.12296493699769	0	0	0	0	0	0	0	0.853481404010616	0	2.02754003288365	0	0	0	0	1.44716300198559	0.922399680603102	0	0	0	0	2.00177813845233	1.03415895448847	0.922399680603102	2.58423353757996	0	0	0	0	0	0	0	0	0	2.73907379304351	0	4.30142189479712	0	0	0	0	0	2.07935083218525	2.7322160826651	0	0	0	0	0	0	1.38593604396979	0	0	0	0	0	0	3.12669726187218	0	0	1.03415895448847	0	4.042890178688	0	1.75932945814629	0	0	0.922399680603102	0	0	0.670418597615821	0	0	0	0	0	1.36344596296638	1.36344596296638	1.73056712268486	0	1.9570897157175	2.42302747254638	0	1.85098530433233	0	0	0	0	1.28801008336069	0	0	3.05687536743985	0	0	0	0	0	0	0	0	0	0	3.00160120652809	0.538394574043428	0	0	0	0	0.771524953888467	0	0	0	0	0	0	0	1.67794364835612	0	0	0	0	0	0	0	0	0.538394574043428	0	3.31472440936508	0	1.79493650263301	0	0	0	0	0	0	0.538394574043428	0	1.40731858770121	1.92662812254028	3.13341340295806	PRJNA1480144	ILPr38	fecal	Pre	38	0
SRR39238516	0	0	0	0	0	0	0	0	0	0	0	1.00754139104485	0	0.482720009670528	0.910423653605277	0	0	0	1.04900958773323	0	1.08686106486998	0	0	0	0	0	0	0	0	0	0	0	0	0	0	0	0	0	0	0	0	0	0	0	0	0	0	1.18390946154689	0	0	3.83230050815794	0	0	0	0	0	0	0.608353542836027	0	0	1.35041694423369	0	0	0	0	0	0	0	2.05751528504151	0	0	0	0	0	0	0	0	0	0	0	0	0	0	0.910423653605277	0	0	0	0	0	0	1.38823693706383	0	1.45523311514846	0	0	0	0	0	0	1.36973849898633	0	0	0	0	0	0	0	0	0	0	0	0	0	0	0	0	0	0	0	0	0	0	0	0	0	0	1.35041694423369	0	0	0	0	0	3.62725378761345	4.34573032735379	0	0	1.36973849898633	0	0	0	0	4.14784047085758	0	0	0	0	0	0	0	0	0	0	0	0	0	1.18390946154689	0	0	0	0	0	0	0	0	0	0	0	0	0	0	0	0	0	0	0	0	0	0	0	0	0	0	0	0	0	0	0	0	0	0	0	0	0	0	0	0	0	2.05751528504151	1.36973849898633	0	0	0	0	0	0	0	0	1.95766813451199	0	0	0	0	0	0	0	0	0.910423653605277	0.482720009670528	0	0	0	0	0	0	0	0	0	0	0	0	0	0	0	0	1.15390670447759	0	0	0	0	0	0	0	1.15390670447759	0	0.608353542836027	0	0	0	0	0	0.910423653605277	0	0	0	0	0	0	0	0	0	0	0	0	0	0	0	0	0	0	0	0	0	0	0	0	0	0	1.15390670447759	0	0	0	0	0	0	0	3.55626666610116	0	0	0	0	0	0	0.785138488669007	0	0	0	0	2.91684607943484	1.43942787323859	0	1.42302563780388	0	0	0	2.23363122358964	0	0	0	0	0	0	0	0	0	0	0.961691590780474	0	0	1.28668830286886	0	0	0	0	1.93255186753824	0	0	0	0	0	0	0	0	0	0	0	0	0	0	1.04900958773323	0	0	0	1.43942787323859	0	0	0	0	0	0	4.00422493945019	0	0	1.97676508409151	0	0	0	0	0	0	0	0	0	0	1.65163549742801	0	0	0	0	0	0	0	0	0	0	0	0	0	0	0	0	0	0	0	0	0	0	0	0	3.18038452653408	0	0	1.69839813693241	0	0	0	0	0.608353542836027	0.705679900857138	0	1.63142313426583	1.08686106486998	3.14729921570107	PRJNA1480144	ILPo38	fecal	Post	38	1
SRR39238502	0	0	0	1.3627628242901	0.88175335574726	0	0	1.11827077177458	0	0	0	0	0	0	2.03770093764531	0	0	0	0	0	1.69478704795163	0	0	0	0	0	0	1.18570277043349	0	0	0	0	1.24405826876504	0	0	0	0	0	0	0	0	0.813829048995352	0	0	1.6095813909481	0	0	1.40243963124097	0	1.43879309669147	4.01141999449428	0	0	0	0	0	0	1.38305417556404	1.71371073335878	0.505894125356775	2.29992962072357	1.11827077177458	1.62119211449979	0.88175335574726	0	0	0	0	3.08540707973661	0	0	0	0	0	2.21538927477305	1.81264030383191	2.21538927477305	0	1.87438810997565	0	2.21538927477305	0	0	1.79763904507877	0	0	0.733275572050993	0	0	0	2.15943696230862	0	2.55954755034235	0	1.29549334312429	0	0	1.15329421179232	0	1.72287208409293	0	0	1.57276183422209	0	0	0	0	1.15329421179232	1.15329421179232	0	0	0	0	0	0	1.40243963124097	0	0	0	1.57276183422209	0	0	0	0	0.992197768169905	2.15275058462966	0	0	0	1.96106496381496	0	0	3.05146076863064	1.24405826876504	0	1.11827077177458	2.41888156799698	0.88175335574726	0	0	0	4.31570533692112	0	1.86794510628314	0	0	0	0	0	0	1.24405826876504	0	0.505894125356775	0	0	2.49258025608992	0	0	0	0	2.34546935857739	0	0	0	0	0	0	0	1.79763904507877	0	1.24405826876504	0	0	0.88175335574726	0	0	1.15329421179232	0	1.5597606925448	0	1.95045983922696	0.634299048648076	0	0	0.813829048995352	0	0	0	0	0.505894125356775	0	0	0	0	0	0	0	3.93550959535091	1.62119211449979	0	0	0	0	1.08017315901791	0	0.634299048648076	0	0	0	0	0.813829048995352	0	0	0	1.99626733962794	0	0	0	0	0	0	0	0	0	0	0	0.634299048648076	0	0	1.66475945844225	1.45588891622131	0	2.21538927477305	0	1.57276183422209	2.89060637766872	0	0	0	0	0	0	2.5062285759835	0	3.00051594247951	0.88175335574726	0	0	1.65427047379555	0	0	0	0	0	0	2.20951664397193	0	0	0	1.71371073335878	0	0	0	0	0	1.11827077177458	0	0	0	0	0	1.86794510628314	0	0	0	1.24405826876504	0	0	0	0.505894125356775	0	0	3.02379792913333	1.58538505674137	1.21585992573801	2.87171848226026	0	0	0	0	0	0	0	0	1.98649727352175	2.72723641069636	0	3.10275947060378	0	0	0	0	0	1.7492507042885	2.69074373158233	0	0	1.34147674293272	2.0058224413946	1.75769915728918	1.15329421179232	0	0	1.45588891622131	0	0	0	0	2.71725024516228	0	0	1.08017315901791	0	3.50515812428945	0	1.11827077177458	0	1.65427047379555	2.0420698341217	0	0	0	0	0	0	0	0	0	2.20356351229893	1.97141728082245	0.992197768169905	1.63250049460119	2.74654520147629	0	1.29549334312429	0	0	0	0	0	0	1.93958925000614	3.1974785715661	0	0	0	0	0	0.940476999379982	0	0	0	0	2.75420331142829	0	0	0	0	0	1.34147674293272	0	0	0	0.634299048648076	0	0	0	2.2381165050927	0	0	0	0	0	0	0	0	0.940476999379982	0	3.2675012553825	0	0	1.70435195365685	0	0	0	0	0	0	0	1.81995099092698	2.63120208496711	3.55031796494319	PRJNA1480144	ILPr39	fecal	Pre	39	0
SRR39238515	0	0	0	0	0	0	0	0	0	0	0	0	0	0	0	0	0	0	0	0	2.19623679531726	0	0	0	0	0	0	0	0	0	0	0	0	0	0	0	0	0	0	0	0	0	0	0	0	0	0	0	0	0	1.97528349017022	0	0	0	0	0	0	0	0	0	0	0	0	0	0	0	0	0	1.71896560348993	0	0	0	0	0	2.41297535113136	0	0	0	0	0	0	0	0	0	0	0	0	0	0	0	0.913274651586777	0	1.55536062779952	0	0	0	0	0	0	0.787856308725233	0	0	0	0	0	0	0	0	0	0	0	0	0	0	0	0	0	0	0	1.42615242870613	0	0	0	0	0	0	0	0	0	0	0	0	3.18040456017555	0	0	0	1.0519693613	0	0	0	0	3.34767430262886	0	0	0	0	0	0	0	0	0	0	0	0	0	2.52346839248428	0	0	0	0	0	0	0	0	0	0	0	0	0	0	0	0	0	0	0	0	0	0	0	0	0	0	0	0	0	0	0	0	0	0	0	0	0	0	0	0	0	1.31207661906361	0	0	0	0	0	0	0	0	0	0	0	0	0	0	0	0	0	0	0	0	0	0	0	0	0	0	0	0	0	0	0	0	0	0	0	0	0	0	0	0	0	0	0	0	0.484902573979789	0	0	0	0	0	0	0	0	0	0	0	0	0	0	0	0	0	0	0	0	0	0	0	0	0	0	0	0	0	0	0	0	0	0	4.17388513880172	0	0	0	0	1.0519693613	0	0	2.57743697296827	0	0	0	0	0	0	0	0	0	4.07499021628529	0	4.05368262230102	0	0	0.484902573979789	0	0	0	0	0	0	0	0	0	0	0	0	0	0	0	0	0	0	0	0	0	0	1.40910143076323	0	0	0	0	0	0	0	0	0	0	0	0	0	0	0	0	0	0	0	0.484902573979789	0	0	0	0	0	0	0	0	0.855077223923134	0	0	0	0	0	3.2573731583608	0	0	0	0	0	0	0	0	0	0	0	0	0	0	0	0	0	0	0	0	0	0	0	0	0	0	0	0	0	3.2610568188302	0	0	0	0	0	0	0	0	0	0	0	0	4.27919032098789	PRJNA1480144	ILPo39	fecal	Post	39	1
SRR39238501	0	1.00634063111782	0	1.23063719746768	0	0	0	0.516768964459629	0	0	0	0	0	0	2.03074007349074	0	0	0	0	0	2.3250692280571	0	0	0	0	0	0	0.895439235514752	0	0	0	0	0	0	0	0	0	0	0	0	1.48753394903669	0	0	0	2.41205937843754	1.05271137051194	0	0	0	1.16792563324944	4.28792180177484	0	0	0	0	0	0	2.98343939281633	1.48753394903669	0	1.93828838532776	0	1.23063719746768	1.16792563324944	0	0	0	0	2.91484512478941	0	0	0	0	0	3.12633129831272	1.61297901941128	1.80540639183567	0	2.03989553932241	0	1.92076815406641	0	0	2.36111700621864	0	0	0.746130709702349	0	0	0	1.68014262864676	0	0	0	0	0	0	2.42531410406095	0	2.57785541303581	0	0	0	0	0	0	0	0	1.31042824803171	0	0	0	0	0	0	0	0	0	0	2.28575631340056	0	0	1.99205669988545	0	0	2.1848901642969	0	0	0	1.37781008868174	0	0	3.77933248121932	0	0	2.07470133973043	2.62033561600553	0.516768964459629	0	0	0	3.6352095498519	0	2.35017010368606	0	0	0	0	0	0	1.31042824803171	0	1.96060066791009	0	0	2.93027515111343	1.13281086921775	0	0	0	1.43612803816295	0	0	0	0	0	0	0	1.6249192709394	0	0	0	0	1.05271137051194	0	0	0	0	1.48753394903669	0	0	0	0	0	0	0	0	0	0	0	0	0	0	0	0	0.64641853204256	0	4.07026429030124	0	0	0	0	0	0	0	0	0	0	0	0	1.20041236695429	0	0	0	2.52189778229071	0	0	0	0	0	0	0	0	0	0	0	0	0	0	1.9970847908727	1.39813204945081	0	0	0	0	2.13691914797489	0	0	0	0	1.00634063111782	0	0	0	1.79756333187198	0	0	0	0.516768964459629	0	1.63654000876216	0	0	0	0	2.12961220877262	0	0	0	0	0	1.13281086921775	0	0	0	0	0	0	0	0	0	1.50340058576734	0	0	0	0.746130709702349	0.64641853204256	2.26467945975253	0	0	0	0	3.43765607043265	1.51870792002936	1.50340058576734	2.43636195509462	0	0	0	0	0	0	0	0	1.41754544021853	3.01285632843016	0	3.1494630107033	0	0	0	0	0	0	2.75965168520264	2.3434670193845	0	0	0	0	0	1.25889469811427	0	0	0	0	0	0	2.40233775784528	0	0	0.64641853204256	0	3.57298863748725	0	1.56163669097326	0	1.13281086921775	0	0	0	0	0	0	0	0	0	0	1.16792563324944	1.79756333187198	0.64641853204256	1.79756333187198	2.53801855601381	0	1.47106558292386	0	0	0	0	0	0	0.895439235514752	2.76051445147505	0	0	0	0	0	2.56990774146765	0	0	1.25889469811427	0	3.00995416748613	0	0	0	0	0	1.09460516142429	0	0	0	0	0	0	0	1.92076815406641	0	0	0	0	0	0	0	0	0	0	2.81473270568932	0	0	0	0	0	0	0	0.516768964459629	0	0	1.33406967654373	2.01182894390362	3.32509944303805	PRJNA1480144	ILPr40	fecal	Pre	40	0
SRR39238514	0	0	0	0	0	0	0	0	0	0	0	0	0	0	0	0	0	0	0	0	3.00798190085672	0	0	0	0	0	0	1.1496981425235	0	0	0	0	0	0	0	0	0	0	0	0	0	0	0	0	1.65048758294577	0	0	0	0	0	2.71795623543738	0	0	0	0	0	0	0	0	0	0	0	0	0	0	0	0	0	0	0	0	0	0	0	3.41571416576466	0	0	0	0	0	0	0	0	0	0	0	0	0	0	0	0	0	2.19368326752678	0	0	0	0	0	0.810556240813116	0	0	0	0	0	0	0	0	0	0	0	0	0	0	0	0	0	0	0	0	1.35906232497881	0	0	0	0	0	0	0	0	0	0	0	0	1.76218396339911	0	0	0	1.46859910078611	0	0	0	0	3.47539062381841	0	2.03823607297765	0	0	0	0	0	0	0	0	0	0	0	3.27838417661992	0	0	0	0	0	0	0	0	0	0	0	0	0	0	0	0	0	0	0	0	0	0	0	0	0	0	0	0	0	0	0	0	0	0	0	0	0	0	0	0	0	2.46983255466755	0	0	0	0	0	0	0	0	0	0	0	0	0	0	0	0	1.11469761982674	0	0	0	0	0	0	0	0	0	0	0	0	0	0	0	0	0	0	0	0	0	0	0	0	0	0	0	0	0	1.67121417214086	0	0	0	0	0	0	0	0	0	0	0	0	0	0	0	0	0	0	0	0	0	0	0	0	0	0	0	0	0	0	0	0	3.30481731062194	0	0	0	0	0	0	0	2.82173345594335	0	0	0	0	0	0	0	0	0	3.68125954567719	0	4.63836772090461	0	0	0	0	0	0	0	0	0	0	0	0	0	0	0	0	0	0	0	0	1.90142216979191	0	0	0	0	2.28143253958532	0	0	0	0	0	0	0	0	0	0	0	0	0	0	0	0	0	0	0	0	0	0	0	0	0	0	0	0	1.55599874163642	0	0	0	0	0	2.30791992439507	0	0	0	0	1.71907660720956	0	0	0	0	0	0	0	0	0	0	0	0	0	0	0	0	0	0	0	0	0	0	0	0	3.47713451651743	0	0	0	0	0	0	0	0	0	0	0	0	3.20323055644807	PRJNA1480144	ILPo40	fecal	Post	40	1
SRR39238500	0	0	0	0	0	0	0	0	0	0	0	0	0	0	2.95673916084242	0	0	0	0	0	0	0	0	0	2.28422323996953	0	0	1.04135036018261	0	0	0	0	0	0	0	0	0	0	0	0	0	0	0	0	0	0	0	0	0	0	4.29513398405581	0	0	0	0	0	0	0	0	0	1.32217495418038	0	0	0	0	0	0	0	3.03377917932466	0	0	0	0	0	1.29157834842368	1.04135036018261	0	0	0	0	0	0	0	2.18707140820322	0	0	0	0	0	0	1.09437840111079	0	0	0	0	0	0	1.37757382505386	0	0	0	0	0	0	0	0	0	0	0	0	0	0	0	0	0	0	0	0	0	2.43292290498316	0	0	0	0	0	0	0	0	0	0	0	0	2.14028221341237	0	0	0	2.90744163863991	0	0	0	0	2.91655782624416	0	1.32217495418038	0	0	0	0	0	0	0	0	0	0	0	4.26530032615217	0	0	0	0	0	0	0	0	0	0	0	0	0	0	0	0	0	0	0	0	0	0	0	0	0	0	0	0	0	0	0	0	0	0	0	0	0	0	0	0	0	4.0954565502053	0	0	0	0	0	0	0	0	0	0	0	0	0	0	0	0	2.1265953410083	0	0	0	0	0	0	0	0	0	0	0	0	0	0	0	0	0	0	0	0	0	0	0	0	0	0	0	1.42669875171372	0	1.04135036018261	0	0	0	0	0	1.09437840111079	0	0	0	0	0	0	0	0	0	0	0	0	0	0	0	0	0	0	0	0	0	0	0	0	0	0	1.22304404967565	0	0	0	0	1.29157834842368	0	0	2.2437002306372	0	0	0	0	0	0	0	0	0	3.09522248566052	0	3.13653816365315	0	0	0	0	0	0	1.04135036018261	0	0	0	0	0	0	0	0.91073597583931	0	0	0	0	0	2.44422152120239	0	0	0	0	3.78239535916839	0	0	0	0	0	0	0	0	0	0	0	0	0	0	0	0	0	1.04135036018261	0	0	0	0	0	0	0	0	0	0	1.18424222595433	0	0	0	0	0	0	0	0	0	0	2.74669889693032	0	0	0	0	0	0	0	0	0	0	0	0	0	0	0	0	0	0	0	0	0	0	0	0	2.88781183213898	0	0	0	0	0	0	0	0	1.18424222595433	0	0	0	2.09287487568027	PRJNA1480144	ILPr41	fecal	Pre	41	0
SRR39238513	0	0	0	0	0	0	0	0	0	0	0	0	0	0	0	0	0	0	0	0	1.61627452799944	0	0	0	0	0	0	0	0	0	0	0	0	0	0	0	0	0	0	0	0	0	0	0	2.5130677682462	0	0	0	0	0	1.95724395342133	0	0	0	0	0	0	0	0	0	0	0	0	0	0	0	0	0	0.946556073416633	0	0	0	0	0	3.3942954098977	0	0	0	0	0	0	0	0	0	0	0	0	0	0	0	0	0	0	0	0	0	0	0	0	1.25053047493086	0	0	0	0	0	0	0	0	0	0	0	0	0	0	0	0	0	0	0	0	0	0	0	0	0	0	0	0	0	0	0	0	0	0	0	0	1.82670835675892	0	0	0	0	4.03164668240702	0	0	0	0	0	0	0	0	0	0	0	0	0	3.57566046755038	0	0	0	0	0	0	0	0	0	0	0	0	0	0	0	0	0	0	0	0	0	0	0	0	0	0	0	0	0	0	0	0	0	0	0	0	0	0	0	0	0	1.65022759259175	0	0	0	0	0	0	0	0	0	0	0	0	0	0	0	0	1.04464624532197	0	0	0	0	0	0	0	0	0	0	0	0	0	0	0	0	0	0	0	0	0	0	0	0	0	0	0	0	0	0	0	0	0	0	0	0	0	0	0	0	0	0	0	0	0	0	0	0	0	0	0	0	0	0	0	0	0	0	0	0	0	0	0	0	0	0	0	0	0	0	2.21336838345466	0	0	0	0	0	0	0	0	0	3.40858084248644	0	4.6122805826185	0	0	0	0	0	0	0	0	0	0	0	0	0	0	0	0	0	0	0	0	0	0	0	0	0	0.63957669378962	0	0	0	0	0	0	0	0	0	0	0	0	0	0	0	0	0	0	0	0	0	0	0	0	0	0	0	0	1.42759878317849	0	0	0	0	0	0	0	0	0	0	0	0	0	0	0	0	0	0	0	0	0	0	0	0	0	0	0	0	0	0	0	0	0	0	0	3.64844189680993	0	0	0	0	0	0	0	0	0	0	0	0	2.2558711846752	PRJNA1480144	ILPo41	fecal	Post	41	1
SRR39238499	0	0	0	0	0	0	0	0	0	0	0	0	0	0	1.57963804017489	0	0	0	0	0	0	0	0	0	1.42207654908746	0	0	0	0	0	0	0	0	0	0	0	0	0	0	0	0	0	0	0	0	0	0	0	0	0	3.03457934465557	0	0	0	0	0	0	0	0	0	2.50202195398167	0	0	0	0	0	0	0	2.72647613516329	0	0	0	0	0	0	1.2633467826054	0	0	0	0	0	0	0	0	0	0	0	0	0	0	1.60529394983064	0	0	0	0	0	0	0	0	0	0	0	0	0	0	0	0	0	0	0	0	0	0	0	0	0	0	0	0	1.09893848536004	0	0	0	0	0	0	0	0	0	0.650070025086247	0	0	3.08651071560411	0	0	0	2.75914080220282	0	0	0	0	2.02605310281495	0	0	0	0	0	0	0	0	0	0	0	0	0	1.87491376586762	0	0	0	0	0	0	0	0	0	0	0	0	0	0	0	0	0	0	0	0	0	0	0	0	0	0	0	0	0	0	0	0	0	0	0	0	0	0	0	0	0	3.87022516824107	0	0	0	0	0	0	0	0	0	0	0	0	0	0	0	0	0	0	0	0	0	0	0	0	0	0	0	0	0	0	0	0	0	0	0	0	0	0	0	0	0	0	0	0	1.40265496631343	0	0	0	0	0	0	0	0	0	0	0	0	0	0	0	0	0	0	0	0	0	0	0	0	0	0	0	0	0	0	0	0	0	0	0	0	0	0	0	2.82397656700267	0	0	2.40899136910923	0	0	0	0	0	0	0	0	0	1.45849355850221	0	4.60722912544981	0	0	0	0	0	0	1.05700650318474	0	0	0	0	0	0	0	0	0	0	0	0	0	0	0	0	0	0	3.04646772846994	0	0	0	0	0	0	0	0	0	0	0	0	0	0	0	0	0	0	0	0	0	0	0	0	0	0	0	0	2.61904206071238	0	0	0	0	0	0	0	0	0	0	0	0	0	0	0	0	0	0	0	0	0	0	0	0	0	0	0	0	0	0	0	0	0	0	0	4.05047312351341	0	0	0	0	0	0	0	0	1.45849355850221	0	0	1.4406666526496	2.30808207262728	PRJNA1480144	ILPr42	fecal	Pre	42	0
SRR39238512	0	0	0	0	0	0	0	0	0	0	0	0	0	0	0	0	0	0	0	0	1.56787353954311	0	0	0	0	0	0	0	0	0	0	0	0	0	0	0	0	0	0	0	0	0	0	0	0	0	0	0	0	0	1.34018618160766	0	0	0	0	0	0	0.651391050958465	0	0	0	0	0	0	0	0	0	0	0	0	0	0	0	0	3.57512998524865	2.06833013165277	0	0	0	0	0	0	0	0.651391050958465	0	0	0	0	0	0	0.52123977290053	0	0	0	0	0	0	0	0	0	0	0	0	0	0	0	0	0	0	0	0	0	0	0	0	0	0	0	0	0	0	0	0	0	0	0	0	0	0	0	0	0	0	0	0	0	0	0	0	0	0	3.17514667701977	0	1.0121244752037	0	0	0	0	0	0	0	0	0	0	0	4.05114512434548	0	0	0	0	0	0	0	0	0	0	0	0	0	0	0	0	0	0	0	0	0	0	0	0	0	0	0	0	0	0	0	0	0	0	0	0	0	0	0	0	0	1.82699529362381	0	0	0	0	0	0	4.36306055286342	0	0	0	0	0	0	0	0	0	0	0	0	0	0	0	0	0	0	0	0	0	0	0	0	0	0	0	0	0	0	0	0	0	0	0	0	0	0	0	0.52123977290053	0	0	0	0	0	0	0	0	0	0	0	0	0	0	0	0	0	0	0	0	0	0	0	0	0	0	0	0	0	0	0	0	0	0	0	0	0	0	0	0	2.31468613737165	0	0	0	0	0	0	0	0	0	3.65128775668133	0	4.29678261980709	0.651391050958465	0	0.832633030138059	0	0	0	0	0	0	0	0	0	0	0	0	0	0	0	0	0	0	0	0	0	0	1.47726191846264	0	0	0	0	0	0	0	0	0	0	0	0	0	0	0	0	0	0	0	0	0	0	0	0	0	0	0	0	2.87204501890643	0	0	0	0	0	0	0	0	0	0	0	0	0	0	0	0	0	0	0	0	0	0	0	0	0	0	0	0	0	0	0	0	0	0	0	2.7804913922505	0	0	0	0	0	0	0	0	0	0	0	0	2.3498496737426	PRJNA1480144	ILPo42	fecal	Post	42	1
SRR39238497	0	0	0	2.15622207186295	0	0	0.966086047094513	0	0	0	0	1.6757744836942	0	0	2.23070606933297	0	0	0	0	0	1.66622283313976	0	0	0	0	0	0.789263954420347	2.69541936647325	0	0	0	0	1.15849284540051	0	0	0	0	0	0	0	0	0	0	0	2.16242772134406	0	0	1.41071722233525	0	0	3.68797622281308	0	0	0	0	0	0	0	1.96739845635583	2.37307979946286	2.57317206133697	2.40241413778479	1.29136511081515	1.54439498078637	0	0	0	0	3.17225770141271	0	0	0	0	0	2.68905222954788	0	2.35368581952152	0	2.40063766059695	0	2.91310552916411	0	0	2.31208876847744	0.709643617143405	0	1.3929665952992	0	0	0	2.5264789401485	0	0.6120741337783	1.66622283313976	1.29136511081515	0	0	0	0	2.1403085526358	0	0	2.23070606933297	0	0	0	0	1.33489656763945	1.96739845635583	0	0	0	0	0	0	0	0	0	0	1.99993818849866	0	0	2.45729919710605	0	0	0	0	0	0	2.51568744905924	0	0	2.06240256926155	0	0	1.91076276387893	2.9923806801237	0	0	0	0	3.40423130756512	0	2.56103911928374	0	0.486034049688963	0	0	0	1.85196072139398	1.48998589768381	0	2.46657373687518	0	0	2.53960181352328	0	0	0	0	2.50180970795851	0	0	0	0	0	0	0	1.66622283313976	0	1.58114905422773	2.12040914034522	0.789263954420347	0	0	0	0	0	1.41071722233525	1.72905287522106	2.35566465743576	0	0	0	1.41071722233525	0	0	0	0	1.5314183176157	0	0	1.12623602320395	0	0	1.0119895569125	0	4.06776020729023	2.99601128158791	0	0.709643617143405	0	0	0	0	0	0.856524109065011	0	0	0	1.89962208904512	0	1.35512834832728	0	2.56714795888226	0	1.77650360028253	0	0	0	0	0	0	0	0	0	0	0	0.966086047094513	2.35169792385889	1.93742483262965	0	1.44417983746222	0	2.22273566914452	2.55608941548706	0	0	0	0	0	0	1.48998589768381	0	3.52917137547739	0	0	0.856524109065011	1.96739845635583	0	2.30103572512414	0	0	0	0	1.85821238404134	0	0	0	1.05350167586612	0	2.27330093025222	1.1885185794019	0	0	0	1.05350167586612	0	0	1.61503389617311	0	2.29653452039992	0	0	0	1.29136511081515	1.5314183176157	2.76839076878317	0	0	0	0	2.05457510456588	1.90522814854636	1.31367603236564	2.7591332015355	0	0	0	0	0	0	1.09138973983449	0	0	2.75600296754037	0	3.86510819715832	0	0	1.5314183176157	0	0	0	2.78706591638653	2.21187569399247	0	0	2.05850647136938	2.59075866831238	0	1.96739845635583	0	2.5060197908025	0	2.1031001208559	0.6120741337783	0	3.32483709069808	0	0	1.75342596998228	0	3.95950659676669	0	2.13377620392298	0	1.50424043665036	0	0	0	0.856524109065011	0.486034049688963	0	0	0	1.24297918078928	0	2.16242772134406	1.65645637525602	1.35512834832728	2.49326508932278	2.66163209767997	1.21660199241828	1.4277707391888	0	0	0	0	1.84561775016989	0	1.31367603236564	2.75047017522154	0	0	1.3929665952992	0	0	1.4277707391888	0	0	0	0	2.73755267777588	0	0	0	0	0	1.66622283313976	0	0	2.23593954725714	0	0	0	0	1.45999145157648	0	0.6120741337783	0	0	0	0	0	0	1.71200945311766	0	3.19826815983958	0.6120741337783	1.48998589768381	2.05850647136938	0	0	0	0	0	1.05350167586612	0	2.41637026551848	2.51568744905924	3.36951289149879	PRJNA1480144	ILPr43	fecal	Pre	43	0
SRR39238511	0	0	0	0	0	0	0	0	0	0	0	0	0	0	2.55785019845576	0	0	0	0	0	0.44323232016504	0	0	0	0	0	0	2.9105498408168	0	0	0	0	0	0	0	0	0	0	0	0	0	0	0	0	0	0	0	0	0	0	3.2255294845649	0	0	0	0	0	0	2.21323762201019	0	0	0	0	0	0	0	0	0	0	1.94867112121795	0	0	0	0	0	0	0	0	0	0	0	0	0	0	3.48821539433311	0	0	0	0	0	0	2.08839863384683	0	0	0	2.03136096468564	0	0	1.44125607677677	0.735360142344853	1.64819113320599	0	0	0	0	0	0	0	0	0	0	0	0	0	0	0	0	0	0	0	2.19884988927225	0	0	0	0	0	0	0	0	0	0	0	1.75516056021004	4.62782194911202	1.0318696739642	0	0	1.73435268076232	0	0	0	0	1.85728521678265	0	0	0	0	0	0	0	0	0	0	0	0	0	0.657973989008635	0	0	0	0	0	0	0	0	0	0	0	0	0	0	0	0	0	0	0	0	0	0	0	0	0	0	0	0	0	0	0	0	0	0	0	0	0	0	0	0	0	3.87416054648623	0	0	0	0	0	0	0	0.908442992778508	0	0	0	0	0	0	0	0	2.62125830419038	0	0	0	1.12786992032468	0	0	0	0	0	0	0	0	0	0	0	0	0	0	0	0	0	0	0	0	0	0	0	0	0	0	0	0	0	0	0	0	0	0	0	0	0	0	0	0	0	0	0	0	0	0	0	0	0	0	0	0	0	0	0	0	0	0	0	0	0	0	0	1.33062166963597	0	0.563742779239257	2.00550837970655	0	0	0	0	0	0	0	0	0	0	0	3.41707693927354	0	0	0	0	0	0	0	0	0	0	0	0	0	0	0.44323232016504	0	0	0	0	0	2.48609920775076	0	0	0	0	3.37171471419018	0	0	0	0	0	0	0	0	0	0	0	0	0	0	0	0	0	0	0	0	0	0	0	0	0	0	0	0	3.23325602641699	0	0	0	0	0	1.89322883544011	0	0	0	0	3.01486622422256	0	0	0	0	0	0	0	0	0	0	0	0	0	0	0	0	0	0	0	0	0	0	0	1.71249746574322	1.09816682480196	0	0	0	2.00929717006314	0	0	0	0	0	0	0	0	2.54704970535063	PRJNA1480144	ILPo43	fecal	Post	43	1
SRR39238496	0	0	0	0	0	0	0	0	0	0	0	0	0	0	2.72588085634262	0	0	0	0	0	1.26406011518395	0	0	0	0	0	0	1.16572577208929	0	0	0	0	0	0	0	0	0	0	0	0	0	0	0	0	0	0	0	0	0	0	3.725652435134	0	0	0	0	0	0	1.74495690294974	0	0	2.91761947160733	0	0	0	0	0	0	0	3.09353569316343	0	0	0	0	0	2.61970847787611	0.541720522700004	0	0	0	0	0	0	0	1.81630387703097	0	0	0	0	0	0	1.67118160842798	0	2.32100801224258	0	0	0	0	2.91435067321081	1.26406011518395	1.43219759077191	0	0	0	0	0	0	0	0	0	0	0	0	0	0	0	0	0	0	0	1.96171207892356	0	0	0	0	0	0	0	0	0	2.28898282611978	0	0	2.6697378240854	0.926517197022008	0	0	3.05873036709752	0	0	0	0	3.85266843925775	0	2.11813055745269	0	0	0	0	0	0	0	0	0	0	0	1.81630387703097	0	0	0	0	0.775411238480616	0	0	0	0	0	0	0	0	0	0	0	0	0	0	0	0	0	0	0	0	0	0	0	0	0	0	0	0	0	0	0	0	0	0	0	0	3.87971842047088	0	0	0	0	0	0	0	0	0	0	0	0	0	0	0	0	2.67318183498047	0	0	0	0	0	0	0	0	0	0	0	0	0	0	0	0	0	0	0	0	0	0	0	0	0	0	0	0	0	0	0	0	0	0	0	0.541720522700004	0	0	0	0	0	0	0	0	0	0	0	0	0	0	0	0	0	0	0	0	0	0	0	0	0	0	0.541720522700004	0	0	0	0	1.59613011418862	0	0	2.45498143961845	0	0	0	0	0	0	0	0	0	1.87756695037006	0	4.32727094032959	0	1.16572577208929	0	0	0	0	0	0	0	0	0	0	0	0	0	0	0	0	0	0	3.21936333517373	0	0	0	0	4.08127751871274	0	0.541720522700004	0	0	0	0	0	0	0	0	0	0	0	0	0.986053115876891	0	0	0	0	0	0	0	0	0	0	0	0	0	1.8244513001726	0	0	0	0	0	0	0	0	0	0	2.94720016317563	0	0	0	0	0	0	0	0	0	0	0	0	0	0	0	0	0	0	0	0	0	0	0	0	3.43004084067277	0	0	0	0	0	0	0	0	0	0	0	0	1.50534201790139	PRJNA1480144	ILPr44	fecal	Pre	44	0
SRR39238495	0	0	0	0	0	0	0	0	0	0	0	0	0	0	2.38594441705122	0	0	0	0	0	0	0	0	0	0	0	0	2.52663051659423	0	0	0	0	0	0	0	0	0	0	0	0	0	0	0	0	2.99061305806534	0	0	0	0	0	3.3587107293844	0	0	0	0	0	0	0	0	0	3.20300702944715	0	0.923441911459108	0	0	0	0	0	2.39893443522271	0	0	0	0	0	0	1.94511917855492	0	0	0	0	0	0	0	1.44062181199756	0	0	0	0	0	0	2.60654960674483	0	0	0	0	0	0	2.69909696272847	0	1.23664815252772	0	0	0	0	0	0	0	0	0	0	0	0	0	0	0	0	0	0	0	2.17653444964646	0	0	0	0	0	0	0	0	0	2.63122530662179	0	0	3.06510759735844	0	0	0	2.56842581756416	1.41672346077256	0	0	0	4.12814609515	0	0	0	0	0	0	0	0	0	0	0	0	0	3.17176964349108	0	0	0	0	0	0	0	0	0	0	0	0	1.41672346077256	0	0	0	0	0	0	0	0	0	0	0	0	0	0	0	0	0	0	0	0	0.734823151781872	0	0	0	0	0	0	0	4.04884715653035	2.15011931706801	0	0	0	0	0	4.05016334411214	0	0	0	0	0	0	0	0	0	1.41672346077256	0	0	0	0	0	0	0	0	0	0	0	0	0	0	0	0	0	0	0	0	0	0	0	0	0	0	0	0.839292944103344	0	1.05451144230443	0	0	3.13341842577748	0	0	0	0	0	0	0	0	0	0	0	0	0	0	0	0	0	0	0	0	0	0	0	0	0	0	0	0	0	1.10768847996172	0	0	0	0	1.27233290400961	0	0.923441911459108	2.94650374525242	0	0	0	0	0	0	0	0	0	2.84295590168087	0	3.81676025860907	0	0	0.923441911459108	0	0	0	1.10768847996172	0	0	0	0	0	0	0	0	0	0	0	0	0	2.41894265296604	0	0	0	0	3.8249946280224	0	0.923441911459108	0	0	0	0	0	0	0	0	0	0	0	0	0	0	0	0	0	0	0	0	0	0	0	0	0	0	2.42380392371117	0	0	0	0	0	1.6835553139308	0	0	0	0	2.04249882998832	0	0	0	0	0	0	0	0	0	0	0	0	0	0	0	0	0	0	0	0	0	0	0	0	3.39194356353809	0	0	0	0	0	0	0	0	0	0	0	0	2.17653444964646	PRJNA1480144	ILPr45	fecal	Pre	45	0
SRR39238510	0	0	0	0	0	0	0	0	0	0.661779247182982	0	0	0	0	0	0	0	0.762393101515624	0	0	2.59622814930282	0	0	0	0	0	0	0	0	0	0	0	0	0	0	0	0	0	0	0	0	0	0	0	3.41053768455603	1.41709829285704	0	0	0	0.762393101515624	4.439163952274	0	0	0	0	0	0	2.08154491702083	1.02417321447381	0	2.58556470754329	0	1.07073734226989	0	0	0	0	0	2.99429790968328	0	0	0	0	0	2.00135962660914	0	1.84012671388351	0	2.02651814977149	0	2.09843979282887	0	0.530596369751468	2.66433289112038	0	0	0	0	0	0	0	0	0	0	0	0	0	0	0	1.02417321447381	0	0	1.37537877915992	0	0	0	0	0	1.32922149719434	0	0	0	0	0	0	0	0	0	0	2.76441989800334	0	0	0	0	0.762393101515624	0	0	0	0	0.912715777322058	0	0	3.83341164244817	1.41709829285704	0	1.60730607959478	2.12261025366558	1.27756871739291	0	0	0	3.34833807530575	0	1.60730607959478	0	0	0	0.661779247182982	0	0	0.661779247182982	0	0.530596369751468	0	0	2.00135962660914	0	0	0.762393101515624	0	1.73913465828603	0	0	0	0	0	0	0	0	0	0	0	0	0	0	0	0	0	0	0	0	0	0	0	0	0	0	0	0	0	0	0	0	0	0	0	0	3.53457514332322	1.80085820935373	0	0	0	0	0.844026141888086	0	0	0	0	0	0	0	0	0	0	2.14550614267051	0	0	0	0	0	0	0	0	0	0	0	0	0	0	1.69947786347727	1.95203948000369	0	0	0	0	2.36982238718036	0	0	0	0	0	0	0	0	2.34939038992919	0	0	0	0	0	0	0	0	0	0	1.67820329570853	0	0	0	0	0	0	0	0	0	0	0	0	0	0	0	1.81699412448976	0	0	0	0.530596369751468	0	2.72515270866431	0	0	0	0	1.4730074905696	0.972010284050426	0.530596369751468	2.55481383509052	0	0	0	0	0	0	0	0	0	3.92077895915783	0	3.56842769242272	0	0	0	0	0	1.98012777881788	1.87613715308702	0	0	0	0	0	0	0	0	0	0	0	0	0	2.47384319299942	0	0	0	0	3.11409435100568	0	1.07073734226989	0	0.844026141888086	0	0	0	0	0	0	0	0	0	1.35291305544827	1.43654547073748	1.77547132480301	0	1.98012777881788	2.51858097276765	0	1.43654547073748	0	0	0	0	1.1863512461121	0	0.762393101515624	1.85489108438273	0	0	0	0	0	2.620551411061	0	0	0	0	2.67324556244353	0	0	0	0	0	0.661779247182982	0	0	0	0	0	0	0	1.65583263716429	0	0	0	0	0	0	0	0	0	0	3.17962107227508	0	1.37537877915992	0	0	0	0	0	0	0	0	0	2.05945792715614	2.81339818355305	PRJNA1480144	ILPo45	fecal	Post	45	1
