SAMPLE_ID	Acholeplasmatales	Acidaminococcales	Acidiferrobacterales	Acidimicrobiales	Acidithiobacillales	Acidobacteriales	Actinomycetales	Actinopolysporales	Aeromonadales	Alteromonadales	Anaerolineales	Aquificales	Ardenticatenales	Bacillales	Bacteriovoracales	Bacteroidales	Bacteroidetes Order II. Incertae sedis	Bifidobacteriales	Brachyspirales	Bradymonadales	Bryobacterales	Burkholderiales	Caldilineales	Caldisericales	Calditrichales	Campylobacterales	Candidatus Brocadiales	Candidatus Nanopelagicales	Candidatus Nanosynbacterales	Cardiobacteriales	Caulobacterales	Cellvibrionales	Chitinophagales	Chlamydiales	Chlorobiales	Chloroflexales	Chromatiales	Chroococcales	Chroococcidiopsidales	Chrysiogenales	Chthonomonadales	Clostridiales	Coprothermobacterales	Coriobacteriales	Corynebacteriales	Cytophagales	Deferribacterales	Dehalococcoidales	Deinococcales	Desulfobacterales	Desulfovibrionales	Desulfurellales	Desulfurobacteriales	Desulfuromonadales	Eggerthellales	Egibacterales	Egicoccales	Elusimicrobiales	Emcibacterales	Endomicrobiales	Enterobacterales	Entomoplasmatales	Erysipelotrichales	Euzebyales	Fibrobacterales	Fimbriimonadales	Flavobacteriales	Frankiales	Fusobacteriales	Gemmatimonadales	Gloeobacterales	Gloeoemargaritales	Glycomycetales	Halanaerobiales	Holosporales	Ignavibacteriales	Kordiimonadales	Kosmotogales	Ktedonobacterales	Lactobacillales	Legionellales	Leptospirales	Limnochordales	Marinilabiliales	Mariprofundales	Methanobacteriales	Methanomassiliicoccales	Methylococcales	Micrococcales	Micromonosporales	Mycoplasmatales	Myxococcales	Nakamurellales	Natranaerobiales	Nautiliales	Neisseriales	Nevskiales	Nitrosomonadales	Nitrospirales	Nostocales	Oceanospirillales	Opitutales	Orbales	Oscillatoriales	Parachlamydiales	Parvularculales	Pasteurellales	Pelagibacterales	Petrotogales	Phycisphaerales	Pirellulales	Planctomycetales	Propionibacteriales	Pseudomonadales	Pseudonocardiales	Puniceicoccales	Rhizobiales	Rhodobacterales	Rhodocyclales	Rhodospirillales	Rickettsiales	Rubrobacterales	Salinisphaerales	Saprospirales	Sedimentisphaerales	Selenomonadales	Silvanigrellales	Solirubrobacterales	Sphaerobacterales	Sphingobacteriales	Sphingomonadales	Spirochaetales	Streptomycetales	Streptosporangiales	Synechococcales	Synergistales	Syntrophobacterales	Tepidiformales	Thermales	Thermoanaerobacterales	Thermodesulfobacteriales	Thermomicrobiales	Thermosediminibacterales	Thermotogales	Thiotrichales	Tissierellales	Trueperales	Veillonellales	Verrucomicrobiales	Vibrionales	Xanthomonadales
SRR36103296	1.00597080190429	1.862143115935305	0.2182058935793362	0.0	0.8766479707993053	0.0	1.5513950170939375	0.0	0.8766479707993053	1.4535521943442706	1.9467854788736496	0.0	0.2182058935793362	3.327232204100132	0.0	4.631154214768083	0.3627633024664372	0.6297892666046816	0.0	0.0	0.0	3.1214971232028175	2.0283463846650407	0.0	0.0	1.0330688311050238	0.0	1.7042245983483482	1.0330688311050238	0.0	0.4710327407926223	0.2182058935793362	0.9770687927650941	0.0	0.5576251591886043	0.0	0.0	0.4710327407926223	0.0	0.0	0.3627633024664372	4.710897877485903	0.0	2.2469622886376	0.3627633024664372	1.956293736572908	0.8372541569357183	0.3627633024664372	0.6916534773795112	0.2182058935793362	3.3111933807032576	0.3627633024664372	0.0	1.3529652838457529	2.025682515815256	0.0	0.0	3.0149186684242624	0.0	0.0	4.178628763707535	0.8766479707993053	2.358230590531235	0.0	0.0	0.0	2.9156419275225707	2.3012194658650094	2.0854969860228003	0.0	0.0	0.0	0.3627633024664372	1.0585749092922137	0.0	0.2182058935793362	0.0	1.0330688311050238	0.3627633024664372	2.736706742292885	0.7457940706102325	0.0	0.2182058935793362	0.0	0.0	0.6297892666046816	0.0	0.2182058935793362	0.8372541569357183	0.0	1.00597080190429	0.2182058935793362	1.2994987912247222	0.0	0.2182058935793362	1.4331264150770888	0.0	0.6916534773795112	0.0	0.0	1.0330688311050238	0.4710327407926223	0.0	0.0	0.0	0.0	1.6245187267433465	0.0	0.4710327407926223	0.2182058935793362	0.2182058935793362	2.0121124223609823	0.2182058935793362	1.5592869072690951	0.7457940706102325	1.1675432368859782	1.8542846430001165	0.7939273031780701	0.5576251591886043	0.6916534773795112	0.0	0.4710327407926223	0.0	0.0	0.3627633024664372	0.7457940706102325	0.0	0.2182058935793362	0.0	2.4406032557262916	0.2182058935793362	0.2182058935793362	3.11414896218232	0.0	0.6916534773795112	2.235577003063786	0.0	0.3627633024664372	0.7939273031780701	1.9655982766864102	0.2182058935793362	1.491729669476257	0.0	0.3627633024664372	0.0	2.2779376201416404	0.0	2.4416298794637834	3.4840170143117004	1.7313659836686393	0.2182058935793362
SRR36103297	1.2802810105305527	0.5430732137611263	0.0	0.45772961596570677	0.45772961596570677	0.0	1.4721404780042309	0.0	0.5430732137611263	1.0641195982022582	3.3779806934678525	0.5430732137611263	0.21031797049146547	3.3747962060630963	0.21031797049146547	4.476763541620739	0.3514089580068487	0.0	0.0	0.21031797049146547	0.0	2.437549378958	3.0634400200597285	0.0	0.0	1.358028708237083	0.0	2.448282758591406	1.0147292022452203	0.45772961596570677	0.7292446430774427	0.0	0.8200030923177659	0.0	0.6755939273395691	0.0	0.0	0.7769903929165849	0.21031797049146547	0.0	0.0	4.855809409518205	0.0	2.615741417190892	0.7769903929165849	2.6652445674790624	0.3514089580068487	2.7313044294796596	0.8200030923177659	0.0	3.2283532378618607	0.8200030923177659	0.0	1.2354765967323964	2.500012628144919	0.0	0.0	0.21031797049146547	0.0	0.0	3.3311214495904773	1.1486938498102615	2.7632520633084106	0.0	0.0	0.0	2.6929952219893	0.7292446430774427	1.7839593119655615	0.0	0.0	0.7292446430774427	0.21031797049146547	1.5697703405216803	0.21031797049146547	0.45772961596570677	0.0	1.4030676462312655	0.5430732137611263	3.135843007936268	0.5430732137611263	0.0	0.0	0.45772961596570677	0.0	1.2942443577259959	0.0	0.0	1.0641195982022582	0.0	1.1855124864837805	0.3514089580068487	2.2363468643773885	0.3514089580068487	0.45772961596570677	1.6114244935948256	0.0	0.7769903929165849	0.0	0.21031797049146547	0.5430732137611263	1.2658537600452968	0.21031797049146547	0.21031797049146547	0.0	0.0	2.0029417899971573	0.0	0.3514089580068487	0.0	0.0	1.673037947406085	0.5430732137611263	1.673037947406085	1.2942443577259959	1.3459993343793633	1.4721404780042309	0.8591370641395824	0.0	0.9877543328468222	0.9877543328468222	1.1855124864837805	0.0	0.0	0.3514089580068487	1.8934940334499126	0.0	0.3514089580068487	0.0	2.4878662905202713	0.21031797049146547	0.0	2.690243396459511	0.0	1.1486938498102615	2.369218144335202	0.0	0.0	0.21031797049146547	2.107520586760793	0.5430732137611263	1.2194521923239565	0.0	0.0	0.0	2.5281693942349883	0.0	2.2104695956343083	3.7425867151113374	1.1674932278559798	0.0
SRR36103301	0.21847175172361377	3.3202310705176052	0.0	0.0	0.3631444252540162	0.0	1.1484528554829554	0.0	0.8772314817884912	0.9467020878740401	1.9071875991871277	0.21847175172361377	0.0	2.2211548231648344	0.21847175172361377	4.873947016368423	0.21847175172361377	2.2211548231648344	0.0	0.0	0.0	3.3065721463919178	1.6637880372472273	0.0	0.0	0.7944920698605757	0.0	0.21847175172361377	0.21847175172361377	0.0	0.0	0.0	0.6921895436853194	0.0	0.21847175172361377	0.0	0.0	0.0	0.0	0.0	0.0	4.581833279965618	0.21847175172361377	3.057343717067842	1.1870314046612052	1.889243385787816	0.21847175172361377	0.7463461692653992	0.21847175172361377	0.21847175172361377	2.7116833913761162	0.21847175172361377	0.0	1.1870314046612052	1.4123391319498326	0.0	0.0	0.21847175172361377	0.0	0.0	2.8725230628195755	0.0	2.587392990387262	0.0	0.0	0.0	0.9133543883491164	0.21847175172361377	1.3660070548746819	0.0	0.0	0.0	0.0	0.8378291857465365	0.0	0.0	0.0	0.47147824780037795	0.0	3.1551718592196343	0.0	0.0	0.0	0.47147824780037795	0.0	0.6303043907993938	0.0	0.0	0.8772314817884912	0.0	0.7463461692653992	0.0	1.6699024111736134	0.0	0.3631444252540162	0.9467020878740401	0.0	0.21847175172361377	0.0	0.0	0.47147824780037795	0.0	0.0	0.0	0.0	0.0	0.9776707454375007	0.0	0.0	0.0	0.0	0.5581117683747845	0.0	1.1870314046612052	0.6303043907993938	0.3631444252540162	1.2552167084048969	0.8772314817884912	0.0	0.47147824780037795	0.0	0.6303043907993938	0.0	0.0	0.0	0.21847175172361377	0.0	0.0	0.0	0.47147824780037795	0.0	0.0	2.8922496956923593	0.0	0.21847175172361377	2.3818888934761073	0.0	0.21847175172361377	0.0	1.483145998490889	0.0	1.3897906594384706	0.3631444252540162	0.0	0.0	1.960082905263033	0.0	2.115423869410757	2.981707333276498	1.1484528554829554	0.0
SRR36103302	0.40871102545048177	3.347754846658484	0.0	0.0	0.904850843260803	0.0	1.2956405106615188	0.0	0.9820576633916633	1.8028498332606682	1.997626745016928	0.0	0.0	2.111087061325476	0.0	4.8639635095875935	0.25075879377909543	1.047588632796658	0.0	0.0	0.0	3.2852617400696444	1.6801844975493656	0.0	0.0	1.047588632796658	0.0	0.25075879377909543	0.25075879377909543	0.0	0.25075879377909543	0.0	0.6908112401648224	0.0	0.0	0.25075879377909543	0.0	0.0	0.0	0.0	0.25075879377909543	4.465939567139704	0.0	3.1737369273846276	1.2208343287888976	2.1341143393358033	0.40871102545048177	0.8108857399103729	0.7549851405427181	0.0	2.790648221885212	0.0	0.0	1.6508686374440085	0.9820576633916633	0.0	0.0	0.0	0.0	0.0	3.718441444378996	0.0	2.4372824144359537	0.25075879377909543	0.0	0.0	1.047588632796658	0.25075879377909543	1.1779692522844083	0.0	0.0	0.0	0.0	0.8108857399103729	0.0	0.0	0.0	0.0	0.0	3.1624456197008097	0.5242880009866586	0.0	0.0	0.0	0.0	0.40871102545048177	0.0	0.40871102545048177	0.8604046673789659	0.0	1.1548381333028095	0.0	1.452531906426867	0.0	0.40871102545048177	1.2208343287888976	0.0	0.0	0.0	0.0	1.2208343287888976	0.0	0.0	0.25075879377909543	0.0	0.0	1.8237133871149873	0.0	0.25075879377909543	0.0	0.0	0.0	0.0	1.8579738693132113	0.5242880009866586	0.0	2.116310784118685	1.3594350482604742	0.5242880009866586	0.9451676817449357	0.0	0.8108857399103729	0.0	0.0	0.0	0.0	0.0	0.25075879377909543	0.0	0.40871102545048177	0.0	0.0	3.7985704207411297	0.0	0.40871102545048177	2.2494281412095747	0.0	0.0	0.0	1.344343261477079	0.0	1.2598460806967273	0.25075879377909543	0.0	0.0	2.069767883773799	0.0	2.1031317451126403	2.9648523200980237	2.072648217572674	0.40871102545048177
SRR36103303	0.0	2.989388610110989	0.0	0.0	0.30959893264785293	0.0	0.754297853032062	0.0	0.6148508179315021	1.1771906400123902	0.8273171208738704	0.0	0.0	1.9661750160465183	0.0	4.856185824458684	0.0	0.30959893264785293	0.0	0.0	0.18182262801270951	3.8114225872005605	1.056848955936217	0.0	0.0	1.2464407840649416	0.0	0.18182262801270951	0.30959893264785293	0.0	0.18182262801270951	0.18182262801270951	0.18182262801270951	0.0	0.18182262801270951	0.30959893264785293	0.18182262801270951	0.0	0.0	0.0	0.0	4.604553530662215	0.0	3.0236356057324514	0.6148508179315021	1.4556990782329913	0.0	0.40820262972898286	0.6664699157625429	0.0	2.627591434262835	0.0	0.18182262801270951	1.6649578802173564	1.206228584671746	0.0	0.0	0.0	0.0	0.0	2.6806368871758144	0.0	2.615173279479169	0.0	0.0	0.0	0.8596857591283077	0.40820262972898286	0.754297853032062	0.0	0.0	0.0	0.0	0.5562582508353515	0.0	0.0	0.0	0.6148508179315021	0.0	2.8796767644215833	0.18182262801270951	0.0	0.0	0.0	0.0	0.18182262801270951	0.0	0.0	0.7923403020582624	0.0	0.40820262972898286	0.0	1.4712325108067361	0.0	0.18182262801270951	1.1619095660243213	0.0	0.30959893264785293	0.0	0.0	0.6148508179315021	0.0	0.0	0.0	0.0	0.0	1.5216015881723535	0.0	0.18182262801270951	0.0	0.18182262801270951	0.0	0.30959893264785293	1.2334460691165723	0.7126003060617332	0.0	1.5007258367508902	0.6664699157625429	0.30959893264785293	0.4885093400775936	0.0	0.7126003060617332	0.0	0.0	0.0	0.0	0.0	0.18182262801270951	0.0	0.0	0.18182262801270951	0.0	3.050380412401101	0.0	0.0	0.9179764667058944	0.0	0.0	0.0	1.3171690304024648	0.0	1.0365732568506043	0.0	0.0	0.0	0.6664699157625429	0.0	2.21276569112943	0.30959893264785293	1.4054582452276856	0.4885093400775936
SRR36103332	0.9109919993919604	2.966398963411141	0.0	0.8355293586962204	1.0567326374355295	0.0	1.4516043309424767	0.0	2.432380386154652	1.9666586850870114	2.1256190949130738	0.21740958749758754	0.21740958749758754	2.602685225657141	0.0	4.610881541867147	0.0	1.184514995130203	0.3616211463228972	0.21740958749758754	0.21740958749758754	3.2262823508790186	2.0128610518728633	0.0	0.0	1.2831222863110294	0.0	0.0	0.3616211463228972	0.0	0.0	0.0	0.469697240686461	0.0	0.0	0.556166170394297	0.0	0.469697240686461	0.0	0.0	0.0	4.770430202578068	0.21740958749758754	1.4097516937267827	1.3251305226344008	2.532502472049427	0.21740958749758754	1.4516043309424767	0.3616211463228972	0.0	1.8716784617175837	0.3616211463228972	0.7441382264435084	0.6282445789107196	0.7441382264435084	0.21740958749758754	0.0	0.0	0.0	0.21740958749758754	3.780438152431013	0.0	2.903525296178646	0.21740958749758754	0.0	0.0	1.252674802789748	3.3340639532609813	1.5726878742398178	0.0	0.0	0.0	0.0	1.1459527459083658	0.0	0.0	0.0	0.3616211463228972	0.0	2.6661423748823916	1.1656617365404929	0.0	0.0	0.21740958749758754	0.0	0.469697240686461	0.0	0.21740958749758754	1.5947607585526067	0.0	1.3251305226344008	0.21740958749758754	0.0	0.0	0.469697240686461	1.7790499942468605	0.0	0.7922333663469425	0.0	0.3616211463228972	0.9443153516321707	0.6900458359864103	0.0	0.0	0.0	0.0	2.96395315606694	0.0	0.0	0.0	0.21740958749758754	0.0	0.6900458359864103	1.8791963532790215	1.219930685913843	0.21740958749758754	2.1502619682730058	1.5163523451995253	0.6282445789107196	1.2831222863110294	0.21740958749758754	0.6282445789107196	0.21740958749758754	0.0	0.0	0.6282445789107196	0.0	0.469697240686461	0.0	0.556166170394297	0.556166170394297	0.0	3.8757026681690063	0.0	0.6900458359864103	1.4097516937267827	0.0	0.3616211463228972	0.9109919993919604	0.7922333663469425	0.21740958749758754	1.219930685913843	0.0	0.0	0.0	1.441513187902728	0.0	3.1498920433519704	2.575807344914919	2.1678678092204287	0.21740958749758754
SRR36103335	0.4830842929311513	2.647383105738388	0.0	0.0	0.5707725249782378	0.0	1.6488620669013228	0.0	2.0435947856775196	1.7330234935024245	2.3163667039863243	0.0	0.2254363884721437	2.7770436688998896	0.0	4.664439733780838	0.0	1.099278611708831	0.3730929572880358	0.2254363884721437	0.0	3.0874844096246195	1.8559498657368771	0.0	0.0	2.069535242115001	0.0	0.0	1.2388437276609814	0.2254363884721437	0.6436953025471377	0.2254363884721437	0.706115887779249	0.0	0.0	0.2254363884721437	0.2254363884721437	0.0	0.0	0.0	0.0	4.776186139151119	0.0	1.6989301085612152	1.1439306490576726	2.3687110837007133	0.2254363884721437	0.7606819534838993	0.2254363884721437	0.0	1.3826782522354344	0.6436953025471377	0.3730929572880358	0.0	0.809151091432197	0.0	0.0	0.3730929572880358	0.0	0.0	3.5195010980907377	0.0	2.089226750049097	0.0	0.0	0.0	1.3947529863824304	3.387247766030743	2.637282301555437	0.0	0.0	0.0	0.2254363884721437	1.221448421400775	0.2254363884721437	0.0	0.0	0.7606819534838993	0.0	2.836485652576406	1.6143594343225078	0.0	0.0	0.0	0.0	0.3730929572880358	0.0	0.0	1.642177347367459	0.0	1.099278611708831	0.3730929572880358	0.0	0.0	0.4830842929311513	2.007375529412172	0.0	0.6436953025471377	0.0	0.2254363884721437	0.993277163075493	1.0495039605534708	0.0	0.2254363884721437	0.0	0.0	3.1322145612395675	0.0	0.0	0.0	0.2254363884721437	0.2254363884721437	0.7606819534838993	1.7543508182520966	0.9621751703758638	0.0	1.9137000733481346	1.1844167748797987	0.5707725249782378	0.8527498725842699	0.2254363884721437	0.5707725249782378	0.0	0.0	0.0	1.2033271828226555	0.0	0.0	0.0	0.2254363884721437	0.0	0.0	3.577699963499461	0.0	0.3730929572880358	0.3730929572880358	0.0	0.2254363884721437	0.2254363884721437	0.7606819534838993	0.0	0.3730929572880358	0.0	0.0	0.0	1.3947529863824304	0.0	3.3888199972598727	2.0244681466615937	1.8518124957293716	0.0
SRR36103336	0.0	2.954618424745784	0.0	0.0	0.0	0.0	0.6008967174339406	0.0	0.8437683294861622	0.0	0.6008967174339406	0.0	0.0	1.9575067491043436	0.0	4.84173714966807	0.0	0.0	0.0	0.0	0.0	0.8437683294861622	1.2026654027804808	0.0	0.0	0.0	0.0	0.0	0.8437683294861622	0.0	0.0	0.0	0.0	0.0	0.6008967174339406	0.0	0.0	0.0	0.0	0.0	0.0	4.725191808806417	0.6008967174339406	2.091882495971041	0.6008967174339406	1.6319528799486762	0.0	0.0	0.0	0.0	0.6008967174339406	0.0	0.0	0.0	0.0	0.0	0.0	0.0	0.0	0.0	2.3911515214327257	0.0	0.0	0.6008967174339406	0.0	0.0	0.8437683294861622	0.0	0.0	0.0	0.0	0.0	0.0	0.0	0.0	0.0	0.0	0.6008967174339406	0.0	2.2414952061502427	0.6008967174339406	0.0	0.0	0.6008967174339406	0.0	0.0	0.0	0.0	0.8437683294861622	0.0	0.6008967174339406	0.0	0.0	0.0	0.0	0.0	0.0	0.6008967174339406	0.0	0.0	0.0	0.0	0.0	0.0	0.0	0.0	0.6008967174339406	0.0	0.0	0.0	0.0	0.0	0.0	0.6008967174339406	0.0	0.0	0.0	0.8437683294861622	0.0	0.6008967174339406	0.0	1.3409416088932224	0.0	0.0	0.0	0.0	0.0	0.0	0.0	0.6008967174339406	0.0	0.0	1.9122810839895747	0.0	0.0	1.1125111875222398	0.0	0.0	0.0	0.6008967174339406	0.0	0.0	0.0	0.0	0.0	0.6008967174339406	0.0	0.9986036969545753	1.1125111875222398	0.8437683294861622	0.0
SRR36103337	0.3159920765648162	2.6737998870208175	0.0	0.0	0.6243141501292927	0.0	1.5849372904037047	0.0	0.9289447783695308	1.3502881812259344	0.0	0.0	0.0	2.6357367532016567	0.0	4.578661309387014	0.0	2.4375546313306558	0.0	0.0	0.3159920765648162	3.094607460046054	0.3159920765648162	0.0	0.0	1.3066794056877808	0.0	0.49695829968782723	0.8028091447285444	0.0	0.0	0.0	0.0	0.0	0.0	0.3159920765648162	0.0	0.0	0.0	0.0	0.0	3.9289691628160397	0.0	3.236234021453358	1.0682243083510066	1.6084600552252302	0.49695829968782723	0.49695829968782723	0.3159920765648162	0.0	1.6722313965334956	0.0	0.0	0.7226680003776924	1.9428925666282566	0.0	0.0	0.6243141501292927	0.0	0.0	3.2299848160575153	0.0	1.8485384618070126	0.0	0.3159920765648162	0.0	1.370553338048589	0.0	4.575708498524747	0.0	0.0	0.0	0.0	0.3159920765648162	0.0	0.0	0.0	1.1062296449245625	0.0	4.110049941125993	0.3159920765648162	0.0	0.0	0.3159920765648162	0.0	0.0	0.0	0.3159920765648162	2.0247735321216345	0.0	0.8704402793774109	0.3159920765648162	0.3159920765648162	0.0	0.0	1.533685788121692	0.0	1.7100739190316312	0.0	0.0	0.7226680003776924	0.0	0.0	0.0	0.0	0.0	2.0247735321216345	0.0	0.0	0.0	0.0	0.0	0.3159920765648162	1.3899148849381244	0.0	0.0	1.682005624240574	0.8028091447285444	0.3159920765648162	0.49695829968782723	0.0	0.0	0.0	0.0	0.0	2.291721408792247	0.0	0.0	0.0	0.0	0.0	0.0	3.3624566322596503	0.0	0.0	0.3159920765648162	0.0	0.0	0.0	0.0	0.0	0.0	0.0	0.0	0.0	1.1411750922874124	0.0	4.261962869225366	0.7226680003776924	1.682005624240574	0.0
SRR36103338	0.0	3.569760979211178	0.0	0.0	1.4940904797187669	0.0	0.8475158310350042	0.0	1.0550994150736333	2.325320709921292	0.0	0.0	0.0	3.074856782760277	0.0	4.104168540384261	0.0	3.2239337972011675	0.0	0.0	0.0	3.0114776890091575	0.0	0.0	0.0	1.6614504210170862	0.0	0.0	0.7253911272242625	0.2701488721001767	0.2701488721001767	0.0	0.5548738165032175	0.0	0.0	0.5548738165032175	0.0	0.0	0.0	0.0	0.0	3.7817244235291625	0.0	3.1518165062112735	2.140424327374852	2.4302486849605103	0.2701488721001767	0.0	0.0	0.0	2.494772083969644	0.43543839502733606	0.0	1.144290291174008	2.378601830467349	0.0	0.0	0.0	0.0	0.0	4.175576437076729	0.0	2.3527778529871948	0.0	0.0	0.0	1.4152912856844664	0.0	3.98112360827001	0.0	0.0	0.0	0.0	0.2701488721001767	0.0	0.0	0.0	0.0	0.2701488721001767	3.1541873177411444	1.3189537212584774	0.2701488721001767	0.0	0.790732131492454	0.0	0.0	0.0	0.6484480524581693	1.3365680588506705	0.0	1.7151741155459412	0.0	0.0	0.0	0.0	1.5396568181635937	0.0	0.5548738165032175	0.0	0.0	1.6695442375931182	0.0	0.0	0.0	0.0	0.0	1.9699357949114962	0.0	0.0	0.0	0.0	0.0	0.43543839502733606	2.2844872958023847	0.0	0.0	2.5949890206066777	1.76297763970239	1.020774704645469	1.7498478526439514	0.43543839502733606	0.0	0.2701488721001767	0.0	0.0	0.8475158310350042	0.0	0.0	0.0	0.2701488721001767	0.43543839502733606	0.0	4.3056293630118425	0.0	0.0	0.9835024988001209	0.0	0.0	0.0	0.6484480524581693	0.2701488721001767	2.1458140324499944	0.0	0.0	0.0	1.3854916960542627	0.0	4.675636077797969	0.2701488721001767	2.5237621520303324	0.0
SRR36103339	0.0	2.0300718723686697	0.0	0.0	0.0	0.0	1.0417003832354716	0.0	0.2718980737208977	0.15688869411066084	0.6916201954868442	0.0	0.0	2.0639788642468853	0.0	4.691459549996715	0.0	3.3680425650067014	0.0	0.15688869411066084	0.0	3.464963943420251	1.7079019981405137	0.0	0.0	1.005933142827855	0.0	0.2718980737208977	0.3627396447880331	0.0	0.0	0.0	0.2718980737208977	0.0	0.0	0.0	0.2718980737208977	0.0	0.0	0.0	0.15688869411066084	4.42969956284505	0.15688869411066084	2.3174004239371753	0.6513722899253006	1.5378739944099424	0.0	0.7624037497399103	0.15688869411066084	0.0	3.1090649509589112	0.15688869411066084	0.0	1.5037039784940562	1.8297770649857716	0.0	0.3627396447880331	0.0	0.0	0.0	4.4519199941364445	0.0	1.5486915940860704	0.0	0.0	0.9460683238205589	1.4116521908658946	0.0	0.15688869411066084	0.15688869411066084	0.0	0.0	0.0	0.15688869411066084	0.0	0.0	0.0	0.0	0.0	2.1147147368288373	0.0	0.15688869411066084	0.0	0.15688869411066084	0.0	0.0	0.0	0.0	1.1477890503572628	0.0	0.7284524628650773	0.15688869411066084	0.0	0.0	0.2718980737208977	0.5018268716688987	0.15688869411066084	0.3627396447880331	0.0	0.0	0.437827636637658	0.2718980737208977	0.0	0.0	0.0	0.0	0.9241276086066885	0.0	0.0	0.0	0.0	0.15688869411066084	0.15688869411066084	0.5018268716688987	0.5575949496885104	0.0	0.5018268716688987	0.607009888834304	0.0	0.15688869411066084	0.15688869411066084	0.8232511885491293	0.0	0.0	0.0	0.0	0.0	0.437827636637658	0.0	0.15688869411066084	0.0	0.0	1.824147698741039	0.0	0.0	0.15688869411066084	0.0	0.5018268716688987	0.0	0.8766117411820729	0.2718980737208977	1.1341300958427691	0.0	0.0	0.15688869411066084	0.607009888834304	0.0	4.094905249860059	1.8297770649857716	0.9868805871181353	0.3627396447880331
SRR36103340	0.4586100029722088	0.352158797511835	0.0	0.0	0.7781156689984892	0.0	1.3221786300557625	0.0	2.6735542107352943	1.4252485221918545	0.6153916062926306	0.21083694349936677	0.0	3.3210895214650344	0.0	4.8598068276364925	0.0	0.8962132866520938	0.0	0.0	0.0	3.8667834875813187	1.3090570151059113	0.21083694349936677	0.0	1.6912607345840522	0.21083694349936677	2.0549535397293934	1.168752217215298	0.0	1.3593202713939776	0.0	2.8063917375522283	0.0	0.352158797511835	0.21083694349936677	0.0	0.352158797511835	0.0	0.0	0.0	4.345264855894746	0.0	1.9248828867990482	0.7303437147096714	1.823595164924368	0.352158797511835	1.267131338498973	0.352158797511835	0.0	2.7479514805232976	0.0	0.21083694349936677	0.9889662971630052	0.82114962984878	0.0	0.0	0.0	0.0	0.0	3.9060093728010776	0.0	2.025263570083802	0.0	0.0	0.0	1.4149322922676582	0.0	2.829904061095459	0.0	0.0	0.0	0.0	0.5440375461986254	0.0	0.0	0.0	0.21083694349936677	0.8962132866520938	3.4521847288536645	0.352158797511835	0.21083694349936677	0.0	0.21083694349936677	0.0	0.0	0.0	0.21083694349936677	1.2040799533926472	0.0	0.7781156689984892	0.352158797511835	0.0	0.0	0.0	2.0549535397293934	0.21083694349936677	1.1867752036695511	0.0	0.0	0.5440375461986254	0.0	0.0	0.0	0.0	0.0	3.1108835773296235	0.0	0.0	0.0	0.0	0.21083694349936677	0.0	1.4824749943570485	0.352158797511835	0.0	1.8735690702230179	0.9889662971630052	0.5440375461986254	0.6153916062926306	0.0	0.352158797511835	0.0	0.5440375461986254	0.352158797511835	0.5440375461986254	0.0	0.21083694349936677	0.0	1.8356484968392461	0.0	0.0	3.292157996895558	0.0	0.7781156689984892	0.21083694349936677	0.0	0.0	0.21083694349936677	1.3349153926919541	0.21083694349936677	1.041353868957135	0.0	0.0	0.4586100029722088	0.5440375461986254	0.0	3.4579905093573937	0.0	1.5330312133202977	0.0
SRR36103341	0.0	0.3382578397108822	0.5260814827628065	0.0	0.0	0.20126094999967953	1.1264409260971047	0.0	3.3769411509950356	1.4008756698832205	1.106871582807634	0.0	0.0	3.1984084214896513	0.0	4.835016660308136	0.20126094999967953	1.163117679822732	0.0	0.0	0.0	3.650423134420563	1.3800403788924271	0.0	0.0	1.2129074501580057	0.0	1.163117679822732	0.20126094999967953	0.20126094999967953	0.20126094999967953	0.4422452473837585	3.228320880934373	0.0	0.0	0.0	0.0	0.20126094999967953	0.0	0.0	0.0	4.558905721016318	0.0	1.8026859141636344	0.5260814827628065	2.118198031782138	0.20126094999967953	0.5260814827628065	0.3382578397108822	0.0	2.1899389718326066	0.0	0.0	1.106871582807634	1.2129074501580057	0.0	0.0	0.0	0.0	0.0	3.0909835740698015	0.0	2.382947029001427	0.0	0.0	0.0	1.553647500061575	2.1201438306781606	3.327474085905241	0.0	0.0	0.0	0.0	0.4422452473837585	0.0	0.0	0.0	0.3382578397108822	0.0	3.5156141161425447	0.757093149456184	0.0	0.0	0.5260814827628065	0.0	0.0	0.0	0.0	1.3800403788924271	0.0	0.5963229797335727	0.0	0.0	0.0	0.0	1.607418588553775	0.0	1.0183685968102345	0.0	0.0	0.757093149456184	0.0	0.0	0.0	0.0	0.0	2.3203416533115653	0.0	0.20126094999967953	0.0	0.0	0.0	0.3382578397108822	1.106871582807634	0.4422452473837585	0.0	1.4397678567881247	0.5260814827628065	0.5963229797335727	1.0648706544461655	0.20126094999967953	0.4422452473837585	0.0	0.8385352335451396	0.0	0.7098218683870867	0.0	0.20126094999967953	0.0	2.0274343121435496	0.0	0.0	2.651696267351875	0.0	0.9931064354176692	0.20126094999967953	0.0	0.0	0.0	2.2369022402182552	0.0	0.5963229797335727	0.0	0.0	0.9070897319627109	1.2283115728929759	0.0	2.9831242774608686	0.20126094999967953	1.4397678567881247	0.20126094999967953
SRR36103342	0.3602117243262417	0.5543643059435772	0.0	0.0	0.21642781948180642	0.0	0.5543643059435772	0.0	0.21642781948180642	0.0	0.3602117243262417	1.2175844004726954	0.0	3.2695517161597687	0.0	4.949846920328416	0.0	1.2002436116730335	0.0	0.0	0.0	4.077670130592509	0.7901400709262252	0.0	0.0	0.21642781948180642	0.0	0.0	0.4680484108274764	0.0	0.0	0.0	1.2175844004726954	0.0	0.21642781948180642	0.0	0.0	0.21642781948180642	0.0	0.0	0.21642781948180642	4.283430307344652	0.0	2.396305854194389	0.0	1.2658031705611135	0.4680484108274764	1.5702576723035666	0.7420922053917804	0.3602117243262417	2.4901529038267585	0.0	0.0	1.2807555697959432	1.6767982951111247	0.0	0.0	0.0	0.0	0.0	2.2294361170314234	0.0	2.5422574847361066	0.0	0.0	0.0	0.9088021066334249	1.821154612601099	0.4680484108274764	0.0	0.0	0.0	0.0	0.21642781948180642	0.21642781948180642	0.0	0.0	0.8333977563409997	0.21642781948180642	2.6672871669116693	0.21642781948180642	0.0	0.0	0.21642781948180642	0.0	0.0	0.0	0.0	0.8727343894505437	0.0	0.3602117243262417	0.0	0.0	0.0	0.0	1.8877697292470355	0.0	1.234259298189307	0.0	0.0	0.0	0.0	0.0	0.0	0.0	0.0	1.234259298189307	0.0	0.0	0.0	0.0	0.4680484108274764	0.0	0.4680484108274764	0.3602117243262417	0.0	0.5543643059435772	0.4680484108274764	1.0019020892746058	0.0	0.0	0.3602117243262417	0.0	0.21642781948180642	0.0	0.21642781948180642	0.0	0.5543643059435772	0.0	1.2807555697959432	0.0	0.0	1.9580520811201971	0.0	0.21642781948180642	0.0	0.0	0.21642781948180642	0.0	2.198591518775519	0.0	0.21642781948180642	0.0	0.0	0.3602117243262417	0.6880596229966508	0.0	1.6398399255052722	0.3602117243262417	0.8727343894505437	0.3602117243262417
SRR36103343	0.0	3.0033736647411446	0.0	0.0	0.823916302511374	0.0	1.9248621602451552	0.0	0.46073665513322104	1.4673700101101412	0.46073665513322104	0.0	0.0	2.208330737967505	0.0	4.771336653148603	0.0	1.4074938744269723	0.0	0.0	0.0	3.77912417295448	0.0	0.0	0.0	1.2986189702102136	0.0	0.0	1.2071338365862658	0.0	0.6792329801603992	0.0	0.0	0.0	0.0	0.46073665513322104	0.0	0.0	0.0	0.0	0.0	4.364192873249955	0.0	2.065297994497713	0.9322560719040563	1.6478261776793959	0.0	0.46073665513322104	0.9322560719040563	0.0	3.036282822353455	0.0	0.0	1.9049045730659642	0.9322560719040563	0.0	0.0	0.0	0.0	0.0	3.1065019829961993	0.0	1.0910886440086491	0.0	0.0	0.0	1.2986189702102136	2.0128460342852	4.028918884648874	0.0	0.0	0.0	0.0	0.46073665513322104	0.0	0.0	0.0	0.0	0.0	3.464167120138008	0.0	0.0	0.0	0.0	0.0	0.0	0.0	0.0	2.3714872067087147	0.0	0.9322560719040563	0.0	0.0	0.0	0.0	1.7884913730340668	0.0	1.1529757306657604	0.0	0.0	0.823916302511374	0.0	0.0	0.0	0.0	0.0	1.9049045730659642	0.0	0.0	0.0	0.0	0.0	0.0	1.4944724214925669	0.0	0.0	1.826803192575209	1.2552809068363517	0.46073665513322104	1.0188933883761755	0.0	0.0	0.0	0.0	0.0	0.6792329801603992	0.0	0.0	0.0	0.0	0.0	0.0	3.490404414133805	0.46073665513322104	0.0	0.0	0.0	0.0	0.0	0.0	0.0	0.0	0.0	0.0	0.46073665513322104	0.0	0.0	3.673029801187754	4.004043511174588	1.6478261776793959	0.0
SRR36103344	0.0	3.2991229132416016	0.0	0.0	0.0	0.0	1.236709311477956	0.0	0.0	0.0	1.1200841974141669	0.0	0.0	1.6399636696641102	0.0	4.9127734507774825	0.0	0.0	0.0	0.0	0.0	3.72672399997772	0.48156500108780526	0.0	0.0	0.48156500108780526	0.0	0.48156500108780526	0.48156500108780526	0.0	0.0	0.0	0.0	0.0	0.0	0.0	0.0	0.0	0.0	0.0	0.0	4.401432697422491	0.0	1.5746720459910186	0.0	1.1200841974141669	0.0	0.8508031213044509	0.0	0.0	2.699482219824613	0.0	0.0	1.5746720459910186	0.0	0.0	0.0	0.0	0.0	0.0	1.2850548804704358	0.48156500108780526	2.1369335755221375	0.0	0.0	0.0	1.1200841974141669	2.082140196276401	3.6208057895344483	0.0	0.0	0.0	0.0	0.0	0.0	0.0	0.0	0.48156500108780526	0.0	1.832624997397211	0.0	0.0	0.0	0.0	0.0	0.0	0.0	0.0	0.48156500108780526	0.0	0.7042970696506545	0.0	0.0	0.0	0.0	1.4688191035365945	0.0	1.0474411320463162	0.0	0.0	0.48156500108780526	0.0	0.0	0.0	0.0	0.0	0.7042970696506545	0.0	0.0	0.0	0.0	0.0	0.0	1.524962637150885	0.48156500108780526	0.0	0.0	0.7042970696506545	1.0474411320463162	0.0	0.48156500108780526	0.7042970696506545	0.0	0.0	0.0	0.0	0.0	0.0	0.0	0.8508031213044509	0.0	0.0	1.777388850106783	0.0	0.48156500108780526	0.0	0.0	0.0	0.0	0.0	0.0	0.0	0.0	0.0	0.48156500108780526	1.0474411320463162	0.0	3.6674178868106773	1.437768007378692	0.48156500108780526	0.0
SRR36103346	1.3458452130968617	1.6662650533803718	0.0	0.0	0.40009446109099706	0.0	1.3458452130968617	0.0	0.6047513910107443	0.40009446109099706	2.91620102620017	0.8481725674160854	0.5143683210395447	3.5481789023905694	0.40009446109099706	4.220719675103509	0.24457803309268594	2.918584379450856	0.0	0.40009446109099706	0.0	3.2308908405292667	3.0993613525340513	0.0	0.0	1.3307757370741085	0.0	2.98221803744536	1.0639721263855864	0.5143683210395447	0.24457803309268594	0.24457803309268594	0.5143683210395447	0.0	0.0	0.0	1.3307757370741085	0.5143683210395447	0.0	0.0	0.0	4.912601633050364	0.0	2.9272131158874597	1.0032276839025338	2.7421607076235603	0.0	3.4020442624494707	0.7432979368285624	0.40009446109099706	2.4853738758013857	0.6047513910107443	0.24457803309268594	1.1647065588616816	1.973195392870994	0.0	0.0	0.0	0.6047513910107443	0.0	3.4028243570934125	0.892425641132558	2.9085662770757117	0.0	0.0	0.0	2.748066976650364	3.2901517277373737	1.5973335331552163	0.0	0.0	0.7432979368285624	0.24457803309268594	1.4013820209766852	0.7988932670191898	0.6047513910107443	0.0	1.3458452130968617	0.6047513910107443	3.277162883328133	0.40009446109099706	0.0	0.24457803309268594	0.0	0.40009446109099706	1.1647065588616816	0.0	0.0	1.1172534827281826	0.0	1.1866205158315344	0.24457803309268594	2.3056814098494867	0.0	0.6795262009510784	1.0639721263855864	0.24457803309268594	1.5252691045691855	0.40009446109099706	0.5143683210395447	0.40009446109099706	0.6795262009510784	0.0	0.0	0.0	0.0	1.7003061578268055	0.0	0.5143683210395447	0.0	0.0	2.127409636563083	0.892425641132558	3.3216464577383986	1.2989711377292164	1.3458452130968617	2.329391397938316	1.0914293945728515	0.24457803309268594	1.246418835097034	1.1647065588616816	1.0346610754965946	0.0	0.24457803309268594	0.0	2.3801467956084132	0.0	1.1866205158315344	0.0	2.1073604483107604	0.24457803309268594	0.24457803309268594	1.9589924902193996	0.0	1.2074816342045522	1.2074816342045522	0.24457803309268594	0.5143683210395447	1.0032276839025338	2.59907199976879	0.5143683210395447	0.6795262009510784	0.24457803309268594	0.40009446109099706	0.0	2.384233375379305	0.0	2.552884620101172	1.8486318749787571	1.5716900637437077	1.227386458850156
SRR36103347	0.7119858099516102	2.6257650211382613	0.0	0.0	0.22840541106116022	0.0	1.4361109102735772	0.0	2.0372474468403383	1.4679454523089484	2.378497416186681	0.0	0.0	2.22829968723827	0.0	4.666461814535205	0.3773134226866061	1.6817597152312453	0.0	0.0	0.0	2.2300727179360154	1.9998210981397013	0.0	0.0	1.1507065313524962	0.0	0.6493444422832217	0.8153225068496281	0.0	0.22840541106116022	0.0	0.4879946684743237	0.0	0.0	0.3773134226866061	0.0	0.0	0.0	0.0	0.0	4.655871771298954	0.0	2.026071318398158	0.9351149400848993	2.3834973352736104	0.22840541106116022	0.8153225068496281	0.4879946684743237	0.0	3.19277265181584	0.0	0.3773134226866061	1.1507065313524962	1.5253678168457496	0.0	0.0	2.5172187739769143	0.0	0.22840541106116022	3.4784524337631453	0.0	2.6314195625193304	0.4879946684743237	0.0	0.0	1.6068661496275023	0.7667204467852968	1.9350960589878736	0.0	0.0	0.0	0.3773134226866061	1.3512668366934708	0.0	0.22840541106116022	0.0	0.7119858099516102	0.0	2.9795079045973583	0.5761199690151175	0.0	0.3773134226866061	0.0	0.0	1.8949039818292188	0.0	0.0	1.128927413760705	0.0	1.028907642681364	0.3773134226866061	0.7119858099516102	0.0	0.4879946684743237	0.7667204467852968	0.22840541106116022	0.0	0.0	0.0	0.999837364990825	0.6493444422832217	0.0	0.22840541106116022	0.0	0.0	1.8949039818292188	0.0	0.5761199690151175	0.4879946684743237	0.0	1.1059981810566	0.3773134226866061	1.6754604649794036	1.2785824045190126	0.22840541106116022	1.8198718375916754	0.8153225068496281	0.4879946684743237	0.6493444422832217	0.3773134226866061	0.5761199690151175	0.0	0.0	0.0	0.6493444422832217	0.0	0.0	0.0	0.4879946684743237	0.0	0.0	3.4567457067249086	0.0	0.4879946684743237	4.068299166493555	0.0	0.22840541106116022	0.0	0.7667204467852968	0.0	1.1912389398862036	0.22840541106116022	0.22840541106116022	0.0	1.4575910696211216	0.0	3.139286774257964	3.909950947904768	1.6559952224571104	0.0
SRR36103348	0.24205607880396657	0.39656462830769584	0.0	0.24205607880396657	0.0	0.0	1.1361752703810981	0.0	1.0586031373763114	0.39656462830769584	1.5096594226069693	0.24205607880396657	0.0	2.326605102482667	0.0	4.75396476889323	0.0	3.338645924996891	0.0	0.0	0.0	3.7012550271359825	2.0009731644976414	0.0	0.0	1.1811259631501423	0.0	0.9979352925972165	0.39656462830769584	0.0	0.0	0.0	0.0	0.0	0.0	0.0	0.0	0.24205607880396657	0.0	0.0	0.0	4.684672100053685	0.0	2.5754902929656005	0.24205607880396657	1.7010422096811335	0.0	2.823783510281067	0.0	0.39656462830769584	2.5075866707199603	0.0	0.0	1.4449454685472696	1.4564231430288364	0.0	0.39656462830769584	0.0	0.0	0.0	2.3532627160340787	0.0	2.180990204195643	0.0	0.0	0.0	0.6748829921270438	2.4437066944847325	1.3547877968309923	0.0	0.0	0.0	0.0	0.5102959964974552	0.39656462830769584	0.0	0.0	1.3688710311667138	0.0	3.1727835321918705	0.0	0.24205607880396657	0.0	0.24205607880396657	0.0	0.0	0.0	0.0	0.7939532629066408	0.0	0.88730375201026	0.0	2.1116663239690485	0.0	0.24205607880396657	0.7384860889088707	0.0	0.24205607880396657	0.0	0.0	0.0	0.39656462830769584	0.0	0.0	0.0	0.0	0.7384860889088707	0.0	0.24205607880396657	0.0	0.0	0.24205607880396657	0.5102959964974552	0.6748829921270438	0.7384860889088707	0.0	0.6748829921270438	0.39656462830769584	0.0	0.0	0.39656462830769584	1.1811259631501423	0.0	0.0	0.24205607880396657	0.0	0.0	0.5102959964974552	0.0	0.39656462830769584	0.24205607880396657	0.0	2.1066263059178456	0.0	0.24205607880396657	0.39656462830769584	0.0	0.0	0.0	2.546101200275542	0.24205607880396657	1.0860291420362165	0.0	0.0	0.0	1.7261020590560905	0.0	3.8595982801735844	1.2765799523522183	0.9640956701897947	0.0
SRR36103349	0.34311999270252586	2.424518611115627	0.0	0.34311999270252586	1.0730514369645865	0.0	2.547075677951798	0.0	0.6637579737701867	1.8500641827103577	1.7019558556410397	0.34311999270252586	0.0	2.6951777108367896	0.0	4.052190549569245	0.6637579737701867	2.4675475130488955	0.0	0.0	0.0	2.6413583605957873	2.2618189221466176	0.0	0.0	0.9149358056016156	0.0	0.5323811077569889	1.279964006102868	0.0	0.0	0.0	0.6637579737701867	0.0	0.7644855451530086	0.0	0.0	0.34311999270252586	0.0	0.0	0.0	4.7899986737675775	0.34311999270252586	2.900549129715533	1.2213087844873622	2.0038628509493304	0.0	0.7644855451530086	0.0	0.34311999270252586	3.5422319928946497	0.8461933137164446	0.0	1.115122763530955	2.3255539604770696	0.0	0.0	0.0	0.0	0.0	3.8921564929839185	0.0	2.132886793795727	0.0	0.0	0.0	1.2516258803942162	0.0	3.3607709748339087	0.34311999270252586	0.0	0.0	0.0	0.6637579737701867	0.0	0.34311999270252586	0.0	1.2516258803942162	0.0	4.073225693542182	0.6637579737701867	0.34311999270252586	0.0	0.0	0.0	3.0562722886550335	0.0	0.34311999270252586	2.443752714788355	0.8461933137164446	1.279964006102868	0.0	0.0	0.0	0.5323811077569889	0.9742696734774162	0.0	0.34311999270252586	0.0	0.0	1.3065657637531918	0.34311999270252586	0.34311999270252586	0.34311999270252586	0.0	0.0	1.5249858223734092	0.0	0.7644855451530086	0.0	0.0	0.0	0.5323811077569889	1.948696874592791	1.115122763530955	0.0	2.1405175111120753	1.4925980921844844	0.34311999270252586	0.8461933137164446	0.34311999270252586	0.7644855451530086	0.0	0.0	0.0	0.34311999270252586	0.0	0.0	0.0	0.0	0.0	0.0	3.791154065257965	0.0	0.6637579737701867	3.4584623624232793	0.0	0.0	0.0	1.115122763530955	0.6637579737701867	0.0	0.0	0.34311999270252586	0.0	1.60977216297157	0.0	3.2588114320232764	3.9864073758506873	2.0038628509493304	0.0
SRR36103350	1.0617228424943392	3.755083380657355	0.0	1.9501948077123767	0.36471918935298836	0.0	1.189626841510407	0.0	0.5601211420285006	0.5601211420285006	2.0525062660701052	0.5601211420285006	0.0	3.0566192929332114	0.0	4.258557999290047	0.0	2.7483866014386535	0.0	0.0	0.36471918935298836	3.3886786955576778	2.0912391191614206	0.0	0.0	0.6944024973206714	0.0	1.2250703734386619	0.5601211420285006	0.0	0.36471918935298836	0.36471918935298836	0.36471918935298836	0.0	0.0	0.0	0.36471918935298836	0.0	0.0	0.0	0.36471918935298836	4.867904027949556	0.0	3.161702787741523	2.276859684383613	3.1027398177255985	0.0	3.7937853534014323	0.36471918935298836	0.0	2.7644081358150983	0.36471918935298836	0.5601211420285006	0.5601211420285006	1.6476234484914591	0.0	0.0	0.0	0.0	0.0	2.155690758975979	1.189626841510407	2.9353039063593145	0.36471918935298836	0.0	0.0	1.009080061823524	0.0	0.6944024973206714	0.0	0.0	0.0	0.0	1.257838286177574	0.0	0.5601211420285006	0.0	2.291707796259497	0.0	3.1049894472599058	0.0	0.36471918935298836	0.0	0.0	0.0	1.368663254068432	2.3199627281988593	0.0	1.009080061823524	0.0	1.5301666217467718	0.36471918935298836	1.108668868655066	0.0	0.0	0.9491645236564815	0.36471918935298836	0.36471918935298836	0.0	0.0	0.36471918935298836	1.009080061823524	0.0	0.7968231082799552	0.0	0.0	0.36471918935298836	0.0	0.0	0.0	0.0	1.257838286177574	0.36471918935298836	2.591627079173021	1.368663254068432	1.5626403000839564	1.8072849526281853	0.6944024973206714	0.0	0.8796396202135235	0.5601211420285006	0.8796396202135235	0.0	0.0	0.0	2.608842752545377	0.0	0.6944024973206714	0.0	0.0	0.36471918935298836	0.0	2.322689690887065	0.0	0.0	1.5467069111817249	0.36471918935298836	0.36471918935298836	0.0	1.7294553227262708	0.36471918935298836	1.3167763135464055	0.0	0.0	0.0	2.0723043516128845	0.0	2.680036674658597	3.8912323494012084	1.15103157849331	0.36471918935298836
SRR36103351	0.8534438046740951	2.195483952244705	0.0	0.34775214559850676	0.0	0.0	1.8583897795355233	0.0	0.5383635052965056	1.4471208368459654	2.4577746707986896	0.5383635052965056	0.0	2.613707271396181	0.0	3.8901562771044196	0.5383635052965056	2.6775269876829326	0.0	0.34775214559850676	0.0	2.0565201523415277	2.376289643953954	0.0	0.0	0.7714886271855512	0.0	0.34775214559850676	1.3858941152789184	0.0	0.0	0.5383635052965056	0.0	0.0	0.9223611821215565	0.0	0.0	0.34775214559850676	0.0	0.0	0.0	4.973147239943904	0.0	2.654531814389202	0.9818252242429146	2.181675377490126	0.34775214559850676	2.027496716433531	0.0	0.0	3.008406781163972	0.7714886271855512	0.0	0.5383635052965056	2.592441103954299	0.0	0.34775214559850676	0.5383635052965056	0.0	0.0	3.7962013718034586	0.0	3.066541483539428	0.0	0.0	0.0	2.7150527814894323	0.0	1.591532898798054	0.0	0.0	0.0	0.0	1.287968609478087	0.0	0.34775214559850676	0.0	1.886965095335098	0.0	3.610277938323351	0.0	0.0	0.0	0.0	0.0	3.081815901266445	0.0	0.0	1.7592864923724767	0.0	1.3634041298479511	0.34775214559850676	1.8938245170214985	0.0	0.5383635052965056	0.34775214559850676	0.0	0.0	0.0	0.0	0.34775214559850676	0.8534438046740951	0.0	0.0	0.0	0.0	1.3858941152789184	0.0	0.34775214559850676	0.0	0.0	0.6703842107469926	0.34775214559850676	1.7102334406311304	1.287968609478087	0.0	1.3858941152789184	1.1966172985044607	0.34775214559850676	0.5383635052965056	0.9818252242429146	2.1601026829328904	0.0	0.0	0.0	0.8534438046740951	0.0	1.1966172985044607	0.0	0.0	0.0	0.0	3.0273296072952287	0.0	0.9818252242429146	1.6049734267479696	0.0	0.34775214559850676	0.0	1.5485194348118356	0.6703842107469926	1.1966172985044607	0.34775214559850676	0.34775214559850676	0.0	1.7684656466512934	0.0	3.5360318296436666	2.1009585145296326	1.5485194348118356	0.0
SRR36103352	0.0	0.0	0.0	0.0	0.0	0.0	1.6690254707892485	0.0	1.2848246915074242	0.0	1.8420036288770862	0.0	0.0	2.3052270187861272	1.005769543236059	3.156850810097019	0.0	2.9501404251763406	0.0	0.0	0.0	1.869641641115344	1.2848246915074242	0.0	0.0	1.005769543236059	0.0	0.0	1.943348485867082	0.0	1.005769543236059	0.0	1.1673351346051506	0.0	0.0	0.0	0.0	0.0	0.0	0.0	0.0	4.999511256605298	0.0	3.322582926190085	0.74561088460395	1.1673351346051506	0.0	1.005769543236059	0.0	0.0	0.74561088460395	0.0	0.0	0.0	2.3337349069387456	0.0	0.0	0.0	0.0	0.0	2.590154684530717	0.74561088460395	3.748186441501573	0.0	0.0	0.0	1.377203084826001	0.0	1.5180935566324674	0.0	0.0	0.0	0.0	1.1673351346051506	0.0	0.0	0.0	1.8420036288770862	0.0	4.06772585752563	0.74561088460395	0.0	0.0	0.0	0.0	0.0	0.0	0.0	1.8956255423713086	0.0	0.0	0.0	0.0	0.0	0.0	1.2848246915074242	0.0	0.0	0.0	0.0	0.0	0.0	0.0	0.0	0.0	0.0	1.6243007412733972	0.0	0.0	0.0	0.0	0.0	0.0	1.7095713390897949	0.0	0.0	1.1673351346051506	0.74561088460395	0.0	1.005769543236059	0.0	0.0	0.0	0.0	0.0	0.0	0.0	0.0	0.0	0.0	0.0	1.2848246915074242	2.2185544888349744	0.0	0.0	0.0	0.0	0.0	0.0	1.005769543236059	0.0	2.7675706901669264	0.0	0.0	0.0	1.005769543236059	0.0	2.3856848640191517	2.295292808682921	0.0	1.2848246915074242
SRR36103353	0.6406507221981322	1.8423469354540087	0.0	0.0	0.820825594394686	0.0	1.4103693507809623	0.0	0.888932112574423	1.4803150436478552	1.5543793737565983	0.0	0.0	2.536293087434662	0.0	4.814738979715322	0.0	1.7124439181053868	0.0	0.0	0.0	3.11887309053603	1.8493080745041162	0.0	0.0	0.9996180849852478	0.0	0.32713431917163394	0.5115896100124333	0.0	0.0	0.0	0.6406507221981322	0.0	0.0	0.5115896100124333	0.0	0.0	0.0	0.0	0.0	4.615049599210568	0.0	2.353685947052278	0.9996180849852478	2.1902601607493493	0.0	0.32713431917163394	0.32713431917163394	0.0	2.6537531125364446	0.0	0.0	0.7400155079078369	1.6056986803241013	0.0	0.0	0.0	0.0	0.0	3.461486791451813	0.32713431917163394	2.0673008858642064	0.0	0.0	0.0	1.4961728958944154	1.1259011629391804	2.013995258950486	0.0	0.0	0.0	0.0	0.7400155079078369	0.0	0.0	0.0	0.32713431917163394	0.32713431917163394	3.3853607627394657	0.820825594394686	0.0	0.0	0.0	0.0	0.0	0.0	0.0	1.748739548057003	0.0	1.2236157878275282	0.32713431917163394	0.6406507221981322	0.0	0.7400155079078369	1.0459138115496895	0.0	0.5115896100124333	0.0	0.32713431917163394	1.0877463760037465	0.0	0.0	0.0	0.32713431917163394	0.0	2.808040470425551	0.0	0.32713431917163394	0.0	0.0	0.32713431917163394	0.0	1.7028754147701135	0.5115896100124333	0.0	1.7902194668814662	0.888932112574423	0.32713431917163394	0.820825594394686	0.32713431917163394	0.32713431917163394	0.0	0.0	0.0	0.5115896100124333	0.0	0.5115896100124333	0.0	0.7400155079078369	0.0	0.32713431917163394	3.4944431582160154	0.0	0.0	0.5115896100124333	0.0	0.5115896100124333	0.0	1.2236157878275282	0.0	1.6830817463825376	0.0	0.0	0.32713431917163394	0.820825594394686	0.0	3.7215202186880494	1.7399460382730603	1.721806142014731	0.32713431917163394
SRR36103354	0.7928598964904539	1.403084061589076	0.0	0.0	0.0	0.0	1.573414875651178	0.0	0.7274523110979079	1.3389890932584838	1.0892392752267441	0.0	0.0	1.8736774815655173	0.0	4.8556119018011294	0.2713260206693082	1.3030056257495017	0.0	0.0	0.0	2.790372940317607	1.8530303478276928	0.0	0.0	1.3879251527935201	0.0	0.2713260206693082	0.0	0.0	0.0	0.0	0.6504168272407483	0.0	0.0	0.2713260206693082	0.0	0.2713260206693082	0.0	0.0	0.0	4.6009429055809345	0.0	2.0692339290176136	0.7274523110979079	1.6119137541965873	0.2713260206693082	0.7928598964904539	0.2713260206693082	0.2713260206693082	2.6296265210134337	0.2713260206693082	0.0	1.1188906795910882	1.888543146258154	0.0	0.0	0.5567057091875287	0.0	0.0	3.669527623534568	0.43704665436343787	1.6799744153214204	0.0	0.0	0.0	0.8496938497284855	0.0	1.458924785578245	0.0	0.0	0.0	0.0	0.0	0.0	0.0	0.0	0.9857772217103145	0.0	3.318649094247899	0.0	0.2713260206693082	0.0	0.2713260206693082	0.0	0.5567057091875287	0.0	0.2713260206693082	1.7176629827588867	0.0	0.8999435708461272	0.2713260206693082	0.0	0.0	0.5567057091875287	1.0574141050466888	0.0	0.2713260206693082	0.0	0.2713260206693082	0.5567057091875287	0.0	0.0	0.0	0.0	0.0	2.277170205960565	0.0	0.0	0.0	0.0	0.0	0.2713260206693082	1.4177316508473594	0.6504168272407483	0.0	1.4456231933788628	0.8496938497284855	0.2713260206693082	0.2713260206693082	0.0	0.5567057091875287	0.0	0.0	0.0	0.0	0.0	0.0	0.0	0.8496938497284855	0.0	0.43704665436343787	3.176494632720425	0.0	0.0	0.5567057091875287	0.0	0.2713260206693082	0.0	0.8496938497284855	0.43704665436343787	1.2838303630232326	0.0	0.0	0.0	0.8999435708461272	0.0	3.34599701937679	2.3207018060159923	1.4718310539865929	0.0
SRR36103355	1.5801865543475393	0.37505551106712987	0.0	0.37505551106712987	0.0	0.0	1.2065140741355673	0.0	0.7088482272195324	0.4853686314675919	1.773027341036621	0.2268159460292587	0.0	3.0535630874277717	0.2268159460292587	4.661358676317489	0.37505551106712987	3.569857005080752	0.0	0.0	0.0	3.39654196027647	1.7829592641310799	0.0	0.2268159460292587	0.8953332555143322	0.0	0.9652045707132784	0.2268159460292587	0.0	0.2268159460292587	0.4853686314675919	0.2268159460292587	0.0	0.7088482272195324	0.0	0.0	0.8556733265817629	0.0	0.0	0.37505551106712987	4.781441454198376	0.2268159460292587	3.0170522139510623	0.6463245145544864	2.2634775129212508	0.8120243034345502	2.1404064752455767	0.7088482272195324	0.4853686314675919	3.6280848820932072	0.37505551106712987	0.6463245145544864	0.9316725530249979	2.373358170671149	0.0	0.0	0.2268159460292587	0.0	0.0	2.0877579978895877	0.0	2.8035160917059194	0.0	0.0	0.0	2.830300437297554	0.7088482272195324	2.118295482829471	0.37505551106712987	0.0	0.0	0.2268159460292587	1.147086454842571	0.37505551106712987	0.2268159460292587	0.0	0.7634930512750763	0.0	2.7964347237873066	0.7088482272195324	0.37505551106712987	0.0	0.2268159460292587	0.0	1.1875942268871469	0.0	0.0	0.7634930512750763	0.0	1.025377059993881	0.2268159460292587	1.9206481811432745	0.0	0.7634930512750763	1.2065140741355673	0.2268159460292587	0.5732608601553284	0.2268159460292587	0.0	0.4853686314675919	0.37505551106712987	0.0	0.0	0.0	0.0	0.8953332555143322	0.0	0.0	0.0	0.0	0.37505551106712987	0.37505551106712987	0.9316725530249979	0.6463245145544864	0.6463245145544864	0.5732608601553284	1.052600696567681	0.0	0.37505551106712987	0.6463245145544864	0.4853686314675919	0.0	0.0	0.2268159460292587	0.7088482272195324	0.0	1.2246439803233498	0.0	0.7088482272195324	0.0	0.0	2.1205579324647865	0.0	0.7088482272195324	0.7634930512750763	0.0	0.9316725530249979	0.0	1.564235077918126	0.4853686314675919	1.078218022853773	0.0	0.0	0.2268159460292587	1.4323576397426716	0.0	3.138868290293081	2.799753736164736	1.025377059993881	0.0
SRR36103357	0.29361136990459596	0.29361136990459596	0.0	0.0	0.6870386029553247	0.0	1.3748209698821425	0.0	0.7281562735846322	1.4005924267906562	1.1901044495007134	0.0	0.0	3.1698771006882156	0.0	4.923911313575636	0.0	1.5652179413606961	0.0	0.0	0.17115961572536065	2.105723090087327	1.7296010754571338	0.0	0.0	0.9643573193017346	0.0	0.5334307994726242	0.3890223286162344	0.0	0.3890223286162344	0.0	0.17115961572536065	0.0	0.0	0.5908839831638018	0.0	0.29361136990459596	0.0	0.0	0.0	4.440298065611886	0.0	2.1170854751874417	0.7281562735846322	1.7054830633401579	0.0	0.6870386029553247	0.6416170049332426	0.0	1.7296010754571338	0.0	0.46720132279040827	0.7281562735846322	0.9643573193017346	0.0	0.0	0.17115961572536065	0.0	0.29361136990459596	3.3808030286031046	0.0	1.896378221264838	0.0	0.0	0.0	2.5383524549828955	0.46720132279040827	1.9851860615577093	0.17115961572536065	0.0	0.0	0.0	0.6870386029553247	0.17115961572536065	0.0	0.0	0.0	0.3890223286162344	3.620018146703652	0.5334307994726242	0.0	0.0	0.17115961572536065	0.0	0.17115961572536065	0.17115961572536065	0.0	1.0654821340403435	0.0	0.8621206228582377	0.0	0.46720132279040827	0.0	0.0	0.9865538590268502	0.0	0.29361136990459596	0.0	0.0	0.832301720173688	0.0	0.0	0.0	0.0	0.0	2.2762584602462046	0.0	0.0	0.17115961572536065	0.17115961572536065	0.17115961572536065	0.0	1.455371698272738	0.5334307994726242	1.0076708956931753	1.756143838285658	0.8621206228582377	0.3890223286162344	0.6870386029553247	0.17115961572536065	0.3890223286162344	0.0	0.0	0.0	0.9865538590268502	0.0	0.17115961572536065	0.0	0.9643573193017346	0.17115961572536065	0.17115961572536065	3.3898735292815316	0.0	0.3890223286162344	0.29361136990459596	0.0	0.17115961572536065	0.17115961572536065	1.8688942536870634	0.0	0.8900230264985923	0.0	0.0	0.0	1.2163775252575812	0.0	2.9101060328594146	0.9643573193017346	1.5477436613122073	0.17115961572536065
SRR36103358	1.0214880064497438	3.2414949469816117	0.0	0.0	0.0	0.0	1.1296329273481547	0.0	0.0	0.2025432198169981	1.7409335190931339	0.2025432198169981	0.2025432198169981	2.668627966412999	0.0	4.296556408890773	0.0	1.6586324636514473	0.0	0.0	0.0	2.9738761409313934	2.7294689911958327	0.0	0.0	0.9962061073323789	0.0	1.903246319088625	0.5285061228818508	0.0	0.34012731077518565	0.2025432198169981	0.4444514941155184	0.0	0.0	0.0	0.2025432198169981	0.0	0.0	0.0	0.2025432198169981	4.926597158265337	0.0	2.4879976064102176	0.4444514941155184	2.2933455389152733	0.2025432198169981	0.9962061073323789	0.5989007201405272	0.5285061228818508	3.3263200114838156	0.34012731077518565	0.0	0.4444514941155184	2.026016828021445	0.0	0.2025432198169981	0.2025432198169981	0.0	0.0	1.7896410255073238	0.0	3.2130584064362817	0.0	0.2025432198169981	0.7599405856690133	0.6594606781674623	0.0	2.4921720785048014	0.0	0.0	0.0	0.0	0.9101128890972819	0.0	0.2025432198169981	0.0	0.4444514941155184	0.0	3.3456056739108875	0.712600096996286	0.712600096996286	0.2025432198169981	0.0	0.0	1.2001672896133608	0.0	0.0	0.9407465106800422	0.0	1.0214880064497438	0.0	2.399948470942476	0.0	0.712600096996286	0.2025432198169981	0.0	0.7599405856690133	0.2025432198169981	0.2025432198169981	0.5285061228818508	0.34012731077518565	0.0	0.34012731077518565	0.0	0.0	0.7599405856690133	0.0	0.4444514941155184	0.0	0.0	0.0	0.2025432198169981	1.1296329273481547	0.8771533812224187	0.0	0.9407465106800422	0.5989007201405272	0.0	0.0	0.8771533812224187	1.781181815987363	0.0	0.0	0.0	1.903246319088625	0.0	0.8026241730587769	0.0	0.2025432198169981	0.0	0.0	1.8967488166728603	0.0	0.6594606781674623	0.34012731077518565	0.0	0.34012731077518565	0.712600096996286	1.909648043215358	0.2025432198169981	1.4240754114122647	0.2025432198169981	0.2025432198169981	0.0	2.4080914206374833	0.0	3.893344164601838	2.688109161630186	0.8771533812224187	0.34012731077518565
SRR36103359	0.4903372623401522	0.7147816287459927	0.6520361089267734	0.0	0.9381803346649153	0.22982651578065783	1.4912960174450491	0.0	3.512290726862144	2.123328413552193	1.7153537086831627	0.0	0.0	3.0429104174341783	0.0	4.497293548351904	0.22982651578065783	1.924332447979795	0.0	0.0	0.0	3.09068223988364	1.8497665900763225	0.0	0.0	1.392999688652154	0.0	2.530608461107439	0.7147816287459927	0.0	0.3793292369549802	0.3793292369549802	0.6520361089267734	0.0	0.0	0.4903372623401522	0.7147816287459927	0.22982651578065783	0.0	0.0	0.4903372623401522	4.73530874398498	0.22982651578065783	2.559114936599718	1.4912960174450491	2.6699406773539973	0.4903372623401522	2.4693433438057713	0.22982651578065783	0.0	2.841597210641764	0.22982651578065783	0.22982651578065783	0.3793292369549802	1.7902020286869966	0.0	0.3793292369549802	2.5029624999387097	0.0	0.3793292369549802	3.924082756184127	0.22982651578065783	2.948220047411411	0.0	0.0	0.0	2.8690683958586654	3.451515121110491	2.1520075268037604	0.0	0.0	0.0	0.0	1.281867059964357	0.3793292369549802	0.22982651578065783	0.0	1.2974161312036325	0.4903372623401522	3.014560170762154	1.10919408741757	0.0	0.3793292369549802	0.0	0.0	1.4282955171194514	0.0	0.22982651578065783	1.174679190359905	0.0	1.5548314961230834	0.6520361089267734	2.0295052875741835	0.0	0.5786691873217584	1.5376067976119245	0.22982651578065783	0.7147816287459927	0.3793292369549802	0.3793292369549802	1.3269376527263979	0.6520361089267734	0.22982651578065783	0.0	0.0	0.0	3.2097151909451362	0.0	0.4903372623401522	0.0	2.1455553678501547	1.5196706296445692	0.9381803346649153	2.123328413552193	1.0593165176736412	1.6102472595730557	2.190785240850663	1.5376067976119245	0.4903372623401522	1.4282955171194514	0.818260426615345	1.4912960174450491	0.0	0.0	0.0	0.7695957350700678	0.22982651578065783	0.9381803346649153	0.22982651578065783	0.4903372623401522	2.9923212973870807	0.22982651578065783	3.832430659863085	0.0	0.4903372623401522	1.265740546221894	0.0	0.22982651578065783	0.22982651578065783	1.5631942566105823	0.0	1.174679190359905	0.0	0.0	0.8620173402349603	1.9879522409217691	0.0	3.724309003604923	1.0849709477009	2.190785240850663	1.281867059964357
SRR36103388	0.0	3.5545842876570743	0.0	0.0	0.0	0.0	1.449471518427388	0.0	0.489737373075366	1.131315880214901	1.3401321102211892	0.0	0.0	2.1918521885468607	0.0	4.895953048655649	0.0	2.873069674337137	0.0	0.0	0.0	3.381263845228901	1.8246819072406433	0.0	0.0	0.7938649539450625	0.0	0.0	0.0	0.0	0.3105262766237446	0.0	0.489737373075366	0.3105262766237446	0.0	0.0	0.0	0.0	0.0	0.0	0.0	4.451998282353558	0.3105262766237446	2.5689659025721268	1.699647322180013	1.4805527932492952	0.0	0.3105262766237446	0.3105262766237446	0.0	2.6229696594012797	0.0	0.3105262766237446	1.60938219755708	1.699647322180013	0.0	0.0	0.0	0.0	0.0	3.0362224164524987	0.0	1.9728274942472317	0.0	0.0	0.0	0.7938649539450625	0.3105262766237446	1.6715930354194573	0.0	0.0	0.0	0.0	0.489737373075366	0.0	0.0	0.0	0.3105262766237446	0.0	3.265031233585933	0.0	0.0	0.0	0.3105262766237446	0.0	0.0	0.0	0.0	2.1678780285255734	0.0	0.7140659558059199	0.0	0.0	0.0	0.3105262766237446	1.0964354963962903	0.0	0.3105262766237446	0.0	0.9709838511404126	0.6162276639534825	0.0	0.0	0.0	0.0	0.0	1.4330548655763278	0.0	0.0	0.0	0.0	0.0	1.2730390590608194	1.163601918719535	1.248155235679898	0.0	1.163601918719535	0.7140659558059199	0.7938649539450625	0.3105262766237446	0.3105262766237446	0.489737373075366	0.0	0.0	0.0	1.3982337210297644	0.0	0.0	0.0	0.7140659558059199	0.0	0.0	3.0469365368203256	0.0	0.3105262766237446	0.0	0.0	0.0	0.0	0.489737373075366	0.3105262766237446	1.131315880214901	0.0	0.0	0.3105262766237446	1.8108843480227885	0.0	2.6990864737075504	3.6339982265067214	1.163601918719535	0.3105262766237446
SRR36103389	0.0	2.9422546459502175	0.0	0.0	0.0	0.2883265664310496	1.2543601480326814	0.0	0.2883265664310496	0.2883265664310496	0.7567676201381347	0.0	0.0	1.519036878321882	0.0	4.707118997305863	0.0	2.7301317999915002	0.0	0.0	0.2883265664310496	3.097101277008916	1.1222321453847166	0.0	0.0	0.582862730164491	0.0	0.0	1.2765668384640538	0.0	0.0	0.0	0.2883265664310496	0.0	0.0	0.0	0.0	0.0	0.0	0.0	0.0	4.820622054000922	0.2883265664310496	2.2223336892654655	0.4600994109097687	3.237387291918215	0.0	0.6784622429861593	0.2883265664310496	0.0	1.8496257275243466	0.0	0.0	1.0180118498646147	1.909017635432076	0.0	0.0	0.0	0.0	0.0	2.561989949360793	0.0	2.913260683057276	0.0	0.0	0.0	1.506470039870784	0.0	1.3370918851947684	0.0	0.0	0.0	0.0	0.2883265664310496	0.2883265664310496	0.0	0.0	0.4600994109097687	0.0	2.7216696694039726	0.0	0.0	0.0	0.0	0.0	0.0	0.0	0.0	1.0556001841646223	0.0	1.1222321453847166	0.0	0.0	0.0	0.2883265664310496	0.9313951608520277	0.0	0.4600994109097687	0.0	0.0	0.0	0.0	0.0	0.0	0.0	0.880609030739455	2.508314122871148	0.0	0.0	0.0	0.0	0.0	0.2883265664310496	0.2883265664310496	0.2883265664310496	0.0	0.582862730164491	0.8230877058788472	0.0	2.186560916183269	0.2883265664310496	0.0	0.0	0.0	0.0	0.0	0.0	0.2883265664310496	0.0	0.0	0.0	0.0	1.2765668384640538	0.0	0.0	0.4600994109097687	0.0	0.0	0.582862730164491	0.582862730164491	0.0	1.2062194344108852	0.0	0.0	0.0	0.2883265664310496	0.0	2.1205281169560726	0.0	0.7567676201381347	0.2883265664310496
SRR36103390	0.8235218924378869	3.08079649346225	0.0	0.0	0.0	0.0	1.3299799010722377	0.0	0.8916978304591169	0.513789052111738	2.3113009307915307	2.0123864942728975	0.0	2.6932727190908463	0.0	4.5440279755106925	0.0	0.0	0.0	0.3288169793318646	0.0	2.8939353450916485	1.431996447284576	0.0	0.0	1.5145489932961658	0.0	0.3288169793318646	1.0906622396381938	0.0	1.3737011837408029	0.0	0.0	0.0	0.513789052111738	0.0	0.0	0.3288169793318646	0.0	0.3288169793318646	0.0	4.827666167571893	0.0	1.6861904876567735	0.3288169793318646	2.271079124002953	0.7426139732941184	1.8164556295704617	0.950609361165131	0.0	2.0577216966356002	0.0	0.0	1.1639288941038641	1.431996447284576	0.0	0.0	0.3288169793318646	0.0	0.0	2.7404344635693505	0.0	2.8261385811354187	0.0	0.0	0.0	1.254842652151035	1.0024757716505082	4.139866428870986	0.0	0.0	0.0	0.0	1.4498101049355672	0.0	0.0	0.0	0.8916978304591169	0.6431010102683423	3.165125787508861	1.1288387735086585	0.0	0.6431010102683423	0.3288169793318646	0.0	0.8235218924378869	0.0	0.0	2.0264907562471555	0.0	0.8235218924378869	0.0	1.431996447284576	0.0	0.3288169793318646	1.6546933580258814	0.0	0.3288169793318646	0.3288169793318646	0.0	0.0	1.0024757716505082	0.0	0.0	0.0	0.0	2.617245072167319	0.0	0.0	0.0	0.0	1.431996447284576	0.0	1.9670977317393408	1.0906622396381938	0.0	0.513789052111738	1.1288387735086585	0.0	2.639231553561151	0.0	0.950609361165131	0.0	0.0	0.0	0.8916978304591169	0.0	1.254842652151035	0.0	0.3288169793318646	0.0	0.0	1.499246341789124	0.0	0.7426139732941184	0.3288169793318646	0.0	0.8235218924378869	0.513789052111738	0.8916978304591169	0.0	1.0488035289374145	0.8916978304591169	0.0	0.0	1.8592897043978995	0.0	2.911767462250821	1.281359286236518	1.0024757716505082	0.0
SRR36103391	0.0	0.5987626124410794	0.0	0.0	0.9960401304157784	0.0	2.0209455114617914	0.0	0.7367643037462313	1.9546879180812182	1.8678135654984995	0.0	0.0	2.5476698527331023	0.0	3.7591389670678677	0.0	2.3856674262432063	0.0	0.0	0.3953041114309398	2.600913932700522	1.658451913180064	0.0	0.0	1.2745843136491493	0.0	1.3668540049750657	2.147917409405529	0.5987626124410794	0.0	0.3953041114309398	0.0	0.0	0.5987626124410794	0.0	0.0	0.0	0.0	0.0	0.0	4.896993615416685	0.0	3.3683277242997756	1.3075675434817133	2.377633308861219	0.5987626124410794	1.338221654749951	0.0	0.0	1.685884273956126	0.0	0.0	0.9255370486853102	2.872110291775702	0.0	0.0	0.0	0.0	0.0	4.0447581572754645	0.3953041114309398	2.62755905948398	0.0	0.0	0.0	1.8313530654534353	2.4848674178829997	3.2550747617447193	0.0	0.0	0.0	0.0	0.841327556630376	0.5987626124410794	0.0	0.0	1.1999943323720608	0.0	3.8234199932463393	1.0566803150946618	0.0	1.4190107111283186	0.0	0.0	2.372193454746838	0.0	0.3953041114309398	3.0562995955534045	0.0	1.545950876201444	0.0	0.0	0.0	0.5987626124410794	1.1999943323720608	0.0	0.0	0.0	0.0	1.393714859584283	0.0	0.0	0.0	0.0	0.0	1.9546879180812182	0.0	0.0	0.0	0.0	0.841327556630376	0.5987626124410794	1.961787470143941	1.0566803150946618	0.0	2.274374794899304	1.5272069370990364	0.5987626124410794	1.4190107111283186	0.3953041114309398	0.841327556630376	0.0	0.0	0.0	2.0563342202155623	0.0	0.3953041114309398	0.0	0.0	0.0	0.0	3.934493234735	0.0	0.0	0.7367643037462313	0.0	0.0	0.0	0.3953041114309398	0.0	1.7591021788113705	0.0	0.0	0.0	2.124353086684199	0.0	3.408647786441791	2.9553594348710526	2.2349228875367637	0.0
SRR36103392	0.7810973396199536	0.35414879649826536	0.0	0.0	0.35414879649826536	0.0	1.9119744938141388	0.0	1.0913816786431043	1.0913816786431043	1.7612469430894009	1.5745647245751044	0.35414879649826536	2.9165473013399246	0.0	4.648571735935371	0.35414879649826536	2.8453564073200273	0.0	0.0	0.0	3.115716118537209	2.171564323919316	0.0	0.0	1.2074329318026003	0.0	1.2989218236196183	0.9325376935120424	0.0	0.0	0.0	0.0	0.0	0.0	0.0	0.0	0.6794851387710649	0.0	0.0	0.0	4.756625427392916	0.0	2.7486013795796476	1.0913816786431043	1.6662142503911719	0.5465944853014801	0.9921765015514054	0.35414879649826536	0.0	2.6039524125026285	0.35414879649826536	0.5465944853014801	1.4947810926776166	2.2203369820560512	0.0	0.0	0.0	0.0	0.35414879649826536	3.557081225184	0.0	2.2001011942334614	0.0	0.0	0.0	0.8633853294978722	3.040856565311931	2.837471303420425	0.0	0.0	0.0	0.0	0.8633853294978722	0.0	0.7810973396199536	0.0	0.7810973396199536	0.0	3.3168182770932737	0.6794851387710649	0.0	1.0446056123316436	0.8633853294978722	0.0	1.2989218236196183	0.0	0.5465944853014801	2.2301119393272937	0.0	1.0446056123316436	0.0	1.0913816786431043	0.35414879649826536	0.0	1.7706286315915793	0.35414879649826536	0.7810973396199536	0.0	0.0	0.8633853294978722	0.6794851387710649	0.0	0.0	0.0	0.0	2.2759359515561934	0.0	0.0	0.0	0.0	2.491013355977508	0.5465944853014801	1.2401179919592242	0.9325376935120424	0.0	1.4769015986116043	0.8633853294978722	0.35414879649826536	0.7810973396199536	0.0	1.0446056123316436	0.0	0.0	0.0	1.4387702814462595	0.0	0.0	0.0	0.0	0.35414879649826536	0.0	3.070693784604017	0.0	0.35414879649826536	1.5284726783668445	0.0	0.0	0.5465944853014801	0.8633853294978722	0.35414879649826536	1.7002552704211122	0.0	0.0	0.35414879649826536	2.3694734888450104	0.0	3.894916582000793	2.5801528378493197	1.41837091310599	0.35414879649826536
SRR36103393	0.47299838654604054	2.781271586547269	0.0	0.0	1.0357608348696936	0.0	1.8689454293873187	0.0	0.8397899847072536	1.9232932997089967	1.8915070430342478	0.0	0.0	2.810051758938756	0.0	3.683022241267607	0.0	2.8006686966506043	0.0	0.0	0.47299838654604054	1.8915070430342478	1.2728830103175208	0.0	0.0	0.8397899847072536	0.0	0.47299838654604054	0.47299838654604054	0.0	0.0	0.0	0.0	0.0	0.0	0.6940178449012757	0.0	0.0	0.0	0.0	0.0	4.93167480641914	0.0	2.6723323949471602	0.8397899847072536	2.090760885299746	0.47299838654604054	3.379945602057338	0.0	0.47299838654604054	3.051852619713699	0.0	0.0	0.0	2.4394275078788388	0.0	0.0	0.0	0.0	0.0	3.8312008591759623	0.0	3.473953718926643	0.0	0.0	0.0	1.1082242851836899	0.0	0.9487366081090798	0.0	0.0	0.0	0.6940178449012757	0.8397899847072536	1.1082242851836899	0.0	0.0	1.9232932997089967	0.0	3.261679715670894	0.0	0.0	0.0	0.0	0.0	3.1218815885337405	0.0	0.6940178449012757	0.9487366081090798	0.0	0.8397899847072536	0.47299838654604054	1.1082242851836899	0.0	0.0	1.1082242851836899	0.0	0.6940178449012757	0.0	0.0	1.4253958712996089	0.0	0.0	0.0	0.0	0.0	1.5850255949067573	0.0	0.0	0.0	0.0	0.8397899847072536	0.0	1.9432610799153978	0.6940178449012757	0.0	2.1670290962047285	1.8199689066208855	0.0	1.1703082217867302	0.8397899847072536	0.0	0.0	0.0	0.0	0.0	0.0	0.0	0.0	0.0	0.8397899847072536	0.0	3.801269275296304	0.0	0.0	1.5125040234087048	0.0	0.0	0.47299838654604054	1.6274145565592388	0.0	1.7932405686968895	0.0	0.0	0.0	1.4853639781868457	0.0	2.5136477829343695	3.8505910839438986	2.04693461936788	0.0
SRR36103394	0.0	2.3618204342013565	0.0	0.0	1.0902955868055573	0.0	2.8231643782073252	0.0	0.9769593957343022	2.0884689934084664	1.46653636070161	0.0	0.0	2.8194580382922187	0.0	3.5260235524912633	0.5829453787239354	2.478195808253246	0.0	0.0	0.0	1.8380072774922858	2.246305249701124	0.0	0.0	1.46653636070161	0.0	0.0	0.8231827738221098	0.0	0.0	0.0	0.0	0.0	0.8231827738221098	0.8231827738221098	0.0	0.0	0.0	0.0	0.0	4.732348427593894	0.0	2.8670071132939845	1.3733190161518936	2.2248907953027106	0.0	0.8231827738221098	0.0	0.0	3.2942733135912974	0.5829453787239354	0.0	0.9769593957343022	2.3168651121342885	0.0	0.0	0.0	0.0	0.0	4.031038862126868	0.0	2.2175113883527455	0.0	0.0	0.0	1.317945597842117	0.0	3.506574621115356	0.0	0.0	0.0	0.0	0.0	0.0	0.0	0.0	0.9769593957343022	0.0	4.246513456104867	0.8231827738221098	0.0	0.0	0.0	0.0	2.8801509500883173	0.0	0.0	2.6455514513103484	0.0	1.46653636070161	0.0	0.0	0.0	0.5829453787239354	0.5829453787239354	0.0	0.0	0.0	0.0	1.5770430015128103	0.0	0.0	0.8231827738221098	0.0	0.0	1.760085470503102	0.0	0.0	0.0	0.0	0.0	0.5829453787239354	2.1080555766340057	0.8231827738221098	0.0	2.356448999602562	1.6084053961246647	0.5829453787239354	0.9769593957343022	0.0	0.0	0.0	0.0	0.0	0.5829453787239354	0.0	0.9769593957343022	0.0	0.0	0.0	0.0	4.029664639511736	0.0	0.0	3.294896535648215	0.0	0.0	0.0	0.9769593957343022	0.0	0.0	0.0	0.0	0.0	0.5829453787239354	0.0	3.2558239337287915	4.127162581593128	2.246305249701124	0.0
SRR36103395	0.0	2.359487203133212	0.0	0.0	1.041941482219597	0.0	2.3915362936302667	0.0	0.7786543408346791	2.092265711846074	0.7786543408346791	0.5444993004077083	0.0	2.5104760589799993	0.0	2.941865857385946	0.0	2.572892629748264	0.0	0.0	0.0	2.025903813123988	1.820138434403766	0.0	0.0	1.6633483566647727	0.0	0.0	1.041941482219597	0.0	0.0	0.7786543408346791	0.5444993004077083	0.0	1.267742759373474	0.5444993004077083	0.0	0.0	0.0	0.0	0.0	4.761203261581678	0.0	3.2268164010562326	1.639079028267084	2.252238479699969	0.5444993004077083	0.5444993004077083	0.0	0.0	2.6350795092225745	0.0	0.0	0.5444993004077083	2.3642130071901097	0.0	0.5444993004077083	0.0	0.0	0.0	4.1428678863428	0.0	2.287281490576089	0.0	0.0	0.0	1.041941482219597	0.0	2.8630323667208524	0.0	0.0	0.0	0.0	0.0	0.0	0.0	0.0	0.5444993004077083	0.0	3.9464904916694863	0.7786543408346791	0.0	0.0	0.0	0.0	3.4256482865072804	0.0	0.0	2.7901833715560738	0.9299515915801093	1.6133727824488062	0.0	0.0	0.0	0.5444993004077083	0.9299515915801093	0.0	0.0	0.0	0.0	1.3227942076987687	0.0	0.0	0.0	0.0	0.0	1.5256304387612447	0.0	0.0	0.0	0.0	0.0	0.0	2.13413811155622	1.2046859184560892	0.0	2.4213819689300204	1.4919458733551294	0.0	1.5568893829964021	0.0	0.0	0.0	0.0	0.0	0.0	0.0	0.0	0.0	0.0	0.0	0.0	4.132574939411222	0.0	0.0	3.287508680036944	0.0	0.9299515915801093	0.5444993004077083	1.1308927219276774	0.0	1.3716458312503115	0.0	0.0	0.0	2.630011821737504	0.0	3.5069054942654345	4.167063314621953	2.395927604265503	0.0
SRR36103397	0.0	0.0	0.0	0.0	0.0	0.0	0.6595125289325388	0.0	0.34016336657876967	0.0	0.5285528555980952	0.0	0.0	1.0680842417192002	0.0	4.952964684097195	0.0	0.0	0.0	0.0	0.0	3.3468349063387763	0.0	0.0	0.0	2.107815412265053	0.0	0.0	0.0	0.0	0.0	0.0	0.0	0.0	0.0	0.0	0.0	0.0	0.0	0.0	0.0	4.418986757749186	0.34016336657876967	0.0	0.34016336657876967	1.3939557203193722	0.0	0.5285528555980952	0.34016336657876967	0.0	1.9128794444888104	0.0	0.0	0.6595125289325388	0.0	0.0	0.0	0.0	0.0	0.34016336657876967	1.6044776591316663	0.0	3.5605871003533682	0.0	0.0	0.0	0.0	0.34016336657876967	0.34016336657876967	0.0	0.0	0.0	0.0	0.0	0.0	0.0	0.0	0.0	0.0	2.6876459091635736	0.0	0.0	0.0	0.0	0.0	0.0	0.0	0.0	0.0	0.0	0.34016336657876967	0.0	0.0	0.0	0.0	1.1484308811218973	0.34016336657876967	0.34016336657876967	0.0	0.0	0.0	0.0	0.0	0.0	0.0	0.0	2.1917751222217343	0.0	0.0	0.0	0.0	0.34016336657876967	0.0	0.0	0.0	0.0	0.6595125289325388	0.0	0.0	0.0	0.34016336657876967	0.0	0.0	0.0	0.0	0.0	0.0	0.5285528555980952	0.0	0.0	0.0	0.0	1.110112983622534	0.0	0.0	0.0	0.0	0.0	0.0	1.4143093643109224	0.0	0.0	0.0	0.0	0.0	0.0	0.0	1.6044776591316663	3.179121482512431	0.6595125289325388	0.0
SRR36103398	0.0	3.2022003276501523	0.0	0.0	1.0345005443480892	0.0	1.7778678845341758	0.0	0.0	0.0	0.0	0.0	0.0	2.0378045199493573	0.0	4.723445180821424	0.0	3.3764105419690384	0.0	0.0	0.0	3.2893009302687575	1.951538085897557	0.0	0.0	0.0	0.0	0.0	0.0	0.0	0.0	0.0	0.0	0.0	0.0	0.0	0.0	0.0	0.0	0.0	0.0	4.523648971480175	0.0	3.154085278444528	0.0	2.5251894153849546	0.0	0.0	0.0	0.0	2.616712867160494	0.0	0.0	1.9968097410981662	1.9009920943593377	0.0	0.0	0.0	0.0	0.0	2.71752152630069	0.0	1.7001328210816844	0.0	0.0	0.0	1.0345005443480892	1.3149962126494468	4.265900408461897	0.0	0.0	0.0	0.0	0.0	0.0	0.0	0.0	1.0345005443480892	0.0	3.3043819832313632	0.0	0.0	0.0	0.0	0.0	0.0	0.0	0.0	1.4840211203300644	0.0	0.0	0.0	0.0	0.0	0.0	1.0345005443480892	0.0	1.0345005443480892	0.0	0.0	0.0	1.0345005443480892	0.0	0.0	0.0	0.0	0.0	0.0	0.0	0.0	0.0	0.0	0.0	0.0	0.0	0.0	1.3149962126494468	0.0	0.0	1.4840211203300644	0.0	0.0	0.0	0.0	0.0	2.5733576556513738	0.0	0.0	0.0	0.0	0.0	0.0	2.2956467267313183	0.0	0.0	0.0	0.0	0.0	0.0	1.3149962126494468	0.0	0.0	0.0	0.0	0.0	0.0	0.0	3.5415406793145032	3.63596569873099	0.0	0.0
SRR36103399	0.0	0.0	0.0	0.0	0.0	0.0	1.6049757057670737	0.0	0.0	0.0	1.130167264348822	0.0	0.0	2.1988708909813544	0.0	4.519872102967262	0.0	3.6604756715855946	0.0	0.0	0.0	2.8455384473132774	1.4148004385440043	0.0	0.0	0.0	0.0	0.0	0.0	0.0	0.0	0.4448213060464936	0.0	0.0	0.0	0.0	0.0	0.0	0.0	0.0	0.0	4.815641659889139	0.4448213060464936	3.1462584364326722	0.0	2.0409323931081773	0.0	0.8031104360967338	0.0	0.0	1.6418646093518623	0.0	0.0	0.8031104360967338	2.14683490266443	0.0	0.0	0.0	0.0	0.0	2.457270132566767	0.0	2.222723435465873	0.0	0.0	0.0	0.4448213060464936	0.0	3.185908460145031	0.0	0.0	0.0	0.0	0.4448213060464936	0.0	0.0	0.0	1.184117677110127	0.0	3.7172469900660268	0.0	0.0	0.0	0.0	0.0	0.0	0.0	0.0	1.8377717831203604	0.0	0.9967250528080737	0.0	0.0	0.0	0.4448213060464936	0.4448213060464936	0.0	0.4448213060464936	0.0	0.4448213060464936	0.0	0.0	0.0	0.0	0.0	0.0	0.6599114546406167	0.0	0.0	0.0	0.4448213060464936	0.4448213060464936	0.0	0.4448213060464936	0.6599114546406167	0.0	0.6599114546406167	0.6599114546406167	0.4448213060464936	0.6599114546406167	0.0	0.9106190764798271	0.0	0.0	0.0	2.84994130564943	0.0	0.4448213060464936	0.0	0.0	0.0	0.6599114546406167	2.106303885198419	0.0	0.0	0.0	0.0	0.0	0.0	2.0813232775379262	0.0	0.9967250528080737	0.0	0.0	0.0	0.9106190764798271	0.0	3.9248890597888018	3.2872860708926015	0.9967250528080737	0.0
SRR36103400	0.6487970289719301	3.006172497055437	1.0091085561413995	0.0	0.0	0.0	0.7486510441109534	0.0	4.022628830462474	1.80058404067876	0.3327400154846923	0.0	0.0	3.299274522836519	0.0	4.807684429196729	0.0	0.0	0.0	0.0	0.0	3.5843401534793387	0.7486510441109534	0.0	0.0	0.0	0.0	0.0	0.0	0.0	0.0	0.5189068345987204	0.3327400154846923	0.0	0.0	0.0	0.0	0.0	0.0	0.0	0.0	4.100313243792762	0.0	3.055960557947642	0.0	2.1021343961494634	0.0	0.3327400154846923	0.8981193966716896	0.0	2.6304813225963533	0.0	0.0	1.4390854371709574	1.420497939619655	0.0	0.0	0.0	0.0	0.0	2.72859150855193	0.0	2.0606897030582454	0.0	0.0	0.0	1.2032889806791416	0.0	4.273552110241111	0.0	0.0	0.0	0.0	0.8297839292410107	0.0	0.0	0.0	0.0	0.0	3.2036097473302245	0.6487970289719301	0.0	0.0	0.0	0.0	0.0	0.0	0.0	1.2883363035684288	0.0	0.0	0.0	0.0	0.0	0.0	1.5063740673505455	0.0	0.7486510441109534	0.0	0.0	1.4569099466103368	0.0	0.0	0.3327400154846923	0.0	0.0	1.170787264534508	0.0	0.0	0.0	0.0	0.0	0.0	1.564622218279507	0.0	0.0	0.8981193966716896	0.8297839292410107	0.3327400154846923	2.8639451846906714	0.0	0.5189068345987204	0.0	0.0	0.0	3.372563500602524	0.0	0.3327400154846923	0.0	0.9571499457525893	0.0	0.0	2.047443742484054	0.0	0.0	0.3327400154846923	0.0	0.0	0.0	0.8981193966716896	0.0	0.0	0.0	0.0	1.3807513803638356	0.5189068345987204	0.0	3.291932170204861	3.274478531359585	1.852730595794037	1.2335267787147752
SRR36103401	1.0072384656337912	2.7025147692863993	0.3316314518353187	0.0	0.3316314518353187	0.0	1.0536191348423918	0.0	0.6471898136247485	1.6139506452539933	1.2315745824626614	1.0955210291605442	0.0	3.01143411613037	0.0	4.75654688900623	0.0	0.8280178291573668	0.0	0.3316314518353187	0.3316314518353187	2.978722299182814	1.2863697169188286	0.0	0.0	0.9553057102809472	0.0	0.6471898136247485	0.3316314518353187	0.0	0.0	0.0	0.8280178291573668	0.0	0.0	0.0	0.0	0.6471898136247485	0.0	0.0	0.0	4.335186924341786	0.0	2.309296903302168	1.0072384656337912	2.1727053794772115	0.3316314518353187	0.0	0.5174620875381072	0.3316314518353187	2.6545436281754635	0.3316314518353187	0.0	0.0	1.3990881532449553	0.0	0.0	0.0	0.0	0.0	3.548987860503316	0.0	1.9828079392135916	0.0	0.0	0.0	1.0955210291605442	0.0	4.273153566808062	0.0	0.0	0.0	0.0	0.6471898136247485	0.0	0.3316314518353187	0.0	0.5174620875381072	0.0	2.756306085613518	0.3316314518353187	0.0	0.0	0.0	0.0	0.5174620875381072	0.0	0.0	1.6139506452539933	0.0	1.0536191348423918	0.0	0.9553057102809472	0.0	0.0	1.0536191348423918	0.0	0.5174620875381072	0.0	0.0	1.2013455358474159	0.0	0.0	0.0	0.0	0.0	1.3787642870211032	0.0	0.0	0.0	0.3316314518353187	0.0	0.0	1.7013811765092304	0.5174620875381072	0.0	1.9217520931593157	1.1337334754142208	0.3316314518353187	3.0612988668491603	0.3316314518353187	0.0	0.0	0.0	0.0	0.0	0.0	0.0	0.0	0.6471898136247485	0.0	0.0	3.5381686320302204	0.0	0.0	0.0	0.0	0.3316314518353187	0.0	0.8280178291573668	0.3316314518353187	0.8963085426108562	0.0	0.0	0.0	0.8963085426108562	0.0	2.968140487318075	4.125546318228846	1.7656717465244636	0.0
SRR36103402	0.0	2.1179002198333436	0.0	1.4885858915152228	0.0	0.40968842200557865	2.1179002198333436	0.0	0.8617857993998822	0.0	1.6817527753742387	0.7563056645594346	0.0	3.1940362558907633	0.40968842200557865	4.267441290266945	0.0	1.4885858915152228	0.0	0.0	0.40968842200557865	2.4869511906639024	2.171562417716693	0.0	0.0	0.7563056645594346	0.0	1.5101567470301924	0.9465879246453924	1.0784519772859265	0.0	0.40968842200557865	0.0	0.0	0.40968842200557865	0.0	0.0	0.0	0.0	0.0	0.0	4.962273410434083	0.6166965125151863	3.2331794568102548	0.6166965125151863	1.7711201391676061	0.0	1.7474066207293415	0.0	0.0	1.924967793130194	0.0	0.0	0.0	2.7378731551659397	0.0	0.0	0.40968842200557865	0.0	0.0	3.1652119064915554	0.0	3.2069161550640937	0.0	0.0	0.0	0.0	1.017505549604751	1.6043752088699366	0.0	0.0	0.0	0.0	0.8617857993998822	0.0	0.0	0.0	1.2223398376592687	0.0	3.5504977188066427	0.40968842200557865	0.0	0.0	0.0	0.0	1.7474066207293415	0.40968842200557865	0.0	2.8194070375728946	0.0	1.017505549604751	0.0	1.6043752088699366	0.0	0.40968842200557865	0.0	0.0	0.0	0.0	0.0	0.0	0.0	0.0	0.0	0.0	0.0	1.722323123299027	0.0	0.40968842200557865	0.0	0.0	0.40968842200557865	0.0	1.2613598514791973	0.6166965125151863	0.0	0.8617857993998822	1.0784519772859265	0.0	2.343600250405089	0.7563056645594346	0.7563056645594346	0.0	0.0	0.0	0.0	0.0	0.40968842200557865	0.0	0.40968842200557865	0.0	0.0	2.2805666129986184	0.0	0.40968842200557865	0.40968842200557865	0.0	0.0	0.0	1.6209929788057378	0.40968842200557865	1.4658873861459887	0.0	0.0	0.0	1.017505549604751	0.0	2.9533788266295593	2.5000703884024924	1.1318886134828297	0.0
SRR36103403	0.7647814328908158	3.285974509331062	0.0	0.0	0.0	0.0	1.3995096074100184	0.0	0.0	0.0	2.071289072919319	0.0	0.34331519407933003	2.6082271477837713	0.0	4.757151452572805	0.34331519407933003	1.5836555192099175	0.0	0.0	0.0	3.4350840680254437	1.5836555192099175	0.0	0.0	0.34331519407933003	0.0	0.6640378228108692	0.34331519407933003	0.0	0.0	0.6640378228108692	0.9745890986350195	0.0	0.0	0.0	0.34331519407933003	0.0	0.0	0.0	0.0	4.7727708984819435	0.0	1.803698394650337	0.0	2.533874728375504	0.0	2.8008349410472517	0.34331519407933003	0.0	2.821833866530711	0.0	0.34331519407933003	1.1154526866413907	2.0438016623585606	0.0	0.0	0.0	0.0	0.0	1.811842132900893	0.0	2.0668269605168734	0.0	0.0	0.0	0.7647814328908158	0.34331519407933003	0.5326335855100328	0.0	0.0	0.0	0.0	1.1890496224525697	0.0	0.34331519407933003	0.34331519407933003	1.2803025838622761	0.0	2.335678754378328	1.4198738800584667	0.0	0.0	0.0	0.0	0.0	0.0	0.0	1.251963194079209	0.0	0.5326335855100328	0.0	1.3069054553750643	0.0	0.34331519407933003	1.4198738800584667	0.34331519407933003	0.6640378228108692	0.0	0.0	0.0	0.9152496822240437	0.0	0.0	0.0	0.0	1.1890496224525697	0.0	0.0	0.0	0.0	0.34331519407933003	0.0	0.7647814328908158	1.1154526866413907	0.0	0.5326335855100328	1.0733785726849836	0.34331519407933003	0.0	0.34331519407933003	0.9152496822240437	0.0	0.6640378228108692	0.0	0.0	0.0	0.34331519407933003	0.0	1.4757963778935261	0.0	0.0	1.5094400673852222	0.0	0.7647814328908158	0.0	0.0	0.0	0.34331519407933003	1.8198359692168156	0.0	0.34331519407933003	0.0	0.0	0.0	1.9371232107293692	0.0	1.1154526866413907	0.6640378228108692	0.7647814328908158	0.0
SRR36103404	0.8245784763159156	1.0918044623481495	0.0	0.4612461112310843	0.0	0.0	2.3125378383419566	0.0	2.2962287487247286	0.0	1.7472349129019236	0.4612461112310843	0.0	2.954170735942117	0.0	3.3730446880928175	0.0	1.1536999303516384	0.0	0.0	0.4612461112310843	1.6840187141886966	1.2560165918022672	0.0	0.0	1.5676620534475958	0.0	1.4681224003833435	0.0	0.4612461112310843	0.4612461112310843	0.0	0.0	0.0	0.0	0.0	0.0	0.0	0.0	0.0	0.0	4.8984045140563435	0.0	2.906942235557192	0.9329440237985959	2.24326952654077	0.0	2.955083065109713	0.0	0.0	2.66354393741393	0.0	0.0	0.0	2.8399154163124356	0.0	0.0	0.0	0.0	0.4612461112310843	2.4025680438996324	1.6485875885452494	3.4917131865575644	0.0	0.0	0.0	1.2993587615695712	3.160955565455679	1.6840187141886966	0.0	0.0	0.0	0.0	0.8245784763159156	0.0	0.4612461112310843	0.0	0.9329440237985959	0.0	4.223472454985005	0.0	0.0	0.4612461112310843	0.0	0.0	2.3616721957479094	0.0	0.0	2.9449404582053167	0.0	1.3748916516937268	0.0	1.4082423426435924	0.0	0.0	2.0368769188400133	0.0	0.6798489892882287	0.0	0.0	0.0	0.0	0.0	0.0	0.0	0.0	3.893210081119441	0.0	0.0	0.0	0.0	0.9329440237985959	0.0	0.8245784763159156	0.6798489892882287	0.0	0.4612461112310843	1.3748916516937268	0.0	0.4612461112310843	0.0	0.0	0.0	0.0	0.0	0.0	0.0	0.9329440237985959	0.0	0.4612461112310843	0.0	0.0	1.8024077349464642	0.0	0.0	0.6798489892882287	0.0	0.6798489892882287	0.8245784763159156	1.3748916516937268	0.0	1.5676620534475958	0.0	0.0	0.0	1.8151713404549688	0.0	3.8638659203253662	0.6798489892882287	1.2560165918022672	0.0
SRR36103405	0.0	1.9971665152422418	0.0	0.0	0.0	0.0	1.0094629392012053	0.0	4.2704771191556015	1.8911788082780654	1.4572890698842051	1.4080265392189673	0.0	2.6675347592802785	0.0	4.623687695528037	0.6099600235152676	0.6099600235152676	0.0	0.0	0.0	3.135324126766318	1.8911788082780654	0.0	0.0	0.6099600235152676	0.0	2.0478330578494326	0.0	0.0	0.0	1.0094629392012053	0.8541150079851434	0.0	0.6099600235152676	0.0	1.0094629392012053	0.8541150079851434	0.0	0.0	0.0	4.582978093007863	0.0	2.5532974570611966	0.8541150079851434	2.2752631903212763	0.6099600235152676	2.789358968646041	0.0	0.0	2.9723859074436905	0.0	0.8541150079851434	0.8541150079851434	1.8911788082780654	0.0	0.0	2.4933412125495784	0.0	0.0	3.0823749753838476	0.6099600235152676	2.5607008856718334	0.0	0.0	0.0	2.0357097304930765	2.3645642872974646	2.114223775233723	0.6099600235152676	0.0	0.0	0.8541150079851434	0.8541150079851434	0.0	0.0	0.0	0.6099600235152676	0.0	3.6096177146904758	1.2139727713650323	0.0	0.6099600235152676	0.0	0.0	1.3524525582322053	2.0357097304930765	0.0	2.071109367803527	0.0	0.8541150079851434	0.0	0.6099600235152676	0.0	0.0	0.6099600235152676	0.0	0.6099600235152676	0.0	0.0	3.0900361292340666	0.0	0.0	0.0	0.0	0.0	3.0169575808826368	0.0	0.0	0.0	0.0	0.8541150079851434	0.0	1.7506757587145414	1.0094629392012053	0.0	1.123646240309211	0.0	0.6099600235152676	0.0	0.0	0.0	0.0	0.6099600235152676	0.0	1.0094629392012053	0.0	0.0	0.0	1.5416754002331048	0.0	0.0	2.0232382382630862	0.0	0.0	0.0	0.0	1.3524525582322053	0.6099600235152676	2.6675347592802785	0.0	0.6099600235152676	0.0	0.0	1.0094629392012053	1.7004860384706861	0.0	4.043119559567074	1.123646240309211	2.0103979907668545	0.8541150079851434
SRR36103406	0.8930339344499263	0.0	0.0	0.0	0.0	0.0	0.8930339344499263	0.0	0.4320423741586896	0.6442853682614723	1.731031546277248	0.8930339344499263	0.0	2.4735375689673393	0.0	4.2969784563868565	0.4320423741586896	3.3083802181867195	0.4320423741586896	0.0	0.4320423741586896	2.509334264697425	1.4242825672651045	0.0	0.0	1.1653564510530958	0.0	0.0	0.4320423741586896	0.0	0.0	0.0	0.4320423741586896	0.0	0.0	0.0	0.0	0.0	0.0	0.0	0.4320423741586896	4.8010591469751835	0.4320423741586896	3.3006712117482806	1.3314407894016318	1.8179647347842012	0.0	3.590523933964884	0.4320423741586896	0.0	1.7576945619462523	0.0	0.0	0.8930339344499263	2.7800222355618605	0.0	0.0	0.0	0.0	0.0	2.5138917525998465	0.0	3.372532622051338	0.0	0.0	0.0	0.7862307094669205	3.8699742187735566	0.4320423741586896	0.0	0.0	0.0	0.0	0.9786876288899096	0.0	0.6442853682614723	0.0	1.9524027808402187	0.6442853682614723	3.6354333839407347	0.4320423741586896	0.6442853682614723	0.0	0.0	0.0	1.8290763739596385	0.0	0.0	1.2562900228790157	0.0	1.3314407894016318	0.0	2.0066761212713113	0.0	0.0	0.0	0.0	0.0	0.0	0.9786876288899096	0.4320423741586896	0.0	0.0	0.0	0.0	0.0	1.6395418190655056	0.0	0.0	0.0	0.0	0.6442853682614723	1.213198887001632	0.7862307094669205	1.2954889029255643	0.0	0.6442853682614723	1.11158359192657	0.0	0.4320423741586896	0.0	0.0	0.0	0.0	0.0	0.4320423741586896	0.0	0.6442853682614723	0.0	0.0	0.4320423741586896	0.0	1.7576945619462523	0.4320423741586896	0.0	0.0	0.0	0.4320423741586896	0.0	1.8399107943835524	0.0	1.6395418190655056	0.0	0.0	0.0	1.6561919272642969	0.0	4.225428978412836	0.8930339344499263	1.3954855906590873	0.0
SRR36103407	1.3510622436453168	1.4586154379048	0.0	0.0	0.3543574532503523	0.0	1.2992771907961462	0.0	0.7814095821757232	1.5601015190727872	1.9568981923312683	0.0	0.5468623941890287	3.2268811970855285	0.0	4.317003921214394	0.3543574532503523	0.0	0.0	0.0	0.5468623941890287	2.9722690784495716	1.9320008849007329	0.0	0.0	1.172435316613508	0.0	0.992512578759738	0.7814095821757232	0.3543574532503523	0.9328681649138771	0.3543574532503523	0.679781058363221	0.0	0.3543574532503523	0.0	0.5468623941890287	0.5468623941890287	0.0	0.0	0.0	4.868498190719121	0.0	1.8987271803543972	1.133952632745918	2.696084898036396	0.0	3.08704800615726	0.5468623941890287	0.0	2.926757585436293	1.091725532946753	0.0	1.2077838924270472	1.9568981923312683	0.0	0.5468623941890287	2.7207373325611615	0.0	0.0	3.2465704870093304	0.0	3.3632190106047815	0.0	0.0	0.0	3.107622233124936	3.065921301764786	3.7007866648975716	0.0	0.0	0.0	0.3543574532503523	1.2992771907961462	0.5468623941890287	0.3543574532503523	0.0	1.629641717985794	0.0	3.2820295862714106	0.992512578759738	0.3543574532503523	0.9328681649138771	0.0	0.0	0.7814095821757232	0.3543574532503523	0.0	2.593288086180874	0.0	1.2077838924270472	0.0	2.217401041909538	0.0	0.679781058363221	1.8150867731644071	0.0	0.3543574532503523	0.0	0.3543574532503523	0.3543574532503523	0.7814095821757232	0.0	0.3543574532503523	0.0	0.0	2.531847499925138	0.0	0.0	0.0	1.8150867731644071	1.3510622436453168	0.8637082597797681	1.9320008849007329	1.2708685062809855	1.629641717985794	2.388154804358886	1.2077838924270472	0.5468623941890287	0.8637082597797681	0.3543574532503523	0.9328681649138771	0.0	0.0	0.0	1.091725532946753	0.0	0.7814095821757232	0.0	2.095542536977757	2.654448727434033	0.5468623941890287	1.7801798825024393	0.0	1.629641717985794	1.133952632745918	0.3543574532503523	0.5468623941890287	0.7814095821757232	1.3510622436453168	0.7814095821757232	0.8637082597797681	0.8637082597797681	0.0	0.0	2.1970067394865533	0.0	3.8388673573625183	2.8124495817054194	0.9328681649138771	0.8637082597797681
SRR36103408	1.4388095011515112	0.8817681448728554	0.0	0.0	0.6343121214194741	0.0	1.153310039977308	0.0	0.8817681448728554	0.6343121214194741	2.0795466548622024	0.6343121214194741	0.0	2.5294981856502345	0.6343121214194741	4.1684901123414	0.0	3.7751995337764868	0.0	0.0	0.0	2.7658708292535	1.8679618998299627	0.0	0.0	1.4388095011515112	0.0	2.684863986916366	1.0384247870613443	0.0	0.0	0.0	0.0	0.0	0.0	0.0	0.0	0.0	0.0	0.0	0.0	4.968432102874374	0.6343121214194741	2.554250475985127	1.153310039977308	2.0913481353558505	0.0	0.6343121214194741	0.0	0.0	2.292684215910295	0.0	0.8817681448728554	1.3191095609879135	1.922772329181891	0.0	0.0	0.0	0.0	0.0	3.1513633093260514	0.0	2.50324943800499	0.0	0.0	0.0	0.8817681448728554	3.008589653378161	1.4388095011515112	0.0	0.0	0.0	0.0	1.60959799693932	0.0	0.0	0.0	1.153310039977308	0.0	3.1523761180603915	1.3830704951432466	0.0	1.4882016201728607	0.0	0.0	0.8817681448728554	0.0	0.0	0.0	0.0	1.0384247870613443	0.0	0.8817681448728554	0.0	0.0	0.0	0.0	0.0	0.0	0.0	0.0	0.6343121214194741	0.0	0.0	0.0	0.0	1.3191095609879135	0.0	0.0	0.0	0.0	0.0	0.6343121214194741	1.3191095609879135	0.8817681448728554	1.9865141221889422	0.8817681448728554	0.8817681448728554	0.0	0.0	0.0	1.2440743225322315	0.0	0.0	0.0	1.9052596810856741	0.0	2.185215169793547	0.0	0.0	0.0	0.0	2.537906676030303	0.0	1.2440743225322315	0.0	0.0	0.0	0.0	1.4882016201728607	0.0	0.8817681448728554	0.0	0.0	0.6343121214194741	2.0151886948559787	0.0	3.394849195970305	2.6728247498265056	0.6343121214194741	0.0
SRR36103409	0.3243090721239074	3.1701714006423094	0.0	0.0	0.943044419167823	0.0	1.5062833771164206	0.0	0.0	1.9586616958146392	1.3218536669824035	0.3243090721239074	0.3243090721239074	2.1384476696839125	0.0	4.664142113972976	0.0	3.20430895490675	0.0	0.0	0.0	2.8404891130292502	1.8080581072889497	0.0	0.0	1.3655363987649944	0.0	0.0	0.3243090721239074	0.0	1.298245915524453	0.0	0.3243090721239074	0.0	0.0	0.5078907542851843	0.0	0.3243090721239074	0.0	0.0	0.0	4.761117104414173	0.5078907542851843	2.090308236503597	1.2185830410152063	2.152246820532076	0.3243090721239074	0.5078907542851843	0.0	0.0	2.39348519263853	0.3243090721239074	0.0	1.273280731806219	1.8154947369872856	0.0	0.0	0.0	0.0	0.0	3.45630270663862	0.0	2.578001588583198	0.0	0.0	0.0	0.8842727594863885	0.943044419167823	2.040573360152186	0.0	0.3243090721239074	0.0	0.0	0.5078907542851843	0.0	0.0	0.0	0.9948024185018319	0.5078907542851843	3.202498009583461	0.943044419167823	0.0	0.0	0.3243090721239074	0.0	0.0	0.0	0.0	2.027195785064616	0.0	1.1884132418210467	0.0	0.9948024185018319	0.0	0.5078907542851843	1.298245915524453	0.3243090721239074	0.5078907542851843	0.0	1.0828317837241328	1.298245915524453	0.0	0.0	0.0	0.0	0.0	2.07435451219573	0.0	0.0	0.0	0.0	0.3243090721239074	0.0	1.7071937899277636	0.5078907542851843	0.0	2.1278027333983927	1.3858334722879162	0.3243090721239074	1.0410436835295334	0.5078907542851843	0.3243090721239074	0.0	0.0	0.0	1.120949582353844	0.0	0.3243090721239074	0.0	0.0	0.3243090721239074	0.0	3.8488239147567866	0.0	0.6365268067749074	0.0	0.0	0.0	0.0	0.7356401942233808	0.3243090721239074	1.76883577988571	0.0	0.0	0.0	2.094206749027519	0.0	3.0119380307789987	3.2703986083436334	2.0619924479118588	0.0
SRR36103410	0.44082238113155825	2.8392919906368554	0.0	0.0	0.0	0.0	1.2262141920727454	0.0	0.6550325499167329	0.44082238113155825	1.3086484824361997	0.0	0.0	1.4376195554574116	0.6550325499167329	4.325662842458202	0.0	2.112067770481421	0.0	0.0	0.0	2.865062977493316	0.9911039816478817	0.0	0.0	1.4087873541678209	0.0	0.0	0.0	0.0	0.0	0.0	0.0	0.0	0.0	0.0	0.0	0.0	0.0	0.0	0.0	4.9946070848116655	0.0	2.6355491066573413	0.0	1.8744636133199495	0.44082238113155825	1.744628714175767	0.0	0.0	0.0	0.0	0.0	0.0	1.3779040466801404	0.0	0.0	0.0	0.0	0.0	2.129426040908815	0.0	2.895264646463029	0.0	0.0	0.0	0.6550325499167329	0.0	2.5185362778437685	0.0	0.0	0.0	0.0	0.6550325499167329	0.44082238113155825	0.0	0.0	0.0	0.0	2.61005591670165	0.0	0.0	0.0	0.0	0.0	0.0	0.0	0.0	1.2262141920727454	0.0	0.0	0.0	0.44082238113155825	0.0	0.0	0.7978453274069178	0.0	0.0	0.0	0.44082238113155825	0.0	0.0	0.0	0.0	0.0	0.0	2.034734280819577	0.0	0.0	0.0	0.0	0.6550325499167329	0.0	0.0	1.0628336273840926	0.0	0.7978453274069178	0.7978453274069178	0.0	0.44082238113155825	0.0	0.0	0.0	0.0	0.0	0.0	0.0	0.7978453274069178	0.0	0.0	0.0	0.0	2.20235319966749	0.0	0.44082238113155825	0.0	0.0	0.0	0.0	1.3779040466801404	0.0	0.44082238113155825	0.0	0.0	0.0	0.0	0.0	2.311957382710633	0.0	0.44082238113155825	0.0
SRR36103411	0.2849925220562639	2.7590555380594495	0.0	0.0	0.4556035947900448	0.4556035947900448	1.2478469108703605	0.0	0.673017854772176	1.3489336410818584	1.2244646710232892	0.0	0.0	1.9888225717083077	0.0	4.512581006249208	0.2849925220562639	1.415678946535127	0.0	0.0	0.0	3.537278000281023	1.7003320839854874	0.0	0.0	1.1456588727002424	0.0	0.0	0.2849925220562639	0.0	1.1158564561840236	0.0	0.4556035947900448	0.0	0.2849925220562639	0.0	0.2849925220562639	0.0	0.0	0.0	0.0	4.605450508277448	0.0	1.7313230171714213	0.5777760860811835	3.7800281356771746	0.0	0.4556035947900448	0.0	0.0	1.683965814308148	0.0	0.0	0.2849925220562639	1.366606001894318	0.0	0.0	0.0	0.0	0.0	3.409331472386186	0.2849925220562639	1.383587267476393	0.0	0.0	0.0	1.936157910700343	0.2849925220562639	4.505331487156836	0.0	0.0	0.0	0.0	0.673017854772176	0.0	0.0	0.0	0.673017854772176	0.5777760860811835	3.1813794623165816	0.2849925220562639	0.0	0.0	0.0	0.0	0.0	0.0	0.0	1.5123470550778573	0.0	0.7510833671693002	0.2849925220562639	0.0	0.0	0.2849925220562639	1.4597655753045828	0.0	0.5777760860811835	0.0	0.0	0.5777760860811835	0.0	0.0	0.0	0.0	0.2849925220562639	3.005961266905419	0.2849925220562639	0.0	0.0	0.0	0.0	0.2849925220562639	1.1456588727002424	0.2849925220562639	0.0	1.5913669565927386	0.8746233937185679	0.4556035947900448	1.1997515467964746	0.5777760860811835	0.5777760860811835	0.0	0.2849925220562639	0.0	0.2849925220562639	0.0	0.2849925220562639	0.0	0.4556035947900448	0.0	0.0	3.0215699182367617	0.0	0.5777760860811835	0.0	0.0	0.0	0.0	0.7510833671693002	0.0	1.1735468414371237	0.0	0.0	0.0	0.9253086766288295	0.0	3.370615602492206	2.408342121332641	1.330511538110097	0.0
SRR36103412	1.256886244808563	2.4983559845207197	0.0	0.0	0.0	0.6447734546258951	2.068392405573291	0.0	0.6447734546258951	1.0507742319483275	1.6568091883058	0.0	0.0	2.627633936951282	1.1659445299254518	4.225972026499835	0.0	2.555586742797176	0.0	0.0	0.6447734546258951	3.632969163915027	0.0	0.0	0.0	1.3320425664876678	0.0	0.0	1.9530269245058265	0.0	0.0	0.0	0.0	0.0	0.0	0.0	0.0	0.0	0.0	0.0	0.0	4.740533384655499	0.0	2.7381018526921324	0.8935844212353338	1.3320425664876678	0.0	0.0	0.0	0.0	1.7710568055104907	0.0	0.0	0.8935844212353338	1.6228439665359875	0.0	0.0	0.0	0.0	0.0	3.7409006355707795	0.0	2.641390231278478	0.0	0.0	0.0	0.6447734546258951	0.0	4.16496517583471	0.0	0.0	0.0	0.6447734546258951	1.1659445299254518	0.0	0.0	0.0	1.5457278029107449	0.0	4.285949572641699	0.0	0.0	0.0	0.0	0.0	0.0	0.0	0.0	2.93852173813352	0.0	0.6447734546258951	0.0	0.6447734546258951	0.0	0.0	0.0	0.0	0.6447734546258951	0.0	0.0	0.0	0.0	0.0	0.0	0.0	0.0	2.0555398427599094	1.0507742319483275	0.0	0.0	0.0	0.0	0.0	0.6447734546258951	1.3960913995168622	0.0	0.6447734546258951	1.7176790306629512	0.0	0.0	0.6447734546258951	0.0	0.0	0.0	0.0	0.0	0.0	0.0	0.0	0.0	0.0	0.0	2.3675633510956793	0.0	0.0	0.8935844212353338	0.0	0.0	0.0	1.0507742319483275	0.0	2.1048142850881457	0.0	0.0	0.0	1.7954714493655364	0.0	3.5836804342944655	2.933367723076306	0.8935844212353338	0.0
SRR36103413	0.0	3.0050035234477503	0.0	0.0	0.0	0.0	1.067664850649693	0.0	0.6077910615882737	0.0	0.6077910615882737	0.0	0.0	1.3783708605039213	0.0	4.858858517216053	0.0	2.0449818940552196	0.0	0.0	0.0	3.5229000392071326	0.8516416955583002	0.0	0.0	0.6077910615882737	0.0	0.0	0.0	0.0	0.0	0.0	0.6077910615882737	0.0	0.0	0.0	0.0	0.0	0.0	0.0	0.0	4.58488649646804	0.40253089921886	1.6976665465788165	0.9361535570425493	1.6976665465788165	0.0	0.40253089921886	0.0	0.0	1.2112720809631923	0.0	0.0	0.0	1.3497037332326993	0.0	0.40253089921886	0.0	0.0	0.0	1.4771904731249308	0.0	2.7017757540737595	0.0	0.0	0.0	1.0068682644270892	0.0	3.410742276675004	0.0	0.0	0.0	0.0	0.9361535570425493	0.0	0.0	0.0	0.6077910615882737	0.0	2.3470415915623213	0.0	0.0	0.0	0.0	0.0	0.0	0.0	0.0	1.4545127546238892	0.0	0.6077910615882737	0.0	0.0	0.0	0.0	0.746611035362946	0.0	0.6077910615882737	0.0	0.0	0.0	0.0	0.0	0.0	0.0	0.0	2.2863385620683525	0.40253089921886	0.0	0.0	0.0	0.0	0.6077910615882737	0.0	0.746611035362946	0.0	0.0	0.746611035362946	0.0	0.40253089921886	0.0	0.40253089921886	0.0	0.0	0.0	0.0	0.0	0.40253089921886	0.0	0.0	0.0	0.0	1.3190097546965416	0.0	0.0	0.0	0.0	0.0	0.0	0.0	0.0	1.5192754816127945	0.0	0.0	0.0	0.0	0.0	2.231594428383512	3.7174442303086277	0.0	0.6077910615882737
SRR36103414	0.822757982585212	1.7595942165276963	0.0	0.0	0.0	0.0	2.5660680275842824	0.0	0.0	0.0	2.5593530749999793	0.0	0.0	3.349862799198411	0.822757982585212	3.8063990083083277	0.0	1.893225330480997	0.0	0.0	0.0	1.5427526427437446	1.8254604876708178	0.0	0.0	0.9310525608599767	0.0	1.4061842442539247	0.822757982585212	0.0	0.0	0.0	0.0	0.0	0.4598459105602618	0.0	0.0	0.4598459105602618	0.0	0.0	0.6781555722693177	4.9578770535981285	0.0	3.3829201549301398	1.565578188624011	2.2069761417649634	0.0	3.4021291443197663	0.0	0.0	3.1420433307115947	0.4598459105602618	0.0	0.9310525608599767	3.1490620905449904	0.0	0.0	0.0	0.0	0.0	2.514229494005684	0.4598459105602618	3.5694355475028496	0.0	0.0	0.4598459105602618	1.7735909024726244	0.4598459105602618	0.822757982585212	0.0	0.0	0.0	0.6781555722693177	1.4931530970747708	0.4598459105602618	0.0	0.4598459105602618	1.2058555162506353	0.0	3.5031322397140148	0.0	0.0	1.1517086617588017	1.0176610295108321	0.0	3.014844509855976	0.6781555722693177	0.0	2.7527416321596845	0.6781555722693177	1.4371497092543006	0.0	1.681921194177999	0.0	0.4598459105602618	0.0	0.0	0.0	0.0	0.0	0.0	0.9310525608599767	0.0	0.0	0.0	0.0	0.822757982585212	0.0	0.0	0.0	0.0	0.6781555722693177	1.3367216845963374	1.0176610295108321	1.25399369627954	0.0	0.9310525608599767	1.0176610295108321	0.0	0.0	0.0	1.2973245579459023	0.0	0.0	0.0	0.822757982585212	0.0	1.1517086617588017	0.0	0.0	0.4598459105602618	0.0	2.097876737633844	0.4598459105602618	0.4598459105602618	2.277152545362233	0.0	0.6781555722693177	0.0	2.272810913105081	0.0	1.4371497092543006	0.6781555722693177	0.0	0.4598459105602618	2.7274529109677323	0.0	3.7425389423039093	2.434813464744086	0.4598459105602618	0.0
SRR36103415	0.0	0.0	0.0	0.0	0.0	0.0	0.0	0.0	0.0	0.0	1.984622931961251	1.30328787072408	0.0	2.744311170460647	0.0	4.558063134155987	0.0	1.593380222246286	0.0	0.0	0.0	2.904920199268955	3.3266577181656984	0.0	0.0	0.0	0.0	2.063053618113861	1.30328787072408	0.0	0.0	0.0	0.0	0.0	0.0	0.0	0.0	0.0	0.0	0.0	0.0	4.813381304931994	0.0	2.2833973452795355	0.0	2.8944679503943274	0.0	2.1870523270661644	0.0	0.0	3.1387781030587	0.0	0.0	1.30328787072408	2.362201519367527	0.0	0.0	0.0	0.0	1.30328787072408	2.604430452589871	0.0	2.3245843954099024	0.0	0.0	0.0	1.593380222246286	3.6429566503460764	2.1870523270661644	0.0	0.0	0.0	0.0	1.7657635174027897	0.0	0.0	0.0	0.0	0.0	3.24516484051888	0.0	0.0	0.0	0.0	0.0	1.7657635174027897	2.1870523270661644	0.0	1.593380222246286	0.0	1.593380222246286	0.0	2.2833973452795355	0.0	0.0	0.0	0.0	0.0	0.0	0.0	0.0	0.0	0.0	0.0	0.0	0.0	1.7657635174027897	0.0	0.0	0.0	0.0	1.30328787072408	0.0	1.30328787072408	0.0	0.0	0.0	0.0	0.0	0.0	1.30328787072408	0.0	0.0	0.0	0.0	0.0	0.0	0.0	0.0	1.8888363322509474	0.0	0.0	1.8888363322509474	0.0	0.0	2.4587341327423693	1.30328787072408	0.0	0.0	2.063053618113861	0.0	0.0	0.0	0.0	0.0	1.7657635174027897	0.0	3.8399013509807767	3.1679158439807917	1.30328787072408	0.0
SRR36103440	0.7338507718622944	0.23963922448185462	0.0	0.0	0.23963922448185462	0.0	1.4836487976558257	0.0	0.9928314879570588	0.5960944784241844	2.0174093974551623	0.0	0.23963922448185462	3.157648360868552	0.0	4.395830276623464	0.23963922448185462	0.9590383329411578	0.0	0.0	0.3931741717932554	2.705533738906726	2.144372635842658	0.0	0.0	1.1309151005382865	0.0	2.4506934674262215	0.5960944784241844	0.5063796541954452	0.5960944784241844	0.23963922448185462	0.3931741717932554	0.0	0.23963922448185462	0.0	0.0	0.23963922448185462	0.0	0.0	0.5960944784241844	4.902708154141763	0.0	2.1667226419108565	0.838273582177941	2.8549151041409	0.0	2.3432798167109214	0.3931741717932554	0.0	2.7429358319935666	0.23963922448185462	0.0	1.1758247626822835	2.0174093974551623	0.0	0.0	3.382215062341056	0.23963922448185462	0.23963922448185462	2.7577099887997845	0.0	2.659731308613531	0.0	0.0	0.23963922448185462	2.856698001499148	3.1797650317437203	2.593292710353336	0.0	0.0	0.0	0.23963922448185462	1.1309151005382865	0.0	0.0	0.23963922448185462	1.0241839175782343	0.23963922448185462	2.1601375749736778	1.6478239923558549	0.0	1.153950177230295	0.0	0.0	0.23963922448185462	0.0	0.0	1.053424562037114	0.0	1.053424562037114	0.0	2.1303888437697824	0.0	0.3931741717932554	1.4031172199467468	0.23963922448185462	0.5960944784241844	0.23963922448185462	0.0	0.5063796541954452	0.5960944784241844	0.0	0.0	0.0	0.0	2.1796005976358708	0.0	0.3931741717932554	0.8823662892199902	1.761172435641463	1.8897565605852669	0.9223921160616401	1.1309151005382865	1.153950177230295	2.04709437878006	0.9928314879570588	0.9590383329411578	0.23963922448185462	0.9590383329411578	0.7338507718622944	0.8823662892199902	0.0	0.0	0.0	0.3931741717932554	0.0	1.0241839175782343	0.0	1.5942887277844873	2.5477489084485203	0.23963922448185462	1.8278356485820626	0.0	0.5960944784241844	0.838273582177941	0.0	0.5063796541954452	0.3931741717932554	1.2355252096560236	0.5063796541954452	0.8823662892199902	0.838273582177941	0.23963922448185462	0.23963922448185462	2.12562569928665	0.0	3.864403535053984	2.5358083607789323	0.9928314879570588	1.053424562037114
SRR36103441	0.38425816338690194	0.38425816338690194	0.0	0.0	0.0	0.0	0.9456447052201871	0.23330948157069198	0.7215967871986791	0.0	1.9572026073299913	0.38425816338690194	0.23330948157069198	2.505616878010283	0.0	4.599256713476972	0.23330948157069198	2.570851406708829	0.0	0.0	0.0	3.785419301653847	2.0809415090335297	0.0	0.0	1.3758372644812915	0.0	1.9868461987082848	0.23330948157069198	0.0	0.0	0.0	0.38425816338690194	0.0	0.0	0.0	0.0	0.0	0.0	0.0	0.9091463152616212	4.820020966823653	0.6586000723354408	3.005951289090814	0.6586000723354408	2.2329580186317672	0.0	2.2693282668458963	0.0	0.0	2.7161712270852614	0.23330948157069198	0.584889259543614	0.0	1.7351402050620348	0.0	0.0	0.0	0.0	0.0	1.7294186451483717	0.0	2.803547411652045	0.0	0.0	0.0	2.285632159242692	0.7215967871986791	2.3644382695384447	0.0	0.0	0.0	0.0	1.010556307761453	0.0	0.23330948157069198	0.0	1.11697227312714	0.0	3.027062147325973	0.0	0.23330948157069198	0.23330948157069198	0.23330948157069198	0.0	0.584889259543614	0.0	0.0	0.7766024205562407	0.0	0.8254179741814224	0.0	2.7167646018433182	0.0	0.49605782756166816	0.8254179741814224	0.0	0.23330948157069198	0.0	0.0	0.0	0.49605782756166816	0.0	0.0	0.0	0.0	0.38425816338690194	0.0	0.0	0.0	0.0	0.0	0.0	0.8254179741814224	0.7766024205562407	0.0	0.38425816338690194	0.9091463152616212	0.0	0.23330948157069198	0.0	1.3626382179331789	0.0	0.0	0.23330948157069198	0.0	0.0	1.11697227312714	0.0	0.584889259543614	0.0	0.0	1.4895625346302077	0.0	0.9793121267548919	0.49605782756166816	0.0	0.0	0.0	1.4690760494351072	0.0	1.2213400239082695	0.23330948157069198	0.0	0.0	1.943349002698602	0.0	3.8125027945472927	0.38425816338690194	0.7215967871986791	0.38425816338690194
SRR36103442	0.7067046756009381	1.471715890615243	1.471715890615243	0.0	0.5383107443775759	0.0	1.4595576608693936	0.0	4.561811025991599	2.477666322263022	1.2786467082226651	0.0	0.0	2.6428912180089266	0.0	4.695755527804245	0.2595865397393764	2.125517123650058	0.0	0.0	0.0	3.4173740021240855	1.6136356639257232	0.0	0.0	1.3314117455946228	0.0	0.0	0.4209352825447056	0.0	0.7714269362026595	0.4209352825447056	0.4209352825447056	0.0	0.0	0.0	0.6306187509047327	0.4209352825447056	0.0	0.0	0.0	4.172360074944922	0.0	2.22284066526545	0.7714269362026595	1.4470492295741815	0.4209352825447056	1.1733458998191475	0.0	0.0	3.2333448687938695	0.2595865397393764	0.0	0.8775875305531546	1.8170333996915644	0.0	0.0	0.0	0.0	0.0	3.824917719238154	0.7067046756009381	2.125517123650058	0.0	0.0	0.0	2.11200534386371	2.128169756773118	2.1437540584075316	0.2595865397393764	0.0	0.2595865397393764	0.0	0.4209352825447056	0.0	0.0	0.0	0.4209352825447056	0.0	3.283106194969457	1.4595576608693936	0.0	0.0	0.4209352825447056	0.0	0.0	0.0	0.4209352825447056	1.7204244688708437	0.0	0.5383107443775759	0.0	0.2595865397393764	0.0	0.2595865397393764	1.5484472752053335	0.0	0.7067046756009381	0.0	2.0595548213699555	1.8060689052224748	0.0	0.0	0.0	0.0	0.0	1.7466648756741412	0.0	0.0	0.0	0.0	0.4209352825447056	0.2595865397393764	1.9927228908636079	0.4209352825447056	0.0	1.314525808353439	0.5383107443775759	0.2595865397393764	0.5383107443775759	0.0	0.4209352825447056	0.0	0.0	0.0	0.7067046756009381	0.0	0.0	0.0	0.7067046756009381	0.0	0.0	3.029086519876115	0.0	0.0	0.9222958025247344	0.0	0.0	0.0	0.5383107443775759	0.2595865397393764	1.3633330865069873	0.0	0.0	1.9589298004056834	1.3784549511408815	0.0	3.8199452696880014	1.5172064824164428	2.4113542561950148	1.3476656337741568
SRR36103443	0.48295675097802426	2.107875461754864	1.394570614209373	0.0	0.0	0.0	0.8922026460928336	0.0	4.701091947362688	2.459455664452561	1.727337428581004	0.0	0.0	2.7354351057408217	0.22535944807684383	4.469756871983968	0.22535944807684383	2.38950217230697	0.0	0.22535944807684383	0.22535944807684383	2.8393000122865315	1.8432302935636244	0.0	0.0	0.9285051695954534	0.0	1.9580170518088054	0.22535944807684383	0.0	0.0	0.5706335587469651	0.0	0.0	0.0	0.0	1.049330888812007	0.22535944807684383	0.0	0.0	0.0	4.495177913859934	0.0	2.3089864097495734	0.8525865197617839	1.5607443964817218	0.0	0.48295675097802426	0.7059632493065897	0.0	2.8638272049169755	0.22535944807684383	0.22535944807684383	1.0749299400720436	1.1644682984363603	0.0	0.22535944807684383	0.0	0.0	0.0	3.353570760487647	0.0	2.747752997435465	0.0	0.0	0.0	0.3729834245016558	2.9205810515982003	2.1346825983126	0.0	0.0	0.0	0.0	0.9285051695954534	0.0	0.0	0.0	0.22535944807684383	0.0	2.8082806731722325	1.6212972472296414	0.0	0.0	0.22535944807684383	0.0	0.9620058757966367	0.0	0.0	0.6435484435827614	0.0	0.6435484435827614	0.0	1.941435136820768	0.0	0.22535944807684383	0.0	0.0	0.22535944807684383	0.3729834245016558	0.0	1.8913251652453458	0.5706335587469651	0.22535944807684383	0.0	0.0	0.0	0.8089905557813806	0.0	0.0	0.0	0.0	0.8525865197617839	0.22535944807684383	2.0642812333872564	0.6435484435827614	0.0	0.22535944807684383	0.0	0.0	0.0	0.0	0.8922026460928336	0.0	0.0	0.0	2.5589281242584767	0.0	0.7605249002284924	0.0	0.3729834245016558	0.0	0.0	1.3824960959875903	0.0	0.7605249002284924	0.5706335587469651	0.0	0.3729834245016558	0.6435484435827614	1.1220025559472522	0.0	0.7605249002284924	0.0	0.0	1.8598607845706268	1.6212972472296414	0.0	3.573032656239467	2.898388095041598	2.462521500486528	1.7986344922843598
SRR36103444	0.6078338909628144	1.512593573015371	0.0	0.0	0.30488777871163614	0.0	2.0975248034650127	0.0	0.30488777871163614	1.2113254421464374	1.3295381682261889	0.30488777871163614	0.0	2.5885865901922918	0.0	4.699770109601549	0.0	3.236590510642702	0.0	0.0	0.0	2.8709940291668277	1.679617425750192	0.0	0.0	0.961077276653944	0.0	0.0	0.8516905515778236	0.30488777871163614	1.0862278761617397	0.30488777871163614	0.6078338909628144	0.0	0.30488777871163614	0.0	0.0	0.0	0.0	0.0	0.30488777871163614	4.774153804468876	0.30488777871163614	2.3674838312759343	0.7051261148993393	1.9898735120271136	0.0	0.4822573876919668	0.0	0.0	3.04708876503359	0.30488777871163614	0.0	0.961077276653944	1.9853250492476677	0.0	0.0	0.0	0.0	0.30488777871163614	2.8757276439368784	0.0	3.147869764497402	0.0	0.0	0.0	2.150641618757419	0.0	2.532703677289306	0.0	0.0	0.0	0.30488777871163614	0.30488777871163614	0.0	0.0	0.0	0.7845619814862167	0.30488777871163614	3.064960570613297	0.30488777871163614	0.30488777871163614	0.7051261148993393	0.0	0.0	0.7051261148993393	0.7845619814862167	0.0	1.7151024544567381	0.0	1.0862278761617397	0.0	0.0	0.0	0.4822573876919668	1.4387632695926929	0.0	0.6078338909628144	0.0	0.0	0.8516905515778236	0.4822573876919668	0.0	0.0	0.0	0.0	1.6977222625604382	0.0	0.0	0.0	0.0	0.6078338909628144	0.30488777871163614	1.4387632695926929	0.0	0.30488777871163614	1.5756774891829373	0.9098187839866145	0.0	0.7845619814862167	0.30488777871163614	1.00691952477725	0.0	0.0	0.0	0.0	0.0	0.7051261148993393	0.0	0.8516905515778236	0.30488777871163614	0.30488777871163614	3.245220931229668	0.0	0.6078338909628144	1.048381544730752	0.0	0.0	0.0	1.369078262921994	0.0	1.1832649573175174	0.0	0.0	0.0	2.2506761369663906	0.0	3.6071260601111605	1.42236199997665	1.5259647487537051	0.4822573876919668
SRR36103445	0.7000243020888464	0.4780000138222654	0.0	0.0	0.0	0.0	1.4162402225413344	0.0	1.800637141138954	0.3016892316312705	1.8463967198528584	0.3016892316312705	0.0	2.908727205472497	0.0	4.719279046623689	0.4780000138222654	1.6140692435089823	0.0	0.0	0.0	2.6255964439431576	2.2613816327982343	0.0	0.0	0.7000243020888464	0.0	0.4780000138222654	0.3016892316312705	0.0	0.0	0.0	0.3016892316312705	0.0	0.0	0.0	0.0	0.0	0.3016892316312705	0.0	0.3016892316312705	4.76895559792597	0.0	1.6140692435089823	0.3016892316312705	2.2613816327982343	0.0	0.7792494217151054	0.6030484704012972	0.0	2.8676030220825055	0.6030484704012972	0.6030484704012972	1.6733873409390836	1.3436803550874565	0.0	0.3016892316312705	0.0	0.0	0.0	3.937428752045374	0.0	1.8208414763890441	0.0	0.0	0.0	0.7000243020888464	0.6030484704012972	2.3457037940280783	0.0	0.0	0.0	0.0	1.1151596227862846	0.0	0.4780000138222654	0.0	0.4780000138222654	0.3016892316312705	2.851961852548012	0.3016892316312705	0.0	0.0	0.0	0.0	0.7000243020888464	0.0	0.0	1.1151596227862846	0.0	0.7000243020888464	0.0	0.0	0.0	0.3016892316312705	0.4780000138222654	0.0	0.7000243020888464	0.0	0.3016892316312705	0.3016892316312705	0.0	0.0	0.0	0.0	0.0	1.5810664502016751	0.0	0.0	0.0	0.0	2.0306889561046635	0.0	1.0011859051942928	0.7000243020888464	0.7792494217151054	0.7000243020888464	0.7792494217151054	0.0	1.2053552303605146	1.3629881103888715	0.9554137935538912	0.0	0.0	0.3016892316312705	0.3016892316312705	0.0	0.0	0.0	0.7000243020888464	0.0	0.0	2.1715702997155018	0.0	0.6030484704012972	2.186000305613088	0.0	0.6030484704012972	0.3016892316312705	1.147351535674567	0.3016892316312705	1.1151596227862846	0.4780000138222654	0.0	0.0	2.0947285491175105	0.0	2.2443480043788435	1.2053552303605146	0.846227546902786	0.0
SRR36103446	0.5687012654404626	2.0487314616524115	0.0	0.0	0.8067575168191188	0.0	0.8067575168191188	0.0	0.8067575168191188	1.8693195952566402	1.5581726686494677	0.0	0.0	2.563569921210115	0.0	4.6195229200057994	0.5687012654404626	1.162005247068349	0.0	0.0	0.0	2.933613755732319	1.4878005099247802	0.0	0.0	1.4037779008007463	0.0	0.0	0.0	0.0	0.0	0.0	0.0	0.0	0.0	0.0	0.0	0.0	0.0	0.0	0.0	4.718131040092896	0.5687012654404626	2.642553396525583	1.23617309606785	1.671842671957296	0.5687012654404626	0.5687012654404626	0.5687012654404626	0.0	2.6452199183761196	0.0	0.0	1.23617309606785	2.378351984117905	0.0	0.0	0.0	0.0	0.0	4.045717701907086	0.5687012654404626	2.7338804119950737	0.0	0.0	0.0	1.23617309606785	2.798227835329857	2.8751073283959503	0.0	0.0	0.0	0.0	0.9596506460307337	0.0	0.5687012654404626	0.0	0.0	0.0	3.3917428023161333	0.5687012654404626	0.5687012654404626	0.0	0.0	0.0	0.0	0.0	0.0	1.589498510649178	0.0	1.0725084591656604	0.0	0.0	0.0	0.0	2.175321029220895	0.0	0.0	0.0	0.0	1.0725084591656604	0.0	0.0	0.5687012654404626	0.0	0.0	3.176630425007657	0.0	0.5687012654404626	0.0	0.0	0.0	0.0	1.7410346662593477	0.0	0.0	1.9144899233805204	0.9596506460307337	0.5687012654404626	1.4478180176353055	0.0	0.5687012654404626	0.0	0.0	0.0	1.299503120603092	0.0	0.0	0.0	0.0	0.0	0.5687012654404626	3.614282962500121	0.0	0.0	0.8067575168191188	0.0	0.0	0.0	0.8067575168191188	0.0	1.4478180176353055	0.0	0.0	0.0	0.5687012654404626	0.0	3.781397551929493	1.8188999112774973	1.7618483717724072	0.0
SRR36103447	1.4251252018340343	0.43259436715284083	0.7869631565197851	0.0	0.0	0.0	1.112391500834474	0.0	4.03254025933794	1.8407737125897858	3.8373387186039984	0.43259436715284083	0.0	3.4401937913991856	0.0	4.3133378502925215	0.0	2.793008452789265	0.0	0.6449624763394326	0.43259436715284083	2.138659206035015	1.9773640507852648	0.0	0.0	0.7869631565197851	0.0	2.2990466807476997	0.893797587586671	0.0	0.0	0.0	0.0	0.0	0.43259436715284083	0.0	0.0	0.0	0.0	0.0	0.7869631565197851	4.82420723867391	0.0	2.4890848901735634	1.112391500834474	2.9421681811378826	0.0	3.2500967484618277	0.0	0.0	3.2085616746364094	0.6449624763394326	0.6449624763394326	0.9794713155221335	2.3064337241739756	0.0	0.0	0.0	0.0	0.0	2.7759553132115484	0.7869631565197851	3.499945576615999	0.43259436715284083	0.0	0.0	0.7869631565197851	0.0	1.2140209110276254	0.0	0.0	0.0	0.0	1.9449302368413603	0.0	0.43259436715284083	0.0	1.3322755750279525	0.0	3.054298733575685	0.6449624763394326	0.43259436715284083	0.6449624763394326	0.0	0.0	1.2140209110276254	0.0	0.0	1.112391500834474	0.0	1.4521328694505484	0.0	2.587634081645237	0.43259436715284083	0.0	0.7869631565197851	0.0	0.0	0.0	0.0	1.1661722394866563	1.257117104435421	0.0	0.43259436715284083	0.0	0.0	0.6449624763394326	0.0	0.0	0.0	0.0	1.9927156501896919	0.0	1.673084156940321	1.6230825265539495	1.1661722394866563	0.43259436715284083	0.6449624763394326	0.0	0.6449624763394326	0.43259436715284083	0.893797587586671	0.0	0.0	0.0	1.1661722394866563	0.0	1.47755887853819	0.0	0.0	0.0	0.0	1.9006534404789968	0.0	1.112391500834474	1.6570481863374988	0.0	0.893797587586671	1.257117104435421	1.6570481863374988	0.0	1.3322755750279525	0.43259436715284083	0.0	1.5665658305516146	2.317283911503466	0.0	3.6004255184321465	2.6136714055525467	1.771297049014399	1.0509968781854575
SRR36103448	1.0382443403341344	0.0	0.0	1.394614679878241	0.6962006681812007	0.0	1.5407029745462821	0.0	2.18688969994974	1.5648312835772877	2.0259518456398125	0.0	0.0	3.0753576458419203	0.0	4.75460686402255	0.0	1.4880094441083296	0.0	0.0	0.474814702651152	3.1411122627601937	1.8478428977595487	0.0	0.0	1.3584146015920746	0.0	0.6962006681812007	0.474814702651152	0.0	0.474814702651152	0.0	0.0	0.0	0.0	0.0	0.0	0.0	0.0	0.0	0.474814702651152	4.713331670892265	0.0	1.4880094441083296	0.6962006681812007	3.0753576458419203	0.0	0.0	0.474814702651152	0.0	2.4751136129892033	0.6962006681812007	0.474814702651152	1.6094042466131149	1.5407029745462821	0.0	0.0	0.0	0.0	0.0	3.6635220289118102	0.0	2.0572636470862884	0.0	0.0	0.0	1.0382443403341344	0.474814702651152	2.6750612327558505	0.0	0.0	0.0	0.0	1.1107463926980692	0.0	0.474814702651152	0.0	0.8421302167607791	0.6962006681812007	2.9636190480899987	0.6962006681812007	0.0	0.0	0.0	0.0	0.0	0.0	0.474814702651152	2.0094065549872826	0.0	1.2754721922029473	0.0	0.8421302167607791	0.0	0.0	0.8421302167607791	0.0	0.474814702651152	0.0	0.0	0.9511643763649262	0.6962006681812007	0.0	0.0	0.0	0.0	2.729739256194082	0.474814702651152	0.0	0.0	0.0	1.8716431999165715	0.0	1.4880094441083296	0.0	0.0	1.8226622761804212	0.9511643763649262	0.0	2.0864689510832624	0.6962006681812007	1.1728586451458543	0.0	0.0	0.0	0.8421302167607791	0.0	0.474814702651152	0.0	0.8421302167607791	0.0	0.0	3.46295947253726	0.0	0.0	0.0	0.0	0.474814702651152	0.0	1.0382443403341344	0.0	1.0382443403341344	0.0	0.0	0.0	1.9922058892093055	0.0	2.9375537897441064	1.9922058892093055	1.752471435831981	0.0
SRR36103449	0.5009454649879352	3.180746433194083	0.0	0.3190195543015539	0.0	0.6287723930553528	1.3122308002842893	0.0	0.6287723930553528	0.6287723930553528	1.9793611070214279	1.6779457147309953	0.0	2.485392475773352	0.0	4.690545275889601	0.0	0.5009454649879352	0.5009454649879352	0.0	0.0	3.2878548976895674	2.2225642210527896	0.0	0.0	1.1116130395352684	0.0	0.9340989783604354	0.8754958292252688	0.0	0.5009454649879352	0.0	0.3190195543015539	0.0	0.5009454649879352	0.0	0.0	0.0	0.0	0.0	0.0	4.728188997916613	0.0	2.280583672822868	1.1465936252956466	3.41564154307883	0.0	1.5112542806207203	0.8754958292252688	0.5009454649879352	3.269761035205601	0.0	0.3190195543015539	2.255167494854743	1.5255312322799637	0.0	0.0	1.3345966842293828	0.0	0.0	2.5717234624372423	0.0	2.9742442888733303	0.0	0.0	0.0	1.5527498569047955	3.892892774044567	0.5009454649879352	0.0	0.0	0.0	0.0	0.9340989783604354	1.1465936252956466	0.0	0.0	1.2372614330342897	0.3190195543015539	2.601019261171854	1.3122308002842893	0.0	0.0	0.0	0.0	0.3190195543015539	0.0	0.0	1.5657450915264548	0.0	1.0318632318705567	0.0	0.0	0.0	0.3190195543015539	0.0	0.0	0.5009454649879352	0.0	0.3190195543015539	0.0	0.7274061461408914	0.0	0.0	0.0	0.3190195543015539	0.7274061461408914	0.0	0.0	0.0	0.0	0.3190195543015539	0.9857262862886509	0.3190195543015539	1.2372614330342897	0.0	3.4055770600743247	0.7274061461408914	0.0	2.14894622687409	0.5009454649879352	0.0	0.0	0.3190195543015539	0.0	0.0	0.0	0.3190195543015539	0.0	0.3190195543015539	0.0	0.5009454649879352	1.6141548595759676	0.0	0.0	0.8754958292252688	0.0	0.3190195543015539	0.0	1.0318632318705567	0.0	0.7274061461408914	0.0	0.3190195543015539	0.0	0.9340989783604354	0.0	0.9857262862886509	2.4681077818120034	1.3761438982813707	0.0
SRR36103450	0.2681538615555005	1.190925377094073	0.0	0.0	0.5517628241038982	0.0	1.5959201502135303	0.0	1.6732621825622092	1.2964928633177943	1.8017860622038775	0.0	0.0	2.408921974020861	0.0	4.833786009037737	0.0	2.6476995606051354	0.0	0.0	0.0	3.120530138117953	2.187237843730272	0.0	0.0	0.5517628241038982	0.0	0.5517628241038982	0.2681538615555005	0.0	0.9796341360641635	0.0	0.4327090874310727	0.0	0.2681538615555005	0.0	0.2681538615555005	0.0	0.0	0.0	0.0	4.616597927645036	0.0	2.0460669199235952	0.7218882405483169	1.6810635241128955	0.0	0.7218882405483169	0.0	0.0	2.278240460362714	0.0	0.4327090874310727	0.8438130397457273	2.099375034442683	0.0	0.0	0.0	0.0	0.0	2.6845010650802212	0.6451031747166508	2.6576046345093185	0.0	0.0	0.0	0.7871153422467857	2.371155864895995	2.2106972827068994	0.0	0.0	0.0	0.0	0.7871153422467857	0.2681538615555005	0.2681538615555005	0.0	0.9796341360641635	0.4327090874310727	2.8686554773482773	1.016869298869147	0.0	1.0829450357046924	0.0	0.2681538615555005	1.8017860622038775	0.0	0.0	2.3192472249102587	0.0	1.0829450357046924	0.2681538615555005	0.9389045991310367	0.0	0.5517628241038982	1.5132838193885574	0.0	0.7218882405483169	0.0	0.0	0.7218882405483169	0.5517628241038982	0.0	0.0	0.0	0.0	2.179945579006092	0.0	0.0	0.4327090874310727	0.0	1.2572889304432515	0.2681538615555005	1.166341722010892	0.5517628241038982	0.2681538615555005	1.396500552558185	0.7871153422467857	0.2681538615555005	0.5517628241038982	0.0	0.4327090874310727	0.0	0.0	0.0	1.016869298869147	0.0	0.7218882405483169	0.0	0.5517628241038982	0.0	0.2681538615555005	3.0498748578967527	0.0	0.8438130397457273	0.4327090874310727	0.0	0.0	0.2681538615555005	1.2362746845145407	0.0	1.190925377094073	0.0	0.0	0.0	1.9492992637336635	0.0	3.8837245241462526	2.562155131612585	1.2572889304432515	0.0
SRR36103451	0.7032293493095338	3.5317846258982057	0.0	0.7825871647219464	0.0	0.0	1.4822627295205268	0.0	0.0	0.48067360348626076	2.367022541966102	0.0	0.48067360348626076	2.6736922607353666	0.0	4.162743862914669	0.3036969775927774	0.9589725466190129	0.0	0.0	0.0	2.2305955066492764	1.686448799739237	0.0	0.0	0.9589725466190129	0.0	0.9589725466190129	0.48067360348626076	0.0	0.0	0.48067360348626076	0.0	0.0	0.0	0.0	0.0	0.0	0.0	0.0	0.0	4.9721396145614065	0.0	2.7805550777180508	1.0047888378524057	2.2039413205964045	0.0	3.763168106614214	0.48067360348626076	0.3036969775927774	3.2901966578638535	0.0	0.3036969775927774	1.452286916895592	2.009586727257106	0.0	0.3036969775927774	0.0	0.0	0.0	2.005264830117778	0.9077465121334833	2.2885913863809675	0.0	0.0	0.0	0.3036969775927774	2.349686043770348	1.046229626731072	0.0	0.0	0.0	0.3036969775927774	1.3853086525495675	0.0	0.6060543475804775	0.0	2.3191592489558785	0.3036969775927774	2.8416340971325633	0.0	0.0	1.2091072140230195	0.0	0.0	1.7976241209209716	0.0	0.0	1.3853086525495675	0.0	1.046229626731072	0.0	2.51315714348551	0.0	0.7032293493095338	0.0	0.0	0.0	0.0	0.0	0.0	0.849660031390584	0.0	0.0	0.0	0.0	0.849660031390584	0.0	0.0	0.0	0.0	0.6060543475804775	0.7032293493095338	1.0047888378524057	1.2837930260799677	0.48067360348626076	1.3853086525495675	1.046229626731072	0.0	0.0	0.7825871647219464	1.5614733490598525	0.0	0.0	0.0	1.452286916895592	0.0	1.1510680387139431	0.0	0.0	0.48067360348626076	0.0	2.4809711974600543	0.0	0.7032293493095338	0.849660031390584	0.48067360348626076	0.7825871647219464	0.0	1.9829856533420784	0.0	1.0840582699844912	0.0	0.0	0.0	2.6212549401805956	0.0	1.6679606054293532	1.729493822175792	0.9077465121334833	0.0
SRR36103453	0.612575969027039	0.8570957275759999	0.9786188912423777	0.0	0.0	0.0	1.4488273413252695	0.0	4.195715284281241	2.077367720350525	2.1352572187036527	0.2490783217092327	0.406373062877787	2.8636724882233002	0.0	4.646546435686921	0.2490783217092327	0.2490783217092327	0.0	0.0	0.0	2.872333220121249	2.054244756666845	0.0	0.0	1.3088361474375312	0.0	2.1019893535176846	0.2490783217092327	0.0	0.2490783217092327	0.2490783217092327	1.4242086537989311	0.0	0.2490783217092327	0.0	0.5215993960602351	0.0	0.0	0.2490783217092327	0.0	4.692485836734839	0.0	2.5623160081974	0.406373062877787	1.8726130604994953	0.0	2.1568813858655167	0.6877560687516425	0.0	2.8129393714238278	0.2490783217092327	0.5215993960602351	1.4242086537989311	1.8588671321839418	0.0	0.0	0.0	0.0	0.2490783217092327	3.2249439885688727	0.5215993960602351	2.9936132358077936	0.2490783217092327	0.0	0.2490783217092327	2.7851620969368316	0.0	1.0440936005177057	0.0	0.0	0.0	0.0	1.196333175964735	0.2490783217092327	0.0	0.0	0.901490210735705	0.0	2.36656925139732	1.2919951351545225	0.0	0.0	0.2490783217092327	0.0	1.5990690831266472	1.9470392968738948	0.0	1.151267502000699	0.0	0.8570957275759999	0.2490783217092327	1.716984617592857	0.2490783217092327	0.2490783217092327	0.9417645174455326	0.0	0.8076409707774709	0.0	0.406373062877787	1.4833213604583366	0.5215993960602351	0.0	0.0	0.0	0.0	1.829996897318957	0.0	0.0	0.0	0.0	0.0	0.406373062877787	1.8398350997719857	0.901490210735705	0.0	1.2562174750916364	1.0125889589303556	0.0	0.0	0.2490783217092327	0.5215993960602351	0.0	0.5215993960602351	0.0	0.5215993960602351	0.0	0.612575969027039	0.0	2.201396938999119	0.0	0.0	2.4967938426229326	0.0	0.7518221581920713	1.151267502000699	0.0	0.0	0.0	2.6389879732776595	0.406373062877787	1.3703423483064594	0.0	0.2490783217092327	1.525425753362075	2.036056976695056	0.0	3.8052853967732414	2.168445300471346	2.00726215167516	1.274474626391973
SRR36103454	0.47654887605249396	0.3006007824010258	0.0	0.0	0.6014160122568406	0.0	2.1664643318772923	0.0	2.564991303673955	1.3793882099689927	2.3608727226945105	0.6014160122568406	0.0	2.9366600336053645	0.3006007824010258	4.598620313670969	0.3006007824010258	0.6014160122568406	0.0	0.0	0.0	2.5708522854936917	1.9436335902318407	0.0	0.0	1.976873803540848	0.0	1.3002141274457613	1.1131506269753038	0.8443619859321548	0.3006007824010258	0.0	0.999227110446966	0.0	0.0	0.3006007824010258	0.0	0.0	0.0	0.0	0.0	4.841332128644084	0.0	2.020338635483483	1.0406119816187813	2.4689660790717083	0.0	1.0406119816187813	0.0	0.0	2.8127234580142315	0.3006007824010258	0.0	1.3002141274457613	1.6012226321820733	0.0	0.0	0.0	0.0	0.0	3.630788012592173	0.47654887605249396	3.07940749083303	0.0	0.3006007824010258	0.0	1.3971155442103664	0.9023385851766368	2.3335988800924605	0.0	0.0	0.0	0.3006007824010258	1.2296406379394478	0.47654887605249396	0.3006007824010258	0.0	1.078394030745441	0.0	2.9586604695241543	0.0	0.0	0.0	0.9534791701232015	0.0	0.8443619859321548	2.154483198180911	0.0	1.2544614125023719	0.0	0.9023385851766368	0.3006007824010258	2.5254829848789138	0.0	0.7774356591021482	1.5554675295547682	0.0	0.0	0.0	0.3006007824010258	0.999227110446966	1.078394030745441	0.0	0.0	0.0	0.0	2.224455547826011	0.0	0.0	0.0	0.0	0.3006007824010258	0.3006007824010258	1.4905305740995223	0.9534791701232015	0.0	1.6619176692928015	0.9023385851766368	0.0	0.6014160122568406	0.6982830593556925	0.3006007824010258	0.0	0.47654887605249396	0.0	1.1453305874087643	0.0	0.47654887605249396	0.0	1.715161024893034	0.0	0.7774356591021482	3.270983215132285	0.0	0.9534791701232015	1.8316627040457212	0.0	0.0	0.0	1.7473445273999264	0.3006007824010258	1.3609063615729426	0.0	0.0	0.0	2.036575533896323	0.0	3.3309735937185994	1.8442514701452326	1.517681139502493	0.3006007824010258
SRR36103455	1.31338694172723	0.26744958198568397	0.5506626656169522	0.6439198738233687	0.0	0.0	1.0497685952413618	0.0	4.107593838971071	1.8851087906661288	2.902307217574899	1.4762554968260684	0.4317444813807404	3.0762057060917036	0.0	4.314756221031345	0.26744958198568397	2.351914881879697	0.0	0.0	0.26744958198568397	3.7584367889786403	3.1116311959328113	0.0	0.0	1.8286106007452911	0.0	2.8559410743125517	1.1388632746900063	0.0	0.8926216607905951	0.26744958198568397	1.2348334116394946	0.0	0.5506626656169522	0.0	0.0	0.0	0.0	0.0	0.26744958198568397	4.760048344249824	0.0	2.103719002109515	0.7206487357039743	3.2099582746293907	0.26744958198568397	2.5134204165345104	0.5506626656169522	0.4317444813807404	2.9578518657180153	0.6439198738233687	0.4317444813807404	0.9375507773249814	2.041201351052776	0.0	0.0	2.5007704419458032	0.0	0.0	3.5328617296729456	0.0	2.9009162497470404	0.0	0.0	0.0	2.81661276216544	2.246360438284763	1.8286106007452911	0.4317444813807404	0.0	0.5506626656169522	0.0	1.6474845156590368	0.4317444813807404	0.0	0.0	1.2127550546756196	0.0	2.7516514758873516	1.0154864921987907	0.4317444813807404	0.26744958198568397	0.26744958198568397	0.0	0.4317444813807404	2.5995028785255654	0.0	1.1111473916459325	0.0	1.0497685952413618	0.5506626656169522	2.254665600209134	0.0	0.6439198738233687	1.6390798822796555	0.0	1.575198366091191	0.0	0.0	1.5002724780799772	0.9375507773249814	0.0	0.0	0.0	0.0	1.3950318343107706	0.0	0.7206487357039743	0.0	1.594428782648547	2.4326892648405645	0.6439198738233687	1.5849200052389696	1.295040073224465	0.9782645247049031	1.4096683301805353	1.2127550546756196	0.842502388874458	1.1649159903594877	0.5506626656169522	0.9375507773249814	0.0	0.26744958198568397	0.0	2.731547083719567	0.0	1.9130848844864434	0.0	1.7441033731242461	0.0	3.9924239524719733	1.6947585922629875	0.0	1.2127550546756196	0.785835304934511	0.0	0.4317444813807404	0.785835304934511	2.560629097926167	0.5506626656169522	0.9782645247049031	0.0	0.0	1.3479073769811802	1.7373881934063895	0.0	3.216968009425985	1.806095917067489	1.8654038946793778	1.081541424608739
SRR36103456	0.0	1.8752345058963071	0.0	0.0	0.0	0.0	1.6699112148834883	0.0	0.370327751600723	1.0707022511569035	2.4826587956479482	0.7022578052846593	0.0	2.3861059624665515	0.0	4.622317794642047	0.0	0.8881791051760695	0.0	0.0	0.5672613667875238	3.136682712980415	2.3979569353849577	0.0	0.0	0.7022578052846593	0.0	0.0	0.5672613667875238	0.0	0.0	0.0	0.370327751600723	0.0	0.0	0.0	0.0	0.0	0.0	0.0	1.485891272738486	4.626951608986356	0.0	2.655051506119226	1.2343143475400438	2.0916172801528354	0.0	0.8881791051760695	0.0	0.370327751600723	3.8693870044907404	0.370327751600723	0.370327751600723	1.1177347668735886	1.616790050615197	0.0	0.0	0.0	0.0	0.0	3.7388249657075656	0.5672613667875238	2.6715500413413045	0.0	0.0	0.0	3.0841273655281474	3.2824761977718118	1.8344202637140636	0.0	0.0	0.0	0.0	1.1601678773322703	0.0	0.0	0.0	0.0	0.0	2.6498463062477065	0.370327751600723	0.0	0.0	0.0	0.0	1.1177347668735886	0.0	0.370327751600723	1.4244565009658527	0.0	0.8881791051760695	0.370327751600723	1.4663629370128715	0.0	0.370327751600723	1.0179506651684163	0.0	0.5672613667875238	0.0	0.0	0.5672613667875238	0.370327751600723	0.0	0.370327751600723	0.0	0.0	1.485891272738486	0.0	0.5672613667875238	0.0	0.0	1.3528764072858084	0.370327751600723	1.0707022511569035	0.5672613667875238	0.0	1.378070266197866	0.9578940899042605	0.370327751600723	0.370327751600723	0.370327751600723	0.7022578052846593	0.0	0.0	0.0	1.9848238003567231	0.0	0.0	0.0	1.1988215593474156	0.0	0.0	3.0495555742782394	0.0	0.5672613667875238	0.8050925017790649	0.0	0.0	0.0	1.2343143475400438	0.0	1.1988215593474156	0.0	0.0	0.0	1.2343143475400438	0.0	4.262159972139394	2.478793959292278	1.5875758442169772	0.370327751600723
SRR36103458	0.5541903711060292	1.939940765469164	0.0	0.43483859542591635	0.5541903711060292	0.0	1.4285453024170016	0.0	1.5165520022202694	1.4285453024170016	1.8947370381515354	0.0	0.0	2.2969578244907094	0.0	4.870573990213052	0.2697101543810918	1.0860387066502242	0.0	0.2697101543810918	0.0	3.1566419969935313	1.9133868246774404	0.0	0.0	0.9826532464348814	0.0	0.9826532464348814	0.2697101543810918	0.0	0.0	0.0	0.7246218583481029	0.0	0.2697101543810918	0.2697101543810918	0.0	0.2697101543810918	0.0	0.0	0.0	4.468914924288567	0.0	2.1832945783987947	1.194080154750698	2.279634683540734	0.0	0.5541903711060292	0.43483859542591635	0.0	3.646070588052613	0.2697101543810918	1.0542351865808834	1.4422631786351165	1.6352966728915908	0.0	0.0	0.0	0.0	0.0	3.32957992281142	0.0	2.2297473060670745	0.0	0.0	0.0	1.6176262164176776	0.789937929694003	1.217357756546847	0.0	0.0	0.0	0.0	0.5541903711060292	0.0	0.0	0.0	0.0	0.2697101543810918	2.9708193275659984	0.5541903711060292	0.0	0.2697101543810918	0.2697101543810918	0.0	0.0	0.0	0.0	1.3356639726210051	0.0	1.0860387066502242	0.0	0.0	0.0	0.43483859542591635	1.368881004844881	0.0	0.2697101543810918	0.0	0.0	0.7246218583481029	0.5541903711060292	0.0	0.8467028070377047	0.0	0.0	1.7489169329781424	0.0	0.2697101543810918	0.0	0.0	0.2697101543810918	0.0	1.368881004844881	0.43483859542591635	0.0	1.5896946595671178	0.8467028070377047	0.2697101543810918	0.43483859542591635	0.2697101543810918	0.43483859542591635	0.0	0.0	0.0	1.3525899871227414	0.0	0.43483859542591635	0.0	0.6477133797102216	0.5541903711060292	0.0	3.235772775017531	0.0	0.2697101543810918	0.8467028070377047	0.0	0.0	0.43483859542591635	1.0542351865808834	0.0	1.0542351865808834	0.0	0.0	0.0	1.217357756546847	0.2697101543810918	3.758018209979289	3.4469634263980495	1.4422631786351165	0.2697101543810918
SRR36103459	0.5777093942567911	1.8369109846797689	0.0	1.0492288544773054	0.4555446900916405	0.0	1.1734622588836394	0.0	0.6729464426521995	0.9252287824125905	2.2812518580280674	0.0	0.2849488982683288	2.55501831961378	0.0	4.722255912619938	0.2849488982683288	2.0538582155198104	0.0	0.2849488982683288	0.0	3.136328805969902	1.5478980929704431	0.0	0.0	0.9706110505751854	0.0	0.0	0.5777093942567911	0.0	0.2849488982683288	0.2849488982683288	0.7510087879195606	0.0	0.0	0.2849488982683288	0.0	0.2849488982683288	0.0	0.0	0.8171545941020975	4.782618316603643	0.0	2.405094193579731	0.7510087879195606	2.489765852517781	0.4555446900916405	0.5777093942567911	0.7510087879195606	0.2849488982683288	3.375981271331263	0.4555446900916405	0.0	1.916991797064845	1.9071298301167607	0.0	0.0	0.6729464426521995	0.0	0.0	2.604787557801735	0.0	2.8405855614027966	0.2849488982683288	0.0	0.0	1.1455746933952486	0.9706110505751854	0.6729464426521995	0.0	0.0	0.0	0.4555446900916405	1.2910570599830973	0.0	0.0	0.0	0.8171545941020975	0.0	3.058562131935121	0.2849488982683288	0.0	1.0116964942768032	0.0	0.0	0.0	0.0	0.0	0.7510087879195606	0.0	1.0492288544773054	0.0	2.1377110989112507	0.0	0.6729464426521995	1.1157727374140962	0.0	0.5777093942567911	0.0	0.0	0.0	1.0116964942768032	0.2849488982683288	0.4555446900916405	0.0	0.0	0.4555446900916405	0.0	0.2849488982683288	0.0	0.0	0.2849488982683288	0.0	1.0837740574263632	1.0116964942768032	0.0	1.0116964942768032	0.9252287824125905	0.2849488982683288	0.5777093942567911	0.0	0.4555446900916405	0.0	0.0	0.2849488982683288	2.983867698060198	0.0	1.4454741374211295	0.0	0.2849488982683288	0.0	0.0	2.5997560347021977	0.0	0.2849488982683288	0.6729464426521995	0.0	0.0	0.0	1.4734321037303229	0.0	1.0492288544773054	0.2849488982683288	0.0	0.0	1.3998424091426722	0.0	3.2308740041080184	0.9252287824125905	0.9252287824125905	0.0
SRR36103460	0.0	2.9273900777908026	0.0	0.0	0.5255458911612334	0.0	0.9656031546004877	0.0	0.5255458911612334	1.3460556511283557	0.3378452048284952	0.0	0.0	2.7020431996018783	0.0	4.947338431040579	0.0	2.43030228481085	0.0	0.0	0.0	3.564885670203685	0.5255458911612334	0.0	0.0	1.410196795961014	0.0	0.0	0.3378452048284952	0.0	0.0	0.0	0.3378452048284952	0.0	0.0	0.0	0.0	0.0	0.0	0.0	0.0	4.026961250489491	0.0	2.0385323463969827	0.7564637897115649	1.4832069308161626	0.0	0.3378452048284952	0.0	0.0	1.5600024625227178	0.0	0.0	0.7564637897115649	1.3685051959107706	0.0	0.0	0.0	0.0	0.0	2.731474904045514	0.0	2.1774515989703582	0.0	0.0	0.0	0.5255458911612334	1.144458094680898	2.7343112794139515	0.0	0.0	0.0	0.0	0.3378452048284952	0.3378452048284952	0.0	0.0	0.0	0.0	3.710422695999827	0.5255458911612334	0.0	0.0	0.3378452048284952	0.0	0.0	0.0	0.3378452048284952	1.777040103389305	0.0	0.5255458911612334	0.0	0.0	0.0	0.0	1.8254799166495532	0.0	0.6561750006225949	0.0	0.0	0.5255458911612334	0.0	0.0	0.0	0.0	0.0	3.1665660959083555	0.0	0.0	0.0	0.0	0.0	0.0	1.0641734857637437	0.0	0.0	1.3460556511283557	0.3378452048284952	0.3378452048284952	0.5255458911612334	0.0	0.0	0.0	0.0	0.0	1.106168352690394	0.0	0.0	0.0	0.9656031546004877	0.0	0.0	2.979156409949254	0.0	0.0	0.8378830372832247	0.0	0.0	0.0	0.7564637897115649	0.0	0.0	0.0	0.0	0.3378452048284952	0.0	0.0	4.025035510854776	0.3378452048284952	1.1796438259798687	0.0
SRR36103461	0.483150484541921	3.6264303382442895	0.0	0.0	0.0	0.0	1.3308070752285377	0.0	0.6088370234036922	1.3703525863716657	0.3055597469847336	0.0	0.0	3.5041377726916254	0.0	4.941217423835094	0.0	0.7856747993013609	0.0	0.0	0.0	3.6736527888347354	0.0	0.0	0.0	0.9109863136808151	0.0	0.0	0.0	0.0	0.6088370234036922	0.483150484541921	0.3055597469847336	0.0	0.0	0.3055597469847336	0.0	0.0	0.0	0.0	0.0	4.090683292207968	0.0	2.4713799826325484	0.8528346439801837	1.5138838869240119	0.0	0.0	0.0	0.0	1.2389366500006465	0.0	0.0	0.3055597469847336	1.8781239082257448	0.0	0.3055597469847336	0.0	0.0	0.0	3.240731895692914	0.0	1.7078043143039967	0.0	0.0	0.0	0.6088370234036922	2.0658393438162723	1.8722133969377055	0.0	0.0	0.0	0.0	0.0	0.0	0.0	0.0	0.0	0.6088370234036922	3.586042367356661	0.483150484541921	0.0	0.0	0.3055597469847336	0.0	0.0	0.0	0.0	1.440046016928695	0.0	0.483150484541921	0.0	0.0	0.0	0.0	0.7856747993013609	0.0	0.3055597469847336	0.0	0.0	0.8528346439801837	0.0	0.0	0.0	0.0	0.0	1.6108496813330908	0.0	0.0	0.0	0.0	0.3055597469847336	0.0	1.0874500308073003	0.0	0.0	1.2872966242486075	0.7856747993013609	0.0	0.7061951004834766	0.0	0.0	0.0	0.3055597469847336	0.0	0.7856747993013609	0.0	0.3055597469847336	0.0	0.7061951004834766	0.0	0.0	3.099263550826658	0.0	0.483150484541921	0.3055597469847336	0.0	0.0	0.0	0.9622630243136402	0.0	0.3055597469847336	0.0	0.3055597469847336	0.0	0.0	0.0	3.6837801717956307	0.3055597469847336	1.388852165389626	0.3055597469847336
SRR36103462	0.0	2.254022301563641	0.0	0.0	0.0	0.0	0.723492336189581	0.0	0.433958330436938	0.26906658768795855	0.5531871090470202	0.0	0.0	2.335217959380684	0.0	4.925529715818042	0.0	0.9406561092494147	0.0	0.0	0.0	3.2765795965198263	0.5531871090470202	0.0	0.0	0.723492336189581	0.0	0.0	0.433958330436938	0.0	0.0	0.0	0.26906658768795855	0.0	0.0	0.0	0.0	0.0	0.0	0.0	0.0	4.3196418574072	0.26906658768795855	2.181911357676041	0.0	1.440921182357983	0.0	0.0	0.0	0.0	1.4918255288086695	0.0	0.0	0.0	0.7887717156482205	0.0	0.0	0.0	0.0	0.0	1.2591585648952697	0.433958330436938	2.0513517192461914	0.0	0.0	0.0	0.5531871090470202	0.26906658768795855	0.8455088903429457	0.0	0.0	0.0	0.0	0.26906658768795855	0.0	0.0	0.0	0.0	0.0	3.9047232138660686	0.0	0.0	0.0	0.26906658768795855	0.0	0.0	0.0	0.0	1.4542174736167326	0.0	0.0	0.0	0.26906658768795855	0.0	0.0	1.279207676083452	0.0	0.5531871090470202	0.0	0.0	0.0	0.0	0.0	0.0	0.0	0.0	0.9406561092494147	0.0	0.0	0.0	0.0	0.26906658768795855	0.0	0.0	0.0	0.0	0.26906658768795855	0.26906658768795855	0.433958330436938	0.433958330436938	0.0	0.0	0.0	0.0	0.0	1.279207676083452	0.0	0.0	0.0	0.8956829662182049	0.0	0.0	0.5531871090470202	0.0	0.0	0.0	0.0	0.0	0.0	0.0	0.0	0.0	0.0	0.0	0.0	0.0	0.0	3.928692137786267	0.26906658768795855	0.433958330436938	0.0
SRR36103463	0.0	0.0	0.482250238505841	0.0	0.0	0.0	1.469806664223476	0.0	3.424807438053304	1.6202693019531509	1.5515216828254155	0.0	0.0	2.712663900100111	0.0	4.610067187495838	0.0	0.7051175559870226	0.0	0.0	0.0	3.33828405410394	1.6409625301518835	0.0	0.0	2.644141273989125	0.0	1.9052017708989035	0.482250238505841	0.0	0.0	1.048371837312761	0.482250238505841	0.0	0.0	0.482250238505841	0.851681390518391	0.0	0.0	0.0	0.851681390518391	4.492752977450192	0.0	2.870388036272481	2.214449584443469	2.2886644942976018	0.0	0.0	0.482250238505841	0.0	3.4881065701679423	0.0	0.0	1.4053066967872787	2.131465405601646	0.0	0.0	0.0	0.482250238505841	0.0	3.765596793680901	0.0	1.9853144983721025	0.0	0.0	0.0	1.1210290048409768	0.7051175559870226	4.355683235468106	0.0	0.0	0.0	0.0	1.1832549952729412	0.0	0.0	0.0	0.0	0.0	2.6933969990588373	0.851681390518391	0.0	0.0	0.482250238505841	0.0	0.0	0.0	0.0	0.0	0.0	0.7051175559870226	0.0	0.7051175559870226	0.0	0.0	1.5985405376618869	0.0	0.0	0.0	0.0	2.8655956569411667	0.0	0.0	0.0	0.0	0.0	1.9266574114442645	0.0	0.0	0.0	0.0	0.7051175559870226	2.020434335416733	1.7318033201904828	1.6409625301518835	0.0	1.2376723591760836	0.0	0.0	0.851681390518391	0.482250238505841	0.0	0.0	0.0	0.0	1.8826308086069545	0.0	0.0	0.0	0.0	2.792275745328443	0.0	2.744053488755852	0.0	0.0	2.6401105060818706	0.0	0.0	0.0	0.7051175559870226	0.9610677815903201	1.2376723591760836	0.0	0.0	1.1832549952729412	1.994364277914146	0.0	3.998408490002192	1.8940629042723538	1.697711815247114	1.2860241657808462
SRR36103465	0.3353082983691987	0.0	0.0	0.0	0.0	0.0	1.8912072173970857	0.0	2.4256157098733673	1.1400929649989497	1.8208464653834577	0.7525875134508788	0.0	2.148326572829465	0.0	4.761502040427948	0.0	1.6773347386502846	0.0	0.0	0.0	3.0536510925008677	1.6773347386502846	0.0	0.0	1.0134285911885943	0.0	0.7525875134508788	0.6525135132997288	0.0	0.3353082983691987	0.0	0.0	0.0	0.0	0.0	0.0	0.3353082983691987	0.0	0.0	0.3353082983691987	4.690349139534297	0.0	1.9102697280238234	0.9614106720506654	1.632590460168821	0.0	1.425103553723618	0.0	0.0	1.1752523233778398	0.0	0.5222496955011294	0.3353082983691987	2.148326572829465	0.3353082983691987	0.0	0.0	0.0	0.0	2.9416062116830943	0.0	2.612416431826409	0.0	0.0	0.0	0.6525135132997288	3.3670472271179013	1.746010751405532	0.0	0.0	0.0	0.0	0.0	0.3353082983691987	0.0	0.0	1.2663214446513091	0.0	3.527825267894868	0.0	0.3353082983691987	0.0	0.0	0.0	0.3353082983691987	0.0	0.0	1.6442160753851205	0.0	1.1400929649989497	0.0	0.0	0.0	0.0	1.0598771596506815	0.0	0.3353082983691987	0.0	0.0	0.6525135132997288	0.0	0.0	0.0	0.0	0.0	2.4179579861010745	0.0	0.0	0.0	0.0	0.3353082983691987	0.3353082983691987	1.632590460168821	0.7525875134508788	0.0	1.2077772195930099	0.9614106720506654	0.3353082983691987	0.8338653504189651	0.0	0.3353082983691987	0.0	0.0	0.0	0.0	0.0	0.0	0.0	0.6525135132997288	0.0	0.0	3.0487074936045517	0.0	0.3353082983691987	0.3353082983691987	0.0	0.0	0.3353082983691987	1.8431767363970546	0.0	0.9023035322989346	0.0	0.0	0.0	1.97911387230972	0.0	3.8269118796230703	0.9023035322989346	1.2663214446513091	0.5222496955011294
SRR36103466	0.0	0.40695898215231485	0.0	0.0	0.40695898215231485	0.0	1.4376209481124225	0.0	0.6133047439639965	1.0134591827112884	1.4376209481124225	0.6133047439639965	0.0	2.238856408721698	0.0	4.586812273987838	0.0	1.5058172526078815	0.0	0.0	0.0	2.9696377239413705	2.021250652948009	0.0	0.0	0.9426181725268464	0.0	1.564743982159407	0.40695898215231485	0.0	0.0	0.0	0.40695898215231485	0.0	0.0	0.0	0.6133047439639965	0.0	0.0	0.0	0.6133047439639965	4.8279659415531215	0.0	2.242729079767823	0.40695898215231485	1.9592450940043737	0.0	1.8504054985706793	0.0	0.0	1.7550250009105843	0.40695898215231485	0.6133047439639965	0.40695898215231485	1.820879829518784	0.40695898215231485	0.0	0.0	0.0	0.0	3.3055127475248103	0.0	2.5741967461061486	0.0	0.0	0.0	0.40695898215231485	1.0134591827112884	1.0743490496547334	0.0	0.0	0.0	0.0	0.7526154012042162	0.40695898215231485	0.0	0.0	1.1277422166146978	0.0	3.4004400841188858	1.1752839365524856	0.0	0.0	0.0	0.40695898215231485	0.0	0.0	0.0	1.878051000176313	0.0	0.9426181725268464	0.0	1.6326235466431755	0.0	0.40695898215231485	1.0743490496547334	0.0	0.0	0.0	0.0	0.6133047439639965	0.0	0.0	0.40695898215231485	0.0	0.0	2.046201147509761	0.40695898215231485	0.0	0.0	0.0	0.0	0.40695898215231485	2.399580442372607	0.7526154012042162	0.40695898215231485	1.6629593197296628	0.7526154012042162	0.40695898215231485	0.6133047439639965	0.0	0.6133047439639965	0.0	0.0	0.0	0.6133047439639965	0.0	0.7526154012042162	0.0	0.0	0.0	0.40695898215231485	3.0987779234729067	0.0	0.6133047439639965	0.0	0.0	0.0	0.40695898215231485	2.3422190888750847	0.0	1.0134591827112884	0.0	0.0	0.40695898215231485	2.1981028213253695	0.0	3.973969000941405	0.8579256797405385	1.5459762903562881	0.8579256797405385
SRR36103468	1.2393007174522463	2.1396639765504637	0.0	0.0	0.0	0.0	1.527631175942198	0.0	0.3733725750281003	0.0	2.3008684121803196	0.48340986089767035	0.22563282981147323	2.893804671539796	0.22563282981147323	4.456779048370919	0.0	2.1996707946265746	0.0	0.0	0.3733725750281003	3.0318186293862124	1.8843363593013773	0.0	0.0	1.3952184115073003	0.0	2.471265509603813	1.2560270760227012	0.0	1.0227387769931997	0.22563282981147323	0.22563282981147323	0.0	0.5711272383796916	0.0	0.0	0.3733725750281003	0.0	0.0	0.48340986089767035	4.913571535699837	0.0	2.0049403525446436	0.22563282981147323	2.690922456447986	0.22563282981147323	3.3673933465677566	0.22563282981147323	0.0	3.018132050370454	0.3733725750281003	0.22563282981147323	0.22563282981147323	1.738930418445246	0.0	0.0	0.0	0.0	0.0	2.3537492871566297	0.5711272383796916	2.965717345596011	0.0	0.0	0.0	0.892791176215981	0.6440701501723719	1.7651107887018238	0.0	0.0	0.0	0.22563282981147323	1.585109354516	0.22563282981147323	0.8531667915579555	0.0	1.3447618346359729	0.3733725750281003	2.974276911635414	1.165097098967622	0.0	1.0997250018504652	0.0	0.0	0.706505478004746	2.2215296454437126	0.0	2.2052395131462665	0.0	1.3311753901532908	0.0	1.8131651327632068	0.0	0.22563282981147323	0.892791176215981	0.22563282981147323	0.6440701501723719	0.0	0.0	0.0	0.892791176215981	0.0	0.0	0.0	0.0	1.6750919089328689	0.22563282981147323	0.0	0.22563282981147323	0.0	1.7548272407923418	0.3733725750281003	1.3447618346359729	1.3311753901532908	0.706505478004746	0.6440701501723719	0.7610828046440252	0.0	0.22563282981147323	0.3733725750281003	0.892791176215981	0.0	0.0	0.0	0.706505478004746	0.0	1.7800934763659324	0.0	0.8095608249685006	0.22563282981147323	0.0	1.79457646863127	0.0	0.48340986089767035	1.6493361433126648	0.0	0.48340986089767035	0.9626072437659012	1.9839656914879238	0.22563282981147323	0.22563282981147323	0.0	0.22563282981147323	0.3733725750281003	2.2540355152555303	0.0	3.539809510115709	2.2179620543974714	1.0499456671913332	0.0
SRR36103469	0.0	3.2938443838679685	0.0	0.0	0.0	0.0	1.7967674166698884	0.0	0.0	0.42949936409414613	0.0	0.5481007172190373	0.0	2.674009217006861	0.0	4.7090999791181485	0.0	2.6832305054566956	0.0	0.0	0.0	3.546609342089712	0.6411634305794739	0.0	0.0	0.8394477948528006	0.0	0.0	1.1615917186595672	0.0	0.6411634305794739	0.0	0.0	0.0	0.0	0.0	0.0	0.2658120100338058	0.0	0.0	0.0	4.458152435162121	0.0	2.341735539457179	0.0	0.9343950455188207	0.0	0.42949936409414613	0.42949936409414613	0.0	2.6051404246283894	0.0	0.0	0.8895109890903183	1.8618833850119296	0.0	0.0	0.0	0.0	0.0	2.4152649033168574	0.0	2.995820396727584	0.0	0.0	0.0	0.8895109890903183	0.42949936409414613	2.0205215659741533	0.0	0.0	0.2658120100338058	0.0	0.0	0.0	0.0	0.0	0.6411634305794739	0.0	3.7842197109570637	0.0	0.0	0.0	0.2658120100338058	0.0	0.0	0.0	0.0	2.38158003197525	0.0	0.2658120100338058	0.0	0.0	0.0	0.0	1.4341012357325897	0.0	0.2658120100338058	0.0	0.8895109890903183	0.0	0.2658120100338058	0.0	0.0	0.0	0.0	1.1615917186595672	0.0	0.0	0.0	0.0	0.0	0.2658120100338058	0.8394477948528006	0.2658120100338058	0.0	0.2658120100338058	1.1078554127817364	0.0	0.0	0.0	0.2658120100338058	0.0	0.0	0.0	1.0465187100077278	0.0	0.0	0.0	0.0	0.0	0.2658120100338058	2.1256180767319504	0.0	0.2658120100338058	0.8895109890903183	0.0	0.0	0.0	0.7177607442174554	0.0	0.0	0.0	0.0	0.0	0.9343950455188207	0.0	4.416752325379217	3.507627983862763	0.7828524098131733	0.2658120100338058
SRR36103470	0.40115281244558537	3.537584629240851	0.0	0.0	0.24533533121739234	0.0	1.9987238746911664	0.0	1.1882631283887533	0.9341354522609281	0.0	0.0	0.0	2.005288452744377	0.0	4.667702549574676	0.0	1.1432579740178463	0.0	0.0	0.0	3.279785235246432	0.5155883394945238	0.0	0.0	1.2838156432260146	0.0	0.0	1.0048103365699672	0.40115281244558537	0.40115281244558537	0.0	0.0	0.0	0.0	0.0	0.0	0.0	0.0	0.0	0.0	4.2040120385288375	0.0	2.237034789667845	0.5155883394945238	0.8939576957016984	0.24533533121739234	0.24533533121739234	0.40115281244558537	0.0	2.960782872465004	0.0	0.0	1.7686779966554584	1.3898343112147318	0.0	0.0	0.0	0.0	0.0	2.8708824232799945	0.0	1.3761834401336865	0.0	0.0	0.0	0.6060722960559091	0.24533533121739234	4.383489295468191	0.0	0.0	0.0	0.24533533121739234	0.24533533121739234	0.0	0.0	0.0	0.40115281244558537	0.0	3.3077780625328095	0.40115281244558537	0.0	0.0	0.24533533121739234	0.0	2.0987204141955944	0.0	0.0	2.2891802776835064	0.0	0.40115281244558537	0.0	0.0	0.0	0.0	1.5554203270889426	0.0	0.0	0.0	0.0	0.40115281244558537	0.0	0.0	0.0	0.0	0.0	2.1777628276092185	0.0	0.0	0.0	0.0	0.0	0.0	0.7447379177653243	0.5155883394945238	0.0	1.0048103365699672	0.40115281244558537	0.0	0.24533533121739234	0.0	0.7447379177653243	0.0	0.24533533121739234	0.0	1.2838156432260146	0.0	0.0	0.0	0.0	0.0	0.0	2.718821818730021	0.0	0.0	2.494579503790966	0.0	0.0	0.0	0.6060722960559091	0.0	1.2838156432260146	0.0	0.0	0.0	0.24533533121739234	0.0	3.769610189933655	4.317888862235581	0.9709089699226572	0.24533533121739234
SRR36103472	0.0	1.155762291484111	0.0	0.0	1.5829641915751431	0.0	1.155762291484111	0.0	1.1279608538226806	2.4326987807275713	0.2759106150642962	0.0	0.0	1.748431273802739	0.0	4.921716561485251	0.0	2.141695653893227	0.0	0.0	0.0	3.6707807477189265	0.2759106150642962	0.0	0.0	1.8063143094756884	0.0	0.0	0.0	0.0	0.5638142048581354	0.2759106150642962	0.6580506472624879	0.0	0.0	0.8581291580843087	0.0	0.0	0.0	0.0	0.0	3.4573037443900128	0.0	0.8581291580843087	1.540691112254186	2.5010409038702117	0.2759106150642962	0.44329516614491826	0.0	0.0	1.540691112254186	0.0	0.0	0.5638142048581354	0.9536836127703161	0.0	0.0	0.0	0.0	0.0	3.925627942223459	0.0	0.0	0.0	0.0	0.0	1.3307153331793855	0.0	1.2931339429069308	0.0	0.0	0.2759106150642962	0.0	0.2759106150642962	0.0	0.0	0.0	0.0	0.0	2.542751131744089	1.2931339429069308	0.0	0.0	0.44329516614491826	0.0	0.0	0.0	0.735440325108308	1.2298571260251445	0.0	1.7552570859135117	0.6580506472624879	0.0	0.0	0.0	1.4938551550346415	0.0	0.0	0.0	0.8581291580843087	1.5727753870462167	0.0	0.0	0.0	0.0	0.0	2.031458302784867	0.0	0.0	0.0	0.44329516614491826	0.0	0.0	2.3376091628746827	0.44329516614491826	0.0	2.625941140709695	1.7552570859135117	0.6580506472624879	1.5829641915751431	0.44329516614491826	0.0	0.0	0.0	0.0	0.2759106150642962	0.0	0.0	0.0	0.735440325108308	0.0	0.0	4.324341506936846	0.0	0.0	0.0	0.0	0.0	0.0	0.6580506472624879	0.44329516614491826	0.0	0.2759106150642962	0.0	0.0	0.2759106150642962	0.0	3.0047906729438214	0.0	2.5471476786520793	0.6580506472624879
SRR36103473	0.0	3.3658845340105596	0.0	0.0	0.9472917206950178	0.0	1.4238286900842914	0.0	0.36352121103513924	1.6390809990679789	1.9216843272510227	0.21873465387012986	0.0	2.480278605953702	0.0	4.595472264102757	0.21873465387012986	3.209573475204403	0.0	0.0	0.0	2.990003507057351	1.8435420688462405	0.0	0.0	1.598032389686064	0.0	0.21873465387012986	0.47191862025253506	0.0	0.21873465387012986	0.47191862025253506	0.0	0.0	0.0	0.21873465387012986	0.0	0.0	0.0	0.0	0.21873465387012986	4.639324081295661	0.0	2.929532307185326	1.1876529571421417	1.9576165372108583	0.21873465387012986	0.36352121103513924	0.5585927240617694	0.36352121103513924	3.385750882777964	0.36352121103513924	0.0	1.510925709955231	2.0050863903958933	0.0	0.0	0.0	0.0	0.21873465387012986	3.3295022446010205	0.36352121103513924	2.7899141372031093	0.0	0.0	0.0	2.7753741914146897	2.6495644737458277	1.9576165372108583	0.0	0.0	0.0	0.0	0.7468917718039941	0.0	0.0	0.0	0.36352121103513924	0.0	3.483676801520281	0.6308134969888544	0.0	0.0	0.21873465387012986	0.0	1.149070396309322	0.0	0.21873465387012986	0.7950501751981423	0.0	1.0071766242185813	0.36352121103513924	0.36352121103513924	0.0	0.36352121103513924	1.3414795554290586	0.0	0.5585927240617694	0.0	0.0	0.877808085622519	0.21873465387012986	0.0	0.0	0.0	0.0	1.664438366350462	0.0	0.21873465387012986	0.0	0.0	1.9760310596264026	0.7950501751981423	1.7379095702813456	0.7468917718039941	0.5585927240617694	1.9007550082124927	1.1067229910849998	0.36352121103513924	1.0071766242185813	0.47191862025253506	0.6308134969888544	0.0	0.0	0.0	0.877808085622519	0.0	0.0	0.0	0.47191862025253506	0.0	0.0	3.587045648193091	0.0	0.21873465387012986	2.1936192856525487	0.0	0.47191862025253506	0.0	0.6308134969888544	0.0	1.3904283211094841	0.21873465387012986	0.0	0.36352121103513924	2.1936192856525487	0.0	4.3164210120623725	1.91481934882757	1.8353108800811444	0.0
SRR36103474	0.4572936317634893	3.6965056719720493	0.0	0.0	1.1848867531097957	0.4572936317634893	1.6666003529789704	0.0	1.218823173810343	2.0333859573340396	2.1047389784782937	0.351037706871579	0.0	2.4524081563167495	0.21006112521322995	4.530202586006283	0.21006112521322995	2.2419166363074408	0.0	0.0	0.351037706871579	2.8250670942965317	1.8216054185071282	0.0	0.0	1.2796467097591948	0.0	0.0	0.5425955891376057	0.0	0.21006112521322995	0.351037706871579	0.21006112521322995	0.0	0.0	0.6750658683186067	0.0	0.351037706871579	0.0	0.0	0.0	4.761817034148388	0.0	2.2403661788564793	1.4333795425408147	3.180959105495334	0.0	0.9583965782186412	0.0	0.21006112521322995	3.2181445930110777	0.5425955891376057	0.0	1.0862420134158919	1.8453849506865367	0.0	0.0	0.0	0.0	0.0	3.705166987096906	0.5425955891376057	1.9064477078540176	0.21006112521322995	0.0	0.0	2.173317800832208	3.4481485006474246	2.404059471374952	0.0	0.0	0.0	0.0	1.1668693457966275	0.21006112521322995	0.21006112521322995	0.0	1.1668693457966275	0.0	3.36349623081543	1.0635079576835806	0.0	0.21006112521322995	0.351037706871579	0.0	1.4233044332935807	0.0	0.6138620973097714	1.6547993677993549	0.0	1.3804901852018803	0.0	0.0	0.0	0.4572936317634893	1.5065309923697137	0.0	0.7287001570343405	0.351037706871579	0.0	1.2936089452980946	0.8585602811605257	0.0	0.0	0.0	0.0	1.6666003529789704	0.0	0.21006112521322995	0.0	0.21006112521322995	1.514865816136829	0.6750658683186067	1.988630062947727	1.0862420134158919	0.21006112521322995	2.6144176764633107	1.4233044332935807	0.21006112521322995	2.349646062518768	0.21006112521322995	0.7287001570343405	0.0	0.21006112521322995	0.0	0.21006112521322995	0.0	0.21006112521322995	0.0	0.4572936317634893	0.351037706871579	0.0	3.9305570077694814	0.0	0.21006112521322995	2.847896657695453	0.0	0.0	0.0	1.0141245223877453	0.4572936317634893	0.6750658683186067	0.21006112521322995	0.0	0.0	2.173317800832208	0.0	3.1275883143038374	2.189331611549558	2.1234339161612685	0.0
SRR36103475	0.366866608978288	3.526415457724725	0.0	0.0	0.0	0.0	1.193156316998893	0.0	0.366866608978288	0.9525143400326455	1.193156316998893	0.2210719242776896	0.0	2.296918195534133	0.2210719242776896	4.671712035549646	0.366866608978288	3.465861344118528	0.0	0.2210719242776896	0.2210719242776896	3.375301666070611	1.6178908577048792	0.0	0.0	1.9342564095611257	0.0	0.2210719242776896	0.6974149616559395	0.0	0.0	0.366866608978288	0.0	0.0	0.0	0.0	0.0	0.7517268030316204	0.0	0.0	0.0	4.770438194221593	0.0	2.7930109829800336	1.13386051601866	2.1284035306412603	0.0	1.418635169352018	0.47582577279496974	0.47582577279496974	2.9485846257502164	1.3339373731725255	0.0	1.5421790525916264	1.5421790525916264	0.0	0.2210719242776896	0.0	0.0	0.2210719242776896	2.1921193800809067	0.0	2.3691314810473805	0.0	0.0	0.0	1.3063597489986367	3.6628543659984683	0.7517268030316204	0.0	0.0	0.0	0.2210719242776896	1.0892937955817454	0.47582577279496974	0.366866608978288	0.0	0.7999953047592028	0.47582577279496974	2.7418298355718878	1.0396251591413312	0.2210719242776896	0.0	0.0	0.0	1.012484339577784	0.0	0.0	0.7999953047592028	0.0	1.1545384838731882	0.0	0.0	0.0	0.562857985582883	0.919107900324364	0.0	0.7517268030316204	0.0	0.47582577279496974	0.562857985582883	0.0	0.0	0.0	0.0	0.0	1.2112494626994232	0.0	0.2210719242776896	0.0	0.0	1.5421790525916264	0.7999953047592028	0.6353269673133005	0.9525143400326455	2.0023959958209128	2.510834618800712	1.1545384838731882	0.0	2.285120266507273	0.2210719242776896	0.9525143400326455	0.0	0.0	0.0	0.6353269673133005	0.0	0.47582577279496974	0.0	0.562857985582883	0.0	0.366866608978288	1.6639909340955576	0.0	0.6974149616559395	0.9835336458230657	0.0	0.2210719242776896	0.0	1.480039711848199	0.0	0.7517268030316204	0.2210719242776896	0.0	0.0	0.6974149616559395	0.0	3.0273056095554676	2.1326716742425287	1.5421790525916264	0.2210719242776896
