SAMPLE_ID	Acaryochloridaceae	Acetobacteraceae	Acholeplasmataceae	Acidaminococcaceae	Acidiferrobacteraceae	Acidimicrobiaceae	Acidithiobacillaceae	Acidobacteriaceae	Actinomycetaceae	Actinopolysporaceae	Aerococcaceae	Aeromonadaceae	Akkermansiaceae	Alcaligenaceae	Alcanivoracaceae	Alicyclobacillaceae	Alteromonadaceae	Amoebophilaceae	Anaerohalosphaeraceae	Anaerolineaceae	Anaeromyxobacteraceae	Anaplasmataceae	Aphanizomenonaceae	Aphanothecaceae	Aquificaceae	Ardenticatenaceae	Atopobiaceae	Aurantimonadaceae	Bacillaceae	Bacteriovoracaceae	Bacteroidaceae	Baekduiaceae	Barnesiellaceae	Beijerinckiaceae	Bernardetiaceae	Bifidobacteriaceae	Blattabacteriaceae	Borreliaceae	Brachyspiraceae	Bradymonadaceae	Bradyrhizobiaceae	Brevibacteriaceae	Bryobacteraceae	Burkholderiaceae	Caldilineaceae	Caldisericaceae	Calditrichaceae	Campylobacteraceae	Candidatus Brocadiaceae	Candidatus Chazhemtobacteraceae	Candidatus Desulfofervidaceae	Candidatus Methanomethylophilaceae	Candidatus Nanopelagicaceae	Candidatus Nanosynbacteraceae	Candidatus Paracaedibacteraceae	Cardiobacteriaceae	Carnobacteriaceae	Casimicrobiaceae	Caulobacteraceae	Cellulomonadaceae	Cellvibrionaceae	Chitinophagaceae	Chlamydiaceae	Chlorobiaceae	Chloroflexaceae	Christensenellaceae	Chromatiaceae	Chromobacteriaceae	Chroococcaceae	Chroococcidiopsidaceae	Chrysiogenaceae	Chthonomonadaceae	Clostridiaceae	Clostridiales Family XIII. Incertae Sedis	Clostridiales Family XVI. Incertae Sedis	Comamonadaceae	Conexibacteraceae	Coprothermobacteraceae	Coriobacteriaceae	Corynebacteriaceae	Coxiellaceae	Cyanobacteriaceae	Cyclobacteriaceae	Cytophagaceae	Deferribacteraceae	Dehalococcoidaceae	Deinococcaceae	Dermabacteraceae	Dermacoccaceae	Dermatophilaceae	Desulfobacteraceae	Desulfobulbaceae	Desulfohalobiaceae	Desulfomicrobiaceae	Desulfovibrionaceae	Desulfurellaceae	Desulfurobacteriaceae	Desulfuromonadaceae	Dietziaceae	Dysgonomonadaceae	Ectothiorhodospiraceae	Eggerthellaceae	Egibacteraceae	Egicoccaceae	Elusimicrobiaceae	Emcibacteraceae	Endomicrobiaceae	Enterobacteriaceae	Enterococcaceae	Entomoplasmataceae	Erwiniaceae	Erysipelotrichaceae	Eubacteriaceae	Euzebyaceae	Fervidobacteriaceae	Fibrobacteraceae	Fimbriimonadaceae	Flammeovirgaceae	Flavobacteriaceae	Francisellaceae	Frankiaceae	Fulvivirgaceae	Fusobacteriaceae	Gallionellaceae	Gemmatimonadaceae	Geobacteraceae	Gloeobacteraceae	Gloeomargaritaceae	Glycomycetaceae	Gottschalkiaceae	Hafniaceae	Hahellaceae	Halanaerobiaceae	Halieaceae	Haliscomenobacteraceae	Halobacteriovoraceae	Halobacteroidaceae	Halomonadaceae	Helicobacteraceae	Heliobacteriaceae	Holosporaceae	Hungateiclostridiaceae	Hydrogenothermaceae	Hymenobacteraceae	Hyphomicrobiaceae	Hyphomonadaceae	Idiomarinaceae	Ignavibacteriaceae	Ilumatobacteraceae	Intrasporangiaceae	Kofleriaceae	Kordiimonadaceae	Kosmotogaceae	Ktedonosporobacteraceae	Lachnospiraceae	Lacipirellulaceae	Lactobacillaceae	Legionellaceae	Leptospiraceae	Leptotrichiaceae	Leuconostocaceae	Limnochordaceae	Listeriaceae	Litoricolaceae	Marinifilaceae	Marinilabiliaceae	Mariprofundaceae	Melioribacteraceae	Methanobacteriaceae	Methanomassiliicoccaceae	Methylobacteriaceae	Methylococcaceae	Methylocystaceae	Microbacteriaceae	Microbulbiferaceae	Micrococcaceae	Microcoleaceae	Microcystaceae	Micromonosporaceae	Moraxellaceae	Morganellaceae	Moritellaceae	Muribaculaceae	Mycobacteriaceae	Mycoplasmataceae	Nakamurellaceae	Natranaerobiaceae	Nautiliaceae	Neisseriaceae	Nitrosomonadaceae	Nitrospiraceae	Nocardioidaceae	Nocardiopsaceae	Nostocaceae	Oceanospirillaceae	Odoribacteraceae	Opitutaceae	Orbaceae	Oscillatoriaceae	Oscillospiraceae	Oxalobacteraceae	Paenibacillaceae	Paludibacteraceae	Parachlamydiaceae	Parvularculaceae	Pasteurellaceae	Pectobacteriaceae	Pelagibacteraceae	Peptococcaceae	Peptoniphilaceae	Peptostreptococcaceae	Petrotogaceae	Phycisphaeraceae	Phyllobacteriaceae	Piscirickettsiaceae	Planctomycetaceae	Planococcaceae	Porphyromonadaceae	Prevotellaceae	Promicromonosporaceae	Propionibacteriaceae	Pseudanabaenaceae	Pseudoalteromonadaceae	Pseudomonadaceae	Pseudonocardiaceae	Puniceicoccaceae	Rhizobiaceae	Rhodanobacteraceae	Rhodobacteraceae	Rhodobiaceae	Rhodocyclaceae	Rhodospirillaceae	Rhodothermaceae	Rickettsiaceae	Rikenellaceae	Roseivirgaceae	Rubrobacteraceae	Ruminococcaceae	Salinisphaeraceae	Salinivirgaceae	Sandaracinaceae	Saprospiraceae	Schleiferiaceae	Scytonemataceae	Sedimentisphaeraceae	Selenomonadaceae	Shewanellaceae	Silvanigrellaceae	Sinobacteraceae	Sphaerobacteraceae	Sphingobacteriaceae	Sphingomonadaceae	Spirochaetaceae	Spiroplasmataceae	Spongiibacteraceae	Sporomusaceae	Staphylococcaceae	Streptococcaceae	Streptomycetaceae	Succinivibrionaceae	Sulfuricellaceae	Sutterellaceae	Symbiobacteriaceae	Synechococcaceae	Synergistaceae	Syntrophaceae	Syntrophomonadaceae	Tannerellaceae	Tenuifilaceae	Tepidanaerobacteraceae	Tepidiformaceae	Thermaceae	Thermoactinomycetaceae	Thermoanaerobacteraceae	Thermoanaerobacterales Family III. Incertae Sedis	Thermoanaerobacterales Family IV. Incertae Sedis	Thermodesulfobacteriaceae	Thermodesulfobiaceae	Thermoguttaceae	Thermomicrobiaceae	Thermosediminibacteraceae	Thermotogaceae	Thioalkalibacteraceae	Thiobacillaceae	Thiovulaceae	Tissierellaceae	Trueperaceae	Vallitaleaceae	Veillonellaceae	Verrucomicrobiaceae	Vibrionaceae	Vicinamibacteraceae	Vulgatibacteraceae	Weeksellaceae	Xanthobacteraceae	Xanthomonadaceae	Yersiniaceae	Zoogloeaceae
SRR36103296	0.5530766901371587	0.21572738209798217	1.0002933820328552	1.8559271012504552	0.21572738209798217	0.0	0.8711874053930595	0.0	1.5452701332406873	0.0	0.7406294086213824	0.7886433355142936	3.4740734311654875	1.4373847951311631	0.0	0.21572738209798217	1.0273535831044438	0.35920532963633756	0.21572738209798217	1.9405540235755836	0.0	0.0	0.0	0.0	0.0	0.21572738209798217	1.8360117824035689	0.0	2.235852520258695	0.0	3.806069438291465	0.21572738209798217	1.6380940083140605	0.0	0.21572738209798217	0.6249726176136609	0.46687051027315896	0.0	0.0	0.0	0.0	0.0	0.0	1.0002933820328552	2.0221026430439735	0.0	0.0	0.35920532963633756	0.0	0.0	0.0	0.0	1.6980468191184277	1.0273535831044438	0.0	0.0	2.1616917228246693	0.0	0.46687051027315896	0.0	0.0	0.97143440320339	0.0	0.5530766901371587	0.0	3.0281701593357373	0.0	0.21572738209798217	0.0	0.0	0.0	0.35920532963633756	3.4191596123738104	1.2486312180599475	0.0	0.6249726176136609	0.21572738209798217	0.0	2.0273811388935123	0.0	0.21572738209798217	0.21572738209798217	0.46687051027315896	1.6183662127480725	0.8318735154238818	0.35920532963633756	0.6866397538125066	0.0	0.21572738209798217	0.0	0.21572738209798217	0.0	0.0	0.21572738209798217	3.2008831418242596	0.35920532963633756	0.0	0.21572738209798217	0.21572738209798217	1.760527314048369	0.0	2.0194391401029606	0.0	0.0	3.0086215855619414	0.0	0.0	4.070168396199176	1.2159059336180558	0.0	1.5121993026534715	2.3519552003689297	3.3539398409083527	0.0	0.35920532963633756	0.0	0.0	1.3831011356361747	2.904499929798713	0.0	2.2949479791650993	0.5530766901371587	1.9562848514291984	0.0	0.0	0.0	0.0	0.0	0.35920532963633756	0.0	0.6866397538125066	0.21572738209798217	0.8318735154238818	0.0	0.0	0.0	0.5530766901371587	0.35920532963633756	0.97143440320339	0.35920532963633756	0.0	3.6998972985485477	0.0	0.21572738209798217	0.0	0.46687051027315896	0.0	0.21572738209798217	0.0	0.0	0.0	0.0	1.0273535831044438	0.35920532963633756	4.278550238887998	0.0	2.343169977176949	0.6866397538125066	0.0	1.4669706622729533	0.0	0.21572738209798217	0.6866397538125066	0.0	0.0	0.0	0.0	0.0	0.6249726176136609	0.0	0.0	0.21572738209798217	0.0	0.35920532963633756	0.0	0.21572738209798217	0.0	0.35920532963633756	0.0	1.1419761467971297	2.8290314037768507	1.0002933820328552	3.826122832647058	0.21572738209798217	1.0002933820328552	1.293514037142618	0.0	0.21572738209798217	1.2159059336180558	0.46687051027315896	0.0	0.0	0.0	0.0	0.9405203690853758	2.767269115163512	0.46687051027315896	0.0	0.0	4.055715193260117	1.6250422117737136	2.0503712133787473	1.6380940083140605	0.0	0.0	1.6183662127480725	1.7841221316185465	0.0	2.07456481813022	1.0996846796394335	0.8711874053930595	0.46687051027315896	0.21572738209798217	0.21572738209798217	0.0	2.0058709458703463	0.21572738209798217	1.8896234658337117	4.148419362156885	0.35920532963633756	0.0	0.0	0.0	1.3593336544727013	0.7406294086213824	1.1616714973555966	1.8400685767688663	0.0	0.6249726176136609	0.0	0.21572738209798217	0.6249726176136609	0.35920532963633756	0.0	2.0221026430439735	0.0	0.35920532963633756	3.848748183787741	0.0	0.0	0.21572738209798217	0.0	0.0	0.0	0.21572738209798217	0.7406294086213824	0.8318735154238818	0.0	0.0	0.0	2.4343230580011417	0.21572738209798217	0.21572738209798217	0.5530766901371587	0.21572738209798217	0.0	2.3911336298703656	2.1712138346945005	3.1078506262288847	0.35920532963633756	0.35920532963633756	1.1805122744238625	0.21572738209798217	0.35920532963633756	2.2293106936128053	0.0	1.0996846796394335	3.8887982749786705	0.6249726176136609	0.0	0.35920532963633756	0.7886433355142936	1.7145296464639883	0.7886433355142936	0.7406294086213824	0.5530766901371587	0.21572738209798217	1.8967693087031101	0.21572738209798217	1.4856310425121786	0.0	0.0	0.0	0.0	0.0	2.2438936206329205	0.0	0.97143440320339	2.43534962738792	1.232576745471896	1.7251806060910186	0.0	0.0	0.5530766901371587	0.21572738209798217	0.21572738209798217	1.750718360445273	0.46687051027315896
SRR36103297	0.22171016642950842	0.84480102187432	1.307879088835517	0.5640194281064284	0.0	0.4768902581677965	0.4768902581677965	0.0	1.5002667572775132	0.0	0.84480102187432	0.4768902581677965	3.765991993705971	1.307879088835517	0.0	0.5640194281064284	0.6986927937263702	0.84480102187432	0.0	3.4070444992389333	0.0	0.22171016642950842	0.0	0.0	0.4768902581677965	0.22171016642950842	1.8257334360682795	0.22171016642950842	2.4336910892198893	0.0	4.04511990604053	0.22171016642950842	0.36777879577341144	0.0	0.0	0.0	0.4768902581677965	0.0	0.0	0.22171016642950842	0.0	0.4768902581677965	0.0	1.4201724604863493	3.09249130241478	0.0	0.0	1.262913803219896	0.0	0.4768902581677965	0.5640194281064284	0.0	2.4772581496543182	1.041077659388603	0.0	0.4768902581677965	1.665554486836827	0.0	0.7530423001164865	0.0	0.0	0.84480102187432	0.0	0.6986927937263702	0.0	3.484949011212758	0.0	0.0	0.0	0.22171016642950842	0.0	0.0	3.3147138683408404	1.4519633656408961	0.0	1.2301227728761168	0.36777879577341144	0.0	2.5744570432444114	0.36777879577341144	0.0	0.22171016642950842	0.6365555521965833	1.5002667572775132	0.36777879577341144	2.7603277991610167	0.84480102187432	0.0	0.0	0.0	0.0	0.0	0.0	0.4768902581677965	3.1823535900467874	0.84480102187432	0.0	0.36777879577341144	0.36777879577341144	1.9555053329967114	0.0	2.5289992712776317	0.0	0.0	0.22171016642950842	0.0	0.0	3.300031697552317	1.729364540206927	0.0	0.8843052570536045	2.792279136351948	2.453482454798182	0.0	0.0	0.0	0.0	2.345355413628649	2.7075080743788753	0.0	0.7530423001164865	0.36777879577341144	1.4519633656408961	0.0	0.0	0.0	0.0	0.7530423001164865	0.22171016642950842	0.0	0.0	0.0	1.509314660533435	0.0	0.0	0.22171016642950842	0.8843052570536045	0.22171016642950842	0.84480102187432	0.84480102187432	0.22171016642950842	3.9154577156188948	0.22171016642950842	1.041077659388603	0.6986927937263702	0.22171016642950842	0.0	0.4768902581677965	0.0	0.0	0.0	0.0	1.431030063021735	0.5640194281064284	4.450851241132466	0.0	2.945942324413886	0.5640194281064284	0.0	1.575619851620826	0.0	0.0	0.4768902581677965	0.0	0.4768902581677965	0.0	0.0	0.0	1.321889262035832	0.0	0.0	0.0	0.0	0.4768902581677965	0.0	0.84480102187432	0.0	0.7530423001164865	0.0	1.2301227728761168	2.1405828071816453	0.6365555521965833	2.4830041210378773	0.5640194281064284	1.2127495091298737	2.2652592163816716	0.36777879577341144	0.4768902581677965	1.6194505375914854	0.36777879577341144	0.0	0.36777879577341144	0.0	0.22171016642950842	0.4768902581677965	2.45041684259844	1.2934018434030556	0.22171016642950842	0.22171016642950842	4.073237437045526	1.5181779042632144	2.979353915651901	1.830033365583119	0.0	0.0	2.031737946611931	1.1757678294700054	0.0	2.3239375574056793	1.677875514756658	1.090762036644856	0.36777879577341144	0.0	0.22171016642950842	0.0	1.7015160392670465	0.5640194281064284	2.06536061136149	2.741855340443894	0.0	0.36777879577341144	0.4768902581677965	0.0	1.5353795264026207	1.321889262035832	1.3738052012515372	1.3976073347008748	0.0	0.84480102187432	0.0	0.0	0.6365555521965833	0.36777879577341144	0.98496606414727	1.4416228271313065	0.0	1.194652190194468	3.989296091463792	0.0	0.0	0.36777879577341144	0.0	0.0	0.0	0.36777879577341144	1.9152333682799525	0.5640194281064284	0.0	0.0	0.0	2.516850410766552	0.0	0.0	0.8843052570536045	0.0	0.36777879577341144	2.5079597539737875	2.672059955208291	2.7192615881657187	0.22171016642950842	0.4768902581677965	0.8013405406887875	0.22171016642950842	1.090762036644856	2.398173526234304	0.0	1.4201724604863493	3.9960630015758336	0.36777879577341144	0.0	0.0	0.22171016642950842	2.003978265318191	0.9205138125473666	0.7530423001164865	0.5640194281064284	0.5640194281064284	2.08720110249486	0.0	1.2468276968712144	0.0	0.0	0.0	0.0	0.0	2.497045000001029	0.0	1.090762036644856	2.2393719238903973	1.5353795264026207	1.194652190194468	0.36777879577341144	0.0	0.8013405406887875	0.22171016642950842	0.0	0.98496606414727	0.0
SRR36103301	0.0	0.24380822939893174	0.24380822939893174	3.3816434000578504	0.0	0.0	0.3990178796400197	0.0	1.2058029825003371	0.0	0.24380822939893174	0.7973882887691072	3.0335046578991642	0.6034069125627851	0.0	0.24380822939893174	0.3990178796400197	0.0	0.0	1.9679173355689947	0.0	0.0	0.0	0.0	0.24380822939893174	0.0	1.1849473361381007	0.0	1.792402920916798	0.0	4.4926204100403515	0.5131268210662957	3.691325436483561	0.0	0.0	2.2822501241664788	0.0	0.0	0.0	0.0	0.0	0.0	0.0	0.7973882887691072	1.7239834733084682	0.0	0.0	0.741831851225911	0.0	0.0	0.0	0.0	0.24380822939893174	0.24380822939893174	0.0	0.0	1.846867418052479	0.0	0.0	0.3990178796400197	0.0	0.741831851225911	0.0	0.24380822939893174	0.0	3.0143141035856598	0.0	0.741831851225911	0.0	0.0	0.0	0.0	3.5658388330094852	0.890865478417486	0.0	3.3602049697021763	0.0	0.24380822939893174	3.113979504483343	1.2447306469562371	0.0	0.0	0.0	1.9311928197867791	0.24380822939893174	0.7973882887691072	0.24380822939893174	0.0	0.0	0.0	0.0	0.24380822939893174	0.0	0.3990178796400197	2.771907221859329	0.24380822939893174	0.0	0.0	0.0	1.3996633204781965	0.0	1.4715562591968185	0.0	0.0	0.24380822939893174	0.0	0.0	2.848284165394519	1.8825849906559367	0.0	0.6034069125627851	2.6486845535003547	1.3134614418098338	0.0	0.0	0.0	0.0	0.0	0.890865478417486	0.0	0.24380822939893174	0.3990178796400197	1.3441362203751748	0.0	0.0	0.0	0.0	0.0	0.0	0.0	0.0	0.24380822939893174	0.741831851225911	0.0	0.0	0.24380822939893174	0.3990178796400197	0.0	0.3990178796400197	0.3990178796400197	0.0	3.5119706544898692	0.0	0.3990178796400197	0.0	0.5131268210662957	0.0	0.0	0.0	0.0	0.0	0.0	0.5131268210662957	0.0	4.132811678516143	0.0	2.2770968199891017	0.0	0.0	0.741831851225911	0.0	0.0	0.0	0.0	0.5131268210662957	0.0	0.0	0.0	0.6781113058672319	0.0	0.0	0.0	0.0	0.3990178796400197	0.0	0.6781113058672319	0.0	0.0	0.0	0.846637038013503	1.5235327419735223	0.846637038013503	1.9643815174498642	0.0	0.7973882887691072	1.7301152674382168	0.0	0.3990178796400197	0.6034069125627851	0.0	0.0	0.0	0.0	0.0	0.3990178796400197	3.680540530013365	0.0	0.0	0.0	3.755396859629838	1.4603705079986729	1.3441362203751748	1.4249732420853711	0.0	0.0	1.033036771344373	1.2972713618564111	0.0	1.671538265988445	0.741831851225911	2.5086325286625817	0.0	0.0	0.0	0.0	0.6034069125627851	0.24380822939893174	0.7973882887691072	2.491044330242246	0.0	0.0	0.0	0.0	1.0623370186038459	0.6781113058672319	0.3990178796400197	1.2257028253466293	0.0	0.7973882887691072	0.0	0.0	0.3990178796400197	0.24380822939893174	0.0	3.9920115051172314	0.0	0.3990178796400197	4.138174492296266	0.0	0.0	0.0	0.0	0.0	0.0	0.0	0.0	0.0	0.0	0.0	0.0	0.5131268210662957	0.0	0.0	0.0	0.0	0.24380822939893174	1.3441362203751748	3.1154863150800662	2.953616002177143	0.5131268210662957	0.24380822939893174	0.24380822939893174	0.0	0.24380822939893174	2.443090770709267	0.0	0.741831851225911	3.5101557677777246	0.0	0.0	0.24380822939893174	0.0	1.4249732420853711	0.0	0.6034069125627851	0.0	0.0	1.5034822764768712	0.0	1.4488890211930572	0.3990178796400197	0.0	0.0	0.0	0.0	2.0017770552685303	0.0	1.0897848067219527	2.1764241790741847	1.2629596745245593	1.2058029825003371	0.0	0.0	0.24380822939893174	0.0	0.0	1.1156005091819035	0.0
SRR36103302	0.2874034107724576	0.0	0.4588557778474527	3.4271602830551338	0.0	0.0	0.9751556869536698	0.0	1.3713877627671254	0.0	0.0	0.5814563538960726	3.0438434487048656	1.2747628720821556	0.0	0.0	1.4503788232195323	0.0	0.0	2.0763342228187613	0.0	0.0	0.0	0.0	0.0	0.0	1.5641026270675913	0.0	1.688858321806206	0.0	4.544771141153068	0.5814563538960726	0.4588557778474527	0.0	0.0	1.1204712589040813	0.0	0.0	0.0	0.0	0.0	0.0	0.0	0.2874034107724576	1.7581037700126583	0.0	0.0	0.5814563538960726	0.0	0.0	0.0	0.0	0.2874034107724576	0.2874034107724576	0.0	0.0	0.4588557778474527	0.0	0.2874034107724576	0.0	0.0	0.7551967960009497	0.0	0.0	0.2874034107724576	3.0356634637380444	0.0	0.5814563538960726	0.0	0.0	0.0	0.2874034107724576	3.153309820439108	0.8214695797796097	0.2874034107724576	3.36024056161623	0.2874034107724576	0.0	3.2443944606462045	1.295884301861254	0.0	0.0	0.2874034107724576	2.189962612295632	0.4588557778474527	0.8789553350238946	0.8214695797796097	0.0	0.0	0.2874034107724576	0.0	0.0	0.0	0.0	2.8699686773832798	0.0	0.0	0.2874034107724576	0.0	0.929713744488935	0.0	1.0538631805596446	0.0	0.0	0.0	0.0	0.0	3.7554272386242085	1.3160259793891007	0.0	1.4503788232195323	2.516455130794259	1.2747628720821556	0.2874034107724576	0.0	0.0	0.0	0.7551967960009497	1.0538631805596446	0.0	0.2874034107724576	0.0	0.0	0.0	0.0	0.2874034107724576	0.0	0.0	0.0	0.0	0.0	0.2874034107724576	0.8214695797796097	0.0	0.0	0.0	0.2874034107724576	0.2874034107724576	1.0162900257568326	0.0	0.0	3.4568992882371843	0.0	0.4588557778474527	0.0	1.0162900257568326	0.0	0.0	0.0	0.0	0.0	0.0	0.0	0.0	4.038484630489116	0.0	2.93659606795104	0.5814563538960726	0.0	1.1782089989462068	0.0	0.0	0.2874034107724576	0.0	0.0	0.0	0.0	0.0	0.4588557778474527	0.0	0.0	0.4588557778474527	0.0	0.2874034107724576	0.0	0.4588557778474527	0.0	0.0	0.0	1.5857861673314504	1.926865523772617	1.464588579436715	1.3160259793891007	0.0	1.2291637019657065	1.529401517625274	0.0	0.4588557778474527	0.9751556869536698	0.0	0.0	0.0	0.0	0.0	1.2525614784600896	3.5577735463905658	0.0	0.0	0.2874034107724576	3.699526569307251	0.0	0.5814563538960726	1.0162900257568326	0.0	0.0	1.90206061664513	2.1278413576967874	0.0	1.4503788232195323	1.1204712589040813	1.4204835328302203	0.2874034107724576	0.0	0.2874034107724576	0.0	0.0	0.2874034107724576	0.4588557778474527	2.571167922046396	0.0	0.0	0.0	0.2874034107724576	1.688858321806206	0.5814563538960726	0.0	2.176604064587995	0.0	1.2525614784600896	0.0	0.5814563538960726	1.0162900257568326	0.2874034107724576	0.0	3.917037997299854	0.0	0.676957404267303	4.043526834773366	0.0	0.0	0.0	0.0	0.0	0.0	0.0	0.0	0.9751556869536698	0.0	0.0	0.0	0.4588557778474527	0.0	0.0	0.0	0.0	0.0	1.2525614784600896	2.934705908854582	3.877996910194406	0.929713744488935	0.0	0.0	0.2874034107724576	0.2874034107724576	2.3284572048730126	0.0	1.2747628720821556	3.4495809136097297	0.2874034107724576	0.2874034107724576	0.0	0.0	1.435688362961171	0.0	0.4588557778474527	0.0	0.0	1.3883772204740432	0.0	1.3352747843271968	0.0	0.0	0.0	0.0	0.0	2.109234641387128	0.0	0.929713744488935	2.1819968908401153	0.0	2.1514716774624505	0.4588557778474527	0.0	0.2874034107724576	0.0	0.2874034107724576	1.529401517625274	0.0
SRR36103303	0.0	0.23636561457875477	0.0	3.132651103950029	0.0	0.0	0.38856962984063137	0.0	0.8756323496772271	0.0	0.23636561457875477	0.38856962984063137	0.23636561457875477	0.7827041350960731	0.0	0.23636561457875477	0.5010532705541708	0.0	0.0	0.9521386361370954	0.0	0.0	0.0	0.0	0.0	0.0	1.099442372667492	0.0	1.742323687954223	0.0	4.489059143150169	0.8316490558386826	0.6643216617882163	0.0	0.0	0.38856962984063137	0.23636561457875477	0.0	0.0	0.0	0.0	0.23636561457875477	0.0	0.9521386361370954	1.1893885389293761	0.0	0.0	1.2806459421333551	0.0	0.0	0.0	0.0	0.23636561457875477	0.38856962984063137	0.0	0.0	1.8609878044774453	0.0	0.23636561457875477	0.0	0.0	0.23636561457875477	0.0	0.23636561457875477	0.38856962984063137	2.442962029864677	0.0	1.1237346870418672	0.0	0.0	0.0	0.0	3.0860282106688066	0.0	0.0	3.953779280011692	0.23636561457875477	0.0	3.1634716696611864	0.6643216617882163	0.0	0.0	0.0	1.5701450953421945	0.0	0.5010532705541708	0.7827041350960731	0.0	0.0	0.0	0.0	0.0	0.0	0.0	2.770691121255656	0.0	0.23636561457875477	0.0	0.0	1.0171646024749266	0.0	1.3419534664793507	0.0	0.0	0.0	0.0	0.0	2.690163709348882	0.727534143321408	0.0	0.5010532705541708	2.758264610710591	1.1237346870418672	0.0	0.0	0.0	0.0	0.0	0.7827041350960731	0.0	0.5010532705541708	0.0	0.38856962984063137	0.23636561457875477	0.0	0.0	0.0	0.0	0.0	0.0	0.0	0.38856962984063137	0.6643216617882163	0.0	0.0	0.0	0.0	0.0	0.7827041350960731	0.23636561457875477	0.0	2.780694921606104	0.0	0.23636561457875477	0.0	0.23636561457875477	0.0	0.0	0.0	0.0	0.0	0.0	0.727534143321408	0.0	4.588197721113347	0.0	2.8781893191355965	0.23636561457875477	0.0	0.5903150834044004	0.5010532705541708	0.0	0.23636561457875477	0.0	0.0	0.0	0.0	0.0	0.23636561457875477	0.0	0.0	0.0	0.0	0.23636561457875477	0.23636561457875477	0.7827041350960731	0.0	0.0	0.0	1.1237346870418672	1.2464082502761864	0.9858675087075026	1.654392615344246	0.23636561457875477	0.5010532705541708	1.6104741807612963	0.0	0.23636561457875477	0.5903150834044004	0.0	0.0	0.0	0.0	0.0	0.5903150834044004	1.9811603582532513	0.0	0.0	0.0	3.2912372270446397	0.23636561457875477	0.727534143321408	0.9155680088190793	0.0	0.0	1.661299203376753	1.4319982581452562	0.0	1.2464082502761864	0.38856962984063137	2.77228606897948	0.23636561457875477	0.0	0.23636561457875477	0.0	0.0	0.23636561457875477	0.0	1.961016724447854	0.0	0.0	0.0	0.0	1.046357111457173	0.8316490558386826	0.0	1.586728767987807	0.0	0.727534143321408	0.0	0.23636561457875477	0.5010532705541708	0.0	0.0	3.3618090836281516	0.0	0.0	4.042268597406317	0.0	0.0	0.0	0.0	0.0	0.0	0.0	0.0	0.38856962984063137	0.0	0.0	0.0	0.0	0.0	0.0	0.0	0.0	0.0	0.9521386361370954	2.34132027547929	3.193659307044033	0.5903150834044004	0.23636561457875477	0.0	0.0	0.0	1.046357111457173	0.0	0.9155680088190793	3.587714558566054	0.0	0.0	0.0	0.0	1.3123806228912223	0.0	0.23636561457875477	0.0	0.0	1.4434631698072122	0.23636561457875477	1.168587525509132	0.0	0.0	0.23636561457875477	0.0	0.0	0.6643216617882163	0.0	0.8756323496772271	2.3554044897562907	0.23636561457875477	1.544018178281667	0.0	0.0	0.5903150834044004	0.0	0.23636561457875477	1.1237346870418672	0.0
SRR36103332	0.21226479865678272	0.0	0.8994477065946935	2.953229092478001	0.0	0.0	1.0447214376436962	0.0	1.4388929588824977	0.0	0.5466856374588092	2.4192455130292942	2.5450729705060975	3.033446296353729	0.0	0.3542197857709399	1.5035754955382021	0.21226479865678272	0.0	2.1125349909210382	0.0	0.0	0.0	0.4610284506053708	0.0	0.21226479865678272	0.5466856374588092	0.0	2.193267332671799	0.0	3.7607518112158482	0.5466856374588092	3.1351157959469687	0.0	0.0	1.1722050704148494	0.0	0.0	0.3542197857709399	0.21226479865678272	0.0	0.21226479865678272	0.0	0.781203579249836	1.999806657305893	0.0	0.0	0.6181996820802291	0.0	0.0	0.0	0.0	0.0	0.3542197857709399	0.0	0.0	1.3970881404715148	0.0	0.0	0.4610284506053708	0.0	0.4610284506053708	0.0	0.0	0.5466856374588092	3.35069572329736	0.0	0.0	0.0	0.0	0.0	0.0	2.7462805885470325	1.0447214376436962	0.0	2.6714554458440696	0.4610284506053708	0.21226479865678272	1.350826399784063	1.207552348655783	0.8634952064877897	0.0	0.0	2.147039206939965	0.21226479865678272	1.4388929588824977	0.3542197857709399	0.0	0.0	0.0	0.0	0.0	0.0	0.0	1.8586739728207262	0.3542197857709399	0.7333600561650138	0.21226479865678272	0.0	0.5466856374588092	0.0	0.7333600561650138	0.21226479865678272	0.0	0.0	0.0	0.21226479865678272	3.7222442520029304	1.190238225204505	0.0	1.4388929588824977	2.890357678203013	2.9361297354109523	0.21226479865678272	0.0	0.0	0.0	1.683692876465878	1.0192968813378107	0.0	3.320885822220286	0.3542197857709399	1.3745729634172035	0.0	0.0	0.0	0.0	0.0	0.0	0.0	0.21226479865678272	0.3542197857709399	1.0192968813378107	0.0	0.0	0.0	0.6181996820802291	0.0	1.153390566232753	0.6181996820802291	0.0	3.6482579916990785	0.21226479865678272	0.8634952064877897	0.0	0.7333600561650138	0.0	0.0	0.8242955968852741	0.0	0.0	0.0	0.3542197857709399	0.0	4.3281817191347685	0.0	1.6779848951118854	0.8994477065946935	0.0	0.6795858233112253	0.0	0.0	0.0	0.21226479865678272	0.21226479865678272	0.0	0.0	0.0	0.4610284506053708	0.0	0.0	0.21226479865678272	0.0	0.781203579249836	0.0	1.4583771805321402	0.0	0.0	0.0	1.4770246656418442	1.8106307634224874	1.5890262765710452	1.1722050704148494	0.7333600561650138	1.3125789210776326	0.0	0.0	0.4610284506053708	1.672200892855035	0.3542197857709399	0.0	0.0	0.0	0.0	0.8242955968852741	3.4655512450844648	0.6795858233112253	0.0	0.0	3.452326611425331	0.781203579249836	1.7613720496354237	1.255702323773864	0.0	0.0	2.95078336681366	2.1125349909210382	0.0	1.7566040708314734	0.5466856374588092	2.0132878975374675	0.0	0.0	0.21226479865678272	0.0	0.0	0.3542197857709399	0.4610284506053708	4.242436652847592	0.0	0.21226479865678272	0.6181996820802291	0.0	1.648262336510526	1.207552348655783	0.21226479865678272	2.116739503053779	0.0	1.4388929588824977	0.0	0.4610284506053708	1.2706348936542253	0.0	0.21226479865678272	3.6248745987116178	0.0	0.21226479865678272	4.279713779095135	0.21226479865678272	0.0	0.0	0.0	0.0	0.3542197857709399	0.0	0.6181996820802291	0.9634934827063989	0.0	0.0	0.0	0.5466856374588092	0.4610284506053708	0.0	0.0	0.0	0.0	1.385976442710511	2.555099988270092	3.862520116382848	0.0	0.5466856374588092	0.781203579249836	0.0	0.0	1.3970881404715148	0.0	1.4860565037908247	3.3179997736135993	0.0	0.0	0.3542197857709399	0.8994477065946935	2.110417371330581	0.0	0.5466856374588092	0.21226479865678272	0.21226479865678272	0.4610284506053708	0.21226479865678272	1.207552348655783	0.0	0.0	0.0	0.0	0.0	1.385976442710511	0.0	0.7333600561650138	3.1367171885057346	1.1722050704148494	2.154774414956449	0.6181996820802291	0.21226479865678272	0.8634952064877897	0.0	0.21226479865678272	1.6543718116546724	0.3542197857709399
SRR36103335	0.0	0.0	0.47634601322514236	2.6373285531679596	0.0	0.0	0.5634256437754868	0.0	1.639013336359897	0.0	1.1938875730096028	2.0282312830470777	2.00886512259605	1.2926266053882296	0.0	0.0	1.2119827605924482	0.0	0.0	2.3063383946983156	0.22138377080165117	0.0	0.0	0.0	0.0	0.22138377080165117	0.9842338558391565	0.0	2.5332892100043627	0.0	4.156645917802673	0.36731237734666633	3.1913118923752677	0.0	0.0	1.0900115319825736	0.0	0.0	0.36731237734666633	0.22138377080165117	0.0	0.36731237734666633	0.0	0.36731237734666633	1.846014381605699	0.0	0.0	2.014486989734178	0.0	0.22138377080165117	0.22138377080165117	0.0	0.0	1.229354060133927	0.0	0.22138377080165117	1.96420774905095	0.0	0.6359274652476624	0.0	0.0	0.6980395483418884	0.0	0.0	0.22138377080165117	3.2646766653221486	0.22138377080165117	0.47634601322514236	0.0	0.0	0.0	0.0	3.253868429089818	1.3346824833177657	0.0	3.0693680121502442	0.0	0.0	1.6045296156769	0.8441010465350591	1.5591739228407497	0.0	0.0	1.9514806351955156	0.22138377080165117	0.7523698141110795	0.22138377080165117	0.0	0.0	0.0	0.0	0.0	0.0	0.0	1.373022932282482	0.6359274652476624	0.36731237734666633	0.0	0.0	0.8441010465350591	0.0	0.8006528636068307	0.0	0.0	0.36731237734666633	0.0	0.0	3.3316121514912793	1.6455932805220237	0.0	1.3071024869088517	2.079232246227065	2.536659089897272	0.0	0.0	0.0	0.0	1.2119827605924482	0.9842338558391565	0.0	3.3771744313526004	0.5634256437754868	2.470621055613982	0.0	0.0	0.0	0.0	0.0	0.22138377080165117	0.0	0.0	0.22138377080165117	1.155265086434134	0.0	0.0	0.0	0.47634601322514236	0.22138377080165117	1.0900115319825736	0.47634601322514236	0.22138377080165117	3.542615369400515	0.0	0.8441010465350591	0.0	0.47634601322514236	0.0	0.0	0.0	0.0	0.0	0.0	0.7523698141110795	0.0	4.324933469782442	0.0	1.1750055330692843	0.6980395483418884	0.0	2.0934335646853337	0.0	0.0	0.22138377080165117	0.0	0.0	0.0	0.0	0.0	0.36731237734666633	0.0	0.0	0.0	0.0	0.22138377080165117	0.22138377080165117	1.6116488871910664	0.0	0.0	0.0	1.2621415905812685	1.7392204879262148	1.3606151008866876	1.3606151008866876	0.8835951217990328	1.0900115319825736	0.0	0.0	0.47634601322514236	1.9673320928204652	0.0	0.0	0.0	0.0	0.22138377080165117	0.8835951217990328	3.0940069053219896	1.0403351942088546	0.0	0.0	3.51966971867767	0.47634601322514236	2.107185170354921	2.1270290815507003	0.0	0.0	3.122144566201701	1.9944835797185336	0.0	2.0060266611115054	1.2926266053882296	0.8835951217990328	0.0	0.0	0.0	0.0	0.22138377080165117	0.0	0.47634601322514236	4.303965824654475	0.0	0.22138377080165117	0.0	0.0	1.574824733506274	0.9532085462853168	0.0	1.885342472213669	0.0	1.1128695721370554	0.0	0.5634256437754868	0.8441010465350591	0.0	0.22138377080165117	3.5563040399174173	0.0	0.36731237734666633	4.238311348777019	0.0	0.0	0.22138377080165117	0.0	0.0	0.0	0.0	1.1938875730096028	0.7523698141110795	0.0	0.0	0.0	0.22138377080165117	0.0	0.0	0.0	0.0	0.0	1.0900115319825736	2.7049874988404605	3.5676251449346896	0.36731237734666633	0.6359274652476624	0.0	0.0	0.36731237734666633	0.36731237734666633	0.0	1.40825147360477	3.0876821303437993	0.22138377080165117	0.0	0.22138377080165117	0.22138377080165117	1.6584614395490787	0.22138377080165117	0.22138377080165117	0.36731237734666633	0.0	0.47634601322514236	0.22138377080165117	0.36731237734666633	0.0	0.0	0.0	0.0	0.0	0.7523698141110795	0.0	1.013189778946815	3.3787466474775822	0.22138377080165117	1.8418783709120126	0.5634256437754868	0.0	1.155265086434134	0.0	0.0	1.7697083741585085	0.0
SRR36103336	0.0	0.0	0.0	2.995339746957316	0.0	0.0	0.0	0.0	0.6317964937568147	0.0	0.0	0.0	1.1502623260925493	0.8789211555113288	0.0	0.0	0.0	0.0	0.0	0.6317964937568147	0.0	0.0	0.0	0.0	0.0	0.0	0.0	0.0	1.8019938478572504	0.0	3.7098216763061473	1.379927822027543	2.2348735623181315	0.0	0.0	0.0	0.6317964937568147	0.0	0.0	0.0	0.0	0.6317964937568147	0.0	0.0	1.2409830186922761	0.0	0.0	0.0	0.0	0.6317964937568147	0.0	0.0	0.0	0.8789211555113288	0.0	0.0	2.1819577658160325	0.0	0.0	0.0	0.0	0.0	0.0	0.6317964937568147	0.0	2.076295169142726	0.0	0.0	0.0	0.0	0.0	0.0	2.7047127963823043	0.0	0.0	0.0	0.0	0.6317964937568147	2.1323319987201543	0.6317964937568147	0.6317964937568147	0.0	0.0	1.67180840603564	0.0	0.0	0.0	0.0	0.0	0.0	0.0	0.0	0.0	0.0	0.6317964937568147	0.0	0.0	0.0	0.0	0.8789211555113288	0.0	0.0	0.0	0.0	0.0	0.0	0.0	2.4101210762061283	0.8789211555113288	0.0	0.0	0.0	0.8789211555113288	0.6317964937568147	0.0	0.0	0.0	0.0	0.6317964937568147	0.0	0.0	0.0	0.0	0.0	0.0	0.0	0.0	0.0	0.0	0.0	0.0	0.0	0.0	0.0	0.0	0.0	0.0	0.0	0.0	0.0	0.0	2.777131569815179	0.0	0.0	0.0	0.0	0.0	0.0	0.0	0.0	0.0	0.0	0.6317964937568147	0.0	4.473908035657248	0.0	1.3159884977886933	0.0	0.0	0.0	0.0	0.0	0.0	0.0	0.6317964937568147	0.0	0.0	0.0	0.0	0.0	0.0	0.0	0.0	0.0	0.0	0.0	0.0	0.0	0.0	0.6317964937568147	0.8789211555113288	0.0	1.1502623260925493	0.0	0.6317964937568147	0.0	0.0	0.0	0.0	0.0	0.0	0.0	0.0	0.0	0.0	0.6317964937568147	0.0	0.0	0.0	2.558927497022068	0.0	0.0	0.0	0.0	0.0	0.6317964937568147	0.0	0.0	0.0	0.6317964937568147	0.8789211555113288	0.0	0.0	0.0	0.0	0.0	0.0	0.0	4.627270536957651	0.0	0.0	0.0	0.0	0.0	0.0	0.0	0.0	0.0	0.8789211555113288	0.0	0.0	0.6317964937568147	0.0	0.0	3.211206371590933	0.0	0.0	4.380269520037725	0.0	0.0	0.0	0.0	0.0	0.0	0.0	0.0	0.0	0.0	0.0	0.0	0.6317964937568147	0.0	0.0	0.0	0.0	0.0	0.0	1.035447054020015	1.95256915489458	0.8789211555113288	0.0	0.0	0.0	0.0	1.1502623260925493	0.0	0.8789211555113288	3.2925298762951254	0.0	0.0	0.0	0.0	0.0	0.0	0.6317964937568147	0.0	0.0	0.0	0.0	0.0	0.0	0.0	0.0	0.0	0.0	0.0	0.0	0.0	1.035447054020015	0.0	0.8789211555113288	0.0	0.0	0.0	0.0	0.0	0.6317964937568147	0.0
SRR36103337	0.0	0.0	0.3439284060855335	2.7262069984206607	0.0	0.0	0.6649165953095215	0.0	1.636161069485335	0.0	1.3567433591717442	0.5334265109880099	0.7657104985942407	2.205227599107938	0.0	0.0	0.9162351472776818	0.0	0.0	0.0	0.0	0.0	0.0	0.0	0.0	0.0	2.614473110368299	0.0	1.5417531963284943	0.0	3.6048809644984634	0.0	2.30420686842441	0.0	0.0	2.489885945653819	0.0	0.0	0.0	0.0	0.0	0.0	0.0	1.1900987769008688	0.3439284060855335	0.0	0.0	1.2530221253025373	0.0	0.0	0.0	0.0	0.5334265109880099	0.8474618416320322	0.0	0.0	2.6080547484759533	0.0	0.0	0.0	0.0	0.0	0.0	0.0	0.3439284060855335	0.975591957691737	0.0	0.0	0.0	0.0	0.0	0.0	2.9516551908093143	1.556562786644816	0.0	1.2226990476239288	0.0	0.0	3.1856826867128523	0.975591957691737	0.0	0.0	0.0	1.6481166184059075	0.5334265109880099	0.5334265109880099	0.3439284060855335	0.0	0.0	0.0	0.0	0.0	0.0	0.0	1.7236900223637401	0.0	0.0	0.0	0.0	0.6649165953095215	0.0	1.9948400260337051	0.0	0.0	0.6649165953095215	0.0	0.0	3.213501278259115	1.893700797629142	0.0	1.0744056019206445	1.9003488284590675	1.3079718395992987	0.0	0.0	0.3439284060855335	0.0	0.3439284060855335	1.1900987769008688	0.0	0.0	0.0	4.62732935904687	0.0	0.0	0.0	0.0	0.0	0.0	0.0	0.0	0.3439284060855335	0.3439284060855335	0.0	0.0	0.0	0.0	0.0	0.7657104985942407	0.0	0.0	1.3567433591717442	0.0	0.0	0.0	0.3439284060855335	0.0	0.0	0.0	0.0	0.0	0.0	1.154851315565395	0.0	3.6758690416953765	0.0	3.175299228215177	0.3439284060855335	0.0	1.5847479459756266	1.7880413076456683	0.0	0.7657104985942407	0.0	0.3439284060855335	0.0	0.0	0.0	0.0	0.0	0.0	0.3439284060855335	0.0	0.0	0.0	2.0768180405790653	0.0	0.0	0.0	1.2530221253025373	1.4940295670900448	1.027803083011695	0.5334265109880099	0.6649165953095215	0.9162351472776818	0.3439284060855335	0.0	0.0	1.4590264666130357	1.7616205395611504	0.0	0.0	0.0	0.0	0.6649165953095215	1.636161069485335	0.0	0.0	0.0	1.6481166184059075	3.020871605793719	0.3439284060855335	1.5981829960603067	0.0	0.0	2.0768180405790653	1.556562786644816	0.0	0.7657104985942407	1.1900987769008688	2.8721018892440164	0.0	0.0	0.5334265109880099	0.0	0.0	0.0	0.0	3.88112856641474	0.0	0.0	0.0	0.0	1.027803083011695	0.0	0.0	1.6928965197648114	0.0	0.7657104985942407	0.0	0.0	0.5334265109880099	0.0	0.0	2.058874636323878	0.0	0.0	3.255947556725385	0.0	0.0	0.3439284060855335	0.0	0.0	0.0	0.0	2.3439806196701976	0.6649165953095215	0.0	0.0	0.0	0.0	0.0	0.0	0.0	0.0	0.0	1.1900987769008688	4.096198998046427	3.4149471123354593	0.8474618416320322	0.0	2.1457515522508843	0.0	0.0	0.3439284060855335	0.0	0.8474618416320322	2.989256701578583	0.3439284060855335	0.0	0.0	0.0	0.0	0.0	0.0	0.0	0.0	0.0	0.0	0.0	0.0	0.0	0.0	0.0	0.0	0.0	0.0	0.3439284060855335	4.31447211288597	0.0	1.7334877192055596	0.0	0.0	1.0744056019206445	0.0	0.0	1.2226990476239288	0.3439284060855335
SRR36103338	0.0	0.0	0.0	3.5353729009613377	0.0	0.0	1.4608387451017966	0.0	0.8181739815138465	0.0	0.6976784499178795	0.952807211590137	0.25455544911710537	2.9252435797302985	0.0	0.0	1.8711454725517411	0.0	0.0	0.0	0.0	0.0	0.0	0.0	0.0	0.0	1.4361945676861976	0.0	2.2560724702161203	0.0	3.6543109136343075	0.0	2.3582275039382	0.0	0.0	3.1895574535463114	0.0	0.0	0.0	0.0	0.0	0.25455544911710537	0.0	0.8181739815138465	0.0	0.0	0.0	1.2079998386692505	0.0	0.0	0.0	0.0	0.0	0.6976784499178795	0.0	0.25455544911710537	0.0	0.0	0.25455544911710537	0.0	0.0	0.5303395097122936	0.0	0.0	0.5303395097122936	1.0238434406774892	0.0	0.0	0.0	0.0	0.0	0.0	2.265565430467245	1.0848773934732856	0.0	0.7620918342056712	0.0	0.0	3.1086391285594317	1.9237162637615346	0.0	0.0	0.0	2.395983867306697	0.25455544911710537	0.0	0.0	0.0	0.0	0.0	0.0	0.0	0.0	0.25455544911710537	2.4592883974439372	0.4139801856688541	0.0	0.4139801856688541	0.25455544911710537	1.5273495248963862	0.0	2.3443537927729117	0.0	0.0	0.0	0.0	0.0	4.081894875778888	1.7356072322553462	0.0	1.8664632420088867	2.3185389838436734	1.0554317183598187	0.0	0.0	0.0	0.0	0.0	1.3369156657079135	0.0	0.0	0.0	3.942798714180117	0.0	0.0	0.0	0.0	0.0	0.0	0.6976784499178795	0.0	1.0554317183598187	0.25455544911710537	0.0	0.0	0.0	0.0	0.0	1.4361945676861976	0.0	0.0	1.911158039724674	0.0	0.0	0.0	1.112452755851881	0.0	0.0	0.0	0.0	0.0	0.0	0.0	0.25455544911710537	3.33271880227346	0.0	2.2444000429458875	1.2862700825340863	0.25455544911710537	1.138381276565529	0.0	0.0	0.7620918342056712	0.0	0.7620918342056712	0.0	0.0	0.0	0.0	0.0	0.0	0.6220193257461285	0.0	0.0	0.0	1.2862700825340863	0.0	0.0	0.0	1.9237162637615346	2.376062176649866	1.8166354392871389	1.267984883416227	0.4139801856688541	1.6814655623917578	0.0	0.0	0.0	0.9897761074708472	0.25455544911710537	0.0	0.4139801856688541	0.0	0.0	1.5169479248841333	1.7093795533735803	0.0	0.0	0.0	1.3676699553073655	0.5303395097122936	1.1628486229746209	1.1628486229746209	0.0	0.0	1.935921531736505	2.4580845467065657	0.0	1.651633424902941	1.267984883416227	1.7226913537197686	0.0	0.0	0.4139801856688541	0.0	0.0	0.0	0.7620918342056712	3.5786487224984707	0.0	0.0	0.0	0.25455544911710537	1.9779502910048248	0.0	0.0	2.5422093866953257	0.0	1.6026512571708438	0.0	0.952807211590137	1.7160864549694834	0.0	0.4139801856688541	2.827948407917218	0.0	0.0	2.871009504502227	0.25455544911710537	0.0	0.0	0.0	0.0	0.0	0.0	0.7620918342056712	1.3206812938691876	0.0	0.0	0.0	0.25455544911710537	0.4139801856688541	0.0	0.0	0.0	0.25455544911710537	1.5850141769949087	3.035414321498453	4.271233415752625	0.4139801856688541	0.0	0.8181739815138465	0.0	0.0	0.952807211590137	0.0	1.267984883416227	2.766729772922163	0.25455544911710537	0.0	0.0	0.0	0.7620918342056712	0.4139801856688541	0.0	0.4139801856688541	0.25455544911710537	0.0	0.0	2.1116721139398313	0.0	0.0	0.0	0.25455544911710537	0.0	0.0	0.0	0.4139801856688541	4.641239115016192	0.0	2.489471592211882	1.0238434406774892	0.0	0.5303395097122936	0.0	0.0	2.0665846469517146	0.25455544911710537
SRR36103339	0.0	0.17206517175400132	0.0	2.0778136335675934	0.0	0.0	0.0	0.0	1.0857060747378584	0.0	0.4690314071255973	0.17206517175400132	1.877269225653708	1.9199187149125712	0.0	0.17206517175400132	0.17206517175400132	0.0	0.0	0.7304130324976728	0.0	0.0	0.0	0.0	0.0	0.0	1.8483165286430387	0.0	1.6265814182732177	0.0	4.196196376463004	0.8645147813600684	2.5866296585132553	0.0	0.17206517175400132	3.416190419831351	0.4690314071255973	0.0	0.0	0.17206517175400132	0.0	0.0	0.0	0.7304130324976728	1.7551751851512107	0.0	0.0	0.9434222082534195	0.0	0.39066596084866934	0.0	0.0	0.2949767813525621	0.39066596084866934	0.0	0.0	0.7680151736538681	0.0	0.0	0.17206517175400132	0.0	0.2949767813525621	0.0	0.0	0.0	2.762345753734087	0.0	0.4690314071255973	0.0	0.0	0.0	0.17206517175400132	2.302787936963876	1.0495797137096563	0.0	3.443037995200182	0.4690314071255973	0.17206517175400132	2.2105985126181595	0.6437595852117646	0.0	0.0	0.0	1.5504394998010962	0.0	0.8026194776137847	0.17206517175400132	0.0	0.0	0.0	0.0	0.0	0.0	0.17206517175400132	3.1563138794320342	0.17206517175400132	0.0	0.0	0.0	1.0680184279640854	0.0	1.877269225653708	0.0	0.39066596084866934	0.0	0.0	0.0	4.135747872179075	1.0680184279640854	0.0	2.2631849524489893	1.5955682255754193	0.7304130324976728	0.0	0.0	0.0	0.989042724469449	0.17206517175400132	0.5929482342958496	0.0	0.0	0.0	0.17206517175400132	0.0	0.17206517175400132	0.2949767813525621	0.0	0.0	0.0	0.0	0.7680151736538681	0.0	0.17206517175400132	0.0	0.0	0.0	0.0	0.39066596084866934	0.4690314071255973	0.2949767813525621	0.0	3.3489743855854455	0.0	0.17206517175400132	0.0	0.0	0.0	0.0	0.0	0.0	0.0	0.0	0.0	0.0	3.726035714790787	0.0	1.6601688652640794	0.0	0.17206517175400132	0.0	0.0	0.0	0.0	0.0	0.17206517175400132	0.0	0.0	0.0	0.0	0.0	0.0	0.0	0.17206517175400132	0.8645147813600684	0.0	0.8924408430077351	0.0	0.0	0.0	0.2949767813525621	2.081329396781059	0.0	0.9186791774964989	0.17206517175400132	0.7680151736538681	0.0	0.0	0.2949767813525621	0.17206517175400132	0.2949767813525621	0.0	0.0	0.0	0.0	0.17206517175400132	2.358003579376816	0.2949767813525621	0.0	0.0	3.190712565647421	0.0	0.5353945429780597	1.877269225653708	0.0	0.0	0.9668312177278029	2.298561778834377	0.0	1.9224502109115258	0.39066596084866934	1.102701453485296	0.0	0.0	0.0	0.17206517175400132	0.17206517175400132	0.17206517175400132	0.17206517175400132	4.3227446119256525	0.0	0.17206517175400132	0.0	0.0	0.39066596084866934	0.5929482342958496	0.0	0.17206517175400132	0.0	0.6437595852117646	0.0	0.0	0.0	0.0	0.17206517175400132	3.6655543929033447	0.0	0.0	4.275364055790219	0.0	0.0	0.0	0.0	0.0	0.0	0.0	0.0	0.0	0.0	0.17206517175400132	0.0	0.17206517175400132	0.0	0.0	0.0	0.0	0.0	1.386242324239134	1.9173723763019046	1.8716310430859062	0.17206517175400132	0.17206517175400132	0.39066596084866934	0.0	0.0	0.17206517175400132	0.0	0.5353945429780597	3.128953031517766	0.0	0.0	0.5353945429780597	0.0	1.2189836580065656	0.39066596084866934	0.2949767813525621	0.0	0.2949767813525621	0.7680151736538681	0.0	1.1789366989368644	0.0	0.0	0.2949767813525621	0.0	0.17206517175400132	0.4690314071255973	0.0	0.17206517175400132	4.1430689774651785	0.0	1.0303233075674176	0.0	0.17206517175400132	1.3500731083242705	0.0	0.17206517175400132	2.459874405450424	0.0
SRR36103340	0.0	0.0	0.4380223239292018	0.33468358491204997	0.0	0.0	0.7516311402077889	0.0	1.2917748547312622	0.0	1.414381353741366	2.6416431253490065	0.0	3.7968661351333415	0.0	0.0	0.8328738860021048	0.4380223239292018	0.0	0.5913828060112709	0.0	0.0	0.0	0.0	0.0	0.0	1.686697739919334	0.0	1.619510919001697	0.0	3.1742487968913355	0.33468358491204997	2.7947478919933477	0.0	0.0	0.8684262784509432	0.4380223239292018	0.0	0.0	0.0	0.0	0.0	0.0	1.625524305141156	1.278701544208953	0.19881420166686678	0.0	1.6430804628659306	0.19881420166686678	0.0	0.0	0.0	2.0232644221188605	1.1390152217259928	0.0	0.0	0.4380223239292018	0.0	1.3287873938703796	0.0	0.0	2.7744621091174224	0.0	0.33468358491204997	0.19881420166686678	1.8932958026201323	0.0	0.5214371206730564	0.0	0.0	0.0	0.0	3.7341898322668374	1.1907319751905894	0.0	1.6072284404035555	0.19881420166686678	0.0	1.4858513646957268	0.6516104128598857	0.0	0.0	0.6516104128598857	1.6373069080960583	0.33468358491204997	1.236940323367452	0.33468358491204997	0.0	0.0	0.0	0.0	0.0	0.0	0.0	2.716029316839913	0.0	0.19881420166686678	0.0	0.0	2.013598129799559	0.0	0.7941494926740853	0.0	0.0	0.0	0.0	0.0	3.7386770437467263	1.8235042381411481	0.0	1.3044661001743303	1.9935951293946885	1.3842255625390536	0.0	0.0	0.0	0.0	0.33468358491204997	1.1203108302846359	0.4380223239292018	0.0	0.0	2.5454119470767838	0.0	0.0	0.0	0.0	0.0	0.0	0.0	0.0	0.33468358491204997	0.33468358491204997	0.0	0.5214371206730564	0.0	0.33468358491204997	0.0	0.4380223239292018	0.7941494926740853	0.0	2.7527368268436327	0.19881420166686678	0.5214371206730564	0.0	0.6516104128598857	0.0	0.0	0.0	0.0	0.0	0.0	0.19881420166686678	0.8684262784509432	3.9674794461609424	0.0	2.1899154179938627	0.33468358491204997	0.19881420166686678	2.439379819961016	0.0	0.0	0.19881420166686678	0.0	0.19881420166686678	0.0	0.0	0.0	0.0	0.0	0.0	0.19881420166686678	0.0	0.0	0.0	1.15694719630944	0.0	0.33468358491204997	0.0	1.1390152217259928	2.2604014466035007	1.0588165088903123	1.012379380428116	0.19881420166686678	0.7516311402077889	0.0	0.0	0.0	1.9391427588258985	0.9318356594859616	0.0	0.0	0.0	0.0	0.33468358491204997	2.31128895258586	0.0	0.0	0.0	3.0020832869751626	1.2066873166868508	0.4380223239292018	0.6516104128598857	0.0	0.0	3.0789278296230282	1.7838956154656358	0.0	1.236940323367452	0.0	2.527075973850155	0.0	0.0	0.0	0.0	0.19881420166686678	0.19881420166686678	1.2652224488408317	4.788771188640326	0.19881420166686678	0.0	0.0	0.0	1.1907319751905894	0.33468358491204997	0.0	1.5749107448110247	0.0	0.7516311402077889	0.0	0.19881420166686678	0.5913828060112709	0.0	0.0	2.360147679225343	0.0	0.0	3.43184294341244	0.0	0.0	0.33468358491204997	0.0	0.0	0.0	0.33468358491204997	0.5214371206730564	0.4380223239292018	0.0	0.19881420166686678	0.0	1.8041513197038814	0.0	0.0	0.0	0.0	0.0	1.4858513646957268	3.377351213611004	3.260193476246127	0.0	0.33468358491204997	1.9961464718062627	0.0	0.4380223239292018	0.19881420166686678	0.0	0.33468358491204997	3.111131697736918	0.0	0.0	0.0	0.19881420166686678	1.7215705851208383	0.5214371206730564	0.0	0.19881420166686678	0.19881420166686678	1.236940323367452	0.0	1.012379380428116	0.0	0.0	0.0	0.0	0.0	0.5214371206730564	0.0	0.5214371206730564	3.426020613203979	0.0	1.5020213171595254	0.33468358491204997	0.0	0.9871555123086135	0.0	0.0	1.5749107448110247	0.4380223239292018
SRR36103341	0.1939465512174119	0.0	0.0	0.3275449881064838	0.5121266459656569	0.0	0.0	0.1939465512174119	1.1079578327052622	0.0	1.3040698043920602	1.1445110475197842	0.1939465512174119	3.5973536187213755	0.0	0.1939465512174119	0.8214842320723362	0.581469085695169	0.0	1.0884587841761266	0.0	0.0	0.0	0.0	0.0	0.0	0.9200407714430453	0.0	1.4810651359798157	0.0	3.7662851629100285	0.1939465512174119	2.5822005905016523	0.0	0.0	1.1445110475197842	0.6937873363827592	0.0	0.0	0.0	0.0	0.4295691324971641	0.0	1.420500132642372	1.3608821369463577	0.0	0.0	1.178225109313691	0.0	0.1939465512174119	0.0	0.0	1.1445110475197842	0.1939465512174119	0.0	0.1939465512174119	1.7132046291228689	0.0	0.1939465512174119	0.0	0.0	3.2083219454168663	0.0	0.0	0.0	1.7179111306173522	0.0	0.581469085695169	0.0	0.0	0.0	0.0	2.332282904907362	1.420500132642372	0.0	1.6631015641879623	0.1939465512174119	0.0	1.7271738283214577	0.5121266459656569	0.3275449881064838	0.0	0.9751711149792589	1.2243452100784724	0.1939465512174119	0.5121266459656569	0.3275449881064838	0.0	0.0	0.0	0.0	0.0	0.0	0.0	2.170060154171025	0.0	0.0	0.1939465512174119	0.0	1.2660343512859316	0.0	1.1941489148994004	0.0	0.0	0.0	0.0	0.0	2.8514562742564893	1.2095094514528646	0.0	0.9751711149792589	2.363020773884107	2.2125368175563667	0.0	0.0	0.0	0.0	1.9259171085883033	1.2660343512859316	0.8214842320723362	2.1002880611954633	0.0	3.2994497167957806	0.0	0.0	0.0	0.0	0.0	0.0	0.0	0.0	0.0	0.1939465512174119	0.0	0.8214842320723362	0.0	0.1939465512174119	0.0	0.1939465512174119	0.581469085695169	0.0	2.8666751574165072	0.0	0.0	0.0	0.3275449881064838	0.0	0.0	0.0	0.0	0.0	0.0	0.3275449881064838	0.0	4.374939328706554	0.0	1.7132046291228689	0.6412491376678906	0.0	1.4969239078138137	0.0	0.0	0.3275449881064838	0.4295691324971641	0.5121266459656569	0.0	0.0	0.0	0.0	0.0	0.0	0.0	0.0	0.0	0.4295691324971641	1.316042401022272	0.0	0.1939465512174119	0.0	0.7829451815076769	2.048838584613948	0.9751711149792589	1.1266188979424696	0.0	0.581469085695169	0.0	0.0	0.0	1.4561352884108518	0.6937873363827592	0.0	0.0	0.0	0.0	0.581469085695169	2.523364755672377	0.0	0.0	0.0	2.9897173850393766	0.0	0.581469085695169	2.3065064941555438	0.0	0.0	2.3004285438182834	1.252577768949183	0.0	0.7829451815076769	0.581469085695169	0.9751711149792589	0.1939465512174119	0.0	0.1939465512174119	0.3275449881064838	0.0	0.0	0.6412491376678906	4.710591462640566	0.1939465512174119	0.0	0.0	0.0	0.8568803566649388	0.4295691324971641	0.0	0.9751711149792589	0.0	0.3275449881064838	0.0	0.1939465512174119	1.0466198155627444	0.1939465512174119	0.1939465512174119	2.351203277803878	0.0	0.3275449881064838	3.7654468191363413	0.0	0.0	0.0	0.0	0.0	0.0	0.0	0.6937873363827592	0.8896077485985716	0.0	0.0	0.0	2.007615484212178	0.0	0.0	0.0	0.0	0.0	1.4810651359798157	3.476285622880238	2.63173089238707	3.354459651655092	0.0	1.327693773715402	0.0	0.1939465512174119	0.1939465512174119	0.0	0.8568803566649388	3.2111878131297824	0.1939465512174119	0.0	0.0	0.0	1.8215319489720814	0.4295691324971641	0.1939465512174119	0.0	0.0	2.2110355025358066	0.0	0.581469085695169	0.0	0.0	0.0	0.0	0.0	1.1266188979424696	0.0	0.4295691324971641	2.9631345264820412	0.0	1.420500132642372	0.3275449881064838	0.0	0.9751711149792589	0.0	0.1939465512174119	1.5122239218135454	0.5121266459656569
SRR36103342	0.0	0.0	0.34103574415848353	0.5296832134684448	0.0	0.0	0.20316693968640626	0.0	0.5296832134684448	0.0	0.0	0.0	0.34103574415848353	3.852997629248077	0.0	0.0	0.0	0.0	0.0	0.34103574415848353	0.0	0.0	0.0	0.0	0.0	0.0	1.0230005927406562	0.0	1.4447031110562683	0.0	2.6913617978546904	0.0	1.2177157811307213	0.0	0.0	1.1678881105883172	0.20316693968640626	0.0	0.0	0.0	0.0	0.0	0.0	1.7870760542467148	0.7613219341053135	0.0	0.0	0.0	0.0	0.0	0.0	0.0	0.0	0.44552296065603497	0.0	0.0	0.20316693968640626	0.0	0.0	0.0	0.0	1.1851403963193907	0.0	0.20316693968640626	0.0	1.4629241840050593	0.0	0.20316693968640626	0.0	0.0	0.0	0.20316693968640626	2.404684780904673	1.8678922085571101	0.0	1.6982084721643382	0.5296832134684448	0.0	2.3434269443870166	0.0	0.20316693968640626	0.0	0.20316693968640626	1.1678881105883172	0.44552296065603497	1.536603785358437	0.7139480305936142	0.0	0.0	0.0	0.0	0.34103574415848353	0.0	0.20316693968640626	2.454738985612493	0.0	0.0	0.20316693968640626	0.0	1.7741977737398105	0.0	1.6429339287031135	0.0	0.0	0.0	0.0	0.0	2.1348266128360964	0.20316693968640626	0.0	0.20316693968640626	2.507738620363515	1.0695522489047178	0.0	0.0	0.0	0.0	0.20316693968640626	0.660766494801918	0.34103574415848353	1.7870760542467148	0.0	0.20316693968640626	0.0	0.0	0.0	0.0	0.0	0.0	0.0	0.0	0.0	0.20316693968640626	0.0	0.0	0.0	0.0	0.0	0.20316693968640626	0.7139480305936142	0.20316693968640626	2.1832958955975306	1.1851403963193907	0.0	0.0	0.0	0.0	0.0	0.0	0.0	0.0	0.0	0.8040326786963183	0.20316693968640626	3.9116809662358674	0.0	2.4879824523450824	0.0	0.0	0.34103574415848353	0.0	0.0	0.5296832134684448	0.0	0.20316693968640626	0.0	0.0	0.0	0.0	0.0	0.0	0.0	0.0	0.20316693968640626	0.0	0.660766494801918	0.0	0.20316693968640626	0.0	0.44552296065603497	0.0	0.0	2.2857162643476907	0.0	0.34103574415848353	0.0	0.0	0.0	1.6769352053814162	1.1311805213469677	0.0	0.0	0.0	0.0	0.0	2.042016696311388	0.0	0.0	0.0	2.5936174419059785	0.660766494801918	0.34103574415848353	0.0	0.0	0.0	1.2017334423141337	0.44552296065603497	0.0	0.7139480305936142	0.6001518093713598	0.6001518093713598	0.0	0.0	0.0	0.0	0.44552296065603497	0.0	0.660766494801918	4.904503936414722	0.20316693968640626	0.0	0.0	0.0	0.0	0.34103574415848353	0.0	0.44552296065603497	0.20316693968640626	0.44552296065603497	0.0	0.0	0.0	0.0	0.0	1.3029316560210966	0.34103574415848353	0.34103574415848353	3.8854089240315997	0.0	0.0	0.0	0.20316693968640626	0.5296832134684448	0.0	0.0	0.20316693968640626	0.0	0.0	0.0	0.0	1.2480173283440008	0.0	0.0	0.0	0.0	0.0	1.43529763918175	2.073751567301127	1.9238265910621726	0.20316693968640626	0.20316693968640626	2.8986973973748786	0.0	0.0	0.0	0.0	0.34103574415848353	2.735445884364115	0.44552296065603497	0.0	0.20316693968640626	0.0	1.713506338031205	0.6001518093713598	0.0	0.0	0.0	2.155230533304209	0.0	0.20316693968640626	0.0	0.0	0.0	0.0	0.0	0.20316693968640626	0.0	0.44552296065603497	1.606042814992346	0.0	0.8429165749298725	0.0	0.0	0.0	0.0	0.20316693968640626	0.20316693968640626	0.9708533167121131
SRR36103343	0.0	0.0	0.0	2.989237391000526	0.0	0.0	0.8119179181526794	0.0	1.9108825844830761	0.0	0.0	0.4515366586761262	3.9898131082188373	3.7357774970061257	0.0	0.0	0.9197834504255755	0.0	0.0	0.4515366586761262	0.0	0.0	0.0	0.0	0.0	0.0	1.615152263299358	0.0	1.2419287003816875	0.0	4.316737056428944	0.0	0.0	0.0	0.0	1.3939057897817029	0.0	0.0	0.0	0.0	0.0	0.0	0.0	1.6520620240275012	0.0	0.0	0.0	1.0781027512679788	0.0	0.0	0.0	0.0	0.0	1.1938751326155614	0.0	0.0	0.4515366586761262	0.0	0.6680825209334541	0.0	0.0	0.0	0.0	0.0	0.4515366586761262	0.6680825209334541	0.0	0.0	0.0	0.0	0.0	0.0	2.599617729811203	0.0	0.0	1.506266014482315	0.0	0.0	1.8591775855460146	0.8119179181526794	0.0	0.0	0.0	1.615152263299358	0.0	0.4515366586761262	0.9197834504255755	0.0	0.0	0.0	0.0	0.0	0.0	0.0	3.022145507106215	0.0	0.0	0.6680825209334541	0.0	3.181428941640655	0.0	0.9197834504255755	0.0	0.0	0.0	0.0	0.0	3.011450822762171	1.9907993742737302	0.0	1.2851910067770709	1.0781027512679788	1.3245314605221161	0.0	0.0	0.0	0.0	0.0	0.9197834504255755	0.4515366586761262	1.9988351098262156	0.0	4.01284667895609	0.0	0.0	0.4515366586761262	0.0	0.0	0.0	0.0	0.0	0.4515366586761262	0.4515366586761262	0.0	0.0	0.0	0.0	0.0	0.9197834504255755	0.0	0.0	2.516242756417315	0.0	0.4515366586761262	0.0	0.6680825209334541	0.0	0.0	0.0	0.0	0.0	0.0	0.0	0.0	4.144904913109054	0.0	0.6680825209334541	0.0	0.0	1.6520620240275012	0.0	0.0	0.0	0.0	0.0	0.0	0.0	0.0	0.0	0.0	0.0	0.0	0.0	0.0	0.0	2.353896735689029	0.0	0.0	0.0	1.2419287003816875	1.480782307174312	1.0061177917000839	2.1891626271382467	0.4515366586761262	0.9197834504255755	0.0	0.0	0.0	1.6694035548480286	1.0061177917000839	0.0	0.0	0.4515366586761262	0.0	0.6680825209334541	3.0198758557363115	0.0	0.0	0.0	3.054839396550506	0.0	0.9197834504255755	2.029568921795537	0.0	0.0	1.8909330357342946	1.717624239088729	0.0	0.9197834504255755	0.0	0.6680825209334541	0.0	0.0	0.0	0.0	0.0	0.0	1.5954502514803288	4.387140722782449	0.0	0.0	0.0	0.0	1.139835336957478	0.0	0.0	1.800474277373297	0.0	1.139835336957478	0.0	0.0	1.0061177917000839	0.0	0.0	2.8668812856938066	0.0	0.0	2.9571495558844774	0.0	0.0	0.0	0.0	0.0	0.0	0.0	0.6680825209334541	0.8119179181526794	0.0	0.0	0.0	0.0	0.0	0.0	0.0	0.0	0.0	1.2851910067770709	3.4336586945787304	3.476258518411706	0.0	0.0	1.5954502514803288	0.0	0.0	0.0	0.0	0.8119179181526794	3.4589444632817963	0.4515366586761262	0.0	0.0	0.0	0.8119179181526794	0.0	0.0	0.0	0.0	0.0	0.0	0.0	0.0	0.0	0.0	0.0	0.0	0.0	0.0	0.9197834504255755	3.658882309150339	0.0	1.6339991359319095	0.0	0.0	1.0061177917000839	0.0	0.0	1.0781027512679788	0.4515366586761262
SRR36103344	0.0	0.0	0.0	3.255246083088552	0.0	0.0	0.0	0.0	1.1954795488455487	0.0	0.0	0.0	1.3955506141748177	3.645172598257126	0.0	0.45264535733284783	0.0	0.0	0.0	1.0796737195817494	0.0	0.45264535733284783	0.0	0.0	0.0	0.0	1.4824396539428377	0.0	0.9212915392635774	0.0	3.85823139945762	0.6694289353120468	0.0	0.0	0.0	0.0	0.45264535733284783	0.0	0.0	0.0	0.0	0.0	0.0	1.326164321407075	0.45264535733284783	0.0	0.0	0.45264535733284783	0.0	0.0	0.0	0.0	0.45264535733284783	0.45264535733284783	0.0	0.0	1.3955506141748177	0.0	0.0	0.45264535733284783	0.0	0.0	0.0	0.0	0.0	0.9212915392635774	0.0	0.0	0.0	0.0	0.0	0.0	3.3325375443453598	0.0	0.0	1.455363237739357	0.0	0.0	0.6694289353120468	0.0	0.0	0.0	0.0	1.0796737195817494	0.0	0.8133679674175908	0.0	0.0	0.0	0.0	0.0	0.0	0.0	0.45264535733284783	2.65390935734444	0.0	0.0	0.45264535733284783	0.0	2.341309268950383	0.0	0.0	0.0	0.0	0.0	0.0	0.0	1.2435445846903577	0.45264535733284783	0.0	0.0	2.093370443994103	1.0076629893253668	0.0	0.0	0.0	0.0	0.0	0.45264535733284783	0.45264535733284783	2.03862234773469	0.0	3.5769168214459754	0.0	0.0	0.0	0.0	0.0	0.0	0.0	0.0	0.0	0.0	0.0	0.0	0.0	0.0	0.0	0.0	0.0	0.0	2.513086559663936	0.0	0.0	0.0	0.0	0.0	0.0	0.0	0.0	0.0	0.0	0.45264535733284783	0.0	4.042547953163838	0.0	1.4824396539428377	0.0	0.0	0.0	0.0	0.0	0.0	0.0	0.0	0.0	0.0	0.0	0.0	0.0	0.0	0.0	0.0	0.0	0.0	0.0	0.0	0.0	0.0	1.4824396539428377	0.0	0.0	1.9027147540939147	0.0	0.6694289353120468	0.0	0.0	0.0	1.2868161842670276	0.9212915392635774	0.0	0.0	0.0	0.0	0.45264535733284783	2.477415338526156	0.0	0.0	0.0	2.4500137081336444	1.1954795488455487	0.0	1.9027147540939147	0.0	0.0	0.6694289353120468	0.0	0.0	0.8133679674175908	1.0076629893253668	3.1561764747548056	0.0	0.0	0.0	0.0	0.0	0.0	1.0076629893253668	4.793908456455263	0.0	0.0	0.0	0.0	0.0	0.45264535733284783	0.0	0.0	0.0	0.6694289353120468	0.0	0.0	0.0	0.0	0.0	2.6302852466275617	0.0	0.0	3.765186411796398	0.0	0.0	0.0	0.0	0.0	0.0	0.0	0.0	0.0	0.0	0.0	0.0	0.8133679674175908	0.0	0.0	0.45264535733284783	0.0	0.0	1.1414252455392795	0.6694289353120468	1.7342594149528263	0.0	0.0	1.5548094426390635	0.0	0.0	0.0	0.0	0.9212915392635774	3.2216467142265715	0.0	0.0	0.0	0.0	0.45264535733284783	0.0	0.0	0.0	0.0	0.0	0.0	0.0	0.0	0.0	0.0	0.0	0.0	0.0	0.0	0.6694289353120468	3.6235277930806156	0.0	0.45264535733284783	0.0	0.0	0.9212915392635774	0.0	0.0	0.0	1.0076629893253668
SRR36103346	0.39139904991116836	1.0780839939671831	1.3319697912605497	1.6520420128940427	0.0	0.0	0.39139904991116836	0.0	1.3319697912605497	0.0	0.23837600933329722	0.39139904991116836	1.7412878221185286	2.1952630276634326	0.23837600933329722	0.0	0.39139904991116836	0.0	0.0	2.901677144810084	0.0	0.0	0.0	0.23837600933329722	0.7314185616300681	0.504327299265113	2.5668512946058697	0.0	2.850592696656068	0.0	2.8456363186838214	0.39139904991116836	0.8797741594755999	2.271269741746736	0.0	2.904060399907695	0.7866948395609419	0.0	0.0	0.39139904991116836	0.0	0.504327299265113	0.0	1.1511756182331256	3.0848312998710297	0.0	0.0	0.23837600933329722	0.0	0.8797741594755999	0.23837600933329722	0.0	2.96769162691306	1.0507046942535188	0.23837600933329722	0.504327299265113	1.9759291375645	0.23837600933329722	0.23837600933329722	0.0	0.0	0.504327299265113	0.0	0.0	0.0	3.741496793385815	0.0	0.23837600933329722	0.0	0.0	0.0	0.0	3.037688931914105	1.2327146871349102	0.0	1.1938559752009623	1.1730398881948874	0.0	2.6532387716644585	0.0	0.0	0.0	0.39139904991116836	1.779859645834426	0.0	3.387508305650645	0.7314185616300681	0.0	0.0	0.0	0.0	0.39139904991116836	0.23837600933329722	0.23837600933329722	2.4687270734257045	0.5938682832851757	0.23837600933329722	0.23837600933329722	0.23837600933329722	1.3742121069796418	1.3169238254664917	1.9588108428993491	0.0	0.0	0.0	0.5938682832851757	0.0	3.0443355382930912	1.5303170343081895	0.0	1.0507046942535188	2.8940427137566864	2.3225417855395114	0.0	0.39139904991116836	0.0	0.0	2.640345804804036	2.7240631832427127	0.0	3.275617492896128	0.7866948395609419	0.9563827089544475	0.504327299265113	0.0	0.0	0.0	0.7314185616300681	0.23837600933329722	0.23837600933329722	0.0	0.0	1.3169238254664917	0.0	0.23837600933329722	0.39139904991116836	0.6680664490055404	0.23837600933329722	1.2851716009944931	1.0214824824230009	0.7314185616300681	3.845713049967478	0.39139904991116836	1.2509134864495486	0.39139904991116836	0.0	0.0	0.23837600933329722	0.0	0.0	0.0	0.0	1.3319697912605497	0.5938682832851757	4.504946995351233	0.0	3.1937802285291306	0.39139904991116836	0.0	1.4807625165253322	0.0	0.23837600933329722	0.9901512442447579	0.0	0.0	0.0	0.39139904991116836	0.504327299265113	1.1511756182331256	0.0	0.0	0.0	0.504327299265113	0.6680664490055404	0.23837600933329722	0.6680664490055404	0.0	0.39139904991116836	0.0	3.3052284796737927	1.4701350690064654	0.0	3.4245331145177884	0.9563827089544475	1.1730398881948874	2.2912127397388997	0.0	0.6680664490055404	0.7314185616300681	1.3874266594824423	0.39139904991116836	0.23837600933329722	0.0	0.0	0.0	2.561653912429251	0.6680664490055404	0.0	0.0	3.61317299099829	1.5395838371468027	2.559031708994931	1.1938559752009623	0.0	0.0	1.6860590931931285	1.3169238254664917	0.0	2.426834081456151	0.9901512442447579	1.7296074175897982	0.504327299265113	0.0	0.0	0.0	2.1129780871142567	0.39139904991116836	1.5395838371468027	3.9064973566897505	0.0	0.0	0.504327299265113	0.0	0.9901512442447579	1.2851716009944931	1.3319697912605497	0.39139904991116836	0.23837600933329722	1.0780839939671831	0.0	0.0	0.7866948395609419	0.23837600933329722	1.1511756182331256	1.735486886913685	0.0	0.9563827089544475	4.350964842257794	0.0	0.0	0.23837600933329722	0.0	0.0	0.504327299265113	0.0	2.364296012192063	0.0	0.0	0.23837600933329722	0.0	2.092934107965407	0.0	0.23837600933329722	0.6680664490055404	0.0	0.23837600933329722	2.3432005581742934	2.1482357624004753	1.9446131674364977	0.39139904991116836	0.6680664490055404	1.9108623686024204	0.6680664490055404	1.0780839939671831	1.1938559752009623	0.23837600933329722	1.6520420128940427	3.5410142943427187	0.5938682832851757	0.0	0.504327299265113	0.9901512442447579	2.141409503613045	0.8357233719624717	0.8797741594755999	0.0	0.504327299265113	2.568570024576798	0.0	0.6680664490055404	0.23837600933329722	0.0	0.0	0.0	0.0	2.3503468377772303	0.0	1.1038391040349724	2.538384204173377	1.1511756182331256	1.5575445451817833	0.0	0.0	0.5938682832851757	0.0	1.1730398881948874	1.2683802507119895	0.23837600933329722
SRR36103347	0.39160929171102277	0.23852554419944735	0.7317068199140109	2.6500487492725795	0.0	0.0	0.23852554419944735	0.0	1.4595826610786466	0.0	0.39160929171102277	0.8360256514739924	3.9329545123533545	1.4595826610786466	0.0	0.8360256514739924	1.021802735992101	0.23852554419944735	0.0	2.402738152807587	0.0	0.0	0.0	0.0	0.0	0.0	1.895326144312136	0.0	1.8528668185446926	0.0	3.6179161181753545	0.23852554419944735	2.864182906333412	0.0	0.0	1.7056066573704591	0.23852554419944735	0.0	0.0	0.0	0.0	0.0	0.0	1.5835099895808387	2.023923997303324	0.0	0.0	0.8800814208405189	0.0	0.23852554419944735	0.0	0.0	0.6683443933368334	0.8360256514739924	0.0	0.0	1.8616972717308844	0.0	0.23852554419944735	0.23852554419944735	0.0	0.5045704444214294	0.0	0.0	0.39160929171102277	3.3680264201320536	0.0	0.0	0.0	0.0	0.0	0.0	3.411169413829696	1.7416353289749853	0.0	1.4595826610786466	0.0	0.0	1.5399275496827998	0.8800814208405189	0.0	0.0	1.1041651742114742	1.795744601696076	0.23852554419944735	0.8360256514739924	0.5045704444214294	0.0	0.0	0.0	0.0	0.0	0.0	0.23852554419944735	3.214001148435529	0.0	0.39160929171102277	0.0	0.39160929171102277	1.6231149496435069	0.0	1.549000956254573	0.0	0.0	2.541486589709633	0.0	0.23852554419944735	3.3333025229749498	1.051027139036242	0.0	1.268715105719568	2.655704015561565	1.972909189661424	0.5045704444214294	0.0	0.0	0.0	1.194187260079279	0.8800814208405189	0.0	0.7869909463629362	0.6683443933368334	1.9376862346881067	0.0	0.0	0.0	0.0	0.0	0.39160929171102277	0.39160929171102277	0.0	0.0	1.1733700614268372	0.0	0.0	0.0	0.9904689787421835	0.23852554419944735	0.9200768118826428	0.23852554419944735	0.0	3.705277061486551	0.0	1.0784083622010099	0.0	0.5045704444214294	0.0	0.0	0.0	0.0	0.0	0.0	0.7317068199140109	0.0	4.259808482345818	0.0	2.1575251391322325	0.5941320700813582	0.0	0.7317068199140109	0.0	0.39160929171102277	0.39160929171102277	0.0	0.0	0.0	0.0	0.23852554419944735	1.9189421328049956	0.0	0.0	0.0	0.0	0.5045704444214294	0.0	1.021802735992101	0.0	0.0	0.0	1.3609213173042574	1.6306202747051028	1.1041651742114742	3.4835897802556794	0.0	1.051027139036242	0.7317068199140109	0.0	0.5045704444214294	0.5045704444214294	0.0	0.0	0.0	0.0	0.0	0.9904689787421835	3.141922167939874	0.6683443933368334	0.0	0.0	3.3835463943718405	1.2512475588117138	1.4595826610786466	1.021802735992101	0.0	0.0	1.9189421328049956	1.7416353289749853	0.0	1.878837126227924	1.3172606973285323	1.3877660868370083	0.5941320700813582	0.5045704444214294	0.0	0.0	1.1284795673482872	0.23852554419944735	1.4130476730583943	4.248369870803057	0.0	0.0	0.23852554419944735	0.0	1.4484079777898282	1.3016740816990857	0.23852554419944735	1.8438530838178857	0.0	0.6683443933368334	0.0	0.5045704444214294	0.5941320700813582	0.39160929171102277	0.39160929171102277	3.446108262508337	0.0	0.5045704444214294	3.9423842097113284	0.0	0.0	0.39160929171102277	0.0	0.0	0.0	0.0	0.5941320700813582	0.6683443933368334	0.0	0.23852554419944735	0.0	0.5045704444214294	0.0	0.0	0.0	0.0	0.23852554419944735	1.4484079777898282	2.8935846999951114	3.4810772015877416	2.0387107957663	0.0	1.8204646478106923	0.0	0.0	4.092636907945603	0.0	0.9904689787421835	3.7520398606748033	0.0	0.0	0.23852554419944735	0.0	1.051027139036242	0.23852554419944735	0.0	0.39160929171102277	0.0	0.5941320700813582	0.0	1.2140520961819892	0.23852554419944735	0.23852554419944735	0.0	0.0	0.0	0.9566975169889866	0.0	1.0784083622010099	3.1636093621648618	0.7869909463629362	1.6798120251888022	0.5045704444214294	0.0	1.5306605265775244	0.0	0.0	1.5399275496827998	0.0
SRR36103348	0.0	0.0	0.2400728853112971	0.39378308809246154	0.0	0.0	0.0	0.0	1.131861483281596	0.0	0.2400728853112971	0.2400728853112971	0.39378308809246154	0.6712156676912198	0.0	0.5070833678294089	0.2400728853112971	0.0	0.0	1.5051484170051468	0.0	0.2400728853112971	0.0	0.2400728853112971	0.2400728853112971	0.0	1.84745355054446	0.0	1.7394200570148095	0.0	4.013597920657601	1.0543561928500336	0.5968575937372935	0.0	0.0	3.333992326006832	0.2400728853112971	0.0	0.0	0.0	0.0	0.39378308809246154	0.0	1.5342059131620303	1.9963641199173245	0.0	0.0	0.9599480486289069	0.0	0.2400728853112971	0.2400728853112971	0.0	0.9937496025471785	0.39378308809246154	0.0	0.0	2.13611473135867	0.0	0.0	0.2400728853112971	0.0	0.0	0.0	0.0	0.0	2.9390181666234625	0.0	0.5070833678294089	0.0	0.0	0.0	0.0	3.2209403787500657	0.8391473292372827	0.0	3.2412720457127078	0.5070833678294089	0.0	2.481270355861759	0.2400728853112971	0.0	0.0	0.0	1.5701520443483337	0.0	2.819134788234362	0.0	0.0	0.0	0.0	0.0	0.39378308809246154	0.0	0.0	2.502945470904906	0.0	0.0	0.2400728853112971	0.0	0.9599480486289069	0.0	1.451931009471707	0.0	0.39378308809246154	0.0	0.0	0.0	2.230508140476183	1.154900461123682	0.0	0.0	2.176365313141488	1.6266808926276959	0.0	0.0	0.0	0.0	0.8391473292372827	0.39378308809246154	0.0	2.439067799445249	0.0	0.39378308809246154	0.0	0.0	0.0	0.0	0.0	0.0	0.0	0.0	0.0	0.5070833678294089	0.0	0.0	0.0	0.0	0.0	0.7900491233574011	0.7346842418115502	0.39378308809246154	3.506635474088635	0.0	0.5070833678294089	0.0	0.0	0.2400728853112971	0.0	0.2400728853112971	0.0	0.0	0.0	1.36441543248914	0.0	4.23345563887314	0.0	2.8464533254485374	0.0	0.2400728853112971	1.3207380500047559	0.0	0.0	0.0	0.0	0.2400728853112971	0.0	0.0	0.0	0.0	0.0	0.0	0.0	0.0	0.39378308809246154	0.0	0.0	0.0	0.0	0.0	0.2400728853112971	0.6712156676912198	0.0	1.254696139207962	0.0	0.8832543412014652	2.1070467726153623	0.0	0.2400728853112971	0.39378308809246154	0.0	0.0	0.0	0.0	0.0	0.0	2.5487679119020386	0.39378308809246154	0.0	0.0	3.120321573349317	0.8391473292372827	1.6266808926276959	0.2400728853112971	0.0	0.0	0.7346842418115502	0.6712156676912198	0.0	1.52473446675021	0.8391473292372827	2.6015928187109543	0.2400728853112971	0.0	0.0	0.0	0.2400728853112971	0.0	0.39378308809246154	4.482304923845451	0.0	0.39378308809246154	0.2400728853112971	0.0	0.5968575937372935	0.7346842418115502	0.0	0.6712156676912198	0.0	0.39378308809246154	0.0	0.0	0.0	0.0	0.2400728853112971	3.1183733566532363	0.0	0.6712156676912198	4.296640077243569	0.0	0.0	0.0	0.0	0.0	0.0	0.2400728853112971	0.0	0.0	0.0	0.0	0.0	0.39378308809246154	0.2400728853112971	0.0	0.0	0.0	0.0	1.3207380500047559	2.7915386696455116	2.1020071770251896	1.0251092610170451	0.2400728853112971	3.5031273045171463	0.2400728853112971	0.0	0.39378308809246154	0.0	0.39378308809246154	3.4514631681041514	0.5968575937372935	0.0	0.0	0.0	1.8782191913560036	0.2400728853112971	0.2400728853112971	0.2400728853112971	0.2400728853112971	2.5386858078302486	0.0	1.0817571907677577	0.0	0.0	0.0	0.0	0.0	1.6698906158389066	0.0	1.1976071896137237	3.854943181700146	1.2364877576148046	0.9599480486289069	0.0	0.0	0.0	0.0	0.0	0.39378308809246154	0.0
SRR36103349	0.6404739882666413	0.0	0.32701306760817184	2.394675489640038	0.0	0.32701306760817184	1.0457052693227473	0.0	2.517203868511902	0.0	0.32701306760817184	0.511431018215039	3.956073090191667	1.757133379597313	0.0	0.0	1.4465278535098647	0.0	0.0	1.672611706233473	0.0	0.0	0.0	0.0	0.32701306760817184	0.0	1.8886566061642722	0.0	2.0184690137144594	0.0	3.6109902869684674	0.6404739882666413	1.4287192728192915	0.0	0.0	2.4376933859563032	0.511431018215039	0.0	0.0	0.0	0.0	0.32701306760817184	0.0	0.6404739882666413	2.2320288197560094	0.0	0.0	0.32701306760817184	0.0	0.6404739882666413	0.32701306760817184	0.0	0.511431018215039	1.2516291025495916	0.0	0.0	2.9184907457903018	0.0	0.0	0.32701306760817184	0.0	0.6404739882666413	0.0	0.73982805194909	0.0	3.0500167514232395	0.0	0.0	0.0	0.0	0.0	0.0	3.3772218997643084	2.4412402559171062	0.0	0.511431018215039	0.0	0.32701306760817184	2.8234732791441868	1.0875359400804476	0.0	0.0	0.8206310571694848	1.9131682929311813	0.0	0.73982805194909	0.0	0.0	0.0	0.0	0.32701306760817184	0.0	0.0	0.32701306760817184	3.5115305881389203	0.8206310571694848	0.0	0.0	0.511431018215039	0.6404739882666413	0.0	2.295740697790721	0.0	0.0	0.0	0.0	0.0	3.735065218378746	1.9944395758216331	0.0	1.4101490964308676	2.103155335424725	0.9475885133699867	0.0	0.0	0.0	0.0	0.0	0.8887325496049633	0.0	0.0	0.32701306760817184	3.3287700766901187	0.0	0.32701306760817184	0.32701306760817184	0.0	0.0	0.0	0.32701306760817184	0.0	0.8206310571694848	0.6404739882666413	0.0	0.0	0.0	0.0	0.511431018215039	0.73982805194909	0.0	0.0	4.209671714436624	0.0	0.8206310571694848	0.0	0.8887325496049633	0.32701306760817184	0.0	0.0	0.0	0.0	0.0	1.2234003207014565	0.0	4.303397876878423	0.0	1.370442157006845	0.6404739882666413	0.32701306760817184	0.511431018215039	0.0	0.0	0.0	0.0	0.0	0.0	0.0	0.32701306760817184	3.026339725693172	0.0	0.0	0.32701306760817184	0.32701306760817184	0.0	0.0	2.404396429960601	0.0	0.32701306760817184	0.8206310571694848	1.4287192728192915	1.9131682929311813	1.2781344867560345	2.8758538380823513	0.32701306760817184	1.2516291025495916	0.0	0.0	0.511431018215039	0.73982805194909	0.0	0.0	0.0	0.0	0.0	1.0457052693227473	2.1256451452675185	0.32701306760817184	0.32701306760817184	0.0	3.365606228388731	0.73982805194909	0.32701306760817184	0.0	0.0	0.0	1.4959510441583983	2.1107820765870766	0.0	1.2516291025495916	1.5675658647987434	1.789994018015778	0.73982805194909	0.0	0.32701306760817184	0.0	0.0	0.0	1.1607595699016378	2.2204384641861155	0.0	0.32701306760817184	0.0	0.0	1.757133379597313	1.0875359400804476	0.0	2.0992911440561017	0.0	1.349138737952582	0.0	0.32701306760817184	0.8206310571694848	0.6404739882666413	0.32701306760817184	2.7596758256478475	0.0	0.32701306760817184	4.101222416520273	0.0	0.0	0.0	0.0	0.0	0.0	0.0	0.0	0.9475885133699867	0.0	0.0	0.0	0.0	0.0	0.0	0.0	0.0	0.32701306760817184	1.7820090042335084	3.99546948420018	3.761199272317537	0.32701306760817184	0.32701306760817184	0.32701306760817184	0.0	0.0	3.4285133453111776	0.0	0.8206310571694848	3.3351305165684555	0.0	0.0	0.0	0.0	1.1607595699016378	0.511431018215039	0.511431018215039	0.6404739882666413	0.6404739882666413	0.6404739882666413	0.0	0.0	0.0	0.32701306760817184	0.0	0.0	0.32701306760817184	0.0	0.0	0.8206310571694848	3.228868713725471	0.32701306760817184	1.9742103593505775	0.32701306760817184	0.0	0.32701306760817184	0.0	0.0	1.7397210454148957	0.0
SRR36103350	0.0	0.7054971406431103	1.0743984172489147	3.7689416190781575	0.0	0.0	0.3726490140008171	0.0	1.2026050368004666	0.0	2.305498737877637	0.0	3.9013309157017613	1.4498088383617411	0.0	0.5702092277854955	0.0	0.0	0.0	2.0662460023939637	0.0	0.0	0.0	0.0	0.0	0.0	1.1639276709482795	0.0	2.2689655285721764	0.0	3.821300740594029	0.5702092277854955	0.5702092277854955	1.5601799701447847	1.381939772887407	2.762222887646412	0.3726490140008171	0.0	0.0	0.0	0.0	0.3726490140008171	0.3726490140008171	0.8085003136070209	2.1049891724851575	0.0	0.0	0.0	0.0	1.3014640413970604	0.0	0.0	1.2381177906576069	0.5702092277854955	0.0	0.0	1.7322673266420432	0.0	0.3726490140008171	0.0	0.0	0.3726490140008171	0.0	0.0	0.0	3.7896344586465345	0.0	0.3726490140008171	0.0	0.0	0.0	0.3726490140008171	3.358840281886595	1.66117689858645	0.0	1.6063659753031534	0.7054971406431103	0.0	3.171597721346465	2.28456282205285	0.0	0.0	0.3726490140008171	1.0216026857922902	0.0	3.8076437962461442	0.3726490140008171	0.0	0.0	0.0	0.0	0.0	0.0	0.0	2.777261035683213	0.3726490140008171	0.5702092277854955	0.0	0.0	2.785073421049366	0.3726490140008171	1.66117689858645	0.0	0.0	0.0	0.0	0.0	2.114158027073198	1.5436246280012804	0.0	0.3726490140008171	2.949148709008201	2.3628565792172602	0.3726490140008171	0.0	0.0	0.0	3.0798961756890013	0.891696685782711	0.0	0.0	0.9614888645495883	0.5702092277854955	0.0	0.0	0.0	0.0	0.0	0.0	0.0	0.0	0.0	1.1639276709482795	0.0	0.0	0.0	0.5702092277854955	0.0	0.7054971406431103	0.5702092277854955	0.0	3.5650467379940713	0.5702092277854955	1.0743984172489147	0.5702092277854955	0.0	0.0	0.0	1.9639024221178465	0.0	0.0	0.0	2.305498737877637	0.0	4.445465809574541	0.0	2.8692685746729	0.0	0.3726490140008171	0.3726490140008171	0.3726490140008171	0.0	0.3726490140008171	0.0	0.0	0.0	0.0	0.5702092277854955	1.381939772887407	2.333758060075144	0.0	0.0	0.3726490140008171	0.5702092277854955	0.3726490140008171	0.7054971406431103	0.0	0.0	0.0	2.5859969885292924	0.3726490140008171	0.3726490140008171	1.64810894909848	0.5702092277854955	1.5436246280012804	1.1214660131939866	0.0	0.0	0.5702092277854955	0.0	0.0	0.0	0.0	0.0	0.3726490140008171	2.521780420618685	1.0216026857922902	0.0	0.8085003136070209	3.897687132436416	1.8297538860041669	2.925289215431425	1.2026050368004666	0.0	0.0	0.3726490140008171	0.8085003136070209	0.0	2.4313591351342927	1.3014640413970604	1.64810894909848	0.0	0.0	0.0	0.0	1.2709448552102218	0.3726490140008171	1.3299786493096455	3.0592890578848078	0.0	0.0	0.0	0.0	1.2709448552102218	1.381939772887407	1.5761273267973739	1.0743984172489147	0.0	0.7054971406431103	0.0	0.0	0.5702092277854955	0.0	0.5702092277854955	3.099100240195154	0.0	0.7054971406431103	4.133505069838004	0.0	0.0	0.0	0.0	0.0	0.0	0.0	2.6212608430213087	0.0	0.0	0.3726490140008171	0.0	0.0	0.3726490140008171	0.0	0.3726490140008171	0.0	0.3726490140008171	1.8119290811212954	2.43786599393972	2.3364854315585264	0.5702092277854955	0.3726490140008171	3.3305659192940915	0.0	0.0	1.5601799701447847	0.3726490140008171	1.1639276709482795	3.523970952789609	0.0	0.0	0.3726490140008171	0.0	1.5084912091861167	0.0	0.3726490140008171	0.0	0.3726490140008171	1.7322673266420432	0.0	1.3299786493096455	0.0	0.0	0.0	0.0	0.0	2.012385193847615	0.0	1.1639276709482795	2.693868810485789	1.6738630917282482	1.1639276709482795	0.3726490140008171	0.3726490140008171	0.0	0.0	0.3726490140008171	0.5702092277854955	0.0
SRR36103351	0.5464493940766	0.5464493940766	0.8632104232923512	2.2067503449391253	0.0	0.35403580629484555	0.0	0.0	1.8695724460418743	0.0	0.0	0.35403580629484555	2.107961964912338	0.8632104232923512	0.0	0.0	1.0444212340964856	0.6793248698397284	0.0	2.4690734135586276	0.0	0.35403580629484555	0.0	0.0	0.5464493940766	0.0	1.7108353675063277	0.35403580629484555	2.402990749598687	0.0	3.281166828745714	0.5464493940766	0.9323587004723148	0.0	0.6793248698397284	2.688841219431654	0.5464493940766	0.0	0.0	0.35403580629484555	0.0	0.0	0.0	0.35403580629484555	2.3875803364253074	0.0	0.0	0.0	0.0	0.0	0.35403580629484555	0.0	0.35403580629484555	1.39677138727625	0.0	0.0	3.3404883636682947	0.0	0.0	0.0	0.0	0.0	0.0	0.9323587004723148	0.0	3.3999205190265704	0.0	0.0	0.0	0.0	0.0	0.0	3.546434621546822	2.3550151847548064	0.0	1.2072428342819208	1.2072428342819208	0.0	2.6158411112319104	0.7809282253328278	0.0	0.0	0.35403580629484555	1.689003576443444	0.35403580629484555	2.0387294064712407	0.0	0.0	0.0	0.0	0.0	0.0	0.0	0.0	3.0192104906074633	0.7809282253328278	0.0	0.0	0.0	0.35403580629484555	0.0	2.6037502461481328	0.0	0.35403580629484555	0.5464493940766	0.0	0.0	3.5079359781099835	1.654049144519357	0.0	1.6025839110993967	3.0778696294530397	1.7610477848679942	0.0	0.0	0.0	0.0	0.0	2.7159735177859745	0.0	0.0	0.9919944704302476	1.5743674527790446	0.0	0.0	0.35403580629484555	0.0	0.0	0.0	0.0	0.0	0.0	1.239926982904859	0.0	0.0	0.0	0.5464493940766	0.0	0.7809282253328278	1.2703226120148645	0.0	4.422662050391223	0.0	0.9323587004723148	0.0	0.35403580629484555	0.0	0.0	0.0	0.0	0.0	0.0	1.8981576389084904	0.0	4.420776899376056	0.0	2.8412293715949017	0.0	0.0	0.5464493940766	0.0	0.0	0.0	0.0	0.0	0.0	0.0	0.35403580629484555	3.0931443790009365	0.0	0.0	0.0	0.0	0.35403580629484555	0.5464493940766	1.741653770990338	0.0	0.35403580629484555	0.0	1.0911954326047497	1.7610477848679942	1.0444212340964856	0.9919944704302476	0.6793248698397284	1.3742569141892196	1.9050193363587509	0.0	0.5464493940766	0.0	0.0	0.0	0.35403580629484555	0.0	0.0	0.35403580629484555	1.6660159514070967	0.8632104232923512	0.0	0.0	3.799279213674404	1.9623351801298399	1.2703226120148645	1.39677138727625	0.0	0.0	1.39677138727625	1.846826891967679	0.0	1.779612628385756	1.3505111336493132	2.931337907359642	0.35403580629484555	0.0	0.0	0.0	0.6793248698397284	0.5464493940766	0.0	1.956327737270365	0.35403580629484555	0.0	0.8632104232923512	0.0	1.6160331798009846	1.2987293377879099	0.0	1.3742569141892196	0.0	1.1718972916360442	0.0	0.0	0.0	0.5464493940766	0.9323587004723148	1.8545418662063569	0.0	2.163925898391285	4.283361815534562	0.0	0.0	0.35403580629484555	0.0	0.0	0.0	0.0	0.7809282253328278	0.35403580629484555	0.0	0.0	0.0	0.0	0.0	0.0	0.0	0.0	0.35403580629484555	1.7610477848679942	3.0970993537239235	3.0386568459618015	0.35403580629484555	0.0	0.0	0.0	0.0	1.6160331798009846	0.0	0.7809282253328278	2.922273508346974	0.5464493940766	0.35403580629484555	0.35403580629484555	0.0	0.5464493940766	0.6793248698397284	1.1718972916360442	0.5464493940766	0.6793248698397284	1.2072428342819208	0.0	1.2072428342819208	0.0	0.35403580629484555	0.0	0.0	0.0	1.5887047973665949	0.0	1.6025839110993967	3.5473663197678227	0.0	1.5595405834326679	0.0	0.0	0.7809282253328278	0.0	0.0	1.7108353675063277	0.35403580629484555
SRR36103352	0.0	0.0	0.0	0.0	0.0	0.0	0.0	0.0	1.6184204356550067	0.0	0.0	0.0	2.233629309117937	0.70359738299792	0.0	0.0	0.0	0.0	0.0	1.7910123144623609	0.0	0.0	0.0	0.0	0.0	0.0	0.70359738299792	0.0	1.5738231671738507	0.70359738299792	1.9141907300758112	0.0	0.0	0.0	0.0	2.898420246769958	0.0	0.0	0.0	0.0	0.0	0.0	0.0	1.6958555161538154	1.2358878026548554	0.0	0.0	0.0	0.0	0.0	0.0	0.0	0.0	1.8921927555785212	0.0	0.0	3.523893767021345	0.0	0.9593810109652823	0.0	0.0	1.1192782794867988	0.0	0.0	0.0	1.3277225160791275	0.0	0.0	0.0	0.0	0.0	0.0	3.8629272657132807	2.495716468782098	0.0	0.70359738299792	0.0	0.0	3.2698825928997874	0.70359738299792	0.0	0.0	0.0	1.1192782794867988	0.0	0.9593810109652823	0.0	0.0	0.0	0.0	0.0	0.0	0.0	0.0	0.70359738299792	0.0	0.0	0.0	0.0	1.1192782794867988	0.0	2.282208002013951	0.0	0.0	0.0	0.0	0.0	2.3089440680077007	2.058804219329667	0.0	0.70359738299792	3.6964144021705225	1.2358878026548554	0.0	0.0	0.0	0.0	0.0	0.9593810109652823	0.0	0.0	0.0	1.3277225160791275	0.0	0.0	0.0	0.0	0.0	0.0	0.0	0.0	0.0	1.1192782794867988	0.0	0.0	0.70359738299792	0.0	0.0	0.70359738299792	0.0	0.0	3.227187351741067	0.0	0.0	0.0	0.0	0.0	0.0	0.0	0.0	0.0	0.0	1.7910123144623609	0.0	4.688255461767274	0.0	3.386889255057009	0.70359738299792	0.0	0.9593810109652823	0.0	0.0	0.0	0.0	0.0	0.0	0.0	0.0	0.0	0.0	0.0	0.0	0.0	0.70359738299792	0.0	1.818601626276536	0.0	0.0	0.0	1.4679766402913754	0.70359738299792	0.0	0.0	0.0	0.0	0.0	0.0	0.0	1.2358878026548554	0.0	0.0	0.0	0.0	0.0	0.0	0.0	0.0	0.0	0.0	1.8921927555785212	0.0	0.0	0.0	0.0	0.0	1.5738231671738507	0.0	0.0	1.3277225160791275	0.9593810109652823	4.101468382832172	0.0	0.0	0.0	0.0	0.0	0.70359738299792	1.761550732190653	2.9793600856301095	0.0	0.0	0.0	0.0	0.9593810109652823	0.0	0.0	0.9593810109652823	0.0	0.70359738299792	0.0	0.0	0.9593810109652823	0.0	0.0	1.1192782794867988	0.0	0.0	4.2213873406798585	0.0	0.0	0.0	0.0	0.0	0.0	0.0	0.0	0.0	0.0	0.0	0.0	0.0	0.0	1.2358878026548554	0.0	0.0	0.0	1.6958555161538154	3.6274706515117567	2.1671049862057874	1.2358878026548554	0.0	0.0	0.0	0.0	0.0	0.0	1.1192782794867988	1.4679766402913754	0.0	0.0	0.0	0.0	0.0	0.70359738299792	0.0	0.0	0.0	0.70359738299792	0.0	2.7158827395190333	0.0	0.0	0.0	0.0	0.0	0.0	0.0	0.70359738299792	2.334129222512992	0.70359738299792	0.0	0.0	0.0	1.1192782794867988	0.0	1.2358878026548554	0.70359738299792	0.0
SRR36103353	0.0	0.48513556413189274	0.6110657700989717	1.8041679496657153	0.0	0.0	0.7881462402004504	0.0	1.3731810229136254	0.0	1.0107847395680862	0.0	1.7019218071740487	2.101775816881056	0.0	0.30705455000940146	1.0901631988615883	0.0	0.0	1.516747645952573	0.0	0.0	0.0	0.0	0.0	0.0	1.591439549886323	0.0	1.7599438803149092	0.0	3.9672681924352795	0.30705455000940146	1.0901631988615883	0.0	0.0	1.6744678399992958	0.0	0.0	0.0	0.0	0.0	0.48513556413189274	0.0	1.0107847395680862	1.8111198327778268	0.0	0.0	0.48513556413189274	0.0	0.0	0.0	0.0	0.30705455000940146	0.48513556413189274	0.0	0.0	1.9563152008092168	0.0	0.0	0.0	0.0	0.6110657700989717	0.0	0.0	0.48513556413189274	3.3222292671084523	0.0	0.0	0.0	0.0	0.0	0.0	3.37576151595685	0.7881462402004504	0.0	0.8553752482044135	0.48513556413189274	0.0	2.2267385486065594	0.9648957237400307	0.30705455000940146	0.0	0.0	1.7899211618533586	0.0	0.30705455000940146	0.30705455000940146	0.0	0.0	0.30705455000940146	0.0	0.0	0.0	0.0	2.6139971599945366	0.0	0.0	0.0	0.0	2.798698813211622	0.0	1.5679411850339622	0.0	0.0	0.0	0.0	0.0	3.223346976183504	1.8246984071616763	0.0	1.2900986070614697	2.0288865090086605	2.0946544892573535	0.0	0.0	0.0	0.0	1.8926249356833222	1.442893062125385	0.30705455000940146	1.0901631988615883	0.48513556413189274	1.8926249356833222	0.0	0.0	0.30705455000940146	0.0	0.0	0.0	0.0	0.0	0.0	0.7085695800735757	0.0	0.0	0.0	0.0	0.0	0.8553752482044135	0.30705455000940146	0.0	3.7298012851325737	0.0	0.0	0.0	0.6110657700989717	0.0	0.0	0.0	0.0	0.0	0.0	0.30705455000940146	0.30705455000940146	4.1363721913667275	0.0	2.18797924111536	0.7085695800735757	0.0	1.0901631988615883	0.0	0.0	0.30705455000940146	0.0	0.0	0.0	0.0	0.0	0.0	0.0	0.0	0.0	0.0	0.30705455000940146	0.0	1.6649168166000194	0.0	0.0	0.0	1.3538525127836614	1.719305354813751	0.9135787386746222	1.125001132529702	0.0	1.1872703356015788	0.6110657700989717	0.0	0.7085695800735757	0.9135787386746222	0.30705455000940146	0.0	0.0	0.0	0.30705455000940146	1.0522850066893548	2.522475256650528	0.0	0.0	0.0	3.532708591031044	1.2665829477806387	0.7085695800735757	0.30705455000940146	0.30705455000940146	0.0	2.7693420710934094	1.7521147086800626	0.0	1.8506446724572543	0.48513556413189274	1.869135208507078	0.30705455000940146	0.0	0.30705455000940146	0.0	0.30705455000940146	0.6110657700989717	1.442893062125385	4.66377727582484	0.0	0.0	0.0	0.0	1.3731810229136254	0.48513556413189274	0.0	1.7277429754230165	0.0	0.48513556413189274	0.0	0.0	0.6110657700989717	0.0	0.30705455000940146	2.9106769561150703	0.0	0.0	3.9117309931479705	0.0	0.0	0.30705455000940146	0.0	0.0	0.0	0.0	0.48513556413189274	0.6110657700989717	0.0	0.0	0.0	0.7085695800735757	0.0	0.30705455000940146	0.0	0.0	0.0	1.3731810229136254	3.2788972054482928	3.455694670484262	0.8553752482044135	0.30705455000940146	2.8520557152649797	0.0	0.0	0.48513556413189274	0.0	0.8553752482044135	3.034383839771653	0.0	0.0	0.48513556413189274	0.0	0.6110657700989717	0.30705455000940146	0.48513556413189274	0.0	0.0	1.0901631988615883	0.0	1.6451605510511138	0.0	0.0	0.0	0.0	0.0	0.6110657700989717	0.0	0.9135787386746222	3.68276644336404	0.0	1.683813328889309	0.0	0.0	0.30705455000940146	0.0	0.30705455000940146	1.2417207310827831	0.30705455000940146
SRR36103354	0.0	0.0	0.8368999351545967	1.4531522432702606	0.0	0.0	0.0	0.0	1.6241140260313354	0.0	1.19514531161931	0.4707583715006962	2.3724776034209833	0.5948951527250292	0.0	0.0	0.6913232807225462	0.0	0.0	1.1372397183763165	0.296266594237546	0.0	0.0	0.0	0.0	0.0	1.5817332681978264	0.0	1.5817332681978264	0.0	3.7985653039528873	0.4707583715006962	1.333283104960974	0.0	0.0	1.3525691367050277	0.0	0.0	0.0	0.0	0.0	0.296266594237546	0.0	0.4707583715006962	1.904352330613898	0.0	0.0	1.221438687930212	0.0	0.0	0.0	0.0	0.296266594237546	0.0	0.0	0.0	2.483211904380314	0.0	0.0	0.0	0.0	0.6913232807225462	0.0	0.0	0.296266594237546	2.840467309927583	0.0	0.0	0.0	0.0	0.0	0.0	3.1904557491650003	0.6913232807225462	0.0	2.8380067891097416	0.0	0.0	1.9772919506797273	0.6913232807225462	0.0	0.296266594237546	0.0	1.5927224469890373	0.296266594237546	0.8368999351545967	0.296266594237546	0.0	0.0	0.0	0.0	0.296266594237546	0.0	0.0	2.67974903814497	0.296266594237546	0.0	0.0	0.296266594237546	3.703324372669968	0.0	1.939919196751174	0.0	0.0	0.5948951527250292	0.0	0.0	3.5641066496777754	1.6981804289566584	0.0	1.2462306581779814	1.7309591356039402	2.01581760517787	0.0	0.0	0.0	0.0	0.7701829727895716	0.7701829727895716	0.0	0.0	0.296266594237546	1.4678643750986757	0.0	0.0	0.4707583715006962	0.0	0.0	0.0	0.0	0.296266594237546	0.0	0.0	0.0	0.0	0.0	0.0	0.296266594237546	1.0326927164265083	0.0	0.0	3.7428546936632863	0.0	0.0	0.0	0.5948951527250292	0.0	0.0	0.0	0.0	0.0	0.0	1.0326927164265083	0.0	4.189105557653429	0.0	2.1143448339752617	0.0	0.296266594237546	0.4707583715006962	0.296266594237546	0.0	0.296266594237546	0.0	0.0	0.0	0.0	0.0	0.5948951527250292	0.0	0.0	0.296266594237546	0.296266594237546	0.296266594237546	0.0	1.7464651249365675	0.0	0.0	0.0	1.1372397183763165	1.6241140260313354	1.1372397183763165	0.5948951527250292	0.0	0.9457377789104174	0.0	0.0	0.5948951527250292	0.9457377789104174	0.0	0.0	0.0	0.0	0.296266594237546	0.4707583715006962	2.723635540308964	0.0	0.0	0.0	3.490522625781003	0.0	0.0	0.0	0.0	0.0	2.3289212943864475	1.6718633550585773	0.0	2.0623844564016416	0.6913232807225462	1.4678643750986757	0.0	0.0	0.0	0.0	0.0	0.0	2.2669334217330004	4.610723262549968	0.0	0.0	0.0	0.0	1.19514531161931	0.6913232807225462	0.0	1.4531522432702606	0.0	0.6913232807225462	0.0	0.296266594237546	0.296266594237546	0.296266594237546	0.0	3.4498162225360387	0.0	0.296266594237546	4.128944812934643	0.0	0.296266594237546	0.0	0.0	0.296266594237546	0.0	0.0	0.0	0.7701829727895716	0.0	0.0	0.0	0.894719431832218	0.0	0.4707583715006962	0.0	0.0	0.0	1.333283104960974	3.267117022579221	3.228472073546528	0.5948951527250292	0.296266594237546	0.0	0.0	0.0	0.5948951527250292	0.0	0.6913232807225462	1.0326927164265083	0.0	0.0	0.296266594237546	0.0	0.894719431832218	0.0	0.296266594237546	0.0	0.4707583715006962	0.8368999351545967	0.0	1.333283104960974	0.0	0.0	0.0	0.0	0.0	0.6913232807225462	0.0	1.167156888565348	3.397985010582848	0.0	1.5221840794203227	0.0	0.0	0.296266594237546	0.0	0.0	1.4057661007303832	0.0
SRR36103355	0.38436783105492117	0.0	1.5957515622031286	0.38436783105492117	0.0	0.38436783105492117	0.0	0.0	1.2215155559883564	0.0	2.6159308982464533	0.2333871086624093	2.761972254907447	1.2738922350028152	0.0	0.2333871086624093	0.4961849907637843	0.2333871086624093	0.0	1.7887403471746597	0.0	0.0	0.0	0.0	0.2333871086624093	0.0	2.062799923075595	0.0	2.29531436627486	0.0	4.207006915644386	0.38436783105492117	2.884578601103551	0.0	0.0	3.5858304262450673	0.38436783105492117	0.0	0.0	0.0	0.0	0.4961849907637843	0.0	1.0107248327827607	1.7986782554224066	0.0	0.2333871086624093	0.38436783105492117	0.0	0.0	0.0	0.0	0.9794792924448542	0.2333871086624093	0.0	0.0	2.051969440209728	0.0	0.2333871086624093	0.2333871086624093	0.0	0.2333871086624093	0.0	0.721748087719202	0.0	3.37872034607333	0.0	0.2333871086624093	0.0	0.0	0.0	0.38436783105492117	3.5329342064213956	1.0671863275812306	0.0	1.8452183919631278	1.2396854169219582	0.2333871086624093	2.984268664583789	0.0	0.0	0.5850274452899509	0.2333871086624093	1.5632082116329222	0.8255768121056445	2.156270567082859	0.721748087719202	0.0	0.0	0.0	0.4961849907637843	0.0	0.0	0.0	3.2107824765520774	0.38436783105492117	0.6587458391482257	0.0	0.0	1.2738922350028152	0.0	2.3892694070712954	0.0	0.0	0.2333871086624093	0.0	0.0	1.9995832695020241	0.5850274452899509	0.0	0.2333871086624093	2.8194690736447003	2.051969440209728	0.0	0.0	0.0	0.0	1.6260253910657565	2.843605147911976	0.2333871086624093	0.721748087719202	0.2333871086624093	0.7767579381291358	0.0	0.38436783105492117	0.5850274452899509	0.0	0.0	0.2333871086624093	0.0	0.0	0.0	1.1619446061368428	0.0	0.0	0.2333871086624093	0.0	0.4961849907637843	0.7767579381291358	1.7733936320029513	0.38436783105492117	3.5079529008180423	0.0	0.5850274452899509	0.0	0.0	0.0	0.0	0.0	0.0	0.2333871086624093	0.0	0.7767579381291358	0.0	4.479907338943236	0.0	1.039872486217381	0.721748087719202	0.38436783105492117	2.1179730914489725	0.0	0.0	0.0	0.0	0.2333871086624093	0.0	0.0	0.0	1.202552191648411	0.0	0.0	0.0	0.0	0.0	0.38436783105492117	0.38436783105492117	0.0	0.6587458391482257	0.0	0.4961849907637843	0.4961849907637843	0.0	0.721748087719202	0.6587458391482257	1.039872486217381	1.9364374635189918	0.0	0.7767579381291358	1.0107248327827607	0.38436783105492117	0.2333871086624093	0.0	0.0	0.0	0.0	3.0471036245839884	0.38436783105492117	0.0	0.0	3.5637034466566306	1.8496094380852552	2.9450622901455756	0.0	0.0	0.0	0.9093100472091437	0.721748087719202	0.0	2.2420835707209053	1.039872486217381	2.2456086303407283	0.0	0.0	0.0	0.0	0.38436783105492117	0.7767579381291358	0.8255768121056445	3.897029379848373	0.0	0.2333871086624093	0.4961849907637843	0.0	0.8255768121056445	0.6587458391482257	0.6587458391482257	0.5850274452899509	0.0	1.0671863275812306	0.0	0.0	0.38436783105492117	0.38436783105492117	0.6587458391482257	3.6809498971132566	0.0	0.2333871086624093	4.207831116646	0.0	0.0	0.0	0.0	0.0	0.0	0.2333871086624093	0.5850274452899509	0.0	0.0	0.2333871086624093	0.0	0.721748087719202	0.0	0.0	0.0	0.2333871086624093	0.38436783105492117	1.401268981443057	1.587841475536235	2.136416713445759	0.6587458391482257	0.2333871086624093	2.8037338659626347	0.6587458391482257	0.2333871086624093	0.7767579381291358	0.0	2.4643530211077946	3.6165553501316032	0.5850274452899509	0.0	0.945810292432623	0.0	1.509306976884634	0.7767579381291358	0.945810292432623	0.4961849907637843	0.4961849907637843	1.3628168649468377	0.0	1.0928835091418991	0.0	0.0	0.0	0.0	0.0	1.2571255226379656	0.0	1.2900356283632417	3.154834540909504	1.8452183919631278	1.039872486217381	0.38436783105492117	0.0	0.4961849907637843	0.0	0.0	0.6587458391482257	0.0
SRR36103357	0.0	0.0	0.27693873700711924	0.27693873700711924	0.0	0.0	0.6597552617050982	0.0	1.341707527616904	0.0	1.3756262316063057	0.27693873700711924	0.44469315931965503	0.9765667797440335	0.0	0.16017981051814742	0.9765667797440335	0.0	0.0	1.1577936300229896	0.0	0.16017981051814742	0.0	0.0	0.0	0.0	1.0156449430013457	0.0	1.4834236891982366	0.0	3.10698798412309	0.36886587663205517	1.5258322976150123	0.0	0.0	1.5315662500025007	0.36886587663205517	0.0	0.0	0.0	0.0	0.16017981051814742	0.0	0.16017981051814742	1.6956408302975072	0.0	0.0	0.5654026856697816	0.0	0.0	0.0	0.16017981051814742	0.5092283026991477	0.36886587663205517	0.0	0.0	0.7372231445861054	0.0	0.36886587663205517	0.0	0.0	0.16017981051814742	0.0	0.0	0.5654026856697816	2.6618896823167297	0.0	0.16017981051814742	0.0	0.0	0.0	0.0	2.400067200152472	1.2540513210330728	0.0	2.0300210611060487	0.16017981051814742	0.0	2.047732331726188	0.7002142231902105	0.0	0.0	0.0	1.6416692163175355	0.0	0.6597552617050982	0.6151362694637017	0.0	0.0	0.0	0.0	0.0	0.0	0.16017981051814742	1.6917191240697977	0.0	0.44469315931965503	0.0	0.0	3.3957138093333503	0.0	0.9336214999020759	0.0	0.0	0.16017981051814742	0.0	0.27693873700711924	3.119965243711209	1.4638991969001915	0.0	1.1002670281773095	1.8622039990576287	2.1615787684604175	0.0	0.0	0.0	0.0	0.0	2.4989402181512523	0.0	0.44469315931965503	0.27693873700711924	1.3756262316063057	0.0	0.16017981051814742	0.0	0.0	0.0	0.0	0.0	0.27693873700711924	0.36886587663205517	0.5654026856697816	0.0	0.0	0.0	0.27693873700711924	0.16017981051814742	0.7372231445861054	0.6151362694637017	0.16017981051814742	3.318897524623434	0.0	0.44469315931965503	0.0	0.5654026856697816	0.0	0.0	0.0	0.0	0.0	0.0	0.0	0.36886587663205517	4.112656480376532	0.0	3.2367735444840466	0.5092283026991477	0.0	1.8144441974169714	0.44469315931965503	0.0	0.36886587663205517	0.0	0.16017981051814742	0.0	0.0	0.0	0.16017981051814742	0.0	0.0	0.0	0.0	0.0	0.0	1.0156449430013457	0.0	0.27693873700711924	0.0	1.1441104670624096	1.3916412759545138	0.9965452487031177	2.7279167228071226	0.0	0.8324130081461938	0.44469315931965503	0.0	0.0	0.7713244609478158	0.16017981051814742	0.0	0.0	0.0	0.0	0.6597552617050982	2.2516948155921606	0.0	0.0	0.0	2.8008162011143956	0.0	0.8029419516523144	0.36886587663205517	0.0	0.0	2.2418176248668256	1.747122053807303	0.0	1.747122053807303	0.36886587663205517	0.5654026856697816	0.0	0.16017981051814742	0.0	0.0	0.16017981051814742	0.0	0.9556247550531858	4.846405185771099	0.0	0.0	0.0	0.0	1.1299821295357904	0.5092283026991477	0.9765667797440335	1.7033795756738865	0.0	0.6151362694637017	0.0	0.36886587663205517	0.6597552617050982	0.0	0.0	2.541601501291205	0.0	0.0	3.810507775606843	0.0	0.0	0.0	0.0	0.16017981051814742	0.0	0.0	0.9556247550531858	0.36886587663205517	0.0	0.0	0.0	0.9336214999020759	0.16017981051814742	0.16017981051814742	0.0	0.0	0.0	1.3504387700633935	3.283672285465094	3.355256596463556	0.6151362694637017	0.0	0.0	0.0	0.27693873700711924	0.27693873700711924	0.0	0.6597552617050982	2.917069917537522	0.16017981051814742	0.0	0.16017981051814742	0.16017981051814742	0.36886587663205517	0.5654026856697816	0.0	0.0	0.0	1.817403788276565	0.16017981051814742	0.8600106277172668	0.0	0.0	0.0	0.0	0.0	1.1441104670624096	0.0	0.5654026856697816	2.875518747946291	0.8324130081461938	1.5141321552494258	0.36886587663205517	0.0	0.27693873700711924	0.0	0.16017981051814742	1.3504387700633935	0.0
SRR36103358	0.0	0.0	0.9961714245790758	3.213444275929921	0.0	0.0	0.0	0.0	1.103711500148116	0.0	1.736184382316189	0.0	2.638403645571034	0.9961714245790758	0.0	0.4266809374120797	0.0	0.0	0.0	1.7133923757205736	0.0	0.0	0.0	0.0	0.19229264360815643	0.19229264360815643	1.3346454160551933	0.0	2.3444329667053965	0.0	3.4957414901510386	0.6376984920282971	2.813604914338446	0.0	0.0	1.6312010227934062	0.32511092082907805	0.0	0.0	0.0	0.0	0.32511092082907805	0.0	1.6312010227934062	2.70145574567894	0.0	0.0	0.19229264360815643	0.0	0.0	0.0	0.0	1.8755411662596806	0.5089413033762609	0.0	0.0	0.5780741748513547	0.0	0.32511092082907805	0.0	0.0	0.4266809374120797	0.0	0.0	0.0	3.7410537651596902	0.19229264360815643	0.19229264360815643	0.0	0.0	0.0	0.19229264360815643	3.6834242365174648	2.0937724599170147	0.0	2.4463930399099807	0.7791005979275301	0.0	2.427826663711537	0.0	0.690116407420331	0.0	0.32511092082907805	2.1571414340841844	0.19229264360815643	0.9710538553620782	0.5780741748513547	0.0	0.0	0.0	0.0	0.5089413033762609	0.0	0.0	3.29692533288435	0.32511092082907805	0.0	0.4266809374120797	0.0	1.3116586408684534	0.0	1.9982225263831466	0.0	0.19229264360815643	0.19229264360815643	0.0	0.0	1.6532524833974467	1.019915391498371	0.0	0.0	3.1850088604712914	3.2997246549325028	0.0	0.0	0.19229264360815643	0.7368835644225661	0.4266809374120797	0.32511092082907805	0.0	0.0	1.042428234208885	0.32511092082907805	0.0	0.0	0.0	0.0	0.0	0.0	0.0	0.0	0.0	0.8175749225117375	0.0	0.0	0.0	0.32511092082907805	0.32511092082907805	0.9159898148476623	0.6376984920282971	0.0	3.628550077771852	0.0	0.5780741748513547	0.6376984920282971	0.0	0.19229264360815643	0.0	0.0	0.0	0.0	0.0	0.4266809374120797	0.0	4.49316012755949	0.0	3.2862954620457474	0.0	0.690116407420331	2.462533507349034	0.0	0.19229264360815643	0.5089413033762609	0.0	0.0	0.0	0.0	0.19229264360815643	1.173924852837417	0.0	0.0	0.0	0.0	0.6376984920282971	0.19229264360815643	0.5089413033762609	0.0	0.0	0.0	0.0	0.4266809374120797	0.0	1.042428234208885	0.4266809374120797	0.9961714245790758	2.3719965991706333	0.0	0.690116407420331	0.0	0.4266809374120797	0.19229264360815643	0.19229264360815643	0.0	0.19229264360815643	0.32511092082907805	2.3173368747173257	0.32511092082907805	0.0	0.32511092082907805	3.8890310624881295	0.0	1.7824765395920976	0.8529164457863092	0.0	0.0	0.7368835644225661	0.7791005979275301	0.0	2.320817790643752	0.8529164457863092	2.824973614275162	0.4266809374120797	0.0	0.0	0.0	0.0	0.19229264360815643	0.19229264360815643	3.688608240149446	0.0	0.0	0.0	0.0	1.103711500148116	0.8529164457863092	0.0	0.5089413033762609	0.0	0.5780741748513547	0.0	0.0	0.0	0.0	0.8529164457863092	3.804929616196345	0.0	1.7272105995265024	4.235034275166758	0.0	0.0	0.0	0.0	0.0	0.0	0.0	1.8755411662596806	0.0	0.0	0.0	0.0	0.19229264360815643	0.0	0.0	0.0	0.0	0.0	1.3233040941075795	1.820665668992879	1.8690491203365824	0.0	0.5089413033762609	0.5780741748513547	0.0	0.6376984920282971	0.32511092082907805	0.0	1.3456980885608165	3.158292616070211	0.0	0.0	0.32511092082907805	0.690116407420331	1.932809485973207	0.5089413033762609	0.4266809374120797	0.19229264360815643	0.19229264360815643	1.8557664295037437	0.0	1.3970987726053243	0.19229264360815643	0.19229264360815643	0.0	0.0	0.19229264360815643	2.3689040201746643	0.0	1.4066872345787556	3.8652805733290774	1.2616778799334614	0.8529164457863092	0.19229264360815643	0.0	0.19229264360815643	0.4266809374120797	0.19229264360815643	0.0	0.0
SRR36103359	0.47341966429553073	0.47341966429553073	0.47341966429553073	0.6945242947729054	0.6325482210233571	0.0	0.9159259601493557	0.2196315834424291	1.4668931934202045	0.0	1.4859780197775314	1.4040233163778724	0.7487505095009521	2.988465103762138	0.0	0.0	1.4570267769541794	0.36480592902719966	0.0	1.6906134680783453	0.0	0.2196315834424291	0.2196315834424291	0.0	0.0	0.0	1.802958809161031	0.0	2.4452177058419373	0.0	3.0479032720214967	0.2196315834424291	2.218915844827319	0.8403330315367541	0.2196315834424291	1.8994012085125185	0.6325482210233571	0.2196315834424291	0.0	0.0	0.0	0.6325482210233571	0.0	1.1897696239496511	1.8248932508300049	0.0	0.0	0.9159259601493557	0.0	0.7487505095009521	0.2196315834424291	0.0	2.5054445673277552	0.6945242947729054	0.0	0.0	1.7077545343019307	0.0	0.36480592902719966	0.0	0.0	0.6325482210233571	0.0	0.0	0.47341966429553073	3.2637181178589243	0.36480592902719966	0.0	0.0	0.0	0.0	0.47341966429553073	3.3828352698278676	1.2078532679156897	0.0	1.7077545343019307	0.9159259601493557	0.2196315834424291	2.446241939031748	1.2078532679156897	0.5602317620883183	0.0	0.2196315834424291	2.1416364605396545	0.47341966429553073	2.4441910514055287	0.2196315834424291	0.0	0.0	0.0	0.0	0.0	0.0	0.0	2.8163941590018124	0.2196315834424291	0.2196315834424291	0.0	0.5602317620883183	2.5027583082722056	0.5602317620883183	1.765382633604999	0.0	0.36480592902719966	2.477803639253009	0.0	0.36480592902719966	3.736402032575694	1.8162519525207448	0.0	1.5548950622690998	2.9230088488598343	2.2754984017426194	0.0	0.0	0.0	0.0	2.452337124459121	2.8405745421747515	0.7487505095009521	3.4262838331772603	0.47341966429553073	1.7077545343019307	0.0	0.0	0.0	0.0	0.0	0.0	0.0	0.0	0.5602317620883183	1.130507886629419	0.0	0.0	0.0	0.6945242947729054	0.6325482210233571	1.1897696239496511	0.6945242947729054	0.36480592902719966	3.5696635494349147	0.0	0.8403330315367541	0.36480592902719966	0.9493000111871953	1.061862247313303	0.2196315834424291	0.0	0.0	0.2196315834424291	0.0	1.2734839578480603	0.47341966429553073	4.251273991581042	2.1161472836665265	2.6309365450575966	0.980291391697894	0.0	1.8809991631086154	0.2196315834424291	0.36480592902719966	0.47341966429553073	0.36480592902719966	0.0	0.0	0.0	0.0	1.4040233163778724	0.0	0.2196315834424291	0.2196315834424291	0.0	0.6325482210233571	0.36480592902719966	0.7969513865483641	0.0	0.2196315834424291	0.0	1.7702613379322623	2.4603332104013544	1.7296051221398694	1.3808674005024986	1.061862247313303	1.5303147642436132	2.0045075569241835	0.0	0.5602317620883183	1.2419072007387326	0.2196315834424291	0.36480592902719966	0.0	0.0	0.2196315834424291	1.1088096300638453	3.8141778610648736	0.6325482210233571	0.2196315834424291	0.0	3.718794576326005	1.4765404321575983	1.9340193322942094	0.8403330315367541	0.0	0.0	3.1844907487139067	2.203090837867697	0.0	2.270927148909553	1.061862247313303	2.2785193896877627	0.47341966429553073	0.0	0.47341966429553073	0.36480592902719966	1.495214874965019	0.36480592902719966	1.0092177604073145	4.287805922483138	0.0	0.2196315834424291	0.0	0.0	1.8291502667125552	1.03633720108856	1.5856438908337063	2.1161472836665265	0.9159259601493557	1.3925996699041283	0.0	0.2196315834424291	1.368809368446761	0.2196315834424291	0.7487505095009521	2.5677091771141587	0.0	1.4570267769541794	4.172674201618807	0.0	0.0	0.2196315834424291	0.0	0.0	0.0	0.0	0.7487505095009521	1.151173444333083	0.2196315834424291	0.2196315834424291	0.2196315834424291	0.47341966429553073	2.9655628586799705	0.0	0.2196315834424291	0.0	0.0	1.4668931934202045	2.5339461778492383	3.8071940056112865	3.4835988387789674	0.2196315834424291	0.9493000111871953	0.2196315834424291	0.0	1.2419072007387326	0.0	1.2252139288075476	2.6180428702859224	2.0045075569241835	0.0	0.2196315834424291	0.2196315834424291	1.4859780197775314	0.7487505095009521	0.8403330315367541	0.0	0.0	1.3808674005024986	0.36480592902719966	1.151173444333083	0.0	0.0	0.0	0.0	0.0	1.9100794260915974	0.0	1.0859700085741164	3.699073429926087	0.8403330315367541	2.1657122236664814	0.6325482210233571	0.2196315834424291	0.36480592902719966	0.0	0.8403330315367541	1.9406237274316422	0.36480592902719966
SRR36103388	0.0	0.0	0.0	3.5654274642418207	0.0	0.0	0.0	0.0	1.459936982060539	0.0	0.0	0.3161004891027402	3.644631178663968	3.3458017818906978	0.0	0.0	0.8706217248099823	0.0	0.0	1.3504885211182136	0.0	0.3161004891027402	0.0	0.0	0.0	0.0	1.0684160893572185	0.0	1.7850075015456763	0.0	3.7176933374667716	0.0	1.1064229272716548	0.0	0.0	2.883901489893819	0.0	0.0	0.0	0.0	0.0	0.0	0.0	1.1737125021580286	1.8353676496088476	0.0	0.0	0.0	0.0	0.0	0.0	0.0	0.0	0.0	0.0	0.0	1.8487451888642488	0.0	0.3161004891027402	0.0	0.0	0.4971012305534357	0.3161004891027402	0.0	0.0	2.267515997678334	0.0	0.0	0.0	0.0	0.0	0.0	2.205535752782458	2.9288725766465085	0.0	1.8804901981133768	0.0	0.3161004891027402	2.5673715680427525	1.1064229272716548	0.0	0.0	0.0	1.4757692332264276	0.0	0.3161004891027402	0.3161004891027402	0.0	0.0	0.0	0.0	0.0	0.0	0.0	2.6337903017300395	0.0	0.3161004891027402	0.3161004891027402	1.3707541046026304	1.701123435072248	0.0	1.7102795303058413	0.0	0.0	0.0	0.0	0.0	2.7153181842881122	1.572884302354156	0.0	1.5338893516244543	1.9835596085165523	1.5058008194020065	0.0	0.0	0.0	0.0	0.0	0.7228379940620273	0.3161004891027402	0.3161004891027402	0.0	1.4435056563292696	0.0	0.0	0.0	0.0	0.0	0.0	0.0	0.0	0.0	0.3161004891027402	0.0	0.0	0.0	0.3161004891027402	0.0	0.8029858291707107	0.0	0.0	3.355547945730609	0.0	0.3161004891027402	0.0	0.3161004891027402	0.0	0.0	0.0	0.0	0.0	0.0	0.3161004891027402	0.0	4.176443435428519	0.0	2.674992967979589	0.0	0.0	1.329230794622697	0.9806833046596706	0.0	0.3161004891027402	0.0	0.3161004891027402	0.0	0.0	0.0	0.0	0.0	0.0	0.0	0.0	0.4971012305534357	0.0	2.1724441735489615	0.0	0.0	0.0	0.7228379940620273	2.5454220122063895	0.6244740517798107	0.9291297846835228	1.231961360640725	0.7228379940620273	0.0	0.0	0.3161004891027402	0.9806833046596706	0.0	0.0	0.0	0.0	0.0	0.6244740517798107	2.7144216852765415	0.0	0.0	0.0	3.4450986782559716	0.0	0.3161004891027402	0.0	0.0	0.0	1.4435056563292696	1.4086514895059785	0.0	1.4910445611946972	0.0	0.8029858291707107	0.0	0.0	0.0	0.0	0.0	0.3161004891027402	0.9291297846835228	4.7336223605136825	0.0	1.2833135981287667	0.3161004891027402	0.0	1.0267613268740372	1.2583960422955032	0.0	1.1737125021580286	0.3161004891027402	0.6244740517798107	0.0	0.4971012305534357	0.3161004891027402	0.0	0.0	3.533689423625747	0.0	0.4971012305534357	3.544838072727902	0.0	0.0	0.0	0.0	0.0	0.9806833046596706	0.0	1.4086514895059785	0.3161004891027402	0.0	0.0	0.0	0.7228379940620273	0.0	0.0	0.0	0.0	0.0	1.0267613268740372	3.1123972101337336	3.0577730860925088	0.3161004891027402	0.0	1.2038127639174694	0.0	0.0	0.0	0.0	0.9806833046596706	3.4807975361158308	0.0	0.0	0.0	0.0	1.329230794622697	0.4971012305534357	0.0	0.0	0.3161004891027402	0.0	0.0	1.1413696438259646	0.0	0.0	0.0	0.0	0.0	1.8215649109788468	0.0	0.7228379940620273	2.709911219133284	0.0	1.1737125021580286	0.0	0.0	0.0	0.0	0.0	1.231961360640725	0.6244740517798107
SRR36103389	0.0	0.0	0.0	2.9557593770221238	0.0	0.0	0.0	0.29493845865893203	1.2671383591460625	0.0	0.0	0.0	0.0	0.29493845865893203	0.0	0.0	0.29493845865893203	0.29493845865893203	0.0	0.7679506972635273	0.0	0.29493845865893203	0.0	0.0	0.0	0.0	2.2357738371405653	0.0	1.1926273481359364	0.0	4.498677599847055	0.0	2.5583066595201127	0.0	0.0	2.7436269553633887	0.29493845865893203	0.0	0.0	0.0	0.0	0.29493845865893203	0.0	0.4689800692486593	1.134746301742576	0.0	0.0	0.4689800692486593	0.0	0.0	0.0	0.0	0.0	1.2893820527340247	0.0	0.0	2.539215221020443	0.0	0.0	0.29493845865893203	0.0	0.29493845865893203	0.0	0.0	0.0	2.0560224811081698	0.0	0.4689800692486593	0.0	0.0	0.0	0.0	2.3839795903660597	0.29493845865893203	0.0	3.1089711360210592	0.29493845865893203	0.29493845865893203	0.0	0.29493845865893203	0.0	0.0	0.0	1.5678412327217581	0.0	0.6891821067068421	0.29493845865893203	0.0	0.0	0.0	0.0	0.0	0.0	0.0	1.862957428459425	0.0	0.0	0.0	0.0	1.3861677790129312	0.0	1.9223734003806279	0.0	0.0	0.0	0.0	0.0	2.1431533220499213	1.2671383591460625	0.0	0.4689800692486593	2.9267643643591086	2.4777290190991663	0.0	0.0	0.0	0.0	3.241801653273012	1.218910613679289	0.0	0.0	0.0	1.1026298508113865	0.0	0.0	0.0	0.0	0.0	0.0	0.0	0.0	0.0	0.0	0.0	0.0	0.0	0.0	0.0	0.29493845865893203	0.0	0.29493845865893203	2.7549074059853265	0.0	0.0	0.0	0.0	0.0	0.0	0.0	0.0	0.0	0.0	0.4689800692486593	0.0	4.517122486593932	0.0	0.5928903426877752	0.0	0.0	1.0302528178800892	0.0	0.0	0.0	0.0	0.0	0.0	0.0	0.0	0.0	0.0	0.0	0.0	0.4689800692486593	0.0	0.0	0.8923730625130435	0.0	0.0	0.0	0.29493845865893203	0.29493845865893203	0.0	0.5928903426877752	0.29493845865893203	1.134746301742576	0.0	0.0	0.29493845865893203	0.8346024927292751	0.0	0.0	0.0	0.0	0.0	0.0	2.3769471435191685	0.0	0.0	0.0	2.689322992737987	0.0	0.0	2.0741920918629546	0.0	0.8923730625130435	2.5217927599753134	0.29493845865893203	0.0	0.6891821067068421	0.29493845865893203	2.114927926760392	0.0	0.0	0.0	0.0	0.0	0.0	0.0	3.0952891119015433	0.29493845865893203	0.0	0.0	0.0	0.0	0.29493845865893203	0.0	0.29493845865893203	0.0	0.8346024927292751	0.0	0.0	2.1999942129761294	0.0	0.0	3.3295659887231626	0.0	0.0	4.480253596226292	0.0	0.0	0.0	0.0	0.0	0.0	0.0	0.0	0.0	0.0	0.0	0.0	0.0	0.0	0.0	0.0	0.0	0.0	0.4689800692486593	2.245477592105831	1.2893820527340247	0.29493845865893203	0.29493845865893203	0.29493845865893203	0.0	0.0	0.4689800692486593	0.0	2.037059389278886	2.824705118670684	0.0	0.0	0.0	0.5928903426877752	0.9889729577479041	0.29493845865893203	0.0	0.0	0.0	0.4689800692486593	0.0	1.218910613679289	0.0	0.0	0.0	0.0	0.0	0.0	0.0	0.5928903426877752	2.133947184725537	0.0	0.7679506972635273	0.0	0.0	1.218910613679289	0.0	0.0	0.29493845865893203	0.0
SRR36103390	0.34067807614056866	0.0	0.8423533627534983	3.10285354438025	0.0	0.0	0.0	0.0	1.3510468871014838	0.0	0.34067807614056866	0.9110020146000685	0.8423533627534983	2.8604802546188526	0.0	0.34067807614056866	0.34067807614056866	0.34067807614056866	0.0	2.333270737678119	0.0	0.0	0.0	0.0	0.0	0.0	1.6762913500147678	0.0	2.21218892151649	0.0	4.205372093242542	0.76077824966829	2.1245726622467895	0.0	0.0	0.0	0.0	0.0	0.0	0.34067807614056866	0.0	0.0	0.0	1.0224053089835847	1.4532746396477574	0.0	0.0	1.520638918787669	0.0	0.34067807614056866	0.0	0.0	0.34067807614056866	1.1109868258044568	0.0	0.0	2.154577432877081	0.0	1.394864801439762	0.34067807614056866	0.0	0.0	0.0	0.5292198567436938	0.0	2.8033881394308726	0.0	0.0	0.0	0.0	0.34067807614056866	0.0	3.0291761412165656	1.1493109257381517	0.0	1.275718998672734	1.275718998672734	0.0	0.6602525118000819	0.34067807614056866	1.068950620863225	0.0	0.0	1.5507690256598643	0.76077824966829	1.8382019885253187	0.9702659959130076	0.0	0.0	0.0	0.0	0.0	0.0	0.0	2.0752798445038607	0.0	0.0	0.6602525118000819	0.0	0.9702659959130076	0.0	1.4532746396477574	0.0	0.0	0.34067807614056866	0.0	0.0	2.485639253307717	1.86724342623523	0.0	0.8423533627534983	2.8481813811343306	2.7052233783356288	0.0	0.0	0.0	0.0	1.3273601972648958	1.068950620863225	0.0	1.0224053089835847	0.0	4.1580385955713055	0.0	0.0	0.0	0.0	0.0	0.0	0.0	0.0	0.0	1.3510468871014838	0.0	0.0	0.0	0.9110020146000685	0.0	0.34067807614056866	0.5292198567436938	0.0	3.3902322876057864	2.034252183784315	1.068950620863225	0.0	0.0	0.0	0.0	0.0	0.0	0.0	0.0	0.9110020146000685	0.6602525118000819	4.594067918673547	0.0	1.6539228619892865	0.5292198567436938	0.0	1.8810669328814145	0.0	0.6602525118000819	0.0	0.0	0.34067807614056866	0.0	0.0	0.0	0.8423533627534983	0.0	0.0	0.0	0.0	0.34067807614056866	0.0	2.039006959130945	0.0	0.34067807614056866	0.0	0.34067807614056866	1.068950620863225	0.0	0.5292198567436938	0.0	0.8423533627534983	1.4532746396477574	0.0	0.34067807614056866	1.6762913500147678	0.0	0.34067807614056866	0.0	0.0	0.0	0.0	3.006844740127507	1.0224053089835847	0.0	0.0	3.4628043578131904	1.3735082332225523	1.860163093406374	1.4346640922280642	0.0	0.0	2.63926803051633	0.6602525118000819	0.0	1.9323407542434439	1.4882615978192117	1.6303394173257808	0.0	0.0	0.0	0.0	1.4532746396477574	0.0	0.0	3.416389717373958	0.0	0.0	0.0	0.34067807614056866	1.9836010695140838	1.1109868258044568	0.0	0.0	0.0	1.1493109257381517	0.0	0.0	2.661257077212813	0.0	0.0	3.6229935512791682	0.0	0.6602525118000819	4.1197262561052925	0.0	0.0	0.0	0.0	0.0	0.0	0.0	0.8423533627534983	0.0	0.0	0.0	0.0	0.34067807614056866	0.0	0.0	0.0	0.0	0.34067807614056866	2.2398526088715194	3.1052960615077843	1.520638918787669	0.0	0.0	0.76077824966829	0.5292198567436938	0.6602525118000819	0.34067807614056866	0.0	2.196022990609283	3.180068137675551	0.0	0.9110020146000685	0.8423533627534983	0.5292198567436938	1.7078218613573435	0.34067807614056866	0.5292198567436938	0.34067807614056866	0.0	0.5292198567436938	0.0	1.068950620863225	0.0	0.0	0.0	0.0	0.0	1.6652511021791272	0.0	1.3273601972648958	2.9338160103438247	1.1493109257381517	1.0224053089835847	0.34067807614056866	0.0	0.76077824966829	0.34067807614056866	0.0	1.0224053089835847	0.0
SRR36103391	0.0	0.0	0.0	0.5824366296531862	0.0	0.0	0.9763432768220313	0.0	1.9991956443008174	0.0	0.0	0.5824366296531862	2.9327046705960442	1.3172899435840069	0.0	0.0	1.5597996263041978	0.0	0.0	1.8461544050155798	0.0	0.0	0.0	0.0	0.0	0.0	1.9257600618753523	0.0	1.6643838969764353	0.0	2.599524455380572	0.0	1.5425691976253821	0.0	0.0	2.3637956165022906	0.0	0.0	0.0	0.0	0.0	0.0	0.0	0.0	1.6369817812007466	0.0	0.0	0.8225975331946103	0.0	0.0	0.0	0.0	1.345856472958162	2.1261131421168677	0.0	0.5824366296531862	2.6612181831452624	0.0	0.0	0.0	0.0	0.0	0.0	0.5824366296531862	0.0	2.4775092965809873	0.0	0.5824366296531862	0.0	0.0	0.0	0.0	2.742687545538788	2.29182741221232	0.0	2.5506223664586165	0.38231289445432026	0.0	3.329766885925777	1.2538153629350899	0.0	0.0	0.0	2.3475794777251484	0.5824366296531862	1.3172899435840069	0.0	0.0	0.0	0.0	0.0	0.0	0.0	0.0	1.6643838969764353	0.0	0.0	0.0	0.0	0.38231289445432026	0.0	2.8501760343205245	0.0	0.0	0.0	0.0	0.0	3.51384554328515	1.9109636603602969	0.38231289445432026	1.9033720203135867	2.605647667584257	0.9763432768220313	0.0	0.0	0.0	0.0	0.0	1.7902895231973566	0.0	2.462976681644637	0.38231289445432026	3.230966951173546	0.0	0.0	0.0	0.0	0.0	0.0	0.0	0.0	0.9062386644732017	0.7189106239700105	0.38231289445432026	0.0	0.0	0.0	0.0	1.0896627737498206	0.5824366296531862	0.5824366296531862	3.334617130449254	0.0	0.5824366296531862	0.0	0.9763432768220313	0.0	0.0	0.0	0.0	0.0	0.0	1.1794490389170291	0.0	4.384892104931257	0.0	1.136872093176404	1.0366886133862807	0.0	0.8225975331946103	0.0	1.3979038610300631	0.0	0.0	0.0	0.0	0.0	0.0	2.3503245654843608	0.0	0.0	0.38231289445432026	0.0	0.0	0.0	3.0337880749282333	0.0	0.0	0.0	1.6774627376515816	2.2350452008883264	1.486352376742555	0.0	0.38231289445432026	1.524626816188578	0.0	0.0	0.5824366296531862	0.5824366296531862	0.0	0.0	0.0	0.0	0.0	1.2182220227520393	0.7189106239700105	0.0	0.0	0.0	2.7382298710251205	0.0	0.9062386644732017	0.0	0.0	0.0	1.9329734158896166	2.3994326103584522	0.0	2.1779232531894235	1.690159194648232	0.38231289445432026	0.0	0.0	0.0	0.0	0.8225975331946103	0.0	0.0	3.5877459282750745	0.38231289445432026	0.0	0.0	0.0	1.6077335757598388	1.0366886133862807	0.0	2.2350452008883264	0.0	1.3726593937474219	0.0	0.5824366296531862	1.3979038610300631	0.0	0.38231289445432026	1.8461544050155798	0.0	0.8225975331946103	4.653293494935905	0.0	0.0	0.0	0.0	0.0	0.0	0.0	2.0345675609816047	0.9763432768220313	0.0	0.0	0.0	0.0	0.0	0.0	0.0	0.0	0.0	1.0366886133862807	3.7618415700031274	3.9125313540316125	0.38231289445432026	0.0	0.0	0.0	0.0	0.7189106239700105	0.0	1.1794490389170291	2.1215031648329084	0.0	0.0	0.0	0.0	1.809720635877003	0.0	0.0	0.0	0.0	0.38231289445432026	0.0	1.7375298278229223	0.0	0.0	0.0	0.0	0.0	1.8956453108152689	0.0	0.5824366296531862	3.386692078218225	0.0	2.2130895350290563	0.7189106239700105	0.0	0.38231289445432026	0.0	0.0	2.18598774922252	0.0
SRR36103392	0.0	0.0	0.7705119000430094	0.34710457783884513	0.0	0.0	0.34710457783884513	0.0	1.8994161080838337	0.0	0.7705119000430094	1.079709603523029	2.560215446601005	3.0108757522774297	0.0	0.0	0.6694596981379353	0.0	0.0	1.7487540997159856	0.0	0.0	0.0	0.537528291517047	0.0	0.34710457783884513	1.6168628534341074	0.0	1.7851049475992293	0.0	3.4833703782881407	0.7705119000430094	3.3893678238592675	0.0	0.0	2.832658435209783	0.0	0.0	0.0	0.0	0.0	0.34710457783884513	0.0	0.8524328185029104	2.1589348503590133	0.0	0.0	1.121837246685009	0.0	0.0	0.0	0.0	1.2868533040821322	0.9213259894657929	0.0	0.0	2.251534980826558	0.0	0.0	0.0	0.0	0.0	0.0	0.0	0.0	3.2147720491326544	0.0	0.34710457783884513	0.0	0.0	0.0	0.0	2.846500017617325	2.0912607205136426	0.0	2.1874661932720367	0.0	0.0	2.7024309063635297	0.6694596981379353	0.537528291517047	0.34710457783884513	0.0	1.6418169134928768	0.537528291517047	0.9807720191941957	0.34710457783884513	0.0	0.0	0.0	0.0	0.0	0.0	0.0	2.5912681364295724	0.34710457783884513	0.537528291517047	0.537528291517047	0.0	0.8524328185029104	0.0	2.2076982758728834	0.0	0.0	0.0	0.0	0.34710457783884513	3.274913536636443	2.0005705983178195	0.0	1.228143331448264	2.1874661932720367	2.2967509387368112	0.0	0.0	0.0	0.0	0.0	0.7705119000430094	0.34710457783884513	3.0281519153049774	0.0	2.7107866547379778	0.0	0.0	0.0	0.0	0.0	0.0	0.0	0.0	0.537528291517047	0.7705119000430094	0.0	0.0	0.0	0.0	0.0	0.537528291517047	1.121837246685009	0.0	3.8339571570890745	1.5621918878841266	0.0	0.0	0.34710457783884513	0.0	0.7705119000430094	0.0	0.0	0.0	0.0	0.7705119000430094	0.0	4.418704464504751	0.0	2.0005705983178195	0.34710457783884513	0.0	2.1909043402956363	0.34710457783884513	1.033052138595949	0.0	0.0	0.8524328185029104	0.0	0.0	0.0	1.2868533040821322	0.0	0.0	0.537528291517047	0.34710457783884513	0.537528291517047	0.0	2.2043910402461107	0.0	0.0	0.0	0.537528291517047	1.3847665628096981	0.9213259894657929	3.0035573344827005	0.9213259894657929	1.033052138595949	1.079709603523029	0.34710457783884513	0.0	1.7090804111179605	0.6694596981379353	0.0	0.0	0.0	0.0	0.6694596981379353	3.6384216061686074	0.6694596981379353	0.0	0.0	3.664046813531657	1.079709603523029	2.3683438176065446	0.0	0.0	0.0	2.263287910525656	1.6295190877525298	0.0	2.0110591473685067	0.0	2.3125627372396593	0.0	0.0	0.0	0.0	2.478338618861088	0.0	0.34710457783884513	4.278836940657573	0.0	0.0	0.0	0.0	1.1602373239009238	0.9213259894657929	0.0	1.4459869171449686	0.0	0.7705119000430094	0.0	0.0	0.7705119000430094	0.34710457783884513	0.0	3.645332023949996	0.0	0.7705119000430094	4.0240299694029344	0.0	0.0	0.0	0.0	0.0	0.0	0.0	1.426523490755653	0.0	0.0	0.34710457783884513	0.0	0.0	0.0	0.0	0.0	0.0	0.0	2.1874661932720367	3.2124970888464235	3.057988354747819	0.0	0.0	1.121837246685009	0.0	0.34710457783884513	1.516138292153533	0.0	1.3385634713561125	3.433260442793851	0.0	0.0	0.0	0.537528291517047	2.41573304802066	0.34710457783884513	0.34710457783884513	0.34710457783884513	0.34710457783884513	0.537528291517047	0.0	1.6877961238979537	0.0	0.0	0.0	0.0	0.0	2.3568122040332007	0.0	1.033052138595949	3.882201830082811	0.8524328185029104	1.4061466938200335	0.0	0.0	0.34710457783884513	0.0	0.34710457783884513	1.4824775070862914	0.34710457783884513
SRR36103393	0.0	0.0	0.44789257419609185	2.7429217151409424	0.0	0.0	1.0010280124852686	0.0	1.8310719090751213	0.0	0.0	0.663651893501018	3.812059615076296	1.3552000538533553	0.0	0.0	1.5007930726659287	0.0	0.0	1.8536060599100557	0.0	0.44789257419609185	0.0	0.0	0.0	0.0	0.663651893501018	0.0	2.0385581197560327	0.0	3.48444366356521	0.0	1.3191505816822133	0.0	0.0	2.7623159224296416	0.0	0.0	0.0	0.0	0.0	0.0	0.0	1.3552000538533553	1.2366042147553737	0.0	0.0	0.0	0.0	0.44789257419609185	0.44789257419609185	0.0	0.44789257419609185	0.44789257419609185	0.8071438069304743	0.0	2.0730144272484754	0.0	0.0	0.0	0.0	0.0	0.0	0.0	0.663651893501018	2.687060527464537	0.0	0.0	0.0	0.0	0.0	0.0	3.185094125546098	1.1885887365473986	0.0	1.2366042147553737	0.0	0.0	2.630345064435311	0.44789257419609185	0.0	0.0	0.0	2.0526703468921195	0.44789257419609185	3.341546016599173	0.0	0.0	0.0	0.0	0.44789257419609185	0.0	0.0	0.0	3.012711419026359	0.0	0.0	0.0	0.0	0.0	0.0	2.401157180523433	0.0	0.0	0.0	0.0	0.0	3.761096649696275	0.9148168203237621	0.0	1.134597119709858	3.435550874130077	1.4753200737334566	0.0	0.0	0.0	0.0	0.0	0.9148168203237621	0.0	0.0	0.0	0.663651893501018	0.0	0.0	0.0	0.0	0.0	0.663651893501018	0.0	0.0	0.9148168203237621	0.663651893501018	0.0	0.0	0.0	0.44789257419609185	0.0	0.8071438069304743	0.44789257419609185	0.8071438069304743	3.2016635590353824	0.0	0.0	0.0	1.0010280124852686	0.0	0.0	0.0	0.44789257419609185	0.0	0.0	1.8853559652552747	0.0	4.611934192579526	0.0	3.144343490867618	0.0	0.0	0.0	0.0	0.0	1.134597119709858	0.0	0.0	0.0	0.0	0.0	3.083495593791369	0.0	0.0	0.663651893501018	0.0	0.663651893501018	0.0	0.0	0.0	0.0	0.0	1.7120830140761079	1.7690202376930217	1.5476523452979496	1.7120830140761079	0.663651893501018	0.8071438069304743	1.0729274227774095	0.0	0.0	0.0	0.0	0.0	0.0	0.0	0.0	1.2366042147553737	2.1937022184726778	0.0	0.0	0.0	2.809756349256871	0.9148168203237621	2.475354522620742	1.0010280124852686	0.0	0.0	1.5476523452979496	2.1460193338559708	0.0	1.44825938026005	0.663651893501018	2.534147765647267	0.0	0.0	0.0	0.0	0.8071438069304743	0.0	0.0	1.942640468289282	0.0	0.0	0.0	0.0	1.4753200737334566	0.663651893501018	0.0	2.123021456352996	0.0	1.7120830140761079	0.0	0.0	1.134597119709858	0.0	0.663651893501018	2.5476815091958755	0.0	0.0	4.445920459890423	0.0	0.0	0.0	0.0	0.0	0.0	0.0	0.0	0.44789257419609185	0.0	0.0	0.0	0.0	0.663651893501018	0.0	0.0	0.0	0.0	1.1885887365473986	2.1731532198439907	3.762859291176785	0.44789257419609185	0.0	0.0	0.0	0.0	1.4753200737334566	0.0	1.2798356520100762	2.6604852226768236	0.0	0.0	0.0	0.44789257419609185	1.7949141329438445	0.8071438069304743	1.0729274227774095	0.0	0.0	1.3552000538533553	0.0	1.7554703405435368	0.0	0.0	0.0	0.0	0.0	1.3884851645394745	0.0	0.663651893501018	2.475354522620742	0.0	2.0088786597049837	0.44789257419609185	0.44789257419609185	0.663651893501018	0.0	0.0	1.7120830140761079	0.0
SRR36103394	0.0	0.0	0.0	2.3164124685350393	0.0	0.0	1.04856808381653	0.0	2.7776196479932613	0.0	0.0	0.5497158062890588	4.081549174307314	1.3297334397204592	0.0	0.0	1.6461960190538534	0.0	0.0	1.422559116988997	0.0	0.0	0.0	0.0	0.0	0.0	2.186811648372997	0.0	1.9026565485713123	0.0	3.066115795385545	0.0	1.04856808381653	0.0	0.0	2.432738715888968	0.0	0.0	0.0	0.0	0.0	0.0	0.0	0.5497158062890588	2.2009609585026735	0.0	0.0	0.0	0.0	0.5497158062890588	0.0	0.0	0.0	0.7847332064445264	0.0	0.0	2.662045673765279	0.0	0.0	0.0	0.0	0.0	0.0	0.7847332064445264	0.7847332064445264	3.0263714248711895	0.0	0.0	0.0	0.0	0.0	0.0	3.6697920514845177	2.5143671460635204	0.0	0.0	0.9363849666270448	0.0	2.707708587240757	1.3297334397204592	0.0	0.0	0.0	2.1646838967564412	0.0	0.7847332064445264	0.0	0.0	0.0	0.0	0.0	0.0	0.0	0.0	3.2461790139828364	0.5497158062890588	0.0	0.0	0.0	0.0	0.0	2.271479937410707	0.0	0.0	0.0	0.0	0.0	3.911707727025835	2.0722770718695656	0.0	1.6461960190538534	2.172185784154056	0.5497158062890588	0.0	0.0	0.0	0.0	0.5497158062890588	1.04856808381653	0.0	0.0	0.0	3.4594398810455593	0.0	0.0	0.0	0.0	0.0	0.0	0.0	0.0	0.5497158062890588	0.0	0.0	0.0	0.0	0.0	0.5497158062890588	1.422559116988997	0.0	0.0	3.9855406652970187	0.0	0.5497158062890588	0.0	0.9363849666270448	0.0	0.0	0.0	0.0	0.0	0.0	0.9363849666270448	0.0	4.119350007996424	0.0	1.422559116988997	0.7847332064445264	0.0	0.5497158062890588	0.0	0.0	0.5497158062890588	0.0	0.0	0.0	0.0	0.0	2.8345973338178836	0.0	0.0	0.0	0.0	0.5497158062890588	0.0	2.594453518371549	0.0	0.0	0.0	1.7360941383558317	2.0994901323412423	1.5326979132512772	2.25335472153521	0.0	1.422559116988997	0.0	0.0	0.5497158062890588	0.0	0.0	0.0	0.5497158062890588	0.0	0.0	1.4624570138504966	1.8273119669931588	0.0	0.0	0.5497158062890588	3.2262859337404564	0.0	0.0	0.0	0.0	0.0	1.7153033691738542	2.25335472153521	0.0	1.211517713391815	0.5497158062890588	2.2655218553724104	0.0	0.0	0.0	0.0	0.0	0.0	0.5497158062890588	1.7360941383558317	0.0	0.0	0.0	0.0	1.7930881576875168	0.7847332064445264	0.0	2.30560759862218	0.0	1.4624570138504966	0.0	0.5497158062890588	0.9363849666270448	0.5497158062890588	0.0	2.649838235590062	0.0	0.0	4.2233516999916505	0.0	0.0	0.0	0.0	0.0	0.0	0.0	0.5497158062890588	0.5497158062890588	0.0	0.0	0.0	0.0	0.0	0.0	0.0	0.0	0.0	2.271479937410707	4.178176991628594	3.9840521355423624	0.7847332064445264	0.0	0.0	0.0	0.0	3.249303930189266	0.0	1.211517713391815	2.7430716296601867	0.0	0.0	0.0	0.0	0.0	0.5497158062890588	0.5497158062890588	0.0	0.0	0.5497158062890588	0.0	0.0	0.0	0.0	0.0	0.0	0.0	0.0	0.0	0.7847332064445264	3.210233624331348	0.0	2.2009609585026735	0.9363849666270448	0.0	0.5497158062890588	0.0	0.0	1.8885972084163234	0.0
SRR36103395	0.0	0.0	0.0	2.314611040195117	0.0	0.0	1.0011498250886337	0.0	2.3466453676884638	0.0	0.5127681118869163	0.7414081107337163	4.12183477942994	1.5131215081866527	0.0	0.0	1.48196060674385	0.0	0.0	0.7414081107337163	0.0	0.0	0.0	0.0	0.5127681118869163	0.0	3.1333759766384306	0.0	2.1950892583362305	0.0	2.2194111450843605	0.0	0.5127681118869163	0.0	0.0	2.527935895347107	0.0	0.0	0.0	0.0	0.0	0.0	0.0	1.5950845582854158	1.7757729236243034	0.0	0.0	1.4483898704228455	0.0	0.8904144839406389	0.5127681118869163	0.0	0.0	1.0011498250886337	0.0	0.0	1.4120050915537392	0.0	0.0	0.0	0.0	0.5127681118869163	0.0	1.2252160500289886	0.5127681118869163	3.0475762688356816	0.0	0.0	0.0	0.0	0.0	0.0	3.3272540086396707	2.9750963652955034	0.0	0.7414081107337163	0.0	0.0	2.207420442442826	1.5950845582854158	0.0	0.0	0.0	2.207420442442826	0.5127681118869163	0.5127681118869163	0.0	0.0	0.0	0.0	0.0	0.0	0.0	0.0	2.5901058338799063	0.0	0.0	0.0	0.0	2.155844577209936	0.0	2.319334598334941	0.0	0.5127681118869163	0.0	0.0	0.0	4.00574911527289	1.089309347938763	0.0	1.791893700981262	2.242442862375113	2.767502104243617	0.0	0.0	0.0	0.0	0.0	1.0011498250886337	0.0	0.0	0.0	2.8104983383200945	0.0	0.0	0.0	0.0	0.0	0.0	1.759030606351564	0.0	0.7414081107337163	0.0	0.5127681118869163	0.0	0.0	0.0	0.0	1.1625574222189456	0.0	0.0	3.567095363056108	0.0	0.0	0.0	1.089309347938763	0.0	0.0	0.0	0.0	0.0	0.0	0.5127681118869163	0.0	4.08411649545494	0.0	3.2589552658801235	0.7414081107337163	0.0	0.5127681118869163	0.0	0.0	0.8904144839406389	0.0	0.0	0.0	0.0	0.0	3.3805823808926063	0.0	0.0	0.0	0.0	0.0	0.5127681118869163	2.743410810578759	0.0	0.0	0.8904144839406389	1.822444024783974	2.0813518734082592	1.723475678560659	0.0	0.0	1.5694446449317139	0.0	0.0	0.5127681118869163	0.0	0.0	0.0	0.0	0.0	0.0	1.1625574222189456	0.7414081107337163	0.0	0.0	0.0	3.1398159900558875	1.3285763015349161	0.0	0.5127681118869163	0.0	0.0	1.48196060674385	2.2589489234641067	0.0	1.902992093184806	2.458776374077012	2.300124062437561	0.0	0.0	0.0	0.0	0.0	0.0	0.0	1.5131215081866527	0.0	0.0	0.0	0.0	1.759030606351564	1.1625574222189456	0.0	2.36816160512661	0.0	1.2252160500289886	0.0	0.0	1.5131215081866527	0.0	0.0	0.5127681118869163	0.0	0.0	4.455256569388058	0.0	0.0	0.0	0.0	0.0	0.0	0.0	0.0	1.1625574222189456	0.0	0.0	0.0	0.0	0.0	0.0	0.0	0.0	0.0	1.4483898704228455	3.7863399550875925	4.087494706826419	0.0	0.0	0.0	0.0	0.0	3.242449450482407	0.0	1.089309347938763	2.3098355413277383	0.0	0.0	0.8904144839406389	0.5127681118869163	1.2252160500289886	0.5127681118869163	0.5127681118869163	0.7414081107337163	0.0	0.5127681118869163	0.0	1.3285763015349161	0.0	0.0	0.0	0.0	0.0	1.6192947559462136	0.0	0.7414081107337163	3.4618365465443452	0.0	2.3510347390253012	0.5127681118869163	0.0	0.0	0.0	0.0	2.064787375666149	0.0
SRR36103397	0.0	0.0	0.0	0.0	0.0	0.0	0.0	0.0	0.7308927912840215	0.0	0.0	0.0	3.2685264060230566	1.4586177849038655	0.0	0.0	0.0	0.0	0.0	0.5933871861455127	0.0	0.39101567546702687	0.0	0.0	0.0	0.0	0.0	0.0	0.8351720023705069	0.0	4.766480017940983	0.0	1.833663334073504	0.0	0.0	0.0	0.0	0.0	0.0	0.0	0.0	0.0	0.0	1.1932516416683019	0.0	0.0	0.0	0.0	0.0	0.0	0.0	0.0	0.0	0.0	0.0	0.0	0.39101567546702687	0.0	0.0	0.0	0.0	0.0	0.0	0.0	0.0	0.9895716550176172	0.0	0.0	0.0	0.0	0.0	0.0	2.2085762601227215	0.0	0.0	2.2239941483078236	0.5933871861455127	0.39101567546702687	0.0	0.39101567546702687	0.0	0.0	0.0	1.4801381923676358	0.0	0.5933871861455127	0.39101567546702687	0.0	0.0	0.0	0.0	0.0	0.0	0.0	2.0013487154012193	0.0	0.0	0.0	0.0	2.102431137307983	0.0	0.0	0.0	0.0	0.0	0.0	0.39101567546702687	1.5907512081105988	0.39101567546702687	0.0	0.0	3.650023312500084	1.1032442933102358	0.0	0.0	0.0	0.0	0.0	0.0	0.0	0.39101567546702687	0.0	0.39101567546702687	0.0	0.0	0.0	0.0	0.0	0.0	0.0	0.0	0.0	0.0	0.0	0.0	0.0	0.0	0.0	2.196642672225935	0.0	0.0	1.4120867249685298	0.0	0.0	0.0	0.0	0.0	0.0	0.0	0.0	0.0	0.0	0.0	0.0	4.001867712581364	0.0	0.8351720023705069	0.0	0.0	0.0	0.0	0.0	0.0	0.0	0.0	0.0	0.0	0.0	0.0	0.0	0.0	0.0	0.39101567546702687	0.0	0.0	0.0	0.0	0.0	0.0	0.0	0.39101567546702687	0.0	1.1505755544376264	0.0	0.39101567546702687	0.0	0.0	0.0	1.2321068147211058	0.0	0.0	0.0	0.0	0.0	0.0	2.5721933699026365	0.0	0.0	0.0	2.394131328967079	1.1932516416683019	0.0	0.0	0.0	0.0	2.2807134025854054	0.39101567546702687	0.0	0.9191974835301033	0.0	2.592112176673246	0.0	0.0	0.0	0.0	0.39101567546702687	0.0	0.0	3.7060284951004796	0.0	0.0	0.0	0.0	0.0	0.0	0.0	0.5933871861455127	0.0	0.0	0.0	0.0	0.0	0.0	0.0	2.990358987565759	0.0	0.0	4.19717522719243	0.0	0.0	0.0	0.0	0.0	0.0	0.0	0.0	0.0	0.0	0.39101567546702687	0.0	0.0	0.0	0.0	0.0	0.0	0.0	0.39101567546702687	2.7672913776290455	1.1932516416683019	0.39101567546702687	0.0	2.0076261428326236	0.0	0.0	0.0	0.0	0.39101567546702687	3.9553143393379444	0.0	0.0	0.0	0.0	0.0	0.0	0.8351720023705069	0.0	0.0	1.4120867249685298	0.0	0.0	0.0	0.0	0.0	0.0	0.0	0.0	0.0	1.1932516416683019	1.6919215082388968	0.0	0.7308927912840215	0.0	0.0	0.0	0.0	0.0	0.0	0.0
SRR36103398	0.0	0.0	0.0	3.2402658552461823	0.0	0.0	1.06920771765408	0.0	1.8153477156520736	0.0	0.0	0.0	3.6740456872146083	3.1861200614574887	0.0	0.0	0.0	0.0	0.0	0.0	0.0	0.0	0.0	0.0	0.0	0.0	2.5502400093873785	0.0	1.520911516283133	0.0	4.040416217108426	0.0	2.113042887110545	0.0	0.0	3.4144836343876346	0.0	0.0	0.0	0.0	0.0	0.0	0.0	0.0	1.9892186062346833	0.0	0.0	0.0	0.0	0.0	0.0	0.0	0.0	0.0	0.0	0.0	2.1795111760024475	0.0	0.0	0.0	0.0	0.0	0.0	0.0	0.0	2.5502400093873785	0.0	0.0	0.0	0.0	0.0	0.0	3.2586272002107717	2.113042887110545	0.0	1.520911516283133	0.0	0.0	3.0800803479260592	0.0	0.0	0.0	0.0	1.06920771765408	0.0	0.0	0.0	0.0	0.0	0.0	0.0	0.0	0.0	0.0	2.6547131382094533	0.0	0.0	0.0	0.0	3.4731269074706734	0.0	1.9386222410459626	0.0	0.0	0.0	0.0	0.0	2.3113801387543087	1.06920771765408	0.0	0.0	1.7374932621601644	1.8813443084741237	0.0	0.0	0.0	0.0	2.5089696401931696	1.06920771765408	0.0	1.3513154367931657	0.0	4.303060402760989	0.0	0.0	1.06920771765408	0.0	0.0	0.0	0.0	0.0	0.0	0.0	0.0	0.0	0.0	0.0	0.0	0.0	0.0	0.0	3.7234300405469964	0.0	0.0	0.0	0.0	0.0	0.0	0.0	0.0	0.0	0.0	1.06920771765408	0.0	4.209504768461727	0.0	2.6649099360737116	0.0	0.0	0.0	0.0	0.0	0.0	0.0	0.0	0.0	0.0	0.0	0.0	0.0	0.0	0.0	0.0	0.0	0.0	1.520911516283133	0.0	0.0	0.0	0.0	0.0	0.0	2.79462644446951	0.0	0.0	0.0	0.0	0.0	1.06920771765408	1.06920771765408	0.0	0.0	0.0	0.0	0.0	3.215456962887512	1.06920771765408	0.0	0.0	2.823545178091305	0.0	0.0	1.642565868641106	0.0	0.0	0.0	1.520911516283133	0.0	1.642565868641106	0.0	2.147547404638574	0.0	0.0	0.0	0.0	0.0	0.0	2.075558552424105	3.380929724240365	0.0	0.0	0.0	0.0	0.0	0.0	0.0	1.3513154367931657	0.0	0.0	0.0	0.0	1.520911516283133	0.0	0.0	4.041687828469749	0.0	0.0	3.881204342962681	0.0	0.0	0.0	0.0	0.0	0.0	0.0	2.6113486715652114	0.0	0.0	0.0	0.0	0.0	0.0	0.0	0.0	0.0	0.0	1.06920771765408	3.1980936601583236	2.3335505038489592	0.0	0.0	2.536914275268904	0.0	0.0	0.0	0.0	1.06920771765408	3.7465822018899386	0.0	0.0	0.0	0.0	0.0	0.0	1.3513154367931657	0.0	0.0	0.0	0.0	0.0	0.0	0.0	0.0	0.0	0.0	0.0	0.0	1.3513154367931657	3.5796186199297084	0.0	0.0	0.0	0.0	0.0	0.0	0.0	0.0	0.0
SRR36103399	0.0	0.0	0.0	0.0	0.0	0.0	0.0	0.0	1.5720988292968334	0.0	1.3184448135205202	0.0	3.2523549102574156	2.6644303929957087	0.0	0.0	0.0	0.0	0.0	1.0990125444604175	0.0	0.0	0.0	0.0	0.0	0.0	2.2655702843140393	0.0	1.7570298295431959	0.0	3.4097841509054763	0.8811616212114863	1.4111624139683543	0.0	0.0	3.626735875411374	0.0	0.0	0.0	0.0	0.0	0.0	0.0	0.0	1.382401158130596	0.0	0.0	0.0	0.0	0.0	0.0	0.0	0.0	0.0	0.0	0.0	2.933558421257193	0.0	0.0	0.0	0.0	0.0	0.0	0.0	0.0	2.727900576945463	0.0	0.0	0.0	0.0	0.0	0.0	2.672127971541022	1.463533084427295	0.0	1.0990125444604175	0.42349543240719395	0.42349543240719395	3.0462903060604423	0.0	0.0	0.0	0.0	1.6428561322330901	0.0	0.774850377206586	0.0	0.0	0.0	0.0	0.0	0.0	0.0	0.0	1.6089169039315276	0.0	0.0	0.0	0.0	3.050141566449713	0.0	2.1133376240467023	0.0	0.0	0.0	0.0	0.0	2.3237540796121405	1.5102626392871519	0.0	0.0	2.1891860554898304	1.1526608718846305	0.0	0.0	0.0	0.0	1.7442950630396334	0.0	0.0	0.0	0.42349543240719395	3.1511722388839667	0.0	0.0	0.0	0.0	0.0	0.0	0.0	0.0	0.0	0.42349543240719395	0.0	0.0	0.0	0.0	0.0	0.0	0.0	0.0	3.1250839492961346	0.0	0.0	0.0	0.0	0.0	0.0	0.0	0.0	0.0	0.0	1.1526608718846305	0.0	4.371199605238534	0.42349543240719395	2.7001943176225507	0.0	0.0	0.42349543240719395	0.0	0.0	0.6337760303565982	0.0	0.0	0.0	0.0	0.0	0.0	0.0	0.0	0.0	0.42349543240719395	0.6337760303565982	0.42349543240719395	1.76940178925879	0.0	0.0	0.0	0.0	0.6337760303565982	0.0	0.42349543240719395	0.0	0.9664991639873708	0.0	0.0	0.42349543240719395	0.0	0.42349543240719395	0.0	0.0	0.0	0.0	0.0	2.4473246161980997	0.0	0.0	0.0	2.9649898891760427	0.0	0.774850377206586	0.6337760303565982	0.0	0.0	0.6337760303565982	0.42349543240719395	0.0	1.382401158130596	0.774850377206586	1.463533084427295	0.0	0.0	0.0	0.0	0.42349543240719395	0.0	1.6743342485572508	4.325827090751236	0.0	0.0	0.0	0.0	0.42349543240719395	0.6337760303565982	0.0	0.42349543240719395	0.0	0.6337760303565982	0.0	0.0	0.6337760303565982	0.0	0.0	2.7142683534596324	0.0	0.0	4.487201575920475	0.0	0.0	0.0	0.0	0.0	0.42349543240719395	0.0	2.8162434148385582	0.0	0.0	0.0	0.0	0.0	0.0	0.6337760303565982	0.0	0.0	0.0	1.1526608718846305	3.533142261695292	2.072831072026351	0.0	0.0	2.1133376240467023	0.0	0.0	0.0	0.0	0.9664991639873708	3.1912921951001536	0.0	0.0	0.0	0.0	0.42349543240719395	0.42349543240719395	2.0348249410307484	0.0	0.0	0.42349543240719395	0.0	0.9664991639873708	0.0	0.0	0.0	0.0	0.0	0.42349543240719395	0.0	1.1526608718846305	3.891145766401758	0.0	0.9664991639873708	0.0	0.0	0.0	0.0	0.0	0.0	0.42349543240719395
SRR36103400	0.0	0.0	0.6296582714884275	2.9813575208773084	0.9867645621110485	0.0	0.0	0.0	0.7283472801659278	0.0	0.0	1.313332235992901	3.2491200161786744	3.4995553795172594	0.0	0.0	1.14766889684688	0.3196223183074592	0.0	0.3196223183074592	0.0	0.0	0.0	0.0	0.0	0.0	0.6296582714884275	0.0	1.4823297946363274	0.0	3.9860512696839248	0.5017382516933719	2.6459298322741587	0.0	0.0	0.0	0.0	0.0	0.0	0.0	0.0	0.0	0.0	1.2101772017817487	0.7283472801659278	0.0	0.0	0.0	0.0	0.0	0.0	0.0	0.0	0.0	0.0	0.0	0.3196223183074592	0.0	0.0	0.0	0.0	0.3196223183074592	0.0	0.0	0.0	1.377253044969448	0.0	0.0	0.0	0.0	0.0	0.0	2.5031696379728117	0.3196223183074592	0.0	1.6152845259211832	0.3196223183074592	0.0	3.029822030228021	0.0	0.0	0.0	0.0	2.048919177953291	0.0	0.3196223183074592	0.8764995703901681	0.0	0.0	0.0	0.0	0.0	0.0	0.0	2.605701001687808	0.0	0.0	0.0	0.0	2.6895561406226127	0.0	1.3966274912624985	0.0	0.0	0.0	0.0	0.0	2.441117421074956	0.8764995703901681	0.0	0.3196223183074592	2.036071769676155	1.3569737559444188	0.0	0.0	0.0	0.0	0.3196223183074592	0.8764995703901681	0.9867645621110485	0.0	0.0	4.246362850349791	0.0	0.0	0.5017382516933719	0.0	0.0	0.0	0.0	0.0	0.5017382516933719	0.5017382516933719	0.0	0.0	0.0	0.3196223183074592	0.7283472801659278	0.0	0.5017382516933719	0.0	2.5359977810369605	0.0	0.3196223183074592	0.0	0.0	0.0	0.0	0.0	0.0	0.0	0.0	0.0	0.0	3.960437808021826	0.0	2.61151618948821	0.6296582714884275	0.0	0.6296582714884275	0.0	0.0	0.6296582714884275	0.6296582714884275	0.0	0.0	0.0	0.0	0.0	0.0	0.0	0.0	0.0	0.0	0.3196223183074592	1.2383522517585845	0.0	0.0	0.0	0.8087104876927482	1.14766889684688	1.2383522517585845	2.4971982096062515	0.0	0.0	0.0	0.0	0.0	1.3966274912624985	0.0	0.0	0.0	0.0	0.0	1.2383522517585845	2.730077491836407	0.0	0.0	0.0	2.2403228475702703	0.0	0.3196223183074592	1.8992652916092783	0.0	0.0	1.14766889684688	1.5794899965622915	0.0	0.9867645621110485	0.0	2.61151618948821	0.0	0.0	0.0	1.14766889684688	0.0	0.0	1.9705132990386516	4.594408450620252	0.3196223183074592	0.0	0.0	0.0	1.4664891803511964	0.0	0.0	0.3196223183074592	0.0	0.8087104876927482	0.0	0.0	2.8391399737497145	0.0	0.0	3.0801448073023203	0.0	0.0	2.801284222292443	0.0	0.0	0.0	0.0	0.0	0.0	0.0	3.3477341625113746	1.3966274912624985	0.0	0.0	0.0	0.9351221668564736	0.0	0.0	0.0	0.3196223183074592	0.0	1.4823297946363274	3.0389845208937443	2.02283269019736	3.996935785768169	0.6296582714884275	2.1632652736258198	0.0	0.0	0.3196223183074592	0.0	0.7283472801659278	3.447690630339981	0.3196223183074592	0.0	0.0	0.0	0.3196223183074592	0.5017382516933719	0.5017382516933719	0.3196223183074592	0.0	0.3196223183074592	0.0	0.0	0.0	0.0	0.0	0.0	0.0	0.5017382516933719	0.0	0.7283472801659278	3.267105043768362	0.3196223183074592	1.8282491107599195	0.0	0.0	0.8764995703901681	0.0	1.2101772017817487	2.0137769724661734	0.3196223183074592
SRR36103401	0.0	0.0	1.0101191623496009	2.7057022107376305	0.3333398976369378	0.0	0.3333398976369378	0.0	1.0565315515453997	0.0	1.2893988752000296	0.3333398976369378	4.1282176598132345	2.8602487234785356	0.0	0.0	1.171831930571963	0.0	0.0	1.2345816019086318	0.0	0.0	0.0	0.0	0.0	0.0	0.5196881715544015	0.0	1.6170669897147032	0.0	3.9551920057853196	0.0	2.6465614929114523	0.0	0.0	0.8307385142881584	0.0	0.0	0.0	0.3333398976369378	0.0	0.3333398976369378	0.0	1.5518647905067524	1.2893988752000296	0.0	0.0	0.6496659806165552	0.0	0.3333398976369378	0.0	0.0	0.6496659806165552	0.3333398976369378	0.0	0.0	0.749571609230621	0.0	0.0	0.0	0.0	0.8307385142881584	0.0	0.0	0.0	1.5657119019726422	0.0	0.0	0.0	0.0	0.0	0.0	2.7076724013593028	1.6406333479568427	0.0	1.6170669897147032	0.0	0.0	2.3075639996770514	1.0101191623496009	0.0	0.3333398976369378	0.0	2.165727552037468	0.3333398976369378	0.0	0.5196881715544015	0.0	0.0	0.0	0.3333398976369378	0.0	0.0	0.0	2.6555194248753056	0.3333398976369378	0.0	0.0	0.0	3.077685281513777	0.0	1.40215494300804	0.0	0.0	0.0	0.0	0.0	3.4966096917001166	1.2345816019086318	0.0	1.171831930571963	1.9859685864888263	1.36049643108751	0.0	0.0	0.0	0.0	0.3333398976369378	0.749571609230621	0.0	0.0	0.0	4.273498586481438	0.0	0.0	0.0	0.0	0.0	0.0	0.0	0.0	0.3333398976369378	0.3333398976369378	0.0	0.0	0.0	0.5196881715544015	0.0	0.749571609230621	0.3333398976369378	0.0	3.2978762805663506	1.0984593292822802	0.0	0.0	0.6496659806165552	0.0	0.3333398976369378	0.0	0.0	0.0	0.0	0.5196881715544015	0.0	4.1597384196381935	0.0	2.02553737321356	0.3333398976369378	0.0	0.9581466254029511	0.0	0.0	0.0	0.0	0.0	0.0	0.0	0.0	0.5196881715544015	0.0	0.0	0.0	0.0	0.0	0.0	1.5657119019726422	0.0	0.5196881715544015	0.0	1.40215494300804	1.768810916904103	1.2043390915211933	2.274212583533812	0.0	1.0565315515453997	0.9581466254029511	0.0	0.0	0.9581466254029511	0.3333398976369378	0.0	0.0	0.0	0.0	1.171831930571963	3.14440044756055	0.0	0.0	0.0	2.767274950867368	0.0	0.5196881715544015	1.887588264540185	0.0	0.0	1.381824993039606	1.8172358301470102	0.0	1.1366932975839186	0.749571609230621	2.371726847684546	0.0	0.0	0.3333398976369378	0.0	0.0	0.0	1.537561593829059	4.262735901094993	0.6496659806165552	0.0	0.0	0.0	1.4215756243253326	0.5196881715544015	0.0	1.83224762353965	0.0	1.0101191623496009	0.3333398976369378	0.3333398976369378	3.0644898575190527	0.0	0.3333398976369378	3.7974106283854305	0.0	0.0	3.3001430028027734	0.0	0.0	0.0	0.0	0.0	0.0	0.0	0.0	0.8307385142881584	0.0	0.0	0.0	0.6496659806165552	0.0	0.0	0.0	0.0	0.0	1.2893988752000296	2.6339346361352627	3.541361464283798	0.5196881715544015	0.3333398976369378	1.801686504389009	0.0	0.0	0.0	0.0	0.0	3.864324685440366	0.0	0.0	0.3333398976369378	0.0	0.5196881715544015	0.749571609230621	0.0	0.0	0.3333398976369378	0.0	0.3333398976369378	0.8990980938704061	0.0	0.0	0.0	0.0	0.0	0.5196881715544015	0.0	0.749571609230621	2.9713308169005725	0.0	1.768810916904103	0.3333398976369378	0.0	0.8990980938704061	0.3333398976369378	0.0	1.4401649019749148	0.0
SRR36103402	0.39028584170637026	0.39028584170637026	0.0	2.085914561850834	0.0	0.0	0.0	0.39028584170637026	2.085914561850834	0.0	2.085914561850834	0.0	2.4679355010146615	2.1349360830459756	0.0	0.0	0.0	0.0	0.0	1.6502079470826572	0.0	0.39028584170637026	0.0	0.0	0.39028584170637026	0.0	1.9740730540604907	0.0	1.9391356033551879	0.0	3.453445841285803	0.7298913999662642	2.15751677751918	0.0	0.0	1.4574303654788763	0.0	0.0	0.0	0.0	0.0	0.0	0.0	1.1494323782316065	2.139547124165734	0.0	0.0	0.5924710171885728	0.0	0.0	0.39028584170637026	0.39028584170637026	1.4789487013362816	0.9181155810445719	0.0	1.0489959920477996	2.6555809334246816	0.0	0.0	0.0	0.0	0.0	0.0	0.39028584170637026	0.0	3.1390055901060077	0.0	0.0	0.0	0.0	0.0	0.0	3.2963776386553505	1.4994509956047513	0.0	1.4994509956047513	0.39028584170637026	0.5924710171885728	3.1746962464154267	0.0	0.0	0.0	0.0	1.6502079470826572	0.0	1.7157642290311708	0.0	0.0	0.0	0.0	0.0	0.0	0.0	0.0	1.8931247124351023	0.0	0.0	0.0	0.39028584170637026	2.731092106671672	0.0	2.7056936596785732	0.0	0.0	0.39028584170637026	0.0	0.0	3.0287689499742267	1.8594981301526032	0.0	0.9181155810445719	3.1746962464154267	2.5224991586820797	0.0	0.0	0.0	0.0	0.7298913999662642	0.0	0.0	0.9884675604209454	0.0	1.537762151289363	0.0	0.0	0.0	0.0	0.0	0.0	0.0	0.0	0.0	0.8341217642908049	0.0	0.0	0.39028584170637026	0.0	0.0	0.0	0.9884675604209454	0.0	4.02153599307614	0.5924710171885728	0.0	0.0	0.0	0.0	0.0	1.4574303654788763	0.0	0.0	0.0	1.1921003147640512	0.0	4.617915511131764	0.0	2.863690880361119	0.39028584170637026	0.0	0.5924710171885728	0.0	0.0	0.7298913999662642	0.0	0.0	0.0	0.0	0.0	1.7157642290311708	0.0	0.0	0.0	0.39028584170637026	0.39028584170637026	0.0	2.7861834922932123	0.0	0.0	0.0	1.0489959920477996	1.1921003147640512	0.0	1.832451131458029	0.39028584170637026	0.9884675604209454	1.5729659625029215	0.0	0.39028584170637026	0.0	0.0	0.0	0.0	0.0	0.0	0.0	2.541086474411735	0.0	0.0	0.0	3.7331805134714457	1.2666056241820471	2.0064079763453044	1.2309487321067207	0.0	0.0	1.690716278981791	1.0489959920477996	0.0	1.8766367951875431	0.7298913999662642	2.5908850560378305	0.39028584170637026	0.0	0.0	0.0	0.39028584170637026	0.39028584170637026	0.9884675604209454	3.870205283264009	0.0	0.0	0.0	0.0	0.8341217642908049	0.5924710171885728	0.0	0.5924710171885728	0.0	1.0489959920477996	0.0	0.0	2.308413260137984	0.0	0.5924710171885728	3.4291809344178352	0.0	0.0	4.303913623996958	0.0	0.0	0.0	0.0	0.0	0.0	0.0	0.0	0.0	0.0	0.0	0.0	0.39028584170637026	0.0	0.0	0.0	0.39028584170637026	0.0	1.555720660890678	3.2830704765140157	2.2485012978249417	0.8341217642908049	0.0	1.3587888075079204	0.0	0.0	0.39028584170637026	0.0	0.7298913999662642	3.022208365427511	0.39028584170637026	0.0	0.0	0.0	2.139547124165734	0.39028584170637026	0.5924710171885728	0.0	0.39028584170637026	1.537762151289363	0.0	1.4347900082610618	0.0	0.0	0.0	0.0	0.39028584170637026	0.7298913999662642	0.0	1.1921003147640512	2.9211753941135647	0.0	1.1021111446135166	0.0	0.0	0.0	0.0	0.0	1.1494323782316065	0.0
SRR36103403	0.0	0.0	0.7411165199807301	3.2572474620724017	0.0	0.0	0.0	0.0	1.371949874117692	0.0	0.32784685643845046	0.0	0.6416888470474855	3.299036604032277	0.0	0.32784685643845046	0.0	0.512521302676805	0.0	2.042798736257363	0.0	0.0	0.0	0.0	0.0	0.32784685643845046	0.512521302676805	0.0	1.9206417589876468	0.0	2.7907646934506736	0.6416888470474855	0.512521302676805	0.0	1.5418494985267541	1.5556874297889458	0.32784685643845046	0.0	0.0	0.0	0.0	0.0	0.0	1.2248810417354943	1.5556874297889458	0.0	0.0	0.32784685643845046	0.0	0.512521302676805	0.0	0.0	0.6416888470474855	0.32784685643845046	0.0	0.0	1.6741530069269601	0.0	0.0	0.0	0.0	0.9489858362793732	0.0	0.0	0.0	3.1308519462606785	0.32784685643845046	0.0	0.0	0.0	0.0	0.0	3.6343515362193415	0.8219681339250186	0.0	1.000829141619335	0.32784685643845046	0.0	1.758680588274256	0.0	1.3922600400815848	0.0	0.6416888470474855	2.3614632406577223	0.0	2.7721395144431074	0.32784685643845046	0.0	0.0	0.0	0.0	0.0	0.0	0.0	2.7923471501605843	0.0	0.32784685643845046	0.0	0.0	2.6396578364370056	0.0	2.0153277917774237	0.0	0.0	0.0	0.0	0.0	1.6070109143716167	1.0889821351059157	0.0	0.0	2.0383392265340246	2.1235396293623703	0.0	0.0	0.0	0.0	0.0	0.6416888470474855	0.0	0.32784685643845046	0.0	0.512521302676805	0.0	0.0	0.0	0.0	0.0	0.0	0.0	0.0	0.0	0.8901041223152855	0.0	0.6416888470474855	0.0	0.6416888470474855	0.0	0.0	0.0	0.0	3.2650298262106303	0.0	0.7411165199807301	0.0	0.32784685643845046	0.0	0.0	0.0	0.0	0.0	0.32784685643845046	1.2531157388322056	0.0	4.393268488526016	0.0	1.2248810417354943	0.0	0.0	0.0	1.000829141619335	0.0	0.0	0.0	0.0	0.0	0.0	0.32784685643845046	0.0	0.0	0.0	0.0	0.0	0.6416888470474855	0.6416888470474855	1.1271461564758414	0.0	0.0	0.0	0.32784685643845046	0.0	0.0	1.8838603455368321	0.0	0.512521302676805	1.2796263377859571	0.0	0.32784685643845046	1.3506430868533308	0.32784685643845046	0.0	0.0	0.0	0.0	0.0	2.3440793205297172	0.8901041223152855	0.0	0.0	3.3635917013363286	0.32784685643845046	2.168970225042562	0.0	0.0	0.0	1.1622257067300898	0.32784685643845046	0.0	1.7671323006110446	0.8219681339250186	1.5418494985267541	0.0	0.0	0.0	0.0	0.32784685643845046	0.0	1.1946823003970295	4.70538161594562	0.0	0.0	0.0	0.0	0.6416888470474855	1.0889821351059157	0.0	0.32784685643845046	0.0	1.000829141619335	0.0	0.0	0.0	0.32784685643845046	0.32784685643845046	1.6070109143716167	0.0	0.6416888470474855	4.149743473772251	0.0	0.0	0.0	0.0	0.0	0.0	0.0	0.0	0.0	0.0	0.32784685643845046	0.0	1.4480463368340708	0.0	0.0	0.0	0.0	0.0	1.0889821351059157	2.0727953798045244	1.4816161290950605	0.0	0.32784685643845046	2.5543464685620965	0.0	0.6416888470474855	0.0	0.0	1.8365983086146953	2.521729328596097	0.0	0.0	0.0	0.32784685643845046	2.0601924915616086	0.512521302676805	0.512521302676805	0.0	0.0	1.758680588274256	0.0	0.32784685643845046	0.0	0.0	0.0	0.0	0.0	1.8774154464218717	0.0	1.4974755754153262	1.0889821351059157	0.0	0.7411165199807301	0.0	0.0	0.0	0.32784685643845046	0.0	0.0	0.32784685643845046
SRR36103404	0.0	0.0	0.7927673164395848	1.0573134125154837	0.0	0.4369766382304503	0.0	0.0	2.275065066451216	0.0	1.3721122519645181	0.0	0.6503311499403236	1.5733074599188988	0.0	0.6503311499403236	0.0	0.0	0.0	1.7102741755992583	0.0	0.0	0.0	0.0	0.0	0.0	2.507852492795382	0.0	2.271046632567861	0.0	2.12342445448271	0.0	1.0573134125154837	0.0	0.0	1.1187887106025176	0.4369766382304503	0.0	0.0	0.0	0.0	0.7927673164395848	0.0	0.6503311499403236	1.2205289493178626	0.0	0.0	1.4588182589387424	0.0	0.0	0.0	0.0	1.4317950119156029	0.0	0.0	0.4369766382304503	2.161413203211773	0.0	0.4369766382304503	0.4369766382304503	0.0	0.0	0.0	0.0	0.0	2.9465391599485566	0.0	0.0	0.0	0.0	0.0	0.0	3.067716730910037	0.6503311499403236	0.0	0.0	0.8998471048129115	0.0	2.6223842910813695	0.4369766382304503	0.0	0.0	0.0	2.1963446271373255	0.0	2.917462381743296	0.0	0.0	0.0	0.0	0.0	0.0	0.0	0.0	2.5964570011963284	0.0	0.0	0.0	0.4369766382304503	1.1187887106025176	0.0	2.802307981448324	0.0	0.0	0.0	0.0	0.4369766382304503	2.028743704922701	2.5284199188864385	0.0	0.0	3.45406155410356	2.106068026987201	0.0	0.0	0.0	0.0	0.6503311499403236	1.1726313213319874	0.0	3.1233184112260615	0.0	1.6471681156656897	0.0	0.0	0.0	0.0	0.0	0.0	0.0	0.0	0.0	0.6503311499403236	0.0	0.0	0.0	0.0	0.0	0.7927673164395848	0.0	0.0	2.9192811281539286	0.4369766382304503	0.0	0.0	0.0	0.0	0.4369766382304503	0.0	0.0	0.0	0.0	0.8998471048129115	0.0	4.44430614167701	0.0	3.3617346546304585	0.0	0.0	0.0	0.6503311499403236	0.4369766382304503	1.1726313213319874	0.0	0.0	0.0	0.0	0.0	2.3241789384518152	0.0	0.0	0.0	0.0	0.4369766382304503	0.0	2.9016875658514483	0.0	0.0	0.0	0.6503311499403236	0.0	0.0	1.2636648454838264	0.6503311499403236	1.338883786905453	1.3721122519645181	0.0	0.0	1.9995738820059366	0.0	0.0	0.0	0.0	0.0	0.0	1.4317950119156029	0.0	0.0	0.0	3.121043351306767	0.0	1.508289796672246	0.0	0.0	0.0	3.855550798290894	1.1187887106025176	0.0	1.8367654166115295	1.7102741755992583	2.434056019773389	0.0	0.0	0.0	0.0	0.8998471048129115	0.4369766382304503	0.0	3.24646990728416	0.0	0.0	0.0	0.0	0.4369766382304503	0.6503311499403236	0.0	0.4369766382304503	0.0	1.338883786905453	0.0	0.0	0.4369766382304503	0.0	0.0	0.7927673164395848	0.0	0.0	4.550841696589683	0.0	0.0	0.0	0.0	0.0	0.0	0.0	0.0	0.0	0.0	0.0	0.0	0.4369766382304503	0.0	0.0	0.0	0.0	0.0	1.878580550634982	4.094762828391551	1.7653631196086905	2.258763304923091	0.4369766382304503	0.4369766382304503	0.4369766382304503	0.0	0.6503311499403236	0.0	1.1726313213319874	1.508289796672246	0.0	0.0	0.6503311499403236	0.7927673164395848	1.4317950119156029	0.6503311499403236	0.4369766382304503	0.0	0.0	1.2205289493178626	0.0	1.531061158322843	0.0	0.0	0.0	0.0	0.0	0.985678263455318	0.0	1.1187887106025176	3.8262069891990302	0.0	1.2205289493178626	0.0	0.0	0.4369766382304503	0.0	0.0	1.2205289493178626	0.0
SRR36103405	0.0	0.0	0.0	1.9565027067402527	0.0	0.0	0.0	0.0	0.9725627052325184	0.0	1.3132654674664546	1.8149549492153023	0.8190073476618773	2.702660154510953	0.0	0.0	1.5018145462823143	0.0	0.0	1.4176929716281863	0.0	0.0	0.0	0.0	0.0	0.0	1.7103429558362049	0.0	2.073457548790535	0.0	2.9453289434328176	0.0	1.3132654674664546	0.0	0.0	0.5793176502944837	0.5793176502944837	0.0	0.0	0.0	0.0	0.0	0.0	0.5793176502944837	1.8506347862954353	0.0	0.0	0.0	0.0	0.0	0.0	0.0	2.007121518471182	0.0	0.0	0.0	0.5793176502944837	0.0	0.0	0.0	0.9725627052325184	0.8190073476618773	0.0	0.5793176502944837	0.0	3.0068598784599256	0.5793176502944837	0.0	0.0	0.0	0.0	0.0	3.16698062605657	0.0	0.0	2.0303776976504913	0.0	0.0	2.4393337572157057	0.0	0.8190073476618773	0.8190073476618773	0.5793176502944837	2.1897033046723346	0.5793176502944837	2.748331512538006	0.0	0.0	0.0	0.0	0.0	0.0	0.0	0.0	2.78767836566543	0.0	0.8190073476618773	0.5793176502944837	0.0	2.205117005058553	0.5793176502944837	1.8506347862954353	0.0	0.0	2.4523821443923333	0.0	0.0	2.735127223555122	1.7333784872511753	0.0	0.5793176502944837	2.519721937021724	1.7552534827531399	0.0	0.0	0.0	0.0	0.8190073476618773	1.9825491744342332	0.5793176502944837	2.323652978044247	0.0	1.8149549492153023	0.0	0.5793176502944837	0.5793176502944837	0.0	0.0	0.8190073476618773	0.0	0.0	0.0	0.5793176502944837	0.0	0.5793176502944837	0.0	0.0	1.0857792307692808	0.5793176502944837	0.0	0.0	3.1784024080924267	1.3686104282404443	0.5793176502944837	0.0	0.0	0.0	0.0	0.0	0.0	0.0	0.0	0.5793176502944837	0.0	4.12489437776147	0.0	3.2786240331302983	0.9725627052325184	0.0	1.7333784872511753	1.0857792307692808	0.5793176502944837	0.0	3.040207693868224	0.0	0.0	0.0	0.0	1.3132654674664546	1.9950091109128736	0.0	0.0	0.5793176502944837	0.0	0.0	2.0303776976504913	0.0	0.0	0.0	1.6328506978640855	1.2498230822042324	1.3132654674664546	1.9428692477562104	0.8190073476618773	0.8190073476618773	0.5793176502944837	0.0	0.0	0.5793176502944837	0.5793176502944837	0.0	0.0	0.0	0.0	1.0857792307692808	2.299966174786946	0.0	0.0	0.0	3.1067815147908617	0.9725627052325184	1.9950091109128736	1.1755009759060155	0.0	0.0	2.975901571522162	1.9565027067402527	0.0	2.0415548610663454	0.5793176502944837	2.829186647065444	0.0	0.0	0.5793176502944837	0.8190073476618773	0.8190073476618773	0.0	1.1755009759060155	4.559711828596417	0.0	0.0	0.0	0.5793176502944837	0.9725627052325184	0.9725627052325184	0.0	0.8190073476618773	0.0	0.0	0.0	0.0	0.0	0.5793176502944837	0.0	1.3132654674664546	0.0	0.0	4.096187244057489	0.0	0.0	0.0	0.0	0.0	0.0	0.0	0.9725627052325184	0.9725627052325184	0.0	0.0	0.0	1.5018145462823143	0.0	0.0	0.0	0.0	0.0	1.2498230822042324	3.234239350158775	1.9825491744342332	4.227731983147511	0.0	1.1755009759060155	0.0	0.0	0.0	0.0	0.9725627052325184	2.3119710437908196	0.0	0.0	1.3132654674664546	0.5793176502944837	1.7959519669710118	0.5793176502944837	0.0	0.0	0.0	2.623651122300158	0.0	0.5793176502944837	0.0	0.0	0.0	0.0	0.0	1.6328506978640855	0.0	0.0	4.002026001070317	0.8190073476618773	1.9697211758644195	0.0	0.0	0.0	0.0	0.8190073476618773	2.268416639250271	0.5793176502944837
SRR36103406	0.0	0.402047957952657	0.8509547133194564	0.0	0.0	0.0	0.0	0.0	0.8509547133194564	0.0	0.0	0.0	0.8509547133194564	0.8509547133194564	0.0	0.0	0.402047957952657	0.0	0.0	1.6833761746368232	0.0	0.0	0.0	0.0	0.402047957952657	0.0	2.712675534433287	0.0	2.0730929470875585	0.0	3.1345726224245802	0.0	2.2109028095030188	0.0	0.0	3.259795695931408	0.402047957952657	0.0	0.402047957952657	0.0	0.0	0.402047957952657	0.0	0.7459548568050706	1.3776047575072172	0.0	0.0	0.0	0.0	1.2105216913270693	0.0	0.0	0.0	0.402047957952657	0.0	0.0	2.000192628467915	0.0	0.0	0.0	0.0	0.402047957952657	0.0	0.0	0.0	2.6821308341884578	0.0	0.0	0.0	0.0	0.0	0.402047957952657	2.6477877313507174	1.5185001005082148	0.0	0.6071888851551349	0.6071888851551349	0.402047957952657	3.1044240727262626	0.0	0.0	0.0	0.0	1.735052340503667	0.0	3.5419273313200055	0.402047957952657	0.0	0.0	0.0	0.0	0.0	0.0	0.0	1.7099824149928005	0.0	0.0	0.0	0.0	0.0	0.0	2.7314977757801198	0.0	0.0	0.0	0.0	0.0	2.115675578293221	1.2852221966574162	0.0	0.402047957952657	3.3239446276425797	2.2026816704424146	0.0	0.0	0.0	0.0	0.6071888851551349	0.6071888851551349	0.0	3.8213713502329028	0.402047957952657	0.0	0.0	0.0	0.0	0.0	0.0	0.0	0.0	0.0	0.0	0.9354466641530568	0.0	0.0	0.0	0.0	0.402047957952657	0.9354466641530568	0.0	0.0	3.1121596791449573	0.7459548568050706	0.0	0.0	0.0	0.402047957952657	0.402047957952657	0.0	0.0	0.0	0.0	1.9043665164880852	0.6071888851551349	4.379828870560412	0.0	3.4967111603418735	0.402047957952657	0.6071888851551349	0.402047957952657	0.402047957952657	0.0	0.402047957952657	0.0	0.0	0.0	0.0	0.402047957952657	1.7812282916848248	0.0	0.0	0.0	0.0	0.0	0.0	1.167725882780723	0.0	0.0	0.0	0.402047957952657	0.6071888851551349	0.0	0.6071888851551349	1.2852221966574162	1.2852221966574162	1.9585725188031218	0.0	0.0	0.0	0.0	0.0	0.0	0.402047957952657	0.6071888851551349	0.0	1.9437629663506193	0.0	0.0	0.0	3.0209189186717427	0.9354466641530568	1.2105216913270693	0.0	0.0	0.0	1.592109955587877	1.0669337410939452	0.0	1.8327988719367445	1.0669337410939452	2.871919888741069	0.0	0.0	0.0	0.0	0.6071888851551349	0.0	0.0	4.18402922252648	0.0	0.0	0.0	0.0	0.6071888851551349	1.2494760687395265	0.0	0.402047957952657	0.0	1.0669337410939452	0.0	0.0	0.0	0.402047957952657	0.0	2.396849064540561	0.0	0.0	4.422282375915434	0.0	0.0	0.0	0.0	0.0	0.7459548568050706	0.0	0.402047957952657	0.0	0.0	0.0	0.0	0.0	0.402047957952657	0.0	0.0	0.0	0.0	1.3182485562230981	2.7588616148366736	1.7099824149928005	0.402047957952657	0.0	1.2852221966574162	0.0	0.0	0.0	0.0	1.2105216913270693	2.491814200394151	0.0	0.0	0.402047957952657	0.0	1.6247100427664933	0.0	0.402047957952657	0.0	0.0	1.7812282916848248	0.0	1.592109955587877	0.0	0.0	0.0	0.0	0.0	1.4764175553467311	0.0	1.5568627088321723	4.1768222319069395	0.0	1.34893991517249	0.0	0.0	0.0	0.402047957952657	0.0	0.6071888851551349	0.0
SRR36103407	0.3505712089527664	0.3505712089527664	1.3445563055802605	1.4520424332640687	0.0	0.0	0.3505712089527664	0.0	1.292809965254556	0.0	0.8578351335238497	0.7757320392460001	2.7988465449769526	2.674708400679938	0.0	0.6744020619164641	0.6744020619164641	0.3505712089527664	0.0	1.9501622538638503	0.0	0.3505712089527664	0.0	0.0	0.0	0.5419952609640359	1.4706802476716705	0.0	2.7527847743583327	0.0	3.637179724189157	0.6744020619164641	2.042444559231554	0.5419952609640359	0.0	0.0	0.7757320392460001	0.0	0.0	0.0	0.0	0.5419952609640359	0.3505712089527664	1.319453379285979	1.9252694191249267	0.0	0.0	0.6744020619164641	0.0	0.6744020619164641	0.0	0.3505712089527664	0.9863987520180216	0.7757320392460001	0.3505712089527664	0.3505712089527664	1.7355326767757238	0.0	0.9268569874967448	0.0	0.0	0.6744020619164641	0.0	0.3505712089527664	0.0	3.6145943686681985	0.0	0.0	0.0	0.0	0.0	0.0	3.4939913226319703	1.1660848877924181	0.0	1.234053343152136	0.7757320392460001	0.0	1.6939469875293884	0.3505712089527664	0.7757320392460001	0.3505712089527664	0.0	1.5682998345250736	0.0	3.0802418750432587	0.5419952609640359	0.0	0.0	0.0	0.0	0.0	0.0	0.0	2.903433982975849	1.0854692598730247	0.0	0.0	0.5419952609640359	2.1143888677831115	0.5419952609640359	1.9501622538638503	0.0	0.5419952609640359	2.713938642433176	0.0	0.0	3.0263803448241346	1.855973512702696	0.0	0.6744020619164641	3.356410235755745	2.5822815285447978	0.0	0.0	0.0	0.0	2.6415405233495344	3.0934862063027944	0.0	3.059115450722244	0.7757320392460001	3.671589659264248	0.0	0.0	0.0	0.0	0.0	0.3505712089527664	0.0	0.3505712089527664	0.0	1.234053343152136	0.0	0.0	0.0	0.5419952609640359	0.3505712089527664	0.9268569874967448	0.6744020619164641	0.3505712089527664	4.068277728664735	0.0	0.6744020619164641	0.6744020619164641	0.0	0.0	0.3505712089527664	0.0	0.0	0.0	0.0	1.6229910132192304	0.0	4.369841799436387	1.808380105906734	1.7152373946760036	0.6744020619164641	0.3505712089527664	2.3536120416836646	1.0387528760313545	0.9268569874967448	0.0	0.0	0.0	0.0	0.0	0.0	0.7757320392460001	0.0	0.0	0.0	0.3505712089527664	0.8578351335238497	0.3505712089527664	2.5751689089546788	0.0	0.3505712089527664	0.0	1.0854692598730247	1.3445563055802605	0.3505712089527664	2.3188111892551664	0.9863987520180216	1.2013974203861806	2.210630907060684	0.0	0.6744020619164641	1.791281496368415	0.0	0.0	0.0	0.0	0.0	0.0	2.842042397341074	0.7757320392460001	0.0	0.3505712089527664	3.764511445874444	1.6939469875293884	2.8741824497560646	1.9793969157086517	0.0	0.0	2.525055925240635	1.0387528760313545	0.0	2.3607199214949386	0.7757320392460001	1.2013974203861806	0.0	0.0	0.3505712089527664	0.0	1.3445563055802605	0.0	2.130655662619403	3.8682160270995394	0.0	0.0	1.6099502593665802	1.4706802476716705	1.8634223144035371	1.2644245608064613	1.6229910132192304	0.8578351335238497	0.5419952609640359	1.2013974203861806	0.0	0.0	0.7757320392460001	0.3505712089527664	0.0	2.7118497068298058	0.0	0.6744020619164641	4.094777928022837	0.0	0.0	0.0	0.0	0.0	0.3505712089527664	0.0	1.0854692598730247	0.3505712089527664	0.0	0.0	0.0	2.088785880708687	2.647652190771475	0.5419952609640359	0.0	0.0	0.0	2.075395184150313	3.2284391740295435	1.7734820089103316	0.0	0.3505712089527664	1.7734820089103316	0.3505712089527664	0.0	1.12764492237212	0.3505712089527664	2.0172771785695924	3.7569335847157794	0.0	0.7757320392460001	0.5419952609640359	0.7757320392460001	2.0014455536612243	0.6744020619164641	0.9863987520180216	0.7757320392460001	0.7757320392460001	0.6744020619164641	0.0	0.8578351335238497	0.3505712089527664	0.0	0.0	0.0	0.0	2.1760915728853476	0.0	1.5057154041655754	3.832056602726727	0.9268569874967448	0.9268569874967448	0.0	0.0	0.8578351335238497	0.0	0.6744020619164641	1.0387528760313545	0.5419952609640359
SRR36103408	0.0	0.0	1.4159925481699618	0.861251883116309	0.0	0.0	0.6162271588837012	0.0	1.1313152631608383	0.0	0.6162271588837012	0.0	2.426956816469409	0.6162271588837012	0.0	0.0	0.0	0.0	0.0	2.056046452824828	0.0	0.0	0.0	0.0	0.0	0.0	0.0	0.0	2.2465665713496983	0.0	3.804115506023155	0.0	2.902993449127355	0.0	0.0	3.751500623119774	0.0	0.0	0.0	0.0	0.0	0.0	0.0	0.6162271588837012	1.8445889527430317	0.0	0.0	0.0	0.0	0.0	0.0	0.0	2.6612113174387377	1.016945975638166	0.0	0.0	2.5502135166029665	0.0	0.0	0.0	0.0	0.0	0.0	0.0	0.0	3.364741936814096	0.0	0.0	0.0	0.0	0.0	0.0	3.170145558758584	0.6162271588837012	0.0	2.703596053581237	2.161671177356947	0.6162271588837012	2.530615464104737	0.6162271588837012	1.360374740032018	0.0	0.0	1.8636239594201702	0.0	0.6162271588837012	0.0	0.0	0.0	0.0	0.0	0.0	0.0	0.0	2.269105371769688	0.0	0.861251883116309	0.0	0.0	0.0	0.0	1.8993602621563324	0.0	0.0	0.0	0.0	0.0	2.8926656996592306	0.861251883116309	0.0	1.016945975638166	2.479622897047728	1.8636239594201702	0.0	0.0	0.0	0.0	0.0	0.861251883116309	0.0	2.9849105387588346	0.6162271588837012	1.016945975638166	0.0	0.0	0.0	0.0	0.0	0.0	0.0	0.0	0.0	1.2965734138285823	0.0	0.0	0.6162271588837012	1.016945975638166	0.0	1.4159925481699618	1.2217578910437463	0.0	3.3534349432073167	0.6162271588837012	1.2217578910437463	0.0	0.0	0.0	0.0	0.0	0.0	0.0	0.0	1.1313152631608383	0.0	4.484661443012905	0.0	2.9587857285179266	0.0	0.0	1.2217578910437463	0.0	1.4652895033323023	0.0	0.0	0.0	0.0	0.0	0.0	0.861251883116309	0.0	0.0	0.0	0.0	0.0	0.0	0.0	0.0	0.0	0.0	0.861251883116309	0.6162271588837012	0.0	1.016945975638166	1.016945975638166	1.016945975638166	0.861251883116309	0.0	0.0	0.0	0.0	0.0	0.0	0.0	0.0	0.0	2.2308634650224697	0.6162271588837012	0.0	0.0	2.997406318224438	0.0	1.734438268506701	0.0	0.0	0.0	1.2965734138285823	1.2217578910437463	0.0	2.4468548619017163	1.7588169178302224	2.6729244536704644	0.0	0.0	0.0	0.6162271588837012	0.0	0.0	0.0	2.744665752355254	0.0	0.0	1.2217578910437463	0.0	1.1313152631608383	0.861251883116309	1.963062352093284	0.861251883116309	0.0	0.861251883116309	0.0	0.0	0.0	0.0	0.0	3.1774399054606604	0.0	1.2217578910437463	4.65003918756841	0.0	0.0	0.0	0.0	0.0	0.0	0.0	1.8818595812644179	0.6162271588837012	0.0	0.0	0.0	0.0	0.0	0.0	0.0	0.0	0.0	1.4159925481699618	1.8246812509193233	2.514274271234846	0.861251883116309	0.0	0.0	0.0	0.0	0.0	0.0	1.1313152631608383	3.0135270182506533	0.0	0.0	0.0	0.0	1.4652895033323023	0.0	0.0	0.0	0.0	1.360374740032018	0.0	0.861251883116309	0.0	0.0	0.0	0.0	0.0	1.620388731808005	0.0	0.6162271588837012	3.3711560115419847	2.2465665713496983	0.6162271588837012	0.0	0.0	0.0	0.0	0.0	0.861251883116309	0.0
SRR36103409	0.33479336803984167	0.0	0.33479336803984167	3.189874966545341	0.0	0.0	0.9605577426320935	0.0	1.5253987574795524	0.0	0.0	0.0	3.2890688882394463	1.4606055283554684	0.0	0.0	1.5401918233855068	0.0	0.0	1.340650621863635	0.0	0.0	0.0	0.0	0.33479336803984167	0.33479336803984167	0.8330481802464821	0.0	1.7963630871034058	0.0	4.292973294126332	0.0	0.33479336803984167	0.0	0.0	3.2240135055986263	0.0	0.0	0.0	0.0	0.0	0.33479336803984167	0.0	0.9605577426320935	1.8274747130230689	0.0	0.0	0.7517992600083331	0.0	0.0	0.0	0.0	0.0	0.33479336803984167	0.0	0.0	2.7826448544806506	0.0	1.3169914387844586	0.33479336803984167	0.0	0.33479336803984167	0.0	0.0	0.5215799428141852	2.5317514329477495	0.0	0.0	0.0	0.0	0.0	0.0	2.755162867016251	0.33479336803984167	0.0	2.834364678715	0.33479336803984167	0.5215799428141852	2.089825399560085	1.2068789338036197	0.0	0.33479336803984167	0.0	2.1649807059949886	0.33479336803984167	0.5215799428141852	0.0	0.0	0.0	0.0	0.0	0.0	0.0	0.0	2.413123880714713	0.33479336803984167	0.0	0.0	0.0	1.5253987574795524	0.0	1.834916437543678	0.0	0.0	0.0	0.0	0.0	3.3839588745395104	1.6074277026028103	0.0	1.4777323740320947	2.5976672443706827	1.5401918233855068	0.0	0.0	0.0	0.0	0.0	0.9014658760937535	0.0	0.9605577426320935	0.5215799428141852	1.9564091117112528	0.0	0.0	0.0	0.33479336803984167	0.0	0.0	0.0	0.0	0.9605577426320935	0.0	0.0	0.0	0.0	0.0	0.0	1.291968729933701	0.0	0.0	3.460042540710567	0.0	0.0	0.0	0.5215799428141852	0.0	0.0	0.0	0.0	0.0	0.0	1.0125638362864247	0.5215799428141852	4.474919533485486	0.0	1.291968729933701	0.9605577426320935	0.0	1.340650621863635	0.0	0.0	0.0	0.0	0.33479336803984167	0.0	0.0	0.0	0.0	0.0	0.0	0.0	0.5215799428141852	0.0	0.0	2.032922657324754	0.0	0.0	0.0	1.4606055283554684	1.7714734815014783	1.5100839830201334	0.8330481802464821	0.33479336803984167	1.2068789338036197	1.0125638362864247	0.0	0.5215799428141852	1.1743586578415148	0.0	0.0	0.0	0.0	0.0	1.1009525830018356	2.586046141724392	0.0	0.0	0.0	3.3530845582263873	0.0	0.0	0.5215799428141852	0.0	0.0	2.0939086484621563	2.1437673927224785	0.0	1.1743586578415148	0.5215799428141852	0.9014658760937535	0.0	0.0	0.33479336803984167	0.0	0.33479336803984167	0.33479336803984167	0.0	3.5941174581682738	0.0	0.0	0.5215799428141852	0.0	1.4047565155741562	0.5215799428141852	0.0	2.1290267454778435	0.0	1.3630872326675953	0.0	0.33479336803984167	1.0590029779755263	0.0	0.5215799428141852	3.640492889350986	0.0	0.33479336803984167	4.292973294126332	0.0	0.0	0.0	0.0	0.0	1.1009525830018356	0.0	1.1392046988564877	0.9605577426320935	0.0	0.33479336803984167	0.0	0.0	0.33479336803984167	0.0	0.0	0.0	0.0	0.9014658760937535	3.0010309131676505	3.8685377775455128	0.0	0.5215799428141852	0.33479336803984167	0.0	0.0	0.0	0.0	1.1009525830018356	3.5513591985798643	0.0	0.0	0.0	0.0	1.6868978459316688	0.0	0.6517691598660175	0.0	0.33479336803984167	0.33479336803984167	0.0	1.788224021146123	0.0	0.0	0.0	0.0	0.0	2.1059329828496534	0.0	1.0590029779755263	3.0316358702341635	0.0	2.0815418925506	0.7517992600083331	0.0	0.0	0.0	0.0	1.6432801249058557	0.0
SRR36103410	0.0	0.0	0.4312670924226246	2.8242328849103737	0.0	0.0	0.0	0.0	1.2120434785430867	0.0	0.0	0.4312670924226246	0.0	0.6433340308992781	0.0	0.0	0.4312670924226246	0.0	0.0	1.294320474242647	0.0	0.0	0.0	0.0	0.0	0.0	0.0	0.0	0.6433340308992781	0.0	3.9140256128298456	0.0	0.4312670924226246	0.0	0.0	2.0971049897896905	0.6433340308992781	0.0	0.0	0.0	0.0	0.4312670924226246	0.0	0.4312670924226246	0.9775862232249021	0.0	0.0	1.3634650805779063	0.0	0.4312670924226246	0.0	0.0	0.0	0.0	0.0	0.0	1.3634650805779063	0.0	0.0	0.0	0.0	0.0	0.0	0.0	0.0	1.8696667329897478	0.0	0.0	0.0	0.0	0.0	0.0	3.501576551700498	0.0	0.0	2.8415814525554617	0.7852014629383123	0.0	2.620503300145756	0.0	0.0	0.0	0.0	1.8595871398717707	0.4312670924226246	1.7298235980363172	0.0	0.0	0.0	0.0	0.0	0.0	0.0	0.0	0.0	0.0	0.0	0.0	0.0	0.4312670924226246	0.0	1.3634650805779063	0.0	0.0	0.0	0.0	0.0	1.9752798861177285	0.6433340308992781	0.0	0.0	2.880202854186831	1.5439188846584437	0.0	0.0	0.0	0.0	0.0	0.0	0.0	0.0	0.0	2.50350145330172	0.0	0.0	0.0	0.0	0.0	0.0	0.0	0.0	0.0	0.4312670924226246	0.0	0.0	0.6433340308992781	0.0	0.0	0.4312670924226246	0.0	0.4312670924226246	2.641221748381925	0.0	0.0	0.0	0.0	0.0	0.0	0.0	0.0	0.0	0.0	0.0	0.0	4.703542699718564	0.0	0.4312670924226246	0.0	0.0	0.0	0.0	0.0	0.0	0.0	0.0	0.0	0.0	0.0	0.0	0.0	0.0	0.0	0.4312670924226246	0.0	0.0	1.1642098269524581	0.0	0.0	0.0	0.0	0.0	0.0	0.0	0.0	0.0	0.4312670924226246	0.0	0.0	0.7852014629383123	0.0	0.0	0.0	0.0	0.0	0.0	2.1419240207980907	0.0	0.0	0.0	1.8492680384760085	0.0	0.0	0.0	0.0	0.0	2.019794600965876	0.8919607437864887	0.0	1.0490781869600987	0.0	1.7014174907022188	0.0	0.0	0.0	0.0	0.6433340308992781	0.4312670924226246	0.0	3.366568242248225	0.0	0.0	0.0	0.0	0.0	1.0490781869600987	0.0	0.6433340308992781	0.0	0.7852014629383123	0.0	0.0	0.4312670924226246	0.0	0.0	2.8673730720323136	0.0	0.0	4.567946050802097	0.0	0.0	0.0	0.0	0.0	0.4312670924226246	0.0	0.0	0.0	0.0	0.0	0.0	0.0	0.0	0.0	0.0	0.0	0.0	0.6433340308992781	2.5578350256512197	2.187368170556182	0.4312670924226246	0.0	0.8919607437864887	0.0	0.0	0.0	0.0	0.9775862232249021	3.2059975296153715	0.0	0.0	0.0	0.0	0.4312670924226246	0.0	1.3634650805779063	0.0	0.0	0.0	0.0	0.4312670924226246	0.0	0.0	0.0	0.0	0.0	0.0	0.0	0.4312670924226246	2.296950877478293	0.0	0.4312670924226246	0.0	0.0	0.0	0.0	0.0	0.6433340308992781	0.0
SRR36103411	0.29055091406438177	0.8845822520953248	0.29055091406438177	2.7705084976201317	0.0	0.0	0.4630921937914142	0.4630921937914142	1.2586792444211874	0.0	1.6324781696768862	0.4630921937914142	2.419770580130512	3.5087325418167548	0.0	0.29055091406438177	0.8269760063756546	0.0	0.0	1.2352615560904032	0.0	0.29055091406438177	0.0	0.0	0.0	0.0	1.1563211742202282	0.0	1.7920304747576556	0.0	4.017762332317291	0.5862449993544385	0.0	0.0	0.0	1.4267166351852014	0.0	0.0	0.0	0.0	0.0	0.0	0.0	1.3020362180560525	1.7115789640630303	0.0	0.0	1.126461137467846	0.0	0.29055091406438177	0.0	0.0	0.0	0.29055091406438177	0.0	0.0	2.2293248652416158	0.0	1.126461137467846	0.0	0.0	0.4630921937914142	0.0	0.29055091406438177	0.0	2.387107617137586	0.0	0.0	0.0	0.0	0.0	0.0	3.0428849188773417	0.9354345476747252	0.0	1.6694223328967854	0.29055091406438177	0.0	1.6227293019142253	0.5862449993544385	0.0	0.0	0.29055091406438177	1.6025494210211886	0.0	0.4630921937914142	0.0	0.0	0.0	0.29055091406438177	0.0	0.0	0.0	0.0	1.6952040205057064	0.0	0.0	0.0	0.0	3.0532517593341497	0.29055091406438177	1.3775916252288722	0.0	0.0	0.0	0.0	0.0	3.218845005153139	1.3020362180560525	0.0	1.0597722071901436	1.394591577640246	2.043428120175892	0.0	0.0	0.0	0.0	3.7886823373863026	1.9332667656323792	0.0	0.29055091406438177	0.0	4.516275030259034	0.0	0.0	0.0	0.0	0.0	0.0	0.0	0.0	0.0	0.5862449993544385	0.0	0.29055091406438177	0.0	0.29055091406438177	0.0	0.29055091406438177	0.6820799178501789	0.0	3.588489165795097	0.0	0.0	0.8269760063756546	0.0	0.0	0.0	0.0	0.0	0.0	0.0	0.6820799178501789	0.5862449993544385	4.394057467314652	0.0	0.5862449993544385	0.29055091406438177	0.0	1.4979550749634791	0.0	0.0	0.0	0.0	0.0	0.0	0.0	0.0	0.0	0.0	0.0	0.0	0.6820799178501789	0.0	0.0	1.4846116727318006	0.0	0.0	0.0	0.7605429528187824	1.913533938305877	0.9354345476747252	0.6820799178501789	0.0	0.7605429528187824	0.0	0.0	0.29055091406438177	1.4267166351852014	0.29055091406438177	0.0	0.0	0.0	0.0	0.5862449993544385	2.5563320423385782	0.0	0.0	0.0	3.3090036722279663	1.0597722071901436	0.4630921937914142	0.8845822520953248	0.0	0.29055091406438177	3.0174227776876035	1.559138155440065	0.0	1.0597722071901436	0.8845822520953248	2.4702145526668056	0.0	0.0	0.0	0.0	0.0	0.29055091406438177	1.5234715827220182	2.221945005160189	0.4630921937914142	0.0	0.29055091406438177	0.0	0.9809517072181603	0.29055091406438177	0.0	1.4846116727318006	0.0	0.8845822520953248	0.0	0.29055091406438177	0.9809517072181603	0.29055091406438177	0.4630921937914142	3.737244202958523	0.0	0.0	3.633829875240779	0.0	0.0	0.0	0.0	0.0	0.0	0.0	0.29055091406438177	0.5862449993544385	0.0	0.0	0.0	0.4630921937914142	0.0	0.0	0.0	0.0	0.0	1.2105088286385914	3.1227494479226197	3.033031823286422	0.4630921937914142	0.29055091406438177	1.3775916252288722	0.0	0.29055091406438177	0.0	0.0	1.0597722071901436	3.386861505142864	0.0	0.0	0.0	0.0	1.1842595894077839	0.0	0.7605429528187824	0.0	0.0	0.0	0.0	1.1842595894077839	0.0	0.0	0.0	0.0	0.0	0.29055091406438177	0.0	1.0597722071901436	3.382083458414083	0.0	1.341454926512175	0.0	0.29055091406438177	0.5862449993544385	0.0	0.0	1.4109510777550993	0.29055091406438177
SRR36103412	0.0	0.0	1.2432042745170864	2.483905618410597	0.0	0.0	0.0	0.6336037604913327	2.0540211678410505	0.0	1.3821860268039285	0.6336037604913327	2.918887750917848	1.0375866248653454	0.0	0.0	0.0	0.0	0.0	1.6426368032160383	0.0	0.0	0.0	0.0	0.0	0.0	2.2843804496556546	0.0	1.7568093194084886	0.0	3.9220343558944593	0.0	0.0	0.0	0.0	2.5411305997752445	0.0	0.0	0.0	0.0	0.0	0.0	0.0	0.6336037604913327	0.0	0.0	0.0	0.8809666973325856	0.0	0.0	0.0	0.0	0.0	1.9386939925791289	0.0	0.0	3.1264699569873984	0.0	0.0	0.0	0.0	0.0	0.0	0.0	0.0	1.781210318440368	0.0	0.0	0.0	0.0	0.0	0.0	2.822540285185127	1.6741145623263078	0.0	3.612917739543454	0.0	0.0	2.5285782139283826	0.8809666973325856	0.0	0.0	0.0	1.3182311588100697	0.0	0.0	0.0	0.0	0.0	0.0	0.0	0.0	0.0	0.0	1.7568093194084886	0.0	0.0	0.0	0.0	2.668841335531446	0.0	1.60869799019857	0.0	0.0	0.0	0.0	0.0	3.7113421188860274	2.4885854145158084	0.0	0.6336037604913327	2.626926735460164	1.7034641858411004	0.0	0.0	0.0	0.0	0.0	0.0	0.0	0.0	0.0	4.150367621682036	0.0	0.0	0.0	0.0	0.0	0.6336037604913327	0.0	0.0	0.0	1.1524522294466464	0.0	0.0	1.1524522294466464	0.0	0.0	0.6336037604913327	0.0	0.0	3.0837146038902223	0.0	0.0	0.0	0.0	0.0	0.0	0.0	0.0	0.0	0.0	1.5316500309050527	0.0	4.515040022386567	0.0	1.4379204279211169	0.0	0.0	0.6336037604913327	0.0	0.0	0.0	0.0	0.0	0.0	0.0	0.0	0.0	0.0	0.0	0.0	0.0	0.0	0.0	2.904837536462447	0.0	0.0	0.0	0.0	0.0	1.0375866248653454	0.0	0.0	0.6336037604913327	0.6336037604913327	0.0	0.0	0.0	0.0	0.0	0.0	0.0	0.0	0.0	1.9856009493836602	0.0	0.0	0.0	3.0309781826572477	1.1524522294466464	1.0375866248653454	0.6336037604913327	0.0	0.0	2.04117238665699	1.0375866248653454	0.0	1.0375866248653454	1.7309552974821416	2.3717974761583753	0.0	0.0	0.0	0.0	0.0	0.0	1.0375866248653454	2.0279318492739553	1.5718804043311823	0.0	0.0	0.0	0.6336037604913327	1.3821860268039285	0.0	0.6336037604913327	0.0	1.7034641858411004	0.0	0.0	0.0	0.0	0.6336037604913327	3.045420859733686	0.0	0.0	4.058180715421101	0.0	0.0	0.0	0.0	0.0	0.0	0.0	0.0	0.0	0.0	0.0	0.0	0.0	0.0	0.0	0.0	0.0	0.0	1.48730893207527	4.230185582813012	2.3531294277906496	0.0	0.6336037604913327	0.6336037604913327	0.6336037604913327	0.0	0.8809666973325856	0.0	1.3182311588100697	2.692758502606094	0.0	0.0	0.0	0.0	2.04117238665699	0.0	1.0375866248653454	0.0	0.0	0.0	0.0	2.090432919145288	0.0	0.0	0.0	0.0	1.0375866248653454	0.8809666973325856	0.0	1.1524522294466464	3.5691871208766086	0.0	0.8809666973325856	0.0	0.0	0.6336037604913327	0.0	0.0	1.5718804043311823	0.0
SRR36103413	0.0	0.0	0.0	3.1266057130696416	0.0	0.0	0.0	0.0	1.1801928956612888	0.0	0.0	0.0	3.8391310130713174	0.7024880592019751	0.0	0.0	0.0	0.0	0.0	0.7024880592019751	0.0	0.0	0.0	0.0	0.0	0.0	1.0453882743042457	0.0	0.7024880592019751	0.0	4.553359466033209	0.48005494260469705	1.6763979818821213	0.0	0.0	2.165730990106669	0.0	0.0	0.0	0.0	0.0	0.0	0.0	0.0	0.9581497059171449	0.0	0.0	0.48005494260469705	0.0	0.0	0.0	0.0	0.0	0.0	0.0	0.0	1.8908270890416716	0.0	0.0	0.0	0.0	0.7024880592019751	0.0	0.0	0.0	1.6170703678162885	0.0	0.8488662973689751	0.0	0.0	0.0	0.0	2.0650529637601505	0.7024880592019751	0.0	3.643978218050648	0.48005494260469705	0.48005494260469705	1.7446763433655712	0.7024880592019751	0.0	0.0	0.0	1.8172392391221348	0.0	0.48005494260469705	0.0	0.0	0.0	0.0	0.0	0.0	0.0	0.0	1.3264042361811412	0.0	0.0	0.0	0.0	3.4615162343190393	0.0	1.4666403816523597	0.0	0.48005494260469705	0.0	0.0	0.0	1.5227745991355182	0.48005494260469705	0.0	0.0	2.823271915452169	1.2345848619127118	0.0	0.0	0.0	0.0	0.0	0.48005494260469705	0.0	0.0	0.0	3.5321505895433356	0.0	0.0	0.0	0.0	0.0	0.0	0.0	0.0	0.0	1.0453882743042457	0.0	0.0	0.0	0.0	0.0	0.48005494260469705	0.0	0.0	2.324518505453927	0.0	0.0	0.0	0.0	0.0	0.0	0.0	0.0	0.0	0.0	0.7024880592019751	0.0	4.432803162672977	0.0	1.0453882743042457	0.0	0.0	0.48005494260469705	0.0	0.0	0.0	0.0	0.0	0.0	0.0	0.0	0.0	0.0	0.0	0.0	0.0	0.0	0.0	1.572476706830894	0.0	0.0	0.0	0.0	0.0	0.0	1.1180001258397676	0.8488662973689751	0.7024880592019751	0.0	0.0	0.0	0.0	0.48005494260469705	0.0	0.0	0.0	0.0	0.0	2.54471001176731	0.0	0.0	0.0	2.4341291643379814	0.0	0.0	1.1180001258397676	0.0	0.0	2.407496377865129	0.7024880592019751	0.0	1.0453882743042457	0.0	0.48005494260469705	0.0	0.0	0.0	0.0	0.0	0.0	2.008671228177411	2.8219518502265806	0.0	0.7024880592019751	0.0	0.0	0.0	0.8488662973689751	0.0	0.0	0.0	0.8488662973689751	0.0	0.0	0.48005494260469705	0.0	0.0	2.5189275191849605	0.0	0.0	4.279911562408592	0.0	0.0	0.0	0.0	0.0	0.0	0.0	0.0	0.0	0.0	0.0	0.0	0.0	0.0	0.0	0.0	0.0	0.0	0.8488662973689751	2.311867639083342	1.435594979170094	0.7024880592019751	0.48005494260469705	0.0	0.0	0.0	0.0	0.0	0.7024880592019751	3.4876936496168893	0.0	0.0	0.0	0.0	0.0	0.0	0.0	0.0	0.0	0.0	0.0	1.637759926446038	0.0	0.0	0.0	0.0	0.0	0.0	0.0	2.695465723482915	2.3526783954276786	0.0	0.0	0.0	0.0	1.0453882743042457	0.0	0.48005494260469705	0.0	0.0
SRR36103414	0.0	0.0	0.8029389465656482	1.7365890017513512	0.0	0.0	0.0	0.0	2.5427097509070546	0.0	2.62720284475616	0.0	2.4114782493172378	0.44469087380411093	0.0	0.0	0.0	0.0	0.0	2.5359958166921506	0.0	0.0	0.0	0.0	0.0	0.0	2.5471287286868405	0.0	2.258153430993747	0.0	2.8155742818372707	0.6597524758897758	0.9965420416765699	0.0	0.0	1.870109330652743	0.0	0.0	0.0	0.0	0.0	0.6597524758897758	0.0	0.8029389465656482	1.8023964159971484	0.0	0.0	0.8029389465656482	0.0	0.44469087380411093	0.0	0.6597524758897758	1.383704151834929	0.8029389465656482	0.0	0.0	1.470501925553051	0.0	0.0	0.0	0.0	0.0	0.0	0.44469087380411093	0.0	3.5102000755421012	0.0	0.0	0.0	0.0	0.0	0.6597524758897758	3.544030330399205	2.4114782493172378	0.0	0.44469087380411093	1.129978827408903	0.0	3.287082654277212	1.5428084544675578	0.0	0.0	0.0	1.6416657311796603	0.0	3.378715040946531	0.0	0.0	0.0	0.0	0.0	0.0	0.0	0.0	3.115084807875315	0.44469087380411093	0.0	0.44469087380411093	0.0	1.414604749509623	0.0	3.125655527464831	0.0	0.0	0.0	0.0	0.0	2.3290163267865487	1.7505724237074025	0.44469087380411093	0.9104405629157749	3.5460183959615668	2.3738427396665753	0.0	0.0	0.0	0.44469087380411093	1.2751128798903015	1.7221403193141887	0.0	0.44469087380411093	0.6597524758897758	0.8029389465656482	0.0	0.0	0.6597524758897758	0.0	0.0	0.6597524758897758	0.0	0.0	0.0	1.3144050365060476	0.0	0.0	0.8029389465656482	0.9965420416765699	0.0	0.44469087380411093	0.9104405629157749	0.44469087380411093	3.666662553157666	0.0	0.9104405629157749	0.0	0.0	0.0	0.0	0.0	0.0	0.0	0.44469087380411093	1.1839274780098425	0.0	4.489187458000427	0.0	3.3397633772828588	0.0	0.0	0.0	0.0	1.129978827408903	0.44469087380411093	0.0	0.9965420416765699	0.0	0.0	0.0	2.9914441297490852	0.0	0.0	0.0	0.44469087380411093	0.44469087380411093	0.0	2.7250038958917813	0.0	0.44469087380411093	0.6597524758897758	0.8029389465656482	0.0	0.0	3.1066814850152995	0.0	1.414604749509623	1.6589978760787063	0.0	0.44469087380411093	0.0	0.0	0.0	0.0	0.44469087380411093	0.0	0.0	1.1839274780098425	0.9104405629157749	0.0	0.0	3.805500915114338	1.0683652015809038	3.2102602132079263	1.0683652015809038	0.0	0.0	0.8029389465656482	0.8029389465656482	0.0	2.178596138232319	1.383704151834929	1.8261599256969794	0.0	0.0	0.44469087380411093	0.44469087380411093	0.6597524758897758	0.44469087380411093	0.44469087380411093	3.409658544002245	0.0	1.3144050365060476	0.0	0.0	0.6597524758897758	1.2319089812783803	0.0	0.44469087380411093	0.0	0.9104405629157749	0.0	0.0	0.0	0.0	0.0	2.451623615728233	0.0	1.1839274780098425	4.456972939327699	0.0	0.0	0.0	0.0	0.0	0.0	0.0	0.8029389465656482	0.0	0.0	0.0	0.0	0.0	0.0	0.0	0.0	0.0	0.0	2.0546158916218085	2.505639416904409	2.0746451640709602	0.0	0.0	0.0	0.44469087380411093	0.44469087380411093	2.2538560244992176	0.0	1.0683652015809038	2.510449981069927	0.0	0.0	0.6597524758897758	0.0	1.7641196163873907	0.9965420416765699	0.8029389465656482	0.44469087380411093	0.0	2.208367409501466	0.0	1.414604749509623	0.6597524758897758	0.0	0.0	0.0	0.0	2.6836930081366814	0.0	1.470501925553051	3.719119658609152	0.0	0.44469087380411093	0.44469087380411093	0.0	0.44469087380411093	0.44469087380411093	0.0	0.0	0.0
SRR36103415	0.0	0.0	0.0	0.0	0.0	0.0	0.0	0.0	0.0	0.0	1.2910003112035586	0.0	3.154984347168171	1.7530482924055708	0.0	0.0	0.0	0.0	0.0	1.9718185762169158	0.0	0.0	0.0	0.0	1.2910003112035586	0.0	1.7530482924055708	0.0	2.5703890080277048	0.0	3.8098361059126145	0.0	1.5807746806362144	0.0	0.0	1.5807746806362144	0.0	0.0	0.0	0.0	0.0	0.0	0.0	1.2910003112035586	3.3137234894679826	0.0	0.0	0.0	0.0	0.0	0.0	2.174197283934536	2.0502267840802575	1.2910003112035586	0.0	0.0	1.8760655465975242	0.0	0.0	0.0	0.0	0.0	0.0	0.0	0.0	3.8648459509032858	0.0	0.0	0.0	0.0	0.0	0.0	3.351168451528375	2.5915226905769373	0.0	1.7530482924055708	0.0	0.0	2.116620559916137	0.0	0.0	0.0	0.0	1.9718185762169158	0.0	2.174197283934536	0.0	0.0	0.0	0.0	0.0	0.0	0.0	0.0	3.125847225446803	0.0	0.0	0.0	0.0	2.3839307640585505	0.0	2.349318142778956	0.0	0.0	0.0	0.0	1.2910003112035586	2.4159872764822676	1.7530482924055708	0.0	0.0	2.3117061796458525	1.8760655465975242	0.0	0.0	0.0	0.0	2.7874126375325394	1.5807746806362144	0.0	3.6300192191225853	0.0	1.5807746806362144	0.0	0.0	0.0	0.0	0.0	0.0	0.0	0.0	0.0	1.7530482924055708	0.0	0.0	0.0	0.0	0.0	0.0	0.0	0.0	3.496214832007842	0.0	0.0	0.0	0.0	0.0	0.0	0.0	0.0	0.0	0.0	0.0	0.0	4.164194057567007	0.0	3.154984347168171	0.0	0.0	2.0502267840802575	0.0	0.0	0.0	0.0	0.0	0.0	0.0	0.0	1.7530482924055708	0.0	0.0	0.0	0.0	0.0	0.0	1.5807746806362144	0.0	0.0	0.0	1.2910003112035586	0.0	0.0	3.608740611360872	0.0	1.5807746806362144	2.270525317049399	0.0	0.0	0.0	0.0	0.0	0.0	0.0	0.0	0.0	3.0539031738791156	0.0	0.0	0.0	3.9328822332675863	0.0	0.0	1.9718185762169158	0.0	0.0	1.7530482924055708	1.7530482924055708	0.0	1.5807746806362144	1.2910003112035586	1.7530482924055708	0.0	0.0	0.0	0.0	1.2910003112035586	0.0	1.2910003112035586	3.8411237862519028	0.0	0.0	0.0	0.0	0.0	0.0	0.0	0.0	0.0	0.0	0.0	0.0	0.0	0.0	1.2910003112035586	3.8364545850089717	0.0	0.0	4.310786312418488	0.0	0.0	0.0	0.0	0.0	0.0	0.0	0.0	0.0	0.0	0.0	0.0	1.8760655465975242	0.0	0.0	0.0	0.0	0.0	2.116620559916137	2.0502267840802575	1.8760655465975242	0.0	0.0	0.0	0.0	0.0	2.4458393877661426	1.2910003112035586	0.0	3.6243185857241182	0.0	0.0	0.0	0.0	1.2910003112035586	0.0	0.0	0.0	0.0	2.0502267840802575	0.0	0.0	0.0	0.0	0.0	0.0	0.0	1.5807746806362144	0.0	1.7530482924055708	3.8269628301296312	0.0	1.2910003112035586	0.0	0.0	0.0	0.0	0.0	0.0	0.0
SRR36103440	0.0	0.48750856024346223	0.7114052874924452	0.228110897569671	0.0	0.0	0.228110897569671	0.0	1.4568957573589572	0.0	0.0	0.48750856024346223	2.44302669371799	2.3157186072999774	0.0	0.0	0.0	0.7114052874924452	0.0	1.9899931021690116	0.0	0.228110897569671	0.0	0.0	0.0	0.228110897569671	1.7811451196350518	0.0	2.925204797277026	0.0	2.8024523059888264	0.5755908322708572	1.944729128381849	0.48750856024346223	0.0	0.9344782040462879	0.8147123578888653	0.228110897569671	0.0	0.0	0.0	0.37689531421477973	0.0	1.336983358942303	2.1168867477436604	0.0	0.0	0.9344782040462879	0.0	0.37689531421477973	0.0	0.0	2.423103843810012	0.5755908322708572	0.0	0.48750856024346223	1.5591223301257102	0.0	0.5755908322708572	0.0	0.0	0.37689531421477973	0.0	0.228110897569671	0.0	3.528480096166316	0.0	0.0	0.0	0.0	0.0	0.5755908322708572	3.2878642969707075	0.9991890389484069	0.0	1.055496432726652	0.9991890389484069	0.0	1.8941927142994794	0.0	1.598668712102119	0.0	0.0	1.7227609696490083	0.0	2.3157186072999774	0.37689531421477973	0.0	0.0	0.0	0.0	0.0	0.0	0.0	2.6369753507667624	0.228110897569671	0.0	0.37689531421477973	0.0	1.5063598228275006	0.0	1.9899931021690116	0.0	0.0	3.354536020099473	0.228110897569671	0.228110897569671	2.6417936483627726	1.3505784977543671	0.0	0.228110897569671	2.632102996074964	2.4641414208192827	0.0	0.228110897569671	0.0	0.228110897569671	2.7502610608481177	2.822775019576982	0.0	3.1520930317183184	0.8584080800881498	1.9413080533976623	0.0	0.0	0.0	0.0	0.0	0.228110897569671	0.0	0.0	0.0	0.9680377653250494	0.0	0.0	0.0	0.5755908322708572	0.48750856024346223	0.5755908322708572	0.6487856269723716	0.0	3.9416068613621973	0.0	0.9344782040462879	0.0	0.0	0.5755908322708572	0.0	0.0	0.0	0.0	0.228110897569671	0.9991890389484069	0.228110897569671	4.424807367686732	1.7339767978959215	1.3637609411564529	0.48750856024346223	0.0	2.449469594312733	0.0	1.1282605427463246	0.228110897569671	0.0	0.0	0.0	0.0	0.0	0.228110897569671	0.0	0.0	0.0	0.37689531421477973	0.48750856024346223	0.228110897569671	0.8147123578888653	0.0	0.228110897569671	0.0	0.9344782040462879	0.228110897569671	0.0	3.408355842214058	0.8147123578888653	1.028254647153672	2.1029096626413524	0.0	0.37689531421477973	1.3505784977543671	0.228110897569671	0.228110897569671	0.228110897569671	0.0	0.0	0.0	3.8406750027193306	0.5755908322708572	0.0	0.0	3.904770314096056	1.5246688721336354	2.4672219191752007	1.336983358942303	0.0	0.0	2.152098739911907	0.9991890389484069	0.0	2.393823484581245	0.8584080800881498	1.1053342147549015	0.37689531421477973	0.8584080800881498	0.0	0.228110897569671	1.862434056055208	0.0	1.3505784977543671	4.041244135326448	0.228110897569671	0.0	0.0	0.0	0.7114052874924452	1.1282605427463246	2.019659946066685	0.5755908322708572	0.37689531421477973	0.9344782040462879	0.0	0.0	0.8147123578888653	0.228110897569671	0.6487856269723716	2.5785330131926782	0.0	0.6487856269723716	4.265688759203468	0.0	0.0	0.0	0.0	0.0	0.0	0.0	0.228110897569671	0.0	0.0	0.228110897569671	0.0	1.567324942999859	2.5192322352594747	0.0	0.0	0.0	0.228110897569671	1.6994210682665694	1.7502754596487662	1.8005695706948825	0.8584080800881498	0.37689531421477973	1.9343839796233138	0.0	0.5755908322708572	0.8147123578888653	0.0	1.5156108247784448	3.0959828467104398	1.081129828225804	0.8147123578888653	0.48750856024346223	0.37689531421477973	2.068433019932587	0.6487856269723716	0.9680377653250494	0.0	0.48750856024346223	0.6487856269723716	0.0	0.8584080800881498	0.0	0.0	0.0	0.0	0.228110897569671	2.0760547593919605	0.0	1.2934412588192936	3.836716541231093	1.6418121321809982	0.9680377653250494	0.228110897569671	0.0	0.48750856024346223	0.37689531421477973	0.9344782040462879	1.4462890865143274	0.228110897569671
SRR36103441	0.0	0.0	0.38066867072860594	0.38066867072860594	0.0	0.0	0.0	0.0	0.9402130939343422	0.2307718624552824	0.0	0.5803613216569214	0.2307718624552824	2.5080974741667186	0.0	0.38066867072860594	0.0	0.0	0.0	1.951139943744122	0.0	0.0	0.0	0.0	0.38066867072860594	0.2307718624552824	0.820209127674628	0.0	2.2937001792654783	0.0	3.4601911645482826	1.2511598715004835	3.0603087391900523	0.0	0.0	2.5647371968421555	0.38066867072860594	0.0	0.0	0.0	0.0	0.38066867072860594	0.0	1.005027695339572	2.074861954889172	0.0	0.0	1.0614136032460384	0.0	0.0	0.0	0.0	1.9807790401571366	0.2307718624552824	0.0	0.0	2.1233214871304544	0.0	0.0	0.0	0.0	0.38066867072860594	0.0	0.0	0.0	3.418686852103481	0.0	0.6538223121281987	0.0	0.0	0.0	0.9037759499707502	3.5715016821885293	1.4305070344891126	0.0	3.579273880562166	1.1113128651017932	0.6538223121281987	2.9973823026837834	0.0	0.0	0.0	0.0	1.6747092751985122	0.0	2.2632306794371857	0.0	0.0	0.0	0.0	0.0	0.0	0.0	0.0	2.7094581303191436	0.2307718624552824	0.5803613216569214	0.0	0.49189285662455995	0.9037759499707502	0.0	1.7291230125298949	0.0	0.0	0.0	0.0	0.0	1.4525426303658362	0.9738283997704391	0.0	0.0	2.7974263222284583	2.2698253638580743	0.0	0.0	0.0	0.0	1.911931868583435	2.2730855301258948	0.0	0.7166365786798927	0.6538223121281987	0.0	0.0	0.0	0.0	0.0	0.0	0.0	0.0	0.0	0.0	0.8639994336617536	0.0	0.0	0.0	0.5803613216569214	0.0	1.1113128651017932	0.7166365786798927	0.0	3.248560357336019	0.0	0.9402130939343422	0.0	0.0	0.0	0.2307718624552824	0.0	0.0	0.0	0.0	1.1113128651017932	0.0	4.274056014864405	0.0	2.9334596134428566	0.0	0.2307718624552824	2.3569975549743054	0.2307718624552824	0.2307718624552824	0.7166365786798927	0.0	0.2307718624552824	0.0	0.0	0.0	0.5803613216569214	0.0	0.0	0.0	0.2307718624552824	0.2307718624552824	0.0	0.0	0.0	0.0	0.0	0.49189285662455995	0.0	0.0	1.369966256948773	0.38066867072860594	0.820209127674628	2.7106456592155665	0.0	0.49189285662455995	0.49189285662455995	0.2307718624552824	0.0	0.0	0.0	0.0	0.0	2.435190196549121	0.49189285662455995	0.0	0.0	3.590833737169815	0.0	1.3567752245834728	0.49189285662455995	0.0	0.0	0.38066867072860594	0.6538223121281987	0.0	2.19695506919493	1.1113128651017932	2.4134093613672554	0.0	0.0	0.0	0.0	0.0	0.0	0.0	4.263626316843871	0.2307718624552824	0.0	0.9402130939343422	0.0	0.6538223121281987	0.771503121280311	0.0	0.0	0.0	0.9037759499707502	0.0	0.0	0.2307718624552824	0.2307718624552824	0.0	3.7930913673285227	0.0	0.771503121280311	4.462802790308618	0.0	0.0	0.0	0.0	0.0	0.0	0.2307718624552824	0.0	0.0	0.0	0.0	0.0	0.5803613216569214	0.0	0.0	0.0	0.0	0.0	1.441664574995309	1.693614902644677	1.4836316902296929	0.38066867072860594	0.0	0.6538223121281987	0.0	0.2307718624552824	0.49189285662455995	0.0	1.1768229143993256	3.464288386036737	0.2307718624552824	0.0	0.0	0.0	1.2995975890395652	0.38066867072860594	0.38066867072860594	0.0	0.0	1.4072933364036158	0.0	1.2155799609256628	0.2307718624552824	0.0	0.0	0.0	0.0	1.872929629678553	0.0	1.267913262544845	3.806372950059697	0.2307718624552824	0.7166365786798927	0.0	0.0	0.2307718624552824	0.0	0.2307718624552824	0.2307718624552824	0.0
SRR36103442	0.0	0.0	0.6742314809238319	1.4323603776454361	1.4323603776454361	0.0	0.5097250178371007	0.0	1.4202429973099948	0.0	0.5097250178371007	2.0850405971307824	1.477707853198186	3.2078678401737784	0.24170319679982546	0.0	1.5562733500198518	0.24170319679982546	0.0	1.2400959398840192	0.0	0.0	0.0	0.0	0.0	0.0	1.2400959398840192	0.0	1.3817198302074314	0.0	3.161828454462369	0.3960700651205039	0.3960700651205039	0.0	0.0	2.0850405971307824	0.3960700651205039	0.0	0.0	0.0	0.0	0.0	0.0	1.4556257243757407	1.5738788623035154	0.0	0.0	1.111063171192682	0.0	0.0	0.0	0.0	0.0	0.3960700651205039	0.0	0.0	0.9633591674354471	0.0	0.7378107652876661	0.0	0.0	0.3960700651205039	0.0	0.0	0.0	1.477707853198186	0.5097250178371007	0.24170319679982546	0.0	0.0	0.0	0.0	2.1133445926697783	0.9266662149829351	0.0	0.7932598361339998	0.0	0.0	2.1328291790881577	0.3960700651205039	0.0	0.3960700651205039	0.0	1.3817198302074314	0.3960700651205039	1.135409381613741	0.0	0.0	0.0	0.0	0.0	0.0	0.0	0.0	2.6400919103552543	0.24170319679982546	0.0	0.0	0.24170319679982546	2.959843287537159	0.0	1.7768879759236729	0.0	0.0	0.0	0.0	0.0	3.7021016125797335	0.5097250178371007	0.0	1.2400959398840192	2.0850405971307824	1.1584629087447276	0.0	0.0	0.0	0.0	0.24170319679982546	2.0604269991421837	1.7659401228235523	2.087691280791381	0.0	1.7129425154088067	0.0	0.24170319679982546	0.7378107652876661	0.0	0.24170319679982546	0.0	0.0	0.0	0.24170319679982546	0.24170319679982546	0.0	0.0	0.0	0.24170319679982546	1.135409381613741	0.6742314809238319	1.3949442220629011	0.0	3.311800512211362	0.0	0.0	0.0	0.0	0.0	0.0	0.0	0.0	0.0	0.0	0.3960700651205039	0.0	3.88042722819438	0.0	2.169356970752782	1.4202429973099948	0.0	1.877733744197518	0.0	0.0	0.6742314809238319	0.886584621965143	0.3960700651205039	0.0	0.0	0.0	0.0	0.0	0.0	0.3960700651205039	0.0	0.24170319679982546	0.24170319679982546	1.673638487193633	0.0	0.0	0.0	1.180354131368373	1.615002506686394	2.1158285113301667	0.7932598361339998	0.5097250178371007	0.5097250178371007	0.24170319679982546	0.0	0.24170319679982546	1.4556257243757407	0.5097250178371007	0.0	0.0	0.0	0.0	1.5738788623035154	2.51375422867724	0.0	0.0	0.0	2.8248986578054103	0.5097250178371007	0.5997213011396287	0.0	0.0	0.0	1.7066339228896252	2.12319614851271	0.0	1.693734980736973	0.3960700651205039	0.0	0.0	0.0	0.0	1.4077777985210067	0.3960700651205039	0.0	1.5824210197584965	4.602232554938974	0.0	0.24170319679982546	0.0	0.0	1.877733744197518	0.3960700651205039	0.0	1.2210807136145783	0.0	0.5097250178371007	0.0	0.0	0.5097250178371007	0.24170319679982546	0.0	2.4322569405160888	0.0	0.0	3.236743062739265	0.0	0.0	0.0	0.0	0.0	2.0191308034482365	0.0	0.6742314809238319	2.0191308034482365	0.0	0.0	0.0	0.6742314809238319	0.0	0.0	0.24170319679982546	0.24170319679982546	0.0	1.2926046079642441	3.2003897260301613	2.988329731957175	4.51943410871657	0.0	2.761434044989619	0.24170319679982546	0.0	0.886584621965143	0.0	0.7378107652876661	2.954848647561602	0.7378107652876661	0.0	0.0	0.0	1.6453093334614597	0.0	0.5097250178371007	0.0	0.24170319679982546	0.0	0.0	1.324385251207035	0.0	0.0	0.24170319679982546	0.0	0.24170319679982546	1.308785568786262	0.0	0.0	3.779154955090421	0.0	2.3707233286472773	0.3960700651205039	0.0	0.0	0.0	1.308785568786262	2.5624401381616035	0.24170319679982546
SRR36103443	0.0	0.0	0.4554881746956515	2.0666240966751026	1.3547348819210063	0.0	0.0	0.0	0.8561697657083445	0.0	1.6274787219987614	2.1103927548552597	2.8557304040366307	2.2468265921277304	0.0	0.0	1.9070439159486086	0.0	0.0	1.6865627167496102	0.0	0.0	0.0	0.20899862961066634	0.0	0.0	1.8387750813377388	0.0	2.306408787420061	0.0	3.093722194693405	0.7264439308520391	1.430706149052414	0.0	0.0	2.348088441970465	0.0	0.0	0.0	0.20899862961066634	0.0	0.20899862961066634	0.0	1.8022643660174174	1.8022643660174174	0.0	0.0	0.0	0.0	0.0	0.0	0.0	1.9169058587060444	0.20899862961066634	0.0	0.0	1.3889328749727634	0.0	0.0	0.0	0.0	0.0	0.0	0.0	0.0	3.3019369090490147	1.0116179714404503	0.0	0.0	0.0	0.0	0.0	3.444891869621413	0.892029133480758	0.0	1.4595940853295621	0.7264439308520391	0.0	2.0689205235720345	0.0	0.20899862961066634	0.0	0.20899862961066634	1.0609724482622718	0.0	0.4554881746956515	0.6728779252294355	0.0	0.0	0.0	0.0	0.0	0.0	0.20899862961066634	2.8218908842267383	0.20899862961066634	0.20899862961066634	0.0	0.3495009060302171	2.9419871834085085	0.0	1.1258551717406267	0.0	0.20899862961066634	0.0	0.0	0.0	2.9926070024717797	0.9846645128214554	0.0	0.892029133480758	2.7062392992690287	2.5133606727726914	0.0	0.0	0.0	0.0	1.0369959310329808	0.0	1.3889328749727634	2.8790417423305006	0.6117630892056111	0.20899862961066634	0.0	0.0	0.7264439308520391	0.0	0.0	0.0	0.0	0.3495009060302171	0.9251521252492141	0.8170808568861223	0.20899862961066634	0.0	0.20899862961066634	0.3495009060302171	1.0116179714404503	0.6728779252294355	0.0	0.0	3.346452162331316	0.0	0.3495009060302171	0.0	0.0	0.0	0.0	0.0	0.0	0.0	0.0	0.20899862961066634	0.0	4.0134094517066154	0.0	2.682922946559371	1.5736422086537747	0.0	2.091240670454939	0.0	0.0	0.8170808568861223	0.8561697657083445	0.20899862961066634	0.0	0.0	0.0	0.9251521252492141	0.0	0.0	0.0	0.0	0.4554881746956515	0.3495009060302171	0.0	0.0	0.0	0.0	1.2322322039663884	1.8464879900908977	1.9660247622880445	0.4554881746956515	0.7264439308520391	0.6117630892056111	1.9003426345833618	0.0	0.20899862961066634	0.0	0.0	0.3495009060302171	0.0	0.0	0.0	1.6810031681229207	1.9265488202547298	0.5406172062579484	0.20899862961066634	0.0	3.25621837535724	1.3044974835146528	2.4034200848318656	0.8170808568861223	0.0	0.0	0.774122597347066	2.2265955404481614	0.0	2.9068572342180783	0.9559269126401513	2.0549562092288274	0.0	0.0	0.0	1.6274787219987614	0.8170808568861223	0.0	1.3778300847485505	4.348519673542838	0.20899862961066634	0.0	0.7264439308520391	0.0	1.951263261021478	0.6117630892056111	0.0	0.0	0.20899862961066634	0.0	0.0	0.0	0.0	0.20899862961066634	0.0	2.0281270259750643	0.0	0.4554881746956515	3.7282890296285274	0.0	0.0	0.0	0.0	0.0	0.0	0.0	2.5166407471384438	1.8969528147695054	0.0	0.0	0.0	0.3495009060302171	0.0	0.0	0.0	0.20899862961066634	0.20899862961066634	1.2322322039663884	1.4778375651380329	1.3427097667838135	4.658282383284297	0.0	2.394854219621752	0.0	0.0	0.5406172062579484	0.0	0.8561697657083445	2.9690442603509744	0.20899862961066634	0.0	0.3495009060302171	0.6117630892056111	1.0116179714404503	0.0	0.6728779252294355	0.0	0.0	0.9251521252492141	0.0	0.7264439308520391	0.0	0.0	0.0	0.20899862961066634	0.0	1.4778375651380329	0.0	0.9251521252492141	3.5314526095619465	0.0	2.42108023055761	0.0	0.0	0.20899862961066634	0.20899862961066634	1.753021589711976	2.6438978730602876	0.0
SRR36103444	0.0	0.32963171541828873	0.6442858757313972	1.558956184721895	0.0	0.0	0.32963171541828873	0.0	2.144917404180869	0.0	1.794851029328724	0.0	1.4148947794232198	0.9519709596684695	0.0	0.0	0.8248251722638145	0.0	0.0	1.3751695546885028	0.0	0.32963171541828873	0.0	0.0	0.32963171541828873	0.0	1.9578745727247848	0.0	2.0326110502201047	0.0	4.151889560153605	0.5148530730838339	1.5007309650574305	0.0	0.0	3.2843182989619795	0.0	0.0	0.0	0.0	0.0	0.0	0.0	0.8930345068394889	1.7264247532515056	0.0	0.0	0.8248251722638145	0.0	0.0	0.0	0.8248251722638145	0.0	0.8930345068394889	0.0	0.32963171541828873	2.0416704886880384	0.0	1.1302581101471008	0.7438701742796346	0.0	0.6442858757313972	0.0	0.32963171541828873	0.0	3.1413966262447213	0.0	0.0	0.0	0.0	0.0	0.32963171541828873	2.588037348419691	1.9412499263164407	0.0	1.9842418343880317	0.7438701742796346	0.32963171541828873	2.2311797804897315	0.5148530730838339	0.0	0.0	0.32963171541828873	2.0233585972511623	0.0	0.5148530730838339	0.0	0.0	0.0	0.0	0.0	0.0	0.0	0.0	3.094405363970081	0.32963171541828873	0.0	0.32963171541828873	0.0	3.2033839201327874	0.0	2.0326110502201047	0.0	0.0	0.0	0.0	0.32963171541828873	2.805079318000576	2.1002894820975637	0.0	1.165357062556903	3.1955916078896367	2.5764169143675253	0.0	0.0	0.0	0.0	0.0	2.188591683701068	0.0	0.0	0.32963171541828873	2.5549579732647376	0.0	0.0	0.0	0.0	0.0	0.32963171541828873	0.0	0.0	0.7438701742796346	0.32963171541828873	0.0	0.0	0.0	0.0	0.0	0.6442858757313972	1.050199839430959	0.0	3.498053360181056	0.0	0.0	0.0	0.5148530730838339	0.32963171541828873	0.0	0.0	0.0	0.0	0.0	0.8248251722638145	0.32963171541828873	4.418988937352671	0.0	2.6967908899067377	0.32963171541828873	0.32963171541828873	1.331441415159154	0.0	0.7438701742796346	0.8248251722638145	0.0	0.0	0.0	0.0	0.0	0.7438701742796346	0.0	0.0	0.0	0.0	0.7438701742796346	0.0	1.6774440063874567	0.0	0.0	0.0	1.1302581101471008	1.2828123187798397	0.8930345068394889	1.197830263401575	0.32963171541828873	1.1302581101471008	0.0	0.0	0.5148530730838339	1.468402666960312	0.0	0.0	0.0	0.0	0.0	0.5148530730838339	3.054949005845462	0.5148530730838339	0.0	0.0	3.422955562559727	1.484867555971537	2.096354921480838	2.267303818429941	0.0	0.0	1.7445682847110668	1.5451152367096763	0.0	1.6102900548951864	1.468402666960312	0.5148530730838339	0.0	0.0	0.0	0.0	0.6442858757313972	0.0	1.7355912599379548	3.8966624104916123	0.0	0.32963171541828873	0.0	0.0	1.2562906428560499	0.0	0.32963171541828873	1.6222284785594423	0.32963171541828873	0.8248251722638145	0.0	0.0	0.7438701742796346	0.0	0.0	3.0920166749621525	0.0	0.9519709596684695	4.447497017881292	0.0	0.0	0.0	0.0	0.0	0.0	0.0	0.0	0.32963171541828873	0.0	0.0	0.0	0.8930345068394889	0.32963171541828873	0.32963171541828873	0.0	0.32963171541828873	0.0	1.6876920700207605	2.6928054134932853	3.2929492356404513	0.32963171541828873	0.5148530730838339	0.32963171541828873	0.0	0.5148530730838339	1.0920711212235727	0.0	1.2280433803078374	3.606504849934683	0.0	0.0	0.0	0.0	1.197830263401575	0.32963171541828873	0.5148530730838339	0.0	0.0	1.353855613662997	0.0	1.2280433803078374	0.0	0.0	0.0	0.0	0.0	2.2311797804897315	0.0	2.496156094249023	3.6548689024001066	0.6442858757313972	1.5723696122609825	0.0	0.0	0.6442858757313972	0.0	0.0	1.2280433803078374	0.0
SRR36103445	0.5174190269548452	0.0	0.7468973031090271	0.5174190269548452	0.0	0.0	0.0	0.0	1.471968072623465	0.0	0.3315984243482134	1.8435487103743629	0.8279651705979318	0.9552507169157738	0.0	0.0	0.0	0.3315984243482134	0.0	1.9034336539454149	0.0	0.0	0.0	0.0	0.3315984243482134	0.0	0.8279651705979318	0.0	2.1922582794265737	0.0	4.019114793099704	0.7468973031090271	2.4603071448916602	0.0	0.0	1.670559535933042	0.3315984243482134	0.0	0.0	0.0	0.0	0.0	0.0	1.3787050237239848	2.3188935733898703	0.0	0.0	0.5174190269548452	0.0	0.0	0.3315984243482134	0.0	0.5174190269548452	0.3315984243482134	0.0	0.0	1.8140300008390016	0.0	0.0	0.0	0.0	0.3315984243482134	0.0	0.0	0.0	3.5455384592788604	0.0	0.0	0.0	0.3315984243482134	0.0	0.3315984243482134	2.988990614887726	1.4370278857314878	0.0	1.6374524912646098	0.0	0.0	1.6138903007056795	0.0	0.3315984243482134	0.0	0.0	1.1687962747615295	0.0	0.8279651705979318	0.6471419014519014	0.0	0.0	0.0	0.0	0.0	0.0	0.0	2.925338140623481	0.6471419014519014	0.6471419014519014	0.6471419014519014	0.0	1.201287577330318	0.0	1.3990287717260954	0.0	0.3315984243482134	0.0	0.0	0.0	3.1272646291495643	1.2863110666427975	0.0	1.998009426049844	1.877831600054175	1.3787050237239848	0.0	0.0	0.0	0.0	2.198604353582201	0.5174190269548452	0.0	0.6471419014519014	0.5174190269548452	2.3933237758367687	0.0	0.0	0.5174190269548452	0.0	0.0	0.0	0.0	0.0	0.0	1.133676172286028	0.0	0.0	0.0	0.3315984243482134	0.0	0.3315984243482134	1.2597773192574155	0.0	4.145160812908758	0.0	1.5196136866258372	0.0	0.0	0.0	0.0	0.0	0.0	0.0	0.0	0.5174190269548452	0.3315984243482134	4.437285311388988	0.0	1.9392116587005943	0.0	0.0	0.6471419014519014	0.0	0.0	0.3315984243482134	0.0	0.0	0.0	0.0	0.5174190269548452	0.7468973031090271	0.0	0.0	0.0	0.0	0.8962545467865837	0.0	0.5174190269548452	0.0	0.0	0.0	0.5174190269548452	1.6138903007056795	0.0	2.309235357617779	0.3315984243482134	0.7468973031090271	0.0	0.0	0.3315984243482134	0.5174190269548452	0.3315984243482134	0.0	0.0	0.0	0.3315984243482134	0.3315984243482134	3.813235172940479	0.0	0.0	0.0	3.6387807586642302	1.357383288009503	1.2863110666427975	1.357383288009503	0.0	0.0	1.6374524912646098	1.877831600054175	0.0	1.562545117612986	0.8279651705979318	1.418443793456872	0.0	0.0	0.0	0.0	2.087992870952598	0.0	0.6471419014519014	4.1484613237406025	0.3315984243482134	0.0	0.0	0.0	0.9552507169157738	0.7468973031090271	0.8279651705979318	0.6471419014519014	0.0	0.8279651705979318	0.0	0.0	1.2597773192574155	0.5174190269548452	1.418443793456872	3.767536098400217	0.0	0.7468973031090271	4.085817473710045	0.0	0.0	0.0	0.0	0.0	0.0	0.3315984243482134	0.3315984243482134	0.0	0.0	0.0	0.0	0.7468973031090271	0.0	0.0	0.0	0.0	0.0	2.1268391604961208	2.807990331605819	2.2290140718494156	0.5174190269548452	0.0	0.0	0.0	0.3315984243482134	2.2434560034504223	0.0	0.7468973031090271	3.454255353359916	0.6471419014519014	0.5174190269548452	0.6471419014519014	0.3315984243482134	1.562545117612986	0.5174190269548452	0.6471419014519014	0.0	0.3315984243482134	1.0071826995850548	0.0	1.1687962747615295	0.0	0.0	0.0	0.0	0.3315984243482134	2.1342082092225447	0.0	0.6471419014519014	2.3018480764458005	1.0954641441447626	0.8962545467865837	0.0	0.0	0.0	0.3315984243482134	0.0	1.9929812256787725	0.0
SRR36103446	0.0	0.0	0.5571050448740565	2.0329127812432715	0.0	0.0	0.7933235374254277	0.0	0.7933235374254277	0.0	1.4723650501301309	0.0	1.80318257954384	1.0579183450033371	0.0	0.0	1.4723650501301309	0.0	0.0	1.5426581838897493	0.0	0.0	0.0	0.0	0.0	0.0	1.0579183450033371	0.0	1.6304943764975528	0.0	3.8492751385539203	0.5571050448740565	2.6864919409365524	0.0	0.0	1.1471596059691413	0.0	0.0	0.0	0.0	0.0	0.0	0.0	0.5571050448740565	1.4723650501301309	0.0	0.0	1.2843542640083032	0.0	0.0	0.0	0.0	0.0	0.0	0.0	0.0	1.7849961526155187	0.0	0.0	0.0	0.0	0.0	0.0	0.0	0.0	2.4667872353175344	0.0	0.0	0.0	0.0	0.0	0.0	1.9887656716392055	0.5571050448740565	0.0	2.9107724396848984	0.0	0.5571050448740565	2.6157944686989145	1.2211520719623041	0.0	0.0	0.0	1.6562247103006287	0.5571050448740565	0.5571050448740565	0.5571050448740565	0.0	0.0	0.0	0.0	0.0	0.0	0.0	2.6292927169352023	0.0	0.0	0.0	0.0	0.7933235374254277	0.0	2.3624560170986406	0.0	0.0	0.0	0.0	0.0	3.845736925933679	1.8987238684660677	0.0	1.8841896578307096	2.717946414379725	1.2211520719623041	0.0	0.0	0.0	0.0	0.0	0.5571050448740565	0.0	2.7822897052387123	0.0	2.578599685357928	0.0	0.0	0.0	0.0	0.0	0.0	0.0	0.5571050448740565	0.7933235374254277	0.9454674060007621	0.0	0.0	0.0	0.0	0.0	0.7933235374254277	0.5571050448740565	0.0	3.448454542084899	0.0	0.0	0.0	0.7933235374254277	0.0	0.5571050448740565	0.0	0.0	0.0	0.0	0.0	0.0	4.5250002616298906	0.0	2.811207143260852	0.5571050448740565	0.5571050448740565	2.5313072460753125	0.0	0.0	0.7933235374254277	0.0	0.0	0.0	0.0	0.0	0.0	0.0	0.0	0.0	0.0	0.5571050448740565	0.0	1.5426581838897493	0.5571050448740565	0.0	0.0	1.2211520719623041	2.7472757945127175	1.5089322373341418	0.9454674060007621	0.0	1.0579183450033371	0.0	0.0	0.0	2.1434922936963217	0.0	0.0	0.0	0.0	0.0	0.7933235374254277	2.326621240869399	0.0	0.0	0.0	3.067733919814327	0.0	0.5571050448740565	0.0	0.0	0.0	3.1606772454037153	1.9887656716392055	0.0	1.8691521494822492	0.0	1.603143075869891	0.5571050448740565	0.0	0.0	0.0	0.0	0.0	0.0	4.346747154973533	0.0	0.0	0.0	0.0	1.5739527585115423	0.0	0.0	1.8987238684660677	0.0	0.5571050448740565	0.0	0.5571050448740565	1.4324334937410763	0.5571050448740565	0.0	3.48737087018575	0.0	0.0	3.9753183289607037	0.0	0.0	0.0	0.0	0.0	0.0	0.0	1.2843542640083032	0.9454674060007621	0.0	0.0	0.0	0.0	0.0	0.5571050448740565	0.0	0.0	0.0	1.2211520719623041	3.19378904810335	3.5983229082099735	0.7933235374254277	0.0	0.0	0.0	0.0	0.7933235374254277	0.0	0.7933235374254277	3.2299210104099703	0.0	0.0	0.0	0.0	1.3884551771560618	0.5571050448740565	0.0	0.0	0.0	0.5571050448740565	0.0	1.4324334937410763	0.0	0.0	0.0	0.0	0.0	0.5571050448740565	0.0	2.2933612315641616	3.76543623519888	0.0	1.7461656583212728	0.0	0.0	0.5571050448740565	0.0	0.0	2.0222895536710954	0.0
SRR36103447	0.0	0.449837774668563	1.451171471135713	0.449837774668563	0.8096937574457763	0.0	0.0	0.0	1.1373956551109896	0.0	0.0	1.6835026214442896	2.6370137709183616	1.7851297410723874	0.0	0.6660179463582816	1.0037470279560017	1.57225115292886	0.0	3.8643670050285435	0.0	0.0	0.0	0.0	0.449837774668563	0.0	1.8883360754408516	0.0	2.734451331258317	0.0	3.8886956578668617	0.0	3.0700361700236036	0.0	0.0	2.8199983376994826	0.0	0.0	0.0	0.6660179463582816	0.0	0.0	0.0	1.451171471135713	2.004119958785881	0.0	0.0	0.449837774668563	0.0	0.8096937574457763	0.449837774668563	0.0	2.32594711895296	0.9174698730014565	0.0	0.0	1.3220255544011408	0.0	0.0	0.0	0.0	0.0	0.0	0.449837774668563	0.0	3.5614508301557195	0.0	0.0	0.0	0.0	0.0	0.8096937574457763	3.309252620373355	2.248662301848424	0.0	0.9174698730014565	1.5037173784228144	0.0	2.4010412187456045	0.9174698730014565	0.0	0.0	0.449837774668563	1.3220255544011408	0.0	3.2771141115896056	0.0	0.0	0.0	0.449837774668563	0.0	0.0	0.0	0.0	3.2314284384086585	0.6660179463582816	0.6660179463582816	0.0	0.0	1.612585389933108	0.0	2.3333363832113627	0.0	0.0	0.0	0.0	0.0	2.4912862608160085	1.8102766339725112	0.0	0.449837774668563	3.5269693857362925	2.7890570295847104	0.449837774668563	0.0	0.0	0.0	2.894465261159998	0.449837774668563	1.358086523943319	0.0	0.449837774668563	0.9174698730014565	0.0	0.0	0.0	0.0	0.0	0.0	0.0	0.0	0.0	1.9456254202229455	0.0	0.0	0.0	0.8096937574457763	0.8096937574457763	0.6660179463582816	1.1914130845993056	0.0	3.732416960745468	0.0	1.744448758707267	0.0	0.449837774668563	0.0	0.449837774668563	0.0	0.0	0.0	0.0	1.358086523943319	0.0	4.232448537867194	0.0	2.996268646134586	0.6660179463582816	0.449837774668563	1.0037470279560017	0.449837774668563	0.6660179463582816	0.0	0.0	0.0	0.0	0.0	0.0	1.2394489708991392	0.0	0.0	0.0	0.0	0.9174698730014565	0.0	0.449837774668563	0.0	0.0	0.0	0.6660179463582816	1.2394489708991392	1.5037173784228144	2.552907498427335	0.8096937574457763	1.478238641030842	2.6145984413880194	0.449837774668563	0.0	0.0	0.0	0.0	0.0	0.0	0.0	1.0037470279560017	2.5744596220174487	1.282696948211184	0.0	0.449837774668563	3.750171740264872	1.2394489708991392	3.282912796993215	1.1914130845993056	0.0	0.0	0.6660179463582816	1.6835026214442896	0.0	2.8577321173161616	1.2394489708991392	2.6852129876035633	0.0	0.0	0.0	1.2394489708991392	2.019481153462042	0.449837774668563	0.0	2.9063767167798495	0.0	0.0	0.6660179463582816	0.0	1.66682916547281	1.649489935876213	1.1914130845993056	0.449837774668563	0.0	0.449837774668563	0.0	0.0	0.449837774668563	0.0	0.449837774668563	3.8234545631141668	0.0	0.9174698730014565	4.1816687427775845	0.0	0.0	0.0	0.0	0.0	0.0	0.0	1.1914130845993056	1.5037173784228144	0.0	0.0	0.0	0.0	0.0	0.0	0.8096937574457763	0.0	0.0	2.1433805378720017	2.1140450830961908	1.9273559703332463	4.0577771841370405	0.0	0.449837774668563	0.9174698730014565	1.0037470279560017	1.6835026214442896	0.0	2.274585064873429	3.083266781544399	0.0	0.0	0.9174698730014565	1.282696948211184	1.66682916547281	1.1914130845993056	0.8096937574457763	0.0	0.0	1.422304565721718	0.0	1.358086523943319	0.449837774668563	0.0	0.0	0.0	0.0	2.3107803745584667	0.0	2.026962691691894	3.627451039612387	0.6660179463582816	1.797885171731495	0.449837774668563	0.0	0.6660179463582816	0.0	1.075692266420609	2.1079324852610006	0.0
SRR36103448	0.0	0.0	1.064444718088901	0.0	0.0	0.0	0.7193195354622248	0.0	1.5686568469569377	0.0	0.0	2.2098221615007754	1.9114628720230442	3.106978256300979	0.0	0.4941447257749882	1.064444718088901	0.0	0.0	2.054445442203747	0.0	0.0	0.0	0.0	0.0	0.0	1.346339105504066	0.0	1.9840626614073347	0.0	4.264864664008813	0.4941447257749882	2.735360811784873	0.0	0.0	1.5158597633448108	0.4941447257749882	0.0	0.0	0.0	0.0	0.0	0.0	1.346339105504066	1.8762035105687602	0.0	0.0	1.346339105504066	0.0	0.0	0.0	0.0	0.7193195354622248	0.4941447257749882	0.0	0.0	2.315199940295716	0.0	0.4941447257749882	0.0	0.0	0.0	0.0	0.0	0.0	2.8807762300325765	0.0	0.0	0.0	0.0	0.0	0.4941447257749882	2.8697333676434957	1.137340646772894	0.0	1.5686568469569377	0.4941447257749882	0.0	1.064444718088901	0.4941447257749882	0.0	0.0	0.0	1.7957267301647961	0.0	0.0	0.4941447257749882	0.4941447257749882	0.0	0.0	0.0	0.0	0.0	0.0	2.5037762054319614	0.7193195354622248	0.4941447257749882	0.4941447257749882	0.0	1.064444718088901	0.0	1.5686568469569377	0.0	0.0	0.0	0.0	0.0	3.6415508027591237	1.5686568469569377	0.0	1.385949644626292	2.0857754863754234	1.714985724200944	0.0	0.0	0.0	0.0	3.0582900160352553	0.976795346186051	0.0	0.4941447257749882	0.0	2.669674215975837	0.0	0.0	0.0	0.0	0.0	0.0	0.0	0.0	0.0	1.064444718088901	0.0	0.0	0.0	0.4941447257749882	0.0	0.4941447257749882	1.3027499085959655	0.0	3.642809949573864	0.0	1.3027499085959655	0.0	0.4941447257749882	0.0	0.0	1.4222474769565179	0.0	0.0	0.0	0.8668652644674035	0.7193195354622248	4.379379477090324	0.0	1.4222474769565179	0.7193195354622248	0.0	1.5686568469569377	0.0	0.0	0.0	0.0	0.0	0.0	0.0	0.4941447257749882	0.0	0.0	0.0	0.4941447257749882	0.0	1.064444718088901	0.0	1.9840626614073347	0.0	0.0	0.0	1.1997415709804593	1.6581880492890644	1.346339105504066	3.495840512865187	0.4941447257749882	1.3027499085959655	0.8668652644674035	0.0	0.0	0.4941447257749882	0.4941447257749882	0.0	0.0	0.0	0.0	0.976795346186051	3.3946822605916838	0.7193195354622248	0.0	0.0	3.565488559449966	1.1997415709804593	2.10063179218427	0.4941447257749882	0.0	0.0	2.75844319078592	1.7652070925233012	0.4941447257749882	1.3027499085959655	0.0	1.5158597633448108	0.0	0.0	0.4941447257749882	0.0	1.9000248951563867	0.0	0.0	4.092992283895835	0.0	0.0	0.0	0.0	1.2542926178297638	0.0	0.0	1.8378265494755797	0.0	0.8668652644674035	0.0	0.0	2.1149966595914407	0.0	0.7193195354622248	3.775409501049954	0.0	1.137340646772894	4.168710361335245	0.0	0.0	0.0	0.0	0.0	0.0	0.0	0.8668652644674035	0.4941447257749882	0.0	0.0	0.0	0.8668652644674035	0.0	0.0	0.0	0.0	0.0	1.714985724200944	2.8519772452300254	3.4917056705438725	0.4941447257749882	0.0	0.7193195354622248	0.0	0.0	0.0	0.0	1.064444718088901	3.2783732097065132	0.0	0.0	0.4941447257749882	0.0	1.8102182196622922	0.4941447257749882	0.976795346186051	0.0	0.0	0.0	0.0	1.064444718088901	0.0	0.0	0.0	0.0	0.0	2.020678294005217	0.0	0.976795346186051	2.9662774417149427	1.385949644626292	1.7807349485633028	0.0	0.0	0.0	0.0	0.0	1.064444718088901	0.0
SRR36103449	0.0	0.5454277310118815	0.5454277310118815	3.2442563343744752	0.0	0.35324041984837584	0.0	0.6781961738794572	1.372889451445457	0.0	0.0	0.35324041984837584	2.526617286742582	1.6276841545161447	0.0	0.0	0.5454277310118815	0.0	0.0	2.0422896044253593	0.0	0.0	0.0	0.0	0.0	0.0	1.6526529910831025	0.0	2.1736160425276534	0.0	4.25768115296298	0.0	1.5103732273509205	0.0	0.0	0.5454277310118815	0.0	0.5454277310118815	0.5454277310118815	0.0	0.0	0.5454277310118815	0.0	1.2689714819010227	2.2857588463303697	0.0	0.0	0.0	0.0	0.35324041984837584	0.0	0.0	0.990712255352783	0.9310979209475709	0.0	0.0	2.5425391595936895	0.0	0.5454277310118815	0.0	0.0	0.35324041984837584	0.0	0.5454277310118815	0.0	2.5785265883415556	0.0	0.0	0.0	0.0	0.0	0.0	2.904854246873252	1.6526529910831025	0.0	0.7797371381988009	0.35324041984837584	0.0	2.247404254018817	0.0	1.2059036998803887	0.0	0.0	1.7094353263055746	0.0	1.5729776870348697	0.9310979209475709	0.0	0.0	0.35324041984837584	0.0	0.5454277310118815	0.0	0.6781961738794572	3.332518152322534	0.0	0.35324041984837584	0.8619784770177084	0.35324041984837584	0.5454277310118815	0.0	1.5873137941529465	0.0	0.0	1.3954008727256113	0.0	0.0	2.2154085186162042	1.4371992135297345	0.0	0.0	3.0377304489861614	2.626179958626422	0.0	0.0	0.0	0.0	3.4640750214412477	1.5873137941529465	0.0	3.9564341034842876	0.0	0.5454277310118815	0.0	0.0	0.35324041984837584	0.0	0.0	0.0	0.0	0.0	0.0	0.9310979209475709	0.0	0.35324041984837584	0.0	0.35324041984837584	0.0	0.990712255352783	1.4932028285284318	1.2059036998803887	3.3754571751317806	1.7402518232340032	0.0	0.990712255352783	0.0	0.35324041984837584	0.0	0.0	0.0	0.0	0.0	1.297373348997727	0.35324041984837584	4.507862443849824	0.0	1.5268905119496894	0.9310979209475709	0.0	0.0	0.0	0.0	0.0	0.0	0.0	0.0	0.0	0.0	0.35324041984837584	0.0	0.0	0.0	0.0	0.35324041984837584	0.0	1.5729776870348697	0.0	0.0	0.0	0.0	0.9310979209475709	0.0	2.4822624008481484	1.1705656805904083	1.0898834766662269	0.0	0.0	0.35324041984837584	0.0	0.35324041984837584	0.0	0.35324041984837584	0.0	0.35324041984837584	0.0	3.13536004311411	0.7797371381988009	0.0	0.0	3.5083729877696666	1.6646189358902888	1.5581521411076835	0.0	0.0	0.35324041984837584	0.7797371381988009	1.4932028285284318	0.0	1.9426460507137153	0.990712255352783	0.6781961738794572	0.0	0.0	0.0	0.0	0.35324041984837584	0.5454277310118815	0.35324041984837584	3.917354742700359	0.0	0.0	0.0	0.0	0.35324041984837584	1.297373348997727	0.0	1.0431224578438378	0.0	0.6781961738794572	0.0	0.0	2.205331355911178	0.0	0.5454277310118815	3.5488761087333485	0.0	0.0	4.164944288135968	0.0	0.0	0.0	0.0	0.0	0.0	0.0	0.0	0.0	0.0	0.0	0.0	0.35324041984837584	0.0	0.0	0.0	0.0	0.0	1.3954008727256113	1.7402518232340032	1.676264008835197	0.5454277310118815	0.35324041984837584	0.0	0.0	0.0	0.9310979209475709	0.0	1.0898834766662269	3.488473903030686	0.35324041984837584	0.0	0.35324041984837584	0.0	2.0616385233783414	0.0	0.0	0.6781961738794572	0.0	0.9310979209475709	0.0	0.7797371381988009	0.0	0.35324041984837584	0.0	0.0	0.0	0.0	0.0	1.349147065704644	1.0431224578438378	0.5454277310118815	1.4371992135297345	0.0	0.0	0.0	0.0	0.0	0.35324041984837584	0.0
SRR36103450	0.0	0.2547110117828842	0.2547110117828842	1.1631751924683487	0.0	0.0	0.5305867941047993	0.0	1.5669715626314793	0.0	0.2547110117828842	0.2547110117828842	2.516990108286731	2.7717924462689605	0.0	0.0	0.7623818709351532	0.0	0.0	1.7725433789958496	0.0	0.0	0.0	0.0	0.0	0.0	1.1863385530605082	0.0	1.6889575382037787	0.0	3.5122998375771557	0.0	3.405378469416164	0.0	0.0	2.61804073583543	0.2547110117828842	0.0	0.0	0.0	0.0	0.4141957022340245	0.0	1.055751527100533	2.1577096589495803	0.0	0.0	0.2547110117828842	0.0	0.0	0.0	0.0	0.5305867941047993	0.2547110117828842	0.0	0.0	2.10391498447872	0.0	0.9531187959116609	0.0	0.0	0.4141957022340245	0.0	0.2547110117828842	0.0	3.0750857972067824	0.0	0.0	0.0	0.0	0.0	0.0	2.913080317036096	1.5669715626314793	0.0	2.0900610383399236	0.6979587930910964	0.0	1.952026054559879	0.2547110117828842	0.8681384150996692	0.0	0.0	1.6029931676927514	0.0	0.6979587930910964	0.0	0.0	0.0	0.0	0.0	0.0	0.0	0.0	2.2486744958232836	0.0	0.4141957022340245	0.0	0.0	1.0241609216228034	0.2547110117828842	2.06989165687812	0.0	0.0	0.0	0.0	0.0	2.540568020876643	1.1387064497460728	0.0	0.6222862854970299	2.6279442484704725	2.336799306708453	0.0	0.0	0.0	0.0	0.0	0.5305867941047993	0.0	2.3415586825606542	0.6979587930910964	1.7230353775993934	0.0	0.0	0.0	0.0	0.0	0.0	0.0	0.0	0.0	0.6222862854970299	0.0	0.0	0.0	0.2547110117828842	0.0	0.4141957022340245	0.7623818709351532	0.2547110117828842	3.605654456606501	0.0	0.0	0.0	0.2547110117828842	0.0	0.2547110117828842	0.0	0.0	0.0	0.0	0.9531187959116609	0.4141957022340245	4.273027498023322	0.0	2.10391498447872	0.5305867941047993	0.0	1.9961347405132766	0.0	1.055751527100533	0.2547110117828842	0.0	0.0	0.0	0.2547110117828842	0.0	1.7725433789958496	0.0	0.0	0.0	0.0	0.2547110117828842	0.0	2.2842994873317077	0.0	0.0	0.0	0.6979587930910964	1.1387064497460728	0.8184713630282819	3.107098639195178	0.6222862854970299	1.055751527100533	0.912703860207051	0.0	0.5305867941047993	1.382603303786932	0.4141957022340245	0.0	0.0	0.0	0.0	0.6979587930910964	2.957682941877082	0.5305867941047993	0.0	0.0	3.2271880566088424	1.5276897785547874	1.1631751924683487	1.2292590164210329	0.0	0.0	2.150420778031307	1.35290008079873	0.0	1.7897445813019939	0.8681384150996692	1.382603303786932	0.0	0.4141957022340245	0.0	0.0	1.2292590164210329	0.0	0.2547110117828842	4.638972537763252	0.0	0.0	0.0	0.0	0.9900908807012645	0.5305867941047993	0.2547110117828842	1.3210152045863044	0.0	0.6979587930910964	0.0	0.0	0.4141957022340245	0.0	0.0	3.7021476281948655	0.0	0.4141957022340245	3.939182516012731	0.0	0.0	0.0	0.0	0.0	0.0	0.0	0.9900908807012645	0.2547110117828842	0.0	0.0	0.0	0.5305867941047993	0.0	0.2547110117828842	0.0	0.0	0.0	1.7164303771266545	2.6279442484704725	3.0201742193287755	1.6362545218404914	0.0	2.633618693532673	0.0	0.8184713630282819	0.4141957022340245	0.0	0.9531187959116609	3.450614567291441	0.4141957022340245	0.0	0.0	0.2547110117828842	2.042502193127754	0.0	0.6979587930910964	0.0	0.0	1.085199224807828	0.0	1.1631751924683487	0.0	0.0	0.0	0.0	0.0	1.8852427869614667	0.0	1.0241609216228034	3.8540004770150404	1.085199224807828	1.2292590164210329	0.0	0.2547110117828842	0.2547110117828842	0.0	0.0	0.8184713630282819	0.2547110117828842
SRR36103451	0.32266934044600526	0.0	0.7330936295603673	3.568707992384643	0.0	0.0	0.0	0.0	1.5180285942798437	0.0	0.0	0.0	1.3188808604638624	2.0712588002666372	0.0	0.5057405677287548	0.5057405677287548	0.0	0.0	2.4038042108524476	0.0	0.32266934044600526	0.0	0.0	0.0	0.5057405677287548	2.135348335270504	0.0	2.318500188462031	0.0	3.9298635441464693	1.0382065559301716	1.9608442050216792	0.0	0.0	0.991997297335253	0.0	0.0	0.0	0.0	0.0	0.5057405677287548	0.0	0.991997297335253	1.7226531093602808	0.0	0.0	0.0	0.0	1.2438477954842124	0.0	0.0	0.991997297335253	0.5057405677287548	0.0	0.0	2.3580272621345593	0.0	0.0	0.32266934044600526	0.0	0.0	0.0	0.0	0.0	3.7091350004901757	0.0	0.0	0.0	0.0	0.0	0.0	3.4158818999199108	2.014950790129096	0.0	1.0382065559301716	1.1854941275158009	0.0	2.7170274725060497	0.6341276660813869	0.0	0.0	0.32266934044600526	1.6433037509549506	0.0	3.800095771354014	0.5057405677287548	0.0	0.0	0.0	0.0	0.32266934044600526	0.0	0.32266934044600526	3.326886837239986	0.0	0.32266934044600526	0.0	0.0	2.378525617527203	0.0	2.046174023532047	0.0	0.32266934044600526	0.0	0.0	0.0	1.9608442050216792	1.5180285942798437	0.0	0.32266934044600526	2.3253429430892427	2.2997075390770636	0.0	0.0	0.0	0.0	0.7330936295603673	0.32266934044600526	0.0	2.386461516898394	0.8815594665628554	0.9402794031823504	0.0	0.0	0.0	0.0	0.0	0.32266934044600526	0.0	0.0	0.0	1.3625493071844401	0.0	0.0	0.0	0.5057405677287548	0.0	0.9402794031823504	0.9402794031823504	0.0	3.569482617650352	0.0	0.8136401219365329	0.0	0.32266934044600526	0.0	0.0	0.8136401219365329	0.0	0.0	0.0	2.3559231924538686	0.32266934044600526	4.459056788864128	0.0	1.5851676558580305	0.0	0.0	0.6341276660813869	0.32266934044600526	1.2438477954842124	0.0	0.0	0.0	0.0	0.0	0.6341276660813869	1.8339932875786098	0.0	0.0	0.0	0.32266934044600526	1.2952814483387076	0.5057405677287548	0.5057405677287548	0.0	0.0	0.0	0.32266934044600526	0.6341276660813869	0.0	1.9660511798319247	0.8815594665628554	1.0799685202536855	2.549982277789274	0.0	0.7330936295603673	0.0	0.0	0.0	0.0	0.0	0.0	0.0	2.666437911914932	0.8815594665628554	0.0	0.0	3.835755987739399	1.2156503062462705	1.5595436441623571	1.0799685202536855	0.0	0.0	0.8815594665628554	0.8815594665628554	0.0	2.2924452156271187	1.4022252686613674	2.5658773664485452	0.0	0.0	0.0	0.0	0.6341276660813869	0.32266934044600526	0.8136401219365329	2.4750721589940223	0.0	0.0	0.32266934044600526	0.0	0.991997297335253	1.3188808604638624	0.5057405677287548	0.5057405677287548	0.0	1.0382065559301716	0.0	0.0	0.0	0.32266934044600526	0.7330936295603673	2.8517487486381348	0.0	1.4721214999982994	4.479683432363213	0.0	0.0	0.0	0.0	0.0	0.0	0.0	1.487969202998019	0.0	0.0	0.0	0.0	0.0	0.5057405677287548	0.0	0.0	0.0	0.0	1.8805166610795085	2.661247997023202	2.5177879734696016	0.0	0.0	1.4022252686613674	0.32266934044600526	0.5057405677287548	0.8815594665628554	0.5057405677287548	1.0382065559301716	3.452168916222919	0.0	0.0	0.8136401219365329	0.0	2.1318291198289487	0.5057405677287548	0.7330936295603673	0.32266934044600526	0.0	1.9862763758332311	0.0	1.1180645741032598	0.0	0.0	0.0	0.0	0.0	2.63432523427122	0.0	1.2438477954842124	1.704133163036836	1.5851676558580305	0.9402794031823504	0.0	0.0	0.0	0.0	0.0	0.5057405677287548	0.0
SRR36103453	0.24995048970249178	0.0	0.614085505667534	0.8588146218008946	0.9804053577481641	0.0	0.0	0.0	1.4507521721093892	0.0	0.0	1.7734628123805138	2.170427464854489	0.6893429151643646	0.0	0.24995048970249178	1.0459093510653474	0.614085505667534	0.0	2.1372383101886063	0.0	0.0	0.0	0.0	0.24995048970249178	0.40758691139121	0.6893429151643646	0.0	2.4006082577600534	0.0	4.125521600474381	0.24995048970249178	1.565747824539227	0.0	0.9032360076897722	0.24995048970249178	0.8093264704421695	0.0	0.0	0.0	0.0	0.24995048970249178	0.0	0.614085505667534	2.056222857579496	0.0	0.0	1.176247012721291	0.0	0.40758691139121	0.0	0.0	2.103969284006186	0.24995048970249178	0.0	0.0	2.0904627725042415	0.0	0.24995048970249178	0.0	0.0	1.4261293523399856	0.0	0.24995048970249178	0.0	3.2650894985266916	0.5229955657660019	0.24995048970249178	0.0	0.0	0.24995048970249178	0.0	3.4258459202466347	2.019050623498135	0.0	2.845402527914888	0.614085505667534	0.0	2.5596740573827126	0.24995048970249178	0.40758691139121	0.0	0.8093264704421695	1.4261293523399856	0.0	2.15886318568283	0.6893429151643646	0.0	0.0	0.0	0.0	0.0	0.0	0.0	2.7810437250980624	0.24995048970249178	0.5229955657660019	0.0	0.0	2.750331998154121	0.0	1.860835249075371	0.0	0.0	0.0	0.0	0.24995048970249178	3.0246523867911765	1.1982021369390639	0.0	0.8093264704421695	2.995606889540394	1.7734628123805138	0.24995048970249178	0.24995048970249178	0.0	0.24995048970249178	0.9804053577481641	2.7702818883094844	1.2581027593713094	0.0	0.24995048970249178	0.9032360076897722	0.0	0.0	0.5229955657660019	0.0	0.0	0.0	0.0	0.0	0.40758691139121	1.1531226055700572	0.0	0.5229955657660019	0.0	0.40758691139121	0.6893429151643646	0.7534650992625461	0.24995048970249178	0.24995048970249178	3.8093298709341887	0.0	0.40758691139121	0.0	0.24995048970249178	0.0	0.0	0.0	0.0	0.0	0.0	0.9032360076897722	0.0	4.230240941188275	0.0	1.239039339941045	1.2581027593713094	0.0	0.614085505667534	0.5229955657660019	0.0	0.0	0.40758691139121	0.0	0.0	0.0	0.0	1.601014633172078	1.9490124773355861	0.0	0.0	0.0	0.5229955657660019	0.24995048970249178	1.0459093510653474	0.0	0.0	0.0	0.9032360076897722	1.2763644556829252	1.7956580110210434	0.8093264704421695	0.24995048970249178	0.8588146218008946	1.7189420863522193	0.24995048970249178	0.24995048970249178	0.8588146218008946	0.5229955657660019	0.0	0.0	0.0	0.24995048970249178	1.3722531451908075	2.7074527801223107	0.5229955657660019	0.0	0.0	3.7745864826731714	1.592462764891651	2.4868329053569127	0.7534650992625461	0.0	0.0	1.8319631199718194	1.821896183225798	0.0	1.9602656954743334	1.1028160465350354	1.3576709034541987	0.0	0.0	0.0	1.2191005577764926	0.0	0.0	2.4125334321699836	3.936669429688722	0.0	0.0	0.0	0.0	1.7956580110210434	0.9032360076897722	0.0	0.9804053577481641	0.0	0.9804053577481641	0.0	0.0	0.0	0.24995048970249178	0.24995048970249178	2.7479235440075933	0.0	0.40758691139121	4.055918838604129	0.0	0.24995048970249178	0.24995048970249178	0.0	0.0	0.24995048970249178	0.0	0.5229955657660019	1.6336314522424493	0.0	0.0	0.0	2.2033800905273413	0.0	0.0	0.5229955657660019	0.0	0.0	2.0286461924749557	1.8745820359835212	2.498783173854057	4.196078812651591	0.5229955657660019	0.0	0.0	0.40758691139121	1.1531226055700572	0.0	0.9435324505975786	3.9397082958460676	0.24995048970249178	0.0	0.0	0.0	1.6414167779856883	0.24995048970249178	0.40758691139121	0.0	0.40758691139121	2.6386557501936307	0.0	1.3722531451908075	0.0	0.0	0.0	0.0	0.0	1.9889222485099651	0.0	1.1028160465350354	3.8072807593538074	0.0	2.0092382447812116	0.0	0.0	1.1531226055700572	0.614085505667534	1.2763644556829252	2.232031768920316	0.0
SRR36103454	0.0	0.0	0.5127399810227028	0.32801414872829737	0.0	0.0	0.6419324693378441	0.0	2.219370792717617	0.0	0.7413748772688474	2.6085547089720844	1.8905225646123356	1.162519617165924	0.0	0.0	1.0474257891089067	0.32801414872829737	0.0	2.4139025266281164	0.0	0.0	0.0	0.0	0.6419324693378441	0.0	1.6192551341024746	0.0	2.4638176949079234	0.0	4.271105605142376	0.32801414872829737	0.5127399810227028	0.0	2.1489043322242316	0.6419324693378441	0.0	0.0	0.0	0.0	0.0	0.0	0.0	1.3925628807921147	1.9963108037987212	0.0	0.0	2.0156403736087256	0.0	0.0	0.0	0.0	1.3509446415930764	1.162519617165924	0.5127399810227028	0.8903791117808932	1.8905225646123356	0.0	0.32801414872829737	0.0	0.0	1.0474257891089067	0.0	0.0	0.32801414872829737	3.5942039137020507	0.0	0.32801414872829737	0.0	0.0	0.0	0.0	3.2211478803627336	1.7674425344594877	0.0	2.578581690178891	0.5127399810227028	0.0	1.8905225646123356	1.0011132769249609	0.0	0.0	0.6419324693378441	1.7503711466903686	0.0	1.08927205587456	0.0	0.0	0.0	0.0	0.0	0.0	0.0	0.5127399810227028	2.8645579666679315	0.32801414872829737	0.0	0.0	0.0	2.776572062043442	0.0	1.653213737339754	0.0	0.0	0.0	0.0	0.0	3.607470021907604	1.871184842866565	0.0	1.304911314693189	3.132613921500539	2.0156403736087256	0.0	0.0	0.32801414872829737	0.0	1.08927205587456	1.1274382398989564	0.0	0.9492659784930182	0.5127399810227028	2.2012582728249304	0.0	0.0	0.0	0.0	0.0	0.32801414872829737	0.0	0.0	0.5127399810227028	1.194977774713965	0.0	0.5127399810227028	0.32801414872829737	0.6419324693378441	0.0	0.6419324693378441	0.0	0.0	3.8677602559766555	0.0	0.8903791117808932	0.0	0.0	0.0	0.32801414872829737	0.0	0.0	0.0	0.0	1.1274382398989564	0.0	4.484988043107409	0.0	2.051895512651629	0.0	0.0	1.926792048464812	0.32801414872829737	0.0	0.32801414872829737	0.0	1.0011132769249609	0.0	0.0	0.0	0.8903791117808932	2.207380096933741	0.0	0.0	0.0	0.5127399810227028	0.0	1.194977774713965	0.0	0.0	0.0	0.9492659784930182	1.6073187434466167	1.08927205587456	0.7413748772688474	0.5127399810227028	0.9492659784930182	2.578581690178891	0.0	0.8222362199970045	1.4654603255776104	0.0	0.0	0.0	0.0	0.0	0.9492659784930182	3.0668621270302756	1.1274382398989564	0.0	0.0	3.6997611753193866	0.32801414872829737	2.2534759394942623	0.0	0.0	0.0	2.277404736760471	1.642186625363896	0.0	1.9656008929234916	1.3509446415930764	1.6192551341024746	0.0	0.0	0.0	0.0	0.32801414872829737	0.0	1.8149655701486125	3.3505623494086048	0.32801414872829737	0.32801414872829737	0.6419324693378441	0.0	1.4305393139391283	1.0011132769249609	0.0	1.694718892851874	0.32801414872829737	0.9492659784930182	0.32801414872829737	0.0	0.6419324693378441	0.32801414872829737	0.7413748772688474	3.0596617432611146	0.0	0.0	4.2627583143864864	0.0	0.0	0.0	0.0	0.0	0.32801414872829737	0.0	1.162519617165924	0.32801414872829737	0.0	0.0	0.0	1.7674425344594877	0.0	0.8222362199970045	0.5127399810227028	0.0	0.32801414872829737	2.3121894551419655	2.878390456457522	3.3242045347193896	1.0011132769249609	0.0	0.32801414872829737	1.0011132769249609	0.5127399810227028	1.8841718506116594	0.0	1.08927205587456	3.11228821656182	0.0	0.0	0.0	0.0	1.9150355890568	0.8222362199970045	0.32801414872829737	0.0	0.32801414872829737	1.7503711466903686	0.0	1.411966066435555	0.0	0.0	0.0	0.0	0.0	2.006083119840161	0.0	1.2799253924223855	3.3841983778158706	0.0	1.5694051417378478	0.32801414872829737	0.32801414872829737	1.162519617165924	0.0	0.0	1.5950449923655703	0.0
SRR36103455	0.257264436984362	1.1180702732227314	1.2920415536858698	0.257264436984362	0.5346383199452902	0.6266584578729566	0.0	0.0	1.0293552816300955	0.0	0.9952412169275232	1.625538968808384	0.5346383199452902	3.542664358055185	0.0	0.257264436984362	1.1685172853514603	0.7671298056604086	0.0	2.879871703900727	0.0	0.41772898135017844	0.0	0.0	0.7025489297096121	0.41772898135017844	1.6497907333570982	0.0	2.8623981653572934	0.0	2.1891314373576565	0.0	1.1440258492535509	0.0	1.1917009810048458	2.329553017851527	0.7025489297096121	0.257264436984362	0.0	0.0	0.0	0.41772898135017844	0.0	1.5228482544313413	3.0891846411436883	0.0	0.0	1.090464306340335	0.0	0.6266584578729566	0.257264436984362	0.0	2.833508813333657	1.1180702732227314	0.257264436984362	0.0	1.6575827664902933	0.0	0.8730995397445771	0.0	0.0	1.2137095413018344	0.0	0.5346383199452902	0.0	3.7481191133533898	0.0	0.257264436984362	0.0	0.0	0.0	0.257264436984362	3.236801740357345	1.090464306340335	0.0	1.4900451704215416	1.8909020464308095	0.0	1.8863656862992524	0.0	0.41772898135017844	0.0	0.8730995397445771	1.5121868378219208	0.257264436984362	2.491026716130474	0.5346383199452902	0.0	0.0	0.0	0.41772898135017844	0.0	0.0	0.0	2.7733954402421994	0.6266584578729566	0.41772898135017844	0.5346383199452902	0.257264436984362	1.2137095413018344	0.0	2.018946604423464	0.0	0.0	2.478378830494729	0.0	0.0	3.4709496170151817	1.3734948766766815	0.0	0.41772898135017844	2.8784808286849053	2.3964441094006586	0.0	0.0	0.0	0.0	3.1565707357928474	2.7833361413443116	0.917740367328043	2.2240267763584467	0.8233388204985808	0.41772898135017844	0.257264436984362	0.41772898135017844	0.257264436984362	0.0	0.5346383199452902	0.0	0.0	0.0	0.257264436984362	1.5228482544313413	0.0	0.257264436984362	0.0	0.9952412169275232	0.8233388204985808	1.7220543866557247	0.9582172787181207	0.257264436984362	3.605941251955648	1.388100669156874	1.326476588925673	0.8233388204985808	0.0	0.0	0.0	0.0	0.0	0.0	0.0	1.1917009810048458	0.0	4.174806770635315	1.5725506085038143	2.2809073462513316	0.917740367328043	0.41772898135017844	1.7897260084879292	0.0	0.257264436984362	0.257264436984362	0.5346383199452902	0.257264436984362	0.0	0.0	0.0	0.41772898135017844	2.577096469740608	0.0	0.0	0.0	0.7671298056604086	0.0	0.0	0.0	0.0	0.0	1.090464306340335	1.3096002744572628	1.5533467136818921	3.3004734876967903	0.6266584578729566	1.0293552816300955	2.232329462554234	0.0	0.6266584578729566	1.5228482544313413	0.8233388204985808	0.0	0.41772898135017844	0.0	0.0	1.326476588925673	2.21342010442831	0.917740367328043	0.0	0.0	3.3242390295696764	1.5121868378219208	2.3850235597929546	0.0	0.0	0.0	1.3734948766766815	1.6874238519568605	0.0	2.5331155502798475	1.5228482544313413	2.001810719524555	0.7025489297096121	0.0	0.7025489297096121	1.1440258492535509	2.4103100030115807	0.257264436984362	1.5725506085038143	4.114067515138676	0.41772898135017844	0.0	0.41772898135017844	0.0	1.4022311935057707	1.2737429053202374	0.9582172787181207	0.7025489297096121	0.0	1.1917009810048458	0.0	0.0	0.257264436984362	0.257264436984362	0.257264436984362	2.035431948657075	0.0	0.917740367328043	4.3128240676527865	0.0	0.0	0.41772898135017844	0.0	0.0	0.0	0.0	2.708439101911449	1.3427215611131131	0.0	0.0	0.0	1.7220543866557247	0.0	3.9699242960772345	0.0	0.257264436984362	0.257264436984362	1.625538968808384	2.4290073161790016	1.6727595625541016	4.083657181049648	1.4022311935057707	2.5131196479184066	0.257264436984362	1.090464306340335	0.7671298056604086	0.0	1.633774284128171	3.1980916389986693	0.41772898135017844	0.0	0.41772898135017844	0.7671298056604086	1.7781806548184096	0.41772898135017844	0.7025489297096121	0.0	0.5346383199452902	2.526899948821663	0.0	0.9582172787181207	0.0	0.0	0.0	0.0	0.0	1.2920415536858698	0.0	0.9582172787181207	3.194517614740503	1.7663199758945392	1.8432537163023963	0.257264436984362	0.0	0.5346383199452902	0.0	1.060983730125445	2.041854772969625	0.8233388204985808
SRR36103456	0.3525072005031086	0.0	0.0	1.8441200947491927	0.0	0.0	0.0	0.0	1.6390600883080082	0.0	0.0	0.3525072005031086	2.4315435425467165	2.87477527828598	0.0	0.0	0.860841720224093	0.0	0.0	2.451216135646266	0.0	0.0	0.0	0.0	0.6771549278064972	0.0	1.3941358659411538	0.0	1.935075915759897	0.0	4.204222136888306	0.3525072005031086	2.822424300877254	0.0	0.0	0.860841720224093	0.860841720224093	0.0	0.0	0.0	0.0	0.0	0.0	1.4740515976958464	2.3665374623746764	0.0	0.0	0.0	0.0	0.5444854485730585	0.3525072005031086	0.0	0.0	0.5444854485730585	0.0	0.0	0.6771549278064972	0.0	0.0	0.0	0.0	0.3525072005031086	0.0	0.0	0.0	3.4337135558619	0.0	0.0	0.0	0.0	0.0	1.455408626829243	3.1592478292850616	0.0	0.0	1.8201193427243754	0.0	0.0	2.5982779651757744	1.1693366883739478	0.0	0.0	0.5444854485730585	1.6863139537166096	0.0	0.860841720224093	0.0	0.0	0.0	0.0	0.0	0.3525072005031086	0.0	1.3941358659411538	3.835545019527938	0.3525072005031086	0.3525072005031086	0.3525072005031086	0.0	1.371627270068193	0.0	1.5860298176761858	0.0	0.0	0.0	0.0	0.0	3.456342252319822	1.3227757445961286	0.0	1.4919271128543854	2.6400694037849775	1.6390600883080082	0.0	0.0	0.0	0.0	0.0	3.0374121506352907	0.0	3.250942927199935	0.5444854485730585	1.7677301390893099	0.0	0.0	0.0	0.0	0.0	0.0	0.0	0.0	0.0	1.1308747710399345	0.0	0.0	0.0	0.0	0.0	0.6771549278064972	0.0	0.0	4.084749228204777	0.0	1.7677301390893099	0.0	0.5444854485730585	0.0	0.0	0.0	0.0	0.0	0.0	0.0	0.0	3.9511194161998615	0.0	2.246093604059205	0.3525072005031086	0.0	0.778638182990823	0.0	0.0	0.0	0.0	0.0	0.0	0.0	0.0	1.0886726776253368	0.0	0.0	0.3525072005031086	0.0	0.0	0.0	1.3941358659411538	0.0	0.0	0.0	0.6771549278064972	1.3227757445961286	0.5444854485730585	2.7121794746764256	0.3525072005031086	0.860841720224093	1.4359293336474561	0.0	0.3525072005031086	0.9299344844211873	0.3525072005031086	0.0	0.3525072005031086	0.0	0.0	0.5444854485730585	2.824871961081865	0.3525072005031086	0.0	0.0	3.6868628114810496	1.3478880272368343	0.9299344844211873	2.3937181924926714	0.0	0.0	1.455408626829243	1.6863139537166096	0.0	2.157432085983173	0.860841720224093	1.6863139537166096	0.5444854485730585	0.0	0.0	0.0	1.3227757445961286	0.3525072005031086	1.7859045170650953	3.7561541317739278	0.0	0.0	0.0	0.0	0.860841720224093	0.5444854485730585	0.0	1.3478880272368343	0.3525072005031086	0.778638182990823	0.0	0.3525072005031086	0.3525072005031086	0.0	0.3525072005031086	3.2608938788171136	0.0	0.5444854485730585	3.8237159108234766	0.0	0.0	0.3525072005031086	0.0	0.0	0.0	0.0	1.953612205437298	0.0	0.0	0.0	0.0	1.1693366883739478	0.0	0.0	0.0	0.0	0.0	1.5860298176761858	2.335035301731924	3.0180344222936215	0.0	0.0	0.778638182990823	0.0	0.3525072005031086	0.778638182990823	0.0	1.0419238573060756	4.047946697738074	0.5444854485730585	0.0	0.0	0.0	1.8201193427243754	0.5444854485730585	0.778638182990823	0.0	0.0	0.9299344844211873	0.0	1.1693366883739478	0.0	0.0	0.0	0.0	0.0	0.9895289820565212	0.0	0.5444854485730585	4.230611414839982	1.0419238573060756	1.5568705357568966	0.3525072005031086	0.0	1.415535144853306	0.0	0.0	1.6633293925181825	0.0
SRR36103458	0.0	0.0	0.5520483657917528	1.937000764295806	0.0	0.0	0.5520483657917528	0.0	1.4256822732105827	0.0	0.43295949622022656	1.4781184217012633	3.4435892938650308	3.0836787736064672	0.0	0.43295949622022656	1.083309177143221	0.0	0.0	1.8918007960395464	0.0	0.0	0.0	0.0	0.0	0.0	1.4781184217012633	0.0	1.8622353651415	0.0	4.4267334789319195	0.43295949622022656	3.595479049732392	0.26833675938714374	0.0	1.083309177143221	0.0	0.0	0.0	0.26833675938714374	0.0	0.0	0.0	1.051524246476745	1.910448984140436	0.0	0.0	0.9392558489781904	0.0	0.0	0.0	0.0	0.9799894743909735	0.26833675938714374	0.0	0.0	1.1667115903726653	0.0	0.0	0.0	0.0	0.7222098840654929	0.0	0.26833675938714374	0.26833675938714374	2.9320242562919443	0.0	0.0	0.0	0.0	0.0	0.0	3.0522512373082353	0.5520483657917528	0.0	2.0968077470081825	0.43295949622022656	0.0	2.08780150212176	1.1129256502892413	0.0	0.26833675938714374	0.8441531101395572	1.9326866723245728	0.0	0.5520483657917528	0.43295949622022656	0.0	0.0	0.0	0.0	0.0	0.0	0.0	3.6430969913690765	0.26833675938714374	1.051524246476745	0.0	0.26833675938714374	1.567128943131844	0.0	1.6323915114190464	0.0	0.0	0.0	0.0	0.0	3.0472846755583767	1.3152206381613272	0.0	1.236648576217273	2.2267906189565627	3.105768789401429	0.0	0.0	0.0	0.0	1.4256822732105827	1.051524246476745	0.0	0.7874474841707069	0.26833675938714374	1.1406507401646802	0.0	0.0	0.26833675938714374	0.0	0.0	0.0	0.0	0.0	0.26833675938714374	0.26833675938714374	0.0	0.0	0.0	0.26833675938714374	0.0	0.26833675938714374	0.26833675938714374	0.0	3.5331595788449737	0.0	1.7392801438402081	0.0	0.5520483657917528	0.0	0.0	0.43295949622022656	0.0	0.0	0.0	0.0	0.26833675938714374	4.012547125829304	0.0	2.3651916445596814	0.5520483657917528	0.0	0.26833675938714374	0.0	0.26833675938714374	0.0	0.0	0.26833675938714374	0.0	0.0	0.0	0.0	0.0	0.0	0.0	0.0	0.26833675938714374	0.0	1.2968697365025479	0.0	0.0	0.0	1.051524246476745	1.3497482151238895	1.083309177143221	3.7125681069914607	0.43295949622022656	1.083309177143221	0.0	0.0	0.43295949622022656	1.2777090850716148	0.26833675938714374	0.0	0.0	0.0	0.0	0.6454102586791619	3.2965334093742977	0.5520483657917528	0.0	0.0	3.4128438609234255	0.0	1.051524246476745	2.5107841396819044	0.0	0.0	1.7459958637149668	1.567128943131844	0.0	1.9326866723245728	0.7222098840654929	2.090824383352017	0.26833675938714374	0.0	0.0	0.0	0.26833675938714374	0.26833675938714374	2.06920856703017	4.059902722064954	0.0	0.0	0.26833675938714374	0.0	1.1129256502892413	0.43295949622022656	0.0	1.567128943131844	0.0	0.6454102586791619	0.0	0.0	0.43295949622022656	0.26833675938714374	0.26833675938714374	3.8134019934058796	0.0	0.0	3.816755560957669	0.0	0.0	0.0	0.0	0.0	0.0	0.0	1.3497482151238895	0.26833675938714374	0.0	0.0	0.0	0.6454102586791619	0.0	0.0	0.0	0.0	0.0	1.051524246476745	2.820786723799819	3.2328002383030396	0.5520483657917528	0.0	0.9392558489781904	0.26833675938714374	0.0	0.8441531101395572	0.0	1.051524246476745	3.816981986864575	0.0	0.0	0.0	0.43295949622022656	1.7255288918926595	0.26833675938714374	0.26833675938714374	0.0	0.0	0.9799894743909735	0.0	1.051524246476745	0.0	0.0	0.0	0.0	0.0	1.083309177143221	0.26833675938714374	1.1406507401646802	3.7550444600968107	0.0	1.4393966910274814	0.0	0.0	1.465590899354761	0.0	0.26833675938714374	1.3328274656937056	0.26833675938714374
SRR36103459	0.2834601865560325	0.0	0.5754313311310413	1.833856389669752	0.0	0.0	0.45353325512739506	0.0	1.1705709852540267	0.0	0.0	0.0	0.7484604905715407	2.911105032965624	0.0	0.45353325512739506	0.670506676393069	0.2834601865560325	0.0	2.2781682565034886	0.0	0.0	0.0	0.0	0.0	0.2834601865560325	1.380529099257062	0.0	2.4145012271583863	0.0	4.173958401774178	0.45353325512739506	3.438056752971992	0.0	0.0	2.0507858151442138	0.45353325512739506	0.0	0.0	0.2834601865560325	0.45353325512739506	0.0	0.0	0.9224982892329725	1.5448863076396164	0.0	0.0	0.8145284143738055	0.0	0.0	0.0	0.0	0.0	0.5754313311310413	0.0	0.0	2.4918603783711366	0.0	0.2834601865560325	0.0	0.0	0.7484604905715407	0.0	0.0	0.2834601865560325	3.9429428136030005	0.0	0.45353325512739506	0.0	0.0	0.0	0.8145284143738055	3.404097017047771	0.670506676393069	0.0	2.678521462444304	1.4424857799809445	0.0	2.36046903895178	0.5754313311310413	0.0	0.0	0.5754313311310413	1.5778147008653771	0.45353325512739506	0.5754313311310413	0.7484604905715407	0.0	0.0	0.0	0.0	0.2834601865560325	0.0	0.2834601865560325	3.3725436831049707	0.45353325512739506	0.0	0.2834601865560325	0.0	1.1705709852540267	0.0	1.9040684746525747	0.0	0.0	0.670506676393069	0.0	0.0	2.5530476173994194	1.2881163117802892	0.0	0.5754313311310413	2.8374901712111757	2.204883662203642	0.2834601865560325	0.0	0.0	0.0	1.8836480131936908	0.8718600428490333	0.0	0.967843920021476	0.967843920021476	0.5754313311310413	0.0	0.0	0.45353325512739506	0.0	0.0	0.45353325512739506	0.0	0.0	0.0	1.1705709852540267	0.0	0.0	0.0	0.670506676393069	0.0	0.5754313311310413	0.2834601865560325	0.0	3.376762483989067	0.0	1.997889453657128	0.0	0.0	0.0	0.0	1.0464066431385508	0.0	0.0	0.0	0.8145284143738055	0.0	4.1934451133651836	0.0	2.8172614867278107	0.2834601865560325	0.0	0.2834601865560325	0.45353325512739506	1.008899338243121	0.2834601865560325	0.0	0.0	0.0	0.0	0.0	0.0	0.0	0.0	0.0	0.0	0.670506676393069	0.2834601865560325	0.2834601865560325	0.0	0.2834601865560325	0.0	0.5754313311310413	0.45353325512739506	0.5754313311310413	3.1139806857577033	0.45353325512739506	1.0464066431385508	2.134633873570218	0.0	0.670506676393069	0.967843920021476	0.0	0.0	0.0	0.0	0.0	0.0	2.9288909873896865	1.008899338243121	0.2834601865560325	0.0	3.841092432313157	0.0	0.967843920021476	1.4704367939510112	0.0	0.0	0.45353325512739506	1.008899338243121	0.0	3.1071612085418283	1.24483730259673	2.1490553344965493	0.2834601865560325	0.0	0.0	0.0	0.2834601865560325	0.0	2.9193675033212587	3.7892914661594213	0.0	0.0	0.0	0.0	0.967843920021476	1.008899338243121	0.0	0.8718600428490333	0.0	0.9224982892329725	0.0	0.2834601865560325	0.5754313311310413	0.2834601865560325	0.0	3.8513476803657465	0.0	0.0	4.238025156683392	0.0	0.0	0.0	0.0	0.0	0.0	0.2834601865560325	2.9807710459219905	0.0	0.0	0.0	0.0	0.2834601865560325	0.0	0.0	0.0	0.0	0.0	1.327470574802845	2.179191363066572	2.596663972597113	0.670506676393069	0.0	0.967843920021476	0.0	0.0	0.670506676393069	0.0	1.1129110907259623	3.9499089821493754	0.0	0.0	0.0	0.0	1.308239059250487	0.8718600428490333	0.45353325512739506	0.2834601865560325	0.0	1.24483730259673	0.0	1.0464066431385508	0.2834601865560325	0.0	0.0	0.0	0.0	0.9224982892329725	0.0	1.345886466519991	3.2277759514666986	0.5754313311310413	0.9224982892329725	0.0	0.0	0.5754313311310413	0.0	0.0	0.2834601865560325	0.0
SRR36103460	0.0	0.0	0.0	2.8785924655752506	0.0	0.0	0.4918387027377446	0.0	0.9223061995692848	0.0	0.0	0.31211457462468467	0.31211457462468467	3.263178408655354	0.0	0.0	0.7964714304666446	0.0	0.0	0.31211457462468467	0.0	0.0	0.0	0.0	0.0	0.0	1.6124100815663567	0.0	1.4360446649237184	0.0	2.320639044783717	0.0	1.2995217001361825	0.0	0.0	2.3816355093429813	0.0	0.0	0.0	0.0	0.0	0.0	0.0	1.0613406426633503	0.4918387027377446	0.0	0.0	1.3218544227284281	0.0	0.0	0.0	0.0	0.0	0.31211457462468467	0.0	0.0	0.0	0.0	0.0	0.0	0.0	0.31211457462468467	0.0	0.0	0.0	0.0	0.0	0.0	0.0	0.0	0.0	0.0	1.5125656892951955	0.7964714304666446	0.0	1.1341911565601177	0.0	0.0	1.761867594299332	0.7165720249848406	0.31211457462468467	0.0	0.0	1.418978415081313	0.0	0.31211457462468467	0.0	0.0	0.0	0.0	0.0	0.0	0.0	0.0	1.5125656892951955	0.0	0.0	0.0	0.0	2.5757166550682795	0.0	1.3218544227284281	0.0	0.0	0.0	0.0	0.0	2.588861772666546	1.382691826785971	0.0	0.4918387027377446	2.1289364071320755	0.4918387027377446	0.0	0.0	0.0	0.0	0.0	0.4918387027377446	0.31211457462468467	1.0992916462387585	0.0	2.600476143343682	0.0	0.0	0.0	0.0	0.0	0.0	0.0	0.0	0.0	0.0	0.0	0.0	0.0	0.0	0.0	0.4918387027377446	0.31211457462468467	0.31211457462468467	1.4524655516139502	0.0	0.0	0.0	0.0	0.0	0.0	0.0	0.0	0.0	0.0	0.0	0.0	3.8075042981847234	0.0	3.46608658254346	0.31211457462468467	0.0	1.9301146223069698	0.0	0.0	0.0	0.0	0.31211457462468467	0.0	0.0	0.0	0.0	0.0	0.0	0.31211457462468467	0.31211457462468467	0.31211457462468467	0.0	1.7204360534079453	0.0	0.0	0.0	0.7165720249848406	0.7964714304666446	0.6185825412195217	0.0	0.0	0.4918387027377446	0.0	0.0	0.0	1.7374858320950186	0.4918387027377446	0.0	0.0	0.0	0.0	0.4918387027377446	1.6446339161831625	0.0	0.0	0.0	1.985448964678012	0.0	0.6185825412195217	0.0	0.0	0.0	3.1177426026284962	1.1965588194255843	0.0	1.2510844555453309	0.0	0.4918387027377446	0.0	0.0	0.0	0.0	0.0	0.0	1.0613406426633503	4.891834252955439	0.0	0.0	0.0	0.0	0.7964714304666446	0.0	0.0	1.2759780091824906	0.0	0.31211457462468467	0.0	0.0	0.4918387027377446	0.0	0.0	1.6446339161831625	0.31211457462468467	0.0	3.157010280688856	0.0	0.0	0.0	0.0	0.0	0.0	0.0	1.0613406426633503	0.0	0.0	0.0	0.0	0.9223061995692848	0.0	0.0	0.0	0.0	0.0	1.3430946788249492	3.215004182915348	2.9303519303742354	0.31211457462468467	0.0	3.073798242060704	0.0	0.0	0.7964714304666446	0.0	0.31211457462468467	2.1740312330957083	0.6185825412195217	0.0	0.0	0.0	1.418978415081313	0.0	0.6185825412195217	0.0	0.0	0.31211457462468467	0.0	0.0	0.0	0.0	0.0	0.0	0.0	0.0	0.0	0.31211457462468467	3.976181660725813	0.0	1.1341911565601177	0.0	0.0	0.0	0.0	0.0	0.8639304650129175	0.31211457462468467
SRR36103461	0.0	0.0	0.46289754860440296	3.5959109158857627	0.0	0.0	0.0	0.0	1.301754156856117	0.0	0.826723361724075	0.0	0.29040612691219886	1.12618645679883	0.0	0.0	0.7602976185240794	0.0	0.0	0.29040612691219886	0.0	0.0	0.0	0.0	0.0	0.0	1.4416437294753772	0.0	1.9281236024119075	0.0	3.1097999446055518	0.0	0.9351721287263555	0.0	0.0	0.7602976185240794	0.29040612691219886	0.0	0.0	0.0	0.0	0.0	0.0	0.29040612691219886	0.0	0.0	0.0	0.7602976185240794	0.0	0.0	0.0	0.0	0.0	0.0	0.0	0.0	0.0	0.0	0.5860251147910376	0.0	0.29040612691219886	0.29040612691219886	0.0	0.0	0.29040612691219886	0.7602976185240794	0.0	0.0	0.0	0.0	0.0	0.0	1.5810968870975188	1.669131815125481	0.0	2.431881841694424	0.29040612691219886	0.0	2.396871312971314	0.46289754860440296	0.0	0.0	0.0	1.4843245271525134	0.0	0.0	0.0	0.0	0.0	0.0	0.0	0.0	0.0	0.0	1.2102302428308127	0.0	0.0	0.0	0.0	2.841838919497458	0.0	1.8480155176601198	0.0	0.29040612691219886	0.0	0.0	0.0	3.1858645664035503	1.3411715799364854	0.0	0.6818447888586141	1.677896746232741	1.021879003762909	0.0	0.0	0.0	0.0	0.0	0.29040612691219886	0.0	2.0355841282867657	0.0	1.4563416782127219	0.0	0.0	0.0	0.0	0.0	0.0	0.0	0.0	0.29040612691219886	0.0	0.0	0.0	0.0	0.0	0.29040612691219886	0.46289754860440296	0.8843241132283457	0.0	1.6417228911378454	0.0	0.0	0.0	0.29040612691219886	0.29040612691219886	0.0	0.0	0.0	0.0	0.0	0.0	0.5860251147910376	3.812018664454327	0.0	2.8711651204100734	0.46289754860440296	0.0	1.622439505777067	0.0	0.0	0.9351721287263555	0.0	0.29040612691219886	0.0	0.0	0.0	0.0	0.0	0.0	0.0	0.0	0.0	0.0	1.4106657306410537	0.0	0.0	0.0	0.8843241132283457	0.9806858599097319	1.021879003762909	0.5860251147910376	0.6818447888586141	0.46289754860440296	0.0	0.0	0.0	0.7602976185240794	0.0	0.0	0.0	0.0	0.0	0.6818447888586141	1.301754156856117	0.0	0.0	0.0	2.7588397344288227	1.1839821431100206	0.826723361724075	0.0	0.0	0.0	1.5810968870975188	1.2102302428308127	0.0	0.826723361724075	0.0	0.5860251147910376	0.0	0.0	0.0	0.0	0.29040612691219886	0.0	1.4106657306410537	4.8887689285195	0.0	0.0	0.0	0.0	0.5860251147910376	0.0	0.0	1.2102302428308127	0.0	0.6818447888586141	0.0	0.0	0.6818447888586141	0.0	0.0	2.168959818105647	0.0	0.0	3.066639939983084	0.0	0.0	0.0	0.29040612691219886	0.0	0.0	0.0	0.7602976185240794	0.5860251147910376	0.0	0.0	0.0	0.6818447888586141	0.0	0.0	0.0	0.29040612691219886	0.0	1.570115623067067	3.4503714873215205	3.06876181646026	0.5860251147910376	0.29040612691219886	3.5855171764975853	0.29040612691219886	0.46289754860440296	0.29040612691219886	0.0	0.5860251147910376	2.761710872349373	0.9351721287263555	0.0	0.0	0.0	2.2504453835720466	0.8843241132283457	0.29040612691219886	0.0	0.0	0.0	0.0	0.29040612691219886	0.0	0.29040612691219886	0.0	0.0	0.0	0.0	0.0	0.7602976185240794	3.653259824767454	0.0	1.3596151154042773	0.0	0.0	0.0	0.0	0.0	1.021879003762909	0.0
SRR36103462	0.0	0.4016419609238475	0.0	2.2020132439262636	0.0	0.0	0.0	0.0	0.6815580737985159	0.0	0.5161520539196115	0.0	0.24568551633499813	3.140404836879917	0.0	0.0	0.0	0.0	0.0	0.5161520539196115	0.0	0.0	0.0	0.0	0.0	0.0	0.24568551633499813	0.0	1.1440106753126447	0.0	2.787718279921708	0.0	0.9348521141141721	0.0	0.0	0.8946652163618765	0.24568551633499813	0.0	0.0	0.0	0.0	0.0	0.0	0.850376934035697	0.5161520539196115	0.0	0.0	0.6066825219991002	0.0	0.0	0.0	0.0	0.0	0.4016419609238475	0.0	0.0	0.0	0.0	0.0	0.0	0.0	0.24568551633499813	0.0	0.0	0.0	1.4038480796226063	0.0	0.0	0.0	0.0	0.0	0.0	1.6758034238874087	0.0	0.0	1.209890499019876	0.0	0.24568551633499813	2.127501989367406	0.0	0.0	0.0	0.0	1.3769603263824506	0.0	0.0	0.0	0.0	0.0	0.0	0.0	0.0	0.0	0.0	1.4412947653956674	0.0	0.0	0.0	0.0	2.040523970894328	0.0	0.7454030206928985	0.0	0.0	0.0	0.0	0.0	1.1440106753126447	0.4016419609238475	0.0	0.24568551633499813	1.9995267093615208	1.1196256697328466	0.0	0.0	0.0	0.0	0.0	0.4016419609238475	0.0	0.24568551633499813	0.0	0.4016419609238475	0.0	0.0	0.0	0.0	0.0	0.0	0.0	0.0	0.0	0.0	0.0	0.0	0.0	0.24568551633499813	0.0	0.24568551633499813	0.24568551633499813	0.0	2.3702078276639362	0.0	0.0	0.0	0.0	0.0	0.0	0.0	0.0	0.0	0.0	0.0	0.0	3.9940303221816555	0.0	3.846477319077817	0.0	0.0	0.6815580737985159	0.0	0.0	0.4016419609238475	0.0	0.24568551633499813	0.0	0.0	0.0	0.0	0.0	0.0	0.0	0.0	1.2670804977971162	0.0	0.8946652163618765	0.0	0.0	0.0	0.0	0.0	0.0	0.4016419609238475	0.0	0.0	0.24568551633499813	0.0	0.0	1.167098983359002	0.5161520539196115	0.0	0.0	0.0	0.0	0.0	1.1196256697328466	0.0	0.0	0.0	1.599836491480643	0.0	0.4016419609238475	0.0	0.0	0.0	0.8946652163618765	0.24568551633499813	0.0	1.9505657495868793	0.0	2.8302691796196444	0.0	0.0	0.0	0.0	0.24568551633499813	0.0	0.7454030206928985	4.866565299141047	0.0	0.0	0.0	0.0	0.0	0.0	0.0	0.0	0.0	0.24568551633499813	0.0	0.0	0.0	0.0	0.0	0.6066825219991002	0.0	0.0	3.8114654634397582	0.0	0.0	0.0	0.0	0.0	0.0	0.0	1.2298024388888797	0.24568551633499813	0.0	0.0	0.0	0.850376934035697	0.0	0.0	0.0	0.0	0.0	1.2488413200942456	1.9615320190282688	0.5161520539196115	0.4016419609238475	0.0	2.232071266457775	0.0	0.0	0.0	0.0	0.4016419609238475	1.6469909025684557	0.0	0.0	0.0	0.0	1.0663187914306809	0.0	0.0	0.0	0.0	0.0	0.0	0.0	0.0	0.0	0.0	0.0	0.0	0.0	0.0	0.24568551633499813	3.876379960259879	0.0	0.4016419609238475	0.0	0.0	0.0	0.0	0.0	0.24568551633499813	0.4016419609238475
SRR36103463	0.0	0.0	0.0	0.0	0.4802603540447669	0.0	0.0	0.0	1.4669369478453227	0.0	0.9584229532517066	1.1804796724701099	1.8911301899431012	3.2945096217333063	0.0	0.0	0.84912987311382	0.0	0.0	1.548634638192477	0.0	0.0	0.0	0.0	0.0	0.0	1.5230724361954524	0.0	2.333057836490153	0.0	4.079552783614779	0.0	2.851648856332767	0.4802603540447669	0.0	0.7027342099358644	0.0	0.0	0.0	0.0	0.0	0.0	0.0	1.5230724361954524	1.6380599059962022	0.0	0.0	1.1804796724701099	0.0	0.0	0.0	0.0	1.9022680932907283	0.4802603540447669	0.0	0.0	0.7027342099358644	0.0	0.0	0.0	0.84912987311382	0.4802603540447669	0.0	0.0	0.4802603540447669	2.1285166715870147	0.4802603540447669	0.7027342099358644	0.0	0.0	0.0	0.84912987311382	2.852882667169429	3.4264668123071056	0.0	1.3266968075001193	0.0	0.0	2.847926252166098	1.2832076682933897	0.0	0.0	0.0	1.5956449040279919	0.0	0.0	0.4802603540447669	0.0	0.0	0.0	0.0	0.0	0.0	0.7027342099358644	3.483985947152001	0.0	0.0	0.0	1.9022680932907283	1.4959110476038497	0.7027342099358644	2.1285166715870147	0.0	0.0	0.0	0.4802603540447669	0.0	3.191935763444386	1.402453156061311	0.0	1.3662247157894885	1.9823745748779003	2.2221557921394814	0.0	0.0	0.0	0.0	0.4802603540447669	0.4802603540447669	1.1182837815747606	0.7027342099358644	0.0	4.352283657531638	0.0	0.0	0.4802603540447669	0.0	0.0	0.0	1.5230724361954524	0.0	0.4802603540447669	1.1182837815747606	0.0	0.0	0.0	0.4802603540447669	0.9584229532517066	2.6269030468955767	0.0	0.0	3.4000246930479903	0.0	0.4802603540447669	0.0	0.0	0.0	0.0	0.0	0.0	0.0	0.0	0.0	0.0	4.121473550914282	0.0	2.31643123757135	0.84912987311382	0.0	0.0	0.0	0.0	0.4802603540447669	2.8553398227719735	0.4802603540447669	0.0	0.0	0.0	0.0	0.0	0.0	0.0	0.0	0.0	0.0	0.0	0.0	0.0	0.0	1.5230724361954524	1.9823745748779003	1.1182837815747606	1.0456676729539385	1.817541611297228	0.7027342099358644	0.7027342099358644	0.0	0.0	1.3662247157894885	0.0	0.0	0.0	0.0	0.0	0.4802603540447669	2.6683909658288503	0.0	0.0	0.0	3.6098962882948404	1.3266968075001193	0.0	1.3266968075001193	0.0	0.0	1.9237219465712097	1.8039665205302802	0.0	1.9022680932907283	1.4358907686676428	1.3266968075001193	0.0	0.0	0.4802603540447669	0.4802603540447669	0.7027342099358644	0.7027342099358644	0.4802603540447669	3.6434877744266823	0.0	2.0174920167554427	0.0	0.4802603540447669	1.3266968075001193	1.6380599059962022	0.0	1.1182837815747606	0.0	0.0	0.0	0.0	0.84912987311382	0.0	0.4802603540447669	4.030783361772873	0.0	0.0	3.6656594524960884	0.0	0.0	0.0	0.0	0.0	0.0	0.0	1.8796991089411852	1.2832076682933897	0.0	0.0	0.0	0.0	2.7893097975165446	0.0	0.0	0.7027342099358644	0.0	1.2832076682933897	2.393847184176605	2.7410881057117784	3.4195046619961236	0.0	1.1804796724701099	0.0	0.0	2.637146576193638	0.0	0.84912987311382	3.627016726590865	0.0	0.0	0.0	0.0	1.3266968075001193	0.4802603540447669	0.0	0.0	0.9584229532517066	0.4802603540447669	0.0	1.2348740249748884	0.0	0.0	0.0	0.0	0.0	1.5956449040279919	0.0	2.1719857131655003	3.9954380321524106	0.0	1.69480084588195	0.0	0.0	1.0456676729539385	0.0	1.2832076682933897	1.9022680932907283	0.0
SRR36103465	0.0	0.6440366387043963	0.3294602776236699	0.0	0.0	0.0	0.0	0.0	1.8804148127720122	0.0	1.7261084207572686	2.4147226280078065	0.8927533751047393	1.0917748226298334	0.0	0.0	0.8245510562210787	0.0	0.0	1.8100790712765917	0.0	0.0	0.0	0.3294602776236699	0.0	0.0	1.2825067471635458	0.0	1.735274800983783	0.0	3.752768008267816	0.3294602776236699	2.381204872190126	0.0	0.0	1.666632818699436	0.0	0.0	0.0	0.0	0.0	0.5146292311705108	0.0	0.8245510562210787	1.666632818699436	0.0	0.0	0.6440366387043963	0.0	0.5146292311705108	0.0	0.0	0.7436059489224495	0.6440366387043963	0.3294602776236699	0.0	2.749613850371901	0.0	0.3294602776236699	0.3294602776236699	0.0	0.0	0.0	0.0	0.0	2.3992712331402943	0.0	0.0	0.0	0.0	0.0	0.3294602776236699	3.019788007874459	1.8324009618638917	0.0	1.899471216281737	0.0	0.0	1.7865474188631154	0.5146292311705108	0.0	0.0	0.0	1.6099755786910643	0.0	1.414584798153078	0.0	0.0	0.0	0.0	0.0	0.0	0.0	0.0	1.0917748226298334	0.0	0.5146292311705108	0.3294602776236699	0.0	0.7436059489224495	0.0	2.137470623316186	0.3294602776236699	0.0	0.0	0.0	0.0	2.7784710456495585	1.5720558578758008	0.0	1.0499061812789532	2.6015088231664896	2.442290873955994	0.0	0.0	0.0	0.0	0.3294602776236699	0.5146292311705108	0.0	3.356117343916752	0.0	1.6558772994339854	0.0	0.0	0.0	0.0	0.0	0.0	0.0	0.0	0.0	0.0	0.0	0.0	0.0	0.0	0.3294602776236699	0.7436059489224495	0.0	0.0	3.4114987737491695	0.7436059489224495	0.0	0.0	0.3294602776236699	0.0	0.0	0.0	0.0	0.0	0.0	1.2559861301390316	0.0	4.3994442021017015	0.0	1.9236449310955102	0.0	0.3294602776236699	0.9516845927629426	0.0	0.0	0.0	0.0	0.0	0.0	0.0	0.0	0.3294602776236699	0.0	0.0	0.0	0.0	0.0	0.0	1.5976999048512164	0.0	0.0	0.0	0.7436059489224495	1.2825067471635458	0.6440366387043963	0.8927533751047393	0.8245510562210787	1.1299596156120155	0.0	0.0	0.0	0.7436059489224495	0.3294602776236699	0.0	0.0	0.0	0.0	0.5146292311705108	2.7443162272476616	0.0	0.0	0.0	3.44567404925275	1.753046806125606	0.8245510562210787	0.0	0.0	0.0	2.4070656434585307	1.558642701131558	0.0	1.644848635495464	0.9516845927629426	1.735274800983783	0.0	0.0	0.0	0.0	0.3294602776236699	0.0	0.0	4.585157639859696	0.0	0.0	0.0	0.0	1.5720558578758008	0.7436059489224495	0.0	1.165056713052118	0.0	0.8927533751047393	0.0	0.0	0.5146292311705108	0.0	0.0	2.8288125277297316	0.0	0.0	4.104597982212299	0.0	0.0	0.0	0.0	0.0	0.0	0.0	0.0	0.3294602776236699	0.0	0.0	0.0	0.6440366387043963	0.0	0.0	0.0	0.0	0.0	1.2277400688105564	3.4055319880896198	3.0377827530255095	0.0	0.0	2.6803030094470786	0.0	0.3294602776236699	0.3294602776236699	0.0	1.165056713052118	3.1716813994587962	0.3294602776236699	0.0	0.0	0.3294602776236699	1.5448020414524313	0.0	0.3294602776236699	0.3294602776236699	0.0	1.817647897938576	0.0	0.8927533751047393	0.0	0.0	0.0	0.0	0.0	1.929483815747867	0.0	2.0920646085560644	3.815978890080992	0.0	1.2559861301390316	0.0	0.0	0.0	0.0	0.5146292311705108	1.0917748226298334	0.0
SRR36103466	0.3865343282027998	0.0	0.0	0.3865343282027998	0.0	0.0	0.3865343282027998	0.0	1.4048058584104997	0.0	1.8444120416115872	0.3865343282027998	0.7247340819619867	2.2239707324919853	0.0	0.0	0.3865343282027998	0.0	0.0	1.4048058584104997	0.0	0.0	0.0	0.0	0.5877554648391438	0.0	1.6296210887398246	0.0	1.7215397193012192	0.0	3.4096913587499724	0.3865343282027998	2.5525820460234296	0.982777148064442	0.5877554648391438	1.4728144330312962	0.0	0.0	0.0	0.0	0.0	0.3865343282027998	0.0	1.043220291785158	1.9874798388931605	0.0	0.0	0.5877554648391438	0.0	0.0	0.0	0.0	1.531601018652023	0.3865343282027998	0.0	0.0	2.2830328131595365	0.0	0.0	0.0	0.0	0.3865343282027998	0.0	0.0	0.0	3.0825832331709457	0.0	0.0	0.0	0.0	0.0	0.5877554648391438	3.1910174369991835	2.058352613590895	0.0	1.671416728587166	0.7247340819619867	0.0	2.079620591914604	0.3865343282027998	1.043220291785158	0.0	0.0	1.816797388195112	0.0	1.816797388195112	0.0	0.0	0.0	0.0	0.0	0.0	0.0	0.0	1.697200925130181	0.3865343282027998	0.5877554648391438	0.0	0.0	0.9125404257621365	0.5877554648391438	1.787306904975553	0.3865343282027998	0.0	0.0	0.0	0.0	3.1906157575586027	1.5128759202950195	0.0	0.7247340819619867	2.540182747694571	1.9938482090908964	0.0	0.0	0.0	0.0	1.224977774875937	0.0	0.3865343282027998	0.982777148064442	0.0	0.7247340819619867	0.0	0.0	0.0	0.0	0.0	0.0	0.0	0.0	0.3865343282027998	0.7247340819619867	0.0	0.0	0.0	0.0	0.0	0.5877554648391438	0.0	0.3865343282027998	3.762292032084491	0.0	0.0	0.0	0.0	0.0	0.0	0.0	0.0	0.0	0.0	1.096269781559068	0.0	4.452516314578698	0.0	2.6051493168378226	0.5877554648391438	0.0	0.5877554648391438	0.0	0.0	0.3865343282027998	0.0	0.0	0.0	0.3865343282027998	0.0	0.0	0.0	0.0	0.0	0.3865343282027998	0.0	0.0	1.8354008551275767	0.0	0.0	0.0	2.3292134335183183	1.1861644749289324	0.7247340819619867	1.224977774875937	0.0	0.9125404257621365	1.5993409956120979	0.0	0.3865343282027998	0.8287109983143455	0.0	0.0	0.0	0.0	0.0	0.3865343282027998	2.490755542337405	0.0	0.0	0.3865343282027998	3.570663631256351	1.6845001507185435	1.1861644749289324	0.3865343282027998	0.0	0.0	2.0124114826536323	1.2606050834656966	0.0	2.035989241012465	2.035989241012465	2.3292134335183183	0.0	0.0	0.0	0.0	0.0	0.3865343282027998	0.0	4.470878132529639	0.0	0.0	0.3865343282027998	0.0	1.2935299994118177	0.7247340819619867	0.3865343282027998	1.5128759202950195	0.0	0.7247340819619867	0.0	0.0	0.5877554648391438	0.0	0.0	2.7431579044488914	0.0	0.3865343282027998	4.227455726177382	0.0	0.0	0.0	0.0	0.0	0.0	0.0	0.3865343282027998	0.3865343282027998	0.0	0.0	0.0	0.0	0.0	0.3865343282027998	0.0	0.0	0.3865343282027998	1.5495520241289933	3.2087189534380443	3.064697612328115	0.3865343282027998	0.0	1.6147448891802236	0.0	0.0	0.0	0.0	1.1861644749289324	2.9898655934249887	0.0	0.0	0.0	0.3865343282027998	1.3795443134591054	0.0	0.3865343282027998	0.0	0.0	2.3051960256808575	0.0	0.982777148064442	0.0	0.0	0.0	0.0	0.0	1.5833705897285881	0.0	1.5667904057838098	3.9398641930955915	0.3865343282027998	1.5128759202950195	0.0	0.0	0.0	0.0	0.8287109983143455	1.1861644749289324	0.3865343282027998
SRR36103468	0.36502140169939723	0.21978209471597263	1.2255704578460593	2.125187211098798	0.0	0.0	0.0	0.0	1.5134867852432075	0.0	1.6350842863951254	0.0	2.2016730792987818	2.8003238265310424	0.0	0.21978209471597263	0.0	0.21978209471597263	0.0	2.2863583099509803	0.0	0.0	0.0	0.21978209471597263	0.21978209471597263	0.21978209471597263	1.1515257797034784	0.0	2.2557094843805627	0.0	3.447573913292254	0.4736713459819243	1.702487249172503	0.0	0.4736713459819243	2.1851801555046833	0.36502140169939723	0.0	0.0	0.0	0.0	0.4736713459819243	0.0	1.1091592240379022	1.869945613388553	0.0	0.0	1.009559751771942	0.0	0.694826813009011	0.0	2.2070344101640886	2.45673133446898	1.2422645805190757	0.0	0.0	1.273842860125832	0.0	1.009559751771942	0.0	0.0	0.21978209471597263	0.0	0.5605065304407315	0.0	3.4948241006280027	0.0	0.21978209471597263	0.0	0.0	0.0	0.4736713459819243	3.3420170204884814	2.800776679880867	0.0	1.673139006513925	1.7657552193068433	0.0	1.9276875599497298	0.21978209471597263	1.1308589181041016	0.0	0.694826813009011	1.713692865513892	0.21978209471597263	3.3528154284721703	0.21978209471597263	0.0	0.0	0.0	0.0	0.0	0.0	0.0	3.001856107326766	0.36502140169939723	0.21978209471597263	0.0	0.0	2.152207127351789	0.0	1.7246166133252077	0.0	0.0	0.0	0.0	0.0	2.2444501184647576	1.5046265828655443	0.0	0.8801012374982485	2.9511491123584337	2.335282738050651	0.0	0.21978209471597263	0.0	0.0	2.4714706488488685	0.694826813009011	0.21978209471597263	0.6328389928073922	0.21978209471597263	0.8801012374982485	0.0	0.0	0.0	0.0	0.0	0.21978209471597263	0.0	0.0	0.0	1.4863447333602262	0.0	0.0	0.21978209471597263	0.8406573884517481	0.0	1.1712536766534223	0.21978209471597263	0.21978209471597263	3.501276362427816	0.36502140169939723	1.3172824229111666	0.21978209471597263	0.0	0.0	0.0	0.0	0.0	0.0	0.0	1.3308475915123998	0.36502140169939723	4.538945036272044	0.0	2.641883363052493	0.21978209471597263	0.0	1.6967741200269608	0.36502140169939723	1.086318009798827	0.36502140169939723	0.0	0.0	0.0	0.0	0.8406573884517481	0.694826813009011	0.0	0.21978209471597263	0.0	0.0	0.4736713459819243	0.21978209471597263	2.17573933884839	0.0	0.21978209471597263	0.0	0.8801012374982485	0.36502140169939723	0.0	3.72980217632281	0.0	1.3172824229111666	1.7988088410471301	0.0	0.21978209471597263	0.7972699934351954	0.36502140169939723	0.0	0.0	0.0	0.0	0.0	2.6279586080098034	0.8801012374982485	0.0	0.0	3.662424512749629	1.3308475915123998	2.5579144429916107	1.4369601419717775	0.0	0.0	1.6608209176287236	0.694826813009011	0.0	2.0580681204533127	1.5631574867888605	1.899775521119808	0.0	0.21978209471597263	0.0	0.21978209471597263	1.7405037170782658	0.21978209471597263	0.749062016378463	4.149492687113901	0.21978209471597263	0.21978209471597263	0.0	0.0	1.1712536766534223	1.3172824229111666	0.694826813009011	0.36502140169939723	0.0	0.749062016378463	0.0	0.0	0.0	0.0	0.36502140169939723	2.6051328028319007	0.0	0.749062016378463	4.336664866769972	0.0	0.0	0.0	0.0	0.0	0.0	0.0	0.5605065304407315	0.0	0.0	0.21978209471597263	0.0	0.7972699934351954	0.21978209471597263	0.0	0.5605065304407315	0.0	0.36502140169939723	2.0048828963796113	2.5802890833252263	1.780230144521569	0.36502140169939723	0.4736713459819243	1.5860131422738533	0.0	0.21978209471597263	1.6350842863951254	0.0	1.303279847799559	3.282395304526226	0.0	0.0	0.4736713459819243	0.9496365141127342	1.288810715412805	0.36502140169939723	0.4736713459819243	0.0	0.21978209471597263	1.9377087961675399	0.0	0.21978209471597263	0.0	0.0	0.0	0.0	0.0	2.1399449199209992	0.0	2.100933181125291	3.525229506411156	0.0	1.0366814382879301	0.0	0.0	0.21978209471597263	0.0	0.0	0.36502140169939723	0.0
SRR36103469	0.0	0.0	0.0	3.2934911252867356	0.0	0.0	0.0	0.0	1.7964196240784789	0.0	1.3441614027997961	0.0	3.5071607177576776	0.4292774256207203	0.0	0.0	0.4292774256207203	0.0	0.0	0.0	0.0	0.0	0.0	0.0	0.0	0.0	2.030538212190294	0.0	2.23399333017633	0.0	3.696524430217003	0.0	0.8391455267161051	0.0	0.0	2.6828778003975184	0.0	0.0	0.0	0.0	0.0	0.0	0.0	1.046197037191789	0.640890769039795	0.0	0.0	0.7825572634720117	0.0	0.0	0.0	0.0	0.0	1.1612626520737304	0.0	0.0	1.9760373357031606	0.0	0.640890769039795	0.0	0.0	0.0	0.0	0.0	0.0	0.7174750225924259	0.0	0.5478473571260363	0.0	0.0	0.0	0.0	1.784550563995754	0.7174750225924259	0.0	3.542070187982505	0.0	0.0	2.0538062003860817	0.0	0.0	0.26565025423312055	0.0	0.8892031499009052	0.0	0.4292774256207203	0.4292774256207203	0.0	0.0	0.0	0.0	0.0	0.0	0.0	2.6047878640135607	0.0	0.0	0.0	0.0	1.8615348063353043	0.0	1.8615348063353043	0.0	0.0	0.0	0.0	0.0	2.1889917110045127	2.0236546384913323	0.0	0.0	2.9954673154071685	1.8461482310991224	0.0	0.0	0.0	0.0	0.26565025423312055	0.640890769039795	0.0	0.4292774256207203	0.0	1.9046713992315918	0.0	0.0	0.0	0.0	0.26565025423312055	0.0	0.0	0.0	0.0	0.0	0.0	0.0	0.0	0.0	0.0	0.26565025423312055	0.0	0.0	1.459942491335693	0.5478473571260363	0.0	0.0	0.0	0.0	0.0	0.0	0.0	0.0	0.0	0.640890769039795	0.0	4.242305589268083	0.0	2.9029939378517056	0.0	0.0	1.4058989189741105	1.5301699426802	0.0	0.7825572634720117	0.0	0.26565025423312055	0.0	0.0	0.0	0.0	0.0	0.0	0.0	0.0	0.0	0.0	2.3797025369573	0.0	0.0	0.0	0.7174750225924259	0.26565025423312055	0.0	0.7174750225924259	0.0	0.26565025423312055	0.0	0.0	0.0	1.391267679972993	0.26565025423312055	0.0	0.0	0.0	0.0	0.0	1.7597926223845604	0.26565025423312055	0.0	0.0	2.942793706742054	1.272169734923963	0.7825572634720117	0.640890769039795	0.0	0.0	1.1612626520737304	0.7825572634720117	0.0	0.7825572634720117	0.9340827292474825	1.9000846510370797	0.0	0.0	0.0	0.0	0.0	0.0	0.0	4.559611357420364	0.0	0.26565025423312055	0.0	0.0	0.4292774256207203	0.26565025423312055	0.0	0.26565025423312055	0.0	1.107529556168491	0.0	0.0	0.0	0.0	0.0	3.2404283585310822	0.0	0.26565025423312055	2.709422018436656	0.0	0.0	0.0	0.0	0.0	0.8892031499009052	0.0	1.046197037191789	0.0	0.0	0.0	0.0	0.0	0.0	0.26565025423312055	0.0	0.0	0.0	1.698315907984055	3.7012146507672723	2.1252672861235995	0.0	0.0	0.4292774256207203	0.0	0.26565025423312055	0.8892031499009052	0.0	0.9340827292474825	3.354103414072989	0.26565025423312055	0.0	0.0	0.0	1.309655593858246	0.5478473571260363	0.26565025423312055	0.0	0.0	0.26565025423312055	0.0	0.0	0.0	0.0	0.0	0.0	0.0	0.0	0.0	0.8892031499009052	4.416398900601227	0.0	0.7825572634720117	0.0	0.0	0.640890769039795	0.0	0.26565025423312055	0.4292774256207203	0.0
SRR36103470	0.0	0.0	0.40524179433724355	3.5443434592698435	0.0	0.0	0.24826610674211624	0.0	2.0054173633819268	0.0	0.5202976813305619	1.1945888181400743	4.324633455018181	0.7502895242139205	0.0	0.0	0.24826610674211624	0.0	0.0	0.0	0.0	0.0	0.0	0.0	0.0	0.0	2.1479423681966217	0.0	1.235403993791626	0.0	3.9058348238904967	0.0	0.24826610674211624	0.0	0.0	1.1495361312240986	0.0	0.0	0.0	0.0	0.0	0.0	0.0	1.215475708008643	0.5202976813305619	0.0	0.0	1.254457818167208	0.0	0.0	0.0	0.0	0.0	1.010907151817033	0.0	0.40524179433724355	1.215475708008643	0.0	0.40524179433724355	0.0	0.0	0.0	0.0	0.0	0.0	0.40524179433724355	0.0	0.5202976813305619	0.0	0.0	0.0	0.0	1.5972529321609983	2.892900207561777	0.0	3.279736857619866	0.0	0.0	1.5527135324532082	0.5202976813305619	0.0	0.0	0.0	0.8998612531041288	0.24826610674211624	0.24826610674211624	0.40524179433724355	0.0	0.0	0.0	0.0	0.0	0.0	0.24826610674211624	2.9671752349770477	0.0	0.0	0.0	0.0	1.1495361312240986	0.0	1.3963216084279426	0.0	0.0	0.0	0.0	0.0	2.634805832941746	2.0866354191382572	0.0	0.9769518347345287	1.3826620019343905	1.2727107094346641	0.0	0.0	0.0	0.0	0.0	0.5202976813305619	0.0	0.24826610674211624	0.0	4.389717650117735	0.0	0.0	0.24826610674211624	0.0	0.0	0.24826610674211624	0.0	0.0	0.0	0.24826610674211624	0.0	0.0	0.0	0.0	0.0	0.40524179433724355	0.0	0.0	2.2360458701443666	0.0	0.0	0.0	0.0	0.0	0.0	0.0	0.0	0.0	0.0	0.40524179433724355	0.0	3.94052237095094	0.0	0.8554919683862052	0.40524179433724355	0.0	1.4815195625045117	0.0	0.0	0.0	0.0	0.24826610674211624	0.0	0.0	0.0	2.105427742320035	0.0	0.0	0.0	0.0	0.0	0.0	2.2959065819526447	0.0	0.0	0.0	0.6111682013748962	1.7278760787655711	0.7502895242139205	0.5202976813305619	0.0	0.40524179433724355	0.0	0.0	0.0	1.513469973300894	0.0	0.0	0.0	0.0	0.0	0.40524179433724355	2.0523980857073236	0.0	0.0	0.0	2.406067805755455	0.0	0.0	0.0	0.0	0.0	2.184479049854423	0.8998612531041288	0.0	0.8998612531041288	0.0	0.9769518347345287	0.0	0.0	0.0	0.0	0.0	0.24826610674211624	0.40524179433724355	4.290048812556124	0.0	0.0	0.0	0.0	0.40524179433724355	0.5202976813305619	0.0	0.9769518347345287	0.24826610674211624	0.40524179433724355	0.0	0.0	0.24826610674211624	0.0	0.0	3.3707931937925033	0.0	0.7502895242139205	2.4034300882859747	0.0	0.0	0.0	0.24826610674211624	0.0	0.0	0.0	1.2902272950068412	0.24826610674211624	0.0	0.0	0.0	0.0	0.0	0.0	0.0	0.0	0.0	0.9401148236764937	3.282541824780849	2.7255697767316813	0.0	0.0	0.0	0.0	0.0	2.5013187984808103	0.0	0.6111682013748962	3.770841861348866	0.24826610674211624	0.0	0.0	0.0	0.24826610674211624	0.24826610674211624	0.24826610674211624	0.24826610674211624	0.0	0.24826610674211624	0.0	1.2902272950068412	0.0	0.0	0.0	0.0	0.0	0.24826610674211624	0.0	0.8060684863983315	3.7763698252094473	0.0	0.9769518347345287	0.24826610674211624	0.0	0.24826610674211624	0.0	0.0	1.071761070304486	0.0
SRR36103472	0.0	0.0	0.0	1.105086545135399	0.0	0.0	1.529753552870785	0.0	1.105086545135399	0.0	0.0	1.0481526834307617	0.0	1.7277673534642848	0.0	0.0	1.9320194248078069	0.0	0.0	0.25103065714877487	0.0	0.25103065714877487	0.0	0.0	0.0	0.0	0.0	0.0	1.0481526834307617	0.0	3.833269536502977	0.0	0.25103065714877487	0.0	0.0	2.087384593869405	0.0	0.0	0.0	0.0	0.0	0.0	0.0	0.0	0.25103065714877487	0.0	0.0	1.0166178504785808	0.0	0.0	0.0	0.0	0.0	0.0	0.0	0.0	0.0	0.0	0.5247223726420447	0.0	0.0	0.6159519828399056	0.0	0.0	0.8114095764436882	0.25103065714877487	0.0	0.945716973488999	0.0	0.0	0.0	0.0	1.6281103131957926	0.8114095764436882	0.0	3.6095969567723647	0.0	0.0	0.8114095764436882	1.4876356827224761	0.0	0.0	0.0	2.4464931055118297	0.25103065714877487	0.40908892418298726	0.0	0.0	0.0	0.0	0.0	0.0	0.0	0.0	1.4876356827224761	0.0	0.0	0.0	0.0	0.8609388178861629	0.0	0.9053933009096014	0.0	0.0	0.0	0.0	0.0	3.7797676380634253	0.40908892418298726	0.0	1.8490685723910576	0.0	0.8114095764436882	0.0	0.0	0.0	0.0	0.0	1.2786988672238206	0.0	0.0	0.0	0.7554958291490041	0.0	0.0	0.0	0.0	0.25103065714877487	0.0	0.0	0.25103065714877487	1.1309790513050073	0.0	0.0	0.0	0.0	0.0	0.0	1.6736453522697128	0.0	0.0	1.221416632972553	0.0	0.0	0.0	1.3292985879331949	0.0	0.0	0.0	0.0	0.0	0.0	0.0	0.0	2.819972340202386	0.0	1.6514743435189492	1.2413620758768777	0.0	0.25103065714877487	0.0	0.0	0.0	0.25103065714877487	0.40908892418298726	0.0	0.0	0.0	0.0	0.0	0.0	0.6913045928458168	0.0	0.25103065714877487	0.0	1.1554143264486365	0.0	0.0	0.0	1.9514493270236608	2.266910084465606	1.9700470526838598	0.0	0.0	1.701548896818029	0.0	0.0	0.0	0.6913045928458168	0.0	0.0	0.0	0.0	0.0	1.2962287066090041	0.25103065714877487	0.0	0.0	0.0	0.8609388178861629	0.25103065714877487	0.40908892418298726	0.0	0.0	0.0	1.9772687337494597	2.518055620523038	0.0	1.2005108945689462	0.25103065714877487	0.25103065714877487	0.0	0.0	0.40908892418298726	0.0	0.0	0.0	0.0	4.752921095570857	0.0	0.0	0.0	0.0	2.0149743428224363	0.40908892418298726	0.0	2.5536671524282437	0.0	1.4764355399382734	0.0	0.6159519828399056	1.529753552870785	0.0	0.25103065714877487	1.7758858944092666	0.0	0.0	3.1978218470324022	0.0	0.0	0.0	0.0	0.0	0.8114095764436882	0.0	0.25103065714877487	1.440990207341253	0.0	0.0	0.0	0.6913045928458168	0.0	0.0	0.0	0.25103065714877487	0.0	1.1309790513050073	2.4188918839216145	4.269612497203212	0.25103065714877487	0.0	0.6159519828399056	0.0	0.0	0.0	0.0	0.9826126760828106	4.003715483422315	0.5247223726420447	0.25103065714877487	0.0	0.0	0.25103065714877487	0.40908892418298726	0.0	0.40908892418298726	0.40908892418298726	0.0	0.40908892418298726	0.0	0.0	0.0	0.0	0.0	0.0	0.0	0.0	0.0	2.9501165855104667	0.0	2.492581353164277	1.1554143264486365	0.6159519828399056	0.0	0.0	0.40908892418298726	2.0645634609798478	0.0
SRR36103473	0.23621399206009958	0.0	0.0	3.4087541140997266	0.0	0.0	0.9855435204773105	0.0	1.4651741487567507	0.0	0.0	0.3883560202841308	1.9018732136614886	2.8765791579265416	0.0	0.0	1.2635227588495441	0.23621399206009958	0.0	1.9640821429670146	0.0	0.0	0.0	0.0	0.23621399206009958	0.0	2.239873352030954	0.0	2.0062849787083454	0.0	3.78041470349617	0.23621399206009958	2.370027375027872	0.0	0.0	3.2524354362645824	0.3883560202841308	0.0	0.0	0.0	0.0	0.23621399206009958	0.0	1.2088996334703346	1.8858433524145934	0.0	0.0	0.6640386246884019	0.0	0.23621399206009958	0.0	0.0	0.23621399206009958	0.500805958578765	0.0	0.0	1.4861669254343308	0.0	0.23621399206009958	0.0	0.0	0.0	0.0	0.0	0.23621399206009958	2.760090740509944	0.0	0.0	0.0	0.0	0.0	0.23621399206009958	2.922820821402369	2.40721486906293	0.0	1.928576068705438	0.0	0.0	2.883611525171216	1.1682507131782827	0.0	0.0	0.0	1.8979208748755583	0.23621399206009958	0.3883560202841308	0.5900465905948018	0.0	0.0	0.0	0.0	0.3883560202841308	0.0	0.23621399206009958	3.427567102835116	0.3883560202841308	0.0	0.0	0.3883560202841308	2.6898031167716905	0.0	2.047569748442651	0.0	0.0	0.0	0.0	0.23621399206009958	3.267273444081189	1.0168380179936722	0.23621399206009958	1.1682507131782827	2.8327350550151578	1.5345970640969373	0.0	0.0	0.0	0.0	1.1464043377067068	2.814840630323771	0.3883560202841308	2.692360115166128	0.3883560202841308	1.94669185807532	0.0	0.0	0.23621399206009958	0.0	0.0	0.0	0.0	0.0	0.23621399206009958	0.5900465905948018	0.0	0.0	0.0	0.500805958578765	0.0	1.6023501038445531	0.5900465905948018	0.0	3.8395799752537947	0.0	0.3883560202841308	0.0	0.7824024191482866	0.0	0.0	0.0	0.0	0.0	0.0	0.3883560202841308	0.0	4.320157428946534	0.0	3.0731188499341635	0.6640386246884019	0.0	1.0460282682709248	0.0	0.0	0.0	0.0	0.23621399206009958	0.0	0.0	0.0	1.1890505799908813	0.0	0.0	0.23621399206009958	0.0	0.3883560202841308	0.500805958578765	0.5900465905948018	0.0	0.0	0.0	1.3953205888895384	1.6023501038445531	1.2088996334703346	2.0214840149849773	0.23621399206009958	1.0460282682709248	0.3883560202841308	0.0	0.3883560202841308	1.1234005421640045	0.23621399206009958	0.0	0.0	0.0	0.0	0.8753191507528246	2.5582715214790626	0.23621399206009958	0.0	0.0	3.8439178123774784	1.3825024364802794	1.0168380179936722	1.928576068705438	0.0	0.0	1.7064402862617556	1.928576068705438	0.0	2.399777791327365	0.9518176634799138	1.9873148839131392	0.23621399206009958	0.0	0.0	0.0	2.0184864638129447	1.4431148595934131	0.8753191507528246	3.848613231552175	0.0	0.7824024191482866	0.0	0.0	1.56125816945116	0.7824024191482866	0.5900465905948018	1.9322601845551453	0.0	0.9518176634799138	0.0	0.3883560202841308	1.0460282682709248	0.23621399206009958	0.500805958578765	2.937564277292116	0.0	0.5900465905948018	3.9504378072196755	0.0	0.0	0.23621399206009958	0.0	0.0	0.0	0.0	0.8753191507528246	0.5900465905948018	0.0	0.0	0.0	0.500805958578765	0.0	0.0	0.23621399206009958	0.0	0.23621399206009958	1.8003986619312902	3.3303163954232806	3.629922246329066	0.0	0.3883560202841308	1.0168380179936722	0.0	0.0	2.236244892215888	0.0	0.7824024191482866	3.416160730573969	0.3883560202841308	0.0	0.500805958578765	0.0	1.7064402862617556	0.23621399206009958	0.3883560202841308	0.23621399206009958	0.0	0.23621399206009958	0.0	1.4316502962208273	0.23621399206009958	0.0	0.0	0.0	0.0	2.215727662121066	0.0	1.0168380179936722	4.35930620806743	1.0733795100062757	1.8776009457900975	0.8313409865053043	0.23621399206009958	0.3883560202841308	0.0	0.0	1.4962946545432505	0.0
SRR36103474	0.0	0.21417410995521813	0.4642537919371572	3.7071480756833317	0.0	0.0	1.1948437735780075	0.4642537919371572	1.6770182363648065	0.0	0.7853143753419819	1.212170247805392	2.194634699030389	2.7755373791946822	0.0	0.7853143753419819	1.5333727584531451	0.21417410995521813	0.0	2.1153008711410664	0.0	0.0	0.0	0.3569710379792584	0.3569710379792584	0.0	1.9301663784207026	0.0	1.9963839045578045	0.0	4.03704029640426	0.7373763440840102	1.8928412575223703	0.0	0.0	2.2525009090295547	0.21417410995521813	0.0	0.0	0.0	0.0	0.7853143753419819	0.0	0.9967138875070671	1.832091342572391	0.0	0.0	0.8284830316994969	0.0	0.3569710379792584	0.21417410995521813	0.0	0.0	0.5502150708377446	0.0	0.0	2.559244641542877	0.0	0.21417410995521813	0.0	0.0	0.21417410995521813	0.0	0.0	0.6834826590436527	2.6699024871817016	0.0	0.21417410995521813	0.0	0.0	0.0	0.0	3.6526858463769605	1.7892980571691404	0.0	1.330396146393136	0.21417410995521813	0.0	1.973455932511493	1.2752938444777422	0.0	0.0	0.21417410995521813	2.095761034166553	0.0	0.9678823267255219	0.0	0.0	0.0	0.21417410995521813	0.0	0.21417410995521813	0.0	0.0	3.2276368818296266	0.5502150708377446	0.0	0.21417410995521813	0.21417410995521813	0.8677460409152027	0.0	1.8558793265101274	0.0	0.0	0.0	0.0	0.0	3.561521146879099	1.4018134169272507	0.0	1.572127239821989	1.916961780146648	1.8856962555898198	0.21417410995521813	0.0	0.0	0.0	3.1173936929401034	2.1299131037505568	0.0	3.458789272492302	0.21417410995521813	2.393929505995261	0.0	0.0	0.0	0.0	0.0	0.0	0.0	0.3569710379792584	0.8284830316994969	1.0960235455312997	0.0	0.0	0.21417410995521813	0.5502150708377446	0.0	1.1176684203726686	0.0	0.21417410995521813	3.812361695380139	0.0	0.8677460409152027	0.0	0.8677460409152027	0.0	0.21417410995521813	0.0	0.0	0.0	0.0	1.1767972203432302	0.0	4.422620381312983	0.21417410995521813	2.391688378411356	1.073243063074003	0.0	0.6219407448465023	0.0	0.21417410995521813	0.3569710379792584	0.0	0.0	0.21417410995521813	0.0	0.0	1.4335520268188844	0.0	0.21417410995521813	0.6219407448465023	0.0	0.21417410995521813	0.3569710379792584	1.593821641159445	0.0	0.0	0.0	1.6591847917151357	1.952350308701951	1.6591847917151357	0.7853143753419819	0.9678823267255219	1.3906966339522988	0.0	0.0	0.4642537919371572	1.1767972203432302	0.4642537919371572	0.3569710379792584	0.0	0.0	0.0	1.157968130838087	2.819221030707191	0.8677460409152027	0.0	0.0	3.9444216153302576	1.3037183168270583	0.903751859303167	2.707860301340305	0.0	0.0	1.6770182363648065	2.2415280955844805	0.0	1.7159852081982414	0.9967138875070671	2.3894356257259224	0.21417410995521813	0.0	0.21417410995521813	0.0	1.525188887726897	0.21417410995521813	0.21417410995521813	3.8762173991114133	0.21417410995521813	0.0	0.0	0.0	1.7418225649462236	1.0960235455312997	0.21417410995521813	2.2187140104669067	0.0	1.317262045034572	0.0	0.21417410995521813	2.359034067752342	0.21417410995521813	0.21417410995521813	3.2737782684518386	0.0	0.0	3.7993315398937133	0.0	0.21417410995521813	0.0	0.21417410995521813	0.0	0.0	0.0	0.21417410995521813	1.073243063074003	0.0	0.0	0.0	0.4642537919371572	0.3569710379792584	0.0	0.5502150708377446	0.0	0.0	1.8025845098231255	3.2380025183243335	3.9412002926407745	0.21417410995521813	0.4642537919371572	0.6834826590436527	0.21417410995521813	0.0	2.858526251023376	0.0	1.2603520890514934	3.251862973865151	0.21417410995521813	0.0	0.0	0.0	1.806924509454465	0.3569710379792584	0.3569710379792584	0.6219407448465023	0.4642537919371572	0.6834826590436527	0.0	0.6834826590436527	0.21417410995521813	0.0	0.0	0.21417410995521813	0.0	2.1577405235972607	0.0	1.2897385860418955	3.1382249945624743	0.4642537919371572	2.133999290451672	0.9967138875070671	0.0	1.2288319089214004	0.0	0.0	1.8892834500644775	0.0
SRR36103475	0.0	0.0	0.3624046968978727	3.518563912855099	0.0	0.0	0.0	0.0	1.1858101150503888	0.0	0.0	0.0	2.105332953362696	1.500158286716611	0.0	0.0	0.9122077449449804	0.0	0.0	1.1858101150503888	0.0	0.0	0.0	0.4706134945628856	0.21795580711353812	0.0	1.3768100947793758	0.0	2.124876158244118	0.0	4.257803854255983	0.9455436436290798	2.746854885235015	0.0	0.0	3.458010152097631	0.0	0.21795580711353812	0.0	0.21795580711353812	0.0	0.21795580711353812	0.0	1.4219320663191217	1.6102279539420445	0.0	0.0	1.74114275248907	0.0	0.4706134945628856	0.0	0.0	0.21795580711353812	0.6911489077819493	0.0	0.0	2.5779379932786384	0.0	0.0	0.21795580711353812	0.0	0.0	0.0	0.0	0.0	3.107590773862208	0.0	0.21795580711353812	0.21795580711353812	0.0	0.0	0.0	3.1506768015874225	0.9122077449449804	0.0	2.5719116180233605	0.4706134945628856	0.0	2.768610387105387	0.0	0.0	0.3624046968978727	0.0	1.8692369731636767	0.0	1.4110834228173854	0.4706134945628856	0.0	0.0	0.0	0.4706134945628856	0.0	0.0	0.0	2.936828623148748	1.3264506655547461	0.0	0.8367128669219033	0.0	0.7452743920161353	0.0	1.534552515486244	0.0	0.21795580711353812	0.0	0.0	0.21795580711353812	1.9800492427733152	1.0053998313215584	0.0	0.0	2.361311452136846	1.4219320663191217	0.0	0.0	0.0	0.0	1.0324940786725127	1.2539830634105715	0.0	3.655002185329731	0.0	0.6293044313651865	0.21795580711353812	0.0	0.9122077449449804	0.0	0.0	0.21795580711353812	0.0	0.0	0.0	1.0820846584959143	0.0	0.0	0.21795580711353812	0.0	0.557167191496348	1.4110834228173854	0.3624046968978727	0.4706134945628856	3.382843774615167	0.0	1.668624055996888	0.21795580711353812	0.0	0.21795580711353812	0.3624046968978727	0.0	0.0	0.0	0.0	0.7933956853814284	0.4706134945628856	4.341695397749541	0.0	1.9618922744045855	1.0324940786725127	0.21795580711353812	0.3624046968978727	0.0	0.0	0.21795580711353812	0.0	0.0	0.0	0.0	0.0	1.0053998313215584	0.0	0.0	0.0	0.21795580711353812	0.0	0.3624046968978727	0.3624046968978727	0.0	0.21795580711353812	0.0	0.0	0.7452743920161353	0.0	3.686297577052169	1.126588537682533	1.147239465014854	0.0	0.0	0.557167191496348	0.876098685863965	0.3624046968978727	0.0	0.0	0.0	0.21795580711353812	0.0	2.840861634226753	0.0	0.0	0.0	3.220741318916308	1.126588537682533	0.21795580711353812	0.6293044313651865	0.0	0.0	1.2038825555546977	1.3999568228619064	0.0	1.9917454218349444	0.3624046968978727	2.10754835946102	0.21795580711353812	0.0	0.0	0.0	1.534552515486244	0.21795580711353812	0.557167191496348	3.7091753036942965	0.21795580711353812	0.0	0.0	0.0	0.6293044313651865	0.9455436436290798	1.9946209029420614	0.557167191496348	0.0	1.147239465014854	0.0	0.0	2.277307466708386	0.3624046968978727	0.21795580711353812	3.78587451419997	0.0	0.0	4.410592174185691	0.0	0.0	0.0	0.0	0.0	0.21795580711353812	0.0	0.557167191496348	0.0	0.0	0.0	0.0	0.557167191496348	0.0	0.21795580711353812	0.0	0.0	0.21795580711353812	1.3264506655547461	1.7850807278173968	1.6563087986474292	0.3624046968978727	0.4706134945628856	0.3624046968978727	0.4706134945628856	0.6293044313651865	0.9765021244781994	0.0	1.2379166155260257	3.4077876084668675	0.7933956853814284	0.21795580711353812	0.21795580711353812	0.0	1.4529410079201872	0.21795580711353812	1.0324940786725127	0.0	0.0	1.2844357825992134	0.0	0.7452743920161353	0.0	0.0	0.0	0.0	0.21795580711353812	0.557167191496348	0.0	0.9455436436290798	3.01945914870377	0.7933956853814284	1.534552515486244	0.0	0.0	0.0	0.0	0.21795580711353812	0.557167191496348	0.0
