SAMPLE_ID	Acetobacteraceae	Acholeplasmataceae	Acidaminococcaceae	Acidiferrobacteraceae	Acidimicrobiaceae	Acidithiobacillaceae	Acidobacteriaceae	Acidothermaceae	Actinomycetaceae	Actinopolysporaceae	Aerococcaceae	Aeromonadaceae	Akkermansiaceae	Alcaligenaceae	Alcanivoracaceae	Alicyclobacillaceae	Alteromonadaceae	Amoebophilaceae	Anaerohalosphaeraceae	Anaerolineaceae	Anaeromyxobacteraceae	Anaplasmataceae	Aphanizomenonaceae	Aphanothecaceae	Aquificaceae	Archangiaceae	Ardenticatenaceae	Atopobiaceae	Aurantimonadaceae	Azonexaceae	Bacillaceae	Bacteriovoracaceae	Bacteroidaceae	Baekduiaceae	Barnesiellaceae	Bartonellaceae	Bdellovibrionaceae	Beijerinckiaceae	Bernardetiaceae	Beutenbergiaceae	Bifidobacteriaceae	Blattabacteriaceae	Bogoriellaceae	Borreliaceae	Bradymonadaceae	Bradyrhizobiaceae	Brevibacteriaceae	Brucellaceae	Bryobacteraceae	Budviciaceae	Burkholderiaceae	Caedimonadaceae	Caldilineaceae	Caldisericaceae	Calditrichaceae	Calotrichaceae	Campylobacteraceae	Candidatus Babeliaceae	Candidatus Brocadiaceae	Candidatus Chazhemtobacteraceae	Candidatus Deianiraeaceae	Candidatus Desulfofervidaceae	Candidatus Midichloriaceae	Candidatus Nanopelagicaceae	Candidatus Nanosynbacteraceae	Candidatus Paracaedibacteraceae	Cardiobacteriaceae	Carnobacteriaceae	Casimicrobiaceae	Caulobacteraceae	Cellulomonadaceae	Cellvibrionaceae	Chamaesiphonaceae	Chelatococcaceae	Chitinophagaceae	Chlamydiaceae	Chlorobiaceae	Chloroflexaceae	Christensenellaceae	Chromatiaceae	Chromobacteriaceae	Chroococcaceae	Chthonomonadaceae	Clostridiaceae	Clostridiales Family XIII. Incertae Sedis	Clostridiales Family XVI. Incertae Sedis	Clostridiales Family XVII. Incertae Sedis	Colwelliaceae	Comamonadaceae	Conexibacteraceae	Coprothermobacteraceae	Coriobacteriaceae	Corynebacteriaceae	Coxiellaceae	Crocinitomicaceae	Cyanothecaceae	Cyclobacteriaceae	Cytophagaceae	Deferribacteraceae	Dehalococcoidaceae	Deinococcaceae	Dermabacteraceae	Dermacoccaceae	Dermatophilaceae	Dermocarpellaceae	Desulfarculaceae	Desulfobacteraceae	Desulfobulbaceae	Desulfohalobiaceae	Desulfomicrobiaceae	Desulfovibrionaceae	Desulfurellaceae	Desulfuromonadaceae	Dictyoglomaceae	Dietziaceae	Dysgonomonadaceae	Ectothiorhodospiraceae	Eggerthellaceae	Egibacteraceae	Egicoccaceae	Elusimicrobiaceae	Emcibacteraceae	Endomicrobiaceae	Endozoicomonadaceae	Enterobacteriaceae	Enterococcaceae	Entomoplasmataceae	Erwiniaceae	Erysipelotrichaceae	Erythrobacteraceae	Eubacteriaceae	Euzebyaceae	Ferrimonadaceae	Fervidobacteriaceae	Fibrobacteraceae	Fimbriimonadaceae	Flammeovirgaceae	Flavobacteriaceae	Francisellaceae	Frankiaceae	Fulvivirgaceae	Fusobacteriaceae	Gallionellaceae	Gemmataceae	Gemmatimonadaceae	Geobacteraceae	Geodermatophilaceae	Gloeobacteraceae	Gloeomargaritaceae	Glycomycetaceae	Gomontiellaceae	Gordoniaceae	Gottschalkiaceae	Granulosicoccaceae	Hafniaceae	Hahellaceae	Halanaerobiaceae	Halieaceae	Haliscomenobacteraceae	Halobacteriovoraceae	Halobacteroidaceae	Halomonadaceae	Halorubraceae	Halothiobacillaceae	Helicobacteraceae	Heliobacteriaceae	Holosporaceae	Hungateiclostridiaceae	Hydrogenophilaceae	Hydrogenothermaceae	Hymenobacteraceae	Hyphomicrobiaceae	Hyphomonadaceae	Iamiaceae	Ichthyobacteriaceae	Idiomarinaceae	Ignavibacteriaceae	Immundisolibacteraceae	Intrasporangiaceae	Isosphaeraceae	Jiangellaceae	Jonesiaceae	Kangiellaceae	Kiritimatiellaceae	Kofleriaceae	Kordiimonadaceae	Kosmotogaceae	Ktedonosporobacteraceae	Labilitrichaceae	Lachnospiraceae	Lacipirellulaceae	Lactobacillaceae	Legionellaceae	Leptolyngbyaceae	Leptospiraceae	Leptotrichiaceae	Leuconostocaceae	Lichenihabitantaceae	Limnochordaceae	Listeriaceae	Litoricolaceae	Magnetococcaceae	Marinifilaceae	Marinilabiliaceae	Mariprofundaceae	Marivirgaceae	Melioribacteraceae	Mesoaciditogaceae	Methanobacteriaceae	Methanocorpusculaceae	Methanomassiliicoccaceae	Methanoregulaceae	Methanosarcinaceae	Methylacidiphilaceae	Methylobacteriaceae	Methylococcaceae	Methylocystaceae	Methylophilaceae	Microbacteriaceae	Microbulbiferaceae	Micrococcaceae	Microcoleaceae	Microcystaceae	Micromonosporaceae	Moraxellaceae	Morganellaceae	Moritellaceae	Muribaculaceae	Mycobacteriaceae	Mycoplasmataceae	Myxococcaceae	Nakamurellaceae	Natranaerobiaceae	Nautiliaceae	Neisseriaceae	Nitrosomonadaceae	Nitrosopumilaceae	Nitrososphaeraceae	Nitrospiraceae	Nocardiaceae	Nocardioidaceae	Nostocaceae	Oceanospirillaceae	Odoribacteraceae	Opitutaceae	Orbaceae	Oscillatoriaceae	Oscillospiraceae	Oxalobacteraceae	Paenibacillaceae	Paludibacteraceae	Parachlamydiaceae	Parvularculaceae	Pasteurellaceae	Pectobacteriaceae	Pelagibacteraceae	Peptococcaceae	Peptoniphilaceae	Peptostreptococcaceae	Petrotogaceae	Phycisphaeraceae	Phyllobacteriaceae	Pirellulaceae	Piscirickettsiaceae	Planctomycetaceae	Planococcaceae	Polyangiaceae	Porphyromonadaceae	Prevotellaceae	Prochloraceae	Prochlorotrichaceae	Prolixibacteraceae	Promicromonosporaceae	Propionibacteriaceae	Pseudanabaenaceae	Pseudoalteromonadaceae	Pseudomonadaceae	Pseudonocardiaceae	Psychromonadaceae	Puniceicoccaceae	Rhizobiaceae	Rhodanobacteraceae	Rhodobacteraceae	Rhodobiaceae	Rhodocyclaceae	Rhodospirillaceae	Rhodothermaceae	Rickettsiaceae	Rikenellaceae	Rivulariaceae	Roseiflexaceae	Roseivirgaceae	Ruaniaceae	Rubrobacteraceae	Ruminococcaceae	Saccharospirillaceae	Salinivirgaceae	Sandaracinaceae	Sanguibacteraceae	Saprospiraceae	Schleiferiaceae	Scytonemataceae	Sedimentisphaeraceae	Segniliparaceae	Selenomonadaceae	Shewanellaceae	Silvanigrellaceae	Simkaniaceae	Sinobacteraceae	Solibacteraceae	Sphaerobacteraceae	Sphingobacteriaceae	Sphingomonadaceae	Spirochaetaceae	Spiroplasmataceae	Spongiibacteraceae	Sporomusaceae	Staphylococcaceae	Steroidobacteraceae	Sterolibacteriaceae	Streptococcaceae	Streptomycetaceae	Succinivibrionaceae	Sulfuricellaceae	Sulfurovaceae	Sutterellaceae	Symbiobacteriaceae	Synechococcaceae	Synergistaceae	Syntrophaceae	Syntrophobacteraceae	Syntrophomonadaceae	Tannerellaceae	Tenuifilaceae	Tepidanaerobacteraceae	Tepidiformaceae	Thermaceae	Thermoactinomycetaceae	Thermoanaerobacteraceae	Thermoanaerobacterales Family III. Incertae Sedis	Thermoanaerobacterales Family IV. Incertae Sedis	Thermodesulfobacteriaceae	Thermodesulfobiaceae	Thermoguttaceae	Thermomicrobiaceae	Thermomonosporaceae	Thermotogaceae	Thioalkalibacteraceae	Thioalkalispiraceae	Thiobacillaceae	Thiotrichaceae	Thiovulaceae	Tissierellaceae	Trueperaceae	Tsukamurellaceae	Vallitaleaceae	Veillonellaceae	Verrucomicrobiaceae	Vibrionaceae	Vicinamibacteraceae	Vulgatibacteraceae	Weeksellaceae	Wenzhouxiangellaceae	Woeseiaceae	Xanthobacteraceae	Xanthomonadaceae	Yersiniaceae	Zoogloeaceae
SRR11292124	0.0	0.0	3.0578081115905	0.0	0.0	0.0	0.0	0.0	0.0	0.33023013087130676	0.33023013087130676	0.33023013087130676	0.515634197223531	0.9529699499121865	0.0	0.0	0.33023013087130676	0.0	0.0	0.33023013087130676	0.33023013087130676	0.0	0.0	0.0	0.0	0.0	0.0	0.0	0.0	0.0	0.7447920291732532	0.0	4.184276255884397	0.0	0.0	0.0	0.0	0.0	0.0	0.0	0.6451555052021724	0.6451555052021724	0.0	0.0	0.0	0.0	0.0	0.0	0.0	0.0	1.9479742296001186	0.0	0.33023013087130676	0.0	0.0	0.0	0.0	0.0	0.0	0.33023013087130676	0.0	0.0	0.0	0.0	0.0	0.0	0.0	0.0	0.0	0.515634197223531	0.0	0.33023013087130676	0.0	0.0	1.0931047051377512	0.0	0.33023013087130676	0.0	0.0	0.0	0.33023013087130676	0.0	0.0	2.933284598089479	1.1312993424000828	0.0	0.0	0.0	1.2573528352058008	0.0	0.0	1.004869799148121	0.0	0.0	0.0	0.0	0.0	0.33023013087130676	0.0	0.0	0.0	0.0	0.0	0.0	0.0	0.0	0.33023013087130676	0.0	0.0	0.0	2.962829295502848	0.0	0.0	0.0	0.0	1.1312993424000828	0.0	0.7447920291732532	0.0	0.0	0.0	0.7447920291732532	0.0	0.0	1.2573528352058008	0.0	0.0	0.0	1.0931047051377512	0.9529699499121865	1.9366752987837788	0.0	0.0	0.0	0.0	0.0	0.0	2.4542878845073752	0.0	0.0	0.0	4.20817128657472	0.33023013087130676	0.0	0.0	0.8257814858921365	0.0	0.0	0.0	0.0	0.0	0.0	0.0	0.0	0.0	0.0	0.0	0.0	0.0	0.0	0.0	0.33023013087130676	0.0	0.0	0.515634197223531	0.0	0.0	0.515634197223531	0.0	0.0	0.6451555052021724	0.0	1.1988834859021762	0.0	0.0	0.0	0.0	0.0	0.0	0.0	0.0	0.0	0.0	0.0	0.0	0.0	0.0	0.0	0.0	3.889444207771813	0.0	0.8257814858921365	0.0	0.0	0.0	0.33023013087130676	0.515634197223531	0.0	0.0	0.0	0.0	0.0	0.0	0.0	0.0	0.0	1.4345559964035657	0.0	0.0	0.0	0.0	0.0	0.0	0.0	0.0	0.0	0.0	0.0	0.33023013087130676	0.0	0.7447920291732532	0.0	0.0	0.0	0.7447920291732532	0.0	0.0	0.33023013087130676	0.0	0.9529699499121865	0.33023013087130676	0.0	0.0	0.0	1.229101389158934	0.0	0.0	0.0	0.0	0.0	0.0	0.0	0.0	2.549149890171627	0.0	0.0	0.0	2.3722741324193724	1.5018199501889504	0.515634197223531	0.33023013087130676	0.0	0.0	0.0	0.33023013087130676	0.0	0.0	0.0	1.1664047554287635	0.0	0.0	0.0	0.33023013087130676	0.33023013087130676	0.0	0.0	0.0	0.0	2.505077608494823	0.33023013087130676	0.0	0.0	0.0	0.0	0.0	0.0	0.515634197223531	0.0	0.0	0.0	0.0	0.0	0.0	0.0	0.33023013087130676	0.33023013087130676	0.0	0.0	3.2488146059708445	0.0	0.0	0.0	0.0	0.0	2.6541213014995595	0.0	0.0	0.0	0.0	0.0	0.0	0.0	0.0	0.0	0.33023013087130676	0.515634197223531	0.0	0.0	0.0	0.0	0.0	0.8257814858921365	0.0	0.0	0.7447920291732532	0.0	0.0	0.33023013087130676	0.0	0.0	2.170095278395238	0.0	0.0	0.0	0.0	2.135299144073982	0.0	0.0	0.0	0.0	0.33023013087130676	0.0	3.278203219075448	0.0	0.0	0.0	0.33023013087130676	0.0	0.0	0.0	0.0	0.0	0.0	0.0	0.0	0.0	0.0	0.0	0.0	0.33023013087130676	0.0	0.0	0.0	0.0	0.0	0.33023013087130676	0.7447920291732532	0.0	0.0	0.0	0.0	0.0	0.0	0.0	0.0	0.8257814858921365	0.0	0.0
SRR11292125	0.5136668763988982	0.6429649375281128	0.3287234575802493	0.3287234575802493	0.0	0.0	0.0	0.0	1.196229600074849	0.0	0.5136668763988982	0.9504529564900144	3.524707451218269	1.048643129799699	0.0	0.0	0.3287234575802493	0.0	0.0	1.3298119977054572	0.0	0.0	0.0	0.0	0.0	0.0	0.0	1.6321780269442443	0.0	0.0	0.6429649375281128	0.8915442934636266	4.019721758889233	0.0	0.0	0.0	0.0	0.0	0.0	0.0	2.3062969813642793	0.3287234575802493	0.0	0.0	0.0	0.0	0.0	0.0	0.0	0.0	1.9163563997182076	0.0	0.6429649375281128	0.0	0.0	0.0	0.3287234575802493	0.0	0.0	0.8233721979500792	0.0	0.0	0.0	0.0	0.0	0.0	0.0	1.2811923590748444	0.0	0.8915442934636266	0.0	0.0	0.0	0.0	1.3298119977054572	0.0	0.3287234575802493	0.0	0.8233721979500792	0.5136668763988982	0.0	0.0	0.0	2.132486274505613	1.3298119977054572	0.0	0.3287234575802493	0.0	1.0023171449181907	0.0	0.0	0.0	0.0	0.0	0.0	0.0	0.3287234575802493	0.5136668763988982	0.0	0.0	0.9504529564900144	0.0	0.0	0.0	0.0	0.0	0.0	0.3287234575802493	0.0	0.0	0.8233721979500792	0.0	0.0	0.0	0.0	0.8915442934636266	0.0	1.0905003938013973	0.0	0.0	0.0	0.7424696949973246	0.0	0.0	2.389953152842119	0.6429649375281128	0.3287234575802493	1.0905003938013973	1.5837163801079341	1.2264354204323697	1.196229600074849	0.0	0.0	0.0	1.6434932406388303	0.0	0.0	3.0665145242420055	0.5136668763988982	0.3287234575802493	0.0	1.2264354204323697	0.0	0.0	0.0	1.048643129799699	0.0	0.3287234575802493	0.0	0.0	0.0	0.0	0.0	0.0	0.0	0.0	0.0	0.0	0.6429649375281128	0.3287234575802493	0.0	0.6429649375281128	0.0	0.0	0.0	0.3287234575802493	0.0	2.2735299137494955	0.3287234575802493	0.0	0.7424696949973246	0.0	0.7424696949973246	1.0023171449181907	0.0	0.0	0.5136668763988982	0.3287234575802493	0.0	0.0	0.0	0.0	0.0	0.0	0.0	0.0	1.9281132927225135	0.6429649375281128	0.0	3.94625969869225	0.0	1.5837163801079341	0.0	0.0	0.0	0.0	1.5837163801079341	0.0	0.3287234575802493	0.0	0.0	0.0	0.5136668763988982	0.0	0.0	0.0	2.0169645413322734	0.0	0.0	0.0	0.0	0.0	0.0	0.0	0.0	0.0	0.0	0.0	0.0	0.0	1.048643129799699	0.0	0.0	0.0	2.815566763450031	1.0023171449181907	0.0	0.7424696949973246	0.0	1.048643129799699	0.3287234575802493	0.0	0.0	0.0	0.5136668763988982	0.0	0.0	0.0	0.3287234575802493	0.8915442934636266	0.0	0.0	0.3287234575802493	2.226573334289406	0.0	0.0	0.0	2.8439296166737047	0.8915442934636266	0.8233721979500792	0.0	0.0	0.0	0.8233721979500792	0.5136668763988982	1.0905003938013973	1.0905003938013973	0.6429649375281128	1.8658615488088057	0.0	0.0	0.6429649375281128	0.0	1.0023171449181907	0.0	0.0	0.5136668763988982	0.0	2.774616023830608	0.0	0.0	0.0	0.0	0.0	0.0	0.0	1.048643129799699	0.0	0.0	0.0	0.6429649375281128	0.3287234575802493	0.3287234575802493	0.0	0.0	0.8915442934636266	0.0	0.0	3.3746789093616285	0.0	0.0	0.3287234575802493	0.0	0.0	3.646999541405505	0.0	0.0	0.0	0.0	0.0	0.0	0.0	0.3287234575802493	0.0	0.7424696949973246	1.048643129799699	0.0	0.0	0.0	0.3287234575802493	0.0	1.1637648286161988	0.0	0.0	1.9976343853987202	0.0	0.3287234575802493	0.6429649375281128	0.0	0.0	4.05053929750605	0.3287234575802493	0.0	0.0	0.0	1.0023171449181907	0.0	0.5136668763988982	1.4667516580972746	0.0	0.0	0.0	3.2093306835560673	0.0	0.0	0.0	0.0	0.3287234575802493	0.0	0.3287234575802493	0.3287234575802493	0.3287234575802493	0.0	0.0	0.0	0.0	0.0	0.0	0.0	0.0	0.0	0.0	0.0	0.7424696949973246	0.0	0.9504529564900144	2.8064535021460437	0.5136668763988982	0.9504529564900144	0.0	0.0	0.0	0.0	0.0	0.0	0.8233721979500792	1.196229600074849	0.0
SRR11292126	0.0	0.0	2.5188454742530006	0.0	0.0	0.0	0.0	0.9726002042242252	0.7155264576425289	0.0	0.0	1.3814510534335904	2.3688134303628035	0.3114515062995891	0.0	0.0	0.0	0.0	0.0	0.8628132915343947	0.0	0.0	0.0	0.0	0.0	0.0	0.3114515062995891	0.6175999536189797	0.0	0.0	1.1329918478976775	0.0	3.9294564830304672	0.0	0.0	0.0	0.0	0.0	0.0	0.0	2.0457148236627933	0.0	0.0	0.0	0.0	0.0	0.0	0.0	0.0	0.0	0.9726002042242252	0.0	0.7155264576425289	0.0	0.0	0.0	0.0	0.0	0.0	0.0	0.0	0.0	0.0	0.0	0.0	0.0	0.0	1.8528117517091418	0.0	0.3114515062995891	0.0	0.6175999536189797	0.0	0.0	1.0601587132168797	0.0	0.6175999536189797	0.3114515062995891	0.0	0.0	0.0	0.0	0.0	2.6679364486918318	1.5113110349173968	0.0	0.0	0.0	0.3114515062995891	0.0	0.0	0.0	0.0	0.0	0.0	0.0	0.3114515062995891	0.7155264576425289	0.0	0.0	0.0	0.0	0.0	0.0	0.0	0.0	0.0	0.3114515062995891	0.0	0.0	0.0	0.0	0.0	0.0	0.0	0.4909617603651899	0.0	1.5514856016624505	0.0	0.0	0.0	1.2234595805970454	0.0	0.0	2.3803464138479415	0.4909617603651899	0.0	0.9726002042242252	3.5743548688224744	0.0	2.0497945106091975	0.0	0.0	0.0	0.3114515062995891	0.0	0.0	2.7687508922343316	0.3114515062995891	0.9726002042242252	0.0	0.6175999536189797	0.0	0.0	0.0	0.3114515062995891	0.0	0.0	0.0	0.0	0.0	0.0	0.0	0.0	0.6175999536189797	0.6175999536189797	0.0	0.0	0.0	0.0	0.0	0.3114515062995891	0.0	0.0	0.0	0.3114515062995891	0.3114515062995891	0.9726002042242252	0.0	0.0	0.0	0.3114515062995891	0.0	0.0	0.0	0.0	0.0	0.3114515062995891	0.0	0.0	0.0	0.0	0.0	0.0	0.0	0.0	0.3114515062995891	0.3114515062995891	0.0	4.4286852622493305	0.3114515062995891	1.497048930718158	0.3114515062995891	0.0	0.0	0.3114515062995891	1.0981003001577956	0.0	0.0	0.0	0.0	0.0	0.0	0.0	0.0	0.0	2.2560102580782435	0.0	0.0	0.0	0.0	0.0	0.0	0.0	0.0	0.0	0.0	0.0	0.0	0.0	1.0185823255945659	0.0	0.0	0.0	1.5998526463131748	0.4909617603651899	0.0	0.4909617603651899	0.0	0.795384045015794	0.0	0.0	0.0	0.0	0.3114515062995891	0.3114515062995891	0.0	0.0	0.0	0.0	0.0	0.0	0.7155264576425289	0.4909617603651899	0.0	0.0	0.0	1.8528117517091418	1.0981003001577956	0.0	0.0	0.0	0.0	1.3206217245726688	0.3114515062995891	0.3114515062995891	0.9726002042242252	0.3114515062995891	1.7761205577991948	0.0	0.0	0.6175999536189797	0.0	1.1652874504113713	0.3114515062995891	0.0	0.0	0.0	1.5251196294383507	0.0	0.0	0.0	0.0	0.0	0.0	0.0	0.6175999536189797	0.0	0.0	0.0	0.0	0.0	0.0	0.0	0.3114515062995891	0.3114515062995891	0.0	0.0	1.7836797858713482	0.0	0.0	0.0	0.0	0.0	3.542906543452154	0.0	0.0	0.0	0.0	0.0	0.0	0.0	0.0	0.0	0.9726002042242252	1.643368819549753	0.0	0.0	0.0	0.0	0.0	0.6175999536189797	0.0	1.0185823255945659	0.0	0.0	0.0	0.6175999536189797	0.0	0.0	3.3760414373578187	0.0	0.0	0.0	0.0	0.0	0.0	0.0	0.6175999536189797	0.0	0.795384045015794	0.0	1.0601587132168797	0.4909617603651899	0.0	0.0	0.0	0.3114515062995891	0.0	0.0	0.3114515062995891	0.0	0.7155264576425289	0.0	0.0	0.0	0.795384045015794	0.0	0.0	0.0	0.0	0.0	0.0	0.0	0.0	1.6328916899346322	2.1442991436394885	0.0	0.795384045015794	0.0	0.0	0.0	0.0	0.0	0.0	0.0	1.0601587132168797	0.7155264576425289
SRR11292127	0.0	0.0	0.0	0.0	0.8945977336203214	0.0	0.0	0.0	1.3331501062509232	0.0	0.5160982792474007	1.4866010639333935	3.7512074501005377	0.5160982792474007	0.0	0.0	0.0	0.0	0.0	0.74533958091803	0.0	0.74533958091803	0.0	0.0	0.0	0.0	0.0	2.174089495752971	0.0	0.0	1.1670269072649677	2.4532116493260503	3.547309345322384	0.0	0.0	0.0	0.0	0.0	0.74533958091803	0.0	2.4601362295290476	0.5160982792474007	0.0	0.0	0.0	0.0	0.0	0.0	0.0	0.5160982792474007	1.763745265059766	0.0	0.5160982792474007	0.0	1.709247063388106	0.0	0.74533958091803	0.0	0.0	0.0	0.0	0.0	0.0	0.0	0.0	0.0	0.0	1.45301768270341	0.0	0.5160982792474007	0.0	0.0	0.0	0.0	1.229729655054512	0.0	0.0	0.0	1.3768862329595408	0.0	0.5160982792474007	0.0	0.0	2.53561601477497	0.74533958091803	0.0	0.5160982792474007	0.0	0.74533958091803	0.0	0.0	2.124955037544812	0.0	0.0	0.0	0.0	0.0	0.74533958091803	0.0	0.0	0.0	0.0	0.0	0.0	0.0	0.0	1.2845111298111624	0.74533958091803	0.0	0.0	1.0937184945231841	0.0	0.5160982792474007	0.0	0.0	1.4166180484130044	0.74533958091803	1.1670269072649677	0.0	0.0	0.0	1.0054714580314668	0.0	0.0	2.6097456880097027	0.0	0.0	1.0937184945231841	3.1884858531224602	0.0	1.1670269072649677	0.0	0.0	0.0	1.0054714580314668	0.0	0.5160982792474007	3.081251945170448	0.5160982792474007	0.74533958091803	0.0	1.57411380738309	0.0	0.0	0.0	0.74533958091803	0.0	0.74533958091803	0.0	0.5160982792474007	0.0	0.0	0.0	0.0	0.74533958091803	0.0	0.0	0.0	0.74533958091803	0.5160982792474007	0.0	0.5160982792474007	0.0	0.5160982792474007	0.5160982792474007	0.0	0.0	3.164056307968579	0.0	0.0	0.74533958091803	0.0	0.0	0.0	0.0	0.0	0.74533958091803	0.0	0.0	0.0	0.0	0.0	0.0	0.0	0.0	0.0	0.0	0.5160982792474007	0.0	4.084286711235708	0.0	1.4866010639333935	0.5160982792474007	0.0	0.0	0.0	1.0054714580314668	0.0	0.74533958091803	0.0	0.0	0.0	0.0	0.0	0.0	0.5160982792474007	1.5177728589981712	0.0	0.0	0.0	0.0	0.0	0.0	0.0	0.0	0.0	0.0	0.0	0.0	0.0	0.5160982792474007	0.0	0.0	0.0	1.7804907255943383	1.0937184945231841	0.0	0.0	0.0	1.0054714580314668	0.0	0.0	0.0	0.0	0.0	0.0	0.0	0.0	0.0	0.0	0.0	0.5160982792474007	3.1272199192321386	1.796614417118296	0.0	0.0	0.0	3.3861934045255606	1.4866010639333935	0.74533958091803	0.0	0.0	0.0	0.0	0.74533958091803	0.0	0.8945977336203214	0.74533958091803	2.6145863385203705	0.0	0.5160982792474007	0.0	0.0	1.2845111298111624	0.0	0.0	0.0	0.74533958091803	0.0	0.0	0.0	0.0	0.0	0.0	0.0	0.0	1.0054714580314668	0.0	0.0	0.0	0.5160982792474007	0.0	0.0	0.0	0.74533958091803	0.5160982792474007	0.0	0.0	2.8076408360038507	0.0	0.0	0.0	0.0	0.0	4.069342308516932	0.0	0.0	0.8945977336203214	0.0	0.0	0.0	0.0	0.0	0.0	1.0937184945231841	1.1670269072649677	0.0	0.0	0.0	0.0	0.0	1.2845111298111624	0.0	0.74533958091803	0.0	0.0	0.0	0.8945977336203214	0.0	0.0	3.1474421816315434	0.0	0.0	0.0	0.0	1.2845111298111624	0.0	0.0	0.8945977336203214	0.0	0.0	0.0	2.1395697112472543	0.0	0.0	0.0	0.5160982792474007	0.0	0.0	0.5160982792474007	0.0	0.0	0.74533958091803	0.0	0.0	0.0	0.0	0.0	0.0	0.0	0.74533958091803	0.0	0.0	0.0	0.0	1.3768862329595408	3.304925209290149	1.1670269072649677	0.5160982792474007	0.0	0.0	0.0	0.0	0.0	0.0	0.74533958091803	1.1670269072649677	0.0
SRR11292128	1.1887698130479971	0.0	3.2174102661159023	0.0	0.3078680748461131	0.0	0.3078680748461131	0.486214975050013	1.393224361706789	0.0	0.3078680748461131	0.486214975050013	2.587565796578981	0.3078680748461131	0.0	0.3078680748461131	0.0	0.0	0.0	0.0	0.0	0.0	0.0	0.0	0.0	0.0	0.3078680748461131	1.8584772939560459	0.3078680748461131	0.0	0.6122771541294568	0.0	3.39123499771086	0.0	0.0	0.0	0.0	0.0	0.3078680748461131	0.0	0.7894889570073852	1.3351527795314886	0.0	0.0	0.0	0.0	0.0	0.0	0.0	0.0	0.486214975050013	0.0	0.0	0.0	0.0	0.0	0.3078680748461131	0.0	0.0	0.0	0.0	0.0	0.0	0.0	0.0	0.0	0.0	0.7894889570073852	0.0	0.0	0.0	0.0	0.3078680748461131	0.0	1.0537465651840017	0.0	0.486214975050013	0.0	0.0	0.0	0.0	0.0	0.0	1.9479132285523422	1.615296012222739	0.0	0.3078680748461131	0.0	0.3078680748461131	0.0	0.0	0.0	0.0	0.0	0.0	0.0	0.3078680748461131	2.2093847042523995	0.0	0.0	0.0	0.0	0.0	0.0	0.0	0.0	0.0	0.0	0.0	0.0	0.0	0.0	0.0	0.0	0.0	0.3078680748461131	0.0	1.1887698130479971	0.0	0.0	0.0	0.9149868832002884	0.0	0.0	1.5045006590444872	0.7098598403113009	0.0	0.0	3.062000011056188	0.0	0.7098598403113009	0.0	0.0	0.0	0.0	0.0	0.7098598403113009	1.2680997869173718	0.0	0.7098598403113009	0.0	0.3078680748461131	0.0	0.0	0.0	0.3078680748461131	0.0	0.0	0.0	0.0	0.0	0.0	0.0	0.0	0.0	0.0	0.0	0.0	0.6122771541294568	0.0	0.0	0.0	0.0	0.0	0.0	0.0	0.3078680748461131	2.9806354793415775	0.0	0.0	0.0	0.0	0.0	0.0	0.0	0.0	0.3078680748461131	0.0	0.0	0.0	0.0	0.0	0.0	0.0	0.0	0.0	0.0	0.0	0.0	4.3512284349238035	0.0	2.1657644051774656	0.3078680748461131	0.0	0.0	0.0	0.486214975050013	0.0	0.0	0.0	0.0	0.0	0.0	0.0	0.0	0.0	2.0548413684251576	0.0	0.0	0.0	0.0	0.0	0.0	0.0	0.0	0.0	0.0	0.0	0.0	0.0	0.9149868832002884	0.486214975050013	0.0	0.0	1.5695013794559136	0.0	0.0	0.3078680748461131	0.0	0.7098598403113009	0.0	0.0	0.0	0.486214975050013	0.3078680748461131	0.3078680748461131	0.0	0.0	0.0	0.0	0.0	0.0	0.0	1.5572563103965338	0.0	0.0	0.0	2.9455206462034433	0.3078680748461131	0.9149868832002884	0.0	0.3078680748461131	0.0	2.593318594290116	0.0	0.0	1.2168543155502902	0.486214975050013	0.9663256422897483	0.0	0.0	0.0	0.0	0.0	0.3078680748461131	0.0	0.0	0.0	2.4367656125196246	0.0	0.0	0.0	0.0	0.0	0.0	0.0	0.6122771541294568	0.0	0.0	0.0	0.0	0.0	0.0	0.0	0.0	0.3078680748461131	0.3078680748461131	0.0	3.6975145225111756	0.0	0.0	0.0	0.0	0.0	3.9041012307737084	0.0	0.0	0.3078680748461131	0.0	0.0	0.0	0.0	0.0	0.0	0.7894889570073852	0.0	0.0	0.0	0.0	0.0	0.0	0.486214975050013	0.9149868832002884	0.0	0.7098598403113009	0.0	0.0	0.6122771541294568	0.0	0.0	3.4255212213689274	0.0	0.0	0.0	0.0	2.2711749124504204	0.0	0.0	0.3078680748461131	0.3078680748461131	0.0	0.0	2.4384015647710915	0.0	0.0	0.0	0.0	0.0	0.0	0.0	0.0	0.0	0.3078680748461131	0.0	0.0	0.0	0.486214975050013	0.0	0.0	0.0	0.6122771541294568	0.0	0.0	0.0	0.0	1.1887698130479971	2.684714512800781	0.486214975050013	0.0	0.0	0.0	0.0	0.0	0.0	0.0	0.0	0.0	0.0
SRR11292129	0.41985613528091714	0.0	2.178702215200386	0.0	0.0	0.0	1.6686012517897624	0.0	0.41985613528091714	0.0	0.6292865991999439	1.3128701927260185	2.7313477450024672	0.7699818518621419	0.0	0.0	0.0	0.0	0.0	0.0	0.0	0.0	0.0	0.0	0.0	0.0	0.0	0.0	0.0	0.0	0.7699818518621419	0.0	4.130299131427335	0.0	0.0	0.0	0.0	0.0	0.0	0.0	1.9873731202981781	0.0	0.0	0.0	0.0	1.7119025253981073	0.0	0.0	0.0	0.0	2.0906274954249646	0.0	0.0	0.0	0.0	0.0	0.8760784816942904	0.0	0.0	0.0	0.0	0.0	0.0	0.0	0.0	0.0	0.0	1.147217821342877	0.0	0.7699818518621419	0.0	0.41985613528091714	0.0	0.0	1.1949185189494225	0.41985613528091714	0.0	0.0	0.0	0.0	0.0	0.0	0.0	1.8711223982308312	0.41985613528091714	0.0	0.41985613528091714	0.0	0.0	0.0	0.0	1.1949185189494225	0.0	0.0	0.0	0.0	0.41985613528091714	0.41985613528091714	0.0	0.0	0.0	0.0	0.0	0.0	0.0	0.0	0.41985613528091714	0.0	0.0	0.0	0.7699818518621419	0.0	0.0	0.0	0.0	0.41985613528091714	0.0	0.8760784816942904	0.0	0.0	0.0	0.41985613528091714	0.0	0.0	2.1833663896891014	0.0	0.0	1.1949185189494225	1.763644256600174	0.41985613528091714	1.50458692799807	0.0	0.0	0.0	0.0	0.0	0.41985613528091714	1.3767877694074286	0.0	0.0	0.0	4.002495967591964	0.41985613528091714	0.0	0.0	0.0	0.0	0.0	0.0	0.0	0.0	0.0	0.0	0.41985613528091714	0.41985613528091714	0.0	0.0	0.0	0.41985613528091714	0.0	0.0	0.0	0.0	0.0	0.0	0.0	0.0	0.0	0.0	0.0	0.8760784816942904	0.7699818518621419	0.8760784816942904	0.0	0.0	0.0	0.0	0.0	0.0	0.0	0.0	0.0	0.0	0.0	0.0	0.0	0.0	0.0	0.0	4.08972143646551	0.0	0.8760784816942904	0.0	0.0	0.0	0.6292865991999439	0.8760784816942904	0.0	0.41985613528091714	0.0	0.0	0.0	0.0	0.0	0.0	0.0	2.8658312820880747	0.0	0.0	0.0	0.0	0.0	0.0	0.0	0.0	0.0	0.0	0.0	0.0	0.0	1.6835198924598014	0.0	0.0	0.0	1.9572088449984728	1.0936239989947736	0.0	1.3767877694074286	0.41985613528091714	0.41985613528091714	0.0	0.0	0.0	0.0	0.8760784816942904	0.7699818518621419	0.0	1.653151847805437	1.3128701927260185	0.0	0.0	0.0	0.41985613528091714	0.9612779269212826	0.0	0.0	1.7119025253981073	0.41985613528091714	1.1949185189494225	1.3128701927260185	0.0	0.0	0.0	1.4324938597859822	0.41985613528091714	0.0	0.6292865991999439	0.41985613528091714	2.178702215200386	0.0	0.0	0.41985613528091714	0.0	0.6292865991999439	0.0	0.0	0.0	0.0	1.6979430304711145	0.0	0.0	0.0	0.0	0.0	0.0	0.0	2.466366384926376	0.0	0.0	0.0	1.653151847805437	0.41985613528091714	0.0	0.0	0.0	1.3460038102596081	0.0	0.0	2.584227451138239	0.0	0.0	0.0	0.0	1.147217821342877	2.913261210461572	0.6292865991999439	0.0	0.0	0.0	0.0	0.0	0.0	0.0	0.0	0.7699818518621419	0.0	0.0	0.0	0.0	0.0	0.0	0.8760784816942904	2.210346043888073	0.41985613528091714	0.41985613528091714	0.0	0.0	2.913261210461572	0.0	0.41985613528091714	3.092619670075339	0.0	0.41985613528091714	0.0	0.0	0.41985613528091714	0.0	0.0	0.7699818518621419	0.0	0.0	0.0	3.3060133718520865	0.41985613528091714	0.0	0.0	0.0	0.41985613528091714	0.0	0.41985613528091714	0.0	0.0	0.0	0.0	0.0	0.0	0.0	0.0	0.0	0.0	0.0	0.0	0.0	0.0	0.0	0.0	3.564906346235073	0.41985613528091714	0.7699818518621419	0.0	0.0	0.0	0.0	0.0	0.0	0.0	0.6292865991999439	0.0
SRR11292130	0.3322819902689652	0.0	2.595534943288842	0.0	0.5183100440548867	0.0	0.3322819902689652	0.3322819902689652	1.3125334920050336	0.0	0.3322819902689652	0.0	3.4593638273457836	0.0	0.0	0.0	0.0	0.0	0.0	0.0	0.0	0.0	0.0	0.0	0.0	0.0	0.0	0.648133199531597	0.0	0.0	0.5183100440548867	1.438260434706807	3.451317446980557	0.0	0.0	0.0	0.0	0.0	0.0	0.0	1.287524239941322	0.0	0.0	0.0	0.0	0.0	0.0	0.0	0.0	0.0	1.2609863294143921	0.0	0.0	0.0	0.0	0.0	0.3322819902689652	0.648133199531597	0.3322819902689652	0.0	0.0	0.0	0.0	0.0	0.0	0.0	0.3322819902689652	0.7479477111394024	0.0	0.0	0.0	0.648133199531597	0.0	0.0	1.3799308602687215	0.0	0.0	0.0	0.648133199531597	0.0	0.0	0.0	0.0	1.7494489472237518	1.8588497692864903	0.0	0.3322819902689652	0.0	0.5183100440548867	0.0	0.0	0.0	0.0	0.0	0.0	0.0	0.5183100440548867	0.648133199531597	0.0	0.0	0.5183100440548867	0.0	0.0	0.0	0.0	0.0	0.8290545538222958	0.0	0.0	0.0	1.3799308602687215	0.0	0.3322819902689652	0.0	0.0	0.7479477111394024	0.0	1.4002570503503542	0.0	0.0	0.0	0.7479477111394024	0.0	0.0	2.160328018278961	0.0	0.0	0.7479477111394024	2.630796584695907	0.0	1.4002570503503542	0.0	0.0	0.0	0.5183100440548867	0.0	0.3322819902689652	2.7627238962430294	0.0	0.0	0.0	1.287524239941322	0.0	0.0	0.0	0.0	0.0	0.5183100440548867	0.0	0.0	0.0	0.0	0.0	0.0	0.3322819902689652	0.0	0.0	0.0	0.0	0.0	0.0	0.0	0.0	0.0	0.0	0.0	0.0	2.7763001470779423	0.3322819902689652	0.0	0.0	1.1699889142094269	0.0	0.0	0.648133199531597	0.0	0.0	0.0	0.0	0.0	0.0	0.0	0.0	0.0	0.0	0.0	0.0	0.0	0.0	3.8923946386641917	0.3322819902689652	0.8290545538222958	0.0	0.0	0.0	0.0	0.5183100440548867	0.0	0.0	0.0	0.0	0.0	0.0	0.0	0.0	0.0	1.7836158169258205	0.0	0.0	0.0	0.0	0.0	0.0	0.0	0.0	0.0	0.0	0.0	0.0	0.0	0.956388341690763	0.0	0.0	0.0	2.6741098562144687	0.5183100440548867	0.0	0.0	0.0	0.648133199531597	0.0	0.0	0.0	0.0	0.3322819902689652	0.0	0.0	0.0	0.0	0.0	0.0	0.0	0.0	2.1705576024537514	0.0	0.0	0.0	2.780457139937467	1.0966408502990608	1.1699889142094269	0.3322819902689652	0.3322819902689652	0.0	1.5772069664354937	0.5183100440548867	0.0	0.897371561083214	0.0	2.1052199042035733	0.0	0.0	0.0	0.0	0.3322819902689652	0.5183100440548867	0.0	0.0	0.0	4.336473271010816	0.0	0.0	0.0	0.0	0.5183100440548867	0.0	0.0	0.3322819902689652	0.0	0.0	0.0	0.0	0.0	0.0	0.0	0.3322819902689652	0.0	0.5183100440548867	0.0	3.4158319082871142	0.0	0.0	0.0	0.0	0.0	3.538953024410506	0.0	0.0	0.0	0.0	0.0	0.0	0.0	0.0	0.0	0.0	0.0	0.0	0.0	0.0	0.0	0.0	1.2024864604640373	0.0	0.0	0.3322819902689652	0.0	0.0	0.0	0.0	0.0	2.9892465270829414	0.3322819902689652	0.0	0.0	0.0	2.072694642576885	0.0	0.0	0.0	0.0	0.0	0.0	3.1935832233925447	0.3322819902689652	0.3322819902689652	0.0	0.0	0.0	0.0	0.0	0.0	0.0	0.0	0.0	0.0	0.0	0.0	0.0	0.0	0.3322819902689652	0.0	0.0	0.0	0.0	0.0	0.648133199531597	2.2668807343775526	0.0	0.3322819902689652	0.0	0.0	0.3322819902689652	0.0	0.0	0.0	0.5183100440548867	0.648133199531597	0.0
SRR11292131	0.2903464714181956	0.0	3.5645062757775143	0.0	0.0	0.2903464714181956	0.0	0.2903464714181956	1.1559312124635834	0.0	0.2903464714181956	0.6817478963068216	3.5943189205154353	0.4628173440011817	0.0	0.0	0.0	0.0	0.0	0.0	0.0	0.2903464714181956	0.0	0.0	0.0	0.0	0.2903464714181956	1.2805013053611802	0.4628173440011817	0.0	1.0217682896210851	0.0	3.9792334328859265	0.0	3.0487896830618624	0.0	0.0	0.0	0.0	0.0	1.3016379154903235	1.2805013053611802	0.0	0.0	0.0	0.0	0.0	0.0	0.0	0.0	0.9350639856612614	0.0	0.2903464714181956	0.0	0.0	0.0	0.0	0.0	0.0	0.0	0.0	0.0	0.0	0.0	0.0	0.0	0.0	1.5104944108868776	0.0	0.7601965188674471	0.0	0.5859345064478452	0.0	0.0	1.0217682896210851	0.0	0.6817478963068216	0.0	0.7601965188674471	0.5859345064478452	0.2903464714181956	0.0	0.0	2.461310050240442	1.1260732584115944	0.0	0.2903464714181956	0.0	0.7601965188674471	0.0	0.0	0.0	0.0	0.0	0.0	0.0	0.5859345064478452	0.8266192483094705	0.0	0.0	0.0	0.0	0.0	0.0	0.0	0.0	0.4628173440011817	0.2903464714181956	0.0	0.8842177347286742	3.1533099198417855	0.0	0.4628173440011817	0.0	0.0	0.6817478963068216	0.0	1.3941892593611207	0.0	0.0	0.2903464714181956	1.1559312124635834	0.0	0.0	2.4098094186477907	0.7601965188674471	0.0	1.4415258060710956	2.2089428963452606	1.4975491759204547	1.094010007948191	0.5859345064478452	0.0	0.0	0.4628173440011817	0.0	0.0	2.3401877771206028	0.2903464714181956	0.5859345064478452	0.0	2.0540968433466564	0.0	0.0	0.0	0.6817478963068216	0.0	0.0	0.0	0.5859345064478452	0.0	0.0	0.0	0.0	0.2903464714181956	0.0	0.0	0.0	0.5859345064478452	0.2903464714181956	0.0	0.0	0.0	0.0	0.6817478963068216	0.0	0.0	0.9805763034038909	0.0	0.0	0.4628173440011817	0.0	1.798243432106116	0.0	0.2903464714181956	0.0	0.0	0.2903464714181956	0.0	0.0	0.0	0.0	0.0	0.0	0.0	0.0	0.0	0.0	0.2903464714181956	4.092074643203237	0.0	1.1260732584115944	0.2903464714181956	0.0	0.2903464714181956	0.4628173440011817	0.8842177347286742	0.0	0.2903464714181956	0.0	0.0	0.0	0.0	0.0	0.0	0.0	1.9698158868030324	0.0	1.612347566010471	0.0	0.0	0.0	0.0	0.0	0.0	0.0	0.0	0.0	0.0	0.2903464714181956	1.829934191872542	0.0	0.0	0.0	2.673013511188425	1.1260732584115944	0.0	0.5859345064478452	0.2903464714181956	2.4453068262086672	0.0	0.0	0.0	0.0	0.5859345064478452	0.0	0.0	0.0	0.0	0.0	0.0	0.0	0.2903464714181956	2.5593466962201594	0.2903464714181956	0.0	0.0	2.608843323655194	0.4628173440011817	0.7601965188674471	0.0	0.0	0.0	1.8977087909868722	0.2903464714181956	0.0	0.4628173440011817	0.4628173440011817	1.7848899663365119	0.0	0.0	0.5859345064478452	0.0	0.9805763034038909	0.2903464714181956	0.0	0.0	0.2903464714181956	1.622320075233305	0.0	0.0	0.2903464714181956	0.0	0.0	0.0	0.0	0.9350639856612614	0.0	0.0	0.0	0.4628173440011817	0.0	0.0	0.0	0.0	1.0593895305144645	0.0	0.0	3.6580685163866145	0.0	0.0	0.0	0.0	0.0	3.6141538645828475	0.2903464714181956	0.0	0.2903464714181956	0.0	0.0	0.0	0.0	0.0	0.0	0.9350639856612614	0.9805763034038909	0.0	0.0	0.0	0.0	0.0	1.0593895305144645	0.6817478963068216	0.2903464714181956	0.2903464714181956	0.0	0.2903464714181956	0.0	0.0	0.0	3.359848804184741	0.0	0.0	0.0	0.0	2.6198882544974618	0.0	0.0	2.302751079859556	0.0	0.0	0.0	2.994582222701292	0.4628173440011817	0.0	0.2903464714181956	0.0	0.0	0.0	0.2903464714181956	0.0	0.0	0.0	0.0	0.0	0.0	0.0	0.0	0.0	0.2903464714181956	0.0	0.2903464714181956	0.0	0.0	0.0	0.6817478963068216	2.0754509503278604	0.4628173440011817	0.8266192483094705	0.0	0.0	0.5859345064478452	0.0	0.0	0.2903464714181956	0.5859345064478452	1.0593895305144645	0.0
SRR11292132	0.38960690596353426	0.0	0.0	0.0	0.0	0.0	0.0	0.0	0.9874396088482674	0.0	0.0	0.0	1.4336864144206385	0.0	0.0	0.0	0.0	0.38960690596353426	0.0	0.0	0.0	0.0	0.0	0.0	0.0	0.0	0.0	0.0	0.0	0.0	0.9171083408761387	0.0	3.5159689138800374	0.0	0.0	0.0	0.0	0.0	0.0	0.0	0.38960690596353426	0.5916183877676608	0.0	0.0	0.0	0.0	0.0	0.0	0.0	0.0	0.38960690596353426	0.0	0.0	0.0	0.0	0.0	0.0	0.0	0.0	0.0	0.0	0.0	0.0	0.0	0.0	0.0	0.0	0.7289592819089452	0.0	0.0	0.0	0.0	0.0	0.0	1.1010560744016802	0.0	0.0	0.0	0.0	0.0	0.0	0.0	0.0	1.945218794230116	0.9171083408761387	0.0	0.0	0.0	0.0	0.0	0.0	0.0	0.0	0.0	0.0	0.0	0.0	0.0	0.0	0.0	0.0	0.0	0.0	0.0	0.0	0.0	0.0	0.0	0.0	0.0	0.0	0.0	0.0	0.0	0.0	0.5916183877676608	0.0	2.0411423263862614	0.0	0.0	0.0	1.1010560744016802	0.0	0.0	0.7289592819089452	0.38960690596353426	0.0	0.0	2.7438216236012973	0.38960690596353426	1.749694176129276	0.0	0.0	0.0	0.5916183877676608	0.0	0.38960690596353426	1.649087868953321	0.0	0.7289592819089452	0.0	0.0	0.0	0.0	0.0	0.38960690596353426	0.0	0.0	0.0	0.0	0.0	0.0	0.0	0.38960690596353426	0.0	0.0	0.0	0.0	0.0	0.0	0.0	0.38960690596353426	0.0	0.0	0.0	0.0	0.0	1.1010560744016802	0.38960690596353426	0.0	0.0	0.0	0.0	0.0	0.0	0.0	0.0	0.0	0.0	0.0	0.0	0.0	0.0	0.0	0.0	0.0	0.0	0.0	0.0	4.50859637835549	0.0	0.38960690596353426	0.38960690596353426	0.0	0.0	0.0	0.38960690596353426	0.0	0.0	0.0	0.0	0.0	0.0	0.0	0.0	0.0	1.1910282755157893	0.0	0.0	0.0	0.0	0.0	0.0	0.0	0.0	0.0	0.0	0.0	0.0	0.0	0.0	0.0	0.0	0.0	0.38960690596353426	0.0	0.0	0.0	0.0	0.0	0.0	0.0	0.0	0.0	0.0	0.38960690596353426	0.0	0.0	0.0	0.0	0.0	0.0	0.0	0.38960690596353426	0.0	0.0	0.0	2.068924079258589	0.0	0.38960690596353426	0.0	0.0	0.0	0.0	0.0	0.0	0.5916183877676608	0.7289592819089452	2.6735794500154033	0.0	0.0	0.0	0.0	0.0	0.0	0.38960690596353426	0.0	0.0	0.38960690596353426	0.0	0.0	0.0	0.0	0.0	0.0	0.0	0.38960690596353426	0.0	0.0	0.0	0.0	0.0	0.0	0.0	0.0	0.38960690596353426	0.0	0.0	2.1563790110040726	0.0	0.0	0.0	0.0	0.0	3.7716737443969057	0.0	0.0	0.0	0.0	0.0	0.0	0.0	0.0	0.0	0.8331440722666961	0.0	0.0	0.0	0.0	0.0	0.0	0.0	0.0	0.0	0.0	0.0	0.0	0.5916183877676608	0.0	0.0	1.265521965713204	0.38960690596353426	0.0	0.0	0.0	0.0	0.0	0.0	0.0	0.0	0.0	0.0	0.38960690596353426	0.0	0.0	0.0	0.0	0.0	0.0	0.5916183877676608	0.0	0.0	0.5916183877676608	0.0	0.0	0.0	0.5916183877676608	0.0	0.0	0.0	0.0	0.0	0.0	0.0	0.0	0.9171083408761387	3.6968604446742304	0.0	0.0	0.0	0.0	0.0	0.0	0.0	0.0	0.0	0.0	0.0
SRR11292133	0.0	0.7705185792794288	1.1478182407073727	0.0	0.6297813411893821	0.6297813411893821	0.0	0.42025684166826527	1.3466211349002697	0.9618537471326636	0.0	0.6297813411893821	3.3104901632272874	0.0	0.0	0.0	0.0	0.0	0.0	0.42025684166826527	0.0	0.0	0.0	0.0	0.0	0.0	0.0	1.9169337740682	0.0	0.0	1.7125364315199803	2.4102648292599356	3.6639396370603032	0.0	0.6297813411893821	0.0	0.0	0.0	0.42025684166826527	0.0	1.3466211349002697	0.0	0.0	0.0	0.0	0.0	0.0	0.0	0.0	0.0	1.9578481629738054	0.0	0.0	0.0	1.377407086890094	0.0	0.0	0.42025684166826527	0.0	0.0	0.0	0.0	0.0	0.0	0.0	0.0	0.0	0.9618537471326636	0.0	0.0	0.0	0.42025684166826527	0.0	0.0	1.3466211349002697	0.0	0.42025684166826527	0.0	1.2776106790098276	0.42025684166826527	0.0	0.0	0.0	2.5320142895687376	1.2385037518704183	0.0	0.6297813411893821	0.0	0.876638992504803	0.0	0.0	1.6841529516334455	0.0	0.42025684166826527	0.0	0.0	0.6297813411893821	1.1955237261978708	0.0	0.0	0.0	0.0	0.0	0.0	0.0	0.0	0.0	0.0	0.0	0.0	0.7705185792794288	0.0	0.0	0.0	0.0	1.6377640668232198	0.0	0.0	0.0	0.0	0.0	0.6297813411893821	0.0	0.0	2.102606728222109	0.7705185792794288	0.0	1.433116443223562	3.067957882025474	1.0330594368044037	1.2776106790098276	0.0	0.0	0.0	1.2385037518704183	0.0	0.0	3.395262793665772	0.0	0.6297813411893821	0.0	2.0553624863797455	0.0	0.0	0.0	0.876638992504803	0.0	0.876638992504803	0.0	0.876638992504803	0.0	0.0	0.0	0.0	1.2776106790098276	0.0	0.0	0.0	0.0	0.42025684166826527	0.0	0.0	0.0	0.0	0.6297813411893821	0.0	0.0	2.7346122869099685	0.0	0.0	0.7705185792794288	0.0	1.1955237261978708	0.0	0.0	0.0	0.0	0.0	0.0	0.0	0.0	0.0	0.0	0.0	0.0	0.0	0.0	0.0	0.0	4.1192029802356105	0.0	1.433116443223562	0.0	0.0	0.0	0.0	0.42025684166826527	0.0	0.6297813411893821	0.42025684166826527	0.0	0.0	0.0	0.0	0.0	0.0	1.4061544217201882	0.0	0.0	0.0	0.0	0.0	0.0	0.0	0.0	0.0	0.0	0.0	0.0	0.0	0.42025684166826527	0.0	0.42025684166826527	0.0	1.6841529516334455	0.42025684166826527	0.0	0.0	0.0	0.876638992504803	0.0	0.0	0.0	0.0	0.0	0.0	0.0	0.0	0.0	0.0	0.0	0.0	2.640180214245329	2.0676640365195453	0.0	0.0	0.0	3.341270558865968	1.0942183727015962	1.8621329043774206	0.0	0.0	0.0	1.377407086890094	0.0	0.0	1.458501993494374	0.0	3.041727898432127	0.0	0.0	0.0	0.0	0.0	0.0	0.0	0.0	0.42025684166826527	2.08548671728168	0.0	0.0	0.0	0.0	0.0	0.0	0.0	0.7705185792794288	0.0	0.0	0.0	0.0	0.0	0.6297813411893821	0.0	0.0	1.2385037518704183	0.6297813411893821	0.0	2.709067109510979	0.0	0.0	0.0	0.0	0.0	4.1460397525879555	0.0	0.0	0.0	0.0	0.0	0.0	0.0	0.0	0.0	0.42025684166826527	0.6297813411893821	0.0	0.0	0.42025684166826527	0.0	0.0	1.1478182407073727	0.0	0.42025684166826527	0.7705185792794288	0.0	0.0	0.7705185792794288	0.0	0.0	2.936631796083947	0.0	0.0	0.0	0.0	1.1478182407073727	0.0	0.0	0.0	0.0	0.42025684166826527	0.0	2.633639826558366	0.42025684166826527	0.0	0.42025684166826527	0.0	0.6297813411893821	0.0	0.876638992504803	0.0	0.0	0.0	0.0	0.0	0.0	0.0	0.0	0.0	0.0	0.7705185792794288	0.0	0.0	0.0	0.0	1.3466211349002697	3.4065246946422287	0.0	0.7705185792794288	0.0	0.0	0.0	0.0	0.0	0.0	0.0	1.0330594368044037	0.0
SRR11292134	0.0	0.0	0.0	0.0	0.0	0.0	0.0	0.419301969407012	0.419301969407012	0.419301969407012	0.0	1.0316614102848471	2.2549462289452173	0.419301969407012	0.0	0.0	0.0	0.0	0.0	0.0	0.0	0.0	0.0	0.0	0.0	0.0	0.0	0.0	0.419301969407012	0.0	0.6286022080153594	0.0	4.238506931805739	0.0	0.0	0.0	0.0	0.0	0.6286022080153594	0.0	2.014691706546874	0.419301969407012	0.0	0.0	0.0	0.0	0.0	0.0	0.0	0.0	0.419301969407012	0.0	0.0	0.0	1.2761510705346983	0.0	0.419301969407012	0.0	0.0	0.0	0.0	0.0	0.0	0.0	0.0	0.0	0.0	0.419301969407012	0.0	0.419301969407012	0.0	0.419301969407012	0.0	0.0	1.194081063890299	0.0	0.7692392953896346	0.0	0.6286022080153594	0.0	0.419301969407012	0.0	0.0	2.3136173697697786	0.0	0.0	0.0	0.0	0.419301969407012	0.0	0.0	0.0	0.7692392953896346	0.0	0.0	0.0	0.0	0.8753029705067953	0.0	0.0	0.0	0.0	0.0	0.0	0.0	0.0	0.0	0.419301969407012	0.0	0.0	0.7692392953896346	0.0	0.0	0.0	0.0	1.194081063890299	0.0	1.0928015593141744	0.0	0.0	0.0	0.6286022080153594	0.0	0.0	1.3759307561065564	0.419301969407012	0.0	0.0	3.082480381773099	0.0	2.078098501122461	0.0	0.0	0.0	0.419301969407012	0.0	0.0	3.230088499604212	0.419301969407012	1.0928015593141744	0.0	0.0	0.0	0.0	0.0	0.0	0.0	0.0	0.0	0.0	0.0	0.0	0.0	0.0	0.0	0.0	0.0	0.0	0.0	0.0	0.0	0.419301969407012	0.0	0.0	0.419301969407012	0.0	0.0	0.0	0.0	0.0	0.0	0.0	0.0	0.0	0.0	0.0	0.0	0.0	0.0	0.0	0.0	0.0	0.0	0.0	0.0	0.0	0.0	0.0	0.0	4.12253570736716	0.0	0.0	0.960481200463461	0.0	0.0	0.0	0.0	0.0	0.0	0.0	0.0	0.0	0.0	0.0	0.0	0.0	1.4809950435353398	0.0	0.0	0.0	0.0	0.0	0.0	0.0	0.0	0.0	0.0	0.0	0.0	0.0	0.0	0.0	0.0	0.0	2.475040378536254	0.7692392953896346	0.0	0.0	0.0	0.419301969407012	0.0	0.0	0.0	0.0	0.419301969407012	0.0	0.0	0.0	0.0	0.0	0.0	0.0	2.986826406740771	2.1066376073695254	0.0	0.0	0.0	3.5980973580238436	0.0	0.419301969407012	0.0	0.0	0.0	1.0316614102848471	0.0	0.0	0.419301969407012	1.0316614102848471	1.9239080901613774	0.0	0.419301969407012	0.0	0.0	0.0	0.0	0.0	0.0	0.6286022080153594	1.4316323193182359	0.0	0.0	0.0	0.0	0.0	0.0	0.0	0.6286022080153594	0.0	0.0	0.0	0.0	0.0	0.0	0.0	0.0	0.419301969407012	0.0	0.0	2.1281910985965573	0.0	0.0	0.0	0.0	0.0	3.711178571194808	0.0	0.0	0.0	0.0	0.0	0.0	0.0	0.0	0.0	1.0928015593141744	0.0	0.0	0.0	0.0	0.0	0.0	0.6286022080153594	0.7692392953896346	0.419301969407012	0.0	0.0	0.0	0.6286022080153594	0.0	0.0	1.3451495593354994	0.0	0.0	0.0	0.0	3.042115250694593	0.419301969407012	0.0	0.0	0.0	0.0	0.419301969407012	1.6677258382234696	0.419301969407012	0.0	0.0	0.0	0.0	0.0	0.0	0.0	0.0	0.960481200463461	0.0	0.0	0.0	0.0	0.0	0.0	0.419301969407012	0.6286022080153594	0.0	0.419301969407012	0.0	0.419301969407012	1.0928015593141744	3.2780597984854736	0.0	0.6286022080153594	0.0	0.0	0.0	0.0	0.419301969407012	0.0	0.6286022080153594	0.0	0.0
SRR11292135	0.0	0.2203460635597029	2.0363426270941565	0.0	0.0	0.0	0.3658284958619914	0.2203460635597029	1.1321728014186445	0.0	0.2203460635597029	0.47461388161414747	4.230691937525346	0.2203460635597029	0.0	0.0	0.3658284958619914	0.2203460635597029	0.2203460635597029	0.2203460635597029	0.0	0.2203460635597029	0.0	0.0	0.0	0.0	0.0	0.2203460635597029	0.0	0.0	1.0635044071149091	0.2203460635597029	3.1756920299330473	0.0	0.0	0.0	0.3658284958619914	0.0	0.7502282136375681	0.0	2.938576628856811	0.0	0.0	0.0	0.0	0.0	0.0	0.0	0.0	0.0	0.3658284958619914	0.2203460635597029	0.0	0.0	0.2203460635597029	0.0	0.2203460635597029	0.0	0.0	0.0	0.0	0.0	0.0	0.0	0.0	0.0	0.0	1.4168829576476982	0.0	0.2203460635597029	0.0	0.0	0.0	0.0	1.3943247886962304	0.0	0.2203460635597029	0.2203460635597029	0.9175059544067966	0.0	0.0	0.0	0.0	1.7313694586370967	1.8223647508684617	0.0	0.0	0.0	0.47461388161414747	0.0	0.0	0.0	0.0	0.0	0.0	0.0	0.2203460635597029	0.6959594147771063	0.0	0.0	0.0	0.0	0.0	0.0	0.0	0.0	0.6959594147771063	0.0	0.0	0.0	0.6959594147771063	0.0	0.2203460635597029	0.0	0.0	0.2203460635597029	0.2203460635597029	1.9678589408287404	0.0	0.0	0.0	0.3658284958619914	0.0	0.0	1.5320596280580947	0.7502282136375681	0.0	0.0	3.668239740864698	0.2203460635597029	0.6959594147771063	0.0	0.0	0.0	0.8813332123744219	0.0	0.2203460635597029	1.4686297371375108	0.2203460635597029	1.496955284610044	0.0	0.47461388161414747	0.0	0.0	0.0	0.2203460635597029	0.0	0.3658284958619914	0.0	0.0	0.0	0.0	0.0	0.0	0.2203460635597029	0.0	0.0	0.2203460635597029	0.2203460635597029	0.0	0.0	0.3658284958619914	0.0	0.2203460635597029	0.47461388161414747	0.0	0.0	1.9424009330703536	0.0	0.0	0.2203460635597029	0.0	0.2203460635597029	0.0	0.0	0.0	0.0	0.0	0.0	0.0	0.0	0.0	0.0	0.0	0.0	0.0	0.0	0.2203460635597029	0.0	4.135220267860221	0.0	0.8418716076401764	0.47461388161414747	0.0	0.0	0.0	0.47461388161414747	0.0	0.0	0.0	0.0	0.0	0.0	0.0	0.0	0.0	1.6364701541537563	0.0	0.0	0.0	0.0	0.0	0.0	0.0	0.0	0.0	0.2203460635597029	0.0	0.0	0.0	0.0	0.0	0.0	0.0	1.290156555450184	0.3658284958619914	0.0	0.0	0.0	0.7984627250011762	0.0	0.0	0.0	0.2203460635597029	0.0	0.0	0.0	0.0	0.0	0.0	0.0	0.0	0.0	1.0635044071149091	0.0	0.0	0.0	2.2680953262217574	0.47461388161414747	1.7816253359655607	0.0	0.0	0.0	0.3658284958619914	0.0	0.0	0.8813332123744219	0.9175059544067966	1.7910145264438964	0.0	0.0	0.0	0.0	0.7984627250011762	0.6339276866652155	0.0	0.2203460635597029	0.0	1.4686297371375108	0.0	0.0	0.0	0.0	0.0	0.0	0.0	0.9508961180213544	0.0	0.0	0.0	0.2203460635597029	0.2203460635597029	0.0	0.0	0.2203460635597029	0.5615353948611415	0.7984627250011762	0.0	2.3300340568415514	0.0	0.0	0.0	0.0	0.0	3.9484288105203653	0.0	0.0	0.0	0.0	0.0	0.0	0.0	0.0	0.0	1.649530060651239	1.1914514879455294	0.0	0.0	0.0	0.0	0.0	0.3658284958619914	0.0	0.47461388161414747	0.2203460635597029	0.0	0.0	0.8418716076401764	0.0	0.0	2.059474414736921	0.2203460635597029	0.0	0.0	0.0	0.3658284958619914	0.0	0.2203460635597029	0.0	0.0	0.0	0.2203460635597029	1.8092050418438481	0.2203460635597029	0.0	0.0	0.0	0.3658284958619914	0.0	0.0	0.0	0.2203460635597029	0.6339276866652155	0.0	0.0	0.0	0.0	0.0	0.0	0.0	0.0	0.0	0.0	0.0	0.0	0.3658284958619914	0.8418716076401764	1.6684118282887612	0.3658284958619914	0.0	0.0	0.2203460635597029	0.0	0.0	0.0	0.3658284958619914	0.6339276866652155	0.2203460635597029
SRR11292136	0.0	0.29895825919368774	3.2301131545614528	0.29895825919368774	0.29895825919368774	0.0	0.0	0.5989486687073546	0.9962637291112605	0.0	0.0	0.29895825919368774	0.4743567373886949	0.29895825919368774	0.29895825919368774	0.0	0.29895825919368774	0.29895825919368774	0.0	0.29895825919368774	0.0	0.0	0.0	0.0	0.0	0.0	0.0	1.8410042516473493	0.0	0.0	0.8415404175575597	0.0	3.798620979270829	0.0	2.8302734106899683	0.0	1.4273649011026666	0.0	0.0	0.0	2.439906404390033	1.251350891520542	0.0	0.0	0.0	0.0	0.0	0.0	0.0	0.0	0.7746928453111437	0.0	0.0	0.0	0.0	0.0	0.29895825919368774	0.0	0.0	0.0	0.0	0.0	0.0	0.0	0.0	0.0	0.0	0.4743567373886949	0.0	0.29895825919368774	0.0	0.4743567373886949	0.0	0.0	1.3384589328663503	0.0	0.4743567373886949	0.0	0.4743567373886949	0.4743567373886949	0.0	0.0	0.0	2.4858185818910985	1.694900059626255	0.0	0.29895825919368774	0.0	0.0	0.0	0.0	0.0	0.0	0.0	0.0	0.0	0.6956504655320975	0.8415404175575597	0.0	0.0	0.0	0.0	0.0	0.0	0.0	0.0	0.5989486687073546	0.0	0.0	0.9505525618676336	3.1111273885509774	0.0	0.4743567373886949	0.0	0.0	1.2265409386293005	0.0	1.2265409386293005	0.0	0.0	0.0	1.2265409386293005	0.0	0.0	1.0376185096982493	0.4743567373886949	0.0	0.0	3.003171653232537	1.751794662533663	1.5870181990020378	0.0	0.0	0.0	0.29895825919368774	0.0	0.0	2.6586135008000635	0.29895825919368774	0.9962637291112605	0.0	0.6956504655320975	0.0	0.0	0.0	0.0	0.0	0.0	0.0	0.4743567373886949	0.0	0.0	0.0	0.0	0.0	0.0	0.0	0.0	0.6956504655320975	0.29895825919368774	0.0	0.0	0.0	0.29895825919368774	0.0	0.29895825919368774	0.0	1.3577558439018909	0.0	0.0	0.7746928453111437	0.29895825919368774	1.9149749672807328	0.0	0.0	0.0	0.0	0.0	0.0	0.0	0.0	0.0	0.0	0.0	0.0	0.0	0.0	0.0	0.0	4.36615626991988	0.0	0.8415404175575597	0.0	0.0	0.5989486687073546	0.29895825919368774	0.5989486687073546	0.0	0.29895825919368774	0.0	0.0	0.0	0.0	0.0	0.0	0.0	2.3222021427515296	0.0	0.0	0.0	0.0	0.0	0.0	0.0	0.0	0.29895825919368774	0.0	0.0	0.0	0.0	0.4743567373886949	0.0	0.0	0.0	3.0435145308885576	0.29895825919368774	0.0	0.9505525618676336	0.0	2.363220428695394	0.29895825919368774	0.0	0.29895825919368774	0.0	0.4743567373886949	0.0	0.0	0.0	0.0	0.0	0.0	0.0	0.0	2.5183033626025684	0.0	0.0	0.0	2.3283044670692608	0.6956504655320975	1.1422726249952886	0.29895825919368774	0.0	0.0	0.29895825919368774	0.0	0.0	0.5989486687073546	0.0	1.9303935723575232	0.0	0.0	0.0	0.0	0.29895825919368774	0.0	0.0	0.0	0.0	1.7119301892782062	0.0	0.0	0.0	0.0	0.0	0.0	0.0	0.4743567373886949	0.0	0.0	0.0	0.0	0.0	0.8415404175575597	0.0	0.0	0.29895825919368774	0.4743567373886949	0.29895825919368774	3.3358958217904746	0.0	0.0	0.0	0.0	0.29895825919368774	3.8361415311941114	0.0	0.0	0.0	0.0	0.0	0.0	0.0	0.0	0.0	0.8994579366191435	0.29895825919368774	0.0	0.0	0.0	0.0	0.0	1.0753754809176175	0.9505525618676336	0.4743567373886949	0.29895825919368774	0.0	0.0	0.29895825919368774	0.0	0.0	2.326279871203573	0.29895825919368774	0.0	0.0	0.0	2.3778809557031693	0.0	0.0	0.0	0.0	0.0	0.0	2.795882569787233	0.4743567373886949	0.0	0.0	0.0	0.0	0.0	0.29895825919368774	0.0	0.0	0.0	0.0	0.0	0.0	0.29895825919368774	0.0	0.0	0.0	0.0	0.0	0.0	0.0	0.0	1.1101108556612111	0.5989486687073546	0.0	0.4743567373886949	0.0	0.0	0.29895825919368774	0.0	0.29895825919368774	0.4743567373886949	0.5989486687073546	0.0	0.0
SRR11292137	0.0	0.2448289921098209	2.9537967033036896	0.0	0.0	0.0	0.2448289921098209	0.0	1.5355243514763859	0.0	0.400445266631176	0.5147727637572994	3.9667020502101247	0.2448289921098209	0.0	0.0	0.0	0.0	0.0	0.0	0.0	0.0	0.0	0.0	0.0	0.0	0.400445266631176	1.8492062229220156	0.0	0.0	0.5147727637572994	0.0	3.313689113090502	0.0	0.0	0.0	0.0	0.0	0.400445266631176	0.0	0.7993833459522104	1.8445273188585762	0.0	0.0	0.0	0.0	0.0	0.0	0.0	0.0	0.0	0.0	0.2448289921098209	0.0	0.0	0.0	0.8486725716903544	1.2279345655076326	0.0	0.0	0.0	0.0	0.0	0.0	0.2448289921098209	0.0	0.2448289921098209	1.2995244859156663	0.0	0.5147727637572994	0.0	0.2448289921098209	0.0	0.0	1.3887081151198872	0.2448289921098209	0.7437753791289811	0.0	0.7993833459522104	0.2448289921098209	0.0	0.0	0.0	2.1632545057015142	1.4953953197463516	0.0	0.0	0.0	0.2448289921098209	0.0	0.0	2.286314556802862	0.5147727637572994	0.0	0.2448289921098209	0.0	0.5147727637572994	2.700952185338422	0.0	0.0	0.0	0.0	0.0	0.0	0.0	0.0	0.400445266631176	0.2448289921098209	0.0	0.2448289921098209	0.8486725716903544	0.0	0.0	0.0	0.0	1.2995244859156663	0.0	1.1652493101534733	0.0	0.0	0.0	0.7993833459522104	0.0	0.0	1.3609664918054707	0.2448289921098209	0.0	0.6799870086247433	3.1265440400772193	1.117791633193786	1.1871652279333438	0.400445266631176	0.0	0.0	0.5147727637572994	0.2448289921098209	0.0	1.6298959734051999	0.0	0.9330981465822473	0.0	0.7437753791289811	0.0	0.0	0.0	0.0	0.0	0.0	0.0	0.0	0.0	0.0	0.0	0.0	0.0	0.0	0.0	0.0	0.6799870086247433	0.0	0.0	0.400445266631176	0.0	0.0	0.2448289921098209	0.2448289921098209	0.0	2.613484801825727	0.0	0.0	0.9330981465822473	0.0	1.4147835723499773	0.0	0.400445266631176	0.0	0.0	0.0	0.0	0.0	0.0	0.0	0.0	0.0	0.0	0.0	0.0	0.0	0.0	4.0222535174554	0.2448289921098209	0.7993833459522104	0.0	0.0	0.0	0.0	1.0037524882897688	0.0	0.0	0.0	0.0	0.0	0.0	0.0	0.0	0.0	1.799981089213662	0.0	1.773104706394849	0.0	0.0	0.0	0.0	0.0	0.0	0.0	0.0	0.0	0.0	0.0	1.2995244859156663	0.0	0.0	0.0	2.693023514715343	0.2448289921098209	0.0	0.5147727637572994	0.0	0.5147727637572994	0.400445266631176	0.0	0.0	0.0	0.0	0.400445266631176	0.0	0.0	0.0	0.0	0.0	0.0	0.0	3.2650709302001557	0.0	0.0	0.0	3.2460849140620405	1.401941513779657	1.3887081151198872	0.400445266631176	0.0	0.0	2.0073713235836546	0.0	0.0	0.5147727637572994	0.6799870086247433	2.4007859637537954	0.2448289921098209	0.0	0.2448289921098209	0.0	0.400445266631176	0.0	0.0	0.0	0.0	1.5722570518805183	0.0	0.0	0.0	0.0	0.400445266631176	0.0	0.0	0.6051893121851838	0.0	0.0	0.0	0.0	0.0	0.400445266631176	0.0	0.0	0.400445266631176	0.2448289921098209	0.0	3.7556959923326736	0.0	0.0	0.2448289921098209	0.0	0.0	3.865342701577076	0.2448289921098209	0.0	0.0	0.0	0.0	0.0	0.0	0.0	0.0	1.0351899153224122	0.0	0.0	0.0	0.0	0.0	0.0	1.2080281231883	0.6051893121851838	0.0	0.5147727637572994	0.0	0.0	0.400445266631176	0.0	0.0	3.5227130200339025	0.0	0.0	0.0	0.0	2.250888647503702	0.0	0.0	1.3157189335951867	0.0	0.2448289921098209	0.0	2.992610648378671	0.0	0.0	0.0	0.0	0.2448289921098209	0.0	0.0	0.0	0.2448289921098209	0.2448289921098209	0.0	0.0	0.0	0.0	0.0	0.0	0.0	0.0	0.0	0.0	0.0	0.0	0.5147727637572994	1.8397974567741664	0.8486725716903544	0.400445266631176	0.0	0.0	0.400445266631176	0.0	0.0	0.2448289921098209	0.0	0.400445266631176	0.0
SRR11292138	0.0	0.0	0.32883176021194777	0.0	0.0	0.0	0.0	0.0	1.1288645406174682	0.32883176021194777	0.0	0.32883176021194777	0.5138083609414518	0.5138083609414518	0.0	0.0	0.32883176021194777	0.0	0.0	0.0	0.0	0.0	0.0	0.0	0.0	0.0	0.0	0.0	0.0	0.0	1.1964206007350078	0.0	3.555931597709022	0.0	0.0	0.0	0.0	0.0	0.0	0.0	0.6431225150063258	0.0	0.0	0.0	0.0	0.0	0.0	0.0	0.0	0.0	0.742636774576899	0.0	0.0	0.0	0.0	0.0	0.0	0.0	0.0	0.0	0.0	0.0	0.0	0.0	0.0	0.0	0.0	0.32883176021194777	0.0	0.0	0.0	0.32883176021194777	0.0	0.0	1.0906878166400606	0.0	0.32883176021194777	0.0	0.0	0.0	0.0	0.0	0.0	1.724947792965373	1.3524170982651644	0.0	0.0	0.5138083609414518	0.0	0.32883176021194777	0.0	0.0	0.32883176021194777	0.0	0.0	0.0	0.0	0.0	0.0	0.0	0.0	0.0	0.0	0.0	0.0	0.0	0.32883176021194777	0.0	0.0	0.0	0.0	0.0	0.0	0.0	0.0	0.5138083609414518	0.0	2.306499954308038	0.0	0.0	0.0	1.3737278425131403	0.0	0.0	0.742636774576899	0.0	0.32883176021194777	0.0	3.1096462038232286	0.0	1.7933699424585297	0.0	0.0	0.0	0.742636774576899	0.0	0.32883176021194777	1.904473794137199	0.32883176021194777	0.6431225150063258	0.0	0.5138083609414518	0.0	0.0	0.0	0.6431225150063258	0.0	0.0	0.0	0.0	0.0	0.0	0.0	0.0	0.0	0.0	0.0	0.0	0.0	0.0	0.0	0.0	0.0	0.0	0.32883176021194777	0.5138083609414518	0.0	1.3063761034833308	0.0	0.0	0.5138083609414518	0.0	0.0	0.0	0.0	0.0	0.5138083609414518	0.0	0.0	0.0	0.0	0.0	0.0	0.0	0.0	0.0	0.0	0.0	0.0	4.547916246137948	0.0	0.6431225150063258	0.5138083609414518	0.0	0.0	0.0	0.5138083609414518	0.0	0.0	0.0	0.0	0.0	0.0	0.0	0.0	0.0	1.1639548218073519	0.0	0.0	0.0	0.0	0.0	0.0	0.0	0.0	0.0	0.0	0.0	0.32883176021194777	0.0	0.0	0.0	0.0	0.0	0.8235455495074381	0.0	0.0	0.0	0.32883176021194777	0.5138083609414518	0.0	0.0	0.0	0.0	0.0	0.32883176021194777	0.0	0.0	0.0	0.0	0.0	0.0	0.0	0.6431225150063258	0.0	0.0	0.0	2.164126729833811	0.5138083609414518	0.742636774576899	0.0	0.0	0.0	0.0	0.0	0.0	0.6431225150063258	0.6431225150063258	2.674985280844747	0.0	0.0	0.0	0.0	0.0	0.0	0.0	0.0	0.0	0.5138083609414518	0.0	0.0	0.0	0.0	0.0	0.0	0.0	0.0	0.0	0.0	0.0	0.0	0.0	0.0	0.0	0.0	0.0	0.0	0.0	2.136296372187748	0.0	0.0	0.0	0.0	0.0	3.688093443036005	0.0	0.0	0.0	0.0	0.0	0.0	0.0	0.0	0.0	0.6431225150063258	0.0	0.0	0.0	0.0	0.0	0.0	0.5138083609414518	0.0	0.6431225150063258	0.32883176021194777	0.0	0.0	0.8235455495074381	0.0	0.0	1.4320232539410378	0.0	0.0	0.0	0.0	0.0	0.0	0.0	0.0	0.0	0.0	0.0	0.32883176021194777	0.0	0.0	0.0	0.0	0.32883176021194777	0.0	0.32883176021194777	0.0	0.0	0.32883176021194777	0.0	0.0	0.0	0.0	0.0	0.0	0.0	0.0	0.0	0.0	0.0	0.0	1.0025008400348445	3.235168707104994	0.0	0.0	0.0	0.0	0.0	0.0	0.0	0.0	0.32883176021194777	0.0	0.0
SRR11292139	0.6357824264559717	0.0	2.928011686397176	0.0	0.0	0.0	0.0	0.3238000065447043	1.676891132450646	0.0	0.5072234850062098	1.2176734880607496	3.3860185458566194	0.3238000065447043	0.0	0.5072234850062098	2.0077342050011673	0.5072234850062098	0.0	0.0	0.3238000065447043	0.5072234850062098	0.0	0.0	0.0	0.0	0.0	1.0819437274930697	0.0	0.0	1.869849766989375	2.308993788557572	3.540075018002329	0.0	1.040163715218382	0.0	0.0	0.0	0.7348501651953482	0.0	2.528566853688937	1.2973265442980415	0.0	0.0	0.0	0.0	0.0	0.0	0.0	0.0	1.5746410801388	0.0	0.5072234850062098	0.0	0.0	0.0	0.6357824264559717	0.0	0.0	0.0	0.0	0.0	0.0	0.0	0.3238000065447043	0.0	0.3238000065447043	1.4900533159607021	0.0	0.6357824264559717	0.0	0.3238000065447043	0.0	0.0	1.2458792005539547	0.0	0.7348501651953482	0.6357824264559717	1.2176734880607496	0.3238000065447043	0.0	0.0	0.0	2.1546678043783887	2.0077342050011673	0.0	0.0	0.0	0.3238000065447043	0.0	0.0	0.0	0.6357824264559717	0.3238000065447043	0.0	0.0	2.0216844868236437	1.2458792005539547	0.0	0.0	0.0	0.0	0.0	0.0	0.0	0.0	0.0	0.5072234850062098	0.0	0.3238000065447043	1.6230767978699197	0.0	0.0	0.0	0.0	0.5072234850062098	0.0	2.0525915762182922	0.0	0.0	0.0	1.0819437274930697	0.0	0.0	2.390568226664353	0.5072234850062098	0.0	0.8834311172121887	2.7389253485542446	1.120054797311444	1.3849051940353951	0.0	0.0	0.0	1.155089608803547	0.0	0.6357824264559717	3.010031718376068	0.3238000065447043	0.6357824264559717	0.0	0.0	0.0	0.0	0.0	0.0	0.0	0.0	0.0	0.3238000065447043	0.0	0.0	0.0	0.0	0.3238000065447043	0.0	0.3238000065447043	0.0	0.0	0.0	0.0	0.8834311172121887	0.0	0.0	0.3238000065447043	0.3238000065447043	0.0	1.7062446691192872	0.0	0.3238000065447043	0.0	1.155089608803547	1.422854323758921	0.0	0.0	0.0	0.0	0.0	0.0	0.0	0.0	0.0	0.0	0.0	0.0	0.0	0.3238000065447043	0.5072234850062098	0.0	4.214106393378683	0.0	1.1875079033025604	0.9421867680204083	0.0	0.0	0.9939323552529669	0.5072234850062098	0.0	1.1875079033025604	0.3238000065447043	0.0	0.0	0.0	0.0	0.0	0.0	2.5242725820668035	0.0	0.0	0.0	0.0	0.0	0.0	0.0	0.0	0.3238000065447043	0.0	0.0	0.0	0.0	0.8154639622458119	0.0	0.0	0.0	2.343046342659707	1.1875079033025604	0.0	0.8154639622458119	0.0	1.5344033514740918	0.0	0.0	0.0	0.0	0.3238000065447043	2.382668255500317	0.0	0.0	0.0	0.0	0.0	0.0	0.3238000065447043	3.2027386102541557	0.0	0.0	0.0	3.171478728834295	1.8889000431336735	0.7348501651953482	0.0	0.0	0.0	1.364610027666419	0.5072234850062098	0.0	1.2176734880607496	0.8834311172121887	2.6375838054471004	0.0	0.0	0.5072234850062098	0.0	1.3433197478801744	0.0	0.0	0.0	1.040163715218382	1.120054797311444	0.0	0.3238000065447043	0.6357824264559717	0.0	0.0	0.0	0.0	1.2723642460698388	0.0	0.0	0.0	0.0	0.0	0.0	0.0	0.6357824264559717	0.5072234850062098	0.3238000065447043	0.0	3.2576316508206027	0.7348501651953482	0.0	0.0	0.0	0.3238000065447043	4.071179792112357	0.0	0.0	0.0	0.0	0.0	0.0	0.0	0.3238000065447043	0.0	0.7348501651953482	1.2973265442980415	0.3238000065447043	0.3238000065447043	0.3238000065447043	0.0	0.0	0.8834311172121887	0.6357824264559717	0.0	0.3238000065447043	0.3238000065447043	0.0	0.5072234850062098	0.0	0.0	3.5052886688665175	0.0	0.0	0.0	0.0	0.5072234850062098	0.0	0.0	0.5072234850062098	0.0	0.0	0.0	1.1875079033025604	0.5072234850062098	0.0	0.0	0.0	0.0	0.0	0.5072234850062098	0.0	0.0	0.3238000065447043	0.5072234850062098	0.0	0.0	0.3238000065447043	0.0	0.0	0.3238000065447043	0.3238000065447043	0.0	0.0	0.0	0.0	1.733739213829189	1.2458792005539547	0.9939323552529669	0.9421867680204083	0.0	0.0	0.9939323552529669	0.0	0.0	0.0	0.6357824264559717	1.440653722203558	0.0
SRR11292140	0.28440667273273407	0.0	0.0	0.0	0.0	0.0	0.7500813547366199	0.0	1.5468023488017648	0.0	0.0	0.4548123560854236	1.7070950965927434	0.4548123560854236	0.0	0.4548123560854236	0.0	0.28440667273273407	0.0	0.6720584379704431	0.0	0.28440667273273407	0.0	0.0	0.0	0.0	0.0	0.9242351730052547	0.0	0.0	1.5352455054018876	1.8586381692457612	3.8858014355696175	0.0	0.28440667273273407	0.0	0.0	0.0	0.0	0.0	2.235794169577591	1.6296154922137598	0.0	0.0	0.0	0.0	0.0	0.0	0.0	0.0	1.1147315020529107	0.4548123560854236	0.0	0.0	0.0	0.0	1.36544006877477	0.0	0.0	0.0	0.0	0.28440667273273407	0.0	0.0	0.0	0.0	0.28440667273273407	0.8161988707218566	0.0	0.28440667273273407	0.0	0.0	0.0	0.0	1.38241932313845	0.0	0.28440667273273407	0.0	1.3101144423486868	1.347769886227565	0.28440667273273407	0.0	0.0	2.9708776957905823	1.737541007991981	0.0	0.28440667273273407	0.0	0.8161988707218566	0.0	0.0	2.407128501110307	0.576880146704295	0.0	0.0	0.0	0.0	0.8161988707218566	0.0	0.0	0.28440667273273407	0.0	0.0	0.0	0.0	0.0	0.0	0.28440667273273407	0.0	0.0	1.7070950965927434	0.0	0.0	0.0	0.0	1.1147315020529107	0.0	1.5901798331268864	0.0	0.0	0.0	0.576880146704295	0.0	0.0	2.4727065433041524	0.6720584379704431	0.0	1.2899871048082427	2.7803933412821924	0.0	1.579734839819875	0.0	0.0	0.0	1.7590518012927068	0.0	0.28440667273273407	2.779726817196901	0.4548123560854236	0.6720584379704431	0.0	0.576880146704295	0.0	0.0	0.0	0.28440667273273407	0.0	0.0	0.0	0.28440667273273407	0.0	0.0	0.28440667273273407	0.0	0.0	0.0	0.0	0.0	0.28440667273273407	0.0	0.0	0.576880146704295	0.0	0.0	0.0	2.3659058636604433	0.0	2.8883401191557905	0.0	0.0	0.0	0.0	0.28440667273273407	0.28440667273273407	0.0	0.0	0.28440667273273407	0.0	0.0	0.0	0.0	0.0	0.8735678216532117	0.0	0.0	0.0	0.0	0.28440667273273407	0.0	4.167764054424792	0.0	0.969604136065826	0.28440667273273407	0.0	0.0	0.28440667273273407	0.7500813547366199	0.0	1.5352455054018876	0.0	0.28440667273273407	0.0	0.0	0.0	0.0	0.0	1.6657664343694316	0.0	0.0	0.0	0.0	0.0	0.0	0.0	0.0	0.0	0.0	0.0	0.0	0.0	0.28440667273273407	0.0	0.0	0.0	1.8641649404232326	1.0106786763509579	0.0	0.0	0.0	0.4548123560854236	0.0	0.0	0.0	0.7500813547366199	0.8161988707218566	0.4548123560854236	0.0	0.0	0.0	0.0	0.0	0.0	0.0	2.9111075955605954	0.0	0.0	0.0	3.1986001722228776	1.347769886227565	1.7149090004445124	0.0	0.28440667273273407	0.0	1.0482019383657275	0.6720584379704431	0.0	0.969604136065826	0.6720584379704431	2.4149234659524117	0.0	0.0	0.0	0.0	0.28440667273273407	0.0	0.0	0.28440667273273407	0.0	1.0106786763509579	0.0	0.0	0.0	0.0	0.0	0.0	0.0	0.8161988707218566	0.0	0.0	0.0	0.0	0.0	0.0	0.0	0.0	0.576880146704295	0.28440667273273407	0.4548123560854236	3.2145752776951646	0.0	0.0	0.0	0.0	0.0	4.0981937818091785	0.0	0.0	0.0	0.0	0.0	0.0	0.0	0.0	0.0	1.0482019383657275	0.7500813547366199	0.0	0.0	0.0	0.0	0.0	0.576880146704295	0.0	0.576880146704295	0.28440667273273407	0.0	0.0	0.6720584379704431	0.0	0.0	3.2473707996202372	0.0	0.0	0.0	0.0	0.7500813547366199	0.0	0.0	1.3101144423486868	0.28440667273273407	0.0	0.8735678216532117	2.9669945750302515	0.4548123560854236	0.0	0.0	0.4548123560854236	0.0	0.0	0.4548123560854236	0.28440667273273407	0.0	0.0	0.0	0.0	0.0	0.0	0.0	0.0	0.0	0.969604136065826	0.0	0.0	0.0	0.0	1.1445277227563477	3.1220593033241397	0.0	0.4548123560854236	0.0	0.28440667273273407	0.7500813547366199	0.0	0.0	0.0	0.4548123560854236	1.082739434309837	0.0
SRR11292141	0.0	0.0	2.5320054938281715	0.0	0.0	0.0	0.0	0.0	0.9770516388844499	0.0	0.0	1.4871184765639947	3.6337767341527996	0.0	0.7195513786153009	0.0	0.0	0.0	0.0	1.4871184765639947	0.0	0.0	0.0	0.0	0.0	0.0	0.0	0.0	0.0	0.0	1.7152667102501893	0.0	3.901156645438367	0.0	0.0	0.0	0.7195513786153009	0.0	0.0	0.0	1.4225231508664504	0.7195513786153009	0.0	0.0	0.0	0.0	0.0	0.0	0.0	0.0	2.162117070212433	0.0	0.0	0.0	0.0	0.0	0.0	0.0	0.0	0.0	0.0	0.0	0.0	0.0	0.0	0.0	0.0	1.2545631767292942	0.0	0.0	0.0	0.0	0.0	0.0	1.5433384324180714	0.0	0.9770516388844499	0.0	0.0	0.0	0.0	0.0	0.0	2.563324940429871	1.4225231508664504	0.0	0.0	0.0	0.0	0.0	0.0	0.7195513786153009	0.0	0.7195513786153009	0.0	0.0	0.0	0.7195513786153009	0.0	0.0	0.0	0.0	0.0	0.0	0.0	0.0	0.0	0.0	0.0	0.0	0.7195513786153009	0.0	0.0	0.0	0.0	0.0	0.0	0.9770516388844499	0.0	0.0	0.0	1.1376062770178956	0.0	0.0	2.1746207613223394	0.0	0.0	0.7195513786153009	2.435414310983199	0.7195513786153009	1.2545631767292942	0.0	0.0	0.0	0.0	0.0	0.0	1.810500292801581	0.9770516388844499	0.0	0.0	3.344671994902825	0.0	0.0	0.0	0.7195513786153009	0.0	0.0	0.0	0.0	0.0	0.0	0.0	0.0	0.0	0.0	0.0	0.0	0.7195513786153009	0.0	0.0	0.0	0.0	0.0	0.0	0.0	0.0	0.9770516388844499	0.0	0.0	0.7195513786153009	0.0	1.1376062770178956	0.0	0.0	0.0	0.0	0.0	0.0	0.0	0.0	0.0	0.0	0.0	0.0	0.0	0.0	0.0	0.0	4.222718936424736	0.0	0.9770516388844499	0.0	0.0	0.0	1.1376062770178956	0.7195513786153009	0.0	0.0	0.0	0.0	0.0	0.0	0.0	0.0	0.0	1.9937936271105243	0.0	0.0	0.0	0.0	0.0	0.0	0.0	0.0	0.0	0.0	0.0	0.0	0.0	0.0	0.0	0.0	0.0	1.781016710248062	0.0	0.0	0.0	0.0	0.0	0.0	0.0	0.0	0.0	0.0	0.0	0.0	0.0	0.0	0.0	0.0	0.0	0.0	0.7195513786153009	0.0	0.0	0.0	2.012093433412426	1.1376062770178956	0.0	0.0	0.0	0.0	2.7322468286148545	0.0	0.0	0.0	0.0	2.2533175511846277	1.2545631767292942	0.0	0.0	0.0	1.1376062770178956	0.0	0.0	0.0	0.0	1.4225231508664504	0.0	0.0	0.0	0.0	0.0	0.0	0.0	1.5433384324180714	0.0	0.0	0.0	0.0	0.0	0.7195513786153009	0.0	0.0	0.0	0.0	0.0	3.2593207113550866	0.0	0.0	0.0	0.0	0.0	3.619853555795135	0.0	0.0	0.0	0.0	0.0	0.0	0.0	0.0	0.0	0.7195513786153009	0.9770516388844499	0.0	0.0	0.7195513786153009	0.0	0.0	0.9770516388844499	0.0	0.0	0.0	0.0	0.0	1.8381088957029568	0.0	0.7195513786153009	3.037969083961915	0.0	0.0	0.0	0.0	0.9770516388844499	0.0	0.0	0.0	0.0	0.0	0.0	3.815225026138004	0.0	0.0	0.0	0.0	0.0	0.0	0.0	0.0	0.0	0.0	0.0	0.0	0.0	0.0	0.0	0.0	0.0	0.0	0.0	0.0	0.0	0.0	0.0	2.669960110114115	0.9770516388844499	0.0	0.0	0.0	1.5433384324180714	0.0	0.0	0.0	0.0	1.1376062770178956	0.0
SRR11292142	0.0	0.0	0.0	0.0	0.0	0.0	0.34841282561187636	0.8544743912966466	1.5019332838808892	0.5392152594108792	0.0	0.6713268365899892	2.1105144962804094	0.0	0.0	0.0	0.0	0.0	0.0	0.7724843698005028	0.0	0.0	0.0	0.0	0.0	0.0	0.0	1.7415013761670624	0.0	0.0	1.2303775789872193	0.0	1.9523076173042067	0.0	0.0	0.0	0.0	0.0	0.5392152594108792	0.0	0.6713268365899892	0.6713268365899892	0.0	0.0	0.0	0.0	0.0	0.0	0.0	0.0	0.34841282561187636	0.0	0.0	0.0	0.0	0.0	0.0	0.0	0.0	0.34841282561187636	0.0	0.0	0.0	0.0	0.0	0.0	0.0	1.2303775789872193	0.0	0.0	0.0	0.0	0.0	0.0	0.8544743912966466	0.0	0.34841282561187636	0.0	1.3157367895983845	0.0	0.5392152594108792	0.0	0.0	2.0236521010266926	1.7415013761670624	0.0	0.0	0.0	0.34841282561187636	0.0	0.0	2.6149026763527075	0.34841282561187636	0.0	0.0	0.0	0.34841282561187636	0.0	0.0	0.0	0.0	0.0	0.0	0.0	0.0	0.0	0.34841282561187636	0.0	0.0	0.0	0.0	0.0	0.34841282561187636	0.0	0.0	0.0	0.0	1.7114084368847293	0.0	0.0	0.0	0.5392152594108792	0.0	0.0	1.6441371878864692	0.8544743912966466	0.0	0.0	2.6057265264377802	0.0	0.34841282561187636	0.0	0.0	0.0	0.0	0.0	0.5392152594108792	0.34841282561187636	0.0	0.5392152594108792	0.0	0.0	0.0	0.0	0.0	0.0	0.0	1.0818867754973764	0.0	0.7724843698005028	0.0	0.0	0.0	0.0	0.34841282561187636	0.0	0.0	0.0	0.0	0.0	0.0	0.0	0.0	0.0	0.34841282561187636	0.8544743912966466	0.0	2.39072379054529	0.0	0.0	0.34841282561187636	0.0	0.6713268365899892	0.0	0.0	0.0	0.0	0.0	0.0	0.0	0.0	0.0	0.0	0.0	0.0	0.0	0.0	0.0	0.0	4.29616568962371	0.0	4.21629111154726	0.0	0.0	0.0	0.0	2.138591737451329	0.0	1.4482764104830739	0.0	0.0	0.0	0.0	0.0	0.0	0.0	2.3044482429644724	0.0	0.0	0.0	0.0	0.0	0.0	0.0	0.0	0.0	0.0	0.0	0.0	0.0	1.3645506157074387	0.0	0.34841282561187636	0.0	0.9828987430127173	0.34841282561187636	0.0	0.7724843698005028	0.0	0.6713268365899892	0.0	0.0	0.0	0.0	0.0	0.0	0.0	0.0	0.0	0.0	0.0	0.0	0.0	0.9234163852163418	0.0	0.0	0.0	2.5097470805131024	0.34841282561187636	1.958231578095188	0.0	0.0	0.0	0.0	0.0	0.0	0.5392152594108792	0.6713268365899892	1.46690840831618	0.5392152594108792	0.0	0.0	0.0	0.34841282561187636	0.0	0.34841282561187636	0.0	0.0	0.6713268365899892	0.0	0.0	0.0	0.0	0.0	0.0	0.0	0.34841282561187636	0.0	0.0	0.0	0.0	0.0	0.0	0.0	0.0	0.0	0.0	0.0	2.340063463144413	0.0	0.0	0.0	0.0	0.0	3.7790376375653065	0.0	0.0	0.0	0.0	0.0	0.0	0.0	0.0	0.0	0.6713268365899892	0.0	0.0	0.0	0.0	0.0	0.0	0.0	0.34841282561187636	0.0	0.0	0.0	0.0	0.8544743912966466	0.0	0.0	3.4666435958839243	0.34841282561187636	0.0	0.0	0.0	0.0	0.0	0.0	0.8544743912966466	0.34841282561187636	0.0	0.0	0.9828987430127173	0.0	0.0	0.0	0.0	0.5392152594108792	0.0	0.34841282561187636	0.0	0.0	0.6713268365899892	0.0	0.0	0.0	0.0	0.0	0.0	0.0	0.34841282561187636	0.0	0.0	0.0	0.0	1.46690840831618	2.076032899994232	0.0	0.0	0.0	0.0	0.34841282561187636	0.0	0.0	0.0	0.34841282561187636	0.34841282561187636	0.0
SRR11292143	0.1826468000441093	0.0	3.1134833642574122	0.0	0.0	0.0	0.1826468000441093	0.829364997905413	0.310826569033512	0.0	0.0	0.9715087364926698	0.310826569033512	0.6683576314120919	0.0	0.0	0.1826468000441093	0.0	0.0	0.0	0.0	0.1826468000441093	0.0	0.0	0.0	0.0	0.310826569033512	0.4096696548734764	0.0	0.1826468000441093	0.49013485250160793	0.1826468000441093	4.548620691914845	0.1826468000441093	0.0	0.0	0.1826468000441093	0.0	0.0	0.0	1.2613308029393293	0.49013485250160793	0.0	0.0	0.1826468000441093	0.0	0.0	0.0	0.0	0.1826468000441093	1.0387576978416593	0.0	0.0	0.0	0.0	0.0	0.0	0.0	0.1826468000441093	0.0	0.0	0.0	0.0	0.0	0.0	0.0	0.0	0.9200916412159713	0.0	0.4096696548734764	0.0	0.0	0.0	0.0	1.0174777693297652	0.0	0.4096696548734764	0.0	0.0	0.1826468000441093	0.4096696548734764	0.0	0.0	1.7514196986910264	1.0969761357155452	0.0	0.1826468000441093	0.0	0.5579964319410606	0.0	0.0	0.7562803188056055	0.1826468000441093	0.1826468000441093	0.0	0.0	0.310826569033512	0.7145401734314929	0.0	0.0	0.0	0.0	0.0	0.0	0.0	0.0	0.0	0.1826468000441093	0.0	0.0	0.1826468000441093	0.1826468000441093	0.0	0.0	0.0	1.2855231612656286	0.0	0.6166732089652377	0.0	0.0	0.0	0.6166732089652377	0.0	0.0	2.126438916084225	0.1826468000441093	0.0	0.7562803188056055	2.09476470638731	0.310826569033512	1.0784238105128114	0.0	0.0	0.0	0.310826569033512	0.0	0.1826468000441093	3.0631150190390333	0.7943582176739615	0.5579964319410606	0.0	0.1826468000441093	0.0	0.0	0.0	0.0	0.0	0.0	0.0	0.1826468000441093	0.0	0.0	0.0	0.1826468000441093	0.0	0.1826468000441093	0.0	0.0	0.0	0.0	0.0	0.310826569033512	0.0	0.0	0.4096696548734764	0.0	0.0	0.829364997905413	0.310826569033512	0.0	0.1826468000441093	0.0	0.0	0.0	0.0	0.0	0.0	0.0	0.0	0.0	0.0	0.0	0.0	0.0	0.0	0.0	0.0	0.1826468000441093	0.0	3.7777935387290604	0.0	0.6166732089652377	0.0	0.0	0.0	0.310826569033512	0.5579964319410606	0.0	0.310826569033512	0.0	0.0	0.0	0.0	0.0	0.0	0.0	1.569071217828159	0.0	0.0	0.0	0.0	0.0	0.0	0.0	0.0	0.1826468000441093	0.0	0.1826468000441093	0.1826468000441093	0.0	0.0	0.0	0.0	0.0	1.3896377096281567	0.49013485250160793	0.0	0.310826569033512	0.0	0.310826569033512	0.0	0.0	0.0	0.0	0.0	0.0	0.0	0.0	0.0	0.0	0.0	0.0	0.310826569033512	1.164149298185623	0.0	0.0	0.0	2.388511889435009	1.7593950143209838	0.1826468000441093	0.0	0.0	0.0	0.9200916412159713	0.1826468000441093	0.0	1.3302054585908907	0.0	1.0784238105128114	0.0	0.0	0.4096696548734764	0.0	0.6683576314120919	0.0	0.0	0.0	0.0	1.3987979206262073	0.0	0.1826468000441093	0.0	0.0	0.0	0.0	0.0	0.8617592921669193	0.0	0.0	0.0	0.0	0.0	0.1826468000441093	0.0	0.310826569033512	0.310826569033512	0.0	0.0	2.042449818325199	0.0	0.0	0.0	0.0	0.0	3.450572890197246	0.0	0.0	0.1826468000441093	0.0	0.0	0.0	0.0	0.0	0.0	0.5579964319410606	0.7562803188056055	0.0	0.0	0.0	0.0	0.0	0.5579964319410606	0.0	0.1826468000441093	0.1826468000441093	0.0	0.0	0.1826468000441093	0.0	0.0	2.487659893297125	0.0	0.0	0.0	0.0	0.310826569033512	0.0	0.0	0.5579964319410606	0.0	0.0	0.0	1.2223109473921805	0.6683576314120919	0.0	0.0	0.0	0.0	0.1826468000441093	0.4096696548734764	0.0	0.1826468000441093	0.0	0.0	0.0	0.0	0.0	0.0	0.0	0.0	0.0	0.0	0.0	0.0	0.0	0.8617592921669193	2.0506091662922157	0.0	0.829364997905413	0.0	0.0	0.310826569033512	0.0	0.0	0.0	0.5579964319410606	0.9200916412159713	1.4419071754876711
SRR11292144	0.35735240970477805	0.684022019517988	2.9229321924073077	0.0	0.0	0.35735240970477805	0.0	0.7858831908217474	0.7858831908217474	0.0	0.0	0.0	0.0	0.35735240970477805	0.0	0.0	0.0	0.0	0.0	0.0	0.0	0.0	0.0	0.0	0.0	0.35735240970477805	0.0	0.7858831908217474	0.0	0.0	1.138916377434715	0.0	4.165272556470603	0.0	0.35735240970477805	0.0	0.0	0.0	0.0	0.0	2.002605132276838	0.35735240970477805	0.0	0.0	0.0	0.0	0.0	0.0	0.0	0.0	1.0498207509810273	0.0	0.0	0.0	0.0	0.0	0.35735240970477805	0.0	0.0	0.0	0.0	0.0	0.0	0.0	0.0	0.0	0.0	1.2759380467907393	0.0	0.0	0.0	0.0	0.0	0.0	1.0966493177372965	0.35735240970477805	0.5507038140736117	0.0	0.0	0.0	0.0	0.0	0.0	2.002605132276838	1.0966493177372965	0.0	0.35735240970477805	0.0	0.684022019517988	0.0	0.0	1.0498207509810273	0.0	0.0	0.0	0.0	0.0	0.9973256579081977	0.0	0.0	0.0	0.0	0.0	0.0	0.0	0.0	0.0	0.0	0.0	0.0	0.684022019517988	0.0	0.0	0.0	0.0	1.3561799061039508	0.0	1.4824407772005506	0.0	0.0	0.0	1.3310446460873706	0.0	0.0	0.5507038140736117	0.35735240970477805	0.0	0.0	3.810218019797339	0.0	1.5175074206661225	0.0	0.0	0.0	0.5507038140736117	0.0	0.5507038140736117	3.06175538901242	0.0	0.8683341259356641	0.0	0.0	0.0	0.0	0.0	0.0	0.0	0.0	0.0	0.0	0.0	0.0	0.0	0.0	0.0	0.35735240970477805	0.0	0.0	0.0	0.0	0.0	0.0	0.0	0.0	0.0	0.0	0.0	1.2759380467907393	0.0	0.0	0.0	0.0	0.0	0.0	0.0	0.0	0.0	0.0	0.0	0.0	0.0	0.0	0.0	0.0	0.0	0.0	0.0	0.0	0.0	4.262411576515841	0.0	1.3310446460873706	0.5507038140736117	0.0	0.0	0.0	0.5507038140736117	0.0	0.0	0.0	0.0	0.0	0.0	0.0	0.0	0.0	3.024612855957109	0.0	0.0	0.0	0.0	0.0	0.0	0.0	0.0	0.0	0.0	0.35735240970477805	0.0	0.0	0.8683341259356641	0.0	0.0	0.0	1.7572863014965387	0.0	0.0	1.3310446460873706	0.0	0.9973256579081977	0.0	0.35735240970477805	0.0	0.0	0.0	0.0	0.0	0.0	0.0	0.0	0.0	0.0	0.0	1.2759380467907393	0.0	0.0	0.0	2.341152444163332	1.6218222359438166	0.7858831908217474	0.0	0.0	0.0	1.5801421431999687	0.0	0.0	0.35735240970477805	0.35735240970477805	1.9242864234293304	0.35735240970477805	0.0	0.0	0.0	0.0	0.0	0.0	0.0	0.0	0.9973256579081977	0.0	0.0	0.0	0.0	0.0	0.0	0.0	0.684022019517988	0.0	0.0	0.0	0.0	0.0	0.0	0.0	0.0	0.0	0.35735240970477805	0.0	2.1698172055279383	0.0	0.0	0.0	0.0	0.35735240970477805	3.6112925020390216	0.0	0.0	0.0	0.0	0.0	0.0	0.0	0.0	0.0	0.8683341259356641	0.0	0.0	0.0	0.0	0.0	0.0	0.9376014276157587	0.0	1.138916377434715	0.35735240970477805	0.0	0.0	0.684022019517988	0.0	0.0	2.63093551089051	0.0	0.0	0.0	0.0	0.0	0.0	0.35735240970477805	0.0	0.0	0.35735240970477805	0.0	1.379939680741147	0.684022019517988	0.0	0.0	0.35735240970477805	0.0	0.35735240970477805	0.0	0.0	0.0	0.0	0.0	0.0	0.0	0.0	0.0	0.0	0.0	0.8683341259356641	0.0	0.0	0.0	0.0	0.684022019517988	0.8683341259356641	0.0	0.5507038140736117	0.0	0.0	0.7858831908217474	0.0	0.0	0.0	0.0	0.0	1.3310446460873706
SRR11292145	0.0	0.0	0.615610907391376	0.0	0.0	0.0	0.0	0.7551247958835922	1.6510342898810846	0.7551247958835922	0.0	0.4088143559604616	0.4088143559604616	0.615610907391376	0.0	0.0	0.0	0.0	0.0	0.0	0.0	0.0	0.0	0.0	0.0	0.0	0.0	1.0162110900616894	0.0	0.0	1.0162110900616894	0.0	3.9258681884670605	0.0	0.0	0.0	1.220993578007018	0.0	0.0	0.0	2.126741604017274	0.0	0.0	0.0	0.0	0.0	0.0	0.4088143559604616	0.0	0.0	2.136767356355172	0.0	0.0	0.0	0.0	0.0	0.0	0.0	0.0	0.0	0.0	0.0	0.0	0.0	0.0	0.0	0.0	2.0552404509721143	0.0	0.615610907391376	0.0	0.4088143559604616	0.0	0.0	1.1781274446145393	0.0	0.615610907391376	0.0	0.0	0.0	0.4088143559604616	0.0	0.0	1.6803503970463916	0.8605507415900135	0.0	0.0	0.0	0.615610907391376	0.0	0.0	0.0	0.0	0.0	0.0	0.0	0.615610907391376	0.9453178985347033	0.0	0.0	0.0	0.0	0.0	0.0	0.0	0.0	0.0	0.0	0.0	0.0	0.8605507415900135	0.0	0.4088143559604616	0.0	0.0	0.615610907391376	0.0	1.5857010848082187	0.0	0.0	0.0	1.4152106226339556	0.0	0.0	0.615610907391376	0.4088143559604616	0.0	0.615610907391376	3.6239223245720593	1.0162110900616894	1.0162110900616894	0.0	0.0	0.0	0.4088143559604616	0.0	0.0	1.220993578007018	0.0	0.0	0.0	0.7551247958835922	0.0	0.0	0.0	0.615610907391376	0.0	0.0	0.0	0.0	0.0	0.0	0.0	0.0	0.0	0.0	0.0	0.0	0.615610907391376	0.0	0.0	0.0	0.0	0.0	0.0	0.0	0.0	0.615610907391376	0.0	0.0	0.4088143559604616	0.0	1.3882934427278273	0.0	0.4088143559604616	0.0	0.0	0.0	0.0	0.0	0.0	0.0	0.0	0.0	0.0	0.0	0.0	0.0	0.0	4.187045982242447	0.0	1.2600062052032386	0.0	0.0	0.0	0.0	1.295801371958806	0.0	0.0	0.0	0.0	0.0	0.0	0.0	0.0	0.0	2.3748795235503457	0.0	0.0	0.0	0.0	0.0	0.0	0.0	0.0	0.0	0.0	0.0	0.0	0.0	1.1781274446145393	0.0	0.0	0.0	1.0771394816832367	0.0	0.0	0.8605507415900135	0.0	0.4088143559604616	0.0	0.0	0.0	0.0	0.4088143559604616	1.0771394816832367	0.0	0.0	0.0	0.0	0.0	0.0	0.0	0.9453178985347033	0.0	0.0	0.0	2.829188107060183	1.130562257518982	0.4088143559604616	0.0	0.0	0.0	1.2600062052032386	0.0	0.0	0.7551247958835922	0.4088143559604616	1.0162110900616894	0.0	0.0	0.0	0.0	0.4088143559604616	0.0	0.0	0.0	0.0	1.3595970811709568	0.0	0.0	0.0	0.0	0.0	0.0	0.0	0.0	0.0	0.0	0.0	0.0	0.0	0.0	0.0	0.0	0.0	0.0	0.0	3.0920453716360594	0.0	0.0	0.0	0.0	0.4088143559604616	3.7176363340072482	0.0	0.0	0.0	0.0	0.0	0.0	0.0	0.0	0.0	0.4088143559604616	0.0	0.0	0.0	0.0	0.0	0.0	0.7551247958835922	0.615610907391376	0.4088143559604616	0.4088143559604616	0.0	0.4088143559604616	0.0	0.0	0.4088143559604616	3.4864645670952976	0.0	0.0	0.0	0.0	0.615610907391376	0.0	0.0	0.0	0.0	0.0	0.0	3.8116583369210004	0.4088143559604616	0.0	0.0	0.4088143559604616	0.0	0.0	0.0	0.0	0.0	0.0	0.0	0.0	0.0	0.615610907391376	0.0	0.0	0.0	0.4088143559604616	0.0	0.0	0.0	0.0	0.7551247958835922	3.371787828149053	0.0	0.4088143559604616	0.0	0.0	0.0	0.0	0.0	0.0	0.0	0.0	0.0
SRR11292146	0.0	0.0	3.03768616169737	0.0	0.0	0.0	0.5011443758498153	0.8757477145700929	1.6028321726638823	0.0	0.0	1.4321264207575204	3.3428192909203545	0.5011443758498153	0.5011443758498153	0.0	0.7276423076888501	0.0	0.0	0.9859868457466741	0.0	0.5011443758498153	0.0	0.0	0.0	0.0	0.0	1.263990236836734	0.0	0.0	0.7276423076888501	0.0	3.927699970893859	0.0	3.732340292264059	0.0	0.0	0.0	0.5011443758498153	0.0	1.4656516320024318	0.9859868457466741	0.0	0.0	0.0	0.0	0.0	0.0	0.0	0.0	2.103448058026866	0.0	0.9859868457466741	0.0	0.0	0.0	0.5011443758498153	0.0	0.0	0.0	0.0	0.0	0.0	0.0	0.0	0.0	0.0	1.3957951176151169	0.0	0.9859868457466741	0.0	0.5011443758498153	0.0	0.0	1.525813150070887	0.0	0.7276423076888501	0.0	0.5011443758498153	0.0	0.0	0.0	0.0	2.3555369864512707	1.7069249860997382	0.0	0.0	0.0	0.5011443758498153	0.0	0.0	0.0	0.0	0.0	0.0	0.0	1.0738321905529156	1.2093635011879438	0.0	0.0	0.5011443758498153	0.0	0.0	0.0	0.0	0.0	0.0	0.0	0.0	0.5011443758498153	0.9859868457466741	0.0	0.0	0.0	0.0	1.263990236836734	0.0	1.7424543632305771	0.0	0.0	0.0	2.0129181819933195	0.0	0.0	3.088986489357556	0.0	0.0	1.263990236836734	2.565653054585333	0.8757477145700929	0.5011443758498153	0.0	0.0	0.0	0.7276423076888501	0.0	0.0	3.1341705927295465	0.9859868457466741	1.1468634775902862	0.0	1.3125072250262524	0.0	0.0	0.0	0.0	0.0	0.0	0.0	0.0	0.0	0.0	0.0	0.0	0.9859868457466741	0.0	0.0	0.5011443758498153	1.1468634775902862	0.0	0.0	0.5011443758498153	0.0	0.5011443758498153	0.7276423076888501	0.0	0.0	2.4245807937584645	0.0	0.0	0.7276423076888501	0.5011443758498153	1.3561447117008278	0.0	0.0	0.0	0.0	0.0	0.0	0.0	0.0	0.0	0.0	0.0	0.0	0.0	0.0	0.0	0.0	3.83550918550307	0.0	0.5011443758498153	0.0	0.0	0.0	0.0	0.8757477145700929	0.0	0.0	0.0	0.0	0.0	0.0	0.0	0.0	0.0	1.8058270908006104	0.0	0.0	0.0	0.0	0.0	0.0	0.0	0.0	0.0	0.0	0.5011443758498153	0.0	0.0	1.1468634775902862	0.0	0.0	0.0	2.088330304388254	0.7276423076888501	0.0	0.5011443758498153	0.0	0.5011443758498153	0.0	0.0	0.0	0.5011443758498153	0.7276423076888501	1.1468634775902862	0.0	0.0	0.0	0.0	0.0	0.0	0.0	2.8477461623128755	0.0	0.0	0.0	3.01002955919561	1.5530323008827662	0.8757477145700929	0.0	0.0	0.0	0.7276423076888501	0.0	0.0	0.5011443758498153	0.8757477145700929	1.3561447117008278	0.5011443758498153	0.0	0.7276423076888501	0.0	1.525813150070887	0.0	0.0	0.0	0.0	1.7908296053714774	0.0	0.0	0.0	0.0	0.0	0.0	0.0	1.7069249860997382	0.0	0.0	0.0	0.0	0.0	0.7276423076888501	0.0	0.9859868457466741	2.8355293240861186	0.9859868457466741	0.0	3.9975880300267157	0.0	0.0	0.0	0.0	0.0	3.430866724444036	0.0	0.0	0.0	0.0	0.0	0.0	0.0	0.0	0.0	0.8757477145700929	1.4656516320024318	0.0	0.0	0.0	0.0	0.0	1.3561447117008278	0.5011443758498153	0.0	0.7276423076888501	0.0	0.0	0.5011443758498153	0.0	0.0	2.6364413983268093	0.5011443758498153	0.0	0.0	0.0	0.5011443758498153	0.0	0.0	0.9859868457466741	0.5011443758498153	0.0	0.0	3.5752474557766516	0.0	0.0	0.0	0.0	0.0	0.0	0.0	0.0	0.0	0.0	0.0	0.0	0.0	0.0	0.0	0.0	0.0	0.0	0.0	0.0	0.0	0.0	0.5011443758498153	2.056418125966505	1.0738321905529156	1.0738321905529156	0.0	0.0	0.5011443758498153	0.0	0.0	0.0	0.8757477145700929	1.6475045011511398	0.0
SRR11292147	1.0545015952382057	0.0	0.30828881107903494	0.0	0.0	0.0	0.0	0.9157143877737354	1.1272508791716358	0.0	0.7901827381394613	1.5324828674357576	2.789620795435383	0.30828881107903494	0.0	0.0	0.0	0.6129032190995577	0.0	0.30828881107903494	0.0	0.48677296242300905	0.0	0.0	0.0	0.0	0.48677296242300905	0.6129032190995577	0.0	0.0	1.0923977514946177	0.0	2.554686957995591	0.0	0.0	0.0	0.0	0.0	0.6129032190995577	0.0	3.155837846327777	0.0	0.0	0.0	0.0	0.0	0.0	0.0	0.0	0.0	1.519105481193585	0.0	0.48677296242300905	0.0	0.0	0.0	0.30828881107903494	0.0	0.0	0.0	0.0	0.0	0.0	0.0	0.0	0.0	0.0	1.3561767636198854	0.0	0.48677296242300905	0.0	0.48677296242300905	0.0	0.0	1.7775820468545656	0.0	0.48677296242300905	0.0	0.0	0.0	0.0	0.0	0.0	1.8834385944358283	0.30828881107903494	0.0	1.0923977514946177	0.0	0.30828881107903494	0.0	0.0	2.3344768174069004	0.48677296242300905	0.30828881107903494	0.0	0.0	0.0	0.0	0.0	0.0	0.0	0.0	0.0	0.0	0.0	0.0	0.0	0.0	0.0	0.0	0.30828881107903494	0.0	0.30828881107903494	0.0	0.0	0.30828881107903494	0.0	1.3147196043028808	0.0	0.0	0.0	0.0	0.0	0.0	2.4105407654009023	0.30828881107903494	0.0	1.0129797604431272	2.9508956491803326	0.0	1.0545015952382057	0.0	0.0	0.0	0.7901827381394613	0.0	0.7901827381394613	1.2924058780718486	0.0	0.6129032190995577	0.0	0.48677296242300905	0.0	0.0	0.30828881107903494	0.0	0.0	0.0	0.0	0.0	0.0	0.0	0.0	0.30828881107903494	1.0545015952382057	0.0	0.0	0.0	0.0	0.0	0.0	0.0	0.0	0.0	0.7901827381394613	0.0	0.0	1.5053029054590885	0.0	0.0	0.0	0.0	0.0	0.0	0.8574684343251084	0.0	0.0	0.0	0.0	0.0	0.0	0.0	0.0	0.0	0.0	0.0	0.0	0.0	0.0	4.542092209783337	0.0	0.48677296242300905	0.0	0.0	0.0	0.48677296242300905	0.48677296242300905	0.0	0.0	0.0	0.0	0.0	0.0	0.0	0.0	0.0	3.279680235771804	0.0	0.0	0.0	0.0	0.0	0.0	0.0	0.0	0.0	0.0	0.0	0.0	0.0	1.2176322379884517	0.0	0.0	0.0	1.5053029054590885	0.8574684343251084	0.0	1.3147196043028808	0.6129032190995577	0.7105265781663376	0.0	0.0	0.0	0.0	0.48677296242300905	0.0	0.0	0.0	0.6129032190995577	0.0	0.0	0.0	0.0	1.2924058780718486	0.30828881107903494	0.0	0.0	0.7105265781663376	0.9157143877737354	0.0	0.0	0.0	0.30828881107903494	0.7901827381394613	0.0	0.0	0.30828881107903494	0.30828881107903494	0.7105265781663376	0.6129032190995577	0.0	0.48677296242300905	0.0	1.189544380521107	0.0	0.0	0.0	0.0	1.3359426767449682	0.0	0.0	0.0	0.0	0.0	0.0	0.0	0.8574684343251084	0.0	0.0	0.0	0.0	0.0	0.0	0.0	0.7105265781663376	0.9157143877737354	0.30828881107903494	0.0	1.3755099480730077	0.0	0.0	0.0	0.0	0.0	2.761007116330532	0.0	0.0	0.0	0.0	0.0	0.0	0.0	0.0	0.0	0.30828881107903494	1.7301292059468683	0.0	0.0	0.30828881107903494	0.0	0.0	0.48677296242300905	0.0	0.30828881107903494	0.0	0.0	0.0	0.0	0.0	0.30828881107903494	3.4519851601266787	0.0	0.0	0.0	0.0	0.0	0.0	0.0	0.48677296242300905	0.0	0.0	0.0	1.3359426767449682	0.30828881107903494	0.0	0.0	0.0	0.0	0.0	0.0	0.0	0.0	0.0	0.0	0.0	0.0	0.0	0.0	0.0	0.0	0.0	0.0	0.0	0.0	0.0	0.7105265781663376	3.54459381902229	0.6129032190995577	1.0923977514946177	0.0	0.0	1.0545015952382057	0.0	0.0	0.0	0.6129032190995577	0.967064368151828	0.0
SRR11292148	1.2063294539883396	0.0	2.6154370383475403	0.3174903706894967	0.0	0.0	0.3174903706894967	0.0	0.3174903706894967	0.0	0.3174903706894967	1.108897528853569	3.185807710253177	0.3174903706894967	0.0	0.0	0.3174903706894967	0.0	0.0	0.0	0.0	0.0	0.0	0.0	0.0	0.0	0.0	0.8729452141247938	0.0	0.0	1.3530531936701327	0.49893264296773016	3.8646322814369536	0.0	0.0	0.0	0.0	0.0	0.0	0.0	1.3926911277717797	0.0	0.0	0.0	0.0	0.0	0.0	0.0	0.0	0.0	2.111241209945634	0.0	0.3174903706894967	0.0	0.0	0.0	1.2344885576781177	0.0	0.0	0.0	0.0	0.0	0.0	0.0	0.0	0.0	0.0	1.5754968313063156	0.0	0.3174903706894967	0.0	0.6265223635526755	0.0	0.0	1.0708715276796605	0.0	0.49893264296773016	0.0	0.3174903706894967	0.0	0.3174903706894967	0.0	0.0	3.2444880897279242	0.49893264296773016	0.0	0.6265223635526755	0.0	0.49893264296773016	0.0	0.0	0.8052485227984648	0.49893264296773016	0.0	0.0	0.0	0.6265223635526755	0.3174903706894967	0.0	0.0	0.0	0.0	0.0	0.0	0.0	0.0	0.3174903706894967	0.3174903706894967	0.0	0.3174903706894967	0.3174903706894967	0.0	0.0	0.0	0.0	0.49893264296773016	0.0	0.49893264296773016	0.0	0.0	0.0	0.49893264296773016	0.0	0.0	2.17197292388523	0.3174903706894967	0.0	1.029193742718128	2.3746006775976847	0.3174903706894967	1.3317894762697415	0.0	0.0	0.0	0.3174903706894967	0.0	0.0	1.143860444778597	0.7250152342349258	0.0	0.0	3.216706708466076	0.0	0.0	0.0	0.3174903706894967	0.0	0.0	0.0	0.3174903706894967	0.0	0.0	0.49893264296773016	0.3174903706894967	0.7250152342349258	0.0	0.0	0.0	0.0	0.0	0.0	0.49893264296773016	0.0	0.0	0.0	0.0	0.0	0.7250152342349258	0.0	0.0	0.8052485227984648	0.0	0.9314987388402342	0.0	0.0	0.0	0.3174903706894967	0.0	0.0	0.0	0.0	0.0	0.0	0.0	0.0	0.0	0.0	0.0	0.0	4.282176314255544	0.0	1.0708715276796605	0.3174903706894967	0.0	0.0	1.4625282570351636	0.3174903706894967	0.0	0.0	0.0	0.0	0.0	0.0	0.0	0.0	0.0	2.343921495253414	0.0	0.0	0.0	0.0	0.0	0.0	0.0	0.0	0.0	0.0	0.0	0.0	0.0	0.8052485227984648	0.0	0.0	0.0	0.9314987388402342	0.8729452141247938	0.0	0.6265223635526755	0.0	0.8052485227984648	0.0	0.0	0.0	0.0	1.108897528853569	0.8052485227984648	0.0	0.0	0.0	0.0	0.0	0.0	0.49893264296773016	0.8052485227984648	0.0	0.0	0.0	1.739278628646594	0.8729452141247938	0.3174903706894967	0.0	0.0	0.0	3.028361818093712	0.0	0.0	0.6265223635526755	0.0	2.17197292388523	0.0	0.0	0.3174903706894967	0.0	1.0708715276796605	0.3174903706894967	0.0	0.0	0.0	1.2858582933311578	0.0	0.0	0.0	0.0	0.0	0.0	0.0	0.6265223635526755	0.0	0.0	0.0	0.3174903706894967	0.0	0.0	0.0	0.49893264296773016	0.49893264296773016	0.0	0.0	2.8067842097664224	0.0	0.0	0.0	0.0	0.0	3.8235840381855173	0.0	0.0	0.0	0.0	0.0	0.0	0.0	0.0	0.0	1.3094308148809193	1.108897528853569	0.0	0.0	0.3174903706894967	0.0	0.0	0.7250152342349258	0.3174903706894967	0.0	0.0	0.0	0.0	0.3174903706894967	0.0	0.3174903706894967	3.127463927508683	0.0	0.0	0.0	0.0	0.3174903706894967	0.0	0.0	0.0	0.0	0.0	0.0	3.568490063883053	0.0	0.0	0.0	0.0	0.0	0.0	0.3174903706894967	0.0	0.3174903706894967	0.0	0.0	0.0	0.0	0.0	0.0	0.0	0.0	0.49893264296773016	0.0	0.0	0.0	0.0	0.8052485227984648	3.1954595766652587	0.3174903706894967	0.8729452141247938	0.0	0.0	0.0	0.0	0.0	0.0	0.0	0.49893264296773016	0.0
SRR11292149	0.21001491226135685	0.0	2.9277487781546645	0.21001491226135685	0.0	0.21001491226135685	0.21001491226135685	0.0	1.307021678404926	0.9274930073221419	0.5425096266228614	1.3689776408853733	2.544673861636007	0.6137709056267271	0.21001491226135685	0.35097089903299233	0.35097089903299233	0.0	0.0	0.35097089903299233	0.0	0.35097089903299233	0.0	0.0	0.0	0.0	0.0	0.5425096266228614	0.21001491226135685	0.21001491226135685	2.0127781435857774	0.7286021519484311	3.553863325052958	0.0	2.968804744288176	0.0	0.35097089903299233	0.0	0.4572151680996914	0.0	3.59596453870354	1.6664824341400382	0.0	0.0	0.0	0.0	0.0	0.0	0.0	0.0	1.4128741723917537	0.0	0.5425096266228614	0.0	0.0	0.0	0.6137709056267271	0.4572151680996914	0.0	0.0	0.0	1.234732616800815	0.0	0.0	0.0	0.0	0.0	0.6137709056267271	0.0	0.6137709056267271	0.0	0.0	0.0	0.0	1.2934945597308924	0.0	1.8214867200818134	0.5425096266228614	2.4113344080912924	0.21001491226135685	0.21001491226135685	0.0	0.0	2.386548289580782	2.287305351472182	0.0	0.35097089903299233	0.0	1.1479600377721293	0.0	0.0	2.449418950753456	0.6749708221459252	0.21001491226135685	0.0	0.0	0.6137709056267271	0.958289327026639	0.0	0.21001491226135685	1.0394082720681146	0.0	0.0	0.0	0.0	0.0	0.8943450689335459	0.21001491226135685	0.0	0.0	0.7286021519484311	0.0	0.21001491226135685	0.0	0.0	1.1847741114265584	0.21001491226135685	2.337278104802101	0.0	0.0	0.0	1.7054297386180763	0.0	0.0	2.542356003875679	0.6749708221459252	0.0	1.1667570376612093	3.1714777670413334	0.0	2.5184705093059145	0.0	0.0	0.0	1.0394082720681146	0.0	0.8943450689335459	2.9264710723020806	0.5425096266228614	0.5425096266228614	0.0	0.5425096266228614	0.21001491226135685	0.0	0.0	0.5425096266228614	0.0	0.0	0.0	0.0	0.0	0.0	0.0	0.21001491226135685	0.6137709056267271	0.0	0.21001491226135685	0.0	0.21001491226135685	0.0	0.0	0.6137709056267271	0.0	0.0	0.6749708221459252	1.2020734103154214	0.0	1.864133764339692	0.0	0.0	0.35097089903299233	0.21001491226135685	0.5425096266228614	0.0	0.0	0.0	0.35097089903299233	0.21001491226135685	0.0	0.0	0.0	0.0	0.0	0.0	0.0	0.0	0.0	0.6137709056267271	0.0	4.039249009632932	0.21001491226135685	1.4431100387622826	0.4572151680996914	0.0	0.0	0.21001491226135685	0.7286021519484311	0.0	2.38320847175381	0.0	0.0	0.21001491226135685	0.21001491226135685	0.0	0.0	0.0	1.7054297386180763	0.0	2.5305774438486486	0.0	0.0	0.0	0.0	0.0	0.0	0.35097089903299233	0.0	0.0	0.21001491226135685	0.0	0.4572151680996914	0.0	0.0	0.0	1.4128741723917537	1.0861313796905627	0.0	0.7286021519484311	0.21001491226135685	1.2020734103154214	0.35097089903299233	0.0	0.0	0.21001491226135685	0.7286021519484311	0.4572151680996914	0.0	0.0	0.0	0.0	0.21001491226135685	0.0	0.7763325518129135	2.475487716797882	0.0	0.0	0.0	3.2361149783589966	1.1283125213675071	0.8193327956581591	0.0	0.35097089903299233	0.0	0.4572151680996914	0.6749708221459252	0.0	1.5833342250568996	0.35097089903299233	3.0243008974326964	0.0	0.0	0.6137709056267271	0.0	1.4621577272152833	0.21001491226135685	0.0	0.0	0.5425096266228614	3.0766829288323945	0.0	0.0	0.0	0.0	0.0	0.0	0.0	1.33287396889313	0.0	0.21001491226135685	0.0	0.0	0.35097089903299233	0.0	0.0	0.6749708221459252	0.7286021519484311	0.5425096266228614	0.0	3.726302728858278	0.0	0.0	0.0	0.0	0.0	3.9468285562509693	0.21001491226135685	0.21001491226135685	0.0	0.0	0.0	0.0	0.0	0.0	0.0	0.958289327026639	1.5064142310162831	0.0	0.21001491226135685	0.21001491226135685	0.0	0.0	1.0394082720681146	0.35097089903299233	0.7286021519484311	0.4572151680996914	0.0	0.35097089903299233	0.958289327026639	0.0	0.0	2.641644272571445	0.21001491226135685	0.0	0.0	0.0	1.320140159235124	0.0	0.21001491226135685	1.5309534434647072	0.7763325518129135	0.0	0.21001491226135685	3.0773614759075105	0.35097089903299233	0.0	0.0	0.4572151680996914	0.35097089903299233	0.0	0.6137709056267271	0.0	0.0	1.2501851324266968	0.5425096266228614	0.0	0.0	0.4572151680996914	0.21001491226135685	0.0	0.21001491226135685	0.0	0.0	0.0	0.0	0.0	2.1046194094852955	3.1819059033627703	0.35097089903299233	1.0633978550409167	0.0	0.21001491226135685	0.35097089903299233	0.0	0.0	0.21001491226135685	0.8584564582120257	1.345245025508296	0.0
SRR11292150	0.3392188023119508	0.0	2.4795649277469183	0.0	0.0	0.0	0.0	0.0	1.2145733450023113	0.0	0.6581535562806897	0.5273282055516882	2.3868290176721914	0.6581535562806897	0.0	0.0	0.3392188023119508	0.0	0.0	0.0	0.0	0.0	0.0	0.0	0.0	0.0	0.3392188023119508	3.4446979379392	0.0	0.0	2.1020423434265814	0.0	3.4755239676443224	0.0	0.3392188023119508	0.0	0.6581535562806897	0.0	0.5273282055516882	0.0	1.6512945446801217	1.1820137998911362	0.0	0.0	0.0	0.0	0.0	0.0	0.0	0.0	0.0	0.0	0.0	0.0	0.0	0.0	0.3392188023119508	0.0	0.0	0.0	0.0	0.0	0.0	0.0	0.0	0.0	0.0	1.01997318556561	0.0	0.3392188023119508	0.0	0.0	0.0	0.0	0.7585576154746596	0.3392188023119508	0.3392188023119508	0.0	1.3247989343375872	0.0	0.0	0.0	0.0	3.168055460083282	2.1219047654890217	0.3392188023119508	0.0	0.0	0.0	0.0	0.0	0.0	0.0	0.0	0.0	0.0	0.0	1.66262124479961	0.0	0.0	0.7585576154746596	0.0	0.0	0.0	0.0	0.0	0.5273282055516882	0.0	0.0	0.0	0.0	0.0	0.0	0.0	0.0	1.01997318556561	0.0	2.3208813823739893	0.0	0.0	0.0	0.6581535562806897	0.0	0.0	2.140898371744915	0.7585576154746596	0.0	0.7585576154746596	3.6265464761968875	0.3392188023119508	0.7585576154746596	0.0	0.0	0.0	0.9678665184917505	0.0	0.9086447258463992	2.726351917999134	0.0	0.3392188023119508	0.0	2.353969434411579	0.0	0.0	0.0	0.5273282055516882	0.0	0.5273282055516882	0.0	0.9086447258463992	0.0	0.0	0.0	0.0	0.3392188023119508	0.0	0.0	0.0	0.0	0.0	0.0	0.3392188023119508	0.0	0.0	0.6581535562806897	1.2448611870339255	0.0	1.7250005722323656	0.0	0.0	1.1085074766179506	0.9678665184917505	0.6581535562806897	0.0	0.0	0.0	0.5273282055516882	0.0	0.0	0.0	0.0	0.0	0.7585576154746596	0.0	0.0	0.0	0.0	0.0	0.0	3.897339899515262	0.0	1.0664924853918596	1.273173753052112	0.0	0.0	0.0	2.502790799547631	0.0	2.1799720771643294	0.0	0.0	0.0	0.0	0.0	0.0	0.0	2.318418617083196	0.0	3.965764835530397	0.0	0.0	0.0	0.0	0.0	0.3392188023119508	0.0	0.0	0.0	0.0	0.0	1.4685233307075438	0.0	0.0	0.0	1.0664924853918596	0.8400527056259949	0.0	0.6581535562806897	0.0	0.9678665184917505	0.0	0.0	0.0	0.0	0.0	0.0	0.0	0.0	0.0	0.0	0.0	0.0	0.0	0.9086447258463992	0.0	0.0	0.0	3.113830210443643	0.0	2.0363434699663783	0.0	0.3392188023119508	0.0	0.9678665184917505	0.6581535562806897	0.0	1.7621068830761386	2.04569911874656	1.3484788906413354	1.1468139455961044	0.0	0.5273282055516882	0.0	0.5273282055516882	0.0	0.0	0.0	0.3392188023119508	1.964518432912417	0.0	0.0	0.0	0.0	0.0	0.0	0.0	0.9678665184917505	0.0	0.0	0.0	0.0	0.0	0.5273282055516882	0.0	0.5273282055516882	0.3392188023119508	0.8400527056259949	0.0	3.090675236304776	0.0	0.0	0.0	0.0	0.0	3.96509676239213	0.0	0.0	0.0	0.0	0.0	0.0	0.0	0.0	0.0	1.2145733450023113	0.5273282055516882	0.3392188023119508	0.0	0.0	1.1820137998911362	0.0	0.5273282055516882	0.0	0.0	0.0	0.0	0.0	2.068242752332612	0.0	0.0	3.424862353001877	0.5273282055516882	0.0	0.0	0.0	0.3392188023119508	0.0	0.0	0.3392188023119508	0.0	0.0	1.6844251749023673	3.154580679162052	0.0	0.0	0.3392188023119508	0.5273282055516882	0.0	0.3392188023119508	0.0	0.3392188023119508	0.0	0.5273282055516882	0.0	0.0	0.0	0.6581535562806897	0.0	0.0	0.0	0.5273282055516882	0.0	0.0	0.0	0.0	0.9086447258463992	1.5897548051267805	0.5273282055516882	0.0	0.0	0.0	0.0	0.0	0.0	0.0	1.3484788906413354	0.8400527056259949	0.0
SRR11292151	0.6105473943717181	0.0	2.7314181672078077	0.0	0.0	0.0	0.3067066540398971	0.4846737626493982	0.7080173799582328	0.0	0.3067066540398971	0.7875715403377996	0.3067066540398971	0.0	0.0	0.3067066540398971	0.0	0.0	0.0	0.0	0.0	0.0	0.0	0.0	0.0	0.0	0.3067066540398971	0.3067066540398971	0.0	0.0	1.3531963299827248	1.502282430274275	4.025126990875578	0.0	0.0	0.0	0.7080173799582328	0.0	0.0	0.0	0.0	0.3067066540398971	0.0	0.0	0.0	0.0	0.0	0.0	0.0	0.0	0.0	0.3067066540398971	0.0	0.0	0.0	0.0	0.0	0.3067066540398971	0.0	0.0	0.0	0.0	0.0	0.0	0.0	0.0	0.0	0.0	0.0	0.0	0.0	0.3067066540398971	0.0	0.0	1.4580402497379996	0.0	0.7080173799582328	0.3067066540398971	1.5550298629390444	0.0	0.0	0.0	0.0	2.1010946483680657	1.8623815651645326	0.0	0.6105473943717181	0.0	0.0	0.0	0.0	2.1115622378993013	0.0	0.3067066540398971	0.0	0.0	0.4846737626493982	0.3067066540398971	0.0	0.0	0.0	0.0	0.0	0.0	0.0	0.0	0.4846737626493982	0.3067066540398971	0.0	0.0	1.2147035703216926	0.0	0.0	0.0	0.0	0.7080173799582328	0.0	2.2260560208998768	0.0	0.0	0.0	0.7875715403377996	0.0	0.0	0.8547845014380815	0.4846737626493982	0.0	0.0	3.113018338190419	1.3329688137114257	1.3531963299827248	0.0	0.0	0.0	0.4846737626493982	0.0	0.4846737626493982	2.6987861700032503	0.0	0.8547845014380815	0.0	0.3067066540398971	0.0	0.0	0.0	0.0	0.0	0.0	0.0	0.0	0.0	0.0	0.3067066540398971	0.0	0.0	0.0	0.0	0.0	0.3067066540398971	0.0	0.0	0.0	0.0	0.0	0.0	0.9129759700174068	0.0	1.4880300081342073	0.0	0.0	0.0	0.0	0.0	0.0	0.0	0.0	0.4846737626493982	0.0	0.0	0.0	0.0	0.0	0.0	0.0	0.0	0.0	0.0	0.0	0.0	4.280745718208129	0.0	0.4846737626493982	0.7080173799582328	0.0	0.0	0.0	0.9642836125853553	0.0	0.6105473943717181	0.0	0.0	0.0	0.0	0.0	0.0	0.0	1.9506713205984396	0.0	0.0	0.0	0.0	0.0	0.0	0.0	0.7080173799582328	0.0	0.0	0.0	0.0	0.0	0.0	0.0	0.3067066540398971	0.0	0.9129759700174068	1.2147035703216926	0.0	0.3067066540398971	0.0	0.3067066540398971	0.0	0.0	0.0	0.0	0.0	0.0	0.0	0.0	0.0	0.0	0.0	0.0	0.0	1.0516593187110674	0.0	0.0	0.0	3.651361254556908	0.0	1.5550298629390444	0.0	0.0	0.0	0.4846737626493982	0.0	0.0	1.7353458009336187	0.7875715403377996	1.6642450758452167	0.0	0.0	0.0	0.0	0.4846737626493982	0.3067066540398971	0.0	0.0	0.0	1.8034921316552415	0.0	0.0	0.0	0.0	0.0	0.0	0.0	0.4846737626493982	0.0	0.0	0.0	0.0	0.0	0.0	0.0	0.0	0.0	0.0	0.0	2.9783477958261146	0.0	0.0	0.0	0.0	0.0	3.7310234431247524	0.0	0.0	0.0	0.0	0.0	0.0	0.0	0.0	0.0	1.0516593187110674	0.0	0.0	0.0	0.0	0.0	0.0	1.1566120341176167	1.3117529698915549	0.8547845014380815	0.3067066540398971	0.0	0.0	0.7080173799582328	0.0	0.0	2.093973410613552	0.4846737626493982	0.0	0.0	0.0	0.0	0.0	0.0	0.3067066540398971	0.0	0.3067066540398971	0.0	1.1566120341176167	0.3067066540398971	0.0	0.0	0.0	0.0	0.0	0.8547845014380815	0.0	0.3067066540398971	0.7080173799582328	0.0	0.0	0.0	0.0	0.0	0.0	0.0	0.0	0.0	0.0	0.0	0.0	1.9087661945773933	3.59707619263294	0.0	0.0	0.0	0.0	0.0	0.0	0.0	0.0	0.3067066540398971	0.0	0.0
SRR11292152	0.7115859891225794	0.30895782860852383	1.0141675228961091	0.0	0.48765986183728816	0.0	1.6966331422644176	0.0	0.30895782860852383	0.0	0.0	1.2936541327725584	2.49422875904553	0.48765986183728816	0.30895782860852383	0.7912850306671075	0.30895782860852383	0.0	0.0	0.0	0.0	0.0	0.0	0.30895782860852383	0.0	0.0	0.0	1.8415579411179193	0.0	0.0	1.5065771182112397	0.9682379126844283	4.126133687464501	0.0	2.8205100267059238	0.0	0.0	0.0	0.0	0.0	2.301190877443738	1.9020037924927569	0.0	0.0	0.30895782860852383	1.6781357471265825	0.0	0.0	0.0	0.0	2.1829258757362773	0.0	0.0	0.0	0.0	0.0	0.6138981234925048	0.48765986183728816	0.0	0.0	0.0	0.0	0.0	0.0	0.0	0.0	0.0	0.0	0.0	0.6138981234925048	0.0	0.0	0.0	0.0	1.3574341667521694	0.30895782860852383	0.30895782860852383	0.48765986183728816	0.0	1.3159712139489044	0.30895782860852383	0.0	0.0	2.535494904697569	1.6063822550998959	0.0	0.0	0.30895782860852383	2.4720256072002784	0.0	0.0	1.5593404248978897	0.30895782860852383	0.6138981234925048	0.0	0.0	1.3159712139489044	1.0936068205856315	1.7557955427103897	0.0	1.4300929157749156	0.0	0.0	0.0	0.0	0.0	0.7912850306671075	0.0	0.0	0.0	0.0	0.0	0.0	0.30895782860852383	0.0	1.6488229458305697	0.48765986183728816	1.4465053453438435	0.0	0.0	0.0	0.48765986183728816	0.0	0.0	1.8216523094308998	0.30895782860852383	0.0	0.48765986183728816	3.1652296140086187	0.30895782860852383	1.9186105736249508	0.7912850306671075	0.0	0.0	0.8586012966184502	0.0	0.30895782860852383	2.607850823660483	0.0	0.7912850306671075	0.0	0.48765986183728816	0.30895782860852383	0.0	0.0	1.6488229458305697	0.0	0.0	0.0	0.0	0.0	0.0	0.0	0.0	0.0	0.0	0.0	0.0	0.48765986183728816	0.0	0.0	0.0	0.0	0.0	0.48765986183728816	1.5593404248978897	0.0	3.0487206794872033	0.0	0.0	1.6685829679993869	0.0	1.907610240730609	0.0	0.0	0.0	0.0	0.0	0.0	0.0	0.0	0.0	0.0	0.0	0.0	0.0	0.0	0.0	0.0	4.080469607729073	0.0	0.48765986183728816	0.0	0.0	0.0	0.48765986183728816	1.3574341667521694	0.30895782860852383	1.1284681366629599	0.0	0.0	0.0	0.0	0.0	0.0	0.0	1.9186105736249508	0.0	2.508424301265164	0.7115859891225794	0.0	0.0	0.0	0.0	1.055700982502957	0.0	0.0	0.0	0.0	0.0	0.0	0.0	0.0	1.4923200654730595	2.0529984285720357	1.3952812753289476	0.0	2.981838586244315	0.0	1.800790304590802	0.0	0.0	0.0	0.0	0.0	0.48765986183728816	0.0	0.0	0.0	0.0	1.5950908216649062	0.0	0.0	2.486953108338109	0.48765986183728816	0.0	1.68748291698281	3.326186878956742	1.6488229458305697	1.0141675228961091	0.0	0.6138981234925048	0.0	0.0	0.0	0.30895782860852383	1.1284681366629599	0.30895782860852383	1.6488229458305697	0.0	0.0	0.0	0.0	0.0	0.6138981234925048	0.0	0.0	0.6138981234925048	1.3574341667521694	0.0	0.6138981234925048	0.30895782860852383	0.0	0.30895782860852383	0.0	0.0	2.1678931878381027	0.30895782860852383	0.0	0.0	1.4300929157749156	0.0	0.30895782860852383	0.0	0.0	0.48765986183728816	0.30895782860852383	0.0	3.323201973335841	0.0	0.30895782860852383	0.0	0.0	0.0	3.898634307608822	0.0	0.0	0.30895782860852383	0.0	0.0	0.0	0.0	0.0	0.0	0.7115859891225794	0.0	0.30895782860852383	1.3952812753289476	0.30895782860852383	0.0	0.0	0.9682379126844283	0.48765986183728816	0.30895782860852383	0.30895782860852383	0.0	0.0	0.6138981234925048	0.0	0.0	1.4300929157749156	0.8586012966184502	0.0	0.48765986183728816	0.0	0.0	0.0	0.0	0.0	0.0	0.0	0.30895782860852383	2.716386511485372	0.6138981234925048	0.0	0.0	0.0	0.0	0.48765986183728816	0.48765986183728816	0.0	0.30895782860852383	0.0	0.0	0.0	0.0	0.0	0.0	0.0	0.0	0.8586012966184502	0.0	0.0	0.0	0.0	2.780610005022521	3.002469361798756	0.30895782860852383	0.48765986183728816	0.30895782860852383	0.0	1.3952812753289476	0.0	0.0	0.0	0.30895782860852383	1.7713175605415723	0.0
SRR11292153	0.0	0.0	2.749109536617242	0.0	0.0	0.0	0.8233750863754451	0.0	0.4603203932321861	0.0	0.0	0.0	3.20577855864142	0.8233750863754451	0.0	0.0	0.0	0.4603203932321861	0.0	0.0	0.0	0.0	0.0	0.0	0.0	0.0	0.0	0.0	0.4603203932321861	0.0	0.0	0.0	4.1443716210016985	0.0	0.0	0.0	0.4603203932321861	0.0	0.0	0.0	3.0711319435560576	0.4603203932321861	0.0	0.0	0.0	0.0	0.0	0.4603203932321861	0.0	0.0	1.6472037225461447	0.0	0.0	0.0	0.0	0.0	0.0	0.0	0.0	0.0	0.0	0.4603203932321861	0.0	0.0	0.0	0.0	0.0	1.1523837418876497	0.0	0.0	0.0	0.0	0.0	0.0	1.1523837418876497	0.0	0.8233750863754451	0.6787295445719613	0.0	0.0	0.0	0.0	0.0	2.7188887287307604	0.6787295445719613	0.0	0.0	0.0	0.0	0.0	0.0	0.0	1.2980142164523825	0.0	0.0	0.0	0.0	1.8261758949160123	0.0	0.0	0.0	0.0	0.0	0.0	0.0	0.0	0.0	0.0	0.0	0.0	0.0	0.0	0.0	0.0	0.0	0.8233750863754451	0.0	1.6472037225461447	0.0	0.0	0.0	1.8137773286922998	0.0	0.0	1.49385603811187	0.4603203932321861	0.0	0.0	3.203733685860481	0.6787295445719613	1.6826323531878753	0.0	0.0	0.0	0.0	0.0	0.931693756149985	1.4667549409507354	0.0	0.0	0.0	1.5879712241021187	0.0	0.0	0.0	0.0	0.0	0.0	0.0	0.0	0.0	0.0	0.0	0.0	0.0	0.0	0.0	0.0	0.0	0.0	0.0	0.0	0.0	0.0	0.0	0.0	0.0	1.2980142164523825	0.0	0.0	0.8233750863754451	0.0	0.4603203932321861	0.0	0.0	0.0	0.0	0.0	0.0	0.0	0.0	0.0	0.4603203932321861	0.0	0.0	0.0	0.0	0.0	0.0	4.1757560519332575	0.0	1.0183176042597017	0.0	0.0	0.0	0.4603203932321861	0.0	0.0	0.0	0.0	0.0	0.0	0.0	0.0	0.0	0.0	2.012215428145878	0.0	0.0	0.0	0.0	0.0	0.0	0.0	0.0	0.0	0.0	0.0	0.0	0.0	0.0	0.0	0.0	0.0	0.8233750863754451	0.0	0.0	0.6787295445719613	0.0	0.4603203932321861	0.4603203932321861	0.0	0.0	0.0	0.0	0.6787295445719613	0.0	0.0	0.0	0.0	0.0	0.0	0.0	1.9338778605777491	0.0	0.0	0.0	0.4603203932321861	1.2546795150838674	0.0	0.0	0.0	0.0	1.2546795150838674	0.0	0.0	0.0	0.0	2.6494650730548313	0.0	0.0	0.0	0.0	0.6787295445719613	0.0	0.0	0.0	0.8233750863754451	1.2546795150838674	0.0	0.0	0.0	0.0	0.0	0.0	0.0	1.2546795150838674	0.0	0.0	0.0	0.0	0.4603203932321861	0.0	0.0	0.4603203932321861	0.0	0.8233750863754451	0.0	2.277874965302257	0.0	0.0	0.0	0.0	0.0	4.080367211087575	0.0	0.0	0.0	0.0	0.0	0.0	0.0	0.0	0.0	1.2980142164523825	0.0	0.0	0.0	0.0	0.0	0.0	0.4603203932321861	0.0	0.0	0.4603203932321861	0.0	0.4603203932321861	0.4603203932321861	0.0	0.0	1.49385603811187	0.0	0.0	0.0	0.0	0.0	0.0	0.0	0.0	0.0	0.0	0.0	2.3912894442897534	0.0	0.0	0.0	0.4603203932321861	0.0	0.0	0.0	0.0	0.0	0.0	0.0	0.0	0.0	0.0	0.0	0.0	0.0	0.0	0.0	0.0	0.0	0.0	0.4603203932321861	1.5193648342571096	1.0183176042597017	0.0	0.0	0.0	0.0	0.0	0.0	0.0	0.0	0.4603203932321861	0.0
SRR11292154	1.9533331757027272	0.5819975027278076	2.612588918736895	0.0	1.1788936390295182	0.0	1.910376195287997	0.9057177469960221	0.5819975027278076	0.0	0.9057177469960221	1.8791799177825994	2.330142287582339	2.371089894148044	0.9057177469960221	1.0361485352532012	1.5053348969003688	0.38196484715066936	0.0	1.9533331757027272	0.8220922996163207	1.1788936390295182	0.0	0.7184295317755859	0.38196484715066936	0.975811351009876	1.443802540245929	1.1788936390295182	0.5819975027278076	1.2532537671925486	2.998370742177893	0.5819975027278076	3.838412941702738	0.975811351009876	1.2861472527016042	0.5819975027278076	1.1788936390295182	0.5819975027278076	0.8220922996163207	0.7184295317755859	2.719333399090378	2.2162356036403605	0.0	0.0	0.38196484715066936	1.443802540245929	0.5819975027278076	1.2861472527016042	1.4211889562902345	0.38196484715066936	2.2236148793411092	0.5819975027278076	0.38196484715066936	0.0	0.0	0.0	0.7184295317755859	0.38196484715066936	0.0	0.0	0.0	1.3452885415632736	0.38196484715066936	0.9057177469960221	0.0	0.0	0.0	1.0891164154816324	0.0	1.9251723520821775	1.9251723520821775	0.9057177469960221	0.9057177469960221	1.1788936390295182	2.262101230524001	0.9057177469960221	0.38196484715066936	0.8220922996163207	1.6364007397468237	0.975811351009876	1.2861472527016042	1.1788936390295182	0.0	2.946196080258894	1.6638020160181937	1.2861472527016042	0.9057177469960221	0.0	2.975664266127818	1.3167238369155316	0.38196484715066936	0.0	1.1788936390295182	0.8220922996163207	0.0	0.0	1.3167238369155316	1.8185338639050008	0.7184295317755859	0.0	1.3720898560400894	1.0361485352532012	0.0	0.0	0.0	0.0	0.5819975027278076	0.5819975027278076	0.0	0.0	2.0560538288637473	0.0	1.4211889562902345	0.0	0.0	2.7883267905888798	1.3452885415632736	1.2176632603576958	0.0	0.0	0.975811351009876	1.397332898423502	0.38196484715066936	0.0	2.5718992025570584	1.1363207484619828	0.975811351009876	1.8542180724632176	3.3410583616246785	1.622023273115182	2.5360021145144027	0.0	0.0	0.38196484715066936	1.1363207484619828	0.7184295317755859	1.0361485352532012	2.822804394442027	0.7184295317755859	0.7184295317755859	1.6503174482757603	1.7480228438475445	0.5819975027278076	1.3720898560400894	1.443802540245929	1.5240498283787294	0.5819975027278076	0.8220922996163207	1.1363207484619828	0.8220922996163207	0.9057177469960221	0.38196484715066936	0.0	0.0	0.8220922996163207	0.0	0.0	0.5819975027278076	2.1521997554796255	0.38196484715066936	0.0	1.7588242296044199	0.7184295317755859	0.0	1.4652966898790092	0.7184295317755859	0.5819975027278076	2.0166525685515704	0.38196484715066936	0.0	1.9797786399075146	1.443802540245929	1.0361485352532012	0.5819975027278076	0.7184295317755859	0.0	1.676880474297998	1.6503174482757603	1.2532537671925486	0.5819975027278076	0.0	0.0	0.0	0.8220922996163207	1.0891164154816324	0.0	0.0	0.38196484715066936	0.0	4.007529285801445	1.0361485352532012	2.968482544986029	1.3452885415632736	0.8220922996163207	0.7184295317755859	0.9057177469960221	1.397332898423502	0.5819975027278076	0.975811351009876	1.3452885415632736	0.0	0.0	1.0361485352532012	0.0	0.0	0.38196484715066936	1.7995284026148874	0.0	2.586419553403285	0.8220922996163207	0.0	0.7184295317755859	0.0	0.975811351009876	1.2532537671925486	1.1788936390295182	0.5819975027278076	0.975811351009876	1.6638020160181937	1.2861472527016042	1.7995284026148874	1.0891164154816324	0.0	1.0361485352532012	2.8255576954210224	1.6071534907781297	0.0	1.7693634793394628	0.0	1.676880474297998	0.5819975027278076	0.0	0.38196484715066936	0.9057177469960221	1.4857770272730562	1.3720898560400894	0.0	1.4652966898790092	0.7184295317755859	1.2532537671925486	1.0891164154816324	0.0	1.2861472527016042	2.346987380063553	1.4652966898790092	0.9057177469960221	1.4211889562902345	2.3185379281887575	1.910376195287997	2.417963701733259	0.38196484715066936	0.7184295317755859	0.0	1.397332898423502	1.5240498283787294	0.0	1.7588242296044199	1.397332898423502	2.759480583224146	0.5819975027278076	0.0	1.4857770272730562	1.0891164154816324	1.2176632603576958	1.3167238369155316	1.575793467678536	0.5819975027278076	1.0891164154816324	3.0432849321491187	0.0	0.5819975027278076	0.7184295317755859	0.7184295317755859	0.8220922996163207	2.0282795022829005	0.0	2.4644900494437008	0.975811351009876	0.0	0.38196484715066936	1.591756477718653	1.3452885415632736	1.622023273115182	0.7184295317755859	0.8220922996163207	1.960097037276425	0.9057177469960221	0.7184295317755859	2.959839045791192	0.0	0.7184295317755859	1.0361485352532012	0.0	1.575793467678536	3.883266128613578	1.8277335368151992	0.0	0.5819975027278076	0.0	0.7184295317755859	0.0	0.38196484715066936	0.7184295317755859	0.0	1.2861472527016042	1.1363207484619828	0.0	0.0	0.0	0.0	0.0	1.7588242296044199	1.8871915739520697	2.2484975299898227	1.2176632603576958	0.9057177469960221	2.3736872114386975	1.736945948855122	1.0891164154816324	0.8220922996163207	2.7802786555211805	1.1788936390295182	0.38196484715066936	1.1363207484619828	0.0	1.8455681157500459	0.975811351009876	1.8367423683905282	1.7796530155903865	0.5819975027278076	0.5819975027278076	0.8220922996163207	3.11887623304175	0.9057177469960221	0.0	0.5819975027278076	2.403700606388777	1.2176632603576958	0.7184295317755859	0.38196484715066936	0.0	0.38196484715066936	0.0	1.0361485352532012	0.0	0.0	0.8220922996163207	2.173243361744339	0.0	1.2176632603576958	0.38196484715066936	0.0	1.443802540245929	0.38196484715066936	0.0	1.8710176842966713	2.8916267190892957	1.591756477718653	1.1363207484619828	0.5819975027278076	0.0	2.1209128930237364	0.38196484715066936	0.0	1.1363207484619828	2.820033526907785	1.0891164154816324	0.8220922996163207
SRR11292155	0.7653835069137701	0.6646072930972928	2.87556296131018	0.0	0.0	0.0	0.0	0.34371253063743296	0.9465767370747518	0.0	0.0	0.0	2.498730349148709	0.0	0.0	0.0	0.20500716576701522	0.20500716576701522	0.0	0.44867780890484055	0.0	0.0	0.0	0.0	0.0	0.0	0.20500716576701522	1.7473942323146403	0.20500716576701522	0.0	1.6871584997483515	1.410509753952824	3.8099641091184844	0.0	0.44867780890484055	0.0	0.44867780890484055	0.0	0.20500716576701522	0.0	2.601146379765252	0.20500716576701522	0.0	0.0	0.34371253063743296	0.0	0.0	0.0	0.0	0.0	1.4205731874472933	0.44867780890484055	0.0	0.0	0.0	0.0	0.5331474065422228	0.34371253063743296	0.0	0.0	0.0	0.0	0.0	0.0	0.0	0.0	0.0	0.0	0.0	0.915888320013549	0.0	0.20500716576701522	0.0	0.0	1.6535872410499264	0.0	0.6038325488936477	0.0	0.6646072930972928	0.20500716576701522	0.0	0.0	0.0	2.726797086937174	1.8322736574427503	0.0	0.5331474065422228	0.0	0.6038325488936477	0.20500716576701522	0.0	0.0	0.0	0.0	0.0	0.0	0.44867780890484055	0.34371253063743296	0.0	0.0	0.6038325488936477	0.0	0.0	0.0	0.0	0.0	0.44867780890484055	0.20500716576701522	0.0	0.0	1.6650684304397174	0.0	0.20500716576701522	0.0	0.0	0.44867780890484055	0.34371253063743296	0.915888320013549	0.0	0.20500716576701522	0.0	0.0	0.0	0.0	1.8284014521487617	0.44867780890484055	0.0	0.7179119525929692	3.764033694192425	0.6038325488936477	1.0740441576525	0.0	0.0	0.0	1.0513694745856956	0.0	0.8828653672013367	0.8081735934240655	0.0	0.0	0.0	0.6038325488936477	0.0	0.20500716576701522	0.20500716576701522	0.44867780890484055	0.0	0.0	0.0	0.6038325488936477	0.0	0.0	0.0	0.0	0.0	0.0	0.0	0.0	0.44867780890484055	0.0	0.0	0.0	0.0	0.20500716576701522	0.34371253063743296	1.367748253378875	0.0	2.90718257330566	0.0	0.0	0.0	0.0	0.6646072930972928	0.0	0.0	0.0	0.20500716576701522	0.0	0.0	0.0	0.0	0.0	0.0	0.0	0.0	0.0	0.0	0.0	0.0	4.168714781389672	0.0	0.7179119525929692	0.8828653672013367	0.0	0.0	0.0	0.44867780890484055	0.20500716576701522	1.367748253378875	0.0	0.0	0.0	0.0	0.0	0.0	0.0	2.3667149816335464	0.0	0.0	0.0	0.0	0.0	0.0	0.0	0.0	0.20500716576701522	0.0	0.0	0.20500716576701522	0.0	0.9465767370747518	0.0	0.0	0.0	1.7876530262805923	0.7653835069137701	0.0	1.3075965560769314	0.0	1.4400263969976268	0.0	0.0	0.20500716576701522	0.0	0.20500716576701522	0.34371253063743296	0.0	0.0	0.0	0.0	0.0	0.0	0.0	2.0421508688099097	0.0	0.20500716576701522	0.0	3.507538190890138	1.5977982421255537	1.5561790345156512	0.0	0.20500716576701522	0.0	1.9224568213537818	0.0	0.0	1.7233027684900804	0.9465767370747518	2.576155103792716	0.44867780890484055	0.0	0.0	0.0	0.0	0.0	0.20500716576701522	0.0	0.20500716576701522	1.135727489004195	0.0	0.0	0.0	0.0	0.0	0.0	0.0	0.34371253063743296	0.0	0.0	0.0	0.5331474065422228	0.0	0.20500716576701522	0.0	0.0	0.8081735934240655	0.5331474065422228	0.0	3.3858889662498264	0.0	0.0	0.0	0.0	0.0	4.004570844672604	0.44867780890484055	0.0	0.0	0.0	0.0	0.0	0.0	0.0	0.0	1.400207588656108	0.0	0.0	0.34371253063743296	0.0	0.0	0.0	0.8471232305386283	0.0	0.5331474065422228	0.0	0.0	0.44867780890484055	1.7183198512323532	0.0	0.20500716576701522	2.1813231543957445	0.0	0.0	0.0	0.0	0.0	0.0	0.20500716576701522	0.5331474065422228	0.44867780890484055	0.0	0.8471232305386283	0.6038325488936477	0.20500716576701522	0.0	0.0	0.0	0.0	1.9193133367280248	0.5331474065422228	0.44867780890484055	0.0	0.0	0.0	0.0	0.0	0.34371253063743296	0.0	0.0	0.0	0.20500716576701522	0.0	0.20500716576701522	0.0	0.0	2.558416418586809	2.45505972711653	0.0	0.20500716576701522	0.0	0.0	0.0	0.0	0.0	0.0	0.0	0.0	0.0
SRR11292156	1.3581263846829719	0.20124988175023845	2.763757470165909	0.0	0.20124988175023845	0.20124988175023845	1.3107403211196997	0.20124988175023845	0.9376679765622458	1.1451386551544043	0.7097978456473061	0.20124988175023845	3.8512148928640766	0.6567463910807849	0.0	0.9930796232094325	0.20124988175023845	0.0	0.0	0.3382416918654434	0.0	0.20124988175023845	0.0	0.0	0.0	0.0	0.0	0.20124988175023845	0.0	0.0	2.214025442689901	2.070825468481465	3.6915532567966522	0.0	1.954284074414311	0.0	0.20124988175023845	0.0	0.6567463910807849	0.0	0.5963006957658596	0.9070635839346695	0.0	0.0	0.20124988175023845	0.0	0.0	0.0	0.0	0.0	1.346755717521781	0.0	0.0	0.0	0.0	0.0	0.20124988175023845	1.0863512650774092	0.0	0.0	0.0	0.20124988175023845	0.0	0.0	0.0	0.0	0.0	0.44222618312634354	0.0	0.0	0.0	0.0	0.0	0.0	1.1451386551544043	0.0	0.6567463910807849	0.0	1.0648433803830222	1.5240110731280794	0.0	0.0	0.5260605260413586	2.9350150695717736	2.0507977338351564	0.0	0.3382416918654434	0.20124988175023845	0.20124988175023845	0.0	0.0	0.0	0.20124988175023845	0.5260605260413586	0.0	0.0	0.5963006957658596	0.44222618312634354	0.0	0.0	0.6567463910807849	0.0	0.0	0.0	0.0	0.20124988175023845	1.0422145926043176	0.0	0.0	0.0	2.0686452320301703	0.5260605260413586	0.20124988175023845	0.0	0.0	0.9930796232094325	0.20124988175023845	1.810647723933437	0.0	0.44222618312634354	0.0	1.3107403211196997	0.0	0.0	1.2849558927267741	0.44222618312634354	0.0	0.20124988175023845	3.7159579688586573	1.873219589046178	1.0863512650774092	0.0	0.0	0.20124988175023845	1.3230803018580566	0.0	0.9070635839346695	2.803354346840564	1.1068440717984234	0.8385097175871539	0.0	0.6567463910807849	0.0	0.0	0.3382416918654434	0.0	0.0	0.0	0.0	0.3382416918654434	0.0	0.0	0.0	0.0	0.20124988175023845	0.0	0.20124988175023845	0.0	0.7996953665010176	0.0	0.0	0.20124988175023845	0.0	0.0	1.7734693160988466	1.1264133122745683	0.0	3.0109285723289645	0.0	0.0	0.5963006957658596	0.3382416918654434	0.9930796232094325	0.0	0.3382416918654434	0.0	0.3382416918654434	0.0	0.0	0.0	0.0	0.0	0.0	0.0	0.0	0.0	0.0	0.0	0.0	4.103048990039996	0.3382416918654434	1.0863512650774092	0.3382416918654434	0.0	0.0	0.0	0.9930796232094325	0.0	2.0176829524427866	0.3382416918654434	0.0	0.0	0.0	0.0	0.5260605260413586	0.0	2.550553735544007	0.3382416918654434	0.0	0.0	0.0	0.0	0.0	0.0	0.0	0.7570685263122898	0.0	0.0	0.20124988175023845	0.0	0.5260605260413586	0.0	0.0	0.0	0.9930796232094325	1.4303376965911738	0.0	0.5963006957658596	0.0	1.6552304388660688	0.0	0.0	0.0	0.5963006957658596	0.20124988175023845	0.7570685263122898	0.0	0.0	0.0	0.0	0.0	0.0	0.0	2.387136901248258	0.20124988175023845	0.6567463910807849	0.0	2.9609818881930656	1.7734693160988466	1.2282834926678505	0.20124988175023845	0.20124988175023845	0.0	0.3382416918654434	0.5963006957658596	0.0	1.3692069257578714	0.87413791173821	3.040597181698771	0.5260605260413586	0.0	0.0	0.0	0.5963006957658596	0.7097978456473061	0.20124988175023845	0.44222618312634354	0.20124988175023845	2.036913674704296	0.0	0.0	0.0	0.0	0.0	0.0	0.0	1.4667805891580608	0.0	0.20124988175023845	0.0	0.5260605260413586	0.20124988175023845	0.5260605260413586	0.0	0.0	0.7570685263122898	0.7570685263122898	0.0	3.41888306798071	0.0	0.3382416918654434	0.0	0.0	0.966256947807591	3.856519232886745	0.0	0.0	1.7862190429962064	0.0	0.0	0.0	0.0	0.0	0.0	1.298039434223362	0.0	0.0	0.7996953665010176	0.0	0.0	0.0	0.87413791173821	0.44222618312634354	0.7097978456473061	0.6567463910807849	0.0	0.0	1.5084143505149976	0.0	0.0	2.01024607132304	0.20124988175023845	0.0	0.0	0.3382416918654434	0.0	0.20124988175023845	0.0	0.6567463910807849	0.20124988175023845	0.20124988175023845	0.9070635839346695	2.8385282687388607	0.5260605260413586	0.0	0.0	0.20124988175023845	0.0	0.7996953665010176	0.7996953665010176	0.6567463910807849	0.5963006957658596	0.5260605260413586	0.0	0.3382416918654434	0.0	1.9398251923147702	0.0	0.0	0.0	0.8385097175871539	0.0	0.20124988175023845	0.0	0.0	1.2575434566535628	0.7570685263122898	1.6319683844338482	0.20124988175023845	0.0	0.0	0.20124988175023845	0.0	0.0	0.7097978456473061	0.20124988175023845	0.0	0.0
SRR11292157	0.0	0.0	1.1728403165062353	0.0	0.0	0.0	0.0	0.7062692439751765	0.7062692439751765	0.0	0.0	0.0	1.3628146126874954	0.4205990035159237	0.0	0.0	0.0	0.5379257628161845	0.0	0.0	0.0	0.0	0.0	0.0	0.0	0.0	0.0	0.8272816351221948	0.2593427742170277	0.0	1.2964420757347854	0.0	3.8888303488282663	0.0	1.8110521576792047	0.0	0.0	0.0	0.7709767560672469	0.0	3.489942281443902	0.0	0.0	0.0	0.0	0.0	0.0	0.0	0.0	0.0	0.5379257628161845	0.0	0.0	0.0	0.0	0.0	0.0	0.5379257628161845	0.0	0.0	0.0	0.0	0.0	0.0	0.0	0.0	0.0	0.4205990035159237	0.0	0.2593427742170277	0.0	0.0	0.0	0.0	2.2686493553935163	0.0	0.6302037149852914	0.0	0.6302037149852914	0.0	0.2593427742170277	0.0	0.0	1.8675174245125132	1.3471480228463115	0.0	0.0	0.2593427742170277	0.4205990035159237	0.0	0.0	0.2593427742170277	0.0	0.0	0.0	0.0	0.2593427742170277	0.0	0.0	0.0	0.0	0.0	0.0	0.0	0.0	0.0	0.5379257628161845	0.0	0.0	0.0	0.0	0.0	0.0	0.0	0.0	0.9994107275339728	0.0	2.0367777131709506	0.0	0.0	0.0	1.7397198071355076	0.0	0.0	0.9218186884978602	0.2593427742170277	0.0	0.0	2.3423089073071326	0.7062692439751765	0.9994107275339728	0.0	0.0	0.0	0.7709767560672469	0.0	0.0	2.2389896594301373	0.0	0.6302037149852914	0.0	0.4205990035159237	0.0	0.0	0.0	0.2593427742170277	0.0	0.2593427742170277	0.0	0.5379257628161845	0.0	0.0	0.0	0.0	0.0	0.0	0.0	0.0	0.0	0.0	0.0	0.0	0.0	0.0	0.2593427742170277	0.7062692439751765	0.0	1.3140101284694694	0.0	0.0	0.4205990035159237	0.0	1.1223547424508145	0.0	0.0	0.0	0.0	0.0	0.0	0.0	0.0	0.0	0.0	0.0	0.0	0.0	0.0	0.0	0.0	4.4031393751582	0.0	0.7709767560672469	0.0	0.0	0.0	0.0	0.4205990035159237	0.0	0.2593427742170277	0.0	0.0	0.0	0.0	0.0	0.0	0.0	0.9218186884978602	0.0	0.4205990035159237	0.0	0.0	0.0	0.0	0.0	0.0	0.0	0.0	0.0	0.0	0.0	0.0	0.0	0.0	0.0	0.4205990035159237	0.0	0.0	0.0	0.0	0.5379257628161845	0.0	0.0	0.0	0.0	0.4205990035159237	0.0	0.0	0.0	0.0	0.0	0.0	0.0	0.0	1.3308950633694812	0.0	0.0	0.0	2.00289056410017	0.5379257628161845	1.2590185534176799	0.2593427742170277	0.0	0.0	0.0	0.0	0.0	1.0947256968053578	0.0	1.8626770400421024	0.2593427742170277	0.0	0.0	0.0	0.0	0.0	0.0	0.0	0.0	1.9465188757010963	0.0	0.0	0.0	0.0	0.0	0.0	0.0	0.0	0.0	0.0	0.0	0.0	0.0	0.0	0.0	0.0	0.5379257628161845	0.2593427742170277	0.0	2.030208519312705	0.0	0.0	0.0	0.0	0.0	4.013330913102212	0.0	0.0	0.0	0.0	0.0	0.0	0.0	0.0	0.0	1.4203753713068366	0.2593427742170277	0.0	0.0	0.0	0.0	0.0	0.2593427742170277	0.2593427742170277	0.0	0.0	0.0	0.0	0.4205990035159237	0.0	0.0	1.6216690793805029	0.2593427742170277	0.0	0.0	0.0	0.9218186884978602	0.0	0.0	0.4205990035159237	0.0	0.0	0.0	2.1891713988620216	0.0	0.0	0.0	0.0	0.0	0.0	0.4205990035159237	0.0	0.2593427742170277	0.2593427742170277	0.0	0.0	0.0	0.0	0.0	0.0	0.0	0.0	0.0	0.0	0.0	0.0	0.2593427742170277	0.2593427742170277	0.0	0.0	0.0	0.0	0.0	0.0	0.0	0.0	0.2593427742170277	0.0	0.0
SRR11292158	0.0	0.30966332193832385	2.4941637346884753	0.0	0.0	0.0	0.30966332193832385	0.0	0.4885946349206891	0.0	0.30966332193832385	0.30966332193832385	2.5153556953879277	0.30966332193832385	0.0	0.0	0.0	0.0	0.0	0.0	0.0	0.0	0.0	0.0	0.0	0.0	0.0	2.066166669775164	0.0	0.0	1.192070445010995	0.30966332193832385	3.975946979193792	0.0	2.6147512158383575	0.0	0.30966332193832385	0.0	0.4885946349206891	0.0	1.8429228601553305	0.30966332193832385	0.0	0.30966332193832385	0.0	0.0	0.0	0.30966332193832385	0.0	0.0	1.6979901726084163	0.0	0.0	0.0	0.0	0.0	0.0	0.0	0.0	0.0	0.0	0.4885946349206891	0.0	0.0	0.0	0.0	0.0	0.0	0.0	0.0	0.0	0.0	0.0	0.0	1.5848467188189739	0.0	0.4885946349206891	0.0	0.8597946159948255	0.30966332193832385	0.30966332193832385	0.0	0.0	2.2016802050116895	2.0888382687241913	0.0	0.30966332193832385	0.0	0.0	0.0	0.0	0.0	0.30966332193832385	0.0	0.0	0.0	0.0	0.712702130855473	0.0	0.0	0.0	0.0	0.0	0.0	0.0	0.0	0.30966332193832385	0.0	0.0	0.30966332193832385	2.644424682726782	0.0	0.0	0.0	0.0	1.4143672147091042	0.0	1.220169202222147	0.0	0.0	0.0	0.6149464640565601	0.0	0.0	1.787666117198845	0.30966332193832385	0.0	0.0	1.9514018228930357	0.712702130855473	1.3385185421875614	0.0	0.0	0.0	0.0	0.0	0.9180875147248326	2.8851320136188665	0.0	0.9694739666599438	0.0	0.0	0.0	0.0	0.0	0.0	0.0	0.0	0.0	0.30966332193832385	0.0	0.0	0.0	0.0	0.0	0.0	0.0	0.0	0.30966332193832385	0.30966332193832385	0.0	0.4885946349206891	0.0	0.0	0.30966332193832385	0.0	0.0	1.6077328633473842	0.0	0.0	0.4885946349206891	0.30966332193832385	0.8597946159948255	0.0	0.30966332193832385	0.0	0.30966332193832385	0.0	0.0	0.0	0.0	0.0	0.0	0.0	0.0	0.0	0.0	0.0	0.0	4.384509486448657	0.0	1.0154185101299826	0.0	0.0	0.0	0.30966332193832385	0.0	0.0	0.4885946349206891	0.0	0.0	0.0	0.0	0.0	0.0	0.0	2.499916799029458	0.0	0.0	0.0	0.0	0.0	0.0	0.0	0.0	0.0	0.0	0.0	0.0	0.0	0.4885946349206891	0.0	0.0	0.0	2.393604876057502	0.0	0.0	1.0154185101299826	0.0	1.2465599259297677	0.0	0.0	0.0	0.0	0.30966332193832385	0.712702130855473	0.0	0.0	0.0	0.0	0.0	0.0	0.0	1.5217240902967908	0.0	0.0	0.0	2.5660542681739518	0.8597946159948255	1.0154185101299826	0.0	0.30966332193832385	0.0	1.3385185421875614	0.30966332193832385	0.0	0.9180875147248326	0.0	1.9711545495755227	0.0	0.0	0.0	0.30966332193832385	0.0	0.30966332193832385	0.0	0.0	0.30966332193832385	2.985563290814605	0.0	0.0	0.0	0.0	0.0	0.0	0.0	0.4885946349206891	0.0	0.0	0.0	0.0	0.0	0.30966332193832385	0.0	0.0	0.0	0.30966332193832385	0.0	2.6180292439672552	0.0	0.0	0.0	0.0	0.0	3.906285818871181	0.0	0.0	0.0	0.0	0.0	0.0	0.0	0.0	0.0	1.1297500997056353	0.30966332193832385	0.0	0.0	0.4885946349206891	0.0	0.0	0.6149464640565601	0.0	0.30966332193832385	0.30966332193832385	0.0	0.30966332193832385	1.192070445010995	0.0	0.0	1.6794915676855244	0.30966332193832385	0.0	0.0	0.0	0.0	0.0	0.0	0.4885946349206891	0.0	0.0	0.0	2.681704054414638	0.0	0.0	0.0	0.0	0.30966332193832385	0.0	0.0	0.0	0.30966332193832385	0.0	0.0	0.0	0.0	0.6149464640565601	0.0	0.0	0.0	0.0	0.0	0.0	0.0	0.0	2.134241661606451	1.6888393553144931	0.0	0.6149464640565601	0.0	0.0	0.7924462326755516	0.0	0.0	0.0	0.6149464640565601	0.0	0.0
SRR11292159	0.0	0.0	2.7172905173277417	0.0	0.0	0.0	0.7424474247203956	0.0	0.8472817991677153	0.39946979226643375	0.39946979226643375	0.0	1.9959571048715472	0.0	0.0	0.0	0.0	0.0	0.0	0.0	0.0	0.0	0.0	0.0	0.0	0.0	0.0	1.7185011639233934	0.0	0.0	0.603971380333111	0.0	4.056680500525742	0.0	0.8472817991677153	0.0	0.603971380333111	0.0	0.7424474247203956	0.0	2.13125005894172	0.603971380333111	0.0	0.0	0.0	0.0	0.0	0.0	0.0	0.0	1.4722825866483586	0.0	0.0	0.0	0.0	0.0	0.0	0.0	0.0	0.0	0.0	0.0	0.0	0.0	0.0	0.0	0.0	0.39946979226643375	0.0	0.0	0.0	0.0	0.0	0.0	1.8568171808747673	0.0	0.0	0.39946979226643375	1.3448539010578138	0.0	0.39946979226643375	0.0	0.0	2.1263792026420085	1.798386042052595	0.0	0.0	0.0	0.39946979226643375	0.0	0.0	0.7424474247203956	0.0	0.0	0.0	0.0	0.39946979226643375	1.281166592025265	0.0	0.39946979226643375	0.0	0.0	0.0	0.0	0.0	0.0	0.39946979226643375	0.0	0.0	0.0	0.39946979226643375	0.0	0.0	0.0	0.0	0.0	0.0	0.8472817991677153	0.0	0.0	0.0	1.4003850825599382	0.0	0.0	0.8472817991677153	0.39946979226643375	0.0	0.0	3.2459553457586483	0.7424474247203956	1.0022926594016155	0.0	0.0	0.0	0.603971380333111	0.0	0.39946979226643375	1.7057877478218375	0.0	1.2065079073795806	0.0	0.7424474247203956	0.0	0.0	0.0	0.39946979226643375	0.0	0.0	0.0	0.0	0.0	0.0	0.0	0.0	0.0	0.0	0.0	0.0	0.603971380333111	0.0	0.0	0.0	0.0	0.0	0.0	0.0	0.0	1.2454395810359478	0.0	0.0	0.8472817991677153	0.0	1.1162946389949997	0.0	0.0	0.0	0.0	0.0	0.0	0.0	0.0	0.0	0.0	0.0	0.0	0.0	0.0	0.39946979226643375	0.0	4.169405644517131	0.0	0.39946979226643375	0.0	0.0	0.0	0.0	0.39946979226643375	0.0	0.0	0.0	0.0	0.0	0.0	0.0	0.0	0.0	2.3680236937549592	0.0	0.0	0.0	0.0	0.0	0.0	0.0	0.0	0.0	0.0	0.0	0.0	0.0	0.39946979226643375	0.0	0.0	0.0	2.814787438136455	0.0	0.0	0.0	0.0	0.603971380333111	0.0	0.0	0.0	0.0	0.39946979226643375	0.0	0.0	0.0	0.0	0.0	0.0	0.0	0.0	2.3652065673634017	0.0	0.0	0.0	2.940312290465487	0.0	0.0	0.0	0.0	0.0	0.603971380333111	0.0	0.0	0.603971380333111	0.0	0.603971380333111	0.39946979226643375	0.0	0.0	0.0	0.39946979226643375	0.39946979226643375	0.0	0.0	0.0	0.8472817991677153	0.0	0.0	0.0	0.0	0.0	0.0	0.0	0.39946979226643375	0.0	0.0	0.0	0.0	0.0	0.0	0.0	0.0	0.0	0.39946979226643375	0.0	3.403342579547988	0.0	0.0	0.0	0.0	0.0	4.028773154558714	0.0	0.0	0.0	0.0	0.0	0.0	0.0	0.0	0.0	1.1162946389949997	0.39946979226643375	0.0	0.0	0.0	0.0	0.0	1.9319357055620672	0.39946979226643375	0.0	0.0	0.0	0.0	0.0	0.0	0.0	1.847608418025513	0.7424474247203956	0.0	0.0	0.0	1.163739503393908	0.0	0.0	0.0	0.0	0.0	0.0	3.539167477986177	0.7424474247203956	0.0	0.0	0.39946979226643375	0.0	0.0	0.0	0.0	0.0	0.0	0.0	0.0	0.0	0.39946979226643375	0.0	0.0	0.0	1.0630236378896458	0.0	0.0	0.0	0.0	1.163739503393908	1.0630236378896458	0.0	0.0	0.0	0.0	0.0	0.0	0.0	0.0	0.603971380333111	0.0	0.0
SRR11292160	0.0	0.0	2.926848063229242	0.0	0.0	0.0	0.9108820848321544	0.0	0.8033631008235791	0.0	0.0	1.4576733348396707	2.0718695300128998	0.8033631008235791	0.0	0.0	0.0	0.0	0.0	0.9108820848321544	0.0	0.2771744484385407	0.0	0.2771744484385407	0.0	0.0	0.0	1.5432973930078269	0.0	0.0	1.2323828414352416	0.0	4.254640454088718	0.0	1.2090527589376683	0.0	0.0	0.0	0.0	0.0	0.8033631008235791	1.2545232792185623	0.0	0.0	0.0	1.3332737139910562	0.0	0.0	0.0	0.0	2.030516186906093	0.0	0.0	0.0	0.0	0.2771744484385407	0.0	0.0	0.0	0.0	0.0	0.0	0.0	0.0	0.0	0.0	0.0	0.44501350133152845	0.0	0.6601456949063925	0.0	0.6601456949063925	0.8604414609753153	0.0	1.429752487943592	0.0	0.0	0.0	0.0	0.2771744484385407	0.44501350133152845	0.0	0.0	2.837460209806908	1.5855776177418321	0.0	0.0	0.0	1.659490198444069	0.0	0.0	1.1843978927240921	1.6509103631643915	0.2771744484385407	0.0	0.0	0.2771744484385407	0.0	0.0	0.0	0.44501350133152845	0.0	0.0	0.0	0.2771744484385407	0.0	0.0	0.5657665787968778	0.0	0.0	2.914746306856311	0.0	0.0	0.0	0.0	0.9560692151215152	0.0	0.8604414609753153	0.0	0.2771744484385407	0.0	1.2090527589376683	0.0	0.0	1.9807712916094902	0.5657665787968778	0.0	0.6601456949063925	1.996693005495223	0.9969946840831199	1.9337143461665058	0.0	0.0	0.0	0.2771744484385407	0.0	0.2771744484385407	2.5073488504520443	0.2771744484385407	0.0	0.0	4.091445210120452	0.0	0.0	0.0	1.2090527589376683	0.6601456949063925	0.0	0.0	0.0	0.9969946840831199	0.0	0.0	0.5657665787968778	0.0	0.0	0.0	0.0	1.1304448852082694	0.0	0.0	0.5657665787968778	0.0	0.0	0.44501350133152845	0.2771744484385407	0.0	1.7152252755414843	0.0	0.0	1.0343935138182803	0.0	1.4839070659769324	0.0	0.0	0.0	0.5657665787968778	0.0	0.44501350133152845	0.0	0.0	0.0	0.0	0.0	0.0	0.0	0.0	0.0	0.0	3.8514941039491397	0.0	0.8604414609753153	0.0	0.0	0.0	0.0	0.7376314451096424	0.6601456949063925	0.5657665787968778	0.0	0.0	0.0	0.0	0.0	0.0	0.0	1.44393725210531	0.0	0.0	0.0	0.0	0.0	0.0	0.0	1.1304448852082694	0.2771744484385407	0.0	0.44501350133152845	0.0	0.0	0.6601456949063925	0.2771744484385407	0.0	0.0	1.8910183063484844	0.5657665787968778	0.0	0.6601456949063925	0.0	0.6601456949063925	0.0	0.0	0.0	0.2771744484385407	0.9969946840831199	0.44501350133152845	0.0	0.5657665787968778	0.0	0.0	0.0	0.0	0.0	2.6703324580961842	0.0	0.0	0.0	2.3824582256920577	1.429752487943592	1.1843978927240921	0.0	0.0	0.0	0.2771744484385407	0.2771744484385407	0.0	0.2771744484385407	1.508646003211925	1.5855776177418321	0.0	0.0	0.44501350133152845	0.0	0.5657665787968778	0.0	0.0	0.8604414609753153	0.0	2.3660752108536602	0.0	0.44501350133152845	0.2771744484385407	0.0	0.5657665787968778	0.0	0.0	1.4576733348396707	0.0	0.0	0.0	0.5657665787968778	0.0	0.8033631008235791	0.0	0.2771744484385407	1.2545232792185623	0.0	0.0	3.3832489835051365	0.0	0.0	0.0	0.0	0.6601456949063925	2.9133280000019504	0.0	0.0	0.2771744484385407	0.0	0.0	0.0	0.0	0.0	0.0	1.7152252755414843	0.7376314451096424	0.0	0.0	0.0	0.9108820848321544	0.0	0.5657665787968778	1.0688255741720782	0.6601456949063925	0.44501350133152845	0.2771744484385407	0.0	1.0688255741720782	0.0	0.2771744484385407	2.35422791304792	0.0	0.0	0.0	0.0	2.2088676496828654	0.0	0.2771744484385407	0.2771744484385407	0.0	0.0	0.0	3.28356655781377	0.2771744484385407	0.0	0.0	0.0	0.9560692151215152	0.0	0.2771744484385407	0.0	0.0	0.0	0.0	0.0	0.0	0.0	0.0	0.0	0.0	0.0	0.0	0.0	0.0	0.0	0.2771744484385407	1.86534928637858	0.0	0.44501350133152845	0.0	0.0	1.5432973930078269	0.0	0.0	0.0	1.1007271612824923	0.9969946840831199	0.0
SRR11292161	0.41961519746194464	0.0	2.846733792823218	0.2586299207073029	0.0	0.0	0.0	0.2586299207073029	1.536214143499723	0.5367992261621987	0.41961519746194464	1.1945544810134199	3.476482788295929	0.0	0.0	0.0	1.6115586191467388	0.0	0.0	0.2586299207073029	0.0	0.2586299207073029	0.0	0.0	0.0	0.0	0.0	1.361296532687159	0.0	0.0	1.7316532297300926	2.2783897063050618	3.5703558219097666	0.0	1.1945544810134199	0.0	0.0	0.0	0.2586299207073029	0.0	2.4825828532716456	1.4575027374213685	0.0	0.0	0.0	0.0	0.0	0.0	0.0	0.0	1.361296532687159	0.0	0.0	0.0	0.0	0.0	0.0	0.628989067803706	0.0	0.0	0.0	0.0	0.0	0.0	0.0	0.0	0.0	1.636752614898385	0.0	0.41961519746194464	0.0	0.5367992261621987	0.0	0.0	1.294935379930839	0.0	0.5367992261621987	0.41961519746194464	0.9609315843444578	0.0	0.2586299207073029	0.0	0.0	2.084459910706939	1.9285946846346849	0.0	0.41961519746194464	0.0	0.41961519746194464	0.0	0.0	2.362745023804333	0.0	0.0	0.0	0.0	2.0117655837901607	0.9609315843444578	0.0	0.0	0.2586299207073029	0.0	0.0	0.0	0.0	0.0	0.2586299207073029	0.2586299207073029	0.0	0.2586299207073029	1.7508932190003306	0.0	0.0	0.0	0.0	0.628989067803706	0.0	1.8939119295650082	0.0	0.0	0.0	1.1713600660340457	0.0	0.0	2.438532330591468	0.7049947889312334	0.0	0.8757413568896772	2.630128665856037	0.8259311862616597	1.294935379930839	0.0	0.0	0.0	0.8259311862616597	0.0	0.41961519746194464	2.828233511956308	0.7049947889312334	0.7696590459780467	0.0	0.2586299207073029	0.0	0.0	0.0	0.2586299207073029	0.0	0.0	0.0	0.41961519746194464	0.0	0.0	0.0	0.0	0.628989067803706	0.0	0.0	0.0	0.41961519746194464	0.0	0.0	0.8259311862616597	0.0	0.0	0.2586299207073029	0.2586299207073029	0.0	1.2766300549101655	0.0	0.0	0.2586299207073029	0.2586299207073029	0.8757413568896772	0.0	0.0	0.0	0.0	0.2586299207073029	0.0	0.0	0.0	0.0	0.0	0.0	0.0	0.0	0.0	0.2586299207073029	0.0	4.257727716467727	0.2586299207073029	1.3293822413918723	0.8259311862616597	0.0	0.0	0.5367992261621987	0.41961519746194464	0.0	0.7696590459780467	0.2586299207073029	0.0	0.0	0.0	0.0	0.0	0.0	2.3292879680633356	0.0	0.0	0.0	0.0	0.0	0.0	0.0	0.0	0.2586299207073029	0.0	0.41961519746194464	0.0	0.0	1.1468566665546498	0.0	0.0	0.0	2.1712244123146887	1.2375282811719388	0.0	0.2586299207073029	0.2586299207073029	1.602825021678633	0.0	0.0	0.0	0.0	0.2586299207073029	1.9796413829377848	0.0	0.0	0.0	0.0	0.0	0.0	0.0	2.9927570913411072	0.0	0.0	0.0	3.01277698089409	1.9028457212745002	0.8259311862616597	0.0	0.0	0.0	0.9609315843444578	0.2586299207073029	0.0	1.1713600660340457	0.0	2.4635541563606065	0.0	0.0	0.7049947889312334	0.0	1.1713600660340457	0.2586299207073029	0.2586299207073029	0.0	0.41961519746194464	1.120887653172751	0.0	0.0	0.0	0.0	0.0	0.0	0.0	1.0637685707334121	0.0	0.0	0.0	0.0	0.0	0.41961519746194464	0.0	0.2586299207073029	0.2586299207073029	0.0	0.2586299207073029	3.2683958743162007	0.5367992261621987	0.0	0.0	0.0	0.0	4.026092980805518	0.0	0.0	0.5367992261621987	0.0	0.0	0.0	0.0	0.0	0.0	0.9204219706554062	1.4575027374213685	0.0	0.2586299207073029	0.0	0.0	0.0	0.7049947889312334	0.41961519746194464	0.2586299207073029	0.0	0.0	0.0	0.628989067803706	0.0	0.0	3.60453082343102	0.0	0.0	0.0	0.0	0.2586299207073029	0.0	0.2586299207073029	0.7049947889312334	0.0	0.0	0.0	1.1468566665546498	0.41961519746194464	0.0	0.0	0.2586299207073029	0.41961519746194464	0.0	0.0	0.41961519746194464	0.41961519746194464	0.0	0.0	0.0	0.0	0.628989067803706	0.0	0.0	0.0	0.2586299207073029	0.0	0.0	0.0	0.0	1.7508932190003306	1.3910252800145482	0.7049947889312334	0.8757413568896772	0.0	0.0	0.9979828782270127	0.0	0.0	0.0	0.5367992261621987	1.1713600660340457	0.0
SRR11292162	0.4681257816716109	0.0	3.2034015087636494	0.0	0.0	0.0	0.5919268694621812	0.0	0.0	0.0	0.0	1.0667638469972003	1.4920162716554906	0.9878115700888946	0.0	0.0	0.0	0.0	0.0	1.242473222355504	0.0	0.29430091876910136	0.0	0.29430091876910136	0.0	0.0	0.8334978341734283	1.7575214169930005	0.0	0.0	1.101437856049165	0.0	3.80997744311031	0.5919268694621812	2.1597146700281638	0.0	0.0	0.0	0.0	0.0	0.0	1.101437856049165	0.0	0.0	0.0	0.9878115700888946	0.0	0.0	0.0	0.0	3.3912750820202033	0.29430091876910136	0.0	0.0	0.0	0.0	0.0	0.4681257816716109	0.0	0.0	0.0	0.0	0.0	0.0	0.0	0.0	0.0	0.0	0.0	0.9878115700888946	0.0	0.0	0.0	0.0	1.1335470133024628	0.0	0.4681257816716109	0.0	0.0	0.5919268694621812	0.6881528599739208	0.6881528599739208	0.0	2.346331585535879	0.9422066585834091	0.0	0.29430091876910136	0.0	2.120076147103983	0.0	0.0	1.242473222355504	0.6881528599739208	0.29430091876910136	0.0	0.0	0.0	0.4681257816716109	0.0	0.0	0.5919268694621812	0.0	0.0	0.0	0.0	0.0	1.242473222355504	0.0	0.0	0.0	0.76687749176256	0.0	0.0	0.0	0.0	1.4493087861135452	0.29430091876910136	0.29430091876910136	0.0	0.0	0.0	0.4681257816716109	0.0	0.0	2.0472535743861875	0.0	0.0	0.8334978341734283	1.6494931933526187	0.8912447846038272	1.6399545268953002	0.0	0.0	0.0	0.29430091876910136	0.0	0.0	3.13597271940684	0.0	0.4681257816716109	0.0	2.174046120792982	0.0	0.0	0.6881528599739208	1.1634447700849346	0.0	0.29430091876910136	0.0	0.0	0.8334978341734283	0.0	0.29430091876910136	0.0	0.0	0.0	0.0	0.0	0.4681257816716109	0.0	0.0	0.9422066585834091	0.0	0.0	0.9422066585834091	0.0	0.0	1.7859951354007992	0.0	0.0	1.401938892856131	0.0	0.0	0.0	0.0	0.0	0.0	0.0	0.0	0.0	0.0	0.0	0.0	0.0	0.0	0.0	0.0	0.4681257816716109	0.0	3.7257734122183006	0.0	1.7270490691770208	0.8334978341734283	0.0	0.0	0.0	1.6856814199474575	0.0	0.0	0.0	0.0	0.0	0.0	0.0	0.0	0.0	1.3487624120837363	0.0	0.9422066585834091	0.0	0.0	0.0	0.0	0.0	0.76687749176256	0.29430091876910136	0.0	0.0	0.0	0.0	0.4681257816716109	0.9878115700888946	0.0	0.0	1.945628714618715	0.6881528599739208	0.0	0.6881528599739208	0.0	0.9878115700888946	0.0	0.0	0.0	0.0	0.8334978341734283	1.2881542958644185	0.0	1.19141620231813	0.4681257816716109	0.29430091876910136	0.0	0.0	0.0	0.9878115700888946	0.0	0.0	0.5919268694621812	2.867267661967243	1.5431209982286909	1.0667638469972003	0.0	0.0	0.0	1.799561216693896	0.0	0.0	0.6881528599739208	0.4681257816716109	1.6588268511027675	0.0	0.0	0.0	0.0	0.6881528599739208	0.0	0.0	0.0	0.0	4.3935553346293785	0.0	0.4681257816716109	0.0	0.0	0.0	0.0	0.0	1.101437856049165	0.0	0.0	0.0	0.29430091876910136	0.0	0.29430091876910136	0.0	0.5919268694621812	1.7027041672987098	0.4681257816716109	0.0	2.8609361536228897	0.0	0.0	0.0	0.0	0.5919268694621812	3.3148220129674826	0.0	0.0	0.0	0.0	0.0	0.0	0.9878115700888946	0.0	0.0	1.0290793779545055	0.5919268694621812	0.0	0.0	0.0	0.0	0.0	0.4681257816716109	1.4782418624062026	0.0	0.0	0.0	0.0	1.2176945835571427	0.0	0.29430091876910136	2.445876266736621	0.0	0.0	0.0	0.0	0.8334978341734283	0.0	0.0	0.6881528599739208	0.0	0.0	0.0	2.120076147103983	0.0	0.0	0.0	0.4681257816716109	0.8334978341734283	0.0	0.0	0.0	0.0	0.0	0.0	0.0	0.0	0.29430091876910136	0.0	0.0	0.0	0.0	0.0	0.5919268694621812	0.0	0.0	0.0	2.5487665520219838	0.0	0.4681257816716109	0.0	0.0	1.5053671984967163	0.0	0.0	0.0	0.0	1.2881542958644185	0.9878115700888946
SRR11292163	1.00081441321566	0.24342605498015923	2.719404769999013	0.24342605498015923	0.39848312047299805	0.0	0.5125099681908298	0.6774080894046178	1.3282212067340524	0.24342605498015923	0.39848312047299805	1.8642152875688633	3.0877086459808143	0.7966401838335435	0.0	0.0	0.6027387750213382	0.0	0.0	1.602942203424234	0.39848312047299805	1.00081441321566	0.0	0.7966401838335435	0.0	0.39848312047299805	1.3578464781080677	1.8551982094850874	0.0	0.5125099681908298	2.3578822373023534	0.39848312047299805	3.9437557128267775	0.0	2.56467997482887	0.0	0.7966401838335435	0.0	0.0	0.0	3.0430855836798494	2.086366355231586	0.0	0.0	0.0	0.39848312047299805	0.0	0.9302173847138463	0.6027387750213382	0.39848312047299805	1.6706670900855933	0.0	1.0322291847864151	0.0	0.0	0.24342605498015923	1.6843833936421917	0.24342605498015923	0.0	0.39848312047299805	0.0	0.24342605498015923	0.0	0.24342605498015923	0.0	0.0	0.0	0.5125099681908298	0.24342605498015923	1.3988086618389017	0.0	0.5125099681908298	0.0	0.0	1.4706961846928106	0.0	1.088967106702371	0.0	0.9669488157119643	1.5127603581523936	0.0	0.0	0.0	2.95272683477822	1.551107700624084	0.0	0.24342605498015923	0.39848312047299805	1.2438912054154698	0.24342605498015923	0.0	0.0	2.190529626200351	0.5125099681908298	0.0	0.0	0.5125099681908298	1.5418336069433642	0.890089868152168	2.3761072206857916	0.6774080894046178	0.24342605498015923	0.0	0.0	0.0	0.0	0.890089868152168	0.6774080894046178	0.0	0.8458737062597754	2.80350609494073	0.0	0.24342605498015923	0.0	0.0	2.1148412087956574	0.890089868152168	1.1391417667449888	0.0	0.0	0.5125099681908298	0.5125099681908298	0.0	0.0	3.3439188962324895	0.741103128221381	0.0	2.0353243645013146	2.924147749399406	1.1391417667449888	2.5972246583242775	0.0	0.0	0.0	1.114778627843872	0.0	1.2964261414799472	2.7888948418033013	0.9302173847138463	0.6027387750213382	0.0	1.8121306225568241	0.0	0.0	0.0	2.0943192052184356	0.24342605498015923	0.0	0.0	0.6027387750213382	0.0	0.0	0.6774080894046178	0.0	1.8901948489147322	0.0	0.0	0.0	1.2621181483540371	0.8458737062597754	0.39848312047299805	0.7966401838335435	0.0	0.0	2.500589031640128	1.00081441321566	0.0	2.067222976144835	0.0	0.0	0.6027387750213382	0.39848312047299805	1.00081441321566	0.24342605498015923	0.0	0.0	0.890089868152168	0.0	0.0	0.0	0.0	0.0	0.0	0.0	0.0	0.0	0.0	0.7966401838335435	0.0	3.9085578629421867	0.0	1.9026241671910433	0.8458737062597754	0.0	0.0	0.0	1.0615240454392756	0.0	1.2438912054154698	0.0	0.0	0.0	0.0	0.0	0.0	0.24342605498015923	2.6078211007835814	0.5125099681908298	1.8985204591504423	3.0268239563722483	0.0	2.061594789936513	0.0	0.24342605498015923	1.0615240454392756	0.0	0.0	0.6027387750213382	0.39848312047299805	0.0	0.9669488157119643	0.0	0.39848312047299805	0.0	2.4922635874942065	2.4129416395779404	0.0	0.39848312047299805	1.00081441321566	1.343286403364329	0.39848312047299805	0.0	0.0	0.0	0.7966401838335435	0.24342605498015923	0.0	0.5125099681908298	0.9302173847138463	0.0	0.6027387750213382	0.24342605498015923	0.8458737062597754	2.0292642258430886	0.24342605498015923	0.0	0.0	2.760948566756525	1.114778627843872	1.926463990384697	0.24342605498015923	0.24342605498015923	0.0	1.8901948489147322	0.9302173847138463	0.39848312047299805	1.312614577091903	2.3607363446736525	2.799899107962937	1.6110102410836553	0.0	1.114778627843872	0.0	1.7967703645948034	0.24342605498015923	1.00081441321566	0.0	1.5127603581523936	3.0099296661806196	0.0	0.0	0.0	0.0	0.24342605498015923	0.0	0.0	2.8136497064417085	0.0	0.0	0.0	0.39848312047299805	0.5125099681908298	1.551107700624084	0.0	1.4116469396799673	1.9563420046813103	0.6774080894046178	0.0	3.140625858972162	0.0	0.0	0.6027387750213382	0.0	0.24342605498015923	3.774215603739419	0.0	0.0	0.24342605498015923	0.0	0.0	0.0	0.0	0.0	0.24342605498015923	1.162210471443569	1.7967703645948034	0.0	0.0	0.24342605498015923	0.6774080894046178	0.0	1.3988086618389017	1.343286403364329	2.5087578740161662	1.6565034174810784	0.24342605498015923	0.6774080894046178	3.4431490107363696	0.5125099681908298	0.39848312047299805	2.0943192052184356	1.2049682966349238	0.0	0.0	0.0	1.162210471443569	0.24342605498015923	0.39848312047299805	2.129620373453368	0.39848312047299805	1.3988086618389017	0.0	2.9805660307894146	0.24342605498015923	0.0	0.0	0.0	2.5137864590195385	1.343286403364329	0.6774080894046178	0.0	0.5125099681908298	0.6774080894046178	0.0	0.0	0.0	1.0322291847864151	0.0	0.0	0.0	0.6027387750213382	0.0	0.24342605498015923	0.0	0.0	1.930313101220272	3.0911621280473236	0.890089868152168	1.7231101380743503	0.0	0.24342605498015923	1.9416598853662206	0.0	0.0	0.7966401838335435	1.3719342074935628	2.2420724089224917	0.0
SRR11292164	0.28858556226594245	0.0	3.0259196372381125	0.0	0.0	0.0	0.5832570151305155	0.28858556226594245	1.0184943481000288	0.28858556226594245	0.0	0.7572079022847504	2.38138614814323	0.5832570151305155	0.0	0.0	0.28858556226594245	0.0	0.0	1.0560869251964886	0.0	0.0	0.0	0.5832570151305155	0.0	0.0	0.0	1.588161657805507	0.0	0.0	0.9318663638598784	0.0	3.9785085988879922	0.0	2.976503613261552	0.0	0.5832570151305155	0.28858556226594245	0.0	0.0	1.7946817692763561	0.5832570151305155	0.0	0.0	0.0	1.2314588193955538	0.0	0.0	0.46044815355106217	0.0	2.299149683396001	0.0	0.0	0.0	0.28858556226594245	0.823541214577023	0.0	0.0	0.0	0.0	0.0	0.0	0.0	0.0	0.0	0.0	0.0	1.0184943481000288	0.0	0.5832570151305155	0.0	0.0	0.0	0.0	1.2067199287016608	0.0	0.28858556226594245	0.46044815355106217	0.46044815355106217	0.0	0.0	0.0	0.0	2.260436028098328	1.2067199287016608	0.0	0.28858556226594245	0.0	1.1525654622929604	0.0	0.0	1.1227255614960177	0.8810724841822057	0.0	0.0	0.0	0.0	0.9318663638598784	0.0	0.0	0.0	0.0	0.0	0.0	0.0	0.0	1.2314588193955538	0.0	0.0	0.0	2.3172848684575293	0.0	0.0	0.0	0.0	1.0560869251964886	0.0	0.823541214577023	0.0	0.0	0.0	1.0906831299089796	0.0	0.0	1.588161657805507	0.0	0.0	0.0	2.8854003506760897	0.7572079022847504	1.6654704665468274	0.28858556226594245	0.0	0.0	0.0	0.0	0.28858556226594245	2.8111060219606343	0.0	0.9318663638598784	0.0	2.762246894671648	0.0	0.0	0.0	0.6788840712425709	0.6788840712425709	0.0	0.0	0.28858556226594245	0.8810724841822057	0.0	0.0	0.0	0.0	0.0	0.0	0.0	0.28858556226594245	0.0	0.0	1.2770722938876895	0.0	0.0	1.0184943481000288	0.0	0.28858556226594245	1.318347112184974	0.28858556226594245	0.0	1.1227255614960177	0.46044815355106217	1.0906831299089796	0.5832570151305155	0.0	0.0	0.0	0.0	0.0	0.0	0.0	0.0	0.0	0.0	0.0	0.0	0.0	0.0	0.0	4.114845208313182	0.0	0.5832570151305155	0.0	0.0	0.9773367268102503	0.0	0.0	0.0	0.0	0.0	0.0	0.0	0.0	0.0	0.0	0.0	2.114811486232372	0.0	0.8810724841822057	0.7572079022847504	0.0	0.0	0.0	0.0	0.6788840712425709	0.46044815355106217	0.0	0.0	0.0	0.0	0.5832570151305155	0.0	0.0	0.0	3.2535112874967504	0.28858556226594245	0.0	1.2770722938876895	0.0	3.0778837616054586	0.0	0.0	0.0	0.28858556226594245	0.28858556226594245	0.28858556226594245	0.0	1.1525654622929604	0.0	0.0	0.0	0.0	0.8810724841822057	3.449551533478426	0.0	0.0	0.6788840712425709	2.3532506940916282	0.9773367268102503	0.9773367268102503	0.0	0.0	0.0	1.337601010939764	0.28858556226594245	0.0	0.5832570151305155	0.46044815355106217	2.8211181544606707	0.0	0.0	0.0	0.8810724841822057	0.0	0.0	0.0	0.0	0.0	1.924426097342877	0.0	0.46044815355106217	0.0	0.0	0.0	0.0	0.28858556226594245	0.9773367268102503	0.0	0.0	0.0	0.7572079022847504	0.0	0.46044815355106217	0.0	0.28858556226594245	1.588161657805507	0.28858556226594245	0.0	3.4173899103276284	0.0	0.0	0.0	0.46044815355106217	0.6788840712425709	3.8037298094268044	0.0	0.5832570151305155	0.0	0.0	0.0	0.0	0.0	0.0	0.0	1.6995102495394883	0.5832570151305155	0.0	0.0	0.0	0.0	0.0	1.3907163832148155	0.9773367268102503	0.0	0.28858556226594245	0.0	0.0	0.5832570151305155	0.0	0.0	2.1116543418682676	0.0	0.0	0.0	0.0	3.1205803022539507	0.0	0.0	0.28858556226594245	0.0	0.0	0.0	3.4311191256414104	0.7572079022847504	0.0	0.0	0.0	0.0	0.46044815355106217	0.0	0.0	0.0	0.28858556226594245	0.0	0.0	0.0	0.0	0.0	0.0	0.0	0.0	0.0	0.0	0.0	0.0	0.9773367268102503	1.2067199287016608	0.0	0.28858556226594245	0.0	0.0	0.0	0.0	0.0	0.0	0.28858556226594245	0.6788840712425709	0.0
SRR11292165	0.0	0.0	3.2363407569152915	0.0	0.6449709643859456	0.0	0.2680751337813009	0.551639892834485	0.8938071595735186	0.2680751337813009	0.2680751337813009	1.214031213961735	2.6027140712423456	0.551639892834485	0.0	0.2680751337813009	0.0	0.0	0.0	0.4326012877990464	0.0	0.0	0.0	0.2680751337813009	0.0	0.0	0.2680751337813009	1.8616753366720316	0.0	0.0	1.0510068757415363	0.8436666196522716	3.6774072089507444	0.0	0.0	0.0	0.0	0.0	0.0	0.0	1.6050593418664554	1.2361136934096564	0.0	0.0	0.2680751337813009	0.0	0.0	0.0	0.0	0.0	1.6050593418664554	0.2680751337813009	0.0	0.0	0.0	0.0	0.2680751337813009	0.721749758501348	0.2680751337813009	0.0	0.0	0.0	0.0	0.0	0.0	0.0	0.2680751337813009	1.4388495178994039	0.0	0.2680751337813009	0.0	0.551639892834485	0.6449709643859456	0.0	1.5131181496418031	0.0	0.2680751337813009	0.0	0.2680751337813009	0.0	0.0	0.0	0.0	2.329620007617655	1.6050593418664554	0.0	0.0	0.0	1.4109748076833184	0.0	0.0	1.0167148292448438	0.0	0.0	0.0	0.0	0.0	2.796588135429663	0.0	0.0	0.0	0.0	0.0	0.0	0.0	0.0	0.4326012877990464	0.0	0.0	0.0	0.9387533628470841	0.0	0.0	0.0	0.0	1.2771712299485172	0.2680751337813009	1.465042517087255	0.0	0.0	0.0	0.8938071595735186	0.0	0.0	1.680896174269967	0.0	0.0	0.2680751337813009	3.1729718623870817	1.1661824643405403	1.5243492235099536	0.721749758501348	0.2680751337813009	0.0	0.9794811383888853	0.0	0.2680751337813009	2.550654744426878	0.0	1.214031213961735	0.0	1.9694906963398682	0.2680751337813009	0.0	0.2680751337813009	1.214031213961735	0.0	0.0	0.0	0.0	0.4326012877990464	0.0	0.0	0.0	0.4326012877990464	0.0	0.6449709643859456	0.0	0.551639892834485	0.0	0.0	0.2680751337813009	0.0	0.0	0.4326012877990464	0.0	0.0	2.4340435756240892	0.0	0.0	0.6449709643859456	0.0	1.3654909839087868	0.0	0.4326012877990464	0.0	0.4326012877990464	0.0	0.0	0.0	0.0	0.0	0.0	0.0	0.0	0.0	0.2680751337813009	0.0	0.0	4.244557322924288	0.0	0.8938071595735186	0.4326012877990464	0.0	0.0	0.0	0.6449709643859456	0.0	0.4326012877990464	0.0	0.0	0.0	0.0	0.0	0.0	0.0	1.957389334089665	0.0	1.1401240077337826	0.0	0.0	0.0	0.0	0.0	0.8436666196522716	1.0510068757415363	0.0	0.0	0.0	0.0	1.2771712299485172	1.0827882454083884	0.0	0.8938071595735186	3.0178035173370628	0.551639892834485	0.551639892834485	0.551639892834485	0.0	0.9387533628470841	0.0	0.0	0.0	0.0	0.551639892834485	0.2680751337813009	0.0	0.721749758501348	0.0	0.0	0.0	0.0	0.0	3.3485506175370303	0.0	0.0	0.8938071595735186	3.142281868124501	1.5243492235099536	1.1401240077337826	0.0	0.6449709643859456	0.0	1.7897464626788133	0.0	0.0	0.4326012877990464	0.0	2.3630217524236428	0.0	0.0	0.0	0.0	0.2680751337813009	0.2680751337813009	0.0	0.0	0.0	1.8616753366720316	0.0	0.0	0.2680751337813009	0.551639892834485	0.0	0.0	0.0	0.721749758501348	0.0	0.0	0.0	0.0	0.0	0.2680751337813009	0.0	0.0	0.0	0.2680751337813009	0.0	3.6129108237417653	0.0	0.0	0.0	0.0	0.2680751337813009	3.8547392854068168	0.0	0.0	0.0	0.0	0.0	0.0	0.0	0.0	0.0	0.8436666196522716	0.2680751337813009	0.0	0.8938071595735186	0.0	0.0	0.2680751337813009	0.8436666196522716	1.1661824643405403	0.2680751337813009	0.0	0.0	0.4326012877990464	2.159709094827725	0.0	0.6449709643859456	2.817405754164686	0.0	0.0	0.0	0.0	2.9551170660973276	0.0	0.0	1.3963365003903183	0.0	0.2680751337813009	0.0	3.1847622455318065	0.2680751337813009	0.0	0.0	0.0	0.0	0.6449709643859456	0.0	0.2680751337813009	0.0	0.2680751337813009	0.0	0.0	0.0	0.2680751337813009	0.2680751337813009	0.0	0.4326012877990464	0.0	0.0	0.0	0.0	0.0	1.3654909839087868	2.322619937512582	0.4326012877990464	0.721749758501348	0.0	0.0	0.7869723376888156	0.0	0.0	1.0510068757415363	1.0167148292448438	0.4326012877990464	0.0
SRR11292166	0.0	0.0	0.8451082118609441	0.0	0.39794712898973383	0.0	0.0	0.0	0.39794712898973383	0.0	0.0	0.0	0.8451082118609441	0.9294293967293349	0.0	0.0	0.39794712898973383	0.0	0.0	0.0	0.0	0.0	0.0	0.39794712898973383	0.0	0.0	0.0	0.0	0.0	0.0	0.9294293967293349	0.39794712898973383	4.269092636184094	0.0	0.6020688917068424	0.0	0.0	0.0	0.0	0.0	0.39794712898973383	1.161379050953843	0.0	0.0	0.0	0.0	0.0	0.0	0.0	0.0	2.3953382124462514	0.0	0.0	0.0	0.0	0.0	0.39794712898973383	0.0	0.0	0.0	0.0	0.39794712898973383	0.0	0.0	0.0	0.0	0.0	0.0	0.0	0.0	0.0	0.39794712898973383	0.0	0.0	1.5682132704692864	0.0	0.8451082118609441	0.0	0.0	0.6020688917068424	0.8451082118609441	0.0	0.0	2.0607096042938697	1.2041311081010246	0.0	0.0	0.0	0.8451082118609441	0.0	0.0	0.0	0.8451082118609441	0.39794712898973383	0.0	0.0	0.0	0.39794712898973383	0.0	0.39794712898973383	0.0	0.0	0.0	0.0	0.0	0.0	0.0	0.39794712898973383	0.0	0.0	1.161379050953843	0.0	0.0	0.0	0.0	1.633480046734778	0.0	0.8451082118609441	0.0	0.0	0.0	0.9294293967293349	0.0	0.0	1.826086492713154	0.0	0.0	0.9294293967293349	2.08279713937362	0.39794712898973383	1.5118948629725144	0.39794712898973383	0.0	0.0	0.6020688917068424	0.0	0.39794712898973383	3.2869172139740486	0.0	0.0	0.0	0.0	0.6020688917068424	0.0	0.0	0.9294293967293349	0.0	0.0	0.0	0.0	0.0	0.0	0.0	0.0	0.0	0.0	0.0	0.0	0.39794712898973383	0.0	0.0	0.39794712898973383	0.0	0.0	0.0	0.0	0.0	1.0607086755733293	0.0	0.0	0.39794712898973383	0.39794712898973383	0.0	0.0	0.0	0.0	0.0	0.0	0.0	0.0	0.0	0.0	0.0	0.0	0.0	0.0	0.0	0.0	0.0	4.2295145285168	0.0	1.7958916946038332	0.0	0.0	0.39794712898973383	0.0	0.0	0.0	0.0	0.0	0.0	0.0	0.0	0.0	0.0	0.0	1.1139543065934014	0.0	0.9294293967293349	1.000010680432768	0.0	0.0	0.0	0.0	0.0	0.0	0.0	0.0	0.0	0.0	0.0	0.0	0.0	0.0	0.740372398989432	0.0	0.0	0.0	0.0	0.6020688917068424	0.0	0.0	0.0	0.0	0.6020688917068424	1.4698334808391418	0.0	0.0	0.0	0.0	0.0	0.0	0.0	1.342434008545488	0.0	0.0	0.0	2.7634398402339517	1.6483716114386917	1.2430492377045472	0.0	0.0	0.0	0.39794712898973383	0.39794712898973383	0.0	0.39794712898973383	0.6020688917068424	2.183281632997913	0.39794712898973383	0.0	0.0	0.0	0.0	0.0	0.39794712898973383	0.0	0.0	1.2430492377045472	0.0	0.0	0.0	0.0	0.0	0.0	0.0	1.000010680432768	0.0	0.0	0.0	0.0	0.6020688917068424	0.6020688917068424	0.0	0.0	0.0	0.39794712898973383	0.0	2.8309211491619277	0.0	0.0	0.0	0.0	0.0	3.493469914316874	0.0	0.0	0.0	0.0	0.0	0.0	0.0	0.0	0.0	1.2787648435063614	0.0	0.0	0.0	0.39794712898973383	0.0	0.0	0.740372398989432	0.6020688917068424	0.740372398989432	0.0	0.0	0.39794712898973383	0.0	0.0	0.39794712898973383	1.4698334808391418	0.0	0.0	0.0	0.0	0.39794712898973383	0.0	0.39794712898973383	0.39794712898973383	0.6020688917068424	0.39794712898973383	0.0	1.4913731781599533	0.39794712898973383	0.0	0.0	0.39794712898973383	0.740372398989432	0.0	0.6020688917068424	0.0	0.0	0.39794712898973383	0.0	0.0	0.0	0.0	0.0	0.0	0.0	0.0	0.0	0.0	0.0	0.0	1.2041311081010246	3.6971976014551187	0.0	0.39794712898973383	0.0	0.39794712898973383	0.0	0.0	0.0	0.0	0.6020688917068424	0.0	0.39794712898973383
SRR11292167	1.4354460889386964	0.7379027719647672	1.4264523266092686	0.19273937850563413	0.5098028003930695	0.0	1.235525665507439	0.3257688149355495	1.3784577265937796	0.3257688149355495	0.42746187387351464	1.3008774077339769	1.5909081058804346	1.9846330090782758	1.2211865440370846	0.7801409672382194	1.2885701853979468	0.19273937850563413	1.064971386111941	2.19394646235175	0.6386590825216487	0.7801409672382194	0.0	1.1235109815389512	0.0	0.0	1.4078859934504167	1.2063577743790312	0.3257688149355495	0.8539892134022584	2.500536346765927	2.3334651824101083	3.7025992947967024	0.8186328646332398	0.3257688149355495	0.0	0.5789925127116113	0.19273937850563413	0.42746187387351464	0.42746187387351464	1.9167595112452898	2.4904592791721623	0.691109639713626	0.0	1.6855844306031424	1.5450054847045092	0.3257688149355495	0.691109639713626	1.4442573728545876	0.0	1.8702798780345489	0.3257688149355495	0.5098028003930695	0.0	0.0	0.0	1.9921085647672128	0.7801409672382194	0.0	0.3257688149355495	0.0	0.3257688149355495	0.691109639713626	0.19273937850563413	0.0	0.0	0.9170862201549971	1.4442573728545876	0.3257688149355495	2.2613830021511108	0.0	0.7801409672382194	0.5098028003930695	0.42746187387351464	2.1954959101822866	0.0	0.42746187387351464	0.19273937850563413	0.9170862201549971	1.5909081058804346	1.17508897584855	0.3257688149355495	0.0	3.2580329068014082	1.7284348517285473	0.0	0.7379027719647672	0.19273937850563413	2.815593118225699	0.42746187387351464	0.0	1.1910047298999238	0.691109639713626	1.4778167028872964	0.0	0.0	1.538033212042702	1.5089677772765375	1.4613611119115244	0.0	0.19273937850563413	0.0	0.0	0.0	0.0	0.5789925127116113	0.7379027719647672	1.2628572765887223	0.0	0.19273937850563413	1.7916151575856203	0.3257688149355495	1.3008774077339769	0.19273937850563413	0.6386590825216487	2.561887646683807	2.2253776530774525	1.1585676896315915	0.0	0.0	0.42746187387351464	1.5450054847045092	0.0	1.2885701853979468	2.4124981569439994	0.7379027719647672	0.0	1.2628572765887223	1.9167595112452898	1.8767721738625265	1.5846402292733788	0.0	0.0	0.5789925127116113	1.7955175466118103	0.6386590825216487	0.42746187387351464	2.7422181887082013	0.0	0.8539892134022584	0.0	0.9170862201549971	0.19273937850563413	0.8539892134022584	1.1413929663928104	2.6743766792563486	0.0	0.5789925127116113	0.0	0.5789925127116113	0.0	0.3257688149355495	0.5789925127116113	0.8539892134022584	0.5098028003930695	0.6386590825216487	0.5789925127116113	0.691109639713626	2.306769533505163	0.19273937850563413	0.0	2.2546867903641568	0.0	0.19273937850563413	0.6386590825216487	2.3103460531021756	0.3257688149355495	2.8294649708229564	0.19273937850563413	0.5789925127116113	2.2121846694290896	1.5718263889292152	1.3128454524404074	1.4528934361152286	0.19273937850563413	0.0	1.17508897584855	1.3576692129217167	1.5450054847045092	0.19273937850563413	0.0	0.0	0.5789925127116113	0.0	0.7379027719647672	0.19273937850563413	0.19273937850563413	0.0	0.19273937850563413	4.055311041666493	0.7801409672382194	1.398296441087415	1.1585676896315915	0.19273937850563413	0.0	0.7801409672382194	1.2885701853979468	0.0	1.873538157553475	0.19273937850563413	0.42746187387351464	0.0	0.19273937850563413	0.7379027719647672	0.6386590825216487	0.0	1.632419498206192	0.19273937850563413	1.4172683676225029	0.6386590825216487	0.42746187387351464	0.42746187387351464	0.3257688149355495	0.0	1.5013869694414446	1.6435859116253768	0.9454999239441453	0.3257688149355495	1.5782805663644532	1.0210439784476424	1.1910047298999238	0.19273937850563413	0.42746187387351464	0.0	2.4881002172131885	1.0853739970028615	0.0	1.4264523266092686	0.6386590825216487	1.6754593935089295	0.19273937850563413	0.0	0.42746187387351464	0.5789925127116113	1.0853739970028615	1.0435628341510492	0.19273937850563413	0.3257688149355495	1.5309471758940165	0.7379027719647672	0.9454999239441453	0.0	0.9170862201549971	2.7373597151505225	1.1048609733236885	0.9454999239441453	1.4354460889386964	2.920239157898482	1.7756452016406454	1.6855844306031424	0.0	1.3008774077339769	0.0	1.754819756587983	1.1235109815389512	0.5789925127116113	1.7329451619747234	0.5098028003930695	2.4217824703281776	1.32449251415914	0.0	1.235525665507439	1.1048609733236885	0.7379027719647672	1.398296441087415	0.42746187387351464	1.4778167028872964	0.3257688149355495	1.8603557498172476	0.19273937850563413	1.6703069569556035	0.19273937850563413	0.0	0.3257688149355495	0.19273937850563413	0.19273937850563413	2.6120936780451527	0.3257688149355495	0.0	0.0	1.6805514179727619	1.17508897584855	1.9340425434956432	1.5089677772765375	1.0435628341510492	1.632419498206192	1.17508897584855	0.7379027719647672	3.0186745965753676	0.0	0.19273937850563413	0.0	0.0	0.19273937850563413	4.122517756982532	1.9506640289299	1.064971386111941	0.691109639713626	0.0	0.0	0.19273937850563413	0.19273937850563413	1.538033212042702	0.0	1.2063577743790312	1.5846402292733788	0.0	0.997293322641472	0.3257688149355495	0.7379027719647672	0.0	1.4936714807595914	2.3300748011804617	1.32449251415914	0.3257688149355495	0.7379027719647672	0.3257688149355495	1.65981499191574	0.8866826011364854	0.8186328646332398	3.0184421409818873	0.3257688149355495	0.19273937850563413	0.691109639713626	0.8866826011364854	0.6386590825216487	0.7379027719647672	0.3257688149355495	1.7374091120215949	1.398296441087415	0.19273937850563413	1.4858164390538042	2.731096540545108	1.32449251415914	0.0	0.3257688149355495	0.691109639713626	1.609186592149431	1.3576692129217167	0.8186328646332398	0.0	0.5789925127116113	0.19273937850563413	0.9170862201549971	0.0	0.0	0.3257688149355495	1.1413929663928104	0.0	1.6754593935089295	0.3257688149355495	0.7379027719647672	1.3008774077339769	0.8866826011364854	0.0	1.5909081058804346	3.2927662680943683	1.346889483042806	1.4078859934504167	0.0	0.0	2.2121846694290896	0.8539892134022584	0.3257688149355495	1.4613611119115244	2.397217639613158	1.6805514179727619	1.7993851824442424
SRR11292168	1.772692561986482	0.609148114109267	2.2134870584804753	0.0	0.609148114109267	0.0	1.0084919700894965	0.0	0.0	0.609148114109267	1.9069344058750937	1.2129622066689725	2.3748731477454768	2.861892251756149	1.54062995422689	0.0	1.9387345735142387	0.0	0.0	2.56328233525397	0.0	1.6426769221583641	0.0	1.5004861750754908	0.0	0.0	2.2949343499731363	1.1226508966994142	0.609148114109267	0.0	3.077974286292805	1.872620471444716	3.50288041134483	1.835360972588787	0.609148114109267	0.0	1.7496184861073232	1.287687950121342	0.0	0.0	2.3016338518407995	3.206975650546983	1.6426769221583641	0.0	2.351805651349626	2.525270770083945	0.0	1.5004861750754908	2.022172046383571	0.0	2.4702909327917077	0.0	1.577375009575721	0.0	0.0	0.0	2.591464307899591	0.0	0.0	0.853189373710491	0.0	0.0	0.0	0.0	0.0	0.0	0.0	1.4069922495308294	0.0	2.8600584378906375	0.609148114109267	1.6426769221583641	1.699431110016736	0.0	2.6048979102419363	0.0	0.0	0.0	1.577375009575721	2.196885525941686	2.022172046383571	1.1226508966994142	0.0	2.6428721253130787	1.9961009554147453	0.0	0.0	0.0	3.3881826309422194	0.0	0.0	1.7496184861073232	1.0084919700894965	2.1428956990770334	0.0	0.0	1.9231254860328413	1.287687950121342	1.5004861750754908	0.0	0.0	0.0	0.0	0.0	0.0	1.287687950121342	1.9231254860328413	1.982454006342152	0.0	1.7946023122918617	2.5370275864507885	0.609148114109267	1.872620471444716	0.0	0.0	3.0757432755743546	2.854510073636873	1.1226508966994142	0.0	0.0	0.0	1.772692561986482	0.0	1.54062995422689	2.7377617075439775	0.609148114109267	0.0	0.609148114109267	2.584588400405964	2.3458421184064475	0.0	0.0	0.0	0.0	2.022172046383571	0.0	0.0	2.9070406423946644	0.0	1.7946023122918617	0.0	1.4069922495308294	0.609148114109267	0.0	1.835360972588787	3.2861119517500663	0.0	0.609148114109267	0.0	0.0	0.0	0.0	0.0	1.2129622066689725	1.0084919700894965	0.0	0.0	0.609148114109267	2.6274509826726202	0.609148114109267	0.0	3.0539566988762794	0.0	0.0	0.0	0.609148114109267	0.0	2.402084556951297	1.287687950121342	0.0	2.7126982682905783	2.205265614570375	1.8901162467740231	1.7946023122918617	0.0	0.0	0.609148114109267	1.8154596185427327	1.699431110016736	0.0	0.0	0.0	0.0	0.0	0.0	0.0	0.0	0.0	1.4562502638975143	3.7070015164562884	0.609148114109267	2.3336636179261445	1.6719804463654364	0.0	0.0	0.609148114109267	2.2134870584804753	0.609148114109267	0.0	1.1226508966994142	0.0	0.0	0.0	0.0	0.0	0.0	1.6426769221583641	0.0	2.2134870584804753	1.351424017831512	0.0	0.0	0.0	0.0	1.9961009554147453	2.3147305630676382	0.0	0.0	2.188340549363474	0.609148114109267	1.6426769221583641	1.0084919700894965	0.609148114109267	0.0	2.7497710903363206	1.699431110016736	0.0	2.4471418865351	1.577375009575721	1.982454006342152	0.0	0.0	0.0	0.0	1.351424017831512	0.0	1.8154596185427327	1.9231254860328413	1.5004861750754908	1.7252493560964168	2.046766303516089	0.0	2.0812283383213677	1.9961009554147453	0.0	1.351424017831512	2.188340549363474	2.281217097276209	2.034643249425691	2.034643249425691	0.0	1.699431110016736	0.0	1.9231254860328413	0.0	1.1226508966994142	2.3336636179261445	0.0	2.4176288962028716	1.9961009554147453	0.0	2.092133660742127	0.0	1.4069922495308294	1.9961009554147453	0.609148114109267	1.6426769221583641	0.0	2.6693211509346617	0.609148114109267	2.2881298790446802	0.853189373710491	0.0	0.0	0.853189373710491	0.0	3.1994707520296384	0.0	0.0	0.0	2.4702909327917077	1.6719804463654364	2.351805651349626	2.2134870584804753	1.4562502638975143	2.3458421184064475	1.9231254860328413	0.609148114109267	2.5370275864507885	0.0	0.0	0.0	0.0	1.4562502638975143	3.534337717030443	2.407328065381517	0.0	0.0	0.0	0.0	1.872620471444716	0.0	1.287687950121342	0.0	0.0	1.8901162467740231	0.0	1.9231254860328413	0.0	0.853189373710491	0.0	2.2134870584804753	2.8374265634573055	0.609148114109267	1.6719804463654364	1.6426769221583641	0.0	1.9538020603754407	0.0	1.1226508966994142	3.1017875156828976	0.0	0.0	0.0	0.0	0.0	0.0	1.351424017831512	2.3576884037783277	1.7496184861073232	0.0	2.327443860189142	2.6336853020076494	1.0084919700894965	0.0	0.0	1.5004861750754908	2.6805783156223715	2.05856011992912	0.0	0.0	0.0	0.0	0.0	0.0	0.0	0.609148114109267	1.6112521870160776	0.0	2.3336636179261445	0.0	0.0	1.699431110016736	0.0	0.0	1.0084919700894965	2.6833475979043175	1.6426769221583641	1.8543901758316108	0.0	0.0	2.6488904574106793	1.0084919700894965	0.0	1.6426769221583641	3.049227400495469	1.9387345735142387	2.205265614570375
SRR11292169	0.3645955131752891	0.3645955131752891	2.330552653985331	0.0	0.0	0.0	0.3645955131752891	0.0	1.414798074126229	0.3645955131752891	0.3645955131752891	1.3165691268135256	3.7173305844061884	1.0615240454392756	0.0	0.0	0.0	0.0	0.0	0.8794506609151553	0.0	0.0	0.0	0.0	0.0	0.0	0.3645955131752891	1.6343522442680838	0.0	0.0	1.647410663845689	1.6343522442680838	4.017825819693811	0.0	3.122792111795062	0.0	0.0	0.0	0.0	0.0	2.3856128250049755	0.5599634059183767	0.0	0.0	0.0	0.3645955131752891	0.0	0.0	0.0	0.3645955131752891	1.8330010662006575	0.0	0.5599634059183767	0.0	0.0	0.0	0.0	0.0	0.0	0.0	0.0	0.0	0.0	0.0	0.0	0.0	0.0	1.8574700913392779	0.0	0.7966401838335435	0.0	0.0	0.0	0.0	1.7184539822371176	0.0	0.5599634059183767	0.0	0.3645955131752891	0.0	0.0	0.0	0.0	2.1973170658188366	2.356448118899965	0.0	0.5599634059183767	0.0	0.6942288176441095	0.0	0.0	1.8494659589919287	0.6942288176441095	0.0	0.0	0.0	0.0	0.6942288176441095	0.0	0.0	0.5599634059183767	0.0	0.0	0.0	0.0	0.3645955131752891	0.3645955131752891	0.3645955131752891	0.0	0.0	1.9235546030854032	0.0	0.0	0.0	0.0	0.5599634059183767	0.6942288176441095	1.0615240454392756	0.0	0.0	0.0	0.8794506609151553	0.0	0.0	2.8314520473172147	0.7966401838335435	0.5599634059183767	1.343286403364329	1.9926752676385222	0.0	1.5926417044353733	0.0	0.0	0.0	1.9808987162709029	0.0	0.3645955131752891	2.6114296801211467	0.5599634059183767	0.5599634059183767	0.0	2.761231465074187	0.0	0.0	0.3645955131752891	1.4761824672949924	0.0	0.0	0.0	0.3645955131752891	0.0	0.0	0.0	0.0	0.6942288176441095	0.0	0.0	0.3645955131752891	0.3645955131752891	0.6942288176441095	0.0	0.0	0.0	0.3645955131752891	0.3645955131752891	0.3645955131752891	0.0	2.1179619509175804	0.0	0.0	1.343286403364329	0.948971314931363	0.3645955131752891	0.5599634059183767	0.0	0.0	0.0	0.5599634059183767	0.0	0.0	0.0	0.0	0.0	0.0	0.0	0.0	1.0615240454392756	0.5599634059183767	0.0	3.9964192585293374	0.0	1.7397679295975588	0.0	0.0	0.0	0.3645955131752891	0.3645955131752891	0.0	0.5599634059183767	0.5599634059183767	0.0	0.0	0.0	0.0	0.0	0.0	2.2612694112246947	0.0	0.0	0.0	0.0	0.0	0.0	0.0	0.0	0.0	0.0	0.5599634059183767	0.0	0.0	1.6343522442680838	0.0	0.0	0.0	2.4216819986691696	1.343286403364329	0.0	1.4761824672949924	0.0	0.7966401838335435	0.0	0.0	0.0	0.0	0.0	0.3645955131752891	0.0	0.7966401838335435	0.8794506609151553	0.0	0.0	0.0	0.0	2.2736116313583494	0.0	0.0	0.0	3.115848531401441	0.5599634059183767	0.948971314931363	0.0	0.0	0.0	1.6724055064620096	0.6942288176441095	1.008883698866592	0.6942288176441095	1.008883698866592	1.5464954086398843	1.008883698866592	0.0	0.5599634059183767	0.0	1.3922443417111463	0.5599634059183767	0.0	0.0	0.0	2.9614637776745196	0.0	0.0	0.0	0.0	0.0	0.0	0.0	1.189423225907401	0.0	0.0	0.0	0.0	0.0	0.7966401838335435	0.0	1.008883698866592	0.6942288176441095	0.3645955131752891	0.0	3.397931478361221	0.0	0.3645955131752891	0.0	0.3645955131752891	0.6942288176441095	3.7713239979578286	0.0	0.0	0.0	0.0	0.0	0.0	1.2248656551534678	0.3645955131752891	0.0	0.8794506609151553	1.2880998668188057	0.0	0.0	0.0	0.0	0.0	1.0615240454392756	0.948971314931363	0.3645955131752891	1.3165691268135256	0.0	0.0	2.380886029021406	0.0	0.0	3.1907979061435334	0.0	0.0	0.0	0.0	1.008883698866592	0.0	0.0	0.6942288176441095	0.0	0.0	0.0	3.094325765607519	0.3645955131752891	0.0	0.0	0.3645955131752891	0.0	0.0	0.3645955131752891	0.0	0.3645955131752891	0.0	0.0	0.0	0.0	0.3645955131752891	0.0	0.0	0.3645955131752891	0.0	0.0	0.0	0.0	0.0	1.0615240454392756	3.4643308552854695	0.0	0.948971314931363	0.0	0.0	0.3645955131752891	0.0	0.0	0.3645955131752891	0.0	1.6343522442680838	0.0
SRR11292170	0.0	0.0	2.657337208109859	0.0	0.414322487258422	0.0	0.0	1.2294530920476203	1.138897705698538	0.414322487258422	0.6224433189736879	0.868316718438781	1.368202985490177	0.9533020639055891	1.337446944260267	0.0	0.414322487258422	0.0	0.0	1.7548352973020853	0.0	0.0	0.0	0.0	0.0	0.0	1.2294530920476203	0.414322487258422	0.0	0.0	1.4959052421743322	0.0	4.040563568160615	0.0	0.0	0.0	1.2294530920476203	0.0	0.0	0.0	2.5734389458792735	1.5380485726666087	0.0	0.414322487258422	0.0	0.0	0.0	0.0	0.0	0.0	1.517487898226284	0.414322487258422	0.0	0.0	0.0	0.0	0.7625524717634513	0.0	0.0	0.414322487258422	0.0	0.0	1.2294530920476203	0.0	0.0	0.0	0.0	0.414322487258422	0.414322487258422	0.414322487258422	0.0	1.138897705698538	0.0	0.0	1.862279228135859	0.0	0.868316718438781	0.6224433189736879	0.414322487258422	0.414322487258422	0.414322487258422	0.0	0.0	2.8248885803731962	0.0	0.0	0.6224433189736879	0.414322487258422	1.907439953576269	0.0	0.0	1.1865313653011496	2.250829241851328	0.0	0.0	0.0	1.517487898226284	0.9533020639055891	1.0243476558863147	2.174460741087684	1.5764616817591768	0.0	0.0	0.0	0.0	0.0	0.0	0.0	0.0	0.414322487258422	2.5880001155930343	0.0	0.6224433189736879	0.0	0.0	2.201436818854143	0.0	1.6117515512751375	0.0	0.0	0.0	1.5944649656520917	0.0	0.0	1.4238633186299041	0.0	0.0	0.0	3.6885882885547696	0.0	2.538773470470792	0.0	0.0	0.0	0.0	0.414322487258422	0.0	3.27333121423381	0.414322487258422	0.414322487258422	0.0	0.868316718438781	0.0	0.0	1.3043456689947501	1.932441490850807	0.0	0.0	0.0	0.0	0.0	0.0	0.0	0.0	0.0	0.0	0.0	0.0	1.6598304646033246	0.0	0.0	0.414322487258422	0.0	0.0	0.0	0.0	0.0	1.0243476558863147	0.6224433189736879	0.0	1.3969242394453767	0.0	0.414322487258422	0.0	0.0	0.0	0.414322487258422	0.0	0.0	0.0	0.0	0.0	0.0	0.0	1.2294530920476203	0.0	0.0	0.0	0.0	4.16876325597249	0.0	3.0385155592129363	1.7297438227683353	0.0	0.0	0.9533020639055891	0.0	0.0	0.414322487258422	0.0	0.0	0.6224433189736879	0.0	0.0	0.0	0.414322487258422	2.865466921608455	0.0	2.0395538442286054	2.3224052528285895	0.0	1.337446944260267	0.0	0.0	0.0	0.414322487258422	0.0	0.414322487258422	0.0	0.0	1.4492285307538264	1.473193669574203	0.6224433189736879	0.0	2.48096092376528	0.6224433189736879	0.0	0.9533020639055891	0.0	2.1456974256145096	0.0	0.0	0.0	0.0	0.868316718438781	0.414322487258422	0.0	0.0	0.414322487258422	0.0	0.0	0.0	0.0	1.138897705698538	0.0	0.0	1.3043456689947501	1.862279228135859	1.8526549049974752	1.3043456689947501	0.0	0.0	0.0	3.0522517736326464	0.414322487258422	0.0	0.0	0.0	2.214321460288837	0.0	0.0	0.0	0.0	0.414322487258422	0.0	0.0	0.0	0.414322487258422	1.6117515512751375	0.0	0.0	0.0	0.0	0.0	0.0	0.0	1.4492285307538264	0.0	0.0	0.0	0.0	0.0	1.9404654095975942	0.0	0.6224433189736879	0.9533020639055891	0.0	1.2685117547901368	1.8899350696426094	0.0	0.0	0.0	0.0	0.414322487258422	3.72779883840772	0.0	0.0	0.0	0.0	0.0	0.0	0.0	1.6747425474954831	0.0	0.9533020639055891	0.414322487258422	0.0	0.0	0.0	0.0	0.0	0.7625524717634513	0.414322487258422	2.222703637826855	0.6224433189736879	0.414322487258422	0.414322487258422	1.4238633186299041	0.0	0.414322487258422	2.7441747447511284	1.4492285307538264	0.0	1.8899350696426094	0.0	0.0	0.0	0.0	1.5576796911522828	0.414322487258422	0.0	0.0	1.6283763232032362	0.0	0.0	0.0	2.0331789075623687	2.262346963383816	1.2685117547901368	0.414322487258422	0.0	0.0	0.0	0.0	0.0	0.0	0.6224433189736879	0.0	0.0	0.6224433189736879	0.6224433189736879	0.0	0.0	0.0	0.0	1.1865313653011496	2.788101068900625	2.218532771456667	0.0	0.0	0.0	1.907439953576269	0.0	0.0	1.138897705698538	1.337446944260267	0.0	1.4492285307538264
SRR11292171	0.0	0.0	2.9274354897142523	0.0	0.0	0.0	0.0	0.542285929800955	0.0	0.0	0.0	0.9867643683166492	2.650479726953488	0.9272164251849289	0.0	0.542285929800955	0.0	0.3507970614727147	0.0	0.542285929800955	0.0	0.3507970614727147	0.0	0.0	0.0	0.0	0.0	0.674723477963469	0.0	0.3507970614727147	0.674723477963469	0.0	4.199302965138801	0.0	0.3507970614727147	0.0	0.0	0.0	0.0	0.0	1.596903114274246	0.3507970614727147	0.0	0.0	0.0	0.0	0.0	0.0	0.0	0.0	1.3198415132096775	0.0	0.542285929800955	0.0	0.0	0.0	0.3507970614727147	0.0	0.0	0.0	0.0	0.0	0.0	0.0	0.0	0.0	0.3507970614727147	1.488945454112934	0.0	0.674723477963469	0.0	0.0	0.0	0.0	1.234437233444956	0.0	0.542285929800955	0.0	0.3507970614727147	0.542285929800955	0.3507970614727147	0.7760714044720136	0.0	2.660030171738387	1.0391232675067033	0.0	0.0	0.0	0.8581862638779608	0.0	0.0	0.674723477963469	0.0	0.0	0.0	0.0	1.3911793584708447	0.7760714044720136	0.0	0.0	0.0	0.0	0.0	0.0	0.0	0.0	0.3507970614727147	0.0	0.0	0.0	0.3507970614727147	0.0	0.0	0.0	0.0	1.8924045432546286	0.3507970614727147	0.674723477963469	0.0	0.0	0.0	1.735932846989247	0.0	0.0	2.547432450120288	0.3507970614727147	0.0	0.9867643683166492	2.9908315194372914	0.7760714044720136	1.6103479175784814	0.0	0.0	0.542285929800955	0.542285929800955	0.0	0.3507970614727147	3.521380212152937	0.542285929800955	0.674723477963469	0.0	0.7760714044720136	0.0	0.0	0.0	0.3507970614727147	0.0	0.0	0.0	0.0	0.0	0.0	0.0	0.0	0.7760714044720136	0.0	0.0	0.3507970614727147	0.0	0.3507970614727147	0.0	0.542285929800955	0.0	0.0	0.0	0.0	0.0	1.5538750434302595	0.0	0.0	0.8581862638779608	0.0	0.3507970614727147	0.0	0.3507970614727147	0.0	0.3507970614727147	0.3507970614727147	0.0	0.0	0.0	0.0	0.0	0.0	0.0	0.0	0.0	0.542285929800955	0.0	4.106946728679568	0.0	1.2017794542627773	0.3507970614727147	0.0	0.0	0.0	0.674723477963469	0.0	0.0	0.0	0.0	0.0	0.0	0.0	0.0	0.0	2.3419065917603428	0.0	0.0	0.0	0.0	0.0	0.0	0.0	0.3507970614727147	0.0	0.0	0.0	0.0	0.542285929800955	1.2648100567330138	0.0	0.0	0.0	2.46326607543614	0.7760714044720136	0.0	0.542285929800955	0.3507970614727147	0.0	0.0	0.0	0.0	0.3507970614727147	0.542285929800955	0.0	0.0	0.0	0.0	0.0	0.0	0.0	0.9272164251849289	1.2648100567330138	0.0	0.0	0.0	2.3344742987819034	1.9741086344200354	0.3507970614727147	0.0	0.0	0.0	1.4524357049477963	0.0	0.0	2.1655752965908865	0.0	1.293196863634243	0.0	0.0	0.9272164251849289	0.0	1.3911793584708447	0.0	0.0	0.0	0.0	2.1428727223451145	0.0	0.0	0.0	0.0	0.0	0.0	0.0	1.0391232675067033	0.0	0.0	0.0	0.0	0.0	0.0	0.0	0.9867643683166492	0.542285929800955	0.3507970614727147	0.0	2.3344742987819034	0.0	0.0	0.0	0.0	0.0	4.0021899501377645	0.0	0.0	0.0	0.0	0.0	0.0	0.0	0.0	0.0	0.542285929800955	1.0858434524952643	0.0	0.0	0.0	0.0	0.0	0.7760714044720136	0.0	0.674723477963469	0.0	0.0	0.0	0.9867643683166492	0.0	0.3507970614727147	2.787087764391402	0.0	0.0	0.0	0.0	0.3507970614727147	0.0	0.0	0.7760714044720136	0.3507970614727147	0.0	0.0	1.9505653453396503	0.8581862638779608	0.0	0.0	0.0	0.0	0.0	0.0	0.0	0.0	0.0	0.0	0.0	0.0	0.3507970614727147	0.0	0.0	0.0	0.0	0.0	0.0	0.0	0.0	0.9272164251849289	2.536586323297566	0.0	0.9867643683166492	0.0	0.0	0.0	0.0	0.0	0.0	0.0	1.2648100567330138	1.6233889673481905
SRR11292172	0.42604217432926306	0.19192749464936434	2.691198754175561	0.0	0.0	0.0	0.0	0.3245729382818694	2.1080798844457176	0.42604217432926306	0.19192749464936434	0.6893036366004799	3.887134310034095	0.19192749464936434	0.0	0.0	0.19192749464936434	0.0	0.0	0.508236527261988	0.0	0.19192749464936434	0.0	0.0	0.0	0.0	0.0	1.926115374676511	0.0	0.0	1.491475405295477	0.19192749464936434	3.2643841751582814	0.0	0.19192749464936434	0.0	0.0	0.0	0.0	0.0	2.6590820863513907	0.508236527261988	0.0	0.0	0.0	0.0	0.0	0.0	0.0	0.0	0.8520384441713167	0.0	0.42604217432926306	0.0	0.0	0.0	0.0	0.0	0.0	0.0	0.0	0.0	0.0	0.0	0.0	0.0	0.0	1.5428012725343963	0.0	0.19192749464936434	0.0	0.3245729382818694	0.0	0.0	0.9952531178238503	0.0	0.508236527261988	0.0	0.970141690045316	0.3245729382818694	0.0	0.0	0.0	1.977331624441529	1.84452395630154	0.0	0.19192749464936434	0.0	0.0	0.0	0.0	2.8402931530159297	0.5773228087337823	0.19192749464936434	0.0	0.19192749464936434	0.0	0.6369124860475764	0.0	0.0	0.19192749464936434	0.0	0.0	0.0	0.0	0.0	0.508236527261988	0.0	0.19192749464936434	0.6893036366004799	2.9141665367117313	0.0	0.19192749464936434	0.0	0.0	0.42604217432926306	0.0	1.0628981640620458	0.0	0.42604217432926306	0.0	0.8167090816562959	0.0	0.0	2.5953684067514553	0.508236527261988	0.19192749464936434	1.0832917890911136	3.206013176485831	0.9150924226178082	1.3554999761051516	0.0	0.0	0.0	0.9434886985585752	0.0	0.3245729382818694	1.874533319627064	0.0	0.6893036366004799	0.0	0.7782491703666488	0.0	0.0	0.0	0.0	0.0	0.508236527261988	0.0	0.0	0.0	0.0	0.0	0.19192749464936434	0.3245729382818694	0.0	0.508236527261988	0.0	0.0	0.0	0.0	0.19192749464936434	0.0	0.0	0.19192749464936434	0.0	0.0	1.2042301410845968	0.0	0.0	0.19192749464936434	0.0	1.1214130677396557	0.0	0.0	0.0	0.0	0.0	0.0	0.0	0.0	0.0	0.0	0.0	0.0	0.0	0.0	0.0	0.0	4.077198599095203	0.0	1.7307181688835782	0.0	0.0	0.0	0.42604217432926306	0.6369124860475764	0.0	0.508236527261988	0.3245729382818694	0.0	0.0	0.0	0.3245729382818694	0.0	0.0	2.128300418169686	0.0	2.4881975657771247	0.0	0.0	0.0	0.0	0.0	0.19192749464936434	0.0	0.0	0.19192749464936434	0.0	0.0	1.3336712714319283	0.0	0.0	0.0	2.088843107521621	1.6413685300310055	0.0	0.42604217432926306	0.0	0.8847087581707194	0.0	0.0	0.0	0.0	0.3245729382818694	0.0	0.0	0.0	0.0	0.0	0.0	0.0	0.42604217432926306	0.9150924226178082	0.0	0.0	0.0	3.2026965537934475	0.8847087581707194	1.4150863306072061	0.0	0.0	0.0	0.3245729382818694	0.508236527261988	0.0	1.1729718993714258	0.5773228087337823	1.4150863306072061	0.3245729382818694	0.0	0.3245729382818694	0.0	0.7360494924258651	0.0	0.0	0.0	0.0	2.897988704108821	0.0	0.0	0.0	0.0	0.0	0.0	0.0	0.6369124860475764	0.0	0.0	0.0	0.3245729382818694	0.3245729382818694	0.19192749464936434	0.0	0.0	2.0519119041171265	0.42604217432926306	0.0	1.6009664951421887	0.0	0.0	0.0	0.0	0.9952531178238503	3.520659220907539	0.0	0.0	0.19192749464936434	0.0	0.0	0.0	0.0	0.0	0.0	0.970141690045316	0.8167090816562959	0.0	0.19192749464936434	0.19192749464936434	0.0	0.6369124860475764	0.19192749464936434	0.42604217432926306	0.7360494924258651	0.3245729382818694	0.0	0.0	0.508236527261988	0.0	0.0	4.0133714747916285	0.19192749464936434	0.0	0.0	0.0	0.3245729382818694	0.0	0.19192749464936434	3.0177998282773344	0.0	0.0	0.0	1.6009664951421887	0.3245729382818694	0.0	0.0	0.0	0.19192749464936434	0.3245729382818694	0.19192749464936434	0.42604217432926306	0.19192749464936434	0.0	0.0	0.0	0.0	0.42604217432926306	0.0	0.0	0.0	0.0	0.19192749464936434	0.19192749464936434	0.0	0.0	0.19192749464936434	3.537852632595044	0.9434886985585752	0.508236527261988	0.0	0.0	0.3245729382818694	0.0	0.0	0.0	0.42604217432926306	1.2042301410845968	0.19192749464936434
SRR11292173	1.268266921397135	0.0	1.3435278174592094	0.0	0.0	0.0	1.4635158209222068	1.0617549860032922	0.0	0.0	0.9041031362440766	1.5574280763997028	0.0	1.7294898633050397	1.407652530943883	0.0	1.268266921397135	0.0	0.0	1.873298445783354	0.0	0.0	0.0	0.0	0.0	0.0	1.4635158209222068	1.268266921397135	0.0	0.0	1.7001045728216917	0.0	3.752667537498209	0.0	1.0617549860032922	0.0	1.5977255171186544	0.6541132075356936	0.0	0.0	1.4635158209222068	2.092815288063055	0.0	0.0	1.4635158209222068	2.476098154357699	0.0	0.0	0.0	0.0	2.851189316816276	0.0	1.0617549860032922	0.0	0.0	0.0	1.6345992596377186	0.0	0.0	0.0	0.0	0.6541132075356936	0.6541132075356936	0.0	0.0	0.0	1.8073196008676864	0.0	0.0	2.0405612527065546	0.0	0.6541132075356936	0.0	0.0	1.7294898633050397	0.0	0.9041031362440766	0.0	0.6541132075356936	0.6541132075356936	1.0617549860032922	0.0	0.0	2.054225904053354	0.6541132075356936	0.0	0.0	0.0	2.3666406935656066	0.0	0.0	1.3435278174592094	1.5130054777719917	0.0	0.0	0.0	0.0	0.6541132075356936	1.0617549860032922	0.0	0.0	0.0	0.0	0.0	0.0	0.0	0.6541132075356936	0.9041031362440766	0.0	0.0	1.8073196008676864	0.0	0.0	0.0	0.0	2.1610175380880734	1.8932374721061929	0.0	0.0	0.0	0.0	1.873298445783354	0.0	1.5977255171186544	2.3666406935656066	0.0	0.0	1.268266921397135	3.7414806882651086	1.7001045728216917	1.5574280763997028	0.0	0.0	0.0	0.6541132075356936	0.0	0.6541132075356936	1.9967812082635126	0.0	0.6541132075356936	0.0	2.421933923969075	0.6541132075356936	0.0	0.0	2.2799052080182327	0.0	0.6541132075356936	0.0	0.0	0.0	0.0	0.6541132075356936	0.0	0.0	0.0	0.0	0.0	2.0405612527065546	0.0	0.0	1.8523997567149504	0.0	0.0	2.181562693525558	0.6541132075356936	0.0	0.6541132075356936	0.0	0.0	2.092815288063055	1.407652530943883	1.1771718676283993	0.6541132075356936	0.0	0.0	0.0	1.7570122639678747	0.0	0.0	0.0	0.0	0.0	0.0	0.0	0.0	0.0	0.0	0.9041031362440766	4.103848513804119	0.0	1.1771718676283993	0.6541132075356936	0.0	0.0	0.0	0.6541132075356936	0.6541132075356936	0.0	0.0	0.6541132075356936	0.0	0.0	0.0	0.0	0.0	1.8523997567149504	0.0	1.1771718676283993	1.268266921397135	0.0	0.0	0.0	0.6541132075356936	1.9811489572379246	1.0617549860032922	0.9041031362440766	0.9041031362440766	1.1771718676283993	0.6541132075356936	0.0	0.0	0.0	0.0	2.011870277839068	1.1771718676283993	0.0	0.9041031362440766	0.0	1.3435278174592094	1.3435278174592094	0.0	0.0	0.0	1.4635158209222068	1.7570122639678747	0.0	2.1394519818283566	0.0	0.0	1.7828939564175172	0.0	0.0	1.7001045728216917	0.0	0.0	1.0617549860032922	2.3600388367474174	2.1503686050397754	1.5130054777719917	0.0	0.0	0.0	1.8523997567149504	0.0	0.0	0.6541132075356936	1.9967812082635126	1.7001045728216917	0.0	0.0	0.6541132075356936	0.0	1.1771718676283993	0.6541132075356936	0.0	0.0	1.6345992596377186	2.416126593325968	0.0	1.0617549860032922	0.0	0.0	0.0	0.0	0.0	2.02645265015845	0.0	0.0	0.0	1.407652530943883	0.0	0.9041031362440766	1.6345992596377186	1.0617549860032922	0.6541132075356936	0.0	0.0	2.894085195063958	0.0	0.0	0.0	0.0	0.6541132075356936	3.47581055789257	1.5130054777719917	0.0	0.0	0.0	0.0	0.0	0.0	0.0	0.0	0.6541132075356936	0.6541132075356936	0.0	0.0	0.6541132075356936	0.0	0.0	1.268266921397135	2.2552157040273917	1.268266921397135	0.6541132075356936	0.6541132075356936	0.0	3.3495594013508767	0.0	1.3435278174592094	2.7363551132957995	1.268266921397135	0.0	0.0	0.0	0.6541132075356936	0.6541132075356936	0.0	1.668585780837916	1.3435278174592094	0.0	0.0	3.9189255548421187	1.0617549860032922	0.0	0.0	0.0	1.1771718676283993	0.6541132075356936	0.0	0.0	0.0	0.0	0.0	0.0	0.0	0.6541132075356936	1.407652530943883	1.1771718676283993	1.268266921397135	0.0	0.0	0.0	0.0	0.0	0.0	3.424485064471788	1.6345992596377186	0.0	0.0	0.0	1.7570122639678747	0.0	0.0	0.0	1.9123011147235285	1.0617549860032922	1.3435278174592094
SRR11292174	0.0	0.0	2.746809305292793	0.43201505150456787	0.0	0.0	0.7861944467555053	0.43201505150456787	1.4512464275831853	0.0	0.0	1.3954439790176094	3.029848145230904	0.8929961253308617	0.0	0.0	0.43201505150456787	0.0	0.0	1.213158185018442	0.0	0.43201505150456787	0.0	0.0	0.0	0.0	0.43201505150456787	0.9786488269558236	0.0	0.0	0.7861944467555053	0.0	3.9510284958905597	0.0	3.4985575890649843	0.0	0.0	0.0	0.0	0.0	1.1115435895267325	0.0	0.0	0.0	0.0	0.0	0.0	0.0	0.0	0.0	2.054871245659835	0.0	0.43201505150456787	0.0	0.0	0.0	0.0	0.0	0.0	0.0	0.0	0.644251847568751	0.0	1.5234471618274568	0.0	0.0	0.0	0.7861944467555053	0.0	0.43201505150456787	0.0	0.0	0.0	0.0	1.3646012132445613	0.0	0.43201505150456787	1.6876489613252055	0.0	0.0	0.43201505150456787	0.0	0.0	2.275186297880948	1.1653160581256408	0.0	0.0	0.0	0.9786488269558236	0.0	0.0	0.644251847568751	0.0	0.0	0.0	0.43201505150456787	0.7861944467555053	1.2954477428693325	0.0	0.0	0.0	0.0	1.213158185018442	0.0	0.0	0.0	0.43201505150456787	0.0	0.0	0.0	1.25624907022516	0.0	0.43201505150456787	0.0	0.0	1.4242408437249097	0.0	0.7861944467555053	0.0	0.0	0.0	1.7948077230875237	0.0	0.0	2.7414737094298167	0.0	0.0	1.1115435895267325	3.0005549210794022	0.8929961253308617	0.0	0.0	0.0	0.0	1.0501597482524867	0.0	0.0	2.775037934360926	0.7861944467555053	1.25624907022516	0.0	2.173921703889943	0.0	0.0	0.0	0.0	0.0	0.0	0.0	0.0	0.0	0.0	0.0	0.0	1.0501597482524867	0.0	0.0	0.0	0.644251847568751	0.0	0.0	0.7861944467555053	0.0	0.43201505150456787	0.43201505150456787	0.0	0.0	1.8903223187866605	0.0	0.0	0.43201505150456787	0.0	1.3313994548985417	1.3646012132445613	0.0	0.0	0.0	0.0	0.0	0.0	0.0	0.0	0.0	0.0	0.0	0.0	0.0	0.0	0.0	4.152783599024792	0.0	0.0	0.0	0.0	0.0	0.0	0.644251847568751	0.0	0.0	0.43201505150456787	0.0	0.0	0.0	0.0	0.0	0.0	1.5853382717939977	0.0	0.0	0.0	0.0	0.0	0.0	0.0	0.0	0.43201505150456787	0.0	0.0	0.43201505150456787	0.0	1.3313994548985417	0.0	0.0	0.0	2.616350094253907	0.8929961253308617	0.0	0.644251847568751	0.644251847568751	0.9786488269558236	0.0	0.0	0.0	0.43201505150456787	0.0	0.7861944467555053	0.0	0.0	0.0	0.0	0.43201505150456787	0.0	0.43201505150456787	2.2253017942853774	0.43201505150456787	0.0	0.0	2.271241253387521	1.0501597482524867	0.0	0.0	0.0	0.0	0.7861944467555053	0.43201505150456787	0.0	0.0	0.0	1.0501597482524867	0.0	0.0	0.8929961253308617	0.0	1.4766705898888883	0.0	0.0	0.0	0.0	2.52282248552822	0.0	0.0	0.43201505150456787	0.0	0.0	0.0	0.0	1.25624907022516	0.0	0.0	0.0	0.0	0.0	0.7861944467555053	0.0	0.7861944467555053	2.3732048445662186	0.0	0.0	3.472677292235677	0.0	0.0	0.0	0.0	0.0	3.8605443608251724	0.0	0.0	0.0	0.0	0.0	0.0	0.0	0.0	0.0	0.644251847568751	1.3646012132445613	0.0	0.0	0.0	0.43201505150456787	0.0	0.9786488269558236	0.43201505150456787	0.0	0.0	0.0	0.0	0.644251847568751	0.0	0.0	2.7662535349017716	0.7861944467555053	0.0	0.0	0.0	0.43201505150456787	0.0	0.0	0.0	0.0	0.43201505150456787	0.0	3.6577642026066868	0.43201505150456787	0.0	0.0	0.0	0.0	0.0	0.0	0.0	0.0	0.7861944467555053	0.0	0.43201505150456787	0.0	0.0	0.43201505150456787	0.0	0.0	0.0	0.0	0.0	0.0	0.0	0.43201505150456787	1.7445250651184177	0.43201505150456787	0.9786488269558236	0.0	0.0	1.7170174251354304	0.0	0.0	0.0	0.43201505150456787	1.3954439790176094	0.0
SRR11292175	0.8191498300364444	0.0	1.520687563366189	0.0	0.0	0.0	0.37994033259886617	0.7156281936953721	0.5794413675362757	0.0	0.5794413675362757	1.2828609155395674	1.5883791848388638	1.1331085619798116	0.0	0.0	0.5794413675362757	0.7156281936953721	0.0	0.0	0.0	0.0	0.0	0.5794413675362757	0.0	0.0	0.0	0.5794413675362757	0.0	0.0	0.9727127750146025	0.0	3.7190822926829474	0.0	0.8191498300364444	0.0	0.0	0.0	0.0	0.0	2.372817341822122	0.37994033259886617	0.0	0.0	0.0	1.3687711996835317	0.0	0.0	0.0	0.0	3.1237138855235145	0.0	0.0	0.0	0.0	0.0	0.8191498300364444	0.0	0.5794413675362757	0.0	0.0	0.0	0.0	0.0	0.0	0.0	0.0	0.37994033259886617	0.0	0.90268355992494	0.0	0.37994033259886617	0.0	0.0	1.9951753700570694	0.0	0.8191498300364444	0.0	0.0	0.7156281936953721	1.033002268258817	0.0	0.0	2.2238122682242407	0.0	0.0	0.37994033259886617	0.0	1.1331085619798116	0.0	0.0	0.9727127750146025	0.5794413675362757	0.37994033259886617	0.0	0.0	0.37994033259886617	1.2144076674761273	0.0	0.0	0.0	0.0	0.0	0.0	0.0	0.0	0.0	0.5794413675362757	0.0	0.0	1.3419792869728426	0.0	0.37994033259886617	0.0	0.0	0.0	0.0	0.37994033259886617	0.0	0.0	0.0	0.0	0.0	0.0	2.1937752012359946	0.0	0.0	1.1756577233226169	2.7216764875618606	0.0	2.6352213187612494	0.0	0.0	0.0	0.0	0.0	0.5794413675362757	1.9951753700570694	0.5794413675362757	1.033002268258817	0.0	2.561829618652801	0.5794413675362757	0.0	0.0	0.8191498300364444	0.0	0.0	0.0	0.0	0.0	0.0	0.5794413675362757	0.37994033259886617	0.90268355992494	0.0	0.0	0.0	0.7156281936953721	0.0	0.0	0.37994033259886617	0.0	0.0	0.37994033259886617	0.0	0.0	1.8675981403041815	0.0	0.0	0.9727127750146025	0.0	0.0	0.0	1.1756577233226169	0.0	0.5794413675362757	0.0	0.0	0.0	0.0	0.0	0.0	0.0	0.0	0.0	0.0	0.0	0.0	4.359226826915334	0.37994033259886617	0.8191498300364444	0.5794413675362757	0.0	0.0	0.37994033259886617	1.0859334055751817	0.0	0.0	0.37994033259886617	0.0	0.0	0.0	0.0	0.0	0.0	2.428319723978805	0.0	0.0	0.0	0.0	0.0	0.0	0.0	0.5794413675362757	0.0	0.0	0.37994033259886617	0.0	0.0	1.033002268258817	0.90268355992494	0.0	0.37994033259886617	2.808152238425987	1.1756577233226169	0.0	0.5794413675362757	0.37994033259886617	0.5794413675362757	0.0	0.0	0.0	0.0	0.7156281936953721	1.673487326156874	0.0	0.7156281936953721	0.0	0.0	0.0	0.0	0.37994033259886617	1.9289598743967442	0.37994033259886617	0.0	0.37994033259886617	1.1331085619798116	1.9289598743967442	0.37994033259886617	0.0	0.0	0.0	3.4391840793091997	0.0	0.0	0.5794413675362757	0.0	1.5724195098273712	0.0	0.0	0.0	0.37994033259886617	1.673487326156874	0.0	0.0	0.37994033259886617	0.0	1.8675981403041815	0.0	0.0	0.0	0.0	0.0	0.0	0.0	1.2499815929283236	0.0	0.0	0.0	0.5794413675362757	0.0	0.0	0.0	0.0	0.7156281936953721	0.0	0.0	2.2090533643314316	0.0	0.0	0.0	0.0	0.7156281936953721	2.9874702239551034	0.7156281936953721	0.0	0.0	0.0	0.0	0.0	0.0	0.0	0.0	0.5794413675362757	0.9727127750146025	0.0	0.0	0.0	0.0	0.0	0.7156281936953721	0.7156281936953721	0.0	0.0	0.0	0.0	0.37994033259886617	0.0	0.8191498300364444	3.145105111059297	0.0	0.0	0.0	0.0	0.9727127750146025	0.0	0.0	0.7156281936953721	0.0	0.0	0.37994033259886617	2.1738891892249823	1.1331085619798116	0.0	0.0	0.0	0.0	0.5794413675362757	0.0	0.0	0.0	0.0	0.37994033259886617	0.0	0.0	0.0	0.0	0.5794413675362757	0.0	0.0	0.0	0.0	0.0	0.0	0.5794413675362757	3.968139878069834	0.0	0.7156281936953721	0.0	0.0	1.8421513981175115	0.0	0.0	0.0	0.7156281936953721	0.5794413675362757	0.0
SRR11292176	1.2766136040616753	0.0	2.6861184268013476	0.28835052299700215	0.0	0.0	1.5065178789805556	0.5828992058443826	0.8231296629993285	0.0	1.090238161625014	3.614349513963378	2.0389462446890367	1.3555744802465262	0.0	0.5828992058443826	0.8806519083602803	0.0	0.0	1.2062657407559796	0.46013167189031545	0.6785012678453655	0.0	0.0	0.0	0.28835052299700215	0.46013167189031545	0.9769034845016877	0.28835052299700215	0.28835052299700215	2.007928935548547	0.0	3.8771358106819966	0.46013167189031545	1.1222777965103239	0.0	0.46013167189031545	0.28835052299700215	0.0	0.8806519083602803	2.042672164327436	1.2310029646450482	0.0	0.0	0.28835052299700215	1.0180564903531548	0.28835052299700215	0.0	0.0	0.0	2.2861429085898695	0.28835052299700215	0.0	0.0	0.0	0.28835052299700215	0.9314387557973811	0.28835052299700215	0.46013167189031545	0.0	0.28835052299700215	0.0	0.28835052299700215	0.0	0.0	0.0	0.0	0.9314387557973811	0.0	1.2977399517230708	1.152115272001891	0.6785012678453655	0.8231296629993285	0.0	1.7740209812296683	0.28835052299700215	0.6785012678453655	0.28835052299700215	0.8231296629993285	0.5828992058443826	0.8806519083602803	0.46013167189031545	0.0	2.2485585904235936	0.0	0.0	0.28835052299700215	0.28835052299700215	2.222382770733798	0.0	0.0	1.2062657407559796	1.2062657407559796	0.5828992058443826	0.0	0.0	1.180033936326733	0.9314387557973811	0.28835052299700215	0.46013167189031545	1.1222777965103239	0.0	0.0	0.0	0.0	0.0	1.0180564903531548	0.5828992058443826	0.0	0.46013167189031545	1.4066045266577558	0.0	0.6785012678453655	0.0	0.0	1.6083444336802093	0.7568083530189744	0.46013167189031545	0.0	0.0	0.28835052299700215	0.8806519083602803	0.28835052299700215	0.0	3.0311878212513426	0.7568083530189744	0.0	2.2368556835910556	2.170328235311196	1.180033936326733	1.8883968358376344	0.0	0.0	0.46013167189031545	0.8231296629993285	0.5828992058443826	0.0	1.7875808491719565	1.090238161625014	0.6785012678453655	1.0556452173941593	4.18913165427617	0.28835052299700215	0.6785012678453655	0.8231296629993285	1.2062657407559796	0.0	0.0	0.8806519083602803	0.28835052299700215	0.0	0.0	0.0	0.8806519083602803	1.2766136040616753	0.46013167189031545	0.0	0.0	1.3178861013387848	0.28835052299700215	0.0	1.1222777965103239	0.0	0.0	1.090238161625014	0.0	0.46013167189031545	1.180033936326733	0.0	0.0	1.3902517990826992	0.8806519083602803	1.3178861013387848	0.7568083530189744	0.28835052299700215	0.0	0.7568083530189744	0.8806519083602803	0.28835052299700215	0.28835052299700215	0.0	0.6785012678453655	0.0	0.0	0.7568083530189744	0.0	0.0	0.28835052299700215	0.0	3.9209114411490207	0.46013167189031545	2.1297811499681383	0.0	0.0	0.0	0.8231296629993285	0.9769034845016877	0.0	0.46013167189031545	0.0	0.0	0.0	0.46013167189031545	0.0	0.0	0.0	1.2310029646450482	0.0	1.8071584228475301	0.8806519083602803	0.0	0.28835052299700215	0.0	0.0	0.5828992058443826	0.0	0.46013167189031545	0.7568083530189744	0.7568083530189744	0.46013167189031545	1.2766136040616753	0.6785012678453655	0.0	0.46013167189031545	2.0983106904000732	1.452264011514882	0.28835052299700215	0.7568083530189744	0.28835052299700215	0.9769034845016877	0.0	0.0	0.0	0.0	0.9769034845016877	1.0556452173941593	0.0	1.0556452173941593	0.9769034845016877	0.8806519083602803	0.5828992058443826	0.28835052299700215	0.5828992058443826	1.6375936449509123	0.5828992058443826	0.6785012678453655	0.9314387557973811	1.6560530615433566	1.6183146581733445	1.5065178789805556	0.0	0.6785012678453655	0.0	2.4529142964166084	0.8231296629993285	0.0	0.8231296629993285	1.090238161625014	2.266651056989618	0.0	0.0	0.8806519083602803	0.5828992058443826	1.3555744802465262	0.46013167189031545	0.8806519083602803	0.5828992058443826	0.0	2.279742337562905	0.0	0.46013167189031545	0.0	0.46013167189031545	0.28835052299700215	1.0180564903531548	0.5828992058443826	1.7381446754866663	0.0	0.0	0.0	1.090238161625014	0.7568083530189744	0.9769034845016877	0.28835052299700215	1.0180564903531548	1.4066045266577558	0.28835052299700215	0.0	2.6835814604111747	0.0	0.28835052299700215	0.6785012678453655	0.0	0.8806519083602803	2.6715422980676866	0.5828992058443826	0.0	0.46013167189031545	0.28835052299700215	0.0	0.0	0.0	0.0	0.0	1.0180564903531548	1.3555744802465262	0.0	0.46013167189031545	0.28835052299700215	0.0	0.0	1.4375711726242317	1.2310029646450482	1.2766136040616753	0.28835052299700215	0.6785012678453655	1.7229210205092649	1.0556452173941593	0.0	0.9314387557973811	2.394316275961444	0.8231296629993285	0.46013167189031545	0.8231296629993285	0.0	0.8806519083602803	0.28835052299700215	0.8231296629993285	1.3555744802465262	0.5828992058443826	0.0	0.0	3.764478777667279	0.9314387557973811	0.0	0.0	1.4802375971861157	0.8231296629993285	0.5828992058443826	0.46013167189031545	0.0	0.6785012678453655	0.0	0.0	0.0	0.0	0.0	0.9314387557973811	0.0	0.5828992058443826	0.0	0.0	0.5828992058443826	0.46013167189031545	0.0	0.9769034845016877	1.9190436217923357	0.8231296629993285	1.2544067766085796	0.0	0.0	1.152115272001891	0.0	0.0	0.9769034845016877	2.0198215263135357	1.8197364178280488	0.5828992058443826
SRR11292177	1.9858557180815264	0.4889049925115973	2.3885524695346128	0.0	0.0	0.0	2.034425687053329	0.0	1.8096718954577413	0.30989763781386415	0.30989763781386415	1.9996497871351682	2.0666221932122895	0.4889049925115973	0.4889049925115973	0.30989763781386415	0.0	0.4889049925115973	0.0	1.3177265970468721	0.0	0.30989763781386415	0.0	0.30989763781386415	0.0	0.0	0.0	2.09296017267267	0.30989763781386415	0.0	2.311936706374397	0.0	3.6986144946936688	0.0	1.508364090659058	0.30989763781386415	0.4889049925115973	0.0	0.4889049925115973	0.0	1.3785368694492284	0.9698841642502295	0.0	0.0	0.0	1.9094317731804293	1.192500401783252	0.0	0.0	0.0	3.5973369057620883	0.0	0.0	0.0	0.0	0.0	0.30989763781386415	0.0	0.0	0.0	0.0	0.0	0.0	1.7576075477953708	0.0	0.0	0.0	0.9698841642502295	0.0	1.0573833662595844	0.0	0.30989763781386415	0.0	1.192500401783252	1.7332301385602218	0.0	0.4889049925115973	0.0	0.0	0.4889049925115973	0.4889049925115973	1.5485303519233304	0.0	2.3599022946647485	0.0	0.0	0.0	0.0	2.5833588937238736	0.0	0.0	2.034425687053329	0.0	0.30989763781386415	0.0	0.30989763781386415	0.7130726023615834	0.4889049925115973	0.7130726023615834	0.0	0.0	0.0	0.0	0.0	0.0	0.0	0.8601906575871059	0.4889049925115973	0.0	0.0	0.0	0.0	0.0	0.0	0.0	1.3970515011030098	0.7928316340473033	1.650625930578301	0.0	0.0	0.0	0.0	0.0	0.0	2.6195748075595136	0.30989763781386415	0.0	0.8601906575871059	3.2313306185806607	1.7654384761999298	1.0953027397255335	0.0	0.0	0.0	0.6152944670478051	0.0	0.0	2.7854260879259205	0.0	1.0953027397255335	0.0	1.7881180960008938	0.30989763781386415	0.0	0.0	1.608180998328411	0.0	0.30989763781386415	0.0	0.8601906575871059	0.0	0.0	0.0	0.0	0.7130726023615834	0.0	0.0	0.0	0.30989763781386415	0.0	0.0	1.5485303519233304	0.0	0.0	0.6152944670478051	1.9764100935349258	0.30989763781386415	2.7041586986210775	0.0	0.0	0.0	0.4889049925115973	0.30989763781386415	0.0	0.0	0.0	0.0	0.0	0.0	0.0	0.0	0.0	0.30989763781386415	0.0	0.0	0.0	0.0	0.0	0.0	4.139214849635887	0.0	2.2349374803729853	0.0	0.30989763781386415	0.0	0.30989763781386415	0.6152944670478051	0.0	0.0	0.4889049925115973	0.0	0.4889049925115973	0.0	0.0	0.0	0.30989763781386415	0.7130726023615834	0.0	0.30989763781386415	0.0	0.0	0.0	0.0	0.0	1.4941051246154085	1.0573833662595844	0.0	0.30989763781386415	0.0	0.30989763781386415	1.8923896048687217	0.4889049925115973	0.0	0.0	2.40309329192974	1.0158336539815274	0.0	1.2718733080737923	0.30989763781386415	1.2469933624687222	0.0	0.0	0.0	0.0	0.4889049925115973	0.0	0.0	1.192500401783252	1.3389569461112965	0.0	0.0	0.0	0.30989763781386415	1.9094317731804293	0.0	0.0	1.0953027397255335	3.0201387128575727	1.4641008745108284	1.8865569590797633	0.30989763781386415	0.0	0.0	0.0	0.0	0.0	0.9698841642502295	1.9258303642205326	1.856157470305998	0.0	0.0	0.4889049925115973	0.0	1.1624550124020698	0.0	0.30989763781386415	0.4889049925115973	2.1758008155491533	2.501801254640924	0.0	1.3970515011030098	0.0	0.0	0.0	0.30989763781386415	0.0	1.5611339560750443	0.4889049925115973	0.0	0.0	0.0	0.30989763781386415	2.008608289372962	0.0	0.6152944670478051	0.4889049925115973	0.30989763781386415	0.0	2.7483081274993357	0.0	0.0	0.0	0.0	0.9698841642502295	4.149944349976408	0.0	0.0	0.0	0.0	0.0	0.0	0.0	0.0	0.0	1.7415089129487134	0.918491523412989	0.0	0.0	0.0	0.0	0.0	1.5611339560750443	1.7332301385602218	0.6152944670478051	0.7130726023615834	0.0	0.0	1.9518561536276668	0.0	0.0	2.9822700947517786	0.4889049925115973	0.0	0.30989763781386415	0.30989763781386415	1.5355500200034546	0.0	0.30989763781386415	0.8601906575871059	0.0	0.0	0.0	2.6281758229166594	0.30989763781386415	0.0	0.0	0.0	0.30989763781386415	0.30989763781386415	0.4889049925115973	0.0	0.30989763781386415	0.0	0.0	0.0	0.0	0.0	0.0	0.0	0.0	0.0	0.0	0.0	0.0	0.0	0.0	2.6281758229166594	0.0	1.0953027397255335	0.0	0.0	1.8096718954577413	0.0	0.0	0.0	1.8166251636494155	1.2718733080737923	0.0
SRR11292178	1.105829762953644	0.0	3.040697706254287	0.0	0.0	0.0	0.960999083261281	0.0	0.8652210862539544	0.0	1.3562101537829494	0.448572803853837	2.204673327992717	0.0	0.2797965115165047	0.0	0.0	0.0	0.0	1.3385574226640848	0.0	0.0	0.0	0.2797965115165047	0.0	0.0	0.0	2.7877385466098854	0.0	0.0	1.501816441908561	0.2797965115165047	4.202449784183324	0.0	0.0	0.0	0.0	0.0	0.0	0.0	1.501816441908561	1.3201566495277524	0.0	0.0	0.2797965115165047	1.6009340289049303	0.0	0.0	0.0	0.0	1.4350871232715559	0.0	0.0	0.0	0.2797965115165047	0.0	0.8652210862539544	0.448572803853837	0.0	0.0	0.0	0.0	0.0	0.0	0.0	0.0	0.0	0.960999083261281	0.0	0.6644795545220263	0.0	0.0	0.448572803853837	0.0	0.9157450752386173	0.0	0.448572803853837	0.0	1.0738948722886619	0.960999083261281	0.0	0.0	0.0	2.728106280026421	1.4763414303977822	0.0	0.0	0.0	1.5486791221342386	0.0	0.0	1.8601036149346135	0.8652210862539544	0.0	0.0	0.0	0.2797965115165047	0.9157450752386173	0.0	0.0	0.448572803853837	0.0	0.0	0.0	0.0	0.0	0.2797965115165047	0.2797965115165047	0.0	0.0	0.960999083261281	0.0	0.0	0.2797965115165047	0.0	1.5703412143088786	0.0	1.6815807813897272	0.0	0.0	0.0	0.960999083261281	0.0	0.0	1.776678873763023	0.2797965115165047	0.2797965115165047	0.6644795545220263	3.0381865084745794	1.4892656997485365	2.2022141993560616	0.0	0.0	0.0	0.8080359194039395	0.0	0.0	3.2917197085366303	0.0	0.6644795545220263	0.0	0.0	0.0	0.0	0.0	1.2142518009022567	0.0	0.2797965115165047	0.0	0.2797965115165047	0.0	0.0	0.2797965115165047	0.0	0.2797965115165047	0.0	0.0	0.0	1.5374289435782313	0.0	0.0	0.2797965115165047	0.0	0.0	0.2797965115165047	0.0	0.0	1.2142518009022567	0.0	0.0	1.4892656997485365	0.0	0.0	0.2797965115165047	1.189577051340264	0.0	1.2375996860939917	0.0	0.2797965115165047	0.0	0.0	0.0	0.7421625105183214	0.0	0.0	0.0	0.0	0.0	0.0	4.040413253670075	0.2797965115165047	1.4052325945679394	0.6644795545220263	0.0	0.0	0.0	1.8203913311528883	0.9157450752386173	1.9111925803768388	0.0	0.0	0.0	0.0	0.0	0.0	0.0	2.1845990124517587	0.0	3.2313159315760083	0.0	0.0	0.0	0.0	0.0	1.3562101537829494	0.0	0.0	0.0	1.3201566495277524	0.0	1.3731732943334574	1.389498701561881	0.0	0.0	0.5698073290520692	0.0	0.0	0.7421625105183214	0.0	0.8652210862539544	0.0	0.0	0.0	0.0	0.6644795545220263	0.0	0.0	1.501816441908561	1.0738948722886619	0.0	0.0	0.0	0.0	1.2142518009022567	0.0	0.0	1.4052325945679394	2.9923132926982996	0.0	1.2808369236433752	0.0	0.0	0.0	1.2142518009022567	0.0	0.0	2.285035938117858	1.4350871232715559	0.7421625105183214	0.7421625105183214	0.0	0.0	0.0	0.5698073290520692	0.448572803853837	0.0	0.0	0.0	2.8812917525794943	0.2797965115165047	0.448572803853837	0.0	0.0	0.0	0.0	0.0	1.2597561562682107	1.0019793935664933	0.0	0.0	1.3562101537829494	0.9157450752386173	1.2597561562682107	0.0	0.8652210862539544	0.6644795545220263	0.5698073290520692	0.0	3.4040807232965298	0.0	0.0	0.0	0.0	1.0394240093828495	3.7475074360235374	0.0	0.0	0.0	0.0	0.0	0.0	0.0	0.0	0.0	0.8652210862539544	0.0	0.0	0.9157450752386173	0.0	0.7421625105183214	0.0	2.009925003460635	1.735355493553174	0.6644795545220263	0.2797965115165047	0.0	0.0	1.7495713418552499	0.0	0.0	2.775396215415258	0.0	0.0	0.0	0.0	0.0	0.0	0.448572803853837	1.1634154901058955	0.0	0.0	0.960999083261281	2.3847470029893074	0.0	0.2797965115165047	0.0	0.2797965115165047	0.0	0.2797965115165047	0.0	0.2797965115165047	0.0	0.0	0.0	0.0	0.0	0.5698073290520692	0.0	0.0	0.0	0.6644795545220263	0.0	0.0	0.0	0.0	1.0019793935664933	3.1169414738963503	0.0	0.6644795545220263	0.0	0.0	0.2797965115165047	0.0	0.0	0.0	1.3562101537829494	1.3009416210130615	0.0
SRR11292179	0.19259157188519735	0.42720355990250614	2.4797316647274137	0.0	0.19259157188519735	0.0	0.19259157188519735	0.0	0.0	0.0	0.6907811573965754	0.0	1.866590048335742	0.3255511796256355	0.19259157188519735	0.7375657058450137	0.0	0.0	0.0	0.0	0.0	0.19259157188519735	0.0	0.3255511796256355	0.0	0.0	0.19259157188519735	1.4524954563578194	0.0	0.0	1.084995376036377	1.2624672818354228	4.152300439613306	0.0	2.8322745958876285	0.0	0.0	0.0	0.42720355990250614	0.0	1.1044808646969544	0.6907811573965754	0.0	0.0	0.0	0.6383413875287893	0.0	0.0	0.0	0.0	1.6263239698330945	0.0	0.0	0.0	0.0	0.0	0.3255511796256355	0.42720355990250614	0.0	0.0	0.0	0.42720355990250614	0.0	0.0	0.0	0.0	0.0	0.19259157188519735	0.0	0.19259157188519735	0.0	0.19259157188519735	0.0	0.0	1.3677929971229204	0.19259157188519735	0.509517856719303	0.0	0.19259157188519735	0.19259157188519735	0.0	0.19259157188519735	0.0	2.971439614383363	1.6027766025492476	0.0	0.19259157188519735	0.0	1.6801475037239961	0.0	0.0	0.0	0.19259157188519735	0.509517856719303	0.0	0.0	0.6907811573965754	0.8536344488603895	0.0	0.0	0.7375657058450137	0.0	0.0	0.0	0.0	0.0	0.509517856719303	0.0	0.0	0.19259157188519735	0.6907811573965754	0.0	0.0	0.0	0.0	1.3124530080156267	0.19259157188519735	1.064594395911977	0.0	0.0	0.0	0.42720355990250614	0.0	0.0	1.3240995383434653	0.7375657058450137	0.509517856719303	0.8536344488603895	3.1889918432100566	0.3255511796256355	1.4074896020463623	0.42720355990250614	0.0	0.0	1.8763651289434686	0.0	0.42720355990250614	2.827613553613598	0.0	0.8536344488603895	0.0	1.3354418818505394	0.0	0.0	0.0	0.0	0.0	0.0	0.0	0.6907811573965754	0.0	0.0	0.0	0.0	0.0	0.0	0.19259157188519735	0.0	0.509517856719303	0.0	0.0	0.0	0.0	0.0	0.19259157188519735	1.3464955245726706	0.0	2.5347226455542144	0.0	0.0	0.3255511796256355	0.0	0.7797969082366619	0.0	0.0	0.0	0.0	0.0	0.0	0.0	0.0	0.0	0.0	0.0	0.0	0.0	0.0	0.0	0.0	4.1879533853566056	0.3255511796256355	0.7375657058450137	0.42720355990250614	0.0	0.0	0.509517856719303	1.0206707704877762	0.0	1.3124530080156267	0.0	0.0	0.0	0.0	0.0	0.42720355990250614	0.0	2.062234928227676	0.0	1.3979004099077728	0.0	0.3255511796256355	0.0	0.0	0.0	0.19259157188519735	0.19259157188519735	0.0	0.0	0.0	0.0	0.42720355990250614	0.19259157188519735	0.3255511796256355	0.0	2.713683737222849	0.3255511796256355	0.0	2.825445314302882	0.0	2.191981590608354	0.0	0.0	0.0	0.19259157188519735	0.19259157188519735	0.6383413875287893	0.0	0.0	0.19259157188519735	0.0	0.0	0.0	0.0	2.7164862741248204	0.3255511796256355	0.0	0.42720355990250614	2.701807837030517	1.7414225977224937	0.8536344488603895	0.0	0.42720355990250614	0.0	2.1136692844731755	0.0	1.2490171583253216	1.2207988182376155	0.6907811573965754	1.7989792066568664	0.0	0.0	0.0	0.0	0.0	0.19259157188519735	0.0	0.5786887819966176	0.19259157188519735	1.3572747992593364	0.0	0.0	0.19259157188519735	0.0	0.0	0.0	0.19259157188519735	0.7797969082366619	0.0	0.0	0.0	1.7188665786265322	0.0	0.0	0.0	0.19259157188519735	0.7375657058450137	0.19259157188519735	0.19259157188519735	2.8980075832478467	0.0	0.0	0.0	0.0	0.3255511796256355	3.829838215175394	0.0	0.0	0.0	0.0	0.0	0.0	0.0	0.0	0.0	1.3880946993633327	0.19259157188519735	0.0	0.0	0.19259157188519735	0.0	0.0	1.2881788953978106	0.5786887819966176	0.6907811573965754	0.19259157188519735	0.0	0.0	0.509517856719303	0.509517856719303	0.3255511796256355	1.9966133541861324	0.0	0.0	0.0	0.0	0.3255511796256355	0.0	0.0	0.19259157188519735	0.0	0.0	0.19259157188519735	3.0945761455961756	0.0	0.0	0.0	0.0	0.0	1.537632642733057	0.0	0.0	0.0	0.42720355990250614	0.0	0.0	0.0	0.3255511796256355	0.0	0.0	0.0	1.084995376036377	0.0	0.0	0.0	0.0	3.0513626121650357	2.680589444984536	0.19259157188519735	0.0	0.0	0.0	0.7375657058450137	0.0	0.0	0.0	0.3255511796256355	0.19259157188519735	0.0
SRR11292180	0.0	0.0	1.4908325802238878	0.0	0.0	0.0	0.7489301649129139	0.4042392989404045	1.0702478003297098	0.24754684574844785	0.24754684574844785	0.24754684574844785	0.6099199305779415	0.4042392989404045	0.0	0.0	0.0	0.0	0.0	0.24754684574844785	0.0	0.0	0.0	0.0	0.0	0.0	0.24754684574844785	0.4042392989404045	0.24754684574844785	0.0	0.8046736611049707	0.0	3.388114734897547	0.0	0.8540693048817273	0.0	0.0	0.0	0.24754684574844785	0.0	1.9621562912453319	0.6099199305779415	0.0	0.0	0.0	0.0	0.4042392989404045	0.24754684574844785	0.0	0.0	1.61225043872982	0.4042392989404045	0.4042392989404045	0.0	0.24754684574844785	0.0	0.8540693048817273	0.0	0.24754684574844785	0.0	0.0	0.0	0.0	0.0	0.0	0.0	0.0	1.1235970990621151	0.0	0.0	0.0	0.0	0.0	0.0	1.1930409587106325	0.0	0.8046736611049707	0.24754684574844785	0.0	0.0	0.0	0.0	0.0	4.026529907118884	1.009415000072422	0.0	0.6849633155599298	0.0	0.519143714133155	0.0	0.0	0.0	1.5014771584298017	0.0	0.0	0.0	0.7489301649129139	1.2886585182957704	0.0	0.8046736611049707	0.0	0.4042392989404045	0.0	0.0	0.0	0.0	0.24754684574844785	0.0	0.0	0.0	0.8540693048817273	0.0	0.0	0.0	0.0	0.0	0.0	0.24754684574844785	0.0	0.0	0.0	0.8540693048817273	0.0	0.0	1.3947344273810172	0.6099199305779415	0.0	0.0	3.3088051907839353	0.0	1.0977411223012477	0.0	0.0	0.0	0.24754684574844785	0.0	0.0	1.0408956573964065	0.0	0.24754684574844785	0.0	1.4687272296101423	0.0	0.0	0.0	0.0	0.0	0.0	0.0	0.24754684574844785	0.0	0.0	0.0	0.0	0.0	0.0	0.0	0.24754684574844785	0.0	0.0	0.0	0.0	0.0	0.0	1.6360309135250954	0.0	0.0	1.750623563498918	0.0	0.0	0.4042392989404045	0.0	0.0	0.0	0.24754684574844785	0.0	0.0	0.0	0.0	0.0	0.0	0.0	0.0	0.0	0.0	0.0	0.0	0.0	0.0	4.290690585449077	0.519143714133155	1.4572377852887672	0.0	0.0	0.0	0.24754684574844785	0.6849633155599298	0.0	0.0	0.24754684574844785	0.0	0.0	0.0	0.0	0.0	0.0	1.7680437453094695	0.0	0.0	0.0	0.0	0.4042392989404045	0.0	0.0	0.24754684574844785	0.24754684574844785	0.0	0.0	0.0	0.24754684574844785	0.4042392989404045	0.0	0.0	0.0	2.1366652180087313	0.0	0.0	0.0	0.0	0.8984161573054223	0.0	0.0	0.0	0.0	0.8046736611049707	0.4042392989404045	0.0	0.0	0.0	0.0	0.0	0.0	0.0	0.8540693048817273	0.24754684574844785	0.0	0.0	1.1235970990621151	0.975472817674026	0.519143714133155	0.0	0.4042392989404045	0.0	2.769342528542471	0.4042392989404045	0.0	0.6099199305779415	1.628247878416623	3.4969465751327884	0.24754684574844785	0.0	0.0	0.0	0.4042392989404045	0.0	0.0	0.0	0.519143714133155	1.4687272296101423	0.0	0.0	0.24754684574844785	0.0	0.24754684574844785	0.8540693048817273	0.0	1.7847920420340055	0.0	0.0	0.0	0.0	0.0	0.519143714133155	0.0	0.4042392989404045	0.0	0.8540693048817273	0.0	1.0977411223012477	0.0	0.0	0.0	0.0	0.0	3.9210317422464684	0.0	0.0	0.0	0.0	0.0	0.0	0.0	0.0	0.0	0.9386512661950078	0.0	0.0	0.0	0.0	0.0	0.0	0.6849633155599298	0.4042392989404045	0.6099199305779415	0.24754684574844785	0.0	0.24754684574844785	1.0702478003297098	0.0	0.0	1.903801013384925	0.24754684574844785	0.0	0.0	0.0	0.0	0.24754684574844785	0.0	0.8046736611049707	0.0	0.24754684574844785	0.24754684574844785	1.3669759869251101	0.0	0.0	0.0	0.7489301649129139	0.0	0.0	0.0	0.6099199305779415	0.24754684574844785	0.0	0.0	0.0	0.0	0.24754684574844785	0.0	0.0	0.0	0.0	0.0	0.0	0.0	0.0	0.6099199305779415	2.5759732297173414	0.0	0.519143714133155	0.0	0.0	0.0	0.0	0.6849633155599298	0.0	0.519143714133155	0.24754684574844785	0.0
SRR11292181	1.911349589526084	0.0	2.4515962914480087	0.0	0.0	0.0	0.0	0.0	0.0	0.0	0.0	2.306081934591147	0.0	2.4515962914480087	0.0	0.0	0.0	0.0	0.0	0.0	0.0	0.0	0.0	0.0	0.0	0.0	0.0	0.0	0.0	0.0	1.6156136071402485	0.0	3.806425199634469	0.0	0.0	0.0	0.0	0.0	1.6156136071402485	0.0	2.384905306718285	0.0	0.0	0.0	0.0	1.911349589526084	0.0	0.0	0.0	0.0	1.911349589526084	0.0	0.0	0.0	0.0	0.0	0.0	0.0	0.0	0.0	0.0	0.0	0.0	0.0	0.0	0.0	0.0	0.0	0.0	2.384905306718285	0.0	0.0	0.0	0.0	0.0	0.0	0.0	0.0	0.0	0.0	0.0	0.0	0.0	1.6156136071402485	0.0	0.0	0.0	0.0	3.3904668537133777	0.0	0.0	0.0	0.0	0.0	0.0	0.0	0.0	0.0	0.0	0.0	0.0	0.0	0.0	0.0	0.0	0.0	0.0	0.0	0.0	0.0	0.0	0.0	0.0	0.0	0.0	1.6156136071402485	0.0	1.6156136071402485	0.0	0.0	0.0	0.0	0.0	0.0	2.0856617389199474	0.0	0.0	0.0	3.29537637810645	2.384905306718285	1.6156136071402485	0.0	0.0	0.0	0.0	0.0	0.0	3.267952476861403	0.0	0.0	0.0	0.0	0.0	0.0	0.0	0.0	0.0	0.0	0.0	0.0	0.0	0.0	0.0	0.0	0.0	0.0	0.0	0.0	0.0	0.0	0.0	0.0	0.0	0.0	0.0	0.0	0.0	0.0	0.0	0.0	0.0	0.0	0.0	0.0	0.0	0.0	0.0	0.0	0.0	0.0	0.0	0.0	0.0	0.0	0.0	0.0	0.0	0.0	0.0	4.1261308175324265	0.0	0.0	0.0	0.0	0.0	0.0	3.267952476861403	0.0	0.0	0.0	0.0	0.0	0.0	0.0	0.0	0.0	1.6156136071402485	0.0	0.0	0.0	0.0	0.0	0.0	0.0	0.0	0.0	0.0	0.0	0.0	0.0	0.0	0.0	0.0	0.0	2.647332293262064	0.0	0.0	1.6156136071402485	0.0	0.0	0.0	0.0	0.0	0.0	0.0	0.0	0.0	0.0	0.0	0.0	0.0	0.0	0.0	1.6156136071402485	0.0	0.0	0.0	2.384905306718285	1.6156136071402485	0.0	0.0	0.0	0.0	0.0	0.0	0.0	0.0	0.0	2.5093962858227736	0.0	0.0	0.0	0.0	0.0	0.0	0.0	0.0	0.0	1.911349589526084	0.0	0.0	0.0	0.0	0.0	0.0	0.0	2.5093962858227736	0.0	0.0	0.0	0.0	0.0	0.0	0.0	0.0	0.0	0.0	0.0	2.7817699208152695	0.0	0.0	0.0	0.0	0.0	3.9723624563409605	0.0	0.0	0.0	0.0	0.0	0.0	0.0	0.0	0.0	0.0	0.0	0.0	0.0	0.0	0.0	0.0	2.384905306718285	0.0	0.0	0.0	0.0	0.0	0.0	0.0	0.0	3.456370474747479	2.0856617389199474	0.0	0.0	0.0	0.0	0.0	0.0	0.0	0.0	0.0	0.0	2.8608315140355827	0.0	0.0	0.0	0.0	0.0	0.0	0.0	0.0	0.0	0.0	0.0	0.0	0.0	0.0	0.0	0.0	0.0	0.0	1.6156136071402485	0.0	0.0	0.0	0.0	1.911349589526084	0.0	0.0	0.0	0.0	2.306081934591147	0.0	0.0	0.0	3.375995021249938	0.0	0.0
SRR11292182	0.0	0.0	2.088912639451469	0.0	0.0	0.0	0.0	0.0	0.0	0.0	0.0	0.0	0.0	1.7914072303950834	0.0	0.0	0.0	0.0	0.0	0.0	0.0	0.0	0.0	0.0	0.0	0.0	0.0	2.088912639451469	0.0	0.0	2.688310291345205	0.0	3.4834419196008524	0.0	0.0	0.0	0.0	0.0	0.0	0.0	2.484724083844397	0.0	0.0	0.0	0.0	0.0	0.0	0.0	0.0	0.0	0.0	0.0	0.0	0.0	0.0	0.0	0.0	0.0	0.0	0.0	0.0	0.0	0.0	0.0	0.0	0.0	0.0	1.7914072303950834	0.0	2.088912639451469	0.0	0.0	0.0	0.0	0.0	0.0	0.0	0.0	0.0	0.0	0.0	0.0	0.0	1.7914072303950834	0.0	0.0	0.0	0.0	3.3286011009667504	0.0	0.0	2.484724083844397	2.088912639451469	0.0	0.0	0.0	0.0	0.0	0.0	2.630445493207981	0.0	0.0	0.0	0.0	0.0	0.0	0.0	0.0	0.0	0.0	0.0	0.0	0.0	0.0	0.0	0.0	0.0	0.0	0.0	0.0	0.0	0.0	0.0	0.0	1.7914072303950834	0.0	0.0	0.0	0.0	0.0	2.484724083844397	0.0	0.0	0.0	0.0	0.0	0.0	2.630445493207981	0.0	0.0	0.0	0.0	0.0	0.0	0.0	0.0	0.0	0.0	0.0	0.0	0.0	0.0	0.0	0.0	0.0	0.0	0.0	0.0	0.0	0.0	0.0	1.7914072303950834	0.0	0.0	0.0	0.0	0.0	3.164837692108673	0.0	0.0	0.0	0.0	0.0	0.0	0.0	0.0	0.0	0.0	0.0	0.0	0.0	0.0	0.0	0.0	0.0	0.0	0.0	0.0	0.0	4.242235978775963	0.0	0.0	1.7914072303950834	0.0	0.0	0.0	3.1068881902109853	0.0	0.0	0.0	0.0	0.0	0.0	0.0	0.0	0.0	0.0	0.0	0.0	0.0	0.0	0.0	0.0	0.0	0.0	0.0	0.0	0.0	0.0	0.0	0.0	0.0	0.0	0.0	2.688310291345205	0.0	0.0	0.0	0.0	2.088912639451469	0.0	0.0	0.0	0.0	0.0	0.0	0.0	0.0	0.0	0.0	0.0	0.0	0.0	2.388169556819398	0.0	0.0	0.0	3.3286011009667504	0.0	1.7914072303950834	0.0	0.0	0.0	0.0	0.0	0.0	1.7914072303950834	0.0	2.2638226509945296	0.0	0.0	0.0	0.0	0.0	0.0	0.0	0.0	0.0	0.0	0.0	0.0	0.0	0.0	0.0	0.0	0.0	2.088912639451469	0.0	0.0	0.0	2.688310291345205	0.0	0.0	0.0	0.0	0.0	0.0	0.0	3.3286011009667504	0.0	0.0	0.0	0.0	0.0	3.9366678136538056	0.0	0.0	0.0	0.0	0.0	0.0	0.0	0.0	0.0	0.0	1.7914072303950834	0.0	0.0	0.0	0.0	0.0	0.0	0.0	0.0	0.0	0.0	0.0	2.088912639451469	0.0	0.0	3.407748380659478	0.0	0.0	0.0	0.0	0.0	0.0	0.0	0.0	0.0	0.0	0.0	2.088912639451469	0.0	0.0	0.0	0.0	0.0	0.0	0.0	0.0	0.0	0.0	0.0	0.0	1.7914072303950834	0.0	0.0	0.0	0.0	0.0	0.0	0.0	0.0	0.0	2.088912639451469	1.7914072303950834	0.0	0.0	0.0	0.0	2.2638226509945296	0.0	0.0	0.0	3.2469732159502267	0.0	0.0
SRR11292183	0.21909277826448395	0.0	0.3640343084704635	0.0	0.0	0.0	0.3640343084704635	0.6315065358298014	1.6464445629578517	0.21909277826448395	0.4725182048127923	1.0606215326516706	2.0563455481754263	0.21909277826448395	0.0	0.0	0.0	0.6315065358298014	0.0	0.6934404608765545	0.0	0.0	0.21909277826448395	0.0	0.0	0.0	0.0	1.8362021889894797	0.0	0.0	1.2065788684480079	0.0	3.75737889742872	0.0	0.0	0.0	0.21909277826448395	0.0	0.4725182048127923	0.0	1.7387975598107859	0.4725182048127923	0.0	0.0	0.0	0.0	0.0	0.0	0.0	0.0	0.7958098147517149	0.0	0.4725182048127923	0.0	0.0	0.0	0.21909277826448395	0.0	0.21909277826448395	0.0	0.0	0.0	0.0	0.0	0.0	0.0	0.0	1.2721977334920833	0.0	0.3640343084704635	0.0	0.0	0.0	0.0	1.2239362256229736	0.0	0.6934404608765545	0.0	0.4725182048127923	0.21909277826448395	0.0	0.0	0.0	2.116981107193644	0.8785928641275269	0.0	0.0	0.0	2.16824871022268	0.0	0.0	2.306274838647214	0.0	0.0	0.0	0.0	0.3640343084704635	0.9790750545893502	0.0	0.0	0.0	0.0	0.0	0.0	0.0	0.0	1.3912960576227076	0.21909277826448395	0.0	0.21909277826448395	0.21909277826448395	0.0	0.0	0.0	0.0	1.084722922941698	0.8785928641275269	1.879658344915227	0.0	0.0	0.0	0.0	0.0	0.0	2.2459690147854214	1.035103628621289	0.0	1.007992250418164	3.3366200434647992	0.3640343084704635	1.035103628621289	0.0	0.0	0.0	0.3640343084704635	0.0	0.0	2.682400129464927	0.7476344189646076	0.7476344189646076	0.0	1.1884988091066007	0.21909277826448395	0.0	0.0	0.21909277826448395	0.0	0.0	0.0	0.9790750545893502	0.0	0.0	0.0	0.0	0.5592474921055433	0.0	0.0	0.0	0.21909277826448395	0.3640343084704635	0.21909277826448395	0.7476344189646076	0.0	0.0	0.6934404608765545	0.0	0.0	2.690610941009582	0.0	0.0	0.21909277826448395	0.3640343084704635	0.4725182048127923	0.0	0.21909277826448395	0.0	0.21909277826448395	0.0	0.0	0.0	0.0	0.0	0.0	0.0	0.0	0.21909277826448395	0.0	0.4725182048127923	0.0	4.286638777319941	0.21909277826448395	1.3675088587024704	0.0	0.0	0.0	0.0	0.21909277826448395	0.0	0.5592474921055433	0.5592474921055433	0.0	0.0	0.0	0.0	0.0	0.0	1.6653233103940797	0.0	0.0	0.0	0.0	0.0	0.0	0.0	0.0	0.21909277826448395	0.0	0.21909277826448395	0.0	0.21909277826448395	0.948094203721452	0.0	0.0	0.0	2.2905078948339543	0.7476344189646076	0.0	1.2065788684480079	0.3640343084704635	0.9147323641466641	0.0	0.0	0.0	0.0	0.3640343084704635	0.5592474921055433	0.0	0.0	0.0	0.0	0.0	0.0	0.3640343084704635	0.6934404608765545	0.0	0.0	0.0	3.049098167207156	0.9147323641466641	1.4846637472377204	0.0	0.0	0.0	1.3912960576227076	0.3640343084704635	0.0	0.8785928641275269	0.4725182048127923	1.754122845216663	0.3640343084704635	0.0	0.3640343084704635	0.0	0.9147323641466641	0.0	0.21909277826448395	0.0	0.0	2.5671268762606902	0.0	0.0	0.0	0.0	0.0	0.21909277826448395	0.0	1.2566989117537628	0.0	0.0	0.0	0.0	0.0	0.0	0.0	0.21909277826448395	0.6315065358298014	0.21909277826448395	0.0	2.8782587733176106	0.0	0.0	0.0	0.0	0.0	4.127158949612933	0.0	0.0	0.21909277826448395	0.0	0.0	0.0	0.0	0.0	0.0	0.7476344189646076	0.8785928641275269	0.0	0.0	0.0	0.0	0.0	0.6934404608765545	1.084722922941698	0.0	0.7958098147517149	0.21909277826448395	0.0	0.7476344189646076	0.0	0.0	3.132226215630552	0.3640343084704635	0.0	0.0	0.0	0.0	0.0	0.0	0.6934404608765545	0.5592474921055433	0.0	0.0	2.7020777632586084	0.5592474921055433	0.0	0.0	0.21909277826448395	0.0	0.0	0.6315065358298014	0.0	0.0	0.6315065358298014	0.0	0.0	0.0	0.21909277826448395	0.0	0.0	0.0	0.21909277826448395	0.0	0.0	0.0	0.0	1.545535136716384	2.821961976296708	0.0	0.8391708220331264	0.0	0.0	0.0	0.0	0.0	0.21909277826448395	0.5592474921055433	1.035103628621289	0.0
SRR11292184	0.2562244752650527	0.0	2.0427219125562126	0.0	0.0	0.0	1.99599427987566	0.5329898964383284	3.2614927588918734	0.0	0.0	1.1159181928092152	1.3561530212095556	1.2898307349521332	0.7651989561560261	0.0	0.4162909055866318	0.0	0.0	0.4162909055866318	0.0	0.4162909055866318	0.0	0.2562244752650527	0.0	0.0	0.624879963931045	1.4877906964989907	0.0	1.058856646113191	2.5747725946564914	0.0	3.9734981368670668	0.0	0.0	0.0	0.5329898964383284	0.5329898964383284	0.0	0.0	2.4841475495182945	1.835892092826377	0.0	0.0	0.0	0.4162909055866318	0.0	0.0	0.0	0.0	2.919851943603566	0.0	0.0	0.0	0.5329898964383284	0.0	1.8701664542094	1.978007586260676	0.0	0.0	0.0	0.0	0.2562244752650527	0.0	0.0	0.0	2.622269943953948	2.2894817684384003	0.0	0.4162909055866318	0.2562244752650527	1.3404976101808985	0.0	0.0	2.2674170477560667	0.0	0.0	0.0	0.0	1.4398116877697338	0.4162909055866318	1.4523124428501426	0.0	2.714279280122224	1.6063119774670376	0.0	0.2562244752650527	0.0	2.8327245228152145	0.0	0.0	0.8710822856898286	2.8239112567003892	0.5329898964383284	0.0	0.0	0.4162909055866318	0.624879963931045	0.2562244752650527	0.0	0.7006820510434737	1.211522287698409	0.0	0.7651989561560261	0.0	1.027243527623687	0.0	1.058856646113191	0.0	0.0	1.910597681433911	0.0	0.5329898964383284	0.0	0.0	2.6000480915487176	1.058856646113191	0.2562244752650527	0.0	0.0	0.0	0.0	0.0	0.4162909055866318	2.2002324827284627	1.2324623946184914	0.2562244752650527	0.7651989561560261	3.0172451057556793	0.0	2.37834188323587	0.0	0.0	0.0	1.1895211496403975	0.0	0.0	2.7216319520184737	0.0	0.0	0.0	3.0199213108664837	0.2562244752650527	0.4162909055866318	0.0	1.6922915378979835	0.0	0.2562244752650527	0.0	0.4162909055866318	0.0	0.0	0.0	0.2562244752650527	0.2562244752650527	0.0	0.0	0.2562244752650527	1.1663456900443263	0.0	0.0	1.9515050372074978	0.0	0.0	2.006439252970593	0.0	0.0	1.8840659744174675	0.2562244752650527	0.2562244752650527	1.7986792523672552	0.2562244752650527	0.2562244752650527	0.2562244752650527	0.0	0.5329898964383284	0.0	0.0	0.0	0.0	0.2562244752650527	0.0	0.0	0.0	0.0	0.0	0.2562244752650527	0.0	0.0	3.833278698412943	0.624879963931045	2.862474069371311	0.7651989561560261	0.0	0.0	2.44711245911095	1.027243527623687	0.0	0.0	0.0	0.0	1.3073847314692382	0.0	0.0	0.0	0.0	2.26552670269851	0.0	0.0	0.0	0.0	0.0	0.0	0.0	0.0	0.2562244752650527	0.0	0.2562244752650527	0.0	0.0	2.956089516723431	0.2562244752650527	2.055198566265805	0.4162909055866318	2.2174991636935606	0.2562244752650527	0.0	0.7006820510434737	0.0	1.9816650137171214	0.0	0.0	0.0	0.0	2.8925572785666955	0.4162909055866318	0.0	0.0	0.2562244752650527	0.0	0.2562244752650527	0.0	0.2562244752650527	2.1413727388293413	0.0	0.2562244752650527	0.0	2.4344589128557517	2.0877687754049474	2.3305085916413018	0.2562244752650527	0.0	0.0	3.4403006995803307	0.2562244752650527	0.2562244752650527	1.8150195344350444	2.5266585654808127	2.073266182680843	1.211522287698409	0.0	1.027243527623687	1.4523124428501426	0.5329898964383284	1.7062473517892527	1.4990006949402725	1.3073847314692382	0.0	2.7216319520184737	0.0	0.0	0.0	0.0	0.0	0.0	0.0	1.7518373527907598	0.0	0.0	0.7006820510434737	0.0	1.8509134828645943	2.412063826644061	0.0	0.8213595260612869	1.4523124428501426	0.0	0.0	2.3053244475436827	0.0	0.0	0.0	1.2898307349521332	0.0	3.445088106014352	0.9931472977214324	0.0	0.0	0.2562244752650527	0.0	0.0	0.0	0.0	0.0	2.013265569433182	0.4162909055866318	0.2562244752650527	0.8213595260612869	0.0	0.8710822856898286	0.0	2.496565070030678	1.9315328279926456	2.219610018131041	0.2562244752650527	0.0	0.4162909055866318	2.592083121989889	0.2562244752650527	1.0883239040640662	3.8014378532918283	0.5329898964383284	0.0	0.5329898964383284	0.0	2.1868164904445306	0.0	0.9931472977214324	2.090612071607959	0.2562244752650527	1.9888887422271149	0.0	2.9383485788920285	0.0	0.0	0.0	2.1706220132959313	1.745610253641513	1.5309925729896134	0.0	0.2562244752650527	0.0	0.0	0.0	0.0	0.0	0.0	0.0	0.0	1.8701664542094	0.5329898964383284	1.252439118245654	0.0	0.0	0.0	0.2562244752650527	2.7327558362313513	0.9561443676147712	0.7651989561560261	0.0	0.0	1.8459638580157733	0.0	0.0	0.0	2.427991147361589	0.7006820510434737	0.0
SRR11292185	1.2435155564990799	0.0	2.4677956144235047	0.0	0.0	0.0	1.3471159993224893	0.0	1.0186827146515163	1.107191838281853	0.0	0.5263254630843968	3.434504534222578	1.0186827146515163	0.7573797993540858	1.0186827146515163	0.5263254630843968	0.0	0.0	2.2889446940513727	0.0	0.0	0.0	0.0	0.0	0.0	0.9073941270187572	0.0	0.0	0.7573797993540858	2.1319838701621974	1.8265736791848468	3.969426068280058	0.7573797993540858	3.2562265056337347	0.0	0.0	0.0	0.9073941270187572	0.7573797993540858	1.2983977014591848	1.1806808307248808	0.0	0.0	0.0	1.5007661258058032	0.0	0.0	0.5263254630843968	0.0	1.8969474833217073	0.5263254630843968	0.0	0.0	0.0	0.0	0.5263254630843968	0.0	0.0	0.0	0.0	0.5263254630843968	0.0	0.0	0.0	0.5263254630843968	0.0	1.107191838281853	0.0	0.0	0.0	0.0	0.0	0.0	1.3471159993224893	0.0	0.0	0.5263254630843968	1.1806808307248808	1.5007661258058032	0.5263254630843968	0.0	0.0	2.8906472390606126	2.299356963820222	0.0	0.5263254630843968	0.0	1.7948867539603786	0.0	0.0	0.0	1.1806808307248808	0.9073941270187572	0.0	0.0	0.5263254630843968	0.9073941270187572	0.7573797993540858	0.0	0.7573797993540858	0.0	0.0	0.0	0.0	0.0	0.0	0.0	0.0	1.0186827146515163	1.2983977014591848	0.0	0.0	0.0	0.0	2.3243452034425394	0.9073941270187572	1.588364607861908	0.0	0.0	0.0	1.3909162386739535	0.0	0.0	1.7425487222047404	0.0	0.0	0.7573797993540858	3.18742209584086	1.5007661258058032	1.7948867539603786	0.0	0.0	0.0	1.3471159993224893	0.0	0.9073941270187572	3.016763063452432	1.8110191445467754	0.7573797993540858	0.0	0.0	0.0	0.0	0.0	0.9073941270187572	0.0	0.0	0.0	0.0	0.0	0.0	0.0	0.0	0.0	0.5263254630843968	0.0	0.0	1.107191838281853	0.7573797993540858	0.0	1.107191838281853	0.0	0.0	1.614033916346889	1.3471159993224893	0.0	2.926075739601682	0.0	0.0	1.107191838281853	2.020507531921264	1.107191838281853	1.8701503183948938	0.0	0.0	0.7573797993540858	0.0	0.7573797993540858	0.0	0.0	0.0	0.0	0.0	0.0	0.0	0.0	0.7573797993540858	0.0	4.037009808806394	0.0	0.9073941270187572	0.0	0.0	0.0	0.0	0.7573797993540858	0.0	2.116588226401022	0.0	0.0	0.0	0.0	0.0	0.0	0.0	2.1319838701621974	0.5263254630843968	0.9073941270187572	0.0	0.0	0.0	0.0	0.0	0.5263254630843968	0.7573797993540858	0.0	0.0	0.7573797993540858	0.0	0.5263254630843968	0.0	0.0	0.0	0.0	1.588364607861908	0.0	0.7573797993540858	0.0	2.238728884830458	0.0	0.0	0.0	0.0	0.0	0.0	0.0	0.9073941270187572	0.0	0.0	0.0	0.0	0.0	2.8893268880094873	1.3471159993224893	0.0	0.0	2.687651994215955	1.1806808307248808	0.9073941270187572	0.0	0.0	0.0	1.0186827146515163	1.1806808307248808	0.0	1.0186827146515163	0.5263254630843968	2.9965795745659376	0.7573797993540858	0.0	1.2983977014591848	0.0	0.0	0.5263254630843968	0.0	0.7573797993540858	0.0	2.5013683352468563	0.0	0.7573797993540858	0.0	0.0	0.0	0.0	0.0	1.5610822560322	0.0	0.5263254630843968	0.0	0.7573797993540858	0.5263254630843968	0.0	0.0	0.0	0.7573797993540858	1.0186827146515163	0.5263254630843968	3.5883775509371887	0.0	0.0	0.0	0.0	1.2983977014591848	3.8417451245239533	0.0	0.0	1.6382703198119362	0.0	0.0	0.0	0.0	0.0	0.0	1.107191838281853	0.0	0.0	0.0	0.5263254630843968	0.0	0.0	0.5263254630843968	1.7781319102329791	0.5263254630843968	0.0	0.0	0.0	2.677003007878141	0.0	0.0	1.9342769676708729	0.0	0.0	0.0	0.0	0.5263254630843968	0.9073941270187572	0.0	0.7573797993540858	1.3471159993224893	0.0	0.5263254630843968	3.2821400490983597	0.9073941270187572	0.0	0.0	0.0	0.0	0.5263254630843968	0.7573797993540858	0.0	0.0	0.0	0.0	0.0	0.0	1.7425487222047404	0.0	0.0	0.0	0.0	0.0	0.7573797993540858	0.0	0.0	0.7573797993540858	1.9097504888778953	1.107191838281853	0.7573797993540858	0.0	0.0	1.957492060396189	0.0	0.0	0.0	1.8110191445467754	0.7573797993540858	0.0
SRR11292186	0.5429282847262077	0.15079872474161407	2.8294219818045483	0.0	0.0	0.0	0.262516479364806	0.9875721275649204	1.5180611015047274	0.15079872474161407	0.42497160628861297	1.7954656144541699	2.8296889263838696	0.8332701054024712	0.262516479364806	0.4879424035560965	0.4879424035560965	0.35129629702622217	0.0	1.4533044747728157	0.0	0.6754337011170654	0.0	0.0	0.0	0.15079872474161407	1.2456486374815567	1.6766518338177085	0.15079872474161407	0.5429282847262077	2.1552665445284687	0.262516479364806	4.0917727730399465	0.42497160628861297	2.6782887823887074	0.15079872474161407	0.262516479364806	0.15079872474161407	0.15079872474161407	0.0	2.9212605642331164	1.9286919271423026	0.0	0.0	0.0	0.262516479364806	0.35129629702622217	1.1152441370528994	0.262516479364806	0.4879424035560965	1.619964200724262	0.262516479364806	0.5429282847262077	0.0	0.0	0.0	1.9265620765933327	0.262516479364806	0.15079872474161407	0.15079872474161407	0.0	0.0	0.0	0.0	0.0	0.0	0.42497160628861297	0.5429282847262077	0.15079872474161407	1.1288557270768314	0.0	0.805962168728242	0.0	0.0	2.4023877707285783	0.0	1.0560828931585469	0.0	0.6355945401257692	1.1288557270768314	0.35129629702622217	0.0	0.0	3.040192269360987	1.4839406105089463	0.0	0.15079872474161407	0.15079872474161407	1.2940515744103873	0.15079872474161407	0.0	1.0057393758175663	2.0371707154489482	0.0	0.0	0.0	0.5429282847262077	1.2940515744103873	0.6754337011170654	2.246998765077947	1.0560828931585469	0.15079872474161407	0.0	0.0	0.0	0.15079872474161407	0.805962168728242	0.6754337011170654	0.0	0.42497160628861297	2.6876416112286914	0.0	0.35129629702622217	0.0	0.0	1.9918559658428838	0.5917282854412048	0.4879424035560965	0.0	0.0	0.262516479364806	0.7455834268217261	0.0	0.0	3.1551808458799893	0.7119233999488398	0.15079872474161407	1.6915763782292141	2.7064732645232157	0.8332701054024712	2.4847211012871764	0.5429282847262077	0.0	0.0	0.9875721275649204	0.0	1.384670828528548	2.690592471717629	0.928010552091196	0.5429282847262077	0.0	2.4122680074096756	0.262516479364806	0.0	0.262516479364806	2.0304996205162222	0.0	0.0	0.0	0.8589620606958607	0.262516479364806	0.0	0.0	0.0	1.7165204026787124	0.0	0.0	0.262516479364806	1.2557704247859376	0.7119233999488398	0.15079872474161407	1.0716457389562388	0.0	0.0	2.3452524638403	0.6355945401257692	0.15079872474161407	1.8124535478361845	0.0	0.0	0.4879424035560965	0.6754337011170654	0.8332701054024712	0.262516479364806	0.262516479364806	0.15079872474161407	0.7119233999488398	0.15079872474161407	0.0	0.0	0.0	0.0	0.0	0.15079872474161407	0.0	0.0	0.15079872474161407	0.5429282847262077	0.0	4.068678603505157	0.15079872474161407	1.8445571374039482	0.9686116091068894	0.0	0.0	0.262516479364806	1.039941562167531	0.0	1.2753326525049016	0.15079872474161407	0.0	0.0	0.0	0.0	0.0	0.262516479364806	2.432045903086367	0.0	1.7368168337278438	2.698244416026866	0.0	1.9091364600246024	0.0	0.0	0.7455834268217261	0.6355945401257692	0.0	0.35129629702622217	0.5429282847262077	0.15079872474161407	0.805962168728242	0.0	0.262516479364806	0.15079872474161407	2.0782008219907553	2.148915403924703	0.0	0.6754337011170654	0.7119233999488398	1.406423141447123	0.5429282847262077	0.0	0.0	0.15079872474161407	0.9875721275649204	0.35129629702622217	0.0	0.262516479364806	0.42497160628861297	0.0	0.42497160628861297	0.0	1.1548622730643854	1.9412562356293568	0.0	0.0	0.262516479364806	2.6593514801722593	1.3617713050006999	1.8696086226060018	0.0	0.0	0.0	2.1332826555513953	0.9686116091068894	0.5917282854412048	1.4338286953814154	2.2708338657007032	2.510514435491121	1.3206989495584502	0.0	1.1011920928269334	0.0	1.7165204026787124	0.5917282854412048	0.9686116091068894	0.262516479364806	1.1152441370528994	2.997027654222469	0.0	0.0	0.0	0.0	0.0	0.0	0.0	2.6055943067578213	0.0	0.0	0.0	0.5429282847262077	0.15079872474161407	1.4779838390474402	0.0	1.1793990844174576	1.7686688120790302	0.35129629702622217	0.0	2.9527282013964538	0.0	0.262516479364806	0.0	0.0	0.6754337011170654	3.8292435834046916	0.0	0.0	0.15079872474161407	0.0	0.0	0.0	0.0	0.0	0.4879424035560965	1.0716457389562388	1.5791804481012266	0.0	0.0	0.35129629702622217	0.35129629702622217	0.0	0.8589620606958607	0.805962168728242	2.3751392099441975	1.4839406105089463	0.15079872474161407	0.5429282847262077	2.609156275024964	0.0	0.262516479364806	1.937108389859564	0.7768212396737203	0.0	0.0	0.0	2.082694976351486	0.0	0.262516479364806	1.9991426867918032	0.0	1.0716457389562388	0.6754337011170654	2.799580979133177	0.35129629702622217	0.0	0.15079872474161407	0.35129629702622217	2.293428618177763	1.2753326525049016	0.6355945401257692	0.0	0.5429282847262077	0.42497160628861297	0.0	0.0	0.0	0.6754337011170654	0.0	0.0	0.262516479364806	0.5429282847262077	0.0	0.35129629702622217	0.0	0.0	1.8696086226060018	2.8778837896837577	0.9061918097429832	1.4596070349554577	0.0	0.35129629702622217	1.8012024102743793	0.0	0.0	0.8332701054024712	1.427137725706804	2.004528600553087	0.0
SRR11292187	1.2502314062959388	0.0	2.787119258234805	0.0	0.0	0.0	0.5796363663900511	0.3800946885650778	1.5388820508100924	0.0	0.0	1.9292214525767968	3.081795366206303	1.5388820508100924	0.0	1.1333537799347533	0.8193743933501834	0.3800946885650778	0.0	1.8059832724005487	0.0	0.7158419540247367	0.0	0.0	0.0	0.3800946885650778	2.0364309078544656	1.8595415022819162	0.0	0.0	2.5433721711249273	0.0	3.766242801964095	0.0	2.7207862995864676	0.0	0.3800946885650778	0.0	0.3800946885650778	0.0	3.1253466488153934	1.9072140098635828	0.0	0.0	0.0	0.0	0.0	0.0	0.0	0.0	1.6606700174181552	0.0	0.0	0.0	0.0	0.0	1.733803149621736	0.0	0.0	0.0	0.0	0.0	0.0	0.0	0.0	0.0	0.3800946885650778	1.3136770981644503	0.0	1.3422319412020451	0.0	0.8193743933501834	0.0	0.0	1.0332424370738427	0.0	1.0861763886467455	0.0	0.0	1.3136770981644503	0.7158419540247367	0.0	0.0	3.0547962130773905	1.6987741771790679	0.0	0.0	0.0	1.7224378833948684	0.0	0.0	0.5796363663900511	2.584809975037212	0.5796363663900511	0.0	0.0	0.0	1.482680333698283	1.3942599154977893	2.421733745240968	1.2831118139529798	0.0	0.0	0.0	0.0	0.3800946885650778	1.6864405572560113	0.5796363663900511	0.3800946885650778	1.5388820508100924	2.8131145416061707	0.0	0.3800946885650778	0.0	0.0	2.2240753822884356	0.3800946885650778	1.5388820508100924	0.0	0.0	0.0	1.2831118139529798	0.0	0.0	3.461208721655825	0.7158419540247367	0.0	1.6332732791574094	2.9914693865724225	1.1333537799347533	2.7355590801685175	0.0	0.0	0.0	0.9729492913521421	0.0	1.733803149621736	2.8962164056311464	1.2146562105548668	0.0	0.0	1.6332732791574094	0.0	0.0	0.0	2.0419835836700253	0.0	0.0	0.0	0.9029151455401345	0.0	0.0	0.0	0.0	2.0582279470243874	0.0	0.0	0.3800946885650778	1.867859245538226	1.0332424370738427	0.0	1.0861763886467455	0.0	0.0	2.79106997956695	0.0	0.0	2.0419835836700253	0.3800946885650778	0.3800946885650778	0.0	0.0	1.5388820508100924	0.3800946885650778	0.3800946885650778	0.0	0.3800946885650778	0.0	0.0	0.0	0.0	0.3800946885650778	0.0	0.0	0.0	0.0	0.0	0.7158419540247367	0.0	3.9464194672901267	0.0	2.294267416182515	1.5388820508100924	0.0	0.0	0.3800946885650778	1.2146562105548668	0.0	1.2146562105548668	0.3800946885650778	0.0	0.0	0.0	0.0	0.0	0.0	2.7626290737201873	0.0	2.2521688077534754	2.803667123701416	0.0	1.936316231239922	0.0	0.0	0.0	0.3800946885650778	0.0	0.8193743933501834	0.3800946885650778	0.0	1.0861763886467455	0.0	0.0	0.0	2.346545129562144	2.497559529054068	0.0	0.0	0.7158419540247367	1.0332424370738427	0.0	0.0	0.0	0.0	0.3800946885650778	0.5796363663900511	0.0	0.0	0.7158419540247367	0.0	0.0	0.3800946885650778	0.7158419540247367	1.6987741771790679	0.3800946885650778	0.0	0.0	2.846384962902569	1.5886370523168054	2.0015358789976436	0.0	0.5796363663900511	0.0	1.943296967780734	0.5796363663900511	0.0	0.8193743933501834	2.491722531949358	2.8332025980060083	1.710767182960427	0.0	1.0332424370738427	0.0	1.8760206738871672	0.3800946885650778	1.3422319412020451	0.0	1.5726771217502442	2.996399599592797	0.0	0.0	0.0	0.0	0.3800946885650778	0.0	0.0	3.0090812553508224	0.7158419540247367	0.0	0.0	0.0	0.3800946885650778	1.8153809798886857	0.0	1.4622050653823142	2.2721070875361176	0.3800946885650778	0.0	3.2015796547700948	0.0	0.0	0.0	0.0	0.5796363663900511	3.831823458183907	0.0	0.0	0.0	0.0	0.0	0.0	0.0	0.0	0.0	1.0861763886467455	1.8245796299899015	0.0	0.0	0.0	0.8193743933501834	0.0	0.0	0.5796363663900511	2.65609051766262	1.851061339238702	0.3800946885650778	0.0	1.9954373889379744	0.0	0.0	2.0890001698631586	1.3422319412020451	0.9029151455401345	0.0	0.5796363663900511	1.7765047017429603	0.3800946885650778	0.0	2.291170047734245	0.0	1.6040312004105735	0.0	2.9046241240945645	0.7158419540247367	0.0	0.0	0.0	2.5033191151209726	1.7224378833948684	0.3800946885650778	0.3800946885650778	1.3422319412020451	0.0	0.0	0.0	0.0	0.0	0.0	0.0	0.0	0.0	0.0	0.0	0.0	0.0	2.019333770786054	3.1325721519839274	1.2831118139529798	1.6987741771790679	0.0	0.0	2.170063241320296	0.0	0.0	0.7158419540247367	1.5886370523168054	2.2130534508434185	0.0
SRR11292188	0.3601958071849056	0.3601958071849056	2.3411004685133987	0.0	0.0	0.0	0.0	0.0	1.3091724542683512	0.0	0.3601958071849056	1.0544294179158709	3.594926833808043	1.4287503920738442	0.0	0.0	0.5543439474936906	0.0	0.0	0.3601958071849056	0.0	0.0	0.0	0.0	0.0	0.0	0.0	0.0	0.3601958071849056	0.0	1.1821551475043839	0.0	4.098483000411445	0.0	0.0	0.0	0.0	0.0	0.0	0.0	2.451224964310849	0.5543439474936906	0.0	0.0	0.0	0.0	0.0	0.0	0.0	0.0	2.135608298041026	0.0	0.3601958071849056	0.0	0.0	0.0	0.3601958071849056	0.0	0.0	0.0	0.0	0.0	0.0	0.0	0.0	0.0	0.0	1.6997703537863118	0.0	0.7901164116971985	0.0	0.3601958071849056	0.0	0.0	3.2084080146018747	0.0	0.3601958071849056	0.0	0.3601958071849056	0.3601958071849056	0.8727099373214883	0.0	0.0	2.622810476633453	0.6880371768553184	0.0	0.5543439474936906	0.0	1.6767706520034427	0.0	0.0	2.435046298438651	0.0	0.0	0.0	0.0	0.0	0.8727099373214883	0.0	0.0	0.3601958071849056	0.0	0.0	0.0	0.0	0.0	0.5543439474936906	0.3601958071849056	0.0	0.0	0.6880371768553184	0.0	0.0	0.0	0.0	1.7216130371355536	0.0	1.2502909093794436	0.0	0.0	0.0	1.0544294179158709	0.0	0.0	2.420378035264465	0.5543439474936906	0.0	0.9420777586203031	1.5548684152872236	1.1821551475043839	1.4491684322291554	1.3358671690268809	0.0	0.0	0.3601958071849056	0.0	0.3601958071849056	3.312564555753821	0.9420777586203031	0.6880371768553184	0.0	0.7901164116971985	0.6880371768553184	0.0	0.0	0.5543439474936906	0.0	0.0	0.0	0.0	0.0	0.0	0.0	0.0	0.3601958071849056	0.0	0.0	0.0	0.3601958071849056	0.6880371768553184	0.0	0.0	0.0	0.0	0.3601958071849056	0.0	0.0	1.0544294179158709	0.0	0.0	0.8727099373214883	0.0	1.1821551475043839	0.0	0.0	0.0	0.6880371768553184	0.0	0.0	0.0	0.0	0.0	0.0	0.0	0.0	0.0	0.0	0.3601958071849056	0.0	3.9357307804000947	0.0	1.2175578740340376	0.0	0.0	0.3601958071849056	0.0	0.6880371768553184	0.0	0.3601958071849056	0.3601958071849056	0.0	0.0	0.0	0.0	0.0	0.0	2.256655710510642	0.0	0.0	0.0	0.0	0.0	0.0	0.0	0.0	0.0	0.0	0.5543439474936906	0.0	0.0	1.4073248509260918	0.0	0.0	0.0	1.9849800742122605	1.0544294179158709	0.0	0.7901164116971985	0.5543439474936906	1.001876663306256	0.5543439474936906	0.0	0.0	0.0	1.9732057155045806	0.6880371768553184	0.0	0.0	0.0	0.0	0.0	0.0	0.0	2.606459869382385	0.0	0.0	0.0	2.6307605862641643	1.7812341570882162	1.4287503920738442	0.0	0.3601958071849056	0.0	1.2175578740340376	0.6880371768553184	0.0	0.6880371768553184	0.0	1.2502909093794436	0.0	0.0	0.7901164116971985	0.0	1.2175578740340376	0.0	0.0	0.0	0.0	2.8833850704847928	0.0	0.0	0.0	0.0	0.0	0.0	0.0	1.57023019444168	0.0	0.0	0.0	0.0	0.0	0.3601958071849056	0.0	0.8727099373214883	0.6880371768553184	0.3601958071849056	0.0	3.779407568436817	0.0	0.3601958071849056	0.0	0.0	0.0	3.186328468584494	0.0	0.0	0.3601958071849056	0.0	0.0	0.0	0.0	0.0	0.0	0.6880371768553184	1.2175578740340376	0.0	0.3601958071849056	0.0	0.0	0.0	2.163438341085081	0.0	0.0	0.7901164116971985	0.0	0.0	0.0	0.0	0.3601958071849056	3.477236117243961	0.0	0.0	0.0	0.0	3.339057788347009	0.0	0.0	0.5543439474936906	0.0	0.3601958071849056	0.0	3.038996693137275	0.5543439474936906	0.0	0.0	0.0	0.0	0.0	0.0	0.0	0.0	0.0	0.0	0.0	0.0	0.0	0.0	0.0	0.6880371768553184	0.0	0.3601958071849056	0.0	0.0	0.0	0.3601958071849056	3.0291409604133426	0.0	1.1821551475043839	0.0	0.0	0.5543439474936906	0.0	0.0	0.0	1.3358671690268809	1.001876663306256	0.0
SRR11292189	0.8644182497306124	0.0	2.7056401189958805	0.0	0.0	0.0	0.5474515341732082	0.0	1.529633909301798	0.0	0.6804317276713048	1.7718049897270338	2.599662321870281	0.35481639604483106	0.5474515341732082	0.0	0.8644182497306124	0.0	0.0	1.4594093195155964	0.0	0.993251437610387	0.0	0.0	0.0	0.0	0.0	1.752833560319627	0.0	0.0	1.5900680729143701	0.5474515341732082	4.189732788560338	0.0	2.6788915451992565	0.0	0.0	0.0	0.0	0.0	1.643110647613502	0.5474515341732082	0.0	0.0	0.0	0.0	0.0	0.0	0.0	0.0	1.4195219311144416	0.0	1.134714732396092	0.0	0.0	0.0	0.6804317276713048	0.0	0.0	0.0	0.0	0.0	0.0	0.0	0.0	0.0	0.0	0.5474515341732082	0.0	1.1732025353551783	0.0	0.6804317276713048	0.0	0.0	1.3981146452133857	0.35481639604483106	0.6804317276713048	0.0	0.0	0.7820961012448909	0.35481639604483106	0.0	0.0	2.9533816772189754	1.9064012441958038	0.0	0.35481639604483106	0.0	0.7820961012448909	0.0	0.0	1.8158966591754373	0.35481639604483106	0.5474515341732082	0.0	0.0	0.5474515341732082	1.045694388346393	0.0	0.0	0.35481639604483106	0.0	0.0	0.0	0.0	0.0	0.35481639604483106	0.35481639604483106	0.0	0.0	1.762422858690532	0.0	0.0	0.0	0.0	1.375597190323438	0.0	1.9131564816966007	0.0	0.0	0.0	0.993251437610387	0.0	0.0	3.461435459909923	0.7820961012448909	0.0	2.2313015274004813	2.6264137616185974	0.0	0.8644182497306124	0.5474515341732082	0.0	0.0	0.0	0.0	0.0	3.294984397669084	1.2085554299072687	0.7820961012448909	0.0	1.092481467948444	0.0	0.0	0.35481639604483106	0.6804317276713048	0.0	0.0	0.0	0.0	0.0	0.0	0.0	0.0	1.241245864372028	0.0	0.0	0.35481639604483106	0.8644182497306124	0.35481639604483106	0.0	0.6804317276713048	0.0	0.0	1.2085554299072687	0.0	0.0	2.977158804093826	0.0	0.0	0.7820961012448909	0.5474515341732082	0.0	0.0	0.35481639604483106	0.0	0.0	0.5474515341732082	0.0	0.0	0.0	0.0	0.0	0.0	0.0	0.0	0.0	0.7820961012448909	0.0	3.7784969135671314	0.35481639604483106	0.993251437610387	0.0	0.0	0.0	0.0	0.5474515341732082	0.0	0.8644182497306124	0.0	0.0	0.0	0.0	0.0	0.0	0.0	1.9131564816966007	0.0	0.6804317276713048	0.0	0.0	0.0	0.0	0.0	0.0	0.0	0.0	0.35481639604483106	0.0	0.0	0.7820961012448909	0.35481639604483106	0.0	0.0	2.8457692218357082	1.7987933241501546	0.0	0.0	0.9335947145014772	0.6804317276713048	0.0	0.0	0.0	0.35481639604483106	0.7820961012448909	0.0	0.0	0.0	0.0	0.0	0.0	0.0	0.9335947145014772	2.462973200781862	0.0	0.0	0.0	3.270075551144088	1.8158966591754373	1.1732025353551783	0.0	0.35481639604483106	0.0	1.1732025353551783	1.1732025353551783	0.0	0.993251437610387	0.0	2.2800159388463253	0.5474515341732082	0.0	1.1732025353551783	0.0	2.064441239149028	0.35481639604483106	0.0	0.0	0.35481639604483106	2.356408309804572	0.0	0.0	0.0	0.0	0.0	0.0	0.0	1.762422858690532	0.0	0.0	0.0	0.0	0.5474515341732082	0.35481639604483106	0.0	1.2716469294615236	1.134714732396092	0.0	0.0	3.783223686756627	0.0	0.0	0.0	0.0	0.0	3.5240309656928335	0.0	0.0	0.35481639604483106	0.0	0.0	0.0	0.0	0.0	0.0	0.6804317276713048	1.8074291814175538	0.0	0.0	0.0	0.0	0.0	1.1732025353551783	0.0	0.0	0.35481639604483106	0.7820961012448909	0.35481639604483106	0.0	0.35481639604483106	0.35481639604483106	3.281131404142723	0.35481639604483106	0.35481639604483106	0.0	0.0	1.762422858690532	0.0	0.0	1.4399233921471886	0.35481639604483106	0.0	0.0	3.016929261763483	0.35481639604483106	0.0	0.35481639604483106	0.0	0.35481639604483106	0.0	0.0	0.0	0.0	0.0	0.0	0.0	0.0	0.0	0.0	0.0	0.0	0.7820961012448909	0.0	0.0	0.0	0.0	0.5474515341732082	2.7142023234856114	0.5474515341732082	1.7809887157532243	0.0	0.0	0.0	0.0	0.0	0.0	1.1732025353551783	2.400037002854002	0.0
SRR11292190	0.22616707695454616	1.186101364027958	3.2837119872702516	0.0	0.22616707695454616	0.0	0.0	0.22616707695454616	0.37413276031848713	0.37413276031848713	0.0	0.22616707695454616	1.0767548961198263	0.37413276031848713	0.0	0.0	0.0	0.0	0.0	0.22616707695454616	0.0	0.0	0.0	0.0	0.0	0.0	0.0	1.6439385784227745	0.0	0.0	0.9302630262408427	0.0	4.096469736054014	0.0	2.8193609342464594	0.0	0.22616707695454616	0.0	0.48429479522223834	0.0	2.376782321169468	1.849412015251872	0.0	0.0	0.22616707695454616	0.0	0.0	0.0	0.0	0.0	1.1009377192506544	0.0	0.0	0.0	0.0	0.0	0.7621720173638138	0.0	0.0	0.0	0.0	0.0	0.0	0.0	0.0	0.0	0.0	0.0	0.0	0.22616707695454616	0.0	0.0	0.0	0.0	1.430820040495776	0.22616707695454616	0.963781138385119	0.37413276031848713	0.7621720173638138	0.22616707695454616	0.0	0.0	0.0	2.3006966854537154	2.197227141565762	0.0	0.0	0.0	0.22616707695454616	0.0	0.0	1.5289094176175273	0.37413276031848713	0.22616707695454616	0.0	0.0	0.8542995867221181	1.3591956844890654	0.0	0.0	0.37413276031848713	0.0	0.0	0.0	0.0	0.22616707695454616	1.123844700539962	0.0	0.0	0.22616707695454616	2.095800959855895	0.0	0.0	0.0	0.0	1.554481864647176	0.0	1.123844700539962	0.22616707695454616	0.0	0.0	0.6450888180462375	0.0	0.0	1.6825889426282399	0.5720912734548596	0.0	0.5720912734548596	3.036694572148519	0.48429479522223834	0.8542995867221181	0.5720912734548596	0.0	0.0	0.8542995867221181	0.0	0.48429479522223834	3.3560853123468504	0.0	0.48429479522223834	0.0	1.5626820001565138	0.0	0.0	0.0	0.48429479522223834	0.0	0.0	0.0	0.37413276031848713	0.0	0.0	0.0	0.0	0.0	0.0	0.0	0.0	0.22616707695454616	0.0	0.0	0.0	0.0	0.0	0.5720912734548596	0.0	0.0	2.5946428390874745	0.0	0.0	0.7621720173638138	0.37413276031848713	0.9948966976204157	0.0	0.22616707695454616	0.0	0.37413276031848713	0.0	0.0	0.0	0.0	0.22616707695454616	0.0	0.0	0.0	0.0	0.0	0.0	0.0	3.8194432022035953	0.22616707695454616	2.505300804742808	0.22616707695454616	0.0	0.0	0.0	0.37413276031848713	0.0	0.8542995867221181	0.0	0.0	0.0	0.37413276031848713	0.0	0.0	0.0	1.791098199654075	0.0	0.48429479522223834	0.0	0.0	0.0	0.0	0.0	0.0	0.22616707695454616	0.22616707695454616	0.0	0.0	0.0	0.22616707695454616	0.22616707695454616	0.0	0.0	2.269933337042797	0.48429479522223834	0.0	0.37413276031848713	0.22616707695454616	0.963781138385119	0.0	0.0	0.0	0.0	0.5720912734548596	0.22616707695454616	0.0	0.0	0.22616707695454616	0.0	0.0	0.0	0.0	2.8886492919325737	0.0	0.0	0.48429479522223834	3.3345132655130114	1.4082327537720405	1.186101364027958	0.22616707695454616	0.22616707695454616	0.0	0.70756414292249	0.0	0.0	0.8939400609110174	0.70756414292249	1.6636935834882922	0.22616707695454616	0.0	0.0	0.0	0.0	0.22616707695454616	0.0	0.0	0.22616707695454616	2.6988177256960397	0.0	0.0	0.22616707695454616	0.0	0.0	0.0	0.0	0.5720912734548596	0.22616707695454616	0.0	0.0	0.22616707695454616	0.0	0.0	0.0	0.0	1.6302509992144965	0.22616707695454616	0.37413276031848713	3.1532024872406894	0.0	0.0	0.0	0.0	0.37413276031848713	4.12855007225507	0.0	0.0	0.22616707695454616	0.0	0.0	0.0	0.0	0.0	0.0	2.273109603807085	0.37413276031848713	0.0	0.0	0.22616707695454616	0.0	0.0	2.179927143033992	0.22616707695454616	0.22616707695454616	0.0	0.0	0.22616707695454616	1.0239312130327196	0.0	0.0	1.5786319032884153	0.22616707695454616	0.0	0.0	0.0	2.364136865660088	0.22616707695454616	0.0	0.37413276031848713	0.22616707695454616	0.0	0.0	3.253500117974608	0.5720912734548596	0.0	0.0	0.22616707695454616	0.37413276031848713	0.0	0.22616707695454616	0.0	0.0	0.9948966976204157	0.0	0.0	0.0	0.0	0.0	0.0	0.0	0.0	0.0	0.0	0.0	0.0	1.2733800353354923	1.9759602184649137	0.0	0.22616707695454616	0.0	0.0	0.6450888180462375	0.0	0.0	0.0	0.48429479522223834	0.22616707695454616	0.0
SRR11292191	0.8144679821475439	0.0	2.8698905660976157	0.0	0.0	0.0	0.7338909057348637	0.0	1.5042061684060801	0.0	0.0	2.0920798516543653	0.7338909057348637	0.0	0.0	0.0	0.9411452215186051	0.0	0.0	0.7338909057348637	0.0	0.9928757018043529	0.0	0.0	0.0	0.0	0.0	2.1035692613929364	0.0	0.0	1.3421971046100911	0.0	3.6994143536756035	0.0	1.7499919847962584	0.0	0.0	0.0	0.0	0.0	1.7413756464231291	0.0	0.0	0.0	0.0	0.0	0.0	0.0	0.0	0.5064135351249077	1.5470915842966857	0.0	1.1539959418756593	0.0	0.0	0.0	1.0390950054895214	0.0	0.0	0.0	0.0	0.0	0.0	0.0	0.0	0.0	0.0	1.987244207870786	0.0	1.1189680517608451	0.0	1.2447699918514514	0.0	0.0	1.5042061684060801	0.0	0.5064135351249077	0.0	0.32318233795803636	0.32318233795803636	0.32318233795803636	0.0	0.0	2.1700269917295336	1.456617233906929	0.0	0.5064135351249077	0.0	1.1539959418756593	0.0	0.0	1.0808651728278529	0.32318233795803636	0.5064135351249077	0.0	0.0	0.0	1.1189680517608451	0.0	0.0	0.0	0.0	0.0	0.0	0.0	0.0	0.6348786992908387	0.7338909057348637	0.0	0.0	1.0390950054895214	0.0	0.0	0.0	0.0	1.0390950054895214	0.32318233795803636	1.2447699918514514	0.0	0.0	0.0	0.32318233795803636	0.0	0.0	3.2845031520996057	0.8144679821475439	0.0	1.5983873806719568	3.2340945764654956	0.0	2.0205196304287534	0.8144679821475439	0.32318233795803636	0.0	0.32318233795803636	0.0	0.0	2.6330731837106405	1.2447699918514514	1.1539959418756593	0.0	3.094731218820349	0.0	0.0	0.0	0.0	0.0	0.0	0.0	0.32318233795803636	0.0	0.0	0.0	0.0	1.439520354576463	0.32318233795803636	0.32318233795803636	0.0	0.0	0.7338909057348637	0.0	1.0390950054895214	0.0	0.0	1.0390950054895214	0.0	0.0	2.9082772081813784	0.0	0.0	0.5064135351249077	0.0	0.8824090539262834	0.0	0.0	0.0	0.32318233795803636	0.32318233795803636	0.0	0.0	0.0	0.0	0.0	0.0	0.0	0.0	0.0	1.1189680517608451	0.0	4.324101390363825	0.0	1.2165687647564092	0.0	0.0	0.0	0.9928757018043529	0.6348786992908387	0.0	0.5064135351249077	0.0	0.0	0.0	0.0	0.0	0.0	0.0	2.3078235105807923	0.0	0.0	0.0	0.0	0.0	0.0	0.0	0.0	0.5064135351249077	0.0	0.6348786992908387	0.0	0.32318233795803636	1.2712510826589671	0.0	0.0	0.0	2.1534999931046235	1.6757398539529238	0.0	0.5064135351249077	0.8824090539262834	0.6348786992908387	0.0	0.0	0.0	0.0	1.5189768736464768	0.0	0.0	0.0	0.0	0.0	0.0	0.0	0.5064135351249077	1.439520354576463	0.32318233795803636	0.0	0.0	2.951663589437663	1.2447699918514514	1.2165687647564092	0.0	0.32318233795803636	0.0	1.8349568853408469	0.7338909057348637	0.0	0.9411452215186051	0.6348786992908387	2.487126130996785	0.0	0.0	1.3837776734946292	0.0	2.173258238062786	0.32318233795803636	0.0	0.0	0.32318233795803636	1.8621494134683227	0.0	0.0	0.0	0.0	0.0	0.0	0.0	1.9235012128785773	0.0	0.0	0.0	0.0	0.0	0.5064135351249077	0.0	1.3634848291023736	1.4217227420894587	0.32318233795803636	0.0	2.5039848134175196	0.0	0.0	0.0	0.0	0.0	3.9446280362693558	0.0	0.0	0.0	0.0	0.0	0.0	0.0	0.0	0.0	0.9928757018043529	2.122067587640531	0.0	0.32318233795803636	0.0	0.0	0.0	0.7338909057348637	0.32318233795803636	0.5064135351249077	0.0	0.5064135351249077	0.0	0.5064135351249077	0.0	0.0	3.030406224338739	0.32318233795803636	0.0	0.0	0.0	2.163491468663535	0.0	0.0	1.5332616952998521	0.0	0.32318233795803636	0.0	2.6473530569596373	0.0	0.0	0.32318233795803636	0.0	0.7338909057348637	0.0	0.32318233795803636	0.0	0.0	0.0	0.32318233795803636	0.0	0.0	0.5064135351249077	0.0	0.0	0.0	0.8824090539262834	0.0	0.0	0.0	0.0	1.1189680517608451	2.793664675464485	0.0	1.8814817131781982	0.0	0.0	0.0	0.0	0.0	1.3198118979474347	0.7338909057348637	2.107332497319386	0.0
SRR11292192	1.031322706281774	1.031322706281774	2.4553217012522244	0.0	0.41907077635914786	0.41907077635914786	1.6019678008276619	0.25823563123649557	0.5361756611426133	0.0	0.41907077635914786	0.41907077635914786	3.7842240288143363	0.8749793172467886	0.0	0.7689294121838615	0.25823563123649557	0.0	0.0	0.41907077635914786	0.0	0.25823563123649557	0.0	0.0	0.0	0.0	0.25823563123649557	2.293958603845961	0.0	0.0	2.5679606792191967	1.3447929988524534	2.852842804040975	0.0	1.5554559387805285	0.0	0.0	0.0	0.25823563123649557	0.0	1.146040235645551	0.7042891606929057	0.0	0.0	0.0	0.0	0.0	0.0	0.0	0.0	2.2642810016981905	0.41907077635914786	0.0	0.25823563123649557	0.0	0.0	0.6283166254309084	1.4043152229846332	0.0	0.41907077635914786	0.0	1.146040235645551	0.0	0.0	0.0	0.0	0.0	0.0	0.0	0.5361756611426133	0.0	0.25823563123649557	0.0	0.0	1.2566885408800121	0.0	1.6019678008276619	0.25823563123649557	1.1200750887648456	2.0627231921868576	0.25823563123649557	0.0	0.5361756611426133	3.7699009216115247	2.2526073392288364	0.0	1.565165361990806	0.25823563123649557	0.7689294121838615	0.0	0.0	1.86987142750303	0.41907077635914786	0.0	0.0	0.0	1.294100819787529	1.2157469641774614	0.25823563123649557	0.0	0.7689294121838615	0.0	0.0	0.0	0.0	0.0	1.0629653696403123	0.0	0.25823563123649557	0.25823563123649557	2.665779666955245	0.25823563123649557	0.25823563123649557	0.0	0.0	0.8749793172467886	0.8749793172467886	1.730790371481341	0.0	0.0	0.0	0.9971921029094898	0.0	0.0	2.077728186678819	0.7689294121838615	0.0	0.7689294121838615	3.4579008518210883	0.41907077635914786	1.2157469641774614	0.0	0.0	0.25823563123649557	1.7372986265238084	0.0	0.41907077635914786	2.266196465902995	0.7042891606929057	0.6283166254309084	0.0	1.86987142750303	0.25823563123649557	0.0	0.0	0.41907077635914786	0.0	0.25823563123649557	0.0	0.25823563123649557	0.0	0.0	0.25823563123649557	0.25823563123649557	0.7042891606929057	0.0	0.0	0.0	0.0	0.25823563123649557	0.0	0.25823563123649557	0.0	0.0	0.825183380729831	2.0039589262595427	0.25823563123649557	2.953181887356797	0.0	0.0	0.5361756611426133	0.0	0.7042891606929057	0.7689294121838615	0.0	0.0	0.41907077635914786	0.0	0.0	0.0	0.0	0.0	0.0	0.0	0.0	0.0	0.0	0.0	0.0	4.027339160218414	0.0	2.0835879725737585	0.8749793172467886	0.0	0.0	0.25823563123649557	1.1937315235115902	0.0	3.0091439089263834	0.0	0.0	0.0	0.0	0.0	0.0	0.0	1.919311582147668	0.0	0.0	0.0	0.0	0.0	0.0	0.0	0.0	0.0	0.0	0.0	0.0	0.0	0.8749793172467886	0.0	0.0	0.0	1.4043152229846332	0.960148681666111	0.0	0.25823563123649557	0.0	1.2566885408800121	0.25823563123649557	0.0	0.0	0.41907077635914786	0.825183380729831	0.25823563123649557	0.0	0.0	0.0	0.25823563123649557	0.0	0.0	0.0	2.358792063639853	0.6283166254309084	0.0	0.0	3.491249657496339	0.7689294121838615	1.7437107883490222	0.0	0.0	0.0	0.8749793172467886	0.25823563123649557	0.0	1.5930554166911208	0.5361756611426133	1.9063763459232255	0.25823563123649557	0.0	0.0	0.0	0.25823563123649557	0.41907077635914786	0.5361756611426133	0.25823563123649557	0.41907077635914786	2.7690058705069585	0.0	0.0	0.0	0.0	0.0	0.0	0.0	1.7500296533174815	0.0	0.0	0.0	0.5361756611426133	0.5361756611426133	0.5361756611426133	0.0	0.0	1.8930439818824651	0.41907077635914786	1.1200750887648456	3.234470234910909	0.0	0.0	0.0	0.0	0.0	3.848109976028245	0.0	0.0	0.0	0.0	0.0	0.0	0.25823563123649557	0.0	0.0	1.7241830992240892	0.0	0.0	0.6283166254309084	0.6283166254309084	0.0	0.0	1.667360431922553	0.0	0.41907077635914786	2.721458636195173	0.0	1.565165361990806	1.2157469641774614	0.0	0.0	3.290162763247854	0.41907077635914786	2.3250879077627764	0.0	0.0	1.0629653696403123	0.0	0.25823563123649557	1.2367000267818657	0.25823563123649557	0.0	0.0	2.925604318786285	0.0	0.0	0.0	0.0	0.25823563123649557	0.7042891606929057	0.7042891606929057	0.8749793172467886	0.6283166254309084	0.960148681666111	0.25823563123649557	0.0	0.0	0.960148681666111	0.0	0.0	0.0	0.25823563123649557	0.0	0.0	0.0	0.0	1.7437107883490222	1.3447929988524534	1.3755730410064484	0.7689294121838615	0.0	0.41907077635914786	0.0	0.0	0.0	0.41907077635914786	0.25823563123649557	0.7042891606929057	0.0
SRR11292193	2.037774187584544	0.0	2.3528231207979315	0.0	0.8523670735713917	0.0	0.30528503712436345	0.0	0.7852200005831603	0.0	0.0	1.470577500836273	3.736902181559956	0.30528503712436345	0.0	0.0	0.30528503712436345	0.6084270215090791	0.0	0.0	0.0	0.30528503712436345	0.0	0.0	0.0	0.0	0.4827854292289851	0.0	0.0	0.0	1.6710442704303747	1.7864802464538816	3.8253051501500095	0.0	2.132257375951929	0.0	0.30528503712436345	0.0	0.4827854292289851	0.0	1.5522971544003608	0.4827854292289851	0.0	0.0	0.0	0.0	0.0	0.0	0.0	0.0	1.049098380246333	0.0	0.7057582025716896	0.0	0.0	0.0	0.6084270215090791	0.30528503712436345	0.0	0.30528503712436345	0.0	0.0	0.0	0.0	0.0	0.0	0.30528503712436345	0.4827854292289851	0.0	0.7057582025716896	0.0	0.0	0.0	0.0	1.121766535139737	0.30528503712436345	0.8523670735713917	0.0	0.0	0.30528503712436345	0.0	0.0	0.0	2.207072800860758	1.5267285191383084	0.0	0.7057582025716896	0.0	0.4827854292289851	0.0	0.0	0.30528503712436345	0.0	0.4827854292289851	0.0	0.0	0.30528503712436345	0.7852200005831603	0.0	0.0	0.0	0.0	0.0	0.0	0.0	0.0	0.6084270215090791	0.0	0.0	0.0	2.446188751040392	0.0	0.0	0.0	0.0	0.0	0.0	1.21206429144603	0.0	0.0	0.0	0.6084270215090791	0.0	0.0	2.542470380586042	0.7852200005831603	0.0	1.0076293110065906	3.4067527512361964	0.30528503712436345	0.4827854292289851	0.30528503712436345	0.0	0.0	0.30528503712436345	0.0	0.4827854292289851	1.8278856427304577	0.4827854292289851	0.30528503712436345	0.0	2.225901910300869	0.0	0.0	0.0	0.4827854292289851	0.0	0.0	0.0	0.9105091724763276	0.0	0.0	0.0	0.0	0.30528503712436345	0.0	0.0	0.0	0.7057582025716896	0.30528503712436345	0.0	0.0	0.0	0.0	0.30528503712436345	0.4827854292289851	0.30528503712436345	1.21206429144603	0.0	0.0	0.0	0.0	0.30528503712436345	0.0	0.0	0.0	0.0	0.0	0.0	0.0	0.0	0.0	0.0	0.30528503712436345	0.0	0.0	0.0	0.0	0.0	4.190511792350519	0.0	0.6084270215090791	0.30528503712436345	0.0	0.0	0.0	0.30528503712436345	0.0	0.9617784438759974	0.0	0.0	0.0	0.0	0.0	0.0	0.0	1.9377890446457868	0.0	0.0	0.0	0.0	0.0	0.0	0.0	0.0	0.30528503712436345	0.0	0.0	0.0	0.30528503712436345	0.6084270215090791	0.0	0.0	0.0	1.564538270600158	1.0076293110065906	0.0	0.0	0.0	0.8523670735713917	0.0	0.0	0.0	0.0	0.0	0.30528503712436345	0.0	0.0	0.0	0.0	0.0	0.0	0.0	2.135511004002444	0.0	0.0	0.0	2.974131692458803	0.9617784438759974	1.3698318389964752	0.0	0.0	0.0	1.5267285191383084	0.30528503712436345	0.0	1.4060732065245702	1.388330450598745	2.154536924027053	0.0	0.0	0.4827854292289851	0.0	1.388330450598745	0.0	0.0	0.0	0.0	0.7057582025716896	0.0	0.0	0.0	0.0	0.0	0.0	0.0	1.2384241000100296	0.0	0.0	0.0	0.6084270215090791	0.0	0.0	0.0	0.9105091724763276	0.7057582025716896	0.30528503712436345	0.0	3.16410257086544	0.0	0.0	0.0	0.0	0.4827854292289851	4.064419465945274	0.0	0.0	0.0	0.0	0.0	0.0	0.0	0.0	0.0	1.0869505842761384	1.3698318389964752	0.0	0.0	0.0	0.0	0.0	0.0	0.7852200005831603	0.0	0.0	0.0	0.0	0.4827854292289851	0.0	0.0	2.4632842296953434	0.30528503712436345	0.0	0.30528503712436345	0.0	0.0	0.0	0.0	0.7852200005831603	0.0	0.4827854292289851	0.7057582025716896	3.01192100974509	0.30528503712436345	0.0	0.0	0.0	0.0	0.9617784438759974	0.7852200005831603	0.0	0.0	0.4827854292289851	0.0	0.0	0.0	0.6084270215090791	0.0	0.0	0.0	0.0	0.0	0.0	0.0	0.0	1.0076293110065906	1.995154062122356	0.4827854292289851	1.0869505842761384	0.0	0.0	0.0	0.30528503712436345	0.0	0.0	0.30528503712436345	1.4231194583145585	0.0
SRR11292194	0.7316108333263487	0.0	2.997037541628482	0.0	0.0	0.0	0.5044894771650654	0.0	0.0	0.5044894771650654	0.0	1.683005988727396	1.8179389527785992	0.5044894771650654	0.32171614689681577	0.0	0.0	0.0	0.0	0.6327310867301885	0.0	0.8121002893836899	0.0	0.0	0.0	0.0	0.0	2.044370585147391	0.0	0.0	1.3395269839398463	0.0	3.3154920299252857	0.0	0.0	0.0	0.0	0.0	0.0	0.0	1.9795068948837122	0.32171614689681577	0.0	0.0	0.0	0.0	0.0	0.0	0.0	0.0	1.3810959016103612	0.32171614689681577	0.5044894771650654	0.0	0.0	0.0	0.7316108333263487	0.5044894771650654	0.0	0.0	0.0	0.0	0.0	0.0	0.0	0.0	0.0	0.0	0.0	0.8121002893836899	0.0	1.0783003544235439	0.0	0.0	1.3171485271837253	0.0	0.5044894771650654	0.0	0.6327310867301885	0.0	0.0	0.0	0.0	2.2782545097155076	1.2935540009240654	0.0	0.0	0.0	0.7316108333263487	0.0	0.0	0.0	0.0	0.0	0.0	0.0	0.0	0.5044894771650654	0.0	0.0	0.0	0.0	0.0	0.0	0.0	0.0	0.0	0.6327310867301885	0.0	0.0	0.8799791079454166	0.0	0.0	0.0	0.0	1.436824614120573	0.32171614689681577	0.32171614689681577	0.0	0.0	0.0	0.6327310867301885	0.0	0.0	3.1550129552176354	0.7316108333263487	0.0	1.7556918964026584	2.1540779002473283	0.6327310867301885	0.990363179320014	0.0	0.0	0.0	1.5833952176465376	0.32171614689681577	0.5044894771650654	2.982395552695237	0.0	0.5044894771650654	0.0	0.8121002893836899	0.0	0.0	0.0	0.0	0.0	0.0	0.0	0.5044894771650654	0.0	0.0	0.0	0.0	1.1837932489356744	0.0	0.0	0.0	0.5044894771650654	0.0	0.0	1.116383672791756	0.0	0.0	0.990363179320014	0.0	0.0	2.5386195994848326	0.0	0.0	0.0	0.0	0.990363179320014	0.0	0.32171614689681577	0.0	0.8121002893836899	0.32171614689681577	0.0	0.0	0.0	0.0	0.0	0.0	0.0	0.0	0.0	0.0	0.0	3.8221806171480055	0.32171614689681577	1.2686036069656075	0.0	0.0	0.0	0.0	0.8121002893836899	0.0	0.0	0.5044894771650654	0.0	0.0	0.0	0.0	0.0	0.0	1.557774086422606	0.0	0.0	0.0	0.0	0.0	0.0	0.0	0.0	0.0	0.0	0.5044894771650654	0.0	0.32171614689681577	0.5044894771650654	0.0	0.0	0.0	2.3885633283182393	1.9642510634456825	0.32171614689681577	0.5044894771650654	0.0	0.32171614689681577	0.0	0.0	0.0	0.0	0.5044894771650654	0.0	0.0	0.0	0.0	0.0	0.0	0.0	0.32171614689681577	1.4703631527327636	0.0	0.0	0.0	3.2340879364763366	0.9386687663300551	1.116383672791756	0.0	0.0	0.0	2.1507219545321035	0.9386687663300551	0.0	0.32171614689681577	0.32171614689681577	2.721592423199536	0.0	0.0	0.8799791079454166	0.0	1.5162640795518179	0.0	0.0	0.0	0.0	4.200086362011649	0.0	0.0	0.0	0.0	0.0	0.0	0.0	1.3171485271837253	0.0	0.0	0.0	0.0	0.32171614689681577	0.32171614689681577	0.0	0.9386687663300551	0.8799791079454166	0.0	0.0	3.077424050641132	0.0	0.0	0.0	0.0	0.32171614689681577	4.128316319923761	0.0	0.0	0.0	0.0	0.0	0.0	0.0	0.0	0.0	0.6327310867301885	1.400477657337109	0.0	0.0	0.0	0.0	0.0	0.6327310867301885	0.7316108333263487	0.32171614689681577	0.32171614689681577	0.0	0.32171614689681577	1.151395033065942	0.0	0.0	2.855950336534402	0.0	0.0	0.0	0.0	0.0	0.0	0.0	1.2421319624572256	0.0	0.0	0.0	2.230514175320276	0.0	0.0	0.0	0.0	0.0	0.0	0.6327310867301885	0.0	0.0	0.0	0.0	0.0	0.0	0.0	0.0	0.0	0.0	0.5044894771650654	0.0	0.32171614689681577	0.0	0.0	0.6327310867301885	2.4858974299177565	0.32171614689681577	1.3395269839398463	0.0	0.0	0.5044894771650654	0.0	0.0	0.0	1.1837932489356744	1.7208678101297472	0.0
SRR11292195	0.0	0.0	1.9976350162803045	0.0	0.0	0.0	0.0	0.27394519257098654	1.2026069360825689	0.27394519257098654	0.27394519257098654	0.5607718382793854	2.6280990293138164	0.0	0.0	0.0	0.6547845767824394	0.27394519257098654	0.0	0.0	0.0	0.0	0.0	0.0	0.0	0.0	0.0	1.836888041987038	0.0	0.0	1.269082950004294	0.0	3.5238275506907453	0.0	0.0	0.0	0.27394519257098654	0.0	0.0	0.0	0.7975775999028938	0.0	0.0	0.0	0.4406193501401122	0.0	0.0	0.0	0.0	0.0	1.028159384806486	0.0	0.27394519257098654	0.0	0.0	0.0	0.0	0.6547845767824394	0.0	0.0	0.0	0.0	0.0	0.0	0.0	0.0	0.0	0.9499613855781868	0.0	0.0	0.0	0.0	0.0	0.0	1.5788837428751537	0.0	0.4406193501401122	0.0	0.0	0.0	0.0	0.0	0.0	1.863825473091554	1.1240839198628478	0.0	0.0	0.0	0.0	0.0	0.0	1.5985662482203036	0.0	0.4406193501401122	0.0	0.0	0.27394519257098654	0.4406193501401122	0.0	0.0	0.0	0.0	0.0	0.0	0.0	0.0	0.0	0.0	0.0	0.0	1.1240839198628478	0.0	0.0	0.0	0.0	0.9048581583595685	0.0	1.2891578540997672	0.0	0.0	0.0	0.732023512492755	0.0	0.0	2.081184630616466	0.5607718382793854	0.0	0.5607718382793854	2.676532606530044	0.6547845767824394	1.326721479999079	0.0	0.0	0.0	0.6547845767824394	0.0	0.27394519257098654	2.7112862050935034	0.0	0.6547845767824394	0.0	4.208707663522061	0.0	0.0	0.0	1.0625427256764013	0.0	0.0	0.0	0.4406193501401122	0.0	0.0	0.0	0.27394519257098654	0.0	0.0	0.0	0.0	0.0	0.0	0.0	0.4406193501401122	0.0	0.0	0.27394519257098654	0.0	0.0	0.4406193501401122	0.0	0.0	0.4406193501401122	0.0	0.732023512492755	0.0	0.0	0.0	0.0	0.0	0.0	0.0	0.0	0.0	0.27394519257098654	0.0	0.0	0.0	0.0	0.27394519257098654	0.0	4.023829265982888	0.0	0.7975775999028938	0.4406193501401122	0.0	0.0	0.5607718382793854	0.8545220814568308	0.0	0.4406193501401122	0.0	0.0	0.0	0.0	0.0	0.0	0.0	2.001456792372761	0.0	0.0	0.0	0.0	0.0	0.0	0.0	0.0	0.0	0.0	0.0	0.0	0.0	0.6547845767824394	0.0	0.0	0.0	2.249675238364265	0.0	0.0	0.0	0.0	2.1087900656698664	0.27394519257098654	0.0	0.0	0.0	0.0	1.2480349372385124	0.0	0.0	0.0	0.0	0.0	0.0	0.0	1.9698973057680234	0.0	0.0	0.0	3.3452801157363505	1.177977052947801	0.4406193501401122	0.0	0.0	0.0	1.652768179086556	0.0	0.0	1.2026069360825689	0.27394519257098654	0.8545220814568308	0.0	0.0	0.0	0.0	0.6547845767824394	0.0	0.0	0.0	0.0	3.458461428145875	0.0	0.0	0.0	0.0	0.0	0.0	0.0	0.732023512492755	0.0	0.0	0.0	0.0	0.0	0.0	0.0	0.0	0.4406193501401122	0.0	0.0	3.3504215046105497	0.0	0.0	0.0	0.0	0.0	3.777311642482617	0.0	0.0	0.0	0.0	0.0	0.0	0.0	0.0	0.0	0.4406193501401122	0.732023512492755	0.0	0.0	0.0	0.0	0.0	0.4406193501401122	0.27394519257098654	0.27394519257098654	0.27394519257098654	0.0	0.0	0.5607718382793854	0.0	0.0	3.169889740110379	0.0	0.0	0.0	0.0	2.164496044082208	0.0	0.0	0.5607718382793854	0.0	0.27394519257098654	0.0	2.6190156534000035	0.27394519257098654	0.0	0.0	0.0	0.0	0.0	0.5607718382793854	0.27394519257098654	0.27394519257098654	0.0	0.0	0.0	0.0	0.27394519257098654	0.0	0.0	0.0	0.0	0.0	0.0	0.0	0.0	0.6547845767824394	1.9037255990383732	0.0	0.5607718382793854	0.0	0.0	0.0	0.0	0.0	0.0	0.4406193501401122	0.5607718382793854	0.0
SRR11292196	0.4957859687918904	0.0	1.518199675273638	0.0	0.0	0.0	0.6230023873555659	0.315103193216767	0.0	0.0	0.0	1.202002900284934	3.143627260127811	0.4957859687918904	0.315103193216767	0.0	0.4957859687918904	0.0	0.0	0.4957859687918904	0.0	0.0	0.0	0.0	0.0	0.0	0.0	1.202002900284934	0.315103193216767	0.0	1.6180805045140607	0.0	3.9608849833941777	0.0	0.0	0.0	0.315103193216767	0.0	0.0	0.0	1.202002900284934	0.6230023873555659	0.0	0.315103193216767	0.0	0.0	0.0	0.0	0.0	0.315103193216767	1.518199675273638	0.0	0.6230023873555659	0.0	0.0	0.0	0.6230023873555659	0.0	0.0	0.0	0.0	0.0	0.0	0.0	0.0	0.0	0.0	0.4957859687918904	0.0	0.6230023873555659	0.0	0.315103193216767	0.0	0.0	1.2814834930825383	0.0	0.8013594452295683	0.315103193216767	0.0	0.0	0.315103193216767	0.0	0.0	1.9024078909907756	1.775413120874904	0.0	0.6230023873555659	0.0	0.868951440644057	0.0	0.0	0.0	0.6230023873555659	0.0	0.0	0.0	0.315103193216767	0.315103193216767	0.0	0.0	0.0	0.0	0.0	0.0	0.315103193216767	0.0	1.3050433301113393	0.315103193216767	0.0	0.0	0.7212732976934145	0.0	0.4957859687918904	0.0	0.0	0.4957859687918904	0.0	0.7212732976934145	0.0	0.0	0.0	0.4957859687918904	0.0	0.0	2.821451866854487	0.8013594452295683	0.0	1.7831083671006902	3.2219242221677162	0.0	1.5454044950088741	0.0	0.0	0.0	0.315103193216767	0.0	0.0	1.660548467728618	0.315103193216767	0.8013594452295683	0.0	0.6230023873555659	0.0	0.0	0.0	0.315103193216767	0.0	0.0	0.0	0.0	0.0	0.0	0.0	0.0	0.6230023873555659	0.315103193216767	0.0	0.0	1.558393437479606	0.0	0.0	0.0	0.0	0.0	0.4957859687918904	0.0	0.0	2.778165354579415	0.0	0.0	0.7212732976934145	0.0	0.0	0.0	0.0	0.0	0.0	0.0	0.0	0.0	0.0	0.0	0.0	0.0	0.0	0.0	0.0	0.315103193216767	0.0	4.249091175788932	0.0	1.1395784902051946	0.0	0.0	0.0	0.0	1.8785847981275194	0.0	0.0	0.0	0.0	0.0	0.0	0.0	0.315103193216767	0.0	1.9358581756350892	0.0	0.0	0.315103193216767	0.0	0.0	0.0	0.0	1.558393437479606	0.315103193216767	0.0	0.0	0.0	0.315103193216767	0.6230023873555659	0.0	0.0	0.0	2.711596193521546	1.4245697357672713	0.0	0.4957859687918904	0.0	0.868951440644057	0.0	0.0	0.0	0.0	0.0	0.4957859687918904	0.0	0.0	0.0	0.0	0.0	0.0	0.315103193216767	1.202002900284934	0.0	0.0	0.6230023873555659	2.49890566230842	1.3273905796795622	1.202002900284934	0.0	0.0	0.0	2.5189797408674384	0.868951440644057	0.0	0.6230023873555659	0.0	1.91945500524661	0.0	0.0	0.7212732976934145	0.0	1.1719113222536564	0.0	0.315103193216767	0.0	0.0	1.066650489131164	0.0	0.0	0.0	0.0	0.315103193216767	0.0	0.0	1.2814834930825383	0.0	0.0	0.0	0.0	0.0	0.0	0.0	0.4957859687918904	0.0	0.315103193216767	0.0	2.711596193521546	0.0	0.0	0.0	0.0	0.0	3.637825661217804	0.0	0.0	0.0	0.0	0.0	0.0	0.0	0.0	0.0	1.1395784902051946	1.1719113222536564	0.0	0.315103193216767	0.0	0.0	0.0	1.025012360997819	0.4957859687918904	0.315103193216767	0.4957859687918904	0.0	0.0	1.8785847981275194	0.0	0.315103193216767	2.6498545968174794	0.0	0.0	0.0	0.0	0.0	0.0	0.0	0.7212732976934145	0.0	0.0	0.0	3.902588565366788	0.315103193216767	0.0	0.0	0.0	0.0	0.0	0.0	0.0	0.315103193216767	0.0	0.0	0.0	0.0	0.0	0.0	0.0	0.0	0.0	0.0	0.0	0.0	0.0	0.6230023873555659	3.121454788239044	0.6230023873555659	0.8013594452295683	0.0	0.0	0.315103193216767	0.0	0.0	0.315103193216767	0.8013594452295683	1.5710051594367143	0.0
SRR11292197	0.5229595974887039	0.0	3.278945224062029	0.0	0.0	0.0	0.0	0.8347312045756591	0.8347312045756591	0.0	0.0	1.462509514249237	0.0	0.3358542972655767	0.0	0.0	0.0	0.0	0.0	0.9623143393091367	0.3358542972655767	0.0	0.0	0.0	0.0	0.0	0.3358542972655767	0.5229595974887039	0.0	0.0	0.5229595974887039	0.0	4.294328122657726	0.0	3.2894813907541565	0.0	0.0	0.0	0.0	0.0	0.7534227853413693	0.3358542972655767	0.0	0.0	0.0	0.0	0.0	0.0	0.0	0.0	1.3188687179434102	0.0	0.903191049900717	0.0	0.0	0.0	0.5229595974887039	1.0143447617256895	0.0	0.0	0.0	0.0	0.0	0.0	0.0	0.0	0.0	0.9623143393091367	0.0	0.6533023486333408	0.0	0.6533023486333408	0.0	0.0	1.4066511502052934	0.0	0.3358542972655767	0.0	0.0	0.0	0.0	0.0	0.0	3.34669659389178	1.7470069868401503	0.0	0.3358542972655767	0.0	0.5229595974887039	0.0	0.0	1.3863123580378403	0.0	0.0	0.0	0.0	0.5229595974887039	1.1410339922772588	0.0	0.0	0.0	0.0	0.0	0.0	0.0	0.0	2.6775701180489615	0.3358542972655767	0.0	0.3358542972655767	1.1410339922772588	0.0	0.0	0.0	0.0	0.0	0.0	1.2672809845710455	0.0	0.0	0.0	1.9050098488502636	0.0	0.0	2.6807528889500656	0.3358542972655767	0.0	1.2672809845710455	2.490073604240194	0.0	0.3358542972655767	0.0	0.0	0.0	0.0	0.0	0.5229595974887039	2.3992116237150465	0.3358542972655767	0.8347312045756591	0.0	3.5340569047840016	0.0	0.0	0.0	0.3358542972655767	0.0	0.0	0.0	0.0	0.0	0.0	0.0	0.0	0.903191049900717	0.0	0.0	0.0	0.0	0.0	0.0	0.5229595974887039	0.0	0.0	0.5229595974887039	0.3358542972655767	0.0	0.5229595974887039	0.0	0.0	0.3358542972655767	0.0	0.5229595974887039	0.0	0.0	0.0	0.0	0.0	0.0	0.0	0.0	0.0	0.0	0.0	0.0	0.0	0.0	0.3358542972655767	0.0	4.035398435095717	0.0	1.1410339922772588	0.0	0.0	0.0	2.1195904623659167	0.5229595974887039	0.0	0.0	0.0	0.0	0.0	0.0	0.0	0.0	0.0	1.8856636705159122	0.0	0.0	0.0	0.0	0.0	0.0	0.0	0.0	0.0	0.0	0.0	0.0	0.0	0.9623143393091367	0.0	0.0	0.0	1.208728839081234	1.1761990586555862	0.0	0.6533023486333408	0.3358542972655767	0.0	0.0	0.0	0.0	0.0	0.0	0.5229595974887039	0.0	0.0	0.0	0.0	0.0	0.0	0.903191049900717	0.8347312045756591	0.0	0.0	0.0	2.790400475411864	0.5229595974887039	0.3358542972655767	0.0	0.3358542972655767	0.0	2.2996948484687803	0.3358542972655767	0.0	0.3358542972655767	0.0	1.7091003666347366	0.0	0.0	0.903191049900717	0.0	1.238990924919787	0.0	0.0	0.0	0.0	1.7470069868401503	0.0	0.0	0.0	0.0	0.0	0.0	0.0	1.342532930102069	0.0	0.0	0.0	0.0	0.0	0.5229595974887039	0.0	0.6533023486333408	2.3567781104934733	0.0	0.0	3.1635749710565713	0.0	0.0	0.0	0.0	0.0	3.0721813921366046	0.0	0.0	0.0	0.0	0.0	0.0	0.0	0.0	0.0	1.3863123580378403	1.4961184117781792	0.0	0.0	0.0	0.3358542972655767	0.0	0.5229595974887039	0.0	0.0	0.0	0.0	0.0	0.0	0.0	0.0	2.9356226304010025	0.0	0.0	0.0	0.0	0.0	0.0	0.0	0.8347312045756591	0.0	0.0	0.0	3.047455174486415	0.3358542972655767	0.0	0.0	0.3358542972655767	0.0	0.3358542972655767	0.0	0.0	0.0	0.0	0.0	0.0	0.0	0.0	0.0	0.0	0.0	0.0	0.0	0.0	0.0	0.0	0.0	1.7284671219990801	0.0	0.903191049900717	0.0	0.0	0.0	0.0	0.0	0.9623143393091367	0.0	1.5119953061829212	0.0
SRR11292198	0.0	0.0	3.195060510501011	0.0	0.0	0.0	0.39288758525194717	0.0	0.7334583498534204	0.0	0.0	0.0	3.4551436791952987	0.9586099568688456	0.0	0.0	0.0	0.0	0.0	0.6700333948188246	0.2394351825276026	0.5060483980836026	0.0	0.0	0.0	0.0	0.2394351825276026	1.6473535353844453	0.2394351825276026	0.0	1.376609961290703	0.0	3.6200649944324246	0.0	0.39288758525194717	0.0	0.0	0.0	0.2394351825276026	0.0	2.610399131614678	0.0	0.0	0.0	0.0	0.0	0.0	0.0	0.0	0.0	1.5599787197520494	0.0	0.0	0.0	1.389827674866198	0.0	0.5060483980836026	0.0	0.0	0.0	0.0	0.0	0.0	0.0	0.0	0.0	0.0	0.2394351825276026	0.0	0.0	0.0	0.0	0.0	0.0	1.4026549618675146	0.0	0.39288758525194717	0.0	0.7334583498534204	0.0	0.39288758525194717	0.0	0.0	1.9750357612420846	1.8367663139913222	0.39288758525194717	0.0	0.0	1.1961995261667229	0.0	0.0	1.1304694306225833	0.0	0.2394351825276026	0.0	0.0	2.6974268575416014	0.5060483980836026	0.0	0.0	0.0	0.0	0.0	0.0	0.0	0.0	0.0	0.0	0.0	0.0	0.8378621684515755	0.0	0.0	0.0	0.0	1.2350719148103662	0.0	1.4935588531806174	0.0	0.0	0.0	0.5957352242610793	0.0	0.0	1.71393060417191	0.2394351825276026	0.0	0.5957352242610793	2.348565263828442	1.4390091398625415	1.2350719148103662	0.2394351825276026	0.0	0.0	0.39288758525194717	0.0	0.0	2.9895961808432387	0.5060483980836026	0.2394351825276026	0.0	0.5957352242610793	0.2394351825276026	0.0	0.0	0.6700333948188246	0.0	0.0	0.0	0.0	0.0	0.0	0.0	0.0	0.0	0.0	0.0	0.0	0.39288758525194717	0.0	0.0	0.2394351825276026	0.0	0.0	0.0	0.0	0.0	2.8602023311286127	0.0	0.0	0.2394351825276026	0.0	1.2350719148103662	0.0	0.0	0.0	0.0	0.0	0.0	0.0	0.0	0.0	0.0	0.0	0.0	0.0	0.0	0.2394351825276026	0.0	4.054110263819471	0.2394351825276026	2.4340569270624384	0.0	0.0	0.0	0.0	0.7334583498534204	0.0	0.0	0.0	0.0	0.0	0.0	0.0	0.0	0.0	1.415114227026336	0.0	0.0	0.0	0.0	0.0	0.0	0.0	0.0	0.2394351825276026	0.0	0.0	0.0	0.0	0.9586099568688456	0.0	0.0	0.0	0.9219683985556173	0.39288758525194717	0.0	0.39288758525194717	0.0	1.782321523889812	0.0	0.0	0.0	0.0	1.1961995261667229	0.0	0.0	0.0	0.0	0.0	0.0	0.0	2.750473105549971	2.498416049705178	0.2394351825276026	0.0	0.0	2.9954459679882497	1.4504810098183487	0.39288758525194717	0.0	0.2394351825276026	0.0	0.7334583498534204	0.5060483980836026	0.0	1.1535026672291298	0.0	0.9219683985556173	0.0	0.0	0.0	0.0	0.0	0.2394351825276026	0.39288758525194717	0.7887900510080337	0.39288758525194717	3.852229828520899	0.0	0.0	0.0	0.0	0.0	0.0	0.0	0.9219683985556173	0.0	0.0	0.0	0.0	0.0	0.2394351825276026	0.0	0.0	0.39288758525194717	0.39288758525194717	0.0	3.637191562453017	0.0	0.0	0.0	0.0	0.2394351825276026	3.7410522851352033	0.0	0.0	0.0	0.0	0.2394351825276026	0.0	0.0	0.0	0.0	0.5060483980836026	0.39288758525194717	0.0	0.0	0.0	0.0	0.0	0.8378621684515755	0.0	0.2394351825276026	0.0	0.0	0.0	0.5060483980836026	0.0	0.2394351825276026	3.438823734062361	0.39288758525194717	0.0	0.0	0.0	1.415114227026336	0.0	0.0	0.0	0.0	0.0	0.2394351825276026	3.4099751932244975	0.2394351825276026	0.0	0.0	0.0	0.2394351825276026	0.0	0.0	0.0	0.0	0.39288758525194717	0.0	0.0	0.0	0.0	0.0	0.0	0.2394351825276026	0.5060483980836026	0.0	0.0	0.0	0.0	0.6700333948188246	2.358472706178638	0.6700333948188246	0.39288758525194717	0.0	0.0	0.5060483980836026	0.0	0.0	0.0	0.8378621684515755	0.39288758525194717	0.0
SRR11292199	0.6468669253054882	0.35946034030483265	2.654540989391632	0.0	0.0	0.0	0.1551358271431227	0.1551358271431227	0.9190150701641968	0.35946034030483265	0.2692050557754042	0.4341477664134519	3.448136196577686	0.7576047832045802	0.1551358271431227	0.1551358271431227	0.0	0.0	0.0	0.0	0.0	0.0	0.0	0.0	0.0	0.0	0.0	1.7095488347790009	0.0	0.0	0.9409215326438571	0.0	3.955875452762696	0.0	2.3827928807465164	0.0	0.0	0.0	0.35946034030483265	0.0	3.4534193851495587	0.4978559750499234	0.0	0.0	0.0	0.0	0.0	0.0	0.0	0.0	1.4799376597612557	0.0	0.0	0.0	0.0	0.0	0.4341477664134519	0.35946034030483265	0.0	0.0	0.0	0.2692050557754042	0.0	0.0	0.0	0.0	0.0	0.6026444232584997	0.0	0.4978559750499234	0.0	0.0	0.0	0.0	0.7237354679047703	0.0	0.5534030384051394	0.0	0.9816745008100833	0.0	0.35946034030483265	0.0	0.1551358271431227	1.9598119066579642	1.5789063406629626	0.1551358271431227	0.0	0.0	1.0364229223467438	0.0	0.0	1.3986879407058026	0.4978559750499234	0.0	0.0	0.0	0.35946034030483265	0.9617758593846032	0.0	0.1551358271431227	0.4341477664134519	0.0	0.0	0.0	0.0	0.1551358271431227	0.0	0.0	0.0	0.0	0.4341477664134519	0.0	0.0	0.0	0.0	1.4799376597612557	0.0	1.2891798713008962	0.0	0.0	0.0	0.7237354679047703	0.0	0.0	1.5430485234085556	0.4978559750499234	0.0	0.35946034030483265	2.5634096250883878	0.1551358271431227	0.6468669253054882	0.0	0.0	0.0	0.7237354679047703	0.0	0.35946034030483265	3.3637725357577555	0.1551358271431227	0.4978559750499234	0.0	0.35946034030483265	0.0	0.0	0.0	0.0	0.0	0.0	0.0	1.1423965875516615	0.0	0.0	0.0	0.0	0.1551358271431227	0.0	0.0	0.0	0.35946034030483265	0.0	0.0	0.1551358271431227	0.0	0.0	0.2692050557754042	0.5534030384051394	0.0	2.204894185751761	0.0	0.0	0.4978559750499234	0.0	0.1551358271431227	0.0	0.1551358271431227	0.0	0.1551358271431227	0.0	0.0	0.0	0.0	0.4341477664134519	0.0	0.0	0.0	0.0	0.0	0.1551358271431227	0.0	4.033535861695631	0.2692050557754042	1.1930575359452789	2.120406039401694	0.0	0.0	0.1551358271431227	0.7576047832045802	0.0	1.8691610320316767	0.1551358271431227	0.0	0.0	0.0	0.0	0.0	0.0	2.0850935434832696	0.0	0.0	0.0	0.0	0.0	0.0	0.0	0.0	0.0	0.0	0.0	0.1551358271431227	0.0	0.7237354679047703	0.0	0.0	0.0	1.3757562919048494	0.2692050557754042	0.0	0.5534030384051394	0.0	0.6869996628274404	0.0	0.0	0.1551358271431227	0.1551358271431227	1.069428429035395	0.5534030384051394	0.0	0.0	0.0	0.0	0.0	0.0	0.0	1.9145834279010026	0.0	0.0	0.0	2.880365389088469	0.9617758593846032	1.307931000275342	0.1551358271431227	0.4341477664134519	0.0	1.4412101049879134	0.1551358271431227	0.0	0.9617758593846032	0.1551358271431227	1.9719140093773033	0.1551358271431227	0.0	0.0	0.2692050557754042	0.2692050557754042	0.2692050557754042	0.1551358271431227	0.1551358271431227	0.0	3.654129258176526	0.0	0.0	0.0	0.0	0.0	0.0	0.0	0.7576047832045802	0.1551358271431227	0.0	0.0	0.0	0.0	0.0	0.0	0.0	0.1551358271431227	0.4978559750499234	0.0	3.195847567675288	0.0	0.0	0.0	0.0	0.0	3.5971717293076404	0.0	0.0	0.1551358271431227	0.0	0.0	0.0	0.0	0.0	0.0	2.7596896042842376	0.35946034030483265	0.0	0.0	0.0	0.0	0.0	1.018929243446081	0.0	0.0	0.2692050557754042	0.0	0.0	0.9409215326438571	0.0	0.1551358271431227	3.5029327158798846	0.4978559750499234	0.0	0.1551358271431227	0.0	1.018929243446081	0.0	0.0	0.1551358271431227	0.1551358271431227	0.1551358271431227	0.0	3.5363441974709855	0.4978559750499234	0.0	0.0	0.1551358271431227	0.1551358271431227	0.0	0.1551358271431227	0.0	0.0	0.0	0.0	0.0	0.0	0.2692050557754042	0.0	0.0	0.1551358271431227	0.8959446408936012	0.0	0.0	0.0	0.0	1.2163314866699757	1.7131731365231782	0.7890227536832741	0.35946034030483265	0.0	0.0	0.2692050557754042	0.0	0.0	0.0	0.7576047832045802	0.2692050557754042	0.0
SRR11292201	0.0	0.0	0.2645897249955742	0.0	0.0	0.0	0.0	0.2645897249955742	1.757511940222145	0.0	0.7155997040527879	0.9726812515507776	0.0	0.0	0.0	0.0	0.2645897249955742	0.0	0.0	0.4278215541154915	0.0	0.0	0.0	0.0	0.0	0.0	0.0	2.0796977775374965	0.0	0.0	1.3890410608799355	0.5461849109280289	3.259877193522403	0.0	0.0	0.0	0.2645897249955742	0.0	0.0	0.0	3.233237572590724	0.2645897249955742	0.0	0.0	0.0	0.0	0.2645897249955742	0.0	0.0	0.0	0.9320323825940211	0.0	0.4278215541154915	0.0	0.0	0.0	0.2645897249955742	0.0	0.0	0.0	0.0	0.0	0.0	0.0	0.0	0.0	0.0	1.2891148240511163	0.0	0.4278215541154915	0.0	0.2645897249955742	0.0	0.0	1.0440850927134158	0.0	0.2645897249955742	0.0	0.5461849109280289	0.0	0.0	0.0	0.0	3.1598610154158173	1.5057501485238605	0.0	0.4278215541154915	0.0	0.4278215541154915	0.0	0.0	0.7155997040527879	0.0	0.0	0.0	0.0	0.8871822740847917	0.8871822740847917	0.0	0.0	0.0	0.0	0.0	0.0	0.0	0.0	0.4278215541154915	0.0	0.0	0.4278215541154915	0.0	0.0	0.0	0.0	0.0	0.7155997040527879	0.2645897249955742	1.1330758783724726	0.0	0.0	0.0	0.8871822740847917	0.0	0.0	2.6571307318838513	0.4278215541154915	0.0	1.2499482966267625	3.2668318022929927	0.7806199270711953	1.2068962595806987	0.0	0.0	0.0	0.7155997040527879	0.0	0.0	2.378916592367539	0.2645897249955742	0.5461849109280289	0.0	0.9320323825940211	0.0	0.0	0.0	0.0	0.0	0.4278215541154915	0.0	0.6391013734756708	0.0	0.0	0.0	0.0	0.7806199270711953	0.0	0.0	0.2645897249955742	0.0	0.0	0.0	0.0	0.0	0.0	0.5461849109280289	0.0	0.0	2.855334908408906	0.0	0.0	0.837161319692431	0.0	1.0440850927134158	0.0	0.0	0.0	0.5461849109280289	0.2645897249955742	0.0	0.0	0.0	0.0	0.0	0.0	0.0	0.0	0.0	0.0	0.0	4.2968054188026565	0.0	1.7445839863005304	0.0	0.0	0.0	0.0	0.4278215541154915	0.0	0.4278215541154915	0.2645897249955742	0.0	0.0	0.0	0.0	0.0	0.0	2.2401521484516844	0.0	0.0	0.0	0.0	0.0	0.0	0.0	0.0	0.0	0.0	0.2645897249955742	0.4278215541154915	0.0	0.7155997040527879	0.0	0.0	0.0	2.154718238012052	1.2891148240511163	0.0	0.0	0.0	0.8871822740847917	0.0	0.0	0.0	0.0	0.2645897249955742	0.7806199270711953	0.0	0.0	0.0	0.0	0.0	0.0	0.0	1.4702215475314429	0.0	0.0	0.0	3.019364392133419	0.6391013734756708	1.6413821528628767	0.0	0.0	0.0	0.2645897249955742	0.6391013734756708	0.0	0.0	0.4278215541154915	1.4178205786368734	0.0	0.0	0.5461849109280289	0.0	0.9726812515507776	0.4278215541154915	0.2645897249955742	0.0	0.0	1.8224599587669905	0.0	0.0	0.0	0.0	0.0	0.2645897249955742	0.0	1.1053900648452248	0.0	0.0	0.0	0.0	0.0	0.0	0.0	0.2645897249955742	0.2645897249955742	0.0	0.0	3.254637848591369	0.0	0.0	0.0	0.0	0.0	3.836596063381898	0.0	0.0	0.2645897249955742	0.0	0.0	0.0	0.0	0.0	0.0	1.4036691687277656	1.1330758783724726	0.0	0.0	0.0	0.0	0.5461849109280289	0.2645897249955742	0.5461849109280289	0.0	0.6391013734756708	0.0	0.0	0.5461849109280289	0.0	0.0	3.8495654249181994	0.0	0.0	0.0	0.0	0.0	0.0	0.0	0.6391013734756708	0.2645897249955742	0.0	0.0	2.1866856279111966	0.2645897249955742	0.0	0.0	0.0	0.0	0.0	0.0	0.0	0.0	0.0	0.0	0.0	0.0	0.0	0.0	0.0	0.0	0.2645897249955742	0.0	0.0	0.0	0.0	0.6391013734756708	3.3281327936688254	0.0	0.5461849109280289	0.0	0.0	0.0	0.0	0.0	0.0	0.0	1.0440850927134158	0.0
SRR11292202	0.3960430949950556	0.0	0.3960430949950556	0.0	0.0	0.0	0.0	0.0	1.0578079336883992	0.0	0.0	1.9413526395368554	0.3960430949950556	0.3960430949950556	0.0	0.0	0.0	0.3960430949950556	0.0	0.3960430949950556	0.0	0.0	0.0	0.0	0.0	0.0	0.0	0.0	0.0	0.0	1.2011524027117222	2.4754109111834413	3.9633982858392587	0.0	0.0	0.0	0.3960430949950556	0.0	0.0	0.0	0.7377739296278283	0.3960430949950556	0.0	0.0	0.0	0.0	0.0	0.0	0.0	0.3960430949950556	0.0	0.0	0.0	0.0	0.0	0.0	0.3960430949950556	0.0	0.0	0.0	0.0	0.0	0.0	0.0	0.0	0.0	0.0	1.6452652728782715	0.0	0.0	0.0	0.0	0.0	0.0	1.3680369214936516	0.0	0.3960430949950556	0.0	0.3960430949950556	0.0	0.0	0.0	0.0	2.412653784509269	1.4201996295336619	0.0	0.8423856201245904	0.0	0.5996875518127216	0.0	0.0	0.0	0.3960430949950556	0.0	0.0	0.0	0.0	0.3960430949950556	0.0	0.0	0.0	0.0	0.0	0.0	0.0	0.0	0.0	0.0	0.0	0.3960430949950556	0.5996875518127216	0.0	0.0	0.0	0.0	0.0	0.0	1.6303762080798363	0.0	0.0	0.0	1.5088149842256084	0.0	0.0	2.1303961318007882	0.3960430949950556	0.0	1.3680369214936516	2.2651949026684943	0.7377739296278283	1.2400534527403446	0.0	0.0	0.0	0.0	0.0	0.0	0.7377739296278283	0.0	1.0578079336883992	0.0	1.4201996295336619	0.0	0.0	0.0	0.8423856201245904	0.0	0.0	0.0	0.0	0.0	0.0	0.0	0.0	1.308742702213422	0.0	0.0	0.0	0.0	0.0	0.0	0.0	0.0	0.3960430949950556	0.0	0.0	0.0	3.0190589822394394	0.0	0.0	0.3960430949950556	0.0	1.2400534527403446	0.0	0.0	0.0	0.0	0.0	0.0	0.0	0.0	0.0	0.0	0.0	0.0	0.0	0.0	0.0	0.0	4.240281373374555	0.0	1.2011524027117222	0.0	0.0	0.0	0.0	0.3960430949950556	0.0	0.0	0.3960430949950556	0.0	0.0	0.0	0.0	0.0	0.0	2.6053677189198754	0.0	0.0	0.0	0.0	0.0	0.0	0.0	1.4882980470731773	0.0	0.0	0.0	0.0	0.0	0.8423856201245904	0.0	0.0	0.0	3.1573045857213753	0.0	0.0	0.9971515134040735	0.0	1.6596607653937125	0.0	0.0	0.0	0.0	0.5996875518127216	1.5651214581870119	0.0	0.0	0.0	0.0	0.0	0.0	0.0	1.2757546752251232	0.0	0.0	0.0	3.715460695613312	0.5996875518127216	0.3960430949950556	0.0	0.3960430949950556	0.0	1.2011524027117222	0.3960430949950556	0.0	0.3960430949950556	0.0	2.51469892140102	0.0	0.0	0.0	0.0	0.0	0.0	0.0	0.0	0.0	1.308742702213422	0.0	0.0	0.0	0.0	0.0	0.0	0.0	0.0	0.0	0.0	0.0	0.0	0.0	1.7714042278861286	0.0	0.0	0.3960430949950556	0.0	0.0	3.350078098843098	0.0	0.0	0.0	0.0	0.0	3.7640644997556647	0.0	0.0	0.0	0.0	0.0	0.0	0.0	0.0	0.0	0.8423856201245904	0.0	0.0	0.3960430949950556	0.0	0.0	0.0	0.0	0.0	0.0	0.0	0.0	0.0	1.894501172152749	0.0	0.0	2.8190067235901615	0.0	0.0	0.0	0.0	0.3960430949950556	0.0	0.0	0.0	0.0	0.0	0.0	0.3960430949950556	0.0	0.0	0.0	0.0	0.0	0.0	0.0	0.0	0.0	0.0	0.0	0.0	0.0	0.3960430949950556	0.0	0.0	0.0	0.0	0.0	0.0	0.0	0.0	1.4882980470731773	3.448160791085319	0.0	0.0	0.0	0.0	0.0	0.0	0.0	0.3960430949950556	0.0	0.9971515134040735	0.0
SRR11292203	0.6856678881127557	0.0	2.7774743955201933	0.0	0.0	0.0	0.29276403952738456	0.4660646448338866	1.0454827882452256	0.0	0.29276403952738456	0.640285455807379	3.719468203100824	0.3880018130388679	0.0	0.17059813914447322	0.17059813914447322	0.0	0.0	0.0	0.0	0.17059813914447322	0.0	0.0	0.0	0.0	0.0	0.5896013011508542	0.0	0.0	0.9850061017691715	1.2018217727387006	3.4866951067094982	0.0	0.0	0.0	0.0	0.0	0.3880018130388679	0.0	2.8061549380654722	0.4660646448338866	0.0	0.0	0.17059813914447322	0.0	0.0	0.0	1.1747359025319906	0.0	0.8308299983386792	0.0	0.3880018130388679	0.0	0.0	0.0	0.0	1.0985581051650435	0.0	0.0	0.0	0.0	0.0	0.0	0.0	0.0	0.0	0.7642859387616634	0.0	0.3880018130388679	0.0	0.0	0.0	0.0	1.1458477253834816	0.0	0.5896013011508542	0.4660646448338866	0.640285455807379	0.0	0.0	0.0	0.29276403952738456	1.7119794484241397	2.156608166711406	0.0	0.3880018130388679	0.0	0.914724056531104	0.0	0.0	1.2851877286355005	0.17059813914447322	0.0	0.0	0.0	0.29276403952738456	0.79883123678397	0.0	0.0	0.0	0.0	0.0	0.0	0.0	0.0	1.0061146751734424	0.17059813914447322	0.0	0.0	0.4660646448338866	0.0	0.0	0.0	0.0	0.8606320250677475	0.0	1.9496333675706055	0.0	0.0	0.0	1.130649558223355	0.0	0.0	2.0973819380724885	0.17059813914447322	0.29276403952738456	0.5322108000755232	3.771867695747015	0.0	0.9850061017691715	0.0	0.0	0.17059813914447322	1.0985581051650435	0.0	0.17059813914447322	2.1341843900393305	0.0	1.2513983098053858	0.0	3.185125039091819	0.0	0.0	0.0	0.0	0.0	0.0	0.0	0.17059813914447322	0.0	0.0	0.0	0.0	0.29276403952738456	0.0	0.0	0.0	0.17059813914447322	0.0	0.0	0.29276403952738456	0.0	0.0	0.29276403952738456	0.0	0.0	2.3562918075985797	0.0	0.0	0.17059813914447322	1.7317995036083587	0.29276403952738456	0.0	0.17059813914447322	0.0	0.0	0.0	0.0	0.0	0.0	0.0	0.0	0.0	0.0	0.0	0.0	0.0	0.0	4.172630645152014	0.17059813914447322	0.7267534663241738	0.640285455807379	0.0	0.0	0.0	0.17059813914447322	0.0	0.0	0.0	0.0	0.0	0.0	0.0	0.0	0.0	2.1417883549455956	0.0	0.0	0.0	0.0	0.0	0.0	0.0	0.0	0.0	0.0	0.0	0.0	0.0	0.3880018130388679	0.0	0.17059813914447322	0.0	1.905197930578744	0.4660646448338866	0.0	1.6368982136715964	0.29276403952738456	0.5896013011508542	0.0	0.0	0.0	0.0	0.29276403952738456	0.17059813914447322	0.0	0.0	0.0	0.0	0.0	0.0	0.17059813914447322	1.6511264644940498	0.0	0.0	0.0	2.866423335561742	0.6856678881127557	1.3905147144277554	0.0	0.17059813914447322	0.0	1.0985581051650435	0.3880018130388679	0.0	0.8308299983386792	0.640285455807379	2.0005046394209693	0.17059813914447322	0.0	0.0	0.0	0.29276403952738456	0.0	0.17059813914447322	0.0	0.0	3.0592337531283222	0.0	0.0	0.0	0.0	0.17059813914447322	0.0	0.17059813914447322	0.7642859387616634	0.0	0.0	0.0	0.0	0.0	0.0	0.0	0.3880018130388679	0.0	0.6856678881127557	0.0	3.2815141350011157	0.0	0.0	0.0	0.0	0.0	3.9783959212789104	0.0	0.0	0.0	0.0	0.0	0.0	0.0	0.17059813914447322	0.0	1.1747359025319906	0.5322108000755232	0.0	0.17059813914447322	0.0	0.0	0.0	0.640285455807379	0.8885196525036778	0.9394369127623575	0.3880018130388679	0.0	0.0	0.914724056531104	0.0	0.0	2.495910973736866	0.5896013011508542	0.0	0.0	0.0	2.05533390090397	0.0	0.17059813914447322	0.0	0.0	0.0	0.29276403952738456	2.81037906207669	0.17059813914447322	0.0	0.0	0.0	0.0	0.17059813914447322	0.17059813914447322	0.0	0.0	0.17059813914447322	0.0	0.0	0.0	0.29276403952738456	0.0	0.0	0.0	0.0	0.29276403952738456	0.0	0.0	0.0	0.640285455807379	2.547428111929197	1.2018217727387006	0.17059813914447322	0.0	0.0	0.3880018130388679	0.0	0.0	0.0	0.640285455807379	0.5322108000755232	0.0
SRR11292204	0.0	0.0	0.0	0.0	0.0	0.0	0.0	0.5117372383146341	0.7401899937899341	0.0	0.0	0.0	3.9040851363808313	0.0	0.0	0.0	0.0	0.5117372383146341	0.0	0.0	0.0	0.0	0.0	0.0	0.0	0.0	0.0	0.0	0.0	0.0	0.8891178627851666	0.0	3.791690032246714	0.0	0.0	0.0	0.0	0.0	0.0	0.0	2.0958311648872265	0.0	0.0	0.0	0.0	0.0	0.0	0.0	0.0	0.0	0.0	0.0	0.0	0.0	0.0	0.0	0.0	0.0	0.0	0.0	0.0	0.0	0.0	0.0	0.0	0.0	0.0	0.0	0.0	0.0	0.0	0.0	0.0	0.0	2.037217353082688	0.0	0.0	0.0	0.0	0.0	0.0	0.0	0.0	2.7558545823401093	0.8891178627851666	0.0	0.0	0.0	0.0	0.0	0.0	2.147466745110533	0.7401899937899341	0.0	0.0	0.0	0.0	0.5117372383146341	0.0	0.0	0.0	0.0	0.0	0.0	0.0	0.0	0.0	0.0	0.0	0.0	0.0	0.0	0.0	0.0	0.0	0.7401899937899341	0.0	1.947959658830715	0.0	0.0	0.0	0.7401899937899341	0.0	0.0	0.9998100309477065	0.0	0.0	0.0	2.4105669714559546	0.0	0.7401899937899341	0.0	0.0	0.0	0.8891178627851666	0.0	0.7401899937899341	2.9490571521156617	0.0	0.0	0.0	0.0	0.0	0.0	0.0	0.7401899937899341	0.0	0.0	0.0	0.0	0.0	0.0	0.0	0.0	0.0	0.0	0.0	0.0	0.0	0.0	0.0	0.0	0.0	0.0	0.0	0.0	0.0	0.8891178627851666	0.0	0.0	0.0	0.0	0.0	0.0	0.0	0.0	0.0	0.0	0.0	0.0	0.0	0.0	0.0	0.0	0.0	0.0	0.0	0.0	0.0	4.158249431691323	0.0	0.7401899937899341	0.0	0.0	0.0	0.7401899937899341	0.0	0.0	0.5117372383146341	0.0	0.0	0.0	0.0	0.0	0.0	0.0	1.7904292992236452	0.0	0.0	0.0	0.0	0.0	0.0	0.0	0.0	0.0	0.0	0.0	0.0	0.0	0.0	0.0	0.0	0.0	1.805972191071898	0.0	0.0	0.5117372383146341	0.0	0.5117372383146341	0.0	0.0	0.0	0.0	0.0	0.0	0.0	0.0	0.0	0.0	0.0	0.0	0.0	1.4805212766859113	0.0	0.0	0.0	2.11122110343324	0.0	0.5117372383146341	0.0	0.0	0.0	0.0	0.0	0.0	0.8891178627851666	0.5117372383146341	2.588621187896412	0.0	0.0	0.0	0.0	0.0	0.0	0.0	0.0	0.0	2.0189072290003036	0.0	0.0	0.0	0.0	0.0	0.0	0.0	0.0	0.0	0.0	0.0	0.0	0.0	0.0	0.0	0.0	0.0	0.0	0.0	3.7234908520253125	0.0	0.0	0.0	0.0	0.0	3.56454378312558	0.0	0.0	0.0	0.0	0.0	0.0	0.0	0.0	0.0	0.9998100309477065	0.0	0.0	0.0	0.0	0.0	0.0	1.5679963484760424	0.0	0.0	0.0	0.0	0.0	1.0879422418634666	0.0	0.0	2.6248445100179074	0.0	0.0	0.0	0.0	1.4805212766859113	0.0	0.0	0.0	0.0	0.0	0.0	2.679217256457983	0.0	0.0	0.0	0.0	0.5117372383146341	0.0	0.7401899937899341	0.0	0.0	0.0	0.0	0.0	0.0	0.0	0.0	0.0	0.0	0.0	0.0	0.0	0.0	0.0	0.0	3.8194973600016375	0.8891178627851666	0.0	0.0	0.0	0.0	0.0	0.0	0.0	0.5117372383146341	0.0	0.0
SRR11292205	0.0	0.0	0.9383757562412699	0.0	0.0	0.0	0.35784350382427926	0.35784350382427926	0.5513329931445365	0.0	0.9383757562412699	1.4646303824451659	0.0	0.9383757562412699	0.35784350382427926	0.35784350382427926	0.0	0.0	0.0	0.6847162677437799	0.0	0.0	0.0	0.0	0.0	0.0	0.0	1.5183561532318703	0.0	0.0	1.3570166899158163	0.35784350382427926	3.212142202866689	0.0	0.5513329931445365	0.0	0.0	0.0	0.0	0.0	0.7866152958846653	1.6843269391348026	0.0	0.0	0.0	0.0	0.0	0.0	0.0	0.0	1.8041156028447374	0.0	0.6847162677437799	0.0	0.0	0.0	0.0	0.0	0.0	0.0	0.0	0.0	0.0	0.0	0.0	0.0	0.0	0.7866152958846653	0.0	0.5513329931445365	0.0	0.5513329931445365	0.0	0.0	0.9383757562412699	0.0	0.5513329931445365	0.0	0.0	0.5513329931445365	0.7866152958846653	0.0	0.0	2.4430695539493112	1.67267719261341	0.0	0.0	0.0	1.139728161236355	0.0	0.0	0.0	0.0	0.0	0.0	0.0	0.0	0.35784350382427926	0.0	0.0	0.0	0.0	0.0	0.0	0.0	0.0	0.0	0.0	0.0	0.0	2.4645657813539823	0.0	0.35784350382427926	0.0	0.0	0.6847162677437799	0.0	0.0	0.0	0.0	0.0	0.6847162677437799	0.0	0.0	3.2331076917742085	0.0	0.0	1.8456815100182804	2.2366776744327934	0.0	0.5513329931445365	0.35784350382427926	0.0	0.0	0.5513329931445365	0.0	0.35784350382427926	2.5554158072051485	0.35784350382427926	0.0	0.0	2.9526299060783994	0.0	0.0	0.0	0.0	0.0	0.0	0.0	0.0	0.0	0.0	0.0	0.0	0.7866152958846653	0.0	0.0	0.35784350382427926	0.0	0.0	0.0	1.4646303824451659	0.0	0.0	0.5513329931445365	0.0	0.0	2.8032127031021066	0.0	0.0	0.0	0.35784350382427926	0.0	0.0	0.0	0.0	0.0	0.35784350382427926	0.0	0.0	0.0	0.0	0.0	0.0	0.0	0.0	0.0	0.9981129599637075	0.0	3.722658730716036	0.0	1.0506180720276934	0.0	0.0	0.0	0.0	0.35784350382427926	0.0	0.0	0.0	0.0	0.0	0.0	0.0	0.0	0.0	2.359369931881247	0.0	0.0	0.0	0.0	0.0	0.0	0.0	0.0	0.35784350382427926	0.0	0.35784350382427926	0.0	0.0	0.5513329931445365	0.0	0.0	0.0	3.048450117942259	1.2767670155278024	0.0	0.0	0.7866152958846653	0.5513329931445365	0.6847162677437799	0.0	0.0	0.0	0.7866152958846653	0.0	0.0	0.0	0.0	0.0	0.0	0.0	0.35784350382427926	1.8836143698279229	0.0	0.0	0.0	2.079164624136971	0.9383757562412699	0.6847162677437799	0.0	0.5513329931445365	0.0	0.5513329931445365	0.35784350382427926	0.0	0.35784350382427926	0.0	0.0	0.0	0.0	0.9383757562412699	0.0	1.55080361061194	0.0	0.0	0.0	0.0	4.369042010064144	0.0	0.0	0.0	0.0	0.0	0.0	0.0	1.4646303824451659	0.0	0.0	0.0	0.0	0.35784350382427926	0.0	0.0	0.7866152958846653	0.7866152958846653	0.35784350382427926	0.0	3.0558422783244032	0.0	0.0	0.0	0.0	0.0	3.2692475648528925	0.0	0.0	0.0	0.0	0.0	0.0	0.0	0.0	0.0	0.8690909938647438	1.305196707845062	0.0	0.0	0.0	0.0	0.0	0.35784350382427926	0.0	0.0	0.0	0.0	0.0	0.7866152958846653	0.0	0.0	2.2766674473168664	0.0	0.0	0.0	0.0	1.55080361061194	0.0	0.0	1.0974546093899047	0.0	0.0	0.0	2.8915087281295913	0.35784350382427926	0.0	0.0	0.0	0.35784350382427926	0.0	0.0	0.0	0.0	0.0	0.0	0.0	0.0	0.0	0.0	0.0	0.0	0.0	0.0	0.0	0.0	0.0	0.5513329931445365	3.8614553398370437	0.0	1.3570166899158163	0.0	0.0	0.0	0.0	0.0	0.0	0.6847162677437799	1.8688363845777927	0.0
SRR11292206	0.0	0.0	2.528598813482559	0.0	0.0	0.0	0.0	0.0	0.9764309476585487	0.0	0.382370272985809	0.7189899219262272	3.064011478170285	0.7189899219262272	0.0	0.0	0.0	0.382370272985809	0.0	0.0	0.0	0.0	0.0	0.0	0.0	0.0	0.0	1.345950073636886	0.0	0.0	1.0897528215694643	0.0	4.119760568304642	0.0	0.0	0.0	0.23197405687749156	0.0	0.7739226589900723	0.0	1.3023628150637518	0.23197405687749156	0.0	0.0	0.0	0.0	0.0	0.0	0.0	0.0	2.026088083087752	0.0	0.0	0.0	0.0	0.0	0.5825090145877379	0.0	0.0	0.0	0.0	0.0	0.0	0.0	0.0	0.0	0.23197405687749156	1.1369629622277149	0.0	0.23197405687749156	0.0	0.0	0.0	0.0	1.345950073636886	0.0	0.5825090145877379	0.0	0.0	0.0	0.5825090145877379	0.0	0.0	2.1239115538493447	0.23197405687749156	0.0	0.23197405687749156	0.0	0.49386795295737884	0.0	0.0	1.4553510681546198	0.0	0.23197405687749156	0.0	0.0	0.382370272985809	0.49386795295737884	0.0	0.0	0.0	0.0	0.0	0.0	0.0	0.0	0.382370272985809	0.0	0.23197405687749156	0.382370272985809	0.49386795295737884	0.0	0.0	0.0	0.0	1.236475563434435	0.0	1.3727532589600937	0.0	0.0	0.0	0.23197405687749156	0.0	0.0	2.484694918295386	0.7739226589900723	0.0	1.345950073636886	2.7069787443395277	0.382370272985809	1.331901498399273	0.0	0.0	0.0	0.5825090145877379	0.0	0.23197405687749156	2.9338749830809725	0.49386795295737884	0.7739226589900723	0.0	1.4444704166120914	0.0	0.0	0.0	0.23197405687749156	0.0	0.0	0.0	0.49386795295737884	0.0	0.0	0.0	0.0	0.0	0.0	0.0	0.0	0.23197405687749156	0.0	0.23197405687749156	0.23197405687749156	0.0	0.23197405687749156	0.23197405687749156	0.23197405687749156	0.0	1.036777626897421	0.0	0.0	0.382370272985809	0.0	0.6560888435311715	0.0	0.23197405687749156	0.0	0.23197405687749156	0.0	0.0	0.0	0.0	0.0	0.0	0.0	0.0	0.0	0.0	0.382370272985809	0.0	4.129266720000794	0.0	1.1139990757458242	0.0	0.0	0.0	0.23197405687749156	0.6560888435311715	0.0	0.0	0.23197405687749156	0.0	0.0	0.0	0.0	0.23197405687749156	0.0	2.0647380105068045	0.0	0.0	0.0	0.0	0.0	0.0	0.0	0.0	0.0	0.0	0.0	0.0	0.0	0.9764309476585487	0.23197405687749156	0.0	0.0	2.398306586792021	1.1587733412810426	0.0	0.23197405687749156	0.0	0.49386795295737884	0.0	0.0	0.0	0.0	0.7739226589900723	1.007651616867037	0.0	0.0	0.0	0.0	0.0	0.0	0.0	2.304271721576562	0.0	0.0	0.0	2.799360268102235	1.3173832437581157	0.49386795295737884	0.0	0.23197405687749156	0.0	1.8374250787060384	0.382370272985809	0.0	0.23197405687749156	0.382370272985809	1.8462510288738443	0.5825090145877379	0.0	0.0	0.0	0.5825090145877379	0.0	0.0	0.0	0.0	2.982464572446631	0.0	0.23197405687749156	0.0	0.0	0.0	0.0	0.0	0.9427908267142682	0.0	0.0	0.0	0.0	0.23197405687749156	0.0	0.0	0.0	0.23197405687749156	0.382370272985809	0.0	3.288664597256185	0.0	0.0	0.0	0.0	0.0	3.830494284594288	0.0	0.0	0.0	0.0	0.0	0.0	0.0	0.0	0.0	0.9063245222074249	0.6560888435311715	0.0	0.0	0.0	0.0	0.0	2.0202747886482895	0.382370272985809	0.382370272985809	0.0	0.0	0.0	0.23197405687749156	0.0	0.382370272985809	3.00486199724348	0.0	0.0	0.0	0.0	0.0	0.0	0.0	0.23197405687749156	0.0	0.0	0.0	3.639740157444746	0.7189899219262272	0.0	0.0	0.0	0.0	0.23197405687749156	0.23197405687749156	0.0	0.23197405687749156	0.0	0.0	0.0	0.0	0.0	0.0	0.0	0.0	0.5825090145877379	0.0	0.0	0.0	0.0	0.7189899219262272	3.0849308609692083	0.8665132489828162	0.382370272985809	0.0	0.0	0.382370272985809	0.0	0.0	0.0	0.382370272985809	1.1993599106104984	0.0
