"Model_1"	"Model_2"	"Model_3"	"Model_4"	"Model_5"	"Model_6"	"Model_7"	"Model_8"	"Model_9"	"Model_10"	"Model_11"	"Model_12"	"Model_13"	"Model_14"	"Model_15"	"Model_16"	"Model_17"	"Model_18"	"Model_19"	"Model_20"	"Model_21"	"Model_22"	"Model_23"	"Model_24"	"Model_25"	"Model_26"	"Model_27"	"Model_28"	"Model_29"	"Model_30"	"Model_31"	"Model_32"	"Model_33"	"Model_34"	"Model_35"	"Model_36"	"Model_37"	"Model_38"	"Model_39"	"Model_40"	"Model_41"	"Model_42"	"Model_43"	"Model_44"	"Model_45"	"Model_46"	"Model_47"	"Model_48"	"Model_49"	"Model_50"	"Model_51"	"Model_52"	"Model_53"	"Model_54"	"Model_55"	"Model_56"	"Model_57"	"Model_58"	"Model_59"	"Model_60"	"Model_61"	"Model_62"	"Model_63"	"Model_64"	"Model_65"	"Model_66"	"Model_67"	"Model_68"	"Model_69"	"Model_70"	"Model_71"	"Model_72"	"Model_73"	"Model_74"	"Model_75"	"Model_76"	"Model_77"	"Model_78"	"Model_79"	"Model_80"
"SRR36103410"	0.476586386994545	0.173580570998792	0.162691251664321	0.204746783455488	0.487811443459536	0.137784919587332	0.451665051721826	0.244100411391653	0.270903754312082	0.299182205964292	0.526037880120449	0.266719065619793	0.368219354386468	0.776838628210007	0.110792340835017	0.262726241356122	0.147732156201151	0.531424527650597	0.203252716155744	0.606450026395095	0.253535890336329	0.395074332419222	0.464770030525114	0.438121784841293	0.139121271386152	0.50213733405312	0.221317695418179	0.243834166206037	0.191973548812609	0.208867976598452	0.27970237138574	0.475390207159482	0.131273987927665	0.28572176005936	0.306987988146523	0.418711784253098	0.198618183758115	0.418688403828392	0.323101427720917	0.127066767756804	0.132771996579188	0.507608003139349	0.249626967494657	0.361067987210904	0.181237443647718	0.561189497534405	0.33138794742942	0.329507272494128	0.694971969286449	0.509185730982548	0.631881968499742	0.428043370727842	0.724802958711311	0.230120970729194	0.451907648942772	0.235322028420908	0.822662521225811	0.169455414203177	0.151162543563135	0.280414917258012	0.228962990503517	0.395677491410809	0.2349805480779	0.755154029598442	0.497408474752705	0.0502352430980813	0.213979403173576	0.568982789986597	0.466685875261057	0.484834847465071	0.434915148864931	0.320149273997316	0.893942087127356	0.341645795867363	0.473223443456238	0.330468197605883	0.321807877182959	0.492026316169666	0.638057040306969	0.178960309961561
"SRR36103409"	0.976207828952108	0.980024207146212	0.986665328611815	0.916248439557167	0.0307469062122508	0.993636765411577	0.98221672890308	0.989011634618933	0.910919166707079	0.983200160169261	0.971044640786613	0.457780448660606	0.968641174788944	0.971434278310214	0.983785592397659	0.986678271520048	0.99846905171804	0.343556143393893	0.958980953327312	0.999291460757579	0.98379420607592	0.991219276100708	0.788904627095819	0.981553616889121	0.897585993922682	0.811904416633507	0.82131065669811	0.994725631720762	0.979582368027579	0.979046333780054	0.992093213264274	0.999783692830049	0.961520271237867	0.984960658766531	0.97647819570599	0.99093108468041	0.955297036391657	0.925470348724331	0.954103093193883	0.997194699150287	0.997767791569686	0.884347431506076	0.878663962289499	0.996175399078475	0.989742941058932	0.983556261838146	0.964507925498796	0.996039612457913	0.966942947422052	0.977468202424839	0.852337627937486	0.908994647123015	0.927671962226685	0.997739590487441	0.997921225114222	0.981910396024508	0.986833932337883	0.970815475828119	0.975962628627598	0.71174241294327	0.998863225126984	0.98293324277554	0.972202357405006	0.972554635441879	0.940158059832438	0.969420654099785	0.973934656354281	0.993145414858116	0.938320856932548	0.998973254311579	0.965966447823117	0.994281261240133	0.999732807253221	0.993412424046783	0.993372135319225	0.999514627095226	0.957380873212285	0.987276221094453	0.981974954046842	0.563971415136511
"SRR36103388"	0.998201892980716	0.974348103920763	0.98144157997148	0.997977596926714	0.995329963218544	0.982613837349442	0.99853006482146	0.950560339149526	0.996537958033579	0.999029906193247	0.998372147750053	0.89221975536178	0.993072569693096	0.999667064011191	0.983336254249534	0.991236198660456	0.99556637627427	0.999672248859988	0.988783612789047	0.999739843175656	0.951502204892979	0.993252748429883	0.98961567012053	0.986267769622445	0.994146503988714	0.985390598191871	0.988503787930911	0.940910352039362	0.99668705485575	0.952231987762164	0.993304996786106	0.999721743713677	0.952442695531244	0.96644297458895	0.983987529496125	0.998758225471381	0.887227293016744	0.988400276643693	0.9965590568529	0.997271185557634	0.992295008960641	0.981360192308781	0.995503883779002	0.999179221246288	0.999284463718543	0.996832311859256	0.997990677477419	0.997552116848433	0.969137076431118	0.988849229675793	0.965386785656254	0.98489328137958	0.997036228645428	0.98312759917349	0.996509746012605	0.997442701220458	0.992143262479584	0.955058304245349	0.987703543929784	0.840490034957413	0.997969228230915	0.999190559474943	0.972379023145733	0.994645034270279	0.914288596441333	0.988348982431625	0.999761967928178	0.998639458850787	0.993415555301872	0.999368175403143	0.994415479827625	0.999004768414238	0.99979120127736	0.995728956680048	0.998985709251285	0.995497250777873	0.994886957692812	0.997426861017758	0.997450574844931	0.977954781463649
"SRR36103348"	0.00757070665507014	0.0134575114707739	0.0230796465606502	0.00326108689605842	0.0372212899916248	0.0294532157930089	0.0798529997585526	0.0401508976432759	0.00713044938510535	0.0459870290961718	0.0530535399452185	0.0536950743609683	0.0942881666651789	0.0357290179313618	0.0495061385663258	0.368914436542931	0.0739981717103086	0.0361018279663988	0.0478745263892359	0.143109025312761	0.044596436702472	0.0607349471220694	0.067020346815164	0.0320035282877467	0.0199975423673044	0.0545674058922733	0.0356413029670752	0.0261859290387725	0.0176867857593084	0.0662020529613279	0.0397644461592449	0.0716698693993919	0.0328778477431707	0.065120951910453	0.0498423247007943	0.0289163575366077	0.133962866630607	0.0314141518658576	0.0629887643010829	0.205097110500616	0.0344245815861494	0.0331246629405146	0.0143288223694004	0.0483059295967707	0.0323599329521389	0.042693098309755	0.0095756579040824	0.0688009567505595	0.159280537482658	0.0423522764181114	0.0256046670857491	0.247147165233678	0.152893164930991	0.100706083936311	0.00964743897785537	0.0880568273152829	0.291875897745737	0.0410174661094875	0.0545459446082621	0.0539174247784751	0.376904399213956	0.0372495978619055	0.0471143165157298	0.126566850399299	0.122112056813824	0.00819994350423676	0.0205713496417317	0.140368562591026	0.086539518977563	0.0473723356349859	0.0993471984655866	0.0308672653450117	0.0802911685989211	0.143054319874535	0.186530136412479	0.0394957503619838	0.0315446394388736	0.0632964602715727	0.125246158166328	0.0765898953039008
"SRR36103347"	0.996880910363581	0.981851204215765	0.978683847423998	0.999668379129472	0.999980986656788	0.996603296051269	0.999486387720857	0.996496813779367	0.999140472204864	0.999600693890459	0.999274682455097	0.995295094481145	0.99432246280996	0.998722083838888	0.985208757801762	0.999428044282983	0.999760493847498	0.999166040983588	0.999548737468562	0.999901098407875	0.999040110566813	0.999554417063195	0.999624814734329	0.996701497986442	0.995070812186235	0.998218966013074	0.99256282047963	0.998303867482669	0.999363297439768	0.990359710571935	0.998064273248183	0.999966141175772	0.997012002811599	0.982834563543898	0.998092571497855	0.999908663188891	0.992551566852269	0.995737776486416	0.996692490281667	0.998808870878516	0.995098812235365	0.987693930252974	0.999016071601433	0.999197543222443	0.999853761276561	0.998174097758712	0.999007985761385	0.999853991740128	0.999796060130401	0.999292299403774	0.997581668706216	0.998993467414895	0.999718110470964	0.999911774047793	0.999748951825384	0.998007789445925	0.999813059715388	0.97954926253873	0.964784246726665	0.981718420079122	0.999950395536679	0.999888867357421	0.999649027948299	0.999449230077547	0.995727687693667	0.999828812450072	0.999433961299549	0.99963138802002	0.999726014141091	0.999860450253045	0.999941580321925	0.999389327799091	0.999980699940107	0.999717447549445	0.999559432542132	0.999846897681915	0.998652246425242	0.999696097190102	0.997364845571307	0.991540878463033
"SRR36103352"	0.00287831061869037	0.00594070300935936	0.00472282461290786	0.000418347827978715	0.000706142985958834	0.0247817339320207	0.00341584951376857	0.00544366697848229	0.000885633116645573	0.0024239228308157	0.00801343317168824	0.00222835307173491	0.0075684964394771	0.00152360522722872	0.0136466052748439	0.00835589429861528	0.00204710569753396	0.00102086565406366	0.0111605492134761	0.00201609014199767	0.00482404396888967	0.00723878107117008	0.0030266862212444	0.00388045695499133	0.00210010609699711	0.0125537557326297	0.0113315876161701	0.000973408824025764	0.000938638057768828	0.0231188368860738	0.00560038470029526	0.000267448476021482	0.00116611514291024	0.0486837156180994	0.00247443112563535	0.0011311672546886	0.0865603323405801	0.000657096176826292	0.00227171458155942	0.00399948395319701	0.0025466798319001	0.00693514385400556	0.00206165590007853	0.00321215169369304	0.00429244050295769	0.000292708148397401	0.000299628862581257	0.011099507674923	0.0700256138807775	0.00651292396718908	0.00802493129653528	0.0421337345197893	0.00665086396580125	0.000456462643500775	0.000718268011476195	0.00172390452693754	0.00572515169299503	0.00909818417570769	0.00707681010543237	0.0171287069466848	0.00220141209434482	0.00402074158481028	0.00550059952183965	0.0875025338751699	0.0243320773200277	0.0114131571362902	0.000280388550827984	0.00615332732338456	0.000640961724147614	0.00186386794278584	0.00161241026688462	0.00069517180922176	0.00278719418594224	0.00453771894496714	0.00342352545493868	0.000541169504487027	0.00498016831781223	0.00802230819523395	0.00955979592730207	0.0334810023604855
"SRR36103351"	0.808912778524188	0.700153384744524	0.879317885024795	0.396779410547997	0.501944579742041	0.898716312963929	0.60362918810764	0.514725503515505	0.561461131848858	0.771538025424134	0.788717155139745	0.430273557698122	0.498605399676729	0.58914526718541	0.816351388778208	0.914818231625091	0.347392380933506	0.626541282557571	0.853891360106041	0.913192031147892	0.544576720114939	0.866573212814061	0.725525334797094	0.688682627766703	0.448108718198323	0.378116468626702	0.624369030512425	0.424793628064375	0.677686541392586	0.702122287429961	0.661857364061898	0.670268232253582	0.25109510802776	0.781812846317271	0.65122584863983	0.791907821421703	0.780109688561134	0.556713322819808	0.609116351026589	0.548886923800952	0.624282024292038	0.383649838772328	0.414409681940383	0.83597764839948	0.325785617757447	0.477145229372695	0.435891412858711	0.868679636586704	0.917225595983337	0.754681134665636	0.739393313245905	0.741959111862769	0.599555057038931	0.533486579640459	0.724486429483511	0.476686240265824	0.902827913005418	0.668128776166221	0.534547607409469	0.29506304504109	0.703425791655882	0.673506880421218	0.683603386041458	0.793289668244434	0.598715887315541	0.738453418247581	0.53742049008731	0.81677157938254	0.881904256802445	0.757477129337521	0.361885251175584	0.476939133857237	0.974110474640198	0.736296862896506	0.798775990835996	0.839385975781027	0.728216433420327	0.715692605656605	0.671804762371638	0.36353032868719
"SRR36103339"	0.0433475720101216	0.234005858044366	0.398398532435935	0.472425132667423	0.311225826114086	0.245802798765877	0.61868945172998	0.263638119360602	0.751565968235142	0.831101592937927	0.932177216031313	0.0387881916913669	0.689250330188235	0.651058674149066	0.377720812568777	0.621446130217685	0.523025540269433	0.878799446651209	0.835595860838211	0.92144743633543	0.296403222957401	0.919144737743992	0.197608448609379	0.316820698656928	0.278469875696268	0.574776121101269	0.291117737273724	0.269182233944722	0.932624090873297	0.130186812913261	0.798225205558581	0.394153217051228	0.121160766968684	0.263172331497065	0.222685621834204	0.917628619202097	0.298241464770577	0.432112050319406	0.541501443761429	0.898481673198007	0.308711683226971	0.588548195712024	0.8344817575665	0.916369557530169	0.778795657450281	0.190465851989819	0.68206977970612	0.939108867817681	0.306605257647853	0.368740582285218	0.187682008898578	0.435987649435316	0.799443859899106	0.195705237867436	0.366630887685953	0.870907744029343	0.434024630364297	0.137602722486613	0.181778848106507	0.177334576266062	0.561414791095901	0.926637405971713	0.271016509494339	0.432909157341482	0.520004103218686	0.0815193063713598	0.894238540960732	0.584227892021058	0.281854197826613	0.965301725796095	0.481684449499635	0.687524987318641	0.85213785427835	0.875393362867594	0.791218951917923	0.550333106140189	0.646145181591691	0.716412903746495	0.588225376838732	0.233256899244057
"SRR36103338"	0.969454533873917	0.984190801838826	0.999197243324014	0.969979274598045	0.983980232843762	0.853645381009798	0.989442159803276	0.943937466030752	0.962739795390999	0.99547204493225	0.97058828742936	0.970788978160425	0.947196253084518	0.995699164770195	0.93059206484214	0.995448756140465	0.992607269076068	0.990529908917877	0.994514906659588	0.987305365523135	0.945515461053066	0.995906043273308	0.991423628820633	0.982462286558973	0.978811586264062	0.989977585776697	0.817856177257312	0.972950661689552	0.994315204043899	0.942272351409397	0.977440797062868	0.96973552282286	0.987427833750967	0.898774194876887	0.980446740529823	0.992349779505706	0.965335076560857	0.996518346827877	0.996895936924058	0.995979961434	0.947606932285011	0.979421494996404	0.943783972512711	0.997599449331308	0.997771957842683	0.970933335467954	0.966055084691146	0.986748914188854	0.97753773043215	0.80159204558136	0.99141242500946	0.958567543395596	0.983100224956558	0.995796063043301	0.997772321241235	0.975064333397916	0.996234120897274	0.993038236689422	0.914097894008982	0.980737009496806	0.978274834760618	0.982145563757037	0.875344532251743	0.949209600488374	0.91138610214974	0.96281013311419	0.947663208708349	0.979341089243533	0.950892852631103	0.998609587114034	0.992574787072533	0.995007259120461	0.997896158066739	0.921638852823342	0.997541089923002	0.993497889134499	0.977519408749921	0.986700000072309	0.911055554171192	0.871643797102727
"SRR36103337"	0.993369631088223	0.999300829388937	0.99983468294023	0.998629451654424	0.99872583651333	0.999774260158158	0.991708986279377	0.99911850381219	0.998988333594891	0.999141292083779	0.9959745451167	0.990734077456239	0.994683091681445	0.999438834761514	0.998863383779978	0.99775435136118	0.998639761197836	0.993478985231988	0.993889727908331	0.999513196621848	0.998429599508958	0.999414957856253	0.998294658024138	0.987743458752496	0.988888837983582	0.99806155353591	0.997600944059942	0.999253010261614	0.978016122123987	0.999250949005813	0.997799691674393	0.999165798905031	0.993355182018891	0.999149883924191	0.985324162941882	0.996056847749162	0.998994072579709	0.993636444605549	0.999378235202556	0.99996948573027	0.999440823745044	0.993292461562727	0.994388586557188	0.999900125213362	0.999672020549807	0.953228363589957	0.994740740486962	0.999864593466858	0.998353094710912	0.981460550580382	0.994953608871739	0.995910191505538	0.995163928909553	0.996779238419895	0.999580651754488	0.998117794626141	0.999810881556759	0.999640788257179	0.999079542962036	0.990500119944797	0.998663667164432	0.999153984934231	0.990175879777231	0.997664890593303	0.99089711853046	0.999709039164227	0.989624102440125	0.991104536451833	0.996047796513516	0.999648798039978	0.997601082770159	0.997789771928772	0.999783751675756	0.996965275211536	0.999303243473161	0.99996462692635	0.998349296267083	0.998315663255449	0.996340942931791	0.983779797905197
"SRR36103344"	0.00111402633912251	0.0539355334629325	0.273723017011173	0.0155708161280284	0.00218779154467678	0.0562973522312763	0.0136000359467833	0.156054154093145	0.00820066771733911	0.214094339417838	0.0325273062078981	5.64838507591838e-05	0.0566881393899301	0.0118961001492477	0.0248416888942694	0.148326418292424	0.0202137231066306	0.0191328211467172	0.00453818939396793	0.056656200220848	0.14157738786247	0.0231637655261903	0.000396226827055768	0.0688100374858335	0.000103626045378236	0.0267885534807993	0.127837153543477	0.159368609525025	0.00462043661296158	0.0593399154294779	0.0184558771191924	0.166126965127795	0.00864189528409891	0.0218838124472549	0.0270810766395322	0.0126344110891439	0.127924826910082	0.0456988328199951	0.00257351057176582	0.0757884468546278	0.104993600927349	0.0295701731250659	0.0226507237950711	0.0144327314605823	0.0628893904886236	0.00714251965689764	0.0115288037734188	0.229937690610908	0.204054271236862	0.00352018373135119	0.0578016512185521	0.127843973352195	0.00203495818815583	0.0137509370930883	0.130003634084046	0.0560848432899314	0.102239966248406	0.0208387286577644	0.0435090988573231	0.00662961461065051	0.0260056014989508	0.00216362638166134	0.0214074045982436	0.24923407855199	0.0718539126258425	0.00637299043690905	0.00509520792638694	0.0103380156491374	0.0196111938179876	0.177361397088017	0.00299355134086685	0.0689006060381475	0.169183037265587	0.0465672471432235	0.363974843639957	0.0951111710027201	0.00730512960201939	0.0119791320837227	0.32918158144053	0.008471795507213
"SRR36103343"	0.999433301065104	0.991290695450002	0.991944824186838	0.999128591941671	0.999769770035321	0.989483908959853	0.998923954738518	0.994519147108339	0.994214347826275	0.999445811275715	0.99871094827917	0.992452984650004	0.992066067535136	0.999621770274026	0.963106879789626	0.998924866935569	0.998303132068338	0.999367555555204	0.987412805984518	0.999758317554814	0.994424780433419	0.996586004060515	0.998577196619739	0.99402098885495	0.994697768737472	0.997994685961692	0.997836540792741	0.995424179998665	0.993584270540957	0.984195415764181	0.986143523798412	0.999841677635104	0.996687981262777	0.9917152241214	0.998507630312577	0.998399135781595	0.976851414244196	0.999292251126744	0.998383599766827	0.999633354373106	0.996333251370204	0.995774197720183	0.995456258933959	0.99967092206899	0.999813594433096	0.995722394850464	0.998791145731165	0.999697335056647	0.997672551669071	0.997020302647572	0.995832452190254	0.996005030262767	0.999352838492809	0.997567495292608	0.999214535003627	0.998181151927985	0.999954155884777	0.987195482050908	0.99617825174945	0.984227079314848	0.999412135792321	0.998627340021008	0.992927119036264	0.99683172808249	0.985275695996939	0.992756647813238	0.998138673561183	0.999578660950971	0.999908241653475	0.999536235890897	0.999238045660421	0.999371409542657	0.999766340347008	0.997583283932386	0.999841494411842	0.999736154823881	0.998276717028083	0.996550753517517	0.998723620838287	0.987644897434633
"SRR36103444"	0.970659084077631	0.902651125088865	0.974097723429581	0.95824463673195	0.989386815835064	0.861438382037113	0.97745813271814	0.82222409888374	0.973477062899489	0.955289330324701	0.955903769015396	0.843102728688679	0.855258511916496	0.945481466601531	0.872933220922918	0.939514449721095	0.876774460941502	0.991130325733867	0.817125178834745	0.940496943286807	0.947979605136126	0.976998433853166	0.962522993165547	0.923502236014554	0.899914343229691	0.953315224923597	0.861291688839755	0.959413072559147	0.949265991428	0.881685112566773	0.949610002130379	0.988968683264641	0.895277643828553	0.901202977748524	0.947474585075051	0.968361046791531	0.832146885738294	0.923502733697173	0.892777831004296	0.955170258914104	0.948073851402328	0.864142921094502	0.877873229004572	0.994458807676203	0.953414031742641	0.966261871421525	0.89631166569675	0.971265666614256	0.992030747298977	0.975719583692179	0.94574064179262	0.971357455127797	0.980730201052764	0.936309440974317	0.943449172079538	0.837572501293239	0.997295188163736	0.930908374876116	0.859312843423988	0.70875921904032	0.920840298179044	0.971979651354999	0.917305976355257	0.992719479888754	0.926141016667204	0.85103338277305	0.95736297513714	0.979164291566181	0.991042183805788	0.985277323484173	0.918836148824562	0.934233399613676	0.996367741308916	0.909962606303442	0.94884209751957	0.98889752597348	0.953142560430537	0.982538659740315	0.970079559609571	0.881483031502751
"SRR36103389"	0.0186871417247537	0.0890483524518177	0.0497652769405807	0.136024577503261	0.0804991139515212	0.0418939555890644	0.185134340514822	0.0711195687602677	0.173066121956255	0.0492221134564157	0.152029078472181	0.0346870664297995	0.246997753385615	0.117464960486918	0.054665435545973	0.038432741675234	0.0589394004990802	0.10136972216252	0.0691946205830467	0.255330146540441	0.0839004057092918	0.303731300974322	0.0964791210336621	0.0714561933634523	0.0296722464591584	0.332271843061764	0.0255742240067777	0.08340733736782	0.153397119453233	0.0783715044619924	0.25217277354202	0.0158166960881755	0.0174529066206011	0.0946489303522433	0.0481441921264903	0.175428671955998	0.108496288164146	0.0653455394323586	0.0926840846701451	0.0583322968458031	0.0651260675074559	0.0921161864530986	0.10168688650723	0.708163111751757	0.0967033616994584	0.033564181584269	0.0503265088448731	0.194290439046283	0.268536537970476	0.128593314167496	0.0664313936326784	0.197494268491651	0.284540386214936	0.0114096953999479	0.0324221176440625	0.0632366106409037	0.250608981944155	0.0678632007493528	0.0748606980959132	0.108650549967669	0.0509780887915005	0.253515452164799	0.0566451772003395	0.532703861717073	0.356698317632626	0.0223744623584575	0.0516210343607708	0.0803409263573643	0.00915650512097224	0.128190819839609	0.0279446352807958	0.0276664844992277	0.273174302570813	0.0845804449651868	0.0373735645733728	0.11939703337248	0.0955148713386095	0.32815718481025	0.164548964970479	0.117195503707125
"SRR36103390"	0.96878581356879	0.945574098639031	0.916236547427839	0.980941549188111	0.999181218148535	0.920249646758543	0.978682230552112	0.89928178631754	0.950387460308701	0.945176586827404	0.856503787425057	0.966489256734418	0.908098567583937	0.985085349095828	0.741063515876881	0.977072998875252	0.881088258479216	0.913926304993053	0.841330300723708	0.985581656941807	0.949707806780981	0.976782054627117	0.991557933219926	0.918852665983304	0.815676197109517	0.961415486853307	0.926124787379214	0.97586947464861	0.885147468021579	0.919373968471077	0.883805017498682	0.992627326670206	0.964499683069004	0.938113482462077	0.97083793689765	0.96137999951029	0.935524092630498	0.965329645510821	0.921198093789453	0.98860743359213	0.943273103790408	0.814295171948449	0.795736321008579	0.998051843187001	0.976255306742653	0.795302155365544	0.941910936052049	0.984100747911324	0.997906471067831	0.991930197555362	0.941413917767281	0.980697741673531	0.996487697029309	0.939001882726285	0.917571250918872	0.902668355066954	0.998741193719205	0.953059463644828	0.925353489843897	0.939790803679395	0.989616255845996	0.934833567731607	0.850788244696203	0.99012495918585	0.942276371844295	0.961830977368628	0.873745981545899	0.989308417390623	0.989174947727409	0.858249786541768	0.967333176548981	0.846024678420151	0.976592038645462	0.912417583468148	0.990238499492168	0.998883357986886	0.900922449197504	0.981081058014628	0.99177195413641	0.906175877041161
"SRR36103407"	0.687954905694337	0.998970346113873	0.922354112704647	0.983342900984496	0.993512022976622	0.972658236452423	0.99178705248254	0.990489445156296	0.965735534107079	0.9551397060797	0.996718899885277	0.791108386972376	0.988615656345653	0.997998691206077	0.824663107832294	0.994482348003629	0.993369037512438	0.989834793764599	0.894242241907295	0.9991640637881	0.968692634879985	0.99709602155394	0.98719846527268	0.98176767837771	0.68448566416761	0.998468082691134	0.97861886062767	0.974568501052764	0.966010559339329	0.951860214323588	0.88843191715816	0.997955525700322	0.969212276680777	0.913662948795767	0.957005924634327	0.982445643263467	0.937506464083073	0.980427792327169	0.958757116226323	0.991987755445516	0.999205777509335	0.976790233824301	0.968166715125824	0.997781275317834	0.999615352312099	0.491472176340985	0.983225929003572	0.99822720943497	0.996720143853221	0.99012712482207	0.860287292970827	0.983142571359368	0.99337082544205	0.967610692259065	0.799821200725166	0.967085953658931	0.979452322450791	0.957023162615109	0.973646158314015	0.93588664401863	0.999722201723607	0.975091684454345	0.907063224505872	0.989442435857535	0.987518315875638	0.947623850650142	0.983605084896886	0.992711966958376	0.990914232706253	0.997488554592444	0.985567153664565	0.9856003592771	0.990944081967817	0.979164299354863	0.99822552539597	0.999680918057152	0.946826564796386	0.975748962569574	0.989251501001887	0.943213116904356
"SRR36103459"	0.00182422692350034	0.375031588393913	0.0214416921697714	0.0265788617511104	0.0192719621250769	0.0154153899341247	0.0513461822475489	0.0420693724364482	0.00456305793232339	0.0113138540898045	0.05258121232671	0.000773987872262595	0.112299315303209	0.09831171024553	0.0191489494135014	0.0292746804539713	0.0475361280513443	0.0233275788098727	0.0130429853967113	0.183926507163947	0.00451294182555974	0.0466526209558532	0.0106187424429141	0.335923040613047	0.00154447051488353	0.0985044344183133	0.0225160119516942	0.00242542920818519	0.0215650167178666	0.0240292928073375	0.0638738012485022	0.00160883048099433	0.0227993525595225	0.0255721885684815	0.0720454357331691	0.0172456696719557	0.0249417446461184	0.0484844334979643	0.0745127017881119	0.016021429293737	0.511480060865285	0.0419606175064157	0.027104974224553	0.0489341519968576	0.0421758903478186	0.0147977041483582	0.0216425163071386	0.0363184573516741	0.0257930459410832	0.152517346313271	0.0229965307546532	0.0888566756376919	0.0676863444139884	0.00303958542461514	0.0195136169387191	0.0170003953769281	0.00718534432959078	0.0199658869411791	0.0260086073278802	0.0761739852882526	0.0297481811501237	0.213730456505415	0.00637190594956958	0.316933291478324	0.091931659079417	0.00296325542182533	0.0130414530327348	0.0145221612329788	0.0409669216281234	0.112054913675084	0.0242377304732554	0.0215677319502179	0.280665729974006	0.0211662998328102	0.0364640373115643	0.225651020348832	0.029708026582179	0.106448469995728	0.0438841374982032	0.0235734458211634
"SRR36103458"	0.479737441776993	0.497876736721152	0.712617767291837	0.90335536992658	0.963721830165505	0.801370252552211	0.966869732319822	0.765794429451163	0.435812140934414	0.817108989015453	0.987785567957741	0.372618119510179	0.808243521637857	0.985138306444945	0.767841313602325	0.904521991536314	0.923068419831959	0.95218090914963	0.98682972095402	0.989901646729658	0.660033894435931	0.954373257241007	0.753539591764361	0.713026670753394	0.800769671228325	0.789830543253907	0.732585642063368	0.654324580345507	0.941760819608396	0.76742954043594	0.875146070037049	0.862888636093961	0.20178282968293	0.762348691223451	0.529247711760643	0.951458703124241	0.65781901752251	0.862849900309266	0.92888716510791	0.835787841942116	0.642013420203532	0.852148352959844	0.860554375373858	0.964405755758521	0.9156186028343	0.783800581257258	0.891228783975319	0.970682517197398	0.858364530276254	0.794539617469019	0.415454989090449	0.924430552060427	0.988994253691514	0.689866915254935	0.847800737729247	0.910003084461628	0.535295754051494	0.579615536114769	0.696505494955912	0.671659479361344	0.966298004636776	0.987311116144723	0.697350406226654	0.878288004761097	0.780955377733913	0.565319778574341	0.866904668691953	0.828780873046261	0.723379552808155	0.989242632446985	0.915409413451905	0.832721610552173	0.997484076068509	0.964171844783428	0.841948887145671	0.838702040582095	0.797464293295201	0.922767436434222	0.71506319096284	0.672392748996681
"SRR36103456"	0.055634786903601	0.561810849280667	0.713702913245646	0.715004289759011	0.893397398341338	0.524169599615913	0.77226247835753	0.853478062288095	0.74872792756437	0.815179156632667	0.978344479227931	0.0440527724076136	0.811399598105766	0.946210109392326	0.420922578544195	0.578380133415614	0.908496273805358	0.941493994464398	0.873289717366787	0.955244796636733	0.417917637495787	0.912743835477217	0.379003482850975	0.801234641001592	0.119748128826857	0.778380168063002	0.710310261866237	0.445151897442386	0.873292818859666	0.48505132835641	0.81321346864235	0.928041618615077	0.402222469491702	0.29368921012824	0.717863155651896	0.924026681981789	0.320938984194985	0.775218032318887	0.718236223655269	0.872693267715932	0.72675222471924	0.7970736885229	0.978746247620689	0.672026832482328	0.947475178683448	0.462963988493572	0.845896448089224	0.973282301505016	0.737560799037084	0.642765683039227	0.888385057951766	0.756259258978737	0.900716382360495	0.767146597826349	0.911156557251608	0.752999126283853	0.708330592397145	0.292956598151928	0.250479737334924	0.605871801120795	0.9098644826486	0.985417323043017	0.304014444201785	0.859299009820568	0.628238433091302	0.186402953472542	0.905165230033846	0.610273065315159	0.931323053009775	0.98987534687773	0.858780170526051	0.903780034669636	0.983893709821068	0.830511277932554	0.973345333651874	0.890419607526142	0.692408964114556	0.89922197172966	0.721821350639048	0.174459375077233
"SRR36103397"	0.00476734591894063	0.0346591803325528	0.0406317355676236	0.0992837967280007	0.192259062541444	0.106830947466	0.338940267161155	0.279027609977478	0.090124698658309	0.295271785900446	0.497571627301013	0.030972713548343	0.299084776400272	0.634853041983887	0.108480146394718	0.280808334457861	0.595567296003383	0.301634572881089	0.302462026895117	0.307178881596235	0.206328371282578	0.213344806186725	0.11053667325894	0.14227007625099	0.0516167635292437	0.285174150537509	0.21352475762564	0.130870832101277	0.168609034860367	0.0919368792277646	0.385015153140204	0.0891424501003218	0.127565430717226	0.151604024159702	0.210171483991968	0.154765511540106	0.182297031533604	0.0958922561369118	0.213256519664376	0.501292404478954	0.159222321518885	0.359632449300932	0.444092763655529	0.113244968883962	0.185392587829924	0.0944282958135831	0.0761250916492205	0.502572061469523	0.199058104266479	0.0888730985353425	0.11316243215634	0.363541093730318	0.182764226913514	0.169733551552353	0.0823101788815354	0.367223872601987	0.213076074920215	0.0666371927344896	0.265158383241594	0.205651711888938	0.23834519782834	0.607858041793788	0.239909200022436	0.470539455809188	0.354379629646301	0.0221026715018985	0.154966896368548	0.169945300545685	0.136751888205417	0.660303319656556	0.26545245957874	0.243294651331641	0.616705973535851	0.636501624727797	0.391992581581309	0.0483779018774864	0.179311127208946	0.474639209791485	0.323487771814639	0.16358131305562
"SRR36103398"	0.226333261324429	0.988019901014666	0.993705091517156	0.980903367147682	0.995442489110286	0.998510650992543	0.965965134600379	0.996560829559923	0.992732299084274	0.996881807793299	0.98802894504741	0.967910580992443	0.951548058220566	0.989173474457565	0.995564855930151	0.989993009964883	0.999379508793838	0.95561470964495	0.993634935382792	0.973926191276238	0.998808567116073	0.995989524524626	0.986843401247425	0.92882333738572	0.964896269924322	0.990190549620734	0.983592084668515	0.99893427794787	0.989977875836665	0.996288732994203	0.990789783468361	0.995582649455585	0.993998017361142	0.995875226332764	0.949865795159017	0.991489333581945	0.997489355662309	0.98451110883802	0.980009641128408	0.99993341729363	0.996651355221987	0.97519743030954	0.994748710213827	0.996727560664281	0.998543664880792	0.950387196226969	0.961191473744122	0.999817011709153	0.998517773763328	0.91317342064946	0.984908215125316	0.99403089429018	0.998212813963012	0.999089434154392	0.999557983445171	0.998234207891242	0.999390531320362	0.989563367481396	0.987818188288625	0.96841345949534	0.999434436330253	0.999252276304814	0.994012574899318	0.999036693455753	0.972358234961577	0.999502519889152	0.960906512205933	0.963792175808569	0.979565832387449	0.9995589424249	0.999407773507357	0.997953366508321	0.998988203308457	0.996282839822264	0.994453800239206	0.99924660332266	0.990597949356058	0.997470619559154	0.90956235803105	0.918301882808333
"SRR36103399"	0.651270938577933	0.897172171202754	0.997376683427806	0.225870336474295	0.027687773971539	0.982102956073917	0.85436936869549	0.744698057749065	0.971501004380574	0.995665816159673	0.895946444891799	0.314948785054515	0.758396598382216	0.580156049990128	0.975584877548968	0.9512972382534	0.96614081314547	0.74583401061495	0.871092096828489	0.86870735727104	0.229959708481552	0.641961936227994	0.170840280394178	0.797362894576775	0.34295649086258	0.9169844613108	0.937282773368332	0.783201629414541	0.866393956339207	0.956086953930634	0.864905619228386	0.987830557320845	0.815782121590795	0.962061054387224	0.698800519097093	0.918320157539303	0.958320307288385	0.526608916050812	0.575533832510603	0.973972107282056	0.948788921115361	0.713408413616073	0.887706522238913	0.974987140848411	0.964270610563895	0.545198031442791	0.38113284321498	0.998133020508614	0.831238042076631	0.580445985433903	0.7682213304358	0.882941843658944	0.566039732028197	0.63723579932193	0.991570287084187	0.976972792709002	0.994918188431336	0.945489745222877	0.76194875590108	0.747429138967071	0.634667516978188	0.379763862100164	0.327752277693306	0.642751957160596	0.510439837498048	0.156793234632793	0.626057778666686	0.943147144842808	0.891752690438547	0.985175306673957	0.941260917339781	0.975038972088607	0.991132869425932	0.90546842808165	0.988702336954348	0.977117695568922	0.800352052603154	0.929916962597294	0.908559657049403	0.104868515698985
"SRR36103462"	0.00163422964255309	0.00866581795905075	0.0128272405145554	0.00720314769117083	0.00172129746125905	0.0148436648911704	0.00351699844729176	0.0181394005023929	0.00111968977513786	0.0152297992270983	0.0115193320913439	0.000561825969192349	0.00713552923271292	0.0121979614450592	0.00469042571620667	0.0287778106965756	0.0015897851187714	0.00186844895263306	0.0115883877000837	0.00760488253063703	0.0122778410261553	0.00279222686637059	0.00155564090516292	0.0253898821871188	0.00106208241579166	0.00462411649529288	0.0171717849016591	0.00938422502296748	0.00130270215626459	0.00959251904029991	0.00497516925723987	0.0129274589855506	0.00153446171575329	0.00399100228295313	0.0227158020102326	0.00214907824311819	0.0465369034003696	0.00840154569397587	0.00142269978549176	0.00264620030115507	0.00859457042865732	0.00768802010055693	0.00548308326408226	0.00582354898170954	0.00191561948824937	0.00250942273625562	0.00188849630732644	0.0162876407320709	0.0358181364602824	0.00324643537603613	0.0108043061885388	0.0778274018804654	0.000392248224589208	0.00132112541181828	0.00269766635882071	0.00474374692234468	0.0227457626339846	0.00775665436494655	0.00943079642172095	0.00247072559894512	0.00244110216299696	0.000873756429724667	0.0111026233011414	0.0401537017388246	0.025202695048502	0.00291132503278381	0.00227133295433985	0.00281419001140979	0.00824191317361963	0.0119084779091137	0.00149905735378718	0.00348736921418365	0.0181522895461915	0.0156417812730618	0.0348499029693397	0.00190907622169549	0.00306707799960359	0.00724563594285798	0.0978182379807407	0.0291114479375127
"SRR36103461"	0.919949570830587	0.552159184524843	0.437133987917765	0.927125304828324	0.942716396869189	0.77226265803686	0.777014138916221	0.622366231937134	0.60918215574915	0.79859233558142	0.872796360888133	0.920971583710907	0.553724164133919	0.9656301726458	0.495989457412764	0.732451084878294	0.712967789746797	0.810753411680501	0.942735632139319	0.977624230214032	0.43418418463972	0.828531812145173	0.931658670311084	0.89785360256488	0.87009194455906	0.6690834413004	0.538211445565243	0.538693565157636	0.73786645416175	0.592306433526979	0.803865072430885	0.834159898753533	0.514494528180914	0.602075520425167	0.956192037405266	0.797067463071025	0.603686570867308	0.931546811936302	0.942907513701001	0.843290265224781	0.540757978242	0.662360743224232	0.648687160764575	0.974238739094617	0.48024841099516	0.865977938322045	0.795691383898491	0.926315081262801	0.698792316530483	0.874223935796906	0.83819767362634	0.855292993281297	0.921248785146639	0.722750098075762	0.94994941896454	0.677487907469292	0.983297010739065	0.645850258452125	0.464849041852373	0.706305579338664	0.783866279396395	0.942334101446312	0.648127028352954	0.784858127293653	0.660910738377207	0.613214735245081	0.907446439070163	0.848139918271219	0.972144439326156	0.942279854655432	0.915809553831302	0.700626074250253	0.994570959419228	0.890587800282182	0.87902517826369	0.895597156364501	0.774985023147908	0.935160642822194	0.797980445491927	0.60349714681181
"SRR36103460"	0.990491120940376	0.876847269227371	0.975011505019134	0.987069470597516	0.996776928411562	0.964428579052541	0.966622575217425	0.983113240785206	0.981668327610625	0.995936347370898	0.991789376679322	0.990633002746766	0.923137306164193	0.993208727779674	0.935870619936642	0.995597475152544	0.948459623473757	0.979415522225664	0.989130965756261	0.987463988151988	0.985671543117841	0.949941038370026	0.996991700745443	0.939495950394098	0.99167949663506	0.951741049316733	0.979035247676671	0.984651066176759	0.946409760644261	0.944584118328588	0.942714754815386	0.999323851361894	0.951184490256658	0.962502369153399	0.967589002100338	0.970535641780828	0.967099129865	0.896730230109859	0.991104378804324	0.998211231655639	0.957566635751444	0.979156031549132	0.965314673319607	0.98763930672868	0.974552668417809	0.979717858181853	0.965641851906035	0.985455320976876	0.982241688984533	0.972056165736829	0.981172637467405	0.988428196546193	0.988072562423931	0.998215259523853	0.996879913691681	0.979334436097853	0.999279232922881	0.978291833143056	0.925411407882318	0.854040452359038	0.994622596387124	0.995436652165951	0.990848570268469	0.936211113918796	0.957734687333608	0.994374856197095	0.979181269032138	0.992263496701568	0.996674839002001	0.986186730821097	0.997468279290239	0.962198589520646	0.996629148355673	0.990242960425929	0.994164092014585	0.995596185016797	0.98782940323754	0.989616830570881	0.978642171586105	0.977641541308286
"SRR36103400"	0.210691384645247	0.281572086865959	0.370545556717138	0.800001440170961	0.898722137098596	0.254082575355536	0.797175572041251	0.945919609050182	0.750842147406485	0.944737407987624	0.933053796623273	0.480182977104633	0.740837801736243	0.768137785998691	0.197539197042955	0.883269777185799	0.948486609252833	0.886297070249306	0.586743303546385	0.915462280985943	0.901668746393149	0.800491458878988	0.595423158292751	0.611797127221099	0.221112324876956	0.92009623252143	0.870249949894328	0.614631153907582	0.460284764719059	0.730538978159109	0.395287132982634	0.982020008072901	0.891613794135172	0.549744114399082	0.858199928644411	0.81572299404958	0.656793658043524	0.804135462942171	0.504058585695991	0.919012484035493	0.676900058318612	0.805854236244531	0.832834835992668	0.730336556694234	0.967399535828585	0.410980906121443	0.561200474551331	0.983020432210368	0.990132621393149	0.803934662861936	0.920471096089656	0.910414279151827	0.933461278243046	0.980017383743843	0.789347571800084	0.890302951308048	0.984156701647809	0.216998869863731	0.480204419902141	0.840461013956041	0.950330539328621	0.897104867187727	0.877630222079989	0.965708488906475	0.827138883407223	0.42218208981928	0.516399248350585	0.962486178785869	0.899756687854945	0.867600426312622	0.870794127522303	0.923780011715596	0.83934405865129	0.716510566746578	0.986447809588566	0.954047929645667	0.573179266288383	0.697179771522188	0.923115597512559	0.436142954688562
"SRR36103401"	0.878364204439844	0.989010318426436	0.998257497764226	0.997379276988044	0.999715425592022	0.998305835229684	0.991150830464292	0.998999813890782	0.997546269761454	0.999795678811455	0.998422905934246	0.926932695174268	0.961918772971348	0.99409760880028	0.99612639602531	0.998418149837517	0.999644014631845	0.994103223808586	0.998866167036872	0.997938736037498	0.999044585813211	0.998703450546319	0.988813902740107	0.991104103457947	0.934679816578786	0.981357237045553	0.998029672366167	0.999194472522436	0.994590162174664	0.997572932750243	0.994716399830955	0.999967641677001	0.993004904381328	0.996721242189953	0.992369158924829	0.998727940988407	0.996470848913382	0.996846733444501	0.966575365031396	0.99983428181446	0.995724595634214	0.982205374740325	0.99706742344395	0.996018401637412	0.999349599859249	0.994841507261783	0.996455950420891	0.999913286690248	0.999706753165697	0.992924844733663	0.997436418702432	0.99785011101991	0.99928426000625	0.999929475056309	0.999833295545317	0.998706461386093	0.999519098539065	0.982790045765488	0.979358061169712	0.967541955689322	0.99988014901405	0.999553584614402	0.99664317577613	0.999258842188925	0.969600826690214	0.99834463392138	0.993208773984908	0.998681629167747	0.998588858601769	0.999851104658653	0.999609729582743	0.999382122167836	0.999943529639455	0.998915308283846	0.999601970974178	0.999922768643444	0.981642677753583	0.998343190133843	0.991712507602545	0.804870973921179
"SRR36103402"	0.96473532175046	0.979477443454974	0.977990351821883	0.999446410328167	0.999985695654402	0.985980032274545	0.995282100838097	0.984375740875535	0.993540609849632	0.998408104357152	0.994033685150787	0.982626431362148	0.935311507829372	0.991014289690219	0.967870966052173	0.99817408878974	0.997081289009701	0.986441755189889	0.998259779956598	0.995226440509827	0.984316011987767	0.996484248386682	0.998280856495906	0.992790009960174	0.994387689522869	0.961670266112831	0.986315841649081	0.985661675714774	0.998674249455874	0.979892542666438	0.986141735333436	0.999404522004811	0.998634102393025	0.945534778419023	0.998414568212828	0.999420180857202	0.957951125561992	0.999363667397297	0.994911781124992	0.998409793547827	0.996879236709632	0.919043346593428	0.994414190889106	0.999183440500331	0.999172636192012	0.988181919545845	0.99793852451187	0.999342884807849	0.998505947164643	0.997626998575844	0.990403084242931	0.998599996830335	0.999280970832443	0.999599633699178	0.99243202766024	0.987277123866969	0.999870495484229	0.958158909721931	0.950636199399061	0.920452303385798	0.99916149522884	0.998592884582326	0.98479632936647	0.997088788829296	0.962984876461725	0.997640460599245	0.999002593112781	0.999151549184881	0.999908186119982	0.997695265910074	0.999569692177428	0.998345080757087	0.997935399359777	0.996525867929266	0.998963796599114	0.99977637671857	0.993566899160335	0.998694295254066	0.986259781021228	0.963492046867253
"SRR36103350"	0.0200489900669068	0.484611117470002	0.0505373376011425	0.0941411565229027	0.000468697671833614	0.0357263781245614	0.267232796287341	0.00425576834035437	0.0149660085047754	0.123957010126248	0.305465789170823	0.00137117380131628	0.0440394064375326	0.00571461267514259	0.0314469755981502	0.121182590619306	0.078655659949864	0.218470757158883	0.0344020984385568	0.206271681482376	0.00456437280729658	0.0215988276730015	0.000149655277309058	0.382645409862301	0.0230084815499392	0.120122919362824	0.0850181137167755	0.073005040853196	0.149416005479253	0.0625266127869772	0.0331985599606202	0.404228432107043	0.0638696246853758	0.060503591487717	0.140350508337436	0.0756576950462865	0.0557433779962451	0.179615247929673	0.00558876591612544	0.00464273113839713	0.482063953190044	0.0824124706742362	0.0631944873281624	0.318542629095584	0.0176429489066498	0.0855088618637975	0.0126393942448845	0.190348164408197	0.0939547224310547	0.556421837038924	0.00276288973471278	0.236017888264016	0.176585665907372	0.00302179962827736	0.0122191081986788	0.0648028220642395	0.118769651535872	0.022559774671549	0.0480737087318179	0.0179938110065909	0.00756949719612698	0.000464020280148518	0.0239758263641206	0.0194059107654134	0.0769711436643985	0.000153040731976799	0.0369406126509801	0.371114425867316	0.0737446530395384	0.204639908359386	0.0167312286752266	0.0240658518473632	0.169841049406391	0.104071435806458	0.142812893955153	0.547456672667949	0.0253290522848657	0.0638330177000989	0.158418377374623	0.0209253133197509
"SRR36103349"	0.999701271520195	0.999716503626042	0.998951878388239	0.999935565424056	0.999992731869369	0.99927982055776	0.999700048959337	0.999432708614663	0.999609457707913	0.999785145447187	0.99929957527656	0.998336251878396	0.996091756642325	0.99976841983483	0.997389475830083	0.999867131251861	0.999641421225181	0.998126023905741	0.998746194879683	0.999865379864768	0.999443265646143	0.998578400007935	0.99990859963164	0.998951674268385	0.999095768333484	0.99892339095491	0.998094563407	0.999666941082773	0.99972997413367	0.999228764637864	0.998687188090706	0.999936396965223	0.998938015050922	0.999548894952625	0.999381918450064	0.999799697150758	0.999211349542171	0.999038848053358	0.998951253186477	0.999874191123215	0.999080609484918	0.996704736351341	0.999359615802126	0.99984840337351	0.999959610548885	0.998833668638813	0.999749064453757	0.99981367789852	0.999973296449766	0.99960566763576	0.999365757872401	0.999624763574249	0.999983097460544	0.999952530662394	0.999895680086148	0.998788783622501	0.999939931538646	0.999021143392077	0.999153766345562	0.995768961152762	0.999913986692896	0.999889524208221	0.999724342772391	0.999787066959848	0.996954122008137	0.999948037493375	0.999306699099422	0.999838706917431	0.999883471978707	0.999602599542584	0.999950072899718	0.999638074689337	0.999973256510198	0.99893027698341	0.999773936818934	0.999986661565314	0.999807314993954	0.99984426555137	0.998217898664362	0.998716990024419
"SRR36103447"	0.000186190155313571	0.00166755269440312	0.00445333394273525	0.00109161868797199	0.000532357927952505	0.00355572647651061	0.0335423023915971	0.00692352008548071	0.00213806725466739	0.00580040894627506	0.0759696668667653	1.25084703806901e-05	0.0602232376263259	0.0035379568178261	0.00320988428099702	0.0262969943179997	0.00919708319491634	0.0334535657126929	0.000892859661492873	0.0446230694386009	0.00209412058820908	0.021277366946898	0.000135754331871343	0.00455614047850093	0.000617071786076619	0.0303302247025564	0.00858914368959791	0.000503230339736974	0.00563253538250658	0.00272786581838991	0.00600713490582376	0.00618098209196724	0.000897175427063082	0.00518359375313115	0.00124865647076542	0.00517728393537726	0.00238334206951278	0.00340017522120794	0.00553651247503512	0.00632371269136642	0.00779689558997324	0.0344545708173167	0.0222026827186068	0.00366941814985734	0.0130437255396671	0.00251563924500432	0.00265758717098007	0.0282046129582889	0.00470170233430999	0.00371354612725905	0.000934129947579647	0.00950294848123947	0.0176141573276719	0.000752891300651369	0.0025835561418007	0.0218487352670455	0.00469936380144451	0.000751279510694727	0.00861865671807336	0.00263713341382627	0.0114198637271115	0.00525345899927042	0.000663254214102246	0.0056368870186086	0.0179618182356737	4.43576429059002e-05	0.00633633327266358	0.00565829112294406	0.00169760845182411	0.0663117671981778	0.00125164417172193	0.00935880479597907	0.0259525958302664	0.014761974807838	0.0138282350942374	0.00192555692475347	0.00664102476973677	0.00412148164636966	0.0167430088883846	0.00225249891002304
"SRR36103446"	0.994188650567075	0.996131297819844	0.997640170903177	0.999747767966288	0.999860010899978	0.993965197386607	0.999309476405897	0.999012300716095	0.999834808093162	0.998937742757029	0.99975331865034	0.998227054210618	0.998814307689991	0.999968414986999	0.983482529734655	0.995781888231182	0.999931281479303	0.999148199628937	0.999966051339921	0.999972385475156	0.985421464361613	0.999915125068443	0.999732520253494	0.996890291440789	0.992562323753061	0.999500249115034	0.951794006415644	0.997308950765662	0.999954402969142	0.985841107030832	0.999333998469556	0.999237019836348	0.996341127010527	0.969441608635273	0.998567026619981	0.999962900007495	0.983644814971944	0.999630138925266	0.999598092656477	0.999685748666983	0.995939066631366	0.997477961631741	0.999114868892984	0.99996780205469	0.999972571100939	0.998836329689492	0.999960997775393	0.999881766271041	0.996518338585455	0.995815029987031	0.997374012427565	0.993540185405879	0.999588317657852	0.999888844894637	0.999888461003046	0.996957152910563	0.999137684202409	0.988228276664351	0.965885330467829	0.9957394811274	0.999987877511985	0.999950292468147	0.994837873125516	0.998578120416396	0.998298121021844	0.996436590087651	0.999933240714038	0.999200105580947	0.999237097104932	0.999990895917254	0.999704091374422	0.999795621877419	0.9999930085549	0.999636266286059	0.999459615219467	0.999772809007668	0.997708005239907	0.999834645078464	0.989371946652384	0.972621019898039
"SRR36103463"	0.963222925213282	0.983194530777859	0.991994342399346	0.997208843945342	0.998094077012796	0.9938971159654	0.99352553321226	0.993698791083515	0.997379230980961	0.999298654998363	0.989522942793854	0.989173849014465	0.958461748643948	0.995526915158484	0.98489808101246	0.999179505431032	0.999100908883856	0.995769568937029	0.995498678969832	0.997045697075877	0.998497333785766	0.998014387665893	0.996626779211128	0.991749679473884	0.989707350563887	0.989035341896748	0.990568788888722	0.999681785708544	0.994529924100672	0.990749027484469	0.99613966870074	0.999855471913552	0.999289658299836	0.982151602796708	0.998860054001193	0.998254643597964	0.981132179723832	0.997841398888255	0.992484499822988	0.999805829762492	0.998382543874287	0.971461884315662	0.995579738493866	0.998621701358397	0.994058596860476	0.991516347803006	0.980861112076467	0.999601437362939	0.999994207824093	0.995042950899476	0.995591245224007	0.991701395658147	0.999992115790158	0.999750747565976	0.999248038600474	0.99755170518673	0.999868765614699	0.983583825630665	0.98778501349776	0.992068673361507	0.998292100672501	0.997956492407058	0.993463457580595	0.994310237283507	0.97234962947672	0.991657789117465	0.993948547534514	0.997101736121837	0.999110372052529	0.999414529830646	0.999863159786336	0.998642631629083	0.999672784698831	0.998494909527296	0.998987699064819	0.999850157118964	0.997062200627915	0.997720395619582	0.994043797548447	0.897712367789324
"SRR36103346"	0.00245982209658274	0.452374589597196	0.0133073151406348	0.00285111762239595	0.00134796104590789	0.00544838550295214	0.0126595426602558	0.0099325294993571	0.00519391571533758	0.0161190237996098	0.0487389815990367	0.000231177533489376	0.0090946397519011	0.00138698001895546	0.0083101060906165	0.140605757511417	0.00156399627048722	0.0176134385613973	0.00710862640274369	0.0381884680740562	0.00410575455405389	0.0141378371977646	0.000657208103720116	0.254457679730506	0.00743863043746432	0.00422935490799882	0.0159743570419044	0.00148339058714605	0.0154234408385087	0.0068746991959779	0.0100643974549706	0.0140110804965702	0.00429299526374889	0.00949665535080187	0.0345644622565987	0.0134283801063261	0.00767426127009187	0.00701023465812056	0.00115578785290926	0.00153463550629053	0.111546334573407	0.0150943070841664	0.0167981872826423	0.000792854742482175	0.00189802765796874	0.00362847865018221	0.00108105573963304	0.00947454518784224	0.0530879633575798	0.0872130012548774	0.00746987233259471	0.0430436916433314	0.0293039865671502	0.0102483754754371	0.00122521989283535	0.0114536457444925	0.0276908215834345	0.00225032977176965	0.00681949615418029	0.00183891602282723	0.00755683521142772	0.00236401814866513	0.00209231485813682	0.00739959672352892	0.0134265009817743	0.000431734394944547	0.0140731623172042	0.0349921862480133	0.0091591999352737	0.0141785968693512	0.00463165235570155	0.0064516306643097	0.0277892985740049	0.0120483103047404	0.0125436459363042	0.0378960947246097	0.0075587234759961	0.00604143454234143	0.0207185748048925	0.00730359602745847
"SRR36103297"	0.211499749188485	0.969527023574918	0.197990836022124	0.851500794711742	0.758550826277043	0.80785526041377	0.701868255881627	0.37215787403088	0.194700290316603	0.254810000344347	0.862412507398208	0.239444982826515	0.241039846198096	0.476191345040028	0.335293050164687	0.508524217194975	0.59530218427843	0.457908246728011	0.907862208124432	0.532208000344658	0.634375772184949	0.773001825279414	0.376299052394311	0.911467970775181	0.491651720572625	0.520169168460185	0.283544407425276	0.583043841671684	0.300950246303781	0.47780311337996	0.361979691559276	0.320042612462246	0.253760296318811	0.521054365074331	0.600891709957837	0.356031888320474	0.642207082716165	0.733317158502432	0.419306995876839	0.17946834997085	0.959169713316293	0.488778982000398	0.215873795351408	0.88766247771392	0.404330784143492	0.28218777955266	0.173117722211868	0.791029165301387	0.893588006495312	0.975494522484065	0.147026309969302	0.791874912828833	0.872134616423446	0.221634441547482	0.283157888514066	0.269776007780273	0.580284516440396	0.209647677278658	0.298278675303147	0.234991298819685	0.504385045261474	0.63963761394388	0.493238469023921	0.785350033968319	0.670029162645882	0.624465716070881	0.2059671577228	0.384002385793532	0.521740528045622	0.74182537368106	0.223059386273608	0.0810040839512363	0.933003627871996	0.672363037885797	0.0967358014005747	0.884745258129091	0.355196552278692	0.631887265907728	0.177936628796985	0.608269037695648
"SRR36103296"	0.962995950378667	0.999038179632276	0.849529641144104	0.99925442080677	0.999231389925697	0.974394350199239	0.987586693868301	0.960636829931064	0.985264343078354	0.996402558671022	0.991534715121311	0.991599419355573	0.865731494737859	0.955103515135605	0.964928464116584	0.997383949580065	0.984584475533022	0.984738306415255	0.998155142908614	0.996917590281163	0.996358940074518	0.997168520233493	0.998986755780196	0.998406538817475	0.98773958929288	0.952952370378377	0.971767721913983	0.994454869537801	0.999380578840234	0.961917811976626	0.983535591767926	0.999844984278462	0.984558858630973	0.896135229629935	0.995628720446706	0.99908368944977	0.952634690087088	0.997504959952945	0.961226547447409	0.932931891015416	0.997435431924059	0.847264965931124	0.994382516513223	0.996525839927862	0.9817495323743	0.961467398588019	0.955718679979516	0.995931861119662	0.99815320527001	0.999550829543349	0.992698390530485	0.99354827918119	0.997372062479857	0.998855310655272	0.981542735577428	0.9238471543135	0.99871305896746	0.861239099248159	0.772682566722624	0.749277482048914	0.999194531925044	0.996528197204338	0.992630789238611	0.994701431327807	0.96682358598253	0.996080774727963	0.993297029110144	0.998640382893555	0.997071268801002	0.995191952195741	0.99544321281602	0.986689906049831	0.998697428639067	0.991175307565792	0.996946802039626	0.999487984789799	0.985247221673423	0.997843016808353	0.959324396013472	0.926172867209364
"SRR36103355"	0.00120547246067292	0.00409276865922622	0.0103455128944064	0.0121231153264385	0.000998379562551708	0.00675999065598151	0.0426212064544909	0.00434628351118727	0.00391817019529176	0.00856069298449169	0.0587327495463545	0.000207353831001894	0.0261346416008552	0.0012715417766327	0.00866784830563218	0.0231839359914799	0.00360479513949058	0.0785774538933113	0.00258560055019943	0.00374206310951662	0.00778782375712941	0.0572047617565619	0.000810705311644958	0.00714779758063896	0.00387375374597747	0.0280284320218213	0.00720385374694545	0.00294835773308648	0.0453613450013889	0.00776241556456632	0.0174956327637422	0.00317815663866967	0.0051672737854925	0.0128073922995461	0.00175879107048922	0.00881753124079218	0.00674043562301223	0.00885185309674318	0.0108590340663492	0.00540693955757217	0.0145983968937274	0.0175845048268586	0.0190618883217864	0.161848585575418	0.0106677280087696	0.00481175602402825	0.00167723697311295	0.0356384452410288	0.0386225762497324	0.00871786769911357	0.00238868037893234	0.0298136920460425	0.0421683051153893	0.00126454460195866	0.00256253023275881	0.00931393027870691	0.0135701992283624	0.00252627476646193	0.00668629525464496	0.00357387980962471	0.00663586330490752	0.0135342066773629	0.00157783494370745	0.0566182239506338	0.0512603926969904	0.000665388350817502	0.0145747682325508	0.0136330407696959	0.0031113175914342	0.0569827830811903	0.00103345847943894	0.00670795970970985	0.0258013378171039	0.00794959231322665	0.00813838636706649	0.00374000998984968	0.0170698728609694	0.0140751569286688	0.0116805938661435	0.0163752567226845
"SRR36103354"	0.99293897030279	0.894683565842358	0.947320447198624	0.988415696694073	0.997589912158519	0.94454396074842	0.996641022698513	0.992736595633228	0.995807149804636	0.997946219626715	0.998401507018757	0.96950363754716	0.992216289849599	0.989988484832539	0.914817780285449	0.989531562069799	0.998047688287444	0.995911893705605	0.994996130876269	0.999660592798711	0.984404676678788	0.994900420886253	0.980234396031091	0.987826747034458	0.969327173106566	0.983856153782682	0.964497451725828	0.981635457540469	0.991682609183018	0.958643679640823	0.987275394530853	0.999864064293683	0.971981459439841	0.89603433510025	0.992467450083081	0.998873019663657	0.890599677235639	0.986493173843473	0.995549537712374	0.994187044299135	0.965900062550953	0.957854824500657	0.992834742091253	0.999206689454045	0.996833582351782	0.985984770441997	0.992947617015321	0.998157082917654	0.993966882565589	0.990948552467534	0.987940421609089	0.988250812123717	0.989224248380658	0.999552256262029	0.99449250655668	0.986910039648953	0.998345898656748	0.892529266787343	0.900827904272494	0.949099001846283	0.998161284074146	0.998040761832277	0.989323889385214	0.979427185509826	0.974146649873931	0.988356931551468	0.994399499418513	0.998236777899152	0.997643508799284	0.997559707561896	0.992733588654685	0.996477229119898	0.999650579399867	0.995690695134334	0.998062428803133	0.999574151947735	0.980451464630126	0.984361111928854	0.992973860159718	0.812394048032228
"SRR36103353"	0.998913602198035	0.908181092932964	0.99014989180615	0.995693762919325	0.999508401321366	0.954982072846376	0.998703142129587	0.983196982083424	0.998408504227638	0.998532723882777	0.998679720654397	0.961770086812071	0.995701004253749	0.998035046028703	0.890586466522344	0.986484897983838	0.99728871804447	0.997807277376708	0.99058373632331	0.999534886911575	0.953934289824467	0.992049458205749	0.995089534986368	0.988208284661405	0.969762984218502	0.997299042540258	0.976894055218483	0.948226020638869	0.996886073165653	0.926064050528743	0.975952772619004	0.999628248273107	0.961209636638408	0.920605328310665	0.989849435986756	0.998480115480179	0.837185013225517	0.991322616075394	0.998511499656275	0.989581804827284	0.984355213362924	0.983985374488607	0.991149854350772	0.999631670027253	0.999774653934871	0.990153076146952	0.996268064149449	0.999424553399437	0.984575025028785	0.993279906294716	0.990914077991894	0.987836602672107	0.990292205266379	0.994040119994854	0.99850643417964	0.990918742998409	0.999412127633881	0.936711990079427	0.948985481811697	0.9657067575295	0.993050236935819	0.999222825235415	0.966900711875069	0.990324984047079	0.967067763214998	0.961819235630782	0.99618586243253	0.998551245146351	0.999197852620042	0.998880043097162	0.997086124135765	0.998618091307678	0.999461218881322	0.995503103821123	0.997684411051801	0.998529784521542	0.99172055704112	0.994173093856429	0.995528525536047	0.957061267437164
"SRR36103472"	0.268840489656729	0.359081742186992	0.687843308431748	0.344830346034571	0.63228944830551	0.73726859181373	0.537780161743819	0.438491967493831	0.492822419223423	0.613866548953405	0.827333694301635	0.073564185993494	0.676884322518902	0.931061256537772	0.657957932896059	0.521119032576458	0.694297405269125	0.750296754450347	0.715084691945284	0.81525938445322	0.296942621705861	0.851173501052553	0.533274031926421	0.534512901325539	0.303943051910437	0.724337101530586	0.472103887735351	0.337870045419848	0.402447555405121	0.391090202126848	0.776608679311362	0.37494563475829	0.265940805800823	0.539050314367782	0.412880617863205	0.549462942182689	0.445892411390156	0.472510040177196	0.881236379082772	0.878075131100435	0.829595908177699	0.691063667613471	0.455964150578806	0.739110476756998	0.567940672991976	0.540786452917556	0.574392356920419	0.791353980561309	0.115832602196921	0.381198026347933	0.248404131560344	0.570307737761592	0.269307878703938	0.211759023512794	0.714900426499999	0.576267636674713	0.66263376693077	0.666494063615784	0.594251019915811	0.165774663439605	0.456991957219218	0.726674842952958	0.306223407329936	0.47940163912249	0.542860687123363	0.312148704662896	0.794234701490699	0.316380475688739	0.556463820285089	0.979950566248892	0.506982638356253	0.583497244794767	0.969937457166446	0.921874628908747	0.594707679653855	0.46677874429232	0.762883259664617	0.799362916280247	0.563510926144449	0.396570108274471
"SRR36103470"	0.999572224623881	0.999994493080729	0.999777057006568	0.999042542197378	0.999926317652391	0.99917242246409	0.998647996504255	0.998393070071248	0.999597204403459	0.999939424387518	0.999238623829788	0.998455465743303	0.99521021442505	0.999790684425927	0.99884899045594	0.999926573609356	0.999547005319183	0.999605457599913	0.995568651127062	0.999913830689436	0.999500907297779	0.99958110764205	0.999626646256725	0.999876938404356	0.998946428931503	0.999172365845581	0.999704451545601	0.999843461449952	0.99723459131172	0.997788551114562	0.998532391297102	0.999990123073697	0.999845937797169	0.99948263287981	0.999834988824612	0.999357880741618	0.997595422180677	0.999581233643158	0.998903603264716	0.999975897645553	0.999995669678302	0.996674054129205	0.999543936351723	0.999978646038405	0.999763232723103	0.998259568378321	0.999272453317679	0.999947585778963	0.999584292847647	0.999943437857596	0.998597045422381	0.997974540054018	0.999901438338374	0.998357372601711	0.999833430926168	0.999847566251317	0.999958730557366	0.999278494945201	0.99940798034166	0.992891774037766	0.999811482455452	0.99976771302633	0.996818678206763	0.999220970594889	0.987518296635573	0.999820730653422	0.997483846792332	0.999705083634582	0.999887064949321	0.999955824049645	0.999811591006754	0.999789275066047	0.999968309078723	0.999667527752913	0.999939200354148	0.999999177479065	0.99979116477735	0.99961102910719	0.999708714951041	0.983934879417805
"SRR36103469"	0.998557491547834	0.967547668937462	0.979949867273253	0.995993749246909	0.999321787804859	0.971247342244777	0.996154976345411	0.83391190632216	0.991839346438278	0.997142554136959	0.986785893379987	0.996711029012175	0.95420534371655	0.993887177911529	0.957926626215173	0.989373780855569	0.976385882770597	0.993010069658564	0.985955144958927	0.998670555910023	0.95907649331623	0.994033278416963	0.998224878076594	0.952048058044951	0.998526623376349	0.983157324519664	0.969511846512933	0.979794397093605	0.996371403342878	0.909303456873168	0.982232006798385	0.999142668852066	0.970477906225441	0.967266907030127	0.978295997948071	0.997538939575822	0.922561604793019	0.985894542190196	0.99546518574841	0.996904850531161	0.97925186229995	0.886194310919094	0.989043409715594	0.999963910287175	0.989539358323685	0.991029418272696	0.994207699433561	0.998260373775766	0.975793651598776	0.991411350945284	0.968347491979829	0.976531500818835	0.997143216224027	0.919739105893394	0.99401344519526	0.989636230412645	0.997929784703175	0.982952683263383	0.973972396468622	0.824378441750182	0.994133133094839	0.99444159674589	0.952151128605815	0.983503929991698	0.910486946074313	0.99185133186918	0.990020265859229	0.997241790756308	0.983229584480951	0.998070286537466	0.997234192303788	0.992490895362436	0.999097479717506	0.992647293692987	0.996531092453241	0.999007361677743	0.994257312241761	0.996972221121626	0.992271652846501	0.951671915275085
"SRR36103342"	0.0286219786322458	0.00400056504562883	0.0170894770005888	0.027658921393521	0.0100688817216791	0.0348473729129259	0.0151849141094328	0.0737316629385442	0.0118403056623941	0.0691959967398734	0.166519009871942	0.001969316236605	0.0418564880339822	0.0213560471048818	0.00925341914800536	0.055689431492938	0.0332924331411432	0.0563723679519296	0.048391821756324	0.0625353889931296	0.0131978972665344	0.0495733604970221	0.00542853690723032	0.0526864082716789	0.00222920784927627	0.0463743660873933	0.0704586843452136	0.0046815624798673	0.0020543764918315	0.021119330502594	0.0145491037202343	0.121967723225086	0.00828003324494139	0.0215652840564401	0.051286923539003	0.00657899709264284	0.0403168114555617	0.0182522544965383	0.0180916499721176	0.0115717665801302	0.0187383487749749	0.0614244403229699	0.010896050908165	0.0172750402996314	0.0175202076764402	0.0290074702471074	0.00918415330916543	0.0914902917266444	0.0594553370290262	0.0546519831023919	0.0549434362825061	0.0715902686588034	0.00997284492907589	0.0426380288240363	0.0325326289068703	0.015792180245289	0.0716550808115515	0.00764863025007034	0.00927723371074648	0.0196005884871941	0.0144101232630679	0.0194345323773286	0.0226684414394775	0.0405405683589718	0.0592298722944377	0.00286834725138818	0.0242236679820786	0.0767815264731746	0.0774436365290617	0.0816229575190422	0.00977730960771259	0.0143569521179192	0.160014990425813	0.0724467433005562	0.166554370449547	0.0260985478978792	0.00970202963307098	0.0188532786145056	0.122889872470136	0.0208965573388954
"SRR36103341"	0.994583673671599	0.954893784040191	0.951707340901254	0.996531336883639	0.999233582871655	0.953056551105226	0.988452446805434	0.987366248291738	0.991520269408542	0.990677073480399	0.995563875868988	0.994169057632615	0.949405427681473	0.996233666822952	0.906089579821797	0.979215985684727	0.987486152212321	0.992416530383159	0.997671742849801	0.998488945825856	0.981346606015189	0.990879652322606	0.997959183631888	0.986938509911051	0.981620461086618	0.971264565603842	0.943319878568382	0.971794881598813	0.988830345837268	0.976975495311657	0.983629585756343	0.998554522778704	0.979947239825011	0.914400493689013	0.995479749471179	0.997992092616168	0.951241198000627	0.993658830284054	0.981451989262098	0.974383427809852	0.945216828697631	0.950262350534566	0.978049762305769	0.99429603160481	0.991073350135254	0.985678369248203	0.97931921228436	0.995027481541862	0.998778143663819	0.991817201408683	0.995356683259557	0.991885759174397	0.995591828329859	0.999151991471399	0.992761393566007	0.957038613903633	0.999306255262267	0.94000064309529	0.88154626855931	0.96823003296535	0.996768616169877	0.997243318193144	0.988491852559757	0.992343245496602	0.981384438460106	0.987161025787562	0.988654629024666	0.996618255820237	0.995226828145491	0.988779797288844	0.993869182809976	0.985516403644981	0.999331561064392	0.988921436167456	0.990771803981191	0.998276247081216	0.977338822892195	0.993064615008371	0.985971081669707	0.960807168801356
"SRR36103340"	0.998580863107941	0.999949886131826	0.998602732128628	0.999466373596718	0.999916415436714	0.999521763355132	0.999072896367218	0.990193368381696	0.995047917538344	0.99948371535183	0.999667055938628	0.996667003518575	0.988873863462735	0.999862346025435	0.990602298814365	0.995070889030969	0.998734802251907	0.999762549288588	0.999829841178766	0.999877710257098	0.992675672390004	0.998568261776737	0.998107884196555	0.999886017720203	0.997773512291514	0.990934731333447	0.991752328446093	0.994717466763749	0.998118924100431	0.988296145930096	0.999612444786932	0.999815814232619	0.99287335203939	0.989935069089195	0.999914343775769	0.998827864505429	0.990163414336843	0.999783245843523	0.992018212112735	0.999155314464474	0.99969528134316	0.988927184636134	0.996949039769825	0.999279546299408	0.995598147076769	0.999166566429757	0.997429220478846	0.999668580413442	0.997759191178788	0.9998995940475	0.99157784296314	0.99907936133734	0.999874448323784	0.999447164124033	0.999367765787328	0.998138362744863	0.9998797168998	0.995867708629607	0.987425590680953	0.986976084747558	0.997722598608351	0.999777379980791	0.990927298443778	0.993687295368171	0.980842642866807	0.997988983464626	0.999893196682773	0.999508238681595	0.999977652559441	0.999798039260807	0.999353135379746	0.995292228384372	0.999985313218675	0.999390265301461	0.998727194996291	0.99998132252085	0.995394543482406	0.999295305664551	0.998489274197727	0.970356490657408
"SRR36103475"	0.00436431676940009	0.0125803479661903	0.0155415121131921	0.00725178897988339	0.00169339731856393	0.00554506090611409	0.0376044743758111	0.0121221636766204	0.00094437091297022	0.0253241023517731	0.0335997577394875	0.0001668454466444	0.0516790894491435	0.00800880868837216	0.00732340575092545	0.0487903097122154	0.00318807284083125	0.0189608138319706	0.00524533601249147	0.0480359047417105	0.0114004700023027	0.00680037786863839	0.00162155585106743	0.0119755747293668	0.00138928877707602	0.0162559596394131	0.0131128764892487	0.00130725002425797	0.0235270291669217	0.0138615970748354	0.00742285209256462	0.0315154029305909	0.00299059423022084	0.0104828530079435	0.00441767443640471	0.012318017555847	0.0260508837261751	0.0145059226485068	0.0102163949785177	0.00796922877901532	0.0128955510069856	0.00720650882011094	0.0170028358743605	0.0613737516526948	0.00814543322762609	0.016536324519641	0.0119568885848731	0.0547356032390719	0.0317292825747988	0.00238663171114492	0.0148256296669454	0.0300584615547428	0.00421166521716003	0.00234859007874412	0.0271886921387375	0.019970548626168	0.0284622493628832	0.00624101777989627	0.0221052404798296	0.00589096325960046	0.00852295241533474	0.00277144441418586	0.0114919837040534	0.111682110381695	0.0423460750969117	0.00145010590084068	0.00335797998237534	0.0173706570014944	0.0054303306216227	0.0277437860422259	0.00385012070346676	0.0339386195758016	0.0344062946208751	0.0162202024918105	0.110038143303308	0.00233304900187615	0.00889114216037533	0.0109324270645577	0.0958901952885913	0.0169208896391592
"SRR36103474"	0.985830612192976	0.99930106912074	0.970762121116672	0.998682787650854	0.999726355439676	0.993198665215131	0.990895890885818	0.996034159095778	0.972607319278795	0.990966311315933	0.99597113810413	0.960753946834805	0.972028462222856	0.99658970167725	0.965351656613023	0.99791258364969	0.996623138905688	0.987059419862534	0.997357966292289	0.999375737547396	0.992300763887664	0.99013825404159	0.994397892491988	0.999251155839482	0.971515822664724	0.973877657345113	0.969624410001769	0.98381169696451	0.992740058588795	0.99022726753444	0.988936941812149	0.999054100994839	0.991040770585416	0.979394382126914	0.998127493983687	0.995390793462469	0.983742335052587	0.995130244244782	0.991219449706528	0.990029014629987	0.999186230834578	0.958810277756926	0.992662417882712	0.995536411944098	0.993543416588165	0.994013714036084	0.995351720117258	0.99754733755167	0.999530284358634	0.999329612592218	0.992515760389898	0.995091386885089	0.999123968337972	0.99967687890663	0.998417707025474	0.984007699167422	0.998229971208093	0.947479064839572	0.952290133779008	0.978711505948498	0.999049850384092	0.999267121238092	0.998168740231267	0.997263159504239	0.982044722952283	0.998800735547417	0.976003296200825	0.996536436344608	0.998503347039945	0.995987216010742	0.998138038488252	0.993468208876128	0.999758284295213	0.994871585161283	0.994036685788481	0.999955593618041	0.99084919498753	0.997569219927493	0.980451173648055	0.970461239825953
"SRR36103473"	0.977751801719121	0.996141053938204	0.845644708564797	0.980908781384319	0.997152383013766	0.957143664200222	0.9796406915396	0.945788959711155	0.911760393284617	0.97083895532202	0.996164537483491	0.968735224908608	0.896608299082485	0.990826504806748	0.874502633594779	0.986185441964334	0.960047158743936	0.987212163743448	0.995236760963997	0.990559178427728	0.959385012111667	0.983370711076775	0.98837818568855	0.99401221029568	0.964353346109729	0.933437668949816	0.859847794396023	0.967465466253865	0.988395889288339	0.944831859340023	0.922703201735337	0.993669323648577	0.974867557044488	0.925019712671404	0.982672332838448	0.994075031465216	0.94926395399669	0.988634494742545	0.978607078417071	0.970805347408634	0.995801588182441	0.943467701230406	0.926710392894541	0.99508129031369	0.982829532979412	0.987610641667736	0.988115290485772	0.994799554854612	0.997682477936103	0.997427382829642	0.971640546301221	0.98567527806983	0.998257271894893	0.996509298501156	0.992907809191075	0.965757241935201	0.995503579936208	0.80234646986297	0.847067762481381	0.850072508346077	0.992756603803844	0.992124879049851	0.983204168820602	0.99024542809099	0.943263722994607	0.994101755047628	0.969660034344742	0.987872620288977	0.988137768386194	0.992933584882666	0.995064572659454	0.978910054909561	0.998799099516488	0.98584040934915	0.979428672765376	0.999043490208945	0.979647668402858	0.979953257257559	0.914320706435718	0.952404506023566
"SRR36103449"	0.0240419046204544	0.0256878437660493	0.0325932941501448	0.0835581236231636	0.0857491266101574	0.0188370481589037	0.123459890797731	0.0573954179232991	0.120980492399366	0.141384358720948	0.0875920866105298	0.00907678964928687	0.0559783884350596	0.00561030573001612	0.0182322823040179	0.0856919783337939	0.069933450326859	0.089643481403097	0.0225907274392579	0.223984057382304	0.0322604715537027	0.111344070049456	0.0184492075686762	0.174031110445853	0.0298258402745377	0.072461753317932	0.0615078990839377	0.0178376400778846	0.135095587266163	0.0314953927991818	0.10518056495928	0.0989844954467798	0.0445245187742118	0.021291252840865	0.157488228204714	0.145007200067866	0.023016379453424	0.0623511202870391	0.0195180328815164	0.0248639302682635	0.0463947065779617	0.0279887658113266	0.233303885889256	0.128204014396983	0.0210508062434844	0.0389847875843187	0.0165922199102916	0.138781855577846	0.134943179532631	0.126865893456821	0.137536525432738	0.150221275360175	0.0620456947387609	0.0562096274472924	0.0664865759071654	0.0356221974263907	0.154480391390772	0.0163031512111903	0.0158973972596655	0.0266879430316157	0.0356786738850618	0.0478932159298002	0.0216318941222012	0.271426584052892	0.0861058451313001	0.00585689965629653	0.0732059742081667	0.262939900829867	0.118733479093329	0.106894776683499	0.0338045362919085	0.0930538171818094	0.206372661625724	0.0794522861650861	0.122051858537186	0.0595514469705129	0.0517803788474386	0.183755239025154	0.19507479074778	0.0217072871813515
"SRR36103448"	0.992009844167403	0.916991080665157	0.958602107939327	0.99205138980765	0.998209409762759	0.988056089449963	0.993831284426098	0.974162167046688	0.988561128330891	0.998258634590725	0.996216816922167	0.932013208606202	0.980912730739091	0.995709608171564	0.863702574219515	0.947849390578541	0.996637806153229	0.998016124923826	0.973926845576594	0.999407789536103	0.878276968985743	0.955211723202561	0.978759980232949	0.967640630000263	0.971314061209602	0.986526535942425	0.962547628267995	0.857756593623177	0.989823554213602	0.884265470697887	0.991459369981802	0.998202588335476	0.977821896132242	0.928477966358818	0.99115026493319	0.994991588278746	0.860661720874854	0.966453683626859	0.965072066144238	0.993092590002691	0.972081071785592	0.937311930553261	0.996190612545331	0.989820057489104	0.995659097232803	0.993786524684914	0.985673598702765	0.997502748544332	0.965276317518603	0.972805602005207	0.986053627001175	0.971444133986332	0.997233111480583	0.995057393504966	0.999350227214537	0.987500548294942	0.996376043910411	0.947954585743191	0.956437607403071	0.952736461058426	0.973401473581738	0.999399962199433	0.904081412870448	0.992343306173501	0.932300130987979	0.953452609032449	0.991997009707342	0.9963141717876	0.998749112660701	0.998335782737131	0.997746295471153	0.996667267987535	0.999802194246872	0.992364476767956	0.997574391455663	0.993302382239929	0.98578922211777	0.995659276328089	0.989350739327894	0.75180353226266
"SRR36103445"	0.825861410020536	0.96342424558172	0.98872421771298	0.85623444047408	0.990332295080755	0.994381534630147	0.939333241633477	0.988237384470443	0.994339460548843	0.998243555071627	0.989362545916821	0.969574378942918	0.949790880438387	0.994356194419484	0.992695856695581	0.9981992449892	0.996872854638591	0.986469863423444	0.997321009460378	0.996881367424253	0.993987614287961	0.996862616949451	0.988220818560453	0.975750196047205	0.896079507289631	0.934272343819447	0.976966426863875	0.998588931179537	0.978247077412855	0.980241019603356	0.99649978475876	0.998817389216071	0.981018417808666	0.981476178301585	0.991723702099456	0.994565711997088	0.982792327274852	0.979265307485307	0.95280532800526	0.999302719015737	0.988890999097497	0.939450700173087	0.977169784559407	0.982396143470804	0.983339867435175	0.956796620331226	0.972874011909519	0.997612643078379	0.991912993870944	0.984334293918615	0.949828987669452	0.986056523618618	0.98508997764312	0.999522017812056	0.984998587380294	0.996677574448987	0.997668739455649	0.975439877063668	0.938274384211211	0.858215759113815	0.999332768381531	0.995857058571242	0.985997662687908	0.978916794580331	0.940063370584973	0.998122347936808	0.991403643027418	0.991772198183167	0.998104277095742	0.998675413318149	0.991170149227424	0.985158555337264	0.998953519435836	0.999108611427457	0.997048150526967	0.999029919093709	0.98233626555353	0.993772892261245	0.988860939925222	0.755123556223383
"SRR36103406"	0.00400185808479158	0.043311262690833	0.0422293243427695	0.0312057469631962	0.0221451868001686	0.0635134968157004	0.12556678834295	0.015389156108632	0.0313899042238195	0.0195248944521953	0.0995912916275338	0.00889730198408256	0.069584159884654	0.0130477005683404	0.035464212857461	0.0375800622133909	0.0352661501345038	0.0426776524444943	0.0458582349192123	0.0361559763531238	0.0151270664833956	0.107829913613434	0.0116467614058337	0.0417249930667333	0.0278231055022641	0.0841024659115622	0.0194644199312632	0.00596097383120752	0.0635512295396984	0.0418615630449298	0.0312713700095231	0.00576341353294759	0.0142465607662601	0.0332404985202713	0.0253325927953972	0.0762766256605047	0.0756622975989892	0.00738151276483987	0.0642009423332198	0.169593496161548	0.0634468967618756	0.0349642712354463	0.0287817490006075	0.201371960626984	0.0537894434789666	0.00380153080857288	0.0107216507669986	0.262511673838708	0.118928821168556	0.0592222776657174	0.0453328168753242	0.133015178368423	0.129101294989588	0.00614659185498421	0.0389942333899523	0.025044732015392	0.100505495932194	0.038651734775283	0.0141006357645227	0.0474999576080712	0.0442334793295332	0.0418722820994289	0.00651574154452804	0.148919823730458	0.0798273347561359	0.0157184352880329	0.0318535379485044	0.0327654062414304	0.0123672834243275	0.0718524419796296	0.0386785285981513	0.028019792986316	0.083246029645616	0.0183818632331739	0.0362496091939913	0.0355289268206831	0.0386045322601461	0.0593994264227244	0.0332134554400103	0.0434604868666677
"SRR36103465"	0.994117765850912	0.990923702859842	0.886902531534102	0.915040866369356	0.991275302345056	0.983978950937389	0.983222249377303	0.778718430810537	0.923762088126933	0.996080515451874	0.988883666795348	0.944923189764482	0.96433389088008	0.976019363902845	0.784738586646213	0.694914803675465	0.989685438193118	0.996136434980447	0.98072470481403	0.998618124403149	0.537499545560497	0.931198935621608	0.956504769986164	0.985861908191158	0.976202739883431	0.968755837999476	0.841562752944796	0.352996660864905	0.965429202179689	0.495932226163073	0.979278853195858	0.961523039403837	0.960669803866436	0.838606817685998	0.988585909809947	0.988969957129784	0.792069467351128	0.922829901916555	0.972821517100056	0.986531495409534	0.995637160704713	0.799473880658434	0.942059397708917	0.984726045535366	0.977975091014211	0.988601099313758	0.976658901170161	0.995224704686889	0.644143775231824	0.993389989546474	0.948620898136574	0.883262616022442	0.991673871564547	0.921934519570784	0.996881012720423	0.948667105594368	0.986669371220918	0.913373760739564	0.869174341606879	0.694134758050876	0.907761518614848	0.998452061383731	0.754459953999772	0.675192719242866	0.573102927837717	0.811408426310944	0.990110287269556	0.991337970437046	0.989144538480633	0.995035933267912	0.972463096592109	0.970750582099756	0.999119262631446	0.986724982480167	0.990651225699215	0.996302240758566	0.929061598073046	0.969562242907741	0.967104737100744	0.67951570629954
"SRR36103466"	0.985796891559441	0.607668324600378	0.706200418037472	0.965673471199276	0.996831760036419	0.865546962442363	0.945653199728276	0.495641951422858	0.703256825294458	0.921259948796272	0.869183914924122	0.938445232674927	0.82205638280636	0.97223017352508	0.70809160173224	0.949446961531264	0.851387966121442	0.93130152103725	0.969534683933969	0.983507922814439	0.699112261992653	0.919935587530834	0.986058423775008	0.860625545897342	0.947016107469703	0.872408263900294	0.760127615207377	0.824154761757444	0.93395278203665	0.550554065188018	0.9031236205896	0.902188269980153	0.865235307722515	0.705157702844263	0.940684271526817	0.96097817246288	0.704546072682923	0.876650671380947	0.990352113314255	0.945724628738886	0.930322833195304	0.682018326596526	0.606092420792648	0.98858579465102	0.846180808462342	0.937780161279002	0.959519089868526	0.960818049749725	0.752794646079456	0.942163283376491	0.809279363899271	0.93564613625119	0.961270203426149	0.824513834922059	0.916711977747638	0.818282019002257	0.991390634959317	0.867969140076759	0.793250488903266	0.572546444970189	0.912154624879184	0.945600757366025	0.834001608397952	0.889419437066377	0.846772932287563	0.87361131346722	0.949167300872317	0.967624575600388	0.986924613106731	0.974448877573286	0.968813464317868	0.888743739831589	0.986291706474698	0.974884308142679	0.964126936970561	0.984401193493488	0.948699812537727	0.970839797173077	0.917570178623262	0.920259804369758
"SRR36103303"	0.00302933146339609	0.00109442175968269	0.00185858820812959	0.0107863157822136	0.00979680636475219	0.000640395002170116	0.00770524986464527	0.00208410557744291	0.00159821638154978	0.0087357860958758	0.0110560758656101	0.000116124127408297	0.0128380916372981	0.00761606436666868	0.00133674312829038	0.0300657248052071	0.00291730057714453	0.0192553124520814	0.00278197813030566	0.0209646807339332	0.000619976340680299	0.0134060654570158	0.00136786491754841	0.0247586657572263	0.000934882503100728	0.0104933858536752	0.00578212858331665	0.000568601936137612	0.0100292837257183	0.00134834307400922	0.010136123996321	0.00137045304803364	0.00439546575732478	0.00242694811902464	0.0164558710549743	0.00675622996560204	0.000946955134042983	0.0216170008239073	0.00935248205046565	0.00406863902294391	0.00681254991345616	0.0115131908576336	0.00430715150743625	0.0033825947620068	0.00379668863835514	0.00830904839535269	0.0105375885324134	0.00876766993000367	0.00272749649769813	0.0117320265282183	0.0100978679911402	0.0120260226626996	0.0242408583428111	0.00165785226987398	0.00858837741507199	0.00435646324981976	0.00690628579901505	0.000655493292308666	0.00121208724648546	0.00341972869291802	0.0011902839455391	0.00616100463378915	0.000960018508061044	0.0144514162840081	0.00870297635219563	4.26748342499175e-05	0.0146705030123233	0.011947973770683	0.0148154785908017	0.0503623225340545	0.00752226198107216	0.0116217772937259	0.0430305438195146	0.0114615504539513	0.0176279670370201	0.00442928348604075	0.0127165031599581	0.0190820692389593	0.0202290238733614	0.00233498144209565
"SRR36103302"	0.254228610176054	0.0227886434724155	0.167121137564509	0.502808003451537	0.769166597155726	0.291533132875864	0.513205582957513	0.175807597746765	0.00579908545758868	0.733332893216548	0.190336855699052	0.245182723860273	0.35902859748915	0.922555666690983	0.326180058120475	0.938284483690718	0.938595552329921	0.516392438973022	0.475833403043124	0.913458985150723	0.491082448473562	0.554886688497257	0.546310917982211	0.686317916998793	0.114080652949833	0.567782955754995	0.511360994187818	0.13801140201958	0.407826978376894	0.502861105965775	0.57698929563873	0.845057215430018	0.533264277162888	0.396365093258908	0.875328246005617	0.539818912964255	0.232869564148631	0.791567610949565	0.763355641596226	0.578142041801551	0.677783280035493	0.561147292824417	0.651002128313188	0.31699208754447	0.66328678589978	0.422901031628655	0.462202477728952	0.692610576914614	0.553951757498282	0.72899716736848	0.556566278741585	0.820909666427469	0.736386930486691	0.629869400064373	0.736319089986586	0.60860518970511	0.708946282020209	0.218115537354708	0.411642067865019	0.286832242056233	0.872974187198159	0.762204740546295	0.674830826458299	0.743892828913872	0.428965244675556	0.0790379143435372	0.108233331873872	0.761423846775006	0.920906414281603	0.915379946198184	0.869179751978467	0.776471403536827	0.979978098806434	0.863675049886924	0.834371469186206	0.355631698555666	0.736298898571874	0.801294553937722	0.473662378419175	0.104800337321121
"SRR36103301"	0.143448644899784	0.949117563378079	0.166706067592445	0.599066640695515	0.932204047011614	0.310645795324024	0.612660287634999	0.493756903660724	0.377156253396215	0.594613134039455	0.854977929419815	0.195357053637446	0.412067539559983	0.816248614010612	0.353180523075416	0.704098780215372	0.869843054610868	0.400634316637876	0.760062017566281	0.780660622053699	0.406427630387772	0.533361869831863	0.269032004059034	0.930564831668624	0.163007211152235	0.5857354066104	0.307058855500098	0.455497900503187	0.433482345151669	0.511363216822548	0.415845925149093	0.745561425234997	0.808169204973735	0.566518401412655	0.787024568479495	0.636813286301786	0.532447038438821	0.88908287056925	0.502252982741981	0.403834432804854	0.981741470451828	0.429229436646642	0.642438524990603	0.579490286193703	0.932570467571569	0.796895416159691	0.825558601194	0.866291341423812	0.693814593148607	0.976984737012762	0.52169049786271	0.670243973508071	0.974482300524048	0.715335627295974	0.84929838193883	0.651310361772607	0.811913676951976	0.224163426369616	0.322423117182341	0.38591332774111	0.793452288534248	0.832793602551477	0.651213606245844	0.896769715305794	0.466942892300672	0.351337459461293	0.301931012742296	0.675412674093542	0.693383683953415	0.911014213260119	0.892659357481336	0.756896689052696	0.963767661063523	0.642786279993319	0.676706589027772	0.983661461204515	0.503717868722202	0.858790339438256	0.322761456216239	0.169517285112456
"SRR36103358"	0.00241736803631993	0.639984545678178	0.0378449408588968	0.177609225865598	0.194033552120621	0.0228523902846786	0.150299213601482	0.0475692143124836	0.0211337976689161	0.0540248168540226	0.19022223821023	0.0266171683794585	0.0789923437872917	0.0771650096159325	0.0538259174171	0.366383076883732	0.227510285225722	0.0240984619136852	0.269410814083736	0.0980884231014967	0.0347780356482859	0.105554692335219	0.0596595772194113	0.456406046903566	0.064699016653797	0.107089260453594	0.0350667068969708	0.0410341409875968	0.116418721035597	0.128793847387438	0.188609878925505	0.0639432034321664	0.30177043319275	0.0599561389698551	0.283941408114921	0.196201891526618	0.0748635315876706	0.315162401266794	0.114875948359559	0.041177698947042	0.851821516320737	0.0311734225809815	0.112688535167818	0.382108540671928	0.231693458081332	0.0282044258653312	0.0494091094891173	0.189347819612984	0.0594889852531554	0.41466132541252	0.0319359339159244	0.171437908834754	0.412736567875901	0.0348551076229052	0.0520700729108486	0.1436045078762	0.134581836503492	0.0234479826820749	0.0435823905438064	0.0777033375879372	0.0756322392299041	0.246057937687335	0.0366804414728281	0.2253210564646	0.105731375702619	0.0079646746406625	0.023753013590898	0.0652258923432832	0.0411478432833928	0.251834196656797	0.139520388484791	0.182390380240297	0.200456401073277	0.0883846940723148	0.0664510010255458	0.711998521582493	0.0858495919767992	0.255120459690341	0.0491769699757758	0.0874475354742585
"SRR36103357"	0.994351701302852	0.964983191789371	0.983000900722406	0.998797165322006	0.999857137250284	0.997829363059426	0.999208986780291	0.990931672932526	0.999751012333119	0.999128195740627	0.999411262566177	0.99771097585379	0.993486283875013	0.999755241644377	0.99678456303902	0.997951359452713	0.998766554643151	0.999970842882008	0.999073105172954	0.999734497465417	0.994339070638843	0.998729374851361	0.997655948516854	0.998906640027582	0.998595307451859	0.984184624608255	0.979789047755443	0.994541428603405	0.998817815259727	0.970018761665461	0.999108954386378	0.99946230174594	0.982000285703676	0.984219978694499	0.999478638136781	0.998330044587551	0.954422576425182	0.997922823022201	0.999530400726924	0.999361214940822	0.991715490978945	0.997238367435519	0.998508819038571	0.99944690496311	0.990381959040998	0.999376515644885	0.998521130601958	0.999733118809778	0.99844516258386	0.99691110162175	0.995783733444262	0.997962962660038	0.9994590792977	0.999627228715759	0.9998061321325	0.997974089764346	0.999890303512029	0.981138990959331	0.926071164240169	0.994825935501264	0.999279286598543	0.999987209104052	0.99588634698978	0.992713043719882	0.985088589130019	0.994952695167774	0.999965518694892	0.998312429774359	0.999973427216905	0.999882588473229	0.999884355935698	0.996525447410653	0.99998626210993	0.999496715089103	0.999664911867458	0.999750349034428	0.998125205228234	0.999781055414385	0.996235712451919	0.90630548697291
"SRR36103403"	0.00327435749277407	0.00159271182305437	0.00299516418241559	0.00207206111211421	0.00125629244946434	0.0049669108829564	0.00641059780714465	0.0312083732984496	0.00821940201471685	0.0119430894241098	0.0558544285538417	0.000624439622810633	0.0173692870123019	0.00351484763241708	0.00210795749612343	0.0168480454659535	0.00503946324505192	0.0133280351583358	0.00491765061783325	0.0132054436100026	0.0036566281126991	0.00871395974809928	0.00085407247669207	0.0120302764801207	0.00108099116309513	0.0134664067646264	0.0139648212766193	0.00105362489839351	0.000479645496711026	0.00532505754632332	0.00405442094259399	0.0253687582262805	0.00129190756503674	0.00566933016754562	0.00908745728624945	0.00210021994589173	0.0130786150546411	0.00192810897720087	0.00116408373911584	0.0020083867784098	0.00233126054122195	0.0225052206233662	0.0059851385189025	0.0019309797361953	0.00296466065869336	0.00352115831716984	0.00102297029943704	0.0124679272334621	0.0422248998679856	0.0105552346155792	0.013935397310104	0.0222902548720175	0.00218155177226275	0.0128822482558674	0.00179058498904105	0.00642232950759977	0.0358129627613285	0.00171752444110363	0.00313772090302225	0.00865630369146402	0.00464451970595581	0.00204456156076697	0.00587966823231803	0.0111112485100328	0.0280236670863268	0.000417945897625735	0.00419571845196486	0.020213010975033	0.0223886863122808	0.00693715768635768	0.00114970588316364	0.00266215208529629	0.0193225189282837	0.0113235324394211	0.0253770085817126	0.000862952023019801	0.00204242563717124	0.0042280838863684	0.0546078950173045	0.00810693521726968
"SRR36103404"	0.985976832978411	0.566111450737955	0.906423167052045	0.919118200454675	0.993501920566552	0.958862837691987	0.868504693612989	0.351128776920013	0.779492913674389	0.862028870945248	0.885270333699286	0.928091755525836	0.577062788814089	0.934216015463377	0.788878002931855	0.925964499757597	0.395859034885888	0.937551405097761	0.907534695308357	0.763005115435135	0.908962535189905	0.976935646876504	0.894672571310209	0.860619649358764	0.875928641777354	0.742116059113899	0.915255600807666	0.932337170240919	0.334301461042918	0.481562868859766	0.722921172596062	0.879427119997617	0.585320440345039	0.898869002482857	0.841367192038876	0.530404499682729	0.922543883526681	0.827027468495475	0.890045566729713	0.845526720573739	0.840672361478714	0.813943615232939	0.267991172475826	0.992344202761063	0.517758820247196	0.678630938173885	0.815255752461834	0.982240501427537	0.972608011323972	0.99365475989461	0.664548794752924	0.956091961469109	0.979647386824055	0.227210415901375	0.276458093575789	0.757142669543765	0.991793781107897	0.909283560734534	0.719031452372927	0.62438322453441	0.729775100583033	0.595902036775795	0.757070817111174	0.90841565759676	0.84501620203336	0.950288577294811	0.821010098783783	0.97680774704044	0.97803846551919	0.922441905083142	0.4991577576038	0.205325341277289	0.953231607387253	0.912640321295693	0.951024119926501	0.964492081325923	0.665258844295207	0.920158560987571	0.985565704980522	0.929691744307608
"SRR36103405"	0.0144144509653966	0.180083439713836	0.456244994466827	0.263057100847347	0.909714722903442	0.766206710259564	0.266603961275315	0.582751956007694	0.222519294500145	0.283111959723283	0.868560249581733	0.00124772460382912	0.4941470927619	0.508166665246675	0.347259415325789	0.221220866885263	0.503357642362512	0.441344157600306	0.394813107651443	0.602065252092637	0.285177397556799	0.69021170199504	0.0667204836398604	0.391753763636331	0.0110387753933201	0.72550028698485	0.595439816076957	0.0756048978500863	0.0196341774810441	0.352549578344313	0.212233003388819	0.65201034800251	0.0139675701629879	0.374581338524004	0.0983303760066271	0.125618398872403	0.711494107700714	0.0392906239139693	0.188136429206698	0.708724750986468	0.491833496904936	0.499202312398218	0.14658266272854	0.0257594465982753	0.781016924818049	0.0535215954514674	0.276222871340369	0.805173234538429	0.698499060867063	0.49088183181196	0.203732728146541	0.730154766269272	0.39344543854805	0.0998584149115897	0.213068499820036	0.170898604122732	0.472452410477691	0.62419003270081	0.227663553422719	0.267234080358455	0.375967785184828	0.568506062191349	0.170203175128828	0.653240186830489	0.483121910998158	0.183506476112834	0.357537006636876	0.219549569496859	0.617659351964234	0.883115026783934	0.547364343603743	0.112510695218878	0.789970186682039	0.591447147949868	0.605664275378096	0.690447606132504	0.0970484036644355	0.456203512896939	0.557671453746128	0.261242964047704
"SRR36103468"	0.267597869165807	0.966352067255887	0.526203766900545	0.667022162912273	0.929227610553512	0.377734697551393	0.85763894740548	0.344290551096065	0.310388784100805	0.646215079529377	0.787872274076139	0.0655210410017857	0.390515550783763	0.500258603902653	0.195568965167849	0.806461989351801	0.572084652401165	0.742733347801398	0.287254218854981	0.711411143631507	0.412632838796728	0.722422579501168	0.16933037201415	0.915856261845107	0.403724089289358	0.523774206848942	0.604620902254064	0.40704629811019	0.331320183120004	0.323413890609315	0.261138006227503	0.977870990942458	0.559763008480068	0.24423370196447	0.746371299491505	0.522282709550267	0.251384523099605	0.731309856357439	0.316188256480312	0.666765571844186	0.975757605314589	0.340076194675339	0.406176535150745	0.935970294314239	0.79959617234749	0.39911238463326	0.607911308245481	0.857046523417075	0.834320325100353	0.951121634207974	0.280353955836115	0.732192709091322	0.79044351761182	0.53897787330933	0.255519921980679	0.538940256029101	0.809620191191504	0.336930779647017	0.304818624605426	0.164289488639024	0.712776045107757	0.226581693908635	0.189731900454389	0.448132995544774	0.262928524756056	0.148399073629802	0.463645827632926	0.781476976329296	0.759016015930827	0.806435285695857	0.633972104032017	0.49757463050186	0.834124403058963	0.495913451583321	0.829248122194749	0.994258137614928	0.272864029777287	0.447907751527264	0.766583569848074	0.222566180336315
"SRR36103415"	3.93857571813354e-05	0.00155313911850382	0.00132603872593165	0.00247026725552952	0.00284586857120804	0.00192302747909047	0.00595961740213802	0.00962881484250952	0.00350097054176717	0.0036342143630562	0.0325407572375966	4.6643116379608e-05	0.0495882061566465	0.0130962762936786	0.00219440369315357	0.0149138536284528	0.00791811830785007	0.0120789055704175	0.00104170883271859	0.0204106971800717	0.00131653434308674	0.0111061166817129	0.000584718258129605	0.0167264545746282	0.000409176121070037	0.0157299179782907	0.00453911267287042	0.00101665935439428	0.00900738036431165	0.00156438307766525	0.0243019438895614	0.000587090555274854	0.00389126822937659	0.00182936168308279	0.0141400337679263	0.00414071461706176	0.00151421629673115	0.00628174573610613	0.00753947584141101	0.0102850511071707	0.0115243354225402	0.0270229427171439	0.0395775498913399	0.00218881286618101	0.00219789770242502	0.00147796111999347	0.00500434726163927	0.0102461360139535	0.00327207456680726	0.00425933600068397	0.00203996111773711	0.0146855727626892	0.00767787969333066	0.00216416197314617	0.0012650320058674	0.00925984626767221	0.0126377310876088	0.000992383021446385	0.00451751121266461	0.00684016925957863	0.00157946690501987	0.0236222542187083	0.00102022264502515	0.00750822351234844	0.0257042821224879	4.39161681768051e-05	0.0130412009292759	0.00248527945722436	0.0140608607900218	0.0355753869426781	0.00351763753649801	0.00752076891150563	0.0137375329633664	0.0267885312878586	0.0097926676163425	0.0040521140402265	0.00883990544783074	0.0222482150270314	0.0158863419564688	0.00264891266866929
"SRR36103414"	0.025940392569081	0.0866459642623219	0.0414482571927075	0.0232536675322177	0.314780491817703	0.0239462144724739	0.172696961421869	0.0271864509661367	0.0296945604528671	0.08062074651173	0.118930727660447	0.00216563211461036	0.0617885334832221	0.0978701007681027	0.0286009361627398	0.414566743372421	0.0178716235087444	0.1753116634425	0.0063756988861504	0.128345488163721	0.0213680553709721	0.081004863360987	0.0297002701221855	0.120207337352379	0.0118654098061814	0.119301775457115	0.227164557296344	0.0142274238572613	0.0226235638176782	0.0154957194870073	0.0349472495641695	0.0709151742200316	0.0314411040096605	0.0851636026373278	0.106162495932396	0.0321257114778203	0.0333116423501501	0.0552979119147945	0.00712443855064743	0.0309488004987848	0.11860009761847	0.113530218887134	0.152897669806432	0.0995377861634125	0.0980031376269846	0.0356010719482234	0.111079922657948	0.114666456312467	0.281377559645379	0.293091791474106	0.0459769304134157	0.152657189737563	0.218675001849668	0.00511750561790692	0.00762379059437364	0.0648378767591146	0.159429093478737	0.0331566871413905	0.136581497746497	0.0322379833680278	0.0500802794945865	0.0250976445232937	0.014939886452463	0.0988952985008229	0.0597604990592141	0.00252905122184045	0.0330721717550508	0.242323308597168	0.512047349793046	0.106042613141571	0.0295134793478242	0.0442040724035656	0.156539128712158	0.0643532325021019	0.235071045523328	0.0361784290958591	0.10695955045883	0.0858595823478836	0.384011832638573	0.0565725492274139
"SRR36103408"	0.00788920253486424	0.00355183598905016	0.00473693588164446	0.00448976082820036	0.0023924945359872	0.00274628877091336	0.0167634309193671	0.00950619697264418	0.0190576798356403	0.0764495973079631	0.0182845190493598	0.000439200465673559	0.0558735382869414	0.00531927030316262	0.00587226384679806	0.0962775511256093	0.0127982370954322	0.0334070586756671	0.00566016679904816	0.0597783867911197	0.00197393864605881	0.0220685942470996	0.00737090892416788	0.0263340433367533	0.00853034582708594	0.0297617185748008	0.00822729776021021	0.000993628463883747	0.0544493730309177	0.00262907093931064	0.0534019896380482	0.0106391541918506	0.0429839022033545	0.00488668628509111	0.0439534319220802	0.0532015271482621	0.00233875346094391	0.0183918730264672	0.0356289615957287	0.0272170786042669	0.028816132548512	0.0141301719940299	0.0373895894932597	0.00901948651922087	0.00800641333254911	0.0365618883037727	0.0124745658202906	0.0274265302787113	0.00161983767729104	0.00711526848160292	0.0270820407545104	0.0127393024493554	0.00593634428113819	0.0205210807125312	0.0404162675888697	0.0244991965134219	0.153330763915852	0.00189637409942639	0.00818323093645296	0.00226455365557188	0.003378450366037	0.0210854014547953	0.00341288896868666	0.0151914607674227	0.0203798654572354	0.000137292929290489	0.0809635015118105	0.030932616368106	0.0479722175003566	0.118420786424181	0.037314995925454	0.120846016068651	0.087991636872791	0.0597232482711083	0.0881892109717376	0.00726339282852345	0.0838231088587637	0.0371363416359189	0.0425879066302499	0.00416237072880699
"SRR36103391"	0.989412416736206	0.990084650161169	0.996897116055974	0.947212539880067	0.994091544191214	0.979811438432955	0.958493137972115	0.9544633263101	0.894503350029529	0.969184790567112	0.99217890754091	0.745244515277067	0.908892804098046	0.989124673211402	0.980422005401693	0.98884342047047	0.836423232468557	0.956199285718414	0.984172536886321	0.992586436452588	0.94143393494023	0.990448605486331	0.98499436856505	0.941647317084895	0.971864568154142	0.954350476433293	0.982510492970813	0.88076284587394	0.949238278290085	0.980643829603652	0.939352958637391	0.943586222866279	0.76329878815899	0.988906368150773	0.873754887857371	0.9825717624581	0.979212618228373	0.955642901949899	0.969450644676216	0.956365631926347	0.977984047991355	0.954116912494038	0.938704025614562	0.988925331951297	0.994343960092822	0.750705882320418	0.948333005541122	0.986928532576185	0.987832530953652	0.961332126391824	0.92013045471736	0.987482755422572	0.993546950650145	0.679689802856502	0.791035852405325	0.923055965288138	0.988480831405574	0.987250421521563	0.988844276589577	0.786017653227082	0.964274758778708	0.975448333253884	0.907486341252198	0.983087171689363	0.936827403220184	0.985048857016745	0.932267411576514	0.980666726569989	0.962712289029804	0.986592966654323	0.958440923001631	0.931832210766844	0.991585376642557	0.956048361277107	0.972259740968593	0.983413831485265	0.986099394269544	0.969804604326283	0.962324506705938	0.983910023500662
"SRR36103392"	0.999846960024457	0.99928563669092	0.997787793862788	0.999966123229013	0.999999266692389	0.99871035214444	0.999974348703131	0.999431998988918	0.999953397256527	0.999901846377154	0.999883442778268	0.998636353045654	0.99944867997578	0.999892030677843	0.991581756893106	0.999414661709424	0.999929795499733	0.999874102286361	0.999763821813174	0.999983006273398	0.99951197504863	0.999796745225455	0.999708742826355	0.999648513483905	0.999588458564148	0.9996522091893	0.997219166472831	0.999830757018945	0.999914256291274	0.995510492887176	0.99974992476895	0.999997398234244	0.999123843288017	0.993316783685718	0.999885035610537	0.999990007762202	0.994155911985167	0.999916970665553	0.999677419981713	0.999955888571134	0.998955049137188	0.998364908376145	0.999828825807104	0.999980017794595	0.999995709619215	0.999753757933428	0.999984706264901	0.999965657927902	0.99991250421745	0.999853801103061	0.999156594468025	0.999706426841485	0.999972343558117	0.999985016841781	0.999912630152496	0.999732135048892	0.999998399829465	0.995492551536486	0.996385292776494	0.998246105941382	0.999977104670853	0.999971911540006	0.999685038727099	0.999735733127174	0.998756214703246	0.999943078206774	0.999963831964405	0.999949160128189	0.999994940102553	0.999949716193303	0.999967680547594	0.999937162227619	0.999991397407685	0.9997868151579	0.99986944856926	0.999995148037662	0.999571283307857	0.999861881572759	0.999682228871052	0.997875254257476
"SRR36103441"	0.00087706287865739	0.000241195269991993	0.00316612466616555	0.00210846891902317	1.62167867591995e-05	0.00136334173481135	0.0138683793635642	0.00405279725170508	0.000138259980734818	0.000639839177407119	0.0242867402861172	2.59958927884096e-05	0.0371563124710514	0.00201806359580683	0.00394750788611621	0.0126762883172242	0.00531527377075425	9.03925347976938e-05	0.00148228882011988	0.0180588727016295	0.00748044026821539	0.0123236139689753	0.000128342143777837	0.0171409965458284	0.000323132720755373	0.00113390550858329	0.00114523538610352	0.0158592053258837	0.00559070877424465	0.0036243711792554	0.0158435434148799	0.0328447311286906	0.0025135192690197	0.00567159512314902	0.01054894071694	0.00887536453726959	0.0101341678408302	0.0110503919084709	0.00132114510951279	0.00101305615326448	0.00741498474122502	0.00448611896406353	0.00148282853054497	0.00765283015843069	0.00316533068336327	0.00527888889399662	0.00473164034196363	0.0071747765408077	0.0203620216679281	0.0346053263476051	0.00412088618805412	0.0133603390761046	0.0261057753646397	0.00188615717121491	0.000754422308190155	0.00787562818597025	0.0335292010335122	0.00430745284539004	0.00533672648432561	0.00847767479365402	0.00114349567693423	0.00659768935388957	0.00344918809216202	0.0300552334055925	0.0260686247068318	0.000272907305130477	0.00186651520227289	0.0233584771250365	0.00385048558018714	0.0166366001113222	0.00201334507719877	0.00555561709715629	0.00812801976168742	0.00597616649855784	0.0371269634407614	0.0514082123877244	0.00267330522012979	0.0170644947534282	0.0312337151387818	0.00772880600308147
"SRR36103440"	0.0411201496153421	0.520304064619984	0.00651313875145054	0.0789790405891213	0.0968372534644491	0.0120444474187686	0.103698934126454	0.0287311877383591	0.0242397332565822	0.0448499841544684	0.177571721705491	0.00912769429919725	0.0807201735868368	0.0238803127035573	0.0149174310467006	0.393948704296655	0.00883174885068805	0.0529037717487669	0.0179975798901593	0.506839712817997	0.0522987313655415	0.154256972185008	0.0488469101891374	0.543854096691051	0.0315068816872602	0.166389577034614	0.0615392462536551	0.0391870215420891	0.0408980454090555	0.0384315772792564	0.0585816868347942	0.341556340034465	0.0638192579441257	0.0262751723681126	0.269627365983906	0.172125562762885	0.0488462301470572	0.295119743011082	0.0214285785729935	0.00163513722191134	0.359190505633848	0.0352164700561233	0.139995100843877	0.110559811415715	0.0237938943573191	0.0169104318565875	0.0144664549714047	0.0626761940976528	0.136007417046985	0.497732273344785	0.0929458152071743	0.16554886120185	0.277361860919359	0.0139374797616006	0.00687082433087292	0.0429555038941952	0.445971924669515	0.0224199271454404	0.0502226904584325	0.030770343228661	0.0115032983133073	0.025687199727742	0.0305842419436594	0.130284415315956	0.163986897763217	0.00448482073629166	0.0177756688834955	0.248599301218729	0.0221765758945205	0.0585838928955434	0.046452483056195	0.0711141338673122	0.159681435620566	0.0368768319849767	0.130447485767055	0.627129088716383	0.0688322239771383	0.0993381317976601	0.215414333824136	0.0567947710545583
"SRR36103359"	0.97612849188255	0.838982093250665	0.950766749824311	0.983572129498377	0.996721899614796	0.9775415059244	0.993067720250281	0.904497915658267	0.98805465856964	0.989517421554414	0.996305367021631	0.93965070297072	0.942429772521185	0.987988815759296	0.954116380285417	0.994748786271157	0.931965411403401	0.998902135585944	0.996151960665193	0.998114528182296	0.990840834883823	0.999031843258792	0.983927029621042	0.980360616154754	0.991848313440709	0.960128755427878	0.929083518754423	0.98483490820156	0.988936692646873	0.951555569992438	0.975313851914217	0.999015813862637	0.890002482085013	0.90263813187961	0.976037982425259	0.996663853992881	0.949764627564252	0.992039499230889	0.987029766090768	0.991572879118451	0.935370430390411	0.970550714230473	0.968829605221562	0.991432280981876	0.933869468016175	0.967118200777275	0.945659392749276	0.996869031378769	0.995542767781303	0.98455034003568	0.969892124383374	0.995657903110806	0.99606379825617	0.994714682679748	0.975413798253535	0.973097519059205	0.999093884425267	0.956657610119679	0.814115840386154	0.853696310663891	0.994064852183601	0.979789921084472	0.973473732689262	0.972306175015271	0.978329304814344	0.980637953239936	0.998876646527651	0.996526700447644	0.994532087342792	0.997790249042001	0.99001355250256	0.969554572272787	0.999366144618577	0.994983143616597	0.99434912662779	0.986750772024378	0.982496391162629	0.985444130254352	0.983654469358285	0.921782167847256
"SRR36103393"	0.000219951563615043	0.00232296475433783	0.000992218282538785	0.000312884289734314	3.21343420922143e-05	0.000549123277372722	0.00212685956985168	0.000864796984882946	0.000344427175540878	0.000814120675790564	0.00216931533717758	2.22529944118074e-06	0.00485892391968687	6.65132566894042e-05	0.00101204193385345	0.00410943465411698	0.000136660355874824	0.00141955261663398	0.000100498354772866	0.00489271094320613	0.000153300810860686	0.00187374252322992	3.889220580281e-05	0.00265075668395235	0.00026098418065877	0.00311348240775173	0.0020756837838807	2.42658572357667e-05	0.0027079964379027	0.000895011808747557	0.00139962469154116	3.07837290427528e-05	0.000254890748757431	0.00297332731673818	0.000331476851075764	0.000710402394611884	0.000594861916317955	0.000638530743155787	0.000376566009367766	9.72699282099784e-05	0.00170016925061201	0.00303367083604485	0.00568032781542122	0.000499512254739144	0.000685296223269667	0.000288227448175722	0.000130324341050388	0.00130210814853542	0.000993849578985344	0.000679170400693961	0.000848689061877768	0.00172528573720113	0.00141852459197274	1.86701618216757e-05	0.000486532559785435	0.000436710753434367	0.00049227762237569	0.000348527137398894	0.00428918078386628	0.000452034783360247	5.25961695092189e-05	0.000512244140871971	0.000119267569978553	0.00314149300460653	0.00465912881054367	7.36607474382423e-06	0.00050965695593107	0.00104322555502849	0.000149423100344392	0.00210278425850011	0.000175553802723964	0.000983521734268391	0.00265374052831166	0.000461803583220866	0.000617708007498066	5.65090061956243e-05	0.00471717677239851	0.000577304055679961	0.00139994521998698	0.00118219586256124
"SRR36103394"	0.992508162299763	0.996956655424012	0.997514893050561	0.997980648210812	0.999801432052774	0.975251270583994	0.999297729151144	0.999177032891569	0.9992547690046	0.999785250039517	0.999002756022157	0.963579214999642	0.99473528692035	0.999667099987882	0.976513163022769	0.99982068749897	0.999738177742372	0.998887230525518	0.979174481506941	0.999878022100579	0.996113941957876	0.99305065519379	0.99698471739424	0.997877413762944	0.992400750613117	0.998188534889502	0.998273214187174	0.990474771086315	0.995100040094269	0.993820408185569	0.99331340907913	0.99994047523335	0.999060851964293	0.984890259133055	0.999438861937544	0.99955485496384	0.971851746438147	0.993737957459578	0.995512849733175	0.99957052631143	0.999049771740972	0.994331433432574	0.999791810814079	0.994925368661189	0.999934725238258	0.994205947302017	0.998360716597573	0.99958804429301	0.999378876919772	0.9982052060924	0.99908068240224	0.99810470098022	0.999340069332275	0.999888389573378	0.999226714265854	0.99816844035639	0.999609559571735	0.987297910591338	0.993939009496263	0.984103956854141	0.999800244187296	0.999322036223507	0.998259760146218	0.99788721833844	0.978581420749549	0.997647890993782	0.998772192500219	0.999598309237992	0.999936355973522	0.999481560609641	0.999856892183028	0.99989827091413	0.999860983989413	0.994494240218927	0.999905732851723	0.999767282331754	0.999450523108934	0.996839480692032	0.999001348071618	0.965511155794028
"SRR36103395"	0.995225891208072	0.997566281609658	0.997170017509743	0.99850384729513	0.999892679241463	0.99823468647881	0.99622513797866	0.994949207319183	0.997789003439881	0.998269608257621	0.999607436068834	0.953641305388204	0.985382809208488	0.999346644454156	0.992126822063659	0.998019057168468	0.997298663739769	0.996741707104996	0.999235350098583	0.997943424407388	0.995204029061618	0.998201004169769	0.996329580872382	0.993558079709996	0.993045507665969	0.996257617478797	0.995417771544278	0.990941433655827	0.99413523415461	0.989593910734063	0.990648484199922	0.997841975922641	0.984915310821145	0.995357152439147	0.991314185772369	0.998553248321003	0.994516355427787	0.997249502765431	0.99305547558434	0.998467484937247	0.998178738133155	0.996465965685134	0.997084165595072	0.998784975229433	0.999884558167728	0.987782735558142	0.999026878046954	0.999591129728759	0.997702520825642	0.998723421055787	0.982263939715686	0.996956873634586	0.999532249146042	0.993131213408278	0.997102342932653	0.994877691488764	0.999759656053455	0.989772283906722	0.992739841504424	0.960371706954375	0.99827347706496	0.999254661747142	0.994521062500289	0.997670978484816	0.98873614673434	0.994133879466327	0.997822780016204	0.996812499817396	0.999780213367464	0.999701942707278	0.998903654309872	0.996537802638248	0.999738379596989	0.998307159602769	0.996737535527379	0.997388329151432	0.998858541353544	0.998012094070896	0.98715961262993	0.993423168809352
"SRR36103451"	0.00560607061902883	0.645734121258139	0.0684062135375039	0.0663189079069369	0.0160840672758501	0.126128290750916	0.192230948569099	0.170062181754187	0.0423192297706684	0.067521212319818	0.371073769731713	0.00292826608320868	0.431175555544708	0.0768197934434636	0.0473882408984777	0.110901652542359	0.265308733584414	0.0985929165966686	0.0393183823452631	0.480482392426138	0.0164358882611059	0.153466653532652	0.00863594984831925	0.594498381565874	0.00902400756230126	0.227972812870488	0.0776602750667592	0.00716967052886737	0.0169710876867434	0.0688493666941613	0.0686476911623839	0.0350910660737908	0.0588365424380683	0.0698083971735258	0.144049473285084	0.0445005403306003	0.0813676577137362	0.0798977620114433	0.265397026522553	0.231675043814224	0.87392411356215	0.15734285496781	0.0546133814619369	0.266651807827595	0.322018208553912	0.0197927708135998	0.0523149435946722	0.256290332276444	0.0769793717616589	0.376913527370204	0.0387736132916651	0.137222112358654	0.182259690950183	0.0163137093330984	0.0653591895821697	0.106850866002593	0.0650292324089415	0.0512281522594533	0.0631922574404731	0.175541190076571	0.112297577551119	0.291464620193104	0.0171570708977367	0.160235669912974	0.23134279503734	0.00739076693269874	0.0658124404744578	0.0550046984577951	0.184230949387712	0.235358679712233	0.0771079743042981	0.0639592466582273	0.489027224526407	0.0954084870093821	0.246352720052986	0.705300876568904	0.0289982392487063	0.0749401584849576	0.146937231386283	0.0363711500617398
"SRR36103450"	0.99560538291016	0.999936603395868	0.998387525974013	0.997556908526975	0.999218489160317	0.998390071947042	0.997731818998877	0.975486598683318	0.994805864768923	0.998663602282247	0.979847219249518	0.980313326330562	0.970214623916962	0.992639692281772	0.993121951796899	0.996562882957364	0.996051839058345	0.992985574711379	0.979099237611528	0.998341932434055	0.99657013685505	0.998401415635928	0.99063066958229	0.999038557444054	0.986743881831541	0.987190631076803	0.992436046279877	0.999225346131509	0.993187650821091	0.988649629057928	0.997195152607605	0.999899025123034	0.99061130219823	0.993082568547727	0.998235433346492	0.996085806314897	0.986105078930802	0.998507756293493	0.99450358125521	0.999720635147836	0.999815073157858	0.917842081012964	0.981994326245685	0.999928662442303	0.996368198797061	0.989083157581731	0.993627973289574	0.999254902219223	0.993629979891465	0.99904615109987	0.967030433875833	0.99151328945302	0.99654043772524	0.9924344727155	0.996856185881843	0.994616530692325	0.999736994581028	0.997091607121648	0.992104043771237	0.874362091961337	0.99822029465198	0.989552612499318	0.967757291405842	0.991312407769292	0.932412176703433	0.99783368648666	0.993247957720691	0.997596513528371	0.99913496984029	0.999277862399269	0.993607190627696	0.992086851504432	0.999731281504342	0.995241470748327	0.997640009406271	0.999996453049195	0.988434338364367	0.996899247024157	0.996514410665583	0.934359316439674
"SRR36103443"	0.0394628148890176	0.0852458109584749	0.721146868224968	0.017391214509446	0.0135399493817248	0.723655669112143	0.413179386083722	0.0528826382223912	0.529267919847851	0.797248567902788	0.322482302675873	0.0169433228962332	0.230395582067158	0.0268013539314949	0.575362286732258	0.822308272405281	0.50472064930794	0.161607463864224	0.409295697570045	0.0866700396902752	0.572404884972463	0.683273883607064	0.0532101116588799	0.153405474386012	0.08523765877001	0.188142921246355	0.349818508405369	0.386898712102145	0.313870335722065	0.110617974116317	0.367906241867805	0.760619479404231	0.0380059339253594	0.368906000924445	0.113899848634928	0.143514510804309	0.380676771091033	0.051463910038157	0.0962022959912191	0.778559062489605	0.222875290589873	0.132438458111004	0.0747873041877928	0.341018765021752	0.156883282825385	0.0399585537221112	0.00921244056444095	0.834514242287426	0.269478509192071	0.124495399165258	0.0429629231868834	0.310230908712853	0.0333045672374596	0.20511885025928	0.0835484185854902	0.712683065293908	0.416782682572565	0.139375533732851	0.108949579149501	0.0177229135342533	0.387124552249285	0.0952186390112937	0.11212599510771	0.0648192009985249	0.0906939166554475	0.141275351114808	0.214286781769678	0.467680581010524	0.108063260395584	0.76128975836052	0.115681800714046	0.212728176651609	0.471819314401565	0.810781818981101	0.301960405567143	0.424325120173751	0.0738314790824121	0.216574783910832	0.31298293837568	0.0863335696905728
"SRR36103442"	0.998066503884463	0.964207837061444	0.989508736995672	0.994710742368642	0.995622478371671	0.994285119205942	0.997255863837312	0.941129654025545	0.99902669871585	0.999426152736525	0.998733171186337	0.996369852985866	0.990438257878596	0.999522958983508	0.982995259542083	0.997571759833707	0.997419532025091	0.997905296379978	0.999831078334574	0.999631314507627	0.948487739703545	0.997568632961089	0.999278828221988	0.99650039155672	0.998945828566655	0.978520788488065	0.934980370194292	0.937769896055802	0.999786974186124	0.892646276847404	0.996853340043572	0.996851383019579	0.977620954768783	0.929422461187668	0.999385177884541	0.999469677316761	0.936995960971183	0.998588639195974	0.999737191914708	0.999230144097244	0.97528606450969	0.985510836917245	0.994049953716215	0.999302579431675	0.997809148782325	0.994557045166788	0.994689852194255	0.999672402257605	0.900543325577315	0.98794286141572	0.988032162881649	0.985376064503941	0.990958800835501	0.997989407272403	0.999368781999649	0.998399129311029	0.999911534262879	0.940092259962929	0.908831745388636	0.939144522038206	0.998397639001789	0.999650244915676	0.975827158817075	0.852003326725299	0.946325173193632	0.981389404287937	0.999934423129451	0.997735414721289	0.999575675771851	0.999722109286746	0.999426986084717	0.998899616253098	0.999897201439865	0.999713183214296	0.997731390664241	0.996820757608871	0.997982449409383	0.998130347003195	0.980131909944699	0.959923901208562
"SRR36103336"	0.000280833194737299	0.00127198438472473	0.00190032776469848	0.00731001063994465	0.00174971496068758	0.0015654735204483	0.00720258906763656	0.00661978068074955	0.00734291888893124	0.00438834010836886	0.028698615674796	1.16104609998734e-05	0.0282698187784571	0.00676178736279445	0.000887733836636216	0.00351778022116675	0.00517846928543797	0.0222424498932266	0.00145595950321536	0.0385157511420283	0.000638668224875864	0.0128736665307873	0.000286325793952253	0.020140894501072	0.000210685316824216	0.0336030882540308	0.00515798123812455	0.000381096935406947	0.00547919226860126	0.000758269169387786	0.0188102715557835	0.000207809161002874	0.00120903978241995	0.00121726696167357	0.00837014445650757	0.00558448846933063	0.00087061299468115	0.00467183196809733	0.00318047446396366	0.0021514154611274	0.00602034660553429	0.0325869830225648	0.0258310031598432	0.00100107054940057	0.00492252669115152	0.00161367705463437	0.0046405093366917	0.0144731733377903	0.00127103085063984	0.0070043035725509	0.00481606718026074	0.00586118634026696	0.00523719555177802	0.00034592726399433	0.00837875739210793	0.00470669043811921	0.00287005760698692	0.000544936866227864	0.00138161963301339	0.00370700976263072	0.000305520146992591	0.018592123975083	0.000662630292748725	0.0178449248737092	0.017689716835216	1.19465366936966e-05	0.0149948079843402	0.00246120995983699	0.00321262132318245	0.0626118961497401	0.00184507165786091	0.0087665436577882	0.0293890601365879	0.0127202742284796	0.00818955519222589	0.00194755756720434	0.00764491786690119	0.0153561319035545	0.0172040157197862	0.00150583310852295
"SRR36103335"	0.999747699064645	0.999852860199016	0.999835129268992	0.999949804737146	0.999957444069706	0.99993656840298	0.99991410456229	0.999642990011953	0.999990302149421	0.99996876077094	0.999693186533803	0.99860818063844	0.999425732590594	0.999933261541132	0.999517378346101	0.999787699158478	0.999982697129276	0.999618199583686	0.999947626434495	0.999995653529035	0.99971096672765	0.999984898971611	0.999816928904233	0.9996503384922	0.997700710484188	0.999689479957868	0.999008721328628	0.999972886780861	0.999963673766993	0.998534656493779	0.99996922687901	0.999998254652634	0.999259137755931	0.998562350455853	0.999937896954863	0.999981483820173	0.997449373421612	0.999912036727621	0.999314182268494	0.999982665371666	0.999781920992278	0.995237005008457	0.999378861671799	0.999995422151824	0.999970572619525	0.999556919817852	0.999955027312689	0.999988170449516	0.999503476416533	0.999936891021359	0.997381195318158	0.999121131374918	0.998966562873146	0.999980983927398	0.999907556561739	0.999567735184018	0.999975201737693	0.999348133370875	0.997892940850562	0.991334818563244	0.99999764598268	0.999887656058398	0.999180583855373	0.999265158427823	0.998326462294795	0.999927288564627	0.999992387625267	0.999973433823658	0.99999524362963	0.999997430442721	0.999753325925415	0.999917766718631	0.999998799002147	0.99996905055207	0.999916287817785	0.99999870522268	0.99876216291379	0.999916238394264	0.999859441587138	0.985068046151611
"SRR36103332"	0.993528810114051	0.898723504041618	0.943876652980157	0.997383421370551	0.999012411626286	0.985628543143222	0.99742851624098	0.76169046780607	0.964687971608129	0.994943686141205	0.994714412264696	0.962701589605838	0.945684889500038	0.996441505863052	0.832476000326605	0.887974832688553	0.992228918949834	0.998564121393006	0.991662289770185	0.998356204864177	0.927080580241327	0.983695945123313	0.968089763184887	0.966605363461009	0.983388471874817	0.978603600550638	0.931261830269984	0.9354743941761	0.99240640411106	0.744780457410026	0.990786858230294	0.997222917429969	0.90718926633311	0.895904196808202	0.987677605817326	0.991893840014914	0.828471476809463	0.987906979906469	0.95460430668404	0.973295499670403	0.947671067227195	0.918360224316164	0.982294412347538	0.998381254511293	0.981572931479536	0.996697027911893	0.981122749811682	0.996436388244138	0.948052886415034	0.989430598218407	0.925309189928435	0.979140118565261	0.998754789842953	0.96418926522318	0.997469480564188	0.979578631075765	0.989817685122963	0.930743938413109	0.912509581474544	0.849188495012212	0.956778294932256	0.997083412350216	0.892490675291897	0.982344655909942	0.904239584280439	0.941426657648303	0.99526226925775	0.996572264410549	0.99820058160563	0.998816243433077	0.992254470522704	0.975285571466858	0.999816349619609	0.99376749325544	0.985920582588038	0.992768782803645	0.962250525726674	0.99516065366173	0.978784867723889	0.828239385127531
"SRR36103455"	0.0016097853966184	0.0047797457667414	0.00563351582455413	0.0232945475128088	0.0674460784572654	0.00677364156785881	0.0574725995176513	0.0088560765353849	0.0363661475751406	0.00884722946550882	0.0780210019406256	0.000214832081489727	0.0328193585573853	0.00934957898416803	0.0265766255693106	0.0555222582926009	0.00314135162742169	0.187155740959676	0.00400074596669159	0.0556786735188871	0.0138347579132011	0.113539212383692	0.00362813091124569	0.0282148893611688	0.00189197591109258	0.0565083548924962	0.0129053733854139	0.00274958891666291	0.0179845286106216	0.014217825353	0.0329776333179593	0.138995281391452	0.00139740271158968	0.00873277781714209	0.00446112598772128	0.0230793246013047	0.0121699715093208	0.0199222382254726	0.00175481666178903	0.000378832417950968	0.00918021935817123	0.0182541145387598	0.0350137779364766	0.00493150663852692	0.0067833339166731	0.0235529115843099	0.00778939151322661	0.049156266787523	0.0626975040006876	0.039646672374718	0.0199145703654122	0.0480424805643314	0.0683338890314986	0.00651090105428099	0.0107268826756179	0.0175658995297169	0.0303355612808246	0.0127836574182842	0.00337292411650733	0.0172836556488448	0.00527156303615642	0.0578298927783423	0.00564130712280074	0.0385993030043676	0.016566683868232	0.000396543051461067	0.0219521696716306	0.0248155388637459	0.00217811748815392	0.0694226518576985	0.0863424385640691	0.00752156566130979	0.0722619143147974	0.0094861238812928	0.0529593451021674	0.0432130045678557	0.0114545755717453	0.134192391052704	0.0860974281392506	0.00629747046076912
"SRR36103454"	0.993797020363926	0.999419740855862	0.98403682252538	0.999699782948782	0.999932277219962	0.996455127838051	0.999796650108652	0.995710256895939	0.999520037925432	0.999521486957422	0.999131702654849	0.999897193019704	0.997607464379057	0.999661106747507	0.996210102758358	0.999570657300145	0.999942561823724	0.99995424486685	0.999472465883815	0.999920995169133	0.994338519346501	0.996500448764331	0.999732574892268	0.998737331326756	0.999869998496341	0.99832625665449	0.981363269767578	0.992671887064497	0.999965222092902	0.971983659565058	0.99968182165372	0.999809572498327	0.999463516462319	0.978269331425852	0.999621574307822	0.999655712930497	0.944923340152735	0.997652083721339	0.999210725137193	0.999375073647225	0.999898633482952	0.990940554598186	0.999237344245906	0.999530712520957	0.999109133577016	0.999699226626009	0.998798845741723	0.999832874315797	0.998008919078458	0.999590831241233	0.992764588812586	0.997064215100605	0.999894951283821	0.999954700908598	0.999805146346866	0.999190070064769	0.999319484642723	0.984894710611188	0.987236820792926	0.994240998163268	0.999964610974582	0.999983909240351	0.995286167268992	0.995918616339607	0.989256090948205	0.996574482941601	0.99990429103867	0.999740476788734	0.999858259548523	0.999887700739854	0.999989962488708	0.999750253161115	0.999959058570569	0.999626110842716	0.999750299059294	0.999976170610916	0.998976297382832	0.99985001087264	0.997158112937666	0.93028480020986
"SRR36103453"	0.404394392439583	0.238595003910722	0.217773112870163	0.728391402893635	0.964952850871259	0.18404791849149	0.858078107409198	0.687325663125171	0.901490000735304	0.782564682389231	0.969990137814443	0.247255471687661	0.884363697698244	0.887667426244012	0.5809152805752	0.855036803012752	0.858068253748418	0.966459884816269	0.582728872150185	0.982426696351375	0.32330264456381	0.559351439261777	0.329443898674434	0.742213843884542	0.369035097216823	0.593447077336642	0.46373458018334	0.246786538243006	0.818809353902302	0.312899521897687	0.789787741306114	0.980115504197419	0.22313436029096	0.407572326100251	0.587110640319463	0.861367909111737	0.208884758309915	0.662142489903086	0.846999244710983	0.18437412113704	0.467539054748053	0.682418044723051	0.972866991266412	0.660982684952888	0.840098558135941	0.893100161318932	0.959186689463418	0.852574811868207	0.685923502642436	0.664812185275806	0.795175107749512	0.394785570809694	0.944023625202695	0.741935414971818	0.76970401178464	0.831449939723858	0.79618758335107	0.167135670613824	0.309482457125643	0.806694253230694	0.702633321190284	0.994678886005166	0.524361744987668	0.429219972489173	0.511023211962804	0.0531558414490089	0.744526739491205	0.803600820559526	0.549269434221142	0.943027952961099	0.930004816762263	0.83171379453184	0.967452016279585	0.752053913050561	0.975361490242317	0.962956423952284	0.75121785453243	0.946911632066301	0.769541346993569	0.162596711414669
"SRR36103413"	0.01231165174063	0.0479583520837933	0.0374508282067212	0.0538352962708811	0.0281832451914689	0.00384800356458178	0.0642012813079688	0.118475333611273	0.087758575104167	0.114160161416081	0.156778786326882	0.000480310053400979	0.230245849424852	0.0169699578946776	0.0105691033087869	0.25182330976022	0.0159334206279106	0.154484746032121	0.00199064774637885	0.185397771417304	0.0309631752716882	0.0686752978725774	0.0119719589715948	0.057538512590609	0.0131174893301755	0.291991282893628	0.119796798431253	0.0174848183543561	0.0768249079002048	0.0177750113333385	0.0989709159653982	0.0103764367634796	0.0322437892521043	0.0553565242922161	0.02612903762795	0.0828689843555801	0.019013134309235	0.0376655666019528	0.0187515259058101	0.0470230706573438	0.0699723741326216	0.208565261841891	0.347914822051399	0.0366606587098287	0.221743551246443	0.00441287999008579	0.0280093268628999	0.0693175567185531	0.107946896723313	0.0270862708407498	0.0325225612954491	0.0947340385190328	0.110916691909578	0.00495697960291781	0.00355098924465454	0.0975862366355592	0.257855270517437	0.0110058336874395	0.159975171614715	0.0235645458312273	0.0106522032126351	0.044800901736942	0.0133031188923954	0.216957499272318	0.217905374091347	0.00084953925752903	0.0371565555976342	0.138234643304802	0.0183504994720691	0.0789184480617196	0.0142199277755815	0.104002833083602	0.0183325624885922	0.0562777588375381	0.119466701017243	0.0210277349665522	0.236687191128555	0.129446042424617	0.310355138715841	0.0939738856866054
"SRR36103412"	0.954545741841981	0.979342407613442	0.99634307668777	0.912008856274378	0.995386609601671	0.992490636791633	0.974443190144905	0.869321589638883	0.991929483829646	0.995770531055066	0.980180102282609	0.873271904710318	0.957502610899095	0.973396718132258	0.996002634658029	0.981143172825579	0.933181494631077	0.944371585379867	0.91862693586959	0.965529383945508	0.937948203368849	0.98984630536437	0.947277905787614	0.634735144454421	0.169373139027447	0.973871983393836	0.992915369060509	0.997814687279943	0.909456514879419	0.910153683467389	0.9722531085093	0.994069923448111	0.242272124100654	0.995592277341965	0.610963173724335	0.983357680597076	0.97645223706433	0.388521036361027	0.393539545686293	0.997501466696675	0.954458219317542	0.721602305789902	0.904532102899731	0.986533848231379	0.984472631855664	0.746234156320411	0.978327867774024	0.994235125782515	0.948509564550421	0.978745707441469	0.788905632987502	0.811110723630625	0.918802217821937	0.118285609716094	0.921274074712013	0.951115863792348	0.969393008152962	0.986465480339521	0.991960292571341	0.808059847136374	0.990469596557274	0.943198154127832	0.540771818645886	0.937065752416502	0.801448316187881	0.96432555069947	0.319372045908608	0.992309779407754	0.785879176671843	0.983359844881412	0.706706746035888	0.9111961790316	0.978740229240143	0.975968283262759	0.994929038982751	0.996814687630903	0.739718672354104	0.930657245063804	0.99623525415234	0.636822999944003
"SRR36103411"	0.998129843041348	0.970251426429139	0.984771131007677	0.998852921390283	0.999938995547977	0.987634660952381	0.999196330051095	0.996615230148693	0.998908879724461	0.999072674958339	0.998736876777648	0.996406668639775	0.997611423054002	0.999592326940706	0.951898373654672	0.997632298807909	0.998897715874382	0.999151676953626	0.999598100133362	0.999920910749286	0.99448506939574	0.999013799444461	0.998895892157244	0.994574850094058	0.992106212894977	0.996919138703638	0.987912672497525	0.995245996814556	0.997384625144731	0.982381585822752	0.994883994134625	0.999706760330155	0.994895066693372	0.964088905500499	0.998024375362042	0.999864995330663	0.971507021222128	0.998728007269038	0.998869802406707	0.999269379938517	0.992647140001689	0.99122963747718	0.993329736862146	0.999239096549663	0.999492976230192	0.996141064501432	0.999310141401388	0.999635168611054	0.99891585393532	0.997382339484897	0.998036547887207	0.997008785282568	0.999514799966785	0.999736529308315	0.999656245983319	0.997542826278424	0.999914939934006	0.966151754427648	0.963205354490065	0.993938795726436	0.999733687284415	0.999692683776251	0.996427478542931	0.998256286054164	0.995449147366371	0.994946790612125	0.998842888029808	0.999476759748001	0.999756927176234	0.99909633602261	0.99957772444373	0.99921301425178	0.999913988446392	0.9989180806934	0.999681220370837	0.999843091870812	0.995295042582119	0.997157621359347	0.997395053544272	0.97627642812686
