"Model_1"	"Model_2"	"Model_3"	"Model_4"	"Model_5"	"Model_6"	"Model_7"	"Model_8"	"Model_9"	"Model_10"	"Model_11"	"Model_12"	"Model_13"	"Model_14"	"Model_15"	"Model_16"	"Model_17"	"Model_18"	"Model_19"	"Model_20"	"Model_21"	"Model_22"	"Model_23"	"Model_24"	"Model_25"	"Model_26"	"Model_27"	"Model_28"	"Model_29"	"Model_30"	"Model_31"	"Model_32"	"Model_33"	"Model_34"	"Model_35"	"Model_36"	"Model_37"	"Model_38"	"Model_39"	"Model_40"	"Model_41"	"Model_42"	"Model_43"	"Model_44"	"Model_45"	"Model_46"	"Model_47"	"Model_48"	"Model_49"	"Model_50"	"Model_51"	"Model_52"	"Model_53"	"Model_54"	"Model_55"	"Model_56"	"Model_57"	"Model_58"	"Model_59"	"Model_60"	"Model_61"	"Model_62"	"Model_63"	"Model_64"	"Model_65"	"Model_66"	"Model_67"	"Model_68"	"Model_69"	"Model_70"	"Model_71"	"Model_72"	"Model_73"	"Model_74"	"Model_75"	"Model_76"	"Model_77"	"Model_78"	"Model_79"	"Model_80"
"SRR36103410"	0.20061278327362	0.0825372113500202	0.300977777642991	0.0961870656474234	0.33267377148652	0.302615561521339	0.0834660510159847	0.0848722901755873	0.348389466618837	0.108386386563572	0.17824327744694	0.401732374134743	0.189013799791811	0.269496190944239	0.108288100220411	0.328651855936612	0.175369153306602	0.115761459680361	0.181789666158707	0.134229107693567	0.0526813521183225	0.254986826666004	0.113047778675291	0.159430313210957	0.164412401164224	0.163956981021881	0.0922214615978155	0.298519879456256	0.0614216859163869	0.229238361376451	0.54956371126299	0.188115349402792	0.240675029770291	0.260311343046385	0.0680233892738708	0.195176844126477	0.109561958841315	0.0943749138804404	0.278810433400048	0.25144868718438	0.283337425358591	0.127703678832479	0.292741601732717	0.11931046362795	0.0934092312400291	0.0610043366527181	0.279408914259497	0.258772639459698	0.16560340116225	0.154897362136395	0.0690497060926119	0.19324807291125	0.150840706577259	0.216796474948395	0.0878343523125352	0.0774928598489662	0.260383226862336	0.21985847635435	0.552991390383977	0.51283833325116	0.183358890356553	0.282589183656081	0.400361534472211	0.257888745882931	0.176975720199845	0.20066110918561	0.120370264969841	0.121821759304906	0.143686466986675	0.118207648231659	0.399348661759291	0.291813145800428	0.11611618726349	0.148959072474914	0.56042450955514	0.26948029970102	0.228593376576109	0.117113403223884	0.0708149825192283	0.140258945682237
"SRR36103409"	0.301474610033337	0.254073710847223	0.541377341928644	0.236905777530126	0.521780252319969	0.355039411713487	0.21100599384132	0.160603730918766	0.183083019417953	0.242308802797263	0.361850230248505	0.589562193444298	0.16534076137755	0.337625206752655	0.147893159898239	0.404576700349138	0.197549469010782	0.168706449333227	0.694406109953348	0.173653173032143	0.157639059298106	0.435102266368908	0.392411552795481	0.355566999513067	0.272222268347636	0.347443112490662	0.203346598829068	0.298873890830412	0.188435981349589	0.398312850187403	0.64376196570139	0.356830454090892	0.296802677177855	0.359478607490095	0.141972408972004	0.496160593220836	0.175633318747526	0.170532460486174	0.368684869908048	0.283585779460054	0.466787663903703	0.2322370188219	0.5109975336203	0.260450252920851	0.26872487683548	0.116485801091211	0.459344418366245	0.306752421256631	0.210569309352207	0.230928437224088	0.373701102466465	0.23266458910369	0.23944534541523	0.454164454983635	0.377422614641425	0.100356455225387	0.178401099499694	0.561380621681694	0.659073571574572	0.635595124343238	0.353469928051874	0.385282749608697	0.619494082510512	0.326141981327202	0.485094729970594	0.750408917089854	0.22454615401814	0.156911927576444	0.205382484605056	0.139664935897731	0.437292508802263	0.209223221726341	0.215737840757687	0.337848373992058	0.594127826906128	0.493794012314345	0.444265130345228	0.413033183619178	0.260264556220989	0.428628659400249
"SRR36103388"	0.146583096999483	0.553677844157141	0.428358106749007	0.247496738530261	0.0685188030385414	0.271607474984562	0.279481689023533	0.206527573513613	0.189603512211678	0.303967454407561	0.215014058351871	0.723776548717125	0.224687741081853	0.468671924834408	0.454241599748148	0.232897823502553	0.19469628124953	0.216432041502211	0.543394739555211	0.104182858049768	0.113261957537002	0.202092582467574	0.607002803055974	0.48812646743558	0.611112600191914	0.10257289965821	0.193079308374974	0.508796531225243	0.280272147905988	0.460342887357386	0.864835577462318	0.164857241669608	0.299071361521422	0.328909168653218	0.0876384384987878	0.467302676165128	0.285933118311207	0.0999507841456061	0.26585835243833	0.174298688338694	0.552529983535103	0.0917409210395304	0.421930923105701	0.155357411965439	0.111816871838803	0.0603279190050191	0.681176844309307	0.234379677627916	0.26021024385262	0.198143511814145	0.735006559736898	0.798399244843774	0.222214742259515	0.519101327937959	0.632982609209779	0.383208067744212	0.237212646638782	0.348525494728533	0.733596917129156	0.613542977582975	0.157240522328422	0.14653274127203	0.952414978911338	0.183210099861205	0.525133945555513	0.775679766113414	0.0919343300124449	0.182801717962222	0.13527494967754	0.201966874301358	0.291362507438439	0.245114358675316	0.0850706348033782	0.146835760531294	0.744611572245236	0.608848582866801	0.386185665301025	0.693552825467033	0.355578280696088	0.484838568260938
"SRR36103348"	0.0631871028899307	0.211149990100072	0.163320288241541	0.170377569386361	0.260655044617586	0.264544429550579	0.323726717103727	0.104218417190867	0.179496926020754	0.103305961933207	0.240228207375864	0.183862183937581	0.186040915703657	0.196191319827356	0.108288100220411	0.239233072917956	0.100844065040631	0.174901501148081	0.212555835328675	0.0408743738821619	0.0747972908231767	0.248458412132336	0.120229908348725	0.151650163268552	0.200118201736677	0.233569391178022	0.118112561623967	0.146405417665192	0.0647839361310708	0.32750155076535	0.192316595793168	0.195092691175902	0.146718325204856	0.204082288419564	0.0855999553165792	0.199052902430741	0.162922782274647	0.109665149790842	0.29097433673842	0.233641585407053	0.258161124824787	0.153388914106708	0.237837166827425	0.19128699760437	0.176980621842229	0.107695667830678	0.192074813992646	0.336781619200535	0.212486811564297	0.25988761563917	0.227880137293351	0.16031110524005	0.267148520918922	0.240783908279533	0.322586468069536	0.0987382637990292	0.190548004067206	0.229401461208101	0.199411890290946	0.246544862973844	0.168676159146991	0.248719602799041	0.223734970871926	0.126706910123383	0.239296561582534	0.242465914763941	0.187767146686083	0.308748064132326	0.22597562806482	0.140233916206002	0.26821967517464	0.210436123055982	0.160109231358672	0.191406948920718	0.177012587633444	0.316048283783863	0.177757783227908	0.182456578886112	0.0990484009590841	0.196311923087711
"SRR36103347"	0.0883869696345959	0.246006863873723	0.484310015779935	0.313781347039015	0.441070684375225	0.340125242200225	0.304857221639195	0.3579579076218	0.284513561709616	0.164201988951987	0.396614214042436	0.468693131371333	0.272313073084039	0.367880336598313	0.153442278671873	0.804282138423585	0.459289428333988	0.185755827531654	0.660059745670858	0.107631524455824	0.465752135745636	0.380007193820369	0.307873753209469	0.573905328462532	0.83411406748766	0.282847581544857	0.176326133703361	0.264182754091038	0.0953808409518754	0.646781694387422	0.365525974270486	0.28436076160239	0.188256937881382	0.549058930604688	0.0855518827107359	0.598356411597165	0.288319563671563	0.152827979228168	0.331007494004018	0.3497775766883	0.715701752135267	0.175716560246652	0.450897773304388	0.402914678093406	0.238032247148678	0.130082104116834	0.495682726862072	0.624959567263351	0.662870420285294	0.366649893646206	0.494925100975198	0.679674219671738	0.316976443635242	0.580924604826847	0.55900564026281	0.103809947650911	0.306645914600623	0.524751710083143	0.367728539369103	0.483898282531707	0.38657550478327	0.434211773374021	0.691038163893333	0.203866814226538	0.592844927168356	0.762366881459278	0.437727299382934	0.229413744170672	0.258054615963685	0.215047777699924	0.55744733576347	0.370928993908391	0.295467481992337	0.26113475291425	0.340774929587091	0.7334170127786	0.526089918767573	0.898694707020156	0.650669947692984	0.696193231657474
"SRR36103352"	0.151143179535721	0.216413256918112	0.20784225513589	0.156397415735552	0.0911619357827172	0.122349398815736	0.167000793304746	0.17215915411605	0.223591108778823	0.169836988275055	0.151664573350965	0.396752752440036	0.254187188047503	0.185522987836965	0.213731076918172	0.229862663276272	0.148701942565321	0.18578901967579	0.105474442783791	0.111923002681	0.118591342560878	0.163539792566251	0.227567643104441	0.224361877856027	0.40963395171899	0.0919680441160664	0.144139062927843	0.196642733331569	0.125253090710246	0.331417170373092	0.151218784282441	0.12351767769297	0.177997795042457	0.237203862006097	0.131902134444778	0.225192851771076	0.161025238609146	0.0887152807438561	0.150011128758778	0.186719151541374	0.269177708775544	0.0944308435151091	0.171303458774063	0.201258560057432	0.118761876608472	0.106277996134417	0.273825326081347	0.201564975598264	0.11703501624021	0.0913435258532387	0.255152275150509	0.185149046820683	0.132481857695665	0.201830269283525	0.21212807697692	0.163465816889951	0.279455525391224	0.225318712455457	0.154027088777566	0.143127553849263	0.128323516100168	0.157722274391692	0.161806894618432	0.143981811029773	0.291055987963341	0.266137385242485	0.115454372188226	0.106616515991368	0.0967811675607607	0.238811769826513	0.165634698875457	0.28286386632308	0.0991917268342265	0.0820901761653243	0.29405237250288	0.267358813510093	0.173784315749678	0.330818960916112	0.366395362433479	0.279837608352271
"SRR36103351"	0.0933091742281643	0.131969785174956	0.178824773301835	0.302213444374755	0.340154262035977	0.333329065432875	0.389293078546313	0.120289219044144	0.298731461947955	0.121117824699679	0.33706126173108	0.291926088635004	0.246733043805919	0.1776795987497	0.159557527422135	0.400712290666493	0.13652025339726	0.135939244400698	0.496346144783961	0.068430335760307	0.0756897601723177	0.380171884878807	0.215838920747138	0.143786714587029	0.220137566084154	0.263668279940482	0.0998917845589321	0.239648139123412	0.0894816582897964	0.355687129586089	0.203451882100506	0.263361444751577	0.178976650294763	0.271677061206201	0.0952033981209751	0.246203025189203	0.183667650046256	0.170430296279294	0.314135046814257	0.337939426034903	0.24248696161213	0.168372468286684	0.302458208246741	0.197476335854901	0.224628621449165	0.130414317806008	0.235826133840004	0.355007191298178	0.24332245188398	0.297790524229097	0.288981362763234	0.16468370791367	0.241511390951336	0.294522619970369	0.38142810513	0.107227504775043	0.190758499437837	0.289983602933381	0.218812622772687	0.322868012914118	0.275199778280036	0.314007495412844	0.237158774015612	0.188983798187664	0.267143664184645	0.211179886101047	0.223589251609986	0.160798289338699	0.255472920362885	0.171966646934552	0.399885613167972	0.205521596862446	0.182567499716993	0.206829412876068	0.192606721973198	0.310795026858794	0.324502835184355	0.198656893996162	0.110957321856962	0.216361558267296
"SRR36103339"	0.0455824070154653	0.209716660541347	0.0875809933606119	0.113368188062162	0.386400466232762	0.20284346362487	0.158650011020406	0.072362970728565	0.153345532101244	0.0860829565553709	0.211141980633929	0.111812911559504	0.162388947618018	0.15314692597537	0.108288100220411	0.107858666758404	0.0436517796723799	0.060223627342984	0.214385420840269	0.0530839188764437	0.0405959805970148	0.17327474225198	0.143283078705566	0.0903531231618502	0.15963377404714	0.172545303610984	0.0760617344774833	0.0952869640372724	0.0344982493338041	0.267143753010003	0.14728172665504	0.0995070902860201	0.0786854195607175	0.11349993866086	0.0424906970833286	0.244910989025001	0.0739651445524543	0.0755150676554654	0.1461643314748	0.110975102875756	0.353880983888227	0.112003208445915	0.178071170858964	0.149358324758991	0.140123545954493	0.0378791629456622	0.147258083767551	0.285442766650231	0.158373828294812	0.150973658598913	0.222983375551394	0.127612552824255	0.169376895886234	0.421605708052787	0.223947413276277	0.0472133258457164	0.205185654755369	0.243419596423691	0.123965042970406	0.24688589643342	0.172375009021595	0.20390077573574	0.213638594226509	0.0951080409203296	0.248676377201707	0.588989637574143	0.0993414577786639	0.268722856336691	0.137266960448329	0.10599632684307	0.160646965339981	0.232500353253906	0.0919664924526722	0.157789596176957	0.109683457147121	0.281827380564499	0.17590651150942	0.197834899012961	0.0703882716993389	0.212950913126802
"SRR36103338"	0.16579234397611	0.128917169247023	0.186589256154431	0.0985711321833837	0.165292240861594	0.197130391046397	0.0930365867571976	0.176444894823109	0.235945940260436	0.193981414324908	0.227888720154033	0.254066216708537	0.252641954600655	0.240792107657425	0.233099785759494	0.507939839327443	0.201962859241063	0.206232109796391	0.303266054393185	0.214032503294371	0.122229667447711	0.362972826634808	0.269780919466813	0.156364710495748	0.204485344558843	0.136819914868518	0.14029222473107	0.520587915145283	0.185312622308696	0.212312908944991	0.163989606699089	0.168152109827033	0.245981690819124	0.292209019792434	0.153498619292764	0.137387660605992	0.154083585289047	0.129381510510026	0.163967474288412	0.319688865543145	0.328707359986935	0.116828705159174	0.157732949214111	0.169108009932837	0.182791107750041	0.122465336924407	0.329020392301855	0.196943269684803	0.118590479206352	0.0908909044231307	0.0669550697787502	0.1902042620923	0.16222826942266	0.302507535887539	0.107911036444869	0.140393678597567	0.378813326317516	0.175037405807632	0.146281913214006	0.1613580263142	0.159349978885027	0.12898211299578	0.126763074105256	0.209819796808117	0.126306384263928	0.33837703255485	0.113933622879566	0.18006616410111	0.0955258806916963	0.289711808178829	0.396936833291946	0.381158941577608	0.111096118597638	0.135420985036938	0.293074317260326	0.171180851846889	0.346028783605846	0.154238498823438	0.151528418697844	0.132590706299645
"SRR36103337"	0.458019060046864	0.672978930549691	0.427605031018423	0.305127286071972	0.299437508445585	0.460976249773337	0.188699112392066	0.306414819054116	0.257225660291559	0.654770827200065	0.443535239897506	0.359534794680371	0.324147626088732	0.675390030557465	0.53144637561423	0.824349639836637	0.472428287746583	0.589335267402162	0.489797740311945	0.46145407226708	0.312484980154098	0.542816946383196	0.587846544163403	0.432887396003318	0.547466530626637	0.325072450855628	0.356534450878885	0.922338459512744	0.779957521135913	0.44257881633972	0.621753424478796	0.416988957026801	0.585069646029285	0.586187247963601	0.368111491795324	0.381718640639238	0.621590913782672	0.281654356235727	0.549504214876814	0.66318206874362	0.693875570818156	0.324868166111085	0.459834835944175	0.285062046685601	0.407171968371149	0.387994566263371	0.73382274722678	0.34711892177559	0.37972542304115	0.392904824117782	0.271456897045405	0.810486712724578	0.39746679141047	0.616378024838728	0.378868065962649	0.648424209205891	0.520153462471522	0.364800573168888	0.444983279569706	0.409670881153771	0.308818172632235	0.391708285644974	0.599644888513475	0.527697051007914	0.347919025673582	0.749903482406531	0.271586569536208	0.599615599020941	0.277034893766205	0.39522589031177	0.771586552629232	0.516658436104452	0.347301390711306	0.426996007262788	0.659489032235192	0.44560112477374	0.682435766828731	0.498953509284242	0.381586380325318	0.358201199921766
"SRR36103344"	0.00399710318505681	0.0688167876058027	0.0102552779096357	0.00915609124855642	0.0934257980876287	0.0795199011858911	0.0187371576843606	0.00928130176205602	0.0984006075895628	0.0307952051027703	0.0601424688651795	0.0108892579427963	0.0841016626113461	0.0518316717772518	0.108288100220411	0.0618422812372676	0.0127801638901465	0.0104737844186445	0.0945675156142725	0.0190801563710072	0.00490782672996009	0.110640019240349	0.0430030885176863	0.00676901626325023	0.0291828969640452	0.0274522999422253	0.0212074320637241	0.153905333226812	0.00625103348833141	0.0443477828117584	0.0597865549318936	0.0195176271157703	0.0196192428497008	0.0269494237193476	0.00840700669383941	0.0238501332923015	0.00895123596138345	0.0173510948084222	0.0144507455602841	0.0261843622233674	0.132842818570673	0.0162218058459949	0.0203539879860113	0.033085005533059	0.0364600783110302	0.00190925961725288	0.0634918854141654	0.0619132996432616	0.0383174061420201	0.0131075394988566	0.0224156142105988	0.0801433752358929	0.0341757553516354	0.265986390283183	0.0226658254158649	0.0109505405729247	0.0876931883841786	0.0307955687680098	0.0245822719677385	0.0766295022737723	0.0350979110105908	0.018438093616736	0.125025778638455	0.0188954575635496	0.0192021284861168	0.301844167895356	0.00843326502773877	0.112293840166918	0.0167655286705605	0.0469161321039321	0.0767020797865966	0.112267377875184	0.00770694754107245	0.0352618395511303	0.0215563846143816	0.045116762285357	0.0927001395774446	0.0295627064503256	0.00463321975278694	0.0221758638601393
"SRR36103343"	0.413207702879887	0.581059855517807	0.519268511386387	0.204110136592729	0.164649647724854	0.439558521640423	0.122555682409054	0.308300827071437	0.254883637371302	0.37143791407385	0.402709263179077	0.893287699604094	0.29617172288383	0.589799964609398	0.600404486479472	0.682430775213484	0.39265848206327	0.369509930103988	0.499950010391142	0.393467973413933	0.14508236580225	0.335522703308936	0.812893442364328	0.600659720667234	0.685928914154994	0.125242762944978	0.270581129676463	0.876897587062459	0.368073728061349	0.508885632179193	0.902368143592134	0.372892617916487	0.491081802953923	0.646512374629726	0.115430619934591	0.617871737682511	0.376329621019257	0.167133889216857	0.442940593023563	0.441815516933516	0.605882068155863	0.147617279214615	0.654717246944998	0.260311595436389	0.290939368712622	0.102010720152289	0.749626071093077	0.277929931980745	0.32286548047655	0.253359645328064	0.534347156905329	0.854657842355993	0.251197065671382	0.562934430663431	0.480241356770102	0.490184017407834	0.39737912032828	0.46066299142787	0.798475951693616	0.736629338794391	0.294833971115318	0.286575599093877	0.939988280624121	0.450171140434762	0.621423835091575	0.809334663247585	0.129792114464275	0.340801094525643	0.165820100256447	0.319236596988233	0.668131488268003	0.381607608456341	0.137877369230678	0.192924454249285	0.836502731377226	0.635183878272176	0.751427469041501	0.733030356411988	0.471408806815634	0.576862426351941
"SRR36103444"	0.250249910876073	0.367868413961356	0.365212554114984	0.252185911503807	0.660742169293879	0.76062990644233	0.462489180547661	0.37637355556759	0.471457854424329	0.325796000058662	0.377798380650247	0.391167568687638	0.600958548146222	0.601176128025122	0.646637670897875	0.479267009673995	0.203527971256505	0.199251766807589	0.540591551769318	0.147541618451483	0.112130307411035	0.466029869735936	0.309672263577554	0.374012229894584	0.281145494206419	0.390826315072711	0.245008564802187	0.678229612589581	0.182562276694776	0.397840511103235	0.910861248159503	0.310841761137392	0.431997185151809	0.507861793531407	0.182267065306097	0.487030557041705	0.343243239661493	0.305342877478633	0.587311204869491	0.49278602331719	0.354684802933198	0.42325461600179	0.654054210387507	0.316067316877054	0.166730435113085	0.117855405848337	0.528616999879963	0.559249783497159	0.583824756026134	0.61098120024156	0.43834505541293	0.751365456058541	0.440831206626183	0.688536071097396	0.509945598009218	0.253497588495665	0.531466213099767	0.385778723363699	0.889399919049059	0.835653194714295	0.342784669868413	0.713402536191158	0.945787921460694	0.446687764505993	0.49944252655653	0.432239281780771	0.311424063971825	0.433332040736563	0.499917706303195	0.314589747467645	0.71498822159548	0.479189613042473	0.308528693369211	0.461669009315363	0.603972624215055	0.497039498740027	0.455240262078919	0.305854901128663	0.162735445049735	0.41442229976128
"SRR36103389"	0.0808240388450794	0.0807102799114477	0.161674503186934	0.148782771502863	0.0901301414994395	0.122046355148416	0.150384499791392	0.147368203236658	0.164117956417511	0.101967406765194	0.0805775015508954	0.235143185637948	0.141927444533162	0.165069441147115	0.14481924580428	0.118805942086355	0.0900756204866619	0.0427933642625438	0.103622301934353	0.0875146831669893	0.0350949704131969	0.209846535245282	0.0899475600872086	0.114927942063846	0.139748275505618	0.0576371401954444	0.0490596419172692	0.166253224765182	0.0470737693244832	0.139667362068422	0.385769262125287	0.0641792994597524	0.115711621655386	0.0751788311168594	0.0463717055069226	0.0775285119236226	0.0543097853305285	0.053126701219661	0.0818168007477607	0.081391896613134	0.163253925751594	0.0449373194317495	0.0990195281457799	0.0478945117264147	0.0442071794571528	0.0214905364785313	0.211199544062949	0.117574553506233	0.0805561147216231	0.0569615669213029	0.14874304102578	0.171650787629592	0.091051464920679	0.172989583936127	0.128226341183183	0.0591916335661025	0.123477908639382	0.104765228800753	0.449497916534686	0.300760039656814	0.0903515707146694	0.10565618490919	0.592143307538494	0.10331597154416	0.0745805267725723	0.164956297855132	0.0485694021609104	0.0621338295558031	0.0491572388271569	0.0974289797997939	0.134703431205757	0.144697266221945	0.0354587336663425	0.0572741814918183	0.365128200414172	0.165268131869016	0.0996523445616343	0.101119152392928	0.0812357921520983	0.0704170680995317
"SRR36103390"	0.242646007439561	0.320424273690486	0.428065459744011	0.363273402484587	0.352866196486054	0.608954449427783	0.350462739761122	0.308858903403998	0.378325808410931	0.294591289117191	0.329667963755342	0.531215030437361	0.202558592968289	0.532529573578338	0.528219724345975	0.746694691846828	0.339296728336807	0.342438317990458	0.331143698425824	0.180887733242881	0.103511301026992	0.549174357007476	0.353265945368483	0.435070896165004	0.403537763734669	0.272055631932616	0.193828643939956	0.817266826525751	0.259095509124035	0.430050483760912	0.887118013181409	0.301005590593813	0.438014152045597	0.44969751613958	0.0946273046210007	0.389100968264584	0.37487525617633	0.170823936634118	0.574558624684806	0.537976226602095	0.32574014625521	0.220760137446802	0.60380398604292	0.406499671627156	0.139196075931763	0.117479697586052	0.547497555498819	0.334479857334687	0.432058168167347	0.557176036172505	0.459640346413703	0.76096232378677	0.424022938082663	0.235439659559077	0.523972952681975	0.34501978453489	0.22239986025474	0.346012129682507	0.882903343552809	0.777711255991326	0.299680944780472	0.490571244659925	0.950280514996739	0.430182367947563	0.379506692630783	0.208184798555269	0.250650794630881	0.280654118725256	0.320562403284476	0.185687892008969	0.773656350253698	0.239916337886317	0.218585072698659	0.332605000800858	0.722448205664238	0.596546764110323	0.584820326406928	0.383443645651669	0.194788196519871	0.306288730769507
"SRR36103407"	0.25561388285272	0.5771590006573	0.543329937373949	0.42961912238286	0.451462160156188	0.72670609094046	0.396327788176918	0.207597329082481	0.247838703863995	0.362679148981717	0.52566478704903	0.817176594233102	0.270124006761433	0.567013125503716	0.627866906825465	0.738178676079978	0.366803177522939	0.386182339965287	0.547205788639115	0.200071615919103	0.125150356259595	0.465186040641202	0.753053044063942	0.559274504837724	0.625231554012366	0.389007502131629	0.275790375696911	0.857133166812174	0.353099009736272	0.648262338499449	0.931137682001442	0.405434463838351	0.475470614821218	0.591061322062138	0.106240445169132	0.720368835106026	0.520361430334447	0.221595878287871	0.721406116216986	0.629746160646519	0.559990590473149	0.295172824052829	0.811295554196727	0.423377872515352	0.353957718258438	0.184297320030812	0.666792370091118	0.483397767895365	0.583193079750699	0.681591325259149	0.774272591597674	0.864794878630219	0.483480276865572	0.630339656370695	0.775263242203227	0.465295129129277	0.194270218969836	0.615365588354369	0.867795735148659	0.864072229078201	0.45442104634029	0.753283031415786	0.963608006787685	0.484977763453136	0.752092106829939	0.747087507924556	0.323861018570896	0.507802904908558	0.472827067126341	0.189017415626374	0.837698465571865	0.206496816309222	0.308405223115507	0.464850759517353	0.731547473933333	0.797904074394478	0.831331495256483	0.731749477315128	0.300456909756044	0.661030954738684
"SRR36103459"	0.0321900573794755	0.0833965453228413	0.094536608585968	0.0938719782431175	0.391782906952339	0.282001503564214	0.200475154807698	0.0534836402656613	0.147153886608341	0.0774982864038457	0.196628504023454	0.0825193871353497	0.13738075194128	0.11928991006284	0.133811294816345	0.129809741484945	0.0505834378310709	0.107268185664364	0.354878674101925	0.0262740627965377	0.0380863472267577	0.210152129474305	0.103770345795	0.0770512734627752	0.120179845140408	0.251134365019197	0.0876637555357222	0.0992663851499989	0.0355540855637048	0.261500663313743	0.174896789804586	0.164394303317726	0.083872352489526	0.126049952514283	0.0461282072956545	0.184686011298383	0.09769579586936	0.0956247625727251	0.179314279679917	0.155711054987724	0.166407777266731	0.141906959918417	0.189744671212501	0.171821540366681	0.089970890399501	0.0503048341728039	0.141806403464864	0.299953694569008	0.214838357063607	0.2533653922728	0.158236670713103	0.131158692860747	0.234687163362717	0.191036008057209	0.204619242028742	0.0506433474310053	0.118530648211334	0.225252688146521	0.158743121732933	0.300204700507287	0.195010876532506	0.342940257151715	0.19879571815704	0.0878549191311078	0.197089998065027	0.189875726193292	0.142852836468811	0.221145178226853	0.214539279571738	0.100654210294753	0.226135571532815	0.137371761631036	0.127230724639844	0.218298058600274	0.089778812205487	0.289057451958988	0.164035164348648	0.12315665922195	0.0391411024793267	0.15644905623486
"SRR36103458"	0.145655561850453	0.225398950365739	0.408723435268736	0.103704108217553	0.269989439417541	0.294894056817377	0.252921522788442	0.177131061127458	0.177777266197979	0.0838808549576408	0.273197463822825	0.639440584196148	0.227057982771135	0.289410894964581	0.143005148749727	0.212954725002774	0.143369396432747	0.167614172208596	0.582541215382847	0.0678000964619107	0.103565784044481	0.17492165646632	0.311075466902506	0.37269915528545	0.310018475127403	0.219460381197483	0.159200490411681	0.147537261942522	0.0670593958609682	0.448987196077823	0.525599193551271	0.263471225970214	0.228264228251965	0.287349603019455	0.0809137309781857	0.516269212416438	0.14870747496509	0.118575038249723	0.339797337814113	0.218177972810337	0.279004037868981	0.147352363862857	0.449650008499845	0.217520980148992	0.171617847346578	0.094612853852448	0.323180449012431	0.338531761085691	0.21264351991247	0.236782981832496	0.359227959740305	0.196251203718869	0.223385261949567	0.267919111274474	0.462726417587914	0.09212244784329	0.301498124667621	0.480006213092212	0.56529479673576	0.562946065737698	0.280660351432006	0.429182581034136	0.586985289249151	0.18179687392375	0.538691342702154	0.428072052444447	0.196914336032536	0.268666803229551	0.209599583746053	0.181497286672402	0.290746117653423	0.315079922390317	0.149245211412242	0.180897779496874	0.517858251289418	0.447712364948933	0.283763445419321	0.430135711496513	0.267868523528205	0.448161460455861
"SRR36103456"	0.102602536114313	0.0949563756254609	0.252418220014435	0.147970258845118	0.370964705461486	0.355002206571748	0.228588169166484	0.0684938941165234	0.156964014637401	0.081729711599376	0.210128177142287	0.291931571758161	0.18285676200455	0.242122665627673	0.144814637767374	0.252359087089175	0.121313426523268	0.121939324683478	0.433814752239523	0.071643360772223	0.0441054080700551	0.302188589315765	0.133516596876061	0.1401755332697	0.135636985842949	0.229928028208332	0.0927375965989821	0.205518745898944	0.0421414569308961	0.269859776435535	0.502982906486934	0.217395572354301	0.191853853293683	0.224206392156043	0.0546725828714556	0.227948167224639	0.108278812984285	0.100139778947725	0.29775655761418	0.233142835762028	0.394108630776449	0.139752630539599	0.326261293690533	0.16170246361858	0.100341239928266	0.0640943397266143	0.246152929066345	0.365206341962904	0.207806088478346	0.233469068536634	0.167327581048741	0.173762260835386	0.226006338094992	0.452475310434896	0.24520679566402	0.0609060725337277	0.241510109974541	0.253597431654849	0.505855563706703	0.532377474404398	0.205545871956331	0.463868226852262	0.507380700575116	0.182552608762306	0.211213108022101	0.523518237696432	0.149124728323208	0.24485974333649	0.202914370488125	0.140127325472699	0.383207330075495	0.261657369614908	0.128877045295057	0.198496743061144	0.420656933881107	0.340147186159782	0.225735101592597	0.136718230012804	0.0506376631123394	0.1589959359654
"SRR36103397"	0.128713192297295	0.170487901611981	0.28930377220103	0.0446358272040034	0.0870274621106366	0.121414020102251	0.0708323153042568	0.148367325303681	0.18447552682693	0.0956292652513197	0.128492112222576	0.572827477196381	0.212738147439497	0.231315303653697	0.108288100220411	0.129127628042757	0.115862355091551	0.0918655456032083	0.105135618753083	0.101021349396771	0.0769466656907854	0.0827688228915635	0.224207460474059	0.257749873380484	0.289847518361228	0.0686392250451682	0.108291928782781	0.143237630661659	0.0576222913705382	0.26093628361361	0.413940185847238	0.0929982845920288	0.168113359290689	0.119522732857989	0.0689816142572838	0.274256087433765	0.0823221217039526	0.0689172280434427	0.121472316903718	0.0978024976390388	0.483156288358834	0.0618225911213789	0.18244745626274	0.0794462699847929	0.0877512943204967	0.0393417140882074	0.261429823261106	0.198334391626488	0.0955117355664949	0.0572685644305782	0.146212691237029	0.191584567688936	0.105527379396728	0.497630094163245	0.13825098120402	0.0873006931676101	0.284385873164512	0.258312869986318	0.392868532080135	0.35352486519556	0.145581830531834	0.0855004105030989	0.423755473334214	0.120204218741567	0.276604595436216	0.73002255178004	0.0653546661065366	0.114001124683088	0.0632760931711191	0.147132982041243	0.128205736997402	0.307698825501144	0.053854268986839	0.0658897530724716	0.513561917755568	0.273765343713482	0.15882984586531	0.296600354977659	0.238001506753866	0.254006673638477
"SRR36103398"	0.168850728184961	0.232999207660375	0.442572301288049	0.25403486479238	0.152358427936702	0.177276508596854	0.115330603826222	0.238673448675455	0.270049298233691	0.22221134537213	0.240740407072903	0.486094749017569	0.322560777006882	0.325466551663944	0.108288100220411	0.901537152131821	0.614271284136231	0.172354984448305	0.288449891169185	0.332370485585427	0.543913296340253	0.447105941701974	0.466879628480058	0.518455884739357	0.884153641627035	0.0880981243354903	0.134253938997799	0.512648483836165	0.108254444547251	0.488453628299715	0.286450486342725	0.128217587967902	0.198718433345145	0.576621963886442	0.0929403872023032	0.364680523046524	0.21983271046585	0.102448711882593	0.158528533051961	0.309685186018941	0.770428964200711	0.0749870874905721	0.231576510908278	0.0956113102124167	0.155534785086619	0.0883691095975822	0.540486362787299	0.425934060223671	0.48922719931026	0.0793473889662852	0.278153408300041	0.751717672553863	0.15583817137708	0.535168117454824	0.243059770382276	0.128319330099067	0.408217916163679	0.307244215997099	0.164810122270102	0.291866433206321	0.248050093728707	0.150474035003699	0.490704747286777	0.203809929342932	0.338164509038096	0.776420786743501	0.189501806653809	0.207202756593993	0.081664234617523	0.565374195874116	0.523446733833679	0.409200332927107	0.135870756159227	0.0951174764269405	0.418382036952263	0.628350088959198	0.502032266556203	0.887220530295857	0.624414977820906	0.536292459098275
"SRR36103399"	0.301664123550062	0.316336244170638	0.377509301018434	0.293612553625571	0.108717838705787	0.211098139245162	0.346686244044398	0.211604016161304	0.258273077838629	0.169493439077113	0.240551044931102	0.681522603530132	0.261959812412667	0.370036289051844	0.147526417188026	0.489484150164842	0.313976583193323	0.12189916608661	0.278862054184843	0.321650249903901	0.104435348328994	0.506267252682491	0.196627112161672	0.277315803757999	0.289555393161422	0.0898532314911698	0.0907545901576238	0.470027920773749	0.119917862778353	0.258513048491751	0.473759052100728	0.177671024053202	0.346312080429944	0.36990963770154	0.125422982470412	0.169527805474074	0.152925764317565	0.123156737901627	0.326234090134465	0.319956051234493	0.596775399140156	0.0856738360152773	0.229716237094856	0.0908851763393047	0.258653454663301	0.112661323455922	0.333102232138082	0.270083036116522	0.124017419964726	0.0880340143769585	0.280329445701799	0.228073596171751	0.159908071445306	0.573675282846586	0.309028779534267	0.155754657533346	0.379716442672215	0.191040872031208	0.493164697258068	0.38536048910269	0.181036204538216	0.14847780788778	0.531897959566092	0.286512878917723	0.15378927543686	0.656041938881641	0.107193555309711	0.39921614979505	0.0940389979383351	0.201521990710975	0.401305747280539	0.394602225386061	0.0901932092347477	0.077597900050909	0.711556529513449	0.296684440281356	0.278988941166025	0.197588970159274	0.184092302408195	0.137818525999112
"SRR36103462"	0.0645207486509553	0.123427057500052	0.139301955818938	0.04248661322196	0.100893391356616	0.150098469886469	0.0357231048729483	0.0326244533307907	0.152764228308993	0.125611333127308	0.0832432191872836	0.21190427856733	0.160183969658252	0.25301355360318	0.254598631902029	0.0761220089041262	0.065833033808541	0.0767630055295794	0.0577858217683776	0.0820178013432938	0.0211849207184862	0.0482611084094485	0.161631492755227	0.0678848282156127	0.154666094145063	0.0625999792235324	0.0703731230657587	0.21036858518165	0.0580116163616512	0.138819351747006	0.614961559268641	0.0576301450927348	0.11973916661052	0.0935481329733906	0.0363703891881182	0.106042345469355	0.0763195064451105	0.0542656470686661	0.0761426684122301	0.0583985843226959	0.188969471901508	0.0542550573555696	0.11036075115914	0.0563989083622057	0.0353522474383625	0.0164323170957915	0.307747409180161	0.124761734832287	0.125593524229573	0.0669866572098281	0.0565498425133207	0.446065486772472	0.100723276613306	0.233352506083378	0.0570613086978988	0.102115953681407	0.205819365087365	0.103746066064907	0.415079043613327	0.409651268020219	0.0853299711105277	0.0802301436079072	0.643275710237945	0.0934957463986668	0.0869959356458599	0.230335602249255	0.0312647907164557	0.112844686260846	0.0593991068166373	0.111296788427465	0.121718140752927	0.23112318757392	0.0377724087743643	0.0871619435815264	0.43161489383265	0.192972198972862	0.115441298205129	0.118280795572127	0.0348683440128525	0.0829478347967588
"SRR36103461"	0.288448010302853	0.121249401142646	0.379632434767745	0.123773790885038	0.0904931919629315	0.1465556987093	0.126999320384904	0.155854140928755	0.2169997327982	0.128786414589119	0.112544186807219	0.563702352362548	0.277842405577309	0.314459826533246	0.108288100220411	0.197270618282133	0.20913800257573	0.173542817836586	0.189601112632752	0.234076588456448	0.0956676466080501	0.112953693432283	0.169927394904215	0.259766530263884	0.255042064854952	0.0878340868697133	0.106951961324133	0.195333658435201	0.118748928400154	0.234731884074416	0.492672205774936	0.180194185734237	0.274861253943005	0.187075953181088	0.119371683924876	0.165276116257075	0.145355053474412	0.0997254217854382	0.195960912190178	0.166162510081828	0.34101434835613	0.0883745666797863	0.196826837328318	0.078266474508665	0.0804770269886339	0.106211021540464	0.373900054072382	0.219473042317112	0.121403186212807	0.0849126969126964	0.0852948100720491	0.227678080993161	0.14427590143251	0.301050580798198	0.126046922986116	0.148526206187063	0.39224397047716	0.185897266772091	0.509172916917804	0.386028994380048	0.153964222888228	0.126643750540714	0.411314792855689	0.209098198394595	0.149068620753924	0.29691577464853	0.0940961571120516	0.154126695141667	0.0911614682269365	0.27587760646194	0.187211096964173	0.386825420267648	0.0902063274975053	0.0781019828330685	0.688755924917594	0.229801098178528	0.114477854765949	0.161711368292756	0.172761132879222	0.133260473552167
"SRR36103460"	0.303188662182673	0.268883795476051	0.46599050926553	0.188401357612185	0.153358663981829	0.323070446685485	0.112171087886669	0.106244151689208	0.23099958842525	0.321040003420348	0.186401091423566	0.565930336303675	0.261514799186765	0.550344370807807	0.375199439710302	0.637456051959122	0.438902032229593	0.277075035420048	0.255062170615923	0.339275414886837	0.137119674818228	0.18459759667843	0.339814184352372	0.333511968296729	0.593642420534234	0.114249493618012	0.15530032544541	0.718285021961432	0.280786815020626	0.345800382011157	0.848757815029264	0.198342228565744	0.385907689201988	0.355409410532424	0.106196875269606	0.258728430475173	0.33786522751819	0.128939065062868	0.304082250765035	0.313374857427694	0.641479380093885	0.122835927230825	0.334232191196122	0.112350674430665	0.0885441524329723	0.0916594170488691	0.67497954260558	0.32241785866165	0.395461577505098	0.191475219358106	0.171350155587906	0.862258117104863	0.217732562692938	0.552205726564184	0.219895336655116	0.368824116570794	0.368005750776778	0.214249921125428	0.693695037360924	0.635458463750252	0.19915416127964	0.243370397796065	0.8845086480281	0.345951830919246	0.215380256506013	0.633431862587959	0.118218171439127	0.264248888019256	0.139197752080482	0.254736089427338	0.539879176506691	0.388475236699701	0.140106084580391	0.163527037998884	0.794047238325326	0.472314119271418	0.385744511831922	0.494079250026262	0.198910429146274	0.242563146702345
"SRR36103400"	0.122904857113518	0.204753944866156	0.155943369244981	0.101187001727854	0.112243884329872	0.173631758402324	0.0940443813686101	0.332989485396735	0.199521409727888	0.110397167129306	0.185600109891725	0.312521083622284	0.265975639085285	0.187580018858257	0.108288100220411	0.522833346326209	0.175959431470043	0.114081212667641	0.136470971813228	0.182814987128142	0.10278962267907	0.316113078898189	0.281775723082858	0.273513780975294	0.341658018424036	0.0772708216774641	0.112201189986865	0.497198050238183	0.076440209672659	0.29724843555718	0.132569154716854	0.0917817257341034	0.190920574800138	0.306612447663101	0.089475656695591	0.275316977638395	0.108556523746414	0.0835312592210506	0.149923298088541	0.295407905556799	0.546740112951611	0.070799680796443	0.210227477228177	0.0897716335745357	0.126136580847408	0.0701428840620994	0.238796816120118	0.227791659110355	0.105987977549599	0.0841412481201907	0.170805874017089	0.164581155499522	0.141863306235042	0.531059036628411	0.188392702239748	0.113047973642062	0.353726950005321	0.25390030296242	0.168302453305092	0.179117723845522	0.189877941894208	0.0964541195413947	0.205124104703985	0.17863516004916	0.290201520323861	0.753318508481904	0.107857182955355	0.134793231960797	0.0758983291930436	0.280718328148078	0.363179278118444	0.344439977344314	0.0672290727915909	0.0697992265716084	0.230283570723795	0.235348428620254	0.366460453930858	0.330844421800153	0.396227410592215	0.282920347882489
"SRR36103401"	0.0719726784677533	0.227773824631856	0.301002793390378	0.183687454261987	0.141193186221227	0.155591865907142	0.167277268466094	0.152783483534448	0.311846481384355	0.139752618067746	0.209186696672431	0.369664764827	0.258606683740674	0.213754067738788	0.108288100220411	0.809370047085473	0.423313406160055	0.0916666086310868	0.494622542991042	0.200334159971704	0.358086315950003	0.369181193391513	0.270182640087947	0.367428448649474	0.78157264156317	0.0731294056925482	0.111621845522198	0.436614413970008	0.0645045389593772	0.428846191246902	0.230796338671905	0.0905325177839094	0.129095677151415	0.443925349108343	0.0634178327541042	0.300862651518574	0.138742513476756	0.0774526628697135	0.107808748164796	0.219403958878915	0.676997375177574	0.0585676401228578	0.183790045773966	0.0816126367961203	0.12539442701126	0.0469563893090151	0.463604825383099	0.321972734000672	0.36850014212388	0.0595149417755193	0.343303459984151	0.636747319885063	0.108913622634908	0.587732709079798	0.387215791640323	0.0875213622786964	0.196753141122596	0.268739742480925	0.124964503555053	0.249061051429607	0.201377059392557	0.10307793952014	0.562882379661089	0.143454147071083	0.301808649050637	0.751881565376851	0.125555896546562	0.159393083820925	0.0640787835849823	0.21488684319696	0.416493461362127	0.243019182509633	0.0879773661201441	0.0802206850116762	0.22643665497573	0.45632271499963	0.453977549081759	0.849685117877268	0.480103066366124	0.467945658307991
"SRR36103402"	0.235440398873508	0.609761391079599	0.496568201451177	0.442192718452073	0.666200856758121	0.604426907743205	0.37711630195495	0.429005200447142	0.258975506435882	0.515178024135183	0.497719709394626	0.429657231889952	0.214461682491658	0.636799051107241	0.732497852850491	0.878871438998167	0.523744263125838	0.397449424446489	0.703105894887896	0.273287531985095	0.442273943096291	0.315862325029351	0.6143599877974	0.689006899801474	0.91501930912401	0.412649968646088	0.276358219840384	0.757557254382463	0.397241317254618	0.753827187364153	0.845262986475855	0.388050392372941	0.321200122184968	0.741883220266364	0.118678309221784	0.706339594020903	0.696263664267443	0.253495099273506	0.543555750006352	0.504105440136156	0.452323107460266	0.36603211153789	0.65434379670832	0.541369562751318	0.226428294101297	0.204778144690706	0.799243561357701	0.567125251107167	0.872803390300257	0.766578439288276	0.719190299171309	0.980558163188471	0.483972092253978	0.230506816737357	0.80721232154554	0.552443959898342	0.209410628710594	0.562157766054069	0.708595070332825	0.755109630873814	0.461402067872939	0.798213373280487	0.975746248204502	0.446781087376235	0.711566526672229	0.331928588218923	0.486384039177125	0.437335965923184	0.476900840906268	0.195888203206956	0.76627857076018	0.257385054327059	0.496095800593113	0.549231333113669	0.465078581538268	0.80591647974361	0.745462288572723	0.950774468924682	0.64401519588064	0.775025727608793
"SRR36103350"	0.0217381620932233	0.326056339686376	0.104703336804046	0.102479119684678	0.329244191675015	0.255913701039319	0.167069437987605	0.177001483152157	0.203987870650463	0.0655473923708674	0.312692506571556	0.17960743986308	0.187348087940763	0.138143290818553	0.108288100220411	0.11812710135055	0.0403489117949241	0.0887556165694483	0.497626535857208	0.0194669246162873	0.0444715693759054	0.174148371174987	0.243788358897149	0.163409554625966	0.210174380451571	0.217962926920238	0.115615391308622	0.0887004342577355	0.0286191734519011	0.3666833417452	0.160847367750129	0.131593274319407	0.067136771370284	0.13353914463027	0.0366477367333755	0.393640336680974	0.0777144609342117	0.0820146083367851	0.202622100869972	0.127639158559642	0.141685063079564	0.113926195393733	0.283982406305056	0.225990050036407	0.225897975992806	0.0362109492564621	0.174942851227823	0.255221240064857	0.191545461814926	0.268227613454602	0.360950069888916	0.123541776544033	0.248946841294957	0.240075358642637	0.330741451844888	0.0417642095707377	0.097976402523272	0.38963415609285	0.227174826965007	0.307936080589135	0.227819648943191	0.200392525843659	0.34580302926961	0.069550964245302	0.462016091462505	0.280888111374447	0.166888996768169	0.407681402223758	0.181749677693936	0.111250390524905	0.192344511294783	0.112687124204362	0.0970690723410183	0.191945847818468	0.0693091314618176	0.409798593799879	0.266670769962764	0.337497155873869	0.192241409961423	0.391690994385798
"SRR36103349"	0.673006107826664	0.912603578362267	0.907441639778663	0.81699190808859	0.881043123721558	0.757172021930431	0.551649650238353	0.479056445537399	0.357840184177499	0.898826383184469	0.851880554632291	0.76264148874192	0.266664433174841	0.877136461202001	0.663542165236243	0.98109642288781	0.869811993007296	0.856886666030692	0.935731401241783	0.618363814659386	0.939170836394558	0.777668634000132	0.898059798162651	0.903521314609528	0.971206965364	0.813398828295658	0.727184280924865	0.919877178663474	0.925119997556265	0.883508402401544	0.916897204536375	0.824100394046477	0.684322841193235	0.935594427139062	0.531845881150277	0.913716698021498	0.915892642392061	0.619266498219509	0.855975894861217	0.822771615069249	0.676807005943933	0.747492167343128	0.886159082896221	0.74796214822284	0.818914443883283	0.710741143721862	0.942931389325928	0.692459740056626	0.943543509979467	0.85560409328673	0.869110446129238	0.990197651035848	0.764328425424185	0.332733209888125	0.903489070649012	0.758209485012376	0.328354531673379	0.89208667525198	0.774112860425012	0.869886280382756	0.807206125800107	0.894021880973155	0.963027969533657	0.774664519676506	0.891652094522144	0.615101131608327	0.813181160865118	0.881453081181151	0.688922705004408	0.440683453585686	0.939385770522823	0.401034153743261	0.872809667473656	0.894135559555087	0.798906760907942	0.955402231903197	0.94274829020521	0.990339902094655	0.898574007718764	0.939974781023305
"SRR36103447"	0.00270778464878956	0.0622448261052235	0.0217476383090235	0.0101756400658965	0.23105160921559	0.156557555515359	0.0346570811437363	0.0136270146884087	0.0899120341974741	0.0236686848084994	0.124788957980868	0.0221148944193068	0.0708592435517258	0.0428816587131502	0.108288100220411	0.0284230584316607	0.00880012028707084	0.0143445581942851	0.240134676514339	0.00360833137441171	0.00872902645183288	0.0547078744705861	0.111373342941266	0.0172061608995965	0.0500587393204272	0.110361915246051	0.0355813782594525	0.0402390975013735	0.00625103348833141	0.137686777954263	0.098975580364578	0.0308724729452393	0.0174213650488127	0.0315704402998746	0.00923689571128868	0.112341222051451	0.0177241163724909	0.0277084163361022	0.0332230985121596	0.0290274103696651	0.142661093804795	0.0389332962187483	0.074182705361133	0.0878472131664636	0.0421376513258967	0.00428295693518339	0.0818879674398565	0.146041435367786	0.096862003041211	0.0758958782963266	0.0716278473989728	0.0817077087948677	0.0657824642306763	0.249475753558124	0.0785935963107161	0.0109505405729247	0.0420172056940723	0.126352757938798	0.0554207405795684	0.157240581562523	0.0645324897859702	0.0663684228700789	0.180291570780682	0.0160824701353843	0.141541489267604	0.429138277751037	0.0331147079433678	0.03327796540897	0.0718212164300753	0.0448280662783206	0.0716477824534504	0.0547268818852774	0.022806317992274	0.108056338506092	0.0150325478911423	0.11737441217659	0.128569242019737	0.100813738284753	0.0122415449539557	0.123540595774603
"SRR36103446"	0.231957873083882	0.132087358668359	0.466955401743398	0.242898543560824	0.118525708120373	0.182016975325317	0.273889971831781	0.14375264498227	0.232376047562763	0.165612649683184	0.133834413611557	0.509177376040618	0.237767792167463	0.362093168054073	0.144060587312094	0.579822497610364	0.427961931039712	0.0872935418602807	0.353906270355501	0.297150229805139	0.189831072044681	0.359127927556747	0.130091886862274	0.299934246744099	0.475444918242939	0.0834328050958153	0.0733284333810443	0.367600549255419	0.112315426333868	0.27873649551684	0.588133010954824	0.16186954583512	0.277741144417188	0.260442284972351	0.0947641776590437	0.154956401561233	0.157272374508262	0.0935330094089301	0.196484726462438	0.225253783322349	0.643937190472648	0.070366876797566	0.184981706697549	0.0692607862326362	0.0826321248225687	0.0793851870800688	0.4460446699444	0.315599128580382	0.241379062028648	0.0756741015443791	0.211729720859007	0.486082385753386	0.112309736076297	0.537642003695365	0.271871409794925	0.124168396180301	0.336484249607668	0.169691997863176	0.51421194077121	0.446142532336215	0.160969591669983	0.231143418198649	0.720210560318762	0.233080185820281	0.126297960240383	0.617871018235661	0.110461135493686	0.114418224942552	0.0798931869199099	0.197726694997307	0.370831615296255	0.379056395964441	0.0927047893337513	0.0788357716206722	0.726270528529886	0.318513318149883	0.210137568973392	0.38911958677711	0.193988590169755	0.160066169997281
"SRR36103463"	0.113633495112092	0.135141489003711	0.198296057616947	0.160435492261572	0.108070261263431	0.176213459513729	0.176671144904598	0.225755054049168	0.167116774720062	0.0971454342663067	0.127274854828923	0.377955922604615	0.173060769019941	0.185224242619394	0.108288100220411	0.356640367629541	0.149525065362339	0.0699133648389401	0.340640645273312	0.175919616049731	0.0483306967098458	0.449261342412718	0.17543359519674	0.201626412155786	0.197840094694042	0.0592090242013162	0.0760886885116082	0.418945968953659	0.0488985025790472	0.192477852411422	0.386889721597809	0.0766224037529098	0.165107117664245	0.227188926850595	0.049311249737354	0.14469669023833	0.0579296571454963	0.0559486418956042	0.122581282712011	0.175025579578134	0.411052155792886	0.0498520319822504	0.174752378466393	0.0587724092461626	0.0710431919434167	0.0284631533194493	0.270954125768104	0.158529092966937	0.0826935186164903	0.0601671990705288	0.25716874570535	0.174267484603546	0.116967194148179	0.443728258546978	0.235983220735071	0.0628700709621058	0.172502238542394	0.162245452138323	0.467542133048936	0.327596737313221	0.121509063066552	0.0784703048162379	0.656609731449515	0.158214982364589	0.145507824791802	0.623502706348182	0.0620220553145826	0.0981674302776028	0.0514529405869866	0.15076234597252	0.312063841668737	0.185340596519551	0.039401422050798	0.0604432193182749	0.395581673971209	0.241935191073742	0.259591793586544	0.196544797100088	0.165481007012446	0.135655943092602
"SRR36103346"	0.00280865776287127	0.0511513956866788	0.0217054493390519	0.0145993380645196	0.281762673617996	0.191714250109993	0.0413384635130955	0.009572720044064	0.188265466035415	0.0296171610436015	0.131409800637932	0.0199425918091051	0.0680623371235964	0.0453925053031674	0.108288100220411	0.0512342721199492	0.0103829051119697	0.0208859727755555	0.237785504884587	0.00479193331392897	0.00697604681023098	0.0929327551827888	0.0816041747141263	0.0138430725178215	0.0460347733722482	0.126730189320511	0.0413161372285285	0.0563715620946664	0.00682076546049684	0.128557936513409	0.10398896209476	0.035622771238963	0.0199771841905265	0.0362681959119902	0.00941489917790534	0.101817339635093	0.0189776635749649	0.0314245334974971	0.0405694585177041	0.0394450926213966	0.0676852031012289	0.0470068315308396	0.076651508379192	0.091278708228787	0.0418962694203973	0.00475280068079721	0.0717644676663866	0.126826224583341	0.108769186086215	0.0897909875781972	0.0779226452749831	0.0818666016909336	0.102910975219612	0.0849592543512014	0.0685496604225882	0.0109505405729247	0.0431663635480188	0.120881461147303	0.0591701766936504	0.1816100195461	0.0769384485623226	0.0839635477107468	0.168292144467562	0.0192879351766756	0.117097647402439	0.10193022467704	0.0370520863073787	0.0598107822745496	0.0834444579894419	0.0366557650635806	0.103742164196999	0.058525237818984	0.0274964637729682	0.129158168482932	0.0173779135253344	0.173984064246865	0.143741807579858	0.0761955861064555	0.00883183201517774	0.0999968388581481
"SRR36103297"	0.04168863019498	0.220065642246194	0.33325915916128	0.237052884310098	0.288217091316515	0.263758161369201	0.283346848910794	0.243222636182133	0.19849612364588	0.118176883975722	0.314885630444341	0.329828271556353	0.18192501671303	0.23952395529945	0.135541662726292	0.525582334626916	0.222691584345534	0.110596777950795	0.603944488061731	0.0456965359817362	0.243218242082579	0.19341742869221	0.298943465376656	0.389995685243402	0.680767261795588	0.241095414128213	0.126542489672959	0.125586403189884	0.0696609243997793	0.557107006516522	0.290398920242486	0.220496644641336	0.115622489400277	0.253705303340682	0.0656464233263047	0.495094712739581	0.200162129646559	0.124452262064617	0.230711260001657	0.199454905873693	0.331686012498103	0.12435773034661	0.350814608459634	0.227147247753625	0.181195374112127	0.0865672667389473	0.386389402183833	0.438196343244019	0.504528237698777	0.321314667563407	0.473927139381446	0.49528852984664	0.288741780823008	0.193161921287831	0.504310433312638	0.0808470310127443	0.159978423136195	0.464932920043792	0.32500236005916	0.412927125060929	0.313151218881754	0.368384065825493	0.622182026724624	0.10734960419008	0.530069287942613	0.336433936987339	0.324387997114689	0.164067762360557	0.22101505707421	0.179665730723769	0.320169446082758	0.193996309125244	0.18489365191218	0.208646260961811	0.193670058814112	0.633845080062069	0.350814340270797	0.792728091999518	0.512041903516692	0.593741102998858
"SRR36103296"	0.0331722809415654	0.173702240231604	0.298091073111211	0.20331390326729	0.336887473391172	0.262998369776421	0.203789672863687	0.184228032721333	0.369692635175572	0.119243951979222	0.293493916259707	0.243067515843889	0.152609544525335	0.223545348566898	0.108288100220411	0.656864753945543	0.283283779165025	0.0754792250177375	0.573466246338534	0.0709779731126563	0.257387620464689	0.288781755558463	0.238031943541541	0.334882520134867	0.719192594129903	0.19404057019627	0.0995748035419037	0.198253957579855	0.0511411537841678	0.498670222318213	0.295945950241918	0.154388422577337	0.0945518255003024	0.36499574133556	0.0456923698930573	0.393564601840454	0.157308294232668	0.0979351392760523	0.171711909143409	0.195888398491608	0.429645530049451	0.0985476586607864	0.279255570087587	0.170655382448276	0.14757583395385	0.0535323232333311	0.39620762812413	0.41151090318178	0.554536511290399	0.23563241392542	0.381055535096865	0.618468580680138	0.24446487285883	0.183372930394423	0.401883722964339	0.0580145748840883	0.127599937093736	0.369571763079284	0.269676787370267	0.393739974389831	0.26657728526742	0.247283785768744	0.681679486428086	0.107385119788772	0.404516544986808	0.313139216104248	0.265693716736626	0.190540284012903	0.162233003450215	0.140034416623676	0.408523892889021	0.171104637169653	0.15161415577698	0.186778263409155	0.16021563174819	0.638727752897358	0.419089097044967	0.821557559459256	0.421376029730286	0.531902020424089
"SRR36103355"	0.00339031260835048	0.0991620717240432	0.0260941216263192	0.0319906904109314	0.362232985370551	0.300427497442579	0.0889410624380098	0.0643726039023071	0.293329043638227	0.051150183471008	0.1696271352205	0.0251283453477542	0.294992748382834	0.0693677084773187	0.331895175133324	0.0393119756736712	0.00892597896804079	0.0138681322905607	0.274870401348259	0.0073341047695761	0.0159468555726966	0.137878509806447	0.122023305784133	0.0332071639057032	0.058344648035714	0.157366423783113	0.0635862550120673	0.0518235826246151	0.00827741262288482	0.14867875383877	0.170018748733559	0.0370503167393481	0.025387208989208	0.0427355680416531	0.0220330310706144	0.190818797202432	0.022719158915525	0.0682142564222864	0.0508801126012868	0.0433518823476308	0.087083438330741	0.0839042222457044	0.129564252706471	0.195030960454089	0.0606097536563754	0.00671557938688749	0.0915763813703194	0.219711281557524	0.177820964001295	0.129442964535681	0.1773735619152	0.142881672680443	0.14814024678155	0.410869874948113	0.100654325249216	0.0121888919217685	0.0998758904925748	0.186781578410294	0.130846451755279	0.287476191486605	0.122010975396406	0.147276273952197	0.319187809602056	0.0241170926243823	0.238079006995037	0.266832207596395	0.0609714721239004	0.0971355259137999	0.135986239289182	0.0992559493513617	0.0997940424909478	0.10139754012752	0.0365422319337644	0.165366567812125	0.0170707229069235	0.218033265236164	0.135960860559689	0.10663334800789	0.0270765815114724	0.210637119065637
"SRR36103354"	0.523051221153318	0.296618716767326	0.689661372883863	0.333801491736166	0.618318094382368	0.423049635201523	0.372551615417249	0.467409063727373	0.215202266310005	0.366087140063317	0.437177104382178	0.689299456404432	0.210239165683703	0.473826919609916	0.206249866436753	0.441929625762609	0.305761239269292	0.398712201911426	0.734044587536625	0.267868230614254	0.273840853653617	0.521837212492959	0.45976319079516	0.559945380383111	0.344127115934849	0.496853297604779	0.322668207655737	0.339398398197886	0.356995521484147	0.485448268759877	0.687383624600779	0.552521622424798	0.43363334665148	0.365564819740778	0.261457400724604	0.561836080682267	0.320483494946595	0.270690680150036	0.53992422051764	0.424192727663909	0.570528732653397	0.383639564428999	0.590951023860715	0.488141618873584	0.369149515499438	0.307082925245517	0.499134935377827	0.410096723893588	0.287747594888043	0.440135134793624	0.460802933708114	0.274273238584552	0.40722714066946	0.517139416711051	0.508767015811068	0.174116359391106	0.245006578609727	0.648158087346007	0.826031689090464	0.686826541201093	0.465258306209815	0.547702457152685	0.710620929641628	0.452244484841784	0.54119643714045	0.775912097908997	0.428367179280084	0.229291300490096	0.32253689385479	0.228009551745235	0.537107912961567	0.267655319661661	0.398255056227412	0.479200039538447	0.721816771985429	0.579827217323005	0.471043271157679	0.453887382303939	0.498832319715306	0.47745602785537
"SRR36103353"	0.271612413213958	0.410496322921552	0.502019743679033	0.40978582343984	0.415540936641857	0.585599088404232	0.42136963427531	0.381229604935775	0.197705725742312	0.28555467763566	0.399982427498458	0.658211269780799	0.257237030550519	0.570132964500976	0.359786095935853	0.558324523021175	0.300377859957587	0.405982118939154	0.703963203696674	0.151330119378526	0.12540963317942	0.420341563083337	0.472105115014408	0.550224578277895	0.513147703132266	0.350760565500899	0.254178550035496	0.637785220819572	0.272028247019074	0.567789397930959	0.850122762726519	0.552490517400369	0.443492891759014	0.428934325887938	0.118882052810863	0.614430631082327	0.427282758874457	0.204114759538702	0.62446945024379	0.505221589482674	0.574629357100836	0.282372479526453	0.717599644236521	0.413163076181383	0.231133263705357	0.179520788617659	0.605913390179086	0.497925824478655	0.473147663290624	0.633988013428114	0.637359095132154	0.700303269825059	0.479717184570751	0.552023928068049	0.676754662454622	0.347871741819149	0.359232723844537	0.520401026924244	0.861838839247099	0.778386691578356	0.383265091096105	0.583458698709687	0.929694899885283	0.411376837559184	0.613534953672133	0.71410643647902	0.346199391444098	0.30508001547433	0.40742236596905	0.212997392881984	0.686374542661702	0.368650472512003	0.299452772426138	0.38601277020791	0.744454987005677	0.697506591269402	0.568007755517983	0.567040719624323	0.35893377955842	0.513283517165302
"SRR36103472"	0.0552071612102277	0.160764383354129	0.0776352779659293	0.0911828510586097	0.107083634027697	0.149253783398961	0.063794462254906	0.069271002597912	0.175406226815813	0.189094012273726	0.104673205930776	0.104922982914712	0.205283952785709	0.221323876850465	0.285060890326011	0.123174601998409	0.0670066562620457	0.137360539834359	0.224363642472014	0.0673433594309737	0.0407726955107745	0.0893386827842564	0.202703556163695	0.0770518071823097	0.24127808604541	0.0788009964212208	0.0972343750966324	0.278334549244155	0.116449520933952	0.192159614401557	0.278698960020608	0.0822634595880008	0.114418411634711	0.137006756159032	0.0581246178419795	0.13107720454755	0.132599887140407	0.0758127337891681	0.0794544178888873	0.0968436867028519	0.434483465835147	0.075836684218859	0.0999668254147991	0.0743983495158819	0.0487234537252213	0.0300424378974678	0.352122952953298	0.189347678214139	0.161827236166992	0.100352402330825	0.104727975614395	0.465602079625253	0.110625105984805	0.476443036438555	0.096602346378198	0.17385162251379	0.27457455292724	0.11893037712634	0.143250613392511	0.222616851104266	0.114819180358116	0.0880766368605816	0.349351345214774	0.0954757337923476	0.115995506090296	0.550619941757971	0.04900767644787	0.0995519696888168	0.0823660602579038	0.180707831566933	0.142903187917898	0.28558744779737	0.0601550156396798	0.107593805274704	0.210188469928456	0.174090656592182	0.147670528851313	0.173321266914435	0.0662363879174921	0.118078540276876
"SRR36103470"	0.466821367042082	0.596654522676857	0.493814224580266	0.196159021623715	0.168104860366554	0.447450703749407	0.115262466836864	0.315209413876437	0.247281565550909	0.37169732148204	0.405224985947495	0.88392092014502	0.343632021875828	0.582490312882215	0.606424688835619	0.697881074456428	0.38403190691339	0.415140400513896	0.468148276188991	0.371959304383517	0.145325759929299	0.337495520872473	0.895416559029758	0.582674788658264	0.692581461797609	0.123297422406177	0.272825748325593	0.889292912645547	0.361575416593653	0.513276372962283	0.900417412272022	0.207665818127899	0.481088599512708	0.536155981453773	0.108949352807105	0.632838967214754	0.368298469629639	0.160512915665475	0.435486736072159	0.445738400072845	0.594958864674481	0.14442459330854	0.614519937802337	0.189424739009944	0.24113340215273	0.0926246681136517	0.74298260472457	0.270544627058523	0.323712563450237	0.251351338011351	0.552764022987591	0.860496405641829	0.194307809741715	0.555492318242973	0.487082567552198	0.485539209643125	0.436876399288105	0.468389253325681	0.787347270314424	0.734489968639197	0.294861120140387	0.282785858619558	0.941788150250716	0.444915631770922	0.638846388458058	0.81332054171386	0.125764515669638	0.386555633083599	0.162759712832326	0.555002214213291	0.681875954703267	0.372742935490752	0.132473399937407	0.194173719724048	0.82204489088912	0.580945398564052	0.769941725612014	0.750211043709479	0.475709319865438	0.596072572750028
"SRR36103469"	0.46749873147179	0.594788274846382	0.586609402514739	0.313746053415461	0.135776537196128	0.337333519769427	0.172993032751804	0.539398866776425	0.228579617776208	0.456240627788149	0.262125695527334	0.859846676937995	0.326822608559139	0.663683155188388	0.515321746510092	0.346441038047368	0.315510931424138	0.440583384281906	0.38309261683408	0.363382293863913	0.177785931960312	0.189465904776478	0.748727941409083	0.695569915826243	0.733845309667247	0.137930379028577	0.291504017833307	0.635594533185292	0.447011384428881	0.533528723207862	0.922184552622683	0.261806829155114	0.4650759528338	0.539020016911809	0.141919463686915	0.627789929427043	0.441612784104535	0.160141880344634	0.412747583235941	0.272319962537502	0.388955952211058	0.16897479946924	0.568077123871939	0.201152015809132	0.147813302725504	0.13759237168496	0.765972477097436	0.257819764590802	0.350769401760343	0.346703242243992	0.630292320437473	0.871876252213879	0.274863214936558	0.312504241193297	0.494485047652361	0.555416320034063	0.442357038209423	0.473417844208597	0.896888765804066	0.7584566366957	0.278348607020921	0.28614886081861	0.964688979586414	0.381330515956127	0.627958396701231	0.4864650405512	0.165755600861902	0.316281164930704	0.189345026068927	0.383794709568754	0.400864249577565	0.414517146043271	0.166921327449451	0.209362858484716	0.892618740539223	0.656457846561802	0.461285654695594	0.737747741638441	0.630894313745548	0.579046711879059
"SRR36103342"	0.0329836602726956	0.0696486044645206	0.060150866128888	0.0400669538251891	0.0845453680587159	0.0865862497784192	0.0451637053888933	0.0415421602386381	0.162969171296021	0.0762658178552138	0.073749130787276	0.078201080325159	0.174393406533978	0.116903704820569	0.137018333085553	0.0776115442265621	0.045833813346452	0.0602917430099682	0.0937902235675963	0.0529092519002332	0.0271818621259066	0.0569854081972985	0.0814285494679803	0.0436248725332752	0.119881015205132	0.0570394496951018	0.058966132209534	0.107240031084093	0.0368794441780347	0.1269632613142	0.105202046051612	0.0929968106053245	0.0707208377095867	0.0746542998559641	0.0449476047602477	0.073189307640559	0.0529670539982045	0.0506389969351336	0.0448553195322608	0.0616030712812349	0.383536666138587	0.0472106958546109	0.0638192148758817	0.0669070148051298	0.0496930587247969	0.0223497425314673	0.166528595680571	0.158601770730838	0.0779853045148018	0.0425371604960048	0.0386098393167509	0.133708340668195	0.0881561696401186	0.446103274259523	0.0469051613902681	0.0578230562421035	0.230275713567461	0.085385623200615	0.0744798496626169	0.119307562491348	0.0803471471328142	0.0753252856117867	0.110398125759388	0.0570902529245021	0.0668331641892008	0.51624601034165	0.037215229303034	0.104962159881659	0.0490236638548145	0.12185000411421	0.0790440418073023	0.255486599430052	0.0364032900948024	0.0580356348132935	0.120579823691539	0.108197006279501	0.0773234861316549	0.081980227762757	0.0470981282459644	0.0692964242283235
"SRR36103341"	0.314824695927331	0.129893386131746	0.380063365326234	0.154721784034326	0.109277892273378	0.210306521227772	0.14613095403877	0.327484911626079	0.216376629149594	0.155993222011996	0.140807084170636	0.560834976025368	0.241645143380389	0.302693247825546	0.145319624158897	0.48952173671519	0.311466396286956	0.16619522955185	0.188749038159438	0.257506409746905	0.095436798812433	0.355823308523536	0.154473043571259	0.331032438905485	0.277013902149583	0.0874475613396902	0.106310362982988	0.477424596769054	0.12743007013216	0.233340839614836	0.496417051985523	0.175554952184461	0.32470511108322	0.255891127148084	0.118228578372426	0.153243753206039	0.143924387546608	0.100189795173446	0.255011054461976	0.313693679628568	0.353990420868487	0.0878139831030444	0.23036005497511	0.128612531835736	0.0946698066962788	0.0921471386737048	0.341521487408065	0.212711970951306	0.120902332162722	0.109811216107679	0.120156720720712	0.227610604560884	0.189873639827559	0.309149230172233	0.134319490072477	0.147157837514604	0.280444726666536	0.185137237924067	0.641218010658294	0.398237126439578	0.169430116530641	0.138839738201715	0.522370464021934	0.285126186358644	0.148169998727803	0.321986697838724	0.124238449495508	0.155466388411537	0.0906377889914454	0.225096980951115	0.40653248811374	0.286107801473219	0.0893863287995386	0.0791018488541342	0.668529693802151	0.289122015603525	0.226917998969734	0.160628703428253	0.263337189224295	0.132392045354876
"SRR36103340"	0.379637043674309	0.186503892901569	0.494434923580038	0.31531333698107	0.176775976820955	0.225332383582485	0.309473103060267	0.194778514456065	0.221160663664042	0.291951427213517	0.198057718340567	0.511255451869229	0.26119473586465	0.41069822556872	0.143375704206377	0.446060775852988	0.315636850844647	0.266930549017332	0.473139111153142	0.290289612089375	0.237968595312838	0.474873597155816	0.245466096826987	0.300042268824823	0.254234104442453	0.176102995925415	0.179928189792503	0.457037678480337	0.304039643947138	0.263467345659893	0.527608447719651	0.288051119569747	0.402427086047141	0.237658792751239	0.215274391132034	0.211472019075384	0.207594643159894	0.164056505879654	0.274738934198992	0.315376505590031	0.375036602622996	0.151981689455378	0.264554479818692	0.120837682014837	0.163404319371092	0.16203701760523	0.448256300686997	0.221519770385916	0.143786822965748	0.113750733059441	0.23932759348163	0.259692563702653	0.225646220131686	0.330009193745173	0.301893165291829	0.180726784972364	0.41130152811207	0.279165643054336	0.537838867401931	0.433768748820275	0.243005054195256	0.191452417402811	0.519758489022829	0.321139952957191	0.164594471521415	0.383682530293869	0.147698098321764	0.204692245457875	0.117981760707917	0.274052103293973	0.402722328864945	0.424357799386862	0.153108652839882	0.175359549331038	0.745859781276922	0.325893354030312	0.270421581771716	0.219952228605091	0.20940155731606	0.160151372148839
"SRR36103475"	0.0694094807697923	0.109150481604529	0.162743631939474	0.0571457996726506	0.42833235753123	0.238733826645662	0.136146977715124	0.0545263607496348	0.189914974398358	0.0796735816313507	0.181439123210044	0.237730015679812	0.156849689623353	0.139008270423681	0.108288100220411	0.114553600891536	0.0524331588624956	0.0692048422877461	0.284995669621221	0.0510429890771967	0.034134484946721	0.166121874799627	0.15299863355484	0.114214431815645	0.14387332668585	0.178251918123145	0.0854432952853233	0.0886894544119337	0.0266549973815778	0.257841533424042	0.378360661010483	0.114266626352131	0.0886194601758344	0.12288145603387	0.0354206929896849	0.227322565501508	0.0637856522214385	0.0628368535896052	0.152972991792794	0.0987231596537078	0.140487857049207	0.116251397920939	0.217616339992688	0.139755395933359	0.0855015602909725	0.0294000045795548	0.175349142930646	0.218366469858551	0.153293379284306	0.151833444616848	0.214621722133204	0.145909574330876	0.171290424334888	0.227202292700166	0.202086079043677	0.0388869069450745	0.10119455901103	0.246653577901525	0.342262177709582	0.392341014534694	0.131902797098918	0.231377779273941	0.445380014095029	0.107501652997597	0.266740218176155	0.233824621583279	0.0933205184987051	0.139574673796944	0.136651110177833	0.0826063720361602	0.177126873946194	0.122468723222196	0.0901750294880604	0.171194596879502	0.202623305408584	0.354614435175018	0.178655975031367	0.189552314037268	0.0582174627326608	0.213920408238896
"SRR36103474"	0.328391739913098	0.287517931317721	0.639510078605973	0.524042993313059	0.642078574888423	0.380515810919172	0.389705860256928	0.280063104681161	0.374014881703816	0.427893818464968	0.55472050021016	0.565029105623809	0.2799183800447	0.436215119770851	0.200943585459639	0.837566833921631	0.557111530306678	0.400038275824872	0.754283666589742	0.286898506100973	0.628941888631285	0.596351966381124	0.550297836421365	0.546142248703548	0.753855337480011	0.472878324537029	0.298399587795107	0.415002919873005	0.366053953924033	0.600532528002471	0.419849992618068	0.487544542761171	0.31556670659615	0.624208925194082	0.24860568584229	0.529711591469517	0.443446095885282	0.320076745544621	0.41636496856361	0.475385103328216	0.528794531929492	0.350931406201503	0.480489395646759	0.325902048709884	0.48231459033924	0.317326494727613	0.614940526039872	0.513112302698104	0.629509589474252	0.365086055257161	0.450506907886613	0.667911577198366	0.410761001177763	0.355715303668335	0.557370979276249	0.186186154478386	0.268942536197022	0.588417390369569	0.345013746627264	0.503221401127951	0.505511621693919	0.538363360493284	0.538859176463309	0.391238730223689	0.486191121273381	0.461390802642713	0.491259373034412	0.618859115983653	0.31179972145891	0.343490622707993	0.647498066202884	0.313260878593791	0.494798638674982	0.479172254189868	0.446508612677952	0.716763689637233	0.643695650743636	0.834449940751996	0.551001309882841	0.604117540108397
"SRR36103473"	0.206389197078438	0.207232185061116	0.438581851480532	0.345382249101444	0.473465248928669	0.31307452068028	0.409197673936355	0.193725813120828	0.25506484755559	0.204098394046891	0.319752230137964	0.414027433160753	0.262603702662871	0.345752390976652	0.108288100220411	0.761616731970641	0.445247885006658	0.23114756854363	0.579643756837754	0.214940073409199	0.377504920975849	0.429754854823074	0.232291203461366	0.43554802244853	0.725368799505004	0.262205567655057	0.163781129059606	0.308639601369007	0.128645340244604	0.55948953891919	0.325375966600697	0.289532661401448	0.236081206585697	0.520171301230532	0.119772503862176	0.406240328539922	0.306431964669772	0.144551007629815	0.34240254578331	0.390443800615122	0.47298763411871	0.208779117808069	0.367840776694201	0.212470297548103	0.197985181910341	0.18956337548953	0.457815692712039	0.522909436944576	0.53425246727252	0.286254416084746	0.43209323357908	0.570880524541988	0.296339494401866	0.277920846169063	0.538259134817875	0.14048742586512	0.363938375955077	0.369086157606426	0.268556414431772	0.361355721114879	0.267950056390742	0.443715958167679	0.515308156604849	0.280360486421483	0.422496632256076	0.354051607855095	0.348697814265172	0.302932530121829	0.247076437802343	0.252060022235467	0.536199598782854	0.408802832843133	0.316025501298849	0.240702586286803	0.397679176449519	0.625234644378509	0.409812142532161	0.757495399414358	0.420302071278799	0.501036627221399
"SRR36103449"	0.0556450950014211	0.0948799190176458	0.149967841113604	0.0727585943727443	0.318563837382841	0.192240599888786	0.101696299275707	0.135440277396858	0.134259633035029	0.0684954715383411	0.144508468463452	0.251925552702004	0.137236583465944	0.176706046666713	0.108288100220411	0.0827308420772246	0.0431213051274755	0.0491872424525553	0.316869796049807	0.0407568305412069	0.0252302236860911	0.133829794878213	0.163586363989273	0.122041562133556	0.127952985196102	0.124039893231024	0.0706390084543591	0.0777539058803505	0.0203160433748039	0.209271999878999	0.426165228883057	0.0849676497230192	0.0827407366975779	0.0959919998642346	0.0264110029059078	0.224540340188198	0.0432610428947544	0.0527991482394066	0.105136959131472	0.0641124038546429	0.113012721020502	0.0787912053207361	0.190039755294662	0.102524521999094	0.0659169174245766	0.0153824048402816	0.198507439724168	0.171119227263701	0.120933858800457	0.126589661191888	0.19470200784401	0.143282585021536	0.138989635889214	0.151232368402547	0.162303664258559	0.0303560639033504	0.162024938252012	0.225414050755341	0.510472544285837	0.434002089569008	0.129007659529316	0.163264194956957	0.643760635498901	0.0891006823761959	0.217481559342377	0.205179720428023	0.0748954650620326	0.0898332000978603	0.0906030618275262	0.0883527438738184	0.130924749745941	0.188173961606401	0.0553784305227296	0.125876880889912	0.276477001059951	0.291483987983325	0.151733229797286	0.173034989762112	0.0841373813049374	0.178611518422315
"SRR36103448"	0.0638542186464298	0.164406270269696	0.159973213972204	0.22812160911764	0.250298850105078	0.295530756284129	0.288134846357811	0.124740953140897	0.240482407508132	0.104114854315023	0.251877971197497	0.226137901939129	0.236225737359869	0.148078959083559	0.1599267546003	0.405453565794811	0.128145196053033	0.151668846896328	0.548927314669908	0.0637960062874386	0.109448891265259	0.412759954156848	0.1822620602222	0.187935790812463	0.255739963774452	0.193441286239682	0.127981118441841	0.311243991930823	0.0751072291552795	0.359095171908954	0.175999347736808	0.191925825893044	0.155373069716885	0.179035961810663	0.0768583498276183	0.293672660738268	0.136677499631488	0.111466373928959	0.251421048387465	0.318489427056045	0.486031942356697	0.127893059253471	0.303661646005229	0.304322151594963	0.144616090580929	0.0851070320733194	0.241167804482287	0.343216511442316	0.193468102199304	0.205344097846851	0.340383484456651	0.154953640916108	0.228611848889165	0.594033773685922	0.378700613981589	0.0891290038752067	0.162040697349927	0.315614323581542	0.176187716657483	0.286866149496978	0.248994699513253	0.214941243314521	0.240949056885719	0.157221275618215	0.334122193190082	0.668287195166032	0.172347613731191	0.143819228791895	0.185542961699677	0.155176336121399	0.407906366071006	0.177584435009739	0.12784849898136	0.163133617055545	0.154388708447516	0.360328457885439	0.336096709781779	0.280955097059345	0.157823374093644	0.285560396238586
"SRR36103445"	0.154298586161403	0.115255087731753	0.33474939028184	0.192768611936359	0.340784023864334	0.399224308281575	0.28246991839782	0.106698417551753	0.173151015690627	0.0941479357078042	0.245112471094062	0.404922223533033	0.218870515679994	0.29176897899678	0.163161135246044	0.46204928893949	0.191530687375425	0.17580254743419	0.245028678351845	0.0819702144098857	0.0684399703977979	0.387961820948252	0.164004321388859	0.202899335785155	0.179928766890476	0.252505908129921	0.114238697894722	0.296251296983276	0.0688488657129592	0.322376952978432	0.541785808804398	0.25522681159848	0.270923256593921	0.320596432592687	0.0779837891254584	0.275350988279336	0.153446839359374	0.125040269934897	0.401806463725548	0.344629616742587	0.4712960800216	0.160834710050938	0.403736835481075	0.334350536737818	0.129010358427639	0.100500601811609	0.249134335338322	0.416526497036001	0.233727371731111	0.277937773511541	0.193349027119037	0.193988336188392	0.213733532992883	0.497936161653935	0.304158582939289	0.0875100976292722	0.298124898801995	0.300197603161924	0.574344982044021	0.566247443692699	0.24926112530481	0.374927285783412	0.519049042515764	0.243319317551459	0.260013016423348	0.574569052328746	0.200261300120273	0.196930012344605	0.240332877675255	0.192367091415151	0.496748833349052	0.308024890661384	0.164114883780395	0.208038734383158	0.528201291029024	0.328975242715581	0.281720976579113	0.170387645196018	0.0838260015654817	0.195613742304574
"SRR36103406"	0.0300618147863572	0.111936226660678	0.0944087837092975	0.0864232275394732	0.0449999614679967	0.0995096899874568	0.212808976313668	0.195384077448235	0.175311893457608	0.0912040134680329	0.089397567101932	0.113723854023699	0.166291770994806	0.129160733811865	0.146254858925025	0.119947691159383	0.0750095909553319	0.0600464856558446	0.201218561135682	0.0459046104407361	0.0531806445181693	0.159790419443141	0.0890096315251549	0.115411249554432	0.18229188898639	0.0649836156641573	0.0600062577071481	0.138200179033531	0.0618144433347421	0.183475009375217	0.122173150879806	0.0745280045816523	0.0943050237880322	0.118244958602071	0.066815083231275	0.0746668870023575	0.0844641652013809	0.0580958573345021	0.0722579040161707	0.0976356858137626	0.20329102587175	0.0448599773725798	0.0693477277435503	0.0594631921023345	0.0557698939246237	0.0451965434506901	0.191953602624377	0.145588327977082	0.0890065612632663	0.0766502750941774	0.165336011844058	0.15295683238417	0.127223656294396	0.190673450988157	0.196717104866972	0.0894209259671816	0.147839314029531	0.0952717875973925	0.158758984695059	0.108260848113198	0.0719058807872524	0.0774504018993091	0.284917120830503	0.0549535090224507	0.0927609183978215	0.183504588110219	0.070309716582325	0.0785056627050217	0.0642794840272747	0.120395410052319	0.107641752261703	0.168203078326293	0.0420937778589021	0.0563501195507	0.141680387089873	0.141835976334637	0.0924392792235295	0.136994249842127	0.141391494245692	0.0935331307064387
"SRR36103465"	0.239796333672661	0.17429546012517	0.367563847636534	0.255826049045878	0.0901345428491243	0.142395472739669	0.359595597936675	0.16500382978001	0.213505405354006	0.156493014965722	0.121169357752341	0.550759160528548	0.222585900049364	0.254307887174237	0.108288100220411	0.19204761552095	0.193473939210636	0.11231667579185	0.36309933905485	0.207605850966647	0.140943369363299	0.242691718411174	0.163892518378552	0.283006029143615	0.304330335740879	0.0856759925676549	0.0940029466923446	0.188978836445302	0.123742082509074	0.275163174312611	0.46379049495774	0.167884925041138	0.236205017823771	0.163593786780082	0.113053297476285	0.182935992900145	0.137445529789976	0.0960983946442154	0.185959011021	0.158395415141469	0.578347243125975	0.080168262358162	0.19159985847648	0.0822997646497624	0.0875644668292432	0.0914329470238243	0.342573503310595	0.242974880687424	0.118445526838896	0.081619029688789	0.350109773160103	0.221314813298234	0.150934533366074	0.544101056859514	0.351670626413107	0.140951107529868	0.237832865155155	0.212728024249979	0.476817840509713	0.374975194260643	0.159855881285289	0.112159829284078	0.571678923086523	0.187383750137278	0.187737706405661	0.683130500019625	0.0930690265127277	0.227394683805737	0.0870368407935912	0.183023286491018	0.178723393334198	0.252084500572278	0.0818534764967122	0.0750544709264767	0.61951878167059	0.310578863177151	0.129575893157694	0.245621806130184	0.210109723628574	0.168868516733875
"SRR36103466"	0.35325543557114	0.320496983170702	0.435231674020749	0.316524326468687	0.498070623038414	0.490060658864259	0.383042013278163	0.24817614781306	0.204427860262799	0.330930213233546	0.284549632745251	0.525453892352197	0.206701821326419	0.508359631527711	0.381983928839673	0.36585297691168	0.221873465441317	0.365050743791398	0.554718140913342	0.219944810355234	0.0919481186082818	0.279117830541727	0.335445203465648	0.406260159502758	0.411478160291934	0.318936222906911	0.204010567273745	0.455385243307692	0.26563560091804	0.458891904832396	0.858854331696872	0.371041277120054	0.351876444840592	0.430908705539223	0.1119505318333	0.410452507216821	0.397427853015355	0.184046280123055	0.506498192501974	0.334873208153205	0.27995936319022	0.298427497689998	0.519091068231248	0.269804610647761	0.130204696280433	0.155027653274389	0.554717982980949	0.374326485281564	0.445330988048883	0.571611361214304	0.484981241162672	0.723399419649453	0.43342558084166	0.249527210832279	0.540985317463388	0.344846739378752	0.2231695518854	0.373646314061925	0.847814640039317	0.752544072940056	0.296145866009238	0.556023708210972	0.926429311201742	0.392040498525726	0.409008441614774	0.2490098830844	0.257598800820166	0.337704362555087	0.354972030893403	0.160994260015319	0.498138032191074	0.241313641293054	0.295998778861749	0.380084023657526	0.69393275701939	0.603722464517455	0.34952905339466	0.393541557806538	0.194341028758815	0.325962934658484
"SRR36103303"	0.00561736303476341	0.0521712579336893	0.0146754399532154	0.0211439482089251	0.292118134132822	0.114278349757232	0.0301373514844762	0.0091648687734236	0.0984006075895628	0.0388489463810087	0.0803644228375434	0.0123262493648147	0.070702087309336	0.0465060600679472	0.108288100220411	0.0218813099157568	0.00825348522578622	0.0167527703646546	0.181594903590133	0.0127727891443035	0.00587931253660787	0.0678126726148935	0.0529054012772422	0.00832135575900801	0.0322534004599268	0.0792793256387314	0.0287074102396531	0.0402390975013735	0.00683320028661343	0.0737818813860166	0.0855500988868221	0.024694106720618	0.0160221815211478	0.0217738856379117	0.00950931858361878	0.0442074120766261	0.014511432873046	0.0266336611678789	0.0236807745754714	0.0212384163682866	0.0581112195373242	0.0408422434394881	0.0351399142699083	0.0517570829707932	0.0319294140880814	0.0036457114205736	0.0764225627442894	0.0933855252368644	0.0770327824791753	0.0458880986775486	0.0374406440049647	0.0812453858655442	0.0558542813633232	0.109569308979407	0.0317498457197617	0.0109505405729247	0.0481652788771027	0.0613337976341032	0.0427327990447601	0.137044854993078	0.0561222378615868	0.0582884612559417	0.133418145186694	0.022152469408524	0.0420554629238902	0.101514159424026	0.0196154569308105	0.0708285895041986	0.047278191072824	0.0433002836049163	0.0524200410588577	0.0631172750420252	0.0212718467755669	0.092155322973116	0.0180772708877693	0.0821842557299297	0.0665244911974879	0.0360082900288221	0.00463321975278694	0.0400501088280808
"SRR36103302"	0.193362228499189	0.453612779998304	0.311864047695159	0.197475247413505	0.567341329374212	0.302421255726494	0.265497592007843	0.195604782498628	0.19805006055766	0.206157712505566	0.429265247746872	0.336838779472383	0.185671827709095	0.274201081832495	0.180492258590301	0.255131236706286	0.123669082979868	0.287723668233751	0.716177031002137	0.102006024133201	0.193723545737674	0.236889642463291	0.372640578141054	0.297491104713114	0.29346777498476	0.411303388436792	0.259259534786434	0.178467795950375	0.174084958530364	0.468228714791954	0.241331764095678	0.368693142818921	0.198129562956913	0.225761405477339	0.171658899881173	0.50531461743515	0.235000367531452	0.202998738671801	0.374374657425054	0.277635178595887	0.291302282988548	0.306194274195584	0.415641706254501	0.339040266399281	0.42015428450865	0.191694137629069	0.363605370654872	0.329289154381671	0.256877847837818	0.321730480421577	0.334316293408788	0.190883915955981	0.266466685278355	0.244112610519757	0.471459649847327	0.126775730556364	0.185525950280768	0.562643237745712	0.25656013131374	0.38035152991011	0.392193722124209	0.514888796320238	0.262078635397799	0.244262556319652	0.527614513265547	0.437611776698597	0.294977626481904	0.380703462832662	0.276809273653	0.181360065256691	0.317703406428676	0.206819420939628	0.304917402743933	0.385876723287313	0.203749718854453	0.364363726641569	0.363529050649689	0.45040564455027	0.315040781080624	0.480207839788033
"SRR36103301"	0.0898954497290626	0.403774419487249	0.459941394160532	0.241222091736568	0.343465050974241	0.267311365937747	0.317325962929759	0.179926399635929	0.45567052709265	0.140078045728433	0.377268634500155	0.468919418560274	0.199552168151878	0.325749859449	0.187156209017519	0.626691845183024	0.381035323581028	0.198742464070326	0.580629770099769	0.109221517082287	0.443615352299228	0.201398389997499	0.260740525069527	0.472849637358304	0.776617615363086	0.258212067518012	0.169838694430788	0.156701158736985	0.0901509139851878	0.607371773418997	0.34501803932685	0.280725695216186	0.158066124261725	0.453582614102639	0.0981479172520481	0.487696111533225	0.293969736225037	0.154491485751307	0.345625724050731	0.259190096914169	0.604887007900629	0.16856539622015	0.368117099147391	0.386826670720149	0.312186210839508	0.156750625617974	0.474505079786333	0.522401416101363	0.608530547961979	0.287460893564465	0.380402915335404	0.63732507914135	0.220231662153833	0.263838653956234	0.547658728194182	0.119828783921453	0.180630955510768	0.466889872115886	0.264821690610173	0.441107532960065	0.346758098460143	0.451196201827673	0.575044665294458	0.170717753084973	0.512759651538653	0.419905791699812	0.351244753141434	0.393425452272646	0.243224279549767	0.185618997547712	0.386154932099294	0.227555069044403	0.279050152614541	0.231322689708545	0.265743711481215	0.573244560373086	0.35696359467968	0.852561642696893	0.492967919173755	0.612588436157638
"SRR36103358"	0.0381749318490888	0.261343560289542	0.206096100164482	0.0752384508971585	0.328338400924604	0.294220138921655	0.1559864692274	0.152687635055637	0.181377004397984	0.0617377584101787	0.275681979945891	0.306137840637613	0.161020157291646	0.205596631838765	0.140961566864301	0.125054346011796	0.0565727844984834	0.0554202663033534	0.389637059050858	0.0289446348474598	0.0359046427016977	0.174957375883846	0.189696928846599	0.184273301923356	0.157767354423919	0.213393148946861	0.0800112672284574	0.0874186081742825	0.0255324441091194	0.306070748421096	0.464239089916275	0.145438023190272	0.0983969996076853	0.143051601645041	0.0334237550631624	0.301922147353641	0.0701869833966084	0.0688904812972344	0.261591453403482	0.115369046326196	0.1498655305175	0.101462046744666	0.31832732401943	0.200703941489187	0.187883657450299	0.0347493938724881	0.210361817664744	0.25562283487106	0.181159018442621	0.260703775078212	0.265945787123801	0.150247298576141	0.233805685672895	0.24731075861222	0.259646062771395	0.0374079388076798	0.095652123724099	0.316185943111125	0.587613475333466	0.482221013490965	0.155465344021066	0.341132208722574	0.646206681585628	0.088483427879898	0.359890309880824	0.272080230537797	0.148423968524996	0.256761294225251	0.176224610427443	0.0861907274211365	0.215296193527648	0.114938989627408	0.08543086319012	0.182953964055341	0.232294315085757	0.42033217844592	0.218839055563261	0.233066872379043	0.117228351249118	0.280399386611327
"SRR36103357"	0.335316391542545	0.29947676637235	0.65282904741281	0.423581559575427	0.513151796433543	0.61762615919716	0.597708092525905	0.338392657697757	0.515586526767722	0.391181284248296	0.419215072842507	0.581625865928433	0.672856673136685	0.604082296347193	0.298646046300287	0.336711961221197	0.265018641942362	0.393005297852117	0.592652778299212	0.184668379750283	0.345427330546285	0.49283457633612	0.316329514160692	0.426232538628317	0.241898286018745	0.555808229850038	0.410840451952147	0.290952397242674	0.364170169720531	0.41181163120858	0.799230735827832	0.705197756637649	0.535801339572595	0.358063997759683	0.469535546139735	0.523863517669689	0.386190890348187	0.472602820036008	0.614204788196471	0.467905363282733	0.72922182944067	0.515463713116509	0.66649072267624	0.473286355810484	0.390150233288034	0.41773308336014	0.506154628893798	0.665614128364592	0.465249527497418	0.459862922435332	0.378275686666149	0.365136473395375	0.412965722082678	0.899607576632146	0.447598708836912	0.198084850041276	0.674863255504474	0.56149571828655	0.804667014093035	0.76844278865998	0.478645479110153	0.519675237689244	0.641915065718919	0.394131930389403	0.500312266201573	0.854962260096126	0.452843755689789	0.305424252602652	0.520497141747929	0.495918069881787	0.530087231480914	0.616915814637367	0.453070942522896	0.528738914349634	0.749143024815009	0.459045310852437	0.283009125832379	0.259224965479758	0.255734985387244	0.437855822353284
"SRR36103403"	0.0621880045484938	0.0813133459312665	0.208597509034568	0.12026534745176	0.279706307255953	0.268000665101006	0.176674791090065	0.0322445517653234	0.147107183975339	0.0760005796699671	0.161984756341161	0.221253256390771	0.135869218991037	0.172518048245973	0.108288100220411	0.140174916452762	0.0761787686913512	0.065882973579495	0.175458401262624	0.0399574518256832	0.0277927780194317	0.151047040532494	0.113951587692365	0.0851309092449696	0.118468013701124	0.188995774837806	0.0649800777325875	0.104002001943842	0.0350001193156071	0.227590907590178	0.47847694972114	0.149845109302249	0.122471161698476	0.142544471227307	0.0435378402756831	0.168574525778203	0.083942241789466	0.083270790747844	0.200848638625255	0.126705702463558	0.355845689219069	0.101984722765813	0.238750524762954	0.133381565226095	0.075704220818131	0.0402149328995319	0.192843601718181	0.297028947713057	0.178323071084931	0.181750008482775	0.143992445835619	0.164606850234534	0.200137981098868	0.409895938589549	0.176670660230073	0.0502893989953492	0.114824024559709	0.213337877881949	0.459449000588337	0.490661995908672	0.164420373171324	0.220984342750348	0.48498062341248	0.11464702743838	0.171075609592305	0.496789005132796	0.107961571457283	0.124327564026511	0.162691011728264	0.0998296558290517	0.216829813515831	0.133313746626447	0.0900527301719669	0.161330213923215	0.305601545019046	0.321439014939423	0.140634752171169	0.114969927207624	0.0387596619746532	0.131437630406608
"SRR36103404"	0.163205581326131	0.670681441164627	0.285627430318233	0.666104216725677	0.134806848424076	0.556466857783939	0.658611826236237	0.530516241624768	0.688172928277967	0.674941763323454	0.291711426977584	0.350253326477022	0.554379327093597	0.619453090785705	0.78979029854531	0.503160745044312	0.256829414379253	0.411072638246637	0.263508509751852	0.234721586203315	0.230285733770019	0.368242767341125	0.483161275666679	0.480387119630424	0.682802968395883	0.222191977625453	0.354507811708416	0.793817402965553	0.657412776749866	0.5006065453891	0.819937543815507	0.253392737920319	0.446380500149533	0.371941941672955	0.34802218290059	0.457015433783859	0.655391277045218	0.373879150691396	0.448777009385271	0.457214777248495	0.652124990434061	0.313317305082629	0.489588882186918	0.257330159205418	0.152744400813961	0.260063681975202	0.690039942888604	0.453675840406236	0.614861815817922	0.562809606129238	0.804525977093879	0.937390796853981	0.468267300106269	0.626111131576647	0.715883213208116	0.735741771732365	0.460532173785935	0.334345271982229	0.686065467890861	0.622969946681713	0.3325784578357	0.25648114226225	0.939168121173296	0.325678853867336	0.513925709497228	0.513228085602818	0.264160645172976	0.43485801759261	0.41145981971749	0.391885577232242	0.525213503183112	0.403257672019712	0.266713278063222	0.332849085957352	0.521608707859155	0.56757974703501	0.393983409548824	0.596611554082305	0.485754698464217	0.498338955001926
"SRR36103405"	0.194521628411448	0.326461681423836	0.421955443775702	0.400705499964841	0.572390500187875	0.457171051832435	0.362728135592153	0.0929044588536712	0.296101111047519	0.454720487010946	0.335594080007969	0.292658817693157	0.238392388616982	0.51852467999897	0.428308840736205	0.733856167501114	0.430533849146444	0.398907993202858	0.49687134669106	0.190179004499179	0.302976034881967	0.205810368755699	0.334677221438755	0.37165320652114	0.823198348871056	0.352524042088172	0.218201730655474	0.486766397673637	0.303303629631063	0.603188685960858	0.735028155692303	0.450080343917562	0.251730956004856	0.412244603074034	0.114292598380544	0.433355726913112	0.582286991630023	0.217768532476647	0.40530389276297	0.351963823485274	0.715553226380436	0.315666615855166	0.441629578327686	0.341080860144381	0.163519699478207	0.166714561673747	0.667279694093783	0.607366211273029	0.806265710732004	0.571511929696361	0.481271511112195	0.950468101015702	0.440266220625068	0.585204672856595	0.578435731501043	0.409078939508304	0.218577401959197	0.363585944747799	0.463245808629805	0.639999987212061	0.349963449332006	0.59415478531837	0.888241755566986	0.326445316568509	0.408137868769847	0.626587912175606	0.345199440542463	0.475285172577304	0.390902710856855	0.19223808917226	0.578047759443778	0.269806921453241	0.436798800392139	0.456142524853431	0.445767808002172	0.748001049540679	0.450849432113064	0.826136939137757	0.264121621589387	0.499831854922135
"SRR36103468"	0.132709366445517	0.668827813166366	0.468805211153846	0.251803779995585	0.424615791131396	0.543296570863847	0.24423381473498	0.255471375151906	0.167758524121648	0.38847370791944	0.474818460553987	0.524962328832127	0.156857680841658	0.590050828726804	0.518266113836808	0.316938725149569	0.16350493344642	0.397166205055824	0.611509268121483	0.0936501723420364	0.113712132967074	0.244607419079106	0.587042996001234	0.441402556920099	0.436050371393349	0.433006351090369	0.31044471541444	0.48511797677705	0.340942509558837	0.51309137077278	0.892247589938201	0.381597553029509	0.314332144714739	0.343600645132739	0.111993587139181	0.583612869445909	0.411472881536608	0.2068390793205	0.551914273675409	0.286891734885794	0.255600526708662	0.296038128324175	0.626151735075632	0.414676013542367	0.331810839682565	0.137360185846369	0.648073565497961	0.325907344705739	0.486204309273325	0.638063620060213	0.569993390552893	0.796550213630419	0.493468138227808	0.235055381076693	0.568214412983118	0.332579869514195	0.144909078180927	0.545330729753629	0.863235355604717	0.787641950526067	0.339263229862158	0.491025867952488	0.949948986033074	0.261941956135304	0.5957384174084	0.380114707262791	0.286024574362539	0.613158310158457	0.387814366415173	0.129476532670403	0.506458506245169	0.169917567578954	0.276605612627935	0.537267078059082	0.603349483706702	0.702877023410612	0.534506370749034	0.586057154734776	0.269766978196468	0.522922005138313
"SRR36103415"	0.00744627167753858	0.0321929702595652	0.0187939346473481	0.0155975535435534	0.53968389237714	0.18597071809405	0.0386441191841496	0.0108033202672665	0.0984006075895628	0.0307952051027703	0.107486994188119	0.0129276444235472	0.0812001254611392	0.0598297026334709	0.108288100220411	0.0287167641476792	0.00912379657611201	0.0215429932761073	0.122939676912124	0.00869021277167919	0.00671032647929878	0.0585558226892461	0.0529843019454635	0.0105697297590798	0.0291828969640452	0.15021274431526	0.0348498406586838	0.0402390975013735	0.00625103348833141	0.103369283101484	0.107146772569873	0.0361738933919994	0.0214218148475525	0.0285008199768966	0.0101317836320222	0.0781652598130508	0.0197821655432295	0.0353228745358123	0.0382218261699298	0.0332330967135964	0.135374193834335	0.0727953405448246	0.0635631813358782	0.0838741232494385	0.0323898783972049	0.00497979218196708	0.0628129489709546	0.181846238548279	0.11852055520354	0.0993270572888439	0.0333967069154898	0.0819633770656081	0.0765387244224388	0.265986390283183	0.0524038217236094	0.0109505405729247	0.0851716491051602	0.0942191015278046	0.0606303756905246	0.19921344764663	0.0816971670917937	0.147520362080424	0.155930099862173	0.032692446645327	0.0688161471371535	0.301844167895356	0.0358743437375022	0.0585205177483275	0.0908923592819661	0.0403310412215042	0.0848464672011501	0.112267377875184	0.0404944066785983	0.159977122669447	0.0215563846143816	0.086867267621327	0.092159280528407	0.0428194548577141	0.00463321975278694	0.0582148417994393
"SRR36103414"	0.0523938054203532	0.706570426951143	0.150698438811054	0.2863560545846	0.451024561450251	0.527111286354056	0.260914069518475	0.0988446155481766	0.249384024704881	0.336895440067758	0.436279332151939	0.189384373681529	0.272868000843663	0.474031414996207	0.66141200656963	0.294949342806054	0.0843410070841082	0.219766486744885	0.436152118756001	0.0475807466475876	0.0623043686987856	0.221821435355338	0.524504555310769	0.214105655348928	0.401198406339351	0.339163774751795	0.190037820198157	0.5186877225803	0.221438270901842	0.539179119392259	0.682323683637665	0.21585492068134	0.193471655446301	0.345789747425436	0.0606958469027008	0.608214448198885	0.348623976775556	0.162174737648521	0.430653955383477	0.267441364094952	0.191074543189769	0.237711290434305	0.512472967740555	0.355247698850471	0.240355926063838	0.0714070539256313	0.497439838637848	0.348724332118284	0.54027864871409	0.609643669485953	0.691284265840239	0.834010788996127	0.361862582462922	0.314815253415362	0.629522034193845	0.354823899179098	0.249981294761643	0.451107378154023	0.408954749132368	0.62395880827492	0.28529769748886	0.612628817304746	0.858307450039932	0.186923573960006	0.613714247307568	0.266052745406908	0.191317829452156	0.436954910607123	0.389666227546613	0.138288845894323	0.46176241939423	0.276645841968043	0.21551340725276	0.446659620836242	0.276318604096448	0.631804957712345	0.538298105144693	0.628177747744584	0.137246476516222	0.542503221850399
"SRR36103408"	0.00249347624983463	0.0341421352831561	0.016848002924174	0.0179688793066232	0.223637050495746	0.149980099215013	0.0391645427903587	0.00856261988924123	0.0903148360741492	0.0328418403875661	0.0894150189850581	0.0123938319855992	0.0603754555812535	0.0395660988805587	0.108288100220411	0.0319058599392316	0.0087226858533607	0.018633198923734	0.195598537922444	0.00523727257361928	0.00613640377789751	0.085381982783891	0.0483833531221787	0.0091752472684514	0.0333827964134962	0.104807004752711	0.0319899987580261	0.0402390975013735	0.00704615958303846	0.0889039356742875	0.0970555083083365	0.0306509419580066	0.0165751758830353	0.0252802812366241	0.00937753376293945	0.0462860866756071	0.0172517422447018	0.0263431493594083	0.0288578188669654	0.0272800199735964	0.135374193834335	0.0402420429505707	0.0459210096523185	0.0660253560893824	0.0277165515656273	0.00454557665190379	0.0753712510551693	0.138278734200512	0.0924232745232624	0.0709724896748775	0.0485223745200024	0.0816450314014723	0.0738091927689288	0.245647771408644	0.040600578523753	0.0109505405729247	0.0327830875212939	0.0655587556703573	0.0519795722746691	0.134068799374996	0.0463597689596524	0.0612939654175239	0.143094716448766	0.0157739977662651	0.055440425180453	0.301844167895356	0.0275002874121928	0.0329525264977632	0.0679170647648277	0.0316191682441269	0.0687091251558556	0.0458644125007143	0.0229982209807313	0.110176092545528	0.0160898738707282	0.109864468315521	0.0798734862964225	0.0393847260763382	0.00463321975278694	0.0493809838587809
"SRR36103391"	0.211754006604612	0.707048678497928	0.251489970995124	0.430605806393553	0.177767322699994	0.427632807097248	0.350579552055909	0.19780694501032	0.230801808600139	0.502283804858358	0.328323590013231	0.478105573674824	0.238577876154429	0.475140541986099	0.648244744142521	0.696485960469902	0.303877736238348	0.460638514293842	0.697407030803197	0.25493512852759	0.143064184570259	0.369347842666893	0.615702295701013	0.411531895645817	0.746064915271816	0.153209248808256	0.318878284790421	0.905665810974412	0.533087217954061	0.572407074152962	0.695371750270393	0.220218312343459	0.37664637042408	0.632019621840771	0.146529989208987	0.556886237059051	0.535227622077653	0.180033915177136	0.378157824350622	0.491923852710816	0.369498771980779	0.195684779072103	0.499568058902241	0.221357652675193	0.162882750957455	0.12850603866409	0.738725783677771	0.24690800294227	0.427258320439657	0.370967150806358	0.780749096528848	0.910360156959896	0.25781112959526	0.277908760505991	0.775767075694741	0.670108306174371	0.247166675044371	0.405236666204842	0.41458655756246	0.511471113280098	0.310981410266236	0.272194994990725	0.903760204128514	0.387936532681974	0.595839679033033	0.425110308713966	0.154367215766463	0.253187403068766	0.224615697564296	0.176324329321303	0.650467030584486	0.265832943143431	0.191347867474661	0.256860889170464	0.452634531423263	0.522380175527434	0.697362898709864	0.795653512153048	0.468244618221992	0.577988659980199
"SRR36103392"	0.429448895531058	0.781758524049475	0.883517920655639	0.544839351931205	0.676563088820041	0.716625114666348	0.381899693171006	0.522039320118282	0.254368834688755	0.724568461397571	0.713014892805947	0.775309922199531	0.211907813127565	0.848319432693891	0.683117865954656	0.926573510799699	0.746442489940634	0.592747425803873	0.840343895094753	0.342714598038502	0.689033771804152	0.630407504879868	0.778996673535637	0.84980683389721	0.892428009007344	0.662578392559803	0.465839529774505	0.832657674380638	0.760249143117805	0.756591306601992	0.965885704432282	0.699799784463221	0.609528677328947	0.783722803673535	0.286819079393116	0.802176819418267	0.772601260890612	0.427830964477723	0.795943809376267	0.648655224307359	0.741558809046197	0.494104378941476	0.823012427107962	0.74908919771157	0.601400545610938	0.406181628520871	0.887661276443329	0.628361763514759	0.86863985841812	0.799043892274083	0.722711653693934	0.975949157265849	0.690698047528899	0.523362205633693	0.769428053928099	0.556029556664297	0.242254703999816	0.776675289421203	0.945631208370781	0.915751194835926	0.641121698316638	0.7823520485593	0.987246774621303	0.586604524964822	0.757322935566211	0.794116713063192	0.658151725343442	0.712186569644411	0.553599281586339	0.252362285456909	0.881810184985662	0.30229518175888	0.638845672912678	0.761914590307952	0.88141672515289	0.920870063681322	0.851478865714476	0.947864559223739	0.733528945332053	0.810976312143516
"SRR36103441"	0.0192691641259927	0.0536720192916717	0.116192669418622	0.0535212828854575	0.24888135064299	0.235567329334102	0.0870083714292379	0.0677413679620284	0.114653350398496	0.0474764627214437	0.126237044644619	0.123744340252474	0.114836859988622	0.166604068958713	0.108288100220411	0.0564301245396189	0.0354274814740094	0.0432138241150976	0.137775119726654	0.016910953821833	0.0154795601174468	0.128168323376785	0.0812212602033741	0.0652254509602294	0.0646418455675263	0.149468206439221	0.0518072147136721	0.0674130874955733	0.0156713904522327	0.149831376491398	0.454949323440575	0.0831036624768719	0.0735656424866971	0.0743431842545985	0.0203300719176152	0.126297815090306	0.039871081348709	0.052838040152342	0.10975730859826	0.0628019759833833	0.0935450912436006	0.0679677303291292	0.156472879174691	0.0997181614761763	0.0478115193793309	0.0122345072209449	0.139110383701339	0.191290884887932	0.139874334631331	0.16027023366301	0.0829556261770669	0.135071620111104	0.170963899596652	0.143351525482975	0.090987384318121	0.0237111943272912	0.135661502855022	0.149687112215181	0.514499730960807	0.463113219570003	0.112097107630402	0.157910492560448	0.587443474577995	0.0567763953586556	0.109518267789543	0.126008383846294	0.0727608180571295	0.0783522457588116	0.112675901045309	0.0637549212930856	0.14615373152019	0.166602192149303	0.0487614183437597	0.141550842653601	0.236964699897564	0.248994604582286	0.110034504138905	0.0692309264828836	0.023533855033331	0.0845955651457426
"SRR36103440"	0.00800449909255494	0.0616347557529817	0.0679948996294581	0.0269452108720366	0.303909335618124	0.251459291986805	0.046007990795452	0.0356723665842867	0.189247663450533	0.0315137914270045	0.150438814412515	0.0837949992930907	0.0683284190075657	0.0846564806867904	0.108288100220411	0.0793880953242218	0.0205457461296544	0.0143343934790853	0.30286805117143	0.0124944296511342	0.00809017606991085	0.133764300222684	0.116862197175499	0.0409206857339001	0.0561118236827674	0.124333965030613	0.0361680697589685	0.0866561897621676	0.00796111421897194	0.143427490306975	0.388726231054074	0.0487262326026423	0.0374385402163666	0.0387845228208282	0.0094673119802215	0.152197604631926	0.018729731906504	0.0338391996857289	0.0726991145823443	0.0496890927512585	0.0721303445334989	0.044225508893956	0.161187099804581	0.0956241117518369	0.0487718088156783	0.00517768079083414	0.121992205980421	0.124949791523773	0.111266384031369	0.115736830222766	0.111946583120006	0.106819200913085	0.120076867467725	0.0875582673494069	0.0880589350826455	0.0109505405729247	0.0416794509524507	0.177052666366964	0.408089235605059	0.442595278861001	0.101311237696291	0.114042691019137	0.61405582518862	0.0386336902595085	0.161208719259488	0.123145596860813	0.0488350148678229	0.0564591413573138	0.0810776389138376	0.0374147295077416	0.165203102364777	0.0562938823190489	0.0260906414908183	0.123051820229367	0.083713168277058	0.25700322529745	0.19729087264762	0.100155998985584	0.0212324091729223	0.126784767583864
"SRR36103359"	0.059765923166801	0.197009966276252	0.201947135081364	0.297665867161185	0.477881573225497	0.571293820466229	0.48534629681317	0.329540199263894	0.352277891446535	0.226027563117097	0.355679651683614	0.129031200840564	0.45988176298237	0.296141220546162	0.256914953969389	0.383044649314972	0.110463347638061	0.159587382132712	0.565504925126311	0.06502683958598	0.14603552750636	0.532162663853442	0.179703128224219	0.203608925632915	0.161892987437379	0.430792348477734	0.225565497409172	0.304828006446436	0.142489007859548	0.319958214795204	0.355080352572787	0.302412077995458	0.237110473268952	0.180034883089927	0.227654193961209	0.340760432210833	0.209440638740268	0.309599501498915	0.376098836526214	0.401582760070773	0.345638882411428	0.33842403366176	0.416688987301386	0.292714689876326	0.222652885493602	0.174709444400869	0.274901141516832	0.52160749882041	0.393040601428612	0.434964339420866	0.327672041848868	0.233651150715657	0.423342786971454	0.557640509365078	0.343544324403796	0.0977820162671731	0.395219590477187	0.376726093135981	0.42087954128597	0.478643805781602	0.358823831282077	0.341571241971655	0.383771361851156	0.189775026497558	0.367774849515973	0.447822932418287	0.351879131375317	0.26780677618286	0.422956876374826	0.307320575442107	0.498447205132252	0.355269809814171	0.261106613910567	0.396822316239324	0.17033076438442	0.372190776296681	0.292729133982197	0.17192551794657	0.16283443506189	0.322700329490801
"SRR36103393"	0.00310688989757601	0.139998694416301	0.0137591907039729	0.0132728692685718	0.0755588202098307	0.0505108621806903	0.0228684730220504	0.0133105941949481	0.0984006075895628	0.0307952051027703	0.0692126401496225	0.0281371894509597	0.0666398255176984	0.0378251373573015	0.108288100220411	0.0197163675030479	0.0069545619673522	0.0101027492835094	0.255623119626155	0.00869021277167919	0.00733611591371999	0.0385358619675178	0.093859633050416	0.012606211082388	0.0421908245481828	0.0274522999422253	0.0318842974075212	0.0402390975013735	0.00625103348833141	0.0805248973318946	0.0597865549318936	0.0111008233761648	0.0117864394341533	0.0190594412631609	0.00827947494748468	0.0629431876169275	0.00763835490664648	0.0171186573981223	0.0109752338941154	0.0108625617079859	0.0430580656631632	0.0162218058459949	0.024796239992871	0.028524640092406	0.0400272040245572	0.00162762910458621	0.0971945028905982	0.0419648785384019	0.0383174061420201	0.0131075394988566	0.0821619108102967	0.0801433752358929	0.025060525782406	0.0724581428581162	0.0535635819175174	0.0109505405729247	0.0381375921115478	0.0718891005290452	0.0257716099888924	0.0837403324582881	0.0371710716874144	0.0137533577309275	0.176478928338423	0.0120364046500744	0.0699010372662595	0.11905821375353	0.00913523391565048	0.0626555830867327	0.0167655286705605	0.0345123455346918	0.0242371934238197	0.0523799895315593	0.00770694754107245	0.0352618395511303	0.0147137590612702	0.0642246855149745	0.0751979094871144	0.106839595812686	0.0173634629718524	0.0777581134396846
"SRR36103394"	0.742842251420749	0.862587191137793	0.787840657118892	0.783909520868748	0.859597940753323	0.786157283164454	0.576027505111183	0.545022447785725	0.274840069125162	0.880239268423283	0.818759370879517	0.71454592926694	0.278037944161136	0.780905870670112	0.707070685808673	0.90177265932888	0.587581832155125	0.89642939543894	0.952450105465424	0.538017775155111	0.680205062282291	0.809305500150736	0.920771741567964	0.821552544487494	0.813211258124629	0.832237882315966	0.78334389452141	0.940843554860209	0.933184072529313	0.830442663960854	0.852785545393318	0.841634007153716	0.744358326407273	0.883489778474122	0.614859232290756	0.920311627264134	0.881978705976143	0.63675165084613	0.857290750886147	0.86110743019025	0.744863982225122	0.794904805947604	0.911233199178216	0.770107879114107	0.744222341075524	0.759053571862602	0.888951172008879	0.580074903188483	0.743343959402797	0.873148042263046	0.899040297135642	0.913721131190405	0.738225235621364	0.604920929676042	0.919063276231936	0.802902068953759	0.347118174194942	0.908628161696093	0.763481496809386	0.820765748464029	0.806891560009401	0.872128895041847	0.883439764995059	0.804201030130605	0.915968419420562	0.901320560949844	0.737488530886624	0.590803033890311	0.719081880364671	0.363532194486343	0.920321755854024	0.366184329151956	0.827483081449607	0.895865376081423	0.72849299063418	0.867633336250137	0.936849922900479	0.929242821591064	0.826579448046054	0.901349274327023
"SRR36103395"	0.388404043826727	0.738128581207438	0.668971979033372	0.579041726905381	0.682820735502748	0.664209077850375	0.486735651206551	0.25528189766569	0.294934266145802	0.581672600160943	0.616146857119641	0.699682184966224	0.31716607300215	0.735029948877273	0.58743485200288	0.950038321896737	0.724217917449646	0.618224906302613	0.864344805114429	0.348919554290415	0.601231483967448	0.413433343361698	0.781591014506746	0.758384735963407	0.965025434147351	0.447816599901994	0.426440946809769	0.867575711569929	0.498905817750673	0.851223567435673	0.870442395928874	0.499507070798749	0.4740840942609	0.870450204428833	0.16957343667095	0.859943756546307	0.787915273301232	0.30910658176943	0.679606816810196	0.680407384018605	0.818248079859077	0.436109646384446	0.788879199172066	0.488807009728714	0.346773483616726	0.297347290394755	0.870931565934344	0.722344219315911	0.907857658912191	0.746949387193937	0.859826476254415	0.986787288062763	0.47652702901365	0.595459405592032	0.905274137617307	0.646685658534845	0.434931165501204	0.711771503888659	0.640112591239893	0.79733876681846	0.576032492590827	0.784533485188349	0.972573564470928	0.581649056185228	0.856828420727006	0.835261923336337	0.559554316418211	0.499704975125253	0.527515204965569	0.348183432963445	0.872964193527283	0.475751379035532	0.610182385293272	0.586097715410875	0.666592570710056	0.885188415964995	0.868188574889811	0.984235162120181	0.778428097696931	0.898934589814599
"SRR36103451"	0.0454879949246052	0.191658985965541	0.128933461790712	0.170728886676435	0.327599258905585	0.283294463984577	0.267090150710077	0.0697090659476336	0.163142097880333	0.0874437253265147	0.247267127703444	0.134579570832894	0.160744648305454	0.170692648937194	0.146758650531103	0.200837317189443	0.074150049979688	0.143185317866954	0.38108566390614	0.0345358198318598	0.0526605192770256	0.217561488797731	0.113255411029353	0.104481178071761	0.15747110916204	0.252566000421383	0.104606463428831	0.122529081573211	0.0533576624765262	0.302738993120598	0.187394607584186	0.202619964127705	0.114774770518003	0.167454116506782	0.0640225794211544	0.211508471110439	0.132235167445737	0.113901243672685	0.270846359859423	0.20088621230589	0.431133803201132	0.152500233385138	0.237163039956195	0.19857856757059	0.171091501823015	0.0788480686390857	0.187968589193887	0.382878083389928	0.226633361280003	0.271120565494487	0.191723908464224	0.146261028957494	0.239367538910968	0.45630461294767	0.273903893039749	0.0727051203296241	0.150052923263227	0.252301827168307	0.184465930485155	0.307441113651296	0.220711859577954	0.392679076067883	0.215238536839065	0.114056656968496	0.226931842567976	0.548407857855189	0.173397391994127	0.371233907473809	0.231276361346314	0.119609140235458	0.256685264966998	0.169696309340362	0.149504532264335	0.211263763727939	0.127528966833751	0.287221582644416	0.175763506378949	0.154770261775413	0.0648057926604994	0.182022920636721
"SRR36103450"	0.266250091831684	0.56610999100444	0.601201820231618	0.224537265726166	0.579205252260781	0.649263434055818	0.255794668250531	0.428125813227023	0.385394274810269	0.518371662142393	0.52878903329722	0.601963797965178	0.210841445917557	0.709602705295821	0.584363313103007	0.547049827786563	0.264359566844851	0.520222887601964	0.770230473506879	0.178310770413309	0.186456205810303	0.413177661414077	0.714067080529487	0.594699484788123	0.500015700049549	0.537973157826548	0.408308039789443	0.722517365299094	0.544778074872466	0.573555951268776	0.928525650473862	0.50118363956642	0.485997874298098	0.472484114260873	0.168674426781669	0.707737376219558	0.519899788627998	0.264112580009691	0.613269510429746	0.452914827514749	0.387607357021363	0.403646304900218	0.724850052892428	0.470082022947699	0.311037267597016	0.213890795987157	0.729022518510491	0.370932929201394	0.540293842625173	0.71659923844468	0.61721126058178	0.849119012986854	0.573801432906941	0.265796123815812	0.642612319065491	0.423280333746607	0.324506470919184	0.641335303410493	0.913293709784767	0.832726231393037	0.409728931624863	0.649308599369918	0.965416969117662	0.408619481109805	0.68242574969931	0.437710327679807	0.380214041220701	0.38820345326656	0.448903298564211	0.18669923679099	0.708688409934125	0.356748524988607	0.385608693612499	0.656647150353513	0.782857046943183	0.760698823396856	0.71955243920677	0.679790497176407	0.389542133410645	0.617963771479604
"SRR36103443"	0.0105608184190544	0.111614497544501	0.0623905458673465	0.0338524819450846	0.229874054504841	0.199923984829859	0.098857882379497	0.0887802887194241	0.137204152470008	0.0489903660876224	0.149295665952147	0.0866987029372237	0.150050986995832	0.0886228938732433	0.0857161597658325	0.0748172267457984	0.0261297701700249	0.0567186173036447	0.212531504540977	0.0106527373041734	0.0243314121332398	0.0932618133127193	0.178159466674282	0.0764429810436974	0.132974553891183	0.155192924726616	0.0804284747003598	0.0718630332750919	0.0190340374972503	0.251637694696491	0.133748430614737	0.0695999469296018	0.0441397536578633	0.0826278165538067	0.0248039132467959	0.223855640007463	0.0485765589002112	0.0453574674488686	0.0885978223917915	0.0773755794873523	0.269231585636925	0.0730619180227549	0.151321415685269	0.137923330824033	0.0824772693168794	0.0182138024032672	0.112571756178725	0.235197380768676	0.14040906688803	0.17143859133723	0.200504294506001	0.110386868062171	0.171599113553661	0.443471899529515	0.187935603734845	0.0291611477411415	0.0858172910685935	0.231393529138016	0.15806678693293	0.211304486835841	0.121655343899052	0.118915593834326	0.28784430297082	0.0378210545525439	0.280284148884059	0.579334163793491	0.0963072288344691	0.0784596810401863	0.122287411552186	0.0935921852053665	0.132868350082868	0.100581896382158	0.0555826764493542	0.142703805201715	0.0481038460118621	0.273233006891046	0.189463000480987	0.20726980136321	0.0873701106105334	0.239189139941632
"SRR36103442"	0.221516048553055	0.134931464133737	0.306599180268713	0.209329767519542	0.0894389747659824	0.135425870653561	0.263060006294821	0.138842810157622	0.206811003000224	0.141842478784038	0.104756418831789	0.467082561102649	0.260599794782649	0.276600972966924	0.108288100220411	0.169569679103731	0.16880523948708	0.147979402392183	0.271217489808811	0.184722993831459	0.080791079724928	0.206673947571477	0.157264939370336	0.210838735381765	0.242296119622577	0.0816061518588504	0.0967201171475633	0.177443351769211	0.109146541065217	0.226203775638362	0.426983700394188	0.145311236022545	0.228871219661419	0.207366768704006	0.10157072410273	0.134933301578201	0.123065138224494	0.0814547702452911	0.158928405150912	0.141246069250584	0.555163320936418	0.0794652496083912	0.159700280323941	0.0718359392645379	0.071793621033327	0.0814694345014719	0.338204522471087	0.242471433415335	0.109064597194713	0.0755303176747429	0.207515044895164	0.211464944328962	0.144037648195414	0.546498029592328	0.229910722468567	0.127111472140303	0.364138052835276	0.151232341486424	0.425888737671076	0.306452198255885	0.112392130827877	0.109887091723745	0.485260033883206	0.168484186697709	0.131180924745466	0.627354581785433	0.0805086499281342	0.143911286451776	0.081170568244312	0.254719537333769	0.16444168857529	0.362181404395584	0.077423532612121	0.0753255367609611	0.625334504878739	0.254675597052477	0.107099722150423	0.169059066789401	0.140005344415908	0.119439026757375
"SRR36103336"	0.00307346964687577	0.0307388682143396	0.00998283936482079	0.0125894156585252	0.0755588202098307	0.0505108621806903	0.021019177377493	0.00981743975131414	0.0984006075895628	0.0307952051027703	0.035792366359137	0.0101345439729487	0.0805477533910065	0.0419767892531685	0.108288100220411	0.0181736975391606	0.00706406499721887	0.010022526293762	0.0913095738660583	0.00869021277167919	0.0050571008791569	0.0389092470923794	0.0382547243192432	0.00611180314128402	0.0291828969640452	0.0274522999422253	0.0212074320637241	0.0402390975013735	0.00625103348833141	0.044781739211025	0.0597865549318936	0.0102499037106245	0.0137604771438195	0.0145002960166967	0.00840700669383941	0.0238501332923015	0.00895123596138345	0.0171186573981223	0.00738054501420286	0.0105203148377535	0.135374193834335	0.0162218058459949	0.0136796867969889	0.0202003180668792	0.0130849110587102	0.00161473373959299	0.0717373583487688	0.0619132996432616	0.0383174061420201	0.0131075394988566	0.024785484796304	0.0801433752358929	0.025060525782406	0.265986390283183	0.0231629783979578	0.0109505405729247	0.0846027714018032	0.0307955687680098	0.0245822719677385	0.0733700946902401	0.0308493512140885	0.0153345799671899	0.132251760313051	0.0120364046500744	0.0192021284861168	0.301844167895356	0.00758713058482133	0.0249703390485544	0.0167655286705605	0.0389507702893868	0.0242371934238197	0.112267377875184	0.00770694754107245	0.0352618395511303	0.0215563846143816	0.0349404500994709	0.0395456436835518	0.0302437870086683	0.00463321975278694	0.0221758638601393
"SRR36103335"	0.403395370683771	0.411309931767558	0.555268182701518	0.391620173876762	0.727158879554888	0.611966457727098	0.290873110074284	0.338896627265927	0.190555319532848	0.464952923231905	0.481616226457043	0.560087257845043	0.179971055804622	0.564029663584019	0.510589321637706	0.58386718700469	0.26533467263264	0.423988095464432	0.759470863286819	0.230594931369015	0.157651390223575	0.518140248962892	0.563050689126066	0.48672838238471	0.406392021251808	0.513973389631814	0.325197329671157	0.655183375319878	0.406046930940884	0.512332138405309	0.872045533590271	0.484495289301645	0.422918707897504	0.386796641012336	0.157917807309258	0.60965727558298	0.40891516663167	0.250812135128105	0.587301186468937	0.468278034871757	0.490293820756465	0.4165959541511	0.693042382860661	0.570222639452169	0.285212273049938	0.181960508795313	0.647239417963148	0.409971613452972	0.461665250491862	0.630593046769409	0.555740070065324	0.687859303873494	0.465290724522179	0.474671637400668	0.56298030980915	0.2893412297055	0.20330938829529	0.604727238318393	0.875262876994527	0.807319822227515	0.44194361654168	0.667618054310829	0.922114968881873	0.503364731818694	0.585932315902585	0.709706301807693	0.364518863486128	0.284475417642807	0.402544561676606	0.16331079644866	0.704729072858694	0.230303418376974	0.393500784049457	0.599942619331288	0.69107859394687	0.676210910226779	0.654501266036508	0.538557139507736	0.31006223897689	0.510655711816445
"SRR36103332"	0.059230339440055	0.1717351370314	0.156583013989902	0.193616937141522	0.357366719210642	0.301653389783431	0.260319897697657	0.24148101376843	0.337194773369941	0.0984867051764595	0.274556069099185	0.225383142830703	0.168976323387726	0.158595559657372	0.146017518467705	0.317738743191597	0.0914074256378069	0.141329063605786	0.595657299543154	0.0501148076973914	0.103559835404323	0.302029198924628	0.201480770533471	0.22990079491705	0.257333333353567	0.236720622403366	0.134295642128851	0.194057057315345	0.0626478573595301	0.392550957101792	0.182580317130568	0.203075129673331	0.128686823867499	0.139766551738304	0.0667554270732115	0.368828525272861	0.12945072678322	0.111317286509997	0.24854893395256	0.255063028565441	0.355919600479842	0.152322512424355	0.33334391068544	0.317571271845399	0.153884061714609	0.0777176103116052	0.23199587875696	0.325175008141593	0.215029864680073	0.299769479240601	0.366017102191115	0.147153685261947	0.286070754779178	0.259015394571615	0.384685717248065	0.0744855177812663	0.155750533547421	0.375915050469238	0.264439412964375	0.31913655976966	0.265118960916273	0.270200234302439	0.323037662151311	0.14294993881181	0.419034163784553	0.393335980699326	0.219783289442945	0.176661499554946	0.214379271568105	0.125139159941776	0.332919990598785	0.174663690193198	0.147213837043401	0.202111226116881	0.134865591950629	0.413215612383013	0.314921192197289	0.318151569608803	0.234183146143	0.352703754619304
"SRR36103455"	0.00261203641980595	0.0345742497993014	0.0186261381785389	0.019660936026604	0.262268756613281	0.173444025193719	0.0402438026293122	0.0208991082070523	0.0894735795975135	0.0312630086157797	0.101320819837545	0.0127527090605483	0.0641534521665877	0.0479089019725196	0.108288100220411	0.0307390613295061	0.00899070343325482	0.0210208513322164	0.164517704910124	0.00524770213581839	0.0058207757834492	0.078547544715497	0.0545881510875095	0.0133644548272481	0.0338526078041034	0.125676711855788	0.0338997260244682	0.0402390975013735	0.00698656982713361	0.0976263283400384	0.103788719204184	0.035017593916992	0.0177742096336826	0.0273339058221708	0.00941357356714293	0.0575134345655999	0.0189270369393417	0.030698788430525	0.034914297834919	0.0311836467919914	0.0527792756629489	0.0462077735638473	0.0576413488810875	0.0776728822243118	0.0308019304608393	0.00515082360257052	0.0702824271990581	0.128128102275868	0.107691572557511	0.116677047705115	0.0472687359759927	0.081860381457851	0.133057579842804	0.0968791697773188	0.0435017664946785	0.0109505405729247	0.0370886701591471	0.0800493683852859	0.0953725418179426	0.165267817776981	0.0611777387739215	0.0772863942159809	0.207756025907468	0.0172999094411021	0.0641958035178104	0.0888845977690523	0.0411139154141824	0.0568675830771898	0.0830010073435588	0.0369673511644916	0.0792874248131943	0.0502515415502028	0.0270700472852852	0.128401731532618	0.0166368413125008	0.148479367266732	0.0880140350711292	0.0407996028790646	0.00812430489616149	0.0552091150343598
"SRR36103454"	0.143476858869748	0.253348053045152	0.38729979213254	0.314161913149114	0.581393602764679	0.442005911000318	0.309764203522138	0.19843049148681	0.150575414585615	0.297185544701719	0.406497225755175	0.249565832665247	0.213793385177288	0.370119855381593	0.165273497883286	0.478676288090465	0.186366980771145	0.386852658833544	0.762879523630877	0.117238416074517	0.309867749618305	0.471644243220215	0.378966371708216	0.272763788502729	0.246796035924026	0.577250124520511	0.322592990583417	0.363343364921916	0.342487929639108	0.456660201098344	0.294371291508718	0.507538087105928	0.311372763091114	0.398300334869591	0.236888839292155	0.535911753488216	0.309256330490409	0.247819792333678	0.436700635234389	0.457621166121707	0.516199442905763	0.370328369354963	0.505366189493703	0.4023417795173	0.390773631880841	0.315614511048534	0.403393573703117	0.440138863749424	0.315386758783209	0.43625464048107	0.327981584385216	0.211487819456962	0.380320657504868	0.499479898435021	0.456026938661197	0.143442839066499	0.351083857196939	0.6116340670436	0.314582410891698	0.45320514586448	0.489746248326346	0.621018525996943	0.251469338974326	0.278983942858579	0.478562834684515	0.73307510807518	0.404322281508319	0.179280584853939	0.367638406863721	0.203223840303958	0.562408385102122	0.388369303350723	0.384279596844285	0.549554234800047	0.33378918794912	0.440412926175512	0.527120979974525	0.380820573127796	0.252827608430959	0.437148771977033
"SRR36103453"	0.0280997525377372	0.143553545082986	0.123168787666757	0.0733874428414351	0.377855011914685	0.249585346613075	0.127247949222779	0.06632478144712	0.289687979058711	0.0947427029351057	0.255728550887158	0.104226212702645	0.15280812226292	0.17277621182804	0.134802872954352	0.112209603635738	0.0448761268676751	0.11972395465562	0.513415993824477	0.0276710928686782	0.0572516254411583	0.133925804510846	0.225207357006254	0.0868224696889671	0.130521763775549	0.29087797112233	0.138294195312147	0.103041346726847	0.0646521597297497	0.287551405798474	0.181569939309911	0.173799855422133	0.0954565719129759	0.0903442629988399	0.0610474294676661	0.319535507690085	0.0961670374455885	0.111590529570319	0.143229560063155	0.124713345897385	0.429598707265938	0.149049356832088	0.225836712441659	0.205877545830843	0.145821141657712	0.0544422423724628	0.214145277336192	0.291165846716237	0.190340554169444	0.206850753242606	0.161406847442175	0.14121691633848	0.172261174641192	0.398426750033256	0.238232664914897	0.0499235613280435	0.208744295006545	0.352901888195808	0.151710165002461	0.305069761938444	0.240519432726496	0.222202855956148	0.221290553944663	0.0801321380063987	0.295309340923363	0.612947224484837	0.141072763432801	0.159198754771882	0.180623114085209	0.118590133971113	0.194511504315123	0.241338475989885	0.124009578822722	0.277753748491082	0.110075276189301	0.230364153670743	0.242925330806986	0.22858925182937	0.0777495317406372	0.262995229411284
"SRR36103413"	0.00430145278729172	0.185570352683486	0.0146050389039917	0.0115022429709162	0.129845050888615	0.161814541176124	0.00744206843612522	0.015901367008392	0.0984006075895628	0.0992704769152653	0.107463977392273	0.027577712380044	0.0849242381292199	0.101395882624436	0.522366643638497	0.0907772967049416	0.0146008293843731	0.0243890804730957	0.0849252798755487	0.0171508025856989	0.00747214412166698	0.0658306116238142	0.268684788395931	0.0197500157011042	0.143753915399765	0.0390954743079152	0.0582478998023173	0.449287328444694	0.0255183611591316	0.118237722656774	0.266335113050928	0.0114709033690758	0.0291292946267687	0.039356749210522	0.00840700669383941	0.144798157429597	0.0278750991658135	0.0246002413636775	0.0198677678303349	0.0353677154161407	0.146052227251265	0.0273699846630743	0.0664402850370486	0.0494813037789163	0.0279540237349759	0.00168428434238443	0.210641302526603	0.0670841840338198	0.10766780455568	0.0410354790088057	0.0937376461945226	0.542895612240269	0.0453691050032513	0.265986390283183	0.0453868707345866	0.0492302279294831	0.0851460347202832	0.0966370739189196	0.0601470762077863	0.203127531149361	0.0622795249655222	0.059221910882266	0.522652651111483	0.0304931711594385	0.135469866552949	0.491012600398955	0.0108620441046417	0.0457364876131739	0.0312179864643589	0.04026808043188	0.14012015384256	0.112267377875184	0.0120768820449062	0.0845744292060117	0.035917285387715	0.146279466200109	0.346364815046825	0.228784576837071	0.0189082334164453	0.148816976982613
"SRR36103412"	0.332070641047821	0.529665666274392	0.0838292356525532	0.592554830758985	0.0640098447231735	0.272539044576632	0.436363296551222	0.213607313621651	0.308538778490671	0.259370994053501	0.131210383747309	0.375920267092668	0.331934035754351	0.293018127496729	0.606041393629633	0.566649580607132	0.259408299657864	0.248530573165754	0.042141313406981	0.36163462008692	0.192506352492073	0.428646647942357	0.330006721930013	0.165729233928532	0.803238560995113	0.0790960366150931	0.33853800858446	0.811627781636372	0.625568594058385	0.0909115434119572	0.474697429636406	0.0452333052774388	0.27730137919371	0.539692734491265	0.198528542199454	0.242007016876984	0.609764690971323	0.259472117507038	0.126604600680643	0.302888583793329	0.422201521133056	0.117000967555265	0.201848086463049	0.0485223299488603	0.06136139792033	0.203939628188417	0.164468088157504	0.0873365419651502	0.347773090089553	0.31191859450622	0.784191776844773	0.851363109821793	0.100334574642999	0.598430011484282	0.457332762595872	0.723608735713288	0.417524378764848	0.0771145413985052	0.218804841526175	0.311266735534003	0.0876176254995621	0.141925574920669	0.895116590059733	0.199718762877041	0.260986733225676	0.625631735468662	0.0654929443800562	0.139248847203757	0.0961897392342057	0.261093138253751	0.378428658747254	0.425739594840569	0.0857839091031379	0.0921130120934206	0.148587428545477	0.0596091148088519	0.389555825829812	0.808218883173211	0.207995036542609	0.426789392213179
"SRR36103411"	0.390990961167034	0.133717967066656	0.433954458920997	0.298775240140812	0.406068319516161	0.415112244364797	0.340668956768269	0.267782739790915	0.202250387819235	0.140582615191284	0.249037286452915	0.55281818016318	0.209694294771995	0.307372525319022	0.108288100220411	0.635553800271067	0.329874248972521	0.198652402192729	0.466972458492535	0.243902503628249	0.0922249388523682	0.577668543520004	0.170392399054249	0.356152660126225	0.235430521299248	0.213286481819707	0.12294720838053	0.539220863459332	0.103111343453091	0.327259997097669	0.605476296793752	0.293467764784731	0.355574000473238	0.308619091128954	0.1057585975134	0.244288380422821	0.175522393242622	0.130774372689998	0.463254756111983	0.484349512127637	0.538607354479279	0.179072710652162	0.449050302265041	0.159103333165397	0.142631915656245	0.124986741384076	0.346947683420007	0.376641109865368	0.208894656023249	0.271492736089919	0.246059653226088	0.219639063881709	0.291572139530082	0.519190116693522	0.350773937245129	0.118190183142799	0.212384284045957	0.291854912979246	0.7426468753022	0.579420036852504	0.25586266117083	0.391357461062583	0.676096970306321	0.427021114542398	0.250129845357927	0.617069145489213	0.230706882969868	0.222494923065468	0.201700836564631	0.194285890040335	0.648280576668637	0.221430647652152	0.183739137161909	0.183421525026127	0.617243229169834	0.406391343941067	0.373499256842661	0.194776642147744	0.187866920025308	0.193806577234091
