"Model_1"	"Model_2"	"Model_3"	"Model_4"	"Model_5"	"Model_6"	"Model_7"	"Model_8"	"Model_9"	"Model_10"	"Model_11"	"Model_12"	"Model_13"	"Model_14"	"Model_15"	"Model_16"	"Model_17"	"Model_18"	"Model_19"	"Model_20"	"Model_21"	"Model_22"	"Model_23"	"Model_24"	"Model_25"	"Model_26"	"Model_27"	"Model_28"	"Model_29"	"Model_30"	"Model_31"	"Model_32"	"Model_33"	"Model_34"	"Model_35"	"Model_36"	"Model_37"	"Model_38"	"Model_39"	"Model_40"	"Model_41"	"Model_42"	"Model_43"	"Model_44"	"Model_45"	"Model_46"	"Model_47"	"Model_48"	"Model_49"	"Model_50"	"Model_51"	"Model_52"	"Model_53"	"Model_54"	"Model_55"	"Model_56"	"Model_57"	"Model_58"	"Model_59"	"Model_60"	"Model_61"	"Model_62"	"Model_63"	"Model_64"	"Model_65"	"Model_66"	"Model_67"	"Model_68"	"Model_69"	"Model_70"	"Model_71"	"Model_72"	"Model_73"	"Model_74"	"Model_75"	"Model_76"	"Model_77"	"Model_78"	"Model_79"	"Model_80"
"SRR36103410"	0.538939120418851	0.438840259442248	0.492030162828137	0.439208602602694	0.404131728576271	0.600475174757246	0.582270186444042	0.540509733238231	0.718081609520881	0.534682479494755	0.534682479494755	0.46709653034742	0.48151087849908	0.421181675175836	0.604662355893752	0.431203951070317	0.480013662966501	0.470960705885283	0.660414611555921	0.422946854905605	0.393402110758605	0.582653125226267	0.530033403554136	0.489377049668178	0.467027418550744	0.338778963382754	0.393402110758605	0.404782555456783	0.535571516470947	0.498956275572727	0.40822202471548	0.469039631536147	0.414098387637687	0.540368793646165	0.41471969058531	0.444413970540981	0.368627858443802	0.432002703155857	0.372356269843108	0.639337023330687	0.514840777138635	0.453528889839294	0.40822202471548	0.465466360418324	0.416439531531638	0.463157390703313	0.502567132275537	0.566625771009057	0.486133069734832	0.422250663047784	0.544508519410791	0.43480402272707	0.338778963382754	0.416976618346134	0.514840777138635	0.565742602432838	0.480415352719974	0.428212520500303	0.404782555456782	0.338778963382754	0.42198814442665	0.368627858443802	0.473553352379992	0.53166861075009	0.458450957388836	0.406229860720617	0.416439531531638	0.456326940167532	0.456326940167532	0.421710414720485	0.449438440362509	0.453823336202633	0.582653125226268	0.444413970540981	0.530033403554136	0.486133069734832	0.566625771009057	0.537588210849416	0.537588210849416	0.486133069734832
"SRR36103409"	0.58882209312759	0.46827891204391	0.542717224176085	0.439208602602694	0.433259739215255	0.614126507639934	0.634552541605284	0.617794035926417	0.547565057679381	0.6326925784152	0.6326925784152	0.555627746694295	0.497335245962115	0.591905395817582	0.651068721411196	0.507585319921156	0.490914242144885	0.478749480137152	0.666572359470319	0.612635011742626	0.6006339588735	0.656226294845705	0.669400090714957	0.554276774060492	0.521221170097513	0.650203338614596	0.6006339588735	0.468609550512562	0.579021089178145	0.531941646734268	0.491940959653227	0.521801854188717	0.459742146651171	0.615839341298115	0.567396924030385	0.511353429366243	0.661014944627172	0.488562817092442	0.513289558509811	0.712882789395348	0.622117290397875	0.493356764632896	0.491940959653227	0.563929737349937	0.603123003766851	0.51579754765715	0.577250177904165	0.607774431496778	0.514734061805495	0.484346452308866	0.591211778661	0.495275105606812	0.650203338614596	0.493297097965909	0.622117290397875	0.571756843503434	0.541273490635011	0.51987015634323	0.468609550512562	0.650203338614596	0.613974922046948	0.661014944627172	0.592414723234004	0.60224785968928	0.502171833603426	0.551886182351519	0.603123003766851	0.598680273912915	0.598680273912915	0.46899988713746	0.505040633179015	0.519070688293697	0.656226294845705	0.511353429366244	0.669400090714957	0.514734061805495	0.607774431496778	0.673228479575865	0.673228479575865	0.514734061805495
"SRR36103388"	0.562605628692246	0.45267180774726	0.516134736934109	0.439208602602694	0.449372922983569	0.606928925277039	0.607216610140896	0.577410237171992	0.501034989876301	0.572271659038689	0.572271659038689	0.508897675976786	0.488965068442285	0.555891140703894	0.626823791436351	0.467012970185919	0.485148574841429	0.474629457917075	0.675666320125701	0.575172000504189	0.494853638523191	0.618006796084187	0.585438548832889	0.520049132358576	0.492546201885014	0.647249423556443	0.494853638523191	0.434594782610078	0.556154810487534	0.514516318241891	0.466677081894297	0.493888467742901	0.435472678175252	0.595575082301022	0.461496848248137	0.475855370281925	0.619522228782842	0.458525781139849	0.486738716973122	0.675082238653708	0.574244836057251	0.472254084675476	0.466677081894298	0.511999333239426	0.580947091323536	0.487932303946725	0.537980375960098	0.5861675360675	0.499610759904293	0.451327832648114	0.566666035650676	0.46316900496346	0.647249423556443	0.458549776404329	0.57424483605725	0.506483098993437	0.509131392180288	0.497361375268118	0.434594782610078	0.647249423556443	0.595661671875622	0.619522228782842	0.566906797740609	0.567075482119071	0.479014976164411	0.481221517131986	0.580947091323536	0.572707453565893	0.572707453565893	0.443869939955078	0.475567555622672	0.503093751594915	0.618006796084187	0.475855370281925	0.585438548832889	0.499610759904293	0.5861675360675	0.608305616266439	0.608305616266439	0.499610759904293
"SRR36103348"	0.354008395746904	0.301074105332251	0.309775279125412	0.439208602602694	0.302596272304527	0.247019038817434	0.35239099400701	0.197565035749204	0.472424180914364	0.271948112049402	0.271948112049402	0.188881660086851	0.423042939700413	0.16145974574789	0.187503901568235	0.190720906996514	0.439590775542522	0.442053415621052	0.123055653239765	0.313733033656727	0.177826581501323	0.193235749262144	0.185879871283052	0.240960057863635	0.278675975286865	0.160949189276954	0.177826581501323	0.202216721226912	0.243107818473286	0.315807743909151	0.257440777920781	0.275598472468098	0.261184819573503	0.211056940764328	0.185857352074463	0.22691564081203	0.324780842717417	0.224138730743157	0.284038175962298	0.269422809157095	0.31727958771799	0.313704990106404	0.257440777920781	0.166035089338015	0.198488605438605	0.278892616118115	0.247185120937396	0.235705900574346	0.38166949520461	0.207090522570111	0.254880161929221	0.196960049159622	0.160949189276953	0.213441217430001	0.31727958771799	0.203893283570575	0.229873942372241	0.256442013970628	0.202216721226912	0.160949189276954	0.190856609691078	0.324780842717417	0.244051860384634	0.251141619790578	0.305647516439459	0.239988144677703	0.198488605438605	0.23267797723716	0.23267797723716	0.262958412311925	0.245169187396646	0.217397409455892	0.193235749262144	0.22691564081203	0.185879871283053	0.38166949520461	0.235705900574346	0.143986799788227	0.143986799788227	0.38166949520461
"SRR36103347"	0.54977249653195	0.407961745529018	0.498863339195001	0.439208602602694	0.410348909946294	0.292978325181307	0.593720089237056	0.557436994463226	0.752819034466427	0.670480787162432	0.670480787162432	0.548243623182819	0.512382710484385	0.593606022981926	0.337385357116331	0.560853773026771	0.528582008137063	0.472635322907076	0.213244151754286	0.577320393501286	0.430549840599661	0.45239481089648	0.735674528985697	0.507817096288865	0.568387751770033	0.64303429071551	0.430549840599661	0.464351740164348	0.392552500406695	0.437798359679937	0.507912306970461	0.559924448345718	0.423821852279995	0.336454144467342	0.448557679611178	0.520998221292442	0.618290910586527	0.466637970928738	0.556570859750755	0.655877634497645	0.599201310927779	0.46368768441505	0.507912306970461	0.552820549370725	0.568712260064152	0.577910319405196	0.518759847593887	0.377251829400157	0.492285037996461	0.458820385073684	0.421187276137169	0.417610790662843	0.64303429071551	0.44821078096289	0.599201310927779	0.624703783976508	0.491185605270704	0.485982957803942	0.464351740164349	0.64303429071551	0.585399990269832	0.618290910586527	0.447513659134698	0.479822856191899	0.533290318995819	0.44278068422143	0.568712260064152	0.559092118807192	0.559092118807192	0.431793900477183	0.527579127182366	0.43831598686021	0.45239481089648	0.520998221292441	0.735674528985697	0.492285037996461	0.377251829400157	0.604508935951007	0.604508935951007	0.492285037996461
"SRR36103352"	0.354008395746904	0.334211362858037	0.294888527538119	0.439208602602694	0.302596272304527	0.548310462312887	0.380448039287506	0.264366165437159	0.464024562634013	0.251880373355286	0.251880373355286	0.188881660086851	0.423042939700413	0.195507655281032	0.421436375357518	0.194114374690465	0.439590775542522	0.442053415621052	0.53008855723638	0.313733033656727	0.219157176194941	0.270231561805232	0.155767638853296	0.238698784091877	0.280531140894597	0.240276417723247	0.219157176194941	0.205031378789946	0.374015571422422	0.378215088772779	0.281266472473858	0.286534765558943	0.261184819573503	0.428639883772615	0.217986550549018	0.22691564081203	0.324780842717417	0.245244046871615	0.289602116777647	0.205281127740901	0.31727958771799	0.313704990106404	0.281266472473858	0.166035089338015	0.175123180074809	0.282039287542535	0.247185120937396	0.409574036120891	0.38166949520461	0.222746159215537	0.370007255682075	0.236786930422833	0.240276417723247	0.218602132181862	0.31727958771799	0.197444975780036	0.271259859577559	0.278433308503291	0.205031378789946	0.240276417723247	0.298702664012075	0.324780842717417	0.212399276871319	0.31748585959227	0.305647516439459	0.198197930769955	0.175123180074809	0.189366985050523	0.189366985050523	0.262958412311925	0.26204000655231	0.178761863903813	0.270231561805232	0.22691564081203	0.155767638853296	0.38166949520461	0.409574036120892	0.175454995432361	0.175454995432361	0.38166949520461
"SRR36103351"	0.524077657542547	0.430257531567537	0.477543531457498	0.439208602602694	0.395685830522672	0.596430906307214	0.566481739436421	0.517234399800055	0.701448940471416	0.515660788105582	0.515660788105582	0.498968921795788	0.50246595427252	0.448059286428543	0.590608622573124	0.514340042444583	0.476812161173988	0.468673406675679	0.629694542422281	0.545429429032145	0.407046272034917	0.560132651536303	0.501145940666955	0.470267155618576	0.451185262986909	0.321661191166412	0.407046272034917	0.432494518455538	0.522663790430524	0.489247780763195	0.430450145087842	0.453606549778582	0.400920167388647	0.565680786627024	0.427085750759659	0.469263102383506	0.584179403471569	0.430106958887292	0.448486830509008	0.61619561077417	0.571050709985899	0.441909492362764	0.430450145087843	0.43668618685414	0.396326220310355	0.44778470667171	0.480437801184655	0.554324144052641	0.477733564996345	0.421375575805061	0.530589324617359	0.442663188719919	0.321661191166412	0.42090556979719	0.571050709985899	0.536849055058186	0.51146293772702	0.413323698475102	0.432494518455538	0.321661191166412	0.423291124004955	0.584179403471569	0.511923648365429	0.530466583389158	0.506596854078271	0.414162999761165	0.396326220310355	0.436505441660716	0.436505441660716	0.408037762038374	0.515376719341928	0.434840515056119	0.560132651536304	0.469263102383506	0.501145940666955	0.477733564996345	0.554324144052641	0.549391801314451	0.549391801314451	0.477733564996345
"SRR36103339"	0.444428454689459	0.38512908040088	0.383477588311437	0.441748976741507	0.351620534504052	0.574565163688181	0.480428189860075	0.393815444049162	0.603650145474717	0.413127058537092	0.413127058537092	0.361433530639778	0.476916780027738	0.358968154154142	0.513377843262907	0.39245952809139	0.45970868298659	0.4899269914635	0.596873134855891	0.401325260930584	0.336434726923153	0.411616112031917	0.349373718035506	0.370730904172622	0.368768836423941	0.36326146581995	0.336434726923153	0.335035845790555	0.453461418423684	0.437580831208998	0.358601966896086	0.373163433038737	0.359516687625804	0.502902677649938	0.338680204146243	0.365736291660794	0.409362252682398	0.344863460995868	0.372144583977504	0.441731863450617	0.327404179790472	0.420611075836981	0.358601966896086	0.293764539418657	0.35634976820591	0.367830668335101	0.365292536665344	0.487691827724748	0.424227825556855	0.328747832999497	0.455785901363006	0.350676285421743	0.36326146581995	0.324058621701424	0.327404179790472	0.370548828842319	0.415102946500961	0.35816474686468	0.335035845790555	0.36326146581995	0.391910890423321	0.409362252682398	0.288981776912963	0.400842980320842	0.436435737234222	0.317518982436077	0.35634976820591	0.375615100642194	0.375615100642194	0.363574897965882	0.426059032744233	0.337634119724178	0.411616112031917	0.365736291660794	0.349373718035506	0.424227825556855	0.487691827724748	0.290414523717112	0.290414523717112	0.424227825556855
"SRR36103338"	0.532680640182832	0.435217134942105	0.486112391376051	0.439208602602694	0.400563818010554	0.598771804765585	0.559810964062565	0.530712822048072	0.440171447767302	0.499360166203734	0.499360166203734	0.49841196308808	0.498245361521317	0.448751711527008	0.598757130035805	0.495847948035577	0.478663740247471	0.469996258991873	0.656345580144757	0.574030082937303	0.408774237718078	0.573195172529044	0.48183245568057	0.481313567722816	0.460338612458837	0.331507593059768	0.408774237718078	0.430737571404895	0.530134607413822	0.49486279408478	0.438450321961939	0.462524316597615	0.408526469280359	0.572373466689388	0.392808149041266	0.468602050289672	0.622914645637652	0.42915798227605	0.453353355568962	0.589981831040538	0.646334151577023	0.448623395823439	0.438450321961939	0.453293711215166	0.407921947472257	0.456666230288134	0.493233937235602	0.561448688405998	0.482590728854661	0.42583440674263	0.538647592056532	0.445987852667008	0.331507593059767	0.428638143391883	0.646334151577023	0.430623815308453	0.508613064625008	0.421918110908536	0.430737571404895	0.331507593059767	0.397862893572505	0.622914645637652	0.358475300304941	0.556092195048797	0.49755420011395	0.442451271191783	0.407921947472257	0.447949894694991	0.447949894694991	0.415930294527919	0.502600076400914	0.445800803439845	0.573195172529044	0.468602050289672	0.48183245568057	0.482590728854661	0.561448688405998	0.571274823534176	0.571274823534176	0.482590728854661
"SRR36103337"	0.664109637116008	0.515424332015619	0.620568001567559	0.444593341692155	0.480419508933719	0.635443818838625	0.711124265545218	0.728121540020252	0.837189116666763	0.683381194532011	0.683381194532011	0.687366697622132	0.522474969702308	0.646682335566381	0.719020303595962	0.626809323653548	0.508246528368767	0.561964805925535	0.739432772372217	0.677331462137963	0.64651968547643	0.758334574242601	0.747340918858316	0.652894764350555	0.605809327339839	0.503222654843063	0.64651968547643	0.571290536276849	0.645369574048569	0.583666837913191	0.567580240069313	0.604180422747517	0.593933911863709	0.674127498663612	0.665916291683455	0.615930410344945	0.720498671874224	0.578439928627712	0.592027063877372	0.809189166150833	0.612867011719942	0.640244467810367	0.567580240069313	0.707952679940501	0.597942024405436	0.598256488227857	0.687848497143685	0.66992651808488	0.559902542094876	0.583219023497353	0.661860000805359	0.590920982335223	0.503222654843063	0.596750693565065	0.612867011719942	0.796718283322381	0.634806947478704	0.561889064018953	0.571290536276849	0.503222654843063	0.601256567041768	0.720498671874224	0.521646479839914	0.66975469400922	0.571298353616127	0.676970102607161	0.597942024405436	0.629772536088642	0.629772536088642	0.603796537455733	0.592576415616501	0.620547730538578	0.758334574242601	0.615930410344946	0.747340918858316	0.559902542094876	0.66992651808488	0.76585613060833	0.76585613060833	0.559902542094876
"SRR36103344"	0.292206916822299	0.303573272823698	0.310065538291927	0.439208602602694	0.302596272304527	0.266346216371187	0.315135623649863	0.264366165437159	0.501448205770487	0.395613676693689	0.395613676693689	0.188881660086851	0.423042939700413	0.16145974574789	0.201444508456167	0.194114374690465	0.439590775542522	0.442053415621052	0.149643042728969	0.351946300993212	0.241175628964744	0.200527343163917	0.322326514083245	0.242850020578817	0.280531140894597	0.160949189276954	0.241175628964744	0.202433675798059	0.252062022093778	0.320444079870424	0.259238144101567	0.276436170060061	0.261184819573503	0.224661506526827	0.298806154178778	0.22691564081203	0.380870740732243	0.23388067634603	0.289602116777647	0.281384041355885	0.457983729998803	0.313704990106404	0.259238144101567	0.166035089338015	0.198488605438605	0.279135548434312	0.247185120937396	0.247203055393117	0.38166949520461	0.209837382884888	0.26291238106078	0.199854940543789	0.160949189276953	0.213837727271131	0.457983729998803	0.22729534902807	0.232915013400638	0.256442013970628	0.202433675798059	0.160949189276954	0.237263471190515	0.380870740732243	0.270647227141099	0.282303342943255	0.305647516439459	0.275105223974385	0.198488605438605	0.23267797723716	0.23267797723716	0.262958412311925	0.246449222930802	0.218979316925108	0.200527343163917	0.22691564081203	0.322326514083245	0.38166949520461	0.247203055393117	0.244373143136427	0.244373143136428	0.38166949520461
"SRR36103343"	0.621776393005657	0.460584565065733	0.573386291311889	0.444449821784314	0.453337886171933	0.388970985278231	0.668437504877276	0.667345864590068	0.549445358026668	0.671015747084344	0.671015747084344	0.65643242200213	0.528213577995631	0.70166078016306	0.479936835744747	0.639493080132912	0.498328953700664	0.553091494827574	0.363559764937817	0.642618548012704	0.534025021646889	0.60454044551326	0.734735692795314	0.573917799422699	0.557850522454286	0.735487752085813	0.534025021646889	0.546829599435554	0.496348314219572	0.504064708934742	0.502370493215965	0.547690063012279	0.551046202802312	0.457152514895891	0.544244057748209	0.591203329136672	0.68345233458245	0.526578536668353	0.54728826280612	0.757393898522702	0.608057153894471	0.603918301572984	0.502370493215965	0.628534635398991	0.671359752252848	0.548631273931142	0.626267999449945	0.490401403593056	0.534130632109543	0.525681228613055	0.525923815594459	0.514072765105618	0.735487752085813	0.542019623451595	0.608057153894471	0.626820793513658	0.580325555499285	0.563621631361217	0.546829599435554	0.735487752085813	0.675252092558431	0.68345233458245	0.560119011536944	0.572345990655503	0.579347405547312	0.531412306842354	0.671359752252848	0.657322924574829	0.657322924574829	0.559889824682763	0.590560593692747	0.541573736904496	0.604540445513261	0.591203329136672	0.734735692795314	0.534130632109543	0.490401403593056	0.709863038504145	0.709863038504145	0.534130632109543
"SRR36103444"	0.535966381471122	0.437117645090491	0.489392367310381	0.439208602602694	0.402434901541782	0.599666001635992	0.579119441354736	0.5358574919392	0.738226297554584	0.66567530859684	0.66567530859684	0.521180900369934	0.50678204262014	0.470090400233432	0.6018597741676	0.534810497092843	0.479372116723259	0.470502355119149	0.658483839512529	0.55937524622945	0.405294903956673	0.57816566236018	0.698932908002882	0.485544184471103	0.463847145162711	0.335313718050751	0.405294903956673	0.448637341495639	0.532988769427371	0.497010925158207	0.441519060714221	0.465941977880035	0.411447672744676	0.574926530098653	0.425873671925924	0.486058528168126	0.598967119157332	0.443626733467455	0.460194960690303	0.634748409492679	0.581448098417358	0.451196522086095	0.441519060714221	0.459675658751552	0.41238526208449	0.460070975598984	0.498131646872748	0.564167265925961	0.484449487213124	0.436220489059486	0.541724732941868	0.457417252986702	0.33531371805075	0.43635666173861	0.581448098417357	0.5961486815333	0.526906956833187	0.425218271035383	0.448637341495639	0.33531371805075	0.437684907005246	0.598967119157331	0.524209671050106	0.543914716749415	0.518308080450891	0.415468536744136	0.41238526208449	0.452342633899337	0.452342633899337	0.418960815663516	0.53037083414295	0.450007626882296	0.57816566236018	0.486058528168126	0.698932908002882	0.484449487213124	0.564167265925961	0.573450843964438	0.573450843964438	0.484449487213124
"SRR36103389"	0.5224976776339	0.429349145689586	0.47597280056517	0.439208602602694	0.394793148892271	0.596000972153748	0.564797826597744	0.514758384253483	0.702865000203624	0.531964938649427	0.531964938649427	0.438482409737559	0.476371465575821	0.393221330216964	0.589108163608704	0.406883191720432	0.476472544098343	0.468430767678881	0.649689739578247	0.468258047420749	0.381684535526885	0.557726619234525	0.522282862206102	0.468243453909053	0.449509413635264	0.319871555686184	0.381684535526885	0.384598223840337	0.52129201747902	0.488217921078871	0.428986264980432	0.451973580935253	0.399529790743761	0.564450289899714	0.40298633171767	0.422958379961588	0.483983826927554	0.413915104434758	0.446937160041237	0.613706693610464	0.335912929715099	0.440680008965161	0.428986264980432	0.433653655726671	0.394211085059875	0.446158771097866	0.478092550642392	0.553014582226248	0.476842915057607	0.40248246301211	0.529109122178765	0.415464624903119	0.319871555686183	0.407069478684122	0.335912929715099	0.53572382908536	0.460662729177901	0.411752548869065	0.384598223840336	0.319871555686183	0.421390271053592	0.483983826927554	0.363401670712344	0.474770970768794	0.444337954256163	0.392654363350921	0.394211085059875	0.434412831641975	0.434412831641975	0.406594831033479	0.431559855081822	0.432836348295302	0.557726619234525	0.422958379961588	0.522282862206102	0.476842915057607	0.553014582226248	0.401762164630068	0.401762164630068	0.476842915057608
"SRR36103390"	0.733006140880847	0.707120339619673	0.654333542396437	0.645644585368633	0.757360833033432	0.412626334919044	0.65721052512108	0.601981233176196	0.781653607391498	0.70777234963483	0.70777234963483	0.537215297071004	0.494024061172452	0.490966832205331	0.463871408244794	0.491519492534889	0.52746797015342	0.55790172766121	0.300252670822654	0.521903787503189	0.704935567502994	0.588148250792238	0.813771313238179	0.634130700469215	0.591579814164167	0.386865146202053	0.704935567502994	0.711736631147096	0.505487306239736	0.599323052288211	0.695004457970946	0.585947416579441	0.740772433404634	0.494185152379105	0.752416588835052	0.621411006726642	0.53860443431312	0.711734228631745	0.723560967676075	0.717885725536988	0.342134852502049	0.627034893261408	0.695004457970946	0.723007893714776	0.487656649252967	0.587889287067614	0.627694566574893	0.495510056587756	0.597094662071542	0.719150067381922	0.542774513870098	0.702303476461372	0.386865146202053	0.727784280288939	0.34213485250205	0.822087978669817	0.500119506987564	0.669037798692643	0.711736631147096	0.386865146202053	0.498110054978271	0.53860443431312	0.760176041494391	0.49309311817644	0.493007940986044	0.738394652649679	0.487656649252966	0.528635713322254	0.528635713322254	0.742096389372681	0.474398223849256	0.750332839228624	0.588148250792238	0.621411006726642	0.813771313238179	0.597094662071542	0.495510056587756	0.490022786229962	0.490022786229962	0.597094662071542
"SRR36103407"	0.572722778284883	0.417915449310203	0.521631176596007	0.443635338114631	0.423711112039626	0.274867899480626	0.617804015115831	0.59307252235417	0.776016869656128	0.697981028066783	0.697981028066783	0.5269058142831	0.492178818227201	0.551188421811074	0.335135155439819	0.482570856734709	0.487362260607379	0.534635790142364	0.195280636616485	0.516302889515514	0.423929897123737	0.475052844098593	0.761101784580907	0.49727667157106	0.503562152344977	0.593740284377057	0.423929897123737	0.4429615927387	0.398812023025424	0.446757729926878	0.443812788906523	0.489968478321714	0.495238812806334	0.332614891010306	0.471358906451615	0.489477679285756	0.532920074858406	0.451853030760945	0.496933809622059	0.689905824581036	0.341482391068534	0.551902941541993	0.443812788906523	0.532033677328414	0.563368753078019	0.494414595417525	0.553143485444346	0.378781656799222	0.505419673707197	0.44183416831357	0.430914966043219	0.412765830317473	0.593740284377057	0.46365264773123	0.341482391068534	0.668175394081336	0.461846749002523	0.496890491947225	0.4429615927387	0.593740284377057	0.578051020194279	0.532920074858405	0.336478220796153	0.435322335745361	0.487902192004823	0.459507694290899	0.563368753078019	0.565984439513781	0.565984439513781	0.502913410943139	0.462819757416059	0.465438039500065	0.475052844098593	0.489477679285756	0.761101784580907	0.505419673707197	0.378781656799222	0.480677365326133	0.480677365326132	0.505419673707197
"SRR36103459"	0.288406321300118	0.309141775074014	0.310708014998835	0.439208602602694	0.302596272304527	0.312356287000972	0.311093270200585	0.264366165437159	0.474012538876422	0.28092203385278	0.28092203385278	0.229984116739385	0.450063167402045	0.195011705157509	0.234978615979134	0.275249653033819	0.439590775542522	0.442053415621052	0.199016001315549	0.367226709203328	0.1811867709767	0.217379367511157	0.192046487614741	0.247065555187654	0.280531140894597	0.160949189276954	0.1811867709767	0.237916188801357	0.272627973288228	0.330823840415624	0.26324211331929	0.278294422916598	0.261184819573503	0.256911926523932	0.227048942116954	0.262366200735595	0.394356204079088	0.247613458066734	0.289602116777647	0.278065388481073	0.492399924466131	0.313704990106404	0.26324211331929	0.166035089338015	0.198488605438605	0.279673284630768	0.247185120937396	0.273937886110387	0.38166949520461	0.225042995336948	0.281244927390485	0.225133021764435	0.160949189276953	0.223673781420584	0.492399924466131	0.206778754072012	0.280089157845898	0.256442013970628	0.237916188801357	0.160949189276954	0.237263471190515	0.394356204079088	0.175744326532039	0.300262402048478	0.363922160630122	0.213806635025245	0.198488605438605	0.23267797723716	0.23267797723716	0.262958412311925	0.321156949851568	0.222507260888499	0.217379367511157	0.262366200735595	0.192046487614741	0.38166949520461	0.273937886110387	0.26016060351278	0.26016060351278	0.38166949520461
"SRR36103458"	0.440276072289708	0.382591249499551	0.448920202398839	0.442818358692288	0.381708535843563	0.303747627450401	0.479617113442252	0.478212562831519	0.439138440435962	0.486478598277726	0.486478598277726	0.465032040222	0.498944906979522	0.501337520627716	0.314670885200448	0.494244522931292	0.471465175007109	0.512503596277185	0.216839175987905	0.525886237075566	0.360025965797994	0.388283497297378	0.473703660372435	0.408953077482622	0.424939798935048	0.552554979587753	0.360025965797994	0.405271337904029	0.36323677510466	0.411115316750558	0.3811999864716	0.415994993016622	0.418859186954292	0.319944012133454	0.388133113282569	0.443899187425976	0.564778115227981	0.390509421920257	0.424211478259433	0.524116839830899	0.578141242887414	0.480538043626544	0.3811999864716	0.389606925489565	0.485064513411882	0.418862693629906	0.443661749126307	0.353468177576841	0.463724066313029	0.376606096745454	0.386142683407377	0.366590836605326	0.552554979587753	0.385036362296627	0.578141242887414	0.387741887871533	0.43966223880113	0.429985903451361	0.40527133790403	0.552554979587753	0.511247014173001	0.564778115227981	0.279521529334909	0.434712235949951	0.49522787843002	0.37241505881551	0.485064513411882	0.482715007291082	0.482715007291082	0.424441524840035	0.48139529160657	0.377600727143203	0.388283497297378	0.443899187425976	0.473703660372435	0.463724066313029	0.353468177576841	0.516366641493132	0.516366641493132	0.463724066313029
"SRR36103456"	0.354008395746904	0.334211362858037	0.313534551643474	0.439208602602694	0.302596272304527	0.548310462312887	0.380448039287506	0.264366165437159	0.471778387307512	0.281009448032722	0.281009448032722	0.238113380123288	0.455023218410251	0.20166405786921	0.421436375357518	0.29210523729913	0.439590775542522	0.442053415621052	0.53008855723638	0.383047754869242	0.218651487904302	0.271488001198828	0.183416120745527	0.266128619488323	0.280531140894597	0.160949189276954	0.218651487904302	0.247140776110085	0.374015571422422	0.378215088772779	0.281266472473858	0.286534765558943	0.261184819573503	0.428639883772615	0.239198783007157	0.269196402184243	0.415923152006532	0.259417861359966	0.289602116777647	0.280910912327593	0.546636123933006	0.313704990106404	0.281266472473858	0.166035089338015	0.198488605438605	0.282039287542535	0.247185120937396	0.409574036120891	0.38166949520461	0.23852628901292	0.370007255682075	0.261301087567691	0.160949189276953	0.229355786901721	0.546636123933006	0.20533207639564	0.323031949790468	0.256442013970628	0.247140776110085	0.160949189276954	0.237263471190515	0.415923152006532	0.212399276871319	0.365527636813139	0.375050009589077	0.221720931075867	0.198488605438605	0.23267797723716	0.23267797723716	0.262958412311925	0.35046462604641	0.238456970975392	0.271488001198828	0.269196402184243	0.183416120745527	0.38166949520461	0.409574036120892	0.286335102840388	0.286335102840389	0.38166949520461
"SRR36103397"	0.278651242817124	0.334211362858037	0.313534551643474	0.439208602602694	0.302596272304527	0.548310462312887	0.30070461429575	0.264366165437159	0.501448205770487	0.408411870207632	0.408411870207632	0.188881660086851	0.423042939700413	0.211688053436089	0.421436375357518	0.194114374690465	0.439590775542522	0.442053415621052	0.53008855723638	0.313733033656727	0.252031616957102	0.3028764543528	0.322326514083245	0.266128619488323	0.280531140894597	0.34787837746078	0.252031616957102	0.205031378789946	0.374015571422422	0.378215088772779	0.281266472473858	0.286534765558943	0.261184819573503	0.428639883772615	0.238704295498411	0.22691564081203	0.324780842717417	0.245244046871615	0.289602116777647	0.269539485065781	0.31727958771799	0.313704990106404	0.281266472473858	0.166035089338015	0.284001904440839	0.282039287542535	0.247185120937396	0.409574036120891	0.38166949520461	0.222746159215537	0.370007255682075	0.236786930422833	0.34787837746078	0.218602132181862	0.31727958771799	0.22729534902807	0.271259859577559	0.288211060417942	0.205031378789946	0.34787837746078	0.327675617259647	0.324780842717417	0.212399276871319	0.31748585959227	0.305647516439459	0.221304907645646	0.284001904440839	0.290746453381545	0.290746453381545	0.262958412311925	0.26204000655231	0.238456970975392	0.3028764543528	0.22691564081203	0.322326514083245	0.38166949520461	0.409574036120892	0.183715817844538	0.183715817844538	0.38166949520461
"SRR36103398"	0.354008395746904	0.334211362858037	0.313534551643474	0.439208602602694	0.302596272304527	0.548310462312887	0.380448039287506	0.264366165437159	0.466621191788121	0.261414904549281	0.261414904549281	0.188881660086851	0.423042939700413	0.218146951052595	0.421436375357518	0.194114374690465	0.491304588070189	0.442053415621052	0.53008855723638	0.366479680112109	0.328157052466204	0.3028764543528	0.174620321784725	0.30033555775722	0.369034884704983	0.375038163870943	0.328157052466204	0.205031378789946	0.374015571422422	0.378215088772779	0.363076089712949	0.379257113204534	0.261184819573503	0.428639883772615	0.302835746282596	0.238424981939077	0.402358184883228	0.265468810533688	0.371836300970393	0.335210149574909	0.512679490622199	0.315286985607873	0.363076089712949	0.211536532967339	0.295154300515105	0.389662047398196	0.247185120937396	0.409574036120891	0.38166949520461	0.243079344001516	0.370007255682075	0.236786930422833	0.375038163870943	0.219316857737176	0.512679490622199	0.199423307109918	0.271259859577559	0.292014244749121	0.205031378789946	0.375038163870943	0.339160356596241	0.402358184883228	0.212399276871319	0.358462221264635	0.305647516439459	0.275105223974385	0.295154300515106	0.297953375865144	0.297953375865144	0.262958412311925	0.26204000655231	0.238456970975392	0.3028764543528	0.238424981939077	0.174620321784725	0.38166949520461	0.409574036120892	0.269740993635901	0.269740993635901	0.38166949520461
"SRR36103399"	0.296775419313247	0.334211362858037	0.31328499719774	0.439208602602694	0.302596272304527	0.548310462312887	0.319990908309693	0.264366165437159	0.46655052319629	0.261152445607458	0.261152445607458	0.188881660086851	0.423042939700413	0.16145974574789	0.421436375357518	0.194114374690465	0.439590775542522	0.442053415621052	0.53008855723638	0.271285481202126	0.283554786308967	0.3028764543528	0.164386905435851	0.266128619488323	0.280531140894597	0.160949189276954	0.283554786308966	0.205031378789946	0.374015571422422	0.378215088772779	0.25605245055327	0.286534765558943	0.261184819573503	0.397103609064409	0.302835746282596	0.22691564081203	0.233754340761554	0.245244046871615	0.227406542171196	0.285371203437818	0.475407177443714	0.313704990106404	0.25605245055327	0.166035089338015	0.198488605438605	0.282039287542535	0.247185120937396	0.409574036120891	0.38166949520461	0.222746159215537	0.370007255682075	0.236786930422833	0.160949189276953	0.212016139742106	0.475407177443714	0.199369288121084	0.271259859577559	0.256442013970628	0.205031378789946	0.160949189276954	0.225087582243181	0.233754340761554	0.291695814949936	0.350802404233818	0.305647516439459	0.275105223974385	0.198488605438605	0.23267797723716	0.23267797723716	0.262958412311925	0.26204000655231	0.238456970975392	0.3028764543528	0.22691564081203	0.164386905435851	0.38166949520461	0.409574036120892	0.252297290460719	0.25229729046072	0.38166949520461
"SRR36103462"	0.354008395746904	0.334211362858037	0.313534551643474	0.439208602602694	0.302596272304527	0.548310462312887	0.380448039287506	0.264366165437159	0.47676859926908	0.300774242911544	0.300774242911544	0.188881660086851	0.423042939700413	0.16145974574789	0.421436375357518	0.194114374690465	0.439590775542522	0.442053415621052	0.53008855723638	0.313733033656727	0.224965947651094	0.3028764543528	0.203109058829073	0.266128619488323	0.280531140894597	0.160949189276954	0.224965947651094	0.205031378789946	0.374015571422422	0.378215088772779	0.281266472473858	0.286534765558943	0.261184819573503	0.428639883772615	0.245462205758557	0.22691564081203	0.324780842717417	0.245244046871615	0.289602116777647	0.335210149574909	0.31727958771799	0.313704990106404	0.281266472473858	0.166035089338015	0.198488605438605	0.282039287542535	0.247185120937396	0.409574036120891	0.38166949520461	0.222746159215537	0.370007255682075	0.236786930422833	0.160949189276953	0.218602132181862	0.31727958771799	0.20728434161595	0.271259859577559	0.256442013970628	0.205031378789946	0.160949189276954	0.237263471190515	0.324780842717417	0.323993677543362	0.31748585959227	0.305647516439459	0.226987878366012	0.198488605438605	0.23267797723716	0.23267797723716	0.262958412311925	0.26204000655231	0.238456970975392	0.3028764543528	0.22691564081203	0.203109058829073	0.38166949520461	0.409574036120892	0.183715817844538	0.183715817844538	0.38166949520461
"SRR36103461"	0.584074074194053	0.465427213936049	0.537883197271896	0.439208602602694	0.430427384359305	0.612817548261915	0.629625938096968	0.6105323379614	0.495352259762876	0.606068528196399	0.606068528196399	0.547154599861691	0.495808586509132	0.501006910985368	0.646700974391524	0.500178152104545	0.489862572755268	0.477997908661579	0.689339868235532	0.599276271342571	0.463869672965173	0.649389008878483	0.634494101457432	0.54806357383532	0.515996786292585	0.393928460089718	0.463869672965173	0.462375236988779	0.574873346276166	0.528768462849444	0.487326887624736	0.516716509213501	0.455298569624046	0.612171500013547	0.482829862088142	0.504877912853365	0.644626171774539	0.483072596533528	0.508448857243251	0.706186874588216	0.590577605742318	0.489504436892158	0.487326887624736	0.55452989841429	0.479733476137904	0.510718190816688	0.5701463631909	0.603862811875945	0.511977329167039	0.478306327045793	0.586765558742068	0.489409423889859	0.393928460089718	0.486945725180942	0.590577605742318	0.539055155274288	0.535429636140696	0.474677907955996	0.462375236988779	0.393928460089718	0.497454160621552	0.644626171774539	0.569726016512943	0.590712655112924	0.497946654316919	0.475688254805925	0.479733476137904	0.517845194428509	0.517845194428509	0.464401568540243	0.499662424376089	0.512771837629796	0.649389008878483	0.504877912853365	0.634494101457432	0.511977329167039	0.603862811875945	0.648663326837726	0.648663326837726	0.511977329167039
"SRR36103460"	0.605635611794832	0.478477064705923	0.559906282222027	0.443265368579289	0.443407583479659	0.618786828199915	0.651909486408504	0.643277838450128	0.608157386718142	0.749025631524357	0.749025631524357	0.585586842449863	0.50278667932958	0.540180621070509	0.666454781888301	0.533984198908832	0.511626748150672	0.534981814246892	0.702946731145683	0.615411658179402	0.493335240759255	0.680102036058787	0.813225114918786	0.589679822560416	0.572454405510844	0.42194845085056	0.493335240759255	0.490936837064372	0.593736784755989	0.543249263873144	0.539006839601569	0.573663995376372	0.522091751962205	0.628826407585436	0.520136824013851	0.539656395501448	0.658674414432293	0.516848363012531	0.560689070538781	0.736030901949216	0.578772010860108	0.572949492747443	0.539006839601569	0.620239908375195	0.510974731784717	0.573015262331586	0.602337075649107	0.621626002538495	0.524569015626739	0.515216479681354	0.606961839849434	0.516218955683499	0.42194845085056	0.516319530833032	0.578772010860108	0.640106322439216	0.562036642899219	0.497554241408778	0.490936837064371	0.42194845085056	0.524952712888724	0.658674414432293	0.586796479997427	0.608142484536348	0.517251889702293	0.505435130423331	0.510974731784717	0.547772183536094	0.547772183536094	0.530830690272578	0.524226342715784	0.541498627578444	0.680102036058787	0.539656395501448	0.813225114918786	0.524569015626739	0.621626002538495	0.672277436370062	0.672277436370062	0.524569015626739
"SRR36103400"	0.354008395746904	0.306438716308324	0.310396867212676	0.439208602602694	0.302596272304527	0.289537456310751	0.380448039287506	0.264366165437159	0.46714811164766	0.25414405729024	0.25414405729024	0.188881660086851	0.423042939700413	0.209319525640411	0.218277992675583	0.194114374690465	0.439590775542522	0.442053415621052	0.173723728505824	0.313733033656727	0.219371360050897	0.197285807423215	0.166480341164487	0.245018474999173	0.280531140894597	0.33800401193176	0.219371360050897	0.202681403437275	0.26254113282104	0.325777093559319	0.261298629753201	0.277393787925779	0.261184819573503	0.240928834393245	0.239776606808058	0.22691564081203	0.324780842717417	0.234952988560896	0.289602116777647	0.308729139380633	0.31727958771799	0.313704990106404	0.261298629753201	0.166035089338015	0.279915599920619	0.27941285938257	0.247185120937396	0.260772119757254	0.38166949520461	0.211049552545177	0.272272558731224	0.203196459100024	0.33800401193176	0.214290745475127	0.31727958771799	0.199826398327453	0.236418533188129	0.286802748166159	0.202681403437275	0.33800401193176	0.323451289576938	0.324780842717417	0.248764616851982	0.261481181173755	0.305647516439459	0.224874817641132	0.279915599920619	0.288089859194647	0.288089859194647	0.262958412311925	0.247915051480091	0.220794152802581	0.197285807423215	0.22691564081203	0.166480341164487	0.38166949520461	0.260772119757254	0.183715817844538	0.183715817844538	0.38166949520461
"SRR36103401"	0.354008395746904	0.308382732276104	0.310620777640301	0.439208602602694	0.302596272304527	0.305860839155371	0.380448039287506	0.264366165437159	0.475598009688102	0.286839062088293	0.286839062088293	0.212825486793236	0.43920833551668	0.249752248301005	0.230209392947122	0.240430124911142	0.483491885886421	0.442053415621052	0.191658306307613	0.388953579816721	0.29345191045881	0.215033578324294	0.208110372884374	0.27406096110025	0.354959896511546	0.403390136198355	0.293451910458809	0.223363095963603	0.269776147845679	0.329405155916038	0.329070584371612	0.354871747079135	0.261184819573503	0.252362455215506	0.299450697450888	0.258116985374216	0.430008164286653	0.25961467915129	0.35883819497694	0.335210149574909	0.58110938934025	0.31504891236261	0.329070584371612	0.204154496244717	0.306712650331061	0.369629094815931	0.247185120937396	0.270205828348208	0.38166949520461	0.236531198815085	0.278711729559289	0.216556073230962	0.403390136198355	0.220546871267651	0.58110938934025	0.207360026224263	0.262463539823715	0.29589866286962	0.223363095963603	0.403390136198355	0.350996388421278	0.430008164286653	0.281369827838315	0.315745071959269	0.340005862021486	0.275105223974385	0.306712650331061	0.30536134659937	0.30536134659937	0.262958412311925	0.290671645309896	0.22202609202416	0.215033578324294	0.258116985374216	0.208110372884374	0.38166949520461	0.270205828348208	0.304023540064113	0.304023540064113	0.38166949520461
"SRR36103402"	0.354008395746904	0.307243299724298	0.310489623373707	0.44411973308849	0.302596272304527	0.29623762205184	0.380448039287506	0.264366165437159	0.464915812479951	0.246351976389444	0.246351976389444	0.188881660086851	0.423042939700413	0.198622363994346	0.223166433275454	0.194114374690465	0.478088608972039	0.506683394781379	0.166330149736064	0.363064438446572	0.199715418423076	0.182700301420225	0.16595750125418	0.269666647221256	0.345360784292229	0.294251484306806	0.199715418423076	0.202750769673521	0.265523412268599	0.327277712277241	0.319567052593024	0.344514736270285	0.306859759271356	0.245622546171202	0.232995630521607	0.235459861223311	0.397305709863337	0.249826177647883	0.349959804642191	0.271255112591828	0.499891628616769	0.387220362014876	0.319567052593024	0.199158029489909	0.261497125467408	0.357810193314819	0.247185120937396	0.26465455365044	0.38166949520461	0.225889666424175	0.274929009038275	0.204138992293978	0.294251484306806	0.214943021594734	0.499891628616768	0.198122494357462	0.237405471776306	0.280345108573202	0.202750769673521	0.294251484306806	0.304298861967037	0.397305709863337	0.285101898529022	0.297680525335327	0.305647516439459	0.212543248552117	0.261497125467408	0.275996948666723	0.275996948666723	0.30772791481667	0.248326303811289	0.221303954674755	0.182700301420225	0.235459861223311	0.16595750125418	0.38166949520461	0.26465455365044	0.263673676077035	0.263673676077035	0.38166949520461
"SRR36103350"	0.354008395746904	0.30072500947183	0.309734637533899	0.439208602602694	0.302596272304527	0.244388651371357	0.380448039287506	0.264366165437159	0.466461510621808	0.24973304502601	0.24973304502601	0.223098267172999	0.445772737759932	0.256963748793817	0.185611811058055	0.261140582646776	0.439590775542522	0.442053415621052	0.128395704731975	0.365097734661916	0.212822785442858	0.1729924113361	0.164076869488987	0.240696153704984	0.280531140894597	0.390517792809504	0.212822785442858	0.231321850990753	0.241871086710102	0.315161269732816	0.257189690750138	0.275481270614419	0.261184819573503	0.209200467919194	0.232631462944235	0.256538195822701	0.392660181958989	0.242509196480928	0.289602116777647	0.28920279342741	0.488084563307836	0.313704990106404	0.257189690750138	0.166035089338015	0.301471351229368	0.278858601495345	0.247185120937396	0.234125488617439	0.38166949520461	0.219286280545763	0.253768155332667	0.211730329454473	0.390517792809504	0.220877554727924	0.488084563307835	0.200660682483077	0.262211889935757	0.294144023794835	0.231321850990753	0.390517792809504	0.345637450923851	0.392660181958989	0.250005425187713	0.281941135785897	0.354394585745467	0.219365770647361	0.301471351229368	0.302009359134482	0.302009359134482	0.262958412311925	0.30417701922731	0.217176508487551	0.1729924113361	0.256538195822702	0.164076869488987	0.38166949520461	0.234125488617439	0.258150217086079	0.25815021708608	0.38166949520461
"SRR36103349"	0.577275041128597	0.43222073163433	0.527610504295464	0.439208602602694	0.426395475820484	0.364151772209283	0.622552343206654	0.600090219975923	0.757284109527917	0.563924073552039	0.563924073552039	0.603050002597062	0.524279415466063	0.648050612146598	0.423384832742338	0.614627389808034	0.537137220865154	0.476926107417915	0.315274428462348	0.610086860278913	0.459523174530396	0.528533277418862	0.608420934827234	0.553008327927368	0.602276742766091	0.681380547612357	0.459523174530396	0.506972409890877	0.449924557257093	0.471101368941194	0.545585083428161	0.596318974336974	0.44897311555548	0.410822022923741	0.464501885248492	0.564040960948577	0.65216142960697	0.504919267040164	0.58817982845027	0.696480593200866	0.624518942676132	0.485733408607575	0.545585083428161	0.609390686426316	0.609466595666228	0.61252714590284	0.559964625835066	0.443562590958859	0.508044152113573	0.501488349178997	0.476936598571764	0.466757012584648	0.681380547612357	0.487599255243395	0.624518942676132	0.644679028201511	0.543082319014225	0.515634596209085	0.506972409890878	0.681380547612357	0.621097313447971	0.65216142960697	0.51145446427634	0.530107173570248	0.564726717974697	0.46155835909217	0.609466595666228	0.597632790962897	0.597632790962897	0.457853586013557	0.573059895608212	0.480713337073496	0.528533277418862	0.564040960948577	0.608420934827234	0.508044152113573	0.443562590958859	0.658689546198488	0.658689546198488	0.508044152113573
"SRR36103447"	0.354008395746904	0.303458280372133	0.310052209262825	0.439208602602694	0.302596272304527	0.265438129556691	0.380448039287506	0.264366165437159	0.472703161516091	0.273857885698176	0.273857885698176	0.22956676345248	0.449805506540439	0.239498633411303	0.200787867042001	0.274389835929318	0.439590775542522	0.442053415621052	0.148734145728122	0.356433091502332	0.20817881275636	0.200188119772825	0.186951964101634	0.242763032575013	0.280531140894597	0.301993993129519	0.20817881275636	0.237016595502578	0.251646185082777	0.32023043913879	0.259155448923521	0.276397677061081	0.261184819573503	0.224023502149541	0.237025271934349	0.262014099440375	0.37860912533912	0.245305816162624	0.289602116777647	0.335210149574909	0.452197858930457	0.313704990106404	0.259155448923521	0.166035089338015	0.264801696122743	0.27912439261284	0.247185120937396	0.246667063162373	0.38166949520461	0.222412046152256	0.262540078909946	0.217866397424187	0.30199399312952	0.222664073778514	0.452197858930456	0.20573832005035	0.271977627599643	0.281517781519867	0.237016595502578	0.30199399312952	0.307748852044951	0.37860912533912	0.16796417031197	0.281008865590501	0.36334735645161	0.241915393855802	0.264801696122743	0.278181823103002	0.278181823103002	0.262958412311925	0.317041630044101	0.218906510742822	0.200188119772825	0.262014099440375	0.186951964101634	0.38166949520461	0.246667063162373	0.241770072569722	0.241770072569722	0.38166949520461
"SRR36103446"	0.568002077549891	0.48786378066238	0.575575945059614	0.444642806850252	0.45277405473021	0.62304983234487	0.616158487849458	0.666003586814009	0.802931577655566	0.653587874351016	0.653587874351016	0.656941072459633	0.52890459039371	0.61076559212442	0.680287452304731	0.641942328105714	0.521897872872856	0.555461362524811	0.712498716415562	0.645215860943013	0.50102850985781	0.70124198168437	0.70928409946333	0.614720662337239	0.601996061748917	0.442387769621452	0.50102850985781	0.55057324209923	0.607112311138099	0.553600505488863	0.566192214321073	0.603187563019023	0.552357003466415	0.640598247710956	0.530924542780885	0.598755104548256	0.686969616713285	0.550434186568237	0.588194542354456	0.71829462479719	0.619484102843554	0.606978886248148	0.566192214321073	0.658106987014202	0.533361892499382	0.604597559302847	0.624926987784752	0.634181643965991	0.533589367698326	0.553082471778257	0.621241240382502	0.556577185955217	0.442387769621452	0.547238989125231	0.619484102843554	0.731369804738111	0.619697957263119	0.513987358925426	0.55057324209923	0.442387769621452	0.544608629707392	0.686969616713285	0.4691866263988	0.631233081345321	0.580847216957482	0.515626161856815	0.533361892499382	0.569056040914293	0.569056040914293	0.561118401379806	0.60824466014154	0.56196171402249	0.701241981684371	0.598755104548256	0.70928409946333	0.533589367698326	0.634181643965991	0.714662286680031	0.714662286680031	0.533589367698326
"SRR36103463"	0.530891560857954	0.434183806555918	0.484328143454521	0.439208602602694	0.399546919007988	0.598284968948641	0.573732113989358	0.527910639166701	0.70741249656566	0.514404479549828	0.514404479549828	0.520096413287145	0.508649572363619	0.515246614921525	0.597065541346339	0.541387279171219	0.478278327444022	0.469720902919355	0.655179414679722	0.543906952269585	0.511156503991098	0.570484290668924	0.50121535134867	0.47901264990645	0.458431143188099	0.466639533725614	0.511156503991098	0.448535645611808	0.528580732690368	0.493694006818332	0.436782490598759	0.46066612335159	0.406939651825464	0.570982638961273	0.500113763124533	0.48535867439119	0.578094930898845	0.439954741712432	0.455186942531975	0.626867665528378	0.541056786009189	0.447224427058532	0.436782490598759	0.449827407356388	0.470825819432168	0.45481528637922	0.490569433514002	0.559967867738124	0.481579522329408	0.432356755379976	0.536971975088219	0.454818286781355	0.466639533725614	0.431472997490542	0.541056786009189	0.549098952652186	0.527394758362974	0.442324857983569	0.448535645611808	0.466639533725614	0.49442198557393	0.578094930898845	0.51381444531841	0.530029293661849	0.522152004999929	0.479971800991593	0.470825819432168	0.487872889514304	0.487872889514304	0.414283949113538	0.535883018894525	0.443514964488947	0.570484290668924	0.48535867439119	0.50121535134867	0.481579522329408	0.559967867738124	0.541330919471506	0.541330919471506	0.481579522329408
"SRR36103346"	0.305426108201656	0.334211362858037	0.313534551643474	0.439208602602694	0.302596272304527	0.548310462312887	0.329173067282342	0.19885343306536	0.471943308323271	0.281650214898489	0.281650214898489	0.188881660086851	0.423042939700413	0.186637342294033	0.421436375357518	0.194114374690465	0.439590775542522	0.442053415621052	0.507250735917134	0.351419829500006	0.233500523818438	0.2762208919583	0.184042923179403	0.266128619488323	0.278715665154367	0.247526437654713	0.233500523818438	0.205031378789946	0.374015571422422	0.378215088772779	0.281266472473858	0.286534765558943	0.261184819573503	0.428639883772615	0.23673244343654	0.22691564081203	0.380093224177635	0.245244046871615	0.289602116777647	0.25031914115933	0.45599476334961	0.313704990106404	0.281266472473858	0.166035089338015	0.240970248610411	0.282039287542535	0.247185120937396	0.409574036120891	0.38166949520461	0.222746159215537	0.370007255682075	0.236786930422833	0.247526437654713	0.218602132181862	0.45599476334961	0.203520294497041	0.271259859577559	0.272904805988398	0.205031378789946	0.247526437654713	0.282728642932006	0.380093224177635	0.330994995521299	0.346826135892947	0.305647516439459	0.23044262028431	0.240970248610411	0.262256553806909	0.262256553806909	0.262958412311925	0.26204000655231	0.238456970975392	0.2762208919583	0.22691564081203	0.184042923179403	0.38166949520461	0.409574036120892	0.243476782025933	0.243476782025933	0.38166949520461
"SRR36103297"	0.521375853093572	0.392437701326872	0.470577336437721	0.439208602602694	0.394159903694953	0.29012727549002	0.563601590075454	0.513000336678215	0.698330890403693	0.497835565297758	0.497835565297758	0.495544621167974	0.502200990583359	0.539027693113589	0.316342368155402	0.512645331638021	0.509324315952586	0.468258539338074	0.186973194873802	0.542126380009351	0.385252113850826	0.411299772307632	0.506882157124975	0.461077058345316	0.512668079635096	0.600015480723164	0.385252113850826	0.425985906591842	0.371218569985443	0.420545786365412	0.457735671873851	0.504173514372487	0.398543811580297	0.319752273977036	0.405476548803445	0.476933066826175	0.580381911297489	0.427816959989172	0.504987119517554	0.611936313020725	0.567654221708546	0.440959038769216	0.457735671873851	0.478562591251967	0.525220584264802	0.518248332522774	0.476428353410047	0.357695948571809	0.47621077585629	0.4164524824093	0.397130609731502	0.384298699605503	0.600015480723164	0.411148815395926	0.567654221708546	0.531145017636172	0.45534551569431	0.455505383461395	0.425985906591842	0.600015480723164	0.547151498150035	0.580381911297489	0.29484296861073	0.44723348503938	0.505642581364715	0.398946370955258	0.525220584264802	0.518418092640466	0.518418092640466	0.405571541717466	0.492430055890182	0.402891269411063	0.411299772307632	0.476933066826175	0.506882157124975	0.476210775856289	0.357695948571809	0.543265891453649	0.543265891453649	0.47621077585629
"SRR36103296"	0.537268591407703	0.402866750750808	0.48657974289902	0.439208602602694	0.403177725870833	0.304981585861784	0.580500089415345	0.537895713211971	0.718987030272068	0.535225169997744	0.535225169997744	0.522108584484053	0.506589465472007	0.559045981671906	0.340397963893649	0.534303858338558	0.524806867887266	0.470703079401002	0.225886427465546	0.56164666099807	0.398973763382302	0.441240873754284	0.563301275644709	0.492597563070024	0.553050093423765	0.600537504124315	0.398973763382302	0.44515990630816	0.39020948831078	0.433442076342823	0.495735595901083	0.545542172279863	0.412607905368687	0.340147057565469	0.420460618418192	0.500740860469903	0.601838460883306	0.451885829065326	0.542312999879039	0.636761019370396	0.585684853345803	0.453797433765808	0.495735595901082	0.526903201205031	0.538174048655746	0.562828413906062	0.5000741305108	0.377750222101176	0.485186754984757	0.442669390433875	0.416866405512039	0.404271659751239	0.600537504124315	0.431604481376758	0.585684853345803	0.568532451339183	0.475520506112083	0.468594153093245	0.445159906308161	0.600537504124315	0.557810222940283	0.601838460883306	0.455591800406041	0.469420471364967	0.518004729453074	0.415154671680113	0.538174048655746	0.533872807386144	0.533872807386144	0.420164367549512	0.508970892559811	0.423996903660647	0.441240873754284	0.500740860469903	0.563301275644709	0.485186754984757	0.377750222101176	0.577960472935774	0.577960472935774	0.485186754984757
"SRR36103355"	0.354008395746904	0.30283711474179	0.309772103471005	0.439208602602694	0.302596272304527	0.260563824365223	0.380448039287506	0.264366165437159	0.467718055034949	0.255007634726405	0.255007634726405	0.230162849702013	0.450173419430431	0.24294376708283	0.197266150946568	0.275618047940106	0.439590775542522	0.442053415621052	0.133154056003644	0.289473603521465	0.199224012015204	0.198361898016766	0.1684964456602	0.242293185657655	0.280531140894597	0.312277087674211	0.199224012015204	0.237455741781799	0.249406272785706	0.319076910775597	0.238593121086638	0.276189660580469	0.261184819573503	0.202398287707868	0.227058805068333	0.262516945336955	0.255312685693143	0.245224406221968	0.236755474371382	0.335210149574909	0.474884787291541	0.313704990106404	0.238593121086638	0.166035089338015	0.269157380721715	0.279064094569014	0.247185120937396	0.243783312236126	0.38166949520461	0.222313671687367	0.260533486699725	0.217352864527813	0.312277087674211	0.217075592966807	0.47488478729154	0.201890545617988	0.271700270823755	0.283053736911006	0.237455741781799	0.312277087674212	0.30007699442162	0.255312685693144	0.14510907642857	0.283883471773086	0.36416821753083	0.21441668668108	0.269157380721715	0.281051146445212	0.281051146445211	0.262958412311925	0.317707705618857	0.218513258710948	0.198361898016766	0.262516945336955	0.1684964456602	0.38166949520461	0.243783312236126	0.252057747810487	0.252057747810487	0.38166949520461
"SRR36103354"	0.46536356230788	0.41062398295246	0.500261867483943	0.44362617727655	0.411015867980722	0.308132852171847	0.508686796067209	0.559240990616538	0.48393813072983	0.568796642134019	0.568796642134019	0.537727879187452	0.507169550550817	0.546850907630585	0.352467580020874	0.539718912591563	0.482608406515893	0.531124592750963	0.23269155629767	0.57388825625523	0.406204097564296	0.462176464625947	0.595323441820093	0.473636033134663	0.479911542601243	0.531385220764392	0.406204097564296	0.455775891567765	0.401561933151049	0.442226328987383	0.427519821966281	0.46889864326983	0.474911567000055	0.349859117018554	0.452412578021393	0.498463793648652	0.614940795033255	0.442184417696018	0.475050783092826	0.585718240415241	0.588388825720268	0.534459283709576	0.427519821966281	0.488960015978626	0.516784227850706	0.472009365372043	0.520490690412593	0.388537127276559	0.492943452555617	0.432559186812231	0.429406321573274	0.416585176064409	0.531385220764392	0.446570801848483	0.588388825720268	0.487063271459595	0.484910243775907	0.468825125591469	0.455775891567766	0.531385220764392	0.536154586624788	0.614940795033255	0.467204399970777	0.482819506065454	0.521023023336821	0.437663921592625	0.516784227850706	0.526360272520219	0.526360272520219	0.481929098838791	0.512122811072385	0.441395375849847	0.462176464625947	0.498463793648652	0.595323441820093	0.492943452555617	0.388537127276558	0.599683273318475	0.599683273318475	0.492943452555617
"SRR36103353"	0.591340701875197	0.432132650811572	0.540959314707039	0.439208602602694	0.434767940156009	0.302802529932874	0.637161440691787	0.621635128342712	0.775933967350243	0.608816836548302	0.608816836548302	0.609546088649152	0.520622899974781	0.60377750910042	0.375306918335356	0.60321059535495	0.491473614179823	0.479149248779951	0.234190025909058	0.61641973633354	0.427946792051961	0.48496308343556	0.657018484287361	0.524716646852128	0.52399798285381	0.537688851712044	0.427946792051961	0.509340454797116	0.428085938801657	0.465101320444821	0.464332372189544	0.511061242779825	0.462108153893917	0.366875734334957	0.475844754347704	0.553905314480958	0.658249764236787	0.487676269433357	0.515863166301272	0.670378433606679	0.609559242523671	0.495406006102467	0.464332372189543	0.568910903690387	0.552522118438645	0.514624139114813	0.581015617077477	0.411021084473762	0.516199897389031	0.482431243223127	0.460331435013489	0.462719152470262	0.537688851712044	0.499809071257807	0.609559242523671	0.678331313601919	0.532535207768583	0.503625711206951	0.509340454797117	0.537688851712044	0.565885359630069	0.658249764236787	0.507754941951901	0.521777765926691	0.557813339378968	0.475598212540865	0.552522118438645	0.567527108291501	0.567527108291501	0.471447735486752	0.557898152510004	0.492654682834081	0.48496308343556	0.553905314480958	0.657018484287361	0.516199897389031	0.411021084473762	0.669587796053893	0.669587796053892	0.516199897389031
"SRR36103472"	0.49572815244652	0.414059770011022	0.449499256134479	0.439208602602694	0.379803210472792	0.588706420844343	0.536116899779875	0.472862457130417	0.692931860888718	0.612936866032573	0.612936866032573	0.39298347132465	0.468042308887153	0.349367334665874	0.563496566000164	0.368414820045384	0.470731180029896	0.464328675931532	0.631962779972689	0.535593972926925	0.381195434497715	0.516705468095047	0.622332052155458	0.43422151334738	0.421364078891178	0.29042727119362	0.381195434497715	0.3526976643523	0.49805526923032	0.470819128565968	0.404431011289764	0.424534498036739	0.376271565123495	0.54352692492036	0.401541593454412	0.388782897659037	0.589741670097376	0.385069722818319	0.420902633554281	0.570799323563106	0.644341493939854	0.420004078563881	0.404431011289764	0.383277403045675	0.359086782715486	0.418856056802636	0.438648899837292	0.530765114277144	0.46180364459888	0.371091121929027	0.50401353231379	0.384651007145598	0.29042727119362	0.373979262862531	0.644341493939854	0.508281668980357	0.428895863922285	0.385471006154339	0.352697664352299	0.29042727119362	0.389630270641335	0.589741670097377	0.336972790453808	0.52129973711	0.421634801690156	0.386169797665597	0.359086782715486	0.399424961114568	0.399424961114567	0.38244858343912	0.402941357278659	0.399316491656244	0.516705468095047	0.388782897659037	0.622332052155458	0.46180364459888	0.530765114277144	0.553319164159201	0.553319164159201	0.46180364459888
"SRR36103470"	0.623410302261435	0.48944489647229	0.578199674121433	0.445120049477416	0.454354218754868	0.623765587323789	0.670103077269753	0.66975781092007	0.811000168292446	0.695655165077512	0.695655165077512	0.653793540621358	0.526130126596193	0.705620106759902	0.682585898993178	0.631826842527302	0.498702628553525	0.562080930251135	0.714088501824268	0.631839732364641	0.654440756516788	0.704720807836099	0.753096949975715	0.599630288917147	0.559683077812721	0.754021567610133	0.654440756516788	0.547330759586714	0.609348723986902	0.555338646765464	0.526093802858646	0.559243966275431	0.560185893534888	0.642563740339785	0.620123663232413	0.588977270181371	0.66907582265786	0.539294071637169	0.548992498476974	0.759508093995843	0.565644558299013	0.615544473802212	0.526093802858646	0.631691637365095	0.682399846680992	0.553234344586573	0.628679615672426	0.636277879451455	0.535105793560782	0.541027243921232	0.62362514618247	0.556161633630164	0.754021567610133	0.548531015365132	0.565644558299014	0.744106624668814	0.616216713848234	0.568780361031794	0.547330759586714	0.754021567610133	0.68556138988845	0.66907582265786	0.614054308988391	0.621874482256054	0.574681947042296	0.595302760260866	0.682399846680993	0.665259839376639	0.665259839376639	0.568869895622362	0.599913326143755	0.565387615316666	0.704720807836099	0.588977270181371	0.753096949975715	0.535105793560782	0.636277879451455	0.68977074664837	0.68977074664837	0.535105793560782
"SRR36103469"	0.597779758716855	0.473692088880736	0.551861135245432	0.445082310439144	0.438642540474031	0.616604128774987	0.643817184110865	0.631418563575306	0.501985728264731	0.632588174121105	0.632588174121105	0.619570037108972	0.522215274542557	0.656613527360314	0.659281476424915	0.610925442929759	0.492908721106887	0.557502365584916	0.698002001703013	0.599588942450568	0.543308319625543	0.669013850121774	0.671342869961954	0.566010784122124	0.531114427412234	0.679638256757217	0.543308319625543	0.521286678374435	0.586855395161659	0.537951613214717	0.500693685176895	0.531431864067792	0.535336788438001	0.622758268852978	0.522816648079598	0.561783243058179	0.632953286240806	0.511704507620289	0.522461326536397	0.725326306021179	0.529293915251733	0.594678869371933	0.500693685176895	0.581623709527799	0.62458686528436	0.525419645574548	0.590631440530363	0.615153754700677	0.519959016334812	0.51087536266507	0.599601693658504	0.528582483341718	0.679638256757217	0.515819992875666	0.529293915251733	0.567069889602622	0.593465944297165	0.532629737051086	0.521286678374435	0.679638256757217	0.633348972372999	0.632953286240806	0.596325186017996	0.589997061239067	0.562347956661101	0.5025919079146	0.62458686528436	0.616479759704051	0.616479759704051	0.543340681756298	0.585257459234324	0.530996846513445	0.669013850121774	0.561783243058179	0.671342869961954	0.519959016334813	0.615153754700677	0.633574227367391	0.633574227367391	0.519959016334813
"SRR36103342"	0.354008395746904	0.308326052728883	0.310614259190369	0.439208602602694	0.302596272304527	0.305378495293366	0.380448039287506	0.206250267852687	0.227328314370878	0.279352716707796	0.279352716707796	0.188881660086851	0.423042939700413	0.16145974574789	0.229855741551392	0.194114374690465	0.439590775542522	0.442053415621052	0.191116908253387	0.356910711697152	0.186753243240075	0.214859024577106	0.190752473315948	0.246447635180606	0.278939942822524	0.160949189276954	0.186753243240074	0.202843986539427	0.269563796290804	0.329299266133668	0.262655634036597	0.278022904552032	0.261184819573503	0.252024638380384	0.234073397000272	0.22691564081203	0.388206013429431	0.235658060644455	0.289602116777647	0.335210149574909	0.476729816532439	0.313704990106404	0.262655634036597	0.166035089338015	0.198488605438605	0.279594812125392	0.247185120937396	0.269928231972847	0.38166949520461	0.211847276884201	0.278522994292045	0.205410334842216	0.160949189276953	0.21458821465355	0.476729816532439	0.138695130920644	0.23873581939094	0.256442013970628	0.202843986539427	0.160949189276954	0.237263471190515	0.388206013429431	0.272452854284363	0.295608154642776	0.305647516439459	0.223597776338616	0.198488605438605	0.23267797723716	0.23267797723716	0.262958412311925	0.248879513090136	0.221990165570153	0.214859024577106	0.22691564081203	0.190752473315948	0.38166949520461	0.269928231972847	0.252904352984692	0.252904352984692	0.38166949520461
"SRR36103341"	0.531396581768159	0.471088597453632	0.547468756724525	0.439208602602694	0.436052621327314	0.615413642313729	0.578169823760717	0.547253341303513	0.548558187088272	0.654110882974187	0.654110882974187	0.563938580154984	0.498838377573961	0.518045682787591	0.655344375261579	0.514874861617084	0.491949748997029	0.47948953894826	0.695290005817761	0.597233970313822	0.467778852009263	0.66289533973865	0.697090556951571	0.560377505773432	0.524412291311699	0.406020478116351	0.467778852009263	0.474757184156239	0.583093912368994	0.535063305800998	0.496485121245595	0.526804259342197	0.464123366346876	0.619437716563819	0.486858051072709	0.517725233435101	0.638362509773467	0.493970954837576	0.518053074044198	0.671691847908174	0.553237953768631	0.497150373180009	0.496485121245595	0.573139781874861	0.493293060842118	0.520795281574111	0.584213227250614	0.611612176825893	0.517447346861732	0.490297778698568	0.595574808871493	0.501051481422136	0.406020478116351	0.499552509866207	0.553237953768631	0.582145050234629	0.547016034836779	0.484603221552525	0.474757184156239	0.406020478116351	0.509401698888911	0.638362509773467	0.592762337685025	0.591201717114141	0.506331462567793	0.481244328064419	0.493293060842118	0.530867703832583	0.530867703832583	0.473532345505292	0.510334652014033	0.525266357938348	0.662895339738651	0.517725233435101	0.697090556951571	0.517447346861732	0.611612176825893	0.640877779350531	0.640877779350531	0.517447346861733
"SRR36103340"	0.756851117749516	0.773883315954823	0.716938556800929	0.682302769229099	0.822256813217491	0.460108794858676	0.663705693508346	0.669874880048631	0.63502907352827	0.760389126567134	0.760389126567134	0.666559467759675	0.532350624063887	0.620518136158539	0.539557949406727	0.655567863114425	0.545136128932392	0.573374481054531	0.388439584213714	0.643000072228746	0.797070302998736	0.676449688383077	0.872847716043136	0.710459044114403	0.653971425315209	0.445957977175758	0.797070302998736	0.823232631632906	0.568471956533097	0.656485498512175	0.769470251935894	0.649092400811051	0.808859243819746	0.567083016849349	0.828854399252604	0.733010147680412	0.682279658772849	0.799296957050915	0.791793752124374	0.747738908561462	0.601034519398013	0.678102729126529	0.769470251935894	0.814598525870848	0.556138290749926	0.650258445108853	0.701610418512837	0.560110441224106	0.638754372629292	0.812230940972354	0.608313368851341	0.804748979245829	0.445957977175757	0.816034522587537	0.601034519398013	0.84350829067925	0.607182331368359	0.742621504988843	0.823232631632906	0.445957977175757	0.557119765482639	0.682279658772849	0.830082344617217	0.606488036179259	0.589183665833672	0.818765400721421	0.556138290749926	0.594263071107556	0.594263071107556	0.809975267110757	0.60227432463844	0.829584013719141	0.676449688383077	0.733010147680412	0.872847716043136	0.638754372629292	0.560110441224106	0.708455014045867	0.708455014045866	0.638754372629292
"SRR36103475"	0.293019790397043	0.304430428870495	0.310164813530783	0.439208602602694	0.302596272304527	0.27317094301482	0.315999830578935	0.264366165437159	0.470409786078588	0.265519080447547	0.265519080447547	0.223068006523668	0.445753694628941	0.224694980848384	0.206385204499898	0.261078955865963	0.439590775542522	0.442053415621052	0.144724234211858	0.346735691813275	0.203251826635955	0.203067186204552	0.178277492572552	0.243498512348378	0.280531140894597	0.271309210343781	0.203251826635955	0.231650798582849	0.255173190092401	0.322037491249483	0.259854539460542	0.276722943256637	0.261184819573503	0.229453448840721	0.235522823622366	0.256512494392585	0.365734464219613	0.243929593068244	0.289602116777647	0.282093633570914	0.419288941264292	0.313704990106404	0.259854539460542	0.166035089338015	0.25155757264569	0.279218637808624	0.247185120937396	0.251219302820665	0.38166949520461	0.220903891842125	0.265695690402183	0.216254319622966	0.271309210343781	0.221473741075308	0.419288941264292	0.203707635769453	0.267114754576141	0.276777353829789	0.23165079858285	0.271309210343781	0.293884645932938	0.365734464219613	0.262659412409604	0.276942944252608	0.354352508747557	0.236070814336824	0.25155757264569	0.269381368012887	0.269381368012887	0.262958412311925	0.306294334369583	0.219522074652146	0.203067186204552	0.256512494392585	0.178277492572552	0.38166949520461	0.251219302820665	0.227199280521427	0.227199280521427	0.38166949520461
"SRR36103474"	0.547755550567236	0.403505883066546	0.496446318478598	0.439208602602694	0.409187289977808	0.268834574912198	0.591592225877929	0.554289299418655	0.730813068948323	0.549104126888647	0.549104126888647	0.543744614463512	0.5113179269549	0.547567196696425	0.313033216182013	0.556055583984643	0.519972969212608	0.472322992131049	0.183643350587867	0.5817748691944	0.393720520057758	0.436118921607851	0.584256623553097	0.495582364182234	0.5505034743552	0.513690977802075	0.393720520057758	0.460579082614311	0.377704519261264	0.430419381772413	0.488468495219922	0.540273117119042	0.422003899990635	0.314749731783047	0.440130710776715	0.5150201955238	0.625316124018438	0.458444144168449	0.540026918075364	0.652820244701669	0.620776643912935	0.46180598855992	0.488468495219922	0.53723639964372	0.506060265382518	0.556718017719168	0.515742193647391	0.358769579929506	0.491137584496699	0.44975207020691	0.407575276435044	0.409711539581206	0.513690977802075	0.444557306737668	0.620776643912935	0.591051966033761	0.482975364398019	0.463439972944304	0.460579082614312	0.513690977802075	0.52629120842118	0.625316124018438	0.468721291359159	0.47568644223445	0.530517358568665	0.435318643956382	0.506060265382518	0.518068061900076	0.518068061900076	0.429908974663331	0.521971856652048	0.433097115159215	0.436118921607851	0.5150201955238	0.584256623553097	0.491137584496699	0.358769579929506	0.614678221864378	0.614678221864378	0.4911375844967
"SRR36103473"	0.546695214910251	0.412693472103729	0.496543619922103	0.439208602602694	0.408577380479937	0.341857134607988	0.590472864841401	0.552633738810766	0.723837296735003	0.516531831692473	0.516531831692473	0.543793659338414	0.511832170047906	0.539959400375133	0.380936033384154	0.557926886004008	0.516744001205431	0.472158902346637	0.27662351968792	0.575218426023087	0.384864140284824	0.47359342382257	0.535515731160242	0.500590461284418	0.543568293372327	0.48905652042336	0.384864140284824	0.461926688637369	0.416164104678393	0.44774297906189	0.490052643689248	0.536709701696411	0.421049591698866	0.375629839199055	0.422435135749205	0.51415723658265	0.616389987003811	0.460662901831706	0.533618866521821	0.651208808395205	0.601140206478486	0.460863374847791	0.490052643689248	0.53087557501116	0.493856957430447	0.549709380584179	0.51415624549147	0.408667707693971	0.490534749590227	0.452807524212859	0.441576233531364	0.424437791928254	0.48905652042336	0.445519244234377	0.601140206478485	0.580434280350305	0.497932083188032	0.458725888440384	0.461926688637369	0.48905652042336	0.514787063483557	0.616389987003811	0.477101733188797	0.491710297822482	0.53161340592171	0.444376965973079	0.493856957430447	0.509782820466055	0.509782820466055	0.428919445622596	0.529414667308205	0.439544945269514	0.47359342382257	0.51415723658265	0.535515731160242	0.490534749590227	0.408667707693971	0.601200153271788	0.601200153271788	0.490534749590227
"SRR36103449"	0.354008395746904	0.334211362858037	0.291373654412019	0.439208602602694	0.302596272304527	0.548310462312887	0.380448039287506	0.264366165437159	0.223509935614068	0.298770375131978	0.298770375131978	0.188881660086851	0.423042939700413	0.19819942576371	0.421436375357518	0.194114374690465	0.439590775542522	0.442053415621052	0.505715399050202	0.358217545202488	0.24257974404578	0.272490009205548	0.201079017210211	0.266128619488323	0.280531140894597	0.292556242913688	0.24257974404578	0.205031378789946	0.374015571422422	0.378215088772779	0.281266472473858	0.286534765558943	0.261184819573503	0.428639883772615	0.238058003224042	0.22691564081203	0.390137903199617	0.245244046871615	0.289602116777647	0.282614282913361	0.481658129572795	0.313704990106404	0.281266472473858	0.166035089338015	0.260770488018827	0.282039287542535	0.247185120937396	0.409574036120891	0.368413066547246	0.222746159215537	0.370007255682075	0.236786930422833	0.292556242913688	0.218602132181862	0.481658129572794	0.138553494506066	0.271259859577559	0.280086374824527	0.205031378789946	0.292556242913688	0.303539427054816	0.390137903199617	0.325045671143594	0.352083412831522	0.305647516439459	0.220761119518642	0.260770488018827	0.275515571760785	0.275515571760785	0.262958412311925	0.26204000655231	0.238456970975392	0.272490009205548	0.22691564081203	0.201079017210211	0.368413066547246	0.409574036120892	0.255173576519075	0.255173576519076	0.368413066547246
"SRR36103448"	0.584440393314044	0.465646809549674	0.538255839702799	0.439208602602694	0.430645408502843	0.612918438932776	0.6300064226684	0.611093516857877	0.787355839077883	0.724808387119488	0.724808387119487	0.547808344269867	0.495926186544087	0.548061675178344	0.647038316439637	0.500748789309321	0.489943582444879	0.478055800621064	0.689572017590007	0.605463812773168	0.496684609181687	0.649917932086347	0.779184285990796	0.54854275063524	0.516399372769885	0.535833555944054	0.496684609181687	0.462855089042298	0.575193240256304	0.529012987222908	0.487682254568734	0.517108382827174	0.455640625861297	0.612454501378396	0.488883099157488	0.505376824239923	0.652901531010135	0.483495393843213	0.50882181666198	0.706705910572423	0.610935976551588	0.489801152999338	0.487682254568734	0.555255468629237	0.546031801001275	0.511109558653976	0.570694655232839	0.604164613640447	0.512189715321155	0.478771410367959	0.587108575618312	0.489861189191001	0.535833555944054	0.487434863889039	0.610935976551588	0.690680584106287	0.535880169811631	0.497493532327565	0.462855089042298	0.535833555944054	0.560449444606762	0.652901531010135	0.583184641757611	0.595648496507753	0.498272127870726	0.481130202638844	0.546031801001275	0.560250476869256	0.560250476869256	0.464755583668643	0.500076734548983	0.513257223896183	0.649917932086347	0.505376824239923	0.779184285990796	0.512189715321155	0.604164613640447	0.660813116300999	0.660813116300999	0.512189715321155
"SRR36103445"	0.522887187260724	0.429573019748822	0.476359944325191	0.439208602602694	0.395013130872086	0.596106965058751	0.565213053169272	0.515368796484943	0.723956232462922	0.648875912705861	0.648875912705861	0.487225229595619	0.497829711427407	0.437199066665229	0.589478183323069	0.494867596131215	0.476556258030485	0.468490577046453	0.621178583575859	0.473776797124952	0.474994001264267	0.532204829849609	0.674934225841406	0.468742203935613	0.449922407207757	0.320312212910203	0.474994001264266	0.42324602213792	0.521630191474327	0.488471773544579	0.429346998510723	0.452376014706225	0.399872370538465	0.56475368288335	0.490879332509672	0.46027418841467	0.484360376022381	0.426379226497123	0.447319060769452	0.572065295675097	0.335955610106286	0.44098301085564	0.429346998510723	0.434400725367694	0.394732103315012	0.446559460197708	0.478670571504154	0.553337459533817	0.477062447679394	0.41709563468967	0.52947404208408	0.437010598528923	0.320312212910203	0.417419019484355	0.335955610106286	0.568258022678714	0.501878982484603	0.412139673077353	0.42324602213792	0.320312212910203	0.421858619112735	0.48436037602238	0.518048779167147	0.475145008563642	0.495393400531847	0.470158592544164	0.394732103315012	0.434928447952087	0.434928447952087	0.406950366281662	0.500336164650324	0.433330175902189	0.532204829849609	0.46027418841467	0.674934225841406	0.477062447679394	0.553337459533817	0.402355548626424	0.402355548626424	0.477062447679394
"SRR36103406"	0.30566844087433	0.334211362858037	0.298892686019327	0.439208602602694	0.302596272304527	0.548310462312887	0.329430068173795	0.264366165437159	0.46479865887997	0.25469919895514	0.25469919895514	0.188881660086851	0.423042939700413	0.16145974574789	0.421436375357518	0.194114374690465	0.439590775542522	0.442053415621052	0.53008855723638	0.358419457983225	0.207894035480457	0.276668428402812	0.158369826393021	0.244501364735496	0.280531140894597	0.139432573826108	0.207894035480457	0.205031378789946	0.374015571422422	0.378215088772779	0.281266472473858	0.286534765558943	0.261184819573503	0.428639883772615	0.228487186044357	0.22691564081203	0.390436421032573	0.245244046871615	0.289602116777647	0.196629085315561	0.482419212158712	0.313704990106404	0.281266472473858	0.166035089338015	0.145028523072948	0.282039287542535	0.247185120937396	0.409574036120891	0.38166949520461	0.222746159215537	0.370007255682075	0.236786930422833	0.139432573826107	0.218602132181862	0.482419212158711	0.198033345445559	0.271259859577559	0.256442013970628	0.205031378789946	0.139432573826108	0.237263471190515	0.390436421032573	0.212399276871319	0.352239439005267	0.305647516439459	0.21289508071859	0.145028523072948	0.173302152073864	0.173302152073864	0.262958412311925	0.26204000655231	0.190679311990407	0.276668428402812	0.22691564081203	0.158369826393021	0.38166949520461	0.409574036120892	0.247269673181718	0.247269673181718	0.38166949520461
"SRR36103465"	0.593274710427308	0.577414958318711	0.602700824446864	0.514037756836381	0.565457775483451	0.643308236616169	0.594174812992096	0.64160419030917	0.790840001988172	0.653694580842242	0.653694580842242	0.583609068881389	0.502423706304227	0.559973729534125	0.684555567890899	0.532230719082634	0.507811952599345	0.540309409416163	0.71563250138084	0.614433741686855	0.598546153415417	0.678068016669558	0.717931273813754	0.616319106357784	0.566781611361638	0.487565704561525	0.598546153415417	0.583317500177787	0.614945065346197	0.587989058825784	0.592333214251537	0.56853501436619	0.607626841729159	0.660907651554828	0.607728272066836	0.575971026250225	0.657754105373722	0.596528513611579	0.609562146479151	0.652400563596404	0.578872334780572	0.593309684261689	0.592333214251537	0.658080839238825	0.545920330149852	0.562518843291029	0.623087920143797	0.642405773440866	0.554587377083903	0.600114813038296	0.630571707109993	0.610208180626216	0.487565704561525	0.606822388936903	0.578872334780572	0.75746551568496	0.566949534593826	0.577746947358072	0.583317500177786	0.487565704561525	0.555711856519022	0.657754105373722	0.697997598476085	0.61813562820214	0.516248468781551	0.593247256574303	0.545920330149852	0.572198375333886	0.572198375333886	0.613963784101326	0.522950471657266	0.638141753708652	0.678068016669558	0.575971026250225	0.717931273813754	0.554587377083903	0.642405773440866	0.670785640263969	0.670785640263969	0.554587377083903
"SRR36103466"	0.522656636720682	0.429969738477002	0.535493524003139	0.443160044727156	0.43149143747578	0.309485800145172	0.568944994440952	0.613267686004762	0.788707132057956	0.715247865244796	0.715247865244796	0.550342816375999	0.496382393335855	0.504235333881891	0.377909285138038	0.502962414865742	0.490257846109155	0.530452050701501	0.225186864195782	0.598432795854693	0.399104150975465	0.484313843862605	0.781317150053339	0.518432126095222	0.517960909454404	0.396209149201043	0.399104150975465	0.46054938289894	0.427671814128477	0.463423736460023	0.459897685496709	0.505566789813778	0.502125109327104	0.36965238255909	0.478491174019798	0.507312127365189	0.642820060527282	0.468842839463072	0.510268531375535	0.615056313193407	0.581966731872617	0.554784427984021	0.459897685496708	0.558067897316427	0.482299895092716	0.508864240112632	0.572819976684169	0.412113672138394	0.513013576850907	0.46071015417127	0.458941400001271	0.435227461786582	0.396209149201043	0.4819800515588	0.581966731872617	0.69336211791394	0.484391498525395	0.476556405087844	0.46054938289894	0.396209149201043	0.49971714255232	0.642820060527282	0.508661451517232	0.512446615334785	0.499534740003337	0.468954885901332	0.482299895092716	0.520313979935923	0.520313979935923	0.510315114008146	0.4801667983343	0.486234546273522	0.484313843862605	0.507312127365189	0.781317150053339	0.513013576850907	0.412113672138394	0.646280130722521	0.646280130722521	0.513013576850908
"SRR36103303"	0.354008395746904	0.304442936544963	0.295009072943893	0.439208602602694	0.302596272304527	0.273271253183818	0.380448039287506	0.264366165437159	0.467209004443031	0.253693709916296	0.253693709916296	0.198830699454185	0.429918507172657	0.169572822483286	0.206457900241267	0.212988916142826	0.439590775542522	0.442053415621052	0.15665910794718	0.378363450820567	0.173405932675156	0.190330709646451	0.166694831711582	0.22232919071954	0.280531140894597	0.138580525578574	0.173405932675156	0.211070300271411	0.255218738148314	0.322060754459065	0.259863533734434	0.276727125860534	0.261184819573503	0.229523844959239	0.223431655952916	0.23565262790717	0.41757701470798	0.23713549473845	0.289602116777647	0.240885155039266	0.550730258455897	0.313704990106404	0.259863533734434	0.166035089338015	0.143061338563563	0.279219849390536	0.247185120937396	0.251278180548033	0.38166949520461	0.213419227342046	0.26573641073722	0.205461324791774	0.138580525578573	0.216236203406634	0.550730258455897	0.20028616759836	0.243746983063938	0.256442013970628	0.211070300271411	0.138580525578574	0.237263471190515	0.41757701470798	0.251101064157722	0.301367210708673	0.320064235595422	0.187210787486099	0.143061338563563	0.171083298058247	0.171083298058246	0.262958412311925	0.26411218746958	0.172952325422304	0.190330709646451	0.235652627907171	0.166694831711582	0.38166949520461	0.251278180548033	0.27909730163659	0.27909730163659	0.38166949520461
"SRR36103302"	0.354008395746904	0.30561782852638	0.310302106943175	0.442279129089608	0.302596272304527	0.28278500013137	0.380448039287506	0.264366165437159	0.466149873225472	0.250246731296644	0.250246731296644	0.212522100604781	0.43901132927307	0.23021389711569	0.213363313330211	0.239825286496455	0.439590775542522	0.482388349749562	0.166540949913692	0.392780178931994	0.213412669699841	0.206618307224233	0.162995062452943	0.244397093043536	0.280531140894597	0.328327643895271	0.213412669699841	0.222850069386563	0.259516282740002	0.324247478777261	0.260708374098284	0.27711975751437	0.289235846374617	0.236196540526752	0.241030512987361	0.247505425082908	0.435712326815498	0.241478536619737	0.289602116777647	0.335210149574909	0.594787010521586	0.35807784923711	0.260708374098284	0.166035089338015	0.275889973461571	0.279333547703285	0.247185120937396	0.256843418162251	0.38166949520461	0.218214502937556	0.269574915414801	0.213052574266266	0.328327643895271	0.219427939524127	0.594787010521585	0.200018358160724	0.258555946241921	0.285407090536487	0.222850069386563	0.328327643895271	0.319281005349584	0.435712326815498	0.262800727325013	0.312486279191125	0.339577721709016	0.221846389137067	0.275889973461571	0.28546380305047	0.28546380305047	0.290467927652607	0.288583432980098	0.220274119411359	0.206618307224233	0.247505425082908	0.162995062452943	0.38166949520461	0.256843418162251	0.311316144074237	0.311316144074238	0.38166949520461
"SRR36103301"	0.354008395746904	0.29840102832011	0.309463466376192	0.444178869730466	0.302596272304527	0.227322525130067	0.380448039287506	0.264366165437159	0.467310204027349	0.252016659883567	0.252016659883567	0.188881660086851	0.423042939700413	0.207217787138014	0.173360704392545	0.194114374690465	0.480917993910693	0.507463719892444	0.112944090518645	0.374172754671607	0.203907601808281	0.185625285636882	0.175097521299587	0.264335491778631	0.350373149657515	0.329290589274839	0.203907601808281	0.201983725125842	0.233727149234669	0.310865022899221	0.316819796971124	0.346333781055769	0.307435596656774	0.197118237882647	0.242361049266572	0.23609294200876	0.413741626120775	0.247450757549111	0.354597316635712	0.335210149574909	0.541218976325624	0.388224313207027	0.316819796971124	0.20176336772869	0.276291617824708	0.362926107020674	0.247185120937396	0.223766840486224	0.38166949520461	0.223034833863015	0.246428855078367	0.193883940536836	0.329290589274839	0.213576757173821	0.541218976325624	0.199950509785771	0.22663648380275	0.285546715182153	0.201983725125842	0.329290589274839	0.319697472525758	0.413741626120775	0.238783500737901	0.286842319434404	0.305647516439459	0.221108918810866	0.276291617824708	0.285726216981578	0.285726216981578	0.30829159484726	0.243798378399702	0.215706346097938	0.185625285636882	0.23609294200876	0.175097521299587	0.38166949520461	0.223766840486224	0.283636839554766	0.283636839554766	0.38166949520461
"SRR36103358"	0.354008395746904	0.298696407463821	0.297753520236475	0.439208602602694	0.302596272304527	0.22944830821752	0.380448039287506	0.264366165437159	0.473557140836949	0.275425647178416	0.275425647178416	0.229587284595644	0.449818182704584	0.240901884110689	0.17488460556608	0.274432099439272	0.439590775542522	0.442053415621052	0.106005715501315	0.357347894499744	0.204034000506723	0.186456637557786	0.190262882129301	0.222875355550256	0.280531140894597	0.27877086969061	0.204034000506723	0.236569792736055	0.23475358528311	0.311410351729568	0.255730498697531	0.274799280215664	0.261184819573503	0.198627136718795	0.237403739178423	0.262031415527936	0.379945397542601	0.243464202937032	0.289602116777647	0.281135130990181	0.455616586845012	0.313704990106404	0.255730498697531	0.166035089338015	0.211592572003408	0.27866054479973	0.247185120937396	0.225067660478448	0.38166949520461	0.220313077146522	0.247355509554339	0.212009305624874	0.27877086969061	0.221889043628381	0.455616586845011	0.206407042404961	0.265578740406314	0.282258139471308	0.236569792736055	0.27877086969061	0.309933591625788	0.3799453975426	0.161598887250604	0.271947510018318	0.363375627433248	0.218976225522349	0.211592572003408	0.223718310924104	0.223718310924104	0.262958412311925	0.314228737191288	0.179609244886283	0.186456637557786	0.262031415527936	0.190262882129301	0.38166949520461	0.225067660478448	0.236856752203786	0.236856752203786	0.38166949520461
"SRR36103357"	0.588166102133545	0.46788421185574	0.542048827285179	0.439208602602694	0.432867578825238	0.613945492634422	0.633872526845089	0.616792327765383	0.546056737156023	0.628255253082638	0.628255253082638	0.554457181017083	0.497124007623904	0.508407255674128	0.650465872912904	0.506560559372137	0.490768723940543	0.478645483877747	0.691931091667968	0.604652951270471	0.475346726762562	0.655284034289268	0.663665216865827	0.553418056369898	0.52049855411547	0.399163447625131	0.475346726762562	0.467746317057086	0.578447841415733	0.531502740396395	0.491302438474548	0.521098470854856	0.459126917589318	0.615332618228571	0.493726360374371	0.510457628836528	0.650446302873014	0.487802973606265	0.5126199076776	0.711961762461285	0.596476037230256	0.492823683718058	0.491302438474548	0.562631716282217	0.485618154956773	0.515094918210073	0.576269098722211	0.607234015692201	0.514352678847841	0.483510403627989	0.590597453076455	0.49446339225195	0.399163447625131	0.492418121129962	0.596476037230256	0.569488605837899	0.540465551156038	0.478985190788395	0.467746317057086	0.399163447625131	0.502641873265553	0.650446302873014	0.58863921236407	0.59583479759187	0.50158722567105	0.486209587877032	0.485618154956772	0.523503205401832	0.523503205401832	0.468363313606418	0.504296523992546	0.518199469923552	0.655284034289268	0.510457628836528	0.663665216865827	0.514352678847841	0.607234015692202	0.657778367848937	0.657778367848937	0.514352678847841
"SRR36103403"	0.354008395746904	0.334211362858037	0.313534551643474	0.439208602602694	0.302596272304527	0.548310462312887	0.380448039287506	0.264366165437159	0.481815376755462	0.321525175511016	0.321525175511017	0.222589437956032	0.445452305777451	0.188966536185511	0.421436375357518	0.26010479522956	0.439590775542522	0.442053415621052	0.505036724528808	0.318505681583675	0.207227230190774	0.3028764543528	0.224564135403256	0.266128619488323	0.280531140894597	0.160949189276954	0.207227230190773	0.234024335159639	0.374015571422422	0.378215088772779	0.281266472473858	0.286534765558943	0.261184819573503	0.428639883772615	0.227821460180842	0.25610592299398	0.324780842717417	0.255143581207625	0.289602116777647	0.335210149574909	0.31727958771799	0.313704990106404	0.281266472473858	0.166035089338015	0.198488605438605	0.282039287542535	0.247185120937396	0.409574036120891	0.38166949520461	0.233749920942247	0.370007255682075	0.25383542715823	0.160949189276953	0.226116296615448	0.31727958771799	0.212671661589295	0.307080122253001	0.256442013970628	0.234024335159639	0.160949189276954	0.237263471190515	0.324780842717417	0.323179566583228	0.31748585959227	0.353686824679914	0.212140293256972	0.198488605438605	0.23267797723716	0.23267797723716	0.262958412311925	0.322666718813392	0.238456970975392	0.3028764543528	0.25610592299398	0.224564135403256	0.38166949520461	0.409574036120892	0.183715817844538	0.183715817844538	0.38166949520461
"SRR36103404"	0.750152511298128	0.724197656587858	0.672771710811026	0.655033423914819	0.774091306560918	0.423068033116922	0.673435404392004	0.625002259189316	0.773329998708982	0.582258645787812	0.582258645787812	0.613949104818314	0.521612370296855	0.565383588827036	0.484398566498136	0.6076190661981	0.532323630659504	0.588390852463802	0.314922573856991	0.542030396370061	0.71615978412168	0.586144422134432	0.683841388181015	0.657170070635403	0.610620520178588	0.406113985664936	0.71615978412168	0.767815328932952	0.523160985909369	0.614694076528556	0.715637909477806	0.604968560146004	0.776413873579548	0.513170927827316	0.765362842031481	0.680678965014351	0.553453720886768	0.744331781793295	0.74292938690497	0.698329562096835	0.34384799968239	0.671894460838827	0.715637909477806	0.752384253761312	0.50995169525945	0.606750081643958	0.651406972435685	0.513203855112559	0.608862931950718	0.754858623379309	0.561479806737645	0.744912561289793	0.406113985664936	0.75966717631792	0.34384799968239	0.823994009391426	0.563222778336632	0.690008063314469	0.767815328932952	0.406113985664936	0.517486464855285	0.553453720886767	0.793531203156574	0.510147678179954	0.560414105129419	0.750421192392921	0.50995169525945	0.550075636079742	0.550075636079742	0.777377464313264	0.56460155426007	0.773518580008615	0.586144422134431	0.680678965014351	0.683841388181015	0.608862931950718	0.513203855112559	0.514536539766857	0.514536539766856	0.608862931950718
"SRR36103405"	0.303840479748556	0.302555449521498	0.309947471846199	0.439208602602694	0.302596272304527	0.258370945446417	0.327491164788427	0.264366165437159	0.501448205770487	0.395179125364906	0.395179125364906	0.224469969285701	0.446634195523636	0.190503374770256	0.195683337686409	0.263937685581466	0.47760278266485	0.442053415621052	0.131180424786914	0.367723372172878	0.184432853049835	0.174484766084006	0.333836582191801	0.265586345845269	0.344503293239552	0.160949189276954	0.184432853049835	0.232650915464201	0.248394139476207	0.318554135937474	0.315011007092051	0.341865549367703	0.261184819573503	0.21905456149437	0.237934160579477	0.266887389165435	0.396231415030721	0.25831018885711	0.349166104053655	0.242052571741418	0.497164977307122	0.314869364121367	0.315011007092051	0.19871310055052	0.198488605438605	0.356249252068811	0.247185120937396	0.242482144817113	0.38166949520461	0.235246808961312	0.259626121848413	0.214559441443176	0.160949189276953	0.221992765256426	0.497164977307122	0.228847647895441	0.265944239074798	0.256442013970628	0.232650915464201	0.160949189276954	0.237263471190515	0.396231415030721	0.166746581833087	0.287384850431631	0.356300012796727	0.223694695351405	0.198488605438605	0.23267797723716	0.23267797723716	0.262958412311925	0.307636305278249	0.218334957745313	0.174484766084006	0.266887389165435	0.333836582191802	0.38166949520461	0.242482144817113	0.262391640006571	0.262391640006571	0.38166949520461
"SRR36103468"	0.354008395746904	0.302547132748191	0.309946506286812	0.439208602602694	0.302596272304527	0.258306361568681	0.380448039287506	0.264366165437159	0.240618865800364	0.299039637245335	0.299039637245335	0.227678768265655	0.448636126828125	0.230550544227481	0.1956367354772	0.270507538977217	0.439590775542522	0.442053415621052	0.160083888413499	0.357462453392065	0.207042261122394	0.197512936073316	0.213284239160185	0.242073870145025	0.280531140894597	0.276777624503116	0.207042261122393	0.235345015836741	0.248364287800664	0.318538702632028	0.258500191116322	0.276092501756769	0.261184819573503	0.219009120303031	0.240720549242806	0.260419478376171	0.380502491400766	0.244447633004725	0.289602116777647	0.335210149574909	0.45704173525023	0.313704990106404	0.258500191116322	0.166035089338015	0.253948653357444	0.279035924112843	0.247185120937396	0.242443786502143	0.38166949520461	0.221451089981338	0.259599353898257	0.215930099446065	0.276777624503116	0.222126107434093	0.45704173525023	0.145748448892492	0.26896606523907	0.277641377028901	0.235345015836741	0.276777624503116	0.2963950801584	0.380502491400766	0.266111981330981	0.280031324580451	0.360742804918276	0.235673871705421	0.253948653357444	0.27097905033483	0.27097905033483	0.262958412311925	0.3132136241797	0.218329693191375	0.197512936073316	0.260419478376171	0.213284239160185	0.38166949520461	0.242443786502143	0.243948416323588	0.243948416323588	0.38166949520461
"SRR36103415"	0.354008395746904	0.334211362858037	0.313534551643474	0.439208602602694	0.302596272304527	0.548310462312887	0.380448039287506	0.264366165437159	0.501448205770487	0.408411870207632	0.408411870207632	0.228797598394333	0.449329855908835	0.19404135710585	0.421436375357518	0.27280674423457	0.439590775542522	0.442053415621052	0.587418019114598	0.319330051094808	0.214081823716704	0.3028764543528	0.322326514083245	0.266128619488323	0.280531140894597	0.160949189276954	0.214081823716704	0.23928550182372	0.374015571422422	0.378215088772779	0.281266472473858	0.286534765558943	0.261184819573503	0.428639883772615	0.23465505601496	0.26136481306781	0.324780842717417	0.256871657538974	0.289602116777647	0.335210149574909	0.31727958771799	0.313704990106404	0.281266472473858	0.166035089338015	0.198488605438605	0.282039287542535	0.247185120937396	0.409574036120891	0.38166949520461	0.235679195851373	0.370007255682075	0.256846498085398	0.160949189276953	0.227426335290067	0.31727958771799	0.229024352317603	0.313497582225325	0.256442013970628	0.23928550182372	0.160949189276954	0.237263471190515	0.324780842717417	0.212399276871319	0.31748585959227	0.362287116525622	0.217896966451274	0.198488605438605	0.23267797723716	0.23267797723716	0.262958412311925	0.333804666348182	0.238456970975392	0.3028764543528	0.26136481306781	0.322326514083245	0.38166949520461	0.409574036120892	0.183715817844538	0.183715817844538	0.38166949520461
"SRR36103414"	0.354008395746904	0.334211362858037	0.313534551643474	0.439208602602694	0.302596272304527	0.548310462312887	0.380448039287506	0.264366165437159	0.46407178747449	0.252051763604178	0.252051763604178	0.228897065316495	0.449391424125566	0.23559297176609	0.421436375357518	0.273011355062361	0.439590775542522	0.442053415621052	0.571745606051454	0.319343138834318	0.228717619762994	0.3028764543528	0.15592540160034	0.266128619488323	0.280531140894597	0.290413475971242	0.228717619762994	0.239369620000727	0.374015571422422	0.378215088772779	0.281266472473858	0.286534765558943	0.261184819573503	0.428639883772615	0.225594933317126	0.261448805188623	0.324780842717417	0.256899135076941	0.289602116777647	0.335210149574909	0.31727958771799	0.313704990106404	0.281266472473858	0.166035089338015	0.259850365380714	0.282039287542535	0.247185120937396	0.409574036120891	0.38166949520461	0.235709892349655	0.370007255682075	0.256894456566571	0.290413475971242	0.227447162134219	0.31727958771799	0.199045107656746	0.313599981287792	0.279758286339029	0.239369620000727	0.290413475971242	0.302577346765783	0.324780842717417	0.323294878248113	0.31748585959227	0.362424290343187	0.210263072929909	0.259850365380714	0.274905518275242	0.274905518275242	0.262958412311925	0.333982914609937	0.238456970975392	0.3028764543528	0.261448805188623	0.15592540160034	0.38166949520461	0.409574036120892	0.183715817844538	0.183715817844538	0.38166949520461
"SRR36103408"	0.354008395746904	0.334211362858037	0.313534551643474	0.439208602602694	0.302596272304527	0.548310462312887	0.380448039287506	0.264366165437159	0.472587837351732	0.284162670538496	0.284162670538496	0.188881660086851	0.423042939700413	0.16145974574789	0.421436375357518	0.194114374690465	0.439590775542522	0.442053415621052	0.505574199050892	0.372109602017869	0.216471104648842	0.3028764543528	0.186508217266845	0.266128619488323	0.280531140894597	0.160949189276954	0.216471104648842	0.205031378789946	0.374015571422422	0.378215088772779	0.281266472473858	0.286534765558943	0.261184819573503	0.428639883772615	0.237031945976873	0.22691564081203	0.41068870433499	0.245244046871615	0.289602116777647	0.335210149574909	0.533607659627135	0.313704990106404	0.281266472473858	0.166035089338015	0.198488605438605	0.282039287542535	0.247185120937396	0.409574036120891	0.38166949520461	0.222746159215537	0.370007255682075	0.236786930422833	0.160949189276953	0.218602132181862	0.533607659627135	0.204020330594857	0.271259859577559	0.256442013970628	0.205031378789946	0.160949189276954	0.237263471190515	0.41068870433499	0.323007206963282	0.362802668285092	0.305647516439459	0.242328804757859	0.198488605438605	0.23267797723716	0.23267797723716	0.262958412311925	0.26204000655231	0.238456970975392	0.3028764543528	0.22691564081203	0.186508217266845	0.38166949520461	0.409574036120892	0.279879695675349	0.279879695675349	0.38166949520461
"SRR36103391"	0.597336365692886	0.473423090159086	0.551407783141024	0.4443624012887	0.438374855048747	0.616481220843865	0.643359526604463	0.630746632454139	0.774439763591725	0.581598957231413	0.581598957231413	0.5708127010088	0.500086557303902	0.599025403909563	0.658875795272531	0.52092324062744	0.492809660666558	0.548039483871199	0.697722498257553	0.621938928477121	0.508913827624217	0.643229341993032	0.606253710463127	0.56542965316222	0.530623597034858	0.63788231370685	0.508913827624217	0.479867926154142	0.586467310576469	0.537653377470942	0.500258952101772	0.53095408805165	0.526715741074254	0.622415796568191	0.496949715159014	0.523011930895969	0.670483299491726	0.498462863009543	0.52200612233416	0.686229965207921	0.62796009762894	0.583045243055995	0.500258952101772	0.580749497921017	0.603951545958687	0.524942155967003	0.589969854203504	0.614788481687618	0.519699615685452	0.495241773567109	0.599186345501732	0.505847891272626	0.63788231370685	0.504747036856497	0.62796009762894	0.677025800887584	0.551775073547432	0.524985409510916	0.479867926154142	0.63788231370685	0.613907907802214	0.670483299491726	0.442601052646201	0.611437320790347	0.509784872359448	0.480947922099187	0.603951545958687	0.603017778363942	0.603017778363942	0.534911138971465	0.514728961849529	0.53040526299646	0.643229341993032	0.523011930895969	0.606253710463127	0.519699615685452	0.614788481687618	0.688066626865529	0.688066626865529	0.519699615685452
"SRR36103392"	0.562081013487445	0.455909069161293	0.57609991912406	0.444613920268364	0.455428710741844	0.336202968659079	0.61060973177718	0.672297127867202	0.805303614449518	0.636477547198583	0.636477547198583	0.66281309455142	0.529698562737003	0.677057226332519	0.432741550128272	0.645889988098844	0.535773948221245	0.555774786337582	0.30626342200467	0.63836244616011	0.489739957120053	0.558999923239257	0.70779266208116	0.601488760594159	0.630448221969993	0.645874638103051	0.489739957120053	0.551286683286489	0.471889999396646	0.494123884780429	0.566388926145903	0.620805928588578	0.556133771180139	0.414872223015399	0.531332353362697	0.607313507241419	0.676383883808963	0.54648407228036	0.614750511763945	0.680555430335447	0.581374696609781	0.610374405488977	0.566388926145903	0.682331453577409	0.629847532380002	0.63419560006009	0.63122130300218	0.457459329051368	0.53613607000675	0.546679894132645	0.505271453403923	0.508292517773974	0.64587463810305	0.546190569476092	0.581374696609781	0.736611923354856	0.575638757157994	0.550192597232917	0.55128668328649	0.64587463810305	0.635609818269778	0.676383883808963	0.554866969128906	0.555212776606059	0.583222756689463	0.521150077631844	0.629847532380002	0.632007878453013	0.632007878453013	0.565017179114856	0.591694335435772	0.540862158993028	0.558999923239257	0.607313507241419	0.70779266208116	0.53613607000675	0.457459329051368	0.700382545469843	0.700382545469843	0.53613607000675
"SRR36103441"	0.354008395746904	0.302430450778849	0.309932958352347	0.439208602602694	0.302596272304527	0.257401272211794	0.380448039287506	0.264366165437159	0.224389456326004	0.25456700905231	0.25456700905231	0.188881660086851	0.423042939700413	0.16145974574789	0.194983728874504	0.194114374690465	0.439590775542522	0.442053415621052	0.140803181060758	0.313733033656727	0.1823158120269	0.179848985454168	0.16820217290175	0.241985627290031	0.280531140894597	0.160949189276954	0.1823158120269	0.202334571104537	0.247945681627153	0.318322194406532	0.258416276002566	0.276053398415111	0.261184819573503	0.218372234074816	0.235692179721054	0.22691564081203	0.324780842717417	0.233452372335141	0.289602116777647	0.294593239454223	0.31727958771799	0.313704990106404	0.258416276002566	0.166035089338015	0.198488605438605	0.279024585160098	0.247185120937396	0.241906002466903	0.38166949520461	0.20935357368046	0.259223952250608	0.198528900339119	0.160949189276953	0.213656574732808	0.31727958771799	0.135643026805957	0.231522690682973	0.256442013970628	0.202334571104537	0.160949189276954	0.237263471190515	0.324780842717417	0.272369444684226	0.253739632847278	0.305647516439459	0.221801562833925	0.198488605438605	0.23267797723716	0.23267797723716	0.262958412311925	0.245864073280112	0.218255833999253	0.179848985454168	0.22691564081203	0.16820217290175	0.38166949520461	0.241906002466903	0.183715817844538	0.183715817844538	0.38166949520461
"SRR36103440"	0.561083683960856	0.413556047088842	0.510141436185272	0.439208602602694	0.416900261057212	0.289122864693465	0.605619861112223	0.575047124913897	0.533444229129626	0.684395710796484	0.684395710796484	0.506193927110518	0.488483186974757	0.52311752389634	0.341218006125588	0.464684595090494	0.484816645069109	0.474392292284763	0.193201394864775	0.550684936299501	0.404645528910865	0.466352859170488	0.742294261216401	0.484207201722988	0.490894545085399	0.556390862886953	0.404645528910865	0.428318282845201	0.398475038933845	0.443502886861172	0.434710396651971	0.478514127175371	0.43408328109784	0.338983186183446	0.443550701478936	0.473815084095598	0.586064489803493	0.439774167966553	0.485210542191732	0.672827676766315	0.493309283803565	0.471041108364384	0.43471039665197	0.508989952162824	0.536559098941141	0.482362715388718	0.535699653061364	0.381666698891848	0.498739590321185	0.428733004663684	0.428498310585	0.402676969117027	0.556390862886953	0.448869364481053	0.493309283803565	0.539785087469353	0.451227395907481	0.481181847704705	0.428318282845201	0.556390862886953	0.55386908080975	0.586064489803492	0.461855570090228	0.464526969446255	0.477683201802017	0.440770337723279	0.536559098941141	0.54359358334107	0.54359358334107	0.442430214590671	0.451309067531061	0.452177754544475	0.466352859170488	0.473815084095598	0.742294261216401	0.498739590321185	0.381666698891848	0.558043682054874	0.558043682054874	0.498739590321185
"SRR36103359"	0.598684995037188	0.445743494730348	0.549535170745631	0.439208602602694	0.439189461296519	0.37631019946844	0.644751239715977	0.632789553969652	0.781804523813733	0.613292093160834	0.613292093160834	0.573215824813079	0.500524054818579	0.527509608210062	0.450557392658416	0.523041885816855	0.493111076911054	0.480319568407432	0.320848668929352	0.622494756326776	0.43227486205513	0.527804064800398	0.660147149430415	0.542549025555759	0.532116874995452	0.412798572973939	0.43227486205513	0.47841054922302	0.472195120486183	0.48688769653554	0.478880063416586	0.5222880611585	0.469043151151191	0.433094380815155	0.491288169662344	0.524863801753185	0.67074789240097	0.487358820894723	0.523391070668541	0.67376360986476	0.625722422822588	0.501405000539105	0.478880063416586	0.583407892853882	0.500842497869628	0.523478089793849	0.591981863439611	0.466079447235045	0.520488869144344	0.481499899591871	0.50046375468796	0.463520306698625	0.412798572973939	0.500853072111522	0.625722422822588	0.688646182293326	0.51224047119627	0.490130942125556	0.47841054922302	0.412798572973939	0.516044945147052	0.67074789240097	0.521976867264933	0.552561037371635	0.510995115984176	0.489731337331602	0.500842497869627	0.5380957630981	0.5380957630981	0.478620328199382	0.499555853163155	0.509793826429651	0.527804064800398	0.524863801753185	0.660147149430415	0.520488869144344	0.466079447235045	0.688635416897083	0.688635416897083	0.520488869144344
"SRR36103393"	0.354008395746904	0.334211362858037	0.313534551643474	0.439208602602694	0.302596272304527	0.548310462312887	0.380448039287506	0.264366165437159	0.472193746023883	0.282624890299541	0.282624890299542	0.228039283407462	0.448859903738611	0.255860109232534	0.421436375357518	0.271247934349892	0.439590775542522	0.442053415621052	0.50837316050508	0.396612546613255	0.236285511999963	0.275103996423992	0.184997867580769	0.266128619488323	0.280531140894597	0.367447298867948	0.236285511999963	0.238644022928414	0.374015571422422	0.378215088772779	0.281266472473858	0.286534765558943	0.261184819573503	0.428639883772615	0.222002384337945	0.260724203360499	0.437956733445021	0.256661961101115	0.289602116777647	0.287068738319669	0.600118600836307	0.313704990106404	0.281266472473858	0.166035089338015	0.292047881039005	0.282039287542535	0.247185120937396	0.409574036120891	0.38166949520461	0.235444954048672	0.370007255682075	0.256480582625437	0.367447298867948	0.227267390318313	0.600118600836307	0.205283317619703	0.312716480865122	0.290960606213975	0.238644022928414	0.367447298867948	0.335967811481403	0.437956733445021	0.212399276871319	0.376989278079857	0.361240690577441	0.20723237303595	0.292047881039005	0.295952075873426	0.295952075873425	0.262958412311925	0.332445510550548	0.238456970975392	0.275103996423993	0.260724203360499	0.184997867580769	0.38166949520461	0.409574036120892	0.314205545092642	0.314205545092642	0.38166949520461
"SRR36103394"	0.354008395746904	0.334211362858037	0.313534551643474	0.439208602602694	0.302596272304527	0.548310462312887	0.380448039287506	0.264366165437159	0.469227821258561	0.271210653748663	0.271210653748663	0.23097977618432	0.450676642957847	0.270084051461931	0.421436375357518	0.277303178636077	0.439590775542522	0.442053415621052	0.53008855723638	0.399287516273434	0.250299915479523	0.3028764543528	0.173929620758823	0.266128619488323	0.280531140894597	0.409833466800831	0.250299915479523	0.241129704383819	0.374015571422422	0.378215088772779	0.281266472473858	0.286534765558943	0.261184819573503	0.428639883772615	0.229039717200534	0.263205612261975	0.44126074427658	0.25747300281579	0.289602116777647	0.335210149574909	0.607913180803941	0.313704990106404	0.281266472473858	0.166035089338015	0.309334245099963	0.282039287542535	0.247185120937396	0.409574036120891	0.38166949520461	0.236351128741875	0.370007255682075	0.257896638878072	0.409833466800831	0.227882104823837	0.60791318080394	0.20308755226682	0.315741082863607	0.296772258726739	0.241129704383819	0.409833466800831	0.353671737050174	0.44126074427658	0.320193467827514	0.37870808479567	0.36529205760052	0.213167085636941	0.309334245099963	0.307033650390394	0.307033650390394	0.262958412311925	0.337713546515982	0.238456970975392	0.3028764543528	0.263205612261975	0.173929620758823	0.38166949520461	0.409574036120892	0.318479374077101	0.318479374077101	0.38166949520461
"SRR36103395"	0.5212945860744	0.428657939243084	0.474777370488114	0.439208602602694	0.394114048835832	0.595673578207117	0.563514912667595	0.512872980820668	0.700181876056671	0.522920704515533	0.522920704515532	0.485579829311518	0.497837634613534	0.539781740239775	0.587964798515615	0.494548074065599	0.520694235115904	0.468246064402346	0.704346186620869	0.560304322818055	0.436517236998815	0.555893159693102	0.525181609711829	0.502737876845897	0.534742893626295	0.628948292454436	0.436517236998815	0.422169095185686	0.520247514350036	0.487433988551723	0.507843328024131	0.540251344420794	0.39847242477771	0.56351301891051	0.400582094293909	0.472784214180082	0.607174264248994	0.44730329410263	0.525319672421116	0.61180796138803	0.632508979183272	0.441292296495984	0.507843328024131	0.494734782709111	0.539164317734856	0.548447300045709	0.476307828430519	0.552017160477259	0.476164990269621	0.439358641593239	0.527981946871579	0.435631068982258	0.628948292454436	0.416508319117602	0.632508979183272	0.533319013898888	0.500929281544596	0.460196770453605	0.422169095185686	0.628948292454436	0.560351976091036	0.607174264248994	0.362192938096179	0.542207869714663	0.495222413487957	0.390304933271694	0.539164317734856	0.527324414504481	0.527324414504481	0.40549745226946	0.500211415548064	0.431312108954298	0.555893159693102	0.472784214180082	0.525181609711829	0.476164990269621	0.552017160477259	0.583500629768428	0.583500629768428	0.476164990269621
"SRR36103451"	0.41248119338375	0.337709354685923	0.365363018633187	0.439208602602694	0.334282485773071	0.301074754579565	0.4453309559002	0.34624379742147	0.555580481184717	0.339260877514957	0.339260877514957	0.312684099519778	0.467860084959296	0.269988690313046	0.260035449022505	0.350601448085136	0.452749207680156	0.451473884053297	0.185033367692177	0.42239061966876	0.232257969742822	0.277843793566172	0.267651093060571	0.308106670346392	0.336929873256714	0.209179065171218	0.232257969742821	0.297530647376527	0.304790410338633	0.361428725023077	0.308551104406034	0.331762925225122	0.307197738306783	0.276256996027594	0.287996306220264	0.328356578499734	0.451862449358168	0.300937165060554	0.342501194625071	0.432034924914341	0.497946918725281	0.357140910605573	0.308551104406034	0.243903908786768	0.259294775002217	0.333976951089178	0.321671509610886	0.300777376332039	0.415123436153952	0.280509919101598	0.319374291254108	0.275529124536591	0.209179065171218	0.283272586869737	0.497946918725281	0.303564408822426	0.336728076158182	0.307686901748559	0.297530647376527	0.209179065171218	0.296718564992333	0.451862449358168	0.213129391210319	0.345110191554477	0.411474142613874	0.275713469367811	0.259294775002217	0.297280069953873	0.297280069953873	0.310700323963657	0.376921668309478	0.280255727173981	0.277843793566172	0.328356578499734	0.267651093060571	0.415123436153952	0.300777376332039	0.341095986786849	0.341095986786849	0.415123436153952
"SRR36103450"	0.529079103694414	0.438347960782986	0.544046168494668	0.439208602602694	0.436259771341879	0.33931659637341	0.5758782150006	0.62541657191735	0.778933134207312	0.617532419894379	0.617532419894379	0.605988372494848	0.517795108741305	0.621405236734348	0.412240134791617	0.592470957022126	0.492026495384974	0.479544389842526	0.267464630675312	0.609209519962446	0.546456088266139	0.54016763212873	0.666303520065872	0.532181668701728	0.526741013410875	0.60604256207451	0.546456088266139	0.506431237135392	0.449527418406177	0.475425570596446	0.470545094373925	0.515439127294811	0.464448296425969	0.399470165884818	0.568813612669185	0.550988341867924	0.648652234036184	0.490589399046004	0.518405987995774	0.670099394478807	0.579222367244657	0.497431543689401	0.470545094373925	0.573820423858904	0.586108778659303	0.517783581873842	0.584727973351124	0.438053276702665	0.517648394988639	0.485717456285871	0.479688601512194	0.469500246208188	0.60604256207451	0.502377045346991	0.579222367244657	0.683652610547817	0.535611541306905	0.516697931186022	0.506431237135392	0.60604256207451	0.597404032069477	0.648652234036184	0.528856078316058	0.527403705326516	0.551439628577976	0.578849156068035	0.586108778659303	0.590033097535068	0.590033097535068	0.473868438185224	0.551898491647483	0.499737810253306	0.54016763212873	0.550988341867924	0.666303520065872	0.517648394988639	0.438053276702665	0.655994741523784	0.655994741523784	0.517648394988639
"SRR36103443"	0.302814317883413	0.304084719295456	0.301523080599839	0.439208602602694	0.302596272304527	0.270406592744494	0.326402423583833	0.264366165437159	0.475371593356159	0.284394887177692	0.284394887177692	0.225641301048126	0.447367112538605	0.242627412006043	0.204382744722035	0.266331672575572	0.439590775542522	0.442053415621052	0.153738630339401	0.31891279909543	0.274664945614091	0.202040424068647	0.19744399120153	0.231135300095876	0.280531140894597	0.305524533488452	0.27466494561409	0.233782339405465	0.253915952092843	0.321394637626643	0.259605937252693	0.27660731411147	0.261184819573503	0.227513077787104	0.298874928757005	0.258695249274111	0.324780842717417	0.244493386277196	0.289602116777647	0.253951766872995	0.31727958771799	0.313704990106404	0.259605937252694	0.166035089338015	0.23322639777914	0.279185140116811	0.247185120937396	0.249595029114666	0.38166949520461	0.221522250974411	0.264571394164492	0.216947093272065	0.305524533488452	0.221954221950546	0.31727958771799	0.207681394996886	0.26910157136563	0.285211170923082	0.233782339405465	0.305524533488452	0.318696903630899	0.324780842717417	0.261421814806878	0.256923202884609	0.357924157461538	0.276044700101567	0.23322639777914	0.242995805970464	0.242995805970464	0.262958412311925	0.310576393665189	0.192019847471371	0.202040424068647	0.258695249274111	0.19744399120153	0.38166949520461	0.249595029114666	0.179880088404817	0.179880088404817	0.38166949520461
"SRR36103442"	0.607495169284529	0.479615104546559	0.561814216428753	0.439208602602694	0.44454183813039	0.619304971253868	0.653820466007322	0.646071855113742	0.550076665308335	0.651290627007857	0.651290627007857	0.63756216572345	0.526041798316583	0.590073269985514	0.668148807463625	0.62802232549648	0.495088713248323	0.481733163569687	0.704115232196257	0.624800801395104	0.500433521819511	0.682708696882001	0.696744308289098	0.578750166690902	0.541898447002886	0.424415213555748	0.500433521819511	0.535468860227225	0.595367251573857	0.544507163635301	0.510258731848217	0.541929397744913	0.477433753280905	0.630262971786722	0.517895091536455	0.576102256965413	0.663728566944563	0.52346514366839	0.532467503957841	0.738535740136463	0.587884854027912	0.50864884364161	0.510258731848217	0.600722324899017	0.513694698839155	0.535913696269152	0.605102991067384	0.623158249466493	0.525664261722151	0.523854101482571	0.608704415739486	0.541356094864322	0.424415213555748	0.529279628921769	0.587884854027912	0.603196285548594	0.606393706231129	0.499548194646107	0.535468860227225	0.424415213555748	0.527342555202334	0.663728566944563	0.603302893294399	0.61187360364872	0.572517604665423	0.530155456151321	0.513694698839155	0.550365092445163	0.550365092445163	0.487293630032274	0.598118015335294	0.543989919136815	0.682708696882001	0.576102256965413	0.696744308289098	0.525664261722152	0.623158249466493	0.679827545133074	0.679827545133073	0.525664261722152
"SRR36103336"	0.354008395746904	0.334211362858037	0.288427369986709	0.439208602602694	0.302596272304527	0.548310462312887	0.380448039287506	0.264366165437159	0.478779105550456	0.308951762989688	0.308951762989688	0.188881660086851	0.423042939700413	0.16145974574789	0.421436375357518	0.194114374690465	0.439590775542522	0.442053415621052	0.504409299011767	0.355741664543049	0.208095591121838	0.279842284691694	0.211470363416398	0.266128619488323	0.280531140894597	0.160949189276954	0.208095591121838	0.205031378789946	0.374015571422422	0.378215088772779	0.281266472473858	0.286534765558943	0.261184819573503	0.428639883772615	0.228688374076618	0.22691564081203	0.386478121651102	0.245244046871615	0.289602116777647	0.29518131814076	0.472318131118511	0.313704990106404	0.281266472473858	0.166035089338015	0.198488605438605	0.282039287542535	0.247185120937396	0.409574036120891	0.366622196613335	0.222746159215537	0.370007255682075	0.236786930422833	0.160949189276953	0.218602132181862	0.472318131118511	0.208866717097325	0.271259859577559	0.256442013970628	0.205031378789946	0.160949189276954	0.237263471190515	0.386478121651102	0.212399276871319	0.350169599765295	0.305647516439459	0.212870984750911	0.198488605438605	0.23267797723716	0.23267797723716	0.262958412311925	0.26204000655231	0.238456970975392	0.279842284691695	0.22691564081203	0.211470363416399	0.366622196613335	0.409574036120892	0.250882621632696	0.250882621632696	0.366622196613335
"SRR36103335"	0.813967969406343	0.813879720762877	0.737946367550975	0.717961179492736	0.861879351766458	0.480996438436983	0.712596660664655	0.668185349144809	0.598014547946673	0.687654858757657	0.687654858757657	0.615176188227134	0.508284544300978	0.61968333221637	0.555927712590183	0.560419331378127	0.552998604493619	0.563851569571977	0.382445542733333	0.638624445240015	0.883094588551635	0.68970491977794	0.817255016198717	0.730838105630032	0.66844689323096	0.599186222317626	0.883094588551635	0.830335739590591	0.583615079731055	0.681818253628637	0.804303082323912	0.664792059800049	0.833365400401299	0.591429412499854	0.888155032909183	0.719984652161771	0.6839140539152	0.82421271746749	0.822245383774815	0.781823056818339	0.608012260339487	0.675441091628219	0.804303082323912	0.837034888847635	0.627190067291422	0.66576348049794	0.712085083102505	0.576147239963244	0.655393703962869	0.836491560541577	0.624304366903733	0.825815538351697	0.599186222317626	0.841431321246356	0.608012260339486	0.846701221497742	0.566395497653875	0.790446669927139	0.830335739590591	0.599186222317626	0.623526456198511	0.6839140539152	0.860282407401495	0.614899578848928	0.53243040928529	0.878405892330543	0.627190067291422	0.639924363886342	0.639924363886342	0.833788011698903	0.526279751886334	0.861452134700851	0.68970491977794	0.719984652161771	0.817255016198717	0.655393703962869	0.576147239963243	0.710589082758524	0.710589082758524	0.655393703962869
"SRR36103332"	0.593604605273783	0.442112842694302	0.544269856260405	0.439208602602694	0.436127103008979	0.37020019984063	0.639503856251729	0.6250810198577	0.785607581264387	0.663177715521999	0.663177715521999	0.56415957979906	0.498878433768387	0.582191662973696	0.441074918440583	0.515069042176301	0.491977344399062	0.479509261446494	0.310582780221529	0.618101344796662	0.472579130205046	0.555065265540498	0.720119820071203	0.53531248064466	0.526497225689179	0.602427775765781	0.472579130205046	0.471608754719095	0.465251389065489	0.482395513219058	0.473450157946074	0.516598607335204	0.464240196890973	0.425114276253479	0.495609764839462	0.517894961072839	0.66666120918025	0.481181839532278	0.518179972241762	0.719557493486683	0.62621573251039	0.497251472534266	0.473450157946074	0.573384550102541	0.584241163051132	0.517948764349239	0.584398334023885	0.4585845009424	0.51751963772727	0.474675299685044	0.493431720994896	0.45633714742153	0.602427775765781	0.493887201816631	0.626215732510389	0.692094041917134	0.505055643945465	0.51591833569863	0.471608754719095	0.602427775765781	0.595661320465996	0.66666120918025	0.52433408223676	0.546554845084437	0.506442299855104	0.492555945571624	0.584241163051132	0.58874183415331	0.58874183415331	0.473653190495831	0.493415463553634	0.502537282393194	0.555065265540498	0.517894961072839	0.720119820071204	0.51751963772727	0.4585845009424	0.682055073232448	0.682055073232448	0.51751963772727
"SRR36103455"	0.459461323674578	0.480009042785295	0.385446618807334	0.569050523066293	0.517895502438877	0.331421416796781	0.402318121249073	0.199560052438453	0.476376728928311	0.289197847925326	0.289197847925327	0.224249467468948	0.446495947128138	0.190323155699507	0.246810435216391	0.263487579743259	0.463963526995743	0.453415782773813	0.184373567976643	0.354334619145142	0.341578487032347	0.240242028936548	0.229931267692726	0.308136338910957	0.322743550057239	0.160949189276954	0.341578487032347	0.378310769924894	0.296830339781853	0.40444029366068	0.399721270624177	0.323958309114956	0.40459270709055	0.292472555751447	0.401145899391603	0.323364709458862	0.3766209477308	0.387593861551859	0.426738343950218	0.348750162641217	0.447110997068695	0.351748163442236	0.399721270624178	0.246575340400053	0.204983102613895	0.326042414753286	0.280840149738919	0.295113670306702	0.436451089975576	0.368073942193063	0.311909209020251	0.364564719158481	0.160949189276953	0.36289586629601	0.447110997068694	0.30136494694944	0.280307929592741	0.368211307868175	0.378310769924894	0.160949189276954	0.240807856993813	0.3766209477308	0.429601067926644	0.303897017730777	0.35599396579552	0.396085737411405	0.204983102613894	0.241149250407591	0.241149250407591	0.403121334948066	0.309530247323552	0.374394679142395	0.240242028936547	0.323364709458862	0.229931267692727	0.436451089975576	0.295113670306702	0.239492405288538	0.239492405288539	0.436451089975576
"SRR36103454"	0.785192999699315	0.785563071688927	0.703161392151445	0.705083384970043	0.841294962996641	0.404778310292534	0.678569820748814	0.617525240085481	0.775978387301962	0.623153684891413	0.623153684891413	0.601803505810876	0.518330848777327	0.597726158800898	0.462702205137363	0.593474874948448	0.543336931054471	0.503253456210044	0.291607344039132	0.610010567027877	0.801855412665441	0.610773881544715	0.747362214860419	0.682274373952498	0.629912192479749	0.538872961736586	0.801855412665441	0.817449914588238	0.520072537615435	0.642689091092126	0.768735930565733	0.6243073228308	0.774526463898928	0.509009767521414	0.817096798487903	0.706124806108935	0.650946814053916	0.796334926624499	0.792313246869613	0.738229049992347	0.596703122163689	0.584005917388487	0.768735930565733	0.7887833773216	0.572074268139069	0.627149108615765	0.663927904643768	0.50434074062171	0.632577564361656	0.807972550550018	0.563215677349096	0.796380972447619	0.538872961736585	0.811388959793291	0.596703122163689	0.857541392438942	0.5527938683177	0.755287097522544	0.817449914588238	0.538872961736585	0.574795645362509	0.650946814053916	0.818603852708805	0.563407420537388	0.552075049893049	0.812692437317692	0.572074268139069	0.589664922676647	0.589664922676647	0.775319871430676	0.550885809532979	0.825865150908299	0.610773881544714	0.706124806108936	0.747362214860419	0.632577564361657	0.504340740621709	0.658578800135233	0.658578800135233	0.632577564361657
"SRR36103453"	0.521269975877529	0.397303523158827	0.471060473719057	0.439208602602694	0.394100163042722	0.327700400889708	0.563488663507376	0.419096148009753	0.698179030606848	0.499468157596694	0.499468157596694	0.477752371603338	0.494388894402389	0.482937481132673	0.350649224306786	0.480259918963821	0.476208731453106	0.468242286643363	0.289604745850141	0.530639014589579	0.362402650926717	0.430694007525755	0.495157693866602	0.438809041758486	0.445933708922505	0.479083385057173	0.362402650926717	0.41235567097201	0.390850930962518	0.429564582608869	0.402990708387342	0.439405593054318	0.398450807666587	0.350619105034875	0.397287694886364	0.453052191815048	0.566913877208406	0.409055148653034	0.445734025850981	0.611769089787098	0.534796987151658	0.439725399948737	0.402990708387342	0.43130128087409	0.468864874228505	0.441643649626725	0.476271330568321	0.383074882996953	0.476151125165375	0.396383996719004	0.414594487639733	0.384236544082124	0.479083385057173	0.407780845556149	0.534796987151658	0.530166271769441	0.447851678668844	0.436457833730907	0.41235567097201	0.479083385057173	0.493526044023579	0.566913877208406	0.43511160906346	0.450665809537007	0.486993179245244	0.391106130466206	0.468864874228505	0.482278453919918	0.482278453919918	0.405475016717459	0.470294461760565	0.406646349345805	0.430694007525755	0.453052191815048	0.495157693866602	0.476151125165375	0.383074882996953	0.52305507352188	0.52305507352188	0.476151125165375
"SRR36103413"	0.529872097288542	0.433595451257624	0.461676964130158	0.439208602602694	0.398968053524348	0.598007568022672	0.572648570687027	0.526313645860408	0.715204069731398	0.564793493769273	0.564793493769273	0.451263363350464	0.478673519596526	0.500474990765347	0.596100932969551	0.417730691152951	0.478058797950731	0.469564061262971	0.654514299656927	0.475246149278794	0.433116779074734	0.537632304575905	0.56747116645698	0.477702379757144	0.457345140536282	0.613985252170231	0.433116779074734	0.393596831844567	0.527695356146327	0.49302826558653	0.43583308729028	0.459608133986593	0.406036624960835	0.570189884861896	0.402268884871033	0.43254019448675	0.491120491092387	0.421993232169461	0.454182750966489	0.574749734295105	0.336722002385713	0.446427910494987	0.43583308729028	0.447855065485415	0.538721050359933	0.4537614958191	0.489051893598087	0.559123875134737	0.469349470827089	0.411304104261894	0.536017124776485	0.424100776326862	0.613985252170231	0.416369979089839	0.336722002385713	0.557073867254382	0.469500937055859	0.464729431033311	0.393596831844567	0.613985252170231	0.559071901288501	0.491120491092387	0.370854256319381	0.481861786967587	0.450651275618681	0.393468171670129	0.538721050359933	0.530895344963903	0.530895344963903	0.413347001366762	0.439550798505004	0.442213953978844	0.537632304575905	0.43254019448675	0.56747116645698	0.469349470827089	0.559123875134737	0.413051433091199	0.413051433091199	0.469349470827089
"SRR36103412"	0.628012666597806	0.459489485709879	0.579285723314584	0.44585990499175	0.457228523071304	0.350918930601407	0.674787056420027	0.676525848472432	0.808718826869022	0.646537961930562	0.646537961930562	0.625145391477399	0.510170197303793	0.651412773387422	0.449090784051283	0.569417152107175	0.499758683783782	0.572404918375028	0.309211812592222	0.570521070514096	0.593804335665167	0.595717871631996	0.709261580498511	0.578009926628566	0.564853147653493	0.673560753319809	0.593804335665167	0.517494456489877	0.4818660755134	0.499383338577457	0.504689218611647	0.552792145971189	0.57290694388266	0.429121204642943	0.622768517646196	0.565437496787552	0.587754263244367	0.520197623812035	0.553802528803384	0.765414714991476	0.347868763928423	0.630422470217672	0.504689218611646	0.640552164687155	0.645250716393845	0.554961167553288	0.635460216092363	0.469538073393199	0.537860238765394	0.517424293440304	0.5145351587353	0.494034960864728	0.673560753319809	0.540075726640675	0.347868763928423	0.741391388070673	0.543179988557742	0.557468553643557	0.517494456489877	0.673560753319809	0.649912589417264	0.587754263244367	0.552893558404049	0.508503189036036	0.537625036318129	0.60109128648769	0.645250716393845	0.643144980610021	0.643144980610021	0.581480683831415	0.531038359812026	0.546197511036351	0.595717871631996	0.565437496787552	0.709261580498511	0.537860238765394	0.469538073393199	0.571370019093421	0.571370019093421	0.537860238765394
"SRR36103411"	0.622425916875471	0.452206628504647	0.573066657093108	0.439208602602694	0.453741652854553	0.320059906249186	0.669099783726235	0.668305246670819	0.625951276644677	0.757422936840758	0.757422936840758	0.615319293595744	0.508311480725823	0.570874487156711	0.414971159578243	0.560548150674121	0.498477423283816	0.484155816876587	0.264294417764151	0.631930732110947	0.455733973191156	0.554502809965132	0.831827697181956	0.567245034712918	0.558578831161153	0.444507200950819	0.455733973191156	0.509434474825362	0.461135322036487	0.488558165907567	0.496018043272443	0.545299782144481	0.491836836980191	0.399359660668991	0.524986912741533	0.557668723493284	0.674896049783214	0.511812029451549	0.54796553062643	0.735589003787266	0.583604183714834	0.521049981048452	0.496018043272443	0.629790317725288	0.535663670535716	0.548448696268941	0.627226950194648	0.444334815514912	0.53451811827924	0.507985434418733	0.49533719773489	0.480981089325571	0.444507200950819	0.531614126204434	0.583604183714834	0.672316121021183	0.530531776591882	0.515680314770961	0.509434474825362	0.444507200950819	0.546628101644261	0.674896049783214	0.542293332945831	0.548730754848829	0.532504661479593	0.525711222431353	0.535663670535716	0.571237095999526	0.571237095999526	0.502168959339636	0.522268794260087	0.535575631265785	0.554502809965132	0.557668723493284	0.831827697181956	0.53451811827924	0.444334815514912	0.697894856871372	0.697894856871372	0.53451811827924
