"Model_1"	"Model_2"	"Model_3"	"Model_4"	"Model_5"	"Model_6"	"Model_7"	"Model_8"	"Model_9"	"Model_10"	"Model_11"	"Model_12"	"Model_13"	"Model_14"	"Model_15"	"Model_16"	"Model_17"	"Model_18"	"Model_19"	"Model_20"	"Model_21"	"Model_22"	"Model_23"	"Model_24"	"Model_25"	"Model_26"	"Model_27"	"Model_28"	"Model_29"	"Model_30"	"Model_31"	"Model_32"	"Model_33"	"Model_34"	"Model_35"	"Model_36"	"Model_37"	"Model_38"	"Model_39"	"Model_40"	"Model_41"	"Model_42"	"Model_43"	"Model_44"	"Model_45"	"Model_46"	"Model_47"	"Model_48"	"Model_49"	"Model_50"	"Model_51"	"Model_52"	"Model_53"	"Model_54"	"Model_55"	"Model_56"	"Model_57"	"Model_58"	"Model_59"	"Model_60"	"Model_61"	"Model_62"	"Model_63"	"Model_64"	"Model_65"	"Model_66"	"Model_67"	"Model_68"	"Model_69"	"Model_70"	"Model_71"	"Model_72"	"Model_73"	"Model_74"	"Model_75"	"Model_76"	"Model_77"	"Model_78"	"Model_79"	"Model_80"
"SRR36103410"	0.140256246196408	0.240115678515062	0.213484461851812	0.108523303492191	0.171457283750779	0.183097129323434	0.178874099752877	0.178961763270753	0.118399547545248	0.160087273455263	0.198871350166081	0.14812844653978	0.140725246277965	0.184592428658883	0.171403928843307	0.256732180188368	0.0883427575933837	0.228668995672736	0.204760897755069	0.211469825288732	0.17683847929709	0.228079809460184	0.271303713643556	0.184411839707862	0.13946342750064	0.150643165231924	0.227661161038854	0.210515170053219	0.22223650740449	0.156625249063043	0.207174542742548	0.161719288965043	0.160919635561818	0.269790778388449	0.294737914774049	0.207643383650358	0.175797613422637	0.154939319814496	0.161895923455717	0.192917887099098	0.220132930476526	0.224639346062038	0.179514150208085	0.181971339637591	0.197085962441643	0.27750644607423	0.233550279057379	0.181866434105641	0.145868376989254	0.27230173007401	0.215719757509632	0.165383354249658	0.142528903311371	0.173118865161569	0.154122857219926	0.145250341547444	0.243810296140038	0.188126665914176	0.262054298913649	0.138443655468542	0.189429290597065	0.204861870007732	0.148362129603247	0.165010383656577	0.133817671511906	0.136363590704996	0.237672807406761	0.141282600589601	0.237210097733581	0.217152003680556	0.153187869101627	0.161635559166569	0.173686271700065	0.156365835130683	0.186025099226822	0.184671098769378	0.18695754006373	0.19791058234344	0.184582916105455	0.169211861058763
"SRR36103409"	0.952385605103561	0.956679522251517	0.792281454178111	0.777947753486165	0.693942445800925	0.98450020546866	0.944202146590646	0.922098251443663	0.859759397160716	0.918051463459512	0.837073731077182	0.893181540884343	0.825511557773959	0.963985738820927	0.966483681900193	0.960428411503667	0.851694771190465	0.988389996404731	0.918697793956013	0.949898269686732	0.948264508417261	0.511184929185955	0.431245285107374	0.972952957000275	0.904265830587391	0.785811844399778	0.968642282924245	0.970619398226045	0.886497843109108	0.995540583465655	0.940434789271163	0.925097847744159	0.929710912369685	0.909972879696662	0.877933182290521	0.946501216818714	0.950858541056224	0.697291083718657	0.955419638454933	0.579917738764313	0.97885184582369	0.821545495001501	0.969005623246198	0.953653315560257	0.983575142157147	0.708440203900845	0.809816741747969	0.678080712305959	0.949117345358365	0.915980086868518	0.930181576052274	0.93819765829321	0.973532245325345	0.794282229737144	0.875236609743456	0.798424326304144	0.602666015965252	0.717955860547115	0.941428377267227	0.913267556290263	0.667062131406601	0.922524877367503	0.975664746884343	0.910266139265215	0.857626701736585	0.947777633253049	0.971615403034996	0.98738789700406	0.827185871878959	0.863863451371852	0.912676238253953	0.981174536512559	0.813123854293133	0.868194516273061	0.933252276296787	0.921239492161459	0.901110584362024	0.891458721775812	0.838689027836696	0.59170439042309
"SRR36103388"	0.921421151757643	0.862153281356575	0.776788609182982	0.885130981886883	0.843023680419921	0.896147359494818	0.84940301331957	0.861401536298064	0.905268062007256	0.888177531466983	0.834969315031301	0.845358071208373	0.839582450855325	0.877769978859051	0.875463785260249	0.862153064869921	0.884837996807781	0.906440067117945	0.885489209559085	0.805245825121149	0.892776174130872	0.779050326656823	0.902574388886296	0.880137254438888	0.920175857105858	0.824953878896714	0.896728551251441	0.882259606898826	0.748294482992523	0.927780008181308	0.886598715543535	0.848525161433556	0.912173822669332	0.792408515736484	0.818591651697516	0.85791205982195	0.834934938310411	0.851859194559289	0.885901445114712	0.826571035986145	0.889249304485557	0.837936660739385	0.941632456489288	0.897347950803948	0.906261622280339	0.847119194720124	0.764396642247556	0.857525624506243	0.883637517057896	0.826738461000556	0.862608230839312	0.884711793227779	0.886868452843445	0.873891462139924	0.872943351403141	0.897135394081519	0.836692660082395	0.848429858816109	0.866262861516716	0.875059076633073	0.766563635000411	0.853959558999395	0.883823073789833	0.901557242184105	0.85313567868379	0.874462790481027	0.908970453926758	0.890701367161868	0.830223072246208	0.853069245344439	0.85801613789616	0.91313794860594	0.800413027979271	0.821329429103703	0.865122773218931	0.844688519722289	0.868211502049753	0.815883773344544	0.850673239394073	0.900010836090636
"SRR36103348"	0.313027118267056	0.251578061987109	0.216640338618606	0.175260833511427	0.183354207603063	0.278024868648946	0.225856314179502	0.25084003205765	0.152086132708215	0.220821817888896	0.202285114465616	0.260414104777335	0.200642695462573	0.304906063838816	0.246755413624599	0.27602821336703	0.165039145835971	0.237170889418083	0.262119867320661	0.327848125053545	0.225067673506437	0.131168969030656	0.126220684007194	0.26822337044875	0.399809967888816	0.204340649190976	0.268237346887459	0.241283835403899	0.331210700071599	0.286487598624236	0.181142067125699	0.191815779707925	0.194222269622535	0.301619646819538	0.238371033366274	0.2128835890882	0.289318455649141	0.170891173475019	0.229938121943424	0.160348191430578	0.268792279066458	0.199177910197108	0.43049756466193	0.209763136530971	0.21142635845599	0.152559962229613	0.230213958402558	0.133777666764974	0.226472152749533	0.276154734105522	0.249993485626538	0.225764159344508	0.246856100256098	0.16591809786043	0.204481150071255	0.207431310551253	0.168177820743523	0.18843151255358	0.275104414038036	0.192206001427128	0.255629034482357	0.243197630590246	0.258879020680298	0.164580182637314	0.206108550287829	0.209839970266913	0.220348602847942	0.290999580841361	0.169498361002673	0.207295545393333	0.268549546016901	0.241403415461608	0.19975997592835	0.209058565012432	0.23983165872859	0.298140054791336	0.225296153101604	0.23721088176544	0.224152848780393	0.326852797676502
"SRR36103347"	0.74402617464506	0.772933772666276	0.603073413350067	0.462004239255359	0.663626398906266	0.767174408694349	0.711297141227898	0.639671941873969	0.596521642081266	0.68729800126749	0.625829286062226	0.606335780537895	0.598151786977538	0.796783954049026	0.744784483822259	0.72057343123125	0.580534579415345	0.837742609476653	0.695510695079691	0.681242526737624	0.723275168704909	0.419985846529152	0.452401668922903	0.721584926973118	0.757557479266756	0.558948102573955	0.70847832583758	0.754165983883808	0.633017105258272	0.835019811150507	0.72003621156615	0.692088900660826	0.732529366661318	0.700597611599922	0.666742473540978	0.758320736769198	0.698134495131174	0.582754920143133	0.728969859057903	0.506157117910423	0.78207871334084	0.640697194428912	0.864548329465587	0.726166426947284	0.815427402819862	0.61080531886757	0.623457364736387	0.505162718438502	0.689015176550972	0.680684777521698	0.677839051584855	0.65218475090629	0.710144147236048	0.627871571462495	0.596249159670715	0.681983113392718	0.524114457734415	0.657022903283392	0.75372000400529	0.655329131180745	0.587275220814928	0.731194886173805	0.739945866692426	0.716693840988991	0.505603771008015	0.682320851600106	0.791015513930143	0.772037603269168	0.619172249946752	0.628330776219597	0.619208052413222	0.76902700878368	0.582878519906867	0.623128875645078	0.686059330690773	0.621774521514256	0.705839553358535	0.633214584827033	0.670975932476526	0.760844589412401
"SRR36103352"	0.240727366682082	0.152647186426928	0.199689429170586	0.114364558954907	0.15629912267973	0.136494655116454	0.134332318763436	0.16345845202149	0.100120352039321	0.123829178433803	0.169390112682185	0.185131834636066	0.142124649054929	0.181807993374576	0.13900414155492	0.164641234619936	0.0985380439255421	0.110881272792156	0.171697685208826	0.251770177836978	0.13187242114792	0.164104438032101	0.123392929018332	0.144890713794119	0.356938785887963	0.161625691476922	0.141876684315912	0.116232907450031	0.309974101982783	0.0986149912562694	0.122652259188575	0.126847158956467	0.104136694127827	0.266093015573693	0.204784668975058	0.168084656729601	0.202169313089539	0.157071430593875	0.13044997569584	0.148118885988938	0.122490780444941	0.164859087520145	0.258114626000851	0.112287653865616	0.0977453918257715	0.145945401652691	0.239700913349568	0.116725367064835	0.130109389353856	0.161662476212005	0.157856283140761	0.131376945179877	0.11545934876152	0.126838156474553	0.154069252595956	0.174007637403491	0.124834623984935	0.18925745512326	0.110996007934745	0.127869789338003	0.239314390585543	0.176833571091748	0.158246019782408	0.104508926801735	0.143656398759498	0.111326719789072	0.122224800166969	0.144800412005358	0.137397439260679	0.149136111235578	0.178953765206587	0.107818299582867	0.177919511404367	0.154811307615304	0.154188420749836	0.19406316963089	0.165242688759512	0.166441850765901	0.1802990571097	0.39106459424073
"SRR36103351"	0.829380229860775	0.848544796295749	0.693466434021126	0.583754337212897	0.785584948974154	0.851610002797664	0.808106562759946	0.739710031730465	0.724400604943495	0.770676648914285	0.720499614092249	0.727405071869958	0.723679676617885	0.865658153325134	0.840697854903342	0.788967466728506	0.736644145882498	0.899323266206827	0.772567560656858	0.773000596295664	0.820399938109582	0.450611394943372	0.37757793529048	0.811358621426406	0.837285543983913	0.676266380634993	0.781733651866046	0.833479455247004	0.72869589236706	0.909013034360275	0.801275748178622	0.796408518468342	0.836192206675394	0.778327149970209	0.72652677130428	0.843557266572499	0.80175033141824	0.704143366989608	0.830861376179448	0.591457756933104	0.856790224979007	0.726487003589774	0.914372626393737	0.81753170323423	0.887243969086704	0.667228028566898	0.709057332730751	0.581065449439235	0.800263736979626	0.749424043272611	0.762944328648936	0.753409949119987	0.816179896921007	0.734686775836959	0.706539223541892	0.786362716721891	0.585087120157318	0.753539642577219	0.828828321749846	0.773382555501457	0.705450907274988	0.825180377665599	0.842974280379372	0.818747165602283	0.612839448359323	0.796521812935348	0.859696380112596	0.870070395456668	0.687734070030665	0.711523212060978	0.735907708387711	0.859722695158877	0.686484386968825	0.737851633737726	0.783226453277141	0.722491426547745	0.808026973935023	0.726389829710351	0.780768886257655	0.84077360122082
"SRR36103339"	0.539137448966636	0.666124028796428	0.419912953860094	0.404391337993968	0.681445764540907	0.621166451706271	0.586036988565598	0.515965215470436	0.515194147600292	0.600727954586474	0.468450046772719	0.498744466248773	0.530586831282508	0.608899847482366	0.583657855103999	0.567713881890253	0.555073178971045	0.643385404887316	0.604697424063749	0.444303141735303	0.629807273652309	0.15924510219223	0.201916996377365	0.562630377668109	0.643320460757628	0.475593377640813	0.566879232065807	0.595338699485358	0.397853821208594	0.736382974162922	0.516812411908648	0.539192860694553	0.727726574558222	0.47918835066391	0.449157275169158	0.49586386056273	0.502218242416157	0.497832502686165	0.639754328276982	0.437371753220266	0.628905601956684	0.51018795165698	0.761472010966256	0.629614425175135	0.697842594895159	0.405313967814371	0.377307738944374	0.346369298495205	0.587079770462945	0.512816030265046	0.564188344156559	0.539073656801597	0.623828783572239	0.562810535880172	0.437374514679753	0.623106504298455	0.405584103217447	0.539901945551182	0.6081442531345	0.532302625192299	0.558192585551355	0.613529930069724	0.53411868932878	0.642056733412181	0.367421286470344	0.570271116565307	0.658912783581107	0.606890192129773	0.396978440059721	0.369595031952359	0.517959686908773	0.686941805843476	0.401617277762039	0.482733781854753	0.557375285557222	0.519444549628881	0.604367236370387	0.503538343811641	0.594457512942497	0.736129750934943
"SRR36103338"	0.582991855317665	0.550082066106157	0.451505232830688	0.270863654689141	0.323653495294768	0.555761040722135	0.51081394852839	0.441193755496809	0.317085804484361	0.406641349380698	0.419211132931915	0.400921553891736	0.343250738210542	0.653794344427184	0.511887327683065	0.548799733583279	0.276611393730937	0.654685990807663	0.487348988240539	0.554371282059507	0.459023732190327	0.451055666699219	0.341309331378568	0.53797768056981	0.585382799853861	0.340357686721861	0.529680928007744	0.538711420213919	0.52136142871871	0.61078474190971	0.50740077793193	0.470780449316337	0.393997339796429	0.557973447971307	0.523248108067298	0.555269494685139	0.543742113857521	0.324346230752252	0.456514543101014	0.304894618739914	0.598594361751464	0.422762658723885	0.706762852007714	0.486355788881727	0.576504869788373	0.492233931726214	0.476443866271598	0.361698426598009	0.431051189812078	0.552766951679888	0.472756220466639	0.42990638390837	0.456061433138274	0.349624223132178	0.395442559642833	0.395129707749038	0.374705363995911	0.403081893240771	0.551524157130818	0.393490624916759	0.354862888130997	0.484082490175215	0.525097176313973	0.399553358822452	0.354575304559523	0.449134444043703	0.552599487626618	0.568237051896135	0.493408522359108	0.492975480331978	0.414218406118318	0.498527487866263	0.396934628380317	0.397072617799698	0.477311386555632	0.447582554472506	0.443082579682676	0.455390713887583	0.40527117694445	0.501149508663138
"SRR36103337"	0.998122906259135	0.994874288013011	0.979357604315493	0.98870802594933	0.9482955873615	0.998822811737815	0.996073796633693	0.993498877619427	0.993326938941321	0.992132917944211	0.98488805705003	0.991599230987601	0.983564807843998	0.997662815420989	0.997584623995301	0.99539068236731	0.991732041019138	0.99933768648423	0.991173197182318	0.995534962438036	0.995806616198129	0.981155679994242	0.944857861169468	0.998172188781489	0.993251193092216	0.978773526454736	0.997368067104507	0.997475359458825	0.987562900768936	0.99972783307557	0.996605680950715	0.995403279599862	0.993502029512296	0.989017390574151	0.985480055407617	0.996872568860169	0.997043640017511	0.972816305951555	0.996288028285876	0.940676865010298	0.998480344513754	0.979501063018954	0.997531111440087	0.996916882589749	0.998844170817438	0.982526359693858	0.97981238243563	0.982831379858507	0.996386910666063	0.991257247184806	0.99255901369894	0.995566742042705	0.997861537656716	0.98078073921718	0.993185338166976	0.982880743625684	0.95563398064745	0.967851558165181	0.993582841655794	0.994530705459571	0.932098330697041	0.991838910989569	0.998763744439373	0.993271028179139	0.992299278342767	0.997145455160108	0.997596441041506	0.999358556751524	0.989668706571263	0.993182093311066	0.99319731708169	0.998568586773901	0.983439093959723	0.988354335555593	0.994857013425585	0.99209639776372	0.990933012750752	0.988908746099388	0.982546730961871	0.928174401414529
"SRR36103344"	0.512317758140403	0.69894337118283	0.251506097595696	0.415807019915638	0.247012225552188	0.840098875692058	0.722963500569689	0.596333144919629	0.391127170739809	0.620637443713618	0.270995666118674	0.51239454631417	0.373711273816232	0.649535547957619	0.618263245077018	0.725986359522	0.444628627342225	0.775461022487184	0.632013869015929	0.513374725493372	0.649378485864666	0.0866884887383879	0.0576397769942453	0.796825366083562	0.453766085142597	0.32778449157934	0.803371360267079	0.693427080948564	0.296424576241421	0.962510702023621	0.44795465787244	0.536315644673649	0.687555231341697	0.336817739640577	0.304209540303769	0.264455149535107	0.623916813966469	0.169954711502354	0.680506707618802	0.174743870890517	0.814828640953293	0.28755875499822	0.644238115194174	0.752027552135008	0.836100901488634	0.233316965400974	0.137714784900918	0.222627500430246	0.661134356289177	0.608149780959745	0.636658056255676	0.660788422459497	0.839063527690739	0.304040910391341	0.359555905716437	0.284178661312653	0.200998711986883	0.139789934034432	0.527883806954249	0.451289915955713	0.253763325248006	0.463016906293963	0.625538212614078	0.45699822281971	0.458610952324491	0.721863401303255	0.690642399655157	0.854884730570477	0.320300117821222	0.226115459378841	0.596939646706629	0.85644290355579	0.212491132916401	0.334426774915635	0.61854764407767	0.67765229742245	0.424801498521148	0.54578007499261	0.339018505404274	0.122899494072484
"SRR36103343"	0.933215246629779	0.847356504579848	0.801301198440808	0.870198678487717	0.704108037888234	0.894865774598707	0.864293458009913	0.854500694209465	0.876135518612275	0.854876924360797	0.823206545883066	0.821824057192159	0.782645311873023	0.905035821614178	0.861462155555608	0.873098225151866	0.816973316977359	0.923417659715494	0.874314205658646	0.833752147464212	0.865117156981876	0.923254903492865	0.944103740774133	0.894476953526407	0.90995691340722	0.784504685400998	0.908089033885058	0.88019555094651	0.774436522303268	0.92636855536852	0.899328459876172	0.855460102083349	0.851393553174161	0.807819306272342	0.845176015075715	0.866114588608557	0.86238371587583	0.797014320085827	0.850836395705076	0.794209009715037	0.903996895591919	0.817992663963261	0.933734519905225	0.894189207215372	0.904549280520238	0.908944221705174	0.783953934984099	0.896191678607501	0.857212945358507	0.86482202323242	0.853900624848416	0.876238448732044	0.864541173425036	0.82635157082188	0.87126981537551	0.847300094476088	0.85658352475443	0.80143637511653	0.855076760675654	0.846694052978034	0.664450610757822	0.815663728345624	0.883148779987978	0.856934312152639	0.868654162359646	0.873404849793652	0.90033132418049	0.896861423964287	0.891339980441591	0.89267047016008	0.838944290476718	0.891348884805308	0.795192284968546	0.791689776260929	0.862789847507706	0.837791588020663	0.826007603411844	0.823136675391287	0.790658296907215	0.824183030870422
"SRR36103444"	0.666256060343102	0.538230861252285	0.61405532545038	0.663700470735067	0.472807864421516	0.616596505798207	0.565478124458281	0.549108168734338	0.536713499201124	0.634799973186864	0.604096564418243	0.492663177048834	0.546320288903823	0.623085934875408	0.500563971933879	0.649012189850316	0.460029774308619	0.593350766166149	0.740547772072112	0.486496918327804	0.628246045664465	0.717442616012801	0.825377269723142	0.626009149805404	0.718959062486049	0.577032219415405	0.690102632641542	0.605163946154147	0.429294476254462	0.640469830895929	0.587455814052509	0.516436920300564	0.550057372760891	0.477181566873834	0.677505054674779	0.461802942881673	0.531679848383087	0.488719335467783	0.659964762868458	0.668909793987099	0.648801310941579	0.640757555122629	0.720417273133627	0.689815017795446	0.582402490188787	0.671069925856435	0.522494874699853	0.718272217572985	0.534582422500394	0.655236250075251	0.582372687515181	0.611302647306628	0.649595835649224	0.650362542555191	0.535481220704487	0.659608790657811	0.668195572016688	0.626871158271348	0.559732849256688	0.486217327456224	0.417351903310576	0.505096059432263	0.501998055728252	0.568621666318628	0.61550077309992	0.625078029728779	0.603142464446284	0.536495172016306	0.658528056751785	0.571470549297241	0.523012724037624	0.640351320818054	0.508763188116561	0.510201500737837	0.591439006390219	0.552565330858078	0.511803437689498	0.608652762417761	0.465034938323098	0.638910846244149
"SRR36103389"	0.207399752993483	0.231478170977975	0.176990351926437	0.109464885472245	0.160170480000301	0.193423327223432	0.16000758148271	0.179151629065055	0.115594652534483	0.173784701302013	0.180071115541731	0.144958222448794	0.135168009108563	0.23331844166986	0.166375364674716	0.261491815993953	0.0887294996246286	0.210139631032816	0.253581876866741	0.195352421146848	0.179216275027626	0.142815707781001	0.261096776324106	0.183559257039043	0.282512303215321	0.142866503486365	0.241062242432307	0.210598651586074	0.193411615893358	0.17449821281218	0.185663358472583	0.140161093307809	0.170951971239165	0.239588750263215	0.266382628729439	0.17274226601057	0.153541916100304	0.137500358143533	0.165438773227895	0.177239890286193	0.211371185796581	0.2067735836538	0.370409191077845	0.177255597445174	0.192692719600239	0.206537102411745	0.19325004968493	0.147748857671555	0.148996704611445	0.247586972671875	0.218259399383412	0.170263637022713	0.156883291980005	0.163919064615267	0.143311980354237	0.181234627759244	0.210099159466728	0.193241536939828	0.248872576436655	0.133086522679973	0.174713166056229	0.19275883449302	0.141829570409501	0.160812899223307	0.12901975693014	0.12852005799419	0.238082531300463	0.139333075509079	0.187191478436526	0.17777596031351	0.153883801339357	0.177238835864163	0.152756660255677	0.144295369037302	0.177347774964806	0.189877474041115	0.176570861291213	0.184701436398029	0.171926310066447	0.318794411182309
"SRR36103390"	0.86592369891946	0.762880458807426	0.691049024383278	0.76970633223873	0.586013974283675	0.817807517460936	0.784627214998267	0.762211301665488	0.769675512103771	0.760763186791326	0.708140637767223	0.717934037383783	0.665545267557399	0.835710690315461	0.76113677163669	0.795133784179052	0.695464318285758	0.853625065818409	0.79650689003743	0.732042888708958	0.772977771574403	0.844689173267635	0.869344669430288	0.819781267846811	0.840989574642757	0.668480234427803	0.841377637870818	0.793107012168273	0.659574387706684	0.870235476044648	0.808844301337389	0.758282335288706	0.759763031676706	0.700302655038086	0.744448421767949	0.748036781926339	0.773423465114141	0.668158783041062	0.754661013492455	0.677476298774347	0.835447559963202	0.707929874149597	0.878980890826834	0.81962663869459	0.832392877016906	0.834678107543189	0.652988324637944	0.806271111797743	0.760269221633534	0.789288431950347	0.766956012653634	0.788716189416738	0.779527208632046	0.713606985973163	0.767036693752832	0.741821832344177	0.76153569990515	0.676904920854206	0.763242693527796	0.734979975851017	0.558765610332315	0.708748300075586	0.784173720096596	0.750714045457817	0.770816036340898	0.787742764055208	0.820610716387916	0.818533763273031	0.807147382248137	0.794738780259309	0.742841768722901	0.813743888285012	0.66782344708823	0.669926479278331	0.774258175554495	0.751830591326568	0.71788183100078	0.730219297718951	0.677379413434575	0.727398437790739
"SRR36103407"	0.869026358357762	0.72467969034925	0.693190194592553	0.817059251732672	0.602538262171536	0.781882413126696	0.759527054606621	0.761064983752482	0.797438002301	0.762148628633373	0.716379668271808	0.722219805203402	0.677948380965256	0.808604861722558	0.727921560602573	0.771968701301454	0.719340180333251	0.810181561403794	0.798287193447645	0.699201474738347	0.759765678136671	0.881936925921996	0.922826453082688	0.796070552041679	0.854086479114774	0.689850284968588	0.831127471747171	0.76264333877499	0.636351727661662	0.824007912011333	0.799604714260134	0.739315998005934	0.756194510671723	0.672001414646375	0.738952696835189	0.716101490401379	0.746286601342441	0.704296128371668	0.732301071675142	0.728962410760393	0.803030732392754	0.716934401355619	0.870688354499782	0.807935000546046	0.791759590636302	0.856585317171663	0.647568670513573	0.844600531255657	0.747443708756773	0.776930533399218	0.758432343045946	0.788439679752638	0.752113573251267	0.737357148184836	0.784861307076121	0.76611705304623	0.805593398801826	0.699611370900571	0.740522937556865	0.734277930141667	0.573171418487851	0.684991481762835	0.751943725973458	0.750332208374394	0.796343760645178	0.773276735753587	0.796459120648962	0.774732988904104	0.81579186189821	0.806060085051271	0.745385251053669	0.785057639313648	0.675724319715025	0.665872204780738	0.763478051074275	0.749282563831691	0.710265384140154	0.721474449643385	0.680930727006797	0.767832627514739
"SRR36103459"	0.107261005228845	0.110551210167933	0.0927214301888837	0.0804154679335167	0.0954327569705686	0.0976601771444185	0.0890238032833488	0.10791224065617	0.0614459177878038	0.102332763197156	0.0869885418689434	0.102577360343734	0.0856567957018404	0.11051387005717	0.0799787776105547	0.130184460329538	0.0614725175153503	0.0716640079052343	0.139932831778818	0.111591193659658	0.0920531669711572	0.0581575323893637	0.0952925216229553	0.0998853037510995	0.18474994039463	0.0919720333283678	0.125098118003317	0.0922512040657532	0.118500250309021	0.0901653105525735	0.0675983377738902	0.0686993414877331	0.0930435739896965	0.11891295930545	0.113165632677321	0.0590605548017532	0.0932080288961126	0.0751451113468456	0.0883686906524106	0.0965032148427136	0.100671642669619	0.0974985042990516	0.194179394774368	0.0898891787811833	0.0766595319134697	0.0819725899041288	0.0862285013016128	0.0683605856150602	0.0847565762313581	0.135106178276001	0.119559354584655	0.0962803726219312	0.0945232672944358	0.0819271897825646	0.0779054343706785	0.0977385332223976	0.105718682399748	0.0879077891635793	0.117738502046419	0.0694004564346501	0.131448267164548	0.0965582040197724	0.0695463700429887	0.0697540144193064	0.0849842281201056	0.075808568856767	0.091069362395336	0.0796394493910298	0.0773377773027468	0.0754357898848394	0.109280940848215	0.0917673907755006	0.0774004610694613	0.0790500719787453	0.0983054394050606	0.13717444287858	0.0914894966956875	0.108397654069668	0.0980507512613485	0.194343119048881
"SRR36103458"	0.624483487549876	0.658178895089367	0.494709629591119	0.388614021847851	0.633786947019266	0.62715329985001	0.563412172038923	0.53080505808715	0.501988786879916	0.594661764577128	0.530850229535641	0.515401486976603	0.524522966298922	0.660982158615499	0.621048175713251	0.5919323128183	0.505618851357713	0.685481597770507	0.598147146900848	0.553805673287455	0.615852072263269	0.265714788830557	0.37247715751217	0.571932441012315	0.693917185434725	0.48739015218518	0.57030692928339	0.622509359749758	0.531333975771183	0.682801753450449	0.576496857788281	0.550438056463548	0.650563828316412	0.594367886967784	0.55297828922377	0.628313605479437	0.554108937077952	0.524405345851837	0.620884844166248	0.454042598288211	0.634154860428463	0.552764317071155	0.798210115564978	0.59097052801865	0.67179989060091	0.460991595088068	0.52356768795177	0.385209080974335	0.575723174392638	0.547643067174485	0.568237230522477	0.534145430045764	0.582096417835546	0.553753766438844	0.489992429545908	0.623434559058594	0.440301582721132	0.595305030687479	0.651500272484266	0.548567377241981	0.55685558729667	0.638067338795143	0.600925311675285	0.621786433206154	0.3986903455052	0.540019833503805	0.669395778316702	0.616771324387145	0.462605083278649	0.493967486079252	0.522717086905302	0.64382680526857	0.487563843207893	0.527893662198094	0.564447268127143	0.521327308215454	0.618586862370073	0.51703237649323	0.602268558475338	0.75759898570092
"SRR36103456"	0.472219816069152	0.546482586578017	0.376138440787771	0.349166680019232	0.572807018634744	0.496477804981323	0.538012640563083	0.42913585937877	0.400166455643583	0.506641869901346	0.366634001324119	0.448724771272279	0.449503569392696	0.553015697500818	0.469861780331326	0.436412247686452	0.474306443741117	0.503521633842654	0.481100340235988	0.394941967849732	0.501250648534703	0.186714247340218	0.150795196103573	0.476599544848535	0.589380807199096	0.405731545482864	0.435426619766124	0.4508492196871	0.375723561842326	0.626592201365067	0.380384184419044	0.472002521637359	0.58823496268296	0.399966394501351	0.33199134011502	0.376765627749045	0.487729953942886	0.40654528097032	0.51898913800892	0.337081474868886	0.529951622760096	0.388368705039905	0.665219037253073	0.524403424826456	0.559504374537636	0.360099853697766	0.307225379835984	0.293451457228196	0.481205989313436	0.450270752674296	0.448173663826882	0.430774475936812	0.512623348785767	0.431679131846258	0.359548998406031	0.512392107767509	0.328367758527075	0.421391676133778	0.483429229574244	0.426233125470303	0.510492143960619	0.500596995730591	0.441820746926898	0.482413364896455	0.324612589549836	0.512267273267841	0.480207805740991	0.545764713902545	0.343353627988831	0.306891647366082	0.461300961719567	0.549079787920797	0.327901412020807	0.399770316257017	0.474164702730357	0.460344575376371	0.492691227397898	0.438666332417383	0.498270428051041	0.662218757040071
"SRR36103397"	0.311936252534633	0.26243010718308	0.211153224388729	0.17986964795808	0.182584070595528	0.296188488302846	0.235282647070406	0.258630151171614	0.156137087925833	0.230499908907484	0.200347729099081	0.263970469362549	0.202505669903415	0.307770794398684	0.253679151101901	0.289421505057547	0.169790700155146	0.248840032715748	0.27250676502559	0.326791169808689	0.235364793390828	0.121218933998165	0.119933706346925	0.282612829497775	0.394265988632906	0.204704173342457	0.286092962863116	0.252570577179846	0.32041684309359	0.318659171291095	0.184493627561543	0.195759213583963	0.207388022899451	0.295601680363838	0.236227188823734	0.207172635754188	0.29176324944282	0.166721569659152	0.240979821222441	0.158571641899843	0.283458179287795	0.198786095312981	0.432208503127136	0.222867957737794	0.227939762396554	0.149167468526483	0.218496396666169	0.132526324720072	0.236643313894862	0.281846700900792	0.260151788508232	0.236757188517024	0.265969354626309	0.167791575982281	0.204959421671935	0.20623207659082	0.165930875539591	0.181593945897505	0.279165805787455	0.196041364407873	0.250646310864834	0.24569614262946	0.264379083084796	0.170308511400689	0.209905216934694	0.220139164793521	0.232458315078659	0.306368394075552	0.168148275445662	0.200931826038136	0.275311444098354	0.261784328783671	0.194914647270026	0.208424241907353	0.247292042276671	0.308240613961808	0.227479061548898	0.242427743579378	0.223707254529513	0.308782906458171
"SRR36103398"	0.96635412385648	0.952795248091221	0.825845449922096	0.841693810091803	0.6822685846455	0.986661039929468	0.968515264401655	0.935258557352011	0.865867788379473	0.921319607992518	0.813649034126466	0.937691438041057	0.862851016073322	0.97576900078553	0.971820880033059	0.948793465377687	0.909391825074008	0.987348572661903	0.898096129025646	0.967860912373584	0.947391411242228	0.607677363038114	0.161986330243504	0.980903108031434	0.929564994087239	0.825084729471283	0.962546891676031	0.964211924312407	0.930305130518281	0.997266065477384	0.918983674657087	0.949251572634091	0.920648041314929	0.910972526606901	0.807632117110499	0.939743961609751	0.979426892368505	0.701157124234899	0.960518458662928	0.485508752682807	0.982831281072136	0.759547460366608	0.966434822727088	0.959432163359299	0.982611242142191	0.682548619399	0.79382483001304	0.665548378709387	0.960442830886041	0.92556414097033	0.922806316410192	0.943211077478301	0.980710958032242	0.743896048145018	0.89441259574422	0.782014503916806	0.513138666254419	0.640449248576762	0.928735665949424	0.925536402814497	0.744421271993201	0.922786934624257	0.984382604256279	0.878634483022625	0.903958534316493	0.972307322802339	0.951740252091977	0.994686318334755	0.825335063506302	0.864907463340089	0.947866659529724	0.982517817660262	0.821197790008722	0.88988323180073	0.947688961476535	0.947893460529041	0.903040549016697	0.913919780554085	0.85098119827245	0.547037260973517
"SRR36103399"	0.962417554474182	0.962725955989345	0.86342950323853	0.874591444095705	0.734523222054281	0.990626367969126	0.974122619969633	0.951572609090857	0.898093126738566	0.93702863939704	0.85890811129165	0.955656103436049	0.89631744336504	0.972125030873192	0.981168391853744	0.960140723401724	0.933849022803898	0.991034552859241	0.897412888419398	0.979309537355443	0.960747427003351	0.636985089737072	0.174317088439537	0.985809129059634	0.888708208044845	0.864988423897425	0.970533619278309	0.974116940602625	0.955110022591691	0.997983076461456	0.939525093682941	0.960898353651062	0.935563728837814	0.938815204656052	0.850670915456981	0.962332696514727	0.985601475568343	0.765277295458619	0.971257767892322	0.535846076899702	0.986871354723004	0.806554927103038	0.942140492151978	0.966629242424855	0.986380781788919	0.697373385971064	0.855387965066687	0.697452148789721	0.971523919090298	0.938171667099284	0.939355347863968	0.956854982805455	0.985740907738486	0.789498017475829	0.924133518750613	0.776014170324502	0.545288006975703	0.669343408856106	0.947784265380056	0.947171078148221	0.795569535422686	0.944438065870396	0.99037223436639	0.906352713566009	0.927494973138991	0.978504129831943	0.96358256319549	0.996467119587952	0.847791225458674	0.902253071540764	0.962265887559535	0.987023180115193	0.8706690585998	0.921601340028089	0.960057751055029	0.960535358215377	0.92913117430238	0.931026468942341	0.887699499947482	0.389363819286876
"SRR36103462"	0.381882062200696	0.315459409323946	0.21815585158106	0.378408988779597	0.226550928713086	0.397859153930219	0.318584595369214	0.365486751418722	0.290457087138499	0.33961220486161	0.236544452752145	0.346848699361274	0.275113252179695	0.320603329140734	0.289052452727575	0.382432501551003	0.293307047175103	0.284280220707	0.405965015867687	0.302178093209631	0.337736108682718	0.170641011214408	0.220705295917536	0.392378410978266	0.456328345780019	0.279601175035617	0.451699322314883	0.320729891013408	0.252151677364865	0.485866419373798	0.240662441128913	0.246822134054479	0.359657274960525	0.246738135557225	0.249033433079539	0.165921875692857	0.313271947101035	0.217998092740053	0.331209119472012	0.249929549774195	0.370007402426879	0.245780908005392	0.466725506794159	0.363481721112112	0.322832774099537	0.223210038591092	0.170885737491909	0.24503686047661	0.341380790072433	0.350105091409887	0.36665032249158	0.377630262259822	0.410865257027781	0.257203117024229	0.292090429044501	0.286051956691139	0.271061012936462	0.195494496546118	0.305450081608788	0.269739865688609	0.266370598578027	0.26455978065035	0.29122761288602	0.258175314802111	0.349894054820292	0.335065448011921	0.319256429037207	0.37659356515663	0.227057415750369	0.22633895027882	0.382694076592836	0.410052819034683	0.207173718622293	0.236335470529393	0.33507288950124	0.427574296816973	0.272257191936634	0.31403305066806	0.264026027056518	0.306509644892594
"SRR36103461"	0.625696859032565	0.554762061531649	0.466101608624818	0.283569597367112	0.370290907735132	0.580483548468831	0.424656565114257	0.471886660491538	0.355670420032084	0.42881844946056	0.492929438773266	0.427663281761658	0.379087198240502	0.621948288650805	0.564405670392052	0.5870472911135	0.293017005446693	0.659927569066474	0.522193087741375	0.61253580979844	0.495297066267568	0.351113065328108	0.450502774244556	0.523225807254076	0.641257952038068	0.378964876828727	0.552810730468185	0.58842900591455	0.594849404767252	0.557172244143001	0.552175852891364	0.43316417571762	0.41190404559996	0.638891824046242	0.611123144742349	0.652462343358405	0.508093930842614	0.388826952108559	0.487756420860958	0.360391083599012	0.570746060870149	0.494612438831407	0.761775219966919	0.447272102218451	0.548753811856028	0.414909668803391	0.584631259395821	0.335393508657375	0.458274552654035	0.527190129091722	0.506902875665198	0.455462892641162	0.458622117682549	0.403679873160029	0.448079204901525	0.456747608724182	0.38793767187142	0.497205609693276	0.61467815239126	0.44166933160079	0.394797657101583	0.542408186009886	0.579741562889732	0.455149871466543	0.367466766910064	0.390029389377136	0.60991935443766	0.538873101871337	0.447312804207747	0.546078109309663	0.433602486497575	0.510820554507722	0.474079913062534	0.455026819562648	0.476985848138675	0.459750167667713	0.500105098810123	0.44569328429815	0.459927072059677	0.593744867992026
"SRR36103460"	0.856061302726831	0.742053224213925	0.682823116356043	0.725642207904707	0.582101939396151	0.792976961701417	0.731208547673307	0.738296499041253	0.742102031229185	0.71382290880337	0.712077726463351	0.69129322241464	0.645154891058548	0.814439261971421	0.750222745076552	0.780514997151872	0.652635657437516	0.837720105395909	0.777991427777868	0.732516362272688	0.75118027295534	0.812296754852803	0.848029911404366	0.785750788056691	0.836672402127274	0.650699595026465	0.816904059864965	0.781322963273807	0.676693561079374	0.824668151268058	0.800371817595173	0.721246299700822	0.725191201641373	0.72058022298578	0.760288267572776	0.769663981690824	0.739315955986618	0.66715017059391	0.730057195241615	0.67221097097894	0.804562204271439	0.712112586333851	0.879582824356823	0.77792169847341	0.799509227716511	0.804623280631249	0.688813341736646	0.773614949118116	0.731600042377841	0.762681554028882	0.747228453437485	0.759729788831657	0.737806443055427	0.702542726153977	0.752243508330149	0.73560091549009	0.744340539003577	0.69743189408104	0.764358781664541	0.717433310475182	0.556255913071209	0.707134524689259	0.772198181722303	0.737246308550746	0.735848035705273	0.73388104699836	0.811830157603869	0.778678462962307	0.780072686618844	0.794083238888859	0.711521790760572	0.779667742575959	0.676453920532716	0.665372654716986	0.745049833717227	0.719446941743846	0.711518858741788	0.699992842510752	0.67252142450705	0.752118580317587
"SRR36103400"	0.486032217444078	0.408925582290011	0.353142558611604	0.254279265768388	0.242766360602501	0.446311744390549	0.459522548896778	0.367034261537054	0.233542528496729	0.325529904535219	0.285345373711309	0.383267649758262	0.290877202778131	0.552140330685149	0.395510344251492	0.396736977093717	0.26107103284779	0.463102249837274	0.358295624089653	0.482091714300877	0.343865165065085	0.333576681512289	0.138304461320301	0.459123568412972	0.519882324351701	0.287364508478814	0.396001453244122	0.375397412895207	0.463676406276862	0.542357909421216	0.311725770409822	0.383730097412923	0.290378062320302	0.420457906423527	0.321538506385773	0.354290440239798	0.5251758995314	0.236156655656299	0.359210006838937	0.198619853266861	0.485009298282121	0.270223102149342	0.569702304457857	0.383596837211859	0.41543064551595	0.326925139952671	0.321130465026889	0.246501271375954	0.35618600562633	0.449647682183329	0.356762379646218	0.341030652008876	0.396419652554512	0.229785869494347	0.308249115102454	0.282798734710568	0.243301272134367	0.249340686307428	0.392566738904337	0.301133713350252	0.329113185982458	0.359595073788277	0.433270373246724	0.249665697435894	0.319463451914103	0.41446994535409	0.339632254203963	0.541502386845542	0.342472346052772	0.341541894968361	0.395283548229889	0.392464331281182	0.287656473989864	0.311175569130227	0.393878203042389	0.422076005315793	0.330361352877398	0.381589166450813	0.315459921254894	0.37625151585834
"SRR36103401"	0.974707757000003	0.976751797994814	0.874332143261526	0.902474789376156	0.881146948169174	0.991696270421257	0.984100058350145	0.957436713028339	0.936632515586929	0.963106005614145	0.877140254880633	0.959870528523585	0.929671949297706	0.98455537473656	0.98342976380675	0.963867601778976	0.963496372583878	0.99281393227971	0.940330338213417	0.968947473714979	0.974500042966022	0.593615925279726	0.180331547273573	0.987395113039026	0.953531119250282	0.89617090101021	0.973992892158723	0.978393580030396	0.930072885534454	0.99867698959595	0.951577393323234	0.97403291918782	0.973916841053231	0.924733839411778	0.840968264813361	0.958986988801723	0.985174847121013	0.837945037823779	0.981378895880662	0.646631482583997	0.989978455379331	0.850688996845534	0.980620445569285	0.981307020081578	0.992547099268036	0.786718174276712	0.82126854833461	0.767875768800895	0.97942670153715	0.945634605910456	0.952323063859296	0.966130810625939	0.989923364880243	0.875769388718966	0.92855406920089	0.900507169277815	0.639490185629792	0.792546660024562	0.956438008887699	0.960844627513549	0.858745606037397	0.959767155800416	0.989324710421937	0.95203852729343	0.926065517949067	0.9863754679526	0.975566825108168	0.996708288041589	0.877130979546564	0.886346484758879	0.966598517078826	0.991953312044318	0.869370601669706	0.932803263950601	0.969623893716565	0.96306862267896	0.951792826724923	0.944957632929117	0.92659253055852	0.766346137021467
"SRR36103402"	0.883948996209582	0.734634409221499	0.716929166872365	0.907122923902292	0.821090611901067	0.779322885907637	0.818961926226795	0.804659892836155	0.882920881633846	0.838657748098743	0.736706401080402	0.833004326404263	0.817908627323177	0.80301959059717	0.760417486257831	0.707361986185482	0.895614930477569	0.737783636034375	0.808938342938122	0.685427500295971	0.814528838257127	0.812266124362658	0.819841284198911	0.803435040721648	0.907606721725241	0.806497299883879	0.792210320451684	0.727621547821005	0.654535802381217	0.848544052256909	0.75155416722878	0.796694071970086	0.86653391911031	0.627493825111995	0.623145431956087	0.666290491836771	0.805149873274991	0.828365400200572	0.808368844001312	0.788585625848229	0.790619111112263	0.726838309922091	0.882913330598629	0.845400418622325	0.784412507996278	0.81908438458972	0.60372853625201	0.847468002737558	0.825593238246902	0.747134557741083	0.768011798115914	0.825233753476882	0.818936187070138	0.819879383499759	0.831870392758337	0.869034381681968	0.805154687206229	0.766784012400099	0.728525181544164	0.815537890627439	0.776919164100498	0.748000774127513	0.784987674642159	0.819148535099947	0.847538478965426	0.856749771800713	0.749746512935933	0.832085489604377	0.765904731109054	0.76609166093084	0.842352996936359	0.829191841739224	0.709494468492939	0.748946569154733	0.808087115713493	0.814633068953197	0.794253480622972	0.760105536596463	0.8027245758956	0.894652465808888
"SRR36103350"	0.121607812623513	0.135600177312132	0.0966140433410439	0.0937146274953146	0.102155859659728	0.130964771912161	0.110144823371876	0.128992259102133	0.0727041516249201	0.122672142137141	0.094121422428988	0.119015260923121	0.0970055238302295	0.128636865660695	0.0985295197395224	0.160560828050519	0.0739151597422791	0.0937024982896283	0.165829799582095	0.126798119402258	0.114378783785755	0.0535748092704745	0.0848761773655637	0.128886918961099	0.196272379440515	0.101674403255472	0.161022648117026	0.116204271232117	0.123401575251119	0.137991577958014	0.079463085137484	0.0816314243576393	0.11842143733934	0.126750281925527	0.121205098762291	0.0645575783917063	0.10978876274709	0.0782715436396742	0.111392198156118	0.099926154666935	0.130094116791496	0.105725842674081	0.217927856644122	0.115067613064851	0.104075761711172	0.083848211708116	0.0855033658557142	0.0724402054576431	0.106398783970314	0.155093622874515	0.144062072603027	0.11977107537387	0.128001755274321	0.0914064286189931	0.0880391426196404	0.10554390033878	0.108348113401674	0.0883491146894149	0.135628655126625	0.0822656956122023	0.135900478713502	0.110869431517992	0.0864491632010625	0.0836337227536016	0.0987943787347784	0.096341557955665	0.115348739034013	0.107591822734336	0.0833623414894628	0.0790755429003148	0.129966000649479	0.12628089521056	0.0818367579268018	0.0882810319299062	0.118167643996103	0.164316940805872	0.104495311350218	0.125658082631459	0.107867092950268	0.179947245218269
"SRR36103349"	0.963955749807664	0.915285791370545	0.892490848718342	0.931820677773166	0.909598861559299	0.927841871837113	0.929826863604317	0.909350108211053	0.947996955353239	0.925165181419889	0.906039611122644	0.906902741850223	0.905263338327578	0.948586005128176	0.926753289700789	0.897431336482307	0.936348658058748	0.953495074757439	0.919274031192025	0.884450275738657	0.931157580395094	0.946328362273438	0.947187452099918	0.927565932828166	0.95903990000578	0.895475572898931	0.921853702953904	0.922005638945853	0.858624697726389	0.95177062916916	0.942418062140495	0.932551448593684	0.940417254784259	0.878960733959437	0.887477676308052	0.936286212358251	0.925007376398911	0.924390459872849	0.926679056195662	0.894722505389685	0.938370331009453	0.90209360623503	0.968180285431406	0.94294292610694	0.947628062397592	0.949618880964591	0.877392461437569	0.941729365785352	0.926625675774221	0.902713630996506	0.903492213757631	0.92302951139742	0.917740736186767	0.926223861123501	0.93137736585282	0.945881972961625	0.915778440511012	0.922930971388185	0.916852477107878	0.92951414147118	0.857092220888594	0.914152959531655	0.937227395456399	0.942241085070429	0.915078467632384	0.938103916974162	0.939626308725537	0.942264972248426	0.93310053660722	0.936326023885269	0.910654440272105	0.937751592212114	0.891070309170014	0.898359955435512	0.923305937178925	0.891241348203945	0.924226686579945	0.892225599458373	0.914941754753821	0.95395254759434
"SRR36103447"	0.0280135811331379	0.0581312280436774	0.0287244135754139	0.0400402439718067	0.0442942875986549	0.046595144382046	0.0410308837178542	0.0506013297624312	0.0267246801125028	0.0568174898936737	0.0307838342188891	0.0377900927008946	0.0345240815535944	0.0346816246821583	0.0263270537308471	0.0771932847063996	0.0246563392532245	0.0256063534426661	0.0899312205304441	0.028600653544372	0.0455870897460436	0.0138459803281002	0.0484368962790957	0.046709969583592	0.0598561740869218	0.0372769003952542	0.0836136787903387	0.0424491135211194	0.024854615200265	0.0542587246540767	0.0251349171550324	0.0246176230039051	0.0643103297407674	0.03245261495258	0.0443425891969773	0.0109151945983668	0.0254307970733277	0.0249664014114334	0.0413688507876707	0.0509049830291217	0.0477205639599105	0.0425303946538757	0.0704912097787443	0.0529019552297053	0.041636652735972	0.035218548264232	0.0184257580119336	0.030548499354358	0.037647786697932	0.0677509658746214	0.0681560537297709	0.0510938861513793	0.05446521312713	0.040106184441112	0.0260971024936753	0.0392103770327404	0.0575957123901052	0.0283528684593784	0.0480109381123955	0.0249885764051276	0.0518661347584672	0.0352910198009405	0.0173283068124007	0.0337299928685398	0.0350662596132385	0.0334400061414773	0.0487736159172758	0.0256720336332223	0.0301869786790158	0.0186543130628584	0.0456100884287246	0.0551073221302765	0.0217667455995478	0.0251560138820278	0.0437016547067197	0.0703910532995022	0.0344938415949603	0.0512236835789944	0.0370085225631809	0.0655151474008589
"SRR36103446"	0.746547809856109	0.78966060649582	0.671477286566542	0.444745501481574	0.775893695050131	0.707287476238246	0.709480607512712	0.615319410313503	0.634852455960465	0.688372311157827	0.688713790769554	0.579184784600624	0.632393934441507	0.812194032184909	0.73540596411218	0.697969710536285	0.592857671875137	0.838702873451534	0.706060015453544	0.643286991398464	0.727212571400739	0.555430015931977	0.609482943795932	0.666392051151279	0.784441132448507	0.592946689997318	0.656721940886528	0.745717389539842	0.633269742972863	0.746412699746115	0.765696626539119	0.720638701144942	0.758964533471021	0.732319236593704	0.725788908815942	0.813493434985725	0.668444276621965	0.685358918515525	0.722229946698319	0.616121927733376	0.758921360669961	0.717045026852496	0.885320962149389	0.725577890659221	0.813643749647826	0.743086493590101	0.70561277833641	0.604233927221063	0.666684010618303	0.688295713471528	0.671056460068055	0.623595544724896	0.637982337534715	0.712395929528507	0.613044784529379	0.767492400318523	0.639084464949257	0.781241105675078	0.780915980961492	0.6739650756997	0.657826125324853	0.767880814162363	0.705032060818042	0.776492703965862	0.469592959765899	0.658826876348571	0.808698512543474	0.694008052388319	0.702405029499871	0.690084884998178	0.577385533905613	0.724855265147152	0.639969700966325	0.656306497267566	0.683179102109042	0.562520820254979	0.749609538977842	0.638805646068429	0.732127690540472	0.882953651155096
"SRR36103463"	0.941214907147782	0.948426350239049	0.771494552597368	0.758007856279032	0.646840342671012	0.980294588642793	0.94849023129455	0.9069679129662	0.829229867096127	0.901353492251546	0.791562126810995	0.879124719031872	0.797882498225611	0.962106857314087	0.956049436764369	0.948630277635291	0.834165236018889	0.985255796000036	0.899321198027532	0.936951442535533	0.934741394721172	0.557260238211417	0.321421894226895	0.969683527065186	0.884215062850326	0.75394047194449	0.960437156824146	0.960218773810755	0.860412334891078	0.99516698746448	0.921339639623481	0.922465433977678	0.914751044436374	0.880425194212795	0.83204310904285	0.921562623322148	0.950891585476576	0.640881570757529	0.944617886683172	0.517507175594895	0.976494715652975	0.771257612322355	0.958019313083082	0.950428930696026	0.98090473533305	0.720684373669539	0.747474637926856	0.668212235325352	0.938316910232805	0.910905578337016	0.913600386142527	0.925103460527572	0.968984677720762	0.74638455305967	0.846791892973498	0.75448327485562	0.567893113153206	0.64378850293685	0.921593922700374	0.891448533166848	0.635957876300034	0.900408468834728	0.968181923707601	0.881324216723829	0.842409949086865	0.949001211676015	0.959533152692608	0.986514220499331	0.823739257551631	0.831850408757794	0.901618650636046	0.976640939483894	0.765270112874582	0.837444879887722	0.924834789071656	0.91195099422406	0.874903963722926	0.88279482861177	0.80452422608762	0.524214289598313
"SRR36103346"	0.0512858425457951	0.130946086610077	0.0577123346261871	0.0772353629080527	0.160094397787562	0.0821574843946828	0.100766089346466	0.0883823330659695	0.0692972231205726	0.129946467694966	0.0620719081981502	0.0722211486923526	0.0840403485453908	0.075395297013275	0.0554679776163319	0.116599895742065	0.0740641345884473	0.0570618041061348	0.16051327672006	0.0402336783511346	0.103554774551405	0.0232706953989357	0.0651763132620365	0.0820375451350803	0.116366086954038	0.0800021366760162	0.122766371352585	0.079479390792796	0.036026446310569	0.114481990756036	0.0540809868458553	0.0643426724018767	0.187130554258855	0.0523605450640443	0.0681838937921025	0.0242378595157084	0.0500352739503866	0.0683142723049683	0.0972075793579387	0.108096388734022	0.095498500051993	0.088441340539537	0.145505459310067	0.125471634061505	0.106765313608616	0.0834797018370478	0.0318430001058521	0.0652089218492387	0.0822285111598721	0.112612727094246	0.119536033244908	0.0939690777044163	0.107191375414967	0.105741734538504	0.0500765286408653	0.113419906332188	0.112090080657718	0.0763715711759856	0.0939170281538184	0.0591164053488124	0.125718893072216	0.083778129783248	0.0337466430281788	0.0992172116059856	0.0561351643558302	0.0826552508171459	0.103611570967605	0.0528234253998527	0.0623211323748928	0.0327376190987986	0.0838935644836182	0.119727701489259	0.0417899910261236	0.0543899799900245	0.0898116160188865	0.11056176432999	0.0858592628780235	0.0969424065431006	0.0960035523821264	0.205304060352251
"SRR36103297"	0.350781774358914	0.349793507128378	0.290391180038603	0.173980366912952	0.265715766383243	0.421869446402508	0.401614587258744	0.347672718143608	0.220815864732931	0.346075020328463	0.35200491065466	0.246725433621685	0.281303178768945	0.600697063066779	0.446017150354285	0.441652112893614	0.233382274126427	0.368783070079593	0.388939829753449	0.342716254118355	0.36633127713441	0.165656163931166	0.290746810441448	0.348909209351685	0.414557489350363	0.266837887182082	0.37264768857439	0.478746206810104	0.323004368909551	0.383699905418579	0.360531481389436	0.400584110417948	0.36498906380721	0.371115697642837	0.372691421229915	0.322381793243613	0.269712603448467	0.285437872538973	0.329010918950659	0.305774846976153	0.399710137797949	0.400299139870899	0.638219570499173	0.336859306060274	0.484767486705404	0.263764347824031	0.362134288109663	0.189900991573247	0.366339519996402	0.348988288314956	0.414828876118032	0.352811353775507	0.324841735852367	0.317730540244614	0.239125474919081	0.342459506327233	0.249763319003499	0.425722253782889	0.462494689082776	0.295555755345465	0.246884072327399	0.34018691208721	0.289903823673283	0.359794314266273	0.224230086740897	0.274484563894922	0.414500443777214	0.286633169217436	0.324309860625753	0.276538526367886	0.260040375398974	0.422958683006244	0.270327951120552	0.342688056572723	0.343050232185243	0.301058272866239	0.34166674975548	0.328097867460713	0.330748534219627	0.416404491783015
"SRR36103296"	0.461668430076948	0.592010652739029	0.400952508474293	0.291126332503182	0.58164934538638	0.486855292545466	0.494146453462818	0.411745631563466	0.402261644772529	0.50471573356037	0.425308376156925	0.366847642609215	0.412463218647856	0.560547834474222	0.466900745542059	0.503198239593026	0.379432596494337	0.580313488241433	0.534497852499937	0.362700737097108	0.515033003389844	0.2501992653469	0.368083042406734	0.449469290144489	0.562176848545617	0.379351034464459	0.480332223142113	0.510342440534869	0.338928886076409	0.561700626682283	0.487242833394236	0.460405424450178	0.599016997517442	0.44571714880722	0.463794391378392	0.462340983335425	0.398368326123941	0.425688485154072	0.506297724208258	0.414860953612794	0.539531004190507	0.47893553306469	0.70522157415952	0.532562096661843	0.607505308424614	0.486668346756016	0.376431268103991	0.365012203852022	0.446665556429171	0.482345905700439	0.48067299356668	0.426719514284673	0.457034941830932	0.492823898610058	0.357787824406594	0.54410462835284	0.43265607179019	0.515780930329652	0.548791745708163	0.418065056885733	0.456931527849867	0.524604905098007	0.401478755848838	0.551572361929099	0.282792840122826	0.439995821538033	0.595363421192587	0.436417245305492	0.433620498256869	0.371311313447338	0.380585432846452	0.536926137253596	0.355777349160052	0.392658462741258	0.462324649254801	0.395924882034194	0.509001942144435	0.432054679180137	0.499195768091904	0.709757901682116
"SRR36103355"	0.0101212488712702	0.0323691410673516	0.0320976174456457	0.0346052587007195	0.0395523306454134	0.0237798402579024	0.0243523015090807	0.0288685604213776	0.0155329444956943	0.0437038641243302	0.0293455642148431	0.0215658648595825	0.0293904115581418	0.0141151625442255	0.0129993600025134	0.0517138496057811	0.0140808178341904	0.0114734854168372	0.0723176589264125	0.0154543202091165	0.0320833857706049	0.0167624671204099	0.0702345460284183	0.0259929847389726	0.0225838768851384	0.0352858438466052	0.0505252381812916	0.0252579311863806	0.0153290942611563	0.0207420891574743	0.0152333351792135	0.0146649668823038	0.0360279307285046	0.0203805277044943	0.0473879858016668	0.00599659483372821	0.0141970112480671	0.0195452762219824	0.034393666530443	0.0684975286987458	0.0272802754109653	0.0452810871795858	0.0193013023162053	0.0389375882730231	0.0192356397714387	0.0314260199934581	0.0175619560025231	0.0345667017428106	0.0202268325750837	0.0532586087907078	0.0421104762743154	0.0315501949858196	0.0363196904051468	0.0429470049707112	0.0154807221647754	0.0306180810272817	0.0611331952910207	0.0298068479579967	0.0293606164920304	0.0137396104091685	0.0410362011818048	0.0224853422352118	0.00786224695288614	0.0229852144786133	0.025742903123856	0.0230839842073164	0.0257359275261231	0.0103976043162876	0.0269794476990289	0.0125833899308308	0.0254709134418906	0.0306817920508415	0.0178784448667021	0.0193586932927092	0.0283482994666928	0.0405103523600178	0.0219985355269635	0.0426461180472766	0.0237924122280052	0.0331522466134046
"SRR36103354"	0.781239879739743	0.800054764479638	0.658674998564996	0.504759850221174	0.752069341193581	0.779055506636972	0.737047264463271	0.669859157724115	0.65777843155258	0.70381087643189	0.683731096710171	0.651807476625446	0.662328683515766	0.822756564628292	0.780843561349588	0.731240384208364	0.651719775644224	0.854434567390667	0.721721760875872	0.712096117055167	0.759466980119362	0.456111718431849	0.42595607993152	0.733312948380631	0.804091179613201	0.619759933742625	0.71029365929405	0.777014201914619	0.683063213659436	0.833838905557886	0.757893116783923	0.73430692773621	0.776425103989443	0.744908382075913	0.704857584927077	0.811770020004922	0.72994068112106	0.669527399153871	0.765588982198394	0.573228375436494	0.795241573923743	0.696301844554239	0.891458552437281	0.749847515723051	0.83238223081911	0.654932853245408	0.690952323911426	0.551650732671598	0.725569559129384	0.698564786296294	0.702939697169142	0.67822593500394	0.72659822466766	0.694416904117903	0.647232730113488	0.754329321317626	0.574765106512871	0.739636734439283	0.789565690196914	0.709090953289268	0.665987177423453	0.780631522921886	0.775186221945117	0.771718548969839	0.535341219945222	0.712594045133565	0.81530480024439	0.789121180352082	0.655450466565958	0.679358882898805	0.6561132980006	0.786588281271597	0.646949078113591	0.683108458396652	0.718419152545639	0.643080767005592	0.76136539525	0.664922556818896	0.737406235712153	0.842822027225498
"SRR36103353"	0.750955691197751	0.59364044283376	0.57197020817011	0.603432704769814	0.485273432551889	0.622123954304763	0.561206648525598	0.60317867083636	0.607451349922121	0.593643773113454	0.602049698072224	0.55288176230931	0.517273425844335	0.678619311995537	0.587604066568378	0.649303158391912	0.498065434508122	0.675466156471294	0.66726331624408	0.591511173543684	0.603446725858638	0.731902814062858	0.850104651266371	0.622880284586364	0.75832370644222	0.534469775828812	0.68509565273406	0.631298602042791	0.559566580752761	0.614926205401935	0.669364890730259	0.558567618736211	0.577222103978565	0.607855800508913	0.665832813963874	0.631964528177409	0.575211976439789	0.566736371261235	0.569379891164322	0.597050521973607	0.643959500812258	0.610646849233741	0.799645381589991	0.622457064266024	0.621751707350003	0.716191646140694	0.590944501933721	0.675889607177666	0.571219290063775	0.64158052768423	0.618011731007425	0.617107319163478	0.556421585812617	0.592721694461792	0.627936043721445	0.636440961409158	0.672401569983453	0.612833879735133	0.642635045618617	0.56950241437286	0.471621007909784	0.57218165469506	0.599677348150364	0.599773852399213	0.605108342503105	0.556425557069421	0.675424854765037	0.576851847263037	0.667770701507938	0.689149912998438	0.570085083968441	0.6037085138623	0.562378740875	0.53276269718414	0.600478200811135	0.584426168108132	0.581419314056929	0.565872904129055	0.555885238590456	0.715328351447757
"SRR36103472"	0.753271084394133	0.663549567867612	0.494370497099508	0.637606061289413	0.457725763939754	0.773323529779479	0.630167376142599	0.676015431804329	0.625502748103301	0.651129990283338	0.558418229555869	0.631446506565977	0.551114240055246	0.689323733683744	0.679893227067046	0.726255629486574	0.58226766232765	0.744806233427135	0.708011830423272	0.653369876339259	0.68849070019373	0.426660590370046	0.546955177767487	0.739430026890333	0.743333690746801	0.54395646427215	0.77989457024081	0.714932218404966	0.557724977356197	0.840130844284791	0.648270195324838	0.581757714895961	0.677362088219583	0.58745410234398	0.599464203172914	0.584461253444346	0.643365718905908	0.492994937206717	0.681785505636179	0.493552043109967	0.740472003296964	0.558818942519759	0.80692010150585	0.700273245916773	0.731261711014547	0.51289878461868	0.483253472018935	0.533001180224626	0.683114312683893	0.64963984417979	0.683951757602933	0.704171413027248	0.739933183493246	0.559961635700487	0.628539120709117	0.590103252421885	0.525677109115318	0.489424938226747	0.66623084091908	0.618212594370994	0.459437884810101	0.606135435563842	0.704847199801626	0.62104733734942	0.641228398729506	0.657624910700169	0.732060688323653	0.754360915862028	0.544517957834877	0.59028161193991	0.66653752807302	0.768713063953076	0.513849200708464	0.548310052001127	0.660376560890394	0.691025077670902	0.604556974137032	0.601324493195634	0.556138511018849	0.548696936073518
"SRR36103470"	0.996843380581071	0.992036550171223	0.966363614416699	0.988612808210491	0.931350009221212	0.998179966891824	0.994378723061054	0.991287151670934	0.991722604086081	0.990134570165733	0.976314642424228	0.988441345906732	0.977818831117904	0.995713501422994	0.995734532417426	0.993396306977745	0.989898015021667	0.998684440007281	0.989041496626082	0.99149963995044	0.99407872099887	0.971827314808457	0.938628404399435	0.997340220058413	0.989913532032392	0.972018041289737	0.996667939254255	0.995904336227577	0.975330381713942	0.999608300300363	0.994251689918601	0.992690744901543	0.992314299579069	0.978425250172436	0.975437361451917	0.992476295794584	0.994898289723012	0.96137530590819	0.994595369161165	0.93043638069773	0.997617969614582	0.969727204723027	0.995739364786817	0.996013786993099	0.998175003935194	0.975975211147566	0.958895938335288	0.979236524614056	0.994920534070111	0.987531582144878	0.990097699607646	0.99434696830254	0.997211180899787	0.975025058949704	0.990180658816582	0.976726189909999	0.948214177486978	0.948322597558626	0.989235502096443	0.991793632435256	0.908226317774728	0.986299841439989	0.997639371541563	0.990399119993513	0.990630898988481	0.99611474533292	0.996204342930145	0.998905189604069	0.984492994376664	0.987899975646897	0.991060388511223	0.998058939649313	0.972245338940548	0.981310185516368	0.992665249309599	0.990121526447087	0.985861462004574	0.984658705041787	0.974058372439178	0.894895179938849
"SRR36103469"	0.949883331926713	0.859367275151001	0.807457945039757	0.901323745814716	0.744681386583479	0.924365582003659	0.850839232409139	0.888420383207391	0.904831932536973	0.87272350304432	0.856722324128964	0.869921842008079	0.829844425808658	0.90211384024103	0.900420909478565	0.896382830962554	0.866200313042879	0.930233816661884	0.894389970291982	0.882675324427182	0.895506709348015	0.866800584807694	0.92508218280469	0.912129732659308	0.933624518603724	0.828938316605673	0.926780237857586	0.907423289384741	0.835970913097614	0.941365809657251	0.90978941329046	0.854319180798615	0.878409256115929	0.850693258639449	0.86781686859593	0.898512972738493	0.877974082549065	0.836010147499355	0.887292515701081	0.815059176007954	0.910671829312041	0.844650510560584	0.949995358761522	0.896554594686132	0.907834935503993	0.85669434121682	0.82907157711417	0.876260731070514	0.894561403475396	0.860555191100995	0.881307248564611	0.904754500910287	0.900761535400804	0.853069760278706	0.903033894253853	0.875506383706019	0.8428681438805	0.831559024579646	0.884240636901625	0.885521358016915	0.719932912118928	0.854883325922797	0.922868652565081	0.883400878222302	0.896990825660479	0.880308058096933	0.918925236746069	0.921889841290237	0.860788701644366	0.90486505442232	0.882126668939912	0.919206188627434	0.839681840402009	0.840300826596744	0.881210804568803	0.876792384096382	0.863909837262509	0.83601167712538	0.832744735086177	0.847626093379402
"SRR36103342"	0.184384986977587	0.179216002485103	0.135590877681123	0.123161153697122	0.130750450122274	0.185410970729025	0.151831440186435	0.173424460984896	0.100158001653329	0.148824267975498	0.130180329484686	0.167825419202633	0.132696631019231	0.188517070567365	0.148034528122689	0.205763589815566	0.104888126445701	0.142238445498637	0.204099291076751	0.192987172625646	0.155011646697729	0.0764139367010899	0.0810492351620931	0.180054182534699	0.268547209548158	0.137067990717934	0.20450538873528	0.161497221899242	0.189208707608711	0.196326203034422	0.113563899619091	0.118385714357013	0.148938285090817	0.184230187219997	0.161634809905047	0.107234700115669	0.168465185593643	0.108286202813612	0.154337109857127	0.121547341527129	0.181214835502607	0.13837890012647	0.296541783219925	0.151411981669713	0.144270038060356	0.107229944770021	0.129115837008755	0.0935222469367862	0.149249028287146	0.200176217750724	0.184706371215703	0.159428203621083	0.173814021086973	0.118018267292394	0.126452348518772	0.140604251609237	0.129871784682631	0.120676039534135	0.185164035569168	0.118990773438637	0.177293705103872	0.156136751179974	0.140566066843516	0.112572443350737	0.136076591656028	0.136513027610441	0.154679382774059	0.169504828688262	0.112393658422463	0.118547394616477	0.179405974431333	0.171095804039055	0.119085991558551	0.127714455930511	0.161790307400082	0.215013176412453	0.145824152204818	0.166147841728897	0.147565903422914	0.229291218149844
"SRR36103341"	0.756604330077752	0.76187379016579	0.67057072706001	0.428460828728223	0.706739471934355	0.698762909964411	0.70374407953862	0.604603780544327	0.589273918327618	0.649143144611986	0.664415225294794	0.579419063736895	0.599608264226482	0.817143726000763	0.72394402416033	0.680940604001454	0.551229173811041	0.829605501522833	0.671526088366851	0.67551763427406	0.692215789453373	0.608770508736109	0.572058671570288	0.669167993579272	0.779614020777815	0.568232787758339	0.640488716234817	0.724665179325744	0.669220163771189	0.737006890135298	0.742986999043189	0.709382750502449	0.692569855063747	0.737161489288776	0.710530868641141	0.807623052704229	0.697181299684591	0.642274088886379	0.690305387231288	0.56214867589934	0.752375616529089	0.679299828620828	0.873455971705915	0.696390456383733	0.786485427990513	0.729128940933984	0.707685579473808	0.585222052949514	0.643438541636153	0.688826193695469	0.645587207525507	0.602235345326433	0.617323411061987	0.65451174573947	0.604481519887788	0.720766175595232	0.602856451960961	0.738635297651637	0.759785960124263	0.64742349171778	0.625493141972286	0.740901979960372	0.713726810073799	0.720002147359253	0.480266493409826	0.650620589372176	0.772581779126191	0.711907480310251	0.698382322250713	0.69810621682594	0.576253217098401	0.691948575124814	0.631150268141358	0.639844870270537	0.67009222597967	0.564798048000854	0.716882746991715	0.6301136137137	0.695406566255872	0.847266650008005
"SRR36103340"	0.896547934437421	0.909799032241373	0.804075106956683	0.643959201762751	0.855417890087864	0.902410866426259	0.875299220694698	0.807894697415542	0.810449336153753	0.847281575484189	0.824017675992673	0.784334258522687	0.795526925465223	0.926894942233674	0.902670477195334	0.86204362601915	0.794518031475315	0.95283913700581	0.843139670058965	0.846104127264565	0.882656021957974	0.660859455208827	0.635584575945257	0.87174790752195	0.889302640810484	0.754502838531129	0.849090335671339	0.901484188849547	0.812127762003116	0.939053920844032	0.897384580790429	0.877643604981421	0.888494814807252	0.866554446290642	0.842448800881123	0.927902738092934	0.866369941776167	0.802928076575237	0.887161193266554	0.705980955224976	0.914161922445234	0.830235379397307	0.952219790752052	0.882979238785597	0.939433785403656	0.822266477716303	0.831676294288828	0.727475037509775	0.859597016635355	0.83480700319666	0.834938315400665	0.821926836042592	0.861772168141122	0.828134989607486	0.798113799664272	0.865210830265402	0.718747243347211	0.859041490214237	0.899130263078303	0.850614654740798	0.768050766234057	0.893094547569598	0.903334515011073	0.894508990470557	0.689648995993108	0.858839408940948	0.92509503163621	0.912325615938145	0.825058124969386	0.836278987747153	0.788293827329791	0.905272120984287	0.795646230406845	0.823485066434458	0.853628008973004	0.771114678865122	0.878798082715506	0.806295685560795	0.853748105271565	0.905025298394739
"SRR36103475"	0.127477956399215	0.146168701399743	0.0981766694575351	0.0992085757153607	0.104822066247916	0.145744933860051	0.119150336084834	0.137782414748024	0.0774148804452842	0.129717202683127	0.0969791374711002	0.12579018982818	0.101632949444447	0.136121618811316	0.106458313635079	0.173340788025223	0.0791729174088769	0.1034483668886	0.176483102738373	0.133023883750061	0.123907664496512	0.0520016766257242	0.0788686186597355	0.141494957346611	0.200844912833888	0.105582692010337	0.176466975131173	0.126508374687633	0.125395921708294	0.160740773060366	0.0844130091975757	0.0870593389128791	0.1293645721084	0.129891023605001	0.124402719686396	0.0668005694428343	0.11670637942254	0.0795246501726404	0.121308569842393	0.101272686228594	0.142890893520808	0.109007505145851	0.22744633302195	0.125980583132897	0.116403030624772	0.0846040993332132	0.0853176234258239	0.0740580023068398	0.115711341329065	0.163219128729959	0.154279075568052	0.129788095051377	0.142934994768453	0.0952337914206384	0.0921812028293326	0.108657504998511	0.109386734985143	0.0885782548330505	0.142950790746812	0.0876575819814917	0.13767454182679	0.116743461492446	0.0937417594864851	0.0894702781700123	0.104500033322248	0.105256811244313	0.125815591480541	0.120151392453101	0.0857697504060884	0.0805461826957677	0.13857646689022	0.141818179896013	0.0836184787210602	0.0920357005851158	0.126493644800959	0.175571271897816	0.109821367234327	0.132742581145208	0.111815467704077	0.174909985911097
"SRR36103474"	0.798469559590542	0.811233933621897	0.680042615463861	0.514727393928178	0.744895752938332	0.793628049527383	0.766681414756906	0.682518214323913	0.663013781220833	0.725143560473922	0.690515568419142	0.666018636794638	0.668072966898578	0.845222871292625	0.792951164110697	0.742512308701772	0.658015307196386	0.870737650277192	0.727085314949064	0.733085214801936	0.766525475202435	0.520009344725266	0.472068820000626	0.756122880288727	0.811296045235147	0.626558889933861	0.723543941933836	0.787482109222978	0.702703033770275	0.852753073381385	0.771980829635996	0.75920447601435	0.776067016899031	0.757313104100529	0.713114629000185	0.823826370327013	0.761570999058544	0.670192476409372	0.77370938496443	0.569660756150767	0.815889421478355	0.699053849872587	0.895731616514653	0.767859044168553	0.847446035258454	0.690340330239788	0.702325306912863	0.577942613223557	0.736563132708749	0.722825183270575	0.711799013663147	0.689885458869348	0.740150508578642	0.693139302180642	0.660282202755451	0.753170768593113	0.585506353266175	0.738049422513547	0.796573679143383	0.718425066717483	0.666953087236133	0.786921219370992	0.792397774842338	0.772465355267794	0.555975203266167	0.739353183028678	0.820863695186592	0.814450005640848	0.688943710897159	0.701461606217537	0.670601093822809	0.796316340120728	0.657560420682449	0.692996191357194	0.735729112456461	0.658192037732078	0.766330949336975	0.684651762525573	0.740277320537494	0.836385854976565
"SRR36103473"	0.61838578833785	0.61600498624046	0.531100602447994	0.327903942808144	0.586987760469026	0.539575604606014	0.531965614565514	0.474637378267702	0.441958495072722	0.508861136274244	0.530302624372552	0.456911833539321	0.471590272280275	0.671842069261586	0.568079619285198	0.544218107974394	0.412627616047265	0.662072605896246	0.547852724626152	0.541608731926043	0.544479017665011	0.430241973861199	0.453693973607748	0.509531041487363	0.68217952071216	0.449771557843331	0.499740137902997	0.570455224196443	0.55054910142976	0.551098996247497	0.576782014596233	0.535537769510696	0.547568984285214	0.613286910998943	0.582614374883454	0.655460187313524	0.537984452025899	0.51337907484763	0.539675675851981	0.454290196236177	0.588084250716843	0.54982978336412	0.7840168110572	0.530754963981363	0.610559338908777	0.562201023338678	0.577919410919166	0.431798442779648	0.494180522221364	0.549749091764191	0.514019283712798	0.46276741634633	0.465681461107356	0.519546343248509	0.466091532503345	0.595961648562611	0.480450416606964	0.614873351171153	0.629557929353797	0.495991080561218	0.527762479455939	0.60416909160212	0.549117489151533	0.566186292652582	0.362847326551592	0.478994008709656	0.620830712300516	0.534678189580697	0.529328080210147	0.546360843173329	0.453705447807631	0.530790227461925	0.496990313830486	0.501430998833394	0.52169046605805	0.451902917148123	0.579656652734672	0.491994927381267	0.568029407019481	0.777553471583303
"SRR36103449"	0.0898632078434846	0.115377701942446	0.074465261975435	0.079054939327316	0.0856813823091155	0.108143919453826	0.0909030771193482	0.107365360564765	0.0593861037460558	0.108634119879124	0.0743423578462776	0.0943381467647418	0.0784385460686481	0.0986311653182709	0.0756310860143606	0.140217506640777	0.0592236902619439	0.072710222012672	0.147924193585547	0.0933697404975047	0.0958404711573743	0.0393449749548692	0.079468017299614	0.106380472253029	0.153888396599968	0.0825471175988367	0.143579240420903	0.0957332325908698	0.0878195318333602	0.118089057322267	0.0628108188745341	0.0639499047775452	0.106322819877273	0.0951713462212791	0.0981485047116327	0.0441060324758208	0.081448756208017	0.0611504571314531	0.0920680467517555	0.0864553050852944	0.107678037721608	0.0873992711041861	0.174360247594287	0.0997332255304534	0.0880668577667435	0.0694257478306332	0.0610795457076896	0.0602317477661663	0.0869661238088007	0.131673200535988	0.124971726478666	0.101869830838508	0.109866841098694	0.0771724884534019	0.0683740465333345	0.0858668978807141	0.0945296295458628	0.0688959099888712	0.110069335723267	0.0645339179651806	0.110714044411022	0.0877634057918643	0.0623607418458036	0.0698536869069529	0.0800802174926343	0.0784679387420531	0.0980916178941389	0.0815244106522973	0.0672249542756654	0.0579170693822741	0.105606340066253	0.109150891491251	0.0615924651198235	0.067893624603532	0.0971207512930229	0.139658930087557	0.0832685523009964	0.105069008634616	0.0863315810096827	0.143791944478561
"SRR36103448"	0.513952620166246	0.517679552079863	0.393685038546122	0.232582475753374	0.303837621774837	0.510412752412627	0.423537582071445	0.399541615330518	0.287573127619195	0.391539322196205	0.39494380607608	0.336671109229892	0.3011089850998	0.575287065154549	0.459571093179651	0.536254544722444	0.227144909385032	0.6078887819537	0.477931334100701	0.482898693442652	0.428481653179654	0.355818463161461	0.43232514113721	0.475339546807935	0.529754820114465	0.301012910613221	0.513679709879619	0.515196136800444	0.444765392538057	0.539516338864282	0.482282882746192	0.394732224595971	0.37842024135533	0.516160694041713	0.52143894878219	0.508036312444106	0.434265520892886	0.29479888424694	0.41610972356652	0.305060600787378	0.540509164879936	0.415085559828578	0.677926338448255	0.438340673782603	0.534213754365497	0.441609197976684	0.438627204256705	0.324119054626791	0.383074879274177	0.503870571844515	0.451836634002785	0.395950673723175	0.407093020174746	0.339892725545013	0.35023409004223	0.371805711498338	0.365424033314164	0.3903250979163	0.528986572269671	0.349762368179214	0.310487373637587	0.447180654686128	0.450056873284414	0.388430655840141	0.301103640961095	0.365298001102836	0.552103312996683	0.463699240472438	0.43942411733105	0.442269689684442	0.352617524792979	0.462654759974517	0.357489825069774	0.350645287184126	0.423265932455602	0.39461759705842	0.407522040930908	0.403579379647195	0.368762626894534	0.481869713571513
"SRR36103445"	0.986411947063694	0.989460778735593	0.926423698992505	0.929664888880347	0.946340419439736	0.995780382422333	0.988816131765633	0.974920371448974	0.969747109096604	0.981558269158999	0.944446177712333	0.971837600522133	0.959834714356069	0.991255943571918	0.992352782835784	0.983107124838255	0.97761876629813	0.997300402141212	0.970970793784465	0.980927363515228	0.988304509060919	0.671902749320219	0.463950186114509	0.992247216413406	0.973131586700015	0.937603634284424	0.986856400490895	0.991179602023515	0.954728922472711	0.999198968209778	0.982347076670839	0.985152397399151	0.988660712955481	0.964124406729692	0.935687575971771	0.986421791286462	0.988490093576014	0.921438012853484	0.990983255109792	0.808660244419801	0.994605822666946	0.936508832559131	0.992070995324759	0.989912069398038	0.996868287004293	0.880448813064295	0.919192616788212	0.863200331493479	0.988912609745509	0.966305049098969	0.975774895261504	0.981511752768514	0.993986147021762	0.94712102342333	0.961617747258811	0.956599809415638	0.790736103691005	0.917686188647887	0.981969592465198	0.981079010493852	0.907182628334191	0.982340802859321	0.994557653937445	0.983009726114314	0.94675485847034	0.990456208465356	0.99206329683559	0.997682393981821	0.933107207059818	0.945548684611436	0.976312138470841	0.996099754347095	0.9347503828443	0.965276882018033	0.982506852812171	0.972846436138171	0.978361992739074	0.965267721916283	0.964219103815667	0.895047879549023
"SRR36103406"	0.199355021254352	0.162449068467273	0.155824743199453	0.114072520473051	0.137944571726656	0.156789961771216	0.139294995316473	0.163976078864468	0.0968980810814952	0.140307786805636	0.141572781326596	0.169265173489786	0.13016580779723	0.167148113881275	0.13402202506418	0.182174075153116	0.0963703775103067	0.117446635360168	0.185378596341926	0.208569186663148	0.140059199867529	0.103929113169374	0.109461187128515	0.158376492306904	0.296502665544488	0.142998555941292	0.170569257561199	0.127810917439234	0.227612043195476	0.141332999128014	0.113258997268262	0.117486406258429	0.124641976814788	0.209608392642704	0.17441977964763	0.122229183492187	0.175004183922557	0.123611588299006	0.138748174442487	0.129988965067795	0.139879552743555	0.145460754132211	0.244406272783779	0.129343138591481	0.117925455806364	0.119864739246886	0.164190158586102	0.100445655842177	0.135808701272346	0.165287693587263	0.16819105193596	0.142344731129223	0.141269186814947	0.118657891298868	0.133006740702756	0.148844766770797	0.114883210118736	0.143031578669741	0.117223576667285	0.118271736068707	0.197435696647078	0.159334359285893	0.141023313009113	0.10569834030017	0.134875363527888	0.118721039313589	0.135524251950054	0.151150901481119	0.117599689390946	0.115471302431202	0.173443018654913	0.136013198892377	0.137167328191002	0.131620196823134	0.153428098656759	0.200080982816421	0.148962482168022	0.161608644997178	0.156217994456413	0.287405463426952
"SRR36103465"	0.55463182102646	0.494145246624822	0.422209547167837	0.235738811330708	0.337306675752435	0.491098763698139	0.352283730801251	0.406455205339873	0.302525209965359	0.380355829150071	0.44968827284818	0.356352610366181	0.324905850257443	0.552590288978954	0.483968553276793	0.529808793583691	0.23337760835539	0.583307101476606	0.474746297834038	0.536135346051725	0.428099221770026	0.332404260745019	0.506768561459653	0.43887714705043	0.587578226087786	0.329960509218871	0.486985200723223	0.520617897289033	0.529704908058593	0.440119721057287	0.499008029215708	0.365649140393017	0.354329465673214	0.589115552555033	0.581284084877981	0.593726645169699	0.419711453705351	0.351005319023453	0.413246166535225	0.343971441408536	0.490982455785162	0.461037648427803	0.716939096355595	0.380116473191962	0.469967297140944	0.39764507382789	0.545293329506006	0.310079300324982	0.381747117851005	0.475389726753147	0.450405196109473	0.388576321296182	0.371162375983853	0.36771100930716	0.388242216883745	0.41472167358046	0.376120674262463	0.471430376586576	0.562683244823928	0.375144739014274	0.353992107435502	0.482996299997732	0.484687001355494	0.404206034630324	0.307463596084268	0.312308085908618	0.55368089343351	0.425187846079806	0.411802864248426	0.498476093637551	0.360391190919782	0.424418759458588	0.425309243801653	0.395478066100967	0.409898218190055	0.38976364493293	0.442650073874563	0.38906424615519	0.409505130163614	0.582989041737278
"SRR36103466"	0.733941026919365	0.565423415644363	0.530104713512837	0.615342853744508	0.479836662978722	0.614554384129294	0.502231762792019	0.600587460453579	0.610626885000788	0.573081957892831	0.591672130359047	0.548443232991969	0.513339964411551	0.620521473644872	0.573114714176591	0.643664572066766	0.500935710750635	0.631696170174708	0.667708030254049	0.571741176118626	0.5991738136341	0.638145408200436	0.824154568843992	0.600151512522352	0.752140444126253	0.531400866127692	0.686073251201619	0.621181118367797	0.535707052412933	0.591010878810742	0.643524596842686	0.506716364387255	0.580896057837365	0.585647949911032	0.652309321586694	0.598505589011196	0.524395776639396	0.560625002785581	0.563395872227783	0.599118450516514	0.607285125240695	0.602538981461662	0.79019167132148	0.593784611971487	0.5837430357356	0.644376468016792	0.566738261311697	0.637128840722812	0.56722645447224	0.603763020239631	0.615364443655546	0.617746133385398	0.555961322022025	0.591435705007642	0.622258177926702	0.632804286619417	0.651656851676856	0.600280430855172	0.629593157705708	0.562637776896773	0.463467860482328	0.557109537997314	0.582736694191369	0.595475226244522	0.600947189551659	0.516922030723227	0.667531981130908	0.541944312318603	0.605548847315433	0.657932648370113	0.56807806663342	0.602201467887523	0.548279179669557	0.520796038408642	0.578217983641579	0.584027690961191	0.571306241246667	0.538760085165323	0.546864655944578	0.705724456870095
"SRR36103303"	0.0120544296407284	0.0256246450570116	0.0169212149263429	0.0195561467375021	0.0279050434988551	0.0153140105131755	0.0170106365205202	0.0230885035907907	0.012532929215058	0.0256773228261487	0.0170960430909578	0.0172633039710893	0.0168356097877207	0.0122332765739166	0.00905173607366366	0.0346573669509818	0.010153810562618	0.00749123269896508	0.0468225289232823	0.0121120228740919	0.0191359841034769	0.0105694493811842	0.0443329435681769	0.0170579195273863	0.0328353247731234	0.0204024089944891	0.0347281154521128	0.0142507650795462	0.0126643254149634	0.0132382077407628	0.0113125228953143	0.0105974201274326	0.0285792974588752	0.0169532563838551	0.0260955131149088	0.0045027522955005	0.0100188553623911	0.0151593922673328	0.0163436442173665	0.0369091222471038	0.0149525931606348	0.0252272210287636	0.0245754713979178	0.0217661071962658	0.0141472372525418	0.0246177331938068	0.0109922996745501	0.0196596276174877	0.0148016162407846	0.0288652943875663	0.0325186149762701	0.0218798542678974	0.0187600851407882	0.0229805922613251	0.0125927640177107	0.0230635018361845	0.0347528997471107	0.0188054041839671	0.0133203122915737	0.0108454501073946	0.0337935065131201	0.0166285976753543	0.00575456282117666	0.0157640585394626	0.016762258423089	0.0122361435745206	0.0199509294988919	0.00726870471742734	0.0170225610241724	0.00795933173103123	0.0202037697581945	0.0184396020384358	0.0119357017631771	0.0117584184293615	0.0193356241373282	0.0324737713444372	0.0167364339609399	0.0256581322321262	0.019972882330166	0.055870764232782
"SRR36103302"	0.346490094303677	0.285326758929719	0.267143165750406	0.195783485998807	0.235681416947549	0.401618927868598	0.425518920440105	0.34435293241058	0.19977353704686	0.330158754452985	0.29337969987055	0.290304573634169	0.29209740211003	0.593315986579581	0.430559518233669	0.361167465192767	0.278862482964629	0.280280765230546	0.320422491064701	0.362763586396629	0.327783310407857	0.133134943253519	0.134647871071751	0.348486704709626	0.425010795095598	0.272877764174951	0.308653731398313	0.403759085227781	0.354923933974012	0.398105659329671	0.260096195326677	0.400254389182706	0.319373603478908	0.324968542319039	0.255810357635009	0.246391328962234	0.326152893994912	0.259748376004758	0.310110125302278	0.236656572106751	0.366650715875582	0.311864705443431	0.58304437641147	0.303591108629704	0.410637007494758	0.180174221352498	0.30236208362733	0.142929480576596	0.371968917422538	0.309959188575258	0.366115856092263	0.334119476362559	0.337272594437067	0.253083406402794	0.227042292486968	0.298470696372332	0.174895731207508	0.337722783639958	0.386768606925971	0.282566381116022	0.269280331006376	0.299677843539833	0.300867498391826	0.278683661521344	0.245491522974382	0.307285943592853	0.288371547022741	0.346039777942868	0.251619146656665	0.223965085084872	0.301503472787338	0.398028780260596	0.241417620536982	0.337699061517165	0.333809064208197	0.333067314590321	0.307964204298276	0.319288335549003	0.311825241954521	0.354685565574585
"SRR36103301"	0.388959718940522	0.306226605711438	0.259884660898098	0.211998607590116	0.213286136037578	0.354194772225599	0.281723603940107	0.305370400853609	0.189633487736771	0.274980440624515	0.244215026915952	0.32014728197461	0.244286643823897	0.377358726119984	0.317032309909995	0.331043402883025	0.209201857587617	0.311542768242992	0.306186735607151	0.406717802265057	0.279088455453136	0.154567215552429	0.145347530958268	0.337363302152272	0.464304067848995	0.245296098829088	0.324648617344594	0.302588237839562	0.403153299543116	0.377061125376092	0.228150319552432	0.243428421201161	0.235703637760642	0.364230791025846	0.280940250095601	0.278445871105745	0.366548762602548	0.204934433365514	0.28869333803942	0.180335163338267	0.33778988437649	0.234687049575509	0.502794540299692	0.259645093921768	0.272038657168383	0.175405274659898	0.280583986224513	0.156521154592423	0.285685226632792	0.325696667903825	0.299018027883347	0.277863057718431	0.312379257784696	0.196619193136113	0.254118355407634	0.245875141730833	0.187044462088403	0.221736412116287	0.332342983904906	0.243451515506281	0.294822675880489	0.298918036202561	0.342505652060074	0.203365627444509	0.253398262828666	0.26765863885073	0.273690939724544	0.384571045105748	0.202885691585171	0.256870235032509	0.329017684849763	0.306874337082125	0.245214676094293	0.259538711579684	0.295191370838989	0.356580008034977	0.27630507102066	0.284888190527829	0.26971875159966	0.359520091658406
"SRR36103358"	0.139409473565734	0.161903996654623	0.10327240561661	0.104754460872731	0.110277654690921	0.167636835699843	0.13303328126927	0.151544205618094	0.0851203926811186	0.145146073365286	0.103266573996001	0.137620630379129	0.10636710266493	0.132133311417974	0.113159719665943	0.191633387370606	0.0844149700420052	0.110419965919122	0.191634250338776	0.145648551814576	0.138291093911624	0.0523229647098828	0.080914532473034	0.160432363262368	0.212273763620288	0.113001170025466	0.197724190548925	0.127974763478006	0.133170919751605	0.193047712681827	0.0929468643842	0.0963783196796655	0.144450149485609	0.138310952135343	0.131474480437119	0.0701829662558046	0.129538640629354	0.0835065424792671	0.136395107142718	0.104692893292835	0.146346322824124	0.115493401351579	0.201399950741629	0.141627334349371	0.134316134834407	0.0875225315597284	0.0888037957825482	0.077693244247948	0.130099523539445	0.154070720879849	0.169272419368021	0.144622610934905	0.164250941015639	0.101805829027429	0.100116239008224	0.114420566190733	0.0957558778978548	0.0916742593855399	0.106681302974399	0.0969290538583159	0.143310717980696	0.127240737498204	0.106732729662397	0.098591692329357	0.114142456873988	0.11573161309989	0.141200014419766	0.140258112768793	0.0887890172655741	0.0724381530066496	0.152569705101519	0.163823357982755	0.0887646684002436	0.096367072684135	0.139691424349705	0.19258616778305	0.119359317025708	0.144187969188499	0.119645609131412	0.174318748981915
"SRR36103357"	0.812543086315884	0.812952919799844	0.789543205086429	0.638923593895383	0.795087550984839	0.832477504976139	0.748655815746772	0.696831387902638	0.720318833697606	0.794700464607604	0.80106128533519	0.669409672607396	0.754737103527224	0.842025213182525	0.809701000373981	0.805066894164087	0.661882873299609	0.874511249168872	0.836632525689957	0.75361308704976	0.833135530116814	0.550604318967457	0.644181679588324	0.783718780538557	0.84888931622037	0.736077848156985	0.776078336359732	0.837906698391388	0.722093422835814	0.853336459694407	0.802543053974546	0.752696152319158	0.782104779570507	0.783329903553957	0.842222300144665	0.846989201320112	0.754661338053569	0.713194450288391	0.869325027718603	0.740776322910447	0.838008292241373	0.821455967941633	0.906848418864264	0.821325887752292	0.842813309062611	0.674733277978645	0.806318424362163	0.677995264808975	0.757663190022657	0.765174890082651	0.742663741156802	0.736880118992065	0.822688002443797	0.815845109137852	0.678305221705025	0.843463447312585	0.66124715469322	0.856734934486554	0.823685903647794	0.733045790928869	0.684812717364901	0.818337573313942	0.808772164278619	0.821453341831902	0.624640724654684	0.780910902675783	0.844975938524886	0.802987854051108	0.727808828491255	0.727243367276691	0.674052717284328	0.843070163037885	0.741955510672543	0.768479741689904	0.76726186772883	0.664218179285101	0.794409438663626	0.754461846522458	0.750297991063903	0.870860746321448
"SRR36103403"	0.0950601121509515	0.0984048551817517	0.0857208271904245	0.0728774177019761	0.0891524551123481	0.083383277738531	0.0784280425034362	0.0964906309251361	0.0549483350356926	0.090161283247919	0.0797652277607943	0.0916719088580622	0.0776521664473095	0.0978294654037062	0.069339872065612	0.116329811574461	0.0543831422969346	0.0609126408512171	0.127641931306411	0.0987242062927399	0.0812635674508117	0.0556073790929031	0.090709563751922	0.0865539414529859	0.1702558222858	0.0842172919928789	0.110533616752255	0.0806704510146987	0.107505552785257	0.0737855925876322	0.0601055828922183	0.0607026228901782	0.0828002640865968	0.108314494339763	0.104791225823199	0.0520856115126593	0.0814987530836652	0.0697066902309929	0.0773266850309186	0.0919677566465972	0.0872435573523269	0.0903213814215995	0.175978466198047	0.0791224302215554	0.0656114524281551	0.0776410782742592	0.0797328051853893	0.063970786814546	0.0740864269147601	0.123245118778237	0.107651180586434	0.0852637105787248	0.0811991162138916	0.0754860032492755	0.0699935985042528	0.0896952447309081	0.101341358045716	0.0826040781172784	0.106099011294173	0.0613975356911032	0.123531407839287	0.0866155316603921	0.0591962415964227	0.062400948121845	0.0763315344029901	0.0659162484375867	0.0801026296397061	0.066423388267877	0.0713785447399109	0.068727831999177	0.0973223363443868	0.0784909343103955	0.0707559435254381	0.0711683059357263	0.0874567163679568	0.12311604087963	0.0823728816983827	0.0981789477329612	0.0896318122434929	0.189539427151779
"SRR36103404"	0.947269651469137	0.805842456960596	0.878253699239695	0.937944158949457	0.788581944115053	0.892724832016759	0.825889054350995	0.868460534205077	0.904857161459607	0.882913337052214	0.897308185230845	0.854716111016402	0.86657776308549	0.88304418656387	0.86159306955245	0.880452712220928	0.863111224990715	0.886314082144207	0.921028815380046	0.850132787869571	0.896282388724991	0.94201571225801	0.971586911830388	0.890406304254777	0.94616924946175	0.880125280016388	0.911869793785257	0.885529207102329	0.81710058487965	0.886533143767716	0.899947995839837	0.837249012835076	0.847350960173183	0.825735090699615	0.908064194185868	0.875964680041762	0.857227379979521	0.868106657356761	0.90432438920952	0.908294776164847	0.886106414059033	0.895480069992727	0.939697309518761	0.902666719380992	0.852244663122692	0.897517155854845	0.873079703397889	0.936799308420853	0.869409347573322	0.868832728552851	0.860481245033185	0.897187181057175	0.894637114259201	0.908120783655624	0.901829544066046	0.920516650222542	0.90351172469434	0.905540007893787	0.859343941791938	0.86763811039011	0.741308537096713	0.835828417369826	0.890582439836084	0.883547824602875	0.917665251801977	0.886945986638307	0.885055135561287	0.872625521683772	0.897264625342823	0.913861086386423	0.863966060372365	0.895433487121396	0.869892874280848	0.859597253204593	0.874619032840755	0.852784863989695	0.853044837109177	0.858611895557978	0.822122820039915	0.902293621286624
"SRR36103405"	0.790197016499968	0.563531721825626	0.522792408152545	0.755970918714618	0.470464467420708	0.711101511108159	0.628674485362091	0.685357611122017	0.668896153409165	0.635821447340481	0.547627501546442	0.703785362632927	0.601844300197692	0.663707868402452	0.637798015297468	0.634545269019307	0.678408306676597	0.615983066222235	0.664443686372683	0.662555237838491	0.646418758271822	0.565717532896516	0.540227887098354	0.714580924315463	0.801681956388558	0.606048242789866	0.71994671133914	0.618867320478006	0.609253303297195	0.776074716235513	0.567936816480381	0.579897083635169	0.63011856425104	0.550874088257508	0.513704734963655	0.51574794492018	0.694324815050254	0.554653763512709	0.644331729594294	0.520310048367789	0.675639510680493	0.516390215206097	0.77866213766339	0.662507777800023	0.608438816419961	0.522222336255575	0.475717280046487	0.591441748920981	0.678323482666568	0.621912357371965	0.639325312060583	0.696255194245219	0.710952051857148	0.550625454232446	0.67794488100837	0.617081262193546	0.549346223670386	0.4817779464876	0.59195458519026	0.628534241030778	0.536472160978288	0.562748756199754	0.698183942408779	0.558241364500267	0.726755519157736	0.6842605706634	0.595903623177525	0.755020870320547	0.535860627689176	0.611761588410179	0.725520148053611	0.704569245664765	0.537565637478391	0.56812369763826	0.655519496226175	0.725310652423968	0.58836351401224	0.603028869670631	0.57146618422525	0.611396528723306
"SRR36103468"	0.684926099500099	0.487005500219029	0.404443455252762	0.71288289479367	0.395761015570526	0.633715868849968	0.546733744840984	0.613259899068901	0.599917731337297	0.600688531931696	0.443295517962115	0.61132270795758	0.512638371653484	0.541116099374342	0.518505381690664	0.57502734671139	0.599273849708922	0.499005900294488	0.622074818087344	0.517481496459386	0.574326727295418	0.44361099136539	0.562693029470816	0.63979317648342	0.71531891267619	0.519363107355704	0.681877015914109	0.532173584768184	0.441635622055627	0.724403140086971	0.466491751596339	0.473071050421548	0.594234376298418	0.408334824290428	0.414887829643564	0.342474161263086	0.564082431743101	0.451405270747252	0.564139015035747	0.467587027785934	0.59496191905883	0.433255606273509	0.688188916293984	0.610518122801561	0.536310088780297	0.449219859459675	0.323498885641453	0.528011693715809	0.598495537787106	0.548197470743668	0.581000461359955	0.638600850227869	0.655233107358155	0.484479704028531	0.579354762008619	0.532814013723596	0.501811827798298	0.373632635029196	0.492164510045482	0.527677396430393	0.439912977587554	0.452853047740611	0.558587691049459	0.485497977450727	0.656749949852895	0.605798860804342	0.525525925790391	0.647720309296721	0.446319640021298	0.476164918148465	0.647563760494586	0.651367161156838	0.410601569412595	0.450298570054755	0.573944944441038	0.664069266217322	0.486595379055174	0.524691197103234	0.471503772377447	0.50335873826444
"SRR36103415"	0.0197141028725682	0.0413951847289924	0.023034306205914	0.030243767765063	0.0365388935355314	0.0293715986681582	0.0284562912233236	0.0365334030129871	0.0194901716360053	0.0381590660347405	0.0240893338199688	0.0272776975421689	0.0260987936478806	0.0242805155444339	0.0174654139893888	0.0554493841676756	0.0174317478932618	0.0160557428111904	0.068682656673293	0.0199948748043132	0.0317887512590565	0.0123672834967596	0.0390945429085536	0.0307533144687603	0.046648965228552	0.0290007864369552	0.0582031785266233	0.0287745008199946	0.0187611297996963	0.0302785558277261	0.0180185087413768	0.0173235726796301	0.0459657266104936	0.0247593122845599	0.0355595527423138	0.00770014985165954	0.0172493076001622	0.0202725715179636	0.0281248562064164	0.0445199115890777	0.0314224201905724	0.0342162794401055	0.0519389867911339	0.0366038250173858	0.0265966077310731	0.0303296926830091	0.0148495005641148	0.025416404766284	0.0255368159729573	0.051704573111519	0.050169212502673	0.0359364130966775	0.0350287537189979	0.0318040726864535	0.0192589579547618	0.0315685665611346	0.0512100624172429	0.0238867684657675	0.035410257986478	0.017644913873174	0.0433932594250147	0.0257994405403911	0.0109398112463332	0.0245730362785243	0.0257883584830667	0.0223824398131093	0.0336566946702572	0.0151803455296705	0.0241077008870795	0.0143928736507017	0.0325199263035285	0.0350239481840267	0.0169381472086811	0.0186798760433298	0.0311405221278517	0.0511093612344128	0.0255241499597621	0.0384369463000012	0.0286243117747342	0.0613020524046869
"SRR36103414"	0.483067461080156	0.261023579212065	0.281493708515073	0.633814058881671	0.301827483500899	0.320584376213976	0.315732882956467	0.419601088421562	0.459683569260735	0.396392085942644	0.309120202071986	0.417763305273211	0.359058469293158	0.296141076738811	0.251621560270109	0.351005991283978	0.425089708504051	0.200769086740063	0.468565809475894	0.266811539972101	0.350742379999449	0.459960265852378	0.642910438410663	0.36753953576287	0.588454956867787	0.389880290705273	0.46323376261268	0.277295428339016	0.246955095416807	0.332510506334155	0.2759051842708	0.265583411541386	0.402523668635629	0.227451953887377	0.282713985738252	0.152814318366948	0.303579519528552	0.362472233603826	0.317712854308076	0.448263790211723	0.312892858301769	0.318484006385442	0.483408849537722	0.391631880213034	0.247685016781705	0.417693655162854	0.201977533355808	0.496705629013561	0.358451568251293	0.374941281889986	0.390954902317178	0.438130570219928	0.371238896681363	0.379854783194059	0.420593784006503	0.426066248554919	0.502506601731549	0.29458991626617	0.288759176312517	0.325787580760596	0.337837957784672	0.254422614815471	0.256023120693905	0.312204785780297	0.517710834280369	0.363470246210818	0.288321921879105	0.291289197157188	0.341768551744071	0.336175011028465	0.449845707033262	0.357490906570819	0.27290526107866	0.275797668850294	0.364402349030759	0.472402713238678	0.303593024320775	0.349251993652176	0.322057446873797	0.494487205047689
"SRR36103408"	0.0227549231977878	0.0475678207022257	0.0252050915391895	0.033916596578022	0.0395257266987313	0.0354790746406373	0.0330484432219268	0.0417401054965087	0.022170233772004	0.0435294382099933	0.0266246800653668	0.0311635174092866	0.029256936427252	0.0280876657495142	0.0206515759349055	0.0635055278398597	0.0200817255994286	0.0194277476030996	0.0767087604088231	0.0231415709903731	0.0368387166451907	0.0129496729185329	0.0393316778323416	0.036490006886344	0.0516553237200968	0.0321310213695073	0.0675356597196148	0.0337335557917205	0.0210424059590443	0.0384639927058422	0.0206403241839673	0.0199951029490638	0.0527434655817067	0.0276507494087038	0.0389137262864001	0.00887708033494328	0.0202114663337288	0.022069677864771	0.0329316146271688	0.0470225225086655	0.037282795310133	0.0373940675593002	0.0588607081489722	0.0425588621415114	0.0319490452752171	0.03223589313387	0.0162150405372444	0.0273964672782267	0.0299274479695159	0.0577530392435538	0.0568765700311704	0.0415017019242431	0.0419716666741917	0.0349630171371988	0.0218013938340301	0.0345934953691299	0.053725563870007	0.0256161772195323	0.0401033240238476	0.020337610565715	0.0466714878843094	0.0293209460770628	0.0131980885697384	0.0279662778180401	0.0292368666109203	0.0263725321313034	0.0391731282459576	0.0188147039272338	0.0264242728584122	0.0159983722164676	0.0373438098133019	0.0421717876056969	0.0187625322544537	0.0210921693731128	0.0357677371153458	0.0582715398016582	0.0288642828700949	0.0432257046584239	0.0317897351182111	0.0629864001313554
"SRR36103391"	0.969634565612272	0.923165844991977	0.906438131980659	0.958201646391018	0.937058346570937	0.930179667029217	0.938735612304339	0.924383620002328	0.967054701005269	0.939997924613404	0.924255160210291	0.920400624990704	0.926795854818141	0.949849325009749	0.929794172574165	0.906865248435416	0.956466405390534	0.953686950843576	0.938345685485911	0.871685840082998	0.944449164618637	0.964735121163824	0.971270444801697	0.933117134491954	0.967343308760191	0.919715131280928	0.935108635171478	0.928587163909181	0.842861272352303	0.952239261538915	0.953707432421085	0.942485462772826	0.959205603013611	0.873569363804427	0.900688527954732	0.936415847013654	0.923689175955142	0.947866557562828	0.937764098444884	0.93329899295202	0.942170091188525	0.924358610619021	0.972297345878526	0.956224280176984	0.953825193698461	0.967808932079047	0.881633379515694	0.965265376223863	0.938766150629021	0.913584598394307	0.919854282500757	0.939545348311048	0.927566563147921	0.950958148309365	0.947608440124923	0.963980875987732	0.947981082981857	0.943824151056175	0.924352022576679	0.943930063895489	0.881124803252977	0.923169767998564	0.93632850683935	0.959431386483867	0.936375972929504	0.948927791336067	0.949863449663087	0.938970087500252	0.949892896966449	0.947673639723758	0.924460378625442	0.947011164943338	0.906428056149767	0.911878013484578	0.935210812771444	0.90495893621564	0.937798149866084	0.90715433758492	0.932412852009337	0.969553049191677
"SRR36103392"	0.921633891793475	0.874729513550121	0.821112684815412	0.87581739055066	0.877126906061858	0.870689988898386	0.870722978137125	0.847660556079341	0.910253516236953	0.887226074063177	0.854422953633267	0.824282714704084	0.842420188593581	0.899529889968534	0.864282272442095	0.852939748480266	0.878245639592115	0.915147253880089	0.887790756826072	0.775441638671703	0.889505983442112	0.891881768468377	0.944961836342234	0.865775168946155	0.922495884599758	0.829222537957615	0.881590493982166	0.876311891056434	0.732589344203431	0.903479493796287	0.907017848455464	0.874532001253843	0.915447755773303	0.80091370937354	0.844899826882533	0.878974592015992	0.833290064277735	0.878410223987731	0.8771378950398	0.863755924102906	0.890565985569437	0.864502031090678	0.945602457232085	0.906466531348885	0.914486100000915	0.923775360828196	0.797793845977443	0.907284642002298	0.869582408836697	0.848221349817969	0.857539193557795	0.872592926471801	0.856450722860294	0.896016236681434	0.873506484032859	0.916568759350661	0.889128336258908	0.889546931301876	0.873544222697696	0.874121864775409	0.784972301664671	0.8623353512847	0.862015210500741	0.915503468120787	0.840174985615007	0.877786084888451	0.914201363163843	0.863621408985754	0.891533572728639	0.881764717878501	0.833894298529598	0.89588997576238	0.816867283274857	0.825130671699142	0.867729372197369	0.814658628433109	0.877254335925174	0.826869493375001	0.865320687557311	0.936301751891618
"SRR36103441"	0.0706227190578109	0.101461165889752	0.0606542034524838	0.069130988059447	0.0746177939868503	0.0927951774298857	0.0780580924059279	0.092798436447256	0.0506464359323773	0.0877721924189863	0.0617364589829301	0.0784488656595655	0.0663357048182242	0.0798156471667232	0.0613212872010595	0.125837928288036	0.0497388179118923	0.0594524842777868	0.135055666422902	0.0731448594220728	0.0832869163984886	0.0309374097254299	0.0553277356777985	0.0912800174886031	0.126490907467431	0.0700376886305331	0.130976842167202	0.0820646741116977	0.0669768558208661	0.104153356123474	0.052187264711804	0.0527498381342791	0.0975732494752508	0.0757797769353242	0.0830707432128265	0.0326915678308632	0.0642403567644168	0.0503868972507423	0.0791379142732921	0.0771875428771572	0.0925969783520918	0.075228802875334	0.145538805123499	0.0890092613337077	0.0770984422965086	0.0598932827612298	0.046868731272677	0.052134066143764	0.074104121033248	0.115593993155649	0.111606784976815	0.0895747832328582	0.0972352254157425	0.0675542463334995	0.056018189188031	0.0729790733947139	0.0849519428474625	0.0566779588713676	0.0932300626232214	0.0532882551943755	0.0941412002123873	0.0729314185550095	0.0481423005480468	0.0606080486390109	0.0678388403460164	0.0666888093574394	0.0862372038254107	0.065344147968123	0.0567754237511507	0.0453354566697057	0.0895357720371667	0.0971330750362947	0.0492561686926522	0.0551970907023824	0.0831207130824484	0.122650878396252	0.0695833997788523	0.0911741462414057	0.0724064006741835	0.120273432129023
"SRR36103440"	0.0302091112954189	0.0780679457924874	0.0399536215329198	0.0315270481029462	0.0549327724538692	0.0437022350630793	0.0423217038112138	0.0482663841954645	0.0295096956309171	0.0551040766044327	0.0447087075072732	0.0278747941327521	0.0325115466253071	0.0451017041523011	0.0275300150852618	0.100188435317823	0.0178372669366224	0.0406789453223596	0.114030894012545	0.0259986318002142	0.050538039200458	0.0341515009233425	0.151485317396302	0.0436952067157822	0.0597222122195148	0.0364868180769076	0.0964011962969197	0.0557091230746216	0.0232524504298867	0.0404290754264564	0.0459126980659624	0.0293293856812554	0.071088998641268	0.0438881908286254	0.0854829826981302	0.0190663220974561	0.0206324896795473	0.0321290630555423	0.0409422087035905	0.0808699863408702	0.0550126928125291	0.0696166431716295	0.0934955780463551	0.0616914017605056	0.0574452174339203	0.0892327865227418	0.0301211122409406	0.055825596579074	0.0336701175549674	0.0885868219586321	0.0794418332795834	0.0508273753339126	0.0419875941482617	0.0584067785032367	0.0282463825416364	0.0524304771452286	0.109209517146912	0.0512882337507242	0.0678198748964397	0.0262474248461909	0.0477656534155292	0.0433851386642428	0.0152822332856176	0.0500567439716002	0.0300066711971952	0.0287232666876949	0.0815582191644533	0.0172087226946199	0.0606125428529829	0.0308130303493181	0.0332598382190477	0.0514392102330098	0.0281945578262888	0.0270976586860175	0.0460366226569948	0.0537517947623904	0.0411868760118131	0.0560515099494336	0.0422722061265677	0.104904244013937
"SRR36103359"	0.578780822055728	0.670061030813186	0.637604027292334	0.424434468334446	0.704508470141608	0.60557462309093	0.582293990591599	0.48215069659051	0.48089408681677	0.646875534561852	0.638616394169834	0.427532229705917	0.574887050009917	0.675843275832761	0.57003257717075	0.63785042031616	0.442071030791095	0.694747526892421	0.721690105271254	0.464372779540028	0.669137613628469	0.448860943799526	0.612025468644967	0.561153754962162	0.690513517045997	0.558591793493059	0.590783714148658	0.652759113589305	0.442600563318636	0.629496109414645	0.628744954392852	0.567830125290607	0.653222853270983	0.566817435432791	0.709396951552995	0.621091258307089	0.499455517094764	0.551799093693295	0.711884348480728	0.650737751895694	0.663121000902188	0.700680635458781	0.789025245944586	0.685099531948556	0.688054027360415	0.62247981272344	0.606724219349606	0.576574123344062	0.533595161446594	0.622436316005628	0.569449350931496	0.533168217724436	0.616217394764898	0.705787097338822	0.447526793481519	0.733233971079266	0.5933216991808	0.756190434439922	0.659340141199882	0.508086277091536	0.537385746070009	0.645273943774633	0.511178074199431	0.686354938885662	0.398010802753099	0.588196022227259	0.696622658791252	0.510739508543941	0.61186079297006	0.512500126870844	0.436469993718055	0.658126174218514	0.530916966643499	0.558590134532752	0.580409637463887	0.445192364320375	0.620155817786294	0.591184932780242	0.583308015879225	0.818220138983764
"SRR36103393"	0.00897201612468662	0.0191816221668075	0.0140629579129966	0.0161016552751769	0.0237305627283028	0.0103423963044836	0.0124801449199023	0.0175083955876026	0.00961544592924039	0.0184392027900244	0.0139154951315438	0.013110960039848	0.0139368463136482	0.0109000787757028	0.00696291280133828	0.0260672929122224	0.00802389111257261	0.00563904295040781	0.0371076292959468	0.00896391959193629	0.0140949015304815	0.00962167971697338	0.0378270155656175	0.0119580015017892	0.0265665283293732	0.0165157177848134	0.0253826610120156	0.0119752242518985	0.0100047661820226	0.00803524912441908	0.0085558617171324	0.00789117561484303	0.0214429222659502	0.013504156070934	0.0216640635680689	0.00354086050113635	0.00723127206636561	0.0127353294276291	0.0117878295927824	0.0329774254411472	0.012216611248039	0.0210034273157787	0.0259431349274502	0.0159068180397001	0.00967392459209365	0.0217214865964823	0.00918026528100482	0.0168528270172907	0.0106616712826355	0.0280191521357186	0.0250175705070573	0.0162215881546356	0.01286856092714	0.0189030567881225	0.00975908228229705	0.0190982500369866	0.0393597211400563	0.0162932330261623	0.0178270680124533	0.00809880330734437	0.0290739944212126	0.0127702034695656	0.00391586133517072	0.0120730631705325	0.012938559247515	0.0090805510308249	0.014556390852732	0.00467197962535808	0.0145797220460354	0.00807135269648702	0.0151675734892139	0.0125181980133203	0.00967677165953555	0.00960052365148643	0.0145123022646969	0.0246793529334141	0.0129872804852755	0.0201110429242645	0.0160883716557392	0.0528462025206986
"SRR36103394"	0.947490761715304	0.839435336398886	0.847001721092726	0.933377872228029	0.877113462374075	0.874861048815172	0.910810182749962	0.876200172759398	0.924363117511169	0.887528702666756	0.837133809074873	0.90511269344129	0.887002226109792	0.916837291856637	0.876970445105161	0.797120898539614	0.937602788746678	0.879566901637286	0.85816744116966	0.844979225652027	0.883877330361392	0.920868961774121	0.822324687613191	0.892832539404437	0.950637284747099	0.875964028785562	0.852407846885704	0.835206087523419	0.83133937207319	0.92309782135076	0.861150653740499	0.902481078717009	0.902169739536582	0.794632690781028	0.747650785117477	0.852112743202225	0.91999525721757	0.89457537172817	0.885594894764602	0.831132620362829	0.891107287519396	0.813467193440228	0.939183505834119	0.907272001995501	0.883353711848189	0.901373029991076	0.783142884848925	0.904828755546209	0.897404573155785	0.848470482140552	0.839035435853148	0.884762441656292	0.887108087821923	0.872572679038471	0.903744383078414	0.91663768741143	0.853829179303883	0.855483893433802	0.836570482127984	0.895493969065661	0.856342903391322	0.856150197373415	0.905579879673849	0.881823504086939	0.90605206499242	0.927866635248537	0.837914915415773	0.931089385933898	0.874876969482349	0.88415183596028	0.906810402677505	0.893278327785359	0.833987064032382	0.858264486529947	0.890238533596721	0.879868878048762	0.879655581936458	0.854212462686287	0.880942527643797	0.934262885887702
"SRR36103395"	0.960726704514158	0.900620945077047	0.880130779114238	0.945841368473035	0.915592747446712	0.916905574332689	0.925417613704997	0.907973996075335	0.952800279642266	0.921948335910683	0.896632465357857	0.911106247060628	0.910111695751591	0.936762110111596	0.914653075258456	0.88004402599023	0.946728896736622	0.935931152103216	0.916401518138551	0.861538592870083	0.927542574213855	0.940765650546395	0.934694412315138	0.920283230989264	0.959428759368002	0.900796464746973	0.914747348085571	0.906094569310897	0.833490320654923	0.945797141610641	0.929786431340641	0.925984260050206	0.94384436980863	0.848261983064143	0.859498308029999	0.912482098916527	0.917173890203326	0.927459146021013	0.922771028317601	0.900219663663457	0.92726816512626	0.892301341773509	0.962901743433417	0.940972250702219	0.936583258530924	0.944310242306597	0.84724553319185	0.943214024249643	0.925493451885136	0.890329762769432	0.897161343305329	0.922831329011246	0.916553128608807	0.927679839038534	0.931066940995885	0.948174407562824	0.917001367708623	0.916409342451677	0.900813382047134	0.927618319040655	0.865040082805808	0.902915336072677	0.926345209477406	0.939495336564836	0.921560253391517	0.938614149927468	0.926005996681811	0.935442847906751	0.92303398457268	0.925098622801196	0.915281887504229	0.93397913485757	0.879728731522183	0.891789137130631	0.919207575166794	0.894414398906789	0.919255681959276	0.886566083642883	0.913729540538248	0.955710543244095
"SRR36103451"	0.251735975995465	0.235472730521615	0.218274837420558	0.143637260480752	0.206202927711141	0.310124453662662	0.346557883625814	0.275154217022504	0.15717830297961	0.271439959253527	0.256280439208527	0.20227881222857	0.231247377903351	0.521397342596405	0.344155547514676	0.316672672455407	0.20352148406512	0.213366065621429	0.285792877463327	0.256342311669666	0.269203600110816	0.113205800372894	0.162192426963236	0.260264775064738	0.335345893398027	0.217667159547236	0.256577650466456	0.349081949015288	0.252722155446275	0.278282492645308	0.226282407724597	0.331407114007543	0.279838178652044	0.258942253126738	0.23538397347947	0.186803146859336	0.21312395368274	0.222312617832881	0.239970647626354	0.234396728160238	0.288240673703024	0.294689341299836	0.520729749896741	0.248552932531379	0.354667482393063	0.174556428091151	0.254596310127293	0.127509918511372	0.292239406223369	0.25858172194146	0.319929062832811	0.272194492121666	0.24925303466134	0.232572393171795	0.169564176256476	0.263014203314556	0.172335251835356	0.325366681956186	0.338389036677065	0.218394505082163	0.211539096671286	0.24048973853453	0.19640738874108	0.250355918286818	0.179414111887902	0.221196345115886	0.256319422485431	0.213444207264713	0.22917936769566	0.177713740535415	0.212802432241892	0.320997618715405	0.191784471123893	0.272132888334166	0.264966786622396	0.248402056215722	0.251882111848642	0.260598243440216	0.258528176255623	0.331761461442902
"SRR36103450"	0.992016386623412	0.984007493614199	0.924754933158041	0.979657645063943	0.887714067342989	0.996293760716451	0.986126716410713	0.98379521231772	0.983629207332961	0.984366783990936	0.953194623454852	0.977587176672111	0.959006913260146	0.988074691257319	0.990529571275013	0.988226258820419	0.980388462529643	0.996391257721709	0.981664951577704	0.980865613535418	0.98871304249084	0.900667753134582	0.917049621836459	0.994219558892164	0.979314719634325	0.949278957564174	0.994110873694627	0.991714590536596	0.945318858395222	0.999124933379065	0.986357510920708	0.981337876486015	0.987077006681701	0.954160270462514	0.952477820606742	0.979124951807191	0.986371580274038	0.925617177075119	0.98952245268705	0.888728148430528	0.994446029634774	0.944693202416216	0.990913713550869	0.991546350716764	0.995736015631132	0.93473601437441	0.909269320046277	0.951700233717166	0.990011177882849	0.973917081885699	0.982651609893257	0.989548971140812	0.99486430790519	0.955428121888636	0.979271695566765	0.956285591217273	0.905280299871356	0.900501869420837	0.978745728109478	0.982901313311928	0.852161822843809	0.972423702060444	0.994114207565101	0.981475558318079	0.98132702658437	0.990799717749919	0.9925101166831	0.997161457853766	0.959151443288391	0.968862956338632	0.983124865762522	0.996340565266537	0.942171361500297	0.961852509799467	0.984670768221567	0.982764715880458	0.972018683064339	0.969484137374206	0.951186846819546	0.82098519373348
"SRR36103443"	0.784377442877781	0.826563415243965	0.435884719690662	0.609509270090161	0.411410684322998	0.938416011589794	0.819583945238749	0.787227462246072	0.619278617363109	0.765886146851042	0.500573543501175	0.754226960299262	0.599979586160343	0.797057603004121	0.841116828393175	0.85289110538705	0.682234796416737	0.899343376860353	0.768404004842255	0.802648570011759	0.822313719598842	0.111518387163249	0.0698944137399161	0.904734489395419	0.716670820089156	0.548722637451331	0.895475719552943	0.848723854307014	0.628787124199981	0.98426192677508	0.671397804515569	0.715487813385551	0.811238300708594	0.62986166363427	0.520845684911883	0.602492609400509	0.825908719947343	0.353422924455385	0.850270561290459	0.278747231665005	0.898403618798781	0.480292979367279	0.821150215160855	0.843856530173657	0.912298546120756	0.258365829097005	0.365165672699235	0.298664432780787	0.843368030275701	0.708171523830779	0.791505759890834	0.821962985906176	0.928790320338172	0.483664377106804	0.623805633715461	0.490619333324082	0.240575695899189	0.298804722026963	0.686736212694295	0.710516440335333	0.44672716688101	0.711399194742762	0.87813399769288	0.66686212821373	0.677676208378851	0.841808834855812	0.842942144887406	0.951479837208593	0.417043872871528	0.428375477269447	0.802564321960362	0.936380887104507	0.457916375461471	0.599516371437823	0.787747268406667	0.833669506122758	0.672034735319287	0.706894437673855	0.575093862372591	0.250114268090833
"SRR36103442"	0.84280650039762	0.85811650859898	0.72042758285248	0.570987119989427	0.814420228939694	0.850089655535397	0.777946517711916	0.744547027842358	0.744610256939353	0.794161618694466	0.768930101596004	0.717726574666493	0.734535938552495	0.865005395734027	0.852929923109431	0.809107506350005	0.724225819779032	0.909069539086517	0.793418547805466	0.785568011298907	0.831813649910664	0.468877516072917	0.601235300650145	0.797963252163421	0.852629261172484	0.692219272352399	0.790081531949449	0.853316958080532	0.753110387882876	0.885170087975787	0.838080271157978	0.790315791341468	0.842446171449151	0.818716109498038	0.793518387729578	0.885367724885294	0.777083411914423	0.748741542195118	0.835625583254946	0.655169842234606	0.850694330974898	0.780117010203307	0.929922259041195	0.808478069668532	0.88752023586818	0.696217068263972	0.77884169218818	0.610644715670373	0.799720552381117	0.75199735565654	0.778915622977672	0.757471673091367	0.798562570870713	0.776200604598282	0.730841989083491	0.822135264167498	0.639979528422226	0.817257404582577	0.857615127795943	0.790256420440674	0.720231784878203	0.84808743489462	0.849136258396591	0.848862089992296	0.604307067763868	0.764053994010365	0.886508009576116	0.843868153204841	0.71131618330216	0.760179320604797	0.721489546874874	0.855015831711752	0.734190876269861	0.762924985337656	0.782371045306086	0.705778162290499	0.831511594680624	0.724867121940455	0.805516703559093	0.88431388366451
"SRR36103336"	0.0136670231337589	0.0289724003741611	0.0183063609747601	0.0225609402085084	0.0298936279978968	0.0180902475164001	0.0194015039251203	0.0259641879436029	0.014027704946	0.0272256002782231	0.0186595506196947	0.0194035512840647	0.0194930839767129	0.0167304281676222	0.011384183659812	0.0390976886935478	0.0121471816991788	0.00986577136616383	0.0516609099807957	0.0137653596238712	0.0217879053452149	0.0110009156210644	0.0384979724375837	0.0198335829024729	0.0359219599439072	0.0223192718182164	0.0396520033851521	0.0191480405076774	0.0139998102015188	0.0163618978596286	0.0127391734493115	0.0120132220070537	0.0322791599533097	0.0186741457010915	0.0282419146472173	0.00536053245395548	0.0115088691596844	0.0163256977985862	0.0187762931065384	0.0387184914802144	0.0202649152224961	0.027269290503456	0.0376533591852857	0.024862990077297	0.016625142042153	0.0259635218891974	0.0118681738553799	0.020990692537397	0.0170150001199155	0.0389191416003969	0.0363395082863495	0.0248414726340561	0.0220124453655057	0.0249689144195067	0.0140345954269122	0.0249882567553504	0.0453090223716627	0.0199881470646071	0.0257449830404718	0.0122795224839237	0.0360224853659692	0.0186025468866465	0.00677886893009226	0.017656233927737	0.0187116165206178	0.0147130899907004	0.0228065522249833	0.00877182425335354	0.0190759266215322	0.0109927694022084	0.0228184906908276	0.0217316652858156	0.0130500687167557	0.0137020719744433	0.0218407019534446	0.0364768397676226	0.0186408873360179	0.0284520916397933	0.0218952801216881	0.0572086645257407
"SRR36103335"	0.995409091251313	0.994724999646902	0.963359901255262	0.984397201777038	0.973456590581655	0.998224610368516	0.994890203666615	0.990497139298103	0.992714680780408	0.992737060346979	0.977781886372421	0.987588777343752	0.983116815370612	0.995490127357935	0.996346427395153	0.993180540462584	0.992739578767158	0.99883926945916	0.990151173032815	0.988147475293515	0.995623186905578	0.90898619590541	0.871028320162898	0.996901337839929	0.989052830869978	0.974720297407861	0.995987623385527	0.996405443029019	0.966703508412675	0.999669272345402	0.994367462629725	0.993562050583897	0.99626984694831	0.977133121875827	0.972646834161628	0.993088055395546	0.993549542950513	0.971169263770154	0.99621175100919	0.938436533426769	0.997686612644753	0.975253083251366	0.996496011436876	0.996681909839257	0.99876509635734	0.967685956024409	0.954073399463289	0.969454335018745	0.995711100652304	0.985066309111756	0.990729770385676	0.994097752224629	0.997614230797324	0.983264318131373	0.987905398647926	0.985140191568015	0.939735019290037	0.965629001195027	0.991345532765243	0.99305286425176	0.940607119532374	0.990803544620427	0.99742374296593	0.994571094828338	0.984714069929244	0.996317825715014	0.997262664493452	0.998812329395894	0.978790739656802	0.981417088545583	0.990185843508287	0.998575286143326	0.970645032543842	0.983619511510236	0.992920691459742	0.988349744417321	0.990334256117441	0.984394175077851	0.983145078852574	0.947286425968013
"SRR36103332"	0.443980330440374	0.467576929511269	0.331942718550854	0.204576714100901	0.276213832879272	0.459879856831681	0.344826331592777	0.358251635633393	0.25379330904921	0.353947775687425	0.354634854694048	0.289927546302383	0.264039255989244	0.487798594829882	0.40293570301871	0.502844719151608	0.192790867451128	0.535241829454502	0.450179307981914	0.418205407014203	0.388059632838239	0.258369753159661	0.417226343216024	0.414020017394752	0.476511331029136	0.265513204802411	0.481026326603668	0.471489717397635	0.379437053573295	0.47175230069799	0.427724283255363	0.321300637966929	0.35072877001344	0.461865972097375	0.485778789295041	0.43779376063406	0.346962806350883	0.259446153013455	0.371977179535668	0.285699919624348	0.472983657600506	0.382812459986093	0.633212877126158	0.382459798989759	0.471355296808176	0.36329934913134	0.384375885723915	0.271872904864874	0.337841065384901	0.44466581618829	0.417967575448364	0.357862061705019	0.363761530698864	0.311966482930093	0.304545086211285	0.33625266370411	0.330970789968456	0.353464532357231	0.48620819918546	0.304654405221083	0.275375508634227	0.399777332980821	0.381402221106861	0.354565204433519	0.258560829954168	0.297228098184104	0.517303162090039	0.379841220158616	0.36502765863024	0.376486206986107	0.307182610668176	0.420477652913968	0.311509328743127	0.304477622236747	0.368434840958536	0.353312258025899	0.363555577780402	0.351335447193208	0.328198145047903	0.445697279669753
"SRR36103455"	0.042410944576912	0.0863724841166572	0.0373155186103266	0.0606371708349175	0.0556118124437137	0.0797159545612897	0.0630288839567714	0.0740986697515786	0.0478631438620481	0.0821819248837519	0.0411501540205983	0.0554607128597916	0.0480362659883744	0.0527610380996249	0.0427085684872245	0.113216004129357	0.0371488884223871	0.0443601221872037	0.122916057703284	0.0436295497456562	0.0695311999691595	0.0158409801838896	0.0485622546109966	0.0760593984125826	0.0801879134626879	0.0501427240082381	0.126854828737685	0.0669240157684249	0.0346795783309145	0.106037672182959	0.0372568145959504	0.037293262465174	0.0950534452682861	0.0446817936108126	0.0575412622328169	0.0165257303387205	0.0402104102545109	0.0319670804983611	0.0650160990656104	0.0596628458915858	0.077674724994623	0.05498945451357	0.100568012213223	0.0812945346255768	0.0702702993883745	0.0420527362857689	0.0238126248028938	0.0379964622559917	0.0593704664356262	0.0929042223626602	0.0973761005916074	0.0770892503011789	0.0908823645773637	0.0527450790647138	0.0373857064732271	0.0514792409591269	0.0661973950019816	0.0347520066925721	0.0686275933568102	0.0377015686307209	0.0640284023225756	0.0510532534966232	0.0298555191589024	0.0490026759179817	0.0503791604576239	0.053601837525403	0.0752420625880324	0.0475945131366579	0.0394018028210393	0.0253811758100954	0.0678113376411148	0.0931695261375385	0.0293112730817118	0.035780857690191	0.0650392324267325	0.10210822985836	0.0492062628337042	0.0717498491526815	0.050123640395837	0.0708973570119544
"SRR36103454"	0.473309642342749	0.477179674824373	0.364864258891415	0.226295941976402	0.287171961852781	0.460814229445852	0.371565277256528	0.365941774863046	0.306029651558016	0.359269463061779	0.371590892734101	0.30459701131072	0.276045472364138	0.525460087517208	0.416814551756982	0.501340943866333	0.201225699282636	0.554041687801752	0.449312534987618	0.443958671978369	0.391567596684509	0.321948055306773	0.43764757160376	0.425433447212284	0.501775473342881	0.278456740852508	0.474620783612374	0.475032040161087	0.414165375787298	0.469755889416517	0.445356354331467	0.349462380876282	0.345364151763029	0.488095915574809	0.500689129613069	0.471706810839608	0.382952891158536	0.277261218735314	0.37657046252422	0.294608792787504	0.487934769012327	0.394686779206377	0.64885055918328	0.392326983795217	0.479525440184423	0.408192444694435	0.417700579292822	0.298264740444196	0.344186640297182	0.466009607449779	0.419647849820169	0.360269364921607	0.361021568326903	0.319454024333234	0.321165180449351	0.350589773919817	0.349621640283158	0.375260401722409	0.497722606871798	0.317023974645817	0.293220453920707	0.414803889288374	0.401793604550029	0.358763252722049	0.271701452967919	0.316660707173122	0.515264687202273	0.400772184103822	0.402591485474594	0.41143821998319	0.318490029535374	0.41450642203972	0.334017839675326	0.322359939762127	0.383582596367716	0.360123150517946	0.377421085536787	0.368460413589753	0.343747809613741	0.475986129567076
"SRR36103453"	0.246122052753138	0.368010856381363	0.22261495700003	0.184588974523839	0.389861984630512	0.270280273106994	0.248925052667558	0.24675912075098	0.263069197181748	0.316848146908085	0.25657294017404	0.205642846502923	0.240486326755977	0.294986790801406	0.246423487858758	0.329953940883335	0.197670874357469	0.296370189498854	0.371087031343479	0.192940476969412	0.308413366609095	0.109417057224722	0.293753849378879	0.240678262902196	0.369982851870659	0.227504128447818	0.309263060464489	0.300551159201818	0.185078685916933	0.285923420617913	0.267517203000561	0.223516710731406	0.391753373582434	0.265240333812184	0.30560627776769	0.225606142250476	0.182959912405666	0.252786434768353	0.292036482681356	0.289411252741797	0.294467986153797	0.312313721839426	0.497152524493179	0.302969048674977	0.336331776627937	0.269641065252697	0.213957682846716	0.202820494421261	0.247884378441421	0.29396363242973	0.31100121734014	0.253753393241711	0.257130161936663	0.31543820121436	0.197059980022598	0.351949474715512	0.293071567372661	0.330804794392681	0.348884720717678	0.22495874373008	0.299810421083913	0.313168023447588	0.186752372124075	0.336048701011933	0.157684927372919	0.213186654563624	0.378079675488096	0.19162191526455	0.229287084821762	0.194102517352258	0.217894133372145	0.312453007846032	0.200026310206306	0.217181743962989	0.260837722889914	0.245188025270527	0.303833423483823	0.252986108126153	0.306458951484143	0.551634365290713
"SRR36103413"	0.0726359617900231	0.0990269553387419	0.0708035204525951	0.170665009316846	0.101493864816852	0.0641696162554639	0.0878600577038303	0.103093907110409	0.11045007648651	0.134241640922005	0.0812017516492482	0.0634801918718288	0.0738245473411	0.0664621194424183	0.0372939854881686	0.142708276260611	0.0630859103767575	0.0479253279288844	0.224099572340123	0.0296392687963753	0.0945156515535728	0.189844893890439	0.632648593976341	0.082035960832341	0.132711839498799	0.0880438400414565	0.19059987848233	0.0761369251423072	0.0247792368804715	0.0655432915696248	0.0843988002242801	0.0588967387775124	0.160467596366074	0.0429334304740108	0.112965581181869	0.019559235014632	0.0355614239594104	0.0829155420727002	0.0702589386044832	0.225607862999503	0.0868227450054594	0.122013042358389	0.133291196719784	0.145543278450208	0.0860507707292651	0.288245322131513	0.034731425145184	0.245888946096117	0.0688328882618275	0.154476891053275	0.14271146175273	0.122117466987989	0.0804220949145066	0.143690765377891	0.0779413858312481	0.130877631819467	0.328188843260318	0.0914175785377082	0.084811636348507	0.0569561875740176	0.0797509802596996	0.0567521728482615	0.0219668049878722	0.103693449463453	0.109584149782568	0.0741025583754535	0.116350860097205	0.0274087353533243	0.158365481951361	0.0684909084352111	0.0786893824530865	0.0925566004931004	0.0490581302311798	0.0462969924182791	0.0925869768340882	0.114256297248562	0.0686024772004852	0.106784432699336	0.0751080969838639	0.192881157350229
"SRR36103412"	0.999079180516161	0.996303360684294	0.986304686706832	0.995926738299591	0.96634291544277	0.999324532039086	0.997692967960277	0.996536582414983	0.997114291701529	0.995775270036154	0.990571462611549	0.995838827558957	0.991218234018876	0.998438431758972	0.998541957474948	0.996930885106749	0.996577820572941	0.999540706710798	0.994760858203182	0.997145161096713	0.997623721711302	0.990293001956556	0.971971932119784	0.998998029104566	0.996461825372191	0.98869130478284	0.99853729949837	0.998369110246631	0.99153899985112	0.999857033660612	0.997877943736105	0.997284921179588	0.996484320991477	0.991608415917904	0.989036755127688	0.997750425295751	0.998335944666218	0.985202938388832	0.997888323779596	0.965714825840042	0.999058553835808	0.986377415891869	0.998417742944132	0.998314915364148	0.99925039504169	0.989159225748537	0.984982438460782	0.991581444067887	0.998124252324721	0.994205423666146	0.995522178768901	0.997759179480498	0.998897794487807	0.989116624651999	0.996699837564676	0.99062925681717	0.974191413871195	0.978313734833476	0.995477066338331	0.997139486032858	0.955739217011967	0.994510029308631	0.999326932188685	0.996093433275548	0.996710274052502	0.998578157052138	0.998389559082635	0.999668893221293	0.993533879565336	0.996049516792785	0.996692310634576	0.999227920823499	0.989840864620281	0.993104874112816	0.997090888436725	0.995882173280867	0.994455281249804	0.993247418226252	0.989354052967256	0.950295864621452
"SRR36103411"	0.786612517519779	0.81950984004127	0.702833603408692	0.468521181134666	0.744814899614288	0.765585363047744	0.773418382317743	0.654658359052441	0.646842391191699	0.710415061122174	0.699889364070432	0.613199284071544	0.639649600279306	0.857706947972934	0.772384089029929	0.742799756269281	0.602161115900718	0.882254258231134	0.728747301994811	0.699395509287057	0.752514181070479	0.650890124930284	0.605699280158748	0.736378898593943	0.794653294102071	0.602097242784923	0.713502296090899	0.784290479653885	0.671907939583992	0.823504572207536	0.798519826467305	0.769491965929517	0.764570312859114	0.75817254355453	0.746254184981463	0.83560693451152	0.73997957528204	0.670667497213721	0.750573053840573	0.598864004024965	0.816894673268338	0.720608202741358	0.895349695168509	0.772928879358431	0.856741341470132	0.787218895280389	0.718811705770694	0.644687473527404	0.702918596152257	0.743067983964175	0.703874484768436	0.665332518421615	0.693634545187297	0.705118779258094	0.642466979770474	0.756660465435503	0.649316879917246	0.764112326696626	0.800643762726027	0.697178714632918	0.641366608909245	0.781328488579132	0.757150079632059	0.779800158832173	0.520367451264557	0.72296202947375	0.832892516457228	0.773619250337835	0.756782526847619	0.728950720177617	0.61701051539732	0.769285829798233	0.655910525954749	0.674691537380159	0.72676521068606	0.609713413712556	0.75847493445737	0.683720638744767	0.730491754809784	0.852492522158712
