"Model_1"	"Model_2"	"Model_3"	"Model_4"	"Model_5"	"Model_6"	"Model_7"	"Model_8"	"Model_9"	"Model_10"	"Model_11"	"Model_12"	"Model_13"	"Model_14"	"Model_15"	"Model_16"	"Model_17"	"Model_18"	"Model_19"	"Model_20"	"Model_21"	"Model_22"	"Model_23"	"Model_24"	"Model_25"	"Model_26"	"Model_27"	"Model_28"	"Model_29"	"Model_30"	"Model_31"	"Model_32"	"Model_33"	"Model_34"	"Model_35"	"Model_36"	"Model_37"	"Model_38"	"Model_39"	"Model_40"	"Model_41"	"Model_42"	"Model_43"	"Model_44"	"Model_45"	"Model_46"	"Model_47"	"Model_48"	"Model_49"	"Model_50"	"Model_51"	"Model_52"	"Model_53"	"Model_54"	"Model_55"	"Model_56"	"Model_57"	"Model_58"	"Model_59"	"Model_60"	"Model_61"	"Model_62"	"Model_63"	"Model_64"	"Model_65"	"Model_66"	"Model_67"	"Model_68"	"Model_69"	"Model_70"	"Model_71"	"Model_72"	"Model_73"	"Model_74"	"Model_75"	"Model_76"	"Model_77"	"Model_78"	"Model_79"	"Model_80"
"SRR36103410"	0.862586619296995	0.813833035592028	0.711060891565758	0.851707495243141	0.951436600079343	0.668473586138754	0.850286089388455	0.689788309898015	0.863937377634755	0.695388341211326	0.537640095656819	0.908968299722997	0.893445911631392	0.750733300899372	0.91894519157677	0.727098681800991	0.92128852810018	0.849665388827554	0.781620393018253	0.76316470419957	0.783970488868759	0.90252272213128	0.831680758809727	0.88521031611452	0.933133445995454	0.680958152681855	0.762230848838568	0.892520859859905	0.91109160301673	0.916682799942995	0.86771312382943	0.881224919170134	0.861622082582664	0.904335662219468	0.726305497154634	0.972612383505889	0.947907145653915	0.939386810102097	0.862442286856236	0.953727357391365	0.952376086546044	0.710837090263972	0.910844093200033	0.929718812364831	0.49032522766452	0.775021821251667	0.866000663439404	0.796332475177495	0.858552440711937	0.817859278995439	0.949817267321166	0.803724730851189	0.908577092179243	0.873436448767062	0.91108628452984	0.922907982290935	0.919455245619534	0.899228118738449	0.929765877034525	0.898526045397705	0.93684088041918	0.952278898977861	0.940292076924664	0.965668307615042	0.912727611837202	0.909220331373498	0.924434377607898	0.877927614385641	0.912565437765146	0.921169477250517	0.855575531837787	0.88481622718815	0.925190991954972	0.86194567058277	0.94923896103574	0.97747647010903	0.90143412114708	0.93837460265841	0.91953683330735	0.807684928326659
"SRR36103409"	0.985725845815784	0.975632907095744	0.97668278668989	0.984162084162639	0.992307523602307	0.936609882451782	0.975708859666736	0.958926700965052	0.969648091992537	0.963186769975626	0.950875638900869	0.982600725036927	0.97111480301149	0.964029096630745	0.987451267560934	0.98501191297775	0.985465564003798	0.975837631471507	0.984127933999406	0.976919420128196	0.940627497865317	0.992303706736634	0.965983714006462	0.980151415602759	0.993189452818128	0.952940152285985	0.966099519722518	0.99418603898161	0.988722859423349	0.978859658686349	0.980808245258807	0.974879202013902	0.982944644594375	0.970250753878172	0.985738128092982	0.994001405453338	0.984484415814694	0.9922463455038	0.98491301141654	0.994096113582741	0.991601991357683	0.900847440688785	0.990572839896581	0.988560754969657	0.91372594295648	0.971603189035742	0.987956664640643	0.947625705043712	0.972023696508244	0.966342158576092	0.996166622006474	0.979781621076934	0.987047480904209	0.989521550276394	0.984090315278162	0.994957965594678	0.985900716503137	0.980079939238398	0.994057474312719	0.986311398880955	0.990718226909428	0.992947825961557	0.993335892023814	0.994985736369081	0.989539565348115	0.986521784902705	0.99279969281197	0.989299327386325	0.988630034765773	0.987528695102999	0.972542156664908	0.987772937670094	0.985972778762367	0.98653030831033	0.990057259303031	0.995237233640106	0.988313729793966	0.989806924806535	0.989240994248189	0.975032332928305
"SRR36103388"	0.959095733053305	0.95323328062781	0.956960763314841	0.971703595544057	0.977396696955923	0.884160029470268	0.963144805666818	0.95153596759842	0.936759610788599	0.926099614231579	0.937292556225326	0.957492201082112	0.961064579628357	0.951096678884188	0.973056504748365	0.968198459454501	0.973353769400582	0.950101448827058	0.96953977600155	0.968564315400343	0.894308202685876	0.99072045602317	0.931959251749947	0.958548053142423	0.986453784644466	0.935391692181338	0.928540298555899	0.987962832722431	0.980846552377237	0.98019270076468	0.972162331557725	0.969785714711969	0.971288046918805	0.959391430532829	0.974375650915391	0.988568368214125	0.973943097305665	0.983420154680789	0.968810267916668	0.989473884754137	0.979158011893088	0.867553013300805	0.982467412899442	0.981025412459893	0.912924420502835	0.951172118246534	0.972819837245843	0.945372746419699	0.953785985836009	0.93835336535161	0.992026095244599	0.960411936651683	0.97407183505987	0.981324584013959	0.979630468314616	0.984149958789496	0.977446028735622	0.960349614754769	0.988455981310581	0.960775987521001	0.979514194639008	0.98405612973912	0.981720302059856	0.987133972024097	0.976857666460887	0.970221971309449	0.987337000751603	0.984803751362612	0.972392602988239	0.974199959225778	0.979275893953732	0.975198996941177	0.98299255612853	0.961935556193739	0.979781950079375	0.993491657711204	0.972282820465849	0.978819964932613	0.983529130700586	0.954673343091001
"SRR36103348"	0.0736754744521062	0.16613587423989	0.117680295616471	0.122479458190269	0.275193181614071	0.0625364650008953	0.124747078527594	0.425747221102296	0.103698618374061	0.156270689398175	0.237301632960178	0.2391523369167	0.142468223633043	0.191029334883019	0.200943711556499	0.314210945605911	0.482497128968258	0.0531718217453211	0.242266476818632	0.291617722432352	0.0803303873185967	0.29580100799735	0.210980935883759	0.205681654197642	0.502294518018774	0.292284625999619	0.169727670124443	0.192554112419886	0.231880702337569	0.263439680823272	0.29689278579867	0.47319488357837	0.361865623174348	0.111749685938119	0.32669883345111	0.32224033280591	0.219268253830538	0.358831960590205	0.446360488034653	0.644691153464401	0.578312781570457	0.183722684861701	0.171855943821743	0.516200167163665	0.149144089962378	0.532788244203819	0.267619527778305	0.119916237586332	0.153711284389888	0.0860348968256397	0.335679971276227	0.217958792551339	0.267150310118482	0.231544209630313	0.182517559422499	0.180988192298266	0.196119160911732	0.136165132876755	0.225966706432083	0.240193204568982	0.235519767698291	0.262756311133033	0.277500337077213	0.28662652142293	0.227443316106311	0.128952222078932	0.64524412973593	0.651710325860075	0.371849951140584	0.269694016816346	0.112068814505368	0.0742659017896579	0.343455041799139	0.263625551782107	0.228542634548878	0.42192881174306	0.205382180674413	0.350373426145865	0.185214196604184	0.180257937061521
"SRR36103347"	0.994374206653386	0.937994850786312	0.988113292265615	0.985033179444895	0.992524764108308	0.95374226372191	0.978314862764778	0.98728876156566	0.974558582192579	0.960895400648341	0.974757526324315	0.994669386458111	0.991918191416744	0.938197097581856	0.991406437264787	0.990978748439318	0.996135565745332	0.976950798062597	0.98610494870445	0.986208815035769	0.965705791677337	0.993521541695936	0.981157849539355	0.991235317394814	0.998538868421294	0.98244408374703	0.982685508575865	0.995942907397742	0.994068764762632	0.967000832747434	0.991412687504277	0.979821302538427	0.992625630366705	0.963033012887334	0.992585908810938	0.997056110874481	0.986178769719478	0.996213790442537	0.988448288090152	0.997588343216044	0.995970188720428	0.926167461414246	0.980849732574236	0.997567889157862	0.941865224993575	0.988960493164206	0.993363482719642	0.952287408550879	0.986783139802805	0.981355312622553	0.997370449794551	0.990728478803558	0.986353117299837	0.991657837824053	0.985435374733371	0.988798980488335	0.980281319373635	0.977622909058352	0.988555910203821	0.99211400509798	0.988339978853059	0.994371463842812	0.995875350971407	0.991030899859102	0.992814689698295	0.983985919931777	0.992232173679992	0.996495582962751	0.996324447740456	0.995316679493588	0.971628417614588	0.993988059703944	0.992567452125951	0.992883211231967	0.992048893686198	0.996987540405127	0.992510707039659	0.969064319956487	0.990511229146387	0.983972667261255
"SRR36103352"	0.0339209689999051	0.119390649971996	0.0719592047290503	0.159658032533745	0.288388081387137	0.0330287420836868	0.159364881863549	0.138146293446556	0.0665330249799101	0.0883656137993666	0.0954595608070253	0.17120424723866	0.17214077085479	0.149190206185378	0.263283758435244	0.203150140381257	0.30640874428815	0.0495206236765091	0.125030929803405	0.191615080632321	0.0527276763442655	0.28606524793646	0.130156507539245	0.207046753196033	0.172125284801429	0.114994761856639	0.063225434660102	0.271551724241277	0.172935698841702	0.306151099972644	0.174586983336255	0.401131109029865	0.241260281292255	0.116033273328502	0.150458200958515	0.333620629179572	0.245491250799065	0.375304629665789	0.318395014814736	0.476334157435329	0.427539364969668	0.0738435581359574	0.237466023845017	0.185168643207631	0.0809243196398859	0.217922523400286	0.177786516907537	0.0740267573550014	0.126969571105107	0.038150571778676	0.4082951320991	0.103237263917636	0.168522412505919	0.182096379376562	0.122082807036625	0.222536572368367	0.230138841480415	0.15894257872197	0.248647095896554	0.185309363704202	0.290645089038213	0.268381659279653	0.249217185759217	0.308783581427085	0.165093361679672	0.160120050119141	0.143300745034587	0.300138193371723	0.230342560705992	0.20090339202957	0.139840476312632	0.0794787611074989	0.179240555412275	0.19541354231258	0.252889014190264	0.363848952561186	0.180914464934047	0.336350458381617	0.234244956020691	0.0797422618364363
"SRR36103351"	0.916030536774162	0.7969911686322	0.742550372973196	0.851256841100805	0.95567143484446	0.721277762458229	0.839340752804606	0.685493010855463	0.853700836853847	0.7215322712022	0.582623540139748	0.917079736306732	0.887761456084392	0.777450954472266	0.914482750816533	0.854394109832539	0.922629491525338	0.874818461774852	0.809856733829844	0.76957424389504	0.791857566410148	0.906624190389347	0.866174984989122	0.88023205141483	0.960162309719098	0.796883342864902	0.786911879441072	0.914700663955922	0.924600010885291	0.918353017517905	0.84857351139391	0.897223876165031	0.865756427599819	0.888264425064325	0.852882092576889	0.979040624274341	0.931118950220483	0.951865236573353	0.896860657240021	0.968226677667558	0.955564549230716	0.715785025096764	0.928329256694562	0.940873285878389	0.466042296082232	0.80458850737283	0.889917449276855	0.753272402024691	0.854104889425211	0.822260111827389	0.961360240577733	0.835138208774724	0.912183600942406	0.913450512161886	0.916521399032107	0.933914407556313	0.920246512169082	0.895517644369876	0.942123655477232	0.913990462307892	0.937431631458979	0.95988164204833	0.948789316855885	0.971862646374702	0.898663778995373	0.904302561723627	0.953725711180831	0.943821084872891	0.926165543256885	0.91944753688928	0.855214998021542	0.898877611350145	0.924436580787577	0.926327628962535	0.95535339583727	0.97886966953497	0.9257820388935	0.948594729176034	0.927704299832066	0.845138330289763
"SRR36103339"	0.15481906109582	0.404271993807784	0.292417400497861	0.496716415998611	0.633127312504097	0.146527940878757	0.496055932145352	0.545848645597584	0.365568653519584	0.274213487610039	0.347347929866256	0.502267352807501	0.476299063785867	0.39047149966848	0.625407038486659	0.520325884527214	0.703636176838588	0.206903263767371	0.462537232505255	0.553710414514034	0.249433731955405	0.67183315877203	0.428992675935353	0.559748756368228	0.577494549254804	0.529105458553804	0.310537952393704	0.633673214478968	0.512032865997363	0.620645334723455	0.605237097605827	0.724393927804516	0.627748153238172	0.372446335261374	0.511402433500144	0.796594757056162	0.696162741113123	0.640134388825453	0.703783545874045	0.819090528990393	0.760832880638332	0.312577584020243	0.469673718826001	0.624745718429884	0.347416870618478	0.569746214393667	0.480366503323257	0.408872208468437	0.466041052312899	0.270627886227126	0.822831011211898	0.387712154222404	0.543832756889929	0.558923967880832	0.462303485067498	0.56148686120015	0.571076993675148	0.492872224936933	0.595802702865178	0.477082422376382	0.645773935014028	0.678199555945192	0.607455828904137	0.672637004631036	0.586232125466143	0.524004552145333	0.497199228006762	0.742916451209299	0.585783903149292	0.613789434728166	0.465658247303366	0.351586734560259	0.63087465275879	0.533939138464413	0.595380419748701	0.766185949734914	0.490704176172642	0.614469046542814	0.5903259822622	0.392260473357485
"SRR36103338"	0.987984153446784	0.942923442525668	0.940386451168782	0.927788747788089	0.978859499533675	0.919997279453762	0.901969193667307	0.954268433047311	0.93709918116485	0.905298414270684	0.936683927744878	0.967133377764591	0.914381441856973	0.941351190505401	0.950771253862259	0.963606743099857	0.978398317409749	0.937860448817505	0.963105036766503	0.947095305964168	0.911208493638412	0.974341992359216	0.950363769977141	0.934075238663943	0.996845667693445	0.948704702858713	0.960074464057444	0.971536772068693	0.977128022391352	0.97093562911368	0.944711698615716	0.944152923634612	0.966260418104159	0.959163812046667	0.980920294588042	0.985976864080661	0.942662136765119	0.980805654560732	0.962526347863168	0.992923796709017	0.984348122243155	0.915228909938143	0.971231635558191	0.993006466069087	0.823859927391307	0.975577468648946	0.971626992243327	0.883246850417777	0.936890158175609	0.955389833650993	0.976469168690099	0.970202063212298	0.974902809214197	0.976715646351782	0.969363821938968	0.980290500795564	0.94888143658182	0.930735379352036	0.981098972236277	0.964502931591005	0.970584044635938	0.983617632938131	0.980834738253805	0.983863959038898	0.955326091463771	0.940459875694488	0.996662285981226	0.99351980502208	0.981649990427788	0.970204028943012	0.916218606925928	0.962397691605373	0.982046250714617	0.967872287172093	0.975722461405708	0.990630714594226	0.973577308862326	0.976044882601054	0.957300943860548	0.963718648208756
"SRR36103337"	0.995596974403736	0.987432309323381	0.984436854950073	0.989996154419804	0.996719570494208	0.976970702790593	0.988031617307129	0.984500172525287	0.994156763700416	0.964953341722384	0.96610135103439	0.993559553044221	0.988650586619012	0.981648877646095	0.994299900540574	0.987179488676177	0.995083430653914	0.990425918788497	0.988781432175428	0.984780729583482	0.986264054574931	0.994879328694255	0.989487603615856	0.990253466195622	0.998639554626919	0.992620137255015	0.989690596636849	0.994287132959982	0.994978333880982	0.995604105165784	0.992336890147938	0.989357865634846	0.991611184111262	0.994860910616133	0.993071262412244	0.998307758006449	0.997325736887825	0.995794029848989	0.992414733273662	0.998383701318026	0.996163037677269	0.978476186680092	0.996605723186888	0.997912873725707	0.953348440048352	0.985656814368187	0.990628670199277	0.989811068531859	0.991425829036493	0.994730575604292	0.996634170267986	0.990395847638932	0.995840613688431	0.99547932900993	0.995520009564275	0.996765149364231	0.992734344376627	0.992033542045066	0.996081285560498	0.991361294443296	0.996275624653502	0.997659740208531	0.996173245030475	0.9984771631483	0.995795374154628	0.994165716518579	0.997345176146649	0.997819785406094	0.994603680202854	0.995923757436019	0.990334996288918	0.995255711788092	0.997352151957393	0.994126604213257	0.996054145104792	0.998771579675873	0.993030440256624	0.993467330750912	0.994598714990949	0.991440702153757
"SRR36103344"	0.190763470319651	0.190087260186482	0.0928201874406686	0.151728942495556	0.4660901576839	0.0873383170746692	0.152545376246724	0.105798727072216	0.100587175045849	0.192175674796659	0.075358252827796	0.303775637987085	0.340903520452085	0.193801481545896	0.29205817056656	0.254736529848323	0.357912762562737	0.146390285109363	0.1517927754532	0.141149809455603	0.0987181201623858	0.267608653986381	0.217850400039047	0.235158726958139	0.392835890704017	0.102179890045447	0.100684145058448	0.274995338962178	0.293370218728317	0.394153595743796	0.193032761387385	0.367790941064141	0.228194189082764	0.323344219342312	0.174508584127729	0.472004267813591	0.184833270906493	0.393350318224484	0.318647179113897	0.548319644172442	0.541271461336511	0.104999897234005	0.15775271603527	0.315678360900665	0.0409005688938471	0.232181228445815	0.284340070372446	0.0653771303740876	0.150908936713337	0.0651621947979405	0.404797448756525	0.157834407130089	0.254923964889612	0.233686381747428	0.223760344140816	0.314966128288588	0.316917867102057	0.217797959426112	0.352928322748809	0.333351036055888	0.37017195825066	0.391530217354754	0.397553335027285	0.3178273827022	0.198894136362114	0.196885602703287	0.361301611125049	0.382279794565108	0.36212173013518	0.248349734087545	0.166256973450892	0.13828725110824	0.22623790453191	0.337112590417674	0.432573921030823	0.555495096550898	0.332673881564451	0.56226291491091	0.307769488896615	0.130738124774627
"SRR36103343"	0.989662417771885	0.976326671399433	0.988676348288738	0.992110376826706	0.992425758683128	0.963231609881264	0.987602376172532	0.986736812735411	0.983510643375564	0.975557406957805	0.976119982850042	0.985818312814381	0.987960998726656	0.970448362848646	0.991528359238516	0.985375086661679	0.99114627221272	0.979322666552279	0.991247221316621	0.988746760263359	0.966966246129469	0.996743902008322	0.976420924366248	0.98646846339967	0.996264829203549	0.981679658549951	0.978962635964131	0.996226753632554	0.992153668913804	0.986810169711866	0.99230925529468	0.981642473701813	0.990944968729796	0.986999415592519	0.992671126024152	0.997130528323775	0.993421096329389	0.994523291007054	0.987964985210418	0.996642628253045	0.991715385820024	0.948049042491604	0.99429480642621	0.993998793495921	0.963434136472924	0.981804161956907	0.987444378788582	0.976092286848253	0.986540851212991	0.985526253501648	0.997196698542251	0.986252450202942	0.988984768316166	0.994896213393024	0.989010565829874	0.995400657135518	0.989328589052013	0.987001995234532	0.996221178780809	0.986236422424946	0.992947133567625	0.995738314496005	0.994348149515637	0.996357356859301	0.994508642009673	0.991779648398568	0.996442750976652	0.995497433748488	0.990765897552384	0.992684615644273	0.982404100769414	0.994063666447045	0.994011966214961	0.987202241442287	0.993567244384428	0.997090776489172	0.990412084865245	0.986543618908693	0.992457504343479	0.980228016783717
"SRR36103444"	0.942334961846031	0.861382866104838	0.835447624901469	0.883493847967346	0.970597688811192	0.801709710957199	0.871026963286367	0.810233982720295	0.890135442346993	0.850534672948247	0.673433043912586	0.93591423573137	0.898959833148286	0.863824875998733	0.941767628283282	0.888406393384751	0.942066784451866	0.90209451546317	0.876412142893942	0.824412504440756	0.837187438553642	0.931950711285318	0.895990815107482	0.904386955706568	0.975365693687492	0.850560317904519	0.843917615948694	0.941538079917399	0.943499297795889	0.963120319569303	0.919440152855019	0.914888321726884	0.899343588572835	0.933564868733448	0.896113686427534	0.983902738670274	0.944687364824239	0.960047179858525	0.920205088083813	0.97902963217696	0.965349113227517	0.776591831283653	0.946785994387742	0.960072516555376	0.553434334257946	0.856137811553715	0.916372553565606	0.808814857771741	0.887445032225396	0.872834747036274	0.962154687654223	0.879324977432446	0.942765202774604	0.936517692618558	0.937484385248528	0.963334653292735	0.935706990297755	0.916345752362716	0.958707910399925	0.932240929268534	0.962453001398063	0.974508527160587	0.960936872617275	0.974724139729935	0.943127030010926	0.924975777151691	0.973528457323019	0.961781826219884	0.944881339672558	0.939710624539781	0.905115878296363	0.925548798542033	0.946420211355887	0.942571758724341	0.964754664026112	0.984054458367271	0.939360085986586	0.962808487702368	0.945554763269363	0.890292350803736
"SRR36103389"	0.356187171389992	0.64846626594691	0.48841009061662	0.687735226644273	0.845502788015489	0.33851565233031	0.722595779519668	0.718336683143996	0.733368401782432	0.533411738549714	0.386868666055824	0.764466070379976	0.752137157168594	0.5346434865158	0.823795925335729	0.66384342244115	0.860547226244228	0.497596027131973	0.631691173019847	0.656196846784772	0.555299141978894	0.780396247358313	0.700426849375608	0.780279400583451	0.781271351943559	0.797200163283408	0.553525702560587	0.700052962905205	0.735583896678572	0.806905092378776	0.861643351744257	0.873293482162843	0.768378883137667	0.708890636541634	0.64531092202754	0.923256884101751	0.924739325890699	0.80300568159337	0.856611320298445	0.920708614824803	0.898264117103099	0.573063056185789	0.713413451749063	0.834790750858156	0.463210853688373	0.665506606962919	0.657796402018866	0.748431123093838	0.728963006536231	0.617911925714825	0.879020457035712	0.576378878843023	0.796923344905451	0.747715705285226	0.766038308853982	0.741568386778927	0.799081682231313	0.768567588615651	0.75441313832943	0.702026890010186	0.837047312562566	0.854920236573003	0.805703424598042	0.885108383517704	0.876568159105211	0.788135237446628	0.755215117814226	0.874268599424113	0.773628570587369	0.837378034370636	0.717952662618211	0.625878361506002	0.855957725521725	0.78614320164568	0.819001805494882	0.927445787071733	0.673311699579582	0.801143505433084	0.808484013849892	0.623730607655685
"SRR36103390"	0.623405230413582	0.831037353302349	0.764698386726625	0.865170901731246	0.929170543881353	0.594485710352661	0.880877624853594	0.912856072077268	0.908341876139686	0.757213239944383	0.667302737886124	0.907761752528274	0.936135760780909	0.729437773759446	0.934349280744241	0.882686879549672	0.947863735334354	0.799097981456278	0.852693164938096	0.856714470836688	0.789218090356585	0.919603168188624	0.864327644506295	0.929485421120801	0.92458860386564	0.940066277397218	0.815200466256432	0.858041169961274	0.896676126654629	0.903390557247473	0.959412472874142	0.976534342706896	0.909765258387621	0.920160805956809	0.859510626359213	0.971971312258347	0.978686190448299	0.915121157710511	0.956850665016548	0.975696690838215	0.969572458635642	0.80237920736657	0.891870586798057	0.948277795814877	0.782809747229026	0.854267796985821	0.899194658688791	0.919638998985506	0.892757356835995	0.868239731549518	0.952572628978945	0.807733629826138	0.922428859954402	0.90207443195689	0.927605044512515	0.882361160403771	0.908475710829595	0.900148160876186	0.890148496158136	0.882748362109302	0.928135912058188	0.94197664038299	0.916036027760196	0.962696914824938	0.964900833545758	0.916622398181067	0.914383190746577	0.96949842488238	0.90261451791069	0.942687538357576	0.915129264910608	0.842509535495917	0.959993597851695	0.904812957941042	0.917044820177856	0.973629345247446	0.833323591248942	0.889299961804132	0.916635377926524	0.878985781876253
"SRR36103407"	0.625997037604214	0.929589133565924	0.876187602119925	0.931826292238154	0.96794452313725	0.595131399134221	0.925312498817103	0.936988797596473	0.90763888007057	0.856519706442208	0.832463262491832	0.922089087447152	0.948083774152833	0.898084090701202	0.966566536093811	0.945607158555226	0.960425177748056	0.781144309225694	0.935469903238335	0.936697285557426	0.756868724725816	0.963026485010922	0.875567695214827	0.94495474268721	0.92126055834507	0.928509552611179	0.858287368617465	0.967828079973255	0.924280230254789	0.954941235941822	0.970032428029534	0.965394075125644	0.949319384326135	0.912550350997032	0.923112996744197	0.973906757656307	0.97851769115683	0.956323513173175	0.974299734932242	0.979751241750021	0.977294001946572	0.754831550257737	0.965060929513405	0.940976700578797	0.868466574645375	0.918501238874235	0.936576181130755	0.924428674245655	0.904793560786259	0.84366902415537	0.986058390203322	0.89040685440305	0.962876140153105	0.933680441248531	0.924344867782064	0.979751115915735	0.945706128087182	0.927880401571612	0.949007485850562	0.921849462705779	0.972288681667298	0.96742871015396	0.957634211729089	0.979402806424787	0.97959325135764	0.949523959528685	0.904189085077841	0.954148600758195	0.942518490406179	0.959430331989212	0.938113733203742	0.880952699265278	0.951508206333386	0.942972718796816	0.924916663834774	0.972447100842716	0.898248227990403	0.953642431805616	0.955633595746943	0.921715856883156
"SRR36103459"	0.286958337250917	0.27029351717319	0.138703147149781	0.18016863783075	0.514101642233094	0.125120941649107	0.191598239041952	0.159347304796351	0.12134355497052	0.244311087290148	0.138887147654111	0.362609446041198	0.500039765083392	0.353617759163763	0.316241497190288	0.399414577473392	0.42827921343106	0.25002235752393	0.213984568330268	0.216478261157368	0.123923954891828	0.396711449812959	0.267642599451557	0.265013999168131	0.549281772376663	0.131129557434799	0.147726455241261	0.336514353499241	0.450462532543672	0.59104371113409	0.251259397625218	0.536859539425652	0.29104144101136	0.374292814019575	0.260092104975543	0.620822797986322	0.207982684084793	0.533088563034746	0.396587538216407	0.641707034930092	0.63426322580255	0.149540481595329	0.334382428344133	0.464559482241664	0.0746063069754432	0.332754302317335	0.450038054555924	0.12502865753144	0.180813648785854	0.0904640786520874	0.453093252138	0.255432563047837	0.398282337218485	0.30173859107575	0.437090141984698	0.377703458672477	0.449073041828407	0.255008950091899	0.462594629831805	0.398525243959221	0.425958879525702	0.475411127476916	0.469531784045673	0.449525423339119	0.233907053023994	0.220123947519729	0.543819998025018	0.503134092264507	0.451245139292068	0.296199933407811	0.442899045248315	0.17931673260744	0.361019026661501	0.393650116534302	0.486732874405292	0.720707895434576	0.411083987602847	0.725608571665853	0.449571662590533	0.284884706587827
"SRR36103458"	0.906677665814733	0.826557200369825	0.884720079512158	0.915149829245808	0.944915788993114	0.751559012934188	0.879208391015736	0.865669280691581	0.797980892289364	0.857875823150914	0.825365481071959	0.895588236795514	0.915856796154441	0.84254652424031	0.925224550412038	0.904748413139677	0.928275083372912	0.832233501593332	0.918158980937157	0.899306178566215	0.737389019918369	0.961696688025128	0.837610645320806	0.889087620938188	0.96364303739705	0.790866551928823	0.808683877994069	0.968227542422346	0.932814576031616	0.91875324988994	0.90935471255445	0.889028421787724	0.920275644326022	0.82344544868798	0.927923393521861	0.972094020541018	0.898162050004698	0.96026751901909	0.907881560819974	0.971340565478371	0.946643663667225	0.683412473483454	0.939585611158209	0.937706638354945	0.701054621297353	0.888097887730503	0.916021127520814	0.716814196981254	0.86466964071645	0.794358146750202	0.977407138390048	0.884166068188341	0.899578869458142	0.944794258421238	0.891481221334585	0.957742108699925	0.916502931042148	0.883216567253434	0.965791109653534	0.912225132106192	0.941491305336222	0.960385382744172	0.953117375555429	0.960294437150902	0.922501406063242	0.907999217129926	0.967792622858309	0.955639492707964	0.933156658307857	0.920397072715644	0.854509194979031	0.921912597433372	0.923032591841029	0.906820155433756	0.949669636149647	0.970533705908524	0.937278816693347	0.936664067611552	0.93260350801908	0.840322034518462
"SRR36103456"	0.405800404181743	0.261334382055517	0.148997270298815	0.201984263936042	0.588873682865244	0.153432487828087	0.202321189613827	0.115096478743991	0.12819727699077	0.275146133351402	0.111141917902137	0.40621032734404	0.513054858247208	0.340296260146219	0.356400601583181	0.386578634778396	0.417329766964885	0.32799682334866	0.218884590779873	0.185889805654949	0.141415747025582	0.403607060082375	0.28869046774006	0.285672080153842	0.571673003112534	0.103325163507857	0.14507460476387	0.416707738340311	0.474499447382933	0.591730820306488	0.225998934073385	0.48737543982801	0.276291722972273	0.450584707843173	0.248379171505367	0.676927030673482	0.211003884672282	0.604630128911509	0.368956279770704	0.648700760412794	0.644023043453716	0.13676363949092	0.400352356947847	0.438433041236439	0.0513505253344318	0.288715453001125	0.46080720204333	0.0937713859101795	0.191137504007429	0.0935195274142212	0.564006551917687	0.254342539464288	0.387708064882244	0.32828869111497	0.42113428726864	0.451276395614502	0.473601315527119	0.2912085671821	0.523831332771548	0.50234969936088	0.477340464690333	0.544739657236799	0.533146174330748	0.549593430789718	0.237863243892395	0.254822086339813	0.550531591887113	0.466753007231053	0.47992644732885	0.307031839123992	0.392586335576944	0.2282896366182	0.324731670214206	0.462074255376622	0.572186671128985	0.735302675649236	0.502524987796256	0.757151907892195	0.473557808271929	0.27194330479814
"SRR36103397"	0.0736754744521062	0.213636608232303	0.235977129293173	0.257623289331234	0.294160448899585	0.0739650466299078	0.217371330993014	0.615814289770412	0.103698618374061	0.219190904229537	0.478981362647245	0.2391523369167	0.271605474427421	0.285407594717905	0.293538382041	0.440395281236329	0.543286927334854	0.0495206236765091	0.418728412409617	0.534115979788648	0.0803303873185967	0.551550345706813	0.210980935883759	0.276752290533375	0.519946081527196	0.331350585934516	0.20615534279874	0.446453613348062	0.293318665922905	0.32560681317949	0.356264221052865	0.513759159951396	0.530027711769564	0.11791355591088	0.513134072552815	0.338561978458843	0.24056571157925	0.453897828305439	0.526497175864793	0.700942889034163	0.577434486865145	0.183722684861701	0.250482418511077	0.517377530543189	0.333130499982601	0.661583720597264	0.351495968793565	0.142120253170485	0.21047232343945	0.0950280402782043	0.542361026230051	0.307181348199808	0.286998909267744	0.368662387477348	0.184072464360499	0.310724268478179	0.245939589571527	0.169619420607009	0.380583838012258	0.247449309273352	0.316485584203201	0.325747783419061	0.347108009334838	0.295340701091341	0.289374686830046	0.186712861143654	0.593603707986811	0.708433229887599	0.426517168034549	0.332092397992539	0.153417076191895	0.125622996391839	0.392592216245081	0.251954076160065	0.263840796822308	0.42192881174306	0.270420810553667	0.350373426145865	0.257851628443676	0.197888014844703
"SRR36103398"	0.51514312603627	0.380391556142719	0.504929522933194	0.45931856280529	0.567903310936821	0.259265330941119	0.346155305421894	0.648317713796796	0.176744980148893	0.465061339718494	0.675551028090565	0.46674402649553	0.432618741506901	0.519995231975767	0.464065776141039	0.67829328866864	0.680765593483453	0.209756798986541	0.656535841300542	0.67503613542916	0.180879502479197	0.780862563416484	0.385375306093957	0.421303364715266	0.847565970001773	0.336013656511869	0.402895420295797	0.753343686189833	0.599255828286004	0.530971143792385	0.449801589472394	0.563115575252823	0.682045087844837	0.421242912375721	0.756557877613403	0.55024775141128	0.248960888162681	0.758735099571177	0.612123893489187	0.84390759834283	0.741395673488153	0.277283274698237	0.564894781632077	0.740854820255816	0.364680115056369	0.797250826178493	0.656040399578132	0.145874571942312	0.346545956597987	0.204067673568634	0.743646757154119	0.588215112229204	0.47883558373469	0.646810111814377	0.382469926820597	0.649352707008894	0.448049316261878	0.314120954302488	0.730128665180581	0.542519906988406	0.539831356364815	0.593246120757784	0.658729782750664	0.564244583503409	0.390119650374032	0.341317042132732	0.893739552267344	0.842602500789335	0.695905785398512	0.499133398281664	0.260762862587593	0.383488559518132	0.548461448930071	0.484690298278551	0.571400701556837	0.680178883318002	0.624453048910164	0.657875316530564	0.477131971964825	0.373480731881075
"SRR36103399"	0.242641683027795	0.181546821708271	0.119444803479493	0.16621896052513	0.490414694152584	0.104442062769746	0.161975087816635	0.126732358216108	0.111271767198121	0.208124894184637	0.0979479410985482	0.334100552786109	0.222468883197732	0.220482483703923	0.304186449798279	0.194529786198127	0.3957204468329	0.164698232960805	0.179929762375888	0.166450293471342	0.111418235934723	0.299570578311079	0.213117116682938	0.250609710227873	0.444202085752214	0.0638233858666617	0.124294075013493	0.306377237890146	0.331947992717055	0.411002526466625	0.201644589969547	0.362015641798806	0.261316970711679	0.321140162296226	0.144829026731771	0.490461414962968	0.22771200997495	0.556103500921183	0.273248001838849	0.555756994753479	0.593857101236729	0.122519510015746	0.362060532641938	0.378016403699742	0.0484560570357955	0.284859886221086	0.327377705129964	0.0706722257236629	0.16636353007069	0.0778661304625257	0.429973999925874	0.193225309679809	0.284635864635745	0.220901579775662	0.250118939212529	0.346775948849095	0.333432542933306	0.229362442770508	0.392314834862803	0.366669506534227	0.387973930090681	0.419001645695625	0.434825442054597	0.498068683630426	0.220902160890399	0.208540628723425	0.553769954342932	0.305393505851882	0.409031659249816	0.273393130398332	0.173695933804127	0.158428499885245	0.258970506309235	0.254360553363194	0.45991945608935	0.58533283141856	0.372759308441033	0.590728712517682	0.304980393405674	0.155142739123931
"SRR36103462"	0.0477300282500869	0.139540609496801	0.0583148552579712	0.103867133946625	0.275193181614071	0.0389759187914211	0.113970140859611	0.171354456451346	0.0808881408041582	0.0813609601183062	0.0991893682305617	0.198708564063771	0.235483940510975	0.139540497974864	0.200943711556499	0.209932124110575	0.357067955667497	0.0495206236765091	0.119667220217394	0.167951201989048	0.0634286594301099	0.204445652559311	0.16153346366739	0.182307664561962	0.286821839058789	0.166678503063505	0.0904687581666282	0.159387232010027	0.177855966046043	0.263439680823272	0.170074472247273	0.402433184247054	0.237635955674142	0.111749685938119	0.168140348362457	0.32224033280591	0.206647693848748	0.28634244102825	0.342845934554118	0.515194290894196	0.485650498646874	0.111317201512635	0.124763685920682	0.307810927680034	0.0728278844331098	0.293708249324683	0.188644296552421	0.0853673538109401	0.121006902149169	0.052436089152951	0.300786164301528	0.123426276579549	0.201042912833842	0.163558534388827	0.145435708844467	0.16174127632686	0.196119160911732	0.136165132876755	0.189306186700876	0.185589569664521	0.235519767698291	0.24170851147527	0.237257253970034	0.241274216758989	0.14874229115049	0.125556795292548	0.267653382820987	0.423457444939327	0.269008288958443	0.209019369864152	0.112068814505368	0.0621106329969679	0.227087440744516	0.216750302902354	0.228542634548878	0.388753312678152	0.170198380731104	0.34242098227339	0.185214196604184	0.11046961926952
"SRR36103461"	0.97533284695391	0.937153052031032	0.92489456976425	0.950640541195901	0.98335939482744	0.902320201158675	0.943616186819583	0.915735923536516	0.960942623406578	0.899748846623522	0.84731916099548	0.971690965400206	0.975410027168085	0.905414429571587	0.968901241799322	0.948399347523507	0.976349758214792	0.956067236984775	0.945238737375223	0.926010007015747	0.930561456087867	0.971174545154319	0.953743048436418	0.957264091035363	0.990910828250277	0.94878504924572	0.940053824062681	0.967296795788038	0.976189377145285	0.965607754528301	0.961457912296786	0.960136643584186	0.958793840878674	0.945832019642979	0.960880835799076	0.99122878409265	0.98175698627369	0.982981615706177	0.965860643934068	0.99070564212392	0.984512704367598	0.900132360630303	0.978209544184447	0.986504497267441	0.780216990868498	0.937476491073518	0.961667964212632	0.930691407613111	0.95456639386774	0.958623116725619	0.98371429244018	0.950947084950459	0.973784913915392	0.975382039590315	0.975565232610798	0.977559545244925	0.970151550031463	0.963312781106656	0.98087737402834	0.967228940338272	0.977038121309317	0.985572706956401	0.98294449760178	0.991324682237305	0.976199983668298	0.969489044663177	0.990124976915325	0.986745572546534	0.97614656215076	0.977088417969403	0.942110583344323	0.971714413659368	0.982027168279309	0.974200078976333	0.983721972439254	0.99364810704442	0.971382345325383	0.976740802411093	0.974313101443476	0.947712341332869
"SRR36103460"	0.989971043984302	0.974656847965045	0.971535420267912	0.972848025865522	0.989663792660032	0.95286486609313	0.965428540264346	0.985662657003648	0.982724101566523	0.932100788519872	0.972119408970985	0.984832879485522	0.971971709440088	0.968625443171062	0.981612572087963	0.981574744466954	0.992003038944042	0.965858568831257	0.983623847366293	0.980662647975743	0.964840167857391	0.989676156162111	0.978368397217148	0.974988398396658	0.998338849738103	0.988625326401509	0.984696219824399	0.986017751550739	0.988865689014484	0.986976176323748	0.982524915392045	0.979373718720701	0.98750323096659	0.977958242466403	0.991956058739821	0.993834645779246	0.988670598219772	0.989379942724482	0.98702683367801	0.997169824788287	0.992943939983901	0.967848417333533	0.987517473091369	0.997363111330127	0.945854356076043	0.988774487989643	0.984184963826067	0.974673371738323	0.978673285096258	0.987452089453334	0.990911297697377	0.986202903190858	0.990780181062065	0.99048486163974	0.988232257431736	0.990430200436875	0.97765276813601	0.973548189909808	0.990043066248062	0.979697128431556	0.987877682633417	0.992684807709585	0.990391376570123	0.993998069962381	0.986800496264172	0.979629141289714	0.998434008486925	0.997629349603926	0.990813755492028	0.99028797120056	0.968139988463713	0.984404822007016	0.994877197427394	0.984974002034719	0.987383929906955	0.996253938281978	0.983486361940028	0.983989183856013	0.982293648056127	0.985060868069052
"SRR36103400"	0.0416065231534008	0.165006318428213	0.121471916791282	0.202203947614021	0.293332276393355	0.0431355217233751	0.18822735495077	0.255406311987521	0.0716302757431713	0.162414335523076	0.15857337360164	0.181175776489725	0.269988565686104	0.182899391593225	0.289096600165328	0.255476653080987	0.353404346704218	0.0495206236765091	0.206495338014518	0.275506114717833	0.0565354750090809	0.400454188182598	0.141298758371282	0.231658832439367	0.21657008679926	0.143852508638568	0.0812596181310674	0.352789783362231	0.199974787114171	0.322790193341794	0.27984368056016	0.424051852154537	0.311003995975771	0.217802102562203	0.217960360759351	0.337854367468905	0.244442247487248	0.395195675396931	0.365335502970134	0.525743754346983	0.449859622646503	0.0863355854110689	0.239602808121857	0.226740725752612	0.12700262173606	0.30012217459041	0.214345988303793	0.0857656491872785	0.148177733101231	0.0454252733238867	0.473764597859078	0.136532367327341	0.187980075212353	0.230295648775011	0.131074928390882	0.263434378995179	0.24363982303376	0.168060998107738	0.299505645235399	0.200893751597029	0.312721397794641	0.290590077313575	0.277275777958693	0.294567183919815	0.236983053461266	0.177177191161749	0.24891702641619	0.375579103168367	0.267006108544966	0.230211077074968	0.151887437751425	0.0963379971948554	0.214188798642975	0.204448642943287	0.262258857441475	0.373136758572617	0.205807422229111	0.338627035234132	0.254388442911536	0.0952947809347028
"SRR36103401"	0.546926459308588	0.368088557222735	0.407176878179563	0.48023515638752	0.661363876512619	0.24123343262258	0.371497282786336	0.294073271684596	0.147296101577493	0.458966480604723	0.37145884210619	0.46100768857852	0.633831880624073	0.46816565569611	0.535839871966304	0.567517775860274	0.54133081089214	0.330294420688544	0.505348630691586	0.474812161977334	0.168918506159084	0.737981063420048	0.334107492766295	0.424885562628553	0.698414815527065	0.142972116139019	0.235907465582303	0.800162959677367	0.584488171097417	0.607268788245117	0.343278077309739	0.480278265932435	0.525182121134457	0.495556914898435	0.548409131738972	0.667985882307699	0.244693552045939	0.776302049022162	0.480218062674499	0.765586430024316	0.67730164749863	0.155572481923737	0.606822976499675	0.504414367014927	0.157249218109354	0.518513271800204	0.597975452867854	0.0885078417882458	0.309191303013538	0.132496741111151	0.802672269866169	0.431357159219858	0.407142431949639	0.591206373863488	0.363585603172536	0.718755893593245	0.53063479009148	0.380494857876635	0.769697681110492	0.618584917894027	0.623876405907487	0.667690525960697	0.687932171137608	0.628185960510533	0.352514086668175	0.402408701695652	0.781996261548437	0.62403433471252	0.618831835106283	0.433637395967075	0.323293398539009	0.444645611701027	0.383335353420405	0.517948113820374	0.678545808493127	0.711332373192163	0.675739099192779	0.736802984803989	0.566682125549889	0.271244712938246
"SRR36103402"	0.462983152567549	0.385353318885779	0.403333610578992	0.368916801118169	0.542119494933329	0.226118368203344	0.287182016141569	0.569084522032894	0.17118224392145	0.386046874476103	0.575487729334071	0.450821941067783	0.516771286224036	0.458647941042059	0.409717944129084	0.62140742650322	0.653793592115902	0.19335611436505	0.57654674996318	0.58424529059748	0.172433487705709	0.680642488141023	0.372814694277648	0.378967813488407	0.83041311928484	0.321695317923309	0.368959350665995	0.668199409753501	0.552564236997625	0.491504576227262	0.389075900407408	0.547175213175967	0.618477471650781	0.292568376983798	0.689031117348267	0.53030453714976	0.24225739913697	0.719373497582711	0.579855438213758	0.824823494372239	0.733127337905602	0.270640393611595	0.510584624640242	0.728564012743796	0.283100505656372	0.75720379156643	0.605725329091869	0.137357630752296	0.307639630102978	0.189219205914888	0.722142641632145	0.530307096739727	0.457362224178209	0.575093717110153	0.366806410002662	0.569306507143183	0.409281697531466	0.284571739244575	0.655400440520058	0.505891366507253	0.489832383980885	0.549551613259901	0.613840107630297	0.567960553593077	0.342098925541671	0.297035028668754	0.908591525895192	0.823047451336068	0.663266765901832	0.462380915187157	0.229332405592852	0.316186232692971	0.520281265431808	0.467412093154749	0.534661341742757	0.665438379157152	0.585275848629918	0.639739912432154	0.425558493132916	0.361031999252493
"SRR36103350"	0.261950731214694	0.290839382467299	0.271831690475738	0.380567680389368	0.535498702283887	0.136329877193607	0.305711520079191	0.274099321808074	0.115492663514407	0.310503409906542	0.291910947447919	0.349109837579262	0.327335694267005	0.358931939375612	0.451828012057993	0.45693332340684	0.476326037142598	0.179096107610733	0.376600358823974	0.409350313735513	0.117598264314778	0.613213550172071	0.254235534987905	0.355319463464288	0.525499495291592	0.143064108719497	0.167537963599909	0.667457904666223	0.439740721857858	0.511196540819985	0.304405363703298	0.451791575333821	0.45373742051121	0.234978461329895	0.428150147313202	0.593525873483262	0.231629009163092	0.630929627080381	0.441863170147636	0.6871725083981	0.596708202060488	0.126972991795215	0.406163743530449	0.396499610902177	0.150470097667256	0.442219831730603	0.456635122733949	0.0878212365666985	0.246836602354533	0.0926936444341111	0.684571328896612	0.309289825743089	0.320978567936146	0.462735020076379	0.26512572696021	0.572461749183703	0.426597502982162	0.297764520118171	0.629390855837096	0.440099880448559	0.519852677679323	0.553116709506599	0.550264815160946	0.452189122671364	0.288121158082379	0.316794697737454	0.530749278811526	0.539302495454879	0.493888523331713	0.358634014476101	0.263945005325406	0.290313660770231	0.319362026986638	0.385681450044874	0.535987048015906	0.601799567883083	0.49960366400157	0.609794047100912	0.45641790364079	0.19899454867794
"SRR36103349"	0.995692801004898	0.961094150797566	0.989014225570922	0.990098024524416	0.996203672610485	0.962296791026869	0.985855556546338	0.981170050483844	0.982258109422998	0.963513368401191	0.966985081615962	0.996325730402004	0.993883270678811	0.965805259975452	0.996396461449247	0.994577991431668	0.996047213363858	0.991992829957318	0.985976641108324	0.985581659305462	0.974650633126449	0.99486212919879	0.984285678451522	0.995712531709101	0.998360480880175	0.981401457884848	0.98322735203096	0.997845160559522	0.995981310649608	0.990444979084808	0.991799923110498	0.994962181351433	0.9926177252335	0.98737123025202	0.991757326899026	0.998271657889448	0.992439566702595	0.997521601453747	0.99415928856297	0.998484696013136	0.997907760777913	0.929279765211366	0.992357903634016	0.997067812089124	0.950344998718921	0.984334199356969	0.997260738011338	0.963260699839246	0.989935022417005	0.985088410711943	0.998274313538222	0.99052852662348	0.990950311595745	0.993567090937208	0.992537864673141	0.994536209346102	0.98771284415762	0.986464257418126	0.993313558227994	0.995461746530897	0.995059318943141	0.997171974455062	0.996959954376327	0.995797504105463	0.994491431213543	0.990541854072964	0.987042636603444	0.997002857831942	0.996441051311131	0.996162474035963	0.993019071603492	0.996150873892526	0.994162202049203	0.994168784448876	0.995146578449016	0.997986715029607	0.994788083611012	0.983020017545155	0.994543152716785	0.991350711829631
"SRR36103447"	0.195805969822051	0.214982181395755	0.188365482046163	0.278964994544248	0.476454788761746	0.107956976309063	0.23831824607546	0.24739326807303	0.108549864232692	0.251733576537641	0.218353226267563	0.316564941687094	0.279937645156051	0.29044662651187	0.376270847398539	0.385779750926255	0.447195988266795	0.147744995194187	0.295930238053108	0.322807129727793	0.105036090433863	0.495594605546864	0.23515023041182	0.30370008368125	0.479964627059066	0.147287942197181	0.147380466042203	0.512907949426783	0.36905238113881	0.446547073667822	0.278684865510712	0.421007533782207	0.386236143682887	0.202884426720062	0.346014600211816	0.561359511907726	0.201306071015551	0.483938241702698	0.413422332816738	0.638418176417122	0.568734285619298	0.125866352401071	0.221437947932447	0.384788698475294	0.117005036334954	0.39969607032146	0.383587312972741	0.086061506638094	0.208060210631512	0.0830059917283185	0.581775390708877	0.253374099948675	0.293647186738342	0.370625052455213	0.238216959720552	0.450879188226804	0.363045634572276	0.25074585119925	0.507388153454725	0.402407265777614	0.442089248759987	0.486068044664858	0.471609642962275	0.327903387693964	0.249171128753011	0.255917291707568	0.481890167261703	0.514332670035421	0.440900730664612	0.317758148428511	0.220754680736025	0.207934981539007	0.296890216777916	0.361653371687096	0.460883027691832	0.56071626670691	0.409924843374411	0.556566731467058	0.377687340200405	0.183986186305198
"SRR36103446"	0.992721148526207	0.988680127398615	0.975854012652107	0.980131849751472	0.997073902008179	0.956646917785972	0.97509935692867	0.963058340437451	0.986722207514837	0.971018423303333	0.940139945731259	0.992050113662465	0.992600101159451	0.981774340645463	0.992059282043982	0.99097757800154	0.991612868991463	0.988183455561047	0.986503958221555	0.972705849207891	0.967257060058001	0.988325000546435	0.98313547137402	0.986321546348267	0.996922408742334	0.974839944337895	0.983075797951944	0.994043007763512	0.992739179944452	0.992120224523475	0.986646214542137	0.986486958481342	0.984834960080098	0.985776588229531	0.987265242540428	0.997394623145866	0.991941874808667	0.994713991586432	0.992276276036538	0.996926259816871	0.996785983801324	0.945519550918221	0.995347841923213	0.995113668079962	0.898918388524543	0.980620776731672	0.993538028518	0.972795266605297	0.97844143867637	0.983020420241389	0.997385707875029	0.987197976388316	0.995744243607067	0.989818843551505	0.992899489504103	0.997453190279069	0.990664735836115	0.986903744559926	0.994172041956887	0.992783109496937	0.995535636783414	0.996633099397334	0.996016940015911	0.998273408323998	0.99432587504313	0.99018495160934	0.995848964732167	0.993324319941125	0.993986769011458	0.99266844085239	0.987024557471082	0.988456867712132	0.99188066763992	0.994292851203513	0.992718373998926	0.99749941988144	0.99183809937415	0.996198915993781	0.992528924323759	0.992874049527023
"SRR36103463"	0.954424132650318	0.909338846259524	0.935903064773785	0.931603956339644	0.954993759113385	0.855524101756354	0.905446347368324	0.971502164410639	0.911495272913398	0.888375631313522	0.948202380374006	0.942929842535794	0.934528345355764	0.900677946290951	0.93493458636338	0.955277402361584	0.974004562145743	0.85957845908961	0.964034920952636	0.959970080353139	0.858069634587837	0.978067687203884	0.921794398131239	0.925597959837262	0.992081133225394	0.951800695375818	0.941911685707783	0.965010454939592	0.962247404817738	0.928352731553049	0.957610780232807	0.941495521723313	0.968044962692079	0.929206536837712	0.978454049264624	0.980731254934036	0.94137114416447	0.966928361015489	0.961964687919632	0.988879087610063	0.976019198952069	0.887340045142714	0.940446448065145	0.987878273003475	0.890101278132572	0.974056368016975	0.956087993480904	0.88995205311249	0.926641077750655	0.931811359261789	0.976489504886289	0.957613550615805	0.956650300894861	0.970869802521919	0.947204352749831	0.96139711125614	0.929928073498684	0.908565464154731	0.971469548283055	0.937553823077578	0.948488144143985	0.971218591141679	0.968310880227011	0.968104785809549	0.956604817997246	0.928528184368795	0.992316855771358	0.991349505180825	0.970495728720798	0.96314441489165	0.882789337543025	0.942127381381253	0.977248063461209	0.94458690654357	0.956105379688832	0.982974505914574	0.951609221545	0.946313593980048	0.940847587918582	0.942869095845345
"SRR36103346"	0.175349833440532	0.211937467314656	0.131838673097588	0.221146204062966	0.475549194942574	0.0917232426014955	0.201927234697044	0.14213888159836	0.0986681445401044	0.220235194461935	0.119111906858575	0.298864054317495	0.253365146847871	0.235299425630634	0.348132285433359	0.30410004810701	0.379786838584393	0.144405582670157	0.213257484277972	0.211738725325573	0.0966593865044179	0.375007655512891	0.213329917933103	0.271359901090047	0.385639698719575	0.107381462130634	0.107846946033654	0.433188048585277	0.32255340675354	0.430529530031866	0.22471975173345	0.385064006226385	0.290067061814581	0.22971397101277	0.230804413754597	0.47959703478219	0.195636674956608	0.441752952215954	0.350249790523549	0.573324421287135	0.534584578199458	0.101475548256996	0.19537140996405	0.303670721402841	0.0661260902125284	0.273968047817574	0.320305602492424	0.0705549533807523	0.175519382804893	0.0663437494586566	0.566074858148665	0.185604314570462	0.259415897286461	0.29454505046107	0.220369072118298	0.396103749524332	0.348988162166557	0.240580055499016	0.440284768834527	0.35100803370418	0.419385425084927	0.427562528004488	0.433316834440925	0.339223487684549	0.222874401497161	0.23438299738817	0.442044099329484	0.400832718847119	0.381488530799587	0.273720037780965	0.193067575520289	0.175559848238824	0.239317294982615	0.334267810572524	0.45422870247464	0.55099486597947	0.3814839703333	0.558705912247149	0.355293186752734	0.137432861745466
"SRR36103297"	0.921408967762599	0.87776328003292	0.911370672434341	0.942368107435057	0.957618749245243	0.791945401519974	0.916563820217438	0.902203718736235	0.858584443801678	0.868064700697083	0.872321425404425	0.919578261512184	0.955834132329301	0.875049260075448	0.947140516337105	0.927282622728754	0.948102841814279	0.866824717305974	0.936021638812994	0.930803831224621	0.79772561446306	0.974286008830848	0.874229446688535	0.920089632515853	0.972083045489857	0.858280384550633	0.857754418472356	0.975605350288616	0.94959160909822	0.937679339482459	0.932225860853631	0.916492207420733	0.944131881931761	0.862892726535756	0.948909313914242	0.979591285191451	0.934630251290016	0.96800157945816	0.934021916061619	0.978980842917699	0.958694187910483	0.750085585433852	0.952501550869735	0.954742291513344	0.7895320290832	0.914921121393757	0.934494728827205	0.806441848632267	0.904862636811841	0.856936936486104	0.980574895232315	0.913423806675064	0.926742001174377	0.961378261602325	0.920438341559511	0.969213409594377	0.938163658176085	0.915609585903458	0.974920588999279	0.930296031706659	0.957452179789238	0.971008410480943	0.964752021699862	0.967792229792991	0.943653738178888	0.936722845557868	0.964448993659737	0.968461851934423	0.948663771743986	0.94497045824186	0.894013751604502	0.945451311314216	0.948151160641378	0.928259686753229	0.961501532271221	0.978630030784508	0.947931588357702	0.946694741585793	0.95146267797125	0.875009383331829
"SRR36103296"	0.952684253800532	0.90965702910757	0.937153726641571	0.956514148951753	0.969187682284703	0.852145078560227	0.936167467677345	0.930745891099884	0.90196904737919	0.905556907216403	0.903465418949574	0.942590860938902	0.970893292705308	0.902697087567201	0.959711988865608	0.945767601175389	0.962468853363916	0.906910569559155	0.957286308738895	0.947397699526552	0.853310355629102	0.981586839108457	0.908529510843856	0.939510910031994	0.983132665642302	0.899274747567063	0.901367276195452	0.983088235139393	0.964626118312474	0.951678992949162	0.95295241306038	0.933019341691548	0.958603120543376	0.924921614938033	0.964352536108215	0.985602413545145	0.951076784828869	0.974620191286738	0.950346657905445	0.984921819032811	0.969564943302001	0.812175923649186	0.965380868889835	0.97086697631473	0.832520578999819	0.937402313329993	0.952545810109919	0.85794360575227	0.930687560322805	0.905300045741146	0.988763303816747	0.939311447630869	0.948552983854204	0.972764833058621	0.945300871514095	0.982554730191661	0.954826212212567	0.937482536303958	0.981865943784015	0.949048492058601	0.968093144046363	0.979317802158083	0.974941473943079	0.977603979642709	0.961346215492423	0.953808584282086	0.983979794957245	0.978906241455805	0.963622544548024	0.961067415141361	0.919164818928395	0.962701357593281	0.965026869536079	0.948472896364236	0.972315432934732	0.985395342226594	0.964652245783013	0.959869079533321	0.963941911709446	0.916096229241304
"SRR36103355"	0.228204692879607	0.221496098270114	0.206272284930541	0.298800377144276	0.509306331253425	0.120808574475707	0.252352443876172	0.231398783241777	0.110296138761347	0.293680804356868	0.207369110468728	0.33191618523674	0.268935283093535	0.302814390323284	0.399840528261126	0.289847542998077	0.441454180127313	0.174567050026876	0.307963557069985	0.315722161693165	0.110420684676922	0.514294494195538	0.215759670464714	0.315951717064968	0.456148313419585	0.0797257838931937	0.144914325901817	0.549687555472728	0.390676993527893	0.472742253012874	0.292130035755967	0.369874594953226	0.382358468672587	0.220760101541894	0.255194155569018	0.586853635853717	0.202318529237748	0.514379937194267	0.339263159877534	0.589810814179118	0.572663603417985	0.120471461729079	0.246447885152226	0.37212007946097	0.107207562185264	0.37785061186922	0.400166853633905	0.0814141076217191	0.214427780469993	0.0833236066864072	0.605701415797683	0.256989275932507	0.299133084363105	0.336893858930265	0.249726957984799	0.489963349675447	0.389278296329289	0.269817211036464	0.544623367112979	0.439254301790329	0.471319226466656	0.51575776295109	0.500522997902912	0.35295091173853	0.268439963768027	0.275478396148613	0.561437582145262	0.369699848601899	0.451905098418154	0.323274919050642	0.236184395888386	0.233876302819073	0.290648569266648	0.286543217804971	0.499119377271744	0.583649988976819	0.443379228258705	0.589682066838405	0.388444257978494	0.183595127302755
"SRR36103354"	0.958787762195484	0.897615555544604	0.915896962174002	0.952381385117912	0.974293873025636	0.85078112470656	0.936258366856584	0.896313705005098	0.921907473170574	0.857128263896354	0.869619778572832	0.951860446830246	0.958844439553625	0.897355919029236	0.962074976356135	0.941603209555157	0.964479555042168	0.92551851384934	0.941026205078518	0.933760303714312	0.877790231599038	0.976820941096169	0.921679719159079	0.943544936958372	0.983748138208673	0.907930955582809	0.905632828230998	0.978552234078977	0.966801825055495	0.955928346470729	0.936884446676883	0.941442699945954	0.954102344216336	0.931641516355663	0.957700608475517	0.988089244699832	0.964670278799778	0.978727195377855	0.952195133828736	0.986114237893473	0.974151750326218	0.831392271731227	0.971539783373169	0.973744044362644	0.794112073687761	0.927181459339174	0.952178296569577	0.87734317501631	0.935614519707853	0.919717861654589	0.987693170440891	0.936743435822389	0.955428352533133	0.971381321471825	0.955169422172072	0.976697146736635	0.958979645868	0.946094651763017	0.980625719437169	0.954056895180341	0.970704247895844	0.981298737030841	0.976799315100438	0.98521135924245	0.956120982980992	0.958362538624474	0.982945571380506	0.978831683085673	0.965519262310157	0.964735939643871	0.926663846903642	0.964007891431234	0.968560154372817	0.956915364762143	0.976271738401256	0.988367400926396	0.9673836781916	0.965803135833009	0.966975659480024	0.923025216233792
"SRR36103353"	0.981732092354988	0.949126433452074	0.960353277418821	0.973817482800332	0.987249519400106	0.928062738598653	0.965784257865337	0.948422487614315	0.966781462303012	0.942461986989173	0.907445603708825	0.976076568775411	0.978900686102253	0.934417652113123	0.980057862314602	0.964229641823857	0.98078823464443	0.966372510260522	0.969401633433574	0.957326384303746	0.941125712652873	0.986413102832235	0.959578367058543	0.969840968901457	0.992193547388169	0.954494260390352	0.951362339727884	0.985522563183963	0.983068832198332	0.975308757533359	0.977153742482965	0.965954279642868	0.972952618596964	0.968970788407738	0.97532732362301	0.994804816798869	0.985369479624297	0.988349270016943	0.973059628199988	0.992669827614912	0.986122708663287	0.906241591979932	0.985970120910264	0.987475287357943	0.860076860593807	0.951614677996926	0.9726641839803	0.942616559173586	0.967646746197233	0.966232255454938	0.991226358397982	0.96499717548783	0.978326496252309	0.985025833874015	0.979683716010614	0.987550901997526	0.978909272150818	0.973648068344123	0.989460208792058	0.975380573875151	0.984790550878869	0.990997541045244	0.988167594646167	0.993121998328843	0.985016738219542	0.980139288068472	0.991377090550135	0.988851151675971	0.981369369739194	0.982938259916671	0.962335714675672	0.983572357655711	0.985493078107883	0.978544386741359	0.988343003798293	0.994842759857461	0.980515359034045	0.980898253196049	0.983247599370295	0.959805649770221
"SRR36103472"	0.977517894375759	0.867450235651325	0.87852362792303	0.869734122058419	0.956119908206204	0.857459362217852	0.826859962846084	0.897052444778691	0.872396351626611	0.810084633010926	0.894833144830732	0.942703921386453	0.874092237705748	0.876292582381456	0.89629109644606	0.94043855160616	0.961235078283653	0.891168839323452	0.925684271749383	0.907287393434065	0.841512124060924	0.948927320494689	0.914397904056305	0.884782419465076	0.993808216593576	0.895597295988592	0.925582934142763	0.938815372497637	0.959391072934523	0.912061300459762	0.850423553115292	0.90612137080926	0.939751345421447	0.850856048755611	0.965208799731571	0.966044411906082	0.874049412359797	0.965924711596095	0.933960908507242	0.98536105266387	0.973329875794644	0.854707385667539	0.93031822852313	0.986466472683691	0.707883793335389	0.959989230769147	0.953195920309993	0.771086318671343	0.882774465983362	0.905176772775255	0.955989359550471	0.947212816521372	0.945853735368303	0.956432055892857	0.941819547477516	0.951100037247767	0.911645015654181	0.875962754974952	0.964733997670637	0.941863652486377	0.930414856652097	0.960198953121085	0.966345107559296	0.965703222012172	0.889349754663512	0.887602399378298	0.993947617323594	0.98776812738367	0.968614361534541	0.942393543634544	0.809569251208418	0.92627086719356	0.96307250822073	0.944315389303875	0.95791586624268	0.982122988469485	0.955393024044727	0.958597572595029	0.919374772851316	0.920810041776768
"SRR36103470"	0.982800210402212	0.974046318729207	0.983574448784678	0.991596646238312	0.990671614954035	0.945915368968009	0.987161579156725	0.983582618544978	0.981786318423285	0.950989039048806	0.974970405989124	0.982783736009129	0.987143065376879	0.966145499228893	0.990894461469977	0.983260204222949	0.990420725726998	0.971719572356356	0.988100910603024	0.988765920294874	0.960974324559118	0.996559772804496	0.972398355421931	0.985520661624793	0.994804236152474	0.982359351536973	0.975384486945944	0.995713401427346	0.990259750904667	0.985075054623061	0.988654141217523	0.981589045784952	0.990540907042612	0.985405258875217	0.99163661346008	0.996572330755757	0.993702404237634	0.993199310237518	0.99014239988049	0.99623635400116	0.99126807164945	0.943068624088283	0.993004144797501	0.992716589949429	0.96688710945661	0.980226482582509	0.984551925663076	0.977147941333401	0.985461396406118	0.983200564607924	0.996991027217192	0.983517979166641	0.987316440693948	0.994078677371593	0.986751419001883	0.994393416927061	0.987793854821002	0.985450551023697	0.995330123429808	0.982684599151973	0.992003695935887	0.994869793172683	0.99298480790551	0.995543271688756	0.992050305218555	0.99097671556568	0.991583380068534	0.994887271063615	0.988756682384854	0.992000823573727	0.980965859887173	0.992555818330606	0.99346610332652	0.984484627246524	0.991883347951015	0.996443836114686	0.987574420761759	0.982728707997988	0.991408398145789	0.976678838833228
"SRR36103469"	0.957424006810631	0.958778000472926	0.962990867869118	0.981122823548864	0.986453923380049	0.895189232611615	0.973811647791457	0.967916702635846	0.964691421659693	0.910935291333568	0.946681515465053	0.968929853437717	0.963764603754784	0.958782540495547	0.985867776579308	0.967878365001236	0.982687029667631	0.943294172345967	0.973964916191893	0.976086357001549	0.92816578361616	0.991092347669414	0.951815321185673	0.972908040369385	0.989755365447958	0.967832930816535	0.951255817954638	0.992225313400018	0.98012120886655	0.988161025933404	0.978413666712139	0.971470471718422	0.981028508217596	0.954431164090239	0.981367003635267	0.993723428451129	0.988596869579099	0.987410842455666	0.978520199593284	0.993903203125616	0.984196018019361	0.90558630439055	0.989209481172428	0.98581204983936	0.933474658240291	0.963774850526258	0.969825417849258	0.957433556165616	0.971243584066124	0.964219190130094	0.993602921928082	0.965937483262578	0.980303629371546	0.986762357498729	0.97443962646932	0.991847686263339	0.977020270293554	0.972222442795674	0.990175434721808	0.967670979943791	0.989407807370512	0.992004075553346	0.985788155808196	0.991813060015058	0.98423035284253	0.981366870386723	0.987351566926927	0.990001209823736	0.978674312778343	0.984200317955099	0.973728684495305	0.982074313467147	0.986887397653015	0.972033099973999	0.98412356099537	0.993116886431396	0.974946710141444	0.975376750086533	0.984096133857636	0.961332500880734
"SRR36103342"	0.254183836411726	0.22729577886732	0.109863728083831	0.172906085493669	0.492260347212842	0.104121510632752	0.165684322687757	0.128047508041581	0.118007432613217	0.154109469302363	0.121434240883696	0.347736394086824	0.355723891279881	0.236656215081243	0.305116532586524	0.321947607852252	0.425164758067068	0.166157157437279	0.178969641697838	0.191290508055284	0.117916967758772	0.30696416956078	0.258627038494122	0.257813372682161	0.531444349521374	0.135978140059859	0.144040959237296	0.319275774613713	0.350842904553601	0.4122877541948	0.164389100128983	0.417836564807678	0.289246981113481	0.213511078636812	0.255200483147521	0.491861060252393	0.2101467769864	0.518711822095381	0.368990906764318	0.63557139254619	0.607236675911065	0.138034269324371	0.284190129291377	0.427495501544416	0.0576330543981266	0.334844422960495	0.352259657036164	0.076555109400091	0.175917123929286	0.08747479179304	0.440264460444911	0.219895604008252	0.303266351221408	0.28987849019925	0.263173770848028	0.355792334181975	0.334700844908022	0.23025567809696	0.406701625687514	0.377944884853457	0.389335196652704	0.426389611115026	0.448684978456996	0.438456103588457	0.17909802449838	0.210515956204119	0.594284345912894	0.502057351522179	0.437216763518776	0.289691539025038	0.173872221126273	0.164524957713839	0.28580163097416	0.377492881926532	0.46200260816654	0.594605779007621	0.387411500250305	0.594653740813569	0.326060666264348	0.173801792951189
"SRR36103341"	0.969695008382723	0.937809994273588	0.934042650737997	0.952645439043933	0.982187852088083	0.900884185322816	0.947542648914012	0.943515482865144	0.965173159382102	0.918666925213758	0.863908919192733	0.971303249567869	0.970868549442807	0.904631952368994	0.969907368174891	0.949557988040477	0.978822074283049	0.949408500921715	0.955641042787603	0.935708897242466	0.932267524941263	0.97465734007948	0.955035640639414	0.959836329669841	0.990539606170723	0.961021149686108	0.944453045404864	0.968338961875143	0.97519761799625	0.964959112665801	0.974097423197546	0.965114813870339	0.963356018125806	0.968535194173209	0.963622560169459	0.991361191784129	0.985222326761393	0.981597518305964	0.970412590962424	0.991269035044884	0.98513121175734	0.910927162830466	0.976872504719308	0.987661207360546	0.821893045875623	0.944685908176631	0.960127557957635	0.945430122371024	0.958246964147144	0.962663285360687	0.987334425481893	0.95205485259694	0.975229588210889	0.975808979396162	0.975949172134535	0.975677225077944	0.969791922130702	0.964064509963694	0.979160691786907	0.964498674490626	0.976769293557835	0.985209713296194	0.981888765693452	0.991760419515146	0.9826254698713	0.970672853770886	0.990133937757652	0.988374568479727	0.975947804406364	0.979105880918481	0.944889937783155	0.970190602697461	0.984436958521216	0.973632080250634	0.982117985928144	0.993553544974125	0.969592148539439	0.973747351343005	0.974000458370574	0.952901168949366
"SRR36103340"	0.988975328487902	0.972201816661482	0.967232618272882	0.976689043443995	0.992932390196105	0.952711397720885	0.972880455143078	0.966934875062736	0.983995790908047	0.953159439785169	0.920163517642158	0.985872425539059	0.989275112782898	0.960979858929181	0.987169801190325	0.972625520514948	0.988540700689007	0.978721638633263	0.977305088609944	0.96373449848671	0.967352170297356	0.987207473013899	0.976765619069419	0.97871995486834	0.996253100084033	0.978856813412639	0.973008339527347	0.988198556283397	0.988484155248788	0.990076123009229	0.985974380825265	0.978187311138371	0.980098095945196	0.984547743985563	0.982048377616822	0.996998131094901	0.992526669189881	0.990681126332329	0.982981985875574	0.996033722028453	0.991849032992821	0.950059784229659	0.990625313975816	0.994220263761509	0.887630225320338	0.967244694014981	0.979941306895116	0.971539107404897	0.979176366261346	0.98406657863341	0.994223027653635	0.976591042006985	0.98957669329942	0.988799735175402	0.98898836488436	0.992226137357516	0.98480927343872	0.982305882578882	0.991167351742753	0.982493629784266	0.991511804548111	0.994955312727022	0.991566322524844	0.996293207887987	0.991203973693966	0.986142725918463	0.995415445923886	0.994136449067928	0.987981041691598	0.989796411708202	0.979144551406518	0.987875849108591	0.992598862300498	0.986988087789765	0.991741247531159	0.997092399059278	0.986315911978868	0.987969686115232	0.988111734515491	0.981154961680092
"SRR36103475"	0.1175646522891	0.113436166742949	0.103012929558028	0.114809178551241	0.426925945251302	0.071720405806462	0.114523370398351	0.0722601936951527	0.0769856702507015	0.177028368913026	0.03697274480597	0.143149619682091	0.0789902299125021	0.0950288258350677	0.151601306459518	0.201438723996511	0.193986645091333	0.0413079811157308	0.0656011805226374	0.0721123479091066	0.0354714599289075	0.141994271941114	0.110324133512739	0.178621923038259	0.203932735246456	0.107989180216699	0.0821951411752762	0.397114545904374	0.142642145342907	0.334814314678858	0.120851566519501	0.343591412975048	0.132113829462057	0.0431123352730524	0.216721032166163	0.310471610648897	0.0843184262147527	0.157898890670657	0.265216732706978	0.346017720734429	0.347464228651892	0.0730789507227085	0.161672556011492	0.203411232926372	0.0367407667961463	0.118268626406513	0.183820504679916	0.0724623859464241	0.091631238114199	0.0537277650650234	0.391271508452873	0.0700095530815777	0.202265256648995	0.272757149408454	0.0664445957854408	0.2449915981714	0.189363417039183	0.077071691381728	0.401041940786185	0.107712759612614	0.200448273478553	0.152213497256697	0.142487074318102	0.146050014252124	0.110754568110532	0.0951945170683222	0.364930124997918	0.32163890090968	0.212085136453571	0.151605170334125	0.0776378349928596	0.150559201595208	0.12883040125514	0.215653788729221	0.194768906272343	0.218916790870968	0.130538737379004	0.482467195986029	0.123667635882163	0.0913150409074835
"SRR36103474"	0.99041294611299	0.917450845585821	0.966374773735509	0.969456563155349	0.989243299187986	0.927475994272474	0.960475093128933	0.950079302074307	0.960317556938761	0.930657223662167	0.914453655829576	0.988925502460289	0.986953209891942	0.905473910326041	0.983447505835072	0.977251028730844	0.989697858160403	0.969628741189606	0.964949744625768	0.958268159584672	0.946357583517682	0.983642092902246	0.968142474069998	0.980836575938121	0.996006391012472	0.955880935149858	0.960264192324026	0.98922239444673	0.988223289660608	0.959010143988453	0.977194068364595	0.966514508413783	0.979293860749327	0.960648988001088	0.978281816691385	0.995565110241666	0.979474324824234	0.992892058840358	0.975797498319761	0.99462959287408	0.992038671244614	0.885135952747152	0.975122886090798	0.993241555698796	0.833250055536604	0.966005933374007	0.984621857201438	0.916572948343151	0.972652020740177	0.964110593115928	0.994189222730013	0.976167037288439	0.977067263159266	0.983166580907494	0.978486807256558	0.979576460423711	0.973700407798027	0.968894228266705	0.983214970637133	0.984350788707225	0.982252391229156	0.990915628863991	0.992141870349679	0.990462626029457	0.984231295202786	0.975308520436828	0.986245963027712	0.990803881471727	0.991015478710221	0.988925159917105	0.956110354701145	0.987411933784156	0.984593606718325	0.986691473568921	0.989214059055097	0.995486534985399	0.98740527210346	0.971141564631103	0.984362135106085	0.967687244622737
"SRR36103473"	0.984214195805219	0.921764014483216	0.952733099214388	0.96032300909435	0.985745220851131	0.905101265444943	0.956140470245168	0.936801747102255	0.950800968454778	0.91478559996878	0.901650953690661	0.983629610857034	0.98030657836864	0.928940171727199	0.977983646452008	0.97559019309691	0.985443345403382	0.970699580382106	0.954380136077655	0.952596729640083	0.930543384866993	0.984308109926871	0.95834336262639	0.973538873263591	0.993769901657699	0.945285109776995	0.94623975095344	0.984138697439328	0.987685912451043	0.974355109949212	0.973894125333245	0.974523968730461	0.97192221090969	0.973449475183908	0.969980204459043	0.994862865016206	0.976204576201866	0.989903077024093	0.972761303686034	0.99273104441795	0.989922818420309	0.875964790572474	0.975707965032506	0.991131876332264	0.845001601357132	0.954433783427925	0.983515764814943	0.940921875797407	0.96359250130696	0.9526808999503	0.991604817859469	0.970234825063697	0.979412509650988	0.977697872629434	0.98554148618912	0.974678546868293	0.977886252445777	0.9640051155	0.981326325044385	0.977949090423848	0.979420860125413	0.988127026183265	0.988727783983531	0.988465852691119	0.979786488251039	0.968994738748384	0.983441490933941	0.987654462575552	0.986618284021356	0.984419394739952	0.981608084518599	0.981340036544922	0.985361809629345	0.981454162699125	0.985644880331008	0.99615484224461	0.981231627132927	0.978757980188927	0.986323387013298	0.972034537241223
"SRR36103449"	0.224836408559306	0.120603088480913	0.152841976753788	0.124376178723905	0.516622782010784	0.115141276995198	0.117674162587465	0.0656704481183536	0.0874167949047062	0.280961515765476	0.0338593981356845	0.1518856506241	0.111530292681513	0.0971882885409643	0.141704922372423	0.234355546242427	0.180707308385922	0.0477389669104179	0.0684388398517403	0.0618632313370349	0.0351517707867485	0.137476904901581	0.116019303605989	0.188838628008938	0.258759491216485	0.109257600975407	0.103873612661383	0.519141107084343	0.159713795119528	0.377571290567655	0.125448682018699	0.338732896136371	0.123856232060535	0.0348316827972294	0.289584801834459	0.254031665132899	0.0595243851706324	0.142512269669479	0.265899969590268	0.340848148015947	0.347224970868729	0.078553336266789	0.183668835287036	0.235090424964847	0.0323623912225814	0.110952690520185	0.220681708309696	0.0741225169631421	0.0929431007974917	0.0684205023601256	0.436488632149734	0.0751353288960851	0.236441481016988	0.35867315172936	0.0615863590293916	0.305464688293488	0.20018106794568	0.0679670818938463	0.526895351981969	0.1061448976497	0.200942985265448	0.129109413774905	0.140054896398412	0.133103947150723	0.114707229070121	0.0916238580506576	0.532182533184485	0.362772862365674	0.237538936607432	0.153782194410879	0.0652557570012593	0.225391480849345	0.12752640268743	0.247815485070288	0.20793996209151	0.203691921386287	0.143846950123926	0.573966898801466	0.114915469980216	0.095428355902674
"SRR36103448"	0.980714215046162	0.963660191458042	0.959054430698453	0.971550603051256	0.986006432165539	0.924541287836702	0.967222137751071	0.945812043569729	0.962207683128043	0.944961358607173	0.918237671822006	0.973795426386594	0.9844189121557	0.958208002278336	0.978044824517151	0.971909671804014	0.979141257346159	0.974757696787284	0.968807568887509	0.961538825764962	0.934814338767647	0.990054677334956	0.955858408365449	0.966921674020303	0.991665130109673	0.949242699127588	0.947333783501852	0.984733020582878	0.986986107812925	0.98617993262577	0.978304310177012	0.976680770117842	0.971077076110949	0.985109447643727	0.9740029649408	0.993305093353217	0.982266238436524	0.986513936519206	0.973951779814071	0.991935906877306	0.985991984323491	0.906146396723932	0.985432725352128	0.987991049593352	0.888847651812461	0.949835671874512	0.979384084700739	0.962376059989203	0.964261137730775	0.961947738630459	0.99048173006289	0.967871362706341	0.983642849711499	0.983811888771408	0.98898585218187	0.986594016278919	0.984713252311884	0.972801892188941	0.990149524449508	0.973494817873184	0.984665770094757	0.989042878962624	0.987165464167057	0.991455301379787	0.983936867065311	0.977824313030209	0.991407621607677	0.988017338097792	0.980026097445397	0.981085111802196	0.986454233328661	0.981914637928505	0.98844325237768	0.976483956117414	0.987232446837174	0.996505129682146	0.979188811038115	0.98755135185592	0.988318290662952	0.969825994944158
"SRR36103445"	0.571660600699554	0.847363498523133	0.747150806614889	0.757512192016428	0.846288056731633	0.52880765482893	0.790146150552845	0.953905703116163	0.821175525262966	0.712235311244983	0.840212515999961	0.834871998899389	0.876981944635013	0.814226652605448	0.82475170967179	0.886835059310228	0.941655091727922	0.635414772030835	0.875486128498035	0.897608988048756	0.667789379508545	0.931467139000149	0.811520751956269	0.824865235895116	0.951467198232172	0.937819025237607	0.824898951207943	0.799612532208034	0.887461991128067	0.904904117604251	0.947097409370738	0.953435217482494	0.909599001624702	0.881186320134313	0.901976460693412	0.948457514086844	0.928012980969948	0.861735189972059	0.939469039755731	0.967865397213136	0.950071181396221	0.815795891307697	0.815077966237754	0.967569910875574	0.850317908468149	0.927771436231796	0.871643348617111	0.923917016044109	0.818688565689221	0.812850039558601	0.928995708183379	0.853072469982816	0.925915396533058	0.868807119958611	0.929491247799077	0.787607699313768	0.870000908354438	0.785852127057283	0.846226854039234	0.792520947535213	0.85154226031557	0.888295804085024	0.860243231075568	0.91081177180854	0.925591306240875	0.79858716580091	0.962671902410596	0.975155184073075	0.891981032865583	0.905775638141612	0.923421361205467	0.704167195836008	0.963179950774894	0.848160584696627	0.819912405068373	0.968223530200537	0.772110556685277	0.888370720818834	0.881644899533704	0.90937021340127
"SRR36103406"	0.229233264723111	0.174584168769665	0.102936389810588	0.164359586370693	0.500196420283562	0.0980264415635948	0.161581161051308	0.0967565052765877	0.107511713432302	0.180817339053693	0.0813827509647979	0.330406145128132	0.237944826532207	0.21201050104704	0.309132958674062	0.27637534948886	0.373417274192434	0.172546936292113	0.15539542846794	0.1479475156027	0.109085469008918	0.271126517610679	0.235804300049122	0.248331297522488	0.440352494087089	0.102195911804077	0.111241617723636	0.304424619718719	0.325307734017508	0.417826261835232	0.172648722948726	0.397687301296035	0.240363122679759	0.217917305194957	0.192372982742844	0.497879190714481	0.217524611093901	0.527922670024863	0.326889777256092	0.591458361745555	0.577226760850523	0.111186542531565	0.31708738166618	0.341689709663942	0.0409950294869217	0.246136652180851	0.314903923598547	0.0654411835000553	0.1610912278416	0.0719120080295195	0.428061280448187	0.176506737654701	0.273944907260183	0.257424549564768	0.245512380972923	0.350428385513582	0.34018024054058	0.234123335822701	0.392117389494859	0.367808752720546	0.395206594319699	0.422500589278445	0.434066757070343	0.467803768697257	0.196745388268421	0.211789153313423	0.4024812794226	0.404099795905319	0.393114128936533	0.263477029128599	0.176373649821351	0.159150412175267	0.239266721809143	0.36516345348769	0.470972113363064	0.58694574462698	0.37266453630597	0.599411019409171	0.331706463559181	0.143077535334337
"SRR36103465"	0.976723000982907	0.941237019724195	0.953125616776961	0.970193963858812	0.987251513840728	0.92265418946802	0.964802555941343	0.946744960088045	0.972069288248632	0.937359843212392	0.885673661915881	0.977043629227213	0.97144071831161	0.926110062441249	0.979808162035915	0.959787375725852	0.981687236915586	0.965264506392603	0.964749637974579	0.95056344184436	0.945701005566192	0.982424229873121	0.962094315091535	0.97046459283445	0.991480849158733	0.962687632435852	0.951525331201211	0.980283843677843	0.981729945918503	0.974848004526314	0.979122822181869	0.969740928434584	0.970998160535986	0.95886958256343	0.970849735159836	0.993827563808798	0.988848420653627	0.986957553862426	0.974788658083258	0.992708828574716	0.987021468813198	0.915660179699447	0.984726816643443	0.98812566773255	0.851441007921368	0.946960933820478	0.969160447124595	0.953922333686856	0.968739735981973	0.96959478326698	0.990031114894118	0.96114142325067	0.979719396972133	0.983085564934753	0.981095869893458	0.984982481451122	0.97891055652935	0.974783917549301	0.986943660288571	0.973702450909831	0.984334784475593	0.989816219836929	0.987184590388548	0.993616077096083	0.986940135353053	0.980467530318456	0.99048518439648	0.988950865933766	0.980407049355907	0.983866835334773	0.961184035151351	0.981453472941703	0.986830805068093	0.979327492528766	0.987796651977446	0.995171431880158	0.977518629418672	0.980029510897038	0.982720768855089	0.957646005818003
"SRR36103466"	0.986392848097587	0.952282738853327	0.960727870045306	0.962053911503353	0.982990443780571	0.938022157767786	0.951576830839594	0.979167414915561	0.973976183051516	0.913626562869995	0.963025141843869	0.979632601106728	0.962617403932479	0.942769424371585	0.968930136034187	0.976080567113287	0.98899755413068	0.954303532949728	0.977395295557446	0.97345483854162	0.951050346219705	0.984817040351333	0.970875802242067	0.965654563830954	0.997582501689829	0.982683272706904	0.97851709901684	0.975982855317203	0.985008353103753	0.965264978593688	0.973981791298749	0.972369739378916	0.982790276545424	0.945208427847511	0.988950309667867	0.991193363267948	0.982109497240726	0.986124952870753	0.982146886251964	0.995542189720168	0.9906702873839	0.956034444031509	0.978987196410066	0.99626790462584	0.923854951279993	0.985362237318181	0.979550223621185	0.960889006551163	0.969638670866781	0.980857620215347	0.98709419785726	0.981354234074146	0.984691519733246	0.98673710366957	0.983387086786558	0.981056220267954	0.969877092025336	0.963234457568811	0.98576587381194	0.973845760172802	0.976826535806294	0.987396609465135	0.987159679187668	0.991350346986552	0.97994074290098	0.970834332092778	0.997990090877048	0.99667568438214	0.987867822809821	0.98603568503634	0.942344837973955	0.977757855895942	0.992394458369586	0.979895389480189	0.983258506691279	0.994745978769069	0.978775359977024	0.977142440235618	0.974067711022282	0.976872723925108
"SRR36103303"	0.455395342138867	0.272491289082583	0.160202035734722	0.216863734249459	0.59443650573024	0.171717234090269	0.195696339530281	0.143945667500311	0.142377421554295	0.258846494801901	0.146702949944385	0.434221601520549	0.421423379210325	0.300960169951211	0.359546767959787	0.394836570582101	0.470920907313533	0.264695223543173	0.245502983446677	0.215776219646319	0.156617619502273	0.371911900907105	0.319925153427219	0.300508657829458	0.665421083791892	0.133259218079322	0.187172075840712	0.417810389367259	0.456652219870753	0.485622162503713	0.204239729485893	0.409957378262813	0.328821968831182	0.275914178068942	0.323243693212274	0.590188172908589	0.184833270906493	0.550073035457323	0.392501380707266	0.682435287428692	0.655881515072164	0.16018524601625	0.25018916263073	0.508958136719916	0.0566018057233568	0.380477300423327	0.45433920962566	0.075901273300124	0.210921087402479	0.114833495201311	0.511058572057665	0.292615959680202	0.366306359667297	0.372296067849863	0.338076287618825	0.471374683687668	0.409040507338348	0.284056036313816	0.530591013868362	0.488505792617084	0.467677747724998	0.529849302560621	0.560203535205821	0.433078545629421	0.219829195350253	0.260100694841305	0.729867290546793	0.563193447667734	0.532689319335029	0.339046175403406	0.21228859642051	0.246171119125988	0.328689226673635	0.466638761735938	0.578572977270262	0.682885317333345	0.516114545512452	0.69927715805104	0.4029839718456	0.226227412221181
"SRR36103302"	0.731902805480638	0.490966131005946	0.575221793128676	0.494125947250196	0.672267584377844	0.381646859471336	0.368628319482481	0.629124358626876	0.216439461507763	0.564284865435476	0.689671855734705	0.570589682314522	0.510009182902603	0.588251769098409	0.507772000030117	0.733767945855443	0.718080341315295	0.340141404640053	0.702717132196909	0.673625680394289	0.243733297475207	0.784388413499796	0.47018936000889	0.462108896773212	0.914118487411353	0.327910392635218	0.48415848961456	0.795405514475876	0.699739516435394	0.598011175506659	0.459311023249705	0.568346647222741	0.701647098395191	0.331036985095908	0.799435820248049	0.675448084181241	0.239994594663759	0.820173114222265	0.627018132119084	0.875469018967745	0.793408571076095	0.322882003199844	0.635593182990849	0.809860416165546	0.319167446345764	0.820642493097688	0.742887797258143	0.141453226360386	0.389643819587823	0.264207414599062	0.771885486172547	0.672305189193402	0.556555792432942	0.712441819441176	0.482518163657207	0.734147294694588	0.522811501068682	0.373807011364489	0.804619170212448	0.656145471378104	0.607737848916708	0.69477470633767	0.750788081831335	0.648986452161725	0.418333180646868	0.393139759054424	0.959316724652617	0.873812853383701	0.773746016308828	0.551408068718872	0.306872013541617	0.494756052912051	0.598519673940828	0.587552110161021	0.684808093263723	0.76684046545971	0.742958213788797	0.763516995856917	0.549122506471358	0.471986363979262
"SRR36103301"	0.414822610444983	0.353160088227379	0.321818400946497	0.376769364226559	0.638438439970925	0.193255099151928	0.302047313869024	0.268433594302981	0.135558300707298	0.407421133104379	0.288238550695498	0.41654393594169	0.469906465609105	0.456786557462898	0.499735105372405	0.492740049154305	0.507085070825933	0.250082656877886	0.414840306566132	0.389457159151791	0.147646320438827	0.604154525263209	0.304141286284766	0.370647026369012	0.652801697370537	0.144411365550332	0.203298407866954	0.709514139997129	0.506548242968633	0.666742046382054	0.325917722462888	0.469218202797894	0.457740124553461	0.301723558456994	0.459519338356328	0.576431355930551	0.243140474806765	0.72161550713777	0.450010002183109	0.751093524114795	0.654501543658806	0.149083465302344	0.575199491851648	0.476182480812315	0.126296782656289	0.468718859032992	0.51897429291655	0.0863636438735516	0.263980121361319	0.115321583979148	0.68811359293266	0.359310434965762	0.398394411650755	0.497816280868252	0.32355966713778	0.677218203315165	0.464457353704734	0.326776947842721	0.683276925442593	0.51306205786515	0.610235105560528	0.615781763404273	0.613100062002056	0.576950890313242	0.333661373639294	0.335971181872755	0.727355728108705	0.589733675945793	0.559833404810221	0.387102408599994	0.302624107928707	0.340075264725831	0.352688685201029	0.45330311335848	0.606172638245552	0.668799754235235	0.575307284154805	0.70832847586919	0.500496158455474	0.234748220560176
"SRR36103358"	0.326758810914333	0.310398625486858	0.344794652546895	0.341875881593355	0.481778289152166	0.175542172872711	0.270266195115713	0.583892751910688	0.152951901714547	0.327457061826638	0.554184267866662	0.396534768726131	0.392992408380886	0.416171751973313	0.381652155222887	0.580974697861866	0.629333172334317	0.153741046820076	0.525220740122624	0.573514643016279	0.145536362629302	0.65832292619743	0.33062074305161	0.354132507951949	0.775385388268945	0.324044786297689	0.326489487672144	0.603732281182198	0.489807382602564	0.451653927713294	0.387937623907668	0.52446041318308	0.598952600157621	0.20567056274169	0.651519905409809	0.565393860370832	0.221338145807216	0.611896284963609	0.567848243313234	0.792918285378675	0.693331368405269	0.248376304778988	0.341837633502391	0.684507968330211	0.294967829398642	0.737070574812156	0.54712185621074	0.138522216449702	0.283241404276017	0.162476107156681	0.643051616525056	0.476543583809572	0.415322202097564	0.527427287238695	0.317657207833216	0.507954379407866	0.368019396565244	0.254338743949475	0.594644030693918	0.47894749519654	0.448063298111117	0.528827354409492	0.552445020347668	0.415478254797603	0.311594942936671	0.26863939957742	0.82828565845559	0.800175473399856	0.611299938917089	0.431217234091022	0.223999072976638	0.260850090822272	0.490456207519803	0.431531735761369	0.467386072760041	0.611873926690447	0.49820220073783	0.573941794584107	0.383615715984959	0.338254398710981
"SRR36103357"	0.982654588741614	0.948820222593526	0.956155495827961	0.981679871732792	0.985362169238054	0.984901791030566	0.966635573607924	0.954610780138917	0.968981648395347	0.987189777383493	0.921214639128374	0.976935584530401	0.982317035563735	0.925651377043577	0.976437703483581	0.963033560027696	0.982968931386213	0.973171296950863	0.981247722825376	0.952131992434808	0.982657123477531	0.978689481530395	0.993706367854505	0.963327810804814	0.995252858494333	0.975681574909335	0.970588483083117	0.977492347071838	0.986533298821603	0.968240536565682	0.973420868042951	0.971643347370912	0.971302918590671	0.957668094276676	0.981540898824688	0.994083904216195	0.985223173564935	0.985355112354137	0.981064730785787	0.993290028878287	0.991324077800721	0.981227668884858	0.980031099459193	0.991990510222491	0.849475893138438	0.969010535139135	0.971667832367956	0.946481278754369	0.987582518598981	0.971167344649371	0.990877694273736	0.967536067106026	0.991523944740298	0.983302362257836	0.981977068434595	0.981013946071644	0.994002086686002	0.988043242444071	0.984499274386809	0.97582347157649	0.979226029494828	0.990380066967729	0.986044841086112	0.995398759337753	0.982082263654739	0.988124099337049	0.994993138108034	0.993983060388069	0.985770841512392	0.9828417266171	0.946841237673312	0.977004185784939	0.987647931407742	0.98131778011721	0.994845048638206	0.994645923775864	0.978617745435037	0.98490259130164	0.97661815415835	0.972765134813742
"SRR36103403"	0.03529173870427	0.119279177150405	0.0490931433245558	0.092649979418802	0.275193181614071	0.0332067258056058	0.107093714055975	0.116907888386193	0.0680589194285297	0.101144875416468	0.0514340366332693	0.174214328188394	0.199041365738151	0.111512854683262	0.200943711556499	0.1548715422829	0.280612806682746	0.0495206236765091	0.091556790614797	0.110116345867962	0.0538686320787675	0.15964324013072	0.133490853136538	0.167585374640572	0.176780092649257	0.108727193985355	0.0573677375273575	0.139533786827372	0.147017443718593	0.263439680823272	0.165619201165188	0.363336626837311	0.171677928045182	0.111749685938119	0.100103541928662	0.384313063214941	0.20786910398438	0.26399616730513	0.279394756162947	0.430263344923051	0.426715629997431	0.0774854923210613	0.120971778597067	0.19667087281315	0.0434606460371623	0.172872733274322	0.145894716337431	0.0672592577455527	0.102299245806144	0.0370903221556882	0.278217388829658	0.0812106656683189	0.16347883626074	0.127099421794291	0.123901070117636	0.149586675894694	0.196119160911732	0.136165132876755	0.167032354239365	0.168152122336612	0.235519767698291	0.247525255139354	0.212220788452128	0.23898891181488	0.16664115992697	0.123285355885551	0.151319962794883	0.279619457461543	0.210178518602187	0.17377831213461	0.119307030245173	0.055469681846213	0.165445334496988	0.19639386917442	0.228542634548878	0.366686132990258	0.149069669855611	0.337047641727186	0.185214196604184	0.0853353194280821
"SRR36103404"	0.621557182111543	0.855045826102375	0.742472508896349	0.887427494629311	0.956176118521328	0.590826692697066	0.903647253080738	0.883275045652459	0.92528746279733	0.682465893421368	0.628656948723597	0.909671897266333	0.944059266629032	0.820492326294316	0.95340356903187	0.839313307731553	0.950437796332703	0.771981059217599	0.828228919074786	0.853874697094686	0.817839674632563	0.919814696412771	0.877901189987661	0.921277441160176	0.92412801670479	0.942254393330769	0.809542385847325	0.906788167884434	0.897707844335076	0.966239174340663	0.944430784956765	0.953997967016987	0.911736534609418	0.886300763831589	0.849844538852621	0.983819610441263	0.985918597666211	0.935610287601137	0.962098624300565	0.978664405072694	0.966525195593454	0.806899069468817	0.945757039341538	0.945420642698938	0.741251062937307	0.830917462196549	0.838559984805988	0.932718535089889	0.908781384606034	0.883030004932213	0.962092113364569	0.806034919652053	0.943606090702198	0.911218038941985	0.923277140440783	0.936951573153792	0.92727568689672	0.922176326859598	0.912336947629575	0.867106430347864	0.962272719453602	0.967405095831017	0.927963054172978	0.976167769344257	0.96376614783374	0.935817289650147	0.840962798446045	0.95730274462586	0.906977697843508	0.950806286753592	0.930747627793898	0.870026765143077	0.960097513854145	0.918841015294691	0.933852035117448	0.978849938803036	0.851164295235861	0.920025244258913	0.939572663340947	0.876636636808409
"SRR36103405"	0.278676549819722	0.211232775341431	0.108499061321254	0.17700369282983	0.520730335794737	0.107668307784084	0.16971488549947	0.103640949970406	0.116679602963787	0.157382317874152	0.100355433849899	0.356356355004959	0.493636763267823	0.235071632476511	0.319664211422787	0.309765341364075	0.404323405191076	0.189988691829834	0.164727610352238	0.169512306140026	0.120368775686101	0.299137373255923	0.257818887861177	0.261471163936526	0.51457997158622	0.114340438435826	0.131695740695671	0.33171183341636	0.358543049536998	0.432257197583264	0.157217509660766	0.415529282393094	0.267753546734487	0.229626462381589	0.229535436108353	0.584269951473065	0.2237500181649	0.57521061388426	0.348853397114376	0.629341535516994	0.607231879708458	0.125825099963391	0.396880055629282	0.393414356535031	0.0468992530181715	0.289431304572372	0.351789401499088	0.0696131546738582	0.174291448165349	0.083030975934735	0.449115136049159	0.20734782129328	0.299108567279796	0.28756144614111	0.268412713760706	0.42822804787441	0.359381430087156	0.24434365755915	0.42585978880842	0.396505605591474	0.410543223657389	0.472293983201713	0.465497780105487	0.511218458464091	0.180033900025995	0.222058031804127	0.470636918602434	0.457321396587444	0.432316426521705	0.284527879986045	0.194379295768333	0.177174040216084	0.266449230922017	0.389998278046389	0.494264571062658	0.611235593419418	0.407277281504364	0.622677762240907	0.346545464787214	0.179621603296844
"SRR36103468"	0.192982066113221	0.3251804136088	0.174733060241245	0.25514145078113	0.515503302165838	0.103472997009434	0.22344365255558	0.202631642511224	0.105540529285716	0.242796264590103	0.173021888771373	0.313198273135792	0.300245530480639	0.32026471666818	0.577673656997428	0.354333233094159	0.42175673697524	0.145447677848546	0.259378908391844	0.274391424159979	0.10309143289104	0.439282364845932	0.228901187384653	0.291608355334759	0.459992016542738	0.141945914522576	0.131968380861859	0.515797965783029	0.354100343210302	0.558857180323469	0.259967470304544	0.445979285574274	0.346749232797786	0.222749968454916	0.298586302154683	0.560788328673095	0.295130404835835	0.560106347726401	0.397281666758941	0.672770986921522	0.623496306746364	0.116667041817525	0.378524721046537	0.37743493673584	0.0926208910394017	0.348241139822882	0.361442658164544	0.0794427781967174	0.195577817669203	0.0769796659904944	0.558667851926241	0.227027956593971	0.305181139883103	0.341522056586746	0.234060836403263	0.494582276098223	0.359855683242006	0.26235502025625	0.495591502216396	0.369648602372363	0.551505030783194	0.51113170668772	0.460479904547145	0.437661357069993	0.25129691808094	0.248461213454141	0.526357255240558	0.471534329582073	0.420910815370148	0.301414999965355	0.246743329946553	0.197045170687232	0.274762833868506	0.346669226954887	0.46288212061575	0.561278582921901	0.404373298482644	0.586333528438515	0.381213684102849	0.179798476225949
"SRR36103415"	0.0736754744521062	0.246077412801825	0.0917211791653605	0.122479458190269	0.275193181614071	0.0564303438164398	0.124747078527594	0.379339718760178	0.103698618374061	0.103903210467038	0.237301632960178	0.2391523369167	0.249266910865694	0.191029334883019	0.338102984095047	0.314210945605911	0.482497128968258	0.0495206236765091	0.210904930046315	0.292221264609038	0.0803303873185967	0.285837633004331	0.210980935883759	0.205681654197642	0.502294518018774	0.313056049895089	0.169727670124443	0.192554112419886	0.231880702337569	0.263439680823272	0.234864736884031	0.460700683201072	0.361865623174348	0.111749685938119	0.32669883345111	0.395444288967018	0.23985212404294	0.269239555353973	0.455435742205474	0.644708741301052	0.614557000071939	0.183722684861701	0.0849737823629764	0.538957544135127	0.149144089962378	0.532788244203819	0.267619527778305	0.119916237586332	0.153711284389888	0.0860348968256397	0.335679971276227	0.217958792551339	0.267150310118482	0.231544209630313	0.182517559422499	0.180988192298266	0.196119160911732	0.144771483160413	0.225966706432083	0.213630148275561	0.280907174701261	0.284498146331986	0.277500337077213	0.19049961687447	0.169207653780335	0.128952222078932	0.536977418434289	0.651710325860075	0.371849951140584	0.269694016816346	0.120591354095294	0.0738053286466334	0.343455041799139	0.249277946712841	0.228542634548878	0.42192881174306	0.205382180674413	0.350373426145865	0.185214196604184	0.198904479311849
"SRR36103414"	0.0337535491255879	0.187636687854168	0.0717304394496135	0.164453920344599	0.289173438321828	0.0331303988299508	0.162912232783897	0.146581930301374	0.0663448432717315	0.0895392316942622	0.0983423347907224	0.170831509466979	0.213094657264288	0.151412502173576	0.43625705248442	0.205778443166961	0.307313274620174	0.0495206236765091	0.127902381383786	0.19706904990622	0.0525869006004561	0.294544951683025	0.129745399787361	0.209415621907635	0.171086863313212	0.125999375125328	0.0633340070836215	0.281042057038114	0.174280268579381	0.308773150184933	0.182650493325197	0.406528977331442	0.24523267187126	0.116288846405113	0.153307952723985	0.408765107490784	0.297871498667004	0.33812685898801	0.328739139698415	0.491105611646107	0.475720488203458	0.0734002708785594	0.184343649164965	0.198719313019713	0.0834954070654951	0.219791721817717	0.179424742594385	0.0742893590046011	0.12838111139933	0.0380990092693168	0.416339918970663	0.104305085774989	0.168516419301506	0.185450279439236	0.121806060399821	0.227375552216655	0.232256855721953	0.170821400606569	0.253927086267288	0.186199674734914	0.348969373540752	0.294810384821056	0.251281889386107	0.263048894498439	0.162527739048067	0.162510300643198	0.142511709723569	0.300211509087168	0.231069140991113	0.202270734748622	0.152046757396452	0.0810934860679255	0.179576537331478	0.195187801101001	0.254368718582271	0.363495540657576	0.182733963816692	0.336263502072388	0.23738261339224	0.0890134309997008
"SRR36103408"	0.559291805632239	0.320027892231431	0.242028741434899	0.250202125577289	0.571080271302409	0.225182733609326	0.210555306742833	0.367961201047711	0.186173350863189	0.255398772147315	0.400460756033615	0.49298804799084	0.25608955077067	0.39897353255986	0.34650166536248	0.559108743177421	0.632439330001117	0.238815246341105	0.404146128365859	0.41123539812628	0.195422379972651	0.502247164441524	0.406301834537333	0.333708589978402	0.858636531764152	0.292284625999619	0.362384810566569	0.470070866925855	0.543682740421071	0.468400632430648	0.246854103989988	0.490183985623911	0.513603056584093	0.260448009759057	0.591652803786463	0.55181526913786	0.184833270906493	0.586780374376412	0.532438132703012	0.800023553563429	0.743205204604299	0.288392200261833	0.255135105590007	0.758749187720201	0.151740178943045	0.697103296131767	0.581906707778014	0.120846483067566	0.269724562504074	0.198997840874548	0.54891690785566	0.488388174373538	0.472114165590973	0.494201414007843	0.404422926127933	0.489473156759384	0.39123962891607	0.270894944237675	0.576618559014514	0.521755180509465	0.449174627817299	0.534345304597732	0.604362306963613	0.426704807932691	0.228769200785078	0.255735649908216	0.885047675549656	0.812215438048109	0.665104336818893	0.433581670418092	0.200143531743991	0.271066838821852	0.505223952413589	0.507036437863403	0.551775252978166	0.703583577070487	0.563747285148861	0.68662542524108	0.384507463451704	0.364388296495225
"SRR36103391"	0.985510429566845	0.961535078738487	0.967393616052789	0.983587648180976	0.992111277440097	0.934175237523824	0.9764997151777	0.941515321079854	0.970374447149908	0.93194001901666	0.929437638861577	0.978981723348189	0.973370767641233	0.966438942179785	0.988878539806302	0.971513292305674	0.982767376077108	0.973750523004104	0.974704415554033	0.969313812260424	0.948024316136358	0.991872183465786	0.963044782538723	0.976733212554889	0.993103177310603	0.954931586869437	0.955839123419351	0.994648030385801	0.986756041725024	0.991714423035231	0.973002065131676	0.969771350025079	0.978969981150683	0.983136856311881	0.980884885259105	0.994564830981534	0.98824654530859	0.991971913335692	0.98189927425584	0.994751325869988	0.988420569265361	0.906300811627421	0.993191266559143	0.987221656502549	0.892155513179092	0.955451747659699	0.978196997418207	0.948391568522743	0.974533460482311	0.96999394217039	0.995856805871266	0.971221871539756	0.984202702888869	0.989346598843128	0.982306941979012	0.994922034094981	0.984129213871738	0.979914883224068	0.993776876116054	0.980361051573556	0.992624646767467	0.99424099617009	0.991046288826267	0.995372481141173	0.984478559886221	0.985843641355293	0.987171061271271	0.989233285389769	0.984048472728728	0.986022742109244	0.977869670175113	0.989077781606258	0.987004005817611	0.981494097247289	0.991233276156859	0.995665680743489	0.986335199290532	0.986532499349399	0.988997760726487	0.965174284382146
"SRR36103392"	0.991867300973523	0.983620614943494	0.986607401002488	0.990200555514382	0.994388683484257	0.963197662891512	0.98908874460919	0.98499870344187	0.988165898327306	0.96984493503868	0.968845903873228	0.992812208144931	0.995484312538526	0.975565414875318	0.996046631160036	0.990545444800132	0.994605507720495	0.989649217012624	0.987962067264854	0.987384930211979	0.976651244375357	0.996482674098208	0.983715921360187	0.991105872587162	0.997292267542444	0.987969401320944	0.982328155106879	0.995291555544364	0.995698609942903	0.99234265036863	0.994527270504501	0.992082307961817	0.991318878842007	0.993296301728242	0.990793449239387	0.998379611058231	0.996477819264998	0.995516572976011	0.991665103052753	0.997542901851942	0.996205457025837	0.95711908733679	0.993158066414165	0.99702436261233	0.964090037901514	0.981297355937302	0.993156251872947	0.989620036560239	0.989658282127368	0.988809189381483	0.997775003203559	0.989428973058814	0.994022679994968	0.993837083666885	0.996128535157992	0.99273605293798	0.99351219963993	0.990201124794088	0.994637639587562	0.989987775422038	0.994728941823508	0.996203415526418	0.995663218675633	0.996743666599548	0.995839231308532	0.992260655712364	0.99391692289719	0.995982111160572	0.994047530131544	0.995353215356948	0.995846961855154	0.994811396945172	0.996584604415982	0.99229461367352	0.994612206357646	0.998850993389355	0.992303114792912	0.991067601184303	0.996114493721312	0.991330299550842
"SRR36103441"	0.0366763751216467	0.103803979508913	0.0420618661796154	0.0940094025506783	0.275193181614071	0.0311785892607312	0.107944829276566	0.100429071648545	0.069574417708887	0.070146920161973	0.0559962710584197	0.177182526730682	0.164783525325642	0.114772608076086	0.200943711556499	0.161137585474748	0.289742967116397	0.0495206236765091	0.0833088328602724	0.116245700639159	0.0550008920522026	0.164849370090348	0.136803643442853	0.169397877353662	0.188655234062638	0.114952360956225	0.0608300127173212	0.141931025284586	0.150667084549988	0.263439680823272	0.14166482007693	0.359484694700349	0.179160574587713	0.111749685938119	0.107133342370687	0.32224033280591	0.196140433003116	0.240230807723073	0.287033563182067	0.433912012401584	0.429101015844206	0.0811856351900189	0.0954616667187746	0.208900504382884	0.0464389072894158	0.185701541962421	0.15083320112482	0.0693406010563117	0.104520766736744	0.0387660780587569	0.281020384271435	0.0857255946888532	0.167908667913147	0.131304891959949	0.126471406434999	0.151084866490035	0.196119160911732	0.136165132876755	0.169735700696984	0.170288215940875	0.235519767698291	0.230711471999161	0.215284899145512	0.208134981843926	0.131806840930701	0.123571352113514	0.155220866233291	0.296191857066505	0.21708241818441	0.177972042265391	0.112068814505368	0.0559922307199602	0.172447383821109	0.198892412586503	0.228542634548878	0.369455107744769	0.151623421063071	0.337726559051057	0.185214196604184	0.0811963949085177
"SRR36103440"	0.885095125691529	0.87120131663964	0.873233482476574	0.943336742946893	0.962892709060791	0.761554993547149	0.931683072462585	0.896190869497795	0.91236984178512	0.808237120738837	0.829944712513145	0.932036460605109	0.949006422012681	0.859753623571738	0.957240834445719	0.91784631089439	0.957843312729724	0.87208940010061	0.917578182951301	0.924464974637699	0.841560280310672	0.970754023876324	0.897054055767054	0.936695278351885	0.96670618479164	0.91520810812929	0.868333664269307	0.965478878954871	0.947918358422129	0.945195579177584	0.94148810708426	0.936470031562222	0.945821808754349	0.919036977025968	0.936961257338208	0.9809538275746	0.964737700419893	0.94897726999519	0.950038051883962	0.979774735827365	0.964459885922171	0.803066750801012	0.918596235464883	0.959925659569906	0.806399532510748	0.902598519702901	0.92401579877337	0.893688831293605	0.926078883519946	0.89617081790709	0.980795564140989	0.902930144935278	0.942498993839134	0.958993503272488	0.938155179053547	0.972399598020171	0.949865969761073	0.936322069650942	0.968248058520632	0.92808130031051	0.963260295641277	0.971491687825505	0.963920337049163	0.961628110652852	0.954241842210489	0.951777822906439	0.962023135065746	0.970541803798176	0.947358148400577	0.958538351648532	0.914425846304245	0.9435880748574	0.962735120990067	0.939505894940169	0.963486769275272	0.983589892170839	0.938001722451619	0.945447025536719	0.958265057787382	0.881922522186082
"SRR36103359"	0.986985755033006	0.95198433617815	0.952141495357314	0.965879728561112	0.989095518436398	0.939052992233869	0.959831929187576	0.936749847709694	0.973357757347178	0.944534035117513	0.874455040110087	0.980664609760853	0.971324451110533	0.929225458441587	0.978344453812583	0.96164529470296	0.982088381428874	0.973838759036498	0.965629715220385	0.941244689460358	0.952503185557204	0.980313567104388	0.966967147191743	0.96915137161143	0.99419804345853	0.958856024985236	0.9569521740243	0.980161285976163	0.984268224036444	0.975639419665062	0.972796445934176	0.96648380923102	0.968479034162243	0.97241423724662	0.97142452159371	0.994279738395803	0.985863560708777	0.986731722581183	0.973166891574829	0.993049336899868	0.988296970813616	0.922197437969738	0.98329323996868	0.990388807224464	0.809294635745611	0.948375289993884	0.973295244911254	0.947115269422077	0.967813819976242	0.972513946222893	0.991338566649594	0.965286826044588	0.981636580981824	0.983400198363232	0.983809767653814	0.988415503356446	0.980113023152529	0.975103867237839	0.987786866235029	0.97807407558302	0.984452043365418	0.990605058609513	0.988863519551501	0.993848573913234	0.985609195282308	0.979626677832337	0.993056826279894	0.990019648013778	0.983284723582095	0.983884578638186	0.959306756484616	0.982952293910231	0.987171027456776	0.982459090778551	0.98966145919011	0.995899711286787	0.982812547655251	0.984218122876938	0.98285043532827	0.964207843023056
"SRR36103393"	0.505775913097167	0.316705509191258	0.249889423463399	0.432742224635987	0.682449698190383	0.190821970504541	0.344508996893234	0.118697253540671	0.131079551919307	0.290174954825944	0.204163324736498	0.443569155595384	0.408059040154847	0.40536708947702	0.533492638123347	0.473014274772715	0.453572587449376	0.350125848437585	0.318587013737826	0.327690681869555	0.156380393793641	0.621684737530463	0.301257069944058	0.398960733607684	0.581794943872351	0.0882936584401576	0.163149745301958	0.74547716618573	0.54395569216203	0.615382778476054	0.199898894669418	0.40935601817017	0.407694420629932	0.33895913257953	0.389457041799218	0.70844378304335	0.207537957971318	0.687902906099336	0.399636640097386	0.686704212705187	0.623930458969835	0.113254864007247	0.420452286683475	0.374607470217218	0.0828178567243193	0.339918071072193	0.533197203211222	0.0672388971178668	0.269639591944325	0.100720117595172	0.73471246355391	0.326416532527822	0.359768550188855	0.516302715957198	0.341235135838834	0.703466379198746	0.540941214743253	0.389101877990745	0.744863488777406	0.577661433998401	0.629601992558174	0.671743085316628	0.670929568792602	0.506968730999219	0.23278226136437	0.399182883222271	0.538651327591532	0.468669912493528	0.554169458905731	0.380812728573673	0.330492287391442	0.422022381062885	0.297417445114088	0.492480214151647	0.699126516220171	0.712312778834976	0.647046786559788	0.755233797077774	0.572873298592172	0.210430230889291
"SRR36103394"	0.874309298898898	0.461381336837393	0.665149975056921	0.648881629781865	0.885075557819688	0.427615686950044	0.550542753109608	0.500169300293726	0.311542586528478	0.539140657955464	0.572177118639666	0.849822822242452	0.647256657909362	0.635938179655295	0.822714042132973	0.830867811136216	0.863279880528343	0.585808493201036	0.642754623590981	0.670710666852539	0.39106503886301	0.825330969261044	0.629204779656162	0.76201305399225	0.940085528674462	0.347604908593465	0.520613500807785	0.938559677693539	0.845370407153817	0.817625022426094	0.566580517486406	0.688991087575205	0.782427497449731	0.641209075245548	0.771662698319451	0.882492214602731	0.444003589776259	0.945995216822962	0.767072277789253	0.937635211750516	0.91768919102777	0.260869550530774	0.785825549468861	0.861988498540541	0.250119325584446	0.776899254121766	0.870584496511408	0.161030636162013	0.599266072600861	0.326413446089938	0.925985158746287	0.749138419499261	0.682160739643367	0.759155661473736	0.602248968183231	0.840962131100634	0.672843532152891	0.56529626753526	0.823340863339805	0.848861541197359	0.836463565322267	0.874445931060247	0.898611070332872	0.797483340462647	0.594502069633439	0.584057156713829	0.782377634128005	0.84619165179609	0.904178175284133	0.785045868317507	0.59107929856238	0.760147695996563	0.635050530473043	0.819290951643738	0.849334936159348	0.890599221134782	0.88466700397015	0.802726171854931	0.793734953197193	0.598596844056251
"SRR36103395"	0.967864700035653	0.943346822009535	0.937548503076062	0.960375494415595	0.970821606848374	0.856954992211948	0.935630424459655	0.903343140627571	0.885127743002038	0.869845997921439	0.917849728054132	0.942955665531211	0.952482794532071	0.914294626867222	0.980952372246759	0.951909620099776	0.960221741291551	0.917687477879019	0.954521436569605	0.951156706249716	0.846932461543677	0.984724513288617	0.905694506391194	0.937409903714588	0.985442949948625	0.883072474166649	0.902377825859759	0.987306638726815	0.968572873289	0.953330516336397	0.919986144113054	0.93198606135193	0.959772429317461	0.934192183292121	0.969371385524108	0.983899401297034	0.958039962123388	0.983224517258635	0.960011070015603	0.98727250900608	0.97819750569525	0.794104441805083	0.9784510387187	0.973016545621776	0.825714580343662	0.941559207956436	0.959457397114887	0.81757553963993	0.927297172643738	0.896726055127971	0.989664960303564	0.946256944752705	0.946115219577665	0.975909826436981	0.943601203753206	0.981872237590649	0.954523275032851	0.939867941579858	0.985793830525145	0.954927667881585	0.976168054220385	0.980073463605211	0.97788520537248	0.983348987074633	0.941367612244086	0.952704072177509	0.981480400506596	0.97867867917519	0.966678966823676	0.958493454040814	0.914436702113333	0.967764308902638	0.961025585938887	0.949014870095954	0.97509544686108	0.985150218117463	0.971123225370607	0.964488700102572	0.965408910666323	0.912440712413227
"SRR36103451"	0.517183413301392	0.445363386222859	0.323600787017176	0.399540621990524	0.731249049883693	0.276909517661171	0.383860810078432	0.375977388338007	0.340011612411205	0.428244327584588	0.263599545774397	0.604590055382381	0.627700004407445	0.424141053205667	0.566906523449316	0.545431796899591	0.67650926284966	0.389534862984745	0.440486540952379	0.398648842594711	0.302027066542502	0.572812067692606	0.496609454149353	0.503656352998405	0.779881954912617	0.357377014915362	0.349268591337766	0.570434181862044	0.616009862961151	0.641249202994685	0.504203223274995	0.642681332208346	0.536705405957671	0.438122268263566	0.504591512169246	0.816641115643312	0.517765637527485	0.743728902473284	0.668627118544041	0.835528326740012	0.813686453155205	0.312491367813429	0.564430223832714	0.706802357193343	0.152105497088485	0.547054777420133	0.586732089066457	0.240967274794678	0.410543151715062	0.282154197834361	0.704588390399938	0.451381046559141	0.576050371032298	0.566038635059351	0.542485533281663	0.622201916373855	0.591871206335001	0.484251048805627	0.667971696037855	0.6154215312433	0.649526534806955	0.723770077954552	0.703163678525402	0.73353974255296	0.528454615100143	0.475874857774326	0.814523164627492	0.753293013562146	0.67860141889686	0.574780044244831	0.410923690600899	0.420757005730784	0.588402065892634	0.632755110306119	0.713142675396466	0.827299719666638	0.629076166747208	0.770409522914283	0.594330974360035	0.425533712340025
"SRR36103450"	0.973834710757793	0.955625687853288	0.964535691223694	0.977483036259355	0.985744589963687	0.919535019600249	0.972718166869469	0.960003904208191	0.965138611909126	0.947282627173516	0.929972061168468	0.972966250666859	0.980188311874975	0.955301865325232	0.981362265219223	0.971714746521605	0.980851095602721	0.969047055951516	0.973430933420804	0.968965138473496	0.934994860247599	0.991365094561133	0.955454453875078	0.971187219902765	0.99029902084862	0.957786141962277	0.94862682651545	0.987698362859256	0.985802054728386	0.984690520725549	0.983012627746553	0.976755629426803	0.975832890665715	0.97945893501602	0.976828496620875	0.994749027569364	0.985977806113061	0.986550624313956	0.976785685601565	0.992307884275185	0.985587191564015	0.906840999138915	0.985408088860013	0.987020305669648	0.912949363424197	0.953695084804111	0.97741835153547	0.965168713776003	0.968843309855409	0.963943111667867	0.992341520991642	0.967670153479431	0.982527358319432	0.985587893526562	0.986641675669851	0.987748874205319	0.98421190738152	0.974869945189	0.990563967803149	0.972464723324394	0.985863022517485	0.990452884125876	0.987251814464855	0.991453367748014	0.986868705568395	0.980964770870788	0.989896193507887	0.988471721413923	0.979712171217718	0.983149396723639	0.984899192866837	0.983254556410837	0.988623087292449	0.975858952439166	0.986994285754236	0.995969189267991	0.979194951507705	0.984398811676575	0.988191039759219	0.969023759444234
"SRR36103443"	0.0736754744521062	0.208912348718789	0.184107810786376	0.242022329662353	0.292395052156989	0.0659311167198442	0.207174048486171	0.552109540715538	0.103698618374061	0.145812139416231	0.454335225246024	0.2391523369167	0.204775877752075	0.275710614339105	0.284109633828002	0.428245862554013	0.537755546018532	0.0538206691681256	0.359386167124261	0.510326502998002	0.0803303873185967	0.540132100017753	0.210980935883759	0.269663415666647	0.518333770291671	0.327669949881081	0.202598072490276	0.419115668992419	0.28732149738194	0.31961256473293	0.314473832915195	0.495717450568107	0.514346359664035	0.117338041664839	0.495408480063711	0.405856390809939	0.219276438851954	0.393025218855725	0.519165290343524	0.686782770406619	0.569919741599134	0.183722684861701	0.175043645388024	0.517269903395299	0.312211220553394	0.650464720478915	0.343324546281279	0.139955820521204	0.20470241818492	0.0941721424665331	0.522963673488875	0.298223065675498	0.285148130969169	0.354698848076825	0.183929889453911	0.296940054397626	0.241050328941161	0.166308101603861	0.364681541669113	0.278431289012861	0.308483733605248	0.34629069067362	0.340403139405134	0.241097020364127	0.221669315363599	0.180698493958721	0.571774727732428	0.703476052222143	0.421421986721232	0.326088808323463	0.159180969009355	0.1191936640258	0.387990994853884	0.268665923050145	0.260472867741892	0.42192881174306	0.263968010993654	0.350373426145865	0.250499568622642	0.214563493948267
"SRR36103442"	0.99084939450129	0.970757119766978	0.978362722320265	0.97464442092677	0.988136614452504	0.961250522560595	0.967385188271762	0.989537963043921	0.983857900138738	0.959264614126175	0.973713864458018	0.985941551149534	0.977227858427876	0.957419606004043	0.978773368565938	0.982783224288787	0.992442075619836	0.969186543454748	0.987846575744065	0.98165834242074	0.967352494587879	0.989778058532235	0.979788548019538	0.976396055481124	0.998396691171698	0.989071321166972	0.985810723397405	0.984911789332681	0.989790293494257	0.974855596156686	0.988642364889683	0.980036188870367	0.988193853786879	0.961706638437204	0.99255108064208	0.995628215246158	0.989094304851333	0.990120893542927	0.987598126745086	0.996946215111021	0.993351479208024	0.969550425032347	0.985886727837415	0.997564246819003	0.947641850519816	0.98937624386865	0.9854167310596	0.975712508605955	0.979986848239469	0.98843354119458	0.993359424639389	0.987275045393572	0.989799398690683	0.991231335294116	0.989138037243239	0.987064935623658	0.979147110533977	0.975271031820396	0.990244829850768	0.981309216695617	0.984040413767924	0.992383478443477	0.991186523072864	0.994876560921205	0.990678636880089	0.981000890821786	0.998712392177318	0.997785289745423	0.991503259354805	0.990904488546489	0.963204080645422	0.985969029256764	0.995205160927376	0.98606838599695	0.988439985707898	0.996551102075735	0.985835563414405	0.982808841697761	0.982378712265444	0.986704625040679
"SRR36103336"	0.222046563617867	0.204604066201218	0.0898904720811087	0.16358776543504	0.486103324543915	0.0922283481590574	0.160278932046899	0.100291917330089	0.109323188345553	0.142366566133669	0.0935920084820177	0.328647102525035	0.352216095544927	0.215604075033628	0.30201949429265	0.287016013970701	0.38897879713525	0.161329478925733	0.151654278903927	0.162111156175267	0.109082231332888	0.278784744467834	0.238871182186038	0.247839335580796	0.461496341114513	0.114844150289383	0.11982957915078	0.300700805309756	0.324967288106095	0.408004275588658	0.151254120071808	0.381011527274925	0.255286284478893	0.210136213559497	0.20986190843343	0.487191683567072	0.184833270906493	0.422283325452212	0.34091022813118	0.584476596056958	0.569721580718862	0.119273517813993	0.171527640614243	0.366705125534605	0.0470448795888356	0.275121319220828	0.319562125565938	0.0697181739002318	0.163556208706844	0.0754803278782754	0.425505769355073	0.186596146621789	0.279261815329545	0.262266474556297	0.245329812370817	0.341049228590987	0.330478486266957	0.227284847078079	0.385248600226889	0.360686662274457	0.384800091635427	0.414109181590599	0.428185862190701	0.335840593792095	0.162971451905333	0.206443855175829	0.502275586130552	0.436035704240901	0.400632322801595	0.268877913142783	0.17195013155502	0.153881966235603	0.253008717595367	0.361020353397444	0.455057630292512	0.58010641747439	0.365541849990136	0.585733320219521	0.321713150168334	0.150601268168962
"SRR36103335"	0.991363305356331	0.988776607840481	0.981005449255864	0.988063605203355	0.996140349585365	0.953587289328726	0.983012958649136	0.969104068115229	0.986288055189171	0.964209838122533	0.964748406270519	0.991409932681584	0.992571442329881	0.977458759892268	0.992297732731426	0.992659472916414	0.992323366812004	0.987037728390505	0.98937706880225	0.98415592406779	0.96583062534997	0.993716203101096	0.982050426514569	0.988750010736664	0.996316044797218	0.977099167768668	0.983824126496566	0.995735125047511	0.993445757404601	0.984329381650814	0.985644511498594	0.987194640298211	0.989332098827646	0.982595382085249	0.991109801642387	0.996702369191443	0.992545021440987	0.995187065984083	0.993237074090969	0.996645392233832	0.996450895501763	0.943177865723038	0.994728381749699	0.99461724908787	0.941911253931741	0.984319044073551	0.994197890614339	0.975813659982442	0.982397904768811	0.983247463963099	0.998223651511441	0.989146184088819	0.994668472471774	0.992693646272016	0.992436882702737	0.997098292058773	0.991786619511543	0.988441810909279	0.995592864634485	0.992875956123268	0.994507947299313	0.995810489438691	0.996401473739911	0.998028335376562	0.993818930900742	0.992222686648248	0.995373312089592	0.993835366039577	0.994182554501943	0.993570910328151	0.984250565761981	0.991295448827177	0.992549615522056	0.993837554730076	0.993148729608946	0.997369783753349	0.992900353572067	0.994953554139743	0.993445865442418	0.990748921341713
"SRR36103332"	0.985282925516856	0.957880644306354	0.970601734395044	0.980963023314148	0.989069233724193	0.940096194915081	0.973162398341635	0.956030993285741	0.969572534214408	0.954368922934948	0.930878200631329	0.978608667744564	0.981771811123718	0.946885878939977	0.983948697592602	0.9711480489476	0.982987033299759	0.971707325497115	0.977098946057506	0.968060993763274	0.94695088650383	0.990443379095147	0.963142085715318	0.974684452114289	0.993317401892489	0.957141320814161	0.957832586585719	0.990522702778938	0.986212106907644	0.979227503684296	0.980109463271153	0.967492212032247	0.978409359715426	0.969678652700515	0.98120526396116	0.994069773134898	0.985724496722692	0.98960965234593	0.976158824475127	0.993523496330805	0.986977580847996	0.911148837993229	0.986509438887017	0.988541551272863	0.889273240114945	0.959135884011145	0.977831721030627	0.94699592818333	0.972858089399628	0.970252189140285	0.99355864776477	0.971682069318506	0.980716248399139	0.988610342488289	0.981937224947214	0.99094127839981	0.982393436315742	0.977705004452765	0.992402015245541	0.979360430935273	0.987680707298628	0.991884651806588	0.990435881489128	0.993110862220095	0.987131356558369	0.983940373719934	0.992928258696175	0.99019959289472	0.984157226701142	0.985415026975323	0.966204263507438	0.9877892605479	0.987194384917982	0.980924215509309	0.990375956094004	0.995456113928238	0.984563399112149	0.983264166130306	0.986540306301151	0.960468767347471
"SRR36103455"	0.155292826581752	0.151651219645071	0.0930110361135108	0.286453368644588	0.459680699987401	0.310645439625565	0.208978398885659	0.0962087363678284	0.0953315579098772	0.558193673283719	0.0774287245852533	0.287579551544016	0.308147738160405	0.180650289131297	0.327683916270958	0.235872234717744	0.339828942896026	0.19142361233263	0.220685185105324	0.133972249282509	0.264766194335979	0.235533238010898	0.622560980613916	0.22689633484462	0.379930409167884	0.130655024354441	0.118866874998894	0.276536974105502	0.343092310094797	0.383715754913717	0.181222390405931	0.402950435738549	0.21310454203213	0.219635195550449	0.192863495291136	0.60636765871675	0.207098799034319	0.373598604750877	0.380215953046005	0.525654275935271	0.609322604178067	0.313522801517653	0.166453363288953	0.286908287832148	0.0379440702934773	0.240560521959611	0.262770788361725	0.0631656130173111	0.344253959904817	0.0594231889570458	0.43904754786736	0.141850997112009	0.438599060904999	0.231403528871911	0.223230751864827	0.353101635904895	0.69157080884293	0.443128922286615	0.331220327443421	0.345340830130217	0.361473395951193	0.466559722936134	0.376792964606803	0.418367404979262	0.183663449322682	0.36126334565264	0.382273072561102	0.413204493488564	0.386868049318355	0.242705559220604	0.171514680308303	0.127439660162205	0.211204043375941	0.355260470640147	0.681311098042295	0.537982318009368	0.310725384052644	0.62946967336658	0.297377938300274	0.166271485885019
"SRR36103454"	0.991391349280678	0.984818453903449	0.987966271932701	0.992062333584517	0.993222987415978	0.992160544053506	0.980740907930667	0.991290843332825	0.979794505362136	0.995721516319028	0.988054270450556	0.987425905354909	0.985677284636623	0.982545846243618	0.988971716942937	0.992442953347657	0.993151816918293	0.980890505269752	0.996123045905639	0.989561936724099	0.987400470552038	0.993531028230641	0.996700262466622	0.981017695416896	0.998559172282647	0.989533684127555	0.991351403610157	0.99474461319573	0.994061463793809	0.986909356193706	0.989050694367036	0.985777505698103	0.991435368547917	0.975938228664416	0.996295029350054	0.996059864487554	0.985951615106863	0.992735876000889	0.994319926960077	0.997439304131564	0.99678836663133	0.990263757303165	0.991468979345287	0.997240810060373	0.96508659344961	0.994606711422664	0.993053756853401	0.970194867553551	0.992816284676271	0.984081299182725	0.996469516418057	0.991685587097765	0.997511701454207	0.993061335888852	0.989839583957969	0.995937280669401	0.996486866642094	0.99182917993183	0.99389924739886	0.989495121052971	0.991602392101347	0.995752108911199	0.994081069237707	0.997035042148224	0.992124834059353	0.993044487246016	0.998811809044669	0.998003829786071	0.995163273085395	0.991891815282322	0.975822885147581	0.98620532325168	0.993877939177571	0.990943905778813	0.995751311097113	0.995731024767892	0.98949807966332	0.993728888080492	0.986751253434619	0.993750198435546
"SRR36103453"	0.881408387285581	0.869249704973003	0.865497609879455	0.955161714420998	0.948881282470517	0.93359415319704	0.915869450124853	0.855301756109418	0.842070210544837	0.967078266405371	0.794011741379161	0.904213963188946	0.93717721538927	0.818205818371625	0.964895310855395	0.889103270659923	0.933725024867501	0.88152955531696	0.940134109778731	0.880334247245144	0.919029149682456	0.948642555825803	0.972849502737449	0.895023139464794	0.962763385510004	0.88698402792441	0.852795885901619	0.955341894500243	0.946208152835165	0.91933358140113	0.917505119586936	0.920938611225549	0.912619281997554	0.861208845626937	0.927913215770224	0.980147871130037	0.949647786802707	0.945855500355353	0.940092831528868	0.972848928205749	0.970333499086472	0.913960359231945	0.908504373252577	0.946528975118988	0.676401370915304	0.889548727730768	0.9025599318532	0.784580678767831	0.954898155342706	0.823432519944061	0.977706791581523	0.868004185193866	0.960958607601708	0.940715092344749	0.911001451719402	0.946709782335108	0.981939568209143	0.962920057026633	0.954949195513906	0.917662055266013	0.951578635991635	0.967804207730196	0.949212858287674	0.972880003647105	0.93171050954143	0.961413085096383	0.959360139009174	0.965622673390022	0.941906120412653	0.930530325965136	0.862082897614574	0.911153443390583	0.93383815062631	0.925272602122677	0.981838239510722	0.974288028721087	0.927057532730473	0.952960790337033	0.93227226431021	0.876806207602337
"SRR36103413"	0.418389832213221	0.761625350234762	0.762094730995236	0.882179373785052	0.872292599653738	0.441978968945848	0.867805750618184	0.904160523265799	0.773469106038738	0.708443865584655	0.755130210250682	0.793656784744182	0.82916532223382	0.715790602800931	0.904362497286113	0.82168532293815	0.911701183118467	0.529055583999151	0.857256805315754	0.891100586824792	0.601312678948368	0.944760230413713	0.738615467141445	0.866922662019872	0.842911754827943	0.868685587532825	0.68581274822998	0.918236987555221	0.829741210124165	0.867767085885354	0.92445123284099	0.900424126128742	0.904176443246078	0.816762288082801	0.859159477491512	0.937659697340466	0.934847958368714	0.847769295741918	0.914697831215851	0.948741590512157	0.91019923236716	0.632650190709769	0.740605495031319	0.875456047458784	0.796709816504307	0.836335629811608	0.787974600674003	0.826244681921821	0.836048085734819	0.707889889036677	0.958042818824063	0.752653395370416	0.844555622985531	0.888468761681289	0.801071620180915	0.883539882316196	0.862350756138261	0.83612199896073	0.89542769786219	0.77232504965879	0.90263652008842	0.907711866032818	0.876686713646516	0.866092158242352	0.927926002144982	0.877273316859987	0.846578554178084	0.929079008224046	0.846503549557424	0.899660502625456	0.814908393152696	0.797878605801211	0.908898435863357	0.813796624739293	0.863651722936861	0.937683032229128	0.785187448895541	0.816052929970622	0.886416649462176	0.709529120810176
"SRR36103412"	0.744264775018758	0.919984839948085	0.913692162701735	0.970611294795868	0.969422540889462	0.739465437672662	0.969719785268252	0.959342351535881	0.962203495718928	0.833011509574052	0.865072605145333	0.945205913545657	0.955473775706907	0.873140441077611	0.978646381142874	0.927957861382744	0.975263045288962	0.862612798051136	0.942894619882821	0.958761959603835	0.892040260536646	0.983355376165254	0.923762733815838	0.96737455127363	0.949320058301273	0.972788546996566	0.899074587383826	0.972596182262428	0.952178390206279	0.962324853987682	0.982262389036682	0.975215379364042	0.969051500852478	0.960646349768306	0.947092221424808	0.989845795181111	0.994408442566834	0.972005377238563	0.976117306359121	0.987414454159166	0.975978712468681	0.872640653915689	0.976115398731425	0.966482546303839	0.923394239539753	0.916703059576105	0.919941161436285	0.971487092162909	0.963194097346179	0.94398943211487	0.989633535538122	0.909926555055525	0.963348011507544	0.970383384060579	0.957541508646789	0.968284798104576	0.96742485083454	0.965897211662348	0.969507439139139	0.926605748108227	0.977378400655297	0.980330155098639	0.967366889329672	0.988558096030543	0.986759938648872	0.97713803719016	0.895813371088955	0.978349404237288	0.950110995387419	0.979147010945573	0.958680544270795	0.956836537458687	0.981976174745674	0.951709898779917	0.967384012419586	0.988607817387638	0.927540664025845	0.936138637115382	0.974726273666424	0.914729750708207
"SRR36103411"	0.987262555877187	0.96459157492083	0.96661043737872	0.975147413228404	0.990342888658783	0.949031284010189	0.971339644340864	0.970062657498143	0.983305469108398	0.95301155531652	0.924198098536147	0.984753908957186	0.983522035509785	0.943238623627019	0.983317478714674	0.971904749061763	0.988535663510535	0.975071832455597	0.97753430669408	0.964825585206032	0.965102983583869	0.987247891175038	0.975590539182362	0.977607694002861	0.995833266740544	0.980260455015676	0.972776985858871	0.983418909870953	0.987479052096911	0.979294615758375	0.986370010323707	0.978047902539559	0.980273977910383	0.985441272550304	0.982169340460266	0.995616313619726	0.992225181806654	0.989421495822354	0.983154795722668	0.9953692644506	0.991523308428095	0.950539220362646	0.986901239633461	0.994256490890611	0.895545653890841	0.969052012271668	0.978638076630396	0.97217905071241	0.978310167353286	0.983531213830877	0.993408457446907	0.975934332392573	0.987315554997339	0.988140105863544	0.988149710799588	0.987587070902696	0.983315729285455	0.980707039556977	0.989473591946478	0.980609933764436	0.98726773472247	0.992451631251051	0.990681455801391	0.995666760102739	0.991271172821209	0.984939510195512	0.995632110527537	0.994332827236853	0.987346743146996	0.989425981628508	0.96931926404933	0.986353798000875	0.992587423144606	0.985859676580609	0.990595108732863	0.996799100635856	0.98405434901667	0.98449388451721	0.986058355021401	0.976357689569719
