"Model_1"	"Model_2"	"Model_3"	"Model_4"	"Model_5"	"Model_6"	"Model_7"	"Model_8"	"Model_9"	"Model_10"	"Model_11"	"Model_12"	"Model_13"	"Model_14"	"Model_15"	"Model_16"	"Model_17"	"Model_18"	"Model_19"	"Model_20"	"Model_21"	"Model_22"	"Model_23"	"Model_24"	"Model_25"	"Model_26"	"Model_27"	"Model_28"	"Model_29"	"Model_30"	"Model_31"	"Model_32"	"Model_33"	"Model_34"	"Model_35"	"Model_36"	"Model_37"	"Model_38"	"Model_39"	"Model_40"	"Model_41"	"Model_42"	"Model_43"	"Model_44"	"Model_45"	"Model_46"	"Model_47"	"Model_48"	"Model_49"	"Model_50"	"Model_51"	"Model_52"	"Model_53"	"Model_54"	"Model_55"	"Model_56"	"Model_57"	"Model_58"	"Model_59"	"Model_60"	"Model_61"	"Model_62"	"Model_63"	"Model_64"	"Model_65"	"Model_66"	"Model_67"	"Model_68"	"Model_69"	"Model_70"	"Model_71"	"Model_72"	"Model_73"	"Model_74"	"Model_75"	"Model_76"	"Model_77"	"Model_78"	"Model_79"	"Model_80"
"SRR13357893"	0.952772357513366	0.994671780642641	0.991192925476354	0.739133619201874	0.830405947866201	0.974343665897017	0.952666051743178	0.838448076554243	0.968404677843022	0.995946669659995	0.967746805740664	0.866197229245283	0.997549353812531	0.95909562960732	0.975608861825298	0.933771228242014	0.987564282381528	0.956672372739066	0.992305047148902	0.991814798999917	0.982423912350088	0.907187274356913	0.989353306237884	0.897706365861501	0.999738441857696	0.983677598098979	0.748883224234522	0.850257770997761	0.975459571016279	0.951712038649559	0.997810325603814	0.792668656383148	0.802850438706197	0.988640108621	0.827200059214819	0.99209468189855	0.972982715982658	0.998341671167153	0.996706744753659	0.989400777769611	0.98483113708304	0.994521139636974	0.91953962809693	0.977387502622678	0.997894545393106	0.981434316582462	0.954075088253199	0.498153545232014	0.929207867694752	0.990923791769316	0.982724504423895	0.990409744943588	0.924747153322765	0.999892386367883	0.980228459476878	0.999836037597499	0.972115686232939	0.999758745561268	0.967092770816254	0.719513158573487	0.975359633700596	0.997516318716465	0.996491223741274	0.993494622700978	0.788439656982301	0.97791015082404	0.997388580291329	0.996120601031638	0.993088001557893	0.868223769283426	0.825275540194768	0.984891566044493	0.966313894383353	0.817399308498364	0.995866135734838	0.994679539485246	0.968479410175711	0.997427071107386	0.969809240642787	0.984851666033876
"SRR13358121"	0.969635457950029	0.971581390592574	0.978694912223508	0.736670724188479	0.719867764347449	0.935817382544774	0.843944776963384	0.633113269962693	0.864135586762417	0.904826062423647	0.879324667720642	0.748957034978667	0.971579495987603	0.892590640820272	0.98240641979335	0.79474395305722	0.943108280966126	0.929508445283166	0.914132178155009	0.918508589814738	0.766211465991293	0.902718504006506	0.897365416450737	0.807304583670966	0.992048204398957	0.953296260287435	0.873111261861535	0.835829330746125	0.968167978866948	0.750811192814914	0.98882031819536	0.872574022511476	0.514209639885276	0.779016377292489	0.806287029034962	0.981641898055932	0.92337882558938	0.906697564307881	0.951994922713867	0.944514756708157	0.923226846436527	0.968555918637661	0.943135511359834	0.99008260487976	0.776484301370978	0.856557645505675	0.904251832495249	0.656638722683797	0.932169848630697	0.980632878018518	0.832604380128926	0.786649229639523	0.766159106453075	0.941995875593491	0.808025110016971	0.977730783622377	0.953163145693703	0.991158289445528	0.816039182819152	0.935543219675695	0.942811837930739	0.938927247352846	0.891931765337162	0.970540609322498	0.913734534990738	0.912286886057052	0.874253677464195	0.964807828751492	0.965410119477797	0.921497073565853	0.795812672207066	0.929733834963257	0.949651893736832	0.814307672309308	0.926515006605468	0.89972535008169	0.77656705179154	0.906436844594862	0.917929046188573	0.913116015645604
"SRR13358010"	0.425139618971406	0.159343890391604	0.307140631730789	0.402742320041783	0.22835905526167	0.165248973734637	0.114454267033095	0.159868208946811	0.370090371918235	0.196018074278389	0.237794190392129	0.135448920596098	0.129243700360902	0.048356910271387	0.0893001542321555	0.251137317445606	0.249786785463471	0.163061531586181	0.0608435847353684	0.16495501068963	0.184731457932608	0.0902665464339873	0.327783690906904	0.120963137571697	0.266973199626926	0.201531493633803	0.219782317177759	0.52098823879621	0.410553417489237	0.0781786955822124	0.098382773011179	0.397225967074147	0.183055688617346	0.361772552006882	0.356503171268178	0.283408976418465	0.27538991354691	0.13290344485019	0.280620577132704	0.185244601742855	0.108561779053272	0.0782083829462147	0.281496802824353	0.49556892045194	0.108412731182649	0.193724468661059	0.0338310328285889	0.198873105512281	0.189868489076681	0.392005136924851	0.278560385576495	0.123079275425093	0.098018051957468	0.26170355496314	0.224737130938146	0.0899375798556476	0.408617015490592	0.314134830910274	0.0631430351326627	0.429368041199607	0.162190952048797	0.260937978052423	0.317335772488822	0.0757761482270464	0.241188534070701	0.34405153680891	0.124495631654702	0.211059987561714	0.263602372322474	0.373736731199914	0.155597831976454	0.270762227075344	0.206239061137414	0.139132304137038	0.0776739794238181	0.121167257605896	0.430010093808578	0.0405254024922868	0.379926617799103	0.293478627932022
"SRR13357899"	0.552150487818355	0.533543897428093	0.517900602637715	0.452179581488146	0.388367053733416	0.559345765503989	0.459013323105177	0.536139805571744	0.347397432159713	0.386203239974285	0.754649789481652	0.405339581038879	0.440866473959197	0.434151017335537	0.320729620204927	0.476000173282707	0.552914686180063	0.383101478854671	0.536503937979349	0.617271364192191	0.486663692223752	0.307950852496773	0.670126750681861	0.384847274758431	0.743018430582551	0.653378252041378	0.327390731672796	0.567426783376859	0.61999344802875	0.412260851200964	0.716871510470779	0.389275694634219	0.267033147103391	0.49719681904848	0.650730560658075	0.517660752217985	0.330640932569601	0.460553581429262	0.371753353404106	0.306234504946706	0.433119581199502	0.493259361886492	0.625058293179226	0.332500563834229	0.329349941181123	0.517821403050542	0.373050378333193	0.299124204056191	0.368866679928377	0.665710422744932	0.367053839980179	0.471425092781537	0.333245387087447	0.728698409970342	0.448528110275488	0.40740899139325	0.593865745596659	0.536142686453823	0.437439247931756	0.498334814856526	0.371712625441636	0.62044955915269	0.423566416756813	0.518855279297012	0.393869607462542	0.53049257405625	0.550689736937098	0.485510618883779	0.65173664335615	0.398730175445496	0.149075749102984	0.794742118632383	0.551340526233777	0.258069467425767	0.398053803576972	0.261645858160788	0.347042482724363	0.395844909832897	0.697440900694693	0.388445980586438
"SRR13357647"	0.983779756090594	0.999452614587415	0.990105903528962	0.823891853467226	0.958212839550404	0.994661944429485	0.981654331588732	0.999892105137531	0.999479272256295	0.998601861927161	0.998415680148239	0.969043879842974	0.999547321835999	0.999950663120251	0.997551679144108	0.992412346296975	0.999400859281519	0.997807035506802	0.999696766794502	0.994276127648142	0.999374465755064	0.991517463208008	0.992829290018162	0.999981190261244	0.999680550021695	0.971966961913727	0.993203221628511	0.967623736347149	0.998549399171391	0.999246376933225	0.985607241899267	0.955878443357535	0.990044690395815	0.985852715692086	0.953188376366741	0.999932718501482	0.997273405521494	0.999808068319505	0.998200592794216	0.99877099313399	0.999999999980074	0.999692081310031	0.996592341564428	0.999647985606766	0.999999084692463	0.996544682170183	0.999999999999968	0.988575680027459	0.974542122963942	0.997136271214089	0.988997800144211	0.99998356013409	0.996245945386902	0.999998372411577	0.999992213715169	0.999991900546454	0.990524249338452	0.995361040653075	0.999693002339872	0.989099154007983	0.999963153294239	0.999871622727158	0.999872124584852	0.995255106301765	0.996889377372682	0.997404169864827	0.99940546153029	0.999765964293546	0.994596953759249	0.999999999429624	0.976971140279838	0.982372912944597	0.994942203825463	0.981594640679776	0.998581865781741	0.996756177035286	0.988559736856481	0.999851266436339	0.985942472705749	0.995383058709787
"SRR13358145"	0.99952308610667	0.99997713446668	0.999168011676678	0.947266763949311	0.995283349106461	0.999759106579303	0.996938576303901	0.999879234936708	0.999571238555062	0.999969038364694	0.999350133432529	0.998910403331935	0.999697047230437	0.999920864141314	0.999980937105735	0.999954686062535	0.999964508930826	0.999938555004553	0.999963884845363	0.999799652625925	0.999985054549275	0.999949893110954	0.99715021364007	0.99998544276806	0.999981443049363	0.999853931838501	0.999851844686324	0.999037117537032	0.999997326373553	0.999968866025545	0.999966761094911	0.999208815373931	0.999690872244383	0.99921158305323	0.999971563299026	0.999966397147579	0.999962536462086	0.999993180417254	0.999966889495152	0.999990388980426	0.99999998079287	0.999903744834965	0.999828233666991	0.999995851031596	0.999981719698659	0.999914949053974	0.999999998570489	0.986766737456151	0.99835532964173	0.999209601557443	0.999294499808048	0.999913965743282	0.999919014759619	0.999993608811594	0.999811292369382	0.999991863443311	0.999862157988771	0.99996941849619	0.999945959786815	0.999735487246325	0.999994286683977	0.999970506491512	0.999876188367368	0.999985849615764	0.999919687331802	0.997867791822198	0.999683370725773	0.999996782531949	0.999587779171551	0.999999835802655	0.999515175662152	0.999710554645308	0.99996180774035	0.991346761049135	0.999883491874508	0.999426433237286	0.999917092613508	0.99985717465051	0.998998275063361	0.999535913152603
"SRR13357892"	0.968976752700376	0.94558332761749	0.928840327266287	0.768132992701225	0.860161335751544	0.907926065119576	0.943750813405297	0.825117981271428	0.851975928024586	0.958210673730703	0.95578428258862	0.715317991431082	0.684174872088073	0.93959053288274	0.975972054633386	0.962869600959148	0.898036422174143	0.938857592170188	0.845909363421721	0.87228641897755	0.950182645411412	0.899827685418889	0.854180702152526	0.894086092641862	0.826185874875711	0.638994958729793	0.655562329337156	0.895806513069135	0.991477951011793	0.894289857124155	0.971967663523445	0.751813797260123	0.70635336715696	0.845672772953371	0.970847745198143	0.901955372865085	0.947739387843863	0.982696692784957	0.927228406080261	0.953210803001768	0.668191806271104	0.954263987567436	0.887120299830973	0.812634532985773	0.552924493490142	0.923342311200132	0.821250138779725	0.47189141441288	0.809149039599199	0.757802404315941	0.790614213514352	0.946582405405071	0.935171917644218	0.928604268972215	0.871500370056043	0.968221047101252	0.968967943968983	0.776416040629505	0.879765234451449	0.882015654290956	0.923916714312368	0.888436108432574	0.820395018369464	0.968219186842684	0.80150697141703	0.594356217787316	0.773774674813429	0.993669043416465	0.786520325926575	0.972243682911582	0.574965761611171	0.960788397317259	0.922939339801011	0.620212635516726	0.895603837185565	0.88477882698865	0.934644787900556	0.740964092870538	0.932996159888169	0.905579063164818
"SRR13357761"	0.998878604820159	0.99955089031871	0.997168670804085	0.970619703851833	0.984122197820651	0.99836987183351	0.996170593655545	0.969242304560438	0.994332310700875	0.999668001275819	0.998184285834986	0.998681502825816	0.99522754272527	0.994962458205068	0.999920906030666	0.999761806376227	0.999806984827468	0.998847858304496	0.999430393544112	0.996857520601454	0.999040383897398	0.997342382197692	0.986662800958941	0.998712075889248	0.999079873704134	0.999355980491774	0.997534287283183	0.99866237876449	0.999899092789876	0.99870134691354	0.999754802112651	0.997198942275527	0.994047713957947	0.996800845425852	0.99976888803169	0.996232944266158	0.999334461133094	0.99990206086494	0.998122550452106	0.999946173149094	0.997072413240944	0.998852480535472	0.999170634186226	0.999836328161813	0.969146703491958	0.998518014561508	0.994441477426141	0.988682412502882	0.998470422952487	0.996651353723157	0.997647634490756	0.9920933243426	0.998559383786574	0.995896818471852	0.988521951011811	0.999395484874699	0.999768758921824	0.997603781349211	0.998851636238761	0.998288395750962	0.999028751787859	0.999385223263887	0.993511853785649	0.999859867712373	0.999499807479184	0.947845140938774	0.984729189027891	0.999937829802836	0.998617437640686	0.994613847580372	0.990127303092175	0.998747419740367	0.999764845420185	0.983063858866731	0.999048284089224	0.996259567974528	0.999344384094893	0.994597519162127	0.997455747342019	0.998323321803664
"SRR13357693"	0.630001599271216	0.245285480919137	0.72141060393046	0.553900951641993	0.3953756583913	0.361295550236408	0.513217133665766	0.104134935243154	0.526400877796088	0.272773471448295	0.553009366476787	0.295732693214269	0.179504004412245	0.0984063797798218	0.601697134570948	0.313232152613411	0.365465175879558	0.351950637640785	0.430459092356673	0.32882165547384	0.20028508933393	0.184985086127838	0.551791252415755	0.221787087193394	0.63242431079664	0.661237326609792	0.372636045611486	0.560607313662884	0.464565672570307	0.281358108917549	0.617405516651699	0.356306096646731	0.273930103745062	0.440196282914681	0.244619652051825	0.175502010929296	0.411534963296236	0.285951898734776	0.35357959900467	0.226065297381435	0.283778296381142	0.565360586170486	0.586629269223268	0.669517295764905	0.333944211937232	0.36276076166985	0.28410771935405	0.268223923171463	0.669925218804442	0.668958184110734	0.439496976956809	0.755100003945719	0.179756701757524	0.566505921465601	0.452754807507098	0.320372395755525	0.554716732095335	0.778027007429599	0.201360125147116	0.233718495320615	0.292594323360161	0.214400316982676	0.152770250182838	0.383166152299279	0.339253312430899	0.492124277299962	0.366438583655243	0.414775380071565	0.612588853595033	0.680609814373106	0.228019299769127	0.579738448537448	0.624164457012521	0.326629427526671	0.26313280513374	0.303871380283331	0.551727821385954	0.351050450569108	0.399355823874042	0.279001000261326
"SRR13357682"	0.995741510964755	0.999542427430286	0.995634801024031	0.94871124792352	0.994698269763447	0.999213371262823	0.994348159915257	0.982483257764899	0.99945075909345	0.99993920214658	0.999765402947695	0.993999392770542	0.999910793509161	0.996330528760959	0.999823075244694	0.998679002329374	0.999953731185295	0.998801731240712	0.98391657697311	0.882493124320847	0.999967796750678	0.999894308566925	0.989546570940957	0.998334697408396	0.999973643531497	0.967311466724012	0.999402462761584	0.982010781584156	0.999835252948022	0.998929431218893	0.993250959415977	0.986052912342692	0.999305610769819	0.991472055832614	0.999308951774755	0.999581323190739	0.99955066526944	0.999985795881189	0.996886657875716	0.999479152778377	0.997766718664187	0.999830088632211	0.999861103875579	0.999803014181442	0.995396256054743	0.999630692998125	0.99612268234083	0.991188797000041	0.967900185087498	0.999862765352528	0.987391553651448	0.998525332650456	0.994991633877345	0.999844555786516	0.999277543123458	0.99997484650764	0.995703492967448	0.994168330142619	0.999780289301833	0.99935504579728	0.999848025591466	0.998532029315238	0.993521729898025	0.963616651408302	0.970809665719916	0.98935648160312	0.999166200429353	0.999806712431467	0.999312175696188	0.997753102259513	0.996647396047822	0.997770930554173	0.999970061596056	0.999898952231571	0.998810847085595	0.998711318732995	0.964690213437316	0.999541067162573	0.999868563650958	0.998198476208345
"SRR13357671"	0.994676699210214	0.991049151219371	0.992407150421767	0.969266858629684	0.975486027455827	0.993159148035031	0.994071456047868	0.980036561572633	0.985771158998641	0.992951811659095	0.996270173084316	0.972155984149016	0.980917743810219	0.995115573399424	0.996606248712235	0.987260453245564	0.992926459660722	0.991883538003272	0.99451842313688	0.977003496130597	0.995068611431387	0.99486733861078	0.984754694002058	0.976188241400623	0.994769377228843	0.997340836618166	0.997472326408614	0.97496231603244	0.996445875750541	0.977252428263601	0.987400292486263	0.996433699420421	0.993242104554222	0.967358450680257	0.975670776889853	0.995393490248061	0.985393267762592	0.996413325424684	0.948696466989588	0.992324150581543	0.988122340359577	0.996423609354413	0.999504471031957	0.999814211412203	0.961219456218503	0.988331940916151	0.986549152130657	0.95519223694073	0.978948233310661	0.995591476792602	0.981025495840778	0.989968504662634	0.985236729147857	0.974483301700152	0.994087934160246	0.995267650082815	0.99129981930868	0.998440261969835	0.99361797823623	0.997838201974764	0.986328101057991	0.994987873820443	0.980548988842295	0.991590919498306	0.999198035422981	0.984697231347758	0.974933564908154	0.997058821039889	0.999216973133889	0.994355992524218	0.995400539306884	0.993749457991653	0.994992256778514	0.982224099003595	0.982782273071245	0.982826953136999	0.989966955746254	0.975226077528187	0.987640289096904	0.988808591277058
"SRR13357660"	0.925350260657704	0.97686268797232	0.976576467413266	0.815745881459774	0.782466671502906	0.970115674144001	0.857116515611351	0.923073750082953	0.916695846434406	0.935075342448873	0.969504093142092	0.860609521083666	0.969699927362444	0.936134896588636	0.946179523081298	0.914476738372617	0.978830274191893	0.93836663823773	0.95903416594418	0.932989766172355	0.984906652817141	0.851716152460563	0.942353921285355	0.877253706320397	0.974928268972954	0.938951677492191	0.860192982235064	0.881372223191816	0.945162496099356	0.957351139215493	0.97158946989951	0.805989290851876	0.886780165834038	0.903936279468763	0.909608562835263	0.949825582163044	0.911318370143778	0.974778919236194	0.983964318160575	0.961671697234298	0.946594057321304	0.9896800572817	0.948734815685633	0.96831620441934	0.970717302875773	0.904481250711424	0.907641899185183	0.768032258385879	0.87271134570233	0.979437207701938	0.952259319345509	0.935904420324874	0.904129721727582	0.985380099323126	0.960099656956165	0.98931241769163	0.935032463119999	0.981603846531251	0.980499703742708	0.956579757705943	0.869241142434203	0.966004857705871	0.917384377066973	0.97052619560266	0.935554402324977	0.965908145617357	0.989384950588111	0.952962973554297	0.915949580071728	0.751175732653306	0.77627081529766	0.973351614043314	0.961665153749103	0.905606576520897	0.946374054596033	0.956548713238395	0.86730085862977	0.957357103955183	0.963267297701768	0.908057744261038
"SRR13358098"	0.845850271530543	0.775647981199701	0.889433506826655	0.622720481369307	0.693334851115943	0.801821327736414	0.904776574607985	0.816082982699121	0.743934562686975	0.811818288060323	0.926841648511139	0.507134547099266	0.781851982146661	0.899535488021239	0.788812044280718	0.619844789648257	0.729554119793578	0.905877003465814	0.712443684319602	0.854856437914247	0.53026318519267	0.879108017228982	0.852198947563499	0.334114745108196	0.966167100141837	0.8194278266883	0.383401300247505	0.426742367859654	0.837628015504221	0.31143042501826	0.928378301739111	0.525659897286432	0.426845771060966	0.83431015053543	0.756522649802483	0.932545541649526	0.569659107465484	0.852286067534334	0.429518507143686	0.894524107557815	0.727212280331046	0.915416132370359	0.717970691433782	0.703135141337875	0.368335424259471	0.806475748359848	0.760353227896788	0.36491876631994	0.776955630292788	0.85890904215043	0.818622926505073	0.877072234788304	0.76953057651487	0.87642929791953	0.706164566201648	0.842705814680242	0.851902404434551	0.935550883101387	0.605184266217971	0.588304027797434	0.694222080059153	0.75730586913921	0.89558539966299	0.963676703450362	0.540630105761739	0.639727389250764	0.599490419336791	0.863531491763328	0.814074348121538	0.953681034070589	0.287451771444885	0.858800853961154	0.405029174974401	0.382617572852378	0.732248116848948	0.841832886945968	0.767566968567401	0.589203127449416	0.830646242849342	0.749863427254675
"SRR13358087"	0.992322020088502	0.996054195394739	0.995575355089583	0.974088110077012	0.973128200930558	0.99375898815469	0.997660265838032	0.993217955362293	0.985474823669623	0.993741569204953	0.99438301448931	0.971332831084771	0.995357701034276	0.987061201548578	0.993921226667371	0.978032722165693	0.973332649011025	0.990667889610505	0.993717581720769	0.992136330923273	0.993026610876146	0.995398868059977	0.988643338296673	0.970179317119266	0.992091287188859	0.989400702368057	0.942285840043344	0.984398932967336	0.9966833472515	0.986419230307474	0.995463630768031	0.972679731063609	0.997919924231807	0.988541047219836	0.98917081337522	0.995239755519451	0.993148266353247	0.990989487691005	0.996029679601483	0.99468110983287	0.93724391038493	0.992990551523322	0.989776551904537	0.984187431634379	0.974723432584426	0.988668582865831	0.986762225589443	0.983029659638847	0.99051606801454	0.986971547520897	0.99282097546336	0.978054704159717	0.981145036929202	0.98949358216512	0.990211295430906	0.998702154466388	0.996135631994528	0.992537493555977	0.9803420480067	0.954314057968133	0.99108697367198	0.996206455525355	0.976923768599929	0.996329286393842	0.984371341633005	0.973216524285573	0.989000391613497	0.997124432202733	0.989237108509386	0.998888348082955	0.98658123024892	0.996293739066898	0.993003060833886	0.997707751910278	0.997858142879387	0.995787383739655	0.992836735279507	0.970470439650989	0.986785325528272	0.982322184852471
"SRR13358076"	0.996197436310922	0.997726421216161	0.998428005162449	0.990175985958204	0.98233556070101	0.99610693162743	0.995614183956225	0.989154937657206	0.99543202478191	0.995786196500892	0.987692203416007	0.988826959826264	0.999055062311068	0.98724135091385	0.998136474922165	0.991331152991082	0.990872971029607	0.984214026932448	0.996779258774176	0.998149991662842	0.996330058583452	0.989381855022359	0.995002396120735	0.99269973601217	0.999454022656303	0.996565721470527	0.98959946093674	0.99472274926731	0.998935067088705	0.996891637906541	0.998375357375149	0.993816754234592	0.988128094360541	0.992616726334585	0.996490912143596	0.99620107446663	0.997692479864646	0.996450080037323	0.998403485155949	0.996336089107632	0.974455823028727	0.998253934953876	0.993675821106005	0.998704200617059	0.99418370161726	0.992697178702528	0.9949083798665	0.996802930981593	0.994574351843272	0.996902226419217	0.98695594793047	0.986650763890328	0.983077358913401	0.9935206852381	0.991385216402815	0.999109913538645	0.996423278139658	0.998357239203008	0.991519533114254	0.991212550479289	0.999415788556884	0.993759715705679	0.993954097455598	0.995114022514589	0.993493921337172	0.995796350873023	0.995155723644623	0.994739621564834	0.994677776259103	0.992136468435462	0.997468635299005	0.99885533748519	0.997346238551283	0.99860164741336	0.993067972853717	0.995808046391511	0.996544443842207	0.9863165788047	0.99567116745214	0.994837339694121
"SRR13358065"	0.99680663539818	0.999448330920411	0.996834449288547	0.994291291799987	0.991123480468846	0.997845500116419	0.996794922786437	0.993624367060267	0.994719682191942	0.997996689746596	0.993438012179761	0.994160688461105	0.999761742182158	0.993320573914547	0.998712353178806	0.992441650154055	0.994064792528371	0.993611531577146	0.998616785516278	0.99923841309526	0.996142431239481	0.997911645625074	0.996956385543119	0.989143965848605	0.999845282430192	0.997357278704084	0.987183654501106	0.99603637943894	0.999409079656804	0.998949831285458	0.999094471534029	0.992407857477046	0.997692881835164	0.994160491692584	0.997591732857754	0.996364683171918	0.999053950176972	0.994416658531312	0.998348488577858	0.996687934651126	0.987954917255506	0.998688632992504	0.993800232048343	0.997445424763548	0.998919024486144	0.99642313132891	0.997431576669198	0.999129949563379	0.996052950254486	0.9985614152044	0.983512645031548	0.994431206020154	0.983598533213134	0.997506246331392	0.989123908329222	0.999596533976937	0.995247627855584	0.995683212416919	0.991099541189794	0.983235202856203	0.999560323716541	0.996811644564076	0.994781447101658	0.997135216170312	0.99131423675204	0.998198051525066	0.996406293253532	0.99201047371997	0.994832834406745	0.994132280077022	0.997631215720609	0.999014635708514	0.998450562668112	0.999650400945306	0.992545537321459	0.994927248758047	0.994816172097552	0.997285761721155	0.996917875433744	0.995936310377958
"SRR13358021"	0.116274158135129	0.0330693965087547	0.0953327221640744	0.222744047512655	0.0978059960427259	0.117365281931208	0.0218420348995988	0.0905735055561191	0.0752412368514298	0.0326341444402861	0.111625688445173	0.0726812125088947	0.0130746638757269	0.0139956492056047	0.010355995980031	0.113373783622072	0.0505092466701587	0.0145106263377313	0.0381502799708444	0.0242152436577353	0.0862246131256259	0.0103656691814463	0.103990618702711	0.0579862599689512	0.0181984247153773	0.133991711259792	0.0871615183676611	0.210171601840313	0.0750575785977885	0.0519979749036932	0.0361714338471031	0.0976174789932	0.0479978759314156	0.0403774453724262	0.0437691980912775	0.0101198885758581	0.0830818406839416	0.0206843404578234	0.130362678774557	0.0417570488120147	0.0225334330625292	0.0308873403509866	0.24782180404805	0.128296988244374	0.0352504196525606	0.0301319750304545	0.00854690504652116	0.0424403281923608	0.0192769788884134	0.115671613583529	0.107339893662989	0.034990627196908	0.0412084875244375	0.0567171171529276	0.240542610128236	0.0128919648460471	0.138247746258235	0.133241655062221	0.048071200230469	0.156043699284869	0.0350709402507606	0.0395539094936958	0.0209585454865567	0.0123383671755964	0.16476178979858	0.177585085600703	0.124689297744781	0.0500668244735344	0.141825823334453	0.0940520874334138	0.0362062090747025	0.164781425538018	0.149026692016746	0.0741555721343198	0.00535973495689173	0.0117554390463117	0.0814690520780347	0.0400609299563973	0.16914714180816	0.0627024035384934
"SRR13358009"	0.971508385180751	0.96161224220783	0.966291587865855	0.945594206776351	0.945416684983046	0.940794746553194	0.957630022359086	0.886257197138552	0.960661096938976	0.969493890264833	0.959539737446769	0.913949044712215	0.928564873629017	0.764186408385411	0.979899425437642	0.869739817393444	0.951473706267373	0.939223351791645	0.961548582723958	0.842938844499244	0.953838952857488	0.950387988714858	0.954159092589957	0.746221629137827	0.96987152655079	0.959978833726755	0.889276772427174	0.950322892020339	0.917590168478184	0.862286897714539	0.973261636410255	0.84749050327055	0.99312215771424	0.943594329761499	0.905339294730813	0.914503916515138	0.968860801840906	0.924286017115737	0.982210356946404	0.958760014278712	0.92186328761723	0.97390504324873	0.964194227804188	0.959978205959148	0.93178600552339	0.96685096194627	0.85532840897171	0.845629118228315	0.943743616417637	0.965779932225761	0.94890772513764	0.980111805768868	0.817419700358424	0.959962043782722	0.920617787320595	0.988138893359278	0.952638010008279	0.960438914704994	0.768726845480611	0.906958853418389	0.784550890807816	0.945840306596822	0.760198540003956	0.982697998741106	0.853195850021564	0.911423167050503	0.882088111811335	0.951535625020311	0.953198985627275	0.989513838493627	0.9076328831387	0.948536011828566	0.977506295740314	0.973402449433009	0.869922967009386	0.914293602840664	0.963248810123958	0.907307944567471	0.941510712389803	0.941408393589521
"SRR13357998"	0.96679369259212	0.963098898372037	0.971265310383911	0.942309473282668	0.94245604412631	0.946186363732015	0.958973904590939	0.903436194864213	0.952563435053397	0.970620962211717	0.963591910867011	0.905455795554032	0.912399794706309	0.808230500116174	0.97066838709838	0.818608293386752	0.951605817635149	0.953761738666594	0.950307669465907	0.805921282040932	0.963242343179064	0.972343071513001	0.954290047345133	0.553261139044931	0.973515153529409	0.951634255820367	0.825990317509922	0.927363274164901	0.881287894586993	0.810277630837089	0.977375913702523	0.800993370840468	0.99357038834912	0.932416860941979	0.875232400581426	0.940099766074028	0.95879945263527	0.899960655546839	0.97834729789488	0.959776928240513	0.924070430004368	0.975081574822974	0.957165759731014	0.947796838223617	0.937352029121735	0.953862162742078	0.850365954086339	0.768863264472823	0.953729056748254	0.965558135727919	0.947888716502174	0.97979205747599	0.810994147375159	0.964748016479184	0.917751799646621	0.99173463328469	0.959396884960314	0.954506431861491	0.822889496842942	0.905665806107033	0.730379099460819	0.948511471291733	0.784817957362062	0.992943875127963	0.817605986428796	0.900023797917341	0.892056901606934	0.951036267874765	0.913743132840026	0.990974181032794	0.87360834344264	0.947385814465629	0.972607578442361	0.97075124662907	0.896908385031929	0.905635145795727	0.945728240599761	0.930042080470172	0.936147931483206	0.937810348367349
"SRR13357987"	0.989885685750511	0.998535829706646	0.994247952622852	0.965400122667782	0.948669894191127	0.996160272214495	0.99068490334972	0.985796931699638	0.987016747417555	0.994541914993764	0.994598344575191	0.991514291553659	0.999118605321	0.988951030210451	0.996122173489727	0.98018390741266	0.99698005574916	0.988149834651443	0.997061234194161	0.995473134385125	0.990863028179208	0.994481121295149	0.986664053186551	0.972413855724393	0.998980465153647	0.991961922703452	0.993217762347652	0.976642025986923	0.994233519396863	0.983364542825208	0.997512108879628	0.983849830364549	0.998267128599094	0.987661260762667	0.992797157547427	0.994674169204462	0.980971196385062	0.989477169073908	0.991780909196724	0.996590732925316	0.996185841689207	0.997543900245965	0.997020376343394	0.993334917367766	0.992039599254017	0.993896845332698	0.981949591640779	0.982440807764882	0.975076299522495	0.998049456710821	0.986693827121508	0.989025305014813	0.959009594933401	0.990460923084095	0.976537887416255	0.997815777022885	0.992920551342727	0.998566147414125	0.983558241224882	0.987705102154401	0.978952932855984	0.997515656077608	0.968556608819659	0.99772439601466	0.99447030791505	0.977237372678065	0.99276393245322	0.995427113813984	0.996454447797445	0.985230134770256	0.973967549150195	0.99030354185155	0.996547221685894	0.995110530621878	0.985447395999324	0.994940945795633	0.976791064103553	0.989343751987973	0.995111084464586	0.985422472260399
"SRR13357943"	0.189169872688631	0.298946409755971	0.345551017019347	0.0879580221297799	0.0884194901425094	0.338828084039653	0.034510544706118	0.0996886125893196	0.0374773973639478	0.026695549343035	0.138304971023126	0.068405706464346	0.173814425312167	0.112675021235089	0.169897690480513	0.0491189534236303	0.276180276151043	0.142896069016412	0.174532428778177	0.131319910212616	0.142158307139608	0.0726650516622907	0.259529881291191	0.0554896839891476	0.442744868979386	0.171914776202768	0.234878742470243	0.0787440375843464	0.258501069210882	0.071884983466741	0.351762996917327	0.147034263339699	0.0289903966276795	0.0234674941994532	0.018918583840202	0.112693591155593	0.0971850999568315	0.0222519208320106	0.334794136310123	0.132362505229849	0.062926795025611	0.409086123279443	0.257374749214618	0.430175389024865	0.0730634475070814	0.215029508367461	0.161008931706645	0.0360275436761498	0.319236266228905	0.452449591268067	0.113300144501937	0.0446115939571316	0.0578791931373544	0.22340988782189	0.126849273396828	0.166634917594134	0.140705477277477	0.735813220266137	0.112537829002732	0.300337548783353	0.0782046024340894	0.117627565055258	0.0808233346267319	0.305020000336898	0.350086618535908	0.284886863044672	0.439648221669458	0.0644159399429029	0.187123893252741	0.183325322206987	0.0298685887291898	0.11996700444873	0.211073600232841	0.113230522465614	0.0352949848817132	0.179273033911094	0.0136683873346349	0.244913213174778	0.294283111439607	0.0543229041144946
"SRR13357932"	0.762980181394668	0.914197089854553	0.865415945511736	0.650219048449687	0.540894689133329	0.869156424937346	0.508127452779533	0.592926799843386	0.51842641587254	0.489691323410233	0.517797007713396	0.678457203684495	0.903573479613041	0.581265524766383	0.816345279980921	0.339401879365483	0.547959389795552	0.563684224452667	0.833207198250541	0.73715159026268	0.606670963935617	0.213473306012739	0.651054498329959	0.376946006183071	0.967063153080827	0.84487830387172	0.802167935461468	0.649313020648006	0.78940928849521	0.614707014049214	0.918016040675644	0.749057979391682	0.634786049070903	0.321364385403161	0.191492447720402	0.459705120349974	0.797847114803775	0.202826740273256	0.971681877622461	0.69046862027841	0.260363832932767	0.908770037973439	0.762032917765854	0.940819359343712	0.80018664378357	0.543999443966494	0.731348770015234	0.688838546072441	0.796011347499061	0.881076955443127	0.603957097720608	0.365627244510422	0.389374633751124	0.805281126272673	0.700312117219064	0.852277433497679	0.724697770452662	0.958026944716581	0.540805129964822	0.715891113507651	0.863290578040825	0.412503439270638	0.560258722022944	0.810049910130685	0.765931206289318	0.874968998035762	0.921444825886947	0.372822484489631	0.663607121816252	0.860867607522495	0.695479246368027	0.778409065744429	0.810639897978454	0.965923914092749	0.488211501083109	0.56327650589734	0.303030175211037	0.873553185602813	0.763598618383702	0.575915403617625
"SRR13357921"	0.807210805864825	0.955278717350276	0.893838148527252	0.549795972667272	0.653424128420617	0.896078640825431	0.637454269873737	0.684958568327379	0.580878075149554	0.803685249810844	0.731378149951962	0.537557307198543	0.934519285248588	0.702253680312311	0.87418604980595	0.545824698626822	0.591039083114146	0.842593515031647	0.849440281640123	0.793731778678648	0.644612215432196	0.400101596904738	0.689388756766251	0.442420982388975	0.987622225817529	0.726356295022598	0.495371241991811	0.472640824492955	0.773840846579752	0.585055262237435	0.915625947081377	0.656425125306922	0.633870298455229	0.339110141933958	0.139182131745488	0.77900616038197	0.890056843671722	0.610533146742772	0.967166624943981	0.898431453652241	0.268100838908422	0.965938333247435	0.711796031333333	0.954870338796364	0.88232243179475	0.603313882238591	0.897360913632619	0.559753643205652	0.814754646876668	0.912949507715977	0.703553567454784	0.446802494406799	0.599542542117148	0.912438995187019	0.898562943059303	0.971951215347756	0.718822975981921	0.946633809885859	0.798050178589808	0.519538895630767	0.970371671271059	0.488066761219616	0.856998022597916	0.887352607237409	0.513337306929934	0.909393277338611	0.933251023363292	0.534041858800345	0.673753164272624	0.900078201815148	0.811981074528599	0.81171616076043	0.763517106297724	0.957867156606936	0.760334576715711	0.641230363822031	0.355583257116004	0.923007998703716	0.771629210186773	0.750789019369981
"SRR13357910"	0.668774910563598	0.229991956395559	0.873305893515224	0.617152213884481	0.37205163290788	0.746102388375144	0.465337643298788	0.502854832381943	0.283760415136623	0.292755789658252	0.872051334507688	0.180428087586058	0.132101593851747	0.237315706403147	0.731248386674705	0.163791824607459	0.376260844107526	0.362474673305443	0.263019013574187	0.675954995660454	0.565871011984345	0.0617146794930682	0.646894944263488	0.114999934947826	0.868355192105513	0.081037404686935	0.221463158482631	0.333892543365026	0.36878194770937	0.153916221042649	0.742175092207512	0.413975467403895	0.420742054906727	0.583750301369473	0.294169194674038	0.813191253858998	0.872421475239667	0.0998894821954466	0.486293413295306	0.52102125195892	0.150646120264694	0.435483664417823	0.569399135545772	0.240772097852015	0.722712052974498	0.304880940990828	0.938870003146779	0.479088502075083	0.54215150477556	0.47772441662988	0.48239736874563	0.991729088220085	0.122901341518396	0.994197740821812	0.471793360026511	0.493089123464019	0.767322629008011	0.796619373831461	0.348957157679774	0.233400195824072	0.477497731210005	0.471358752228772	0.882524215944953	0.765630635323244	0.188052940579853	0.814569194811113	0.519767483559171	0.566442270799223	0.45335930681929	0.994615043423721	0.182514905011519	0.721578135179533	0.676531815329126	0.449263946004101	0.364517327160072	0.544738821422539	0.262994162028251	0.673529672169893	0.395833741135005	0.466384423558847
"SRR13357862"	0.997081746309617	0.999092916358831	0.997064825300265	0.977938950054154	0.97483520415623	0.996951529071802	0.996724559827602	0.984703882409606	0.993649119889483	0.99756488917776	0.997935414620802	0.985751650081011	0.9995525533547	0.995901587485855	0.998527195773964	0.987307276367202	0.997360903262747	0.99591297235248	0.99816722274054	0.998238072074855	0.992972981212961	0.998978272425527	0.996203785105352	0.980306944701073	0.999812030591919	0.997607372841189	0.983010589308078	0.981307082889029	0.999112956411197	0.98907179439484	0.999111297609551	0.984523569996266	0.997693246909898	0.997048577808705	0.990542870680776	0.99902399529139	0.995188583381329	0.997261754158215	0.994930454212925	0.997532133666707	0.998034509659092	0.997159972422528	0.996781802540901	0.994797126599874	0.995748588512935	0.998240384788975	0.994045128987822	0.987194863918071	0.990705224506511	0.998986682228032	0.993048602024125	0.996651794145443	0.984260131951931	0.999028061982197	0.982149032810774	0.999280500185649	0.996932573836345	0.999582000222924	0.979557361631992	0.976287823509662	0.991241507697321	0.999585279596699	0.99382772675464	0.998828536009678	0.993408855622475	0.993074205293747	0.995755537134522	0.999148574726837	0.999437434595299	0.996627954908948	0.966302506565668	0.996231510624686	0.997539622876151	0.992454898809788	0.99667453554275	0.997863244120786	0.996019340547887	0.996704967755634	0.994397947745992	0.996691007932823
"SRR13357851"	0.893134088216727	0.443361028384508	0.881666279908336	0.352477780199651	0.646342438685846	0.612906346513868	0.707947782169263	0.34787756424991	0.489411906734303	0.467533028646087	0.830388964526268	0.0585372889636305	0.117736622215275	0.723821535987522	0.783185356437807	0.346608994924013	0.538413212519485	0.711198130277177	0.0857916928255298	0.389509389268478	0.37929198442575	0.466634131393147	0.431654334247951	0.4983816113901	0.566133596976839	0.179026757330335	0.341571136791295	0.681574771201107	0.567032827079838	0.307079719935898	0.603342969129801	0.465249792336041	0.146420684367109	0.275099828820427	0.440784522625478	0.884318625293839	0.645320180863354	0.661744515168728	0.604544866691939	0.664868631458087	0.158494838938593	0.837630596068154	0.658642304748162	0.838302606712515	0.123831199537843	0.232486431615731	0.640784285944082	0.15264043650434	0.612840748159999	0.456931870339972	0.276940078768304	0.618996644941381	0.477513908222734	0.473952392884079	0.673234359327858	0.756569302273129	0.772374697760333	0.455780336532222	0.58876540985463	0.771239820072154	0.602143543032002	0.273693517367928	0.667939344041576	0.643360452271431	0.601805008790932	0.535816306748566	0.278434367134609	0.717743639951438	0.692450223807212	0.937364356897828	0.391253879562202	0.681229793891459	0.580061017099501	0.258901654342125	0.276562375895267	0.404269376652496	0.22196704582748	0.265182905920844	0.699092775013877	0.719532647578915
"SRR13357840"	0.775260202618338	0.618708530259531	0.809502554730157	0.419104609599341	0.343863062533202	0.755667283531503	0.668138878066736	0.513399647978864	0.399906103748695	0.213425532267524	0.791145759398874	0.185086662224227	0.480746180235325	0.525744440178007	0.814787827675901	0.391812619144745	0.237751468718001	0.651174667378843	0.375678483703626	0.498662338719103	0.318167896221631	0.214663993895574	0.439685387047532	0.451297687784725	0.244461350061346	0.655339103043477	0.365333146528482	0.360980283815254	0.768189325748661	0.334809094401459	0.742205070108157	0.495961752964824	0.244987207363575	0.34680742261754	0.55412450582461	0.56990186806722	0.455241797413642	0.587888449901078	0.663255922447507	0.664653611661901	0.211304535617686	0.721224271490364	0.739277591095759	0.692661275874447	0.0849793066808897	0.320148142333574	0.526906013850774	0.383364673618777	0.562440105445943	0.610403927884042	0.66140446222606	0.289927799053726	0.493614573955574	0.454888954709733	0.573942262131071	0.366934668277123	0.869620093168685	0.708609092203874	0.577144657469937	0.539180737297205	0.486033470190139	0.35531754701261	0.25657118973276	0.612901949940618	0.691803783490345	0.491548348502297	0.634269907086321	0.767245022185004	0.54228460112914	0.878182434867196	0.230309084700869	0.758720499435182	0.461965413635184	0.459832374804875	0.704261771539715	0.626436155365532	0.383534377301379	0.235324309892146	0.568043533293934	0.433829988255835
"SRR13357829"	0.690431413503003	0.889692046149708	0.816004613588605	0.414154064194794	0.45528464063109	0.843744220740282	0.583148655040179	0.62226782097992	0.374122682807731	0.498300268658599	0.716236058528665	0.442542159263498	0.883288249275488	0.741971666979174	0.649366524620866	0.521778006115041	0.444495771860636	0.739603401217977	0.752515043723041	0.808429886845821	0.452837006690711	0.611215107077081	0.589544532423687	0.515423205016803	0.95480786971492	0.865958808903424	0.642402732310485	0.329864281668046	0.909086924474673	0.589798800030915	0.920420755146112	0.611414311648225	0.238299574528747	0.32275599909125	0.636866871326057	0.790227652571376	0.474800576531562	0.361428471414276	0.39855712108514	0.696509802829503	0.68055348822673	0.872318268135269	0.788548488704654	0.741051203237548	0.37460215926606	0.648682295520665	0.75524012063806	0.370294842376244	0.475410671759516	0.828490019550358	0.403274778926551	0.299009094527642	0.522729840885848	0.716593206518915	0.542791515350026	0.646542338973332	0.638380355292349	0.95174311495417	0.662529453189081	0.632293963923302	0.816608884987526	0.721553769746426	0.584758241602139	0.854776624865016	0.562990972011237	0.575414348376372	0.721124634415462	0.746304774021989	0.688669811075777	0.56857746686249	0.171185611334863	0.740454392091238	0.477413149738659	0.414339964885287	0.575148604126172	0.610927999220735	0.304229425559524	0.728450041244548	0.741832147797451	0.413137996059557
"SRR13357784"	0.152615171992731	0.0176563394394708	0.268974551464671	0.20212718705312	0.195403944484662	0.0821573962852181	0.21862020243941	0.0753891585599563	0.0979616628727901	0.0390115801451895	0.28610843956121	0.0500704249891003	0.0119785214411427	0.0302213797826193	0.0598212739312605	0.0633995278197515	0.0154800729483641	0.13666590259021	0.101779030900827	0.114702979796295	0.0746093161787226	0.0261023514037362	0.100852059907661	0.0326072890830513	0.0373417201430907	0.166831447172871	0.0676979572034671	0.101428633435411	0.0703474765416726	0.0605373191035504	0.111542534119572	0.0713675332233767	0.00852026483668013	0.0676683732944671	0.0592652355515632	0.0140468048243239	0.0606218684910888	0.0546851201280008	0.042104487513534	0.0885367465091663	0.0187547374012297	0.0825890671456105	0.162308520846713	0.0552896187835379	0.0439452269392072	0.0805404717127807	0.0571554876555723	0.0243995697083093	0.128961760708374	0.041559573061441	0.119661615321105	0.124932720456057	0.0569132839973739	0.126831051919493	0.148260384749938	0.0201315427919055	0.225627106708957	0.346637072193002	0.0619770483705918	0.0318078573153274	0.0556565385832887	0.0527209225346695	0.0775152571175535	0.128694131687685	0.0380635812213174	0.144393376715188	0.0774151048924446	0.15063377108428	0.0446037676950506	0.247549259489055	0.0345071019766912	0.200344148917244	0.0490404943845095	0.0221329635216197	0.0338423150713982	0.121204319148346	0.11928785280004	0.0672002092477252	0.0787988960165879	0.0340800261779352
"SRR13357774"	0.437739979845927	0.171828663625117	0.57662534704101	0.436331477505928	0.388792391608257	0.32239038472096	0.234045948217754	0.220316283743712	0.455141951026126	0.385256236740239	0.3895384757674	0.509400449173858	0.25659669622837	0.203847738542825	0.10465473347456	0.419745898475692	0.182589211222297	0.222176561488711	0.351359604040454	0.36624798793482	0.390823720349957	0.244213948893381	0.464090605529575	0.423294853189218	0.42095405287724	0.577851259858758	0.547735729433219	0.636912081413599	0.47615908943646	0.561467468851584	0.235569912423709	0.509070226848611	0.0218977313528281	0.439721562876168	0.370302100898019	0.213252547672489	0.393313520145623	0.191902613564739	0.202076180054067	0.332913631186892	0.309662782351985	0.0695506478075775	0.456113272907385	0.518696097468131	0.467924867277493	0.380547326665145	0.11175605240746	0.224675590020222	0.22406201037496	0.368248145088831	0.285076855993484	0.138529417783751	0.16647784207683	0.437514221495719	0.343555200861543	0.0686145637685772	0.555012940555694	0.592114981764123	0.177289252424027	0.302327088045893	0.382890494718645	0.635865970192872	0.292918955379405	0.0647029021719287	0.291156648707449	0.492002699095935	0.371073367976105	0.561397330890048	0.50246100046867	0.122236588366187	0.242489966585802	0.474781764657732	0.539265906500145	0.133721674111937	0.202386936076698	0.281512157144808	0.484749875966867	0.304051969608282	0.510821471775477	0.367377734703893
"SRR13357773"	0.0425341557288735	0.0150020514620734	0.0732859015102192	0.102736242757941	0.0917220531100314	0.0584496436483717	0.0505456582719966	0.0534223547579722	0.0182902316789054	0.0273331965645947	0.060856980916418	0.0193007376456246	0.0134717702147246	0.0410374105856007	0.0310052007291268	0.0259193129196389	0.0346202950600458	0.0464017998176276	0.0479083644844644	0.0392166547702856	0.0388841207399498	0.00440551978652772	0.0498172705586643	0.0255115707339821	0.0326093774234283	0.0261811839172247	0.0182132637178633	0.0661046662808428	0.0239374402800827	0.0478133684071915	0.0551255203379499	0.0220289839085525	0.00218753790963404	0.0286429056050511	0.0124256099002003	0.0108869726326367	0.0142268800473508	0.0413096224320942	0.0256186109993504	0.0279518508851074	0.0254372862564452	0.116012471759075	0.0475532744403917	0.0187104044560364	0.0195106486750454	0.0131056553771352	0.056323230824567	0.0159245657046696	0.0433622887497495	0.0840805499857158	0.0348759878638297	0.027282612616674	0.0170349239282445	0.0265675772924903	0.01966529988688	0.0174654033509507	0.0530270106624428	0.0160756934479689	0.0388480859237785	0.0261252036009437	0.0141075098417236	0.0175113210565724	0.0364765376093201	0.0459032603231512	0.0164436259811593	0.134409205473574	0.0522552422284075	0.0121657810601395	0.0144513839036823	0.00770047751919197	0.00705493190370866	0.0868297879324359	0.0287699077669775	0.0109427891552094	0.00956150525388817	0.00724668811423326	0.006951000752749	0.0229559573142913	0.0931118352158044	0.021709252324953
"SRR13357772"	0.174922426082189	0.222146194294029	0.176503774434463	0.0495376932800403	0.0755012116953593	0.169988005822425	0.0754948484965991	0.0759481871595559	0.0522020659699971	0.0230989195752833	0.19039749310252	0.0237139482744271	0.050876410676362	0.0411031891185741	0.080137974619723	0.0508934333657146	0.0577611077638307	0.11188213237579	0.0727296593429651	0.0689621476598349	0.248416859417495	0.0111214617037801	0.0885804494369918	0.0596461228946467	0.160124689220898	0.128063962265909	0.0985495408403363	0.0446441227542916	0.0516985213434378	0.0722105533431119	0.131203957815791	0.0977719879513458	0.042967063010912	0.0392602506327565	0.0163040742065673	0.0592003452276386	0.065755508794242	0.0410853835668641	0.31094590274763	0.0775969616442623	0.0301976704875777	0.454587820598568	0.183312015638817	0.277398122318572	0.104951741167799	0.0603273296896177	0.0695276637135919	0.023157988217821	0.106911747578496	0.256131055309331	0.0587506219109603	0.0338117952338018	0.0625729062004361	0.287707988932133	0.332849443222225	0.358372616611213	0.116258852595818	0.116783932309027	0.31618195214191	0.154250538943698	0.116637296206983	0.0135338372225684	0.0512445949070786	0.111614935748113	0.139274925495181	0.261512885439685	0.291996349167776	0.0512054284171089	0.0470354181000717	0.130839899436449	0.0501888061497672	0.220399659454453	0.141907918575622	0.12338930099267	0.0536879555648194	0.0172514520659973	0.0176777383380221	0.274902625812694	0.126912656873826	0.054754052358843
"SRR13357744"	0.552802799900383	0.445967257800702	0.651590577705816	0.268587282150785	0.347403606886209	0.631556665203499	0.138210032130109	0.585451669300091	0.324250962285542	0.27050427590238	0.391093522827802	0.590370359828446	0.362317682550472	0.371382317035278	0.146351432415601	0.467909897870682	0.578436319801888	0.23858264720441	0.347374880168506	0.234618390427577	0.427953007008021	0.203404401582355	0.563167012335018	0.520118529728753	0.704786894941977	0.72991744262585	0.563169655767815	0.529905660918364	0.444850039186646	0.269193985336513	0.484116468066619	0.435099871019585	0.0711622625380253	0.348474766796258	0.488521602361675	0.493875815212984	0.555109367422907	0.453909132840283	0.683291726116399	0.43927100024034	0.423079539125873	0.168262350394825	0.478908885451564	0.835001024907326	0.224247307218636	0.465272933922898	0.167350086163938	0.13051469359766	0.227419065490963	0.599653019757715	0.4253029238613	0.136809647042009	0.198153975860492	0.524162095512686	0.516522206949006	0.196547454495543	0.570313660441767	0.636207569569075	0.274817922624057	0.750959134822203	0.37027048275162	0.627732737153209	0.331740282618624	0.130265173158625	0.678603738846401	0.431881020515028	0.703620923227473	0.487292887016619	0.815728272736697	0.483433959714267	0.391182168189217	0.608662509936595	0.796317906514617	0.535360539690202	0.385947418657151	0.215188721728544	0.403456047865584	0.25262860358234	0.8061667027964	0.67767557625936
"SRR13357743"	0.428864827958486	0.193846408348351	0.415132082924253	0.127403895151854	0.105923163609321	0.361143607439133	0.0678059285508159	0.549104022299068	0.0990874002636498	0.0905947692094291	0.152145314335351	0.0641362359257297	0.0883423616188026	0.527000292922886	0.0241987062164184	0.154809520006107	0.285549799203396	0.0707816783592936	0.0162179173218332	0.157702505321262	0.276223871021491	0.0869067338136773	0.191581514060637	0.223792014374973	0.479097708245673	0.136735311774791	0.121379020145387	0.33727644591505	0.338836328133664	0.086859243092062	0.151517564641014	0.237833718247953	0.0314343546553004	0.0681794534521079	0.144028820549186	0.571826985875082	0.146574566911299	0.0784019969298103	0.475910375294057	0.114258019436313	0.104916682031609	0.133994507069062	0.216149452814215	0.293956222102534	0.0364744034884256	0.0919071779589762	0.0572886687753575	0.0451174079837768	0.0417511905486336	0.320088637645836	0.148378080204121	0.0326274233861526	0.122908882727795	0.102106913974365	0.463955411837328	0.0782403174590435	0.473656051011615	0.573981549171651	0.194771333960801	0.504868223202019	0.250467956300079	0.236646103180489	0.22721994574762	0.0983506208320908	0.487279292203113	0.253926245737112	0.541303836831309	0.245068603803143	0.447570024198682	0.40562046415429	0.100072312386499	0.319926910271817	0.403510313014447	0.187265235720275	0.0345780151659181	0.0481712740100126	0.0989382810530096	0.0646447698114075	0.680014935583334	0.443166285202764
"SRR13357742"	0.474846431071117	0.299670338578299	0.612208820541934	0.15656444548407	0.158379724830596	0.515423106325011	0.112071114830407	0.221258860788915	0.107619892720215	0.0856455267555787	0.1546162644919	0.0771089518914349	0.289888850881454	0.397217441225272	0.358463326610314	0.140292028840043	0.324487370011433	0.168897192211703	0.175888385445985	0.384504188569557	0.198291069483026	0.0230984813843506	0.229995315871454	0.205546440351634	0.569695165877945	0.365519119275161	0.214623786201102	0.201441363937589	0.429525906133421	0.0805257258465087	0.602499953830814	0.288126452637757	0.020426384727513	0.097659146625235	0.0923742704884183	0.45349655434206	0.139490453669733	0.214646461954573	0.508067985495416	0.232638027527195	0.176207361204309	0.643273539333668	0.408464586445051	0.539676696581022	0.047303782489802	0.119693157485479	0.29677299006671	0.0647550147793415	0.187857266803431	0.608156658392356	0.251809823578368	0.0746409460630635	0.0855693189878918	0.308672166825943	0.189944226618622	0.208194239510932	0.472409872430987	0.870600448940257	0.195943075135711	0.471132684923647	0.200648688180554	0.192575699840586	0.293429444044562	0.521065814995685	0.444869077353095	0.432585018672337	0.556748155343223	0.234626637848144	0.456383326968079	0.264728210438845	0.0617631550647077	0.311620916062256	0.275966845648482	0.118380241618569	0.0921449697066107	0.154434116748388	0.0846856511391177	0.103314668952022	0.508622647742322	0.281824877180279
"SRR13357740"	0.451432398767827	0.477320525672246	0.600463876366973	0.112260149760886	0.129625129975709	0.492014429867968	0.135815410141654	0.256006352119082	0.0602230687467286	0.0827732429380359	0.239329946338685	0.0624567327962501	0.376431483370818	0.575494451110519	0.295805408770106	0.186574900388169	0.369518068531212	0.304161637037588	0.240586048905823	0.509930665299965	0.169503479357441	0.122767625362644	0.204536706182942	0.199527922236757	0.630741607680881	0.238503972217074	0.125125540123814	0.180359439281846	0.554447280716183	0.17192892885335	0.675219127155197	0.172536380041658	0.0291848813628897	0.040058539247599	0.216492814503766	0.554187446983983	0.130368493821922	0.0955947257742696	0.288653536502786	0.206842800445274	0.194674263864377	0.656683509967686	0.330272535890335	0.370451890440568	0.0818922514962504	0.108353580047488	0.405042347621508	0.0891152014946073	0.184079998064748	0.527497107694694	0.165813697752015	0.0734086666102792	0.147174458933206	0.256443321220674	0.177089318342352	0.238424094345406	0.429039833759786	0.791147981331461	0.340843348103658	0.407395878354199	0.279610597319346	0.298804700946001	0.308255013181595	0.725137998584252	0.276603699157707	0.393601684770404	0.491557169334122	0.258554653721725	0.171407305787044	0.23980661326404	0.0477456998143206	0.371680159274844	0.209422925013404	0.0999886818552774	0.106442206796519	0.163246306711139	0.0469036275936694	0.222385367246842	0.496747730018458	0.175155310939342
"SRR13358144"	0.0738773073339755	0.143947867797521	0.191397680537305	0.0650838400908121	0.120521079199577	0.0248096429613077	0.110931328784686	0.0736223916224731	0.0498618090468423	0.052207286562632	0.11400128610049	0.0627871550383007	0.0907249342727154	0.151394564436722	0.0583641264881044	0.260586973966532	0.0613591978246968	0.195181201623704	0.292734633181529	0.234235212482044	0.0144760856717684	0.177002680609574	0.103863399063915	0.255807916482009	0.10491083324142	0.183759285427449	0.112464649389994	0.171300812639727	0.222550897417433	0.24626869473518	0.209737244507998	0.118590854387358	0.0528510711294672	0.0710081820004695	0.154343180600651	0.098396948382628	0.0575374176025239	0.0128653917816128	0.0361607368821822	0.0179596403265951	0.0889451919043251	0.046683487941803	0.0998150522462619	0.05722436252044	0.20653425179009	0.0712103608699991	0.308104061670102	0.257308176919192	0.134153146538612	0.143291171924658	0.079097657588946	0.129177671960011	0.0836477311085954	0.189749877468785	0.0622150752853102	0.080329263461403	0.0766670435818115	0.181752707410367	0.0333329535679344	0.0705326497393718	0.0664258100318543	0.219143656165456	0.142151014622811	0.106384401700751	0.0165764184792169	0.116439099931662	0.0650398335144118	0.0222393610859586	0.0389858940002359	0.0470451839144027	0.0778612033023898	0.0509900672141131	0.0189345086264645	0.0327900195339977	0.133340323541386	0.0613087191912862	0.0465537340915246	0.14179604723665	0.155805292731973	0.103049072210778
"SRR13358143"	0.305275755350608	0.466958539422885	0.706218918223445	0.381733372248328	0.58905013104493	0.234336061746253	0.462260477948229	0.357215219569461	0.553497481216598	0.438364296168571	0.315530780976127	0.439074898350594	0.591145981410141	0.41305256653615	0.360249933662651	0.621921279409799	0.342867951457308	0.534845781966933	0.651546432509723	0.544513551220089	0.311552315641003	0.50612938557421	0.411495808975298	0.612462115734818	0.564224827430166	0.599663577685769	0.666593836475748	0.503167467361461	0.531490290816045	0.742567795475136	0.384892516742496	0.640798362288452	0.221168178632837	0.613561101158875	0.620325583386738	0.253140892260166	0.296182114396288	0.119513259730552	0.442956709047229	0.367047892556323	0.316927056297705	0.357846607760655	0.469980903039629	0.570929626519912	0.650083453201301	0.383663631241662	0.550274471818894	0.780823444825536	0.400768047838459	0.591968294702939	0.556467330626971	0.487826765868008	0.477327077204586	0.274281988648526	0.289336312814462	0.503081369921821	0.390675281471975	0.807420121578551	0.203407621624432	0.392327396330912	0.632951382589161	0.425841095411226	0.511260007438455	0.437550371371838	0.25191497867564	0.511943244817133	0.460749953041345	0.128445481301723	0.320179581061549	0.398782504257729	0.620353958984998	0.3671939737062	0.1751908118616	0.453903055843183	0.254594530686465	0.597346602844354	0.683053702329658	0.393925046068435	0.574706510965179	0.536002327688953
"SRR13358142"	0.942288764389806	0.957855989999969	0.963282991912017	0.581075306701092	0.839834754504891	0.92381252440365	0.895151693178766	0.944947844826371	0.668754052403118	0.886713773726847	0.932120895088203	0.637624274329457	0.923537664560447	0.952170227342977	0.880256194239051	0.795111290329201	0.935772727823926	0.942930062903969	0.909674621619524	0.94302231134827	0.781405533323027	0.950792942549835	0.887135552005481	0.16455755368447	0.986688337690057	0.774298204804872	0.591558758094245	0.777560613558547	0.954811462996877	0.737662292067016	0.980741423530141	0.61171249466034	0.849862256397822	0.737977999704599	0.823685601273931	0.976494688333761	0.851998306071285	0.834972250622739	0.794030830320754	0.952951676413634	0.845785220363741	0.972823061693904	0.868244652941529	0.771729327355874	0.334195182529728	0.881766609541046	0.874122547696757	0.506297485437267	0.818331362266588	0.958694241676272	0.820378859002588	0.777702334411111	0.800990634378029	0.877584037023084	0.850956235701215	0.947383769359219	0.896401408180328	0.958865270119609	0.820057317309118	0.711740735213223	0.77436624157257	0.930912785894616	0.908052649851683	0.981481604016388	0.64115480009151	0.819116710021309	0.860975344207341	0.89077448706455	0.800500613465687	0.93002054797466	0.567922863268616	0.832360431890959	0.539357542876201	0.79691409209049	0.872504933629698	0.857879531471274	0.627849638824526	0.702457118626399	0.954097827031651	0.870951782888351
"SRR13358141"	0.866983996482704	0.975550317792563	0.786601231909796	0.77195558963586	0.778348237740064	0.86351360029724	0.671169922749132	0.821005179191381	0.717029231213501	0.869904176378929	0.918956932495037	0.899528718073646	0.852376685747922	0.839182134566298	0.941158827269083	0.9551144045726	0.940661246283498	0.985763928418492	0.940307867341702	0.944642297649392	0.987554879001118	0.866189050938824	0.746158032802192	0.846568355948085	0.980141089190988	0.838866897658365	0.89438812800333	0.828573874098325	0.998058975565034	0.977234720978121	0.955441027309886	0.865914126425994	0.959162740788942	0.866356234176344	0.983582196709011	0.899632231067165	0.966123880926811	0.900461335388837	0.838295296499462	0.784605986410716	0.788402528585894	0.85200940263267	0.871624635590522	0.799285796669585	0.663969695020256	0.983276642946355	0.764482411712518	0.753647067635427	0.900497725173052	0.782526139507003	0.828856775870327	0.731050315650057	0.919275787552141	0.899758793810104	0.770865688369158	0.784587367054037	0.951628284552206	0.900986163475311	0.92964721060603	0.814393292775062	0.896401885317832	0.982978233125784	0.844441884054354	0.97588517229965	0.57248177128571	0.875135033337725	0.829033172199774	0.914546268658259	0.416356222804312	0.878478982947852	0.39626676480559	0.768021612315301	0.900210341231125	0.649362501874157	0.943192660472057	0.802010727534681	0.926562208789195	0.94250684635494	0.887612256975279	0.817181871640119
"SRR13357755"	0.00850243394771356	0.00402563820847519	0.00772116663591503	0.00573887194917021	0.0138684531803804	0.00267488986069564	0.00912114304139694	0.0140884935781006	0.00207485588074482	0.003622394252589	0.00641963282681587	0.000730953546061216	0.0011967235922419	0.0110405879840135	0.00252386520872899	0.00799074271976202	0.00156758868656743	0.00599661659072252	0.00380123078440662	0.00288793837916587	0.00181953684713006	0.000967098531216322	0.00224610713468022	0.00875812018046448	0.00264743198537127	0.00271375338316125	0.00183654661598388	0.0158566082416594	0.00177987268491122	0.0211300202914669	0.0124074547359454	0.00142451751895234	0.00014404947852219	0.000752501781494924	0.002783234120475	0.00439220036492698	0.00601454975039646	0.000534744749224462	0.000680983344723354	0.0014885332036066	0.00205996467943135	0.00886614187823392	0.00409831728355551	0.00084416378494264	0.001838550195821	0.000847929511011792	0.00656289050813762	0.00193383249880078	0.0106957747404315	0.00417500523862567	0.00270833087978591	0.00235243251289891	0.0244035547742442	0.014011386331684	0.0160339727654779	0.00218796062859071	0.00259536900356529	0.0039949606468013	0.0131884464036604	0.00539247359487151	0.00641618937754125	0.000504485984257634	0.0156314047422785	0.00373152219472891	0.00202763748819935	0.00618237831949388	0.00701975331379453	0.000808799132700656	0.000800856174338	0.00882270637508851	0.000743571756297055	0.0174104746796296	0.00158352551882092	0.000661428698648262	0.00273475424094851	0.000931422505688212	0.00155489966107302	0.00571778344673796	0.00841438850663701	0.000378395629580722
"SRR13357754"	0.0122851460111325	0.01026625691757	0.00635475656214152	0.0430124197309692	0.0136004881649534	0.00640170582639581	0.0263332138385273	0.0161721699651582	0.0143581276950067	0.00645071453510638	0.00803118281303788	0.0044646717069966	0.00270554048530172	0.00882080606330528	0.00539735978084277	0.014296702078274	0.00301957479973764	0.0125290956207906	0.00750719789482722	0.0105965442805478	0.00461133583283243	0.00048406519209047	0.0125495137375593	0.00535272087758152	0.0142349708603268	0.00361872539358592	0.00558318567888303	0.016794226628877	0.00444741933969272	0.00532008322134679	0.00701943869670986	0.0167239133743151	0.00132609876729742	0.0119997138920406	0.00311002849597879	0.00814994480750799	0.00283112182605261	0.0010599586004576	0.00176208296927666	0.00168089141898249	0.00461791007363879	0.0170731988389618	0.00968417541696042	0.00362175329376009	0.00818814553731689	0.00560428472213714	0.012215090050108	0.0116909518010533	0.0204802034965119	0.0131315868315016	0.0092868551625877	0.00945136611533898	0.00869420597658202	0.0249121148279546	0.0141312106608845	0.0022301425295841	0.00776874289858295	0.00566266655247831	0.00741440128691494	0.0125606366135439	0.00772415574400797	0.00209835206497314	0.0366005647951913	0.00715056017109188	0.00192652647304129	0.0176251051125006	0.00672526928353433	0.00192197719805224	0.00556699464139126	0.0108093837970497	0.00174903962058564	0.014471596828231	0.00306476398586637	0.00166335258001881	0.00928068172732591	0.00238893007034845	0.00447565837445246	0.00643507100435855	0.0193933771329097	0.00149064148263592
"SRR13357721"	0.888647409361474	0.85578837596282	0.953029537220282	0.797190476981132	0.811047390924238	0.900749994834642	0.803110162931184	0.253937302202883	0.939046519299115	0.859269337310721	0.943327953372032	0.607465005744596	0.885344921872257	0.688816888209622	0.910253793237704	0.743551287970834	0.82228966811185	0.730744389612039	0.797736051717407	0.912086495636987	0.800135154622424	0.903568905059919	0.853875159702288	0.771028248638902	0.89033473495335	0.858115908267657	0.894112729427209	0.792370422703879	0.920498968895	0.840877621351512	0.941655342387985	0.841824643927564	0.828182721250769	0.786110666958768	0.89752800117509	0.851417684110994	0.965628734932178	0.879519874155952	0.893720971799755	0.830361145737594	0.737188988445284	0.879825808905021	0.960226399136371	0.968874124911303	0.967989791279786	0.816001732858272	0.786424231862115	0.884446714437519	0.689493290332045	0.78515488649615	0.581610655284616	0.91892057972559	0.449307758842754	0.956401694526383	0.811277197632583	0.952606905751931	0.906354140106954	0.957997265266546	0.77801726804552	0.904463927081944	0.847357447057292	0.890947757703733	0.783533820582674	0.841188973102617	0.835241408685532	0.943483785222311	0.808012870457076	0.971850068163047	0.938698209021587	0.840607457005114	0.782836007231565	0.925422890667535	0.924009473347915	0.713488556506424	0.529102691416064	0.888276133604446	0.798344916997471	0.948664912847669	0.773067261385391	0.912369758645919
"SRR13357720"	0.795542199383026	0.563958810723418	0.89392612692291	0.660543915633125	0.542657998819146	0.729986959263337	0.733728294173903	0.853810993552481	0.651891634683789	0.513349604170903	0.806703790647644	0.873491054110734	0.379767690356976	0.445234978023946	0.696790902443607	0.5730662840001	0.583152713689108	0.624547630073875	0.720273531059445	0.613935677567497	0.745819112511828	0.310349222639546	0.80616624884184	0.407813308066342	0.76003435193257	0.782443969124646	0.5616643499909	0.454219378753743	0.465136443091841	0.384479338012819	0.742944762186688	0.706451803280829	0.305422372174338	0.719202622799889	0.232625542407878	0.420855378483575	0.826072242514827	0.619885907595962	0.668216050545408	0.728399138840141	0.552468612514838	0.61188222588506	0.796504917840241	0.714764462380065	0.574679726132419	0.591312156057337	0.426678118645893	0.18701481720625	0.759482161385567	0.607887603078763	0.75499354058736	0.78563880679907	0.518664890072912	0.886252837536906	0.657386725008714	0.703324396910597	0.903970920124125	0.868028820884095	0.572166383830808	0.611716355295434	0.467536125208248	0.743732690160657	0.661443298850838	0.577863009316136	0.835549158415989	0.687287664166597	0.82661525998875	0.914971047674301	0.769451802818775	0.958797720144177	0.360925718266594	0.662790401803798	0.725612621147196	0.53035665601322	0.871878649874456	0.850095457820124	0.702083811287434	0.646378451651365	0.685296532896532	0.773824692215955
"SRR13357719"	0.995127783798632	0.997792974495243	0.993964967793033	0.991560933266192	0.967254267507116	0.993493189561376	0.974495709585621	0.99734982224466	0.993170211052241	0.994531195681946	0.979945060047759	0.998819711328484	0.998762977894874	0.99228350406127	0.983726573122884	0.99373884508595	0.995247635426082	0.951590712829931	0.99417353756375	0.991300319387631	0.997403568902903	0.996111743783118	0.99494688507264	0.989048260706073	0.999281808565442	0.996588134377179	0.985905064600543	0.994687326354354	0.997334378333066	0.998518128129236	0.993650324493409	0.98857998891552	0.980045662537752	0.982269425825746	0.996204984105529	0.986697813385408	0.999381297506776	0.985379663810772	0.997383389844308	0.995343404297838	0.989397496175781	0.973641552248365	0.990655712027611	0.997625824280619	0.997805355467107	0.98858039723648	0.944396453408402	0.993644058800394	0.975428035147036	0.996503471784486	0.974040020390277	0.983526846327572	0.982409045540664	0.991177221024062	0.992899657003157	0.996617529558073	0.995841213228319	0.989348434095315	0.988805198160219	0.987017469638048	0.999106844804413	0.996711912340181	0.980004163699701	0.886513667399564	0.996758724911941	0.996186549339387	0.99719008667478	0.995126861332189	0.993399259192931	0.993897844801607	0.997378606576952	0.997975410636998	0.999207471432049	0.999454994967917	0.98865778704811	0.981913091974281	0.995931479510456	0.99558707776722	0.996216830662867	0.997996872108631
"SRR13357718"	0.994644766678516	0.998310576214436	0.994783870548286	0.992074668098165	0.971487224118086	0.993975481521679	0.979717298798933	0.996891148370137	0.994485235095335	0.994750121161583	0.982271121869154	0.998652553581304	0.998743420056055	0.991005076949228	0.988325107141563	0.993397882039057	0.993944143670358	0.959438192078077	0.995113216427947	0.991860431619866	0.996889276025366	0.995438221074036	0.995453770659451	0.990054347018292	0.999197714679378	0.996310205622286	0.988746969547431	0.993016327519284	0.997152124257767	0.998618851136067	0.993544391407239	0.990098668032406	0.987828891673235	0.985273881486254	0.994770637074691	0.983397856613454	0.999283627617348	0.986355701700431	0.9969088538822	0.995928221006868	0.988920355566364	0.982722647308719	0.992096833484752	0.997780568373877	0.997859846532425	0.989023246239855	0.956481909252135	0.994610448117189	0.978194051163145	0.996169277854737	0.977663698913829	0.986531021904496	0.984410842079414	0.990226006366652	0.992661537804908	0.99680631928133	0.996203820309564	0.991142419460273	0.990283879768414	0.987724067859331	0.999158485143092	0.995369829882424	0.98094746461971	0.915338232728983	0.997258906800765	0.996358784280968	0.997219157848604	0.996596791053735	0.993257476793342	0.994974314791464	0.996828602317339	0.997862324847686	0.998872327300867	0.999375548699846	0.989605198703857	0.986990096088822	0.99634667161703	0.996195655347284	0.995905312944001	0.997483840300331
"SRR13357713"	0.0292059633977895	0.0209560686055627	0.0664424336123921	0.0559702727356644	0.086535186797226	0.041017791682063	0.0162453728885983	0.0478954351609593	0.0222018584169671	0.031046620585033	0.0152899771560816	0.0151966804566028	0.0185107361491811	0.0744161741142544	0.0388851529604126	0.0221909956821193	0.0214816525493788	0.0403602254602552	0.0217134481196224	0.0405466161244291	0.0619807286981984	0.00881925922600534	0.0283081485281591	0.0292515672210782	0.0227999067963142	0.0364686712397483	0.0626058464389569	0.0472525487730593	0.0383999758610404	0.0467036215294373	0.0466920085879423	0.0203614522957757	0.00148707015099794	0.0181754567111128	0.0201828544052626	0.0194276541798882	0.0147874661442479	0.0216492145834288	0.017452883504935	0.0299622094304273	0.0329958925595084	0.058689497934245	0.058127042228805	0.0249874733785082	0.016389753450171	0.0135235908546839	0.0334652124849885	0.0277358944377955	0.0294793718709278	0.0599464796993234	0.0206426258825685	0.00937736599753065	0.0185873250906523	0.00913181871867356	0.0118826368548173	0.0182092484109943	0.038003711855382	0.0314762744786853	0.0445144876030369	0.0234522330734737	0.0569699900486359	0.0269768818768422	0.0230349073580852	0.0316427523710516	0.0102506467759429	0.136475546802809	0.0490810180633087	0.00494660124150687	0.0201678004574578	0.00429126541907915	0.00749682062196015	0.0461791860691581	0.0265711987714593	0.00546880140867706	0.0097598680244793	0.00427259507197045	0.0065619247185261	0.0195737193360181	0.0554796725751451	0.0228361383742404
"SRR13357712"	0.936042831561771	0.979150557759158	0.963580952188802	0.850489602228417	0.754606321953487	0.899134241154663	0.924378796043451	0.717081079468777	0.904227292631173	0.924336003070286	0.919122467367063	0.878536775583724	0.936744920080861	0.896022279664737	0.963098362457918	0.85662742457776	0.89218765154668	0.927825770460174	0.927352266688414	0.819781245398842	0.856215795912904	0.757670371080582	0.942167286433803	0.793999134506014	0.986452040742768	0.96609591855707	0.847883779681757	0.85426724888916	0.936045986703042	0.880342637191163	0.977573220638006	0.868501628927692	0.809467807231356	0.900148706036474	0.897302499814591	0.867132521584286	0.93150741346379	0.888249695998315	0.917510701168246	0.92836584326704	0.891512503354659	0.959307832542853	0.935562888236114	0.980009949123337	0.878742024061817	0.893812215430891	0.942224474378053	0.888249064640345	0.946487255199767	0.957601066026225	0.902311667233739	0.942284099137562	0.813806472756659	0.928967824787972	0.817252928441119	0.968568736348567	0.95388544448056	0.921927384270314	0.860953225158203	0.95038439816218	0.90793922693336	0.90925401688693	0.855093616801993	0.963269987863959	0.894368990899511	0.871549298046331	0.886325881215677	0.949833921420109	0.907170690689979	0.890050707459736	0.754798659110375	0.951917254140351	0.920311018682765	0.93613551828004	0.940644647486043	0.900334559124039	0.843137268699385	0.919367868870928	0.922097234739646	0.942632157558583
"SRR13357711"	0.988945891643677	0.997478525432817	0.995995974255926	0.976142481679143	0.933836489655267	0.988129744566994	0.989504267757053	0.959088994063888	0.986340181685329	0.988046817877611	0.979869991761641	0.979658460785872	0.995743121228607	0.98318796720786	0.994370275946594	0.972105993187737	0.976860009663109	0.976498587406246	0.991115118472274	0.980540529616499	0.981123976943226	0.953746221724881	0.99036269204434	0.954361411100338	0.998345583354424	0.99463565566675	0.965580599635127	0.978879923733787	0.994271656367776	0.983519674030396	0.997500806080004	0.969459042141475	0.971429319308456	0.981866811062091	0.986356065518294	0.981933629652727	0.990890052089455	0.976508472329183	0.99441109226948	0.990351658116502	0.979599076355052	0.995158394901094	0.985748839278919	0.994459610259032	0.987001592744109	0.980183773787927	0.984180714487564	0.989542980339769	0.986199059993661	0.995077933673038	0.977036596328701	0.986400375194517	0.949419274593902	0.987938176494059	0.964234935352526	0.996732225968212	0.992481304534772	0.99207500145959	0.971218841067855	0.984754700335889	0.989840444119452	0.983832069721025	0.964577901610497	0.993153147775515	0.974830777576974	0.980973101384757	0.985985091246961	0.990050844588794	0.975017006587331	0.964545030094715	0.969348579212336	0.994606806275676	0.986856093347621	0.995552316668424	0.990053100976738	0.982391535048666	0.978457258155022	0.980826855746165	0.986616149091439	0.991001008982349
"SRR13357710"	0.681908040834382	0.88265618632489	0.910128138056414	0.580137017869075	0.583256666009265	0.702492813061417	0.686070142989601	0.659831530720187	0.60961360654793	0.584423705839852	0.558250277502261	0.593076336739948	0.776193489755469	0.60341467267431	0.698394652038677	0.587581630268352	0.675945479979697	0.676116349804309	0.679897517779274	0.551718809681727	0.705166616824656	0.456639716053402	0.752105394613338	0.548116309870702	0.931840489196705	0.910465143851997	0.56577302984692	0.684193978733429	0.725116230524016	0.690536736104755	0.922660154164984	0.626738312325145	0.342847774537337	0.744288023080932	0.696368682901098	0.792888501575244	0.651187162361061	0.443749216984782	0.817158257577481	0.775249474400621	0.757124443747216	0.84539615805043	0.725485086316796	0.815990954435056	0.545809608975165	0.617258092187335	0.814842428865468	0.461966010059988	0.7567159959672	0.897272972867857	0.717867680625839	0.64269948684796	0.519175948435094	0.81304502273482	0.519210021288221	0.835617644523265	0.733356541601362	0.934959110098285	0.583725732390093	0.85663854392903	0.533916602588151	0.712985933065184	0.628029403557655	0.921397179298658	0.666450757859331	0.494121915123445	0.858553763244578	0.706987041209879	0.683763039874459	0.594997094978626	0.375098994443145	0.75569735080961	0.663702879237263	0.687089706724469	0.743423195022293	0.669162965113474	0.562557695528415	0.597178473979211	0.8451045469872	0.645053549120955
"SRR13357706"	0.0451321318941991	0.0202480654003281	0.0378410223483937	0.0753735302048879	0.0305789517494461	0.00893314156599647	0.0691883184209472	0.00957214576237972	0.0221550656867682	0.00558484509217185	0.00395254377183046	0.0709088214790209	0.0111904040289533	0.00884206295820558	0.0090741520955965	0.153319348074294	0.0138634033893229	0.00719896289892675	0.0283043025462904	0.0152356789489187	0.00915501359697208	0.00291571418898016	0.0401940433666473	0.0818127744746924	0.0166599251000092	0.0208266664510374	0.00616335819915049	0.0760670793337742	0.0612029614092	0.0163184275056507	0.0245206941934294	0.0452952924678544	0.00228013911656428	0.0309865201027376	0.0180231607314014	0.012416092726299	0.0153181765245051	0.00642777538690922	0.00304172744809844	0.0232053961775406	0.0366102737732037	0.0184409132379346	0.0213192810551492	0.0132398245372945	0.0113453226043503	0.006814699930034	0.0530195046824781	0.0263625038042795	0.0386670130133875	0.0803310644279936	0.0281284615522866	0.0195545461991242	0.00305333285768554	0.0236591469891256	0.0807255610460286	0.0442402492449994	0.0133640714414231	0.0110907847513901	0.0077939421939435	0.0722108068713247	0.00619803039920549	0.0102531624995859	0.0220944156290496	0.016693254642642	0.00818688745929012	0.0115709133055277	0.0157993647732254	0.0259869515139664	0.00757459622628343	0.00997959029097164	0.0445166554298347	0.0179994724140216	0.032057253484255	0.00375459637510699	0.0159830851285157	0.00650329449125983	0.042491807095642	0.0289857470325896	0.045333510679802	0.0170135088221165
"SRR13357705"	0.231907835864269	0.289231528400555	0.181637805531964	0.403300875372826	0.0260300117758253	0.0265869600780003	0.324930436057728	0.0295788297110787	0.435183283117741	0.0577082614338582	0.0313339316008406	0.0640316789630669	0.0956743178672781	0.029689209929487	0.122570023649492	0.186894159292977	0.0719168155905088	0.0501735926585106	0.0640228620760938	0.0853329599430672	0.0953238347670698	0.0375225302930337	0.204246491845739	0.117183687935867	0.166656019176812	0.10094236494882	0.110115865235236	0.126508221850378	0.0695703428364323	0.020779958141871	0.0811458863983666	0.170742676636149	0.156704652394782	0.274173728274232	0.0789735209757734	0.119114666823602	0.0461336710248109	0.0341253019414712	0.0198019374196395	0.0469810080932132	0.141129693855354	0.245455731018627	0.216798185563382	0.302297445848279	0.191769317119677	0.0566319834237347	0.0693622470003016	0.554254696092971	0.215722823337761	0.516958204567582	0.102342959744704	0.284718371682257	0.0206528539397255	0.120303177435465	0.354894524934183	0.170111434591985	0.126302605332814	0.0512960463842296	0.0870912833890032	0.150558132845915	0.0703169880259355	0.0395834341063477	0.0912975576727554	0.0747935005687757	0.120689767145495	0.137955434589154	0.0708875834251855	0.162118659857766	0.0623006462215588	0.0663399658065838	0.161277838882112	0.139692783532803	0.0918050174396077	0.122884885260656	0.0643397010624319	0.0478143929543958	0.153483148345639	0.100252954612861	0.139765688652834	0.106024978482181
"SRR13357700"	0.9173775642474	0.764395686543057	0.961066135657202	0.897850352257011	0.624850937830325	0.661317452632297	0.917620410503858	0.273377521560529	0.904422819670568	0.684437836987459	0.898822407916357	0.764571616294641	0.697053508513007	0.351120150148016	0.937023618982231	0.502730564457144	0.725097634335837	0.79344668410218	0.786684840735933	0.776484072927673	0.816728726796621	0.651816564373666	0.885150292360541	0.679134799127031	0.869666593798339	0.966380591677563	0.76542542434324	0.686794833357322	0.734186378633101	0.42973681140206	0.96855051796688	0.694929870581469	0.701853968895926	0.824430146646825	0.772583360358481	0.586869409702993	0.779901275215631	0.829888576398978	0.959463866342545	0.817359984155455	0.715262682153698	0.872544178817854	0.923115756297564	0.858503282087432	0.594971934099203	0.905781763128609	0.464452831719002	0.87967093732877	0.898026904385717	0.909076683754253	0.716483344774927	0.929561879007817	0.379384250760912	0.715295161140644	0.915716947588231	0.833431177691074	0.943728680959261	0.86658850059135	0.589352298039362	0.78290736911017	0.728660748573665	0.475844648265588	0.248459602680027	0.907755111568439	0.606420391777482	0.933462926121348	0.649891307054457	0.897300929017313	0.721582362664976	0.919658977368315	0.781412964607998	0.96140205869114	0.934517032383165	0.895022642271889	0.81358025114304	0.676552053942129	0.93570287241084	0.738784390599398	0.728934152145725	0.759881277227498
"SRR13357699"	0.718561486039168	0.410280669912399	0.86006237758605	0.585196844394649	0.375107228858084	0.297166540940955	0.592361889679558	0.196374948398743	0.629528163490911	0.305467951503866	0.66409542862476	0.226862071444607	0.155742404030472	0.263782937953436	0.744267367287146	0.247685321106112	0.566088392719319	0.457809733883927	0.266911420751016	0.44576655610178	0.359178207401413	0.196436378545026	0.542153063474373	0.235883950750494	0.282707712929249	0.711307501938845	0.236978861963858	0.496160012583732	0.375311429499285	0.220604873945016	0.678135637958098	0.181417976783248	0.188974963940125	0.49568980971271	0.408992564796413	0.199083539070547	0.418839743030153	0.525095817031717	0.685644123486703	0.496065805111924	0.180841885182115	0.725732436037985	0.565391384435568	0.599653977871208	0.22635856056407	0.291254813851996	0.169718728419718	0.450640702499152	0.688886714201907	0.512813408946296	0.528293527244924	0.602673362496045	0.226413622345942	0.43543457583117	0.571369586151143	0.600646851678167	0.653271768937695	0.530367993539954	0.24109284277648	0.35625739411214	0.294025931002702	0.378717569212366	0.16561135182536	0.529400795938085	0.21470437324595	0.623587668618216	0.351191466460498	0.336658550851858	0.490833042755528	0.655747821124862	0.25180640678785	0.748390258137793	0.522353754918764	0.24255747901823	0.328583676235335	0.487496006223246	0.610877041367898	0.232991355918694	0.465963908096271	0.420801632652567
"SRR13357698"	0.677814581716337	0.476798444945246	0.7314315798211	0.553079467721437	0.477281785862657	0.5286795791265	0.503069827504168	0.406489931915851	0.472870804698093	0.317148001387625	0.698687023769427	0.374385271913956	0.319319932752431	0.343035521867684	0.638808351220546	0.303380144674286	0.599004459460011	0.416644079225871	0.524160547862087	0.371155889242223	0.619120832066251	0.120207248227153	0.558716246235026	0.213135199943666	0.511240329481296	0.562934436057863	0.353515643380404	0.62383602876476	0.377497577857881	0.358646656301651	0.72728055236645	0.352918191452636	0.428545242847816	0.447909387468611	0.334418762110716	0.321109164601861	0.517611452264377	0.350628450611924	0.849651550573831	0.450748981906426	0.269171898177184	0.739187228730305	0.67874803627514	0.539676933793951	0.39564557591072	0.37571671169302	0.347852111380278	0.262765878720754	0.589843950479491	0.651989130306961	0.58088796600569	0.634326960086858	0.220114995525632	0.7472198087853	0.535416429688075	0.759986736592852	0.641256471673438	0.713278558747384	0.349510214797729	0.582911109482651	0.158411718196939	0.414985615754177	0.329170786043147	0.73007093960888	0.458565005025376	0.591817160381688	0.605279160834465	0.367779644741266	0.510095184073667	0.739404065176755	0.271867431550604	0.749006521821974	0.683417562768403	0.560519349663759	0.374408707202639	0.459040406022442	0.399961831914125	0.459263236332745	0.592247481070919	0.407099990284015
"SRR13357697"	0.989892972868676	0.993589809464231	0.991219050422213	0.974654297357594	0.948712049080194	0.986749225014404	0.897228500116266	0.998243693367151	0.995722194179714	0.994273678122285	0.961169918867373	0.987623575392361	0.984828694971362	0.983824648361499	0.994023612640324	0.992087936327884	0.989854137628206	0.934197171282073	0.983887452062334	0.954609882127655	0.981592931795123	0.971798260510886	0.914859475063441	0.988504006612343	0.994445221468309	0.9884508257501	0.913158174384989	0.992156989548632	0.997286693917519	0.979021481397306	0.996265156900834	0.771934948583011	0.957726725393536	0.963165585067182	0.98935054447285	0.987707048608479	0.994601883178889	0.971127194611434	0.997156554142184	0.99575915481201	0.999985837264123	0.972514304891919	0.967025664839113	0.976750014833456	0.997889315836841	0.966813531848943	0.999990199633559	0.98108292377911	0.954498694985776	0.981158576165648	0.96797308515106	0.996491630826947	0.966269965588081	0.995514342210226	0.994093815651473	0.980753915223609	0.993612658388789	0.942762010732135	0.950240555003254	0.868126537738805	0.998861705222796	0.951815508841901	0.941252973276913	0.977746234022243	0.885988605189205	0.94856435618052	0.972376171271421	0.989912280233061	0.959106346205328	0.999994205948571	0.950377614693891	0.994559457726686	0.995652124842968	0.995924078910181	0.935398316696292	0.78612889221708	0.995019029706656	0.94334172931195	0.959533844989395	0.954711954913739
"SRR13357692"	0.447721977073611	0.564781937339737	0.736364241416465	0.817344618796331	0.21490088724206	0.527031026565005	0.285279918248259	0.33122905754761	0.452068359523914	0.44785029654304	0.554944509202549	0.836489153108094	0.322479719913774	0.227103804843033	0.589431154690567	0.404542110475748	0.624097075156257	0.572888830158641	0.558661252210124	0.425156490275648	0.882346739411153	0.0947877361122531	0.67998524081381	0.480538514050743	0.44724833126881	0.51160833165255	0.549994773341187	0.371046633679508	0.637826245116193	0.313711678219567	0.574118052273375	0.781809626684571	0.175686506687041	0.792762586641661	0.368254653185786	0.253416652945496	0.361529380939019	0.827826260802949	0.553137308569414	0.338861970629655	0.29723700916372	0.258068209374489	0.915513984571863	0.406709087500985	0.322955336556962	0.65519219775749	0.150389629377814	0.299763645917541	0.677305133976512	0.83466308543922	0.512699376350166	0.451496065315796	0.108718654732801	0.533498601659144	0.795660857127157	0.175045133169761	0.708239083401947	0.46318838972591	0.531428063285475	0.752480311498814	0.168833190255165	0.724061466749472	0.280897185871778	0.171031730495034	0.502880793029808	0.890529706910933	0.71827750305452	0.588714470674485	0.322166922829602	0.293818506190959	0.433307413101752	0.419872421438285	0.70716577985601	0.500441848522543	0.749725122177902	0.598755250999689	0.626221145966941	0.314550941808416	0.581280201517379	0.378791307367829
"SRR13357691"	0.850282293491412	0.740544012546597	0.896320728242687	0.704228332757188	0.683292152205307	0.771763156210526	0.819665437444567	0.750674275311966	0.624532962752876	0.746401557486103	0.906407146075907	0.715702825458613	0.512009238075126	0.823678353897982	0.835505084547461	0.70529222116591	0.871012047133062	0.859572517861727	0.829794705644578	0.645732199783944	0.837514755742419	0.574415215949778	0.808099465758484	0.455133565949837	0.834243202759263	0.400144931911038	0.442237627302849	0.870041011041608	0.845526632390071	0.707571199097401	0.812752385744006	0.432999632723166	0.733807821735906	0.659774140911975	0.422714852310216	0.783663823292188	0.687543080472504	0.779523355456462	0.702134492991722	0.782458430365902	0.560694861659079	0.870588326401445	0.861511066634638	0.781660476872196	0.619266586820621	0.7439738225889	0.65775703238653	0.391075367553612	0.889217272158408	0.851881389976861	0.83090268631647	0.842992367476483	0.573153520393491	0.751159701890965	0.855563047664049	0.732642047344023	0.850244218712662	0.640477363775071	0.779680979178274	0.711529036654743	0.28637937133773	0.850988472531163	0.644747376786005	0.880374485259058	0.687130285376145	0.763072110535659	0.811867591697211	0.899135314298292	0.571886250071474	0.930066727216571	0.475638184121103	0.879358040218565	0.856088850333905	0.749516961716884	0.871560696759919	0.759589697351239	0.628014739187499	0.619402152111358	0.816187399821396	0.34134415318036
"SRR13357690"	0.985763670077417	0.99522347132239	0.987113203546869	0.982059818147158	0.945660405381142	0.990438183828904	0.97687162062269	0.995227990003993	0.98673012765201	0.99669868788669	0.982138048616567	0.995642736994967	0.996184237761191	0.991864668558363	0.94384557481797	0.992788770760187	0.989343438288679	0.969994013052056	0.991581203962226	0.977471145791199	0.992494562963819	0.993942659147902	0.991029370556991	0.97580749950011	0.999466941729019	0.984981906118908	0.955426052675961	0.993014090224052	0.997646330640792	0.992594500118461	0.981871505459339	0.96802560846198	0.987381813619236	0.975139009440676	0.977916021786507	0.989757230574467	0.988882310905994	0.986855140803645	0.984228158017028	0.992463095179538	0.981257958056245	0.972580664826159	0.983418886484627	0.995537479363083	0.989828631085316	0.988861849561041	0.940421605022714	0.984771018172284	0.974657212213674	0.99590483542528	0.97738250863627	0.965097819921041	0.988274800546527	0.959945512796512	0.995907713317058	0.97734882672268	0.988422534903948	0.962201840504711	0.983791780478908	0.968099768933727	0.998023047678549	0.992883134058231	0.973565106246494	0.90540306232038	0.987335130801382	0.985947667517425	0.994309833755658	0.992262141759759	0.988589659875494	0.990361141774612	0.993803265571357	0.996700045317697	0.996715350896916	0.998960094636496	0.983318453079368	0.949430976426894	0.99288484037919	0.981347823187575	0.99351989927215	0.980312359115216
"SRR13357689"	0.990871427199612	0.991324405433293	0.994360009410474	0.988963934352898	0.968554886386914	0.99266302679532	0.973614721003369	0.989215221999633	0.993930617954794	0.994350832654705	0.979966899798362	0.996075227205799	0.997314988240867	0.985919044215184	0.978709868902093	0.996977066845961	0.985589317892164	0.951299903492183	0.99509071496755	0.97652785870778	0.995557297813312	0.99063506918277	0.985616157584496	0.994338943780159	0.999333161689137	0.996890956138926	0.982068143522575	0.99794700511634	0.999379889500204	0.997628410338254	0.992868057439168	0.985089312296521	0.986129878466094	0.983358717147191	0.997576941174902	0.989364558946316	0.992911900780708	0.992446326912902	0.996767868207819	0.997021030538904	0.986713084952269	0.970407047716489	0.991965461035053	0.998281161464936	0.983100234192468	0.990876827980225	0.969616805346562	0.996218786634209	0.980284049678258	0.996694686729608	0.981772942450171	0.962078288706552	0.991249383767391	0.97625488892184	0.993820980297933	0.978083072516712	0.997442990265565	0.983413226323035	0.99027271453351	0.98643627497864	0.999306788029782	0.993585670747565	0.982680113560693	0.937020051144977	0.98888017485718	0.990602337073717	0.997342483648227	0.990163664006277	0.992409398005341	0.984284779028329	0.996105676792142	0.99874548967263	0.997042404231366	0.998836348887097	0.990357206415261	0.943383583344874	0.998039792638398	0.971374482046119	0.984566815742396	0.995351379778708
"SRR13357685"	0.0995389979526742	0.250650097549898	0.224036636660839	0.306553204517042	0.148516289128563	0.101851898646639	0.170673733302764	0.269268962772608	0.156122881435677	0.0993307090033189	0.110014083319269	0.547234934891614	0.252533944878174	0.0702528978624852	0.10996915013687	0.142243652452486	0.0803325381011036	0.199390505960421	0.232090569272938	0.114162771146434	0.0600311834139794	0.122829778972507	0.350501728095359	0.0982936524648661	0.143766628440537	0.222958444659777	0.238478533301647	0.0619611583761618	0.0343752424487939	0.196850983247217	0.302879373245957	0.223042246256018	0.0895227384446787	0.223395777716753	0.0798059126491899	0.0718615353355833	0.296700080160986	0.016970596186584	0.105287516321367	0.0785362462075854	0.19765179002751	0.112726394346802	0.148055646292005	0.0863088785314806	0.337058101942336	0.0840207790749957	0.198926311187754	0.199439928603852	0.25867931196843	0.21291921832727	0.203577681356097	0.128433130677907	0.0919315981541912	0.138490530486885	0.146807883399683	0.24103058020144	0.141915868791978	0.200738249376337	0.147678412193091	0.217522617099854	0.151640163930597	0.0810231211081031	0.190592447540257	0.19928831610928	0.057102965662674	0.202601545592742	0.165274928436165	0.0669721366239876	0.137358618698538	0.405399878462429	0.180872717217927	0.0919140408108662	0.120093205305962	0.0511397314464298	0.210763316681238	0.06802173356855	0.109725078069377	0.385058503969028	0.0668884494541114	0.174226972583997
"SRR13357684"	0.0792806498725044	0.18775218903167	0.242063076781118	0.217840491904855	0.185607192679009	0.0536213533447237	0.236541456059229	0.101595871204071	0.236616269562211	0.168702041303335	0.0839380347217812	0.115343949049398	0.205047412808673	0.0774438416650987	0.128343975915076	0.215601808051082	0.0924767536101962	0.182841324366576	0.32246591846614	0.119776399134171	0.061571669898269	0.0480734238119375	0.253084377803323	0.176448265262211	0.495347633424493	0.345147710191659	0.19393089236059	0.0909951968107983	0.0627063223590751	0.0732267359950073	0.362735506776936	0.224048656439476	0.132353689564135	0.420838332435885	0.066076159802654	0.201853226189538	0.0789715698118787	0.0327174835322891	0.119586238223582	0.107019981003222	0.186917548751622	0.128305472792797	0.184439851615494	0.10017160429573	0.238886074619709	0.173937375954155	0.475858886028957	0.323137798525643	0.27315545071719	0.276113441501867	0.257403048036756	0.309250798359003	0.0963737790266586	0.296127110615201	0.147498027692435	0.205477152356384	0.164430733759528	0.372897486540508	0.0926093184361961	0.262374339839178	0.161676773274269	0.100751794851239	0.459320604612503	0.171872875249033	0.0573127252415749	0.118297367879801	0.130358661034408	0.0624989357875057	0.295732877836221	0.294559798118099	0.119636610610835	0.123501393348457	0.0673597723539161	0.0312495320662066	0.256284849805076	0.091330431987748	0.221757398281185	0.24664009488902	0.151019245075475	0.13861405704039
"SRR13357683"	0.246452065208594	0.436141628730847	0.397013778499934	0.573870111916833	0.402434810109728	0.388260954937342	0.416256117247964	0.12297970482635	0.324957581825275	0.412148417052878	0.48599144401244	0.344509224461236	0.416605319958711	0.217273133864635	0.324347648556344	0.225783721948486	0.236615230052524	0.478908911945758	0.498952426431478	0.362335062462728	0.277049550893452	0.186058925571788	0.462984608721783	0.213525939079864	0.513480270719052	0.286887172774523	0.332644070168015	0.189678249649915	0.342986340748004	0.305709644720883	0.539691374242884	0.323399911018197	0.196162138006724	0.324857025774208	0.147610176498545	0.258609662143144	0.230287022605518	0.164621260546202	0.282589910384052	0.309326231367557	0.423403683678697	0.518623073794226	0.510803217939579	0.243791586926869	0.42042203359674	0.395430064628514	0.460187862477552	0.34008849945545	0.400529486953555	0.517619166220648	0.252975837479699	0.220931374141678	0.143258235436257	0.27926389744739	0.189605645025843	0.266205397454887	0.517665650167922	0.331724446805583	0.31347697384036	0.502825609777141	0.206312612574831	0.423470713137189	0.228874640294819	0.535284972512759	0.111128738886494	0.464566128854101	0.430860139011418	0.420560435353805	0.292246627172445	0.155905515576117	0.117450311264787	0.40695807615968	0.336199455207571	0.0700525664129568	0.312752916110143	0.112159641197785	0.16620775870131	0.519299188797154	0.255549663419861	0.269123891994152
"SRR13357681"	0.136340130555823	0.371214322842558	0.238839314839006	0.330989909730446	0.225252799004035	0.20333698270804	0.393628035632943	0.125933830083057	0.128615976249932	0.0883205443652878	0.395803054725642	0.236679574238157	0.109121020568452	0.227942801738814	0.0674662039869529	0.169040455198258	0.114494404716119	0.11861467629114	0.385593447566633	0.238920246612684	0.35696549725761	0.0493387573204461	0.401338650438232	0.312569837557966	0.13373082666227	0.182350307714342	0.328016933588577	0.274429972500173	0.41933840944019	0.344121240776692	0.392962259082292	0.271093221701799	0.113353971762588	0.208015248260738	0.142925663303792	0.0976726330274682	0.164600995282098	0.049593483921754	0.177248580503495	0.104487347626932	0.128946193297848	0.377914308092709	0.519959598059575	0.0946397855509506	0.268306388282706	0.286385238343465	0.172024250135446	0.303901596579149	0.16042452061897	0.374172777653628	0.133258011081807	0.0823743260142144	0.0608326334931392	0.169298799619001	0.204270780274425	0.244120358733407	0.293155527028816	0.120450725588922	0.242341673954352	0.323595814921117	0.0762113163207197	0.281483992716461	0.0885234143238643	0.223580058196164	0.115667695960479	0.295582458958605	0.281192953326304	0.228038080650445	0.146826297823906	0.103860103197232	0.0903148517657809	0.456393581096013	0.195718762656193	0.154851409952949	0.199919002752848	0.0344121358805878	0.0698066370006477	0.438640570068025	0.228210832560528	0.150450455081793
"SRR13357679"	0.8486100718616	0.706880887833761	0.928159461617377	0.889217868662485	0.8666677712661	0.896906794686521	0.784511919286897	0.617577213003623	0.893919563726735	0.778068850490669	0.870647521867146	0.867764685331606	0.826330130947158	0.614261708202054	0.776344503571845	0.868509710359105	0.846168690918025	0.813196490187993	0.945330054044161	0.849372164493068	0.93006631780279	0.879608116237018	0.69434503223941	0.884893297967364	0.844930132299567	0.861848609344893	0.982186607755968	0.922382680602349	0.900874749745376	0.94348645115659	0.817760911488039	0.941505308503169	0.819309193814803	0.713328136115287	0.869448834491633	0.660385867194224	0.801327053516703	0.873954806527423	0.929346078346077	0.898865917823484	0.767583528054133	0.829181628743844	0.973716630065903	0.875052461334292	0.897680285799706	0.861567346391372	0.612243033803055	0.776600098040539	0.843348429974516	0.874168046932468	0.853864038674084	0.77642494520577	0.836388081440264	0.778086799719018	0.902196414290114	0.851861838002792	0.88687800859309	0.96867897036645	0.714678366879122	0.827914677350842	0.821184726052341	0.919444074213883	0.697039114241939	0.823749880227232	0.947360746460714	0.931517926048119	0.902328798352148	0.903911431289569	0.907512220493498	0.793749872001397	0.841058232004215	0.874092461486381	0.922650267110327	0.814174473127239	0.763106887822417	0.966656045225473	0.881678741923916	0.766090735713675	0.839111744963612	0.795830087327146
"SRR13357678"	0.899028442557436	0.864581289801005	0.942717581717669	0.893086549558922	0.910292549093525	0.886684002724554	0.912285079272618	0.569508638611623	0.974191923456661	0.888707149531617	0.960808468195633	0.867552560160707	0.898427005466382	0.73808547750453	0.920584511634772	0.824716327128246	0.884304766976293	0.872115541903709	0.941082967238246	0.912195533118409	0.917959211597938	0.967014650589385	0.895135956769562	0.788065914398501	0.804325240098617	0.934500567885861	0.935360321912165	0.804826720888348	0.849963011011582	0.892417977767274	0.958363901902821	0.833079717729013	0.91482181713374	0.900727772600309	0.914278831440025	0.599250864015148	0.955108024639893	0.906072786098434	0.943052878347496	0.942105479400266	0.767101380238234	0.865913822588482	0.972435397840023	0.916275161192713	0.96224088278843	0.870732472672828	0.73344436098865	0.926638584611131	0.771604194428095	0.909885998159813	0.87322643556802	0.977041610225426	0.640868657788083	0.942091826568964	0.888928094161432	0.979603923814436	0.956510177936192	0.951611172434028	0.805184756805525	0.899919060328993	0.793614799868728	0.927984015783638	0.822639473629096	0.929643925517662	0.899857107866156	0.956310241319307	0.881628982584162	0.938998801985348	0.900893234487518	0.894847900391539	0.908512704015706	0.960495722228017	0.940768553387548	0.886589860136255	0.816412547091598	0.95038309803047	0.92807818872663	0.946908134674491	0.859000799757478	0.924407443881644
"SRR13357677"	0.719046202055936	0.551165337097997	0.803456058248329	0.854767932381225	0.791283705981549	0.588407007767298	0.562850216952908	0.375005612399446	0.780555858918528	0.574760700264416	0.751027690491642	0.793648522409353	0.519297576981304	0.301707060922305	0.418835143235811	0.54049527973764	0.632949140334397	0.720745354198416	0.751459935124389	0.668016735160148	0.828695212695161	0.77951406303097	0.510599470696486	0.60721390931041	0.520974923489038	0.661494498076113	0.93615251945166	0.756576571384617	0.471464477354404	0.790206424712911	0.486804710216599	0.863881410831394	0.417310676317328	0.554827765099247	0.763655547836847	0.442275002385357	0.788363950196084	0.435397247216132	0.800558256658186	0.399850007862546	0.551127435369495	0.408220565651226	0.870506678697276	0.696248502953038	0.858058933655629	0.762523645851173	0.172866917150688	0.501088573162835	0.677501266545602	0.466744325974335	0.69600665370261	0.693384164516175	0.83590135093352	0.566950471701552	0.607467783838567	0.528962559148257	0.789596166981306	0.888098824726308	0.537608904109157	0.611879246489282	0.595024811433204	0.455707084483323	0.420568404707477	0.552969062640418	0.855938761149736	0.905851221898252	0.602711815432277	0.75973182851097	0.614624386278721	0.871130525690547	0.701847654545568	0.681261229023473	0.69065935894652	0.641459553158963	0.49963402463204	0.884871326219491	0.770932259497401	0.739658822421023	0.500840077582955	0.707960535884288
"SRR13357676"	0.533935490653717	0.301026183924648	0.760503193283102	0.380252747690601	0.510897679534366	0.259343545036477	0.349115756011696	0.319601946367122	0.634833682866276	0.311926155513727	0.326755706779803	0.493053716229456	0.259389157808166	0.220513049764002	0.190221420049746	0.390853143273696	0.274604847203485	0.365678090122887	0.344541485350587	0.663090047475373	0.551453261188031	0.475893048523611	0.243272421814793	0.455107561063981	0.20161831762476	0.4279859524834	0.603539648868368	0.256187249764517	0.359487895721495	0.409076510985226	0.16068479407548	0.401974346660868	0.269003047140185	0.573366057990987	0.508460579348657	0.35251678648822	0.410851807959381	0.358541395282839	0.205078199446263	0.309620028142673	0.246005485359694	0.184023360053093	0.453906131007711	0.341631033696168	0.498531419956865	0.386794517996561	0.195224663398769	0.593798036680449	0.218007491518414	0.2318855078054	0.641011495468831	0.564520087622766	0.48731507505953	0.341966791263929	0.529641051248338	0.0962220471417613	0.376815264054912	0.894716081141321	0.26979851209918	0.200203460399133	0.292510557923678	0.333165723078545	0.258662631944918	0.26832788546118	0.308894181604913	0.449103734374791	0.409310389723491	0.222088262280356	0.501429125766302	0.557450314215966	0.400131167224168	0.295423076359425	0.172082214046679	0.222369217432668	0.247198513473512	0.725829903383833	0.629666936206236	0.234310338951918	0.297026204185631	0.277325604445955
"SRR13357672"	0.873831695508994	0.863718127781167	0.788394410145015	0.789766681696824	0.568888500356009	0.75932907605813	0.670855288363587	0.62701342183907	0.82347757537589	0.774864691341987	0.887426154873507	0.792624878666421	0.855523038049137	0.672234426081766	0.652891213131881	0.781234508011049	0.828188053003385	0.464127846949755	0.739197919929902	0.581828683459877	0.676897793195246	0.834251236978758	0.838962265641208	0.643410714138589	0.838036257103489	0.931503648541439	0.58834782367645	0.863925565628011	0.835487176566501	0.867125022988764	0.784646467589879	0.649161292347364	0.760775723888524	0.83913948869077	0.826363132423993	0.734150823850853	0.848598186887047	0.543835151622116	0.929093941180168	0.688519910855776	0.765697555865458	0.428454903149348	0.847238634634787	0.843467033179612	0.803558594704378	0.729320959212831	0.284365508283802	0.72674279448536	0.616916986519475	0.86997088047734	0.787480729851576	0.69971898713288	0.709119155814039	0.897933431247609	0.751194185238846	0.691908833043111	0.928064273133975	0.86504663134273	0.500434826792219	0.716073965726528	0.713444813978846	0.904900359091608	0.339831350515442	0.422699865178017	0.876065007466533	0.719816609902299	0.872030950738166	0.912265250805063	0.949044577826628	0.887340566181044	0.561536754085076	0.930347477009313	0.943728122914148	0.845740915790244	0.762018606244	0.627327592532575	0.863668905032035	0.849132367603168	0.825644152885529	0.857858826956177
"SRR13357670"	0.713560178804675	0.705294257745264	0.616510157803078	0.628151838939695	0.312788103278276	0.30852752459998	0.236192688592826	0.267374756212825	0.721059799107018	0.598962212729146	0.646469475633429	0.657792399780868	0.721764750771154	0.387618081118846	0.240594941341153	0.577262308358851	0.804782271102246	0.261180895022498	0.322747413736407	0.303470385311328	0.269204374213659	0.805613918273615	0.805029738859853	0.318233753555484	0.965046787058879	0.916868070388785	0.285282377301009	0.765392864927658	0.551193486624121	0.590817839476168	0.707426816950995	0.389485471389126	0.113562736281226	0.755820360214429	0.778630259421562	0.757655466129847	0.662857384570968	0.310917888662448	0.759356175508992	0.474967604026103	0.784671494737547	0.13745736413085	0.413600047439466	0.858828416233453	0.708941566367851	0.557712824950892	0.128277146710093	0.280123497344865	0.484579730706961	0.863650968267859	0.444119135791787	0.578378433380138	0.556259103527613	0.887364213451307	0.380888742036559	0.346692222751218	0.747385644898676	0.823239353847515	0.173831148312451	0.746112850173685	0.678564864555634	0.74169604795408	0.480340132197845	0.27003132475447	0.632984529719132	0.536716787248863	0.671173219884927	0.690272725660936	0.903471257492056	0.613326206998449	0.341212221116533	0.854616432958888	0.854337939270127	0.374572773943243	0.289511308898114	0.206194242489699	0.772492407942616	0.785789264739502	0.755890701551635	0.784373672965385
"SRR13357669"	0.999547270419037	0.999973810636216	0.99971965624378	0.99557836060672	0.993243493821638	0.999754945037557	0.997917640675834	0.9991001799014	0.999390922493904	0.999887427088043	0.996869757196072	0.9982117148007	0.999993402703516	0.999904715473844	0.996975124096974	0.998179876081748	0.99967716904023	0.99745071304035	0.995919126867527	0.99989899218283	0.999575468890361	0.99997315129476	0.999285296523847	0.999372111658862	0.999999474493364	0.999330716303393	0.997998343186703	0.999395634616809	0.999959729942785	0.999871020561721	0.999726478615971	0.999072914557851	0.998872007532396	0.999022020151877	0.999793828699056	0.999982449470225	0.99987091964908	0.998760529805616	0.999869550626151	0.999923527278914	0.999468616091971	0.998797650552595	0.997770558460455	0.9998153593342	0.999923358215699	0.999669329109664	0.997852592855628	0.999693105870242	0.996093437698283	0.999785080469326	0.996003074522875	0.996773008282991	0.998267034132427	0.99980692936546	0.999093181644256	0.999808361527486	0.999643251614073	0.999962364483151	0.996134424938566	0.996153750953712	0.999987002730559	0.999974416744509	0.999689921761482	0.9976185883475	0.999591925231931	0.999520683069621	0.999926706578043	0.999763896518301	0.999955736069652	0.99961715689884	0.99960324546856	0.999464958927571	0.999949476161528	0.999948920625817	0.99635127732985	0.999556115842444	0.999452441671493	0.999837162009192	0.999896940185033	0.999936241893719
"SRR13357668"	0.645708625332034	0.56454229894364	0.495575315905135	0.566241297278541	0.326473972984957	0.535499460862245	0.43631055636366	0.340549393017669	0.453821185857016	0.425612623601555	0.751003178652382	0.5258531698055	0.53093658409207	0.472980374264313	0.211580587221178	0.543351140798758	0.468959033831576	0.212663394374418	0.520683301939338	0.331959864114326	0.314953712783869	0.597353993699417	0.511060770252731	0.376231244803823	0.468957283626142	0.805580641301865	0.293701246773445	0.650426078201258	0.580809422945819	0.653005747481957	0.484013670367373	0.401131971004028	0.447939499071987	0.435764311335072	0.470063519187636	0.365331345345356	0.552062091110244	0.171966500453504	0.680223443428139	0.299359960501745	0.40418934989861	0.139349798627747	0.680104466005398	0.396536808243451	0.548574373710009	0.342216012886438	0.0877972289283811	0.414575198024249	0.2858846790447	0.563594485163472	0.543261166288604	0.323848073895969	0.476814421695431	0.775391760289393	0.564918327751764	0.331481846683829	0.801826112936206	0.728652711309947	0.246426179544902	0.20095372188271	0.437752303448513	0.757001808584949	0.175529041189416	0.163643032119348	0.564440431257588	0.45394121368723	0.681261989624218	0.695799554629538	0.813785488205822	0.732800318659173	0.206696014685549	0.795026341803348	0.745990044292117	0.526417496799676	0.539008149604145	0.347757384129422	0.638239609092567	0.71090492095561	0.492141926759614	0.555760082953533
"SRR13357664"	0.906613841353343	0.925104035423943	0.94912650150865	0.907210833597609	0.806965905653842	0.952988959286911	0.875696458479706	0.913086884371335	0.906243309181474	0.908489825771652	0.935122173991007	0.860938631314916	0.903860581193791	0.939146898229201	0.874838080544231	0.839081250280832	0.969244516711876	0.866206715201393	0.930040121269452	0.84284097650312	0.9249523452271	0.855189251019793	0.939274216623578	0.654890346794599	0.959100031965869	0.755244363860754	0.858109579563635	0.872153597984412	0.920599401449291	0.888912403842254	0.935874233337858	0.724922854539217	0.880285327907839	0.923607367288115	0.848684262230983	0.89730854877743	0.765622547544699	0.916886213269497	0.841711710210736	0.934303731340659	0.949677085341802	0.981277812627739	0.9265228957809	0.837375677534283	0.883731393727568	0.842004889738038	0.705389010817485	0.69320423249188	0.782131543762792	0.97546695784705	0.927204863195218	0.951849763474148	0.815955009061438	0.880187644895977	0.858932744327605	0.902520598016332	0.814838985979448	0.93927035725496	0.869211083559423	0.839231346420053	0.63749349479508	0.895528803994696	0.782041215738082	0.955133109992293	0.936935176995799	0.912048504397614	0.925580472514262	0.882699503072238	0.863420408691318	0.870410108854464	0.466717751745113	0.923945324729679	0.884289237051365	0.849958657264688	0.708642053137533	0.913135276880689	0.889741667312203	0.824050919252497	0.957510414600019	0.8106049542427
"SRR13357663"	0.522229344349809	0.552624980498807	0.744003408868078	0.579615342872718	0.348002357448303	0.712427692979903	0.427476717394907	0.224053385048326	0.448213651908923	0.270558243160249	0.705381887752691	0.444074456759929	0.555654632107474	0.340832022421484	0.464095531387929	0.279156716225842	0.547892765440055	0.748040399100624	0.529854076460877	0.525829975002224	0.435577575644987	0.288363774056027	0.663743643682766	0.189664474778742	0.842166885974074	0.276204156238543	0.545849581267447	0.516218758905683	0.797753295012677	0.495815126263412	0.520805125542879	0.470493129367882	0.332238440113759	0.514979581265354	0.470424974883567	0.409189647374688	0.375135358724357	0.240119969859913	0.309605426188731	0.366639911460826	0.556472139453138	0.741704107381452	0.60630513913405	0.560704470806764	0.653770136371679	0.461136230194894	0.385699376911328	0.289192939001359	0.606748066839902	0.840356371785347	0.568979657697027	0.577913733479623	0.281737005379221	0.749032197928649	0.342785595978888	0.442743762844745	0.563025598764557	0.726012271833316	0.365826102958027	0.540833250987704	0.271710316652499	0.618632506766256	0.517937516893466	0.731788845557486	0.446055986566729	0.722050674664443	0.716834185995719	0.344795749929128	0.395563609784646	0.440038761732962	0.0975991619452135	0.495081683527861	0.575214298170634	0.330774075956232	0.405088512772146	0.68583254501146	0.383172438350484	0.621560620131402	0.6209623600762	0.366964501969595
"SRR13357662"	0.0988648029249338	0.104994821483839	0.129166081167984	0.32085929258043	0.0504143175828073	0.251245460160272	0.162148268369664	0.203830054728595	0.240748325754973	0.183889129222677	0.284947820435344	0.116090909104851	0.113322108276325	0.127500543635724	0.139293486306039	0.0232199699955492	0.31174795915293	0.272977878210938	0.0329060261100128	0.302375378215877	0.108883455516127	0.039345806423842	0.460028598990836	0.027323625794648	0.657296515815771	0.100453407328487	0.17256201765348	0.0368695325774996	0.236054895271934	0.0544554551030324	0.389297467613478	0.0750308629935311	0.110735702011335	0.28882490502864	0.0500319954896372	0.168172908994231	0.0699005116190151	0.101721723835589	0.0256482197444665	0.081615989259116	0.218304747961279	0.773082049152055	0.104136946142378	0.0430494959940328	0.293719879172659	0.279817265839069	0.0293638494073723	0.0508476656913324	0.205224375255705	0.465267330556	0.0760111796631928	0.394433577310827	0.0586410967453219	0.656533503253484	0.152129216827273	0.105837155542906	0.100558676412408	0.264437413718776	0.0487506314409995	0.0128539599552289	0.0431885049751156	0.109687537417091	0.298213881547022	0.100572283768701	0.0500403609760766	0.288801423288236	0.18837415185265	0.0216630875390065	0.337987202335205	0.155337400633062	0.0226094063449758	0.102064511176898	0.125106398066437	0.0813666902659543	0.0764368027845666	0.0706283591644983	0.11426722854391	0.304274708657289	0.438952931406313	0.0487577529212239
"SRR13357661"	0.181713076774877	0.265909212144216	0.296250052211348	0.513092445326705	0.079582921510202	0.541107400787121	0.247437400688336	0.401043474778079	0.581501935840635	0.466397071973347	0.412776702014243	0.27068563680051	0.270345061273896	0.264127460466437	0.325000267443133	0.0912830498810374	0.673867110996809	0.451433194429785	0.102577404515298	0.337140886764793	0.455103391157545	0.0933108685911002	0.593650570395394	0.17079568277352	0.718040000476672	0.106332876617672	0.505939697920562	0.118154233067793	0.63708279141949	0.175356659251654	0.638121145781928	0.207400064007564	0.367776047359745	0.399457619272692	0.151396526980144	0.381105661536498	0.152828592355635	0.378987044991198	0.0945257231765302	0.272057641348682	0.449302822414695	0.933107429332316	0.367499434508936	0.18953074348342	0.442021048368425	0.447115402742614	0.0648361817381554	0.138213291977688	0.297130930695174	0.799786075892618	0.182932992424666	0.508710155029466	0.190343739350496	0.647900944815036	0.440604844013226	0.317676505145386	0.217430894596842	0.335979706923889	0.195640612568037	0.0555953702214796	0.120586421924638	0.275764570960028	0.459586549523592	0.171252889602767	0.170134770535761	0.485344602962772	0.489513409836471	0.061359216119357	0.505479684143632	0.305284374313782	0.111443747257741	0.179262226199767	0.333247593841909	0.352336535149259	0.232526907054818	0.178771222611156	0.269170046799989	0.415851459777369	0.677068056360202	0.0882535927084519
"SRR13357656"	0.561868128199725	0.871128741124904	0.743007912722343	0.255154030127454	0.367717728638451	0.851289332662527	0.336578336540383	0.720163753668722	0.207516638568889	0.379046824866031	0.672249996567336	0.384352822865727	0.786080450734921	0.856832030243754	0.385726179922354	0.474181078125098	0.506951483083957	0.748879692424696	0.666680537090261	0.737236975907909	0.583942800361498	0.675780931149683	0.372694593923749	0.348947780760186	0.833977154790552	0.345768793897029	0.479194012917611	0.255941410028056	0.844921416128559	0.510169367199707	0.725466267370724	0.424199355877367	0.542725621494428	0.126061912427699	0.370832925321821	0.737068796658082	0.327273170979474	0.171770937212948	0.303030645052032	0.641589358533348	0.486654470533079	0.820639699451341	0.748522662025081	0.446007283239827	0.386750937193713	0.383919709814662	0.591234428947635	0.329919042701778	0.29851916636951	0.738551582835072	0.489150984652378	0.191413773198166	0.485625820071814	0.460541979544498	0.649800961518542	0.497500130656453	0.581003047951309	0.871410878517632	0.712277074971568	0.568008896464651	0.509962260518795	0.71907980131996	0.545059310090289	0.868908545985799	0.540012486517481	0.589510167038397	0.770717142447697	0.59576996542417	0.344102028484985	0.619270339241074	0.131351460058095	0.511598576446787	0.365991240725593	0.479449322406013	0.389372366236749	0.627275309461191	0.154487262544571	0.641845087901677	0.725396965650958	0.261722952427712
"SRR13357655"	0.100151354782661	0.248902128346394	0.19287715402547	0.0672782267871379	0.0163509795986583	0.234345656096058	0.0465063635795167	0.322976289244795	0.0500540633977227	0.106727803196524	0.108452457783719	0.0276386795331348	0.186299904268564	0.376916389219174	0.300193922270181	0.0283468144814223	0.388285346902233	0.159379539835949	0.0178483920506387	0.203426852191687	0.142297407503948	0.0324779148997353	0.0877463565612572	0.0623177968868395	0.378072884184509	0.113796314935229	0.0718129045639677	0.0171248421267671	0.35844655160055	0.0636007139349155	0.703597968654913	0.0262169781885426	0.0478699068201115	0.0250552570562699	0.0384547386862423	0.407556518713677	0.049738001825952	0.0412343015841535	0.12547959229364	0.151974337951202	0.0688653499676002	0.831548373498411	0.0929737689213845	0.0761483632725953	0.0713299027724714	0.084999834235534	0.0681564317147201	0.0375244355974658	0.10047947593401	0.315388804201279	0.0626473781875029	0.0516679878156756	0.0761569976475578	0.318610824163824	0.145285438343568	0.102216965355124	0.110075099805663	0.671366744237234	0.0695305237776539	0.0117386674687081	0.0539455904208909	0.167581601856264	0.220658480957871	0.219654591176348	0.0517945778033203	0.117733547082219	0.25927472554642	0.0195854706843253	0.319324285433319	0.312414485261323	0.030607786105722	0.0949478637865658	0.118101812852697	0.117390377597765	0.0482707516767159	0.0392530401555274	0.0331626748271203	0.223424930753918	0.364529531025416	0.0234983009599695
"SRR13358134"	0.978414622301538	0.993184186858821	0.99041389896059	0.988256072442241	0.979624008470942	0.951720076044902	0.987815612252598	0.677814101719758	0.907756273896545	0.95414001454169	0.999472049537491	0.929951106574803	0.974837076584282	0.176992196677022	0.938979046667383	0.958414130637623	0.952440183269562	0.996628059612605	0.872514974927778	0.944418588716286	0.99766682267717	0.996459287779513	0.842460830687792	0.955451868039946	0.995463507621219	0.994523015489457	0.947525936426116	0.877421177532221	0.988249118429147	0.987838311102375	0.979500464782258	0.991165051371154	0.97432320776247	0.830987996427463	0.998949659875848	0.967690881325631	0.94692258795712	0.996303382926447	0.975569578574618	0.990612544764693	0.855747025701454	0.992631828305966	0.997436257232175	0.264453728919795	0.956336265545159	0.71968607663055	0.917847247246536	0.995475136688347	0.994396029043922	0.617500536465152	0.968351713538537	0.860862925404927	0.996007093393547	0.992337593533469	0.815667404989357	0.984103379886126	0.938457252935814	0.448654071351925	0.961885011994762	0.784053606996449	0.648535096788915	0.771171755623199	0.327258576446829	0.99682016958295	0.61717872540027	0.973411771093174	0.971948798979688	0.979860226118648	0.665574854230475	0.999219340365492	0.96789524815484	0.948206324909426	0.827713824503266	0.980126585489026	0.995090446181603	0.987204930295751	0.989569191831357	0.971000463757613	0.924558053045649	0.9815406278672
"SRR13358133"	0.667005077757233	0.621151290173461	0.823880428924857	0.815115610195982	0.838350203761677	0.513808203109674	0.737260509213941	0.249351622921305	0.374003955158041	0.714712753246505	0.46992571004968	0.464306355071757	0.419569485451919	0.263259374632456	0.815090244031822	0.738807277563162	0.455904408974438	0.585398968277421	0.797631510941335	0.416703304549415	0.62577600651363	0.281716975133929	0.671880080398701	0.494562864027089	0.641793694095105	0.767851842964591	0.608752976242668	0.41999949108176	0.667051423924123	0.568984064568941	0.832786144732841	0.589838278093963	0.407619642051045	0.520742277978255	0.176086104958033	0.457485161222248	0.825984068614305	0.831203094775002	0.872239275742403	0.49334874250426	0.432989305138356	0.410947910343197	0.88504514813256	0.855559864996411	0.58357943382076	0.722101735811198	0.473521067195293	0.399957003292254	0.334489692833748	0.543928047537243	0.53085639046254	0.929625734051685	0.320242473957387	0.883175177390635	0.787145786756363	0.915923843587393	0.762941067430695	0.740922283747605	0.575000946089375	0.561679624986913	0.465716584151665	0.39801157849518	0.386555131995528	0.693289354295726	0.411946550866202	0.733246310827298	0.432363761620068	0.706852619474132	0.666613923928418	0.809333765438124	0.630389659871663	0.798824960562457	0.730527261418822	0.684928868874732	0.690333172885869	0.3762324373657	0.590177521911936	0.689243171349458	0.76026220844149	0.686336486531555
"SRR13358131"	0.209750946196994	0.0860479595813616	0.328100154210068	0.0925406459050081	0.239749120182447	0.240305453004708	0.130762318130579	0.0359756312241374	0.0814984709329303	0.0427200677614308	0.17975164546965	0.0413304246399803	0.0359012486197342	0.0393938799524911	0.0705816819131521	0.0376746743936264	0.0524356952868427	0.238190150284475	0.0356330302562036	0.0905995310950056	0.0532430808229818	0.00563846274322569	0.0945918951820015	0.0242817422886605	0.0546356939201598	0.0120114711188333	0.212780547000212	0.0395842736168536	0.101999191786341	0.00980250859507412	0.148223559680876	0.0743287623297152	0.0176548459568584	0.0371635599828227	0.0822205515991957	0.0491446122212101	0.18195172877287	0.0364720441213712	0.0953281692040554	0.181633902899724	0.0270535646318745	0.143093614112233	0.167607334839687	0.159814957200893	0.0536438089014923	0.153872101526704	0.0261063034166471	0.114129450027459	0.093958757848742	0.0337488697449938	0.0726312952325622	0.132400037066711	0.00614325952540255	0.176397739043897	0.063867728496557	0.0392845096647735	0.211862335975865	0.0645656739142226	0.0414739221328013	0.10561370439752	0.00680161637142714	0.0483589489741206	0.126001378603413	0.152453575905418	0.0256526146104272	0.136111185716814	0.040441537200306	0.0658519815309229	0.0130774959086838	0.358096641974571	0.0278602146660308	0.0608788971534401	0.0432913032564041	0.0811536105476113	0.122719262997501	0.117590233517223	0.0181999850783582	0.0570128647996551	0.139218636687816	0.0741303819838771
"SRR13358130"	0.352556938619957	0.378923476908482	0.288495578464439	0.256463511497282	0.212524422192147	0.245243901065598	0.187224849530749	0.228636623474268	0.263651049585853	0.22512996665659	0.359537448768043	0.0892061046766972	0.20687815686765	0.0639889350219032	0.313082443565451	0.162045378136083	0.197854115958084	0.273264087813452	0.122224068275328	0.197597739896913	0.337166463919704	0.0114020174324484	0.276657811101363	0.089995213549481	0.139474373586547	0.104597662553314	0.203453109840302	0.244691360998385	0.195222476489797	0.150544167885125	0.151879510201043	0.232890935615356	0.216358889010437	0.215258540245569	0.0931164820276418	0.098268152363557	0.384409155219933	0.23176507611174	0.63029236783959	0.217117948426644	0.0683592603527882	0.42118135264183	0.347932534057133	0.270266006733568	0.330917826702246	0.159539618483344	0.0656807488000279	0.112364073788849	0.214743519841783	0.287863599766258	0.256851759899185	0.176660674793253	0.124135866316654	0.566722888694945	0.509976757751405	0.621051693646957	0.219711840730807	0.224716364674953	0.263834675397893	0.241767196432804	0.144118853855291	0.122336421786898	0.19839822664025	0.101823721645355	0.149825986121388	0.430138144207741	0.330310287470356	0.143235450338813	0.061840400913579	0.279165269236875	0.198594559830473	0.261253273612048	0.154860413844686	0.274418908286664	0.256156498310894	0.324103191804982	0.12312526895962	0.316063797717521	0.268562140823342	0.145841953766
"SRR13358125"	0.834928115181077	0.671842494733969	0.881685459087238	0.668551706569012	0.62174965975988	0.642631251072771	0.716456458047092	0.279571305706429	0.637345753810549	0.601794513883392	0.88038668364476	0.632814090268902	0.493818551880275	0.304441995522693	0.818875184259554	0.415557215144303	0.583193687212527	0.764793867943908	0.440978909751783	0.399732281114945	0.41165333054915	0.63948020015645	0.675803200524498	0.441389547113146	0.697117383737529	0.48986155863119	0.558113567402714	0.412087572380973	0.634775745969382	0.638475237759201	0.800949873410636	0.655202721382783	0.267343675818888	0.592411421684746	0.36416538286339	0.514907712292626	0.930782345140089	0.541086511616891	0.788398439778025	0.533978406817009	0.406276977524992	0.537486979547742	0.840786967221403	0.811182166449698	0.491013918417203	0.394319611760532	0.335460993751712	0.484229127922726	0.688496704676103	0.604703647280368	0.587916519991613	0.844156019420635	0.624430888690933	0.767845025103394	0.504200575700435	0.625417184070536	0.918204497780425	0.705610717765395	0.416181441694817	0.425509081477728	0.657734468525125	0.436388988748929	0.422561909992798	0.674960964967295	0.835529746911083	0.76832997921556	0.643859128124576	0.863994369213786	0.792729629796414	0.992975794160562	0.378356100403888	0.647848045755884	0.783852798757811	0.753623217775882	0.666047251998665	0.602389958653469	0.544070476584621	0.811600851042855	0.381209019485964	0.74818603917229
"SRR13358124"	0.982208969406915	0.963586490656534	0.986354968543926	0.97135666540564	0.931729966872991	0.932505935669104	0.982576481599544	0.966158594896104	0.963596417247428	0.921849253322521	0.980734021267606	0.978055841607984	0.943845648524004	0.779123114624843	0.98357935654421	0.92049064190227	0.936546550256993	0.938057579977887	0.974909961382147	0.949950573322334	0.960765009919327	0.930982788214979	0.976597612372197	0.886053127481779	0.942258446053896	0.974070809048012	0.893493853485799	0.921075604285549	0.960418510019893	0.970320654985308	0.979778928818741	0.920019573545022	0.957340403608013	0.964464494011052	0.970595840717692	0.852609016428515	0.995616082007374	0.930355364190858	0.985759629276612	0.944736643002487	0.902423577336251	0.926916306108464	0.969728216221705	0.941153648731812	0.958086175987168	0.970055901815796	0.782411627088136	0.956297644587343	0.958447893956719	0.92729717030012	0.953264329300848	0.987621492130225	0.886944955595278	0.977932445048824	0.90962496890248	0.96562235607404	0.99149845383792	0.968169923316903	0.906837370836173	0.857061389423111	0.926337937504947	0.951517413492268	0.766321519238487	0.94004822683681	0.960370324496598	0.96694975619564	0.954431036059984	0.988543954450622	0.890849296090042	0.997561233587358	0.92950371980097	0.979931099021618	0.981660500505895	0.983620129886515	0.982441446430993	0.973586514360471	0.984263733003439	0.9528682351071	0.937689022026416	0.968173538045662
"SRR13358123"	0.997442968632182	0.998872019191981	0.997362835758216	0.997839497653445	0.993863547566721	0.997827996336717	0.997215093336364	0.985055610253416	0.998771581856186	0.99907937957312	0.993057353165322	0.997934273781768	0.999632091477101	0.982691948272275	0.999219277860002	0.992924372363962	0.992217929468031	0.993677420067552	0.9988631389505	0.997799513085848	0.997940046132556	0.991733299934687	0.998116648778887	0.983546466966095	0.999838862150217	0.99888738138387	0.997064105233607	0.991893439701531	0.998803700944689	0.994685683646631	0.99898600664875	0.998057745563303	0.997780230297643	0.998065532742345	0.991889245104357	0.995411627380486	0.999281352374365	0.997980084112488	0.99929746907245	0.997747507452164	0.993317956268182	0.997578296836661	0.998320072146147	0.999111347805866	0.998798546437604	0.998611626377077	0.993670668390487	0.999156318144779	0.997052523072286	0.998809101628856	0.991497696164891	0.998715793174559	0.972885441275227	0.998453631041526	0.994892914100464	0.999370099193457	0.998127241786337	0.997575448149901	0.986144528829622	0.993886026496332	0.999213197377751	0.994002327783177	0.989822116155519	0.996529574509632	0.996108861354734	0.998332068779878	0.995284889682085	0.996762187240389	0.997607682549732	0.998203195250579	0.998937462422238	0.99832873797721	0.999320459557818	0.999830515052341	0.9968545377744	0.995078091788884	0.998344240036914	0.997048260562326	0.996312357088683	0.998170018866586
"SRR13358117"	0.227729058188666	0.161824643414432	0.247351685540755	0.152698939604802	0.243018026764219	0.0866865060149645	0.123781160921076	0.153804121037437	0.221196289297078	0.100131902068434	0.166008430676177	0.160962687457287	0.0482821720187989	0.0573356343933792	0.115036055129583	0.225851127792677	0.0708765116238966	0.243342036101414	0.123473754717378	0.101939627613206	0.100962835823867	0.105555262838621	0.0888886683470421	0.128507919508273	0.0890879778201952	0.132184880711382	0.260407997863778	0.165833566127098	0.0633505398177664	0.0686130609963249	0.0749095265983154	0.194252357591515	0.111620089831718	0.12346030098366	0.166243989591873	0.156815702500546	0.0892775067605575	0.0339402279219799	0.0763830296641343	0.0435511161904162	0.0642297980509044	0.150451466429234	0.134514462000317	0.271894828679246	0.164132650197317	0.13413353490922	0.202570658928156	0.0996327309562022	0.111707398747926	0.160607948768056	0.190416078174483	0.151057846892555	0.172558248729581	0.091104089767509	0.128254666113594	0.0670045870436259	0.0736290983124714	0.170385765818988	0.115221113451269	0.273245194128385	0.125720614457365	0.0400280404771008	0.208736215603711	0.193037187028918	0.0830066244064839	0.13135434741531	0.0625868375341856	0.0380176827922999	0.156949324344605	0.293684255814538	0.146179557110757	0.0871999209485519	0.0488507638253621	0.095340356031695	0.05888679990929	0.111237140710036	0.0889203756399829	0.0864032738358434	0.129509315463994	0.142498502558113
"SRR13358116"	0.341288361689885	0.318915241299157	0.316347668415037	0.295882507106369	0.226072839425972	0.152819839862926	0.236966574012686	0.270835964717974	0.223058795791239	0.175381806528629	0.316445767829724	0.178732139493279	0.114929648249244	0.104732575676295	0.203047147645813	0.208168130055928	0.210354363954509	0.332203228594629	0.106848696204191	0.134260974340355	0.120009246811027	0.0634107875827697	0.21559825387532	0.0850440645633615	0.312215001514466	0.161205067451261	0.209564889173169	0.330356889600657	0.209460858778121	0.0917910981183936	0.138760979172502	0.233009480907475	0.146540011124474	0.232034946370048	0.25946233887484	0.177496679453233	0.0878277501250176	0.0348676589813227	0.112383506177068	0.0919400221720247	0.131518775511128	0.380584306799698	0.198252764199445	0.316333625750015	0.134377094309628	0.216083351528612	0.150193812644539	0.175163539276193	0.310391371809693	0.407193896141848	0.197725908815241	0.173201876929454	0.204876057534243	0.150060181083011	0.161351923168326	0.0988560415965223	0.107393203441365	0.147351541956536	0.137544397785519	0.31100195744295	0.157089234668095	0.0623845887554736	0.158174908870953	0.194381805623996	0.101622837643433	0.156803003410559	0.101225578194947	0.0480182450512912	0.10406990426235	0.327989987401928	0.100298573578144	0.182647182626789	0.0842408546769849	0.159223210462979	0.0866934051599259	0.129830247449857	0.104282018200501	0.0673284778680114	0.26870967488306	0.108233645234349
"SRR13358115"	0.330253410176968	0.272100865249206	0.380761584162893	0.648234379038431	0.413289002783476	0.402713375970433	0.417980059690595	0.16936123654227	0.629460962108307	0.326888635035178	0.620980657673639	0.296820345148827	0.10878208596367	0.118038486834014	0.492520353175021	0.39301489991642	0.339314527613249	0.225103470495857	0.402156201020522	0.116465545305464	0.281358548361665	0.0739050540037963	0.559604122203151	0.128013013631794	0.236461025332627	0.299640630123726	0.26185223979794	0.252895783863717	0.193561715418586	0.202740092193812	0.365912129949669	0.377949209161867	0.0955789966292014	0.468290127668696	0.131073403109619	0.146970657678463	0.352811060060102	0.303914100750829	0.113150192478296	0.295731131171299	0.217843832591248	0.630151146445623	0.605617361896688	0.652118742947866	0.360872980325592	0.181581944630688	0.393821721137783	0.150736584409097	0.273048029063419	0.609188011019735	0.291789012947891	0.638462895989265	0.134433877392587	0.658879912412059	0.314002624646585	0.364712433926956	0.249412712027019	0.164763132221349	0.296678049473232	0.58010073369121	0.148257105995886	0.148709525291335	0.270990490404741	0.295119794271618	0.31422115469406	0.419869012032985	0.274703150098442	0.29893937319276	0.568399058824415	0.292502928900551	0.0955995583835436	0.574484378445297	0.397887186523576	0.122621566749238	0.138770001324731	0.188115445015428	0.122299124445759	0.419301613075655	0.516537404711491	0.268162208476161
"SRR13358114"	0.592323048262175	0.663451664473494	0.527751312926957	0.672703322385873	0.489776042778652	0.550287369071221	0.688532160625776	0.35602307128517	0.633967216245126	0.608148015659451	0.764108575853018	0.366101353802557	0.404540594955387	0.247435087102531	0.422358935425339	0.254836621324429	0.371889004154001	0.407306536800053	0.437956396247552	0.38730699943146	0.489425490561169	0.130402932250526	0.723732985840344	0.20079202434665	0.677615921619562	0.536346471565578	0.297793542309307	0.388170377472825	0.167591087979096	0.412982139257862	0.547780916022387	0.322187639687354	0.266898147276144	0.624283275035306	0.231986772699239	0.303712610536766	0.518030449342083	0.26977796176487	0.5594106708141	0.301053479549681	0.327883553653398	0.823181651069812	0.493213603787443	0.641025142812497	0.725024314977318	0.544184254752773	0.251285595622503	0.172793035316822	0.415899938772655	0.582551047088438	0.469671142351228	0.643407381090216	0.322758308995441	0.831127333561004	0.549136372983494	0.771401722453852	0.394460081884171	0.560396964682408	0.577366062741374	0.382517142101879	0.50321713881971	0.236419828189302	0.350780715418411	0.408267053565913	0.252764719102266	0.696947573811542	0.579308848475759	0.52593345105108	0.462680472266917	0.483144895650261	0.168924640033074	0.768570864486966	0.402883569383942	0.311317171530302	0.445836191602437	0.43423186529562	0.230577165840329	0.75044337052749	0.582735337229284	0.401327710219004
"SRR13358110"	0.255829771336787	0.121349879066303	0.20143749038252	0.289047631786253	0.121064857329377	0.118294915402604	0.218076254119004	0.145945339288654	0.109873116457425	0.07094022204907	0.36519725360652	0.122950809208882	0.0415828405941588	0.0769097462195054	0.219126457338249	0.191954743289865	0.164604861202552	0.292132594406182	0.0641631399310661	0.248955831686302	0.112626534340048	0.0407945618608426	0.0981940874160946	0.0960853764258078	0.087754694343001	0.0718596049784858	0.033230236964418	0.200115825799368	0.420978664419244	0.236280121678773	0.326810889642989	0.0624668977720123	0.00905967376814786	0.107507549263027	0.287008010401117	0.07084208984986	0.231229075194418	0.145242556818484	0.129330719939749	0.107066690559309	0.0453544755241242	0.163573687299503	0.105773822694282	0.0604005814973396	0.0256847570110305	0.153837375150884	0.0307715374395404	0.0622114578472974	0.225193896012335	0.0886905345398382	0.0896431132159183	0.14272575474203	0.155283671641339	0.176007925226543	0.249135966415103	0.0237975401346725	0.295273384947834	0.0385081660689733	0.154133431459292	0.0664833626974072	0.0602731685670748	0.0366033090330914	0.0331981543114976	0.162120432744893	0.030683323996636	0.0968155375958464	0.115440937107631	0.235384742344694	0.0106509967221338	0.298804931246175	0.0488683306205164	0.466590079283062	0.20133710362584	0.0476682377331526	0.104085178865391	0.0812671358556159	0.147796563199251	0.130088947241179	0.180818925168162	0.014636358259936
"SRR13358108"	0.29588013524757	0.128540176905326	0.219450024626577	0.341489526964348	0.0994624064549241	0.12497978019514	0.170862230938468	0.152945155474473	0.232334655932339	0.0375549780471437	0.193408536261127	0.0769925435855734	0.0443508094381842	0.0245647643569592	0.147189523934678	0.0791947344470758	0.0955915756130331	0.176989900249457	0.0310750882132707	0.19348480476473	0.0460895386736016	0.0456359132949081	0.13325852598775	0.0730134341571877	0.0835345533215972	0.0908039504140105	0.13378742219951	0.322550495801138	0.124286102225821	0.128319573339997	0.0606827179150508	0.153525639817198	0.0432137935315495	0.199651173744323	0.113210681661973	0.0492743724452422	0.0705338206962774	0.0172954023245774	0.242563325902472	0.0501565598680826	0.0498495424352579	0.151448369068495	0.122173234682193	0.118613921854676	0.0416966609450486	0.0999214063240882	0.0287573664626383	0.064977666371332	0.201113602793663	0.137892517973421	0.138699491405157	0.0917821206802422	0.0816333043842716	0.0819543097499665	0.204067330566335	0.0703339753751469	0.111480887603019	0.131455638395856	0.0461144429376035	0.114006377211162	0.0763860933848861	0.039536925235644	0.042976201835645	0.0425739352783593	0.0743857130581486	0.111393279445631	0.108391350212971	0.0370554254445444	0.0629163769196867	0.217112040995857	0.0911328564350985	0.168574915295122	0.118084727628934	0.0905427690343562	0.0492538101178011	0.153824857523002	0.182342914564558	0.0760945833711306	0.177182880095666	0.0236870446211615
"SRR13358107"	0.128566312553186	0.0788536755718724	0.114283345656473	0.158001113751245	0.128644194384733	0.0913507838352044	0.0767045264190789	0.0984482200322215	0.101682746450478	0.0285381567436461	0.102248956314722	0.0734338281874903	0.0374428958370104	0.0304336186984703	0.0720830834629284	0.0709842480463811	0.0710898191853098	0.102728484662176	0.0517252727104186	0.133263100356117	0.0463806298850558	0.0201374259129052	0.0516747791022214	0.0570816697220954	0.0848859207549745	0.0446136481336496	0.0709411404075718	0.168701434666485	0.0797994892825987	0.0728341841764357	0.0559143835513896	0.0851043531950462	0.0133732562694654	0.0936814354244831	0.0301064265949989	0.0336825432054797	0.0406500193982505	0.00908251396118248	0.144977187080556	0.0379083099454252	0.0375695128578961	0.0696180408040494	0.12954794287501	0.0285782957441101	0.0175473868560216	0.0873874381219397	0.0194479534622218	0.051327704278219	0.0871565441683456	0.0773131565913674	0.0711912073403998	0.0634249637337039	0.0299937976484658	0.0659435769846492	0.165519805618373	0.023060222714624	0.0811701776188562	0.0661194895655704	0.0422763681132	0.0450355878202386	0.031665794401997	0.0263598356883659	0.0341020573939588	0.0386492455598061	0.0286938261167106	0.090500364876103	0.0807166140576171	0.0266545845775479	0.0210015661444077	0.147333841690061	0.0545247666874847	0.116268392404843	0.0847745409175333	0.0756763227065783	0.0381105574500508	0.039177146688919	0.0944223474028852	0.0533708945271031	0.101020043502384	0.00810839347921347
"SRR13358106"	0.0873296760176717	0.0220361592661448	0.0681193878396436	0.102183785953135	0.061228673499717	0.0309551823287281	0.0700788548689915	0.17537162691723	0.0399610188845613	0.0100820294910148	0.0550370731106955	0.0228037812251442	0.00778896827688654	0.0269173683965554	0.0259955742356382	0.0196573959292879	0.027297849512975	0.0515632016588641	0.00791620742390658	0.07200117203012	0.0271399706254507	0.00476009143318671	0.05444929327656	0.0164249433488402	0.0145267482548226	0.0337103856225777	0.025763596773042	0.0624499456942253	0.0185985215300456	0.0321647461572256	0.0188154647015992	0.0307702321384852	0.00434305640444994	0.0640263093998805	0.0108995201696611	0.0124341447605354	0.00856944669365372	0.00462727073994028	0.0774786152398955	0.0117761218586538	0.0146202842859671	0.0636939724490457	0.0291864812358058	0.0107628922378156	0.00826298312570483	0.0585380951351573	0.00937182886365641	0.0077739475783311	0.0503134964996049	0.022830870219602	0.0497972179823359	0.0448711731567064	0.0275040494798556	0.0349044485514373	0.120358881891032	0.0094051953174532	0.0304591411819689	0.0526644018950677	0.0139206153460806	0.0175092252765473	0.0130142349767171	0.00825319092879939	0.0141828834935878	0.012781554602804	0.018412964511087	0.0244753365772859	0.0581906576531077	0.01116245193821	0.0120245935264045	0.117606062141891	0.0177932383931434	0.0895267606531469	0.0218586264203573	0.0277130971442789	0.0144091652971501	0.0290955104205031	0.0742960932023539	0.0197552252907218	0.0935465277152962	0.00377043091016106
"SRR13358102"	0.998790380903837	0.999865263365673	0.997402002099025	0.964878523316261	0.978775801569399	0.999350468594423	0.991732047746638	0.984082418863211	0.991045782668913	0.999359132339839	0.998956090359746	0.998799994970145	0.999643990572068	0.996589178932448	0.999867859065057	0.999453869033629	0.999820039740846	0.999366612179112	0.999716988235829	0.999636228349761	0.998336353617106	0.998548043570953	0.991777032605033	0.998930076030511	0.999947370464504	0.992983762675087	0.990940309660753	0.99784601837181	0.999954433474935	0.998828443286715	0.99964189597205	0.984465436053126	0.997038119231223	0.993154092690522	0.999839243114149	0.998601226279825	0.999003381589434	0.999626405331258	0.982425712733438	0.999880340438308	0.998492730084935	0.99962968818655	0.996775856187426	0.997088514221342	0.992759137351714	0.999368609708818	0.997944846034632	0.993016804493721	0.996790831117824	0.999509924357754	0.991093517207219	0.989884533762402	0.996925584859865	0.995456611349479	0.992679335670833	0.999566214144491	0.999431715462742	0.992788315396629	0.999324534880941	0.994107103307886	0.999538278196556	0.999768659437452	0.998513334514137	0.999773592986635	0.994905474299792	0.981450696565764	0.992684300321723	0.999856076079469	0.995038329202525	0.990415917023204	0.955779831255092	0.997179220335781	0.9998254651934	0.995805510380182	0.996296543945569	0.998087179897287	0.995699446420721	0.998525385195277	0.999146946933552	0.996735801439882
"SRR13358101"	0.295711803428559	0.284604067670742	0.606926838915153	0.20281300171607	0.300852073174082	0.338550970540042	0.211431827885575	0.285069809416263	0.0850074376377053	0.0730079099479477	0.164267262532961	0.31449638905317	0.0417660387528188	0.074068732488864	0.194365327464681	0.266270395427344	0.142141045502627	0.345874436607362	0.298142709175566	0.0960152822676877	0.12294590490239	0.0721822336089095	0.20979929096775	0.133888421084773	0.16100154203367	0.183196673033582	0.13549956098062	0.0994672750104083	0.116671051599186	0.052129128202201	0.409086979268425	0.0860849466678413	0.0152890167939288	0.0968124981386304	0.279749757935128	0.0726175669135013	0.526655055225632	0.120758188341589	0.100422862532083	0.163289506869028	0.0880238585604639	0.154826469678576	0.202743586903225	0.380284019559971	0.0790502186189291	0.140600785613677	0.23563664009114	0.110254365448139	0.174413660181846	0.191217667907844	0.30425812902439	0.61080810738852	0.108269274536527	0.273922001626092	0.115222425664371	0.0936485946250595	0.332424380123712	0.148001250851805	0.24020986918077	0.103054613207475	0.0379093494012462	0.0511228785140749	0.140226019902136	0.27942209979009	0.116458676787014	0.237506105295703	0.14867211480339	0.109883124538438	0.0494931363070061	0.728733007045752	0.13104272443539	0.143571048252841	0.124910047752284	0.342253411413688	0.307941524115368	0.13879694617906	0.0429269556607559	0.122215953984645	0.289881082239271	0.253942693742638
"SRR13358100"	0.0395448859940635	0.0261144679386065	0.0173097804866754	0.0721296573463233	0.0558711762405701	0.0105089379189188	0.0225309382935082	0.0832303832660954	0.0198655101852206	0.0182855657021567	0.0238920520589948	0.0232243221155915	0.00496317899456489	0.0109082626920204	0.00946305490311712	0.0205520377798572	0.0130322390381834	0.0216681803593007	0.00454362753815575	0.0195026967352333	0.0131972261221945	0.0036926201386264	0.0156221261954362	0.030122182873929	0.0491122028840978	0.0209509051368182	0.0148592319822724	0.0511306216122449	0.00473723713350486	0.0183694218910618	0.00860869633245805	0.0218977608580309	0.00246128450704808	0.0364805049481641	0.0117216250038879	0.0885727164720397	0.0275233742339567	0.00785961148237481	0.011597597938847	0.00455807634381682	0.0306666174789768	0.00957906129730136	0.0126682079540044	0.0170483484201955	0.00473190278183735	0.0258269142542804	0.011210924544316	0.00622802182630489	0.0188221275072188	0.0210993628344998	0.0289301364606732	0.014010172897362	0.0847873019064608	0.0212882642381988	0.0346355652490777	0.000776901390559118	0.0187035506642657	0.0363549969270413	0.0277446677344632	0.00783813387106549	0.0173074352561791	0.004223064376222	0.00891747231706432	0.00681473183942646	0.00896644626332036	0.0186626493248415	0.0501324446622741	0.00569687821886922	0.0475616638239631	0.0772586041150003	0.0136475727468954	0.0286279469267601	0.0140689192195233	0.0075481580723394	0.0164284780022806	0.00323484436687695	0.0126374623565385	0.0173844900769635	0.0424830693524195	0.00910536380770521
"SRR13358099"	0.0595239407367532	0.0407992733869893	0.0250372384793921	0.168375164264448	0.0354168744347905	0.0181416672353382	0.0126240720763059	0.0987086773806651	0.052149962757378	0.0431390468929183	0.00897957065292588	0.0365834418171463	0.030378677083186	0.0325216098992723	0.0172637714601781	0.0434781428775656	0.0370709602355155	0.0233587843751563	0.00303366293554239	0.0375444363145133	0.0392787601063021	0.0164788993290419	0.0178356950006057	0.0506138996936025	0.0979332953563042	0.0269932193675503	0.0226572321083047	0.0794114605273703	0.0471494184724492	0.0240927086953018	0.00834718998421163	0.0429440154984584	0.00247114402322898	0.0552440251119596	0.0100873226791621	0.158939464103208	0.0711071790064594	0.0445273256937712	0.0172866246104601	0.0209955849678571	0.0557470709957105	0.00345106306594768	0.0280959827757955	0.0358923019357596	0.0109553881639203	0.0237105172615986	0.00893876529165268	0.0421253284890568	0.0361403661593347	0.0458654354623162	0.0502366445664233	0.0159218238732589	0.0650533198887652	0.0283433718078742	0.054570666080048	0.00112140188197862	0.0702349248818141	0.0307080358671876	0.0298560737979632	0.0147805946664969	0.0405652108960724	0.0324489569029191	0.0240821783958593	0.00279956853438995	0.0236950730530473	0.0486340498694697	0.124836882407468	0.022611311728603	0.0960224420213407	0.0428171214045813	0.0276596850249478	0.0256309110891694	0.0465332702985689	0.0147452457917529	0.0352825225419234	0.0103730786829855	0.0266606658654086	0.014338553719247	0.0776074227401938	0.0249911192050476
"SRR13358094"	0.709663418292285	0.722024113756508	0.619882850666408	0.496534143784604	0.374782142127324	0.461003281107135	0.397590128572571	0.623717734380532	0.427132842615269	0.348731375111925	0.720189199505912	0.516957363030504	0.623933665806949	0.667150131460149	0.29292892631059	0.684639618422999	0.702812082504047	0.372247511077162	0.545155731304733	0.516892701965133	0.55915659568832	0.51450541864276	0.691892561075124	0.641165014317883	0.851669375039984	0.829564793892343	0.394171626740234	0.798309641217537	0.759500010598333	0.705601210221509	0.655205592372548	0.499669935517093	0.301442340413612	0.441126134760097	0.759939877345151	0.691423559467262	0.623111098127722	0.299306124762239	0.797545092890382	0.397893753432898	0.568394426803221	0.381864278999801	0.635991832827366	0.711078917374317	0.468810571228238	0.606339556832198	0.328888535286284	0.396296062769855	0.438195133995834	0.753640003390284	0.471229808358407	0.367842931160173	0.510937563855921	0.694873767230782	0.680414378073098	0.456384427197164	0.674781933510287	0.832194719494967	0.493495700617512	0.812680441291346	0.602865731501794	0.811333616166182	0.453877989169173	0.380913579492266	0.739128644779759	0.550963467465532	0.774835151367528	0.678279341586908	0.748437285752887	0.683506753773718	0.42459088902074	0.849198582336467	0.829947579673539	0.618790901267492	0.474001369623415	0.33599668015707	0.711531512029005	0.609319024390699	0.806067833129996	0.570733810672362
"SRR13358093"	0.889809483944188	0.976957465933012	0.916160366739436	0.723414852359516	0.670470585141965	0.942743792330675	0.823869154628237	0.946905710872478	0.799362941941052	0.899717008533355	0.91891536822473	0.893792482930219	0.972128776983879	0.950269848086857	0.68358689721532	0.871453493240383	0.893728163295839	0.848972596138831	0.901386134907651	0.851092315595591	0.911291421759942	0.932833379396445	0.896243600043608	0.804629878284958	0.97980363444825	0.919810243472686	0.735576988079396	0.814100421812635	0.950114887882864	0.899765795448861	0.92394156761357	0.774755782661601	0.950495283214352	0.813307348911565	0.884983653243692	0.951636447856699	0.853641540170799	0.698556308356195	0.929168991196764	0.915009654074322	0.927036972365397	0.815417043642552	0.907132529736485	0.835622442203721	0.877422037393508	0.91315491180715	0.711752617931872	0.749722403573102	0.695558125001275	0.948816386319672	0.894961061800037	0.723677109906097	0.864485157148973	0.913607460595724	0.912107441353478	0.847012082642709	0.939289674388952	0.950000754235336	0.803592835910985	0.855879670018563	0.810272262437133	0.979640845343739	0.650054238307832	0.888594545951305	0.905724629061798	0.727841497430033	0.975235075997044	0.961609603944307	0.924540985826112	0.956774720406	0.684498872188186	0.917772635066567	0.950589513982044	0.953025925183406	0.91777732359031	0.882581639473921	0.880161534475811	0.920680883187057	0.953386579670862	0.874425112018923
"SRR13358092"	0.980504308980752	0.985762383784935	0.979200767600008	0.841883747289168	0.900980953422374	0.970645252135964	0.964637377908502	0.984097208644098	0.813288398595733	0.935227018762262	0.978210940695763	0.889463931536665	0.973092252431522	0.989227993317285	0.965794206155112	0.905556304593971	0.987104828255139	0.973286041420158	0.965303861746479	0.983776084089936	0.934250900599424	0.962083340948558	0.967602713447462	0.830904484337442	0.994897248629487	0.941363096930518	0.833818460251243	0.899693199953081	0.973911991467708	0.88662701692855	0.985776130911599	0.851645608555942	0.972240964466343	0.898573095273785	0.92610645955499	0.98931489912463	0.948233478458754	0.959748847943004	0.935241356988481	0.967971783330771	0.955698971982852	0.990535920166692	0.953254173791734	0.917801619329982	0.911164759881595	0.968761606253779	0.922146611550163	0.818851720738179	0.934546351415648	0.983894950504833	0.935730376650834	0.962519355808275	0.88570995159895	0.972814496672086	0.96082102522715	0.987272610484442	0.94436296309141	0.985215419241982	0.936085014046884	0.893505196371771	0.830321660626991	0.98659318567733	0.953322722326884	0.990281564150943	0.910044576394883	0.945949068569499	0.953058619635559	0.954325463107364	0.943736521675313	0.964953822943741	0.8669029097806	0.95941579299303	0.949005892326558	0.944459583731091	0.949507076611391	0.96028902360988	0.871950883094011	0.925109704149126	0.986140319508944	0.964816844139976
"SRR13358091"	0.908188505265256	0.965043398028749	0.959518267071494	0.506725493223954	0.537704571197798	0.912673552853807	0.679274150624913	0.788551645558159	0.495022149788222	0.575960147841045	0.770614103428931	0.650891448230192	0.978587201809873	0.927967260286159	0.887612918788129	0.596414015848401	0.940854684346241	0.836351424823096	0.885655115194349	0.972777866240338	0.644957736306902	0.537201691899613	0.863794277901573	0.692797259264529	0.997105329113095	0.888528792594468	0.695141481775015	0.674123750718992	0.93093375782675	0.661953637504196	0.991426102074914	0.641232542050218	0.421241339400897	0.622630758365209	0.801522025021381	0.965143121726712	0.742261193798507	0.767191644627672	0.924000297203886	0.905464206316622	0.908568304266402	0.973815169374023	0.818132097326131	0.781853679663635	0.798284546216611	0.896917406162887	0.851470325824898	0.547685077378463	0.786889441070453	0.97789545820753	0.73336085615524	0.785434218597781	0.481083756819605	0.960949969526523	0.647511633923752	0.862954487020776	0.820992033231474	0.994762313638483	0.657028005129244	0.726712794116236	0.674698846385328	0.921555907918069	0.854762390190679	0.980975650141938	0.702010445001513	0.878666664982321	0.964690242830328	0.75838210831616	0.85767117584069	0.762451685755773	0.437060653384487	0.827080407103347	0.835106037204017	0.733252418686531	0.741771510718295	0.864162913637884	0.569084261844897	0.856520820131191	0.947119894988634	0.759638172128061
"SRR13358086"	0.925398044609208	0.913611193665885	0.903712560916812	0.833987271982311	0.795566402209252	0.786979904884639	0.904612385968797	0.935645084977028	0.779470559976375	0.81883066159367	0.936996248333898	0.880205708828983	0.807328545898283	0.85601572909365	0.858320335162418	0.814934407493501	0.901405751690319	0.826758869643323	0.926203278233247	0.824265770818263	0.912074711336426	0.908330457574998	0.890892636203804	0.609303040512914	0.773973452241803	0.748766289596998	0.66741283388987	0.850778751170403	0.859882381102295	0.869373111821983	0.868084499157218	0.613434662709115	0.962160649829452	0.808199472661431	0.894543256067392	0.777253705190043	0.88271682183096	0.638272357576582	0.878665191034226	0.703885828578782	0.799939973414113	0.892823062451677	0.873851970444717	0.674752222441822	0.875251048403539	0.833405241476468	0.642161616973889	0.714258451790759	0.764858713733134	0.832761514787506	0.856715675857524	0.935824573188324	0.791426412426014	0.914556268296451	0.777060324319081	0.961787366507933	0.905807086208896	0.850716180704592	0.771575909217852	0.733227281813752	0.639587803179237	0.921097195773065	0.740499482603216	0.932137512211915	0.830176150092637	0.825048971575685	0.84174265925471	0.91030963081715	0.747845801736699	0.982313579796341	0.597437006306222	0.923423001599029	0.861759295693085	0.890468170202618	0.856246311471167	0.887048970351587	0.898095615379712	0.843507409114506	0.826505041812064	0.83389804947318
"SRR13358085"	0.999380431005363	0.999946440500427	0.999212755043126	0.984178866413318	0.989422578123547	0.999422690942659	0.998820576007729	0.997206503237031	0.995050986598674	0.999876393215727	0.998560758875688	0.999091843004512	0.999887099121371	0.999477019093525	0.999919655123368	0.999547026677095	0.999931777542211	0.999212842090721	0.999880207509381	0.999766381598704	0.999917753713113	0.999660012242638	0.997608084775291	0.998922474603387	0.999978970867747	0.999914354950598	0.999556084385222	0.998451266976802	0.999972383373031	0.999746010616623	0.999917556816417	0.999560941021864	0.999754537680584	0.999000818876914	0.999851487281268	0.999634168578767	0.999684593880483	0.99981559692062	0.999645979099272	0.999909507352527	0.999512193702312	0.999762780010351	0.999858830677701	0.999969225914052	0.998008786092515	0.999854122953432	0.99724982829376	0.996574398860095	0.998034132819181	0.999269879414108	0.998176210727809	0.996998332124938	0.998787786540333	0.999613145563429	0.995087590878968	0.999884608135639	0.999754450973701	0.999981737999346	0.998757888572335	0.999145300590124	0.999462803045872	0.999970000514374	0.997094715405907	0.999915793164682	0.999803691995499	0.994787967575748	0.999295340084113	0.99992138404748	0.999911584669121	0.996810413604669	0.99878107127816	0.999332256774012	0.999842138027249	0.997507868239629	0.999495396010088	0.999411147405099	0.999730691231607	0.99910957498655	0.999290533943674	0.999378306625515
"SRR13358084"	0.981442061199682	0.999005479396116	0.99111753753035	0.981013657615008	0.993091438066765	0.994491058212984	0.990369436443354	0.986547828908156	0.970050923147031	0.999825573625242	0.992064051325147	0.999673822639055	0.999316969019672	0.991579625297799	0.999832971822015	0.999136009778789	0.999928526444011	0.997018206268815	0.986094249870914	0.869132787345264	0.999840456803712	0.999869489675017	0.965479526656746	0.990840615986473	0.99993878252155	0.988281593237083	0.996812390936914	0.984745320811995	0.999589303148689	0.998835901430066	0.99628845892235	0.930040460357011	0.999460964239039	0.98138307585146	0.997650859477529	0.993976870054175	0.999582196462322	0.999786232864198	0.994027391091048	0.998759479733054	0.997911095612775	0.97537454156885	0.998890448674924	0.996322770343227	0.99060075645204	0.999755392266532	0.940782482412611	0.990141258995002	0.938619068125298	0.998304702867238	0.990094311956934	0.997494238272644	0.991457421886087	0.999539253915008	0.98497848122633	0.999900676789626	0.996964655512608	0.981082299474292	0.997460519126851	0.993894085526473	0.997895528887327	0.997894585945839	0.952351649084441	0.989209118428183	0.915231952944856	0.967372288822204	0.991453045921491	0.998901540755917	0.996347270215966	0.998150253220065	0.986914390194452	0.997098145873041	0.999969834774302	0.999648873300199	0.992747151073632	0.995303035275731	0.990805678466472	0.999054500871834	0.999777897367496	0.996721488283523
"SRR13358083"	0.994790452723244	0.999966007232575	0.999435611184625	0.99433288790694	0.970153609878737	0.99967211627373	0.99555101311382	0.998720917514322	0.932697398981506	0.999554851240939	0.973953325049534	0.999866368072318	0.999949614023755	0.999675247465172	0.999582090847486	0.999196637910834	0.999567936836061	0.998790945248652	0.999476598139562	0.999570032956045	0.999190109155197	0.999846211717955	0.990755124226047	0.996774239443058	0.999977122090035	0.998561352430331	0.998967238923998	0.996286333052307	0.999903852957659	0.998661759495569	0.999966103026783	0.997346323321142	0.99934952115874	0.988853931749458	0.995391925397896	0.999636266740951	0.999189077512999	0.999089975200771	0.999531094620222	0.999772736327838	0.999868150461976	0.982503002336765	0.999487082442509	0.997244423281304	0.999722443595716	0.999581795826524	0.991168866217199	0.991366823340378	0.982684157240873	0.999492084877397	0.995431982410684	0.995219834371292	0.994743315127488	0.999269236325919	0.989256968038822	0.999958683804657	0.99932508480297	0.999908991853353	0.998801624827985	0.996075666750834	0.998244739899994	0.999921105089191	0.994608837529946	0.999906327701474	0.999414927797756	0.995953559036673	0.999423957502461	0.999762093018453	0.998859757123566	0.998438391970053	0.997244813667826	0.996385656893973	0.999888931802623	0.999334812224059	0.998453966106673	0.999482986767872	0.997666619319444	0.999730625389536	0.999462326998701	0.998189324567878
"SRR13358081"	0.986925220495449	0.999709377342386	0.997497884233303	0.963110420257832	0.968929119055398	0.993070903826761	0.984924155183657	0.986201974839989	0.990641291689517	0.9965823550075	0.97851862856088	0.994432164800491	0.999494817546512	0.983527779704089	0.996319173628936	0.975408432573697	0.988808876371522	0.993910695990491	0.997639313722404	0.992653449678483	0.994228376760735	0.999191865028526	0.992379554803495	0.964278744688105	0.999551371142313	0.992226713681553	0.980817524834655	0.947448919602903	0.996874310217638	0.973337852728784	0.997436417955963	0.966249208060938	0.999502219129877	0.986945087950041	0.978432145873796	0.989603737749793	0.997377967028762	0.996016870671002	0.997159601248405	0.998469793550191	0.988655382123981	0.996956994396573	0.994824044660971	0.995399164919816	0.99568282716404	0.991148891668904	0.993519010859144	0.996506443463424	0.989980651383021	0.999011090482479	0.989795004389674	0.977748421366289	0.940305079490407	0.962696299185116	0.987970631690358	0.999330622758338	0.992712176588874	0.99531954243243	0.975381995951586	0.981011361506064	0.996183228129389	0.9982885595064	0.990901605923367	0.998638875861552	0.986104584864476	0.996705754735448	0.996952191788895	0.99802304799654	0.990962288246453	0.995315674382001	0.991854148194207	0.982595488232788	0.995009115326634	0.999590530455975	0.991819934400428	0.995880983420113	0.986474108145671	0.986385278760553	0.984607989402482	0.994600430085284
"SRR13358080"	0.996788311689986	0.998564439278039	0.996150510936444	0.983972253678798	0.979969199723622	0.996636097405937	0.996393581302649	0.990768949987244	0.993204277095765	0.997173519481931	0.991872653268178	0.991710490836623	0.998637434757792	0.989532186902807	0.998834463382485	0.992461346696473	0.994619933050221	0.991078934052888	0.996002253890168	0.994645294176661	0.993642136508998	0.992833044215022	0.991445335314996	0.992063001153138	0.998758641398293	0.996745278024371	0.986232145605408	0.992257814514289	0.997806202798842	0.994921247354272	0.996692310861934	0.991049675217197	0.998792284729767	0.988237929705388	0.991530947764982	0.99030562960236	0.996410825480271	0.99544625393708	0.998174447814846	0.997464524857984	0.975122101567399	0.997937071236264	0.994926839414798	0.998322050443522	0.989541474723423	0.993214717049099	0.994257078308104	0.99827111794942	0.996709275032102	0.994799762557657	0.992824403418373	0.988305604108254	0.987307317725378	0.982532375111755	0.994901353281848	0.998894407558074	0.997629714320934	0.98642296603164	0.991460246838423	0.985443964180489	0.999031283884742	0.994329637678665	0.97540640897123	0.994446111497785	0.995365037957639	0.991484811947402	0.993819096856385	0.995942234541349	0.993916055865567	0.996925172954196	0.997166088804722	0.997476216021216	0.998016397746449	0.999632868308153	0.997645538044898	0.995552892098219	0.990616622325105	0.983718500587614	0.993938642957824	0.996910681623778
"SRR13358079"	0.907822195815161	0.964530243495737	0.928167749643158	0.535451694043692	0.6807915213637	0.922848961046236	0.844146651463272	0.887867153929829	0.581977263238615	0.730838818361792	0.936085027038546	0.641684925441848	0.901424599742983	0.953578586675155	0.902467984713739	0.700532571743442	0.888030434296558	0.943027206031471	0.871105857760519	0.836246745582847	0.844571849337506	0.886092291601326	0.773892825082684	0.646022096114372	0.979108642649804	0.938187904423409	0.907841730811643	0.593634244530793	0.918781357794534	0.679543143400159	0.940999808241601	0.853063299684463	0.850040600482298	0.464211719573706	0.658229415192532	0.962173189529373	0.730077787724526	0.68135966039727	0.837280634500956	0.876767819839645	0.729197038813852	0.971608647304766	0.969910378142973	0.985645457989138	0.580325950442875	0.829630633089482	0.911947242322771	0.50685498798603	0.832962823794194	0.934518901895134	0.78801114882052	0.658721912784826	0.841190328723188	0.709118555701081	0.863486457342537	0.888327999196173	0.870060680176791	0.983717381325458	0.909320153008315	0.964154847856491	0.828453161420271	0.86642739823629	0.792741222210153	0.973946342480659	0.95172396198819	0.833004756536036	0.894142890427019	0.838820692459873	0.923796114531854	0.940396682434505	0.805432290665057	0.866879406863866	0.83715424612096	0.834122979747455	0.810279327914927	0.712710790376013	0.441657608339139	0.840627145251926	0.900508865286644	0.775334714605449
"SRR13358078"	0.368150225785165	0.638638124541603	0.554375779497765	0.118300439825201	0.143470859943157	0.558361770497188	0.1204354134756	0.315437594665609	0.0585005799870665	0.091981749288935	0.385752080995299	0.162235145839481	0.424132390245183	0.543561390380169	0.313303558700984	0.190196461199654	0.516602339355292	0.445142485225757	0.332689515172966	0.358191047358372	0.250749277745318	0.308582629746489	0.350914301476627	0.177279376690152	0.630879321734477	0.275524567270418	0.191951193054399	0.136164092775248	0.55075119282875	0.231714915652938	0.656847167224148	0.171373732444745	0.0823017277761564	0.0375588357094721	0.123659848388633	0.403242744209551	0.15656960016147	0.0731234074786407	0.329256288270787	0.310564768175521	0.206651060189985	0.635088904910514	0.410669800030664	0.368582778427749	0.184085933605233	0.322461969783316	0.463611291890229	0.100784670799249	0.426327843444686	0.588918620860182	0.218867681629697	0.131255915129284	0.231281819681803	0.333125337568152	0.294397852227599	0.278415080789734	0.326664049586266	0.722516918013199	0.378894696994432	0.481896619438377	0.209948214959708	0.321695117126375	0.172591553677393	0.711583773556517	0.386009889175623	0.382853156299723	0.635982757309092	0.232091492147119	0.211500149283515	0.347670672651416	0.0640301320377535	0.29405227498675	0.317983833991196	0.219207484930683	0.162324955114728	0.337685525480239	0.0291256989852495	0.451652651600337	0.483190915550163	0.128880966738869
"SRR13358073"	0.040924085541808	0.0195319446386612	0.0358269771938607	0.0110906819318455	0.0182693772548749	0.00431910324305609	0.0380853217971855	0.0174320299952108	0.00450754619549307	0.00106133888010022	0.0137374047884146	0.0046948614491612	0.00265749423007371	0.00921430499681118	0.00630651052837218	0.0121145164603251	0.00472032076224167	0.0436381207243291	0.00981834875303059	0.0237992703422154	0.00147728613406537	0.0033654839344287	0.0163449679078499	0.0198933362190226	0.017378948796204	0.0160907022913889	0.00721857313569006	0.00891874565073639	0.0067696075870345	0.00546431371596893	0.0722746275942247	0.00378172869272771	0.000836406560648559	0.00431181414203296	0.0332923184435133	0.0086052700493116	0.00707840177492759	0.00145252722144359	0.017275433842153	0.00327632333725123	0.00695799009371348	0.0152571819993367	0.00359859139432782	0.00419789461236083	0.00265271357153056	0.0314385127730918	0.0134016681364804	0.00594475201426596	0.0358214369746277	0.00691558870982371	0.00538590586547627	0.0148100066116454	0.00756181440255986	0.0171659313036316	0.0122943497104544	0.00765193337814851	0.0109484188837871	0.00476597344160772	0.00471053029678034	0.00993798070341919	0.00904181404574927	0.000533827385495248	0.0140709288468	0.0381685714602417	0.00211872569850107	0.00934469380330188	0.00268454101989193	0.00300061813739456	0.00109219060949869	0.0810359590250528	0.0069330119720974	0.0405179237496305	0.00532450722923686	0.00889088785611448	0.0106542306090367	0.00150521171100631	0.00665337817856154	0.00856869705222209	0.0252278679225645	0.0024816635963303
"SRR13358069"	0.264621265036355	0.267827671140986	0.119226849789646	0.292849563434806	0.0972142986939771	0.0837349736951921	0.155039046870952	0.262555838076902	0.274238813296348	0.0636613090368358	0.182607030699213	0.148816678146366	0.0955974116708053	0.0519880060351288	0.213950488311093	0.11184987568327	0.0794531395360843	0.253569795706741	0.041184405384944	0.163229494256737	0.0419956690791173	0.0829668975633372	0.120373187962505	0.0406180824981872	0.328259196772705	0.0793755801489218	0.0896214800077961	0.281416794995626	0.0539539437719713	0.0529517268317181	0.0654020395784285	0.0926457753734635	0.269590687846791	0.215017702092071	0.050743128383058	0.106873794528318	0.101989704567403	0.0255225878776264	0.278679538626761	0.0591717388459502	0.0844942460001771	0.156445028556239	0.0786976829649976	0.0678290748100403	0.0899594736652783	0.139635691953234	0.0607818216599714	0.0865786837972168	0.291649710994352	0.243036388354505	0.162325868794526	0.416793858656276	0.0967475907494344	0.173219803549959	0.218689536442893	0.0626318009397825	0.0781120436656166	0.063421914713353	0.0303599027183227	0.0959083245886885	0.0484548459268906	0.0311894396039133	0.107932559420386	0.0906860210616092	0.0511119667059016	0.118984000939018	0.18713265299124	0.0400893036029596	0.0421212111659075	0.45423811051552	0.146446878456228	0.088259551715375	0.097601927441881	0.303781876516671	0.0865507994956854	0.149644906981275	0.187553909724315	0.0891464354106597	0.171895914703319	0.0200318391235813
"SRR13358068"	0.237612574136906	0.284504809130589	0.120339503053285	0.283713907516499	0.161611044662228	0.12935842180926	0.163477769033384	0.158434873366182	0.397448219344824	0.0947244731007573	0.308245776220246	0.17093323615527	0.0862195610504217	0.0354047924015785	0.176457839884527	0.0916730136920709	0.169033162121061	0.299408968771462	0.0684148182139784	0.252217785019484	0.0741818271430329	0.145873696966696	0.173047259238729	0.0499972625414514	0.377397634276851	0.0751603654616144	0.128042157203738	0.278373437192748	0.0666893004792908	0.0695804792872018	0.0808597912929727	0.105405371327774	0.252009554882263	0.295380288919672	0.0840944612403437	0.0767029884858071	0.0988341278041677	0.0212174400259219	0.192319867705695	0.0519841950176259	0.116281277810123	0.165114631513049	0.145473064558725	0.0511227066219384	0.189569595479961	0.241465416168686	0.0496356891727338	0.130958536971798	0.312571121540166	0.238002428960066	0.143917175211471	0.382201648959831	0.0900245643616837	0.325619899636782	0.240489557529839	0.114488450480982	0.0971436669170561	0.0599203261435294	0.044260839189563	0.148906036907069	0.07413143360309	0.056389292412122	0.135822209705778	0.101881975431396	0.0761919791125758	0.207799555246301	0.156636797941976	0.0650297026211758	0.0614423865112529	0.368143252935218	0.120968191188203	0.152618759107099	0.1552560544122	0.220774186003246	0.0731181583921213	0.148555358651721	0.240901025291665	0.127273433045135	0.186630595496481	0.0289141221489773
"SRR13358067"	0.411034551114303	0.624994315028702	0.204404876887313	0.303447776568122	0.282172707599235	0.335515281158711	0.193821838225769	0.293182982921568	0.475309561485631	0.216682101143166	0.429603609626036	0.339698982525441	0.219200528643209	0.118042999202491	0.292116105926446	0.224350403695299	0.195587846677468	0.603400140650734	0.182996313661476	0.453655293093791	0.171758871185696	0.253568123318656	0.338835346785326	0.209366608269813	0.612226444958119	0.12538371945908	0.411876137664309	0.489455618532424	0.408578546455704	0.231920187237796	0.202932216936249	0.320001350320002	0.475495264501317	0.455396222335925	0.295203762763067	0.261317664598562	0.323349922172651	0.114155123829665	0.220802111010397	0.125267454200238	0.272852233869468	0.189828260172923	0.305799921667415	0.14472372883778	0.269088460276906	0.475693052804404	0.189792681846402	0.132705725012376	0.387635427129192	0.549876031522463	0.270894050791547	0.366779787042704	0.269175730956824	0.388452216102255	0.255901782629691	0.185045940288272	0.209856249729281	0.199064254620799	0.114991413200889	0.298219384986688	0.245903117764645	0.251414185355732	0.346120065298943	0.206335794290122	0.252521111784167	0.444194140950574	0.351821363882	0.15374774681756	0.268234398606538	0.503066946932219	0.159019243899125	0.167182319265918	0.304012317916062	0.314374243814743	0.22373438371684	0.339100992750368	0.326344824307988	0.262727914500698	0.329954825210527	0.113002166110665
"SRR13358066"	0.409398124967528	0.329419976378633	0.19564994523322	0.283894399104386	0.158393735517976	0.170400411575279	0.241001062781394	0.122749395451022	0.34324040914732	0.128115966460475	0.303220405474523	0.240773272075541	0.11430518366166	0.0622639893054389	0.272066704932336	0.144226380875406	0.137039030805889	0.268075606192278	0.103946504969836	0.335966022208858	0.0660937806640726	0.0476410858524903	0.274643624994385	0.0468222362013558	0.419108549956316	0.116978060589297	0.106055973179331	0.450930350063076	0.0957373022806202	0.0663534844415298	0.132250604307974	0.110050321236649	0.132344185516447	0.401687272955496	0.109660462450709	0.123990382848062	0.151349328029539	0.0357517152126358	0.34107745527502	0.0517150216430142	0.144859459226182	0.212514913043676	0.152807044077154	0.0679079196345459	0.247945712504473	0.344543815792444	0.118709392954875	0.0732115704381437	0.368254655684562	0.18584055172442	0.257989916159327	0.540728709514221	0.137760697012297	0.50146109977171	0.214789999166874	0.144741603953806	0.158039487335099	0.216848424785928	0.0707681790795656	0.159573490524457	0.0881485944739492	0.0616903631528218	0.24814756913567	0.144393939749651	0.076490439157484	0.236591703704209	0.161469781499388	0.0934429848100865	0.195158752676937	0.510194797726807	0.0715680999234765	0.211177275290382	0.136889858391824	0.0870496563282487	0.206060551710408	0.216254336373152	0.263056831446862	0.173700690264967	0.125876952485928	0.0467428409591665
"SRR13358061"	0.869356117064652	0.977722582321614	0.945546906129587	0.622516720620941	0.684151006549619	0.956076592945919	0.702223894057687	0.687575927204199	0.834754478866616	0.923224832398384	0.733729578596309	0.721095299512471	0.985523083404789	0.941814024408728	0.940017976422292	0.774691491200571	0.921684279681166	0.775595999972053	0.93198360263934	0.922156722316269	0.930072675687301	0.358569896835744	0.87242728838248	0.754899337231067	0.993175682262737	0.898745423466523	0.810398984233988	0.571932458004945	0.929018841893042	0.9029159480237	0.969308305472529	0.748344979516195	0.572246585058426	0.740055072405526	0.705589689923848	0.934710452339014	0.892525416006581	0.924127369970166	0.939779463060997	0.95183854785394	0.921105179296213	0.981154567216449	0.911129850595871	0.958968117797582	0.948817119326841	0.831344818293824	0.891299810313477	0.499666635579945	0.623341134302427	0.962590238088971	0.823334845114162	0.821863832180283	0.724213535052883	0.979197389678149	0.893683464496679	0.989038608747817	0.867869612563805	0.992431112609635	0.897660545439872	0.869025955738865	0.870723163743676	0.945536363606977	0.892727530958483	0.958111851742185	0.849673372290401	0.852275710419662	0.975383561051497	0.954876315921211	0.924790481155911	0.783315667682221	0.624366798694833	0.942182545089047	0.930030666270948	0.756309439466939	0.843573025351844	0.934968951965516	0.744722403114586	0.981220760325014	0.925004025041509	0.852893163671019
"SRR13358060"	0.992337604067998	0.99691896701188	0.988041690939001	0.977120361739163	0.97686173477809	0.989323636607209	0.993843147766693	0.988533056848991	0.995237182702718	0.998185892157336	0.996151154889569	0.993396903846624	0.995397102502457	0.963601820116634	0.996436556723005	0.985445226814917	0.985009224595083	0.989539866394828	0.995002717887172	0.971085616431648	0.994619606042586	0.996208162577753	0.989707292481183	0.936831033061643	0.999319949718283	0.98428734150188	0.971197489683274	0.948771303053766	0.990023563653792	0.984067437125344	0.979108996107086	0.96573400234642	0.996938222411674	0.994615367780877	0.981079452050239	0.997211491010743	0.996660484473889	0.993519321548135	0.983612195439237	0.988707305483388	0.989275789035011	0.973062960940792	0.992517667742392	0.990890252433139	0.995256815570223	0.993037773294538	0.998733700857761	0.976216524317729	0.974996639679296	0.983657814107991	0.988493481667178	0.999914072587856	0.985862219815937	0.999954910173175	0.984939982056859	0.996937860267145	0.994802789753566	0.968986609420301	0.988352831459168	0.925309302067596	0.996445212782027	0.995069771976061	0.997109316394777	0.980750283789701	0.981019539169396	0.976846092495598	0.981484945335905	0.998961908772439	0.991670952348872	0.999928653833566	0.967222525115408	0.992383526155554	0.990830683630331	0.994462246078631	0.998032187815993	0.995173836290929	0.996850650715931	0.992352016775105	0.941748603253507	0.992462934814168
"SRR13358059"	0.554737094524582	0.17057702707548	0.521242513246111	0.615676277641037	0.470514524646969	0.193897095479902	0.643922088335958	0.0821587616472582	0.521776317738984	0.278294748473498	0.760426777680896	0.194254053815154	0.154682769361284	0.177874943587312	0.449580894986265	0.22187001024593	0.262177590304244	0.317303761603631	0.244895362093744	0.248016023283981	0.135839712378644	0.0939227481588392	0.473554376972622	0.121754351028288	0.301906312130954	0.485014264886387	0.201745604504827	0.226882431067145	0.180279343100849	0.213082297409533	0.510955733641471	0.265137644611487	0.123168847939994	0.523658762312013	0.269234758149616	0.178207234926725	0.42664904103713	0.306688915848391	0.405051216193021	0.226720393319633	0.173350167921264	0.30495845265177	0.531711233681177	0.242370334408626	0.183151783081582	0.284959909924418	0.127508686658763	0.32823289473262	0.390627133108169	0.300030193125443	0.283963341476181	0.730478765550608	0.272715793063251	0.518716247084725	0.271573393517301	0.31779887302378	0.652071020845925	0.316375919709352	0.195548054359007	0.287070139510077	0.228148081139292	0.0498584190060267	0.175623861159081	0.472065074015653	0.307086347812382	0.403957924730878	0.111033361446688	0.453915689244032	0.293289856804212	0.834274560820004	0.135537742734479	0.803380836504444	0.301630530887667	0.183764308066574	0.245900717295838	0.206886613017478	0.587499071247341	0.402954501772195	0.265934268574894	0.257135207278837
"SRR13358058"	0.486418894818802	0.742376147379343	0.625685489350559	0.369100716716861	0.406741598146605	0.633936962078356	0.372598691067416	0.277311109200668	0.432495866592103	0.472637973818082	0.628533285779296	0.307818537629125	0.686726248115706	0.230660908159267	0.630972620750559	0.261458982290472	0.54144016307567	0.510852534142342	0.500818411626515	0.413346535488296	0.62389341496118	0.18051813785314	0.434293821769945	0.195715594459662	0.781094456623474	0.51709697531758	0.328773018590552	0.279024697932588	0.302394182613155	0.480724493786686	0.576170707997229	0.282314213952183	0.818226285009683	0.382752247277901	0.170029443012476	0.191128980882314	0.525032193120524	0.33907281515022	0.898277040710516	0.624579467116779	0.301450067699793	0.869963093506863	0.621984729228317	0.684177970256532	0.675099383026497	0.453244822750148	0.342456594741392	0.367340481695426	0.466552004157494	0.593161571363047	0.667695732401044	0.530641810066617	0.273748242109543	0.784493694763243	0.615106549398863	0.820841138524242	0.559356102201681	0.791049071857925	0.497262799358744	0.328490082753529	0.391656127036407	0.414205004308648	0.269103183445969	0.691447403454315	0.407933728847938	0.676263049681125	0.860133731069665	0.414823389194286	0.474291721793921	0.65212732226184	0.181443267734005	0.658757935578573	0.638154890950261	0.714147745386767	0.388880953973262	0.566170514218077	0.367528717461058	0.742465529067129	0.517700051802227	0.333383008076345
"SRR13358053"	0.133819019939221	0.167614131358959	0.109637446376196	0.26492607194503	0.131970469928176	0.0639851124275849	0.169567400668996	0.247318363499558	0.0793594771002488	0.0537742573465449	0.259136671473779	0.325727694179844	0.0923894150478345	0.113916262205328	0.0397950324839423	0.250623169468188	0.122779541010147	0.237432644915192	0.14956249974495	0.130433917093706	0.0418481923904495	0.183206998217996	0.184102973856209	0.117917320626341	0.147293574953389	0.150200035523544	0.0903285897926634	0.229708990533249	0.157671386397028	0.225174730423865	0.0735073026201773	0.10563399814358	0.132898769453351	0.148603552010469	0.166149671090004	0.0899615205734748	0.0677817635644696	0.0262569309025822	0.0586424575885745	0.0389113655706065	0.107440232780633	0.0695958282083558	0.148071923590224	0.0568250856123519	0.240170219056581	0.175247133372904	0.0724147271853319	0.296595768626566	0.183621956332476	0.197476444940815	0.145232330263057	0.135201563895449	0.13359338666772	0.120543102530436	0.337976401574674	0.0227082686077723	0.115030634012503	0.0669636778802983	0.0844730444005765	0.142377281677884	0.0882407048162389	0.0964011588657202	0.158818748678245	0.0511865627441157	0.0368195017298124	0.155822106914317	0.179485805730432	0.0918833606143321	0.0918036783935759	0.188090161939167	0.189090383174026	0.167178219849834	0.153962960703942	0.0881139465731988	0.104388973530233	0.0881317676269278	0.146749504861963	0.111963348093197	0.13591773887319	0.0630067894465729
"SRR13358052"	0.201626182782208	0.356933887387481	0.28854495624152	0.326719012781103	0.282207037743987	0.188648475296203	0.267518390274915	0.240378421323418	0.1565864620835	0.127320269185422	0.43924527455149	0.361348585103069	0.186287132971168	0.141806116473128	0.139126055029306	0.249306896527183	0.188638332545598	0.434811301302301	0.282635848448225	0.273698635750789	0.111884342946688	0.136422811583153	0.236731524822099	0.172333914048448	0.42089156941808	0.165306223886358	0.236130659582976	0.228049490705733	0.184068717634528	0.232492702791346	0.190518084893234	0.274555136540375	0.194724185890857	0.214720621228846	0.134092161212723	0.115895416438236	0.147514225035493	0.0686431816943248	0.0911019604949609	0.215390782869472	0.180729783499018	0.231743909246453	0.328991130188689	0.107813869049699	0.338505450679186	0.271054315937323	0.182957007530899	0.352371174842897	0.314789737685824	0.359761686223554	0.205779490702459	0.215992805294113	0.0800544827027317	0.319416248132159	0.322783529007939	0.0750893561028398	0.186895032101605	0.0916748465164385	0.155485789486294	0.194531946041912	0.0976001900019392	0.265669224885689	0.323460649203096	0.173147573225458	0.0849348421664878	0.250327039611282	0.314228992213865	0.237059298715176	0.120692182650352	0.155865967144916	0.201300542099171	0.180698577598097	0.167606658192141	0.237272176254969	0.200444461390914	0.269466682315832	0.156279618633556	0.222455756405176	0.29038066982748	0.0965574378152236
"SRR13358051"	0.0902107829630668	0.157196736648477	0.123423506724685	0.223501942856473	0.125564551295839	0.0618630974517769	0.0424133168502021	0.324490718827787	0.0836847738101361	0.0705625254197745	0.120755258698868	0.636221418286171	0.113794178169156	0.0595537713845682	0.0201033052128214	0.355857168020936	0.12768957584694	0.0949406561576361	0.175085671671204	0.0573934645229626	0.0812072251904074	0.235192539482813	0.116996746958833	0.201822041531516	0.216673700340902	0.152697153624842	0.182154289988976	0.143058364680826	0.0873095412595168	0.142363853141183	0.0851739538243476	0.222234583086758	0.0506586772690246	0.0789220029576152	0.0635434380082974	0.0438232575545731	0.162149754623639	0.0163257432360794	0.0354815136322264	0.140722126476746	0.167773898869268	0.0137136151896026	0.24183698772467	0.105286578507317	0.329946130756019	0.107575993054541	0.0717529722905967	0.247655639974057	0.0826354719766298	0.30805264533684	0.0859021264797782	0.0879059769578159	0.0624361450866086	0.116254967311244	0.204863454387303	0.0345458999424976	0.156592150130825	0.0315516433503551	0.163398458697656	0.140208912387946	0.180218291693636	0.175738161357151	0.239735158585605	0.019163596277772	0.135031690275678	0.254725832342211	0.323233169837252	0.20743539862831	0.168062132170449	0.175741702821783	0.252066314529927	0.0998472985798909	0.259138924851912	0.253324134591546	0.0967757206681766	0.0411656522689093	0.142395324690991	0.199617124534022	0.0971794629344208	0.111478501297427
"SRR13358050"	0.714571723137733	0.700949395910085	0.815993972658927	0.596735150073359	0.691863258490848	0.49820085578251	0.624970033761942	0.488176207252117	0.667536001936086	0.537308465024423	0.742900636615772	0.691883039995497	0.57974013093219	0.391989714582915	0.591819002442241	0.63344473083328	0.609586615923875	0.761396316594205	0.650349882399903	0.711603125037079	0.521784742703492	0.657826153552632	0.642547261967416	0.600662508747923	0.740971020125225	0.634718242448054	0.737473684596003	0.738841901023107	0.685413438720158	0.476552634386287	0.805768193386205	0.616899328263971	0.325671650111998	0.684250965596133	0.849700344050158	0.744238301200968	0.643858285251341	0.604873269901727	0.688526072674873	0.589266166054615	0.492270807921809	0.585775095610365	0.708082978501306	0.702459629067287	0.60768829130742	0.708020144756409	0.661577095762207	0.649340966391479	0.595410979016229	0.736266988969651	0.627066632187194	0.833158380875677	0.482718002514432	0.778689288044997	0.607233498905342	0.724122537195842	0.677346531341204	0.63592365230003	0.577396633144835	0.777156438250965	0.414521586838012	0.560110824129183	0.770844652802473	0.805535071668563	0.479983804911687	0.772150217490773	0.447941909800586	0.564303369536626	0.474342914412172	0.697029081241914	0.735605436181003	0.64128060715009	0.504887848871741	0.617144997919943	0.66394866377472	0.590948693379764	0.511228763481703	0.499224330266965	0.609775992733158	0.59802588790853
"SRR13358046"	0.021454554572339	0.0159416170951656	0.0580605232315869	0.0243526359423686	0.028265390610265	0.00838515876602398	0.0225479415313532	0.00809002623529331	0.0256215786126008	0.00556986164307055	0.00559460692660491	0.0140376098930319	0.00532650786143438	0.0147198465072747	0.00635958092019037	0.0613663481740235	0.0151674380639056	0.0135138060958001	0.0264009242092252	0.0239537660949896	0.0063790240068404	0.00692538777039678	0.0310099829031762	0.055477999328242	0.0135073182704294	0.0471024983500801	0.0383418264611567	0.0495579993288366	0.0202353072849961	0.0274960964558597	0.0352852659274925	0.0232618217146532	0.00260931668486838	0.0172047159118969	0.0734078891339876	0.00505255027955883	0.0176012332204368	0.0017215317212068	0.0086509817515737	0.00432224017206623	0.0120308768637606	0.0182832969963576	0.0122556195105568	0.0787108846355675	0.0623805677015405	0.0137234293984132	0.0303077247730228	0.0363035108905638	0.0241151472407152	0.0250150329502866	0.0104523627542382	0.0260101599061075	0.00741630100798603	0.0239163489884763	0.0096525231052082	0.038829915568043	0.0108246497635649	0.0152603828006037	0.00703756615333365	0.0641542196033869	0.00945933016135007	0.00369198544582357	0.024205606199548	0.0140098198626277	0.0108640940668107	0.0303773773896696	0.0065752005143201	0.00336133786925494	0.00444396608490336	0.0096357133065484	0.0236870654026673	0.0248293157385881	0.00796064366807005	0.00920399100060413	0.00412897452100934	0.00509460324376279	0.00799467900095227	0.0247322050447105	0.0401243965516502	0.0312089312380122
"SRR13358045"	0.98158810955892	0.995723687553364	0.982604377470965	0.989865873405995	0.967133721525784	0.989334518638317	0.987947203299176	0.968463266509677	0.98339140716756	0.987925934391208	0.985601952001141	0.98723449600531	0.998235609985072	0.980327242187576	0.991777655310136	0.979237890481404	0.980463374936415	0.977973609701361	0.996091192356475	0.995782022867049	0.989862117885432	0.983394856747462	0.991800867732705	0.956762620674615	0.998876509112511	0.993728503783944	0.971867911081712	0.96376168549715	0.996266589412651	0.995306249984978	0.996185694381603	0.979327919578283	0.984844382971146	0.980455991243863	0.994111981806652	0.966816568739275	0.994116704896164	0.978729522439361	0.989305585860373	0.986552457166395	0.983035158829736	0.98719655977747	0.98859288472528	0.975424870690667	0.997104470531214	0.994468359242632	0.979400475301375	0.995486233685673	0.978459382185095	0.990632430047841	0.938951498302693	0.995024618365656	0.939074347517635	0.996396750834651	0.966503605993519	0.991251788856459	0.986996901312332	0.988848011180749	0.964123843385808	0.963326860858922	0.993341367200993	0.99110531742005	0.944983505689536	0.989669303581354	0.966118498007273	0.991682875518553	0.990171137909114	0.984463654749441	0.952595408460315	0.97466711075863	0.982114540768705	0.995235278761865	0.995201638310172	0.996544606369015	0.9689252680023	0.987187807734377	0.985573972518634	0.995118872912612	0.991708236871287	0.986436113659455
"SRR13358044"	0.997128925539507	0.999506908406176	0.99868314215799	0.996987092205178	0.992336317801159	0.998916801813379	0.998236139694645	0.992935438879122	0.998468532870181	0.99905923000235	0.996903990587433	0.999410419429479	0.999796937780892	0.997690483902861	0.999101651980166	0.997460707923335	0.998808507494808	0.99514390104571	0.999779469679091	0.999421976539836	0.99870574660012	0.994286983788491	0.99821425324495	0.994918919108939	0.999886603779216	0.997482460898187	0.996612427657604	0.995726383235491	0.998923514763558	0.99861287077386	0.999563910677874	0.992623606686555	0.998149658082922	0.997155347134541	0.999148025194161	0.991418227667479	0.999148705108411	0.997982279737695	0.998836898386534	0.999056715562453	0.997457842548604	0.998896269416301	0.996980438299466	0.99713121020506	0.999744914043055	0.999163833749849	0.997185609857742	0.99946337460533	0.996966983983908	0.998646150482213	0.99267772067445	0.999327855742262	0.972800575356031	0.998857287230514	0.994190242208497	0.999754668715691	0.998432539038734	0.997442546141152	0.995301608445312	0.99382450106315	0.998966744409717	0.998851457357504	0.996726805561579	0.998316520956022	0.994007725380439	0.998025518703289	0.997084728529286	0.997509846310912	0.994685728230458	0.99432829399534	0.997392526836618	0.999352264678646	0.999590147194079	0.999826255503361	0.997891454465349	0.998834348016219	0.997458954165214	0.998948496850199	0.998789273101069	0.998671495828657
"SRR13358042"	0.983196357843494	0.993893329675658	0.987757063314254	0.990181666214442	0.976467152605269	0.990842214388538	0.986032082298601	0.975885088167739	0.986234223372717	0.989357868268162	0.986543434741974	0.989916298861632	0.99658538643058	0.989384834134425	0.988685334914302	0.98631884678408	0.985908691426722	0.970403637723931	0.996524366071307	0.995201732143341	0.993428520194063	0.974917241695798	0.989572268505794	0.967982483703268	0.998652372669239	0.991660092711476	0.978645678736854	0.974315198166085	0.996894607902373	0.994493897082499	0.995394173518352	0.981299179851882	0.990750619960554	0.9760097697443	0.994760155102265	0.963423341500129	0.992244039494143	0.988459387826736	0.984951828097243	0.988850953007866	0.973767555883952	0.992929751417509	0.991722823988506	0.985196810209906	0.995239627674655	0.990911888617073	0.985255152705857	0.997182923561685	0.973470908514739	0.992351710527402	0.947891300278137	0.995676205297823	0.948391698644623	0.991334612041821	0.983052849052527	0.991605338195279	0.986379919246046	0.979102809267902	0.982792897177537	0.972680235845764	0.995614145937331	0.979907682808029	0.970990895463976	0.989716057258162	0.967225966320855	0.994267571876505	0.987614580225952	0.969456478692897	0.965575207887561	0.97836933357787	0.987220543076007	0.997414281901151	0.993894695365886	0.99736155642527	0.949994443028643	0.975121691027233	0.987327299528662	0.988715131766404	0.989996283040386	0.988453998053403
"SRR13358039"	0.999225092342691	0.999994368737907	0.999764158224082	0.998810811784455	0.996288923178406	0.999931664175185	0.999841310312175	0.996851516327137	0.999962883616905	0.999992053224158	0.999990568839225	0.999933241254567	0.999998992109077	0.998838787972631	0.999977994898945	0.999838946692741	0.999951834480434	0.999949896235384	0.999994242943919	0.99992293903724	0.999858943832426	0.999983361479455	0.999748560636163	0.999790670870908	0.999997379744796	0.999653341191304	0.999203101227714	0.998869954092729	0.999869921876949	0.999618722913777	0.999970118426235	0.998783677590581	0.999510330806027	0.999936481589991	0.999881788278689	0.99987735687025	0.999818791953195	0.999995211505559	0.999734548196517	0.999990411215424	0.999970263131941	0.999965294240064	0.999883069881563	0.999768122713899	0.999989700167531	0.999936935439726	0.999887460024014	0.99934554508504	0.999622148757837	0.999994385324439	0.999687826034014	0.999875361192312	0.99954051859255	0.999966881333098	0.999854037281258	0.999999759593312	0.999909826184016	0.99991341221815	0.999975509497888	0.99940911471369	0.999987041883918	0.999989872114964	0.999979795172433	0.999910151685243	0.999375426162536	0.999302241167391	0.999790498925417	0.999995487398309	0.999836854974106	0.999059930085989	0.998796632601025	0.999807853247137	0.999981130490712	0.999955117713291	0.999966013313677	0.999988360682106	0.99967905455251	0.999993370274157	0.999879952981765	0.999760750422969
"SRR13358038"	0.876476409742261	0.676927041604828	0.793426878739932	0.805550650903643	0.64968536005393	0.591688607788025	0.889760997589896	0.54137678083134	0.731614929963197	0.583700404042764	0.916937603984835	0.557221190654787	0.389377720047255	0.53506576180431	0.889816226833083	0.468025068595813	0.511021536151641	0.703288989552129	0.660864158750724	0.358328070625971	0.390255632488901	0.468677329753004	0.736953094284529	0.188974233065789	0.460304609705878	0.814612618587826	0.400958607333485	0.513396114424574	0.574454326466761	0.398208483908411	0.847788607436622	0.439865817532106	0.760556493413814	0.576075425009227	0.470788023011887	0.266243690264955	0.839826162292764	0.540770963149661	0.749506425092852	0.533260245089454	0.298379562395139	0.794520052250401	0.844166152462928	0.75191857847855	0.412180324879652	0.523130139589497	0.336104287658888	0.533385263554975	0.778471909154478	0.671125951952842	0.627950141492532	0.86956963694758	0.486922444714911	0.670565532342423	0.685627186265744	0.885646068713345	0.869989072246724	0.494649180091275	0.547724613993349	0.427203001304408	0.524295202169865	0.311560023883442	0.297353897652075	0.609849591130628	0.572082568585472	0.695780289057083	0.322037995325953	0.769306552073352	0.51116414976008	0.97714729624915	0.400633563607727	0.877987982309479	0.587874796419641	0.774520598822169	0.790869992725861	0.498240824934341	0.634752355424851	0.693838393881073	0.448566692775176	0.64113116351036
"SRR13358037"	0.977761725976235	0.984135979503202	0.984444280217079	0.96772953463466	0.943419717218027	0.980204386909718	0.985525971004166	0.983437235387754	0.978675642686558	0.975587510193525	0.979235541927446	0.964323294857055	0.986750185074423	0.991184364393278	0.97465033223486	0.957968185588018	0.973795865431844	0.950355277481216	0.976483014182485	0.979644594072712	0.991660552905055	0.951894520409829	0.982489921367526	0.928537917241998	0.972907861246906	0.977091852379758	0.955011467112169	0.917184442945047	0.984556236073366	0.975208855140314	0.982796796712842	0.960066826345843	0.981222108315767	0.971592430524028	0.97543189127476	0.961318539618046	0.964796418116556	0.985677375230705	0.984769379277019	0.985406025597257	0.946517160345153	0.990781219623811	0.985116771696203	0.969810453310814	0.963037428460384	0.976514707553413	0.94357004196002	0.960219166762202	0.94328251214619	0.977596653040101	0.973095565840116	0.981487685302209	0.93759462390888	0.9769080911724	0.983894625506903	0.993087495860596	0.98513454195579	0.986469912181892	0.963679646529359	0.973013485357118	0.960147113850044	0.977992852861089	0.928515031414687	0.979137782824636	0.98075310313438	0.958205344342374	0.984782070212122	0.988512705505951	0.965647637132262	0.98376627588189	0.9541712944279	0.992788280467236	0.978924273120409	0.986262020987252	0.978083167793072	0.989157009800083	0.980160044118847	0.948721743265133	0.988311170575293	0.974293686646748
"SRR13358036"	0.998815910777815	0.999944928048799	0.998837383537976	0.988944371294411	0.986203762492862	0.999600906835858	0.996490661269906	0.992333971985277	0.999180793164464	0.999944775281567	0.999047353280604	0.999667081466223	0.999916971743074	0.997706005073235	0.999959096343052	0.999769744630562	0.999882506257885	0.999551527139365	0.999842208309009	0.998993702824591	0.999835540812041	0.999829368531409	0.996742337055634	0.998343125654848	0.999983710428788	0.995406386293688	0.989402680701923	0.998463515966698	0.999773843152598	0.999206834350561	0.999916394646995	0.981542936030057	0.996616242295959	0.999175970743565	0.999795009404123	0.999860227714157	0.999793628270829	0.999971381645424	0.999856569064454	0.999948275395003	0.99917387975008	0.999331970919673	0.997295077871645	0.997210957605176	0.999533403000829	0.999477421651506	0.99991697152401	0.993170434007261	0.998759758948644	0.99909874212598	0.999430884851914	0.999983883674183	0.998795760087704	0.999997777650638	0.998712300083947	0.999963266262724	0.999818777523619	0.99719776624616	0.999783950666613	0.992260264266004	0.999885334512098	0.999802703865651	0.99988484691091	0.999948051858322	0.992391639037353	0.991346804173884	0.999147303053057	0.999980030242831	0.992773176665449	0.999834639290177	0.991288603257624	0.999380821444095	0.999934002674139	0.999370110765845	0.999900670681535	0.999803628062066	0.999497486642504	0.99966835193032	0.999196411050107	0.998332839048507
"SRR13358031"	0.473238853796493	0.353105923702801	0.461628414124629	0.53328183694576	0.514060413287654	0.394804154797364	0.462010495488696	0.298679521853315	0.44525902737255	0.258235949771089	0.596727596094445	0.309646945946653	0.265186044988395	0.128576701682427	0.511616300663117	0.248548540288972	0.311283868195652	0.289974450124744	0.325679100540995	0.238475273432867	0.359778001901922	0.0521037901611435	0.323255943040236	0.144839279702954	0.27331062994131	0.421108189648005	0.310044853977292	0.40764527777785	0.19777558410895	0.401324237695859	0.254439830335215	0.299906702973499	0.659435888656139	0.4610497657966	0.231666716998856	0.109074133701132	0.41914540384696	0.137408500236306	0.667358108174814	0.333455506032707	0.211170452895272	0.536190468931757	0.503058081092191	0.252606743885325	0.33781312130951	0.339600535486953	0.166575311982652	0.290197228296874	0.364983319265079	0.342249967466762	0.492740021626194	0.469208528192285	0.248874641914115	0.554107834264398	0.349984123043591	0.340286051275456	0.421203169209438	0.49531820455264	0.13480683612726	0.256661968199057	0.103833173674555	0.199944328339729	0.119888441633612	0.372464256231873	0.303291170679363	0.306214150683045	0.442746629816889	0.226602569480744	0.408127160873614	0.737110334686948	0.141856930035957	0.540857426361994	0.395409177013093	0.429978492764128	0.17881196648608	0.438051413238191	0.513963341705744	0.344133734553075	0.364997331627898	0.220272380585841
"SRR13358030"	0.215624321520747	0.308029295322669	0.247244955284252	0.368904987343764	0.279405356390169	0.0938539836466406	0.297051642369561	0.192613248971017	0.163529438079202	0.108304261858523	0.179684270881704	0.333417272350059	0.149569066203755	0.139039342814164	0.153159882633666	0.290349221219652	0.202975388866557	0.265131449234425	0.272412542300047	0.208027181106988	0.0862096793573561	0.153721784523271	0.248780037822845	0.243989741737074	0.26966967285152	0.278022953754331	0.221053998766107	0.268759359678538	0.107149516835829	0.253160964246758	0.212282555444849	0.260027617824981	0.125847885311589	0.257470717948867	0.139454357272076	0.120076296875864	0.120338402783499	0.107552414585811	0.117227031671878	0.26474915947976	0.178322087517344	0.167518229990154	0.365723545244775	0.263395332265758	0.32722406072182	0.214153787040196	0.263781295169626	0.412932614951222	0.348472254310034	0.507878439817431	0.206302052443396	0.304506023937267	0.0798941766316201	0.264541867176845	0.268063465140969	0.171841989806579	0.144859395915562	0.108092262166692	0.141050638902419	0.175891213419978	0.104066060254989	0.165213730836903	0.259374914348084	0.119954452764116	0.11145738209985	0.271180029991907	0.255567514513283	0.181632804611773	0.148908102206222	0.0939721964403539	0.430525745378055	0.193571407132521	0.219019185709679	0.275036790172167	0.18546569892003	0.170193642858725	0.138239630016941	0.161197194412311	0.242618226949345	0.140472446030182
"SRR13358029"	0.580044063491603	0.477265109906611	0.743374068719807	0.408879038655282	0.229504392422606	0.396400972459275	0.477469761528765	0.172899286288496	0.241621393413053	0.177933734931938	0.669366415052167	0.216602079765136	0.236661102521414	0.318642466200075	0.477063158017853	0.217722916291121	0.412860661978748	0.458485531935458	0.328063436087544	0.255188859594724	0.155085766045406	0.0661702758762692	0.510037571564575	0.149229105863814	0.329395791260515	0.371672689270562	0.130413450122476	0.473851364670443	0.170101442615293	0.247657930678025	0.705098484345869	0.137815909060629	0.119434101817219	0.242836553188096	0.223213003657423	0.167971322871441	0.310077708477422	0.125061943089934	0.655898678683295	0.173475217883733	0.185813692819634	0.70962547056063	0.380862331808431	0.440367754841755	0.359869271721696	0.202222060464452	0.303231309125754	0.227428875514372	0.517932217251556	0.52314093939028	0.479542811825495	0.539995801566493	0.237333529574355	0.496057674125814	0.166660852227	0.426273948401375	0.543361439675059	0.368177080109255	0.302409016847921	0.427848150550573	0.0777348800653346	0.174509929886641	0.16501733891749	0.598886641932139	0.209484853847953	0.440550305599299	0.328981215285933	0.218911470765711	0.1138116118053	0.387298802928741	0.0775531216046159	0.528684010691308	0.262387820126801	0.295624670567961	0.340038784901564	0.256660823797552	0.127469717753564	0.402581758355041	0.454468501204804	0.265834532726438
"SRR13358028"	0.825770343412734	0.930037121215884	0.951506055819004	0.831189138188726	0.711846895710398	0.881994313647097	0.682683863780207	0.719351499870433	0.801953070165425	0.774232854941319	0.680872018080966	0.711148247210337	0.864835200689866	0.75926266369153	0.897922558827821	0.618455873632068	0.705395335534179	0.807067430892458	0.805986670485564	0.627116426732253	0.752352401136302	0.401579408150832	0.769408679540642	0.587453797608222	0.908494066993162	0.833779037235391	0.693705704594294	0.778862014316871	0.78721151855431	0.744929310514601	0.944828267121576	0.54859309087137	0.490864179272409	0.508215552706116	0.384061870111308	0.522250853172395	0.872863573949918	0.698940433340534	0.932057141407905	0.873744256459651	0.483970592132058	0.956794576624685	0.827438489700736	0.927349118466136	0.810790673719273	0.500457458705776	0.783272382632141	0.851223427504758	0.843017295973919	0.9288370786672	0.825886722544972	0.691547597382305	0.674627496358397	0.707043296846255	0.664996307877271	0.902368592622504	0.773114869709716	0.783202781408796	0.689256348174023	0.768871904238806	0.898624272161025	0.514430843324055	0.700805831984819	0.85227397773171	0.633790454647842	0.906590602290796	0.870214251051126	0.333529115273609	0.618739503443524	0.763606907494372	0.636022175857362	0.808757311203934	0.773780770566412	0.950808928553331	0.600077691734441	0.615868775998133	0.557157641918964	0.746790868810657	0.843791257137343	0.720471906656907
"SRR13358024"	0.107735352088755	0.0381736440124759	0.132799660477158	0.270326590406822	0.241950500685866	0.0336909199421768	0.105984187049696	0.137980182950844	0.133816469443224	0.070836797902524	0.0343103096019043	0.326854094907419	0.0761040398435897	0.133701261391356	0.0122105380211836	0.325886624147944	0.144683196532659	0.0438130483942057	0.0856494115205743	0.105985668138826	0.0557608354031377	0.115382346852269	0.15525441251674	0.184361822402208	0.0392911368429074	0.342684376440076	0.046459597206434	0.136756728602648	0.0695422481678576	0.121545261061536	0.0868941577083595	0.0828191982301091	0.103016464209054	0.0849908964550639	0.0698522143858186	0.045944975755425	0.0478720704047371	0.0263483202338412	0.136359008331913	0.0160589949616325	0.0526740653045396	0.0489184055750264	0.0904029857507351	0.0819485942700626	0.269883670921827	0.0701251610511909	0.202734772077594	0.138281805656431	0.0586864772358489	0.344428222694549	0.0879151646272585	0.278309235074296	0.0495073177301631	0.109533476370189	0.341176591441792	0.124192717505777	0.112984525088776	0.153608465256308	0.0103851436503515	0.191800148576739	0.246140581643927	0.0479417202886748	0.0654692934141012	0.104340007766255	0.0348253424841229	0.0576984772416307	0.179454225557278	0.0428995579660611	0.370194940966505	0.113708646066411	0.30196389506277	0.247637524689057	0.165581269602296	0.0833943767765411	0.0212623918634256	0.201947651505823	0.105509247916335	0.231149688516855	0.151490332803865	0.051962073011065
"SRR13358023"	0.998950358196637	0.999773047527117	0.999413218695126	0.991638590613187	0.995170154337765	0.999598195415708	0.998779795844694	0.998249927916102	0.996949679106776	0.999110939821654	0.993476239487566	0.997808994210832	0.999837009679657	0.999578074841423	0.999288279697562	0.995802330739937	0.997300602410761	0.998102915928709	0.999595102019176	0.999326077913874	0.999074148829059	0.999073952371149	0.99786018614787	0.9968831398272	0.99986416351856	0.996384262200101	0.996486187150556	0.995232948499509	0.999493938656488	0.9989475627774	0.999603964342483	0.991742823457717	0.999060365612015	0.993420049100099	0.999109433136422	0.999156309147254	0.999538121772595	0.998143646024176	0.9991754012669	0.999479691397874	0.997388909168473	0.99954743957522	0.995715878287142	0.999148155911602	0.999037111686063	0.998946707857758	0.998545695028114	0.998700663510951	0.997583235886572	0.998769948320436	0.997860598456383	0.997388625143019	0.990088458553308	0.997520602747173	0.995202861316701	0.999874845714578	0.998869600137074	0.999286029113108	0.996948678958291	0.992846386159547	0.99981451847334	0.999348482326446	0.998697448803255	0.999598386469192	0.996354117338371	0.999648598418861	0.998565328041782	0.998597857730584	0.997176750644475	0.999424109614906	0.99848992584838	0.999471281046422	0.999317666631179	0.999823133997547	0.999028344022385	0.99938305502287	0.997884363457256	0.997750600967984	0.99894319483227	0.999233085775133
"SRR13358022"	0.547727448810173	0.636043177191467	0.765264123564584	0.592540530205318	0.604233254816094	0.633367734684317	0.452215833460168	0.310434327846815	0.866291358004852	0.750113883928539	0.521140074124734	0.670384585443199	0.616157128263419	0.539185944052403	0.809546757646603	0.566367262127412	0.723909430838736	0.503505190539825	0.729291301013696	0.714271916057574	0.726750396292861	0.619125223871638	0.64181183515221	0.339123412087034	0.838460067179868	0.782528430895037	0.611196853414082	0.353379090024977	0.339810651281334	0.377944619227396	0.75411470618099	0.348977669582405	0.302278098718877	0.753139055607258	0.217027166396677	0.343514273247799	0.604810714528435	0.90557819952057	0.586444922939014	0.67155619968892	0.702218036846785	0.694637180816648	0.795424154445913	0.73790256628258	0.878917704729273	0.468449703074034	0.627041054654175	0.631186059060563	0.590978873242035	0.738121364232736	0.646059365346243	0.931282213196464	0.338900830026498	0.840291512781289	0.522029571109767	0.786449589698528	0.58398058919926	0.653139908300869	0.494379777640046	0.400508132276736	0.53744116228876	0.700944655489911	0.55108419277091	0.577111774114518	0.528511776498211	0.773050279893282	0.854184472366309	0.511563117520803	0.945615306501845	0.448090533599509	0.395838572274958	0.638320275117868	0.786273564932067	0.510293743560516	0.644158373215447	0.726099945253245	0.484571156708668	0.65229582994884	0.615864126006057	0.593924926439417
"SRR13358020"	0.354344563705652	0.179581891497727	0.671823605917015	0.250256618132629	0.570368305193946	0.697854516296621	0.200255927715262	0.154835971713205	0.244955736163562	0.196501775383536	0.274519515435834	0.446317289983785	0.165342355630676	0.269879101091672	0.388612352633461	0.338027907818632	0.370372868849427	0.464864441632785	0.751612654257713	0.339375318510895	0.566330365131833	0.129598510590948	0.348653629903945	0.250277704915508	0.510838041033362	0.133571725324953	0.43286510532975	0.228705048179327	0.156557315717425	0.193772421459891	0.58630618344779	0.171546801731798	0.0540605748605392	0.0937681100632043	0.102609844414636	0.0929923422993408	0.364137839849028	0.483242349160435	0.324377068493165	0.688186816808008	0.224376630578627	0.568462538470522	0.624388845865725	0.613857758146792	0.443196692435666	0.303633993288201	0.559558937589692	0.124411221756229	0.260628346177567	0.46752292765776	0.404421392146064	0.542509473855304	0.0401973266565286	0.356179575355346	0.244114633373879	0.202894989333964	0.514503223812685	0.486988372989369	0.39583709994571	0.451033564266146	0.0771262748572561	0.420515936862149	0.493123541850022	0.70603742936649	0.29824424399224	0.681166282494749	0.645687913788162	0.352666337314691	0.348732553029039	0.228808736530262	0.170302257339084	0.425977892011693	0.655404281012565	0.236992466060157	0.185092454737595	0.293565964334244	0.0950906130316044	0.345711879436571	0.573315070310925	0.246518586178125
"SRR13358016"	0.335710639893182	0.229154878668528	0.224594241704335	0.592547442337761	0.371388145349748	0.155314941262575	0.268145690502114	0.0886454727415191	0.379363304830033	0.282302655711677	0.165241189816863	0.12255893974932	0.133167571117883	0.181561002937647	0.421051960329036	0.121555030052476	0.312945517693605	0.196579769262979	0.119933788300456	0.23410311647479	0.210600019416453	0.0305975180049025	0.398034353743589	0.0793791346135208	0.22416931600961	0.316014243014772	0.113570703082882	0.199997686238282	0.220361254505557	0.11799174938155	0.523994475063801	0.113805586641426	0.0965085356389301	0.291436041651879	0.0749301926333978	0.183765115781093	0.214925983018692	0.0640776227569919	0.206317998215859	0.35303934347987	0.216335709574335	0.516745777878267	0.329588221717797	0.158701549746867	0.17013439593434	0.273906178189917	0.121900545132099	0.411142516040678	0.296156631070924	0.143688310928932	0.250130534347133	0.304979771139361	0.03936069774887	0.467608388977853	0.176591640912938	0.362729189036239	0.495350669198924	0.293652924734255	0.112102633671109	0.152590258245048	0.124087001766311	0.389219619996286	0.154817529497754	0.298043756524603	0.0342116809478814	0.34468230911161	0.117652202642564	0.148088080133021	0.290008090539708	0.128604732482484	0.0364829671952059	0.292767735025696	0.192835263106126	0.0310786063917374	0.183082303500508	0.067605517792904	0.176497838087484	0.208469201804515	0.21228874491392	0.387139343388597
"SRR13358015"	0.667142402312282	0.507566928122947	0.624587132231908	0.622995871419026	0.422294779526829	0.643709642892782	0.516777646779401	0.148242106375542	0.531709584598768	0.494851864316194	0.586562275570112	0.272781951417059	0.610078749792726	0.347949000743126	0.677462618519229	0.423669490087378	0.589147336100892	0.305826661674937	0.467172487850719	0.52753330579285	0.378058867207373	0.194272838606255	0.534600884754834	0.253961106828348	0.644110551700286	0.675375818449003	0.4148808432453	0.466444654354535	0.656120140822262	0.333550259749342	0.749121394895637	0.41059314330402	0.359443507466765	0.457591876138898	0.391791000797619	0.335598411239586	0.415593379560562	0.502531068636456	0.657034515923858	0.387727600739623	0.493064721261934	0.763473971995139	0.764396647939072	0.626268292190416	0.401450730457511	0.315040827418798	0.379136896711747	0.4065935297941	0.381958113056357	0.765672424309055	0.511716971471146	0.669166287362664	0.240841683141634	0.634776995443842	0.280950969518467	0.723007442827847	0.730288049100534	0.895408923581511	0.235654596936784	0.394231168341865	0.318782051422035	0.616224606705651	0.320835748979388	0.730285552053238	0.557493623136426	0.543816651480561	0.61014214133242	0.50508025791966	0.787890414881451	0.513631766667143	0.137435817226101	0.776971460986691	0.627370891278957	0.348148956512828	0.226196725270579	0.366194016684778	0.458075895187679	0.475563310594091	0.438996676635094	0.571846114110653
"SRR13358014"	0.829343210541493	0.52338467554051	0.798855967775348	0.823615638418592	0.697330137417448	0.635241212800195	0.76160402228519	0.133153045027289	0.759249927065272	0.629201870695804	0.740061229545307	0.447892344926001	0.547111276155476	0.298210797495047	0.802562090539077	0.690825008915193	0.74194183206144	0.413484172131259	0.761789270784985	0.708043627817878	0.49772325576765	0.414438413594584	0.76064323298108	0.528466767491762	0.70977342569731	0.89052558688654	0.487455338147268	0.717428437344646	0.781826876834151	0.702770028587211	0.86357731970471	0.617724126868068	0.521126203410962	0.55440925565522	0.75992632744189	0.275698174351915	0.80360042113279	0.754802176753893	0.688328021882612	0.610947714934915	0.583762724848056	0.797818250016841	0.885122294062864	0.84342385783504	0.675292177106826	0.539396309294625	0.509936997315238	0.655741148407641	0.574841867150501	0.744799256205429	0.537713072175121	0.887517072053679	0.256932522874832	0.765807998411634	0.470831804397627	0.842445927756508	0.887726388438558	0.86227842323389	0.375733756710276	0.596563153431193	0.585239409880631	0.649563978641562	0.420678911745857	0.710256685764609	0.562196052582707	0.715542078443928	0.554238770940823	0.78771369553126	0.819107843507654	0.49725837474665	0.331432669364923	0.931213252065149	0.813490525037459	0.382270251095558	0.352089458787823	0.524891641676204	0.732196482282962	0.658729291695032	0.667257309855875	0.783261148747871
"SRR13358013"	0.606710499082586	0.595266142699592	0.698132898111155	0.796453394362494	0.642231262801714	0.582061668044845	0.567616143123366	0.210055623380882	0.778665497232789	0.582049804468455	0.447186962810574	0.681180004270135	0.736563299290876	0.161906708839658	0.673943422704156	0.722066910549144	0.718758037375255	0.250349373107128	0.717594862611184	0.56008389199603	0.562945024345569	0.351355435091087	0.549461404192473	0.681884155339962	0.686802871095233	0.874951212507431	0.633621184816063	0.702686831953194	0.529815619815333	0.705897570796295	0.67069732099785	0.717314110720888	0.445775250980723	0.520395839981176	0.740690215022416	0.264702312225387	0.686477251374748	0.551341783234056	0.500798167919841	0.7515566296206	0.695408287409222	0.682887125396246	0.86385305588609	0.737595095828629	0.717878015560524	0.354522670134124	0.56636309189522	0.695624778301209	0.492163221308334	0.849938289618619	0.561944487716294	0.763971000145683	0.219846382143498	0.50575397084265	0.570255450475062	0.861956721828382	0.785893684424862	0.865865778434183	0.520404161611876	0.672769554857875	0.778888959780613	0.46604462691496	0.335937323743446	0.541499960057951	0.723615890452239	0.500837268711504	0.647505147691066	0.613828055543654	0.733638336029493	0.410478292773973	0.499050193620837	0.839940203279651	0.91614026848918	0.651778484596828	0.178357271508172	0.60062504183543	0.669995776082154	0.689513079051149	0.791324175786112	0.726101943979621
"SRR13358007"	0.873585605766623	0.703493154322368	0.845876613446306	0.676620287349615	0.596786176272126	0.794555102763113	0.640331901501335	0.367551662318785	0.546319842972645	0.534955677807469	0.826063759264359	0.756196092845758	0.557570260253323	0.502755992367092	0.603081744041534	0.473859408363167	0.689251987651215	0.629294873092047	0.622457498047409	0.757612010360943	0.579711056880499	0.375698572266429	0.749058418957482	0.235879702718252	0.593409865579735	0.386352350287151	0.532713923686741	0.705661009852431	0.887643516470684	0.386258603404381	0.707574104267293	0.741057861268641	0.593609642870949	0.556708993535945	0.732727115218012	0.621949517598194	0.742799480791111	0.420371194088136	0.684174768857032	0.386915749956134	0.540487657023286	0.528370974683472	0.751611089791954	0.658425152686438	0.62510509377572	0.512281792701367	0.349617642872357	0.522416794719876	0.549517367841046	0.715456163222366	0.637704602310032	0.705038838941754	0.204255358338197	0.7933369486643	0.468283753453439	0.712532865541419	0.809775377403739	0.356333440790994	0.38013742388628	0.777604779507506	0.208305464139049	0.464148930053672	0.442671723995552	0.807983781485432	0.517952397405748	0.746114659041644	0.608029282461807	0.739704960174278	0.520641981580363	0.770064060137024	0.464789468152483	0.716369275507175	0.852549403014323	0.741506590983181	0.708591988217535	0.456070261665135	0.536972466684671	0.601793126725378	0.76043866119014	0.480370912073468
"SRR13358006"	0.272044223049652	0.340519921925927	0.421134460773139	0.270469973622782	0.358773360198691	0.16340865957055	0.239832728827614	0.250130609549458	0.203473157442791	0.162493174546239	0.199595745456321	0.361471128897335	0.286358467933413	0.220569870647378	0.356616337194921	0.513106387571946	0.343436460029936	0.325037726136392	0.543619685746266	0.256073015843514	0.22412897043405	0.323828695509227	0.239864530155886	0.508024152900112	0.291863509132181	0.276614665837348	0.368871328670957	0.357442379425903	0.262506605267155	0.443865758835653	0.366190016010471	0.398375783270331	0.153982120124393	0.238263114824345	0.245025718846532	0.307494638388123	0.157063849565171	0.173181252762315	0.186365279818126	0.345682670076363	0.285247221193684	0.303747361273286	0.445594311507975	0.396723762702707	0.425367418026977	0.224803936477628	0.610619272993349	0.533999081233813	0.391750097797516	0.596003972395249	0.227659570303514	0.3197362259099	0.106973949569169	0.322915823589897	0.326759806370372	0.329758206609096	0.239128112340998	0.12668731685419	0.304406050567026	0.420967205116638	0.229632742198284	0.351392919590396	0.44838446550023	0.280969723725577	0.167264485457596	0.380972567584286	0.412183014872784	0.257971839662441	0.279361540018899	0.117085659180717	0.54238928906227	0.202244532263255	0.397392743890889	0.348924626924535	0.309428298291176	0.217043601169705	0.184645256181246	0.202097432473255	0.311909787599084	0.225871258809459
"SRR13358005"	0.825429763595519	0.746705670750079	0.794167239898547	0.708076591147903	0.503019301790972	0.658080170100492	0.716799347061205	0.481458135851939	0.728928523071964	0.737931534555096	0.681072493492772	0.488950227219922	0.632138273689201	0.560699233231844	0.681216668993731	0.589724923896247	0.896929637766225	0.645391854675984	0.494104968079615	0.834500990224211	0.652873557911245	0.558987091670616	0.769207904590191	0.466511525228464	0.851209106096565	0.483822362154046	0.465715602335882	0.838072841413231	0.851825147497477	0.423134881609826	0.78134495844157	0.669942847409491	0.549871286381867	0.731847312366986	0.691026456826454	0.8631906912163	0.522294380233321	0.698364795337288	0.613017888080405	0.382422216518159	0.653414155913187	0.77461664176174	0.730963727854183	0.776024094074489	0.700577884674691	0.615592546331752	0.527954646842486	0.556576499641893	0.770687454181825	0.887042003991267	0.613366720801522	0.818996147452906	0.363649635898139	0.822765072065946	0.655435708618074	0.87402548374092	0.786386952455506	0.729005853698436	0.544821441407885	0.678628298865533	0.458360990986679	0.794534660433653	0.712261871620612	0.743934705762464	0.648944799549512	0.753310265183614	0.646759826343908	0.789020568925319	0.761617760285475	0.666927793192323	0.525599196379546	0.79858334287949	0.785805595235685	0.562361090203035	0.706170855182038	0.680336652516126	0.522125665955936	0.479073699933567	0.748561766830275	0.660146063157147
"SRR13358004"	0.572276316435453	0.412188234013153	0.494213659261428	0.548448787036129	0.198641266087292	0.312480367695798	0.379671458156306	0.0910045287870669	0.256066573316818	0.245769795460914	0.512143797853804	0.183905599334622	0.256090292355501	0.231595922561463	0.498949281022551	0.467418927827218	0.573255186788053	0.329112833450923	0.329441226698999	0.343981559238876	0.160226430509836	0.180094792144359	0.413214080477727	0.237995582821885	0.170350221336021	0.138091652484884	0.197729790052918	0.771436902449005	0.762441356887484	0.34660507598184	0.436282729906475	0.204442386023815	0.0777839557168278	0.223216669571579	0.525946989226422	0.380617924809331	0.233905005446622	0.155335278026218	0.200910276270657	0.07450324726532	0.23502130059053	0.56886197777837	0.532054609540453	0.722203278683602	0.343473134607748	0.136382230888483	0.34773303262421	0.479523031684518	0.386883649553805	0.572988302170176	0.291645903351619	0.571416897179325	0.305994850449904	0.338972653131061	0.165573146058409	0.439882056919434	0.469891778945588	0.112627605527274	0.55943433482475	0.422570785792755	0.085703890545987	0.277064110064617	0.187432992993919	0.429356203936523	0.244835274786985	0.474192883887195	0.231069594766749	0.362310164701482	0.110922273206619	0.214900564832146	0.12113912446682	0.577168967243992	0.240517118089339	0.173575477178699	0.33952635684264	0.125425030798455	0.0853105448063644	0.228360557825188	0.224165758850644	0.252710446563629
"SRR13358000"	0.344863445709287	0.520041479267768	0.501975924972718	0.488329052000175	0.477106754756543	0.331841178292872	0.347755088604127	0.278229980147014	0.493372719007397	0.513879315310543	0.370035315623176	0.407095403033047	0.613989000589588	0.531346523780832	0.6270770091038	0.427517569836685	0.499280156187727	0.305905836062576	0.58187483161743	0.539374991667431	0.397848962411633	0.340526341982651	0.542698956202573	0.144422259348476	0.608235021809031	0.610548441915201	0.358409476522447	0.24842266375747	0.547423114670403	0.322846210476512	0.694355190272761	0.349064444894114	0.690237350055951	0.426415761811949	0.174317159654465	0.214021523492191	0.579307685591328	0.279015704488543	0.642080735153564	0.386729077405209	0.340840532770301	0.379605117653967	0.69179702568102	0.297672652092903	0.755629039566682	0.389498741095339	0.543839948639529	0.731103111631055	0.466570755563046	0.533395145469734	0.404653330725887	0.770454925331179	0.0734445049118375	0.736654650470815	0.303838644200928	0.66257305303948	0.638270905774728	0.750953860330764	0.214021869930085	0.392255303753298	0.256142447735853	0.76111563462017	0.427142309123678	0.4985290969914	0.216253122070879	0.701387828330899	0.65004987524373	0.400408616416343	0.698631767238432	0.337158883106384	0.262842106653699	0.423533089884409	0.467981331793525	0.242578063703748	0.511031066397335	0.319172750496945	0.2271547412668	0.600743559593023	0.413722840441628	0.585011893260678
"SRR13357999"	0.793027735463792	0.890171935198284	0.871827770915604	0.821428718890496	0.834162599502781	0.758731498864027	0.790467803835738	0.392986916907949	0.916650249035191	0.916124200215916	0.756307655897786	0.890161800009833	0.936144108399797	0.690948320973098	0.911655267012498	0.870304514733917	0.927123702915088	0.72324516875577	0.918888632424212	0.829562826953176	0.856107316186237	0.839827878108755	0.887137086562763	0.63475590278558	0.960406925166345	0.933396595489651	0.861480447862316	0.686780644562602	0.669601478208635	0.780195006082771	0.921952757388994	0.797145670205013	0.924042019031491	0.908246012818289	0.738173138202596	0.610523665899883	0.885034851618846	0.845354750098902	0.918705825013123	0.92565506107735	0.835456434138155	0.88669623645363	0.947620578626941	0.921901685116154	0.966946996830505	0.842524281997811	0.910292709045674	0.921986808300145	0.849422831737425	0.908121484327521	0.846615267571145	0.968601035176389	0.389288940116088	0.922871393170221	0.75725731637486	0.980999116902679	0.88206366335226	0.919410189082234	0.734125768973576	0.894109307890413	0.787998212068735	0.912177722123737	0.891129171762761	0.885516934260106	0.842875062333988	0.907263899060525	0.871980498996091	0.896954824669126	0.9550922730126	0.701324285317566	0.837661648014965	0.862884315742233	0.930521477248357	0.801113716490186	0.835807562171764	0.878031351855896	0.796246386660268	0.911194256645992	0.77386138978077	0.923860924322227
"SRR13357997"	0.837578530700282	0.700043624118649	0.837541093010789	0.875452269755635	0.820140325455501	0.809617951984005	0.754976023918228	0.303255582717603	0.884492942896631	0.887894930896991	0.816458966981753	0.734796854392306	0.822761042215618	0.525813829584487	0.82967100959554	0.700629349017108	0.869621507591336	0.557391935425307	0.819683066748646	0.774878969424955	0.832735993269856	0.68682409273303	0.83308104399557	0.515180894459236	0.608477883186304	0.785797982394298	0.760180760794892	0.764024411977289	0.804889925812666	0.716842522878934	0.854513874709237	0.774207957290239	0.90166500063153	0.84492311470694	0.660139782750286	0.419552277126353	0.91310840923897	0.751451133767148	0.952169107396677	0.782978827534736	0.74163268783679	0.80264776618383	0.929784501279948	0.789736253562333	0.938453184928251	0.720887420200052	0.60800620941465	0.832909629906953	0.701074273501313	0.858114595345721	0.734407481505844	0.912392565429053	0.297475782059166	0.888533534020928	0.737209800322752	0.973925377220733	0.896420346276201	0.791941705312339	0.591071544872657	0.858583195410471	0.398813734388941	0.842949232216248	0.580441865937106	0.677897656441537	0.772311464303242	0.938141191066734	0.781573667427249	0.867593601272036	0.839627452321556	0.659602040124557	0.700881164119778	0.855544493943368	0.897070437616747	0.692539379368112	0.651537029870475	0.709792368978303	0.750507716956958	0.855622920234264	0.56022267922558	0.887646400463315
"SRR13357996"	0.944462255902893	0.95848652487241	0.866916296851581	0.938078604067271	0.683156160367994	0.7904227051643	0.691653127322375	0.530974829616441	0.910772494889796	0.911069601272618	0.694206468788877	0.851110529975919	0.95001962140561	0.607829411527153	0.892349575120351	0.770089824887989	0.92341083728744	0.606009119659066	0.803108410986598	0.730075160226168	0.950788079053031	0.862007888113755	0.928681327515444	0.722958559792702	0.948718215019148	0.916243957792281	0.701719335297168	0.953116779301456	0.95738822176752	0.837148673174912	0.879450772286402	0.788902734319499	0.825979179671425	0.899666371507659	0.820178802239	0.893574149957023	0.967115499283935	0.852899267858565	0.966538430964747	0.899036331036923	0.873765993960538	0.576892909857427	0.928593645024846	0.954697551353412	0.857779255920281	0.8773739929054	0.37542336667577	0.876654233437905	0.86225181023724	0.96721824641391	0.796215769409641	0.697726467109729	0.267162071260405	0.891854128608363	0.856636701926137	0.943981074884322	0.970104230620988	0.851919873851477	0.553414261504904	0.893585058610313	0.733801885862747	0.987747517992097	0.669948092981968	0.557652884776323	0.866842333068337	0.946752651338175	0.888258891773879	0.980818405436919	0.923687628591075	0.71752463362299	0.794532157416104	0.935872773101675	0.98465072409022	0.934057697960871	0.879294814587931	0.637910770140533	0.903957485735945	0.856161029680988	0.886387066398264	0.961824060036158
"SRR13357991"	0.757461929873455	0.570146292361497	0.639656474900382	0.552347418820637	0.523676819674454	0.427879710558747	0.608018246700338	0.636778139921203	0.545168374919889	0.64879037937529	0.833335722739242	0.498854677333096	0.42382578786193	0.623587644115277	0.223858565535755	0.627894516038904	0.683698937521325	0.448606316095849	0.47714403691779	0.33985988585239	0.580126306985024	0.637296591674321	0.687910098850966	0.429565218764981	0.631020084892842	0.611652307764645	0.274752734447276	0.712375433415182	0.652117776636059	0.432201277605358	0.536193047988461	0.332895908033919	0.590432701212076	0.570927116659664	0.712655458654106	0.703324894289858	0.430789903176951	0.450776494108906	0.679029247658225	0.400806013868604	0.489596740573623	0.470407109763784	0.626896716706962	0.59851110068067	0.308215502340215	0.600148175540993	0.190215838626411	0.352517913536824	0.365773215138588	0.687881332124435	0.648256398751331	0.552075291493346	0.698061528337186	0.536114534152275	0.663828967466923	0.498083147827873	0.750840182578177	0.564629021985326	0.394096114337178	0.500426589088704	0.451096403165432	0.568009348122813	0.378745232543752	0.445006186175026	0.455192029558679	0.386341713651419	0.520332766346186	0.606069595760987	0.692423327594729	0.874632668771788	0.307662340329688	0.837398463670032	0.462084847684858	0.60315564827617	0.512824499337673	0.267483346824103	0.745241014940693	0.365509701135599	0.634535657658733	0.655393721253653
"SRR13357986"	0.391185671781334	0.143208823850908	0.244649261102042	0.214826364451479	0.173536992613955	0.0277022588946493	0.522695602643774	0.165482802670463	0.103564337048585	0.0609199823506548	0.354912251388511	0.0470019595737635	0.0344399049364436	0.111171190553723	0.190988420101869	0.211456389610689	0.115119169176008	0.213922794610479	0.195411216833412	0.127608031947662	0.0159881016750568	0.0646933005024082	0.167603988078512	0.0629404049519637	0.113489484632395	0.338675891289375	0.0546281034724748	0.231731489061281	0.1674959276036	0.0721359957043731	0.281928399828126	0.0640192842368162	0.294141557234641	0.122983345783963	0.332808197004136	0.101216614874229	0.0679976991335894	0.0208532685894013	0.181870535107466	0.0291263746520733	0.0797688700541169	0.279437667909368	0.102087998860555	0.0790279482787533	0.0423744277575012	0.198691494161142	0.059221146813534	0.110483076720136	0.246194300738164	0.12176166501056	0.120011773702027	0.185985481741422	0.204905754754557	0.167336969987199	0.123591865182733	0.163617264870193	0.148073541058866	0.286990448923788	0.0334492856527029	0.0470688533599746	0.135625786394626	0.0335886974364962	0.117948735756169	0.30722577882578	0.0274831597401416	0.0598840353717236	0.0224716033068197	0.04049913920215	0.0755200643367592	0.680607185096826	0.0473556505510255	0.320170793030224	0.0142723433721528	0.0773768852399958	0.118452301334239	0.0449175841645497	0.289162784841071	0.0591642605551766	0.0823716737209806	0.0858092725756757
"SRR13357984"	0.681385542560529	0.883753706228847	0.618178988302626	0.356790192777182	0.805543633667915	0.817473138740235	0.688244216994794	0.501698831556443	0.430241758090663	0.848236194748982	0.784295220151696	0.758607876854831	0.858003106124141	0.308810565289824	0.352836720027083	0.294685376816004	0.308991851108954	0.415475301731651	0.606982906167102	0.40633372688943	0.730162839430426	0.236969864037063	0.392683139612332	0.560982886432161	0.911873881071151	0.467166987225322	0.610721431361267	0.475392773091168	0.453738630148152	0.362509687188529	0.606533956037677	0.502935940658865	0.659543981419553	0.457189836054404	0.555274507499257	0.791416388820748	0.762191582212146	0.698969217246236	0.894969678857271	0.774893506460534	0.694868201995832	0.773936225235296	0.664182583405456	0.431935093743598	0.506833933782091	0.533155774533095	0.301239166321709	0.179176222997115	0.146903840288057	0.763164764224246	0.729231458407268	0.245381325559784	0.815454449062636	0.686257630715565	0.680500498197952	0.948765170121248	0.395101018219745	0.837354820296884	0.752033859540416	0.549410874278234	0.746345567583111	0.138200647956485	0.618074033485761	0.849801512565585	0.496625643835445	0.652701137680166	0.868434043429788	0.489915587735422	0.798032617189001	0.755395803757691	0.645964734074797	0.808148033147264	0.537604836130142	0.807863354466928	0.76419753280483	0.279281345178336	0.522656393132143	0.822505708778639	0.518251943826725	0.473909415253246
"SRR13357983"	0.00301266494426712	0.00137183776236207	0.00386784665917352	0.00545537314617612	0.0116148956385548	0.00309787381925977	0.0024809552575551	0.0138553184517984	0.000664542444276854	0.000936822733033458	0.00989051770426761	0.00162789948767973	0.000570302846613665	0.00167714377283077	0.00119251435933131	0.00106390097360599	0.00186608180610792	0.00377723167060405	0.000744558578357418	0.00225621259488955	0.00170351963171672	0.000225007457617541	0.000858840436960547	0.00248283229141749	0.00468539227944189	0.00156718093150001	0.0015893127542244	0.00357875611124124	0.000614792979422353	0.0024650147374283	0.0022424631168864	0.00291346977353776	0.000138066285052217	0.00101806985054075	0.000534553998760468	0.00210627040782753	0.000812451352148779	0.000313175871852898	0.00494081260401612	0.00104455141545372	0.00183971739723431	0.00531366154054598	0.00237719021070197	0.000354473048613461	0.000284159052112721	0.00359715925118776	0.00100767252056126	0.00062915633413091	0.00447459181359344	0.000934795583939003	0.00233700747989501	0.000751469260281842	0.00639193482721436	0.00623768321535719	0.00646279432378215	5.00246427334676e-05	0.0024478336864878	0.00208451287655542	0.00424882143572834	0.00231221091512201	0.000623174317705364	0.000222360042724117	0.00111934405353142	0.00196398046560322	0.000607144596435473	0.00364855396717096	0.0113296985269823	0.000435996056942127	0.00057188673251242	0.00751026049575305	0.000834446562206722	0.00406508736412516	0.00131871944138884	0.000986278162190131	0.000738059251897005	0.00026597865305526	0.000785319558041487	0.00310391410259225	0.00587546464295694	0.000278317506911567
"SRR13357979"	0.154476998277725	0.164903172269382	0.147517737199597	0.200722908212337	0.0819131710714811	0.0644818475533844	0.0334214170846171	0.366308993792938	0.215752371953435	0.0209060524013921	0.0637194684980587	0.079348016190396	0.0343314079199518	0.0850411895110208	0.150589814934754	0.0629848352298277	0.0647189519665674	0.167775016493966	0.0225440026924291	0.0908103249487287	0.0673178712402546	0.0209191044108248	0.122476274576634	0.0410604654992237	0.14672865428296	0.140413884146289	0.178601505528399	0.118263521670524	0.0855541439729762	0.0752752478900448	0.0742059839546216	0.0701212915313953	0.0404507026423338	0.107256497353776	0.0335206525476962	0.127714344760859	0.0581723367441529	0.0181227285900491	0.109417132547263	0.105311432619314	0.0595947900705351	0.0599064089355981	0.0863408929391485	0.0985492964037524	0.0700617424238235	0.124823462970353	0.0593334049236101	0.0526388063586358	0.0775227134123485	0.0875058997219804	0.0808725178167975	0.23798455075155	0.0619281678625467	0.0594756694659344	0.176787241275033	0.0226200061227772	0.0563349716241992	0.0744888040767499	0.0379817204466569	0.125904397779654	0.282715526396239	0.0151943330177294	0.122505778552946	0.0256361636452552	0.0873783123063365	0.0729271269982618	0.150088407075198	0.0386194501656671	0.147361682669867	0.371464511767448	0.0630371434460232	0.152921737944628	0.100288576212989	0.165594180342213	0.0335610305986189	0.100221063270975	0.220389094482528	0.105123386887208	0.229913485821423	0.0102641396997568
"SRR13357978"	0.0123772466956599	0.0045057770360557	0.10573221032469	0.0759517063404946	0.0597707780193023	0.0130471787931821	0.0360690361048598	0.145225965494661	0.0231545538184923	0.0113955354131794	0.0169950902558741	0.0432495112211797	0.00551653014939592	0.00290042665126615	0.00932604270938127	0.0229096614849066	0.00619192037275922	0.023356124416566	0.0157296959474493	0.0122307224880263	0.0182497245508866	0.00766429158495453	0.0160773418043089	0.0186218252463768	0.0838125918277303	0.0445524144103074	0.0160635893018757	0.0159661687241714	0.00537290577460186	0.00595303216958705	0.00996384754764206	0.0254813873545005	0.00113038144485774	0.0578723994982164	0.00403145466606615	0.0369334105853383	0.00190439223606112	0.00834734942807993	0.00770456805686837	0.00369160765405589	0.0170504382274318	0.0282518640092759	0.0196670885689349	0.0065302986883752	0.00207960417748041	0.0191571029377723	0.0163897199881968	0.00629103217055363	0.0375960969492396	0.0227750806991383	0.0790701818633289	0.0657825485533965	0.110198641751201	0.024768630475452	0.0478598018226497	0.00058774097062576	0.0405835818519992	0.195007548409327	0.0376770838821098	0.00824650730999378	0.0169879932441184	0.000933529228603195	0.0160769129693576	0.0194846621025335	0.0235285664230366	0.00720098189548524	0.0449771981394108	0.0149746178281512	0.020995176976418	0.368481292728657	0.0181876597293888	0.0219471927039862	0.00778268878257238	0.00895318108563812	0.0104755582477377	0.00741868980854132	0.0533050962708167	0.00798999100658639	0.0435739942720218	0.00392161524338154
"SRR13357977"	0.511988412594843	0.168773202346739	0.735290175690484	0.599340341278255	0.308362345996022	0.22041311163448	0.297144958605068	0.113455791513394	0.294277757792399	0.101392265001745	0.49408584996429	0.06176578648455	0.0281913734726465	0.143408444010818	0.279511681018705	0.101175202716795	0.223251350190254	0.276012077618243	0.0531383359267134	0.263697853264199	0.190783902313832	0.0506565941353872	0.329518862414197	0.0946909184345811	0.0757775626360479	0.438455518670143	0.097021631926645	0.148541955128436	0.35424498110971	0.186699982267106	0.413997776293032	0.0603716649826903	0.0067472387129787	0.13465317363018	0.154484789330684	0.0852849837954963	0.465772237972607	0.506553139747191	0.15905127384453	0.187478659430887	0.0764822713869103	0.248703256703287	0.437397327077148	0.33943642832648	0.069595127271588	0.115339573414113	0.0434945940584609	0.213418593328973	0.274489967565949	0.172375945507918	0.268820022833888	0.43308198398024	0.232353856772466	0.176788440813571	0.296617454731553	0.0212648277535969	0.566096546168738	0.441311442166345	0.329121725120743	0.131089659816596	0.173120786038865	0.0612838294006001	0.0542942640672662	0.208023521460522	0.185492412372205	0.453707335824777	0.250170960322048	0.295139180296366	0.163172888567917	0.357203354936082	0.0341366257631693	0.566558677964134	0.185600909338922	0.0570270254438868	0.109680566107728	0.131632594420275	0.16285645833057	0.111876922733238	0.357125078233096	0.133028884831279
"SRR13357975"	0.710691502535181	0.239531828564858	0.814609057247826	0.64303536436692	0.430478017075727	0.375291385914254	0.432716488248551	0.14384498582539	0.535689149925247	0.290721747376809	0.522123416823874	0.137201510766874	0.074188238475679	0.191234166590238	0.69367974688776	0.135640312661732	0.408741399821718	0.271464693771905	0.144485658353437	0.496761655396831	0.46334989915757	0.133695104490499	0.571004909038998	0.101554057632355	0.195488374402719	0.654404758212362	0.16863849768002	0.451550064582558	0.380935977330091	0.270889528519459	0.603348460518847	0.102799149630062	0.0336307552581449	0.317659123411426	0.372114823453619	0.158913821228433	0.599535445616245	0.53419112728794	0.252108594726805	0.322139695398818	0.153613167644432	0.538624658165061	0.497441700597641	0.544367133303981	0.344252701274531	0.249063880748945	0.122026982183357	0.250850907481173	0.540923763966836	0.204180111836572	0.409920611323425	0.673053948629433	0.171802531904589	0.600965596806218	0.347130246992388	0.268238254726086	0.655835957698594	0.723032898068856	0.310263638758314	0.20841192342695	0.25489700220168	0.389075768635567	0.138322988330214	0.428801451587247	0.171683246051668	0.493153651290958	0.299941763443153	0.438647861211646	0.504403902126349	0.457017764243183	0.0732467539311197	0.747552779465231	0.538035334275492	0.0624560264393451	0.156042045148318	0.355008893686764	0.355097793455878	0.267611204979998	0.475811616629819	0.345647387564447
"SRR13357972"	0.0674639917936406	0.144011076806413	0.169893736017336	0.0564640494829854	0.104943117053636	0.0472090150780518	0.0489564987597691	0.0306212154894836	0.0700750676603419	0.0294633107252617	0.159111330209793	0.0463416141025132	0.0362835536297266	0.0547569096972393	0.0421587446112985	0.0770275417137949	0.0592309758897098	0.183815821519146	0.106200332172617	0.050434101728	0.0392262763627211	0.0396030402414225	0.0640637898648011	0.0800782574900807	0.0753623905291066	0.0392954453002174	0.0793951327972324	0.0857865752346706	0.119754720889686	0.241405835834452	0.0850269384005294	0.0436252684318421	0.0192058263637749	0.033486972265077	0.0550988715633126	0.0258912034473616	0.073736232990054	0.0278082545384817	0.105181490563519	0.047014744299267	0.0292888092341703	0.123331168131763	0.0766599740382061	0.147537086433406	0.159452520954187	0.0298208121157569	0.0859268464183358	0.0460795367956097	0.0600216570584572	0.201777676527531	0.0815406210649239	0.0731089795894936	0.0917336827683955	0.105071318693714	0.114714602448326	0.0892950473895935	0.0469316740985613	0.0740737960734614	0.0537219625413057	0.0812119018379272	0.0793479793170254	0.022275775369857	0.156279524177319	0.16049566104783	0.037222106807794	0.237326946437978	0.122454989929984	0.0391247479434858	0.0308786871529701	0.119098977614542	0.0462997286046829	0.11792573728111	0.0411479236087068	0.102580058138874	0.021840255784835	0.057282110313856	0.0360981098207048	0.219029797655298	0.0695989231573037	0.023598922448723
"SRR13357971"	0.0546871758125252	0.137574802446788	0.15628213067477	0.126064959780356	0.0883900265716912	0.0276549906921469	0.071020298805737	0.0456146488561017	0.0807414094214752	0.0520707751926537	0.0791613431542844	0.0840780315344447	0.103619045663424	0.0509177475055433	0.0532672213980608	0.124313504107815	0.055115231197671	0.20384525031572	0.0725318248101822	0.0371597700440318	0.0438121193396307	0.0759856218892093	0.069961366077164	0.179030482357868	0.124618636721154	0.0697627244764903	0.281645249889104	0.140357657040067	0.238386582042559	0.261196478199965	0.0796647303950889	0.19557541621724	0.0120129571260796	0.0926803308856011	0.224222747891377	0.136805326555705	0.0309728078099566	0.0134495161720544	0.0230808591468013	0.025665431041653	0.107448597917452	0.043112907230284	0.0930117356987619	0.207864550799195	0.108782336497341	0.0449972361846683	0.1221782982899	0.178591574647405	0.11046872987351	0.347612208415505	0.0754905422297804	0.0526802876322967	0.13742655501912	0.0387550111021554	0.0467844932849623	0.0222199237658461	0.0431220631808354	0.0619756763938976	0.0590743305233636	0.205271810235465	0.15181688676373	0.0277090210739555	0.113097921118897	0.0669209288627462	0.0556338331243032	0.148770888020173	0.0613870705794181	0.0153898484679315	0.0281851648294724	0.0586959490580587	0.0634236239617094	0.072768812880253	0.0310768212774406	0.0455527923242579	0.0338841031498481	0.0355873276575569	0.0508916942329922	0.121926027137653	0.114931370006342	0.0319699022314687
"SRR13357970"	0.455570912264582	0.524067565689295	0.547887582088028	0.431339920080984	0.295047926958936	0.307776046942419	0.560352277987443	0.121154820312806	0.406845197669506	0.143538080294208	0.602946263605579	0.606220437312593	0.357651973341201	0.301525031366832	0.443107591086556	0.420231124643441	0.223874729578044	0.36625827680865	0.599555814694433	0.240031552780465	0.119260345036511	0.245785813607377	0.424647644611559	0.281392365170288	0.259863668743878	0.184246049870463	0.563539787369835	0.423500963809562	0.72023729038108	0.390036595804795	0.364779665710224	0.501732714299967	0.517520783112119	0.321358912684736	0.49969491249979	0.3610663221989	0.300794650108349	0.0407497934519164	0.243709787684388	0.171541163467596	0.362232216390416	0.396521496998782	0.377286779318907	0.426619937315135	0.546529386346727	0.22789996447666	0.46813148974867	0.508840317628676	0.210846062503766	0.653171985756963	0.350459927725438	0.310861216634355	0.171788735099645	0.172343938200064	0.150518474498355	0.54648305004092	0.234774582739308	0.275603463045693	0.139836571372922	0.582311377293197	0.328455046390756	0.164926282615698	0.235000996435742	0.606758986955948	0.218121743991609	0.56130741343927	0.145286395136459	0.244108710360238	0.481388196268511	0.500423217635924	0.311077423135851	0.359241358945446	0.33697348974488	0.363559523358601	0.316174928586752	0.115115737457084	0.3776281629638	0.646331896937976	0.279136123510253	0.236314052137332
"SRR13357969"	0.28123353838524	0.216547624509731	0.119393469283481	0.386817473016537	0.216841904393014	0.106819704581138	0.218359451511655	0.176853943468496	0.26617665888057	0.0994832775008576	0.195527742150363	0.235666031243933	0.251731610729774	0.185057440844108	0.286213878826193	0.269092706782104	0.225050566220451	0.303081304735619	0.158555020032374	0.21701655463819	0.0642296186436726	0.0611507759035695	0.175946862865128	0.114465302995227	0.566716866144127	0.0921450258188216	0.102972928544478	0.347847907862783	0.137539198162379	0.123512804847064	0.28817301216178	0.128633766021298	0.0503855347466646	0.223780267616884	0.268906717982771	0.437354916162993	0.141005965637311	0.0218590511074428	0.208487566351139	0.0733548910922948	0.25793494539279	0.169299270234683	0.120661608772372	0.0629233856937122	0.114906514662874	0.359796809072068	0.196113190835533	0.126368935292559	0.254910207322907	0.239824859463367	0.164773764994401	0.361401906132163	0.0903724016142552	0.353557283442631	0.225053667686747	0.0927580817944021	0.104348078708342	0.236017395431527	0.131473545348416	0.248641722179031	0.106468438847729	0.0791571210129413	0.236708063455416	0.311551803386058	0.0225709420075354	0.201695248214501	0.104799339498901	0.0279875255658931	0.0493737135700762	0.410966875683865	0.128335657716762	0.274071856857633	0.137477879950391	0.044298897320933	0.19790363937751	0.07277741390739	0.189719640834113	0.241633292908663	0.201726113465497	0.056795293221692
"SRR13357967"	0.290534376750034	0.26120921191467	0.22442927683894	0.417250145634815	0.330124176939621	0.32839172400124	0.313537699081878	0.449791059437357	0.161945517344035	0.107233995864372	0.461871217853223	0.205484525672123	0.239775694696725	0.136635381352469	0.0887824453467081	0.0913358763666007	0.0992145090071549	0.338722861737722	0.126685058775161	0.28808478156238	0.3869784261042	0.115110185039503	0.183143138347036	0.149280693242989	0.135299722445989	0.0940274417609506	0.352416463064747	0.187983726703221	0.218111630204499	0.208957720589434	0.132731901078047	0.295996923857315	0.290871573767553	0.209710361077426	0.141400320937275	0.328164406585593	0.0856668578683245	0.0660519702445369	0.137512737651206	0.255108850785867	0.144620729910468	0.447041054762846	0.301590087219191	0.0385976214101835	0.124787360084958	0.297000566515866	0.0955111987287406	0.145181449048352	0.139207057554579	0.318871632192563	0.433439227869277	0.198933573201662	0.271909699673189	0.209293631759314	0.405360101453844	0.0545591569107456	0.26660672777884	0.525707633608211	0.227900415075075	0.111842602348407	0.113677353160619	0.0974696175906131	0.146176144333241	0.345609012834586	0.17522743137249	0.349801577732198	0.427733753923302	0.0960378516975866	0.232080535916786	0.569507345882834	0.0517441365783151	0.257738175307435	0.0941418507848371	0.184576446275501	0.129926870964417	0.295792039615146	0.267880115838819	0.187351561219065	0.333575982036979	0.052604239060645
"SRR13357966"	0.677662972375055	0.297049454684162	0.659126442513903	0.530990625877454	0.367084823212457	0.325734673266208	0.273167594385791	0.335656113298861	0.405507553352602	0.300044451575881	0.231545656284004	0.273793934228572	0.298684667877381	0.279521075794041	0.748445989492145	0.454335480883274	0.543603226784525	0.273878530658451	0.208396475108216	0.407662910453367	0.579489541998205	0.123643439053926	0.318282899884822	0.211103183644784	0.223436460737587	0.414749245655163	0.435457266271901	0.583692648652358	0.459621546253305	0.200926992659965	0.363092114502737	0.321199106215942	0.0940063557398137	0.492935451174543	0.201159599214934	0.552031054879739	0.462812194071243	0.505172179807314	0.277327186012294	0.522524948536136	0.262241424023492	0.308399613215086	0.6558655397171	0.702730612799703	0.311968157050953	0.239433955202968	0.282545065555862	0.43226381084781	0.581053305886539	0.433418982003014	0.509984863391936	0.642945318168906	0.15421846857223	0.652534498424453	0.460147565891328	0.370888742657858	0.477618827538449	0.492012469018597	0.4436021141583	0.236217475670984	0.125457562101474	0.594777110035697	0.277639067650397	0.222892289291827	0.202319312793573	0.448668945876329	0.466216234986288	0.241044518619073	0.467820859037614	0.321030252908008	0.294659226657809	0.337135289572896	0.409307812553519	0.146654924868566	0.546683724394919	0.510495185560409	0.234409883134903	0.177781669044598	0.374299662924241	0.3359697392244
"SRR13357962"	0.0379346684365698	0.0215534265945994	0.0166770349487137	0.0450482752906269	0.0995987364951017	0.00819004938493075	0.0361364723941149	0.044578193868351	0.0167637679493552	0.0391410802486775	0.0522728504582447	0.00929066446275609	0.00511699984933836	0.0102524765189581	0.0318992534029825	0.0662664208908879	0.0247936807624466	0.0173985334105204	0.0401608501746112	0.0184946835683574	0.0188454324267483	0.00304988569636073	0.0124921461664757	0.0131958228015487	0.0661802669417392	0.0116995371193154	0.0142603706180215	0.0438381525016505	0.0048505984223236	0.0104691612660734	0.0331265185378724	0.0181164976505683	0.00473218724294011	0.0111434460770143	0.00751017782103729	0.0165416176330937	0.0306327762492074	0.0152297013514879	0.0092366319720342	0.0762243798719639	0.0128509403298469	0.0377204023202643	0.0413659504153186	0.00889198648499216	0.0159400619895273	0.0235967635551349	0.117892640846919	0.0152846217668499	0.0519549313809377	0.0232885613155529	0.00697495251787919	0.0268474266380682	0.0183698482238532	0.146933539903947	0.0429782935156828	0.0069204707676892	0.00912174385556877	0.00928029081785222	0.0216579842044142	0.02629576362714	0.0160614030217745	0.011608053203307	0.0606387065914576	0.0468129379975451	0.00772121539993052	0.0373360921787993	0.0310156156667137	0.0139652640875706	0.0172901444580884	0.0410544840372709	0.0205382043491184	0.050897056106123	0.0184748400520937	0.0199197127797545	0.0107230589088164	0.00492998794726647	0.011751301547152	0.0159332834810147	0.0235296835445646	0.0030021167958851
"SRR13357961"	0.988182888611024	0.991730319460574	0.95337941749438	0.83315581426985	0.854210297557049	0.97873165575104	0.956039277141483	0.848001643625496	0.970919823589378	0.995233799657233	0.990306370524888	0.952741482839643	0.980610676127661	0.933763214443184	0.997122383613559	0.991043193791507	0.996165552804284	0.990242924005365	0.956829367354701	0.983999631803866	0.993958811989488	0.98548191126171	0.965842487242251	0.976886589939804	0.997002903552464	0.989698271012341	0.991983686252073	0.958616308858554	0.992732859947447	0.981319472468425	0.985528119266592	0.988393676399083	0.970045908603109	0.974495508077299	0.97138663077262	0.980033168874213	0.982834329394966	0.999178612268351	0.964312339863788	0.998588156144514	0.983002314113053	0.990304022603873	0.99433777940191	0.999345551100074	0.978625235959249	0.987209774675372	0.991348379232592	0.893786446671566	0.977240989157802	0.980646172915275	0.941540590175137	0.985698481286566	0.986960247981483	0.985636179784398	0.975135586847759	0.995181558816733	0.99020841419218	0.977651722159227	0.996567562406489	0.993872276224311	0.995400047871983	0.981264301575451	0.971969479094934	0.996338814143921	0.996914171281034	0.97068941387264	0.984487363030899	0.997105844724125	0.996053930499105	0.849832179672038	0.981818482481618	0.993075588315263	0.996805089671855	0.882766454378639	0.979002045884791	0.964787628743246	0.98031353434933	0.985146838697879	0.977022718974221	0.981087118104751
"SRR13357960"	0.896248501731962	0.990124480068044	0.77360320667008	0.807102369980864	0.861152644684729	0.887754765626851	0.936344730426063	0.94897327129504	0.971651671182405	0.989656136526525	0.979707692862476	0.963292016571292	0.992661524120488	0.891534943529548	0.975285565302271	0.955634481858802	0.995549420150401	0.99101703645576	0.761631147871984	0.865707723645979	0.994707034109757	0.98669738403142	0.944352682098087	0.95649208638429	0.999142152314728	0.993078887401071	0.998819264550631	0.789893875543774	0.943341965393371	0.980821506194473	0.764703115688186	0.991185535581358	0.951573829699281	0.955216046251319	0.972129484227887	0.934917163810291	0.970937190876384	0.996531912230788	0.899978996363598	0.984699947781464	0.973009810712327	0.985894828266814	0.995669797410116	0.999462765138743	0.961766230397683	0.993690115025439	0.942914051490677	0.920519139708536	0.947245662854884	0.988379013517316	0.915470230935516	0.93629158709736	0.979165450684472	0.975309932494025	0.979453637898146	0.991682884363019	0.774363183283142	0.986326607358363	0.983265806497964	0.997012584933434	0.99838720063776	0.907770733394286	0.971598127846449	0.75689586842072	0.993574996593708	0.967864253177866	0.979602197961641	0.925688464467737	0.995300807053941	0.922514565274653	0.997016698615465	0.95335109282242	0.993557800600514	0.995266245550375	0.927426142270339	0.981146298563775	0.911632626835767	0.988880093182311	0.995402901571296	0.901797478082446
"SRR13357959"	0.359671227348316	0.528825849543872	0.49401797268392	0.239157369776618	0.282154312996356	0.256740527666653	0.215539769087038	0.302425886323836	0.454986333001588	0.350981002349443	0.186963252679296	0.186915171331588	0.24412354097402	0.506406125405581	0.56722220301912	0.242232782421916	0.536131997291151	0.484880463230245	0.0994221823284009	0.464276055458375	0.498942014477982	0.344283517680066	0.179402800735683	0.424322231603807	0.651955698537072	0.830083700421975	0.874690280817382	0.40062399735196	0.44753191257022	0.413621920164458	0.631531349783655	0.427944537006977	0.0757707667032478	0.136460598295713	0.633436722425789	0.368242497369405	0.435608174840092	0.690482091700998	0.186505717927105	0.873670158751241	0.383390012481265	0.477248569920508	0.811628495014262	0.893088773773391	0.231394594004509	0.331521221275606	0.325949206717887	0.400880407210334	0.563672011317574	0.235213796395595	0.12699432048938	0.189451431825277	0.342819406392055	0.366663156174097	0.376224478695581	0.196245847264701	0.253048208297567	0.644220675865349	0.437879112882532	0.657613069076644	0.775761545356387	0.436188750603747	0.402427541346574	0.347858245260177	0.625610343610144	0.435821383908429	0.551825993265648	0.259857232569763	0.6104424219974	0.178458350929291	0.56205598082889	0.400896802623129	0.315863496739411	0.172948730974482	0.27756183567382	0.403009475496506	0.1372599916241	0.246202989652028	0.394601511717679	0.132842423583271
"SRR13357958"	0.970314224219955	0.994704341250391	0.982165056251168	0.699799940344349	0.894042460195391	0.966028382045523	0.9586591233379	0.959112624571247	0.956442156666825	0.989513377181408	0.986479070838522	0.829831717095519	0.99410539036796	0.976907459134025	0.976798831969217	0.947390964239112	0.983611097193677	0.983750839040218	0.987334694488761	0.989309049936699	0.99093569722364	0.981138845674372	0.967075682728306	0.937103138725195	0.999272196277398	0.979157684586544	0.893169281257326	0.876485016456208	0.984610099906863	0.959992012647596	0.984339126640494	0.861599949836652	0.964686753742073	0.968018017601613	0.960191126854942	0.991919994411101	0.95823948211587	0.985541146035728	0.98204433449194	0.98669690848314	0.964808764974806	0.99691769969796	0.953375205951254	0.990712520521741	0.980004726383048	0.987343251839671	0.963083515755211	0.864819345249439	0.912783908344179	0.97500721500065	0.973639216771823	0.967164836499824	0.970644560482187	0.995108038389765	0.988668055094895	0.999132366964917	0.957812094389375	0.998573092108548	0.989232950887223	0.910243597965749	0.991962814308996	0.994175485010678	0.994540991065644	0.992256858412931	0.901797023798527	0.977305522635919	0.986069325858553	0.986566486160606	0.986971657566277	0.954612906521041	0.887693229736585	0.986091747724263	0.95010964570752	0.933622379584473	0.976184828790505	0.986042381439246	0.97276569742899	0.986300124373077	0.96817880879252	0.973221116926429
"SRR13357957"	0.975807535536262	0.981269553414716	0.990083185333778	0.949145267499348	0.868460406992623	0.981826350827106	0.965798082476839	0.876053423613911	0.933796599513681	0.968929466250704	0.991726686521402	0.985203112947007	0.978731665533616	0.900526819969765	0.978398565750069	0.929739109552989	0.987108725313213	0.956354406679153	0.973591786044625	0.97109156593874	0.825119413515068	0.95828045174088	0.939579066426482	0.932385521108415	0.923704498469114	0.953482185202546	0.913059052239291	0.958523057783956	0.955811479148136	0.960970961345139	0.987575691397635	0.856951680209632	0.957484454251143	0.946533641768069	0.98367186202545	0.952521076714886	0.98217051264513	0.975400666696794	0.984803474712559	0.88187076470212	0.976994897922319	0.952760494527152	0.963136718922267	0.886737702682018	0.945149340307911	0.916986282601138	0.794079350183667	0.926827645803948	0.945811565463998	0.97577874050268	0.96538861852788	0.916164481605288	0.945780984692514	0.920994133187248	0.766287705993769	0.975811136505485	0.992429916515637	0.931580078176326	0.956718045878303	0.707345087633907	0.873187196265799	0.970540619081717	0.67921304658202	0.968910411789109	0.899069529539831	0.875744601874743	0.941002832212928	0.963174827642526	0.94592368560397	0.986992451996703	0.726363067149687	0.967809745937257	0.983790364263706	0.974578639278962	0.986051753357139	0.945870770292878	0.905764481267333	0.969937841128757	0.893191934893079	0.973184509794557
"SRR13357956"	0.866892464540695	0.86919049258329	0.925293419686342	0.885420426290829	0.806783674250111	0.88586679049257	0.823267051815256	0.541860906759037	0.900802638814334	0.817160482913702	0.908746600516455	0.809018092893806	0.890634493757949	0.688151271325842	0.882224426962829	0.709287939947702	0.867560207083572	0.82017195921725	0.792434106592872	0.751328366948402	0.899468600385249	0.605531187958066	0.838267410844776	0.615522597190313	0.801163775952212	0.798694497472557	0.835900626699319	0.704638730324162	0.883152622875588	0.806390306626423	0.869611453092144	0.852659320134941	0.688238141119482	0.860130236887566	0.764499682516236	0.736218875584944	0.930562160499322	0.90132790609538	0.936334006149999	0.893046545013194	0.686705385613352	0.85379008530773	0.954796234124787	0.928957033736686	0.784152408978226	0.781256944892923	0.543138223982627	0.782012899738317	0.814208057966066	0.90202962537495	0.886039440642372	0.862163166971536	0.662572274901809	0.902872241577596	0.843718479751496	0.854895511667662	0.924975195087639	0.926875169604952	0.762703778872493	0.873702189500785	0.597540911660034	0.756862017660802	0.667359404221999	0.794110294140642	0.891980352844908	0.875112840601341	0.852291856341376	0.909794981809775	0.784018147732131	0.909230590093542	0.680466362029222	0.917703019649304	0.885085253976419	0.851812452482772	0.86506839126778	0.923588705711056	0.802727529555092	0.796472084863506	0.861500003406661	0.770419839352012
"SRR13357955"	0.779091044799942	0.907129423790506	0.678935092003794	0.760159665470552	0.560191586527237	0.594013550381389	0.570973760637666	0.403962915005019	0.817807995404506	0.750655114151515	0.730088518243008	0.788215668487925	0.816551523148875	0.489768392509489	0.821895101412248	0.783577455875098	0.884488006461605	0.701931008621657	0.648370773637333	0.818121150000091	0.699102295492055	0.638437914571839	0.824391878841296	0.574082068659613	0.837159222351042	0.714668862539675	0.828542659007872	0.780902671593043	0.829737082506584	0.842906076848588	0.664792955600347	0.890712175289846	0.802157202362592	0.914144245270111	0.836001861677228	0.608202745372722	0.757191076526663	0.669860356008497	0.405810621576133	0.309755174970434	0.681022127999924	0.411846659702245	0.860203990618407	0.883912418983515	0.930580427015556	0.778661717083978	0.668012149845493	0.856625777196619	0.837988101227366	0.849291916771213	0.685312099469792	0.942827144773344	0.522222056577371	0.886804681208266	0.530506348513686	0.802065128937521	0.703212776981167	0.660978498769692	0.692407665420098	0.762318083713425	0.473731245740981	0.836904350185893	0.640912291435133	0.398198923454846	0.795695816645468	0.796684038309452	0.63091107240392	0.68348653094281	0.823559668025716	0.639467586247917	0.651597111676992	0.689762604513575	0.811831477318778	0.591589609277562	0.787454548103139	0.860280694375056	0.644498188171663	0.794600280932653	0.755012674080713	0.714727330097162
"SRR13357950"	0.332253573126076	0.206381454140404	0.450834267183911	0.255549943118976	0.273394219557639	0.413589579440997	0.355047464667429	0.181796887208895	0.134899534256088	0.105200714063544	0.254213128914801	0.467683696448673	0.164790364251794	0.160784414911422	0.127644433602369	0.137746373868538	0.140587864355469	0.168126741741195	0.222261891035602	0.357088934631686	0.163001163979055	0.0921993158937537	0.317605530260495	0.159036207712528	0.400289910865343	0.104861809522226	0.0899343587226289	0.364699286599987	0.275176045838932	0.299743101877788	0.156429867157892	0.197047823045904	0.155731961002338	0.23256720084036	0.226030607766173	0.0994312163705509	0.215382488654304	0.0894766391844129	0.255114378148076	0.308578084822297	0.225234710225019	0.303903586935509	0.139167914995193	0.0501539758661349	0.151450732500143	0.0815626848601463	0.181440624185341	0.131325422451187	0.161123092042845	0.312643701268219	0.269267513270516	0.112100426799331	0.092447137641454	0.151521446600739	0.147471724249454	0.386474300539698	0.340275589453056	0.107143539066963	0.105774823839308	0.295263429534894	0.102382788475788	0.0725255704569302	0.275124940834743	0.299320271484571	0.110340672000405	0.435311892677211	0.340909680626954	0.165635333369073	0.182251159171449	0.116024519747489	0.181226525193874	0.185557668508669	0.385633386491041	0.0872110353468798	0.139618901065434	0.156090138321466	0.2390822986398	0.205495275073775	0.359604005617587	0.114215557443105
"SRR13357947"	0.851020413845976	0.99113609308242	0.952311958518785	0.88780222536455	0.771822528186555	0.946960128519341	0.786062584004703	0.869070393629172	0.978198466511661	0.975698135871291	0.982842151533231	0.95584208743771	0.994477755579987	0.954435565491028	0.877904676657472	0.950752415368571	0.951245482106564	0.93770560276457	0.979678097922716	0.944438335579509	0.998363983350531	0.977827745546941	0.971915992769737	0.958833009886704	0.961251389655065	0.954246913089825	0.967239339550133	0.779839346789015	0.990484288696577	0.984085421945546	0.867739695321506	0.944203533052885	0.956551169785597	0.969028322174151	0.988940119013476	0.954633454229721	0.964293422210238	0.994423281085514	0.974635852206396	0.969678228314118	0.950678436626933	0.872332171142467	0.988386359060468	0.987695581415126	0.990104151747796	0.956653122152235	0.817086041930367	0.988102196456262	0.715534486769004	0.985611996704545	0.916627361592766	0.789174908605528	0.883637837835227	0.936447525927276	0.991430091732652	0.982924553527791	0.972316422270364	0.914147773449515	0.991523210836863	0.989922327807609	0.986636401767978	0.996138541147176	0.895280692120144	0.757270881382726	0.974321532630316	0.993584942372426	0.988077186378185	0.991535764743634	0.932793334586414	0.677982463768543	0.960373239018428	0.992515990823802	0.991965741340801	0.978173048757409	0.960565874643471	0.952658584988131	0.976026408369804	0.98597681206031	0.962400959489106	0.976191221121695
"SRR13357946"	0.953690469985675	0.988685759678881	0.990155846835792	0.916084090087405	0.967178129332025	0.992964186220823	0.97452960919049	0.984542922605596	0.969845619288814	0.98346548023771	0.986928694245206	0.972811700216564	0.992209369166432	0.996281849517929	0.96625252327955	0.980570976243543	0.972890958222524	0.97458374626223	0.997044375822309	0.988537160996096	0.993739672156633	0.997490348360412	0.973092814715555	0.968824341826214	0.990438273977254	0.975421209708078	0.9726272419633	0.93584615064002	0.9943024726821	0.992232413550463	0.990733847467267	0.926279575415942	0.991627523671512	0.953987436299051	0.988030695726245	0.970727062490285	0.973191334193896	0.987102956270282	0.971201518869388	0.988064632686737	0.950426520767079	0.991195483385042	0.990713522675415	0.967786674502812	0.980342627204475	0.95886828206467	0.989856321814481	0.973260393250329	0.899718754204186	0.984948339770911	0.965083826186137	0.959817434529394	0.965053747015191	0.945178464984761	0.97741482052645	0.99766144299448	0.97884125143609	0.986808582438049	0.988545623392948	0.971439945403766	0.99105716889163	0.99323958101849	0.980440391344417	0.994333196062006	0.977647103372987	0.980863347740425	0.987971287775289	0.986074430246743	0.980805830849728	0.969332332935546	0.962467438362233	0.992603633840946	0.984219165102519	0.989497055133869	0.96481290456183	0.987851496892933	0.966963440141655	0.981652855684683	0.97993125057323	0.981232443217875
"SRR13357945"	0.972383084884956	0.98857161626895	0.990745115378222	0.896848380385712	0.949998326926779	0.983857216880185	0.952702882062832	0.933058579934908	0.980955629840743	0.984640075122834	0.983245646894594	0.952879415447712	0.993586886258648	0.977192356248935	0.983994150294724	0.970030573533621	0.984126747223007	0.979053858081158	0.987959671043443	0.983056090159144	0.991172340593231	0.994995455184518	0.965090828678685	0.949212809034401	0.98714710377697	0.954282862747025	0.982330088529254	0.942234062134151	0.993725953605638	0.974526378767846	0.984467394257028	0.967336507711727	0.985598670866447	0.974921972757592	0.990963974266571	0.989885743163157	0.970834873607403	0.988441146158752	0.964302160649999	0.987100342212341	0.971341099664849	0.980311617949683	0.991408374911736	0.990378935812276	0.974221042153377	0.96476612831707	0.978872271668468	0.976370056035683	0.938386614584918	0.987664622397707	0.964377499913136	0.955490464539373	0.917509043861285	0.964755747898114	0.946839105641214	0.995478207365315	0.983831544380742	0.988613384718236	0.977450663099729	0.989328131032838	0.975751411462973	0.995527119822521	0.982698031247317	0.993576869883268	0.982223285407305	0.974120240546905	0.967270560643528	0.992604476620212	0.984325405458018	0.958276987655749	0.957192831731525	0.985744601440077	0.982461377313328	0.965376015615722	0.974434990293742	0.991569694781577	0.971083226809453	0.94163133668657	0.968852680189279	0.973029444160998
"SRR13357944"	0.998888762500989	0.99998021480959	0.999845178286805	0.996710232117019	0.996804883330681	0.999634245407297	0.999078362091047	0.998760658274038	0.999799756101416	0.999945612742446	0.999128506852967	0.999550296043964	0.999994197496208	0.999835830174826	0.999810450348861	0.999017707122782	0.999737857973141	0.999739299684352	0.999925088556006	0.999886032296905	0.999937263455675	0.999987010395551	0.999658596260162	0.998859645160297	0.999962718282169	0.998121589633347	0.999234376660423	0.997237103682696	0.999939943786188	0.999727944402504	0.99969061466607	0.997675949074914	0.999986236855704	0.999654212753252	0.999723185152866	0.999756970300807	0.999740417386276	0.999962279938704	0.999781895314019	0.999918092870026	0.999525488536189	0.999908626658004	0.999583619815214	0.999733481297962	0.99996736882977	0.999625611850713	0.999469088105185	0.999939225754863	0.998835358540589	0.999921478943842	0.999507857108708	0.999101157070816	0.997201490689885	0.998550800132679	0.999804846949523	0.999994426110402	0.999334677929438	0.999660265895202	0.999644295263226	0.999023241195734	0.999924488060091	0.999972842531502	0.99976264621668	0.999883128797937	0.998563931452777	0.999922367574448	0.999779610882748	0.999821657468445	0.998812167094706	0.997964902120263	0.999807238788505	0.999676104407837	0.99975738009852	0.999954330358937	0.999629024606207	0.999945632131266	0.999818112232594	0.999657010438989	0.999495982679125	0.999835489923045
"SRR13357941"	0.541975120509473	0.202442196407773	0.729047341986807	0.563768362651439	0.395277387193449	0.364794450533537	0.297527625208417	0.0776155604170343	0.299013931028579	0.233396526534743	0.328910007432083	0.140362985023634	0.162469312279602	0.238630330816137	0.599474231560806	0.312973156037168	0.462795072114235	0.177494876991114	0.439621935231295	0.355195278659209	0.385566395861328	0.0472143579529755	0.365831072275117	0.215275786099726	0.347399897660576	0.668600087460317	0.218183039473303	0.309821219768169	0.605632470026544	0.299781892995074	0.819964428194317	0.182004554644683	0.0221233036504517	0.118219613322077	0.201050554986548	0.122987841020105	0.539757621590788	0.392041702747271	0.515011089221561	0.35262711971558	0.173076943707221	0.479283034731766	0.766199373133077	0.638613068808389	0.163581370423472	0.274355257867319	0.158726053387112	0.292132672493284	0.340419455056371	0.356738319474335	0.20308400511668	0.457759484986953	0.0743223376797766	0.460602117912393	0.298218649097103	0.261146671102528	0.69460739134582	0.719466437386575	0.299053798781098	0.36788500308144	0.235224893538485	0.37971138400509	0.0927076451387631	0.446023333081821	0.245547031914787	0.610549953873609	0.371353541418715	0.549788954960838	0.250315268503927	0.251070914023598	0.110989389397361	0.711839908032132	0.576958530218851	0.12827417213302	0.185598219950462	0.102102698774711	0.21855368118855	0.32165293888556	0.364080308580118	0.242045811623529
"SRR13357940"	0.996040297590045	0.999525485287838	0.996910353880702	0.993568247257214	0.985548727122895	0.995452567055787	0.99661015299018	0.986889903644987	0.996247982442799	0.999286964151842	0.987047364336594	0.989110081209745	0.999733116620635	0.997375884948863	0.997914370293581	0.986733637634978	0.998534440291173	0.992303791846467	0.998155687599146	0.997014511395698	0.995084158747523	0.999339364413968	0.997298519949067	0.940665478887505	0.999950230940416	0.996672263927406	0.973424737103475	0.98770993439583	0.998636788978206	0.991132055693141	0.999580504523341	0.972783657365709	0.998615485783525	0.991481308411959	0.995089191374733	0.998429715952117	0.997224111251402	0.994274336129567	0.997949134124754	0.996620208623987	0.996070983397122	0.999556462946764	0.993505455583165	0.998485838196216	0.998098163564223	0.996146763183515	0.993978938580169	0.994633621059639	0.992012079738911	0.999333220751563	0.986082088212544	0.997022290839225	0.97973265056384	0.994012486923626	0.981643677453149	0.999927593430153	0.991572830121137	0.998986649061394	0.985813111823336	0.983547896591176	0.998938641619721	0.99628181882773	0.995938224156536	0.999588881747305	0.98369008025824	0.996784189883933	0.988759904014324	0.995645812799883	0.995655787135146	0.997057063480016	0.991957332246377	0.998834492518262	0.997634568644071	0.999018147881286	0.980920471029071	0.986199594313596	0.995609899157337	0.99757335411913	0.994563755133102	0.993533210582513
"SRR13357939"	0.972679282659729	0.975230761680584	0.97956551279139	0.961976731119256	0.907790786599924	0.964312799695535	0.966769956193654	0.944460345797013	0.97920955479756	0.983512354399226	0.957864317646056	0.931390124206415	0.991444685995805	0.940189237636366	0.987359483698256	0.939978315858545	0.992255772059746	0.896309262062224	0.960472619111282	0.972709240858124	0.974379811740763	0.966913513629607	0.978955427780843	0.835627081717585	0.995264017183465	0.978592836218241	0.918964535757413	0.91882786082832	0.979011272312439	0.92097371148624	0.988296693504352	0.911031220449196	0.975535527282846	0.978014122942339	0.975330041466563	0.963930876998824	0.951525643275798	0.984533522682564	0.980634133024668	0.978156076215495	0.977412167245096	0.992542353198357	0.972473317716444	0.98364782317451	0.952563594467162	0.970607136440705	0.91498275614682	0.941815735332671	0.925743850140546	0.991667900663231	0.938344149257555	0.990462818885292	0.861716777101259	0.972521477657658	0.882538684518287	0.99206031273063	0.97036753741192	0.989672913930079	0.913227867285929	0.965943110929557	0.940734427322948	0.966592312192711	0.914476432775214	0.985285328354525	0.970683102910099	0.970876962378356	0.9667745966632	0.986314819717565	0.984813793246222	0.911668798459883	0.89105664539725	0.990411478671462	0.98324135431093	0.953767061008538	0.875617426230759	0.955426083839497	0.968968073546287	0.913991542905863	0.977943214330455	0.960351096679534
"SRR13357938"	0.696855090423405	0.57198925573578	0.604740273947091	0.565373351735457	0.404571434933838	0.563352310888216	0.524250938707004	0.255357717464796	0.340520921153081	0.386360065117317	0.590143906846836	0.222746870174289	0.485507867658583	0.407299642091528	0.705172984544329	0.459977867716038	0.757515739853202	0.340023739905226	0.576939158520189	0.630167490964527	0.403789410879703	0.221578831193208	0.621261496374206	0.340981149226257	0.685879607801956	0.602672190582509	0.289427322590857	0.607670637755911	0.715782566970498	0.43549082481382	0.844158336502579	0.379748665732323	0.24041841874972	0.314520872506143	0.607773702119052	0.439917817557451	0.456220392036681	0.539643942140807	0.575841745314436	0.333964850134814	0.41610973239715	0.780381900336078	0.700534423986881	0.626078426672163	0.349558614898535	0.364710899650714	0.526588204344124	0.386566557049924	0.483131182056582	0.753071768723242	0.291569327226817	0.619559772719247	0.183016075666974	0.638351030149844	0.275910730685577	0.764720475691644	0.639786654894578	0.62045305911098	0.440347662647612	0.543426769187538	0.407049227168808	0.555142307339408	0.39554940966411	0.722424698585803	0.412219389011674	0.693542003442326	0.4305978250329	0.477120804388269	0.579853323540011	0.269628425206404	0.154603413349968	0.845981964453899	0.661415156017085	0.271476589622355	0.327773163917112	0.201118543846665	0.215207334391081	0.399918433557458	0.601941550837784	0.468984396306751
"SRR13357936"	0.318898843901917	0.734743852177465	0.512999690084803	0.184674336703293	0.362194418891894	0.833796541170528	0.262996299744444	0.445163048066702	0.329043611912879	0.531198147196149	0.503361287910115	0.147876687441289	0.405707196244373	0.411781609344042	0.446761538798081	0.618062248419164	0.33710828654544	0.621953806841577	0.730618403737863	0.201182279861275	0.822561323203922	0.029093179463375	0.41699346058822	0.401461556545521	0.198789882145333	0.0397753969524091	0.265915228876497	0.161009542626016	0.480987251309279	0.573985141946279	0.505578089929247	0.083254965390005	0.371825096318228	0.174031430657686	0.427384874979679	0.203877485167627	0.386172218999327	0.943933206831467	0.652581415658154	0.7682672666684	0.22760137533188	0.860825090350482	0.515115034709216	0.419535774110111	0.643967205045746	0.21990713872224	0.561713609503542	0.0850858678258149	0.11835709459821	0.523699015670661	0.66340878964564	0.593194586539466	0.502571269147751	0.768504640040327	0.752236168091212	0.927428887189489	0.416059124317633	0.200206040108029	0.931110405361922	0.430625289322354	0.270343536930175	0.445868753794675	0.739918675031723	0.627143714056973	0.336958539909969	0.513579369335805	0.814644338726665	0.61891728269006	0.046710554428181	0.273221862400381	0.118495058159809	0.630992818125567	0.202362256947454	0.283152223280742	0.841839681990938	0.622147871304039	0.107833392530915	0.626668865491894	0.562406473065032	0.34259872805724
"SRR13357933"	0.82168591351697	0.909224345046038	0.878795295361167	0.849042954906546	0.892601007009758	0.921241836867693	0.8199733711373	0.755152733871097	0.964162605031223	0.920288842712992	0.947535986746604	0.933026513141357	0.916234206149978	0.691448866360018	0.852401302192307	0.732983860862245	0.913744427053484	0.906840327284029	0.924858175449888	0.906977645828548	0.962951254281801	0.938194723497136	0.887905699194571	0.65701575248606	0.961578287701999	0.769200366546259	0.923697655832583	0.815385397977566	0.844364290010611	0.832644120140395	0.871012978180418	0.874290917903151	0.965660930600085	0.941368371273368	0.823645823588468	0.809985974460803	0.874852258248596	0.905218971953561	0.857814305803013	0.912300950863325	0.868885329407015	0.895473622789321	0.947510808230712	0.885876156241592	0.96291098598381	0.901846229283321	0.804812251726922	0.869528673360163	0.807204331104375	0.954642815619689	0.830576977303028	0.951623140911333	0.555069000182559	0.941346739332502	0.87253640141211	0.954100226740509	0.865939435016924	0.752002587851301	0.809276611960035	0.904746514616645	0.709852100047005	0.921310231326073	0.867324798613431	0.921439341721342	0.861823407494415	0.947282338555	0.935196338195006	0.875114273235096	0.933849087001153	0.858315053217911	0.817554319378464	0.919436049355606	0.949730015817115	0.934216278343572	0.821375223707666	0.936503041704528	0.869240029003534	0.889216748045294	0.882396418851583	0.781562981127821
"SRR13357931"	0.939186498646726	0.980196233663765	0.975475222854414	0.899739329163064	0.947701670060634	0.946670762493344	0.928735526388197	0.885753528171397	0.977453220347132	0.961933749266184	0.970819025413772	0.967073570211569	0.981912427246678	0.949421303879885	0.967189180801818	0.923606675872631	0.975435520489047	0.960501008453689	0.986117045882941	0.961729619566337	0.980732268772262	0.976119414514135	0.962853955240216	0.84116714178647	0.987992078724707	0.958762560494314	0.959989676953795	0.913927552711828	0.951302835332411	0.953462928088296	0.974115070188074	0.942092858532157	0.976430117758727	0.977858280481454	0.947825613819695	0.911514073263998	0.965705530041539	0.927168014939222	0.987158577931987	0.978446794859504	0.933761243908604	0.946040565019853	0.978821616975117	0.968712045135797	0.984912856175534	0.965923176560026	0.938863576601166	0.960054841735759	0.926804597147376	0.97263099227614	0.954100047502092	0.966724652453121	0.68020139512479	0.974232665969071	0.916403864260518	0.994906012346819	0.962619671283247	0.98698790940175	0.879989521207471	0.973993976509194	0.88558219148043	0.992149687588605	0.959108649241953	0.985841212880453	0.944037322335145	0.959141887934777	0.960267668522943	0.969818355802225	0.978301265030224	0.954539166031195	0.95556852382209	0.967612803484751	0.982088453995706	0.9760882804065	0.953527559717165	0.988563352283955	0.963401378816281	0.965216520794367	0.963151321430075	0.970911465192522
"SRR13357930"	0.953294563952616	0.976248117787969	0.978154166792666	0.928653404107947	0.945087738003116	0.963907929166649	0.958826059305193	0.861993933560869	0.986017405267357	0.972289399737027	0.983637202397278	0.970802611797717	0.977928067305845	0.956554381416572	0.978431380124341	0.934531986224112	0.972032985262219	0.971557484525802	0.990946037717345	0.965296948002541	0.986938741541971	0.982810091565315	0.973433010677291	0.810506382750804	0.98548187501989	0.958079810794174	0.9680658892556	0.901312871400552	0.948288144099757	0.935301394047537	0.97809244107813	0.948036102697603	0.991835767868239	0.982215330468751	0.964586531927324	0.919807886507239	0.961742406651011	0.955312837418579	0.985545159966864	0.978117018694917	0.942994795932435	0.963947231621959	0.987590452940961	0.973477501523037	0.988383826273557	0.970897857952297	0.944881966363666	0.971472076429299	0.941881443459919	0.97939373880016	0.961072478294137	0.985081723588417	0.748303399229812	0.980550953960066	0.930049834217549	0.99679360213389	0.982351808350964	0.973051001512552	0.93296584541205	0.974715389903285	0.909039136677955	0.991151528745684	0.963758964838589	0.991994936868859	0.954795491753869	0.97268585083559	0.95954609670656	0.982663978980325	0.984132674592426	0.968875219794908	0.958136826687823	0.980347136395055	0.987830291162212	0.98076626509482	0.975558826989624	0.987136607997324	0.970044986053457	0.972879124910547	0.950019141181865	0.974948150725906
"SRR13357929"	0.896986376850388	0.927208881646394	0.958910074284369	0.910666133535815	0.907670392346756	0.898839415557161	0.92243170320644	0.51027691180077	0.972939573554854	0.945151597009009	0.973053628947002	0.952834798910594	0.978012278262281	0.761615450052328	0.955544443554658	0.816603085893397	0.924652617777618	0.930647301968892	0.959419460948402	0.937789285735624	0.927328309762769	0.942365833282774	0.961389044164761	0.72362118049389	0.989609325484904	0.956030256481215	0.958819932544366	0.808807445387613	0.897744539170173	0.782933354072526	0.973138491527281	0.913491975012844	0.881119807314408	0.987632345785107	0.860664743396106	0.852316474676589	0.921262850346206	0.962885383935757	0.977434409199346	0.950486238403164	0.918687342600017	0.828670967142273	0.972953831465597	0.911315787846482	0.970752924735256	0.954363307445446	0.917664437380726	0.937405386805082	0.90504623083259	0.967168579797309	0.944383114124604	0.982582573479116	0.694543362322173	0.969942600605898	0.765385736635359	0.983608562479347	0.967247873161484	0.982573595159796	0.805977000418268	0.94612852617123	0.863428953345632	0.953284758607023	0.951667388234585	0.98331278102084	0.941619146935879	0.96535050889984	0.895290340776312	0.959990243420722	0.985218230258381	0.935024379431908	0.874272283232522	0.97171539952102	0.96552232557881	0.924620163164455	0.944721697452478	0.965089051927441	0.958140455453892	0.952988206710587	0.878131556746975	0.953385469643692
"SRR13357925"	0.235731701862335	0.0814038351550699	0.194011054367998	0.191112911887401	0.13490329322643	0.0748510127641595	0.10291757323174	0.0927533174954347	0.0782053330676532	0.0385391237328223	0.122681278239567	0.0747945325994536	0.0197450884897816	0.0433819112297771	0.0669461859594639	0.0979978582924644	0.166097551230473	0.182617529069175	0.0702465174546888	0.172720919612866	0.052401693746605	0.0215233086746271	0.0766580209631146	0.0639065885750074	0.137448375325508	0.0407346889120047	0.0919666929520078	0.255694513845967	0.0723079236878363	0.0747765210075761	0.0356786988188555	0.0818524859485104	0.0212729954646438	0.0818060161998341	0.0678642009753947	0.0549802681675498	0.0606203103351029	0.0131089598169944	0.0545369939458197	0.0519294499641762	0.0433400931810332	0.082211855605916	0.0446202760814088	0.0981644562330821	0.0881761080900294	0.0840176341381776	0.0374109807120709	0.0486250770427707	0.185008670238113	0.0556843013549337	0.0767841005853737	0.0827216597061921	0.0404876078074486	0.18907338023105	0.0834757303136631	0.0364533746452109	0.0753507810360363	0.0833199214997673	0.0295242297200973	0.0765822074253612	0.0254694361781943	0.093187175162932	0.115787016985842	0.0458702763893376	0.030563547615782	0.107312548123975	0.0411589385133039	0.0329614552682353	0.0327880824481745	0.133368491948917	0.0507363158248252	0.0664510384359911	0.0658275844391765	0.0269035973343555	0.0449583113161396	0.196242595412404	0.0766043736878582	0.05231515906121	0.212302067002754	0.0404698109064698
