"Model_1"	"Model_2"	"Model_3"	"Model_4"	"Model_5"	"Model_6"	"Model_7"	"Model_8"	"Model_9"	"Model_10"	"Model_11"	"Model_12"	"Model_13"	"Model_14"	"Model_15"	"Model_16"	"Model_17"	"Model_18"	"Model_19"	"Model_20"	"Model_21"	"Model_22"	"Model_23"	"Model_24"	"Model_25"	"Model_26"	"Model_27"	"Model_28"	"Model_29"	"Model_30"	"Model_31"	"Model_32"	"Model_33"	"Model_34"	"Model_35"	"Model_36"	"Model_37"	"Model_38"	"Model_39"	"Model_40"	"Model_41"	"Model_42"	"Model_43"	"Model_44"	"Model_45"	"Model_46"	"Model_47"	"Model_48"	"Model_49"	"Model_50"	"Model_51"	"Model_52"	"Model_53"	"Model_54"	"Model_55"	"Model_56"	"Model_57"	"Model_58"	"Model_59"	"Model_60"	"Model_61"	"Model_62"	"Model_63"	"Model_64"	"Model_65"	"Model_66"	"Model_67"	"Model_68"	"Model_69"	"Model_70"	"Model_71"	"Model_72"	"Model_73"	"Model_74"	"Model_75"	"Model_76"	"Model_77"	"Model_78"	"Model_79"	"Model_80"
"SRR5865065"	0.999904336606689	0.999707851980609	0.990542993588398	0.99917768591675	0.999084573600971	0.999986967580065	0.0638688509273425	0.999150921891943	0.00689592660386518	0.999997202338773	0.991423430548807	0.999989524096985	0.999502439424893	0.999984420167152	0.927132137095617	0.988648552577952	0.972009008398772	0.999946645243801	0.998909375894902	0.992001012083751	0.985215895503359	0.999975252142479	0.999992844781675	0.998956424821464	0.972248018945755	0.915279795313297	0.999998875132255	0.992553466815718	0.999985444150867	0.992539187578482	0.980377535567669	0.964525525219836	0.999894020890962	0.99995186769514	0.470357016051509	0.964259603428654	0.963281287378358	0.999722429035227	0.97344630926073	0.999522069308633	0.827180574170297	0.982396427010747	0.99869545234286	0.945485906570955	0.987380373446609	0.999642450244854	0.999958338762041	0.997736890169994	0.999977731289713	0.968514628474266	0.923798364824162	0.997905419260226	0.998730799162246	0.242656969699906	0.410393624643009	0.99903447329887	0.998766726248399	0.999999740040081	0.999968744272441	0.994425249434532	0.999935307975503	0.971317412823087	0.0935327645188783	0.999970118104301	0.999983037704639	0.999767764243003	0.99991775888081	0.0656172943969827	0.937413328582112	0.879357828384396	0.999981219396891	0.999356090626652	0.978576993590965	0.341657158816331	0.999999997645464	0.994039385662389	0.996488245336445	0.0314107219559686	0.993626792163668	0.975205343418295
"SRR5865066"	0.994549167639012	0.00259397156813452	0.000451801736188125	0.88697268668465	0.0109241792108679	0.450879143202075	0.0852555732238228	0.913466869056051	0.0082797421075054	0.997134292302833	0.506185573742915	0.808889114330043	4.34476888270572e-05	0.00267739423576881	0.0128843852224022	0.351618382608897	0.00294300942084931	0.0462442620078362	0.342983342057862	0.0036184391124003	0.0182551242308552	0.0557063593429912	0.964670999539933	0.981744217472172	4.18635311817383e-09	0.00249978039164754	0.999985688252884	0.00464766340074205	0.00954731914466246	0.00237821562684777	0.00115093087072634	0.0704219565902313	0.0154532191444006	0.0965327025476436	0.0208694738816611	0.0510789169552204	0.00046942095716296	0.157503858072282	0.000212554525596005	0.369672546642059	3.32986059760842e-06	0.0263719038856342	0.999863175265345	0.045279529037858	0.877928912280758	0.999889572155468	0.404630553132066	0.00092204198648819	0.870742345964833	0.923801000699942	2.23338887185311e-05	0.0729757370493747	0.988907590283163	0.00774320574697857	0.057154129753586	0.0273750047879697	0.00633770036778112	0.403371893354873	0.489314310667038	0.000791141282252113	0.999743153074456	0.981696293427224	0.00179358877301362	0.280239705294111	0.997835440831604	0.00966573778466836	0.872011940054732	0.00138982074463724	0.00992366075007112	0.268437367784758	0.543196667500535	0.999914944579471	0.0191007476266623	0.0044186372797787	0.999999999314053	0.981803402040013	0.48143375193976	0.989975132353723	0.824175798072827	0.0437886464416649
"SRR5865067"	0.262489189522715	0.0240586289974568	0.337981195782563	0.197798707730052	0.202147752613094	0.0850488236236604	0.0147167144527492	0.0677252976723489	0.0704791459927488	0.910428943794482	0.212577453520283	0.122711327053051	0.156271439029444	0.970689948324469	0.93964147323383	0.280881380922236	0.0337617503978668	0.121427057641015	0.12357866564177	0.760199291184126	0.450959271151902	0.0279166523456087	0.56933259372333	0.51347877529335	0.0340906843920964	0.686939982014589	0.572511558183663	0.0240709840523203	0.361673587696716	0.291358921411902	0.351711848691838	0.857327466492751	0.0539432368679688	0.062463485290255	0.0939902061089132	0.288207510876291	0.226086155866747	0.208578223313332	0.651979805754683	0.52101392370232	0.0274550780467367	0.541545813234363	0.0127590810745666	0.49699479365637	0.487363796537559	0.038185672483699	0.114418526328506	0.014000393732356	0.0266282827991574	0.0839157291935319	0.751094979320615	0.698380685217576	0.120520406936686	0.0373769482045631	0.103962854957422	0.0799654598607988	0.528092816784901	0.104099840287575	0.0137884918926417	0.8329543936651	0.000136597500014923	0.129342988542193	0.881499047183186	0.793219568541804	0.00804359437633588	0.0121279768147213	0.456787203478507	0.54526051246355	0.34110956486862	0.140239020640723	0.718630033101525	0.764054354808103	0.0558275175687622	0.032646867471065	0.777688535427794	0.952497816928776	0.964739435717781	0.0904786894079071	0.801551888896828	0.003135008658298
"SRR5865068"	6.43374404360503e-09	2.5856054573486e-08	1.96871789309621e-07	0.00387581385855756	7.08006196392224e-09	7.43838865589515e-05	2.6868865031211e-05	6.60870347461756e-05	2.1720680318791e-06	2.14550024980043e-05	0.000132949285395501	0.000250890135763614	7.65550555678688e-09	1.40206434918138e-05	0.129761887658549	9.47818318784508e-07	4.28508765095702e-10	5.56445892655948e-06	2.80335652782355e-08	1.98274884248564e-07	0.000194550313111076	1.61790323821213e-07	0.00184041454644248	7.33837631864857e-06	1.57188698478789e-07	0.000126617862185273	0.992778911016076	2.86967826329822e-07	2.56993436784885e-06	2.16790943952558e-06	2.95540067444729e-06	3.10340139967154e-06	6.90648726646709e-06	1.90837408716742e-05	3.23207029520958e-09	0.000166384314036898	3.44607840228847e-08	1.30615649925348e-07	1.59558138643214e-05	3.68949523709288e-07	3.69646552846551e-11	3.11624325826174e-06	7.61067014275663e-05	1.50048444764749e-07	0.000568901151608712	7.18785899389241e-07	2.75175681239793e-08	1.99292573787929e-08	3.98052027525802e-07	0.00395372619941179	0.00026967854430356	3.17749116062166e-05	0.00043978920807371	2.12371145038354e-05	0.00107488694115295	1.77850207947674e-06	0.00595289674279284	9.58823853942386e-06	2.11704274417167e-06	4.74890590719074e-05	7.33898568835886e-10	0.000282651925127318	1.18308986553794e-07	1.3979054225212e-07	2.58062266393234e-05	6.37818425841446e-05	5.64981922981754e-05	1.05617985154823e-06	1.13168764241441e-05	8.30604986388847e-07	0.00151906517590384	0.165320527006531	3.75449138531681e-05	1.23771476472421e-07	0.0004119317114397	0.0176711840112505	0.0796573854290672	0.00366970642096282	0.0460676886614903	3.73055681434388e-05
"SRR5865069"	0.0303620722009563	0.00436520353968253	0.000766258957533083	0.0261660159881022	0.25662228246867	0.00917580232628317	0.00617583365227337	0.000272586855827293	0.0094603370242527	0.195428194113753	0.00141374771318093	0.000779627264541744	0.0214351064062997	0.0097895340763896	0.000949957679949128	0.00485122451432388	0.00107264907841104	0.000296037481277607	0.00079355332822187	0.0558775896039717	0.0115792649470276	0.00303789461065817	0.0825264087422979	0.0789271717963735	0.0282358736217334	0.00140343059393667	0.0638095460845555	0.109045499721493	0.0147826135224883	1.48965538207908e-05	0.0045232366506684	0.0717694486015959	0.00304339583386241	0.00136227089215156	0.00241780826426666	0.00481474704684119	0.0112776227484814	0.0124926522363279	0.00175694205688412	0.000315748622198755	0.00898499357784793	0.0291947001001077	0.00849009707132197	0.553562060548972	0.485311473419575	0.00918731814754413	0.00491552763986313	0.00372769824645513	0.0104937801868439	0.000465269102380772	0.000516366010825343	0.0983758333238702	0.000182965382737693	0.00095088216287563	6.89754578574792e-05	0.00871635078862912	0.00267223666542822	0.000564250793202558	5.68515567874301e-05	0.0843520815724027	1.50280263220213e-05	0.0193595314042866	0.153659264201557	0.0108920056822445	0.00451297104326564	0.0023492659881436	0.906206394309297	0.00335044411856435	0.00338925811882689	0.00972314150550239	0.0249713860551817	0.000241780082990529	0.202084176351958	0.0276725493160431	0.0023411232401043	0.0429850035471576	0.000325468993231209	0.0039704139415396	0.0101745175663714	0.000336038012590939
"SRR5865070"	5.54428094238974e-09	1.17655334971337e-11	1.987147180939e-09	2.05331530045641e-05	3.55350224489354e-08	6.13238478568436e-08	4.95213568710118e-07	1.23379656451664e-09	2.5008593023502e-08	1.64203786441131e-07	4.19004476267961e-05	1.79870991810968e-06	7.82642094581769e-09	5.85987816495246e-09	1.58576416221696e-07	2.5840504560687e-06	7.169231877368e-10	5.51810781634239e-07	3.44280340997825e-09	1.83577147189627e-07	2.70439314668876e-07	8.18839506002895e-11	6.10212008695188e-09	0.000300550509147197	7.59140695882884e-10	5.37329314227782e-06	0.0359614114762634	7.74746199133945e-09	1.37649654390029e-10	4.80773108237253e-07	9.8489273738699e-07	2.92561065475395e-06	1.50175791665592e-06	7.65137812720503e-07	2.39199168963951e-06	1.01168198705129e-07	3.95292134285004e-07	4.92628180679591e-07	2.05652613407755e-05	6.99062081504749e-07	8.3932358565208e-09	1.06233126324364e-06	5.25891787129464e-07	1.13220535272289e-07	0.00813055443014618	9.00220284344868e-09	2.82957278196849e-08	3.75069403354822e-10	8.26806607897319e-06	3.0031456157928e-05	7.54336951043938e-07	4.24875266483988e-07	4.79111138872243e-09	1.3878580142919e-07	1.09218479490706e-08	4.91412835402036e-07	3.66504365004586e-06	3.44862210873712e-10	9.97468851754436e-12	1.03477636539256e-06	6.11574558357397e-09	4.82431271660047e-05	0.000116746706293477	1.62191623470747e-09	1.79780816468047e-09	1.67396883039584e-10	1.55744876367099e-06	9.17103771416756e-06	2.39134912145117e-08	0.000242879825346627	2.24426402171736e-06	0.0013744333007523	6.06863119342544e-06	1.72646948767617e-08	0.0166889093824743	0.000989992076150692	8.55478577004024e-05	1.58126711298414e-06	3.91732654298147e-07	6.69661229778428e-08
"SRR5865071"	0.992649379752029	0.891667457618265	0.954230670383325	0.996059363771498	0.999828133221944	0.962082294871942	0.986473322687848	0.953220011858991	0.998706501867732	0.999087250983956	0.99096275613522	0.902927906931168	0.887587711212527	0.904258266460508	0.996177784085382	0.942461247885353	0.996645677995122	0.511630997358114	0.919962865670613	0.999672786234887	0.998759632204865	0.961232614102977	0.999022829846734	0.992538644467121	0.975049648265506	0.984218619372433	0.957890673438627	0.998994386628194	0.775512793338764	0.182003417063308	0.715091892764319	0.99202192083487	0.995034818474609	0.952544093763191	0.920249419469077	0.847806621462275	0.994319660833077	0.967102748285176	0.176659313043907	0.992746372249549	0.99884922804403	0.983399819963102	0.887171238252305	0.999012168898886	0.971408174620844	0.989689333763932	0.97641061077863	0.927443377495705	0.994362628483758	0.991737675054032	0.857223385945349	0.999149510584621	0.851837701818558	0.991383480879008	0.2518688443277	0.996763583081981	0.960708252737744	0.949650475327101	0.955974068727423	0.998718120717255	0.0920685951277984	0.960901626195728	0.997366074170813	0.827188417850011	0.811711454358518	0.387484993153793	0.999336337238505	0.991282801772419	0.985457914420771	0.981930471683157	0.989259875074012	0.91186650832906	0.964622345830476	0.996380208511044	0.988143914512661	0.981041640122201	0.956227050035577	0.590986807995361	0.976441608884371	0.919601644001077
"SRR5865072"	0.00164900675556166	2.27483003438234e-05	0.0064042189009852	0.00999541905711692	0.000601291693129096	0.0360110952128387	0.0337870026204679	0.00172702868058841	0.238218379786254	0.0814338496022907	0.000722322134030994	6.38458144679737e-05	0.0025975881707651	0.0232471551840206	0.248857581126463	0.0127150531008137	0.00899199067459205	0.000662081389834268	1.88420276976949e-06	0.0134331439390225	0.148509610537985	0.176754297674384	0.094547652093064	0.0905049798858931	0.000225873103920214	1.05868639570325e-05	0.000188439663044492	0.0865491998403628	0.00284184645925972	0.00543923987665001	0.0169750406487052	0.00214109369085283	0.000227305018974332	0.014863179243559	5.64556630393682e-05	0.000182064741492492	5.0804187338124e-05	0.0125673452319263	0.00415608049568742	0.000109015466430398	3.12228310923015e-06	0.353348863085001	0.00481201941959351	0.00358599040558648	0.631579085591113	0.00154862271050733	0.00801180360831652	0.000836602081553656	0.00414438815785215	0.000649316372017697	0.000121404025919287	0.0149355933003396	0.000189423263480506	0.00015178560712309	0.0165647866287777	0.0201678974069252	0.0149270817147638	8.17867838804065e-06	2.53970137438853e-06	0.159879548753739	1.17429956144368e-05	0.00136689405547093	0.719339283715207	0.0151300150307192	0.0160012761602033	0.00138151265004052	0.404225397978456	0.0502829029128243	0.000337550263246132	2.1150151612628e-05	0.854014627005685	0.00540942794397497	0.0205594100490415	2.74774273689603e-05	0.000314496946656376	0.0122494212401349	4.07824927014814e-06	0.000266264097619601	0.00113150761737409	1.2558701041228e-05
"SRR5865073"	0.968818445283736	0.376156707639368	0.603130998189122	0.316199690887521	0.890890500864887	0.694002833314327	0.561353874327431	0.779849419470908	0.362602612684171	0.916137525647603	0.752311425664959	0.600429385950242	0.159456400657067	0.989978934936408	0.0566383013838148	0.785519839704071	0.12280845937923	0.0510319615621376	0.0834204357573604	0.629173334804949	0.493558826708491	0.989131266310243	0.355199363373112	0.31179310596219	0.994309788119019	0.523746231377556	0.268721242052531	0.699433182980734	0.664168924026175	0.82011425860007	0.674987549563534	0.64956633369296	0.942480119046409	0.715855886953657	0.00781081977618417	0.271324906072594	0.563118148663844	0.874105360058781	0.826416882204703	0.940014368099523	0.279222710398541	0.670399390046867	0.830571755238613	0.544895207641585	0.433311563094961	0.306257276877248	0.982596232611946	0.274904432794215	0.830369760010103	0.222703243168895	0.180007826209695	0.97229656793008	0.492256235593036	0.121559696729087	0.026668505575988	0.98188458051165	0.242532028349409	0.797697957814021	0.977366603679453	0.496253793143779	0.193913296550695	0.795873393317727	0.0853109202520711	0.99336518299823	0.887646027182391	0.241345836048013	0.965862506131475	0.0827172440917555	0.0736033585458251	0.27022018253341	0.817881977557229	0.0640282498288108	0.478109293825258	0.0850188846823117	0.998350250622263	0.474071360983516	0.319750633067372	0.522481650779056	0.192732424373142	0.613342955371497
"SRR5865074"	0.00299156807199522	0.0019867932131264	2.21796409599251e-05	0.0605528840281807	0.00222559921016272	0.637639344259611	5.09206001192639e-05	0.000383935814925898	0.00021393608088756	0.00252613806083529	0.0386082810105813	4.3549592978606e-05	4.74652429598369e-05	0.190384380491163	0.0112463860267646	0.00116777236095809	4.0172077105877e-06	7.3081067857997e-05	0.000987345947865713	0.000368065881920239	0.00835807357564408	0.000167053516238386	0.0161352993269851	2.35486875231027e-05	2.12011489575602e-05	0.0324879075512827	0.582512917586007	5.43985059386377e-05	0.00348810901482847	9.34936914243935e-05	0.000789144943328616	0.000963981472870388	0.000313305792585697	0.175369896766286	0.000153494696243582	0.0322322712840797	0.00034467607169059	0.000258018514145113	0.00314751120508043	0.000140729895760535	1.06115840097643e-05	0.00303415523036793	0.000608557124019325	4.82798383666612e-06	0.000319775017958729	2.14717279500998e-06	8.98532892689824e-05	2.38982902409965e-06	2.00152647061854e-05	0.00309575029805597	0.003254171860286	8.52528800571833e-06	0.000816934912180229	0.000103048536579783	0.00226217581344551	4.86029845997386e-05	0.00696109305921882	0.00657214115385966	0.00350016639077608	0.0201032841607624	3.3812795549031e-08	0.00079938348876664	6.2549924678601e-06	0.00278929915219681	2.47914425584961e-05	0.0125745880848178	6.33726188894901e-05	0.00192087745826056	1.70105485616841e-05	6.21236569622993e-05	0.0122458089748427	0.158204620396957	0.00170005983799581	8.48802920488029e-07	0.0244235662414847	0.000607498565517573	0.616249796072721	9.7680708013851e-06	0.0341034763279105	1.61167758875944e-05
"SRR5865075"	0.999992913992607	0.999897673674047	0.995546087868515	0.999998022958108	0.999997493744997	0.999995507387792	0.972888123613446	0.999904315091954	0.95950433522119	0.999999961751108	0.999997594908864	0.999999541360027	0.999999728959822	0.999969420978954	0.999833645645826	0.999808852028704	0.999985451207974	0.999999373717033	0.99999431118749	0.999854815243491	0.999499221454418	0.999999972962768	0.999994842507048	0.999999957665345	0.985986656376977	0.99922544017079	0.999999999821975	0.999999655981602	0.999999706060563	0.998445630651473	0.999936693097582	0.96323232101229	0.999994691648668	0.999943276981072	0.999944493827866	0.995926396743898	0.999765348485301	0.999990010604686	0.999982236752811	0.999987890571527	0.999999404624301	0.999981447399947	0.999999374814955	0.999917292140818	0.999997757475598	0.999999886601384	0.999999942851607	0.999915449447903	0.999796048709524	0.999966462199111	0.999988820356414	0.999988940263697	0.979171115138575	0.99996326787177	0.948961474904956	0.999987446417074	0.999995653579426	0.999995374830002	0.999787916002443	0.99999400736659	0.999999774115204	0.99999819653829	0.999997963916441	0.999999973034378	0.999999998850759	0.999999836540151	0.999999891796751	0.999931661840671	0.999999087149525	0.999986907439125	0.999986250562864	0.99998465778515	0.999992992866006	0.995174103244693	0.999999999810323	0.999995136576775	0.999992705639608	0.384185317428917	0.9999835694794	0.999999358653314
"SRR5865077"	0.000205886303911412	0.00196192163418592	0.295079771149689	0.921810651826237	0.0158901037354262	0.272266206889383	0.039434281875162	0.000253122974327034	1.29395803253927e-06	0.278272993333716	0.766429106046827	0.108182556708394	0.85462015216109	0.0251979123467577	0.99853778562353	0.0710656872869491	0.00807011661485415	0.0671808115831449	0.0241365688586807	0.993010381183503	0.330652739746484	0.00198850382182896	0.87426827596334	0.714636265510289	0.0171382244000925	0.98837725319898	0.217159837106168	0.879341209220779	0.163499035795103	0.00189774789920311	0.84691174264146	0.000293568122048872	0.0623407135691977	0.141758851816914	1.93099048092508e-06	0.727177912397973	0.816778910839824	0.616567538665611	0.00306902256353356	0.401248051563153	7.55699061996449e-05	0.0931793902968682	0.0125179920434254	0.921288969663414	0.999965306351016	1.28280110568151e-07	0.468966550819648	0.00413801348359534	0.999844002107562	0.431066833821463	0.0119568960933277	0.999154532778453	0.158274579210439	1.31297876435121e-06	6.01047533481239e-05	0.997026466184956	0.998027395511459	0.000752937029061962	0.00016650646974163	0.99154197104851	1.80022849276786e-05	0.685553390095925	0.0311146348600256	0.57832431656053	0.000785603353271428	9.04649217832419e-09	0.146894383215215	0.0172542060590065	0.0360059169570588	0.0625654980199632	0.999269490062939	0.739567360592926	0.237690133335634	0.000656005134188316	0.703244254370539	0.998034217047981	0.989843114022091	0.0459314057759564	0.631758740404756	0.0496449859182362
"SRR5865085"	0.167088035982684	0.0401335490084918	0.0016871732804219	0.444444369936938	0.199345591089457	0.8294953673944	2.2168837859524e-05	0.0135996932662769	1.72126387382494e-05	0.977695767541329	0.0943960769743084	0.0669509959133667	0.00370902769912226	0.01704765229201	0.000331432404177582	0.00408444420056797	0.000427617289615822	0.0141124164867546	0.143489111899198	0.00263568976074762	0.0444270498440349	0.00422827056645948	0.496161558746758	0.0674016768953683	0.000573808430841165	0.000173392993103943	0.993948597625	0.228610141551231	0.914739734078563	0.000206467598929445	0.000437212639718149	0.000105667895622937	0.0220188045144416	0.238801327383129	0.000607712033058245	0.0626367760884544	0.241318465010411	0.200983597343801	0.000294660715911587	0.163349034877374	1.63007183404461e-05	0.0147872525478234	0.0340801472125399	0.0361378458959643	0.0114222356103492	0.00159601109481362	0.527234151999594	0.0358363921644712	0.843981416967558	0.00360193736187196	0.00804571808466508	0.0470701836021905	0.89488982897089	0.000105257311755492	0.013246009621763	0.989383773753768	0.691668682016468	0.0164799972800713	0.282649880766862	0.663094138032968	0.4389207229227	0.852649653291157	2.02346600684711e-05	0.827034352566393	0.0445580110533178	0.000655884422950073	0.992733220178561	0.000511378143089891	0.000217863111108091	0.015272570477934	0.706436416704918	0.479754654914882	0.311728359302147	5.6808024496531e-05	0.999986292875294	0.889025135110952	0.000540348349011023	0.0101809992175229	0.0019616743237429	5.93623656179855e-05
"SRR5865086"	0.905928645995742	0.944162902779753	0.994145828125375	0.998385373644065	0.981759447429692	0.994835202536068	0.550601517536813	0.989487808576629	0.877304776875322	0.996732116982015	0.769250745916405	0.986598034160219	0.991878111909416	0.999896935174827	0.141968796972707	0.983471765942242	0.985621338779745	0.473807645965268	0.275872016335071	0.992994316288994	0.796525006105377	0.974851460491642	0.933568177982071	0.885494312294056	0.93700588618962	0.206780042784686	0.999889879634663	0.997630113901467	0.982986983273466	0.857714944156036	0.74832968266842	0.83834738604729	0.132823400244132	0.912670979658723	0.742055825570442	0.268946236763759	0.913116557475048	0.996721596366476	0.975384415183752	0.221486315917588	0.352148866829103	0.962975197610338	0.983133530898613	0.960463644295961	0.994634655037694	0.984036038047935	0.613425054588109	0.926097788720972	0.991855647631836	0.733972731113356	0.518095152296296	0.935693739191079	0.991288421984717	0.360533634701204	0.990551995208952	0.725031331593481	0.513694716938215	0.0136539761195617	0.398314596847685	0.998391339004501	0.0384698528083549	0.979556734712486	0.856025371883695	0.998437861521559	0.984457071649028	0.988380744073858	0.999555738342583	0.833076598303765	0.0504488333180791	0.969171763011005	0.992872714944794	0.998751817981232	0.999596371500348	0.893110564456072	0.993716690519134	0.994797118503653	0.223864523642664	0.282826020564269	0.933951896815332	0.58147918101941
"SRR5865087"	0.808991194845049	0.144607903077741	0.00983044588040713	0.0329659930713317	0.00862266306955536	0.881778772102193	0.0329071847740153	0.762770611972738	0.615877768758132	0.999044035367307	0.0338913233634074	0.998616867492719	3.82717506941523e-05	0.0995610080252308	0.0467583576546134	0.271892537601198	0.485925210264745	0.748385610267808	0.978208851497156	0.0503071884515544	0.0109942199774378	0.0914172526904348	0.97006936445415	0.999117730160384	2.10141261518428e-05	0.000680904312446478	0.999908743313923	0.0030653795931299	0.00177374696347018	0.00081915318198285	0.00523009069670648	0.655344678486002	0.929880508416996	0.458873670557571	0.214883291589453	0.00519537272123523	0.00323124747176064	0.519556813070135	0.0146508769988429	0.221775741455354	0.00019382733606218	0.0948169758905275	0.751959729209532	0.00998907711178048	0.999328749371311	0.890721205498157	0.521560931432306	0.0290741345393819	0.743753293484395	0.99958099214328	0.683704469771189	0.0362277232990697	0.0318009710586282	0.981414325789074	0.715221179812623	0.684065962683243	0.0140186257828014	0.996433712321979	0.00113098926740343	0.000442299094274995	0.998719665880436	0.108816695451593	0.263541696151001	0.000343708283303179	0.943735459911016	0.987468943712713	0.982090737168299	0.00569646584814181	0.170279473616895	0.0377134154742753	0.909087605966224	0.569570595541706	0.974556686089507	0.0922003807740163	0.999998801095788	0.95803122678451	0.992999195192746	0.650174864745752	0.863734316568018	0.778147543331114
"SRR5865096"	0.9877546121506	0.271831370747931	0.132938094256724	0.998399267515174	0.115104850449816	0.437404576601436	0.825077984238709	0.285002366330394	0.546516210743714	0.96640040304997	0.117623814258759	0.980109617104331	0.0239630136893678	0.866044844995263	0.0904350006161108	0.804082380622282	0.0283757700379862	0.0148354027842888	0.0023753515632207	0.93720190913208	0.0741688542117192	0.0068477888928787	0.676787929976639	0.674455238353689	0.487254163952519	0.00772606364744788	0.793564929281893	0.209072433797712	0.420172021928036	0.374650132156337	0.236156270441126	0.00293307913241872	0.108551076544761	0.879271754128905	0.25587573582121	0.0150847845595492	0.84683755484809	0.981474994559269	0.587171388286755	0.125066034526453	0.0191781727672891	0.316804835717555	0.268491067135804	0.516471875589498	0.899529675240033	0.420393003703695	0.921818307607617	0.000609456385176469	0.969191621390664	0.813283574348872	0.0179275064032726	0.483355415232521	0.469334693303139	0.000143544796026356	0.017485001067051	0.805021917293327	0.0338485568980768	0.0121047849375394	0.080086625463777	0.416905745858145	0.00162652758349112	0.844782192473229	0.00702391270446691	0.359340108712843	0.0335803705597203	0.0187442108829623	0.964281381029855	0.0332493815219818	0.160316364573802	0.0836847569876261	0.970706564594404	0.926726973634727	0.99738692973219	0.00319219139230823	0.999319115415694	0.872780811578396	0.00174706400395104	0.99495354677501	0.0259600010943944	0.00858222812011097
"SRR5865097"	0.000491355499238464	0.000166886593930963	0.954646173866437	0.0683315053802867	0.12773607260329	0.00193943987662281	0.0718831665869787	0.0612216522674737	0.00243227242684051	0.177120823952924	0.0666379540728173	0.240425604617349	0.000296268840264364	0.307095975828046	0.000345478153285734	0.572500498840502	0.00356854364107969	0.00938027656604033	0.000101522985273597	0.00357660038291694	0.00343283886383442	0.00656908700815291	0.000598864914850504	0.0123516845311902	0.00147881732201032	0.000406617273892863	0.00799198260570273	0.304812031679509	0.00172884046504006	0.00028167131208859	0.00868402082179233	0.0114297965132281	0.000264869645440747	0.012325930100502	0.000599909807160619	5.825641762868e-06	0.0143593296363741	0.399448080175204	0.14355952187374	0.0079029173302489	3.05217111203083e-05	0.271119045369467	0.277078656603633	0.00429988950457504	0.665078358527667	0.00159320584529427	0.0119193206692481	0.0177398080880334	0.883882878582575	0.01316251550046	0.00518130434018765	0.215904582926472	0.000536144741686559	0.000416627271340786	0.0297014560181668	0.973180681439076	0.105657802276556	3.21214948507029e-06	0.00416229462293603	0.974070147792167	0.00319374886629447	0.000618485683798698	0.00338298623248575	0.196789380445025	0.0171897272363052	0.116722059433405	0.206733912710219	0.0123442438614615	0.000935876115533391	0.214682408502485	0.246752584358391	0.00750060535039114	0.101742313090631	0.000237224540207837	0.00242275934498145	0.0483057468480045	0.000737912933496087	0.000638715108697052	0.000178242632044633	0.00018281415267379
"SRR5865098"	0.685741416914916	0.624838570729272	0.56815814915427	0.833302046864163	0.964796203141395	0.9200272653143	0.0143764789893796	0.82331300821632	7.83347338772034e-05	0.791860098892921	0.207285005354319	0.824025531076924	0.0935950940382143	0.8985317257371	0.0597770446560422	0.0958343513300802	0.299902369813854	0.114497375018827	0.767442933882629	0.535810149001783	0.281165802687582	0.75265719978672	0.118685366002224	0.708609231625399	0.084818296381139	0.40769538956691	0.0280273783898529	0.0301701182680303	0.251105951171109	0.00313675261361116	0.969658652681294	0.821199800364046	0.646506488733361	0.879246472222985	0.00872766866796211	0.0148002595815879	0.0927269192921323	0.87396873264619	0.960944572619852	0.983816444407128	0.156674765301957	0.743194347626229	0.455827385929103	0.0375025378232609	0.98993109847234	0.183365668724808	0.753809619902967	0.799843851661755	0.931064352732613	0.167393271443105	0.000224225869245279	0.0211712720745799	0.236524335728958	0.00290103343439237	0.000247876507273176	0.0416287308991261	0.00828331265029566	0.765993119363922	0.700250618275575	0.977276220682896	0.00401034857839061	0.478901856454811	0.403965851152778	0.991213921157711	0.269965121936458	0.990990291710126	0.960484055098742	0.00449657210931552	0.000335059569439975	0.0197081983070702	0.966826461045289	0.229760886393128	0.346209744456165	0.0124319288870495	0.992081068310435	0.000869861737623157	0.82513538242279	1.30448968138444e-05	0.101570297180466	0.167113036439213
"SRR5865110"	5.38787241502156e-06	2.55534027138818e-06	3.21963170984065e-06	0.000140457627611788	2.15870627730625e-06	0.000150294963265375	0.00023509661080265	1.1133219049725e-05	0.000183230068265196	0.0264982907197322	0.000311235744659364	0.0150700483663225	9.13762017418622e-07	0.000106269847619574	0.0171438656441023	0.000590579277267139	4.39975197641396e-05	0.00018434759796775	1.02251366621303e-06	0.0165726183714653	0.0209096408269878	2.3739836009066e-07	0.00193029264357064	0.00177171337898725	2.65975348588048e-06	0.013899323216108	0.622866871889648	0.00014573277627324	9.18151032651236e-07	4.17547266104053e-05	0.00193831472370959	0.00469722398875303	0.000785867304071559	3.85002557391894e-05	1.45833716467499e-05	0.0110165910972877	0.00359683796561348	0.00106072160678118	0.000959769093103747	6.14562640856323e-05	1.06324640220989e-06	0.000482835954780411	0.00176905554044956	0.00435937966745199	0.113642365748873	1.67855036546428e-05	5.81811832560668e-05	2.84410147488908e-07	0.00834493646374429	0.000157591442983635	3.2412962757179e-05	0.00937680302943794	2.77580019948163e-05	0.000293357334619066	1.48239468296302e-05	6.85476841799301e-05	0.00114872435827467	0.000132511813638675	2.2777936419509e-06	0.00535832493993197	5.27780209014475e-08	0.00576004528208814	0.492612115494016	0.00199483976608558	3.59113584236466e-05	2.47620199923153e-08	0.0029606292823087	0.00817311904764323	0.000135650068757581	0.0694932447341614	0.00752542989221968	0.011528994334434	0.0705301035826729	0.000150476766479059	0.897142420813988	0.524917694473731	0.00113123618690642	0.00468807838986578	0.00486381718336065	0.000245552120478856
"SRR5865111"	0.0540187105760586	0.0782350180341676	0.00454311590649239	0.0800370830626721	0.641888969163989	0.367925182622043	0.00267372321370168	0.0291502558570999	0.000174821808575508	0.150844664939378	0.296675678730582	0.0240528902882467	0.0736769853426621	0.119462431808969	0.023557729575519	0.24037477087627	0.00319658925677052	0.770920510027778	0.0625953128734911	0.0405155800491803	0.158343989217373	0.046958387183198	0.561541942801198	0.371365537447338	0.0221958501039539	0.365995106492232	0.999629544981744	0.308243031682283	0.541189499154527	0.000282473595258388	0.00269829292100585	0.61541384154595	0.113033778440194	0.0803797317052535	0.152435800040022	0.00815313529051623	0.0459149426414021	0.007616655672496	0.04705120553501	0.08180317876542	0.00504564936307676	0.02031366944583	0.0325187821915608	0.000351537633053429	0.720385119209251	0.00288007359187643	0.0536419687051763	0.000512450078655771	0.0589326365990334	0.0498851604393	0.0489617103692452	0.768700100934059	0.0344217293861591	0.0650317299177221	0.000817673116257042	0.00398067241392267	0.0340032415148423	0.292659257574394	0.354845138508297	0.523997961737207	0.442937842915764	0.0619018071204203	0.0107389328481207	0.178404865926538	0.130445440206785	0.216990222333069	0.486742308354531	0.0813678894325918	0.000175410779814996	0.153333040787504	0.794238180213274	0.264943439410727	0.00423615927595312	0.0200096872401811	0.955933912793268	0.075722396695407	0.0219513456766627	0.000197915000214219	0.000891800508614743	0.0579801363225452
"SRR5865112"	0.378248651420749	0.15208738437995	0.0863673799816364	0.805004211215205	0.340651764711924	0.318380477341977	0.48328675966688	0.150372554782046	0.81900752871205	0.783128572669298	0.0948822569784303	0.976464717925752	0.299347142393812	0.344993529150444	0.74825676476486	0.339014348675232	0.0107935863838602	0.374498318919458	0.00907310597767674	0.56044764925973	0.101453408449416	0.0106211862853794	0.53863405572978	0.978660088014775	0.00332984241851896	0.0301283047124462	0.997695349135366	0.108391433358742	0.0222244621393061	0.220516404099825	0.0230627047962967	0.0602399911170579	0.868231589074256	0.174729358654508	0.0384074970930934	0.0147530553551855	0.0790089772148481	0.616722114599146	0.453393504873354	0.240181544107228	0.441499798426619	0.544494289360889	0.0405637854415469	0.483012833965704	0.986215403343253	0.0280001480154798	0.291018447368857	0.383072146783118	0.836230961504851	0.153880979136941	0.863998692138404	0.507626496542887	0.0142122013090323	0.861708580583621	0.0562481880863052	0.963629238340611	0.987154362967888	0.00325711136151619	0.324191323948395	0.377174109399163	0.957881750449211	0.677626592933701	0.369696564630251	0.975333782830606	0.314225597362262	0.934390934162372	0.883018765838891	0.231745718234166	0.0387656205815642	0.828387385809083	0.496340477612995	0.997541174979285	0.963044470306498	0.000140890371677699	0.940638338154619	0.228534708214392	0.00112879615909121	0.0223101437496962	0.498538775283518	0.0525631473194429
"SRR5865114"	0.00298594783900856	0.168411539130759	4.01497706796209e-05	0.00943362822390306	0.147927968167054	0.422037630914377	8.39082490087381e-05	0.00162628675513022	0.000115675928966728	0.0390613108638448	0.00168072854422828	8.86457531355729e-05	0.000811485047564861	0.00434684255978272	0.0026706957441443	0.000252389205956183	0.000793777319679616	0.000289258267348551	0.00171886131868125	0.0966763667219571	0.115679598722242	0.00145004843450069	0.000893820406016104	0.0696183853413943	0.691581263311835	0.00408148452235744	0.2543067235988	0.00222354695069392	0.00155141104975266	6.93763994687879e-06	0.00111546492083246	0.0073790205895186	0.00966413036586078	0.000722460288551101	0.000120257924749624	0.00421779818696674	0.00193581978060752	0.00300878810132658	0.000593962413712452	0.00205737017728469	0.0017446807892624	0.11534098721899	0.00178865867129651	0.122682089783425	0.00367354584262998	0.000827129988248428	0.00122400621847703	0.00971151978443994	0.105770481509926	0.000520011720320327	0.000910163456866676	2.01915844489523e-05	0.000175796575813892	0.000200515355559153	3.99278669829247e-06	0.00641637884962484	0.000186683709950197	0.00284256372570819	5.34094452989752e-05	0.918942894309866	0.000861210551024653	0.0006574708486737	0.479842538170855	0.00373864506414788	0.000105590755412074	0.00150081364980009	0.832613378025563	0.00867286524100268	0.00188575351581703	0.000289825423091768	0.089028038506855	0.00035192585952366	0.129568072105821	0.000461426195487807	0.369031856406097	4.34429062890882e-05	0.00228905830075238	5.79820017636173e-05	0.00716500581202365	5.2836148914825e-05
"SRR5865115"	0.370862641287336	0.00924854364899365	0.871412387138749	0.999629747996677	0.0356615881723965	0.985501805570577	0.983102606365466	0.893658381522559	1.21696765064172e-05	0.0916371430450058	0.0198513505412192	0.803524780437146	0.0220523829816601	0.982666098318879	0.999812069670586	0.99366009664682	0.448385067001459	0.980979596165109	0.842367063368427	0.225871460157461	0.953849986509348	0.444709757547445	0.99999956465329	0.651418004257798	0.856325114323042	0.987814184264507	0.00622912651857258	0.631103354796929	0.975968810169965	0.78043413431472	0.111417854831988	0.876126907580922	0.123889541494229	0.96575833768352	0.127121996240494	0.658818289925649	0.166094545591604	0.179743674691156	0.990128030926812	0.283923833743332	0.00583962628301652	0.94017123984531	0.000332376854594013	0.925524441963181	0.999900044647231	0.91966033340754	0.978115701583844	0.000208541207208187	0.995240062610345	0.989593162520056	0.681754024130667	0.999996349868881	0.986566311702668	0.00152962867810276	4.62623042714636e-05	0.861323144744984	0.997016166419578	0.983192652282316	0.991050696800206	0.998000815734681	0.0640023094626276	0.0524302219964628	0.230837056604214	0.978771564781699	0.314218933743428	0.0102446091828311	0.0446407843814686	0.000661906077159014	0.0136736453791213	0.6047487554629	0.99992779445937	0.990150272521408	0.0391459902029191	0.000121930440755543	0.999997567914825	0.935153275629941	0.999794673365347	0.690978620538126	0.99991625929542	0.982003788423325
"SRR5865116"	0.999767298436942	0.908817726034944	0.213811975926607	0.289083710699058	0.372408804904956	0.9825069861255	0.156259551612236	0.0116550753185028	0.949941746538423	0.858079944185834	0.000489293000925823	0.00192970876803673	0.175292061179483	0.235057759713831	0.0646306617016488	0.936967149224699	0.0012899612051615	0.000205547691967802	0.0230402150141861	0.15525925917096	0.148736338610975	0.0155007726820701	0.818928573763343	0.433192534947205	0.0576746646240246	0.00123423987605698	0.950872649776748	0.461919889460871	0.153555483472524	0.000222035523073021	0.192042134840829	0.597390414355275	0.0946276522379634	0.940983815312168	0.283987429019453	0.0791652318040678	0.0145474209806942	0.884490952928951	0.01515858430894	0.958347212461879	0.000418832354627874	0.233506039372482	0.737730191986359	0.900315996538432	0.563315592273016	0.264561025049369	0.600202512379617	0.0358588650492203	0.909452615455389	0.00762238460064807	0.000390305242064529	0.929731118193359	0.050568012812333	0.00371101764737171	0.000327411051114421	0.979713513921292	0.427987703396954	0.0303389374932821	0.234783866943254	0.45116886323106	0.77211151751068	0.370742662252677	0.185523224973042	0.998648958111875	0.0319101766393918	0.000452842525706575	0.997803542335737	0.0333407194842478	0.0173732733640702	0.203237348840524	0.997830688080329	0.0881079504179331	0.472165218232952	3.04862506935092e-05	0.999731382623149	0.0306846534036917	0.0137952464779954	0.274143966278244	0.142702734069415	0.00873660955948013
"SRR5865120"	0.0857677804580007	0.0210617579930342	0.347498241563303	0.00518747780958363	0.214949608025254	0.453662551753377	0.00416098197265691	0.161136835365916	0.00217912144741981	0.205675711364845	0.0109117945392033	0.00538462087405615	0.00408327886302362	0.142312030176439	0.000200816473038809	0.0206327124504085	0.00156108673128344	0.00904040256586019	0.0475025863883869	0.0391269439167942	0.21198807662503	0.100192307742714	0.0691197164445785	0.0274134265667739	0.100954240921781	0.0869578426310472	0.000284132734613367	0.0727903183510188	0.0584754884039016	0.000931231436912197	0.00345556440097423	0.0117414084955829	0.00132763406811607	0.0529194030379441	0.00320106179628871	0.0109404780893243	0.0267983394621089	0.168416093966682	0.00167549522298206	0.00188474565324309	0.000187861341287102	0.0866687916395051	0.0065538510107264	0.0109709127139978	0.280322434056512	0.0516762190261037	0.0222939391538517	0.000353302336055662	0.042643293321834	0.000497895618345197	0.00480221776252338	0.0610977208599576	0.00739353455550919	5.32626246044566e-05	0.0002933512037727	0.0201322827469442	0.00371645403371428	0.029561228346323	0.0075091747929534	0.220124189680557	0.0015695309521281	0.0496029452101612	0.0124734747982708	0.697200954381614	0.0211513437527538	0.0043527882361476	0.842103887565467	0.00406891623971862	0.0211390555878917	0.151317966312034	0.0342139343670761	0.00360149174570199	0.0261520944539263	0.598155742016808	0.927744933946412	0.0268601677501678	0.000896137185503657	0.00082549196793835	0.00128306426141425	0.00868775546338368
"SRR5865121"	0.019660753487489	0.0958241506230411	0.0819153432055658	0.0726342705255669	0.808099088821477	0.0122603384186	0.0245560250611432	0.51970377273582	0.0032881852053283	0.335405330734037	0.213843179524942	0.00337582656389111	0.0226095252088308	0.191264731632718	0.000951501273016062	0.0499248182912697	0.0110353853449809	0.156903021428562	0.889897817742192	0.0536804888233179	0.169152914432003	0.0718605938142923	0.084820496864301	0.277532547616339	5.20080206510752e-05	0.00417846076206403	0.505265461468857	0.27798154439252	0.0610920960144871	0.00216421706039121	0.108739508835137	0.346414229879721	0.0134977142592265	0.563976613370963	0.0357081612153223	0.0246009475711606	0.0774141772950881	0.192080644650695	0.936783665036431	0.0157817337096763	0.0011358417346878	0.313906731919877	0.0045046448204562	0.0146775784410261	0.979757012731943	0.126543180176467	0.039293599015045	0.0815035605496385	0.750315299231612	0.0363745677620098	0.261608382166997	0.356726192629409	0.290161814074869	0.107107664342808	0.00655043258284739	0.919840413114775	0.153122501822696	0.00198497599939903	0.187158656893123	0.93575690439898	0.205697498502218	0.060232703830842	0.0332777850463763	0.658594785581463	0.127504780009253	0.976862374860501	0.0822960830681066	0.00247103477567669	0.000773107955145813	0.493062633091121	0.266726102843411	0.922744541034798	0.0268720047192535	0.0108197020559705	0.993174158729529	0.00452021306112051	0.156084687646625	1.75689445444287e-05	0.0182293322582157	0.441210114312132
"SRR5865122"	0.99999073189707	0.999296715402811	0.999978735725915	0.999957201392552	0.999997979786392	0.999465894136838	0.999923034435024	0.999977692911724	0.999005624812059	0.999999998519924	0.9999782955523	0.999838134426388	0.999966486521874	0.999966630807617	0.989190198292488	0.99999322426639	0.99999752584242	0.999999973365755	0.999944892998012	0.999870148569317	0.99999633095126	0.999999128819155	0.999985121627384	0.999998082286092	0.99970368652614	0.999659456368074	0.999999768157568	0.999999961579896	0.999999993923731	0.983026551496613	0.999978604324766	0.999112259170603	0.999856621010154	0.996849774988427	0.999999937339505	0.999990260529581	0.999994555027193	0.999996660349435	0.999993209092386	0.997957956246109	0.999995827437003	0.999965482413082	0.999989871212433	0.999986152380857	0.99999991122005	0.999999993458866	0.999996639004638	0.999779112175617	0.999953171546276	0.981765647662745	0.994174210539907	0.999999055409091	0.999998453596488	0.999999899071396	0.0665334861652591	0.999711284639913	0.999983185100817	0.999990056274902	0.999920613230367	0.999999970325161	0.999999671632765	0.999999956787195	0.999999480193785	0.999999999271439	0.999999994897123	0.999998811010179	0.999999997157301	0.999997111017523	0.999815638542711	0.99999976615183	0.999996537793004	0.999995435098687	0.999993754835956	0.999975011333667	0.999999990493665	0.999999742866382	0.999621176934865	0.976538576822133	0.999998600445596	0.99999864973021
"SRR5865123"	0.176303393165077	0.714146502487887	0.000437799321942957	0.489116740299313	0.0121698699720864	0.856289602845795	0.725695255333234	0.975534132111471	0.00409566246657795	0.979504954371403	0.702519972310172	0.857906708667463	0.0592927769320884	0.983333334616649	0.287471666640147	0.978795716509519	0.00983296487105705	0.0185785770783493	0.273993178906991	0.979757911553118	0.582870702152289	0.183644021096671	0.945639186856716	0.108396483174383	0.148176109188888	0.139348810419185	0.999005253946776	0.0803613583186809	0.892105058483446	0.0384974957147529	0.938277236437436	0.0718251275902932	0.847958566847801	0.180432372218023	0.322867141937759	0.978206593222252	0.434418614574214	0.550373043762302	0.378413709929043	0.140539909225335	0.000590164905329298	0.0568989633199814	0.865632130111224	0.265211649825483	0.847443768209393	0.100169860954556	0.255072998802369	0.00279504740753768	0.0315187625839577	0.10623611518543	0.00199924719580022	0.820960849425789	0.901547291888268	0.0100753643541844	0.0103346503169291	0.075889494023221	0.97663328293162	0.0044677698744163	0.184305773528524	0.970222910147526	0.303885576451132	0.971692484689927	0.0223514508812413	0.722764951922379	0.113053054023112	0.0457121097020026	0.998059552692387	0.121663757559981	0.00557770736593303	0.849421857868813	0.498683009907757	0.979717487653163	0.47880148968951	0.000119963773528558	0.996133013626271	0.840802375605535	0.0132851733139162	0.415823601228082	0.283650830032789	0.0011774082788778
"SRR5865124"	0.998004678244269	0.987026253006107	0.844842952366193	0.924869649455362	0.99993259409897	0.204897006850725	0.890280675188564	0.850554706277313	0.156648900853475	0.999052496724685	0.993154760209344	0.9981216133772	0.977516521775726	0.965076671287078	0.950006963541784	0.998361030824339	0.966160634214063	0.961022396419707	0.980551505334116	0.999735674410112	0.987958787242362	0.582235363295159	0.999269243317538	0.995322230698169	0.997821271673243	0.991146858542144	0.988777878452951	0.88548613018801	0.962238964564978	0.754786039591334	0.606205539916903	0.992176232372729	0.989289212106025	0.754063501771951	0.806123216318201	0.995944954734208	0.999996823520612	0.998986961456811	0.280785082523901	0.987792642833892	0.995683651110752	0.975447805938287	0.997547921997527	0.998242277997882	0.996175733695627	0.583498149032551	0.990541473134891	0.754609650249468	0.999803375934572	0.080114138244476	0.999075125080169	0.998539968793863	0.777485623941278	0.979599213762182	0.155178883917557	0.999321091473965	0.531409109785539	0.356747346956938	0.802593786271103	0.975660377024211	0.0331400271831962	0.988331958218022	0.988854500399046	0.999725185054862	0.950846180081397	0.941315442278566	0.99856980377848	0.98638757505905	0.984680369538555	0.999965640582175	0.999772607735707	0.995621871970427	0.99080881678024	0.660751942642165	0.999874704048108	0.99923818914975	0.755048541306799	0.922398471234027	0.991129913528609	0.77049242831713
"SRR5865125"	0.373697535825939	0.878970156429404	0.00586239583344592	0.0554235168051425	0.848086566928103	0.00970012735813037	0.0194995001088566	0.0230350991163938	0.324490085452172	0.201748698605548	0.727513965251595	0.0162133543025825	0.00711562220954452	0.993518972106365	2.53815726847624e-05	0.442731122871358	0.0188085600239228	0.217501435643822	0.000109649091899774	0.03827901403693	0.560320738621812	0.882330180501921	0.00159318496485063	0.0311885828227251	0.899838048994157	0.114565429784167	0.972957954904989	0.00533698479448971	0.465852558620699	0.997073051263345	0.0634973541639435	0.00551779988200312	0.728830965922243	0.735283946807647	0.0526242779218151	0.688907691811802	0.012465804797558	0.677486186354984	0.443130621190061	0.0259227737218846	0.0186652429030542	0.0204084140441015	0.0109901337301704	0.00135150873891179	0.0526856973317175	0.000135591314455419	0.266194478421793	0.00585081983902796	0.0621736716557637	0.241442149611373	0.714560397103965	8.21644517726416e-06	0.58051857309818	0.0762444257596503	0.151401095499142	0.242014828880032	0.071987987985384	0.122484304100539	0.0353540258213568	0.20719977832792	0.000724927793940961	0.113775889539417	0.00325994156173922	0.00185673593940665	0.0498185703068892	0.0804256320365892	0.273972493125122	0.00507343541767477	0.0149781162004547	0.00526157541416327	0.028135187468196	0.322199815480753	0.917336987618596	0.000110014792539693	0.969757695599829	0.637318482962017	0.0548295521677291	0.10624567135602	0.0422636885849018	2.77162676136057e-05
"SRR5865126"	0.99993430339801	0.999916115952688	0.99997399499226	0.999928011931151	0.999991882751824	0.941045199968938	0.999309161932446	0.998460040378807	0.999197287858202	0.999381184508688	0.999865977937134	0.999988588847576	0.99935659101784	0.999978398867238	0.916940621413916	0.999993863047104	0.999044094630248	0.99948823495623	0.96839608237872	0.999954145077178	0.98851955136268	0.999553827763693	0.99933505971753	0.999313584475505	0.999942523554292	0.999876249201552	0.999999907897327	0.998599282484861	0.99986555388625	0.999163659618304	0.99543845678067	0.990676932505295	0.999757092160281	0.999804783844394	0.999437872534651	0.999601022775698	0.999901078817653	0.999980600600164	0.963665939288453	0.995320309172805	0.987315247212522	0.9239401994902	0.998109308850721	0.998206206664233	0.999918063046498	0.98516667060717	0.999011624533102	0.997065716108048	0.999996776057714	0.999518401024767	0.999522203141246	0.997397704004067	0.999744524595354	0.999683024462989	0.986671375169145	0.999917301277955	0.999643646186727	0.999726730191463	0.997233376125297	0.965919763285421	0.975602973156151	0.999599086026999	0.995634889866418	0.998109055454592	0.999807594249815	0.984482175313052	0.999113991649214	0.997026490114209	0.997318991171723	0.999997392817146	0.999101317498257	0.999830514081438	0.999963661710203	0.953857847098618	0.999947169904509	0.999962140180217	0.995939860259808	0.998942308567045	0.995014557493706	0.994409373864414
"SRR5865127"	0.0251828462966871	0.00284680455036391	0.0259659878374701	0.00035599952815695	0.763178194444865	0.00617294406923563	0.0719523581877511	0.0565467777549479	0.227680734593162	0.574892029314033	0.000501421641854702	3.13818151308625e-06	0.0011159307392155	0.285771022554879	4.24569910273243e-06	0.0238580412628425	0.000308881958459561	0.336913937475792	0.000313985138248706	0.0756198096703454	0.126831553624759	0.267937650635522	0.00339373688244433	0.00084779699549684	0.000274965668546841	0.0106231271113961	1.44258708013156e-09	4.66828680184728e-05	0.0156263899126288	0.177386398187987	0.659386090459381	0.510478032125978	0.000320337778375739	0.0220887657750903	0.644077954627155	0.0955210891785023	0.00292767680565913	0.0215827443998499	0.168312546585913	0.00280710348547835	5.15797447915274e-06	0.0295808313342673	0.000417993483827375	0.00126688759556251	0.182757939926779	0.000138020585283544	0.0125158558480733	4.93542581014239e-05	0.0237858435100026	0.00465237625212352	0.0274914745177505	0.00352067238179434	0.000475875306056454	0.014049637116741	0.000789073069963623	0.000833457884197745	0.0013401273279942	0.0273890434825705	0.000421046435057581	0.57495068237163	1.66013338419066e-05	9.12806672511344e-06	0.0734648248643759	0.0155606520320427	0.000744694723832341	0.000816442748751614	0.0877463945500891	0.105832681251779	0.000472290577164506	0.00412169002422025	0.00117036260888529	0.0206412668741829	0.000129524195643543	0.00409804940335166	0.267399898611046	0.00409073502981728	0.057739678943926	2.99184835611415e-06	3.97860746165643e-05	0.00183922071426085
"SRR5865128"	0.325867690436699	0.0642210242086448	0.00757945950010801	0.00242489842265968	0.0961077539098732	0.935077433697492	0.0436425201515368	0.645038191188463	0.00690406198660518	0.883100804647099	0.835510174010188	7.18774985145759e-05	0.0131349316140774	0.0482469606243979	9.97617155361741e-05	0.0115879216709666	0.0316972993795343	0.0355810677450367	0.0571220712668313	0.00401415276320963	0.960892872967642	0.399665675251805	0.102567514668116	0.0211111620471497	0.00719264245919158	0.184685705526117	0.00541436053756546	0.0105541801523131	0.355362795053689	4.10849691540748e-05	0.32689258043845	0.973856232278333	0.000452849640417288	0.454317939221934	0.991301839038342	0.117875479963224	0.0351829156137057	0.173560190467177	0.114991306541009	0.0502454933116697	0.00080199643225417	0.663585668202555	0.189458258175901	0.00599367790840176	0.956872554562506	0.0569364452175878	0.190373267208696	0.0213107538004354	0.00598424916187588	0.00428618038721349	0.419558769628585	0.134074073805217	0.0861809687825082	0.00996176709125021	0.0102582087795251	0.000856796799366934	0.346830236962358	0.0055064866607837	0.043303242123907	0.998597040861346	0.00782443240834766	0.0104110439131852	0.840271646273406	0.733307436454909	0.051961884900826	0.0412221476623757	0.927468462479369	0.990464277649788	0.0061801461832071	0.547754718018815	0.0289899183291004	0.995130548244564	0.00493191225038111	0.988197326189833	0.992191664659556	0.491906456043361	0.327981821691206	0.000434776806957519	0.00381442649343936	0.0906567481785783
"SRR5865129"	0.00501023101018259	0.000143863151487334	4.22801612292271e-05	0.0095968892339799	0.00494829692881785	0.0558921914782748	0.00024812671484262	0.000180102732654043	1.40465715941655e-05	0.0120167415645599	0.0428182682181355	1.83924478841382e-06	0.000149094758397042	0.607888070266769	2.64812698686836e-06	0.000763784197068899	0.000344279558734717	0.00514236717677656	4.30512748110144e-05	0.000360129601852957	0.0832876520844018	7.74263375381417e-05	1.73417664855952e-05	9.00475992989865e-06	0.000339932010402351	0.000148871491716773	0.998734424277386	0.000204607736780839	0.171986130661826	2.82693259664254e-08	9.57570652621141e-05	0.0188870935552648	8.02787057224947e-05	0.00564735041885096	3.3856093552429e-06	0.235785789425331	0.000264275972560945	0.0012194595149763	0.000349722761122174	0.000614315796681328	7.84785831920802e-05	0.00143383343936376	0.000457345895291167	5.86918998739346e-05	0.000805202641376288	6.55500565828906e-06	6.09565287827973e-05	3.29851407109441e-05	0.0355474549950687	0.000103719249313168	0.000635008736446275	4.54098198773785e-06	0.0554529634818293	0.000153007828893559	0.00335754338847134	8.49558196175695e-05	0.000104940753764812	0.00255950719947171	0.0467365553176851	0.115295680565554	1.19207714600826e-06	0.000282888566176379	2.82554819568266e-05	0.000124656142116428	3.15750741976888e-06	6.69207816343371e-05	0.899596063313207	0.000301675464256466	4.12800090468883e-05	0.00613906100958377	6.85553685212443e-06	0.21300174981481	0.00013797687072174	0.000127605241416175	0.252336277731221	0.000777467123403559	0.000266401405243745	0.00169509959707144	3.37709132052555e-05	9.43625668613496e-06
"SRR5865130"	0.832292834188417	0.823258793168674	0.920825225336634	0.269171279185444	0.996595812285229	0.705926994394342	0.806792514060128	0.996055246052405	0.908511883817654	0.950314146000285	0.611800793565878	0.414958800536674	0.189472987371482	0.881580396505488	0.11555637323203	0.900965431493414	0.758049329303553	0.889049315380076	0.305723451258706	0.99727791979059	0.953565569479682	0.994653722870061	0.612496412720769	0.321534858879925	0.97865794686124	0.639020948197349	0.0312136886254868	0.814668306100664	0.854445910623173	0.0171523425747908	0.747606875862544	0.838367542596034	0.445733329730472	0.750956041857643	0.219905546458152	0.990020427419182	0.842699394476265	0.891743374606651	0.146555113983882	0.806663236268219	0.0373651513250893	0.908790024838002	0.996904648032416	0.949384144696918	0.648365833689593	0.490015828298279	0.482399421305072	0.686878170551609	0.996432040838391	0.390853620250625	0.50482561917772	0.988319476291936	0.930118828272338	0.992362228357118	0.335625018085959	0.985950769480461	0.420026470422141	0.89540468076775	0.943658614111734	0.995052479390051	0.7218235460129	0.0523496473295975	0.785680538645826	0.43731902356864	0.264149821177826	0.00466505970948244	0.999991857281994	0.984316691791757	0.528796547962065	0.975930045420337	0.843998780729086	0.976216792390324	0.433691863804669	0.500777942635544	0.991033928050107	0.967762748333955	0.630105963124833	0.734693677172474	0.212408017614015	0.568847913764341
"SRR5865078"	0.588720567049681	1.98713661931443e-06	0.0312597868358479	0.61196756802808	0.603158558363302	0.2737333184337	0.00504195794390294	0.0417650521108274	0.0016866328217414	0.990424741138782	0.131894047330928	0.8700480473414	0.0191767021971934	0.00288795374780284	0.950257486286684	0.217496451602577	0.00449659836707665	0.276043162304673	0.00888216202407673	0.890082940715305	0.375119869806005	0.0178085719025315	0.998619855849655	0.997794472250647	0.000599599444312054	0.199436270610274	0.99986106219024	0.929126427510515	0.00303659591958031	0.000670110200068938	0.0143721107602992	0.846812941193403	0.62464020630041	0.132662388511595	0.00529332287970492	0.000416457225660228	0.269958045616801	0.238381117640558	0.530135690048082	0.916889884449869	0.00788569018098286	0.36988726565215	0.972854822318039	0.884601420120507	0.999952324234277	0.967209015235661	0.575261701800952	0.0727013046024793	0.920046712913771	0.00229859663771894	0.0919129589533634	0.993742890341058	0.0174607488765698	0.29977707801676	0.00374318015486522	0.709262261141621	0.975348203372842	0.00236564823560227	0.0316718619558839	0.863270200178083	0.290460992071508	0.785940718201566	0.684396125640446	0.990702388890337	0.632528141095194	0.0593296444621416	0.993282543291354	0.146708756315806	0.160860423089962	0.925192917212637	0.963134405243539	0.976044324331708	0.76168904265579	0.099818277209912	0.999281403701571	0.996665175723441	0.118517347056669	0.570283473933384	0.717669146719709	0.454726984652577
"SRR5865079"	0.999984382808542	0.999981649147289	0.999919924079451	0.999996089220435	0.999987030599997	0.999989729235276	0.998495168756603	0.98847435511128	0.999659910696867	0.999999958869456	0.99999542885153	0.999962924608315	0.99999656757243	0.999986624446366	0.999997249603493	0.999993127488844	0.999997371431671	0.999996864808947	0.999995015358446	0.999989888784575	0.9999847848551	0.99999914462116	0.999994341248481	0.99999848605952	0.99998979900743	0.999714233797449	0.999999957005082	0.999999987741143	0.999999961662021	0.999686453958311	0.999996372852108	0.999922820568297	0.999995799621705	0.999944841633896	0.999995810059815	0.999996628632518	0.999996977045143	0.999996828917382	0.999931389036017	0.999948981118048	0.99999943239661	0.999976567107772	0.999984150792825	0.999987130945823	0.999999540209254	0.999983813146744	0.999999636281857	0.999967298976422	0.999955701550663	0.99950089725	0.999995644685785	0.999993349492402	0.999992870349871	0.999853787703868	0.957634299290038	0.999998209374517	0.999995046938652	0.999997002090057	0.999991473500597	0.999999950046038	0.989735779460755	0.999999709960369	0.999999382982661	0.999999994862967	0.999999651485756	0.999999823808649	0.999999001364832	0.999998971443183	0.999999406709266	0.999998665721552	0.999999812498923	0.99997459057366	0.999998991850515	0.999946849024496	0.999999992502661	0.999999843744982	0.999967500327826	0.997728501745759	0.999999724124901	0.999941230617895
"SRR5865080"	0.999985998948744	0.996427952610249	0.996015482241061	0.998398191549161	0.999997459540735	0.887671246558397	0.999756670507048	0.9639466002652	0.999962799594959	0.999898400728353	0.886163193093298	0.999713197120832	0.954900195074296	0.999969090645055	0.99908665782666	0.999965912341649	0.994805127271452	0.999489758466235	0.986963097263919	0.999978838087373	0.999344425917495	0.971172466660711	0.999636973139933	0.99831180496041	0.999822478952408	0.992196709245491	0.85976882612716	0.98992454565466	0.999123754490036	0.949673115347229	0.999838064132847	0.999998347272369	0.981006872565862	0.995273753206243	0.999799833616744	0.999732531356759	0.9999488315993	0.999834977351779	0.951193832256941	0.999892299389904	0.96673879959044	0.996857179382415	0.99982733944054	0.999998316402907	0.999850324501233	0.999703597221792	0.976992120901595	0.999991732631198	0.999999908416213	0.994558816622832	0.999985771510205	0.999855224500922	0.999485294358757	0.996455704003045	0.972737669271018	0.999399010984333	0.99998521537446	0.999866782866217	0.976989732891213	0.999977962864607	0.975603035206843	0.800083725831629	0.999994949050763	0.999718720411106	0.993418515394697	0.999097347017013	0.99999508675294	0.999812779556381	0.998031869481664	0.999999715362795	0.993053581031258	0.999996671196761	0.998228311151061	0.998231316524607	0.999824885445484	0.99988578184509	0.999982640471754	0.999949557874872	0.975395220774478	0.986323712566857
"SRR5865081"	4.21552039136833e-07	1.74092408769306e-09	7.02077110268373e-07	0.0010602965563522	0.000751914921915706	0.000255697203722355	0.000161647487522387	1.64684160784217e-07	2.68465810273578e-05	0.00401389368530209	0.0478463643201072	1.04841649088957e-07	1.03155639312336e-05	3.14435952477173e-05	1.2757885778894e-06	0.00975043331715372	1.87207145429493e-07	1.42884953120135e-05	1.97241377454237e-09	0.000306113642865271	0.00820352606043446	0.000357244622726617	2.39378813852917e-06	0.000104697865351839	2.01651075786303e-05	2.04778287909763e-07	1.20794231956838e-07	6.45162235584355e-05	1.33092545904762e-05	3.98457105999957e-07	1.74511993852867e-06	1.06348102957553e-05	1.90941263508395e-07	9.92679883863345e-08	1.46018701866018e-07	4.42223142746315e-05	2.81031693101987e-05	4.15057308756509e-05	2.74683623194253e-05	9.16138872544244e-07	6.33001417177834e-09	0.000109655389660953	1.57833359712553e-06	3.12358802533653e-05	0.00127335439806426	2.01600802072616e-05	5.30703177015352e-06	4.3488905061384e-05	0.00232826722343971	4.89171193090502e-07	0.00329554366311285	2.37516259441709e-05	3.23551963041297e-05	1.34676748368378e-06	4.05566447324068e-05	0.100586504327359	0.0293671075865445	2.07425951455691e-11	2.27496574791699e-07	0.373394529816125	1.94015898766812e-07	1.96613404481656e-07	0.00294124781622858	0.000623405578711607	4.38153859122125e-06	6.63807555001097e-07	1.65865334821043e-05	0.0347832775809168	0.0213485532215191	0.00206442051398611	0.000154630189388119	0.86316766670412	1.52300622773086e-05	3.47821523363446e-06	0.000388343427193444	0.000436135141515554	4.40429245628033e-06	2.94033982969598e-05	2.24600806180316e-08	1.70440092632865e-05
"SRR5865082"	0.97852595014383	0.774333459435681	0.00416180744621652	0.00146245555970349	0.000538612277429475	0.713097394923979	0.935887144699334	0.338360992619137	0.191706298405346	0.996288256474129	0.00314548812246151	0.961221453760523	7.76281086957222e-05	0.00318598569511161	0.940557106951167	0.401648749505168	0.0042085426161887	0.0188511494686513	0.106211035081302	0.280918238924516	0.17408366039312	3.60523226485127e-05	0.888360806588467	0.990562215954042	4.0461781777851e-06	0.0303907728164511	0.955127860107281	8.4571737278763e-05	0.00608573217493185	0.000341564149681145	0.121783936607408	0.812155533437076	0.100072670973574	0.239419907902244	0.0907940352863937	0.535689001719128	0.24041345861801	0.801718696829561	0.49273638674076	0.566324585261172	1.49766975289886e-06	0.12279037440291	0.97926357674414	0.59239927610999	0.998788919125467	0.114445727964262	0.00928849215167036	0.00434994866226187	0.999804204457171	0.00834218426483097	0.000882305436926179	0.723120150770639	0.139175986645955	0.86867596137251	0.042565898935897	0.842688469971544	0.373381753269601	0.420039247879864	0.0213184111637403	0.224482463213279	0.68710867504858	0.289823529349995	0.12774851520202	0.0227947144989218	0.333254591251898	0.0202851707781167	0.805432167081526	0.161129217498466	0.00788481197098786	0.993440692616776	0.893608580099932	0.721845583629728	0.98418833149648	0.00064237778119355	0.999958617354149	0.964275612072518	0.0103093474371769	0.951067664586016	0.775664916236466	0.11872303303354
"SRR5865083"	0.478138802013263	0.160884389582656	0.00774345286478733	0.00807371093442202	0.00384781427826857	0.00486867521881229	0.00510361101936394	0.000441013535607574	3.20786957156973e-06	0.671861714206462	0.000945172085513172	0.00132734072114003	0.019284819355612	0.218486257522937	0.00884222672097669	0.00708914955942284	0.00644080364240334	0.0589169001035317	0.00161708538049687	0.0133403743985033	0.133199266905259	0.0414638924073207	0.0659192979567993	0.00672754763081288	0.000869005249416844	0.000814670005511578	0.308411597301864	0.112812052874145	0.177009631481537	0.00715213339370058	0.110586268285847	0.00530307304036687	0.00633271181133412	0.681148610469382	0.000349414506826381	0.168161225671052	0.00061468036181113	0.148101171278315	0.0549017510188147	0.353229991935859	8.28344752636778e-07	0.10217846082582	0.0975369608198475	0.000648660431698525	0.301866040518121	0.00525177753230765	0.255076950220616	0.00411376692765944	0.793617407815604	5.2081744254379e-05	5.65324806377438e-05	0.0200704859889485	0.488901067523893	0.000197996214240392	0.00030557101300242	0.844015147536536	0.0656992742039373	0.00548559990348883	0.0143571187938726	0.274952141236874	0.0121140857851091	0.00100119622360508	8.74666783452168e-05	0.96292665647962	0.00490229260873477	0.000145841489159424	0.0219943056713178	0.000106127717914121	0.000288632662832861	0.00838903474926774	0.753091935767696	0.045210369545863	0.000266802721505246	6.1138251572886e-06	0.999467010459943	0.0433736904908623	0.00258453224446353	7.52804333595938e-05	0.00911323147058411	0.000297340375652277
"SRR5865084"	0.457991253026051	0.0231457387254524	0.0259318401549249	0.151137589642614	0.656216281636073	0.515554827610087	0.0311198781478114	0.0183961686815898	0.357590696275552	0.56983454741781	0.00742578752953941	0.0891023362863845	0.00301088024826341	0.429043523703921	0.272906763190491	0.175285817577818	0.0782679038986997	0.0352624443011452	0.0509137893730675	0.676123995976049	0.342630513509894	0.25674157911136	0.12506430400063	0.0787849302718468	0.40216357850168	0.0580680010210383	0.340553993701941	0.0024058487155381	0.0180556007382689	0.00433415742588573	0.0165327327617086	0.0872347986516922	0.0168395481152974	0.324022686277362	0.0487783871202794	0.0484958747832131	0.205456917430675	0.172431690057629	0.0072811092458394	0.0137817192231289	0.0176093951381407	0.773541028107534	0.0681131591472709	0.691459499685641	0.0338460486084988	0.260171480669665	0.0527874915413023	0.0177053069878557	0.731851033979149	0.0370061680191898	0.647243937010076	0.0799347843281416	0.0127946844945353	0.00804689054084752	0.0237527731326269	0.0101498332462219	0.180331687342262	0.0473457224537073	0.0197656935328406	0.0673811008180668	0.00239204437841476	0.283112114697286	0.797268055134865	0.188383473224025	0.122037046889902	0.00796493055870291	0.685522354854741	0.351489762321602	0.202739835003136	0.326091391286081	0.0058046120910983	0.0293941097945644	0.328088037935953	0.0719048854641844	0.425997464655005	0.811100112818531	0.118639064553929	0.175166594119762	0.154305437937162	0.0119789724474336
"SRR5865088"	4.75978208801266e-07	5.47123712454168e-08	2.3513440180418e-07	2.27274246646959e-08	8.03919735830324e-08	1.89400339122465e-07	9.29692964730575e-06	8.80485584767634e-08	1.18493807102896e-06	0.00298563531460278	3.04191938620411e-06	9.85408250026474e-06	3.96392524349341e-09	1.02598146097263e-05	2.78329378146793e-06	0.000134593476478551	9.32768377692059e-07	5.01965863824754e-05	9.2817707176636e-08	4.05913819149823e-05	6.37044297435103e-05	1.35573889444659e-07	2.86723224467327e-06	0.000264157011553592	2.49246977931524e-08	1.02699317701077e-05	3.74060454500494e-05	1.10367916306647e-08	4.38245942376657e-09	8.1205509498422e-06	0.00357174002990607	0.00229342711719618	2.0664065513428e-06	3.82531082816759e-06	1.01696746281055e-06	6.4700333632352e-05	7.99647139281685e-07	0.000227585073382993	0.00337557563046757	4.49856240141791e-07	3.80391662871973e-11	0.000127150914418519	8.10242203825321e-06	0.000139421381668377	0.00424134747794467	3.44313050050419e-08	2.15599379095941e-07	5.91555613370721e-09	1.75196088787194e-05	2.12886006817282e-05	2.34806625617819e-06	8.00319954171718e-06	3.85811157069311e-06	1.07933533984854e-06	2.08192938811398e-07	2.33029432799045e-06	2.92082882878824e-07	7.11339317802015e-07	1.91181527746698e-11	0.000405464458191109	2.89180723310057e-09	6.88669049282936e-08	0.0600750268845411	3.58043362664508e-07	4.06925008460596e-07	1.20686471239348e-10	0.000732480040106425	0.00285282914449057	1.77124947101094e-06	0.00266989676604285	1.90604971298391e-06	0.000346441424932882	1.26391485086916e-05	4.24870370855009e-06	0.749140791448733	0.0374744466282025	0.000103769585862112	3.34067783214989e-06	1.11878857207512e-05	1.0780610672793e-07
"SRR5865090"	0.0998648998826451	0.0524262899168143	0.994367600821848	0.998693225214827	0.853103059354642	0.0769835005122936	0.899011654865317	0.802476378456573	0.231146590047628	0.986165838362146	0.972630684638791	0.953739841461816	0.134834999821018	0.992742400478999	0.991577506377808	0.860911412600046	0.0492963123983231	0.414237455057948	0.540918799142256	0.908098536262696	0.847800753641202	0.224432867946493	0.987706270499166	0.921305732586683	0.772129637751644	0.975310464282057	0.994055696249999	0.97492152396016	0.9628529396041	0.285759622701633	0.847326074275347	0.420084782012596	0.904794916620764	0.804077692987514	0.00992011117273277	0.630910094341555	0.850165907627383	0.958086258314592	0.17572820772781	0.763869134512061	0.0318010816429577	0.925733025737941	0.98593665194227	0.652980519474636	0.998411808656939	0.969446737235182	0.890354768847043	0.178497628329184	0.999968140022699	0.12096526583659	0.853560505729126	0.999515113926177	0.954416163748696	0.154398722110333	0.110547907824989	0.965025248477307	0.995342623493802	0.00585976587216927	0.120562420837918	0.999716383210983	0.0252804061903099	0.97644501027336	0.92973549625097	0.991993325928116	0.615031239682038	0.597466909341292	0.983395551410989	0.812266909910829	0.0983812373982852	0.995172445063863	0.997677992103274	0.999499373488757	0.97226982367638	0.750294289806517	0.998609637843795	0.99508830132964	0.958301068803865	0.950803547502458	0.183970519758909	0.299724064304173
"SRR5865091"	0.995659393035778	0.996854835135462	0.991992748412776	0.999983382472432	0.999950072229371	0.990040236344568	0.979948794234937	0.394293750167318	0.999672335781718	0.999426229179042	0.979793730623057	0.997763024539421	0.994176382438095	0.984545188069676	0.99140877297874	0.999950611692292	0.975540779160348	0.998298694844921	0.990689902126495	0.999991144223038	0.999601979617751	0.70594040515153	0.999990820519705	0.9994450713827	0.999771949980047	0.999374636671051	0.995112543129558	0.999838146264471	0.990412047119519	0.952415013591599	0.979585316576005	0.986795774363985	0.972099945243793	0.999244259744992	0.893930660231101	0.998830376898093	0.999332137250271	0.999724670866544	0.715072019402103	0.996829565197078	0.924411375729095	0.99934429403392	0.969713030514544	0.999292654739009	0.999979694436932	0.999179735280284	0.999282439787438	0.567999973364072	0.999989327409782	0.997179478525113	0.999970710341018	0.999979576455087	0.966996641453477	0.992078783818147	0.662157543233923	0.999661686325247	0.999955282638942	0.814257588208922	0.425773641495017	0.995219448609376	0.507027894757754	0.998136373816135	0.999801197884996	0.999907143441943	0.940902232772401	0.269449102354908	0.999990606194318	0.999944898356725	0.999672582494831	0.999974464246028	0.99993518249034	0.999977717975341	0.999883100957563	0.999568172777288	0.99984496260639	0.99998697315144	0.995622621484283	0.998025383692314	0.995497454066274	0.996023969220542
"SRR5865092"	0.999998386067956	0.999999307789225	0.999999901500806	0.99999778230481	0.999982624502626	0.999477855696127	0.999994269523016	0.999998630197296	0.999993220482589	0.999994323482927	0.999997091934045	0.999970182255397	0.999990674961752	0.999999647457525	0.999955385465996	0.999999882437418	0.999994244569401	0.999953759819449	0.999957028900123	0.999995429167961	0.999848300778594	0.99997064115902	0.999990118518133	0.999994853017038	0.999636329902966	0.999829609347572	0.99999133629993	0.999994080783382	0.999966265742626	0.999996787449913	0.999999004041564	0.999999948547561	0.999998958011276	0.999693859801846	0.999999843929131	0.99984829886488	0.99999189235187	0.999999698826406	0.999996287113204	0.999999971046022	0.99985667815558	0.999387597170805	0.999989309197827	0.999997328528591	0.999995712641946	0.999985986727203	0.999999527411853	0.999950510497939	0.999990692775676	0.999913729602225	0.999938701572301	0.99999613526574	0.999999406136856	0.999996643228064	0.999866428994969	0.999999462285901	0.999840230384733	0.999996122705772	0.999999986711665	0.999994568769686	0.999949770017376	0.999982976933403	0.998639974148389	0.999999817421577	0.999889072138847	0.999999811132014	0.999999990023782	0.999745907240023	0.999990464005454	0.999983756187521	0.999999962210434	0.999999000006336	0.999955279325647	0.999949871806278	0.999999951239353	0.999986794576275	0.999972754233384	0.999931159291933	0.999993720467852	0.999586020356217
"SRR5865093"	0.999999575795931	0.999999559313153	0.999862634705859	0.984363596868503	0.999660862223699	0.986255020388137	0.995992016713958	0.999723710215428	0.999021441822403	0.999987689023577	0.999584765123902	0.99984737733859	0.995002591858164	0.999902340437374	0.994649869953016	0.99962320750321	0.999947828730686	0.99396562937051	0.999672954948201	0.99965113412759	0.998213605964619	0.999788274862241	0.999959299588775	0.999811649854091	0.998837043844505	0.99954878436379	0.99996504701679	0.988466311428411	0.997862179775695	0.999243429139823	0.999874419777202	0.999932220973626	0.998670522866379	0.999955998747988	0.999832601613147	0.999348026636833	0.999892745284825	0.999666012311831	0.999621773825019	0.999989517106303	0.99962817471428	0.997148837411722	0.999997005939323	0.999991296024743	0.999715109259839	0.994164618137832	0.998478894360234	0.999937128993742	0.99999994536617	0.99864868940197	0.993923520455302	0.998114787678777	0.991212683066534	0.999997433941033	0.999565393959407	0.999994875785739	0.99930444831062	0.999950834788828	0.999932174297698	0.993549083327216	0.706228717377314	0.98352552219884	0.998048465006476	0.999970559092575	0.999546579050711	0.999807301955326	0.999975652050919	0.998260461379125	0.997267642769561	0.998978403904237	0.999690882329938	0.999219244731022	0.999941080081674	0.992932108373249	0.999999343403329	0.999422307509206	0.999926104912356	0.999770434602984	0.99765803275237	0.999248219765388
"SRR5865094"	0.928963250559136	0.907499267067144	0.973462604968628	0.939163643244902	0.888889686944482	0.654797348582	0.582740030267212	0.578933891621895	0.9270072654227	0.984647943912075	0.75384721869024	0.991744069475246	0.725618540785098	0.111672259111294	0.995184237515266	0.836193040398613	0.93641373095157	0.976815834394481	0.791049281295337	0.835950480737375	0.998387931053936	0.232571376133865	0.927955047183469	0.998427230597803	0.788453491844362	0.966554451096104	0.972094914302209	0.544446812712633	0.908664883776866	0.14954052199873	0.881800885608692	0.305498514037747	0.969214669009796	0.806169443986889	0.892326302077948	0.981425986108465	0.967257462496543	0.996337919356019	0.242172940523698	0.973531443913834	0.939508484561537	0.992088535335611	0.711437290864042	0.994725906450523	0.925922277066198	0.387835942996282	0.985227712869067	0.825359542626373	0.99453984416519	0.986852661443601	0.790687076800889	0.741679624564282	0.420227261238473	0.170658412744651	0.025992469823999	0.846460985869167	0.764338850256793	0.929950740575423	0.903658070195025	0.270221712317495	0.0541499435478535	0.997386341080316	0.973141173775869	0.996645347454719	0.844403888410164	0.190073511415975	0.997085510289969	0.99488149465247	0.989306347435742	0.994578488198186	0.90872906326378	0.999195335324132	0.995780068013524	0.958066994110752	0.998492645116835	0.832841357053665	0.450773899153739	0.552338606497933	0.679329885389189	0.815910235058138
"SRR5865095"	0.999975252311374	0.997044247828636	0.980518863560035	0.99899323155706	0.995462448370857	0.982991342751661	0.989819288680108	0.998290231405294	0.939871741296658	0.999920117658367	0.999152527474248	0.999950934997707	0.99600136979658	0.999835206688888	0.999249526429324	0.992145288586688	0.957896236296724	0.999445417845791	0.991368316512291	0.999572611213484	0.997387270609135	0.994743313596941	0.99988041006444	0.999966992101994	0.999996985793102	0.998367682450199	0.999998494975107	0.991156855697054	0.999941924929453	0.961955816875638	0.998817352985313	0.998595665494185	0.996083576635337	0.999355167615713	0.943961073992386	0.985028186473733	0.999390479978565	0.999934850899679	0.99935784685221	0.997310310490645	0.891555516356357	0.995415205500708	0.999495808628737	0.99973837355409	0.998686969561303	0.999722296610421	0.999341459607385	0.955112986540216	0.998949321397735	0.998765004358415	0.919881558598614	0.999714457543262	0.999828627331846	0.892618421435833	0.33390312038435	0.961721279098612	0.986024427262908	0.82660644418543	0.985422496459075	0.997442606217577	0.946968890330506	0.999735983512862	0.99849964961001	0.999566857588378	0.999625473961206	0.993652307329195	0.999963815530687	0.969274762536763	0.981681138876338	0.999846274046659	0.999904075501052	0.999875024044731	0.997443690514896	0.984305773901917	0.999725604238382	0.999735250683926	0.986147934128569	0.999289295607921	0.996021130306629	0.721423721959665
"SRR5865099"	0.999997669644745	0.985896383191052	0.957546242889099	0.639694227406076	0.998537434701417	0.999297214489616	0.999564684432682	0.999522478660305	0.971410538254613	0.999999987994461	0.997620177620775	0.996925605718095	0.289220519407706	0.980258167017937	0.739173782812504	0.999834630951549	0.999089886027372	0.99989426377894	0.999014425186404	0.78805669977469	0.984820784581159	0.999821675463105	0.965258860625277	0.999989159248458	0.0140359486180814	0.779019188706136	0.999999987285964	0.999938627362871	0.99992205436546	0.197784677942061	0.999183906146902	0.947318588330592	0.999679467345903	0.973676613307275	0.999988360025391	0.996260522815372	0.902713707110965	0.999878240592556	0.999957697554822	0.999353817844405	0.547239160007177	0.994979277048883	0.999998998956369	0.994224017645599	0.999926343002123	0.999999889125516	0.999693724040976	0.987274132146283	0.999506783483836	0.918405258941066	0.0406025346433488	0.996912323307965	0.994705880279906	0.999999986173303	0.0244378252864089	0.996760833332045	0.934600901046144	0.99988554634424	0.985608525818414	0.998336788352079	0.999998644462034	0.999946678532873	0.999983901471817	0.999999796642651	0.999999115810805	0.997598091228275	0.999999862233288	0.999766219416976	0.848217751198887	0.99999012349391	0.999944157704618	0.994881322643445	0.999955933210338	0.829173354930121	0.999999999662847	0.999821903471157	0.991347095501652	0.887333096160344	0.999941779383721	0.997229232201468
"SRR5865100"	0.0154939366245744	0.00560694268469914	0.360645109490662	0.529049731541573	0.0975731214121735	0.00724823386076834	0.095185666300963	0.0267380800111069	0.304435296652195	0.0409601622762936	0.120658798812478	0.0564291212683933	0.000814769903436401	0.101146232990052	0.000112055963733208	0.0210714127358908	0.0249037768069127	0.000800612875530819	0.0061913400608601	0.0267554197257417	0.0112953758158933	0.193984537764841	0.000209486181848945	0.00469514294157321	0.0105383445946285	0.00511252032225753	0.000259533513813976	0.404943081268615	0.0702548017744793	0.00425130920284661	0.0488499971153018	0.00195025301647703	0.044171891755297	0.00653214772979284	0.0283884279792154	0.0219438794790611	0.0472139766896484	0.495341768175054	0.0239261468545234	0.0353582112056309	0.0238715232459715	0.0437360970645927	0.10176851415878	0.0996451063438243	0.353391202439109	0.00135241535975773	0.191821879439551	0.444359250796023	0.800128875246062	0.177417658490767	0.122072300214297	0.0194256611865622	0.04880527199501	0.000454090254461246	0.134160928107397	0.773839316088404	0.048654146794539	0.00215711413669409	0.191417177923992	0.14161312750653	0.00140116604486668	0.0845778266150866	0.01152185760229	0.0596225825390971	0.00624753622859222	0.481877451851444	0.413488090628091	0.00141872269107996	0.334479593447808	0.00923460778111536	0.186616934923912	0.00441729012225338	0.249973277582015	0.0580813821102434	0.0472210411582294	0.075842524359119	0.00154019562935697	0.0353335590070352	0.000361085804520632	0.0192922686988682
"SRR5865101"	0.000470209604419199	2.42213875784199e-07	5.6932974748527e-05	0.00816069615494855	4.54669849897929e-06	0.00347787127645057	0.00023732979520945	0.00012188182230019	5.23580020422408e-07	0.0060942252017361	0.00229308308610946	0.0122944395364305	3.11933870294444e-05	7.26516661437293e-05	0.653050519817853	0.000205285561110333	5.18472018943391e-05	2.70921259552919e-05	7.95901108467084e-05	0.000680242240831	0.000100948628730093	4.46406205766269e-05	0.261258189621142	0.034972395409291	5.15657275824116e-07	0.755707132874004	0.931789974349037	4.10417280209395e-06	0.000234811321418984	0.000511437631138542	0.0071592634471666	0.000165151858889079	0.00024043945749255	0.352670933236086	0.0087175877583986	0.000144050495594347	1.0700583827106e-06	0.000877619030536323	0.00261492105693103	0.00119389911543442	7.45221634075016e-06	0.00339834604667583	0.00109124358122177	0.00107452011591547	0.676514309476535	0.000191705811558446	0.000171738511521469	5.62826727621749e-09	0.00031926617986613	0.0152418713060156	0.109881150925825	0.00853763149866933	0.0101243795293431	6.58294839698788e-07	0.000242741580670321	2.63514348317017e-05	0.334104775975297	0.000628034009754397	5.90417461711279e-05	0.00503464743319477	2.32981536168151e-06	0.0221873314967866	7.59487881304852e-05	0.000149946497077131	0.000194975467417905	1.20791699247082e-06	0.000547810759732589	0.00387542657176909	1.03909514720717e-06	0.0214981925851965	0.00426097040685139	0.985576761879526	4.55374076588952e-05	1.21175944284997e-05	0.994776946982238	0.70750552058116	0.900894880889244	0.00285884911976511	0.796663917591593	0.000194336848492376
"SRR5865102"	0.994733552172405	0.97422792498468	0.999898045582549	0.999958047327113	0.998731676486577	0.928035028894544	0.99979485877357	0.999975154108299	0.743762899489311	0.999644126764414	0.999396702797715	0.993385472858389	0.998578640216929	0.999166060133049	0.882513780317417	0.999383980909776	0.975713876117925	0.999986610937401	0.999780359065572	0.99709705342061	0.999457368645362	0.950430301024422	0.999719870321243	0.996931207198698	0.998742119486948	0.988123247864853	0.998911594545111	0.997042688874389	0.999761901901545	0.983914079042239	0.997635582798976	0.996887203000441	0.980078583742178	0.9990659305586	0.976461824206855	0.999461396522862	0.999790396614179	0.999730838867037	0.999564797272756	0.997834340830485	0.776924762086119	0.993868349606287	0.999662276000649	0.995597985631529	0.999994964013626	0.999812151291947	0.998933294315321	0.970829975620745	0.999999086699224	0.92820980723324	0.99316778268457	0.999991868338359	0.99967653354365	0.991351351128023	0.987937082386145	0.999809829488611	0.992389521303399	0.992437207965615	0.975522595014897	0.999981354889215	0.979417139981983	0.99998538331284	0.999002017785513	0.999986943708909	0.999738241022542	0.998456205528217	0.999433590906537	0.975158079115839	0.929569115006966	0.999970531818738	0.999991169362341	0.999976003621376	0.999888437781392	0.998385932559732	0.999847396187938	0.999962898993361	0.996873344035398	0.989411195188095	0.976099882043297	0.996969009188024
"SRR5865103"	0.999961602680631	0.999273159431919	0.999923028675231	0.99277798896394	0.999995835804237	0.63443110812271	0.999322900670523	0.99998527738801	0.97428659549042	0.999540180430392	0.917155668370245	0.999999999722027	0.914327147722284	0.999499457803695	0.0316597467677308	0.999970860539783	0.999999528458749	0.990878391947738	0.999999227486099	0.999959576809824	0.497243827028073	0.999085901733661	0.999631934816794	0.999980986372983	0.777707967596932	0.999756145346098	0.984834089742556	0.998116056599648	0.968197223338572	0.96991093824592	0.999834454429821	0.999809584756456	0.993920258709553	0.999980592792421	0.999952388886756	0.822508746067899	0.981270792409834	0.99997054345277	0.995910027770809	0.999994715201722	0.999992246370156	0.993985202653847	0.251793474587164	0.98916944827959	0.999984662237468	0.999690082274823	0.999672701390449	0.89688268881904	0.999934799368873	0.999906918483695	0.999125846974383	0.9996578276165	0.998422510182575	0.9999993598304	0.240349595269423	0.999482777789892	0.999181645659635	0.999927778760476	0.99998366282763	0.952782196869054	0.999998293659062	0.481548046373079	0.939970822106054	0.999297655405802	0.99986985545613	0.999880927143774	0.999925000422871	0.999303527086219	0.933840436330096	0.999996931931561	0.996291957026297	0.999583999667955	0.999524465059272	0.47444211450018	0.999896021762255	0.999981916554178	0.999926444194233	0.00449136400314851	0.999878459424051	0.983905173551871
"SRR5865104"	0.781209115216943	0.65895528608522	0.0749190693355751	0.818405681778768	0.995828241084226	0.0900849967041835	0.0345542485068407	0.00419123780150161	0.826382052044771	0.970790801007177	0.181473460204261	0.753737067284571	0.0130332607211538	0.995810673340539	0.00168577289317302	0.984265510676994	0.0422916063247733	0.563209259201203	0.00845711704953873	0.146147658573583	0.854513861469875	0.379980671930608	0.0737939783909954	0.181552823510891	0.802438242382428	0.205718133420744	0.960569593897321	0.528417290381491	0.966274001169208	0.0267607160731047	0.16822295745166	0.785751858807539	0.312502370433429	0.961239946119156	0.00152458312650321	0.725731350380073	0.0659270453985557	0.940499969671867	0.596779250768478	0.121987530617158	0.151464294910442	0.423142073963369	0.138776805056387	0.255522881640696	0.662010733259909	0.0728829002527132	0.617948854295325	0.506971051928642	0.476983338976688	0.928687056099081	0.561136095562485	0.51600937702773	0.993458783905447	0.00329774046435982	0.0235961469055337	0.910638612251156	0.398465862126363	0.173828002238177	0.39415461173596	0.353324423733567	0.0455811740917304	0.0905664330625931	0.018191910894192	0.270322566040713	0.145723845997342	0.164385085484221	0.981008981551676	0.00170394332713722	0.0375643746921269	0.782690351350228	0.087917447427118	0.683925003897616	0.894521236305321	0.468103901734384	0.986900500403069	0.722045235085681	0.00753827262032452	0.0799551278254018	0.0543709116323689	0.0298206834512916
"SRR5865105"	0.000205829759006381	2.7508461761845e-08	7.4384449818517e-06	0.11025915917945	0.000534637242319041	0.00209713207373669	0.000127708288161264	3.41674271896767e-05	3.04068713405279e-06	0.0187167330204788	0.506569756710499	0.00680169181245036	0.0004156866112768	9.9864457501137e-05	0.980596721101324	0.0112917786147895	9.77838865637247e-05	0.00191332471075953	9.89493085424242e-05	0.0606781775785464	0.173155715162812	4.23329099876641e-05	0.9835949406467	0.518248845550906	0.000555691586061176	0.578806477966183	0.94101930491999	0.0171069950319899	0.000304046674405085	5.88343136305763e-06	0.0176000577497082	0.0832446883859901	0.00575260233836481	0.0276686439425485	0.000123880941924606	0.0027658202242001	0.0263527961813823	0.030315219253108	0.204975494344387	0.0194763395755722	0.00127894450816232	0.0378851807605698	0.000601484990557895	0.0531524207053813	0.981617053558034	0.000723653470919239	0.00770533953262781	5.66733825383439e-05	0.488166338855951	2.14133092556466e-05	0.00675826187948342	0.839689192986097	9.03086219556054e-05	0.0107990221875951	2.59851393746736e-06	0.0292111743554462	0.782983368765682	1.36406798791048e-05	1.63440799765376e-06	0.927491693278554	8.10955053636383e-07	0.00301276132044466	0.106902858796498	0.229387852331382	0.000285145901415827	1.60998249338001e-06	0.995114454419817	0.236845446781556	0.000196774918725183	0.897111462308635	0.306307519181842	0.943407089859073	0.110691273065658	9.0919578157634e-06	0.873949865094665	0.0807866746432118	0.0636663552927415	0.00935186182525733	0.0124532301438787	0.00448876026098146
"SRR5865107"	0.994013010557992	0.0358099665956924	0.953064495017747	0.371782623859292	0.812627388915588	0.994804485157929	0.968124930857005	0.986354497987604	0.99696050648846	0.999980990660255	0.236798581567148	0.990499212448128	0.0343100142094726	0.988207477173373	0.717421710056124	0.914409900122881	0.428425960659068	0.961050507932058	0.181773082431775	0.850394746987078	0.382927944444003	0.942404433288982	0.0747989386618579	0.999680687649756	0.00175923814021383	0.0245112487380281	0.99983425084833	0.882141997716724	0.084024491589661	0.659411382511995	0.989662267141315	0.997453403863033	0.997679864495761	0.0775251929297493	0.998513317660717	0.428327007317262	0.173290039181109	0.939076837449665	0.994256349481278	0.711097896380717	0.176902340620359	0.92901167486647	0.998135654415784	0.950256126353609	0.997018570865062	0.999866682130454	0.958155118241235	0.996854005218077	0.044923958474461	0.946919732347368	0.140776480354605	0.475846817808956	0.886831066119238	0.99584588863794	0.174617648613088	0.852960552425067	0.17455892244149	0.998725880286916	0.998963788455396	0.999263370957916	0.999547404653492	0.99983004796484	0.999540219925157	0.998873254302982	0.99842051261636	0.999720526238139	0.954772587147478	0.960557304726816	0.930268696373808	0.925559619622248	0.899781758014155	0.98403361440536	0.995439050961294	0.100660449128601	0.999996713190964	0.995685926469468	0.98266014056604	0.259767014436585	0.999960561840391	0.988215008282433
"SRR5865108"	0.99975412578172	0.981504831019678	0.759461225875477	0.776709792023353	0.959496651940382	0.999344227517996	0.970628527971962	0.945996745016189	0.98968791405935	0.992607341255262	0.980652713058888	0.981720893142934	0.887578227230281	0.881354273166698	0.995610849469249	0.989088642768822	0.950633456008144	0.948939932656017	0.491497211659053	0.982310714287425	0.960522732725549	0.428741903458131	0.999610253102965	0.997636906805472	0.997349941709946	0.994195724431376	0.0641435598743477	0.918645769444856	0.96243615361491	0.603010883785315	0.996197013418419	0.993501893607432	0.564762855759526	0.807758811040202	0.934894707801884	0.9485139589693	0.999328128288891	0.999762416001251	0.998173001910067	0.951438517354488	0.983340290699006	0.992843205033699	0.881204889292659	0.999830135256735	0.999442842197115	0.755123516711882	0.992918068912654	0.960425155088295	0.995345533270954	0.967662973952656	0.723427281506881	0.996311879930433	0.861492505644794	0.377006245212292	0.15629075575453	0.623685769713175	0.842861655735307	0.565992157700312	0.373246077988982	0.999290860507734	0.319900158263387	0.850108670538228	0.999175960355238	0.981955398209547	0.81325774610652	0.542894738073593	0.999910914159009	0.996759673278437	0.991269384414727	0.991557285316824	0.94431590015659	0.999768708261244	0.971622790361254	0.989397317509904	0.996905862687605	0.989016838798254	0.971760311188655	0.995061558774925	0.896168794973095	0.854055427249217
"SRR5865109"	0.75651860503385	0.176850696470025	0.00764521547430212	0.25283091679793	0.0103653320496621	0.809638205408461	0.0936660400982304	0.15445594721982	0.277756270029742	0.868038614622784	0.788265672763299	0.862940834749579	0.0438056217842679	0.0896215662116182	0.879556866282868	0.311156374876927	0.0166377207993657	0.0889249412573415	0.116739073599157	0.806866953043622	0.467183621160498	0.00110364418632839	0.942235736866838	0.89072958043795	0.128907894499442	0.983511606370252	0.0806042728937401	0.436045371814478	0.141024921557696	0.151841406682192	0.446664259290554	0.247238822742759	0.175871688216994	0.161530034320853	0.154325695764949	0.837574434388347	0.994273854817467	0.918659364306818	0.333201677174949	0.933733499817935	0.465760968241802	0.163953585007662	0.150538705379731	0.87132062362614	0.971105641791672	0.0468294210855295	0.901080805347263	0.00580328199101014	0.878385986511116	0.1256264768813	0.00983984049579776	0.983179531188413	0.029270234354697	0.00891677517773933	0.00364398779500994	0.18226853385612	0.175994658784746	0.074395020179046	0.268542780871246	0.936292086163634	0.00153148074730337	0.498551397293671	0.414596450546736	0.895680335786786	0.01298363145041	0.000169979630839245	0.896039008965652	0.776678459865681	0.116110978086322	0.764947296909664	0.866838693343363	0.989126826211687	0.913468317657134	0.730401329020264	0.991616847599481	0.653426671652941	0.107460808822231	0.314776396214411	0.0571877624570832	0.0475388953456487
"SRR5865117"	0.000706545585577272	6.89255323507871e-05	9.27808402544252e-05	0.00202668781255114	0.000319476167109787	0.000540456953430392	0.000196441751819536	9.84582503234238e-05	1.66671611556629e-05	0.20051263920516	0.000337840111743616	3.92533943181207e-05	4.79496176602191e-05	0.00593338260365918	2.27114787796395e-05	0.00342258915780696	0.00015025253156245	0.0398448587337395	0.000321885295400703	0.000157393440832065	0.0577371102156001	0.000226724733871609	0.00287171858929733	0.00373934410680889	1.49967965791093e-05	0.000525834812445676	0.781403243680798	0.000413034494630435	0.0033880500364294	9.88063126090566e-05	0.000322942743918457	0.00391632738588056	0.0261827453156743	0.00327015199501278	0.000269739216159036	0.0115073397945291	5.04500829347866e-06	0.00355059195444432	0.00667421521221591	0.000195867996993266	4.16552191275716e-05	0.0342853743279403	0.000239603806850139	1.37285736964378e-05	0.00384605789699708	0.000651260406888183	0.000131376151303368	9.81782315294086e-05	0.000142043246842411	0.00820036082317792	0.000147808037200492	0.000701607142808615	0.00223636949549704	0.000233751751262381	6.81166134716463e-05	0.000102748843346665	0.000105267476144466	0.00633734536873373	2.17870209895834e-05	0.000963962914649907	0.00793230418911508	0.00470989585424663	2.32654360777856e-05	0.00700004835668792	0.00578879629520688	2.68384125315142e-05	0.0550849845270229	0.00042564976480204	0.000114367977701538	9.7294607929291e-05	0.00129096567290139	0.0310208572404447	0.00177610778358909	0.000115304741339856	0.563640003515593	0.00242389355402976	0.000570734490119315	2.15180961479084e-06	0.000709298096092126	0.000822850464360272
"SRR5865118"	0.999997234239694	0.999997428866967	0.999999365869474	0.999999577293062	0.999999992729786	0.99974591073817	0.99999694341594	0.999993345339661	0.999998948172231	0.999998472946878	0.999999784671894	0.999886458757865	0.999987335339765	0.999999878083031	0.999997968230628	0.999999188798061	0.99998921832973	0.999840989511396	0.999998504440874	0.999990434025744	0.999984478346875	0.999999672429204	0.99999911253686	0.999964897667957	0.999996342690012	0.999999494854694	0.99999050701244	0.999971200509106	0.99999996954478	0.999986880850506	0.99999907974414	0.999999075263722	0.999983159822135	0.99998445549871	0.999999928622476	0.999914153752186	0.999997572729521	0.999999404567567	0.999970469655977	0.999999552058712	0.999993504363248	0.999989448140635	0.999998808009042	0.999993680380463	0.999952157685428	0.999997544870172	0.99999909749084	0.999995075806322	0.999977180174694	0.99975788617379	0.999999499116219	0.999997037841365	0.999978867119639	0.999998312041698	0.999779534420194	0.999998903142723	0.999989493701213	0.999992161632387	0.999991369181405	0.999955494590043	0.999960892238978	0.999999235718794	0.999999982525319	0.999999831151352	0.999994963027007	0.999999956007835	0.99999992528708	0.999999859084619	0.999999915710825	0.999999990818065	0.99999659864907	0.99999898656086	0.999873936345232	0.999999691341235	0.999998355473849	0.999999432872831	0.999999875654652	0.999999093904466	0.9999914221774	0.99999768046248
"SRR5865119"	0.98844077626817	0.867687895442119	0.988221380551365	0.978266308533051	0.999862617146979	0.942012782895542	0.978773291911809	0.89048240313362	0.920649338784668	0.998252133048445	0.992865889492461	0.877098667649855	0.970689612165768	0.952117358198635	0.99065064230807	0.999707111339033	0.630118016267075	0.959615607954312	0.901963529216272	0.992063100952329	0.988109070490561	0.994326220096892	0.993852079565901	0.994450356816023	0.99497252780768	0.963485471270539	0.994471938611794	0.995990560516072	0.968048285621522	0.80730879975262	0.966907078554729	0.99583928347434	0.984215037875381	0.960669689987191	0.675858251272969	0.957229593040065	0.997319233769169	0.994395626731343	0.967195105251645	0.963284397252447	0.97729219806518	0.938372506112683	0.994952198291153	0.993006633812132	0.965181198260918	0.755711672849237	0.987052396924397	0.921323212419565	0.996842772929288	0.854940537465972	0.99618229896387	0.999132427359618	0.943120612148846	0.987045246183487	0.470884029089975	0.963583859900051	0.985983110806192	0.778120663923658	0.911463644320974	0.995444265500671	0.101091968167622	0.893280845776554	0.984200796108176	0.998770205968164	0.962169589307996	0.927323464582947	0.999854820250526	0.989724609040025	0.897000129270098	0.995325011181055	0.965715246844987	0.998303096793608	0.985238611437108	0.92874243105473	0.998793472459695	0.994578146100659	0.839715605348414	0.867995470663731	0.821850642793528	0.863759547567937
"SRR5865131"	0.00662075941817777	0.0115022117450768	0.170786109587747	0.98758804369027	0.0726350975503362	0.955564927923217	0.0479315981055159	0.338971929223983	0.000156072302820732	0.98667712690567	0.255451724143983	0.114248987924903	0.340579641859078	0.149563584455583	1.03722424695102e-05	0.000207925624307528	2.35471499440397e-05	0.909573544018851	0.0344647583148255	0.000974051128199429	0.809580667879463	0.298048523725188	0.25802588060359	0.137696971344958	0.177169676393563	0.0209372174820385	0.193982954141204	0.943296010161821	0.934574579575511	0.000348078557362492	0.0701723961192655	0.00196558609749031	0.00296290108076093	0.0923931251936733	1.41147642188996e-05	0.441814091824891	0.0219313689591351	0.365530053078382	0.0368290619806653	0.0307015681367125	6.07709213155947e-05	0.0729901347185354	0.0081326195786221	0.00284092526541879	0.880761527080571	6.84226352803778e-05	0.056777517397694	0.00052313756730747	0.501665740768054	0.003939913626549	0.166384310010329	0.439782006758966	0.962331499628876	0.00238127520727655	0.000115434743171899	0.730376725034965	0.899421086203444	0.00465220410615934	0.0114378313269801	0.979762353168252	0.0220269494568382	0.725079395783394	4.94869487942663e-05	0.222287869123736	0.176894114824177	0.0924815484263892	0.999954593099971	0.000363155423251712	0.0137226192259361	0.0119886807486737	0.173932685083807	0.991715791221394	0.237745635511142	0.017873807195054	0.939339841032641	0.584478686223654	0.00998971711098917	0.000485136881639987	0.0547695964619855	0.762906760281693
"SRR5865132"	0.986692287257837	0.98849419445267	0.998107755112195	0.409592637998925	0.999683915795322	0.958995135045685	0.997313365928056	0.831089809613849	0.325165841484964	0.999626151028403	0.998543538641268	0.467372202812369	0.848309958144327	0.858387149769262	0.221868555661091	0.999904940764947	0.998255263034258	0.993750341840025	0.338734728572685	0.761921333896342	0.975612955719813	0.998735194997051	0.93136537752124	0.940714431196162	0.433113300473266	0.819066053377833	0.998775757783693	0.966588325345665	0.974477657388947	0.0135268492027154	0.833971805559677	0.904122424432283	0.96089254833432	0.933454968574349	0.823524079575629	0.508784801372942	0.680382749094639	0.997531119241589	0.934846834987612	0.642942313866856	0.968126496391498	0.810877078057512	0.917976872364784	0.765474315035743	0.990821520316428	0.0326836139840716	0.977183830337609	0.944136188687072	0.997227077001483	0.104834724819156	0.716805632617494	0.987679755218405	0.610714756922736	0.989214483398206	0.00825872322268734	0.996256688220075	0.100018377042139	0.690418144038131	0.993570338947876	0.997032773962632	0.0934935534705238	0.0205770637745204	0.0283686629165037	0.999713349216619	0.974021435951081	0.998150652928698	0.998728551281477	0.926027887345486	0.099564443575614	0.974675514112192	0.999076201138667	0.984842700952963	0.890850815629114	0.256081653288034	0.999997050701045	0.0449004144223794	0.362580083240541	0.00860255633932943	0.908199950480004	0.979129672925795
"SRR5865133"	0.00218980134318338	1.72841939575502e-06	3.69787190821868e-07	0.371593375886224	0.00061844021559713	0.051910999157211	9.77532714026525e-08	4.17446253580128e-07	1.20803539638912e-05	0.105211804561992	0.0137822544550253	5.64918559070576e-05	0.000268231132345728	1.92027857643293e-08	0.0116460837168887	0.000512589674679049	1.60597996506166e-05	0.000119315409605633	0.00114607367256071	0.0040711603583233	0.000693555720457958	7.20233401040871e-05	0.770575743769131	0.0677677217424301	2.43039654650884e-09	0.0128646072337479	0.679593322023511	0.0401024035119584	0.00033221005792366	2.01055993433367e-06	0.00432893684503434	0.00166460749827231	4.24920820523583e-06	0.0295508427768644	0.000244150160378169	1.23236385764604e-05	0.000499800585676589	0.00277976668891077	5.88235391596886e-05	0.00164378381383591	0.000217219375333734	0.00788776201251369	0.000979870382114839	0.0101782148010129	0.549191141923699	6.16034389104672e-05	0.0817225956474252	3.00839192700305e-06	0.00172217828698141	0.00312890845243971	1.30129678743547e-05	0.223892776071098	2.10221817714881e-05	1.60545489170674e-06	2.02564943233288e-06	0.00216842647885034	0.119415985606391	7.83114157768831e-06	6.29369052625536e-07	0.00153054460347141	0.000155090583089537	0.023531405799386	0.00214004356405639	0.00156642210667279	0.000285862662936471	5.55739334179474e-08	0.998782328685034	0.00134024318744036	9.83133706656203e-06	0.00149868404562021	0.0437750407836026	0.0197786076436583	0.100491585297834	0.000191618520273184	0.987278738059353	0.0891685479016912	0.000124701393357819	2.97642540485825e-05	6.96916205557148e-05	8.90836522097894e-05
"SRR5865134"	6.9989419368348e-08	1.91313725238108e-07	3.9611378819984e-06	0.226280929124439	5.0917141191078e-05	0.000841273668356492	2.56381950116869e-07	0.000463686203499978	0.000222304258619647	0.0002025754807467	0.000661823222398859	7.85060802645241e-07	1.65655510408324e-07	0.0060616583373824	0.0186109061512381	2.21437021321804e-06	2.5701275433966e-08	5.13689646716167e-08	1.4070013519994e-07	6.91763404035797e-07	8.17345215250845e-05	0.000847832776491205	0.0005843730498543	1.25611633544389e-07	2.33653756803627e-06	0.000150460203332133	0.0153955715941509	3.71877522918693e-06	7.04542603241588e-05	4.90086811741544e-06	8.74442968291024e-07	4.49768925259111e-07	2.36332809915615e-07	0.00243251946732333	9.72737929450666e-08	1.95868254651186e-05	1.03918153201855e-06	8.73852395259769e-07	1.69005398901697e-07	6.83783913193517e-07	3.13188875024035e-07	0.000189249971693099	0.000298304076703192	2.10491607038189e-07	4.0143234790183e-06	0.000212507848400899	1.51019495508995e-06	8.15318791353755e-06	3.01764556976615e-06	0.000441460901208388	1.21916818788028e-05	0.00105778239512655	0.000214596204057498	2.58043565362291e-06	9.25756533853825e-06	1.12934933278589e-05	0.000822040657725464	2.29966558918298e-05	2.37842560191065e-06	0.000531340351449577	4.8207468031596e-09	0.00869103175981552	3.50063586775213e-06	1.3455009917585e-05	2.96419738835955e-05	1.75040398648585e-06	0.00718829170817962	5.1355599448166e-06	3.70050815951934e-07	4.72926180609313e-08	0.000997775569718426	0.00150179870184792	3.96317240098534e-05	1.56528786445983e-07	3.93965459339359e-05	0.00321340258264888	0.0311375978831268	5.58591647238209e-06	0.000189865809271553	2.09716232778079e-05
"SRR5865135"	0.734255203643464	0.746497606514469	0.953912828114208	0.789529687045192	0.990772088423432	0.862957602452223	0.950486287306979	0.514333724263422	0.987690496191882	0.995419099808842	0.295122055964551	0.698993858620731	0.294646445225998	0.19883521001435	0.415511818473288	0.529515703104518	0.0696932117124433	0.275370369837287	0.231685040410139	0.948096323784986	0.995223395745882	0.728999201385162	0.914849188599035	0.394030456948638	0.767423636825861	0.957630746542445	0.170621546417923	0.982756000563803	0.565238388809665	0.0140848133462806	0.0787437534266659	0.216101192229608	0.247548561713486	0.491134481499933	0.708546987139818	0.982286313996453	0.870344168777604	0.969645748723365	0.0464705356638145	0.143148769414585	0.767443889238266	0.496405860105422	0.53142085563461	0.761833871315733	0.766291233999176	0.241160767240241	0.800714534246951	0.0835156336946124	0.964195652682512	0.818872134818783	0.846922901523628	0.830975205552668	0.0782854317089139	0.794168725926363	0.119774539445981	0.937829674499797	0.886229582538201	0.299656566731241	0.230027143212429	0.747188264590549	0.0328925020979424	0.629617087841791	0.791154556671999	0.994980820530238	0.659237375637858	0.0159286738512866	0.991363490190615	0.983993422678868	0.982696799044206	0.986406555669613	0.847987321259574	0.863111113743049	0.99479399203934	0.859749568344791	0.742066355355611	0.896216773463765	0.130318289396387	0.102726016016598	0.243969775351467	0.940248123231851
