"Model_1"	"Model_2"	"Model_3"	"Model_4"	"Model_5"	"Model_6"	"Model_7"	"Model_8"	"Model_9"	"Model_10"	"Model_11"	"Model_12"	"Model_13"	"Model_14"	"Model_15"	"Model_16"	"Model_17"	"Model_18"	"Model_19"	"Model_20"	"Model_21"	"Model_22"	"Model_23"	"Model_24"	"Model_25"	"Model_26"	"Model_27"	"Model_28"	"Model_29"	"Model_30"	"Model_31"	"Model_32"	"Model_33"	"Model_34"	"Model_35"	"Model_36"	"Model_37"	"Model_38"	"Model_39"	"Model_40"	"Model_41"	"Model_42"	"Model_43"	"Model_44"	"Model_45"	"Model_46"	"Model_47"	"Model_48"	"Model_49"	"Model_50"	"Model_51"	"Model_52"	"Model_53"	"Model_54"	"Model_55"	"Model_56"	"Model_57"	"Model_58"	"Model_59"	"Model_60"	"Model_61"	"Model_62"	"Model_63"	"Model_64"	"Model_65"	"Model_66"	"Model_67"	"Model_68"	"Model_69"	"Model_70"	"Model_71"	"Model_72"	"Model_73"	"Model_74"	"Model_75"	"Model_76"	"Model_77"	"Model_78"	"Model_79"	"Model_80"
"SRR13357893"	0.0969970217920224	0.174238259419682	0.196976190063364	0.221854335020024	0.144061251400392	0.262172950157911	0.17472621212224	0.146787684293582	0.0770543129859136	0.26950623124208	0.172925688791155	0.111273051836111	0.187494865752174	0.136876258514435	0.102769383759785	0.313079159573559	0.0860698239422452	0.119327642028093	0.475846996334502	0.0942417959157796	0.266103502885185	0.0554277468812253	0.100446443937715	0.239583188962557	0.199323050225415	0.209629389676244	0.329407250303729	0.210851029799654	0.0641611437063536	0.345276391813695	0.091529984669933	0.0986172054321927	0.189254381819968	0.0804376079327446	0.259638041390433	0.0357596849663709	0.11367228782497	0.0674718907642602	0.387485958826527	0.276312327015621	0.25763406382568	0.24378768566604	0.188478460867401	0.341464228604341	0.17653539756783	0.0840870479039728	0.0869807081981833	0.167173958756067	0.149956060988216	0.268082766752405	0.203516296120117	0.211567098482989	0.428253104638664	0.256792315678526	0.072454058592678	0.215950941844967	0.163373426648466	0.174215247063278	0.141208630996227	0.0801345301114437	0.112974609354884	0.123780373920311	0.0807213874861683	0.142456172393474	0.164167740588024	0.25433333904417	0.162543275363954	0.142937540069608	0.126868436397429	0.0513480115437206	0.138268868024343	0.337928936805201	0.091636260160842	0.126104183484103	0.187930107576624	0.196504020541976	0.111194347976771	0.263764760324344	0.0874749725972885	0.127921713786226
"SRR13358121"	0.714123955372295	0.749214818491589	0.761126480917718	0.532312106246726	0.573301045755846	0.826631236148896	0.622368933085077	0.60603362739464	0.495798758778075	0.729821321036717	0.78097237830198	0.477785768407422	0.630209586356125	0.765225096688472	0.715673071405841	0.84670432868884	0.378454293741635	0.855699969967782	0.870007672234855	0.66947535482237	0.80115161140472	0.544493249261379	0.776153853914898	0.760168371582552	0.744090539530362	0.647678408156842	0.823286438282473	0.841849885035579	0.575142842404577	0.827586034626958	0.776804497121865	0.606637336937368	0.639392269688778	0.709124271034172	0.894955314226094	0.76036097827979	0.600369633635849	0.503388662134576	0.857570503590493	0.745681456656243	0.823943912747666	0.827449165110183	0.851285840334397	0.805069768214273	0.8016288368912	0.613660152232954	0.773814396931326	0.680772707025212	0.643443444454029	0.768389561876823	0.711366461300759	0.697589931167872	0.818616161607469	0.783362473950589	0.54083841591836	0.758776816616651	0.648485035671318	0.81378911502711	0.775954337525772	0.573208271017254	0.423255373761777	0.714689555184687	0.700429196780137	0.742023230367486	0.564089313755827	0.694385265176261	0.839385173583945	0.679627675740213	0.717872168886479	0.652441413896798	0.509297026008885	0.826562596136826	0.66211899266766	0.669049186959182	0.695545039802568	0.561598246116186	0.660388557187559	0.724365992896877	0.544870125771139	0.67304357112022
"SRR13358010"	0.0426486682678105	0.0940062425880671	0.212980067664272	0.0829905142922572	0.131606422974926	0.0629492106030219	0.0742868361585485	0.0709509244371828	0.0460827396625024	0.0993788028858963	0.163056577579767	0.056940771981888	0.101283127235008	0.0633847535794774	0.0520321698947575	0.137868132942375	0.0336809674244036	0.0610956147884483	0.177669016840949	0.0734388964529093	0.0987771132610261	0.225320387303482	0.340762455544183	0.0715487196573514	0.0654013594871092	0.127086080960085	0.105196747489141	0.0905225601485518	0.0915600175668216	0.0348710032854909	0.0857957079805404	0.0643529027136249	0.0638895473205288	0.1191156245397	0.283063797838129	0.0676352887081205	0.0632977336534644	0.0922504831960543	0.11741193969781	0.265067212231774	0.0897428191501931	0.219518251871919	0.055064105815557	0.110226821931367	0.0570261436919096	0.199210525882551	0.177886359954638	0.188389753261848	0.0522118923931839	0.179082095769776	0.0996797707007851	0.0755142568667756	0.0764438559539362	0.175272725925797	0.0608481284390413	0.123665130833295	0.235669780298865	0.205185695313991	0.11659468482084	0.0489641503420625	0.120245413477264	0.0937378902629929	0.0379836972592972	0.084611771238428	0.0768910152393251	0.072260707273731	0.0859422495961653	0.0315642933120713	0.172606224316723	0.10010582286344	0.0580553587936839	0.0649479758894798	0.110525715675352	0.0928966236182695	0.0895942081298608	0.075726962071269	0.0851655348321119	0.140180589990646	0.0844201736248281	0.125755010038149
"SRR13357899"	0.0904675357810549	0.151546462943512	0.189125740102399	0.135449176432116	0.130820743125096	0.150741654064704	0.165561508208861	0.131423357577774	0.0742651409767448	0.152399789970449	0.142141176383988	0.122031923846652	0.138174916975845	0.130877006216256	0.101306816532689	0.192391805863586	0.0785993774865077	0.112861802360416	0.217123827504716	0.131186080099699	0.153075072244398	0.146526844139189	0.103423902893847	0.16503131295192	0.124932390963751	0.153170726583158	0.183524516790166	0.138055662314989	0.128393618393514	0.163201222538882	0.0964412824000617	0.115198780998726	0.11943153866565	0.130995154127377	0.193963036598282	0.0698461209970918	0.149743420329973	0.0908454192220225	0.183508083957087	0.175963146268773	0.181136852093619	0.168833976398072	0.111647822922209	0.189338406305082	0.124767417458046	0.152118737481965	0.124342416659968	0.150848811975743	0.113946656845869	0.230925544609052	0.153168558462736	0.138140108923956	0.184723311167287	0.151328657582921	0.0911354250298944	0.127687136123958	0.165815387938114	0.132108032726951	0.143311866197604	0.0844332730350259	0.149842749045477	0.125156621248512	0.0895326849747682	0.101015244440077	0.131841190709939	0.16568846721879	0.117100789584844	0.125152374268812	0.156030401274404	0.0970537165364677	0.132804502895385	0.155744938357311	0.108108403755228	0.117872376660735	0.153878321437356	0.166981662915542	0.114955523352793	0.195199236529386	0.110589705658412	0.110559335980516
"SRR13357647"	0.994111732095546	0.963452200918386	0.952120113571059	0.987916610365005	0.907297024045466	0.988735974709809	0.978665278699253	0.979123029139004	0.987392046834691	0.973063994206306	0.961386047203338	0.980131369542364	0.964669924221942	0.985150060402649	0.983826668096108	0.971884077781552	0.983215758629419	0.9893813882786	0.970691293220286	0.97982794350033	0.97945844095346	0.981395864366847	0.965482833734445	0.987908651387971	0.988278037630922	0.962217887767531	0.984971761682138	0.980150126102411	0.965505267917276	0.994626601038535	0.981253125782559	0.9779497974564	0.972713059329199	0.957297484617227	0.949928583912698	0.980101863143607	0.986444569066879	0.960290982104775	0.979610485498439	0.931515347224069	0.986256407777598	0.947203884143911	0.989291944403125	0.983092991781104	0.984589760074147	0.966221091233593	0.94811146002483	0.975964970310521	0.983634056530808	0.966555835005124	0.97030132939367	0.983393515047581	0.985651351061716	0.95874534878726	0.984636149970152	0.969218383961103	0.946924850775206	0.940986781352254	0.967971804538402	0.981040079743686	0.906213160543238	0.96406936865133	0.991387094651232	0.972246120817019	0.986099836288307	0.986439583787104	0.979271341593555	0.993661053673027	0.970451908172101	0.982634245029847	0.982337780881846	0.987533721626783	0.961634543843405	0.966345096580944	0.979101863103363	0.977689204261167	0.968775788062978	0.963766375124599	0.957486463279419	0.936312077432865
"SRR13358145"	0.990495802891014	0.96761367944783	0.978171690392994	0.984863954687707	0.931966197207283	0.988113363495976	0.974326151077892	0.971195965549909	0.982845325697454	0.977409152881133	0.980910013562568	0.964414781341637	0.969654543929866	0.983477238724049	0.981680520378842	0.980654639781267	0.967559927235157	0.99171948530709	0.983552444712126	0.975001928434347	0.984515183679025	0.990521122459195	0.990895816622947	0.986046019212443	0.981948180579097	0.970946874367466	0.986109634961131	0.985890131653499	0.959277358492703	0.991317738624645	0.987560045931477	0.976707045897115	0.967056066824609	0.965472820773177	0.984926741249732	0.986725198175909	0.980153820145426	0.963646683192122	0.987947051062763	0.972966953133723	0.987883284859374	0.979402748673417	0.985309789088528	0.987442936732587	0.985519208630335	0.980397091003205	0.977395898873218	0.987785891486005	0.977865398342077	0.97604782373348	0.970317203355172	0.981258950957762	0.986493675116156	0.981154581319183	0.979678834003609	0.980372782452909	0.97080965538325	0.978905506505383	0.975203964700636	0.975938766964623	0.891094296288728	0.970155023733153	0.988177785599051	0.980704438195192	0.982176281372712	0.985616831268767	0.985254107421603	0.987805640937871	0.984314057651679	0.98596256948434	0.967590036370594	0.987639171396935	0.973722054428062	0.973417239765752	0.97882208008969	0.961910280494938	0.970762048489027	0.972836050690583	0.953317848445093	0.942551483755441
"SRR13357892"	0.967676716053488	0.962467831085545	0.899271048764364	0.872129071327881	0.780659942452352	0.989994046416464	0.960538433324915	0.938962603426324	0.885889630305941	0.94616367100545	0.91027207163833	0.924033981347452	0.900419762540997	0.970424746104549	0.973978888727553	0.972022950211011	0.890814016463932	0.989689164711834	0.956770356599466	0.966445919627233	0.969789181874836	0.65091653345101	0.44346602515848	0.982501538867886	0.942303063569335	0.885738374238646	0.976646766240083	0.977041646889335	0.924004298369993	0.996884289160873	0.952638378392814	0.94644087134216	0.938182254518017	0.93150056680875	0.934629612621358	0.959234930444323	0.97017252598226	0.771765778334698	0.98081354984985	0.746342166779483	0.984008266875714	0.901357355976954	0.968034940570537	0.973291455305331	0.985808636756412	0.739364075574802	0.895045361051312	0.796630948028187	0.963842458372759	0.933674395439037	0.943589086571943	0.9570972304327	0.987163921884032	0.888533092729945	0.90445342424181	0.889745600534976	0.63577652927915	0.850031554297172	0.92585332731941	0.934163463864811	0.744744445311722	0.944994202728166	0.984244860746619	0.934914273073045	0.915004928821035	0.972231103117779	0.974410948653485	0.991933627692829	0.876297292703068	0.876583101763958	0.937018946093226	0.988299597562915	0.886030583660851	0.921798518924739	0.955719951541803	0.940275222645366	0.927425524731533	0.937754146260488	0.870215758525506	0.684673200820765
"SRR13357761"	0.963591741354059	0.921922875321597	0.916297804857611	0.946040508936229	0.839663786533047	0.968541861497551	0.919552731037133	0.91868578243447	0.942738471241854	0.931739587582531	0.928668868802534	0.888140306692841	0.896384479499757	0.959116343045297	0.940185564475392	0.949766849195205	0.887987861090687	0.971198085900791	0.955503813736797	0.925011350603339	0.944509401880158	0.937776143478871	0.935031869979061	0.95915976859267	0.947535101149069	0.908042385192625	0.96557111662192	0.960390915597966	0.874376295331548	0.976517400790099	0.957319032398555	0.921172607641784	0.923881252839049	0.903094546841499	0.943791311224691	0.942766912652983	0.927404953800281	0.88289518161546	0.959365367758677	0.909450101167833	0.962360755861032	0.927596519576703	0.965920722716137	0.953215103330381	0.960648184915654	0.918657368135214	0.907514878679084	0.939704931916812	0.932053537835489	0.935827856095783	0.91655401745028	0.946123902256566	0.967162329577703	0.91549413851624	0.920653432133659	0.918206506896403	0.877532722569976	0.91601940195874	0.932845525880151	0.92282199767931	0.781929412207097	0.925363373924396	0.960851502837932	0.941956450406651	0.941155606965958	0.951579497151747	0.956883573441982	0.959541966077162	0.928855722212866	0.933259206412617	0.904468574019458	0.964521649982466	0.903706488382334	0.915204584658991	0.930302533561184	0.911380720928557	0.922057301683281	0.925729109642456	0.882991644283106	0.883726274983132
"SRR13357693"	0.0292086811285765	0.0662951789037592	0.123484950310607	0.0555552725701733	0.0983247879520112	0.0414512133186861	0.0405688438350441	0.0518662897982702	0.0337237963136991	0.0700313606887713	0.109985509572775	0.0388499869348248	0.0666581892018727	0.0374359962297005	0.0342684214651964	0.102929540159484	0.0228391649160371	0.0359941010752165	0.134390078049751	0.0467833455414274	0.0669224040285954	0.103645374119773	0.303271451107686	0.0439907701675409	0.0523626275439157	0.0841183608802491	0.0791992892554218	0.0627124216994759	0.0585269220926175	0.0205781582403005	0.0571570349432456	0.0360816267026578	0.050775179335462	0.0833368585914512	0.203692908704897	0.0415438876810125	0.0328057805294659	0.0660996159473049	0.0724538961644121	0.199033148058983	0.0531582961749896	0.15655696834805	0.0480658192422304	0.0664686798524463	0.036144495611934	0.118187515539752	0.114163897082731	0.112696750812476	0.0358710142329817	0.11519393193034	0.0766524336861004	0.0538666307417459	0.0482101583921554	0.123038754749494	0.0422741274698177	0.0897927644817116	0.175651327718066	0.144563502299098	0.0860606292877755	0.0338470531181951	0.0893845081183726	0.0650883669380924	0.0227721266250378	0.0615900501975133	0.0495113703523985	0.0380221376932606	0.0661208586877771	0.0169456075853284	0.0984663682387808	0.062843402851902	0.0403039211667284	0.0438485665385776	0.072686590015285	0.0597758770437717	0.0573849668884863	0.0554125570195019	0.0602688137169607	0.0881689204042175	0.0621407734667888	0.115744644965185
"SRR13357682"	0.992766356783205	0.988131259101911	0.970132902124171	0.942668694152465	0.909239378365699	0.997276174046498	0.984120773815051	0.978399325908674	0.96190698563505	0.980190591689584	0.976658266127018	0.972183736653919	0.965802325382765	0.993448161892928	0.994488996919509	0.991321397173296	0.959077346844483	0.998225493646806	0.984259485371639	0.992229265569546	0.990934795173113	0.864016131992973	0.770493665343156	0.994370550389931	0.983102918413324	0.957889112261454	0.991951146927523	0.995127201932173	0.98200517662528	0.998962749868913	0.989785365062302	0.98338245321458	0.975076710889227	0.984882944390258	0.98515503121312	0.994775126955297	0.991101851751227	0.923815204856444	0.994394778954629	0.893643434786089	0.995847827397611	0.971968753665797	0.994485714264826	0.990119799729242	0.99601667146049	0.892548665908024	0.980094406032541	0.919255919934057	0.988525286885645	0.979126016073559	0.979965283808066	0.985033352272119	0.995412147227582	0.963504626243557	0.972363210311387	0.965686728333067	0.850077563924377	0.962274612658392	0.988215705148184	0.981653170931252	0.879371422184016	0.985606765336918	0.996908445856964	0.982033642047058	0.967582658667945	0.989921822028182	0.99393967616762	0.997787276087946	0.960911318155002	0.977560119868498	0.975737068063082	0.99626058243595	0.971386960053321	0.979520844250675	0.985118807769564	0.974224521470373	0.979553084968824	0.976424408663881	0.957371655739484	0.883393767633196
"SRR13357671"	0.998960557201164	0.995850490344097	0.992380108612982	0.994567587790116	0.972118059368567	0.999414555336684	0.996575272973215	0.995619865559039	0.994996907914284	0.996015089779415	0.99435347654068	0.995161360661907	0.993407801440123	0.99833811710158	0.998732914956007	0.997357359727707	0.994956613891865	0.999520617592574	0.996198064635116	0.998006435406507	0.998081240618469	0.980811665817187	0.955444285250774	0.998910331617909	0.99697015787281	0.991928805602891	0.99824192210008	0.998698335647007	0.994781713758519	0.999814133714761	0.997613102552858	0.996508855817074	0.994495863489882	0.994436531775388	0.994882639315542	0.998540785384736	0.998331919632374	0.984502598276278	0.998857773633651	0.975281507878663	0.999022084254783	0.992115537790324	0.99855179884284	0.99812439066578	0.998953270008048	0.974716660314803	0.993725483043565	0.987979645439709	0.997883682119058	0.994071393158942	0.994766998965046	0.997325275924757	0.99917896557488	0.992316793975035	0.995678340372866	0.993256660105036	0.963112634997716	0.989694942756514	0.996139564604062	0.996665162327593	0.960948233802993	0.995759204855907	0.999453854542511	0.99599584030321	0.995967300090127	0.998468153995405	0.99820503052461	0.999642640636185	0.991203307243284	0.995616592123928	0.995864101639277	0.999264013203875	0.993315127943777	0.995449012325692	0.996880944134161	0.994741724448671	0.99490903592026	0.994280378268444	0.988896608701291	0.961133626741305
"SRR13357660"	0.679424044495666	0.634124180448298	0.599747361640712	0.505407564525906	0.498944305357096	0.672002072082927	0.535344969888569	0.609877517807477	0.565764527988886	0.560990573748691	0.640892513044946	0.568086519228075	0.525065879324384	0.62648830575415	0.666413462867294	0.680966306571436	0.465720675567529	0.741115642548839	0.607876789587473	0.694812551117063	0.623448311776467	0.616588980964393	0.737397732676678	0.635644543622779	0.611273787898264	0.533722207694258	0.678199944811822	0.687205652843356	0.678936466604209	0.632794206646162	0.698286877636518	0.562914790160193	0.551534800626483	0.716653207297754	0.723620832428775	0.754825518784367	0.6148057465538	0.572847411181664	0.602906546256678	0.552903571460945	0.66520882534829	0.637590107102711	0.693633689443488	0.58563054478204	0.642825512852366	0.623526421320754	0.699592427936206	0.571271387329012	0.590649437669302	0.637188685497633	0.627808150503289	0.60602419957788	0.566935215930413	0.578076239661975	0.63208482664895	0.563252563054461	0.595642189220696	0.61458461862695	0.707683767325728	0.596029847592811	0.503271328134698	0.643191583005139	0.69004168202881	0.611140997479558	0.560273483929942	0.525624130854238	0.716654930467195	0.630466371508963	0.622930362383045	0.71686516678305	0.573682515721159	0.61997927773011	0.62076221735696	0.58721641723213	0.60583464394605	0.582666996762587	0.627230061356274	0.564954253573568	0.592310982011327	0.549850005740065
"SRR13358098"	0.940208697172281	0.921500874794804	0.896650928875164	0.9025510608365	0.735881519865089	0.984741369382405	0.943534115355289	0.906254117783516	0.811289770727725	0.93882302112137	0.885267615812413	0.903994908035828	0.90758509684765	0.950948941313295	0.952655891507625	0.954647567116016	0.876080240035935	0.972068732195822	0.956177935501401	0.943459898753702	0.96147584768482	0.517668293041009	0.232942215951132	0.975529237376163	0.927191189117846	0.897385564314699	0.963043526604198	0.963068514642248	0.878958759527473	0.995345450535751	0.881481386235701	0.909006927249171	0.896443561240879	0.857726771494179	0.904767907124384	0.883836195349269	0.9599366676059	0.673614445226311	0.982960990695431	0.757246954951667	0.97736864687739	0.878203136019337	0.946485410289749	0.968529991619028	0.965743251450516	0.528391914228664	0.838236425075977	0.754639159465619	0.946391326785812	0.922950876529477	0.906499184686394	0.940936809118206	0.988910755574149	0.880830321199616	0.838654017270347	0.878372309770658	0.573411692997326	0.819051479298785	0.902244075401053	0.885105013156479	0.708617770056581	0.90422044328647	0.970803280712359	0.884123927850123	0.912321412887938	0.974136637785776	0.930726975425633	0.988120652630654	0.795788469727035	0.780663883555476	0.921191586079598	0.984686278784412	0.838642782227131	0.905969634997859	0.93845364150575	0.925587212599959	0.877335743451609	0.93298441854386	0.788809816225387	0.57364765207619
"SRR13358087"	0.743771087520387	0.959195833039188	0.816659911934536	0.813748589300904	0.875205691885231	0.974518074035987	0.951631691949097	0.868362753575552	0.855091435490664	0.947071728762147	0.847569303733502	0.785280616400324	0.864822801241578	0.89561403108303	0.925850867784608	0.954741896807066	0.851448806526645	0.979731197818483	0.946707528502171	0.768859775873065	0.962431211170674	0.456995249893955	0.492141960785154	0.958597626887371	0.621869096391804	0.826071168751684	0.963102572226675	0.962559742030247	0.548309521270866	0.994495578413203	0.922864693494829	0.918045435394249	0.966938291482994	0.739228672989731	0.880777503493642	0.830637663061154	0.874299133818903	0.70456122186213	0.975047224433515	0.810076306439771	0.976417300355573	0.891152796534111	0.828888682810306	0.978456973118625	0.986432850591798	0.812009083976334	0.652089667134043	0.822457900912531	0.930921988765557	0.915904498005906	0.918690158963574	0.928776564913346	0.979894309657126	0.920468001536809	0.756558437239368	0.858206802352145	0.752310635157451	0.804802457544998	0.912723297644777	0.86790541522518	0.660981305184031	0.904551705226943	0.908324111128932	0.950191231149279	0.784998102798047	0.962151801258298	0.970995878134227	0.963062459877329	0.863434240271961	0.686690705960375	0.832929426567455	0.985371003010047	0.714674384165726	0.830858300587034	0.925317632403484	0.855002902377348	0.887802474331308	0.907958835835884	0.817791702323362	0.438787876628162
"SRR13358076"	0.034161610543209	0.0992698121926335	0.157371713105762	0.0587243367745661	0.108416708061457	0.0547741233950992	0.0694457695724456	0.0593636897805961	0.0396343935416242	0.0870881409631445	0.127116001864753	0.0383702821309568	0.0711368354689139	0.0611921281190196	0.0406557030460433	0.139050987129254	0.0234763874093067	0.064070721206904	0.175337138857985	0.0470619202111398	0.0855500652336206	0.204858083510911	0.393694104525838	0.0619966205548815	0.0533471270245045	0.0886952239038069	0.109780919088758	0.0853948198075415	0.0525425133162049	0.0346529149984475	0.0866466382911722	0.0562539493546197	0.068072640318568	0.0892902847637039	0.25237410884618	0.050344285684761	0.0421285184536661	0.0692752760255394	0.0909631683300899	0.231490479225691	0.086460724350382	0.190572605706224	0.0588257521976057	0.109023745603817	0.0672156295838709	0.235738257757826	0.119181911406802	0.181222165488622	0.0424144399667726	0.170190011231364	0.0966390808341367	0.0666076930085711	0.0617065334610106	0.151294509397194	0.0460931356722736	0.103661297210034	0.24315373240991	0.165501517968282	0.106320778841983	0.0386018878686684	0.0838483867066786	0.0763821379893742	0.0251046841759138	0.0824827746255677	0.0550720228416023	0.057484082402897	0.0989431927742978	0.0223666923558129	0.17691327955644	0.0796814933059432	0.0413508323054764	0.0609143698557331	0.077059890340172	0.0641852436419904	0.0762178597835568	0.0595564892998719	0.0692726729186363	0.117286130157374	0.0670693220143285	0.117399848707787
"SRR13358065"	0.0780343986232455	0.226265855470296	0.235339994379506	0.124215316256255	0.272926491863433	0.133132972668668	0.193668887907628	0.12922580254219	0.108509537405049	0.196214541352716	0.198027412139081	0.0998577744268524	0.163534345675172	0.146493367838478	0.106799185378938	0.21970315737907	0.0886394754372384	0.15784867933189	0.271026324743664	0.0910084175003276	0.193450561774043	0.224017757429675	0.282444036709001	0.144707034203025	0.11383487273088	0.172544119652701	0.19083025333161	0.169261250174533	0.0939101141902884	0.131546299171972	0.163333966543592	0.152938444577143	0.208877304567604	0.145558625090644	0.277488612902349	0.103329626241775	0.113662545102873	0.153015420881477	0.206676186264504	0.301313553727406	0.199075048279933	0.270797256369906	0.133596753092909	0.248252099277865	0.192326756738592	0.338242366789458	0.15771924284707	0.255565446966014	0.118333614816615	0.266803055354301	0.184533945802521	0.144732516423004	0.157813741750436	0.266822575153637	0.0993892787995069	0.214149052423854	0.309083392678071	0.254617163842123	0.199315154702252	0.103716269443935	0.19144780501899	0.174085399570095	0.0708920257450935	0.198316851977592	0.106154856970429	0.164975649676214	0.20113407456941	0.0820477245015452	0.261414406829612	0.126886967382453	0.106911024002129	0.16741604649668	0.130766366324092	0.134217507504527	0.171255117783226	0.131790469363683	0.165520670007292	0.214482482158096	0.165448210985911	0.235758474888153
"SRR13358021"	0.0487774541697107	0.0841288769445554	0.119110643841414	0.0526427113227911	0.116185324868168	0.0656482804471187	0.0933632933008567	0.0926456006766144	0.0550805643146881	0.0837544971816304	0.121872551762977	0.0666474105420138	0.0885558474569345	0.115952357103427	0.0909755164981883	0.115771913405895	0.0537268052381431	0.0524642063261398	0.0977299951292998	0.0877037126463577	0.0820497895401566	0.100705647493289	0.192703553508595	0.0626606221437766	0.0658048135434421	0.0947536401481937	0.0796070369667223	0.104089556041563	0.115999687967901	0.0328830690400697	0.0877963752890517	0.0981469253768317	0.0857221850805501	0.133090864102572	0.149876091333298	0.0769481784554339	0.0582099898148227	0.118725852870849	0.0655798436920172	0.163987710125549	0.0732995695148652	0.162901901136198	0.0939485844598901	0.0697753912846592	0.0796599405514727	0.131296738395859	0.156432437347079	0.0815596547196216	0.0751710362936225	0.116310646283581	0.119670115388	0.0814743572112773	0.0501976379482426	0.115107204544373	0.0672293212110529	0.0956233586471332	0.142557293868388	0.174156766776175	0.14461252975032	0.0687340636814981	0.124372424208237	0.0955220795889519	0.0442378229135814	0.0919500238481893	0.0622697970277748	0.0508001689950772	0.0871647858090806	0.0332036274220486	0.122977807672202	0.0948593188669967	0.0660514700387998	0.065135377557207	0.096214359682566	0.103722915747477	0.0859782736977338	0.0822278090053657	0.1002450644035	0.101317475438317	0.117293900072511	0.131110070608233
"SRR13358009"	0.965625612501075	0.974615821693956	0.946821109934054	0.88013952516431	0.926943391149847	0.986015863826372	0.967658656995965	0.941682846324879	0.932464367523964	0.957428785084951	0.952657058363249	0.93034522225003	0.938513792378736	0.977340229596215	0.980612633922371	0.970082468157763	0.928868008513425	0.992964622647075	0.956385574813679	0.966534496475332	0.975846737221229	0.847490246406157	0.746215616641444	0.977307212636344	0.93569957870035	0.923105617850982	0.96855925265949	0.982224783526066	0.944561079983847	0.993479552976761	0.975140387638421	0.967370338691001	0.961257230917856	0.96013630859837	0.963164200103022	0.984787777731279	0.971768414363016	0.90962540020636	0.982693349554021	0.87645425327765	0.985468182190291	0.951449772169679	0.973998024535302	0.976546883859574	0.988513430891899	0.907291029993412	0.95492684332103	0.898149172585044	0.966679839479189	0.953418759603957	0.950121325294636	0.955886274975522	0.980285499989686	0.948283852525563	0.93469297020055	0.944810676749514	0.846850623481917	0.947558507515773	0.971786809629675	0.957342812808896	0.869092641688187	0.96998387906551	0.984931516941484	0.969873700777431	0.909315381275479	0.973427170196908	0.982982783641442	0.988136159768427	0.942360581591324	0.949601420238058	0.934693620465106	0.985348594938945	0.938864253076196	0.953537679139516	0.963137496723026	0.92663207401972	0.962004731776914	0.948050606369034	0.939074607201846	0.872045967000602
"SRR13357998"	0.985728098281945	0.990497758663819	0.963215658622374	0.937635859387421	0.937484885087739	0.996660546224823	0.989829311913816	0.976213077145682	0.966912862495744	0.981485923925144	0.968237679424506	0.969254189667148	0.964670646160169	0.991890546572576	0.993405874703294	0.98906906698372	0.968019364478384	0.998245819628654	0.97886116011874	0.986566767970431	0.990648511316452	0.87264157767855	0.674845553547894	0.993965758808117	0.96064377826951	0.9516352746339	0.99047195831231	0.994017659199714	0.967991598625156	0.999160241519874	0.989030378994426	0.987474865409453	0.984477610059977	0.976590616309134	0.974575878742825	0.992143987449441	0.99066827203115	0.926540739280055	0.993674986792014	0.881970031763464	0.996139624405867	0.964955922276569	0.987640597308515	0.992391599713019	0.997230098346511	0.932877604264526	0.962815502177582	0.928303291676189	0.98858202309399	0.979134406045001	0.979072734026739	0.983892035486434	0.994985984157493	0.963805628696033	0.966936307114955	0.958505375120396	0.864136246952454	0.947961004153434	0.986351968912309	0.981285529956204	0.891909294928837	0.984874055453285	0.995563849662063	0.984894232307125	0.959079896184772	0.992036583902627	0.993941018393807	0.997716624762114	0.966808544205821	0.969330203944348	0.973836287244554	0.996419738684448	0.958739448443939	0.974237565965913	0.985609289666885	0.971607244313582	0.979831426030268	0.97592647341568	0.961552054327338	0.82473031581661
"SRR13357987"	0.965520761078766	0.948806030203259	0.901030366700868	0.852718089114091	0.872641394614286	0.977208637778292	0.943491338819862	0.920821870639321	0.893344015204682	0.927915625503554	0.909787287163585	0.923871732966802	0.910952678131512	0.968347678642725	0.96902370348542	0.94332335918149	0.91383172134395	0.982147033088598	0.927743634422507	0.959415970674123	0.95566660560217	0.669988648533104	0.449350394208105	0.964293963729989	0.954091782617747	0.889921129652814	0.944451897137709	0.964145923516624	0.937752608548703	0.989292794839814	0.939631210968867	0.939671756716302	0.929705603124526	0.937323544485434	0.91367093216309	0.967354918893591	0.963391142947103	0.856491795999921	0.968429152281975	0.766337619279031	0.971369132989326	0.895742665209085	0.976659028845019	0.951039887180802	0.972283292266037	0.756709338383895	0.917407894048368	0.777255359548754	0.951698100940267	0.914634654568752	0.918270722478138	0.932258027534771	0.97018232980648	0.891132628283857	0.90714329878017	0.915827495370689	0.701897589447011	0.896825067343979	0.946969325419165	0.934639239243774	0.844205148521401	0.947635466792165	0.97895949847824	0.932880477008718	0.886501798055028	0.956804328251625	0.958379778128673	0.984853388941688	0.858126311732158	0.906374532883119	0.927763347304235	0.974127617419023	0.901478121507903	0.928590392129974	0.940073356368887	0.917650921893596	0.93603579231581	0.914636896414713	0.90735073861048	0.879168650071825
"SRR13357943"	0.0648485998234048	0.118480454243952	0.0904134607616482	0.0557118073512182	0.0998132332461735	0.0782191420088201	0.0643849405117483	0.0882995719557438	0.0566910569768218	0.0860453582451078	0.0995553448490848	0.0635470344335265	0.0675134990743161	0.075841207904757	0.0663738975617381	0.147083639369883	0.0376176235429148	0.0795224329263352	0.141810565745942	0.078520438821794	0.0870648951928973	0.0705973656278438	0.224389761859949	0.0747637893634107	0.0979549859820264	0.0753525468230293	0.129587666675809	0.100256322561139	0.0831099152626751	0.0557313947256896	0.0905162187865414	0.056391258840694	0.0934691438391145	0.121207086835723	0.168849741250538	0.0692399010528217	0.052155375004237	0.0764453332438419	0.0744138686134613	0.129904216935102	0.0879433058589914	0.129213488038715	0.132072672708686	0.0827344602216837	0.0805837872176503	0.124360403248967	0.100153252447782	0.0863703436257247	0.0643710517973664	0.133902695670304	0.121840801489161	0.0835142814177748	0.0653032772193918	0.100081359711633	0.0670865891926935	0.090707334679014	0.154290325509072	0.109876450655375	0.133977044261178	0.0589657143588597	0.102202556766821	0.0948701901946504	0.0467428939419313	0.08619473849746	0.0598760526158854	0.0483152516776053	0.127169001590719	0.0398611930629024	0.0988384975001688	0.0845202211806522	0.0684667993862946	0.0762272453270754	0.0766257487157179	0.0674602619392084	0.0819932094687402	0.0933226888455288	0.0884226357889588	0.09357734913183	0.0912822304526684	0.157672918801463
"SRR13357932"	0.0110349205269648	0.0429037662827857	0.0276543080084315	0.0172539509220293	0.0396175444313458	0.0174238078606595	0.0204168246984076	0.0252263313576537	0.0162966992577639	0.029667613232695	0.0301376781225558	0.0137508385838307	0.0185730024362555	0.0178048622066713	0.012480704126076	0.0560199338436677	0.00843831692791785	0.0179981121359037	0.0624531111692322	0.0126492044346449	0.0255838009386871	0.031912737250215	0.190394705863905	0.0188331358270881	0.0213775176083871	0.0222400196690437	0.0491143613117017	0.027796220763276	0.0132371939585192	0.0118496560035913	0.0273300136801178	0.0151215208476294	0.0377322460291006	0.0277184891000928	0.0647020401415547	0.0108795111461645	0.00909751358070997	0.022628537757207	0.0191994384529932	0.0690730110156877	0.0248418567237072	0.0509941100709581	0.0311381192383265	0.0307832939943914	0.0255413236142463	0.079541677596009	0.0220165100052048	0.0438104939157955	0.0153588481341183	0.0550731988318499	0.0452724660531379	0.0254859628160258	0.016578855148627	0.0404801186704119	0.0158847964259479	0.0298769034632053	0.0992569903718805	0.0371515357505745	0.0406206918508576	0.0134576804916735	0.0330882249077245	0.0246663735787132	0.0060611415315767	0.0295456083269963	0.0158452590628907	0.0124734753314318	0.0448259551108841	0.00558297945955649	0.0447177014137173	0.0205884892216361	0.015940033126991	0.0207856319961548	0.0183038207135913	0.0154150775421788	0.023860823800613	0.0268344116700288	0.0238228390265921	0.0323790510403112	0.0263859303809415	0.0593346292508459
"SRR13357921"	0.0607213453241095	0.19359310032126	0.131196627946942	0.0996424738565021	0.131388287308654	0.175065123448574	0.104860800966076	0.118102382282267	0.0742857447710489	0.185242275768298	0.155277698624142	0.0642728427578902	0.105270676390441	0.0911458378293838	0.0884171932032717	0.302501721445807	0.0455725492712704	0.144556529353751	0.344237974595413	0.0696608918816194	0.191362861919748	0.0611526357056794	0.326068841245684	0.146439037473233	0.0920851202288377	0.118010934577856	0.292138538046571	0.203811244258328	0.0508581776485454	0.17417514353749	0.137583556659081	0.0755147512847882	0.181742441212796	0.1024251626165	0.298132901762152	0.0591930653064609	0.054171313473367	0.0724856662499677	0.20718679488237	0.246215780079787	0.186536837539799	0.238276337931724	0.14281126007315	0.221115530653828	0.181492351364809	0.144961588842539	0.0966812500830341	0.152131682000775	0.102545189561745	0.220392863565418	0.20001191300322	0.155533872048021	0.199577808328375	0.212679928324457	0.0681029855924824	0.147514891079365	0.217462646139102	0.16333866719927	0.177280907708052	0.0713494906648452	0.0849160539717688	0.122261106614432	0.0544239472990897	0.162071707058156	0.087096274580403	0.105427460761878	0.246107660090049	0.0602756741888773	0.14507683428155	0.0721176405817639	0.0789310243451844	0.215192653584198	0.0835704713838273	0.0882263768939861	0.13247873400639	0.121888676590619	0.109661042178404	0.167004591649796	0.0907227633018202	0.111266878209892
"SRR13357910"	0.20025445959704	0.325550484690641	0.372719568642144	0.213143767273403	0.482017267188864	0.197555901587981	0.322213212067962	0.186662188429157	0.185936098435318	0.317217958326133	0.304651250366364	0.166065962066448	0.29542748797631	0.330968167357858	0.172206310957394	0.274870300572416	0.184646765654556	0.232060924451422	0.438404183171684	0.129587392280297	0.311587750626825	0.310745980572698	0.284165260315725	0.216489557785869	0.376223454802998	0.29574475218543	0.237165480554204	0.239905789116405	0.138740863007434	0.214643119825438	0.23276387412827	0.264602913716328	0.342338701716528	0.198413540153976	0.354004681098715	0.163874664479638	0.198102453845447	0.26792560701326	0.357579553839416	0.44009204250521	0.296828553505616	0.394507668667323	0.410989007544477	0.3912115690752	0.293020981430952	0.44951806248724	0.236503799990509	0.376393191283778	0.196266328287657	0.356428363186103	0.24915710547565	0.214407736592809	0.263868471330263	0.430156447041032	0.153348891379254	0.463787343788687	0.404823780107248	0.470835770804846	0.277584919617864	0.175755285456308	0.326072644221493	0.280296241775167	0.119997666505326	0.327216252730605	0.163837326873801	0.303677763485592	0.269478580893717	0.147442634489752	0.365501584401098	0.178956578341577	0.171997492210495	0.268109358585923	0.20741753992985	0.230232132568107	0.26803768766407	0.188776156224781	0.273059031350467	0.325458962795238	0.276993024200738	0.653621456012986
"SRR13357862"	0.955089197771584	0.946168994152008	0.947619134078213	0.957396384877993	0.950253219873605	0.976709612289268	0.95720506517713	0.923087135133605	0.936385399734048	0.969758447287579	0.949259726608836	0.922258665458742	0.960193673063994	0.958210201131129	0.955275614307512	0.952286129966441	0.952867473206255	0.970699098470513	0.975729851754805	0.907275424464527	0.977033155649339	0.799142009677777	0.753925534085235	0.967621412780022	0.963840780899188	0.953710123868053	0.959136004652642	0.96586375601926	0.85117319982115	0.989684168715624	0.939303103898198	0.946646520075655	0.964995985603125	0.872275756018783	0.944187947730681	0.926447817159463	0.949608014499267	0.909031450928493	0.98827102078528	0.942615114094241	0.974667149358812	0.955507458699837	0.970101646804297	0.981383839796762	0.973038439826469	0.854838301265714	0.90534153723932	0.933035757652398	0.959228001165384	0.936677108732957	0.930831564604138	0.955266096191721	0.986571979601375	0.971134389151417	0.908157145903	0.973828786939996	0.872043714560717	0.961502268444471	0.935207627448331	0.937913433692114	0.878809334254341	0.947103296091535	0.961791819648517	0.965944782731329	0.933781432220241	0.980210885321896	0.957719109604312	0.976424048364441	0.913786551545604	0.876866586361639	0.930776112914486	0.984980955318342	0.912988188679458	0.946051237297091	0.955447488538673	0.919766577658697	0.944352781495907	0.951787908579493	0.917124884188433	0.937416269339418
"SRR13357851"	0.980538543870836	0.979368121984522	0.954588601134604	0.912408211383311	0.873410118998169	0.99446504947133	0.968511313886252	0.95731161109882	0.928069603009875	0.971275489049551	0.965320916219518	0.93331694861401	0.943160088398885	0.984740725958494	0.986293188797788	0.987548590194749	0.909597285925643	0.995994556412063	0.982619688314402	0.977491526639515	0.985694051078324	0.798306437054919	0.818734166963884	0.988648303762233	0.964406216547339	0.934954940917532	0.988150185406971	0.991577699889534	0.946435403315179	0.997647276402021	0.98175414458419	0.964551099897105	0.961864074702044	0.965021483676425	0.981978498376176	0.985489305669327	0.974259600575113	0.866549359294817	0.9916258428011	0.897450948102944	0.992236590330176	0.966342961746377	0.988205614834359	0.986048999962318	0.992632997918773	0.860660912908734	0.961988246302509	0.906298048587349	0.975840866141311	0.968650756393657	0.967823230128681	0.97432303333335	0.99250232805825	0.957980183591244	0.939275499710407	0.953038086821085	0.838718111452827	0.952154548798437	0.978265523673105	0.959362721912392	0.789894970268571	0.971719089688114	0.990250097979907	0.973027623132925	0.939950566258614	0.981031288050575	0.990298067653463	0.992838595359061	0.944382931973423	0.950761635574122	0.944384888086812	0.99368429166125	0.94576037837294	0.960382386317869	0.972519830347055	0.947824433604905	0.9603299916075	0.963837796832454	0.916807696911451	0.829433743962382
"SRR13357840"	0.308709249822381	0.453137910493151	0.520969089449427	0.268300776214842	0.577811450294397	0.3429510451288	0.289959603138304	0.267186141854323	0.269525237585205	0.456611400553279	0.542499878253482	0.190700803007442	0.395741524443514	0.394061826779708	0.294830965206179	0.500301859245357	0.190055948633323	0.414165963717499	0.660559135881869	0.216474594527368	0.4894191169911	0.329419757462364	0.714452213202008	0.298657445251982	0.496733056011752	0.4126141753774	0.421987571830484	0.464040369151731	0.214978107160376	0.264852972897368	0.449054841925939	0.292597578408685	0.440111922472385	0.370330400940934	0.695035643093356	0.379761272701757	0.194008885048982	0.386780924916234	0.547668927230752	0.666411179182845	0.407224993608523	0.660476825843465	0.610697864114305	0.492416366376639	0.414913840421375	0.501403066941011	0.497190815778201	0.501132750739163	0.277661997602391	0.460897054169243	0.393113857102979	0.330667630458859	0.38449417620468	0.648895137228451	0.240610104331847	0.64464861844529	0.564899219242242	0.728426799771656	0.481955424070524	0.267554840048044	0.348859670514182	0.438065977398498	0.207844048641666	0.533867587674853	0.221178850105378	0.311606902036702	0.530802157561931	0.16033911681117	0.475896539597687	0.325848343463004	0.198088119424812	0.416700571677	0.37673982910014	0.367440592296408	0.353254203233556	0.225085363051159	0.410900851338951	0.419697756144133	0.371944982215518	0.764971634230998
"SRR13357829"	0.414861785572343	0.458906223396587	0.459665264762369	0.435622099366104	0.317533495994265	0.639437568284908	0.47730127203488	0.430741329949901	0.271965927465715	0.506480056492512	0.423171423359014	0.413322620234015	0.442462194078637	0.464671112677092	0.454865924622143	0.579047555817453	0.320165201569796	0.500870172961166	0.613895701798701	0.477750006149922	0.553775329936964	0.18865477090312	0.142962501713098	0.593829893993302	0.470280832382386	0.449729939908113	0.591773119680737	0.538087315118365	0.391558227399224	0.736956557937548	0.340506763554825	0.37356537979505	0.407973339869776	0.379945558261888	0.501131237802709	0.298268422331607	0.504720121903863	0.240773490595709	0.664699982928052	0.379516842128329	0.607849146862165	0.449537191978151	0.484801254245706	0.587092566669995	0.500058473988884	0.211620502904561	0.358374921070301	0.312233702799835	0.465220098369747	0.527257759994598	0.460061420253396	0.490818739491258	0.703692332906107	0.434024423287693	0.312194383226435	0.40886643364087	0.274382532248108	0.366129947800973	0.440012090960496	0.336760033766132	0.323808477570683	0.417690261374984	0.480985776292678	0.367210163972377	0.432668746544823	0.573372081909038	0.444537622766964	0.607760705240565	0.324750444148864	0.273111504296913	0.449835438447714	0.647286162472191	0.338695569282521	0.41072591445973	0.48799669380803	0.498482647961352	0.378468928972699	0.520545916062663	0.313963614111647	0.253036651316572
"SRR13357784"	0.033137212038819	0.0937359313894536	0.0652661411818313	0.0768864477241971	0.0686679024079319	0.0913934291393877	0.0848785754286382	0.0756531188849488	0.0396179276945443	0.0991521122335273	0.0560257442333245	0.05663535754059	0.0653881678552295	0.0518112417488212	0.0438533010947845	0.133918156060399	0.0392553436200145	0.0505865305073716	0.158900432095761	0.0446495140436998	0.0903718304071278	0.0327409288238553	0.0554742567366093	0.0933612101462217	0.0557720861804065	0.0717274267876607	0.143992501134945	0.0784278992897957	0.0353195750970853	0.122407714466121	0.0430656736461928	0.0476564641357315	0.0970868002607839	0.0454719601518698	0.0873752363537236	0.0172784650850807	0.0504773500067837	0.0359610951705379	0.101819674016679	0.0974105902468311	0.101325250962838	0.0828516787239986	0.0583273837819054	0.122178165105242	0.0801742133804362	0.0634287206418758	0.0325420129844313	0.0674077918668317	0.0634791418807526	0.128079164672356	0.103475197570258	0.0880105106719478	0.126980620294696	0.0817572446811432	0.0382859271988424	0.0618212852395135	0.0923673015516422	0.0495182534480395	0.0720450158915958	0.0385609204341972	0.0691965538908046	0.0566148737641797	0.030758966825943	0.0578819586095787	0.0642540956089979	0.0829494185496473	0.0770351457429596	0.0532647804595884	0.0629593531655215	0.0291054216517042	0.0692923628891587	0.113573045454639	0.0369587561020287	0.0458310634593137	0.0805920306133311	0.104185184375649	0.053376049151886	0.103553630532707	0.0509636390304286	0.0475628562827484
"SRR13357774"	0.00849807962710432	0.0307206056297941	0.0316051553463084	0.0335736617689523	0.0387209525767293	0.0222540454049458	0.0231188332859283	0.0274605462985731	0.0148037143029943	0.0379441706013477	0.0273064931130719	0.0205174861631255	0.0285004640201521	0.0121125038378017	0.0122106953345651	0.0494570344914159	0.0133742537784942	0.010684792924757	0.0671173722736955	0.0146332147510824	0.0306682754862817	0.0167112026472569	0.0547876938071135	0.0245002616926666	0.0179342332013558	0.0344402939502606	0.0479877299583278	0.0239315258368677	0.0146869386500982	0.0189863470438602	0.0145187353629902	0.0139451293022461	0.0342091844056419	0.0195569814558927	0.0465867822592112	0.00568756724439782	0.0134233961094202	0.0190154821938172	0.0330108340787915	0.0684312322475812	0.0257397786520419	0.0445216203014047	0.0148531208356288	0.0372559864911283	0.0179570188342428	0.0308825545032719	0.0171987548419417	0.0341629394959423	0.0190936585691543	0.051529515748434	0.0402391554710854	0.0300308946954189	0.0343955880789658	0.0421818958031031	0.0147808151664526	0.0281639321473578	0.0606336446877588	0.0283178277326927	0.0280564374242526	0.0130303472520408	0.0400422832483195	0.0215056192861921	0.00733107010214492	0.0220324929042646	0.0247651208187228	0.0219716574587206	0.0243103872063464	0.00959618543310313	0.0263377337176222	0.0121205055623998	0.0241836525603767	0.0288252751580861	0.0173590586419904	0.0186730414966138	0.0270671877439512	0.0385561317163551	0.0210637141721236	0.0412918736363693	0.0228778805714263	0.0268300439365564
"SRR13357773"	0.0747766462553839	0.160728003650375	0.118542116679406	0.0762582088156364	0.11618942630888	0.119164818937531	0.108592923873173	0.120237220532784	0.0752072868555782	0.11400527078382	0.114674296002093	0.0923477801753421	0.0897704733539324	0.0992264647272614	0.0968815788338827	0.18566934623492	0.0560046803599301	0.123390497291595	0.156617844926604	0.113584833739425	0.118168431141056	0.101427585168954	0.185915412298121	0.117715529094169	0.0871053941254386	0.0970139878889923	0.171331259295159	0.134640898859615	0.113402451923944	0.105946079645463	0.117414592493366	0.0890567906097162	0.122793954038055	0.150334688679657	0.185334201707294	0.0916742609891235	0.0907498474499747	0.0910880620923175	0.105891680341541	0.136829429397257	0.137654693548462	0.145613658670782	0.113360271175017	0.123723930111274	0.125029303367797	0.160491910332006	0.11679973622914	0.109829734785373	0.0940379193109113	0.181434792252546	0.155075447756898	0.114762515636385	0.10155902190178	0.116355470074641	0.0896538903333688	0.0935723068455416	0.168884718520161	0.109715508308529	0.16595265319215	0.0816847352891819	0.125234856033579	0.123360300563078	0.0747568836250022	0.107059143583111	0.0852247558862003	0.0828575957862368	0.159034496342236	0.0765666755928923	0.133714161393357	0.109001670761682	0.100109441918781	0.114672526413082	0.0950445541153448	0.089597831312723	0.118100581006008	0.131586508083616	0.114140625632184	0.129742962047081	0.114680415983464	0.109243211220171
"SRR13357772"	0.330660757574595	0.344106339758808	0.360451194482891	0.344247822772612	0.308052032832362	0.349207209613611	0.26228508329146	0.32264773550073	0.28829204382421	0.363733850833572	0.394017817677013	0.253443535896519	0.300018417982699	0.299513382953464	0.276537409341709	0.45453796330375	0.203588525406928	0.337090093818992	0.506344917702224	0.275467789177982	0.378692501626278	0.368096286956589	0.68039499982647	0.333755766017874	0.391724411627296	0.329218585861798	0.462874491494285	0.386097959487359	0.253164422779613	0.299616678810283	0.368629982830494	0.245114735180778	0.336929527957439	0.329216607373051	0.517951607660133	0.280481977245497	0.232576036877874	0.29582544698475	0.378713291288775	0.474374983387251	0.363252553558954	0.453063853072569	0.434247759612313	0.38815948773014	0.323388439850963	0.414396496279376	0.350793605622515	0.427964781621325	0.284716487187415	0.415272540039211	0.384396810798273	0.357400527050387	0.344204858830192	0.426965880428351	0.298509567106676	0.39825325420333	0.474924658274393	0.421155270240206	0.390750377737225	0.261842768556051	0.264115933632005	0.317375007492191	0.242777178950615	0.358451400597696	0.316845693816267	0.27715726172476	0.423352305343893	0.217290777437407	0.387632507079411	0.34363822239876	0.273375617209349	0.3623494140761	0.306594866226354	0.286864098251782	0.329972816456665	0.316591862787222	0.314733038876081	0.351226597594517	0.289990558169475	0.411682576987285
"SRR13357744"	0.0727216147172005	0.14876412461875	0.275565428946031	0.104889274417047	0.177665742998547	0.106660891956192	0.095148568238977	0.099792386268699	0.0686666262699665	0.150743857121808	0.244507423867325	0.0692887359198173	0.13542286707954	0.102802911797048	0.0830442535938392	0.227562817780673	0.0424345448945694	0.115091565010398	0.291460770311797	0.0992561004072596	0.159255127525763	0.253072456331412	0.527342203727808	0.106702251743402	0.112268822349006	0.166839409547996	0.176007689935531	0.160559924804396	0.11131856457271	0.0590251126191783	0.151696879743876	0.0881379378699005	0.102082895245441	0.171472501626435	0.432453807046708	0.117058799973154	0.0751070009881236	0.125427117590335	0.186715185348268	0.365851054152678	0.141107068531481	0.331943423568884	0.119622361318794	0.168689004866749	0.102300393510112	0.260920626510621	0.257140790298915	0.255522758109922	0.0776894630040722	0.24202769354932	0.152735157391729	0.114895978792867	0.119683923900365	0.267078682017952	0.0854798772284419	0.199692212472525	0.316970020638171	0.320355432357843	0.185801829997344	0.0729079963463116	0.135422879632716	0.142297561375018	0.0584209274501641	0.14657851225762	0.0988462997448189	0.0960572142431107	0.167189977773605	0.0434828185300692	0.239350899258263	0.145819271878894	0.0722380364284346	0.112073658047736	0.157561460128351	0.131529179998411	0.126941702777721	0.0957778111600132	0.126662734635089	0.188160864399351	0.115464050625555	0.210607854084502
"SRR13357743"	0.698795111377911	0.764028518793087	0.667359490078005	0.47974497192927	0.501849311916559	0.82966220962409	0.672738645549823	0.614458158999437	0.491102314650124	0.695121659115891	0.688496942381337	0.488456805132064	0.561886110139269	0.776249560935526	0.713040717366724	0.829226752989779	0.390435684709799	0.866547261385221	0.823050713104444	0.654364930909062	0.769045804060697	0.485719245786977	0.62183096579634	0.773884659301091	0.693876112697256	0.562537910711711	0.821557318322257	0.82354642104089	0.535135520172941	0.874583744016277	0.752845388591524	0.626935141516719	0.660668559904418	0.666536553348514	0.822513310041751	0.711171045249931	0.62644619129715	0.436942117950834	0.811606279497634	0.611658224376708	0.833501490762268	0.737046585082579	0.835064278056065	0.796318223287914	0.83304190240965	0.606000471572641	0.656230773486621	0.604355733794168	0.65191761725369	0.753738201038293	0.707176606768907	0.690291327513392	0.804008697539328	0.687200079845769	0.522926710872177	0.662886089589611	0.574782385488374	0.684495883507904	0.75255029319208	0.565970874229647	0.388686046338647	0.682449932708588	0.699693894905232	0.702243187061355	0.534415560944103	0.698638827668896	0.833386804373884	0.735286186363076	0.684901524222606	0.605337248689089	0.529255166910352	0.827750757019384	0.573074812066427	0.600673674594688	0.689796728397625	0.587332188058629	0.629555704901512	0.690061930997553	0.52141945690459	0.560632706947061
"SRR13357742"	0.0499728716241907	0.0668883951491149	0.147997458119847	0.0513557604953622	0.105668410413721	0.036135034021437	0.0390850519295581	0.046258109457349	0.0317685662256283	0.0688168762130733	0.126927182295136	0.031887685438805	0.0654405282529166	0.0635099707291669	0.0308421844586797	0.105811188960584	0.0186111798677916	0.0373420690494867	0.184585341112717	0.0411409525072214	0.0663856742681567	0.156870891084363	0.441321385312138	0.0395347754721633	0.128823445837415	0.0856079902521474	0.0762608196171783	0.0634099852235979	0.0536156759301384	0.0156462204515412	0.0654140669890538	0.0363802566568909	0.04707271683884	0.086080503809685	0.255863960986253	0.0459933675557856	0.0287148783871259	0.0702168681848967	0.0723567364482244	0.246467736538452	0.052086768798039	0.189570293648595	0.131726540277464	0.0690446311098487	0.0357359269861989	0.165728137480245	0.136998096382439	0.148029258968327	0.0310078402680055	0.125526455328234	0.0743507834862662	0.0497218302025075	0.0418339605898565	0.144890113061523	0.0399651959352813	0.142388918674456	0.222597801852915	0.222708933395046	0.0893131973455361	0.0311168176197185	0.0848769670648548	0.0653441598114813	0.0191058969029761	0.0665623931521351	0.045660846320141	0.035524120461656	0.0702317066185541	0.0127698485177388	0.128582802832199	0.0714960464527673	0.0326984443262178	0.0387910443884193	0.0787410766811616	0.0601809516335246	0.055484257001683	0.0457086787962242	0.0597934040175656	0.0915479981581731	0.0606303393211554	0.322677068410991
"SRR13357740"	0.299833749492781	0.369885820409019	0.324409104481835	0.213391720705717	0.240713119282416	0.388863159121314	0.298014221017704	0.271908066075775	0.178331796695079	0.321967133759636	0.315653905887582	0.20774451844585	0.246287378152036	0.373297630581119	0.274138077080852	0.454863722229382	0.142894197234796	0.38800285310727	0.488763420391711	0.273313815041405	0.359218641782194	0.220975993823366	0.313665169810227	0.356995559722916	0.382156167753122	0.259671167961412	0.437479126743862	0.390768205379881	0.229876425258821	0.417705823440892	0.307293189200341	0.243620381079953	0.29116513088227	0.301103801370778	0.456971150290314	0.242774807762597	0.254876578248284	0.183409718405637	0.396250186542728	0.323296194125597	0.415902948680215	0.373600343123012	0.484792784815875	0.395972082228675	0.376152538879268	0.297104475988367	0.283914286158661	0.281906381408837	0.260700117041596	0.413868246467029	0.34446107933451	0.30729520018835	0.385638217533754	0.326672548983788	0.201735199263825	0.321503664576034	0.30949223784199	0.331063849591681	0.362426939706701	0.205776952810573	0.21090902971616	0.296858913535392	0.240759650013859	0.289310855495042	0.227938260425066	0.297513599962096	0.398130276574909	0.274896526947025	0.320616282309317	0.237927881311253	0.23012808325716	0.393791909339848	0.233684061432704	0.244806822533466	0.312412331448702	0.283896767612568	0.265916314981333	0.343383759909437	0.226926170157985	0.346137898282227
"SRR13358144"	0.0237703117241561	0.0607744342327738	0.0295732113481532	0.0406136720781433	0.0454318381355819	0.0494965739507113	0.0430508845463754	0.0528107607211472	0.027859868510114	0.0549196430068407	0.030288988323768	0.0394452505237047	0.0349357609387487	0.0276360603777059	0.0265814271968425	0.080599408666172	0.0250480337247964	0.0256873246769083	0.0856410525827885	0.0299808235362741	0.0477954032791195	0.0140543508161307	0.0397573130902595	0.0493391989647323	0.0442084110636973	0.0385299684894478	0.0876512317203744	0.0411234224810701	0.0257938121376536	0.0585425400638664	0.0262620450935666	0.0257843148293943	0.0671985854459308	0.0336303285169859	0.0456501365831829	0.0111203015675089	0.026764673758189	0.0256622399027417	0.0435181662377637	0.0518125595638084	0.0464776335322192	0.0437663298303754	0.0432748173107361	0.0555167488649596	0.0441563931356372	0.0359200923730153	0.0189584845649857	0.0312989890537594	0.0396171204725183	0.0631260184448279	0.0709441193643719	0.0535063410389139	0.0576999518680865	0.0413501222017759	0.0271635371129413	0.0358613386945608	0.0518718960657614	0.0268584317670968	0.0372802313936284	0.0261610100455277	0.0530987200726456	0.0367762556881272	0.0184115466184407	0.0351658608489975	0.03651359938366	0.0344978831131297	0.0512043574771667	0.0275081286864527	0.0305350713310112	0.0170340279756526	0.0476812201403687	0.0584691687921156	0.0224993542334067	0.0255097413902318	0.0456904313732157	0.0733992842369134	0.0358887326418605	0.0531922010398686	0.0382819130510102	0.046332540073767
"SRR13358143"	0.060725837994654	0.098021067831277	0.0747800228017996	0.0692989797820263	0.0827863740777239	0.0849749239770795	0.0770082283726027	0.093735996649647	0.0525553410853892	0.0838929487901907	0.0718081523864475	0.0853193591463551	0.0709421903182849	0.0631750902946992	0.0628074924282535	0.118012679826033	0.0505666901748378	0.0564246469201404	0.112974787573746	0.0870737422344481	0.0806813873033149	0.0446299843357136	0.066779197313317	0.086633605594122	0.0914071735640953	0.0778151273369644	0.115836398348444	0.0747038783117115	0.0893811586779302	0.0817282773563787	0.056199411484701	0.0567283894138762	0.0866642421890072	0.093945281640875	0.0952990266027246	0.0422744634711614	0.0733964625278242	0.0612994829437156	0.0766436110627938	0.0857116980312751	0.0820879000376534	0.0836309229054364	0.0827884381437918	0.0812802645686232	0.068248077090365	0.0701085924523669	0.0650383275001579	0.0588359538850975	0.0728041169718846	0.109478958678101	0.107610811330028	0.0854648286211428	0.0851043283924429	0.0717013598572559	0.0636112269499414	0.0679947915547399	0.0858996495899894	0.0634122287076853	0.0793467156678731	0.0573612586245753	0.110979601937524	0.080177049372541	0.0537293679517376	0.0608461220194912	0.0720789560183343	0.0638924321977263	0.0809497207129781	0.064477324800101	0.0640219001029131	0.0528235341255645	0.0929666518867852	0.0832332915672504	0.0612590074227171	0.0626927595608155	0.084535810355035	0.121218404589807	0.0763764837273608	0.0943172783347132	0.0819286283340742	0.0943770797716193
"SRR13358142"	0.964301397506969	0.962104424593963	0.923767507213397	0.893019612512524	0.811652521491622	0.990479054581518	0.954432435475926	0.935190269229961	0.883383625390934	0.956011506418039	0.934849601349758	0.911216034471458	0.918788511163913	0.971811581333447	0.97426593225007	0.977217570045178	0.882569086095124	0.990347517077655	0.971545554318106	0.961611947524123	0.975659472952445	0.6662352794644	0.608814671754611	0.982181435106125	0.944388907588261	0.907952351020537	0.979768179997908	0.983042357509953	0.91200205804335	0.99643997170316	0.957518363218228	0.940740297754743	0.939752910540231	0.930392251040553	0.959875380278438	0.961260125077833	0.962589637822004	0.785251137641048	0.986534553459394	0.836386820625541	0.986406868663805	0.93560565232962	0.976032609845114	0.977866141883871	0.985292473911368	0.74717550415253	0.918671248758546	0.843171862505715	0.962311788834761	0.949491458985612	0.946724549905413	0.959928695479496	0.989513752366587	0.926950837894504	0.898715010659017	0.920350603946005	0.739976302411921	0.904134851277006	0.956498248291968	0.930564950935949	0.735472050330946	0.948005748809822	0.981953018718883	0.946873125240648	0.918376391453995	0.973973852145147	0.977628721268884	0.989355797615127	0.894100549104787	0.897071440657577	0.926886188221063	0.989766569952937	0.901896633818821	0.933991741645832	0.956709330392815	0.932643133704189	0.930044171128402	0.946353679398995	0.866055562559327	0.724525197577728
"SRR13358141"	0.765965668167213	0.700852137820012	0.624374555248515	0.770445340611446	0.551316141949851	0.771963478681557	0.709334635515726	0.727490553489129	0.773233142015195	0.708975037540003	0.664189706315932	0.681998084048321	0.629005421832341	0.700073639322594	0.704406661464537	0.754880406620582	0.66452921957976	0.785265697431792	0.736672396820699	0.673797640239152	0.731952998413413	0.770863818354761	0.831698832963297	0.770084920555752	0.697310856813017	0.636012852659556	0.812078121420383	0.743604438013058	0.599548020294735	0.820524919160323	0.75316247791942	0.681553808011042	0.727267788933969	0.63972597730271	0.697142789641471	0.670291312768129	0.700014234886114	0.633716427095064	0.708827344672747	0.65765245490984	0.776847568179938	0.667341801770077	0.734160928693754	0.769770226285592	0.767810179741619	0.768873061737478	0.591217289884091	0.760928095139436	0.718541057715373	0.733313346489953	0.731108451569835	0.756489678799545	0.73898838642403	0.681428828101977	0.731684094551619	0.658574738568946	0.728159474920315	0.599125411236907	0.714081811190961	0.690530302694208	0.527246399124569	0.654104321730544	0.726035106233917	0.708426074535224	0.741854158896787	0.72640454695551	0.775817853160489	0.754224348363447	0.737858641730215	0.740538549378188	0.709749794803936	0.773256572758585	0.618621342864376	0.62027755691247	0.724151308016654	0.7215066149987	0.671268897288921	0.676505798019135	0.635191239090776	0.539912668883976
"SRR13357755"	0.150023418320929	0.248409184496878	0.156105793464288	0.134401401156185	0.148272818173749	0.249569047274913	0.203308147110008	0.206314458942487	0.12371344967837	0.189171066695041	0.15034442920756	0.176570951066788	0.146756962090664	0.186245831373836	0.185252919702581	0.279240038306542	0.11475120319037	0.223089810647996	0.231618351143764	0.208015449014903	0.202756045053739	0.0988074700316563	0.116537837381868	0.236250613203078	0.162632105965487	0.148989355529813	0.282502969225632	0.224575992971886	0.183837511910129	0.292442594718584	0.164841028948063	0.15566394818204	0.203426855027739	0.207748497753573	0.208467273446291	0.135054855641608	0.190495846202854	0.118563479220367	0.197845232346613	0.144571557051153	0.255682014047972	0.173686858247286	0.206996270993049	0.216152666844666	0.230860276102663	0.158297373836443	0.14076375289344	0.125588548285691	0.184353385664555	0.257545526101109	0.237226547742443	0.202552148934918	0.225761374744757	0.148937183917847	0.144908152046895	0.132303030392023	0.166510778817406	0.12354100283955	0.235531396051661	0.143487707149421	0.173771980854666	0.189869534000704	0.166994560276895	0.155873650506802	0.152055792274125	0.175732546436191	0.234917382925806	0.210687583308845	0.159169383348367	0.143021131886374	0.19476002968977	0.239669754541674	0.132098749569777	0.143532800948614	0.202875794655935	0.240541658177549	0.174926724470254	0.203351965418655	0.166856959307574	0.127074333254291
"SRR13357754"	0.0206789409913969	0.0541765519040287	0.0430829073038016	0.0410148568430543	0.0565526006312767	0.0440917908591829	0.0511945563410617	0.0561269108148006	0.0299117708521649	0.0583982023289176	0.0426199217141809	0.0429855560334786	0.0448266858107379	0.036722051510284	0.0357928135390409	0.0736050225687584	0.0310636031390054	0.0249264830449739	0.0679642705670254	0.0378711598872724	0.0478972709868983	0.0251007000637953	0.0644662826527635	0.044621477934836	0.0319426995954423	0.0482214336513512	0.0670218758708173	0.0484043445169961	0.0399901980741391	0.0376031272918776	0.0312590505196963	0.0370930524302623	0.0614656487573633	0.0461437838137945	0.0553503880366277	0.0173598198493949	0.031335187484554	0.0400072506544847	0.0416662780259401	0.0695296128824176	0.0464638475269663	0.0596895914619315	0.0365107272140687	0.0497775782468885	0.0429106998227139	0.0476681749316387	0.0349201870750904	0.037003508201527	0.0430128441923459	0.0711329901466352	0.0722660295717252	0.0527945152283844	0.0460121542229341	0.0507419528213211	0.031857182941829	0.0389555445681644	0.0683545444820351	0.043008682943877	0.0602801731565503	0.0314083428704779	0.0679443451805144	0.0429440740795412	0.0204403503790534	0.0401603535883834	0.0394561400045181	0.0352322980899946	0.0459071755126352	0.024625295985524	0.0429626330992814	0.0280161911122232	0.0479908265798115	0.0494846518604196	0.0325223188508476	0.0381422142430028	0.0491680942396541	0.0681960764832699	0.0439983274306665	0.0588402877496461	0.0505533871711171	0.0423329154501374
"SRR13357721"	0.053536510188604	0.0834141868096028	0.120611867954424	0.0842903888275433	0.100042282358073	0.0724223327274226	0.07200784576526	0.0835106692509789	0.0480265056012169	0.0878969068940465	0.1000549632642	0.0812205085492311	0.0903351899909999	0.0612196383146556	0.0585609362852241	0.112161127814473	0.0482861631246366	0.0490656980582185	0.127481409114736	0.0888057331339582	0.0844919737864126	0.0798167421260471	0.102542600583073	0.0782704331516145	0.0855660507484614	0.10420373602898	0.0992127037690792	0.0754407859190451	0.103597306044709	0.0540601169836282	0.0558663442664598	0.0565851675360198	0.0682487867412553	0.102564916480823	0.139249590425218	0.0483106967834158	0.0761497277204177	0.0735556672198849	0.0937669283941142	0.135003904025781	0.0804810182594207	0.118781058989273	0.0695395645105932	0.0843478586651822	0.0513143105592962	0.0851550522254357	0.102344697388009	0.0865143089814887	0.0640314339655682	0.131068531867461	0.0960898776091392	0.0789462540226819	0.0843967957215447	0.100058944001548	0.0633554799497292	0.0867923049025354	0.121824409762841	0.101761745668395	0.09695855741609	0.0535301006985988	0.126797249382627	0.0829400310237667	0.0496108325342605	0.0614379897938355	0.0804120385272354	0.0702061323383199	0.0662244859105214	0.0520243594937472	0.0833398607079288	0.0686739154879783	0.0845344422610902	0.0709652769828568	0.0810581382887495	0.0791389436579206	0.0848725027636646	0.106259585929361	0.0780196315657357	0.111085297938308	0.082888533844118	0.104386769820136
"SRR13357720"	0.119586936081592	0.220058617790809	0.0972725663183732	0.15277311112417	0.111983137868752	0.289782449704687	0.187506438026652	0.184968283169069	0.0979495173043292	0.218345444702384	0.106548736204774	0.141393198621469	0.131365678091869	0.153279141461184	0.138763555511624	0.297992190196471	0.104601166203759	0.166430801271113	0.316194127050745	0.122978428042298	0.220121372789171	0.0286417598462114	0.0526938973738086	0.254106402863929	0.179271696627722	0.130901521084049	0.342541068824943	0.21408887908599	0.0797195397325107	0.440598685222332	0.103092856496618	0.109550689182574	0.237604207349392	0.0988698711313807	0.143172695237655	0.0470648111861141	0.129815681971506	0.0639777318782429	0.245967569163484	0.123153343744347	0.262067434759421	0.135231804693574	0.232298333886912	0.264403197908013	0.238176374798565	0.071972742045927	0.0558396343913184	0.0865194866519696	0.181704818152556	0.223687061384281	0.231825557838973	0.218759744764722	0.343186919773063	0.137579896689123	0.0913962870448829	0.126621011343683	0.110506262248261	0.0796127667931047	0.166054634435885	0.104207311086693	0.113085916765973	0.133014534555835	0.113735590433437	0.134769165713522	0.139490700116302	0.198819462833787	0.210022103346828	0.20506166264516	0.0908949284766329	0.0569680939076429	0.176033014552687	0.333719598273253	0.0716423122335814	0.100064946817025	0.184375650333358	0.243944519688622	0.122876187266283	0.193286551132514	0.106327252836941	0.0967244103012619
"SRR13357719"	0.308585250263868	0.37582081827676	0.276794495783116	0.128144747728241	0.227874448430391	0.292069099119527	0.241817261840705	0.24407916128189	0.175611130297046	0.23646324552624	0.291863071485803	0.170505135128118	0.177819033590144	0.379191821002227	0.260711273290862	0.405840504726049	0.106025995389937	0.413161708853371	0.374079152896666	0.266949072823647	0.274784314458867	0.294094038252655	0.4844415479627	0.269086547021177	0.358465645338347	0.186839749920668	0.365677904048054	0.354631456268867	0.252106768556057	0.260292040982901	0.363319749771722	0.230535382339529	0.256829010342592	0.367845193623531	0.456693898830564	0.340700677565688	0.206368580663608	0.206007201043295	0.244711695180988	0.275166198088767	0.342444400443709	0.342990700312219	0.531548900249599	0.283606555399534	0.355630996759784	0.411456859484704	0.32433908358601	0.267476752285517	0.209401785386124	0.3740161237648	0.322182343259053	0.244134048424406	0.210202850281085	0.265355155924277	0.210661293046577	0.276496329737121	0.350455823800822	0.329148575476335	0.397131350835808	0.200967379546274	0.203427547207036	0.299241346041983	0.214287655905153	0.283622122811451	0.164472602054529	0.18146871413398	0.434479522487466	0.189522371828641	0.356786873851822	0.315502261508597	0.181155063495043	0.266875992083138	0.237631102692021	0.210274619485555	0.260566115118769	0.223914795399635	0.26927423581209	0.264279403651916	0.246242171595343	0.439232227619832
"SRR13357718"	0.325401554384725	0.367066241476508	0.268188724536836	0.14572770411212	0.22615023900902	0.316802868938384	0.248843872603157	0.262106669362518	0.182531514458583	0.246430525221152	0.283202557252952	0.199246090760832	0.192853312467276	0.375255042877583	0.278546180151948	0.400755714175978	0.125752943524408	0.397535630334477	0.368112809623852	0.29588336872798	0.284055585954388	0.239018878207153	0.378323891671386	0.289362147577923	0.379786285664874	0.199821745872421	0.369981820114578	0.353796613671782	0.278146091966955	0.297175342322587	0.335723964379553	0.231875862663252	0.262145080674877	0.367405435368621	0.420049941013627	0.326988408135089	0.232970743347835	0.205424731778345	0.261675899212825	0.253947349492604	0.347426030552223	0.321283307748131	0.530288646143	0.283778568276106	0.345940633200999	0.339169822758165	0.311445831751544	0.235406927567616	0.230993766436965	0.363546237218008	0.325595040671328	0.258870055186561	0.240051815566754	0.25349177310884	0.221546237005742	0.271688485886363	0.307562182705736	0.303148883010328	0.389193965250174	0.213567821977605	0.21969593635655	0.303390479831975	0.243294085960822	0.272319046123254	0.182909774437433	0.199199847204258	0.410776881661514	0.228336107295163	0.312431550826889	0.29873256383313	0.211325795714478	0.288264719168465	0.239044418577424	0.221845616815694	0.271093971239337	0.254410299937668	0.274611367539958	0.269948104728207	0.253035343171043	0.41514522095476
"SRR13357713"	0.0954611879973929	0.180612618530479	0.149172837002198	0.0931451481370844	0.135028145297283	0.143376558740881	0.131775913286708	0.144561570522798	0.0906147971959562	0.130165855160608	0.136402098955596	0.121507212395758	0.112069372026726	0.120663014509952	0.124827150530442	0.203019451843832	0.0729192498664423	0.148688568122888	0.164588396599089	0.156503228731914	0.137787949173977	0.128094637678619	0.180741391558193	0.142887774506942	0.102926477855929	0.120177623323077	0.18564683752981	0.155900405610046	0.162193155070053	0.126021470431486	0.137153288317458	0.112010724119024	0.133007092947204	0.192530797471254	0.209750710421559	0.125395368628218	0.127190318093669	0.113706717117769	0.127073853397638	0.149341382945798	0.16226664609823	0.165112579098243	0.12464743566109	0.139061393265421	0.140204053409269	0.175752518085495	0.154617611290021	0.12393013385583	0.11584936720465	0.206742419727513	0.173603544659625	0.133705182268454	0.120482139488626	0.130985959016439	0.114533486541366	0.107112999853007	0.179746410124147	0.128495840700872	0.194316316350684	0.10329914830294	0.156596416432954	0.151334273135409	0.105242043808471	0.120855549788131	0.107520168873561	0.103981268110598	0.172516762844826	0.106342354131489	0.153774104249638	0.140828299828975	0.1282467691938	0.131356163979876	0.122936966139788	0.115777892966933	0.142486585311248	0.159574446595308	0.139742934466852	0.153567610997355	0.14107101624177	0.118686780886721
"SRR13357712"	0.58516153962918	0.63995585697441	0.500138774862612	0.425389457119903	0.380365231018801	0.74990888709256	0.578777070763045	0.532567009342119	0.396481377513604	0.585308621051556	0.513462257475146	0.451367341261376	0.46316603787484	0.652820225363746	0.59891386845151	0.718272596925894	0.354471370847171	0.735228115988309	0.707500954103627	0.565542442126828	0.652804340766786	0.270537185138082	0.306971943634698	0.691028358880521	0.604163656355479	0.457887864799488	0.726700953362097	0.698475035814162	0.44935288660253	0.832079892993165	0.55951994112693	0.498285935668994	0.557532568302505	0.521156840792766	0.635181195920692	0.502856706928761	0.557234888661903	0.314748648953989	0.707805940381755	0.428203583056554	0.735451799279583	0.551449335226854	0.730405069444067	0.68426916747426	0.714017992042024	0.379474622667578	0.455651167029144	0.404155287192047	0.567069403713348	0.631489816272289	0.597413476417393	0.593314581628986	0.738941154322088	0.51210601483188	0.414784149586093	0.504806882205685	0.387574436003943	0.469090450720191	0.61133213208273	0.454728479933423	0.340033958609532	0.547960475095198	0.599938661828789	0.532787909812185	0.459236673845578	0.61333003625168	0.686436170210573	0.686763428852758	0.477322936794055	0.421217989947224	0.493991985908546	0.748300529403235	0.419112981800646	0.473735314536535	0.584446299394934	0.551536621067181	0.500237218668696	0.577751495881599	0.414339002989944	0.406471047450276
"SRR13357711"	0.273484990076532	0.361076714194034	0.30119583334823	0.198635430097011	0.231563631320331	0.37318220991588	0.274699941220201	0.257859661419998	0.169482595300737	0.312463832958197	0.302850885451365	0.187859508950405	0.229514625314745	0.344904381884408	0.255988799422489	0.451554289518954	0.129370990418601	0.372989922789831	0.485723198701186	0.24658176252172	0.34797065900301	0.197051472802729	0.332703726979659	0.336920423403703	0.355030640608564	0.242777174884616	0.434508738384074	0.382291954905984	0.202708279150788	0.397894837268706	0.299239719029952	0.223477699247349	0.288495669817152	0.281894392313613	0.452152354009778	0.22431041120564	0.222606199879132	0.171888446632626	0.38006607625209	0.320279465050993	0.397784692658531	0.367443115797405	0.467793540536249	0.383106806741898	0.367313033028892	0.286028715944737	0.264032164264104	0.270577250914953	0.24536286970039	0.397901756462719	0.337678646516289	0.296014172431156	0.368919125013337	0.32085479026128	0.187126503877828	0.309204126480227	0.306725561793332	0.32022045692648	0.352274598546459	0.192146011236358	0.194266174728544	0.282172257003247	0.216569676273813	0.285376115778362	0.20988293893437	0.272459629638083	0.400237982034357	0.244013418439798	0.305593469864632	0.220484762768875	0.210594502974165	0.383469943698456	0.217183701412724	0.226747299351546	0.294794425337354	0.26599778242941	0.252371072672407	0.325351537434003	0.213662968745434	0.33124748382809
"SRR13357710"	0.216120145748312	0.369832497223806	0.316450149423881	0.215864158161376	0.227190880792996	0.390559181520422	0.331864444150556	0.272095639412808	0.173905493822849	0.31602477040652	0.289684669023761	0.214374916277853	0.241161008526342	0.309724683854303	0.26916288521206	0.439412405306079	0.148674712102843	0.387954721177168	0.424191280415239	0.270599297848386	0.349766603155399	0.236848028178614	0.24892254449045	0.371663621295166	0.22692980839967	0.251831933493947	0.430807200561382	0.37487312080641	0.223975038828623	0.454107853010699	0.290090921876303	0.258962877491315	0.289065061612595	0.281635721823	0.411653963823894	0.219750958456847	0.279988610526902	0.170745640087515	0.388202411095263	0.292222308841158	0.430484613663395	0.340118922488914	0.289533276496224	0.408603896336887	0.387326012840577	0.306249327192488	0.251727429029656	0.27927797375925	0.263174420525227	0.421231828155949	0.336559493930119	0.305577768180608	0.394313682993113	0.30123112412329	0.196156850827083	0.247348603525463	0.292920305591046	0.260422431848117	0.342697304272916	0.201459336257228	0.208200150720609	0.284012615169973	0.240642144273328	0.270297560776341	0.232306607257091	0.324584759853732	0.374224277157079	0.304328223034658	0.324986267201724	0.225356049971318	0.238854428610221	0.396841312824413	0.216274579203166	0.234387968986365	0.318438284843618	0.293814463961881	0.25473837942094	0.348519304582658	0.218544870024285	0.177404573006176
"SRR13357706"	0.0671834344679004	0.0954839132360254	0.0891955905970001	0.0693781388116189	0.0904753290462497	0.0791624699417164	0.0763821411950513	0.0948103899131233	0.0543786828940384	0.0864757329827481	0.0773548907174251	0.0918143798811285	0.0749089952154185	0.0615236946315385	0.0638012729821019	0.112059553372252	0.0511519018869513	0.0536205240907756	0.106475878160423	0.100992967213451	0.0787924214321902	0.0606128993689443	0.0926287790496085	0.0831845468928365	0.0991406711212551	0.085191094298919	0.110902675661566	0.0681386791777503	0.113654445446013	0.0689799550592587	0.059997211062657	0.0605029825442922	0.0785559168264037	0.112518113739833	0.107077959357489	0.0523212339901368	0.0823432047346036	0.0723477687679406	0.0748512351410722	0.0936886599214035	0.0732218712728847	0.0915690591965732	0.0731662823571964	0.0754803148743222	0.0617614566297822	0.0800872552654285	0.0854777629744965	0.0687177895716018	0.0719730349879302	0.103003496733815	0.104617519860067	0.082385258110111	0.0762412278407255	0.075548341037491	0.0709626453490271	0.0735256937825874	0.0848811214231895	0.0757293456217307	0.065596968579212	0.0612240153718739	0.12741627753998	0.0870521453862426	0.0591698643656473	0.0612245365084594	0.0760633497121005	0.0615890990964861	0.0769696321683764	0.0640549089315762	0.0707185177334008	0.0588208470413361	0.0962474460102699	0.0732201729941145	0.0823408492990603	0.0696239173073908	0.0860097814457417	0.120357794712031	0.0828118335896569	0.0972989818594039	0.091063193213424	0.111980452089952
"SRR13357705"	0.128859072645511	0.112521972506672	0.112927142192678	0.0850759957515881	0.106581740769566	0.0967026826490816	0.0925496854378324	0.113681998919609	0.0661809104436485	0.09413828918354	0.0972710004427058	0.114660266551854	0.0954938749103277	0.126802035432595	0.0887222726839447	0.129111714685451	0.0666764929426157	0.0760318201656641	0.139547886762664	0.134263248415254	0.0942091738106311	0.0793408088295239	0.0877658273434686	0.101266978818561	0.218612057483629	0.103627924110418	0.126238390682562	0.0950327005279355	0.153852536471771	0.0860098907363446	0.075179882342242	0.0765042900954965	0.088330810762538	0.145906527546141	0.130103797230535	0.0775544709946613	0.109238442363435	0.0905787944944523	0.0907348361760854	0.10703310282113	0.101725178125524	0.109403042300759	0.222466704869209	0.0877239659514946	0.0737267857984436	0.0950638643509128	0.11505248071884	0.08178219438769	0.0880865720167019	0.144072402919537	0.120946364914255	0.0971958266452805	0.0899149063612741	0.0888066944070744	0.0900026450767294	0.111433138973348	0.117114137486172	0.108268075453096	0.129530205317259	0.0773054311315694	0.15335394920422	0.108719058060084	0.0809276947626643	0.0731200094227155	0.0931048415107596	0.0784458816704061	0.090954225216841	0.0845998334187859	0.0889637593766864	0.0956245769243634	0.117879279696794	0.0859033390601597	0.121471974609973	0.0927201622709749	0.104345064917073	0.141763753152566	0.102754979111093	0.115826465576193	0.112128269092462	0.243645289680062
"SRR13357700"	0.0487215568075845	0.0946737394121789	0.231861064569286	0.0681603794597766	0.160192722345009	0.0739117433666943	0.114914593493999	0.0819670665334126	0.0515540818444796	0.127598920915351	0.23057460626241	0.0438361535754298	0.12159968202888	0.168948447539395	0.08309151255844	0.172859072944116	0.0415458485147697	0.061490955893386	0.228391797638714	0.0599920626615303	0.126262923998005	0.219139470982491	0.486226870174131	0.0695703494532062	0.0898443173167311	0.14170642876501	0.106093819708189	0.149602832389248	0.0745840906901727	0.0342600219243619	0.124769415524916	0.118866586984605	0.0978959954262689	0.117634569002339	0.325530884271734	0.0739584393887088	0.0445937322847825	0.134067606665543	0.127368035760934	0.385600794296879	0.0994370617692859	0.342554728427237	0.138977277179522	0.131610726279357	0.10676555393727	0.245320380230798	0.232281130789865	0.196679247745202	0.0713431545302098	0.176101032783013	0.138925707680096	0.0957457482691296	0.0753939629160699	0.258367521409605	0.0553336387992638	0.201221774739384	0.267570767724309	0.401080843019783	0.165439257551428	0.0606677594769127	0.10433570438526	0.103250700246793	0.0303316107213347	0.143758651271087	0.0678649513717962	0.0728498105142675	0.116428059340091	0.0212733569274852	0.244304996487953	0.101280970091341	0.0449948393252052	0.0905393969629059	0.15589164115921	0.132335884074405	0.102915103885824	0.0613011693578241	0.105807270264977	0.157828030955158	0.107568488807683	0.232451539975059
"SRR13357699"	0.0745888898715889	0.155431603273449	0.184842771016958	0.0946274057662119	0.147009004750436	0.119219449337777	0.101074392488604	0.114044683361111	0.0742415543482849	0.136534184002143	0.177364466937302	0.0847440202875022	0.115750860611482	0.0982782148393304	0.0939575602185973	0.210812239576593	0.0518508843698525	0.119306905262026	0.220463084660239	0.111705619143091	0.143094986378394	0.148142114655227	0.321541357384705	0.11620891197259	0.0995330048510148	0.133430585076917	0.17919238027587	0.151812211722828	0.117374754084126	0.0885211528785078	0.132961829225815	0.0883261477470937	0.115350126064641	0.16390878572544	0.295578154906132	0.105046895947363	0.0849622219548792	0.109155607490591	0.149420647273251	0.233991598520399	0.141458420935021	0.228196941465786	0.116283805767123	0.146544253574524	0.113352183798278	0.189284227876948	0.179161750099251	0.16487315806705	0.0900180180064543	0.209733379248986	0.157931059990779	0.119741636159441	0.118199981355081	0.183255024164179	0.0905219703254653	0.140002373219963	0.228144989523163	0.194552535362099	0.178824149415812	0.0803159554272462	0.134394131501385	0.136328656096159	0.0704493527183182	0.127909145213428	0.0960081736502684	0.0917472621519138	0.165001517253425	0.0614717896995724	0.171892042117413	0.125476650207642	0.0901730634699289	0.119811455329227	0.148332521277788	0.113325344924958	0.125449346388495	0.118297477125093	0.123798928790989	0.159444345844288	0.118069530098617	0.147554576788867
"SRR13357698"	0.123701737310996	0.236796684105952	0.171360524966462	0.0859565759086277	0.145288474005771	0.161527466846411	0.168468964103043	0.149544876197839	0.0990666492853884	0.146546740400608	0.162648333836776	0.104870247245491	0.108194293240522	0.187469540884865	0.132812676455696	0.253865118450577	0.0643071663251084	0.218481499324143	0.221257997068373	0.142147274629398	0.158979238264253	0.209534390371848	0.29887365368066	0.163753240434813	0.139738168918984	0.116110402349337	0.230970734905836	0.194620989054869	0.136150157714412	0.15417546505155	0.194093064027345	0.140524388969746	0.162408298265961	0.202032077530857	0.268414326705554	0.148293782263046	0.125545606321413	0.117375656415069	0.139553808742501	0.179265526184941	0.211167802069191	0.202699580268708	0.210156091349182	0.186224048624442	0.209973567480017	0.30327926796491	0.163727359737004	0.1811036677478	0.119914891615696	0.26203336693765	0.20306943236254	0.147765836086726	0.127044222377549	0.158483694611786	0.116283644171232	0.137311076220721	0.2481866216275	0.165123861761473	0.230275788573161	0.107880347257014	0.138747598550182	0.166942713110385	0.100378400906202	0.155875624590912	0.103520991289696	0.118706816935779	0.244209370723727	0.104552773958939	0.238209126768526	0.168516401912727	0.114063966665596	0.154661810489289	0.126353785006803	0.11507883561287	0.162060856295724	0.150070329624792	0.151608467569774	0.176056407090849	0.145437609118883	0.184871877426022
"SRR13357697"	0.212463448172627	0.259774050088221	0.398892755102583	0.15482367414264	0.271482338021471	0.23776757492324	0.239327166417218	0.217104441815031	0.1480318281341	0.246452953767891	0.388649699343268	0.160563351403982	0.244655076712423	0.350288544722251	0.255823604214058	0.34729301131504	0.118333034179123	0.261563513036962	0.356695352051493	0.258445742154501	0.276848378475414	0.365136681661225	0.508689400001287	0.219282153134367	0.263783570798222	0.267061531008448	0.262071170850051	0.331054315745384	0.290102247305702	0.144675466532723	0.307311139978746	0.254109408603471	0.198572580388949	0.356018208596571	0.513426268270998	0.313386633482012	0.196066592712351	0.264171469758628	0.284690903215491	0.417362743864624	0.27549962849514	0.45520757098805	0.34968433694676	0.261628463254729	0.257391646104745	0.366352845087214	0.461453536601024	0.301872780093041	0.197724582100513	0.345504992571874	0.281788488548379	0.224216629857779	0.202054216352552	0.356684721835295	0.188903083957721	0.325121858951113	0.358875992915809	0.494068940147303	0.367491252469612	0.187590144761944	0.23651366158595	0.282703778578664	0.178092205359502	0.275801036040833	0.18138349803298	0.190959487660827	0.299262202238981	0.134126132863096	0.379064159176213	0.305203976119613	0.159820536358093	0.227103901226816	0.296888325965512	0.288340881888265	0.250572176968166	0.186113351364083	0.266773307022501	0.298089438109462	0.254085199598427	0.379679213312496
"SRR13357692"	0.0233624087438472	0.058756675895309	0.0472322868213049	0.0547297937037929	0.0707442549396773	0.0466600342197298	0.0375629317707626	0.0562390155736204	0.0395211723046009	0.0482472076920938	0.0463881736357282	0.0429636661927826	0.0392484509232436	0.039537344745678	0.0310740019618353	0.0710078875875035	0.0275140195841704	0.0283255186231758	0.0663332968934108	0.0474384409123646	0.0355109464077195	0.0428369324260088	0.0554286448047967	0.0469155265526519	0.0322728665594956	0.0537430139219916	0.0813032634416994	0.048790544515554	0.0496177024141015	0.033913585406522	0.0419236626650899	0.0318288208550985	0.0621967272978851	0.0622319400369682	0.0593429489133994	0.0233560436574234	0.0321399860415233	0.0524254985376495	0.0372718530360585	0.0772280734796293	0.0430822218313821	0.0555221551096489	0.0357802089053096	0.0356944597991206	0.0376238711433017	0.0628451099967393	0.0392285939999819	0.0452990811740257	0.0370780611224761	0.0866005827068648	0.0583854338359504	0.0548744237152842	0.053113388425994	0.0337715686039243	0.0369807470135878	0.0269449247211375	0.0608989586899392	0.037131318063236	0.0661642898630565	0.0358036053210998	0.0974104967168518	0.0613572368659074	0.0298754424591501	0.0454677776204495	0.0550166875840087	0.0347044529990529	0.0475058563448038	0.0248788145859806	0.0400137518797493	0.0354796179937998	0.0497118953542493	0.039117458032634	0.0537931940896973	0.0416235022738565	0.0433072831397198	0.0807413127676678	0.0590338640867968	0.0654146076757307	0.0663301017188419	0.0649401325847902
"SRR13357691"	0.815608358363543	0.929507980389614	0.657793945461019	0.665081171170809	0.589794493005626	0.969866306748153	0.893710258647083	0.866878771308511	0.774498547392196	0.863652129398412	0.741694443891756	0.796764382128055	0.715750709570495	0.874394540015915	0.929236495513857	0.940126384536131	0.736599374808672	0.975735959639427	0.857222589189133	0.884455768315994	0.912848731170351	0.334079229621701	0.371139008346645	0.947372331748939	0.615220510628686	0.667340045404917	0.952873424724268	0.948790283647704	0.752191803638666	0.990749542068215	0.897190927090668	0.85376098672657	0.899637630434865	0.827570071943962	0.818226342211578	0.876892848526631	0.879584150188358	0.556795288680104	0.919908084271313	0.504256166172785	0.95972678817193	0.746786287773554	0.839736827136283	0.924090724896388	0.971088094846095	0.608768832916319	0.663446505446269	0.570835489148245	0.905334181491107	0.865218414852761	0.894055701565039	0.897963292113762	0.951988342002743	0.71715955062767	0.77648521943873	0.616074082662684	0.532299044161837	0.542782976037953	0.90071211347808	0.839512018912017	0.525132744452877	0.861347955557338	0.938019053082841	0.863133873195661	0.755187462605675	0.895778824676628	0.956367599126445	0.966525490157539	0.733181805821302	0.747862659455096	0.836598334551861	0.967267311642996	0.681416586670376	0.761982486027593	0.880896371166687	0.864253651789658	0.829074268520638	0.821758805963216	0.73819922063846	0.226110623734813
"SRR13357690"	0.892460807816262	0.941579957272201	0.787633022944912	0.785092955368036	0.684997646749379	0.981170307439778	0.919529765572468	0.902106567490813	0.825982959894338	0.910593996113906	0.838227207116022	0.86264156987693	0.823682291876932	0.918066439019601	0.953662333634361	0.956975854026614	0.818028004656988	0.981639763638496	0.914241546019734	0.929379240827517	0.945928621805533	0.407487744384675	0.406699654365425	0.965522530733464	0.778829877190646	0.792625383312084	0.965067695078799	0.965554805387631	0.842902299076885	0.993760454179833	0.920388815555936	0.891946877690011	0.916450857805211	0.878614356681201	0.886732666986273	0.91888448954942	0.925782131641793	0.656806693858445	0.959438942079725	0.637518016509844	0.972273618520622	0.836079748675499	0.905288822475693	0.949373622829866	0.975896082269984	0.61409931777702	0.791981558706977	0.66392353157549	0.936171420950634	0.900649149041103	0.917634019619252	0.929470653547184	0.974192125207227	0.816954847286561	0.838164914827828	0.758514204887846	0.587492918247866	0.703886745491275	0.925895301145491	0.886437132302162	0.626810579032358	0.904468837376868	0.964252397887074	0.899754439711167	0.842067326330236	0.93793641995104	0.963785937283029	0.980140282740886	0.782820220662524	0.811816069204378	0.888654703544726	0.979283682254904	0.791358662785674	0.854285965410358	0.91832894778172	0.902617072531593	0.87866744926195	0.883052020568607	0.799302351147206	0.355250976037069
"SRR13357689"	0.157618509124496	0.160673444853896	0.304414813579562	0.128874397854313	0.181804584981167	0.127638728041884	0.135708152958482	0.120468589891171	0.0785296717308823	0.160753913252236	0.24092266436519	0.0993350125093242	0.1590422514346	0.202718604011334	0.103160006867219	0.221942238465882	0.0604454596279077	0.130720352785958	0.322863874580791	0.136889157627472	0.169620943636503	0.303584628397055	0.368052426116867	0.137507509565463	0.285470593467944	0.189736253608437	0.178382202279517	0.16396395571445	0.155707552115723	0.0851393183321928	0.149734743586973	0.118167633831112	0.106765466492046	0.192569330316245	0.382422984203451	0.129909964359751	0.12461036428869	0.136531607185315	0.204276970468017	0.322680144208941	0.170719939973151	0.301311681290123	0.284974178196725	0.189376795700859	0.115336315176346	0.26831182978934	0.263652856480728	0.257023664155839	0.0974950213153104	0.268841166654298	0.159990000670827	0.130187740726164	0.145379506293724	0.246276445083558	0.103938110478403	0.25655466339022	0.289190073161125	0.333671954172308	0.19012627836329	0.0886515280941331	0.167055564550601	0.157457860784219	0.0834921015046367	0.139534753602486	0.127352419816317	0.136308323618522	0.151984273368757	0.0753048836096743	0.254003263299697	0.164145091338419	0.101833134054443	0.127190097034969	0.172964320742082	0.153618434328108	0.154019897257024	0.126650734395075	0.141164219192316	0.217580274600488	0.132531794667332	0.402828048875023
"SRR13357685"	0.0938439120649757	0.155981960663717	0.135010315866514	0.0834547225711639	0.125725468721488	0.119521360205969	0.109003272949417	0.127600269164807	0.0799323954602579	0.120525926293567	0.12453837380741	0.107745462131379	0.100886713014047	0.111902329787791	0.106794794631815	0.178592173674206	0.0636686089163623	0.120985300405398	0.154845762100547	0.138233366685826	0.119510441915509	0.113338794954436	0.202753182510575	0.119441525409974	0.114779519563797	0.109546513773261	0.160523302705576	0.133999416673487	0.148384447884554	0.0971666087258785	0.118833755349749	0.0942638183124491	0.115608728602298	0.176040660155141	0.194029717596422	0.1101422375025	0.107021243114341	0.105637940090014	0.109127497367053	0.141965506814299	0.134490409548927	0.152295449655052	0.136621676775832	0.11663179195397	0.113737814389593	0.155674724205854	0.144388858868687	0.110833071498772	0.0994423991530581	0.182189314792384	0.154016741009618	0.11623904296351	0.100626510910615	0.119637911438093	0.102212011592981	0.105923884441678	0.168258886117341	0.126421511258376	0.173961721234604	0.090346622014241	0.147664621130206	0.134699586040503	0.088498133242615	0.106409054623639	0.0950214883967822	0.0857374385912389	0.148957293507926	0.0849437714001907	0.134370732973137	0.126463348562369	0.112917501218264	0.109080316269305	0.112582251904226	0.103818877105002	0.123249727940455	0.141280130057237	0.124915517891251	0.135173862500999	0.128507488648266	0.143652667909468
"SRR13357684"	0.0472870380526533	0.0767731729247589	0.0964816219301649	0.0777277324417045	0.086538153026169	0.068373915966939	0.0650330938786014	0.073838407083849	0.0414053460739898	0.0907890547753499	0.0794905173226174	0.0666983864635273	0.0779643410640954	0.0560294582172052	0.0478169954583527	0.108783917455423	0.041202548658733	0.0419065248074152	0.136436346304817	0.0660017695604085	0.0792720683952549	0.0560677501229537	0.105525498627888	0.0724390082283482	0.0868725504595354	0.0898527761569771	0.100495863361198	0.0689426010905393	0.0708115587887723	0.0568661040500253	0.0465308949094301	0.0469696014904911	0.0684269278860364	0.0755740022557123	0.118826983824322	0.0323804080048406	0.0588476951358982	0.0570612968325254	0.0892538446660179	0.123430981278553	0.0750139234922288	0.104318575547128	0.0747903903894343	0.0842210942596062	0.0496203526886667	0.070305141025488	0.0716878253637876	0.0756529552773193	0.0572188627941801	0.119097192740599	0.0901211863343429	0.0742364964463477	0.0860573920007176	0.0916640635595987	0.0501815743399095	0.0819897977791112	0.108502837903357	0.0859682082554674	0.0818386191141419	0.0440074581134878	0.102298239608935	0.0683763490033053	0.0378256356983535	0.0557467177709711	0.06971643730226	0.0648621904764996	0.0620196231830242	0.0438880274452141	0.0695805250019097	0.0491726868461013	0.072407383602053	0.0723992131461338	0.061540594123931	0.0634400333516587	0.0754525557859428	0.096327705613288	0.064523137988447	0.100709870654761	0.0670319921287259	0.102329729424781
"SRR13357683"	0.0758120832906266	0.125206362263087	0.116801040733996	0.108691402603536	0.107771192316846	0.130122945592696	0.107747020173458	0.117263060400287	0.0652668272898775	0.139249809068711	0.102452681111053	0.104768074695435	0.107992470567447	0.0902699717263275	0.0855120009214895	0.168952640041125	0.0673890492899195	0.0822874226000238	0.184775518108096	0.106588040696268	0.126208242941757	0.0583870534235685	0.103468099154598	0.128623011040929	0.116213889723966	0.117732628259757	0.166750189619545	0.117023608056435	0.100819939739957	0.134424280720446	0.0735508584930365	0.076002648809228	0.113315236010906	0.107181607450407	0.145974075165217	0.0516400225183244	0.0986128953403239	0.0733360586648105	0.140829197169322	0.133621501231537	0.132436223384944	0.128819549225623	0.113523430049798	0.135263798584615	0.0966286462703475	0.0830242886142065	0.0875943141280375	0.0893541656669796	0.0992779040044289	0.16553655636929	0.138772035657991	0.120643288551596	0.15253121536111	0.115957700109647	0.0763498948373902	0.102752381992891	0.120467079532363	0.0967219604344297	0.123762236622175	0.0720812284623284	0.126587449675126	0.10359960547146	0.0723152264403498	0.0854737081023513	0.102858108309145	0.10869356466503	0.106766111354903	0.0934208414700003	0.0895625067069974	0.068216341228003	0.1163968627718	0.135941953274792	0.0817860745425517	0.0907179484346707	0.118373397222877	0.151322003628156	0.0966583074716776	0.141493042638429	0.0950464893253091	0.103463505053081
"SRR13357681"	0.0160630886300658	0.0458709775411245	0.0274303508129314	0.029873836000285	0.0362320147491948	0.0287810230857564	0.0395074626928186	0.0360140087630181	0.0192225417246666	0.0407803560676241	0.0227611021934223	0.0268903486961342	0.0257807257564855	0.026068200955134	0.0171540613368499	0.0546454936624593	0.017169016197543	0.0190946755120167	0.061033815776567	0.0196836280736811	0.0312890748761285	0.0241286069671093	0.0480852988540026	0.0340020103080343	0.0303416093999572	0.028683444086353	0.0572781059132415	0.0282870552795314	0.0185315557963261	0.0339415270304451	0.0198274663175059	0.0224259249536124	0.0452906427170582	0.0244675289146168	0.0352170900746084	0.00789794403294264	0.0215445897214863	0.0200887136838606	0.0276520926905353	0.0442593930754898	0.0374450763179172	0.0338916168947683	0.0326782830437666	0.043731507036223	0.0318980553841237	0.0500843467705158	0.0147100669855169	0.0341062706583993	0.0251052958925568	0.0629954442326932	0.0494965826118059	0.0353845045467537	0.0343539692600613	0.0314824052057757	0.0191513915126431	0.0267291972280977	0.0600824915893984	0.0215621659658798	0.0349399106623304	0.0173780171014663	0.0430552955138105	0.0256116620924469	0.010721749663	0.0242341504218652	0.0266880451465175	0.0280504288747333	0.033112060659698	0.0172635286029764	0.035151203407657	0.0162971886230347	0.0320402078361905	0.0343311027567181	0.0167533068676647	0.0184380152634387	0.0343435840649671	0.0503932286881217	0.0251893757766013	0.0436801070209724	0.0283038268035031	0.0393869335290656
"SRR13357679"	0.0982618315558238	0.147175634561742	0.133602610830663	0.0884464394286222	0.139960712591927	0.163847186239456	0.191420862271996	0.163399558900578	0.0907929778650968	0.154763449311184	0.151144065245624	0.113035020854695	0.135289036458012	0.243495754477413	0.175477035709003	0.205405232522925	0.105354064723747	0.108095855923819	0.176238173624268	0.133907415488435	0.156514792809761	0.0743525077173566	0.123131244398643	0.141269290878251	0.131990424667285	0.13278865704524	0.164346710066557	0.199515600579067	0.136835750719589	0.132926054158486	0.129600748723786	0.174647359614203	0.175376020111355	0.154087391424238	0.161283959566594	0.0921378136885889	0.104955272601219	0.135347272847753	0.133697058106859	0.173219212092323	0.159500902790876	0.195466337889211	0.219203620018639	0.147010332584857	0.193551232062673	0.126289465238145	0.147840454059103	0.0891908003156127	0.157482067413625	0.171103539636469	0.205253825888203	0.16018551961575	0.135017513952376	0.152395653416951	0.0965489466768041	0.141040483005165	0.137598722489233	0.190169975445946	0.20945561787815	0.117008260640091	0.142315336721207	0.140687376141576	0.0886877066454761	0.149538936791891	0.103550042455479	0.114664498680979	0.156998524937103	0.0933828596205428	0.145545852452267	0.102222035249581	0.120884856611715	0.175842347098213	0.111348837353042	0.150061152345989	0.153214511480329	0.152265597303214	0.147673857307911	0.161052553099836	0.15735681529419	0.156878303366159
"SRR13357678"	0.246214166660828	0.25004425554173	0.194339719532295	0.133166546973927	0.168711562234836	0.232070898022186	0.197643652641224	0.208155294696199	0.130693465961224	0.184065448748834	0.181778768050814	0.183804817756034	0.158402884337057	0.272156490305639	0.197671063175351	0.275460185365476	0.114561962337448	0.234056855852374	0.263549744772497	0.239601667856792	0.201410757543623	0.148353018949364	0.169152431536161	0.223841353232826	0.321685441436849	0.164310464069119	0.261604460966086	0.228866588799964	0.234604646745342	0.231626959399677	0.190347599667744	0.167402562571618	0.186989926406831	0.259680995964026	0.256079051299682	0.186489424137944	0.205429245085709	0.147737761905534	0.193612094467355	0.170561489519372	0.24683148598954	0.204840997915448	0.394900423446161	0.202315345986709	0.215875569128852	0.198876961285961	0.201450690625467	0.149534740215557	0.180174083162607	0.269927944801433	0.236015446433176	0.195615926057222	0.196019219090118	0.166555152497705	0.165118887645877	0.191593508272416	0.198295539379655	0.188645575414745	0.26194596144414	0.155468763761809	0.200105909684627	0.212959808986444	0.182278054953026	0.166371102523783	0.157554998168842	0.166235288564875	0.239991524916445	0.197393440177096	0.191769171725816	0.189925687380088	0.194312226643512	0.210124241135959	0.167448370153749	0.166514137301171	0.206790036168822	0.231317378257206	0.195595921892334	0.210784857883243	0.190605461838401	0.312787289415073
"SRR13357677"	0.084905169520707	0.130644987562733	0.10393460176345	0.0807885319471353	0.124319509894788	0.126112726813701	0.115833165459086	0.125560125826202	0.0796258781701718	0.116757126004579	0.115123199133648	0.0846820796345312	0.0935358860260764	0.173965219063355	0.110298053127797	0.172081411943288	0.0677081366524788	0.0898900295294548	0.161448680721899	0.10473451623895	0.107606038799893	0.0718205429195732	0.126683001363299	0.110817024195955	0.123714978616945	0.104772883642051	0.158510679760508	0.149921661024961	0.103673281079629	0.0937966877004759	0.1131296780336	0.106135810855157	0.14285127236366	0.133262967289767	0.143077374884339	0.0733316858607747	0.073629373011226	0.109298193442454	0.0987041290084142	0.149844183007135	0.11982219095867	0.148747892207827	0.194918999556861	0.10290978682046	0.13527143559199	0.121166746213642	0.108788699806939	0.0838331697862485	0.105592427766888	0.156416298520999	0.15212136489998	0.126265435902808	0.111922024850132	0.102638192319337	0.0790064181848383	0.0999562462191532	0.120845504810175	0.134089738484233	0.168858777341669	0.0888128377202202	0.132053759835271	0.126027849953169	0.0720091583556476	0.121377739853504	0.0912597441684943	0.0819920846500174	0.136263886431467	0.0650814332962631	0.109131829989904	0.085271925931561	0.0941748275835802	0.121791570324082	0.0889062849209549	0.10647076789207	0.110276135613366	0.13225969435646	0.125688369544196	0.131219800680912	0.131647195913632	0.185200895209012
"SRR13357676"	0.0618486444815856	0.103322999735426	0.0937933961432273	0.0754477663995853	0.100505902609191	0.104007095925693	0.116799367188133	0.114865076787437	0.0622635211310089	0.112238540621996	0.0935846346870774	0.0945243884871297	0.0947181811424904	0.112990364504314	0.0983163158351071	0.135182322805779	0.072331322799633	0.0648149165010734	0.118008494100881	0.100930312791967	0.100187622853226	0.0537408040798707	0.0901738345549027	0.09950360153999	0.0848225566937142	0.0972337835949218	0.117871112562983	0.110651910482085	0.10720519669723	0.0899667867116626	0.0721647758435779	0.0952137463132697	0.110247282578368	0.108921564176779	0.105830513737537	0.0538658903577484	0.0841537160955716	0.0864483660499161	0.0904787098495498	0.112527734921233	0.103911811709022	0.115606994272038	0.105529643639761	0.0969982425229021	0.099555743784252	0.0829444309677536	0.0904517919534746	0.0644840301067203	0.0994346508233297	0.1288622297544	0.134376041498559	0.106419209712733	0.096590587954352	0.0943098849222262	0.0715894905905681	0.0837213838787053	0.10144677418298	0.0978480533546211	0.129003917629135	0.075032030087644	0.123612248115306	0.0952483955063798	0.0619424516227787	0.0833367044841266	0.0819537619579167	0.0810425176393335	0.091931459257073	0.0712634397835268	0.0874206947331939	0.0687299617833697	0.101135779253579	0.106979751213514	0.0760674501226755	0.0931009483452271	0.10473503944443	0.12845705867273	0.0968274246593615	0.114964401709062	0.106587055323393	0.0929946307036387
"SRR13357672"	0.338448644641621	0.464620601302854	0.383477125534117	0.2969486490068	0.508793333828803	0.420240019892296	0.368680887651565	0.327259251804095	0.296444260391542	0.452588301098663	0.402598875717171	0.281924012368205	0.38649344223428	0.410484668904081	0.346483335325222	0.463180781098515	0.285920864974913	0.414814887852806	0.563627483098548	0.268462154179127	0.475840826903574	0.170619420871483	0.304563359083232	0.375529271077809	0.491022955731091	0.374914394512244	0.43772867691345	0.438458054378804	0.243124259220918	0.459292572127324	0.360699338825776	0.324739052762026	0.493214838245254	0.329861657546458	0.468865209714381	0.300208358154567	0.284255670835163	0.329905537814185	0.52025322801688	0.454764231781626	0.446835066123851	0.47824469988036	0.587752698664013	0.488472611099348	0.459196636858158	0.333524868535608	0.325465024758609	0.330830709167093	0.356713889567546	0.421893441812949	0.405323042518625	0.371109059895237	0.463313325992754	0.497153709799631	0.260734446945742	0.521684862467987	0.382787994406353	0.503858687817973	0.439890334049771	0.30585980421999	0.372580193125319	0.420379753514453	0.283975519074792	0.462835259033006	0.25562186878135	0.383649865673264	0.477377936424317	0.31077974804031	0.336064737406194	0.253126015472951	0.299941295528833	0.489817021509635	0.299312669850134	0.339937051251514	0.383654356400236	0.328105486526063	0.402224026407944	0.400420587615214	0.378170697705893	0.621429903459854
"SRR13357670"	0.254976795484557	0.234608916678867	0.397442430587636	0.219709549238753	0.239485219231006	0.250803263002071	0.216976293080146	0.19677494620236	0.124903318949528	0.259905038395418	0.329777808551816	0.176576010576298	0.255744122416392	0.297696538993224	0.187466232693921	0.32847610854971	0.114465177037632	0.217425657771163	0.444159758746603	0.237206637837784	0.282340109955954	0.294320698587095	0.311128245775791	0.250077334166531	0.402288357260152	0.290165241652939	0.285219130739713	0.267632719633687	0.24357595671312	0.205922540652741	0.208037067771972	0.184240060692743	0.169435034209991	0.266449615198761	0.463371860091775	0.193527598975519	0.225324033346179	0.183379559035603	0.359904722635516	0.381425213553656	0.2861228384254	0.383566159923681	0.39153575320858	0.30209091508613	0.192751599092011	0.2559486264355	0.342266616108117	0.299060379556627	0.179554510762491	0.357370830448198	0.238770410921518	0.220153197311912	0.296439604049487	0.332905724148488	0.162999800607302	0.347010253990371	0.303063874196088	0.402945556695557	0.2687731262723	0.149470175451813	0.228498403252953	0.238760242901687	0.173201014794983	0.205861486523051	0.215033868827941	0.250812005584427	0.223840312791376	0.17654753865809	0.292152610941913	0.214446764861658	0.183483545199273	0.249694939949471	0.247999666713087	0.244508860144619	0.246572530078628	0.216248243246223	0.213412096548254	0.320721107135533	0.189955831260172	0.423826850967897
"SRR13357669"	0.930895022971101	0.962835933875515	0.926756794285122	0.882494594335707	0.952713123162839	0.974933056425576	0.944959255697442	0.898891539811452	0.918445301974623	0.961979149252785	0.942381457220745	0.865632247613991	0.937151780654931	0.957120084809218	0.956315649736163	0.958599535470772	0.911665542533635	0.981775755286831	0.971491106288496	0.881930283583822	0.974601070649874	0.637476571899324	0.751087180540491	0.956864624895162	0.93967825572612	0.92083237276762	0.956243451434562	0.972176235272233	0.805456039935547	0.988376043784458	0.953651364986551	0.938510139569223	0.968895225329596	0.890336353890474	0.953251812740709	0.948849270288383	0.914748184959447	0.887650164032145	0.984810396362401	0.92247726134668	0.974379133750271	0.956343013454846	0.974480934519313	0.977038997660624	0.98204598852066	0.853583722763242	0.904725529929014	0.890338034854819	0.94805635736286	0.927481008338192	0.931067111228878	0.939743680025641	0.979525915502898	0.966279247675702	0.867427734743519	0.966697855617795	0.850000728039896	0.962058282994369	0.951271240669384	0.926119757014706	0.843793863685329	0.954045823915641	0.951851250765458	0.972240229441202	0.852130547478586	0.964513169512881	0.975846043491564	0.963595407114942	0.90435746579546	0.858724426264476	0.880002342058365	0.983737964558242	0.893138963878926	0.929869117189769	0.943254195224174	0.87254200112234	0.945757568007062	0.933904101282873	0.914997162831336	0.940170107698391
"SRR13357668"	0.108231074443551	0.24230964001178	0.124127814825925	0.173025015042418	0.252630633767859	0.226342795975885	0.20379124453584	0.171927881621993	0.130437847204016	0.26265527077263	0.13440185615305	0.141317503642182	0.18162569003738	0.153098328992293	0.130255233075178	0.253146163790212	0.150284176412933	0.1429339454403	0.343999165803499	0.0881405896082623	0.247644803326819	0.0332475598777848	0.0698780094389454	0.204577362096043	0.211587748002576	0.17196527278442	0.273012115572598	0.194102942915265	0.0667669330727347	0.33785307903747	0.110712724335045	0.130293185842704	0.330839099774215	0.0933507768731107	0.14991159704852	0.0507669225186571	0.113674016101758	0.111052885301766	0.278023356087448	0.200531215670461	0.232043148783134	0.184376094331876	0.258224105818791	0.293706167511041	0.240107652243295	0.108401307714797	0.0645834070662065	0.120560198679924	0.184717635426126	0.21494931943244	0.225810471443547	0.207139396289068	0.311903998053916	0.223594567150985	0.0948014134457394	0.223624687301527	0.161822431687537	0.15102093272435	0.176792342879673	0.120652810479095	0.183399669932762	0.16551673802672	0.0907712727773977	0.201746978528124	0.12512483188869	0.213789125558106	0.214239348507446	0.152087944201059	0.109556089942671	0.0574844449877782	0.167266311603309	0.315533967351529	0.0844616652950285	0.120536303228186	0.190821636572955	0.211185052841254	0.162809032174009	0.205876220836489	0.157511294133555	0.248239430064067
"SRR13357664"	0.875073671821234	0.80875717443597	0.749472398373561	0.627101773900476	0.620520068024869	0.893085372309233	0.766430857032419	0.785086598526905	0.700747128725977	0.700769395512592	0.751860423852737	0.789829503343525	0.691074827495138	0.885852694565831	0.880749231480699	0.81061466146689	0.680271001088144	0.913871893812314	0.700888443753807	0.914833935392121	0.768177009931177	0.627520629530444	0.343712110128913	0.857444943496579	0.806700417306437	0.695448663362104	0.816338108480823	0.859740699646048	0.89949395431024	0.902349053350996	0.829902237065686	0.788829250587635	0.694714355400463	0.886597098728435	0.781063909276252	0.915190083924115	0.881318905037312	0.697068194131623	0.803333487343497	0.512939654023236	0.862042834921065	0.696588618472609	0.87731072200286	0.719331576246796	0.845248603422848	0.593640519901336	0.839069325739788	0.537015680593472	0.804041800807714	0.786174907538812	0.744662241745375	0.775013371253607	0.833731546268326	0.572189590291092	0.779623410254343	0.615019385701883	0.462409773330796	0.671249045566742	0.85199047493137	0.798763468777917	0.704537768429522	0.846769558672774	0.930180578187477	0.737701770408205	0.748347752166895	0.785845862293179	0.828493991177032	0.920783858188127	0.669856706855881	0.827375777209014	0.793452343615686	0.827037945203562	0.781340348246472	0.797745253784781	0.782990783060755	0.797336492378806	0.816636829412804	0.752056690982438	0.775741170479355	0.6624961440212
"SRR13357663"	0.0750247640160065	0.130545670116692	0.0975165271003306	0.0847289962475289	0.0941382558120711	0.113506299842647	0.120459882240065	0.115340265359525	0.0647086251475784	0.103033789646832	0.0846180587041317	0.105302851418488	0.086969311281223	0.0987558906927351	0.0848743261373353	0.145021781936431	0.0650620291846366	0.090134789740309	0.130532385527929	0.109793847213615	0.101542109471429	0.0751871558330569	0.0679789194293431	0.121255451612912	0.0969968642348293	0.0918427662512548	0.145037701439922	0.102177541064941	0.107871249703088	0.127786813922589	0.0750638788020052	0.0849485593825207	0.10720784342773	0.112315997283433	0.110259183672426	0.0563282993656689	0.109432008183738	0.0707509695667019	0.0980437430458045	0.0939142480452816	0.128187795230642	0.0966006981722174	0.103044278549689	0.115872724660169	0.102886933608434	0.10737191923928	0.0757377593675386	0.0809520401946889	0.0933583171520307	0.160158352640524	0.130536272843219	0.106887286240058	0.112259613587542	0.083566743497936	0.0781895351241796	0.0758886681603271	0.113695084333336	0.0698012693329595	0.121266405555034	0.0721100596060788	0.125010331220584	0.0986908870094812	0.0726238878694986	0.0748067543693905	0.0907589818217761	0.0980089581598693	0.102476028511563	0.0990242750158136	0.0965356244368005	0.0759369519706219	0.11533760547014	0.1106007288999	0.0726985572907583	0.0779749430018338	0.112608556840984	0.148003395257769	0.0929904039354702	0.123671114897774	0.0970490274152161	0.0888065951811905
"SRR13357662"	0.0952212451742513	0.141015581390002	0.132540747104022	0.116647175273446	0.119490370330785	0.14598639678701	0.122038122155738	0.134812129624177	0.0763405815494099	0.140991978088953	0.121032785550707	0.125780218563614	0.120657097482792	0.108798947117982	0.104964240364948	0.180705691968767	0.0794788894253428	0.0996134982558319	0.185542338173772	0.136249712327457	0.137172906577716	0.0710227359572035	0.0961088355075521	0.14451421940207	0.135840101222453	0.130036052329556	0.176158406832247	0.131563468488221	0.13356669880938	0.146835108427295	0.0873266695930224	0.0905890726560455	0.121654424625116	0.13554353135941	0.16002826521653	0.0706371847660025	0.123033807411583	0.0881380093044487	0.149132805276766	0.137019661588066	0.147744233812576	0.138920297484275	0.13376726296323	0.141219339199061	0.108454731102672	0.0946673651779663	0.109523811035502	0.0959649282019814	0.114473242299263	0.180512986067802	0.152738643520297	0.132831825492512	0.159173143121954	0.121942220647221	0.0934968778358637	0.112057799988842	0.128670532754511	0.108226329513351	0.1448982627465	0.0871929578207923	0.147985700774669	0.122663117606626	0.0934446381269159	0.0951974938975491	0.116521929700426	0.119633913452825	0.120006154061254	0.115011648260602	0.101513025264712	0.0874615162577942	0.136579376311763	0.144718512175019	0.0990414341253805	0.107116082055279	0.133836351891769	0.170872673151282	0.114287115276125	0.153779237523393	0.113719085187619	0.119796621796549
"SRR13357661"	0.430931046330234	0.465124940196901	0.401796390289862	0.245512718990756	0.318098359265157	0.483476529171978	0.35704244597326	0.402462164324643	0.289448849952287	0.359362423929309	0.414839352311707	0.373633670126231	0.324282054331734	0.442456524740392	0.470847608820882	0.496844345355756	0.24714198913912	0.54282831789715	0.3974797616438	0.537756195201705	0.410088822042771	0.298380678264701	0.368158531075179	0.439088081517132	0.39752766349598	0.327336701999061	0.462810379077708	0.487038021837737	0.532555862231983	0.453523522684761	0.44658379064816	0.357508866651943	0.336888262936385	0.560647006256396	0.52139181843494	0.545983489239747	0.440865629190147	0.329911027918093	0.404160280133449	0.306948596445779	0.477024176293767	0.415345124516983	0.49740176448991	0.366757704267489	0.439545875150085	0.345268764836205	0.503837147012964	0.277739000711164	0.381128815712199	0.456001884728852	0.428702922804819	0.379791104405864	0.379517180995502	0.333840365105199	0.376915098688363	0.324859263840751	0.330784188398381	0.380495139744701	0.526395478608395	0.364200803660799	0.358595789296516	0.459393797010141	0.485265352512624	0.364950222443556	0.314875067272648	0.324832760192917	0.498698412821175	0.452218417955754	0.370232998650429	0.460578130717267	0.377829047579034	0.41656313400261	0.401373462649683	0.384531593428692	0.403007743000701	0.404010947629062	0.421812865540934	0.381978208747825	0.394188019216406	0.34900613133048
"SRR13357656"	0.903529591825391	0.898047805059395	0.620563729519255	0.740158047512154	0.545154111565332	0.970195697425561	0.900512169525364	0.876829414162465	0.759284941481108	0.851411336297555	0.670255600546821	0.86821126140462	0.751779963166564	0.912237702406501	0.930305572988988	0.910168095241212	0.820752534708595	0.958358378340638	0.841401823290057	0.914107636963642	0.89888701166689	0.212513657967549	0.0936855134315897	0.951792844669929	0.848352454642749	0.699907720362345	0.935580397956369	0.925861214246809	0.820371245780283	0.992533968716298	0.812392522960872	0.846367236118184	0.87382670150192	0.801157222009682	0.675388938283297	0.821181346689587	0.92466876694619	0.523963519851136	0.919513405019314	0.372437102181929	0.952270904811467	0.625193229870907	0.924252447023425	0.906030417287743	0.953530752055928	0.372604849908295	0.589140729509353	0.422234127758913	0.917370655268884	0.830513787150688	0.868201596058106	0.895182886668177	0.961650669566905	0.617361367614912	0.783172208530931	0.644343119518955	0.350586856661728	0.458647576341988	0.858788151527973	0.842544277809281	0.599292460908835	0.83975517032737	0.953330767264453	0.787793442452946	0.807158059348281	0.91903848079962	0.9093364927689	0.981305356243975	0.580583117984343	0.672959950772281	0.89303592383177	0.965538483992406	0.655835529955084	0.773371269092504	0.880583722328779	0.903018058653386	0.809205230268948	0.817278589102813	0.729948469628132	0.382301799645087
"SRR13357655"	0.820530510006442	0.88352992049116	0.763258337775326	0.611715295446024	0.783769458355355	0.896054834786679	0.816649009897134	0.749747468761777	0.725835270476465	0.829113112310159	0.801530538640429	0.664293919217849	0.740301196424613	0.876889169054001	0.850872132693198	0.878067203959012	0.665082853174441	0.935759605480027	0.877918685033833	0.750871576271854	0.87604057235867	0.532352625943953	0.666915851545298	0.851306927969058	0.82163420848902	0.710494735475124	0.870335160100525	0.897179776341053	0.658100540501248	0.934388167908199	0.868093311805455	0.802075629011166	0.861174748209251	0.78533223600718	0.862580321108239	0.860284924746836	0.760238493291485	0.685808287000213	0.894366434887236	0.732592838868892	0.901822620220455	0.835417586329798	0.923405076110841	0.885263033907122	0.926252670553392	0.75071044818877	0.763207836404294	0.711955027401151	0.810009234395515	0.818721565810504	0.816446570727559	0.803570316373695	0.876124979825221	0.830549459969015	0.695887199939873	0.834676609066745	0.699509764612844	0.833386546921372	0.865844469538398	0.768424196591407	0.622552569992459	0.842058763010132	0.83403219176982	0.872350770765353	0.633664198916881	0.82375901587525	0.919747397505573	0.852992719122788	0.784466838315311	0.737722792165188	0.690376968721538	0.90902330556673	0.717668260216741	0.75780816970135	0.813385606810338	0.705964235210223	0.816724949815028	0.785197661772872	0.755895350756585	0.816123769328148
"SRR13358134"	0.125025910307356	0.23825650311272	0.33687243324016	0.148996905927671	0.333501022980489	0.195511465246431	0.243235143530192	0.179016444082942	0.138651877692288	0.268284389449383	0.342321049929065	0.119201053335472	0.244865528145468	0.290392033988409	0.198574700395354	0.305101582724628	0.124544093523771	0.186709291583216	0.369926855861575	0.138379583214997	0.277428852516965	0.240688862349914	0.438721183151324	0.177004533505086	0.193011691550963	0.255436937007365	0.227370805217345	0.290535378481194	0.150068410409706	0.134345615888829	0.246380634613127	0.238557835072205	0.255976820657263	0.221249836863752	0.422031159772296	0.17830782556092	0.12594246031925	0.247001757995389	0.291152799857806	0.458652434388245	0.239601645964307	0.449569478377249	0.277554838462354	0.287618309830129	0.264762051547424	0.33623384280371	0.318877131289193	0.285836833261695	0.18072383145054	0.296226383550293	0.260950509775084	0.206625675587618	0.204144097028922	0.401886595287417	0.132067519110049	0.349580614225963	0.351070974202277	0.497715195414543	0.306858597104177	0.155740614397803	0.219861598494691	0.239258860411261	0.102739122199763	0.302230253957263	0.139744443394223	0.190331997512995	0.268579545521995	0.0883027687443357	0.334508994746377	0.184515911655138	0.12336338799653	0.239457771329394	0.215854574204996	0.244427123432856	0.223409599358265	0.148092547598382	0.238309823718064	0.277623336747278	0.233771713039472	0.376969571166952
"SRR13358133"	0.168059785292707	0.259573157097143	0.349978944330365	0.166119035876381	0.243305578157227	0.241185651467557	0.170368735966643	0.190121869812385	0.130403948585697	0.250970786199771	0.341407237763724	0.141576974170917	0.211568484245393	0.179731453849373	0.176812790347471	0.365355732238592	0.0864601936732926	0.231143767713888	0.409856677301134	0.209734542080131	0.279675669365	0.249202213676599	0.498757793035422	0.218890482693221	0.222695207933995	0.248764528424998	0.310771429277698	0.271372318171786	0.2096247446834	0.171059678560122	0.257059270593816	0.160124605847518	0.188679693242296	0.28764615812553	0.524340608497785	0.22290990387932	0.15727500078955	0.189443206768426	0.320937225290586	0.402028995417525	0.24272068303247	0.417397190105941	0.212540786517837	0.275407562861966	0.212763805120203	0.280707582566275	0.357582462887428	0.290967639238632	0.166362417715952	0.301152543276855	0.259762033564988	0.215056501812357	0.245489141656766	0.347731548120123	0.160917832479996	0.290528049846838	0.301033928800938	0.395547289796457	0.219479720626009	0.148905096006913	0.199372280360348	0.249878362783582	0.153290955462816	0.244107416999478	0.173701022043939	0.175621383809805	0.302370028273623	0.12521884332692	0.289212946548739	0.198905602745484	0.149028432571839	0.240505574497358	0.245852566551598	0.2171744459579	0.224358764125453	0.184945210467568	0.222416144913474	0.281120905330375	0.194837510828684	0.287144680671403
"SRR13358131"	0.0725063437287964	0.135580718020377	0.19925517806353	0.109741247489253	0.149244393794778	0.116454405155328	0.0990497545154054	0.114759775450176	0.0720185167825304	0.136184134576872	0.168470754418696	0.0971895587408679	0.129956355264742	0.0884093327755486	0.0936642091989944	0.190530018814656	0.0589813714530301	0.0989620347282675	0.206290002891584	0.124568014936852	0.140822697897686	0.140223432780375	0.249323743507908	0.116103804426558	0.0985338729543472	0.150850351891929	0.161036723284955	0.138086506203305	0.138022835537934	0.0796280402756319	0.112331349355616	0.0860397193974097	0.102596526408418	0.163963280911653	0.277813501725225	0.0989041411765	0.0976508918692377	0.112482229665966	0.158706278620037	0.232878157991562	0.131936274478108	0.22080105402809	0.0940911526352989	0.138472403043139	0.0924246688266574	0.152716638611801	0.189226620100262	0.154207981775348	0.0918388297270629	0.199674896210799	0.146254602358303	0.117866251668079	0.1263112615592	0.180551857505861	0.092957008742221	0.138164446458554	0.203948604518391	0.191208127067489	0.164184072798899	0.0807978972696656	0.151740673136182	0.134025277227195	0.0764435010274729	0.113914961859074	0.107702115412494	0.0993473390613519	0.131890831981299	0.0683378340224669	0.151678853017633	0.120372244344725	0.101160810799035	0.114786366005929	0.134159656489985	0.123645871321228	0.125812624734233	0.127091475263567	0.12237905947128	0.164539339068807	0.119088509587623	0.132180795965553
"SRR13358130"	0.0724961462770646	0.150016410264514	0.124562025543817	0.0631131763421987	0.126515514540459	0.0961341023694449	0.0763917663365761	0.106988059941664	0.0724686096707594	0.102920376854403	0.131641156120317	0.0758101158736215	0.0835380033110618	0.086121189166377	0.0895594414179694	0.182693660301964	0.0440224066620973	0.114520734018986	0.157186512826202	0.106383266237764	0.108968307151639	0.108346136031773	0.334344774807671	0.0899764893841477	0.0897682522624424	0.0935625569773294	0.154081686719641	0.132910744122855	0.116362740696897	0.0614755455560417	0.132297307446445	0.0736723857427122	0.109116637320496	0.173874500026709	0.24046599630341	0.116282022396778	0.065972552340162	0.104867524158971	0.0919940758780253	0.168361798174992	0.109915256433498	0.176486071167331	0.125995712777619	0.0987100219598373	0.103119705564343	0.174650011042402	0.156623656349492	0.116277394345503	0.0784511144990188	0.165725242163788	0.148496778479642	0.100255471281682	0.0732759618204196	0.131408772755968	0.0893894964579017	0.106261480204259	0.201247784924137	0.150271721315139	0.181048228579338	0.0776052755637735	0.124000585683065	0.127796068695749	0.0645327505591748	0.115766015738928	0.0717810588046827	0.0563438859144008	0.172284712681239	0.048070485746016	0.138333583247597	0.12832668217761	0.0795647031412269	0.0893006341093181	0.109362594583777	0.0906895779381334	0.101472894776976	0.104933831607903	0.117630862567474	0.114026897713489	0.119242103370196	0.155579553141206
"SRR13358125"	0.730243956562087	0.82023154702968	0.748407101650453	0.62768130592682	0.843449284275367	0.814740795492761	0.748585505024749	0.663516407788098	0.697526662515742	0.809665656109434	0.776331973360195	0.61328161241828	0.757781004448161	0.798804515294574	0.7676522306176	0.794998099190386	0.67711801028176	0.850373961207765	0.855656342253003	0.621022436575039	0.844553229739039	0.414044451771624	0.567794332896631	0.75728873601781	0.807914093725186	0.728535053827538	0.772634792019453	0.82463143709541	0.559152314194161	0.862112911740292	0.775556788497452	0.733063027582828	0.841661881391743	0.685423718905625	0.809560387821093	0.763577092143445	0.668575539255691	0.700265812721129	0.881238082064256	0.769811437336348	0.828101416834869	0.822312476973874	0.886501336416482	0.848252943222747	0.857970368709007	0.66192822590135	0.711198907021768	0.67634748186491	0.748191059312476	0.741672406820197	0.738442417207693	0.73178635534762	0.836780146599164	0.846025882665136	0.612677289011071	0.86086992721548	0.671957652277924	0.855973819452671	0.799167757096163	0.706607245762508	0.675670804688104	0.802507665369751	0.728483642432991	0.849137002240011	0.567917061252457	0.786054585830187	0.850350752562204	0.748682524772127	0.696409228177073	0.615904907406582	0.629702542806608	0.862123339702289	0.673266579037835	0.730962150877933	0.753030083573559	0.626000434858619	0.784500083088843	0.743534742590322	0.741567508703468	0.876600368489877
"SRR13358124"	0.266550207314877	0.47097544231565	0.416527604668841	0.219333868625207	0.553618966359622	0.312873255887166	0.326968264522062	0.270580811018629	0.2810414014755	0.40115850573414	0.435113478687301	0.203628598621442	0.338027397755421	0.375658382648838	0.29505765353463	0.436096440361145	0.210749759851001	0.423683650689107	0.523905740672896	0.209942720843205	0.425969806501512	0.303242064935469	0.568648292509614	0.286329662001227	0.382097679933788	0.334335659160379	0.376849901048993	0.411643094946279	0.210197215928514	0.285605922231798	0.425355263531123	0.318291677397184	0.464784930437836	0.352151165284627	0.550447848120907	0.361950380680697	0.212376476124602	0.370907056369552	0.4347834591421	0.527504299230407	0.393376225042531	0.538335605639425	0.518222311344807	0.446117649230863	0.444592842441398	0.523348992270183	0.389924027549129	0.422134085365012	0.279265411659643	0.424935643070004	0.377538282356803	0.305631860750716	0.314451386822538	0.535806589895691	0.241687262410158	0.526584302559686	0.506680765055496	0.590315151451395	0.461467365631489	0.275106497257007	0.358044214829871	0.419972672663285	0.20839031232197	0.497102426247167	0.192628566671559	0.293352879218759	0.511623835270143	0.183993293996435	0.444469900438078	0.310735434345765	0.210927999289285	0.377608973799348	0.314669450852862	0.314392362942754	0.339434557006091	0.234168468933218	0.401686505596548	0.366299937466255	0.386359367709151	0.671378201456329
"SRR13358123"	0.105529010266593	0.208144921081673	0.248987254165981	0.125533012662077	0.248750075619116	0.13653729063839	0.159568752885015	0.127115077393152	0.100324896400668	0.193348135273176	0.219813870523292	0.095208487768231	0.163159231010896	0.165185104222678	0.106617801830509	0.235579301491006	0.0763981674139645	0.150698025107562	0.319123679179504	0.0991906418465493	0.195475460869674	0.211654489813961	0.347754626005789	0.140637548222045	0.181044051504471	0.179225224343174	0.199767330742701	0.178627568510112	0.102926188481626	0.114974394666658	0.165269713178795	0.13216950065477	0.181279261775876	0.15863974896696	0.330601382407866	0.111744071787635	0.103485766800525	0.148641557992555	0.216289955520711	0.3275076587858	0.188357712663999	0.298404081524991	0.212017889298415	0.231056630807554	0.16813939978717	0.296764762968808	0.188849230900614	0.251869813934315	0.112643887860751	0.262747371940025	0.184396386420205	0.14477800468455	0.159890890249314	0.277910765160288	0.099822215823073	0.251224006973987	0.308972712396373	0.303039762097878	0.20453181222996	0.0993505394571274	0.177759855606844	0.172413493317559	0.0727598693328659	0.19160776493389	0.109559725942415	0.146783562265556	0.202459227688856	0.073475383190719	0.248312058245456	0.133766936503608	0.101598622330582	0.163201124720802	0.143902438841809	0.140596170016954	0.163789593582222	0.127708745732939	0.160713218466503	0.212815531209795	0.154888441603156	0.334151206758436
"SRR13358117"	0.180160596381187	0.235555953947422	0.26855675487592	0.162513386767684	0.20323256594473	0.235066899362648	0.184337934222613	0.207216465928234	0.132339613269314	0.209448082428208	0.240614445920354	0.189406116153762	0.196912598368271	0.187768103430271	0.19635616563215	0.291865081527855	0.115722801080273	0.210903769884582	0.280494455030762	0.257968934546858	0.230250288839076	0.181668916280467	0.23374069849184	0.223793336256294	0.213050812247919	0.216491529174537	0.261720031629655	0.233105035664351	0.267424117556809	0.196360196147635	0.198790590850305	0.16548051723971	0.174096735230266	0.286702958247398	0.34656504626374	0.207791479674952	0.210308057896582	0.175412018582444	0.249247306922089	0.248863231700609	0.233762302324963	0.277637747398816	0.206617468952134	0.218114870335893	0.188200822863094	0.199515273106712	0.282686014650843	0.189135830452164	0.181337182940888	0.272816103856199	0.236704560214786	0.203636798522142	0.222327956941437	0.227728672077548	0.174745579384156	0.204920150184105	0.217511932423963	0.248039552014555	0.233326952214777	0.160179089943248	0.226195294631072	0.233231523196541	0.189949120258794	0.183584048240274	0.181161475000044	0.178462819071102	0.232225624696316	0.182402211160949	0.210807898130771	0.197593908189462	0.195320211369853	0.214964641597623	0.214580724191474	0.204165900276567	0.217631643098081	0.226922337907155	0.212391601030718	0.243866692826158	0.202175071798864	0.215090265577707
"SRR13358116"	0.278567894855866	0.331426454097719	0.391023368342453	0.225148941802487	0.278057635287786	0.346532245929507	0.267607112454871	0.295024986512858	0.19978084430584	0.285444411935751	0.355443808459311	0.281886018527762	0.2872250980689	0.298006698563268	0.324386124648661	0.389683183563008	0.179194141682141	0.356204993923289	0.347772964232691	0.408141931546906	0.326810688167362	0.288088194856012	0.309883171414698	0.32573420653014	0.281012136132776	0.305156120980603	0.346666162435779	0.358804747963137	0.425404847610569	0.289286913325957	0.312748746139159	0.259493164157093	0.232498246948743	0.436796805568658	0.47672990443297	0.382701042721049	0.337166237520321	0.26589862980166	0.354050453230629	0.321331396382759	0.355456813616862	0.382953198360719	0.304298150207629	0.298792559728116	0.280931081544813	0.282591554976042	0.444590209785945	0.264586815164329	0.270189676088602	0.387230690072339	0.320668489462998	0.285546214284298	0.308140790269173	0.31227474406117	0.272874521141529	0.279681600487543	0.302234852796479	0.354769132103087	0.396987367859208	0.252452489422401	0.310821758136665	0.349547032895782	0.329882731678247	0.269183864291487	0.262428508530794	0.266113050933278	0.336897338126184	0.301716469476488	0.311648212820396	0.347802226798498	0.282997291808304	0.302875083971587	0.335294763762492	0.318599227397887	0.313455410418414	0.308579440837769	0.317868656402063	0.334785750053097	0.298024344433234	0.26642554416507
"SRR13358115"	0.0813758227764375	0.101522286618699	0.129524654352647	0.0815919713864003	0.112325581375396	0.0808666253419803	0.0846172625406734	0.107202625582497	0.0639683920929722	0.084318596007964	0.10478115512162	0.115558957611631	0.0973632422526386	0.0830429972024939	0.0858737881193836	0.113508937990784	0.0642323910560488	0.068504400544291	0.100371058069276	0.145367834448127	0.0847848521878743	0.106552790378953	0.103377527868311	0.0884060303999952	0.105976231826656	0.108037358996052	0.0978531696584621	0.0853159460609443	0.185283350072302	0.0558355283316309	0.0749022391916312	0.0758383320359159	0.0735156722830436	0.166136245775397	0.140315295416931	0.0921277392305983	0.11349444188426	0.103111785630729	0.0812054405152576	0.114264105720697	0.0884740473896116	0.114907377035535	0.0917072839254386	0.0745105064003075	0.05976978326585	0.105946961353256	0.145560177608617	0.0829715288699204	0.0798447974315926	0.139129805128677	0.109678044381591	0.0863960495359719	0.0722273184752136	0.0892234314347117	0.094603478646698	0.0854742854721513	0.12561265974006	0.105129653956906	0.129362365271722	0.0767543870311339	0.170562073572074	0.110884045930482	0.0810883686043344	0.0685705339636885	0.092190060562637	0.0703555137543972	0.0792821017437939	0.0748458333949544	0.095682615348929	0.112918978039557	0.113718858696428	0.0674150939583448	0.109697885294411	0.0993287578110028	0.0987111540947057	0.131330029662475	0.104900717373037	0.11250404910382	0.1186433174352	0.131055334531123
"SRR13358114"	0.0508526027466453	0.107693714996221	0.0989419620293806	0.0926785796164603	0.0955847753079619	0.105807610624776	0.090437314400971	0.100898968848687	0.0559609992473982	0.108897625988591	0.0882987511035006	0.0892690537672587	0.0915402143126752	0.0630017444347343	0.0701831582542624	0.145059972960096	0.0567727351900494	0.0663017778954762	0.147122413508311	0.0886134171576364	0.105290305493585	0.0511120323905058	0.0776999356176075	0.106049500837994	0.0714251723872173	0.100514280855059	0.142601039544383	0.0971852291987065	0.0855102338365366	0.106119043112897	0.0619696525414335	0.0634438240381695	0.0984145197552413	0.0922098687529549	0.125535874617993	0.0422563567925533	0.0806343547386099	0.0642583117669419	0.114556627390593	0.118813660551074	0.10907769792558	0.11120072049875	0.0676041884623078	0.112793352889261	0.0797239512960202	0.0749571544352553	0.0740808712675234	0.0778403482184616	0.0828707875302281	0.143759375926802	0.120828831024818	0.102293217497085	0.123883136616539	0.0996034715683784	0.065183757374221	0.0778983274283975	0.110148521532364	0.0772249630146172	0.106589906692673	0.0606639852754001	0.113651818538316	0.0880276138827442	0.057557488121152	0.0727015258342279	0.0870390533227103	0.0884197004668567	0.0906871712695539	0.0735043077653825	0.0775224170533492	0.0582521981810093	0.0992847034467754	0.111169698348392	0.0694406641082816	0.0760246615337703	0.100000010746211	0.131259973741729	0.0826647538101736	0.120813317908913	0.0830784716130411	0.0665320486872148
"SRR13358110"	0.0987733128810536	0.172880071600581	0.167170061248816	0.0738922028207731	0.147600732196811	0.110401776059794	0.0999014602777235	0.124901082028231	0.0857485037517785	0.114468620397374	0.162440745507222	0.0954075390008792	0.101829783829407	0.119598554352193	0.112277062262077	0.197659552848002	0.0542869975416384	0.145071060362349	0.167946629407819	0.142832110343117	0.124070623681591	0.176341553629467	0.358072778130509	0.108553144082207	0.115348601139065	0.113873781524453	0.162778139254565	0.151865944739365	0.163925278764296	0.0699571734858738	0.162196284854697	0.0992189775471164	0.114961982294096	0.223345459985413	0.279300095419168	0.163497501191056	0.0956515825177676	0.132000711465556	0.106653284380154	0.188667000502192	0.133600772910189	0.204063979046671	0.153286416121375	0.114652062124255	0.120222015533561	0.231568681974637	0.211399548003598	0.147881463318536	0.0926825723742071	0.199941819490064	0.163682313142904	0.113092134816797	0.0814216219494894	0.149512467340428	0.11287594674592	0.127075921052322	0.2326694597325	0.185810746692542	0.212263943744182	0.0959756253682468	0.153074458623439	0.155958954665254	0.087156088869772	0.131047932609309	0.0887357525864394	0.0726148940002744	0.187655337582517	0.0649599866334647	0.18339768051158	0.175637952572837	0.0970794781930786	0.0970829999241717	0.142204146482264	0.115687923368591	0.123675188262297	0.121572580563844	0.142851479931275	0.138492957557266	0.145736234175822	0.193956924721049
"SRR13358108"	0.0570288697958688	0.116597561179522	0.105269892487741	0.0565340984154709	0.107992812460752	0.0737357660592701	0.0638782592313223	0.0892596878978271	0.0585592120775332	0.083721294234175	0.106286439810064	0.0675144912516871	0.0720598393566038	0.0668841027343311	0.0696737615706143	0.141840372749299	0.038708082351544	0.0801602441747674	0.124647302784314	0.0892288154648489	0.0856714002540009	0.0916869140857855	0.25541988110388	0.0722007367084078	0.0743665680720528	0.0814892257018927	0.119518372237737	0.0992371560941242	0.102183248674111	0.0465146237224131	0.096536054945423	0.0597016942612316	0.086361676201826	0.1415043820951	0.186987556198578	0.0850620912157587	0.0574312362486143	0.0882781068425697	0.0730802948309807	0.140755696942855	0.0849612281019262	0.14030314945986	0.0936133772674572	0.0779223038731884	0.0745686819119668	0.139846075806469	0.126288210408543	0.0948173065277786	0.063761932101688	0.137432022985477	0.11951926698614	0.0811044280438836	0.0592500222081912	0.105283785640336	0.0738196751367626	0.0857236105291278	0.167273143543916	0.118960376433524	0.141738868177859	0.0624972454637926	0.115047399031092	0.102151079024654	0.0507952184433611	0.0873807992439811	0.0626293002363267	0.0474334793225269	0.123407058362499	0.0394165363900253	0.10956398355548	0.101545340526065	0.0703265613237507	0.06841374821419	0.089894033541174	0.0752879421094905	0.083352380714566	0.0924828578481993	0.0950751396856379	0.0962584740442594	0.100139905499353	0.129380921367025
"SRR13358107"	0.0489788996171344	0.107926749771963	0.0854680928675346	0.0572386795799608	0.093820236355817	0.0747567515534371	0.064280047918447	0.0861630480008953	0.0535981708765448	0.0817328812728493	0.0865997535120831	0.0663466856636699	0.0668909847166115	0.0587597880945024	0.0630637981809699	0.132809056365305	0.0392226107358017	0.0695266018383318	0.117367565507929	0.0784253210780392	0.0813650758015717	0.0640787985270188	0.170480750582937	0.0732964336603548	0.0651126956505522	0.0743542330529905	0.118995789620284	0.089904897328747	0.0840521238096615	0.0557423703381746	0.0775132664419155	0.0543888026547586	0.0868730100861735	0.112173107760419	0.144490427145951	0.0603422814837271	0.054942870102995	0.0716972983815922	0.0711986899286639	0.116185216068738	0.0829160152431815	0.113885371616976	0.0793496736742985	0.0779300570613913	0.072158119009374	0.107280941834692	0.0901131438965448	0.0774303319544636	0.0631447598490033	0.12603780635418	0.11326274629964	0.0800041344418314	0.0652377684305305	0.0898442997478093	0.0644639026081636	0.0721089898939433	0.135853036150702	0.0880780521743934	0.120637854221809	0.0564174276513552	0.103721011579044	0.088208989808512	0.0461805767171228	0.0758574637087671	0.0607555581880267	0.0494255412037802	0.107846255555306	0.0421562564394212	0.0875157386293665	0.0762429277517034	0.0712661755539212	0.0725167911117284	0.0715843318317329	0.0649980138450794	0.0793257683378828	0.0958193352138083	0.082766089029507	0.0907534658392342	0.0870086982488647	0.0963557918786431
"SRR13358106"	0.0497353688353138	0.107900392890099	0.0897355914534674	0.0518570145486853	0.0969362722568318	0.0703056263221895	0.0607308617413556	0.0835481448143817	0.0533429897241623	0.0795618298478449	0.091091083697105	0.0627971055730962	0.0627061232605082	0.0488530914087763	0.0569355672819001	0.132854944748874	0.0345219958038266	0.0628981936370658	0.118325622733342	0.0775264712772559	0.0798095453689554	0.0724399211587586	0.208666695647033	0.0688739762678337	0.0668298965317905	0.0739856461740546	0.11556361152886	0.076941503324333	0.085571665381952	0.0481462214740877	0.0824792281036383	0.0536414570229569	0.0840672841675136	0.118645907053841	0.158656133905492	0.0629256137843011	0.0518318913087969	0.0755290268693655	0.0685558708275044	0.124762530089766	0.068082143482737	0.121994965443607	0.0599542200684909	0.0749181501960391	0.0702259501290835	0.118824555223691	0.10004486381623	0.0827127404497235	0.0600474222144879	0.103455135077707	0.112307543108239	0.0771014028386572	0.059189688859202	0.0939668040368162	0.0649890793458882	0.075828969024583	0.118354739306383	0.0983816207387601	0.0717698035944409	0.0559568523258692	0.104001481247094	0.0899889318274803	0.0445454137977212	0.0783138304402401	0.0583336844585003	0.0437021723855231	0.111487019856472	0.0375365172998934	0.0907830394162208	0.065212527315902	0.0667283635096044	0.0673735427720666	0.0754993798501301	0.0626557632717481	0.07728610065759	0.0896781981859783	0.0841954866972715	0.0893284145056418	0.0887187481338833	0.109531978138756
"SRR13358102"	0.98818642948563	0.946461633671559	0.965868471838453	0.977981529336688	0.897213370982013	0.983499668425834	0.964679983066728	0.959252220475204	0.968001319757033	0.965118397884353	0.965784310355033	0.959901433017536	0.959749165925004	0.979023475060302	0.973865651912038	0.966631476267591	0.959422165929362	0.983603399332498	0.973819950773443	0.971192194482778	0.975474844225819	0.973424817129443	0.95036711517946	0.980831185793212	0.983058035115359	0.960395877359816	0.975623700258509	0.97533185807322	0.955538070668876	0.989360910555247	0.971016061979192	0.963983179705206	0.944376151408876	0.94881991539228	0.96777477629277	0.974379504811228	0.978382971902854	0.937725718498102	0.983177235768938	0.944230973766908	0.98118095832801	0.959464538307416	0.983429155336811	0.978833607747758	0.972989189498387	0.942891748168025	0.961658061387385	0.969500213853275	0.969716333067322	0.961424091085501	0.95183158070625	0.971038488810451	0.983598767540091	0.963123914548532	0.966963971267529	0.969425956114006	0.929048381487095	0.960660976281763	0.957293278873343	0.962933528346367	0.876624052537597	0.954746318746333	0.984930562433627	0.960485126810401	0.975048334966313	0.981539016301742	0.967066055714585	0.987382697211353	0.963107089056916	0.971147509339428	0.962940752389901	0.981985683864853	0.958148357289079	0.962773929763683	0.968968320962978	0.955867926119153	0.954314964056772	0.961496991715976	0.931033424114624	0.931251855982329
"SRR13358101"	0.291090016131274	0.463363183290625	0.539626370037581	0.246360670735444	0.565583033885747	0.325206321252945	0.324721195244922	0.287179037821913	0.286619194077393	0.407709232095834	0.534301195519074	0.229324833434538	0.38527523270003	0.384910853927765	0.332813367397446	0.461272300271787	0.208391886063681	0.45237831344586	0.532768130337587	0.287855517661046	0.446718979148755	0.458552389502161	0.686021724035123	0.302506662762508	0.37365475113613	0.398165619891557	0.377239363580818	0.444399927770161	0.314763432352292	0.240838264139284	0.477918161790007	0.34391808890369	0.402409254041443	0.455872701982763	0.668194018722903	0.484256450827266	0.262507815896854	0.430702041651875	0.474649344875804	0.60355990762629	0.40747413695157	0.620891664815181	0.468568407449103	0.443063886431015	0.411388444674566	0.576399270460508	0.558878583298917	0.498667840308487	0.285494074170987	0.471146651480195	0.384641241821626	0.31535015783623	0.316367187905564	0.586988140922987	0.28810979406695	0.552473776925287	0.562149464651448	0.678492243866659	0.507685387523381	0.300958396595182	0.397963076701984	0.465647348018755	0.260197566749038	0.504923473825019	0.232872073315873	0.307479002178613	0.511322052749617	0.196754806606619	0.52029798820597	0.419888081438068	0.227098750362769	0.357382439427962	0.419133372404894	0.389331302177996	0.365235887119399	0.243090589717217	0.438577140426586	0.411800654361169	0.417358815735786	0.652330987852972
"SRR13358100"	0.0851240649767343	0.215434870130629	0.207808035716899	0.160913566904999	0.295763855699561	0.170910286326493	0.145548278040436	0.152652784445591	0.135028239796495	0.210130574059051	0.201401743134834	0.118920237333109	0.17569386306818	0.13650125538227	0.12633633247891	0.236014299705696	0.10634476177955	0.144878800464267	0.278417456015853	0.119999340491824	0.192815407817956	0.122721197666301	0.219992133838482	0.156983791048636	0.122301688594917	0.200090177633848	0.228199044167691	0.197844029452776	0.11857955319198	0.138530240797848	0.170087060066272	0.130182506764767	0.235887282470868	0.17260006926749	0.268861402705699	0.114486846773432	0.106149506795816	0.181542080943149	0.224795440771769	0.307362582112894	0.181804226946633	0.268181167423184	0.144700857301677	0.19877475716483	0.175810702099602	0.207316042035558	0.168512258971473	0.190767159515132	0.138626143973305	0.243677718586735	0.189643203025341	0.174326120028726	0.208935682494047	0.231389201036352	0.115032195179677	0.187941486316659	0.226776760806229	0.240688048274391	0.22313863988809	0.127963395072727	0.233317956545815	0.214580569550052	0.10378953399516	0.222275311939152	0.137320353212754	0.153950638557075	0.210229594687691	0.092314306739353	0.169954246161261	0.12058886194138	0.130509696845691	0.188948696731111	0.148513627125968	0.162212205742544	0.164778083473606	0.169165878623571	0.204182791758898	0.215611656046404	0.201729745087539	0.249802290476205
"SRR13358099"	0.14231506515784	0.277810026051256	0.286376120794235	0.17415065811314	0.360047596702801	0.205474726770082	0.194864815858897	0.191696867604261	0.165328625670449	0.281262729859472	0.275808802195462	0.162212935525344	0.239894663454835	0.18436083379091	0.183684552607377	0.290573464655935	0.142531170290742	0.21174776964074	0.342875755962092	0.166805516655753	0.273371900428065	0.16430823447278	0.378289563450164	0.191848138452761	0.20853780195342	0.247531561256054	0.250847135129024	0.249964557563697	0.176575497254224	0.172062560041421	0.22295542271685	0.179061158208401	0.272039234115771	0.242302531211987	0.373103293734028	0.194034769881311	0.154344459646919	0.233569086864223	0.29391766740054	0.364988151399197	0.238048355923561	0.35760596466126	0.242986759346902	0.270229235790686	0.224867431972303	0.269414805701436	0.264861112695955	0.24576218106436	0.183690610374122	0.287132824000934	0.2500743386028	0.206019155514916	0.223889335130795	0.345774367027457	0.161616527291504	0.310410744565358	0.319269901365904	0.364641754972981	0.292690505012902	0.169768424708326	0.273906003154673	0.265354724436325	0.139024973511784	0.278099586635525	0.15223936387602	0.189503454869487	0.281421069027382	0.127416421203122	0.244474126770913	0.186281083950716	0.167665258114612	0.237088533949105	0.212542780446996	0.215037976941856	0.222624788830232	0.190891425750846	0.252422416527882	0.25497978648687	0.249585068678228	0.366932445767584
"SRR13358094"	0.264049325957068	0.386825743653517	0.358555852047732	0.307255578894673	0.277761085210243	0.392156691413985	0.341364321906192	0.315928519981019	0.252718205692233	0.367704922518245	0.354155879869013	0.241330872255519	0.282315238111561	0.31593987111172	0.281906887660117	0.474767017167332	0.18904987454721	0.399169867479143	0.487070948168579	0.267789827950381	0.389636337416405	0.37597757957603	0.521089152795662	0.384861375733453	0.273397243420126	0.302625604798991	0.485840174894958	0.403563824329833	0.225205552551798	0.418034289030928	0.362517092645523	0.284814498581553	0.347371398362094	0.300310270636995	0.480709840360399	0.250291908631202	0.272594639769844	0.239139215498147	0.404952119860135	0.409666843394231	0.437290139621481	0.41598805427291	0.32672947632808	0.451577656430287	0.403383034112354	0.438582800354774	0.293150821299303	0.415276671795154	0.292461160700156	0.457736308787543	0.386110494657344	0.359770404569674	0.395933409324918	0.39079957334783	0.260124891355187	0.323844579798422	0.431026754320603	0.338677803016592	0.379907758991325	0.244694826513735	0.234782428902592	0.309128464562629	0.245644976208055	0.341774077377127	0.298036089024889	0.340750572400475	0.431968830441217	0.276834626206361	0.41594795860722	0.301979448491005	0.267995361333891	0.412075645112746	0.263804129664117	0.265955353253892	0.352540083434924	0.321264753491856	0.295815575519018	0.378848793569302	0.261542963851979	0.24596959425517
"SRR13358093"	0.936492540388106	0.966763962090821	0.842176128614358	0.879288893230902	0.878021685018859	0.987916732392991	0.961455614727742	0.934555532324887	0.911502936849686	0.956625788936252	0.881601073657516	0.920057846123557	0.913220140067981	0.956400358079052	0.971292822324071	0.96417030254865	0.932684959954411	0.987114970440664	0.950424519912917	0.934249651345277	0.972225172561237	0.367565039211102	0.29450103889058	0.977730644603604	0.901676292638227	0.88128197730347	0.972305454858896	0.975525390888288	0.850963162065015	0.997202529156407	0.93895455973646	0.943436915128847	0.969996528476491	0.884416918113631	0.881585555244234	0.931412455017583	0.954273822877402	0.798116045836174	0.981145244861597	0.745218811680055	0.982992454556698	0.883778865346606	0.960305327753936	0.975893367887197	0.987876454242156	0.680774846821587	0.795800103161393	0.741626829409395	0.96717949640606	0.922401980198862	0.943380941005475	0.956492514688113	0.987624765912765	0.904880335300499	0.884993020881526	0.897592760377626	0.657778575147562	0.824677551085951	0.946200762269247	0.937320430994404	0.793767596755234	0.945394407255882	0.976283262671688	0.953218385430181	0.886443554898453	0.973125258065617	0.97538693214014	0.989703000547366	0.820447091153064	0.81694027470045	0.935658638606426	0.990220868041592	0.836345505657951	0.909787324375384	0.952073433506414	0.936248058347425	0.934493061717031	0.925478138191295	0.894079098968983	0.685750367153995
"SRR13358092"	0.986032081658355	0.980525727802367	0.937776166861937	0.944195879830379	0.872380417092517	0.995157389867431	0.974993494744995	0.970240170518902	0.956999846898886	0.97430481846997	0.957431615486646	0.957014422615652	0.946871656115508	0.985321261394812	0.988333230136992	0.986973631633616	0.948791528132528	0.995961202992739	0.979711994960177	0.980033497492619	0.98595048352022	0.806617336419654	0.815105666319168	0.990815907986001	0.970504901115759	0.936410235807077	0.990261485379278	0.991210825539727	0.949691716212932	0.998346114419873	0.982329682236764	0.970384789492837	0.97348660241184	0.962259630020447	0.97034333680589	0.983508603900656	0.979731385349298	0.888751038980263	0.989952349919347	0.876267606937784	0.992638635173615	0.953921780700567	0.989285338310151	0.986772951840418	0.993593162838322	0.872937237747787	0.94441960842581	0.910003345414593	0.982607125720686	0.967635605478656	0.973583602731969	0.980848258795599	0.993055491426498	0.950584257539032	0.959046171604225	0.949104747967469	0.846485646283408	0.928134308965767	0.978070954281431	0.970642749219565	0.817636401522434	0.971655992692318	0.992317491679789	0.974677642734237	0.958951697459461	0.98408854566044	0.990722132779463	0.995118967098506	0.94120241792094	0.95653225263602	0.965272606355814	0.994578642583874	0.942265352133464	0.959665290451972	0.976747724870997	0.966056295239351	0.964697639636133	0.962867988141927	0.932003680970665	0.818276189427653
"SRR13358091"	0.120955029380398	0.156605894971398	0.283845946496585	0.109159745513094	0.192004137874828	0.115334957823252	0.093028030978109	0.113015822391141	0.078863314878389	0.154192824915559	0.264893967166675	0.0831084499940499	0.146884031847402	0.141240285948736	0.0999443572706633	0.234206526244365	0.0494938395044407	0.125505272909963	0.31242699192917	0.126398801509348	0.166082022017512	0.241822369844975	0.535807756154915	0.111468390330198	0.210059478136596	0.178552594322797	0.178859860426236	0.173274617817765	0.147879320166578	0.0584656810278675	0.167167212760623	0.0932984382119197	0.106328908187406	0.212176121382322	0.448876354247419	0.153159550578793	0.0855572371298255	0.148038115921017	0.18791824556836	0.362882786142692	0.141960725479301	0.342203709832502	0.230787433100189	0.157548059305684	0.102848549759683	0.24708612504181	0.304244862535397	0.241232152691987	0.0875954850644371	0.239671970718907	0.16371787027859	0.122689146221622	0.118643372507446	0.269201419697838	0.103210350817447	0.247422885306628	0.313550728612197	0.370191918957748	0.211268695825931	0.0867898464108323	0.157944728402479	0.163867839752767	0.0745112990802992	0.157061572267685	0.107638836688078	0.093356458803661	0.180584806186764	0.0499277895533263	0.231871789219101	0.174204620703064	0.0843773737334904	0.113781485324136	0.185018177353347	0.150960721394442	0.134372228666647	0.107262184166615	0.146475083765692	0.188966381204417	0.136547308939807	0.367716438635634
"SRR13358086"	0.860399307414912	0.880112752317217	0.699227447613249	0.620678253281127	0.689423836407088	0.911780264887203	0.886089186939207	0.789505337793695	0.723332211834697	0.794574666999958	0.691468467552638	0.770329036182242	0.710358209352465	0.901696370457574	0.867748323484703	0.842636474012498	0.74203264599465	0.935072526116997	0.796897875165854	0.825841488941527	0.846737807335765	0.534603755714762	0.254066509682693	0.891204008764584	0.828158230738322	0.666701591835905	0.8562044454595	0.861468808074653	0.745986090423231	0.96640937934346	0.820994985674957	0.849346344112626	0.844254666355739	0.776268270686969	0.706972721611417	0.827945966693935	0.877767713492944	0.621575965945893	0.86219977104852	0.502780184015079	0.911181238288994	0.684247711706462	0.897712201638229	0.877472353578107	0.932242215770913	0.698726813125539	0.652179602701964	0.603295277838586	0.843759080481654	0.799289144252014	0.802366056604183	0.809385184692938	0.887268060301481	0.683849275261434	0.723427884264912	0.725877676971248	0.512177104818853	0.642264672576434	0.786550416893952	0.787786888878918	0.644119314473886	0.821604865467747	0.888135745579052	0.80047269998421	0.689706341010108	0.873132642357013	0.879532785603037	0.938497987270989	0.737062036203175	0.691304255797878	0.791508288952501	0.910778136212011	0.658996637637301	0.729658298712371	0.834276803973774	0.794863519747637	0.796630364220023	0.782255127010173	0.747191722603533	0.686017634383493
"SRR13358085"	0.985884723139359	0.972381587857567	0.958239843265629	0.970574574266417	0.945935261465474	0.987725752298468	0.976624921116253	0.963757745004526	0.976380481549079	0.975089342075309	0.964609911702946	0.959331020243832	0.963771708155822	0.983448203785994	0.980769062054692	0.973487164043464	0.970196078732923	0.990882703053558	0.977258226524876	0.963942459736138	0.982814256513526	0.943782265105795	0.920578765719085	0.983671791022462	0.979955722019145	0.957610335379224	0.980015741907438	0.982621935405622	0.937399197409436	0.99454402384609	0.97916366876171	0.974907553657623	0.976557318742192	0.948389709099024	0.963568203260034	0.978494813195493	0.9770855639033	0.947800840355883	0.987065816005128	0.941115912262934	0.987042472878994	0.963040115085243	0.987762187661713	0.985982724651262	0.988435635216092	0.951883682451909	0.948920696455826	0.963590682749773	0.977951523416758	0.963954988655719	0.964000538592856	0.975538423006362	0.98719890868008	0.971128061839099	0.965295840220545	0.975558264285142	0.929366189574618	0.964327406168598	0.969904054412151	0.971848362893108	0.899506491149844	0.969400511146095	0.985910981701038	0.97886557615444	0.964829737112817	0.985050985708663	0.983087460976573	0.989868557459772	0.964087490812582	0.96460976654277	0.963638305674119	0.98935356621996	0.951989545901473	0.963779965609467	0.974711619437303	0.956683358143746	0.968672784619559	0.963689972695912	0.952807823233283	0.95025919834156
"SRR13358084"	0.813496613761583	0.786793811563023	0.572732350316067	0.534930438336551	0.466180268025125	0.879685121370479	0.758903300389991	0.728725410396207	0.598462780034739	0.683212393373706	0.59637728812771	0.703147635838486	0.58981920281157	0.832191826020628	0.818175649802157	0.801552656918455	0.595704466214607	0.886604402020524	0.717140268879413	0.815250742298433	0.759645862753732	0.334757126651311	0.216690656839676	0.840303789763601	0.769511523279903	0.556625580402762	0.819237142990973	0.81959516985034	0.733673596442646	0.938018145749811	0.719288480211721	0.708181043146996	0.700763992781664	0.738661823565766	0.654062850810301	0.76191396569007	0.807700864802422	0.466590868771253	0.780048007614226	0.372854429082184	0.856797026619857	0.571616843308752	0.869274832360553	0.762678201763907	0.853668018390077	0.447180523155279	0.598652658548334	0.413304296993798	0.767351319080966	0.72745527672506	0.733929814075689	0.740643048323579	0.833353156634827	0.522251695849111	0.645997559192014	0.563684651536423	0.389522560083776	0.487287057365218	0.767754657320585	0.68759398814349	0.506878012426212	0.726575956039466	0.85304758401394	0.651326855846685	0.627722065912807	0.76065711822845	0.809065467609574	0.901402188781061	0.560810088290485	0.635808478075566	0.729934799708323	0.854549276669015	0.580132891041394	0.641919872577217	0.742668147230996	0.749887880337049	0.686123611405202	0.678879117318411	0.615171103911989	0.492728834383717
"SRR13358083"	0.958570668609783	0.949369365676679	0.840763081664353	0.834114718726202	0.850487426171278	0.978259927368761	0.935103318993435	0.921214998380065	0.901400664442945	0.912016176036591	0.869940121273246	0.914996115647237	0.87407611925421	0.968407611642388	0.966741327570531	0.938159021453401	0.906337795992939	0.982121410264887	0.902136163299778	0.956203006569671	0.93876647958491	0.578612005666079	0.325451674839294	0.963474415475182	0.933995886412411	0.853742850043979	0.949820724142172	0.962961874989537	0.924881484057541	0.990275115390089	0.940665101406116	0.932814811259446	0.938586733246854	0.930952721010023	0.863996550116914	0.961021650246492	0.955036799381804	0.842105929852553	0.953192793253913	0.678706178869385	0.968072494955709	0.844469420194849	0.973130009594688	0.93207886961988	0.975155867007601	0.726182544466879	0.869969938602312	0.700073652726626	0.949168149496113	0.903976299013146	0.910493956309388	0.932333280400893	0.968815249743933	0.810846845764018	0.898776900663092	0.849716080316527	0.599887151630688	0.819583728110073	0.944958919065572	0.93491921215011	0.835349913100826	0.947673217312266	0.98008094598671	0.930063138139323	0.881899767456171	0.947526668164883	0.959627838998705	0.984654959569202	0.806784760625508	0.886120287142713	0.92435330904014	0.971932720328328	0.86937950336031	0.911178727626692	0.928010401038172	0.924093375641764	0.936568402427516	0.897611305643709	0.909638375122137	0.843717937502166
"SRR13358081"	0.932193101545058	0.964336256362983	0.882804442893139	0.879695244258011	0.84609937014133	0.987330251098152	0.968211770524013	0.927842350151643	0.891176822791821	0.952385949401903	0.890243052560504	0.910876919026119	0.908730063519579	0.962099358696942	0.967762078997217	0.964746537590394	0.913223750029826	0.988069812499377	0.95103274982157	0.937149750186103	0.970214148883007	0.595438197974179	0.339581109166324	0.979571430537955	0.881072928701097	0.883247232626802	0.971846778127329	0.974607402886975	0.858531236130164	0.997325023336816	0.940865420722609	0.94991896439335	0.957836752823562	0.885263557685435	0.902112499572731	0.931222931286737	0.962616758117564	0.771424515127826	0.981503589419002	0.761089719610939	0.985205579178482	0.891256515053041	0.946440223761096	0.978767070919267	0.987545151484403	0.771411700025634	0.822323723273025	0.809731956018718	0.9617817030693	0.939415129927987	0.93769054051598	0.953165726045835	0.987477256370499	0.903195286369022	0.876447681607088	0.884287230251238	0.695642659623595	0.826020257080584	0.941147278255619	0.926290783287076	0.762820998687964	0.93859777940948	0.974760448039274	0.943366545312277	0.895635283850209	0.977615185677847	0.971077268440345	0.990051546367147	0.876415176547946	0.840475754305929	0.927947255483912	0.988956142459542	0.876495776030629	0.909104396264579	0.95391799937031	0.93068941045683	0.923707684053047	0.936565784264223	0.871745636440888	0.593491633550766
"SRR13358080"	0.768346486044208	0.872852717574389	0.714524594864161	0.583339488859103	0.779378635908523	0.878175060912846	0.779303206660955	0.716682782721878	0.722799591097065	0.818576605116775	0.775443168083185	0.60596323635223	0.708405240811099	0.840235573385936	0.819475911877379	0.868376611331846	0.625440980884129	0.921727139078997	0.873557389992886	0.677963037533392	0.864362889278012	0.431884207873006	0.678723808893407	0.821469073256582	0.782201776105877	0.67496391373651	0.861177714753035	0.884769783251594	0.564663846936494	0.922227168890641	0.85021221491881	0.760735092377218	0.863705962488296	0.736932278756738	0.846885814969189	0.819809375695734	0.681758378513408	0.653705603423423	0.881343803632722	0.728000141537297	0.883159433853994	0.82398042661428	0.909711937537156	0.873699495103348	0.918555288886824	0.718588113604144	0.708240344813121	0.68067252898205	0.78297732583478	0.790234968922089	0.802604770781405	0.782812024979566	0.86017838384765	0.825312612401061	0.646904024253875	0.822334724726461	0.688045040858694	0.817939138553736	0.849071117138919	0.734211650115956	0.583561950254321	0.819584926039899	0.782744528852305	0.868719220133652	0.577147435740309	0.786839139138355	0.916930309001727	0.802921430831031	0.747570620034681	0.678038657702018	0.639407786864477	0.901156162626428	0.667802270083285	0.715561342162573	0.783594511744016	0.664543276892274	0.793843897031793	0.753296346346741	0.728698172187377	0.802416225883768
"SRR13358079"	0.992708634931425	0.986592432527946	0.964363512989662	0.971503783384608	0.913858217420872	0.997178537401339	0.985013416457818	0.981749283778528	0.975617212973548	0.9846716403885	0.975112908832168	0.975175202959112	0.969696299819175	0.991351851255146	0.993168910241305	0.991432258281721	0.972090076566979	0.997561425555138	0.987566834995928	0.988357999988214	0.991788733512518	0.893320479123804	0.878917214355032	0.994723685367043	0.983601750010759	0.963787632250673	0.99388118915957	0.994589700633894	0.969930833371976	0.99905645840687	0.989289972597224	0.982680452153935	0.982570596197704	0.975493854902402	0.981458959339929	0.990502296900182	0.989040818659923	0.932210913402031	0.99450486474622	0.92296691157122	0.995619735051663	0.971649880941044	0.993389470850094	0.992359314362021	0.995911035764477	0.916695568074794	0.967310504063449	0.949496850849073	0.989869860472027	0.979335930412416	0.982622149861465	0.988708932804441	0.996163016008192	0.970994368265835	0.976820017725666	0.970884532877396	0.896987319805043	0.957341206236456	0.985551689060779	0.982975088346819	0.873476325145859	0.982159492709661	0.995939941809593	0.984453862118612	0.97820139605957	0.991594079731278	0.993817401531692	0.997432975149988	0.964516785446785	0.975215184119534	0.979817046443149	0.996831531518714	0.966428928761532	0.976918844519231	0.986228554783654	0.978985417795833	0.978177037818502	0.977585496462005	0.956220089556692	0.875004761608831
"SRR13358078"	0.621361214069441	0.664221638574321	0.375222100883442	0.379427073614228	0.342257826531679	0.774174808908159	0.57730348016207	0.581595569483021	0.422469295520047	0.554685621912907	0.430833935611103	0.514086299316093	0.419556930449854	0.652066422873511	0.652621824958676	0.706819550578603	0.406424629779035	0.759367977172077	0.622186924726781	0.622601239286437	0.626225953925631	0.159891724428853	0.191709809178793	0.705620267393718	0.598587610465618	0.393572977027273	0.733898311120294	0.698934249511537	0.498593897163948	0.868202702840135	0.553463036728902	0.500423142254401	0.598225580982702	0.550242179557622	0.516142153054283	0.529425620888509	0.58583064053778	0.306933245930415	0.638931606603126	0.290033151304894	0.731502614223088	0.43914684898753	0.75618165926634	0.629660589010045	0.740454325131931	0.296743274129204	0.383714958145099	0.277917870081961	0.612959412636119	0.583202317439622	0.619798617210991	0.608153076431229	0.718221192718366	0.399125508735285	0.455789471346224	0.414364922809938	0.29973491245896	0.336669370409984	0.630106299081573	0.503241096817769	0.351979977424829	0.560177620586827	0.667464151137631	0.514845499687534	0.447966403169054	0.574458660549359	0.70948371573482	0.753428792653479	0.380633165941891	0.417269927251621	0.558299224210396	0.756352633812797	0.384271937551816	0.447064665590745	0.582019049054809	0.609912982804391	0.518129220857114	0.519787042583444	0.447006373248219	0.352847551894616
"SRR13358073"	0.26139208636037	0.372077543186841	0.519296064432091	0.251705460187049	0.329985398277088	0.374925687483347	0.287723928226712	0.272259432088653	0.192960114020783	0.361936881489603	0.468830432147546	0.212636573209406	0.320951657519805	0.308058641309699	0.287109106305645	0.490855829488977	0.136616543301285	0.393213971179597	0.534723172025496	0.326288287609395	0.411913771006002	0.426784650072608	0.58177165105688	0.348306659301674	0.301634442654442	0.364562044390173	0.42669775789647	0.41304376915962	0.318433884425402	0.29888397319921	0.388082056902163	0.272074013474542	0.26010404220329	0.40675981802875	0.666452343346048	0.366607276762005	0.278762792849993	0.270510087053666	0.485427902790537	0.519134032868504	0.3997458522775	0.555431591440947	0.302907214741413	0.425108660374938	0.34075028096959	0.416353007798468	0.512483714335058	0.435901863928881	0.255732011638113	0.449135974764476	0.353645899594685	0.314057338584055	0.384982824125862	0.480293318655289	0.241480925721319	0.40434702229516	0.412425875966717	0.534585346894523	0.348414060418557	0.229149463295678	0.267076449843292	0.364230934945918	0.265787042793857	0.352816743483261	0.267863577460666	0.310838803671106	0.42035148229591	0.23338647785048	0.44678095536036	0.325209073682212	0.221299260060934	0.368698658460859	0.366875690696612	0.337042723300001	0.342243137419569	0.260457820936603	0.323252022953751	0.415850772010381	0.274056631130639	0.340267357839762
"SRR13358069"	0.101938509741109	0.184407962514549	0.123434305161817	0.0986333313615087	0.128095728692019	0.165837587115005	0.125804652896481	0.15272797385783	0.0929458896161171	0.141855933432004	0.126313854248099	0.124514458301367	0.111612648375061	0.118973314817435	0.128654097297996	0.219688362975465	0.0776605671486428	0.14664846318562	0.186159015772095	0.149308665042188	0.148995422259953	0.074918121982924	0.144637800659079	0.153943032044456	0.121095348399631	0.117196619673025	0.212187620143643	0.166605265126845	0.141173231197467	0.161097913422306	0.127449532467078	0.101845288661788	0.152184830410924	0.171561702146173	0.190177380423846	0.104743897312457	0.116476921635042	0.10126478042232	0.139351483476442	0.137512873556721	0.168090085438951	0.154102232854167	0.154460233172671	0.14612268877212	0.15013026576803	0.127424202584094	0.124653375450683	0.101210675839716	0.126949820652105	0.194571459414112	0.185553771582544	0.147181198063852	0.146089400091304	0.127436215756615	0.10999073228007	0.109665609366698	0.153941896558868	0.11428168338237	0.190893133684177	0.104280925118713	0.145307006249394	0.147489469011188	0.107189676311405	0.123829013072243	0.108584334377261	0.10584664777311	0.184448197204791	0.115528041876788	0.121517445478133	0.11457936405175	0.136093323740621	0.159171072803867	0.108759896737351	0.109869552276199	0.143439195196661	0.173794338307334	0.136628709467078	0.149550561745866	0.13447595409879	0.121348233819066
"SRR13358068"	0.0827714754843553	0.133203861269488	0.109315956166711	0.0950401588813421	0.108735818202944	0.124828011848758	0.109546509751045	0.130030443360407	0.0744765643489409	0.11163423307386	0.0986446961991478	0.125217153011174	0.10227010898521	0.0920532837115124	0.102258716120787	0.155019237139725	0.0758852021541915	0.093677566167131	0.13252560134953	0.14038380798529	0.112544973750429	0.0665987199790792	0.0785927137470851	0.125384781724572	0.102130780097476	0.108324380767242	0.150245947865799	0.114599686440033	0.145672654224548	0.120310552934162	0.0831931757749697	0.085398910388212	0.110664308768409	0.143594070877552	0.131466688061795	0.0761914760983953	0.118855201124228	0.0879653154595319	0.109611564558652	0.10641162266982	0.126264434176754	0.112662174729185	0.10351247444595	0.109357407221313	0.0971766483903591	0.0921203925177933	0.103580244194677	0.0779274962854076	0.105580126280702	0.157956384653957	0.141318836761154	0.116799628572786	0.118764586177216	0.0948309858702289	0.0950362258103262	0.0844517228024598	0.115468307176142	0.0845680353754428	0.141366969847958	0.0861074219162362	0.149651703814197	0.117389293681564	0.0924331641032332	0.0840112750797225	0.102580035743822	0.0951666414218387	0.111428535010876	0.107138723555026	0.0903788124224531	0.0917765168002506	0.133123990356106	0.115720337071701	0.0931336082393842	0.0964183084047325	0.11960686077394	0.163547721796665	0.110553457756622	0.128411881693586	0.116123191434902	0.0945390178681933
"SRR13358067"	0.114901671934122	0.218174108820286	0.186412777088991	0.201874734146572	0.245061632826319	0.233824911777564	0.176007473773437	0.187944409584825	0.148179732539328	0.213001527044673	0.171997024180818	0.161140251863941	0.177628670976789	0.18149993240673	0.1529691556432	0.24387997096373	0.134050263026456	0.158209570962922	0.263388119176959	0.171095082468471	0.188071945188628	0.103748622187603	0.0942815044494904	0.214473883373028	0.149505566656462	0.207680963578211	0.269719064158111	0.21304797309554	0.154743886713694	0.225792869272272	0.159166129205799	0.147128251183688	0.240977080651913	0.181910698389854	0.201732222010156	0.107197764788513	0.156469637162018	0.166306412908583	0.23487739519263	0.228502443119524	0.215192861944727	0.205350053126524	0.167110794531037	0.197173566839639	0.194655354745449	0.152616376501279	0.140205573002984	0.150053513910944	0.172233477670263	0.259294544104515	0.194770844425623	0.209512526446368	0.28792855596485	0.161555495757172	0.130264951140573	0.142279610882272	0.151349196888611	0.161894917260023	0.219165478111135	0.148494489454455	0.249642312423422	0.22662381308259	0.158873088338675	0.195775759687893	0.188246641569885	0.20175988462184	0.190727356877435	0.164827967570254	0.135998293281369	0.113995975434949	0.18227176117673	0.227886935639305	0.142501692398375	0.174177279686043	0.184010519685745	0.240504862771702	0.213925608071662	0.237713803445341	0.208447005843948	0.201967442972151
"SRR13358066"	0.00924860911802311	0.0315820279189381	0.0265445661509203	0.0300875879958055	0.0361025667462117	0.0220129343817064	0.0228193101318877	0.0281966408856009	0.015185057870467	0.0350756479386457	0.0240200435538011	0.0210655398240939	0.025706160473179	0.0127676763344936	0.0126216991169057	0.0475074814360755	0.013560746439816	0.0110949623472762	0.0595969781322246	0.0150619466735976	0.0284005025379207	0.0144977081978735	0.0480589005413851	0.0240415145088053	0.019111493607055	0.0303133122187903	0.0471017860380315	0.0232770660950652	0.0150231639543739	0.0195569936169832	0.0145002909799852	0.0138680694583309	0.0351596967485089	0.0199883589460551	0.0398205975602607	0.00584896765891557	0.013397125604709	0.0184964192065307	0.0282117890121009	0.0563192730766613	0.0249928699256015	0.0381831366688588	0.0171497582607242	0.0337399404488409	0.0186224504158849	0.0295498484661341	0.0154168330995915	0.029183718477333	0.0193422983208595	0.0482093572009199	0.0404981655465413	0.0294247170013738	0.0309942154249741	0.0357875912610402	0.0151469806494083	0.0254686136483843	0.0552460349909606	0.0241293563036825	0.0283919626242353	0.0134008125455134	0.0394793654259437	0.0213045837462755	0.00760738177219535	0.0212136209049511	0.0232874506300627	0.0200110783093972	0.0250544057731105	0.0100120757612683	0.0240807540734172	0.0121265375893749	0.0248562998556827	0.0276831728192999	0.0161556937581117	0.0173383911564931	0.0262185100188528	0.0395780566014499	0.0210106345500428	0.0373999085963214	0.0233571614955135	0.0281902994277173
"SRR13358061"	0.710945423693042	0.657009723468702	0.577028464427006	0.491111962242451	0.433419619583512	0.786341294927674	0.623407392029142	0.606212827701394	0.450649668268402	0.610184788495448	0.576204988601439	0.584418851637975	0.548730046320696	0.724613537141842	0.693513050354447	0.719359565125313	0.466295097184188	0.763645238517246	0.695683529778425	0.713071416722045	0.682813138243623	0.318049373902415	0.254170776983219	0.735969618235648	0.721269229166757	0.539985804298778	0.721906862292797	0.72333443096477	0.641854171145427	0.845294208753665	0.592270877862144	0.569807145139907	0.5598401630721	0.642518208342123	0.654339921123143	0.637543541874361	0.692957369888689	0.407144671036601	0.73917497656542	0.430787051417106	0.757082635212207	0.573224066429562	0.794411732828537	0.678265557925345	0.709330347955108	0.365222705793933	0.583235564882306	0.404254880192963	0.641278364391295	0.652783230184463	0.623417065823782	0.634230532625127	0.764219518901893	0.525424757308145	0.524299788007971	0.558914246457107	0.377724964037761	0.526166651463947	0.664699293153468	0.5519453076979	0.453917689378064	0.627054035274656	0.733607947454663	0.550771041724184	0.550810197319276	0.667120710979304	0.680745742613636	0.787151383572908	0.488164511399462	0.5303527168014	0.60891808103105	0.75984888741775	0.530618191743255	0.579722619239392	0.640742404306168	0.635337352760218	0.582027966233504	0.620543274393776	0.509437190669776	0.506053576773535
"SRR13358060"	0.987745456566344	0.9850161723898	0.96191334565744	0.967143242082541	0.954477095536825	0.996584106801966	0.98921535932193	0.975817898127034	0.966247921166233	0.985441015113106	0.963545873315102	0.979103389038043	0.978467421225082	0.990541164330478	0.992293172758454	0.983636201059489	0.983247692613517	0.995756776071896	0.982513235836816	0.985032212683046	0.991610074708758	0.681093483781105	0.287143560284415	0.993848829528656	0.982301386275129	0.969271128091116	0.986942098817111	0.991220942784513	0.966101771625245	0.999279861518282	0.974389273046275	0.98445124509382	0.985241363622011	0.961014909206763	0.953674832164016	0.98207871644425	0.992029946401035	0.926137993547893	0.995984216828313	0.884632988932891	0.99494834080574	0.956950300836576	0.990413973132655	0.992530299761412	0.995047299458416	0.80054293565632	0.94463811244528	0.890837148325018	0.990312768306002	0.970632623321029	0.973376272827467	0.984463100820001	0.99715338318432	0.967280899506213	0.962007319759192	0.973141667825268	0.775432323733044	0.94882327867513	0.977807248672415	0.980625397085999	0.927366548286896	0.982516528083392	0.995508250821237	0.980892089682728	0.969001701200756	0.994689856294871	0.986575041435046	0.998271963057401	0.925068416564993	0.93583980728218	0.982080805285462	0.997010891735389	0.952941837917591	0.977911391812758	0.98547242092148	0.978189660929854	0.97817556405389	0.977825098094778	0.961309141840127	0.897911003857397
"SRR13358059"	0.103374413488266	0.126046970555538	0.19998678283874	0.136911143850259	0.137434139775336	0.129684863762219	0.125864481584117	0.1197402935117	0.0685788849569094	0.144696160569829	0.156090272718082	0.115515913145772	0.143761980885334	0.124924023359832	0.0921644521021425	0.176444388481832	0.072728556573722	0.0875816442186239	0.232387646962243	0.128957239341414	0.144831570990249	0.129192656584889	0.123573825489346	0.137948520669251	0.176267857365782	0.164275108350303	0.159713793146891	0.125849827702725	0.136729875755025	0.113642163072521	0.0865438637619453	0.094237875378185	0.101108275891583	0.134875972518373	0.215752177416856	0.0707449325450842	0.128209161239081	0.0970372306892004	0.181538769731776	0.201909939298525	0.146491190542871	0.1852983769055	0.147433168000194	0.159202342067885	0.0912215415864501	0.123184489798642	0.148344929109339	0.143427999256682	0.101542098054974	0.205698599730363	0.138756930695633	0.125198701781831	0.166139572541381	0.163189084338734	0.0882700091125694	0.156156397415763	0.164610395564984	0.169321699276633	0.136678937849696	0.0787676053970439	0.157290292912354	0.121828415664718	0.0823059345348216	0.0957309627098829	0.127631944912369	0.138278030325254	0.101124308400709	0.0976409901788179	0.135382705493773	0.0957588574951459	0.122344567234442	0.132234446283329	0.118683479562419	0.123609135516222	0.137135721683712	0.151000027094092	0.112005983701865	0.183060782680462	0.109022892455031	0.178843679581896
"SRR13358058"	0.128124106606783	0.26348208390225	0.194125696686877	0.133505061045875	0.276104574291201	0.18855798326579	0.17386643632738	0.190322905793413	0.164591108301355	0.205176385545875	0.210089461904049	0.162912875941626	0.178772926962639	0.158237186694355	0.180983436348883	0.254016408792193	0.130288239608298	0.205871464716174	0.23472826980694	0.175657836039897	0.21423505251809	0.118751033336162	0.23707330784889	0.175027709966577	0.155369416365917	0.178712000607683	0.228241950814213	0.218206003199063	0.184346098915119	0.168085332656137	0.200240786988737	0.160244915248467	0.246853707921035	0.241502816764442	0.269163127964388	0.187377943716458	0.148811408032422	0.197304670831091	0.199241043497538	0.23333610697563	0.208586915628953	0.249595668771117	0.201365870518536	0.201747663234393	0.212508802203755	0.223649864383747	0.205246551162663	0.164474132713739	0.172687933901956	0.240965063502165	0.234819250280849	0.183707590588396	0.168947250294052	0.228520978729939	0.158809232859111	0.201282914195769	0.246184166716364	0.229504717940377	0.275332189415513	0.162701021487161	0.245123722517521	0.236505928523058	0.142214575310111	0.224392565130718	0.129411937148662	0.143883123946769	0.264872812432513	0.132891986179475	0.189429468308265	0.176306219360437	0.168876558319763	0.198506791621276	0.172718171529847	0.171934398799878	0.193921269327439	0.194104035218753	0.226180670790718	0.197669315718809	0.233049100073081	0.252592833423301
"SRR13358053"	0.117154134010454	0.177975760439494	0.143579417200951	0.104159546768321	0.137172792075435	0.158832626243522	0.128692285654584	0.156790749699738	0.0960720849287847	0.151265108653037	0.137574554079862	0.139284454978986	0.121883477277714	0.129746222008992	0.136452598333279	0.206632528692113	0.0843961274616725	0.143660934910559	0.175890986610377	0.174892461268499	0.145973869941256	0.0957920825724004	0.1827084249647	0.152423083995527	0.139566950287604	0.129168284505961	0.193122688705913	0.161157182909335	0.179515590207998	0.141565470846712	0.129533223438023	0.109439686947943	0.139003607775742	0.198005773507148	0.199320686755488	0.125022484727057	0.136405860553927	0.116366654770796	0.138233276884586	0.14312459957444	0.163212947228678	0.160509145418672	0.16260406831748	0.137520981525261	0.136167105460146	0.135764978686741	0.154088802410003	0.107425565512231	0.128723237515308	0.198166393471821	0.179846044354155	0.143994590458873	0.137444266879788	0.129714376028183	0.122320993818683	0.117883120965586	0.15882460124055	0.129356488410953	0.196669547637379	0.111684998176233	0.168242099486976	0.157547660724594	0.120743708371364	0.120804121563477	0.117792074012315	0.108835561101093	0.169461350881746	0.122909691623048	0.129864146644628	0.135040514740735	0.14691051756077	0.144630995806094	0.12713207478707	0.124119310721555	0.147649537963327	0.179249559390404	0.146158790267702	0.155344731210862	0.147788902896449	0.144561494901425
"SRR13358052"	0.0426344611441335	0.0831413839401507	0.060881488990293	0.0601992033663629	0.0715081059849524	0.0691164816675318	0.0637562549586798	0.0785933542171629	0.0436495943998639	0.0783045335508552	0.056361031052081	0.0693271022686543	0.0600869995166902	0.0499263940046718	0.0509928257940311	0.101932178966427	0.042248563386591	0.0461728236980552	0.0962678360463533	0.067046779979052	0.0675164425349684	0.0359644339419126	0.0760313122746879	0.0710199907905543	0.0638691230347483	0.0651250056837929	0.100818885698917	0.0656849215049589	0.0683125250643525	0.0665062035480355	0.0455577165282646	0.0455656280831855	0.0761518243653995	0.0744731864549915	0.0800551183526426	0.0318249542807959	0.0564943559309342	0.0504697544779594	0.0632798384940089	0.0763273830682903	0.0718864404256349	0.0712410654255337	0.0654337640943346	0.0694119532840015	0.056559571458556	0.0605460421194779	0.0504950395356009	0.0506300420799111	0.0596595724244733	0.102021140472433	0.0929790914184823	0.0723201201067043	0.0712457731867718	0.0617505365912792	0.0512532661710901	0.0541088014755368	0.084838646719952	0.0507311666318914	0.082657680282349	0.0461424589037838	0.0943131891911826	0.0652557748809456	0.0401045013942985	0.0512432942872178	0.0596415734159917	0.0530255417048093	0.0682549954716057	0.0490392047546299	0.0544004773810491	0.0456453876235106	0.0765700348724827	0.0698436236686633	0.0488593771230254	0.051269985865742	0.0701444410050944	0.103084816828825	0.0625754793583249	0.0798846159645164	0.0678638380187238	0.0686711408319852
"SRR13358051"	0.0521176371673359	0.0871459907825014	0.0847185472574622	0.0640220485924188	0.0825894468701574	0.0664054875487501	0.0744766334603617	0.0830557923496492	0.0475368228334221	0.0777245344765536	0.0689557331406208	0.0797166894961031	0.0689042687430938	0.0626043127726712	0.0576739055143073	0.0988900589119025	0.046390181944729	0.0523367445414273	0.0915744292338743	0.0857588945855769	0.0683360758497924	0.0698831799053924	0.0940699398522294	0.0737405958065938	0.0729731870057579	0.0759485422590513	0.0917032380721814	0.0669977380822732	0.0982046940983986	0.0569313089963237	0.0539376983374306	0.0572125781434259	0.0694845923631735	0.0984662249815021	0.0963675049787512	0.0464575139715304	0.0753002848207764	0.0648271032715651	0.0642512002226389	0.087532828655152	0.0762784296771707	0.0827490345217204	0.0686017795582166	0.0703982066245815	0.0561064976975138	0.0882817756215844	0.0752051313570768	0.066292017569838	0.0616060182442912	0.117466987282873	0.0928842488631018	0.0718391577550604	0.064774400679195	0.0682042264205577	0.0618890613888996	0.0616501220402887	0.103010371023156	0.0658054416676089	0.0930765573429835	0.0526191726993356	0.116327423692216	0.0760023696646164	0.0483907639814547	0.0537412887863453	0.0677586437795914	0.0592786156052685	0.0667128806487838	0.0546957740503737	0.0748785266172367	0.0659256983379112	0.0836469386920827	0.0620492143518019	0.0647162100064292	0.0631156046551482	0.0778697239288502	0.106110310629077	0.0724727835694294	0.0906460186114301	0.080851423170517	0.0867682805313555
"SRR13358050"	0.149666494545581	0.272064829329335	0.3070985691694	0.129118348612358	0.210505029305394	0.205860656239755	0.197915679649299	0.177384007260846	0.122847314564936	0.213904699743418	0.269381326123797	0.128816698655107	0.170858367430663	0.219338890092034	0.173006460892509	0.324396024190595	0.0795076744839067	0.271252675419684	0.316245043985541	0.193656972436691	0.228473183944377	0.340195677481213	0.504219610487689	0.205006621111332	0.166484163697565	0.191403300414103	0.276709091449833	0.262857960273074	0.196406992367077	0.163345130338599	0.263080061195715	0.179906817160991	0.17802673495165	0.278647226494536	0.444790221473175	0.230178302026937	0.165729989736752	0.172722864030013	0.233894662590085	0.315024224249391	0.266196681879418	0.34092118550677	0.218251267227492	0.253405821204194	0.234542627880258	0.381662990270882	0.303657142527431	0.290187048865161	0.148168360737772	0.341124831647243	0.241821596291865	0.186987188056301	0.181357341872923	0.271099142058247	0.152716119526356	0.218055614436706	0.345179999009377	0.30665103586321	0.296111927151371	0.138872884284107	0.182562640745945	0.228729061937647	0.137864242216702	0.216545344746908	0.146995636878492	0.167147642447845	0.293651246516078	0.123954336104202	0.33813889008905	0.245365386028021	0.135291642645184	0.197134124825289	0.209309661721441	0.18425985066083	0.211966347065719	0.1696263553614	0.204280511122805	0.252706001556743	0.186505702639412	0.230921253992752
"SRR13358046"	0.034126142708704	0.0584834511759072	0.0572249168000675	0.0465881521564942	0.0640320075244889	0.0414953266804238	0.0443582785634953	0.0579250878295731	0.033003032047407	0.0510699661173039	0.0520537589669275	0.0539329015447916	0.0488694707692418	0.0381270378383606	0.0358340717771737	0.0707208460454517	0.0310780971327426	0.029270634254959	0.0711366325236858	0.0541004960150499	0.0465896638276172	0.0416986656530694	0.0687642425042933	0.0456959434709594	0.0566524630324821	0.0552003241285179	0.0647834562884039	0.0442284542578597	0.0643571008177701	0.0314478235167922	0.0348215639484902	0.0341817927050254	0.0503605069064376	0.0672530778384469	0.0716045351797378	0.0276851034848729	0.0428781575185663	0.0474739055482398	0.0425978663740472	0.0722928701921877	0.0461197434653942	0.0623948331220284	0.0519208669686305	0.0454538711366392	0.0334804487735532	0.0586327141212993	0.0518013282978258	0.0461846695736156	0.0404929117212907	0.0805307929213961	0.0674310500534237	0.0497565108756689	0.042095632656189	0.0515231970595703	0.0419010076727488	0.0471957307961693	0.0817442915655978	0.0505658352089165	0.0649834609292304	0.0347552170825128	0.0896413721777767	0.0517541469357467	0.027830927062636	0.0378090994401471	0.0463468523007999	0.0352976180072464	0.0455299052669244	0.0292413065046282	0.048218065569981	0.0425464844941767	0.0569332478123293	0.0401284651952707	0.044837872645237	0.042786763025156	0.0512738929931266	0.075297509440556	0.0501201815545174	0.0621766834974834	0.0579975228015766	0.0789322641035186
"SRR13358045"	0.243152071638257	0.298355934292063	0.219477141090843	0.1796319308958	0.316354596076009	0.230072231192624	0.295718436826202	0.22556280844173	0.181758121629421	0.244186784627241	0.193545218692151	0.22960362177247	0.226851857220334	0.313290413218291	0.21053716347684	0.242117207228718	0.208470887052155	0.228498024660707	0.281956391578045	0.2017457910289	0.245335285464264	0.147905564737995	0.0985411250754231	0.239725559858554	0.365277724041598	0.215017286739847	0.23471110060729	0.216349810238409	0.205716669108747	0.287684204480932	0.183196001978057	0.236278245243697	0.300105509135501	0.221383040058368	0.196539806236133	0.162433318343469	0.251834799793016	0.208062796798419	0.246792727719347	0.204990574616348	0.275070464405274	0.216048632327643	0.41055405312182	0.27528417196994	0.268794128951072	0.248347149760868	0.166514360925079	0.180759232099365	0.225121319887371	0.282588476512248	0.246238614657142	0.216407376262272	0.240564442399015	0.224940974256656	0.176918378791306	0.276673061412212	0.223548646560683	0.229811730905724	0.260446687161015	0.193220969085282	0.305938446821288	0.25379127452469	0.181783871107551	0.225759637841773	0.170467351069045	0.253611142982911	0.233377451933822	0.241341022378916	0.211731853961169	0.165170695759882	0.238872684261197	0.255278802160016	0.167949041160921	0.194793160441786	0.249543436323394	0.258444849565591	0.247954071060969	0.250130456010316	0.262964202583259	0.461436439144765
"SRR13358044"	0.150287102831764	0.162348384584328	0.125500498633219	0.103847072711014	0.112570281317502	0.148576623365352	0.155993590472822	0.144169101751797	0.0820494316811771	0.125886332341164	0.10703598665028	0.135937726428295	0.109503707273958	0.181251408063259	0.115098955597407	0.175626418826254	0.084367108892017	0.124726451888555	0.178774858314092	0.149836796773979	0.127924924803433	0.0997518175325681	0.0747836980885547	0.157507503834225	0.222933900149458	0.114257533564593	0.175013764451746	0.131244826197546	0.147049365442954	0.170402966765962	0.0982979153466924	0.113437552820029	0.128192208035079	0.14744090895231	0.135900469819777	0.0813967871705455	0.15182240212763	0.0892057474886244	0.125627707570674	0.108038215107387	0.166676424771293	0.117503039160741	0.246262753537194	0.144568995135642	0.133806361317971	0.131558054672175	0.101406615187727	0.0990283000236921	0.12063581299011	0.195669410775034	0.15779280663836	0.132954078448103	0.142576424608761	0.100816752667155	0.101958711516204	0.118199130531735	0.130623115847878	0.100400525692817	0.152936813608243	0.0947542238320525	0.151345460442621	0.127165928303854	0.104310405612006	0.0934213269036138	0.115351833678997	0.129133309193489	0.128289634940759	0.140941368294037	0.122340793635988	0.102212593802342	0.14693287258857	0.14038553465186	0.0951714674000832	0.10208374362607	0.14337355500329	0.181659079880087	0.118904495857051	0.153384286634134	0.122013719866056	0.199910779546012
"SRR13358042"	0.219481477226377	0.176494480170094	0.194586005962093	0.117294916551681	0.141090719092808	0.148814490950182	0.188489442679483	0.161698096065467	0.096357913838698	0.12949878596082	0.146478334837737	0.170786161675434	0.137082557272538	0.25600407327904	0.14311485758419	0.175404573709831	0.100543090585035	0.150942743386772	0.179973384655559	0.215628528946379	0.135979596271221	0.217003881742579	0.102190837439503	0.170534681259511	0.308007100683145	0.145837772169571	0.160760163511574	0.141413286221841	0.243618271796554	0.14509355286597	0.126862369749526	0.153544146958795	0.117650655516254	0.220223178261281	0.17986246577434	0.14174908040291	0.221108700669699	0.129993291271646	0.134523230619304	0.133447282058743	0.183195183653491	0.148650750412752	0.311537021314179	0.148961357003764	0.134928926801453	0.202949527898664	0.179043585753435	0.139424292763036	0.132259873866983	0.234364403563011	0.163559961462189	0.137580127351268	0.132123480664866	0.119420164483154	0.137186432199907	0.154212298245007	0.168548466644317	0.152239389234895	0.186078149429013	0.118803061776662	0.20563465216842	0.162384306954234	0.142387504221445	0.103990503340815	0.141624005344694	0.151001140575267	0.130146631536616	0.168778416374413	0.18060984821889	0.169672690070723	0.172425026769297	0.126206203731691	0.144789081109068	0.141079954868762	0.168611190511885	0.196105879014352	0.150929986668133	0.183669377981835	0.160141662650434	0.310345011332486
"SRR13358039"	0.996683530057757	0.985794786093887	0.982658966954165	0.994618512337852	0.942160642648371	0.998443422974683	0.993525576148338	0.990500940833763	0.988119771810491	0.992670204714818	0.983467431773039	0.991814104622005	0.989158395947333	0.994337565148071	0.995438303020584	0.992224239853138	0.992574294550703	0.997110803799532	0.99271873166512	0.99369844121678	0.995505517216541	0.948764839944727	0.801655942508079	0.997657945546471	0.993454598696926	0.98741599389423	0.995727275397814	0.995189693051906	0.98360267916182	0.99961796450964	0.987631482589993	0.990708193704727	0.987708715615797	0.974695186964502	0.979270808391774	0.988032615665588	0.996570565765057	0.959199339909867	0.997841156381958	0.954458862125764	0.997333843465648	0.977231890997169	0.99393347007061	0.996471994235779	0.995968590061088	0.915909157235385	0.971816639991464	0.975270762968407	0.995309291679816	0.986656110192654	0.986738638483112	0.99454130015182	0.998803476863834	0.983123722794427	0.988378822100611	0.985074048813706	0.914608545235463	0.966538271058039	0.984179387551347	0.990533563060763	0.935128254865995	0.98566479554383	0.99808665619826	0.986478152988183	0.994207505047916	0.99780024648531	0.990719496464716	0.999224992244564	0.972342148554176	0.980157128272129	0.993370358203737	0.998420532252319	0.979359073980268	0.988673035530561	0.993201951287838	0.991911622305931	0.984471875559511	0.989727275360291	0.96974370974488	0.891181881785096
"SRR13358038"	0.707352142169292	0.753584061788844	0.615184696804179	0.47976565125292	0.489674426533834	0.836753133495359	0.637689416056583	0.632466746039576	0.504002330116843	0.687970984884144	0.665467880937484	0.522405438766508	0.558161166684932	0.750285996112578	0.729955631241448	0.822474535183022	0.420060962350342	0.855061406492439	0.80261671618331	0.681090356000106	0.762841463508112	0.352255796353091	0.543206498172425	0.770583648819625	0.70133709590685	0.552155145629095	0.819534717023461	0.820222893014553	0.565026165757968	0.878552781584616	0.731749202335562	0.598061428433144	0.666951934960012	0.675181432830053	0.793023624242876	0.710598396323974	0.622813234880271	0.436205485018017	0.800133588876708	0.561841668558376	0.818105479728045	0.70433065120985	0.839304764966402	0.765892730666893	0.81858163723047	0.498542732323376	0.637042567463453	0.518353667891067	0.669969933598865	0.719436347757022	0.70982225310322	0.695718792409232	0.804487685215895	0.652830304004788	0.539109729586707	0.638174843047437	0.512353576802565	0.643106464386422	0.752663974167102	0.583930523204326	0.403051187606419	0.685118928643432	0.726788158756482	0.690218180780609	0.536385906965488	0.671482607311958	0.828842107672572	0.752774953356759	0.604587178750255	0.585666613715121	0.562155153071648	0.829999982040726	0.566123126774271	0.599881720056841	0.679964907146553	0.614684107900509	0.635237067738529	0.662631345637015	0.533914622645391	0.542202314150487
"SRR13358037"	0.806107213515143	0.785668112800315	0.594907828129157	0.474650371417254	0.479900588108214	0.857519401192988	0.729163570405072	0.704013260033526	0.57167471422682	0.66248615189858	0.623799997251399	0.657448129878306	0.558583621409985	0.80913004614845	0.793611506236115	0.800244357149473	0.528324276016303	0.880265760216501	0.718307733306385	0.798029463238835	0.745092254607022	0.410535254227899	0.342246880273316	0.812997166519505	0.763029237272747	0.540895747325458	0.806129009223897	0.799503485895216	0.72432529985464	0.911123064913836	0.748570793998472	0.695742697587804	0.680826723227332	0.756244498712867	0.707506922204185	0.786654323194336	0.772752931025693	0.48787090245729	0.75620471946673	0.416388413504894	0.826382644882299	0.611991601229799	0.846551220876777	0.743745272459276	0.845684204082206	0.525586195587079	0.648474561774677	0.457755708817431	0.734973153085889	0.697256138358679	0.725786231551307	0.715769700614286	0.790169047037815	0.547267643850911	0.638267231080433	0.583723625611095	0.407137875022206	0.549572673135479	0.700834110016357	0.672112955697846	0.493783690462137	0.728520515084551	0.830577523687855	0.666637821158862	0.590901115299042	0.709950476370567	0.822490036670895	0.865145541960109	0.60315399718718	0.634554052316523	0.681941764040399	0.826279006778469	0.599400792484239	0.627355522414833	0.723519522942997	0.705711149954769	0.686501167981499	0.664358248638915	0.616153279562809	0.55734591479979
"SRR13358036"	0.975804379077144	0.977547766070374	0.883551117791507	0.867963159226058	0.819346648685387	0.992623920089998	0.965109311695104	0.953594808677365	0.939591395412104	0.942630268760977	0.912832599393979	0.924856945402773	0.877271153719647	0.987043065450519	0.983109202688722	0.978040949664602	0.898561096478226	0.995528524298758	0.949015978789349	0.975855944934172	0.964195314012417	0.769897748338693	0.550783308128228	0.985730169561116	0.935766723613226	0.867943026220667	0.984533879213142	0.987097732909715	0.940368525787839	0.997272567435043	0.979512566481296	0.962749406573458	0.961725660153184	0.960655855943191	0.93653530253551	0.981722523292045	0.97122744571665	0.846067522014854	0.972608757774087	0.728811459332898	0.988808282996251	0.89863073482493	0.984394783830607	0.967031831582741	0.992760289867075	0.865107007158895	0.90840783289621	0.816307096693622	0.969436646312228	0.957097637569306	0.95320037022736	0.966305056505327	0.986274840541247	0.836335124203731	0.931092472941664	0.840622292203291	0.690796741730518	0.833301880711956	0.973195758952934	0.957929037829034	0.792325224900815	0.968415165768856	0.99077639148913	0.961006196518427	0.926199699257791	0.970360179895019	0.987109359633912	0.992997068741843	0.908535330937314	0.939287244880017	0.94046887520575	0.988497047580997	0.903526053809869	0.933845487532411	0.958348947731266	0.951409694868125	0.957405826431432	0.940507964625533	0.922881712794842	0.769708510050173
"SRR13358031"	0.137011659793056	0.23688999033969	0.178486556762232	0.157502208356363	0.269459902931966	0.195078306068023	0.200707815989728	0.199493715827688	0.15311673993071	0.20683325793859	0.17488996054325	0.20417723968579	0.197110483416565	0.162399384454685	0.181183876857398	0.214573564788221	0.172414112917041	0.167969274192225	0.209555012714104	0.188536930248509	0.207584460145682	0.0890552014512862	0.0983593858162082	0.190774250380784	0.179272401056003	0.19110630431266	0.204813199220664	0.18612905543641	0.198535131182887	0.209230934610829	0.147214180031063	0.1671969265359	0.244299085602096	0.208252735100897	0.184132428104052	0.141781519938126	0.191468526673556	0.18388532630951	0.207281875654804	0.185412679800969	0.206543309361612	0.193798535358014	0.191639072484908	0.20192886645989	0.190802015167442	0.158672532839752	0.159724471640246	0.130907990447066	0.190694427913068	0.223269971950875	0.216445662414384	0.186802867230485	0.200022437273907	0.193561854608316	0.157451882603351	0.187965579110784	0.183234826182475	0.177222925157031	0.231720053803363	0.165520289964964	0.276829198226285	0.220432810701339	0.157794333527276	0.187016798702649	0.148638366220893	0.180097992916651	0.197038081144163	0.183210704655242	0.145921553607879	0.140409731524733	0.211144881025998	0.208858491248434	0.154410025052022	0.172899120969004	0.201293441751164	0.231439786820727	0.215124804130977	0.202230667733645	0.230373067247592	0.232472565645534
"SRR13358030"	0.0802682171330639	0.131010601037981	0.112646761843276	0.0723627417072048	0.113224454055763	0.0978544312388687	0.0837405618803558	0.1094051705721	0.0683761339542152	0.107597832572953	0.109534374952256	0.0906211727095507	0.086945700513831	0.0901859693955642	0.0873391043529256	0.15630068510325	0.0531475443636381	0.0934575473660386	0.141621335940172	0.113808123996633	0.101767952637263	0.0852991510554457	0.212496910098418	0.0959740535232064	0.10841986971964	0.0955074912279963	0.139236405198822	0.113164866999664	0.124258407551044	0.0736423749046221	0.0986096207881245	0.0733257774802378	0.100901430963044	0.151433772024617	0.174007259211583	0.0890857428237256	0.0814248918190675	0.0928933585891025	0.0915658727563027	0.13194821068776	0.106652989927508	0.13654128508645	0.12891560989525	0.0947898693815403	0.0897169653813186	0.125716964338594	0.124790649909767	0.0925544058116606	0.0829006530864025	0.152806844982019	0.13503873009018	0.0993730954125062	0.0832124228148786	0.106877936430769	0.0865714691624846	0.0969871571853356	0.151511459014141	0.115600116819347	0.151043324943476	0.0756772092302816	0.131977019088756	0.11497771822831	0.0697087949257581	0.0922341601514935	0.079970446347977	0.0662980485465332	0.128312196617807	0.0632159447806113	0.10799773221626	0.104518642960475	0.0952047280258523	0.0904510805115719	0.0968114027179296	0.0880729286049447	0.101922996839607	0.121492712910761	0.107234576030191	0.11346930199565	0.111917346547502	0.146535278848323
"SRR13358029"	0.0876122165624528	0.215606809970062	0.120931590290353	0.0803211893596372	0.135921319421349	0.165651112305692	0.110303880240361	0.144140542667205	0.0951773981924176	0.148911608009088	0.14945246090463	0.0922368007092527	0.0983009607277732	0.111722543760186	0.123978339231485	0.266894137751972	0.058185408174466	0.181032370231258	0.222094994918993	0.119935697625498	0.160541674015981	0.0801927577093825	0.305004854482988	0.142702778386646	0.0998226699772106	0.104751310977929	0.249548594161497	0.199295083899026	0.105998259519162	0.145536096213707	0.170381577742457	0.0951926355707948	0.175100033693103	0.17588945887731	0.259010838102837	0.12015070292953	0.0799450896562457	0.102640418955546	0.138846592500687	0.173670295568307	0.174789055236413	0.195876823766294	0.165144794380452	0.157749707997667	0.183933686091817	0.173903548636953	0.134433221569036	0.123309820533	0.116541784400379	0.206891162054694	0.207678368571686	0.149141663525703	0.132101631604729	0.15591488691064	0.103192390185311	0.119477884574216	0.20507165040779	0.142330810690672	0.223486972678744	0.0999532172994892	0.119186319893552	0.154846194175704	0.0877839849967281	0.159074259894744	0.0891735590743602	0.0854384065623546	0.26240739724354	0.0802132527920708	0.150010945247785	0.124707626188654	0.103868483819773	0.166625150839975	0.108543213625307	0.101474324994875	0.137613264552131	0.143238702769275	0.141347079215648	0.144140713824218	0.132131422160351	0.1304439283581
"SRR13358028"	0.139278479600873	0.274802036652596	0.207525842151642	0.0995039557414707	0.185933878572208	0.200660609036251	0.1568598146114	0.183603583747702	0.12886886433808	0.177230955452145	0.227345317825301	0.128227159217406	0.13649025465247	0.17904469092051	0.181454213932938	0.312410353615701	0.0774332256644592	0.270367130164194	0.24992066659038	0.195513077659974	0.200490345467931	0.197412222975384	0.430471277777902	0.182964857943519	0.139090452143926	0.146745733883125	0.274228102261429	0.256580096940228	0.194009899848656	0.15662478340747	0.258713403062127	0.151462710649624	0.19106345757295	0.287781280581893	0.37201813199291	0.239396606717393	0.135600847253766	0.163316213168276	0.174816645886536	0.232667195051039	0.230723903622198	0.274872462223044	0.217213305905342	0.19417272569488	0.232385697898805	0.298379212739688	0.255232944638653	0.195451179414135	0.148865899701794	0.280141555868646	0.24794053390168	0.179539722362841	0.14545047413709	0.208720087113997	0.156609266791436	0.166539777345959	0.28658123794622	0.229193714607846	0.307357719426162	0.144561538700472	0.171236733846282	0.224627682846583	0.141981451846406	0.209444012480463	0.122178044530425	0.117234703600487	0.323242301803078	0.115623296385174	0.252102320194141	0.231290099901814	0.135637286734275	0.183492990730647	0.182488471170891	0.15737104211655	0.186524943040917	0.17177264822604	0.203217006096953	0.195256716384278	0.192055611503426	0.195768306730373
"SRR13358024"	0.0815907569293055	0.137283031200956	0.0955424387010035	0.0905116988405728	0.101832760228553	0.133611438874552	0.111417692929447	0.130065679402759	0.0731492829930531	0.127414130718449	0.0899349646283006	0.119277438323624	0.0928152715812639	0.0776449675438347	0.0916507890875299	0.162890295312638	0.0704587396175584	0.0855916503838238	0.143194447095459	0.126244271639687	0.115856847324584	0.0521123731291834	0.089457190520604	0.130955640739164	0.105430929505778	0.101510781018215	0.164296464200885	0.101609302440063	0.121460630486318	0.14302661708535	0.079736239390578	0.0819636462857104	0.120754467540129	0.125469540686553	0.120578703659393	0.0606078765610072	0.109778345414517	0.0774601287019384	0.112913703322132	0.0994345029368421	0.114582277797818	0.105448763582044	0.083616298370323	0.117160663710297	0.10648479625264	0.0831036805405754	0.0837155469591571	0.0720921651723457	0.107734224567712	0.129322910881154	0.145739239893513	0.121440532082452	0.131024647950046	0.0915637214638258	0.0878735048865451	0.0825895164305975	0.0864633791079433	0.0751619690880589	0.0805068741802891	0.0825856226560863	0.134729744840121	0.110979619012218	0.0867971797120281	0.0843782173964205	0.0991637689183132	0.0939416836059366	0.117181319519508	0.109305203129381	0.0802695110493057	0.0621625280011966	0.1307899098516	0.129536559572933	0.0809409483356387	0.0840432188441709	0.119134078208175	0.165920145361096	0.104580238718141	0.126322480218061	0.107545657217393	0.0906027423244413
"SRR13358023"	0.846649024449283	0.903742609831296	0.818093599720623	0.698879978497784	0.795628593537247	0.926994052414779	0.886852925800672	0.785477404159166	0.7489642189929	0.868445552320139	0.82152541243927	0.717727085539256	0.79142623927731	0.912782670524718	0.873957611526265	0.899859204185188	0.725335660140409	0.951252016046194	0.907165659540241	0.782598924216593	0.905829058953585	0.634878529063712	0.581722913036053	0.900883683176937	0.842057985978046	0.764735746887283	0.899213787894148	0.915611597062054	0.674908851457552	0.965883119398575	0.878372372389358	0.857245611387443	0.882351223127262	0.78084935410157	0.870640784448302	0.853730072402813	0.838737090329104	0.684874446120789	0.930654176923971	0.756210752551618	0.936443607804159	0.85133891393362	0.925607806232172	0.928962558645838	0.948147965596839	0.79230642694353	0.761308329307418	0.775793626080075	0.849881509261851	0.866630269240364	0.839810121706221	0.844493983752794	0.925782825131075	0.855971485476467	0.717113809208953	0.855088429620008	0.715605739521595	0.838209910534132	0.870982158521675	0.79325404587832	0.641503552245825	0.856443527893331	0.86731084555793	0.883923027689439	0.711442246041382	0.900039253637874	0.924191198090435	0.91156423916982	0.834296793815175	0.744540378376906	0.747408141854294	0.939403874536072	0.733909289634303	0.792591351689509	0.859990655466519	0.761906986531005	0.83093380586849	0.845069691417562	0.763031897739549	0.785740926012482
"SRR13358022"	0.0818108879586724	0.143508943604854	0.101729973375699	0.0986641918749571	0.106390746872332	0.141019943767275	0.11735273426367	0.136562715862329	0.0771512810934846	0.133929137680968	0.0992073549961226	0.126560314512931	0.102476474688691	0.0936938617623304	0.106254837636108	0.169253798527445	0.0788764095451638	0.10169302142898	0.143633060059308	0.136145044844986	0.121609088476455	0.0559320981869038	0.0944405235161345	0.138077885528296	0.099698975755103	0.106970650304596	0.170104366047655	0.124142937355754	0.131678862968093	0.150278530935248	0.0847272988193972	0.0873034153983679	0.124805350525266	0.134450159483186	0.126999636147719	0.069906896405882	0.118343787729326	0.0822297770766236	0.118952713439837	0.103025183312074	0.139329730707227	0.110584704332581	0.106426893013917	0.122118844933036	0.111820751243539	0.0869729563776894	0.0906023486629959	0.0754616680260661	0.113782220286421	0.162701420610156	0.151577017328409	0.127026186700204	0.137097224651218	0.0956411588090048	0.0936386858463085	0.0831429929736047	0.111381104385732	0.0776074603191536	0.143479785633414	0.0879310671048149	0.14153837837363	0.117765406874295	0.0943671274042444	0.0885580653652135	0.104698862692189	0.103275568059214	0.122645753080529	0.117740686198568	0.0875097482496725	0.0840880463308494	0.138068290110314	0.135385333256154	0.0867156210563131	0.0939011020318584	0.125484424759345	0.173333915347911	0.110792848100508	0.132373301696214	0.113685982984627	0.0840325488162908
"SRR13358020"	0.119002669806993	0.21313850758458	0.167628864110009	0.102439099189438	0.153051995646925	0.173776027108747	0.145121039764035	0.166193340615103	0.106957435756929	0.165242836901408	0.170162234116271	0.134902122082205	0.126740466719375	0.14539414996151	0.151437795412781	0.242327398472233	0.0817555711939994	0.187510084903869	0.196922722769776	0.181325828966495	0.164474456026262	0.136104297978784	0.273784514396878	0.165966748533269	0.127335765201457	0.134943499700099	0.221260862816111	0.192328127345197	0.183153714773601	0.151016271393284	0.170726260876518	0.127810154666069	0.157080251219704	0.226632405783194	0.253419244140392	0.159494962220644	0.140037702779202	0.13111880049846	0.150981913163366	0.171261631827926	0.190813679257496	0.196326243895185	0.165424976121125	0.160955325130281	0.171721463874361	0.195508758771742	0.184685401476037	0.139542117995087	0.135939626193372	0.231523026238449	0.203076438942853	0.156517447570276	0.141049480541282	0.154740174346544	0.133632795448791	0.129325175576851	0.202591345478225	0.156473937902341	0.232688871662772	0.122588135152227	0.168495415075948	0.179538496904764	0.127792021292803	0.148570896857842	0.119991887155794	0.115831210919286	0.217998874200017	0.122900479329966	0.175037927826354	0.167060364430304	0.142655167076022	0.158812242041366	0.144435839069569	0.134881493803456	0.163352194315462	0.17668794538916	0.164786304925747	0.172063640484396	0.162250854329954	0.146706066869559
"SRR13358016"	0.110917765796125	0.132058413988965	0.145919914028981	0.102457744808013	0.125188353616865	0.11801323636886	0.0967606367347319	0.111625832664546	0.0717459867911983	0.128242180266367	0.132865550648261	0.0918189039861222	0.110486649738104	0.124939032140401	0.0859676149167207	0.182025022271673	0.0572739476275112	0.091800476478642	0.231099888808196	0.106575194558886	0.129909068920822	0.0896418722605495	0.17299537662902	0.115372372326681	0.203680363534109	0.124688218784988	0.164889888890853	0.127869585706427	0.108240496956704	0.0966722816710822	0.0948578665645852	0.0770368988539947	0.10875228347189	0.131133108115662	0.210460816137799	0.0721399878753228	0.0868948914952153	0.0891745900186164	0.141051880973897	0.179636636975328	0.128068835147549	0.172107556177611	0.220597562859457	0.13281174104799	0.09604885628267	0.119440355058482	0.127709781689263	0.118286294412124	0.090568828313734	0.178613351333017	0.142708922500935	0.115568361305956	0.128475954267153	0.145245973335629	0.0810899152068416	0.152659082488483	0.164481735001863	0.161820475332378	0.144849173523966	0.0735465046395817	0.130171214375534	0.115899508536791	0.0684567676379	0.101319781388139	0.0969161627345547	0.0940509505512314	0.126477783513867	0.0705298748588744	0.118807028707375	0.0906534988599564	0.0993357329745303	0.120646543993831	0.101531736719964	0.100188053773338	0.116703761351864	0.129446076811282	0.106775151071225	0.145385102600523	0.103955244451191	0.24447942924456
"SRR13358015"	0.184363454046972	0.188905490383416	0.261464328888232	0.172264320760553	0.258785999243138	0.1564684597629	0.193397037617165	0.157677756256557	0.115061724458329	0.198236867103743	0.207354060552518	0.163764675205889	0.209067900360242	0.225665144426297	0.135871644922044	0.197309052206354	0.130121459323337	0.130982126047796	0.28875834536535	0.159634781108215	0.197029151712101	0.179460238940256	0.139683367424011	0.169665725737199	0.337278619993975	0.221075096615616	0.174252495860607	0.160394271676718	0.18038874363817	0.146364326617072	0.129362275721507	0.156311634322753	0.172372496032277	0.183359189005726	0.242777054087755	0.118405522312547	0.183245497393897	0.170402829968206	0.232945090788641	0.259934924788522	0.19186642959853	0.24097215176189	0.312053977434134	0.215548590117943	0.142489928006723	0.201821713927353	0.197708397839015	0.196127298819375	0.146667155079029	0.24934882943118	0.177736611772279	0.159211694939913	0.194889822123123	0.234618969591545	0.128788335868915	0.276260602501919	0.224699659298826	0.275881538197399	0.192701937845807	0.126009758049483	0.254337922252287	0.188992486874869	0.118077500596719	0.16002021112852	0.153141164969264	0.195772380485866	0.144428187878895	0.137550233606722	0.192652177696078	0.138699723505392	0.16678393983587	0.171280616078803	0.165704934524901	0.176930477876379	0.188547472613351	0.185636830926295	0.180172526589885	0.230682853798678	0.186433858639871	0.445648538052798
"SRR13358014"	0.0680105998205314	0.081043309726691	0.128898404815319	0.0876322488462831	0.102314482831923	0.0713282182249728	0.071229306534635	0.081187049375423	0.046688457051379	0.0899589860984438	0.104722682862457	0.078880441482825	0.0934920497046125	0.0750423111856486	0.056462602207265	0.112672468868716	0.0471369435343446	0.0471124638763873	0.149735929405585	0.0859264526770998	0.0862180428052546	0.0844084611761411	0.10875050037843	0.0775028327530047	0.130585069591635	0.109156298220791	0.0985906939720761	0.0750919652162363	0.100747049418792	0.0520112092271487	0.0549528525705698	0.0557284126760047	0.0663845595005386	0.099930558678775	0.147734189928902	0.0466602727729396	0.0746870877360455	0.0735729576912358	0.0992418435018678	0.146634099558656	0.0801012824177551	0.126075445870378	0.1068805655361	0.0870607338342625	0.0494288064730861	0.0861373015468624	0.106036746902519	0.0922733382609816	0.0624834307530887	0.133446409680984	0.0944728379579853	0.0784634828537793	0.0870703515850114	0.106879030744724	0.0615879566409347	0.107022633091844	0.126372990772854	0.1201424357295	0.0949519217653671	0.0518715703297481	0.126258887255437	0.0819702539714914	0.0475851302407223	0.0616347453331849	0.0815386510114922	0.0720802401150991	0.0641792847384612	0.0497126499761901	0.0858688563042479	0.0675480526395799	0.0820690606647359	0.0709972276912526	0.0825939922032563	0.0806483888448661	0.0847847949566432	0.103411154058439	0.0768971646216791	0.114755938465066	0.0809264708543971	0.163869785592922
"SRR13358013"	0.136242479814748	0.137507103219691	0.173123203407927	0.10771535342352	0.140945553494625	0.120161616058159	0.118884422842541	0.145803042291072	0.088234408264341	0.112373342579866	0.141565396737753	0.161464389350015	0.131551697140485	0.133712197586559	0.129283094045626	0.150408245112058	0.091320462609127	0.106371761158334	0.133299674151426	0.213379040675045	0.117644529682713	0.139222936038656	0.114513744265206	0.127898313936254	0.172466307519479	0.14298959508101	0.130746598017187	0.121573814066374	0.262345026502159	0.0877559418572972	0.106304011847073	0.109360977694215	0.0964584951728542	0.229009289934954	0.181783979785826	0.143517295690041	0.170587912457148	0.136609725333142	0.115385899105085	0.136063573953977	0.127773781750459	0.147459489963336	0.155732965524312	0.10187227935542	0.0871448245699642	0.130971672775148	0.201793847709897	0.104622074526993	0.114413235630008	0.18030185580582	0.143903896297512	0.118167228598584	0.103781702551213	0.114372182102218	0.132886488674491	0.119723636705887	0.147270447436071	0.142195158072805	0.175627588333107	0.110347292134476	0.21407624063767	0.154145859306959	0.130552722614492	0.0932082650633772	0.126456090234672	0.102025796845876	0.10978171383089	0.121706760392143	0.125624848878061	0.159530806519875	0.157764793287928	0.0972032534896769	0.151924734134203	0.13970198387877	0.136507843375949	0.175166107132234	0.14448392243221	0.149153719520557	0.158551862955402	0.190343629960105
"SRR13358007"	0.0488919030682932	0.122125368549192	0.101430098758393	0.0445577039225538	0.0959205441561561	0.06295734635081	0.0735191577153529	0.0750716144283006	0.0502045451485511	0.0757198384722965	0.0927013376506028	0.0496405379275452	0.0563869730533234	0.0690544539056687	0.053045452478394	0.137858554742649	0.028180300775603	0.0814617988000466	0.125978494717271	0.0636415503974249	0.07645428192825	0.139772930019742	0.299095061329373	0.0674285221953807	0.0638503735213517	0.0659242710409013	0.116538758057311	0.0843980228203314	0.0693443796170386	0.0453928477939723	0.099711736380222	0.0628633412202521	0.0837788286463556	0.113792577343103	0.179452692929802	0.0671709753980953	0.0495078478902058	0.0728068454097616	0.0624847143791319	0.137005668303373	0.0829559624052055	0.13246024050132	0.0774325252998362	0.0869161338063068	0.086409811186542	0.214010582314707	0.0998476053396061	0.117950212294001	0.0523089425537027	0.136816462021086	0.111449198605166	0.0714705549950909	0.0502448226130481	0.0993559780544309	0.0591653743234916	0.0786745501286609	0.17536306938515	0.109181456427453	0.0976728230208612	0.0505178337237678	0.0902847257235524	0.0867618439140462	0.0360039201413157	0.0833994111867266	0.0513869192848746	0.0464435382302092	0.125447484597764	0.031777394618095	0.141979848915574	0.0832387184368905	0.0533072986315308	0.0619193284609156	0.0715371984647632	0.0576439989959571	0.0782056384292233	0.0747533945820195	0.0801999335961577	0.0942746638672564	0.0830972813292524	0.126001967806708
"SRR13358006"	0.102266215584439	0.174497608251896	0.153873859042121	0.0783779133481684	0.135232868354162	0.1190295117263	0.116863918492634	0.127346328784562	0.0834427426188729	0.127037959926769	0.141681538004184	0.099698784596642	0.100285931868271	0.131805204557571	0.109981736892732	0.194565744123981	0.0583895357921368	0.144346929708808	0.170305735433901	0.136678794591703	0.124801193681271	0.162116329600779	0.308550142679202	0.120689171633135	0.123276889538375	0.110091715345106	0.169233376015361	0.147046452684289	0.147880853271447	0.0920362807637017	0.145646848240403	0.104644455742393	0.120422338366172	0.193791994958646	0.234232790273212	0.13245676053445	0.105685974375096	0.115169478071117	0.110271167175279	0.163757750571959	0.145888093264448	0.177095717891099	0.160277578762771	0.12692865133345	0.130486542926855	0.217227614316136	0.167993285779548	0.139262799577906	0.0974938475957518	0.203917793171732	0.162780666192646	0.117456837540158	0.0941844760773602	0.135079385280694	0.106210930511868	0.119478908899186	0.207711523085174	0.153702488250853	0.193925743544119	0.0930289010983316	0.145572720211336	0.145011228360244	0.0868722361117201	0.121177764916425	0.0924017098151193	0.0859182752972568	0.174975828253927	0.078322264014173	0.174411558781332	0.150705228850765	0.10406047872354	0.108279408132915	0.123091717509326	0.107622993120318	0.128702309580142	0.131864266609464	0.133264969990653	0.143019510788191	0.135185118487319	0.176872135180425
"SRR13358005"	0.157104464372952	0.311978409899493	0.279221674618943	0.152584844158836	0.205497731001174	0.27626934628853	0.236188918180703	0.204816052930881	0.135962970128461	0.248815873862162	0.25853647622946	0.142973401319153	0.183412193360412	0.236503813451396	0.195342881442063	0.381429318994988	0.0945891656986539	0.31246984249424	0.374417881296696	0.193220055598019	0.275488346974737	0.245741294271623	0.373703898441303	0.262030438418153	0.17468710973853	0.198846676939824	0.353689082063111	0.309066919745109	0.168311360333749	0.27709148890626	0.266468197870536	0.193531508598182	0.230518200059557	0.248269696235895	0.420019586594111	0.194607916754015	0.178284444971246	0.153052749064886	0.291348422188176	0.299652675744313	0.328240128324761	0.332095825869483	0.242358243600099	0.31991560267583	0.303641092630083	0.329719765100565	0.241801773195946	0.272224409472427	0.183632431004895	0.363779251668382	0.28108677841241	0.231147366367952	0.264000390056158	0.280127849466912	0.153259230846865	0.220897633791342	0.315357344772185	0.267299141541161	0.304447121748865	0.150877264834994	0.169820641932816	0.235367690443235	0.155114036544112	0.239373073136526	0.165128975681658	0.213476342165371	0.339621522215297	0.168589361323484	0.313687457120975	0.20660044504264	0.158711890353616	0.282843754147201	0.187388801649868	0.18403359964363	0.242595288744373	0.205706560910208	0.210057169464041	0.278894695177888	0.182534738596199	0.18957677541024
"SRR13358004"	0.0622938655243096	0.131295309568657	0.123667375589365	0.0542901031220396	0.111633171696026	0.0729010488689345	0.0799381657345032	0.0884633780763718	0.0594525095159206	0.0927631890967029	0.112416944409448	0.0640601393095842	0.071222732736407	0.0866625948991495	0.0700550632321203	0.147877853853467	0.0365859079214962	0.0972670447027581	0.1313375120268	0.0876200194648797	0.0870681014977525	0.156871073747558	0.366233592911868	0.0769451959906098	0.0781669623518052	0.0810555543561169	0.131332466030751	0.10362412986954	0.100748728799937	0.0484844594609552	0.113456774165543	0.0729678372561741	0.0878360190241852	0.14779501115717	0.205660105704979	0.0949461842073247	0.0644602058138791	0.0917179265372519	0.0728839534819188	0.151184961112904	0.0981217019281346	0.151251542501087	0.1035876899866	0.0904160592540117	0.0892852404137876	0.214776298206237	0.135694221365129	0.133111640940554	0.0625116399146435	0.1624495081999	0.12247235573224	0.0809763484944349	0.0566698442947611	0.111727494738472	0.0749826180453631	0.0909613784934836	0.202553114762431	0.131667464254954	0.149362709455019	0.0628924140307222	0.113295408872909	0.105815092883931	0.0496170643639818	0.0931079267681734	0.0628182266306831	0.0540743584222539	0.133933592092542	0.0405895011145834	0.153641912227854	0.118856685511813	0.0666144403252815	0.0676188367000645	0.0934428853899859	0.0760300190864873	0.0901339848250682	0.0883264191437984	0.0976632539551234	0.106504375740072	0.102108880923864	0.146713878599918
"SRR13358000"	0.024237924877927	0.0664342457008322	0.0340972870264798	0.0447915925194808	0.0528676488772633	0.0640346400435043	0.0654082043107071	0.0651182237374318	0.0328097031191893	0.0759142943283558	0.0389403974345682	0.0429871186179083	0.0453012229289646	0.0496833555228894	0.0410619498664355	0.0962026756186744	0.0353661415840016	0.0307979194725445	0.0945720472345691	0.0329548002366757	0.0607309190254313	0.0144828529905385	0.050450045997378	0.0591503046457879	0.0419733853932591	0.0462495760801931	0.101414173053101	0.062969943608683	0.0277885737506506	0.0737099198918784	0.0328745002876302	0.041460889308909	0.0898530610944106	0.0361252006678457	0.0483919746123623	0.0128334684617417	0.0296565764163185	0.0330829898221444	0.0528960514410204	0.064481487517286	0.0623962476466753	0.0575934415697533	0.0600791384129234	0.069587722357664	0.0676696637173568	0.0397765258819912	0.0229475837141853	0.0344442138731049	0.0547709375610904	0.0763395934172126	0.0904945362103919	0.0685166466838063	0.0707199488630822	0.0528295603338358	0.0294382162559836	0.043147079781372	0.0603439692674415	0.0376635054505187	0.0632880505551944	0.033365917119925	0.055662002580449	0.0425306104538591	0.0207952396260429	0.0479235980032027	0.0410522845365232	0.0449530558148351	0.0607309135453887	0.0315951595196609	0.0393833396064643	0.0206789562898674	0.0521203027865139	0.0809276116861017	0.0256356303744223	0.0357085095113269	0.0567874561331293	0.0798108345780541	0.044061415565152	0.064444474110499	0.0474353967244713	0.0438660843226245
"SRR13357999"	0.125440033404483	0.20564706462201	0.143668433266632	0.117581927907874	0.142151188460421	0.194544399455835	0.147878270913635	0.175878707125738	0.11491104576462	0.172288751176471	0.144838681889784	0.150305069864917	0.130366948161821	0.142778060396568	0.155215680311483	0.240469456675018	0.0940087831722369	0.172763944955518	0.200970270153459	0.184377315256396	0.169807148065762	0.0867768605711287	0.173209540335744	0.180988777666554	0.143523713316903	0.135692997127945	0.242428607398779	0.189499521866584	0.175789274064885	0.192412500094028	0.144804303302326	0.121417381902609	0.166881445580761	0.20139942996135	0.208079971515397	0.12895632628228	0.147204127346814	0.116775897952198	0.16186813347272	0.146273959893756	0.194695527451185	0.169085182376242	0.177994432528438	0.164585884434429	0.170622945100974	0.137258648134641	0.14783011335217	0.115681889976475	0.14964641254237	0.216756008599419	0.20525569258212	0.167643440267045	0.170440820211665	0.139899953678991	0.130299136873447	0.123573062557416	0.161622421833078	0.127915085555461	0.21525444161292	0.123816976551715	0.167029577251645	0.170950392127071	0.136398545079048	0.137922530574802	0.12829428687894	0.127209494466172	0.20223544689946	0.148137827862087	0.135638726329324	0.135629624100844	0.162343263540222	0.182484085132425	0.128422290126188	0.130738908557917	0.166226182956343	0.2008273912898	0.158053343869522	0.170440257475305	0.154979661829544	0.133994658181533
"SRR13357997"	0.0547362205765681	0.103161222838113	0.0903266514089525	0.0601494584604788	0.101115597431045	0.0889364974646413	0.0972941867930886	0.100573273188945	0.0577887015923225	0.105239330922381	0.0973341180905234	0.0706151944608787	0.0818278051012192	0.107402221845754	0.0868565662012077	0.139978234212564	0.0546946261225921	0.064865523656081	0.125191280563463	0.0801244657248706	0.0944236381692687	0.058241839937024	0.162175445092836	0.0819930451448093	0.0785792376078376	0.0856358166001055	0.115496894535613	0.112546037809662	0.0854950775060968	0.0661194983116057	0.0816292962953002	0.0848525728928784	0.108213392238936	0.106167795298736	0.127673373965216	0.0559692513405737	0.0590841123513354	0.0859696327856639	0.0796737371234533	0.130727794584748	0.0931016471846129	0.13225434328212	0.115236558146521	0.0900508713452297	0.0995393349617302	0.101799234648276	0.0956344084732401	0.0712282877472528	0.0838867186192971	0.124389838591646	0.132744658746293	0.0961064288247491	0.0763838695563208	0.103131389985152	0.0636379116713442	0.088792913591577	0.122237228286584	0.117315111439819	0.134654704225221	0.0667898229314268	0.105652941951445	0.0912310274484673	0.0474571475944242	0.091167239191806	0.0658628999279381	0.061832005357055	0.105901505182315	0.0465816703771573	0.0977664119829153	0.0704052530108239	0.0759860016179563	0.0940307720511609	0.0734422315073109	0.083990368978672	0.0924705444039232	0.101139716973192	0.0925109901423417	0.103831257971619	0.100476369381691	0.11284795693782
"SRR13357996"	0.214341643196968	0.417538452119235	0.331957367570195	0.19430499097802	0.379712597967276	0.311692664670743	0.323791898712456	0.226303034737876	0.196577318719676	0.372699874018046	0.327357093156105	0.149428941846071	0.254645989219584	0.353151857183504	0.218482829830254	0.432633205552395	0.142784639045673	0.376963296185729	0.537035989565013	0.148009660019898	0.378547634747827	0.255134089761456	0.479659687076186	0.293659512292094	0.32700814989265	0.258367858738746	0.402710732969059	0.369475560387072	0.121878044390871	0.370451013052009	0.333515041659464	0.261777480366291	0.397986682894604	0.227033997789079	0.465126988746925	0.198748820529603	0.174802644116605	0.216763927183253	0.406159640671458	0.433326456766583	0.401116655043232	0.438644647249703	0.469132854925181	0.463752691570346	0.435729729476328	0.456153265175585	0.234150561950599	0.378506895019544	0.231111750384667	0.418916627796453	0.338788568015712	0.281739269568235	0.343911756560078	0.437200776554609	0.163738527438409	0.41550242387188	0.426204489866608	0.43012668119242	0.356882512135462	0.189682447226018	0.224630823953201	0.301716108090287	0.146335804432111	0.386257849508711	0.170242300819991	0.297740834237616	0.446426767714958	0.173272224750046	0.39840443184951	0.199992938367049	0.168703259227917	0.387870115122776	0.238544487378428	0.21920202315272	0.300415981512083	0.212305892783639	0.280470222655007	0.343399927251507	0.248852406038855	0.493123352570955
"SRR13357991"	0.722530043932153	0.75893271314239	0.721560689663503	0.599515233095424	0.530209448696934	0.870318788567354	0.740272889718393	0.679244913841679	0.534366500449023	0.737832298810271	0.709799641905739	0.630267772395102	0.654556083407078	0.756709446047092	0.76251074381835	0.826048397028042	0.521419802968193	0.854267930771554	0.811822763883314	0.760064562482175	0.802816407039869	0.468937467172364	0.39488772647591	0.830862327257039	0.689994809377706	0.657744342256256	0.826249813231846	0.815593045103548	0.667295659912611	0.916842237508536	0.72044487759561	0.684464529551742	0.666636381100442	0.700276375247292	0.797217743628252	0.716750262751882	0.765115218620559	0.476311463486701	0.861864416607314	0.595638211562579	0.847063459195398	0.726153840179641	0.736710282621553	0.821355771739134	0.826771254865539	0.5090456855614	0.688748505353264	0.583497616331434	0.729163212742066	0.74706572095942	0.718869988424901	0.738645538939489	0.870244563510275	0.690978276895691	0.591127190194699	0.657349815226508	0.470706907270312	0.657061437328234	0.679805043632725	0.632114349315897	0.485713354733069	0.717029406183802	0.799296483310921	0.686351782359806	0.649738846428957	0.79231714150761	0.794196775027132	0.851758740482394	0.647098243344805	0.582899060956432	0.661563435390195	0.862930854449241	0.629571071803057	0.676311356675938	0.745906838409525	0.692366261978941	0.668905260065561	0.745787638430393	0.569830215347411	0.44155489606614
"SRR13357986"	0.576892096765521	0.588227613679017	0.568686176217333	0.48606728947936	0.403276281114516	0.744299590721769	0.559039557699539	0.51721083861549	0.360840315423283	0.6096420581629	0.556394904802585	0.463895296876723	0.517978507135852	0.608031124868718	0.568574987693201	0.705885435658897	0.363713623106859	0.663518402532524	0.743660623746204	0.568042435946117	0.670661767857688	0.271168464219782	0.282835531004286	0.687564096014565	0.638217435132978	0.52930191209361	0.708236854683372	0.668391092549176	0.46504940360946	0.812990150055934	0.506880937643224	0.474611643194848	0.516725284359401	0.500751177150333	0.666716572987633	0.456527575584474	0.568942314084012	0.321351980354576	0.761909732554188	0.498581311357945	0.707326084087065	0.594243608038663	0.676874845154299	0.695170682529584	0.649487713914017	0.319810149259375	0.497120728708146	0.428543383562005	0.55999513023198	0.611588994768984	0.571784414073614	0.592205851561406	0.777181912177207	0.565919703676684	0.401952391566337	0.559256361944178	0.360977338953844	0.532250291860491	0.523532469865029	0.436720061110517	0.364151421329867	0.538214232506324	0.592652771784973	0.513508113322665	0.500078160517647	0.644925305765451	0.621352952678918	0.680009992672582	0.453245731968633	0.37219650527864	0.502401564301909	0.749571788963013	0.449030671190929	0.507962378766749	0.585823143612427	0.552556066288931	0.489707663131164	0.610832134313512	0.400021017578882	0.42708216439336
"SRR13357984"	0.375284360058161	0.442192208622559	0.534777985161554	0.409985944798113	0.384582085971432	0.556098955743036	0.400925781707977	0.380724151404867	0.293183611870298	0.436841349069928	0.470579589579422	0.326117646220116	0.392447255549768	0.513683990808528	0.405212247361546	0.541554281142523	0.242747082699586	0.497517380375019	0.57085016195488	0.470569561217067	0.448606028735945	0.426141985284943	0.295123245045694	0.513780737046688	0.394164724511406	0.456338289173854	0.55279240471597	0.531617214451897	0.422319565913634	0.523162277413373	0.448160895704845	0.375189821074172	0.367965031170877	0.466468693087119	0.586971077721744	0.405858737552446	0.432113198500018	0.335609404790306	0.575142337855786	0.487485439719246	0.537153392681553	0.513262912010027	0.440368309726853	0.471562260154723	0.458019454326782	0.382114258679237	0.48189970209729	0.419489221393943	0.374550633875377	0.561586811916753	0.393191441988614	0.441993508369392	0.606081206422693	0.395090079391184	0.314221079437032	0.356999579716218	0.329678380936896	0.458917892789812	0.483260903226683	0.337089062507936	0.379489025373588	0.483944904705243	0.468229689852016	0.417627242331918	0.436019831883277	0.490653580083973	0.446654214243212	0.450763654771663	0.414907498217396	0.370379831789067	0.354265051790011	0.503622850216703	0.405615645051928	0.442069206383187	0.425313561331706	0.426891328767715	0.438390398198745	0.524691681451286	0.377130781109338	0.376785834212597
"SRR13357983"	0.0820021255110774	0.140113334049359	0.103265764532445	0.076705215275077	0.109374820347958	0.112571875760373	0.0915074559628121	0.115995856830297	0.0707228811927854	0.107800572731994	0.108169091457673	0.0937417680055428	0.0876912079576751	0.0941607640462028	0.0910618378345926	0.169101480805174	0.056764491727214	0.100066029734893	0.153953366361055	0.111104233475273	0.110124386101046	0.0690858999473617	0.147395987082085	0.107884930260628	0.111614461737963	0.0945839173598561	0.157951217644571	0.121425186749747	0.112231241276391	0.0970799902209059	0.0974283159427716	0.075243527762897	0.114229976751736	0.139202868981528	0.161907910255941	0.0790543637518598	0.0831623312184108	0.0853746694380807	0.1003537963761	0.124148693680099	0.118759177207465	0.130193162303258	0.137859681742706	0.106706401667443	0.103136985371478	0.114119343005792	0.105742840607054	0.0872725922620113	0.0908076045577337	0.156607263770725	0.14441491380176	0.109086359955886	0.0993822905890516	0.105504958307429	0.085058599678482	0.0957087238934916	0.141351598588233	0.103430827081816	0.150594347410603	0.077381109817138	0.125179123726677	0.114238035193775	0.0721528858144422	0.0952785382992625	0.0829501512332812	0.0741088612256027	0.137591633748513	0.0727287515825286	0.101622034120847	0.0932072973429	0.101389879574499	0.108071168217931	0.088605510127773	0.0854722352941562	0.10771397001175	0.132109288246047	0.106579324517635	0.117453645446118	0.108789018649743	0.133542768624769
"SRR13357979"	0.0577045693010963	0.0834710132705712	0.0924145616945955	0.0660873368386407	0.0895479094570985	0.0644008901360703	0.0668961284794491	0.0853617604894588	0.0497291581896298	0.0763812496876839	0.0772609058081616	0.0860448607100153	0.0743134888577662	0.0614925225992545	0.061588494747886	0.0966506968243476	0.048739747526765	0.0501450594687026	0.0896541816629141	0.0983343592428859	0.0684426561428145	0.070534495241757	0.104204373373376	0.0700959059984904	0.0824630603233781	0.0827414334907256	0.0862135470714981	0.0673783841413791	0.120306984063295	0.0474950651301775	0.0556723902868438	0.0557527529864629	0.0654794057793679	0.115136189772801	0.106934100212065	0.0562568602571474	0.0775654986288086	0.0747181399614145	0.0644459543257743	0.0945988399167336	0.070424589864519	0.0899811180531599	0.0739887022679722	0.063232951398009	0.049452265072938	0.0826858674317413	0.0942041129327422	0.0652868984139448	0.0624048860958836	0.113286360343117	0.092395737774687	0.0711723721783785	0.0608138087926116	0.0720264544557152	0.0684568998874307	0.0675169436950512	0.105065206551109	0.0771438550450271	0.0992828145872829	0.0565141246020512	0.130907502856754	0.0823706800960844	0.0536156235093949	0.054992878708728	0.0707518010985755	0.0548354976925294	0.0654469037480149	0.0531309566785967	0.0724589955460689	0.0753756200546353	0.0876300973388467	0.0574495132928565	0.0758642549586689	0.0709011278419355	0.0773510525053886	0.107405921478965	0.0785845195058311	0.089908669988362	0.0891598817229034	0.104330255982949
"SRR13357978"	0.0750223044183745	0.110603475806623	0.233480234240606	0.110370156119601	0.154094664229365	0.0915685965203789	0.0857621567445428	0.0984491993195214	0.0623968511075774	0.123573937191273	0.192773205894805	0.0888101219486723	0.134024738573199	0.0877327236642071	0.0790428964918718	0.163154258364652	0.0523624061120692	0.0764715416036804	0.206949253608794	0.117664429550315	0.126317411457727	0.181011745611025	0.280976293820623	0.096324054669582	0.119917056091486	0.161978567773059	0.128673724277443	0.11634976125992	0.144942391874509	0.0518795084245079	0.0991860817019938	0.0778391152914466	0.0793065262351737	0.161971335494738	0.299625531948603	0.0960487445119596	0.0923259184687321	0.117522518572109	0.152223833609467	0.26622578081036	0.109411653702136	0.2371007306657	0.0994604395008183	0.121969170471992	0.0670382446976763	0.158008181471535	0.222240802896875	0.171273925339496	0.0763757782081252	0.191311223023279	0.123730060474948	0.100236131995643	0.10708973001564	0.191268344207333	0.086261425417702	0.158487967120988	0.216660286013662	0.234562156707687	0.146957062220562	0.0708593797672862	0.158946847870179	0.124480551112721	0.0655860436811446	0.100872044891448	0.104933006008076	0.0911294384250573	0.102249803978186	0.0533483189507214	0.157567043954538	0.1231263269509	0.0891595596213321	0.0888995731537249	0.144719737143875	0.127109991677051	0.11354018646875	0.109171570756527	0.113495464210384	0.162564983012074	0.112658461503239	0.183489783428681
"SRR13357977"	0.127501190643718	0.159664154649715	0.303923136017881	0.16522486407448	0.223556892798608	0.114891265928267	0.102966041644304	0.139884236668144	0.120150828845884	0.175285039964509	0.296046687981412	0.107387866758355	0.172801232425911	0.123745791850656	0.108500427834217	0.237476790203067	0.0720426931840509	0.124127640435966	0.303704505986333	0.136420491660207	0.178188461117708	0.365012101113164	0.706944879819447	0.119773425947833	0.186100129633055	0.211869077854747	0.198256001401049	0.175791271704495	0.16517832258487	0.054466827688694	0.19752142256672	0.108653282099737	0.128868767618389	0.226618647567758	0.455940430606424	0.169721741141497	0.0960091851067242	0.203878859506404	0.183342227484785	0.430634398488541	0.142435157163131	0.368088945557441	0.178635582532436	0.170111243992423	0.103989261181343	0.337590907116239	0.325971599015444	0.330406243472755	0.103258206963403	0.256518650423219	0.186919752946447	0.148168846519569	0.1167193488454	0.31032495452433	0.145815277580472	0.262939167207731	0.409843299429926	0.384517642035026	0.226389796315552	0.111112860245989	0.189577789847364	0.17611163223925	0.0833350012932451	0.185211117676863	0.149156214010519	0.103697755537329	0.193648442128326	0.052196628331757	0.283284056540466	0.232080397910585	0.108142245650404	0.115192117951935	0.218411191454002	0.170785788370144	0.153224983204869	0.130451404934036	0.170634668301347	0.203329997964836	0.168330795222627	0.336748486923111
"SRR13357975"	0.0405750674508717	0.090586176923261	0.139388761204418	0.0593318956655372	0.0983648793058252	0.0528227451991793	0.0728826065889638	0.0612658050542961	0.0390073319955448	0.0783703546660759	0.106540059539119	0.0453026694846313	0.0692427167166209	0.0672972819985459	0.0413814986642715	0.117746328445833	0.0271506965571884	0.056680514455547	0.146743795456385	0.0530996212542831	0.0757302058899463	0.181598606193057	0.259739109206824	0.0623957896919849	0.0659725645556429	0.084289172266776	0.0959842569980303	0.0734072484872933	0.0613134596050269	0.0365397404667484	0.0718941883052502	0.0571234050971033	0.0627178584271844	0.0874576665774533	0.191266443536144	0.0462562728269103	0.050714601704255	0.0661919090680228	0.0793172773513546	0.179657783473453	0.0809925356008898	0.149115074404588	0.0668493590463508	0.0956260794713905	0.0598999688899057	0.197030909576687	0.103893408481723	0.14689876681267	0.043850773983732	0.155297573875411	0.0890662013983101	0.0636660748834671	0.0588804429891809	0.119343189815045	0.0475670578863278	0.0931165689638681	0.197391679833468	0.132764633751915	0.0955685366003715	0.0393908702569924	0.0912077093011074	0.0721405900716731	0.0279785342053869	0.068174533961649	0.0574437162254127	0.0591231998266575	0.0795324554046764	0.0275602838115991	0.148584836043047	0.0746562899432926	0.0481255520697747	0.0559896960684947	0.0716981992535582	0.0620696355896002	0.0747362418162568	0.0666060634388346	0.066359393348459	0.109784212934412	0.0674558729700329	0.125102828359554
"SRR13357972"	0.181760664936793	0.24297703657841	0.175060405230167	0.124403509463041	0.161802711467793	0.224114700445403	0.177369498458704	0.198146680329247	0.124652653191996	0.179743208256899	0.174169696616428	0.166803824089748	0.147330318371607	0.207408312564213	0.184726500074553	0.27565603508171	0.104437974329402	0.221831773962242	0.243552908373632	0.21555926589104	0.195942372330713	0.122001668967305	0.179285076625458	0.209959421439607	0.218303203455429	0.153023709669759	0.263014437607872	0.224957876531786	0.205899931423627	0.221120053288138	0.183474083370588	0.149908745102662	0.187624016960705	0.241180811214563	0.25208284324062	0.169717599594496	0.175715909101681	0.137489848839621	0.185908400920232	0.16854633751302	0.232936542370823	0.200760322153702	0.281525543771851	0.193782920633675	0.209586900941613	0.181832972697465	0.18404467103572	0.138898895055289	0.170542802778792	0.254621524134844	0.232674079837538	0.18963761897764	0.189076505866749	0.163622476922646	0.152836292552637	0.1614239519948	0.193047817264569	0.16695766431977	0.254218269202879	0.145390820176746	0.183730058185817	0.201786401669511	0.163975900812126	0.1648948482707	0.144622928358644	0.149261795347679	0.243819518624104	0.174009556313867	0.175478295009588	0.172183684925351	0.178712317366387	0.207171253230137	0.154166949462333	0.153417498407434	0.193492689086709	0.217963178455855	0.185300303551221	0.19698545036254	0.179033797077407	0.212876731673582
"SRR13357971"	0.135278614075974	0.181494894547284	0.1884539632306	0.103661492959606	0.154434927041093	0.144038933118173	0.139343438186525	0.157065995346031	0.10022055431011	0.131993943692595	0.166110970401481	0.146703669167343	0.131665727558492	0.153950788537529	0.14434154976357	0.19799178343351	0.0849572173137525	0.155749654898688	0.167308585732346	0.203228108443822	0.142163988083681	0.17616007731659	0.195043550746653	0.147861953491209	0.154569097546861	0.14256542460953	0.172577671523583	0.159862589155576	0.231427769411332	0.11115836379959	0.150515355158984	0.128229726119	0.12395024486629	0.245316953724631	0.237767555052867	0.171392111868569	0.161603400625177	0.14364307655772	0.133166664978841	0.164936371209728	0.163934279777821	0.184775639172475	0.170628800571988	0.133795012406388	0.13064904862392	0.195478249639359	0.215882993653804	0.13863566667055	0.124611430126318	0.219160554887748	0.175287887051666	0.136767155492818	0.116614405836619	0.141862303801588	0.139223319043322	0.132638991374417	0.194249004118717	0.166792812459231	0.21493670664736	0.120125357739674	0.195302273271878	0.175173077263903	0.132106944885422	0.125216081374225	0.124548002847995	0.111424548794531	0.166178004879861	0.121218111399238	0.173747535528556	0.184363216196641	0.147680532201162	0.122372085927069	0.159738888836064	0.143652451637561	0.154812373761372	0.172383407655928	0.161790929418419	0.167482876077147	0.167888027971272	0.186156948110876
"SRR13357970"	0.10857330324719	0.173108414530721	0.137027318238578	0.0978526956583656	0.133324304077211	0.149962144191993	0.120729047617132	0.148919069369052	0.0917499523625914	0.132980659771946	0.135941370583296	0.128526937249423	0.11498544470773	0.121745590403714	0.127914726751093	0.202650878691479	0.0777501244766726	0.137729740112444	0.173111127542785	0.161406876056867	0.14017571809067	0.0924933547803739	0.154876357531173	0.143284417017448	0.130636645557781	0.122404305456116	0.188543164178634	0.155956070675554	0.165188615112076	0.131283814167096	0.12672424916673	0.102872505773522	0.135537974045779	0.188973281744967	0.19811028329072	0.118487086645195	0.123530006677339	0.11160486984774	0.131201090809207	0.142756386650704	0.15534779078813	0.158495201616567	0.155824648789446	0.132388908985961	0.131687186583818	0.135730251015624	0.147518371659861	0.105809545137379	0.120977883295696	0.191934105712292	0.174890802282426	0.137683475505684	0.129019030932138	0.127581132783833	0.115443005486333	0.114175475409317	0.159707852822217	0.127074498034971	0.191119460350607	0.105300249330597	0.159277694295136	0.150716900899996	0.110186296638038	0.118447657877528	0.110115930619844	0.1007674762002	0.168000671091713	0.110265325193466	0.127338166504235	0.129160379115773	0.136157535667213	0.137815663591615	0.120913084689234	0.11691697569255	0.140114907499611	0.168469599646914	0.13978277867217	0.14838465248852	0.141185890809363	0.141379116355773
"SRR13357969"	0.200733745583969	0.253499604202776	0.199724344827793	0.125815848950161	0.171484758098938	0.222776525883517	0.19256589022281	0.20203142163258	0.129401191883117	0.180827308690472	0.194443996796628	0.172145433033058	0.153830124715389	0.235392391884736	0.193150140165152	0.278492096057588	0.106310009431167	0.240090978703451	0.24699618220297	0.231158655779226	0.19897500552802	0.165833447327205	0.204949517504048	0.215128473961126	0.237177585266255	0.16081575691613	0.259836691223793	0.230821103966597	0.228432339063309	0.213345315961529	0.201399677721576	0.166658206866084	0.184864271467819	0.265002015786694	0.274362450095698	0.196011986281691	0.193993341089972	0.150825798569879	0.187960113085569	0.180434005684661	0.243797336635739	0.215650143205854	0.302485844682934	0.200682818460356	0.217776047445416	0.222133391060134	0.211903195499292	0.160239972064953	0.172391583176896	0.27374957292059	0.235704975495723	0.190466305948175	0.182983328888208	0.172642868365119	0.163281060923311	0.173923175270682	0.214666201795595	0.188079513822516	0.268169304840406	0.152549737015898	0.195425025233633	0.214137131010394	0.17340753239772	0.171741263416823	0.150530355724555	0.157480713166014	0.250140529821187	0.179856326811981	0.206632923825314	0.199259088940498	0.181571022425549	0.201353496073158	0.170486004772344	0.164657416828137	0.203012425990764	0.218063123847887	0.196105896355364	0.208720134664111	0.190585074203002	0.243573113315314
"SRR13357967"	0.112536091987243	0.161284304065828	0.120699656203667	0.107481232784998	0.115579977496382	0.156192737524399	0.142715477149514	0.149752659988214	0.0853640162902715	0.1305906912895	0.109074506694831	0.141523433976359	0.113520022742462	0.13183513596175	0.120982500546821	0.182014961302312	0.0880990879977608	0.122208973039123	0.162495599063301	0.156834025688905	0.133316424308584	0.0781766504233656	0.0753868616510237	0.157726000714623	0.143298448957363	0.118105332598722	0.181737119173039	0.137200778643954	0.153137861446315	0.171511427212268	0.0981551356019296	0.106494948343314	0.132929530445966	0.153053150197097	0.140045651083486	0.0842639185632623	0.14564397437421	0.0920544615746727	0.131302056648448	0.110182694157147	0.162283985256891	0.120987509163992	0.154769218929096	0.13965427829577	0.129971408886078	0.110149405446265	0.105113544643189	0.0900336353857753	0.126189881554867	0.18682425483448	0.1633003932697	0.138346895562669	0.149435807272814	0.103880151730258	0.105817972493651	0.10066612825454	0.124489507181696	0.0918618400672131	0.158687539326123	0.0990167092520902	0.15529279559761	0.13195801658411	0.11047985326229	0.0970799440811779	0.11763471584577	0.123100316859426	0.133739713883123	0.14127579456451	0.108396612393927	0.100736132826817	0.152927213112935	0.14726514687251	0.0987503142008615	0.106254804266011	0.142895920794047	0.188253635446409	0.123551411183936	0.150448509061172	0.126244807548122	0.121030436959492
"SRR13357966"	0.0576503383033192	0.117405059549012	0.0941196025973211	0.0612423227628578	0.0957473332984835	0.0811730631194194	0.0791945835320135	0.0914820852156439	0.0562973541861896	0.0860476071954929	0.0893388697202795	0.0719499964344633	0.0707004065332269	0.0742418886333324	0.0675995747529722	0.137578682257023	0.0427630726432949	0.0790287801427054	0.12414426639275	0.0843263217127982	0.0858779321971349	0.0821262935015497	0.156624322725659	0.0831788960143042	0.0767266045595303	0.0779998261094916	0.124896590158317	0.0941505937743037	0.0892517433382859	0.0666677818355358	0.0824551287417683	0.0643110504493765	0.0911542306373148	0.115538944908188	0.143666975678459	0.0630972431718808	0.0663410314287833	0.0733668457314545	0.0761308891719937	0.115319777966734	0.0955234343166852	0.114398281224949	0.0928589245343145	0.089018407842786	0.0826934142853475	0.127389484348639	0.0910598228521477	0.0872030602334385	0.0680955996779023	0.141096240119212	0.117914787317409	0.0849738713153553	0.0716200412048432	0.0911410707142041	0.0680152651242343	0.0768331031901301	0.142007630935659	0.0896868950859034	0.124093635497488	0.0598539529530516	0.108019062185294	0.0921633672110394	0.0506584646603011	0.0778729151497738	0.0662936297422308	0.0595560938391495	0.110482722517177	0.050826893700266	0.101986196002139	0.0819151722167442	0.0774235049454548	0.0785771320965409	0.0737919941372945	0.0683382677709253	0.0879178102555534	0.103246790692889	0.0862625249388699	0.100582822460785	0.0903545897221438	0.106763558459559
"SRR13357962"	0.083229579213932	0.143838303630415	0.165191994462686	0.127123258989353	0.130961451911574	0.1463526827302	0.134569463736951	0.136600821635271	0.0782247720531673	0.147344590196742	0.13290586475511	0.131250160502582	0.134291773688095	0.102720432960598	0.108736035878636	0.18384852466856	0.082239810831853	0.10486670468238	0.182283111968136	0.147304873931129	0.144446277192627	0.103142899477457	0.111194750818644	0.150642746559992	0.104958801194601	0.147198362059689	0.183404578013947	0.135567571195092	0.150640877683093	0.14073990320346	0.0943880963691854	0.101604112980816	0.117059599658104	0.148594678880917	0.185072912927575	0.0805407675258538	0.139855593993661	0.0982561109608031	0.163614140256339	0.1595387146985	0.156894723415625	0.158944682786766	0.0940725545852142	0.152956100295285	0.109098903133441	0.116258735524978	0.133661407601436	0.124211248433575	0.11603632057281	0.200052600988652	0.153271689895694	0.135030117775793	0.164092868585512	0.138239788850409	0.099438178899066	0.112067160937758	0.147129102630579	0.121546567303058	0.151097825857619	0.0907404582927582	0.161026878362341	0.130969378504157	0.0989245709877949	0.0995292544187724	0.127152323301955	0.134305786253061	0.118230392688288	0.119764780161681	0.123627920974859	0.101370133218427	0.139952798672144	0.143419191164783	0.114136003375649	0.120497591426028	0.143437181549878	0.171581069407464	0.12131268985713	0.171725023572197	0.120375969235042	0.0942460579935503
"SRR13357961"	0.909268943409403	0.696625375291179	0.855390151023066	0.849715886227228	0.694544059738273	0.785948350723036	0.750270036724525	0.758572502611968	0.796434536391152	0.760074416908442	0.828106779200666	0.773285451348943	0.784799559323197	0.853128626541479	0.777766582995717	0.768320858216981	0.734155777894442	0.803739366787796	0.830466385786518	0.820340772574865	0.792258262912106	0.927251992824914	0.89703937249374	0.798897344572303	0.917452474047513	0.806310151698825	0.783903352330918	0.781134517040242	0.823022016296254	0.748414431695664	0.807847182706002	0.766633660001179	0.661651186884347	0.799816824429769	0.855799337451041	0.841860010132704	0.831649649623578	0.786711778120386	0.820063113568898	0.82073126800604	0.802320672652453	0.822444375836924	0.900053020405639	0.798919281032318	0.715695031123968	0.838032976950576	0.860312028434163	0.870004303468831	0.752562171793506	0.805273343830057	0.73423933120866	0.776175061343623	0.778427282693697	0.814536256399423	0.815855690947328	0.855560630589236	0.813314417255308	0.860645760310083	0.778937405651871	0.761440608144159	0.698620132548669	0.761710314239575	0.829203562703479	0.752843997839228	0.833548563001448	0.807840158972374	0.747315842857486	0.803553183701068	0.84248856674988	0.869420832050648	0.770293413896992	0.759476809016394	0.818634125074376	0.797396400762721	0.788261955282206	0.74833379897659	0.7666376336492	0.786799424050842	0.737828891391843	0.879460204272812
"SRR13357960"	0.868437852676595	0.76311039823415	0.803255730018777	0.782750956789096	0.679542433373279	0.796347192089544	0.749235102037089	0.779153024964816	0.829656806836469	0.741563448857342	0.807422870993553	0.761986041288328	0.721857975174588	0.796090440956853	0.804095746928069	0.792942347567502	0.707466621815776	0.860507546094385	0.757463223123108	0.829911141607191	0.779159029627293	0.91944176381828	0.932204454199721	0.7969664357434	0.803532510944804	0.740202491990873	0.808618202421407	0.797587659623275	0.825289186816721	0.764346787029545	0.861794468793854	0.782572971143126	0.715213396390346	0.837985910941555	0.849232072720233	0.887275012112197	0.812903995428296	0.795324817193526	0.756837792211678	0.767203037505018	0.800607116417417	0.800453885807997	0.800613302588147	0.775669544888188	0.790886404993162	0.876653051162202	0.852368933927638	0.848378364917497	0.763522531764353	0.782475786597452	0.770606487575392	0.779951806276146	0.715146665879331	0.775520202276304	0.836135479173977	0.772845843344946	0.803503310460723	0.803938313426648	0.778231847467553	0.790132752229616	0.676092765243341	0.787072549597418	0.844375552484233	0.787308407867968	0.795681256892599	0.74752930079151	0.832502201394345	0.800479708054737	0.851244066474724	0.883573732961866	0.760873273609001	0.756624677735074	0.809095291072579	0.767376633455294	0.785346494295726	0.744935759546902	0.791044707126564	0.747513138236068	0.768165030904175	0.750615708194433
"SRR13357959"	0.499601920094112	0.462039188000428	0.524015229922845	0.242223843156488	0.361980146922325	0.414234986098139	0.373815757478422	0.386730425846375	0.325837407975126	0.315987044065335	0.475445925993932	0.376288038342896	0.342209857310163	0.524069105243577	0.47718130930014	0.462894808769938	0.232953668493355	0.564369844472744	0.373300409584537	0.591052623659716	0.382550692976972	0.572672977076735	0.497045242349511	0.403451068835529	0.463747639720399	0.356524968294434	0.393237947997206	0.468151732000044	0.640633699769753	0.317701626705868	0.508785694747216	0.410847901693209	0.279038603815946	0.656236244733551	0.60902966054532	0.676820341173403	0.496804301722606	0.413592787996251	0.369334481793687	0.367157134636828	0.460128293960828	0.479290684503925	0.544669144243357	0.340176451384322	0.403942298360248	0.520440220450709	0.659441517667395	0.379184109967989	0.347777617562003	0.496710935847247	0.403800409738473	0.341325956171258	0.289576560322494	0.366261564352287	0.420363465749956	0.378790970846321	0.426056056421982	0.505012635169618	0.560853364454906	0.379417156694518	0.417390476664319	0.497516302456486	0.501563245285454	0.37131155636481	0.321182031679623	0.314103791675939	0.479143857782961	0.414065013885906	0.503011417702739	0.601166416764831	0.359446091225122	0.323001128965005	0.497662138602095	0.436239616286668	0.408586714527057	0.366302029183698	0.456811490694842	0.403282169002332	0.442260655301789	0.503907723740768
"SRR13357958"	0.936314639237531	0.869160910185074	0.907159033158213	0.921021368580452	0.763615265979575	0.952738203792114	0.905431320736945	0.871442907104636	0.854459494823895	0.912420637443245	0.89688625635133	0.859530416144812	0.88710289283263	0.927510713906302	0.903652568420932	0.922757041816506	0.845705998891484	0.940402832169783	0.945467134823572	0.890668725552887	0.934078891602065	0.869038171747241	0.793453653696227	0.944076550643145	0.932329267519098	0.890906523534039	0.937399557079144	0.929525744515876	0.829607400902632	0.972426977044529	0.889197682519875	0.880916001501066	0.857291142581915	0.827303588070053	0.917548018134462	0.868623653336054	0.920304788101111	0.774632897617144	0.960493178343844	0.868369803824862	0.948980290252837	0.898142936271576	0.935863124959479	0.949147991963762	0.924703509453247	0.809520662061092	0.862561682414759	0.898382540297927	0.901720059859606	0.908597607356045	0.874055044959059	0.913243110954673	0.963213121390646	0.904772263147304	0.854731012535486	0.907374736806083	0.806793204566202	0.884805099158157	0.872203638483508	0.857107552141025	0.707497263740922	0.864038455052356	0.929754480221743	0.878783997172116	0.909700253277377	0.948678377484941	0.90118185733555	0.952608748001322	0.882720032402802	0.857376446823822	0.876011601117722	0.954853440601633	0.852186501111748	0.880630043437691	0.909218241531177	0.876266857223085	0.852952057513898	0.908885065938001	0.785276881582735	0.784267864063753
"SRR13357957"	0.455689701186148	0.621911269361689	0.561205661292907	0.355790603474814	0.625696765885716	0.5658849688167	0.469318022103621	0.445360612842815	0.426368199209976	0.56251413099303	0.598744248842584	0.37102595657324	0.497695157025735	0.534413581973508	0.527881968169814	0.623312588058526	0.354742674523204	0.651457361089064	0.65510996187095	0.438958961298517	0.61529798672247	0.347886443775288	0.593979493826043	0.500545476595231	0.518319549615438	0.488572529432738	0.573871502935235	0.626951351093192	0.414502552912548	0.550279210754108	0.598089893994388	0.471574474434136	0.59139248022634	0.55356345068133	0.701019919317492	0.597198736268996	0.405881322489284	0.493072385619077	0.644444507466265	0.603287308396751	0.597438865943951	0.665371436503639	0.654977367456324	0.601260898780976	0.625945317010154	0.535951996811506	0.583087034203631	0.494478019120688	0.476798029328304	0.564326764051829	0.54196548692064	0.490137919308316	0.5458636673156	0.648521988618068	0.410471215911114	0.629213212372209	0.547924815424613	0.687082028285427	0.637615913087954	0.45676425708844	0.466073145077915	0.598932706754036	0.46473154301981	0.637641700059228	0.346126614579863	0.4712059344054	0.683938687010132	0.424021794262647	0.534678668522358	0.481801193092027	0.381721007649555	0.602433142016923	0.491713864648958	0.501256908269279	0.5141504768789	0.402592294783664	0.569496204054908	0.519469730762311	0.527751841162146	0.666021061060051
"SRR13357956"	0.266176862459628	0.348022782794332	0.271646901455646	0.155417653297284	0.236000240385356	0.317883273126368	0.223670498363505	0.27167457002191	0.189036956404494	0.246707402153534	0.297131486054635	0.220566041479585	0.207511729427636	0.288432541653026	0.293699008583155	0.390901283638824	0.137755555927954	0.37192279766563	0.323199876545137	0.330033032708327	0.285281418798041	0.202075660453329	0.360500612044614	0.282248474963063	0.273818091349962	0.215409783151701	0.356477973741069	0.351043224450542	0.323612254583785	0.273904822388934	0.323780844887179	0.219123637039827	0.252543082176645	0.396024022761138	0.424451095360674	0.351204247673927	0.239535388447526	0.223283481321287	0.266372202724569	0.256739116588917	0.324525574002995	0.325842359351459	0.37951514052241	0.257809564399068	0.309199816921251	0.282317734595277	0.345311952164315	0.211799030813959	0.239422675942852	0.342182283132396	0.323344124791998	0.260913685655967	0.240383255355425	0.255398243982403	0.238387596037372	0.239031458655772	0.287942031433794	0.290034032499433	0.395989183249796	0.226475708016844	0.243698048695808	0.316453980672302	0.268343644586827	0.268980445063518	0.193376770750344	0.188513519395698	0.393972892244191	0.233643859845554	0.27571165539901	0.308512260625373	0.229136130880937	0.280901085727173	0.262128211973864	0.24158460557589	0.268311287006223	0.267167986692682	0.287884767188294	0.264421202980397	0.26959386014432	0.292772274681048
"SRR13357955"	0.125596641826979	0.160839952412852	0.155416301492459	0.117426381807215	0.137436406870344	0.154589331607425	0.137846119147892	0.162545488986407	0.0960759032517368	0.132413166091871	0.14096370005962	0.168013199871545	0.134532013160754	0.131614790682086	0.142110485348434	0.180334151337327	0.100225137239329	0.127083837918744	0.151621272690363	0.207231251044652	0.138576714072894	0.104226020431999	0.0964684689474548	0.156435028480574	0.147151842758188	0.142250967812574	0.168499324927807	0.144045752728789	0.227006995570778	0.138467175718578	0.112331681081607	0.116466128178295	0.123181330072708	0.208855095589571	0.173769430460258	0.12689976819923	0.173581938186289	0.12328859516688	0.137185362803431	0.129719802178668	0.156886001986834	0.144835120170809	0.144085926979413	0.127792299590305	0.116181694127375	0.119670065430414	0.164093167507808	0.100116139119903	0.134302277227833	0.193325611370807	0.166667514016404	0.140832691599399	0.139210107176845	0.117990272201455	0.132162941490545	0.11227199611601	0.139349753518884	0.120310693233741	0.183793779155017	0.117258392547945	0.197022762642953	0.158225701402481	0.139508791403691	0.104742967203162	0.1338551574644	0.121452954506297	0.133968022591258	0.148975663122988	0.120558438671737	0.139887015379292	0.171972493828194	0.133925482101259	0.136705237916895	0.136111332815601	0.15204329521348	0.198340120152946	0.14795863884694	0.160425925567175	0.15543644741199	0.136177688626819
"SRR13357950"	0.0641820719278171	0.119236515912112	0.095040374555964	0.0686517060728203	0.100627801397242	0.0913813690855019	0.0783895282843868	0.100998419020252	0.0613449003013555	0.0986702910517744	0.0922012659923448	0.0833270047044933	0.0785227466300774	0.0742756193016963	0.0764113587736811	0.143997005225879	0.0496139444332836	0.0801379279078959	0.128777267724984	0.0976899756091941	0.0932037984775213	0.0667430876375451	0.161753093496419	0.0899070330052624	0.0860262901520748	0.0858297185176969	0.132232256234617	0.100896552085346	0.103247172077839	0.0741517951156762	0.0826270951190261	0.0648659983418014	0.0965557652199109	0.125439774395854	0.145177582931426	0.0681226063620559	0.0725201124092847	0.0786374720311493	0.0844098693508622	0.115709754031566	0.0982504363809782	0.117057411259182	0.100421029172065	0.0895283917117693	0.0825952930742958	0.105348235936664	0.0975669641904343	0.0797664001954198	0.0767629426160894	0.139049852260029	0.1250339448953	0.0929546730934578	0.0814788843826293	0.0940991019905647	0.0752143164213121	0.0812115633878751	0.132219171203753	0.0919889855479244	0.131232121149948	0.066706762764114	0.118652083388565	0.0998418740887748	0.0600023483830645	0.081208287422094	0.0735870210366186	0.0627007530529294	0.113506250093704	0.0589578740350936	0.0912951781538329	0.0838567966803721	0.0892119738654914	0.0871652091713771	0.0803309620062134	0.0759797968254945	0.0931296150536749	0.116355587592902	0.093653879970296	0.104009269244384	0.0980318067681006	0.109669389928785
"SRR13357947"	0.62426606318342	0.534224439339609	0.537721664506144	0.508315017949105	0.404760862488705	0.558689138650846	0.578198814623174	0.533213904135034	0.486040199598682	0.498386617631003	0.501291370476605	0.52244654385093	0.455547575188412	0.615473706872257	0.528374617601209	0.551766424837194	0.439375004198036	0.615191609769525	0.522630438093759	0.575891636488094	0.513140131152288	0.711400160744346	0.611215935198281	0.586635992458701	0.585052402761516	0.467027130822683	0.579818743230891	0.534437517278247	0.559006024047349	0.616905702364533	0.556017911227042	0.543658662012088	0.467821823693229	0.555365900290861	0.543489596928695	0.551019586115696	0.614746187879859	0.466590071725367	0.498394542381071	0.453952081978064	0.609885379098115	0.489339389924288	0.610589191965707	0.562613087783742	0.558626717518821	0.655225783337935	0.514424363742988	0.57719653188779	0.505711571984894	0.607480380321547	0.525557249881589	0.527054229181946	0.502214769983389	0.462314118850419	0.539845138452274	0.475539027564919	0.548528761273554	0.460725662932132	0.555558820229953	0.488028434917587	0.447154335665098	0.504105769210706	0.561039100847567	0.467097653780006	0.538846852860891	0.553182188934416	0.54142261107724	0.59967455996337	0.611484619165046	0.609012614581236	0.534306837442996	0.523018547050754	0.552204627649183	0.471720795232545	0.552749679759922	0.54562471516047	0.502357015951279	0.529170360278865	0.485267260688559	0.485023174429754
"SRR13357946"	0.92730907467706	0.922458056441092	0.713060959517948	0.764320706262733	0.57500843826285	0.974752493778587	0.944192029802632	0.891856045640764	0.785434463748258	0.866654089940731	0.704384155100968	0.886647658052402	0.779040644021306	0.950087664289895	0.942061823227935	0.919912706088703	0.843509955310549	0.973287404077672	0.85497870686527	0.929632841894643	0.911464669814215	0.44219895425005	0.099950830742523	0.964754203117461	0.86990764522351	0.729731495891156	0.942371635214184	0.936112533572106	0.850915632719861	0.994781802053034	0.856057090348896	0.904764942967615	0.885184920124913	0.83023235275416	0.706529385116701	0.860707238209627	0.954508570491946	0.56297754127955	0.930401524722222	0.395232305440014	0.968368974228336	0.655742918856467	0.93583838738159	0.934828479996275	0.969177598127704	0.573881615542201	0.637775880248743	0.554560145335236	0.928892388988409	0.882288523469295	0.881741473924106	0.907464957889836	0.966716265206469	0.645788212171574	0.812998703226704	0.676180048345572	0.426684705407543	0.497168558888622	0.876931336481872	0.864416109962212	0.632061245594924	0.862315248931223	0.962712090972214	0.81007593823709	0.839055287968217	0.949029987490817	0.92027596829602	0.987697638947293	0.73024546816243	0.750462096148667	0.907535447606791	0.970041733415372	0.695856702870368	0.80323609047699	0.909399471468185	0.91454444619571	0.833183893060028	0.861806000764794	0.759480321383814	0.415606683266925
"SRR13357945"	0.874400717955857	0.866151270388977	0.816708798831532	0.700294489620736	0.614239333068953	0.933775180723773	0.889237604139104	0.808794976317757	0.690222930705018	0.807901403113747	0.780111697018406	0.798642642128847	0.759615354932017	0.913345482165959	0.892299993662185	0.878433845766377	0.713919013907937	0.946986859269013	0.831981105730588	0.894782710439916	0.868289162686213	0.712255649987509	0.338672082079177	0.918786589154399	0.810418236294047	0.742098889671629	0.8829707032639	0.897926592604887	0.843440253853827	0.968717526897451	0.840779052588877	0.857093840883402	0.767766553290066	0.837312615737808	0.827046492020362	0.876585803069723	0.916957004811687	0.614302251650778	0.903917321953475	0.584241418651417	0.934702235985106	0.761400015478625	0.875754505702045	0.892205366772984	0.921199003335539	0.699195572938004	0.795491670030217	0.687644244357403	0.85096543283365	0.863793552604617	0.810979289217217	0.83308809329484	0.918805762277071	0.722446185978749	0.759013318571414	0.718661096299476	0.572458644384046	0.699217161140146	0.849399152563555	0.790830242600495	0.626631272719714	0.832126518098445	0.922291692396897	0.774461901371751	0.7793048635063	0.902677868757822	0.87049336603789	0.954080680854452	0.79776109866879	0.795545469025585	0.81478296487044	0.918825343533043	0.754295066215544	0.799592337869786	0.858752806791964	0.820528077185989	0.795643499869788	0.837656614622313	0.720912843496377	0.52318465662144
"SRR13357944"	0.975266690881242	0.96782500655719	0.868561393212143	0.851699106048602	0.74360997783155	0.990136209962741	0.973124715105509	0.947784417106566	0.897812000483465	0.932457931945566	0.872806143495834	0.942410787098351	0.884347871030099	0.982540716956435	0.980008455787046	0.965790452338563	0.915740040647168	0.992730517349957	0.926995630837112	0.97474567617515	0.961945478331481	0.702108266112663	0.263627616116412	0.984748587471151	0.943168590250424	0.852095048830669	0.973608751577184	0.977203698218717	0.943587683056246	0.997929160913444	0.953336685726556	0.961107736400069	0.940467197942346	0.940194176878726	0.884925021805683	0.966812903823276	0.981365250108799	0.768026785859693	0.970106862573515	0.587735295415494	0.987552265399623	0.837882267509657	0.978681188983443	0.969340854075647	0.988780339701485	0.782356534456936	0.86549668366318	0.749720037058444	0.968317666688607	0.944402518553733	0.943506921643751	0.955833870911786	0.983578210696541	0.815726111186926	0.919520823832834	0.839045407070665	0.623162525778028	0.751840010049537	0.953984497476537	0.94420788327946	0.766411108331346	0.945960406450458	0.988313488290813	0.921679913111534	0.915074569269324	0.975296567837116	0.97292129714349	0.995199036756112	0.882894813410347	0.912420124650404	0.951632179200291	0.986817100545237	0.90355906538661	0.915859092443772	0.958930524917885	0.951973419363275	0.930083996640019	0.930397431574769	0.885311015010967	0.644523125446387
"SRR13357941"	0.0569281244893233	0.120688434332321	0.145662066953049	0.0757267393958337	0.125420826748762	0.0867916669371493	0.0720509263938507	0.0910434663180751	0.0591347840250513	0.107761860777716	0.143742873414279	0.067176207896952	0.09246155495826	0.0710645331641298	0.0702897350441876	0.168647696029928	0.0403746026669343	0.0829046780392988	0.180489731730172	0.0862262719275289	0.110090713067643	0.11085705198635	0.302022379162205	0.0845070820470114	0.0826114367256693	0.108262538287707	0.14070519096099	0.115725649601254	0.0945595989815183	0.055117241519079	0.101803186559693	0.0640642595710958	0.0921417783839451	0.134265365751822	0.248199710619386	0.0793989942291407	0.0604808192722294	0.0917573539180194	0.11156060407204	0.204063137087741	0.101445240389597	0.19035159326531	0.0935084906309999	0.107510086548238	0.0802234865694783	0.149480780145269	0.147096473998815	0.130200965627557	0.0685760485652084	0.164694612292835	0.128209751409085	0.0934535026819734	0.0859953367103384	0.15063768103264	0.0722262578117782	0.115660176490975	0.197758120526105	0.164095726715485	0.144848702592592	0.0624714364788955	0.116690120585559	0.108320829060912	0.0505733753448665	0.101297276706014	0.0750834960879312	0.064274796169295	0.129030959908011	0.041212117853955	0.131509645393842	0.0990129073964179	0.0711815929753664	0.0875697053796509	0.102307006186472	0.0893520640337582	0.095800441965342	0.0951076933063113	0.0992726797814055	0.12428498546538	0.0977638083506496	0.137130235596685
"SRR13357940"	0.9857538920663	0.988593996087794	0.975676013247489	0.945212311107865	0.906337289309166	0.997153704486261	0.989093991919446	0.977442193533554	0.959383656522932	0.979823426887964	0.975591237690221	0.972186405565069	0.966290800190252	0.99111671966643	0.994077933882275	0.990649957571342	0.959293478720283	0.998368645467692	0.978383515465565	0.991911838383873	0.99062138326279	0.92828340100064	0.734864548304238	0.994966909351461	0.947252770815775	0.958755717201151	0.991400025643205	0.994689312585267	0.98141222777607	0.999096215268129	0.989684208535824	0.987178827752698	0.973248318074969	0.983402861863219	0.983905993640856	0.994235364566867	0.993262736104056	0.919584397451907	0.994471655805988	0.89169231609066	0.996507989003318	0.970475814996137	0.979018969770903	0.991954630601337	0.996471407594283	0.930049417880869	0.978719215920361	0.939385021998286	0.988115211080663	0.98300886168546	0.978537394946346	0.984482529796472	0.995542380904644	0.962428673547227	0.97093098874591	0.947014890602126	0.864360090981329	0.949227873478034	0.986932003176913	0.980479145460834	0.87902912712945	0.984669445378697	0.996747725603558	0.980299593321271	0.969717277500209	0.992596086471843	0.992961140116407	0.998132770708357	0.972528712646197	0.978578865255598	0.975739269323877	0.996143436387253	0.970027858720291	0.979082837258227	0.986514644848776	0.974098659803116	0.978145645322946	0.979883683763306	0.954686017234376	0.673579437040275
"SRR13357939"	0.793464007574596	0.718934488888339	0.82443670125723	0.598704597814297	0.612165301897515	0.815813618645571	0.69427569883201	0.686155042547175	0.567042411529421	0.678820369385592	0.795172201919901	0.705673212319031	0.71203943289878	0.792720739044495	0.808442351931381	0.76956521938694	0.566591790847388	0.847480404296244	0.727088715176641	0.864476191711564	0.76304362699114	0.711798735732821	0.540280439734574	0.782190419087657	0.746766182506939	0.720305154411416	0.726274923917255	0.802051387116052	0.865217326481699	0.790072902725772	0.758865934310101	0.715069543177498	0.547204409498427	0.846540415949735	0.852451666306037	0.880932817756521	0.831758176490254	0.652405325671063	0.821927518982865	0.648953441505466	0.808007387439794	0.77479782134686	0.773111677934433	0.722536241201213	0.725769589321945	0.59857763526672	0.87691482863689	0.631070386875952	0.709727789374257	0.761934693101926	0.68002661487556	0.688525126215616	0.773806305259965	0.704358650374108	0.702437701090417	0.700188788978856	0.572137649508007	0.783475381769343	0.795019254514058	0.694180431243019	0.645889375064781	0.77985329476116	0.858576356287086	0.67302815869282	0.682932486984802	0.743144877067001	0.743052643553514	0.837152816952782	0.711991091041545	0.799906182133126	0.695089636110591	0.755210314812303	0.78591854050481	0.778820174571227	0.739326339224951	0.681167298523691	0.738987121521598	0.740497568169314	0.683286267558369	0.61865176222148
"SRR13357938"	0.12165288708234	0.198940684405231	0.260749082458459	0.118435091273909	0.173288246443042	0.152528956419885	0.163873127408168	0.141428504121569	0.0923349025492851	0.163350333009855	0.216312309441927	0.112674609240742	0.146997321483878	0.175977969101975	0.125393693066283	0.242911643292005	0.0688412739447421	0.175197646439954	0.260250695237697	0.154814112608464	0.175202977635867	0.283095839090865	0.32495732816138	0.161512744352112	0.156455350586734	0.167309870905364	0.206719240460702	0.18556717012796	0.16453111093236	0.121690541962633	0.175029449025065	0.139824121979216	0.132462768896027	0.210176180103063	0.340351522154391	0.149229594525755	0.14331426870898	0.136377448811717	0.188193645207821	0.261014120618742	0.201548477074556	0.264959284062234	0.175426449716628	0.200280762751625	0.158419409210006	0.29274459193069	0.232696089341371	0.233444488048061	0.115537984337046	0.280678223275763	0.184565420225461	0.14610956449966	0.149529905851288	0.213429207138906	0.117974876726327	0.181312742089485	0.275731576919301	0.242583817716956	0.215768135400001	0.10434396803954	0.16627668385867	0.172094853211375	0.101891194852777	0.151727704618709	0.127986532249973	0.143687500969062	0.190896248039805	0.100017171094296	0.260550749591536	0.178407031910167	0.117738087957827	0.147679326428329	0.163554197553012	0.148194026496759	0.169771021705603	0.147359274942731	0.155068827419005	0.213612461360414	0.146898546492578	0.209907290052903
"SRR13357936"	0.88598619266007	0.819384342088243	0.713493802708745	0.572364985571688	0.555978483642231	0.889935210513917	0.801113565171891	0.769372021469906	0.649710615505287	0.708392559568508	0.71009772963741	0.765498238192298	0.667515867274748	0.893239683195438	0.867311913890407	0.820284550079097	0.651856093975975	0.918815191477749	0.739967246787106	0.88441969954925	0.790609009717436	0.573648733425358	0.334584028739983	0.860543266075904	0.85084934535904	0.642692365993721	0.819462879509787	0.85097680166656	0.851452574716831	0.928484301394272	0.801490193360589	0.786128394274177	0.69885044968507	0.843158446701672	0.760666652666792	0.880169790833928	0.87320185840074	0.60159356880246	0.808499545588675	0.462003968307806	0.878973335044946	0.671098049566568	0.914387239058277	0.779958916865162	0.867292752990814	0.598592920764342	0.775713474538098	0.532118648770868	0.799141062222387	0.782951785333379	0.761351352783614	0.764019823944286	0.828788169568913	0.60112446936709	0.740326527296832	0.665724954011937	0.491126991825513	0.64538249760961	0.829141430703274	0.759833504524072	0.613246313128227	0.800826617998064	0.902888412868034	0.709005400666499	0.692623068459452	0.795560406331616	0.836611945339639	0.921558417450844	0.690336339281176	0.784842281738341	0.773916369133315	0.84993506498637	0.718695704140757	0.743346885574726	0.790207007453522	0.774498367787909	0.764837152461103	0.736599179431213	0.709617312657127	0.668926079580676
"SRR13357933"	0.165792455269055	0.238875023015573	0.211543223292647	0.147254956270064	0.156301415959007	0.226280091687051	0.261850646814927	0.209212075404616	0.123879430721308	0.188497651608094	0.164673316740401	0.211257053216221	0.164635471035912	0.22560413172097	0.192933764422596	0.237462097881625	0.132174999606386	0.22425870598158	0.189367321101801	0.2571114476292	0.186615963730183	0.213335714989575	0.115468312251679	0.246894668549246	0.161837659814366	0.169106964516647	0.232147676274711	0.197443947769572	0.258384296015997	0.267236814796833	0.162781918285346	0.202393115426465	0.168398052132226	0.241245180403176	0.198962602945998	0.162413857057723	0.28206707141082	0.138508135427512	0.188301400374944	0.140868579655828	0.266351948266045	0.167689362518894	0.16887432155558	0.216775942268824	0.213374963682684	0.223705027548615	0.178006238604102	0.158159000876625	0.184019317430631	0.289649304738128	0.214517733503475	0.189251618430037	0.205292424076912	0.140692634014833	0.164278412024813	0.127908450831749	0.178935168855754	0.128257781617521	0.227687344961313	0.15250474239378	0.216264452739207	0.198318350126465	0.193867427712203	0.136231536767557	0.177375183124089	0.217593221587416	0.183905383184065	0.258596190525366	0.210760428636987	0.185219690830082	0.220885742957118	0.201020595006268	0.157532792023472	0.165897670532976	0.221799866332898	0.253598169384196	0.183127083852452	0.230194688544918	0.184163986246164	0.124114498415655
"SRR13357931"	0.532774339983867	0.607935617356562	0.358085665954443	0.306734505894029	0.283529259989401	0.67132505859236	0.594715231993417	0.485000464639556	0.332051278995697	0.480729377339369	0.34652996238525	0.417118751081682	0.33713359467952	0.644846306692815	0.532697328048337	0.617162654733153	0.315344568897807	0.701737582590251	0.540673663849243	0.508898736221871	0.522536021574087	0.272654170614984	0.19820186849183	0.638882692470026	0.510570674772515	0.318912141498574	0.64509234450653	0.592036378832854	0.397635431112631	0.815337297215818	0.481324188493418	0.488429165371531	0.505202671174542	0.450233223117229	0.430004199604045	0.415744452683303	0.552844080221276	0.244091721851394	0.530925117298157	0.246525601337693	0.689142917378137	0.362112143218396	0.669670413179692	0.596961342808059	0.695572553622501	0.401798732227501	0.299507830814514	0.309092202527147	0.503451467374416	0.573119663241133	0.529347824575907	0.508329301457259	0.613981478737974	0.326158762909183	0.362763393050732	0.33916317900557	0.306187638150683	0.272098081058365	0.53163113881023	0.397038951107561	0.295445314147707	0.460286571753835	0.534855854406571	0.415870445263245	0.375211107154559	0.549221382795686	0.607311239024229	0.679252885411614	0.432608278740796	0.367157877605083	0.460219401870812	0.654973325160672	0.30094758686015	0.352575349824334	0.521238065326402	0.519615442752681	0.420446325932638	0.481623431552785	0.363251146881193	0.307874941803169
"SRR13357930"	0.591471068692181	0.649114479785905	0.391389957095914	0.350800857948951	0.307784402014867	0.728784984135106	0.647218280366013	0.537072054891481	0.375100991714113	0.529701673327161	0.378889712075344	0.477722754947369	0.381509516939513	0.692703851973896	0.595347687673897	0.656508249898484	0.371373721677182	0.749082270417165	0.574935697970644	0.573170951637009	0.573536995991885	0.283174880667865	0.186877332150213	0.69563679306377	0.558232589924704	0.358175487760366	0.687789998144348	0.640802624362118	0.453888515932915	0.861949438540718	0.520489375693042	0.541331056979946	0.549583909841539	0.493866105658587	0.453448867124975	0.466145351628806	0.621296066693572	0.270232624895097	0.588068406251621	0.25699561506417	0.737204043603059	0.386436163456672	0.709275069401205	0.643648094554282	0.740589064099876	0.409541450885464	0.329926221267849	0.325882845458223	0.56445505908562	0.609528462728321	0.571459997082505	0.560503620033984	0.676798146098765	0.352105684994306	0.410072024061845	0.369296963636293	0.312402398689372	0.289769337259846	0.572706421665182	0.45053431340955	0.327725308365406	0.507359641090969	0.610215101641094	0.453895500079067	0.426805507550082	0.611979083029743	0.645919062826497	0.75152231920881	0.456421650402843	0.403635591316549	0.521918055303574	0.711015256629507	0.336899319617131	0.399423136051956	0.572737446321738	0.57584398903388	0.465721761123759	0.52590451081032	0.402708270407512	0.318651470788955
"SRR13357929"	0.105984920380361	0.156213376605141	0.198597230285749	0.136640548478405	0.127121355964153	0.150724268868582	0.189063495500218	0.126402569420144	0.0706706809402419	0.166826941186646	0.13804376611213	0.114175094342101	0.135795862561548	0.167324745321787	0.0947426624586607	0.194552403775626	0.0748442996046916	0.117709707792672	0.246041091037749	0.118412551583252	0.154570010533897	0.180908810577408	0.123244995734509	0.172756042290718	0.164642060107284	0.15118427794468	0.187738942930471	0.136604472268824	0.111973431939709	0.179246288670094	0.0962908666757012	0.124126312710093	0.120327082524492	0.117500922961854	0.191682730416382	0.0616748137881595	0.154432962090646	0.0838196877120419	0.189836718848945	0.179535624258814	0.196619299981135	0.168561373224428	0.151515664207202	0.213286366054706	0.136445919482328	0.181454781358509	0.112810233447863	0.172178862344529	0.110676025298901	0.249930811884161	0.151205161505104	0.137661103983591	0.193685716112203	0.154019654136649	0.0843124437356308	0.143424128804459	0.176065947519062	0.13836296126726	0.135880687278646	0.0789990567184193	0.139722846667635	0.118636736823172	0.0816902235103095	0.0996544242890619	0.131479751315478	0.186013554558698	0.115138015788094	0.127508782978174	0.17908644605704	0.0923121975884642	0.126285162812486	0.161150823881061	0.100323548890362	0.111977901164968	0.158478350722372	0.162136582600908	0.108491822730266	0.207232895879046	0.102643551174986	0.146512214755402
"SRR13357925"	0.0567012040243614	0.102812286468729	0.0706631795074447	0.0720828755051676	0.0811815316111913	0.0921059673690846	0.0803717877643462	0.0965287077037635	0.0535572644970854	0.0882277869464344	0.066978106684473	0.0854338708848991	0.0720591653897878	0.0658029817634164	0.0663535060151841	0.12505421108382	0.0528800666118254	0.0621620624113425	0.116547022959355	0.0845150612554668	0.0847435573066642	0.0393057809689888	0.0622781674622706	0.0922203932039308	0.0821664723699456	0.0767224139464454	0.125959665489398	0.0839151184245407	0.0824617915650569	0.0951889651676377	0.0565621501567569	0.0572314006762839	0.0938849442375175	0.0890123616186204	0.092522450259247	0.0403127264789203	0.072600530711947	0.0581505837730187	0.080720765708521	0.0835232772696016	0.0933168208825706	0.0821542254513464	0.0876093957573199	0.0874016293494661	0.0748880017720645	0.0670762135807884	0.058748280000738	0.0572848395953264	0.0762818044431919	0.120906905406877	0.11257174509432	0.0902069409517104	0.0936894573419786	0.0718030956765911	0.0625480772037216	0.0648317857634632	0.0918560415778683	0.058286551730213	0.100306349129923	0.0578281442392823	0.106177735569761	0.079863960893023	0.0540449179619428	0.0627910232667371	0.0727041712652601	0.0684209956078603	0.0861497787302204	0.0683943143387029	0.0631758038328451	0.0544550518314414	0.0948508914237773	0.0924969053048047	0.0578809768050739	0.0623695423585013	0.0869568797770996	0.12573950374822	0.0760370158976686	0.0958789318713925	0.0802621043955538	0.0793318662046219
