"Model_1"	"Model_2"	"Model_3"	"Model_4"	"Model_5"	"Model_6"	"Model_7"	"Model_8"	"Model_9"	"Model_10"	"Model_11"	"Model_12"	"Model_13"	"Model_14"	"Model_15"	"Model_16"	"Model_17"	"Model_18"	"Model_19"	"Model_20"	"Model_21"	"Model_22"	"Model_23"	"Model_24"	"Model_25"	"Model_26"	"Model_27"	"Model_28"	"Model_29"	"Model_30"	"Model_31"	"Model_32"	"Model_33"	"Model_34"	"Model_35"	"Model_36"	"Model_37"	"Model_38"	"Model_39"	"Model_40"	"Model_41"	"Model_42"	"Model_43"	"Model_44"	"Model_45"	"Model_46"	"Model_47"	"Model_48"	"Model_49"	"Model_50"	"Model_51"	"Model_52"	"Model_53"	"Model_54"	"Model_55"	"Model_56"	"Model_57"	"Model_58"	"Model_59"	"Model_60"	"Model_61"	"Model_62"	"Model_63"	"Model_64"	"Model_65"	"Model_66"	"Model_67"	"Model_68"	"Model_69"	"Model_70"	"Model_71"	"Model_72"	"Model_73"	"Model_74"	"Model_75"	"Model_76"	"Model_77"	"Model_78"	"Model_79"	"Model_80"
"SRR13357893"	0.816475728889459	0.494544175924637	0.320162543130341	0.24250000830742	0.222040624356892	0.344065819142418	0.576030784090936	0.348211150090337	0.851818102115422	0.195310638350939	0.465808717193019	0.354133816702648	0.268505815775963	0.296915458306139	0.301172706254181	0.300066031460651	0.556215237740915	0.247651647738054	0.253496792089304	0.190345300845085	0.224759959644981	0.660422381413529	0.537749920906695	0.376219326164058	0.369875739883108	0.516996154620234	0.268505815775963	0.473492546603287	0.521704604630176	0.139285172474714	0.221270854937888	0.182076699982039	0.513505831229627	0.2534287494238	0.512119339607349	0.156609026492618	0.16338151349637	0.524739865869513	0.0843796691165025	0.41365907613514	0.306744192600065	0.332538757194872	0.530805825315032	0.187431331514382	0.160572470024044	0.226558336527152	0.398004576252628	0.569762714697779	0.335394219522794	0.473316599741342	0.555001755502405	0.192600727443609	0.25707302847239	0.307028712661205	0.503932530267603	0.511896635346604	0.205794519930451	0.360401070541995	0.244857226461093	0.307028712661205	0.337555431738796	0.283100472443226	0.297752878508648	0.492121020579293	0.425117052044406	0.344194149609331	0.202257036543765	0.436762062043639	0.268654073554879	0.432552253372751	0.186030302193405	0.38545946967103	0.196215944853172	0.303947314400727	0.186030302193406	0.395248843812231	0.545859309589521	0.289949564790996	0.214258337739353	0.423082141355019
"SRR13358121"	0.816475728889459	0.494544175924637	0.324337710416318	0.24250000830742	0.222040624356892	0.344065819142418	0.576030784090936	0.348211150090337	0.851818102115422	0.195310638350939	0.465808717193019	0.354133816702648	0.268505815775963	0.296915458306139	0.354854594262671	0.300066031460651	0.605062229291424	0.57361001653922	0.256318918912319	0.190345300845085	0.645503750394608	0.660422381413529	0.537749920906695	0.376219326164058	0.369875739883108	0.516996154620234	0.268505815775963	0.481077902013185	0.551071683735199	0.293882595164138	0.221270854937888	0.182394946112059	0.513505831229627	0.264068006570517	0.512119339607349	0.339957256859535	0.547090348980783	0.524739865869513	0.376990080514431	0.448571062320372	0.306744192600065	0.740709195981206	0.580998145561067	0.397214985022994	0.160572470024044	0.230566642028744	0.398004576252628	0.569762714697779	0.335394219522794	0.473316599741342	0.595878802197148	0.192600727443609	0.25707302847239	0.307028712661205	0.559431926019824	0.511896635346604	0.209829800628952	0.360401070541995	0.244857226461093	0.307028712661205	0.404594116720621	0.283100472443226	0.297752878508648	0.492121020579293	0.426990801480684	0.344194149609331	0.202257036543765	0.44445394849472	0.268654073554879	0.433985405112796	0.186030302193405	0.38545946967103	0.395555669393346	0.304603059919413	0.186030302193406	0.395248843812231	0.545859309589521	0.293678029029401	0.214258337739353	0.423082141355019
"SRR13358010"	0.816475728889459	0.494544175924637	0.413549502053187	0.258000293758755	0.222040624356892	0.344065819142418	0.576030784090936	0.348211150090337	0.660284063685767	0.249807916557395	0.327956673773246	0.354133816702648	0.284449657208768	0.296915458306139	0.323675047447125	0.311651513165114	0.725027322970062	0.305225230086163	0.325104708407509	0.190345300845085	0.313661292983342	0.328245728834177	0.537749920906695	0.366729719823819	0.262094585020395	0.43679086818774	0.284449657208768	0.501622672677004	0.584140328193129	0.196627279631695	0.221270854937888	0.185548413174372	0.314406587586592	0.38464543273703	0.461843881118718	0.225052607368466	0.302547550918865	0.490673970637137	0.173642270627306	0.612515012308065	0.287796589803431	0.602619309012035	0.706225405015219	0.267559496871189	0.160572470024044	0.310555390974521	0.317739720689044	0.339033407603841	0.335394219522794	0.443760343794135	0.59062983131479	0.192600727443609	0.248003696353691	0.307028712661205	0.502022620395226	0.490425623852181	0.334438815780303	0.360401070541995	0.278774384730188	0.307028712661205	0.366296990883087	0.283100472443226	0.28537288603396	0.438249518298389	0.465635097319512	0.344194149609331	0.202257036543765	0.432496466329269	0.268654073554879	0.362336538110297	0.246289660088275	0.38545946967103	0.273243910888621	0.252277426011312	0.246289660088276	0.395248843812231	0.328929863528853	0.357988016832285	0.214258337739353	0.378280775773809
"SRR13357899"	0.816475728889459	0.494544175924637	0.39100802978049	0.259559790972777	0.222040624356892	0.344065819142418	0.576030784090936	0.348211150090337	0.851818102115422	0.255715087734476	0.465808717193019	0.354133816702648	0.286048853975668	0.296915458306139	0.301172706254181	0.312804571301879	0.556215237740915	0.247651647738054	0.301716763843364	0.190345300845085	0.224759959644981	0.660422381413529	0.537749920906695	0.376219326164058	0.369875739883108	0.516996154620234	0.286048853975669	0.473492546603287	0.435728592618444	0.139285172474714	0.221270854937888	0.187289900307767	0.513505831229627	0.371790821647327	0.512119339607349	0.156609026492618	0.16338151349637	0.524739865869513	0.0843796691165025	0.307314947438435	0.306744192600065	0.461637825915859	0.530805825315032	0.187431331514382	0.160572470024044	0.297493236561056	0.398004576252628	0.569762714697779	0.335394219522794	0.473316599741342	0.3714129890851	0.192600727443609	0.25707302847239	0.307028712661205	0.534371198978359	0.511896635346604	0.373472294428964	0.360401070541995	0.282263022779825	0.307028712661205	0.337555431738796	0.283100472443226	0.297752878508648	0.492121020579293	0.455724923108742	0.344194149609331	0.202257036543765	0.376827804427241	0.268654073554879	0.455911028900175	0.262012003897389	0.38545946967103	0.196215944853172	0.303947314400727	0.26201200389739	0.395248843812231	0.545859309589521	0.353632486716083	0.214258337739353	0.423082141355019
"SRR13357647"	0.816475728889459	0.494544175924637	0.334019141741226	0.263420069841152	0.222040624356892	0.344065819142418	0.576030784090936	0.348211150090337	0.851818102115422	0.270512452576076	0.465808717193019	0.354133816702648	0.290003613921703	0.296915458306139	0.322757453278084	0.31564944178386	0.670710010598598	0.370354870959399	0.262868932962327	0.190345300845085	0.382140022678753	0.660422381413529	0.537749920906695	0.376219326164058	0.369875739883108	0.516996154620234	0.290003613921703	0.49185103770194	0.592076027830717	0.192829768931823	0.221270854937888	0.183126492328268	0.513505831229627	0.33692313117298	0.512119339607349	0.22045602287594	0.292781671805852	0.524739865869513	0.166827801682096	0.49888798274813	0.306744192600065	0.529931585028863	0.649195367521725	0.262318687500177	0.160572470024044	0.239946251512899	0.398004576252628	0.569762714697779	0.335394219522794	0.473316599741342	0.637530071542609	0.192600727443609	0.25707302847239	0.307028712661205	0.532307338169606	0.511896635346604	0.323422416827295	0.360401070541995	0.290952134360202	0.307028712661205	0.364585695333229	0.283100472443226	0.297752878508648	0.492121020579293	0.431296183698351	0.344194149609331	0.202257036543765	0.455408992201043	0.268654073554879	0.437276549555286	0.259087655306612	0.38545946967103	0.268252470964551	0.305534524956939	0.259087655306613	0.395248843812231	0.545859309589521	0.302334190853947	0.214258337739353	0.423082141355019
"SRR13358145"	0.816698417091793	0.494544175924637	0.448007958842559	0.276495250894369	0.304080130061293	0.505460693309257	0.636239490598922	0.348211150090337	0.851818102115422	0.088980685858107	0.495308079110163	0.382486916850706	0.135405741513338	0.376964202118476	0.337384859983683	0.319491746478345	0.655523266680503	0.573367728666688	0.340034398298435	0.281990846708714	0.62897401005022	0.667364514390491	0.537749920906695	0.48350927844507	0.369875739883108	0.541402626131617	0.135405741513338	0.525709457337428	0.630723909084766	0.356092794678703	0.273744978091491	0.271938656652255	0.535412885147166	0.436044048755787	0.536098317953283	0.366923776795051	0.529632864378589	0.50851798009792	0.436326090516617	0.667014078645191	0.370919722901912	0.743389544360233	0.639486649722318	0.422908988997941	0.228491699698889	0.32887397498461	0.435173720294954	0.586947114350004	0.365937651430542	0.473534771209689	0.612414852502516	0.295357981813054	0.327364872358857	0.323514688514664	0.564348795633887	0.545873918435919	0.361547189870538	0.446666296456028	0.284594589541955	0.323514688514664	0.485755753960567	0.0436000665915146	0.365877081656078	0.52259404942487	0.552410948569198	0.37160893280775	0.259606375066246	0.505259002021497	0.318963626528288	0.489000025304421	0.274968617913229	0.449970135293736	0.421062855902715	0.261236810707496	0.274968617913229	0.470592304417183	0.574134659261051	0.41500402831521	0.210259530002177	0.527649074675593
"SRR13357892"	0.816475728889459	0.494544175924637	0.391401148256314	0.24250000830742	0.222040624356892	0.344065819142418	0.576030784090936	0.348211150090337	0.851818102115422	0.195324898504688	0.465808717193019	0.354133816702648	0.268505815775963	0.296915458306139	0.327086205658278	0.300066031460651	0.381555275686135	0.397280136691666	0.219512342030007	0.190345300845085	0.413958292488961	0.660422381413529	0.537749920906695	0.376219326164058	0.369875739883108	0.516996154620234	0.268505815775963	0.473492546603287	0.521704604630176	0.205003800713696	0.221270854937888	0.182952608550311	0.430492238884295	0.308665995355464	0.430316645446231	0.234965768465591	0.324207475039632	0.524739865869513	0.189074293821805	0.41365907613514	0.306744192600065	0.559763259589554	0.530805825315032	0.279079078398753	0.160572470024044	0.284369850589217	0.398004576252628	0.499530749838873	0.335394219522794	0.473316599741342	0.555001755502405	0.101700643277018	0.25707302847239	0.307028712661205	0.535628234675784	0.511896635346604	0.217026634033873	0.360401070541995	0.244857226461093	0.307028712661205	0.369997000307276	0.283100472443226	0.297752878508648	0.492121020579293	0.456642515323154	0.214565315800621	0.202257036543765	0.436762062043639	0.268654073554879	0.436494680617684	0.203252930580198	0.38545946967103	0.284197446752634	0.113135046219876	0.2032529305802	0.395248843812231	0.545859309589521	0.333335770859569	0.214258337739353	0.423082141355019
"SRR13357761"	0.737804610127371	0.450935512932846	0.33062591769824	0.226591795909467	0.216371502222961	0.328580648949353	0.576030784090936	0.348211150090337	0.843568154642909	0.185932731541868	0.465808717193019	0.354133816702648	0.236015135259559	0.296915458306139	0.34101711507039	0.295878996293005	0.460135048122287	0.486153314747166	0.260572170001468	0.190345300845085	0.510477130139069	0.660422381413529	0.537749920906695	0.347452460130298	0.369875739883108	0.492784291566186	0.236015135259559	0.427157734588514	0.521704604630176	0.247349878697608	0.221270854937888	0.182871078034574	0.483407916136549	0.267355069784657	0.506543706734589	0.285291127869342	0.433717883479076	0.524739865869513	0.274303282288883	0.438201814543584	0.293028516721377	0.661814043288146	0.453679727411957	0.333391971898237	0.160572470024044	0.236645337933618	0.38269321171028	0.543807302888177	0.317979668343738	0.434427720474166	0.540395551059925	0.176766322642693	0.243237594669034	0.307028712661205	0.526736438246238	0.494492898885063	0.21596448990034	0.360401070541995	0.1979067573689	0.307028712661205	0.387381617071977	0.283100472443226	0.282489464077138	0.465796415160261	0.429793294663066	0.3060838773693	0.202257036543765	0.401517196621563	0.265943721234764	0.436127988312782	0.188062635076692	0.38545946967103	0.338367069090928	0.212312564540804	0.188062635076693	0.395248843812231	0.545859309589521	0.29929859403355	0.212822455305945	0.419678178368675
"SRR13357693"	0.492442897004855	0.313829348171173	0.300258423439565	0.153808322056075	0.137762556931288	0.198197569768622	0.384622469117334	0.348211150090337	0.483737449268347	0.127391314208711	0.212981105161225	0.165567349616836	0.180716623770756	0.180072404231624	0.191949408053747	0.192084119612117	0.208331509269	0.23693366029623	0.224139569101103	0.121863537863494	0.267252977607563	0.276441011965261	0.366037449705528	0.180179462589141	0.177567134644659	0.232800462008935	0.180716623770756	0.247004204226786	0.242689296783154	0.150096675181205	0.221270854937888	0.112957460993179	0.244010487822243	0.189686439083623	0.257846744507465	0.176288508382915	0.264533745516896	0.308886712677539	0.158627874351146	0.177490256006128	0.16238305576671	0.614867025728366	0.196019759913006	0.193783001769982	0.128466475654444	0.225742005739976	0.180391663846716	0.263332798847276	0.223054919145264	0.289297553676074	0.331045420019625	0.114903466908953	0.136464774158342	0.200503598781093	0.323096193627092	0.268712461971495	0.189854560435677	0.24170159519556	0.128497534602577	0.200503598781092	0.203056790391982	0.236255932447609	0.158137267549661	0.227017268699112	0.237559124070318	0.232976712345737	0.137714687355043	0.18089223853468	0.157186735622992	0.219793345568466	0.119530478085112	0.217312673507341	0.202918480037247	0.204816434804769	0.119530478085113	0.208431192873376	0.258165518756586	0.222062680105479	0.139773806839104	0.202883399786937
"SRR13357682"	0.816475728889459	0.494544175924637	0.406873657415271	0.24250000830742	0.222040624356892	0.344065819142418	0.576030784090936	0.348211150090337	0.851818102115422	0.195310638350939	0.465808717193019	0.354133816702648	0.268505815775963	0.296915458306139	0.346340443463717	0.300066031460651	0.3967538487804	0.520186528552542	0.194980695484769	0.190345300845085	0.573665978200722	0.660422381413529	0.537749920906695	0.376219326164058	0.369875739883108	0.516996154620234	0.268505815775963	0.484447962139754	0.564006308472363	0.264752800941653	0.221270854937888	0.188417654855722	0.404610288237813	0.331430082722935	0.40480898439557	0.305789987835829	0.477411803070687	0.524739865869513	0.311989278467066	0.464253550566972	0.306744192600065	0.80415768238854	0.602813117160219	0.359393338874762	0.160572470024044	0.314196463498331	0.398004576252628	0.477009322674495	0.335394219522794	0.473316599741342	0.613640034057851	0.0819547317967623	0.25707302847239	0.307028712661205	0.585718764654681	0.511896635346604	0.295631647086543	0.360401070541995	0.244857226461093	0.307028712661205	0.394010563263796	0.283100472443226	0.297752878508648	0.492121020579293	0.462311239356552	0.18156154313823	0.202257036543765	0.447877065757564	0.268654073554879	0.460926830089925	0.186030302193405	0.38545946967103	0.36004186765825	0.0796609269715138	0.186030302193406	0.395248843812231	0.545859309589521	0.368034347572966	0.214258337739353	0.423082141355019
"SRR13357671"	0.694964878188702	0.494544175924637	0.402567047830485	0.24250000830742	0.222040624356892	0.344065819142418	0.576030784090936	0.348211150090337	0.851818102115422	0.195310638350939	0.465808717193019	0.354133816702648	0.268505815775963	0.296915458306139	0.339359829642269	0.300066031460651	0.556215237740915	0.475517492669357	0.309684073301924	0.190345300845085	0.521058179025868	0.660422381413529	0.39902340997753	0.376219326164058	0.369875739883108	0.506360543259978	0.268505815775963	0.473492546603287	0.521704604630176	0.242065800842206	0.221270854937888	0.188112491746756	0.513505831229627	0.326731252423785	0.512119339607349	0.278995679709982	0.420225270850762	0.354812326302078	0.263111982312562	0.41365907613514	0.306744192600065	0.76198970638127	0.530805825315032	0.329307401245736	0.160572470024044	0.309634167980364	0.398004576252628	0.569762714697779	0.335394219522794	0.277762089032199	0.555001755502405	0.192600727443609	0.25707302847239	0.307028712661205	0.327788650091867	0.511896635346604	0.290881199075796	0.360401070541995	0.244857226461093	0.307028712661205	0.385316152568549	0.283100472443226	0.297752878508648	0.3224211462543	0.4605306267647	0.344194149609331	0.202257036543765	0.436762062043639	0.268654073554879	0.459571045445553	0.186030302193405	0.38545946967103	0.331718066371049	0.303947314400727	0.186030302193406	0.395248843812231	0.545859309589521	0.364119330601507	0.214258337739353	0.423082141355019
"SRR13357660"	0.816475728889459	0.494544175924637	0.404585983236001	0.294088457788836	0.222040624356892	0.344065819142418	0.576030784090936	0.348211150090337	0.668637990447639	0.399434806863236	0.332392670146464	0.354133816702648	0.321237864631438	0.296915458306139	0.336737990149268	0.337821458785034	0.556215237740915	0.384438781813972	0.31107953456459	0.190345300845085	0.0486368334405019	0.232864834472483	0.537749920906695	0.36705596740633	0.0403124589289001	0.439531789572976	0.321237864631438	0.473492546603287	0.521704604630176	0.235221777847822	0.221270854937888	0.188255634179861	0.32064894154381	0.516854322339428	0.463574143021777	0.27088602656423	0.0601804726622938	0.491851509148134	0.059904133079531	0.41365907613514	0.288439604035682	0.752130318253604	0.530805825315032	0.320128973548228	0.160572470024044	0.311770361084522	0.320370273353754	0.346416335309762	0.335394219522794	0.473316599741342	0.542401058285814	0.192600727443609	0.248313486403098	0.307028712661205	0.532288139616508	0.491167431013689	0.59485771499537	0.360401070541995	0.36211260139349	0.307028712661205	0.382601042033986	0.283100472443226	0.285795494436181	0.440094283921836	0.461366009636406	0.344194149609331	0.202257036543765	0.436762062043639	0.268654073554879	0.37655165444258	0.282726087162247	0.38545946967103	0.323059231658512	0.303947314400727	0.282726087162248	0.395248843812231	0.335807611494603	0.365954145545756	0.214258337739353	0.114823592909758
"SRR13358098"	0.816475728889459	0.494544175924637	0.325141817557453	0.260316493232288	0.222040624356892	0.344065819142418	0.576030784090936	0.348211150090337	0.851818102115422	0.258559307998684	0.465808717193019	0.354133816702648	0.286824500904185	0.296915458306139	0.301172706254181	0.313363271809933	0.556215237740915	0.247651647738054	0.256862603651636	0.190345300845085	0.224759959644981	0.660422381413529	0.537749920906695	0.376219326164058	0.369875739883108	0.516996154620234	0.286824500904185	0.473492546603287	0.521704604630176	0.139285172474714	0.221270854937888	0.182456041129745	0.513505831229627	0.314863621143841	0.512119339607349	0.156609026492618	0.16338151349637	0.524739865869513	0.0843796691165025	0.41365907613514	0.306744192600065	0.341456179415772	0.530805825315032	0.187431331514382	0.160572470024044	0.231341162338355	0.398004576252628	0.569762714697779	0.335394219522794	0.473316599741342	0.535505700032012	0.192600727443609	0.25707302847239	0.307028712661205	0.506173782996659	0.511896635346604	0.2959454170818	0.360401070541995	0.283960354225763	0.307028712661205	0.337555431738796	0.283100472443226	0.297752878508648	0.492121020579293	0.427350463519116	0.344194149609331	0.202257036543765	0.436762062043639	0.268654073554879	0.434260437793311	0.217537947759735	0.38545946967103	0.196215944853172	0.303947314400727	0.217537947759736	0.395248843812231	0.545859309589521	0.294396413052724	0.214258337739353	0.423082141355019
"SRR13358087"	0.816475728889459	0.494544175924637	0.434069166856468	0.24250000830742	0.222040624356892	0.344065819142418	0.576030784090936	0.348211150090337	0.851818102115422	0.19534735679608	0.465808717193019	0.354133816702648	0.268505815775963	0.296915458306139	0.340129581988969	0.300066031460651	0.556215237740915	0.480458415488674	0.331605886104735	0.190345300845085	0.527504492051329	0.660422381413529	0.537749920906695	0.376219326164058	0.369875739883108	0.516996154620234	0.268505815775963	0.473492546603287	0.521704604630176	0.244512030299195	0.221270854937888	0.19033205181182	0.513505831229627	0.353630956673158	0.512119339607349	0.281891502031511	0.426482540502009	0.524739865869513	0.268276554865008	0.41365907613514	0.306744192600065	0.804489874646492	0.530805825315032	0.332576757324754	0.160572470024044	0.343481771739745	0.398004576252628	0.569762714697779	0.335394219522794	0.473316599741342	0.543991367936836	0.192600727443609	0.25707302847239	0.307028712661205	0.590462013150959	0.511896635346604	0.326283674258445	0.360401070541995	0.244857226461093	0.307028712661205	0.386275587617521	0.283100472443226	0.297752878508648	0.492121020579293	0.473451453932897	0.344194149609331	0.202257036543765	0.436762062043639	0.268654073554879	0.469406239199233	0.250285136582593	0.38545946967103	0.334800106282731	0.303947314400727	0.250285136582595	0.395248843812231	0.545859309589521	0.392861552909757	0.214258337739353	0.423082141355019
"SRR13358076"	0.816475728889459	0.494544175924637	0.375512577776095	0.24250000830742	0.222040624356892	0.344065819142418	0.576030784090936	0.348211150090337	0.851818102115422	0.195328605847519	0.465808717193019	0.354133816702648	0.268505815775963	0.296915458306139	0.336502096545416	0.300066031460651	0.556215237740915	0.457175850512711	0.291090113743602	0.190345300845085	0.497018818395229	0.660422381413529	0.537749920906695	0.376219326164058	0.369875739883108	0.516996154620234	0.268505815775963	0.473492546603287	0.521704604630176	0.233107502700505	0.221270854937888	0.18617767231323	0.513505831229627	0.303661989714725	0.512119339607349	0.268429116840169	0.397173420351925	0.524739865869513	0.24445807621056	0.498719445035516	0.306744192600065	0.705675778644053	0.530805825315032	0.317284304600821	0.160572470024044	0.281460428856751	0.398004576252628	0.569762714697779	0.335394219522794	0.473316599741342	0.543385094815328	0.192600727443609	0.25707302847239	0.307028712661205	0.563599156681158	0.511896635346604	0.261709433884057	0.360401070541995	0.244857226461093	0.307028712661205	0.381752773510464	0.283100472443226	0.297752878508648	0.492121020579293	0.449214555296089	0.344194149609331	0.202257036543765	0.436762062043639	0.268654073554879	0.45095026864051	0.241852987275346	0.38545946967103	0.320373617729204	0.303947314400727	0.241852987275347	0.395248843812231	0.545859309589521	0.339620558387524	0.214258337739353	0.423082141355019
"SRR13358065"	0.816475728889459	0.494544175924637	0.36195089352432	0.260056626566181	0.222040624356892	0.344065819142418	0.576030784090936	0.348211150090337	0.851818102115422	0.257589339067778	0.465808717193019	0.354133816702648	0.286558151666197	0.296915458306139	0.324579596967117	0.31317146066894	0.556215237740915	0.381624091622815	0.281833496185225	0.190345300845085	0.397048390682953	0.660422381413529	0.537749920906695	0.376219326164058	0.369875739883108	0.516996154620234	0.286558151666197	0.473492546603287	0.416656408216431	0.19789625608873	0.221270854937888	0.185193477280727	0.513505831229627	0.351131900717896	0.512119339607349	0.22661312550489	0.305819419093865	0.524739865869513	0.175945085963583	0.492914814165737	0.306744192600065	0.597260240460118	0.530805825315032	0.269308252704752	0.160572470024044	0.26766154235884	0.398004576252628	0.569762714697779	0.335394219522794	0.473316599741342	0.334273231112228	0.192600727443609	0.25707302847239	0.307028712661205	0.546175762835761	0.511896635346604	0.339902852876867	0.360401070541995	0.283377124157921	0.307028712661205	0.366864008365572	0.283100472443226	0.297752878508648	0.492121020579293	0.443443058164392	0.344194149609331	0.202257036543765	0.363731929336428	0.268654073554879	0.44654960295086	0.287841419815812	0.38545946967103	0.274908292844563	0.303947314400727	0.287841419815813	0.395248843812231	0.545859309589521	0.327398140902028	0.214258337739353	0.423082141355019
"SRR13358021"	0.816475728889459	0.494544175924637	0.415768086157756	0.275643244146972	0.222040624356892	0.344065819142418	0.576030784090936	0.348211150090337	0.851818102115422	0.31989244648536	0.465808717193019	0.354133816702648	0.30249100399908	0.296915458306139	0.317999981264661	0.32457376586215	0.556215237740915	0.341462344315101	0.318830821111661	0.190345300845085	0.344105579641047	0.660422381413529	0.537749920906695	0.376219326164058	0.369875739883108	0.516996154620234	0.30249100399908	0.473492546603287	0.521704604630176	0.180001835001088	0.221270854937888	0.189045954390016	0.513505831229627	0.456829588574652	0.512119339607349	0.205154187243306	0.260163110897763	0.524739865869513	0.144694170322616	0.41365907613514	0.306744192600065	0.640929497673939	0.530805825315032	0.244535838427268	0.160572470024044	0.323684816230725	0.398004576252628	0.569762714697779	0.335394219522794	0.432975458075666	0.537887793311615	0.192600727443609	0.25707302847239	0.307028712661205	0.56163228542085	0.511896635346604	0.502152374588319	0.360401070541995	0.318916407371672	0.307028712661205	0.358634152674337	0.283100472443226	0.297752878508648	0.492121020579293	0.465973347705173	0.344194149609331	0.202257036543765	0.436762062043639	0.268654073554879	0.463714745554485	0.246312906312298	0.38545946967103	0.251274121824087	0.303947314400727	0.246312906312299	0.395248843812231	0.545859309589521	0.376134010246946	0.214258337739353	0.423082141355019
"SRR13358009"	0.816475728889459	0.494544175924637	0.455442869609691	0.259297370915302	0.222040624356892	0.344065819142418	0.576030784090936	0.348211150090337	0.851818102115422	0.254690521117159	0.465808717193019	0.354133816702648	0.285779815493053	0.296915458306139	0.344113699890515	0.312610697221144	0.556215237740915	0.505985608068058	0.355312942550711	0.190345300845085	0.560565784011442	0.660422381413529	0.537749920906695	0.376219326164058	0.369875739883108	0.516996154620234	0.285779815493053	0.473492546603287	0.521704604630176	0.257394478035996	0.221270854937888	0.188255170594141	0.513505831229627	0.430470611286055	0.512119339607349	0.297148200361499	0.459092730782705	0.524739865869513	0.295914581443702	0.465175007693554	0.306744192600065	0.790285845683285	0.530805825315032	0.349693723499855	0.160572470024044	0.354923668018086	0.398004576252628	0.569762714697779	0.335394219522794	0.473316599741342	0.555001755502405	0.192600727443609	0.25707302847239	0.307028712661205	0.582694411121789	0.511896635346604	0.389061802969143	0.360401070541995	0.28167508970637	0.307028712661205	0.391238724380689	0.283100472443226	0.297752878508648	0.492121020579293	0.482716699231451	0.344194149609331	0.202257036543765	0.436762062043639	0.268654073554879	0.460205078683633	0.249602076095066	0.38545946967103	0.350919142563433	0.303947314400727	0.249602076095067	0.395248843812231	0.545859309589521	0.39483359935683	0.214258337739353	0.423082141355019
"SRR13357998"	0.816475728889459	0.494544175924637	0.381566652000702	0.24250000830742	0.222040624356892	0.344065819142418	0.576030784090936	0.348211150090337	0.851818102115422	0.195310638350939	0.465808717193019	0.354133816702648	0.268505815775963	0.296915458306139	0.341635609146211	0.300066031460651	0.556215237740915	0.490119895271036	0.295235103710416	0.190345300845085	0.540068006029836	0.660422381413529	0.537749920906695	0.376219326164058	0.369875739883108	0.516996154620234	0.268505815775963	0.473492546603287	0.521704604630176	0.249338388482733	0.221270854937888	0.186613650126959	0.513505831229627	0.309459478000842	0.512119339607349	0.28760037594506	0.438771520579737	0.524739865869513	0.278548008894676	0.41365907613514	0.306744192600065	0.746569828951888	0.530805825315032	0.339009460538274	0.160572470024044	0.287690978124948	0.398004576252628	0.569762714697779	0.335394219522794	0.473316599741342	0.555001755502405	0.192600727443609	0.25707302847239	0.307028712661205	0.571054556973199	0.511896635346604	0.268135352387187	0.360401070541995	0.244857226461093	0.307028712661205	0.388152239838827	0.283100472443226	0.297752878508648	0.492121020579293	0.451768141525094	0.344194149609331	0.202257036543765	0.436762062043639	0.268654073554879	0.45289642428527	0.239768575099949	0.38545946967103	0.340861046054307	0.303947314400727	0.23976857509995	0.395248843812231	0.545859309589521	0.345088909497144	0.214258337739353	0.423082141355019
"SRR13357987"	0.816475728889459	0.494544175924637	0.433479886554083	0.256966651999591	0.222040624356892	0.344065819142418	0.576030784090936	0.348211150090337	0.851818102115422	0.245950652844359	0.465808717193019	0.354133816702648	0.283389213703045	0.296915458306139	0.320342058874657	0.310886044084473	0.556215237740915	0.355582989914864	0.331192688538239	0.190345300845085	0.362652557460101	0.660422381413529	0.537749920906695	0.376219326164058	0.369875739883108	0.516996154620234	0.283389213703045	0.473492546603287	0.521704604630176	0.186244462372277	0.221270854937888	0.190290753067096	0.513505831229627	0.403887050770827	0.512119339607349	0.212601820288838	0.275955331431623	0.524739865869513	0.155291064271991	0.41365907613514	0.306744192600065	0.686130610627699	0.530805825315032	0.25320461053127	0.160572470024044	0.342838680135434	0.398004576252628	0.569762714697779	0.335394219522794	0.473316599741342	0.545252340121582	0.192600727443609	0.25707302847239	0.307028712661205	0.570978986529172	0.511896635346604	0.411586405487417	0.360401070541995	0.276469217587804	0.307028712661205	0.361564595340062	0.283100472443226	0.297752878508648	0.492121020579293	0.47321171873434	0.344194149609331	0.202257036543765	0.436762062043639	0.268654073554879	0.469223802657531	0.211447776594711	0.38545946967103	0.259559057125152	0.303670664836367	0.211447776594712	0.395248843812231	0.545859309589521	0.39232160042708	0.214258337739353	0.423082141355019
"SRR13357943"	0.856622151879755	0.519565159906964	0.331261951843988	0.371479469488794	0.233609000960585	0.344065819142418	0.63220271731903	0.40656224491324	0.688237840293246	0.317112737929729	0.343151829038242	0.398501677967352	0.30146997430099	0.296915458306139	0.327862428963899	0.355002226854631	0.556215237740915	0.337286697746975	0.261002587898341	0.205947568358655	0.36340032203682	0.364953411153433	0.771328376146169	0.379746515389904	0.27366233471917	0.52933873257658	0.30146997430099	0.510426882943573	0.521704604630176	0.208395761627531	0.221270854937888	0.182919032481108	0.335880341513676	0.356438746097442	0.467727138735748	0.240691594400193	0.423167338417779	0.611735901802954	0.195474168542324	0.418769114672462	0.289985150066765	0.568120877740929	0.530805825315032	0.283727327985201	0.170365723280165	0.237262965074327	0.326725340087207	0.364420797316603	0.414505190777135	0.517016354523479	0.539216434989169	0.192600727443609	0.25332928666929	0.386485343557774	0.550738423733761	0.492946578549741	0.353685010408249	0.360401070541995	0.337705622256374	0.386485343557774	0.371467531851468	0.283100472443226	0.286810518092014	0.533832052044388	0.430075490842651	0.410852611899879	0.202257036543765	0.436762062043639	0.305738520322382	0.36097650545572	0.306550777993756	0.413893414944277	0.297176204892801	0.303947314400727	0.306550777993758	0.395248843812231	0.352584060517172	0.299867450414297	0.214258337739353	0.438857112462652
"SRR13357932"	0.868761091481406	0.528249348801001	0.368742746783733	0.420366908881053	0.23772862150758	0.344065819142418	0.651004740283741	0.427586002976676	0.702820150943567	0.360173323291337	0.351508703696653	0.41437263818349	0.311673018144768	0.296915458306139	0.335305317196831	0.373806543595949	0.556215237740915	0.386620185353456	0.286464640706965	0.211590305394973	0.432244538533765	0.385515960016178	0.830053792405429	0.384533025633915	0.280049803684436	0.563172210003503	0.311673018144768	0.523264250405215	0.521704604630176	0.230571077561516	0.221270854937888	0.185687752505161	0.347791219513996	0.422604874915463	0.470913007114172	0.267806138492362	0.518466318110809	0.652209966961976	0.239255470585242	0.42055022299683	0.291172948755871	0.689522780757054	0.530805825315032	0.313865980469599	0.173880676805006	0.274544683729147	0.331639383629615	0.378483964798039	0.443330314747145	0.532185558622858	0.541627831204771	0.192600727443609	0.255405976756491	0.415875516221032	0.595298817749304	0.49431022011905	0.451313160475438	0.360401070541995	0.369487862279388	0.415875516221032	0.380728997309291	0.283100472443226	0.287589877588427	0.568053611515195	0.446342720567949	0.434968309807832	0.202257036543765	0.436762062043639	0.319285281197364	0.377983473203059	0.396417530056676	0.423927692599976	0.32933807763322	0.303947314400727	0.396417530056677	0.395248843812231	0.365694705867566	0.333514668854283	0.214258337739353	0.461509407565033
"SRR13357921"	0.816475728889459	0.494544175924637	0.329935527340563	0.262910067825749	0.222040624356892	0.344065819142418	0.576030784090936	0.348211150090337	0.851818102115422	0.268530850657991	0.465808717193019	0.354133816702648	0.28948143731732	0.296915458306139	0.339197531143141	0.315274343122397	0.556215237740915	0.47447560796232	0.260105014903297	0.190345300845085	0.519697130168532	0.660422381413529	0.537749920906695	0.376219326164058	0.369875739883108	0.516996154620234	0.289481437317321	0.473492546603287	0.469221154012724	0.241551814705633	0.221270854937888	0.182818983533377	0.513505831229627	0.333963514336697	0.512119339607349	0.278420179744082	0.418908274944583	0.524739865869513	0.26203053437428	0.398715594557057	0.306744192600065	0.64771154310451	0.530805825315032	0.32861970605309	0.160572470024044	0.235975505247498	0.398004576252628	0.569762714697779	0.335394219522794	0.473316599741342	0.424119971458452	0.192600727443609	0.25707302847239	0.307028712661205	0.54681010644867	0.482773877471558	0.315544438165977	0.360401070541995	0.289799920046482	0.307028712661205	0.385113839034711	0.283100472443226	0.297752878508648	0.492121020579293	0.429486722240403	0.344194149609331	0.202257036543765	0.399957447437367	0.268654073554879	0.435893657771304	0.222303759674143	0.38545946967103	0.331069627219839	0.303947314400727	0.222303759674144	0.395248843812231	0.545859309589521	0.298681196686448	0.214258337739353	0.423082141355019
"SRR13357910"	0.79870555078641	0.494544175924637	0.428651298641202	0.255509246325013	0.217138096078748	0.333326390549843	0.576030784090936	0.348211150090337	0.851818102115422	0.240579505081509	0.465808717193019	0.345765666374156	0.281893353531445	0.296915458306139	0.316414929124395	0.30980508783869	0.156858890733494	0.331727097411579	0.214958180134411	0.190345300845084	0.32403275398849	0.660422381413529	0.537749920906695	0.357328933252248	0.369875739883108	0.506756860475779	0.281893353531445	0.453686065573426	0.521704604630154	0.174182758504935	0.221270854937888	0.189952100275454	0.405802113179569	0.393575330968822	0.41030057747453	0.18635699065425	0.251611750456703	0.524739865869513	0.142079542478056	0.362281109687324	0.299366346283459	0.657584152004535	0.47816696204607	0.226893342699116	0.160572470024044	0.337583190181301	0.398004576252628	0.47699275391785	0.329792303008807	0.473316599741342	0.539727599666301	0.0865286248268076	0.256724043461576	0.300375908865677	0.56614359250795	0.511896635346569	0.396668662669859	0.360401070541995	0.273228853505344	0.300375908865677	0.357877780977033	0.283100472443169	0.290406367299246	0.487402159575703	0.443432742522796	0.189145295794799	0.202257036543718	0.417926561097498	0.268220400116085	0.467726980597174	0.282813705484761	0.385459469670995	0.239637821747666	0.0899055465876363	0.282813705484763	0.395248843812207	0.545859309589493	0.387900615525178	0.213267457508044	0.421834112575479
"SRR13357862"	0.816475728889459	0.494544175924637	0.410989943433257	0.24250000830742	0.222040624356892	0.344065819142418	0.576030784090936	0.348211150090337	0.851818102115422	0.195310638350939	0.465808717193019	0.354133816702648	0.268505815775963	0.296915458306139	0.316178786564051	0.300066031460651	0.556215237740915	0.330634317480352	0.31551392971997	0.190345300845085	0.32995278940627	0.660422381413529	0.537749920906695	0.376219326164058	0.369875739883108	0.516996154620234	0.268505815775963	0.473492546603287	0.521704604630176	0.175244955793143	0.221270854937888	0.188708737962329	0.513505831229627	0.330224434099915	0.512119339607349	0.199478374065621	0.248254808056197	0.524739865869513	0.136848379755689	0.41365907613514	0.306744192600065	0.619123642581497	0.530805825315032	0.237912344459879	0.160572470024044	0.31857663752949	0.398004576252628	0.569762714697779	0.335394219522794	0.473316599741342	0.555001755502405	0.192600727443609	0.25707302847239	0.307028712661205	0.557889794085113	0.511896635346604	0.300199010730632	0.360401070541995	0.244857226461093	0.307028712661205	0.356354778255596	0.283100472443226	0.297752878508648	0.492121020579293	0.46400852891922	0.344194149609331	0.202257036543765	0.436762062043639	0.268654073554879	0.462219027819023	0.186030302193405	0.38545946967103	0.244932520461871	0.181989870296983	0.186030302193406	0.395248843812231	0.545859309589521	0.371780451426823	0.214258337739353	0.423082141355019
"SRR13357851"	0.816475728889459	0.494544175924637	0.267052376668592	0.256008023462604	0.222040624356892	0.344065819142418	0.576030784090936	0.348211150090337	0.851818102115422	0.242400419308454	0.465808717193019	0.354133816702648	0.282405378935131	0.296915458306139	0.355388999031174	0.310175250975536	0.274396648384662	0.576900273647837	0.110324101521104	0.190345300845085	0.64341210282723	0.660422381413529	0.537749920906695	0.376219326164058	0.369875739883108	0.516996154620234	0.282405378935131	0.473492546603287	0.521704604630176	0.29576119319358	0.221270854937888	0.177846631755956	0.375094796947043	0.256599827767256	0.375709516795996	0.342190019891786	0.551405643235646	0.524739865869513	0.381227392872989	0.471580895482614	0.306744192600065	0.641763750346703	0.530805825315032	0.399621623326723	0.160572470024044	0.177555607138489	0.398004576252628	0.450871073265622	0.335394219522794	0.473316599741342	0.536209957936203	0.0633784426889231	0.25707302847239	0.307028712661205	0.533055877994201	0.511896635346604	0.20867748522733	0.360401070541995	0.274336511713182	0.307028712661205	0.405257585887015	0.283100472443226	0.297752878508648	0.492121020579293	0.400194018384808	0.14822868947185	0.202257036543765	0.436762062043639	0.268654073554879	0.413433433161886	0.209718708156369	0.38545946967103	0.397813124022148	0.0517141696903708	0.20971870815637	0.395248843812231	0.545859309589521	0.242723748545653	0.214258337739353	0.423082141355019
"SRR13357840"	0.816475728889459	0.494544175924637	0.413232518534635	0.24250000830742	0.222040624356892	0.344065819142418	0.576030784090936	0.348211150090337	0.851818102115422	0.195310638350939	0.465808717193019	0.354133816702648	0.268505815775963	0.296915458306139	0.3498673824097	0.300066031460651	0.556215237740915	0.542516929904638	0.317069777817838	0.190345300845085	0.607000741270213	0.660422381413529	0.537749920906695	0.376219326164058	0.369875739883108	0.516996154620234	0.268505815775963	0.473492546603287	0.521704604630176	0.276632574458651	0.221270854937888	0.188867093151749	0.513505831229627	0.337358784848043	0.512119339607349	0.319759064293854	0.506419258353103	0.524739865869513	0.338286974400549	0.41365907613514	0.306744192600065	0.827450285807138	0.530805825315032	0.374930701462194	0.160572470024044	0.320970950679649	0.398004576252628	0.569762714697779	0.335394219522794	0.473316599741342	0.53254652058228	0.192600727443609	0.25707302847239	0.307028712661205	0.591549631208819	0.511896635346604	0.302698307148877	0.360401070541995	0.244857226461093	0.307028712661205	0.398397668190635	0.283100472443226	0.297752878508648	0.492121020579293	0.464931397991802	0.344194149609331	0.202257036543765	0.436762062043639	0.268654073554879	0.462921581671621	0.186030302193405	0.38545946967103	0.37464091087074	0.303947314400727	0.186030302193406	0.395248843812231	0.545859309589521	0.373823061477937	0.214258337739353	0.423082141355019
"SRR13357829"	0.816475728889459	0.494544175924637	0.472105572207064	0.24250000830742	0.222040624356892	0.344065819142418	0.576030784090936	0.348211150090337	0.851818102115422	0.195310638350939	0.465808717193019	0.354133816702648	0.268505815775963	0.296915458306139	0.301172706254181	0.300066031460651	0.556215237740915	0.247651647738054	0.367754023218635	0.190345300845085	0.224759959644981	0.660422381413529	0.537749920906695	0.376219326164058	0.369875739883108	0.516996154620234	0.268505815775963	0.473492546603287	0.46959304033584	0.139285172474714	0.221270854937888	0.189230817246497	0.513505831229627	0.37376875764367	0.512119339607349	0.15663466442705	0.16338151349637	0.524739865869513	0.0843796691165025	0.408556246580724	0.306744192600065	0.511354595920103	0.530805825315032	0.187431331514382	0.160572470024044	0.372781097116565	0.398004576252628	0.569762714697779	0.335394219522794	0.473316599741342	0.445340950185144	0.192600727443609	0.25707302847239	0.307028712661205	0.545484981327982	0.511896635346604	0.30847701839111	0.360401070541995	0.244857226461093	0.307028712661205	0.337555431738796	0.283100472443226	0.297752878508648	0.492121020579293	0.489455392325562	0.344194149609331	0.202257036543765	0.400215522330265	0.268654073554879	0.46453411190004	0.186030302193405	0.38545946967103	0.196215944853172	0.303947314400727	0.186030302193406	0.395248843812231	0.545859309589521	0.409188112894576	0.214258337739353	0.423082141355019
"SRR13357784"	0.816475728889459	0.494544175924637	0.472583371938451	0.325755569636906	0.264414490973345	0.487797703264782	0.576030784090936	0.348211150090337	0.672363442975867	0.350548579223415	0.33439876596578	0.354133816702648	0.30986951982935	0.296915458306139	0.300761124472887	0.3298080671711	0.556215237740915	0.1942418928725	0.39135170455664	0.249453318574421	0.172172386820016	0.343684376065345	0.537749920906695	0.459350542524271	0.266991818275299	0.440766479273328	0.309869519829351	0.487978597752431	0.521704604630176	0.139285172474714	0.221270854937888	0.184933197985916	0.323479387577723	0.519036277726719	0.464353087776022	0.156609026492618	0.16338151349637	0.492381457705132	0.0843796691165025	0.41365907613514	0.298946177826695	0.401854688070947	0.530805825315032	0.187431331514382	0.160572470024044	0.358343690503739	0.321557828607004	0.349763358824909	0.335394219522794	0.473316599741342	0.546608722552161	0.273907160770423	0.282193001028577	0.307028712661205	0.477141011072723	0.491501273466642	0.467768239517896	0.360401070541995	0.335767979641635	0.307028712661205	0.337555431738796	0.283100472443226	0.298206545279227	0.440925012427951	0.619516360195745	0.344194149609331	0.202257036543765	0.436762062043639	0.26925121382299	0.394330250512074	0.290316300717399	0.38545946967103	0.196215944853172	0.315698372614452	0.2903163007174	0.395248843812231	0.338925840398686	0.458689487588025	0.243122661883917	0.493982726019564
"SRR13357774"	0.816475728889459	0.494544175924637	0.507717816565361	0.335805746460001	0.271530341722394	0.511242742818026	0.576030784090936	0.348211150090337	0.707051412324275	0.362457171541881	0.353994948515252	0.354133816702648	0.312665870444909	0.296915458306139	0.300825919793217	0.33178475903097	0.658500624473503	0.20203507565963	0.422023177442232	0.259786781834249	0.179756486030004	0.391672549886051	0.537749920906695	0.475790570770804	0.281953869750193	0.452678888924425	0.312665870444909	0.506566580731669	0.513536081687431	0.139285172474714	0.221270854937888	0.186417929245144	0.351347024886163	0.559610917077164	0.471854515387506	0.156688577094885	0.16338151349637	0.497480022615714	0.0843796691165025	0.592985395353888	0.303432585523903	0.439362510159221	0.636449704676001	0.187431331514382	0.160572470024044	0.394447295007633	0.333098002801081	0.382678570707543	0.335394219522794	0.473316599741342	0.502881570579123	0.288473384228699	0.289220831425271	0.307028712661205	0.492639614036122	0.470613737692235	0.512125217399022	0.360401070541995	0.342208911100972	0.307028712661205	0.337555431738796	0.283100472443226	0.302042604808352	0.448932479581592	0.651855095082469	0.344194149609331	0.202257036543765	0.402892087134037	0.26934520256981	0.418591931554755	0.265826227715994	0.38545946967103	0.196215944853172	0.319010722420171	0.265826227715994	0.395248843812231	0.369606759319686	0.498520945144242	0.247894647809199	0.519176659082553
"SRR13357773"	0.816475728889459	0.494544175924637	0.459682132433679	0.330614515996733	0.271876973956043	0.512374426248981	0.576030784090936	0.348211150090337	0.696312022491415	0.340735189837658	0.347739499783469	0.354133816702648	0.307525722322529	0.296915458306139	0.322281416973048	0.328148346657326	0.556215237740915	0.30764398753446	0.385695216256759	0.260292730344612	0.314289572166625	0.376214668665343	0.537749920906695	0.476033077571803	0.277166500673162	0.448904358589415	0.307525722322529	0.490369428698422	0.386441935153958	0.192568955812588	0.221270854937888	0.183338632622692	0.342410969816409	0.501188334976109	0.469480209233775	0.220208844585234	0.292112479931906	0.495867193434019	0.166364064571877	0.35662811611013	0.302604929826963	0.534708834277542	0.530805825315032	0.261958340369612	0.160572470024044	0.341831116267327	0.329425219518363	0.372133713582193	0.335394219522794	0.473316599741342	0.28019318295302	0.289188307676173	0.289023988066442	0.307028712661205	0.494601425880477	0.465961799463631	0.424192004922009	0.360401070541995	0.330391591365165	0.307028712661205	0.364467353502171	0.283100472443226	0.301539542561278	0.446396579907864	0.63504619823069	0.344194149609331	0.202257036543765	0.343039447587717	0.269349741594104	0.401236384182219	0.281622479005122	0.38545946967103	0.267909073936759	0.317659078654444	0.281622479005122	0.395248843812231	0.359773650739004	0.454625020519389	0.24812665809671	0.517849586875762
"SRR13357772"	0.816475728889459	0.494544175924637	0.360600899213151	0.272098495180238	0.222040624356892	0.344065819142418	0.576030784090936	0.348211150090337	0.851818102115422	0.305207045367874	0.465808717193019	0.354133816702648	0.298875029637403	0.296915458306139	0.334069271129428	0.321998344655721	0.556215237740915	0.44159040592718	0.28091402682887	0.190345300845085	0.476481096043677	0.660422381413529	0.537749920906695	0.376219326164058	0.369875739883108	0.516996154620234	0.298875029637403	0.473492546603287	0.439166864641726	0.225636511630128	0.221270854937888	0.185094881951224	0.513505831229627	0.394322218676379	0.512119339607349	0.259510432594489	0.37782426070006	0.524739865869513	0.229241151292486	0.311323573703541	0.306744192600065	0.664966275462064	0.530805825315032	0.307198212543223	0.160572470024044	0.266300026564346	0.398004576252628	0.569762714697779	0.335394219522794	0.473316599741342	0.36886676114518	0.192600727443609	0.25707302847239	0.307028712661205	0.555002219302285	0.484607176869293	0.407288339444558	0.360401070541995	0.310741985559787	0.307028712661205	0.378717494340802	0.283100472443226	0.297752878508648	0.492121020579293	0.442864389162658	0.344194149609331	0.202257036543765	0.379193413746067	0.268654073554879	0.446108206418728	0.239530202721565	0.38545946967103	0.310843336559689	0.303947314400727	0.239530202721565	0.395248843812231	0.545859309589521	0.326183452765315	0.214258337739353	0.423082141355019
"SRR13357744"	0.710837040192949	0.494544175924637	0.409597711472773	0.260336020274833	0.241229430665254	0.409426545453851	0.576030784090936	0.348211150090337	0.702751140376608	0.195336029508259	0.351468390473928	0.354133816702648	0.268505815775963	0.296915458306139	0.338811987565508	0.300066031460651	0.556215237740915	0.408281025061412	0.319841177259615	0.216554171794484	0.448200304998565	0.385416266502568	0.414393968548861	0.410805123616311	0.280018944602875	0.441832726823627	0.268505815775963	0.48026240938029	0.448687309169145	0.241528362598001	0.221270854937888	0.188610348483013	0.347733608091958	0.332642365529749	0.470897717740312	0.278396589956451	0.418848165096185	0.34739754521734	0.261981221294717	0.378933710087005	0.295942451434964	0.770187842318322	0.530805825315032	0.328588321701373	0.160572470024044	0.317093027619994	0.331615720709807	0.378415987969991	0.335394219522794	0.297511354172112	0.399500760845993	0.228132696963684	0.265108444214757	0.307028712661205	0.322824961734224	0.494303678128795	0.298651288265366	0.360401070541995	0.244857226461093	0.307028712661205	0.385104601847735	0.283100472443226	0.293282082493263	0.301643426463538	0.524831871581699	0.344194149609331	0.202257036543765	0.385753062866611	0.268933202346509	0.404865298152448	0.202605942609697	0.38545946967103	0.33104003317564	0.309411718991567	0.202605942609698	0.395248843812231	0.365631314511493	0.402657757272979	0.227436174850146	0.438705214200243
"SRR13357743"	0.816475728889459	0.494544175924637	0.426352246563174	0.257953963936842	0.222040624356892	0.344065819142418	0.576030784090936	0.348211150090337	0.851818102115422	0.249634382983422	0.465808717193019	0.354133816702648	0.284402134434989	0.296915458306139	0.348052017600729	0.311617224219388	0.401368327430608	0.531051968469471	0.240999119858377	0.190345300845085	0.589184147416338	0.660422381413529	0.537749920906695	0.376219326164058	0.369875739883108	0.516996154620234	0.28440213443499	0.473492546603287	0.521704604630176	0.27048393272762	0.221270854937888	0.189790687997885	0.440124434192327	0.405792545521583	0.439808179519606	0.312534744424902	0.491498904124441	0.524739865869513	0.324628827968109	0.41365907613514	0.306744192600065	0.832845004734257	0.530805825315032	0.366908065360553	0.160572470024044	0.335089709446014	0.398004576252628	0.507826703326185	0.335394219522794	0.473316599741342	0.529206952521965	0.109974613474091	0.25707302847239	0.307028712661205	0.594960779046642	0.511896635346604	0.408562445003385	0.360401070541995	0.278670940133055	0.307028712661205	0.396140064924923	0.283100472443226	0.297752878508648	0.492121020579293	0.470306739817212	0.227762728521435	0.202257036543765	0.436762062043639	0.268654073554879	0.467013033506241	0.244148349590344	0.38545946967103	0.367104778059116	0.128455181276927	0.244148349590345	0.395248843812231	0.545859309589521	0.385797752216631	0.214258337739353	0.423082141355019
"SRR13357742"	0.816475728889459	0.494544175924637	0.38715155952159	0.24250000830742	0.222040624356892	0.344065819142418	0.576030784090936	0.348211150090337	0.851818102115422	0.195310638350939	0.465808717193019	0.354133816702648	0.268505815775963	0.296915458306139	0.336036012232372	0.300066031460651	0.556215237740915	0.454186847973017	0.299066548692031	0.190345300845085	0.493086966595824	0.660422381413529	0.537749920906695	0.376219326164058	0.369875739883108	0.516996154620234	0.268505815775963	0.473492546603287	0.521704604630176	0.231665059415659	0.221270854937888	0.187014186276535	0.513505831229627	0.313291709069576	0.512119339607349	0.266667295267191	0.393444826580146	0.524739865869513	0.241494922250841	0.41365907613514	0.306744192600065	0.720358876443041	0.530805825315032	0.315341087711474	0.160572470024044	0.29347682489551	0.398004576252628	0.569762714697779	0.335394219522794	0.473316599741342	0.531681203506347	0.192600727443609	0.25707302847239	0.307028712661205	0.567915640743994	0.511896635346604	0.274115840785559	0.360401070541995	0.244857226461093	0.307028712661205	0.381171390840884	0.283100472443226	0.297752878508648	0.492121020579293	0.454112330212702	0.344194149609331	0.202257036543765	0.436762062043639	0.268654073554879	0.454682555085278	0.199487345078886	0.38545946967103	0.318538487567859	0.303947314400727	0.199487345078887	0.395248843812231	0.545859309589521	0.350140393813122	0.214258337739353	0.423082141355019
"SRR13357740"	0.816475728889459	0.494544175924637	0.362545365543537	0.24250000830742	0.222040624356892	0.344065819142418	0.576030784090936	0.348211150090337	0.851818102115422	0.195310638350939	0.465808717193019	0.354133816702648	0.268505815775963	0.296915458306139	0.327968034406806	0.300066031460651	0.556215237740915	0.402825307243788	0.282238493004944	0.190345300845085	0.425148505283953	0.660422381413529	0.537749920906695	0.376219326164058	0.369875739883108	0.516996154620234	0.268505815775963	0.473492546603287	0.521704604630176	0.207542039408488	0.221270854937888	0.185236856184128	0.513505831229627	0.291684422886236	0.512119339607349	0.237988830690793	0.330793861555319	0.524739865869513	0.193855430130386	0.41365907613514	0.306744192600065	0.624056916620313	0.530805825315032	0.282558324768663	0.160572470024044	0.268261786551453	0.398004576252628	0.569762714697779	0.335394219522794	0.473316599741342	0.530300091085108	0.192600727443609	0.25707302847239	0.307028712661205	0.549801063415328	0.511896635346604	0.24814763524455	0.360401070541995	0.244857226461093	0.307028712661205	0.371098864573672	0.283100472443226	0.297752878508648	0.492121020579293	0.443697627963854	0.344194149609331	0.202257036543765	0.436762062043639	0.268654073554879	0.446743773017566	0.211175154660252	0.38545946967103	0.287501146998659	0.303947314400727	0.211175154660253	0.395248843812231	0.545859309589521	0.327933142418554	0.214258337739353	0.423082141355019
"SRR13358144"	0.465197329697865	0.279337215438814	0.339065831537321	0.290268874084142	0.141475390555072	0.248646123671959	0.347815676086805	0.425305784181166	0.383796462139999	0.233408682443488	0.156472577886895	0.152541959637167	0.1957030929285	0.129099463621416	0.121325082050017	0.213395961447489	0.210758077103608	0.109922524947653	0.271993463502382	0.145783389378815	0.126702475314779	0.23770788970012	0.604533672435381	0.184930654372281	0.1356065319817	0.223856635135105	0.195703092928501	0.231738382949285	0.117381417405741	0.0831797954195941	0.221270854937888	0.0802206026768231	0.220141535619935	0.288262341700115	0.169604506468134	0.0979997281194308	0.176923107198526	0.297556455968359	0.0647819358272582	0.194125051976123	0.122419047823028	0.309114900050462	0.191077763529331	0.100908848064112	0.121497746924041	0.247405460372817	0.127938885534869	0.233752844959915	0.255227704850522	0.268587973304396	0.141822929252355	0.143317196310983	0.11982465747035	0.276940685346882	0.261866953534714	0.170303399592943	0.281487320382252	0.184536086733636	0.187034414383656	0.276940685346882	0.118892139254406	0.210797914426921	0.119985559019362	0.221841605342433	0.272009181022862	0.271188892445329	0.107911447990945	0.0834438284995321	0.137871837895045	0.163284439311048	0.223150706724877	0.165752897946952	0.115181016051832	0.167719386552838	0.223150706724877	0.13227729523338	0.214625728030597	0.243297166660285	0.126342247639476	0.257683972858478
"SRR13358143"	0.402357897380327	0.250665256487889	0.296791342823292	0.295587710359764	0.131438168300473	0.23587418275994	0.315716220878546	0.440064425564518	0.282466298669315	0.220534722916969	0.121416280816268	0.099848657889847	0.181255238841211	0.111173391019443	0.102958487696588	0.177969897895473	0.151542329161637	0.0932119298605034	0.237330239692821	0.140133973648109	0.112279823241962	0.172901109858108	0.622400436509028	0.162441189958772	0.108728263935194	0.186885958071654	0.181255238841211	0.198790998019183	0.133339444482158	0.0762940979507212	0.221270854937888	0.0696225268674302	0.176397698162467	0.243907135743627	0.133653263974602	0.0905915238351117	0.180858126896245	0.276986771155159	0.0620315661314882	0.259175612313458	0.103090346530009	0.301706765862465	0.13581000776116	0.0907879806829281	0.116203808749289	0.215518712927573	0.10068010879203	0.183005166901742	0.245298154599824	0.241970094080613	0.249479199103915	0.136859874286894	0.104623796393248	0.209665356560988	0.22825346993409	0.135342214510905	0.264123677129683	0.163292037271558	0.170298997436122	0.209665356560988	0.098096149261943	0.200437520928666	0.101505499439493	0.18859356290212	0.235627806683157	0.261900092026912	0.0968851190286747	0.0868574776433595	0.12317534276387	0.131975930897424	0.220838969728316	0.141960564533976	0.105298448022673	0.150688701647927	0.220838969728316	0.107440060344954	0.167363373850185	0.214521530434927	0.115557480081046	0.234581290971649
"SRR13358142"	0.816475728889459	0.494544175924637	0.433862662473448	0.256357341884785	0.222040624356892	0.344065819142418	0.576030784090936	0.348211150090337	0.851818102115422	0.243691061030197	0.465808717193019	0.354133816702648	0.282763921377156	0.296915458306139	0.335953191892706	0.310434357673427	0.556215237740915	0.453655845609834	0.3314610726265	0.190345300845085	0.492388094467171	0.660422381413529	0.537749920906695	0.376219326164058	0.369875739883108	0.516996154620234	0.282763921377156	0.473492546603287	0.473824489160559	0.231409296411661	0.221270854937888	0.190317580003143	0.513505831229627	0.404589976090432	0.512119339607349	0.266542701050752	0.392783295259656	0.524739865869513	0.240970746243051	0.649221748867859	0.306744192600065	0.782802873082115	0.530805825315032	0.314996323365452	0.160572470024044	0.343256367755217	0.398004576252628	0.569762714697779	0.335394219522794	0.473316599741342	0.436346728438391	0.192600727443609	0.25707302847239	0.307028712661205	0.586387111042355	0.511896635346604	0.408361489855274	0.360401070541995	0.275113075377536	0.307028712661205	0.381068076635019	0.283100472443226	0.297752878508648	0.492121020579293	0.473367449620644	0.344194149609331	0.202257036543765	0.403154270934128	0.268654073554879	0.469342312730351	0.210348054685029	0.38545946967103	0.318212851179264	0.303947314400727	0.21034805468503	0.395248843812231	0.545859309589521	0.392672324351912	0.214258337739353	0.423082141355019
"SRR13358141"	0.864601558836492	0.525010652405979	0.579468170949961	0.362284226861934	0.236185604053388	0.344065819142418	0.644040141882456	0.419706287615594	0.853499279049422	0.216079969935466	0.465808717193019	0.466790248212622	0.274451724409084	0.296915458306139	0.329144922643094	0.365343246538124	0.718283930543634	0.41025256578146	0.467269828651302	0.209471645815016	0.44688141583542	0.660422381413529	0.809671839734238	0.39086884234331	0.369875739883108	0.61648037074198	0.274451724409084	0.545245178353801	0.513452712461966	0.210960067344451	0.221270854937888	0.189614355189077	0.513505831229627	0.463096302380561	0.512119339607349	0.244179353808521	0.451143622463924	0.663447115135652	0.200367973291873	0.481298622396457	0.306744192600065	0.730080620651928	0.699117070919682	0.287234893751027	0.17256245786248	0.472520879660667	0.398004576252628	0.569762714697779	0.432519006555577	0.526530778917107	0.464455986408458	0.192600727443609	0.262391496377627	0.471687285558856	0.639358878984423	0.511896635346604	0.314626767976318	0.360401070541995	0.280258529623262	0.471687285558855	0.372569137692516	0.283100472443226	0.297752878508648	0.599876096754094	0.533921321203874	0.425927340153799	0.202257036543765	0.384947763295817	0.314193059911527	0.466232714028695	0.304230781678963	0.420175700783998	0.302459860588632	0.30627012933826	0.304230781678965	0.395248843812231	0.545859309589521	0.473955522150722	0.214258337739353	0.492234727917027
"SRR13357755"	0.356498019332581	0.247333269819575	0.333780118341535	0.135860630988547	0.181309950917411	0.255945291826278	0.400650834045753	0.348211150090337	0.3672922342691	0.206819005194876	0.187381866923968	0.15868034558685	0.187655434819483	0.279879799261127	0.23287201596689	0.181424619593683	0.134956832583855	0.159374037751152	0.210488043585568	0.168814620304542	0.172926565627611	0.239299712373509	0.267675837467452	0.17954730293975	0.130585708713281	0.180198828274324	0.187655434819483	0.211096745076726	0.164022233134836	0.188189556703292	0.350656912370138	0.209893184773978	0.247971745970702	0.251021321959827	0.277497473210742	0.161613482488627	0.148946556143422	0.211339360630171	0.182394080026284	0.311851967508784	0.186139060348198	0.34503288635845	0.127038897894523	0.164715774936871	0.251368097458201	0.232389045782053	0.165102861561982	0.254187912525399	0.225103632665749	0.220096068699895	0.13716943027117	0.162164642025224	0.153868135096651	0.232103185328033	0.206426223429723	0.264559918887231	0.260332432409878	0.332183074814895	0.155056609759317	0.232103185328032	0.231035151863079	0.208716807795418	0.186337400581136	0.182094370543959	0.161141661666241	0.247347216521021	0.1979392274988	0.134784968643558	0.173583347151172	0.172670446915704	0.124218436223625	0.229772772022884	0.174997022592488	0.167723594498686	0.124218436223626	0.226380178909132	0.252365760398191	0.190639991374495	0.19642343303968	0.171886753496406
"SRR13357754"	0.683453075192928	0.386616316008339	0.46582895162935	0.293204625233796	0.245058461325463	0.342214147267398	0.590972703467747	0.414087246930986	0.508847994495753	0.290836577812864	0.261696048361157	0.326489723162791	0.246859523633117	0.365700438200187	0.302979740054937	0.292212481822211	0.483709548409022	0.161391779460055	0.3276657281805	0.228938594418952	0.154727859180102	0.278630157096274	0.681963636305799	0.300863628361215	0.185085108475955	0.386101606363678	0.246859523633117	0.409054033921603	0.355477423889547	0.179106302667497	0.318932476684484	0.250342040873249	0.286736092769293	0.407565154664647	0.458608002861655	0.161707699513968	0.194029309092203	0.461875251295148	0.129937990169072	0.249106276852052	0.261906095835632	0.309780867979473	0.468964476022197	0.175701937663193	0.265151153040424	0.33879421506526	0.24762779773533	0.298887849287388	0.377594419584736	0.318079372312541	0.268437092764256	0.20593050504691	0.22520854348145	0.397277428739778	0.370210366552071	0.446368090397147	0.332667921741132	0.397770108685573	0.261273284589799	0.397277428739778	0.319485967466115	0.24352709648515	0.262881381715484	0.399016640156562	0.321452371019436	0.380313344641736	0.234033231014402	0.25018322057334	0.282625669850225	0.263921550505586	0.233017570481161	0.366964581664877	0.192982342790838	0.234712883684324	0.233017570481163	0.344747500373378	0.299145568421504	0.310451332095899	0.239721268097754	0.334387341584427
"SRR13357721"	0.816475728889459	0.494544175924637	0.31534804969356	0.353529980513676	0.278317138083317	0.533204065423464	0.576030784090936	0.348211150090337	0.855031678822959	0.40635437191175	0.465808717193019	0.463791475552017	0.322821017970356	0.296915458306139	0.301172706254181	0.385372452989069	0.508301213929624	0.247651647738054	0.18535888914027	0.269734454610214	0.222171268869673	0.660422381413529	0.537749920906695	0.49797357826985	0.405412751084554	0.516996154620234	0.322821017970356	0.510446728889547	0.590821745730925	0.139285172474714	0.221270854937888	0.181707523794872	0.435048419409887	0.426959022794993	0.434806355585746	0.156609026492618	0.16338151349637	0.524739865869513	0.0843796691165025	0.497323535816044	0.320575268427797	0.32396032840709	0.647156246952466	0.187431331514382	0.160572470024044	0.221963930419274	0.398004576252628	0.503460364313367	0.335394219522794	0.473316599741342	0.649862478717532	0.176680452772173	0.302559181359718	0.427559576805239	0.501747694013002	0.511896635346604	0.480403960772104	0.360401070541995	0.365811810042139	0.427559576805238	0.337555431738796	0.283100472443226	0.314127460262533	0.492121020579293	0.592802175736506	0.220745932878907	0.202257036543765	0.455068900956602	0.269433434437965	0.472664606793909	0.285890557346911	0.38545946967103	0.196215944853172	0.128797371993727	0.285890557346912	0.395248843812231	0.545859309589521	0.368615222673874	0.252430152460694	0.573117003978096
"SRR13357720"	0.816475728889459	0.494544175924637	0.33624900700791	0.287845220178624	0.222040624356892	0.344065819142418	0.576030784090936	0.348211150090337	0.851818102115422	0.372003054974948	0.465808717193019	0.354133816702648	0.314905276788285	0.296915458306139	0.301172706254181	0.333365076897546	0.556215237740915	0.247651647738054	0.264378949198657	0.190345300845085	0.224759959644981	0.660422381413529	0.537749920906695	0.376219326164058	0.369875739883108	0.516996154620234	0.314905276788285	0.473492546603287	0.521704604630176	0.139285172474714	0.221270854937888	0.183293783285441	0.513505831229627	0.420912224033322	0.512119339607349	0.156609026492618	0.16338151349637	0.524739865869513	0.0843796691165025	0.41365907613514	0.306744192600065	0.361491917206796	0.530805825315032	0.187431331514382	0.160572470024044	0.24212333191229	0.398004576252628	0.569762714697779	0.335394219522794	0.419302846677175	0.555001755502405	0.192600727443609	0.25707302847239	0.307028712661205	0.511109602616852	0.511896635346604	0.465621522245628	0.360401070541995	0.347386533196159	0.307028712661205	0.337555431738796	0.283100472443226	0.297752878508648	0.492121020579293	0.432280350165195	0.344194149609331	0.202257036543765	0.436762062043639	0.268654073554879	0.438028524411665	0.27020211523141	0.38545946967103	0.196215944853172	0.303947314400727	0.27020211523141	0.395248843812231	0.545859309589521	0.304330075585357	0.214258337739353	0.423082141355019
"SRR13357719"	0.816475728889459	0.494544175924637	0.400787475836046	0.290240138465459	0.222040624356892	0.344065819142418	0.576030784090936	0.348211150090337	0.851818102115422	0.382480331433947	0.465808717193019	0.354133816702648	0.317335989955879	0.296915458306139	0.346677109547272	0.335077763644766	0.556215237740915	0.522327577758973	0.308455038027408	0.190345300845085	0.581480780462098	0.660422381413529	0.537749920906695	0.376219326164058	0.369875739883108	0.516996154620234	0.317335989955879	0.473492546603287	0.44313787435941	0.265874994532065	0.221270854937888	0.18798619554347	0.513505831229627	0.501009012828647	0.512119339607349	0.307306807618932	0.48018317218993	0.524739865869513	0.314456523272132	0.611366458265486	0.306744192600065	0.798772198461531	0.530805825315032	0.360867547049118	0.160572470024044	0.307755070269345	0.398004576252628	0.569762714697779	0.335394219522794	0.415114319901961	0.399970440810097	0.192600727443609	0.25707302847239	0.307028712661205	0.583622075841104	0.511896635346604	0.568199398300516	0.360401070541995	0.353024860053403	0.307028712661205	0.394429509057808	0.283100472443226	0.297752878508648	0.492121020579293	0.459793337345442	0.344194149609331	0.202257036543765	0.381927716968036	0.268654073554879	0.459009613905352	0.323906392249162	0.38545946967103	0.361427758439706	0.303947314400727	0.323906392249163	0.395248843812231	0.545859309589521	0.362502836839391	0.214258337739353	0.423082141355019
"SRR13357718"	0.816475728889459	0.494544175924637	0.387402672405114	0.288482474789252	0.222040624356892	0.344065819142418	0.576030784090936	0.348211150090337	0.851818102115422	0.374784671388183	0.465808717193019	0.354133816702648	0.315552241678419	0.296915458306139	0.3372155218625	0.333821195277588	0.556215237740915	0.461753002724556	0.299239001518325	0.190345300845085	0.503032574565599	0.660422381413529	0.537749920906695	0.376219326164058	0.369875739883108	0.516996154620234	0.315552241678419	0.473492546603287	0.470549845382388	0.235325580506661	0.221270854937888	0.187032160169328	0.513505831229627	0.480110399487724	0.512119339607349	0.271185485133088	0.402898809438593	0.524739865869513	0.24903715069925	0.638249974265323	0.306744192600065	0.728135481268128	0.530805825315032	0.320268524311905	0.160572470024044	0.293737827078142	0.398004576252628	0.569762714697779	0.335394219522794	0.421387991884118	0.453624546335309	0.192600727443609	0.25707302847239	0.307028712661205	0.569162908119097	0.511896635346604	0.540311758285521	0.360401070541995	0.348885424410686	0.307028712661205	0.382642570693666	0.283100472443226	0.297752878508648	0.492121020579293	0.454217482474115	0.344194149609331	0.202257036543765	0.400879655632029	0.268654073554879	0.454762665533901	0.302614238046639	0.38545946967103	0.323190954787111	0.303947314400727	0.302614238046639	0.395248843812231	0.545859309589521	0.350367681063803	0.214258337739353	0.423082141355019
"SRR13357713"	0.594071140237916	0.353400763258757	0.40595066497712	0.241919137376371	0.188636818660679	0.371879089387384	0.406523627802956	0.348211150090337	0.448177117393384	0.253190137840879	0.201431180335505	0.182807737014696	0.235998312078007	0.191745177034719	0.199794466681617	0.226692403717148	0.348948626876465	0.198726563813419	0.331777490665845	0.185801918351699	0.220911331844429	0.219933645498848	0.38542239842426	0.295579220201555	0.16864634487843	0.247765240520368	0.235998312078007	0.314802997106111	0.202863605412158	0.139366265141093	0.221270854937888	0.118396442863805	0.226276511505628	0.382894533192606	0.27135381961638	0.16233301990162	0.224089713373313	0.321351254381256	0.129526136479615	0.137576874960801	0.185289943452348	0.498072408506307	0.323614456582288	0.18113985869982	0.131948876991454	0.302477286323146	0.185850121748106	0.23838371374754	0.242063290773847	0.326058567262295	0.177922443178128	0.207405876267598	0.180243175921577	0.211484588250503	0.324401945046157	0.26536887939525	0.344802693460614	0.254235896476905	0.220014791269069	0.211484588250503	0.212687549918002	0.241494161398815	0.184540976315128	0.248075647313169	0.446624198724692	0.261295800875686	0.144319042915871	0.161354017990182	0.169591883402503	0.240524118419139	0.207719497406064	0.234111880002812	0.189560937960773	0.227942401533239	0.207719497406064	0.226682416541526	0.225955707686866	0.350001326378417	0.175683068760918	0.327169712071683
"SRR13357712"	0.816475728889459	0.494544175924637	0.343227198091195	0.288057139165796	0.222040624356892	0.344065819142418	0.576030784090936	0.348211150090337	0.851818102115422	0.372927557302427	0.465808717193019	0.354133816702648	0.315120439909598	0.296915458306139	0.325399332276477	0.333516791110954	0.556215237740915	0.386725652211047	0.269108347132026	0.190345300845085	0.403805605102469	0.660422381413529	0.537749920906695	0.376219326164058	0.369875739883108	0.516996154620234	0.315120439909598	0.473492546603287	0.521704604630176	0.200203099688758	0.221270854937888	0.183814582982512	0.513505831229627	0.432956277258773	0.512119339607349	0.229245889128988	0.311776796680387	0.524739865869513	0.180163722702291	0.41365907613514	0.306744192600065	0.568708086952739	0.530805825315032	0.272483992860244	0.160572470024044	0.248976480084039	0.398004576252628	0.569762714697779	0.335394219522794	0.473316599741342	0.555001755502405	0.192600727443609	0.25707302847239	0.307028712661205	0.538983030216788	0.511896635346604	0.476796704148397	0.360401070541995	0.34788487447931	0.307028712661205	0.367888737944118	0.283100472443226	0.297752878508648	0.492121020579293	0.435343124649536	0.344194149609331	0.202257036543765	0.436762062043639	0.268654073554879	0.440367927069249	0.290715059875226	0.38545946967103	0.27792936056616	0.303947314400727	0.290715059875227	0.395248843812231	0.545859309589521	0.310581485815481	0.214258337739353	0.423082141355019
"SRR13357711"	0.816475728889459	0.494544175924637	0.389516483699725	0.28301176900015	0.222040624356892	0.344065819142418	0.576030784090936	0.348211150090337	0.851818102115422	0.351073348233223	0.465808717193019	0.354133816702648	0.309993757834017	0.296915458306139	0.33107704195738	0.329895968992677	0.556215237740915	0.422504206329894	0.300691302795206	0.190345300845085	0.451235090620429	0.660422381413529	0.537749920906695	0.376219326164058	0.369875739883108	0.516996154620234	0.309993757834017	0.473492546603287	0.521704604630176	0.216646741499524	0.221270854937888	0.18718334432104	0.513505831229627	0.461206597362576	0.512119339607349	0.248824904052693	0.354461272713552	0.524739865869513	0.211385463220623	0.41365907613514	0.306744192600065	0.691480212999426	0.530805825315032	0.294992979705821	0.160572470024044	0.295937786740772	0.398004576252628	0.569762714697779	0.335394219522794	0.473316599741342	0.555001755502405	0.192600727443609	0.25707302847239	0.307028712661205	0.564034966670443	0.511896635346604	0.511082262813095	0.360401070541995	0.336053542683416	0.307028712661205	0.374982212229779	0.283100472443226	0.297752878508648	0.492121020579293	0.455101804581821	0.344194149609331	0.202257036543765	0.436762062043639	0.268654073554879	0.455436357841018	0.287718301601889	0.38545946967103	0.299292304220984	0.303947314400727	0.28771830160189	0.395248843812231	0.545859309589521	0.352281480762776	0.214258337739353	0.423082141355019
"SRR13357710"	0.598036124951592	0.355374063796567	0.34075826109903	0.20320969810541	0.149125169467912	0.220205624104357	0.40897321928167	0.348211150090337	0.556871594424596	0.27209986797141	0.242163919874531	0.184799802290959	0.241162224609591	0.193072410848021	0.204221220185038	0.23081016029124	0.281189396208608	0.238761285061809	0.25686947166821	0.12945163416242	0.271209727630279	0.327761573266623	0.387592447822031	0.210832793650437	0.199293246888654	0.274478345467025	0.241162224609591	0.291261696321126	0.273395073019659	0.148231659672604	0.221270854937888	0.121069676460555	0.289636435022	0.353779683131613	0.28972438290181	0.17318511306007	0.248089002616326	0.335416635664068	0.145698959926352	0.375728716625935	0.18273411294194	0.597026014927652	0.258004974860217	0.193414151225711	0.132339320398686	0.257888615384058	0.209197592057795	0.313515167511907	0.243308724954475	0.28961323175577	0.358399650788544	0.129035458719082	0.153880921277487	0.212727039265908	0.360292871700383	0.296960043919643	0.421040325776054	0.255649685362973	0.23032052208258	0.212727039265908	0.217984378532262	0.242078963033942	0.178397318290979	0.266689292159145	0.272568609429459	0.26242545739413	0.145066222128997	0.218635435808987	0.170287946153111	0.247142707133871	0.242324362727954	0.236026223669913	0.20148551135502	0.216314291294631	0.242324362727954	0.228771070910529	0.29458379889654	0.252149479834977	0.148670831340122	0.228182974268916
"SRR13357706"	0.18752114876649	0.190794781382887	0.321756845128586	0.122191207686029	0.176491906051304	0.237255215561589	0.413766447951987	0.348211150090337	0.286188904037204	0.163721953151097	0.17201100423183	0.148173638676598	0.135063747968608	0.286372646072538	0.233095857999215	0.166732306532705	0.126581694898706	0.120116373590819	0.210368043481683	0.173982535662285	0.0992128820954933	0.184495219348394	0.27754868380713	0.149779337842457	0.120614706118709	0.0411479511425096	0.135063747968607	0.173749330423717	0.198106721084117	0.165034665794952	0.350439775723558	0.211513943276399	0.173678087693768	0.214275535515009	0.263659543036842	0.139279412218478	0.124369564321636	0.181471051289452	0.135260226347318	0.25079368073743	0.169268201995146	0.191190142728204	0.138766992391746	0.138785107762692	0.254589850636151	0.211525004194015	0.0468866077304386	0.179278463166731	0.202437471715581	0.148247898298335	0.157233682615171	0.13800120415147	0.0270682152656214	0.208946574265142	0.156719015824958	0.264627746714755	0.168261608538843	0.340954241525856	0.0873285025469122	0.208946574265142	0.231347880377996	0.211597711119659	0.168007810394128	0.151832858392502	0.166507769846984	0.188828897827322	0.203028947561458	0.102947259020397	0.176013983931154	0.155938458117503	0.107958296919653	0.240020694553746	0.152789892166461	0.174480275427231	0.107958296919653	0.237708189002267	0.216286492801212	0.175661201232486	0.199096637250881	0.16957989249548
"SRR13357705"	0.356709480066208	0.247423139280793	0.302552645695105	0.128648359390076	0.200085539242536	0.282815843057812	0.425842350705311	0.348211150090337	0.313054137389555	0.129815335757966	0.175336763823242	0.166135957316643	0.167160317401111	0.306856692694677	0.249789613889321	0.167857542925433	0.26473971939584	0.121687778278514	0.181988899809982	0.18798714246284	0.120700169301073	0.189561521235269	0.267776252253244	0.192249069646614	0.134851164784173	0.175606823554287	0.167160317401111	0.241436580592418	0.238524770851275	0.181477271274501	0.377416364493486	0.245833033163678	0.22098416010517	0.156869787592354	0.267571760890498	0.145184249593531	0.124096416645467	0.206388223103397	0.151831227113289	0.171177876451523	0.19958090471746	0.262582939562328	0.255607893404485	0.146941398855824	0.286535006506558	0.206720639416648	0.0502908396469388	0.221027016882603	0.234894854186855	0.172212959388321	0.209498422317305	0.18000343823918	0.165893576278672	0.238666434427099	0.191633854710467	0.26192159051976	0.144019434919769	0.365674223547396	0.118631195186574	0.238666434427099	0.246717917418505	0.208746294563364	0.201911447751249	0.18239932250046	0.153064929334704	0.25661208847055	0.219905740102203	0.151882185909598	0.188276553550078	0.167481516462063	0.114303112855779	0.24968369800549	0.157720323657798	0.172061309650417	0.11430311285578	0.249297678300083	0.224499802338636	0.178491355651654	0.218315821926516	0.175429004152546
"SRR13357700"	0.816475728889459	0.494544175924637	0.409400568542581	0.24250000830742	0.222040624356892	0.344065819142418	0.576030784090936	0.348211150090337	0.851818102115422	0.195334677700301	0.465808717193019	0.354133816702648	0.268505815775963	0.296915458306139	0.337809318456951	0.300066031460651	0.556215237740915	0.465563971105501	0.314412207704561	0.190345300845085	0.508032572392928	0.660422381413529	0.537749920906695	0.376219326164058	0.369875739883108	0.516996154620234	0.268505815775963	0.473492546603287	0.521704604630176	0.23718106296323	0.221270854937888	0.188596411273151	0.513505831229627	0.332263233260287	0.512119339607349	0.273208767407883	0.407679922284127	0.524739865869513	0.252888167955439	0.41365907613514	0.306744192600065	0.762175851876198	0.530805825315032	0.322761239468599	0.160572470024044	0.316883120630686	0.398004576252628	0.569762714697779	0.335394219522794	0.473316599741342	0.555001755502405	0.192600727443609	0.25707302847239	0.307028712661205	0.578570714289002	0.511896635346604	0.298432368806419	0.360401070541995	0.244857226461093	0.307028712661205	0.38338305951363	0.283100472443226	0.297752878508648	0.492121020579293	0.4633536954996	0.344194149609331	0.202257036543765	0.436762062043639	0.268654073554879	0.461720499155406	0.208973112192961	0.38545946967103	0.325543464504689	0.303947314400727	0.208973112192962	0.395248843812231	0.545859309589521	0.370333530982253	0.214258337739353	0.423082141355019
"SRR13357699"	0.816475728889459	0.494544175924637	0.348278901804655	0.279315428912466	0.222040624356892	0.344065819142418	0.576030784090936	0.348211150090337	0.851818102115422	0.335299210485759	0.465808717193019	0.354133816702648	0.3062324002447	0.296915458306139	0.329236241718261	0.327231334882562	0.556215237740915	0.410830066764888	0.272536183856584	0.190345300845085	0.435762886067479	0.660422381413529	0.537749920906695	0.376219326164058	0.369875739883108	0.516996154620234	0.3062324002447	0.473492546603287	0.521704604630176	0.211226738608238	0.221270854937888	0.184189152737076	0.513505831229627	0.407430988829745	0.512119339607349	0.242375745103184	0.340366881622549	0.524739865869513	0.20087959342493	0.41365907613514	0.306744192600065	0.607797225938394	0.530805825315032	0.287599333312478	0.160572470024044	0.253975386972902	0.398004576252628	0.569762714697779	0.335394219522794	0.473316599741342	0.541962078555131	0.192600727443609	0.25707302847239	0.307028712661205	0.544987714926457	0.511896635346604	0.432721825638928	0.360401070541995	0.327433962779344	0.307028712661205	0.372683208253512	0.283100472443226	0.297752878508648	0.492121020579293	0.437544840693902	0.344194149609331	0.202257036543765	0.436762062043639	0.268654073554879	0.442048940605166	0.266300244848877	0.38545946967103	0.292284241938529	0.303947314400727	0.266300244848878	0.395248843812231	0.545859309589521	0.315112348413546	0.214258337739353	0.423082141355019
"SRR13357698"	0.816475728889459	0.494544175924637	0.388457387552628	0.290812181244412	0.222040624356892	0.344065819142418	0.576030784090936	0.348211150090337	0.851818102115422	0.384991920327031	0.465808717193019	0.354133816702648	0.317916301770731	0.296915458306139	0.334712226682835	0.33548625427336	0.556215237740915	0.445704938892237	0.29996350521147	0.190345300845085	0.481911185288501	0.660422381413529	0.537749920906695	0.376219326164058	0.369875739883108	0.516996154620234	0.317916301770731	0.473492546603287	0.521704604630176	0.227596949607968	0.221270854937888	0.187107621333709	0.513505831229627	0.489117341717239	0.512119339607349	0.261838617123645	0.382909736831937	0.524739865869513	0.233202363117217	0.41365907613514	0.306744192600065	0.713854317955584	0.530805825315032	0.309849972247237	0.160572470024044	0.294834879020222	0.398004576252628	0.569762714697779	0.335394219522794	0.473316599741342	0.54760213497082	0.192600727443609	0.25707302847239	0.307028712661205	0.567158621359548	0.511896635346604	0.555185790638478	0.360401070541995	0.354373656781688	0.307028712661205	0.379519818677606	0.283100472443226	0.297752878508648	0.492121020579293	0.45465891079389	0.344194149609331	0.202257036543765	0.436762062043639	0.268654073554879	0.455098960169371	0.351214790997956	0.38545946967103	0.313350237840481	0.303947314400727	0.351214790997957	0.395248843812231	0.545859309589521	0.351322475180179	0.214258337739353	0.423082141355019
"SRR13357697"	0.816644287739709	0.494544175924637	0.424250620837054	0.252061296257968	0.222040624356892	0.344065819142418	0.576030784090936	0.348211150090337	0.722326065851823	0.1061711166901	0.363219285167249	0.354133816702648	0.1578697367907	0.296915458306139	0.268120730961471	0.31554206238088	0.556215237740915	0.393084768926692	0.324737615366614	0.190345300845085	0.426179346873456	0.414632310466346	0.537749920906695	0.36927064316836	0.289033934118597	0.45820021902901	0.1578697367907	0.473492546603287	0.521704604630176	0.230376808997079	0.221270854937888	0.189643033278832	0.364583542139098	0.421726748338011	0.475323792353802	0.265138575501337	0.390111589261866	0.499835198844268	0.238858508479439	0.41365907613514	0.292820715836529	0.769021140242129	0.530805825315032	0.313603912658051	0.160572470024044	0.332815367230308	0.338497605263159	0.398274407728462	0.335394219522794	0.473316599741342	0.536034439562877	0.192600727443609	0.250420228374857	0.307028712661205	0.549348154219838	0.496196645969499	0.438216271688532	0.360401070541995	0.276480759426653	0.307028712661205	0.380650304580354	0.0668948669207109	0.288670024509637	0.452640198411392	0.469448239564944	0.344194149609331	0.202257036543765	0.436762062043639	0.268654073554879	0.40231325223506	0.240337578976335	0.38545946967103	0.316897541949505	0.303561666939453	0.240337578976335	0.395248843812231	0.384159863986524	0.3838766484367	0.161424307574188	0.39015427333773
"SRR13357692"	0.816816829655099	0.494544175924637	0.415105486005266	0.272995140452903	0.368972658644649	0.539726706674455	0.714517958077146	0.348211150090337	0.661325136633409	0.308889384923673	0.394357628176475	0.42408110280365	0.299790103904282	0.501924745925778	0.495769741604087	0.322650749676424	0.759216541872462	0.224617304880651	0.269945722593382	0.337105439053223	0.18290749207713	0.34638654657831	0.537749920906695	0.500022406799307	0.262510952038473	0.496043423201075	0.299790103904282	0.576290164279184	0.688866513284268	0.26918426459942	0.360129397338316	0.435056978984434	0.362730530490092	0.394789107690679	0.520120239477112	0.222125239682656	0.176122441541782	0.490819926851953	0.179499069135904	0.603169107727551	0.430928782830355	0.376410900466509	0.754466082176278	0.257340793718257	0.355106386302957	0.298203178179223	0.403097645237522	0.379168895461564	0.411133381378118	0.409794172808837	0.547509931853151	0.333713179547249	0.37307289624127	0.347669362156402	0.473167762379112	0.554767011659061	0.397960374795239	0.573429930158346	0.312805062037028	0.347669362156402	0.540804096196884	0.283100472443226	0.437153321331165	0.511908346499012	0.462795388182076	0.411926249119742	0.35709209152988	0.540873426345005	0.396993539391663	0.4300829703095	0.24123888474399	0.543911389669282	0.266239940373583	0.329382656467325	0.24123888474399	0.57897133883613	0.393757296057593	0.372398816907407	0.374314482409863	0.47333495017634
"SRR13357691"	0.73159305002482	0.494544175924637	0.358636394096075	0.279269115606168	0.222040624356892	0.344065819142418	0.576030784090936	0.348211150090337	0.696031012325627	0.335102997941457	0.347578212125264	0.354133816702648	0.306185242822529	0.296915458306139	0.338719478275337	0.327197882704728	0.622131863945213	0.405457620781532	0.279576611807708	0.190345300845085	0.444996937977362	0.375817596853123	0.435538510444422	0.36815771279124	0.27704320900952	0.441110442237455	0.306185242822529	0.483800369001117	0.561527433175313	0.24127856191968	0.221270854937888	0.184951190905254	0.342181033900465	0.419062973448793	0.469418749214011	0.278130782024772	0.418207806534599	0.371225261328402	0.261456131062485	0.572606588334771	0.290615598278457	0.696165128358025	0.598650660366632	0.328253996642174	0.160572470024044	0.264322698450857	0.329330393868935	0.371862237034915	0.335394219522794	0.325588805163939	0.602314867492953	0.192600727443609	0.249360712824463	0.307028712661205	0.337946977777498	0.493670756924092	0.446767307944921	0.360401070541995	0.32732624663719	0.307028712661205	0.385006178913577	0.283100472443226	0.287224255891529	0.323849789674595	0.442020898968393	0.344194149609331	0.202257036543765	0.447219004534507	0.268654073554879	0.372365164107608	0.278386530497011	0.38545946967103	0.330724772914053	0.304838408104175	0.278386530497012	0.395248843812231	0.35952055822875	0.324416469971355	0.214258337739353	0.384940916147371
"SRR13357690"	0.816475728889459	0.494544175924637	0.365554226348081	0.28882249830833	0.222040624356892	0.344065819142418	0.576030784090936	0.348211150090337	0.733336720882696	0.376270778017713	0.370129369500383	0.354133816702648	0.315897391178498	0.296915458306139	0.332619547033765	0.33406445093976	0.556215237740915	0.380540990793943	0.284289371909166	0.190345300845085	0.40841900161135	0.431916311508401	0.537749920906695	0.369756078694136	0.294354602585126	0.462303497384731	0.315897391178498	0.473492546603287	0.471559291236834	0.22218909713136	0.221270854937888	0.185456067392505	0.374539809490027	0.459228341301706	0.477899385230672	0.2554144983313	0.368871315877508	0.501582635133202	0.222332688320721	0.35012948477173	0.293784736095186	0.665311697911919	0.530805825315032	0.302526451837939	0.160572470024044	0.271306400063298	0.342531299653502	0.409982643526496	0.335394219522794	0.473316599741342	0.444155001872405	0.192600727443609	0.250882887126063	0.307028712661205	0.524972187041398	0.497297461183708	0.512541821641241	0.360401070541995	0.349685615844366	0.307028712661205	0.377296168805565	0.283100472443226	0.289301421134465	0.455394568399385	0.444983817624249	0.344194149609331	0.202257036543765	0.401580559687861	0.268654073554879	0.3887343012848	0.27214974548836	0.38545946967103	0.306424470480012	0.303947314400727	0.27214974548836	0.395248843812231	0.395094852565876	0.330642056385515	0.214258337739353	0.392434133555694
"SRR13357689"	0.816475728889459	0.494544175924637	0.406313437243874	0.24250000830742	0.222040624356892	0.344065819142418	0.576030784090936	0.348211150090337	0.851818102115422	0.195310638350939	0.465808717193019	0.354133816702648	0.268505815775963	0.296915458306139	0.324672878815485	0.300066031460651	0.556215237740915	0.382203668836371	0.312274482331813	0.190345300845085	0.397815848470026	0.660422381413529	0.537749920906695	0.376219326164058	0.369875739883108	0.516996154620234	0.268505815775963	0.473492546603287	0.521704604630176	0.198157902414294	0.221270854937888	0.188377995046243	0.513505831229627	0.32762404635123	0.512119339607349	0.226851471592968	0.306494516324382	0.524739865869513	0.176421477067574	0.494931595543319	0.306744192600065	0.67388998609821	0.530805825315032	0.26966866461894	0.160572470024044	0.313601798946746	0.398004576252628	0.569762714697779	0.335394219522794	0.473316599741342	0.532838162428224	0.192600727443609	0.25707302847239	0.307028712661205	0.564504338962246	0.511896635346604	0.295012060444515	0.360401070541995	0.244857226461093	0.307028712661205	0.366980624688715	0.283100472443226	0.297752878508648	0.492121020579293	0.462079896168737	0.344194149609331	0.202257036543765	0.436762062043639	0.268654073554879	0.460750690994019	0.220716856176615	0.38545946967103	0.275251244634499	0.303947314400727	0.220716856176616	0.395248843812231	0.545859309589521	0.367524820333171	0.214258337739353	0.423082141355019
"SRR13357685"	0.278737863473504	0.272873354355178	0.423180442121044	0.200117960212437	0.298592730191801	0.541959529912386	0.498454334783919	0.348211150090337	0.37708108428502	0.199726049410229	0.215526710542798	0.230639569970384	0.187394008747851	0.326186642920349	0.321560127680631	0.210413930851145	0.273675406497421	0.207663354842577	0.283652757471788	0.319926585974704	0.209972161591843	0.218600032318131	0.231094173959961	0.350100019516577	0.142495850002599	0.215074364593189	0.187394008747851	0.294376932092627	0.276361851758262	0.259769357421616	0.380101040131695	0.292817264470908	0.236016688598266	0.304729306866757	0.24960176808946	0.213920088193369	0.221971563341806	0.165301469680851	0.265916036148406	0.267833848482492	0.252074144320553	0.414048277026076	0.274546471913491	0.223111969413537	0.310063756832089	0.299759351676334	0.199745795980385	0.24019562466986	0.262010469286313	0.119757913978009	0.191671003522495	0.331438298348442	0.241793270527269	0.286779405290458	0.123712652816155	0.262947393543221	0.251502692016129	0.418471647865089	0.150203823609759	0.286779405290458	0.330780804246579	0.223797139524201	0.257288868317846	0.143694873308954	0.39430237708832	0.26831631370213	0.252559378124537	0.181963907874944	0.229362526594736	0.247410805943724	0.156199508359182	0.311498858473685	0.234024223000952	0.214093452243915	0.156199508359182	0.318810536458153	0.258630361708274	0.346827326344077	0.301014758616387	0.366198539978978
"SRR13357684"	0.379969352531726	0.242931105844838	0.339601867126399	0.267044134793507	0.239757967889304	0.403967033257489	0.46008437362399	0.431465037135728	0.301215806860332	0.197713304967129	0.163293110441528	0.176522748333275	0.174423916162275	0.242417037511946	0.218362938626486	0.195062286215614	0.189578866022245	0.114920757798036	0.216081949054346	0.261593092097757	0.124303839506385	0.202919204582388	0.579528303630666	0.245291767774562	0.111098029231124	0.22064718223116	0.174423916162275	0.248618460913343	0.191953447780216	0.168711878941184	0.377851877083553	0.220622240991756	0.224103691199091	0.220707229441746	0.163873306009966	0.136581877763256	0.186217185047652	0.298733492192272	0.146454535336771	0.286697613457036	0.183448608330416	0.26650801546734	0.181571554387664	0.133480156024939	0.294287329810917	0.235983806269276	0.144710174279199	0.22543227030126	0.303154539624066	0.192876984375959	0.187288831127998	0.249749453111434	0.176308137192946	0.323777975008048	0.217147669142527	0.16625959128379	0.220485941258824	0.333729588442688	0.155962640109094	0.323777975008048	0.210475620697575	0.198810715421058	0.186398150850724	0.231379336124221	0.228982800921743	0.315628015527989	0.201008152132475	0.122805781329416	0.202928565537382	0.17063490999337	0.199937475750987	0.243120282560126	0.151508519134979	0.162668929024425	0.199937475750987	0.209430282742907	0.226211145014146	0.237494001397549	0.230629588899928	0.296921766951272
"SRR13357683"	0.816475728889459	0.494544175924637	0.492998884654123	0.337325055416587	0.413456433436874	0.691829193427328	0.694399728390779	0.348211150090337	0.724575004820015	0.342676263128095	0.419596503705041	0.492322772760294	0.30799858628846	0.467568931976378	0.463263523108187	0.360568677175588	0.721217969611784	0.234019642285865	0.361243913624179	0.414019230873937	0.194556040630015	0.427930614888979	0.537749920906695	0.603654836025204	0.288376886762833	0.5074623333614	0.30799858628846	0.57684348730652	0.636297015301855	0.24436517611199	0.335605554279502	0.386696362606131	0.405654266206202	0.490939324990787	0.523911007440035	0.210693414722316	0.174055806760121	0.464393062031628	0.160228592953342	0.735031542848718	0.428048183642719	0.356222098355535	0.713383704641202	0.245228869809547	0.317788942185155	0.361829324274332	0.410794562286241	0.431629232749702	0.398758662041159	0.417477501694304	0.491038568610294	0.447216335697913	0.407490674415987	0.428092086666416	0.479462386774102	0.545774126592552	0.428165246852248	0.539490656574418	0.33147459622548	0.428092086666416	0.507756418815018	0.283100472443226	0.434016291984435	0.514226833328093	0.661219359472889	0.40090938152993	0.329137720788736	0.505673762923787	0.376046076052322	0.478656914724289	0.256798823583279	0.518601144656077	0.254170767089786	0.341007208732818	0.256798823583279	0.550047334875627	0.439318644750745	0.50233858286164	0.395386506044626	0.618545802062224
"SRR13357681"	0.711800373326583	0.494544175924637	0.567791325030985	0.333385072105502	0.446738141096539	0.715258312777005	0.723071937657858	0.348211150090337	0.732307769603764	0.348155560841482	0.440746712288563	0.506388469095114	0.309302234973062	0.516980784394306	0.510239911461031	0.36043206178857	0.727196598670513	0.244432250621188	0.400117813042546	0.446985150900563	0.199807854247919	0.444577299935139	0.415348342282256	0.622765486068606	0.311512828220309	0.514527984859766	0.309302234973062	0.5914151753406	0.640514703453779	0.280539219024662	0.371110634278709	0.462602123484061	0.424800561543293	0.554982377535539	0.538921617265805	0.227409335497397	0.177033365864339	0.309295248126155	0.188489519583083	0.694009695497514	0.462683968553035	0.476719727527375	0.722483842113205	0.262765403457314	0.3720521096548	0.444531524370947	0.434464878574205	0.449745167321174	0.416588207070337	0.249130257030746	0.435959629406609	0.475654653095446	0.435638014928237	0.43536329841298	0.296179553929956	0.565580336385439	0.528190021034675	0.588094168328203	0.334464793138286	0.43536329841298	0.555178767666911	0.283100472443226	0.470282443657965	0.379088955570205	0.673436229330413	0.416778577397504	0.369659044101115	0.515813136851865	0.407576364799182	0.51754408710302	0.316122933847663	0.554930123267818	0.271637890292278	0.344943083379131	0.316122933847664	0.591478875166509	0.463086015909036	0.56815737521344	0.434039873004279	0.628057598583313
"SRR13357679"	0.81140778795879	0.537098284299994	0.580950841915978	0.472454224473677	0.46633734343041	0.70311580572657	0.793284431895322	0.449324008048355	0.776316243089941	0.224740115479089	0.471320636928038	0.559111835732224	0.276841035025012	0.511515306827169	0.517249139947384	0.380018945130137	0.692539465895797	0.314205167008815	0.411705724758281	0.478158377988516	0.293341388255037	0.52148779921455	0.819543246263283	0.636134022434547	0.316054853193657	0.30873290804711	0.276841035025013	0.642310180300041	0.719875183446881	0.315382057641791	0.367106685664844	0.456061718116916	0.469774175369057	0.417480004416936	0.548701455236147	0.2657300924405	0.37236171304075	0.570611614149775	0.248196471757275	0.601705929163594	0.463035320390617	0.57893986860055	0.686650189621525	0.302876996763605	0.394309847639038	0.459829179819519	0.451601106242374	0.501805228084124	0.557607186041736	0.380160060670799	0.642999460015994	0.463610750531457	0.108068562517947	0.554013258672761	0.421926511932695	0.586911460910291	0.304779193821766	0.582785475112693	0.2951879315516	0.554013258672761	0.564057664922302	0.283100472443226	0.468517959426304	0.552788620551865	0.670799265807044	0.535113542360995	0.36507385242225	0.591040968635827	0.479990629881991	0.536621080665051	0.298635742750773	0.600201245752646	0.32514125543974	0.342966467877682	0.298635742750775	0.586949544280263	0.511678460693685	0.574313508311464	0.426592602902003	0.71426582457792
"SRR13357678"	0.886526463411834	0.542150186254163	0.441712439835113	0.506113633001273	0.54100950622363	0.776956714712209	0.831772594806998	0.461852358294607	0.854030232944012	0.228452705052617	0.564095670173175	0.617680513708397	0.277845823726322	0.583904129761925	0.591086621874912	0.398510501995189	0.723275656207382	0.391436187590679	0.282761253421295	0.564397256364313	0.372187796573379	0.683321830871524	0.898454975920101	0.699666682710574	0.369875739883108	0.737208020380905	0.277845823726322	0.677297011089609	0.767891464624534	0.39645496751544	0.421994412454364	0.55130823716316	0.585994666977063	0.295780154083286	0.591366988558181	0.313318632768538	0.434603526696657	0.732250968302091	0.340309626056964	0.855377873300597	0.528928142541945	0.491579608404361	0.722493936121873	0.352056857403969	0.485270935785637	0.316330554217139	0.524286372419497	0.626269734963979	0.600961307852804	0.557118926352885	0.662250291356259	0.547921409596521	0.506010020384093	0.615444563500994	0.635842811658911	0.623206356164859	0.235827538317596	0.651783404926989	0.301578034154339	0.615444563500994	0.637240302274616	0.283100472443226	0.53436706327336	0.742451207205547	0.641077464443052	0.573359433233185	0.428142655596989	0.637082879146661	0.538356529054267	0.589215638149069	0.338753141176499	0.656257317961958	0.375886743498582	0.353791525319591	0.3387531411765	0.646056833491548	0.63813967197685	0.48901153145081	0.500074853028379	0.781097793194284
"SRR13357677"	0.821541517042131	0.548461879844226	0.594380760911184	0.532551894844963	0.525274430471941	0.756829705281642	0.83247904371583	0.477601742914862	0.760350172878902	0.233160689653527	0.476268652796364	0.619638662338959	0.279106783235295	0.564857233615318	0.571611572877695	0.406623210029058	0.730449656957459	0.338147441495921	0.417644914585145	0.547686634715272	0.319955742855957	0.495939153640084	0.874792391445838	0.681541843136039	0.36481791895419	0.705800042691873	0.279106783235295	0.680472197160083	0.76382432436898	0.374610249825709	0.40713391086514	0.526294806412111	0.464686655555406	0.413157056013612	0.558544278630004	0.301170802233587	0.447908086295194	0.603566541435512	0.315115433159764	0.651725579141587	0.501280186178053	0.520078940170679	0.728640991835035	0.339152097043782	0.466145368129684	0.457869587786009	0.466690028082856	0.491589257214117	0.614544391267977	0.379127303079801	0.671257322971639	0.523643591709927	0.484525795113277	0.628980911967121	0.402788918211936	0.604727076465625	0.255343474155879	0.633900619996709	0.309686775507162	0.628980911967121	0.618384190505264	0.283100472443226	0.510073493003284	0.588699863010007	0.689741487755291	0.584669001773622	0.411033139855518	0.627787675108053	0.536771799127512	0.537047308431801	0.334770978195227	0.65004379671201	0.365541270076523	0.350952393669379	0.334770978195229	0.630673326712616	0.509207527057632	0.579704096958347	0.479702142038021	0.761093565229445
"SRR13357676"	0.454064210676184	0.314304223568666	0.495790378907641	0.365599940385339	0.320403196676979	0.504599229882455	0.617023313669395	0.491778914799909	0.371206395761595	0.132125846198066	0.209611658182484	0.257952261617067	0.17314891481835	0.323699331419027	0.2977841154793	0.224914744976006	0.317313067642904	0.137526890914517	0.315955000568539	0.352165582616396	0.143210655795721	0.232585945842174	0.774851261683553	0.346773867439693	0.175404920721123	0.157103909752699	0.173148914818351	0.368546120028081	0.370854809470643	0.211699162726806	0.40524528147371	0.313409540564728	0.258051282253794	0.233486422796549	0.225904668275981	0.164066938408083	0.272165271139321	0.359518368458968	0.175475224186909	0.489104316616883	0.247757357084711	0.417467596010627	0.310190225720004	0.164420649798969	0.371622451705884	0.380123330736624	0.194894407297816	0.260601034447138	0.439387897156915	0.163320372831059	0.376790311491502	0.317364200264852	0.0731086217241664	0.423190254327934	0.203735704144773	0.252889196486778	0.170029195110359	0.420258583779329	0.151677737271772	0.423190254327934	0.298219696237657	0.214496899454869	0.253394911541022	0.281316847324507	0.345833403376665	0.432335670765746	0.25599824153856	0.228878669867845	0.30360788132425	0.245866567872958	0.218903845761404	0.356117672742696	0.190228780861808	0.195859543343815	0.218903845761405	0.300098059975764	0.26767097887036	0.380326852095876	0.29451798028587	0.442492654956448
"SRR13357672"	0.816475728889459	0.494544175924637	0.399713898242614	0.24250000830742	0.222040624356892	0.344065819142418	0.576030784090936	0.348211150090337	0.851818102115422	0.195337840199213	0.465808717193019	0.354133816702648	0.268505815775963	0.296915458306139	0.322091143998409	0.300066031460651	0.556215237740915	0.36626008817539	0.30771402569984	0.190345300845085	0.376730910657557	0.660422381413529	0.537749920906695	0.376219326164058	0.369875739883108	0.516996154620234	0.268505815775963	0.473492546603287	0.521704604630176	0.190998243281642	0.221270854937888	0.187909945700374	0.513505831229627	0.321679999417764	0.512119339607349	0.218294584112971	0.288086889496609	0.524739865869513	0.16358304756489	0.457283259030482	0.306744192600065	0.644495692920197	0.530805825315032	0.259787104177875	0.160572470024044	0.306623191328767	0.398004576252628	0.569762714697779	0.335394219522794	0.473316599741342	0.555001755502405	0.192600727443609	0.25707302847239	0.307028712661205	0.559280010697727	0.511896635346604	0.287749935403328	0.360401070541995	0.244857226461093	0.307028712661205	0.363752409842729	0.283100472443226	0.297752878508648	0.492121020579293	0.459348108278545	0.344194149609331	0.202257036543765	0.436762062043639	0.268654073554879	0.45867056620246	0.186030302193405	0.38545946967103	0.265839424046517	0.303947314400727	0.186030302193406	0.395248843812231	0.545859309589521	0.361527995081343	0.214258337739353	0.423082141355019
"SRR13357670"	0.816475728889459	0.494544175924637	0.267052376668592	0.24250000830742	0.222040624356892	0.344065819142418	0.576030784090936	0.348211150090337	0.851818102115422	0.195310638350939	0.465808717193019	0.354133816702648	0.268505815775963	0.296915458306139	0.316677132492282	0.300066031460651	0.556215237740915	0.333583376241285	0.217635472962327	0.190345300845085	0.333800637329502	0.660422381413529	0.537749920906695	0.376219326164058	0.369875739883108	0.516996154620234	0.268505815775963	0.473492546603287	0.521704604630176	0.176538140664531	0.221270854937888	0.177846631755956	0.513505831229627	0.213220692594042	0.512119339607349	0.201053587131326	0.251480380119553	0.524739865869513	0.138961375025081	0.479671693850345	0.306744192600065	0.346095016661087	0.530805825315032	0.23971446006065	0.160572470024044	0.177555607138489	0.398004576252628	0.569762714697779	0.335394219522794	0.473316599741342	0.555001755502405	0.192600727443609	0.25707302847239	0.307028712661205	0.494736493466516	0.511896635346604	0.157162627988628	0.360401070541995	0.244857226461093	0.307028712661205	0.356978555040641	0.283100472443226	0.297752878508648	0.492121020579293	0.400194018384808	0.344194149609331	0.202257036543765	0.436762062043639	0.268654073554879	0.413433433161886	0.202911872330372	0.38545946967103	0.246658949282917	0.303947314400727	0.202911872330373	0.395248843812231	0.545859309589521	0.242723748545653	0.214258337739353	0.423082141355019
"SRR13357669"	0.816475728889459	0.494544175924637	0.319140836886966	0.24250000830742	0.222040624356892	0.344065819142418	0.576030784090936	0.348211150090337	0.851818102115422	0.195310638350939	0.465808717193019	0.354133816702648	0.268505815775963	0.296915458306139	0.343847473658228	0.300066031460651	0.24240168424721	0.504283756752298	0.118749584236035	0.190345300845085	0.550859132179464	0.660422381413529	0.537749920906695	0.376219326164058	0.369875739883108	0.516996154620234	0.268505815775963	0.473492546603287	0.521704604630176	0.256522236268026	0.221270854937888	0.181998555559543	0.356829820035623	0.258382195498918	0.357693533002068	0.296123819720778	0.45690519145289	0.524739865869513	0.294021879337235	0.473165155274859	0.306744192600065	0.661034582956563	0.530805825315032	0.348540173478877	0.160572470024044	0.225580852760652	0.398004576252628	0.434423182524347	0.335394219522794	0.473316599741342	0.542270830452062	0.0537129794392932	0.25707302847239	0.307028712661205	0.546536234754497	0.511896635346604	0.204811677061665	0.360401070541995	0.244857226461093	0.307028712661205	0.39090722543941	0.283100472443226	0.297752878508648	0.492121020579293	0.424656896014657	0.129822222854974	0.202257036543765	0.436762062043639	0.268654073554879	0.432200221139092	0.186030302193405	0.38545946967103	0.34983368829805	0.0392001012313895	0.186030302193406	0.395248843812231	0.545859309589521	0.289037575059932	0.214258337739353	0.423082141355019
"SRR13357668"	0.715909413281424	0.494544175924637	0.406465973701767	0.24250000830742	0.222040624356892	0.344065819142418	0.576030784090936	0.348211150090337	0.851818102115422	0.195324241700088	0.465808717193019	0.354133816702648	0.268505815775963	0.296915458306139	0.301172706254181	0.300066031460651	0.556215237740915	0.247651647738054	0.312380040561523	0.190345300845085	0.224759959644981	0.660422381413529	0.419447827254253	0.376219326164058	0.369875739883108	0.507963541759318	0.268505815775963	0.473492546603287	0.521704604630176	0.139285172474714	0.221270854937888	0.188388794668637	0.513505831229627	0.324024661879295	0.512119339607349	0.156609026492618	0.16338151349637	0.379200935496293	0.0843796691165025	0.41365907613514	0.306744192600065	0.489804256981125	0.530805825315032	0.187431331514382	0.160572470024044	0.313763678907709	0.398004576252628	0.569762714697779	0.335394219522794	0.304128712166063	0.555001755502405	0.192600727443609	0.25707302847239	0.307028712661205	0.329199431903977	0.511896635346604	0.295180712984794	0.360401070541995	0.244857226461093	0.307028712661205	0.337555431738796	0.283100472443226	0.297752878508648	0.34625915991518	0.462142894505135	0.344194149609331	0.202257036543765	0.436762062043639	0.268654073554879	0.46079865665972	0.186030302193405	0.38545946967103	0.196215944853172	0.303947314400727	0.186030302193406	0.395248843812231	0.545859309589521	0.367663546791347	0.214258337739353	0.423082141355019
"SRR13357664"	0.563189430822944	0.473189238197186	0.411978798518796	0.240635913862309	0.219258036510254	0.336457250763778	0.576030784090936	0.348211150090337	0.847833742117628	0.0723323558785142	0.465808717193019	0.354133816702648	0.116037118657639	0.296915458306139	0.232055144550756	0.313779709541647	0.509358848101401	0.339939635891086	0.316199780268609	0.190345300845085	0.226109671888923	0.636582476177488	0.332007688442637	0.36204271820353	0.276359943974442	0.489036576283099	0.116037118657638	0.450750101010047	0.521704604630176	0.17933140674286	0.221270854937888	0.188778583301911	0.498801460666375	0.409133016571024	0.509395888269517	0.204382164346491	0.178872471939771	0.277309635687448	0.107637189265171	0.448798759465697	0.299999166690809	0.632693106382334	0.493084454748661	0.242404988835555	0.160572470024044	0.319631710134688	0.39049786513163	0.557122112085108	0.326827356855057	0.186862216648251	0.547161832177187	0.184734201215832	0.25025058255682	0.307028712661205	0.203444255496451	0.511896635346604	0.425212007716255	0.360401070541995	0.246970890587328	0.307028712661205	0.35831539175411	0.0377878552206006	0.290237242949268	0.238410583439286	0.464415619751405	0.325287395327036	0.202257036543765	0.419441598301203	0.26732786349349	0.462528938952434	0.211689259367881	0.38545946967103	0.250381831965774	0.30372423888419	0.211689259367881	0.395248843812231	0.545859309589521	0.372680982820866	0.144962001681079	0.348209339935472
"SRR13357663"	0.356542382019461	0.494544175924637	0.321669410600065	0.276923225252392	0.222040624356892	0.344065819142418	0.576030784090936	0.348211150090337	0.753772762818139	0.325214077471247	0.383606486828985	0.354133816702648	0.303795635462221	0.332028561319576	0.300920894869711	0.325501281769064	0.662096342714559	0.21387411659166	0.254515173597554	0.190345300845085	0.19133877091978	0.465689155622008	0.168769237296539	0.370693109425696	0.304776103464074	0.437402046815923	0.303795635462221	0.490384629355338	0.586558857348754	0.139285172474714	0.221270854937888	0.182191758794235	0.394039521537757	0.368098166335411	0.587239642941809	0.156609026492618	0.16338151349637	0.104359152522707	0.0843796691165025	0.49201795017018	0.295649320086284	0.33523274714306	0.640200474769827	0.187431331514382	0.160572470024044	0.228002417497551	0.350375540414255	0.432844520608817	0.335394219522794	0.0535137246535523	0.635763780126579	0.192600727443609	0.251776847756184	0.307028712661205	0.0357590863328839	0.588368961513926	0.381974719820991	0.360401070541995	0.321879834867912	0.307028712661205	0.337555431738796	0.283100472443226	0.290521541219471	0.0854076326545142	0.425794536200188	0.344194149609331	0.202257036543765	0.453915722426916	0.268654073554879	0.383008156188997	0.2852527101736	0.38545946967103	0.196215944853172	0.305407700620402	0.285252710173601	0.395248843812231	0.416476160361621	0.29129490431926	0.214258337739353	0.396844623989972
"SRR13357662"	0.426445723470078	0.517918818949485	0.313355772875633	0.36741149285752	0.23283433029761	0.344065819142418	0.628593673210921	0.402616020496083	0.736948011069535	0.32690149439247	0.371246685893596	0.436877308876524	0.303886620927709	0.296915458306139	0.300881632993601	0.372094534660587	0.633481264484889	0.208919930254921	0.248898517908203	0.204891438827997	0.192157983746868	0.434715050533068	0.35792794962362	0.380976916053138	0.295216330487469	0.508032433296131	0.30388662092771	0.520148977430437	0.47715398615859	0.139285172474714	0.221270854937888	0.181554041739515	0.376152586075864	0.343988175925734	0.478314064580732	0.157753508359232	0.218605530307321	0.154710206814017	0.0843796691165025	0.355565152210026	0.293940077308509	0.320424085901281	0.610419152027667	0.187431331514382	0.16970636219554	0.220071438976451	0.343182710786652	0.411877139190341	0.409104666382594	0.0636122204741593	0.429685060868546	0.192600727443609	0.254966473701475	0.427967421017643	0.0433938051230107	0.497474650487729	0.344578320302159	0.360401070541995	0.341949328665633	0.427967421017643	0.337555431738796	0.283100472443226	0.289403126845605	0.115456520322062	0.422038946019272	0.406329133247534	0.202257036543765	0.384870257384266	0.303209147110858	0.372648896294983	0.307396704058705	0.412000609762339	0.202381011928846	0.304997232690962	0.307396704058706	0.395248843812231	0.396865108895417	0.283876660201884	0.214258337739353	0.444845921319758
"SRR13357661"	0.489281368211612	0.529298877297135	0.331570124673481	0.431051250560937	0.238230373423251	0.344065819142418	0.653249148408347	0.430148814728562	0.724446737634943	0.382538921951255	0.362767109700201	0.478738174455121	0.316864415782457	0.296915458306139	0.32591540841635	0.405658012306765	0.663071586930962	0.336328497548802	0.261211150128871	0.212280557457478	0.362992476749991	0.413503296620281	0.500135471601787	0.385853089238947	0.288686279300538	0.542788624574486	0.316864415782457	0.541818919726758	0.524437525519364	0.202608950351584	0.221270854937888	0.182942254275026	0.36393317884314	0.40173901519237	0.47515457607801	0.23441156295654	0.443207598142074	0.203304081524217	0.184607309756664	0.415472836188464	0.292757428068946	0.552889775415218	0.641218189154129	0.275791455132585	0.174309762915292	0.237562402692352	0.338233334473028	0.397508879009858	0.446847542379004	0.0722017914108055	0.514439510302517	0.192600727443609	0.256360850758924	0.491194011018307	0.0638239337947332	0.496124304657476	0.427933073531692	0.360401070541995	0.382891559927527	0.491194011018306	0.368949316988127	0.283100472443226	0.28862855957804	0.146799496610046	0.430212139182623	0.437909117870918	0.202257036543765	0.409157036190685	0.320945619907954	0.373351952123732	0.36821491688623	0.42514604193582	0.292834115189421	0.305421976980476	0.368214916886231	0.395248843812231	0.383445199145293	0.300143097753416	0.214258337739353	0.467831005072558
"SRR13357656"	0.816475728889459	0.494544175924637	0.409366157948974	0.24250000830742	0.222040624356892	0.344065819142418	0.576030784090936	0.348211150090337	0.851818102115422	0.195310638350939	0.465808717193019	0.354133816702648	0.268505815775963	0.296915458306139	0.301172706254181	0.300066031460651	0.625043350155283	0.247651647738054	0.31438836361636	0.190345300845085	0.224759959644981	0.660422381413529	0.537749920906695	0.376219326164058	0.369875739883108	0.516996154620234	0.268505815775963	0.484269459904848	0.563323366745557	0.139285172474714	0.221270854937888	0.188593978453101	0.513505831229627	0.326453293294316	0.512119339607349	0.156637953450793	0.16338151349637	0.524739865869513	0.0843796691165025	0.536384397842681	0.306744192600065	0.495062005227588	0.601667270794246	0.187431331514382	0.160572470024044	0.316846486576968	0.398004576252628	0.569762714697779	0.335394219522794	0.473316599741342	0.593209770110884	0.192600727443609	0.25707302847239	0.307028712661205	0.541852541309734	0.511896635346604	0.298394163338669	0.360401070541995	0.244857226461093	0.307028712661205	0.337555431738796	0.283100472443226	0.297752878508648	0.492121020579293	0.46333951091291	0.344194149609331	0.202257036543765	0.447695665172294	0.268654073554879	0.461709700128349	0.186030302193405	0.38545946967103	0.196215944853172	0.304878960970402	0.186030302193406	0.395248843812231	0.545859309589521	0.370302211280761	0.214258337739353	0.423082141355019
"SRR13357655"	0.816656712955849	0.494544175924637	0.340890692987355	0.24250000830742	0.222040624356892	0.344065819142418	0.576030784090936	0.348211150090337	0.851818102115422	0.195310638350939	0.465808717193019	0.354133816702648	0.268505815775963	0.296915458306139	0.348763337934176	0.300066031460651	0.556215237740915	0.53555220558314	0.267524109528549	0.190345300845085	0.598239800865079	0.660422381413529	0.537749920906695	0.376219326164058	0.369875739883108	0.516996154620234	0.268505815775963	0.473492546603287	0.521704604630176	0.27288467077767	0.221270854937888	0.183640652752628	0.513505831229627	0.276809360220579	0.512119339607349	0.315356962208295	0.49734915426118	0.524739865869513	0.32995057374529	0.41365907613514	0.306744192600065	0.729631533319832	0.530805825315032	0.370045406159538	0.160572470024044	0.246675088198643	0.398004576252628	0.569762714697779	0.335394219522794	0.473316599741342	0.533086920318818	0.192600727443609	0.25707302847239	0.307028712661205	0.560846485790702	0.511896635346604	0.226125187974179	0.360401070541995	0.244857226461093	0.307028712661205	0.397024797091107	0.283100472443226	0.297752878508648	0.492121020579293	0.434320445434048	0.344194149609331	0.202257036543765	0.436762062043639	0.268654073554879	0.43958691463295	0.208256205754218	0.38545946967103	0.370052348606306	0.303947314400727	0.208256205754219	0.395248843812231	0.545859309589521	0.30848739702828	0.214258337739353	0.423082141355019
"SRR13358134"	0.897739031870288	0.552055070588039	0.412444815209648	0.486624977889872	0.249327102897697	0.344065819142418	0.700277229462821	0.486606804804308	0.851818102115422	0.23592434164733	0.465808717193019	0.458899849360433	0.27982757089971	0.296915458306139	0.33234006861439	0.380468096340172	0.556215237740915	0.43054625235008	0.316523106657978	0.227705881266917	0.48462447025328	0.660422381413529	0.931195537831981	0.404113993857301	0.369875739883108	0.697956112340924	0.27982757089971	0.558399566479519	0.409363410163484	0.220414360457435	0.221270854937888	0.18881148867972	0.513505831229627	0.333991672150864	0.512119339607349	0.257400985071331	0.581789320770628	0.767827639391432	0.218805450098849	0.351526479330349	0.306744192600065	0.733863395888668	0.530805825315032	0.300117160624939	0.183853522994794	0.320129311053865	0.398004576252628	0.569762714697779	0.524090969435309	0.573561192097414	0.323372657469803	0.192600727443609	0.267198153629969	0.499304266668153	0.691041727417816	0.511896635346604	0.301819551979999	0.360401070541995	0.314365210248093	0.499304266668152	0.376559154450054	0.283100472443226	0.297752878508648	0.688804073178946	0.464607383873866	0.502625296177812	0.202257036543765	0.358733283743447	0.358141514675628	0.462674923140225	0.373419975458882	0.451856007836664	0.324690486246374	0.303947314400727	0.373419975458884	0.395248843812231	0.545859309589521	0.373105457166219	0.214258337739353	0.554292777493012
"SRR13358133"	0.881977809378718	0.538398120564164	0.464177883872672	0.406903056890262	0.360479491680422	0.497162387826419	0.768634425688581	0.452540108851958	0.851818102115422	0.0775383918480639	0.522063831316967	0.490872130651717	0.140515387984372	0.45593150123964	0.406873618408877	0.360466568729399	0.58311742874586	0.497274169048242	0.312083607269077	0.339074848918921	0.53335309050612	0.673591013350019	0.882835679377638	0.503506098692185	0.369875739883108	0.698603329485332	0.140515387984372	0.595282191736672	0.507892427181113	0.368197574316022	0.327450795525065	0.37931807172535	0.555142357905993	0.3428227368887	0.557679463978426	0.344376219797232	0.58292851313985	0.717940739104538	0.391369375123009	0.590524398942598	0.420474546542097	0.75106555208303	0.570822295258809	0.391149115857656	0.332615017857399	0.355661218526578	0.469496432388528	0.602333991395347	0.541400118499728	0.550287047045598	0.313216194277557	0.299698601533124	0.364364100355711	0.487296579596247	0.669136192674096	0.555956422590298	0.299674436035816	0.527841081055134	0.281159608778406	0.487296579596247	0.544599923938473	0.057444392368757	0.417255153382814	0.696317427207864	0.483329871237504	0.520384821922557	0.319882725642545	0.449969053366221	0.444362864316354	0.522027008335587	0.301845398690966	0.561657906650233	0.409935607189042	0.321630242606722	0.301845398690967	0.540116859260687	0.599340979499478	0.418009589693552	0.25697980451522	0.598380239540431
"SRR13358131"	0.881517405056032	0.538123121902821	0.371526848047808	0.463984939235173	0.242483152106266	0.344065819142418	0.67186672370636	0.451859251345921	0.716962229061969	0.21756185634702	0.359934092164336	0.432673503309493	0.205209905273694	0.296915458306139	0.266720108382819	0.394048401385477	0.623058393825309	0.290952852110815	0.22928972585927	0.21815656249867	0.303133058060729	0.406436972256809	0.881613339741248	0.389926848321691	0.286509521145167	0.600303791499121	0.205209905273694	0.565373881874612	0.53760181984669	0.181377920087301	0.221270854937888	0.185889552353573	0.311774136489443	0.448724604105609	0.421535677586834	0.209454155694171	0.411906126729879	0.695501720239083	0.14700107676581	0.429012270558836	0.292360314571925	0.567409417590326	0.70438764817644	0.246449065113797	0.177955156136346	0.277382185753222	0.336576652448853	0.350068664334439	0.476634236021581	0.482006892035007	0.504374415965532	0.128413017081498	0.257702766883452	0.450095563183136	0.603506599815749	0.495670177065335	0.498261516446491	0.360401070541995	0.388778025187755	0.450095563183136	0.359285921837138	0.0945997252183616	0.288368339279431	0.605784782856641	0.447525924947331	0.360964639591882	0.202257036543765	0.399989644556264	0.335100179674099	0.384176843622275	0.40419722554114	0.435437347339139	0.26698081948008	0.166108606228912	0.404197225541141	0.395248843812231	0.37897040829468	0.336024594862741	0.172103077502563	0.487088228873254
"SRR13358130"	0.816475728889459	0.494544175924637	0.47189937874335	0.286606393220262	0.222040624356892	0.344065819142418	0.576030784090936	0.348211150090337	0.714525074191686	0.366661084607857	0.358458149324247	0.354133816702648	0.313647186138733	0.296915458306139	0.336071227368601	0.332477549689434	0.668300862556997	0.395274057053794	0.373319241985327	0.190345300845085	0.429790901226675	0.402761091265471	0.537749920906695	0.368934025023053	0.285376426141262	0.455356842027362	0.313647186138733	0.491438968412695	0.463770182430796	0.232864441909143	0.221270854937888	0.186924622939975	0.357743214625568	0.541898658610668	0.47353772406411	0.268090233871887	0.396545408697866	0.498622905602631	0.243957947146996	0.33206602073425	0.292153011901605	0.720954073701992	0.646678208975377	0.3169570001845	0.160572470024044	0.364633669338195	0.335712892048786	0.390218740786342	0.335394219522794	0.432452968693369	0.381430388504505	0.192600727443609	0.250099590445505	0.307028712661205	0.532961763152323	0.495432970691864	0.527352308877736	0.360401070541995	0.344475695181923	0.307028712661205	0.381654959119172	0.283100472443226	0.288232471210815	0.450731032213348	0.489766196579457	0.344194149609331	0.202257036543765	0.366155807802326	0.268654073554879	0.387662701656798	0.267740267337141	0.38545946967103	0.320064551286864	0.305498884919221	0.267740267337142	0.395248843812231	0.37664115328229	0.397568043866606	0.214258337739353	0.388575416827286
"SRR13358125"	0.816475728889459	0.494544175924637	0.267052376668592	0.255789926110888	0.222040624356892	0.344065819142418	0.576030784090936	0.348211150090337	0.851818102115422	0.241596383059127	0.465808717193019	0.354133816702648	0.282181499839271	0.296915458306139	0.333646269241457	0.310013420253905	0.360303722853618	0.438885630004566	0.139575654864187	0.190345300845085	0.468467492719623	0.660422381413529	0.537749920906695	0.376219326164058	0.369875739883108	0.516996154620234	0.282181499839271	0.473492546603287	0.521704604630176	0.224352258742907	0.221270854937888	0.177846631755956	0.420004519255085	0.253114010324478	0.419981366498198	0.257984858409454	0.374490395201417	0.524739865869513	0.226658923709455	0.41365907613514	0.306744192600065	0.47672357304088	0.530805825315032	0.30545914276986	0.160572470024044	0.177555607138489	0.398004576252628	0.490446508433398	0.335394219522794	0.473316599741342	0.544761860035966	0.0932776858682429	0.25707302847239	0.307028712661205	0.511823456474721	0.511896635346604	0.207771035257672	0.360401070541995	0.273852003483183	0.307028712661205	0.378189585562479	0.283100472443226	0.297752878508648	0.492121020579293	0.400194018384808	0.200760973805446	0.202257036543765	0.436762062043639	0.268654073554879	0.413433433161886	0.209326192019055	0.38545946967103	0.309198756373707	0.0982107590970714	0.209326192019056	0.395248843812231	0.545859309589521	0.242723748545653	0.214258337739353	0.423082141355019
"SRR13358124"	0.724875219057092	0.494544175924637	0.483916454609773	0.24250000830742	0.222040624356892	0.344065819142418	0.576030784090936	0.348211150090337	0.851818102115422	0.195310638350939	0.465808717193019	0.354133816702648	0.268505815775963	0.296915458306139	0.343610031299941	0.300066031460651	0.556215237740915	0.502765292206535	0.375514920746766	0.190345300845085	0.556419732767827	0.660422381413529	0.428558179501841	0.376219326164058	0.369875739883108	0.508671208686548	0.268505815775963	0.473492546603287	0.521704604630176	0.255745664385501	0.221270854937888	0.190379224917743	0.513505831229627	0.391769296475642	0.512119339607349	0.295285324649132	0.45495488395167	0.390174375322179	0.292339201665557	0.597293876879833	0.306744192600065	0.821715194874158	0.530805825315032	0.347512480273089	0.160572470024044	0.387206297072698	0.398004576252628	0.569762714697779	0.335394219522794	0.316207251418544	0.555001755502405	0.192600727443609	0.25707302847239	0.307028712661205	0.395143531876211	0.511896635346604	0.327056454093445	0.360401070541995	0.244857226461093	0.307028712661205	0.390611549425476	0.283100472443226	0.297752878508648	0.357043387625366	0.494140453296745	0.344194149609331	0.202257036543765	0.436762062043639	0.268654073554879	0.469614598593064	0.211472026128903	0.38545946967103	0.348866564832177	0.303947314400727	0.211472026128904	0.395248843812231	0.545859309589521	0.42171235219282	0.214258337739353	0.423082141355019
"SRR13358123"	0.816475728889459	0.494544175924637	0.380388565438277	0.26408676378883	0.222040624356892	0.344065819142418	0.576030784090936	0.348211150090337	0.851818102115422	0.27313743218452	0.465808717193019	0.354133816702648	0.290686082299856	0.296915458306139	0.32866729682777	0.31613944373948	0.62832684619932	0.407234800137034	0.294427851804824	0.190345300845085	0.430995748861019	0.660422381413529	0.537749920906695	0.376219326164058	0.369875739883108	0.516996154620234	0.290686082299856	0.484800274994646	0.468613131630946	0.209568706249472	0.221270854937888	0.186528962204488	0.513505831229627	0.38311984960836	0.512119339607349	0.240401974023117	0.33605784900629	0.524739865869513	0.197706797948101	0.341068006980128	0.306744192600065	0.659926633960863	0.605071302353983	0.285332430807638	0.160572470024044	0.286475168177777	0.398004576252628	0.569762714697779	0.335394219522794	0.473316599741342	0.425126145313759	0.192600727443609	0.25707302847239	0.307028712661205	0.557925730469848	0.511896635346604	0.386420101922974	0.360401070541995	0.292460250461786	0.307028712661205	0.371972483446868	0.283100472443226	0.297752878508648	0.492121020579293	0.451272269095053	0.344194149609331	0.202257036543765	0.380443926462695	0.268654073554879	0.452518546924229	0.269330961484521	0.38545946967103	0.290133834519753	0.304924850652836	0.269330961484523	0.395248843812231	0.545859309589521	0.344024196848589	0.214258337739353	0.423082141355019
"SRR13358117"	0.761513426827247	0.428863458059874	0.541588703365676	0.426921868595926	0.360466864252236	0.565923727621533	0.690069041605642	0.446778139771885	0.563779477249332	0.316351163984291	0.310024947309754	0.39532073309183	0.26263476521635	0.396451407403672	0.398904623193551	0.325480080033562	0.511127022888792	0.253235302178146	0.381581728712866	0.371471814070421	0.260760547865408	0.318296773871681	0.811922725224595	0.466260626894277	0.238978880142412	0.328454370522862	0.262634765216351	0.496363451143665	0.470503565686943	0.276797568410606	0.359926655694724	0.345346804913251	0.325742440625653	0.476190017585602	0.378288871719944	0.237798325951307	0.368437402975063	0.563631139059017	0.251866993530257	0.430060532745441	0.335264262237555	0.508502700696294	0.500998543647969	0.259591743765727	0.342918440673128	0.412807073425025	0.299501603363746	0.339322722033553	0.466067273892936	0.432306357358898	0.35113336414823	0.351947605385734	0.164839320960684	0.462048929839131	0.468645125009763	0.393013592090839	0.400254389927654	0.480704045676585	0.298391065473599	0.462048929839131	0.426692690621359	0.251891550870152	0.340729465247283	0.512399776981934	0.506971709582265	0.456050637228912	0.290957921615816	0.349253845158258	0.365418220780369	0.35462106240763	0.323961921835505	0.460128874931516	0.281588870996686	0.26765712387227	0.323961921835506	0.431454977072463	0.346747079262182	0.455337883472655	0.333503619170801	0.539649966931654
"SRR13358116"	0.736481115960522	0.418838761222893	0.459831682647318	0.322918472269061	0.17713706867426	0.249908815806161	0.520367615866453	0.415359886020402	0.571357052560593	0.292748585190714	0.257580563647184	0.262806009450806	0.258282767304185	0.21781491019808	0.229764994517855	0.286406584069138	0.441961977290876	0.235361605508396	0.36063370782316	0.158304563227367	0.26384304726314	0.311945460116529	0.716103930287592	0.257852974786063	0.227965618224242	0.397765322543016	0.258282767304186	0.389133930727082	0.287268739024968	0.152028224036764	0.221270854937888	0.135974216818445	0.287000885127496	0.443196737850663	0.329869153483521	0.177684668826986	0.328939164795683	0.506768944538933	0.137624847793903	0.20809609149619	0.206738377831517	0.567067059188113	0.41542521722697	0.200415439213389	0.14948416368231	0.354115940503174	0.231952249490492	0.309372392657111	0.348356333344221	0.412536775553685	0.266826709484254	0.144017768199996	0.17915940696251	0.315800602398062	0.451292972170366	0.322757939189063	0.397966664004914	0.281609610000375	0.277172194460787	0.315800602398062	0.249483318593371	0.252626739752225	0.202989269769012	0.399283574680739	0.357891802407067	0.353466346968716	0.158879485030109	0.220565741389913	0.227885945338427	0.271008909473175	0.278468099849158	0.299514987347878	0.216338080773047	0.238904922709596	0.278468099849158	0.268096405148582	0.293583536247159	0.329375492994413	0.164370728763831	0.315796451435664
"SRR13358115"	0.88476202383685	0.54077552800822	0.299588215174767	0.475460836367493	0.320941283026786	0.446207214828458	0.744154368116199	0.458435834120941	0.687130274608411	0.360123677638958	0.375835418829074	0.540975120354032	0.311487510070029	0.401795139751458	0.400732428079045	0.417553657614977	0.574477637826237	0.214078463423988	0.217635472962327	0.298529222036599	0.192775182576481	0.368455263555887	0.892956950385732	0.46091162928398	0.271853660429339	0.627628006288056	0.311487510070029	0.580519595891734	0.491715406458374	0.200621710109381	0.290364888008048	0.29414086440676	0.358136149986137	0.316143283383295	0.497791706522938	0.192039413984242	0.29465197603351	0.702021661869867	0.127526274667433	0.413092213647653	0.363034089385994	0.241174573161526	0.55797766823032	0.222758819903456	0.277162703613655	0.197176116572919	0.370067582662827	0.381663702820422	0.528906590272935	0.554287908280603	0.348788126629144	0.261644854619891	0.321326233104097	0.557512437315953	0.540781333339621	0.506868937407425	0.29931522941626	0.472598438244776	0.380341247000213	0.557512437315953	0.44344048442812	0.283100472443226	0.364192132918148	0.64423579071116	0.414204952590914	0.508828228493211	0.278117098093459	0.431058499213352	0.412274174810608	0.376385084112048	0.389497412805439	0.523922310908452	0.245619260916289	0.235725743605066	0.38949741280544	0.492894805608337	0.383233349034362	0.270203965587836	0.293127417207474	0.538275640793283
"SRR13358114"	0.879940003281219	0.536855522092027	0.444130324646152	0.456929610613673	0.241868431578694	0.344065819142418	0.669220851585701	0.448723957684135	0.731864512110956	0.258054807240319	0.368051651961313	0.470488042338809	0.237839716699982	0.296915458306139	0.267780043894456	0.406139147715055	0.556215237740915	0.207642496229198	0.35046202961967	0.217304417320766	0.195561480990853	0.426714293131982	0.875836868449416	0.389894613353525	0.336912976175933	0.600894504102866	0.237839716699982	0.535980931124651	0.425855002688772	0.139285172474714	0.221270854937888	0.186146430269159	0.371542835563962	0.49094569939755	0.477126967800707	0.158717253300947	0.272539055066056	0.692102695299417	0.0843796691165025	0.367842515816954	0.293495481487344	0.432455890864604	0.530805825315032	0.187431331514382	0.177427289541451	0.338124116089756	0.341319379388176	0.40646057300699	0.472335578836188	0.547189386271726	0.366941720503835	0.192600727443609	0.258036923246328	0.491963742370209	0.58765964913766	0.476846227768972	0.478825870516744	0.360401070541995	0.381221047229275	0.491963742370209	0.337555431738796	0.142147283450382	0.289112011824959	0.604552833780326	0.478372158513955	0.459222942461692	0.202257036543765	0.370043139117181	0.333045622382482	0.39039520748503	0.389930778556105	0.433953797498276	0.207495086560813	0.303863370710337	0.389930778556105	0.395248843812231	0.391804429167972	0.378038384820077	0.185929355309661	0.486991051768712
"SRR13358110"	0.816475728889459	0.494544175924637	0.474856555500958	0.24250000830742	0.222040624356892	0.344065819142418	0.576030784090936	0.348211150090337	0.707538826273327	0.195310638350939	0.352721045735009	0.40748996056613	0.268505815775963	0.296915458306139	0.334709978708635	0.321485121320427	0.607812080701757	0.383653540189419	0.386724315210296	0.190345300845085	0.415052676797602	0.388516059628889	0.537749920906695	0.368525938856693	0.280978044845877	0.451912255729734	0.268505815775963	0.48151346156634	0.435808257500286	0.228727510287374	0.221270854937888	0.182723964310585	0.349524434737985	0.370465836699878	0.471372456910447	0.26318089568173	0.385840125434438	0.497152634831075	0.235497217875956	0.30376624346425	0.291344408114846	0.615311828829923	0.583838013033965	0.311377569902625	0.160572470024044	0.352652533987365	0.332350817934594	0.380528790725473	0.335394219522794	0.473316599741342	0.358945897382431	0.192600727443609	0.2497110815928	0.364826479439002	0.505144656567031	0.467107255645704	0.214056576085379	0.360401070541995	0.244857226461093	0.364826479439001	0.379980591883493	0.283100472443226	0.287702327626901	0.448417507156618	0.491720582747018	0.344194149609331	0.202257036543765	0.363605347658821	0.268654073554879	0.366153953623977	0.20008887098482	0.38545946967103	0.314793967553806	0.304640711889567	0.200088870984821	0.395248843812231	0.367601690608959	0.378281185079609	0.214258337739353	0.38666368332239
"SRR13358108"	0.816475728889459	0.494544175924637	0.600110352409635	0.24250000830742	0.31932010872731	0.478055042192176	0.674759851823203	0.348211150090337	0.710481841073677	0.195340592154438	0.402629355034278	0.402127603444632	0.268505815775963	0.435505602482619	0.464456624498489	0.300066031460651	0.662182460830042	0.379400215286735	0.447175856531571	0.286348020262834	0.380769923071849	0.40927168360804	0.537749920906695	0.460309526187208	0.283515228561397	0.494822194335543	0.268505815775963	0.537785310935204	0.582919581499771	0.319596096640434	0.313303663607121	0.348931830428599	0.388620048826067	0.445785365450104	0.512880980052167	0.299383566992146	0.35107214589197	0.498002433066063	0.310531678396675	0.424863239674582	0.38895246880091	0.652096288034822	0.650469003736832	0.346617630704666	0.284672503215853	0.472786841488946	0.393552482984559	0.414462321551793	0.387228099690812	0.473682235131478	0.442576259192742	0.285109299089011	0.334000536390669	0.334914214133404	0.522965837571889	0.523834510237052	0.265477006994678	0.507202696642996	0.244857226461093	0.334914214133404	0.514328816201479	0.283100472443226	0.390709913295623	0.500680371637757	0.540645169070503	0.390630657247818	0.303883412045428	0.478066849058275	0.354983285479497	0.435047661716887	0.186030302193405	0.494688952868368	0.350234689185406	0.320808864244379	0.186030302193406	0.522507422183001	0.41877886498372	0.484694738426828	0.319718966538773	0.453391643700401
"SRR13358107"	0.839410055564085	0.503918411822102	0.656897723653524	0.389443462100656	0.389494062955538	0.53424424315309	0.778010453277123	0.429224922556996	0.696131804010561	0.278452377899281	0.421239962371915	0.490129664845715	0.273397909083267	0.506691245445639	0.523722362272491	0.358277201467515	0.663720815348551	0.346069917932783	0.475078255912699	0.371856783345317	0.325244039344161	0.405340625476577	0.834056684757201	0.504517193021626	0.280492677768675	0.610927157741431	0.273397909083267	0.591969080328013	0.62776874887492	0.349977617949902	0.363589480225937	0.449389771156134	0.38299597506932	0.552759621774678	0.527303250548975	0.301401689605796	0.422051092517457	0.655243874744161	0.314231284526758	0.50867837072809	0.429166980591324	0.654681677326802	0.667275075857768	0.341475165102538	0.383203200787585	0.535636686749833	0.411483238749992	0.406653491898975	0.516963729998975	0.511498582665075	0.422894006412216	0.324020135973619	0.375568506994758	0.464693960010072	0.591112721929054	0.554110697590786	0.407041977821572	0.57808603180629	0.293438394371845	0.464693960010072	0.572518052798461	0.283100472443226	0.43298254448407	0.628457182751831	0.56382976583121	0.485400783820161	0.361048913880336	0.488734892401911	0.459129201073056	0.468828546031621	0.297356834111642	0.587379917332728	0.361058271082084	0.329038505534516	0.297356834111643	0.582941415416011	0.434605957186991	0.541028919910504	0.37720774732486	0.560342864228618
"SRR13358106"	0.816475728889459	0.494544175924637	0.623293220962779	0.24250000830742	0.291358081803863	0.441324633994001	0.649635178486085	0.348211150090337	0.716129326042091	0.195343477814452	0.393571773983263	0.38916131381751	0.268505815775963	0.430739417085744	0.423207529885015	0.300066031460651	0.573640070608662	0.352524913051105	0.478624577647879	0.258249971381927	0.352454140257951	0.414440608078125	0.537749920906695	0.435729557467074	0.286121320939389	0.485980861551719	0.268505815775963	0.511012071878116	0.486791865966615	0.275735326684687	0.28691428589195	0.302089713336635	0.384387655657393	0.475386322837015	0.59314144914643	0.270344340388637	0.322035424028295	0.498870552518277	0.254676767091362	0.325981315807762	0.362428125487539	0.671642889726765	0.556731789624916	0.315582019224413	0.246781442916187	0.50443661106081	0.379529351495287	0.412717415258069	0.373161500842502	0.473585179651798	0.336271438282557	0.258136712766116	0.31057441769881	0.327388821181196	0.530891101128333	0.58776046717284	0.292923037568165	0.467272996813589	0.244857226461093	0.327388821181196	0.471363176951127	0.283100472443226	0.362368016385039	0.488499712751276	0.551000543496713	0.378069955567347	0.274262250797914	0.426869425209017	0.330813139389749	0.431494099136869	0.186030302193405	0.465202504147705	0.32031961686788	0.315426196822164	0.186030302193406	0.488323892577758	0.411926847381091	0.504613180750539	0.289140501213157	0.43688445173743
"SRR13358102"	0.612429953720927	0.494544175924637	0.335422964177285	0.24250000830742	0.222040624356892	0.344065819142418	0.576030784090936	0.348211150090337	0.851818102115422	0.195310638350939	0.465808717193019	0.354133816702648	0.268505815775963	0.296915458306139	0.326657056661552	0.300066031460651	0.556215237740915	0.394588189285003	0.263819504343571	0.190345300845085	0.414226448223167	0.660422381413529	0.328237299376638	0.376219326164058	0.369875739883108	0.500542429838152	0.268505815775963	0.473492546603287	0.459950924885001	0.203775647719767	0.221270854937888	0.183231861661054	0.513505831229627	0.269295052095024	0.512119339607349	0.233560374156773	0.32102369789217	0.273083166190873	0.186778089009756	0.437539435313438	0.306744192600065	0.563600035606842	0.530805825315032	0.277393676399044	0.160572470024044	0.241316116010737	0.398004576252628	0.569762714697779	0.335394219522794	0.194716531734461	0.408778847946719	0.192600727443609	0.25707302847239	0.307028712661205	0.190668403711597	0.511896635346604	0.220690372086902	0.360401070541995	0.244857226461093	0.307028712661205	0.369460706712685	0.283100472443226	0.297752878508648	0.243886094593679	0.431916086069922	0.344194149609331	0.202257036543765	0.393534167873816	0.268654073554879	0.437750214673138	0.207246593952582	0.38545946967103	0.282596338043791	0.30337921142706	0.207246593952583	0.395248843812231	0.545859309589521	0.30359061303247	0.214258337739353	0.423082141355019
"SRR13358101"	0.350298540502876	0.244697591276311	0.211179710006237	0.119030581384952	0.100347116773007	0.137253899214578	0.270234492974001	0.348211150090337	0.339142759901109	0.0989817856459142	0.142301882530683	0.0909064076768718	0.155839579584006	0.123831749456378	0.138873284658467	0.140062206033331	0.117372929073613	0.276199892143913	0.158608975594089	0.0886471775305783	0.382282222417311	0.206452672783815	0.264730628377213	0.113525047478846	0.152974486887932	0.143904862302165	0.155839579584006	0.165901700384602	0.0731669114368239	0.16469215202196	0.221270854937888	0.0770504172746747	0.200379082468986	0.111302795862387	0.157459298682953	0.199298363860514	0.374716765940967	0.206747032095165	0.25276697535177	0.050382199907972	0.110321067323515	0.652302701549276	0.10437119754324	0.209461307871952	0.110045394529247	0.151603972211963	0.117877099331686	0.210609806835248	0.174754424631478	0.21717498360512	0.073540446746303	0.0869949667933302	0.0929786994988533	0.145939485471658	0.228315023342885	0.159244746633612	0.114742751358918	0.178364265037198	0.101226457259883	0.145939485471658	0.139560855506468	0.207850172794925	0.107263645456455	0.139798856585549	0.12867395232539	0.198829364614505	0.104709001780837	0.0670775273828341	0.106879958925505	0.132553368309318	0.110079955701405	0.138143109919788	0.216460309389487	0.152861208454298	0.110079955701406	0.124850101224879	0.1933748181386	0.132261857677614	0.103586343916161	0.122170215951437
"SRR13358100"	0.45315411314709	0.288639817156501	0.384326146392358	0.138719777097144	0.118990363311283	0.168637676032062	0.325481590920851	0.348211150090337	0.382131418900128	0.114342255812584	0.163465378521011	0.168233331348447	0.175152364309689	0.150113541541424	0.152959167001387	0.18851558917039	0.173550412075547	0.169253551918904	0.298975168208966	0.104280834384443	0.199316299196871	0.205620026958939	0.313744039884659	0.147814360883361	0.180394522017485	0.181984168845233	0.175152364309689	0.212876457642868	0.114389375059504	0.119332694438266	0.221270854937888	0.092791479815074	0.207280902373216	0.214207586337603	0.200003296009647	0.140402450447999	0.200008354122733	0.251322434040429	0.117557428490849	0.0782461997929875	0.135212032721224	0.451319786726069	0.156214206961745	0.150784549936021	0.119053750430865	0.283114383531122	0.142794012822479	0.21758882021087	0.201742123073049	0.260603599078203	0.111007711412709	0.10303048050696	0.114613005025917	0.238161034251509	0.252306835955555	0.187641552634509	0.134285490243765	0.208628514699468	0.122569841925597	0.238161034251509	0.156060934109265	0.221891342179451	0.132366624764184	0.179693020874181	0.217007018442972	0.224245509482039	0.120427173937193	0.101680190383993	0.130720530526471	0.161202958325806	0.112425488996581	0.174662335470959	0.15961200749027	0.17765012800901	0.112425488996582	0.162830060000272	0.202743142305034	0.224785798335956	0.120983780937472	0.155822383257403
"SRR13358099"	0.518307910570899	0.317518119070339	0.456139568108635	0.151974446812791	0.221119768887549	0.321953615997992	0.491487913753912	0.348211150090337	0.422729996653274	0.124664767275624	0.223600515278071	0.230222918662778	0.187783654081783	0.301876726015362	0.307306155402072	0.201984182212771	0.385741739361822	0.239375905767503	0.307460236049328	0.203066882050404	0.262636127647993	0.232009905953744	0.345808369520505	0.252074189680809	0.196433796567802	0.248962968835346	0.187783654081783	0.319141577712034	0.278753910560493	0.251319115992641	0.340482272079011	0.252212366877877	0.254559029825705	0.243785663739948	0.270352242393301	0.224112566259846	0.262109705457025	0.28318849059375	0.269540854632187	0.288810509239194	0.238603494654379	0.499532587100284	0.37273906633723	0.239881648237666	0.264310493249546	0.332771127311647	0.212208051440252	0.260659716710535	0.272027315588882	0.245498612480691	0.194070787589149	0.197441681998663	0.200371161182273	0.274525436311673	0.289390499193207	0.275239039063211	0.145229283243766	0.388050380955319	0.137354551613674	0.274525436311673	0.320977922088341	0.230749895901895	0.240471123657735	0.256380976139568	0.268174662264747	0.28982995037637	0.230150288314506	0.195865223005229	0.22338580825724	0.227193628817983	0.121909166082156	0.305189464363988	0.248287790376097	0.210810079034604	0.121909166082156	0.310225836401135	0.262860646056434	0.287488780254824	0.233178873137263	0.23767009558746
"SRR13358094"	0.645760862089162	0.476545945697697	0.508924702582602	0.255208573348196	0.277993497929665	0.420022462825227	0.639486574728166	0.348211150090337	0.780312279781346	0.260947871975723	0.436390586049614	0.384090719174597	0.274403490409742	0.381675688102344	0.414589090067011	0.312981104911624	0.531929132210572	0.407741172606099	0.371072922730035	0.247678795918137	0.411775123364878	0.52952853016991	0.392124648317437	0.416877220364768	0.322216766244815	0.487895366082153	0.274403490409742	0.486391060605142	0.583388479680684	0.282316296968369	0.276882600856636	0.285388641351667	0.437161662915377	0.465986449857259	0.514065513099366	0.28412756090107	0.360581388525051	0.333801479477985	0.278377859928571	0.521034368991811	0.352876290003403	0.734531391626368	0.521423483832924	0.330367792014796	0.232808615026579	0.401836006769889	0.395126953928146	0.478481755887368	0.360127872650305	0.256746668633764	0.547720672233077	0.239983602043096	0.298540264560722	0.324445713872006	0.292445221359813	0.538809769525235	0.429639012550406	0.451616070615797	0.265699826468843	0.324445713872005	0.463246299699302	0.283100472443226	0.348994083055719	0.313261022115276	0.502975725934789	0.356581662472747	0.263089809885876	0.479430710228773	0.320273900877871	0.46167578108668	0.254545748939641	0.453631872210064	0.335227577721946	0.313776515759219	0.254545748939642	0.474858447800176	0.482168299179073	0.440965765273533	0.27686748682364	0.444147324796923
"SRR13358093"	0.816475728889459	0.494544175924637	0.437354359672024	0.24250000830742	0.222040624356892	0.344065819142418	0.576030784090936	0.348211150090337	0.851818102115422	0.195310638350939	0.465808717193019	0.354133816702648	0.268505815775963	0.296915458306139	0.319073047663728	0.300066031460651	0.556215237740915	0.347905744567257	0.333911806282721	0.190345300845085	0.352557294676896	0.660422381413529	0.537749920906695	0.376219326164058	0.369875739883108	0.516996154620234	0.268505815775963	0.473492546603287	0.521704604630176	0.182844534990566	0.221270854937888	0.190562178690265	0.513505831229627	0.353064614631849	0.512119339607349	0.208545797931571	0.267332991888937	0.524739865869513	0.149477917075634	0.41365907613514	0.306744192600065	0.683246879586279	0.530805825315032	0.248486719762407	0.160572470024044	0.347073744637477	0.398004576252628	0.569762714697779	0.335394219522794	0.473316599741342	0.547216672099963	0.192600727443609	0.25707302847239	0.307028712661205	0.571235105005638	0.511896635346604	0.330061033348695	0.360401070541995	0.244857226461093	0.307028712661205	0.359976912879785	0.283100472443226	0.297752878508648	0.492121020579293	0.47478681093693	0.344194149609331	0.202257036543765	0.436762062043639	0.268654073554879	0.470422415198918	0.186030302193405	0.38545946967103	0.25505210420434	0.303947314400727	0.186030302193406	0.395248843812231	0.545859309589521	0.395873422809173	0.214258337739353	0.423082141355019
"SRR13358092"	0.365764469052608	0.494544175924637	0.425962670017192	0.24250000830742	0.222040624356892	0.344065819142418	0.576030784090936	0.348211150090337	0.851818102115422	0.195310638350939	0.465808717193019	0.354133816702648	0.268505815775963	0.296915458306139	0.344609992422832	0.300066031460651	0.556215237740915	0.509156088746225	0.325932761802025	0.190345300845085	0.56464005708512	0.660422381413529	0.17352081859205	0.376219326164058	0.369875739883108	0.484518738871896	0.268505815775963	0.473492546603287	0.465442554014363	0.259024795318062	0.221270854937888	0.189763325002563	0.513505831229627	0.347394947803946	0.512119339607349	0.299072316385975	0.463172687507571	0.116207844133323	0.299459813266511	0.392245444318632	0.306744192600065	0.817033809906163	0.530805825315032	0.351847702911997	0.160572470024044	0.334667754223307	0.398004576252628	0.569762714697779	0.335394219522794	0.0630892093504241	0.428962490407776	0.192600727443609	0.25707302847239	0.307028712661205	0.0587269293057526	0.511896635346604	0.317030598178563	0.360401070541995	0.244857226461093	0.307028712661205	0.391856639130517	0.283100472443226	0.297752878508648	0.0995155814138943	0.470147669951871	0.344194149609331	0.202257036543765	0.397337021578426	0.268654073554879	0.466891970721016	0.186030302193405	0.38545946967103	0.352945668265823	0.303947314400727	0.186030302193406	0.395248843812231	0.545859309589521	0.38544155401739	0.214258337739353	0.423082141355019
"SRR13358091"	0.565284975116877	0.494544175924637	0.422463110423442	0.24250000830742	0.222040624356892	0.344065819142418	0.576030784090936	0.348211150090337	0.851818102115422	0.195310638350939	0.465808717193019	0.354133816702648	0.268505815775963	0.296915458306139	0.338755911918328	0.300066031460651	0.556215237740915	0.471640529962351	0.323490871508915	0.190345300845085	0.515990645255034	0.660422381413529	0.293281519918352	0.376219326164058	0.369875739883108	0.497443188401588	0.268505815775963	0.473492546603287	0.521704604630176	0.240156407991109	0.221270854937888	0.189517365522332	0.513505831229627	0.343496094506419	0.512119339607349	0.276772616374755	0.415329035332909	0.234688485584596	0.25910116536168	0.47665622520631	0.306744192600065	0.78389992417349	0.530805825315032	0.326751379304237	0.160572470024044	0.330884740590382	0.398004576252628	0.569762714697779	0.335394219522794	0.15884646924044	0.537066968227938	0.192600727443609	0.25707302847239	0.307028712661205	0.174874233673491	0.511896635346604	0.313066246442152	0.360401070541995	0.244857226461093	0.307028712661205	0.384563300281165	0.283100472443226	0.297752878508648	0.207740094194274	0.468717315752662	0.344194149609331	0.202257036543765	0.436762062043639	0.268654073554879	0.465803342272926	0.186030302193405	0.38545946967103	0.329307691060097	0.303947314400727	0.186030302193406	0.395248843812231	0.545859309589521	0.382243559191577	0.214258337739353	0.423082141355019
"SRR13358086"	0.702405413021109	0.494544175924637	0.462915763565163	0.24250000830742	0.222040624356892	0.344065819142418	0.576030784090936	0.348211150090337	0.851818102115422	0.195310638350939	0.465808717193019	0.354133816702648	0.268505815775963	0.296915458306139	0.31831852690264	0.300066031460651	0.556215237740915	0.343370335750515	0.360250851580888	0.190345300845085	0.346606104504389	0.660422381413529	0.406147077878908	0.376219326164058	0.369875739883108	0.506922485545141	0.268505815775963	0.473492546603287	0.521704604630176	0.180842619707135	0.221270854937888	0.188947666274766	0.513505831229627	0.369315611903648	0.512119339607349	0.20617924288747	0.262279800631642	0.363283497823634	0.146101716621366	0.457537788529848	0.306744192600065	0.640987993274383	0.530805825315032	0.245704969711456	0.160572470024044	0.363768942717275	0.398004576252628	0.569762714697779	0.335394219522794	0.286843694740935	0.548458898182079	0.192600727443609	0.25707302847239	0.307028712661205	0.325447268226255	0.511896635346604	0.303973870349721	0.360401070541995	0.244857226461093	0.307028712661205	0.359032779760989	0.283100472443226	0.297752878508648	0.330680599218315	0.485698700282816	0.344194149609331	0.202257036543765	0.436762062043639	0.268654073554879	0.463278933159107	0.254441114167825	0.38545946967103	0.252392452003299	0.303947314400727	0.254441114167826	0.395248843812231	0.545859309589521	0.402524852265958	0.214258337739353	0.423082141355019
"SRR13358085"	0.816475728889459	0.494544175924637	0.496966824260985	0.24250000830742	0.222040624356892	0.344065819142418	0.576030784090936	0.348211150090337	0.851818102115422	0.195310638350939	0.465808717193019	0.354133816702648	0.268505815775963	0.296915458306139	0.334641211168821	0.300066031460651	0.556215237740915	0.445250298999039	0.385156317300177	0.190345300845085	0.481311444654602	0.660422381413529	0.537749920906695	0.376219326164058	0.369875739883108	0.516996154620234	0.268505815775963	0.473492546603287	0.521704604630176	0.227379919312263	0.221270854937888	0.191249840097728	0.513505831229627	0.401750237626151	0.512119339607349	0.261580913838673	0.382346993283367	0.524739865869513	0.232762697251735	0.41365907613514	0.306744192600065	0.791739006619052	0.530805825315032	0.309556586374844	0.160572470024044	0.4019347672825	0.398004576252628	0.569762714697779	0.335394219522794	0.473316599741342	0.555001755502405	0.192600727443609	0.25707302847239	0.307028712661205	0.590279141804527	0.511896635346604	0.341457307179811	0.360401070541995	0.244857226461093	0.307028712661205	0.379431205855973	0.283100472443226	0.297752878508648	0.492121020579293	0.499378501905057	0.344194149609331	0.202257036543765	0.436762062043639	0.268654073554879	0.473454781058718	0.217229484200614	0.38545946967103	0.313072924558539	0.303947314400727	0.217229484200616	0.395248843812231	0.545859309589521	0.433624334512856	0.214258337739353	0.423082141355019
"SRR13358084"	0.816475728889459	0.494544175924637	0.426162469107049	0.24250000830742	0.222040624356892	0.344065819142418	0.576030784090936	0.348211150090337	0.851818102115422	0.195346528052925	0.465808717193019	0.354133816702648	0.268505815775963	0.296915458306139	0.316702505848826	0.300066031460651	0.556215237740915	0.333733812536892	0.326072304037279	0.190345300845085	0.333997062593214	0.660422381413529	0.537749920906695	0.376219326164058	0.369875739883108	0.516996154620234	0.268505815775963	0.473492546603287	0.521704604630176	0.176604154171851	0.221270854937888	0.18977735887568	0.513505831229627	0.343139558646726	0.512119339607349	0.201142803495919	0.251645279670934	0.524739865869513	0.139069638936249	0.501346527542011	0.306744192600065	0.648409355076014	0.530805825315032	0.239806423777046	0.160572470024044	0.334884138537875	0.398004576252628	0.569762714697779	0.335394219522794	0.473316599741342	0.555001755502405	0.192600727443609	0.25707302847239	0.307028712661205	0.564458746688996	0.511896635346604	0.317257485879773	0.360401070541995	0.244857226461093	0.307028712661205	0.357010313613615	0.283100472443226	0.297752878508648	0.492121020579293	0.470229254794503	0.344194149609331	0.202257036543765	0.436762062043639	0.268654073554879	0.466954062320785	0.20153996058825	0.38545946967103	0.246747030130612	0.303947314400727	0.201539960588251	0.395248843812231	0.545859309589521	0.385624229779319	0.214258337739353	0.423082141355019
"SRR13358083"	0.816475728889459	0.494544175924637	0.441395962925678	0.259982163941334	0.222040624356892	0.344065819142418	0.576030784090936	0.348211150090337	0.851818102115422	0.257315100385731	0.465808717193019	0.354133816702648	0.286481827003416	0.296915458306139	0.31881067915142	0.313116487660546	0.556215237740915	0.346326120781097	0.336754288370871	0.190345300845085	0.350483440461565	0.660422381413529	0.537749920906695	0.376219326164058	0.369875739883108	0.516996154620234	0.286481827003416	0.473492546603287	0.471506929815996	0.182146753856913	0.221270854937888	0.190845057450113	0.513505831229627	0.422162991740681	0.512119339607349	0.207713303473778	0.265569581809112	0.524739865869513	0.148297165316495	0.350065277917044	0.306744192600065	0.687615739405895	0.530805825315032	0.247517437772612	0.160572470024044	0.351508465476001	0.398004576252628	0.569762714697779	0.335394219522794	0.473316599741342	0.455516831178066	0.192600727443609	0.25707302847239	0.307028712661205	0.572554575767051	0.511896635346604	0.440128725252741	0.360401070541995	0.283210068415713	0.307028712661205	0.359648622279984	0.283100472443226	0.297752878508648	0.492121020579293	0.476427074471124	0.344194149609331	0.202257036543765	0.401544196876364	0.268654073554879	0.471670578721918	0.21692679129334	0.38545946967103	0.254125560744372	0.303640637496641	0.216926791293341	0.395248843812231	0.545859309589521	0.399582706777815	0.214258337739353	0.423082141355019
"SRR13358081"	0.816475728889459	0.494544175924637	0.383331558281486	0.336733996974297	0.275998618201548	0.525749472452416	0.576030784090936	0.348211150090337	0.678716145726203	0.348744560732486	0.337860866277056	0.354133816702648	0.309441976292355	0.296915458306139	0.319990465031045	0.329505510781649	0.654292128219308	0.289940083979283	0.310300007856566	0.266326391555919	0.292238230959238	0.352059767327396	0.537749920906695	0.483816200155847	0.269627874477154	0.442890380490882	0.309441976292355	0.507273676141777	0.581600854865768	0.186412325655318	0.221270854937888	0.186740390567238	0.328374638096161	0.451395668472179	0.465692349892345	0.212931296498394	0.27638227458975	0.493292377744035	0.155580631507833	0.725761088055718	0.302092389195352	0.603515042092354	0.632062811968512	0.253437330762818	0.160572470024044	0.289515444278703	0.323604405045114	0.355550840819978	0.335394219522794	0.473316599741342	0.619312317252872	0.297724975912045	0.291483003640149	0.307028712661205	0.508712687622336	0.492075102644385	0.499511509283756	0.360401070541995	0.334785700580738	0.307028712661205	0.361642479382808	0.283100472443226	0.3017042391699	0.442353647231781	0.615228702789843	0.344194149609331	0.202257036543765	0.452579518566451	0.269403442023084	0.412409474370175	0.31499674135872	0.38545946967103	0.259781249242772	0.320112510660514	0.314996741358721	0.395248843812231	0.344318176974548	0.432963936292653	0.250882370606297	0.524719119568746
"SRR13358080"	0.753679826594393	0.458872050385171	0.412192500566987	0.24345057019064	0.217400096942109	0.331385294937798	0.576030784090936	0.348211150090337	0.845103926064624	0.237110588879345	0.465808717193019	0.354133816702648	0.255733506851553	0.296915458306139	0.352528771957244	0.307444872986815	0.47769035944248	0.559191512407563	0.316348040104571	0.190345300845085	0.608885706250853	0.660422381413529	0.537749920906695	0.352636456786838	0.369875739883108	0.497211713985017	0.255733506851553	0.435558333665133	0.467448764663189	0.285773792183398	0.221270854937888	0.188793673608987	0.488908096921502	0.390263544852812	0.507563250733217	0.330475802622255	0.528200746903981	0.524739865869513	0.358740895501735	0.313456459887722	0.295509211754894	0.837828324065317	0.467723775437431	0.38419989989903	0.160572470024044	0.319859865777409	0.385476201266662	0.548574759390355	0.321127548850457	0.441491913334388	0.429878635252261	0.179582937529037	0.245728921605822	0.307028712661205	0.575950108329767	0.511896635346604	0.385208961036648	0.360401070541995	0.234243228326199	0.307028712661205	0.401705417528159	0.283100472443226	0.285244406745912	0.470599404075644	0.464503564080744	0.312875449718653	0.202257036543765	0.370721583782914	0.26643794464486	0.462595888488427	0.207069446741834	0.38545946967103	0.385765967176136	0.303947314400727	0.207069446741835	0.395248843812231	0.545859309589521	0.372875628205644	0.213084449323945	0.420299957306197
"SRR13358079"	0.816654684449292	0.494544175924637	0.38620078781711	0.24250000830742	0.222040624356892	0.344065819142418	0.576030784090936	0.348211150090337	0.851818102115422	0.195310638350939	0.465808717193019	0.354133816702648	0.268505815775963	0.296915458306139	0.342886367120613	0.300066031460651	0.556215237740915	0.498134110722138	0.29841374520689	0.190345300845085	0.550444010631142	0.660422381413529	0.537749920906695	0.376219326164058	0.369875739883108	0.516996154620234	0.268505815775963	0.473492546603287	0.521704604630176	0.25338683684768	0.221270854937888	0.186946106002033	0.513505831229627	0.313516940831373	0.512119339607349	0.292384281967016	0.449015648238712	0.524739865869513	0.287242498705527	0.41365907613514	0.306744192600065	0.760192681402846	0.530805825315032	0.344387033014583	0.160572470024044	0.292489274668448	0.398004576252628	0.569762714697779	0.335394219522794	0.473316599741342	0.53582733864456	0.192600727443609	0.25707302847239	0.307028712661205	0.574143232582828	0.511896635346604	0.273094183122203	0.360401070541995	0.244857226461093	0.307028712661205	0.389710299167408	0.283100472443226	0.297752878508648	0.492121020579293	0.453714008344226	0.344194149609331	0.202257036543765	0.436762062043639	0.268654073554879	0.454379085785672	0.186030302193405	0.38545946967103	0.345924752547304	0.303947314400727	0.186030302193406	0.395248843812231	0.545859309589521	0.349279955963076	0.214258337739353	0.423082141355019
"SRR13358078"	0.816475728889459	0.494544175924637	0.328618851144178	0.266118313088316	0.222040624356892	0.344065819142418	0.576030784090936	0.348211150090337	0.851818102115422	0.281106388968195	0.465808717193019	0.354133816702648	0.292764719926438	0.296915458306139	0.32018155265913	0.317630213635794	0.556215237740915	0.354608643982939	0.259214213123863	0.190345300845085	0.361369943082171	0.660422381413529	0.537749920906695	0.376219326164058	0.369875739883108	0.516996154620234	0.292764719926438	0.473492546603287	0.521704604630176	0.185812153369494	0.221270854937888	0.182719509896	0.513505831229627	0.340724644846437	0.512119339607349	0.212086117691536	0.274856314721779	0.489402117559951	0.154546424905411	0.41365907613514	0.306744192600065	0.498562459931732	0.530805825315032	0.252605177594706	0.160572470024044	0.234699704252568	0.398004576252628	0.569762714697779	0.335394219522794	0.473316599741342	0.535895181596435	0.192600727443609	0.25707302847239	0.307028712661205	0.527317840782175	0.511896635346604	0.331189957218842	0.360401070541995	0.297068777511541	0.307028712661205	0.361363799622555	0.283100472443226	0.297752878508648	0.492121020579293	0.428901289057925	0.344194149609331	0.202257036543765	0.436762062043639	0.268654073554879	0.435446142880632	0.228258804296913	0.38545946967103	0.258986689398016	0.303947314400727	0.228258804296914	0.395248843812231	0.545859309589521	0.297503941707112	0.214258337739353	0.423082141355019
"SRR13358073"	0.816475728889459	0.494544175924637	0.526714167450653	0.280854165345384	0.222040624356892	0.344065819142418	0.576030784090936	0.348211150090337	0.713664972292292	0.242228797079281	0.357939716065259	0.354133816702648	0.2323738434901	0.335714891983231	0.300856637535407	0.332908683154504	0.556215237740915	0.406148255270602	0.430887125320939	0.190345300845085	0.444407559109681	0.401470905167347	0.537749920906695	0.368897261021647	0.28497857298456	0.455046408156927	0.2323738434901	0.473492546603287	0.418503286492034	0.238491908660936	0.221270854937888	0.184225864490635	0.356999426373244	0.582661081517567	0.588362905876363	0.274820176253385	0.411052677740086	0.498490477010255	0.255619782549666	0.372999530319079	0.292080126995814	0.673887132689046	0.530805825315032	0.324520244812	0.160572470024044	0.403633241551524	0.335409380410389	0.389342281230207	0.335394219522794	0.473316599741342	0.333114254491528	0.192600727443609	0.25006458096315	0.307028712661205	0.518878793147146	0.56780815192307	0.479677848896207	0.360401070541995	0.33754258526369	0.307028712661205	0.383904114340916	0.137231536049193	0.288184697381401	0.45052256424974	0.512867294139272	0.344194149609331	0.202257036543765	0.364998446953229	0.268654073554879	0.375817580639327	0.290874865090475	0.38545946967103	0.327203100495642	0.303859416816922	0.290874865090475	0.395248843812231	0.375823334123948	0.415182770971929	0.184669004411216	0.388403085540567
"SRR13358069"	0.816658206276639	0.494544175924637	0.583444295760373	0.281359545988571	0.375305567770912	0.547269839225849	0.719204229573596	0.348211150090337	0.726775136335577	0.344043585682444	0.435930619646007	0.467243232971511	0.308313045883547	0.552208503150647	0.52155315040951	0.344844946426032	0.708007954969679	0.32543469163114	0.414918484800609	0.343652099140933	0.297523413335415	0.437797562486691	0.537749920906695	0.507992445857304	0.29027954990173	0.520548135981171	0.308313045883547	0.569090952468086	0.627033139132797	0.333738453197754	0.366102909542493	0.445029233130152	0.419469024970088	0.559348752276276	0.641456187062629	0.281143594012338	0.267697878081808	0.500245978259177	0.281606408492192	0.450967343567691	0.442936921628182	0.47569082514704	0.702410334719534	0.323581306496284	0.36430921032651	0.441621846066674	0.43004104544982	0.444153189404837	0.41410664618178	0.410107235002869	0.418325298021675	0.339975119573358	0.381433302471455	0.392983090270326	0.49650314193053	0.643817169505513	0.430224366647014	0.581447744910635	0.332195284037724	0.392983090270325	0.569412214469297	0.283100472443226	0.447441380010605	0.529648878502327	0.532808755730733	0.414571379839856	0.363924895407571	0.510484258210029	0.402283980353324	0.453312717444115	0.257403038132438	0.549928693559457	0.329528108328394	0.329350421959772	0.257403038132439	0.585808477936992	0.456861268266121	0.466034650306357	0.381294360962329	0.489898710720183
"SRR13358068"	0.876780678999499	0.534204130871364	0.536439927407044	0.45228653371318	0.433497613867781	0.585153907315044	0.807031838368253	0.442183173059469	0.713833550962919	0.381538616990043	0.440431884007047	0.573850111737442	0.316552308397796	0.551667103865131	0.543237235314194	0.410198802391392	0.737113399563272	0.245402324797891	0.360991137304756	0.415034708306327	0.207720214657585	0.420022770468077	0.862978425529993	0.553520220513392	0.283803790102572	0.654093377990639	0.316552308397797	0.642737632444975	0.66290687601	0.30791050434585	0.397028614480821	0.502033086017044	0.41661075783793	0.508425042117123	0.544121226909975	0.242308417372219	0.286684394299515	0.678625480577357	0.210613898979855	0.491492497860457	0.471390735973189	0.330608645734815	0.734653792382539	0.275600537299227	0.439956346465663	0.392613005442351	0.44207169164691	0.437486472802624	0.562750569860925	0.479070309900745	0.430227584044414	0.372592007464758	0.416470820283273	0.560096868482964	0.559212837460747	0.569858345817109	0.411569266439883	0.621404151845489	0.386605645275458	0.560096868482964	0.588061007586848	0.283100472443226	0.478207354743769	0.674853196547254	0.512612813451125	0.540213537040047	0.399408960959248	0.536374081853704	0.500920086645884	0.457953431855888	0.381899365575742	0.625209934746035	0.297933681225773	0.334243205596988	0.381899365575743	0.619955176068958	0.456056882391983	0.437201582405882	0.41742862692087	0.595325906547417
"SRR13358067"	0.816759039497775	0.494544175924637	0.535013874578819	0.282222409388767	0.38792662723339	0.562088180419467	0.728312830259319	0.348211150090337	0.717812111787572	0.347724761472452	0.435147999512697	0.477563981558934	0.309190902708402	0.562582320842248	0.519109343902229	0.347422647033951	0.726274056140807	0.242361190089325	0.365619291221118	0.35674477477675	0.197061556113833	0.424870346962149	0.537749920906695	0.517740013184825	0.285929547623506	0.521563998321505	0.309190902708402	0.577426051490555	0.648807331878375	0.28774868766528	0.378010710380694	0.467330732295832	0.41476489114534	0.51724214573137	0.629856397152932	0.230600771960611	0.177601914195482	0.498806832712211	0.194254728562884	0.558426680578067	0.453566132719087	0.348507843584361	0.7220943801305	0.266176946230244	0.382758093055478	0.395195760354846	0.433183129835294	0.437416155664904	0.419992071749765	0.411564488281299	0.432827449703607	0.352495853222531	0.391384804835359	0.401609443748236	0.477593316680508	0.643130182419306	0.430916490615992	0.597140205328026	0.334209177655479	0.401609443748236	0.564076412707466	0.283100472443226	0.459103616323047	0.532848327915341	0.512333843847737	0.419805423277595	0.377568301258485	0.524307084411841	0.412789671128004	0.454169576579062	0.259092881173626	0.561758413112012	0.275030363501235	0.331363060138044	0.259092881173627	0.599201532856057	0.452605355429213	0.437653097428004	0.395210306521549	0.495184784741591
"SRR13358066"	0.727187989031481	0.494544175924637	0.545200244072115	0.272833450699279	0.417200236002404	0.595371911574543	0.748343715555345	0.348211150090337	0.711835964007712	0.308270793224423	0.442878317979199	0.502159007618001	0.299625111602234	0.562936110506825	0.553986193988972	0.345256415962066	0.72990276161674	0.246804847196386	0.363938022482483	0.387333782069472	0.197833485318926	0.418032850981664	0.430698032474478	0.540539892198727	0.326603499381438	0.521078182575055	0.299625111602234	0.589405230810045	0.664645598155964	0.317191252358237	0.405652929793892	0.519070116083921	0.417544793269762	0.483280366542809	0.546711448030518	0.243765268128947	0.179855595028894	0.367357768422002	0.218261911431311	0.481767332301221	0.479413107073665	0.343382047868746	0.727970221884919	0.279887954488514	0.425959329127059	0.401999543898682	0.446110949553629	0.437640561127932	0.433472586152901	0.26615967937644	0.427184904424164	0.381743171937083	0.415142869643838	0.422633429885424	0.291579977741867	0.577977281994276	0.374171307375189	0.632086289311211	0.312432795044364	0.422633429885424	0.598677057821744	0.283100472443226	0.48679626406004	0.40845147599667	0.515953196718305	0.431786183318814	0.409328920643217	0.542259765774968	0.436989156289674	0.463721783085807	0.24093040900365	0.588407694007883	0.288647415182074	0.335325390508178	0.240930409003651	0.629115700130768	0.457721207351994	0.446384871025653	0.427496285446029	0.510326455011059
"SRR13358061"	0.816475728889459	0.494544175924637	0.326573523305338	0.24250000830742	0.222040624356892	0.344065819142418	0.576030784090936	0.348211150090337	0.851818102115422	0.195310638350939	0.465808717193019	0.354133816702648	0.268505815775963	0.296915458306139	0.314635926218591	0.300066031460651	0.556215237740915	0.321573263708177	0.257830769849152	0.190345300845085	0.31816489153054	0.660422381413529	0.537749920906695	0.376219326164058	0.369875739883108	0.516996154620234	0.268505815775963	0.473492546603287	0.521704604630176	0.171281788304337	0.221270854937888	0.182564666180543	0.513505831229627	0.260456213949404	0.512119339607349	0.194777578469613	0.238428617833807	0.524739865869513	0.130466718092432	0.472517278099149	0.306744192600065	0.449735383918802	0.530805825315032	0.232382814421063	0.160572470024044	0.232722221732178	0.398004576252628	0.569762714697779	0.335394219522794	0.473316599741342	0.555001755502405	0.192600727443609	0.25707302847239	0.307028712661205	0.520764136575528	0.511896635346604	0.212003175159001	0.360401070541995	0.244857226461093	0.307028712661205	0.354423330283158	0.283100472443226	0.297752878508648	0.492121020579293	0.42798988989257	0.344194149609331	0.202257036543765	0.436762062043639	0.268654073554879	0.434749360591626	0.186030302193405	0.38545946967103	0.239630362825426	0.303947314400727	0.186030302193406	0.395248843812231	0.545859309589521	0.295675739932974	0.214258337739353	0.423082141355019
"SRR13358060"	0.79402762564635	0.494544175924637	0.468758190582533	0.24250000830742	0.215914568787803	0.330645493404188	0.576030784090936	0.348211150090337	0.851818102115422	0.195310638350939	0.465808717193019	0.343670766960717	0.268505815775963	0.296915458306139	0.299972688562201	0.300066031460651	0.303110987703577	0.241251744007859	0.363599085746787	0.190345300845084	0.213958429591641	0.660422381413529	0.537749920906695	0.35263314420017	0.369875739883108	0.504174261857734	0.268505815775963	0.458408307950908	0.501631390272224	0.134952522288632	0.221270854937888	0.18970290587527	0.503451211987751	0.372048528941578	0.507802814841388	0.139601678154368	0.159264807420492	0.524739865869513	0.0843796691165025	0.387230972140765	0.297522479510712	0.523391610530245	0.530285194828642	0.171563762225462	0.160572470024044	0.371470554593335	0.398004576252628	0.560079463027871	0.328387555906977	0.473316599741342	0.493671775122731	0.188074689334083	0.256636111968529	0.298711750327804	0.548168575515135	0.51189663534656	0.316054640840224	0.360401070541995	0.244857226461093	0.298711750327804	0.337545948743892	0.283100472443155	0.288571271940854	0.486212837892434	0.453037774884755	0.337925042315459	0.202257036543706	0.382759863720504	0.268111139401475	0.466624623340898	0.186030302193405	0.385459469670987	0.186209917788675	0.304791138524019	0.186030302193406	0.395248843812201	0.545859309589486	0.409623004423472	0.21301818066247	0.421519636601358
"SRR13358059"	0.816475728889459	0.494544175924637	0.329802418350143	0.256716406937641	0.222040624356892	0.344065819142418	0.576030784090936	0.348211150090337	0.851818102115422	0.245021353023037	0.465808717193019	0.354133816702648	0.283132421171582	0.296915458306139	0.301172706254181	0.310700576732751	0.556215237740915	0.247651647738054	0.260014951759551	0.190345300845085	0.224759959644981	0.660422381413529	0.537749920906695	0.376219326164058	0.369875739883108	0.516996154620234	0.283132421171583	0.473492546603287	0.521704604630176	0.139285172474714	0.221270854937888	0.182808934553387	0.513505831229627	0.30706191128481	0.512119339607349	0.156642810870471	0.16338151349637	0.524739865869513	0.0843796691165025	0.498151224836279	0.306744192600065	0.349840789755637	0.530805825315032	0.187431331514382	0.160572470024044	0.235846429008019	0.398004576252628	0.569762714697779	0.335394219522794	0.473316599741342	0.549353910923273	0.192600727443609	0.25707302847239	0.307028712661205	0.508255307140549	0.511896635346604	0.28298545513014	0.360401070541995	0.275912002348682	0.307028712661205	0.337555431738796	0.283100472443226	0.297752878508648	0.492121020579293	0.429427583124855	0.344194149609331	0.202257036543765	0.436762062043639	0.268654073554879	0.435848452959276	0.224990376651358	0.38545946967103	0.196215944853172	0.303947314400727	0.224990376651359	0.395248843812231	0.545859309589521	0.298562169780012	0.214258337739353	0.423082141355019
"SRR13358058"	0.816475728889459	0.494544175924637	0.408790432919998	0.260128053624088	0.222040624356892	0.344065819142418	0.576030784090936	0.348211150090337	0.851818102115422	0.257841822183548	0.465808717193019	0.354133816702648	0.286631362965015	0.296915458306139	0.322385011141001	0.313224187970647	0.556215237740915	0.368064245133602	0.313989481129619	0.190345300845085	0.379113555845766	0.660422381413529	0.537749920906695	0.376219326164058	0.369875739883108	0.516996154620234	0.286631362965015	0.473492546603287	0.521704604630176	0.191804615788518	0.221270854937888	0.188553269086789	0.513505831229627	0.393624869734144	0.512119339607349	0.219267151340735	0.290152562396084	0.524739865869513	0.165008237256313	0.478341239188979	0.306744192600065	0.661593530191263	0.530805825315032	0.260902007140469	0.160572470024044	0.316233757498328	0.398004576252628	0.569762714697779	0.335394219522794	0.473316599741342	0.537023177892048	0.192600727443609	0.25707302847239	0.307028712661205	0.563225086438865	0.488238238603627	0.399358133780594	0.360401070541995	0.283537396457148	0.307028712661205	0.364119930534334	0.283100472443226	0.297752878508648	0.492121020579293	0.463102142441014	0.344194149609331	0.202257036543765	0.436762062043639	0.268654073554879	0.461528985094218	0.217193388589356	0.38545946967103	0.266902280877975	0.303947314400727	0.217193388589357	0.395248843812231	0.545859309589521	0.369778242073412	0.214258337739353	0.423082141355019
"SRR13358053"	0.218426328839377	0.346941540920727	0.532522237058992	0.236322622572683	0.2779476276068	0.514190882580639	0.506830332740497	0.348211150090337	0.480500813849415	0.235367230259875	0.246159981801689	0.253407725646203	0.229407240643231	0.332723048860999	0.299490245840786	0.239517902003499	0.460960769641856	0.201736756651449	0.389512757780417	0.283679081603839	0.204852148754383	0.261758979755071	0.137192438004028	0.380445046189121	0.175213696822497	0.261776308007798	0.229407240643231	0.368914409284051	0.343482765280321	0.206475987052222	0.317112171424451	0.244364247258189	0.273526740466499	0.439895501497141	0.388166721216451	0.189171395757433	0.200470443815081	0.0808975778820055	0.183426643398733	0.398109956786039	0.260217524702388	0.532962259571275	0.445819282561261	0.206184268453468	0.243207737122794	0.416390645015918	0.23241001952052	0.284047498525038	0.282840448686712	0.0468192022909138	0.275559906182199	0.308865973106684	0.248934279865606	0.284395378578287	0.0413777467814488	0.381447333227641	0.378775205761336	0.383253515875585	0.208302021751464	0.284395378578287	0.31577763849933	0.239576217428947	0.263627708531383	0.0685613984151662	0.494366962283342	0.299216522894911	0.225111606393002	0.236763881263894	0.231860028951164	0.300684206005563	0.179425131993585	0.318972853112509	0.215495834696076	0.239175626966018	0.179425131993585	0.324836401033228	0.283759431709152	0.453827247390901	0.270107385667612	0.394773225786627
"SRR13358052"	0.464969212936896	0.494544175924637	0.536991942380376	0.331033705092978	0.27310434615762	0.516373204639115	0.576030784090936	0.348211150090337	0.698861462159983	0.337652671237815	0.347607305179202	0.409223991877761	0.306797283525584	0.332869740036295	0.300804988625434	0.350755967704652	0.732671302380122	0.199492465355063	0.452534719095349	0.262086088052221	0.177278526497259	0.375889214671517	0.228426148744859	0.478576125532061	0.277065447823465	0.423287163640798	0.306797283525585	0.520365729513484	0.52474875746842	0.139285172474714	0.221270854937888	0.185526554491789	0.342222507928237	0.560246296837653	0.576511816184182	0.15669311414651	0.16338151349637	0.152199665451297	0.0843796691165025	0.611605935387202	0.302864700815613	0.416760240515419	0.714292381357138	0.187431331514382	0.160572470024044	0.417717919692644	0.329347499003548	0.371911204328572	0.335394219522794	0.082073147145664	0.481630938545216	0.29172356494608	0.289970684378942	0.366734040137057	0.070920587327999	0.559891225577351	0.461164606435637	0.360401070541995	0.328724949828999	0.366734040137057	0.337555431738796	0.283100472443226	0.301861108814275	0.124467731235775	0.6669342251958	0.344194149609331	0.202257036543765	0.388079210556355	0.269365784914519	0.411577557111879	0.254496015972507	0.38545946967103	0.196215944853172	0.320602354390566	0.254496015972507	0.395248843812231	0.359566209315769	0.513673334524122	0.248947850949289	0.5209078499405
"SRR13358051"	0.327654283767918	0.345540207774101	0.444920153815857	0.242239244027358	0.285753123150757	0.531897406771114	0.510195621680407	0.348211150090337	0.463174309528831	0.248739019626984	0.240704310594522	0.253886151486238	0.232187464777567	0.3061120102159	0.29219371965937	0.241131483510672	0.468914216057108	0.152303923622009	0.319586557038601	0.294049300558647	0.141839762217875	0.246560601097813	0.202702948190172	0.389905904372218	0.170365120901967	0.265099230017679	0.232187464777567	0.371828524787603	0.348494014443615	0.176551198478777	0.322159483855034	0.246920720166673	0.264875276273096	0.37652280808355	0.300681347100654	0.157185795362218	0.141431439951063	0.135413489601888	0.130087728977055	0.491508916820653	0.26285403691057	0.350662287412129	0.454379412997512	0.170671770980105	0.249419242642431	0.32769815380033	0.229829724160918	0.273538781215959	0.284091422752912	0.0911449803872846	0.277521175654979	0.321543565126237	0.253706433823546	0.285063433638608	0.0820822973978069	0.306925430033733	0.34116438624346	0.388985731243874	0.214481849320767	0.285063433638608	0.30596643231351	0.239159321785849	0.267020720213341	0.117455383513191	0.467788906064938	0.300393569405611	0.229024995179894	0.237952192457447	0.234324692828368	0.286726070275325	0.20092820462299	0.322060525492875	0.180885983506278	0.239883584369999	0.200928204622991	0.328517458859086	0.274499965159274	0.391809277283756	0.277203272695883	0.402773693906352
"SRR13358050"	0.596737000574301	0.452312787546219	0.4866605128306	0.453669773310048	0.403043969997581	0.620440582799893	0.727563751091927	0.440796641284507	0.633830033017972	0.392851982577322	0.36027554556043	0.467486939357948	0.288769056774828	0.4500366672231	0.479280352054142	0.364525022386027	0.632787435937076	0.416078146925947	0.327726992732167	0.414452938824345	0.460814783813662	0.380206528714228	0.664412016248865	0.521370608524092	0.270726907921422	0.287037128630015	0.288769056774828	0.548533431243853	0.52857865297684	0.403438510180388	0.381156253358541	0.404118185319466	0.373022254388793	0.495559676442968	0.427628696328962	0.349941500796801	0.562693855327337	0.348741645205682	0.46411202232355	0.533827685135321	0.383453882774894	0.665635441556627	0.626889293358148	0.383341356380297	0.383438635451015	0.359037623720393	0.347431772209916	0.391237744285087	0.48918854030641	0.176494170266152	0.351119080864393	0.396483617579532	0.137755568786536	0.514352545739835	0.201940136971372	0.446972827703705	0.485119379984977	0.532238829880639	0.349978068779164	0.514352545739835	0.517664010299037	0.259274019630471	0.389817708112235	0.317914703343162	0.517874185996578	0.476417084675172	0.328973313738033	0.385857749017738	0.404828484572188	0.40130771974665	0.433020128708655	0.510928386109307	0.401279360078031	0.288243537396512	0.433020128708656	0.491909168488475	0.402124426939153	0.437933089855399	0.376449887514563	0.589144819932199
"SRR13358046"	0.371953990041081	0.253898869400482	0.327684866701974	0.175743461930827	0.234691795269562	0.408015837107751	0.425783655801333	0.348211150090337	0.327954500389443	0.210449811486886	0.179692924122296	0.166718891316831	0.190869395332327	0.268594344101663	0.24641515882527	0.184267802633827	0.212803032274822	0.123606103509604	0.218123980414792	0.239868466104008	0.122554377861008	0.197518259857041	0.275010184708179	0.258019477011087	0.139039104476148	0.181525185988342	0.190869395332327	0.247105400545634	0.183258206923754	0.176184866947184	0.366755067786789	0.231650621128759	0.225597151594767	0.239269857073326	0.199293324646183	0.143874685485086	0.124889579869818	0.213750225632328	0.145701325404139	0.155526578385842	0.20683315599733	0.190666111425596	0.203635556156024	0.146481205700323	0.275028680744934	0.215095126616158	0.166228028908595	0.226930436429048	0.235869643088006	0.226582163394063	0.131074333216706	0.250589125660485	0.190050156819171	0.235760473864465	0.183781018830581	0.221349200166351	0.202448709229475	0.359135349496799	0.159255132200283	0.235760473864465	0.244383765759669	0.210860408372263	0.210356962943416	0.18766815094898	0.248059354636645	0.257393242759068	0.215101852696396	0.134734868646506	0.188117244128517	0.178865303385434	0.151359837036078	0.249619855260283	0.157164838994387	0.181986087836337	0.151359837036078	0.248888306587152	0.229301649046669	0.22298484706584	0.241716137346002	0.254261949246681
"SRR13358045"	0.724246710030215	0.494544175924637	0.396954574431031	0.291930275726735	0.222040624356892	0.344065819142418	0.576030784090936	0.348211150090337	0.851818102115422	0.389910163341142	0.465808717193019	0.354133816702648	0.319050247219623	0.296915458306139	0.301172706254181	0.336284018881607	0.556215237740915	0.247651647738054	0.313588779482059	0.190345300845085	0.224759959644981	0.660422381413529	0.427911973672925	0.376219326164058	0.369875739883108	0.508621144058882	0.319050247219623	0.473492546603287	0.429401103791775	0.139285172474714	0.221270854937888	0.184339197796904	0.513505831229627	0.489230423008612	0.512119339607349	0.156609026492618	0.16338151349637	0.389394220536535	0.0843796691165025	0.299994763597569	0.306744192600065	0.387076129910693	0.530805825315032	0.187431331514382	0.160572470024044	0.293145047536111	0.398004576252628	0.569762714697779	0.335394219522794	0.315344264599325	0.373653878097384	0.192600727443609	0.25707302847239	0.307028712661205	0.322518420588352	0.511896635346604	0.509376845525034	0.360401070541995	0.357012120840091	0.307028712661205	0.337555431738796	0.283100472443226	0.297752878508648	0.356275495831923	0.458782971511191	0.344194149609331	0.202257036543765	0.372478487887539	0.268654073554879	0.442721952446161	0.328585944138265	0.38545946967103	0.196215944853172	0.303947314400727	0.328585944138266	0.395248843812231	0.545859309589521	0.342958331371105	0.214258337739353	0.423082141355019
"SRR13358044"	0.816475728889459	0.494544175924637	0.374789816470516	0.289887901044006	0.222040624356892	0.344065819142418	0.576030784090936	0.348211150090337	0.851818102115422	0.380935467487499	0.465808717193019	0.354133816702648	0.316978607088165	0.296915458306139	0.301172706254181	0.334826120287675	0.556215237740915	0.247651647738054	0.290595819583896	0.190345300845085	0.224759959644981	0.660422381413529	0.537749920906695	0.376219326164058	0.369875739883108	0.516996154620234	0.316978607088165	0.473492546603287	0.466677331458646	0.139285172474714	0.221270854937888	0.186125491666385	0.513505831229627	0.466477488398397	0.512119339607349	0.156609026492618	0.16338151349637	0.524739865869513	0.0843796691165025	0.344163243633955	0.306744192600065	0.431923968712362	0.530805825315032	0.187431331514382	0.160572470024044	0.280719491615148	0.398004576252628	0.569762714697779	0.335394219522794	0.473316599741342	0.445977786822623	0.192600727443609	0.25707302847239	0.307028712661205	0.527643883462516	0.511896635346604	0.531419614004098	0.360401070541995	0.352194715086399	0.307028712661205	0.337555431738796	0.283100472443226	0.297752878508648	0.492121020579293	0.448908793514879	0.344194149609331	0.202257036543765	0.398192977028704	0.268654073554879	0.450717204197609	0.31745238481033	0.38545946967103	0.196215944853172	0.303689934801446	0.317452384810331	0.395248843812231	0.545859309589521	0.338968234067186	0.214258337739353	0.423082141355019
"SRR13358042"	0.728523820844753	0.494544175924637	0.37701705087574	0.286642045446087	0.222040624356892	0.344065819142418	0.576030784090936	0.348211150090337	0.851818102115422	0.366775995226487	0.465808717193019	0.354133816702648	0.313683399907801	0.296915458306139	0.301172706254181	0.33250310725323	0.556215237740915	0.247651647738054	0.292119389563279	0.190345300845085	0.224759959644981	0.660422381413529	0.43233257361047	0.376219326164058	0.369875739883108	0.508963254295942	0.313683399907801	0.473492546603287	0.438246618358231	0.139285172474714	0.221270854937888	0.186286197687466	0.513505831229627	0.456946124937851	0.512119339607349	0.156628149370199	0.16338151349637	0.394736454004732	0.0843796691165025	0.353047055834631	0.306744192600065	0.436009277294032	0.530805825315032	0.187431331514382	0.160572470024044	0.283004719670504	0.398004576252628	0.569762714697779	0.335394219522794	0.321266574195685	0.379647452757411	0.192600727443609	0.25707302847239	0.307028712661205	0.339916667376372	0.511896635346604	0.515513854937445	0.360401070541995	0.344559409343905	0.307028712661205	0.337555431738796	0.283100472443226	0.297752878508648	0.361537386500323	0.449850390029187	0.344194149609331	0.202257036543765	0.378560098651918	0.268654073554879	0.451434903845603	0.33134740048382	0.38545946967103	0.196215944853172	0.303947314400727	0.331347400483821	0.395248843812231	0.545859309589521	0.340978759499118	0.214258337739353	0.423082141355019
"SRR13358039"	0.816475728889459	0.494544175924637	0.267052376668592	0.258403582067858	0.239140583097375	0.402290248138651	0.576030784090936	0.348211150090337	0.851818102115422	0.195310638350939	0.465808717193019	0.354133816702648	0.268505815775963	0.296915458306139	0.301172706254181	0.300066031460651	0.556215237740915	0.247651647738054	0.221377638029501	0.213653469740104	0.224759959644981	0.660422381413529	0.537749920906695	0.414291099588947	0.369875739883108	0.516996154620234	0.268505815775963	0.479543627965764	0.521704604630176	0.139285172474714	0.221270854937888	0.177846631755956	0.513505831229627	0.211335778518018	0.512119339607349	0.156609026492618	0.16338151349637	0.524739865869513	0.0843796691165025	0.41365907613514	0.311138578736184	0.241174573161526	0.530805825315032	0.187431331514382	0.160572470024044	0.177555607138489	0.398004576252628	0.569762714697779	0.335394219522794	0.473316599741342	0.555001755502405	0.224152838314244	0.271146948930084	0.307028712661205	0.47870058766453	0.511896635346604	0.157162627988628	0.360401070541995	0.244857226461093	0.307028712661205	0.337555431738796	0.283100472443226	0.302944659420265	0.492121020579293	0.453925315687067	0.344194149609331	0.202257036543765	0.436762062043639	0.268903573493711	0.426602809881067	0.186030302193405	0.38545946967103	0.196215944853172	0.307775249217623	0.186030302193406	0.395248843812231	0.545859309589521	0.265693827623895	0.226011074679006	0.470926913761333
"SRR13358038"	0.904529749276033	0.55844879376221	0.406751829704197	0.533154402784869	0.252523855925362	0.344065819142418	0.712884200650831	0.502682561122372	0.712014961136928	0.2887594450342	0.356948686979055	0.471070981711016	0.293871039276903	0.296915458306139	0.342496821746004	0.400205404107569	0.556215237740915	0.434538125316859	0.312577877345607	0.232204214505302	0.507724095435686	0.399006114372312	0.94687309856943	0.399674242886075	0.284218262657465	0.662221052863969	0.293871039276904	0.567804767355346	0.472709759683076	0.253293910461937	0.221270854937888	0.188409031192888	0.355578204899525	0.374631708044783	0.472969442540223	0.297249969558735	0.685887956680232	0.770839967774286	0.287042166776774	0.435727386954044	0.29194070086336	0.786394639647656	0.530805825315032	0.34426378755487	0.186622009888189	0.314067115325104	0.334829029019352	0.387667284121866	0.545864667506792	0.584586500120725	0.457896217750283	0.192600727443609	0.261072943079112	0.522041962884018	0.67941411328734	0.495189933140672	0.363786174133023	0.360401070541995	0.353501167973955	0.522041962884017	0.389674696663866	0.283100472443226	0.28809330143039	0.672287384893484	0.462260937693562	0.520987016474778	0.202257036543765	0.402379676146322	0.368991497920477	0.393034149407011	0.399958952974343	0.459459308071658	0.370172277786127	0.303947314400727	0.399958952974345	0.395248843812231	0.374260517509923	0.367923537430012	0.214258337739353	0.532951235931825
"SRR13358037"	0.816475728889459	0.494544175924637	0.427989549110701	0.260671198602118	0.222040624356892	0.344065819142418	0.576030784090936	0.348211150090337	0.851818102115422	0.25991245882053	0.465808717193019	0.354133816702648	0.287188015197578	0.296915458306139	0.328353445234947	0.313624987448717	0.556215237740915	0.405254376715402	0.327349011524138	0.190345300845085	0.42836962263923	0.660422381413529	0.537749920906695	0.376219326164058	0.369875739883108	0.516996154620234	0.287188015197578	0.473492546603287	0.521704604630176	0.208657551498612	0.221270854937888	0.189905651754648	0.513505831229627	0.414167782713725	0.512119339607349	0.239373385087679	0.333690774627725	0.524739865869513	0.195971608089685	0.515899620850432	0.306744192600065	0.73097196923013	0.530805825315032	0.284085673165811	0.160572470024044	0.336864890921149	0.398004576252628	0.569762714697779	0.335394219522794	0.473316599741342	0.555001755502405	0.192600727443609	0.25707302847239	0.307028712661205	0.576725460932534	0.511896635346604	0.427166356800039	0.360401070541995	0.284756992820746	0.307028712661205	0.371580388818117	0.283100472443226	0.297752878508648	0.492121020579293	0.470974934683551	0.344194149609331	0.202257036543765	0.436762062043639	0.268654073554879	0.467521566808566	0.240655300244334	0.38545946967103	0.288950791138265	0.303947314400727	0.240655300244335	0.395248843812231	0.545859309589521	0.387295197217822	0.214258337739353	0.423082141355019
"SRR13358036"	0.684168679798555	0.494544175924637	0.341476179953007	0.235167364864069	0.21562950864241	0.330020886012213	0.576030784090936	0.348211150090337	0.851818102115422	0.1000058702235	0.465808717193019	0.343182329930924	0.176891540728286	0.296915458306139	0.295742603037717	0.300066031460651	0.301292902057716	0.501765098823243	0.26792102341428	0.190345300845084	0.550508141704721	0.660422381413529	0.418977766481491	0.35154039221848	0.369875739883108	0.494496161827324	0.176891540728286	0.459247658162068	0.567145422310029	0.252583308654976	0.221270854937888	0.183684278263423	0.50297822859354	0.276756358204047	0.507599782609121	0.271260524488498	0.457417190232584	0.378636260133836	0.301346187728739	0.488333387626296	0.297092749318213	0.706144175758545	0.540634125642044	0.327660102409066	0.160572470024044	0.24725113937393	0.398004576252628	0.559622889256269	0.328059887973033	0.278924400646243	0.617924148184531	0.187863863302926	0.256615576530591	0.298323813841033	0.343443365054484	0.511896635346558	0.226710181792823	0.360401070541995	0.236108761860066	0.298323813841033	0.392173270205771	0.108797016791219	0.288143640468006	0.340127142252831	0.398874895829137	0.337631593535185	0.202257036543704	0.423897751100445	0.268085623290374	0.43978283554048	0.223665421192063	0.385459469670985	0.338682879746188	0.304403907846251	0.223665421192063	0.395248843812199	0.545859309589484	0.309012049780701	0.175554484227881	0.421446193178096
"SRR13358031"	0.816475728889459	0.494544175924637	0.467949898542036	0.262776155263115	0.222040624356892	0.344065819142418	0.576030784090936	0.348211150090337	0.851818102115422	0.268011653495914	0.465808717193019	0.354133816702648	0.289344312559757	0.296915458306139	0.301172706254181	0.315175814847925	0.556215237740915	0.247651647738054	0.368167398924464	0.190345300845085	0.224759959644981	0.660422381413529	0.537749920906695	0.376219326164058	0.369875739883108	0.516996154620234	0.289344312559757	0.473492546603287	0.521704604630176	0.139285172474714	0.221270854937888	0.187564877196519	0.513505831229627	0.444842222719649	0.512119339607349	0.156649830039965	0.16338151349637	0.524739865869513	0.0843796691165025	0.51587996053551	0.306744192600065	0.468681913143311	0.530805825315032	0.187431331514382	0.160572470024044	0.363405491126808	0.398004576252628	0.569762714697779	0.335394219522794	0.473316599741342	0.544214256835266	0.192600727443609	0.25707302847239	0.307028712661205	0.535953436706854	0.491394977497807	0.39732802934053	0.360401070541995	0.289497590428579	0.307028712661205	0.337555431738796	0.283100472443226	0.297752878508648	0.492121020579293	0.488021368163379	0.344194149609331	0.202257036543765	0.436762062043639	0.268654073554879	0.457135366611735	0.222056623310979	0.38545946967103	0.196215944853172	0.303947314400727	0.22205662331098	0.395248843812231	0.545859309589521	0.39851610299977	0.214258337739353	0.423082141355019
"SRR13358030"	0.181869291652132	0.306165568954431	0.403238411163277	0.222960147607851	0.171006553189007	0.355693716124937	0.347504667108709	0.348211150090337	0.427925816489407	0.229309232147723	0.182435484138863	0.171760351011565	0.213817850389956	0.180930589249912	0.165670412014578	0.214415297649578	0.363876004857632	0.185266730015017	0.330786263362356	0.174381564489338	0.215682686102004	0.234568272785545	0.126687315199916	0.258921332217359	0.171718935561288	0.189607054354404	0.213817850389956	0.273173958150939	0.199398504704146	0.126189007572818	0.221270854937888	0.0998996224065077	0.227496537373051	0.358659068507057	0.291156883143095	0.148230733532304	0.210887098160993	0.0746306360096743	0.123712700544534	0.306397777551456	0.156720067586679	0.490034811328903	0.338244516778324	0.160898456770494	0.122571018464894	0.301299742184737	0.158848866366435	0.241023470536023	0.212565923151765	0.0440877982893325	0.230044960652674	0.198682289168445	0.156171224654625	0.229734642243639	0.0384566772977414	0.266779727273626	0.319477191441444	0.220833838681387	0.188827820955318	0.229734642243638	0.171224566655566	0.227294790546717	0.155312098127908	0.0497913279641696	0.414923857186404	0.234289495147332	0.126787692463297	0.13101681369469	0.141263167679733	0.213176933763346	0.169234771727405	0.190096892459224	0.169611829953937	0.20285896400455	0.169234771727405	0.179196741358066	0.22506671414598	0.33715103245307	0.158709724555236	0.298653440081333
"SRR13358029"	0.816475728889459	0.494544175924637	0.361499607590832	0.285755365506429	0.222040624356892	0.344065819142418	0.576030784090936	0.348211150090337	0.851818102115422	0.362915415324198	0.465808717193019	0.354133816702648	0.312782628149001	0.296915458306139	0.338566557255783	0.331867211661836	0.556215237740915	0.470424921252023	0.281526091873296	0.190345300845085	0.514400117673337	0.660422381413529	0.537749920906695	0.376219326164058	0.403104316861682	0.516996154620234	0.312782628149001	0.473492546603287	0.521704604630176	0.239559515216757	0.221270854937888	0.185160531396476	0.513505831229627	0.445152822538245	0.512119339607349	0.27602722154643	0.41379636587479	0.524739865869513	0.257851105819273	0.41365907613514	0.306744192600065	0.697158211299209	0.530805825315032	0.325951604109261	0.160572470024044	0.267206159677994	0.398004576252628	0.569762714697779	0.335394219522794	0.473316599741342	0.541342259505689	0.192600727443609	0.25707302847239	0.307028712661205	0.559773555542663	0.499034160870218	0.488952244096328	0.360401070541995	0.342478442571289	0.307028712661205	0.384327227128606	0.283100472443226	0.297752878508648	0.492121020579293	0.443249703760127	0.344194149609331	0.202257036543765	0.436762062043639	0.268654073554879	0.446402119955375	0.266053674487895	0.38545946967103	0.328553340942867	0.303947314400727	0.266053674487895	0.395248843812231	0.545859309589521	0.326992046954409	0.214258337739353	0.423082141355019
"SRR13358028"	0.816475728889459	0.494544175924637	0.351816499043609	0.283658684133502	0.222040624356892	0.344065819142418	0.576030784090936	0.348211150090337	0.851818102115422	0.353855953072403	0.465808717193019	0.354133816702648	0.310651576283375	0.296915458306139	0.343055140487411	0.33036126876394	0.556215237740915	0.499214615044981	0.274938881525259	0.190345300845085	0.551839577554698	0.660422381413529	0.537749920906695	0.376219326164058	0.369875739883108	0.516996154620234	0.310651576283375	0.473492546603287	0.521704604630176	0.253935888634612	0.221270854937888	0.184450296496816	0.513505831229627	0.428807056328943	0.512119339607349	0.293079088040865	0.450400098531023	0.524739865869513	0.288426861705761	0.487477960302253	0.306744192600065	0.71098169656638	0.530805825315032	0.345115041645529	0.160572470024044	0.257494741315885	0.398004576252628	0.569762714697779	0.335394219522794	0.473316599741342	0.535188749816541	0.192600727443609	0.25707302847239	0.307028712661205	0.560032352651043	0.489712066496391	0.463133655834131	0.360401070541995	0.33756649188168	0.307028712661205	0.389920503291345	0.283100472443226	0.297752878508648	0.492121020579293	0.439079249632867	0.344194149609331	0.202257036543765	0.436762062043639	0.268654073554879	0.443220136780274	0.284305357863289	0.38545946967103	0.346610065093279	0.303947314400727	0.28430535786329	0.395248843812231	0.545859309589521	0.318287939563765	0.214258337739353	0.423082141355019
"SRR13358024"	0.336515173727752	0.257834117297767	0.472335553186668	0.242108770510595	0.30969559100405	0.504705442095855	0.599972215546508	0.413719433041809	0.45249541430338	0.123559661722791	0.264928827523953	0.301498416962379	0.136104813399673	0.351547016072816	0.331717519814247	0.230997141041275	0.180379060591136	0.162389503322795	0.323049802302141	0.345281579712275	0.125982872920204	0.29752666058882	0.643845170820159	0.330907897521816	0.174456711608915	0.309570985064004	0.136104813399673	0.287666842076499	0.319391459469015	0.212512452775447	0.374810036654454	0.31200561837275	0.244248221722726	0.246234070850333	0.288177150070359	0.172230957348356	0.201491586599403	0.41978941905475	0.163718973589605	0.276880974761107	0.255554748132533	0.303228666296771	0.203615737420414	0.176876448981608	0.332095626322052	0.341737514337629	0.218346658201962	0.260783301532094	0.330645469808043	0.217327379146926	0.218225459784903	0.285159473330559	0.23935550411602	0.385475931729778	0.287812275995672	0.306319158832178	0.141958466667275	0.441752827431131	0.0893386050238113	0.385475931729778	0.343473681228093	0.233136899468024	0.255976181103878	0.317319934391303	0.426270900672831	0.283390163363874	0.266872140782359	0.175668413092746	0.28702805595465	0.29033393284177	0.131850760845527	0.376416863814579	0.199769914230796	0.230730673924791	0.131850760845528	0.35744754778373	0.320458893025495	0.379587234022995	0.307178246788062	0.448130174222238
"SRR13358023"	0.705877137495812	0.494544175924637	0.412900292867698	0.258415951770077	0.222040624356892	0.344065819142418	0.576030784090936	0.348211150090337	0.851818102115422	0.251367494547063	0.465808717193019	0.354133816702648	0.284875983027832	0.296915458306139	0.33943108166311	0.311959056630417	0.556215237740915	0.475974890480687	0.316839187139402	0.190345300845085	0.521655506934673	0.660422381413529	0.409519869926348	0.376219326164058	0.369875739883108	0.507187438024726	0.284875983027832	0.473492546603287	0.521704604630176	0.242291647374672	0.221270854937888	0.188843643441664	0.513505831229627	0.393877140755409	0.512119339607349	0.279299765285565	0.420803719535713	0.367307696319227	0.263587583606692	0.473613325086732	0.306744192600065	0.775705728340868	0.530805825315032	0.329609492757233	0.160572470024044	0.32061589237352	0.398004576252628	0.569762714697779	0.335394219522794	0.291186751821827	0.54654011448987	0.192600727443609	0.25707302847239	0.307028712661205	0.349547483929596	0.511896635346604	0.3943264456518	0.360401070541995	0.279702970678855	0.307028712661205	0.385404969582737	0.283100472443226	0.297752878508648	0.334611879696061	0.464794758938389	0.344194149609331	0.202257036543765	0.436762062043639	0.268654073554879	0.46281756455801	0.275556848464371	0.38545946967103	0.332002897329023	0.303947314400727	0.275556848464373	0.395248843812231	0.545859309589521	0.373520382771754	0.214258337739353	0.423082141355019
"SRR13358022"	0.720340027401584	0.403266743627083	0.334945771870697	0.361758002051548	0.388608176403661	0.621436458033528	0.686105392653322	0.439553047889053	0.725986125869779	0.163692177376762	0.403401645302015	0.372754870639208	0.215796374968106	0.415048864054309	0.396822997516893	0.277299446896736	0.451595230981233	0.220455677781901	0.212087041648814	0.410880801150145	0.208240496367214	0.563849190097899	0.775201477711405	0.495072327897731	0.295645266345712	0.523520914060271	0.215796374968106	0.475859390297073	0.422824724398938	0.244828110532985	0.39121219333491	0.376772928762724	0.475215121308048	0.182642980032232	0.394998704283819	0.193423756731092	0.24344628388294	0.548230999798784	0.183365265785807	0.348818290172515	0.359365321815591	0.310113021886532	0.443893174401866	0.207774805383029	0.380093589450497	0.231120285274563	0.350924530429662	0.509369431762391	0.453647935786149	0.33438480877737	0.291327159798045	0.399061717122083	0.339318849812723	0.444528156149323	0.438427209017764	0.389553455134728	0.157947407222964	0.50294758566251	0.19842989781401	0.444528156149323	0.417434428680447	0.245424341456681	0.361526354984847	0.524496002110521	0.428587626193477	0.446019014020847	0.30935942970814	0.318842685805106	0.365069903006733	0.403950923606015	0.220335667467232	0.459130090698486	0.229350669758173	0.260016502443402	0.220335667467233	0.435475142397219	0.511679925446337	0.331826594917249	0.362674909024337	0.589385340707529
"SRR13358020"	0.868833862183442	0.5283033701753	0.38340358967556	0.438884308264255	0.43732404302862	0.691691545024161	0.759871691613184	0.427717807453018	0.851818102115422	0.218415983163742	0.52750637466542	0.477351519789938	0.27510061832452	0.472441014450336	0.494623908696473	0.346037223649881	0.662237820119279	0.418225091344631	0.269029833313496	0.448115865607227	0.422634345573417	0.674852641944132	0.830378673409993	0.627072366146934	0.369875739883108	0.673377455505139	0.27510061832452	0.615800438217926	0.684388689397502	0.33147520946029	0.339041346324498	0.392157591803221	0.55914420487811	0.27277835720595	0.562053976483805	0.297983489654374	0.438578627755144	0.677318580819991	0.305231111355009	0.813824135342609	0.447609430176404	0.51909772465521	0.653023275630855	0.340578763099996	0.344248989752905	0.269452337082661	0.476538069651772	0.605446359660709	0.513402609389689	0.477633399714599	0.606404414975805	0.447780725998063	0.425453738972751	0.455296194805526	0.604942748557856	0.554464754038423	0.213972628273786	0.544344597102979	0.284275151568815	0.455296194805525	0.543504979551659	0.283100472443226	0.4481438298906	0.669775194729134	0.614885789951039	0.497119902310817	0.333043602565833	0.563446767776151	0.438182160811484	0.541931062307622	0.289125851708034	0.561909143991826	0.357800662908139	0.340180909406202	0.289125851708036	0.554183909488025	0.604418928461286	0.43135177396177	0.398384037595536	0.715976731671967
"SRR13358016"	0.71534884491869	0.440258986559081	0.560375513652146	0.266534893614141	0.383269799710351	0.546715217233364	0.7319458740268	0.348211150090337	0.718540613312163	0.358121583901125	0.447397072392423	0.509022916639553	0.271243823884041	0.564041525850511	0.541183206382547	0.358300020649457	0.660853712706024	0.322138025839621	0.374995814830713	0.362106010768007	0.264838842172777	0.449462384250581	0.537749920906695	0.48374363952914	0.293238866034455	0.498864867179083	0.271243823884041	0.528213467700021	0.682974532389055	0.346261943390044	0.382872732264845	0.484118633976393	0.394344315280934	0.570367772025468	0.615989375837767	0.283770996707528	0.258189438622086	0.470004982685389	0.287737147864741	0.681331288591654	0.43970057923905	0.57310545605051	0.678245184870739	0.321894409015211	0.390324702501942	0.434783918596063	0.422344914303201	0.422968026616676	0.398494431801135	0.372743152107235	0.495740826189044	0.328079068925175	0.374660420281008	0.435574312012651	0.493823895354821	0.630841022379242	0.555267419751127	0.603436577865707	0.276389446214923	0.435574312012651	0.588549225390201	0.283100472443226	0.442242273815751	0.506064355470881	0.521975777535341	0.370141860551586	0.383146647656906	0.496479008734866	0.412875381849996	0.483368682452873	0.239519193021414	0.566526654861675	0.331705669959712	0.332643764703995	0.239519193021415	0.604580906727522	0.470452427872401	0.477071555851425	0.398334237350451	0.497071564459111
"SRR13358015"	0.816475728889459	0.494544175924637	0.463428112888703	0.302113025128792	0.439380725343993	0.619598855708371	0.762598029549255	0.348211150090337	0.70182828759473	0.435146747914863	0.44713866655955	0.453734273186061	0.329358614507754	0.589756495538793	0.579611320022351	0.34351074559631	0.603968854748199	0.249500199725777	0.28136276871559	0.410701905747512	0.197824916788791	0.409446881404672	0.537749920906695	0.5572958143976	0.27960687316154	0.534068748713316	0.329358614507754	0.576760349905472	0.709529568973063	0.34010925383476	0.426627843075643	0.561911558426306	0.417482431725444	0.523869884366181	0.552363965644456	0.253921855441634	0.181547023607409	0.496691439890739	0.237468538410969	0.551883173858784	0.49848700364476	0.407110593504626	0.601723269862562	0.290365910962296	0.45889604337875	0.338575599049423	0.454864990079573	0.435353112514809	0.443569002943261	0.474059898589734	0.545645252781427	0.404090509705997	0.432963676914185	0.364975029989228	0.489976853279498	0.60864165633864	0.592762894454281	0.657239946370277	0.381150969923239	0.364975029989228	0.623819696908711	0.283100472443226	0.507307221383821	0.551189113961744	0.481217998987017	0.440754073755619	0.433479687640575	0.620840074756478	0.455199656768333	0.482482657910007	0.331472952705391	0.607915385518587	0.299035663897812	0.336269119645511	0.331472952705392	0.650763150871426	0.459189518839433	0.415300870715172	0.451944400475542	0.521092574125279
"SRR13358014"	0.816475728889459	0.494544175924637	0.446299704274866	0.298360140405779	0.401567391318581	0.577785058996706	0.737829403955986	0.348211150090337	0.692637224374949	0.418427829378609	0.426182107860342	0.437963568741397	0.325563333468016	0.543557446172429	0.535463354165337	0.340855259632359	0.596732969199322	0.239126567911274	0.280732571330083	0.370961131111675	0.192573400786028	0.392215629909091	0.537749920906695	0.527551797577017	0.275561882868188	0.518052922064312	0.325563333468016	0.561094685859717	0.683343394862231	0.301352910375218	0.3908865855147	0.495610721262548	0.398290517342874	0.505487925526627	0.537874244205703	0.236830063011742	0.178655985687506	0.495322799898604	0.205254785960931	0.764847866468804	0.463670198630808	0.405415018760567	0.591021141113683	0.272553012619393	0.402831124557036	0.325909241361434	0.431624700704698	0.417016750254586	0.426300035620977	0.47394564262755	0.555001755502405	0.366088886383219	0.401448653713822	0.35575629846666	0.486846100852576	0.590667144560342	0.569049264487358	0.613674751665594	0.372234360678089	0.35575629846666	0.58040142077548	0.283100472443226	0.470749089364572	0.533179294603538	0.47493978809267	0.42541280660378	0.392349510872733	0.593446662205226	0.424092767064624	0.461773948808002	0.291402530108328	0.57430950502304	0.281366133840919	0.331190308598043	0.291402530108328	0.613336672004405	0.435430257716086	0.400256223074731	0.410255001110041	0.498161510933495
"SRR13358013"	0.364788352867577	0.24880378391958	0.288964045755675	0.236879479534126	0.212285865360531	0.27477644554355	0.51190883724968	0.426528888485658	0.317485224834754	0.241497870380447	0.184272916229805	0.161576802568132	0.175385063829321	0.277446167008038	0.254514552432217	0.195330425052319	0.107145589351001	0.125744335470064	0.16926882175304	0.21127012852027	0.119773101169247	0.203385852358719	0.611218703119599	0.191367846056062	0.12445666854462	0.244445212504988	0.175385063829321	0.231424456492767	0.224357395483116	0.182086760693649	0.373977607396418	0.251282718005132	0.211405733632542	0.234537442792366	0.199465133000146	0.148234397350893	0.193277282458817	0.340706038854439	0.15082696829295	0.292380371004205	0.195080589462804	0.329675308088243	0.108445433574093	0.147660893956434	0.30472398016108	0.204197160959085	0.162046103035686	0.215240668931716	0.314072406843301	0.202358542992212	0.222623975074537	0.168158715109103	0.164805050134214	0.259063412744073	0.248235285228338	0.225606929353747	0.3291947341201	0.369305779478626	0.15900944563405	0.259063412744073	0.252703772774856	0.211182973087709	0.19581000748851	0.256792982771483	0.155779641303184	0.303820757383745	0.221795043965931	0.156897007173542	0.230535006191364	0.183519932442313	0.211937051586936	0.287542919348311	0.167547748407628	0.174305473768919	0.211937051586936	0.256616762837998	0.235652110309704	0.185512164911904	0.219326606583237	0.231056863464805
"SRR13358007"	0.867110390189444	0.52703054968448	0.458766650060777	0.441699146665356	0.410825624481964	0.564862065825597	0.785854454341792	0.424615494810045	0.713865704683927	0.460445813335149	0.434938330483787	0.494246601681347	0.334612967639049	0.529371897846436	0.562584737582071	0.389149105033956	0.747527666389505	0.451256891564991	0.291855206183832	0.389098983054125	0.469365934704381	0.422303434210813	0.82259313187608	0.53603431981166	0.318691204798318	0.627281400046684	0.334612967639049	0.628245339578371	0.646859943956296	0.435049862505834	0.380266035764466	0.477430402590295	0.413793633083579	0.533495232954065	0.538779809626367	0.3768536838893	0.54748410106358	0.648453231747615	0.462985123045987	0.474400577274023	0.455559262930212	0.708585594267302	0.744011001401632	0.424482051108975	0.408324553729489	0.340894667776503	0.433736593134656	0.436049950544412	0.530323177632342	0.530651847054779	0.420566602712379	0.354872798704997	0.400321298710815	0.462863711287764	0.603516317230056	0.563590527532204	0.601066016161937	0.600068859980461	0.423628545320732	0.462863711287764	0.613611123098302	0.283100472443226	0.461294630366295	0.645511256941032	0.480163623902879	0.512408242712666	0.380155397278367	0.515975952670818	0.472846979470403	0.470339781641664	0.473816810590127	0.601396579166896	0.438161098833477	0.332059320491828	0.473816810590128	0.601703200550426	0.451708649578635	0.41192186762913	0.397845905790525	0.570095665189258
"SRR13358006"	0.193672816291447	0.309300797886708	0.400999117648074	0.231097301808544	0.174723689630534	0.367409722749471	0.351439729846493	0.348211150090337	0.439269493334373	0.247213221107538	0.186788326293303	0.178295976607466	0.219138968381482	0.163002806124671	0.173624901126202	0.220899234133062	0.367060013548041	0.226367365662909	0.328858339491226	0.179036184066578	0.274806680636852	0.242380809191886	0.133122416246264	0.26733671395079	0.158087040099892	0.194506247547176	0.219138968381482	0.277371286197802	0.200489898087358	0.14556739286235	0.221270854937888	0.101272785684659	0.232623697924468	0.376664813526115	0.226604358077779	0.172062363219608	0.266860517635526	0.0797715462073481	0.162393898555659	0.311943146087353	0.159499907279751	0.569592216935929	0.341364275069667	0.187427503748113	0.123197192831178	0.300379867926683	0.162273396240921	0.247015394251192	0.214507837650337	0.0478745979430678	0.22653230977441	0.204967259978906	0.159748382440528	0.236634153473556	0.0439932822717909	0.213812350399213	0.351588616443116	0.223026976637405	0.198675166497987	0.236634153473556	0.180855223574612	0.228252233604987	0.158080587005229	0.0536508086335915	0.425896597581044	0.236083340372931	0.127932687438999	0.132818115120063	0.143106274155029	0.219783258395608	0.204284157193808	0.192909652081231	0.195486930928199	0.205251701698658	0.204284157193808	0.18219694916004	0.230698851525653	0.343177409694725	0.161535181109965	0.309534298184902
"SRR13358005"	0.507895010543811	0.39782265105426	0.344765090134912	0.228067696597271	0.292622554268315	0.430853163023335	0.609482474387263	0.348211150090337	0.618709937346539	0.303284865609699	0.338107572780647	0.348022474500672	0.263446823199815	0.402263465687595	0.426703373923795	0.28612399082192	0.54057213750556	0.375640194980921	0.218121915414016	0.268366720148916	0.404555951832919	0.374264684785245	0.297036057544194	0.369309308552252	0.25021115625249	0.37107035989958	0.263446823199815	0.434926214719056	0.446485137730739	0.350127835207495	0.357451842773855	0.344998841106749	0.360563228700493	0.341352178444514	0.397816233446364	0.308594557989977	0.372671078879875	0.230090352459435	0.394909695048314	0.302472616825289	0.334975677281808	0.596364511667043	0.530632589026517	0.34133437923677	0.316544417308366	0.241093060642866	0.319805772623723	0.379779401301196	0.337742415780777	0.193972050107338	0.301737323246327	0.263056759248366	0.282468441963729	0.345005600722616	0.18357803988527	0.413182177058819	0.386960421792041	0.485537932572893	0.264852821635208	0.345005600722615	0.460416212600848	0.254569666151733	0.337205888443891	0.22860372466031	0.318475316050919	0.348181008778773	0.293949892183545	0.334385975945373	0.304396223081308	0.338489974482754	0.267306945030128	0.420767722248077	0.345643690524647	0.263149079638926	0.267306945030128	0.441543553395196	0.385668099046813	0.275903344467379	0.303182521394272	0.356463659999481
"SRR13358004"	0.285473335350216	0.376794703957317	0.33294446586207	0.320675032832942	0.297248813681868	0.405722852497077	0.646923475903979	0.428067095045839	0.522555966177824	0.303469587615853	0.287475443841945	0.340959138555418	0.244333840229875	0.385067144911296	0.401159071257753	0.290516254419755	0.459983513959135	0.332746706364358	0.199671136208461	0.285836437786736	0.377693292003726	0.312880714561227	0.394673924123961	0.335620409160213	0.234132510862228	0.391773966380918	0.244333840229875	0.425483769750751	0.376100484743785	0.348638405311277	0.384983174137538	0.348207548158972	0.31992346808279	0.303879460825449	0.330294353447506	0.296473882534995	0.470095380652187	0.141585812201068	0.403883624792026	0.253362903147383	0.30415702289509	0.582963693586717	0.451772173312111	0.316786934399328	0.359031163354617	0.232649747549424	0.0774438206111438	0.331352769030529	0.417095142877877	0.0568154999375603	0.239974065398687	0.251924743120637	0.260708270466377	0.421226943924285	0.0530267173728646	0.365290795774073	0.364190840116351	0.474675149594543	0.26492514702528	0.421226943924284	0.424606718389433	0.2391453531177	0.307545249740529	0.119125016502001	0.256353523789626	0.414849574069705	0.289472032648102	0.267833636622176	0.330138859512682	0.287479835162418	0.331465433737795	0.419469987753521	0.335022202535515	0.233405941632994	0.331465433737796	0.397609059591519	0.339559898644005	0.248090175236258	0.295081433799483	0.369652077073823
"SRR13358000"	0.656434646942198	0.385922570089475	0.371260264814441	0.258495868938702	0.356397457436157	0.604099318020662	0.610597783347592	0.348211150090337	0.642599674633831	0.27718054623888	0.353310248931573	0.343867651807187	0.253106110032789	0.41211944628708	0.396469483020733	0.276600925849808	0.572912560493078	0.201130853461776	0.238812346357001	0.360553005622182	0.177870721250158	0.418408674482855	0.421060231163646	0.472169578705687	0.231839986515479	0.382493566254453	0.253106110032789	0.44992284376422	0.503616704811962	0.236909176478273	0.373907916085007	0.366887726345305	0.388350325117604	0.334053813084148	0.39427866126195	0.19077149184446	0.153689798434016	0.376162742172618	0.173036326300034	0.677138139608195	0.35318499729836	0.370931245460613	0.565187138436366	0.209793158684527	0.336339576838099	0.266283287713191	0.144372925592622	0.410636299701607	0.336504701160103	0.303523851337523	0.391084532153329	0.382556574120388	0.327038065705215	0.34684044231975	0.372807182124433	0.426518076268439	0.38656085287918	0.497325560512164	0.24615846264978	0.34684044231975	0.420646387494853	0.251080556633084	0.357654579389284	0.384978805024348	0.45354994136414	0.347302228610679	0.303682900243045	0.356303595562068	0.307222714845601	0.386514296882026	0.205245160452933	0.422001161870512	0.220050559191879	0.270238111866715	0.205245160452933	0.443629444784694	0.416849621316386	0.365533129158551	0.353195081874179	0.483110635481399
"SRR13357999"	0.612878847617258	0.362631061961811	0.316657727726463	0.245532097088231	0.324599375990426	0.58562643228721	0.557005592587533	0.348211150090337	0.583443538924661	0.229039072910776	0.306206578820076	0.287076967523322	0.233199669755098	0.353997635698962	0.352831736849198	0.248463070129701	0.484280988231254	0.238197520090717	0.213043702770031	0.334855844060345	0.237538574104791	0.36355877760726	0.395564786410002	0.440835576297864	0.229982623516722	0.333043947833531	0.233199669755098	0.403602149095894	0.415029416339952	0.244770548836982	0.347142532746079	0.297681819056701	0.344796594066942	0.257566028176562	0.347607643226192	0.211882053644269	0.213801560408592	0.345373719570324	0.220036991072779	0.583069302843925	0.306867256158716	0.41198000943879	0.4725138942289	0.231560675815604	0.289343364276897	0.219919095750682	0.126555715957311	0.363600845808683	0.307416198844374	0.283781043008042	0.339349474482855	0.36384902587827	0.292348270686723	0.305948064453472	0.341518007798303	0.357707741643029	0.280896558195642	0.439229514586362	0.211394658723336	0.305948064453472	0.373966927241794	0.244225509115811	0.310656813681872	0.335132201592046	0.435736667854971	0.321393300265678	0.262557882549519	0.293625685878197	0.266516834237658	0.337213505788669	0.179467883996994	0.366667292768486	0.24060507674137	0.253983321463065	0.179467883996994	0.379935039290373	0.365424479022421	0.32361641269541	0.316518145375434	0.460532744108508
"SRR13357997"	0.878962656419972	0.536077089108349	0.400608315175902	0.514042476931568	0.445593899603835	0.68840487068023	0.777967922830131	0.446801161201121	0.730978152064862	0.358837462525939	0.428377280311419	0.584615793746593	0.311250816174753	0.482579255048233	0.494030231845252	0.421934139702253	0.738043369904239	0.313946653502832	0.277080292206259	0.457020857061278	0.301220519635345	0.438655230481746	0.872171987558783	0.622074447407644	0.322477069931827	0.647942799425185	0.311250816174753	0.641162824549291	0.647476756339446	0.306565672609268	0.346233894024294	0.407492808470086	0.414829377924239	0.397857634413354	0.529322259320205	0.269059227283521	0.396973672205488	0.688501660491515	0.252147570284041	0.750267648608557	0.43788006731164	0.475177135982191	0.731604768702131	0.307492834350721	0.360569639910397	0.28557831471414	0.419382748682749	0.441027382852214	0.543479770793634	0.492378763691424	0.497810190109011	0.446288830436599	0.421831155364709	0.586885531510306	0.587298043946002	0.548366192235344	0.402600111130159	0.554401483591998	0.375512489335445	0.586885531510305	0.541639079080364	0.283100472443226	0.444012238912221	0.663487038290283	0.610542395882939	0.522635066578679	0.341231957025637	0.51140375690196	0.458843859356433	0.483896947734827	0.37500760186005	0.57832594985879	0.328856881966152	0.341426090904962	0.375007601860051	0.562753690813469	0.450232639767842	0.441623229018605	0.40370835254482	0.698585021674079
"SRR13357996"	0.816475728889459	0.494544175924637	0.384314892618078	0.253528055951556	0.222040624356892	0.344065819142418	0.576030784090936	0.348211150090337	0.731815707890846	0.233339278404585	0.369160987587329	0.354133816702648	0.279858634849976	0.296915458306139	0.339763534263499	0.308332475883351	0.687800103691547	0.424389453746061	0.297119544654808	0.190345300845085	0.467104068211856	0.429491327025018	0.537749920906695	0.369688263914428	0.293608061532464	0.461730088415983	0.279858634849976	0.494820621001532	0.51795640305851	0.244357379590063	0.221270854937888	0.186810937957298	0.373142638842277	0.350478418958075	0.477539588255602	0.281889242030153	0.426087497867805	0.501338578726706	0.267949201387445	0.685220555224916	0.293649983746162	0.741195737958335	0.667082223578505	0.332370245879162	0.160572470024044	0.290533544501898	0.341966543704538	0.408340929330396	0.335394219522794	0.422194274328507	0.500510606619529	0.192600727443609	0.250818235201814	0.307028712661205	0.539534825491087	0.497143712707813	0.330635057146438	0.360401070541995	0.268842857044509	0.307028712661205	0.386215099102227	0.283100472443226	0.289213187193587	0.455009708153407	0.452923016539965	0.344194149609331	0.202257036543765	0.397373257581332	0.268654073554879	0.393947813752504	0.266524713314923	0.38545946967103	0.334605460086952	0.305791408874551	0.266524713314924	0.395248843812231	0.393561006835284	0.347573821810718	0.214258337739353	0.392115429781926
"SRR13357991"	0.816475728889459	0.494544175924637	0.424228893304454	0.24250000830742	0.222040624356892	0.344065819142418	0.576030784090936	0.348211150090337	0.851818102115422	0.195310638350939	0.465808717193019	0.354133816702648	0.268505815775963	0.296915458306139	0.323658172436371	0.300066031460651	0.556215237740915	0.375912804923664	0.324722454356922	0.190345300845085	0.389489167791518	0.660422381413529	0.537749920906695	0.376219326164058	0.398324822385521	0.516996154620234	0.268505815775963	0.473492546603287	0.521704604630176	0.195323649957417	0.221270854937888	0.189641506223462	0.513505831229627	0.342614216273447	0.512119339607349	0.223464028991368	0.299190577769872	0.524739865869513	0.171289895486378	0.479042995654562	0.306744192600065	0.694783252926782	0.530805825315032	0.265761666727016	0.160572470024044	0.332791879172195	0.398004576252628	0.569762714697779	0.335394219522794	0.473316599741342	0.537379711203397	0.192600727443609	0.25707302847239	0.307028712661205	0.570626498695311	0.511896635346604	0.315064259670741	0.360401070541995	0.244857226461093	0.307028712661205	0.365711992217016	0.283100472443226	0.297752878508648	0.492121020579293	0.469439359157458	0.344194149609331	0.202257036543765	0.436762062043639	0.268654073554879	0.46635289008452	0.201873301838784	0.38545946967103	0.271532220646501	0.303947314400727	0.201873301838785	0.395248843812231	0.545859309589521	0.383856793076134	0.214258337739353	0.423082141355019
"SRR13357986"	0.769262815393697	0.542753429872718	0.614032755213713	0.493921073074901	0.244739734715615	0.344065819142418	0.681447182748945	0.463353289578616	0.851818102115422	0.394831282775779	0.465808717193019	0.441341023437033	0.319505008592235	0.296915458306139	0.316425615253909	0.398881594592359	0.556215237740915	0.332093640351946	0.50189572892749	0.221292673719307	0.349008712166856	0.660422381413529	0.815672084049251	0.399528589927453	0.369875739883108	0.658775781588614	0.319505008592236	0.544688089543477	0.521704604630176	0.175884666937424	0.221270854937888	0.189540292801418	0.513505831229627	0.63876261971849	0.512119339607349	0.203115700472755	0.411767291202623	0.531059870130216	0.137891761706335	0.423537971559726	0.306744192600065	0.640809339101566	0.530805825315032	0.238803948970898	0.179895626179957	0.505846535919317	0.398004576252628	0.569762714697779	0.492375765667667	0.297984367034712	0.536691852213668	0.192600727443609	0.265533929736053	0.466362480100635	0.344191487349343	0.511896635346604	0.550742984656666	0.360401070541995	0.401636063518642	0.466362480100634	0.356663737523549	0.283100472443226	0.297752878508648	0.43752566028537	0.548653282115571	0.47599958537998	0.202257036543765	0.436762062043639	0.34266498922625	0.465904851624339	0.41461127359411	0.440871186004897	0.260883941783805	0.303947314400727	0.414611273594111	0.395248843812231	0.545859309589521	0.494755285012724	0.214258337739353	0.532980232629196
"SRR13357984"	0.665115527389889	0.494544175924637	0.621092224073519	0.307300913938044	0.501909326290674	0.733854756358565	0.775349261825054	0.348211150090337	0.784598999672884	0.369509677309058	0.510725783632357	0.562939206461757	0.314324287453396	0.667043755485891	0.619747423866859	0.373679173849582	0.72767947082096	0.365268740004736	0.412511938800074	0.495082332712972	0.324403580625384	0.542349276288427	0.371785786772531	0.642445290560796	0.406912121264192	0.558731710003581	0.314324287453396	0.615061516720245	0.739761045374287	0.426138653455597	0.446380024721147	0.602185688526513	0.502508115000005	0.601035366961355	0.712549925998194	0.323721377603077	0.25807052508235	0.309781246105735	0.370508658204968	0.734577496084402	0.534443086294709	0.609285804437052	0.728811564402176	0.366471573653692	0.489865554718079	0.493398149463968	0.499048703926914	0.530463305792558	0.453002811849527	0.244818147091698	0.525791194268673	0.507649461012662	0.485848331702859	0.482700764442675	0.254780762767943	0.734930315961033	0.569577459984088	0.679873749000166	0.346041651799043	0.482700764442675	0.665091853464241	0.283100472443226	0.543156147995125	0.369551831096761	0.63784095017727	0.449130902794957	0.45623432904012	0.615425521742975	0.472796358298923	0.563306068325831	0.252882126484314	0.625758414608268	0.371683656024585	0.349925255271513	0.252882126484316	0.670358252557662	0.552648579346788	0.580366011216849	0.50453311505886	0.631119434971225
"SRR13357983"	0.816475728889459	0.494544175924637	0.610977475105226	0.23457306587936	0.362676774953782	0.532155914727872	0.709779118650967	0.348211150090337	0.853869341893878	0.19533838699918	0.534476527061518	0.493200454593474	0.268505815775963	0.493697479770513	0.507031514124544	0.327624455055483	0.589005116587426	0.379595628128095	0.442945194049492	0.330612643252929	0.356076562402477	0.676466932841807	0.537749920906695	0.504973212723817	0.406448940669501	0.573472441883736	0.268505815775963	0.544330483949085	0.57526157190395	0.32251602379553	0.354191540043095	0.424785432554471	0.564265149272009	0.439070610686886	0.567649967130385	0.277052549906823	0.257520670755434	0.524739865869513	0.273013512100073	0.3971918249956	0.447326868788813	0.522172266389323	0.579564861022257	0.319605245075034	0.345998249527525	0.4748988815541	0.485582026622447	0.609425358168339	0.408162905356448	0.473824351946756	0.369625367765828	0.327501664182498	0.379060332088464	0.424569097231849	0.539061736121928	0.563041666657055	0.244478381980906	0.565363286605549	0.244857226461093	0.424569097231849	0.55466359520826	0.283100472443226	0.445665343168249	0.5627431836669	0.544556724767076	0.409282914961086	0.350308528970637	0.503888760659417	0.391720538944899	0.518674552038554	0.161910213962192	0.537873730446806	0.325523486236732	0.325841375517917	0.161910213962193	0.572095214283958	0.610898280992102	0.489475556775711	0.367377919031193	0.516101017186436
"SRR13357979"	0.816475728889459	0.494544175924637	0.508004040279507	0.287277687218812	0.222040624356892	0.344065819142418	0.576030784090936	0.348211150090337	0.678287046581307	0.369574467584089	0.335632656857885	0.424300604850292	0.314328982212071	0.296915458306139	0.300765257231951	0.362564573350717	0.683143668599905	0.194732096556487	0.417142353265077	0.190345300845085	0.172648476552694	0.34666343195436	0.537749920906695	0.367292948352128	0.267930964126402	0.441524432475658	0.314328982212071	0.494003095886658	0.479117459070368	0.139285172474714	0.221270854937888	0.182791177345738	0.325222548908098	0.559189086993299	0.464831124371533	0.15664758152786	0.16338151349637	0.492706635711399	0.0843796691165025	0.44227489359497	0.288907063583753	0.349416909346001	0.662203426554162	0.187431331514382	0.160572470024044	0.381734032227114	0.322287641881642	0.3518244247601	0.335394219522794	0.42017425680577	0.412545069356228	0.192600727443609	0.248538602676972	0.383389417163377	0.46504834826768	0.45500535634454	0.452739326868712	0.360401070541995	0.346052514847085	0.383389417163376	0.337555431738796	0.283100472443226	0.286102606526901	0.441434900591517	0.505391997852643	0.344194149609331	0.202257036543765	0.372253686726177	0.268654073554879	0.355695570969706	0.269073309632549	0.38545946967103	0.196215944853172	0.30572068070105	0.26907330963255	0.395248843812231	0.340846109932754	0.397206990084076	0.214258337739353	0.380903636671208
"SRR13357978"	0.306016498875591	0.225760243462175	0.32325608840284	0.110677921023276	0.0925493451567795	0.124339177113015	0.246513554765551	0.348211150090337	0.266734058688049	0.09244631399303	0.117081483187376	0.0911184825534251	0.147417293845831	0.112952517125515	0.111748687433122	0.137730418147776	0.0969747788985122	0.13264906929202	0.246892693148135	0.0820847744394275	0.166514008243728	0.155110293588457	0.243557678112515	0.0990791970415772	0.13013057078497	0.119599137351798	0.147417293845832	0.146950657703747	0.103482041791804	0.0994913422578438	0.221270854937888	0.0705739813442539	0.165803734081341	0.155455789917834	0.134170847658656	0.118304628635065	0.173831613460028	0.182769215536877	0.104206958087722	0.0881242789000792	0.0980588349245734	0.413424473147041	0.0857910277751701	0.121375843596454	0.10603954054555	0.235068114033861	0.0993157384042443	0.17055708962248	0.163140591419292	0.198738414887728	0.179796567315289	0.0802960721872378	0.0832358564659029	0.158571900429778	0.182805264982721	0.119890870833843	0.106730980995345	0.165431997965528	0.092421000849789	0.158571900429778	0.108106245290229	0.201509836954054	0.0956983442494631	0.117978705320453	0.14124057624447	0.187705230236448	0.0979966147259335	0.0827683654575624	0.0970992508123041	0.111458131726754	0.0921423929701721	0.123380639551827	0.130237651114574	0.142272611418692	0.0921423929701723	0.109847539766163	0.156597664964144	0.167178780988484	0.0962328203635288	0.104181410395883
"SRR13357977"	0.880909136822977	0.53763265647423	0.391782783100095	0.447057986375401	0.24224514782956	0.344065819142418	0.670844133432742	0.450645519833072	0.851818102115422	0.310483746087976	0.465808717193019	0.431758455279856	0.299601387722629	0.296915458306139	0.338670690872192	0.376948697894699	0.556215237740915	0.471093431097375	0.30224964706138	0.217826522478738	0.532297547962208	0.660422381413529	0.879406127893518	0.397018104616525	0.422799910209236	0.655578682597561	0.299601387722629	0.537128671722754	0.521704604630176	0.23988766449232	0.221270854937888	0.187345209517042	0.513505831229627	0.395530396453476	0.512119339607349	0.279749022835168	0.579006291934831	0.714967039660394	0.258538117841792	0.637333017557305	0.306744192600065	0.743285631740825	0.530805825315032	0.326391334075342	0.177750741836909	0.298302198296292	0.398004576252628	0.569762714697779	0.474970339310506	0.548542170940626	0.542532837360206	0.192600727443609	0.264622904243817	0.44837950752619	0.661289934713099	0.511896635346604	0.401488570750941	0.360401070541995	0.34894664141809	0.44837950752619	0.384457054324641	0.283100472443226	0.297752878508648	0.642531857887802	0.456048307728307	0.461427275911251	0.202257036543765	0.436762062043639	0.334304381213446	0.45615736250336	0.352275012648637	0.434863119554118	0.344898316002631	0.303947314400727	0.352275012648639	0.395248843812231	0.545859309589521	0.354334433812119	0.214258337739353	0.521220782655992
"SRR13357975"	0.816475728889459	0.494544175924637	0.371089256116859	0.284519164800461	0.222040624356892	0.344065819142418	0.576030784090936	0.348211150090337	0.851818102115422	0.357566573553387	0.465808717193019	0.354133816702648	0.311526341307051	0.296915458306139	0.324753724554309	0.330979699077893	0.556215237740915	0.38270617954869	0.288066791075808	0.190345300845085	0.398481304800596	0.660422381413529	0.537749920906695	0.376219326164058	0.418958974628695	0.516996154620234	0.311526341307051	0.473492546603287	0.521704604630176	0.198384845676176	0.221270854937888	0.185857864537421	0.513505831229627	0.447709965913547	0.512119339607349	0.227109725712543	0.307080201773	0.524739865869513	0.176835118603411	0.471597525509305	0.306744192600065	0.615050031854126	0.530805825315032	0.269981229737304	0.160572470024044	0.276935587853357	0.398004576252628	0.569762714697779	0.335394219522794	0.473316599741342	0.555001755502405	0.192600727443609	0.25707302847239	0.307028712661205	0.550185884833345	0.511896635346604	0.494916414063999	0.360401070541995	0.339580831955292	0.307028712661205	0.367081692532272	0.283100472443226	0.297752878508648	0.492121020579293	0.447340157096148	0.344194149609331	0.202257036543765	0.436762062043639	0.268654073554879	0.449521399376317	0.334770468567796	0.38545946967103	0.275548648046107	0.303947314400727	0.334770468567797	0.395248843812231	0.545859309589521	0.335629992818058	0.214258337739353	0.423082141355019
"SRR13357972"	0.816475728889459	0.494544175924637	0.376957715520509	0.346025909470888	0.273344972104142	0.517155617321299	0.576030784090936	0.348211150090337	0.702469535579633	0.39613316965158	0.349852342530276	0.403817792079986	0.320480720677055	0.296915458306139	0.318283580432293	0.358451267565878	0.66606345338156	0.286577405108454	0.325134546672369	0.262438015258265	0.286364874107965	0.381423503393508	0.537749920906695	0.479248721833456	0.278782262377027	0.450182077752911	0.320480720677055	0.508422099576113	0.538684538480437	0.181734380791029	0.221270854937888	0.177846631755956	0.345425309089025	0.468650997316487	0.470284188710732	0.207370914158517	0.264528485565631	0.45201229412482	0.147601353540984	0.715173621062367	0.303245661405712	0.360736628002525	0.644341451370027	0.246944454410033	0.160572470024044	0.257632606596021	0.330666812491403	0.375691992545564	0.335394219522794	0.473316599741342	0.526477407041329	0.292221293070902	0.290326696236916	0.360792480478856	0.458678832644248	0.494041144630814	0.393566727381247	0.360401070541995	0.360345804225909	0.360792480478856	0.359454212047128	0.283100472443226	0.302141743963227	0.447255131451602	0.606847253117104	0.344194149609331	0.202257036543765	0.418278054243843	0.269368924987703	0.379449697761656	0.294021661347897	0.38545946967103	0.253577744469206	0.319598207098914	0.294021661347897	0.395248843812231	0.3630912324766	0.379577201146395	0.249108787449226	0.522308795146355
"SRR13357971"	0.532931652788045	0.30191324330616	0.33684138042485	0.359290051260376	0.25773892929787	0.420768833613772	0.535673837126193	0.462106722237112	0.354677301898319	0.252626822600315	0.187490168674654	0.217133571079733	0.203237473594811	0.26015860838908	0.252931131092391	0.234792133058646	0.289408825547584	0.17832757336166	0.231815679812487	0.277093952629279	0.20775521387103	0.214258138350545	0.75312769923399	0.290346352151761	0.130551975159072	0.308543511411698	0.203237473594811	0.323238715530734	0.22793093529458	0.208588392370868	0.350239956457631	0.21676665959256	0.235185763616995	0.255947090823864	0.208129953546189	0.183124745229271	0.335345906184568	0.37320349102248	0.212340239969362	0.254659433766782	0.206553383930248	0.280002447815424	0.277855927199266	0.186419180173242	0.283791131691219	0.222349004327856	0.171398429548067	0.238997084366559	0.371704228195565	0.301057706103399	0.188074877929027	0.255777511176724	0.199479665262991	0.360927528540259	0.279665346581846	0.218741912277318	0.208583601292371	0.347817627627743	0.209429324763857	0.360927528540259	0.254649337236343	0.213859775493946	0.209493521412755	0.325196411819421	0.277833476922767	0.374212649680008	0.207031405944408	0.149227270124107	0.2446030010914	0.188338580124195	0.29114987009177	0.292786203781829	0.20913308300831	0.188096211810466	0.291149870091771	0.246762543741158	0.23932845670522	0.238248137120161	0.237775093977393	0.368759232011984
"SRR13357970"	0.875629555025466	0.533461182204847	0.589346993027436	0.513446593469048	0.532868200277417	0.764056032668742	0.824027852745736	0.440354734956722	0.729666001335641	0.408702021042355	0.463877445432153	0.61620838799692	0.322795055951303	0.59346746316293	0.599246262223197	0.427253066422818	0.78385151964575	0.336315430731452	0.409225537098453	0.548892072592802	0.310118563353934	0.44612957562704	0.859181632168371	0.679973680668253	0.290621361901422	0.66709101780817	0.322795055951303	0.677244724242722	0.73898073900999	0.403365373275171	0.429583013543097	0.562827259156893	0.440364924113105	0.569086352459775	0.558728141365002	0.314734724780926	0.398950484123388	0.629363184499113	0.345314921870798	0.702632588950394	0.517582424832561	0.452092753500137	0.784431262473485	0.354106703790578	0.491079968580598	0.441324040843585	0.465852921754179	0.461328982050877	0.575915190372573	0.542025869757307	0.539702156159028	0.535393701620262	0.494174259006955	0.600842381526371	0.578385751415491	0.599959553829343	0.457533901631983	0.660690709294097	0.401023108084156	0.600842381526371	0.645392244361078	0.283100472443226	0.5284994235726	0.68823254140441	0.674676875564899	0.552171970636668	0.436883941566239	0.591408067692654	0.529055798799235	0.517649922185026	0.394306345850427	0.65349810232637	0.374627300765927	0.353712690473989	0.394306345850428	0.653742769701128	0.484453883271568	0.557152474609702	0.501475851031753	0.729286767339864
"SRR13357969"	0.402399959640697	0.330475228363289	0.497885191691967	0.296185020345762	0.324926560507551	0.420147480089286	0.703950881118393	0.458798486176753	0.579665638205639	0.149227001722659	0.338774797382604	0.388670923060933	0.167813007724901	0.466149398825856	0.429341133860347	0.275466593773753	0.337178085740187	0.28852112256531	0.318126933483043	0.329917238483503	0.274056857868195	0.406396735782829	0.736532478406929	0.329212749361173	0.228990804306539	0.452679276524563	0.167813007724901	0.393330549641257	0.421511861259704	0.331277132409251	0.412970339411463	0.401977968957352	0.338631702164885	0.268879626901562	0.447163321898415	0.264351224838475	0.412460419452228	0.40503150042915	0.331246170054839	0.290165278796869	0.317063549116749	0.441753156100524	0.360824989995867	0.276769381951436	0.4132576528934	0.35900351929974	0.290366169060478	0.361946020864239	0.446888736900517	0.200600172705766	0.257451024957682	0.248577885040674	0.268383113219074	0.482614523608334	0.216764824902622	0.463205376705903	0.148109997111022	0.518838271542968	0.13561605158539	0.482614523608334	0.452274447989101	0.24135533945905	0.317104047202098	0.329212622782746	0.322429304794185	0.397989687552471	0.3227700119009	0.254034268710802	0.376027921808015	0.321826204043973	0.217835836057226	0.471178688488243	0.305309434595139	0.241473970904007	0.217835836057227	0.43947434224474	0.412824774718755	0.332298840461786	0.32626077612314	0.430283674360232
"SRR13357967"	0.537960668898975	0.494544175924637	0.577369670493423	0.282159623133983	0.339071585088996	0.503128804035131	0.691256866895499	0.348211150090337	0.775231584770285	0.347417549019128	0.454177426582942	0.469320080516385	0.309127033964434	0.504751256993663	0.458427410767467	0.352785249091612	0.703237087905074	0.248392333858555	0.407736265563349	0.306413037731069	0.20850545566955	0.514737548300434	0.274461118884917	0.480333557051378	0.315269883545693	0.505187534711489	0.309127033964434	0.553380208889572	0.703204468464404	0.240712690111821	0.331931720525683	0.389613392995475	0.456308581391165	0.574869994866502	0.641137288496078	0.208978908676511	0.173741748944274	0.20374882462845	0.157436541246103	0.820630777073195	0.414337627595665	0.516658752125309	0.694531410082177	0.243412643137079	0.312273911371084	0.461804619380678	0.430314214778074	0.490438320284117	0.396878919581518	0.110830392606369	0.641606299310154	0.304337376432349	0.353873773479246	0.403349598254028	0.124402204906986	0.657164473459337	0.554335352148826	0.534264784685248	0.334062557953412	0.403349598254028	0.502694054949457	0.283100472443226	0.415007962335367	0.210880223722114	0.529971592963081	0.39923466861411	0.324965445711032	0.564848151928989	0.371818344727956	0.486026917485688	0.276193551538346	0.514722456556438	0.252358891128875	0.324265686967407	0.276193551538347	0.545593189888396	0.494336804590325	0.490745382243019	0.341401669295092	0.479484771964928
"SRR13357966"	0.399394372029805	0.298357918712254	0.314206891633639	0.330104292839996	0.237320009471537	0.302081441619292	0.571726786769432	0.475855982038239	0.543870635563364	0.267092995347435	0.270446912793686	0.187636438748765	0.203457754801959	0.292164636568295	0.284910210913296	0.219294583069597	0.264646067394838	0.236138841330788	0.18014026226083	0.235997422872118	0.278902354805782	0.439980627042541	0.703802842234143	0.23124900773854	0.202312988614316	0.373208504496558	0.203457754801959	0.316968089839517	0.229683211057975	0.247481509024972	0.386610753884487	0.272646065529687	0.375119238563927	0.253479767872724	0.23469875142926	0.204791708837702	0.380410152868771	0.328208655808965	0.266028593237645	0.161202643904881	0.226414777083941	0.510590792491143	0.2562067925854	0.206468430054808	0.335482507020185	0.226633009326018	0.220019153676026	0.398385280037174	0.399812663005604	0.179823400697997	0.171762887259078	0.191904672469948	0.190690866736796	0.32066804906669	0.197835305033021	0.243792305115998	0.354968230611696	0.386163987191996	0.21621024011959	0.320668049066689	0.286012139250027	0.21143523202525	0.224856980447746	0.262017420383208	0.162777871423956	0.398535731069179	0.233105369288738	0.154040291454414	0.269546766000121	0.241147019780463	0.313926205301248	0.319326422605143	0.231725133559787	0.177767225146884	0.313926205301249	0.269010691174599	0.394680817884148	0.203322189276981	0.232061766660171	0.306048335454514
"SRR13357962"	0.855347194849023	0.51868846563151	0.571393876924938	0.38694674010174	0.447333211189873	0.662058548799648	0.7754709845567	0.404459180562458	0.689087972358168	0.352081568713587	0.418971547069117	0.565371567112358	0.309886827221468	0.569799811982896	0.527971807835236	0.395441919298136	0.68477819427777	0.23585861274426	0.407230318229722	0.441256578161703	0.0201705108582793	0.273728999072047	0.764675836681675	0.595387458908388	0.0476929162551113	0.337251684029518	0.309886827221469	0.61637996421827	0.609287909714409	0.295103530983127	0.384994681569227	0.478639245925369	0.389874485856718	0.526849164721105	0.620823533500215	0.235525418361029	0.0293530293796919	0.607307206583271	0.050917152933361	0.506696346591887	0.465225091456863	0.321105475416881	0.6802624816297	0.26963348712111	0.410083475770168	0.42379829582719	0.178097348559167	0.407925941158264	0.504473302867526	0.464626184628116	0.355109815904092	0.430992363773751	0.168088662255293	0.532261245427125	0.517460527729766	0.63095203622083	0.384803359349211	0.606164418096236	0.356749270304921	0.532261245427124	0.57297622580441	0.283100472443226	0.473822262090483	0.613210432237111	0.611211580496781	0.490795123927137	0.385582467293001	0.50891133508304	0.462515772859647	0.461098881083179	0.26274758715052	0.596406758417889	0.286554939671941	0.339643995920075	0.262747587150523	0.606912664961835	0.425695977584305	0.501017997565872	0.429260742192924	0.277840515674511
"SRR13357961"	0.816475728889459	0.494544175924637	0.310724678035575	0.24250000830742	0.222040624356892	0.344065819142418	0.576030784090936	0.348211150090337	0.691676193488249	0.195310638350939	0.34509379123663	0.354133816702648	0.268505815775963	0.296915458306139	0.322890638027563	0.300066031460651	0.556215237740915	0.30971939187327	0.247121811475381	0.190345300845085	0.317373313699919	0.369711714664265	0.537749920906695	0.367978976378812	0.275144958671139	0.447300225008357	0.268505815775963	0.473492546603287	0.411840419495811	0.194278184181035	0.221270854937888	0.181350685805582	0.33864228074764	0.24885900633895	0.468470462607194	0.222183099099348	0.296501712037262	0.495181032207203	0.169413211741388	0.2800716448279	0.290262113808836	0.487459404053003	0.530805825315032	0.264318911891171	0.160572470024044	0.217579970707605	0.327868879875432	0.367683350273282	0.335394219522794	0.473316599741342	0.32600589542181	0.192600727443609	0.249190710064104	0.307028712661205	0.482566713365351	0.493264830128234	0.196785258770419	0.360401070541995	0.244857226461093	0.307028712661205	0.365240991755695	0.283100472443226	0.286992299768628	0.445318507646746	0.420841077209328	0.344194149609331	0.202257036543765	0.360430604524736	0.268654073554879	0.355577413244998	0.210113280219607	0.38545946967103	0.270158145781748	0.303947314400727	0.210113280219608	0.395248843812231	0.355624999098367	0.281531036125215	0.214258337739353	0.384105464519183
"SRR13357960"	0.816475728889459	0.494544175924637	0.493769101436094	0.27486199168143	0.241200655733556	0.409328260466363	0.576030784090936	0.348211150090337	0.704164687810193	0.126315119187256	0.352295633847689	0.354133816702648	0.172783584387972	0.296915458306139	0.280071070573808	0.31781477693495	0.556215237740915	0.417340344216545	0.410590283004012	0.216514137646447	0.460171720884757	0.387462883784763	0.537749920906695	0.410803701926498	0.28065227691878	0.451656013934375	0.172783584387972	0.48025253618917	0.41268734441617	0.245897341247591	0.221270854937888	0.18249542148853	0.348916102396166	0.476827306000637	0.471211312207245	0.283530744235842	0.430017809534696	0.497043186625021	0.271213888276876	0.281019094974315	0.296053597496098	0.649708358332197	0.530805825315032	0.33442554759439	0.160572470024044	0.368191321204035	0.332101214991031	0.379811138486589	0.335394219522794	0.473316599741342	0.325926280989175	0.228077697007347	0.265143936861826	0.307028712661205	0.509062753325181	0.494437854104418	0.3287481498658	0.360401070541995	0.284983867306779	0.307028712661205	0.386816430543671	0.0807722320364385	0.293351375602322	0.448245371767509	0.560663903739067	0.344194149609331	0.202257036543765	0.361011038955378	0.268932795373308	0.379024923166631	0.264102537817301	0.38545946967103	0.336542476894567	0.24449371170667	0.264102537817302	0.395248843812231	0.366932393891039	0.42029069175318	0.178045016196066	0.43891476314524
"SRR13357959"	0.816616563617826	0.494544175924637	0.490042937814468	0.304257462966537	0.254188167414272	0.453509330598487	0.576030784090936	0.348211150090337	0.695177947520853	0.306027142350209	0.345710763844851	0.401529020381385	0.29907091458539	0.296915458306139	0.332262391243537	0.341894998151509	0.530362446120679	0.364841903212464	0.343970087791925	0.234789782803167	0.388542549081314	0.371226150788484	0.537749920906695	0.43845204485939	0.275616207935755	0.447674723946139	0.29907091458539	0.497033183425207	0.447192213893882	0.221365561489734	0.221270854937888	0.181982035749496	0.295483031297931	0.493905542384866	0.419247609420334	0.254469348186919	0.366731096318559	0.495341262438867	0.22069342389188	0.368191418654199	0.298215492446691	0.578132581130568	0.611948104562428	0.301408819692566	0.160572470024044	0.363143519086425	0.328231978027897	0.329593089235058	0.335394219522794	0.473316599741342	0.366027504031764	0.177282862267315	0.274992809459048	0.358282118076818	0.495914619007536	0.493365763820041	0.352291662185316	0.360401070541995	0.311183292269995	0.358282118076818	0.376954625355518	0.283100472443226	0.296443330630658	0.445570212459283	0.59796861517045	0.260652198578985	0.202257036543765	0.364135955971253	0.269113288011925	0.381816995757681	0.272357864212582	0.38545946967103	0.305366890123691	0.12891850291085	0.272357864212583	0.395248843812231	0.356591876404046	0.43692825738979	0.236231731702917	0.471322000903003
"SRR13357958"	0.816475728889459	0.494544175924637	0.517306478919234	0.231042374933853	0.222040624356892	0.344065819142418	0.576030784090936	0.348211150090337	0.851818102115422	0.0663537680217147	0.465808717193019	0.354133816702648	0.136603895188646	0.296915458306139	0.249756372308239	0.300066031460651	0.556215237740915	0.353175748838699	0.40437464866511	0.190345300845085	0.359484408957499	0.660422381413529	0.537749920906695	0.376219326164058	0.369875739883108	0.516996154620234	0.136603895188646	0.473492546603287	0.521704604630176	0.185176826756626	0.221270854937888	0.191027506416788	0.513505831229627	0.41457065417211	0.512119339607349	0.211328217568999	0.273242558121278	0.524739865869513	0.153454980355786	0.41365907613514	0.306744192600065	0.699341573023719	0.530805825315032	0.251723999545876	0.160572470024044	0.419581340726108	0.398004576252628	0.569762714697779	0.335394219522794	0.473316599741342	0.535526174161752	0.192600727443609	0.25707302847239	0.307028712661205	0.57470035228916	0.511896635346604	0.337755256828211	0.360401070541995	0.231202312359788	0.307028712661205	0.361068140596249	0.0587097159248024	0.297752878508648	0.492121020579293	0.507809688275501	0.344194149609331	0.202257036543765	0.436762062043639	0.268654073554879	0.472475048506148	0.210896128849597	0.38545946967103	0.25814515914527	0.303768941130321	0.210896128849598	0.395248843812231	0.545859309589521	0.444333200824066	0.157614241370321	0.423082141355019
"SRR13357957"	0.89907372966003	0.553282691190815	0.424300298130578	0.513439828017442	0.26826458446396	0.401718597052316	0.702719516882476	0.4896887684134	0.851818102115422	0.236809715917327	0.465808717193019	0.461230741743998	0.280074336562591	0.296915458306139	0.341687122547579	0.38229248277742	0.556215237740915	0.490450172482692	0.329534548133961	0.254815300241519	0.563542052997296	0.660422381413529	0.934502076398871	0.443251324380244	0.446296220044061	0.701435063836019	0.280074336562592	0.566117562839209	0.463272425359876	0.249504410602026	0.221270854937888	0.18964652465857	0.513505831229627	0.345519897759809	0.512119339607349	0.292280914364299	0.659641483202468	0.772008572945808	0.278903191403227	0.35122601365895	0.311096499361539	0.801136316759502	0.530805825315032	0.33923031874396	0.184381999807391	0.332869071677784	0.398004576252628	0.569762714697779	0.528276516348646	0.575681709171703	0.423449121021031	0.22383520977778	0.281704383059299	0.503667687929623	0.705162240362562	0.511896635346604	0.315145153731377	0.360401070541995	0.315973959248075	0.503667687929623	0.388216418770183	0.283100472443226	0.302894895526456	0.692600739975006	0.523846599543472	0.506148871808124	0.202257036543765	0.39583348198779	0.360501367041441	0.479722571725186	0.350788934563371	0.453312575857571	0.363283324008704	0.308450042438305	0.350788934563373	0.395248843812231	0.545859309589521	0.412687215660802	0.225896842928417	0.603783779839553
"SRR13357956"	0.881472918330428	0.538087179618645	0.367289536846681	0.487773812022673	0.242465704070531	0.344065819142418	0.671791836243428	0.451770280881682	0.851818102115422	0.449523161601649	0.465808717193019	0.43260642643441	0.331998287241448	0.296915458306139	0.333376700433106	0.401967889234492	0.685242973343288	0.437162932372042	0.285472981805985	0.218132362591793	0.487844617648622	0.660422381413529	0.88145277456367	0.397240554754458	0.404167874585718	0.656954072609505	0.331998287241448	0.55850587044006	0.601500651309768	0.223536128196893	0.221270854937888	0.185582236008521	0.513505831229627	0.484486838247782	0.512119339607349	0.260254921287834	0.537053040679301	0.716734974971989	0.225023248828753	0.754363454617682	0.306744192600065	0.671340305265274	0.664402495252811	0.304353186207287	0.177940168957026	0.273067281527905	0.398004576252628	0.569762714697779	0.476512275828119	0.549333191034121	0.664029437893121	0.192600727443609	0.264703626571313	0.449969757637308	0.648199732088678	0.500664597197403	0.552705014457088	0.360401070541995	0.427689244410086	0.449969757637308	0.377853138410824	0.283100472443226	0.297752878508648	0.644033642159928	0.445723896297582	0.462717470946493	0.202257036543765	0.457976506058585	0.335041826018426	0.4482890637922	0.430070907059686	0.4353952579611	0.323726285011145	0.305752496521589	0.430070907059687	0.395248843812231	0.545859309589521	0.332205187463388	0.214258337739353	0.52226492839706
"SRR13357955"	0.47112270726404	0.277921527577214	0.21938346198556	0.280556702931749	0.111135072887153	0.137912731881458	0.355543672552658	0.447275418029626	0.523920513951259	0.269240006525421	0.200009642012163	0.121444307042374	0.200229559280501	0.124385532155384	0.11660612895308	0.202328158256884	0.241149695102513	0.127058855039416	0.163807129362739	0.103201394694155	0.15074842932057	0.406215365715281	0.681605360876802	0.126208186396465	0.196771631022964	0.270138437698422	0.200229559280501	0.226045525672483	0.127314183695528	0.0814018399796303	0.221270854937888	0.0777427814048272	0.31015285923399	0.221072561703042	0.178049608923672	0.0963068051204362	0.195334806959415	0.389624105383243	0.0640817790651138	0.158154259741561	0.117257619313557	0.321915236033332	0.219826401741998	0.0982806153986923	0.122408352854813	0.159072197582909	0.146493178479544	0.341558366702988	0.272274447022713	0.2719603634639	0.175129331686833	0.0873347961058183	0.0996686394711976	0.235984002800215	0.292458076984326	0.156676562110339	0.334884953344274	0.17901576660603	0.20516316012915	0.235984002800215	0.11334437599692	0.208163602076453	0.111889552870802	0.257280629204091	0.131607016014367	0.285845632323908	0.10504705009297	0.0817468189632686	0.140029387453049	0.16664644809676	0.260092784431811	0.164304906599174	0.113869839453648	0.155126975359018	0.260092784431811	0.125626106166104	0.310242518665685	0.137861613919107	0.103957960719024	0.18963838473253
"SRR13357950"	0.816475728889459	0.494544175924637	0.522014609180835	0.333282023476191	0.390313271711979	0.639363384756399	0.692802865888579	0.348211150090337	0.697745246816907	0.394942170849385	0.402906630892899	0.453975012620375	0.320207299114752	0.502746250044666	0.477343308859626	0.354240613125252	0.697702263819026	0.301754250434917	0.385136377728722	0.380323574031594	0.277457595974111	0.39009633228166	0.537749920906695	0.565820383440297	0.276898310843293	0.497655473152816	0.320207299114752	0.566397222824096	0.603153690728542	0.293205784540439	0.333733772633792	0.382104757335459	0.382599390855202	0.559488380884897	0.613435016442138	0.25990952954234	0.257620373828386	0.440534242660918	0.240327388374657	0.618804030291206	0.419107240786445	0.452848538871229	0.688993217913939	0.301269647778898	0.314976358125401	0.385094661217899	0.400177581550836	0.405113224811462	0.397801865631747	0.41716085245087	0.425047208623847	0.402547442046556	0.388710915712741	0.386016227470281	0.485240169381647	0.630108034269184	0.485762108664878	0.536832726101052	0.359708159359251	0.386016227470281	0.524901930645105	0.283100472443226	0.424864658188259	0.507215834658011	0.626637803766473	0.400056989730942	0.327011433210718	0.487519864922485	0.374094082763751	0.452573108457934	0.280673215746344	0.516627904907381	0.307710234600973	0.33566244025101	0.280673215746345	0.54778200684629	0.413761116767188	0.488298882241575	0.3783601589055	0.569985866435789
"SRR13357947"	0.816475728889459	0.494544175924637	0.391332291764975	0.34323023907839	0.278197419355451	0.532820413064937	0.576030784090936	0.348211150090337	0.851818102115422	0.365704253764796	0.465808717193019	0.354133816702648	0.313435554859072	0.296915458306139	0.31844281472687	0.332328180356986	0.709744627688428	0.344115883286568	0.316473883401254	0.269558235177551	0.347583689198469	0.660422381413529	0.537749920906695	0.497727243813499	0.369875739883108	0.516996154620234	0.313435554859072	0.517655617210534	0.534831138601518	0.181171377851917	0.221270854937888	0.187313052417231	0.513505831229627	0.473053325688973	0.512119339607349	0.206549593532655	0.263108371141144	0.524739865869513	0.14665376807415	0.417721759552348	0.320547550929399	0.602488160634479	0.690126846402559	0.246161984028833	0.160572470024044	0.297831731638261	0.398004576252628	0.569762714697779	0.335394219522794	0.433000784744198	0.513530701509597	0.302305108787263	0.302464697934264	0.307028712661205	0.552217138906771	0.511896635346604	0.533434701865841	0.360401070541995	0.343986562425087	0.307028712661205	0.359188308320835	0.283100472443226	0.31409454980811	0.492121020579293	0.624310926413362	0.344194149609331	0.202257036543765	0.402358341473948	0.269431889478884	0.498010440340159	0.345129972936228	0.38545946967103	0.252829524787945	0.321543584827019	0.345129972936229	0.395248843812231	0.545859309589521	0.444196505376276	0.252350272010686	0.572823967473799
"SRR13357946"	0.816728623167315	0.494544175924637	0.404434429199251	0.341051648986029	0.274973727505915	0.522437991236522	0.576030784090936	0.348211150090337	0.851818102115422	0.369691196216235	0.465808717193019	0.354133816702648	0.314366618457987	0.296915458306139	0.301172706254181	0.332985167797005	0.556215237740915	0.247651647738054	0.324939641926708	0.264823049450818	0.224759959644981	0.660422381413529	0.537749920906695	0.49107022614909	0.369875739883108	0.516996154620234	0.314366618457987	0.491349572600679	0.521704604630176	0.139285172474714	0.221270854937888	0.188244894113984	0.513505831229627	0.48583330807666	0.512119339607349	0.156653177232195	0.16338151349637	0.524739865869513	0.0843796691165025	0.524322617697897	0.319798893493299	0.486115519488512	0.530805825315032	0.187431331514382	0.160572470024044	0.311609844931866	0.398004576252628	0.569762714697779	0.335394219522794	0.473316599741342	0.544908645720207	0.295596186554945	0.299917384827228	0.307028712661205	0.539855497407084	0.511896635346604	0.556156880683613	0.360401070541995	0.346139602747684	0.307028712661205	0.337555431738796	0.283100472443226	0.313205767996519	0.492121020579293	0.620830406142937	0.344194149609331	0.202257036543765	0.436762062043639	0.269390135065407	0.499926466627286	0.347120233803654	0.38545946967103	0.196215944853172	0.318464657222043	0.347120233803655	0.395248843812231	0.545859309589521	0.451952086871851	0.250197644879043	0.564885182339637
"SRR13357945"	0.816475728889459	0.494544175924637	0.392751190971468	0.318739707568902	0.268108387286739	0.500017286338072	0.576030784090936	0.348211150090337	0.851818102115422	0.309391725594751	0.465808717193019	0.354133816702648	0.299904360229039	0.296915458306139	0.317793453840519	0.322732177532077	0.7115554129209	0.340227497116709	0.314986178126534	0.254804753208686	0.342488258616017	0.660422381413529	0.537749920906695	0.476743095309685	0.369875739883108	0.516996154620234	0.299904360229039	0.514795459310219	0.618986716467166	0.179458109507985	0.221270854937888	0.187414306595871	0.513505831229627	0.42573305945749	0.512119339607349	0.204587193934264	0.258796097502651	0.524739865869513	0.143787229396163	0.690447304315329	0.318189243520122	0.59994909956379	0.692032195904173	0.243779518623056	0.160572470024044	0.299314339237156	0.398004576252628	0.569762714697779	0.335394219522794	0.473316599741342	0.677667406600382	0.281441877091128	0.294471741713448	0.307028712661205	0.552142213459426	0.511896635346604	0.45633410229068	0.360401070541995	0.31306292787006	0.307028712661205	0.358375695335387	0.283100472443226	0.311295758380091	0.492121020579293	0.597341609780827	0.344194149609331	0.202257036543765	0.462802337279186	0.269300198978566	0.491341480578789	0.316324750216565	0.38545946967103	0.25055050133097	0.318937262126142	0.316324750216566	0.395248843812231	0.545859309589521	0.429859427892132	0.245602054390622	0.547674644175702
"SRR13357944"	0.688661321027033	0.494544175924637	0.388498262692417	0.320624604743711	0.280140261305255	0.539028915894473	0.576030784090936	0.348211150090337	0.851818102115422	0.274237730179502	0.465808717193019	0.354133816702648	0.290971752775602	0.296915458306139	0.317583023464913	0.316344470372024	0.741898616373424	0.338971102755847	0.314945885952171	0.272421190651965	0.340843553178637	0.660422381413529	0.393096850560992	0.501716904153591	0.369875739883108	0.505890455920075	0.290971752775602	0.524372967006029	0.639964610454369	0.178905235902576	0.221270854937888	0.187110544768679	0.513505831229627	0.389756691265218	0.512119339607349	0.203994934066253	0.25740758188087	0.347795037557253	0.142867697812464	0.812532312356037	0.320996616525188	0.590767050175443	0.724043297474136	0.243010268648454	0.160572470024044	0.294877420905882	0.398004576252628	0.569762714697779	0.335394219522794	0.27030260814452	0.697668289572834	0.306366398436946	0.303996995440149	0.307028712661205	0.294391752403068	0.511896635346604	0.39854025914697	0.360401070541995	0.293092261339411	0.307028712661205	0.358112346027563	0.283100472443226	0.314627794179065	0.315595875161493	0.628345215698576	0.344194149609331	0.202257036543765	0.468716123188496	0.26945691217413	0.4984545237644	0.294289812248457	0.38545946967103	0.249814376380981	0.322590577390868	0.294289812248459	0.395248843812231	0.545859309589521	0.44441744829614	0.253646067576318	0.577563529144156
"SRR13357941"	0.816475728889459	0.494544175924637	0.383252795960715	0.259218283897643	0.222040624356892	0.344065819142418	0.576030784090936	0.348211150090337	0.851818102115422	0.254391479878474	0.465808717193019	0.354133816702648	0.285698728937258	0.296915458306139	0.328697057181307	0.312552256146704	0.556215237740915	0.407422697317501	0.296391060457819	0.190345300845085	0.431244903500539	0.660422381413529	0.537749920906695	0.376219326164058	0.369875739883108	0.516996154620234	0.285698728937259	0.473492546603287	0.521704604630176	0.209655233169684	0.221270854937888	0.186734737853616	0.513505831229627	0.368152527469788	0.512119339607349	0.2405049882273	0.336282672387604	0.524739865869513	0.197871889281243	0.41365907613514	0.306744192600065	0.664892162897232	0.530805825315032	0.285450790998531	0.160572470024044	0.289433946220489	0.398004576252628	0.569762714697779	0.335394219522794	0.473316599741342	0.555001755502405	0.192600727443609	0.25707302847239	0.307028712661205	0.559132601168544	0.511896635346604	0.361745617900612	0.360401070541995	0.281497971299283	0.307028712661205	0.372009661869693	0.283100472443226	0.297752878508648	0.492121020579293	0.452477010314754	0.344194149609331	0.202257036543765	0.436762062043639	0.268654073554879	0.453436582187365	0.21553316937359	0.38545946967103	0.290246132823266	0.303947314400727	0.215533169373591	0.395248843812231	0.545859309589521	0.346613300373161	0.214258337739353	0.423082141355019
"SRR13357940"	0.816475728889459	0.494544175924637	0.351486976956868	0.24250000830742	0.222040624356892	0.344065819142418	0.576030784090936	0.348211150090337	0.851818102115422	0.195310638350939	0.465808717193019	0.354133816702648	0.268505815775963	0.296915458306139	0.34142259963802	0.300066031460651	0.556215237740915	0.488754029089489	0.274714991246558	0.190345300845085	0.538295386995783	0.660422381413529	0.537749920906695	0.376219326164058	0.369875739883108	0.516996154620234	0.268505815775963	0.473492546603287	0.521704604630176	0.248652537853686	0.221270854937888	0.184426010463406	0.513505831229627	0.284502180655108	0.512119339607349	0.286789489677048	0.437030055925542	0.524739865869513	0.277081997619025	0.41365907613514	0.306744192600065	0.699875317016922	0.530805825315032	0.338096779795563	0.160572470024044	0.257166269385626	0.398004576252628	0.569762714697779	0.335394219522794	0.473316599741342	0.555001755502405	0.192600727443609	0.25707302847239	0.307028712661205	0.558312242627424	0.511896635346604	0.236802702372563	0.360401070541995	0.244857226461093	0.307028712661205	0.387886849742592	0.283100472443226	0.297752878508648	0.492121020579293	0.438936572939785	0.344194149609331	0.202257036543765	0.436762062043639	0.268654073554879	0.443111244371656	0.236953928091482	0.38545946967103	0.340001361963541	0.303947314400727	0.236953928091483	0.395248843812231	0.545859309589521	0.317992041467608	0.214258337739353	0.423082141355019
"SRR13357939"	0.816475728889459	0.494544175924637	0.38182897391686	0.256930679585721	0.222040624356892	0.344065819142418	0.576030784090936	0.348211150090337	0.851818102115422	0.245859722717699	0.465808717193019	0.354133816702648	0.283352301509863	0.296915458306139	0.32274015579315	0.310859386921989	0.556215237740915	0.370248386968563	0.29541489724186	0.190345300845085	0.381999299082539	0.660422381413529	0.537749920906695	0.376219326164058	0.369875739883108	0.516996154620234	0.283352301509863	0.473492546603287	0.521704604630176	0.192782078864085	0.221270854937888	0.186632497759671	0.513505831229627	0.357671383556403	0.512119339607349	0.220399154756833	0.292659293491975	0.524739865869513	0.166742965205466	0.41365907613514	0.306744192600065	0.618731306841646	0.530805825315032	0.262252801370928	0.160572470024044	0.287961921581847	0.398004576252628	0.569762714697779	0.335394219522794	0.473316599741342	0.555001755502405	0.192600727443609	0.25707302847239	0.307028712661205	0.552629027867737	0.479374161969583	0.346858778659783	0.360401070541995	0.276389097684774	0.307028712661205	0.364564064236811	0.283100472443226	0.297752878508648	0.492121020579293	0.451878489368949	0.344194149609331	0.202257036543765	0.436762062043639	0.268654073554879	0.452980511810916	0.211382782084664	0.38545946967103	0.268189685915039	0.303947314400727	0.211382782084665	0.395248843812231	0.545859309589521	0.345326026828549	0.214258337739353	0.423082141355019
"SRR13357938"	0.726202691567321	0.494544175924637	0.366887133053138	0.24250000830742	0.222040624356892	0.344065819142418	0.576030784090936	0.348211150090337	0.851818102115422	0.195333324286858	0.465808717193019	0.354133816702648	0.268505815775963	0.296915458306139	0.326655595563649	0.300066031460651	0.556215237740915	0.39457903188327	0.285198459606669	0.190345300845085	0.414214307809111	0.660422381413529	0.429926849455874	0.376219326164058	0.369875739883108	0.508777183370232	0.268505815775963	0.473492546603287	0.435000266590552	0.203771474253067	0.221270854937888	0.185552995082332	0.513505831229627	0.29507276407527	0.512119339607349	0.233497756618303	0.321012882779437	0.39182763325501	0.186770305441943	0.306468590368453	0.306744192600065	0.621937016326077	0.530805825315032	0.277387946992951	0.160572470024044	0.272658626151866	0.398004576252628	0.569762714697779	0.335394219522794	0.318038172925426	0.374968453224408	0.192600727443609	0.25707302847239	0.307028712661205	0.355687010756913	0.493343547742304	0.252657620439174	0.360401070541995	0.244857226461093	0.307028712661205	0.369458880756712	0.283100472443226	0.297752878508648	0.35867125818502	0.445552388200743	0.344194149609331	0.202257036543765	0.376326910732263	0.268654073554879	0.448158281687722	0.233390437096696	0.38545946967103	0.282590894346744	0.303947314400727	0.233390437096697	0.395248843812231	0.545859309589521	0.331842657469025	0.214258337739353	0.423082141355019
"SRR13357936"	0.705131212780033	0.494544175924637	0.338803132068295	0.259411445293665	0.222040624356892	0.344065819142418	0.576030784090936	0.348211150090337	0.851818102115422	0.255122158275016	0.465808717193019	0.354133816702648	0.285896769983571	0.296915458306139	0.321054412539217	0.312694982170262	0.618261239594677	0.359918540296889	0.266109267882852	0.190345300845085	0.368364309937021	0.660422381413529	0.408570467157086	0.376219326164058	0.369875739883108	0.507112926070654	0.285896769983571	0.483178975309905	0.493047497074125	0.188171090150873	0.221270854937888	0.183484875136274	0.513505831229627	0.327324799606483	0.512119339607349	0.214944470011513	0.280862079264894	0.36617407608857	0.158628853435948	0.457224614732589	0.306744192600065	0.525635070077565	0.59464284355258	0.255874392629603	0.160572470024044	0.244624644980661	0.398004576252628	0.569762714697779	0.335394219522794	0.289961446061423	0.45004995877972	0.192600727443609	0.25707302847239	0.307028712661205	0.304429573516485	0.511896635346604	0.307832642506506	0.360401070541995	0.281930621058626	0.307028712661205	0.362455702038018	0.283100472443226	0.297752878508648	0.333503936943504	0.433404337604402	0.344194149609331	0.202257036543765	0.399952123916241	0.268654073554879	0.43888718147971	0.243629582784082	0.38545946967103	0.262107377709665	0.304784689527953	0.243629582784083	0.395248843812231	0.545859309589521	0.30661722125401	0.214258337739353	0.423082141355019
"SRR13357933"	0.816475728889459	0.494544175924637	0.435584158959247	0.329613995506823	0.446813004849882	0.710444455314641	0.725894483079942	0.348211150090337	0.693647404222882	0.345819772490517	0.417507752206003	0.510203019847044	0.308747318620483	0.522005788402358	0.514931443889389	0.360880778555094	0.750626956275951	0.234823363467926	0.290453307320851	0.445353178325164	0.190530157600364	0.386417420659392	0.537749920906695	0.617724122169065	0.274336907989854	0.511174784153318	0.308747318620483	0.596393588199319	0.67578345247579	0.284397600355706	0.374810222308959	0.464704147036778	0.390801009784641	0.440808912537893	0.53150010200114	0.22916760425516	0.177338546509829	0.494905891020025	0.191569439957554	0.739459952389266	0.461487068223857	0.399708517749401	0.746768706385831	0.264594186379986	0.377787269939847	0.317146376335689	0.421563133072659	0.410087005116386	0.41841540270511	0.407220863278028	0.497014434165017	0.471862110302482	0.43392091426589	0.43879372289974	0.484542593760432	0.563853948817457	0.467841693431459	0.59296046789667	0.333191185123161	0.43879372289974	0.55996232502785	0.283100472443226	0.47046533245724	0.525201606152643	0.61512293855764	0.418403484432626	0.373898588060807	0.536745090679413	0.410789258230607	0.487807702220107	0.329918577918667	0.558600237718966	0.273456669472448	0.345029847890283	0.329918577918668	0.595632467829496	0.425962420445313	0.469727325671391	0.435664813634712	0.614794656637672
"SRR13357931"	0.773162034111212	0.469129510892841	0.439879057496582	0.335997697095841	0.278595681620499	0.536448788025096	0.576030784090936	0.348211150090337	0.8470647671211	0.358092484000798	0.465808717193019	0.354133816702648	0.292393569296819	0.296915458306139	0.318444052132333	0.32984156430781	0.677280524891452	0.344123309022062	0.360626277665019	0.27588366724855	0.334785897906519	0.660422381413529	0.537749920906695	0.488388869923472	0.369875739883108	0.502917524065346	0.292393569296819	0.494467071057003	0.627635963074918	0.181174652951782	0.221270854937888	0.187259227059021	0.495999511512565	0.513347657811526	0.508876961256214	0.206692547398784	0.263116627950034	0.524739865869513	0.146659272376739	0.76963036190484	0.313303851281413	0.601168857215587	0.666695609146011	0.244730296464443	0.160572470024044	0.338230730700674	0.389073465941593	0.55470495312952	0.325208043016533	0.388973679222423	0.69798552927835	0.298318312999273	0.296810375821542	0.307028712661205	0.539058454368779	0.511896635346604	0.533171583448947	0.360401070541995	0.30935547866258	0.307028712661205	0.359189856744245	0.283100472443226	0.306037445507269	0.476796542263797	0.654505616416416	0.3217467335713	0.202257036543765	0.444340256295416	0.267905456065817	0.500747256756354	0.330987676554876	0.38545946967103	0.25283387832949	0.322889807722185	0.330987676554877	0.395248843812231	0.545859309589521	0.479892818536405	0.254263682482645	0.581260347123433
"SRR13357930"	0.816475728889459	0.494544175924637	0.379587198127063	0.34580916351867	0.278484591695549	0.5337404537028	0.576030784090936	0.348211150090337	0.851818102115422	0.374772597150957	0.465808717193019	0.354133816702648	0.31554943602423	0.296915458306139	0.315719308776682	0.333819217673927	0.722557264591953	0.32792480507388	0.308265385738856	0.269980980865422	0.326422239307942	0.660422381413529	0.537749920906695	0.498318024950399	0.369875739883108	0.516996154620234	0.31554943602423	0.520128425470399	0.626482413967634	0.174058289316094	0.221270854937888	0.186471314243812	0.513505831229627	0.468720464065604	0.512119339607349	0.19810475347962	0.24530307331929	0.524739865869513	0.134922645132519	0.628445867762306	0.320614027431702	0.559878078717474	0.70362077111974	0.236257715752489	0.160572470024044	0.285649072430913	0.398004576252628	0.569762714697779	0.335394219522794	0.410817082773007	0.696509762084168	0.30290457672301	0.302691323855674	0.307028712661205	0.544631921422728	0.511896635346604	0.529751164036935	0.360401070541995	0.348878921359285	0.307028712661205	0.355779615979269	0.283100472443226	0.314173481495044	0.492121020579293	0.620405812049576	0.344194149609331	0.202257036543765	0.46489864170178	0.269435594735949	0.494426346012367	0.350415071675059	0.38545946967103	0.243346705087297	0.321830121293173	0.35041507167506	0.395248843812231	0.545859309589521	0.433116444962071	0.252541875940979	0.57352666558349
"SRR13357929"	0.773754522373354	0.469366949894903	0.339044928859331	0.331545271214821	0.278543661326938	0.536260330507916	0.576030784090936	0.348211150090337	0.847109849622249	0.340668387214471	0.465808717193019	0.354133816702648	0.28858654262721	0.296915458306139	0.301172706254181	0.326935038412889	0.680152170284617	0.247651647738054	0.280729333637713	0.275751975902347	0.215077016644604	0.660422381413529	0.537749920906695	0.488377042434058	0.393122516123798	0.503049408008372	0.28858654262721	0.495113449724706	0.629156673952169	0.139285172474714	0.221270854937888	0.183502937033979	0.496163456362176	0.404537013804619	0.508907325697999	0.156666071141101	0.16338151349637	0.524739865869513	0.0843796691165025	0.659062393187273	0.313360228123508	0.36656219590066	0.669556418187699	0.186264114545894	0.160572470024044	0.24486186435	0.389156759732777	0.554846460461172	0.325302679209532	0.397818204382762	0.699927611855217	0.298255569631194	0.296825362385456	0.307028712661205	0.499502867876591	0.511896635346604	0.438016332829679	0.360401070541995	0.300604361202342	0.307028712661205	0.337555431738796	0.283100472443226	0.306099274031299	0.476939878199437	0.614153634566279	0.321953349729778	0.202257036543765	0.44495987086304	0.267919103092156	0.483695415563388	0.324917398566655	0.38545946967103	0.196215944853172	0.322904262865022	0.324917398566655	0.395248843812231	0.545859309589521	0.398642286904923	0.254213368479913	0.581064052466148
"SRR13357925"	0.867682344450738	0.527381885493106	0.534491031247722	0.427759021060714	0.332766915110478	0.471019686098182	0.734416861922848	0.425471154465234	0.746076202603643	0.401419112302315	0.423564085939974	0.460450820963144	0.321219308373384	0.463607128721567	0.425778131630061	0.37976624193407	0.682658588361299	0.234440297643821	0.399539636187967	0.307621864873034	0.20690465483371	0.464997380199108	0.824769554832795	0.47384744632298	0.300762309747003	0.613682735359874	0.321219308373384	0.586621084282211	0.569003924699551	0.217512725343011	0.308169579883691	0.332167766455248	0.420154779996039	0.550705415723333	0.610422285380603	0.199664926485635	0.255681054786532	0.654643327834376	0.139963664346649	0.475314002937723	0.387302368115422	0.317436178557685	0.671082290561328	0.231635882901004	0.296223838145163	0.394196911906904	0.404391754830078	0.45164569565339	0.493525127806301	0.531018106264125	0.416877955046388	0.279836508045798	0.33781609692196	0.442644469593575	0.546132032628191	0.616580407768679	0.43088303079383	0.499579380535473	0.391625085582544	0.442644469593574	0.469260065288733	0.283100472443226	0.387532046207911	0.622195319085887	0.514078274364337	0.47960736502129	0.2980965224354	0.460276682837678	0.40623078868506	0.425754286292761	0.372642286812012	0.527937601987936	0.250658041634995	0.320331731211032	0.372642286812012	0.51599491452546	0.45299543110493	0.42008900356624	0.31375545691008	0.532755811229534
