"Model_1"	"Model_2"	"Model_3"	"Model_4"	"Model_5"	"Model_6"	"Model_7"	"Model_8"	"Model_9"	"Model_10"	"Model_11"	"Model_12"	"Model_13"	"Model_14"	"Model_15"	"Model_16"	"Model_17"	"Model_18"	"Model_19"	"Model_20"	"Model_21"	"Model_22"	"Model_23"	"Model_24"	"Model_25"	"Model_26"	"Model_27"	"Model_28"	"Model_29"	"Model_30"	"Model_31"	"Model_32"	"Model_33"	"Model_34"	"Model_35"	"Model_36"	"Model_37"	"Model_38"	"Model_39"	"Model_40"	"Model_41"	"Model_42"	"Model_43"	"Model_44"	"Model_45"	"Model_46"	"Model_47"	"Model_48"	"Model_49"	"Model_50"	"Model_51"	"Model_52"	"Model_53"	"Model_54"	"Model_55"	"Model_56"	"Model_57"	"Model_58"	"Model_59"	"Model_60"	"Model_61"	"Model_62"	"Model_63"	"Model_64"	"Model_65"	"Model_66"	"Model_67"	"Model_68"	"Model_69"	"Model_70"	"Model_71"	"Model_72"	"Model_73"	"Model_74"	"Model_75"	"Model_76"	"Model_77"	"Model_78"	"Model_79"	"Model_80"
"SRR13357893"	0.276216162695177	0.290985419706456	0.234019582646496	0.29001241001673	0.283770680840962	0.238928201194845	0.175985235088501	0.22784696040176	0.350693572237129	0.24444371027538	0.30687221263524	0.233879846016209	0.31801335674865	0.388110067597583	0.252080414941543	0.157494383059197	0.1874491206042	0.214594765802748	0.242813976829472	0.311088087030536	0.169682331868219	0.268589047203404	0.111857678942282	0.308466713741015	0.246134018886992	0.16347070693203	0.229759186068265	0.259540057296007	0.185662684824107	0.247745305327644	0.259093736854902	0.191269956129637	0.280021906543717	0.2013678746104	0.293245872022546	0.600778874058537	0.294127515643609	0.340781447535717	0.252257039535009	0.486117146621032	0.312402679975	0.392976306585429	0.335547288064532	0.191599007348308	0.147873989021368	0.257460426438774	0.255815421058395	0.220158223659196	0.182323845660377	0.277063042160834	0.475214458450078	0.249160673219115	0.228115334025168	0.186588165793618	0.41216487368419	0.167757528154194	0.351446280832633	0.327005017247326	0.161517336927967	0.178176287267464	0.221813479319468	0.155513182046713	0.291418007931664	0.119862358128385	0.154404130401098	0.137008238577854	0.516041402947503	0.214795788582432	0.3300843826028	0.299048101861928	0.12456623891454	0.223153158286816	0.228448196297911	0.488725600644297	0.30051779791645	0.332156026054703	0.146710283661226	0.213080666314458	0.20482135254141	0.209416650149472
"SRR13358121"	0.276216162695177	0.290985419706456	0.234019582646496	0.29001241001673	0.283770680840962	0.374518528674803	0.175985235088501	0.227838854311981	0.366184119618719	0.24444371027538	0.30687221263524	0.233879846016209	0.31801335674865	0.388110067597583	0.252080414941543	0.157494383059197	0.187244933209848	0.214594765802748	0.242813976829472	0.311088087030536	0.169682331868219	0.268589047203404	0.111857678942282	0.308379348299859	0.245759411054751	0.16347070693203	0.229759186068265	0.259540057296007	0.185662684824107	0.247745305327644	0.259093736854902	0.191269956129637	0.280021906543717	0.2013678746104	0.293245872022546	0.600778874058537	0.299792459641361	0.340781447535717	0.252257039535009	0.486117146621032	0.312402679975	0.392976306585429	0.335547288064532	0.191599007348308	0.147873989021368	0.257460426438774	0.255815421058395	0.220158223659196	0.182271584590451	0.276977189171441	0.475214458450078	0.249160673219115	0.228115334025168	0.186588165793618	0.41216487368419	0.167757528154194	0.351446280832633	0.327005017247326	0.161351535681965	0.178176287267464	0.221811352340673	0.155513182046713	0.291418007931664	0.119862358128385	0.154404130401098	0.137008238577854	0.516041402947503	0.214795788582432	0.3300843826028	0.299048101861928	0.124524466634882	0.251979984867125	0.228448196297911	0.510714963349377	0.30051779791645	0.332156026054703	0.146710283661226	0.213080666314458	0.20482135254141	0.209416650149472
"SRR13358010"	0.309246177720771	0.262829236688999	0.195702010481179	0.259072685696191	0.243499436792747	0.43018444777791	0.114742842677369	0.249146873626203	0.306668388353138	0.244735531482088	0.0972862040907929	0.217980865983565	0.398939757123621	0.269885438526466	0.16985202846102	0.15003624793205	0.174454858580782	0.0836694168622628	0.262977895410884	0.184055379537161	0.130775168916294	0.25487731670666	0.110250057260009	0.225398555299127	0.130474395912355	0.16347070693203	0.0888334554393507	0.286330175581493	0.110102361604574	0.214481755736122	0.244152926903983	0.13139575961769	0.224782243152477	0.227566303423503	0.318930954743377	0.466999093499128	0.188713202416321	0.15246904416588	0.206012590426333	0.381657502710288	0.508736313979717	0.232198074787845	0.257634461968155	0.182500067528201	0.132191904705668	0.217904989563709	0.254217727765226	0.213957790896228	0.0899210288091315	0.17280340064618	0.31719528901224	0.33645851776351	0.235219315934452	0.15164129275679	0.32467691099734	0.164132238735481	0.352761358869971	0.327005017247326	0.142126526299848	0.186358887326225	0.235437436704846	0.162524138133849	0.136589982593895	0.0705277004242941	0.153990160573786	0.152115733993523	0.496696317283646	0.194074509962687	0.43781107032703	0.422711237134182	0.110558925438099	0.176284739895625	0.196290301081949	0.269425565772938	0.236233302708415	0.216808886198187	0.141417110873878	0.174150251270668	0.198926870710573	0.150547242161805
"SRR13357899"	0.289283776635325	0.290985419706456	0.234019582646496	0.29001241001673	0.283770680840962	0.331639580662454	0.175985235088501	0.256635106519327	0.358126002017126	0.261132935035284	0.200466804733344	0.233879846016209	0.349684925568564	0.388110067597583	0.20011818193071	0.157494383059197	0.397057177638122	0.151309448930921	0.250824416678907	0.311088087030536	0.169682331868219	0.260784684960774	0.111857678942282	0.316263193085416	0.590598992078767	0.16347070693203	0.165165409995542	0.268074651197816	0.185662684824107	0.247745305327644	0.259093736854902	0.179754097742782	0.293458909772274	0.224021461179962	0.341947979104965	0.604754502367247	0.300540944076855	0.276576565365962	0.279712806905285	0.486117146621032	0.387844740004641	0.392976306585429	0.335547288064532	0.213557035372838	0.158757352523804	0.280299071998978	0.255815421058395	0.257363933377815	0.171249776563244	0.306713156848376	0.475214458450078	0.276022724667145	0.256240255890993	0.174357580648274	0.41216487368419	0.215122477986824	0.351976808258017	0.327005017247326	0.375047514505285	0.188947849682545	0.261882602616803	0.171615386245394	0.229312161211568	0.10274958415701	0.171232778658573	0.157270325999662	0.556492690072253	0.219893495521276	0.367272930725225	0.346648386570068	0.168334095004825	0.338458420292579	0.266646543577427	0.63368813131564	0.321580061791809	0.332156026054703	0.182365745945792	0.248921437559706	0.20482135254141	0.183885681843775
"SRR13357647"	0.276216162695177	0.244758363964791	0.131881961412715	0.277043717295273	0.262559508752263	0.119019865637305	0.0528864110300087	0.125419973864258	0.199128404707126	0.122373633043639	0.0609244777380892	0.192971466649331	0.31801335674865	0.0948437012683957	0.193511116520439	0.138121452718976	0.0500933246761434	0.0628807848926795	0.242813976829472	0.0642891898108998	0.0823746904566429	0.260743472263069	0.107585101211861	0.248263976123266	0.046398009231363	0.143672929055513	0.0645078865176233	0.252450580460221	0.0584941288042588	0.162430300789263	0.220309753389807	0.0493503960881424	0.0885860123114807	0.120571385446874	0.149955902082697	0.485103886519149	0.0596767101186972	0.0831005118670713	0.0504539034827658	0.348162255489677	0.312402679975	0.127706835864671	0.155671113182151	0.0773241808701467	0.0423166822636393	0.0816414536254241	0.251538613906355	0.0904810264458701	0.0649443264889229	0.0896661304996343	0.214078107939476	0.221633274042999	0.105972572551605	0.123138811031466	0.154918919990952	0.0237297084968824	0.351446280832633	0.326193941929258	0.0241336193409444	0.134736661242683	0.0691498589334575	0.0778024735439441	0.0740523836596397	0.0357226183522288	0.0484642711488231	0.0699155328053928	0.470145053368702	0.137266740111336	0.31403338882844	0.299048101861928	0.0578020630819316	0.0207600039186441	0.063132641696398	0.0899800391878306	0.0845675970432641	0.093440657575796	0.0238501267626629	0.0347899949362538	0.193759026636866	0.101933491287159
"SRR13358145"	0.175321670262323	0.125021569430644	0.0948459231199509	0.125172158069018	0.116404206401466	0.0250462407728035	0.0576520399875897	0.0335656266014207	0.090862046533859	0.0854960786449043	0.0250231979880193	0.124648248637725	0.0662981310827857	0.0532664496658016	0.105862704788172	0.103263619211118	0.0185659976501781	0.031856398843092	0.115443388275487	0.0701579441615397	0.0867099496432101	0.0880081496240317	0.094116056614286	0.0422547500479026	0.020719573443015	0.111945410995435	0.0341875565213338	0.110108930392069	0.0518081270719622	0.122547769312308	0.131380164553785	0.0498103187808977	0.0722410951431959	0.0438049984955242	0.035120484222093	0.0968919036422502	0.0337448377804821	0.0364020799383957	0.0334764990122397	0.0742147636852148	0.0265465435286398	0.0715349661770262	0.0931733425873797	0.0417601550833111	0.0240078915331064	0.0284255319083878	0.153946131611219	0.035406394152155	0.0509811302424388	0.0308163250889743	0.106979199579391	0.0428674038685727	0.0393559811989546	0.0620574546185824	0.0548080515418118	0.0273066161802845	0.137559630677238	0.135366022723907	0.0132434665438965	0.0790370077106987	0.0318706562598024	0.041074097221042	0.0291915846061975	0.0262532435717249	0.023824883157232	0.041987177484043	0.0696727555785984	0.110529093935407	0.0882121069579921	0.0344618217894863	0.0577560229066615	0.0083832841919749	0.0278998908677493	0.0555638856112682	0.0589753007010923	0.054758463791973	0.0270449130727037	0.0276331067582723	0.133089142003967	0.056601729551466
"SRR13357892"	0.229329840012667	0.198060524591384	0.160831172846803	0.193563820888176	0.181494249716617	0.150956093749859	0.0967548513099248	0.127665593929729	0.204414191995303	0.175945011905384	0.132110077806448	0.182368428708553	0.173181266813974	0.186423932563909	0.200674609115135	0.1299731449906	0.0971347994320509	0.108023812314014	0.179520636590867	0.14766452453785	0.118051763004831	0.17476182447216	0.103500712147726	0.157640048402266	0.098108016764842	0.16347070693203	0.113285340399541	0.186232596268893	0.0898973679094251	0.190084535885683	0.192746797520655	0.108911589749714	0.146673771767563	0.10429138382075	0.110507752249993	0.319350122489014	0.0992908382614343	0.14030878053503	0.101278825675811	0.257553591629149	0.120774127780403	0.162651874658791	0.220154663324489	0.0920876873888128	0.0685234391466544	0.0935283759526681	0.20734334900262	0.0927433565879479	0.115725056509514	0.115340838242915	0.249330634004139	0.130736206181267	0.104934582138945	0.121462373354168	0.200067152510274	0.0635845176763509	0.26867401712254	0.231173533217277	0.0496737723843839	0.123259065476135	0.0991046835490721	0.0952009991685101	0.123834389560527	0.0772410076846721	0.0678283948268438	0.077558988281564	0.227630908071665	0.155014494615313	0.203465446790166	0.129335394972449	0.0808412683129542	0.0680584409272885	0.0853421352237186	0.192008125038976	0.141480760826116	0.142023056247612	0.0603262291601062	0.0760975482602907	0.16923501203031	0.134914888278771
"SRR13357761"	0.145835789508353	0.170015539262799	0.118649084324429	0.186163335920629	0.181952926895392	0.0585125479198493	0.0725723967313037	0.0682128348925672	0.137335447952698	0.138914753626359	0.0438980602785614	0.157468980434953	0.109243055777776	0.120693922274002	0.117921391807571	0.116150371952717	0.0362012842496222	0.0486247803722039	0.146468052107071	0.103471585731997	0.0994307001993497	0.122754699564763	0.098841565725453	0.0719227088502001	0.0408588903743048	0.138086729742889	0.0522983205263639	0.131922175320141	0.0774995791999672	0.165475447825084	0.160435345763034	0.0612421450926173	0.0838665448899198	0.0671582856896999	0.0746165440425855	0.277057563478528	0.054344782724067	0.0741913427390713	0.0594960678648647	0.191439279459539	0.0603458556690794	0.13913325093547	0.176412197687349	0.0623817467711139	0.0365955524683424	0.0514018095069137	0.18056148796173	0.0717681226386321	0.0601982126771137	0.0467638628832472	0.241825130402697	0.0760720638559863	0.0662120872049276	0.0828315388591291	0.124885124429214	0.0397398370193927	0.222977708790719	0.181422648472739	0.0224096034371712	0.0822682485718189	0.05230335508713	0.0725760226385299	0.0506108977526735	0.0356735028125897	0.0373303959485581	0.0567560720844673	0.21313202009235	0.130172983600781	0.131598297526583	0.0706068566017028	0.0640163123690112	0.0179826989199734	0.0603530325991647	0.155722715907195	0.0801008758645728	0.0869315043302003	0.0380981555467691	0.0412685322941331	0.153095516955347	0.0739883983636082
"SRR13357693"	0.164192981386152	0.290985419706456	0.224491047970205	0.29001241001673	0.283770680840962	0.375671317648577	0.175985235088501	0.257290702567323	0.35942142632361	0.325290801138307	0.350715724429333	0.233879846016209	0.378485773155524	0.388110067597583	0.225827426686993	0.157494383059197	0.312694923305796	0.222586552726621	0.261106610122012	0.311088087030536	0.169682331868219	0.258472943088342	0.111857678942282	0.387718909551931	0.395876504922114	0.150982490171785	0.229759186068265	0.254512892407538	0.177992613410145	0.247745305327644	0.259093736854902	0.254869030540529	0.261055506366522	0.273931422000699	0.407902223301041	0.479021975407581	0.305681895492842	0.42873296881112	0.337148472368203	0.414569709753131	0.490070373783204	0.390779243573118	0.335547288064532	0.243577936464698	0.213037550384759	0.310594523589855	0.255815421058395	0.294684499236757	0.237009829513182	0.359495300841178	0.461169787881663	0.378909858461006	0.294543798519743	0.19945595720778	0.41216487368419	0.287144023901321	0.352642071158215	0.327005017247326	0.400308761360466	0.143681443767162	0.295835803701209	0.193621488960725	0.338974540477985	0.108017321199444	0.254192221041169	0.186018544920445	0.546717653445988	0.226402682751742	0.439712050236598	0.410810939504894	0.173244559057239	0.309044884660853	0.297407181917461	0.610744730061754	0.274326287251072	0.332156026054703	0.250910150078714	0.266296543345637	0.20482135254141	0.231038218315973
"SRR13357682"	0.276216162695177	0.274338159125077	0.198075338484796	0.285462289398187	0.276278646522349	0.252557116923962	0.118130437270537	0.199366128275069	0.30047172227195	0.199385396123852	0.22218975942834	0.219004800683218	0.31801335674865	0.276958194599988	0.252080414941543	0.150518940222302	0.159135733787377	0.163940891642485	0.242813976829472	0.193278803145851	0.133087783317935	0.268589047203404	0.110355436692922	0.311984424088945	0.189655950357397	0.16347070693203	0.171446362333804	0.259540057296007	0.126692692913964	0.21657151736568	0.245119922968571	0.133536631171933	0.196672469190003	0.171587252434717	0.235579186534759	0.597329015978124	0.185756172370315	0.249376660794256	0.156444608844857	0.471575353641478	0.312402679975	0.278536108861456	0.2623933194735	0.14171069033155	0.103833659954564	0.177631596891104	0.254322876100293	0.169650104610773	0.147742892612447	0.211577318197136	0.384847070001035	0.249160673219115	0.177022079258694	0.168643974169543	0.330156084802428	0.0880899956626223	0.351446280832633	0.327005017247326	0.09755246554466	0.161943913766798	0.158644947420339	0.128355189924373	0.212398502219592	0.0934029922443851	0.109994971804853	0.109064675207935	0.516041402947503	0.184719177666155	0.3300843826028	0.299048101861928	0.0969662232004756	0.128934943030602	0.158081850777339	0.326618201490958	0.201123139520223	0.223440898162865	0.0811656023384081	0.118400831682896	0.200922381690858	0.181288894468228
"SRR13357671"	0.276216162695177	0.290985419706456	0.234019582646496	0.29001241001673	0.283770680840962	0.260764619536515	0.175985235088501	0.228901029782871	0.35346803730696	0.24444371027538	0.30687221263524	0.233879846016209	0.31801335674865	0.388110067597583	0.252080414941543	0.157494383059197	0.215419595093267	0.214594765802748	0.242813976829472	0.311088087030536	0.169682331868219	0.268589047203404	0.111857678942282	0.319923484877933	0.297943522698903	0.16347070693203	0.229759186068265	0.259540057296007	0.185662684824107	0.247745305327644	0.259093736854902	0.191269956129637	0.280021906543717	0.2013678746104	0.293245872022546	0.600778874058537	0.295145591250412	0.340781447535717	0.252257039535009	0.486117146621032	0.312402679975	0.392976306585429	0.335547288064532	0.191599007348308	0.147873989021368	0.257460426438774	0.255815421058395	0.220158223659196	0.189207545073239	0.288346735408251	0.475214458450078	0.249160673219115	0.228115334025168	0.186588165793618	0.41216487368419	0.167757528154194	0.351446280832633	0.327005017247326	0.184225094925922	0.178176287267464	0.222089730371061	0.155513182046713	0.291418007931664	0.119862358128385	0.154404130401098	0.137008238577854	0.516041402947503	0.214795788582432	0.3300843826028	0.299048101861928	0.130091993665797	0.23994367384365	0.228448196297911	0.517006515393529	0.30051779791645	0.332156026054703	0.146710283661226	0.213080666314458	0.20482135254141	0.209416650149472
"SRR13357660"	0.276216162695177	0.290985419706456	0.234019582646496	0.29001241001673	0.283770680840962	0.283172442977411	0.175985235088501	0.232990932274688	0.356172313994528	0.23099881732699	0.203508945272642	0.233879846016209	0.31801335674865	0.388110067597583	0.20255251651514	0.157494383059197	0.349264601626299	0.158143267698827	0.242813976829472	0.311088087030536	0.169682331868219	0.262047681401626	0.111857678942282	0.307726194941076	0.538030881142776	0.16347070693203	0.174609335025058	0.253629503808737	0.185662684824107	0.247745305327644	0.259093736854902	0.157246909059179	0.270797988431039	0.195578392823141	0.293245872022546	0.600778874058537	0.296136389118819	0.259077653604555	0.245760292132464	0.486117146621032	0.312402679975	0.392976306585429	0.335547288064532	0.191599007348308	0.134360768542806	0.257460426438774	0.255815421058395	0.220158223659196	0.164640285594306	0.281404973960116	0.475214458450078	0.229152353355974	0.228115334025168	0.171456694530436	0.41216487368419	0.167757528154194	0.351446280832633	0.327005017247326	0.284308535576755	0.178176287267464	0.223155535957673	0.155513182046713	0.224200264599128	0.103111683359531	0.13837065495821	0.137008238577854	0.516041402947503	0.214795788582432	0.316693398652381	0.299048101861928	0.153336184829952	0.294707832008292	0.228448196297911	0.612440392684648	0.30051779791645	0.332156026054703	0.143003658593503	0.213080666314458	0.20482135254141	0.174493328654472
"SRR13358098"	0.276216162695177	0.290985419706456	0.234019582646496	0.29001241001673	0.283770680840962	0.374518528674803	0.175985235088501	0.228012231597056	0.366184119618719	0.223888455927921	0.159188377198	0.233879846016209	0.31801335674865	0.388110067597583	0.178774808906596	0.157494383059197	0.191648447222751	0.132800955188208	0.242813976829472	0.311088087030536	0.169682331868219	0.258524154653946	0.111857678942282	0.230972604842269	0.253853181732144	0.16347070693203	0.149224628769558	0.250444062387089	0.185662684824107	0.247745305327644	0.259093736854902	0.140863170442802	0.265849275620427	0.192474772448955	0.293245872022546	0.600778874058537	0.299792459641361	0.220292595902827	0.242265379432346	0.486117146621032	0.312402679975	0.392976306585429	0.335547288064532	0.191599007348308	0.127440805211194	0.257460426438774	0.255815421058395	0.220158223659196	0.1165657703556	0.208487289956852	0.475214458450078	0.218728071279219	0.228115334025168	0.163623799278421	0.41216487368419	0.167757528154194	0.351446280832633	0.327005017247326	0.155098377391128	0.178176287267464	0.221856836828114	0.155513182046713	0.192512165709379	0.0948772271160898	0.130230825451042	0.137008238577854	0.516041402947503	0.214795788582432	0.309515295779855	0.299048101861928	0.125420307756233	0.254020352015178	0.228448196297911	0.514712405991081	0.30051779791645	0.332156026054703	0.141015440507705	0.213080666314458	0.20482135254141	0.157470549610853
"SRR13358087"	0.276216162695177	0.290985419706456	0.234019582646496	0.29001241001673	0.283770680840962	0.328549495285475	0.175985235088501	0.227577767444245	0.358836148633621	0.232663265826995	0.214961857547176	0.233879846016209	0.31801335674865	0.270041089694256	0.208367963271219	0.157494383059197	0.11017509777724	0.16452713951273	0.242813976829472	0.291598609363432	0.169682331868219	0.515973008059424	0.111857678942282	0.259350850106368	0.233895441242389	0.16347070693203	0.180934780515247	0.254368988450346	0.185662684824107	0.240343264851938	0.259093736854902	0.161244373459247	0.271949116014981	0.19630055084946	0.293245872022546	0.600778874058537	0.299792459641361	0.268640770432259	0.222829402557304	0.486117146621032	0.313027737490005	0.392976306585429	0.335547288064532	0.191599007348308	0.136003427405771	0.257460426438774	0.255815421058395	0.220158223659196	0.140259266715604	0.233194370723656	0.432302098727313	0.22592531913273	0.228115334025168	0.173307465182774	0.305403175285118	0.167757528154194	0.351446280832633	0.325756826872996	0.150710135378665	0.178176287267464	0.220104015198687	0.129675612964512	0.232024345816443	0.105101315620392	0.140310270955135	0.137008238577854	0.516041402947503	0.214795788582432	0.318363867772909	0.299048101861928	0.123184893465817	0.23649761902566	0.228448196297911	0.455194677270806	0.30051779791645	0.332156026054703	0.143466154824052	0.213080666314458	0.20482135254141	0.178625218081127
"SRR13358076"	0.290463557846972	0.274872799220657	0.199181452648068	0.285610324846409	0.276521572044438	0.343388590252809	0.119727951514583	0.227560250964127	0.306239296067589	0.221454095818593	0.161191561075223	0.219480030199708	0.352572211287197	0.195559743679708	0.213354833062617	0.150742848341783	0.220231865117584	0.125516019644802	0.251545277265015	0.184064608973895	0.134170146385764	0.753355186996782	0.110404254887835	0.325823243601143	0.452613351251881	0.16347070693203	0.132352704172623	0.271157661372709	0.128336530597426	0.211634420366996	0.245568495455898	0.135968828604143	0.21365768511398	0.196744004741334	0.284491407852263	0.601782664891359	0.194695057140777	0.219634287532992	0.165957421403318	0.472050005618382	0.396253838755254	0.281943834807531	0.264615647155758	0.162301481128288	0.118312603654692	0.19933752328501	0.254371567132734	0.205172132086949	0.146760283787914	0.243947329376153	0.338706991192322	0.281228090104099	0.204362230170255	0.162155503296984	0.256872669911355	0.121475795567653	0.352024008739428	0.325914087741045	0.236349052365991	0.173390116299948	0.193565839799083	0.122911732896832	0.180133045967386	0.0840801640030418	0.130697183798454	0.128333935604876	0.560062128215805	0.1906329355847	0.376095037653342	0.351053005555579	0.129205831564231	0.200694739177968	0.192472131923983	0.413724877585523	0.221876474822399	0.226559906628268	0.108117060648255	0.146203992925881	0.201048931456057	0.169044438560546
"SRR13358065"	0.276216162695177	0.290985419706456	0.234019582646496	0.29001241001673	0.283770680840962	0.374518528674803	0.175985235088501	0.233158583926571	0.208080907856018	0.226444403976115	0.174256396625893	0.233879846016209	0.31801335674865	0.388110067597583	0.187120801875801	0.157494383059197	0.355494617492929	0.141552593816603	0.242813976829472	0.311088087030536	0.169682331868219	0.803386420680402	0.111857678942282	0.290416837089954	0.548233312519133	0.16347070693203	0.15804359833288	0.251594160245825	0.185662684824107	0.247745305327644	0.259093736854902	0.108061211689431	0.219941127520398	0.193593980492775	0.293245872022546	0.600778874058537	0.299792459641361	0.233834898116122	0.243526678667964	0.486117146621032	0.313804745173153	0.392976306585429	0.335547288064532	0.191599007348308	0.129910096500231	0.257460426438774	0.255815421058395	0.220158223659196	0.149733234167856	0.265969752615233	0.453597381230317	0.222461945995386	0.228115334025168	0.137044612908108	0.433007948690118	0.167757528154194	0.351446280832633	0.327005017247326	0.286033925610173	0.178176287267464	0.223199022437639	0.155513182046713	0.203572856170406	0.0977879615368799	0.133129491113897	0.137008238577854	0.516041402947503	0.214795788582432	0.312103530425054	0.299048101861928	0.154351370536049	0.318773646599696	0.228448196297911	0.629473763108037	0.30051779791645	0.332156026054703	0.141732525746419	0.213080666314458	0.20482135254141	0.130708238174017
"SRR13358021"	0.310961668272304	0.290985419706456	0.222052789197641	0.29001241001673	0.283770680840962	0.361875790122213	0.175985235088501	0.256010782411309	0.192580792881294	0.31680791548228	0.208978246568815	0.233879846016209	0.403198684663283	0.388110067597583	0.203048838560498	0.157494383059197	0.2191132676165	0.147814601950558	0.264018474624924	0.311088087030536	0.169682331868219	0.259737055482195	0.111857678942282	0.283199309522908	0.234489693957463	0.147858544323905	0.157625263683823	0.293236220772817	0.185662684824107	0.247745305327644	0.259093736854902	0.168415436735832	0.275150292628093	0.27653136549477	0.426998891146397	0.529726023508778	0.305603828521248	0.318683904582535	0.340834659276001	0.408426737312318	0.519071896713829	0.392976306585429	0.335547288064532	0.25243124498639	0.198776337314615	0.319346190138046	0.255815421058395	0.305887496200348	0.158102733034063	0.29826169017419	0.474499941386463	0.366062168300092	0.305787226407086	0.146619619288302	0.41216487368419	0.309585574344859	0.352827463695566	0.327005017247326	0.30928390440129	0.207231759654752	0.3053330362244	0.200119841371075	0.247400143179191	0.0848217844786697	0.23976262834933	0.194714001821223	0.585264903691059	0.228239716190863	0.456564828739604	0.429344923913469	0.159345804431577	0.264097892700732	0.306729405678578	0.546150026900974	0.356858861038855	0.332156026054703	0.262875846990566	0.314181599254494	0.20482135254141	0.156987238797621
"SRR13358009"	0.322449964328305	0.27961010847269	0.234019582646496	0.26221187694377	0.249114291740902	0.437938742705189	0.175985235088501	0.315855279775936	0.360431685140799	0.372406949833879	0.374640421320405	0.233879846016209	0.431738102830633	0.388110067597583	0.278779476419285	0.157494383059197	0.413678026507026	0.226830033685775	0.27097452228675	0.307583530624425	0.169682331868219	0.268589047203404	0.111857678942282	0.408757241926069	0.461493345184866	0.16347070693203	0.229759186068265	0.316272303901619	0.166182391156175	0.247745305327644	0.259093736854902	0.324656881203054	0.37051220616471	0.317566385771564	0.441863835544488	0.466735490534896	0.310461878299359	0.433470149099087	0.386442249898402	0.391542200014461	0.58668486879181	0.342014510322789	0.335547288064532	0.272090872010573	0.26749995429164	0.340510234723336	0.255815421058395	0.316073610922965	0.26898931981418	0.43977914128354	0.411236240617078	0.452416839556632	0.333249027172143	0.208488675493386	0.41216487368419	0.366118956937352	0.353265291651244	0.327005017247326	0.510966392834969	0.217130756884882	0.371010700007593	0.216104172115291	0.365166401162854	0.130782063860807	0.320495314248339	0.216452073222669	0.528425124133275	0.232617881446652	0.526010724403635	0.473798754463021	0.190034844827595	0.4097307961681	0.323137848592372	0.557470485077478	0.375655736633862	0.332156026054703	0.321560129348058	0.351111421393723	0.202973264595185	0.277089189257271
"SRR13357998"	0.316445839496571	0.280411084458632	0.210831639053649	0.287136124634773	0.279028665697726	0.445598581712482	0.137270774284539	0.283336436303899	0.328127339458876	0.318015122589474	0.304344910933567	0.224412638245166	0.416822697648574	0.278238353760201	0.275346109945237	0.153062559634401	0.331292027449033	0.190843017001466	0.267341654261973	0.226907828929902	0.145743010300254	0.268589047203404	0.110907641643923	0.405680030999313	0.504530867240852	0.16347070693203	0.191473139752936	0.308816322810034	0.146324811660041	0.225389139582784	0.250215912133866	0.251347599777837	0.2944351591342	0.275732026103028	0.403038662140634	0.610499991446616	0.234903378402395	0.391057417059595	0.27647047083663	0.476936452004629	0.551755763758788	0.318426763366068	0.288168887857325	0.220968036648372	0.204999488133617	0.267081191249963	0.254872902741999	0.298537463726024	0.232518622722417	0.372042327409893	0.40587430139677	0.424638044474117	0.276933816392208	0.193264914111847	0.321763037351662	0.241445611426208	0.353037502812902	0.326588722960518	0.420865492482663	0.200063564948443	0.292797783720818	0.174987773785974	0.297069843018795	0.110798069560249	0.246657406424733	0.179490471075019	0.634599039237796	0.209930614392177	0.500641174301046	0.450576647166986	0.159715682402073	0.302311307133196	0.291335452725648	0.507889605957717	0.291641820379319	0.260417318186631	0.215224075577008	0.241724286817878	0.202354458270419	0.246336408390538
"SRR13357987"	0.276216162695177	0.290985419706456	0.234019582646496	0.29001241001673	0.283770680840962	0.306885826797815	0.175985235088501	0.233336241340229	0.358905993511848	0.233989621106113	0.224375504661784	0.233879846016209	0.31801335674865	0.388110067597583	0.213068262081371	0.157494383059197	0.362146823405311	0.169737457101182	0.242813976829472	0.311088087030536	0.169682331868219	0.2635160725927	0.111857678942282	0.324191841191872	0.558994860719217	0.16347070693203	0.186078739240558	0.254956638432813	0.185662684824107	0.247745305327644	0.259093736854902	0.164473674315648	0.272864494349907	0.196874878082675	0.293245872022546	0.600778874058537	0.297136495046798	0.276384236017038	0.247217710668202	0.486117146621032	0.312402679975	0.392976306585429	0.335547288064532	0.191599007348308	0.137318573712804	0.257460426438774	0.255815421058395	0.220158223659196	0.177748735570391	0.296618736264979	0.475214458450078	0.233570775501726	0.228115334025168	0.174786903962401	0.41216487368419	0.167757528154194	0.351446280832633	0.327005017247326	0.297096638485949	0.178176287267464	0.223245087115002	0.155513182046713	0.23836545244055	0.106703738242826	0.141865127109506	0.137008238577854	0.516041402947503	0.214795788582432	0.319692400965434	0.299048101861928	0.155432574614064	0.305077510990808	0.228448196297911	0.623544022336694	0.30051779791645	0.332156026054703	0.143833942855199	0.213080666314458	0.20482135254141	0.181957249589567
"SRR13357943"	0.276216162695177	0.290985419706456	0.234019582646496	0.29001241001673	0.283770680840962	0.374518528674803	0.175985235088501	0.231481938305639	0.366184119618719	0.227693486122418	0.181972985053057	0.233879846016209	0.31801335674865	0.388110067597583	0.191282169471369	0.157494383059197	0.295542606723528	0.145975199823791	0.242813976829472	0.311088087030536	0.169682331868219	0.260415548704409	0.111857678942282	0.278509453200456	0.445566673964127	0.16347070693203	0.162478377843337	0.252154131447792	0.185662684824107	0.247745305327644	0.259093736854902	0.149490756082544	0.268503908490055	0.194139464127513	0.293245872022546	0.600778874058537	0.299792459641361	0.240618945601971	0.244141011485064	0.486117146621032	0.312402679975	0.392976306585429	0.335547288064532	0.191599007348308	0.131124279138897	0.257460426438774	0.255815421058395	0.220158223659196	0.144893986367442	0.25373007112141	0.455460411339247	0.224292176180381	0.228115334025168	0.167800593555825	0.41216487368419	0.167757528154194	0.351446280832633	0.327005017247326	0.238652360133166	0.178176287267464	0.222763412207979	0.155513182046713	0.209114217349175	0.099230513793545	0.134557243082561	0.137008238577854	0.516041402947503	0.214795788582432	0.313365129948021	0.299048101861928	0.144421601686442	0.296832047485367	0.228448196297911	0.593218678558016	0.30051779791645	0.332156026054703	0.142081976832481	0.213080666314458	0.20482135254141	0.166452741915095
"SRR13357932"	0.276216162695177	0.290985419706456	0.234019582646496	0.29001241001673	0.283770680840962	0.374518528674803	0.175985235088501	0.233259734594484	0.226811674835284	0.230192886035562	0.198109087655358	0.233879846016209	0.31801335674865	0.388110067597583	0.199770178165726	0.157494383059197	0.359275884115467	0.155113970944023	0.242813976829472	0.311088087030536	0.169682331868219	0.548840229895682	0.111857678942282	0.307165830401056	0.554367374030579	0.16347070693203	0.171598609876821	0.210810445182912	0.185662684824107	0.247745305327644	0.259093736854902	0.119717484468813	0.228551795164747	0.195228140667664	0.293245872022546	0.600778874058537	0.299792459641361	0.254510589105079	0.24536630879709	0.486117146621032	0.313302556654443	0.392976306585429	0.335547288064532	0.191599007348308	0.133568483070099	0.257460426438774	0.255815421058395	0.220158223659196	0.163320775603606	0.28116010678451	0.453533771454402	0.227965060862613	0.228115334025168	0.139847587595792	0.425516954768084	0.167757528154194	0.351446280832633	0.327005017247326	0.291911341901944	0.178176287267464	0.223225251892046	0.155513182046713	0.220466019955716	0.102020081143582	0.137436128743002	0.137008238577854	0.516041402947503	0.214795788582432	0.242788332936753	0.299048101861928	0.154966277272503	0.320121167841787	0.228448196297911	0.631613739432777	0.30051779791645	0.332156026054703	0.142779327821412	0.213080666314458	0.20482135254141	0.14265872004857
"SRR13357921"	0.276216162695177	0.290985419706456	0.234019582646496	0.29001241001673	0.283770680840962	0.374518528674803	0.175985235088501	0.23238819328596	0.305959621668448	0.216227772644278	0.119735390623282	0.233879846016209	0.31801335674865	0.388110067597583	0.155143449895827	0.157494383059197	0.327274984394569	0.108924367518779	0.242813976829472	0.311088087030536	0.169682331868219	0.649362744564804	0.111857678942282	0.242226823109897	0.501105892291656	0.16347070693203	0.124838041004665	0.246961459630775	0.185662684824107	0.247745305327644	0.259093736854902	0.111981155443072	0.243679294998079	0.189095057892234	0.293245872022546	0.600778874058537	0.299792459641361	0.182556592151194	0.238449786394527	0.486117146621032	0.313367675857867	0.392976306585429	0.335547288064532	0.191599007348308	0.12016321580905	0.257460426438774	0.255815421058395	0.220158223659196	0.114612628157442	0.222062950396785	0.475214458450078	0.207630939629223	0.228115334025168	0.145289899214709	0.426486834060602	0.167757528154194	0.351446280832633	0.327005017247326	0.255934651441194	0.178176287267464	0.222999063673134	0.155513182046713	0.161649364317251	0.0864816048462997	0.12172826769521	0.137008238577854	0.516041402947503	0.214795788582432	0.301702909319922	0.299048101861928	0.149727407679458	0.308597759956248	0.228448196297911	0.612991596831347	0.30051779791645	0.332156026054703	0.138849230972914	0.213080666314458	0.20482135254141	0.129783728556624
"SRR13357910"	0.31586914250534	0.278901734354758	0.207622147197896	0.286721667659069	0.278347071701331	0.457995243369488	0.132307890035191	0.272702453932272	0.325450711515243	0.292344790833884	0.177066175848338	0.223066591386859	0.415389734061832	0.305862730591252	0.212146163720057	0.152430305747606	0.186405683245658	0.126795246172754	0.266992431986501	0.222212338919255	0.142523620024181	0.260676964602459	0.110770865829129	0.271507152234173	0.192685065231401	0.16347070693203	0.131224736007464	0.30015632256768	0.141247259145143	0.224935360063987	0.248949215555573	0.193672966037968	0.273451287933839	0.262082344173016	0.394300872182505	0.610024845024109	0.224911407306661	0.276132820276926	0.264603798213233	0.475610198328111	0.548349324551137	0.308279752323552	0.281656256468427	0.214392722903388	0.177066285279762	0.25779258794821	0.254736817441365	0.290643291998629	0.131951824327456	0.238042400473053	0.409430131795705	0.392337685224616	0.26991483426392	0.172699059864244	0.352151995967516	0.227127554273396	0.353015506343008	0.327005017247326	0.213723468532509	0.197915665133614	0.282171933167839	0.181628484017789	0.208936445058013	0.0899292013837565	0.2109532391885	0.175055262510608	0.633035552359947	0.20688959369087	0.479661042592936	0.448343577097267	0.123644929951361	0.224598996022098	0.281109408816147	0.37922780684115	0.280848669582773	0.250915903826356	0.197342403916619	0.228713307866514	0.20199962188489	0.195844533142188
"SRR13357862"	0.276216162695177	0.290985419706456	0.234019582646496	0.29001241001673	0.283770680840962	0.263382996213029	0.175985235088501	0.227663201301095	0.353790940825664	0.24444371027538	0.30687221263524	0.233879846016209	0.31801335674865	0.388110067597583	0.252080414941543	0.157494383059197	0.182861105149177	0.214594765802748	0.242813976829472	0.311088087030536	0.169682331868219	0.268589047203404	0.111857678942282	0.306489041749103	0.237734403507388	0.16347070693203	0.229759186068265	0.259540057296007	0.185662684824107	0.247745305327644	0.259093736854902	0.191269956129637	0.280021906543717	0.2013678746104	0.293245872022546	0.600778874058537	0.295263975016705	0.340781447535717	0.252257039535009	0.486117146621032	0.312402679975	0.392976306585429	0.335547288064532	0.191599007348308	0.147873989021368	0.257460426438774	0.255815421058395	0.220158223659196	0.181141663278587	0.27512032785459	0.475214458450078	0.249160673219115	0.228115334025168	0.186588165793618	0.41216487368419	0.167757528154194	0.351446280832633	0.327005017247326	0.157791428019816	0.178176287267464	0.221765252746565	0.155513182046713	0.291418007931664	0.119862358128385	0.154404130401098	0.137008238577854	0.516041402947503	0.214795788582432	0.3300843826028	0.299048101861928	0.123621983919844	0.226771486631244	0.228448196297911	0.488952957462055	0.30051779791645	0.332156026054703	0.146710283661226	0.213080666314458	0.20482135254141	0.209416650149472
"SRR13357851"	0.276216162695177	0.290985419706456	0.234019582646496	0.29001241001673	0.283770680840962	0.374518528674803	0.175985235088501	0.227501831332896	0.366184119618719	0.224606795373729	0.163325358298865	0.233879846016209	0.31801335674865	0.388110067597583	0.18109732957223	0.157494383059197	0.178902288075429	0.135220265207966	0.242813976829472	0.311088087030536	0.169682331868219	0.25888227197537	0.111857678942282	0.228979648287466	0.230518744667679	0.16347070693203	0.151668474474492	0.250767875808027	0.185662684824107	0.247745305327644	0.259093736854902	0.14246722327546	0.266351582547391	0.1927897342157	0.293245872022546	0.600778874058537	0.299792459641361	0.224051865321668	0.242620440570724	0.486117146621032	0.312402679975	0.392976306585429	0.335547288064532	0.191599007348308	0.128132717948986	0.257460426438774	0.255815421058395	0.220158223659196	0.116264268282697	0.206320526657572	0.475214458450078	0.219775919330522	0.228115334025168	0.164409676474803	0.41216487368419	0.167757528154194	0.351446280832633	0.327005017247326	0.145583984008505	0.178176287267464	0.221722885624067	0.155513182046713	0.195582670213763	0.0956897090137455	0.131042372555653	0.137008238577854	0.516041402947503	0.214795788582432	0.310243620441754	0.299048101861928	0.122797413568235	0.248041890128468	0.228448196297911	0.50293484646584	0.30051779791645	0.332156026054703	0.141217251600352	0.213080666314458	0.20482135254141	0.159143675063427
"SRR13357840"	0.276216162695177	0.290985419706456	0.234019582646496	0.29001241001673	0.283770680840962	0.374518528674803	0.175985235088501	0.227962075350659	0.366184119618719	0.220889522535241	0.142736983123248	0.233879846016209	0.31801335674865	0.388110067597583	0.169275224295472	0.157494383059197	0.190366734601689	0.123038113648565	0.242813976829472	0.311088087030536	0.169682331868219	0.257023699505873	0.111857678942282	0.219868013885546	0.251494216135099	0.16347070693203	0.139314238006537	0.249087188831508	0.185662684824107	0.247745305327644	0.259093736854902	0.134290908836109	0.263746350460206	0.191156310094568	0.293245872022546	0.600778874058537	0.299792459641361	0.20500164799908	0.24077809522445	0.486117146621032	0.312402679975	0.392976306585429	0.335547288064532	0.191599007348308	0.124569746221362	0.257460426438774	0.255815421058395	0.220158223659196	0.108326261259706	0.198651032021288	0.475214458450078	0.21436677238768	0.228115334025168	0.160356325741269	0.41216487368419	0.167757528154194	0.351446280832633	0.327005017247326	0.152671963802703	0.178176287267464	0.221843680459828	0.155513182046713	0.180018277678044	0.0915321356442988	0.126869125794034	0.137008238577854	0.516041402947503	0.214795788582432	0.306466895945065	0.299048101861928	0.125160633642744	0.253429089135432	0.228448196297911	0.513556378528907	0.30051779791645	0.332156026054703	0.140170527134752	0.213080666314458	0.20482135254141	0.150599769376938
"SRR13357829"	0.276216162695177	0.279071060953042	0.234019582646496	0.260921698920872	0.247524137014345	0.374518528674803	0.175985235088501	0.226844979141135	0.366184119618719	0.237549882326581	0.250870118205351	0.233879846016209	0.31801335674865	0.388110067597583	0.225969462758127	0.157494383059197	0.185876852833011	0.184262497530529	0.242813976829472	0.307415888326643	0.169682331868219	0.265253931965628	0.111857678942282	0.280254748057679	0.175010708074504	0.16347070693203	0.200335805463783	0.256527054012072	0.165289959181913	0.247745305327644	0.259093736854902	0.173333112656914	0.27531331365511	0.198411624599525	0.266869538117283	0.445497903085622	0.299792459641361	0.260859575927709	0.248943302077141	0.38714585032228	0.312402679975	0.339647659730383	0.335547288064532	0.189912268594141	0.140875644654944	0.257460426438774	0.255815421058395	0.184774817026173	0.15733688764091	0.251900356602459	0.408222628839715	0.236252274213661	0.228115334025168	0.178778119565856	0.41216487368419	0.167757528154194	0.351446280832633	0.327005017247326	0.139182734438784	0.178176287267464	0.221797055430384	0.155513182046713	0.255838473755512	0.111079521854569	0.146079037356348	0.137008238577854	0.38506276247569	0.214795788582432	0.323247162353351	0.299048101861928	0.124243990277151	0.25134083456124	0.189407687805219	0.435325952391571	0.30051779791645	0.332156026054703	0.144817912554892	0.213080666314458	0.202884882311268	0.191072460464781
"SRR13357784"	0.0637888633669454	0.24849282185752	0.195209071840022	0.225120756319505	0.202617062617337	0.353972908664394	0.114046112155706	0.250831256162188	0.298924334441987	0.26311296065311	0.191333780562278	0.217767456104089	0.367985025322918	0.173319676142459	0.151412969128036	0.149935599865505	0.208451454635971	0.135102730648241	0.262667756941311	0.165706572680774	0.130296515712583	0.241352174106568	0.110228060151691	0.353079907738013	0.22418040758847	0.16347070693203	0.13756111125201	0.204817652629273	0.0835640565338191	0.207123859211907	0.243951298435817	0.143573596363284	0.115182765418044	0.235242859311893	0.281425056637328	0.175528054886065	0.187239118654899	0.198761327582581	0.189738822451981	0.252044314660386	0.505648921895974	0.17995095071553	0.256647730886235	0.178911680193953	0.150055331464411	0.215986177989606	0.25419577140709	0.169096580044621	0.151108720774749	0.212000166155646	0.189897769952649	0.358587553696975	0.233356985026782	0.171373538597399	0.220710594927416	0.161101196706266	0.35274162529759	0.325709438741688	0.23600621887514	0.0794369752429013	0.232535451580401	0.133875420595097	0.207055845809335	0.0879842022186694	0.17745231489053	0.150851106018187	0.269754861287561	0.193466568313186	0.418393957384279	0.420736121475885	0.135153164707236	0.211382757013009	0.151329729196493	0.243886243087195	0.119528850085205	0.215441919340676	0.144173946542939	0.124389693350876	0.196470789879296	0.168778533741538
"SRR13357774"	0.316480799610047	0.262753334904391	0.234019582646496	0.223165185954838	0.201852235576109	0.481613629698365	0.175985235088501	0.303398233334132	0.366184119618719	0.354952317072765	0.365871076905756	0.233879846016209	0.416909566032363	0.388110067597583	0.275366124904631	0.157494383059197	0.421099266120675	0.225281916798237	0.267362822883819	0.302267655467488	0.169682331868219	0.268589047203404	0.111857678942282	0.408101005528508	0.337454788842649	0.16347070693203	0.229759186068265	0.30885967033365	0.139606459797775	0.247745305327644	0.259093736854902	0.305621824633434	0.358576241350426	0.301284536430983	0.372745270083944	0.258076094640934	0.310999897989147	0.35310946801848	0.368202465337066	0.263092753391694	0.551962006502193	0.270917835009954	0.335547288064532	0.25770293107165	0.249763113557253	0.329478988839758	0.255815421058395	0.235123611639863	0.26546918742044	0.431179614852236	0.319548581641333	0.418963704527482	0.318890429270025	0.205665093725059	0.41216487368419	0.336300738797893	0.353038835594329	0.327005017247326	0.441517760896534	0.211969293420562	0.350516352282887	0.20772471930398	0.355549335482857	0.129379359568983	0.295354949679229	0.204997159095461	0.32472207253934	0.230346411432574	0.500789769143389	0.450712013326556	0.187925517341635	0.415943269677151	0.236431112397203	0.46524280378436	0.365883932410232	0.332156026054703	0.294688230373787	0.33175553219308	0.200171550092837	0.267979205058437
"SRR13357773"	0.292358213679786	0.263251799281239	0.234019582646496	0.224279293973063	0.203173583247009	0.346594553404052	0.175985235088501	0.259185597964299	0.358100404176897	0.249155698896692	0.172770899279965	0.233879846016209	0.230731624300945	0.346812983471638	0.190686815532205	0.157494383059197	0.339426149950374	0.140482955056665	0.252702188491618	0.296023744464257	0.169682331868219	0.259203988357826	0.111857678942282	0.300266390258629	0.325931505751511	0.16347070693203	0.153889942709363	0.270266997697372	0.140352690374223	0.245287282834701	0.259093736854902	0.168516852391456	0.296925031143297	0.229715774673894	0.271589208422444	0.257738985544288	0.302278776762326	0.170604140262199	0.248100945122488	0.263661517182905	0.406256771731086	0.272920920918384	0.335547288064532	0.183954627904142	0.147116985851363	0.208395471927376	0.255815421058395	0.15370358927453	0.151222579730861	0.295163714653944	0.311774186572408	0.274210212368157	0.24949211263062	0.172083309242495	0.359518655700732	0.157622976929446	0.352099579659568	0.32659308647858	0.298186289568027	0.178147101256646	0.270622846915386	0.151729633399134	0.218244307472616	0.099590989925286	0.163831368616108	0.162290961418461	0.269617738693748	0.221084970643556	0.320910800094848	0.358157379761989	0.163637110929366	0.325827854155081	0.178703453335952	0.437846579973594	0.326561475070972	0.332156026054703	0.159190161784845	0.257762971998488	0.200255580549737	0.179382502264613
"SRR13357772"	0.276216162695177	0.277663549473751	0.205008451950219	0.286380911332975	0.277787008100141	0.351950131749524	0.128339110162069	0.208694934739869	0.321352124499728	0.185095633451008	0.096311643227074	0.221963356634961	0.31801335674865	0.297883772940738	0.162387048746113	0.151911680330536	0.278158913720501	0.0915839285292678	0.242813976829472	0.214097345557118	0.139919287934571	0.255897038402275	0.110658434294899	0.249692978044644	0.407507089118761	0.16347070693203	0.102190609273668	0.248068182171331	0.1371804691535	0.222652091405874	0.247910168436455	0.0956297080279191	0.197214860279049	0.167183346517136	0.246604840080231	0.598028927148518	0.208304207042225	0.144713580561866	0.163611486621936	0.474519183317817	0.312402679975	0.300066640259232	0.276365152073492	0.150857039411058	0.09182189215258	0.192077324717727	0.254624879188784	0.179082120318429	0.099853881227197	0.180309556488909	0.387638345203124	0.211122999686052	0.186596582105296	0.145326635790445	0.346139249244414	0.100822767400315	0.351446280832633	0.327005017247326	0.169741014755473	0.16513409645148	0.171016299594668	0.133510331008274	0.128437842327402	0.072602505144833	0.0942542266854583	0.114290252214007	0.516041402947503	0.190539539118176	0.304181364217318	0.299048101861928	0.121032575675645	0.197447660971209	0.170757694205812	0.463949542061287	0.219089388893232	0.243272825497767	0.0870533323585598	0.134056211587083	0.201708002985086	0.128698619122233
"SRR13357744"	0.238742641726291	0.242221841667892	0.20621502119859	0.240134133225904	0.2376277829224	0.216006149769751	0.175983318439733	0.160329000689282	0.290560294737451	0.228128435259181	0.161248410237361	0.208332332900072	0.198719697940228	0.338508205528593	0.170956803915383	0.142903185279612	0.218709027179345	0.13065513908066	0.191714657698224	0.311088087030536	0.169682331868219	0.18743232235483	0.106900338187166	0.180000934236694	0.394327802019009	0.153588813186449	0.145991820683404	0.195752028379257	0.185662684824107	0.236199943400635	0.220077938663995	0.157119926182321	0.251482819985261	0.142930470154293	0.204064631246441	0.471953654745341	0.243255071821835	0.224544021475604	0.216661278144571	0.355211712520917	0.150251780592254	0.362316845299873	0.324506891897531	0.157476192882774	0.109657647379483	0.187985645145994	0.218541703839915	0.176883077174381	0.149122118978393	0.201719237364584	0.448862626050732	0.140078369177878	0.171123912036857	0.138341406959717	0.319304144932789	0.167757528154194	0.285096321021707	0.249666147661339	0.210196313776065	0.149797487396824	0.169461982671001	0.133234389245373	0.173407119289644	0.0869927756256518	0.110230827939506	0.115225654688804	0.368218601651293	0.199159150375542	0.21718735581122	0.156545527591114	0.144128205196906	0.205524201567124	0.188913609018454	0.601665817615627	0.273471206256742	0.283390325515027	0.143314076208506	0.193554678627322	0.182098396083105	0.145107615172488
"SRR13357743"	0.276216162695177	0.290985419706456	0.234019582646496	0.29001241001673	0.283770680840962	0.374518528674803	0.175985235088501	0.227805450832771	0.366184119618719	0.217542523532282	0.125912073657813	0.233879846016209	0.31801335674865	0.388110067597583	0.159050375735924	0.157494383059197	0.186405272551786	0.112775890417025	0.242813976829472	0.311088087030536	0.169682331868219	0.255338603432535	0.111857678942282	0.206981333030402	0.244219692124078	0.16347070693203	0.128807096884321	0.247563055472442	0.185662684824107	0.247745305327644	0.259093736854902	0.127192631612038	0.261387894700601	0.189677872251146	0.293245872022546	0.600778874058537	0.265208456363573	0.188721147585823	0.23910849815471	0.486117146621032	0.312402679975	0.392976306585429	0.335547288064532	0.191599007348308	0.121399011376744	0.257460426438774	0.255815421058395	0.220158223659196	0.0992654772038082	0.187176540072941	0.475214458450078	0.209525153597915	0.228115334025168	0.156735404336505	0.41216487368419	0.167757528154194	0.351446280832633	0.327005017247326	0.148055952189534	0.178176287267464	0.221802587102506	0.155513182046713	0.166699491636374	0.0878876865506237	0.123167659402061	0.137008238577854	0.516041402947503	0.214795788582432	0.303049656460937	0.299048101861928	0.124352447634127	0.251588006350626	0.228448196297911	0.509944382266408	0.30051779791645	0.332156026054703	0.139222873090069	0.213080666314458	0.20482135254141	0.143150075447641
"SRR13357742"	0.276216162695177	0.290985419706456	0.234019582646496	0.29001241001673	0.283770680840962	0.326525834846673	0.175985235088501	0.230805877035295	0.361088255474377	0.220018483201533	0.138204152875355	0.233879846016209	0.31801335674865	0.388110067597583	0.166575812516184	0.157494383059197	0.273021786491181	0.120303617930499	0.242813976829472	0.311088087030536	0.169682331868219	0.256586240844395	0.111857678942282	0.242087271400845	0.404832040467652	0.16347070693203	0.136523828950492	0.248691546390093	0.185662684824107	0.247745305327644	0.259093736854902	0.132419592332537	0.263133751510183	0.190772269892594	0.293245872022546	0.600778874058537	0.297933851761429	0.200684187321411	0.240344588107607	0.486117146621032	0.312402679975	0.392976306585429	0.335547288064532	0.191599007348308	0.123741165970237	0.257460426438774	0.255815421058395	0.220158223659196	0.118256731848601	0.220624430613578	0.475214458450078	0.213104107224127	0.228115334025168	0.159411368995122	0.41216487368419	0.167757528154194	0.351446280832633	0.327005017247326	0.215957679848105	0.178176287267464	0.222587313506211	0.155513182046713	0.176488372515874	0.0905746850473945	0.125900710400686	0.137008238577854	0.516041402947503	0.214795788582432	0.305579115073255	0.299048101861928	0.140556914754862	0.277608908115496	0.228448196297911	0.571140838468036	0.30051779791645	0.332156026054703	0.139924386966761	0.213080666314458	0.20482135254141	0.148638790408268
"SRR13357740"	0.276216162695177	0.278126004097669	0.205982619882317	0.286508262438097	0.277996286535692	0.352733999619857	0.129810676567068	0.204839193954097	0.322881057884376	0.186192100153858	0.0973281885951623	0.222375304250892	0.31801335674865	0.300852392962123	0.16234005274948	0.152105380035901	0.145416325013124	0.0923230682123292	0.242813976829472	0.217105366182716	0.140888128457814	0.255889232133477	0.110700451077002	0.205483834478575	0.167367090261878	0.16347070693203	0.103097328949175	0.248061121325152	0.138689042222521	0.223503668727199	0.248298238273014	0.0966489061076041	0.199270489321492	0.167946938187301	0.248158740543864	0.598125820124201	0.211144395725092	0.14619644064193	0.165916298779183	0.474926992087213	0.312402679975	0.303122189599551	0.278335837900485	0.15216120622208	0.0927601698821361	0.194146828094637	0.254666719483597	0.180420098221719	0.0826150129871263	0.145842036986296	0.405233370577663	0.211100618111876	0.187953459652665	0.145740003379945	0.34838127247514	0.102709679635397	0.351446280832633	0.327005017247326	0.0892478406676609	0.165579827943415	0.171589101169099	0.134237867210892	0.129720781708083	0.0731175095237832	0.095180014346568	0.115030848007096	0.516041402947503	0.19135650665143	0.304165539067179	0.299048101861928	0.098867278434512	0.155490845033203	0.172575273718795	0.358056408655099	0.221666310612335	0.246111317086667	0.0885472442747167	0.136357062163198	0.201816977372992	0.129232554158317
"SRR13358144"	0.273591006148112	0.258035188561794	0.234019582646496	0.212749727133219	0.189586102748963	0.410639303272004	0.200194897713064	0.393535614694732	0.395086193355942	0.452051958502435	0.446646387413818	0.233879846016209	0.469951326201617	0.40726241184867	0.195228418320198	0.209604937427723	0.540009908599449	0.275487298515053	0.269035186278596	0.300750726137646	0.169682331868219	0.396323123152779	0.147889981534906	0.448438832450227	0.292750401162786	0.16347070693203	0.27258940943598	0.278179392114819	0.167314404223255	0.247745305327644	0.280685585967862	0.288852484439476	0.314118831885028	0.329627127406639	0.451154355253745	0.212008611355419	0.350930944282039	0.428567070591846	0.443173062402749	0.297296221909082	0.568161102070853	0.251222746103067	0.406058965599576	0.344915730480876	0.385171159192144	0.517001649606173	0.255815421058395	0.284384307157051	0.187674308106816	0.400697757132499	0.28226606045832	0.517339892609389	0.487409071709119	0.223368959481112	0.519889304759656	0.408734400505047	0.365255839918977	0.327005017247326	0.529203280248329	0.306144341083179	0.473558639104097	0.356557606353211	0.401511054736228	0.283383016753981	0.441938574596528	0.310686090269936	0.329656391255435	0.231398651748067	0.538775041973842	0.487935867351893	0.185952225897343	0.601472215476692	0.30225903370944	0.422960865000485	0.419773179186874	0.369609885393988	0.407625424515429	0.43511805617606	0.246908965197781	0.278038030873552
"SRR13358143"	0.105843971727395	0.241079866753782	0.184056808521001	0.218616475952507	0.194490773165793	0.429891933830625	0.0989168386842371	0.259710442964286	0.288105395956648	0.268450980042974	0.146377498835915	0.212867796908855	0.404479723741953	0.23598395187071	0.158083943267086	0.147620455020377	0.320946189893965	0.107102925975848	0.269802115302355	0.149289167417199	0.119623617077578	0.377747504014861	0.109719755968166	0.336850621497166	0.193657518450582	0.16347070693203	0.107641616311865	0.236248961244895	0.0726559295034988	0.204162932038733	0.239313868283309	0.141454246290574	0.131421905194343	0.247713336003456	0.294169571860769	0.181883300383264	0.159547303243529	0.165435676816703	0.201033699616481	0.237488430182742	0.575930550969501	0.149954563827531	0.234498205736328	0.177391733525791	0.149544404911284	0.205497461109268	0.253687686020126	0.171648700064846	0.133573575565984	0.20669750475629	0.195997639023033	0.408195610019463	0.237231953564176	0.163830607946998	0.302380028607071	0.162361084919668	0.353191983717361	0.327005017247326	0.235937797121521	0.102373461358773	0.240966950826617	0.164687919294046	0.173289958371275	0.0768976939749138	0.183931031376477	0.15713950248371	0.291540204899412	0.187463483138354	0.471557825486237	0.466308797030387	0.130964031362605	0.200969801873001	0.147480766237161	0.226556185896349	0.132260990081154	0.18553703427836	0.145416578507313	0.127884803366151	0.194788061433406	0.165648579938261
"SRR13358142"	0.276216162695177	0.265339957667877	0.179959813226829	0.282950237379661	0.272165054736351	0.224161040111257	0.0936641584206402	0.187128113373852	0.268671123733203	0.157655273369524	0.0734766271099435	0.211031418762941	0.31801335674865	0.16002632234499	0.164987650449302	0.146750507990896	0.146789859581058	0.0743974406536298	0.242813976829472	0.135505576929467	0.115779042578991	0.256326443965975	0.109527588389533	0.24345283287276	0.280771217249806	0.16347070693203	0.0810940156153853	0.248456573469881	0.101382115681918	0.19556597520325	0.237571627781548	0.0720368388460434	0.147803988387387	0.147731578137411	0.207102616611886	0.595406071488881	0.140084004730077	0.110472594964082	0.101031147128875	0.46350673825774	0.312402679975	0.224569457775162	0.226455886040365	0.118970765489922	0.0697434775765151	0.142375493965765	0.253495238865014	0.145796437730817	0.0815693119309039	0.137693770258215	0.312723001193389	0.20820929585866	0.152731336452334	0.134924142093623	0.215041168212435	0.0602961414888234	0.351446280832633	0.326037252601585	0.0985957985233422	0.153443877641475	0.129961654630424	0.0993796594941414	0.098732488804741	0.0602137380724705	0.0724043840535142	0.0957886240521591	0.516041402947503	0.169453903441367	0.305052095812322	0.299048101861928	0.0948488957010694	0.102700312201846	0.127205469113681	0.268509347972184	0.157553696541229	0.175070358349271	0.0545001444330734	0.0833513528342002	0.198778014143381	0.115746925425297
"SRR13358141"	0.162508213105182	0.112646022397675	0.108072891817182	0.0914357471205945	0.0811106995032309	0.0429210254000513	0.0940645449982952	0.0525328044928162	0.0845275226486493	0.169571570316587	0.0590023213938053	0.108316438412282	0.136091911135036	0.0324834545401743	0.093048616335364	0.14169848129731	0.0316441836891694	0.0494675051728939	0.112382366614479	0.131806655233838	0.0803987492208831	0.112697544756377	0.184144943947535	0.0543603067671577	0.0939810813664158	0.109105247473411	0.0465238986923664	0.128437892728662	0.0673938582891292	0.102762344180199	0.133468418166306	0.147987681474349	0.0642485526559636	0.0670115000370901	0.0605687203148305	0.114840333096891	0.0310819354853413	0.0837271947453147	0.0619065825182543	0.0568313738911464	0.0578391856852703	0.042806450272048	0.0834288548669212	0.0798826256416179	0.0793007561262545	0.0730407406593131	0.138656641212209	0.0641865119025966	0.0595721535555779	0.037896646668956	0.0500985842161022	0.11376528451668	0.0870183058733841	0.135145373101323	0.0463162589178959	0.0992708479798726	0.107185367483275	0.117626372844559	0.0684434397048442	0.146444324765902	0.0969020061235475	0.082823258298879	0.0488630406447936	0.0795768505030897	0.115502592753967	0.129393659300479	0.0546222897653828	0.109674401820303	0.175914301196364	0.135237939358821	0.0705194894313905	0.0273260832169516	0.0488075423791775	0.0884522302013313	0.0620910093393672	0.0662200779135335	0.114751058045955	0.0528557650529457	0.175698234567938	0.117634094031619
"SRR13357755"	0.132303194403086	0.268126357981652	0.234019582646496	0.235309008494598	0.216346796145533	0.505092691459523	0.206958094492031	0.471510406149437	0.384762719490808	0.342076843509303	0.384249626979451	0.46586825661817	0.389939337487146	0.445518168951026	0.131561141261689	0.257564122406753	0.457920283213251	0.45383448797487	0.383152835838925	0.297525996114649	0.395740874605333	0.679100557134251	0.236529906715635	0.459413757494177	0.355399346083811	0.16347070693203	0.385167894454217	0.19389801836363	0.190246714596755	0.39843205041486	0.286539663698551	0.155803480140403	0.574079551388313	0.442283169947228	0.354522042568469	0.265597385510405	0.644605047163086	0.357868767354689	0.339082725543829	0.391699525801568	0.359265611416635	0.289852373718652	0.434786392853664	0.377919672201119	0.391273744278698	0.494458207772094	0.270943454221173	0.219671917087068	0.302340252179883	0.530059173581756	0.301433607188558	0.362253228522167	0.445253023327277	0.203718742147132	0.509405357667404	0.268173834404993	0.451541807604956	0.326591093931355	0.312318366723497	0.391410939672791	0.350934773360269	0.386718548617519	0.444302289043564	0.444522030915769	0.304256562653555	0.35218990179167	0.309394442825656	0.386078534539156	0.502384659294944	0.453971745287928	0.433742233644088	0.528567599524364	0.235259812621777	0.442559108993453	0.514004934897137	0.43642852873969	0.292542536964628	0.456539830181127	0.262648884082561	0.20040152487959
"SRR13357754"	0.15719534197464	0.253695217527268	0.234019582646496	0.203381533315759	0.178693672299917	0.582289848692241	0.203377738972801	0.463972971930852	0.235906179495412	0.423879283464463	0.451772098793366	0.355827815481731	0.389829434169845	0.453168534268249	0.161357776162298	0.234344730629409	0.535817738566874	0.354149843563359	0.340511637078734	0.299343235559467	0.282926005725881	0.498385697792514	0.192847761098833	0.320939934292628	0.25292473017663	0.16347070693203	0.34869135536692	0.201298343804685	0.15902968006242	0.32993194428418	0.283449531861135	0.182055439118787	0.397079577900759	0.436211298588754	0.411884602370319	0.144856796893495	0.407528807355358	0.392731437227651	0.303830357491815	0.266844576066185	0.530827876426234	0.215092163440149	0.42045061201012	0.371417037675877	0.431473347263451	0.484095932078224	0.264292439660622	0.233119345462931	0.270783342019295	0.506460141834034	0.220434283838425	0.49687716094958	0.420664707864716	0.184701097617685	0.529002001828047	0.349599750534148	0.38116017624204	0.327005017247326	0.4451460593555	0.327790753130519	0.430192327135416	0.364808449555651	0.425584296899252	0.380256211003573	0.421493912631509	0.367553261216935	0.245512674300524	0.319839323875056	0.546468347401831	0.522059631750775	0.324763740545539	0.603253571765242	0.237990720157347	0.390226674976328	0.467751880222125	0.310269018207136	0.385313785236601	0.481780423186238	0.252453225885915	0.208465251443404
"SRR13357721"	0.337527153742067	0.192220679979262	0.19047710632244	0.189241266281857	0.190157842310408	0.221635709202483	0.218982580440658	0.29660524652312	0.27052781606568	0.584329626468693	0.610754966546278	0.180891513377851	0.396289560047031	0.312967922662017	0.189616771666541	0.209705676105982	0.446870529820752	0.349586948922709	0.162157565796714	0.311088087030536	0.169682331868219	0.30291449034162	0.163429933387613	0.249919526995641	0.555691556756734	0.16347070693203	0.331975550050113	0.183204307808377	0.277798980169265	0.223053536699767	0.209076532146064	0.420970016592721	0.344194889661919	0.207598230432129	0.387581867050193	0.518221731943456	0.255707172312261	0.725923765529672	0.485211473485425	0.459436268210292	0.158662955141594	0.327521950683127	0.432281204453162	0.368288213808931	0.485905188717168	0.58291194864059	0.179780676143073	0.437884165846203	0.225054394023131	0.319540391986651	0.419072324315827	0.338182764750097	0.450678140129054	0.17844595540724	0.39882777983342	0.629356118657012	0.234536401682489	0.175453309134501	0.63419850878407	0.417064514106322	0.429721815495276	0.429551446588729	0.41623336638207	0.492487603172687	0.511761797376557	0.310830156572162	0.505751890991589	0.198156661399984	0.426475851422278	0.152961907696271	0.179522968984723	0.626876188821754	0.461203232096974	0.632075762873774	0.485814469279497	0.285741237990323	0.599899388858814	0.50127402034264	0.231021806539619	0.301229575717123
"SRR13357720"	0.276216162695177	0.290985419706456	0.234019582646496	0.29001241001673	0.283770680840962	0.374518528674803	0.175985235088501	0.233626531053615	0.366184119618719	0.24444371027538	0.30687221263524	0.233879846016209	0.31801335674865	0.388110067597583	0.252080414941543	0.157494383059197	0.373122304640436	0.214594765802748	0.242813976829472	0.311088087030536	0.169682331868219	0.268589047203404	0.111857678942282	0.373360464280186	0.5764439019596	0.16347070693203	0.229759186068265	0.259540057296007	0.185662684824107	0.247745305327644	0.259093736854902	0.191269956129637	0.280021906543717	0.2013678746104	0.293245872022546	0.600778874058537	0.299792459641361	0.340781447535717	0.252257039535009	0.486117146621032	0.312402679975	0.392976306585429	0.335547288064532	0.191599007348308	0.147873989021368	0.257460426438774	0.255815421058395	0.220158223659196	0.222196946475577	0.341609935581567	0.475214458450078	0.249160673219115	0.228115334025168	0.186588165793618	0.41216487368419	0.167757528154194	0.351446280832633	0.327005017247326	0.314017471580796	0.178176287267464	0.223320318240007	0.155513182046713	0.291418007931664	0.119862358128385	0.154404130401098	0.137008238577854	0.516041402947503	0.214795788582432	0.3300843826028	0.299048101861928	0.157211288872943	0.325029278218155	0.228448196297911	0.639324578712504	0.30051779791645	0.332156026054703	0.146710283661226	0.213080666314458	0.20482135254141	0.209416650149472
"SRR13357719"	0.276216162695177	0.290985419706456	0.234019582646496	0.29001241001673	0.283770680840962	0.325125278298538	0.175985235088501	0.232661494183192	0.358272334971721	0.24444371027538	0.30687221263524	0.233879846016209	0.31801335674865	0.261926238139842	0.252080414941543	0.157494383059197	0.214463689095306	0.214594765802748	0.242813976829472	0.290126154075149	0.169682331868219	0.672553539208247	0.111857678942282	0.362204150610492	0.517882864919495	0.16347070693203	0.229759186068265	0.259540057296007	0.185662684824107	0.239778914996814	0.259093736854902	0.191269956129637	0.280021906543717	0.2013678746104	0.293245872022546	0.600778874058537	0.299792459641361	0.340781447535717	0.226341753618331	0.486117146621032	0.313385660538966	0.392976306585429	0.335547288064532	0.191599007348308	0.147873989021368	0.257460426438774	0.255815421058395	0.220158223659196	0.21517983783506	0.330406878870245	0.424173212285409	0.242725858401024	0.228115334025168	0.186588165793618	0.301785374094703	0.167757528154194	0.351446280832633	0.325660697816282	0.28396393153266	0.178176287267464	0.221297684894678	0.127843564255138	0.291418007931664	0.119862358128385	0.154404130401098	0.137008238577854	0.516041402947503	0.214795788582432	0.3300843826028	0.299048101861928	0.151355800636921	0.296766225163777	0.228448196297911	0.567342372538648	0.30051779791645	0.332156026054703	0.146710283661226	0.213080666314458	0.20482135254141	0.209416650149472
"SRR13357718"	0.276216162695177	0.290985419706456	0.234019582646496	0.29001241001673	0.283770680840962	0.342723743583421	0.175985235088501	0.233329110200739	0.361143202082328	0.24444371027538	0.30687221263524	0.233879846016209	0.31801335674865	0.304782522321663	0.252080414941543	0.157494383059197	0.276276064490452	0.214594765802748	0.242813976829472	0.297658527603502	0.169682331868219	0.683916380120267	0.111857678942282	0.369910538937619	0.558564000721505	0.16347070693203	0.229759186068265	0.259540057296007	0.185662684824107	0.242657885552404	0.259093736854902	0.191269956129637	0.280021906543717	0.2013678746104	0.293245872022546	0.600778874058537	0.299792459641361	0.340781447535717	0.235550550916936	0.486117146621032	0.313415418926858	0.392976306585429	0.335547288064532	0.191599007348308	0.147873989021368	0.257460426438774	0.255815421058395	0.220158223659196	0.220019177904087	0.338141036606591	0.437828639731981	0.245054700452623	0.228115334025168	0.186588165793618	0.345446896140877	0.167757528154194	0.351446280832633	0.326149638106438	0.304580584661073	0.178176287267464	0.222114145887974	0.137392189923012	0.291418007931664	0.119862358128385	0.154404130401098	0.137008238577854	0.516041402947503	0.214795788582432	0.3300843826028	0.299048101861928	0.155389067532499	0.311032530904088	0.228448196297911	0.600964145701324	0.30051779791645	0.332156026054703	0.146710283661226	0.213080666314458	0.20482135254141	0.209416650149472
"SRR13357713"	0.310551190275352	0.260524419152578	0.22557526794544	0.218215282259012	0.196002992397614	0.466005532889151	0.175985235088501	0.26588937176448	0.366184119618719	0.312371419531885	0.190443348568645	0.233879846016209	0.402179444709816	0.388110067597583	0.193583073950988	0.157494383059197	0.326406390161119	0.138267130812352	0.263769535681772	0.301552715813728	0.169682331868219	0.258408045326174	0.111857678942282	0.300194324113046	0.196495192733263	0.15238107818887	0.148438814078686	0.291415575106719	0.136299259286455	0.247745305327644	0.259093736854902	0.217579417946641	0.330589029555929	0.273972352206128	0.344681829925441	0.194578560334425	0.309388591627333	0.210239526914146	0.33801244147667	0.20905370003992	0.516602838352005	0.262045352412714	0.335547288064532	0.246334588445262	0.196763238957396	0.318595336036278	0.255815421058395	0.202223907570521	0.164113980853951	0.317230969225186	0.307560514585012	0.350373331558333	0.304819808898944	0.176987833136046	0.41216487368419	0.29440649084659	0.35281166409514	0.327005017247326	0.326075448738576	0.206880748231602	0.312285161425548	0.199559782116068	0.233574975525109	0.0874173617905621	0.233489178993371	0.193961181069315	0.267509623848194	0.228082768548059	0.451687434588178	0.427757066039262	0.177044947320897	0.340368604974919	0.197806608575657	0.430064518545222	0.356188129549088	0.332156026054703	0.259984255126221	0.312888158296875	0.19979486533907	0.191977698172029
"SRR13357712"	0.276216162695177	0.290985419706456	0.234019582646496	0.29001241001673	0.283770680840962	0.374518528674803	0.175985235088501	0.233748583680718	0.366184119618719	0.24444371027538	0.30687221263524	0.233879846016209	0.31801335674865	0.388110067597583	0.252080414941543	0.157494383059197	0.377774165907166	0.214594765802748	0.242813976829472	0.311088087030536	0.169682331868219	0.351682550101706	0.111857678942282	0.374779083835153	0.583721938264405	0.16347070693203	0.229759186068265	0.259540057296007	0.185662684824107	0.247745305327644	0.259093736854902	0.191269956129637	0.280021906543717	0.2013678746104	0.293245872022546	0.600778874058537	0.299792459641361	0.340781447535717	0.252257039535009	0.486117146621032	0.312625297733086	0.392976306585429	0.335547288064532	0.191599007348308	0.147873989021368	0.257460426438774	0.255815421058395	0.220158223659196	0.223094520344848	0.343037520828011	0.475214458450078	0.249160673219115	0.228115334025168	0.186588165793618	0.415458734882723	0.167757528154194	0.351446280832633	0.327005017247326	0.317933184306031	0.178176287267464	0.22335193523112	0.155513182046713	0.291418007931664	0.119862358128385	0.154404130401098	0.137008238577854	0.516041402947503	0.214795788582432	0.3300843826028	0.299048101861928	0.157963618575602	0.326669897336181	0.228448196297911	0.641872907035578	0.30051779791645	0.332156026054703	0.146710283661226	0.213080666314458	0.20482135254141	0.209416650149472
"SRR13357711"	0.276216162695177	0.290985419706456	0.234019582646496	0.29001241001673	0.283770680840962	0.374518528674803	0.175985235088501	0.233795637069605	0.366184119618719	0.24444371027538	0.30687221263524	0.233879846016209	0.31801335674865	0.388110067597583	0.252080414941543	0.157494383059197	0.379573166457678	0.214594765802748	0.242813976829472	0.311088087030536	0.169682331868219	0.528532550997878	0.111857678942282	0.37532642490621	0.586517506544368	0.16347070693203	0.229759186068265	0.259540057296007	0.185662684824107	0.247745305327644	0.259093736854902	0.191269956129637	0.280021906543717	0.2013678746104	0.293245872022546	0.600778874058537	0.299792459641361	0.340781447535717	0.252257039535009	0.486117146621032	0.313039735356647	0.392976306585429	0.335547288064532	0.191599007348308	0.147873989021368	0.257460426438774	0.255815421058395	0.220158223659196	0.223441152838491	0.343588501715165	0.475214458450078	0.249160673219115	0.228115334025168	0.186588165793618	0.421607302578113	0.167757528154194	0.351446280832633	0.327005017247326	0.319449320217174	0.178176287267464	0.223364121912615	0.155513182046713	0.291418007931664	0.119862358128385	0.154404130401098	0.137008238577854	0.516041402947503	0.214795788582432	0.3300843826028	0.299048101861928	0.158254361636866	0.327303362364776	0.228448196297911	0.642852957534064	0.30051779791645	0.332156026054703	0.146710283661226	0.213080666314458	0.20482135254141	0.209416650149472
"SRR13357710"	0.276216162695177	0.272819923272162	0.209088989646494	0.269935580392247	0.257516995852966	0.355220599535817	0.134563892864465	0.212789439449813	0.180744522459601	0.213069320366765	0.247324427033611	0.223682948208485	0.31801335674865	0.310359635904791	0.252080414941543	0.152719885517715	0.331519937959835	0.178993203113222	0.242813976829472	0.22508569575437	0.143992072315534	0.268589047203404	0.110833550040623	0.372566472164615	0.442492134185915	0.16347070693203	0.188690999446661	0.259540057296007	0.133804881264668	0.226214664258766	0.249529378470219	0.110585678936334	0.179416049854251	0.180704925612734	0.239052345146379	0.508819532984228	0.220321473126125	0.256017081946818	0.183362320687465	0.418442806828987	0.312402679975	0.284987824215302	0.284630741624008	0.155517329109809	0.116474378815443	0.200809377246414	0.254799197501025	0.166309206127564	0.192059839248408	0.286207104868817	0.375540792152867	0.247606001403731	0.19229869806303	0.143524468695154	0.355522563282658	0.108890280582538	0.351446280832633	0.327005017247326	0.21413392177513	0.166997178703948	0.178281916169759	0.136563039104073	0.235831574099532	0.101232302188949	0.12281233378911	0.117402830206078	0.439238271995722	0.193960290177562	0.3300843826028	0.299048101861928	0.131893388308668	0.225677561311869	0.159196675758871	0.473320217456252	0.229966054109859	0.255242878744406	0.098518013772658	0.143860452654577	0.201049379848066	0.152628485731154
"SRR13357706"	0.121229289337496	0.215659232246178	0.205056383669591	0.175237399292749	0.157473859988084	0.410110285918797	0.192383950535733	0.343414320472587	0.158323379424638	0.362947238918914	0.348428574265334	0.379250640310819	0.180830565784638	0.412660078391252	0.140552791549954	0.197216056144099	0.316934089937866	0.291912065571527	0.311413749878819	0.300780192990496	0.340059585483219	0.385907332399295	0.181533904838081	0.170410574816948	0.165264409308958	0.150422715744203	0.281509477615142	0.15445839260171	0.219146632896102	0.353294774099156	0.235534124379561	0.162234011964527	0.465490626954129	0.393930100725816	0.283769903752649	0.142136273296886	0.380135085483233	0.285024608519433	0.227316677119996	0.167558754499129	0.328047832616361	0.22915721174632	0.379569060840228	0.281844168335841	0.321752326977061	0.263774070308503	0.231428344781848	0.186275647432272	0.557244256958814	0.450792480664071	0.238439538932807	0.324838433362872	0.271452362169364	0.138091453941755	0.380857062167904	0.277107973727695	0.326198368722034	0.253809215797316	0.309890248062311	0.248861686253163	0.30302951188481	0.263114420971508	0.386346734479292	0.253723660233417	0.292814448616211	0.303812229158297	0.162240041529019	0.342213577280347	0.402560903529258	0.34979804042569	0.382808596121941	0.342214885604078	0.208539763184586	0.383579160587339	0.44383728286107	0.256815489504677	0.323187100848616	0.442776688393962	0.207812570851957	0.154847748658092
"SRR13357705"	0.220811765122273	0.276747977748557	0.234019582646496	0.25539141181178	0.240728234864711	0.700083561263582	0.207368915728292	0.559914944302147	0.412588868918438	0.462098089275753	0.562757828528074	0.473003468906448	0.418953029694053	0.492428613300552	0.199271612671365	0.259545127759198	0.567810398470417	0.516524316155706	0.414687719672666	0.306691716895115	0.403365640008976	0.646900158539034	0.239899053774532	0.380240290756176	0.461483314197515	0.16347070693203	0.468438174117582	0.219878440115295	0.21242637747586	0.406301569590497	0.286892972812606	0.289090328113267	0.71371918250015	0.57523780165725	0.516101438585415	0.411610220220887	0.544967707383738	0.574890104443683	0.32861380862824	0.470261731883315	0.575227674127015	0.302744700667447	0.436217034491535	0.449272766882825	0.551612140988371	0.525076690576412	0.271364081375025	0.345199577207634	0.433861244155616	0.695160946665218	0.34912090507078	0.569816274129493	0.465023314076477	0.238991132771399	0.546272526396962	0.402092728424995	0.419335489888306	0.327005017247326	0.550721436236766	0.492546038573746	0.46391019343553	0.437279960097732	0.550111532034527	0.511068603284939	0.499161821044123	0.46015046064263	0.52446113696161	0.410437143098192	0.651740383367367	0.599905169156995	0.491790709839367	0.638220474203941	0.35815568415844	0.535564367832753	0.63160911405158	0.331229420150289	0.458694596994992	0.616801016048235	0.265215446633407	0.301120386737586
"SRR13357700"	0.439537964906189	0.325657643386848	0.291524525618216	0.29001241001673	0.283770680840962	0.693202062821018	0.291356642990556	0.426323530108636	0.366184119618719	0.357003601034512	0.366906708579432	0.436512460413535	0.452476761168708	0.455964792382555	0.297939961971462	0.204712125896101	0.245004840463482	0.377633618050483	0.396654666774114	0.599475995417027	0.364750219539413	0.485378272826513	0.273798764140616	0.393463172715338	0.739834355434999	0.16347070693203	0.317133804423371	0.400972059904536	0.269172488112377	0.382457120403784	0.275472794368533	0.452801644213791	0.739119194035627	0.520249072923801	0.47427062745384	0.612862058743384	0.571064675137493	0.461303641611847	0.389003913721618	0.486117146621032	0.670927794132755	0.392976306585429	0.343165925790802	0.343860346235066	0.355648502965175	0.330777928749068	0.269206652390342	0.345395278785948	0.434944755920864	0.617428103186663	0.475214458450078	0.496565335466876	0.345911700664124	0.386332259658071	0.41216487368419	0.37906688838596	0.427137081868251	0.344614629954811	0.456443324634333	0.45148267808468	0.439453084947005	0.26714272723998	0.461001404013131	0.19713824546642	0.411018318461497	0.413785382761071	0.636598507473593	0.385457661827775	0.633095948894273	0.71415231059595	0.400940804903208	0.335029862025654	0.356499267165769	0.813743494293034	0.56657782327435	0.486293308940749	0.396131441131499	0.49523197828506	0.246487540371747	0.365295037947067
"SRR13357699"	0.317163701665376	0.290985419706456	0.234019582646496	0.29001241001673	0.283770680840962	0.483403865085578	0.175985235088501	0.307046992053711	0.366184119618719	0.339513699399786	0.247037246537451	0.233879846016209	0.418606426848793	0.388110067597583	0.221265525577029	0.157494383059197	0.409638641945536	0.164955353630839	0.267776287243848	0.311088087030536	0.169682331868219	0.261822208276314	0.111857678942282	0.341798039946306	0.562806354914749	0.16347070693203	0.172894896962531	0.302893816830282	0.185662684824107	0.247745305327644	0.259093736854902	0.258103750048285	0.348995171386186	0.29523531995271	0.45175865367372	0.612855848251613	0.311184710798899	0.363571212138853	0.361937619668092	0.486117146621032	0.555984585593657	0.392976306585429	0.335547288064532	0.264071496706786	0.230642619137633	0.330737368569779	0.255815421058395	0.345322203085668	0.200495291259434	0.367273550910376	0.475214458450078	0.403007791427135	0.320523657405194	0.189100669917579	0.41216487368419	0.328354648829062	0.353064854444669	0.327005017247326	0.506543026427966	0.21255781016247	0.352753507704361	0.208675286782083	0.277870423212972	0.11102595700543	0.271141533750477	0.206290234276209	0.636539149819968	0.230606635200677	0.487859713694198	0.453356051839661	0.186267872897751	0.412882195650704	0.356424990830143	0.634558919904448	0.367001391719281	0.332156026054703	0.291276072031249	0.33395252336975	0.20482135254141	0.225634584946091
"SRR13357698"	0.302838530859886	0.290985419706456	0.234019582646496	0.29001241001673	0.283770680840962	0.393827185956926	0.175985235088501	0.280805370106361	0.361050341385158	0.306545220069268	0.2767686097541	0.233879846016209	0.383056028275658	0.388110067597583	0.236230380766803	0.157494383059197	0.403959690635196	0.186039264556599	0.259086232878377	0.311088087030536	0.169682331868219	0.264731316114943	0.111857678942282	0.360075319020277	0.578065636973247	0.16347070693203	0.195970517594941	0.288256258485568	0.185662684824107	0.247745305327644	0.259093736854902	0.237742638976992	0.325523060893015	0.261200435768195	0.394730517267841	0.608753383026322	0.305375434441508	0.364207153482279	0.322818704851498	0.486117146621032	0.469852791711173	0.392976306585429	0.335547288064532	0.237523660572735	0.200919777823305	0.304563967483581	0.255815421058395	0.298853353656784	0.214356655976417	0.365955177918647	0.475214458450078	0.348715698578265	0.286839425668653	0.189727681592622	0.41216487368419	0.272067787130385	0.352512677784868	0.327005017247326	0.445610425341148	0.200319853530008	0.304767759566903	0.189180919022425	0.28922686486426	0.115592925819954	0.228050479434837	0.180127927771044	0.596575621523856	0.225126490945684	0.433508661763475	0.398017828351821	0.177116200292281	0.372158838302066	0.309087527939243	0.633132413898022	0.343601562455017	0.332156026054703	0.234429668582883	0.288968864981668	0.20482135254141	0.223675391600118
"SRR13357697"	0.276216162695177	0.273597889126593	0.18134024095972	0.28525709716682	0.275942020238174	0.231614924167938	0.115945867008229	0.135105073021857	0.295733908179306	0.141676811921838	0.109160942877681	0.206650172999281	0.31801335674865	0.263899990802154	0.180516266273355	0.150208918277677	0.109831465780573	0.0990749488667545	0.242813976829472	0.188839517073256	0.13159919881479	0.632043826999097	0.110287775835233	0.237772134317842	0.0940865177236742	0.12473074036884	0.108258432996047	0.250687141330792	0.124443134779097	0.193917870714492	0.244498840841332	0.0957029402386496	0.182768695232494	0.162730068417206	0.233160686504617	0.47691527535923	0.180929187394302	0.15319057389954	0.14247391029348	0.359770263179015	0.313312342973708	0.273852975830437	0.192904441568763	0.139729707475098	0.0813915691540485	0.174520089102491	0.254255370443078	0.150395871793467	0.0940000703310207	0.156307433900164	0.340553632131487	0.219514412954602	0.168964230411924	0.145418876217349	0.338945035339811	0.0807603428733506	0.300155553998706	0.327005017247326	0.0735719665563667	0.161237322346175	0.135133627401502	0.113311828555978	0.134682609646599	0.0533046847727346	0.0909931527402838	0.107925121705692	0.463815462278392	0.183436525340356	0.309024657846475	0.299048101861928	0.0973355162046247	0.0842613392081216	0.131573423743641	0.278008051500219	0.185723203257141	0.219166842840463	0.0757329070824668	0.113934528307271	0.200747004295809	0.127353666080774
"SRR13357692"	0.209893243726424	0.197614685486662	0.200407189228032	0.177056317213005	0.175909323703627	0.110994291233911	0.206452899372364	0.092383884491701	0.0811767041975576	0.165236423485477	0.093734170859365	0.143908574969548	0.146944670656327	0.161551851554663	0.140905849362261	0.138369760431989	0.166697321507875	0.0751926465791193	0.14965039303784	0.455764413973362	0.127638794365274	0.108093033805189	0.18741665033049	0.0921052558436994	0.83529141846149	0.127815999105187	0.0781417706189426	0.203337847879707	0.181589014954294	0.150408513212541	0.17411619719775	0.215535161178411	0.121267979894273	0.115596576806713	0.150007494620211	0.371030063952503	0.100103286333642	0.179372015854022	0.147699771962591	0.272506109381597	0.146527660185883	0.204392319443953	0.120780718930113	0.114754199244557	0.101748840136367	0.0954587176125525	0.171978591372533	0.170809646587447	0.123235252336019	0.107659386326264	0.242588994258802	0.150985996049355	0.109367768326433	0.19656584349481	0.150555825291672	0.170207868823595	0.140090491590154	0.176546744536243	0.333700023939159	0.13753942093531	0.197927650803561	0.0897488753397877	0.0998681316829707	0.0758588721269911	0.156333346260063	0.168721751942675	0.307290495786787	0.15985321363062	0.20017648185796	0.180737515488844	0.122253756624735	0.107604735917867	0.1765294159862	0.667356750656972	0.125050431553941	0.198753123960438	0.181841083589663	0.119614629188642	0.187980476920196	0.153243568745054
"SRR13357691"	0.276216162695177	0.290985419706456	0.234019582646496	0.29001241001673	0.283770680840962	0.315032657740279	0.175985235088501	0.233523484055813	0.291640552874022	0.235601958133457	0.236155962820444	0.233879846016209	0.31801335674865	0.388110067597583	0.218859958757857	0.157494383059197	0.369211665478218	0.176218213470183	0.242813976829472	0.311088087030536	0.169682331868219	0.264304440068064	0.111857678942282	0.333217895043573	0.570271041896978	0.16347070693203	0.192454586420806	0.255669081310921	0.185662684824107	0.247745305327644	0.259093736854902	0.149991742190046	0.254072316159522	0.197571698040153	0.293245872022546	0.600778874058537	0.297470331819817	0.285938654018248	0.248000416608618	0.486117146621032	0.312402679975	0.392976306585429	0.335547288064532	0.191599007348308	0.138924618084186	0.257460426438774	0.255815421058395	0.220158223659196	0.185111099948043	0.304981340862765	0.467574819824472	0.235960683390582	0.228115334025168	0.163824450889255	0.41216487368419	0.167757528154194	0.351446280832633	0.327005017247326	0.304147898471771	0.178176287267464	0.223293618084974	0.155513182046713	0.246198110064852	0.108671937802555	0.143766221928475	0.137008238577854	0.516041402947503	0.214795788582432	0.321304283972735	0.299048101861928	0.156578169289354	0.309521571756553	0.228448196297911	0.628744952058684	0.30051779791645	0.332156026054703	0.144280136027896	0.213080666314458	0.20482135254141	0.170880692853563
"SRR13357690"	0.276216162695177	0.290985419706456	0.234019582646496	0.29001241001673	0.283770680840962	0.320283449178872	0.175985235088501	0.233739287815333	0.360401812832499	0.232182037202314	0.211609119023113	0.233879846016209	0.31801335674865	0.388110067597583	0.206677052155236	0.157494383059197	0.377419121746889	0.162663741698535	0.242813976829472	0.311088087030536	0.169682331868219	0.709992114094566	0.111857678942282	0.320784278007596	0.583168955920804	0.16347070693203	0.179091087997678	0.254155421953124	0.185662684824107	0.247745305327644	0.259093736854902	0.160082320007024	0.271616577545143	0.196091924037291	0.293245872022546	0.600778874058537	0.297683133747073	0.265857981342981	0.246337745245795	0.486117146621032	0.313503477089687	0.392976306585429	0.335547288064532	0.191599007348308	0.13552761436682	0.257460426438774	0.255815421058395	0.220158223659196	0.173440627498481	0.293937052645451	0.452303312700989	0.230898049300545	0.228115334025168	0.17277170373416	0.42851090377913	0.167757528154194	0.351446280832633	0.327005017247326	0.308368518428708	0.178176287267464	0.223349527485254	0.155513182046713	0.229746854533127	0.104523640122545	0.139748159402664	0.137008238577854	0.516041402947503	0.214795788582432	0.317881275803819	0.299048101861928	0.157906225943467	0.313640609141888	0.228448196297911	0.634075011119514	0.30051779791645	0.332156026054703	0.143332547297085	0.213080666314458	0.20482135254141	0.177424922662331
"SRR13357689"	0.276216162695177	0.270009383555551	0.178536144738246	0.284258732317379	0.274305715904169	0.239425259450662	0.105799602615383	0.164410484460087	0.285888576682452	0.169372069044511	0.0882774500805097	0.215163161319012	0.31801335674865	0.250902188909719	0.17019297211947	0.148706099721704	0.10576547677176	0.0850704517099391	0.242813976829472	0.168330925601115	0.124548197817903	0.786697555692091	0.109958672444245	0.219610633945692	0.0920224437822194	0.147119897437427	0.0931175327979083	0.249220648852644	0.113969227506309	0.208770952324283	0.241488368909942	0.0831490729038953	0.166371614990078	0.155689201839009	0.221626917870895	0.51029981704433	0.162203281399564	0.129419819166727	0.129527319902689	0.387028547067512	0.313753982067795	0.251752398488281	0.244752204098938	0.130408680182467	0.0746190354714422	0.159974917807709	0.253926672504348	0.145957038597285	0.0799519540232553	0.133555782433595	0.342359164989515	0.21479362231347	0.165041048184123	0.139453401065776	0.327629797807573	0.0735821874583584	0.351446280832633	0.327005017247326	0.0618316173861281	0.157830605836291	0.129996369598578	0.121844647479567	0.114820291536344	0.052823262274091	0.0816479689026674	0.102522214816733	0.478480272452567	0.177286576109894	0.306766478055381	0.299048101861928	0.0888813979260964	0.0792799816062816	0.12640589359142	0.277358491216099	0.179239246855675	0.199191055104392	0.0655969417005871	0.100267540912708	0.199894259098402	0.119041902836718
"SRR13357685"	0.127646927574402	0.258456612845798	0.234019582646496	0.213670358166472	0.190663848147689	0.44321237269674	0.210714885071562	0.374860218018075	0.205978966147523	0.422457708026899	0.574886550736778	0.225218174223196	0.433750936803875	0.407772688906261	0.163739981593555	0.23410102183476	0.53028604699487	0.323275479423976	0.26331207656033	0.300886769325469	0.169682331868219	0.391446305387329	0.165063775576726	0.32930807130457	0.234327077870678	0.150303319392365	0.353283679547229	0.190263914616869	0.176469149740805	0.231032105896978	0.289761042914747	0.189857900954537	0.165197944082469	0.318119446871003	0.446051264312526	0.172709262087845	0.264023322428934	0.515537566374079	0.31770919547813	0.321040062419791	0.512059676493185	0.230759001628151	0.371741438936754	0.355366025524725	0.426361237212689	0.561613993708132	0.255815421058395	0.279142933334541	0.178256742305912	0.363925416192355	0.234062840306716	0.529686066733976	0.448255403804244	0.190935045653522	0.562095213909261	0.370809076143815	0.302092153318221	0.327005017247326	0.484148723507745	0.249349558102625	0.462538433289342	0.350324214214713	0.43148864640599	0.39836405110544	0.477726658812139	0.333355835481799	0.300664953175924	0.227794306440552	0.495245305195195	0.461537818334463	0.169099099722471	0.655228871323021	0.283106753489425	0.373232996058985	0.329666019177021	0.288728076459196	0.401954094528716	0.399520614096354	0.268349327015707	0.223328753927288
"SRR13357684"	0.144658526738184	0.264485099944197	0.234019582646496	0.227046913035804	0.206463526242059	0.350720037930584	0.213348056076925	0.397429671130119	0.207206056057077	0.458381207053111	0.606912449471101	0.233879846016209	0.443315737734302	0.417054665226855	0.172992665717382	0.240384474295007	0.55945510111914	0.389684786985977	0.257293939128691	0.302821097479341	0.169682331868219	0.467872783200293	0.16949916582552	0.518178348525648	0.313566576620217	0.16347070693203	0.38072627556951	0.219158242510971	0.19395457584742	0.247745305327644	0.292006442681706	0.182506569238169	0.166244058956864	0.294729013456486	0.434471107585984	0.236297130178088	0.367218631607895	0.551643854490858	0.426249210309358	0.38068615905937	0.4519126322453	0.274811615359909	0.443447788689801	0.350868246829411	0.414666569233868	0.577536523938016	0.255815421058395	0.285194150769082	0.185522791118129	0.373618154439885	0.308915678393068	0.498939223514728	0.52030874170447	0.193352380275355	0.575115123115767	0.343774952631078	0.370680967828089	0.327005017247326	0.488790419382516	0.272790916557371	0.459050800186382	0.405431145757318	0.48555102817466	0.42807980251136	0.454764821597168	0.319071897629883	0.34919809464565	0.223993252232788	0.476973479997327	0.425343541296699	0.16696041217573	0.648132118031706	0.312052188042722	0.454452959842425	0.35065966576441	0.389189658445279	0.372836417250755	0.386183845668095	0.275014312564294	0.226086124882955
"SRR13357683"	0.129723180215966	0.259180474415111	0.212076510830563	0.234211142230963	0.214139797900728	0.412410229204999	0.163901217184464	0.357192424928198	0.215059900696386	0.400719555895555	0.465868925570478	0.224932220852014	0.446451165439717	0.340981373922288	0.167022827081467	0.216657558830531	0.493371457904299	0.264345125750372	0.259990380779867	0.230537123807398	0.14699802330917	0.375359819184747	0.155449304960413	0.350222330780745	0.294840475966535	0.16347070693203	0.283488142115841	0.195875305089817	0.149847683594754	0.228815654743696	0.276467927780306	0.156138619969278	0.138076085905507	0.273678585096543	0.398078760539479	0.26580647064294	0.209796870091681	0.447443600462761	0.25285789651441	0.381750699779063	0.478904784548227	0.217605397852379	0.37168439502866	0.29170699598368	0.324786874556722	0.467659829546158	0.254925290007183	0.260263062597412	0.162193421177609	0.308497415633595	0.262010052463624	0.484206570735707	0.382162552524741	0.182043124120469	0.492046861368639	0.262675990522085	0.342121396727678	0.327005017247326	0.402447789025762	0.219041708796311	0.365671082583933	0.311708633386741	0.348760574801603	0.308059968348424	0.366368078071104	0.266017505022703	0.38450679149531	0.206679040515384	0.479430836263753	0.434953762302643	0.147892285958462	0.514607129640501	0.246185130550772	0.384910230954753	0.258312622911185	0.237845441596168	0.278792015191755	0.27385977899213	0.257280998555454	0.203625580057947
"SRR13357681"	0.178813325281233	0.271448127669996	0.234019582646496	0.242961775777252	0.225580259593087	0.393782992232428	0.204571394270386	0.399154095063259	0.225384795239141	0.483153404018251	0.551625531088583	0.233879846016209	0.598375649476306	0.410564336343839	0.185794139029652	0.219673105424932	0.539346697312025	0.331614152512086	0.266039854753778	0.305029012079785	0.169682331868219	0.417627809244194	0.154926965583266	0.485925641937143	0.376855132668276	0.16347070693203	0.324506213208034	0.246536853045358	0.194172487025004	0.247745305327644	0.284481961413012	0.228423093390325	0.208971622824605	0.32415330832635	0.500990005706428	0.323253245191058	0.35702106494197	0.571589044232946	0.479186894858476	0.416628054690044	0.539020911099755	0.304176075595057	0.4185973327102	0.39359858204561	0.432483864524311	0.632480447649533	0.255815421058395	0.371959811058157	0.205841716255469	0.393187628497125	0.349497166589036	0.52924637661882	0.519217072159925	0.194040180094071	0.551214324463489	0.495786912151055	0.367150789218994	0.327005017247326	0.55343567592018	0.282602075149061	0.474854593614083	0.398468962954484	0.45294344360548	0.338804009482368	0.48133076907128	0.317707275748555	0.454659530244579	0.229513435000589	0.577462491769392	0.473169866305828	0.183035886169765	0.631820514080472	0.362859586368385	0.501927247264913	0.369626324181829	0.376183489092482	0.455800259590446	0.410407441486837	0.258435631485011	0.235806300461557
"SRR13357679"	0.115391802118125	0.270365302799311	0.234019582646496	0.240455237648434	0.222547888613576	0.373574895959404	0.194767160498906	0.27824671940295	0.385922482016092	0.311453600247948	0.607411535726212	0.20961599014893	0.525306292183368	0.382304384403711	0.197431542535178	0.197376950451584	0.509393178958667	0.292446623853092	0.266229840309239	0.304687439531656	0.169682331868219	0.305832353227809	0.139380489840272	0.325588734280497	0.387417203482681	0.128001382035191	0.324128906623255	0.199703090616658	0.263665238718671	0.201901899644423	0.275934249026488	0.304024770654912	0.226546909813393	0.318939842421232	0.461269032143939	0.36396933653389	0.240057089606741	0.548399766396531	0.309930775732104	0.368311945069236	0.540885497537537	0.302700729134738	0.228976890313521	0.344997241574834	0.377300842114955	0.531351453912575	0.255815421058395	0.364630806233772	0.502691675624633	0.399748256844213	0.28034287203186	0.503656796579366	0.359009551746642	0.232934967640723	0.505114156808326	0.439111176831171	0.235680276129494	0.327005017247326	0.534132120145571	0.189647711829695	0.409116733551371	0.245249479531147	0.415859903247091	0.268643309639091	0.428710831970191	0.276032895770763	0.399730278597529	0.229633086624594	0.537597902279406	0.463936996620967	0.186003879285938	0.555151473965406	0.338754872996301	0.393914083241739	0.265017278974618	0.267941521458944	0.400826095892136	0.341687791734832	0.238380568850771	0.287317483412381
"SRR13357678"	0.178740096480832	0.290985419706456	0.225382730262798	0.29001241001673	0.283770680840962	0.449655178469994	0.204738494401386	0.318255882079347	0.408842700048164	0.411837375566421	0.635741190846169	0.221680170548801	0.588733202723357	0.400323146994175	0.215207066941092	0.220061070255434	0.488306363379347	0.356227356513802	0.26334547449196	0.311088087030536	0.169682331868219	0.379278017848427	0.155198711990672	0.391422906246679	0.455232671610618	0.134815999078935	0.378280820335953	0.219083869338021	0.233808534180097	0.224311436463139	0.284626314050501	0.32106937564665	0.258306122982116	0.317188516857374	0.537589821157004	0.515415789370279	0.273545468705576	0.691713924819549	0.362853694095265	0.527037003678378	0.512391609264838	0.369263888826773	0.330611694066833	0.388335184277874	0.425243113945854	0.625406115329034	0.255815421058395	0.428735959844476	0.244407306692867	0.428986694186514	0.386796600801709	0.532824849305557	0.438956995154253	0.244057967232863	0.551980345856221	0.472119293222114	0.290877008338945	0.327005017247326	0.575093943338436	0.280910825391583	0.420297067141472	0.334776771980442	0.47033558555666	0.327050278013839	0.482070631841755	0.30728053659657	0.633681396839428	0.227815368504781	0.567559353094059	0.455748238755817	0.181681082032501	0.592568065471319	0.394307740699854	0.586479812520101	0.347809035763709	0.297867935683264	0.43833936734621	0.39366892732292	0.262579087255584	0.307888702213415
"SRR13357677"	0.226594138571765	0.284098711378967	0.274378202619894	0.219282817921531	0.197261496217295	0.45694197787569	0.2898962586566	0.311322317322483	0.406984252116456	0.36163583107738	0.629038844929007	0.212333495458513	0.610450904617527	0.391204846814451	0.226241605105467	0.237559871948172	0.550843092229612	0.347371231706267	0.265274997175061	0.504738406325656	0.169682331868219	0.367458446425585	0.224456118522824	0.381477168879938	0.643401207315733	0.131752507065601	0.371136129726983	0.269623797168357	0.226933478870771	0.206878193471791	0.295828237714923	0.430751251155835	0.256266725019625	0.324672954993503	0.462424372636652	0.207869745210542	0.267188655813809	0.582017304897095	0.355437103417705	0.326253990759089	0.58449581640849	0.243617599858051	0.264808788810802	0.382600377451778	0.437529059394978	0.61883856388995	0.255815421058395	0.318050136013146	0.248025724790765	0.431604862767368	0.217626322553089	0.55668732284103	0.42652617801993	0.380003435320565	0.546009597600591	0.482139086968902	0.25256031837173	0.339569347378845	0.631661531346023	0.329448827314037	0.505032214379708	0.307605609635773	0.466510774961024	0.352604911296414	0.554523889985772	0.390203570006376	0.330526373218535	0.229031624522701	0.573239477844589	0.57891711347451	0.185205735045197	0.642595128602592	0.284728584425815	0.608860148272642	0.327422491840838	0.359397842328803	0.480367917706817	0.392810978782711	0.287829387871464	0.388169940581695
"SRR13357676"	0.237607840079971	0.284943980129693	0.278663242064648	0.216074521687802	0.193484314210185	0.761970662631638	0.293602052404762	0.577657744560652	0.198895640385943	0.444946285105029	0.521327483655225	0.557385656436492	0.580588817395821	0.511053452008137	0.194266121750559	0.272871092823421	0.558007136874784	0.554725156399412	0.467777662334656	0.525711032472115	0.496059162809535	0.721638532244198	0.358207233655849	0.536505358661179	0.712223809331087	0.16347070693203	0.441757669471987	0.307352130661532	0.245908287348042	0.462668692377857	0.292891621388231	0.28733301033777	0.741126720415766	0.643888828403393	0.469344924685972	0.204428674029046	0.735383683978731	0.456744034630558	0.476582728083226	0.301031070608057	0.651442589417741	0.274499827208136	0.414398255942204	0.496766698033953	0.56288336690576	0.568915416099553	0.276367210078403	0.316484965291704	0.723675210859138	0.74457529767767	0.307152945843702	0.561603349374384	0.514840121551147	0.302615552442997	0.52411220983814	0.503255610372787	0.479527534180244	0.340844404709324	0.589973732751955	0.56915050454735	0.520197442593793	0.469627059542725	0.571900478895533	0.451843682115499	0.542325865386474	0.561242013350311	0.304450754133308	0.477005965199067	0.728038738461156	0.740771416301868	0.62516117516513	0.597529680004409	0.311445822880061	0.70110284586742	0.6456959136148	0.529182807587429	0.53786301248808	0.626579045500117	0.280724179769265	0.27140575149598
"SRR13357672"	0.276216162695177	0.290985419706456	0.234019582646496	0.29001241001673	0.283770680840962	0.335819948824867	0.175985235088501	0.233726776512524	0.204640476622515	0.24444371027538	0.30687221263524	0.233879846016209	0.31801335674865	0.388110067597583	0.252080414941543	0.157494383059197	0.376941460035943	0.214594765802748	0.242813976829472	0.311088087030536	0.169682331868219	0.268589047203404	0.111857678942282	0.374525497912901	0.582424342764099	0.16347070693203	0.229759186068265	0.259540057296007	0.185662684824107	0.247745305327644	0.259093736854902	0.142750124395171	0.230620601699983	0.2013678746104	0.293245872022546	0.600778874058537	0.298302846978204	0.340781447535717	0.252257039535009	0.486117146621032	0.312402679975	0.392976306585429	0.335547288064532	0.191599007348308	0.147873989021368	0.257460426438774	0.255815421058395	0.220158223659196	0.222933985111829	0.342782282623302	0.475214458450078	0.249160673219115	0.228115334025168	0.154179029129556	0.41216487368419	0.167757528154194	0.351446280832633	0.327005017247326	0.317231754811187	0.178176287267464	0.223346286824853	0.155513182046713	0.291418007931664	0.119862358128385	0.154404130401098	0.137008238577854	0.516041402947503	0.214795788582432	0.3300843826028	0.299048101861928	0.157829005459522	0.31724274237712	0.228448196297911	0.636056850414387	0.30051779791645	0.332156026054703	0.146710283661226	0.213080666314458	0.20482135254141	0.169151216311944
"SRR13357670"	0.276216162695177	0.276247492972253	0.202040638207477	0.285990353465706	0.277145454860816	0.349549867223137	0.123912280813017	0.206691925056589	0.18411670335604	0.20429805217468	0.23113982136115	0.220702725824213	0.31801335674865	0.288881077879985	0.252080414941543	0.151318587748374	0.289156337952463	0.169309131676779	0.242813976829472	0.205057404644342	0.136981241561145	0.268589047203404	0.110529595380368	0.362130372352275	0.426597622830083	0.16347070693203	0.177586210371495	0.259540057296007	0.132637485277656	0.220053546405391	0.246721938694855	0.105341910884142	0.169361191142096	0.174869505185992	0.241877776253776	0.597731568896745	0.199765537344943	0.259145649875344	0.165868517900064	0.473268060195707	0.312402679975	0.290801873635145	0.27037235331843	0.146912607807156	0.108296798216169	0.185832283019117	0.254496522920056	0.175025056887808	0.178128224693701	0.261784380758482	0.395099135183072	0.249160673219115	0.182480233825726	0.14307332075656	0.33930259448756	0.0952238283790831	0.351446280832633	0.327005017247326	0.185476559280373	0.163772403039393	0.166121246089251	0.131298727816824	0.220742392542807	0.0961933671426052	0.114527776486152	0.112043653588726	0.516041402947503	0.188049377232258	0.3300843826028	0.299048101861928	0.120617338999025	0.192041729935749	0.165275448913262	0.458724636935114	0.211317272152414	0.234702524427311	0.0871452090154513	0.127200368894354	0.201373895900918	0.151081868607372
"SRR13357669"	0.276216162695177	0.290985419706456	0.234019582646496	0.29001241001673	0.283770680840962	0.374518528674803	0.175985235088501	0.227919696513676	0.366184119618719	0.230862928471955	0.202591779284892	0.233879846016209	0.31801335674865	0.388110067597583	0.202081843913221	0.157494383059197	0.189288733697793	0.157629670453722	0.242813976829472	0.311088087030536	0.169682331868219	0.76059945497676	0.111857678942282	0.255845716696602	0.249512136284948	0.16347070693203	0.174099308693908	0.253569029525266	0.185662684824107	0.247745305327644	0.259093736854902	0.156923256710355	0.270703888276895	0.195519363210295	0.293245872022546	0.600778874058537	0.299792459641361	0.25830465906736	0.245693899891096	0.486117146621032	0.313654382960024	0.392976306585429	0.335547288064532	0.191599007348308	0.134227038836839	0.257460426438774	0.255815421058395	0.220158223659196	0.136433025288916	0.230390396189504	0.457716098554555	0.228952062375347	0.228115334025168	0.171305879307993	0.430762349366733	0.167757528154194	0.351446280832633	0.327005017247326	0.156591169817558	0.178176287267464	0.221832563010471	0.155513182046713	0.223568133792696	0.102950288892123	0.138212871060436	0.137008238577854	0.516041402947503	0.214795788582432	0.316556855717595	0.299048101861928	0.124941553453064	0.252930147385995	0.228448196297911	0.512579355575647	0.30051779791645	0.332156026054703	0.142965851860532	0.213080666314458	0.20482135254141	0.174158435932405
"SRR13357668"	0.299482075262134	0.290985419706456	0.234019582646496	0.29001241001673	0.283770680840962	0.373709559458726	0.175985235088501	0.274795815665725	0.359875560252564	0.306504199955153	0.340908737449183	0.233879846016209	0.374757631449238	0.388110067597583	0.265597291434034	0.157494383059197	0.403782939819295	0.220826612668469	0.257044361172068	0.311088087030536	0.169682331868219	0.268589047203404	0.111857678942282	0.39445632230178	0.583461585043802	0.16347070693203	0.229759186068265	0.287882251842578	0.185662684824107	0.247745305327644	0.259093736854902	0.254079271523703	0.324917857826692	0.256810918142176	0.381505459246383	0.607774285015041	0.304017118839102	0.408956355439327	0.317448104027438	0.486117146621032	0.449416831680437	0.392976306585429	0.335547288064532	0.231480602694609	0.202826713094997	0.298506063802259	0.255815421058395	0.288331108178316	0.247530973338276	0.394160057558794	0.475214458450078	0.348212439400813	0.279137950616801	0.197622684359571	0.41216487368419	0.25727103896716	0.352381261524281	0.327005017247326	0.437964386861323	0.197485055702559	0.293904620167604	0.184750535595104	0.328282982573701	0.125376456892042	0.229274379873839	0.174294272218029	0.586845574852071	0.223835363068697	0.427949190701675	0.385163714212762	0.175190800996948	0.363227454619865	0.298339585209301	0.633480493212025	0.338135283729807	0.332156026054703	0.224588197974688	0.278802974768875	0.20482135254141	0.242611967358449
"SRR13357664"	0.204563389700935	0.180374792091554	0.138897165321735	0.19092922182026	0.188034687668831	0.0825038146981262	0.0971884207510617	0.0847772683366767	0.164778454680752	0.167391411432997	0.0782657421183861	0.166608334728206	0.115818714410314	0.164152232444126	0.150461448712227	0.120715941075444	0.0888192087331319	0.0737632321602555	0.148830036140679	0.151120543296287	0.118368875722146	0.130563389850666	0.100056738367722	0.10127558541353	0.158892165722818	0.144009816532941	0.0796041179411829	0.148804471245423	0.105047057041917	0.183262325805253	0.169249681111501	0.0944380449273424	0.134452911440264	0.0791790680255265	0.0924125983702423	0.340246436015155	0.0888314354940143	0.119374993206773	0.0892863045778557	0.226121657873418	0.0637633192226935	0.189019430152873	0.214474586545031	0.0795776008856802	0.0522241977236408	0.0713220233081406	0.183271959864903	0.0920461193139227	0.101034504958497	0.0891846324751701	0.298264171919472	0.0831744328428896	0.0826524363482631	0.0957835253797473	0.156971119833364	0.0640519144347653	0.226301361584719	0.184948251280863	0.0651626057203794	0.107655983146175	0.0728445915373138	0.0844280464259545	0.080752256750283	0.0513236067255204	0.0522849036310114	0.0678324482404423	0.240227102962214	0.146209506431495	0.143293444308183	0.0740823899182165	0.0912794016717016	0.0445605613402416	0.085532990596173	0.308688247385575	0.130598625419822	0.123121240411743	0.0596746667846616	0.0705150810925987	0.156438772351354	0.0986780546594648
"SRR13357663"	0.29619119388889	0.279606713572554	0.200265312480569	0.286915375828312	0.278665579808266	0.407621643952449	0.134608767388125	0.218353071503187	0.208839863368847	0.2514766123096	0.202227168245282	0.223695131569407	0.366641008752736	0.31044880161203	0.226268863301677	0.152725608370896	0.21829449370276	0.146814404664679	0.255039966307142	0.22691973445617	0.144021196068114	0.263892109911642	0.110834788174756	0.318417942244023	0.251777487444236	0.150880506480853	0.153887873168634	0.279354728494363	0.143602372958644	0.226239978372016	0.249540843996168	0.134635917300965	0.212401802918001	0.219940573942501	0.322952678413946	0.539389368909494	0.225035892785482	0.271058886218443	0.224167762650672	0.414094631833115	0.429418115734179	0.313001088195169	0.284689668720082	0.185597968670014	0.139283977319777	0.230685195032295	0.254800429417721	0.22376661125875	0.158120637844019	0.262693098339745	0.391005052856454	0.316107923216991	0.231103414171303	0.147407803330963	0.355589267457029	0.163126091416876	0.352251613458327	0.327005017247326	0.209890673202028	0.182745687201915	0.213169234600197	0.159065433258126	0.217638492847162	0.0797985819998911	0.162828491962754	0.145336872731602	0.548997130632895	0.201195422130401	0.403248792672486	0.372635474977475	0.130870416855931	0.193030805152131	0.210629567037059	0.459886513225149	0.257529325627029	0.255328815228293	0.143631107756261	0.185985758764014	0.202165444941855	0.155718717198818
"SRR13357662"	0.333792831393554	0.290985419706456	0.234019582646496	0.29001241001673	0.283770680840962	0.423329349772974	0.191224765559166	0.311588130056621	0.273090096821295	0.351908372214307	0.372737802059104	0.233879846016209	0.472253681286721	0.400348842364154	0.220019641436472	0.189558342009505	0.339310315509084	0.241381086659801	0.25400691506859	0.311088087030536	0.169682331868219	0.351434507889896	0.133959035253619	0.366524208871721	0.375961891201866	0.16347070693203	0.24871469006508	0.276619808471204	0.217039830988314	0.247745305327644	0.272806616153811	0.194461632058914	0.278569094697518	0.255052028104028	0.421996186507259	0.631771027180812	0.331247107797147	0.454988409604341	0.358179606407353	0.546130248863018	0.419156125574938	0.392976306585429	0.380114384338885	0.288903415754905	0.2634575081683	0.44981826329223	0.255815421058395	0.333099504278556	0.172050732121669	0.327961433035034	0.450954384392874	0.373593114158629	0.369374197112725	0.179463707060436	0.487962295013402	0.313295674140859	0.359917037652882	0.327005017247326	0.344961586983926	0.287248912806909	0.341079413755632	0.266849102390036	0.335708874349065	0.205804110592311	0.286032754118806	0.217891785416488	0.6175462584711	0.221912094172761	0.458499801436882	0.382187889335742	0.149890303369248	0.447659710008065	0.336580905154026	0.567228842062858	0.392690333155672	0.355950150209868	0.277614480558553	0.330799334798223	0.235025550351237	0.208952967032398
"SRR13357661"	0.383502588992347	0.265106416712949	0.179502385122919	0.282884506261179	0.272057639462598	0.373174324122013	0.106643060414211	0.333575559059938	0.304215400785688	0.378282385046169	0.345189230689754	0.21082510321136	0.596642935753941	0.236606043620848	0.242364227384302	0.193347773444778	0.366706582545424	0.205253558588917	0.27055265798723	0.142998579014298	0.115352381905801	0.400041870023866	0.142985084959415	0.45076601051921	0.31196894132573	0.16347070693203	0.192230299894913	0.310992419960478	0.130287784775656	0.200096234455689	0.256769987298294	0.208971670836986	0.224545161834365	0.273382763033384	0.446961022879784	0.646239938219377	0.170659123937897	0.448853632773743	0.26488403223257	0.552329256878046	0.582681422428525	0.223258589483443	0.279823005418275	0.263256705041201	0.275973142619744	0.406895491549677	0.253473547172383	0.341425525454866	0.152466839944295	0.295558938740749	0.312973507084181	0.545759720948384	0.37721396740313	0.198241108820556	0.38862358918672	0.242021045140905	0.364759798796067	0.327005017247326	0.33465007988051	0.332938603042422	0.322184266235762	0.293724523764202	0.285348829601169	0.206970829347215	0.329248724966437	0.23113138245608	0.709617979945089	0.183761183605883	0.608529824238516	0.496384368151477	0.120018512564844	0.304795317637773	0.296530435421719	0.311899985761671	0.279170469548854	0.197573336879776	0.230081139745543	0.222785980223464	0.243680530131302	0.252656830415583
"SRR13357656"	0.276216162695177	0.290985419706456	0.234019582646496	0.29001241001673	0.283770680840962	0.374518528674803	0.175985235088501	0.227811673196922	0.287484557941811	0.223176102615375	0.155161117285462	0.233879846016209	0.31801335674865	0.388110067597583	0.17648955494596	0.157494383059197	0.186561469923649	0.130432769402739	0.242813976829472	0.311088087030536	0.169682331868219	0.258168533248661	0.111857678942282	0.226634407660263	0.244506025833599	0.16347070693203	0.146827899935873	0.250122492568527	0.185662684824107	0.247745305327644	0.259093736854902	0.121272206005482	0.242961001849689	0.192162112982489	0.293245872022546	0.600778874058537	0.299792459641361	0.21660122518959	0.241912826181707	0.486117146621032	0.312402679975	0.392976306585429	0.335547288064532	0.191599007348308	0.126756260842016	0.257460426438774	0.255815421058395	0.220158223659196	0.113742845094008	0.204499703675594	0.475214458450078	0.21769015956399	0.228115334025168	0.149123104590409	0.41216487368419	0.167757528154194	0.351446280832633	0.327005017247326	0.15083400704172	0.178176287267464	0.221804219931534	0.155513182046713	0.18949683367956	0.0940758069431615	0.129428448028584	0.137008238577854	0.516041402947503	0.214795788582432	0.308792332411864	0.299048101861928	0.124384477035896	0.251660996068885	0.228448196297911	0.510087935009499	0.30051779791645	0.332156026054703	0.14081509460303	0.213080666314458	0.20482135254141	0.140750342130355
"SRR13357655"	0.276216162695177	0.290985419706456	0.234019582646496	0.29001241001673	0.283770680840962	0.374518528674803	0.175985235088501	0.192576423442924	0.366184119618719	0.172729384985824	0.145630725564867	0.220698772806403	0.31801335674865	0.377118166316148	0.170978949322224	0.157494383059197	0.192594568108891	0.124773133862736	0.242813976829472	0.311088087030536	0.169682331868219	0.257297194538231	0.111857678942282	0.22254592893381	0.255596065931762	0.143653710038913	0.141081344000723	0.249334530343035	0.185662684824107	0.222458686510473	0.259093736854902	0.135471082253195	0.264129459199604	0.191396490635159	0.293245872022546	0.600778874058537	0.299792459641361	0.207733221219874	0.235086309050034	0.486117146621032	0.312402679975	0.392976306585429	0.251023985411591	0.191599007348308	0.125089709396426	0.257460426438774	0.255815421058395	0.220158223659196	0.110120683582968	0.201080660462724	0.441471170764694	0.215158220518063	0.220284323742984	0.160948865585364	0.41216487368419	0.167757528154194	0.296545325982908	0.327005017247326	0.152504010773897	0.178176287267464	0.22078713039049	0.137840591924443	0.182250965754399	0.0921347921936998	0.127477247468563	0.137008238577854	0.516041402947503	0.214795788582432	0.305914469011404	0.299048101861928	0.125611436407067	0.254455450771369	0.228448196297911	0.457395661121515	0.283968340441837	0.332156026054703	0.140324456258009	0.210977007970366	0.20482135254141	0.15183541322689
"SRR13358134"	0.465410895735277	0.333017713700019	0.30427771767108	0.29001241001673	0.283770680840962	0.850606078678682	0.442245824915234	0.625616675410909	0.366184119618719	0.311897430695605	0.243537465059003	0.67435168000271	0.281563913993719	0.529377485732998	0.238621392358873	0.239001187349484	0.276329063436986	0.562115970233581	0.549322952523223	0.656717217358821	0.630886845304294	0.802899993178891	0.406839339217505	0.49202222141311	0.900920994188057	0.16347070693203	0.480110571104402	0.441495673382531	0.553186682433677	0.546791699855539	0.278905318336391	0.394171435236515	0.936463348578658	0.802853522381117	0.590039672525458	0.686542026679654	0.806372122875925	0.315465199086654	0.365332621105815	0.481358186287199	0.824030327268262	0.578659788542303	0.523937652267686	0.520641303678329	0.508403538212885	0.258211950838784	0.283817759771047	0.356589059912038	0.579642974945036	0.816280278648043	0.675289947724849	0.553994279073433	0.421102436007154	0.41813449206123	0.394859542537212	0.287321473139667	0.508962015038527	0.348276339101903	0.475605962079541	0.639844814968119	0.464257187251131	0.400903628134144	0.615756966663795	0.342941175597447	0.447381460691655	0.683137452823379	0.738891518001516	0.577356123830203	0.680358092428755	0.873406185035062	0.75336668095473	0.324080710522812	0.471521736780091	0.918021643357659	0.754346843704489	0.703136711629299	0.387806745796938	0.663883098114439	0.255690760321869	0.357165717374406
"SRR13358133"	0.464703067670596	0.314016129330523	0.260233262564557	0.285717372039707	0.276697271095943	0.376957485030998	0.225746631941999	0.242656732569576	0.304335279746276	0.256518029268791	0.283834275048919	0.207744377705479	0.470946499332261	0.241181819465634	0.304495721119097	0.176483553203184	0.292127248355557	0.176639455086941	0.271006635155916	0.488120895430497	0.134957238535224	0.268589047203404	0.208801315941347	0.400249473080398	0.865654950892858	0.144451928239984	0.174391810585686	0.422683290251588	0.205091306384676	0.194138775240343	0.264121407835984	0.395683201955313	0.275604873614874	0.278908455446569	0.405174625536927	0.611138941079684	0.201448782024216	0.375295553091419	0.249829192518565	0.472393174846971	0.667340332234024	0.284423070794598	0.196801328992633	0.211777525268385	0.199768960741815	0.248393435277792	0.254406770914388	0.295934964159539	0.217433374928551	0.347221685020679	0.34878696348877	0.491289745125485	0.261952033181592	0.393450432768762	0.300016774513892	0.224105342698679	0.300446331977578	0.346840751606985	0.530928125638468	0.285016157563204	0.368226358916555	0.154284922868161	0.278704534469694	0.103652978561088	0.333710565731029	0.276619831986772	0.650755498224615	0.202409372797473	0.524989265023978	0.649881318730035	0.146428157144979	0.242565133737073	0.280392670468098	0.747687084244721	0.251872170107858	0.328363732083562	0.238788492140515	0.216331647037176	0.248809952618696	0.350969445422656
"SRR13358131"	0.425049372172315	0.297481052174955	0.230930690771803	0.284575484350515	0.274824587318724	0.47407179496694	0.170738128682826	0.282893812386299	0.300055838714368	0.290658504848675	0.128956066541366	0.216170384067006	0.471798109618571	0.257605203246998	0.211506994067901	0.166421453215281	0.332951298249866	0.0968197050026169	0.274111692562389	0.354487344575165	0.126751058361698	0.257860860732313	0.172641642141538	0.309321638855517	0.761638422553205	0.16347070693203	0.0985373795439411	0.383669635481588	0.162816247845372	0.210805565294538	0.254877910603076	0.25628953335345	0.246864207144179	0.270025476356165	0.406464876853156	0.611711552488557	0.180671711221237	0.2305018540184	0.237174234325818	0.46872996105315	0.670720311366112	0.258639330184951	0.249320526615295	0.204888240133742	0.168730055305279	0.234267131977653	0.254031003552912	0.294462211791924	0.133037249401574	0.254643157070452	0.367836914111535	0.461524022053818	0.265584350263514	0.282809087802086	0.315061259140523	0.211513526866371	0.353460512382767	0.34098310460265	0.460452989760293	0.255985330244359	0.335938536583629	0.180542811883576	0.167498259494167	0.076114871518393	0.262718401621288	0.241822934666505	0.664075371907725	0.19655626696848	0.522550747434943	0.616894327407295	0.142055881344374	0.238748598653785	0.272337365270438	0.681037751127716	0.247658209799313	0.267636764845797	0.208352854288075	0.201233686452479	0.232355598397497	0.240502917918484
"SRR13358130"	0.276216162695177	0.253508899967159	0.192904525939945	0.239239781679453	0.219326302200207	0.342040991399995	0.110820212422816	0.198170105791012	0.302227760030694	0.174586511028868	0.0970187879620415	0.21676630408125	0.31801335674865	0.261614807513646	0.174243197096195	0.149463229851242	0.289458126761214	0.0910601167063451	0.242813976829472	0.174414241956472	0.128066439853422	0.257815736772776	0.110124710171531	0.273386062055515	0.273873818970502	0.16347070693203	0.0996724508681559	0.249803464076147	0.0972316220580646	0.212012905128897	0.243005018327258	0.0887687158190557	0.174317942656445	0.159080682695071	0.192359886927948	0.349134352367821	0.174602170864221	0.107770031198097	0.137647710121518	0.315215235679314	0.312402679975	0.197227142649161	0.252042676272364	0.13299555764935	0.0829817321898133	0.167191497692439	0.254092578216719	0.119914996074179	0.104080645180644	0.178459122177414	0.275626925861727	0.212744338438088	0.169978399090706	0.143710537188765	0.318215696718592	0.0793702759249717	0.351446280832633	0.327005017247326	0.130861524984763	0.159543094732173	0.151238456344092	0.124536353719242	0.123473235097465	0.0693738027721124	0.0859783292402544	0.105219228153212	0.310735998500684	0.180370888075983	0.308075395525751	0.299048101861928	0.114337470637653	0.166729728833835	0.106602729785449	0.308337229677887	0.188170926106008	0.209100162723133	0.0704928740846695	0.107541986936659	0.197251070660261	0.129099061593053
"SRR13358125"	0.419782552682606	0.317027648895525	0.265456535717418	0.28582208241636	0.276869163119615	0.277416595546866	0.236274603486319	0.201038837666783	0.307267190806051	0.193146559583648	0.159080770061124	0.220160853140897	0.355523246734925	0.285050242188504	0.234135771922431	0.178427047509621	0.149657937328553	0.129267619643999	0.242813976829472	0.521265818740847	0.135730743027911	0.263262996421303	0.21701390022236	0.262768438818591	0.683266748466411	0.16347070693203	0.138746137861435	0.357769313937499	0.212685062905296	0.218940050028106	0.265660970218899	0.219175500494074	0.196542809227673	0.169610312731751	0.240744734568457	0.597603355503104	0.193977323287458	0.200258893842343	0.15900462510674	0.472728803376159	0.396032968448454	0.286860307162539	0.267814235122302	0.145238672172193	0.0985040246503145	0.183188800404044	0.254441201653797	0.1732985257137	0.115544582836008	0.179865114953735	0.391822981845777	0.262844108453334	0.180727561025617	0.357431547713759	0.336375655402114	0.0928970651783551	0.351446280832633	0.348573851181977	0.165883543084164	0.243568449866437	0.2261891918441	0.130354937304501	0.173090436433427	0.0840672976001493	0.153257244201253	0.186483996463726	0.516041402947503	0.186983608494137	0.319175220579427	0.479359202638831	0.0967145639338159	0.134941624103103	0.162955959243732	0.736988636825162	0.208029573305944	0.338333641203118	0.102516822256483	0.124338380936204	0.252236895625333	0.243991364835983
"SRR13358124"	0.369704950252558	0.29231056553278	0.238187822537264	0.260605136380994	0.246044736578857	0.388965762744978	0.19880416140485	0.207717869236394	0.328710801271573	0.244195250694634	0.265137825203593	0.223941757479413	0.371001959102802	0.312256045912535	0.274352305071569	0.168245445759467	0.137773244108128	0.182847153392628	0.250598634533665	0.403556600322824	0.144611554274977	0.346778845979815	0.165042696495628	0.315347310917589	0.288225112847548	0.153060287810405	0.189674950146472	0.334204395395646	0.172193234669836	0.226752627822867	0.260923974549275	0.251786338009363	0.243493140823277	0.208457994230551	0.273999460593228	0.407357951580193	0.213246477269407	0.277124657555816	0.213143274799599	0.338752010760611	0.436822366621705	0.271522746207779	0.285883606251354	0.174077629802876	0.136454513959976	0.220981955574851	0.254825357499959	0.176875120486805	0.166071193464648	0.249770249329107	0.355727986661719	0.318460502662977	0.217470645079901	0.289060709297145	0.359890027440116	0.14300995897604	0.351962006552171	0.339304028702328	0.157531750245125	0.223170286451294	0.237040822742776	0.151135706819677	0.254820039400084	0.090947375849307	0.193286453967288	0.181342975490316	0.411836252275259	0.199082044262237	0.382864407328538	0.450581652356089	0.109964709559787	0.159466839139803	0.164896953668783	0.562921495447091	0.24907385964737	0.319488462107269	0.143905814079017	0.171526714781434	0.228692630182605	0.257255059832291
"SRR13358123"	0.371162503878511	0.319707749056763	0.272582646284796	0.29001241001673	0.283770680840962	0.555875116923635	0.269257649455005	0.300542925672189	0.366184119618719	0.24444371027538	0.30687221263524	0.399518450399099	0.3433646024384	0.444695268624647	0.269478474496107	0.196233176133178	0.35192907296322	0.335600959158969	0.343736713866178	0.55052366481273	0.326602195725895	0.864231753485682	0.239183268151155	0.418862457758118	0.846826321335578	0.153279032408992	0.301681257202045	0.328422199468689	0.253681702306302	0.358399911906861	0.272688076879755	0.283979219518721	0.600683835134204	0.351197920487672	0.309123394653259	0.54848056743773	0.513969028634848	0.340781447535717	0.264963236046785	0.435811485946194	0.406803320626607	0.392976306585429	0.34191550058007	0.245465670121774	0.202006232318856	0.257460426438774	0.266988743288146	0.210574507662703	0.397630644809466	0.556142470518135	0.459023313832245	0.292773613651382	0.245352540314652	0.32280226504847	0.429668962583934	0.18866264221358	0.412988992841014	0.341636771331893	0.39639823511204	0.354864912090155	0.266646504987929	0.194459396782242	0.371483861114067	0.151452760752111	0.216332099335131	0.267632004388171	0.49300610577331	0.336595557779847	0.434362387890495	0.51699015336756	0.362165281955229	0.285165559577086	0.213739533267701	0.853205718473188	0.458895426616874	0.459661318852528	0.198375027280475	0.321887753422316	0.239136179909648	0.271532092173228
"SRR13358117"	0.244757546832831	0.254839771460759	0.234019582646496	0.205832029710804	0.181529537795307	0.679110932739518	0.196860125645404	0.438475830507512	0.397470612935889	0.323542252431153	0.347521120605102	0.427829728750347	0.541360572965191	0.463521534469526	0.159529064050889	0.230095717571034	0.543743961278154	0.364466486007103	0.398733175189698	0.299715582798965	0.378524418367662	0.613679267986041	0.209277938743837	0.437808099804841	0.313464174209991	0.140312615090466	0.302977508496354	0.25908942890679	0.205938122896597	0.352269784888874	0.277772160503959	0.230815039734217	0.683718127709501	0.520694015382598	0.425895631514116	0.220847105418328	0.622916467869583	0.321078692251194	0.431453461639193	0.265603367371735	0.557547597836826	0.24970522523769	0.295675032805096	0.434532499829153	0.451084612417703	0.542672823036499	0.269984525115468	0.272005893675384	0.46348884220455	0.598014650820283	0.236819571398544	0.467946398745698	0.466414347366639	0.20182643455524	0.515134087835717	0.46668905102548	0.371071267151365	0.327005017247326	0.442262028551855	0.450910151880031	0.430749839402736	0.371811534051422	0.4176923716054	0.333888479691967	0.394264752874858	0.388765907742238	0.263200128463845	0.391374839293741	0.652527578782387	0.569466659415622	0.473696297552196	0.580006171093373	0.265040059738805	0.345936451603404	0.570892042558991	0.416952587428954	0.436938797517885	0.551814675947549	0.239593627314873	0.224582628077409
"SRR13358116"	0.316159714347428	0.251201905561455	0.212414385865317	0.215659771429773	0.192190435446813	0.665463551996137	0.139754306908432	0.396988179080318	0.332935837887435	0.294116990210576	0.154160112911195	0.412771500199843	0.416111738797346	0.380711725213056	0.193380429016589	0.173703580169037	0.40154499824089	0.20719381433122	0.388782685341723	0.229377667316889	0.315374458857407	0.45982744572672	0.159233236626916	0.353881205424532	0.294772689316418	0.16347070693203	0.173297723567381	0.297824252614081	0.107797720756816	0.351161561538823	0.250836936099128	0.188181886514711	0.646497068676783	0.461811866221014	0.3439270640303	0.232588276713224	0.467999698735883	0.176169284458873	0.293952709748984	0.240597262296302	0.59340049510917	0.207233073368082	0.298090668196165	0.285758514059074	0.258525397940323	0.27076360862967	0.26761093004638	0.194610048618518	0.309616918769835	0.51908350815824	0.247805464190013	0.403971764661634	0.301443193951864	0.169148313186238	0.363152056970941	0.277646983181706	0.423214937538381	0.327005017247326	0.31795447552108	0.328744931259849	0.304071322718736	0.237685874896412	0.267668557285546	0.133448792902761	0.23210405451793	0.262129584997585	0.299783960771379	0.350526715719417	0.599079034658657	0.561132106636954	0.402400903775263	0.311970468756881	0.183294747873884	0.340259347635291	0.476491735617772	0.305432255755156	0.253071015775065	0.38242247751807	0.197517721708768	0.185547065113485
"SRR13358115"	0.164939336292498	0.290985419706456	0.234019582646496	0.29001241001673	0.283770680840962	0.774918743482866	0.199426082513372	0.639719317542936	0.394651985858842	0.497993563359822	0.608095747197604	0.614635833396914	0.584763285458566	0.529231458991916	0.216823550163068	0.257392539098404	0.579514733804095	0.67569107440183	0.513519143047959	0.311088087030536	0.561282282137694	0.773636067678179	0.272673051315284	0.611810972245426	0.638324586474514	0.16347070693203	0.540777488908108	0.256299115213748	0.263686667639309	0.502660770564764	0.280015519972049	0.351114573320248	0.867038983889254	0.730805224164912	0.607987405606876	0.614350259105838	0.786576859647118	0.686157040332931	0.527578154376776	0.56255199452603	0.66843463662262	0.389829912608225	0.41845454986257	0.558622701232952	0.659304439360657	0.598452087554307	0.279891561157781	0.470366778003871	0.66725525997084	0.833987297265827	0.45591785339796	0.629527858881472	0.55728755117813	0.244563614714055	0.527292198920661	0.589382506824605	0.500125012168803	0.327005017247326	0.64103975785627	0.539799002554382	0.502047899170734	0.518956516787165	0.683292871938121	0.530091006066845	0.562153270746748	0.53123832182302	0.674920716006683	0.529767361868839	0.795495443630653	0.700619720829895	0.711420044235344	0.611374339603382	0.470292430590645	0.622359294457245	0.700967703578471	0.457896441013381	0.5852266157724	0.698827692986443	0.251673522536099	0.320921436626822
"SRR13358114"	0.143737936782312	0.275390655130994	0.234019582646496	0.252183000743802	0.236801029485304	0.727805796239585	0.19049373574648	0.522621234135776	0.388110374874581	0.418496454674931	0.505523721697191	0.510343930441843	0.494842174667362	0.490266072608052	0.211146286267689	0.221559979821008	0.532305463672811	0.535043171158824	0.438650905027751	0.306267307282257	0.443829075878316	0.637380691214115	0.214707023811004	0.545684632668291	0.512245015740529	0.16347070693203	0.43636292261413	0.24418670127034	0.174809456714223	0.430967867360787	0.272158482974333	0.296505540150578	0.734698880276858	0.597880663334756	0.478818996374692	0.342369074138018	0.677081716064553	0.523875320761656	0.44515596105256	0.397883184761947	0.589730679336563	0.320718930983096	0.388579806255287	0.437597453746791	0.495437237021438	0.480275333468964	0.273565336858685	0.326761850292196	0.550609576324542	0.728111827411773	0.353673553880379	0.519107113544121	0.449661020357116	0.22549442595551	0.484394859977854	0.458032298350244	0.459410479342126	0.327005017247326	0.525017654335935	0.374305387272494	0.416598688321076	0.389086294904221	0.573034173206093	0.366783179869593	0.425418670912008	0.397441222455675	0.450128926712138	0.440050086222636	0.687404808834705	0.605935238800136	0.566393241742597	0.536694699674731	0.325671482873529	0.54775970407144	0.561819295040589	0.419930525456334	0.443194692413509	0.549744081060624	0.230758759496567	0.278919011854042
"SRR13358110"	0.457307368404883	0.282171978706015	0.27626256887829	0.213088998995656	0.189983125280742	0.461415585214906	0.285229038183685	0.358866291383898	0.22633464727137	0.39913625310441	0.421522964957794	0.233879846016209	0.408636338563915	0.404417987145226	0.239818512298055	0.221508494319395	0.50300981953289	0.269852604722811	0.26271617331769	0.513160715359162	0.169682331868219	0.383082419565199	0.212982750652909	0.43605204081859	0.626509099905934	0.16347070693203	0.270675501661858	0.359385911764966	0.221488316281584	0.247745305327644	0.290146154526059	0.290559682634839	0.287665247051428	0.298202661788525	0.391934892862974	0.235815523580155	0.344355479580729	0.380632366330238	0.385919876908702	0.29123247680224	0.561970380847897	0.252907405567688	0.395329406888978	0.293546044850734	0.319730532594759	0.426077469357301	0.255815421058395	0.233530548630231	0.191932894443984	0.404919976729423	0.296071419142251	0.480382441419443	0.427006466170938	0.298134388295079	0.498286954506982	0.30624793183521	0.363053718380954	0.340131279374376	0.559460758794134	0.389505052357225	0.478949518389577	0.304193663398945	0.383642475866473	0.253260151798559	0.431948709955235	0.348736683227545	0.312783026611086	0.227418448222239	0.476123796299794	0.560504666078511	0.175551908631227	0.557681247534141	0.260040344253963	0.684775941463513	0.439670681081594	0.44208135064044	0.352287901290841	0.404796317666945	0.273518115990987	0.285538881311613
"SRR13358108"	0.314158101264513	0.253386130141013	0.234019582646496	0.202722271725869	0.177932382210729	0.456324555957393	0.175985235088501	0.297859289101537	0.202382805655182	0.314124250931694	0.257321419971799	0.233879846016209	0.257061088741265	0.340462269497106	0.233455480068718	0.157494383059197	0.357128266068094	0.179030546088983	0.265955987455462	0.29187777632567	0.169682331868219	0.263615610965821	0.111857678942282	0.356680886886949	0.253443970256879	0.16347070693203	0.186875338106985	0.301010814158395	0.12603326814606	0.244899566083584	0.259093736854902	0.186633229663513	0.288297038865488	0.289323991852327	0.320458209121884	0.170242357469597	0.310370151037408	0.226313576632131	0.305484597101088	0.200254675456693	0.538197186451992	0.234609082913874	0.335547288064532	0.212810665712138	0.205997887439728	0.230342407103952	0.255815421058395	0.168701233624876	0.202038318983446	0.377862513253059	0.243522982443995	0.38226051756799	0.296184952998439	0.158202583848009	0.351704216249409	0.223299264505608	0.352950119500238	0.326527881373532	0.383836757576286	0.193708454054483	0.341684597847757	0.173938903189641	0.293416888374785	0.115081582167368	0.24772425679342	0.20063314230201	0.230633443597826	0.229460612545725	0.410400142278955	0.441717794997866	0.179444550607288	0.384200280238254	0.197062480268897	0.380865682490809	0.362084367861037	0.332156026054703	0.231300782438618	0.324319252895244	0.198577855357298	0.187882904154955
"SRR13358107"	0.406803082946623	0.275109330828593	0.263686821308685	0.202798404986846	0.17802026206906	0.640233025946926	0.250756711438988	0.395999162641402	0.176808077179951	0.331926920823769	0.229913700528759	0.404765026180882	0.275437207867896	0.446308477700188	0.23339281962778	0.193053795809968	0.387536168450819	0.266518460197781	0.381971763430768	0.492748433110427	0.331948912087845	0.443217281683674	0.223846573529266	0.385232945570592	0.494486501713804	0.152914764530814	0.229008049259463	0.372005321143785	0.16699096428758	0.361810242208968	0.270258405562849	0.255224674696287	0.622684410209485	0.499190585916882	0.37024917108946	0.143240349089383	0.533822146287803	0.218142182581204	0.351127189304792	0.168563542727107	0.67887567742009	0.234742495254048	0.342094718574851	0.285089471179296	0.295225625964403	0.232701718547825	0.267306150306549	0.176622364736453	0.353514239481519	0.596777893847026	0.254243873413776	0.470941101367834	0.33779166626475	0.244813376835793	0.394689717856879	0.276822667366912	0.416753259144159	0.339033263854939	0.487969836207213	0.376718825568045	0.419714467488527	0.24337441849527	0.362128720992321	0.141330702722214	0.350097114122058	0.377901743160578	0.233890096179633	0.3645520292891	0.548789406121039	0.680133089165094	0.415181289681736	0.34932086458014	0.205690103800532	0.628155941699465	0.549951936014838	0.445040137647133	0.331520118868121	0.49556521483489	0.225961251315764	0.222807930255499
"SRR13358106"	0.303486412846927	0.251250302523989	0.234019582646496	0.198195925983747	0.172724711357992	0.447284515902193	0.175985235088501	0.277893149041221	0.223673066371214	0.285974309272035	0.23477244634301	0.233879846016209	0.252032404951918	0.388110067597583	0.222340117350875	0.157494383059197	0.391381948996464	0.170565860812637	0.259480092473723	0.298545014462502	0.169682331868219	0.262875903268781	0.111857678942282	0.33981195474147	0.231501928731387	0.16347070693203	0.181013552214739	0.287238128081655	0.123057913155878	0.247745305327644	0.259093736854902	0.16806640471587	0.275892747751391	0.260843899473202	0.280588291832553	0.152088984054756	0.307452689054193	0.194662051687363	0.290020675710764	0.188335156314145	0.473796399774788	0.226705402360367	0.335547288064532	0.199472375685662	0.180194870468638	0.224520055202876	0.255815421058395	0.145190659060356	0.186816758513933	0.347037662187806	0.245378910723084	0.333447224014384	0.273918704619318	0.156923693030584	0.398651503518201	0.194153627933266	0.352537951736048	0.327005017247326	0.319441070775523	0.186976465801531	0.306779537782724	0.174479284388624	0.269939769253437	0.110890463796126	0.209388099081886	0.181267047293104	0.192464070837413	0.225375380092871	0.372923986027909	0.400506491205631	0.171043473634198	0.36652495796116	0.166594800520956	0.381727134287928	0.34465755219363	0.332156026054703	0.197282308375768	0.290948810810616	0.198210443323641	0.177274533255929
"SRR13358102"	0.205837246866551	0.175349690694422	0.126007769452565	0.190656176514263	0.186435766129503	0.0495580972697102	0.0772313757705255	0.0771135949572056	0.140691567533973	0.136848536239536	0.0320061130701552	0.161137841064146	0.118416669443949	0.0751410313115454	0.109860492733635	0.118155953575041	0.0251003010446626	0.039552300194989	0.150356816034141	0.102094902322418	0.103185270657272	0.127566015061779	0.0995013954008397	0.0653135730264719	0.062161591951488	0.143518369341692	0.0437109945748829	0.145392747181508	0.0842225579496765	0.163496237893105	0.16487177546915	0.0572521559639902	0.102632556444927	0.0696417255268491	0.0812226308900648	0.338799037572714	0.0655114954226048	0.0606490455945857	0.0554112738565827	0.221204294459287	0.0660422895004367	0.150570280889268	0.184637880918698	0.06699954541211	0.0370989849016784	0.0570081813950232	0.183867377740391	0.0788784107660776	0.0514200647775184	0.0472287836463624	0.221740009975469	0.0719764037878967	0.0714924113767908	0.0804411540689289	0.0805645710884764	0.043990546390505	0.228444959242419	0.186240413243809	0.0272200117454917	0.102591503018874	0.058089912763463	0.0606357210851876	0.0427772634467077	0.0357523781231575	0.0367780324651636	0.0599247196550301	0.243099445587387	0.134407587890799	0.136139978558589	0.0763866320395643	0.0685380819064636	0.0217978976837706	0.0682795384124147	0.146074005827858	0.101669330736166	0.0954018388274438	0.040860480976755	0.0496239706575071	0.155489677306651	0.0692993976616289
"SRR13358101"	0.240487687357089	0.33036992691331	0.299670326147155	0.29001241001673	0.283770680840962	0.429250128458885	0.309438596647574	0.311556131579767	0.361481000792902	0.344222833439547	0.228481669458333	0.233879846016209	0.447950956762487	0.388110067597583	0.185992337134717	0.183557336537658	0.399455888638415	0.154476862529608	0.269558405149036	0.636621600961764	0.169682331868219	0.248313160085549	0.209439725493947	0.32743982205495	0.908554565375532	0.16347070693203	0.162343928082011	0.348410531850924	0.269169271311485	0.247745305327644	0.277671937571015	0.381958104218234	0.257539552048206	0.301439081993348	0.464632395062052	0.534347007830122	0.310225881549186	0.351801450183288	0.369059130598458	0.473987294418447	0.653559483654666	0.390291135594327	0.335547288064532	0.269673311893863	0.234417515530578	0.336174678014288	0.255815421058395	0.355142155003912	0.179504647217146	0.314396966573118	0.458743100712373	0.447476921219103	0.327594843177585	0.38530059509421	0.41216487368419	0.354319976782613	0.353176720766817	0.346961731054383	0.659079395407811	0.207310177492763	0.453420638287387	0.212798265882946	0.266567470813561	0.107987356062067	0.368791245339778	0.320506677081205	0.607286762580709	0.231727694461982	0.476044228441573	0.639065439309797	0.186120852206995	0.402749622244949	0.36640161239413	0.890664662946467	0.278565502253736	0.44866018186601	0.349364366567882	0.300216828578284	0.25236614783007	0.299167141720657
"SRR13358100"	0.214002056686421	0.27859407453524	0.278430264497035	0.203366618397481	0.178676441355685	0.757668758670497	0.306512282633088	0.618553245257216	0.222579930145424	0.519628387984567	0.50057536209148	0.525008763876291	0.668940890352731	0.50936090569097	0.158366794598677	0.29699921191113	0.613188599411055	0.537653331233898	0.455873277733567	0.522292768662332	0.459967505254268	0.738985507861357	0.373348630030135	0.538829544827423	0.655754751385427	0.16347070693203	0.429064400734847	0.299849759466374	0.273359086116822	0.440762524023512	0.302065061625276	0.308848579531293	0.690692157853391	0.653980566388289	0.533391703840248	0.177327616863749	0.72332829287647	0.488929392864388	0.54776436871279	0.285374679005848	0.703152339456334	0.232966200520804	0.443154789931004	0.563778000826863	0.646422612435043	0.691676174974693	0.274433384219623	0.340939883028578	0.447529087996801	0.708214473999728	0.238751793074762	0.63423531602253	0.613387289393059	0.316902095977056	0.571919133418909	0.619935300976134	0.474380571525893	0.340775332677947	0.658727106950708	0.600587230107467	0.605956449171953	0.562757688442072	0.604191790560014	0.52797605822653	0.646226405046058	0.625935105037865	0.287803345475337	0.457191185343965	0.767960021965075	0.768086064940953	0.594511159493153	0.698819950197296	0.324335892285965	0.666377142182995	0.647134135438712	0.538016764843445	0.644192368091416	0.673935824367243	0.302143198788769	0.283372109747725
"SRR13358099"	0.156714097933073	0.228489264135059	0.247187589536025	0.167182960828297	0.148643707589273	0.312186914291739	0.27756529301458	0.300040181401218	0.192419799589208	0.417909733402638	0.361933389903966	0.208558016366179	0.276659924091663	0.507428658150192	0.136893001601798	0.211413394038965	0.504111301942155	0.232438560901386	0.209592860941658	0.47971485010692	0.169682331868219	0.295846506485447	0.203822365168938	0.282838639779768	0.502357412912355	0.16347070693203	0.233854540243572	0.214735547223373	0.201944085420773	0.236304588434424	0.250894928930392	0.245493403981269	0.168196521314115	0.231605436423743	0.297004313019809	0.111060826109959	0.293223006738826	0.340304972593024	0.368299755299132	0.363066098476315	0.333507712655835	0.214396381542537	0.398272214859046	0.268804919104821	0.308402353536667	0.389034281163486	0.218866531422748	0.202514951223408	0.150581264141287	0.25315611018812	0.226116607527253	0.351848179887336	0.379911499721911	0.235248576969222	0.423336889797565	0.317957834587482	0.298378440882456	0.2599319825704	0.495687983272887	0.228829109156086	0.431757755166402	0.302444152147079	0.314388532676559	0.28100772123499	0.393839384480641	0.319893036856991	0.167774116109451	0.211642669289975	0.345099640225286	0.351960198739581	0.16771460052159	0.521605959839346	0.235344446511988	0.61806610228749	0.299188860933365	0.383910177153005	0.380632872978264	0.342320371620583	0.250771680673698	0.218502750097905
"SRR13358094"	0.276216162695177	0.263933785378343	0.201384601969465	0.255922183103059	0.239919874636308	0.290469168522558	0.122945199452152	0.205892372666558	0.309603065917298	0.196615292028248	0.178248419355738	0.220422900932329	0.31801335674865	0.286899848687583	0.22249799711725	0.151186867905565	0.312468582505045	0.140203130895208	0.242813976829472	0.200202580018795	0.136334549287626	0.264792743635754	0.110500943156741	0.335821922250542	0.363030985259209	0.16347070693203	0.14949531317779	0.256110328964129	0.115752302606587	0.219478271258427	0.24645804742021	0.122875934169338	0.199585519307611	0.171317008342883	0.216796891003149	0.435887878084406	0.196108318399453	0.186069581483402	0.161547745255105	0.370827012994151	0.312402679975	0.24213976225268	0.269049976872564	0.144633004276065	0.101512419507592	0.184464102432285	0.254467966020947	0.14364895032265	0.154074369612927	0.240393244342419	0.323354103547119	0.234747639027958	0.181573890037184	0.162073792595612	0.337790206579487	0.0940163516382588	0.351446280832633	0.327005017247326	0.17351920031871	0.163470620933514	0.165172530969844	0.130810836782931	0.186406588996317	0.0875774713965245	0.106493851926197	0.111549003296195	0.379849331312322	0.187498663469799	0.322303254727632	0.299048101861928	0.123550052400095	0.186331857518087	0.132986860593654	0.386410843326163	0.209615487633735	0.23282413772631	0.0847825845574333	0.125716096456798	0.199309108029279	0.165105334601666
"SRR13358093"	0.276216162695177	0.280892298112856	0.211860267040129	0.287268050880761	0.279245715672968	0.357422645199077	0.138882118311782	0.215071509811916	0.332072330169186	0.208846860956726	0.194894032563625	0.224842064636966	0.31801335674865	0.318889586929614	0.220547916644123	0.153264148631977	0.316792006545443	0.15073405865867	0.242813976829472	0.235664853534468	0.146779766226297	0.264531646690369	0.110951185135657	0.329728334226468	0.477818448493215	0.16347070693203	0.162144619847465	0.255874395685796	0.147971546368051	0.228627592307744	0.250619785693055	0.136318525623794	0.222424832718879	0.179658774368107	0.257556201113558	0.598703198806419	0.228659319493694	0.237262380836442	0.187203200209315	0.477358442364611	0.312402679975	0.32169190927164	0.290259443944696	0.160127421049813	0.112689731787826	0.20683309718087	0.254916205604953	0.188557074215224	0.160919985221935	0.25617594695967	0.420225511441267	0.23665172800726	0.196198560654927	0.166582979803784	0.361881943611881	0.114616432460297	0.351446280832633	0.327005017247326	0.217948177180597	0.168256666064217	0.182966045510032	0.13864412939722	0.204114855875226	0.0939383863585031	0.11765110263302	0.119532290786394	0.516041402947503	0.196281570089918	0.321769047098438	0.299048101861928	0.131714693195499	0.230014490237923	0.183727393056862	0.518740523733543	0.237473464196168	0.26348841630958	0.101554681781344	0.150768198247787	0.202467439906981	0.171380403278319
"SRR13358092"	0.276216162695177	0.290985419706456	0.234019582646496	0.29001241001673	0.283770680840962	0.32821687595891	0.175985235088501	0.228265396895277	0.361273133731108	0.22882933600312	0.189191280914505	0.233879846016209	0.31801335674865	0.388110067597583	0.195113025215555	0.157494383059197	0.19821525860162	0.150080404191642	0.242813976829472	0.311088087030536	0.169682331868219	0.260977539508881	0.111857678942282	0.25149050209075	0.265975364051371	0.16347070693203	0.166582371478773	0.252662175020492	0.185662684824107	0.247745305327644	0.259093736854902	0.152128712348805	0.269293482712089	0.194634675961861	0.293245872022546	0.600778874058537	0.298001362446306	0.246880314153988	0.244698498796589	0.486117146621032	0.312402679975	0.392976306585429	0.335547288064532	0.191599007348308	0.132232628476618	0.257460426438774	0.255815421058395	0.220158223659196	0.131978889668113	0.226832884234896	0.475214458450078	0.225959574725325	0.228115334025168	0.169054082855744	0.41216487368419	0.167757528154194	0.351446280832633	0.327005017247326	0.162608226815497	0.178176287267464	0.221923221432943	0.155513182046713	0.2142297757425	0.100553776430168	0.135861923181599	0.137008238577854	0.516041402947503	0.214795788582432	0.314510521753682	0.299048101861928	0.126737453143818	0.247522916835622	0.228448196297911	0.513563995271749	0.30051779791645	0.332156026054703	0.142399198030225	0.213080666314458	0.20482135254141	0.169191000817529
"SRR13358091"	0.276216162695177	0.27207242489069	0.193424476572763	0.284833446318047	0.275247347458505	0.285371604513291	0.111543516884322	0.199891612232466	0.297231266909501	0.17769785913451	0.109533853951182	0.216992682090108	0.31801335674865	0.263146385943292	0.18395586958135	0.149570071156165	0.287023485230537	0.0990311384650649	0.242813976829472	0.179916583509452	0.128568480114158	0.259318598905203	0.110148102103617	0.284694933977265	0.42060901709086	0.16347070693203	0.107660818787793	0.251162389225673	0.119903933530463	0.212472240236791	0.243219046265775	0.0939217791122243	0.176932742856481	0.160636894666308	0.22821894527394	0.596848882139002	0.174374076619748	0.151962709808037	0.139738639826489	0.469558002783327	0.312402679975	0.264334379214236	0.253080488116439	0.135710414832799	0.0854807350860784	0.168228054624357	0.254115939669453	0.163414201540901	0.111822603085273	0.187244994926107	0.372756539637639	0.221056193098162	0.170682816793329	0.146938513621117	0.319416756664117	0.0802177682192036	0.351446280832633	0.327005017247326	0.160046025376915	0.159785378859496	0.152054900349742	0.124919353447487	0.133437757126671	0.0722651993809025	0.0888598461362997	0.105603894413972	0.516041402947503	0.180808432500228	0.311131390134682	0.299048101861928	0.114351628528974	0.158529100225254	0.149839709965844	0.411015250242486	0.189455381681973	0.210523871526024	0.0716441959110275	0.108602564067509	0.200385033854079	0.135471497157963
"SRR13358086"	0.276216162695177	0.269385329083935	0.203839865639736	0.260732840438893	0.246207403977472	0.299291315847517	0.135714636567272	0.1967774244498	0.323013852579885	0.20757932518044	0.199493085106947	0.223994443714313	0.31801335674865	0.312642684040943	0.225377197405935	0.152866188905368	0.270692439850215	0.153040103477856	0.242813976829472	0.226441779244111	0.144737871649627	0.265175570424648	0.110865194511358	0.333257267206923	0.296518116870392	0.154924409836729	0.163904173252838	0.256456248713718	0.129627158048648	0.226862198395849	0.249822491728373	0.136178518126603	0.218646338052455	0.178528556535316	0.23247398123039	0.413768439956289	0.220679802720638	0.210726496212358	0.182550212919338	0.347708253111174	0.312402679975	0.272069965699794	0.28613893229477	0.156051053610316	0.108518679297384	0.202417315370145	0.254830680515243	0.151314110535785	0.162310327245563	0.254799710363849	0.356359164270731	0.236257274504225	0.193342295432289	0.166233538744561	0.357228951274478	0.110405998501879	0.351446280832633	0.327005017247326	0.173034412970703	0.167335359447881	0.170391414276634	0.137120453562391	0.205838469944956	0.0839615875477895	0.116645600742099	0.117972604985132	0.378664483178534	0.194582881661491	0.323086753126953	0.299048101861928	0.128745282320852	0.184327806757933	0.14144493844477	0.427873755669517	0.231969782214152	0.257444954832414	0.0983849204771986	0.14569298725394	0.200505140550375	0.169457037146082
"SRR13358085"	0.276216162695177	0.249405216577257	0.156800869864446	0.255050101825545	0.237226372067116	0.212103253188683	0.0802943416274064	0.142825797069042	0.252366818932846	0.163790825375296	0.160423612785803	0.205963148814363	0.31801335674865	0.194276840452712	0.252080414941543	0.144342805120099	0.0764122035951697	0.126346851875665	0.242813976829472	0.116468198303772	0.105604231088461	0.268589047203404	0.108992334316333	0.30101623586636	0.0369378532127264	0.143348150593101	0.128860817481207	0.259540057296007	0.0776397287630901	0.190549517483252	0.232751114906937	0.0942268160484107	0.137997596983216	0.147430518940088	0.172185087736297	0.347599453670897	0.114754600050294	0.157640798909829	0.0967363284051099	0.279062095653632	0.312402679975	0.162818427557388	0.205035538343298	0.104991335711901	0.0691685921686141	0.122731136826228	0.25295815153971	0.0996084730328135	0.115012989049869	0.152865985151497	0.256920464505188	0.246699657574	0.138453112992626	0.151646159646873	0.262900742744672	0.0468750887331211	0.351446280832633	0.327005017247326	0.0348421876579086	0.148116332567008	0.0996329963737294	0.107094109532183	0.154747853367419	0.0557298550504113	0.0795107716054929	0.0879508811368729	0.351693631325691	0.160079500771719	0.3300843826028	0.299048101861928	0.0722829374355196	0.044529863563451	0.0771786797325792	0.144038464656494	0.133566389914218	0.148301060441714	0.045746533782987	0.0659154140906015	0.195662933927702	0.150050184915616
"SRR13358084"	0.276216162695177	0.290985419706456	0.234019582646496	0.29001241001673	0.283770680840962	0.30662665108092	0.175985235088501	0.233314277208454	0.358057959603903	0.24444371027538	0.30687221263524	0.233879846016209	0.31801335674865	0.346582049417742	0.252080414941543	0.157494383059197	0.318372366571224	0.214594765802748	0.242813976829472	0.30454429505904	0.169682331868219	0.268589047203404	0.111857678942282	0.369738748155906	0.557667487334339	0.16347070693203	0.229759186068265	0.259540057296007	0.185662684824107	0.245273236158154	0.259093736854902	0.191269956129637	0.280021906543717	0.2013678746104	0.293245872022546	0.600778874058537	0.297713815417639	0.340781447535717	0.244071437102767	0.486117146621032	0.312402679975	0.392976306585429	0.335547288064532	0.191599007348308	0.147873989021368	0.257460426438774	0.255815421058395	0.220158223659196	0.219910919943148	0.337968406222427	0.463202595577142	0.247166965835962	0.228115334025168	0.186588165793618	0.372277334939057	0.167757528154194	0.351446280832633	0.326590725246744	0.304113918095264	0.178176287267464	0.222692218215132	0.146507246329762	0.291418007931664	0.119862358128385	0.154404130401098	0.137008238577854	0.516041402947503	0.214795788582432	0.3300843826028	0.299048101861928	0.155298600319402	0.303488425344291	0.228448196297911	0.609647183962402	0.30051779791645	0.332156026054703	0.146710283661226	0.213080666314458	0.20482135254141	0.209416650149472
"SRR13358083"	0.276216162695177	0.262885224390719	0.167191762053036	0.282257945112329	0.271034312939198	0.235715735841534	0.0877487936972257	0.159294895804052	0.264510603962642	0.171373866116164	0.17306742791623	0.208864438095087	0.31801335674865	0.21120612864628	0.252080414941543	0.145722304495468	0.0993186525092619	0.134153124963078	0.242813976829472	0.132522657630649	0.111350705531146	0.268589047203404	0.109299626285518	0.30611583116584	0.0843282723758707	0.150443216895987	0.137634269062824	0.259540057296007	0.0952208882788616	0.196223610608685	0.235512764103601	0.102100180912694	0.149840600192659	0.152640523327386	0.199692109783469	0.527052458044361	0.128806659049961	0.195314462624841	0.108156188674131	0.39743543120766	0.312402679975	0.211028743456325	0.217155729289284	0.113265392410245	0.0766480915630804	0.133716850001933	0.253266686119897	0.131159885529032	0.122964157427714	0.166666975557636	0.324328222154802	0.249160673219115	0.146515576892142	0.155615341087403	0.277335611967305	0.0541959481385492	0.351446280832633	0.327005017247326	0.0520301755810564	0.151158771250759	0.113121886195489	0.111617970581489	0.166567083179139	0.0652511291773047	0.0856522470305974	0.0923810851138746	0.486375965121439	0.165413951989705	0.3300843826028	0.299048101861928	0.0781399900223848	0.0621626878580947	0.108516983120557	0.214766207492954	0.146947785693709	0.163244652472404	0.0521810376810228	0.0754731131249282	0.1981880771084	0.157851245317304
"SRR13358081"	0.306289120212169	0.290985419706456	0.234019582646496	0.29001241001673	0.283770680840962	0.454725317009384	0.175985235088501	0.286533913276689	0.217388523529703	0.301202644461017	0.188943823096101	0.233879846016209	0.391604031016335	0.388110067597583	0.193062667722581	0.157494383059197	0.387384621465957	0.138931727944146	0.261182931893933	0.311088087030536	0.169682331868219	0.436400438157187	0.111857678942282	0.302450778786857	0.546528986911619	0.16347070693203	0.149836198508276	0.286461234806771	0.185662684824107	0.247745305327644	0.259093736854902	0.15960777569703	0.272376904617541	0.263305625553282	0.408401226393538	0.609752660260457	0.308222860442941	0.292312181896071	0.325730971061376	0.486117146621032	0.491362452315725	0.392976306585429	0.335547288064532	0.243808080069627	0.192956540515684	0.310823020378033	0.255815421058395	0.309826120868616	0.164339496672558	0.31442618450555	0.475214458450078	0.340704168680619	0.294836427674844	0.147858506781278	0.418905184432072	0.287721723337413	0.352646946811346	0.327005017247326	0.433648696351806	0.203247069834159	0.315954706185947	0.193790337132654	0.230180550788531	0.100896796409105	0.219173637148896	0.186243367527181	0.606437284977403	0.226450866473055	0.434041188805191	0.411295436260145	0.176175944077739	0.384657908097822	0.320284280871726	0.628879208167094	0.349228650364681	0.332156026054703	0.242895406578216	0.299577476031183	0.20482135254141	0.157941760240844
"SRR13358080"	0.276216162695177	0.290985419706456	0.234019582646496	0.29001241001673	0.283770680840962	0.374518528674803	0.175985235088501	0.227666604832471	0.366184119618719	0.225685138610654	0.169679124987434	0.233879846016209	0.31801335674865	0.388110067597583	0.184617735646448	0.157494383059197	0.182945308528349	0.138911131940843	0.242813976829472	0.311088087030536	0.169682331868219	0.65265570947553	0.111857678942282	0.234337333342416	0.237888214197478	0.16347070693203	0.155387988467755	0.25125311438835	0.185662684824107	0.247745305327644	0.259093736854902	0.144896773450352	0.267104617638953	0.193261935294058	0.293245872022546	0.600778874058537	0.299792459641361	0.229763964463578	0.243152594365714	0.486117146621032	0.313361758526319	0.392976306585429	0.335547288064532	0.191599007348308	0.129174432955131	0.257460426438774	0.255815421058395	0.220158223659196	0.119993193382326	0.211177006617705	0.475214458450078	0.221351178727654	0.228115334025168	0.165591722900696	0.426398682931736	0.167757528154194	0.351446280832633	0.327005017247326	0.149210507708438	0.178176287267464	0.221766146166063	0.155513182046713	0.200247948920254	0.0969175451763614	0.132265204715308	0.137008238577854	0.516041402947503	0.214795788582432	0.311335613720656	0.299048101861928	0.123639421979747	0.249962606027648	0.228448196297911	0.506740040115285	0.30051779791645	0.332156026054703	0.141519794793224	0.213080666314458	0.20482135254141	0.161675082942284
"SRR13358079"	0.156602087681611	0.140883476434446	0.164472984304191	0.137378555371525	0.141078937755895	0.0609457649363662	0.175978200211618	0.0639578139913948	0.147901147492958	0.163901190204053	0.0539085256983352	0.141155097484588	0.0439216454737777	0.175219826258155	0.0854601736104411	0.109402012028664	0.106794708368751	0.0572184003882263	0.0958425344565441	0.301606986969299	0.169682331868219	0.0661893832952526	0.0946001434941621	0.0295903309470177	0.508724986663442	0.143864380716053	0.0678152720874957	0.0886730028125169	0.185662684824107	0.182392577451103	0.137276398442358	0.132478195819734	0.198368338519407	0.0558226358575302	0.0661951377464086	0.322560521220498	0.133552778045964	0.112279148390146	0.136114121678666	0.210908764052089	0.0140252082931156	0.286217500419051	0.218941252159366	0.0901922688927371	0.0644184337081989	0.0729753285260503	0.138806663888205	0.112587487913513	0.0969270923814609	0.0679608222927534	0.334831633556443	0.0285294501725333	0.0704307845498632	0.0711956251791311	0.111689224996002	0.167757528154194	0.12063113944068	0.107720062509499	0.162933133315265	0.0919427034031877	0.0964175468162504	0.0693357423169016	0.0623842046581628	0.0783275388698082	0.0527506820890119	0.0712667300725405	0.138808319424403	0.161642614525577	0.062480970007542	0.0197077923371406	0.135094469658039	0.128233017083955	0.142563731731681	0.536205710736814	0.196332644157033	0.176546465157457	0.141107573782684	0.146585248214777	0.131078573376617	0.0803322512930499
"SRR13358078"	0.23532521167633	0.237832535937191	0.211311267503736	0.235654909795807	0.233469009794383	0.240948254978043	0.175983133911666	0.169719655141361	0.288390194594794	0.220022236430891	0.118138409207352	0.205984526073044	0.189217198367948	0.333895493943193	0.145454812559629	0.141559541842466	0.199945325979689	0.104877305380634	0.187255388635895	0.311088087030536	0.169682331868219	0.178184360972855	0.106433407377141	0.138616343576026	0.381394464689033	0.16347070693203	0.119667856779733	0.187855577181322	0.185662684824107	0.235108233662087	0.216553299092889	0.138969638700851	0.244450758018877	0.13592477312102	0.196639753009178	0.51624727747924	0.239864988003814	0.18318027262573	0.210468236414617	0.393399134213334	0.139016128787035	0.359418949988466	0.323453941540905	0.154466454798359	0.10472490328157	0.182121058541127	0.215167783152706	0.181883769934087	0.115723563780453	0.160258609107626	0.426195813626204	0.125718473285042	0.166281017959853	0.129096797334353	0.310952541818355	0.167757528154194	0.279117690664633	0.242899714936925	0.179808149374571	0.147271707455649	0.175744587104499	0.131238531707495	0.141027987445166	0.0899517865422016	0.100529648432686	0.113295697692492	0.377508875010359	0.197699765450971	0.202829522797676	0.146253535039905	0.133906755866299	0.222225090865282	0.199495621209425	0.569327349347233	0.270948770235127	0.27892943009122	0.141127014885571	0.191748435523001	0.180017522855432	0.130206568275594
"SRR13358073"	0.421709455772386	0.277563192640457	0.279491298698126	0.20014556405063	0.174963683844812	0.442816975633763	0.265304929220602	0.31580051242495	0.360534083313974	0.322331910201741	0.174880568376242	0.233879846016209	0.280475221719689	0.388110067597583	0.20530371387344	0.175638188277904	0.412132621632982	0.132554037515447	0.271878668981358	0.52699925352672	0.169682331868219	0.257229915611756	0.175826880618127	0.304787856067523	0.587713365067106	0.16347070693203	0.140645025987549	0.37853099031242	0.172589786027574	0.247745305327644	0.272177121143312	0.328668239513855	0.354816255730441	0.307980689224371	0.350600289267616	0.162806853776687	0.310900408639334	0.176703054209152	0.331766474240059	0.192907177002289	0.651678961355343	0.230102895672846	0.335547288064532	0.224021788806522	0.210117936991441	0.233846742164273	0.255815421058395	0.182254775345428	0.157470337443108	0.339230819563462	0.266313267648872	0.429697970712078	0.31674281118458	0.310264675008236	0.394855768054221	0.250048141479251	0.353321694551937	0.341089671165359	0.52197842596624	0.257375087926657	0.440548083595884	0.19622701330177	0.238851738046151	0.100936605048945	0.319089864592775	0.295041781859289	0.24059563921756	0.233185949871627	0.427215774513672	0.60425893213003	0.184797870467564	0.392965012047786	0.216332148695042	0.655610457846321	0.378105320474129	0.413506643666526	0.287670643474115	0.356011693833614	0.230609260006829	0.272243142143406
"SRR13358069"	0.150260693557793	0.252653630133925	0.234019582646496	0.201164158769158	0.176135938228396	0.423658209050146	0.190611718821109	0.274880347774256	0.410860394395242	0.274182733746777	0.322383897822683	0.220592220778209	0.314768801408018	0.587989064591807	0.162370775267577	0.188218655219839	0.570000345669721	0.220150546289226	0.257359445662653	0.299003652025199	0.169682331868219	0.330197171513603	0.133031517671936	0.388758204440827	0.248405653894151	0.143498784085854	0.227466654990361	0.229520301270586	0.138762207823053	0.222257835516871	0.272263150275247	0.201467421593041	0.226784615535574	0.266406672963473	0.322403702118143	0.131521069467199	0.331794597339805	0.27066072184868	0.327194256421079	0.450315746110785	0.452567846825458	0.229736722058544	0.287004108494776	0.251079079898336	0.248080100291483	0.359973714864391	0.255815421058395	0.1782031372341	0.163356622931345	0.314901356559662	0.214602659915027	0.377910795353182	0.352186461455055	0.200068494733511	0.470565690746941	0.242025769937057	0.303797930338174	0.327005017247326	0.371580800343252	0.176611927528625	0.359046951687337	0.225688686434135	0.385031088501111	0.195007343414972	0.279318198986538	0.227046652872855	0.198275998242044	0.22403468980894	0.390241471057704	0.402802249715038	0.170258860419564	0.489889992981656	0.199462477709743	0.342317568912726	0.279858223397431	0.35500735462966	0.251110404435649	0.297351796417217	0.226777926065662	0.215768621575012
"SRR13358068"	0.146245674905129	0.262280323428086	0.234019582646496	0.222110367808426	0.200602823872281	0.454670965086532	0.197337303298178	0.298035895692376	0.398165975880111	0.302113304742848	0.388277684064622	0.21422764094733	0.373895002687312	0.388304587246175	0.15716011562012	0.203130500598478	0.514927153995013	0.250086841404198	0.265039535364931	0.302116181769098	0.169682331868219	0.367008805307487	0.143379564896837	0.421551101737093	0.315995264612773	0.134400614521594	0.251385338820464	0.234574680526852	0.163515464877933	0.21037196614023	0.278190166223428	0.23766234237494	0.234953843182173	0.306965262226926	0.420295207956206	0.207272538413132	0.346935108363849	0.380749942651414	0.385364059128611	0.312006932433416	0.529172528098098	0.266278346832955	0.262663559523732	0.304617210684777	0.329394597711769	0.439050175909294	0.255815421058395	0.260489632716964	0.166070567391352	0.340466479895062	0.243385287836611	0.470148316838677	0.426315297829621	0.213929827929899	0.501848512142558	0.325259894299366	0.281303323276195	0.327005017247326	0.490932513175479	0.206289280081576	0.435727642039653	0.272090934108156	0.365480272588827	0.251074348947164	0.378254681396547	0.282310605935693	0.323957493078012	0.228883263767131	0.460332776262766	0.459194742899949	0.178812362099001	0.574329311229528	0.291287538395234	0.373041144803397	0.29901980444352	0.365285682628625	0.339867837062717	0.359453452365412	0.24199690693682	0.24225698421043
"SRR13358067"	0.140712068970215	0.263115814394321	0.234019582646496	0.223975099858638	0.202812631361021	0.352860613129049	0.192407303997269	0.255980928295541	0.383992352638041	0.257469364556888	0.312849194098263	0.213481398495975	0.472875753852718	0.383899544357667	0.146464756698954	0.192153788966054	0.485223278367796	0.207716798045011	0.256625004946678	0.302383643556321	0.169682331868219	0.337026193190359	0.135757130879382	0.377400553038237	0.336173138500813	0.133354052943375	0.215881765533334	0.222354054774739	0.157440428182637	0.208993071547157	0.273853092225045	0.198636543243612	0.215848575052835	0.262936029926928	0.369244010634137	0.21079593891517	0.331896215608626	0.31784496089283	0.359574939012789	0.306820220670151	0.445225461914195	0.26977917699784	0.246682277566585	0.29795755381292	0.271014232530857	0.472013866826979	0.255815421058395	0.244130546843092	0.156357426406166	0.297003555709369	0.245481481076435	0.375089012992823	0.372596911887662	0.196628854820081	0.493713545426906	0.341330545105247	0.275752388679217	0.327005017247326	0.406316748217093	0.191151524626142	0.362697049902689	0.23947996230207	0.351408703854725	0.199308844685138	0.295668931283605	0.231292760725457	0.287581559823671	0.223570020650142	0.446523442005671	0.399994703818558	0.174840071862439	0.503723465251777	0.239070070269927	0.371049942978153	0.267524040543599	0.357765396354292	0.299633700995957	0.295907060427628	0.232305178356423	0.204496891254202
"SRR13358066"	0.18849117392197	0.262964126155079	0.234019582646496	0.223636005154073	0.202410420366385	0.676255603998769	0.196936486766907	0.446597578258797	0.397581947170298	0.335708878888893	0.43366413336766	0.447245764006221	0.52273857019948	0.470541775716942	0.181075343886104	0.232239968493345	0.543072497768894	0.457833409242407	0.404528669838896	0.302335115004168	0.395722452997487	0.632208844780756	0.214588582453738	0.497513268828073	0.387230091257153	0.143671529905335	0.380609674875389	0.243415410042659	0.167100810006868	0.368341044590338	0.27783907789124	0.248648170448512	0.676637552956865	0.527417538965787	0.429093176811147	0.231177430103896	0.639085864941649	0.420075115163384	0.42470692878683	0.323302424524429	0.528179573697413	0.269787536416606	0.312035126743298	0.430201724962976	0.464236853995085	0.532070429004371	0.270942435173479	0.273574434522596	0.41886033284314	0.644065334481287	0.263856307349795	0.471583735015612	0.455911054222183	0.214783763535803	0.515497955724797	0.440015636608848	0.386718525779689	0.327005017247326	0.452688881201512	0.417519904138469	0.411561328055827	0.372776462815154	0.495712712946192	0.375413249930359	0.398719891796214	0.382349485214161	0.319331843864779	0.400935424694522	0.646927423711661	0.55649848071362	0.49079016598981	0.569267616370555	0.26629244148186	0.407929357713532	0.546418210739153	0.420634509999096	0.419730360546708	0.529245379491844	0.241324659013689	0.248751612252719
"SRR13358061"	0.276216162695177	0.290985419706456	0.234019582646496	0.29001241001673	0.283770680840962	0.374518528674803	0.175985235088501	0.228010194536868	0.366184119618719	0.24444371027538	0.30687221263524	0.233879846016209	0.31801335674865	0.388110067597583	0.252080414941543	0.157494383059197	0.191596267239977	0.214594765802748	0.242813976829472	0.311088087030536	0.169682331868219	0.268589047203404	0.111857678942282	0.310228455477802	0.253757097316982	0.16347070693203	0.229759186068265	0.259540057296007	0.185662684824107	0.247745305327644	0.259093736854902	0.191269956129637	0.280021906543717	0.2013678746104	0.293245872022546	0.600778874058537	0.299792459641361	0.340781447535717	0.252257039535009	0.486117146621032	0.312402679975	0.392976306585429	0.335547288064532	0.191599007348308	0.147873989021368	0.257460426438774	0.255815421058395	0.220158223659196	0.183378437072486	0.278794911349816	0.475214458450078	0.249160673219115	0.228115334025168	0.186588165793618	0.41216487368419	0.167757528154194	0.351446280832633	0.327005017247326	0.164884545195417	0.178176287267464	0.221856302520463	0.155513182046713	0.291418007931664	0.119862358128385	0.154404130401098	0.137008238577854	0.516041402947503	0.214795788582432	0.3300843826028	0.299048101861928	0.125409753077202	0.253996322367029	0.228448196297911	0.514665461234228	0.30051779791645	0.332156026054703	0.146710283661226	0.213080666314458	0.20482135254141	0.209416650149472
"SRR13358060"	0.276216162695177	0.28128968907559	0.234019582646496	0.266248300687414	0.25410039207943	0.374518528674803	0.175985235088501	0.226770151412315	0.366184119618719	0.24444371027538	0.30687221263524	0.233879846016209	0.31801335674865	0.388110067597583	0.252080414941543	0.157494383059197	0.179647650020353	0.214594765802748	0.242813976829472	0.308104936824507	0.169682331868219	0.268589047203404	0.111857678942282	0.305085159281497	0.177240980099174	0.16347070693203	0.229759186068265	0.259540057296007	0.168980969319226	0.247745305327644	0.259093736854902	0.191269956129637	0.280021906543717	0.2013678746104	0.271715229656642	0.474820596086957	0.299792459641361	0.30821184261683	0.252257039535009	0.405317232211404	0.312402679975	0.349421353509931	0.335547288064532	0.190228742428468	0.147873989021368	0.257460426438774	0.255815421058395	0.191079018595863	0.180303532506303	0.273742177904493	0.42064509279203	0.246984273238369	0.228115334025168	0.186588165793618	0.41216487368419	0.167757528154194	0.351446280832633	0.327005017247326	0.140698402575283	0.178176287267464	0.221730917496257	0.155513182046713	0.291418007931664	0.119862358128385	0.154404130401098	0.137008238577854	0.409032535011021	0.214795788582432	0.3300843826028	0.299048101861928	0.122953378350872	0.24839776693492	0.196341720388635	0.443403527454225	0.30051779791645	0.332156026054703	0.146710283661226	0.213080666314458	0.20324816616234	0.209416650149472
"SRR13358059"	0.383395304478004	0.305825938705837	0.246507805127936	0.285536733708984	0.276400802267996	0.346769133118031	0.199078129231579	0.199576509399029	0.311304756419623	0.194795327455121	0.183549466632317	0.219243710773853	0.346455982674928	0.278621339138915	0.247228011204971	0.171135246088877	0.153906192345366	0.142839928105554	0.242813976829472	0.425202252912814	0.133631199142752	0.265640326088336	0.186299185264168	0.284647035193699	0.565875849470557	0.16347070693203	0.151403724034776	0.334150736215929	0.186027459791621	0.217060208564101	0.260067481565002	0.199294366957014	0.194604900919839	0.169732739808134	0.237129755093436	0.597385801242294	0.190172836920468	0.21923239733581	0.155686085755102	0.47181405950774	0.375447358904689	0.280246761361417	0.263509469194489	0.142434958363421	0.0998609810164538	0.17877082588091	0.254347363053771	0.170400171638751	0.128537699725546	0.192361083751429	0.386287104202353	0.263204978698807	0.177784080455816	0.307210021754321	0.331438576524358	0.089066109955326	0.351446280832633	0.343404943989357	0.147486324209949	0.221105648887795	0.20557425561452	0.128766920611053	0.188167629452443	0.0875268355548949	0.142480425176436	0.163409159197617	0.516041402947503	0.18518610162318	0.324038291372828	0.434185057841907	0.0963011573349925	0.14142071174355	0.159080834223333	0.656320447433502	0.202538356913246	0.303415215871513	0.0949423467971955	0.119609234792085	0.239145059845781	0.233378859196385
"SRR13358058"	0.297447022051262	0.290985419706456	0.234019582646496	0.29001241001673	0.283770680840962	0.431202811658898	0.175985235088501	0.270920115986058	0.366184119618719	0.279086483049087	0.18905837424667	0.233879846016209	0.369735838762836	0.388110067597583	0.193673834452699	0.157494383059197	0.394746394760294	0.142090871570669	0.255805151520087	0.311088087030536	0.169682331868219	0.259296289805699	0.111857678942282	0.30641671042561	0.573081525604282	0.16347070693203	0.15453184970624	0.276463270551888	0.185662684824107	0.247745305327644	0.259093736854902	0.190597531117976	0.306742776434257	0.242051343198139	0.373529626854773	0.607177164874202	0.305782978069318	0.27878316208402	0.301001815151409	0.486117146621032	0.437041295045979	0.392976306585429	0.335547288064532	0.227850835172285	0.173574644103446	0.294848336168836	0.255815421058395	0.282027763389048	0.165009270916885	0.307530509200995	0.475214458450078	0.304814265206832	0.274507071365855	0.174490507453098	0.41216487368419	0.248515579614033	0.352301183129898	0.327005017247326	0.404500740115644	0.195772324734292	0.287326300083226	0.182090101142021	0.225537519652568	0.100805861430299	0.191972707043792	0.170812734606454	0.580881810814211	0.223051095977214	0.398142266080402	0.377406627871108	0.172502129985033	0.371280461920188	0.2918959354654	0.638148610760831	0.334824916048345	0.332156026054703	0.20975196784564	0.272716297649708	0.20482135254141	0.185980195374752
"SRR13358053"	0.114692670598167	0.254211577540098	0.234019582646496	0.2044852639162	0.179969786990974	0.51587840535348	0.198568007917366	0.456747603556192	0.231056821435531	0.388472630753966	0.409221496513102	0.389866808044	0.358103774693217	0.460238253982107	0.150829479992565	0.226985155847531	0.520719014739712	0.360854220367935	0.357870835385184	0.299511322202451	0.316822467020886	0.509009878501133	0.194124599470426	0.334655112700292	0.271100366337286	0.16347070693203	0.343365760579442	0.189778715629091	0.149976664769676	0.352124183518101	0.279266525575595	0.165218483776981	0.417136863208956	0.449989339187117	0.381616728621215	0.132551727319801	0.452739836086692	0.350693686727396	0.295483752856431	0.254411075736505	0.508596020875365	0.21908498909068	0.40787015391541	0.355108138052414	0.399518489581765	0.434411591513306	0.266401756694642	0.211086469779179	0.300798070530255	0.518491533577554	0.2364063136154	0.457865163342133	0.390625655771069	0.179220058713782	0.507983166536572	0.31687680482176	0.395113865326746	0.327005017247326	0.410026780416892	0.283800110784033	0.395405455579438	0.339282177242762	0.419289750497951	0.347822730511067	0.371093488117418	0.349542713023969	0.221415128477035	0.343062002105779	0.528789278123002	0.516173430350848	0.368834313134234	0.536896537037976	0.217174146810429	0.386740810943257	0.439950108838845	0.324461976805909	0.34760704559641	0.452146945184015	0.242885451969003	0.192176908273592
"SRR13358052"	0.113279259805813	0.254000385605262	0.234019582646496	0.204033478547412	0.179447203582307	0.395790519642308	0.197150205922511	0.365344307337097	0.216935022599971	0.403726333596282	0.397430018183876	0.233879846016209	0.350005110404089	0.404938269290112	0.149981670529761	0.202709413456794	0.503361208412543	0.256550165534089	0.264422257401437	0.299442595253553	0.169682331868219	0.362456927888611	0.143086597398296	0.423982840240201	0.241326339132215	0.16347070693203	0.257617524903646	0.221121042552753	0.147160407026262	0.247745305327644	0.278026314593221	0.171572354465342	0.168804472420813	0.304795656404552	0.390297992047584	0.129860042751161	0.344283411285649	0.351511230155859	0.390030723603995	0.248269411118379	0.523071544722091	0.233801377625661	0.397286574382221	0.295487696182828	0.324474359130143	0.423556258184157	0.255815421058395	0.22383132541202	0.1656071883188	0.329118142255116	0.255435670252506	0.464657936246966	0.436904328177357	0.176422575216996	0.499402171526446	0.30849164745032	0.363492213338692	0.327005017247326	0.451339110303177	0.179949272405253	0.43099095102792	0.31059011259569	0.371753633493558	0.252514474038666	0.373132922809716	0.27911676035935	0.233365737900028	0.228494247522873	0.446078597147643	0.455016431682954	0.175983310732159	0.552150977862486	0.253074797620679	0.391947986846698	0.296193066799508	0.365001673189529	0.329096073849045	0.346417216104313	0.2400083361793	0.192169395832377
"SRR13358051"	0.125396291127908	0.262322977741637	0.234019582646496	0.222205391028109	0.200715312254395	0.375290719628804	0.198762439291918	0.386911752797768	0.197777399942781	0.442694914302843	0.447170768109955	0.233879846016209	0.409305051401213	0.406171767563489	0.160541503029646	0.206349382620106	0.482828929476452	0.243417767311996	0.269122100657451	0.302129846519372	0.169682331868219	0.320603611136678	0.145620603189114	0.27520213776927	0.257883129796267	0.16347070693203	0.274788597243262	0.199915212724412	0.163983882840457	0.247745305327644	0.279436345648449	0.192158557007181	0.178837316780322	0.329394885552693	0.454288520470127	0.198521345354183	0.244726309248775	0.438991773451742	0.30859362995124	0.31480391454982	0.568997582868175	0.244796214187873	0.401936509952878	0.329235120452915	0.372288279749844	0.477470704399944	0.255815421058395	0.288474528445472	0.175540440621402	0.347935154055385	0.268602866407809	0.516388805241001	0.400357994765881	0.179227078304118	0.509857281312375	0.376033813232202	0.331992025638043	0.327005017247326	0.492870686674474	0.201763327132393	0.444109540913463	0.310133607578008	0.36341208442576	0.274755650622493	0.430878803567776	0.30470084396434	0.33751848019973	0.231453315940381	0.499607969928741	0.4867737924401	0.176439648678951	0.562164238230517	0.290893369743702	0.419808091871573	0.319280469311918	0.271546155409559	0.387864388985586	0.382759808881712	0.24486917321039	0.205423174009817
"SRR13358050"	0.2238609273477	0.287878617351887	0.26708975231158	0.236249969313861	0.217478105980836	0.625793694741271	0.278667628140083	0.51583365897446	0.202964304214207	0.49886782204576	0.524934093430299	0.372326041511037	0.646673236017367	0.461762825123757	0.16307393980925	0.265576082938066	0.575283366388751	0.408973615901361	0.358269786433144	0.470473719267693	0.299238041143863	0.595817577461274	0.27778288624712	0.492479141918022	0.655649085346754	0.16347070693203	0.35423751792266	0.289168036059969	0.265687089415644	0.340703935605159	0.297413067125945	0.264942764865441	0.434233356475828	0.490572359430658	0.538147651833633	0.303143152823873	0.555390363665847	0.527556473257822	0.514232605572219	0.401873515915078	0.639270025839125	0.310020100606239	0.433413399717474	0.48586293074286	0.54056836127534	0.670369881737012	0.265323235114582	0.411975492565684	0.470757499676014	0.543051305326485	0.340677785681894	0.585689048720931	0.573161423118627	0.270875199393826	0.565383624082099	0.568256012965881	0.421941584929979	0.337377205093571	0.644996656390677	0.472712549162597	0.56124950116639	0.488252229865229	0.489077365007912	0.428183079573335	0.579407979698022	0.500534311473846	0.439522434321577	0.337406287539711	0.681766724556527	0.664662669985922	0.369609900916014	0.677609002761043	0.404886866863841	0.689437843786863	0.52296016316947	0.48009487682954	0.564721299455289	0.55561090900082	0.292638678051755	0.254623283839854
"SRR13358046"	0.162806158350088	0.257967687637493	0.224403892970244	0.212602445000036	0.189413804694822	0.467069446702641	0.204518047423561	0.36977596270343	0.24683917231352	0.488675453151082	0.529293487307473	0.233879846016209	0.603254777609999	0.41052435744514	0.173568960314139	0.219549301372034	0.480241481234378	0.316356164260007	0.267829444985455	0.300728925451614	0.169682331868219	0.413745947363991	0.154840257522157	0.476544418230702	0.187640949477196	0.150870317079761	0.309799256986607	0.242587563238904	0.168154444530551	0.247745305327644	0.2844358675717	0.232392975276196	0.20714712205882	0.330897232974017	0.473983696636181	0.143421410407284	0.360453616265781	0.507200353801662	0.486937304670741	0.254626871418717	0.556500948907113	0.24946593762264	0.418445041802037	0.397136210679102	0.427026054871492	0.637677145548933	0.255815421058395	0.307477631994542	0.19700854964322	0.383186354412171	0.278013906282631	0.533733226482088	0.526958969123674	0.194994010733611	0.550969622293273	0.511774359532097	0.3672402695247	0.327005017247326	0.491322483788179	0.272252435429159	0.462556017183965	0.404073359863048	0.440872715441112	0.29268497439995	0.489383874916536	0.324952876003864	0.286291689627689	0.230640087728328	0.58401173777075	0.48466187026845	0.185853286657398	0.598266919888098	0.287613807878663	0.425518793034924	0.361625035560555	0.376103716113136	0.469638911445908	0.414416306807462	0.255627741271951	0.228341151570487
"SRR13358045"	0.181121834328408	0.2934017113626	0.248249281911495	0.260409420228413	0.245795468401109	0.38687417072707	0.202316823732751	0.255431428706283	0.325130141423506	0.277668304722759	0.282015564656099	0.223860920196697	0.388752606700066	0.260166058416732	0.225149422296178	0.169058576892096	0.298499200079077	0.185662802529942	0.258691031905038	0.40302039630657	0.144417880686743	0.59958015481166	0.168441644709557	0.393938284205034	0.730724834181649	0.16347070693203	0.189367285591735	0.295824339711495	0.164785646065314	0.223305129974914	0.261448548526938	0.270721620717195	0.182619020242525	0.238970160693852	0.319943195218472	0.3795349312168	0.2276062160372	0.310326743221335	0.233071284439753	0.373656597058804	0.522263116790951	0.268310308598735	0.285492038401228	0.193966102117449	0.168631578626817	0.240939022189762	0.25481718872732	0.217560424237541	0.20572184455635	0.295318230317715	0.316287416085501	0.376673420222144	0.244079491615004	0.305615863278292	0.315193602087948	0.183847543480892	0.352487293462291	0.339368556833859	0.410534167842975	0.153345644210487	0.295209412763303	0.153200688464479	0.273193593528893	0.106865141232286	0.241781840398606	0.209131711220331	0.431865069850023	0.203684968942174	0.417630625136964	0.510232159111447	0.148744235476136	0.267745086605116	0.208228825066877	0.679352126783892	0.187499665327908	0.322377541720074	0.184371630918539	0.169231432687723	0.230234600288487	0.266933422293423
"SRR13358044"	0.210622517662462	0.307034023492245	0.260068957519804	0.29001241001673	0.283770680840962	0.30823514735038	0.225216988350195	0.233501310677475	0.182221705276006	0.24444371027538	0.30687221263524	0.233879846016209	0.323320437488504	0.388110067597583	0.22939774852925	0.16795167225397	0.38043151575487	0.214594765802748	0.242813976829472	0.442494184778107	0.169682331868219	0.710654838902977	0.146468524353607	0.375587331876387	0.774555972489536	0.16347070693203	0.229759186068265	0.265801583771102	0.215646630153953	0.247745305327644	0.266723095129686	0.163457049332122	0.17883680870958	0.2013678746104	0.293633470896144	0.552314438421108	0.297484859065444	0.340781447535717	0.252257039535009	0.478703916843666	0.344707966612639	0.391335101235034	0.335547288064532	0.191599007348308	0.147873989021368	0.257460426438774	0.255815421058395	0.220158223659196	0.217045674171419	0.318205101740108	0.446978417366358	0.260968573182245	0.228115334025168	0.210163705816005	0.428609755918816	0.167757528154194	0.351446280832633	0.335236079882213	0.379934481439748	0.161396452042283	0.251705093226819	0.155513182046713	0.291418007931664	0.119862358128385	0.178701666825761	0.167062259949239	0.491808147095234	0.214795788582432	0.31887215432714	0.364607330469301	0.158393046436037	0.313475370652998	0.228448196297911	0.772201450860262	0.248653755321072	0.37903901864269	0.158078487554975	0.193459822681776	0.22374998682143	0.184661063008768
"SRR13358042"	0.219185173445404	0.316033864364895	0.275116200694824	0.29001241001673	0.283770680840962	0.389167400867229	0.256050507908373	0.286498770935178	0.182820630304161	0.310791264169469	0.247315742529748	0.233879846016209	0.401992602402991	0.388110067597583	0.195291099546565	0.173913172287259	0.409708915434097	0.169454275625682	0.26111891216256	0.519490304723608	0.169682331868219	0.683761519870977	0.168952539387219	0.344434284674811	0.844427654257376	0.16347070693203	0.179390355749437	0.306276749825857	0.234665004889444	0.247745305327644	0.270963813173345	0.223048121597323	0.198128628326977	0.267484874505186	0.408681793102003	0.542889084858627	0.306207637649159	0.345158447132768	0.330221733093771	0.475889898581183	0.546005932955351	0.390712246104407	0.335547288064532	0.243615025490997	0.203809779542541	0.310631350870124	0.255815421058395	0.309488661614902	0.191640892142197	0.319786143409583	0.441785103904654	0.378229627678255	0.29459095869396	0.250201082506362	0.42790829253977	0.287237101799402	0.352642857107972	0.339789654422405	0.562987227902413	0.182638001721952	0.370335851721438	0.193648699606639	0.271531208944277	0.110923049902093	0.284802033549073	0.247129255818721	0.573786090879439	0.226410449443186	0.425696570388923	0.524616142265703	0.180011337268553	0.379768073744521	0.319940106533323	0.829435879357713	0.272236711452398	0.405790475675033	0.272078464546307	0.265387799821877	0.234637338157323	0.205332025373543
"SRR13358039"	0.276216162695177	0.250175036851206	0.151627794009036	0.278621582644855	0.265116150518713	0.144032791121322	0.0618007264125403	0.159952190134733	0.21788784786486	0.143280280239065	0.127896900583252	0.197700449088332	0.31801335674865	0.150969363953979	0.252080414941543	0.140394822265444	0.0946897387227228	0.105836913276623	0.242813976829472	0.083687432487353	0.0903646438933059	0.268589047203404	0.108103483165099	0.298398828731137	0.0833127163902204	0.16347070693203	0.106031522700391	0.259540057296007	0.067962015144525	0.174772339190762	0.224852988757281	0.074350357947371	0.107979994639054	0.133119539599913	0.163884338232664	0.592061159650373	0.0810276001380764	0.144959499882652	0.0694390300610401	0.449548366559482	0.312402679975	0.149529846204104	0.172688063730963	0.0869684053586517	0.0589659460740182	0.0951239914953858	0.252062799322255	0.111040917633626	0.0987031562661827	0.124450507848587	0.262749171705342	0.249160673219115	0.117115369758349	0.144015643088469	0.223777061070795	0.0305766354873344	0.351446280832633	0.327005017247326	0.0332389776900968	0.139560064252647	0.0911403902849152	0.0948510821557774	0.124260266697284	0.0631285548652545	0.0638807780446831	0.0761457034305628	0.516041402947503	0.145364220298441	0.3300843826028	0.299048101861928	0.0604779637272778	0.0380756934583329	0.0858307622791459	0.116114758070793	0.100422618595647	0.111205986445005	0.0310688883976404	0.0441653683542022	0.195096634061406	0.144265125459707
"SRR13358038"	0.276216162695177	0.290985419706456	0.234019582646496	0.29001241001673	0.283770680840962	0.374518528674803	0.175985235088501	0.228194525050851	0.366184119618719	0.24444371027538	0.30687221263524	0.233879846016209	0.31801335674865	0.388110067597583	0.252080414941543	0.157494383059197	0.196360541744227	0.214594765802748	0.242813976829472	0.311088087030536	0.169682331868219	0.268589047203404	0.111857678942282	0.312223448333077	0.262545881834834	0.16347070693203	0.229759186068265	0.259540057296007	0.185662684824107	0.247745305327644	0.259093736854902	0.191269956129637	0.280021906543717	0.2013678746104	0.293245872022546	0.601737879608608	0.299792459641361	0.340781447535717	0.252257039535009	0.486117146621032	0.312402679975	0.392976306585429	0.335547288064532	0.191599007348308	0.147873989021368	0.257460426438774	0.255815421058395	0.220158223659196	0.18457435936972	0.280757513746009	0.475214458450078	0.249160673219115	0.228115334025168	0.186588165793618	0.41216487368419	0.167757528154194	0.351446280832633	0.327005017247326	0.168752304865734	0.178176287267464	0.221904641328358	0.155513182046713	0.291418007931664	0.119862358128385	0.154404130401098	0.137008238577854	0.516041402947503	0.214795788582432	0.3300843826028	0.299048101861928	0.126367644255915	0.256176177116702	0.228448196297911	0.518911076718046	0.30051779791645	0.332156026054703	0.146710283661226	0.213080666314458	0.20482135254141	0.209416650149472
"SRR13358037"	0.276216162695177	0.290985419706456	0.234019582646496	0.29001241001673	0.283770680840962	0.374518528674803	0.175985235088501	0.228736670161529	0.366184119618719	0.24444371027538	0.30687221263524	0.233879846016209	0.31801335674865	0.388110067597583	0.252080414941543	0.157494383059197	0.210872729586167	0.214594765802748	0.242813976829472	0.311088087030536	0.169682331868219	0.409344509416107	0.111857678942282	0.318124682618933	0.289473428254425	0.16347070693203	0.229759186068265	0.259540057296007	0.185662684824107	0.247745305327644	0.259093736854902	0.191269956129637	0.280021906543717	0.2013678746104	0.293245872022546	0.600778874058537	0.299792459641361	0.340781447535717	0.252257039535009	0.486117146621032	0.312765127008588	0.392976306585429	0.335547288064532	0.191599007348308	0.147873989021368	0.257460426438774	0.255815421058395	0.220158223659196	0.188122695917033	0.286571812132277	0.475214458450078	0.249160673219115	0.228115334025168	0.186588165793618	0.417530887761157	0.167757528154194	0.351446280832633	0.327005017247326	0.180533226345762	0.178176287267464	0.222046697765904	0.155513182046713	0.291418007931664	0.119862358128385	0.154404130401098	0.137008238577854	0.516041402947503	0.214795788582432	0.3300843826028	0.299048101861928	0.129218050785727	0.262650873033955	0.228448196297911	0.531366057826409	0.30051779791645	0.332156026054703	0.146710283661226	0.213080666314458	0.20482135254141	0.209416650149472
"SRR13358036"	0.235025361459326	0.195053554443203	0.139972483983947	0.20887021065459	0.204006765822858	0.136901284940857	0.0887409299344656	0.0918728489772855	0.126370359998209	0.163807148156537	0.12498813578732	0.164414311647601	0.175180125500557	0.157274080321262	0.198764901486613	0.125097600033988	0.0671985318908176	0.0976504513088532	0.175490796315375	0.134463957281823	0.112102418449874	0.157482114117184	0.101866365106437	0.143322437926682	0.0778080349814178	0.128406406432944	0.0995770114904083	0.188418297470087	0.096257234908029	0.164408366868715	0.181076501419769	0.109418376531221	0.135050052276659	0.113591725649292	0.139393352870466	0.377702150022763	0.0908966560373914	0.179176449447224	0.106027642950646	0.252443926870577	0.141801740359609	0.181237898242898	0.153493852035099	0.0970038841675319	0.0741735389949492	0.0890976677521413	0.19750892669437	0.12155160779903	0.119574198347176	0.115013681298004	0.267794371069367	0.156786481207818	0.10523003526675	0.103724584928195	0.171729620383225	0.0817672846754624	0.213350249625809	0.212396735175173	0.0614274079325611	0.124937883714759	0.0973646839146128	0.0902303937332007	0.118242243021436	0.0570690621338079	0.0833153311923845	0.0859348457882413	0.333268768110309	0.151794640206623	0.232670081171855	0.136210857599192	0.0842786490744743	0.0448566150425174	0.107754080639863	0.195412996302417	0.131807984245222	0.121715255072626	0.0775641887246455	0.0825383039348214	0.164696962507767	0.118598976590218
"SRR13358031"	0.31372791817341	0.274722851221841	0.234019582646496	0.25061073248586	0.23488078049758	0.474381027803967	0.175985235088501	0.298938395674133	0.366184119618719	0.332712794218615	0.261492267739278	0.233879846016209	0.410069623266855	0.388110067597583	0.228335995457634	0.157494383059197	0.401202647683314	0.17362999254864	0.265695333478711	0.306058142472379	0.169682331868219	0.262980683540659	0.111857678942282	0.348340610259138	0.414139668849405	0.16347070693203	0.181835727353598	0.299848149084647	0.158193651787349	0.247745305327644	0.259093736854902	0.256415213401242	0.34410017973409	0.287457786543804	0.39445162239447	0.400003343022374	0.310253317903921	0.313851620414326	0.353026601065382	0.352220150133755	0.535634734383942	0.320754433525434	0.335547288064532	0.254740836687023	0.22471293922194	0.324416392004276	0.255815421058395	0.270630937971091	0.206523466332525	0.368943203129335	0.376351839221969	0.387041459718426	0.312332830022851	0.190393024580507	0.41216487368419	0.322862801554115	0.352933650780234	0.327005017247326	0.43792637394468	0.209602083936924	0.340975298586878	0.20391419625301	0.285713005682385	0.113319143463823	0.262246314940396	0.199830680637717	0.44773815995573	0.229296430564823	0.475975966086512	0.44005206979534	0.182803163916206	0.40342131852651	0.275611991051531	0.533009634150798	0.361380868909715	0.332156026054703	0.277491757224079	0.322948297603208	0.202169137137805	0.228023003313626
"SRR13358030"	0.128001992618987	0.25513509249147	0.234019582646496	0.206466667576019	0.182265541136225	0.355560906795891	0.199042501074489	0.360116802038279	0.215475404264436	0.403952818171758	0.460854723097963	0.233879846016209	0.352214586506981	0.406385391480146	0.168570050117441	0.206984302774629	0.471720065730741	0.26320994401355	0.261219071824267	0.299811520976867	0.169682331868219	0.331236673616256	0.146062968566346	0.298137666543815	0.212896333495406	0.16347070693203	0.294088375207474	0.195942055868767	0.176382782430638	0.247745305327644	0.279680848483061	0.178573094884628	0.174317472119716	0.295578130426272	0.380058787373896	0.164535983684681	0.253153362900061	0.393276209007636	0.282114787056318	0.262819971339202	0.491194342494085	0.220934774986531	0.402743175474045	0.293496281988578	0.329246973874991	0.432886095237638	0.255815421058395	0.219979536133336	0.177080748888204	0.340474349164753	0.239627172837535	0.458942748075143	0.372876168768125	0.182215209996331	0.50842510319055	0.293549907630804	0.335327864342213	0.327005017247326	0.4087238533103	0.196298013964538	0.399857482262855	0.287872540284559	0.369227780674737	0.280551528316929	0.374208350316857	0.274608663329672	0.24003179369877	0.22647368181104	0.438999377916091	0.436136785323008	0.166531621575008	0.535256340858185	0.228399468232831	0.376845665544262	0.30790849866063	0.282182681242126	0.31769477357121	0.343833537823458	0.244019193293807	0.205686593077895
"SRR13358029"	0.304870461653471	0.290985419706456	0.234019582646496	0.29001241001673	0.283770680840962	0.450961034279642	0.175985235088501	0.28452056596064	0.366184119618719	0.304335774480294	0.227929550214408	0.233879846016209	0.388087851973009	0.388110067597583	0.212856272601116	0.157494383059197	0.406031993785542	0.159939040402866	0.26032119445306	0.311088087030536	0.169682331868219	0.261504120748739	0.111857678942282	0.332294218222885	0.577806363482417	0.16347070693203	0.1704973265261	0.287579930657418	0.185662684824107	0.247745305327644	0.259093736854902	0.222385720411059	0.324448480323553	0.262865688026065	0.402772790059003	0.609342702774991	0.307833382492671	0.325987331181804	0.324993919647022	0.486117146621032	0.482215436015576	0.392976306585429	0.335547288064532	0.241215614764435	0.197258695156313	0.308245971631017	0.255815421058395	0.305296382098276	0.188738905203703	0.342005800850757	0.475214458450078	0.345480480195397	0.29153905428471	0.182895471117195	0.41216487368419	0.281233193189986	0.352591844685979	0.327005017247326	0.450409968537519	0.202042003798199	0.311434646919645	0.191888547032543	0.257395687990947	0.107693853019799	0.224130543269981	0.183714639214226	0.602400396188541	0.225906723396784	0.434729911085828	0.405829950361474	0.178625559129237	0.389025846111733	0.315663486883136	0.639801313829815	0.346914297561752	0.332156026054703	0.239725332131347	0.295197117917822	0.20482135254141	0.207473417138216
"SRR13358028"	0.304593115421842	0.290985419706456	0.221665178111521	0.29001241001673	0.283770680840962	0.381246317946653	0.175985235088501	0.247625689494966	0.359322392722057	0.295995876783369	0.184027398780008	0.233879846016209	0.387400720946183	0.388110067597583	0.1905817947854	0.157494383059197	0.315991893241621	0.13688677457542	0.260152679039344	0.311088087030536	0.169682331868219	0.625880878208481	0.111857678942282	0.301129805363962	0.403150167537845	0.147364654143123	0.148135576431862	0.284166301084163	0.185662684824107	0.247745305327644	0.259093736854902	0.202398365510202	0.319004672769282	0.258751423430846	0.401673663939257	0.525066576188895	0.305215878140866	0.284964535821516	0.320489992837055	0.405916466253637	0.481569443642826	0.392976306585429	0.335547288064532	0.240710207911226	0.179408874685359	0.307742764855724	0.255815421058395	0.285481226133693	0.162340906306912	0.311215759603988	0.474476348284703	0.332260294932034	0.290895962869095	0.173847890574687	0.425457059285223	0.268289170027554	0.352581055950574	0.327005017247326	0.386185191963363	0.201806673213795	0.285310985235725	0.191517840334977	0.225619474169411	0.0804825931755309	0.212509485234525	0.18322263177268	0.565668487307798	0.225800286694627	0.426248868756484	0.404762469324942	0.17623556727337	0.298508968745746	0.285954932677616	0.623921720574246	0.34646198099169	0.332156026054703	0.235996066422181	0.294343797704463	0.20482135254141	0.182220389013748
"SRR13358024"	0.148287895213601	0.253500510300563	0.234019582646496	0.202966112464107	0.178213878243483	0.382299522667147	0.205006961786678	0.34897086916794	0.276086205086907	0.390820640112295	0.555280853008188	0.224576144893201	0.404574982269107	0.641966995674695	0.183599685643037	0.220684920631511	0.570770653388496	0.350350673253166	0.262017431659387	0.299279809471625	0.169682331868219	0.418985374491685	0.155635775686939	0.490556828371602	0.216948151358741	0.149349364867084	0.343499802746094	0.231432175574266	0.160553517405967	0.229807787325946	0.284858143869679	0.214781128120328	0.194902266353407	0.307801050080711	0.403514323786919	0.141321397295798	0.356128249754857	0.467518509542602	0.411842827268548	0.561775941732813	0.499166258548003	0.232434149120516	0.351823216559845	0.325606680601726	0.384850424738927	0.516279129093018	0.255815421058395	0.237916896718819	0.195031106068484	0.377948368239552	0.238408621522953	0.499121605233967	0.475375210596762	0.202064587625254	0.491178667185792	0.336380995041288	0.327203594310947	0.327005017247326	0.449406265663522	0.239128184340978	0.451584902740163	0.337396044531598	0.462790365373964	0.348416636105553	0.43394144711752	0.302984906012103	0.243965384818738	0.22697758535412	0.478425295568397	0.447601784481138	0.135329204687262	0.598664930101409	0.262981116888098	0.339217336329441	0.328421014292929	0.376834494481801	0.362866334982058	0.377686713154403	0.255706538448469	0.24197358610673
"SRR13358023"	0.276216162695177	0.290985419706456	0.234019582646496	0.29001241001673	0.283770680840962	0.374518528674803	0.175985235088501	0.233700471386153	0.366184119618719	0.235350213127704	0.234292525290643	0.233879846016209	0.31801335674865	0.388110067597583	0.217950073800193	0.157494383059197	0.375937894527464	0.175195712861702	0.242813976829472	0.311088087030536	0.169682331868219	0.731047452252957	0.111857678942282	0.334076740954272	0.580857473956809	0.16347070693203	0.19145024200164	0.255557979912504	0.185662684824107	0.247745305327644	0.259093736854902	0.167826589556287	0.273801749831891	0.197462994829043	0.293245872022546	0.600778874058537	0.299792459641361	0.284436880103988	0.247878343313074	0.486117146621032	0.313558694747844	0.392976306585429	0.335547288064532	0.191599007348308	0.138673326251895	0.257460426438774	0.255815421058395	0.220158223659196	0.185267573102844	0.305939830962841	0.460238357228097	0.235587170101362	0.228115334025168	0.17630875424686	0.429334455718692	0.167757528154194	0.351446280832633	0.327005017247326	0.309547093985673	0.178176287267464	0.223339473023326	0.155513182046713	0.24496627702322	0.10836316255257	0.143468598243761	0.137008238577854	0.516041402947503	0.214795788582432	0.321052832911118	0.299048101861928	0.157666739424604	0.326022738393412	0.228448196297911	0.640869431747793	0.30051779791645	0.332156026054703	0.144210532949004	0.213080666314458	0.20482135254141	0.185411399179346
"SRR13358022"	0.158937262362371	0.290985419706456	0.234019582646496	0.29001241001673	0.283770680840962	0.420760558176109	0.198126378639727	0.389761750181441	0.39399854730245	0.479373671245996	0.590318043544416	0.233879846016209	0.566273579887196	0.405685886973788	0.214399366587278	0.204910257500735	0.529179979601843	0.351965402555222	0.269178686676301	0.311088087030536	0.169682331868219	0.382229388501104	0.144618324008267	0.510664501595038	0.566367748888383	0.16347070693203	0.34216145791201	0.251560175635391	0.218733718120847	0.247745305327644	0.278880568263524	0.33523980930189	0.261758692150019	0.33671090829268	0.551008098934926	0.557660565982752	0.348210637446543	0.666328317711394	0.474568673013597	0.557648725808497	0.569541874758001	0.389796921800003	0.400103258807834	0.37721865420192	0.421205894192981	0.577318373955999	0.255815421058395	0.450922197739218	0.253538485760724	0.431504976311108	0.4557158266703	0.549109302028833	0.487112584698633	0.240574288794819	0.521151848846076	0.463772199409285	0.364268562454238	0.327005017247326	0.630856616398983	0.238991187168966	0.464875713945446	0.360779012663394	0.485970625085015	0.302385645356085	0.478894167366421	0.302125490905494	0.661387497342334	0.231488904176561	0.581898395861182	0.486685522535043	0.189470679678318	0.601071917176098	0.451470231887908	0.631981709670957	0.34412550854555	0.366482278198207	0.447341131765351	0.393561720924172	0.249019298297597	0.310740810505299
"SRR13358020"	0.10159204342547	0.290985419706456	0.234019582646496	0.29001241001673	0.283770680840962	0.343320283731094	0.175985235088501	0.2771085653074	0.357930244734464	0.293482475593277	0.212699613924728	0.233879846016209	0.359095844878627	0.388110067597583	0.149243428407577	0.157494383059197	0.380914129221634	0.153212016762848	0.258325259307901	0.311088087030536	0.169682331868219	0.244421139408601	0.111857678942282	0.316730813552269	0.534548867193406	0.16347070693203	0.164620909430773	0.218206089979971	0.173099000151189	0.247745305327644	0.259093736854902	0.183579089853951	0.201235967231268	0.253747756447652	0.389790548186375	0.501031010321699	0.30387574845129	0.306990638913346	0.314509513600042	0.469694128366535	0.462233420830007	0.389340881706205	0.335547288064532	0.235262532667167	0.18700839481804	0.302301859597708	0.255815421058395	0.294912504173175	0.16419855204862	0.268814536409732	0.452924049881453	0.327915804063534	0.283959038251432	0.179577171930715	0.41216487368419	0.266500385342622	0.352463777603531	0.327005017247326	0.411533578994021	0.110714939385683	0.300513218574073	0.187523008955613	0.244821014447047	0.105052845353776	0.210103986178797	0.17793972230265	0.540228817946059	0.224645469634906	0.391585050516955	0.393217560328188	0.172432580618144	0.354069462779213	0.305063398156277	0.617063344186566	0.225317595064586	0.332156026054703	0.226315970445624	0.233655625455592	0.20482135254141	0.178706121828813
"SRR13358016"	0.234555346792706	0.272451618622963	0.234019582646496	0.24529480813856	0.228409640903897	0.477164265614535	0.203498056958794	0.404988191874481	0.193819262262315	0.472837429704913	0.5318117003068	0.233879846016209	0.475060503252353	0.409758695209707	0.202267801728672	0.217187225606083	0.537282946602757	0.325740076822238	0.268705427084628	0.305344987662916	0.169682331868219	0.416151727708925	0.153186802507507	0.483519288973613	0.384790322681012	0.16347070693203	0.317998193306504	0.267749310573414	0.197439264098786	0.247745305327644	0.283553699754212	0.217695759014961	0.228930057245278	0.335276538342941	0.501434900249039	0.359690410821608	0.3591493862819	0.550391696820698	0.455793103905978	0.422189620177655	0.564982380077616	0.309223105888858	0.41553057997853	0.359444153266576	0.416754977137563	0.542488813225006	0.255815421058395	0.352218819452031	0.203217148321714	0.414394314297969	0.339773274952273	0.545539489488829	0.508209064752451	0.184929581372778	0.534192266093239	0.400983389923117	0.366812407703834	0.327005017247326	0.572895186783172	0.299929192562907	0.486497450555908	0.377787832006015	0.45361140645238	0.329601850164802	0.475914573010404	0.32405582037115	0.48922006951365	0.231191232569688	0.545882305213459	0.489250305586663	0.182164517743605	0.635651516691475	0.378948180838295	0.516710643569298	0.406950710585436	0.374576776532004	0.423851079319059	0.437213931013148	0.256443787529579	0.232066508746481
"SRR13358015"	0.323228549682753	0.290985419706456	0.224282885442394	0.29001241001673	0.283770680840962	0.417813839018305	0.175985235088501	0.285797856478382	0.358262265226173	0.361869653276723	0.285788562040267	0.233879846016209	0.433671128838725	0.388110067597583	0.238942486534629	0.157494383059197	0.289859080423174	0.181900615612722	0.271445241668942	0.311088087030536	0.169682331868219	0.263718951634247	0.111857678942282	0.343488446294964	0.336316520241668	0.150714636346654	0.187704937338998	0.31227504682557	0.185662684824107	0.247745305327644	0.259093736854902	0.289634809274668	0.364084145332076	0.313859973897527	0.475952054326114	0.548996990572845	0.309858061038524	0.407503511205787	0.382716324869538	0.422897505080132	0.591133835982351	0.392976306585429	0.335547288064532	0.275659399679923	0.245293287475173	0.34195418472484	0.255815421058395	0.349214307730232	0.209862489799827	0.375002030367189	0.474635117142982	0.439301292725665	0.335135118605294	0.19515649469315	0.41216487368419	0.370068931412706	0.35329467048759	0.327005017247326	0.438372712212916	0.217806871239906	0.35133555815248	0.217208834765046	0.307940760427658	0.0992724198941994	0.303305808256345	0.217971358922718	0.625884690294964	0.23291365857398	0.51793196625112	0.476803729695071	0.178380450758715	0.324926377678444	0.352111249017767	0.585089722796813	0.3769308996924	0.332156026054703	0.320279654689052	0.353660053982616	0.20482135254141	0.238804376956271
"SRR13358014"	0.317357440147294	0.290985419706456	0.234019582646496	0.29001241001673	0.283770680840962	0.585705505380544	0.175985235088501	0.396375286554111	0.360719253847307	0.35750378318045	0.367159019260705	0.374382908490488	0.419087820038501	0.436877390130781	0.275867916161807	0.173118935915462	0.404039846753125	0.331158150751198	0.358597544312265	0.311088087030536	0.301287249602623	0.42067940014945	0.147489139245049	0.43574290448384	0.559495163062011	0.16347070693203	0.291173531178116	0.309946887637103	0.185662684824107	0.34204450833199	0.259093736854902	0.308389879958612	0.644441608731609	0.457627744198298	0.468014844846029	0.612910524188013	0.494328172227484	0.461809548976099	0.384327396468038	0.486117146621032	0.590097087193238	0.392976306585429	0.341045715387073	0.320951602622478	0.325472752243545	0.331094546945446	0.26545057001301	0.345965812570701	0.416887509286176	0.607283216509651	0.475214458450078	0.455292328915945	0.339215756297688	0.206079745557596	0.41216487368419	0.368868994457385	0.40612366754636	0.327005017247326	0.493475185156837	0.310114669873802	0.359587288636703	0.250224637280868	0.431614607553659	0.176140650737835	0.317997648551655	0.27244720531297	0.637061591820699	0.338326193739375	0.599027261031867	0.539297937863005	0.36632950463887	0.38942746979693	0.357079156919332	0.612155629857481	0.510945342226659	0.366374766946431	0.337582913826722	0.449527298659699	0.20482135254141	0.269310804133253
"SRR13358013"	0.307116960786614	0.290985419706456	0.234019582646496	0.29001241001673	0.283770680840962	0.456919831225658	0.175985235088501	0.287952397600921	0.366184119618719	0.328000918453853	0.352115937456622	0.233879846016209	0.393656870512293	0.388110067597583	0.26999451257555	0.157494383059197	0.384777321006648	0.222836757163511	0.261685606559876	0.311088087030536	0.169682331868219	0.268589047203404	0.111857678942282	0.392435528484602	0.541009731184191	0.16347070693203	0.229759186068265	0.297278666377953	0.185662684824107	0.247745305327644	0.259093736854902	0.276701795665982	0.339964969544958	0.276414216149101	0.411690104032494	0.610835319726519	0.308449795606267	0.431555515575841	0.339988536789483	0.486117146621032	0.495854486593895	0.392976306585429	0.335547288064532	0.245326453038735	0.223228779786258	0.312329179861398	0.255815421058395	0.312480966817121	0.250025881786586	0.402171298168498	0.475214458450078	0.383346178090949	0.296766591026005	0.201235742293542	0.41216487368419	0.291541096940151	0.352679036893926	0.327005017247326	0.452556493502303	0.203951293190347	0.31867169880338	0.194904409071207	0.340503309209908	0.127176241652941	0.257864063097758	0.187728275276975	0.608781493480762	0.226768170596712	0.460746589769302	0.414488423775455	0.176182517669988	0.385183174948325	0.322991571119819	0.626953682577985	0.350579684994845	0.332156026054703	0.254801614337439	0.302145404830173	0.20482135254141	0.253896336441323
"SRR13358007"	0.342150533377426	0.247693293756785	0.242686031161239	0.224765174497799	0.223344899929074	0.530287017570844	0.252201869728107	0.334470668526219	0.131055877148689	0.338227129316675	0.172832921068392	0.402886638000618	0.258483861483988	0.390466313956314	0.182633982529135	0.175216289701006	0.277901919903537	0.23282262568941	0.314801130013787	0.510219725700403	0.380361710043193	0.351212421610336	0.229031764998417	0.192248050451145	0.792648725694896	0.16347070693203	0.192845652875909	0.270403085767717	0.241610182017611	0.372293079201253	0.217739346852972	0.262591846683962	0.66281381909937	0.406274756459395	0.330213157149336	0.510777696369907	0.496743970963161	0.300145064105759	0.336554833242886	0.373901490079735	0.359840550605648	0.352254993235672	0.328776855481555	0.285357601603825	0.284178146133749	0.226804817063667	0.21928850725764	0.289251532696831	0.364581102497154	0.481189791551638	0.431596312649512	0.281299343845603	0.252498159467043	0.191223275609053	0.290710912793086	0.39283575367293	0.335681067357788	0.236413874043636	0.486368611450691	0.36832719357594	0.340156180645844	0.229430430729443	0.276727737281217	0.164151071688008	0.284684181210126	0.330503856417876	0.474509963646804	0.367857771855432	0.464537484916224	0.420025031558748	0.453128940906331	0.300222782282148	0.316664457580883	0.796363966313887	0.539631548302511	0.382439130969567	0.389609956583339	0.473558516641302	0.200299847515277	0.183034607345984
"SRR13358006"	0.146844510523743	0.243881053691287	0.203221866151533	0.20731001055911	0.182123059676958	0.329961570340588	0.14493988428195	0.337122963628609	0.189798966954559	0.364120857183901	0.378823643176572	0.221205497982474	0.369314446303624	0.309951749613632	0.170275035141844	0.2044161634714	0.417027371907987	0.219329111362797	0.262088925898674	0.200444761104111	0.138148172846942	0.350858538428104	0.147863462760459	0.315278584382685	0.158425121887911	0.16347070693203	0.236827538374763	0.205655770523999	0.115348358557918	0.221088565222617	0.26900836720042	0.137353447460191	0.134349926639338	0.267189987093242	0.339737388107815	0.163049426988075	0.178499321560433	0.325632834813351	0.208891471421563	0.273601669773633	0.499879470173213	0.16151084538935	0.33944562626014	0.244911976661005	0.273481057178086	0.360352597717946	0.25454777236409	0.190369364426433	0.142251094862071	0.275866798417641	0.197898217089403	0.473674285074225	0.336694349361234	0.17053958309035	0.443816062333091	0.193728808731945	0.340078087625451	0.327005017247326	0.295767706973836	0.203285568520766	0.335070195027025	0.268930853387187	0.299061187382604	0.250766719121717	0.317767436954832	0.244084195749416	0.268478182476336	0.200175320534988	0.454086590189976	0.444005349678918	0.133387829811144	0.395575449127417	0.183048298049245	0.247215848993375	0.238310260809286	0.208611602326698	0.222682068668964	0.240081653805874	0.244922186226216	0.188368525993006
"SRR13358005"	0.380455816584818	0.290985419706456	0.234019582646496	0.29001241001673	0.283770680840962	0.466730546879654	0.272745404518023	0.43027702239062	0.22868377201182	0.458709015647996	0.534214554451838	0.233879846016209	0.596675432039897	0.408875542520446	0.230194432204821	0.21448390855486	0.547568205890829	0.376191951228721	0.263936043589354	0.311088087030536	0.169682331868219	0.513626557798702	0.151296460984869	0.557953779876146	0.67235936341883	0.16347070693203	0.409458431761284	0.316347755265519	0.37879677528783	0.247745305327644	0.282537595118331	0.233840249021071	0.293263409654469	0.379891094661053	0.619835977237185	0.669864840042983	0.354875741589454	0.605261182652076	0.468498911070769	0.586910610113731	0.625417474592812	0.531954959688453	0.543812054443875	0.484796374040557	0.470383069053967	0.637106859943853	0.255815421058395	0.489782932686032	0.211359296147333	0.465261410924936	0.610744292541084	0.542368662199545	0.548900980167664	0.196158307151766	0.540851081766544	0.463336787329531	0.365948434759174	0.327005017247326	0.602644269596339	0.3966785253361	0.451791409726175	0.447971313265541	0.480225932679496	0.38184442620482	0.482577931810732	0.381563009605392	0.762951859070657	0.228187748287263	0.583146957053994	0.531427287873794	0.201752379093568	0.634913262234633	0.526450078926363	0.743184279810332	0.467521626524685	0.483699286973787	0.422702827665749	0.44018156198907	0.257614723950877	0.259528096655725
"SRR13358004"	0.18380428058028	0.273707160797297	0.196774113863588	0.285287401863009	0.275991729508608	0.457143606030164	0.135606257198706	0.374630887640114	0.172997521113988	0.433454474321995	0.384639897618773	0.218444133928936	0.613780745272265	0.291027162801719	0.173046792976833	0.206716264857093	0.449179980380599	0.226648533667919	0.272477123205706	0.189490315156799	0.131818194648605	0.40453975170541	0.150316867661828	0.451966398756871	0.395746966749619	0.16347070693203	0.215275049789804	0.255787972261483	0.157314973920501	0.215426298746949	0.267741168409461	0.159920585735109	0.145366220207658	0.304334230217679	0.514504595694291	0.572013614422929	0.22982415621553	0.509928646873948	0.352581724215747	0.561533052800295	0.60081686015884	0.272108057510909	0.329337147485241	0.327371897854708	0.349240686284702	0.518076410623432	0.254265341398237	0.408909982241287	0.149131839572982	0.292889194648553	0.343763949991468	0.567397855742006	0.454613865567159	0.167557035521655	0.452609668254632	0.357749518375138	0.36680439341483	0.327005017247326	0.466591922943756	0.260079905622591	0.401030483057613	0.353285497529109	0.324228443031624	0.253779557188507	0.408026712355774	0.280058609590943	0.69084152031117	0.200363256041192	0.608668860023308	0.512878373870366	0.143766119962702	0.46228946614889	0.374488694706992	0.427692691931941	0.261237705489645	0.252677852721395	0.332483492218594	0.275348137195364	0.254177467498886	0.194057488625643
"SRR13358000"	0.123444428404087	0.290985419706456	0.216575968061886	0.29001241001673	0.283770680840962	0.673196724298641	0.205029024465675	0.479735697972578	0.231341490137518	0.519519342802715	0.60136330965533	0.417270466888851	0.616510204731058	0.686380899987016	0.178643637307439	0.246408519973464	0.518560987638378	0.485813337333614	0.389622053444294	0.311088087030536	0.344778539371588	0.523646086779396	0.216078648015008	0.407377736617527	0.304004007633947	0.140949907648223	0.440878838459179	0.182655018217999	0.228724611359087	0.369938812066161	0.284877190695422	0.245543638557843	0.497100092502301	0.557868465106634	0.61248411580488	0.416872318065545	0.508776536309392	0.691852264605829	0.428836943644608	0.727887729025502	0.634375411613706	0.368072717636199	0.427500087594362	0.508413194582869	0.570646496771622	0.664080052986416	0.268058512946843	0.463940244828505	0.403738207500701	0.625619756103309	0.421381963481755	0.617328213437467	0.515750051203325	0.191491744909511	0.553310502637688	0.576909783332101	0.408615556089631	0.327005017247326	0.552210574421439	0.383575661138933	0.459707090475072	0.466834283763893	0.556207550012806	0.384344749756846	0.566678364723285	0.453518520436164	0.628257529083274	0.374052794248599	0.663725648163033	0.616143106026013	0.427294536126438	0.547656601582713	0.420716474032526	0.60446575591592	0.518729357855303	0.340205153297152	0.566710866067343	0.574380376375621	0.263177992904132	0.232144924335316
"SRR13357999"	0.112988539902019	0.290985419706456	0.234019582646496	0.29001241001673	0.283770680840962	0.660446536886169	0.199226469548736	0.431651332489228	0.208406602614823	0.375191867380126	0.605624875494301	0.376860051013417	0.575282473285313	0.447166409819804	0.196009325618465	0.230510045388338	0.545553321213823	0.514385401603761	0.381641825798701	0.311088087030536	0.332534201984355	0.582902667745617	0.200269791116643	0.560071922375437	0.581049373024355	0.132863540274897	0.438945167553121	0.235085445366035	0.216413355786491	0.312135635006639	0.279841389251751	0.251921225298878	0.472507430006799	0.539560545333155	0.586677248453304	0.526017920122529	0.580970363054578	0.683561111265792	0.494196735145802	0.556562729603925	0.627318633850378	0.388653231805965	0.265840187483421	0.470427929519013	0.548794285275096	0.595548725134727	0.267340752638881	0.467951875789929	0.43816422453014	0.637021030291736	0.395911183751811	0.597969483760505	0.510962689582168	0.197547808830939	0.526351590997657	0.547714152098518	0.335139095080639	0.327005017247326	0.634624617034296	0.328173150637344	0.490675916127768	0.388244936728404	0.59044912790874	0.414204930835215	0.530650226977956	0.415243956386977	0.657819947179628	0.364522377411752	0.693964049804033	0.601415238727974	0.421834734528732	0.622664567225548	0.467974421994556	0.538555638957603	0.44729474382106	0.410866273478063	0.525679446182118	0.52795131247804	0.251265508792276	0.248199754832652
"SRR13357997"	0.12810135927532	0.290985419706456	0.234019582646496	0.29001241001673	0.283770680840962	0.468091212373944	0.209320111353633	0.428744648556729	0.237550729092493	0.53565157844096	0.687732567798098	0.233879846016209	0.633905489225921	0.414097174622262	0.19662430523598	0.230796371704704	0.567062151612066	0.384116757822106	0.269160368613885	0.311088087030536	0.169682331868219	0.394720770584959	0.162736242207081	0.401879340913765	0.543202396180374	0.16347070693203	0.403625509340408	0.204986444734558	0.237874033202922	0.247745305327644	0.288567523257791	0.271802260219525	0.189291490714565	0.349947428616228	0.592720389915317	0.545250203589834	0.275121902473784	0.746376244983687	0.408567664518688	0.593011614742025	0.569365702480184	0.366021661170636	0.432095338960915	0.434279529925304	0.507493012273113	0.686505851271624	0.255815421058395	0.499044102812641	0.246366815555766	0.43326354711309	0.419929295598335	0.598875727380437	0.502225711871301	0.214562277456834	0.572699143461839	0.551671634221854	0.340955197958521	0.327005017247326	0.660672663025444	0.269015425029708	0.495513713224091	0.415010046063459	0.508651228928186	0.417743588858087	0.56427541261633	0.352377039247112	0.676297685327076	0.231477383628695	0.615529403462707	0.497943864919348	0.187049055258089	0.692440483353141	0.467029088564524	0.631655390980939	0.349163384491771	0.296924185292744	0.517746674598015	0.427881541217079	0.27205152006477	0.275707115650058
"SRR13357996"	0.276216162695177	0.290985419706456	0.234019582646496	0.29001241001673	0.283770680840962	0.374518528674803	0.175985235088501	0.233219278602497	0.180959316087243	0.24444371027538	0.30687221263524	0.233879846016209	0.31801335674865	0.388110067597583	0.252080414941543	0.157494383059197	0.35776154498068	0.191710932850121	0.242813976829472	0.311088087030536	0.169682331868219	0.233370672195927	0.111857678942282	0.249692938917057	0.551916110860719	0.16347070693203	0.229759186068265	0.231226767266199	0.185662684824107	0.247745305327644	0.259093736854902	0.133773643632396	0.220843709016657	0.2013678746104	0.293245872022546	0.600778874058537	0.223989756221138	0.340781447535717	0.182072078245762	0.486117146621032	0.312402679975	0.372144897941758	0.335547288064532	0.191599007348308	0.147873989021368	0.257460426438774	0.255815421058395	0.220158223659196	0.219218370546316	0.336863630616147	0.447989599667602	0.249160673219115	0.189324321850217	0.147849660403368	0.41216487368419	0.167757528154194	0.325956444104112	0.327005017247326	0.301134220261962	0.178176287267464	0.210774161749652	0.141458831418232	0.263305032921215	0.119862358128385	0.154404130401098	0.137008238577854	0.516041402947503	0.214795788582432	0.328961125434626	0.298903156006334	0.154720123138377	0.319581903255621	0.211519666402409	0.630758532996902	0.30051779791645	0.259207691735945	0.146710283661226	0.213080666314458	0.20482135254141	0.161353454205105
"SRR13357991"	0.301652088796658	0.268694231579682	0.186601333221012	0.283891285096299	0.273704128680446	0.327300867751407	0.102261760327642	0.233874441303729	0.28523507013967	0.223664214876406	0.11882361486135	0.213998165667359	0.38012064386	0.243267572853844	0.196881137345963	0.148155326310218	0.298676573124444	0.0972611080341361	0.258364745743812	0.161233325122338	0.12203219058956	0.25947797137691	0.109837588226888	0.304215337419324	0.395687131318261	0.16347070693203	0.101320886442077	0.281705464069345	0.110306706472411	0.206427170295874	0.240385157675091	0.124320470413528	0.197786869354523	0.205903485201893	0.299882579823908	0.603787468694659	0.160990850984475	0.184856299437574	0.169230219872986	0.466532378957666	0.462628741396107	0.243911512743212	0.239520298242764	0.159052574517405	0.115664123539344	0.186407851534562	0.253805591199389	0.213091547996142	0.121997438020829	0.21362970811046	0.354910448960191	0.323589512223824	0.20550611442748	0.153900939253643	0.303655465379604	0.118976417242723	0.352466317232623	0.327005017247326	0.225065550498395	0.175716326774193	0.197564940079951	0.145928860407475	0.146546526254142	0.0723940817786173	0.133145182259	0.132400853572175	0.593151525885405	0.183535907363427	0.416348892526316	0.393466371126751	0.121696868811407	0.168966471629266	0.192155733418768	0.371125943504758	0.201646237328128	0.192182056593125	0.106128269621363	0.134365265515159	0.19958063901261	0.157373348207952
"SRR13357986"	0.303182414689369	0.231623782993659	0.176545711726433	0.191215987047836	0.163281022718677	0.314999912070262	0.107829856054237	0.193508933618041	0.182581404666943	0.232310264578514	0.122612406889892	0.21581829086907	0.383907220367563	0.25525139244095	0.195167051780451	0.14901561235232	0.181113942978121	0.0993977548421444	0.259295297089677	0.163852317906403	0.125978096097746	0.259127544911933	0.110026605722621	0.287218356309153	0.0449546029610546	0.142075125390675	0.103877269380509	0.283211376365361	0.0736194016238894	0.210093464885395	0.242108357836736	0.103901888416162	0.178182584964337	0.213045134155083	0.22250405208654	0.0932383664047115	0.171496420426191	0.110781623949011	0.182950626088698	0.118791949577067	0.471946141846972	0.131772766253863	0.247718895048676	0.16205667093891	0.114776961219101	0.197763021602724	0.253994569649548	0.104575360743089	0.117930509429057	0.208943120557	0.17886758647265	0.317759063566016	0.215071758793711	0.132452644606012	0.313202509041842	0.133061948971736	0.35252609642959	0.327005017247326	0.108948608080857	0.179029561185847	0.183994546317588	0.151197033700711	0.152321045738492	0.0550857762309193	0.141892245193321	0.138395533467533	0.154365176850603	0.187662976277418	0.422034046148334	0.399338491230597	0.119323795787137	0.117598190117413	0.0844295460754253	0.162355496945657	0.21465427082907	0.203203650925352	0.117673896619839	0.147908283785268	0.193352963505227	0.127632196489645
"SRR13357984"	0.205031617724087	0.289318403396551	0.269630425458835	0.236223712766937	0.217446522440377	0.468101667410187	0.291894254372795	0.439617000103848	0.254927555751196	0.51682130080712	0.459098840893929	0.233879846016209	0.680755795116701	0.417343591135322	0.134856309155064	0.260823128727357	0.580412786281459	0.246334363813749	0.268566773928398	0.483460192096594	0.169682331868219	0.407189592070499	0.237455671635467	0.296551483945503	0.637793785653934	0.16347070693203	0.272229792171766	0.245617047601023	0.256269002103297	0.247745305327644	0.30346308775529	0.271066145350947	0.191632845731987	0.335679275150969	0.544397300839119	0.283536327415081	0.280792805433911	0.519477982584333	0.405533769351177	0.420259212645725	0.609897954479915	0.271624700867042	0.444558968078186	0.449275511020951	0.480819743074957	0.722563844508669	0.255815421058395	0.410338611573582	0.140350170422946	0.329034037781041	0.303629106444366	0.573137678412836	0.529871743021442	0.291070220091159	0.592158630707565	0.57136372594332	0.342759420125067	0.338144799190972	0.665068255329541	0.374823283563618	0.563826811466238	0.445912390571627	0.356274625017292	0.381651375698321	0.586253413583018	0.446146790155912	0.447535145219882	0.23110401025084	0.602173983378643	0.597381830914872	0.185389837172605	0.718449518564569	0.36990296216469	0.70267147007904	0.382719797924931	0.363598453248956	0.554167178466117	0.454238195304283	0.30807782904918	0.25929471059483
"SRR13357983"	0.341005882006213	0.280279253609925	0.287831849378527	0.196604519874463	0.170901831272304	0.711168055453894	0.319711366715213	0.559884043002421	0.20689589538749	0.434972022937959	0.366457718047467	0.482607010712657	0.424371754067103	0.452460483047574	0.172583930595225	0.278060957965948	0.532121372513332	0.430038515079075	0.425493114156294	0.560629278482372	0.413683402536647	0.675798446072964	0.359496803155463	0.475543273518183	0.691500179155611	0.16347070693203	0.347624761715677	0.34148404750261	0.225391415948418	0.409785153681622	0.298917728443735	0.276784154014403	0.672256466965575	0.588029020332088	0.448721808291563	0.143087727507979	0.670191882975311	0.334805410538179	0.43522449528871	0.246261307641449	0.678836567247602	0.22256052250132	0.422650665646423	0.433517371770857	0.509336516474292	0.479319289403227	0.271929869388586	0.240458870003729	0.360473584335724	0.654840327733947	0.223122251467056	0.568461347609975	0.524489837503785	0.321970191658218	0.486098990574037	0.402100501607627	0.456668304477864	0.343167822373362	0.616724097327427	0.581357156777579	0.567714715826604	0.435100863599059	0.480577832069836	0.415876248096117	0.543290307561157	0.575561194409057	0.251268580559264	0.421249170072736	0.647471268446442	0.750103879791738	0.518783728888919	0.616206618547433	0.272605169768926	0.683743527263786	0.64488392781733	0.53495871686766	0.495734117216934	0.629717310639428	0.294502694809846	0.268069214964577
"SRR13357979"	0.128844226986214	0.251627726344501	0.234019582646496	0.198992050838644	0.173638222831596	0.445093137921884	0.203079367570333	0.38050611627738	0.267268236857684	0.454997440448907	0.478253048476139	0.233879846016209	0.572080662309045	0.676100034953623	0.154488479682157	0.216220430385421	0.602587561607331	0.291128897611754	0.263453621504954	0.298668491615595	0.169682331868219	0.399963539269571	0.15251051299422	0.433150642156718	0.168146244732353	0.16347070693203	0.289088925278853	0.223670289278225	0.153088905191959	0.247745305327644	0.283191112153453	0.19872821949105	0.178956080962627	0.307526146810571	0.421159068874805	0.12229689481404	0.355916622118305	0.429071268746494	0.455626081775433	0.579651153824828	0.513466190398071	0.225239266804677	0.414332795428122	0.371696999756479	0.394650617160763	0.621339123704157	0.255815421058395	0.269265265226703	0.16942508848586	0.326693132773229	0.229738365007405	0.484807925932102	0.496768195102813	0.187639477015933	0.544343446947331	0.445730979348603	0.366276219356897	0.327005017247326	0.405600115367336	0.234714312282546	0.451468321224165	0.378731961125673	0.404498105840817	0.307974755605824	0.436575953913011	0.300550861755666	0.224453084196982	0.227883567957081	0.540532893288	0.454920118597268	0.170062740926853	0.605935749284382	0.256382229223644	0.352174616254363	0.322993772586522	0.373949066243336	0.421238528300416	0.37194746108685	0.251430280113662	0.210348456972249
"SRR13357978"	0.496045323379375	0.291183837763911	0.295868804139147	0.209595252712463	0.185903092005015	0.491323576929377	0.581621446148312	0.471404667610824	0.41567836497391	0.396926764182626	0.445030908542049	0.233879846016209	0.361908587289903	0.638427209655178	0.252829698203162	0.216584884729124	0.375192172310025	0.424638139241434	0.269609205709565	0.607459287613932	0.169682331868219	0.601293973389529	0.236906851069811	0.582128457081536	0.659589536459161	0.16347070693203	0.532547270223661	0.46780049941659	0.645744299344811	0.247745305327644	0.29044760824172	0.438475673403277	0.364999558912234	0.524555072369703	0.644066511023313	0.251517280436903	0.337703070413009	0.346821426065896	0.412420799488128	0.550334135021451	0.86119769781308	0.605659427333553	0.723449777278717	0.555565867376369	0.497328892392489	0.454891941107875	0.255815421058395	0.343559108138289	0.162160274847876	0.436860217792165	0.670981017766774	0.619502854233293	0.5601240922113	0.448867585748898	0.464941389247799	0.291764845704475	0.360665300714988	0.345870108280157	0.421264330262583	0.410681971591092	0.519238673764673	0.467986743131671	0.522802259004301	0.386506279174457	0.572008955744912	0.635442057520239	0.55010453677577	0.23175963790336	0.500097068677619	0.804750935278828	0.188322761341371	0.452370839749375	0.498526931783409	0.877180155678141	0.435172842106604	0.753695037788121	0.366639457858538	0.416661150769601	0.275777149892015	0.447809288130307
"SRR13357977"	0.456297934817489	0.313952827121207	0.261017504632551	0.286052396587819	0.277247344510476	0.374061643343112	0.227299305563921	0.274961756700477	0.308321054641219	0.297559099586221	0.189170330341601	0.220902712145438	0.462260284644218	0.250606602293184	0.246303627787493	0.176131805959478	0.168338502530008	0.13126536208566	0.269246509612739	0.486785607128071	0.137444639988482	0.262115398096299	0.204769609568679	0.292761902641169	0.687339808048859	0.16347070693203	0.133792828001517	0.40736990004183	0.207491149566734	0.217899158649192	0.264550645703958	0.333230495523338	0.268360912645623	0.267289269386192	0.399212971242509	0.610573620719301	0.208347559013437	0.289453466380828	0.249073094363088	0.473466857069119	0.649204156141334	0.292262848522291	0.271319198129184	0.211533449105773	0.180453831568278	0.250434236163252	0.254516917466443	0.29207955144121	0.142262326894346	0.250835154734413	0.36475944784408	0.448504400615696	0.268739738417749	0.361535463642163	0.299391399278071	0.205416324202407	0.353157175267488	0.346067548798222	0.35792113043151	0.280464398437959	0.360641036653186	0.169934880728631	0.215995346358485	0.0902736055494834	0.296997967132375	0.269926160783789	0.643054129624597	0.203658496150321	0.498840862881186	0.633838022581053	0.124422089783707	0.202963975850445	0.278603527040039	0.714589575881963	0.27034323606635	0.333551867984272	0.229991839769391	0.220088256351384	0.247398725548903	0.296363908099191
"SRR13357975"	0.146246231981897	0.290985419706456	0.234019582646496	0.29001241001673	0.283770680840962	0.477562029918269	0.175985235088501	0.312042135280913	0.366184119618719	0.365985355544956	0.371425080273496	0.233879846016209	0.409848451892184	0.388110067597583	0.222690204069773	0.157494383059197	0.406557621705394	0.226263283160537	0.269650795861451	0.311088087030536	0.169682331868219	0.25598021162721	0.111857678942282	0.405525507898576	0.545555610800386	0.16347070693203	0.229759186068265	0.260267717199482	0.176112187157633	0.247745305327644	0.259093736854902	0.291806748587803	0.267030845572256	0.311560199022231	0.464124060659744	0.532547916825344	0.312021081376235	0.47035263763034	0.379735028825052	0.473711244725614	0.574073543490236	0.390230036450783	0.335547288064532	0.269965119242721	0.260924867449688	0.336457145119887	0.255815421058395	0.355653552004976	0.253339154721576	0.386564243153892	0.436823713095995	0.445396752103919	0.327962802965886	0.207453278305173	0.41216487368419	0.333649113890301	0.35318250795222	0.327005017247326	0.528849175297503	0.13984127925091	0.363374647789142	0.213013152467162	0.361638130692903	0.130267843944733	0.311174086336989	0.212212036305852	0.606846941130908	0.231785789292931	0.495395727437689	0.465341631262112	0.187489043059201	0.417374278952123	0.366920910233093	0.631113947618376	0.276828084473988	0.332156026054703	0.311587441197478	0.299729496323029	0.20482135254141	0.254483256079153
"SRR13357972"	0.132489528880081	0.27389516938711	0.251463844741567	0.225283756891862	0.204366383641109	0.423081530158944	0.229920076981258	0.399106052964476	0.387243789735627	0.466183980571111	0.331151535453105	0.233879846016209	0.578510598589952	0.403314593168742	0.133290604389208	0.206374183567133	0.496696238398207	0.202152274682556	0.276372989752986	0.388638003248331	0.169682331868219	0.343378488812094	0.166952409531365	0.378409618337581	0.42760485132119	0.16347070693203	0.203053034907069	0.258220939766022	0.1807208331086	0.247745305327644	0.281538029189682	0.303092344373291	0.229726965308629	0.351634977494036	0.510518245327099	0.202875990833138	0.345420777897926	0.393470225123269	0.483371366044451	0.315422570789849	0.658275828588268	0.271177610563599	0.391187205576721	0.382371481099535	0.391474029787668	0.568540042113348	0.255815421058395	0.356464290576636	0.152845330649981	0.315209211834614	0.301912845864633	0.542578663683561	0.496781255081479	0.259148767298709	0.506428698624315	0.531903052713433	0.363222525085685	0.332569448512618	0.593319636909984	0.218750770870899	0.520747760661791	0.360717440136347	0.33195880178301	0.219398476073155	0.482831664873368	0.352613810427011	0.369610103378827	0.236006482075628	0.582260889242579	0.578817576209459	0.193196523592659	0.585243052355308	0.349321903480734	0.5539645325089	0.312853737460036	0.394400900467195	0.490389827684121	0.400364920998142	0.251748061418972	0.256858250938285
"SRR13357971"	0.182039837977739	0.274799250152673	0.267620762695897	0.207766886138055	0.183775419975479	0.724238044687082	0.266719989935955	0.546504233387648	0.397679813176287	0.451286268127386	0.418960012144797	0.489152727737947	0.576087761300759	0.489173977950992	0.166989226506658	0.253323033867855	0.548496701698222	0.454986292335919	0.430588736979364	0.468344933412753	0.420751752049483	0.645759179238191	0.297881036074358	0.492697529470191	0.583092207870004	0.16347070693203	0.367706648943793	0.284357473516432	0.192281812916782	0.416927433010433	0.288102604121618	0.349501051608728	0.695640524007313	0.596702062117779	0.473734604674644	0.150851685863705	0.66820629622323	0.409194180202314	0.483188165205298	0.265308390922378	0.664914078792148	0.240743957300561	0.406890662764228	0.476022482373506	0.529793139767398	0.565073737973453	0.272315470576866	0.291815056086396	0.429100311319795	0.660059488572324	0.266309750393799	0.560164480310216	0.5134157391385	0.321296431453619	0.515817763935656	0.530572937221457	0.45606478754725	0.337537945611557	0.577706598052585	0.461269727442372	0.520629317387119	0.447112343131614	0.508468939213699	0.383920381112379	0.525137237741106	0.513057386263141	0.271903088099576	0.427056500822732	0.706102286196345	0.710528355362862	0.539329062951616	0.59922740361844	0.282047863255603	0.619175885507159	0.56787118587912	0.490707947701085	0.534602781005304	0.583873204408625	0.267238400328537	0.305076805786407
"SRR13357970"	0.178099582823016	0.255628756160359	0.234019582646496	0.207529686323625	0.183499773257241	0.734943934168203	0.209290702457829	0.596374342182577	0.41531005419431	0.510466560877049	0.569718179198451	0.508137183422322	0.633569634220961	0.504417657604598	0.174882620673386	0.26914111994698	0.604677211097245	0.540715724420506	0.440419945403599	0.299971769137073	0.44141233231117	0.694188562130785	0.256669248323291	0.426361805401934	0.31265991626315	0.16347070693203	0.470470673364505	0.217359689944871	0.172401483194444	0.429499887478144	0.288542326571026	0.305021109136753	0.741068133330274	0.624593000282795	0.511330357477071	0.16759815029989	0.617429991938359	0.534771662192386	0.426861863761048	0.302603583760002	0.612873557885253	0.224819348073582	0.442960125328287	0.542653130939493	0.630672145891514	0.681397136456361	0.273434990088655	0.328910443144977	0.472768027052075	0.718307002670852	0.240171753230434	0.593897230536096	0.537288496579748	0.239000751006103	0.572567948131805	0.591715444432061	0.440142948811646	0.327005017247326	0.534407646567459	0.528701519390522	0.49960417566314	0.51671968123011	0.569662651110114	0.541242928723366	0.562422814308183	0.504249512595677	0.298826153432537	0.440508370797889	0.749997522731956	0.63839382835586	0.563079800650334	0.687117903705774	0.2922031305256	0.4091344959253	0.644577076127198	0.364231947523192	0.57751357323024	0.65223259521192	0.264849651761374	0.29421986559469
"SRR13357969"	0.287730485125378	0.280322817594266	0.281573055521952	0.203393492828294	0.17870748917495	0.777097928390112	0.307131919858856	0.61109843728257	0.407790166578939	0.481664485173932	0.478613567834613	0.56181051228569	0.6331813339362	0.516505247456224	0.185628186303337	0.289617807146992	0.604354135901986	0.555064015666974	0.475002469520121	0.537924032233699	0.501038789909466	0.750224548602207	0.382991646871783	0.542286353154365	0.70799568941783	0.16347070693203	0.438330852557452	0.32415686743905	0.224641585686932	0.465697270067086	0.298431833436256	0.404626738299396	0.820230816990068	0.66723337362362	0.495913133371187	0.15887790522102	0.748210670916594	0.453815255010854	0.514274288596545	0.274940899332118	0.68568585696393	0.233926769226681	0.42975720085261	0.539096057023007	0.615047221268574	0.633802982863972	0.276634053543508	0.304564773433731	0.512478735846297	0.755852886086026	0.250260833283415	0.600994140052569	0.568469705604631	0.380138925762744	0.548601575619124	0.577203252334153	0.483970904492745	0.341704695677448	0.636565018043257	0.642277382958117	0.569795393512107	0.524738530051258	0.575217969230514	0.498582206672917	0.601434011408466	0.611737608178302	0.278028418667734	0.483630017299597	0.761840035000217	0.768702048995047	0.64206915971825	0.656365208817831	0.290996614184775	0.690109581046216	0.691650335364247	0.543843347243626	0.600659228480918	0.67836696593001	0.293391885189772	0.35263651537332
"SRR13357967"	0.0899234455234332	0.23281116131111	0.217370827255667	0.204810209661594	0.190855834767844	0.34296306066183	0.197451862470589	0.310374710144176	0.338539944644214	0.427377301943173	0.317450901413524	0.213377196443723	0.415518208918537	0.364748951280588	0.114305639891802	0.189040153625113	0.429348546956254	0.174913762006671	0.221720289868531	0.304635133336185	0.169682331868219	0.242925639470479	0.138653308911494	0.168425889042586	0.342294526543162	0.16347070693203	0.203124926119487	0.150729965626144	0.173823237777452	0.23852707159762	0.245331169827819	0.232825266124578	0.190676925302334	0.248333968212524	0.375768081907046	0.216623425962478	0.213675545697152	0.384664567970782	0.300567349640829	0.312957357663928	0.35407001567457	0.256636044769563	0.388679391021521	0.31487364336079	0.320465244501618	0.478962258120394	0.225823457668454	0.299570348075198	0.146412954623427	0.240277167076039	0.272627622089411	0.355682213829542	0.33486465841661	0.178604079521986	0.438315089492763	0.452002684233732	0.28219868087544	0.264428961664006	0.463023168047433	0.166512340764333	0.369604343641292	0.286836200104615	0.256021912529929	0.236253242968676	0.350317060458481	0.254987726179053	0.305090808737895	0.216277013407927	0.420642985777075	0.309039034163235	0.176327225079842	0.527628689981161	0.28071591591745	0.495096479062986	0.269255385981172	0.242900071822004	0.404053750357594	0.328940069566031	0.223008734646294	0.199414785616925
"SRR13357966"	0.156246980203937	0.290985419706456	0.234019582646496	0.29001241001673	0.283770680840962	0.638724964637441	0.175985235088501	0.407062430645972	0.366184119618719	0.358434796698652	0.269663814882339	0.372329506452187	0.417361130570383	0.436231350647118	0.186347176057278	0.172907533714385	0.437443957424538	0.26242798643116	0.361235165617468	0.311088087030536	0.299241490305788	0.396632693235116	0.146969379918262	0.39208136961786	0.593975902373441	0.16347070693203	0.231815068751896	0.261167650567904	0.176722410048969	0.34070619427868	0.259093736854902	0.259232080922082	0.538751693754778	0.464992880876309	0.489933454727007	0.53870777513392	0.495894746051583	0.393172685608047	0.393903563961824	0.474518608928153	0.620955966212845	0.39040873329781	0.340973737414634	0.331950087026396	0.321560926243152	0.341312792785161	0.265323449825823	0.364462270057572	0.34315395504702	0.527579446939111	0.43576043920998	0.457233815471895	0.352643000751476	0.194033493591677	0.41216487368419	0.380794924029443	0.405635484559775	0.327005017247326	0.537649266784575	0.219809242712458	0.378998377533809	0.258445043162164	0.365132598384054	0.156311288608651	0.316756249860075	0.284290206957947	0.616566494551816	0.339412050535681	0.587958161999559	0.559456105421171	0.377494197676685	0.425521694821934	0.375861702918523	0.634352385562387	0.417367308439081	0.365918857230203	0.357480296468168	0.420912030448214	0.20482135254141	0.223035855850826
"SRR13357962"	0.378887591061417	0.234218066339522	0.190873289075562	0.196758317833032	0.169557401499154	0.324701637342105	0.129233388926065	0.323374655658507	0.23074730447549	0.325511635370817	0.314790177932694	0.215879109240561	0.394144043196928	0.232703385707877	0.184755566511944	0.21517161015425	0.360239638916762	0.195751909115201	0.255829381368334	0.159498616192529	0.126111389033392	0.444422473763986	0.157160315995095	0.410174163789787	0.129353950356021	0.16347070693203	0.191663316743243	0.275236183139925	0.121980228922701	0.207426327431036	0.268868277408026	0.118608120903762	0.185025352476654	0.229090423754762	0.287956456272479	0.200198148207299	0.20924466864821	0.231427839365533	0.218396724323433	0.267856995815093	0.437282946495676	0.149621624638831	0.327135609233291	0.223245712566281	0.232373818783987	0.354119805057046	0.254000865842792	0.167660098723268	0.204472583379031	0.250023230952449	0.182184524226586	0.424184238578238	0.375305626244007	0.167442838915232	0.388046523582167	0.140387684168105	0.367838887027901	0.326479378031046	0.216366236839203	0.347795759579045	0.306772117719087	0.276025413168993	0.316452506444373	0.254000397475619	0.261763423919159	0.227766552551507	0.256581615882166	0.185869547493238	0.445017181661301	0.410097522105827	0.116312993715292	0.361261030258908	0.16937893352904	0.175338840897491	0.311676914944244	0.239903711373238	0.167864223816707	0.232920585136309	0.25484906344913	0.183606035732135
"SRR13357961"	0.276216162695177	0.254543188668915	0.15105808023833	0.279881432762635	0.267162469889441	0.19758413910127	0.0698799617442325	0.147704600144208	0.235660586298524	0.140448144032905	0.0748152815545498	0.20152656006116	0.31801335674865	0.137113909117196	0.188860749797693	0.142226635826023	0.12073171251888	0.0737565421845834	0.242813976829472	0.0946350537495796	0.0972163474081623	0.26005629231796	0.108517661395281	0.277434664410311	0.157684428615026	0.148656087937821	0.0774035874316417	0.251829344528836	0.0764937795616337	0.179201953904116	0.228516481343402	0.0623291635736917	0.114915311909699	0.134028290444287	0.175699643124781	0.515334725026732	0.0964113692771761	0.103283760457171	0.0734707642096014	0.381246669962345	0.312402679975	0.169024407758902	0.187259700094736	0.095409295721851	0.0544074050368318	0.107245889004461	0.252480546510705	0.111802901017298	0.0845690745737959	0.127894091951548	0.269165500925634	0.220602461959121	0.126698250261436	0.130985986832384	0.200554396171835	0.0373599217641526	0.351446280832633	0.326415188007935	0.0623090044732546	0.143501986930351	0.0919102581257459	0.0917206520979585	0.0915299848900548	0.0448474394225438	0.0605057545671752	0.0814645625496185	0.482147025893499	0.152089565750058	0.312633282810624	0.299048101861928	0.0805123744060246	0.0504542073710086	0.086041822607479	0.194972614402329	0.114877827261484	0.127395522842806	0.0358689631030402	0.0533048296301853	0.196166305911438	0.112053509007106
"SRR13357960"	0.225916086511529	0.170468913375994	0.138549030748284	0.146711860235391	0.127040112656285	0.11022092066296	0.0786825622794024	0.0996779172407154	0.17581315564357	0.144169399532548	0.0508951205163748	0.174173943588054	0.164418819809736	0.108329193704776	0.139966073335259	0.125810422473933	0.0557130569910946	0.0551416254199231	0.175167876641442	0.103475164561019	0.104336147662375	0.270907504557046	0.102353639778919	0.113985002329285	0.0308377549964797	0.149578732985607	0.0596423012835711	0.174664962177329	0.0561534727041674	0.172481716236879	0.183998659094529	0.0656173581654698	0.112732626795906	0.0881560346859087	0.0727929445279988	0.0855393542032071	0.0797637109808129	0.0478703939569631	0.0671707060694689	0.0976675681581659	0.11137776716863	0.0853545643851669	0.19156362903942	0.075176333693011	0.0457423835116023	0.0730247930141762	0.203389391840313	0.0481053786756655	0.0684269625353326	0.0727984695626015	0.124679331090986	0.102858886705776	0.0883989651599693	0.0977535590722644	0.127983800438046	0.0453485419916047	0.262755532138967	0.223908546709675	0.0272718479767732	0.115235687556978	0.0729654290130056	0.0742684688683633	0.0624862921805698	0.044283230740852	0.0463872896089597	0.0677454187086389	0.0769162833583619	0.142246356753732	0.181700039946803	0.120342671195808	0.075103007207994	0.037292587559568	0.0388250628535929	0.0816761043611811	0.111479177869228	0.110358298746911	0.0425879058104981	0.054727450767518	0.16225816883934	0.0882238010958584
"SRR13357959"	0.346178134123868	0.223920334182274	0.157438216072719	0.194650921011284	0.16627776789529	0.269635677456312	0.0888337468154861	0.193481950325521	0.274360373178209	0.218592062236611	0.183989628721797	0.196283554148745	0.505043456883337	0.16612646724772	0.19969037597286	0.180154671253875	0.17789952248968	0.132193857060825	0.256733912771579	0.107535709130937	0.105019135044767	0.290553383438642	0.134947425327472	0.363759509193264	0.0403900611131128	0.131239728161865	0.129174536138856	0.233839748084207	0.0698435201250945	0.17151122729518	0.24764592596441	0.115693471707639	0.161027419014562	0.198592795146836	0.231091339004498	0.127490970715939	0.132811636103674	0.15843315375398	0.151358351592173	0.170194547083982	0.446313677056052	0.100015128453691	0.189743809808215	0.17828676860854	0.146332388940991	0.278500182274094	0.252925928240674	0.116259097492702	0.100849722651622	0.190600008845715	0.132471918306006	0.381357832974623	0.259612034991139	0.158938826494991	0.296000236481205	0.106418490309472	0.317755433655976	0.326531413164652	0.0929654776507393	0.266602486232771	0.186449071258549	0.182464478113913	0.172041848420477	0.109432738793288	0.17542165262592	0.158957846135136	0.204765399904749	0.166580799164916	0.392875330392248	0.402489051284942	0.0957306570204694	0.128911847182832	0.0844289374790022	0.0853344777468541	0.189719603600672	0.163159273301755	0.110395429696071	0.124794818834876	0.22553060806127	0.169036031082538
"SRR13357958"	0.276216162695177	0.274956168631466	0.234019582646496	0.251159578541035	0.23555077728522	0.255366212652946	0.175985235088501	0.227086051761328	0.352796021445508	0.223909314295716	0.159307427133354	0.233879846016209	0.31801335674865	0.388110067597583	0.178841992324789	0.157494383059197	0.200635114156871	0.132870761981774	0.242813976829472	0.306131247251101	0.169682331868219	0.258534560234297	0.111857678942282	0.234155228344407	0.17451909303082	0.16347070693203	0.14929520852087	0.250453471409683	0.158569788857486	0.247745305327644	0.259093736854902	0.140909584915618	0.265863868681948	0.19248392255931	0.257967733707582	0.391882105115046	0.294899146169008	0.18081806395397	0.242275695737099	0.354066843907645	0.312402679975	0.32175873581833	0.335547288064532	0.189322268317625	0.127460873362163	0.257460426438774	0.255815421058395	0.173433556529166	0.118167104865886	0.211576948791801	0.385343252917208	0.215457387966938	0.228115334025168	0.163646601289504	0.41216487368419	0.167757528154194	0.351446280832633	0.327005017247326	0.137714351759013	0.178176287267464	0.221947268928213	0.155513182046713	0.192600901986155	0.0949007578089042	0.130254355939061	0.137008238577854	0.341827654984781	0.214795788582432	0.309536454180264	0.299048101861928	0.127217422369168	0.232586903658526	0.176962759748544	0.404052507777061	0.30051779791645	0.332156026054703	0.141021303563794	0.213080666314458	0.202207671785064	0.157518983307533
"SRR13357957"	0.440583072364438	0.319486367918011	0.280966238013864	0.29001241001673	0.283770680840962	0.432043120989714	0.268452076296803	0.340394182808031	0.355989452212773	0.396262746716945	0.247507678260264	0.233879846016209	0.498953017388826	0.388110067597583	0.235875150054002	0.176218990910313	0.243899538153969	0.157319234916305	0.280446697295687	0.548667694675305	0.169682331868219	0.260315492565596	0.178178132449667	0.287349413181006	0.630638513969655	0.16347070693203	0.161755721004951	0.40358085817307	0.25311397396606	0.247745305327644	0.272584282538836	0.427530731375448	0.388060085939953	0.351100614559672	0.535517688655779	0.618661709906368	0.312951999537502	0.399789064681757	0.42415999563536	0.486117146621032	0.724036406876229	0.392976306585429	0.335547288064532	0.304944111433386	0.287065962469887	0.369800337404482	0.255815421058395	0.416622920237901	0.171718616248325	0.333730179624928	0.475214458450078	0.522489045303264	0.371757529780344	0.334569756203925	0.41216487368419	0.44753275462599	0.35385069067391	0.341525652460114	0.531223675184414	0.296501704199328	0.492569997779754	0.238873288892024	0.290607601274938	0.111379567082614	0.425184058228733	0.332256731854197	0.690168147174458	0.238558655363941	0.571373059332636	0.658267904298075	0.165858358823081	0.35671181301217	0.428648269450565	0.766027145209154	0.401359130356146	0.416100927069798	0.424553391279061	0.403306850171276	0.238864208178347	0.319333640921549
"SRR13357956"	0.413043230641417	0.315526491298485	0.274260031136806	0.29001241001673	0.283770680840962	0.665470179622164	0.254254018874242	0.43283571187176	0.362995640132114	0.383486232233145	0.380161454609999	0.402065035300192	0.465412817872274	0.388807346899931	0.296826659931146	0.193478856010551	0.387352186207222	0.354820238753136	0.382037647087007	0.505156375484525	0.329194718748782	0.449700594707973	0.226166086317647	0.459447883307212	0.86012624513309	0.16347070693203	0.302744321887194	0.3860865144592	0.243066866263682	0.356063181699114	0.270725386937899	0.441770354682612	0.705421814064925	0.514251371150203	0.506789576892479	0.615386963369188	0.533257778300542	0.487773058613274	0.400385941833028	0.486117146621032	0.692435724579427	0.392976306585429	0.342002579472103	0.350604404863531	0.370490340350676	0.347491610241091	0.267142945856178	0.375715136994871	0.467694074764462	0.665046873316422	0.459547122457103	0.521934801649029	0.364479877310456	0.333971461257023	0.360424282572397	0.420118589251791	0.415936080723059	0.338983176861543	0.661791577497402	0.407825364073762	0.448780417317475	0.254554795488558	0.460245090704563	0.188205349986732	0.42379233237865	0.386296510115892	0.660397962374159	0.363674912570411	0.649533724861129	0.690757788937558	0.425121045128865	0.426832802846195	0.387272233659155	0.815096487652389	0.551674570695965	0.447461896615115	0.419942136591715	0.502154246134272	0.234018491663337	0.351824196063075
"SRR13357955"	0.244103843246236	0.202184274878628	0.195171331865984	0.199357155530557	0.199636727316707	0.240739207114178	0.175981538094755	0.188654782763634	0.236398616720789	0.35651230831927	0.238067475317833	0.186498443405013	0.180500636447647	0.295385580950837	0.197114012211792	0.130375561122753	0.265329116493924	0.151787470434301	0.171140825470825	0.311088087030536	0.169682331868219	0.137116757357285	0.102469806291859	0.152123010704691	0.53828587639211	0.16347070693203	0.157527228286382	0.192905912541998	0.185662684824107	0.225813296388701	0.187782219623116	0.309498421856403	0.321268206421126	0.178934580818549	0.255527658340587	0.464681918780982	0.209600764321276	0.36723139198798	0.307887002863067	0.327446808212621	0.179842480102705	0.334801758733927	0.314423187087728	0.189839704877334	0.192327996036857	0.188966789859824	0.187572133615182	0.266611828282137	0.224296737670561	0.25329547429013	0.405283295582986	0.198780297068817	0.196665799711372	0.137813066312774	0.244098692176538	0.356022237808549	0.232096692762029	0.189678403170211	0.440055724022029	0.155403914891442	0.254272340738359	0.16060076493097	0.224023700532639	0.11808159842908	0.212078759976612	0.155570795897033	0.402669053575015	0.200738761245726	0.283053586653632	0.149132691427422	0.176138978548363	0.285606616967478	0.300277795670748	0.626003235753772	0.314939854266481	0.242199111167376	0.312432537439065	0.294089139696112	0.162792451131544	0.201479949472532
"SRR13357950"	0.159562577924291	0.26041864860055	0.227080238443147	0.217981695761535	0.195727842237471	0.46256812341359	0.191351492713365	0.329509623060279	0.21457166100794	0.375636994854817	0.307481716508382	0.233879846016209	0.305715404126381	0.400447938762238	0.156184370930406	0.189835776498004	0.435722106554934	0.178848339530845	0.266354357388705	0.301518715066102	0.169682331868219	0.279734592211664	0.134151164807379	0.227781517751652	0.227566560997678	0.154332018973064	0.212402682907802	0.208050395758514	0.152035909091957	0.247745305327644	0.272918878098585	0.165240549746595	0.199287559356702	0.30430360628204	0.395869942476919	0.165010424399606	0.232345541152064	0.30490018456466	0.25153131048607	0.245071959642582	0.542106475811985	0.237583960445999	0.380482863532272	0.271036648889898	0.277538311593436	0.353886177753092	0.255815421058395	0.222261891516018	0.15598098946586	0.32623221230432	0.263156699653445	0.446128938707914	0.329234447592655	0.165205050991132	0.469258332669551	0.278726471933355	0.326938720803605	0.327005017247326	0.437531195199191	0.186598609511359	0.376961201387459	0.245626435955455	0.282413604787703	0.177055078950707	0.33299560660466	0.262200074353281	0.283867126701473	0.229711500866148	0.429143012887405	0.461070310031807	0.17823076931772	0.479011186003467	0.231906859539612	0.442571210761089	0.321133114402172	0.258133700279868	0.301149977340415	0.350843921477802	0.229703026798333	0.175970796965666
"SRR13357947"	0.374596759000976	0.307031743588813	0.250899947921333	0.286491269320897	0.277968359045599	0.558793922286204	0.207408771590523	0.308999925996547	0.137121573885444	0.197823010015269	0.158936035391112	0.410800358648417	0.344235177239197	0.359315711192159	0.221312990234831	0.193427901529181	0.303146268445442	0.23145829557156	0.359887889536645	0.436947663559755	0.305777692425614	0.467550342662085	0.250220630820633	0.349423277504633	0.814531086640929	0.16347070693203	0.199562726132986	0.324534072505324	0.195432093141875	0.344934895857832	0.261925758425185	0.124949492729483	0.460407837899709	0.334158692465615	0.264328279446726	0.598112893126365	0.429079426318895	0.203236105196518	0.181580809902271	0.474872580380311	0.412966767619833	0.302713503239226	0.284650853816707	0.204782364180147	0.155229287032742	0.193869739949882	0.267435982191086	0.180241135825006	0.291623800916811	0.438056461215576	0.404899694895291	0.275920138347344	0.20499778645824	0.228049301143599	0.348081751134742	0.118499388899086	0.422155566009853	0.342135030474015	0.259646511257073	0.356609291375579	0.22356162168569	0.174359309220002	0.244383617988231	0.131469808018058	0.156655224705495	0.243598703175753	0.516041402947503	0.32410224301972	0.436079078301816	0.53562342751898	0.330126012026754	0.199937549745441	0.172331890377856	0.748391729184093	0.382309376864777	0.366470867288758	0.129670667203731	0.230388703031814	0.236971184596993	0.160045647426898
"SRR13357946"	0.276216162695177	0.290985419706456	0.222425450112192	0.29001241001673	0.283770680840962	0.296821176403916	0.175985235088501	0.159708541227136	0.155787531453691	0.165219433285101	0.221780531709637	0.21560895520083	0.31801335674865	0.372782608152957	0.211779302240735	0.157494383059197	0.30178762619202	0.168304199393341	0.242813976829472	0.311088087030536	0.169682331868219	0.460969369492999	0.111857678942282	0.325601109575793	0.429432559338492	0.123353453558674	0.184665365859535	0.254796351775726	0.185662684824107	0.21293262392554	0.259093736854902	0.107010568074552	0.206679386570522	0.196718186165149	0.293245872022546	0.521585655049214	0.296717466346417	0.274259676682843	0.238595356129297	0.410841742191043	0.312900509984775	0.392976306585429	0.221640184518041	0.191599007348308	0.130643066182081	0.257460426438774	0.255815421058395	0.20585334423847	0.178073288313779	0.298167240987886	0.427508994952622	0.23303481314972	0.21722525350049	0.131706665731318	0.41953944755629	0.167757528154194	0.276151567023185	0.327005017247326	0.269368484402051	0.178176287267464	0.204398838715484	0.13129780961774	0.236625081422094	0.0868409781816063	0.141439840330973	0.137008238577854	0.481380878163018	0.214795788582432	0.3177489349289	0.299048101861928	0.15710282112257	0.248020825917158	0.206579849635639	0.54909923960581	0.277544172403386	0.332156026054703	0.143733603146956	0.210144954429147	0.20482135254141	0.127540807367953
"SRR13357945"	0.276216162695177	0.276642887850725	0.202867017416841	0.286099497956279	0.277324702795578	0.35022007659643	0.125136386500095	0.207967329977704	0.154118681860889	0.195409509495824	0.161136492711256	0.221054605357715	0.31801335674865	0.291381392686693	0.210244138949281	0.151484189145137	0.31264864943067	0.130674917199455	0.242813976829472	0.207555573855476	0.137797277905291	0.263126544305172	0.110565597809431	0.320423294492996	0.468379900320659	0.16347070693203	0.140569586767407	0.254604602302596	0.133894443488145	0.220777745577831	0.247053710716621	0.0813480615642684	0.155779452910309	0.171203648752778	0.243192942775809	0.597814699747329	0.20212567999302	0.203296245215073	0.163862124062419	0.473617766348759	0.312402679975	0.293374723944376	0.272039321440313	0.148006559223064	0.100509404529819	0.187562086106064	0.254532399372618	0.176151824661319	0.144046667751978	0.23128980682661	0.397228573118573	0.232394481032653	0.183623767014872	0.125995794951734	0.34120712562489	0.0967603241653168	0.351446280832633	0.327005017247326	0.196617676732361	0.164152139422532	0.167640770804968	0.131913809520235	0.175743815367202	0.0851145324766561	0.104986369508478	0.112667753514391	0.516041402947503	0.188742949603836	0.318896422353805	0.299048101861928	0.124633166124551	0.201104351230478	0.166793590494121	0.477807799207415	0.213469372983554	0.237077023512404	0.0864378262136812	0.129086115948405	0.201467250585379	0.120978619924248
"SRR13357944"	0.276216162695177	0.290985419706456	0.234019582646496	0.29001241001673	0.283770680840962	0.374518528674803	0.175985235088501	0.232639233106448	0.157678840435956	0.224356357009778	0.161874395454567	0.233879846016209	0.31801335674865	0.388110067597583	0.180285561158955	0.157494383059197	0.336353233180758	0.134373241861853	0.242813976829472	0.311088087030536	0.169682331868219	0.586594033766958	0.111857678942282	0.276613739139781	0.51651784732158	0.16347070693203	0.15081338648799	0.250655035167136	0.185662684824107	0.247745305327644	0.259093736854902	0.091185050155883	0.200196383670819	0.192679964386751	0.293245872022546	0.600778874058537	0.299792459641361	0.222737066209851	0.242496705431812	0.486117146621032	0.313203268877093	0.392976306585429	0.335547288064532	0.191599007348308	0.127891308724627	0.257460426438774	0.255815421058395	0.220158223659196	0.140122094664759	0.253084183803574	0.475214458450078	0.219410464757182	0.228115334025168	0.123992523066845	0.424039066243126	0.167757528154194	0.351446280832633	0.327005017247326	0.269015066852047	0.178176287267464	0.223064258940646	0.155513182046713	0.194508790661352	0.0954059555471889	0.130759162172683	0.137008238577854	0.516041402947503	0.214795788582432	0.309989782101047	0.299048101861928	0.151222671343811	0.311896518077958	0.228448196297911	0.618397214078035	0.30051779791645	0.332156026054703	0.141146917952389	0.213080666314458	0.20482135254141	0.114673633979433
"SRR13357941"	0.353114142220522	0.302857357162765	0.24547078027057	0.286997086166395	0.278799961969781	0.301294574251578	0.197062052520689	0.213605119080234	0.323112602892472	0.213895883498968	0.248862116628551	0.223960565123183	0.33875011337858	0.312394043341299	0.266305612724643	0.16785218981385	0.323175730811047	0.179912186194505	0.242813976829472	0.402424240524615	0.144656638269121	0.268589047203404	0.163451970225538	0.369527821822826	0.778311655967034	0.16347070693203	0.189746575074663	0.315396433334298	0.190039751924345	0.226791739537585	0.260657362158596	0.214029523104426	0.222595614184783	0.181253295094179	0.254694973576777	0.598497423353933	0.220509808586147	0.278414522981803	0.185053790079795	0.476491622212902	0.358102916013225	0.315003836495535	0.285974740367196	0.157249829918715	0.117258721496124	0.202242046977451	0.254827257774664	0.185624777670724	0.191108161104698	0.284860852381888	0.414863133808549	0.266425096228894	0.193228634416919	0.279326508933726	0.35704326808166	0.105315423720186	0.351446280832633	0.338991453979342	0.296686342399052	0.210107608022535	0.215305569071348	0.137059762712733	0.237265361814092	0.101710924639434	0.153923287256254	0.158039148939322	0.516041402947503	0.194515124440221	0.3300843826028	0.396183435295949	0.131140264639896	0.214777246336938	0.179689437457924	0.729191613997989	0.231751361560875	0.317970930120728	0.111707558372643	0.145492832516936	0.229871623804851	0.242044955579406
"SRR13357940"	0.310908119470312	0.290985419706456	0.234019582646496	0.29001241001673	0.283770680840962	0.466948043567349	0.175985235088501	0.294908994850998	0.366184119618719	0.338842080790104	0.357684250538626	0.233879846016209	0.403065714283332	0.388110067597583	0.272172003483052	0.157494383059197	0.387318758845463	0.223829296072513	0.263986001054253	0.311088087030536	0.169682331868219	0.577168939315689	0.111857678942282	0.395075302425008	0.538586403814946	0.16347070693203	0.229759186068265	0.301960255447525	0.185662684824107	0.247745305327644	0.259093736854902	0.288263110004076	0.347481457633382	0.286378976837789	0.426785358663121	0.611079102043285	0.309485924193399	0.44277209045272	0.35134429461199	0.486117146621032	0.519620419234647	0.392976306585429	0.335547288064532	0.252331696776908	0.233775983617667	0.319248215272432	0.255815421058395	0.324743520112736	0.253716669981787	0.409974799735062	0.463321183863491	0.401094791243279	0.305660964593899	0.203029188783167	0.423279436270363	0.309330908913047	0.352825403194206	0.327005017247326	0.471080943908937	0.20718595805308	0.331341756308143	0.200046735240738	0.346588192311614	0.128068701682766	0.272736982548249	0.194615698259745	0.619407487321045	0.228219243768299	0.477006635178779	0.429137762415092	0.178751669583977	0.393036929916213	0.335487499332563	0.626108107815091	0.35677135662362	0.332156026054703	0.270593482180925	0.314012752659688	0.20482135254141	0.259566648845459
"SRR13357939"	0.276216162695177	0.290985419706456	0.234019582646496	0.29001241001673	0.283770680840962	0.374518528674803	0.175985235088501	0.227706434533842	0.392746068025728	0.24444371027538	0.30687221263524	0.233879846016209	0.31801335674865	0.625785067288883	0.252080414941543	0.157494383059197	0.266323838586735	0.214594765802748	0.242813976829472	0.311088087030536	0.169682331868219	0.268589047203404	0.111857678942282	0.306953795618918	0.239693140968091	0.16347070693203	0.229759186068265	0.259540057296007	0.185662684824107	0.247745305327644	0.259093736854902	0.191269956129637	0.280021906543717	0.2013678746104	0.293245872022546	0.600778874058537	0.299792459641361	0.340781447535717	0.252257039535009	0.765132695723304	0.312402679975	0.392976306585429	0.335547288064532	0.191599007348308	0.147873989021368	0.266149297496677	0.255815421058395	0.220158223659196	0.181419319134181	0.27557673097373	0.475214458450078	0.249160673219115	0.228115334025168	0.186588165793618	0.41216487368419	0.167757528154194	0.351446280832633	0.327005017247326	0.158661885065573	0.178176287267464	0.221776600866312	0.155513182046713	0.291418007931664	0.119862358128385	0.154404130401098	0.137008238577854	0.516041402947503	0.214795788582432	0.3300843826028	0.299048101861928	0.123843633625109	0.250428226709623	0.228448196297911	0.50765945461907	0.30051779791645	0.332156026054703	0.146710283661226	0.213080666314458	0.20482135254141	0.209416650149472
"SRR13357938"	0.295570124957004	0.290985419706456	0.234019582646496	0.29001241001673	0.283770680840962	0.367895596731438	0.175985235088501	0.267280916691596	0.360299036115461	0.283764614694654	0.247130791414931	0.233879846016209	0.365111703703346	0.388110067597583	0.22278888779613	0.157494383059197	0.383561901813345	0.173742893284496	0.254661408654429	0.311088087030536	0.169682331868219	0.263474339796566	0.111857678942282	0.339235556503906	0.558899271496925	0.16347070693203	0.185745477376383	0.278202131769657	0.185662684824107	0.247745305327644	0.259093736854902	0.210458945515211	0.309497392547761	0.241775248791827	0.366206400716531	0.606624073289	0.303092077730141	0.327062886169268	0.300362381107005	0.486117146621032	0.425653299195499	0.392976306585429	0.335547288064532	0.224526375792455	0.179626189498237	0.291485422845575	0.255815421058395	0.276267417334006	0.194615216580153	0.335979877603965	0.475214458450078	0.311895548987043	0.270262696781231	0.183420520479327	0.41216487368419	0.240589648256915	0.352227055035127	0.327005017247326	0.393647194620649	0.194196741061982	0.281292587133988	0.179653742616955	0.265062366823142	0.11074672828197	0.198912294040911	0.167639007531075	0.575339452018352	0.222326780186091	0.399671385235452	0.37028066979299	0.169552048405596	0.349895879373205	0.28600403632034	0.625378474647177	0.331774636078899	0.332156026054703	0.20612343799418	0.267155959039968	0.20482135254141	0.206544390694288
"SRR13357936"	0.276216162695177	0.239529685343997	0.13342923743305	0.275503423025639	0.260070513200577	0.169154072551833	0.0453417796135501	0.122509869070276	0.19401515103161	0.0824759414396851	0.0326356625421042	0.178226109250101	0.31801335674865	0.106892890253685	0.156354837293122	0.135924551187645	0.0902059604346661	0.0407487848504486	0.242813976829472	0.0553215519511472	0.0751766264096591	0.25488109160237	0.107079424107146	0.202635401568901	0.0756483955784984	0.145399745854807	0.0424963155356377	0.24714919219436	0.050430414822944	0.141529553307874	0.215923500939736	0.0347825001649919	0.0735204337026775	0.110220447896611	0.137271761826906	0.589626477834812	0.0549393560470362	0.0515987956872812	0.0423646955225468	0.439459142758344	0.312402679975	0.109024439359052	0.101160768415227	0.0688363877164047	0.0359453754882204	0.0701451302602207	0.25102583317413	0.0905539885883508	0.0433748177518552	0.063059910690623	0.195538449845899	0.208221015571966	0.0924869377827409	0.110434828247963	0.183782941832524	0.0184831716901783	0.30141465462063	0.327005017247326	0.021936447742092	0.130148957624493	0.0698663638000988	0.0730449883896716	0.0476699005788952	0.0372855305705407	0.0380549440745102	0.0642726859673328	0.516041402947503	0.129705708757335	0.301126815363637	0.299048101861928	0.0513636668627926	0.0258888054691636	0.0638637640065522	0.0659743995966863	0.0666135036201375	0.0785494531007339	0.0185197820745627	0.02717932777833	0.192455495720607	0.0844729445069633
"SRR13357933"	0.117561129530466	0.290985419706456	0.234019582646496	0.29001241001673	0.283770680840962	0.451806746141867	0.2053925004479	0.40216591410727	0.257986099633097	0.484231455983907	0.557607056711524	0.233879846016209	0.593463866155269	0.411178859287343	0.164589789852166	0.221581967009748	0.55303322244883	0.33595335122594	0.265466903942373	0.311088087030536	0.169682331868219	0.4148699879657	0.156264440750293	0.491949089751025	0.558815924161169	0.16347070693203	0.328629456626806	0.22258306958301	0.229348423312999	0.247745305327644	0.285190872854083	0.228057025090871	0.180053266500486	0.322419891051498	0.554172407712249	0.534955279996128	0.360789695107922	0.647411073969775	0.479518591097184	0.578980398522781	0.533386202996265	0.388707544446907	0.420939594014421	0.399849684614743	0.435056225934153	0.638632496355159	0.255815421058395	0.459943858681838	0.20170353121399	0.373639506577761	0.449049879655649	0.534253939412403	0.52242741899365	0.201297070047413	0.554971591052327	0.49537356245719	0.367502198084169	0.327005017247326	0.618323193867568	0.237382654144466	0.475107287320398	0.402696753673201	0.455604815522727	0.346592539177556	0.482837163186935	0.318943434790849	0.649536108091083	0.229152529663102	0.566390135626367	0.470309605454523	0.184211061715189	0.655453747202723	0.456872395099339	0.63714602929361	0.322737807286533	0.377410240570551	0.455913386080696	0.387067867428243	0.263927617993035	0.236202516778182
"SRR13357931"	0.260553254090146	0.219221911309917	0.199791181317603	0.203395293080442	0.196002716941912	0.295890105871522	0.175982742666247	0.192425675436196	0.120642846292634	0.337224801821172	0.267996086840929	0.201071578139896	0.232179132067323	0.324220590160584	0.2174101614657	0.138745578024696	0.259585701799957	0.17190464870542	0.195889804475735	0.307659038318532	0.169682331868219	0.172713500092906	0.105449336602255	0.213568286456204	0.354522824100438	0.152742855452435	0.178791197414821	0.220067975611205	0.166585520849595	0.2328051152467	0.209215910126223	0.204830235423901	0.252527327769598	0.200203063667975	0.265964404869457	0.317464028393521	0.238252898028032	0.338819353819652	0.308449350232559	0.250885681694578	0.247723277957607	0.305913534076342	0.321227338774301	0.199679863665047	0.187599618856912	0.219591063678154	0.208139827649138	0.221887863247539	0.230411626259391	0.293235601760411	0.379712955787621	0.235948542298151	0.219626005344051	0.11942464228244	0.293650462416859	0.317561494168703	0.2679397105853	0.22896978625999	0.371510145572391	0.167593807080274	0.24907477870868	0.167106540738613	0.254031512637419	0.104628089411453	0.21452290508212	0.160064617418571	0.319470136928322	0.207741233171025	0.323761503004278	0.207412666156071	0.17481999809434	0.26989348680396	0.236231429392144	0.563259165922793	0.32100768482944	0.269615041100537	0.277926461697979	0.286360068651981	0.174059801635009	0.157500919421417
"SRR13357930"	0.302163403973134	0.290985419706456	0.224371848062458	0.29001241001673	0.283770680840962	0.443766682029935	0.175985235088501	0.251421770310496	0.191342773982737	0.313999224262385	0.344843355709873	0.233879846016209	0.381385432273048	0.388110067597583	0.267143484975213	0.157494383059197	0.337227594744648	0.22153434351383	0.258675717818816	0.311088087030536	0.169682331868219	0.268589047203404	0.111857678942282	0.394121257973055	0.449197738080944	0.150829083043829	0.229759186068265	0.291177255440992	0.185662684824107	0.247745305327644	0.259093736854902	0.192812975273278	0.268710429586277	0.26362234799086	0.392064033266649	0.543356115410221	0.307088114064454	0.416891082743936	0.325310269732495	0.423475558913285	0.46574228179121	0.392976306585429	0.335547288064532	0.236302554519157	0.202462685583769	0.303343005605137	0.255815421058395	0.282162995439477	0.248662635186468	0.397377394921239	0.474640489739084	0.36044323243054	0.285284086812423	0.159633180919494	0.41216487368419	0.269056687487848	0.35248630932567	0.327005017247326	0.408601516658999	0.199748658778578	0.283189001505659	0.188285544503512	0.332569103794155	0.106975795792253	0.239100826295042	0.178945400359631	0.56661977053984	0.224867022724811	0.439463763420149	0.395426915310713	0.175754806763474	0.326131588590872	0.284703600561091	0.63724874434436	0.342501451739764	0.332156026054703	0.234949422515145	0.286911656828304	0.20482135254141	0.189655315546256
"SRR13357929"	0.373748613602398	0.310860678329617	0.266430290478843	0.29001241001673	0.283770680840962	0.453141946152085	0.238055826606487	0.254688096412572	0.18830370790055	0.276370385325298	0.35002373907445	0.224151711272928	0.40929787865885	0.380029786755728	0.281741005401445	0.170477806459916	0.393417960227339	0.222462806482359	0.260820384678516	0.475259418874983	0.169682331868219	0.268589047203404	0.155753163409985	0.394383551800857	0.791801363621307	0.148720410267584	0.229759186068265	0.346055906440592	0.231497109979326	0.228999556595775	0.268529249281904	0.263780494147438	0.273611568574283	0.272707893799249	0.406588197279311	0.609580310047613	0.30805906883064	0.427337856445313	0.330387125322285	0.486117146621032	0.530783488787195	0.392976306585429	0.272073931756166	0.242715767224387	0.219335588039962	0.309738043050761	0.255815421058395	0.307917049097143	0.250619912151798	0.402338586012624	0.450405914614517	0.394894173900652	0.286641767263943	0.243610880196527	0.41216487368419	0.284982723969831	0.31177064014239	0.337177350824839	0.535724845077171	0.24401541601907	0.357076914759087	0.177342657481857	0.338219226201101	0.12684064608991	0.295339904874077	0.232691853091418	0.604741686933639	0.226221965401448	0.453678498442534	0.499416308012187	0.176894147712926	0.385830741860105	0.318337075476111	0.767649954005151	0.335042974087716	0.390385811749308	0.26986513820322	0.295802315572044	0.228355803231845	0.243597242138536
"SRR13357925"	0.318731680137671	0.252101734379512	0.234019582646496	0.199994180706943	0.174789609289357	0.487508084603195	0.175985235088501	0.276517257500007	0.366184119618719	0.28144528351736	0.264540485719551	0.224857308196234	0.25761960405842	0.380621891324499	0.237051910542267	0.157494383059197	0.424642367748536	0.181380949652433	0.268725352896735	0.298823434494727	0.169682331868219	0.263773802768301	0.111857678942282	0.364746097657764	0.256540127132071	0.149766751384371	0.188146335873213	0.306790120273657	0.124238708581598	0.230343696402656	0.259093736854902	0.260434133762084	0.355256127541476	0.301724935335654	0.332188368768248	0.160912248469139	0.311608473753462	0.23220573217391	0.322268046101015	0.192675273388185	0.56517467996322	0.229838713225518	0.276479410369258	0.217834673037185	0.216993876590687	0.231833410563153	0.255815421058395	0.172866631638392	0.208635861277462	0.392244308972636	0.248311161756679	0.406613679752744	0.299246776531898	0.194596194812556	0.395873585742777	0.235429908654516	0.315160096520499	0.327005017247326	0.412506345309568	0.196422008136341	0.358263457577808	0.176255415607062	0.301924868406718	0.116479832309776	0.264467835454206	0.209276311163474	0.229126629920413	0.231203766819473	0.424566594444118	0.459425098320049	0.184402035819287	0.403256157908483	0.203444246774918	0.359095365314105	0.356980188455818	0.332156026054703	0.246172915143683	0.337098404518813	0.198357095150477	0.23988898181
