"Model_1"	"Model_2"	"Model_3"	"Model_4"	"Model_5"	"Model_6"	"Model_7"	"Model_8"	"Model_9"	"Model_10"	"Model_11"	"Model_12"	"Model_13"	"Model_14"	"Model_15"	"Model_16"	"Model_17"	"Model_18"	"Model_19"	"Model_20"	"Model_21"	"Model_22"	"Model_23"	"Model_24"	"Model_25"	"Model_26"	"Model_27"	"Model_28"	"Model_29"	"Model_30"	"Model_31"	"Model_32"	"Model_33"	"Model_34"	"Model_35"	"Model_36"	"Model_37"	"Model_38"	"Model_39"	"Model_40"	"Model_41"	"Model_42"	"Model_43"	"Model_44"	"Model_45"	"Model_46"	"Model_47"	"Model_48"	"Model_49"	"Model_50"	"Model_51"	"Model_52"	"Model_53"	"Model_54"	"Model_55"	"Model_56"	"Model_57"	"Model_58"	"Model_59"	"Model_60"	"Model_61"	"Model_62"	"Model_63"	"Model_64"	"Model_65"	"Model_66"	"Model_67"	"Model_68"	"Model_69"	"Model_70"	"Model_71"	"Model_72"	"Model_73"	"Model_74"	"Model_75"	"Model_76"	"Model_77"	"Model_78"	"Model_79"	"Model_80"
"SRR13357893"	0.781791320302883	0.82149750640792	0.857627950164498	0.839268022625324	0.76132785792153	0.814676986817963	0.889096970173794	0.74764999835414	0.711157755856408	0.719329269000558	0.78133816231831	0.887757960447353	0.776526769094824	0.855227913490353	0.753606785715529	0.897527027571594	0.749130692329898	0.864749126102236	0.758835251058218	0.791885115145775	0.741314279850723	0.776348786473662	0.730292621839858	0.806851380343757	0.75539508127058	0.762164599992039	0.752205772855139	0.821651333067122	0.800672730852164	0.74324397096056	0.725879269636877	0.819033641084856	0.761491879610945	0.770721880375944	0.715986425876016	0.759764956917103	0.792426879723639	0.786270206553157	0.748508699820526	0.730117834778136	0.847170802337183	0.648574404024023	0.729879166427496	0.789576483298667	0.782705426844166	0.783115741303226	0.805741820568276	0.810166497142176	0.819965919506181	0.819285342133416	0.697803928632514	0.805090088671111	0.693142826023983	0.765777818082436	0.792272674692431	0.757613819238665	0.773107215853232	0.732071489904496	0.800291907658566	0.777469627780633	0.798971310327478	0.785075910338155	0.814875917222206	0.704863463708854	0.770921248678489	0.814086881470406	0.785819621598291	0.726282324479238	0.727811920230865	0.863634900090631	0.821078844797872	0.715740374891262	0.826840092127435	0.729550481520617	0.857678261184512	0.740749312248738	0.708269783189917	0.78999849769094	0.840025607562413	0.752505394535243
"SRR13358121"	0.781791320302883	0.780290821310224	0.416374251007704	0.761434332057584	0.505746168491188	0.814676986817963	0.646231015069542	0.688265737295289	0.61499563688205	0.576704733206186	0.698154291326211	0.565083943158089	0.706597393609664	0.52977247820827	0.580298755338249	0.522694294417913	0.642532539178471	0.542001609946178	0.685744694001405	0.448289898104299	0.604049210849957	0.637154503143092	0.5974361129142	0.693503631837595	0.69094123293124	0.579722030110397	0.601711755412854	0.642947191246543	0.544950959069369	0.543122848298955	0.357726862109872	0.819033641084856	0.623952566911017	0.617207698261487	0.624391053965844	0.479992495552713	0.792426879723639	0.716768771010175	0.535613507715125	0.730117834778136	0.453117288657127	0.416004795673641	0.591390375684262	0.590520893547424	0.441918687694781	0.780768268699196	0.624102398073748	0.810166497142176	0.750175271820499	0.448494475629254	0.547977358384762	0.777866607292843	0.556407262124572	0.56263165228598	0.605546295267146	0.601342448399698	0.454384168496583	0.501497445731033	0.666556443238208	0.777469627780633	0.699702067454162	0.425443714908386	0.401481515746902	0.499312355270261	0.480492238182672	0.628286231306926	0.785819621598291	0.320026171598151	0.413476709824698	0.747171395152381	0.821078844797872	0.475194772796816	0.826840092127435	0.545924519917903	0.857678261184512	0.542344555622087	0.503715726790212	0.627138957522627	0.840025607562413	0.544236670283271
"SRR13358010"	0.636597816130051	0.703696410935425	0.624535593489139	0.680317607033639	0.569842521107161	0.743067699016366	0.683721189302997	0.637280147707552	0.624271394572258	0.572446305028052	0.402986338268056	0.709943134021337	0.575588095794534	0.526370902854273	0.627513652705061	0.696032727877563	0.684638977345398	0.670860722348844	0.659078490671496	0.358412097004451	0.658266180443413	0.604330250182595	0.618569811686679	0.695494403236764	0.503754438864647	0.568192561452807	0.644433057779044	0.677994294409557	0.626771870322753	0.617030597534081	0.495351276153079	0.728517760712729	0.612281857553821	0.646402719373059	0.633497352676864	0.54718550604274	0.563607148696701	0.597746188900148	0.617275166629744	0.550822343472048	0.627849705168275	0.512586234954793	0.503459016719238	0.649423754547421	0.552273505901612	0.573742289523264	0.6280121026257	0.745215192160433	0.693968722725657	0.657599838543993	0.592987171620946	0.568446349307122	0.635806436648792	0.589909049351223	0.608937837115216	0.474367772286918	0.522435566296643	0.635567714251879	0.648495956628349	0.620168809203308	0.666433831138668	0.547017202097628	0.524479710651876	0.590332879410287	0.615199277609099	0.664575331114348	0.69635463605717	0.431327806683889	0.434970964729375	0.498270762536505	0.713442404021176	0.590792150503384	0.726873458153883	0.646408075810091	0.780377167636321	0.607114970119937	0.563497267207803	0.642048512246553	0.363787899155828	0.655868367494176
"SRR13357899"	0.72249238044588	0.777214431095603	0.857627950164498	0.839268022625324	0.76132785792153	0.814676986817963	0.865919450502944	0.74764999835414	0.711157755856408	0.690190768295642	0.670955484871198	0.887757960447353	0.725265837833397	0.844059358146554	0.753606785715529	0.891160021853883	0.713696818939394	0.864749126102236	0.758835251058218	0.716236375729586	0.741314279850723	0.776348786473662	0.730292621839858	0.806851380343757	0.67931017094425	0.762164599992039	0.728937772451278	0.821651333067122	0.800672730852164	0.74324397096056	0.725879269636877	0.819033641084856	0.761491879610945	0.73309501138028	0.715986425876016	0.740497253817929	0.721575057512037	0.722701960957488	0.748508699820526	0.675911947749054	0.847170802337183	0.648574404024023	0.671417786954125	0.789576483298667	0.782705426844166	0.717432085763442	0.805741820568276	0.810166497142176	0.81032553797202	0.819285342133416	0.667571966844557	0.74364994111627	0.690448000929406	0.765777818082436	0.792272674692431	0.674953865675619	0.770134828922966	0.732071489904496	0.800291907658566	0.777469627780633	0.798971310327478	0.785075910338155	0.814875917222206	0.704863463708854	0.720973278775253	0.814086881470406	0.785819621598291	0.726282324479238	0.683135395076463	0.791372359354077	0.821078844797872	0.697041383510238	0.826840092127435	0.729550481520617	0.857678261184512	0.740749312248738	0.708269783189917	0.78999849769094	0.76004415572821	0.739453494387919
"SRR13357647"	0.781791320302883	0.663050420428923	0.660306197643727	0.80997139819195	0.600026600945879	0.828147091770068	0.635619798119507	0.592686638639324	0.699168767117752	0.634538424815313	0.638773036096472	0.697367809373491	0.760758758374949	0.641736198043513	0.721002562881036	0.733696300042428	0.749615085930093	0.547325035516817	0.737679068000846	0.571277175578261	0.701269067576486	0.597958303959635	0.67596666912264	0.767124802230288	0.710733093022893	0.599309640132349	0.684029173377618	0.7542982569356	0.709196295386772	0.614259099350247	0.581990883504655	0.819033641084856	0.637266712108949	0.643798515516282	0.626809979689033	0.641797779943667	0.792426879723639	0.7595584376078	0.695189052635158	0.730117834778136	0.67846165727479	0.554838704040364	0.624074041519678	0.780041167184538	0.68690098280101	0.782149990770211	0.639221319562285	0.827680128699077	0.726883056992007	0.688431782422939	0.639032194657924	0.788644370685074	0.733967819090528	0.590601744365198	0.637335758565277	0.611799054063107	0.675523656591403	0.671176404656631	0.687819931077263	0.777469627780633	0.704632023957366	0.819517386835402	0.669576589418789	0.617964969149999	0.663949529762641	0.806804179765998	0.814365409154335	0.565300176314236	0.599010178865175	0.548783381209788	0.821078844797872	0.686382650817301	0.826840092127435	0.637561441677939	0.892803405527267	0.55876985020711	0.587233280462322	0.672852530287742	0.844860645643531	0.639115187043145
"SRR13358145"	0.735256553994509	0.337599025545893	0.260372599475386	0.506683952588422	0.360100715720397	0.709194379823312	0.223358397261394	0.397577308967205	0.576979568834792	0.523574477899436	0.463523150941231	0.313188586622837	0.619126956245554	0.293184171894112	0.502372150475048	0.274309649339735	0.635368741034693	0.211830338746299	0.636025582383638	0.193806337281254	0.526187626603338	0.401570249090782	0.486072664621958	0.569449067578234	0.553774270774559	0.391818640161408	0.477628133332606	0.50054816390503	0.417873896294414	0.421789904176284	0.264825404290862	0.649879420174987	0.464443058327788	0.336976221079193	0.457355853482696	0.391492621498031	0.659864935163526	0.559831605822698	0.437510357960606	0.606521088367504	0.298933099431484	0.370276281761912	0.484410952376314	0.514519159641528	0.339638792878288	0.655144157862742	0.394499784253896	0.724587906686433	0.485574876083469	0.398228897965328	0.400359629082753	0.615608028117596	0.584524437331699	0.365424618702181	0.381251146185968	0.329577966665854	0.308993649961283	0.471632748474044	0.501055563793162	0.488454381565324	0.514903937925	0.453049872954823	0.223888873318314	0.443508804153693	0.336869151853602	0.58732631183865	0.677298188058479	0.183140336438894	0.345942834809015	0.31310432748776	0.617966358261346	0.514668047434416	0.63797216405529	0.535951498025516	0.751920265222478	0.345276585954904	0.332147674640168	0.413669703841686	0.678625518457961	0.488055222197219
"SRR13357892"	0.746361118479201	0.591000682804771	0.541265957836325	0.625090311313638	0.522233392456298	0.716842207101346	0.576845563555752	0.498771531888323	0.603247464909432	0.53489803985484	0.588808592617551	0.611460738920125	0.663420382367654	0.560588911390456	0.598360757522258	0.628353431578322	0.697316391498513	0.51314872427276	0.628600837287433	0.473735024594503	0.641581274411526	0.550075969961652	0.591089323293339	0.664562186186643	0.643539916669994	0.551625249544967	0.619657823359612	0.638833421614571	0.58486187531536	0.544289672894705	0.449381023102264	0.694434379603501	0.568954650669789	0.56639893911446	0.612225569663761	0.53455420377834	0.693477658435681	0.663789024022929	0.589724940417149	0.63655968836969	0.555329992236993	0.487876843287098	0.650698508272178	0.638559838029832	0.49909598806216	0.686468033482002	0.575319115755889	0.721743623114634	0.610719745820447	0.626973620465128	0.533914953834352	0.679559115683109	0.62660513297285	0.53204720708635	0.556010501195981	0.556059415838799	0.462785532134286	0.62166616032	0.589301273126027	0.561784981360562	0.624729435509242	0.492690236641796	0.454125133324782	0.5688993017741	0.584448540692429	0.623596426856326	0.663872505061454	0.370676041385198	0.505991932154389	0.642687229676245	0.672109943981757	0.59149241677103	0.688466863456484	0.633027867871892	0.75024347407593	0.49711259733749	0.530873786632196	0.601074464187349	0.71904986374143	0.639051460680601
"SRR13357761"	0.615793059488974	0.684382722990494	0.442344491690657	0.745261120154773	0.452367937966623	0.774713897268215	0.544680574850283	0.604477149677183	0.55546444865769	0.538489445595437	0.488092001751205	0.482282401952703	0.63530215788336	0.503450724251386	0.573905391853107	0.519990408683069	0.578968160578195	0.420666643545189	0.590113791077708	0.445326226481423	0.578540444530506	0.515608782168143	0.565963198602442	0.642044768714598	0.625157892188533	0.51810961956385	0.572744443811933	0.607418805837769	0.554203556792398	0.454275995332727	0.415426594583331	0.779224415775823	0.517671819846334	0.568729523238723	0.516379071297924	0.527113648305536	0.727973659153184	0.66145239460488	0.562266608837764	0.677102565423497	0.474988456013573	0.42309059594398	0.495571431448767	0.589492978300918	0.47416555222019	0.738521421513209	0.519608387764942	0.717503240212512	0.693998070107732	0.450111866631918	0.548967940887986	0.730940964856031	0.499666740002138	0.479516657473226	0.538997697110368	0.507759743977711	0.504100870706779	0.483728144309439	0.541234360018689	0.755685590909596	0.631508731757451	0.517575302812903	0.496570321749927	0.476857629607259	0.530491638153878	0.584679155776695	0.738207982275292	0.403992928298048	0.36614183139766	0.476597911219986	0.787883632346003	0.455677458473727	0.794109874949113	0.474070834683762	0.829640031129862	0.438469650379915	0.4799395990097	0.5802384081643	0.827010188997697	0.473178738788743
"SRR13357693"	0.410513549039758	0.737001030981351	0.557239352335146	0.729292471275119	0.546957940280885	0.740735431780951	0.756892981240424	0.509653041639267	0.51648902814587	0.543718133228668	0.748393055589355	0.581746479732965	0.567636103289944	0.630763918376269	0.599350422494539	0.636292987883065	0.517419695263468	0.666943887277132	0.628366618571001	0.646302855220959	0.565336989995908	0.631654726589724	0.592498773092751	0.630914958307768	0.558413606358586	0.600787594887712	0.563868188856321	0.61720659710936	0.568438812023877	0.56020897937466	0.483882185200429	0.731741207591955	0.596055753077311	0.579542232921089	0.492641228014958	0.430338307010998	0.649361707262324	0.626399687413061	0.573120344461102	0.616925666325799	0.574824739206024	0.434150276038733	0.483244847310622	0.614413928042243	0.537945744562296	0.678248871708039	0.591409116001792	0.618519267382183	0.644597497874571	0.462411697518855	0.471331188418508	0.691004714019761	0.524279018469112	0.579725899634141	0.621864437456581	0.474465282622035	0.565062644980759	0.50926578654949	0.610247890759061	0.731636475901956	0.681629828573078	0.526401788037147	0.602405781087102	0.457561232388103	0.586600307645438	0.574259886732871	0.710625153377879	0.504108789350921	0.424497863187104	0.69225314620143	0.748963104663812	0.396462332208731	0.755584294696358	0.438860436149303	0.753157309590183	0.493057603519716	0.525309787247082	0.633549581852174	0.739709507923156	0.4622272348492
"SRR13357682"	0.781791320302883	0.758998177877897	0.497341505019077	0.774869859298796	0.51882722752443	0.814676986817963	0.670767264153438	0.652949779118708	0.630575001363584	0.574435426117366	0.680598754883622	0.631511591973827	0.718112301456091	0.592241233776861	0.609618250357498	0.584569364790976	0.660831072915878	0.605156719808428	0.66970589044565	0.507272471924879	0.626916299573639	0.610786133017611	0.61059868857611	0.707724026841413	0.702337104274356	0.576092381636567	0.622946648334546	0.661580176514386	0.590446418369011	0.576726751834019	0.414292835279304	0.819033641084856	0.611365220062513	0.633828193410543	0.620238960667989	0.523218526206372	0.792426879723639	0.728264931509441	0.571510526964251	0.730117834778136	0.525797165380704	0.451834233968389	0.614298592753718	0.62428358133173	0.499711501107104	0.781129308780177	0.618422445789675	0.810166497142176	0.73813902982415	0.514158135912907	0.5723093162359	0.782210041602054	0.578537206653849	0.566294514191721	0.605678360203974	0.627790566068113	0.507605006837305	0.537067146280528	0.650520504935172	0.777469627780633	0.690310601452196	0.486050753825609	0.47230340796486	0.530176390460156	0.529945287459363	0.63927812661835	0.785819621598291	0.380240470464739	0.463752844916378	0.736744859435525	0.821078844797872	0.534826096860089	0.826840092127435	0.568393750435232	0.857678261184512	0.575590498181365	0.521926212687941	0.633861092441371	0.833502674283538	0.56629348880289
"SRR13357671"	0.781791320302883	0.792491044531757	0.555615585917976	0.785588151394911	0.584600412675078	0.814676986817963	0.734405903563171	0.70567279646962	0.643281352415376	0.612695329186392	0.72321076857446	0.683112271321065	0.727441726085499	0.641915515203808	0.633333617346285	0.662319650295915	0.675638747853757	0.655035775122573	0.707421193308329	0.556058541472432	0.645446227673649	0.680061890652052	0.637225969937031	0.72877433827686	0.711592825864013	0.635969943826159	0.647530312974584	0.700880743133747	0.627035076754433	0.604053805737102	0.463009273798725	0.819033641084856	0.66592748400459	0.664552028631763	0.651343476628073	0.558798139407085	0.792426879723639	0.737565009704226	0.600708419716054	0.730117834778136	0.585326954885958	0.481919425781316	0.632906925011356	0.653432390636952	0.547666856435059	0.781428112363142	0.682142968607306	0.810166497142176	0.771414100706645	0.568290972576001	0.592212273110147	0.785761980089577	0.596640170049819	0.625581884196528	0.664568400437083	0.649145544477771	0.551621247701538	0.571031393756702	0.708393348675644	0.777469627780633	0.73018495805216	0.536656246626537	0.53196663256807	0.560217150273672	0.570518572049843	0.688195675623854	0.785819621598291	0.433185018822324	0.506019408424092	0.785369975212667	0.821078844797872	0.567249416615691	0.826840092127435	0.601264832256372	0.857678261184512	0.602639491855244	0.564470410135503	0.678217899596929	0.840025607562413	0.608112470676723
"SRR13357660"	0.781791320302883	0.772769148214813	0.558025415328788	0.788875936763995	0.595567093063408	0.814676986817963	0.693890324081992	0.708102760277169	0.647230602717451	0.641893720999288	0.628859595525667	0.650678600518539	0.730330811148284	0.603963254927495	0.640654407318376	0.670462847097615	0.637018427705392	0.568429543158064	0.710432938496853	0.485815291134699	0.6511783116967	0.685945603331132	0.642750746525795	0.733580105895505	0.68337757006559	0.64371609948469	0.653855045472483	0.708674777898172	0.63825047612642	0.567597291905647	0.478497791677076	0.819033641084856	0.671708689719444	0.651273143475355	0.655104975953135	0.596067031078181	0.792426879723639	0.73404559647402	0.609740374953947	0.730117834778136	0.583981476499405	0.491403047898676	0.593482984445802	0.662016745413875	0.562584633220701	0.78152186956491	0.690006306480346	0.810166497142176	0.763058545007563	0.583910302905203	0.598402688996543	0.782147261259822	0.60227268370248	0.624144250173799	0.672609337076572	0.580396622053691	0.569648806166447	0.580762685086532	0.714089086955673	0.777469627780633	0.734359700946497	0.552439430915563	0.550592142964541	0.568778532439824	0.583090448261146	0.69628254471653	0.785819621598291	0.450190843260838	0.474281896998315	0.681006108363923	0.821078844797872	0.538842937987932	0.826840092127435	0.608965138365503	0.857678261184512	0.555163014923635	0.573000547219342	0.685182862449758	0.834246669972484	0.616957715109653
"SRR13358098"	0.781791320302883	0.82149750640792	0.857627950164498	0.839268022625324	0.76132785792153	0.814676986817963	0.889096970173794	0.74764999835414	0.711157755856408	0.698936405049422	0.640463167297821	0.887757960447353	0.776526769094824	0.855227913490353	0.753606785715529	0.897527027571594	0.74194038765054	0.864749126102236	0.758835251058218	0.691150938025008	0.741314279850723	0.776348786473662	0.730292621839858	0.806851380343757	0.733380509249687	0.762164599992039	0.752205772855139	0.821651333067122	0.800672730852164	0.74324397096056	0.725879269636877	0.819033641084856	0.761491879610945	0.770721880375944	0.715986425876016	0.740497253817929	0.792426879723639	0.777569314305862	0.748508699820526	0.730117834778136	0.847170802337183	0.648574404024023	0.667858013707941	0.789576483298667	0.782705426844166	0.783115741303226	0.805741820568276	0.810166497142176	0.819965919506181	0.819285342133416	0.697803928632514	0.798228517351312	0.693142826023983	0.765777818082436	0.792272674692431	0.65593611664277	0.770134828922966	0.732071489904496	0.800291907658566	0.777469627780633	0.798971310327478	0.785075910338155	0.814875917222206	0.704863463708854	0.770921248678489	0.814086881470406	0.785819621598291	0.726282324479238	0.6693119097086	0.769100949339694	0.821078844797872	0.733716566295348	0.826840092127435	0.729550481520617	0.857678261184512	0.740749312248738	0.708269783189917	0.78999849769094	0.831025447336462	0.752505394535243
"SRR13358087"	0.898443167613228	0.880738871386641	0.624942668774596	0.883330947718406	0.80536958377655	0.895904785654972	0.780026390412648	0.807405802693901	0.796515931589405	0.790140681140064	0.780140127382845	0.727147894730888	0.869690633632484	0.761492700834124	0.843963315056593	0.7437168105616	0.816867131310854	0.737000102952669	0.88648176328434	0.648476621278652	0.807973932331851	0.838394750953525	0.852979541075859	0.847475855847728	0.812004249561792	0.839783414590055	0.813047053433658	0.804045934036519	0.663756763675925	0.725631984244297	0.637327846015513	0.871473508419419	0.849351749222229	0.803901624461763	0.83418723923793	0.644273914725855	0.903972987876301	0.858275626388634	0.809148528168406	0.878199758336242	0.69636996554408	0.687556031817684	0.767696179605173	0.776309106793574	0.716568173139208	0.898842535206939	0.778399564100739	0.927535421192567	0.823067579234293	0.710703429455791	0.747386480550422	0.873755180988268	0.747458785072091	0.82721833325255	0.813153471248668	0.758972282738292	0.71871633008739	0.722050852966083	0.843802460078729	0.862748267632091	0.88202082126616	0.763035688366891	0.68268447588935	0.784788810865686	0.641630377946273	0.841452836828338	0.888189402939793	0.640929915580524	0.651926511391573	0.834803795409061	0.906732193276242	0.73438213864468	0.908105618632356	0.764771811420106	0.924302534122102	0.803053828061996	0.780792775310596	0.859163429957651	0.91822150653558	0.803030717796961
"SRR13358076"	0.954796021776185	0.939111650970594	0.715475154215614	0.940617258837948	0.919201122478162	0.942641277465626	0.819035044107339	0.91447664365538	0.89524169765811	0.894433181043184	0.859306374666994	0.790647753308433	0.943212621354699	0.864021009926164	0.945344418263504	0.823901323903367	0.911036033061618	0.823469552996781	0.956395843335397	0.799174493022885	0.908374687330865	0.913380466545882	0.948858923996589	0.91968893080956	0.901985728043258	0.933543946301328	0.912013098927619	0.877235424253987	0.717368586440838	0.828275343825894	0.798022195165649	0.909145201801616	0.93303398134696	0.907622308299152	0.925796396176401	0.736640921188139	0.957349626932519	0.930621753773679	0.92538057540396	0.948791320434634	0.809904375290913	0.844732508489795	0.883235276718715	0.870275288188849	0.852895718817274	0.956695609723337	0.838193987186741	0.973580970761665	0.880452282035513	0.837113958772497	0.883599240254764	0.92964974424418	0.861355058969223	0.926237363155083	0.897211704478418	0.908092552874766	0.852343388070032	0.841309292698833	0.917626988934751	0.91711454638679	0.948372575552912	0.907330922743778	0.822141865749734	0.91422139024473	0.72573790912048	0.923761306736332	0.94353962457061	0.822650102677855	0.811242356095274	0.901612633306963	0.952444362147376	0.863259869111598	0.952164812543848	0.875621932329251	0.960157740291373	0.928030507149625	0.905043755622004	0.942917959862936	0.961365760424057	0.913561592621087
"SRR13358065"	0.964508440823058	0.962777049048811	0.813282559034529	0.955872713242409	0.957130362478909	0.951968271460688	0.883437806986182	0.956163204619767	0.921200810974808	0.93069857689012	0.886392816809259	0.857416899093365	0.958826998044444	0.915483348651442	0.966013640583963	0.898931787506904	0.928526742474921	0.883680119924005	0.973978898529919	0.854903393970225	0.935187984018164	0.951209924571027	0.968473498189262	0.942883179105678	0.922782213675353	0.963654120438565	0.940055038402183	0.916346212967043	0.776999330695928	0.872907153017717	0.872468537870514	0.918035052451432	0.961575534370727	0.941172607855	0.951315271554425	0.799314590172332	0.966520389318852	0.94726974338089	0.953459114844322	0.960554123988256	0.882049376957352	0.89547617485531	0.909729888672613	0.908315640736597	0.909150480345743	0.966724198951761	0.895403272279486	0.980413144605075	0.915161789659525	0.899990817172023	0.922382644778682	0.942154833128463	0.896443703032539	0.959198164663708	0.938485950065893	0.937461155738914	0.906344731518176	0.889857737574582	0.952481279798515	0.928741736209933	0.968813376078688	0.949083864040394	0.893950261073879	0.946129144484474	0.793584412346572	0.954719048299067	0.953975537620458	0.896570963080953	0.86912133955762	0.930656958180315	0.961075423658033	0.915650303784939	0.960598621419532	0.915227293071506	0.967043236456718	0.956732709176414	0.942203265277224	0.96685617601861	0.9707930932924	0.947325064747037
"SRR13358021"	0.649267357203753	0.788442710657878	0.729876857183057	0.816664720042375	0.688471541760207	0.814676986817963	0.780839664655629	0.729323308379036	0.681649899168338	0.66154948290499	0.627564779575631	0.779924553716742	0.636189383061962	0.603429570355349	0.703011159599168	0.81035021835203	0.702833360073389	0.705655445414538	0.73656049157618	0.591903064186676	0.70042438026165	0.735858020839864	0.690406234223428	0.774129523655132	0.57250996424536	0.685243073645441	0.70789382581586	0.77283042339319	0.731034749439512	0.642991054880464	0.615523731834503	0.819033641084856	0.721037761327715	0.70811898180643	0.687881269732856	0.664689513308869	0.63147749091371	0.676947093688201	0.686690374063733	0.612336041591019	0.734412838949482	0.575787968376144	0.570896967634778	0.733747556512443	0.688376088736009	0.634403910176427	0.755294200686143	0.810166497142176	0.799257291867221	0.721579364241276	0.652235315001456	0.660464663338319	0.648826417472664	0.698439961975027	0.739801838722845	0.615454619414835	0.681300947516258	0.664330454114897	0.761993609202748	0.777469627780633	0.769859280752826	0.685757890858486	0.705737916363799	0.643062718219359	0.689252808668226	0.76306076857494	0.785819621598291	0.602910311225598	0.576565396030966	0.680382549268857	0.821078844797872	0.617081927658246	0.826840092127435	0.675134600841749	0.857678261184512	0.630413714018205	0.646912233350411	0.74366360485778	0.474846441532075	0.69218450621568
"SRR13358009"	0.753673310935875	0.714895616829561	0.426290121383408	0.630692857398488	0.494684458164383	0.73850164636737	0.586831092984718	0.660363017307014	0.583407664945251	0.544994638995238	0.631322218371045	0.551840238567016	0.654821041599051	0.442474476896471	0.553543642486148	0.528740157789161	0.609502951052678	0.516931057961178	0.657548386147899	0.388457248633052	0.602640020821116	0.595856598689113	0.571961412336416	0.648095601751147	0.62301637037114	0.535675903902676	0.585522983211226	0.610023472569804	0.51329427476674	0.534446615430252	0.351956708217286	0.722607135588158	0.590480815870988	0.589878719915582	0.61656659665275	0.463840913016279	0.715061485132375	0.656978117371001	0.52936604116759	0.656245629080924	0.450814477258405	0.42346574016546	0.566960642476218	0.582095773992178	0.408222399437902	0.710186257553239	0.585230310291722	0.741119639259967	0.661961808794969	0.503415136888801	0.532168954312799	0.693386764882889	0.58431818280107	0.535316530860108	0.558877843999317	0.572394792573638	0.388911276831734	0.549711433913999	0.629675217174981	0.609940772037797	0.648481592564355	0.39594192665608	0.348241274861038	0.512075553934654	0.49583136288129	0.604265777022281	0.690682532025016	0.280579854250448	0.417369064553752	0.689766175713943	0.70629020920918	0.525530970130803	0.720233193576047	0.584368317809236	0.775192120207734	0.524482850769633	0.497182042336021	0.592108358689766	0.645418666395942	0.58865838640063
"SRR13357998"	0.781791320302883	0.773527945798732	0.542819286898111	0.782123666029916	0.554163541349641	0.814676986817963	0.697071052432559	0.675426295423376	0.639146395401688	0.606195755446722	0.700263893229129	0.666650882422365	0.724411510354454	0.561529409580482	0.625641192253903	0.632824660297309	0.618532098311661	0.639033174869807	0.68695797294078	0.540173841666356	0.639430083245787	0.64310891071878	0.625960382231709	0.720394290105182	0.684807488656887	0.5884261190517	0.638340632890346	0.684266003451646	0.61520442432664	0.595177930829415	0.44695004779632	0.819033641084856	0.637765832433751	0.651771725988729	0.635577870813354	0.560633617388626	0.792426879723639	0.734545742088686	0.591226020369158	0.730117834778136	0.566042165680017	0.472053759905607	0.588502391144745	0.643667720004047	0.532034993844872	0.781330409610137	0.650627856658723	0.810166497142176	0.734356564855971	0.550700148860303	0.585732139140577	0.784604840024154	0.590745276791656	0.597180091668467	0.636042620274909	0.64222127347301	0.539494034848818	0.559184371793284	0.678397736523804	0.777469627780633	0.709665753681822	0.520136045527399	0.51246901248635	0.549656006891378	0.557324548183768	0.665956845805505	0.785819621598291	0.415635544619954	0.492174517465062	0.74572268833292	0.821078844797872	0.551255634230205	0.826840092127435	0.588185400643594	0.857678261184512	0.593852386284175	0.546051558736198	0.657572480566402	0.745483071404991	0.590618318325728
"SRR13357987"	0.781791320302883	0.80712319502287	0.73358025814552	0.813386178284848	0.677596894637364	0.814676986817963	0.823291655475051	0.72675064099835	0.677487534301619	0.656257257244728	0.682470706477349	0.803014057592455	0.752316404695567	0.762814337149133	0.695635741195922	0.803303316862057	0.684335419011798	0.774917542580977	0.733410802868552	0.62336615795906	0.694547394885459	0.729964394095453	0.684699183403161	0.769357837979074	0.722089175164394	0.701669058947857	0.701478189294921	0.765461521256563	0.720392672188462	0.676189839055085	0.599098551813666	0.819033641084856	0.71518426407358	0.719664437698927	0.683917727698619	0.653486273212624	0.792426879723639	0.757633057512363	0.693798369865489	0.730117834778136	0.734021498866396	0.56548339690642	0.649510830373216	0.725412746694406	0.67384099122804	0.782256441130912	0.74774083318809	0.810166497142176	0.786147643540959	0.707026450467073	0.645750283563673	0.791863941655718	0.645424895070476	0.698957043756162	0.731987897492582	0.651265763814188	0.667800724802573	0.654416149662291	0.756376279452397	0.777469627780633	0.765652648551752	0.670367920567642	0.688186574645465	0.634158345444885	0.676900618452798	0.755373037890954	0.785819621598291	0.58448085851945	0.587789404113925	0.77629524045964	0.821078844797872	0.639976991280533	0.826840092127435	0.66725530932044	0.857678261184512	0.674128204449857	0.638061923223365	0.736825619795663	0.835566335423527	0.683317503727877
"SRR13357943"	0.781791320302883	0.75100573105714	0.667463439306504	0.930120768983291	0.640299586422673	0.947436008493082	0.779241352703793	0.620471057441835	0.9129550431726	0.632077848265833	0.619031688297926	0.757237390122026	0.742055238652957	0.645115941449841	0.670169992840695	0.750067324081618	0.853466490042926	0.728361029366769	0.722673544278311	0.794831256775864	0.860173406441638	0.873424819910317	0.665154305848587	0.832155324355221	0.698507894044981	0.750411283137077	0.679384570828847	0.877785062858442	0.682888865934252	0.840832962034623	0.627276696379099	0.967297826147602	0.859280480883984	0.655453891990662	0.840346159402355	0.614710924668402	0.885648479600938	0.744317629453886	0.646190702026551	0.765821830291332	0.675568661745628	0.569592868751195	0.559070122230976	0.887959493451954	0.815246136953128	0.898503354815226	0.903995413139439	0.879310167700939	0.907708934293411	0.651666230606403	0.562813630034173	0.817816456590948	0.759798654296729	0.673472573389499	0.912664829496373	0.492936219810768	0.732502424389593	0.863719406929071	0.879885423707598	0.923168759209357	0.943758458602189	0.61617844502816	0.746968021839623	0.785148586878729	0.633712201515714	0.84618553981503	0.862367564443826	0.732134908901524	0.547337496997005	0.798791142693844	0.94332689985396	0.612177054127658	0.954205043793123	0.663473704755046	0.951836418340213	0.704376466095788	0.822756937849614	0.829325744658001	0.698175030352824	0.652618443100511
"SRR13357932"	0.9293768023077	0.911539635650162	0.673351151366034	0.915783732103216	0.856593984219948	0.920391885583628	0.806887225375562	0.852570188268935	0.851078331647795	0.852342793224026	0.821675602097419	0.774124476511556	0.911576233116071	0.748112885352781	0.905433537463876	0.805304303270025	0.825110441450766	0.792086159611109	0.931019540835777	0.719214729443155	0.865326314356466	0.883863012407626	0.911799179425219	0.88971975473897	0.839695401937033	0.881805062027719	0.870985221856072	0.850723906782059	0.664699441268474	0.782753840939729	0.682021482588442	0.88046628101893	0.904104304498695	0.859172102842733	0.889180278884715	0.655762772205411	0.933310171381459	0.898220727175004	0.878977171354992	0.917295102808121	0.770293597573852	0.737483830110006	0.78486683193486	0.816991642641404	0.799598151465208	0.916015603588982	0.825362624273102	0.953997388899155	0.790598856503225	0.774491360116734	0.80736649623332	0.903220468210249	0.81266675487181	0.883424045918992	0.869453834863281	0.821934093535387	0.799192423275426	0.791831101266721	0.891398854324984	0.890546306289653	0.924488032837658	0.85302744850716	0.770550853769034	0.860514569253134	0.695683539183044	0.894542056119753	0.910221027186335	0.750955537562804	0.72625389506187	0.856773887508406	0.931129691333409	0.78330584448116	0.930084548473823	0.828978138716689	0.93916854298986	0.873080727552914	0.843984637431164	0.91134861727588	0.866603241428855	0.858494874984479
"SRR13357921"	0.935307154004089	0.937360943292991	0.668013988413541	0.919154567862408	0.884353076301713	0.92536652737776	0.798131043261378	0.929258119666613	0.857719997215888	0.863122723436658	0.747275929343552	0.757683521788991	0.917232034864341	0.762379065975142	0.911159973034845	0.790766321338262	0.838127702937982	0.783052559205648	0.937109678877099	0.642627726863606	0.870763009747064	0.896230238679416	0.918509198670855	0.893296145861823	0.84726685676635	0.898170732755399	0.876035635094239	0.850612365547535	0.689374217016562	0.784739767696475	0.728923223422068	0.894136737496925	0.909754997356958	0.885909839226286	0.89698719481381	0.64588872714878	0.938923845264365	0.900347021159221	0.884000910522591	0.924712317128216	0.757814411843857	0.782468997312031	0.76875613026808	0.807783975418525	0.796564978837277	0.938634516625423	0.824437105566875	0.958761333446255	0.874916151144199	0.782490871991348	0.85636824883368	0.905632177846856	0.818235006287668	0.896702150220312	0.872215863797851	0.840495549959261	0.79731744985261	0.792921585513753	0.903861551671101	0.896363441146598	0.929370141233083	0.853760489644503	0.76120552077115	0.868397402314163	0.684928252814316	0.89746161000235	0.923588604128246	0.747066655490489	0.675064030285228	0.811810367495412	0.935973957203721	0.830259755058918	0.936192207457804	0.834304332440497	0.947150827851116	0.895793489512224	0.863086889412977	0.917262789654292	0.893773750319088	0.875806797687735
"SRR13357910"	0.781791320302883	0.790893171691287	0.756069902118652	0.81749689814215	0.672116377332068	0.814676986817963	0.815853686002683	0.69981080721985	0.682710963483754	0.648058044284646	0.618894139206267	0.818389162133118	0.756087919933884	0.73027552486222	0.70488278739444	0.813562411306681	0.711855202769396	0.79082420123372	0.718844250725748	0.608087199164568	0.70191860224056	0.70591136604766	0.686109610795818	0.772028398775206	0.705655858032298	0.67357443519374	0.706911460405251	0.766798854801479	0.733717871210332	0.686908074855364	0.619688626873935	0.819033641084856	0.699737665107061	0.721813777942553	0.676137559454591	0.624152030333155	0.792426879723639	0.758790700349506	0.688992785317867	0.730117834778136	0.754099211787327	0.578416025422578	0.600830730443526	0.70609765910785	0.692040019232456	0.782386546045274	0.734699288601996	0.810166497142176	0.784921246546	0.726380802634614	0.653886734411807	0.79136040989946	0.651335768977161	0.690312694443805	0.722093540221267	0.628336989204962	0.68471011438295	0.665140300935107	0.739426337390075	0.777469627780633	0.754439118974529	0.68963505367963	0.710137846367215	0.643626915445337	0.69237332333147	0.751963406279775	0.785819621598291	0.607584380777388	0.562167815066116	0.711025154088112	0.821078844797872	0.630978994328893	0.826840092127435	0.67193559530803	0.857678261184512	0.684764359565699	0.639097133730054	0.732220667798661	0.726568378937584	0.686103692554673
"SRR13357862"	0.781791320302883	0.767061881453553	0.745478285274574	0.819191860181778	0.696815933309832	0.814676986817963	0.804037084530184	0.659013996394905	0.684877873844464	0.662770000901056	0.759160765501891	0.792700084822299	0.757650664343045	0.747129971833708	0.708693990454217	0.821551249628169	0.723261306062194	0.72310103103108	0.739001576735436	0.709141698085258	0.704965022087265	0.73976410736169	0.69481969277599	0.777804094957786	0.73330970515795	0.715360249261277	0.712843365783555	0.778465922503772	0.739158838111054	0.652669303882334	0.628162121705463	0.819033641084856	0.725553745714787	0.695145808516593	0.690955137706881	0.673305303175319	0.792426879723639	0.767587002347438	0.693678491740325	0.730117834778136	0.74796594945712	0.583783737881261	0.692966879038991	0.740138255083942	0.699467651059937	0.779049478017929	0.761081037244922	0.810166497142176	0.777750968740388	0.733379085465778	0.629079556001696	0.797510528857456	0.655941305081846	0.705738396010155	0.745795627291152	0.676729543592466	0.691629394797009	0.671967890801574	0.758657156141649	0.777469627780633	0.773104820680491	0.697491722640369	0.719025227509951	0.649943293444666	0.698708694685317	0.768942835176078	0.785819621598291	0.617093787845927	0.64547345580723	0.809347733105475	0.821078844797872	0.633321190988219	0.826840092127435	0.681215083006309	0.857678261184512	0.62291834706233	0.653749315876568	0.748917851923352	0.833777152235513	0.699006808334547
"SRR13357851"	0.781791320302883	0.777164597874331	0.411423783885452	0.760577973650889	0.503027401766397	0.814676986817963	0.642989936809966	0.677642330382242	0.614015257099598	0.575459686375599	0.540739995361539	0.560833074776182	0.705869811263221	0.525822266651416	0.570915239508524	0.517730268191065	0.6288103131356	0.537993396701433	0.681877046002441	0.324304884382244	0.600210122630531	0.635646102670907	0.596051970714229	0.692255591745133	0.659683711189601	0.577756197471162	0.600110994682655	0.640881702484864	0.542078792769314	0.54100963242393	0.354307728645483	0.819033641084856	0.622482416893337	0.615545974528382	0.62345642326095	0.477298434985372	0.792426879723639	0.705934105186392	0.527477808194753	0.730117834778136	0.44861597696822	0.413794203195247	0.51971176851738	0.588307246822606	0.438347964351599	0.780745725805223	0.622045556765834	0.810166497142176	0.726394362508864	0.444432554657932	0.546450181150475	0.767070158767308	0.555017968618153	0.560434815244528	0.603465085406384	0.474313965052173	0.451085004157381	0.499108048617571	0.665076219528717	0.777469627780633	0.698627687158251	0.421716321727489	0.397165011544961	0.497223941227333	0.477409021943312	0.62615720957418	0.785819621598291	0.316436900769328	0.347326626135272	0.612268191663042	0.821078844797872	0.492853688045802	0.826840092127435	0.544007606957422	0.857678261184512	0.540254297240035	0.501630179127056	0.625336704352873	0.831356406687385	0.542018286547724
"SRR13357840"	0.781791320302883	0.784245228476412	0.463427059205759	0.769352065273683	0.5311703525175	0.814676986817963	0.67590442853954	0.693890327118052	0.624131083243642	0.588315849811605	0.51902017100624	0.6043521310018	0.713360078840186	0.566521306343054	0.597515982547678	0.568836630077153	0.638470940593614	0.579208617770493	0.692767229273751	0.33618039940534	0.617474978643516	0.651147209229466	0.610321204670282	0.705053155767244	0.66143953847885	0.598002396203093	0.616593950912947	0.662025862476439	0.571679855954693	0.562828659783753	0.390413407135978	0.819033641084856	0.637607339138236	0.63263311519739	0.633098518935378	0.505258780350414	0.792426879723639	0.711618124117273	0.556660781630753	0.730117834778136	0.49554728853745	0.436860652072396	0.521352480605575	0.611063731709129	0.475602553278921	0.780979311371541	0.643140296862064	0.810166497142176	0.757103744004099	0.486797192439166	0.562232387134571	0.771779600215317	0.569372935838079	0.583075692217551	0.624843171599406	0.476807150659196	0.485437858096708	0.523857070368254	0.680257436681873	0.777469627780633	0.709656843307982	0.460708574217405	0.442565090208673	0.518862529040937	0.509408183700892	0.647974928234103	0.785819621598291	0.354637967144056	0.365686860537521	0.601597197747933	0.821078844797872	0.481660599704911	0.826840092127435	0.563803671573743	0.857678261184512	0.561838653566862	0.523231664401589	0.643841002591708	0.829629869598375	0.564916007626396
"SRR13357829"	0.752264305982477	0.751968211082214	0.80302848387944	0.710435554378041	0.707407321629196	0.734379738968576	0.827894872777688	0.709552831169214	0.662688891084889	0.645446746096959	0.655060257063571	0.838233181467599	0.715257433129669	0.797135144241308	0.699004592283359	0.854884573050189	0.746187027144399	0.803360430726175	0.71868848858547	0.643471235465139	0.714772586266259	0.715652822989592	0.68224033484929	0.748283720519068	0.694945116882782	0.708602476764085	0.7106289087953	0.766630376481816	0.733345803997116	0.699657324008578	0.652706153479894	0.717261954574672	0.707005333011862	0.719814357314018	0.691106442201326	0.679516000370465	0.710941476436959	0.714609819216961	0.705153652938519	0.652461516572554	0.788691780851746	0.611033661373608	0.69912454986602	0.748735301341685	0.696241782649103	0.708749664994303	0.743876344160712	0.737425950161356	0.749606453240444	0.801190022829947	0.654611689047365	0.71350156458041	0.693142826023983	0.706750162878505	0.721663770996444	0.669097302564694	0.655815687424685	0.732071489904496	0.745995115567011	0.600723522188336	0.736290454577103	0.699258994066619	0.703027813333461	0.678485545168268	0.734135497115545	0.764425883864027	0.685567790143502	0.60535989523088	0.654353325299365	0.781062328218377	0.699815393079452	0.716184790319366	0.714220157275024	0.729550481520617	0.770488462220416	0.689121529542425	0.664316142866935	0.73247014741658	0.757449042833181	0.752505394535243
"SRR13357784"	0.0527141697681196	0.532257401999383	0.437447722207937	0.271443695758599	0.308017656271641	0.270720252816598	0.51595175132459	0.39983285269262	0.114116602010065	0.259752221485483	0.307154204877458	0.294342618648802	0.155661953067925	0.412821228592712	0.367482775117928	0.428154819186184	0.163645105428344	0.511941392875151	0.295575379890424	0.426441263874801	0.220405677991257	0.301311112558864	0.371482091144536	0.290079897435338	0.211593663361314	0.299463734752782	0.302910929424366	0.270609982326092	0.334763070477445	0.213394102177039	0.386513625883111	0.184371899619575	0.201858661075784	0.416692611847535	0.15733371470133	0.199934598967669	0.208742233004458	0.243522130758599	0.400001627371762	0.227563967627401	0.419106466868417	0.30567388955414	0.273116596845714	0.266922114884558	0.293783486743196	0.319256737963541	0.254200419660999	0.12429878812413	0.451739175760801	0.329742336436834	0.340268796558748	0.245212335954729	0.277000335635313	0.30595443587549	0.354356091006992	0.35369120961905	0.298940313462214	0.212776707962095	0.214645054557519	0.239699684326873	0.31909376765086	0.263674472051315	0.410724391652072	0.301841561768411	0.475098324981777	0.236373218193448	0.228903774791441	0.369623510275828	0.20218022875335	0.31732432032882	0.257127616122572	0.227961497826283	0.248201272738267	0.183494868828175	0.258194983913404	0.271366225707798	0.38095452782474	0.404863039832374	0.360966270656835	0.283069053049809
"SRR13357774"	0.577463858811808	0.498440561305857	0.686488220228423	0.455912389177822	0.588720786062805	0.506148935879729	0.595530856723298	0.419345794980315	0.414838759335458	0.544195733570736	0.563911201844127	0.731244210098517	0.42088819501206	0.532094896640419	0.611444935094627	0.747455373948007	0.492227176678259	0.68448963409958	0.655552427754178	0.444207328103191	0.465641011112364	0.565001853926729	0.607350749183728	0.647644681877197	0.375831037346942	0.470511190336468	0.560572181010439	0.599758123382694	0.616869261801936	0.455055126014464	0.536539743484682	0.374295642265906	0.485054073415099	0.544973097906614	0.520669819082624	0.463155491176497	0.389985529814349	0.465150126552449	0.637116703371946	0.394329104649828	0.680940142433089	0.529568866817539	0.644213895591657	0.512442480665214	0.547515228550727	0.408469600608226	0.607979355094228	0.598019129697184	0.587613407716427	0.773349436911413	0.477506139113204	0.385213802984439	0.690298179765844	0.564144658929193	0.600439634886695	0.605906547227476	0.461854990403282	0.50345436687872	0.572357258487294	0.313854966842879	0.535647775920051	0.551166864460361	0.469886356662092	0.625976640564698	0.558459170089051	0.679956966584828	0.472332781940122	0.414210644128222	0.565403221278932	0.689061080944813	0.440940033382465	0.567350024546494	0.429586675409449	0.616674467407806	0.594895835873377	0.521642853393511	0.59717687687818	0.636030401603877	0.205258849540292	0.727373015364811
"SRR13357773"	0.70769976306414	0.447349047170853	0.458711934674796	0.414374907399971	0.474964942206472	0.508522338651394	0.393041487759169	0.385014225735803	0.369502094914465	0.491779610945736	0.365068034879801	0.528839412259694	0.505251471707157	0.34187225574265	0.489585151355633	0.551722066856353	0.415596444845121	0.436902073859381	0.623030289500175	0.208618918490427	0.367143198446668	0.497284063025673	0.549713990693207	0.591926368362736	0.399729986070011	0.379382062762133	0.489093605838249	0.505929346989632	0.499017529708513	0.324260298001213	0.38258343445149	0.375512531174786	0.417307453311905	0.452223311607873	0.474795316987135	0.339684344858276	0.563545910955854	0.502396849307535	0.52054268530005	0.511078139724523	0.482109414137472	0.43321097275867	0.503181768285505	0.402550289264287	0.398566558341572	0.565024589129594	0.518639214779389	0.602094108809516	0.549017263040468	0.627919132453759	0.41127921580302	0.501934520847408	0.592497839766596	0.461757202218833	0.512656342749503	0.420943353403103	0.331904992672496	0.394491773618743	0.502098143462975	0.321889065081666	0.481676186043551	0.394127893026561	0.295432609405458	0.545386456483621	0.425679431829141	0.592891194875808	0.476791941861351	0.262589012190368	0.362852591094608	0.437000315408365	0.447282190131028	0.457562006837215	0.434315207867083	0.531694942591338	0.601081648043113	0.386129112437409	0.511157639872701	0.486303959267315	0.296666668150664	0.64434464670151
"SRR13357772"	0.678995090515778	0.341364660032746	0.295756175644394	0.74487122327059	0.39593741718682	0.514670942580836	0.365827132587565	0.386586563718542	0.403405788641717	0.352411868929212	0.231955054379411	0.417799141861091	0.70431860645238	0.499555660882938	0.34955198960316	0.437833924590143	0.477379007949114	0.437407043521743	0.306864929821007	0.351233716184993	0.546511555238012	0.400328626294182	0.298402535161818	0.447328849218943	0.446511956555262	0.475463227327875	0.306166379770885	0.348591654068202	0.581665439507348	0.498304987285952	0.395045214280428	0.8036302642099	0.443657987279367	0.345517141020288	0.583572178619127	0.361301083965071	0.682663259709678	0.503691688671409	0.372195791679105	0.516752475678599	0.278357602660972	0.332013883508968	0.250377909244528	0.477383704041091	0.362211265850308	0.653483698042231	0.433946753687769	0.734134046852873	0.366391504072118	0.318124797989731	0.334471473191368	0.525130624613525	0.365593675040216	0.414725672993447	0.312875449995406	0.277029415855388	0.360439634250633	0.466838773015644	0.563812538452168	0.740737608988757	0.416778701886062	0.503665960909343	0.43432475851173	0.204712296187121	0.371970194851839	0.364828426178637	0.701123301614897	0.371384029171776	0.345008591377469	0.298136961134264	0.716097414531355	0.257171327687712	0.738392936326733	0.336782167933824	0.730935124108092	0.456122676839164	0.355639569629533	0.448182152418303	0.559516353713837	0.353245421164358
"SRR13357744"	0.598649499893019	0.79262327479276	0.5663429838824	0.785845339584525	0.585457011205511	0.814676986817963	0.722389756646786	0.705862320783662	0.643589394100736	0.613087749853527	0.634002639909149	0.684324398119269	0.556898464479338	0.496287702487509	0.633905591094634	0.663761237820334	0.611706508148588	0.656217735202472	0.707656227891175	0.478892279331159	0.64589382986122	0.68052185897065	0.637657236979606	0.729150273525195	0.512977100335047	0.612835884941785	0.648024402741049	0.701491557875416	0.627912967958474	0.604714182862011	0.464212431085836	0.819033641084856	0.666379203337157	0.665060088691889	0.651636884280706	0.559661474716636	0.568699541399498	0.617062899735917	0.601413843356924	0.569826958077588	0.586757878871502	0.482657069290736	0.538107411209006	0.654104114802249	0.548831201891026	0.576278255804363	0.682758717849132	0.810166497142176	0.750958122292619	0.569598709209657	0.592695094699184	0.597770432168942	0.594068016884505	0.62625965849487	0.665197665134741	0.580460776127724	0.552689486130134	0.571790765783523	0.708838984859045	0.777469627780633	0.730511319858243	0.537887559794547	0.533419964242506	0.560884758637943	0.571500415808614	0.688829220611926	0.785819621598291	0.434503320538895	0.465865704523038	0.691703619979117	0.821078844797872	0.523137696199932	0.826840092127435	0.601865930304398	0.857678261184512	0.603293329392558	0.565135670638886	0.678762822643969	0.434934518772366	0.608803450340274
"SRR13357743"	0.611131958390176	0.785678126280898	0.480840875300322	0.772200659239125	0.540432836821857	0.814676986817963	0.672645502393079	0.695932616115617	0.627449709506355	0.592537483847889	0.492916575710572	0.618407673249962	0.553417699940708	0.43634566719304	0.60375389806954	0.58545564254392	0.640231595781481	0.592613490064355	0.695312949937117	0.327325314262718	0.622340570054876	0.656200450146607	0.614995184938962	0.709212213873547	0.494327206132414	0.580945897536782	0.62198280929861	0.668875860758563	0.581357537356265	0.569987755171339	0.402632582168409	0.819033641084856	0.642546289143198	0.63820781446793	0.636260980562079	0.514496941829162	0.584169066281466	0.60133937023762	0.564309769909741	0.580227589455962	0.511109383802191	0.444546321392207	0.460960980024012	0.618481480363452	0.487990435654855	0.589743890926319	0.649993324997722	0.810166497142176	0.759604162794523	0.500864569613883	0.567420137074783	0.596393720419994	0.574090858227412	0.590483677595198	0.631804318847258	0.461755002014543	0.496832868120057	0.532013271221622	0.685191784198121	0.777469627780633	0.71324751454106	0.473720536177147	0.457816479600103	0.525999373020067	0.519975155318417	0.655053946914146	0.785819621598291	0.367707448164311	0.364801718739045	0.554815427025894	0.821078844797872	0.510299362853209	0.826840092127435	0.57030208858663	0.857678261184512	0.568922058702751	0.530352698731281	0.649863844447524	0.445563852775531	0.572424758070991
"SRR13357742"	0.781791320302883	0.795075370622518	0.596352363639105	0.790595745007927	0.601315996354567	0.814676986817963	0.739313399225149	0.709380130375339	0.64930632684297	0.620371291855185	0.538623618282566	0.706437522282807	0.731847384756923	0.580305523236229	0.644491128139452	0.69004100325907	0.661978845351731	0.677872805206217	0.712014616665657	0.421817032771175	0.654185348696676	0.689026291953288	0.645650696142879	0.736093831452971	0.652427503974127	0.624531974375853	0.657170573300677	0.7127386215879	0.644108836911863	0.61694497531829	0.486688673517025	0.819033641084856	0.674738345430256	0.674454500915387	0.657081908605674	0.575674197796732	0.792426879723639	0.730101463931004	0.614476223120558	0.730117834778136	0.613124777850426	0.4964098661368	0.503113322705816	0.666503936205628	0.570412129401123	0.781571327452519	0.694111800797488	0.810166497142176	0.775858067191507	0.593766117829124	0.601656498079468	0.778687661104704	0.605233814077653	0.638793723226904	0.676811885788086	0.517155334131314	0.572491794807068	0.585872545614748	0.717067322323967	0.777469627780633	0.736545751622672	0.560726833959303	0.560366069504777	0.57327963707268	0.589681597101713	0.700501451268534	0.785819621598291	0.459213447617296	0.443344206939609	0.61434200418066	0.821078844797872	0.532669992627776	0.826840092127435	0.613006587142721	0.857678261184512	0.615404739435678	0.577484239329562	0.688824780199936	0.697149921475448	0.621594157496888
"SRR13357740"	0.781791320302883	0.780988813576758	0.670056393945345	0.802489334155863	0.619329836294272	0.814676986817963	0.775094259371448	0.685350475763322	0.663853034602724	0.622602043716785	0.514046810752327	0.759054520263779	0.742440081342578	0.717426283729989	0.671132163736935	0.742319263350789	0.681328845912329	0.730188372177037	0.702683313066677	0.469410076878972	0.675135448567743	0.674882653323018	0.659501824862364	0.74970794979942	0.684276873925548	0.651154960156897	0.677282601126604	0.731302318859097	0.684325035188554	0.64778612467203	0.544690913074288	0.819033641084856	0.670204427468948	0.691238198216669	0.656947201511587	0.616176503513466	0.792426879723639	0.740261335661061	0.647378953093018	0.730117834778136	0.677850107789439	0.531858190264742	0.574872214610836	0.696612903645653	0.624676258869159	0.781921631092174	0.696229986127483	0.810166497142176	0.769598635450941	0.653803202679323	0.62444642071047	0.78238482490925	0.625988966127545	0.648099760326656	0.683083342736283	0.53554834960677	0.622369616415653	0.619579872518798	0.710289749670691	0.777469627780633	0.733150716364225	0.618247273534055	0.627896624334552	0.602903631561664	0.635355578319926	0.714189797349318	0.785819621598291	0.523584218023297	0.487895567169312	0.625298100734572	0.821078844797872	0.592450963560905	0.826840092127435	0.635352971309079	0.857678261184512	0.645961400580445	0.597664801991584	0.69887429527913	0.823282902647654	0.644329017616921
"SRR13358144"	0.447032580082361	0.511744958513251	0.596070949686844	0.320189405027217	0.518934165727628	0.464016461337062	0.623334141455264	0.454104015494979	0.453390941826243	0.450255979443088	0.364125887415356	0.574410515529231	0.450027193042527	0.611028044339204	0.459290408117684	0.658977372115546	0.601756387750048	0.589742155099678	0.543648780363162	0.340920517739858	0.559627099930573	0.516988551467732	0.521373234663094	0.465705814345394	0.458250484461617	0.548096532855339	0.546092391018712	0.545677465801198	0.495284870017917	0.523734544999504	0.454470637905123	0.390515905840178	0.506792784457528	0.517511683753473	0.528857956821083	0.409579820916989	0.411882381576984	0.456604356324129	0.52936620613142	0.41032576665418	0.568544541783666	0.472886505471645	0.555620957248841	0.548274972586931	0.422045019986902	0.456609468350437	0.507111607143285	0.403148697346652	0.447658297758681	0.657259781866145	0.454774134590195	0.416191872253364	0.54562252380539	0.511106153296164	0.49772645942851	0.347234652649404	0.351253228903499	0.651824607630906	0.503734455744733	0.215908997474221	0.535370546638859	0.414930691740878	0.405581037156172	0.525727641131602	0.621886089840199	0.530161578654546	0.37567410931729	0.340292760691492	0.384890807535541	0.490144946010393	0.34013893246467	0.557685902558845	0.367935772584004	0.613073256692921	0.429261585180893	0.463650460016917	0.519181784249641	0.47187212435592	0.502575340841532	0.646026278008111
"SRR13358143"	0.198448067790846	0.674447523624515	0.531720932269943	0.388711887193959	0.533772329186535	0.477524418230979	0.568937448081308	0.724686275776978	0.397137445842063	0.439000503298949	0.371266453537583	0.39297367447094	0.391302031663153	0.574165485964414	0.57148015793568	0.568660418265864	0.52497335892753	0.529762396608005	0.524310068771073	0.500493151092677	0.575609214279672	0.495431269615805	0.595770588353308	0.4300160156879	0.450532130538859	0.587890449504833	0.547483650610094	0.476228981746875	0.418073982328374	0.456331452717761	0.517998372021087	0.377746375804062	0.486087330737175	0.611931187505077	0.451470524446623	0.349887577211602	0.395850027583469	0.440155228002546	0.604139231508767	0.451107919873391	0.53577767743485	0.501346617974064	0.466987791397825	0.530272522134914	0.444372747617539	0.517108184180704	0.395510662473399	0.327832880774393	0.545312684620212	0.538886073749195	0.585621919523049	0.421687597323247	0.481001306871245	0.525388740837984	0.495986309007139	0.527941834029764	0.421592511456508	0.585481562819881	0.44805259419245	0.301925663804855	0.573371945252163	0.458953400648855	0.52355357623083	0.53135766196279	0.622028102078846	0.436465246834123	0.399114015152731	0.484801688571181	0.34660217899433	0.410169947984698	0.403571349671972	0.551402260079616	0.425419791795413	0.483560859706112	0.4129625622673	0.518434002833183	0.566573721579841	0.582486183471062	0.554906450038446	0.549297210617141
"SRR13358142"	0.781791320302883	0.751637020540931	0.597133578202747	0.790719722890743	0.555501949751722	0.814676986817963	0.716356517335429	0.639613448768309	0.649456227364728	0.586698691397549	0.476469863687943	0.707007196878151	0.731956854965731	0.665332633797377	0.644767891642305	0.667663112972843	0.667726498092969	0.67843307361133	0.669105064693096	0.418991543490859	0.654402346642655	0.612799668533216	0.6325307893081	0.72828695788937	0.678872421036501	0.595392242571598	0.651250432994596	0.692943536527967	0.644530874950123	0.617264972390135	0.487281375805498	0.819033641084856	0.62048342428273	0.660312725837322	0.628111236905102	0.576093665676067	0.792426879723639	0.72994943690363	0.614817896801582	0.730117834778136	0.613810599804881	0.496772003773406	0.555442111775118	0.665117569918076	0.570976906577112	0.78157490397933	0.637567996700556	0.810166497142176	0.739727658249587	0.594396645799818	0.60189147236244	0.778535539223425	0.605447669367243	0.591995133089597	0.628154188490126	0.514188291816774	0.573010151291259	0.582228205372279	0.657938084043469	0.777469627780633	0.696897027283905	0.561324932119711	0.561071209683643	0.569690257052051	0.590157058624263	0.667689191471915	0.785819621598291	0.45986708089344	0.442039782173868	0.57278359538322	0.821078844797872	0.582998107753754	0.826840092127435	0.601125491976408	0.857678261184512	0.615721659037399	0.554574628251687	0.656724747293667	0.818180057362664	0.602000037267504
"SRR13358141"	0.278164339751041	0.384199027442026	0.248505772926425	0.222503066067498	0.236038959355829	0.350419951208691	0.251357585264531	0.215983390983654	0.213948111723581	0.345675493432002	0.287642039185387	0.221012903521795	0.26707952856897	0.209700208330128	0.381411944051284	0.269153233355245	0.30419400735002	0.230954248303951	0.384236463311167	0.152707482058203	0.258541166438291	0.219044455682907	0.394383364369962	0.361935895310902	0.254359719058204	0.191404937603126	0.352966331380077	0.255195662868502	0.284367896613304	0.211803094181547	0.238335769052347	0.210933896237728	0.191474705507354	0.379211314013295	0.224704938353574	0.197744020036441	0.322440855137948	0.347138395277582	0.393907081757178	0.332987115334985	0.254862351881055	0.285540332831856	0.356953214353569	0.328382030770057	0.228019887493922	0.388899289025421	0.203756063607691	0.311649972379224	0.270273155769777	0.342644631175742	0.354274418200324	0.294902145845048	0.54648655489195	0.223524774054917	0.248295388424244	0.287753019993756	0.196249603062579	0.267021641973946	0.22996525132994	0.191010939206335	0.257585755324204	0.2230592182589	0.168625859954217	0.353342579868563	0.422921805947222	0.284995638937682	0.327559026446671	0.158328027035545	0.214547443283213	0.186003008964228	0.266070417257588	0.35506397675987	0.259378503441507	0.277155693917302	0.35000860100054	0.228225020056759	0.322194966648917	0.326888358687973	0.264526820018108	0.396118123820652
"SRR13357755"	0.316038531889774	0.290149799623359	0.428406510982229	0.357757303448865	0.421579187722253	0.462473201751729	0.355764881034828	0.545492722335973	0.293987741259678	0.351347893503956	0.360512721240536	0.318480316699155	0.328764549840464	0.454218723170955	0.332692580091534	0.31741080725921	0.340396905356403	0.42468218284435	0.461165615599117	0.355386218379454	0.314707302127008	0.465898728155918	0.36311949668691	0.356588259076151	0.361897599794303	0.495795021555592	0.326168821600094	0.388216465472361	0.393365766052413	0.348418189606948	0.385728829763997	0.398078574415375	0.425430298613396	0.241043549696895	0.21610273594187	0.225579576984924	0.341676913867954	0.278634149809296	0.294053508016658	0.329024220911022	0.425244750729316	0.364256813492611	0.283006700594401	0.242208893557887	0.352342127808145	0.433393862624108	0.395851659414446	0.278093320191952	0.517101888947581	0.339684499222998	0.293454020965601	0.360865769944647	0.167636068370204	0.423434587985861	0.441939745326638	0.227442798093099	0.339997187591457	0.292544221702667	0.424852522771431	0.315062615149292	0.50040723044687	0.336220004553864	0.410615602221948	0.35558239418934	0.303699240138569	0.377493926220141	0.391122001358161	0.344681951500263	0.249787705371249	0.328936051121969	0.384363507895196	0.32546289608633	0.406118407892133	0.374453908193215	0.397907456500883	0.335840189713079	0.28114513865265	0.328188473940605	0.561793865182619	0.327612039280848
"SRR13357754"	0.248361550585844	0.196629905949131	0.441987146809869	0.196223968022156	0.391859597072067	0.321075130179011	0.31220931577836	0.414050572546915	0.252104037580047	0.2883142298963	0.25557992546639	0.34436523529567	0.265075057227392	0.37632295358096	0.275129875113255	0.33182206665144	0.367720443248479	0.470927811427297	0.395339765741662	0.292653457440846	0.313661582687362	0.398786082441295	0.330066002082254	0.297681391026046	0.296422847163535	0.432700088419672	0.306145106999756	0.348090980148655	0.348795524924243	0.352798248684151	0.361568991991816	0.249734398933965	0.366882845204345	0.211433895150567	0.235108247713512	0.226444005585389	0.242178420430528	0.213190853524682	0.278624594779782	0.243972079416893	0.423379683292938	0.370049564845834	0.285332117107987	0.226866526738345	0.284936756427553	0.323302339399865	0.346567021196492	0.189802278676808	0.376107787215228	0.414050202827009	0.247990083630759	0.249002682632675	0.168336397915292	0.38920538613005	0.37610235006506	0.195350506248283	0.242571919655551	0.353706214565617	0.339506351301808	0.138432999981271	0.420689483836379	0.267126616114423	0.316377227404199	0.377247674545	0.302862315173193	0.334866365720995	0.237724447384787	0.270442884901607	0.248316662500943	0.309353575830723	0.215566793043733	0.323472981368867	0.238300063651128	0.434423409441417	0.251639913266751	0.334031091774631	0.289815130156906	0.271669011679061	0.244432307047208	0.390898716958065
"SRR13357721"	0.781791320302883	0.82149750640792	0.857627950164498	0.839268022625324	0.76132785792153	0.814676986817963	0.889096970173794	0.74764999835414	0.711157755856408	0.698936405049422	0.78133816231831	0.882870881930064	0.776526769094824	0.855227913490353	0.753606785715529	0.897527027571594	0.74591348311937	0.864749126102236	0.758835251058218	0.791885115145775	0.741314279850723	0.776348786473662	0.730292621839858	0.806851380343757	0.750431109163363	0.762164599992039	0.752205772855139	0.821651333067122	0.800672730852164	0.74324397096056	0.725879269636877	0.819033641084856	0.761491879610945	0.770721880375944	0.715986425876016	0.740497253817929	0.792426879723639	0.786270206553157	0.748508699820526	0.730117834778136	0.847170802337183	0.648574404024023	0.729879166427496	0.789576483298667	0.782705426844166	0.783115741303226	0.805741820568276	0.810166497142176	0.819965919506181	0.819285342133416	0.697803928632514	0.805090088671111	0.693142826023983	0.765777818082436	0.792272674692431	0.757613819238665	0.770134828922966	0.732071489904496	0.800291907658566	0.777469627780633	0.798971310327478	0.785075910338155	0.814875917222206	0.692464611810357	0.770921248678489	0.814086881470406	0.785819621598291	0.726282324479238	0.727811920230865	0.863634900090631	0.821078844797872	0.696747955470241	0.826840092127435	0.729550481520617	0.857678261184512	0.740749312248738	0.708269783189917	0.78999849769094	0.840025607562413	0.752505394535243
"SRR13357720"	0.781791320302883	0.82149750640792	0.857627950164498	0.839268022625324	0.76132785792153	0.814676986817963	0.884779397736308	0.74764999835414	0.711157755856408	0.698936405049422	0.78133816231831	0.884927520575557	0.776526769094824	0.822962592852654	0.753606785715529	0.897527027571594	0.746512141758842	0.864749126102236	0.758835251058218	0.791885115145775	0.741314279850723	0.776348786473662	0.730292621839858	0.806851380343757	0.741203731894247	0.749853768624435	0.752205772855139	0.821651333067122	0.800672730852164	0.74324397096056	0.725879269636877	0.819033641084856	0.761491879610945	0.770721880375944	0.715986425876016	0.740497253817929	0.792426879723639	0.786270206553157	0.748508699820526	0.730117834778136	0.847170802337183	0.648574404024023	0.70051700570101	0.789576483298667	0.782705426844166	0.783115741303226	0.805741820568276	0.810166497142176	0.819965919506181	0.819285342133416	0.697803928632514	0.805090088671111	0.693142826023983	0.765777818082436	0.792272674692431	0.757613819238665	0.770134828922966	0.732071489904496	0.800291907658566	0.777469627780633	0.798971310327478	0.785075910338155	0.814875917222206	0.697661739858366	0.770921248678489	0.814086881470406	0.785819621598291	0.726282324479238	0.727811920230865	0.854799878088151	0.821078844797872	0.71594180495916	0.826840092127435	0.729550481520617	0.857678261184512	0.740749312248738	0.708269783189917	0.78999849769094	0.761766839960993	0.752505394535243
"SRR13357719"	0.875357535891951	0.936780183911694	0.60275989175405	0.915675988901296	0.871138184155667	0.92668912770708	0.77625425348909	0.928706493862621	0.853216969023121	0.857498849995069	0.882082290262609	0.700118994399733	0.85044490649113	0.750691189003761	0.904906907310377	0.742448004429589	0.870851709509697	0.743811444015096	0.936162496563304	0.756673011672189	0.863688630665519	0.889864924147884	0.914902714459668	0.887210618080062	0.804262986914014	0.899498564564143	0.868242680437083	0.835905071763232	0.65421634551856	0.766486455490092	0.689571752059835	0.89523139658494	0.904799836329712	0.878152882278785	0.894368987107431	0.629070322223899	0.864256074456471	0.857430425145663	0.873475428106557	0.872893991404439	0.710297272939609	0.764175419005244	0.853344255671332	0.798475148146883	0.765056321386371	0.872996825933032	0.807935569054203	0.959991477008776	0.883836075330335	0.743656677165488	0.848647568768688	0.827524207054704	0.809240401670783	0.887436227403895	0.860547789455094	0.907364284595812	0.768838411467829	0.773168362389947	0.897653090791828	0.897921029841593	0.926478465362994	0.828818045733371	0.715532757390073	0.849860665641835	0.647910398078754	0.887495075438591	0.925140700926407	0.70532253141993	0.730264608684365	0.915212515528138	0.937254772147341	0.808527222173327	0.937429558373364	0.821843907439262	0.948157534648407	0.887338479776309	0.852192909363943	0.911093731290974	0.883293652688275	0.864628106659897
"SRR13357718"	0.894867990153349	0.937372897788598	0.674785836981534	0.924469660086632	0.896515007150689	0.928830151441788	0.794997785493232	0.935236561551601	0.86666390396628	0.873149229328943	0.892912120599729	0.737290417578932	0.877999081375287	0.789037128438889	0.920168457388376	0.803616113804441	0.884815857861751	0.752768509260113	0.942920220775105	0.807581102540782	0.880292401364004	0.904647173399608	0.92661982846615	0.900536790950435	0.83466914447626	0.916044221107805	0.885667899460045	0.860237566657316	0.701546614584055	0.778329661547349	0.750588510604297	0.897020656706018	0.917920997716904	0.889938620435786	0.905109233342869	0.707990087882029	0.888462476480892	0.879376252208095	0.895233253133251	0.890422408342289	0.768423878278787	0.799213101498518	0.870793074408715	0.843130513111428	0.814232055441121	0.894687690315442	0.834589809423276	0.961949969849581	0.893532197934993	0.800479239915838	0.867445218293777	0.855419301761775	0.829305994401225	0.904649126685558	0.882336068978135	0.921347414644656	0.814178989782009	0.807053461463288	0.911567406774876	0.900452641984853	0.935507173760415	0.870124385978404	0.782158660461012	0.872925623395711	0.7000540473359	0.906518310827291	0.92764524755086	0.77071980062981	0.792374989635045	0.920785571773057	0.939321597169535	0.841224514035773	0.939427783256771	0.846220604936778	0.949783500760891	0.893718848313745	0.875543801276477	0.925317297021294	0.908447469039487	0.887147617551827
"SRR13357713"	0.699375077700174	0.343969127991521	0.502833400655032	0.378540395457431	0.474757312063703	0.457387602276579	0.405040356627046	0.167613625758476	0.282129778193652	0.507106795524234	0.406434645302325	0.57761215745191	0.468775428247963	0.329285068146869	0.560146577110536	0.563713582032935	0.343886866309145	0.52888790156616	0.652906200634114	0.184439064375361	0.316982389272952	0.474465857296343	0.555987271290609	0.598119583360423	0.317518721324877	0.320100911307813	0.454534236092113	0.470672370161691	0.498073624080237	0.320126537184712	0.38973457959361	0.280719922264265	0.37088809851799	0.390669836042011	0.41140680047052	0.310977681294697	0.532528524052081	0.474690227344979	0.571120701096698	0.448662813477134	0.509334469290612	0.428498689125826	0.494134023673833	0.399823466727305	0.420511510116483	0.522923218151293	0.499279481685741	0.592754192475548	0.444319789325522	0.650912795420403	0.314913666135854	0.439213640792173	0.716187708235888	0.452523136110964	0.505851648668354	0.318436788565434	0.33933911360727	0.328858040974455	0.469950181214798	0.279205784854506	0.429603987595071	0.428556528779476	0.282524794251277	0.550556081415227	0.394822838273311	0.611889581352835	0.458674964045204	0.2612380498116	0.394619157388267	0.420016873035165	0.393120089746339	0.411526948020635	0.365089163850153	0.486042030223731	0.566796696738796	0.367954619096783	0.514613564884076	0.555590971158093	0.212160551543185	0.6494787963174
"SRR13357712"	0.831764025360012	0.848376866301272	0.713085940098665	0.831322170706779	0.735923413849874	0.84813576121344	0.816766324892423	0.792941302042149	0.727012556296632	0.714015551991101	0.789866493557583	0.788945655931038	0.802916710625957	0.77294173698705	0.761692257349032	0.795742869654868	0.705942541972246	0.77266905603494	0.801680440238345	0.705998741830328	0.743328653995888	0.7778165709053	0.758987767282252	0.803524421723342	0.768855326481043	0.763325244062778	0.750015123687863	0.785516209162377	0.681853216737315	0.701071747287369	0.626063555265613	0.839408767496118	0.774227871535646	0.766375105774381	0.747889009710542	0.659365457512953	0.840396179996633	0.804633364975037	0.736295021827115	0.79322441423196	0.734457043564064	0.61886437508554	0.715974316555938	0.750814986488856	0.70095860626835	0.833840637733857	0.764933073098414	0.863233466708062	0.800632225846549	0.720904944497389	0.703682061874887	0.828910494830955	0.689914626220432	0.756508051879476	0.76912191477849	0.769033240950735	0.697121956058608	0.68718219894678	0.798812282537224	0.811568395215666	0.817275656034717	0.717239943212895	0.70057369401286	0.699807634931796	0.674784712930319	0.794876907442893	0.828512956343769	0.619655840348774	0.656044513700522	0.85345703963147	0.857066141807528	0.685372786433404	0.86086914071684	0.70582347769194	0.885717888187361	0.739493804977535	0.695442320908804	0.791811931686454	0.8774013303815	0.65226359684226
"SRR13357711"	0.900014493894934	0.907275296414382	0.70495789257713	0.884060363533259	0.83622784333069	0.89710065324644	0.820118010081087	0.885124396632686	0.81025237526663	0.817809499998773	0.851465792635137	0.783361726757265	0.878353045134566	0.809716868828131	0.863216508116475	0.80525932641039	0.808629773510846	0.789033183643991	0.894617686538943	0.765513201773913	0.826075753833006	0.855986183887607	0.867763184829043	0.861891028559898	0.839504747559268	0.860351815468794	0.832407727229151	0.829080142455812	0.680509230618267	0.75611315452162	0.697904582173201	0.872339620173825	0.865131299009651	0.845034200275385	0.846058928046092	0.698582139603966	0.905465531160942	0.87074346268655	0.835124634450702	0.880197044237506	0.760645855012045	0.723908219137545	0.803576154038427	0.804615964119939	0.767483682385339	0.903431466725976	0.805094264761903	0.928938964235097	0.852490369236073	0.768027652912335	0.802606836970294	0.880709596688922	0.771164908218127	0.850906523415776	0.837185459484723	0.866409194537243	0.767212863086682	0.756584646675787	0.868281054144586	0.864077031249166	0.892852868082685	0.810775615656626	0.748756456210221	0.811464396846343	0.690718767507846	0.863491127552811	0.889652638260964	0.707646774208586	0.735335520378442	0.898478916031803	0.907943001523475	0.777267249902089	0.909263392996424	0.787068802339102	0.925244951849031	0.844810004852243	0.804176550681574	0.876850029064711	0.927179677814114	0.766914343075297
"SRR13357710"	0.76499974468247	0.74455290622015	0.667323422078403	0.720882897722811	0.610860190270038	0.77064940865489	0.743021729298423	0.671371431616166	0.644075464904918	0.622465679671991	0.681468372162065	0.747161579521938	0.712472656308393	0.656621908615519	0.653245511858212	0.739376669967257	0.655816912204904	0.712011288869501	0.687313254654276	0.592220975550681	0.671942789164045	0.652860831529323	0.643414086047195	0.723866081869738	0.682661988041128	0.622952716193484	0.665966207454776	0.711964406387257	0.641451393681121	0.639378946040039	0.534164585310804	0.763934814023979	0.651612353718824	0.674252723343404	0.652388077268235	0.621597683694572	0.747412299248435	0.718338015495186	0.640110033694588	0.686438763563658	0.66935500649786	0.53237530942204	0.628399268177065	0.688682095065865	0.59853916978114	0.740704050101256	0.67465559063741	0.770054001324282	0.710896656002064	0.676956662736893	0.612688646007857	0.743806302225817	0.639690673970328	0.631550489300711	0.656541242465952	0.664440711927228	0.580685841327501	0.643107528835964	0.69045661807173	0.681960215304722	0.704913368857202	0.593960671205407	0.587200575374301	0.606909247646691	0.638791810397605	0.69980186175844	0.730733268482678	0.487567201850701	0.572166447988468	0.758039378362957	0.756067485411262	0.615503870015097	0.766427064183041	0.651078517346835	0.811092085685029	0.632386841851092	0.587529677250757	0.678510441619173	0.71007817810975	0.600947204998654
"SRR13357706"	0.209770040655994	0.130604177417061	0.24054271856539	0.193690236529186	0.238807879903155	0.0988953320349212	0.241950023034823	0.0771095273440696	0.0709418763086186	0.169097886712722	0.146620744486949	0.165170128001869	0.199405110177153	0.317995071607789	0.11466563168764	0.211131029723941	0.0718896123277451	0.302632352059244	0.15129974546533	0.250507522734013	0.0821799654818619	0.191011923160547	0.13168537909124	0.138677234205337	0.111822969223975	0.212799300094196	0.151600217381427	0.0978906092779461	0.300942971813341	0.125978449013911	0.311106930945448	0.145942929900893	0.133668263435726	0.155646128147054	0.0968979170315696	0.0866799277271417	0.182273996980888	0.169644236818925	0.129060569661862	0.155433559831839	0.196424668491583	0.229018584152319	0.149549217479811	0.0579257628300327	0.181611442231833	0.227311782075085	0.184150978507259	0.154069537957257	0.136426846273498	0.200906106914293	0.152711327966971	0.125703389752323	0.0591768612653814	0.215154112243068	0.170526357514053	0.114769088688037	0.154633133127684	0.0751071337254714	0.189113578836527	0.159484311693171	0.145579415892862	0.255657139642588	0.240586993922995	0.124439855199131	0.352568507025018	0.152176201944023	0.177183223054317	0.243193418189541	0.209154606299989	0.16946003370998	0.155409849094691	0.0790454538666631	0.152044643023973	0.127974151291448	0.178104711217849	0.166850222127789	0.148943454173733	0.136996154753577	0.150833942579734	0.185228281450506
"SRR13357705"	0.258328377331251	0.151629550860415	0.388835580029073	0.49651786178014	0.404450940938198	0.287386566192613	0.351426524223965	0.26031488155128	0.257538034909172	0.248110017909144	0.278980126930288	0.340415717520924	0.462239351844608	0.582695487617264	0.191787103543766	0.366921375050301	0.313274202489804	0.492210739700155	0.223650976020128	0.538424997515405	0.306809226257311	0.365659647081318	0.194498106419387	0.256795194326888	0.309385411009544	0.486913256616294	0.220966999844441	0.248367069732601	0.499798440163566	0.391961315073458	0.464782265575034	0.550465127768314	0.370054216115092	0.184629067293705	0.275437115084961	0.212567074833754	0.386352586240482	0.283582529725887	0.200431691401602	0.302226757416405	0.341128437534253	0.335205340509682	0.197275730655794	0.188805097460067	0.349868136161471	0.420481450343289	0.364670246805238	0.368138207174141	0.269649729550093	0.289456039777803	0.216221487463876	0.307063681551535	0.0826157456058445	0.396047711759676	0.291653692068704	0.191927334906989	0.332820258941255	0.279665025620277	0.434770446853392	0.450195230883473	0.348372122143835	0.473619709847201	0.50699903079352	0.164742826859504	0.355029438776787	0.272714650140348	0.428155097523526	0.445996988791531	0.355209919401922	0.340579063284227	0.429114027527224	0.16803211460096	0.46335588720341	0.276907970376142	0.414963714375213	0.359955785243921	0.218399553753551	0.240956724602331	0.400960476572981	0.222943053116469
"SRR13357700"	0.781791320302883	0.583751785829359	0.579537146270505	0.78793187871873	0.592414687279763	0.814676986817963	0.629724652362949	0.518314600137954	0.646094076172273	0.584810277132764	0.714497940785383	0.694103487233457	0.729499878560385	0.652651471913445	0.638550374911792	0.63831241594833	0.628964953002874	0.665772331097095	0.709566544237083	0.566847074273812	0.649530159122651	0.682566576287767	0.64116177920014	0.732200190599868	0.675065259764667	0.641490395074526	0.582261191889359	0.706440062029264	0.635031906822109	0.610078804646156	0.474026919949128	0.819033641084856	0.670047216547115	0.497883514479545	0.654022510098469	0.46959129135505	0.792426879723639	0.683007042923042	0.607143893921977	0.730117834778136	0.598356822425674	0.488668003690885	0.607801620222565	0.590107898694938	0.558294254000979	0.773391772408096	0.687750306634786	0.81016649714218	0.687970945111486	0.58021306779948	0.440286183196405	0.786549907902519	0.597808881089272	0.631761754754138	0.670301271888667	0.529902608789999	0.561371758613699	0.577963264924228	0.691548077205367	0.777469627780633	0.73316037066117	0.547898580947981	0.545234656761887	0.566314285717081	0.419528741634395	0.693963249941559	0.785819621598291	0.445274345823115	0.464150525472224	0.767963376384966	0.821078844797872	0.44746601489888	0.826840092127435	0.606750533774058	0.857678261184512	0.564544554844561	0.570545546133994	0.68318322952902	0.793374937345979	0.573869950373633
"SRR13357699"	0.781791320302883	0.800326567813512	0.658849226453599	0.800644500047557	0.634997619774333	0.814676986817963	0.784639180633298	0.716933928334677	0.661574272739775	0.636000732621819	0.640017522863146	0.751185027112227	0.740784676156809	0.709444353602214	0.66698993678503	0.742955412410597	0.66649406109306	0.722286025296951	0.721345614291842	0.539332207412666	0.671868821830431	0.70705861466314	0.662729031110994	0.750775310859463	0.693652980287808	0.671529652763556	0.67663078064077	0.736271284649799	0.678132627884219	0.64298674995308	0.535566196986698	0.819033641084856	0.692509872843371	0.694374719065576	0.66876479853678	0.542225425708494	0.792426879723639	0.744395981912616	0.642263135390666	0.730117834778136	0.667993379852319	0.526269286755269	0.613787845325061	0.645960887216627	0.616270709817023	0.781866307733669	0.717962629152554	0.810166497142176	0.778856907921295	0.644582797263632	0.620879079685059	0.786081204015854	0.622738031354371	0.665356240791012	0.701286026501242	0.603506517994774	0.614630136000919	0.615949069114232	0.734443863608359	0.777469627780633	0.749348965489179	0.609332990592182	0.617481978109689	0.599865031854121	0.628276019226543	0.72496285440692	0.785819621598291	0.513410383695773	0.485010433698182	0.732846514782212	0.821078844797872	0.572345326201725	0.826840092127435	0.63678575240911	0.857678261184512	0.641204578986317	0.603953067709479	0.71006605454764	0.823962134179522	0.648778514171905
"SRR13357698"	0.781791320302883	0.783422314337115	0.59251160109468	0.792572723873545	0.607932827181957	0.814676986817963	0.719684281273728	0.71085395136085	0.651700952110258	0.623422294760473	0.675404739277561	0.687882207745128	0.73359533733759	0.584104121889009	0.648907220652659	0.694861030204711	0.636882848873466	0.627903302407412	0.713838219022737	0.538647034840539	0.657649230233819	0.69256992586042	0.648992681411672	0.738983216086631	0.684420119148633	0.636642393868195	0.660987648892804	0.717398092269626	0.650833550959778	0.595298964964661	0.496174355816744	0.819033641084856	0.678225564106327	0.666611015157579	0.659362480982046	0.540753731237471	0.792426879723639	0.739974462258296	0.619928732165544	0.730117834778136	0.612435199611765	0.502203704071968	0.583338546624289	0.642669792115927	0.579424739654721	0.781628541309321	0.698823754659415	0.810166497142176	0.762398373438591	0.603156023396327	0.60541003701044	0.785368365913976	0.608650284561275	0.6379879859887	0.681638912051955	0.619950015224687	0.580764860514496	0.591761725299896	0.720489666232505	0.777469627780633	0.739060598390506	0.570273174097947	0.571616113095909	0.578472367756819	0.597267575444177	0.705340682367805	0.785819621598291	0.469685893795554	0.485676873905163	0.721024886871568	0.821078844797872	0.550775161678332	0.826840092127435	0.617663261503879	0.857678261184512	0.58720894500732	0.582656041843655	0.69300956923659	0.746047599632835	0.626930979386545
"SRR13357697"	0.889635179768715	0.912152554771535	0.666542520499454	0.916155141381809	0.85153183478301	0.891589685287482	0.74492452522033	0.785368114550075	0.736174561664091	0.863164444295673	0.7657770880914	0.731211103558759	0.832827315541696	0.680129150593625	0.907043564811527	0.787084167315278	0.617968998231825	0.708395882881419	0.923145744551497	0.658647073508092	0.725354641724944	0.84264131894243	0.910233918707933	0.888223226594996	0.705512846366423	0.81245402562238	0.85508612183245	0.796713435229619	0.702851789103952	0.586958393211819	0.736252633338015	0.809241810760543	0.822363522362814	0.867644874769163	0.80862619003335	0.59925834010102	0.88061374787206	0.866759383964036	0.886979295958896	0.872635022274265	0.756187211415009	0.760476900275191	0.799149934929134	0.685475790556958	0.801769390859364	0.881473324170492	0.779229224390164	0.952721193484906	0.838123056874598	0.790964945335894	0.825454633711983	0.830262258658904	0.814478151392231	0.851762944109803	0.853766159143888	0.860127273984943	0.805090685289984	0.575397480902222	0.840489429228056	0.891438500207185	0.879600299664101	0.855293876417225	0.752830448326201	0.862871480762997	0.697047376794202	0.885948101262951	0.905729326423603	0.753871534833889	0.69287230323669	0.794628367836962	0.923009535640467	0.723469494814376	0.910940240094299	0.736476338043908	0.943936404603178	0.816801620127199	0.85124133287936	0.905914932206286	0.785327884467782	0.866652580570309
"SRR13357692"	0.480481200893159	0.617347766027386	0.801599323271337	0.783788817821202	0.600419482985687	0.62833141326381	0.735861777776485	0.337263101335981	0.305490159283493	0.578242471016494	0.609044448104756	0.797327161302092	0.517552721270466	0.687773712601172	0.67691484648793	0.796731715182285	0.192821654096663	0.826080299470695	0.619875763024842	0.68866253230101	0.313274025515093	0.577913142496514	0.649388558777979	0.699474150068414	0.418017874853622	0.442280690814781	0.519891784685137	0.610267086740272	0.719905941505349	0.368577629383514	0.674312411509338	0.520732902597144	0.413958904899448	0.572150620511674	0.33470367717514	0.509069390450781	0.662723756229315	0.598217463092547	0.674200159266488	0.606687247758104	0.784579191167009	0.522788519522158	0.477313059442282	0.454363935777812	0.70320128256802	0.681424157708523	0.627269339314142	0.623988607363432	0.709010987581582	0.692580043440786	0.460036289229258	0.677277254810468	0.545747289770751	0.589361283187153	0.698116055538582	0.622721630068251	0.718179908547127	0.248987297958876	0.521651474580126	0.739988020964333	0.573750536757638	0.693817418835855	0.762960715500289	0.593111772735885	0.546164099507421	0.665621682713353	0.647421340197388	0.703070573489966	0.541005414408231	0.655879237301293	0.72390196605681	0.339691700574417	0.678333238925023	0.358056006498194	0.77441624387693	0.517242818699423	0.624566533033255	0.708456016622287	0.479558908342451	0.539255996275231
"SRR13357691"	0.781791320302883	0.792684782308387	0.54852726863875	0.784388074130537	0.54185200688399	0.735980796817911	0.735715704772767	0.400608531103748	0.412177576589928	0.613270299082336	0.661093946803329	0.684887566620124	0.641920484144083	0.572944600109047	0.63417161054127	0.664430993900004	0.249372333894515	0.656767061176301	0.707765555233384	0.440900686283058	0.361326031648247	0.617080752011119	0.637857836540727	0.729325090154175	0.532456910082824	0.459351021163493	0.60866466009105	0.608459196161322	0.628321176825717	0.366952796720122	0.464772421180103	0.659891723050878	0.489042447464681	0.66529636641868	0.469575390804337	0.467619739041065	0.783146975368702	0.733700825527318	0.60174194429385	0.70755103841811	0.587423211686969	0.447521944512852	0.604114402249215	0.470288962097118	0.549372807899098	0.762599701095653	0.645772143416897	0.800842535605721	0.70489400282472	0.570206889007488	0.531316910664136	0.750637943305982	0.597283775141273	0.564597807955607	0.66549027148609	0.600994319974393	0.553186388375758	0.259353538739986	0.603987426627605	0.777469627780633	0.617204174768734	0.538460351723925	0.498396047101727	0.561195331895178	0.571957091124933	0.689123777892416	0.748514183218125	0.435117063341406	0.478120941881034	0.721606320181656	0.794534846044992	0.388303703697542	0.764729310152588	0.429416667232597	0.857678261184512	0.486636940651181	0.565445146547961	0.679016217756322	0.761087835398304	0.609124825093306
"SRR13357690"	0.886685118439963	0.949185121116138	0.720378195317099	0.93334012633582	0.905556888789615	0.909018818259039	0.841076070880122	0.862109698154924	0.779751674018494	0.890614153045618	0.863461675762844	0.802107788640297	0.836581552317925	0.798751970807207	0.935197038996168	0.840277534568915	0.666176163998677	0.827408408490133	0.952531938829068	0.759209058004378	0.774487229206428	0.901055544565605	0.940059761813082	0.913328932998473	0.729680122609421	0.88463542545437	0.889942773349998	0.83788399203686	0.726129256393341	0.678420433889644	0.790498594898713	0.824756922574858	0.883780547992637	0.911004019646162	0.862226987780627	0.675356828633838	0.870081654717403	0.877788281002711	0.914333587996247	0.877836163391667	0.813163749149164	0.812478860185851	0.869825298356302	0.776153788221237	0.846026022201954	0.875994171996916	0.836032973054083	0.9656875980243	0.87325439624545	0.83461705608928	0.865174004585101	0.818122994080472	0.849206806798601	0.908476008379307	0.900160223354552	0.915660389225414	0.844583133104073	0.632255056970427	0.894620606691448	0.907618679236262	0.920382495216804	0.897973349100881	0.803223279720807	0.901880871427301	0.72986443993287	0.922171493278363	0.923695209327298	0.8132859621639	0.800600040024058	0.906595140870207	0.937571193950067	0.809449573819113	0.926789723492138	0.789838432500701	0.954315929350866	0.892822619168101	0.896934351275892	0.938858389113557	0.84960302303228	0.906647647181392
"SRR13357689"	0.916228643082402	0.957652766141313	0.809234228412576	0.952750681697159	0.936317329500104	0.919960553848626	0.864372485559461	0.820346376995475	0.790329278056091	0.934010191045797	0.873591877671419	0.854656146101997	0.870956163457048	0.85067821585622	0.966518670056432	0.887109293464955	0.639213995984395	0.879884493206189	0.971093375435413	0.781557549687808	0.771390762761484	0.910785051050918	0.965924697102403	0.941195335000831	0.732671711259896	0.893025005042614	0.920712101121111	0.855460661230165	0.774126160887234	0.695568565670879	0.865384094377405	0.794569777082364	0.89306075436371	0.939315986099334	0.867255993742602	0.676714217971141	0.900859600973439	0.911709280221104	0.953453397420261	0.908484225936718	0.877304909492996	0.87009806499028	0.896989772907098	0.795833433645497	0.911226101136477	0.90543504703988	0.844589165346815	0.978828976172137	0.874159641885269	0.894880200392825	0.901812007233374	0.841201300398846	0.917889229593016	0.931868661196242	0.92291706817799	0.93552750196025	0.90813307865325	0.620893064096776	0.909830020587811	0.925525798158658	0.929262589607895	0.951314073320149	0.869959194017967	0.940755233641905	0.788973180640044	0.949403026437755	0.944716986062435	0.889529034824484	0.851368941148292	0.889919819822768	0.949659576543271	0.849550160906093	0.935043241190577	0.805820191761388	0.965169260920091	0.927462443698137	0.932757913289561	0.959496529238739	0.843225265261237	0.939358174575849
"SRR13357685"	0.216417028099611	0.30164130390991	0.286455348947935	0.193717643698011	0.289937129010987	0.31965671621506	0.269716912845712	0.608296968374637	0.200032507238432	0.243705687796409	0.272744025242394	0.188700074266969	0.209015126560279	0.28562408913246	0.199537639489808	0.176482540310117	0.220122214812455	0.34685142607223	0.330018500950453	0.265034342794195	0.21721301462548	0.340272508463574	0.259087717215064	0.223319775221336	0.277841074582816	0.365952038095024	0.251546862000847	0.251591878288104	0.252406590020114	0.255186010747382	0.256906166637213	0.257329543107227	0.295785420819072	0.21975563048208	0.149378963170516	0.12889387620536	0.222868338747247	0.190834647688726	0.181275513505685	0.241042331973655	0.27295856970576	0.278125207004921	0.216541046252345	0.120117328945817	0.191870251408828	0.326477380875038	0.261315290288566	0.153797180343353	0.429590856165397	0.217981560359285	0.271709016630496	0.243963324221894	0.0841562216444248	0.307449016104663	0.30766369766607	0.237887102295568	0.181312511783763	0.201809643797188	0.282961180833626	0.172246975522276	0.376830868750577	0.170351994043847	0.231221830575844	0.262445105330917	0.249734016644269	0.230058217776256	0.238267331681607	0.199498449120027	0.153223440119837	0.298627582343644	0.235323583719038	0.236682291386312	0.256681334348806	0.29271876094646	0.246295085400398	0.289112396779202	0.196896705905581	0.200957423557859	0.319937591878284	0.256605015711784
"SRR13357684"	0.282265464937944	0.308077156168995	0.525581467121094	0.315872890885468	0.432210023722057	0.39966372637148	0.441457792563606	0.530829580639987	0.263268247583663	0.320878313029855	0.380471820332066	0.391874511667101	0.295688025274159	0.473632914114296	0.296891456584437	0.372660892974547	0.261700539083082	0.559590989989749	0.412961093714445	0.464153764978838	0.294960076393676	0.453880961966379	0.343023975262954	0.326995117659563	0.348522769763121	0.487930948801133	0.338459131062132	0.384800887336062	0.407985920190875	0.366853319197226	0.425373522751552	0.343293318250815	0.403708349129438	0.267692125351561	0.202094982100533	0.227356449645513	0.295599033505485	0.265522704570918	0.275607209043209	0.289907888699906	0.49145551955082	0.385688058718549	0.295566615278018	0.196689987912888	0.356461027658255	0.391221315287196	0.396544754997454	0.219514774224009	0.462409691864975	0.385015740138167	0.305279114148585	0.324703235610317	0.120605066253085	0.437912488441863	0.445221814899704	0.281920150079581	0.338317874617425	0.287640225755775	0.385588642124421	0.255421490862677	0.485037807365433	0.332940203359411	0.447683843348255	0.369995903803696	0.358798373782286	0.36186732251019	0.315141675528891	0.378917965264893	0.279490362925429	0.431732694381489	0.325191915881852	0.301269157041288	0.347534978733611	0.391441540195084	0.338771705320814	0.380794683268646	0.284780055054269	0.304186095867137	0.389521115991136	0.353564222340121
"SRR13357683"	0.212525649140966	0.350648420829557	0.53967972222049	0.36914113722104	0.397280236160817	0.349734117079617	0.495696873961476	0.267912662427071	0.152111401904028	0.323323584478689	0.377681461403388	0.414591597587125	0.243981584797219	0.456319270667563	0.337265469134198	0.416315877655521	0.106179088964624	0.592875100749493	0.401201829416721	0.459093121377959	0.166571221482828	0.391367782025292	0.366332722735025	0.349998842880039	0.251564017576424	0.354936496692328	0.329786967934244	0.329558906621939	0.431557051440762	0.231016324063756	0.450629585694642	0.246710451760306	0.273137996591142	0.302822751372942	0.133792978478898	0.211286767269833	0.308831748377487	0.293578026918975	0.317761594161076	0.291853114094207	0.517808568125957	0.366425761300952	0.299677152631587	0.156288392902223	0.38593421128729	0.395974575568323	0.363084405591344	0.223955754506578	0.426855885061659	0.392005235890581	0.282505639200867	0.324512372976832	0.146975788496754	0.390870693423393	0.451879255480427	0.286671744804975	0.379503576131157	0.140104614808903	0.293822969825075	0.314374765560821	0.394415359415757	0.360250909993126	0.474074422443604	0.369257301485712	0.403619216988625	0.358967596246173	0.313189613695563	0.424687464825309	0.288169112615893	0.403154619603755	0.344252246647496	0.201071024183095	0.328059962677071	0.258019268898576	0.375844090431675	0.306601042525582	0.313912752760709	0.34658916665116	0.357296972384669	0.343761513518076
"SRR13357681"	0.168568958747049	0.217499123997959	0.335008939698122	0.387846066320848	0.323200051146672	0.180692174140555	0.374620243624687	0.132725558722948	0.118188464517999	0.223703806119702	0.239733201390499	0.278844211272809	0.301304361811617	0.465914404644722	0.224867816245471	0.365324376923536	0.110649919122464	0.432036769117223	0.195278151643135	0.426884868625682	0.184813063849532	0.277192227557693	0.197892792609432	0.224749904343574	0.181995995423916	0.315994992048732	0.20164307277078	0.170855023227982	0.428563258841469	0.217466337826393	0.411203900906746	0.303070761913649	0.212276536667127	0.231885307398901	0.183901265630173	0.171608311745074	0.292058685338521	0.255197907543104	0.24196438315497	0.234888531987475	0.290402364664908	0.280015458022337	0.195674362927177	0.156857939527339	0.285174069987795	0.337240620385784	0.276395502906759	0.255981328884631	0.200061404313692	0.266292410740319	0.205288915143856	0.221354094431554	0.140746129196917	0.303860130454421	0.251567528357836	0.190988404353764	0.268966177548809	0.149793894107431	0.290051348841868	0.343973813894371	0.231365782927628	0.385137074871623	0.407604116215988	0.159813297128734	0.415622892883941	0.218616546109759	0.30710776752212	0.382293999414418	0.298662869807945	0.275337484162849	0.307687764518546	0.114639178235656	0.305298323889029	0.160679663983877	0.317878727364415	0.245486731691909	0.243296551342168	0.310326866392301	0.293056647515759	0.230788067532947
"SRR13357679"	0.117981922725642	0.473052037175009	0.418563677708188	0.366333054661887	0.394272588962646	0.439039315721644	0.504273903888747	0.531066104091152	0.289454810523276	0.328566196971321	0.471557891611307	0.292634882622842	0.280227985414789	0.461019440736483	0.323129696232988	0.332525605466701	0.270282857983139	0.433659281486402	0.422779182599472	0.507903418429269	0.297173467919013	0.445486154271678	0.339951780962647	0.316905109948376	0.363119836582139	0.474611914854935	0.379060330225936	0.376679665859667	0.377478505093494	0.307013869064803	0.382387716922587	0.394439019042498	0.387091315946944	0.340478850029154	0.182268879100992	0.192542274175018	0.320177553532497	0.328433620556062	0.271502018297606	0.355997491629176	0.413183001763162	0.346038694355823	0.310627405798229	0.170291559135705	0.323769773330717	0.421233250511571	0.374539264858314	0.228847796387457	0.512990538304082	0.293606863656654	0.358382196375964	0.38856118320298	0.119667146919636	0.406003035746741	0.434194696084371	0.314339559744712	0.329129112243313	0.23375789864058	0.366310563653495	0.337326097374128	0.495698695079048	0.373932869030774	0.427711853254	0.32538893615738	0.462555393871587	0.386346254967347	0.356459356735641	0.359635782726356	0.246876775405586	0.459765718684509	0.389834899900736	0.252602644733589	0.410031025856296	0.324792626035228	0.424333556824524	0.309917697341767	0.261701808937692	0.366983035855675	0.539525979132582	0.320799165065234
"SRR13357678"	0.295604679758319	0.594310594109732	0.61835633790347	0.721979151323354	0.552703831375364	0.695515685171821	0.66807833669475	0.652449259984639	0.4591839647715	0.474435636029323	0.666103424770385	0.544275932712617	0.50868093044781	0.687559851913957	0.488193793034205	0.53091657258953	0.355501515856054	0.644943857586883	0.560279309114415	0.711483278332072	0.415342251803375	0.623700870405767	0.485820694411453	0.537619535839217	0.553090494011516	0.629133294938374	0.487127429502244	0.569896935045124	0.585034461639016	0.451466842611811	0.536484071451374	0.699918815064305	0.564865413585702	0.437519037548826	0.297787988165524	0.35521055559881	0.596898870881547	0.524151335690876	0.405176858892482	0.578381715760448	0.611724705687516	0.447284735615647	0.418744220053447	0.304399592089359	0.547997115712511	0.652858029001851	0.588202308960239	0.516880432488187	0.720965563909856	0.414941885852903	0.445300118208312	0.661820186978749	0.179906951167628	0.576921415990358	0.633613090023095	0.484984769699035	0.585845967175953	0.296235863513059	0.574241550953475	0.716313010526827	0.674681804297697	0.522753184375768	0.674229234620674	0.433691017165173	0.476889396404313	0.535773523112242	0.64523505064392	0.576800246028022	0.403602649917815	0.681331012286333	0.723111862222969	0.320524802566542	0.729913855987758	0.412654497970734	0.711990664846796	0.473496994359892	0.380538797468072	0.547987701075217	0.797700860086211	0.384260722426707
"SRR13357677"	0.189779415587873	0.301935547050441	0.381706111653404	0.265652302620692	0.371875923446014	0.398179140944944	0.36817858397042	0.460103399007109	0.309092225179089	0.311157325000384	0.407148201077769	0.301451703885908	0.294612826781612	0.427907906416694	0.309564106884295	0.2823177742304	0.335615178959004	0.44006572647037	0.414679012766209	0.36951360144696	0.319817368218845	0.413385235559597	0.331888321731464	0.312520954880963	0.356949396153803	0.437886323492115	0.335974985018894	0.345696203976742	0.341245428515028	0.340331285267954	0.324679647736196	0.33436897321915	0.377997937611542	0.255885906137721	0.219775932835525	0.18594427469182	0.308678220464797	0.279276300534236	0.268002963536873	0.338020730008602	0.374280944655848	0.343482556806136	0.338606535549998	0.174213025541006	0.27142852951493	0.390551477965112	0.354282450307371	0.248032169028869	0.433535547601399	0.330629204035903	0.287261257646027	0.345280829162551	0.161860991646673	0.385532425737156	0.385815334196584	0.273974513918616	0.247907156474531	0.279130476906519	0.357832703571524	0.220794044506499	0.449248158764648	0.250989047778559	0.300476365518568	0.337024237209203	0.330596285267172	0.334871606172429	0.312170157901022	0.254109844110181	0.246884480099651	0.451304777174373	0.3056172893068	0.284819231547594	0.329539617318583	0.396577931499179	0.340058094752065	0.334031242436737	0.256006224547026	0.339075875013924	0.399618936609291	0.362394617814064
"SRR13357676"	0.212563616271779	0.402787474365707	0.512209473549064	0.282611125123556	0.446457251768371	0.395871377654958	0.525996145911519	0.474460773469282	0.343290171376403	0.360143690679557	0.353674823073659	0.423381747583899	0.324130425883186	0.514072150946165	0.368857898481241	0.445736786409951	0.407316807593277	0.544351416315641	0.446473281958369	0.383756946920526	0.38171300472007	0.457114338898373	0.381479656645712	0.360420372677373	0.366153327516809	0.487088121053448	0.425908541808879	0.413178813145415	0.416630039070746	0.406051744979823	0.415909637559789	0.328981990898427	0.423437741941453	0.364970164759729	0.268037614675275	0.239464228799348	0.311956170499926	0.332730313429373	0.342130189890613	0.339031256122973	0.495574635918534	0.406737929709535	0.368898810140078	0.236560679536801	0.354473466692619	0.390707376851964	0.414479592479139	0.257897986190295	0.453074376956295	0.4682888023595	0.370564699195254	0.347795490720867	0.222194160667439	0.445825257473468	0.441213259694238	0.276975867396104	0.313654737395878	0.373550562642009	0.406602267012502	0.206665612882953	0.482086670093412	0.336907892083381	0.397391524502891	0.408081439923811	0.503640406172739	0.40250341520169	0.309216123841432	0.335826519047485	0.289874933125975	0.422711780404067	0.296244052024831	0.375371751463592	0.320700191484723	0.469179561599199	0.33832578503427	0.391371989779724	0.323175947085484	0.400152609751022	0.361061588120095	0.46828066141031
"SRR13357672"	0.630859208908455	0.805793020455361	0.719646791813766	0.810916798433326	0.669375477696054	0.814676986817963	0.816104389316459	0.724825960274919	0.67437111236311	0.662335800614758	0.750179312782743	0.793449510333712	0.613446991877166	0.713186781210234	0.690080008118714	0.792275747370454	0.675984463412062	0.765094939883192	0.731051025961092	0.672389382599381	0.690131584756204	0.725524437302272	0.680414891469266	0.765760783495147	0.604259583345016	0.695834371159012	0.696650960569513	0.759870313127265	0.712306818721689	0.669749187414045	0.586725044224449	0.819033641084856	0.710779932142791	0.714764695006588	0.680950217071657	0.655577825668355	0.608642930999656	0.669889141108945	0.670762548948934	0.596769015993181	0.721642246681063	0.557776399801295	0.677955734348923	0.719105053182491	0.662799441652571	0.613476684596575	0.742019601409354	0.810166497142176	0.782467306866292	0.695187143443695	0.640888362773636	0.6480406914592	0.637897566021818	0.692463873650906	0.726076441793752	0.700216130343996	0.659279269359408	0.646948332088146	0.752137432908609	0.777469627780633	0.762487247836238	0.658669080396208	0.674759425188566	0.627470488337035	0.66754282340125	0.749542721070419	0.785819621598291	0.570605886393569	0.610758196125834	0.823616547512463	0.821078844797872	0.612126544714912	0.826840092127435	0.661329209158097	0.857678261184512	0.667738895975684	0.631413011783382	0.731660708864619	0.669283800417198	0.676629850736421
"SRR13357670"	0.545576119837637	0.787195130414228	0.761427403268598	0.818502279238185	0.671222033845143	0.814676986817963	0.823071163236328	0.693679218768862	0.683995349580245	0.66157637073986	0.733533850581313	0.822043200508749	0.548681632177526	0.727774241757697	0.707143595608114	0.816211665394625	0.653800899006215	0.794626841595659	0.715627673809086	0.706125068522221	0.703725128115985	0.700567042170864	0.686596733973151	0.772765209042622	0.548031144530298	0.687034979644678	0.708308620105434	0.76732064681764	0.736949169439126	0.689528005272669	0.624716500112125	0.819033641084856	0.696410814967544	0.722488818818852	0.674509861213063	0.686187582635304	0.503314992602845	0.63028878970962	0.691772801385172	0.526049476313564	0.758902484323518	0.581597547498147	0.691711002776128	0.737553783972836	0.696451602206077	0.518466814033995	0.731970793667798	0.810166497142176	0.756435718495244	0.731041021549858	0.655884719458997	0.567923902984247	0.654686404376488	0.688632195433659	0.720100118786267	0.715594379167651	0.691268579449596	0.667807003243376	0.735721865468656	0.777469627780633	0.752020895548712	0.694302005090219	0.715421766176355	0.64599178554915	0.696134605858822	0.751435711473727	0.785819621598291	0.613226990814665	0.642586984541639	0.812679898994187	0.821078844797872	0.632089976760813	0.826840092127435	0.673212939717302	0.857678261184512	0.687364892298962	0.639596519628763	0.731397324697787	0.551799501433648	0.686992120963199
"SRR13357669"	0.891188859850244	0.956428156937261	0.656281599259096	0.938476183262677	0.919774537285544	0.944029838957959	0.807768489854586	0.954996157520716	0.892602166214241	0.905225931383148	0.867904653627629	0.749455984100151	0.875549227978355	0.799142693805149	0.9420544979151	0.793499282264291	0.907549489680083	0.790791177618081	0.961200288736258	0.763350905304974	0.903968147984874	0.92509959855281	0.948945726875928	0.91755885775097	0.82318373904751	0.937713431722834	0.908502268609725	0.872414895684175	0.684809317911481	0.813940560157235	0.767314774312252	0.910428076469724	0.939096586784743	0.916223615408991	0.929912649308323	0.719925743800121	0.875918785727241	0.879023690220974	0.919176506610356	0.896294118703767	0.771044271434872	0.832015075680134	0.87596589761118	0.858635486186494	0.829709101232743	0.888381371168544	0.845625462038363	0.97465164857116	0.907860374049407	0.807129233118826	0.895614710421005	0.831695265355695	0.856234666061409	0.928923176497891	0.901132540008064	0.922556949646538	0.832574202888437	0.827873400257251	0.92975701075305	0.918824610962893	0.952605038074559	0.891657035906983	0.786548728374579	0.908895917777266	0.692552907132736	0.923908132881872	0.945109925190323	0.791853747480193	0.784740428466426	0.910611581807327	0.953742005524428	0.879706612694589	0.953429598303744	0.870464529780881	0.961189272500763	0.930269977881087	0.903431300094787	0.94424868471753	0.889895450596653	0.910729519611346
"SRR13357668"	0.632581499189729	0.75640323230313	0.857627950164498	0.839268022625324	0.76132785792153	0.814676986817963	0.868003936839322	0.67837746669167	0.711157755856408	0.699057080923268	0.777762217526299	0.887757960447353	0.649032033123645	0.828561018925782	0.753606785715529	0.891705297466163	0.746070957368819	0.864749126102236	0.758835251058218	0.791885115145775	0.741314279850723	0.775779401693915	0.730292621839858	0.806851380343757	0.626300216502393	0.762164599992039	0.730934533857616	0.821651333067122	0.800672730852164	0.74324397096056	0.725879269636877	0.819033641084856	0.761491879610945	0.718108532247097	0.715986425876016	0.704805783137151	0.610780031775277	0.680925543857102	0.748508699820526	0.598219802587624	0.847170802337183	0.648574404024023	0.720582618366605	0.758817620323223	0.782705426844166	0.612055556242753	0.805741820568276	0.810166497142176	0.797994669939304	0.819285342133416	0.642680692211534	0.664605745515862	0.691716265212346	0.765777818082436	0.792272674692431	0.716235320648209	0.771676235393166	0.732071489904496	0.793501053300343	0.777469627780633	0.798971310327478	0.785075910338155	0.814875917222206	0.704863463708854	0.725394933095765	0.814086881470406	0.785819621598291	0.726282324479238	0.702989724406112	0.85769853682035	0.821078844797872	0.682373635029304	0.826840092127435	0.729550481520617	0.857678261184512	0.725825637085033	0.708269783189917	0.78999849769094	0.638708353528233	0.740561457254538
"SRR13357664"	0.781791320302883	0.697535140067942	0.71831488636516	0.817019340144536	0.650078385707412	0.814676986817963	0.752795301127536	0.565266379064946	0.682101828938211	0.644269855934196	0.653918812439311	0.770727706563786	0.755648428773811	0.688536450738893	0.681278669487596	0.771447168052811	0.673059885586186	0.697062192014132	0.71886739446409	0.65283133110861	0.666674518667398	0.66934092661536	0.655203566609533	0.755033792514848	0.700960045094091	0.652271156359694	0.70325315040135	0.760647733003439	0.732179049488056	0.627012059302568	0.617298851344344	0.819033641084856	0.674176024781527	0.652563710053558	0.614001183556264	0.657317385965009	0.792426879723639	0.761891005423916	0.644287216323769	0.730117834778136	0.734397467147516	0.576907273772617	0.623236958841989	0.664458387933823	0.689938754471155	0.778141503543395	0.708866499920805	0.810166497142176	0.73466901704948	0.706680806013176	0.617520235998461	0.793887029894131	0.566557434994551	0.657312631683777	0.699570831153197	0.599568736534617	0.685367629222373	0.605052862309072	0.701200098729682	0.777469627780633	0.740848047968797	0.757641866448358	0.707615739366239	0.631331133655086	0.69058334808051	0.784599846674153	0.785819621598291	0.604902428252188	0.610029224061418	0.6933159259892	0.821078844797872	0.591258866447028	0.826840092127435	0.665349240832124	0.876865229035529	0.602609041609065	0.579810701223548	0.692128957993199	0.769487973367911	0.670091408999324
"SRR13357663"	0.781791320302883	0.79337013528872	0.842300324539758	0.839268022625324	0.766815132254392	0.837614367988459	0.857729994080602	0.720459782116367	0.729452362872314	0.752643518999898	0.835292636438956	0.874667007050795	0.794830043752456	0.768451259817646	0.801305872101253	0.890636578083697	0.782911638930866	0.832963398894638	0.80834013741652	0.748424818096455	0.760989084780469	0.767926825256069	0.752040902834605	0.827721277073547	0.725822600527674	0.726712260024619	0.749982367823629	0.821227777115394	0.800672730852164	0.782294342007498	0.725879269636877	0.819033641084856	0.778256241988458	0.756466299545655	0.704589657522089	0.677507409613276	0.792426879723639	0.794347793445988	0.787134932643648	0.707876503474428	0.841029073680746	0.648574404024023	0.660484270513667	0.845368868434154	0.818425867155422	0.783115741303226	0.78764389414785	0.839807970922326	0.789930237622603	0.818897912151222	0.697803928632514	0.790409327666133	0.829935530863823	0.755498039669427	0.776301751642849	0.713087524422839	0.798990855949965	0.779124101857305	0.834222606415142	0.777469627780633	0.791534769720768	0.836576774397825	0.814875917222206	0.703409016324674	0.770921248678489	0.834178615990038	0.833548717480496	0.726282324479238	0.733673006429889	0.77667866938778	0.821078844797872	0.794364599800739	0.826840092127435	0.725129926136463	0.857678261184512	0.736880315069751	0.699659547877311	0.779140396680071	0.702319947553628	0.74561531462167
"SRR13357662"	0.781791320302883	0.649273136615762	0.84955806442979	0.839268022625324	0.782383724762584	0.838825085185885	0.812459100428115	0.649897115270138	0.743341753940158	0.744326489135947	0.84018474103905	0.887757960447353	0.795818534534874	0.803509054617575	0.803752909017119	0.880293229555532	0.79141166974059	0.864749126102236	0.824708726307609	0.74127124941349	0.762056875726798	0.793325905524459	0.76067335081341	0.831481452148483	0.708620637400946	0.746466887111666	0.689137471099843	0.827626973125481	0.800672730852164	0.802778560049968	0.725879269636877	0.819033641084856	0.797552312562979	0.636812117642719	0.715986425876016	0.713982844567584	0.792426879723639	0.742357012652002	0.789158724029147	0.719164068559517	0.847170802337183	0.648574404024023	0.627357362422364	0.866175606349491	0.820278971441789	0.778486286940967	0.805741820568276	0.841347215273729	0.773667493028711	0.819285342133416	0.576138324527498	0.795750825985411	0.835920669350254	0.776115257347087	0.792272674692431	0.633131770742056	0.800519332990366	0.782866441299545	0.845341055312908	0.777469627780633	0.805680739192758	0.839136782022122	0.814875917222206	0.704863463708854	0.629042688973875	0.844750847919131	0.835944814443566	0.726282324479238	0.750700618814798	0.789267894908132	0.821078844797872	0.763187058168452	0.826840092127435	0.729550481520617	0.857678261184512	0.74327431083259	0.708269783189917	0.78999849769094	0.686525015664909	0.717748098338098
"SRR13357661"	0.781791320302883	0.569244511532931	0.670412810753355	0.804976788379997	0.63399751702422	0.839656720437131	0.640945727976501	0.560447711663017	0.695856680807468	0.665411324537055	0.789551988087852	0.769477982832629	0.766642650257577	0.644057429351622	0.739116303062963	0.710093433609195	0.74765387517716	0.740701772269355	0.765839281738136	0.59183152629384	0.704108531712801	0.664542968545868	0.691977274380816	0.780446917890221	0.67722225497733	0.611903952075964	0.60736504038079	0.735868528178354	0.692639773828048	0.729311469874301	0.557047290280075	0.819033641084856	0.695254663911491	0.542489277780324	0.645138642680964	0.588743079620465	0.792426879723639	0.708613159515628	0.70588105961727	0.712172298108599	0.690999851405998	0.539443509221199	0.565628200356269	0.804360707048029	0.69069159158593	0.778220098004686	0.674124592827376	0.842402915026003	0.702768420593614	0.66615475727144	0.507863698742236	0.779627436612073	0.798495824722076	0.64533611361664	0.66502347674637	0.574162134562844	0.675084603880914	0.689692273641881	0.752322757453116	0.777469627780633	0.725220109167921	0.711478765036653	0.641865981362918	0.607620737805114	0.478328387589663	0.748846956059881	0.837582885680219	0.537383103728645	0.622123718461269	0.683418753484476	0.821078844797872	0.67258548106782	0.826840092127435	0.635260472312769	0.857678261184512	0.660735027119119	0.592656011920096	0.688251237230658	0.68055255604281	0.599346232480348
"SRR13357656"	0.781791320302883	0.82149750640792	0.857627950164498	0.839268022625324	0.76132785792153	0.814676986817963	0.889096970173794	0.74764999835414	0.711157755856408	0.698936405049422	0.634706632313391	0.887757960447353	0.776526769094824	0.855227913490353	0.753606785715529	0.897527027571594	0.741554749993881	0.864749126102236	0.758835251058218	0.687081057162825	0.741314279850723	0.776348786473662	0.730292621839858	0.806851380343757	0.732368262213663	0.762164599992039	0.752205772855139	0.821651333067122	0.800672730852164	0.74324397096056	0.725879269636877	0.819033641084856	0.761491879610945	0.770721880375944	0.715986425876016	0.740497253817929	0.792426879723639	0.777253280761926	0.748508699820526	0.730117834778136	0.847170802337183	0.648574404024023	0.665507970329862	0.789576483298667	0.782705426844166	0.783115741303226	0.805741820568276	0.810166497142176	0.819965919506181	0.819285342133416	0.697803928632514	0.79797963611613	0.693142826023983	0.765777818082436	0.792272674692431	0.651931873381195	0.770134828922966	0.732071489904496	0.800291907658566	0.777469627780633	0.798971310327478	0.785075910338155	0.814875917222206	0.704863463708854	0.770921248678489	0.814086881470406	0.785819621598291	0.726282324479238	0.667102324282516	0.764991795512003	0.821078844797872	0.733716566295348	0.826840092127435	0.729550481520617	0.857678261184512	0.740749312248738	0.708269783189917	0.78999849769094	0.830695986471138	0.752505394535243
"SRR13357655"	0.781791320302883	0.785117083102349	0.474004647648344	0.771086630104602	0.536803792725712	0.814676986817963	0.682321786557566	0.695132705844195	0.626149817579139	0.590883683314731	0.525975355108387	0.612918368738987	0.714850409836569	0.574604870256457	0.601311779371469	0.578959947745226	0.606142948368619	0.587372406687345	0.694316131276594	0.34638502679334	0.620435544682758	0.654223103704946	0.613164894296004	0.707585485333935	0.66389691099447	0.602030483574062	0.619873231776165	0.666198154137024	0.577569742498452	0.56718383908936	0.397825853552531	0.819033641084856	0.64061316201891	0.636026193294503	0.635022298498365	0.510875295388999	0.792426879723639	0.713432422193797	0.561313880062214	0.730117834778136	0.505008056584413	0.441529236576344	0.526487656173033	0.615579194514898	0.483130283869705	0.781026197298082	0.647313298460534	0.810166497142176	0.744006030820441	0.495347385913192	0.565387607727563	0.772567647182599	0.572242419415523	0.587583545957151	0.629081064273495	0.483835045937459	0.49236359756097	0.528816849197994	0.683261821761351	0.777469627780633	0.711842703367011	0.468613030886307	0.451825049309041	0.52320197025399	0.515833229336111	0.65228609709626	0.785819621598291	0.362558195812621	0.373663296214167	0.609459460685949	0.821078844797872	0.504501495319074	0.826840092127435	0.567756681040692	0.857678261184512	0.566147700680171	0.527561702750044	0.64750772676752	0.829885325502326	0.569484195837773
"SRR13358134"	0.781791320302883	0.477027088512789	0.630777126802918	0.796090422048943	0.619722043196595	0.814676986817963	0.545709438163936	0.632027344061079	0.655984560482867	0.57884379069007	0.597157365579533	0.731280555041428	0.736717917363732	0.689429099676531	0.602546093238807	0.650783533230206	0.674338797147155	0.702425357414603	0.717097575496856	0.50784936222176	0.626831838132323	0.698126228490395	0.654961124774306	0.744123433199082	0.667941275749087	0.660755475383148	0.530960861643148	0.725654450575769	0.662766205063812	0.624423058981479	0.513221415308908	0.819033641084856	0.684441893024268	0.430540454961658	0.663441871307745	0.492765147000182	0.792426879723639	0.624254023698392	0.59888518202361	0.730117834778136	0.643338064034209	0.512612050195064	0.541212935197445	0.60941704098755	0.595483381014972	0.778041934350683	0.707185724317324	0.810166497142176	0.752962643253145	0.621648899935954	0.416117383045535	0.783964639636017	0.551877937800833	0.653315405481037	0.690214836807297	0.502479405932005	0.595514260435402	0.602276968270654	0.717367796185852	0.777469627780633	0.743540293244775	0.587291781842657	0.591639084452537	0.58775893192514	0.309693181670526	0.713920639214411	0.785819621598291	0.488564786362447	0.443599957903169	0.691467454366423	0.821078844797872	0.495121651877385	0.826840092127435	0.625976234587088	0.857678261184512	0.609824721845099	0.591902944807705	0.615009708537653	0.777015362422087	0.558110137027552
"SRR13358133"	0.781791320302883	0.695710600348959	0.590406031412461	0.789652796525616	0.570219518360743	0.814676986817963	0.718267749242395	0.445916582853027	0.648167385639881	0.590170037079054	0.698804719135483	0.702091774251298	0.731015409731254	0.604613994049366	0.642386915127084	0.670866969031763	0.673906467448092	0.673602873070492	0.685400809120631	0.574784335187343	0.65253590279737	0.639737964377514	0.635984483580103	0.729871500233472	0.667725483490046	0.597842681134507	0.651612665964197	0.698362460761363	0.640897632994739	0.614512403646681	0.482190466884076	0.819033641084856	0.640410533560485	0.606600042363757	0.638439224708251	0.572486259151542	0.792426879723639	0.741124006015932	0.611878720990761	0.730117834778136	0.607903840536046	0.493660819491912	0.606020629063175	0.663003440587874	0.56611869981215	0.772395270611303	0.657822456577755	0.810166497142176	0.675841692181744	0.588969468126524	0.519385384336456	0.787131156760538	0.600644754939758	0.607896564355472	0.645087962297151	0.535616495881142	0.568551536123929	0.580631665682624	0.655049945492988	0.777469627780633	0.711536917832527	0.556180691189577	0.555005190803636	0.568433295893601	0.586066685661	0.678235918859261	0.785819621598291	0.454256072918829	0.522457982923926	0.732146737852624	0.821078844797872	0.472416927057576	0.826840092127435	0.603406820439577	0.857678261184512	0.563390640779557	0.56094712063561	0.667325712160581	0.729684398351898	0.606977080311086
"SRR13358131"	0.725859515164001	0.625881008211487	0.672835258767004	0.739600556660157	0.568776859386905	0.747037150485512	0.712859169657834	0.411913331034096	0.642401730652932	0.534092017356337	0.464202546102746	0.735983262949329	0.661626937902608	0.564615445779536	0.602598638008514	0.715708177289625	0.634334849515599	0.673609954480696	0.59182480207577	0.483061484135288	0.619408751308718	0.57912256997295	0.590549720609285	0.67270246839206	0.589714261592416	0.518847595402254	0.613956054303778	0.686951128104363	0.666591918845311	0.617112129352276	0.552416982984304	0.752054806086253	0.580485596742962	0.581956266241302	0.599589483256028	0.581276952136555	0.695647923494387	0.676029362306245	0.597678725399414	0.655476274199987	0.645036231982523	0.515681139336765	0.468278409343155	0.63467628904085	0.598702810429256	0.662086467383905	0.617332182148198	0.729152329898675	0.647498686342608	0.614152232778284	0.50748017995824	0.725370359900798	0.619544766887979	0.573102799047432	0.60583672603145	0.387271993847482	0.602594129508425	0.596691517978339	0.584358606416045	0.72864146021734	0.624794128063872	0.56699519121006	0.60124842427775	0.561563416549075	0.598263602430542	0.649202391553951	0.717327344464968	0.521493273430517	0.45819770880895	0.524284524098249	0.744765555949599	0.499138284882515	0.743386758722424	0.58790260734418	0.776726377308035	0.541075087659478	0.569222940955561	0.621141750829346	0.490361214352227	0.583483704592047
"SRR13358130"	0.732750855661706	0.621119161939571	0.436280572989867	0.525855626350697	0.453594693937971	0.674962424002036	0.516713411053738	0.584558454255959	0.561653123299762	0.497255748062755	0.357578555406881	0.545212084334808	0.616952666039274	0.409785117775576	0.535912541688784	0.516384167623278	0.661246804323582	0.501917402784884	0.602539891416242	0.234235159100669	0.602542705565434	0.505080296668793	0.544276085551364	0.608490972503828	0.551921997780385	0.47132866424729	0.570214201464908	0.570448805468647	0.492986646707324	0.529701307385818	0.350042950920254	0.639592080408092	0.523686435633173	0.559779328019105	0.589099089924693	0.411819079951836	0.65216751130682	0.599590168585918	0.526400984359173	0.599736132508112	0.451966002839585	0.430034421319934	0.486774694612689	0.543732777118227	0.387385753419396	0.653980728389007	0.511656708326323	0.684457953949426	0.601897913710364	0.544101718675134	0.522083906046107	0.614644640311981	0.600110849964731	0.480604090641849	0.487017151159026	0.421462488206684	0.347370310188306	0.581164452871379	0.554034985863504	0.472139266817891	0.576288639431702	0.378056700491122	0.315646050004582	0.51924976678712	0.508383561941097	0.560805081466176	0.612596555003034	0.256914256914163	0.330878893714196	0.437833409644609	0.605486421198626	0.536846188618807	0.626291800792097	0.602607836572058	0.700553389746079	0.513316753695049	0.47638448599785	0.541378899380583	0.475050660701808	0.605249472508899
"SRR13358125"	0.781791320302883	0.772062897657012	0.618720889051926	0.794157413142645	0.58630399297469	0.814676986817963	0.737300235213527	0.671840421582395	0.65362704462643	0.606064735444657	0.623157591692591	0.722638434765836	0.735000046828927	0.640911156157673	0.652451077176229	0.69617495851732	0.672912748993319	0.693855843121523	0.690407261430611	0.526940788453014	0.660431243399727	0.651555624621573	0.643876624781771	0.736649406634529	0.682370046141321	0.613975840600278	0.660448287930883	0.709531649150897	0.656214870172854	0.626152256795291	0.503828431853613	0.819033641084856	0.649546213955929	0.673127168487248	0.644191852336482	0.535564144638788	0.792426879723639	0.73995725981971	0.624305192991818	0.730117834778136	0.632757062052265	0.506877019920643	0.58600717159289	0.638404084399388	0.586656785008429	0.78167468573394	0.670014993103562	0.810166497142176	0.758233317369651	0.611858446749971	0.608428865968754	0.784854519700445	0.611398503352456	0.620869479903477	0.657295946789084	0.606255990668408	0.587405732551912	0.59413864349197	0.689277819392589	0.777469627780633	0.718175835333621	0.577936290409911	0.580638028770102	0.580347208434917	0.603353350509865	0.690149585877207	0.785819621598291	0.478153561834521	0.47642069267812	0.695742646691446	0.821078844797872	0.561979877324446	0.826840092127435	0.614274931533309	0.857678261184512	0.624524466710152	0.57318196347187	0.677651965425256	0.760749236926528	0.619581648101481
"SRR13358124"	0.806868285240472	0.756136057040144	0.458587186756757	0.694117562993056	0.571713597813552	0.78324106317305	0.610708214485832	0.713173460123844	0.648747483726577	0.607520026555447	0.667874187245654	0.580083702717827	0.724741754463466	0.571078405563858	0.650739504183897	0.561711124112437	0.717878978117211	0.560158037413631	0.726180344636084	0.456127623112471	0.671086316195498	0.638782367320286	0.665055894923856	0.702928753236712	0.697179039277525	0.627061469600843	0.655410959093042	0.650870398224075	0.535104092227445	0.58542119764966	0.417238944743924	0.753779458835676	0.653715135100041	0.657409189338767	0.682528801051724	0.501047889108539	0.776112256548432	0.718955495752885	0.61988720803293	0.729594147907676	0.502431438182925	0.500384472113818	0.673838879893284	0.635722765777484	0.4793476020016	0.77394055532323	0.605734478324394	0.808426969192694	0.711713421109445	0.562836142559	0.610873970613208	0.743035219753003	0.642960019586126	0.607600778377179	0.607999717784969	0.665483402634943	0.459633736797339	0.606201815365343	0.674262836580257	0.664115166918716	0.70964143857864	0.49093035721172	0.41127662219772	0.601818726059072	0.527570697043777	0.663648732423729	0.747651975018899	0.352507544495976	0.48804597610358	0.740332067530974	0.761296256615346	0.582615535250783	0.771853896324521	0.643088928305155	0.817752741741856	0.621273091701004	0.576828245217478	0.666595462572706	0.812414305543345	0.659431722884707
"SRR13358123"	0.951638387819841	0.94052673317682	0.770094797281156	0.941383422218331	0.932656749764997	0.939727449072772	0.820256031219408	0.952936802348335	0.895371973878218	0.900783266619967	0.913094757195234	0.828006753966629	0.942176451096618	0.841543293839926	0.946599113438614	0.858692573168544	0.898971700303549	0.852173980690167	0.959844671122455	0.865959710285456	0.910423688722593	0.930707753363812	0.950230957135481	0.923759690218192	0.901545237302732	0.937798520136511	0.905364462357403	0.892573942100793	0.748877804050886	0.839986625160849	0.823761726685008	0.906494495096797	0.94242564111563	0.90697362394385	0.929879388035648	0.761806764950684	0.954366470110376	0.92392141119222	0.929085923619742	0.944927718665878	0.843468430462771	0.853595729779865	0.87510429732823	0.880551976657345	0.871839150874162	0.954843709651976	0.869531568242321	0.971274561987457	0.905448606514329	0.862325368449693	0.888212766768976	0.929505005265515	0.864665775904006	0.937357542170418	0.914513949698071	0.945016264915033	0.869404827898247	0.854376443866406	0.93550070860119	0.913548086635022	0.953901704820855	0.919124141387898	0.852085980356941	0.91828112131425	0.701033113945943	0.934493540911746	0.940226899262628	0.847647412405823	0.852715720073449	0.939085589632944	0.949707766472364	0.883140805051748	0.949500881232047	0.884848414328444	0.957986080100012	0.93731486009474	0.913676977580205	0.949224937824763	0.922685429714616	0.916431811575281
"SRR13358117"	0.402792166493029	0.31294709264059	0.398768937241457	0.240890382603919	0.407497337748151	0.421180170284421	0.356904138000221	0.458415104458858	0.392547465396747	0.367344124860286	0.23417472388827	0.384427794386102	0.384726468831734	0.369327326676946	0.359460430732332	0.34917125815047	0.418453892752593	0.428848985243649	0.489667171049203	0.180558359845592	0.41278760245039	0.436549862983001	0.382446194947961	0.384317010221891	0.369196700425961	0.435783203858463	0.409945304511719	0.406529547798211	0.371843408290119	0.403171366505917	0.318721449679645	0.342446238111764	0.428363242188465	0.310323299483276	0.340995604575882	0.238005930805508	0.367891029170655	0.334029757376348	0.331940738546162	0.375266062579975	0.393417451529183	0.385331389776225	0.349324472368631	0.250324152976279	0.283553603787427	0.420507252897754	0.403469755418286	0.354663785853017	0.397245622157653	0.457986168703537	0.338048692364569	0.356475843726859	0.295875177908805	0.413111328418601	0.396905346602896	0.211057975118313	0.229620379098007	0.408654249819196	0.423260525975306	0.174885097785533	0.46347588045574	0.271808687192842	0.245542110189468	0.428726496878776	0.381216850843375	0.423339956673408	0.331616027847446	0.208426244215382	0.243989975491174	0.304927672375634	0.290708103976889	0.411567710065118	0.31818009429836	0.538653841811055	0.375631000372149	0.382474625127291	0.310714373397652	0.377569857736575	0.269829165224215	0.513053607679693
"SRR13358116"	0.698892296931864	0.4594911819754	0.495438817512051	0.376897797320116	0.490190672934787	0.565536036784274	0.521734210602926	0.447511287992119	0.49233554902824	0.485498437417381	0.31919498497592	0.551477289031203	0.565831814398993	0.392846641329749	0.445934161029182	0.478744775800936	0.506245196641236	0.521460875611126	0.597410270751541	0.220085533674249	0.494591147453441	0.507045943055994	0.443731204125456	0.520871441848184	0.500497835550443	0.489815146060181	0.573986749425048	0.527018114301075	0.492532707216348	0.503866778618059	0.383440886771611	0.497638251058173	0.526348754949974	0.461024239623235	0.440744810006439	0.33537120271347	0.546310617743462	0.537820551817652	0.393903010719489	0.466010854875128	0.501324451688862	0.463744630915817	0.485587844738477	0.308385176634779	0.392156789861635	0.552588695915445	0.517112963345582	0.587315165776577	0.456342420984428	0.585050607286618	0.472817182920877	0.478253816276069	0.371897637393972	0.495172703206779	0.480972242182661	0.293789272153739	0.318160135829144	0.469006368789655	0.538499656747065	0.276859212471977	0.547648300273232	0.38888808247121	0.308266074237881	0.526704859591727	0.559609796108833	0.573780152590162	0.48352633898059	0.255153646491476	0.365403601837802	0.421227171852142	0.436905991774258	0.522035151283847	0.466121084868628	0.665644667896698	0.564802303437909	0.487052054424131	0.350690924332825	0.443933760186502	0.351202911999278	0.660668908047136
"SRR13358115"	0.255285849647371	0.781759381002265	0.744557533516665	0.738798662042696	0.615781121399367	0.68228137870742	0.847442901279152	0.616853974631692	0.418004164095861	0.517406581247769	0.695777636312378	0.702211658694806	0.508302930553261	0.692026989108304	0.613576824418516	0.78203739864749	0.510105856777527	0.792535911422067	0.566978879231741	0.791885115145775	0.570749822486003	0.655439274313816	0.591831290431764	0.615181637163748	0.538844809150415	0.651759409062022	0.589649940199415	0.654434042769207	0.649480857297149	0.57262513126226	0.633537422956911	0.68662236132756	0.593210316605971	0.650800335694598	0.460373443222963	0.568687965110126	0.575229090494573	0.595454385420749	0.613226065446404	0.516878034618574	0.728044776340077	0.500811091306312	0.459287063342551	0.655532115644633	0.635428335775934	0.636959193887176	0.631218685043921	0.484262403758341	0.718294233321052	0.574370158421286	0.539849728515449	0.630117950877325	0.430649528369839	0.633853347303963	0.67981277679944	0.560007368051821	0.666730183660588	0.533836199585881	0.594924689350172	0.710046813832779	0.696829223681134	0.614934168358045	0.774615000798412	0.508948794372171	0.70169654943072	0.576932513157205	0.62993983762775	0.685357475112467	0.509779776300098	0.715355097283799	0.71233889697804	0.41367121766459	0.719198289669459	0.442388099023679	0.694451098052714	0.547541159242996	0.587827452096399	0.681131135028152	0.679462067522786	0.484528122613518
"SRR13358114"	0.212287219653616	0.588979096753386	0.633207740891431	0.510277648650642	0.525144542878539	0.536878947695023	0.673182722751569	0.591477043324342	0.356084916428562	0.421780802427941	0.564073198261226	0.572029438470311	0.400066819368914	0.600976718023436	0.52348365052163	0.655514432905665	0.474445783308733	0.678440830743216	0.496770119167753	0.642314095660323	0.525240749791242	0.553804034423844	0.517576363938073	0.503144831850122	0.45683731374621	0.570805949909594	0.472340400826277	0.546208636202194	0.527786494301045	0.499870288026987	0.523144158834521	0.504114251085282	0.50038906478613	0.498186670938855	0.419120597852167	0.469677135786777	0.429278192464126	0.430226569696005	0.541714642929527	0.406605032500994	0.612481783027813	0.446575817222775	0.433626571490025	0.582691050017939	0.488591849110592	0.511341572642885	0.515092890511875	0.347996996911916	0.59253348965264	0.533191906641808	0.433562709815268	0.476491219511182	0.427999067010511	0.535372065443436	0.55969614439022	0.479447218054234	0.486671981689084	0.53169576831317	0.496251438405771	0.446440710136167	0.589719618047721	0.466623021743717	0.602768620495064	0.466282902018453	0.545730128812672	0.476224790486208	0.460196837295147	0.514100088873371	0.42464426958805	0.612077189137096	0.502666418698099	0.421316351027342	0.520868607863002	0.439405100065042	0.510626358691692	0.470809351825193	0.520266894170153	0.583180915074227	0.558878629727995	0.455118686689348
"SRR13358110"	0.692099574681966	0.323568257311677	0.30467060156311	0.309926480535869	0.372441457148716	0.465878590341996	0.296329178139888	0.185919308263337	0.285055794680698	0.432354615598825	0.491880213309192	0.365271784893945	0.442447758299824	0.286290532950293	0.352517482108028	0.320036516297831	0.242636101929172	0.298185193004021	0.580406584730816	0.142251076089706	0.204643830509432	0.410851190860329	0.426622592090612	0.478343075971408	0.359615399864764	0.299827680217608	0.428610317572416	0.44102682243483	0.388596411065952	0.205194703959897	0.270479654162226	0.282262881373061	0.320005730111708	0.322880572861581	0.292942441058536	0.196977685793984	0.522138838339829	0.454933459020019	0.33260167010779	0.464692012644561	0.334059714417002	0.434131312271957	0.518667055520751	0.191047163103128	0.276102870066499	0.506420238136299	0.495912368273246	0.559173210342296	0.500476306583397	0.471528785534909	0.308388319160646	0.432859099823674	0.354519227927887	0.364316221985135	0.417606550970282	0.287544885442665	0.218551047271338	0.183861833546248	0.391870786161015	0.245368890207715	0.38788395117971	0.268747013499695	0.185776054012711	0.467299803912502	0.357185825922461	0.506614388139228	0.409196449625545	0.157415440379387	0.291420734371193	0.429861820690018	0.366076161097019	0.32016060932981	0.352913100651457	0.451338851306034	0.537032508227627	0.266238613280005	0.343355262273955	0.335350922866506	0.388361797646462	0.584547905747471
"SRR13358108"	0.676679407650135	0.35092249424494	0.32580907094983	0.25726751736837	0.42442602915564	0.504967138133755	0.299991478180695	0.42714501970437	0.500311773484073	0.450356702209178	0.399330637727221	0.395059432368898	0.507515661009848	0.290844677580989	0.420703808831766	0.420572207623824	0.712193975772002	0.304342662782322	0.595671654214988	0.169152410808672	0.543201835767383	0.466303256713686	0.493458378005228	0.511979596654037	0.464764585585236	0.436238289201993	0.480629153268717	0.486700207162518	0.383235317794447	0.452993973159199	0.277145432340062	0.40815842245718	0.491267202113627	0.377488214600697	0.578896971397431	0.3242023154867	0.477700073447519	0.445802444764886	0.457645556079731	0.452111674729777	0.346513630982784	0.398803564928118	0.528504367646664	0.519302530006417	0.2854287719483	0.489910389037379	0.446187468209814	0.537597554234322	0.421456979301773	0.555630271991842	0.375001748207968	0.428561049939485	0.623239505407673	0.422110390289493	0.402936107750058	0.323978667378905	0.213128830879253	0.63572360382146	0.510066998937141	0.184352168288721	0.490917512069239	0.286503352360739	0.179298520643855	0.502519890633324	0.402074797268376	0.515699873777682	0.425216540700541	0.152805574441232	0.330978100651329	0.416282336140827	0.336842605005731	0.556032560212945	0.368017351324309	0.638356894931777	0.47369350713752	0.372812098569179	0.441514065413125	0.385184800058421	0.313114442194927	0.63321283796203
"SRR13358107"	0.676796251545808	0.257012664408676	0.420750405719934	0.269619930635519	0.415514879763674	0.389942020798695	0.292248455942188	0.188764074182056	0.29407732932812	0.424220458322202	0.314463598395832	0.500896163483477	0.420895373342919	0.317598293682104	0.421834337756892	0.468166737941123	0.36568054189519	0.439161164550998	0.581704803680573	0.151570760548428	0.294350717813423	0.419224027182354	0.503153864214994	0.522593157123257	0.317672336366033	0.307457111324379	0.404435786671902	0.421890732890121	0.42488502486293	0.286229032607428	0.323845519458106	0.239475389882767	0.335775115519356	0.320621826277905	0.421439994030216	0.269994678706348	0.465219590922092	0.393789381427546	0.471659033677225	0.426878582734654	0.425767853918329	0.399606814946922	0.504945140355446	0.32627378434204	0.317338003349273	0.465635185800051	0.440254518435382	0.509305993457701	0.388823259520587	0.61572175636904	0.279125752762091	0.391780075895552	0.58232724909431	0.400905412168118	0.434684691372802	0.307097658439447	0.239365929886907	0.349668895716447	0.401726549722257	0.184761580621043	0.388484424950794	0.313876750215851	0.200267398939394	0.533574358706335	0.318220281105687	0.534791381363357	0.358035516233698	0.187644741315444	0.329135021449182	0.408976385950737	0.302791086268875	0.381990700938334	0.28998010630693	0.508700262156898	0.474164517675295	0.33404591332235	0.472401308942614	0.401415039670648	0.201208443741929	0.630779640042212
"SRR13358106"	0.66963299794003	0.248584233042895	0.336153492632683	0.234279238915773	0.381548572497674	0.370503044845374	0.238749095904739	0.175302163280383	0.281639990156258	0.408061406391572	0.317015558565652	0.404842722916189	0.400231117376328	0.240939383592373	0.406331425124399	0.410144409357012	0.364836282281271	0.312560831903192	0.564532634232726	0.133765981715592	0.290864560297425	0.392048315515227	0.479759284187598	0.493643826495279	0.307885652551133	0.284626245529874	0.400097342549604	0.389718181827603	0.383710301499413	0.242352766625246	0.283337384624828	0.222149898149443	0.315337573659581	0.306692760066245	0.411171560766256	0.24825295021788	0.444029570764019	0.388298688589273	0.449614590691093	0.409903773598347	0.356903067045166	0.374729587473838	0.508596404280397	0.307721749947296	0.273723228400097	0.445840136469486	0.406111998296108	0.489001964463637	0.357400319466303	0.57636176869628	0.27571149769057	0.368322731849829	0.58436846368539	0.362796458513267	0.398599149364855	0.297453952345943	0.201288857057489	0.337528261288974	0.374608348338517	0.161073314624256	0.364532790701437	0.26928727110897	0.160571840264215	0.510124161530374	0.323430970544511	0.50112266478299	0.335744815329551	0.153011927134922	0.308114819312893	0.375795353564974	0.276065881616294	0.365171505292898	0.265902520492932	0.495959516452555	0.445564924245818	0.272205324868715	0.445149407026575	0.392077540545071	0.190788268694573	0.623463920377867
"SRR13358102"	0.781791320302883	0.708635783959509	0.634537734252364	0.80438662832121	0.608681087075591	0.830798939171377	0.676623872617339	0.629850662413055	0.697715333965421	0.652671367333113	0.605583799752384	0.703075034223415	0.758205819152617	0.652035744780029	0.715853527414712	0.722039820365048	0.746792350175888	0.594432465099223	0.725538634658544	0.480861644860869	0.694180071398512	0.633470201806637	0.677621580795696	0.766500724990917	0.69103395731983	0.614475664834999	0.676265653827603	0.726041190877509	0.690670891260034	0.639585634252638	0.554110761082279	0.819033641084856	0.662051894521667	0.654480533374987	0.636200608996853	0.622670131621615	0.792426879723639	0.751632515235115	0.718119926117778	0.730117834778136	0.660918623415963	0.537638790574658	0.579709740238694	0.781141059612443	0.668525643044714	0.781978924826753	0.656550883676028	0.831093163312105	0.742454119787212	0.661693944234862	0.62812731191464	0.783184061127501	0.743127285864258	0.610080713895237	0.649772071974182	0.541874324761773	0.657423994763475	0.663889532067654	0.717990060500642	0.777469627780633	0.709943395812786	0.680164100750007	0.638560310567368	0.604957889900807	0.642627373048957	0.722974190189695	0.819816514623322	0.534101659682648	0.552301345250613	0.524131632987571	0.821078844797872	0.682097991505224	0.826840092127435	0.630494741004471	0.857678261184512	0.587265370961721	0.584605663514925	0.677970558786712	0.814662394191437	0.634179715721633
"SRR13358101"	0.326031711347935	0.723317328518705	0.352673853724198	0.649912753786321	0.402932504500051	0.704625589261511	0.624696844410313	0.49890975331238	0.414073550191826	0.430002095956038	0.489490412427496	0.377762462722963	0.474938351932949	0.428660683397046	0.471050703167858	0.411472267363941	0.42622708553102	0.495678059685241	0.521803044909427	0.399775910974847	0.465555099111621	0.537244801166649	0.496976254995581	0.522290389473062	0.459790968647842	0.49644523688766	0.469896981750858	0.49274333602738	0.39355003686829	0.413267050926864	0.328596650054426	0.709064855404624	0.484055434976296	0.499523699407814	0.412511405859116	0.317270545259043	0.611905375209001	0.540346718879046	0.437317250208268	0.589316769607902	0.372101434051519	0.328258447955424	0.29972212936387	0.445349701287044	0.348669858170676	0.654276855074835	0.472403594017739	0.539727301321237	0.630212875999768	0.272446613677183	0.400548483679167	0.643112153040656	0.346171738089802	0.462480963633825	0.516425288012305	0.304521769192889	0.3980639758965	0.357624568181099	0.475340350931182	0.720666142751531	0.612764157308968	0.317267555182183	0.418863225885924	0.358096690467758	0.452802022600055	0.418894135198811	0.655808175882189	0.340318931085125	0.216702150490496	0.462719009346914	0.730529827413715	0.242686126959006	0.73728625776803	0.318537853625528	0.72394780091997	0.37688436100057	0.417913459654012	0.53945918157846	0.670347002420499	0.251663306471111
"SRR13358100"	0.0913122007140603	0.265429489782264	0.263666660413939	0.146636658055275	0.256346590058612	0.220974632335152	0.250930048618399	0.182057288054179	0.116990968052094	0.242510283202335	0.195487129221733	0.215457231940198	0.12467183514372	0.228053909361571	0.291920824734788	0.264884128671746	0.13205713834184	0.324334116398605	0.338798480774682	0.151225805341458	0.177906762742164	0.275727465140911	0.34814925190111	0.226746027360638	0.128389446619154	0.222264011625297	0.234701103358326	0.218120982395643	0.220244876546727	0.155027382367971	0.24377198673062	0.123105074828838	0.178136392789538	0.23500409382923	0.177640897161158	0.143212613969634	0.154737324878698	0.163114305514791	0.341582131079445	0.199020465500585	0.263907846229193	0.258462474551445	0.232333428004291	0.195400686868658	0.180578071259627	0.221122130058363	0.230388853147233	0.151617646961412	0.283127545076292	0.301730595146136	0.191469337027925	0.165900381631135	0.338652389458785	0.254759847924645	0.292454232397084	0.170775571071951	0.159585359542233	0.177322350167996	0.192617273482057	0.132406313786663	0.261749986980816	0.162159541312532	0.176464714187856	0.313016904952088	0.2614137454256	0.238607139808138	0.187996273592595	0.171062624540054	0.144253121084176	0.205773517025479	0.177414925771884	0.171717659817985	0.16849039689743	0.206132490853099	0.226170872979547	0.184780151931756	0.331979636217786	0.333090713968146	0.128923461137518	0.234191578997132
"SRR13358099"	0.0830134240746106	0.275037345377896	0.225881068396118	0.150380504736243	0.235070937579906	0.221719182691886	0.23499368404502	0.152504241101476	0.104573199255996	0.240028026480057	0.22329510635196	0.192184885625006	0.105235505894939	0.183654362307349	0.260589934113009	0.232201684523776	0.127662846983303	0.293179467026489	0.338827149322527	0.146490583273067	0.134140396016507	0.261609141780812	0.340453424059655	0.268443263380729	0.108437244468542	0.194685286138503	0.227104495652711	0.199841686397687	0.205734172330744	0.128641986232769	0.218357610562975	0.119289277850977	0.160291027078491	0.231250671589102	0.162549203663121	0.124990232631874	0.134792587298027	0.154722483731861	0.300822200540558	0.182042938643058	0.232071868586179	0.239571505758687	0.235335742133885	0.167145637103856	0.163618279457549	0.194022051105362	0.217592077448016	0.161396465831046	0.294307878096101	0.268728132895053	0.181918677436986	0.146077497019981	0.285949652185311	0.236353672129773	0.280903137411976	0.179562473002817	0.146695640883112	0.141044758869395	0.178525854522876	0.143119738055507	0.245900704094322	0.145749259645741	0.151909566021514	0.298127080928494	0.246720350442517	0.228996528881157	0.19472494026789	0.150770879532403	0.13751849199145	0.221968722165913	0.186227525140635	0.145165063192315	0.172529323014079	0.181948506893819	0.24100046607117	0.165972529135341	0.316539385025238	0.269365344641539	0.0983805062044078	0.223147934669148
"SRR13358094"	0.606915276927979	0.660284284901088	0.548301547522875	0.643453395200961	0.531015888289842	0.73061166125458	0.649028038624833	0.549855471873673	0.604326964554577	0.548744071790756	0.553531189616468	0.64921485944734	0.531442806909739	0.559660982965592	0.595392183084007	0.629631339162803	0.625894972079428	0.609139456824753	0.647329185329915	0.420064314289291	0.636425019389943	0.581477284369104	0.594843908851279	0.670004365930326	0.513388123195686	0.568269295437184	0.618427070378065	0.644099119867353	0.578807478054135	0.583707042154198	0.436152293314963	0.712368307643929	0.589977704588083	0.596816056488984	0.62092412745783	0.526691948345448	0.517375169862248	0.571485037472902	0.582183976112013	0.517283746445353	0.558660094284411	0.477912540615731	0.617186858871203	0.632295827555002	0.490486506137488	0.526823593651356	0.596275145631826	0.734052084638756	0.612902912027633	0.604949286002327	0.537406519640113	0.5315841511257	0.618988096292332	0.556942330941897	0.574786397253288	0.518787565901279	0.460419278220252	0.607245300555398	0.616047633924331	0.592314862787463	0.645440513824064	0.482715103068349	0.445703393081579	0.560478243769364	0.570485859536869	0.632359762949065	0.680897034358263	0.362645704282114	0.46705554758966	0.648205005881948	0.693882573717927	0.549794651616793	0.708708851813479	0.624794897019255	0.766169928680323	0.554059263726636	0.53260013747273	0.612461369902576	0.541106721234123	0.631737723597079
"SRR13358093"	0.66031365527375	0.792714198620883	0.743433084328216	0.815166585139492	0.667419451398398	0.814676986817963	0.818080546837016	0.703031245289172	0.679744368047362	0.646714457848567	0.68052825290793	0.809758204484111	0.644167387443065	0.738909560658896	0.699641213113006	0.804687641328434	0.657099585460636	0.781876617504265	0.719656755915484	0.644347067847046	0.697736914747757	0.706858300290917	0.682974179692105	0.769162742129914	0.624995615536886	0.68754557169324	0.702765462232549	0.762801154628176	0.726185635252383	0.680832944635982	0.608020488702988	0.819033641084856	0.699277490516024	0.718147079763195	0.675404260930466	0.659573203197015	0.645164048912194	0.686969713603696	0.682542738024843	0.621746326360081	0.74280168588977	0.571069366496423	0.659619913553507	0.729358346499915	0.681753314571277	0.646749715783009	0.73291650636061	0.810166497142176	0.762857847247731	0.715466167014184	0.649267771889763	0.675163676410573	0.648638120246994	0.687301533873684	0.71967421342885	0.666380314633602	0.675145052264654	0.658364449491312	0.739318363138625	0.777469627780633	0.754126317179742	0.678747266650095	0.697759362097805	0.637562723715013	0.683619509365863	0.748552674383299	0.785819621598291	0.59449044548265	0.602234510221772	0.772777694155845	0.821078844797872	0.657120790439042	0.826840092127435	0.667162716972015	0.857678261184512	0.678735225139877	0.634418906307041	0.729457506167358	0.693358587409098	0.681124044494241
"SRR13358092"	0.781791320302883	0.788385452043854	0.514068888280485	0.77755209608084	0.557975097027202	0.814676986817963	0.705917934214486	0.699797327255553	0.633731020215063	0.600532193457319	0.597246616583848	0.644595839471572	0.72043455227125	0.604731049167166	0.615528995149994	0.616518516900194	0.654999307621999	0.617728151992229	0.700123939957105	0.420018848144859	0.631530246447278	0.665717899716275	0.623829723911174	0.717029506395196	0.681474912879614	0.617109270374768	0.632152860664181	0.681712535003762	0.599594392975135	0.583526997842613	0.426208004570224	0.819033641084856	0.651860158118501	0.648712099626129	0.642245822339662	0.532042480531883	0.792426879723639	0.722941048626397	0.578776952771551	0.730117834778136	0.540636155566322	0.459240880573073	0.565178869079193	0.632441803352743	0.511589822062346	0.78120313786686	0.662861738593611	0.810166497142176	0.764313099107969	0.527609263947181	0.577249609614468	0.777513276368514	0.583030150324784	0.604464010030064	0.644897321037237	0.54310297074274	0.518514181730914	0.547481922636133	0.6944656083126	0.777469627780633	0.720005832528207	0.49856339845682	0.487032001210793	0.5395474448429	0.540024599664854	0.668333596447474	0.785819621598291	0.393106263384672	0.422289289504322	0.67696597458727	0.821078844797872	0.542872616180723	0.826840092127435	0.582598644223245	0.857678261184512	0.582320283713326	0.543865930159057	0.66119175512857	0.83327655088672	0.586617722034239
"SRR13358091"	0.781791320302883	0.678325353550215	0.543120712583181	0.786502633094313	0.553634849544519	0.814676986817963	0.603140219027822	0.655687851649936	0.64437733694763	0.578783925675234	0.532859907939616	0.639319758932732	0.728243984324343	0.593102925157293	0.635367931749655	0.623138814241697	0.614955770408882	0.55766848951933	0.676860821726807	0.438757502617532	0.647038377435242	0.625875528990826	0.628942495484289	0.724194240919825	0.677580135660326	0.599432973862535	0.615201591999131	0.688140336215507	0.630156225121472	0.561806188101419	0.467293979564097	0.819033641084856	0.627630600804035	0.585574502140298	0.631050401309731	0.525068961824941	0.792426879723639	0.705197695634774	0.603217570084093	0.730117834778136	0.570835424212965	0.484545528339023	0.556370219559909	0.628587987963696	0.551809074915848	0.781454087510761	0.642538937326631	0.810166497142176	0.72480659103866	0.57183909973378	0.558276798190298	0.779314909534008	0.598203088279199	0.582947181983781	0.630767597921532	0.535069163020805	0.555421583789999	0.570773068681941	0.666548701431234	0.777469627780633	0.702192796497138	0.541037172367008	0.537137369353006	0.559711352519906	0.505461909973893	0.66595657207367	0.785819621598291	0.437881916119834	0.42662590349961	0.586893333874454	0.821078844797872	0.518852084570185	0.826840092127435	0.594429880803726	0.857678261184512	0.549531860243123	0.549763598483644	0.6562908512285	0.811548433642411	0.57840205578456
"SRR13358086"	0.755139773233061	0.672531219982437	0.655613476121454	0.69133917242432	0.611719899486343	0.742764145114493	0.696973771136888	0.590239900062425	0.635105696621709	0.592608261483817	0.606516304990062	0.711584763791379	0.696545177567856	0.660558854887727	0.647326410876734	0.739285851068509	0.708011124339526	0.627591092592582	0.679552720442462	0.533009326365015	0.673476813756534	0.64175958476718	0.637288941227458	0.711458993306012	0.659484618317667	0.632343185222589	0.663139795689293	0.7050391210767	0.656837247442787	0.601907067126529	0.537542998633158	0.728125178712975	0.643503393249732	0.631436744506989	0.651541940316881	0.600674621870199	0.719328427979916	0.696130432566671	0.64124087871178	0.660178473234089	0.65906935113791	0.538360624040768	0.654891849185872	0.689074679995331	0.592356042962235	0.711679353358088	0.665987580268182	0.744942787280159	0.686406322104867	0.697600918000731	0.582545483827479	0.711744821252057	0.650545480131845	0.617692103044369	0.645206826266038	0.577151609048502	0.559678791975953	0.661422136150992	0.672971395067257	0.619488393710948	0.690205610348987	0.589363010334694	0.574755767866165	0.614080016392171	0.647841545834284	0.695761153900454	0.695977355428286	0.477645062974492	0.555150692948368	0.684112213545859	0.712967625308568	0.621675092332307	0.726432715852838	0.669297898649241	0.780033304828473	0.565073921412618	0.592640922323292	0.670389391599485	0.752382410101758	0.683339828537725
"SRR13358085"	0.754771673065583	0.626246813376909	0.486896911636033	0.656446823206454	0.487938769341966	0.741696875554709	0.532863903551001	0.581631258689216	0.603434984055971	0.553243522090922	0.584810118881869	0.566153378158964	0.671597921202072	0.517702009572426	0.589614751075626	0.574858584145457	0.682166341212888	0.460094287046871	0.616518049421841	0.458612276781064	0.629593751301156	0.525439822192901	0.582023423162924	0.663480218544613	0.661329616206813	0.525250393828126	0.60834978407639	0.623312746671739	0.568655415345358	0.517487114222618	0.418693032950339	0.726744479667101	0.54852250236549	0.577170679409381	0.597510074665727	0.542963023867566	0.718259427796378	0.674328836305571	0.571903742416489	0.659191840551496	0.511330105642112	0.465577035850325	0.63399209977443	0.621469416781899	0.476828862770899	0.713574488633084	0.549874933539823	0.743985183922639	0.650968491332199	0.576846898014622	0.561568555345808	0.703124057321356	0.60883345536963	0.503678447514317	0.535334715786743	0.605300041299346	0.457016451421002	0.587150679289298	0.579610181380449	0.617096564858982	0.61669658598892	0.467594644084661	0.430767287261833	0.54594529528897	0.553324607864653	0.601053321436296	0.694651087032089	0.349233150579938	0.47661948585915	0.625202114540435	0.711297530615429	0.569736384471909	0.724882291151968	0.602956273536964	0.778823354895666	0.493721949803169	0.507626986262985	0.584719900092044	0.752005474310951	0.602730654286777
"SRR13358084"	0.781791320302883	0.785193376056483	0.74344852907655	0.818467130041407	0.694426655331537	0.814676986817963	0.805519633281355	0.730357968606227	0.683950400133391	0.664472967638933	0.758370598691703	0.788239039280698	0.756981913526735	0.748048586922431	0.689208620185634	0.801860762731559	0.686097404564295	0.727837909056335	0.738300327851521	0.705971056905336	0.676416903097121	0.739097095530227	0.674807424202279	0.766790597104651	0.731558210845254	0.713653660031293	0.711423609582331	0.769494552875303	0.7368363924778	0.64510657674062	0.62454080209829	0.819033641084856	0.724258331508748	0.702663317235749	0.653307406362055	0.650732149708635	0.792426879723639	0.766923976550179	0.657381589564323	0.730117834778136	0.745838776766284	0.581486200198735	0.682641867299744	0.684537467883862	0.696297651786569	0.782417576640301	0.759424768718648	0.810166497142176	0.800893129573216	0.717187929573598	0.655814815371464	0.797245722933391	0.582614936958393	0.704656750826305	0.744079474587495	0.704401363011444	0.688674993187972	0.624987834685773	0.765076271891331	0.777469627780633	0.772173805584326	0.69413916952586	0.715237634289157	0.640653209034969	0.696003272922494	0.767260009071853	0.785819621598291	0.613029812836892	0.642439805592671	0.815768634741479	0.821078844797872	0.637843293608349	0.826840092127435	0.679470804372046	0.857678261184512	0.643745221365597	0.614920649564535	0.728840574576047	0.840025607562413	0.692460079359134
"SRR13358083"	0.781791320302883	0.737777886054081	0.722725130447085	0.815533508097174	0.638085433177693	0.814676986817963	0.752712110978061	0.653851324567775	0.680210518640713	0.643268685185061	0.705202096238835	0.774017394089929	0.754283300866317	0.727060291023871	0.700466632534756	0.786303094758387	0.717989503508512	0.697574266334359	0.690195302008356	0.693035974067171	0.698394825661089	0.655486838579336	0.67465114895493	0.764518396703331	0.73834428846956	0.653210992698801	0.699426380468913	0.751052278693899	0.727375473146825	0.638592872369215	0.609858682824239	0.819033641084856	0.663040314607724	0.690225251931182	0.655768474709525	0.679923596082463	0.792426879723639	0.764247714348275	0.701292678973669	0.730117834778136	0.728223009809619	0.572223527644256	0.686314348550898	0.729212737476438	0.683378442082145	0.782324131657816	0.696724605392312	0.810166497142176	0.760962484091851	0.716235398117645	0.649993932366398	0.7961795397383	0.646706610025106	0.646864753987351	0.688559873819025	0.709574528545859	0.679749124117217	0.65682971694288	0.700299528920361	0.777469627780633	0.727821183581183	0.680467840476341	0.699720132833649	0.635930245584223	0.68500100465589	0.728379267083503	0.785819621598291	0.596553080009736	0.630141931309121	0.756951671218665	0.821078844797872	0.649538519018017	0.826840092127435	0.659943243983291	0.857678261184512	0.625680980913114	0.619677362787498	0.709118857669095	0.82874349966186	0.669031590637828
"SRR13358081"	0.873730764578515	0.88845928973497	0.771085430910736	0.869804784240513	0.823236004896108	0.87760230648118	0.842663202037159	0.855689777340524	0.787603703087299	0.785450667367325	0.718610664793722	0.822275812849551	0.855913030736406	0.785238448936098	0.840910064974326	0.846989771041738	0.769307290997977	0.822735745619356	0.86634875485145	0.680992972634109	0.808032558887762	0.839451683804412	0.839021544986052	0.850598347419192	0.787129770320018	0.828843093887668	0.815805371248294	0.831930711120917	0.715206555072162	0.758602329125955	0.717954826586663	0.858656519296132	0.84339900982947	0.829967083006119	0.817125950794811	0.711995339354584	0.880465884402892	0.845296940861876	0.818447735288901	0.846712618706601	0.799924370855587	0.710766254000466	0.690169898430341	0.806032593583477	0.781680242694557	0.877034403551578	0.810567891969408	0.904727802600286	0.838609318111602	0.794277848832934	0.779904109796153	0.857751028606065	0.754466760591477	0.834434634996871	0.830054112942839	0.768233230847822	0.776103714523797	0.756657164353232	0.854411088040906	0.842727934361912	0.873107497594603	0.812891408455421	0.781320164660123	0.780707056795276	0.724846661428481	0.855080116029379	0.865578270270367	0.726033015550528	0.686670057214188	0.799458362293286	0.887985480484315	0.784497989916416	0.890223744265702	0.775111813968691	0.909731128313779	0.823926636576146	0.783176716312702	0.859450539401051	0.830733772470595	0.734515861091576
"SRR13358080"	0.934788035167108	0.933062440742458	0.545179307789936	0.909296908326031	0.851865595218787	0.924926580461392	0.746048041468202	0.923712395059178	0.843510141715343	0.84609041639677	0.786831236114859	0.668510587515635	0.909540736788051	0.752030189306195	0.893327823453519	0.694938007426778	0.834952225550641	0.705191529077216	0.9309811324305	0.613362897620845	0.85162739095567	0.878981901983539	0.905990000592805	0.877589508277983	0.86025133150691	0.886986261375319	0.855524551786539	0.818625667197831	0.623204286425089	0.745204313198216	0.646939286138915	0.893774365809411	0.894977149634783	0.865739012726908	0.886368799692446	0.631813818652651	0.938432578252321	0.89355567692205	0.857166705015727	0.924064425736742	0.663014733811528	0.739212668359586	0.801343965392841	0.796170297017629	0.72945448709386	0.937926203169864	0.789306663655248	0.958348725230815	0.866146999281203	0.702460045467098	0.834953888608633	0.903432792650928	0.795031258596691	0.872773093466269	0.844657172413337	0.847122321205167	0.736187580723319	0.749285980995172	0.887415319557456	0.895846373802479	0.919707480820368	0.797217876759205	0.667868214855861	0.84102020318213	0.613373911316796	0.873355701032014	0.923071500547337	0.658584484057431	0.656687716305428	0.843572057300717	0.935547234748604	0.798237704368004	0.935780123499716	0.804373787706606	0.946815576627553	0.873041782147476	0.834907720297403	0.900349984443009	0.949400490524404	0.847907158447443
"SRR13358079"	0.781791320302883	0.789736496399782	0.530738567929492	0.780207271162268	0.566739124978778	0.814676986817963	0.715442162771051	0.701728848188097	0.636870661026005	0.604529954946793	0.561637146921025	0.657447396333144	0.722741429319425	0.617066306393078	0.621396598434151	0.63179349147786	0.596036004152747	0.630124531440647	0.702525157295205	0.402222863939242	0.636113043816164	0.670450872222063	0.628238880189075	0.720909566436512	0.676647262945818	0.623327997778335	0.637220247380447	0.688062202354169	0.608659220081907	0.590284972249932	0.438190512707165	0.819033641084856	0.656497745066556	0.653937721358528	0.645236881089292	0.540832594456161	0.792426879723639	0.722941198003803	0.585998054900973	0.730117834778136	0.55538025171924	0.466653874997235	0.553276325667716	0.639376011682041	0.523436402315393	0.781276832812419	0.669239979941436	0.810166497142176	0.741885407909587	0.540999349483369	0.582166756953438	0.776692877306099	0.587502305338579	0.611427163404595	0.651397398887957	0.520525788380731	0.529388603131175	0.555222833193684	0.699067786957978	0.777469627780633	0.723365121074789	0.511058144032216	0.501759917653295	0.546335066719051	0.550055488639021	0.674908890075696	0.785819621598291	0.406101513370712	0.416887741591619	0.649355613337946	0.821078844797872	0.550884210836451	0.826840092127435	0.588740507434626	0.857678261184512	0.589009027368314	0.550633733561958	0.666816414075914	0.831176654180108	0.593697737295876
"SRR13358078"	0.781791320302883	0.80724510270462	0.734838522994167	0.898172283404814	0.678656062762801	0.910132448634762	0.823941040641506	0.756415522388905	0.849736937307129	0.656620542504446	0.606575752811842	0.803876143656887	0.752522818070547	0.763719218963841	0.696143550598588	0.804294344635201	0.785692037968654	0.77580555464853	0.733627027307944	0.729006019192294	0.812643173379591	0.834037452087531	0.68509139539879	0.816777482379972	0.729298962325619	0.755922605622425	0.701919640146651	0.849992744579701	0.721128828158482	0.796724424323126	0.648704659945977	0.932145270109775	0.81841137685495	0.720112186234489	0.791728020453335	0.654258278310335	0.852962253734645	0.753325325082694	0.678235337681467	0.751641770856406	0.735141495197379	0.58895809194544	0.617085612371873	0.846568452233403	0.787811304151168	0.862662567057513	0.864505663544005	0.854135794330481	0.885176232085144	0.708101003574359	0.646195652551739	0.807869660095525	0.728366193342256	0.702007476856458	0.867714685341912	0.596265120500885	0.732487979434504	0.809009393966842	0.852591485862807	0.878846864527063	0.900260960828172	0.671432916037996	0.756621844377815	0.744672785646067	0.677753769874136	0.825685753677078	0.834304435169663	0.70907431758102	0.573384063028994	0.786527646461336	0.907687880099214	0.686626202678072	0.919441934631577	0.681140919114655	0.924042115306796	0.727850885814294	0.771828415472606	0.806682444124678	0.831208536118218	0.683928434175356
"SRR13358073"	0.577874151298061	0.0973927880530731	0.106474703269437	0.188538122583358	0.228275808769151	0.21918232205149	0.0812311739115187	0.315316043849104	0.265413466715032	0.204562038298812	0.0973032748117571	0.156390278242423	0.443686587601941	0.25169555972969	0.162540964042201	0.160347209157709	0.482387295443221	0.152490450968791	0.235581219700528	0.0738655208240638	0.401848226260314	0.232510979232999	0.195002398027683	0.234864475974417	0.287584756882092	0.311248361281768	0.170098475113175	0.1766121129101	0.27167111069053	0.320722681819738	0.164095839460099	0.372939610134666	0.277570926637396	0.145704352536204	0.502999140549063	0.159220624180242	0.350057811472716	0.2107389339211	0.214967296880091	0.266778550297484	0.100822094699763	0.23194569861412	0.268115606370328	0.29190749723284	0.113578754989416	0.356806197787866	0.22392663837302	0.420637826951963	0.160916185991443	0.250590846364716	0.180629277109873	0.202348818663748	0.333762396716811	0.231121647260881	0.14075432353913	0.147130061724638	0.0804335039142636	0.470285571913794	0.352272496663418	0.148242847319241	0.221656726022613	0.170978839145996	0.0832268434396509	0.173416598793698	0.155807911014332	0.208079359584913	0.304938030150924	0.0808348826323356	0.175900179718393	0.161206143378656	0.222022848268199	0.27088523019469	0.258657432570418	0.370609773490775	0.301939801856212	0.271516156695603	0.239396316689558	0.184108868445437	0.331652085680962	0.353986583261403
"SRR13358069"	0.194760047720018	0.228882907903095	0.307411794505187	0.162251441090501	0.327073743017088	0.329025571336318	0.255743464029073	0.449696482975391	0.249814301160947	0.277427537624427	0.235530736882493	0.252777028416573	0.259820353909093	0.276775018622258	0.241892139211667	0.228066254665042	0.296376014645742	0.355565425777117	0.388456479789011	0.198445944111148	0.288612294918487	0.360931242892367	0.298141546694991	0.27377913080742	0.295524424545883	0.378937988666086	0.296392597230803	0.300582834581301	0.259120161544515	0.308452910320514	0.267097686162888	0.254712875513099	0.337144634771222	0.214604874361552	0.226188164356461	0.16155328872023	0.256056903623116	0.220908510721514	0.231927855527721	0.25662221165976	0.305547760972517	0.31914981151513	0.260363219018833	0.166948632526605	0.210006869712882	0.3343021402249	0.302200734692944	0.210519415355405	0.341369687322462	0.322876069060408	0.255985223998187	0.249461877425105	0.156869614784171	0.335964217573873	0.322267415357026	0.18971457783104	0.176314530677957	0.300921222582296	0.317827284280473	0.133762490957275	0.389756862833473	0.193660187085569	0.205595737121833	0.335692359010027	0.271995830778254	0.296750268155712	0.244429144985229	0.178292828874862	0.184431603649161	0.2793997078274	0.216416963177048	0.303845566568733	0.239846480840233	0.405198824451971	0.261881451376737	0.30265799880842	0.237032836443306	0.238677032559642	0.244524293140689	0.287431702949001
"SRR13358068"	0.165476159422858	0.27615991401275	0.513531997941661	0.288317664882335	0.437780782560475	0.397154187396907	0.430540223999901	0.460101348783088	0.281136055966164	0.327584682875458	0.306586455890641	0.404761188101125	0.302292713763056	0.471762571323005	0.302330872255893	0.380584398144727	0.275899795123722	0.552238988442105	0.426843491014252	0.381095553905866	0.309112029218673	0.454219220390247	0.349337255926306	0.336613482815152	0.336327250815661	0.487199156490819	0.35045710224708	0.393148313460353	0.392828117304413	0.377540121828937	0.420681031966135	0.336149392199066	0.411607529958834	0.257931413751627	0.219599627606358	0.23578429517452	0.301839031181176	0.269175312130209	0.282929814073203	0.296011324323661	0.492469875397631	0.394361776710775	0.28202114934848	0.205463368029495	0.354824848198929	0.387749627365469	0.403542519180637	0.234786712490353	0.422493974955039	0.412565505202785	0.292129985836526	0.320868590257855	0.133981327092493	0.440727053734648	0.442782888334446	0.218850199879385	0.326698956635073	0.309855495489022	0.388544138955054	0.232520450427931	0.483105897999315	0.333874390169999	0.424807686129051	0.386525330416518	0.364743150575004	0.378528018199534	0.311750265278143	0.359230299295287	0.268116945543018	0.363058830739329	0.311514777617032	0.312002143725092	0.334820689045836	0.421267184918754	0.337588569791746	0.375081827901506	0.287607330608209	0.30627694121341	0.360006235685927	0.333255705613668
"SRR13358067"	0.189892762849725	0.397970526271395	0.531239311119986	0.299763963451801	0.466766040477104	0.434462747393215	0.472389537178411	0.650261108399719	0.331756833654036	0.389284420047448	0.377869064989044	0.440238409395479	0.335527818718134	0.491404751920149	0.413989065110303	0.442605191952381	0.368234065490197	0.568763185427003	0.487601958323677	0.372517693127097	0.39948913996008	0.482930711120139	0.406326040632408	0.388686466877619	0.369415087772366	0.496702179333571	0.380970928633428	0.429512711483609	0.397499164492154	0.446735897539291	0.433766712926815	0.3566711046317	0.451379955077792	0.349078369462013	0.270283309630442	0.279756473023931	0.323526234768716	0.304934681107034	0.382313989003177	0.323906061687545	0.511789991051297	0.406890093246645	0.290356634627767	0.338882915036608	0.397605114452941	0.416266923507171	0.424108992511628	0.277326926143451	0.515645810196772	0.452827369273368	0.379978631655149	0.346573633081685	0.289077695286374	0.462898944216864	0.45941884089387	0.313129390300105	0.361155140931875	0.402262622245451	0.470630192726425	0.248152634121555	0.503179049731774	0.389239636429004	0.440051526186483	0.410852836482728	0.408178225678405	0.424628402161824	0.362966740388097	0.371628945056191	0.311720472718553	0.376192975048882	0.331301247362838	0.45540967976149	0.354910440095938	0.438698318534642	0.36205885443813	0.444722189744145	0.335795732812188	0.421927179980772	0.380581862468823	0.324628651378881
"SRR13358066"	0.421369668502347	0.305633593111663	0.569198802359669	0.335890185041504	0.493674649138879	0.456933344036943	0.463103250597158	0.508554304934929	0.3565483493129	0.385256891877556	0.376548702441059	0.504478532751589	0.395411283429048	0.500467177916982	0.404947277125612	0.464803228254989	0.360908491777941	0.596886434610051	0.495741853876391	0.416893037819756	0.408170223945452	0.504408433815789	0.403409190044949	0.414794636926292	0.405899386913513	0.52075371611295	0.409169923094219	0.468141991547814	0.45220661519052	0.447242213189126	0.457518707155596	0.395039836961385	0.47415938977371	0.305508082689714	0.296381242335202	0.292444456485275	0.377867920590369	0.336577750830336	0.365951994756552	0.354665986994672	0.553262153874913	0.441527139483233	0.354245442441503	0.264588698035292	0.413119220746226	0.446489107313153	0.474633981435922	0.332174289662736	0.472888869903474	0.511686004011909	0.341401085106009	0.38571290539463	0.229702817418527	0.493119664283778	0.492641277258142	0.298550774666209	0.369783369501712	0.387670532669051	0.46717728369592	0.261962297702052	0.529794900377396	0.398136151029812	0.452448382263039	0.452909097489831	0.398596869303859	0.468806745295404	0.370913602474013	0.380850531751495	0.34505224649404	0.457640057348034	0.362252344413326	0.397819232529059	0.387222655090217	0.512581601882825	0.414872814264237	0.441280044423521	0.338312151037982	0.435886671377097	0.357379907790973	0.410161821874008
"SRR13358061"	0.781791320302883	0.811440962170078	0.776113020400311	0.821317506529291	0.703805039068582	0.814676986817963	0.845334341237703	0.733009384651979	0.687606401418535	0.669116603825233	0.761482374036387	0.832048377440113	0.759616949228462	0.793644607700384	0.713471412003577	0.836376649004502	0.726334101304001	0.805085095387546	0.741063977522881	0.718380024170946	0.708791101401594	0.744217348845464	0.698541465370372	0.780892283414863	0.743682971834228	0.720360782767199	0.717008870971707	0.783174673778095	0.745934991445362	0.696859232099591	0.638764350825776	0.819033641084856	0.729354583748069	0.735382145129883	0.693553479938861	0.680534715352276	0.792426879723639	0.769536023125908	0.699546569981542	0.730117834778136	0.772115023247315	0.590542599444053	0.696843589203912	0.745488925256918	0.708711622334264	0.782509474176408	0.765923199148263	0.810166497142176	0.803485275130739	0.743924351209407	0.661495792479363	0.798290509247093	0.659819319282477	0.719710417104284	0.750815874128145	0.721302769575638	0.70025676482455	0.678386057635687	0.769942633638093	0.777469627780633	0.775836701629157	0.707262921384769	0.730022137159688	0.655740490306838	0.706612249177156	0.773859360791695	0.785819621598291	0.628990316526636	0.654357552846385	0.838673283541322	0.821078844797872	0.660566084618984	0.826840092127435	0.686333085999685	0.857678261184512	0.694643289902665	0.659508713154821	0.753325210245448	0.840025607562413	0.704734769478794
"SRR13358060"	0.758018368356952	0.742528680818096	0.796504858521618	0.738773101646269	0.718082099987199	0.751047277455509	0.802931601892351	0.716975152121695	0.672114862408257	0.655844773901078	0.720314861167771	0.817994370913134	0.727525773604607	0.77091724847341	0.709791668568847	0.858267126632042	0.749467957307148	0.740992728974011	0.726544817588212	0.705250156341635	0.719889495430809	0.727800015981449	0.691627549584077	0.760146908795661	0.714691112727778	0.71920647844294	0.718760340685249	0.777820364029719	0.747049917901402	0.667634027687024	0.667180782241389	0.738817933623766	0.717797332773763	0.711830813915839	0.695879014405102	0.691561028008519	0.727639283171214	0.731819760721396	0.713636184707334	0.667880140800224	0.787300657732789	0.618213515659612	0.721188436915407	0.756805404178253	0.71392249321365	0.723833826889568	0.756440101397656	0.752382922581325	0.764130289615168	0.803966211889916	0.662963491371021	0.7348088895447	0.693142826023983	0.709498661461547	0.736011925262115	0.714627619704859	0.679371181286477	0.732071489904496	0.756913399907534	0.638068189041554	0.748985530338997	0.71682352581671	0.726801063010193	0.683543004772198	0.741335918035044	0.774427606802416	0.706281683613624	0.629704350036539	0.685141658430062	0.801426713038464	0.725883869426733	0.731597546031256	0.738420809271887	0.729550481520617	0.78937237402414	0.647890930999432	0.672837240575539	0.744019968402255	0.777990651027144	0.752505394535243
"SRR13358059"	0.781791320302883	0.697977442424942	0.857627950164498	0.839268022625324	0.738857940404898	0.814676986817963	0.825062847925015	0.707735723128613	0.711157755856408	0.662315689297284	0.70713188202357	0.887757960447353	0.776526769094824	0.855227913490353	0.753606785715529	0.878020551568566	0.742272404753438	0.864749126102236	0.734754847707629	0.765334317817052	0.741314279850723	0.737147342468223	0.723036765490725	0.802806004995066	0.738127945498907	0.735527684944041	0.702803475559024	0.812563170381648	0.800672730852164	0.74324397096056	0.725879269636877	0.819033641084856	0.732973635715019	0.686494198309333	0.699407733435298	0.699331864118244	0.792426879723639	0.744720499834707	0.748508699820526	0.730117834778136	0.847170802337183	0.648574404024023	0.692213515318345	0.761683151232509	0.782705426844166	0.783115741303226	0.779161211681953	0.810166497142176	0.800770742497294	0.819285342133416	0.638511616275379	0.803115572526311	0.693142826023983	0.742429900795225	0.768882074310655	0.720083478635282	0.770134828922966	0.730018338854093	0.770848577654288	0.777469627780633	0.778299481538556	0.785075910338155	0.814875917222206	0.702757218059027	0.669626659687303	0.798965913950647	0.785819621598291	0.726282324479238	0.688891490043662	0.811610199812674	0.821078844797872	0.688041572020943	0.826840092127435	0.723138508048262	0.857678261184512	0.740749312248738	0.695762293360372	0.774156031598653	0.810974864780682	0.716420836433512
"SRR13358058"	0.781791320302883	0.765066115351318	0.717266616588106	0.810500160850861	0.667986123142606	0.814676986817963	0.807534086245563	0.594057878697908	0.673846866946421	0.646589307973764	0.611845885417766	0.79181202837579	0.749683846468205	0.697974915468651	0.689142680940537	0.790382067665538	0.63409737934351	0.763418607909668	0.730653926651225	0.554992900812975	0.689387477361566	0.723646497190791	0.67969326289964	0.765153646027702	0.666765193266358	0.678864585630134	0.695836978330467	0.758923616165596	0.710936992788905	0.668662540554608	0.584638392478934	0.819033641084856	0.710037242996971	0.680396132358729	0.68045102393166	0.593342161664294	0.792426879723639	0.750985409086149	0.669606820037801	0.730117834778136	0.71953153231855	0.556480860429033	0.576336830661129	0.684050342019111	0.660929491495789	0.77633310850274	0.741051725192963	0.810166497142176	0.723895789099336	0.693175183554715	0.590353866420496	0.787792121293292	0.640238630751762	0.691367166520122	0.72507699054447	0.515408403721184	0.655838049661361	0.645688566922478	0.737657295713036	0.777469627780633	0.761953437474304	0.656687271614033	0.672478086645707	0.626343851369543	0.665959939403307	0.748555784129586	0.785819621598291	0.568267087509716	0.518467892892939	0.690451356317641	0.821078844797872	0.562352934166271	0.826840092127435	0.660330179207572	0.857678261184512	0.636792250169354	0.63029279485013	0.730788132054475	0.71353225669748	0.675500918181672
"SRR13358053"	0.1317675765791	0.232878194604556	0.278027811748255	0.161446568945	0.270773690717486	0.224850106631433	0.243780555272463	0.25474208723356	0.107029001985378	0.240227079286199	0.22946270095004	0.175307292983761	0.117802823604901	0.207433771817322	0.195958040187177	0.192100847810849	0.0880479608674883	0.286862744598639	0.327980798205743	0.202610971527575	0.113796143827714	0.288522154948685	0.259847279910787	0.193054849737979	0.138499134041948	0.257085627755302	0.238317210379642	0.200291963114946	0.253851872403174	0.134672438810777	0.265335799595001	0.133363508969414	0.195281396315904	0.195228887059397	0.0984867118862578	0.113773586378554	0.13044179268464	0.150769582999513	0.193819220100173	0.154555287557062	0.275689960623846	0.268987092164623	0.231257154189879	0.083589960497163	0.193252761472903	0.199088239628195	0.236709257067355	0.13575222688388	0.307995065232867	0.251215648416469	0.211694689729625	0.137838946799782	0.0992966273505186	0.263549772592434	0.300764059810936	0.174183562393581	0.173396234842973	0.101676283214123	0.205683339368213	0.13269981504284	0.280373984364363	0.173348598283876	0.207210816089361	0.274727031040263	0.277598622518059	0.234757964049756	0.184780453368106	0.195418519538356	0.160981158674478	0.229809294664601	0.176792577106825	0.158379928750121	0.172605657644384	0.220234957681282	0.21338661316172	0.181730541539648	0.207125727574191	0.199443439502634	0.155408981583283	0.288882354919883
"SRR13358052"	0.0894663070350522	0.239128657979401	0.39708021465562	0.165147516746815	0.31714723748425	0.214530839523069	0.327450328545929	0.242183198905718	0.107531490508656	0.254568945247943	0.236150775396215	0.263850151675238	0.155484041114109	0.314486736236379	0.234882808448611	0.280687140284161	0.0903611575757493	0.438135913878435	0.339520586431555	0.256488850724831	0.122087192501496	0.31249093051797	0.289704450929009	0.242332971211471	0.173359140130296	0.280058559170368	0.252862123437556	0.229357111024958	0.287828613470302	0.167642944333868	0.336513391519568	0.123654651879748	0.207334240797324	0.219334718550752	0.105668080737532	0.139491876426689	0.187904071985959	0.184703950330328	0.234540472941158	0.195557652851292	0.376966682628655	0.30753173578205	0.235682121447401	0.104319075230233	0.247585198725998	0.270332832214685	0.267888071364704	0.128742474216014	0.315135147635878	0.329919570066005	0.219300099443034	0.190607717699155	0.11919476659998	0.304741425577111	0.340737337033713	0.189562614886951	0.219616468839462	0.12119599268041	0.220592714147231	0.129547987146404	0.294036831128751	0.226323808528983	0.281692650371276	0.310726711251406	0.316702226398133	0.267831933595143	0.177680932380778	0.262560655528999	0.198354745525071	0.264984304700362	0.170540535173746	0.180702499148352	0.164713046371559	0.23634554892601	0.206256517829505	0.229189395779939	0.247393940672381	0.235270992202115	0.205096005360311	0.275830518740355
"SRR13358051"	0.0694054595950564	0.278993618343731	0.48369611418244	0.264971523851285	0.360713503672619	0.261795599110951	0.393729414239655	0.213974552812677	0.10654547349639	0.294742920915336	0.310680432992263	0.346821190321042	0.125291250684645	0.336482741973448	0.281006046443777	0.355967301488319	0.0723256453776725	0.527810790949473	0.385970772610949	0.341689950800168	0.1114623251337	0.356105416888473	0.340776237066829	0.273399568595185	0.132949061217077	0.285946025558422	0.270993627885215	0.267017131041052	0.361081442855192	0.162414296028069	0.400947540380702	0.152476256499944	0.216224800619207	0.247059149856928	0.106002456486873	0.153701178536733	0.150472378670811	0.17846518459783	0.286311945118468	0.176386992839665	0.457595068544525	0.332312521047497	0.254345542938602	0.107587072311085	0.323613454472372	0.219908831340823	0.323372448289721	0.176971843664101	0.387018460505274	0.369370063248571	0.228040116128677	0.16852101655161	0.139633857593693	0.346781320827637	0.415271732430337	0.240717284511814	0.305509811649871	0.0975276707891725	0.249256078466599	0.220975086880266	0.326713944158365	0.29948663013305	0.377517945302385	0.344347278681388	0.325289566834359	0.327107103112495	0.238577209993036	0.350924880744394	0.236079599101843	0.335737342233763	0.25134611217609	0.16150813540692	0.229361811929832	0.215482107690113	0.297070812331098	0.248953494017675	0.294012127606039	0.295214061337452	0.135249416281639	0.291094077327224
"SRR13358050"	0.199442690246147	0.437737161422238	0.236487675097725	0.31901117220476	0.277850434045711	0.41848879400798	0.305898208051596	0.479463839810262	0.213176994999145	0.298508788028223	0.279024054117827	0.201222629999719	0.262523721125166	0.281631970228169	0.284488698115881	0.191606800063984	0.16931104134785	0.326436730918362	0.403337812226898	0.188404878711099	0.213422067839818	0.358542894583632	0.332674283018796	0.283723382225222	0.278876088587903	0.310849473672408	0.286006281654585	0.271995914220374	0.273933663308247	0.211122078816942	0.227027514013596	0.330196288116465	0.276108529623673	0.289129565294544	0.185375436551238	0.147071078217193	0.363108816075204	0.287801161912059	0.257311986422273	0.37834337233392	0.243461270277654	0.258660149864002	0.242710561989206	0.151133953277014	0.198781106903798	0.446551509790138	0.293904673468018	0.291047187457806	0.483622825346947	0.208455865780899	0.286130252678897	0.371134368124577	0.183981470581164	0.305670557268444	0.346031706092215	0.244473095584125	0.200731066847221	0.151061549738801	0.300016841522305	0.329403856550006	0.386390398220506	0.176661001314977	0.203754329150437	0.273024527069575	0.251641095663182	0.279728032327037	0.364263620313318	0.181386744311914	0.143368925387131	0.29412787684353	0.386178762069075	0.191574079290945	0.384531344899444	0.243712808224888	0.426582987510901	0.267919029341234	0.251442330562056	0.324723253171347	0.433742035525472	0.276877838978292
"SRR13358046"	0.111497530706677	0.231997929975876	0.221265322503026	0.200971301196837	0.258089612256005	0.131631252474483	0.316420296096866	0.212202594551456	0.147832538878476	0.169170890306358	0.143231961765587	0.173458674779172	0.255090241608878	0.38421063786286	0.176158208655621	0.322301042900683	0.329748084737392	0.284527028082535	0.135425464197058	0.294022592640786	0.363366437361939	0.220938726474848	0.168275178785001	0.14071648920599	0.187224405985482	0.344127111528467	0.19692950246421	0.147861188499086	0.316298843904064	0.304161371028367	0.302222944244515	0.27306837689007	0.225211981587303	0.254842259572487	0.314116708150905	0.173946566079116	0.180680078712852	0.194038517297363	0.245135640755009	0.158868865648667	0.178279296722767	0.242579221136109	0.193571752234419	0.302433796314411	0.169884428120291	0.234827827085621	0.195374308396816	0.153277433672672	0.133415193249498	0.233610572965941	0.223839337008707	0.134173808950659	0.22173075939535	0.246173990773341	0.154975488475881	0.142097717077674	0.14444903954484	0.409902369403144	0.256962914046484	0.155223581886864	0.202583038196285	0.247902868682067	0.256563983712718	0.131479259726483	0.477095881870097	0.13759199243515	0.200076152481103	0.23587515228458	0.211451457129407	0.175383165087569	0.16947902479544	0.17673496958388	0.197130818271371	0.209632405811771	0.166661683588389	0.229475990056543	0.256615019860069	0.252327376057863	0.249837884740174	0.272076919502958
"SRR13358045"	0.549410459870615	0.892783720032941	0.747890513398205	0.800104702121562	0.841441874407943	0.786794618474735	0.802523883055813	0.905048172523676	0.690621564816084	0.746221830323637	0.793640660575788	0.670181223366958	0.746806568038962	0.840204181617887	0.860350579703052	0.813555994187134	0.740993989735576	0.761474735431893	0.839293047397701	0.854081834478792	0.797090085153734	0.814841450124128	0.863632205255102	0.770781194585165	0.755472073802367	0.871128403240588	0.801309520038968	0.757017769265435	0.640105197530535	0.681179478013478	0.778683824564789	0.70285211178471	0.817231113343514	0.840841747022735	0.752614068122804	0.639719286817796	0.769419569912793	0.769957504375801	0.84909005658616	0.786018821136209	0.786731473231309	0.747518604696334	0.768438568955861	0.7903655139589	0.772753738195783	0.826776081625611	0.702304803320241	0.761930094927116	0.802786987195639	0.762319678534733	0.812630961763101	0.761011826242861	0.68672504266389	0.837044208420198	0.807445575114847	0.868644827622619	0.773992169699538	0.754501883566662	0.788331419976227	0.720065687589253	0.864074118509864	0.822347439160038	0.829484379164754	0.805349565017002	0.756092751912634	0.780721024613792	0.761576865744226	0.812718413209742	0.718685602702709	0.83134968450096	0.794128967039105	0.768273334961039	0.799009871106075	0.7114118530053	0.78916917942755	0.81337358523377	0.824962385625026	0.869812271005526	0.906367703774169	0.789477668486789
"SRR13358044"	0.839387288668064	0.95659026145056	0.873392732192733	0.932824671823542	0.939319667862225	0.908633395298702	0.916946870468698	0.954209636201932	0.851494373182474	0.884568361393281	0.908128796353678	0.865042699720108	0.90429790531672	0.933148584156014	0.943615311473031	0.920589111796905	0.857503176885165	0.910365547983015	0.941293302210677	0.930356084557187	0.895855170745758	0.926927751061091	0.943919301289504	0.902992822437652	0.880616541227997	0.948024109371259	0.905856025400975	0.88892721028295	0.78611836715203	0.839955728993438	0.886085065831435	0.863841212394663	0.93150245192532	0.927980386895758	0.89327671873101	0.756421618566338	0.916658412856281	0.90422699595982	0.936479208488022	0.912446985919778	0.903797045349304	0.863386578301666	0.877420728520822	0.874352690686297	0.904195263116712	0.930472159933614	0.864901538861236	0.931311460207386	0.902702336254661	0.883664870124411	0.901706186751038	0.899411439561561	0.820483443679496	0.939390759245876	0.920533466959218	0.944542417197989	0.906305742206986	0.853313516113748	0.920899895291001	0.891473470026647	0.94820577555826	0.937894472526043	0.926214189228889	0.910505254941477	0.83028082036527	0.920284996359839	0.906160892166986	0.918214271707721	0.855714058243068	0.941984885212862	0.926326074103401	0.880132905636784	0.925997730252775	0.850071514130291	0.9267925438731	0.934693388634555	0.918475287778018	0.949410585235327	0.957430345374501	0.90326813582948
"SRR13358042"	0.754176757330049	0.953744602184478	0.854851496704949	0.92088491673379	0.925598598869342	0.89135847933944	0.910645707372453	0.95045292726583	0.815067583661326	0.860652139327349	0.850958977650668	0.832063027149294	0.873974339243713	0.925090532340899	0.93092983165321	0.903958542494949	0.817923627693824	0.898901668123781	0.925018005340569	0.902751405797586	0.873943953353119	0.913275628159044	0.931971500893529	0.879262009200876	0.845349481982062	0.938980278120137	0.885992235000301	0.865376070650185	0.756781443714267	0.811999764900404	0.871216266654002	0.842045403990054	0.914977224825	0.91725419281579	0.862379559470188	0.727945115071612	0.893281899799751	0.877993381252149	0.918134964844599	0.893122352160362	0.886704806186711	0.839871629403879	0.824500897255477	0.85607455392148	0.885343747581648	0.915849256600049	0.837987395799754	0.902439474618559	0.893481720625632	0.850549590582806	0.886639936102955	0.876951565150943	0.776432849888152	0.926542656023074	0.906659116382151	0.912995253834604	0.891950398768175	0.823073650885574	0.900695247215922	0.879887086916621	0.938306749041443	0.922184948814493	0.919159701146431	0.888403282835103	0.816512878318526	0.895505438028556	0.886702967534666	0.910002031683413	0.800335743483861	0.900779525620057	0.913171356699133	0.846079893599993	0.912835100514653	0.807556469397713	0.908233358653202	0.919365675572343	0.903744889716391	0.939305765126568	0.952691057900519	0.873029247060853
"SRR13358039"	0.781791320302883	0.717606264973816	0.835658398060067	0.839268022625324	0.701090012100331	0.814676986817963	0.801549211744229	0.638529942977955	0.711157755856408	0.648576476514899	0.710656287810518	0.85053027675893	0.776526769094824	0.807271360569379	0.753606785715529	0.873102060167142	0.749583130239982	0.768796482184523	0.694156229867631	0.791885115145775	0.741314279850723	0.667657434391568	0.711452039095507	0.796352418657528	0.756091138763045	0.690234104170936	0.74388960138033	0.797644448593079	0.800672730852164	0.686192310594196	0.725879269636877	0.819033641084856	0.68426754557046	0.725922529959019	0.672414653918894	0.740497253817929	0.792426879723639	0.786270206553157	0.798118543058776	0.730117834778136	0.830587315979562	0.648574404024023	0.729879166427496	0.787499829968622	0.782705426844166	0.783115741303226	0.732585632311971	0.810166497142176	0.767749877541984	0.818264791821372	0.697803928632514	0.805090088671111	0.693142826023983	0.689163415808027	0.728749680018677	0.757613819238665	0.770134828922966	0.726787862102178	0.718984654217912	0.777469627780633	0.743020863195025	0.785075910338155	0.814875917222206	0.699446202499147	0.770921248678489	0.773511283776471	0.785819621598291	0.726282324479238	0.727811920230865	0.765347759558102	0.821078844797872	0.731676272166173	0.826840092127435	0.712925758740079	0.857678261184512	0.668769676102359	0.675614426106074	0.747725394205396	0.823171295740432	0.726315442137342
"SRR13358038"	0.781791320302883	0.789758875918499	0.531014879865384	0.780251165525734	0.566884308561213	0.814676986817963	0.715598729130314	0.701760859218471	0.636922694796947	0.604596218423339	0.717621734791771	0.657658911253708	0.722779634025601	0.617269904697677	0.621493731414092	0.632044997372783	0.660288730660812	0.630328972981341	0.702564933958192	0.531628446620846	0.63618893213043	0.670529171846613	0.628311913177051	0.720973715933335	0.695267314604073	0.623430919073463	0.637304134180516	0.688167048179097	0.608809122247795	0.590396903287504	0.438390122847022	0.819033641084856	0.656574500115161	0.654024180091642	0.645286450336456	0.497376791321544	0.792426879723639	0.732919194350522	0.58611765320202	0.730117834778136	0.555624317649667	0.466777095465997	0.623605323872657	0.608292642936576	0.523632919988349	0.781278056308132	0.669345370402986	0.810166497142176	0.766694034877341	0.541221236263792	0.582248267451886	0.783983085823809	0.587576442352465	0.611542406704662	0.651504861424688	0.638487090265389	0.529568957738918	0.555351149601866	0.699143868704242	0.777469627780633	0.723420688893943	0.511265536052482	0.50200450806495	0.546447631655738	0.550221723515302	0.675017496992279	0.785819621598291	0.406318457845038	0.461807217411177	0.77705924128058	0.821078844797872	0.529167480404857	0.826840092127435	0.58884226082857	0.857678261184512	0.589119818720846	0.550745956595753	0.666909412779556	0.83391224761563	0.593814975997
"SRR13358037"	0.858197406034505	0.870513354762832	0.701762449798413	0.860972271234778	0.769797422360806	0.866499123030914	0.813587075326854	0.828207633971223	0.755922272213207	0.747598181672885	0.811241775417074	0.781137205387529	0.830706781684832	0.780424895381348	0.798371363905974	0.792431332127098	0.787994757057159	0.772587234936443	0.837551556058611	0.721054943814101	0.771721956211336	0.80508785454145	0.799509924558733	0.823346781551035	0.802444335032906	0.797872887611788	0.778210028974533	0.798139273621776	0.704339096617133	0.716935530379697	0.644226582577303	0.851228487891881	0.807053009585917	0.793344266188032	0.783706784734074	0.664167467937616	0.865657012051043	0.828395378722729	0.770191593584209	0.826894015332174	0.736395966804692	0.652028485925531	0.759650651422476	0.7667120515366	0.718689677477602	0.860928747746998	0.776023106085255	0.889743528636322	0.834960538330374	0.730935750628019	0.737665414524396	0.847726293857198	0.71675320553832	0.78930466526115	0.791201230799603	0.804351395453482	0.716040729097029	0.7077967022812	0.822951205314546	0.83084480990029	0.845223014222372	0.745878054271771	0.709954441747341	0.738146653627563	0.674730886838652	0.817792913792596	0.851692420739186	0.642932723404058	0.678475560384753	0.868572842286611	0.876432790220954	0.720774846645986	0.879238680090344	0.736311505266984	0.90076068970702	0.776605162813283	0.73686453961409	0.822279626854929	0.896828273082606	0.767968599576091
"SRR13358036"	0.781791320302883	0.605136893646903	0.478832120729846	0.77714576135759	0.505561016210109	0.814676986817963	0.538822470743982	0.505896359115356	0.633251907656394	0.580835914349763	0.655641358411572	0.582371411775855	0.72008223058626	0.537886977382442	0.614632468152708	0.557128680603849	0.660197168692262	0.491770697636075	0.652045430811021	0.517532918605535	0.630830263249991	0.578328040578927	0.608363239264853	0.707395449064738	0.683874779529832	0.557416147509176	0.595891068484732	0.657700642536473	0.598207824899752	0.529075001441084	0.4243905175693	0.819033641084856	0.590359601767656	0.526752408849985	0.609672094236349	0.564982370277857	0.792426879723639	0.707537505927539	0.606985553386238	0.730117834778136	0.514754283074917	0.458113523218641	0.606226353956423	0.629443705443064	0.509784342437633	0.776447099661043	0.597432927518895	0.810166497142176	0.681601323375802	0.524241917117211	0.499753591619618	0.782957455772989	0.582347907732317	0.538301019639265	0.58865659627517	0.562265589979877	0.522524564974643	0.541867402328371	0.612875658457424	0.777469627780633	0.674704473682458	0.496660459989566	0.484790564126303	0.534211852887133	0.473014127400595	0.629526263228022	0.785819621598291	0.391140056781191	0.472582308669983	0.665675128414768	0.821078844797872	0.496669385717685	0.826840092127435	0.568167641059585	0.857678261184512	0.488267854963908	0.517344497668608	0.62377678108685	0.813221601416374	0.546451610839569
"SRR13358031"	0.74063846801559	0.721941665283037	0.779083442961682	0.649530331048496	0.685656144365854	0.699458835162127	0.790098718076772	0.694568653308945	0.643701673606586	0.624518931794347	0.582867712302498	0.815788337832828	0.690089994697618	0.712561846979092	0.677057677887844	0.835639069090295	0.702171153275166	0.775752594084242	0.702782983872728	0.564272075271269	0.704508192504028	0.690740705774678	0.663272308406832	0.723747047243522	0.643799886183003	0.668184769488418	0.694175152322914	0.743410610364927	0.704945163891532	0.682434847228454	0.623308126849158	0.671706113160294	0.685009675266512	0.699241019651651	0.681564712820832	0.597867792404677	0.676266631816112	0.683458994824617	0.687987735591633	0.621091435319085	0.763173070990548	0.596720123979812	0.638860314088647	0.69425314643846	0.659613511979816	0.677599241706221	0.717857225865678	0.706243972850747	0.699046075966089	0.794131171667885	0.637844965315012	0.672621186287549	0.693142826023983	0.68273787016451	0.691977959323813	0.620386348886376	0.607088008570609	0.732071489904496	0.723511544812304	0.523873145228958	0.71005066537916	0.662844398883187	0.652804245730351	0.66837842927979	0.719551161393608	0.743795743960206	0.642489223697971	0.555845372637284	0.587162699650289	0.710529419499778	0.644483537276295	0.699597132725928	0.662735183966929	0.729550481520617	0.729831888039442	0.668571662264648	0.64718054730464	0.708721811663109	0.55879877403968	0.752505394535243
"SRR13358030"	0.117608943811514	0.214968893559497	0.266873897181539	0.165005352454059	0.256505637605293	0.227990604259516	0.231831074927572	0.204666228876767	0.0972529638534624	0.240408092750837	0.258678638049836	0.188482193065607	0.156376197321824	0.216837244995967	0.191427993986638	0.1720471963634	0.0710880437892752	0.32853458462381	0.340445513481577	0.193764205072869	0.0923867418701481	0.278930320225719	0.260137890636139	0.202041075623483	0.167862667588996	0.22443717973461	0.220132912580858	0.188495105397171	0.23822946340117	0.126734279618446	0.245456664765296	0.128262153708292	0.177713325324508	0.179503554825205	0.0908845760811517	0.103873446053752	0.214415058154245	0.185054604922185	0.185795019937632	0.214938853935489	0.264902005279602	0.256761774742044	0.229352846957084	0.0707418106567153	0.183521160316052	0.292139249116503	0.232643031174391	0.155643644467401	0.302567185305693	0.238096164673536	0.1859518204653	0.20316512150132	0.0986740324353746	0.256170945806958	0.297567295486762	0.183124527163427	0.165000666106042	0.0777621141900612	0.196341691661939	0.144897726970642	0.265040461546942	0.164441364973669	0.182185178476385	0.271004564980127	0.227400204538814	0.239327947725359	0.196084260578464	0.176236377257648	0.163697120704432	0.26982650472726	0.188721885590047	0.133331214533568	0.178107724946986	0.2006558920417	0.237190593387126	0.189668188343408	0.199021783332034	0.191359133295513	0.207862109836238	0.249305181678409
"SRR13358029"	0.774700311494601	0.770518002786132	0.572310968025478	0.786788940524657	0.58860174748449	0.814676986817963	0.738571499186565	0.635561998286585	0.644720861140688	0.611642429944158	0.617403092245572	0.688759086483274	0.728495365699182	0.647423832361769	0.636005150996787	0.66903479829897	0.597017154147327	0.660546420620067	0.708519359446634	0.46886387254633	0.647537201031444	0.681535180363825	0.639240845574913	0.730529549247112	0.671263647259044	0.638797353794306	0.649838153795761	0.703730992121075	0.631133176244535	0.607138704767469	0.468639213883773	0.819033641084856	0.668037283237595	0.647212326341406	0.652714583319116	0.518484012156537	0.792426879723639	0.731645921575706	0.60400363658216	0.730117834778136	0.592005795592507	0.485369579090798	0.585773565922693	0.625285046857845	0.55310713049338	0.778258236192508	0.685016962685819	0.810166497142176	0.719722464831528	0.57439801866224	0.566299031111418	0.781032621026196	0.59869300177789	0.628747164141314	0.667506046198073	0.524819187563372	0.5566125221632	0.574579601695978	0.702211816577439	0.777469627780633	0.73170901793403	0.542410294295227	0.538757955121094	0.563337253328039	0.575105189229508	0.691152311171962	0.785819621598291	0.439357778092972	0.4387974034529	0.695150897161057	0.821078844797872	0.511055571488261	0.826840092127435	0.60407316488349	0.857678261184512	0.588264017128246	0.567579411521689	0.680761996896631	0.821058631132326	0.611340012455621
"SRR13358028"	0.925247538772195	0.908693406496352	0.626715192940801	0.91013764861926	0.862163976422297	0.920074844629831	0.777677228765324	0.848433098566231	0.842868799296955	0.842676421651872	0.774729165788712	0.728435709161284	0.907011501939438	0.740027141660304	0.895168587863562	0.757082423339338	0.820059296313969	0.753846825381201	0.927273354847794	0.645158364947469	0.854434018600018	0.880901796771488	0.904391135819205	0.880848643384719	0.829536486985435	0.882120463290097	0.859363548194866	0.833404471977597	0.666506600786485	0.762912069031653	0.689627381758268	0.889833668792583	0.895546853968598	0.846517940950641	0.883374339060614	0.615240286395538	0.932948108961737	0.89140794180411	0.863918357896934	0.916815743000074	0.721200175677351	0.753340759889663	0.771069723602829	0.784344673562255	0.763988556854028	0.929657115396249	0.8063427592119	0.953686509257756	0.824457184709507	0.747955679910962	0.799674398033824	0.899600427532736	0.799551250591828	0.878436527682939	0.854246224847795	0.781628730192785	0.766517316928749	0.767972516522284	0.881579006286113	0.890177720251676	0.918816353657821	0.822977881022959	0.721819976180599	0.846556732127221	0.657157808902704	0.881209317353808	0.917342757441259	0.703689330559896	0.65686299515132	0.819153597346178	0.930819561024536	0.761403121200017	0.931219691856088	0.813579614500929	0.943105940348368	0.858852683367195	0.841141259899647	0.902947046422438	0.8900685418334	0.855618180098273
"SRR13358024"	0.232745924980447	0.414797511720433	0.428103011832516	0.19399815950182	0.348187271944737	0.274935703916952	0.346589854582234	0.227738257452501	0.136531860126647	0.283609925566729	0.30978386256805	0.318804596076438	0.196975757789047	0.336546456023417	0.255665676619891	0.31217245933966	0.16968402718057	0.459541278893853	0.379166029125912	0.298847067879347	0.144038563640635	0.339461893308054	0.308687198205864	0.27461350292789	0.209582413660599	0.304585170027333	0.288383839779463	0.262767251168593	0.334494518167592	0.196312714576422	0.352980920764505	0.143318504055699	0.240262606194315	0.230592009391629	0.127793718674287	0.157139169472849	0.219997418391633	0.219908033732939	0.250185874138537	0.221779237314136	0.408681025467124	0.335178908507902	0.306818019979172	0.113929629506163	0.272601797439488	0.295093531389227	0.303881661597486	0.312690586605389	0.314555526666145	0.438721811302635	0.233059542128586	0.219009039658938	0.135049537786942	0.333415016458404	0.364471347322873	0.226527792935833	0.233886547915508	0.14421309531459	0.254323533329628	0.133619020617716	0.320820156641388	0.253871838704834	0.288020684380613	0.466102538065109	0.343415803423193	0.314890428522152	0.200195042160698	0.265702854742669	0.250428761639943	0.3507700494	0.186154329774109	0.232011092947887	0.182012003279977	0.295482227029788	0.236508633230861	0.253412676261827	0.260945657850597	0.253008161691864	0.252342533182789	0.380448998780714
"SRR13358023"	0.950126334566941	0.927881578317676	0.684740500099717	0.93416193490688	0.914001888041838	0.938349938517367	0.784462694164481	0.929513995145173	0.884221824270442	0.886712983076239	0.874217119945024	0.769376228986532	0.936139392408311	0.844436358810636	0.935612528951309	0.799004788098111	0.900131818071631	0.802558773310825	0.955179777008208	0.786374156173931	0.896918226490507	0.918845139759173	0.941966006728471	0.9126647328593	0.893324061299657	0.931489477714103	0.89034384550176	0.871067867325505	0.699775131994299	0.811753527861488	0.769681422627158	0.905259956623987	0.932641039588592	0.88281590581981	0.921763230016073	0.716134055831918	0.952937671029213	0.915053189616004	0.91270429536211	0.943071703021142	0.783964483855093	0.823891405803884	0.868890686449312	0.856393989635419	0.830574533633871	0.952384124919672	0.845156486707693	0.970156342398879	0.890732886879644	0.813164387428696	0.858121233555004	0.924413555096157	0.848342841756603	0.922900666349895	0.896681543168949	0.9056144613415	0.830997258081664	0.824437830025836	0.921596873617777	0.911872085951066	0.947210002620965	0.888599536056078	0.794797887339496	0.900955106130687	0.644938768215608	0.919615590017473	0.938652824950277	0.792812722355102	0.792915544896675	0.913550719611123	0.948407823789125	0.856981359906672	0.948236991015644	0.864238330869197	0.956956166754065	0.918022437419165	0.895644550133472	0.938779810710221	0.958811974826377	0.898215035262716
"SRR13358022"	0.250629309435675	0.6270664189776	0.738937519471076	0.73755448473684	0.614069714025606	0.680648411016372	0.766439848919449	0.584072354649958	0.464587012390241	0.48810983209553	0.682481011411953	0.699547541486923	0.505120991589875	0.759260304729514	0.611943390668042	0.749859965200225	0.437292184920838	0.79164529167314	0.564717160988286	0.791885115145775	0.568773222156817	0.653727169085322	0.600391872537122	0.612791155661609	0.532035097744186	0.658852271579158	0.512102631575888	0.65231992616467	0.647628969712108	0.570644422260283	0.632497304028061	0.684980959503153	0.591223172162657	0.517609805526496	0.45754832865388	0.50339062186812	0.572567836804299	0.52272905305509	0.611656411911808	0.56076507117074	0.726528880986228	0.499210979105221	0.444238919453789	0.608825404894145	0.633660666114488	0.633456283642279	0.629052509347537	0.480292787937186	0.674848621620237	0.571256463339697	0.438555459557975	0.655581449847397	0.423894288350469	0.63230242586025	0.678472450130672	0.522923841197129	0.665525990367177	0.531563129125324	0.588491197801891	0.709277952990029	0.695613018637902	0.612874866252432	0.774161031169258	0.506757957397974	0.545828930666036	0.573939758754538	0.628058053000719	0.684910457062544	0.473755985443224	0.710780045808247	0.711009686696341	0.394104528113757	0.717875453306039	0.439220444539092	0.69227410069477	0.53803962479138	0.586473296331487	0.679839043097678	0.695119338364221	0.4382313061231
"SRR13358020"	0.19216993765142	0.553162472641543	0.486950065960634	0.673339887166887	0.430710185760686	0.566537391121338	0.547520678764061	0.331856841077566	0.217710807313468	0.399215568627555	0.488319732006472	0.439767937858501	0.342539611976883	0.478250608606838	0.504164781308026	0.498751219062786	0.125855782762302	0.567665504373476	0.49365378845462	0.511571820700763	0.250162963465155	0.504750931175755	0.515544600228062	0.513551199748556	0.307270436163625	0.400464918152964	0.35710753855004	0.436070182957655	0.493117340305899	0.241506018165267	0.451704978890464	0.488885969562187	0.342840088855497	0.388614006119769	0.242216387017007	0.291219277529919	0.523718035398756	0.420516074863728	0.488132724525571	0.510489057646232	0.500085883290261	0.348807416329572	0.280704086726716	0.331417415926892	0.446915346513961	0.589211949952697	0.465541785849383	0.41362513713446	0.60021448360899	0.346286394487826	0.301821146133384	0.568318234921875	0.328501147392811	0.450774825721853	0.566555069380647	0.35097723411924	0.502655510544413	0.17295232914619	0.388562797783298	0.698525357121043	0.519013791285994	0.413016582670001	0.564845294495702	0.384103045070328	0.35280252748561	0.429606746985542	0.558623348438154	0.499796525330666	0.262946310028428	0.446811174475829	0.660614231304717	0.16804977256243	0.626781091853567	0.203866682140158	0.661323756615028	0.303049522331222	0.473692289782524	0.579921077335011	0.550733446622224	0.295228784572273
"SRR13358016"	0.52889298536837	0.413712826689007	0.545844673488369	0.484921889747488	0.459933312241842	0.479277521741755	0.507052937989536	0.261486710439999	0.266709887912504	0.424624309436596	0.466400216159023	0.518770817975914	0.391505355502145	0.482790063258699	0.441637177470254	0.514795688150465	0.227063253923767	0.594701432678645	0.540266088501765	0.401082030600141	0.250225144443051	0.485623117952883	0.490695065656374	0.507388246156169	0.332138835581218	0.390551976254222	0.407583001846455	0.443148953970314	0.496194403176808	0.290218911790873	0.439477014788499	0.36263022694092	0.36329854517266	0.369459912047279	0.278270794727837	0.273618232186887	0.484790013699973	0.423338907586517	0.439953891119964	0.463327050364185	0.532547690923251	0.402003464642881	0.408742327850663	0.266311344983635	0.42860485019235	0.523224626956992	0.479722677360999	0.443669074040082	0.521966584742604	0.499440193938417	0.312018398572467	0.486048173360187	0.337135397222928	0.460643059751489	0.530142789145089	0.353863538444595	0.40879908428317	0.225060285492026	0.413747241081813	0.426204993767847	0.476350837235193	0.411117503187411	0.436090352987949	0.454751658545045	0.395192545700593	0.50250710942542	0.454657682005002	0.386999387555155	0.34065942044354	0.511408915819985	0.481168238884374	0.264691581888761	0.457766561237918	0.358426862168246	0.562941638779798	0.357381829616611	0.436289262468026	0.460678105295635	0.385804547377999	0.470318739918524
"SRR13358015"	0.781791320302883	0.82149750640792	0.857627950164498	0.839268022625324	0.76132785792153	0.814676986817963	0.8848615241299	0.74764999835414	0.711157755856408	0.698936405049422	0.718854668516433	0.887757960447353	0.776526769094824	0.823615095163599	0.753606785715529	0.897527027571594	0.74072050275255	0.864749126102236	0.758835251058218	0.746702645555416	0.741314279850723	0.776348786473662	0.730292621839858	0.806851380343757	0.726821473322241	0.750088012822645	0.752205772855139	0.821651333067122	0.800672730852164	0.74324397096056	0.725879269636877	0.819033641084856	0.761491879610945	0.770721880375944	0.715986425876016	0.682908789103386	0.792426879723639	0.782117991667898	0.748508699820526	0.730117834778136	0.847170802337183	0.648574404024023	0.670485828382725	0.751798395581947	0.782705426844166	0.783115741303226	0.805741820568276	0.810166497142176	0.819965919506181	0.819285342133416	0.697803928632514	0.801813285210155	0.690424654040716	0.765777818082436	0.792272674692431	0.711345354375841	0.770134828922966	0.732071489904496	0.800291907658566	0.777469627780633	0.798971310327478	0.785075910338155	0.814875917222206	0.704863463708854	0.770921248678489	0.814086881470406	0.785819621598291	0.726282324479238	0.668494788973439	0.812321708964953	0.821078844797872	0.697311519801934	0.826840092127435	0.729550481520617	0.857678261184512	0.740749312248738	0.708269783189917	0.78999849769094	0.744223974000585	0.752505394535243
"SRR13358014"	0.781791320302883	0.771780639400007	0.857627950164498	0.839268022625324	0.76132785792153	0.814676986817963	0.889096970173794	0.583249294605724	0.711157755856408	0.692949251244151	0.78133816231831	0.887757960447353	0.776526769094824	0.855227913490353	0.753606785715529	0.897527027571594	0.746298367867318	0.864749126102236	0.758835251058218	0.791885115145775	0.741314279850723	0.775090666569952	0.730292621839858	0.806851380343757	0.732825099308667	0.762164599992039	0.752205772855139	0.821651333067122	0.800672730852164	0.74324397096056	0.725879269636877	0.819033641084856	0.761491879610945	0.732815030868818	0.715986425876016	0.68735679703902	0.792426879723639	0.786270206553157	0.748508699820526	0.730117834778136	0.847170802337183	0.648574404024023	0.729879166427496	0.75471494222557	0.782705426844166	0.775655324754708	0.805741820568276	0.810166497142176	0.768882555013064	0.819285342133416	0.638267240783522	0.805090088671111	0.690236820810821	0.765777818082436	0.792272674692431	0.672986711938253	0.770134828922966	0.732071489904496	0.785077516009955	0.777469627780633	0.798971310327478	0.785075910338155	0.814875917222206	0.704863463708854	0.770921248678489	0.814086881470406	0.785819621598291	0.726282324479238	0.699757452317813	0.854252069841916	0.821078844797872	0.648019469122181	0.826840092127435	0.729550481520617	0.857678261184512	0.707114394971589	0.708269783189917	0.78999849769094	0.816272551082877	0.752505394535243
"SRR13358013"	0.781791320302883	0.776427714657601	0.857627950164498	0.839268022625324	0.76132785792153	0.814676986817963	0.884612941064315	0.598882556487155	0.711157755856408	0.693468236243022	0.78133816231831	0.887757960447353	0.776526769094824	0.821635518569834	0.753606785715529	0.897527027571594	0.745995762736999	0.864749126102236	0.758835251058218	0.791885115145775	0.741314279850723	0.775199373738202	0.730292621839858	0.806851380343757	0.722930558870559	0.749378991392354	0.752205772855139	0.821651333067122	0.800672730852164	0.74324397096056	0.725879269636877	0.819033641084856	0.761491879610945	0.73623644917874	0.715986425876016	0.685754786905613	0.792426879723639	0.786270206553157	0.762267995400603	0.730117834778136	0.847170802337183	0.648574404024023	0.699368947749793	0.753664612598195	0.782705426844166	0.776305891220268	0.805741820568276	0.810166497142176	0.773661521914971	0.819285342133416	0.643606675862452	0.805090088671111	0.690311171822952	0.765777818082436	0.792272674692431	0.680869160687417	0.770134828922966	0.732071489904496	0.786422230562905	0.777469627780633	0.798971310327478	0.785075910338155	0.814875917222206	0.704863463708854	0.770921248678489	0.814086881470406	0.785819621598291	0.726282324479238	0.69893265211813	0.845430289681694	0.821078844797872	0.650203137885648	0.826840092127435	0.729550481520617	0.857678261184512	0.710114306342769	0.708269783189917	0.78999849769094	0.727744583731849	0.752505394535243
"SRR13358007"	0.781791320302883	0.729005733670998	0.582016604741752	0.789625308925744	0.598071146856145	0.814676986817963	0.739816195637797	0.501256783887102	0.648134215659519	0.610982428781589	0.621749418775798	0.690897067797281	0.730991173774625	0.602697974594966	0.642325597098478	0.684729496180599	0.630500646309342	0.673478175978104	0.711121588989573	0.482806655281937	0.652487846713342	0.685453184661645	0.644013502884802	0.734675429297306	0.645728333742402	0.629509172145235	0.655299135313453	0.710446678399861	0.640803991869017	0.614441526293177	0.482059602969737	0.819033641084856	0.67302834321355	0.617728455512468	0.655965591285658	0.50817913010902	0.792426879723639	0.734222708131925	0.611803034276642	0.730117834778136	0.607751527988612	0.493580823638695	0.554810795105807	0.61869366271206	0.56599360352955	0.772687063599201	0.691795898144775	0.810166497142176	0.687097086062206	0.588829621180209	0.521907743921127	0.782042137614697	0.599638136498243	0.63623115836678	0.674440868578106	0.453678463099029	0.568436736979203	0.582987633417155	0.692652190177941	0.777469627780633	0.735312037936995	0.55604824782835	0.554848984283761	0.554978252437721	0.585961346117725	0.698121856727002	0.785819621598291	0.454111937837622	0.440059589093441	0.672638718443483	0.821078844797872	0.469984494142954	0.826840092127435	0.610725011647434	0.857678261184512	0.564907421153036	0.574952439544415	0.686769903737107	0.713925021777485	0.618977203856343
"SRR13358006"	0.150772213397576	0.202696598933825	0.228191426493624	0.186267261127615	0.227961872609478	0.264067842737915	0.200407482760148	0.18435894068693	0.114709139051882	0.233635813472293	0.235371729285053	0.174672741484041	0.178787324237591	0.201281796189656	0.199780059940351	0.143734983005978	0.0824907775667472	0.296300905324304	0.331589270943757	0.167552902795056	0.102695819446189	0.248814424735517	0.257630163890818	0.235572128306168	0.185094527455273	0.207378610072659	0.224136761316294	0.186384473503264	0.238002358811836	0.133696142411152	0.217730224696206	0.158695462667961	0.171489906745185	0.174298306959164	0.0982954880487459	0.0996856878385095	0.248466184730757	0.2032979225327	0.180713281076873	0.245721547115326	0.232998995010753	0.246918251033561	0.237522524414219	0.0721410110121526	0.169357418959417	0.322983788286204	0.211719210785977	0.190060036708998	0.285879243105254	0.216261132843223	0.186761343905073	0.231180500009321	0.103960363782895	0.233743669189397	0.268920312367391	0.173860649517568	0.15403075789405	0.0822649812276825	0.184221011851283	0.168356199524756	0.258754004426535	0.151178207421348	0.158020187362823	0.263817974768986	0.211159309168366	0.227901283890078	0.227515007006177	0.152133524998489	0.148801966669808	0.239127027199671	0.220291592741686	0.132907173348068	0.210702154026334	0.207440774477586	0.276061578485645	0.190439097334186	0.187317975750273	0.184493614195779	0.228404779364598	0.268792439914449
"SRR13358005"	0.781791320302883	0.795657511970101	0.590153527607418	0.791718180456061	0.605071755519657	0.814676986817963	0.750130550638024	0.710216176517907	0.650664760185007	0.622102075484265	0.654137035561448	0.701012634665793	0.732839181808616	0.634136762897013	0.646997664922387	0.696144716045633	0.671265916731463	0.682935259895705	0.713049257256755	0.517323757117014	0.656151041769007	0.691037915101279	0.647547021163404	0.737734324728036	0.68410591777572	0.640384704700311	0.659336988072921	0.715385680552562	0.647928223431426	0.61984343197168	0.492065320443343	0.819033641084856	0.676717640684603	0.676676786394374	0.658375651994722	0.530291609557389	0.792426879723639	0.737928510675023	0.617570847582504	0.730117834778136	0.619328079537931	0.499694345199246	0.585545373128887	0.635047593378185	0.575527462841768	0.781603763026746	0.696788051890029	0.810166497142176	0.77685625555351	0.59947310555265	0.603785858343489	0.784122552157054	0.607171879580704	0.641758688722676	0.679553010775256	0.602792027086655	0.57718704144423	0.589214220289547	0.719010545005233	0.777469627780633	0.737973314681151	0.566144590254171	0.56675204244579	0.560936314238506	0.59398753391495	0.703250376324759	0.785819621598291	0.465146400871587	0.469136349137437	0.726684222240168	0.821078844797872	0.552526635171434	0.826840092127435	0.615649028874099	0.857678261184512	0.618275410321606	0.580418269937016	0.691200961471491	0.776934137607191	0.624623282922996
"SRR13358004"	0.28889378445915	0.73173272479508	0.448911516974805	0.683872040693726	0.384958578595177	0.600240415828797	0.682610827725234	0.281326642074188	0.235966360931003	0.426800280605916	0.486124098336691	0.445992894608759	0.385815719966007	0.530685575939978	0.504841602535419	0.496778645929104	0.167489862651998	0.583091698683259	0.493085754129691	0.446898762840056	0.24925150688875	0.447533963230764	0.511340662859255	0.533129835885189	0.352418162820113	0.362879012181258	0.453834835345582	0.421950594362217	0.481297754233391	0.254379028154808	0.404965410216006	0.518773770898671	0.311648822612218	0.547750082242113	0.250557934945596	0.295506041744499	0.581346362455332	0.546291367744476	0.480226787374694	0.551170429990197	0.465872769794156	0.338716078497674	0.384197928690398	0.328704914660885	0.418801806746693	0.625888210487762	0.4291338710507	0.498270345369259	0.609032568240421	0.337592694273772	0.405237353250975	0.601749099533301	0.36054695276629	0.414299599750985	0.522187377811692	0.390524572417145	0.467750921239822	0.163168901020123	0.361646899043992	0.71531352312584	0.485764257564684	0.387481317210661	0.490421210559584	0.374989017264515	0.520846844874993	0.426588587965725	0.598541824191483	0.431532662586382	0.268436391571089	0.481984625530072	0.689430523160367	0.181393372468171	0.654679750169246	0.213407772701954	0.709218160067915	0.332351861065341	0.448086843785034	0.550944322364117	0.723055369879842	0.351987993119146
"SRR13358000"	0.22286198943133	0.781021664563288	0.691013502455341	0.695685148224393	0.522365391238012	0.62609092864473	0.836130540995271	0.614366567395185	0.380020139397312	0.451994155169717	0.61584457834098	0.597717292830249	0.411014891708741	0.723224426350328	0.558409496582587	0.724650527969201	0.369372038383607	0.760105221211006	0.491264838926009	0.759954420087294	0.504559578495568	0.595855812665655	0.552504773743271	0.53384244094216	0.46573323623266	0.609475804361967	0.525675918131419	0.581726279478827	0.556877521402439	0.504437742483587	0.556224418444997	0.614608227736379	0.526255826243289	0.615934279522818	0.368530881857391	0.429562928735777	0.485829643902266	0.513436354225322	0.56025231823826	0.498498516825306	0.675235005052614	0.411135146938524	0.371038434527262	0.555897195572302	0.575293067633134	0.546151539028394	0.557264215500743	0.356917730481868	0.634002802845215	0.454293737665466	0.49244948809615	0.592192702482715	0.340932951213177	0.566846574705866	0.634017055414251	0.473726025575085	0.625829020750884	0.458485717120179	0.51515511419624	0.683996717186612	0.655220070615671	0.545069236304715	0.75925908045901	0.422154578861572	0.675029073830235	0.476284019718625	0.549615015173189	0.670395153425039	0.378525351139702	0.624428642772734	0.666530782979619	0.345648879411528	0.670120562845828	0.340128820873503	0.605856541058302	0.484405166251864	0.524732664225137	0.634507527338329	0.705047228013696	0.367016938529489
"SRR13357999"	0.197441636559966	0.702923185502195	0.576526328462236	0.665166191851723	0.482070254984467	0.621476351180556	0.722752352357054	0.605744430413504	0.348319545483923	0.401858088579089	0.6274456680287	0.478450005545654	0.380123739892266	0.625739387947451	0.504337011040806	0.582555508007124	0.34275024181494	0.673418381014145	0.462342224681539	0.720840350330577	0.459799575277826	0.56192689831499	0.51094849161884	0.4888142851498	0.441904136715212	0.566138259181777	0.437637921374558	0.51738571808918	0.505729861465502	0.445326435196767	0.499036842657801	0.625401159676343	0.47982478843533	0.505832205453941	0.338629410941697	0.365674791414517	0.478727116611756	0.450666488844756	0.496713197001384	0.493399536016476	0.558408058208969	0.385986904787107	0.330395360660092	0.488788338912574	0.47580700594802	0.575194452277401	0.493965421383462	0.347437007139885	0.653526794029679	0.357584508271986	0.414364852759393	0.580042412152203	0.302190870434238	0.519063684500741	0.575636974438522	0.457426568004156	0.537592397232862	0.391452544144276	0.466340930436376	0.681884677672951	0.620799041384932	0.43961978973994	0.661371840452067	0.367804315921426	0.513190549329163	0.409509989626949	0.560746163792789	0.567157205270814	0.313522386098853	0.609974504175176	0.662756726210644	0.27588624249012	0.669753663404892	0.290491784852966	0.611972301708529	0.426836020513638	0.484164228623314	0.585349095948634	0.671258145796592	0.304448333993163
"SRR13357997"	0.224082460603547	0.762922758944661	0.573130647836945	0.668524082395471	0.483444444167378	0.628262321022404	0.771675819517224	0.576031854068914	0.355896750069368	0.418573707974474	0.636531220067929	0.480353571591538	0.390706391323047	0.615152115073081	0.507064719953122	0.602599233136251	0.388441261270652	0.670709983151086	0.469371171133901	0.714703490592874	0.464437686370658	0.564280240810483	0.513885444501173	0.495508468046536	0.445976628112916	0.564480365940568	0.480901423127718	0.521751610496976	0.507609405198782	0.44870435799814	0.495696432581134	0.6322431966136	0.484524454607846	0.563982173110093	0.346650291499723	0.361659118735033	0.489186055231083	0.494760174125314	0.498425059651359	0.500906738585832	0.556463280832008	0.387398261886355	0.347196809402102	0.485934061115072	0.475709447611142	0.580241625134509	0.498415586533305	0.361434910394308	0.663061168748439	0.361095775297089	0.450101095030538	0.586784681356624	0.309123648856918	0.520908421742674	0.577056415615833	0.451897972140277	0.535981564083586	0.395159280916124	0.468681136801995	0.684991523376352	0.623537968454007	0.440141674982684	0.65531779514219	0.370006364528407	0.595315954581435	0.416409915263474	0.568374790442155	0.560772934917472	0.313111511113217	0.613574315167024	0.668305765419283	0.275966066285801	0.675297192215425	0.297464694795731	0.621287067515795	0.423314728189618	0.485259397906729	0.587065110888544	0.666602504081942	0.330174633795333
"SRR13357996"	0.639194187412637	0.791928763959638	0.5577923603196	0.783212331725275	0.545346174949502	0.75255487564812	0.719719444203362	0.459184948837465	0.45471547249767	0.611027078061181	0.722061745822947	0.66717000544622	0.511862712254536	0.45634984234856	0.630900249798363	0.656163739371426	0.374694556091461	0.649994688957402	0.706421758662147	0.501604149494528	0.411743553683015	0.626828043994678	0.635391906930623	0.727174081009296	0.435806875243443	0.469077145395207	0.613435679521482	0.623288516565213	0.62329736000907	0.407268007928124	0.457904380972564	0.695249274954495	0.521342085638419	0.662390038812779	0.503483658684456	0.431627290583094	0.608340139434467	0.646737904897577	0.59770783092549	0.581999125714857	0.57923398212632	0.450095747096106	0.587541925193225	0.464904690341234	0.54271617021024	0.601189551381826	0.649368812534443	0.802651711619385	0.740291561971572	0.562726559155958	0.540394829990765	0.609654799394917	0.594772884714775	0.572629348836109	0.66188938819861	0.646955372981658	0.547079203169621	0.307715765028869	0.622316939010511	0.777469627780633	0.638237465251768	0.531422007304724	0.496895201788115	0.542574756661964	0.566342545807477	0.685497150647065	0.755969528209288	0.427596885775763	0.475763990361588	0.756334750549128	0.799827434461691	0.389690691168892	0.777703074374883	0.458852778603524	0.857678261184512	0.50539010637542	0.561642462847943	0.675898193828797	0.423670818289526	0.605173052738518
"SRR13357991"	0.657000863000503	0.742346197964488	0.680088979157919	0.808689291489957	0.624255117027026	0.814676986817963	0.730930727348048	0.664530631807672	0.671573487903116	0.620309665948332	0.563911756603651	0.740435773365717	0.633954445680762	0.654328294805704	0.685069083363308	0.756589520965086	0.646407410625103	0.656044303018535	0.693097345807208	0.548273884918679	0.686156503089353	0.659206823060682	0.665513496255778	0.756065615522188	0.592204518174627	0.647621242978668	0.687255122945438	0.739050483697667	0.704965510938341	0.615991748192184	0.575575461815905	0.819033641084856	0.662156375881142	0.677414344316361	0.653868649796139	0.60127908923119	0.641061322857438	0.672423430274789	0.664582544231643	0.618918407992648	0.691168884147179	0.550866506491564	0.612746524564078	0.687527382146473	0.652780887986074	0.642755442882497	0.691670070230037	0.810166497142179	0.742446593992156	0.683280795724106	0.636519609658736	0.663935462325824	0.636998613379817	0.637164481829863	0.681533963255773	0.593847773891635	0.648301029988344	0.636912679434394	0.700534864120576	0.777469627780633	0.727240533757595	0.648049724797518	0.66251363500179	0.61819149002364	0.659068064778034	0.718168226700337	0.785819621598291	0.558113418975885	0.519676878813542	0.630605034844192	0.821078844797872	0.619574083642401	0.826840092127435	0.64594995769556	0.857678261184512	0.602102779069845	0.606049748438683	0.700991056852095	0.665951243315845	0.654343482522799
"SRR13357986"	0.619802438807852	0.314317295878034	0.317278607544285	0.215009436921353	0.348115137302842	0.320134946933701	0.315535817341834	0.394388560822432	0.389761279987976	0.34661699662971	0.168133658711608	0.380007838718542	0.480236399893165	0.419063625541334	0.353230447658794	0.421109213922652	0.618797598927561	0.339192216905386	0.37099544026462	0.144267917905175	0.548955208046675	0.311010005749759	0.344370456588636	0.377405271723981	0.403833767958422	0.387641497090245	0.406895428667044	0.343172044928177	0.391833314296473	0.454449847776976	0.293145984290209	0.355719511311108	0.362024665567875	0.400648625028022	0.542500680360207	0.309898985191389	0.386636431600043	0.382637905978009	0.40496289631264	0.334898835712409	0.297429853634278	0.369509738919772	0.481293591654051	0.444254732915717	0.241822697852182	0.404146692370788	0.327421693380944	0.44572386139558	0.270036658399337	0.523995534686103	0.40109890334574	0.289604788714266	0.558145947030259	0.336778312135095	0.256379501951973	0.28774821372305	0.171447567492559	0.620562669669353	0.409104896961001	0.137860836587238	0.328870098399802	0.289244209378483	0.180302889231443	0.371903633515681	0.491215459079884	0.36670177860232	0.323589595962882	0.160118539773374	0.304228443995221	0.278966470657396	0.243389735648609	0.531321309364671	0.277190786677323	0.561940503299929	0.351070595371784	0.403790408385293	0.369361100792918	0.365980002653026	0.383122085967651	0.594398662079836
"SRR13357984"	0.142754722028155	0.40967792997498	0.409196004386229	0.33158232999302	0.377700175572181	0.439246567110827	0.371508406625486	0.653536933602395	0.296652718603444	0.309056142196241	0.242940829964875	0.338101019018242	0.289083180167848	0.432946433713771	0.400815510050551	0.383872124730665	0.362002935699941	0.479353364456268	0.405230643995607	0.291897095413251	0.42968499629469	0.435080778657744	0.425268433450623	0.372772228918905	0.328847757027978	0.448068902611212	0.306453388379475	0.394739718869115	0.340210918494593	0.375626213043682	0.348983171587553	0.390476555940864	0.382598717309485	0.32028435638536	0.333476878165154	0.262221698031395	0.328541360951502	0.256477848881752	0.417073527751308	0.360448827924012	0.392699865028085	0.336208130589095	0.229515772148965	0.399811861542761	0.29673314640831	0.43097094543586	0.364525385959967	0.245399475944329	0.526771605420765	0.34903982191996	0.315194893832964	0.372304540179928	0.346163012798397	0.399359118695365	0.415004626709333	0.271260886990592	0.29568488826007	0.425771642804496	0.379539668167387	0.315896080945957	0.478057176069767	0.270831923322817	0.371448615183721	0.355932406700639	0.283737133551551	0.32430941333051	0.355810920483522	0.311650098083935	0.181787806992445	0.279879629292378	0.379493279401097	0.337851470656023	0.400799440465077	0.334903452256006	0.386108486324271	0.370127514092391	0.404049099938027	0.456652230243241	0.400414164160459	0.26459454416297
"SRR13357983"	0.256573976562902	0.188790406065143	0.234612820065628	0.115441222901946	0.2412032987531	0.190755774185613	0.177846842195431	0.111521868636768	0.155138664585481	0.234955049524084	0.143077594164974	0.20346209407837	0.166010986496232	0.140545753555244	0.22578556676708	0.250812939154738	0.152228414737687	0.179898082912787	0.311290078700714	0.0875470003487416	0.153456964669775	0.230523559460584	0.311438462788782	0.255016500110663	0.156413185455688	0.158382397215268	0.245365448447851	0.220624256875032	0.247510524136317	0.140354672116709	0.224134755277748	0.101392595042157	0.160429820988523	0.211208196579726	0.218422052270286	0.172055809579285	0.187700424561719	0.203158091748536	0.285646372487265	0.224680595946671	0.2130348172645	0.267857665542428	0.270468518011852	0.196271110308841	0.162987687638132	0.212712666253786	0.214471857605692	0.180821769171142	0.21506778623979	0.331466358448461	0.184696117318403	0.193303785269273	0.39661397995701	0.21315962242448	0.240575912843746	0.126231910359597	0.131873830085204	0.207774997080067	0.17014822305934	0.0976979232478474	0.191424718629644	0.136921516847804	0.11338426982865	0.332092119044737	0.265201988251017	0.258087596290689	0.167903015835527	0.124133280249662	0.155396057330032	0.15231421871787	0.130280994630593	0.211956346606669	0.118805607022141	0.269521195023412	0.186342183993179	0.139656820975216	0.332370083194095	0.215173954532434	0.0946058452178155	0.386178227050259
"SRR13357979"	0.101675912339752	0.191262573692322	0.389577238428677	0.156608200557821	0.32036326129537	0.216475251239525	0.288929396052382	0.226787043176282	0.122654340697615	0.250886981912374	0.229148528266211	0.264299258388293	0.165147759069691	0.298835459504127	0.274104315708587	0.270539278168556	0.115123875849759	0.424065708325072	0.3443267493669	0.242495988903029	0.161060525735531	0.314420782493929	0.287471538782766	0.241600336196727	0.180308323152503	0.290167571475311	0.250019432633524	0.237210958145528	0.298542133787331	0.190894481524897	0.327311648525887	0.12766624946082	0.222736134418349	0.192638269146562	0.119651726847412	0.156684249630124	0.186483768153723	0.176941723625852	0.255804820962834	0.194332807538143	0.369928739606073	0.313792104824185	0.246100218104233	0.120010894177709	0.239777823739414	0.264181238754355	0.270082917283234	0.132344827180559	0.289753965509361	0.343825682036512	0.201976591101026	0.187016915655834	0.151557152059275	0.307872677376482	0.332090023123971	0.170671737931947	0.205828583944759	0.146885397330256	0.226974758736929	0.1131314619981	0.300441045840744	0.220314798275024	0.262554168525947	0.319125497337821	0.291636050932695	0.272483427542529	0.173674762631984	0.243140441442127	0.211191574882613	0.258342591367144	0.159854740567943	0.18988928269272	0.158762139606656	0.272752169113244	0.1978494142215	0.231563644773568	0.247365680260752	0.300021486880072	0.17888142520502	0.336422013199313
"SRR13357978"	0.687010968818786	0.261370779434726	0.482626363317458	0.323206724146923	0.460913692886963	0.427151261720807	0.346979479589897	0.168488828662619	0.290323623334655	0.449715708255194	0.375328444870388	0.569067245128512	0.456086843342634	0.317724904794822	0.450147314018749	0.540409928228492	0.394871568199661	0.506706879310457	0.603557432801799	0.209832259992309	0.321433196674891	0.45873179184912	0.523866814850867	0.559612332416041	0.339533399412437	0.342351967765581	0.43528878245476	0.470402791741407	0.477098792676393	0.324575220231744	0.376234244462616	0.278934312114813	0.374960989140163	0.334034900353368	0.447409640479491	0.379112095637276	0.49712898306307	0.428651226103752	0.503094485788606	0.416396287967715	0.493896048429348	0.432138417223264	0.520248875497799	0.422872800440835	0.375633453633197	0.491204873231906	0.486882556734111	0.539728561843409	0.400149718238691	0.657351080656134	0.283418717492743	0.409031610085866	0.58623462437922	0.444520147734322	0.481194515249271	0.321627242251016	0.293852833723992	0.384512735689099	0.434772317682965	0.223646269308402	0.429857395617952	0.373478608268967	0.261024713009469	0.560753022557226	0.354695793119165	0.575885882365609	0.395176531196329	0.238330527268483	0.42081920355784	0.463813269745198	0.346845505463971	0.386136049614243	0.333468557139419	0.534330168216987	0.515780489168781	0.358333307638175	0.50551887358358	0.427736771920696	0.204396075320757	0.648966683020604
"SRR13357977"	0.781791320302883	0.769271175130607	0.552093815692657	0.781196466925764	0.562167565739126	0.814676986817963	0.717777728556565	0.668142678057116	0.644531950433233	0.609405227886755	0.59648743414231	0.688020604120182	0.728357130707511	0.64670258648271	0.635654756300779	0.654912569889314	0.661992215340618	0.659825111086189	0.684563835530745	0.476199343045753	0.647262901099811	0.63968705244049	0.63149101245595	0.725790181291116	0.682353196396448	0.609022750970116	0.646062815067794	0.692013728590855	0.619701333005602	0.606734027973999	0.467899313256356	0.819033641084856	0.637479768447659	0.658512494977204	0.636293548381374	0.577233572378935	0.792426879723639	0.73211672901158	0.603571387212505	0.730117834778136	0.591130502942783	0.484916363046946	0.583422265508666	0.655187434518889	0.552393323026188	0.781457754596275	0.652967032832233	0.810166497142176	0.752320625083449	0.573597195581043	0.594172490803744	0.781428679160477	0.598423586768053	0.601964628613954	0.63976253952525	0.576365386206308	0.558422717840534	0.571854643963496	0.677345003141313	0.777469627780633	0.709417316815	0.541655192281263	0.537866775383835	0.560728185918406	0.574503520637943	0.672159657877485	0.785819621598291	0.438545958972169	0.465693930445842	0.678386106003602	0.821078844797872	0.519890942744261	0.826840092127435	0.5950232078077	0.857678261184512	0.605293230216923	0.552142341098767	0.662289099556882	0.828485198300718	0.565601950830406
"SRR13357975"	0.316088329741679	0.803762113937685	0.540370069150624	0.710215031097459	0.511996792340855	0.701718865383642	0.76006368732837	0.721890565886931	0.451599078965751	0.487107174093839	0.665628482019625	0.549748904581388	0.505675176157514	0.666010924880232	0.547059345801458	0.612103352996055	0.483218479252659	0.656385521147349	0.553933120696787	0.65520637380072	0.524770980320608	0.603071650780478	0.554042142307693	0.578279695375849	0.562495687631825	0.599693620702693	0.535920621815796	0.581593567758697	0.542652279078822	0.497604289667677	0.475165337915778	0.706147206118526	0.545544212914262	0.625190524896266	0.44815001613414	0.466859189460612	0.607110367590066	0.582965433734856	0.528658690978548	0.585816025974434	0.555431509985467	0.414046194212942	0.473421735318574	0.57440570376315	0.491685729252734	0.663446105331506	0.559319328276817	0.532407729370566	0.739900356740904	0.420984774792429	0.536704680269598	0.662638110079945	0.400244322613991	0.552372369124786	0.603060055666589	0.580424775256797	0.533216697534894	0.449407514300882	0.565897142127001	0.719273390124727	0.659670405845318	0.463992824905075	0.603485444599224	0.437661975755437	0.579358325191506	0.507659916662286	0.652430726754577	0.506461624349143	0.391700912693282	0.700094539984313	0.728162610877664	0.377372614619583	0.73493412385759	0.391961166283107	0.720143548582036	0.505972854687905	0.507628958798385	0.615155134669233	0.830901331458573	0.417573636272219
"SRR13357972"	0.077450286762749	0.441576286000615	0.205327927472059	0.229764919742779	0.24924170598684	0.245021990422585	0.378706463145675	0.409591782303634	0.172594831684319	0.208712848095999	0.153777375791493	0.153832616965512	0.208504920697783	0.340996765707181	0.23799328911671	0.26397579697015	0.257910929262268	0.296556746614541	0.216561307866917	0.218400906877238	0.332654346790506	0.277993659254673	0.249642918352633	0.205356221071075	0.216227101126619	0.348298983865906	0.247190438934076	0.202240378817084	0.256179262675501	0.271637365262962	0.251107095778344	0.297146778502073	0.248425963290998	0.325974412053089	0.256654960804405	0.155935915915423	0.212050099142105	0.217446109904107	0.271063312357308	0.227050834541598	0.196166151985063	0.233590125757003	0.180483776006842	0.277665983647639	0.165795408979944	0.300416252812385	0.214337339089576	0.14868907148574	0.271474922646501	0.189928646296837	0.279741157558743	0.209780162611482	0.221879734384333	0.263039834289035	0.227178876291337	0.152898191230353	0.163545209355689	0.330505257942595	0.25016799293144	0.218953827459499	0.296420071950999	0.178755667751424	0.239903096412966	0.175016421731016	0.41987192354167	0.160868475156636	0.244620490098042	0.211840927625221	0.122507230514091	0.166556913513419	0.245359748185136	0.194837096796276	0.270113840307273	0.200725867351812	0.231656728992831	0.235571946064965	0.278959993660917	0.304675519924616	0.376809102821969	0.23793442851916
"SRR13357971"	0.116587483795179	0.369749422331176	0.222806154124033	0.173861445910116	0.264765233248933	0.236235446335218	0.348688467030065	0.332096804309717	0.199857544749036	0.225210373602432	0.187751833608456	0.177690973475114	0.221066595935411	0.316888235642092	0.256010871391991	0.28460372144653	0.336598617399877	0.290850846979333	0.253316920439921	0.207354293343661	0.36664578032999	0.283215995763645	0.272473023298913	0.223905170745498	0.231323290389373	0.344337611284296	0.277585943915346	0.224948081564167	0.254845773717562	0.293499704959945	0.24513559316828	0.249933938511034	0.264259462662532	0.312454967598188	0.29719836237699	0.168431514788429	0.20711241060662	0.22628247289609	0.295520310620819	0.22466431356461	0.213065326036662	0.257955208855255	0.248261140717529	0.297838438833635	0.165193086879646	0.282152266477758	0.227400988847101	0.159281421804137	0.238709150895147	0.254794159963394	0.270724834635773	0.201436083102135	0.286854513072504	0.271899495683256	0.231727206185915	0.165555423272328	0.145810527299361	0.397248027306158	0.256294044142244	0.14535126730056	0.298003177249853	0.174577652905982	0.198840622445825	0.220320325271266	0.429580228403423	0.191659591087109	0.216598358981459	0.177335144023235	0.152665587279452	0.210729315615414	0.195590585734226	0.236939101909173	0.219563347966627	0.27494201607498	0.20966707218373	0.23812756236685	0.298174340922315	0.309607753052253	0.296069888013325	0.31595707913697
"SRR13357970"	0.142266572328952	0.31338161547118	0.199233426641746	0.177918339289521	0.254530147097854	0.202055092107468	0.310514068129982	0.294033497447242	0.189753742718576	0.208282503453165	0.18055749185645	0.166506012605984	0.246373499774545	0.320261618271661	0.226793802557163	0.275169194066837	0.354950297050163	0.264650860901748	0.215070276455879	0.214997830298637	0.370432186023616	0.257765350627087	0.232133352321421	0.204016516035278	0.228590270603362	0.336990383865968	0.249312920687769	0.194703437404562	0.265770193847399	0.295653019068741	0.242754845978249	0.264385065174309	0.252262987231898	0.288607955805206	0.318975942173725	0.158483726705529	0.210796776260269	0.222883999159965	0.27222448126275	0.20899156655544	0.183528862252949	0.247856745358384	0.247961615181845	0.286163207305458	0.155592173111703	0.274839584089543	0.214857816646014	0.175831798944441	0.198242978422742	0.243677336514773	0.255316398448577	0.18153896166021	0.276863479613745	0.25675373177714	0.196208192047823	0.167639844351925	0.132856849836867	0.404358104112788	0.261968422554924	0.145334747967739	0.26041811129287	0.185306115197154	0.188354753888671	0.184187761781417	0.424846903100184	0.17521220946221	0.218291936679471	0.170968818432475	0.167742198884075	0.212124506820705	0.188690135280145	0.22594251445364	0.214778136863697	0.264130195045646	0.204032362149068	0.235468808340043	0.277389106431855	0.286088843988633	0.292408983472209	0.311344476362501
"SRR13357969"	0.403989169394035	0.281519532772062	0.312296112157592	0.190370672689428	0.309609919534549	0.297795928126523	0.27772351143113	0.245141674313964	0.200563339763346	0.297204822892915	0.242007749113562	0.287587750259086	0.249385168936511	0.306489254057236	0.347250638843352	0.320266121472233	0.244237597504954	0.351618758677448	0.414276163722143	0.162276239310276	0.280523777216148	0.334154285943622	0.39430436123633	0.312743690221972	0.238127551485445	0.293659406236614	0.300444275626204	0.296873275406958	0.29287145189866	0.236388248137027	0.261416638268934	0.189944071868524	0.258414551870574	0.272207880451438	0.283407326616998	0.175651663803264	0.284339419173086	0.253337940158091	0.387897264538797	0.302944346008001	0.303352904045589	0.305147623365357	0.349810763093273	0.255471987446404	0.213997715016583	0.346084541813829	0.297367102803295	0.246031228263916	0.315973308309848	0.389471390878972	0.236621648211447	0.274276528448973	0.435709258077635	0.310110380139779	0.332148994442773	0.216466361203421	0.178669500835302	0.293681190471511	0.274390978494188	0.149121046622385	0.330279581822359	0.198561269902918	0.183692418787471	0.376744364160046	0.291670434634318	0.320209920368222	0.248179601449407	0.170685052405885	0.184448856266419	0.287006576377148	0.223073904277525	0.2660283045757	0.22278104195097	0.332160931181983	0.298923154114274	0.248547984495174	0.375369606567332	0.381671372308917	0.263521169116013	0.41678979662193
"SRR13357967"	0.0897666941851229	0.339476120313507	0.518239050128545	0.368145166263799	0.426411605690337	0.414826488565354	0.492956180960891	0.484255487257847	0.279197277791181	0.3075852765065	0.309312145530417	0.378167382680853	0.262794830208895	0.560270027837582	0.347690545629136	0.385656245285243	0.267811360454832	0.5846267822329	0.388389180263499	0.456502177242675	0.31545786986443	0.458233728736336	0.358810185009194	0.32134325285675	0.309716528757369	0.497397721512656	0.32553594145001	0.380590568805113	0.409669976834735	0.361042908631021	0.442751132245038	0.370401722809686	0.393000652217898	0.269366796886521	0.185613807784216	0.232265158854103	0.290525523675344	0.255662509260692	0.308456239847058	0.333188887453969	0.4979774700607	0.370865726493362	0.230671049110138	0.214056110353152	0.369115545521854	0.395745023169288	0.389279944953919	0.195295885432821	0.496144444315635	0.340769887141622	0.285032928704866	0.361823132973111	0.132398574823081	0.438542361851645	0.458781830290307	0.205737612745467	0.375071352729875	0.267825003871379	0.362542767135764	0.324508088107238	0.496865959635682	0.339795721636946	0.510307079786886	0.343053671265301	0.368159680854872	0.333536099242669	0.33243179333312	0.433609487422468	0.231202592492774	0.336843362966338	0.368831034357046	0.248865069062428	0.388550034038989	0.325364289400679	0.352906731871095	0.355906859892243	0.297657285005952	0.397398482789792	0.434225757189571	0.297090893651353
"SRR13357966"	0.345609834543251	0.766744321322694	0.622607491936332	0.726156675795326	0.509657634096463	0.61358886324025	0.782703538990844	0.302495590716472	0.270800453836243	0.506370564829502	0.589458364396593	0.613564021827118	0.437916655384029	0.584926948172204	0.577197598176388	0.674818693200649	0.195173944616387	0.702151407894239	0.575836108486498	0.567084594060132	0.287973957202891	0.562873401462822	0.578030372396115	0.60733637166588	0.373575224729256	0.439250209244287	0.52491903957669	0.521369542265465	0.585381587280232	0.310945496046255	0.523022362282184	0.527808326213038	0.400339814668094	0.610884236048874	0.306853356456333	0.371949900105402	0.608552347533288	0.598195427836037	0.562745194615516	0.570175231170623	0.614914841615697	0.414279985253279	0.422084056936111	0.393034217286976	0.542547337560715	0.641600422902344	0.556672181765429	0.539716354099721	0.660093544509629	0.483651393774878	0.447027676639098	0.631855067544457	0.428109300045425	0.525252768865773	0.633952054361759	0.453924247859387	0.577321113470563	0.210408245728071	0.467986421739565	0.723334613934819	0.563351822673275	0.518505155727184	0.622412727400999	0.472660801466152	0.617541641852882	0.549619379801035	0.616368802706639	0.555444542874294	0.375255323027475	0.595883119775887	0.702108015500203	0.236529588856908	0.665729563062127	0.279264046741079	0.731178517532455	0.394745356003851	0.538515848601882	0.642815260884894	0.605913185643578	0.458671587194403
"SRR13357962"	0.664135849855067	0.219814278989651	0.609134343285203	0.282787815820236	0.488726070246877	0.399789901797904	0.382770610717323	0.226390494209843	0.361269901522036	0.445449670420831	0.258982755939027	0.633408572722318	0.4659251114374	0.469900555641783	0.395879812285302	0.529005479963663	0.281474885429577	0.590988946601077	0.573687343556641	0.212745173261655	0.277743858871502	0.424445980810116	0.459042204182716	0.476958014726115	0.362445722745424	0.361822840133406	0.471061812957439	0.461684077681362	0.508395061736862	0.355701496031799	0.458915771153688	0.257697129181356	0.373527150321585	0.33139194872238	0.309157384117428	0.287308190275051	0.45942877683888	0.420607512193234	0.404141166524373	0.42480237661035	0.598489925693132	0.492259418293179	0.483546936464781	0.2105980942846	0.445327933128445	0.466643019656927	0.477929903155527	0.504040749351448	0.37666376659773	0.70342288509692	0.354990843118495	0.401936562118691	0.356618440615557	0.455056018179033	0.472045057099088	0.30322014274731	0.339613773742385	0.308098306193273	0.432414659878688	0.175565365120323	0.415177568109611	0.449044727474661	0.334783841092143	0.579411230878088	0.436801943254287	0.589462273283053	0.357163669031653	0.300721905251537	0.418739332540436	0.378883060890547	0.298232580864204	0.465411965903582	0.293262181139278	0.599603177726076	0.463396009834287	0.436917645264293	0.374259944414468	0.341799148857367	0.195408405074384	0.610752221670433
"SRR13357961"	0.781791320302883	0.54584294219334	0.69935523486158	0.80922604660698	0.600338725060734	0.814676986817963	0.661036303694095	0.50318023423119	0.672246456078756	0.587870722564533	0.528122123477203	0.786762612297649	0.748525557498392	0.745867408714437	0.68627644686348	0.726315721958333	0.660003155411889	0.75825893556213	0.668549852957913	0.558573997903333	0.687113639961592	0.614516242478807	0.65905041143555	0.752537604068477	0.679859607849794	0.619158307821446	0.61819444285085	0.729579878637426	0.706738439816919	0.665339720775301	0.578260501553571	0.819033641084856	0.631918573518834	0.546035776193794	0.637911390495873	0.653620855817479	0.792426879723639	0.695563581080926	0.666071920541147	0.730117834778136	0.713038905910174	0.552527805943072	0.588211150375985	0.712512141644333	0.655199619009279	0.777258097325588	0.660973045878778	0.810166497142176	0.684025169969525	0.686998070818781	0.512360015952049	0.7878780261676	0.63795783577025	0.623387980136064	0.655493100958818	0.518952250689693	0.652879218309415	0.636352252300629	0.65373431060116	0.777469627780633	0.705133700810624	0.650613822494889	0.665475183360632	0.61748232279747	0.506388525709106	0.701440970687651	0.785819621598291	0.561120807655475	0.5461430318713	0.624279551952302	0.821078844797872	0.547377367428914	0.826840092127435	0.640543060712006	0.857678261184512	0.638367163648679	0.59451145065135	0.684244993321841	0.789926619660749	0.605656535762555
"SRR13357960"	0.782747286040077	0.265343697595284	0.252021523014495	0.318056531284939	0.459014542063759	0.594929726441151	0.142921357821061	0.492813055960509	0.578757651925096	0.468662700780477	0.280166471082637	0.310303723676194	0.616845893443449	0.264099765281683	0.581300294676086	0.309948424410512	0.722798651046166	0.231880247863975	0.657162530815802	0.150715774645609	0.658734988703303	0.452941670287187	0.609786852907718	0.565592313394155	0.537016976213302	0.486351819808922	0.508283952166845	0.489921852122588	0.332835859948788	0.444966783178574	0.299136845679366	0.470492713164171	0.52391404984469	0.349022615658534	0.66045491725807	0.371785707465211	0.61273597512613	0.482634925964331	0.576382503401329	0.598881694385838	0.313970251620292	0.477165588506465	0.550386510066926	0.557610621807197	0.299555306672917	0.629776099113825	0.394469762095781	0.680410845892086	0.406814353389813	0.559091538264657	0.416047981667734	0.515619204600196	0.687918999421435	0.458225174874835	0.406585399123783	0.389135135360809	0.231880081582023	0.65720505366431	0.494173855948159	0.246213651383206	0.551550396672314	0.326747581162466	0.179547769138603	0.607884904924509	0.272512391130451	0.535254167736262	0.520140523832472	0.174305070931416	0.349617331676528	0.312809932688722	0.446443780039623	0.596818424066485	0.47677618538611	0.686204163297617	0.581396673750009	0.452404399991456	0.514806295526361	0.539294985650293	0.400694723508367	0.617245795582286
"SRR13357959"	0.674780492566961	0.162961639500519	0.259490951211504	0.227054177332504	0.260681985056275	0.383244494723563	0.151745122360615	0.118368556367755	0.271744530192943	0.367188105511383	0.219754975050479	0.337190054920887	0.397076100184004	0.236472576163925	0.434114442811666	0.313620966085031	0.292281493379722	0.235500817054475	0.497173531648008	0.100281303361138	0.297443130209218	0.27269056857708	0.449953549901727	0.47244559215697	0.30509418748328	0.215437615106398	0.358250268824808	0.341460304987373	0.294910538088623	0.208739581662201	0.207947323172788	0.216430482444283	0.242394524805847	0.243673395694367	0.359045281224736	0.224555553030188	0.459066989068355	0.36862107133668	0.450882598808572	0.421768052508686	0.30406300825215	0.302231551469139	0.484264024351954	0.280120796433018	0.246943142538737	0.409667823600157	0.315272070226961	0.503408201091641	0.234092815427485	0.500680913420359	0.238035313806703	0.375507042438915	0.611060870799985	0.267753420723646	0.321202933129461	0.251553166958221	0.186465098970868	0.296949325860517	0.284816893894864	0.177807235302322	0.302596256903573	0.240795981377083	0.139191272914897	0.477073675379367	0.259345489947633	0.432437768269151	0.329849361172895	0.13405768556179	0.261845768475973	0.256341493955118	0.294706853895199	0.323201013270043	0.277739006968548	0.44187414278886	0.447393543931535	0.232298296061495	0.366119085513598	0.400491322820403	0.293289531321722	0.442204822655629
"SRR13357958"	0.741274122243408	0.666890556434022	0.585550486761725	0.611862732673745	0.593079818124327	0.70140697093945	0.623003268417859	0.672542469943695	0.608367539081356	0.579822877036047	0.469206606238655	0.632933165285553	0.66267595838365	0.57780780790219	0.613106427276666	0.694759674350579	0.700770800925318	0.510797062835937	0.675503800256806	0.372586386955096	0.655862798595931	0.637618505402268	0.61453020702651	0.679075818007519	0.624157840859954	0.61977774440014	0.639479686320035	0.6754297131505	0.609091395679467	0.547795488460802	0.487508964373315	0.674256843431197	0.633488101080506	0.613615371269206	0.648777388968952	0.560074042577956	0.678190759234605	0.650196382596172	0.6116674873543	0.62281131112514	0.594367828132368	0.513203471677345	0.599108080904084	0.660859859242202	0.531471176639075	0.678243610192603	0.648364816000919	0.707979114379697	0.689829208214943	0.674446411656187	0.583787564840719	0.657314813726706	0.646430408314465	0.593173076615948	0.620097959621965	0.50371263579282	0.486496672843519	0.656103037861053	0.672201978864221	0.528078722476904	0.670564087784893	0.527801743544126	0.491878905498611	0.596137447274979	0.618195023959675	0.674716542286934	0.644879019689357	0.404576652371746	0.470818739364197	0.556499487133625	0.647584231829266	0.636894593934581	0.665626343636887	0.668594940106634	0.732135355706941	0.517874418598634	0.573769164066388	0.64706884458788	0.714999707003986	0.684827103238815
"SRR13357957"	0.781791320302883	0.790674675035065	0.542322210246005	0.782044910184673	0.579730230784141	0.820626261875546	0.721971244222865	0.703071241609285	0.651059774102303	0.648801739225974	0.637414117300434	0.666273951740046	0.729728938029196	0.625578973872106	0.641488937364808	0.642290741051083	0.674851812296145	0.638667792851709	0.723608387793806	0.431486004973712	0.645331214338526	0.679166767416885	0.640748280460075	0.731396357661539	0.669247095677677	0.627639833812498	0.640735287348257	0.69452424903258	0.614935432717737	0.61423431304452	0.446588286193134	0.819033641084856	0.670776951564096	0.657559187578889	0.647315526194952	0.478319755475594	0.792426879723639	0.729812837533276	0.625233018697609	0.730117834778136	0.565603813399417	0.471831036395044	0.568520628419938	0.613502097889831	0.545586038766038	0.781328201339012	0.673650455473559	0.817936839573055	0.768278612607094	0.550300987659881	0.585585347262698	0.77853555745979	0.636162153325735	0.619522641398722	0.655896231432174	0.544585807139582	0.551545290200205	0.576679901114803	0.720121846087283	0.777469627780633	0.72767860674082	0.540738308438792	0.512027737845891	0.551057285035977	0.557025377420488	0.690531295608193	0.798596602963677	0.415241245225729	0.406619943087692	0.676517708213937	0.821078844797872	0.548240059822116	0.826840092127435	0.593006349888106	0.857678261184512	0.600375038668314	0.555341238732472	0.670710047244567	0.818895758187406	0.598611074590501
"SRR13357956"	0.781791320302883	0.738725638239775	0.600543838463282	0.794557137848271	0.614581464806451	0.814676986817963	0.719646191859029	0.585159860796645	0.65411382349972	0.621515139189918	0.732674471326976	0.68944338324253	0.735354884511298	0.594449700834556	0.653345519793497	0.703959650133444	0.681046164794072	0.620329658298673	0.715674580715508	0.597441137377589	0.661133741982204	0.694980032690668	0.652356183826671	0.741883110105838	0.684058248189971	0.644035700925448	0.664825024690358	0.722061320215559	0.657570832019099	0.592944647688633	0.505765850994301	0.819033641084856	0.68173058877831	0.632573139484533	0.661660348760265	0.54020647640544	0.792426879723639	0.745443031677461	0.625409874687051	0.730117834778136	0.620218101554308	0.508059870415284	0.619825891538459	0.642834600258127	0.588481729594247	0.776078869825404	0.703544632059503	0.810166497142176	0.736214330849608	0.61304778558258	0.560220014529034	0.788800565729988	0.612093076473547	0.641576508672535	0.686479043899639	0.594292463550763	0.589081878319316	0.597688211317334	0.709820055882633	0.777469627780633	0.74158692494562	0.579870355335334	0.582913570582798	0.583703920245868	0.604888930715356	0.710185891882356	0.785819621598291	0.480299263907397	0.516402725392609	0.757845136303943	0.821078844797872	0.515854479736915	0.826840092127435	0.622348655814733	0.857678261184512	0.551935559025703	0.58786560284802	0.697207762221567	0.751016214414781	0.632294529939545
"SRR13357955"	0.781791320302883	0.82149750640792	0.857627950164498	0.839268022625324	0.76132785792153	0.814676986817963	0.889096970173794	0.74764999835414	0.711157755856408	0.698936405049422	0.78133816231831	0.887757960447353	0.776526769094824	0.855227913490353	0.753606785715529	0.897527027571594	0.709407179774039	0.864749126102236	0.758835251058218	0.791885115145775	0.741314279850723	0.776348786473662	0.730292621839858	0.806851380343757	0.750854677305752	0.762164599992039	0.752205772855139	0.821651333067122	0.800672730852164	0.74324397096056	0.725879269636877	0.819033641084856	0.761491879610945	0.770721880375944	0.715986425876016	0.740497253817929	0.792426879723639	0.786270206553157	0.748508699820526	0.730117834778136	0.847170802337183	0.648574404024023	0.729879166427496	0.789576483298667	0.782705426844166	0.783115741303226	0.805741820568276	0.810166497142176	0.805165107358844	0.819285342133416	0.697803928632514	0.805090088671111	0.690056601218962	0.765777818082436	0.792272674692431	0.757613819238665	0.770134828922966	0.732071489904496	0.800291907658566	0.777469627780633	0.798971310327478	0.785075910338155	0.814875917222206	0.704863463708854	0.770921248678489	0.814086881470406	0.785819621598291	0.726282324479238	0.727811920230865	0.863634900090631	0.821078844797872	0.699382722441571	0.826840092127435	0.729550481520617	0.857678261184512	0.740749312248738	0.708269783189917	0.78999849769094	0.840025607562413	0.752505394535243
"SRR13357950"	0.352340645016159	0.260073276631272	0.379295133483466	0.247866728122776	0.375204534519304	0.39050938408262	0.322287568517633	0.395236890140778	0.243469416274612	0.342810519786707	0.332170620076915	0.313355650323752	0.299621042123428	0.331246068870614	0.280483451417427	0.266924360246563	0.281910464670789	0.436539231457879	0.464919834121759	0.24207979181237	0.231327945849397	0.40860185201891	0.335545798095936	0.330957709965217	0.292888393934889	0.385806390590806	0.311879040909708	0.327410704379725	0.317506743332095	0.310301941833073	0.321941030958252	0.289005391756974	0.358323676882264	0.22999564419474	0.188202807971329	0.180991326149503	0.313986922731529	0.265729016248029	0.253205279152613	0.294398989018243	0.37391900068849	0.338536220993739	0.256148433511001	0.183540353250088	0.291366777260994	0.389903794772667	0.349341516962713	0.275792829417712	0.427613643773561	0.33627406849396	0.261525932450745	0.302165583655016	0.169293328974847	0.377512502069989	0.3865974775369	0.196424486490439	0.258944972219674	0.229928460974717	0.374024053580496	0.216935666603886	0.421432555816542	0.28089598413921	0.283929969219194	0.352532280700272	0.287606778065261	0.364974502606349	0.333980548895315	0.246740756396836	0.237440708431722	0.305153480856728	0.296423638848979	0.295831879372488	0.308146781287081	0.363145713647421	0.346423246443332	0.325594982472961	0.245186568163922	0.249909979149717	0.311909455294272	0.284585849697175
"SRR13357947"	0.649668323012691	0.788699205923176	0.748244259144939	0.816047287653368	0.665791135983503	0.814676986817963	0.817706198518922	0.696397498158525	0.68086384136423	0.644604934326942	0.644379024033457	0.807996062361519	0.635830192562231	0.740220805301105	0.701622362663405	0.806739017399077	0.704188883613334	0.785279921566629	0.716051309481881	0.623569668299695	0.699316388776659	0.700816766665169	0.683147727305522	0.769662391356857	0.601450462828488	0.684397224750505	0.703873252017303	0.762909710034325	0.729039152697391	0.683129287529161	0.612432092900913	0.819033641084856	0.695375322114499	0.718473986930622	0.673431583583142	0.662581601918117	0.631974578509394	0.679554187491064	0.6849813913109	0.612676677785189	0.747097884545893	0.573841290852662	0.647701230986161	0.731432247506088	0.68565068661306	0.634827654133333	0.729528454285333	0.810166497142179	0.782438119136036	0.719609257637298	0.651011439419836	0.663203695174144	0.65023145582578	0.68497383755792	0.717056880160433	0.645658126097422	0.678766699119902	0.660626073782726	0.735025653879776	0.777469627780633	0.751292572594715	0.682873243934896	0.702458474843794	0.630228385705959	0.686933498849978	0.747510113853132	0.785819621598291	0.599440843203312	0.59243178620189	0.745203151411673	0.821078844797872	0.624918846437789	0.826840092127435	0.668051456502342	0.857678261184512	0.681014017323016	0.634413897553404	0.728154644552279	0.675887946116121	0.681535403175696
"SRR13357946"	0.880391024657231	0.874796131379851	0.882774435786352	0.90347597553648	0.889170677687201	0.88964349640688	0.908565494118697	0.779915855673898	0.834362351631061	0.842491600607387	0.860529888908971	0.905271218139902	0.883724827699983	0.905040723731835	0.896536996924313	0.924517371612576	0.869512480515364	0.898822730148577	0.905003149347589	0.83560714506235	0.854974868205368	0.881284437469594	0.883650233248277	0.889489667450273	0.823471188099029	0.885865985174686	0.858712290436343	0.880989532145253	0.822292794172373	0.839566620483298	0.826128953062033	0.861976694756765	0.889447312997736	0.849005637490117	0.847922528226695	0.793492202179135	0.886807610317897	0.875127630924057	0.883223837234178	0.855208270872692	0.89288091147807	0.787400341524239	0.81744900610125	0.890142249548358	0.879199366269195	0.880131714828686	0.861202262334988	0.918163715026513	0.840726265569102	0.883679525804773	0.788231751128162	0.872488584314413	0.849627916080007	0.886787019014233	0.878220493985562	0.800218153220989	0.867958933738529	0.841038594606314	0.896103202520242	0.847975596365811	0.901421936893571	0.907061115650255	0.881984512979457	0.847886043851173	0.812409683626027	0.907040550976888	0.886337842534118	0.841696257295035	0.832429278079708	0.884928381808953	0.892988491838666	0.851719842739594	0.894988539989548	0.833878530416056	0.913617142779434	0.862584672280481	0.845801776239826	0.898482263464544	0.902325019168261	0.868974291943704
"SRR13357945"	0.77815001386993	0.786922556551259	0.753143644565392	0.816952282860093	0.666552104346518	0.814676986817963	0.818894912162502	0.693407858345066	0.682016344983118	0.644302986773858	0.652793349863712	0.816392151521826	0.755586745206718	0.776927072314945	0.703657936563106	0.809782778511709	0.707049164398606	0.788749679734901	0.71468777263938	0.635884654133448	0.700940603382629	0.698638488046066	0.684049916595488	0.770594011980194	0.713870297202203	0.683943365225905	0.705340953894564	0.764026981349317	0.731962771954786	0.685488547610203	0.61696321695953	0.819033641084856	0.694264961044909	0.719568491380817	0.673007348041229	0.665670894476154	0.792426879723639	0.760561255038281	0.687486111414396	0.730117834778136	0.751479197039886	0.57669554869996	0.653728136170746	0.733647720720566	0.689643411396169	0.782369182535328	0.728941954560727	0.810166497142176	0.781438361520663	0.723843864847172	0.65280572749163	0.792895398961867	0.648469365249192	0.685056777102522	0.716887935722631	0.654866063001453	0.682479858719951	0.663164747806187	0.733692873372767	0.777469627780633	0.750480206217846	0.687099081676127	0.707260973661589	0.64181801923409	0.690331836175317	0.748107796617061	0.785819621598291	0.604525762089041	0.600645934924145	0.751896794421716	0.821078844797872	0.646676136535733	0.826840092127435	0.669620551668628	0.857678261184512	0.683355453717903	0.635677409263206	0.72849363493111	0.829490537722924	0.683011800425937
"SRR13357944"	0.914929749166046	0.929395724646738	0.815003331740036	0.919544298916739	0.900572398343836	0.912221388528257	0.876639651402288	0.917139087284257	0.85384573297904	0.860624309565919	0.79587704024323	0.858565170728722	0.9097388884857	0.883238288688576	0.912459516801498	0.886395111155398	0.870182152505763	0.864468116205852	0.926835215389203	0.775551216362444	0.874195917038609	0.899485744606108	0.912752194031803	0.898262526313411	0.857802291350953	0.910630796348933	0.88150979158491	0.87720263528324	0.775013778975036	0.818061819112764	0.805776785016566	0.883653353209025	0.90871450226524	0.89212743615327	0.887920118392874	0.763423869194653	0.923822398921399	0.896764794546652	0.89435911357087	0.904700900685369	0.854448246965653	0.807348627471456	0.827409476535379	0.860545446097378	0.855033417558089	0.923129305184885	0.855914238517342	0.945713243075693	0.890155055588125	0.858198942342308	0.858665486189605	0.897681039932651	0.823308479419084	0.905154896654967	0.888573250141094	0.865759415540748	0.849641606084756	0.827034305597934	0.908070755540838	0.88112496082686	0.925714644044785	0.893893538750318	0.850770490291825	0.876338233052468	0.770709146507051	0.910339298883562	0.907974947761533	0.82472811497601	0.784200998318228	0.874585909583652	0.923086366189703	0.865005626466984	0.923778524610865	0.850218443394456	0.937053924549266	0.901149886310502	0.872445164011608	0.920338259087146	0.937461561849309	0.888111295218693
"SRR13357941"	0.781791320302883	0.783323242054296	0.663633923507232	0.800054817261381	0.579164640121891	0.742832414388654	0.773804394404578	0.405563019634069	0.450654375274888	0.623206419327617	0.720620640627415	0.754549762405565	0.664916374980287	0.65365469992204	0.66875322763314	0.738310252204947	0.358963274438772	0.72566120303255	0.704557328002176	0.575023638946754	0.411652144406544	0.619244635204887	0.658569302180542	0.748676423700433	0.577631278000532	0.490021672325253	0.640449059958615	0.648541100980157	0.680771685201831	0.425894762371981	0.539446686836616	0.674571483662707	0.509411522994811	0.690069356468788	0.490652551755389	0.492916248602467	0.783882102083796	0.751543200035321	0.644440959972169	0.709352168175221	0.672200278396904	0.49579499489142	0.660916073148809	0.50266418889633	0.619851166498162	0.764585853439326	0.66384481617169	0.801582644651095	0.736506944996408	0.648514271990651	0.566769060271302	0.762424037604646	0.624120768244132	0.59248723920145	0.683651608453516	0.681016809343521	0.617926091651664	0.318654595505779	0.61643869129537	0.777469627780633	0.631193258635996	0.613130101315233	0.59045896499431	0.600332325367293	0.63129115659032	0.7137223356234	0.751576046192595	0.517735238439314	0.552315672975495	0.779543890547922	0.796708019380997	0.411925171170149	0.770088444216424	0.475950475796623	0.857678261184512	0.538042590847066	0.59639607363727	0.698720529112336	0.760353066878137	0.642755722486203
"SRR13357940"	0.913719876409201	0.884786288363195	0.626216470420837	0.896466304515431	0.833575399979388	0.907729769765487	0.783225252892412	0.790381611296741	0.819045529827137	0.814464552729288	0.856979104789446	0.728068797921873	0.888250780441647	0.775787998732192	0.869740229720546	0.750278095613231	0.839894445669091	0.745129919945852	0.907290972329703	0.73444270916956	0.830688724079782	0.859082568798622	0.87904649019468	0.863747429006885	0.833756380419608	0.865032484591059	0.835745598556467	0.818131457030174	0.665269710431939	0.743369237823777	0.662187619877048	0.880217810332688	0.872452414951595	0.815031170911819	0.858644979727526	0.655131364145215	0.918473138701904	0.878749557141341	0.836300327546926	0.897575190367691	0.708299921608792	0.719155715623926	0.819393411745432	0.793444890834067	0.739335287553614	0.913180771411963	0.791728940026216	0.940922208229307	0.818180658554119	0.728541221979781	0.757168090914874	0.889611626200875	0.774270070989577	0.852725450867692	0.833176001181614	0.810826550438522	0.741657786421276	0.744013109114152	0.858794125953792	0.876010946512749	0.900502341693572	0.792438804952116	0.701405048043649	0.815316899823153	0.649077709605826	0.861031507326663	0.902569107482911	0.670897297098029	0.712741459382054	0.889183462944721	0.918621478854631	0.744732728295986	0.919491654046425	0.788366477376576	0.93356715930994	0.82296876430543	0.810512140662865	0.881123533014218	0.929946561454746	0.828940743014902
"SRR13357939"	0.781791320302883	0.805298651469187	0.714375378924576	0.809995973636455	0.666304038684988	0.814676986817963	0.813385868604492	0.724111060193933	0.673213059299957	0.650819344262418	0.749185318826573	0.789821408256398	0.749225208121386	0.749041342777082	0.688008427056078	0.788077849027614	0.706948661417626	0.761382811201765	0.730173783565794	0.668234430028807	0.688487374702583	0.723868713387928	0.678820472127673	0.764418841458252	0.728666309849635	0.693657377355569	0.694852145322745	0.757776724962847	0.709277252806793	0.667347597087772	0.582113913317597	0.819033641084856	0.709138658148833	0.712937163734342	0.679847504777193	0.641881942404312	0.792426879723639	0.759228298699354	0.668208099156576	0.730117834778136	0.716969055042057	0.554914976208357	0.676293622793386	0.716746838688172	0.658664098798045	0.782150751741553	0.739879497736987	0.810166497142176	0.793226241773478	0.690735133483587	0.639080408454468	0.794191166576651	0.635209065185394	0.690039590226186	0.723866755463942	0.69835037211431	0.653741741275733	0.644164218882943	0.750555164995682	0.777469627780633	0.761307557480085	0.654286182404251	0.669711594254538	0.62498117629248	0.664043005449789	0.7473602401178	0.785819621598291	0.565438035403987	0.606891750672124	0.822264033515592	0.821078844797872	0.611729872024168	0.826840092127435	0.659121562511103	0.857678261184512	0.665356822790747	0.628937830480142	0.729731774194632	0.840025607562413	0.674134573612922
"SRR13357938"	0.781791320302883	0.767793493489237	0.681477095483277	0.80438873733176	0.647550627348395	0.814676986817963	0.796392701202047	0.60630010476743	0.66620800086362	0.638095746855142	0.670583442801185	0.767033640990756	0.744149368772359	0.725561322051198	0.6645388398871	0.761547640102364	0.689198625467541	0.738231472274299	0.720266070676971	0.579099334386345	0.675020148956333	0.712924030125944	0.669149555453511	0.756241032374739	0.691363673961897	0.680391422529843	0.683915348966392	0.744932692073435	0.690677931672011	0.65273157393718	0.55412125003059	0.819033641084856	0.699158670100638	0.676367678484512	0.673177191284411	0.59729139639421	0.792426879723639	0.749377288874915	0.644070661041497	0.730117834778136	0.68790660623154	0.537645234400391	0.632239314846584	0.68506625709407	0.633313798533962	0.77762864920574	0.726775418590325	0.810166497142176	0.719234042614141	0.663243849877085	0.590766927434491	0.783706159581771	0.626738611462933	0.675249888613517	0.710355141527607	0.560710479422838	0.630329786131822	0.627228838844288	0.730387890839961	0.777469627780633	0.754132201755371	0.627407647630754	0.638572133924571	0.609882854041478	0.642635450050705	0.733978749861237	0.785819621598291	0.534113378399423	0.534887497461354	0.751414042296188	0.821078844797872	0.553059389408543	0.826840092127435	0.645708568904702	0.857678261184512	0.628194342921541	0.613920939869178	0.717955088375558	0.823380314173818	0.658930833115226
"SRR13357936"	0.781791320302883	0.613147158268552	0.708630326313979	0.812382625797401	0.582861395911304	0.814676986817963	0.657415890531005	0.577698439315345	0.676219107206093	0.59573784353652	0.412958610150649	0.767706515206392	0.751399574978941	0.721543877614769	0.693377880063266	0.738229246353596	0.693905518609849	0.699542670267408	0.676427597163413	0.505708826310437	0.692751682504709	0.571096612843852	0.656489162773997	0.752516953041322	0.687089278518645	0.593764378236925	0.654273865655532	0.745768795599351	0.717113550006712	0.637897097350841	0.594069168150837	0.819033641084856	0.60271091443425	0.615920912867418	0.623303785694071	0.671663451905044	0.792426879723639	0.721063484480674	0.674827697238321	0.730117834778136	0.715129291184013	0.562345485891631	0.571736507772678	0.719652188426406	0.669362641582454	0.782225006652972	0.632787178991308	0.810166497142176	0.720731340448722	0.701421673193372	0.60302541072417	0.785255066836715	0.643618340145543	0.593908086786485	0.632907572273157	0.538156813292492	0.667170523791047	0.643571423174905	0.634167604355706	0.777469627780633	0.691743297392612	0.770787397972532	0.682749880792167	0.6237005919815	0.597148830068551	0.766659464567831	0.785819621598291	0.578840016973296	0.523849442802067	0.493629617624629	0.821078844797872	0.620565407311148	0.826840092127435	0.640897256988356	0.885438083094987	0.627000064774583	0.58887997046123	0.671296673447517	0.82251100602746	0.621757457043218
"SRR13357933"	0.129049914493558	0.686686191719142	0.690286263890873	0.694367230865286	0.556179604888647	0.624388425548918	0.759902939921004	0.676501479673473	0.377557130265914	0.431068386110407	0.577734968445702	0.604753128102714	0.401290603419425	0.721931391997025	0.556769352944087	0.692733032982414	0.353115845172792	0.760641496939627	0.489042658123835	0.750928649964716	0.502612672121735	0.606513485409348	0.551042706960825	0.53141738637093	0.458758955295604	0.620141527867819	0.458426493851333	0.579530867672938	0.584241079665098	0.504310256573424	0.597491259469519	0.628337564553274	0.524274025380421	0.526278413993197	0.366771383931168	0.443655911742693	0.483204383133759	0.448245432928933	0.558678096111583	0.496614309523291	0.673614115551508	0.446551624849345	0.332631227606466	0.556781161000243	0.573493230001732	0.582240153103652	0.555048290431265	0.353400988157105	0.689962563147284	0.466695150327033	0.447176764577187	0.588740250795482	0.33844414560451	0.579695711557597	0.63263744851039	0.478226544671884	0.624603613523383	0.456296847446977	0.521191255431426	0.683217179868444	0.653964283807841	0.542987648007229	0.758800052325286	0.434734315974012	0.538999593646759	0.473333638572406	0.564016836099162	0.669952761621641	0.368165823918376	0.59527279776873	0.665138691620897	0.343919116085534	0.672133557002642	0.338745641458461	0.61597179121258	0.497844700436948	0.541117964215986	0.635688158728261	0.673299886640336	0.347424573788102
"SRR13357931"	0.754306036501922	0.740973230331275	0.673652960714405	0.686682523124344	0.628246836671057	0.74034423671309	0.744489273760777	0.691817932464598	0.633442089231005	0.60795653006145	0.67980708250303	0.745560449741448	0.694490055768331	0.644232791559822	0.64518192073138	0.752356581221875	0.663133765802613	0.706518627668442	0.696480735673469	0.572384113737159	0.67234394344197	0.672314503352165	0.64115097041974	0.71280131733826	0.666714606494363	0.635827486188981	0.66405772693606	0.711103323226765	0.653859290349842	0.637693224238145	0.534301810356701	0.724993692923481	0.664347185985472	0.672188052168289	0.662694069893729	0.598090184201551	0.716905190247826	0.69745342688736	0.639351619314262	0.65794323383236	0.671261312968349	0.536708941857195	0.642163743214988	0.687940822493682	0.58851108372264	0.713198214844855	0.687117268128135	0.742771863784165	0.703771496160334	0.696891993235378	0.608044682844075	0.711895962078633	0.650228329083022	0.643596104951427	0.66306595970655	0.655533165968999	0.555073418952223	0.662458456219557	0.704264967025516	0.614066322072936	0.705450072347693	0.585464992149181	0.569529669600446	0.614395903066959	0.645911673003344	0.707187536798544	0.692970691752854	0.47290132561965	0.575692408540144	0.764512795844042	0.709179096227647	0.642085501103889	0.722915518271401	0.673645714101552	0.777287753005652	0.627480713401199	0.600451211402903	0.681727470231983	0.661416683051573	0.6905112228652
"SRR13357930"	0.781791320302883	0.71655787993204	0.752691361701208	0.819826362857114	0.708305210471858	0.824088862689856	0.751159050483476	0.731823486543416	0.703422459807479	0.681683288304126	0.806048472601522	0.801463562880806	0.766078656975622	0.725330369891117	0.732232422968284	0.809792141790042	0.708134228169835	0.740954541696104	0.76773126158349	0.711909045148313	0.714723775733821	0.749054736456731	0.70951858041853	0.789345702688499	0.722402306513015	0.707324247727719	0.674239471353794	0.782535918400904	0.74118713863208	0.689916833395389	0.631330084718977	0.819033641084856	0.742131881996621	0.651559034611455	0.691729504211326	0.653654851146902	0.792426879723639	0.74103445429181	0.713406734723077	0.730117834778136	0.753746412552594	0.585798142091889	0.65476910331164	0.772820494030538	0.720544298020024	0.782461260946069	0.762528892150433	0.822434087273368	0.783501764019135	0.736452716881994	0.608302252470594	0.797742834050162	0.722486877188388	0.713532257532155	0.747296260443282	0.709837478260129	0.708451815401235	0.696414995361643	0.791234431848279	0.777469627780633	0.776697010574524	0.727811177054882	0.722325568241421	0.651672881215311	0.608900929453435	0.784568709288154	0.805911873632347	0.62064881459423	0.665221650385464	0.808387820917007	0.821078844797872	0.68820848520901	0.826840092127435	0.682742507466999	0.857678261184512	0.661865432386307	0.655467736464446	0.750234640564328	0.772118128873431	0.677847118197503
"SRR13357929"	0.781791320302883	0.687918824888084	0.857627950164498	0.839268022625324	0.76132785792153	0.832260630636047	0.834342191271503	0.697118998467772	0.711157755856408	0.680020853628756	0.851252405139825	0.880934394664965	0.785679268228793	0.816869828754071	0.71620373584731	0.856363176525069	0.627181781335079	0.864749126102236	0.758835251058218	0.791885115145775	0.682162842250744	0.777964958761393	0.689820921444216	0.786070452666842	0.744182125907036	0.747691612837937	0.7064450482419	0.84949457213232	0.800672730852164	0.724759212231696	0.725879269636877	0.819033641084856	0.761491879610945	0.651602247776301	0.633248822043326	0.669909027059004	0.798874369641378	0.747578286519005	0.676141974350421	0.730117834778136	0.847170802337183	0.715742662787864	0.653016455265011	0.692405278062379	0.782705426844166	0.780668553258043	0.848520112270278	0.813556706976891	0.839381238127135	0.796548691546386	0.61781277103675	0.805090088671111	0.540176789390297	0.765777818082436	0.792272674692431	0.695890345698523	0.770134828922966	0.636369683678205	0.798039895200689	0.777469627780633	0.798971310327478	0.785075910338155	0.833211350613191	0.689580103932972	0.669764179094912	0.814767539436017	0.785819621598291	0.726282324479238	0.713247373886361	0.850235266820304	0.821078844797872	0.679037739702609	0.83005183308063	0.729550481520617	0.857816373306925	0.729908241694564	0.642446167262698	0.751551565831132	0.71607528486967	0.717253333152102
"SRR13357925"	0.672456101213307	0.530330465327539	0.607464918051445	0.291162979394997	0.556510243768286	0.479918235815632	0.578498249631929	0.607482876634165	0.496156277049398	0.505927162039929	0.397667742644352	0.655754510261377	0.538234138103914	0.495681197566115	0.492946930560878	0.697399987738051	0.742083979201041	0.586040713360672	0.609443528223089	0.301635017494654	0.610414847454751	0.540461325163595	0.545477894486697	0.570640820148086	0.526558421391231	0.541149342654567	0.597931788213879	0.596069194802625	0.528772772016856	0.575542014382865	0.455034179873551	0.391999953070869	0.554368982093027	0.576240828888774	0.62782528897727	0.468247685080373	0.464959004333785	0.509935099471798	0.557788468167755	0.406330859759214	0.594146120637068	0.517593478563003	0.627153091973253	0.60170374963925	0.440239666369037	0.488898111627255	0.555510113697038	0.510606641506048	0.52587982208592	0.753075564473131	0.542907973142751	0.413195692863684	0.63979222757936	0.539419050437358	0.509863268276063	0.49636673503259	0.333863115287258	0.732071489904496	0.584683371636091	0.170071046127928	0.547663603014261	0.44395151726843	0.352985793436649	0.611590465522222	0.633583582699075	0.614898156479095	0.388882537129695	0.295490808098771	0.476048285793089	0.560191794454005	0.31947916800076	0.70326070618373	0.350684371975421	0.729550481520617	0.456765512568457	0.548677505462256	0.549561803341689	0.474227232443729	0.349942416906675	0.752505394535243
