"Model_1"	"Model_2"	"Model_3"	"Model_4"	"Model_5"	"Model_6"	"Model_7"	"Model_8"	"Model_9"	"Model_10"	"Model_11"	"Model_12"	"Model_13"	"Model_14"	"Model_15"	"Model_16"	"Model_17"	"Model_18"	"Model_19"	"Model_20"	"Model_21"	"Model_22"	"Model_23"	"Model_24"	"Model_25"	"Model_26"	"Model_27"	"Model_28"	"Model_29"	"Model_30"	"Model_31"	"Model_32"	"Model_33"	"Model_34"	"Model_35"	"Model_36"	"Model_37"	"Model_38"	"Model_39"	"Model_40"	"Model_41"	"Model_42"	"Model_43"	"Model_44"	"Model_45"	"Model_46"	"Model_47"	"Model_48"	"Model_49"	"Model_50"	"Model_51"	"Model_52"	"Model_53"	"Model_54"	"Model_55"	"Model_56"	"Model_57"	"Model_58"	"Model_59"	"Model_60"	"Model_61"	"Model_62"	"Model_63"	"Model_64"	"Model_65"	"Model_66"	"Model_67"	"Model_68"	"Model_69"	"Model_70"	"Model_71"	"Model_72"	"Model_73"	"Model_74"	"Model_75"	"Model_76"	"Model_77"	"Model_78"	"Model_79"	"Model_80"
"SRR13357893"	0.81601991135846	0.244738839110946	0.709580307554226	0.721573446823041	0.698144801105169	0.448755584438787	0.274064500066515	0.29293826619313	0.585662730174318	0.702702755652548	0.262783772148057	0.374688486383603	0.453100763170184	0.410605531181644	0.334158706591507	0.272744591824845	0.29636306088442	0.216677049517322	0.387265176782169	0.255005330066364	0.411074215961207	0.223932021253907	0.35886266031279	0.186657945728689	0.509047394349647	0.177703031891724	0.246041744426782	0.219617292189063	0.283586003855106	0.344352278109683	0.172550511233351	0.442807104060486	0.129609412868035	0.522525185939563	0.381073995489883	0.56616732703691	0.71554235391422	0.540879630530496	0.415558654645577	0.20746893616625	0.235347217405176	0.685873898837027	0.305019106638087	0.360269374244122	0.315481566045829	0.281325898695261	0.351978755515012	0.582000342010083	0.13720737898134	0.25038428101445	0.301203821733874	0.394682997369411	0.278593854378577	0.241999002580731	0.183037306195939	0.586690583118241	0.374805077053621	0.313415210372069	0.696088920029669	0.637505849921175	0.258823728514633	0.264434929860133	0.297308314826702	0.370128936608204	0.285120680690753	0.235020285667244	0.350820711066936	0.58600147761805	0.258196749798471	0.437249946097351	0.201894892638942	0.453998952624809	0.142721570756547	0.399285908854226	0.0881963865558862	0.250586506474678	0.363466579463533	0.125496092887749	0.0439687996396525	0.192099126357146
"SRR13358121"	0.998595568217646	0.994490121189508	0.999155643771468	0.999689360824687	0.998948922102795	0.996387294227496	0.998617322890892	0.997213031841026	0.999611836524657	0.998773209090762	0.996693836614653	0.994010846469065	0.995490153822575	0.998950120962877	0.998600041734959	0.996729821247112	0.99560786906113	0.993274877737208	0.996435925113608	0.989149066216668	0.99718654629371	0.997436168545254	0.997801602420543	0.992670422200937	0.998247644690397	0.998869725241083	0.987365140929352	0.99909809367293	0.997580171358886	0.999272704948103	0.992486766768527	0.998822689550748	0.997979282730032	0.999009032842138	0.998508984024821	0.998978091583362	0.999451703291319	0.997559626245962	0.998894102969177	0.994225081157368	0.994160673111789	0.998206609365506	0.995234825513517	0.997395368149553	0.998543005122458	0.994417850155482	0.99714247240832	0.999318581904208	0.988113414854214	0.997715768997113	0.997722834039946	0.998129457933771	0.999374717856448	0.997984143656432	0.996993379453349	0.998694413413761	0.997832396389665	0.993733234168183	0.998755725516828	0.998425746815638	0.994737499753453	0.996904349110267	0.997476824699319	0.994760209530327	0.995951091177473	0.998164316772698	0.99880762263873	0.998699939257771	0.996801565624272	0.996450273436897	0.998249036231365	0.999620455710248	0.984434246006995	0.997421129612062	0.984870109758137	0.994544451083957	0.998099335166228	0.994647348356237	0.96150076732091	0.997409881478917
"SRR13358010"	0.938877073052573	0.774215407414389	0.864953807150877	0.583595575379189	0.782840068222094	0.63403539686978	0.725030278113219	0.676762919272755	0.85727823965613	0.885128519613438	0.79238961083012	0.815624777727267	0.844103675162032	0.892701445012983	0.834229554606776	0.649615207640611	0.631832246968294	0.774931735613731	0.67012624438853	0.818126626237197	0.721639588617278	0.742156602729204	0.784061042865322	0.750094703626517	0.797494523248872	0.777158607431336	0.710166296317872	0.829630956472007	0.839715475589821	0.736489111223811	0.709526494031508	0.851061052612437	0.478645189205774	0.622414114314392	0.753187392684838	0.843664172383589	0.835550132309229	0.836388784011385	0.884739869733489	0.753436504203961	0.73833146111684	0.866708838385877	0.638889126185336	0.71015191987538	0.752246820581185	0.710189407666656	0.771050222612317	0.867110345414203	0.471361280883071	0.722889647343231	0.574154639328864	0.707428344451652	0.841540460192094	0.775667688452368	0.683952754269681	0.866865549140808	0.804514141515401	0.559970192461568	0.771040716582132	0.791698851736681	0.802053320134219	0.73928509061616	0.820084055115601	0.778598377315799	0.759692047380943	0.783384266589701	0.784116185014283	0.800604812918143	0.782583902755552	0.847779186324878	0.702142774617789	0.581394945646751	0.677124655152282	0.789298461861649	0.616805493511005	0.703639834341121	0.703805447433055	0.656108076106458	0.571520622119189	0.661210310887045
"SRR13357899"	0.191270524824467	0.0509664528673845	0.201687009370669	0.470546415907683	0.230563637882322	0.170109604542106	0.0420308810791903	0.161987042889513	0.049272614893386	0.0627462318947609	0.0868882593154181	0.162108789856196	0.162316592835103	0.0394627357335021	0.0597372459578187	0.0410703313555917	0.145913204245192	0.0646767902221885	0.202782880359557	0.0752928833952341	0.247480898426443	0.0430882719180486	0.083368017796027	0.0546726451085248	0.12052023377814	0.0402265556005526	0.0524207106592067	0.0254139932505602	0.0614971043937352	0.124379249286443	0.0562630308883825	0.0878094344898407	0.0338706083607482	0.151109985435664	0.107488466257421	0.13070533019149	0.234595545024159	0.187019221235842	0.0910492946429293	0.0665254517143323	0.0935394952515557	0.193950842974886	0.151985627948662	0.113576790216584	0.0870671073630522	0.184187625622726	0.0882665865379413	0.142979090046872	0.0765405006066862	0.146362789173711	0.125910170348892	0.151137067846381	0.045230455222835	0.0460819804778815	0.0389999722523034	0.133000817986536	0.102216871249071	0.107142842527021	0.344459489428594	0.262530619525892	0.061643045117941	0.0924080074197781	0.0788767445960053	0.125365354521884	0.0949907774034831	0.0803881777655972	0.117718920405644	0.196425299515159	0.0612653967785066	0.132438975493901	0.039411071404125	0.18941471030114	0.0677222184744973	0.150233829118329	0.0598794158986208	0.120204464322036	0.13104664877222	0.0416028745408448	0.0436909149076646	0.0630798310559724
"SRR13357647"	0.982637955868667	0.248920599025412	0.972698200243889	0.982681593262177	0.988112061964435	0.957501013946355	0.907110643633775	0.904471582993313	0.964790591607991	0.967927527397607	0.901833035843519	0.88853860256172	0.952897699084584	0.979059624915294	0.563143250859629	0.459685911957006	0.906719539152731	0.810064195654088	0.942808183699982	0.857671130914201	0.898029940511757	0.893228189136221	0.920423636613328	0.882562068449707	0.935485789743279	0.922368925276884	0.731503806497157	0.938082442712473	0.839195560471968	0.93198984102377	0.925406794348088	0.952695687157805	0.79370017381321	0.971392626830687	0.933882755198469	0.966196957906191	0.978961242976145	0.940579207459071	0.951916463524438	0.808400582371667	0.836020352043895	0.952592710681579	0.928769629466397	0.896491720026498	0.872873237404776	0.906201447429802	0.927748637433758	0.962057621059269	0.622594388823645	0.888762891832933	0.877738729648506	0.914518961431282	0.77393961443687	0.885043720745162	0.81495489942331	0.954364504268478	0.940764484855322	0.730075386356986	0.9461836260911	0.932160052787886	0.956954811737384	0.930862025776249	0.893548896389211	0.876552238448627	0.905757536744382	0.887797280731985	0.790566299227088	0.957732035275439	0.846101906145982	0.980471354740477	0.864438960861209	0.954082777181599	0.512155288614944	0.931647643597348	0.617564863013924	0.85358838917721	0.925779180865204	0.5766401498897	0.802847106109838	0.877439213993612
"SRR13358145"	0.999742769912643	0.991091254151117	0.99951043947703	0.999634431822161	0.999716745901691	0.999439925399303	0.99844670595729	0.998551813950372	0.999697298557312	0.999902025206263	0.998926043557158	0.998229983740448	0.998806991441265	0.999732972874181	0.995763855656747	0.993904876761027	0.999100275904505	0.99779808289137	0.998995589929284	0.998233779794408	0.998340401690216	0.999152502213392	0.999023893684406	0.998716877716841	0.998936339251936	0.999383682875329	0.995461004663438	0.999693934104769	0.997626132504969	0.999429215533203	0.998557788684893	0.999416903084497	0.998826942084231	0.999369492702389	0.999312635238493	0.999417059581852	0.999813767720811	0.999145477788341	0.999477212026263	0.996263201746896	0.996077201078212	0.999523061946846	0.998671942916057	0.998845524318222	0.99856282600138	0.998880200188572	0.998909754403206	0.999286048712511	0.996140606279956	0.99790508202254	0.99858709445307	0.999068309715289	0.998688525590719	0.998718755667265	0.99831062669714	0.999074998362157	0.999404157291372	0.99820175835326	0.999389081188536	0.99904677081027	0.999605711775265	0.9992059147322	0.998323811813518	0.998823782143517	0.998569304732711	0.998211626898391	0.997366411745244	0.999100899515856	0.998301827557831	0.999297135372929	0.998489277738372	0.999552157540727	0.995426360891915	0.999065124004546	0.991832046905293	0.998298823025524	0.999166988384104	0.995778128547141	0.99814150435308	0.998671042864305
"SRR13357892"	0.989871948901598	0.94403291229573	0.978858713777736	0.990113855253962	0.981134996603501	0.939093054836768	0.942672697453763	0.929825460170577	0.980815846291167	0.972752104365439	0.929153576824979	0.915123924282522	0.958052565155741	0.91006723532858	0.952668475208681	0.90598471866039	0.927201987960309	0.865242790649748	0.947493936133307	0.865146372314902	0.945361333332207	0.91329453786879	0.945727855318625	0.848149843151738	0.959049816890269	0.934320349650409	0.851545287952578	0.947364139638468	0.932807202057686	0.966444195960721	0.844097580919595	0.968331027862717	0.89032922053888	0.975881520579128	0.95379338564415	0.974298744935023	0.989272086237924	0.95779818929065	0.966966072423181	0.875541811087103	0.889548692242998	0.969481416547058	0.911248793021434	0.936091835725273	0.94787461698344	0.923494116516352	0.930153594440556	0.978840588759865	0.778054041271284	0.929195708889778	0.931622759191275	0.950490968898527	0.961972449759391	0.925192865642132	0.893900416738814	0.970728686093275	0.942730552093206	0.9246708921371	0.977488942240717	0.971720866248564	0.930975331776441	0.922702789245954	0.931255153176356	0.912928874789231	0.921382366964969	0.929973474216653	0.956635795766535	0.972386253171073	0.904774233053001	0.957222882009275	0.9205942430278	0.979442090420379	0.779663018473531	0.945985757470373	0.755220158873309	0.902577910793124	0.947708431561129	0.835774059407278	0.535328101960957	0.906521919083962
"SRR13357761"	0.998648647840457	0.983815094692837	0.996717440718412	0.998350127695752	0.998968930428083	0.996257648057196	0.992405731319551	0.989569616169096	0.998411678946124	0.999040790944562	0.988043527336243	0.982505773944817	0.993893552922136	0.998113538519681	0.990961397898251	0.970546475523225	0.989386963921336	0.985325943807969	0.990832163353113	0.979710797513841	0.989566711658504	0.99296985103062	0.992811568347231	0.992027305852451	0.993163173650584	0.995923402308106	0.956332645633374	0.997241539973753	0.988658042879617	0.995305356660698	0.995743245739839	0.995702437733665	0.986502225806664	0.997090139119919	0.994411889594896	0.996958499687505	0.998792608477524	0.993823657010966	0.995185135826471	0.975861073745164	0.975586315442706	0.996187841799149	0.992673387764837	0.990112229482778	0.992926819518788	0.986063095454938	0.99489955838333	0.997268626397349	0.967726950607255	0.988935875459716	0.991391609931696	0.992177458197212	0.995949871298105	0.990625309840114	0.986602701930938	0.995686401264562	0.995849647235554	0.986733179184727	0.996716926074472	0.994970182758002	0.996022692753595	0.994608851050488	0.990555546681146	0.98722261719168	0.989175350951159	0.991290715090903	0.990681393871136	0.994936569282437	0.98875404588001	0.997431809958408	0.989874644549934	0.997537779821067	0.965434714624891	0.994504348346504	0.928430958833038	0.982629891102212	0.99278368447671	0.984304811024052	0.988299530587746	0.991197277253193
"SRR13357693"	0.969859250216206	0.698320592968473	0.958130317058541	0.96536371969238	0.977823721803407	0.870106341979712	0.94290383609355	0.934420792288538	0.977826329635902	0.966186119195419	0.899399701298514	0.875823784688523	0.954818591170163	0.949349791967261	0.921331094856671	0.806245009673702	0.609972964084198	0.668597525566358	0.905177052894468	0.803502488313722	0.937137687195896	0.848069151912038	0.887581598953409	0.804178771759173	0.937812822146211	0.947717934986748	0.805944454258207	0.935273211723258	0.919615928426885	0.953840719474449	0.757903772743383	0.968665357131071	0.666084814581252	0.931655351062255	0.885021787874964	0.970714975084636	0.978489123496096	0.944366905437307	0.945711922618825	0.743501375309229	0.870319764590249	0.938012676555187	0.905809992576401	0.758187305203796	0.901665241748085	0.799040570719108	0.875617038395251	0.965718567829537	0.389849933000747	0.925238116064855	0.694393074947591	0.865638428979141	0.950805213698696	0.880878151452421	0.766033945449042	0.945220817260459	0.940483658973406	0.792561276061547	0.956009224868118	0.949257903033474	0.863664606112858	0.892134119968009	0.863176628390564	0.8149727973428	0.85247874533581	0.905958160118871	0.938945016138311	0.926813699113378	0.844674250695147	0.886437569648823	0.867166382074715	0.953067951481085	0.67241210293209	0.957678602447345	0.768428194608969	0.779784680743636	0.894784162732477	0.646249410912232	0.500293498010758	0.830934110811601
"SRR13357682"	0.998609481021993	0.994467640482909	0.999070830923648	0.999713259239766	0.999207631415574	0.995003531243013	0.997028116274588	0.997351673022705	0.998890307821995	0.997748777747803	0.996787920424284	0.994613872335965	0.997528270513948	0.998376310232001	0.997716809046333	0.993292182984899	0.993284533294945	0.988579251394586	0.996458479624929	0.989782861928747	0.997677498985677	0.994605028944306	0.996465781481292	0.991673032123694	0.996763048095303	0.998015317487412	0.983260097064982	0.997812761249255	0.996695944897198	0.999128809937187	0.989209764129621	0.998508632402002	0.993032855517988	0.998664092282774	0.997568503234746	0.998819827309246	0.999422291131918	0.997917655107942	0.998690717436069	0.992684703131318	0.994589747766147	0.998015665576798	0.995170001346163	0.995007399346168	0.99756107036225	0.996276930238449	0.9957767005254	0.998901199560702	0.970960258250689	0.997359912924356	0.995227860411973	0.99718699846631	0.99879589927987	0.995304542837443	0.992657240096306	0.998289301916301	0.997487489270242	0.993912707727179	0.998907307905376	0.997972856167083	0.995653656412189	0.996666522732486	0.99656076686801	0.994191518133232	0.994824790533391	0.996983231142181	0.998205584407217	0.998617505671287	0.995401691926311	0.996760872223213	0.995053558270184	0.999286813248906	0.981728779104591	0.997473247938531	0.98687941430579	0.994353058169877	0.997485158557391	0.987978420573185	0.961254308965692	0.995271294857218
"SRR13357671"	0.997413650401884	0.981665842942453	0.997888969429568	0.999255084219722	0.998209683579511	0.989332146323148	0.992147546895256	0.99347633296256	0.997011764155938	0.994121494265096	0.991232370812351	0.972773967717644	0.993007634143348	0.99417011373157	0.993973802159882	0.835037097241348	0.874632582433092	0.97357039874474	0.990628421090166	0.977549045626896	0.994633926711847	0.986429883533023	0.990689072880943	0.98049813646903	0.992634151761876	0.994139118592079	0.963891938463476	0.993817197920764	0.99156033428863	0.926197526692264	0.975208319431673	0.99594776686791	0.980733671702637	0.996350120833655	0.993953345068717	0.99716509698603	0.998611777860331	0.99536462105383	0.996851336794527	0.982940700841109	0.987470379064339	0.995700495631889	0.989067946391906	0.988474015793723	0.993695165971205	0.989842297563634	0.99004116245073	0.997276848450923	0.93776470440567	0.99318578035209	0.988422699909644	0.993255263017546	0.996447106664618	0.98800818458927	0.981476441577236	0.996054461468067	0.993843494818865	0.982008804665458	0.997552689165793	0.995596000929465	0.986557360387973	0.991604771320614	0.991161825484837	0.958659019197628	0.98692990501932	0.992020456171196	0.995309475237419	0.996808224575856	0.988459944957056	0.994620295727668	0.986842239113636	0.997965227870646	0.912220273333249	0.994158856437032	0.966565907013068	0.986222596092174	0.993839830903071	0.687952704967851	0.676044242972529	0.987728104698094
"SRR13357660"	0.995789361442553	0.975307484882777	0.997357991322962	0.999039592795667	0.997334213897538	0.98676953787547	0.989519120956756	0.991705241679369	0.996908447262126	0.996478921467576	0.988829327721531	0.986115735341292	0.991532905779298	0.99219458184396	0.992086665842023	0.974362935528224	0.97902999636018	0.974847197175231	0.988309754549312	0.97222655713672	0.993327088045049	0.982153473828058	0.989249009760138	0.978169802760777	0.991307831451122	0.991997935321632	0.938787918703541	0.991320063036913	0.989095777899877	0.99670989209741	0.968651468333317	0.994755741202243	0.973575013661292	0.992854558560272	0.992237130448184	0.996392381974366	0.998238901303453	0.994899998649882	0.995666507921228	0.973222845422417	0.976464346187713	0.996103529365019	0.986385227223824	0.985230159788984	0.991708259710045	0.987442337516889	0.988835038968772	0.996462063486461	0.921594955419719	0.991163759285966	0.984918007714659	0.991341295684096	0.995131592134046	0.984102563123708	0.975506556040064	0.995362135008433	0.993194886279642	0.976700638779342	0.997400553475635	0.994633738106383	0.983151991839047	0.989276682587578	0.98990695224608	0.986295038619067	0.983447751341779	0.989450956234072	0.993835635635725	0.995993648974007	0.988567854063982	0.991558633554078	0.982246037863289	0.997238624342068	0.954170174537834	0.992606570421858	0.948063184196344	0.98221553073466	0.992083084025202	0.961137097837294	0.895063289744591	0.983806906691214
"SRR13358098"	0.824106410934484	0.171091004025772	0.720567297991058	0.73623291847593	0.7139774789649	0.457654870653177	0.279023772017168	0.30739855192428	0.523820719052599	0.535880652054245	0.274589443977279	0.389164319337974	0.47158596340439	0.400233749258703	0.342605889822555	0.143773124133161	0.33822647781046	0.176236098033454	0.3988618537398	0.250455814467431	0.428762397428794	0.227894120212732	0.341004055734243	0.177524492617468	0.49609885871606	0.184374988661642	0.164228423605189	0.232600202664622	0.292980700673579	0.359155067376588	0.178260062457478	0.454515196215407	0.129609412868035	0.532528142093389	0.386904483277016	0.579649028241379	0.727713356803402	0.530634036183918	0.464106765910716	0.212976926838532	0.247457801490363	0.630424091944562	0.317660289098675	0.365343344864441	0.323790049282921	0.296436140828076	0.332541684373399	0.591036828392767	0.137572883506924	0.261899722297977	0.305471907898885	0.404085235443308	0.286559967739757	0.245240903308162	0.185145881747252	0.580524666799618	0.355385930130313	0.276405600725077	0.67917617155025	0.642534475097089	0.26933861805425	0.276206229753557	0.282149533919233	0.352556013636561	0.293549417281156	0.242480546243848	0.361222696632529	0.599807407235244	0.219246255126271	0.594455171805003	0.203344931165163	0.463500736201083	0.155628042661821	0.419452957820858	0.0678840984134158	0.263546675941189	0.374749287426808	0.127473238109515	0.0465915078350387	0.197347076752241
"SRR13358087"	0.996214573208428	0.986099960740487	0.998573868177966	0.999557494749154	0.998588997237985	0.991961610419601	0.993855002733025	0.995975883270554	0.997450845190463	0.995155408385187	0.994311216409194	0.992548995548084	0.995959189121073	0.995616798041996	0.995600030848678	0.981451224302807	0.98217887247299	0.987085732328823	0.993452570023447	0.983467216362255	0.996737131194879	0.989186815673388	0.992857763801255	0.986879410333748	0.994081877590048	0.995953504974424	0.961965715415163	0.994603623693828	0.994082069102856	0.998468949222337	0.981779668410848	0.997187929789989	0.982774244841482	0.995112849348696	0.995549604587523	0.998108673324638	0.999102243100203	0.99709461085496	0.997327002367156	0.983648512114531	0.986638187289917	0.997017547901279	0.992798721778433	0.990694547371273	0.995411465631651	0.993835256873168	0.992710573478064	0.997999813960195	0.943646846132962	0.995867035996235	0.990613311372982	0.995077113943436	0.997468718539834	0.990191075338702	0.984515819609296	0.997194990472802	0.995928913596592	0.980673221023857	0.998456244130751	0.996789570700372	0.993764965653386	0.994545527724381	0.994124351984602	0.991243257655329	0.990502497063157	0.994296295475452	0.996725209447105	0.997885963884565	0.991895577521802	0.986956216495834	0.988760379472338	0.998537001175349	0.965902544586489	0.996076501987808	0.974359518419466	0.990069160834247	0.995740443950902	0.975612061299406	0.942843316685025	0.990823618136101
"SRR13358076"	0.995494865049226	0.982999817271644	0.996667366319335	0.998464437418658	0.995696949915111	0.985172566750004	0.987320743133847	0.987013106238303	0.995799334059448	0.992887699757963	0.9860947181079	0.980071850670376	0.991042330758097	0.994608530388638	0.990523707441863	0.96648680668733	0.98154056094941	0.976117843438329	0.986177509158635	0.972804384544336	0.989401039264842	0.983709726459253	0.987447575300216	0.967654087494073	0.988989879807348	0.989061583309588	0.950258397661642	0.991285199040135	0.987966738866105	0.995215870938138	0.964429764495358	0.994670187757208	0.974678689841081	0.991322492226161	0.990773874555233	0.995610731831831	0.99751759673981	0.991649336697506	0.993385620673158	0.966112664043558	0.963387924522919	0.992953515284623	0.9802311758169	0.98690044839324	0.990649308705613	0.985268950456056	0.98473270049496	0.995351579201972	0.954501322745378	0.987931074102673	0.988341844652306	0.990759590169268	0.993345144551256	0.983115141181167	0.980005054580592	0.99354515733596	0.988447229760216	0.975420285291654	0.995467915219565	0.993860205210999	0.987233847939125	0.986102593335093	0.986282188930032	0.982826100279	0.981985024973876	0.987310352938064	0.991553485133357	0.994695100219158	0.979282846835431	0.981321151410067	0.982353177237523	0.996641283657597	0.949836563550608	0.988660371120028	0.928428239473455	0.980443925848938	0.990106031606451	0.96329310130378	0.864589538720206	0.98248167847163
"SRR13358065"	0.482864839257084	0.40893962852069	0.676402408955937	0.90064833255965	0.614793976911107	0.683971481798294	0.40855307393339	0.643696385403849	0.505629553490027	0.442298313843135	0.504706828738511	0.537411835523226	0.560567756535006	0.493432820925437	0.475716295531331	0.39883796064584	0.81726293291245	0.57587892935788	0.671193672810591	0.537450262465331	0.701490636551129	0.570245371721917	0.572372115259588	0.381797547675708	0.581313424580325	0.461626537014175	0.459406449040553	0.491331400968327	0.522788052946575	0.704937994775849	0.461076228706595	0.623144778789675	0.578579501305011	0.689704311509631	0.654142331929115	0.634255060485527	0.712234839913691	0.595806510804798	0.527987836253288	0.47762823242464	0.434667189187765	0.611607241694541	0.584757878716682	0.760824829392095	0.660939322183064	0.691455242252901	0.543345721393305	0.631388481096784	0.866775071270997	0.707520343952769	0.870471252320667	0.771595149157211	0.461481839489207	0.49735623492456	0.625055062465592	0.558387058622435	0.502745066475782	0.650754628715288	0.770817854544585	0.793560456108232	0.590639723252155	0.55976372800862	0.521953322312063	0.64516866437032	0.568080306122025	0.641059230613039	0.643736713482221	0.682170678071611	0.425286206743236	0.420411402603436	0.538006544417292	0.858227188941063	0.59519056495023	0.560678962624167	0.375267363480827	0.669635010035483	0.675588453667378	0.566112122677435	0.372808447809062	0.625766744583875
"SRR13358021"	0.975872205474616	0.742713984967775	0.954195148495009	0.782834649291841	0.942963233907565	0.726033752171827	0.833365627279402	0.816809195029153	0.9248985449222	0.938987301027666	0.879162240104513	0.913113174665317	0.926190523973989	0.911710225862297	0.898076194808097	0.75007331119688	0.509091983642716	0.768005806423991	0.740722416616403	0.853553045757183	0.861789534354063	0.752750222099867	0.83595309058581	0.851892034562112	0.878266174122554	0.863999126864749	0.747921379473625	0.865579740144405	0.898318592077394	0.856762562595982	0.771937967386667	0.915537801568615	0.384848223256796	0.711957086532415	0.829960841399913	0.937822309606654	0.948114876213765	0.940875894929179	0.954650657388873	0.82168811802984	0.855356830319845	0.949256434388269	0.777747368395263	0.6917960677931	0.815044078045769	0.781861716363836	0.856461461762571	0.936882432798971	0.191624769984158	0.744480570653269	0.442777506802496	0.751449916771977	0.910984805237456	0.815350687059464	0.623411648265158	0.949304053412894	0.912750078837506	0.499389851942964	0.915958038826296	0.871962921455308	0.82686546598986	0.844710828388562	0.890927032777045	0.843492332298613	0.816031627239068	0.744604226414578	0.854362252902526	0.917348683287144	0.875007019094043	0.941078166736403	0.702310412547556	0.646167167234942	0.650867945247555	0.909770343267237	0.71919270190713	0.741838793645444	0.798909351452758	0.592407437362549	0.583779111818927	0.679882635792632
"SRR13358009"	0.997529092468171	0.989719204374227	0.997723154929626	0.996441193072645	0.997274847747327	0.981701380604001	0.995081705429548	0.991293157794915	0.998319047529657	0.996630150758416	0.992971147292363	0.99026384787409	0.994680379047786	0.997511850117579	0.996590289872445	0.991588457430005	0.971217051468035	0.989348201469059	0.982719070852386	0.986563471144328	0.992165345028116	0.991018963564144	0.992699975300332	0.989575198834412	0.993387322017427	0.996708586186154	0.981728537192301	0.997091481594824	0.995953542967645	0.99678009933162	0.987141249174002	0.997111916728803	0.97601469040439	0.991897153534401	0.993608878888808	0.997638633276605	0.998097605689693	0.995691047688171	0.99804639645255	0.989439465914799	0.990317766755794	0.996086863260347	0.985992965039519	0.986511029232659	0.994663100385445	0.984851778211858	0.993112061850819	0.998031580675467	0.919629376277426	0.993471106847587	0.981452340390577	0.990489677265655	0.998225628514715	0.993125699559025	0.987049728743541	0.997369894856461	0.995305663058705	0.96454207592058	0.995426802205469	0.993898652319559	0.992455803549693	0.992693556634591	0.995278471882029	0.988375543215687	0.98919792319554	0.995022632078131	0.996179825612581	0.99623453127821	0.993788061943764	0.995608613639744	0.991271800766083	0.994814753961564	0.970039555320027	0.994549295806779	0.979974140670932	0.984232824136693	0.991741005227498	0.981358091476856	0.949828516868215	0.989197663338466
"SRR13357998"	0.997324922753817	0.991211430351621	0.996063667156907	0.993987619890268	0.995208718303064	0.971759351440401	0.992272887742234	0.985049907221579	0.997714855185679	0.996681753340675	0.988369443637302	0.983872925599602	0.991621177685501	0.996357956517387	0.994310439845708	0.98804063374642	0.954494743488949	0.986769021319864	0.976602386982666	0.973798824539797	0.9866770825175	0.984003442868923	0.989472135679949	0.982614706207845	0.990680680297783	0.994179281740678	0.968884480039801	0.994568002029252	0.992570520911742	0.994047646298615	0.977818737901621	0.994841420961417	0.964608351274566	0.98819811948099	0.989498490209345	0.995650616963509	0.996739305714216	0.992887549886139	0.996421866130435	0.981492953023213	0.983962518405609	0.994575414499815	0.977307906115633	0.977229122426156	0.990643119871119	0.975382611244482	0.989287838064242	0.99687863278254	0.857656246399261	0.988728561342762	0.966607072282357	0.983638953711152	0.996963664490025	0.989015808303003	0.97688915695657	0.995828922651633	0.992647337317928	0.955984082573623	0.993009246231746	0.990092449212985	0.986629972872471	0.986961809873425	0.992696366571948	0.980353678424789	0.983037909383222	0.991209020462089	0.993663967082286	0.993521852457193	0.991019759127794	0.992776921496894	0.986254171102858	0.991471912362257	0.944800208088262	0.990821479546699	0.966798459931051	0.972714769901354	0.986006718993441	0.968688456441635	0.911821325515564	0.981297174133378
"SRR13357987"	0.985838373583143	0.836648569382596	0.988530772524052	0.994142401548022	0.991459402434593	0.949788226301343	0.911136387254645	0.962614259952949	0.957798107495891	0.958619685403151	0.952223537488374	0.961038221625167	0.9712829162631	0.940548229951181	0.955209052086824	0.839113040018505	0.907805665265596	0.825221832596258	0.959199437529793	0.920689173395305	0.974471560923	0.884102243665921	0.930415391240996	0.895059192702486	0.950986597143641	0.929043113992616	0.822892091696796	0.918242659143575	0.935971930288158	0.977242976150307	0.835960093529924	0.968402285643514	0.784548200808376	0.973301016083526	0.954271602294461	0.980384325867693	0.991183121482925	0.979999708764929	0.977723080363512	0.900859874940367	0.940537825355137	0.980772186163238	0.947577682994661	0.920971292878715	0.940365978013355	0.960028943969867	0.929381998195561	0.975088558719668	0.647546878849473	0.945751578042303	0.893147601160919	0.954170547985455	0.952188831594042	0.885912594997744	0.827662287403144	0.973700934625314	0.962176488745573	0.918026224872737	0.98859550676319	0.975320857283321	0.943199176101883	0.948095777925668	0.931096388187669	0.946335322552177	0.923814163331873	0.918788215434802	0.954659039572976	0.98154390220543	0.913491042287199	0.968463197386166	0.847197122884727	0.97279655156652	0.839390121873263	0.969078105367631	0.826624652955906	0.9341521391733	0.961327328708259	0.759814036701128	0.689783116019561	0.888911004985462
"SRR13357943"	0.985018342817531	0.867608848531158	0.966398102223667	0.900538955417593	0.95251952074602	0.822138439611685	0.938115408068408	0.844480923947927	0.980419593367323	0.968823717245732	0.886871182216634	0.88822478242063	0.918434194572428	0.966433112307858	0.975414975732672	0.870332820272462	0.714347848034115	0.865809584459434	0.838163065343269	0.88010554199245	0.86929179484814	0.886022773060926	0.915453875089191	0.864897208631633	0.939434561782383	0.933042134445052	0.789365016564615	0.949248290475065	0.947692899832761	0.913981283701703	0.861296497748606	0.950732774262506	0.750897632562897	0.914728728005757	0.910059000005089	0.960056379632079	0.965719692972169	0.93543307700541	0.963314811726004	0.875213538725337	0.874504024157906	0.954778409225296	0.841508977167451	0.85301179615643	0.915714314125836	0.759980037538693	0.917739986632959	0.974464041079746	0.494014632470657	0.875954219844657	0.767352542238061	0.864866899823802	0.966636268347543	0.923760567241069	0.84724370230138	0.968126965518144	0.928349940154261	0.690195134621327	0.931881626724606	0.927918266613558	0.85387229902847	0.877128166567641	0.932580887063696	0.856963191660587	0.874634152861166	0.920134067982626	0.938588761364302	0.943072986175966	0.916914072053331	0.95343526891833	0.901816236962239	0.887124803781249	0.68951743989948	0.918498755948704	0.687366590437554	0.79675503754646	0.881640368881634	0.808269063672133	0.550161239153183	0.845002596219401
"SRR13357932"	0.993024360020119	0.960121846193809	0.987392214268401	0.952061855024234	0.983343431409871	0.90120562319603	0.97941548081584	0.943640184501671	0.993225706362816	0.988288639593607	0.96350671357511	0.95936609947908	0.97349961303187	0.988863702688937	0.992470005699981	0.955986305177193	0.79402331388358	0.961038073519118	0.919905089119284	0.95572660983777	0.95074064766801	0.955669763219959	0.967481849643769	0.958448242832217	0.974061552898027	0.982696257475695	0.913416720625427	0.984403489221548	0.984783707198858	0.972793231804512	0.952204390859608	0.983950119534674	0.868237673028052	0.960305324383533	0.9642435725321	0.986767287209744	0.987467412926981	0.978381619578937	0.98846064972736	0.959318038748511	0.963717958887993	0.983016187807779	0.935010178767793	0.924717040910318	0.969819632518284	0.898342251575628	0.970830396264466	0.991551818965964	0.612325176998793	0.960274506920614	0.86346665609482	0.937322881899399	0.991642403837279	0.972790318124608	0.934102444819065	0.989443024567894	0.977820530683355	0.821339299818518	0.971412012949255	0.966005613062476	0.946168818984909	0.958822877625138	0.980470015629955	0.940948327123917	0.951130157989181	0.975324163379111	0.980346693415757	0.978550259610229	0.975690394477114	0.973371968728531	0.961838076309921	0.946975765406729	0.843050408016715	0.972388812631673	0.898691746063975	0.911874966245066	0.951174657100266	0.920710433463683	0.814081724432093	0.93937341022632
"SRR13357921"	0.956144037663995	0.869864858458867	0.941502404206446	0.896511224300692	0.913910696821206	0.824680582534207	0.938199078225233	0.871377368480246	0.973507331683472	0.950667352616667	0.891098945970169	0.877877722940101	0.88816076201699	0.958182319799318	0.947901778817153	0.869971817992746	0.79912708529499	0.899076886749503	0.828869721410506	0.848084757394783	0.878467325286969	0.911819010648846	0.923421711291426	0.8786573090062	0.932637766799308	0.949054098730649	0.77707048018387	0.955153102000671	0.941179809789033	0.927257264154307	0.893237973824487	0.942004759322135	0.8655257808828	0.904838695899437	0.919333673584775	0.942126432453949	0.943498797835177	0.912794103799702	0.949064394382936	0.904637206790615	0.896765183505818	0.93244923978247	0.838413211310662	0.89147144696447	0.93262419255691	0.802916639397393	0.922078751710777	0.968058409831613	0.757500465622287	0.918176534406501	0.872082072170149	0.893717414303417	0.968419939127454	0.939325005199379	0.901923085226537	0.953343266610313	0.9229513393371	0.746156354533285	0.906405981625139	0.921117384333248	0.850170534078152	0.888650947096436	0.939794232927838	0.865927825856198	0.891829298855403	0.947229858771816	0.949451732556308	0.922870659202904	0.928781250812885	0.891402437699742	0.934325082468451	0.924231958053166	0.773107332496874	0.90811004463718	0.771954164879947	0.836180136394311	0.886509704992134	0.893858750951214	0.732202562185902	0.899662833527039
"SRR13357910"	0.977093763678562	0.862170874236661	0.9624720199525	0.930535797906313	0.969855777752722	0.777961445029528	0.843063042825294	0.855025900269357	0.926186541593518	0.926346665586202	0.877032868711157	0.894391268182711	0.951715640593821	0.930224192539854	0.903809674847037	0.712212189924846	0.590773764864096	0.828155865043335	0.81100841579928	0.823743112364346	0.897037314683734	0.747569185593543	0.846628195929103	0.823912372722182	0.87733200615654	0.858803984956829	0.696948645396298	0.841465865998332	0.898676646230795	0.897739166758151	0.775250522099054	0.928405918576952	0.418531189995175	0.887815464153534	0.849276296534365	0.950559236451765	0.964929281840101	0.943502585030006	0.946292012349532	0.83694285176659	0.901294144131868	0.947060186874046	0.821696709967909	0.737598911694881	0.848919524893611	0.834078225179545	0.863998486402346	0.951362041759841	0.273512723654863	0.859160258290366	0.610263419619867	0.809024438382329	0.916889166173202	0.795027597642171	0.643952188954778	0.951655121928414	0.90803215227982	0.702568997585736	0.942063897531093	0.910414839004547	0.896642386525312	0.859700899116102	0.895048547882714	0.838740009816439	0.825072581451649	0.849720700365445	0.89688192368006	0.938357679428011	0.858020508061084	0.919451614754553	0.707928115541902	0.816640087403689	0.615539128593535	0.914892693935037	0.68492766037672	0.778005221381731	0.836392553401325	0.592109240698686	0.512060904663667	0.719892867667991
"SRR13357862"	0.966751708591475	0.730032302554514	0.973231365796711	0.986192379138962	0.979603040173166	0.889413154242402	0.835643370836592	0.903734005002318	0.922447128897625	0.911136519253196	0.873689807821192	0.896136594670279	0.939365605273455	0.897393075290418	0.885481615066529	0.763729983971358	0.801885978965227	0.696372367472059	0.893272596312324	0.806667066716331	0.935366225229153	0.772104620903619	0.856685386299053	0.771873536530365	0.899636211737606	0.836340841481743	0.726889811696366	0.821400976014515	0.864777900761212	0.93873968778641	0.723898037273429	0.929947959849645	0.606526266990693	0.93939401566112	0.895726385148612	0.957382015351041	0.97920566998002	0.949191367387781	0.940627174793207	0.793371656715618	0.854180649674559	0.95353914684371	0.876220078401958	0.842842697637105	0.878821807280442	0.888775353790014	0.861781605844951	0.951266805702508	0.50456789389237	0.880868674957208	0.817316593376211	0.897793372662818	0.892652727124354	0.781691593538855	0.700037228711149	0.946454818893686	0.905890627623723	0.811600884025726	0.971967318625557	0.950293377112468	0.8888037113666	0.875685767881235	0.85865205467646	0.870686957236449	0.836227597257055	0.842152051413589	0.906732804891811	0.958353281488994	0.816349362466129	0.922128348683687	0.73183775919741	0.942157952049641	0.664946322678265	0.924030658666546	0.664187999087358	0.838658900309226	0.903033048485743	0.605654987288532	0.442416469369301	0.779629628598343
"SRR13357851"	0.998294999664159	0.991358522228855	0.998604539158991	0.999295546972311	0.997582261220595	0.995239853725715	0.998304338500631	0.994005954162755	0.99962766025415	0.998689200893676	0.993920281262221	0.988389656491949	0.990459700383757	0.998979026320944	0.998054997995167	0.993221126531794	0.99614911609354	0.992011880694638	0.993957450013311	0.985052481300166	0.993635696312544	0.997442601255595	0.99726011646569	0.98749874633682	0.997885081361737	0.998236554040752	0.977366394490621	0.999108964766959	0.996574104703788	0.998589470652214	0.989823426569701	0.998345733496172	0.998305994660304	0.998582475696476	0.997997132065362	0.998349016532603	0.998973125988276	0.994965098613323	0.998240273507589	0.991109074344627	0.987832294646319	0.997008091068046	0.990949125322712	0.997436250781375	0.998085635703807	0.988344096926656	0.995997128681041	0.999007609967205	0.992636025110032	0.995712800541126	0.998006189456606	0.997588436079484	0.999071002608897	0.997864993376986	0.997425133890471	0.997977041700133	0.995982828249455	0.991739932646295	0.997420458226903	0.997832189659451	0.992544629440935	0.994500126450594	0.996079385752293	0.99229949706431	0.99427022601937	0.997424856207706	0.998098724965334	0.997721376675277	0.994828753772912	0.995734216357949	0.998364178908766	0.999481707580113	0.98162584558473	0.99489893327128	0.956400265294352	0.991582587422686	0.997053049127177	0.994748078976573	0.932210700092191	0.996826571099085
"SRR13357840"	0.99845163642706	0.992215899699959	0.999409253700124	0.999832133892412	0.999503325293437	0.99668066131308	0.998210950077093	0.998402443093202	0.999329709620243	0.998368709818798	0.997806845408164	0.996480703894201	0.997955607853819	0.998649921159309	0.998582134898284	0.991295341812798	0.994220508663665	0.992696928049117	0.997292400234843	0.992485617503132	0.998557033247319	0.996668316333925	0.997574301744431	0.994801636339392	0.997896183756387	0.998887076107032	0.977345187356418	0.998674955909029	0.997919264196217	0.999508509438203	0.993123250462937	0.999011666682806	0.995831564614125	0.999072933182099	0.998504353391679	0.999271087885122	0.999644670662408	0.998676927414176	0.999135665646009	0.995319199698021	0.996629040359729	0.998704677873702	0.996938329912645	0.996777801201798	0.998530211486687	0.997205837548812	0.997337624034475	0.999322780513849	0.980387482981998	0.998434513033838	0.996992206287148	0.998240807081435	0.999321292590031	0.997110719573358	0.995446024680089	0.998913113294721	0.998465905454107	0.994686547178843	0.999306959932916	0.998669517770434	0.997186519379494	0.997921948739708	0.997824445961983	0.996221463275149	0.996397190545996	0.99820719926341	0.998930207487907	0.999130374664226	0.997204797513509	0.99624316197578	0.996999186836179	0.999590722563668	0.98667531867301	0.998393622498213	0.986892769871238	0.99612469067542	0.998454866761935	0.992499120431507	0.97537797695255	0.997148346897022
"SRR13357829"	0.490431513801605	0.110210729286516	0.545483636141311	0.748005431440422	0.611598518038299	0.365037954078333	0.120132877477989	0.348110776299771	0.170759977685813	0.214238480655328	0.240593418645039	0.369281864072586	0.452187225265703	0.150023600426367	0.185065349690939	0.120376896788219	0.293685689587316	0.121786299863931	0.376541459509722	0.235375933149343	0.48485184322541	0.130026614857366	0.211068435943917	0.153057998672526	0.279856217688453	0.115698199818867	0.177483071929297	0.0941922908965988	0.200291571231172	0.330157737570912	0.142712614137638	0.302758241738151	0.0648359065435008	0.384438028677804	0.269198164882838	0.41794897278987	0.580980489549554	0.470144174096963	0.292705925050253	0.183334893935475	0.243216248977483	0.473946224166672	0.322445189689233	0.269112943377654	0.231775440645596	0.399429209523703	0.228705310559937	0.364738204666564	0.155475731536763	0.297134502111115	0.27874104667274	0.346780365555092	0.140484620345259	0.118570757157451	0.109042642861129	0.37413994400829	0.271923331629437	0.265080876617446	0.643607313172627	0.538869283478122	0.226120482959461	0.254074235204387	0.202433144931892	0.327427642007598	0.230508183719115	0.194915895626054	0.273576423112459	0.48939511436758	0.154677246320906	0.338486380316082	0.0939166540616306	0.384146427019822	0.174076274069601	0.364118069316722	0.136566040513111	0.288626362741905	0.316125860530291	0.0916500799212853	0.0856667397394303	0.153545079522058
"SRR13357784"	0.874373330299372	0.368976934147438	0.664626903232882	0.383155074802755	0.634373881959322	0.281783440423027	0.274476551710615	0.241938720073009	0.502452929612833	0.575490094463525	0.304411323413775	0.408563721123348	0.593081031946676	0.523835983124407	0.381930475689373	0.216123937493906	0.147881640662151	0.238178209189762	0.286194671728665	0.299775131200211	0.347221783868512	0.194898521893305	0.324465278602457	0.235617314501384	0.43059882123517	0.206897753984417	0.275548212412753	0.232831392853634	0.36544520799243	0.262723088503868	0.218925452105778	0.460894678753215	0.0645303421738399	0.321187545235671	0.295453934865713	0.557682770004379	0.636573583153763	0.533222552045592	0.475888607475879	0.242399612236581	0.279230613466779	0.61319889248572	0.252789140268985	0.229408769867766	0.270325394309698	0.252370804302256	0.335997210150559	0.564453125317187	0.0531673814279928	0.186168781306686	0.133616118893358	0.255892703107454	0.308621761228764	0.241411621258318	0.138928819474904	0.609941680135474	0.373742725677608	0.17242147015013	0.539295341903669	0.50552507171162	0.329392756104155	0.266003387485761	0.348963242823721	0.311632664545233	0.287932394144689	0.178335337503492	0.310727051245981	0.52276941224692	0.273826361765754	0.497389899571456	0.16675513149167	0.200584076827469	0.126133828780116	0.409190913341913	0.125211210360798	0.208793020789778	0.261047803773961	0.112493884748271	0.0642471861139175	0.149587622983724
"SRR13357774"	0.263979201975648	0.0698679152348965	0.198319311330432	0.0976529312874044	0.158915937357488	0.101776080391558	0.0525430914106196	0.0812058165015507	0.0869292594595199	0.117964829871611	0.0846619295823543	0.148493668765596	0.193901006736562	0.105219830323802	0.0892650905852326	0.101387510861716	0.100088176819809	0.0904177022691887	0.0832208321261629	0.164821379535779	0.125394345187158	0.0774563573436309	0.094308144830642	0.0822504071746713	0.114996026445229	0.0476467105770821	0.195594072241459	0.0600715614040903	0.12601443727083	0.0696109290732512	0.0975266221121294	0.136041428069168	0.0246829839354207	0.0762551754772362	0.0900371271810011	0.164363516534253	0.1631023879906	0.170641517311781	0.116121042200642	0.104169946655569	0.0925973309706214	0.192976849156751	0.0862965191933131	0.119443483766865	0.0940153334294759	0.105051257145737	0.109954880989991	0.143023457116461	0.112966284378794	0.0745625344403107	0.111320400927775	0.111962640788409	0.0552552014320145	0.070885158197915	0.0725052562269793	0.173435744328478	0.0955748007296637	0.067278724450427	0.173288207317228	0.210316424493594	0.113077240023558	0.0879233136335395	0.106059966155088	0.14887834031331	0.10055091925036	0.0686466649134208	0.0895039054495625	0.158068252178858	0.0770317318235774	0.128652301036193	0.052879744766813	0.0609817997085402	0.103874892218033	0.117772302482771	0.0750939963001	0.103728583205501	0.0849464819146074	0.0651292728158439	0.0532887210614391	0.0638912881459006
"SRR13357773"	0.179861417081821	0.146524846789047	0.127765581067352	0.104659622555343	0.0897926016432355	0.121642549449796	0.120764244989205	0.14426682366889	0.142708176318458	0.124940441394221	0.126240664201998	0.170647689657067	0.135450993655572	0.138366105666141	0.150143993294465	0.174482389115895	0.19785822863529	0.222656105349195	0.137206178351288	0.156109701191993	0.169245249570529	0.148650656731849	0.173151769207291	0.139742538673406	0.180777292253939	0.148205715524161	0.169428798058883	0.136628453559953	0.183387736109446	0.126864802604281	0.195671634406157	0.139535542377401	0.133236827737568	0.129924700311578	0.155670091866422	0.130360118460074	0.119350709800959	0.146656657180544	0.154652045979531	0.207118108153921	0.19034913298309	0.166133577363876	0.134461571035852	0.195629180978313	0.181398541969531	0.136480648008978	0.180782473744663	0.210265614926718	0.268098415055508	0.199124520451327	0.222733205405701	0.174192494728921	0.14941592556587	0.185247988030961	0.16863860973616	0.17722695411305	0.145043974725806	0.106687503652616	0.152001997216643	0.212129331906705	0.0986252683566769	0.131418889084564	0.207840469061781	0.162134277310983	0.170568014166453	0.20410475664701	0.207727395554363	0.139719405247937	0.18047845809066	0.182461256432651	0.181740031323471	0.15409003542937	0.172908248113201	0.152348457193846	0.175330856696453	0.157596998443282	0.131691807033083	0.218771844470351	0.174554772436871	0.168766350333989
"SRR13357772"	0.885379356187705	0.792251553730734	0.801711694066139	0.775796847542278	0.778041792270342	0.619885771905182	0.780147870219241	0.752923736029988	0.869206078848087	0.857274229883129	0.7558907122034	0.752318099073452	0.78193399453109	0.832324946542398	0.818897733286805	0.707229389946588	0.62153537665042	0.760242454507773	0.712421047530954	0.639546974511581	0.77525008616284	0.700007717489088	0.794629755127957	0.731052405486753	0.801594395837818	0.833053884630871	0.547671182451064	0.792726917681628	0.808075606908356	0.802679229456958	0.735695087613305	0.797419675292616	0.626928020639864	0.782855582954508	0.767607063263072	0.797746029852187	0.819340799092942	0.797923736102576	0.843796334000366	0.779110863377776	0.810135884132165	0.833139759786128	0.69719879564218	0.692828543974133	0.791713059960826	0.692291802579159	0.793535495712239	0.886591513920288	0.479628849581878	0.82553067879825	0.655773717962694	0.724650664791915	0.875736830015513	0.790925470622262	0.672651040946538	0.848571209439493	0.812639651644995	0.627623086844987	0.804208847209377	0.788359849269817	0.656148402210885	0.735904059288639	0.841898553250085	0.699822257204167	0.748133418474746	0.847930398618954	0.858837008103285	0.785006139499798	0.83350459850253	0.808669549349644	0.770592882282217	0.78760025132391	0.581102846552695	0.79082747560784	0.679356283605597	0.677455017491836	0.721141718112568	0.712654497486119	0.602376223365148	0.728581690163518
"SRR13357744"	0.939753150136442	0.893334517655296	0.94510289633502	0.935122646042173	0.936249921402292	0.83141673325843	0.923309360796234	0.923931998902846	0.951583001172627	0.923990088941491	0.922611150656837	0.91747218010196	0.930477332371817	0.937686698659989	0.945374121443805	0.909156229243736	0.810835615039425	0.912646801960645	0.866972186985708	0.885008313811017	0.931280782282083	0.896808171918606	0.918707272694392	0.911454060665423	0.91769495616919	0.955010878405918	0.850641276645519	0.942194720240687	0.947719416616158	0.950369489376023	0.90904652482498	0.944695090168882	0.821560745741999	0.894480288494773	0.920793297088127	0.948350390479772	0.959747882364445	0.940626883506749	0.958885661460822	0.922394462447776	0.929905503026368	0.939418941181424	0.889664466035089	0.879668510591381	0.936148891878012	0.890774356103604	0.927138273216857	0.965378596319616	0.733436877068261	0.950180625102198	0.865717750588408	0.904196332882621	0.967107831275349	0.923878029490165	0.878642248706146	0.953516409880798	0.940881511851529	0.768695084675009	0.939688906866375	0.926402855112814	0.878629149613187	0.921334042322945	0.949829365573459	0.895308823016252	0.905520973483847	0.955504302138063	0.957339199650696	0.937922582789875	0.940702401791801	0.922635155223679	0.910457844793433	0.928992447051758	0.83416006207734	0.936609473140707	0.90469568022528	0.883971141118192	0.90624067599864	0.886903556380075	0.848775661818446	0.906264916496653
"SRR13357743"	0.998280310773707	0.992022900977799	0.998462525653424	0.997188062641331	0.998572416767607	0.984633923194979	0.99718910877295	0.994839899303223	0.998960458076957	0.997819497378316	0.995984282756906	0.99423241568783	0.996712186761761	0.998192315144734	0.998093133736162	0.988486089571624	0.966335975062942	0.993208253396752	0.987574893486429	0.990122480538005	0.99519655745758	0.993448132246523	0.995219004994724	0.994362812280631	0.995559093612047	0.99837458609952	0.972517143273774	0.998142084407742	0.997659113781629	0.998083189543049	0.992277180857851	0.998121949526668	0.981005830964229	0.995802972479487	0.99562745579353	0.998489341662762	0.998765149943498	0.997461542818096	0.998786338877005	0.994826980488899	0.996595132523682	0.997530206879531	0.991103511818476	0.988081902175315	0.996481307244808	0.989637298411648	0.995763889355864	0.998874649003096	0.898494129056898	0.996235422240192	0.980655319323793	0.992385410652689	0.999150302032024	0.995725286150308	0.989615073570359	0.998469612508492	0.997470487765236	0.975453758186428	0.99685941954176	0.995163431864004	0.99296976342487	0.995603992044034	0.997451456802132	0.991522327693273	0.992935008941575	0.997124491823903	0.997850333381698	0.99750314983899	0.996841543947127	0.995986939277988	0.994175783850677	0.995882557314426	0.974419058926663	0.996870727237621	0.984278411127254	0.988648108155894	0.994224692744975	0.986890154550938	0.971816051010493	0.992603309222403
"SRR13357742"	0.993903271583343	0.957991141361095	0.991223616863333	0.976571722397202	0.990786696772645	0.930935013181782	0.982687577480542	0.963615181924039	0.993949478571506	0.989634021810206	0.973607445412754	0.97015871729694	0.981375508781376	0.990198670671702	0.987938694059886	0.946622844348192	0.862965835041163	0.961951761140611	0.935212276770941	0.953786034841453	0.968846329412405	0.963550856006572	0.974055601627619	0.966725403743316	0.978981350968038	0.986375670640579	0.902293339891974	0.987003885275088	0.985452980491602	0.982899889003843	0.959665046734158	0.987964408408684	0.894720974576538	0.974991032287	0.973811139956897	0.990497048556655	0.991877007896156	0.984974587909802	0.991911653636412	0.970908218791521	0.978488588618775	0.987388279372021	0.949299134217073	0.943217893194738	0.977344284784862	0.935674204869457	0.9767295847064	0.993289740903333	0.679758757570534	0.972192250667902	0.902858829287564	0.956787602328855	0.993122905455833	0.976242855401361	0.945148295091829	0.99161713780022	0.983536906101769	0.883610756453092	0.981082708024266	0.976296788700268	0.960200004802486	0.970798670927451	0.983929922945513	0.956853065415201	0.962345952470626	0.980517951615462	0.985276846296171	0.985093113696637	0.980044912987187	0.983522236442846	0.966988138969829	0.967926252551479	0.884843575000077	0.980700378137065	0.907896962531269	0.936530042508556	0.964049413429446	0.932099884726291	0.850485462481341	0.953920029252507
"SRR13357740"	0.988991998460994	0.923373537252803	0.988659392575201	0.994324756950735	0.989067743182403	0.954577656643525	0.955711595159177	0.957114962885206	0.983927319508474	0.976057617542766	0.950847221879374	0.944578717439498	0.969569781531315	0.975892363130381	0.965350202777734	0.846536210905577	0.9308221734309	0.900709752678898	0.959315223028302	0.899086440489448	0.967264693662252	0.931367265298064	0.956331584861932	0.896048847407264	0.967563511554537	0.955204085190639	0.783578749289956	0.958101866886283	0.952428142320996	0.979699779190447	0.88393758784377	0.977263151400533	0.9026616118272	0.981498506412881	0.966513149125275	0.983247185901535	0.991463034982665	0.974033667688034	0.976601667609116	0.910867498486654	0.930520736804708	0.979239108775387	0.941677632897095	0.948930654362299	0.962609136540866	0.947843610618703	0.94933582176223	0.984792554895776	0.798262560831387	0.955212822444648	0.945107920088866	0.964380002239899	0.973444942071159	0.939376895163474	0.911711158618984	0.979598902005021	0.962634609656251	0.933844744363002	0.986155815288829	0.979767654831088	0.943379450769054	0.949277857689292	0.95144004909452	0.939875004490547	0.939728707550081	0.950439841446155	0.970253234806293	0.982115780537376	0.933266878848059	0.95759700086347	0.93280877066547	0.985573632170872	0.826147048526568	0.965343079588806	0.755765333926075	0.930526946033719	0.964362322661991	0.864292261773746	0.647180492113661	0.930390082596504
"SRR13358144"	0.0137928341073601	0.00213816924923366	0.0112890174940589	0.0695364421983293	0.0418143472566103	0.0518379897757232	0.0162636534720279	0.047963508868059	0.0156801860802063	0.0182287280891493	0.0119907191099555	0.0148225498329758	0.036080741299351	0.00404417167657529	0.00581909818091529	0.00508384564728389	0.0306735222653365	0.00386982567268595	0.0695835990724619	0.0157957662224109	0.052173089497607	0.0142564912668349	0.0140569669189891	0.00517944313518079	0.0290882101283626	0.0112750922252375	0.0226158561256982	0.00894617329889968	0.0107514248197138	0.0234833778642625	0.00715739871534513	0.0339617932606333	0.0114527371517723	0.0772955787674687	0.0144425449329061	0.0249462690745214	0.0291018819256519	0.0182071705252778	0.00581382801909129	0.0069103891014135	0.0217830440208733	0.0134952510313106	0.0558547252148589	0.0193011561597904	0.0159147715102583	0.0199139711436538	0.0101100178117943	0.0136662425336607	0.0799395427057987	0.0313197607692898	0.0397579400391121	0.0311638880689125	0.00402654507699731	0.0132247784835914	0.0141626624138406	0.00901518621255077	0.0147053154649775	0.100066622019887	0.039867698337433	0.0812887827104383	0.0160237242549576	0.0139298448290266	0.00477744226808301	0.015818196356571	0.015998499961362	0.0115666875408712	0.0165948938891117	0.0116189728133176	0.00456620925445396	0.00475317992309856	0.0178439116215312	0.087155508543821	0.0254783804129299	0.0376028469371046	0.0118984158994973	0.0204313070747915	0.0227196729374347	0.00861547647843434	0.00852166632266159	0.0167654018702169
"SRR13358143"	0.599913163856004	0.0550282840169361	0.280266542902491	0.184045376507764	0.570167400981336	0.221044193863409	0.329041732355757	0.220144313222888	0.569449552689704	0.624665138503106	0.163282607362943	0.133363072151582	0.530323621792711	0.360593178749215	0.159035378545007	0.0455606733624152	0.059524742062152	0.0376883476995274	0.259116415644905	0.204893802522625	0.193518821380382	0.173357767085651	0.172431487370374	0.0718661077980874	0.32839491604067	0.203406013313483	0.234887149465009	0.287744098328209	0.247001387200234	0.188760061920353	0.0712940988065876	0.601486402951391	0.0315725683316932	0.368356831010978	0.12054695246074	0.509802304041864	0.424506766092235	0.253957770301805	0.196182274549017	0.0584172518772304	0.167781127985266	0.226676172363336	0.252879680117351	0.0834475471218974	0.144517825765068	0.0773919099034302	0.126355537991471	0.266278374762413	0.0548061547642158	0.180084007678066	0.0662671887524049	0.129122807509151	0.145185458825194	0.179908044133241	0.106687507511064	0.233648711963643	0.220558021828796	0.323286373520467	0.205527400761902	0.342745553964747	0.332178485096623	0.141750224125049	0.074476569430338	0.119366444507914	0.143559094796666	0.145720486152206	0.140768141988725	0.153797581095774	0.0600695705635354	0.15477920132241	0.168643111115598	0.205482179997522	0.114448936232404	0.329602393346595	0.0515332992068414	0.0919367200161455	0.138804989905193	0.0415571632008038	0.022799618982202	0.0961177204480485
"SRR13358142"	0.98306337135825	0.961696260673426	0.992507913544291	0.997725610710591	0.992903460690846	0.9794777599417	0.96264783563671	0.982929878970204	0.982091828962014	0.977175159975797	0.980257055573898	0.970148659864937	0.989939429631113	0.989506020236219	0.97767125979861	0.915610819361291	0.98896969901983	0.953126861566961	0.981171488103713	0.980507822209691	0.986364171122251	0.979050582402817	0.97802875106493	0.954364305173441	0.971587396782469	0.976450974948572	0.945190346093462	0.98336556528415	0.98236339341145	0.992703450923667	0.955828457943393	0.991867566206213	0.958372169906159	0.992050839607902	0.984306215490582	0.991765308985353	0.993998291921487	0.985578060688538	0.985614873126999	0.969145850292848	0.968836953558603	0.984228118822105	0.97240182170526	0.986899276609588	0.986338761855864	0.989099826550696	0.973555371345011	0.986157229048942	0.987258087708796	0.985154237934054	0.993229850934928	0.98996001909506	0.979753822555624	0.964950493457648	0.97954598242722	0.983135614682951	0.976154792371208	0.988178197777063	0.992359590751673	0.991328930346173	0.990213575908788	0.981916132763628	0.974557527776391	0.983197892469103	0.975752186254897	0.982557089867408	0.983705031654459	0.990396959251087	0.958555376268206	0.961374793906168	0.965929530331011	0.995056364187629	0.972082442201712	0.979451781066891	0.920847964300565	0.984849785153945	0.985998688434712	0.961282793402912	0.906047749614735	0.979063677785485
"SRR13358141"	0.88070795811681	0.907917860137679	0.783146485554997	0.781818491598828	0.905358219411745	0.885231404115225	0.553155132010943	0.862585262719865	0.620172125301591	0.899527953176482	0.870417431412771	0.899757376208147	0.888975332970022	0.804521559308423	0.79372855282447	0.739033240248469	0.821478598533129	0.765530397216661	0.888453428069557	0.833215156502426	0.872426040428267	0.742989775628891	0.793269276118121	0.897737931680924	0.75883417378781	0.834358032063388	0.772128385792238	0.773333552336916	0.728708792844138	0.819903386409012	0.88846993453536	0.768414449916938	0.604325303649247	0.794319666589385	0.80540372763378	0.766620252307536	0.900633057185561	0.879139787447285	0.841615146360322	0.786176036436874	0.859259702889244	0.885830551642195	0.876051455548613	0.731632868557293	0.743371639852872	0.922426019560994	0.824364791763129	0.779150736415296	0.597802534635323	0.822675020678644	0.631052339623664	0.781787466054389	0.843451275115958	0.704692320948975	0.592100002014668	0.769089526886509	0.901391779533637	0.896050168401705	0.884612700044088	0.790044436979494	0.917201544407453	0.88604969871549	0.791077850185859	0.856522734548095	0.839080380841486	0.767650388968693	0.761722172499809	0.768446283822561	0.80198736187799	0.880863323400336	0.605523395043453	0.708928322359226	0.8586481914497	0.890212392435498	0.871698199419477	0.851360927881813	0.812493932484694	0.805011848965669	0.972164164130016	0.75786842124182
"SRR13357755"	0.302336633335802	0.0320465605800252	0.281854119600653	0.523225379451318	0.482477867555071	0.407670777115794	0.26716344257137	0.343487550106192	0.47781688013591	0.43633013434429	0.163099069686708	0.136621944142744	0.388901893694384	0.348053983224162	0.13848847834366	0.0598512633512347	0.298847290203296	0.0630400459118265	0.401232117217013	0.22846607303542	0.340979656440746	0.278005021517558	0.21335059242009	0.069038796577357	0.359459343223777	0.219527635538119	0.2363408820141	0.310687358066373	0.218464055978625	0.330623295291625	0.0901325911948979	0.557697064761932	0.148710996224377	0.532124173909193	0.203652251231799	0.460253049047623	0.459254571434609	0.233882273206605	0.152856705931892	0.0709997796807346	0.148188281164871	0.207301299568406	0.306623584320556	0.259555175959992	0.256025933855738	0.154072588630255	0.15040632634082	0.259891604086655	0.515100495688203	0.272033972601542	0.40849030144189	0.344083654956938	0.116719723089226	0.192355474366128	0.268925553008028	0.17189649680441	0.202667386308926	0.492453672887693	0.361128625867683	0.599118540603339	0.290343771498377	0.186786080211444	0.0768531537749892	0.194733151413308	0.188476974183966	0.175352218055875	0.220883392703165	0.192947241549772	0.0594353998122899	0.103656832932152	0.24893514251744	0.639074056728437	0.253762025832045	0.362100855944872	0.0611997977256502	0.197645724014722	0.272167456927011	0.112259744174563	0.0456589279910235	0.223710752043181
"SRR13357754"	0.0140504876389205	0.00419192257766686	0.00716082570888348	0.00509057303554474	0.0098548658745278	0.0115867733302623	0.0139944666196866	0.0123072020623903	0.00906332420970367	0.0108273201922099	0.00660096838735146	0.011898452230161	0.0105816601653278	0.00576345176539569	0.00575149424889985	0.00679432623346561	0.00516448451975317	0.00537043603652356	0.0148924550898344	0.00681052314163746	0.0118325869928286	0.00583533758161796	0.00836957778603231	0.00756660343130718	0.0157810682755953	0.00687040521027565	0.0119662802928207	0.00414345912990345	0.0077754540216415	0.00529247044586791	0.00771538343226957	0.00880307131731041	0.0056979654268234	0.00964029314460877	0.00582523514211688	0.00815019889971487	0.00696187212383332	0.00960398871424323	0.00598342737424468	0.00703733692181019	0.014500630850607	0.00963836580018105	0.0132567289595819	0.00600576100507211	0.00624944749349666	0.00571998803348319	0.0082482209048844	0.00929737197279372	0.00485374930533165	0.0110211896117336	0.00426992048386891	0.00635560551894893	0.00470246001550799	0.00802393260851986	0.00553020160660767	0.00837972249257124	0.00981100138019039	0.00808380310291534	0.00818136038441812	0.0107779774712981	0.004140917989308	0.00616460570097802	0.00683438408331057	0.00666893224500222	0.00890031140176413	0.00690123853802988	0.00753372195096193	0.00681732687401984	0.00665634669644436	0.010646015848754	0.00798264177722203	0.00602402292422212	0.00732265715255008	0.0123680701640165	0.0115760446304571	0.00623865999153984	0.00622519557978911	0.00579642658385597	0.00778208204666902	0.00594826995518183
"SRR13357721"	0.814541334671531	0.194188471623247	0.698628847858872	0.70681237103102	0.63569306233756	0.440112336053755	0.26928355963782	0.279233901104548	0.51946818952399	0.527041167863935	0.251595299887141	0.360790296308032	0.435205353613245	0.391748046516775	0.326025803186753	0.232147802697154	0.324010671732225	0.167826631743254	0.376082753805725	0.231692494417686	0.394050532658051	0.220117330842668	0.327709904756577	0.162243913334683	0.484746235124873	0.171383081396328	0.240564245784762	0.223643765882121	0.274605818166217	0.330207905165568	0.167125320907039	0.431455258744266	0.146517047395602	0.399526306011956	0.36974580181976	0.552930807046124	0.7814266950803	0.49715921643064	0.433312662293142	0.165410061749465	0.154705644931221	0.607028155756562	0.292973396001141	0.355353324848477	0.307494708217481	0.267057209544212	0.315614094740386	0.573138583179611	0.136851886136702	0.239488830430823	0.297076312592602	0.385592419341576	0.270961033654847	0.238867124043386	0.180999931624858	0.558949165575265	0.330275128765552	0.20748946941314	0.649916274257285	0.62359774006804	0.248834873868887	0.253274752353543	0.26424010202949	0.330036369868049	0.277046312207598	0.22790281575989	0.340815803722617	0.572412493128956	0.204281780284496	0.555311634037216	0.200488901039187	0.444769077443047	0.142762022767014	0.38915901873121	0.0830809407520311	0.238161654283205	0.352611273579656	0.123594188320394	0.0415482557380196	0.187086669021703
"SRR13357720"	0.812850861502649	0.213696054394438	0.614109109311039	0.333673949078074	0.59237126040911	0.255354622403414	0.254498582525468	0.194311115429845	0.493676944361678	0.525691399981972	0.231565840557751	0.34825057727472	0.438978790974922	0.409769858740968	0.338461979090143	0.248317346699682	0.127434858686864	0.186003077448631	0.21587514274034	0.244564839249061	0.283559958664549	0.181094821831449	0.278279568102355	0.195874749580436	0.408530629593166	0.177434746308992	0.264622621080147	0.217063836837155	0.314301373534473	0.215292705677938	0.191356046405478	0.392403041202714	0.0591962748844721	0.326460528938871	0.266021667377226	0.501038543603494	0.578472820632698	0.462654872730765	0.422272027139684	0.233823759905269	0.275573964685602	0.562943505823691	0.210315670389945	0.215815885720976	0.241033492388863	0.170426920579045	0.300611241980807	0.549571034274779	0.0535418067514868	0.188696815414549	0.126408252706259	0.228393064068131	0.297980029028313	0.228327337268231	0.132848265791891	0.56442953589522	0.320227669135128	0.134999926041532	0.473080999976	0.465354358142617	0.220397789325317	0.216034716836067	0.293708823413801	0.268921207624779	0.236487299223143	0.219079198664394	0.298216005390215	0.464841028976254	0.236849228702264	0.462841143448688	0.162269436344321	0.179763465438084	0.108342550298212	0.34867267603886	0.102479003890822	0.166944214715642	0.225839821246359	0.105529099458617	0.0503166909025001	0.133466439479704
"SRR13357719"	0.960675163331084	0.962183931292193	0.990904750906155	0.998124968595161	0.990173091490688	0.983970636414841	0.975492452420095	0.987190244875825	0.987088143172188	0.974734483328765	0.980428274033416	0.970732732474949	0.980176685575361	0.98502836976147	0.982065879290044	0.976728178995643	0.992853815466352	0.977076360757074	0.982288475745636	0.978659994878617	0.988235625744268	0.987162022807228	0.982779987625483	0.962874637179599	0.978750822071763	0.986195054993301	0.974537365435401	0.989863865793791	0.985037932551543	0.994882011224543	0.969376389154503	0.991522019148979	0.985304359293775	0.993565277795698	0.989262075383503	0.991050728100076	0.99315691706978	0.983655053749357	0.986252910753818	0.978541700331722	0.976535834744743	0.9827031781021	0.978078512046004	0.992068372494786	0.991208168277088	0.988047332074381	0.980014134223773	0.988540817905845	0.995099819294878	0.991137429905747	0.996771063919077	0.993365971612256	0.986929203916992	0.979836097053198	0.989376643154453	0.982835808183514	0.979622182912095	0.987705361244788	0.992108989412793	0.992435646627359	0.985041331045628	0.984897121970176	0.980959729900539	0.98534742501447	0.979811654222831	0.989980620295437	0.989408011599468	0.990146657639489	0.971115488507975	0.955609026472965	0.983792006203659	0.997543225297469	0.980518561235056	0.980924272960206	0.962141486442562	0.987726480798085	0.989851233811484	0.981849998706909	0.94419828279075	0.988705033775679
"SRR13357718"	0.964805781336642	0.930234391948268	0.988432237511752	0.99609326060678	0.98689024908002	0.973731782037331	0.957594764190824	0.972437209825073	0.981652656694339	0.969182837010819	0.964072010019728	0.95327826379266	0.971836307578531	0.978941531747654	0.970153647005447	0.955136855064572	0.985417285063963	0.953222944416224	0.966293013184612	0.966671639375422	0.976924451708658	0.976127378707195	0.969752779799326	0.933533063118846	0.967572981612609	0.969198302832358	0.959402855637654	0.981211865735189	0.97437334647964	0.98853724108904	0.943111244731371	0.986715383269988	0.96290844228291	0.987714275843675	0.980102384786384	0.987284814376857	0.990369891995465	0.975654261996711	0.978669918554102	0.958195991651678	0.952352201307864	0.976811973641534	0.95854156898971	0.985104238095692	0.98254866366426	0.975223836559108	0.965689288605788	0.98221213226202	0.987671300874874	0.978372220323754	0.992505118624426	0.986945873317131	0.974419621475941	0.962491463929476	0.97842297947198	0.976475188839923	0.964598223815982	0.975256619021364	0.987340144997531	0.988223126460239	0.976157623855396	0.971238455784937	0.964494616729863	0.975403975119083	0.963495040803124	0.977630048692332	0.978310022276341	0.985123558199917	0.944980303024941	0.947420542989691	0.96645133245347	0.993881813628829	0.961945424522068	0.967754914904749	0.908568893670875	0.975263060001863	0.980484613294661	0.95893061107621	0.865020151363814	0.974699925193724
"SRR13357713"	0.0688468853362192	0.029773204897913	0.0311226317596527	0.0386984548431953	0.0508848235328187	0.0464527945439355	0.0653243955443746	0.101048945122872	0.06369786665432	0.0570622037377566	0.0516771540454489	0.0666383631740703	0.0754804641452583	0.0392699495418074	0.0454628216663191	0.0424700892994942	0.0313613796915892	0.0431300568498307	0.0877879704494103	0.037103083787724	0.102897124620386	0.0381275598300251	0.0569242685380902	0.0449372866441438	0.0857234705863631	0.0846189962399808	0.0485825620769183	0.0428068215029492	0.060197670942091	0.0570699482767887	0.0546429271995304	0.0628151459971191	0.0338484551106744	0.0663220591635773	0.0421277153606065	0.0512923772505064	0.0490940891297585	0.0594229976647991	0.0477088879408191	0.0521493956435543	0.11311488129575	0.0509591468490123	0.0865638808611042	0.0326021578515801	0.0545339764970714	0.0407203748462557	0.0553144694267183	0.0791085145542647	0.036198358565728	0.103832702284545	0.0319674608544755	0.0453079777752083	0.0531307608032318	0.063369788840449	0.0343402179438176	0.0517273604640935	0.0743497289963009	0.048071768126247	0.0648400131431763	0.0868542054650673	0.0261492391588612	0.0489830025250682	0.0555714926397401	0.0375546744390914	0.0584772985137599	0.0662103337646091	0.0889928281929647	0.0341134177382144	0.0566385274637314	0.0586451617602155	0.0649490572899132	0.0715813497573666	0.0486784476311149	0.107629165106842	0.0974797585202646	0.0425917360985489	0.0451364865152123	0.0480505463235037	0.0693624083366099	0.0529115693900981
"SRR13357712"	0.98061881781848	0.872712035724869	0.981546502080482	0.989567413886278	0.986675221967257	0.9511434812762	0.934009352147768	0.930801845865626	0.976111223631164	0.96494468518494	0.911504766207162	0.91659374076734	0.941134202900744	0.955184769447738	0.94976717576135	0.890629647594309	0.89708289373648	0.846646649295284	0.928083618241306	0.843310889461658	0.946030495769332	0.910244242174057	0.929607692879098	0.876570981449682	0.953266162775014	0.936131818445511	0.823114018443327	0.9446999288579	0.922506791131955	0.963080629952823	0.891981237389326	0.960385933083025	0.862840579361863	0.968949534138391	0.95068609297255	0.974497244509918	0.986672975584321	0.95899246043451	0.962048556607695	0.864869738872383	0.884577004907964	0.968129495736348	0.925343524584164	0.92617127899127	0.943781850611426	0.899887517535555	0.934787700722546	0.977620875492298	0.743553189474882	0.924217530470746	0.919847536425633	0.944459727527505	0.964193242278776	0.914423180635129	0.873657894285111	0.969142032100668	0.94843052357977	0.878094591049653	0.97724295770279	0.969693924026269	0.909291524446666	0.931397694549306	0.919779280158097	0.909282470463905	0.907918350370032	0.922989385459994	0.951397679899243	0.970523333833172	0.894100309432099	0.957352218146816	0.903521289310743	0.975819216205385	0.783637273745169	0.952157780706297	0.721390039642471	0.885270778308172	0.944416742891757	0.847465752829421	0.686063391402734	0.902669004058701
"SRR13357711"	0.99074860171945	0.95126869212168	0.993905019388492	0.997395211411598	0.994694037499651	0.972369158810417	0.974206996405883	0.978949149415184	0.991309696560193	0.988527085223911	0.972473539695798	0.969726376855218	0.98085430295036	0.980902486664213	0.980429976149418	0.957167549865783	0.950185318965936	0.945324643586532	0.97397262878597	0.938838637157495	0.983831697170095	0.958386867532623	0.973815956450754	0.945912835160102	0.980473121198153	0.977345224696299	0.915332349633141	0.976053781544938	0.973502359399833	0.990576484507498	0.930843270448396	0.987063327827435	0.936717651592408	0.988776201212923	0.98124607988698	0.991246589578377	0.995668709978089	0.987412439470232	0.987636993674613	0.950575609257735	0.963903482340226	0.989955125275475	0.96869105112935	0.967955972016281	0.979377818125549	0.970113136948427	0.9725969608601	0.991493331323375	0.852196082012595	0.97752603162118	0.965983207342659	0.979794924356952	0.986325333616472	0.962753866711389	0.944062609542372	0.988972779116584	0.981886450706142	0.956478400068385	0.993422912236803	0.988306156117151	0.961363188768631	0.973419287747315	0.974300239839043	0.967929093586245	0.96276224947729	0.973151277593134	0.984255225463388	0.990575081587303	0.967784777664703	0.971792925338936	0.957744782479307	0.99246341693353	0.893512917725869	0.982035269699841	0.902035639015347	0.959774626217987	0.980808205753152	0.913269581159218	0.78129804766566	0.960314245804658
"SRR13357710"	0.971840100853441	0.822530944169049	0.956546240698349	0.939598107281274	0.9713110495853	0.857198768723272	0.914624779440421	0.894364815588435	0.976223158278501	0.979862311265973	0.884378357024286	0.850419774902815	0.960735968727677	0.96468158949341	0.908059777742075	0.814566080539058	0.720813271173526	0.805189715076128	0.866189734129033	0.87785430156958	0.904179466043482	0.877366190623323	0.888605796545229	0.804837157458087	0.919889126204748	0.917994112272499	0.87691899724194	0.940202430514789	0.927779855103813	0.931837655099988	0.77106587046363	0.972108155441977	0.610914837918262	0.924073909318181	0.870482482834825	0.970092761219655	0.970636593410855	0.937344356632651	0.935114189178943	0.768366446508242	0.854114502852526	0.941925878502803	0.861907362581679	0.815757305410271	0.896681622201731	0.806609749075619	0.8750608982407	0.95109495667641	0.656075131662575	0.896733333275964	0.800377667826183	0.8729403567203	0.92381675945722	0.864556842142486	0.830777477465705	0.939074284481578	0.920862994538356	0.867629781006364	0.939856399524318	0.948680337985939	0.923339903870968	0.878928454570493	0.86280239474009	0.862881346027239	0.848944722056724	0.891859684993369	0.909995221590053	0.917960986485863	0.828860102850349	0.863506173746662	0.847652877532652	0.927742041475306	0.77820912548439	0.935150485332751	0.710990019337736	0.809233907369454	0.874805714875904	0.685717084997513	0.487673875421252	0.824870955452474
"SRR13357706"	0.00868923599554671	0.00162714587464399	0.00276757543920501	0.00151519064576858	0.00530428392487641	0.0106345222400714	0.017321179351548	0.00579488984502957	0.0148020636515718	0.0159501840264711	0.00323137144766582	0.00399658008076615	0.00703992231222037	0.00236991132744965	0.00341668272119647	0.00440215760329909	0.00699678081604536	0.00313831761498408	0.00842085157154394	0.00852726792732479	0.00447592849328813	0.0100339183787483	0.00632687839788263	0.00332709646907665	0.0131012791672199	0.00512451220457609	0.0224247533537125	0.00839346003537982	0.00701692774305853	0.00279281276940832	0.00485202080745782	0.013332602395708	0.00627912168659332	0.0105223824138532	0.00390566231150498	0.00738774965701563	0.00430650580890678	0.00373268376785073	0.00295963926169656	0.00372689769350472	0.00715995935108279	0.00387162001149863	0.00898471232267363	0.00663756582835485	0.00511719363698494	0.00199456310898717	0.00473886056270992	0.00471467365728513	0.0237644062001652	0.0055669258429434	0.00754558397173456	0.00544626192881211	0.00232350833290102	0.0102677808885958	0.0112401936303019	0.00398490006597719	0.0044788639130076	0.0150448382986964	0.00302216222704384	0.010537428225652	0.00582558358125574	0.00337668751365864	0.00260039488397472	0.00459181258936643	0.00583090594006739	0.00463718984199201	0.00370648736678055	0.00257848716426319	0.00239875298245623	0.00534190569921343	0.0133923403303086	0.00572394728294245	0.0113955173052943	0.00680282919027761	0.00423177925511667	0.00414605234896856	0.00380731668463534	0.0059223982735075	0.00346185255466805	0.00567092926555635
"SRR13357705"	0.0563688420749404	0.00401084905699833	0.0121991581520658	0.0112233956088348	0.0413362741752481	0.0194251942017856	0.0255331527018647	0.0282875247759612	0.0399163346498109	0.0430491549474734	0.0118615170206058	0.0157481385056709	0.0362409841918814	0.0178385792297424	0.0105811077610226	0.00958209406562269	0.00552449985850495	0.00446286858280813	0.0330841333296486	0.00963781875679045	0.0290268843517021	0.00973787241219368	0.0144700514228345	0.00731868681044622	0.0383765825912755	0.0190851934689549	0.0207732068111568	0.0127763662585804	0.0147394016262399	0.0128749357744556	0.00833929973297434	0.0323192457130414	0.00452117969644642	0.0463606331631517	0.00905132903855081	0.0253155653251682	0.0247833313783411	0.0191961490032353	0.0119316839974303	0.00833112821681673	0.0375531923244288	0.0170289658192608	0.0283542172062436	0.00615948182761568	0.0114001635166793	0.00626116964691264	0.0119021174303004	0.0250562432954976	0.00546306006021428	0.0194361437345933	0.0048583813001341	0.0102449142213927	0.00999880266694624	0.0150386700189031	0.0069603017775728	0.0154679885773489	0.0212675360136546	0.0251015938674798	0.0203606124525647	0.0406031175484658	0.00852012846898293	0.01066160696429	0.0075445599686501	0.00806280131084017	0.0133278238915074	0.010777890358417	0.0185412886070425	0.0086179418485718	0.0080531936428798	0.0202408536318856	0.0154170827162811	0.0211010553624825	0.0101948888022722	0.0441397912170948	0.0138492024932673	0.00769628657306978	0.0112291974131248	0.00567834967670682	0.00608683502911263	0.00942659333565568
"SRR13357700"	0.995307438962952	0.977329026391715	0.997650853109477	0.999170078827158	0.997708331712717	0.987990614244915	0.990585130575007	0.992762019722113	0.996318821392259	0.99308208536995	0.990173061378379	0.987639113257346	0.992547126612398	0.992645577872266	0.992948181456055	0.980900704846906	0.97824219509403	0.974342574713947	0.98953682840859	0.973829275745635	0.994162019959399	0.983863600579002	0.989146645321427	0.978177688096445	0.991435194161971	0.9929984683195	0.95959928703645	0.991949371309577	0.990312424557797	0.997157519265477	0.971779750607105	0.995351347062256	0.97586979935937	0.993839634485254	0.992968048630802	0.996811153356577	0.998450448895861	0.994965180629704	0.995758934059754	0.976726737099896	0.980603093033106	0.99524091208602	0.987929290106659	0.986537266620481	0.992617487275254	0.989000617674433	0.98859059011347	0.996836624106768	0.926820637976748	0.992440607277376	0.986294400560502	0.992244349936171	0.995721570916853	0.985589268655495	0.977700331194626	0.995535977371931	0.993057317750528	0.974277207668105	0.997333156464806	0.995060338442088	0.9850170555794	0.990570024799775	0.990057236617712	0.986005292101642	0.985136914613916	0.990646812116025	0.994549220259402	0.996451880048657	0.986712969089078	0.988214923098655	0.98385332883968	0.997564269855701	0.952550896598776	0.993381204819927	0.96318483757672	0.984055494242074	0.992974899869474	0.964632712239765	0.9062328835177	0.985525491384267
"SRR13357699"	0.98659320819734	0.898875423201809	0.988627951220103	0.994115481577465	0.985395238743221	0.956213363320708	0.960133593089414	0.955856515786652	0.986253533456459	0.976433320872734	0.94628851465699	0.942645527648577	0.959661295614297	0.972110882528883	0.966875891655995	0.899114777924998	0.932375125588379	0.897059988973202	0.954241242498841	0.894282154867913	0.96553920461496	0.937924248578602	0.956675949568038	0.896227906415171	0.970187976473479	0.958187709061497	0.831587019494639	0.963325242193467	0.953104292847185	0.979832054147707	0.888308378990208	0.976565290705147	0.918202752278895	0.968835434596314	0.968502775656012	0.983317053785687	0.99136381432515	0.97283122501457	0.977384215435576	0.891168468006382	0.885661342028099	0.979223989137841	0.94073274914379	0.95326509179258	0.9649447495995	0.937078683727069	0.95157414920717	0.985685207798538	0.81972174061318	0.954718236381943	0.9504275474273	0.966062339298477	0.975628426537207	0.946099464987502	0.921872574361388	0.980133827735642	0.962792636749868	0.893483924523578	0.985576206914029	0.980267343495028	0.929559476962065	0.948143406935037	0.951379230256568	0.939843180631014	0.937935292684261	0.95333351433528	0.971612577132651	0.981954765450845	0.935791010580485	0.96074921156917	0.942016437856136	0.986728000381086	0.830639785990877	0.964683182264192	0.776136238126244	0.925083640889391	0.9652917165618	0.877717996853631	0.642898716239906	0.935515706722978
"SRR13357698"	0.993106493958819	0.967219380834079	0.992415496149525	0.98860528485599	0.991391407775784	0.949336019557474	0.98104004094477	0.970373547220578	0.99317840427342	0.988357361125967	0.974155575529473	0.970895681988247	0.98178673221206	0.988376082397503	0.98643566049117	0.961824783723565	0.901473506405218	0.967813643692966	0.952541308222269	0.951293100277703	0.975437179249065	0.963202599812849	0.97436508444835	0.961776698850065	0.979820600884239	0.984637265010574	0.92662028739645	0.984813939956773	0.983019247269499	0.986359977312555	0.95358691498906	0.988105142164778	0.912829046674184	0.974524074917509	0.977131516266047	0.99104594047869	0.99355259233675	0.985998440311667	0.991064060044726	0.961537523806106	0.968727630921816	0.988062597457112	0.957696414400685	0.953812382496229	0.978748851517658	0.950855518779531	0.975804381363438	0.993009791435886	0.74895289523472	0.975831140712886	0.931580151584014	0.966943972218625	0.991796669179502	0.97350625376604	0.946498921688509	0.991051660670671	0.983249671572234	0.896408102601034	0.986523849673892	0.981474740747281	0.961783354945639	0.972602235870412	0.982288780765604	0.961067113307562	0.963608911558791	0.979206212858598	0.985491081284998	0.98749689072535	0.976665126245661	0.980859150320867	0.965481194886366	0.980301729148648	0.889559728401128	0.981736566514488	0.921013897490305	0.945664095076181	0.971400372492869	0.928838900066951	0.835608642066114	0.957479196718672
"SRR13357697"	0.996919171448882	0.986431009742047	0.995687566652317	0.995599255624465	0.995747853318317	0.969145494870236	0.986178222504256	0.985137383432787	0.996168818163856	0.997103382353914	0.986861544780516	0.983024555984974	0.992735764923293	0.993836843198919	0.99249538047635	0.967112728189309	0.945510324347663	0.978222288859987	0.978985717551548	0.973840427546263	0.987985601208429	0.973313799852718	0.986123304058715	0.979258977266751	0.986890362527766	0.990236272633872	0.929718693753068	0.988940757875127	0.989497723540189	0.993287720230007	0.96729110332617	0.993307590212936	0.933848468853158	0.986990898880563	0.985935661123087	0.994823853183115	0.996642700894735	0.993498900799917	0.994849611230819	0.973555307798608	0.979506581970529	0.995197403144858	0.977571452227115	0.968582479320116	0.9865332317566	0.980184993336637	0.986386810249892	0.995331511511889	0.804637606771204	0.986314286144946	0.955954078302765	0.980475566083417	0.994487675605204	0.979486997419664	0.959562650232089	0.994690944687966	0.991870459283195	0.965700601477882	0.995499824051753	0.989220451386056	0.983228392618141	0.984986691285416	0.9901073006282	0.980341335224931	0.978494005916169	0.986424945552343	0.991067196538653	0.993347551207572	0.989167744150979	0.989910867025318	0.972729534439605	0.989717213126742	0.935447239142129	0.989885025599591	0.947323526413707	0.971661886438213	0.98423718891308	0.945466186154804	0.894302631813501	0.972290911909843
"SRR13357692"	0.285062418570085	0.10319875504472	0.0692005514818446	0.0211672502174457	0.051175464844187	0.0340255083796402	0.0298867390423105	0.0309497586961177	0.0664384851390333	0.175594699291863	0.0398721555625329	0.0708915143581097	0.0978884595371954	0.0715644779833888	0.0466838898819216	0.0631832184551926	0.0335579948170004	0.0692755775739557	0.039918982016517	0.060275154725317	0.0470431967561028	0.0286140768173946	0.0569228645221296	0.0482178387609411	0.0685712936001655	0.0250066923819534	0.074172988035175	0.0259087755595977	0.0571883004925064	0.0218830197733349	0.050017731754662	0.0507278887003245	0.00972557725728869	0.0304379959601879	0.0359284820380787	0.05616043004185	0.0826765474827739	0.0798226171911708	0.0589759363240621	0.0521877150048633	0.0518699768706761	0.128255623885651	0.0356270500641228	0.0375512351961877	0.0364034367333886	0.0380549558059181	0.063210678033713	0.0844431053367789	0.0229053533790302	0.0408975232306716	0.0249880309003705	0.0338696225589247	0.0357340014017786	0.0393902799576218	0.0249897182473526	0.0960649133273872	0.0564903704005309	0.0355561021487649	0.0704657889158603	0.0760106176599895	0.0432965954171508	0.0339178196766322	0.0698584189937045	0.0591667525234606	0.0493371241415591	0.0484700272333792	0.0502917675917008	0.0557560742115109	0.0665306000383677	0.116618654729436	0.0279009792481047	0.0166371229911795	0.03821167429155	0.0543557064966278	0.0406571304283729	0.0357777063537977	0.0287932055161871	0.0304545846016005	0.0271981539213935	0.0248114302918491
"SRR13357691"	0.994736223647838	0.973760267566958	0.997163767771527	0.998618684901393	0.99586918092333	0.987921507310151	0.990497960389259	0.98824575487548	0.99711130582085	0.994071986084173	0.986655029698648	0.981581051277404	0.98900146201064	0.994876764514289	0.99241968181677	0.977282083888716	0.985628608858208	0.976581098944191	0.985729638518462	0.977445756578415	0.99004551904969	0.988618158256727	0.989461188556498	0.972344680455048	0.99135159518572	0.991554448349869	0.962474982568391	0.994187189262485	0.990297616225877	0.996031876051114	0.971525082265172	0.995510453509012	0.98340584657607	0.992004970558011	0.992822442985495	0.996379463948484	0.9978373448368	0.992306473630605	0.994596647271173	0.97167625341216	0.963784711447647	0.993834318340949	0.982227205027299	0.99062312616374	0.992907892297805	0.984030202920216	0.987722254425088	0.996251842844691	0.97172132691661	0.989388049705443	0.992185001256581	0.992882719612456	0.994918385936186	0.987829628120099	0.986731550873156	0.994591997136358	0.989961760288421	0.973524324182797	0.995815323969349	0.994985526669571	0.986484653482675	0.987942891857743	0.988080659747877	0.985811781822095	0.984071643820304	0.990218860579878	0.993142392197148	0.995419337177186	0.982819546067911	0.984612861616886	0.987933145447737	0.997496894743113	0.961141739421156	0.989777378740085	0.933252216055725	0.982719947891104	0.991933813000384	0.974076332381319	0.880124706408083	0.987004729278767
"SRR13357690"	0.945218342369271	0.822218418677677	0.965028375057299	0.990517357146223	0.961472850447577	0.925045377548969	0.911465002141328	0.941225352822769	0.952226948162815	0.920210911168967	0.90738241415719	0.903877076255408	0.913726646864223	0.913702615214955	0.923650036697677	0.851434796073212	0.914926166325725	0.82798841523999	0.93693712035682	0.81683055887568	0.951797630181051	0.883166822820992	0.91880410010576	0.833517304182544	0.935778930298038	0.926720578325129	0.746994444888515	0.911399783553773	0.902742150416898	0.966388777983155	0.832420639046172	0.94042222478931	0.893956086239965	0.950946907110106	0.942204095852192	0.953302202434712	0.975576287584748	0.941759287318954	0.943738402220564	0.849169272194143	0.856935132237617	0.948279418172054	0.916120545094527	0.924037141303806	0.938245729270539	0.921044289251474	0.910260875413184	0.964462295449463	0.824813886350918	0.944622802518922	0.936773470027669	0.946351016727629	0.945646043462895	0.899157377582209	0.870873264663071	0.946501975945432	0.928906261842446	0.869074686136011	0.972177094196895	0.960828723939924	0.856561860206589	0.913677069871731	0.912694280662657	0.897494635330191	0.899146337934963	0.931272773483249	0.953059682061482	0.958503871398876	0.893628559054576	0.906200293910547	0.901732523922341	0.980993133388565	0.787451942513137	0.935577833417221	0.78904144407082	0.898923069986252	0.942261212366784	0.84324637104251	0.675213311852082	0.908093614288482
"SRR13357689"	0.990713460012531	0.951764151796199	0.990586903876565	0.995276832557175	0.99186877145795	0.957864313159051	0.944956117076644	0.96277584080617	0.983118323103415	0.98716894623144	0.95958443461729	0.953529760608052	0.981970303203438	0.979523205935463	0.963882126372853	0.860511217427833	0.944231074391147	0.928863499748042	0.963353494267574	0.936970264204957	0.973325211477695	0.933455535441148	0.959990917437161	0.917217321197038	0.964580698760177	0.950014959055087	0.838090934038225	0.955536609965368	0.959053539078916	0.981851352162782	0.891943434749086	0.981892333887696	0.866184264630637	0.982421865225614	0.966583777490326	0.986466206897883	0.992648480173055	0.981522363336505	0.978851714235344	0.920957664759556	0.940467503470294	0.985914902543605	0.947740929427674	0.952906017179536	0.963687382207566	0.965842359478616	0.955583114024817	0.983034224982902	0.840281118675383	0.959550257388901	0.953517430793786	0.96847358757079	0.968052828934538	0.927717122424502	0.91359116332416	0.981465168903354	0.968613108104747	0.961545476519532	0.991143972749941	0.982797499451398	0.966454481606903	0.957900084402116	0.957876067656646	0.959398006892327	0.94544752563534	0.950288343934114	0.968356177717983	0.985278259640116	0.94414108683475	0.962306992434573	0.914792998893692	0.984420113690117	0.879099616860563	0.969230200171271	0.796515758779511	0.947815558753397	0.967371040926132	0.857075321818276	0.6952669898767	0.930558185560115
"SRR13357685"	0.105398253065459	0.0392507005585825	0.057064308000293	0.0650758070398656	0.0929385210131822	0.0995530521435507	0.172572003143754	0.129732091394891	0.164721135341811	0.158484222177483	0.0893691656858361	0.0648194740994141	0.114387126218139	0.101870247184743	0.0630410325094987	0.122147429528875	0.063216829069703	0.0737473046250426	0.157125223982256	0.0683871309756098	0.115685420929798	0.0961161739229682	0.106197127291516	0.0691909347348265	0.139058746984004	0.121669093928675	0.169306538350754	0.107506895631973	0.0958919749124862	0.0851409665282962	0.0631993445215198	0.15133639260208	0.106842281928595	0.138369042858815	0.0622724032183849	0.104411441527735	0.0909183359939868	0.0799713850769691	0.0663060756774382	0.0767045685729659	0.123912849379488	0.0654745561339133	0.109399595960589	0.0673676206813826	0.0883621614472117	0.0503843946494858	0.0707102408862116	0.106199929222524	0.120445229924043	0.120815931557118	0.0796049163822989	0.0803758312733939	0.0693438303707811	0.102076163722612	0.102176531060226	0.065521077180709	0.0894632360790243	0.143005894336113	0.0762754108178467	0.164461096144214	0.0587698895670249	0.0845760665788548	0.0726383321652137	0.057879917168171	0.0950238711992251	0.0870999534582404	0.10698324671232	0.0495119993550431	0.107281150495686	0.0626823441231626	0.137221951902882	0.162496158584115	0.0894199563258909	0.183170323536645	0.163530714351428	0.0654431526979401	0.0876260613826492	0.0696856546110989	0.055533598977376	0.0948067238306082
"SRR13357684"	0.099191022650652	0.00843246564366609	0.0377011276058215	0.0276380338392575	0.0983439258320312	0.0561549216610576	0.0932495993800734	0.0546281433522267	0.112734810891635	0.150053400258332	0.0399603684681602	0.0257602468570222	0.0980075771782005	0.0661724441554799	0.0220025407019049	0.0369513301655825	0.015356585608526	0.01736672900608	0.083273762531149	0.0382688175517543	0.0501317862656412	0.0383014822651763	0.0417579781275757	0.0240765303249745	0.0726129741357843	0.0384113460413023	0.108172860897371	0.0452567001644398	0.0410219114274869	0.0293674244317757	0.0165363974939668	0.119125126199267	0.0206712476779313	0.0791757168392694	0.0191479889642267	0.081712350867218	0.0685621883344773	0.0463903488354999	0.0267755977535687	0.0215814788026722	0.0488918877311904	0.0344396245266897	0.0502793049463946	0.0198091944272705	0.0279711835289235	0.0156027523996355	0.0233522121447413	0.0466726733945903	0.0307846928109689	0.0379982130100789	0.0192541658159797	0.0273055306203267	0.0194417766103025	0.0316149567604806	0.0337756207152749	0.030419464056455	0.0382018746958543	0.0912901417661135	0.038671542677423	0.106947604477469	0.0367218230646527	0.0353876522537099	0.0192737234285913	0.023195577731325	0.0361054766989589	0.0250514486442892	0.0326539532561511	0.0219312774639636	0.0337796655357334	0.0248118015895377	0.0419655508427428	0.0585517708428607	0.0333852371620766	0.123162833963818	0.049023187099552	0.0212082582157668	0.03588516397878	0.012495260541529	0.00933681568305425	0.0260945664058315
"SRR13357683"	0.154511906486091	0.0470843428486907	0.104820741140859	0.0458118673360344	0.0639239017554716	0.0872958342422241	0.0624305506604852	0.0355540652371239	0.0470383233520798	0.0633762976802367	0.0386331884341692	0.0651826669097798	0.0898667747222878	0.0706039197303574	0.0411402824034914	0.0520555988594226	0.119724872176276	0.0554036500692573	0.0507492387787253	0.0999524045857728	0.0545152319685285	0.0664017334548954	0.0568598806144948	0.0491932018103009	0.0649131235278184	0.0205392520135767	0.127315154942648	0.0363217679380964	0.0624354345727903	0.0301064375610154	0.054739581541804	0.069980169855468	0.057043999802403	0.0565856269207654	0.0542785299756535	0.0717121642718907	0.0650637418899631	0.0673181644755168	0.0497383353322066	0.0608235330271947	0.0452706267614092	0.0861720885584658	0.0487926543644286	0.110798150436763	0.0542243616060798	0.0582593223968203	0.0572508635491	0.0645820132375776	0.197973470060521	0.0370029667133322	0.119413935132078	0.076003450593429	0.0222037552730762	0.0507245075938408	0.087066178556624	0.0784406037708297	0.0381046876753948	0.0713121844880101	0.07727611787751	0.130398743246703	0.0743266637258367	0.0409155813436572	0.0499706890995696	0.0868769732416877	0.0591418877518787	0.0382674577235297	0.0430023204061414	0.0900193251719217	0.0373034203111723	0.0814069809540247	0.0473098821968679	0.0407612443029487	0.086831623022963	0.0481247706530689	0.0311041601956977	0.0686632278571321	0.0461442247255939	0.0518555036258613	0.0294642010193204	0.0420331532078101
"SRR13357681"	0.0610967364101139	0.0323291994327834	0.0650004779566561	0.0373575688731544	0.0555602617523529	0.0561309099248523	0.0357132576194285	0.0401379413723338	0.0179857396144758	0.026648076610806	0.034308792230554	0.0680091673791851	0.0775472989626264	0.0260559027017471	0.0270700725805232	0.0348983704233826	0.0592033552857883	0.0584761024215551	0.0401957818200933	0.0822680130000636	0.0628057063843542	0.0362396052263094	0.0354885562421461	0.0474259615969373	0.038262631023813	0.0167264635819408	0.0898503843203791	0.0174594867745964	0.0467107224376376	0.0264470077750841	0.0475856412930677	0.042357632077548	0.0247219434452838	0.0390135543177428	0.0369036525924411	0.0478911768897983	0.0442552469879297	0.063328773957893	0.0341169422452009	0.0624867924062664	0.0682841273233656	0.0637674379532999	0.0527448543262704	0.0617125430453603	0.0373817158302817	0.0604958001570693	0.0431705412411121	0.04235365728442	0.108214749942757	0.0428419352980885	0.0654332748605018	0.0513464983580237	0.0155702290279953	0.0318406947311358	0.0434494189533313	0.0552924506724181	0.0346227640049196	0.0500572893963828	0.0675578893716274	0.087501950388205	0.0459879578959389	0.0372891398459041	0.0439960477898214	0.0704623375764173	0.044647832720261	0.0323353349582764	0.036089652322824	0.0663325437822416	0.0335168822190968	0.0406049476202658	0.0265098465522643	0.0250819309733073	0.0693138913564641	0.0462681341675099	0.0473029183139918	0.0597810015556069	0.0350127010258846	0.0353068635936613	0.0446302783458376	0.030112608611361
"SRR13357679"	0.935803165084585	0.142854345489036	0.923928018815178	0.8683516446916	0.927781049887291	0.666888694126015	0.686257336002371	0.720496640292368	0.839264020333037	0.84039138338164	0.730437901978169	0.795563436274885	0.870716454335856	0.794976870714534	0.441943414902387	0.477295152381255	0.453375286715625	0.557700910925693	0.668285392834913	0.680851873078052	0.795085946877113	0.567083616223437	0.701044536640342	0.650334752442687	0.778786520977704	0.677876995521651	0.631822851241146	0.66633460287563	0.713542936206402	0.765358682977991	0.592320072679401	0.835713564451058	0.283274512953916	0.728778324691161	0.722030274149264	0.892695477538242	0.927158638071778	0.88130535439667	0.86994954234559	0.644864218330672	0.707229515481947	0.894807347603173	0.686728715880099	0.59846754596729	0.650571562130954	0.676607844051399	0.735488160442092	0.883945773343203	0.18866322372703	0.643944251663036	0.464642302603592	0.681019389326307	0.55666539515623	0.621179744185484	0.453977146587551	0.895226816727509	0.801114308841072	0.280301148212624	0.869516908886588	0.844792118601481	0.682753909889788	0.716138717464365	0.755431748760564	0.715388804021338	0.669486519664413	0.600794069344163	0.66464052662114	0.877301919704897	0.710175984177352	0.854296549503434	0.512157206398147	0.685939607412506	0.298274569171985	0.823781224542798	0.509086892605733	0.594390866330503	0.707126289744025	0.235418046643728	0.297423364895692	0.529070952251929
"SRR13357678"	0.95382522218691	0.706398238561739	0.964783084137549	0.96360830444585	0.953304319080052	0.88974919894706	0.79761688608652	0.788461123711435	0.935344862441874	0.923131872496624	0.797913850648499	0.808017704512511	0.896461256975295	0.928558108467767	0.857972799465651	0.780957279521256	0.911788374439327	0.760902115546101	0.81193560076186	0.869650639547477	0.846110982497269	0.870058445372683	0.851877636921401	0.687072776221319	0.880495112401679	0.749692447500714	0.856539442520559	0.888260177602534	0.870799463691096	0.889194709905939	0.722517900226619	0.939851505418261	0.731687274869254	0.923247744348084	0.885616641962548	0.951257716486537	0.962491774459666	0.901115236492129	0.903886353444832	0.762921772973693	0.71218205638759	0.926547847032696	0.770041458656601	0.919116673306978	0.883803379735673	0.823677964888096	0.837820406769949	0.917743772515729	0.900051582088691	0.754104880461059	0.93829899434922	0.916230695115003	0.811974509616328	0.804859338549992	0.866656503377008	0.92113008901619	0.817244133960502	0.849394399131705	0.943744853647555	0.951993144791652	0.895807875302192	0.823548440840876	0.803405543417214	0.886675412427324	0.815416989378834	0.764244523031437	0.831926308531911	0.938307146455883	0.715791957956158	0.878523970274002	0.792354901451433	0.931625892574677	0.793449020815994	0.840472947718917	0.445979788696142	0.840562894687341	0.877437091983589	0.725333007291429	0.339601063359158	0.80652550146596
"SRR13357677"	0.952057771187791	0.639271074416626	0.919213746402419	0.853517418464	0.912632293314112	0.684276040346626	0.740150859717462	0.68832198632428	0.887766260297117	0.872172136156898	0.712306768744588	0.766064617070853	0.834544489916177	0.835388804931456	0.806032665811134	0.704455459204412	0.515083976369356	0.594916100405311	0.6650866387474	0.65124672326246	0.763673760725718	0.630601910865892	0.73620953052805	0.634285139669801	0.813118246180381	0.706566968725292	0.646643639111497	0.735339650870087	0.778484910499734	0.769643649837466	0.60713659897038	0.840185302087522	0.405679150999291	0.773378741107278	0.748369798750583	0.887579080850591	0.92064214809116	0.858040832810696	0.86898946808097	0.65817604244694	0.697694505542725	0.888999579484133	0.663054649725979	0.654499325625581	0.735182105842833	0.623696210803947	0.750690262692801	0.896866800379646	0.256503374924443	0.638997826282798	0.537050422514833	0.703277972443928	0.805880783273105	0.691444140641209	0.540786239565491	0.896703057111238	0.791723684865518	0.493206836529973	0.873727621101126	0.849110499614744	0.668388684567561	0.699486040086418	0.762877630885411	0.70354087634848	0.681972503215482	0.642370214816698	0.776073986021013	0.867883663999988	0.718940683242108	0.862260757124466	0.613946502847987	0.729728568515566	0.444364446616088	0.803946934822181	0.465786279870286	0.598600844697654	0.713055715841735	0.465061964618071	0.270707612909283	0.575394579993997
"SRR13357676"	0.712461332533972	0.0557249382486765	0.589071980186694	0.317308474225299	0.770366811934962	0.39920314687069	0.506898367701801	0.41016552808094	0.589654737585889	0.686453298218079	0.334765300144801	0.371943701614082	0.697430628176525	0.484676655731508	0.257704377458647	0.106724171365172	0.0977307953345149	0.0805168372753736	0.368774447885075	0.394532933784658	0.448455106179795	0.279343652444727	0.257193804630459	0.236497293978316	0.445325590760473	0.316658080785843	0.386011804382043	0.365052107178194	0.379488255953019	0.354010481633395	0.132376980127154	0.690496830178073	0.101817518816442	0.393078953578	0.215957671382264	0.669193318888475	0.658872530565286	0.535825713872066	0.418400061052349	0.138742231375461	0.346884452353578	0.483535231614837	0.366670195986723	0.159933539699536	0.238510420089628	0.202781812730698	0.229968659297069	0.428767861886361	0.0711791218564563	0.262923974992902	0.0916567356706546	0.239715732321847	0.23685783393267	0.215713358163704	0.196601565275825	0.413420959731587	0.425104438429661	0.311819556703333	0.474692720873984	0.578012820688184	0.423410830259415	0.293854667750759	0.162296144841516	0.288371499244838	0.249245239972743	0.180473383931614	0.265942234236766	0.37609543010315	0.140277797834958	0.313780168998974	0.178845178338009	0.273664026641595	0.234365034548182	0.594070062661986	0.147662882183539	0.202338433096469	0.271420676114756	0.0668920274894597	0.0724336016993477	0.153497956322619
"SRR13357672"	0.979665455319137	0.8601440718675	0.985740386471273	0.99269915470588	0.987912703371162	0.939038979881466	0.919351449164182	0.945098628015754	0.970590836699689	0.968337616632358	0.930570009880087	0.934992700175831	0.962992998931052	0.952737005797512	0.943640820114012	0.884346797726438	0.896571541868552	0.848490539040206	0.937012336881498	0.890594122454903	0.961252892126313	0.894022863044312	0.930355510798221	0.872816716157215	0.948413851651583	0.922536490129474	0.846526709327736	0.9249898065541	0.933239962009945	0.970799541661223	0.843165537762901	0.967307469073448	0.804057120444423	0.969618977105946	0.948929839299601	0.978653319098798	0.988891904188329	0.971375029427681	0.967634304611553	0.884928172215913	0.911348792012344	0.976538491878545	0.925886283907272	0.925911732029981	0.942901804165673	0.935292940187519	0.93039558715705	0.975254883987748	0.742295603221425	0.936747790371679	0.921474896538697	0.950485732396168	0.950859344529363	0.892983934244301	0.861125337626549	0.972018958037861	0.950881275678804	0.906944999881598	0.984504328585179	0.973980499117456	0.939249231175748	0.933588112666712	0.928889632093569	0.933561121760118	0.910845436948219	0.923125181113116	0.952814208657845	0.977437345750836	0.908773978822674	0.940040569286576	0.87254061341999	0.975004538820376	0.805608362040802	0.955394763776585	0.779783161508006	0.912366932255367	0.950280425496307	0.788570732502966	0.598595276652303	0.892335585243442
"SRR13357670"	0.958324935073069	0.739651972508515	0.901755502347986	0.903088169641283	0.85673783701615	0.774102353208728	0.734424512123874	0.584031364709683	0.928127833903643	0.929488494559895	0.608640326588529	0.617862714724313	0.726264146986909	0.88600438446909	0.755348205620239	0.698532666702891	0.786733183900643	0.624886196627465	0.720635193877181	0.567779334766133	0.659114294308795	0.706537699128448	0.77449697079632	0.46640799012631	0.843057280695225	0.610338612847258	0.622363930403009	0.767329367799603	0.689870963982551	0.732264009757881	0.506028966412295	0.827048356628522	0.650699785228174	0.861928310478397	0.780335136544598	0.851102028004887	0.903302708848902	0.762225392247583	0.796171999507649	0.537742083294965	0.491087998857718	0.86880280223775	0.585112407073357	0.796497262691725	0.749548985201924	0.574807442436072	0.719887613484735	0.879082841184559	0.625711663638148	0.597971473234661	0.79282281851133	0.785088547629807	0.745697369123791	0.719110598224185	0.691439736592906	0.852465763599093	0.692793460566102	0.716461926066915	0.861071215630953	0.878868623989411	0.677913542502813	0.605285027688299	0.677906786832973	0.689031800353265	0.668125630528781	0.661998061662126	0.743260646039137	0.838041045303932	0.608174380205376	0.828514274733619	0.718703563184241	0.865276870093606	0.466316220566132	0.687622672816171	0.250704189275978	0.599880473563533	0.732392518448358	0.544040417147172	0.140117966963333	0.628907967620738
"SRR13357669"	0.996287411961147	0.982154930189289	0.997253827544274	0.998653126681215	0.998050304181308	0.993884603788196	0.994153950490311	0.989986624185952	0.998517878483062	0.997464201685523	0.987512418156458	0.983017844422134	0.988995523221171	0.99703674431968	0.9952868395533	0.983831025652538	0.988212807698793	0.980939582303759	0.987644328468284	0.973417089372605	0.990444246385155	0.992992655021801	0.992446439964803	0.985569338137035	0.994189512324368	0.995622289410854	0.958579395817271	0.997078763540719	0.991432408411694	0.996513612066718	0.989725921936205	0.9958804317432	0.99094032688531	0.996461357421307	0.994979154652272	0.996978722687389	0.998233217170001	0.993094458631513	0.99594128221195	0.980329991743262	0.978656458882134	0.995277417641185	0.988853523834228	0.992301923340119	0.994894921609403	0.981931449400091	0.993092287495729	0.997555837016525	0.974629995089286	0.990626732518823	0.993374713652997	0.993780725378345	0.997711863223241	0.992552595767034	0.990097578814301	0.995879630267916	0.99412193356818	0.983914830152706	0.996211787273297	0.995561085065721	0.993612634691686	0.992294673636385	0.990666262880594	0.986746303963677	0.987843732991839	0.992830344591133	0.99481885028244	0.995575079880084	0.988269181516975	0.99360233830666	0.992795485432121	0.998201524764972	0.970127666024632	0.993055752448202	0.930533262648625	0.983113773039872	0.993410259170991	0.987985371688775	0.959065657451388	0.991640251712467
"SRR13357668"	0.859995878094634	0.31361866029418	0.855653425300052	0.897678436253732	0.89016500412455	0.594955985629929	0.361993626455676	0.562243425842516	0.590486786317461	0.690236962277005	0.488990967102915	0.621819350699823	0.744396583770214	0.497041567833135	0.482672222611924	0.326043856844854	0.362636880564877	0.282492203872641	0.584211390311951	0.434496261494759	0.697196398550942	0.295139809203679	0.466139788254848	0.348481280629598	0.593429151285976	0.311658666600348	0.350187290403869	0.286012057109039	0.45655945789384	0.604207177450777	0.285186055685934	0.633696349750489	0.129609412868035	0.679122103493881	0.529039339173545	0.763466875207975	0.87194723521935	0.773265811696048	0.631300746006837	0.365150297152499	0.47717517684094	0.812002256710173	0.536316486987233	0.446829242896533	0.463386064924163	0.567367183761063	0.493074881904814	0.719779866959735	0.143318450231803	0.474224692457196	0.375275389136688	0.553916145056165	0.424178796576472	0.29888384012391	0.220080841490557	0.740607635437512	0.586258183468495	0.450135273216768	0.864300532153398	0.774465152441806	0.524367928005869	0.489457852077348	0.458366635654371	0.55994804676749	0.438930513661609	0.376234237858989	0.532508989808269	0.783729615896739	0.393038283766291	0.569142216957794	0.226707346849771	0.609303611032863	0.244148920739011	0.647971946637382	0.225453545838601	0.447534222614149	0.558714974489833	0.161475516866165	0.110857986492618	0.2918556379073
"SRR13357664"	0.982690228548255	0.487210372652926	0.966756516078298	0.94837852870637	0.9669754630665	0.823807398389533	0.848934019611712	0.859703597399863	0.945262751072378	0.962349199814885	0.886668189328273	0.889849531449496	0.95794099600731	0.949933644154051	0.736981103572699	0.64868617036074	0.768651216287203	0.795395194340933	0.861200146706118	0.874591400754897	0.896723716592503	0.795198212818601	0.878704301953997	0.827116227764211	0.893671685877533	0.85595609780296	0.781010501799177	0.872658643957857	0.881462958660044	0.902865893374694	0.780526125260517	0.941857466739376	0.512093989064996	0.900784463434792	0.87246821606499	0.955636381153099	0.978272382184347	0.946691203457234	0.951888029954458	0.817195283557113	0.845042644647871	0.957951918474706	0.837424448604583	0.807142288268905	0.838390642731539	0.868790189962842	0.880443183615299	0.951721585664226	0.445133349765248	0.856750402641084	0.739251105792499	0.853635159270371	0.793964754584348	0.812808057982209	0.722978581553321	0.953463293771729	0.912061001456291	0.659778730371849	0.951155304606672	0.929728802954053	0.903623056829693	0.869372136929038	0.896604507511362	0.872693818149154	0.84846648976317	0.85819984894898	0.848643611906158	0.946344518529755	0.869277371396835	0.959320562168031	0.74782747975167	0.868628367545334	0.575420855873264	0.914292903651936	0.695540619890079	0.813694898843346	0.865700286726188	0.465087114383687	0.499118616420184	0.761703593614473
"SRR13357663"	0.84783739524429	0.280686031332052	0.527720349730729	0.17889574161873	0.438825113446106	0.183074385689048	0.230465663047239	0.133354231763286	0.475805397335836	0.5257751989544	0.195423112083964	0.287707192506381	0.409911284797084	0.455866796227273	0.311160101166653	0.188288359506343	0.103456592953951	0.208749391096252	0.162825976006323	0.216012401215455	0.197849546921643	0.156342909464658	0.250067227180304	0.172009852835933	0.36132722239863	0.152881094992479	0.212338620124628	0.207658272282189	0.290520423438513	0.14644999456221	0.174267806409812	0.346412256221935	0.0452857944650259	0.191589963656723	0.209059738761451	0.425695375204723	0.469646423268106	0.381110982975603	0.397979633012132	0.179782450375986	0.185196904372997	0.494762843518542	0.151903945439359	0.166345813711849	0.194650824175498	0.123434835040814	0.262198584060267	0.502112907806898	0.0382930575816544	0.143446631370538	0.0854213117941645	0.163660107074923	0.272664528024555	0.212118199281034	0.113435459401325	0.519026888434003	0.267217319462835	0.0880473847378263	0.367139964453473	0.371407036116446	0.207350143786143	0.168690473132103	0.274016031558752	0.212064763484849	0.205012459715165	0.188012876190316	0.247153640075987	0.374555206822708	0.21387981525548	0.535061605822144	0.146235187287827	0.108472660498085	0.0923752069802441	0.283527172616152	0.0768374088457937	0.124203380460631	0.161975387258903	0.0934546072644242	0.0418440357222893	0.104774940301032
"SRR13357662"	0.120946221409584	0.0250959808011371	0.0452489984593471	0.0229666203825952	0.0335667637076392	0.0330432461190222	0.0275189348818653	0.0229770311861964	0.030666264531756	0.0365715753771452	0.0209128554480431	0.0438773451579163	0.0360071169606675	0.0244367269226045	0.0262151109825765	0.0313357354627118	0.0282448683761466	0.0279929678700877	0.0307693841158274	0.025443663261977	0.0346719276528545	0.019368238174549	0.0309558698693601	0.0249182828132716	0.0478568489980882	0.0151380565188308	0.0343365797958693	0.0141114483441424	0.0274998450843254	0.0154867852513111	0.0286003449731843	0.0245750512343945	0.0155921140480885	0.0275094650584472	0.0262709187662691	0.0303998533866021	0.0358270201747505	0.0399990724023807	0.031834708516218	0.0315541417774267	0.0342308168939297	0.0552341580167555	0.0270004007940128	0.0309448399717868	0.0245077652810493	0.0217366338217947	0.0337610921502861	0.0554278190579812	0.0197402841442987	0.0290035062649989	0.0219855338751729	0.0268190051860616	0.0209177151127648	0.0266661054538802	0.0195103545748224	0.050851960450445	0.0286893494090223	0.0172853727148368	0.0449276854048802	0.0560551600375286	0.0151423812828428	0.0200139838934728	0.0332254428008397	0.0302248768824385	0.0299867629562428	0.0307681684562344	0.0351601223165228	0.0394895520134889	0.0282168507281352	0.0750372183377384	0.0220839161298285	0.0181755292090067	0.0210541683179445	0.0346622431468519	0.02179961315383	0.0226718949593973	0.022009747998193	0.0214937501467563	0.0160583091637409	0.0180516663015534
"SRR13357661"	0.898480079855057	0.753931915870931	0.753944102510426	0.667820837372604	0.674754045387996	0.555148370815828	0.734690237969084	0.576721410023668	0.791372947970804	0.754122938863086	0.615126604055109	0.614734279106407	0.709887913592499	0.806619894814272	0.704182432731778	0.640773072378536	0.553260371247832	0.569773786190618	0.614849204351848	0.511988602599234	0.624240423359138	0.584006819573332	0.68205689449836	0.574431980237051	0.710851135866511	0.665783669521805	0.532380147417609	0.66307094427273	0.676966643285784	0.643559045002853	0.566929975775323	0.702738322860449	0.584075601750623	0.652016649196965	0.643067954053371	0.702401155551638	0.742839649766406	0.671936928069898	0.750604438269768	0.589334267830193	0.587368955553422	0.728245701059731	0.538102602348874	0.595521202325829	0.656308200493924	0.552023207976603	0.653285386227324	0.815427025295167	0.352084917035345	0.656967671916616	0.525567180955095	0.598441318536179	0.754417937686338	0.662174332467832	0.57390065604943	0.763045303140558	0.66122876236562	0.485758483678358	0.695025425883036	0.707989021378297	0.57304033157833	0.573760217474025	0.702068465591982	0.548805921530774	0.625257421318214	0.70344552981805	0.736699419677331	0.70970936997928	0.655553510128187	0.78998405815913	0.642856602357757	0.660771675546251	0.419020907798926	0.659342431754774	0.510663773139122	0.525235930200434	0.581397130220783	0.53740109454202	0.346503172311634	0.559561379872523
"SRR13357656"	0.868062750044252	0.25334884409378	0.872276728813362	0.902449223183243	0.897751422911723	0.629606787628895	0.371827445957199	0.571153027794387	0.58145691538283	0.631982270937229	0.512833024163391	0.635175663059992	0.766521027423471	0.525234035960889	0.5057094406321	0.199963189274562	0.476604364694284	0.287373667896055	0.59042124626472	0.511172636412477	0.705215490665105	0.354354472692711	0.481040243246071	0.359419991603958	0.595746491414691	0.322178265939204	0.297851505471487	0.346481519143874	0.505823896660437	0.626397348441492	0.318439326295012	0.685549024828085	0.144166691902803	0.700231778012284	0.558450528745962	0.794879085819683	0.881167283174141	0.777939183304638	0.671553238947554	0.396088107552465	0.485878111565157	0.799777932400237	0.546881316883845	0.517693624947262	0.505462121108141	0.603911798449598	0.50460678396621	0.725811904800754	0.229143636391895	0.492031174350499	0.472144818071716	0.60613701708506	0.429245280770302	0.32358804104573	0.280931892188265	0.747745432097211	0.575836613046333	0.480649406316179	0.862124782712299	0.801916464391734	0.542353708391736	0.522368867281216	0.462773764498851	0.60206297112664	0.47081697866373	0.406959917567248	0.542130325384664	0.803002686739034	0.366975105480305	0.692304233980632	0.250830257109122	0.635840756331781	0.326784135710459	0.659429316576309	0.173328056511438	0.504573064296449	0.589843712724515	0.193126512957972	0.124217627837517	0.330504083436743
"SRR13357655"	0.997715038615111	0.988568749129637	0.998614896013687	0.999472158816037	0.998429311068292	0.993956296286677	0.997094862681094	0.99537375684774	0.999118445881111	0.99763010363839	0.994363514053854	0.991021454474314	0.993755155201062	0.997994360282685	0.997273532472621	0.986980277894275	0.991839607229592	0.989546109083643	0.994117140161549	0.983169723053435	0.995647990147692	0.994784216479082	0.995824330337712	0.987652569316733	0.99674229945361	0.997588344275575	0.962929874613203	0.997927848306253	0.995569989529057	0.998617210503431	0.986744727755292	0.997847783946157	0.995104954325222	0.998173479845303	0.997168810490738	0.998248894725893	0.999080679279992	0.996275856568595	0.998044316212966	0.989875294433108	0.990980166089974	0.99713310892735	0.992347297979547	0.995070504332875	0.997153109077985	0.991507026797176	0.994857098343453	0.998712794202528	0.976919572184599	0.996005960195687	0.995469336643249	0.996588332250319	0.998637437908733	0.995762308275779	0.993643270146061	0.997747531258082	0.996238443350321	0.989469171027386	0.99808146432575	0.997386676329708	0.99323306755014	0.994681274782782	0.995465747260397	0.991594420350922	0.992894472491341	0.99638036318659	0.997714624578196	0.997864874466228	0.994071049549218	0.99402259270885	0.996052392701467	0.999193763912196	0.974273243671253	0.995805456581353	0.964230198144535	0.990961549280855	0.996596379624877	0.98901682528262	0.938920877605681	0.994815712190965
"SRR13358134"	0.543249157973392	0.738998618158024	0.836995019626727	0.982044606066496	0.853515009389697	0.821072025528766	0.66207563048535	0.898491669354269	0.681639278839156	0.696517046116703	0.889594784275698	0.782949204533851	0.726372453623483	0.612862541791059	0.716447853799825	0.892058118291112	0.856522552647455	0.873267811597678	0.931828646275275	0.660261307135435	0.881644416018361	0.694004993431165	0.848261294324187	0.765296256014912	0.766897939401963	0.771079579258422	0.724390978034229	0.662285068276036	0.721919269744397	0.90831301299886	0.669353626065537	0.783757488000382	0.737171887106594	0.872833440424335	0.830624814926159	0.809811813967543	0.886855944468979	0.854282825665164	0.806925253355633	0.858424877358212	0.798845326403171	0.806261922187766	0.832661436388321	0.829645741181416	0.822113636643417	0.913305045862127	0.753396884991696	0.797121971185246	0.78820238847929	0.90226558524717	0.893285014385909	0.872877293788904	0.781121806417604	0.692395270558135	0.692851346895296	0.757002532078388	0.787328459891266	0.888742965411645	0.894501235907128	0.822482922289173	0.707891928518354	0.887147487233828	0.871050876233865	0.805744843443376	0.84234039514059	0.835992710232097	0.821191573040977	0.858384783130446	0.946787562373437	0.653084851482388	0.759319095912215	0.95276699443038	0.700487846752163	0.878977139911101	0.935919063798232	0.861479647868397	0.917078569803063	0.71465142009038	0.663588283243495	0.840338557510107
"SRR13358133"	0.591716511058231	0.7772415138306	0.74803307378894	0.88192763053506	0.749193841517706	0.730914328926442	0.680705118060696	0.814983173864169	0.72721645174807	0.675629837598112	0.78138777174854	0.751802291929872	0.76604863201591	0.512356275520582	0.763551250623477	0.81303479649493	0.864693391012046	0.768043287134397	0.779064033670868	0.807936196612163	0.791256390657253	0.795155858373404	0.789862623493028	0.725463047098726	0.733141122238872	0.796073333518601	0.82937531236903	0.799867890524697	0.825281501570137	0.840190996616813	0.776971435831309	0.833553671703426	0.707377257781795	0.814362128637854	0.803631031410458	0.804748386144379	0.769144791039785	0.768817426061716	0.741984190247176	0.813030932335402	0.790000562797448	0.748849150599321	0.750475372416071	0.847076575288472	0.835538056113969	0.847756999214876	0.779744590346989	0.774905165559879	0.891956501698736	0.881937027198994	0.903047709145762	0.846412019768912	0.795862380068585	0.766361635063949	0.813276109321914	0.754966988125795	0.758848499889338	0.811096603764581	0.772805027853123	0.763433307836233	0.814664239640526	0.795727795020221	0.811884053202476	0.811416358260717	0.792969555865543	0.875042782251693	0.798919858012218	0.786121275993578	0.760278864021665	0.673748621925434	0.778708746256892	0.863575809337185	0.814086555648067	0.703163046471541	0.827227247582984	0.838797924666813	0.801393447836979	0.821332416006697	0.763906104541955	0.827432866545606
"SRR13358131"	0.591351343565791	0.352379676490702	0.334946210609154	0.221679984385641	0.289310756031434	0.187383913398245	0.238162826317477	0.271724297688883	0.300281488880722	0.313843571878882	0.283871626983874	0.345945513015023	0.409140249905332	0.341958701892696	0.311840660648963	0.223703312421902	0.182358828297697	0.26150663118286	0.269430242743394	0.235929151514059	0.329702625233663	0.186232573449232	0.297466082913202	0.261407933669185	0.321090569576103	0.275923291925705	0.200621715658439	0.21435230036549	0.327281263581262	0.250685796433439	0.279202835931059	0.297352524582302	0.107332757119032	0.218189189694012	0.252975382741344	0.31008314773699	0.332978377641102	0.357434703199848	0.367174828479462	0.293598657509085	0.31741312614757	0.383608955460595	0.248821174568229	0.207812334463457	0.269859840751664	0.26467412539066	0.307906035902187	0.417994854527668	0.10692068955455	0.260201048696578	0.162479043869344	0.22741235955761	0.304371869633106	0.267307792786965	0.163388901332372	0.406322786930182	0.323548028521984	0.15655009404387	0.343175764864048	0.338986340572207	0.222528187952371	0.251382531776016	0.370500342238413	0.248054043693572	0.287913395842126	0.232811737291753	0.336968275820117	0.315718304133721	0.332749271632691	0.42765476564024	0.220936018501896	0.205479831568952	0.178477450776124	0.339619277129113	0.268747541849881	0.226546075241554	0.221550810905178	0.210522590042991	0.202927066861795	0.206646796863946
"SRR13358130"	0.678465121465031	0.692736991226919	0.566670433650407	0.614438793737937	0.537198078875673	0.449371954773852	0.595783557028436	0.67633162919453	0.612201906112476	0.544451514633286	0.641092253059155	0.64000643752835	0.655813768846767	0.632254076586279	0.657482729453446	0.590941958885573	0.511897987945645	0.615621374058739	0.622719470758297	0.491228651507718	0.696039462452366	0.522325432643885	0.646826603826128	0.605463670030839	0.623088373515227	0.728176486979207	0.444780494531118	0.592011836437876	0.668948199528812	0.686828401327005	0.635792672117744	0.606738250410624	0.498210740440018	0.598988720586805	0.615043789838302	0.584044058977217	0.608662842955968	0.635129468513971	0.682120369524891	0.676667299947208	0.716902769256145	0.628160368744579	0.597599016985574	0.539772671349728	0.661314528367964	0.634904705223845	0.646058319851831	0.733653981991089	0.42376890942677	0.715850968238932	0.539714103353578	0.588379433532246	0.727086493243813	0.646621626090278	0.512979097811185	0.669873537888624	0.67160712505032	0.479535360841161	0.645128861327806	0.627757306747343	0.493179457524275	0.61384828698356	0.734078356658187	0.542169698076103	0.634450784215356	0.676603280184676	0.74588129455118	0.603618112029499	0.716241232052777	0.617898859374263	0.630573488264813	0.667776421423154	0.485116583278555	0.66787562995181	0.708521920374165	0.583746403748821	0.578883209870572	0.626429088071748	0.630172169979811	0.620787987648918
"SRR13358125"	0.990756770074067	0.942396540307487	0.973713533279561	0.955185052309029	0.972312398745902	0.932737494814582	0.963852394136944	0.879059403374975	0.99056203351148	0.983663597712689	0.903832635817476	0.887138552081423	0.927820182289445	0.987876308422433	0.968399311418861	0.922890600701162	0.891094534402118	0.892185815267634	0.894631298065895	0.845677651897701	0.888197255816662	0.944538395465714	0.950431211346177	0.895278499604252	0.965310345966438	0.959713192875411	0.841869444750797	0.976733379224395	0.944651055880708	0.942241843261412	0.929663164029878	0.964787256971971	0.919756187028428	0.962824441429876	0.951777672595887	0.96980922741078	0.977444331023835	0.935834798269746	0.969852997769677	0.888651856265452	0.872739815178717	0.961552682788725	0.886974504871798	0.930369333806928	0.951384676595311	0.813408957131068	0.948494818680796	0.983316646609279	0.768029632511584	0.901080488963647	0.910340597443128	0.92782574826633	0.981416702145915	0.957842011086648	0.924882037501257	0.973300307790702	0.946889428873944	0.854636804110283	0.946655415656045	0.957224380180757	0.946286836554983	0.919128327269033	0.94045502692961	0.883822537809059	0.919079498354624	0.943524346722217	0.956440881655654	0.954588718203339	0.923328526580772	0.972500976386699	0.955088341968072	0.962234479897375	0.781621321527501	0.937518097565687	0.675700116443021	0.845949011504878	0.923944069270855	0.916463642626419	0.708014609638271	0.920186697768549
"SRR13358124"	0.997999606814102	0.993845688419085	0.999279356919735	0.999729448303654	0.999291224623729	0.995971419259129	0.996463825989826	0.997387320419861	0.998767446206533	0.997761751785678	0.997075737204252	0.995128784646626	0.998241325153852	0.99872017585252	0.997730757585792	0.993113845835965	0.99546707528272	0.992478582717103	0.996033461402216	0.994916072085458	0.997810304231701	0.996431302414031	0.996604684066804	0.992874323102875	0.996396072612883	0.997760865019211	0.990972851018792	0.998253745476434	0.997594529067459	0.999203879945398	0.991397307397523	0.998986958065379	0.992395765036567	0.998451107230794	0.997817248584183	0.999161267584276	0.999485530002352	0.998241285326726	0.998683431724322	0.993649686034354	0.993942509989102	0.998185871489677	0.99527584372781	0.996908410337026	0.998019802184778	0.997216954319028	0.996182792995357	0.998749461760442	0.990733474015805	0.997551807003644	0.997726583674272	0.998033944203066	0.998509602214587	0.995279278700345	0.995610887998246	0.998353333441778	0.99735838640126	0.995236394206819	0.9990729230464	0.998505025773193	0.998330353171403	0.997301083360522	0.996690831356977	0.996480288685456	0.995456183655184	0.997297319038965	0.998023927015697	0.998880990853862	0.994820037990241	0.994064433865177	0.994996826911202	0.999308084586809	0.990128137634452	0.997423075051295	0.9867306046896	0.996189019655461	0.997869129802964	0.990745156267951	0.969316099424518	0.996191128495983
"SRR13358123"	0.674282064491756	0.588155384418457	0.602586667769803	0.561157757999146	0.592959877090862	0.405861224033971	0.542923280219913	0.581667099301594	0.614068157850064	0.544911937237805	0.549540246759963	0.603793844716234	0.587081403317962	0.551985277201883	0.614533714375821	0.660807571370127	0.372314682726121	0.610088184508135	0.49239234438161	0.449095562204202	0.624715594340258	0.453815229407047	0.565093247084718	0.540327924855021	0.594231198112065	0.635843416005414	0.522224569579785	0.531946285519944	0.620794476179854	0.598693427607803	0.557966749263638	0.571426036072258	0.34701868996173	0.554700329932742	0.550389405858275	0.595518826015482	0.623637307539733	0.627136407340771	0.66580735503744	0.627469651769919	0.69937904867682	0.639574311070675	0.520014377860596	0.464517987378196	0.585508502878445	0.493215899209753	0.595214262098164	0.738402098961317	0.282298221299812	0.687025859875377	0.417317250712004	0.508862178134138	0.696386603750019	0.573276805619247	0.420527089103384	0.677338849698229	0.625538874891353	0.344723891981585	0.637643585077776	0.603590723629619	0.422411450669146	0.538809727476369	0.675229042835325	0.497962500142832	0.542815142421038	0.690071088154021	0.703682968673283	0.597769733654529	0.644644910628986	0.611773171608868	0.529436280242129	0.545552946163033	0.390113775238319	0.626078651294848	0.634446103763384	0.477806179902	0.506390091246349	0.498009864606337	0.468304473016239	0.507035551247407
"SRR13358117"	0.474062190542139	0.120232266210016	0.275609786956742	0.190852224745176	0.353999975825288	0.193600328301768	0.272663689400034	0.275452373751374	0.388757030766168	0.36928560856853	0.228197427291736	0.26602809683065	0.378103088855096	0.193129042664144	0.259981166259154	0.142426150317132	0.130308711208102	0.166358610261873	0.233111002724468	0.228157195569405	0.305275960553475	0.202050354396863	0.245255966685988	0.195838666395717	0.328033931571084	0.291352931108958	0.20274314353003	0.268150653325879	0.316576680311138	0.24596324776981	0.211024438057246	0.375084424082806	0.0943716552812953	0.25848575314629	0.204969079078669	0.363891790539958	0.346451225143593	0.318090893686273	0.315672051773246	0.21118535199497	0.310676539424715	0.314103333512045	0.249182912891222	0.166721412072621	0.24573077438682	0.159386190749714	0.249357629312454	0.378464698637418	0.116524937977603	0.255785728674672	0.141735657240435	0.203374743395309	0.263160884817181	0.249800387126353	0.168762989884417	0.334122078168717	0.300351396037096	0.162990908047013	0.293111513937464	0.36920128177793	0.196517988893757	0.220061783204672	0.246706591610824	0.204540309605051	0.228687022341679	0.221540322263952	0.297279019687036	0.240051441719288	0.220503960944396	0.342796055598435	0.223296497084606	0.231331350742224	0.186064499864612	0.366136797447574	0.177815076505083	0.174699713901348	0.198854515852817	0.156930330333434	0.136234376517414	0.188654611918005
"SRR13358116"	0.303386374597363	0.117415030980419	0.155967938126396	0.16863697476043	0.217444616876476	0.134388802131203	0.180140243896645	0.263638582462524	0.199998881230151	0.193469233385371	0.181486709988124	0.212269625316087	0.285703765866777	0.165249596083611	0.164813112339149	0.112268564150375	0.0969738121341815	0.113982614830136	0.232508481247805	0.127309416825431	0.285996285209678	0.112071218639179	0.174816375996205	0.145843058731799	0.226023725015289	0.22985313731085	0.122826367762443	0.138808491255377	0.197587839511091	0.198243061219722	0.153935111166798	0.217452613839674	0.0693357525449863	0.191565809443788	0.141925456912062	0.202613364543844	0.213602383791128	0.223581643007089	0.203348152226653	0.156769840831218	0.270219608016677	0.200163138088518	0.223623321615162	0.101260643415007	0.169170390783807	0.154784192479561	0.173535329086609	0.260998753260996	0.0699080085357252	0.253407151075778	0.0896906748839667	0.141766739792144	0.185657418073425	0.167105280937658	0.0937030297232135	0.204464209309972	0.231827006702005	0.134479968856056	0.226921600232496	0.249742108624589	0.115310338165353	0.165598957712542	0.186740664393392	0.13067246410065	0.175902039791489	0.181545086121783	0.249655152199813	0.151901431430699	0.178829164730324	0.247793923658392	0.15378728177969	0.195971796945496	0.127681902808073	0.296915147514624	0.219263929605318	0.137430940298446	0.147938846117259	0.116577558947612	0.151008014028306	0.142016053398887
"SRR13358115"	0.0636371422183876	0.0160630354191932	0.0148036036829813	0.00474005999738032	0.00772715212765133	0.0140346052820918	0.0103557017361362	0.00739224283699024	0.0175652844826164	0.020536313921458	0.00802684830732709	0.016890040265251	0.0123484389935264	0.0160986944787027	0.0125313109910012	0.0289347772742989	0.0224048362807468	0.0183870411496742	0.0117401583425445	0.0151092757202807	0.0106654934256176	0.0121868804581406	0.016677731966774	0.0100050374550726	0.0251773896629241	0.00664891363018078	0.0365610647770328	0.0093473684712071	0.0142602832432496	0.00494650248167375	0.0168492979712436	0.0112795995380889	0.00774440043791005	0.00961010367674421	0.012456591718099	0.0117250170895986	0.0107847265891248	0.0132513276087223	0.013713221078521	0.0155116432354715	0.0113202725559189	0.0216190034605116	0.00988944291065472	0.019776227319663	0.0124786001691685	0.00750172867385789	0.0170085304883729	0.021839670387546	0.0246281645092703	0.00830436943489552	0.0165978968107939	0.0134381239805238	0.00802266219599082	0.0172079433563492	0.0135330986073065	0.0215411570934692	0.0106368544496325	0.00792818075794728	0.0132828885955849	0.0260419997654841	0.00757558366151315	0.00792012712243917	0.0158090799256158	0.0148908592804176	0.0151315174582181	0.0101270646547086	0.0131115237428167	0.0128977288322216	0.0130046621021821	0.0499720486510044	0.015164708348452	0.00725400351453268	0.0149709030547482	0.0121771633556263	0.011335509512684	0.0106529021581099	0.00904883111264394	0.0167721733301312	0.008477205923439	0.0102645452141508
"SRR13358114"	0.129498320819566	0.0369522611988742	0.0791703374944959	0.0609035090644341	0.0709043465716314	0.0525992447771789	0.0249729582901063	0.0518188648065383	0.0316123664917529	0.0432105506007892	0.0421346560331103	0.0848077690650512	0.085635003820159	0.0318234408596669	0.0387202069166721	0.0545630906992093	0.0496923229267191	0.0419343674486011	0.0566656316731949	0.057152771811411	0.0805580469627474	0.0280107102817516	0.0455176348603348	0.040369064430654	0.0605580349654216	0.0239300183147017	0.0810371920268894	0.0197164319131675	0.0487388285844126	0.0352332805142468	0.0470056888839512	0.0470728781552062	0.012472288820324	0.0409207576499592	0.0435943793323024	0.0606063173167094	0.0720566532467179	0.0842567599755924	0.0527995464107378	0.0521418117483491	0.0570345973558403	0.0936691610528175	0.0542274322418361	0.0499093819668133	0.042293267072739	0.0588729139112521	0.0534405015501886	0.0730531854786747	0.0394405208178852	0.0507090140826248	0.0438892794795747	0.0522324482264543	0.0270663957928618	0.0330867407329691	0.0257506510113476	0.0784024353853885	0.0509153082017818	0.0331007415996564	0.0984171965863983	0.101911201774058	0.0356697014335117	0.0422662853070799	0.0534960363500479	0.0639865545195776	0.0509515077622032	0.0397845089797303	0.0528871520779894	0.0726635587005	0.0430851128200365	0.0870535518125716	0.0252354724082011	0.0345290598706193	0.0447136901548581	0.0663970566668182	0.054199399107311	0.0505644792462294	0.043043594669772	0.0311259177496045	0.034682395955779	0.0308130092228933
"SRR13358110"	0.41569144371281	0.531499733346793	0.697397403495126	0.937651198151215	0.652099946501249	0.736960693721947	0.625446719687406	0.772574807731265	0.683226668797129	0.545036377067745	0.610935184961754	0.613269890809185	0.40950506868625	0.530639794793387	0.622175795636738	0.622515686036198	0.805337933884712	0.577182244141189	0.796735997035085	0.419834571928065	0.715510764388891	0.612450431841501	0.695607273974556	0.477073249092025	0.731825435280193	0.687449589481293	0.428768721166363	0.598971969987878	0.571327906654342	0.816972569311189	0.545015528603782	0.631639299353286	0.762419810633813	0.792229971438671	0.759445435476262	0.648924001789701	0.720071369083113	0.623360802867428	0.646787861583798	0.565956701237976	0.56406978745667	0.653234838869339	0.708571426058154	0.767867436332418	0.732142441403762	0.715839204323707	0.65375680514023	0.674462263472733	0.689315580755202	0.771378840627987	0.83152549489985	0.788683596863184	0.675325058977769	0.666924396464299	0.622825412886104	0.625882702146229	0.656055460923583	0.666119684940685	0.742395877472532	0.639460586001438	0.443248559937502	0.642011773275803	0.655411828662853	0.622599252311396	0.662145561139352	0.668767022424593	0.672737839831074	0.731682780589432	0.622097870480205	0.5875961715951	0.720152174792716	0.904278365374685	0.522588541631732	0.5776051987781	0.569766975088082	0.687813892524124	0.761950948032977	0.671814156223712	0.474296819036356	0.732002490108456
"SRR13358108"	0.668708600653981	0.553209446912082	0.704119355663486	0.71918833326814	0.669867059116514	0.524942057748749	0.614371380704045	0.666617291456372	0.695642218563712	0.623026684855962	0.618131725181426	0.657330241678541	0.591320015346163	0.61099365556918	0.674797978196385	0.628254326100039	0.487291246960865	0.577218899830014	0.601661597812229	0.502645504254762	0.662798559486699	0.532495065282153	0.639209428734854	0.578875473223998	0.673920188293702	0.689736316989026	0.494956206354728	0.605085083496536	0.668032581135008	0.700219408098783	0.594548309007428	0.653021067897318	0.433104070270803	0.600080121410979	0.644911954906398	0.684593855945152	0.704609107429164	0.68684039344477	0.72650141702382	0.625740349002559	0.652921457627653	0.702006235115657	0.605278989991201	0.568011487476839	0.655432434076054	0.583291532419302	0.656132508964114	0.739576595249183	0.326113474570723	0.675764890517361	0.52406050113204	0.607518644456507	0.721766591185556	0.632855938422848	0.48744093882199	0.724620119259919	0.687104393867819	0.405827563353576	0.677115387440973	0.606560697663266	0.465045720670668	0.614032252292476	0.709012796214591	0.577631763018357	0.612093394346126	0.634298337370908	0.680462099947739	0.692106412560264	0.68235941148034	0.68406397653961	0.601486767629605	0.656053429975892	0.447087198214169	0.643960613904959	0.610033088055865	0.560075315366914	0.612636608627136	0.553114260340098	0.481610090995682	0.588176283950109
"SRR13358107"	0.373239623054521	0.239382144598333	0.374247186812071	0.421581331739347	0.366542257176695	0.268463299601082	0.231361244139683	0.403433288965032	0.246399269930987	0.237984574248625	0.330516606802617	0.416987218913114	0.40919682013685	0.236045747592249	0.354959249142362	0.282178618287243	0.28482871679742	0.302734522799507	0.349364686779394	0.333595217416857	0.471411111616646	0.235401160021739	0.315032781505536	0.311681515416549	0.327261680295701	0.315881272790204	0.274203326110903	0.2261764506047	0.372144562350835	0.373636834023174	0.332981235322008	0.327579373194185	0.152224271481725	0.311252366915314	0.321402477813293	0.358572047320053	0.392815324319601	0.426058929891532	0.375990542383941	0.374843699093043	0.416953573994231	0.410325577987142	0.358921508529255	0.304665480624581	0.347852310950312	0.387958747669837	0.349743433386397	0.427244822577791	0.253490304532432	0.424551854855094	0.314331081520608	0.346728384521221	0.316134669827539	0.279595305133214	0.225439603393239	0.402376242145089	0.369264143292051	0.228288352627494	0.484074246303038	0.43562878746361	0.241223675388736	0.335669678261222	0.398634332983819	0.348731394295479	0.333560450358107	0.353037350602505	0.417702388341165	0.393756593907173	0.360387533412523	0.361096293289782	0.246465660000596	0.348178242583879	0.287064141654957	0.405832361862674	0.38809740676913	0.34593916946663	0.324129663087507	0.280811298204008	0.323552879143588	0.293983302303913
"SRR13358106"	0.403599443946754	0.375692454000629	0.443329819145615	0.55983841651567	0.504075842864307	0.358189378468299	0.390142490346034	0.542299571522377	0.419985310380371	0.376969733647159	0.463819072870136	0.533920726262655	0.427508861150194	0.0851505499231593	0.471672292830664	0.440847847840933	0.318050254748345	0.413173729407051	0.460002881596399	0.36286045203824	0.523722760005195	0.328808215149522	0.449806474758806	0.435660308974401	0.477070211097511	0.498409854154675	0.344933869662619	0.356828174298162	0.489664572710339	0.529942228690805	0.44553025045149	0.448268367881531	0.230822350267473	0.41947275157531	0.454985063038282	0.488644326386103	0.494511076780527	0.536236085420694	0.539225730971239	0.492875841197853	0.554810345360806	0.526746253209146	0.474875954611135	0.380219765332089	0.462450007496806	0.472440257659828	0.484600693914178	0.524241532943235	0.191101969756006	0.551324463627434	0.337480838735979	0.426507421005316	0.512038522355295	0.423987508757694	0.28556850084935	0.534273318434397	0.528054421653634	0.280662717498481	0.499541350104775	0.383146660468523	0.303754934303739	0.459562654423658	0.551752587198633	0.429482262915103	0.451976437747289	0.466353346868982	0.480555391022812	0.520583117727766	0.525265479736544	0.493492771601155	0.382703347035209	0.433463905262576	0.321478287801887	0.469241326589176	0.527047661466056	0.425306162907354	0.440555520653819	0.381317228787877	0.412088384903527	0.409848686441847
"SRR13358102"	0.945564735320113	0.841460440238891	0.926300945809042	0.959468740032391	0.96303281965173	0.961954631817775	0.755314244560749	0.896341666231506	0.851492379150076	0.919716362056235	0.88513334715191	0.904050857795912	0.890286144928079	0.90947242175785	0.834857879024678	0.693867080407743	0.951767907504475	0.739485220910019	0.934603918986854	0.842937476556885	0.908049507037821	0.878104210005169	0.874784258825358	0.862333889765389	0.891749800570129	0.867437114188656	0.745735479271614	0.896241227259647	0.77817602634148	0.910272314249778	0.885652560201805	0.888308081778692	0.862019281373719	0.939168809141758	0.915257481838228	0.899095363055198	0.960711295081691	0.907065538482663	0.907592138534576	0.793744622296525	0.832382847486178	0.922318482338186	0.906801864249915	0.908502211235647	0.870662122095827	0.93168427353055	0.871014403001588	0.895412054023168	0.858847449532005	0.849117060390253	0.896539509695541	0.919448950756531	0.893888126511382	0.831586700848401	0.811766332932195	0.867754783659827	0.910029122855309	0.939214085504312	0.945247333065646	0.927912875386729	0.937245786426051	0.912368717578242	0.79667007530408	0.898713523436192	0.887128874830853	0.82056897467867	0.846817989161331	0.900300832953268	0.760670918199399	0.948571838350948	0.804154811076373	0.935952304113395	0.885644423443293	0.917152242099811	0.688002483139818	0.897337376469268	0.913264183520869	0.865449423405852	0.921473921124816	0.864361441664954
"SRR13358101"	0.242272046738747	0.235212908580511	0.259591973865936	0.589246828135731	0.51831035527937	0.450312446907148	0.760114548963682	0.78186092860413	0.778485379245831	0.606709148593678	0.513889802344893	0.377427577277611	0.445086338982082	0.563016807031173	0.498161059915113	0.425784133510144	0.275363584207757	0.305947015835439	0.699078822975161	0.25943985356386	0.633837796080345	0.516041655855004	0.546759424981468	0.366654765366083	0.668151683139041	0.853267919521047	0.372671211437489	0.703059070415567	0.555762673841126	0.73920013904514	0.407663924788216	0.691504007761371	0.573021988568894	0.752642869116547	0.469974902482924	0.541054324845129	0.475668523843147	0.404688627268715	0.471584413177464	0.384643117489469	0.71729586476064	0.310547032925067	0.675471338940816	0.314293182704967	0.585535361732602	0.325119532261809	0.461670765312141	0.595405168058687	0.31955580893995	0.842939531326497	0.370363206903199	0.466829977177812	0.72224176370313	0.65608133054712	0.465669420508237	0.358364773692852	0.639617039393117	0.590794096354966	0.387184736271603	0.472985167688909	0.350721022950157	0.507405149703697	0.439269375007129	0.269548207806735	0.495687834600666	0.764394232467774	0.693725811960267	0.274358257618859	0.475778803554183	0.282536934670559	0.744016456989489	0.829691008889165	0.390521801205305	0.67776202689319	0.66310719019684	0.380146953486594	0.518890284287358	0.491500012883788	0.48412921740022	0.628924843701668
"SRR13358100"	0.060623908306269	0.0196183616444771	0.0341139865467004	0.051175199422031	0.0775778712501947	0.0578047903299723	0.0920299652080992	0.126506047447117	0.103418575941386	0.0880460153442592	0.0546455784866356	0.0601664241656526	0.0796946724435692	0.0557932685331836	0.0468903504407213	0.035754771112782	0.0248263385282372	0.0265914964806921	0.113762852563719	0.0348475180982375	0.100018501229264	0.0427709025157833	0.0603361337253836	0.0384431141924835	0.109063562708206	0.107709106529803	0.0525988168513377	0.0559521514959821	0.0631764964496044	0.0714285079326074	0.04481679680397	0.0929869551136688	0.0292039945765748	0.0987835296243179	0.0426751767705867	0.0699300611902997	0.059909747049181	0.0605208051426827	0.0484663174295115	0.0399473824344951	0.115504001783175	0.0485737174858288	0.106084290090924	0.0288583736196051	0.0552719958102936	0.0345867758792861	0.0525808400827527	0.0759887813280363	0.02611877985731	0.119278239589109	0.0268638266500997	0.045027749700381	0.0593337486225221	0.0689559765039835	0.0336667344366949	0.0484964264326234	0.0853428187019186	0.0662585325738651	0.0549575465877906	0.0764990729185721	0.0357396858148271	0.0512865778510371	0.0439604262997681	0.0334489144807868	0.0582399060556384	0.0705107556675862	0.0782734355447073	0.0323800216980456	0.0464121809484813	0.0459104509674156	0.0760322010054018	0.0918333726478476	0.0438301656909701	0.116534129355758	0.0840007719654666	0.0386815032273898	0.0503128460023926	0.0390961111295392	0.0505503282699261	0.0549764186509776
"SRR13358099"	0.0905039805175014	0.0415011613470283	0.061416799269833	0.0627424286620103	0.090701840525766	0.112119180996214	0.234039750622113	0.161076581442327	0.161351431480245	0.125177845363941	0.0864103463414301	0.0866605324130742	0.129239176417615	0.114742151215839	0.0821675322021922	0.08880850287457	0.0810964917306622	0.0670667105808905	0.140063687332284	0.0862752493174847	0.147409216113006	0.125970100570576	0.108699479627343	0.091551325144932	0.164219721766476	0.170082628112363	0.144154494190437	0.130451543448887	0.126279464021423	0.111381077463384	0.0972279601640953	0.158026604136042	0.16091635888769	0.153005326557486	0.0799941053318628	0.106930106850915	0.0982656499393237	0.0850154714104178	0.0799675332666897	0.0952364206579636	0.172878807975608	0.071833961856172	0.135349094399334	0.0889571844526492	0.117157709849985	0.0635117417514283	0.0948371095754156	0.124951989870689	0.165330609138841	0.173736157133004	0.104927252452098	0.100286661208507	0.094873383104719	0.134395188832132	0.146621473979593	0.0771385005123571	0.11428458767489	0.129264975277494	0.0848876707592798	0.170124446350492	0.0841815427863421	0.0880930370935919	0.0832804932063391	0.072260926750851	0.105013474530658	0.130213642883234	0.147132169515979	0.06166780246462	0.0802964630833054	0.0701635950329176	0.168128218979369	0.171779339762197	0.122872706857179	0.165543103898656	0.148564553397393	0.084141011593914	0.0858382359931614	0.111917194655064	0.109594882317754	0.123964319135622
"SRR13358094"	0.993569309074428	0.971157496240972	0.995850856627247	0.998217647952125	0.995878652540237	0.979468294729605	0.977025252407535	0.984880974286754	0.991043990659285	0.987529800587059	0.982490937649616	0.978115494423266	0.990994385835992	0.989860767280744	0.984932805807146	0.949603305109602	0.970021617696639	0.958327586521776	0.982127262931037	0.968242905450965	0.988685294032895	0.970884890175465	0.97971227375019	0.959072152475816	0.982075162599769	0.981758735738287	0.938164090097468	0.982540629719897	0.982613688737295	0.993504600080729	0.949350589301439	0.99229074071131	0.941475339564425	0.988538903325935	0.985633228565513	0.994323353682113	0.996952445810411	0.99097789094078	0.991028111228268	0.957514151606671	0.962599624797162	0.991310768721764	0.976594917474816	0.978012722837391	0.98510096498552	0.984331822156216	0.977719496999577	0.992821459901002	0.915074905043879	0.98403257382328	0.979188131036235	0.986262813449611	0.988334159223316	0.968306480503001	0.961384800153577	0.991186225039045	0.985081528699165	0.96873628872925	0.995026276839963	0.991757937464196	0.983551298596297	0.982411367150851	0.979979826706814	0.978682435682703	0.974416278714014	0.979948038712666	0.98730751793014	0.993501775966127	0.970000442470937	0.976992897039205	0.963114750653132	0.9941940744033	0.934828762048661	0.986675081760414	0.923646549716514	0.975515420562736	0.98624372073565	0.933419052840789	0.842670421335474	0.970871972897558
"SRR13358093"	0.98035821258767	0.850423303949363	0.985004841778877	0.993352339603287	0.988763290535602	0.929048891419116	0.896239782914574	0.949435038212883	0.949916830417852	0.944892738604069	0.934190468707912	0.939914736692987	0.972128012305508	0.941442482718265	0.933138251339124	0.801885849656925	0.859823345504449	0.790822145141663	0.942129932674124	0.875934723322561	0.966237026571755	0.84826293456622	0.913446027495307	0.862021355083125	0.934046912202888	0.908683919457573	0.777339274950583	0.886561887518431	0.921903933398014	0.969671106205496	0.817913805994552	0.962331585114886	0.706093546205414	0.960445109525377	0.937462445783308	0.976633816695185	0.98897957244962	0.97267550140321	0.964875134900372	0.861507866682574	0.904116863618123	0.972797848281999	0.928991620841271	0.894687843205384	0.92827338004769	0.946276922916931	0.914870941554311	0.971453783186804	0.59275359261933	0.935665068168313	0.87783370126735	0.938430689753764	0.94038695912457	0.853241314762331	0.788004915978863	0.968613953355682	0.9478840011025	0.88611160877812	0.985031068859608	0.969756210200356	0.939916388506736	0.932098788607581	0.918354805410032	0.921895321687618	0.902828144150798	0.906898954310832	0.947321055820444	0.977002616374158	0.890048874091732	0.935504010083929	0.812857943570328	0.96805526940325	0.761067664761639	0.95803762982798	0.779550289140591	0.906431383658165	0.944397418024794	0.712044440697396	0.598237897913149	0.861176081768673
"SRR13358092"	0.983953714424315	0.957367681296091	0.995007926210524	0.998948311045739	0.995860253249993	0.988107122500269	0.983244651290677	0.993923405811144	0.989962409829284	0.984999256640953	0.990296657567484	0.988309961948107	0.987397929646014	0.983588796269396	0.98722244336911	0.970246160003199	0.98773444109553	0.967459072992423	0.991461854897151	0.975160292902721	0.994602946212435	0.982601651161853	0.986819045531094	0.977056436218791	0.987602867572446	0.991801081641346	0.949138486519885	0.988775873951697	0.985359196157021	0.997053112599228	0.967263774868474	0.992177549419482	0.984048517705685	0.995001638191079	0.992225293809338	0.993379818824018	0.996740166127173	0.992849489582217	0.993619582028835	0.982406300050864	0.988532072050336	0.99233133719365	0.988294263454625	0.988097239459276	0.99116316784039	0.992876809458674	0.984576648543749	0.993414933680138	0.967524559516282	0.993406400183423	0.989868349745643	0.993048836786227	0.992993234317446	0.982539268019364	0.978774447120501	0.990385527816065	0.99128508336291	0.98672705720779	0.996314000743952	0.993249925279564	0.982497500182429	0.990146852055237	0.986714766488873	0.987401506489501	0.985102613009721	0.990074989429457	0.993046423858109	0.994071576321065	0.984418235373547	0.980079760905076	0.982023189293104	0.997588905377019	0.971836834753936	0.991782108390533	0.974594625828411	0.988933656219117	0.993159795137042	0.972513643882406	0.957301288332666	0.987337855987171
"SRR13358091"	0.997305691218942	0.986447902477344	0.998314304938359	0.999390991723859	0.998469637748132	0.991042314966145	0.99239041563305	0.994512813970619	0.997090697545963	0.995279674097642	0.993661952847966	0.990483993110463	0.996271648801721	0.996637963215732	0.994807443904258	0.973398712932621	0.98766838249371	0.977660295612037	0.993072000357018	0.985263974483828	0.995574154571098	0.989168832695944	0.992539728564158	0.983907938381093	0.992950531601995	0.994654032674603	0.960265970995529	0.994584320599317	0.993567756806898	0.997976605641825	0.979433378819117	0.997198544870309	0.981074039523586	0.996610581927739	0.994782255881431	0.99781339240685	0.998854881919924	0.996280176667405	0.996933540282322	0.984490257435579	0.98720152400174	0.996333475825116	0.990622639019405	0.990960468688153	0.994764995814945	0.993840740705122	0.991396120453469	0.997452614885846	0.959118597346954	0.9942655025214	0.991690756136001	0.994670643402175	0.996619750678675	0.988865328208693	0.985483699025489	0.996549843499603	0.99458485917154	0.988856555625383	0.997981126370829	0.996453881899335	0.993514372963954	0.993491851112619	0.992576131166293	0.990637048870452	0.990030292697438	0.99318894325338	0.995735752191526	0.997420387511375	0.989402137104936	0.991140341199518	0.987587123406096	0.998213363397299	0.970641134324343	0.994885353814785	0.964666918387075	0.99019967811218	0.994893503124365	0.97476334695783	0.93116160425637	0.98974468041246
"SRR13358086"	0.971333880516503	0.876587422411399	0.978327921034053	0.990132534114054	0.984991029554533	0.918271757345088	0.877007133770436	0.927779156937396	0.945430541906417	0.939801765602018	0.91333846673817	0.918372833751202	0.954307457346183	0.861327485629032	0.929466729518004	0.786295482097537	0.865918840505111	0.846073934465746	0.928314721902036	0.87624205393185	0.942133652553095	0.843325152681333	0.900368568723201	0.82664971748859	0.923233851505791	0.881765719254401	0.780621250878146	0.881380437904095	0.910909045129674	0.957778901795283	0.791127341891124	0.955826004995715	0.683662877560346	0.96073049791003	0.925536615455681	0.97085183598709	0.983194626799895	0.960370902153105	0.956014868232446	0.846185969738474	0.895675453793053	0.963215810746949	0.907219966663934	0.892467965741567	0.912921108038814	0.927038149291474	0.897978308270321	0.956982756220005	0.609156340422817	0.917788804871886	0.876662414304008	0.926928104215342	0.92259367434289	0.838618844467568	0.785515927102667	0.958090026322686	0.928930233162838	0.888977641751668	0.975974087705693	0.949721262368712	0.927746630958431	0.912110470270054	0.902584936268444	0.909294892858811	0.884879241641902	0.885371430811961	0.915249900641401	0.970476373371502	0.858620743755543	0.935350697081967	0.802188828922694	0.954904078050543	0.752117437927759	0.930604293911849	0.715382774135015	0.891647453729654	0.931976831251397	0.701974246338652	0.529462846608101	0.843117474279517
"SRR13358085"	0.997886329824298	0.995585707368202	0.997670261521325	0.999242871591475	0.999453668877095	0.995070896072211	0.988766047420834	0.994546006305892	0.995886760293675	0.997405676476486	0.992211144716383	0.990253425078405	0.996244707404343	0.996126997156591	0.99638445422172	0.980017945973192	0.97879406471954	0.978739675805545	0.993243870448543	0.982319562515973	0.994261063725807	0.985962526654392	0.990163601561178	0.992392345350935	0.990505943047276	0.99521316780053	0.960664948086004	0.993600363869245	0.991010051377055	0.997113947470462	0.993433170295509	0.995690977372915	0.95842131846918	0.996889926309289	0.993361446363552	0.997534974568329	0.998637410137546	0.996448548850685	0.996242452773154	0.979762104095425	0.987851285718517	0.996552503682005	0.994891182499531	0.98296457164584	0.99236260300747	0.993132773954618	0.993623221830366	0.996250364122754	0.875223885135005	0.992801837965277	0.98055290254719	0.990681858905282	0.997346413380642	0.982880521037327	0.967280142464599	0.995799078912026	0.996604046804122	0.990852199749444	0.997891188915362	0.991970317951208	0.996568005998229	0.99565442587124	0.991073072745782	0.98865761457754	0.988796006630338	0.98996840542324	0.991823376406809	0.996666302725105	0.988879378156039	0.996828074786145	0.976979061417749	0.99635393408561	0.971089000669979	0.995448498991563	0.970786717102017	0.98694653899437	0.993666032140946	0.978512516240794	0.987762304025272	0.987247152130242
"SRR13358084"	0.971110244957349	0.795052272408796	0.980904197328605	0.989632565275215	0.989936222082082	0.940394800863253	0.862716775520475	0.928960427905035	0.936388303793663	0.934592962357683	0.903959719049779	0.921900059157346	0.959372015861174	0.919789641108712	0.932007265518459	0.801958766506126	0.869453516867487	0.784018842942084	0.914776940130799	0.886574666989423	0.951608591823619	0.860094571166518	0.886895292534239	0.867178146847975	0.914828986763237	0.882051476460364	0.814871964152758	0.894269562249875	0.909308503866853	0.942652022364869	0.868066100547354	0.954097098482322	0.659843806534692	0.957050904507092	0.925682179915528	0.973721195500197	0.98583532120404	0.964327286498546	0.921639904258791	0.843882941255964	0.884195035652961	0.964502367573034	0.924124695584436	0.894219521164975	0.917276168984425	0.92239391036345	0.910547989959621	0.962240588964978	0.686397457903719	0.910291087754774	0.890080306359459	0.929656930760033	0.928467765995217	0.828285042764671	0.793058861209051	0.95950615025424	0.936923313401333	0.872395636980764	0.979414222874336	0.965411476339177	0.924566448047802	0.928798496740313	0.888865779579555	0.915893221263251	0.882000574234114	0.884201222165745	0.923962025160722	0.964137339427236	0.843664199998672	0.954433810754398	0.78072694429825	0.956366009918765	0.805368943191449	0.944078058290967	0.716980678094917	0.891138286024233	0.932141254328625	0.749793331158352	0.705944435015138	0.851523000882734
"SRR13358083"	0.947834965714056	0.842228674478414	0.920279689994148	0.978442204571575	0.94777468677947	0.81496388409428	0.665544032758774	0.876581428986651	0.7835194693416	0.855617921696809	0.824059602949944	0.835183795476106	0.920342523484521	0.799672815669493	0.760545219338824	0.681689396013022	0.78850954592459	0.622951212882051	0.888100686288616	0.701174984257489	0.913965720253591	0.608635521193648	0.786126235940286	0.683210808928176	0.799379936147355	0.71467908224601	0.62433897246911	0.621975225011774	0.748546113953181	0.874324735582157	0.612506468935631	0.849525762160773	0.498695143027362	0.913225693121613	0.813833326246621	0.885584334029981	0.942877417056942	0.905453906035942	0.778613585826777	0.714568294364535	0.815085275880069	0.911012610003202	0.831406264358967	0.747996565089154	0.791318676747074	0.899511654515419	0.774785594391515	0.879772032751711	0.485762615597037	0.857670591561003	0.760386833280709	0.839386884216324	0.770951904871882	0.622122464473268	0.54530678739025	0.867876506238721	0.844759255578894	0.864361220252467	0.9575986051184	0.90376688925778	0.832044972755193	0.81000953369459	0.788267880576975	0.807494530733577	0.773140289585721	0.770788560437236	0.847207910528578	0.893142059240912	0.755043995664937	0.847046585565571	0.576277215507524	0.913537719040701	0.615639061711698	0.854695406037477	0.710249626711384	0.808218215968529	0.842294303930583	0.511353889290143	0.481680139759516	0.692884394866693
"SRR13358081"	0.973870623326156	0.82745422102416	0.968865534662931	0.890369046958619	0.955350441407722	0.826052084674062	0.878083952053388	0.809940888829267	0.9607107097122	0.954548299976074	0.872799417660193	0.878921952659556	0.942958732406947	0.964722402701666	0.927941069931876	0.782157830287003	0.804098911063935	0.8896626308128	0.749680335786874	0.921517998064393	0.854637535326481	0.896252558048739	0.887580945187618	0.849900394411229	0.899620573910497	0.877012625409494	0.85677464733319	0.939369588543748	0.941888030621569	0.894290277262279	0.853077902343343	0.959535826569945	0.633496762957228	0.865271283110682	0.888607338399032	0.96567124977406	0.961917031685891	0.935907592353392	0.954340515327223	0.868307184064665	0.846723468817104	0.947879563873287	0.786633611512383	0.88498556346241	0.905249902577591	0.810777994491976	0.897894034018938	0.954795650428704	0.765684704042915	0.849706212113462	0.8618303014776	0.882607075776374	0.926956504073151	0.878188590253463	0.873616908780793	0.957609350513041	0.896137888063697	0.738118105181141	0.922247641267062	0.937204338920722	0.935754978817734	0.876064048058182	0.909059745236435	0.901916003763272	0.860259748353941	0.896017566992464	0.898947290505961	0.942265975110737	0.860783483654264	0.929703436318676	0.838405061951998	0.845365590992968	0.820089876162038	0.895500045000314	0.609956916693972	0.837645978221708	0.861346572426101	0.788771720242417	0.558041010225914	0.826542142723305
"SRR13358080"	0.990833624032364	0.984496881437499	0.997065735298976	0.999551050202264	0.998766248262156	0.995428003592326	0.994339041371199	0.99697977436434	0.996615364678999	0.992815422421373	0.993844517280317	0.991527354796133	0.993397385835	0.994033557766893	0.995850588009359	0.983615402090214	0.990299254243079	0.984932975591127	0.994519302623916	0.978495041410108	0.996985021781281	0.992733252699917	0.993338363565004	0.99219354573214	0.993675365966734	0.997760651259456	0.954062704133262	0.996385279392858	0.993160764039013	0.998643346099241	0.993813308414918	0.995964826841873	0.992996916076827	0.997813569872363	0.996364470402258	0.997139056097271	0.998577131188711	0.995784268174947	0.996549223193484	0.989755698347789	0.993037921813738	0.995166104875508	0.995638596781124	0.99277237736619	0.996505689708116	0.994391969187447	0.994649923479192	0.997764756261161	0.977565427516567	0.997176275492116	0.994873296993832	0.99593543892191	0.998401517948955	0.992832164211949	0.98942509555012	0.995750362589372	0.996633103614695	0.990205533153553	0.997948089167577	0.996254074575533	0.993598464493057	0.996334306981748	0.994056998641293	0.990499016017049	0.992243752183452	0.996302807589764	0.997337812563081	0.996797863276968	0.992801052758134	0.991992780884183	0.993090176440104	0.999135061563515	0.98112525586099	0.99661977133657	0.982649140145993	0.99201474171707	0.996327108533419	0.991784395969258	0.990646357126146	0.99511637507734
"SRR13358079"	0.997615209895388	0.982866516460943	0.998326229003444	0.999408658982583	0.998464006436133	0.991792888135104	0.994775523630706	0.99477905614062	0.998134953242637	0.995923742674924	0.993155331410375	0.990402441237842	0.993864026947855	0.995938703399116	0.995751665108832	0.979498662315989	0.987751292212813	0.980872458670229	0.992635155893848	0.980476372624359	0.995506504825947	0.99080959587736	0.993389048697609	0.984742387686633	0.994746816439823	0.996052266114941	0.953221595018681	0.995980283889746	0.993775615275478	0.998182791552698	0.981406920561211	0.997005551447805	0.988471608613595	0.997336725893925	0.995677303878524	0.997806160012265	0.999451344525426	0.99610738628865	0.997443595004554	0.986745235974721	0.989755760212659	0.996552428454332	0.991172828423332	0.991868459602672	0.995561291401124	0.991403104453256	0.992633036755583	0.998047669776094	0.957127401364789	0.994823198336268	0.992081225257497	0.995051009024387	0.997651815730709	0.99207759181836	0.987830051906828	0.996992864311452	0.99526264108389	0.986095643420664	0.997960290320531	0.996578868182438	0.989386181267748	0.993478643617941	0.993487600538575	0.989876117584616	0.990165382525633	0.994393399976285	0.996635378351225	0.997461954530474	0.991550742712121	0.994013413612099	0.991728008291864	0.998636871422389	0.968530454787979	0.995240658989266	0.962045419705662	0.98903748967213	0.995385926764731	0.980018854479175	0.930182551074425	0.991514882250477
"SRR13358078"	0.966395037398965	0.697628384128718	0.961517839770934	0.974619075273038	0.958301594952218	0.880716691894105	0.877682756635671	0.842245127334058	0.94909332682516	0.927175586611041	0.818296593265579	0.83475708957345	0.875196026128827	0.904830802073382	0.881306425965031	0.678276613965081	0.820299733392534	0.702564404167308	0.861258150890633	0.727923491179164	0.881698376796055	0.807829586339163	0.861782578342144	0.701075958472258	0.910238115747225	0.825923766941148	0.596098968703033	0.860235492625101	0.84098417075615	0.909710772795653	0.697400801450171	0.914798154210034	0.739982136067179	0.932765371615116	0.897305220476029	0.939999943819033	0.973654048605074	0.910314787326747	0.915965564028735	0.74948715328669	0.771592893275832	0.935727732335914	0.842928965501038	0.861745355201083	0.873998516603289	0.800859797035529	0.847753208699224	0.948610721673163	0.609088000846267	0.831868999621789	0.846366018379272	0.887729993586686	0.894162700899918	0.8484560102408	0.764989629020632	0.937657667636985	0.869363683795675	0.794458829810048	0.950782087572984	0.940041590770058	0.792007082734146	0.822549774518078	0.834325990417207	0.826470916682427	0.813933786185124	0.831814961652641	0.892929566279721	0.938103908100961	0.797712967887396	0.897873052494856	0.831899509897919	0.942791759569074	0.607597585747113	0.881107380594981	0.446005442580518	0.782107235072733	0.879784667237562	0.666293324264337	0.331076606285372	0.785743594362413
"SRR13358073"	0.782548016006311	0.708483679362517	0.867727758537921	0.977072337058354	0.858135049407221	0.877387884968005	0.813792103192794	0.895449635801233	0.866552296152771	0.778768731866071	0.816698284446439	0.801995012864466	0.782107107460766	0.605882348209683	0.827124129787429	0.73283220715716	0.929114253561685	0.790017747892774	0.895988253301671	0.726495967544532	0.906114147066936	0.838183324857863	0.858458377203821	0.714418413793075	0.865858328049351	0.861741077457648	0.627196033434728	0.843604224634832	0.814039171485702	0.932543987538759	0.763003000929303	0.861782201370701	0.898836232685331	0.915305131781658	0.897579642546241	0.866623400415801	0.91501063475291	0.842793419709152	0.850035275268994	0.78131939750671	0.7659732048753	0.853660482557786	0.852631044159638	0.91016021831332	0.900159266358451	0.880098324280464	0.835177262717102	0.89402689204684	0.922537283584545	0.895383407431482	0.950927989098463	0.924945870070822	0.854883862015724	0.84042042576239	0.859676086998702	0.844633369765498	0.83476705365728	0.850817625799669	0.928178512995913	0.924844080310784	0.755281167825185	0.841185868311584	0.836715206995404	0.83616128787905	0.837833787501109	0.852542302489048	0.900687045605254	0.891186706336685	0.802395665074269	0.782040692938831	0.869927806525153	0.973701095830803	0.78643765492817	0.850138524504267	0.70761641736922	0.866372407240564	0.899645103251656	0.845737859195011	0.680473647021946	0.885655062566466
"SRR13358069"	0.239667372529806	0.0973158512728962	0.140818191356341	0.0850522899011165	0.10386760610442	0.128496761140974	0.0907560826576621	0.143298652622562	0.110584628092927	0.145925814826909	0.139285587108851	0.233709076495445	0.118068434768872	0.0919401567547631	0.112038100013955	0.158933468259285	0.140108632320386	0.13249194184299	0.162887850850403	0.123806028896785	0.175548869339163	0.0979996439013599	0.148568468463532	0.127092941640772	0.213616694603421	0.11372412488288	0.154073714955448	0.0906478416689287	0.120212942471534	0.106795066891599	0.119252502529731	0.104445636847852	0.0876420191639355	0.109099916099739	0.14017142387135	0.106816216554411	0.127161508151545	0.173151979518088	0.167793877764567	0.179787107626009	0.20093132000567	0.211975511990894	0.130900241679717	0.136249083640316	0.118874010940736	0.144269814826129	0.141742760816783	0.176781415414422	0.0909743546695433	0.130276258660373	0.0914115782040626	0.134799474171449	0.117709890643467	0.143398702505269	0.0876894644276469	0.167229852005371	0.160126877933469	0.0933863749516535	0.16550135360218	0.177964437338456	0.0742148934121586	0.115074040049951	0.160197045691657	0.155926618621375	0.153195636767847	0.113218102857163	0.150540392771242	0.131729265328836	0.160200504819387	0.194554152486141	0.116923448711513	0.0939267198468187	0.124576180160953	0.167117004400925	0.175351964622966	0.135516929713224	0.123913327792334	0.123910162170524	0.143664019558948	0.109722510234692
"SRR13358068"	0.0445034837470301	0.0126408996996663	0.017434371926958	0.0151522452956028	0.0136844793438662	0.0188909923093993	0.00905859193599665	0.0155273604238972	0.0105470884881506	0.0132981476494784	0.0113527468811331	0.0253915092993508	0.0177352050133164	0.00879919938027721	0.011513396239184	0.015940221086322	0.0223659182719759	0.015605013942174	0.0219680906331609	0.013444596045733	0.023419090413255	0.00915174605243487	0.0164207744298755	0.0117165874038623	0.0243467670254411	0.00750729653298442	0.0179360414073473	0.00579780413263712	0.012694519227502	0.00889613463236137	0.0162850639347364	0.0105714827395516	0.0072929395297044	0.0146292836535249	0.0145644343386449	0.0127943452551255	0.0159291176705596	0.0200694625781489	0.0136820814548041	0.0171158998729661	0.0183014902980439	0.0259701835508416	0.017885066738855	0.0184650036174018	0.0134462399914375	0.0157948244493886	0.0177197232476874	0.0228115660611487	0.0181500916145353	0.0153652220959923	0.0166303926089435	0.0171403783963376	0.00799909678222312	0.0134278260089798	0.00940457095610832	0.0216588592444473	0.0146171903828539	0.0116672645243163	0.0263721365066436	0.032282045727513	0.00744751476488096	0.0112543913683555	0.0170701160145378	0.017600776624202	0.017453259255492	0.0121170687690574	0.0175817801757373	0.018054443307774	0.0154617599749565	0.0365355738397021	0.0115674514405092	0.0126802302200483	0.014545206804051	0.0188842101052936	0.0151335123024352	0.0152271119297463	0.01326809750073	0.0139164871775204	0.0130444676029245	0.0112593158222323
"SRR13358067"	0.0739860769430592	0.0157848137687006	0.0363496131188589	0.0157775278044369	0.0245446160548546	0.0408530713483923	0.011846152827235	0.0284013770448502	0.014954560695042	0.0327405640953629	0.0295544847284893	0.0730389382318702	0.0321386602879256	0.0172090950661721	0.0168783651297167	0.0263505426078508	0.0525652865639957	0.0277303635569195	0.0430818537805017	0.0458465165503003	0.0415791784408176	0.0205468001272672	0.0304447463878976	0.0260803624351143	0.044122217459946	0.012609946459653	0.0523383400981745	0.0130101993267815	0.0221089035283501	0.0158567104943699	0.0236490388406322	0.0215901972181141	0.0135990002183314	0.0220102087860774	0.0288778504258571	0.0227471704169864	0.027020857911107	0.045238941826201	0.0328420690655539	0.0375576412417759	0.0435352534176686	0.0605124302525399	0.0298371902592426	0.0393549308509797	0.0209025605602434	0.0422349302781079	0.0284107497637018	0.0293912775980749	0.037643975074931	0.0213852955657557	0.024723642809601	0.0343326906734333	0.0123019269421645	0.0241718833311792	0.0185719424367735	0.034650059656512	0.0302723107971962	0.0299761695845164	0.0430963614460168	0.0530847985960759	0.0240909501454488	0.0233865144132935	0.0273439412001474	0.0515037082639202	0.0362016552777999	0.0169843107924635	0.022365794343477	0.0308523969456969	0.025604401053685	0.0547905229761934	0.0175772783696841	0.0137502583147746	0.044507815415005	0.036217174437544	0.033099035903166	0.0387957182652382	0.0274202688005636	0.023947389987347	0.0338068178988251	0.019127586344543
"SRR13358066"	0.0430295997462484	0.013909470113683	0.017077179489141	0.0114451455144814	0.0137173738047165	0.0164413606857042	0.00926995861367661	0.0148013809463064	0.0107199584065587	0.0138537055408967	0.0117040306156791	0.0264382078986443	0.0189774268631707	0.0093259913394872	0.0122150551567549	0.0180275900909611	0.0159254285842196	0.0165947564689478	0.0193808424196773	0.0143407385462968	0.0222783942511643	0.00899211888536154	0.0162248060434883	0.0129376379617825	0.0236285141272577	0.00794481296979373	0.0210791669369742	0.00579072157976133	0.0138978676292967	0.00830190229764408	0.0175467121012654	0.0107796946536455	0.00614945382902357	0.0133730458154311	0.0136952162188192	0.0129857279426705	0.0150822168027595	0.0207079807184933	0.0130784034389229	0.0190388539439352	0.0211517325091213	0.026348126153661	0.0170801781098586	0.0164061871208414	0.0130513856182108	0.0147532009577274	0.0182183142436259	0.0232943208389397	0.0146904280869243	0.0148434600567617	0.0135539498518173	0.0151854715356751	0.00858142372793778	0.0136876384329272	0.00893420644574497	0.0229240600827044	0.0152704683768508	0.0103981336022653	0.0239459975262305	0.0294369900903123	0.00759617597492672	0.0113497507408252	0.0184460770667885	0.0173334548233882	0.0173789664312366	0.0121679664577554	0.0174992360023804	0.0174154907979269	0.0162178689777724	0.0243337969435931	0.0112244024608091	0.00997746391351925	0.0131206555998074	0.0189703116828872	0.0179363891740268	0.0143013789746903	0.0121536783967636	0.0137275975262359	0.0141774905516159	0.0107031102492344
"SRR13358061"	0.946397690876845	0.593829487362391	0.933690276448662	0.947261061897235	0.924936572125192	0.809279116877409	0.737592151840215	0.719831069288752	0.898732338167026	0.874155580008077	0.696457955045872	0.737233267021361	0.807255049315919	0.840390375070452	0.784176686280626	0.668144196523622	0.767744287758093	0.571717323896147	0.763332914628802	0.652063629495524	0.791126214960848	0.702485472539421	0.766396725847939	0.554237396766105	0.841437419873522	0.666053021983101	0.640631440086727	0.755765584130152	0.743357885433644	0.819404051777904	0.564010691863518	0.857594313453885	0.573467483825896	0.876994990914758	0.808837861526401	0.897067387936096	0.939147014581876	0.846762772250798	0.851679154854599	0.620257845103578	0.629048310904442	0.88989700917802	0.699667020132607	0.795970918871075	0.78234743957438	0.693682098861649	0.747801798901005	0.898619432003094	0.563157780141738	0.702433682293092	0.784132802136365	0.819045095697691	0.776885706537198	0.704004580355598	0.661398282567821	0.882481755119753	0.762333372031319	0.687409972901974	0.911127518206633	0.904147153428106	0.707724533334456	0.707505005208387	0.714447923914614	0.749932367504199	0.705998264214672	0.708569861528117	0.79377429269408	0.891960468509107	0.6366786670921	0.864336695997513	0.676853569802099	0.882877299980353	0.527700214815725	0.790137861512012	0.359478747180664	0.681524938409951	0.792833514257698	0.525920777829711	0.213450798797568	0.656199061878519
"SRR13358060"	0.384994377439971	0.107591048163338	0.513401182314489	0.738176378786071	0.6081582714797	0.348677221701134	0.106325800360159	0.340587381555869	0.144679776148547	0.185875405469894	0.228511529817953	0.353492349746179	0.398137411153072	0.143713388013969	0.167129996100908	0.133612261218809	0.295007713382263	0.114286209318768	0.365103988157207	0.226699239188961	0.434116073193482	0.119768856653632	0.195169601322049	0.145056031405755	0.25565947779778	0.106095205809461	0.196269932552017	0.0850747490844108	0.185890687431593	0.315760965672083	0.135463221697697	0.280179010777029	0.0562868068471527	0.408711969909357	0.251910241133679	0.389834186717489	0.52246447390474	0.438128889159	0.291299270771877	0.191642555650599	0.273866929313756	0.433664265220831	0.312914870656053	0.254929385491947	0.210914518571634	0.394396054908821	0.213327234066067	0.296441971168921	0.135643440708175	0.291397280125727	0.260378289462559	0.324019376527801	0.125174696495434	0.107215445234331	0.097377422775235	0.331748039287377	0.254438673725716	0.285103222366583	0.577579770649283	0.429015314402239	0.274602881944351	0.242960526501403	0.188991839650685	0.316133743927179	0.218500821175263	0.181871891045873	0.217320176199544	0.465582797462493	0.14395591464475	0.366510069610334	0.0850612814395508	0.336564763529913	0.176278856114577	0.307386851851052	0.151818973847565	0.286982723163942	0.301774280670565	0.0871603723855781	0.0877610235831638	0.14588820013392
"SRR13358059"	0.867916820608594	0.366431739491767	0.755754021734097	0.767774787645348	0.716685915039199	0.503005780139417	0.290677086382792	0.329113362259682	0.552677668741499	0.629132313216811	0.380966919108731	0.410237200642363	0.591501514177915	0.55355066567928	0.376144771921277	0.308680842523613	0.446828003379801	0.291646874843517	0.501900649357739	0.349651844021833	0.445357396019103	0.289644740625366	0.433657434806082	0.225966047548819	0.512006290992794	0.195269514149651	0.359115418853796	0.284842332058634	0.352739492582587	0.389555033716915	0.208933109092449	0.546248295078184	0.147418441923624	0.534783190678657	0.424864526266365	0.634622530198653	0.760160497877413	0.579479255608391	0.501086891896475	0.271934257952475	0.230680606054161	0.658734756458331	0.332617313971229	0.446866033750061	0.371084494247661	0.406286340836162	0.364766643700795	0.602307515229965	0.238074166629484	0.284727590043424	0.415921711848297	0.468650446275387	0.299572476698299	0.272098661510043	0.250211032467657	0.604668439166115	0.367488501042398	0.416397095982778	0.697849441765681	0.690687570277077	0.426711549215735	0.3603810162367	0.360839635867093	0.429786319764082	0.380070703004481	0.27376790300852	0.375042129466129	0.636445255747112	0.331832418806208	0.578823827735073	0.241911338568928	0.516916661431276	0.213786907657706	0.48400581913905	0.148513139702132	0.345428337080857	0.45725921864447	0.159239514100923	0.0547308920482122	0.247891839383846
"SRR13358058"	0.983539567560285	0.844075836855709	0.981374336508435	0.95246278369881	0.985522835489056	0.931662945210037	0.915242931357261	0.927500109342617	0.964692833512147	0.971869204603922	0.941628442063731	0.956115694505062	0.964574482274296	0.960660628260237	0.953379048590972	0.847089579637668	0.813590914308328	0.86455097214361	0.893365813236071	0.925468284677771	0.943682607508613	0.911109336951272	0.922785823623973	0.940144122383439	0.942188236717307	0.945972798177749	0.856831493156769	0.953526330284781	0.945688777500319	0.950062567817732	0.928200258461127	0.964869526264044	0.703665512025477	0.898371129825122	0.937902245417949	0.976391969445238	0.982644788750204	0.973051479365201	0.977043865723689	0.897669494685348	0.910566435103836	0.975791841684528	0.922309780056173	0.887321009860588	0.92827117425581	0.914186786416617	0.941340396566913	0.973462644661599	0.557031932809062	0.911151924597944	0.795543731985499	0.913834595163804	0.969359840027173	0.91089494637059	0.838037504439196	0.973641588261049	0.964594139703514	0.789139455339997	0.966809223964674	0.953592921571182	0.954088317352668	0.948035323569203	0.937112771337196	0.935765438778968	0.918326442256902	0.919193188323736	0.938634813259638	0.965516251204149	0.923341725947657	0.971366522209398	0.858078588214733	0.898152461775537	0.859679631378184	0.964265039074271	0.809438497089939	0.893541299952315	0.927982918115729	0.841566292096759	0.870638688934258	0.8765659147781
"SRR13358053"	0.126210182177775	0.0361513336509938	0.137543116383364	0.177048329688254	0.211157277215392	0.173103549126618	0.193165245198941	0.209825996234453	0.113542991782137	0.115016459090976	0.111044579175383	0.133415589688252	0.227760351767757	0.0932923633771547	0.0788968230225305	0.0616979681929505	0.108308929973751	0.0588151154383269	0.184040086245916	0.133904742385831	0.233043019346806	0.113143442697066	0.103903410131337	0.106842638362642	0.141457789596844	0.11769742751679	0.1479654574207	0.0890650380529351	0.12883681949215	0.1490293653067	0.0891378350701763	0.193263146340135	0.128385597671942	0.18069979122081	0.0940044353575076	0.170040279610152	0.165661474462419	0.155529126287523	0.0992679318370206	0.0917456255022462	0.174989117395677	0.122474155726096	0.177243406353784	0.110437140449906	0.119873255362667	0.127176353279512	0.100548814579754	0.133004060187612	0.178857288249774	0.184201991301548	0.127852550256858	0.13689149077095	0.0703275068063395	0.0896054721196772	0.125166767346924	0.105696001774701	0.132579114111661	0.167091897683312	0.18565545045876	0.251848522319087	0.110399985383745	0.117200439161491	0.0832160829962921	0.117315980152423	0.115239555135774	0.109976379973823	0.139747617319084	0.135014249321682	0.0711480741594383	0.0936316357574781	0.0989326488637925	0.194134352585177	0.15402167591142	0.211089213866027	0.131707482254799	0.129631884231848	0.118680557261273	0.0756163152227252	0.0956712889835208	0.106300400158414
"SRR13358052"	0.0837664237687752	0.023407296869273	0.0744494945041681	0.0320844407313002	0.0497396718466841	0.0708855008051072	0.0325208807904011	0.04143712198754	0.0217691124873112	0.0395863838246079	0.0410744114141783	0.0874996493378238	0.0658865073072363	0.0289765056569993	0.026888686354545	0.0359702759506831	0.0829617522251361	0.0433313828772369	0.0510883765509778	0.0896234241466528	0.0628217006232188	0.0418984509972035	0.0419596039586197	0.0511926366281798	0.0506858172170922	0.0176872639205157	0.0962277122448828	0.0211295067921549	0.042811231645885	0.0269362475983714	0.0417377414982587	0.0430570022914391	0.0392564003297292	0.0349761029745495	0.0410784969101036	0.0461297664631568	0.0465589921140687	0.0691409498881869	0.0441343419986759	0.0575151799019804	0.0575072930980904	0.0800258533228393	0.0430116048047054	0.074356792760486	0.0369036192065102	0.0674557550481499	0.0439573774549415	0.0424703015921134	0.0978521145356267	0.0348792415657491	0.0608329921065536	0.0582143743892952	0.0165065573713977	0.0311841359620238	0.0491256452959934	0.0533263931258861	0.0397570935070646	0.0487684260870966	0.069311504551712	0.0915674365314003	0.0470404270115661	0.03864579072272	0.0414495911134591	0.0842638648704531	0.0514467164382888	0.027942347390337	0.0335246740234799	0.0650274329829983	0.0330931817940188	0.0609813104312386	0.0256210711148383	0.0244517087951335	0.0789146306675718	0.0504190806031206	0.0447860276721904	0.0646184770490316	0.0411384504504792	0.0376280614789582	0.046674949869311	0.0315137245850224
"SRR13358051"	0.0323388256690321	0.00696519856619414	0.0200529349220046	0.0118642034254336	0.025655479734275	0.0308776532020514	0.0267624155556339	0.0229766408305931	0.0190074697938604	0.0244907389691476	0.0141597824217547	0.0215358688712515	0.0405976962173423	0.019446331042753	0.0112647415609323	0.0118542331614167	0.0245482610264183	0.0135538530415336	0.0253635676174163	0.0343082419688299	0.0281990117390951	0.0220139960273176	0.01742551817077	0.0161346200207176	0.0262505631123403	0.0121956742410352	0.0504617732196605	0.0142538883539806	0.0226310604620013	0.0126281944612722	0.0172880320667269	0.0332653975537056	0.0167083912470066	0.0238069907028298	0.013084343734494	0.0263802409247068	0.019611824566754	0.0221185111300949	0.013159322111481	0.0157318318481427	0.0254282268512071	0.0201868096067962	0.0240886416342488	0.0228684122939136	0.0173936658560768	0.0156038519739217	0.0167640941954282	0.0190334383857358	0.0585017047868342	0.0215402519979689	0.0265009924139457	0.0215650098348968	0.00716895544225368	0.0157349984760959	0.0265430431049806	0.0170193504126268	0.016659998054738	0.0303405299675284	0.0224639580969635	0.0511020605651008	0.0215959035940984	0.0151543851366551	0.012172644071968	0.022589388086591	0.0195981945285709	0.0152117512118221	0.0169285839178562	0.0168231423259314	0.00944913776082472	0.0200664404474569	0.0168327323330341	0.0183669735690203	0.036325542989789	0.0293249063281224	0.0180516192343441	0.0199604385167949	0.0151421502456412	0.015103235647045	0.0155690496825997	0.0157720644704287
"SRR13358050"	0.558878580311866	0.543080545214241	0.65471851065455	0.809324391731723	0.6478016050754	0.692590354749275	0.792681306203126	0.768996319324502	0.773127107162719	0.651770998420267	0.648693386035046	0.602727776175611	0.638763652426619	0.686938309148051	0.670202543443328	0.630763147177993	0.739358373075008	0.68035727910807	0.725917976869547	0.582072256055486	0.75923673644806	0.738398748503104	0.708080853365289	0.608412956901356	0.725188845817953	0.794210381173016	0.592524728164222	0.765243464031642	0.715391291348888	0.803576859180869	0.636197553359393	0.761949356878506	0.839978924230495	0.773615908562798	0.714840672074364	0.710248083761161	0.716161780196734	0.641109469598284	0.676439760182873	0.640669409179331	0.696360905076856	0.624521131511991	0.695136029964208	0.742859865943026	0.771491381847627	0.650022443648632	0.673832521398331	0.759125884334352	0.821179992465297	0.812536985727946	0.821167086407478	0.764778360990289	0.739384523746739	0.735184078298128	0.780771297270965	0.647443982680185	0.689779642930588	0.686726672829498	0.719551396950143	0.790898126970356	0.583167296586965	0.674008501371132	0.686393291617864	0.630256645889432	0.679763740513438	0.769892314633427	0.792891029328358	0.667988317888188	0.658877006484247	0.546513954349301	0.78740920414998	0.888166730656838	0.667033730961458	0.726504907464431	0.649959284217611	0.680593827040541	0.71470261809453	0.728453844203249	0.60051096747806	0.763308896955372
"SRR13358046"	0.00661381420734667	0.00128857753112439	0.00206380467387701	0.00203027632823748	0.00438606130889387	0.00639372121467995	0.00667758058342954	0.00620700403293644	0.00989155565687536	0.0103884465344989	0.00260423058336663	0.00354234997080849	0.00447648943862618	0.00489267718725915	0.00250136790541312	0.00322426992540178	0.00314921617271983	0.00181459670612995	0.00944368146352141	0.00311386809581412	0.00451436217600223	0.00385335455122867	0.00459536365329489	0.00189282080403796	0.0115138890116466	0.00445062226979373	0.00893433761406527	0.00383281910755422	0.0038227650956642	0.00250389508114385	0.00299128248172645	0.00705923178253461	0.00262339257979326	0.00882563845698401	0.00266198443986788	0.00454261919759236	0.00302225095477753	0.00308396916206925	0.00216041427981802	0.0022736341532401	0.00631507957078254	0.00312837873272082	0.00705723222425648	0.0029302774123767	0.00327736107920271	0.00156413361964737	0.00344073977883395	0.00446576594949125	0.00513794390784898	0.00731567265203808	0.00281322349170424	0.00334063720015221	0.00238371126897251	0.00551640321396667	0.00334300629235549	0.00281312122873432	0.00424739402680484	0.00792134224444259	0.00284842689347542	0.00634438144261352	0.00227051346409692	0.00250243134098088	0.00200220265324664	0.00248915462682236	0.00420955137065794	0.00545939163054491	0.00374998756611716	0.00171171705115698	0.00198727817104389	0.0041626854577559	0.00676254387503258	0.00507941313064597	0.0045290115709709	0.00623639070624101	0.00408513265204136	0.00251851861488391	0.003020266100033	0.00317544394257608	0.00252775415155732	0.00363160227394783
"SRR13358045"	0.166183934526378	0.0587483616418683	0.117824241920846	0.301157182131417	0.139137465112213	0.119259200926173	0.0292500301395712	0.0912955832670616	0.036830815411154	0.0477197971563816	0.0523109926319943	0.0946804156371178	0.102318601575982	0.0367243543272781	0.0384173367073018	0.0493333809441807	0.128546289467146	0.0450216599941089	0.14884757513124	0.0445261663283029	0.142028057750726	0.0311969926163072	0.0613590795870714	0.0316506431892984	0.0884564880329041	0.0244785760804993	0.0599268376874946	0.0178389254929333	0.037786262645952	0.0683277847247128	0.0371160627532724	0.0543942242794832	0.0305104016878781	0.154767157260864	0.0718782823433793	0.0734922448361994	0.134057974546682	0.102255907130726	0.0546761598083155	0.0511014151670966	0.0758043131045325	0.11889469892436	0.0913139027561553	0.0866134108365118	0.0573699168878326	0.114507301589883	0.0576482731672811	0.0934244474196516	0.0713782102565501	0.0876236096203132	0.100226868531967	0.103143122679931	0.0279944729701503	0.034763944632291	0.0306566542324185	0.0814802183723639	0.05861592370809	0.11012164925969	0.210877847485442	0.181092738255008	0.0537214589274427	0.0531470398175338	0.0499093474496316	0.0773605434830432	0.0660517816492629	0.052792103397992	0.0749943251975802	0.115442187550693	0.0380898151549109	0.0949620071214068	0.032072484615876	0.132310860902411	0.0456915861773029	0.08560141847565	0.0465667852959552	0.0792733157112142	0.0822903082448418	0.0328740029377136	0.0262598204621172	0.0438204533094293
"SRR13358044"	0.417466405073322	0.102533165791171	0.389054126417599	0.60139946561177	0.449592067786369	0.265619399657142	0.0911303559593616	0.225142373066282	0.137025848289948	0.161760349810293	0.146878394432096	0.246722328712325	0.274287611552529	0.1042767898377	0.126096011632551	0.110635292632617	0.205507783111921	0.103481758271914	0.279570502639951	0.128898155787862	0.331624561281114	0.0843444522614691	0.151716220890396	0.092090748247232	0.224774795678813	0.0763918794689755	0.129730188333874	0.0613106785704782	0.120605918655247	0.205194767410013	0.0918644156003482	0.184511781901779	0.055872334473157	0.324599151802153	0.188492855253557	0.267536443588683	0.424403574039452	0.312608714685392	0.190123179932303	0.125574539983947	0.185178525044229	0.345763304029802	0.217176249777909	0.185907306987556	0.15359468468839	0.240784093285645	0.156923540539967	0.278587197889843	0.0954763802949405	0.197930211768561	0.182090155253482	0.23488961177709	0.0984084012064835	0.0900568122131393	0.0718165157463991	0.267102993554882	0.180295415946306	0.18702950175169	0.490996436465058	0.405468615128	0.117682049585139	0.152668106722627	0.138398147249045	0.200883153145598	0.155439523291452	0.129698404392458	0.194483580919577	0.339909468157104	0.106147454680091	0.260014951162921	0.0746140832205098	0.28471465908656	0.0973619798168196	0.244458718282827	0.0910233448280833	0.175911061492806	0.211290358604434	0.0647639419017198	0.048914141127503	0.101791955333899
"SRR13358042"	0.146789844289501	0.06403231552301	0.205542763949703	0.45643517341334	0.2483685473126	0.176722664894228	0.0432044938585964	0.148812579415794	0.0558370073696609	0.0765825733672795	0.0985442994674673	0.148834287444146	0.123071233544975	0.04677420111292	0.0612307290058992	0.0654413318529137	0.175370425219639	0.0941656634156102	0.21560271960245	0.0846735963804687	0.183569603350798	0.0509744949939725	0.0976056387489576	0.0596248766633234	0.123869477277211	0.0389472407280631	0.0816599220051448	0.0307843372920318	0.0655088551458554	0.11749844110418	0.0584896904342448	0.0957358571502698	0.035137592113671	0.208100285150488	0.111058762058745	0.135885545027272	0.20763053983802	0.175309183901891	0.0994675720302204	0.0962939703952062	0.126121084065173	0.182133061541203	0.140119161699827	0.131475393331319	0.087528661901371	0.182599864332875	0.0899989694237906	0.114106900361172	0.0873229321117375	0.136927203289715	0.144813453597191	0.153499890433828	0.0450729542411521	0.0500828246025994	0.0456683958468236	0.124156272216583	0.0950369817521235	0.163046663542143	0.263442900153031	0.184892352436614	0.0697282993947848	0.103137063031838	0.0905291559782065	0.135618623590071	0.106402542321785	0.0794747574044937	0.0850001689686435	0.193978601273449	0.0848122343759063	0.162510772849439	0.0463509490289248	0.170572658799909	0.078680657406703	0.127174355481876	0.0787588983373359	0.132733323365386	0.147459730402621	0.0472735992565899	0.0409046551692235	0.0710264577341057
"SRR13358039"	0.901172711014935	0.418650804801056	0.571003592214926	0.529115413408684	0.494781181075774	0.352020508573126	0.222132813307177	0.160226262815974	0.496760171776118	0.553773628977649	0.194109481843506	0.23096431587443	0.423615744658088	0.58818621336541	0.259798427606434	0.195531862761804	0.3714857425279	0.129122568927559	0.360801903490843	0.185159768476521	0.235508977684096	0.182712899753524	0.309134390509857	0.0991739588124807	0.426118805726315	0.115183081760221	0.217252036879459	0.193556315422572	0.202892786491856	0.201783642278481	0.117919843124078	0.365856631384766	0.134836599138856	0.48095359454512	0.28629885763243	0.412325377950477	0.559712377511985	0.329657612886619	0.334334532664745	0.132421790774022	0.127494023647319	0.479522016237011	0.184281270058431	0.305467992635277	0.230600205071735	0.213297644261719	0.235653967624544	0.477843248805944	0.133147029980642	0.144631869902381	0.255584954751905	0.295434225753693	0.198765167384848	0.207526636428116	0.160567431581842	0.444800018297201	0.216228129927741	0.325093868546542	0.483644190200594	0.520009418825712	0.28915945103905	0.163496213300018	0.19666023095362	0.226178465169173	0.240072717992106	0.162124655796312	0.244817902248701	0.426342018647362	0.138602018206265	0.581755643370973	0.186096785867151	0.350798425944981	0.105283342388977	0.254866651603685	0.0531608910372112	0.181697916091766	0.248604662438186	0.104993833755889	0.0226921765249319	0.140230081484874
"SRR13358038"	0.978085816274128	0.958645664160682	0.994669836593271	0.998579813086471	0.995055120675952	0.987287918366856	0.981415689041121	0.992041233847996	0.990130624084812	0.985891526474416	0.988527018155142	0.986257957138745	0.981305194490186	0.983831758353285	0.985636455608857	0.979602091596078	0.986205571385405	0.964282003408995	0.989811292173657	0.973546089062612	0.99147696649613	0.982257258326448	0.985666329555984	0.972992729027233	0.98700007028001	0.989979381118735	0.965819839779011	0.98838843250038	0.983571744715682	0.996242224322431	0.962175968020145	0.991588626587002	0.981856432528466	0.994069429177092	0.991370164768527	0.992700865491205	0.995761791135055	0.991143965330864	0.99254253606507	0.979670314560381	0.985362052277472	0.9912208881435	0.985409809234032	0.987766173473239	0.989458363258624	0.990946866448693	0.982566539487605	0.990944819309341	0.961963434279715	0.991240274378465	0.988454302816667	0.991905024138838	0.991732313496243	0.981472324181151	0.977455487090959	0.98874899183814	0.989587684257174	0.985279053637834	0.994338904868188	0.989020945657433	0.98151400672056	0.988177241736073	0.984302777175777	0.986376696784828	0.98326199463143	0.987677514690972	0.989003252546641	0.993197873046631	0.981295802234525	0.973666166076154	0.980878178126819	0.996525316403238	0.967953567491926	0.987591433889484	0.973746368700625	0.987164989846649	0.992091709297572	0.969978989399462	0.945473912489127	0.985478919733538
"SRR13358037"	0.979403972139491	0.940602162852609	0.994208322033543	0.997826971376524	0.996019891919176	0.975836297504977	0.969688197570325	0.98169705820891	0.987952201876162	0.982660303426937	0.976722862178291	0.973909273423385	0.978981694552168	0.942894573301383	0.980442613054848	0.949075819175584	0.960967525419612	0.942386907886613	0.974824870374477	0.962681959813515	0.979549071696883	0.96432745229673	0.972659052734431	0.951326579278758	0.977447582094701	0.97577865091622	0.939573416591167	0.977902754277318	0.978532021930812	0.99181612443531	0.939626743453895	0.990111358183072	0.908644534873409	0.988866980258602	0.982121419267765	0.993304852569942	0.995116349566535	0.988217869043528	0.989655754948754	0.958387473947694	0.968598466432018	0.988357056928876	0.972118737041219	0.973431582179367	0.979584726671144	0.978279441430524	0.972782165881503	0.985824711607201	0.860846392445906	0.979956007211725	0.971328864166826	0.981660347202736	0.984235785666815	0.959083202079767	0.947237911295456	0.987681532765268	0.981534436897689	0.963416944427995	0.99020650546589	0.976470743657826	0.976010608680699	0.978510461602883	0.973967951563472	0.975903008299336	0.96666595906789	0.973349135572672	0.971877934676138	0.992328992048944	0.962129714167719	0.977965645369405	0.951416174370826	0.989237018493171	0.927466732898188	0.974672966351596	0.913931313217089	0.970900753024638	0.983269279734211	0.917705770749369	0.820351228465061	0.96366978836135
"SRR13358036"	0.998820131273991	0.997011949183418	0.998711084976998	0.999172563196592	0.999180717229132	0.997817569389261	0.995642413089007	0.99594147858703	0.999044670692059	0.999482452455122	0.99636646449887	0.994887973970719	0.996250047209839	0.998757079755199	0.997050324354793	0.995199361539677	0.996207455855269	0.993175712300417	0.996329988643964	0.991794291251128	0.995998901034317	0.996667958625423	0.99682933542946	0.995005568016051	0.997093428675162	0.997794871285236	0.989870534556074	0.998614385495384	0.994942710697276	0.998422651693244	0.994334447785681	0.998121883772012	0.995441531114478	0.998229275409013	0.997730404613024	0.998347414717412	0.999342872945479	0.997564029077518	0.998309966660428	0.990724972716299	0.991835261813192	0.998519769129601	0.995194235553537	0.996239000180533	0.996917697584319	0.995958638645726	0.996514769244836	0.998248516805222	0.98535715917903	0.99471306949496	0.995469098465953	0.997123875108946	0.998708874794991	0.995722178284012	0.994170462193941	0.99762078502937	0.997940644208676	0.996913463616945	0.99861062326867	0.997549999688971	0.997813084315897	0.997105853171324	0.99534547190535	0.995942968633928	0.995323209220764	0.995104920186373	0.996445785697069	0.997708582009383	0.994870599965068	0.997295538545135	0.995093565356494	0.998742525931701	0.99104546781671	0.997194506056858	0.981851654000713	0.994538045679838	0.997258555246288	0.993495894590712	0.989538992081194	0.995527407138999
"SRR13358031"	0.861165268982824	0.261829861902587	0.740571593101187	0.402886811779725	0.704285556343732	0.315147409631243	0.307826724074141	0.293535011188215	0.54054933798715	0.606931792595283	0.366663767607685	0.500735222253304	0.665012242328344	0.553473831431095	0.455511072261991	0.248664819518884	0.189358882745924	0.284335370333316	0.261914390355256	0.461729847054502	0.412880593703597	0.270789957631465	0.358843398403436	0.333855203247571	0.454890217863745	0.260945713853019	0.364576708250512	0.330290060755184	0.493305024104404	0.32372684769853	0.308062718517638	0.567371119831036	0.0551023219237057	0.290276135434994	0.345220615879945	0.669521450183357	0.69695353092704	0.633945502864316	0.613133206459697	0.327443803329318	0.336259940632268	0.682842927108564	0.299134900828261	0.291149052259229	0.341479758588576	0.296753200527389	0.413424255773228	0.635242412834036	0.0884905904053693	0.290607065635964	0.182780870631072	0.315635517458481	0.394264659469296	0.286759058429902	0.19863012840285	0.685177108725369	0.448397717604544	0.159079380459448	0.591522504302768	0.574160681280912	0.465183170494106	0.350467654487494	0.424459968922161	0.429590824966909	0.336920950186839	0.325634065330382	0.391088839482614	0.604260507764031	0.339513412222342	0.675628858188896	0.190486157460204	0.200318862630975	0.229608003267844	0.490361806195035	0.163317275637171	0.277713946141882	0.312201994573712	0.152073076501516	0.105068113880225	0.193694911532494
"SRR13358030"	0.114310250431733	0.0375337008394726	0.100381283594743	0.116257357924444	0.160657735994467	0.163259710114529	0.239884952527172	0.195199573836393	0.178218369506192	0.154562475358707	0.1027547380569	0.10281865248511	0.19166861651837	0.135196857399114	0.0863549453957062	0.0853867952297507	0.11461280376266	0.0630258230126537	0.175427063887299	0.131743008552038	0.190073229335478	0.151893593773372	0.118307335727503	0.0957351897193008	0.165952638889076	0.159356341436142	0.198988658135856	0.144773235280651	0.146055625582653	0.144003950013858	0.0958308773085067	0.22773322802121	0.1759835419792	0.207057366734044	0.0949986598679248	0.164944826856666	0.134071239025351	0.118081407386133	0.0911716480542766	0.0906036918290425	0.175307066789184	0.0955328684936829	0.165278869499881	0.118207185823424	0.135732365403407	0.0897168578201608	0.10245002541347	0.136780023360999	0.236637390968365	0.191934724797684	0.152225336404054	0.137668154875818	0.0861897780118884	0.126473918013565	0.174195180751287	0.0922883156543878	0.127443321928373	0.193066670468177	0.130232521657083	0.247022597371847	0.112426088653427	0.109301940564303	0.0794783047793587	0.101859098307474	0.118676491841729	0.134294303441529	0.150298810642699	0.0906052214372776	0.069773862847556	0.0767602319144178	0.156542794538598	0.226221427925716	0.162645841793572	0.201329457848186	0.137863541889958	0.112283271509969	0.112805199740243	0.103266361500268	0.0961988754581703	0.132300739256586
"SRR13358029"	0.99444871534217	0.965100821577037	0.996520340092364	0.998546136856537	0.995801410871062	0.984802337195343	0.989442314846335	0.987901070429906	0.996424178075989	0.99259366891144	0.984808099179261	0.980414832346074	0.986712214388864	0.992203216157463	0.991096849588478	0.967826506482836	0.975261590123557	0.963843579826594	0.985246460550732	0.962054699098237	0.989827686601358	0.982168578463737	0.987101509770195	0.967843780459862	0.990390772978171	0.990710855222691	0.93053515055689	0.991170579391207	0.986825161797883	0.995466882604752	0.963644267252178	0.993581622109406	0.978380316093552	0.991791724902261	0.991152038461667	0.995257863753015	0.997577482974853	0.991549824849663	0.993666957326462	0.966977274140902	0.96655501103733	0.993152640171558	0.981399414204522	0.985071989063807	0.990646893842628	0.980721357313591	0.985299604215931	0.996002108261313	0.930746689043465	0.988069574759767	0.985116505926564	0.990007440660216	0.994599250459084	0.984792499546204	0.977178944921832	0.993933413315888	0.989594156945924	0.96536579140452	0.995574361869839	0.99343969693995	0.977939813973196	0.985481540492277	0.986214842398617	0.979875800149762	0.980512849085696	0.987885763039048	0.992643464336617	0.994601589980038	0.982039805378174	0.982559987860217	0.984280257080625	0.996940457763317	0.935376661541279	0.989452793827939	0.924994663437159	0.976453701998549	0.990193091295804	0.962534563300898	0.860081459569668	0.982459265757647
"SRR13358028"	0.994956305969218	0.979880953240537	0.995751999319007	0.99132815114865	0.993107866947017	0.971771275390353	0.992798964949249	0.980428650103151	0.997925930540089	0.99558485877866	0.985835463268782	0.980114813487643	0.984792065053261	0.99652397404079	0.994442154677834	0.978396424569419	0.958717534219483	0.983091026695471	0.968564781130699	0.977558559824006	0.978199642023523	0.988052171481094	0.989101572836224	0.980388780269804	0.990686312065275	0.994031118373534	0.95786651433143	0.995940641846438	0.993135085804304	0.992950150958153	0.979567915871724	0.995053619050178	0.970760466140288	0.984137067416831	0.989740241932696	0.995574052091999	0.995576818438129	0.990187551204626	0.995885933365858	0.98002621898949	0.975760305311567	0.992500844018044	0.971985798462341	0.982247974078263	0.991031844506649	0.965607367353948	0.988822439012523	0.996069511539362	0.904756366108178	0.986377290329472	0.975026827439704	0.984108037088736	0.996935907244407	0.990884960427053	0.983604225866013	0.995172986700178	0.990658847676176	0.938717267380919	0.988851937720446	0.985387589133225	0.982950992778733	0.985458579531798	0.991610682088445	0.979885762946179	0.982296032156032	0.99146580304814	0.991249214904363	0.992806755901509	0.988928352774881	0.990192956626361	0.989330072765942	0.989800476848004	0.949998306845472	0.985888225902216	0.939798098085619	0.971026382864523	0.985178239843646	0.976077929213195	0.904741063172509	0.983470151211356
"SRR13358024"	0.0194333489194779	0.00501755895198457	0.013830928866768	0.0101155730623685	0.0233587135651485	0.0357518661071893	0.0288613219547532	0.0240197408143846	0.018377609557895	0.0284194792411221	0.0145178208449926	0.0233135319903873	0.0213789022742862	0.00276242195737058	0.00875339641284374	0.0136118403008961	0.0200337634401855	0.00869156322057807	0.0320487606155688	0.0257298890367092	0.0207051614037736	0.019352144492582	0.0164980367904694	0.0144836875765334	0.0350720619685347	0.0117720891682246	0.0514924304838873	0.0125002765104965	0.0157568166120594	0.01174772101323	0.011602051562216	0.0270748119684614	0.0207201968158397	0.0240514296173645	0.0125757880974246	0.0202856328506784	0.0145333786565718	0.0189197124119832	0.0120432600282654	0.0139537056398116	0.0260756098050859	0.0185293583825594	0.024279427408615	0.0191411328509961	0.0126950792361261	0.0143812602790246	0.0135167003184705	0.0120933453724103	0.0271897989885361	0.0187048520420543	0.0148442961783853	0.0177288902041353	0.00656085936216865	0.0151699072398935	0.0198737849359895	0.0123855952761881	0.0171857445194868	0.0332312311763804	0.0145059862388916	0.0243252749929436	0.0200632971684671	0.013216827971671	0.00915072407944908	0.0199590734256241	0.0184210049856702	0.0118840211308205	0.00991096514399606	0.0137367869392702	0.00826534094773423	0.0152135851664119	0.0161543060111532	0.0133586224059367	0.0286769092734293	0.0219692153597572	0.0201225323013569	0.0177032373927944	0.0150423079463942	0.0117457398234828	0.0155221327833714	0.0137215506011238
"SRR13358023"	0.99600826039807	0.983588509314783	0.998276878298193	0.999365254678862	0.998510435147064	0.991080305560437	0.992752105205897	0.994312674473016	0.997304997206736	0.994854125239229	0.992626475619312	0.990132175274047	0.994684016396363	0.995501315761929	0.994759135599369	0.981117328762244	0.986048972651164	0.98542595794622	0.991505826817409	0.983300524442641	0.995352258536035	0.989577444539722	0.991967072224982	0.983614298400883	0.993207460553589	0.994777707061982	0.966621972242632	0.994820037351578	0.993343998298397	0.997939895547069	0.979542082047322	0.996902335142412	0.982759119336714	0.996852860815981	0.994874600242333	0.997768562851677	0.998824644480997	0.99610477700676	0.996938446533296	0.985890702052297	0.989778023577856	0.996270248167703	0.990371239130305	0.991234477336261	0.994856277694068	0.991985565284964	0.991478216434958	0.997504973065621	0.96096048868575	0.994455751821322	0.991968481114694	0.994705980682765	0.996734416384103	0.989462808478628	0.986216021116387	0.996546581575798	0.994507621033746	0.986141203564871	0.997894293938246	0.99643578094729	0.992635510806897	0.993145332214847	0.992670435950905	0.990411656086178	0.988998129533484	0.993300395235974	0.995783602493284	0.997354729670252	0.989488957578833	0.990146512886846	0.988467037244068	0.99826475001782	0.969604121774597	0.994712675101938	0.965970723947136	0.989240898353359	0.994872646349433	0.975935205520837	0.929106083791573	0.990008810890321
"SRR13358022"	0.0628783692859221	0.0102267807988713	0.0320305735360485	0.027400974163307	0.0390658035772643	0.0431608163738958	0.0490822310723692	0.0305036186297611	0.0300465517982332	0.033648697231563	0.0169609646406152	0.0278847400009663	0.0393118544016925	0.0196258872112735	0.0153861185078403	0.0210896285202065	0.0208675203697178	0.0117725044355978	0.0395114669568774	0.020176217771332	0.0387357560828337	0.0196517205805603	0.0222241801418869	0.0186009280217188	0.041321797241425	0.0156612766869371	0.0408999886281733	0.0131424138451148	0.0203358921766617	0.0174030504658488	0.016147997936234	0.0309147888075493	0.0304873205327779	0.0333040201549382	0.0179661876288422	0.0299193678629404	0.0329998976124054	0.0295707080081199	0.0179140591471709	0.015000287116162	0.0263899137742288	0.0312108860826958	0.0321659192975934	0.0223572837015358	0.0194119695663967	0.016915568308452	0.0206301789321364	0.0355378049390505	0.0224095631475476	0.0326330301614809	0.0189557365725664	0.0233704215456104	0.0129774939921365	0.0191841154727784	0.0219042344380359	0.0260051955011871	0.0238734297207201	0.0260639473205303	0.0379176947129229	0.0600127694643639	0.0146592139942093	0.0168287960381354	0.0153226464447258	0.0202760443848198	0.022307310873983	0.0246372808685375	0.0278686691315927	0.0266194212976111	0.0133770297921377	0.0309020063232646	0.0205104411082944	0.0287754362215478	0.0204268235720842	0.0396231762648539	0.0215211021797008	0.0180657023455514	0.0198553588866148	0.0131282056734533	0.0116547039902444	0.0159864677815814
"SRR13358020"	0.975892170693001	0.827662114768307	0.971182835839295	0.846725486973609	0.930775909987843	0.867375363734309	0.952700938109943	0.749648063197363	0.975977919679605	0.965656952836239	0.847498349135058	0.840179419981206	0.914091386634995	0.975469338868222	0.933429034890835	0.841290365432657	0.860609515866767	0.884984878938894	0.717373774666567	0.922682951370013	0.792626107085023	0.939403856578372	0.902478675372031	0.871516090094795	0.914138063650521	0.881158794028873	0.896675767249696	0.960078873073608	0.944010744784627	0.87410896675358	0.859928636837374	0.961203437266595	0.894229187586417	0.843391032095869	0.897899003474312	0.962096142332153	0.952310873171351	0.910498145657188	0.949704121891737	0.850236161556357	0.753021118511193	0.939033274133879	0.737720253543281	0.925229886141622	0.915922509867031	0.746445200247515	0.901255094953927	0.956072712149993	0.872862414703991	0.81753652088807	0.908701631704364	0.893501177729469	0.932768760780488	0.910406722205959	0.945318113848422	0.95484062259126	0.875120427672356	0.72175439679567	0.89203484571063	0.937637756072495	0.922182535696749	0.855305955470607	0.903704589930682	0.896381803150945	0.862123398821287	0.9035842135303	0.895683417420928	0.943877907641354	0.853067012391217	0.93278454456905	0.901835770051472	0.862750137061645	0.837149190215386	0.864192848798217	0.543644433944193	0.823866113818088	0.855407543144681	0.847120335949813	0.502441568173862	0.853406699127306
"SRR13358016"	0.22593884175121	0.171530142637627	0.2646739125147	0.259554694358418	0.379775215582774	0.284475693206771	0.160386096691939	0.22054423334868	0.179353402822412	0.168552163648515	0.188260516784227	0.279970017980863	0.28178306953206	0.18205930065118	0.232394779548593	0.20232952387566	0.232721095253296	0.157506642501919	0.173240959058101	0.318885637598774	0.257326687839743	0.247034724855789	0.176241219027746	0.22298681297199	0.189516665256264	0.182452497975059	0.324587496853416	0.218196645388651	0.24442538153615	0.176131476402743	0.329263778814481	0.228245910969257	0.0939827891397986	0.255742571565105	0.209733374926647	0.275743710563178	0.240943606714352	0.281772882709801	0.196819686511614	0.243687496798975	0.257200491613293	0.256562386194016	0.275211532718507	0.242673053254711	0.225933005066658	0.254548325793095	0.246476492281907	0.214409050206434	0.328146838855072	0.199333058404637	0.276644104605571	0.239314880069986	0.183194761540713	0.228248445275496	0.213699482731162	0.252801656910429	0.218723528955922	0.26743893350144	0.282677090657596	0.265817956249661	0.263520311545006	0.245697586872382	0.174097181141835	0.282998661626232	0.202117123523664	0.199281122719271	0.188736136223251	0.252026873577848	0.158571185018147	0.31112211547049	0.194739848952399	0.161793557713627	0.3386028297738	0.225576493309422	0.189469579784561	0.260364982744529	0.203916359183989	0.247473149918935	0.314818895403283	0.240433677060055
"SRR13358015"	0.844726353445615	0.247871388366882	0.676255690791197	0.426129347228157	0.680473594954541	0.293531693174528	0.278574190508976	0.254429318073731	0.505008258254198	0.54767367220713	0.288592643012061	0.419837251554104	0.535307580851764	0.452481170938341	0.380877080840847	0.230818090449077	0.160803620252273	0.241170720095251	0.261851231406681	0.302549399746872	0.363367234322874	0.198918301222002	0.310024920931607	0.241065674610807	0.437518807693725	0.211900956292788	0.243593575718696	0.244418452437389	0.363849758379924	0.276204064111167	0.222638294162612	0.449756360188293	0.0601005301496146	0.374596432987375	0.304838506292787	0.569244105571317	0.651228830597116	0.546474605036507	0.523721441972578	0.276409271565906	0.351215986970443	0.623237715797277	0.264043082228843	0.236965989788605	0.27827392019138	0.229621868477986	0.342812977432804	0.594789266027227	0.0553140525318178	0.24369334143507	0.140178295596111	0.266829859000882	0.339312899841289	0.244116413576561	0.141829286313135	0.617216008596001	0.383554850463969	0.163025770726975	0.579109617797604	0.51901290041301	0.303076899554161	0.270555105840336	0.346545898945742	0.321833873263653	0.275548790924608	0.255705009916275	0.347686528805696	0.54058409111522	0.292277056147091	0.637604475030293	0.169030677153544	0.213210353522741	0.143023888632826	0.426143471529136	0.117778404400749	0.210597346318832	0.272452508274636	0.114458408590127	0.0663967422741057	0.154634992476639
"SRR13358014"	0.842713201687768	0.267954129166078	0.848947508053042	0.830050677396544	0.815543921776708	0.630898265410025	0.337731294116438	0.415826927260146	0.620109408702805	0.660346376640334	0.418518216892533	0.516377930641025	0.692959263132474	0.629682998543084	0.467170405816832	0.328862050969496	0.636585820902856	0.316304040851284	0.48084485177749	0.601901458632713	0.552653694974283	0.467581379072026	0.477663286957051	0.295090073028694	0.567845608673517	0.251944627520668	0.552382948224168	0.439724322998517	0.514964000371075	0.520408583757541	0.318281593090995	0.708507826259478	0.188665922578878	0.616292755110923	0.543497664803182	0.778200338694299	0.830827526062694	0.681399014447777	0.603409806465485	0.346975689719999	0.295478663712405	0.741950332739123	0.421047217846784	0.642018119427523	0.515558819604977	0.511227369979131	0.474704037605352	0.659656182601267	0.564019581573382	0.382545703668648	0.672107867941993	0.641406752398128	0.344676872057309	0.349725551263403	0.441201652349754	0.692582617631612	0.448171976871225	0.491184111181868	0.783237033279537	0.805720380738308	0.616002716371818	0.452279175296188	0.396511700096278	0.624040565187583	0.447678269632406	0.384773117291631	0.448857257308187	0.752757031490869	0.277185445287379	0.633117061919435	0.301325860435047	0.611056502898103	0.431598290056581	0.524162405155991	0.14077672677617	0.502419655478308	0.547022662612025	0.259467155444793	0.0951904470080927	0.357849820355266
"SRR13358013"	0.643982388927031	0.0440626736694281	0.374516928384619	0.20022432777812	0.590943984882461	0.232069361304084	0.290283886864486	0.23506028095572	0.571552358861321	0.597267804323145	0.17264144465218	0.175485739156511	0.532420681441446	0.448623923972651	0.191163930197115	0.0921093919362006	0.0774135564754034	0.0548583673150945	0.223061972308744	0.24208289563961	0.25723148536663	0.192020271409387	0.182733070810728	0.096860715373465	0.349149648795305	0.216587808514222	0.319065192427307	0.309828405750384	0.284873126739238	0.211748142129035	0.0950938205446556	0.591378351783248	0.0327796564340483	0.31321755034984	0.138105402910968	0.549914121963249	0.504024105239901	0.322046327373451	0.26863573719782	0.0768529503896797	0.178323860943478	0.299668039956966	0.226061721575793	0.108426806307305	0.178878433407599	0.0835707620160277	0.159565764901717	0.336932227375548	0.0781102261662856	0.157264287370637	0.0888070496484358	0.161871375908706	0.158174885865676	0.169604705625518	0.130940050158241	0.295199818000884	0.254052306197475	0.207285800434281	0.297735779535611	0.477751841516321	0.280651962347927	0.167167098965862	0.099877284918503	0.157674620933393	0.155620310193469	0.121460111951748	0.185134570746862	0.205470989183838	0.0769746373682082	0.288409266043843	0.151941054935194	0.232549471446436	0.150970691776135	0.408929282351815	0.0729802160380917	0.108016773228946	0.16297190447524	0.0533864757110459	0.0304265882442383	0.111769875587672
"SRR13358007"	0.419323179889296	0.583075582685275	0.538568581655955	0.774952095583146	0.553083919745917	0.534978288974204	0.567956964124349	0.715741581786688	0.572789852007801	0.458780436428285	0.598025412732447	0.619454698802341	0.480624862992259	0.269671038311331	0.606583473376709	0.618981946773917	0.583538463885366	0.659019883276222	0.65772256599334	0.436427038142069	0.691339911392276	0.522418202622686	0.623162157943207	0.549505337646444	0.62871183177485	0.698615404899893	0.431336252138835	0.546489954231933	0.604377725423992	0.730041884943285	0.591967662790582	0.564755292020065	0.574218466128522	0.648443896178151	0.647543442766973	0.568000652036073	0.661139461999457	0.606293915269941	0.628831173046916	0.639424823713341	0.694261642119032	0.598789421748526	0.635652086805992	0.604527652462943	0.664733718180971	0.639863738266899	0.626370805732353	0.668926608596681	0.501317990331922	0.757749989789521	0.643568156614634	0.648306938621698	0.685361036275922	0.623683044867336	0.519582794247777	0.611200974762131	0.648505517569958	0.495311130771407	0.648309498098407	0.572724135798596	0.394242511505062	0.608510180871055	0.69407622998511	0.554849321350711	0.612740602831899	0.678054542217745	0.69550912114379	0.624143544841505	0.671170441104626	0.525209946480812	0.635615438995214	0.75721729716008	0.484884048500596	0.604567166622247	0.685131464995581	0.606689894833118	0.634497849836596	0.631554332639588	0.603032889503808	0.650793341072863
"SRR13358006"	0.272975880896636	0.175311941797718	0.242053933664024	0.335347591788099	0.345676453072314	0.35519742202104	0.515426225158958	0.44100661062415	0.423138763803897	0.360408290909519	0.282608569780265	0.230093556367422	0.435484428332765	0.401915663780585	0.239623160909504	0.221857258856275	0.309091338577849	0.199759619971548	0.420370996028012	0.295543879079918	0.413705574611522	0.375317063770774	0.311247387664291	0.237431909550083	0.362286854560157	0.423775309470905	0.38742486150481	0.391074350910179	0.353442051505059	0.397288389604374	0.236842165566688	0.501051353007932	0.466983108038399	0.479631401352462	0.259100549749883	0.373005815565232	0.322632487234319	0.269001147430671	0.241433649728674	0.226441635559293	0.380962348674588	0.219461854264749	0.366233887566784	0.299565521666198	0.352479891340047	0.261024826326746	0.255311524555577	0.331277425398921	0.503158539764199	0.461628839832897	0.392317434743196	0.345345251248755	0.266603405740933	0.324262781442424	0.423031159374643	0.223026146381269	0.309952683762116	0.475864902296834	0.304382638517019	0.479612981021116	0.324922724833025	0.286317640344434	0.223792804684404	0.242241178393196	0.302329636978291	0.358015690540451	0.379197078075878	0.229168773314913	0.193013376265711	0.167433896707454	0.398764666590317	0.552923930254911	0.355413478597894	0.421734295528823	0.336257794980256	0.291924370553011	0.295872024069885	0.280580352627304	0.240194044270573	0.351772028500522
"SRR13358005"	0.448585725682974	0.372860600637535	0.445903833689088	0.756849497832314	0.512959656538661	0.526664340354293	0.578237240359688	0.669900745908917	0.635265296291818	0.492279063356	0.469660726655301	0.447867901828368	0.445489292875583	0.448341385188665	0.482534006183952	0.479222977292479	0.507971727742367	0.435894476405724	0.657432629784203	0.287719892001538	0.660225331457875	0.467762987044877	0.542742580983617	0.35210025500766	0.622551626480662	0.654951990990117	0.35423554555112	0.525734663013258	0.476003698053191	0.676203545126986	0.40674659546913	0.557891999449432	0.588549225304688	0.690169627036101	0.551111188847514	0.516017790044008	0.591867083336971	0.480184686892448	0.476713795665998	0.416947086432137	0.554402955600537	0.472867525154447	0.588365474638225	0.501735891010679	0.590380615590342	0.462278545160455	0.490684610950718	0.644964149408954	0.510749825484311	0.704498663869263	0.589516975466838	0.588641434430698	0.589420488378734	0.563815180707629	0.473481426215175	0.479459527512678	0.552874120821183	0.519567265456906	0.617878289766031	0.661505701492306	0.30056412302889	0.482485940556423	0.491052936716984	0.392409018384839	0.501331038640223	0.608686626815456	0.681071472513739	0.467247831882642	0.473908718922001	0.370503352032527	0.623491707748888	0.829422673608575	0.375859695926014	0.612938757363157	0.511038776455171	0.461568468697339	0.562312018344819	0.494923097175941	0.374706610234443	0.576658396651772
"SRR13358004"	0.372190795928583	0.30997227335373	0.417513027823231	0.862801280360979	0.539221917724701	0.643150131447629	0.694656562950077	0.718246567822857	0.537749353911328	0.408589246124182	0.433628727224502	0.366170179791454	0.474810321434928	0.384786288174603	0.344387616557375	0.315456721520025	0.562332764802955	0.254730623453584	0.766145867428465	0.211876951766598	0.700498332306629	0.435000592358813	0.480896888312308	0.298530414611253	0.570890269855592	0.581418342733604	0.25874167353125	0.402002004686546	0.346163197801562	0.699937388965226	0.271161860385611	0.533269031206431	0.794794690635657	0.753783403054857	0.496027461094035	0.457884695261135	0.584435930725612	0.414078390985462	0.338910225971487	0.264622740690273	0.446901434349452	0.370950025591236	0.624305712411674	0.487507253805248	0.527875073553446	0.520849188283587	0.376445173561666	0.524423877946301	0.589822346315249	0.684462155821575	0.614517025811307	0.596066522454661	0.424295274487901	0.443904457655422	0.494319361396009	0.332811105180029	0.482125688205245	0.673469371927816	0.64687265809846	0.679821553561123	0.30823885742064	0.437649770605525	0.333558481808463	0.324709507312473	0.454196066997477	0.476864669870021	0.611452660719594	0.469714816641059	0.330673424245711	0.239901426137178	0.569210412599248	0.897136503391024	0.355357744102021	0.601824194677287	0.440416422865712	0.469378237465729	0.567675465622527	0.380493287274823	0.293087921735277	0.537465434380718
"SRR13358000"	0.0985415241933787	0.0196389817668157	0.0878555761683231	0.0493397822773979	0.0953683765664614	0.0889715554141791	0.066315037985687	0.0517173859082074	0.0583548178901606	0.0736799106577938	0.0390638843493631	0.0575257498585311	0.111938181699348	0.0637325669962451	0.0350329747400223	0.0387767003275784	0.0707233578434842	0.0338492212500299	0.0579144046351713	0.100116839284969	0.0687447050546426	0.0659337253527695	0.0485867308587606	0.0425400244447139	0.0771900288399668	0.0280621168741795	0.141393199339283	0.0419612881801664	0.0652828686937854	0.0383349749669093	0.0436213662024666	0.10279077097629	0.0425778108697573	0.0747937721518799	0.0419267268838412	0.0921821743714143	0.0749925093751962	0.0693020381869828	0.0401286376654335	0.0484364168581165	0.0577466795435463	0.0695472581010326	0.0542512804928778	0.0786429256555994	0.0517653399789404	0.0470272496867797	0.0476152379594569	0.0595488045853006	0.158853112217473	0.0509112025345881	0.091875182795564	0.0690615663335717	0.021476113213528	0.0399415211505516	0.0795250381540883	0.0586660859118415	0.0433075256970797	0.082338481518683	0.0873359353184186	0.147444428887047	0.0742524013560582	0.0432637321522098	0.0345265385415362	0.0733968025976216	0.0519962882987444	0.0432577545919685	0.0446933571055438	0.0681367948487911	0.025801526633756	0.0384120000583171	0.0405762284416229	0.053320758197255	0.0836477225383424	0.0680962902009006	0.0341481333301025	0.0581577398625281	0.0462073766771708	0.0377352779398326	0.027694346433539	0.042606980947709
"SRR13357999"	0.256444445864933	0.0775611513541947	0.194637969098058	0.104192190086759	0.279014370497892	0.279330906731298	0.288534483890509	0.154170427797306	0.28247170028729	0.282475624102272	0.115102033262649	0.134083896041903	0.243022042617184	0.266624922631703	0.154584294481273	0.168018334773448	0.177360587318936	0.10860414696462	0.142979806855285	0.212282122349587	0.162651247202549	0.266115126301292	0.161954116586852	0.180271760931848	0.215497723058143	0.182148822091569	0.352598982823523	0.266083334862241	0.213122004893388	0.131429487579109	0.2426232052171	0.303069848419216	0.200438103396732	0.200126172032546	0.142713254745438	0.266093555185489	0.204135195943542	0.165055762528585	0.148594436988997	0.12300045312762	0.144639956574546	0.16398453105128	0.182272692626546	0.201458942568604	0.188307067602046	0.0926533448559906	0.181703513476663	0.216782663965604	0.342814183476854	0.159780779140241	0.229855030506185	0.178430710012633	0.150026948380527	0.181660214126919	0.271576277567103	0.172798132660151	0.17188497372264	0.178937891219897	0.155134147926836	0.315592696015729	0.230342382858727	0.164574828074838	0.115841845626637	0.16263442139658	0.161185978063919	0.166743699448566	0.161313076681696	0.149360815850636	0.0933505104119955	0.212614319145139	0.195584674043625	0.189184734312132	0.245040576529634	0.231006156759453	0.11168828809669	0.135145697670069	0.135613632155918	0.193736779298346	0.178991048165157	0.170776540851278
"SRR13357997"	0.2999600847501	0.15959906907549	0.27424366675431	0.122232604363929	0.167178920132615	0.207937166599276	0.239596193760339	0.131605325917	0.218331438269028	0.211832166846242	0.144909315652541	0.194028095350438	0.215494705735032	0.247407388891457	0.185434782971611	0.268665957617405	0.289047041981755	0.227189988094083	0.132689501046142	0.28300544639408	0.168027686968433	0.259771943846854	0.206038603485973	0.199566538593647	0.213172297774734	0.133019714147289	0.401568089362524	0.204720188739503	0.25633255377313	0.136625513210329	0.220724916860024	0.245032364769388	0.248141814361225	0.164413569809191	0.189636082046789	0.232588177824526	0.191340345287973	0.200243312596461	0.206802219775172	0.233871543844623	0.174693576881336	0.238225805473995	0.133152935769116	0.31711341908961	0.222460004291864	0.158051563490286	0.21448568105384	0.242518496087832	0.441112443874217	0.158909436482143	0.341116314804806	0.235922788270555	0.141568801080004	0.204215696981084	0.328414034310261	0.246871190731491	0.154264858525561	0.153110563830468	0.195578592174269	0.312685838683167	0.202644743463364	0.157830400506422	0.215446423261582	0.248590463355015	0.199249723731964	0.185994956094278	0.190308215388015	0.24397457435171	0.163933651677532	0.237335522797419	0.203661954963293	0.159040592698822	0.25773252663274	0.166748728758716	0.159057176357605	0.203518656392284	0.160067275979367	0.233494052109793	0.134600129009493	0.186096195855186
"SRR13357996"	0.896358878090386	0.906580273238182	0.946150394151098	0.932842210672669	0.927505339164973	0.884796873301808	0.936373531904727	0.901359108099692	0.949190865678745	0.918058788281357	0.90641367650124	0.888186980478314	0.919042356233555	0.953997179178492	0.933972359562721	0.935622095061995	0.922699308238684	0.944091752940326	0.851889283239051	0.929697450877203	0.908781506985151	0.946397655714251	0.92255095529249	0.9095657125677	0.906642071612001	0.939699258250224	0.937162943394137	0.957836410308172	0.951615394919422	0.944975655383476	0.915804316472037	0.955095757201615	0.926709246894647	0.93830832863854	0.928502317963022	0.948505706229191	0.938404451815395	0.918388659035907	0.942551696320005	0.938725947881725	0.934054489465457	0.920875749325892	0.865047643682313	0.946032729178681	0.947970337879979	0.899895927112061	0.923180877177072	0.950450148097195	0.957087669396241	0.945239134071651	0.961203936391662	0.939431083968326	0.949315286615401	0.929367458159865	0.956424374198227	0.936362340790678	0.911164764804273	0.893788043750142	0.919909233667786	0.942736874991341	0.939656422673585	0.917439550684711	0.938861186579567	0.924773991601133	0.910544414765387	0.957569237667591	0.945257931734221	0.938061238980395	0.912942335096825	0.853998390718474	0.93326219893968	0.948334106259357	0.913720052381082	0.905542715529928	0.890841859409681	0.919294019991756	0.915254326018636	0.931084326669099	0.850893326316257	0.932575553245803
"SRR13357991"	0.981423035929913	0.935430836775061	0.989436730894783	0.995737982382361	0.992024108835623	0.956993358608837	0.941246359726431	0.966057826560987	0.975264007897807	0.972111126683007	0.961955549370571	0.956132764515227	0.976087602431292	0.938507636087377	0.962874156370017	0.845217877766769	0.932996093194357	0.889984378696899	0.965299206074983	0.9357176873062	0.965992032219679	0.925647220356432	0.95379030767814	0.911392208475689	0.959991357627131	0.949209808483779	0.846124974903619	0.949571782706606	0.958332552777529	0.982691292780046	0.889625529933665	0.981599235798019	0.824880977842338	0.977018812402439	0.965012508870273	0.986733538998469	0.991174124922282	0.97939325611646	0.979421424644296	0.912683300194634	0.93071211649717	0.980054942720787	0.951210869196092	0.946927934854189	0.958842772117623	0.968419860611353	0.949300069449339	0.975217226637526	0.741010327167831	0.960861554199328	0.938979959275294	0.964028642769305	0.967104879569727	0.920331453197076	0.89065203706937	0.978045530100144	0.965959730666543	0.945537217619329	0.984010878820332	0.962527724415137	0.966938771183313	0.959693759499949	0.952560345388889	0.954633705070263	0.945217043233811	0.94646432185866	0.950298129607424	0.985691859966463	0.93018116934937	0.961810684337738	0.902769741885257	0.978098769304293	0.863023062545959	0.958015481618599	0.824547777218662	0.948192834129571	0.967559507541701	0.841327436332426	0.707178815010869	0.926115637655566
"SRR13357986"	0.968098793826825	0.853519007651206	0.974494644333446	0.988567017384963	0.983079761767538	0.899201730929995	0.847384355481951	0.918149007435817	0.938552201377728	0.956472662678336	0.903011064982018	0.856496353989676	0.946337955210033	0.867615876507828	0.92378892689416	0.354591266514302	0.556658008548703	0.7576515723905	0.928260523282434	0.853607954630946	0.927651893744986	0.786193617658941	0.888459763837257	0.810517780410768	0.911183049002976	0.853942584204452	0.657526444341644	0.831505282669891	0.890076510965404	0.719674787856074	0.746118128499828	0.943251465935244	0.588390337333183	0.955529492700167	0.906463464372445	0.96303332528864	0.978317687095508	0.956747119624296	0.943218780548288	0.812106852407683	0.874130026617443	0.964064117692784	0.897899762546386	0.851331917535518	0.883664406959186	0.921264276909654	0.884780734051345	0.9412685217277	0.43625870026944	0.896858647865889	0.811529953398096	0.901102523680141	0.903841831232327	0.793693885981592	0.696314836535502	0.950325824818161	0.925466871823529	0.895733986570296	0.97448599152471	0.920166694066166	0.899928047886696	0.894855215988537	0.887505747463112	0.810285215378239	0.865099759094301	0.852992073533014	0.882087084358931	0.965196191634147	0.860180263938435	0.917386782950564	0.742532574462553	0.934804740365596	0.564961510351311	0.910491325622552	0.651953970853795	0.869811625141887	0.917152628164377	0.26460448293787	0.2697011798036	0.797260405681788
"SRR13357984"	0.756995330937604	0.385534095378726	0.70841191394264	0.514352659776926	0.679693570661951	0.418110172992196	0.422649674689867	0.478528678189467	0.573176042666125	0.582363552628567	0.508821188714032	0.588373557291955	0.684136034341957	0.592838606566832	0.561850035378312	0.345710070175592	0.418533328390183	0.511413977962352	0.398387545371784	0.597269730505382	0.565374012915177	0.456757552711601	0.503266137516056	0.490111745147954	0.528672594007092	0.468157270874109	0.44715497969997	0.511335694557308	0.632998969612755	0.518177547151244	0.501713485826371	0.647987690618511	0.192205297200526	0.470402602217337	0.497740198217788	0.688558449982817	0.682664258976522	0.66557202050681	0.674399044584668	0.550733881547722	0.569051535120208	0.678365309353143	0.443831919282712	0.488292760807641	0.534815932189002	0.487483435781058	0.549120715092113	0.66527339381004	0.354372610873637	0.475776517653685	0.450052325824154	0.506437945281065	0.521570587646791	0.460419523158743	0.416106070782267	0.691792111128594	0.556233033995707	0.340064415823611	0.638704743794918	0.654116338532351	0.535987224969508	0.511923130693101	0.589612274488977	0.569653922953126	0.49660614938232	0.466819978168547	0.546272860879597	0.642640921726532	0.521398113403633	0.694263923911511	0.383298791468719	0.416182990528185	0.465410343122618	0.585028866153589	0.342312503896696	0.484263563360155	0.468432610534165	0.386262231387468	0.326863443282521	0.413842925509902
"SRR13357983"	0.508901346796898	0.202565598313435	0.36355537748867	0.302281349743093	0.331279877895475	0.219339097952922	0.239351753148493	0.267503055391949	0.323712599872945	0.30236199642324	0.244262823929545	0.329407350767017	0.314427212096295	0.261355796324372	0.295966641590984	0.200085973217337	0.192751133047542	0.24195785312781	0.25289482512856	0.210794388758912	0.328945631606722	0.192246143037135	0.281058364225545	0.230558896717504	0.341193512278334	0.253309749358489	0.172948113723357	0.211159458853018	0.296627596846432	0.257952533667239	0.252768559950036	0.280040167626714	0.125399891372764	0.269601032470683	0.26888454258699	0.321187877524975	0.365917021935275	0.351988333835536	0.348404271715835	0.285602620364425	0.322862727340934	0.394007339751795	0.249969196862323	0.234940718767899	0.274728689254847	0.224669490385653	0.300786139977184	0.455145513132466	0.127324980542137	0.327376034429987	0.195179747948065	0.252711377782909	0.31993961491629	0.264604324970762	0.172474024418792	0.405399747862031	0.309079543663627	0.149176436888266	0.373954450241023	0.374529045328717	0.165903790273326	0.237290152743752	0.333158094557223	0.250446820348111	0.263565439418113	0.335265850281577	0.36895555578946	0.334674610201298	0.300683197005295	0.396355689052106	0.227058226809344	0.251730988955712	0.168698737022878	0.329017150716609	0.194967965091171	0.216155252211873	0.238123693785714	0.203666880439251	0.16119995042701	0.209038492736258
"SRR13357979"	0.0278038718331143	0.0142070532610462	0.0218166128815488	0.00947566601230166	0.0141620032605637	0.0214862665521808	0.0176012325285383	0.0138059018927074	0.0117901657951421	0.0152382175926733	0.0122600358795122	0.0260305052740978	0.0151064552187517	0.0119583647630985	0.0130325587668741	0.0184050971884981	0.0229410887485494	0.0201452412412508	0.0174345011366803	0.0211845776687042	0.015240822069793	0.0140953909897525	0.0174803954665953	0.0188537739741183	0.0277189446721634	0.00800649641469471	0.029759033929559	0.00786610124907514	0.0172602650716286	0.00818807768910656	0.0209023441487102	0.0133287884497583	0.0126441216320139	0.012501689397703	0.0144699364761818	0.0149290991337236	0.0119144727134613	0.0193438938866173	0.0158968032554678	0.024148431389371	0.0208931003905769	0.0243110026277173	0.0162047135147498	0.0231196394377312	0.0138389760440214	0.0153880512359347	0.0197683916517102	0.0163092021766984	0.0200151578435932	0.0144288984285479	0.0174502377330232	0.0162315641716314	0.00828494337265681	0.0151252611232179	0.0160443950764213	0.0213990638626413	0.014730448319438	0.0121508201112903	0.0152917825176771	0.0171332063679869	0.0108095823012934	0.0123492505717021	0.0196151793188516	0.0216067697600661	0.0190487339863625	0.0125003054400847	0.0112583315798051	0.0215163795219293	0.0161456607028088	0.0405695066996215	0.0134633818279795	0.00739208438898017	0.0203848030659653	0.0132106253899736	0.0176077322014432	0.017294695375121	0.0126306618513197	0.0173089559246848	0.0164242068451911	0.01282688871045
"SRR13357978"	0.782479978410974	0.148182603035346	0.552318695186253	0.311974690875152	0.7857949024126	0.336998556549313	0.746133404292743	0.536966125821759	0.900264189653063	0.868989464948442	0.430604351919283	0.368169405954466	0.651858197431492	0.758988183040163	0.537150302991279	0.258888579089271	0.0582239527012476	0.146888232448033	0.444833442413747	0.302601304171293	0.424166354606053	0.379809118501954	0.439515085129048	0.290146208085396	0.718685769316027	0.7088362898781	0.363502560625164	0.683919264986741	0.587334043951021	0.511244592305408	0.253625868582513	0.807789909173192	0.102696864940374	0.54726371801735	0.315386509727191	0.766132222399576	0.692505494578832	0.5443317912187	0.602246059152804	0.218134108815835	0.507057478959865	0.507683615721966	0.484307997400611	0.136842912511278	0.388944435190116	0.126353625181139	0.394458628216288	0.672499698798321	0.0273405985280734	0.514260252152866	0.0678031234530363	0.231950132474113	0.65980622714513	0.50519804936461	0.222253915804104	0.577110952619561	0.626049881410117	0.270582150039107	0.374288178881055	0.451482535047038	0.371168995323999	0.381671397294004	0.329254095063947	0.219798292242682	0.349166526119183	0.483250474307457	0.472411149809142	0.355269998990622	0.333402360049552	0.521001829574682	0.473516746957804	0.40412817393867	0.177229851136386	0.672297664762266	0.246187186802104	0.166311264200066	0.32764873675007	0.140133383740747	0.0949484781058101	0.287292822892763
"SRR13357977"	0.996847335881893	0.986379471594376	0.998191957230077	0.999095805166775	0.997576835460332	0.991563871954577	0.991696873791398	0.991879070893854	0.997818498619186	0.997207647241266	0.991949792014535	0.987262828057082	0.995194004045451	0.997406843068797	0.994402487837029	0.980847460370201	0.992818708852308	0.983765392030587	0.990416800270332	0.989586062957905	0.993313318356708	0.992797903256575	0.993065218501607	0.982595964526213	0.992829604037416	0.99340490671342	0.977638913884255	0.996180066291117	0.994141257265498	0.997408438472435	0.98062511629858	0.997564985526125	0.985187750372562	0.995227641010309	0.994855622103128	0.997832564238466	0.998551757748289	0.995357407817351	0.996467951683358	0.982228350895673	0.976459129773706	0.99629988333005	0.987204700174763	0.994197747937074	0.995216688935961	0.992248052596734	0.991712346610974	0.996901097945216	0.987205485131096	0.992541050656739	0.9958542651819	0.99555680662773	0.995739804942077	0.9900683095353	0.991865428593217	0.996147929335821	0.993108835739503	0.989966172627298	0.997413579879435	0.996779851154567	0.994956307492568	0.99254049693049	0.991909858358848	0.99257017786813	0.989670458716965	0.99310294905502	0.99462180721306	0.997024485100942	0.988180650863637	0.990238432451287	0.989913756951352	0.998160908255851	0.981563264948102	0.99273342457017	0.952501749949465	0.990761221752065	0.994554007904297	0.981742166729623	0.921445373777847	0.991139480587868
"SRR13357975"	0.981333435551524	0.899069667387449	0.986322260621956	0.992413147532164	0.983928618657557	0.945738467945492	0.936056103754594	0.943470932005692	0.976750693816698	0.965871292979225	0.932318915218128	0.901864333931955	0.957888327280315	0.960783207890368	0.952235528547805	0.742772523698012	0.805102946646947	0.901374165176048	0.939553726854559	0.894990677513032	0.958255557197703	0.918467944072443	0.939378765544284	0.872104259769506	0.956073580787042	0.934400501946898	0.872040400724692	0.945373654221558	0.941219924926531	0.878606971995176	0.860520744199217	0.971325794669792	0.863004178446291	0.960323898910174	0.956441387940889	0.979984153548448	0.98905466235053	0.968286256595258	0.969032061844731	0.872179949559126	0.875633572567653	0.97409128572412	0.925503571532392	0.941976888078127	0.952276106864435	0.931174562220141	0.93544083187787	0.978626417389924	0.812520063601383	0.942168928857608	0.941375106691356	0.957621768244469	0.959609136373499	0.917948982317269	0.898099579501375	0.973532196075437	0.949614612987777	0.883854421051463	0.982608641258726	0.97628668436193	0.926768780854336	0.93600217764084	0.935737064486312	0.890617908422697	0.920289345426664	0.934638278734859	0.958193788739209	0.977990247489405	0.908098403893353	0.944654591428937	0.90770287698905	0.979755421527882	0.753026071737862	0.95473909652574	0.773940189181204	0.915388893358251	0.954853775277217	0.596444833912955	0.416664345166079	0.911854047873194
"SRR13357972"	0.733653235764729	0.330087700411258	0.603096707722803	0.343227740564062	0.401262049268354	0.45007858883798	0.483537964900479	0.23269931550578	0.72082191605457	0.661907200246409	0.302018155115306	0.329920488616617	0.387245364861256	0.718937452842742	0.493162639095937	0.358214651269687	0.630551756161344	0.48299614415626	0.286059266092266	0.520302420163834	0.277516770084964	0.595467728289711	0.508313818611346	0.287152978791182	0.557358634857011	0.343603763616313	0.4955104450644	0.635101860755734	0.538849102512562	0.335998340623157	0.41240829015495	0.601045012940687	0.430693285231108	0.474705092207151	0.509163802986055	0.577627029725253	0.524623269734989	0.397197466223376	0.50808101702122	0.414651032626579	0.269334208556568	0.531729333251257	0.294443712278543	0.653876675604725	0.525506264030525	0.252226173421554	0.473352589834348	0.598285924556037	0.75657885100673	0.29405828060294	0.704195202604312	0.538924361889083	0.42891337401125	0.591231548829275	0.634153500089587	0.590723041918138	0.337153475349079	0.391214758446277	0.41875405738007	0.641897558146165	0.47654830424381	0.328891979563849	0.438092711713945	0.482800222200837	0.423365853290037	0.429366951088958	0.428365077863306	0.493276819825195	0.351918719677685	0.556781563563792	0.593665549624163	0.479519870017426	0.45221511779526	0.332391336717258	0.116299212108972	0.382294010228456	0.393647416589522	0.501618172051124	0.140112310076574	0.440453560566962
"SRR13357971"	0.0778371483167735	0.0133762785299822	0.0241364310427503	0.0291096495663898	0.0414497759980746	0.0603086332142705	0.0994407422640843	0.059310530321923	0.140356024146557	0.108153480390518	0.0276262561779599	0.0121721589841289	0.0496363582987559	0.0706034894281924	0.0320855236434899	0.00319557951006015	0.00590580914950214	0.0213188773568058	0.0760002432149373	0.0289329299068907	0.0518569700082817	0.0555226525018489	0.0506827379502794	0.0179531972243432	0.102551370780496	0.0652384371986329	0.0625313870792919	0.0729536844877504	0.0453791516442248	0.00176642403899641	0.0283686905912025	0.0897218673402171	0.0484489505711998	0.0921694012933247	0.0367732776731642	0.0549779439951697	0.0444957096042542	0.029973961230828	0.0284942862394664	0.0215581571426347	0.0454988870545839	0.0307516945606214	0.0717719213615041	0.0374861689288946	0.0473912679917459	0.0155542036663131	0.0355201267463557	0.0630472894005789	0.0870904990095261	0.0635340374292167	0.0485850375397862	0.0448670844846242	0.0351220615220377	0.0822216434449932	0.0538413996665589	0.0341648700740478	0.0427122248295717	0.0790038524555033	0.0357578864005034	0.106429510944421	0.0279163439890764	0.028094261055074	0.0225203744295325	0.00829101478285744	0.0409891273532505	0.0514155054872132	0.0582121741639895	0.0190566699075869	0.0226078925257864	0.0392775428312742	0.108053903728314	0.10689875129457	0.0206410313553908	0.0737576019017886	0.0285043942477449	0.026230836831694	0.0361082695481232	0.0035082786852248	0.00443434078197744	0.0481445325476927
"SRR13357970"	0.359731514802172	0.149378912034281	0.26425857868819	0.230739772535879	0.195852481997464	0.210654816558901	0.187816346455998	0.170106104688254	0.235345717512826	0.219812774793702	0.153800470502674	0.211541320377447	0.203944318034591	0.20969491567752	0.192059196577056	0.210758597377834	0.268805140493209	0.19005104905739	0.189960280487339	0.190191556835993	0.21615050884202	0.188984979327366	0.216580998745211	0.141511064876058	0.257024203305166	0.146749888158502	0.220610047439219	0.175649074961402	0.212845805607168	0.171819529062564	0.186698068155895	0.217993291239628	0.142979121516759	0.205352246859803	0.229827767816046	0.231654243289085	0.249006091571553	0.223127112593223	0.220765715445264	0.201250861303983	0.171500912640076	0.271786426581124	0.208531873879618	0.264010032018416	0.221547346291813	0.170312256195359	0.216646741198611	0.296816220711073	0.277044163208608	0.196967356798407	0.283917411670268	0.243098922020152	0.170110577367422	0.246297312861754	0.19331728971998	0.284886093272614	0.18139152059473	0.165767139910453	0.267412374188164	0.336389370393773	0.151850603948645	0.161455200093054	0.214770119652105	0.216980940277783	0.201060956949811	0.204317888741292	0.233558944240947	0.240811453570997	0.198133786422113	0.284672931088854	0.230518739352925	0.231591497286409	0.181386815149562	0.20091073970082	0.129690133713045	0.188410141218287	0.187256869161934	0.193626132194982	0.108719326011204	0.180097951132986
"SRR13357969"	0.117858888387371	0.0464756267759635	0.0805183928580386	0.199592191763537	0.126625119081618	0.146543673828116	0.123171825750367	0.185418493656619	0.152048715550758	0.120610226295395	0.0868052462248292	0.0962392154051828	0.116449648314498	0.0892254708401273	0.079003890639038	0.0753810075434079	0.138967575070006	0.0688049646148482	0.207617899898512	0.0681127049440746	0.188248765962075	0.0988300994458561	0.118475309573166	0.0574316040590331	0.178218807714411	0.132489539688614	0.0971545828285093	0.099125703838678	0.0962879047886489	0.141396388531041	0.0782206855800487	0.142768925454526	0.109499646053518	0.246227915851715	0.107526674442267	0.116444503782344	0.130859140770275	0.100709761097176	0.0800868176069827	0.0809585923676642	0.154620204415076	0.0968903939093355	0.160695182331662	0.113929275261674	0.126801615744271	0.0898184383041476	0.0974309550453876	0.156170185748021	0.185279580509617	0.227355565149851	0.157444221571119	0.144278741754131	0.0941577285380188	0.121095983095604	0.102674083359264	0.088661310010871	0.114489102954222	0.177916220984097	0.152811344139652	0.232253057779678	0.0620989793258551	0.091605134659044	0.0789037603330929	0.0832354172533347	0.111188357896913	0.169958972886574	0.174469517862827	0.0814393666159368	0.072496339076143	0.0880153917050203	0.147875360266104	0.293091623714388	0.10448311887997	0.169360479385922	0.101382654413389	0.10080526939063	0.120428519565693	0.099907972629264	0.0735038279220508	0.125784962499675
"SRR13357967"	0.87239213263462	0.313416820717934	0.847027303128231	0.578226420571992	0.82220046322218	0.47596014677602	0.358385740234114	0.398796614772957	0.615679923099287	0.694748253568187	0.493356541597844	0.603858794123633	0.797440124475608	0.690051477149122	0.55229518580951	0.261227017995245	0.41036530412838	0.434861029798756	0.348579931596893	0.718247062899635	0.535136805197671	0.463521510550061	0.47277706886638	0.445131089327953	0.524177710018012	0.324447117931866	0.558062991386341	0.498322464892375	0.656073424263953	0.471209305536429	0.434995505109867	0.750309970413737	0.0858124558262904	0.453802178356197	0.481709015493989	0.810138705674028	0.825879582346359	0.745627516793644	0.70255031496111	0.473597207467546	0.450442576593753	0.769738403770879	0.397867256550668	0.517028784385198	0.500755333220173	0.485226646564384	0.529058576401559	0.684656930596798	0.346352912560777	0.382124153908215	0.454499836332446	0.521147796753599	0.432052230070748	0.371395737675775	0.396099589617195	0.759971902359721	0.52872915683388	0.346682440596853	0.716424660924308	0.739372534015818	0.685242923474137	0.503419291526935	0.520106473643805	0.646595084387159	0.467117732047258	0.412922404075582	0.460357533480658	0.740214937868473	0.390099152296675	0.70356966766813	0.265694837035341	0.332438483575937	0.46984294920999	0.582284462980593	0.191370557171073	0.48140229089143	0.464343531418256	0.26032916560394	0.169704432575584	0.322283086046116
"SRR13357966"	0.140742583889318	0.0321253117291078	0.0819228823658793	0.188683750970291	0.239242540682257	0.129209909058071	0.182040084330104	0.30441521124328	0.202911929090885	0.172706852231109	0.120899981852063	0.11919654033946	0.230910528717851	0.0982863210498972	0.0877101880812713	0.0613386916079862	0.0437013932570468	0.041136596476149	0.258921619648202	0.0650921182480398	0.283248102710386	0.0779430512903554	0.109663805697535	0.0685315483846756	0.200688389184116	0.224918385196381	0.0970186252973635	0.109157369732383	0.119461838751646	0.195595768714539	0.0690733114213879	0.22310390925755	0.0525477726899522	0.250737631438021	0.0855082646106204	0.175122791250561	0.188176243632273	0.148153788883385	0.0963696508861524	0.064296960302334	0.233379974845055	0.104515855185811	0.240943420709137	0.0497091039298977	0.114596723111624	0.0832435038669108	0.0933260839946215	0.178682848532338	0.0463117020807263	0.274825436279932	0.0524264046524087	0.100319313061141	0.119828160551971	0.112763295393471	0.0587935180353603	0.0980721599673491	0.184462828352853	0.161286292989573	0.177547475491079	0.23699196509459	0.0679708891533295	0.115064004699542	0.073937564749774	0.0649717560151902	0.108255325726909	0.147440061662383	0.199192959718679	0.0738211776790904	0.0765093129512989	0.0716862304299939	0.125757348442266	0.277198596753861	0.0795928824060334	0.31122050207302	0.166157923334503	0.0796494706321906	0.116441505821548	0.0548508479968058	0.0804520556804832	0.104713750261029
"SRR13357962"	0.0280505904651153	0.0193150842023187	0.0123008083310413	0.00745980473295568	0.0078785600624538	0.0151657044206533	0.00867471850799652	0.00997921201489342	0.00760633361124483	0.0112169773989369	0.00925327778402747	0.0175770487210617	0.0132125057302237	0.0116355938026269	0.0106166094206256	0.0114905769737296	0.0227817821652572	0.0154097820192652	0.0184009345541775	0.0161532841455434	0.0113136669486179	0.00918716135078667	0.0140489442847784	0.0105908506070058	0.0171011346307851	0.00532520291517675	0.0174902531507298	0.00505839327929688	0.011663859087548	0.0056414375999655	0.0144672112691377	0.00914454944364319	0.00833123187837624	0.0109395090194782	0.0105930764684447	0.00903580092267202	0.00774276807037938	0.0122578572898625	0.00947773164298493	0.0142869411144517	0.0129511254514147	0.0159632262746539	0.0124570884070339	0.0174467086841797	0.00994304567029835	0.0139085198130362	0.0136545188302303	0.0112688432279163	0.0196963086051237	0.0107431987280838	0.0153170033844343	0.0126359399775681	0.00530634285192011	0.0109879136679596	0.0103794014692227	0.0135805943886823	0.00964795424003864	0.0136951790980184	0.0115052897379833	0.0135917707536323	0.0097129635979294	0.00851767577109967	0.0136799295381436	0.0149068474485175	0.0152800161839789	0.00899946628776117	0.00840861139475541	0.0130076521033668	0.011302937802056	0.0256723344735389	0.010072012188056	0.00647826392881177	0.014791513615525	0.00911310256755534	0.0122558802473498	0.0139412845711265	0.00953954500987407	0.0136686622327313	0.0121278610139956	0.00941818022545004
"SRR13357961"	0.693350047055725	0.626903458258012	0.384011035486332	0.741758188838054	0.608906918574918	0.655483790919772	0.27796055372457	0.454837250981965	0.363691622157036	0.456656941746487	0.307135729981881	0.342065509353896	0.415078941146462	0.415304032611182	0.391074712078616	0.267673739334503	0.649004846424294	0.301931075729374	0.607436766498816	0.214813625885396	0.495800236125421	0.337210511650376	0.416361445857773	0.343225325356341	0.443544619072547	0.37182550703442	0.190505830853677	0.319807308192631	0.253296988976548	0.430242331681639	0.539558940162997	0.323058558380812	0.416263070070882	0.683902431311804	0.458878065450756	0.362182892241832	0.508332865421141	0.378162737764222	0.328240954829032	0.27881971900353	0.323010957000249	0.438397349347106	0.537979861993164	0.461621177594655	0.424527135367116	0.474500126360811	0.449166037636968	0.478092037712745	0.476665498967677	0.401895605623393	0.568687377803187	0.491193085958406	0.397636106025891	0.332938575992774	0.292415316161133	0.371948933104427	0.435032834199447	0.613594110978473	0.618844361860749	0.565452806232143	0.41414175053271	0.434518822444159	0.328593148574899	0.33781574147359	0.414555759919365	0.31315026954217	0.4217195815756	0.412780358725693	0.291647262807404	0.684061258549192	0.353512460739527	0.697299660254879	0.349093965296679	0.468534972151902	0.230237045242048	0.393116195860894	0.446260574822984	0.475850473333211	0.547275059262186	0.423752012524416
"SRR13357960"	0.836471419454315	0.924462639927597	0.705104843012519	0.773286473811307	0.858796945245988	0.848689472340753	0.831200910907269	0.784239674576533	0.840248904438664	0.814785067577684	0.740608112957524	0.721283231419237	0.676218887944504	0.74743559405382	0.881168274551213	0.749398649765571	0.749090640694802	0.775118318056117	0.78175061873173	0.619963519154247	0.68106660411153	0.810040590711722	0.802702927143547	0.864421715473516	0.795419917133362	0.902978748833928	0.583213301503137	0.878606823348285	0.784978207915021	0.797411638500919	0.938308376413429	0.76270353816988	0.797414208256469	0.805863278805177	0.809575477900923	0.777190958167094	0.79377948493089	0.719106933511072	0.821571022101003	0.739213707053949	0.737969583413106	0.729772625688839	0.836305012461048	0.741487203092959	0.814485751340363	0.708444715363688	0.857982471611386	0.822843512544735	0.536939081340481	0.805940869154415	0.720831770576762	0.726766819871966	0.925095477375635	0.830549808360619	0.725728353822785	0.784476620592977	0.856029024960974	0.691314334936152	0.673826289266812	0.572837315533762	0.807679686505304	0.844296297139546	0.821297327000452	0.665473072367772	0.800125304043091	0.810721675971922	0.751201861795731	0.745931316113896	0.794800447036529	0.938785761356383	0.828425582412516	0.79355288114481	0.71179293904692	0.768131354112566	0.721684524287264	0.70020896138524	0.755097394003424	0.894154541334322	0.942816378696863	0.827759695217497
"SRR13357959"	0.699968542086281	0.790838851567872	0.67182933126616	0.89530731738991	0.78933514546508	0.895870272100658	0.524241064158747	0.789303417437174	0.614013572019231	0.76907754959388	0.692042460680909	0.722430860509327	0.554706243704789	0.661337219303428	0.672503501662709	0.606836418243728	0.900982270788008	0.61454496981793	0.874242604414061	0.582787712894361	0.742097777494418	0.706293231471922	0.729585957975593	0.695568466858478	0.738146873458172	0.722394111654901	0.533726517277178	0.695208942602156	0.522586212160609	0.780523305556558	0.77919514401678	0.625594448924448	0.807435523021844	0.82174692860512	0.790514502324662	0.629474494977098	0.722701587889346	0.68353306393634	0.672165073286494	0.567641433541305	0.585007219548901	0.734997964596	0.816125164126777	0.796556805310014	0.711360517113083	0.83053440079082	0.725667778630229	0.625545922710754	0.776819451514158	0.702883755124473	0.820858063912674	0.804133929058375	0.706782015822404	0.664641259131312	0.627669960926603	0.588022248030392	0.766790017564241	0.862584908483678	0.793626473429425	0.681609225102916	0.756725733953282	0.772209947636325	0.616083341905477	0.730807119613423	0.745181380829269	0.58531598409325	0.596719843154664	0.687254561122584	0.607896289185438	0.818687073045161	0.67571025304065	0.867052128576407	0.752538875022963	0.70509399704105	0.615043738437495	0.771632037784892	0.793932750798473	0.797341379047738	0.887552499751692	0.761296349192189
"SRR13357958"	0.98020655209206	0.840591953264956	0.987253944999024	0.994572380887351	0.99495008102821	0.960706552002289	0.913295952200527	0.961823292914321	0.956091555361202	0.953191690139942	0.940815536113764	0.952284932530084	0.973987795384944	0.938399703813226	0.950575608612884	0.76117383295841	0.878411519299626	0.841676808848945	0.944971129774949	0.894822620866575	0.973503062111025	0.887495149324802	0.920556320171946	0.921834599859526	0.942517178063194	0.940562231214394	0.733139774383467	0.924732808877238	0.93238239121649	0.975162387776574	0.919303785433306	0.966282147741353	0.732978800648196	0.97087804740542	0.950921687233106	0.982661037822563	0.991867216857801	0.978959871499949	0.972399098696304	0.888289597681038	0.933418377956798	0.977391943451419	0.9569631157148	0.906572049945979	0.943545497025532	0.950041348661787	0.943075353654431	0.978044193510831	0.618194298222071	0.948520342945727	0.891829793412296	0.946859635064082	0.963833576992902	0.877248676322517	0.809907084060282	0.974661801095606	0.966508004974509	0.894622736948916	0.987878317333454	0.974479186719739	0.941315559917382	0.958493634089892	0.930235259392198	0.93466903824226	0.919044341096037	0.924404708979979	0.955833271087138	0.980537219730627	0.905547265334954	0.974825625140935	0.834663034936834	0.973106724499329	0.832798912019404	0.973422604547146	0.766405428614767	0.917923646720868	0.955144764197308	0.808515922237903	0.830742279540397	0.895455140126251
"SRR13357957"	0.975723097863078	0.949295617400373	0.990014268968544	0.998314784985674	0.991762687647313	0.97470797652142	0.972607047947762	0.988227358528702	0.986313010797795	0.983711722226522	0.978110185736223	0.97368107720642	0.979110528754859	0.971637824386334	0.978389519221297	0.954060400079299	0.96932929082441	0.954559092941746	0.982776000865201	0.941427247149578	0.989955324896768	0.961323589778638	0.976843925429605	0.959210444961104	0.97819082774344	0.984264708388967	0.880044867528296	0.974096584404469	0.973380727469053	0.993964730164524	0.947233888281541	0.983990229788122	0.965754859349951	0.988573508088419	0.98397759454177	0.987709895504978	0.993996091729079	0.987042304519516	0.986362884217284	0.96050364393937	0.970980610096103	0.988077969625048	0.979089801176557	0.973624863802246	0.983691640539327	0.983291999896723	0.976054443699019	0.989675729184499	0.92556643697556	0.98886749604554	0.979984792087967	0.985065478713826	0.98737430802455	0.96611483500139	0.954682665642761	0.984797218552594	0.984868346083432	0.970468672071711	0.994243617111865	0.987889626112753	0.967713640350012	0.979925999566261	0.979379744933706	0.973161931294964	0.969953030823763	0.983216927170653	0.988797342727854	0.989196840826889	0.979225625321375	0.964557973814478	0.966595746503858	0.995823339931323	0.933000083436785	0.984457928281507	0.947703463070932	0.974046119312713	0.985419688981805	0.947131595557647	0.909739773965831	0.975131061738121
"SRR13357956"	0.991873154300823	0.954136756201974	0.993410851300585	0.987456572968393	0.989536993637736	0.963241682050091	0.978073193227419	0.960132128500245	0.993990256029317	0.990194193341394	0.971135749589766	0.963560225474224	0.982354381532053	0.992988491488517	0.9857227492206	0.970820139786202	0.966653000552182	0.96269141988232	0.944070187970244	0.976786301547075	0.967037999866734	0.98162799092276	0.977462042448783	0.958172201428942	0.978817193087271	0.98000858521357	0.972378962520728	0.991171694683988	0.98694840488704	0.985083812309674	0.960744926098394	0.992300343061314	0.939088954639288	0.976562942518218	0.980574601031663	0.992966820315053	0.993060045011664	0.983408792705461	0.990489424047672	0.964292807182903	0.948598048338673	0.986829788993196	0.947556166304765	0.979911057690494	0.983910442643241	0.955703099203699	0.976871672212402	0.991150785995168	0.958851030704276	0.969668843694281	0.980920309745128	0.980238709860038	0.988351247821198	0.977125646296981	0.979048549791315	0.989873352268487	0.97660167700275	0.940463343502082	0.984206342265387	0.987212376016258	0.982151947001701	0.973475605921423	0.978540129087703	0.975949797404387	0.967832687094548	0.980685198003753	0.981612931781239	0.988056472131189	0.967135414665171	0.98101987764952	0.973734501838994	0.984282983681161	0.953388544921764	0.974991265419617	0.897900740179406	0.963868559077253	0.975173593976179	0.957189161349184	0.830193171221384	0.969929225109702
"SRR13357955"	0.018585635957333	0.00248499162245136	0.0133991173635579	0.0878461037093076	0.0461222687125726	0.0478384736916315	0.0147532939941988	0.0587873184853333	0.0166579822125162	0.019039340291221	0.0132936573581125	0.0168389998639462	0.0396877518708912	0.00845352598797233	0.00619039190070108	0.00709050601269558	0.0250440267650853	0.00336252555403824	0.0812205631283612	0.0117820468334625	0.0634703466156084	0.0110044345869343	0.0139707095236512	0.00542880786276654	0.0319321538975884	0.0133154985531923	0.024241573376919	0.00801780008008211	0.0101613132253408	0.0268210618138762	0.00664174808255377	0.0327720394668407	0.00891722738222135	0.0635816264873082	0.0129605209088427	0.0256353274162379	0.0484563233333454	0.0210636542576523	0.00750068129551259	0.00556410309289889	0.0197917218515268	0.0149598698669403	0.0513435201718634	0.0143134089749597	0.0150161785534129	0.0200330466533671	0.0102292678379021	0.0174391667640119	0.0380233071597343	0.046336635990188	0.0249586644561269	0.0271932040990753	0.00538575523589309	0.0100745587696531	0.010070147127216	0.00920485113411217	0.0179490244923577	0.0661001055860716	0.0467966670496874	0.0783293599259392	0.0124853216466755	0.0146117834848816	0.00503936603773769	0.0136253256143271	0.0158395382227026	0.0173726653036648	0.0215373735025681	0.0122305138715484	0.00456420421794839	0.010041876409039	0.0133082481334006	0.0901526899357673	0.0211602053245048	0.0478505194841693	0.0176553395676106	0.0180693943395991	0.0231763858937006	0.00685150468297841	0.00834581586298233	0.0151756275976478
"SRR13357950"	0.235709642254386	0.105704476910132	0.192351134049833	0.124393304246277	0.121316715890335	0.175330054973495	0.202817947231121	0.116331703383532	0.159438467919685	0.149077305026804	0.1090985417792	0.154114871879114	0.146139811991583	0.155742996700664	0.135312625351101	0.138056330736005	0.231879235940069	0.162404529778103	0.128609295872714	0.168579692805907	0.148379903625028	0.17520864352196	0.161609005051055	0.13362040786114	0.180942234959937	0.103110972547074	0.179590645535733	0.134516497848923	0.168620437552409	0.111801382557047	0.157942931076346	0.158961270889241	0.187381798736251	0.139281722288403	0.166095102069153	0.157489260108924	0.149717199013932	0.151026983404136	0.148706967935571	0.169130998515546	0.133277118777088	0.184852704914213	0.148996967524193	0.235542367938136	0.168339049419327	0.126611037747758	0.163455520967201	0.194856664231893	0.310360918280222	0.130781777023905	0.256929892005471	0.186659140252943	0.107416972518026	0.194712479351485	0.211595888565722	0.19770243468316	0.122732619887337	0.1329024652015	0.179879625873921	0.251766372855154	0.122296354625256	0.117265633932363	0.162913271027078	0.17433748436298	0.15466697304366	0.135443188829266	0.158368820640919	0.182642109387691	0.14396748361197	0.191976763640796	0.194032120007813	0.153137927736108	0.170049569382951	0.13584626579813	0.0982995307309733	0.151787391698437	0.13098687718188	0.174867749836627	0.102125846105231	0.143869465329416
"SRR13357947"	0.650534458664141	0.461592691317901	0.7037400613171	0.905024006846047	0.716525217599145	0.636814444861356	0.497389126758859	0.646645261308355	0.422698297420662	0.402025664888732	0.496017994704559	0.558242564289936	0.60991643103984	0.377347528610101	0.424696064626765	0.323028258169236	0.615995449467686	0.416862898206628	0.688495539941411	0.351561251823349	0.7230494401875	0.368953984647054	0.487267963405585	0.392167050162886	0.538238831316865	0.402176777595129	0.285961868817884	0.298640219076139	0.406728341677344	0.661731948919353	0.339184614536833	0.515540136241784	0.552248970331107	0.679895264493302	0.555903700374144	0.580799606861156	0.736206530116731	0.627912790950861	0.535947069469428	0.396691333558988	0.491521142920799	0.630478520632558	0.582612063668408	0.554324323152926	0.522499967286847	0.665021705730441	0.467301030570772	0.632465416660012	0.399256123398478	0.65454975137585	0.591499971480891	0.62542397608695	0.434538705216956	0.36094175114408	0.38350128156175	0.564737198878997	0.523370806358008	0.550397996913009	0.796053538917387	0.720000155922175	0.405444562283528	0.500473604388979	0.477511059564363	0.507378597782611	0.490268256914678	0.51401116470153	0.607520196263818	0.70280848547096	0.40767424097056	0.576216933350859	0.366980037254201	0.774220882260016	0.357599533676032	0.598697857029442	0.383949133834833	0.542921104163463	0.595192329714869	0.321325687536354	0.268510924565471	0.441718990330751
"SRR13357946"	0.8668666378573	0.344867631384597	0.873517065309735	0.897110431693747	0.89331088772011	0.6376566418846	0.370233533496868	0.555966031980502	0.591330244360008	0.641644518231448	0.507743585285153	0.625600884902759	0.765458515535164	0.557998936347154	0.506758698541928	0.2617836535074	0.517215429816876	0.401534106477958	0.57983701523717	0.550641900903598	0.691495381611104	0.381269354390921	0.487420650587007	0.357661652944211	0.595364093759792	0.316251017477338	0.389819868694228	0.370197009317375	0.518354905377555	0.620081376086678	0.326467448664411	0.699625723873263	0.170529590760286	0.70123595739262	0.563957839760769	0.799966261224894	0.878385808268126	0.77167859539783	0.671521886325095	0.402920129656427	0.49125296426529	0.796681385937564	0.535248999069552	0.54850510292028	0.516416070424925	0.602212094803338	0.507727736683394	0.720221870950938	0.286125169248952	0.497934958335082	0.518552435776041	0.621989159727812	0.420632442796103	0.332405850106052	0.313217175126588	0.745177429896365	0.563422748310836	0.499434813836995	0.868554931786561	0.808726494409565	0.569872980376163	0.522174743761189	0.472907584521017	0.617780198111708	0.475691538446845	0.411719861364978	0.533949674060017	0.804888536955323	0.357564960766926	0.697417770495924	0.26214657842722	0.6391937745701	0.357921087512209	0.647219484198031	0.191406357044039	0.517606338068476	0.592291441264813	0.208102982855038	0.123846247927429	0.34293672525401
"SRR13357945"	0.977667296315962	0.870858707231874	0.979387576636512	0.986202372029574	0.977688198331089	0.91937926203625	0.863082266254872	0.901591741394527	0.947643911856742	0.943772127242228	0.898584715717515	0.89838425711926	0.95763408539496	0.950255146897366	0.911290807468216	0.768487968243437	0.915539584895433	0.852164657978157	0.908524493868188	0.893652609749	0.932068234647288	0.876309620712585	0.900353679083102	0.804493549349038	0.916381701000945	0.857111650059513	0.818714889704857	0.903371887194108	0.911919715565576	0.947284280960777	0.793014805669626	0.960309175373782	0.746761523810948	0.945039071027871	0.922921794503761	0.970174608132411	0.981518176299905	0.952159815131294	0.949678446975301	0.821914023616731	0.82884888863517	0.958673918518079	0.878041271506795	0.919158658068866	0.918109614403769	0.919266622959428	0.891657186023106	0.956192055821238	0.819714065138203	0.897138749382408	0.926296008316165	0.936516288400595	0.903856688104419	0.843475735067546	0.852331184988117	0.954005849250285	0.907404601381261	0.890308230577834	0.97224164210082	0.965891553542902	0.93409537344435	0.901241679169488	0.888326461300118	0.917111844202102	0.882125495774008	0.882003759828822	0.915335667546823	0.965683423512879	0.829222493443847	0.937795980960634	0.818127578475147	0.957764865024461	0.81508876084863	0.923447406908306	0.631503110271458	0.894932073073557	0.924910107597726	0.743721228683029	0.494969518006164	0.852041118094404
"SRR13357944"	0.96877833358691	0.795958806191728	0.98218052369048	0.985364782745803	0.979832108439974	0.932415026431109	0.863816565447507	0.894199417344447	0.954078741835559	0.947337494075155	0.8939693744571	0.896543682601236	0.953148398727239	0.953435519631183	0.915724796105419	0.730386331644014	0.944596238281944	0.87924339947262	0.88948457564769	0.931558113696372	0.926722583070994	0.917082078681615	0.905842918932853	0.817005716994897	0.918311218562078	0.85452832052051	0.850504685047429	0.931447738802803	0.929447585267717	0.948820928113175	0.824538084293278	0.968967415576201	0.787877881074407	0.956122861837945	0.932550493368099	0.975992901801977	0.982016307055326	0.952776534774311	0.951787106146724	0.859875935023397	0.850913019325268	0.959879693565238	0.872723649526507	0.948162236777897	0.933407012680378	0.917296345204001	0.902290799269317	0.954620487532048	0.929362951625314	0.896900120858008	0.961745925914212	0.952701123010219	0.898165457574806	0.863292702532632	0.910316774286033	0.955531035127112	0.901256730906456	0.912766604131007	0.971292654818885	0.972841099104275	0.947975536306779	0.909425897243389	0.889386757144595	0.939559986148798	0.889015444374368	0.896031696499439	0.912460308217312	0.968744853674683	0.816316153828039	0.933492491443148	0.846770744669059	0.962160677993946	0.883038940787447	0.917951393256852	0.558534337664436	0.915875060879605	0.933369169661021	0.805094778296241	0.522919866991508	0.881296764096701
"SRR13357941"	0.990271359697482	0.940239786334258	0.991513681258328	0.99612794822596	0.990653098539923	0.963151707178461	0.96339258828105	0.969642078465834	0.985990620247293	0.979248619206813	0.96354369669913	0.958896699341771	0.978005423474106	0.979254456459906	0.972587046391149	0.93588686399129	0.939933511703301	0.901563205445572	0.968102072967764	0.923325413941349	0.977065958392021	0.942315873130037	0.963957219614168	0.920919357965341	0.972646289017727	0.96600442342339	0.895876951092367	0.965345866774538	0.963217327339911	0.985725483900003	0.906420608395159	0.982529903713409	0.911895949731074	0.976405739184974	0.973420260881133	0.987575234726537	0.993811693253619	0.981448914032392	0.982571723310046	0.914660934713117	0.918412173214367	0.984133028436005	0.95663496876735	0.956711042560309	0.970553590453064	0.962613252929744	0.959749780356632	0.987983511941165	0.813397675502164	0.966655941145001	0.953382590128812	0.971843002620808	0.979503444049672	0.948254429964327	0.923299234642624	0.98417965733732	0.972339315761174	0.927514971656507	0.990097935853642	0.984016970866325	0.955874381069054	0.962677139063794	0.961588979772821	0.953735069802406	0.951796761110253	0.961364770443542	0.977251521483282	0.986781522401633	0.948321215409824	0.965908355968409	0.94103642649072	0.988812699345578	0.858961238748202	0.974772394203463	0.871333579286891	0.945516832723547	0.972836533848792	0.882661373270118	0.716510225831774	0.943883038229434
"SRR13357940"	0.992994545479059	0.982580000535911	0.997196910609357	0.998840227984172	0.996092338973488	0.987929567726817	0.992504681964771	0.990246296446329	0.997571144283754	0.994545608845104	0.987938386701842	0.983061273163554	0.982905770142245	0.994463567735042	0.993420586087291	0.984691359402914	0.983203102047027	0.981028861439803	0.988155673399341	0.968521191662026	0.987995613806347	0.987136187420911	0.990373084893454	0.974315041086672	0.992777810496929	0.993407860601815	0.960763768834903	0.99433164456205	0.98993892525245	0.996579280737403	0.971711100432592	0.995098034969373	0.983776544289951	0.992128117971757	0.99338449072479	0.996256045074113	0.997558524554075	0.99219332245138	0.995867854415917	0.971496855761791	0.968580030247996	0.993820625306421	0.984811256348799	0.988719793439371	0.992530201301235	0.98326583156971	0.988707235565133	0.995734273096246	0.928363032745731	0.991165774923642	0.987672843021462	0.99166703189224	0.996216440372685	0.989222411613554	0.982301893129744	0.994678623709762	0.991799163160693	0.968651788713786	0.994391579711869	0.989187847404988	0.982259670222852	0.988517799866306	0.989926069643288	0.983603350430731	0.984830339971302	0.990685677160927	0.991401049398138	0.995647558843246	0.986355581205593	0.992417181990801	0.989251646200552	0.997124070365067	0.951567198874246	0.987754262567775	0.951044910768427	0.981135129650131	0.99242945951183	0.973010921817634	0.883458015488546	0.987200894750999
"SRR13357939"	0.981638611108168	0.839318898254677	0.983111997822368	0.991382259589038	0.981857219586152	0.931474524302346	0.918774436988202	0.93704704873718	0.967353418360603	0.95448541709835	0.919833614109533	0.925110430714541	0.951323764234239	0.941853982478602	0.939213769969041	0.871084321746982	0.900722111113928	0.814487552669223	0.931702248202151	0.856277057868039	0.954644709583326	0.87955503514209	0.921662093600497	0.848538718561003	0.953501148233261	0.917934550506061	0.816104676323395	0.922129869392827	0.921680606126486	0.966066550171865	0.82443117271435	0.960470984300249	0.807783990207105	0.948064316021111	0.943512840873074	0.974174220416678	0.987083971070095	0.964236285783128	0.968284011930504	0.850347769112826	0.84935533162862	0.969816788869205	0.916690260055555	0.914252405932535	0.935631965882476	0.91939847505211	0.91923998144849	0.974148693797958	0.684775473716053	0.928159496941419	0.904195331921379	0.942075196147089	0.949506886414168	0.88977704320774	0.84211038818722	0.968194994439597	0.942446626951825	0.843605445192131	0.980660408375697	0.969416912946921	0.897208318225287	0.921840096775535	0.91803163178532	0.91378848936618	0.900395236813808	0.914951635193108	0.949583915952635	0.973479473126946	0.892564023983444	0.969758395475232	0.87103599477908	0.97285267263711	0.783033940178206	0.950908622236674	0.75434930123993	0.892609328923858	0.943284821582411	0.771720254419757	0.553959002049465	0.883535151303576
"SRR13357938"	0.710044111966232	0.550552076651446	0.791467760289637	0.950590557874985	0.789704057064388	0.740674176762857	0.597991772576349	0.783251875540007	0.676642690428234	0.592063449009805	0.646806822728161	0.683181084871158	0.664370641745465	0.554195259354412	0.636190063451358	0.560873890171897	0.757200551586445	0.597421778540423	0.791662874610937	0.488735605826458	0.823398650202669	0.566241096735036	0.676722658269597	0.503864977816063	0.726641372233081	0.650855974180662	0.436056141696132	0.556606832558488	0.598856641736739	0.821917734694385	0.525317929127414	0.687165121538614	0.638839926032802	0.80034164388735	0.746936073557471	0.735261089130176	0.844287376537122	0.744122320862341	0.701327986105275	0.566911768552341	0.617312758955247	0.757579511096315	0.724805799096648	0.728479945533878	0.728859472102526	0.751613911753488	0.657603806826393	0.799116425107455	0.628457144986786	0.804408710898322	0.787715432125005	0.789305300916356	0.684780826180201	0.605842665173765	0.562766288230907	0.724840364906015	0.694690145572565	0.649605674905788	0.872644434530442	0.833759892306133	0.511249350199174	0.668879267645369	0.664048392128074	0.658499915078081	0.656039423897408	0.726053411072331	0.787559611621185	0.793145375745348	0.611771453828211	0.654793938789901	0.620537479208964	0.905013864241602	0.509615189061083	0.736483064228366	0.540401361804284	0.687000141056169	0.762157499243418	0.55968686251638	0.416936076719096	0.67007662090566
"SRR13357936"	0.905613266472223	0.160045323246159	0.8367876692636	0.911368432145909	0.810403732541911	0.808877870829284	0.531222039074545	0.748785751488928	0.729335266468822	0.885836403121799	0.769924499000732	0.770159684671486	0.819734271488052	0.833665276085794	0.136682572203677	0.254035078003048	0.893368519945129	0.618408158264146	0.882100652667428	0.693469505309739	0.787294690226011	0.641710815867828	0.774250648709079	0.545988014578701	0.778957294967335	0.582567429726723	0.550831215507024	0.627142846726812	0.484180518875715	0.769715369822649	0.452510908566785	0.77183477170831	0.67580912030765	0.874199431569663	0.775969213006861	0.742231097329061	0.846073145126759	0.795024648899313	0.767904908064486	0.616160984868836	0.682000039664335	0.859003999373034	0.691063743030567	0.79450266745516	0.606214154819875	0.873638852170361	0.659660588149569	0.749543780931249	0.712832082039723	0.702143531667402	0.78130201527401	0.81775365442469	0.266078857614163	0.622252640647344	0.614198371517191	0.730583199559852	0.729155274618168	0.773314187847704	0.840982213506983	0.847672980441879	0.817754845695172	0.688619031556694	0.658466890980696	0.787259990586389	0.748071157310368	0.631153983953199	0.535534800857133	0.792240514445713	0.624109478932225	0.738715255561393	0.600687120061006	0.851546973995058	0.446207092583356	0.734037597076477	0.49758364918392	0.773958124151372	0.78587221176079	0.288662533347773	0.421764052056348	0.645977225717481
"SRR13357933"	0.109959802163357	0.0417758880358603	0.0859784398350917	0.0397670662946882	0.0537256381056701	0.0669582953085922	0.0443687951896239	0.0357697898095755	0.0334040687284372	0.0446843554294084	0.0349812424478684	0.0658534275007867	0.0760359405111326	0.0426252434099002	0.0352342637514335	0.0444317784441635	0.0875632786565587	0.0743139905163046	0.0413164215256551	0.0865673945620427	0.055174761429884	0.0496666274765462	0.0453096728109655	0.0495351395064247	0.0528488029907901	0.0192453494822837	0.106972890289423	0.0275118777521348	0.0553145642361936	0.0272327972440953	0.0517499670824619	0.0549329504410382	0.0397510650331615	0.0356900064581343	0.0420103972519882	0.0601258180025727	0.0544172780440922	0.0650150898613305	0.0478311813112891	0.0535031681029499	0.0453894827758776	0.0764802480809958	0.0399639541740154	0.0824177388389637	0.045369996493347	0.0516485052825171	0.0510882968090476	0.0605849796006297	0.123458118450156	0.0505415558793174	0.0835204205765782	0.0605162662754163	0.0222908357937175	0.0354543009380101	0.063928042779314	0.0658020959363038	0.036973993354331	0.0403409957861269	0.0696876442747057	0.105959340016798	0.0515686463353127	0.0380362642236993	0.0492369432098107	0.0762560379596972	0.0502437201151531	0.0515995436703631	0.0447149481590115	0.07494660977868	0.0335752636591929	0.0928489076496846	0.031696542495643	0.0305206799863572	0.0758967108509714	0.0477623225330011	0.0356029246647945	0.0572814604654915	0.0392575224013455	0.0431755403473877	0.0339771088026092	0.0352639592575795
"SRR13357931"	0.969307065664016	0.844197442260362	0.974199844881603	0.913869973371861	0.96497750833866	0.866217846628784	0.916728162591073	0.812412920549419	0.953520460250206	0.946997324937426	0.865625277320719	0.873992531589525	0.941702878909458	0.955801431464736	0.915845656181438	0.846250209950698	0.826245401186141	0.888750161330122	0.761469854014522	0.921835452607197	0.860691405399545	0.904554584174009	0.877892762530006	0.864783743073446	0.890182886926367	0.853262269194152	0.906104322310227	0.928204475584834	0.934157999462176	0.895445144697936	0.83518199375674	0.957854915376677	0.778403035754925	0.899059893191477	0.885819186778413	0.965128862364961	0.971047047784889	0.934979812461943	0.946126191749755	0.871341657602502	0.866869756533247	0.945795525076015	0.788665312406353	0.900328785514393	0.900518577790721	0.827416548715377	0.887811888262818	0.948068263238889	0.80113622872287	0.846356606688072	0.880686781817254	0.890664919436772	0.908378272772148	0.857543719356782	0.899896052985303	0.952491632876228	0.885461190046734	0.79417933201263	0.933943755798746	0.941525447212262	0.925600822309192	0.872637489420306	0.895949294673927	0.905345891715754	0.853255281784351	0.883028651041895	0.88779323565733	0.952711428074509	0.835243324925495	0.915775254028689	0.825675143949633	0.859835252211923	0.82461368898962	0.889973026329886	0.658600624269915	0.8478954001739	0.865625039666447	0.769823305670392	0.53236903090487	0.819544589229141
"SRR13357930"	0.96338641546723	0.761467702882312	0.965199248183145	0.923910739519672	0.958072731772485	0.860603394746594	0.883751347109225	0.814807178984019	0.917729212359682	0.924043944548556	0.842912354967234	0.878237151710783	0.90240465639283	0.892779359445045	0.85831426122361	0.782132464302294	0.743175264502343	0.793327603448432	0.804230055252334	0.831362803264169	0.864907935135325	0.811379627937411	0.830971379029933	0.810056270350889	0.877334188079609	0.793947998214915	0.806916487228615	0.842689580530743	0.855714345712323	0.873697636366239	0.69994469741627	0.914153468898591	0.759318421176026	0.877119213374102	0.855090204606058	0.93616655089344	0.955971117707118	0.924255971635993	0.926263825556696	0.793936912445498	0.842250634671849	0.93993935350881	0.782213994423318	0.830289288955408	0.83058756072989	0.816164001005849	0.828665539219285	0.926475958871839	0.503138895917958	0.797004311449211	0.728647668541436	0.844044211420716	0.866089467034795	0.783927140362747	0.775283468017934	0.92930994074891	0.872544611115258	0.739020637895062	0.936330968926233	0.915914997037184	0.839195528095786	0.82571744267946	0.838713455766893	0.858516429692453	0.805577321212401	0.793878317111692	0.847413030610533	0.937808193708647	0.788165143092956	0.893818349883665	0.728569539423153	0.83183843325614	0.685889965147355	0.881134263007021	0.626130316390354	0.790606078656559	0.843596084441778	0.607964214551093	0.443976459186445	0.719405206432101
"SRR13357929"	0.825806401308633	0.304228523898314	0.690828628064588	0.279408930545149	0.589291573856728	0.323765296155186	0.412646987982222	0.180110752707861	0.544043290124548	0.578307977534488	0.249190854157842	0.355601992022978	0.493099610816297	0.519064139611141	0.371826044356131	0.295820031761986	0.200670046097378	0.34029257934029	0.192615824120264	0.375207528221181	0.264100472309171	0.29572956566967	0.309782273609707	0.280652687463254	0.411975242295243	0.184641730689639	0.398770340815941	0.307770536070964	0.398167438496032	0.216211022176735	0.240639758169637	0.483455917156166	0.15623031847108	0.288598541128446	0.289843993868926	0.565148949644181	0.578621383676245	0.477175947712012	0.476870470773268	0.265497920207581	0.262654420851673	0.5768965479627	0.19995672027701	0.317030869741265	0.285250401000296	0.186461669018076	0.335179127069047	0.549026171117595	0.127869471198619	0.200743998785115	0.204718490654575	0.274665242803206	0.301372680872606	0.26466298905334	0.273351600049572	0.587675842059709	0.316426753930902	0.153939035941441	0.449805327294636	0.511216294002465	0.331778629417446	0.242837447615533	0.3331268875024	0.345033303288174	0.268032439982962	0.254442382277134	0.2956369953424	0.533810447212167	0.249309988496206	0.562656699604954	0.204657780697443	0.172977801740389	0.18884078621961	0.343109021476494	0.105118725281521	0.209809315513182	0.241050589012104	0.146690571522104	0.0616623912380362	0.164598023465215
"SRR13357925"	0.0583183292241986	0.0164518837909761	0.0253837628628898	0.0196125685988886	0.0192010270604504	0.0259155723828543	0.0118612166788012	0.0176978670437289	0.0159885696841839	0.0198766479670888	0.0141321001396763	0.0298415346921396	0.0232335745573174	0.0143158103223417	0.0153889440667446	0.0228800316916907	0.0330849822772846	0.0206862374980736	0.0257944332572624	0.0204479276407099	0.0266995393687762	0.014208147195292	0.0219452505116693	0.0143378735191754	0.0316820488196778	0.00924484856757574	0.0298404113035817	0.00902424217469176	0.0178040753502183	0.0113907712817096	0.020873557790744	0.0161034348061535	0.0100177864280172	0.0220202638283121	0.0197251190316541	0.0188842785767073	0.0219794839703115	0.025236105434063	0.0174707744888544	0.0228192554708901	0.0225712816895081	0.0339466871061046	0.0207739858298109	0.0285262661851861	0.0186192908838941	0.0194601763721567	0.0230158983943805	0.0297229098427124	0.0334251807996192	0.0185167687655198	0.0277902304670669	0.024548157464384	0.0102388315486841	0.0181373603808404	0.0151817723535886	0.0287097431290324	0.0175287855216232	0.0177651074302224	0.0329499293453683	0.0454631553905148	0.0118115601153654	0.0144431310639747	0.0210838814616832	0.0248695731326618	0.0225616242135394	0.0163973650514441	0.0215990474016803	0.0244644435672042	0.0173278858295112	0.0388067834872102	0.0159777138463966	0.0172731175474316	0.0206193565882043	0.022247930936038	0.0171657310916536	0.0205458357435493	0.0175902047887266	0.0191382134505568	0.0141917419984446	0.015314920592736
