"Model_1"	"Model_2"	"Model_3"	"Model_4"	"Model_5"	"Model_6"	"Model_7"	"Model_8"	"Model_9"	"Model_10"	"Model_11"	"Model_12"	"Model_13"	"Model_14"	"Model_15"	"Model_16"	"Model_17"	"Model_18"	"Model_19"	"Model_20"	"Model_21"	"Model_22"	"Model_23"	"Model_24"	"Model_25"	"Model_26"	"Model_27"	"Model_28"	"Model_29"	"Model_30"	"Model_31"	"Model_32"	"Model_33"	"Model_34"	"Model_35"	"Model_36"	"Model_37"	"Model_38"	"Model_39"	"Model_40"	"Model_41"	"Model_42"	"Model_43"	"Model_44"	"Model_45"	"Model_46"	"Model_47"	"Model_48"	"Model_49"	"Model_50"	"Model_51"	"Model_52"	"Model_53"	"Model_54"	"Model_55"	"Model_56"	"Model_57"	"Model_58"	"Model_59"	"Model_60"	"Model_61"	"Model_62"	"Model_63"	"Model_64"	"Model_65"	"Model_66"	"Model_67"	"Model_68"	"Model_69"	"Model_70"	"Model_71"	"Model_72"	"Model_73"	"Model_74"	"Model_75"	"Model_76"	"Model_77"	"Model_78"	"Model_79"	"Model_80"
"SRR13357893"	0.97860154677108	0.975727454747013	0.998781062372784	0.79462265366288	0.936669377820442	0.681240347831641	0.99858698734106	0.996745076623518	0.987476380351726	0.785846366066641	0.749914161322248	0.99240057106582	0.951898955391543	0.99596698186451	0.998789960720556	0.862766612217217	0.598377521758839	0.986039134408459	0.986243654989348	0.994787066602287	0.999242493720262	0.972200102170382	0.98285017023662	0.973655506578455	0.99900340747174	0.90868515842191	0.996810118673743	0.812250580131319	0.995408561676496	0.844017447037542	0.834433538236901	0.995057438649224	0.943116987167891	0.986591340732957	0.969847167823349	0.999318616152409	0.829837139934191	0.809593067302148	0.978097834449233	0.732523984020449	0.997375161527812	0.757583365264031	0.987518793995996	0.999928710820699	0.99997047648227	0.997958796373972	0.992114733832605	0.986290673936774	0.996299025440292	0.944977470538965	0.608050039639658	0.999203068006919	0.986661525395796	0.985846559535563	0.996846648909262	0.972158692570548	0.811229759959675	0.921136749225395	0.864991550723947	0.951161675979599	0.991375968604439	0.837220171799441	0.762107642962363	0.993714078997586	0.932095093270168	0.999210893339065	0.993958905245949	0.996853416969741	0.734410560998481	0.998936526609983	0.986733145152957	0.994101350840822	0.989918781193743	0.909301519935997	0.777247866562558	0.941213447465375	0.997258120920343	0.846233315293074	0.997449961563974	0.999725640128842
"SRR13358121"	0.922782725667744	0.911670050479859	0.982211785427462	0.79462265366288	0.852814566857384	0.681240347831641	0.873319870878823	0.656352665429057	0.915075010984682	0.780631036751303	0.749914161322248	0.97267874369764	0.718670097421395	0.897806258895051	0.98928623239054	0.846731565429773	0.573346133104278	0.942890810142225	0.905215126108139	0.929930084279427	0.971304445550643	0.696368371258996	0.813459187496977	0.645446455544598	0.961799323933879	0.768056523496787	0.976172433866505	0.677501035291949	0.941879026136413	0.791418237051569	0.600134031922928	0.893069574461332	0.802825242838561	0.95313997714017	0.629042056638803	0.908916501156588	0.801367849244793	0.785563646151948	0.619860055623357	0.601926653376212	0.983519494014388	0.757583365264031	0.962791892650873	0.954389760032829	0.974004995111679	0.981231730070166	0.929375078964978	0.821257941956938	0.790032082244244	0.828685883534667	0.582956966344192	0.966566107937165	0.895111013590109	0.928134924167948	0.914751900617302	0.875687495311864	0.394874441238089	0.763703194740581	0.840311038323855	0.538386101766958	0.913774831900304	0.831859459834981	0.762107642962363	0.932564256422817	0.710617219099808	0.961273372112838	0.918754943627519	0.945001582404887	0.734410560998481	0.978493369906645	0.555610289080346	0.885813032545053	0.80464190483603	0.751556383100624	0.777247866562558	0.437734954814597	0.941061694712304	0.814928651661258	0.930811526310791	0.965937251329862
"SRR13358010"	0.79853627756683	0.836006739397146	0.918765405108556	0.79462265366288	0.869014984946275	0.681240347831641	0.950034797472842	0.952396339884382	0.863049333386586	0.775664095798264	0.749914161322248	0.881371631861997	0.861429664778705	0.895781215249685	0.915430184901138	0.83035143752069	0.806396276989528	0.815551973897628	0.899748740804347	0.86251381923362	0.920711036116419	0.856748970219222	0.858994306965109	0.827601204919076	0.929249090658204	0.84680010530857	0.90445692910945	0.843568534657423	0.891472477277054	0.747360107131089	0.812892470837174	0.90872628066353	0.835060027052798	0.841524800931015	0.861024378424398	0.925992053887536	0.771584236788788	0.761124410135711	0.904211917260304	0.711170986131312	0.910215005513109	0.757583365264031	0.857018900799265	0.975977052390346	0.975484708503821	0.919701926881908	0.872829355429349	0.901476607195373	0.907296451006996	0.890328157577241	0.803667137679961	0.943276971891109	0.867844669187964	0.848301221699111	0.885227837180488	0.84361777397534	0.754957347847149	0.824227430657237	0.789124042097676	0.887729014078531	0.854539937496781	0.826711735466979	0.762107642962363	0.866813121845263	0.832234966075351	0.933434526100973	0.890150875615564	0.860122410074588	0.729795159364259	0.90156649438413	0.890282034380099	0.907421215440501	0.907297587342137	0.818601112020528	0.777247866562558	0.896244074944684	0.870941408491245	0.781340879557822	0.883339302818529	0.946953199540521
"SRR13357899"	0.881633221307285	0.887033912857453	0.965163281821608	0.79462265366288	0.912743313954515	0.681240347831641	0.975908018965292	0.972529750420688	0.914464727495382	0.777822260683306	0.749914161322248	0.962151153231177	0.887897786619856	0.958836648887379	0.976859027943646	0.837601471804787	0.806396276989528	0.903536846104705	0.938113897658143	0.928292176669531	0.968994025007905	0.896411530588238	0.90694586853633	0.887389407707832	0.971568012430415	0.862085168304347	0.977939733956685	0.90084212296733	0.949939419968879	0.770458363259044	0.833401213415681	0.953869442960273	0.871483516744422	0.911269837860559	0.897372832916526	0.972470392031479	0.78483902417326	0.771924220870144	0.928907574369754	0.772717297342155	0.968720948274598	0.757583365264031	0.956376067088424	0.992803910138097	0.994075958598987	0.980009021403519	0.926536792608394	0.948878013082824	0.951404192886093	0.935879745400786	0.814149340587959	0.976234356617445	0.915955334041668	0.904560835442838	0.946916091658582	0.888556575291926	0.776602058147487	0.850200037773358	0.825768295571558	0.90519422772433	0.916274282042866	0.835246001635953	0.762107642962363	0.926926091250925	0.886973477124588	0.973132694130546	0.938319356699901	0.946036308369047	0.734410560998481	0.971929683110859	0.934904731969831	0.958838745586129	0.94066809027603	0.842092758307699	0.777247866562558	0.907648899785552	0.95200972081268	0.796382904875404	0.948203025338333	0.981919971365217
"SRR13357647"	0.895187781739758	0.885153464704664	0.961150043685615	0.79462265366288	0.850503347435964	0.681240347831641	0.827880853911902	0.618215921825425	0.885126038127502	0.779089040204275	0.749914161322248	0.962335144470841	0.702777867699147	0.86330997200621	0.979754462365965	0.84176205248222	0.806396276989528	0.918887169078785	0.88363144622247	0.894077527566696	0.947319493552845	0.664939743318991	0.773801043338165	0.606060829603018	0.935856317371968	0.135786142445939	0.965501360876186	0.864634076331305	0.915893221978668	0.776473181764416	0.619109123541723	0.856046667266965	0.770445770986925	0.93318449128178	0.603532914233715	0.853353782604951	0.792395858235688	0.77813482393965	0.604206635427914	0.61146136044221	0.915183175952472	0.757583365264031	0.951887340962117	0.916321881421037	0.9416617566753	0.967674381406335	0.899243173113121	0.799054489837188	0.510180434602048	0.672100478544761	0.814149340587959	0.943480692070439	0.862901688450116	0.900549665080226	0.872757654585594	0.847233307113621	0.413416974226274	0.748388661308338	0.832436248212864	0.543848222519797	0.875514085949725	0.830265720177158	0.762107642962363	0.900090464188001	0.795088528901969	0.933490848575216	0.885596554764184	0.913745239599725	0.734410560998481	0.944269121280138	0.476208480091824	0.497408257482685	0.768646987672599	0.738714236462151	0.777247866562558	0.459701533117077	0.908687064687802	0.80489260278126	0.891570441735517	0.936064871831365
"SRR13358145"	0.873205010317936	0.897699527116083	0.970462782425171	0.79462265366288	0.73930101011813	0.681240347831641	0.891242719921696	0.750107433348692	0.904222491343282	0.779534496188006	0.749914161322248	0.892875983287056	0.751736301624396	0.799876431876499	0.967195621727894	0.843208374570277	0.806396276989528	0.891437211683723	0.880414984146333	0.915011034216994	0.963068485287054	0.732734247992621	0.820141423962351	0.669992435243345	0.949206225865075	0.228173317879223	0.896675754245758	0.804689525567094	0.902688987753473	0.782003361402124	0.584124391177933	0.895521249027965	0.779024412685892	0.919485371620274	0.684857407784192	0.899993505712089	0.795013392165867	0.780295763758255	0.696647238752915	0.604916291180109	0.903114476425114	0.757583365264031	0.8330552214992	0.957791170569123	0.971447908655659	0.935033158294949	0.918201775213019	0.751302624084108	0.666146858896128	0.640506512089896	0.790143878422637	0.961287246004541	0.887809468393128	0.914131734295331	0.892291555459054	0.867707709640147	0.439000004194955	0.775616950650807	0.780771389984989	0.630499083961381	0.900100225166651	0.834480695514535	0.762107642962363	0.920145843740333	0.764303684838334	0.954203867009169	0.911345194267626	0.883829493730849	0.724038763924957	0.898386411868766	0.599326367691909	0.468858054845882	0.827810680339557	0.765099444118964	0.777247866562558	0.557948303800556	0.873816468557556	0.80782830726102	0.908797564171358	0.960908847128998
"SRR13357892"	0.66239666881259	0.780905042274382	0.843364966978891	0.79462265366288	0.746372828409548	0.681240347831641	0.910407901948919	0.925757324914003	0.80265696387283	0.773864981575404	0.749914161322248	0.555513614291397	0.83569617398828	0.706644313209627	0.684101336525221	0.824152235062318	0.806396276989528	0.7790284290948	0.8354453194135	0.772244145962615	0.836428207289282	0.814950906275355	0.804723966239965	0.756408223660784	0.846619216636086	0.833109697589514	0.515702437310213	0.716475669637187	0.765140916157051	0.727095732453495	0.765940163109872	0.838117444207347	0.788030601582556	0.722514034336506	0.823231698123232	0.832622560776368	0.760175972272873	0.751915637631107	0.878211838602563	0.664962777266199	0.73598712094266	0.757583365264031	0.450510789730926	0.9365312590213	0.934564829642069	0.633022197981358	0.805675663183303	0.781154143381837	0.846406280071414	0.773707757780048	0.781072501703824	0.887160273951767	0.811895146508779	0.783172067659926	0.778146543165413	0.796043379698297	0.720662037124945	0.800128570012447	0.718370201245875	0.871191836257492	0.778215449880943	0.824837107174162	0.762107642962363	0.789221771694472	0.735729825723817	0.86343385698405	0.82785708349107	0.648059683937217	0.720288970419165	0.637826926984187	0.906218385410782	0.760501781882462	0.867780451018368	0.797148411523425	0.777247866562558	0.88587003661823	0.656128251719026	0.768285829093436	0.769561546916147	0.876571510807302
"SRR13357761"	0.660362987148725	0.744827682394227	0.770687727822544	0.79462265366288	0.753710914046507	0.681240347831641	0.740530980693546	0.714487554513989	0.735936878993022	0.773462678145356	0.749914161322248	0.658340573322977	0.728880725534089	0.59507590234496	0.70597996880786	0.822746766719135	0.806396276989528	0.751462233170861	0.776805754339366	0.674789484056655	0.721209197717231	0.66214160773303	0.679252832363517	0.571593290504347	0.730715003664172	0.389303535830599	0.593497744092636	0.709598147529595	0.697584048695267	0.718892914939323	0.695135938084125	0.706311759905961	0.719684472435697	0.729705632355146	0.649972841363426	0.604946084442963	0.757581276533619	0.74983145041921	0.708854592370572	0.632739447408771	0.602866719396545	0.757583365264031	0.587175330720071	0.738527108827387	0.721191732946245	0.649865665331483	0.731188940456318	0.67383194988156	0.497363189342112	0.636861054707933	0.791933121582768	0.780080526783409	0.730457492918294	0.73696820203327	0.639425465550171	0.736778033721987	0.570686751668318	0.734789891953613	0.744780141231349	0.714121292753141	0.686364921671977	0.824417194837175	0.762107642962363	0.705628447428838	0.677476601122832	0.73492329400525	0.730058871479974	0.579100161495353	0.724788534988444	0.561513259516049	0.653926110966361	0.409119334533765	0.727543040444488	0.73423318314105	0.777247866562558	0.714816893744235	0.5736725272908	0.765303594775258	0.637641033551651	0.709312559700683
"SRR13357693"	0.793736549389289	0.806969498323027	0.835759552793657	0.79462265366288	0.891457840048418	0.854213859981526	0.887303045467046	0.875947511514189	0.82061528855372	0.775018272635577	0.752068816959495	0.926620528986255	0.803885249896088	0.871162773775311	0.929131344790097	0.828142342341283	0.806396276989528	0.819301892418895	0.856771684940347	0.804204231024836	0.86617153239616	0.776938385919279	0.818182461601312	0.818197439870588	0.882906608733251	0.848493241660945	0.942721930551824	0.870143179584509	0.866293884585131	0.738213747469501	0.789309110202754	0.853402320983442	0.804128982066372	0.839319656413749	0.75891608338668	0.830136103713568	0.784755182053549	0.757839968424332	0.825259549294269	0.735382205897981	0.920164104573863	0.776643761207374	0.939230460215685	0.924921092588532	0.930187203862784	0.942019485213844	0.82712742303085	0.874551191654811	0.820882201404957	0.90301465552543	0.814149340587959	0.862091344478569	0.819822026872697	0.813547180226026	0.822968826905065	0.804997164376908	0.72419648635389	0.757885525014347	0.810371930869516	0.810515768240355	0.851136465284544	0.677793012107897	0.787412367347183	0.840874500640019	0.827143059368287	0.879378656627451	0.837250179932227	0.835741251313731	0.808615971838497	0.900621029072285	0.846073035349917	0.911481339769312	0.841156057005788	0.756851205208397	0.791000078123045	0.813838547228057	0.845211968936086	0.779434839108071	0.822066684032464	0.902200533876857
"SRR13357682"	0.679836175470078	0.742916709629508	0.797568436652874	0.79462265366288	0.674912417187203	0.681240347831641	0.425426680918785	0.261486180168263	0.694083659432141	0.774287540038902	0.749914161322248	0.780804217261875	0.555442923230222	0.391111077768838	0.844683639581504	0.82562089871813	0.806396276989528	0.773703778906527	0.692007707906338	0.613343377004803	0.646524010591411	0.435301475906254	0.521925063691413	0.326169955864155	0.613367623603951	0.697233095758539	0.754667904852379	0.790076847089349	0.618938283410044	0.723380083417379	0.527485201576374	0.605309654543301	0.643511673067519	0.766690223085147	0.380083465012462	0.328567138529308	0.762884244874635	0.754094998826566	0.384258903727012	0.54780977454316	0.85521528268727	0.757583365264031	0.736142069177863	0.362471368157657	0.386465462347971	0.813576792288409	0.686476701725944	0.487030897765308	0.327328782066163	0.771166081081786	0.79187663506646	0.667826891087664	0.657144091721388	0.731748471613327	0.492254506014225	0.690083176614609	0.325567311771079	0.647885801316826	0.750330469111725	0.400305158157205	0.62875534299019	0.825277877052828	0.762107642962363	0.659225536280466	0.573356834050992	0.603939953355984	0.638473878465437	0.500281859403079	0.724764811624606	0.573338207040402	0.29901040204777	0.448563167275285	0.498081705318101	0.648883261835396	0.777247866562558	0.346708733509715	0.465214579094665	0.77139359382079	0.515035272294438	0.516159655363557
"SRR13357671"	0.805517367808695	0.807167503470147	0.834435315528084	0.79462265366288	0.856077753358629	0.68105982787072	0.751247916690434	0.63540955934952	0.799407357076346	0.775653122694809	0.749914161322248	0.940333939517061	0.703264693747851	0.790516259925709	0.946686376657576	0.830314054952991	0.806396276989528	0.83352189459826	0.825694157086124	0.775044774786359	0.837125598115487	0.641579558961786	0.703274210780876	0.573311301553042	0.83902029840431	0.414984269207524	0.950600333131291	0.85631896550817	0.836031055942541	0.741788446034299	0.691306544669433	0.792148306334228	0.748761965588669	0.858843179957093	0.606295477296948	0.70571468963399	0.771515634455226	0.761068804856482	0.640375474739422	0.648573836022715	0.892164049586318	0.757583365264031	0.936688299957158	0.798856476852776	0.824828175827233	0.949089547805903	0.805480736815813	0.770502880130388	0.518668296655702	0.830698783113167	0.814149340587959	0.825525615626274	0.781653059138732	0.812191904743828	0.753310269470982	0.779115445474202	0.415189108926585	0.692603841149361	0.813934516688099	0.623708529463367	0.734209298286885	0.826700317855472	0.762107642962363	0.793363023866095	0.757654798757848	0.828344417345179	0.792974705726583	0.804344029445957	0.734410560998481	0.867256443595296	0.610578368089228	0.628190860570683	0.723613379384587	0.687734170406437	0.777247866562558	0.588572540658686	0.802057519193268	0.781262663688695	0.76538455068636	0.813769370099872
"SRR13357660"	0.910762438929422	0.908101217188505	0.977894263670503	0.79462265366288	0.897316510172506	0.681240347831641	0.96481367545699	0.937870340508918	0.926596972432413	0.779476904801784	0.749914161322248	0.976356514889294	0.851395380145092	0.952467258323397	0.988975554333902	0.84302187481286	0.656457696463752	0.930995845653219	0.936005856986562	0.942106946997734	0.977604335557029	0.858665420947291	0.894576339910496	0.844055461055775	0.975874064994634	0.693646966679597	0.986849752197045	0.758949109379265	0.956341958740309	0.78467940271639	0.766081066517438	0.953662220432874	0.856448675391728	0.938834103289834	0.845128047104795	0.968440886673412	0.794676151589521	0.780017061308103	0.874045130171371	0.733497250112486	0.977034053188899	0.757583365264031	0.971596506659758	0.990437649270078	0.993370744022958	0.98864973958217	0.939215740215181	0.931883129515002	0.912478291864361	0.916834216314416	0.666053270536181	0.979591937603086	0.921219334348866	0.925607104162267	0.949660428673627	0.895967332580379	0.662364327202379	0.831566644297082	0.83444200581058	0.82831814174374	0.92882394510255	0.836852523268825	0.762107642962363	0.941426593179282	0.823122695104431	0.97695700842199	0.943337337209427	0.956626208768118	0.734410560998481	0.978033835038803	0.865987220777635	0.918829723436956	0.919649429864126	0.821379378860969	0.777247866562558	0.807162858776661	0.95886695125394	0.807450425619865	0.954742213619365	0.983851636552152
"SRR13358098"	0.889599026914321	0.916120840640364	0.982119371918923	0.79462265366288	0.848469220580342	0.681240347831641	0.986335699136466	0.982062325183762	0.94120782554769	0.779460778393289	0.749914161322248	0.900705179847018	0.90503588786625	0.948517531538027	0.968341354833001	0.842969626146102	0.806396276989528	0.933725533455298	0.943556722262138	0.956069037264194	0.985201552313146	0.919839202013263	0.932915509020271	0.905959705079645	0.983615103286046	0.872880377938304	0.924012379534323	0.858523474215495	0.955495909441353	0.787076308205599	0.793436043136848	0.96552221459887	0.879566820252689	0.921436833241917	0.919201913318067	0.985481431266322	0.794581657046443	0.779938984537923	0.943660025964592	0.690868991747612	0.961694929509505	0.757583365264031	0.847333190543308	0.997159313253769	0.997893792333079	0.9532819437611	0.952549116487117	0.929635172594995	0.970801820313304	0.870508900218103	0.793737070693982	0.987945704993581	0.941341797861236	0.934133515945173	0.964879733836436	0.914862790476806	0.762291894984717	0.867841074273516	0.788806689092132	0.916854671933234	0.946240328707478	0.830650295060576	0.762107642962363	0.954789045959388	0.877517837724484	0.986494765685637	0.960955558632347	0.948333647676055	0.725548003632436	0.96573635540767	0.946019891053702	0.947559456029835	0.958189741978234	0.858323493170562	0.777247866562558	0.91558866931952	0.951904017781948	0.807344524720332	0.967286874729965	0.992190646883743
"SRR13358087"	0.74969362223493	0.800312940485371	0.875653648665471	0.79462265366288	0.831137710938083	0.681240347831641	0.88724399006927	0.881397276822252	0.814503858878153	0.774758255641075	0.749914161322248	0.876273525814517	0.806737793611947	0.803007550341313	0.907735234430211	0.827247799194289	0.806396276989528	0.810304436650393	0.85592992922979	0.793924452940229	0.856761626440926	0.779490997786841	0.789170346292228	0.726023705846537	0.867527520791772	0.816833257666985	0.907610784990378	0.833037647669466	0.827831742973887	0.735552676732994	0.764406015590836	0.869547973976805	0.792067007036372	0.803505218392162	0.777479834594998	0.828405663010463	0.765880439405487	0.756510869414895	0.831336906226109	0.678266123466026	0.9048408825212	0.757583365264031	0.859614399185299	0.922614319354447	0.922941425211769	0.924006282070634	0.820117485364128	0.847185153484533	0.812592560768314	0.907256053973246	0.800274086466167	0.892668288548147	0.815187976490872	0.805729719037412	0.800913963655743	0.800873034824041	0.673366908446531	0.785625000117727	0.775048062063591	0.818663199112529	0.791984725441175	0.825768536292067	0.762107642962363	0.80730291107511	0.774528681298911	0.871573075729679	0.831884721738174	0.768109412655635	0.728330891767825	0.82162429587109	0.827440062964686	0.830608826836877	0.842054381448392	0.78177382867376	0.777247866562558	0.824594293800408	0.775429789412545	0.774825646649858	0.799351102426474	0.879207279738532
"SRR13358076"	0.858591342150096	0.860610782825098	0.946271613307006	0.79462265366288	0.886484278360725	0.681240347831641	0.920113434840304	0.883796131759142	0.875852637133439	0.777167730788677	0.749914161322248	0.952113935347099	0.811034418416107	0.908119709638881	0.967094524902891	0.835424199760489	0.806396276989528	0.883370507661392	0.902139277194921	0.881459776453058	0.93629750206709	0.797624893216688	0.832944934238306	0.762673018296135	0.937612042306925	0.817426065884424	0.964616319724327	0.892101615982072	0.91483764755218	0.760688721756415	0.761441224128942	0.90020714135871	0.823046102551853	0.897604350527025	0.783375105770527	0.910015493832122	0.780869402677115	0.768677756122859	0.823253609105424	0.687090487633994	0.957940090995515	0.757583365264031	0.945125343180292	0.962934618868438	0.969465012893799	0.967287204692592	0.887812774204571	0.891751250796305	0.859590486349708	0.899875949892403	0.814149340587959	0.946275378487804	0.869490876415261	0.875031157875672	0.889932796051397	0.848206972286845	0.64092258940229	0.798275152777488	0.822252800270123	0.790013956622898	0.868542622601137	0.828274408381707	0.762107642962363	0.885342792990198	0.834930354392143	0.93729076696338	0.892161891075633	0.904664349498829	0.734410560998481	0.950484722466644	0.806875556640531	0.910902457963953	0.867624296694595	0.790968423656552	0.777247866562558	0.775556110331505	0.908667766730265	0.791893053186978	0.895784637375967	0.946438375664903
"SRR13358065"	0.903231213655963	0.901248437045633	0.975301392775142	0.79462265366288	0.896104514532787	0.681240347831641	0.960273046103247	0.932670443704541	0.919840969763948	0.779074521436893	0.749914161322248	0.967463090300545	0.84664005986247	0.947383727338736	0.983670307521079	0.841714765965995	0.693517606602764	0.924310830936303	0.93159127108443	0.934687020065926	0.9733312527515	0.851365813458939	0.886806783688678	0.83383661348567	0.971822253822191	0.835946774142895	0.978207820988928	0.802101672912509	0.951267435171434	0.780683443143052	0.767270524136854	0.941788613665197	0.854186407637121	0.932964015460188	0.838118997433299	0.962796063412432	0.792310195171516	0.778064190062577	0.86883399837864	0.7231986579318	0.976595920374263	0.757583365264031	0.959676634257657	0.988235229169075	0.991410605956678	0.981408268848459	0.932625587509669	0.922600654218354	0.923587600516003	0.907303834622087	0.702891493589403	0.976111340389349	0.914440216768946	0.918649548804036	0.942844699480889	0.889285553757366	0.662278848098441	0.827158040008206	0.832360841322199	0.825199704328222	0.921415821503837	0.834860481267318	0.762107642962363	0.934396214493961	0.828994215568125	0.972873096886196	0.937053189704576	0.950527593285449	0.734410560998481	0.977059456722189	0.850402537300977	0.944516083417673	0.913603259880688	0.817411268662797	0.777247866562558	0.805832275089357	0.953088319163217	0.80479642178535	0.948082928213924	0.980406846949181
"SRR13358021"	0.779729714435958	0.79382560497123	0.867435919646154	0.79462265366288	0.882031401573729	0.681240347831641	0.859787643290302	0.844415930365194	0.802889303094297	0.77467402864394	0.749914161322248	0.929841546266459	0.786530550387409	0.849130888990895	0.929223303070224	0.826957399676237	0.651398510031192	0.773632623678779	0.862350941736421	0.779959341544184	0.839320660034334	0.751014982481795	0.766826405815896	0.702415911469011	0.859238245431595	0.806405726444977	0.947854008770943	0.672719045363906	0.848026935723592	0.733928679747047	0.779657331140342	0.844784034073589	0.791863682085148	0.827867462320866	0.744798575855513	0.802370590232249	0.765345930194095	0.75607951080795	0.799445641973699	0.698131214491044	0.920402293397247	0.757583365264031	0.92876586011537	0.895956049037691	0.89392128137001	0.946519944589491	0.8074246330299	0.867910615771847	0.774916066399128	0.913061241320784	0.661013587732113	0.876616943246078	0.80091669647663	0.797631502604382	0.793334983095818	0.790166439052844	0.660879878486388	0.773216397030646	0.808421425581933	0.787993482172876	0.776476944223657	0.82568076730347	0.762107642962363	0.793124035131013	0.718150288334765	0.853417045898163	0.81535688823115	0.811114377612895	0.734410560998481	0.883361859142086	0.766901450463359	0.8673122307647	0.81714975506714	0.769761194686423	0.777247866562558	0.790405717808657	0.820215523838911	0.774213858885012	0.792076809745103	0.854930981648302
"SRR13358009"	0.816781369493378	0.831866231134369	0.914015290365693	0.79462265366288	0.904619219891528	0.681240347831641	0.947490540216814	0.950573045984728	0.858667574442111	0.775514169366961	0.749914161322248	0.93898117938177	0.859416194200474	0.922755452478442	0.945816835326204	0.829840221920416	0.806396276989528	0.841007865824752	0.907130970111649	0.858116761668007	0.915562166938053	0.853582075770899	0.85518213146547	0.837640007739082	0.92928485795388	0.845692432287036	0.959806157035355	0.87833069135708	0.905014996064006	0.74570572409083	0.833108301588025	0.914019603443085	0.840408244115926	0.854743630222197	0.858146109803139	0.924888068411405	0.770645869918852	0.760364070062119	0.902245164125566	0.79766208099067	0.93629734767239	0.757583365264031	0.935669827588069	0.973911102531835	0.976129323076842	0.959904380604925	0.868080894825119	0.92588182411144	0.903180439779849	0.929504038072702	0.814149340587959	0.939833680205337	0.863771158995186	0.843541705157935	0.887777721719515	0.840017091855019	0.766024667422167	0.82230480523264	0.813158582457827	0.886421606573993	0.849105528592496	0.837165684085151	0.762107642962363	0.861389752103695	0.851480648412806	0.929847570593574	0.885815107333441	0.88547702341501	0.734410560998481	0.93156912677031	0.927207048554693	0.930119287631285	0.904451021190212	0.816878544403863	0.777247866562558	0.895410275460757	0.897049709203135	0.780270703116939	0.885058672435716	0.942948922046112
"SRR13357998"	0.835305951295583	0.847484503593993	0.931147948168117	0.79462265366288	0.906722722515652	0.681240347831641	0.956730838568661	0.957301314157864	0.875044375105566	0.776095907509059	0.749914161322248	0.940255255181903	0.867098950326074	0.933902165952943	0.951193698690979	0.831818337302928	0.806396276989528	0.859285739365459	0.916027713526744	0.879850584444001	0.933985775056277	0.865560063575911	0.870092864534013	0.851949118179651	0.943531998623943	0.849956887005592	0.959013640421938	0.881367146963109	0.918892646579384	0.752089367123785	0.833181963770476	0.922271272390246	0.848749661247072	0.871275950721951	0.869048532280098	0.941342265455347	0.77427422520773	0.763307051908376	0.909684946124574	0.794469015933184	0.941527931444285	0.757583365264031	0.934311000022297	0.98107883150107	0.983427689152183	0.960077380010833	0.885706679145284	0.930260051087088	0.918295217419677	0.92108107384922	0.814149340587959	0.952193815067799	0.879012827424734	0.861358191895327	0.906583227702565	0.853628825741901	0.768715669230098	0.829678353876219	0.816392754046402	0.891424658193828	0.869301012816778	0.837183429141927	0.762107642962363	0.881449097145589	0.861185110030823	0.944643974092407	0.901850441392312	0.904746323132038	0.734410560998481	0.945095356728336	0.933537620804558	0.938728097002485	0.915081723804397	0.823496307648641	0.777247866562558	0.898614941819891	0.914640068285795	0.78440496033777	0.905415696800593	0.957060753030641
"SRR13357987"	0.928098886470287	0.924245503715979	0.986336045579037	0.79462265366288	0.901162490162701	0.681240347831641	0.975217578480666	0.951730010495814	0.942261355043943	0.780524152238479	0.749914161322248	0.984225120669771	0.865217589028851	0.964348073097707	0.994024545438858	0.846390465956473	0.806396276989528	0.938217221013257	0.94689409304175	0.958328642249072	0.986039648730205	0.878584072186353	0.913979339349895	0.868253426622214	0.984221164569202	0.846107990604835	0.992681134138547	0.928477108216	0.967679436467006	0.794936182957819	0.765500255539344	0.968474434477996	0.872207333712418	0.951959494979307	0.865128185437545	0.98012575008466	0.800754034681388	0.785053403028969	0.88972062306482	0.731762576511254	0.990005077717586	0.757583365264031	0.980949187881712	0.99466259933204	0.996633170168037	0.994139420678929	0.954062746911596	0.945372473265538	0.949723713760613	0.949744975625106	0.814149340587959	0.986735149678678	0.937278606501781	0.941502208095729	0.964599108713149	0.912341267617175	0.667137668472182	0.843902448965157	0.839773746452154	0.839973770833853	0.946639805075671	0.837710793127424	0.762107642962363	0.956959031759561	0.890497308879453	0.985262432571198	0.957598752311524	0.96968798616826	0.734410560998481	0.987077595973732	0.889348322521033	0.95980758643687	0.93506506771556	0.832697380983679	0.777247866562558	0.815409876025511	0.971306920681192	0.814244460996133	0.968975620239814	0.990509311967449
"SRR13357943"	0.919316489210454	0.90739383052114	0.980368444708221	0.79462265366288	0.84645741173108	0.681240347831641	0.846224620862565	0.594469553592152	0.908389628452719	0.780460975681522	0.749914161322248	0.972594812418832	0.696776684167095	0.882476752676225	0.988975338633795	0.846188615481833	0.806396276989528	0.940101338295392	0.896967855055068	0.922338945602339	0.966757545131957	0.66648876621971	0.79421393521763	0.620770313306199	0.955484729521109	0.757675662984235	0.975943746199415	0.91705258685577	0.93547748538749	0.789321939044972	0.582687295651143	0.880601192976499	0.791862369307351	0.951248720099083	0.592829202591176	0.887866452880184	0.800390657263202	0.784751481885659	0.57768252693898	0.661200386528383	0.983128732543671	0.757583365264031	0.963179910849318	0.939060114512074	0.962231911964505	0.980937855980933	0.922973783949097	0.802124441806652	0.753430400192669	0.827476604780481	0.814149340587959	0.960842373062838	0.885880680388308	0.923680489515524	0.90225097863921	0.867959653691753	0.369202537611311	0.751994065280091	0.839455569078404	0.499617776375512	0.905538202812237	0.839988639200035	0.762107642962363	0.925972035568116	0.806099649720585	0.954370674703748	0.909557824741482	0.938290464834218	0.734410560998481	0.975776417222156	0.43097126199278	0.869917741954215	0.778818685958485	0.740134614929125	0.777247866562558	0.395990824930013	0.933135853775147	0.813839250110497	0.920762958312667	0.958119754134834
"SRR13357932"	0.89227553540562	0.882583962876331	0.965886648974789	0.79462265366288	0.851215625537898	0.681240347831641	0.827030678700065	0.623433714786913	0.882546043865743	0.778940389034553	0.749914161322248	0.967568822615174	0.704361998587547	0.861754210282435	0.983404736352573	0.841277469720345	0.806396276989528	0.916253855847846	0.882427020254323	0.890806364559007	0.944863242141511	0.666027333861045	0.772288215332722	0.625118696361291	0.933591122705932	0.762616988372379	0.973809596860062	0.90845787593639	0.913725485888155	0.775074928615028	0.623855422201771	0.866435914710451	0.783461627260502	0.930895491492879	0.606238675635154	0.850155046865313	0.791517750231376	0.777411032765928	0.60889899964673	0.721624785478608	0.976290172181967	0.757583365264031	0.960276324144678	0.914301407763755	0.939937850543851	0.977791964763731	0.896539424160307	0.809415493626263	0.729454430595033	0.863895598552461	0.814149340587959	0.941483059550389	0.860537498564316	0.897815393765749	0.869682640659508	0.845099629987657	0.419617117002837	0.748473587805919	0.831663077154017	0.550409372137042	0.874333279909331	0.843999497695029	0.762107642962363	0.89708199818598	0.794349532663991	0.931085713234158	0.883060340744115	0.910875710069698	0.734410560998481	0.960846602123985	0.491181015246856	0.856289144955999	0.768625694703958	0.73903221668794	0.777247866562558	0.468801043038094	0.905934153388312	0.803906364826858	0.888326843332161	0.93352456685526
"SRR13357921"	0.899490905234973	0.88833023192636	0.969861245135095	0.79462265366288	0.845647295093634	0.681240347831641	0.813376648248821	0.574251749947143	0.886777540789529	0.779345328397715	0.749914161322248	0.963792474473862	0.687908272126306	0.857539304809185	0.982354380658466	0.842595241367093	0.806396276989528	0.922877557189638	0.881629282484862	0.896235169705396	0.949042715890895	0.646924991164662	0.766539104947811	0.601347038565182	0.936205264980696	0.754432666457681	0.966111807278951	0.90710355316502	0.916543471882984	0.778578146346864	0.599511258096713	0.85088313724748	0.779148824104926	0.936968699354804	0.578897468961597	0.846071288354121	0.793904367884603	0.779379566788975	0.572072846771322	0.697414565141572	0.974955940896259	0.757583365264031	0.953132013698516	0.908949112938781	0.934647013489445	0.971774215505824	0.901139366759699	0.785360588764403	0.711921741166101	0.818548849147839	0.814149340587959	0.94364069895904	0.862713805979039	0.903811086055595	0.871414536133707	0.847647982172764	0.386351731096922	0.742156704230478	0.833763469897337	0.509395307138897	0.879225554730814	0.842551833358697	0.762107642962363	0.902393006940951	0.790281418691162	0.933630909146292	0.885448599510361	0.915426710565763	0.734410560998481	0.964119567003652	0.381610122577308	0.849597775976606	0.754519226087819	0.73213606194764	0.777247866562558	0.417941834504877	0.909361758257366	0.806585240828404	0.891874037033481	0.935391561042791
"SRR13357910"	0.815672082254121	0.827295068656859	0.910301867623126	0.79462265366288	0.894087675121233	0.681240347831641	0.921014816716853	0.905320823375912	0.846773595921571	0.775600495614872	0.749914161322248	0.946844078880397	0.809577276295692	0.900442601162462	0.953915495784066	0.830134694881542	0.806396276989528	0.84082224247585	0.893437247321772	0.842183786379782	0.901770605605474	0.813287454183748	0.825606105935857	0.780102309827549	0.91385997244956	0.828001186314966	0.966130708116035	0.882988043408233	0.891915471632654	0.745278588504243	0.802832697958611	0.89971896931733	0.822315578434764	0.857301802087341	0.811574639397889	0.892640500937786	0.771186448834996	0.760802025032783	0.859578238858913	0.712412872564812	0.944469597483085	0.757583365264031	0.945158271554827	0.956017956043181	0.957851470380521	0.966447461654989	0.855779953804251	0.907129591752738	0.861576800704524	0.932376987447273	0.814149340587959	0.925868073548253	0.847299950813762	0.837696348037547	0.863440080240218	0.827272444458085	0.69081959391832	0.802536419472097	0.813640892601194	0.840944113740068	0.833285833277665	0.826645556165241	0.762107642962363	0.848151090251931	0.831881525159235	0.91290455553614	0.868082554545218	0.870207554896884	0.734410560998481	0.924035170502343	0.851679797576599	0.909507432594309	0.873506556128057	0.797253819796496	0.777247866562558	0.844939502103565	0.87956743553673	0.780887297721965	0.863183104598688	0.923654100094893
"SRR13357862"	0.949835439003309	0.945093441836711	0.992868445771527	0.79462265366288	0.907266059429171	0.681240347831641	0.986162194542058	0.966922245821139	0.961291149822884	0.782223558923498	0.749914161322248	0.988408639420306	0.879392117207037	0.977902732684421	0.996628408636824	0.851754380868772	0.64414230517805	0.964096353427665	0.961044009161237	0.975891769551649	0.993594318539379	0.906140154753839	0.938908008452669	0.898397143079051	0.99216983480356	0.7075228019208	0.994854430576639	0.796782861725424	0.980360333324187	0.810881238182134	0.764946668036097	0.979796701477036	0.889226208991941	0.967793285880868	0.893393734845133	0.990772218941812	0.810369719415142	0.793082329903407	0.911982020796262	0.688647795701531	0.991211381028898	0.757583365264031	0.984814259134905	0.997957306950737	0.998920285607509	0.996044019718339	0.971164890399312	0.957693984555394	0.96053982024446	0.934752831296827	0.653780976005571	0.99347896250151	0.957127369363592	0.960787605774352	0.98029597829204	0.934158588394307	0.666202238074164	0.862596117592367	0.848165862627972	0.858111477165201	0.966571766501595	0.83350124416489	0.762107642962363	0.97421876658745	0.867656245148167	0.992951159510542	0.973823603005217	0.983266586163023	0.734410560998481	0.992635611217045	0.926690708791953	0.9542078724913	0.95457314488666	0.850090248847406	0.777247866562558	0.828963191872913	0.984207621535004	0.824919915527393	0.983432378085409	0.996046272380479
"SRR13357851"	0.743683567327252	0.760599507712944	0.816162183592183	0.79462265366288	0.871546557607933	0.681240347831641	0.782736487637944	0.7599845497142	0.757852337770167	0.773834640745771	0.749914161322248	0.822461644014309	0.747397245837696	0.790995197057466	0.788925861687373	0.82404648264837	0.806396276989528	0.769002231709612	0.830528886481936	0.713375646624221	0.762288298879601	0.690838718191671	0.708144021737914	0.628478228464715	0.791783400547827	0.787539994212297	0.763156073214584	0.828607228304463	0.799543421647342	0.723553532665661	0.760990518438212	0.697801472817684	0.763809529535335	0.797313579264042	0.68056696303575	0.689699768680163	0.759980837058197	0.751758768038503	0.73876909518951	0.687149075406073	0.797829926653178	0.757583365264031	0.79691646968091	0.798699185239571	0.784974141996776	0.752443388328787	0.756377967516995	0.785764445573047	0.678410537989732	0.732081331013673	0.814149340587959	0.814312102899879	0.753540260956961	0.756707137440917	0.715225170588838	0.753968927854348	0.621020751150207	0.74691571381089	0.803610392471351	0.73807864856313	0.717381746174534	0.824805447511972	0.762107642962363	0.734545315996596	0.763098489375956	0.778836882641584	0.758528600895555	0.745136389964263	0.734410560998481	0.833685823049509	0.677819253652739	0.820575148473119	0.757492290618438	0.745405396394017	0.777247866562558	0.739354052734929	0.752940643095871	0.768061710858831	0.712160557606273	0.761558858669982
"SRR13357840"	0.647965151210136	0.754849569049469	0.816110653426087	0.79462265366288	0.583536904286193	0.681240347831641	0.510306766884699	0.350236491327787	0.717162427749534	0.774455594278694	0.749914161322248	0.648163883281361	0.596287465801928	0.332950749473557	0.79867193531036	0.826202838815805	0.60057314522545	0.783200616370758	0.689290157471545	0.64407721763228	0.691107877604625	0.488540004769578	0.566546171376437	0.366373652715123	0.645868522743704	0.716131754174238	0.610222408317307	0.382956512312204	0.595480456635342	0.726209442970756	0.513254125299198	0.658755074465596	0.650343589750044	0.740675606870782	0.438307943670164	0.390734087494693	0.763956457493708	0.754958949477698	0.452824131530117	0.52854948489662	0.82581530013247	0.757583365264031	0.555623484207764	0.471949582895624	0.472154137356706	0.738565742125768	0.712635664464235	0.454646161428024	0.400272950930109	0.747636999608513	0.554579551452273	0.716247449215903	0.686319377054826	0.747162784786823	0.520177098503639	0.710118233939833	0.347736251889998	0.669943985572919	0.711544704646274	0.462899596849526	0.659696644806806	0.825453093096444	0.762107642962363	0.688332267018553	0.414382807569122	0.656654487938709	0.675366401820214	0.449778533870887	0.718615810016229	0.46461725414538	0.289552548545314	0.394590531397857	0.557914101139486	0.669878395142618	0.777247866562558	0.414303256567208	0.411955125711272	0.772622526565849	0.542029219374186	0.590721683074032
"SRR13357829"	0.920133681567812	0.919802964870689	0.98578518094217	0.79462265366288	0.790749554171669	0.681240347831641	0.875206431983193	0.632308028476545	0.922867812778794	0.781258504014805	0.749914161322248	0.973859917929633	0.711225745529517	0.859658617815704	0.993193253545293	0.848723884028063	0.536438152728623	0.950333941760222	0.898283315746617	0.937831404418149	0.976406606394572	0.69082446106497	0.818118061483905	0.628549065447397	0.964784847828655	0.763920620724886	0.982987267128514	0.612071409921465	0.936288700500284	0.796978089167499	0.540732606371561	0.922872787609359	0.794319660278364	0.953156691851688	0.616297395228416	0.912369535108008	0.804946848216117	0.788544837159877	0.598219688928229	0.562628743559649	0.989259236760528	0.757583365264031	0.963101659913164	0.958568177269116	0.977025038015323	0.989315156139216	0.937037199374359	0.79785948046757	0.792312980036772	0.887132582091323	0.52724594904886	0.97114516560956	0.902529281916429	0.936158835310643	0.916751391138836	0.882877488824211	0.351661914391407	0.762924463959369	0.819248089572402	0.508611642481054	0.922785221188556	0.832506844844575	0.762107642962363	0.940737165851077	0.657593044976033	0.96640470416271	0.926051898686802	0.935951406544991	0.72931305656709	0.970854344783318	0.494728323027608	0.844512905222952	0.803804149221601	0.74981321211444	0.777247866562558	0.39801830521731	0.928580508873557	0.818910691597385	0.934346634055404	0.971132210504614
"SRR13357784"	0.684995245433989	0.803534196510213	0.761702515788035	0.79462265366288	0.728642955287139	0.680862462860866	0.928209535502247	0.937323615552017	0.827972433228726	0.774557870131258	0.749914161322248	0.54397461486433	0.846016825694392	0.721993488563504	0.732354781534619	0.826556399527122	0.806396276989528	0.806935799859217	0.823573108749403	0.807562638808695	0.875141513265006	0.832041569860332	0.82705582835583	0.777550367685745	0.877853781829186	0.838485437762242	0.564247806731419	0.723059686810458	0.776612118198357	0.735005436741987	0.757675495955443	0.869308615407687	0.797366294702731	0.745885361074096	0.838638439632042	0.869994416178534	0.764607627761769	0.755483957998865	0.888859796486511	0.657045580209375	0.790178845636663	0.757583365264031	0.476339641118875	0.956102654788435	0.955275317474103	0.710376614503169	0.834234616619027	0.740876131166722	0.868470012817678	0.807042460570151	0.777196118107706	0.866158357809551	0.835306724604907	0.810350768581014	0.81323965829129	0.815503607960139	0.541475727219763	0.740270605682326	0.712959580743037	0.877782355470783	0.746429702238611	0.825559704957558	0.762107642962363	0.822412708479088	0.743185583370433	0.894791443241808	0.854596010057977	0.681504881283229	0.718711597009758	0.666485044295082	0.903272080968422	0.770033264895025	0.884433833981473	0.734056914455235	0.777247866562558	0.889961307535248	0.687528161152466	0.773368471582514	0.808392923518553	0.910088647992033
"SRR13357774"	0.855832017960766	0.864903497525347	0.897441178104128	0.79462265366288	0.909232339701805	0.680898875991659	0.965908926493634	0.964327723665146	0.89279358768198	0.776804108543769	0.749914161322248	0.925193033891615	0.875986611362112	0.945473082722298	0.958175900146227	0.834206520215518	0.806396276989528	0.879168021362969	0.914046466621356	0.90167663574854	0.951393200585789	0.879040234312239	0.88649369664256	0.862145566422623	0.957261380970246	0.855027098521786	0.963733739797503	0.888745519782233	0.927838216802106	0.759729934229993	0.833271788055866	0.933637736689763	0.85843633091986	0.889245308796175	0.881376268907214	0.956840246562084	0.778645082425132	0.766863257597623	0.918067586218989	0.732523984020449	0.953215518922925	0.757583365264031	0.942109836749305	0.987247317827896	0.989413740784665	0.968085753515584	0.904399711859984	0.919749417422396	0.931537705974801	0.924022337824758	0.814149340587959	0.945417715047923	0.895593456282665	0.880754323736204	0.925664459956765	0.868918880275091	0.626338411825954	0.78312920078249	0.820279108600935	0.897264873417776	0.853332286917902	0.82789685042991	0.762107642962363	0.902472502760877	0.872297289337617	0.958721314798189	0.918672301657518	0.924289938725473	0.734410560998481	0.958190539307349	0.940567084538304	0.947886943665144	0.926590873546859	0.773410622908463	0.777247866562558	0.902406080670655	0.932384791167042	0.789371509598735	0.925837213397166	0.96978821206752
"SRR13357773"	0.824166366489786	0.856506225197512	0.912918741177938	0.79462265366288	0.875875056744025	0.856245498955765	0.961630793760799	0.961003189187279	0.884308449781026	0.776453970526115	0.783029981360657	0.830841599875544	0.871655552690978	0.913755401790319	0.916354545944668	0.833028530827221	0.806396276989528	0.86965406202652	0.898632221492585	0.889675903274233	0.943406440547983	0.872523712905797	0.895981593880248	0.914902485581196	0.947769548970608	0.892616480205495	0.904627281715006	0.84698430138085	0.904127544365054	0.755970488986835	0.811926074026279	0.917612586928455	0.846246720218248	0.864455082821428	0.887517818547208	0.947049816879506	0.793498095170939	0.765108712374838	0.914013225483733	0.783522248189767	0.91891700299644	0.776944072912395	0.879474938635271	0.984494061770273	0.985641773723558	0.921958542037775	0.895520713144207	0.904833175300551	0.960359904872018	0.871738151860853	0.803123053780779	0.94289660425606	0.887657826908513	0.8714705331197	0.910246866659337	0.86153196149535	0.881016343170372	0.812819608125211	0.792625673646191	0.894411384319596	0.914722712869544	0.827533087472366	0.787806315701119	0.908678744955344	0.859614297793638	0.951827350061234	0.910706880707014	0.889100568888582	0.805838491521946	0.924868185235775	0.915172713676181	0.950204181772931	0.921088865362406	0.808587275547006	0.791217998617217	0.900546716672826	0.897947655467684	0.789603729817123	0.910236647702807	0.969634645052917
"SRR13357772"	0.823218161228135	0.815716605830338	0.899658486480014	0.79462265366288	0.829701975111664	0.681240347831641	0.615383408662653	0.391758281950335	0.79322896298365	0.776411611317151	0.749914161322248	0.93825974091859	0.616681592394673	0.723568325124809	0.950749593725113	0.832885655907119	0.806396276989528	0.85251061809399	0.811219968520799	0.767600722921362	0.830176047206346	0.53022619824372	0.63756121887898	0.467438537113293	0.814977329889782	0.498398216819374	0.937047505287092	0.86739865030859	0.821714746576489	0.747538018685694	0.601982233126833	0.721861473645894	0.715423505012784	0.87957010254627	0.467722843765274	0.595534947830879	0.776228977076156	0.764895963817109	0.468484979144246	0.708244868585029	0.916386014804541	0.757583365264031	0.929931395213202	0.661611434432031	0.69373875259073	0.938686370205464	0.800265735577001	0.697908748280511	0.420349911737453	0.7727842952226	0.814149340587959	0.832134039852235	0.760725891812165	0.82121255555998	0.709349878524313	0.766760092980758	0.372759900959879	0.691149736503872	0.818132131506733	0.451558256470784	0.757620302645998	0.840954788205637	0.762107642962363	0.78953836834628	0.718327110809039	0.798748229858484	0.768144620166936	0.79384287366403	0.734410560998481	0.878174890807666	0.288711863205431	0.612255508886552	0.619184738429959	0.687000279878682	0.777247866562558	0.382673214785684	0.780621875397118	0.786628003429003	0.73492680125624	0.764472660390336
"SRR13357744"	0.866415458459514	0.867121590661507	0.951967988855107	0.79462265366288	0.885943602449663	0.681240347831641	0.922836072359125	0.882417479765254	0.882141299632139	0.777482424565205	0.749914161322248	0.962620716770578	0.810600258193306	0.911719428197619	0.976018451462646	0.836473359448376	0.806396276989528	0.890832502856207	0.905069639400516	0.88956818748663	0.942686418962159	0.798619687866355	0.83721985251496	0.774898097420394	0.942760084084066	0.816971988852741	0.975936951014004	0.89998610019928	0.919964507693306	0.763826766782429	0.755667672209173	0.913266295005976	0.82491967279815	0.904389652879569	0.782553286095782	0.916091311896609	0.782783476082834	0.770241803880988	0.820526870262004	0.760557103523452	0.967818515676125	0.757583365264031	0.95820742039388	0.965903798805947	0.97265167264762	0.978066797402682	0.894499670609575	0.898240242441532	0.863622269404693	0.921157816232561	0.814149340587959	0.950744344181486	0.875064122060665	0.882173999068562	0.896732940755142	0.85332225250681	0.632164744376314	0.799309949546783	0.823948999783055	0.784247938708329	0.87616964546838	0.839687695486893	0.762107642962363	0.892899684528485	0.837407409170925	0.942640436414313	0.898020320015205	0.911733952294372	0.734410560998481	0.955179584736268	0.802252951736431	0.913257528583691	0.869705149557917	0.791574252458857	0.777247866562558	0.766291402874636	0.915098608698571	0.794059622540539	0.903210940547317	0.951606646273149
"SRR13357743"	0.895884213399467	0.89328993864735	0.970899870156667	0.79462265366288	0.88895496537163	0.681240347831641	0.944744226377808	0.898616646176226	0.909387363124351	0.778772148867396	0.749914161322248	0.974847162046301	0.815835299830514	0.933825518303067	0.987115866114032	0.840727860397052	0.806396276989528	0.917991862211103	0.921766987153563	0.922856518862036	0.966165962798498	0.822896449461071	0.866387778253753	0.795398249802487	0.96395946290147	0.823748305512064	0.985971964767768	0.913860866206792	0.942327628647651	0.776969473492634	0.748022175855699	0.939521495242456	0.84068493537687	0.928218796156795	0.804443776558286	0.947482873033644	0.790521142512469	0.776590252642786	0.835817543024368	0.679207503139711	0.980917453166063	0.757583365264031	0.971148669858893	0.981215619399706	0.985500684897492	0.987907509820619	0.922468556242816	0.915217731668354	0.897749167457738	0.935035982667481	0.814149340587959	0.969209868087623	0.901925487808841	0.910235401610936	0.928593658626157	0.877951160480518	0.615883454996228	0.812776616089614	0.830785041090253	0.789458114444365	0.908912333585329	0.829937704599654	0.762107642962363	0.923699111004347	0.855995619683678	0.964681360721599	0.925134240088476	0.940406236177008	0.734410560998481	0.972154157467045	0.77794088791418	0.931238027211584	0.892705321966939	0.803324637588947	0.777247866562558	0.763224644424583	0.94248901730702	0.802786196970403	0.935335852692368	0.97269313857061
"SRR13357742"	0.913648988577232	0.904918541073832	0.978545638482032	0.79462265366288	0.865426231083038	0.681240347831641	0.901128947640668	0.760280392468221	0.912070913930353	0.779959313311271	0.749914161322248	0.97701881142429	0.756385586956911	0.90989991827492	0.99020439030333	0.844579575522815	0.806396276989528	0.934677864252171	0.910080014678801	0.926334103982687	0.968884132368713	0.741371430657508	0.830726420912304	0.698084470688355	0.961627072765053	0.787146158249765	0.984486404765577	0.919379270879878	0.94104952513082	0.786137691397824	0.652780976267263	0.916834804227902	0.815052138801824	0.945246397207799	0.692398393871907	0.921934186047629	0.797490246163448	0.782345347138072	0.701840459726797	0.628247007688468	0.984795438774315	0.757583365264031	0.971419532099765	0.964750957867614	0.976193931885859	0.987389514618981	0.926017484357726	0.864121802143044	0.830040239319471	0.897046427258763	0.814149340587959	0.966668620317484	0.896113780328889	0.921574517374286	0.918009674225164	0.875267736063835	0.470644878204054	0.77993675010018	0.8369132408155	0.630515029922842	0.910811239434199	0.831165683768456	0.762107642962363	0.928535228908999	0.83036221879268	0.961483945480156	0.919640997087128	0.942385978940567	0.734410560998481	0.976016019152851	0.571926329318344	0.901880735912408	0.836789239643233	0.768794879146694	0.777247866562558	0.553650753907956	0.94035779820248	0.810600419383034	0.930914874068444	0.967376073468397
"SRR13357740"	0.93150177779474	0.920858149942067	0.986032793668632	0.79462265366288	0.857854726954043	0.681240347831641	0.89967299315523	0.707420909657419	0.926328424083246	0.781187728405523	0.749914161322248	0.980667314372616	0.737964721701048	0.915190964298346	0.993244917117202	0.848500023641802	0.700628996385341	0.95011573688747	0.915881470747446	0.942304808593222	0.978321433442814	0.725006862762242	0.835986562203082	0.680272580364286	0.97053136751287	0.777011173750522	0.986141244711378	0.843095848061003	0.951546727325618	0.796982305401004	0.607071312437099	0.920568662679472	0.815363363892407	0.958860671096198	0.660960553110956	0.932045197848575	0.804545242592413	0.788209788528853	0.653201770799732	0.605281271263659	0.988854552059626	0.757583365264031	0.974257173489246	0.969020417314918	0.981141181045968	0.989352380537135	0.940141667656843	0.850642945844809	0.827325963653058	0.875429017052633	0.709944000525614	0.974341769395187	0.908707246786457	0.937342627860301	0.931339840100064	0.887890964172068	0.408304562494767	0.775948219890998	0.843088871455062	0.564296039914783	0.927121772142598	0.832433855611331	0.762107642962363	0.943739778136778	0.7849236219995	0.970561634385356	0.931930193305897	0.955563386920609	0.734410560998481	0.983151687517964	0.488332044652833	0.902709073805728	0.830395280145096	0.7629898620131	0.777247866562558	0.46188426656586	0.952603103493628	0.818464487024973	0.944973067454836	0.97553118224478
"SRR13358144"	0.883733611857832	0.88884996961191	0.966413902167158	0.79462265366288	0.913051132802447	0.681240347831641	0.976648027082942	0.973166683270642	0.916195455255726	0.777913119048862	0.69523409588237	0.952832050552521	0.888912452935608	0.959865653657298	0.97092945468262	0.837902226205223	0.806396276989528	0.905487025851044	0.939114500481136	0.930268369826813	0.97022644305963	0.897851994285357	0.908603500377452	0.851223006300219	0.972592805099544	0.873565283437384	0.970779637770614	0.895269738449561	0.95121830522287	0.771400892321778	0.833412779786618	0.948694123171932	0.872598534568159	0.913033323190143	0.867176598566552	0.969532952002903	0.785386574440375	0.77237286758106	0.929809355562425	0.581637227401156	0.961989699494256	0.757583365264031	0.942764751219319	0.993163712068008	0.994442207038968	0.971698049025875	0.928267589375966	0.945578612016036	0.887477539760532	0.911299257834034	0.814149340587959	0.977104852614564	0.917588433910809	0.906468105597284	0.948508173075795	0.890180710139623	0.563618033032168	0.851224482196626	0.826252515652805	0.905875758107265	0.918268816496462	0.55237955438358	0.762107642962363	0.928813069410454	0.888211182686991	0.974152011179037	0.93984168500974	0.947664140343267	0.734410560998481	0.972918785479109	0.937131411718266	0.965396035235613	0.941795409193755	0.843028659738199	0.777247866562558	0.908105067159786	0.953473402245097	0.797001168094237	0.94985822748152	0.98273591401196
"SRR13358143"	0.834914860411902	0.847153878102929	0.953070447406987	0.79462265366288	0.911795956097068	0.893234862525184	0.956545230342017	0.957163085463962	0.874702060274136	0.776083112856821	0.736263009545962	0.928274547220719	0.866933719571366	0.933673714712985	0.940316626658572	0.831774989858759	0.710191205739159	0.858903012746349	0.915840475335989	0.879404734935312	0.933623725604535	0.86530553391822	0.893983199483022	0.900291095718409	0.943249611616388	0.886598418308287	0.943869820716011	0.762767877598577	0.918608091053931	0.751950002432	0.833180342473613	0.913987093327683	0.848569956648904	0.870929938672526	0.843995893766169	0.930861809225279	0.796762072886797	0.763242535210537	0.909526802602132	0.659576082382625	0.930615927926686	0.783076615297245	0.940902013131365	0.980944098771518	0.982191040528724	0.945296112924301	0.885341772295657	0.944526788860961	0.903784452400742	0.898650318471157	0.71941845843592	0.95708952588114	0.878693734799887	0.860985004079172	0.906201510765254	0.853339795484606	0.891283060800438	0.865053207273052	0.816322027445107	0.891316636497627	0.944200452551279	0.489688895037557	0.795816245289703	0.904018233717133	0.843925399991237	0.944352393879927	0.901520118652596	0.904355249495456	0.830597753210706	0.944826710156599	0.91597669348076	0.957482478040633	0.914859704735647	0.863870834426881	0.795677401679378	0.898545342588519	0.914283991233102	0.787902086285045	0.90500454397759	0.965458679553294
"SRR13358142"	0.941914082516982	0.937995711802336	0.991140761520047	0.79462265366288	0.90867059593638	0.681240347831641	0.985132668906567	0.970009829589368	0.955912530528724	0.781490979308872	0.749914161322248	0.987617227125498	0.887202464981632	0.97579378564437	0.996026253231392	0.849457647051463	0.604939682681103	0.95750953176382	0.958190953437732	0.971169485677527	0.991719151355693	0.905797011081137	0.935067207974121	0.897543273833312	0.99037884689258	0.859538103393193	0.994785052806467	0.76756437088426	0.977164154543254	0.804567169593426	0.7792840943662	0.978672997227007	0.889018698505605	0.961693304879378	0.895621893468895	0.989124226068686	0.806262248429912	0.78964318141543	0.916574790942038	0.697256244357054	0.992911686346337	0.757583365264031	0.984553678843637	0.997545156173736	0.998457013519496	0.995989532565501	0.966378498697775	0.95870733912231	0.968262207893095	0.956131323577255	0.614619205654502	0.991988457878471	0.952247720723928	0.95446792811403	0.976958717567153	0.928303255482993	0.696982632131267	0.861350244469227	0.844587554305811	0.869288704615517	0.961318148777721	0.832746532053576	0.762107642962363	0.969392611210121	0.852396243340511	0.991277565392773	0.969982176633294	0.979747634400792	0.734410560998481	0.991743088313957	0.900560399443285	0.971407716534051	0.953185095394764	0.849568634891018	0.777247866562558	0.847872017071009	0.981114573555711	0.820371046002177	0.98010961199103	0.994977701674926
"SRR13358141"	0.817873903140568	0.889557053235039	0.96423913982149	0.79462265366288	0.676557307632819	0.681240347831641	0.954852845258828	0.930061969026903	0.908850482078665	0.778399116299792	0.749914161322248	0.723053730545139	0.843841108231446	0.788064939250505	0.940462210964886	0.839504805729304	0.806396276989528	0.862812096079344	0.888931775564218	0.91848826648035	0.965496455370251	0.845227640169904	0.876487192213423	0.795724444515577	0.955738157639827	0.435923660670596	0.835151640550637	0.747987979328714	0.877864369876787	0.774081204043205	0.66756529121469	0.943571732423373	0.811416817432867	0.873184183393585	0.834108106648693	0.944627060367307	0.788300879780523	0.774764291369398	0.867986282596745	0.565246395232401	0.892333009248118	0.757583365264031	0.567327492191777	0.984901314703096	0.988464148680333	0.921685040604669	0.921631443002226	0.812884860870645	0.855057595942849	0.795715633071208	0.770893624553925	0.970217416331285	0.9041297421673	0.90656991723898	0.910301615916924	0.879161921878432	0.615492420823788	0.82292630997401	0.724810248375136	0.829429926073211	0.907765914429963	0.722563814786935	0.762107642962363	0.922440033546476	0.769700734951276	0.964791929666976	0.927210178118158	0.839724601525338	0.71617697376323	0.813611449569098	0.856114885889889	0.570442546453383	0.907336589647359	0.813980312468591	0.777247866562558	0.815318886030464	0.834007842427787	0.800287493515693	0.91820604076674	0.974475230747826
"SRR13357755"	0.777923652889216	0.807658230683071	0.834060619262031	0.79462265366288	0.809361660731607	0.681014826178965	0.7807490539994	0.688240178464443	0.80369986871877	0.775564840684204	0.693370409203943	0.874157989181375	0.722242495142144	0.774460706636181	0.887527423997508	0.830013109483584	0.806396276989528	0.831811336872754	0.875651137984297	0.778659414161042	0.843292213280167	0.667183012052968	0.719685412126741	0.501788291413412	0.83933533182417	0.790371937338028	0.841835130582761	0.831117840870377	0.813073327314619	0.741386793286778	0.678050755283466	0.764927392854138	0.754163548985891	0.83727305912887	0.59272266633275	0.692033780909156	0.77096326679994	0.760621190552905	0.677267492231629	0.381448256263486	0.885680326947581	0.757583365264031	0.808999340671434	0.828689685269832	0.838107188901971	0.859250888178333	0.809937868302459	0.718217746626837	0.434764309514651	0.775626507694494	0.803074732033121	0.827605176656415	0.789020883201598	0.813042973747564	0.752064973059464	0.784086925356535	0.196797400443906	0.693052522081506	0.787068433558714	0.660151153711926	0.73407756431974	0.553049905682227	0.762107642962363	0.798021770874901	0.73503915297502	0.83759651462888	0.801669400560867	0.760851542843007	0.729538500368573	0.836384257292112	0.57902283666222	0.792365252581066	0.747061297354661	0.687826662231702	0.777247866562558	0.632806871474336	0.75561222919143	0.780632759074076	0.763064630774822	0.829014875271807
"SRR13357754"	0.766924432061285	0.814005738894844	0.876386918691534	0.79462265366288	0.835358477380157	0.904710595242324	0.892512598372373	0.878222991501211	0.828161419462131	0.775266020733772	0.772878789191139	0.845365449272161	0.80549644270825	0.839027642428824	0.864100753056253	0.828991936410707	0.806396276989528	0.827933128698961	0.899765697558022	0.812535133535375	0.877175653365521	0.780456451039274	0.834951107513176	0.851943265408137	0.882656993108345	0.879318802431834	0.828083058027581	0.814777314287008	0.840497849580257	0.740892827393838	0.752734982577723	0.836069817584178	0.794459975996702	0.820515647083898	0.798896623934451	0.833516718876855	0.79408881823223	0.759102762307484	0.826267020987524	0.681343525369094	0.867260931316915	0.785362540309143	0.825268534760303	0.931430241741216	0.933581884303205	0.847192287508874	0.835595819950713	0.845169707494243	0.880224848438074	0.810101680049322	0.799461523549231	0.882159521428935	0.826651187745583	0.821843554134293	0.817122971427786	0.810735967461334	0.85515023805783	0.785003489133765	0.776256463264778	0.80948514610727	0.898192142794101	0.720873013802874	0.798784606213568	0.860142880283715	0.803903238565526	0.887197941241716	0.845057828086061	0.787517501790516	0.833524435624267	0.840051113426426	0.811502698267557	0.906590752671052	0.845292870107565	0.785720929727883	0.797344372823105	0.811133289985232	0.792732257799398	0.782490120773783	0.818348479995787	0.917283742667557
"SRR13357721"	0.856633604255938	0.85967118634213	0.945166164858338	0.79462265366288	0.889131267815093	0.681240347831641	0.926089213936605	0.896724084821417	0.87635854989648	0.77706505760809	0.749914161322248	0.932650568476433	0.818806552137032	0.912074716150991	0.951457629425617	0.835080959180205	0.806396276989528	0.881334815117631	0.904237372841426	0.882049144184547	0.936648179053653	0.807337306748625	0.838360399510574	0.774455710876714	0.938872283216822	0.821686963219104	0.938102135190113	0.881535749560007	0.915842328335089	0.759934278853292	0.770830860203691	0.885998524460588	0.826577041263027	0.895301430028955	0.795773867232833	0.915146933024117	0.780242710309342	0.768166198829844	0.836469576088192	0.692620868097512	0.941478880601926	0.757583365264031	0.918141771335938	0.966135933242009	0.973220611002094	0.942402961241376	0.888201600974649	0.886757327256209	0.868781621152791	0.851300171384241	0.814149340587959	0.947474762328112	0.871232668506452	0.874101643624908	0.892771566475023	0.849373321312593	0.657619079611044	0.802478873840473	0.821696999551094	0.805070432653302	0.869372254035964	0.828167822387372	0.762107642962363	0.885602036090926	0.838612899292959	0.938763856297022	0.89396362166112	0.905362288074948	0.734410560998481	0.950313954031379	0.853061004247844	0.915096104606489	0.874718351102602	0.795275925535476	0.777247866562558	0.794378648767779	0.910046513849715	0.791183030134854	0.897735154958373	0.948371885364791
"SRR13357720"	0.793182096031121	0.812068422638274	0.889224836227577	0.79462265366288	0.902112307696937	0.681240347831641	0.934364906102591	0.941457470839118	0.837343089068463	0.774834312685375	0.749914161322248	0.899820864139337	0.849990006330719	0.907595350702347	0.898361155240133	0.827509764837505	0.705853477250852	0.81731076080297	0.895693038272976	0.82872799461335	0.888270768889298	0.838509560488424	0.836025277862845	0.810471803202854	0.908512103283925	0.840594048620538	0.911193749879537	0.728400810962056	0.8861764231358	0.738124682185256	0.833022354020594	0.875704075100189	0.830212988220834	0.833276720844302	0.844484322149649	0.900405506988308	0.766362496362441	0.756900039998784	0.892881709202892	0.732523984020449	0.89155616538551	0.757583365264031	0.889296168128915	0.962188531867131	0.963618690875821	0.909115643623643	0.84466750345428	0.907293552063468	0.882440493195502	0.880043095447319	0.715121765338252	0.921661855759736	0.84398509404729	0.820455607482139	0.861746688688756	0.822867243977305	0.762858687914878	0.813391424709711	0.809331238966786	0.880333580123835	0.822386926223883	0.825847781788106	0.762107642962363	0.834478558905716	0.795562425918793	0.908016210413521	0.864275836034529	0.858800906160063	0.734410560998481	0.911925547046653	0.919124076140761	0.918672221656218	0.890561714117514	0.808918764680804	0.777247866562558	0.891559837370586	0.872548263737299	0.775377219368775	0.856602762421217	0.921021900880859
"SRR13357719"	0.880906638746074	0.882281255873737	0.962943169514399	0.79462265366288	0.897117580516752	0.681240347831641	0.953606798438611	0.933066280824984	0.902536844402112	0.777977758844783	0.749914161322248	0.965307384029798	0.845851440547502	0.938036504881021	0.979432269848017	0.838115973155808	0.806396276989528	0.903799792196469	0.922916818133493	0.914595122856222	0.960465776806286	0.846028866015164	0.873724009528042	0.822831094133735	0.960980608147203	0.836201635506701	0.978800863242216	0.903607781223597	0.938405910397468	0.770050149676243	0.784142000574107	0.936378361349504	0.847301125548808	0.914268867481801	0.837286318528705	0.950611748837094	0.785775601018546	0.772691750995646	0.873054476116564	0.700541508218609	0.971686441550926	0.757583365264031	0.960210063257055	0.983527773014581	0.987800474386122	0.981024127917404	0.915145887684805	0.923521517301538	0.912586381993253	0.927374546575215	0.814149340587959	0.966846861553982	0.898806917624189	0.898945525646289	0.926681075805418	0.873855171419232	0.687117082595626	0.822610022812356	0.826596445168257	0.838417913758215	0.901383499424449	0.82911469528039	0.762107642962363	0.915234854753419	0.861974710593849	0.96195120473857	0.921994219411643	0.933857746480287	0.734410560998481	0.966954476860698	0.89227587873373	0.937739669623539	0.906600506533847	0.814181833721698	0.777247866562558	0.828768617306593	0.938069328515097	0.797440279289148	0.931001190095306	0.971125250430027
"SRR13357718"	0.863240475062005	0.865082653314637	0.950010851589688	0.79462265366288	0.888498790392797	0.681240347831641	0.927722526480135	0.894759706789945	0.881435165781831	0.777328800960986	0.749914161322248	0.95662380520788	0.817875740524627	0.914605737566386	0.971147246389893	0.83596173425927	0.806396276989528	0.887675000402835	0.906422690055828	0.888604901725381	0.941836181902983	0.807385093104992	0.841345779382725	0.774818897663848	0.942917536743965	0.820999504197617	0.969874487571331	0.89545092032874	0.919912350900924	0.762549864045157	0.76555145320069	0.909976533634774	0.827809254761477	0.901128150858839	0.794198244518005	0.919490180463634	0.781850356999017	0.769479016384516	0.833391315595445	0.689479242847583	0.962359471940658	0.757583365264031	0.950635135434915	0.968142667911473	0.975365107369098	0.972329910514613	0.893618107703593	0.899567593282146	0.871208707843916	0.910197370285813	0.814149340587959	0.950971523789668	0.87559658538716	0.880040252440079	0.897993837536336	0.853427607115999	0.649376700571545	0.802987205732221	0.82312235003889	0.799497009417453	0.87550549620237	0.82844158177245	0.762107642962363	0.891746413009135	0.840314007355629	0.942943849734828	0.898543668488585	0.91105602900647	0.734410560998481	0.954187768279985	0.848691479929145	0.916622665174476	0.875806177214761	0.795432700647909	0.777247866562558	0.785886985410917	0.9151331427685	0.793003791741987	0.903564935924021	0.952329007089908
"SRR13357713"	0.822834514504215	0.827588362755269	0.916545010562998	0.79462265366288	0.88409288139853	0.917672489878708	0.863668035405111	0.812637003211946	0.835194725178123	0.776011782943671	0.776569482127964	0.895260500499902	0.773097336078872	0.861911396087438	0.931228260283875	0.831533197752143	0.806396276989528	0.849318409466843	0.861848190968041	0.825863904593528	0.888210555561507	0.740237224723626	0.823311683668649	0.841183256790207	0.893623011938264	0.854281359485708	0.931523319405664	0.876137475081151	0.862028929539147	0.747594388018956	0.74560607514605	0.839224059570786	0.79465876958368	0.86898664610939	0.725659314672013	0.82159195064278	0.800898575380325	0.762882681824957	0.766641440284731	0.69560255653768	0.931959157093047	0.788199890296695	0.947145312991802	0.913659259618235	0.919997733140977	0.940284891394066	0.844235840103733	0.874285068611008	0.861879282932285	0.86743328643552	0.814149340587959	0.895390951934115	0.826610384158957	0.837127653144629	0.828893948129911	0.812604474868902	0.873270747862481	0.789725166211701	0.815927393950586	0.742692353076216	0.918274994864133	0.684576254859615	0.802455478202673	0.872451651567743	0.82891212409719	0.889796506414883	0.845200356883336	0.854302928475522	0.846926630838445	0.9188167713373	0.704356454220643	0.91605785925414	0.815115777576359	0.790792795855188	0.799417181189578	0.727505972970721	0.85813926669865	0.788156302124113	0.835063934292532	0.917666001703857
"SRR13357712"	0.840401762121483	0.846540154427348	0.932292134171596	0.79462265366288	0.890667096879104	0.681240347831641	0.922443143783235	0.901549822705285	0.864033130528047	0.776455660047606	0.749914161322248	0.933139751907325	0.821212068210501	0.906169650921596	0.947531268697146	0.833034227849516	0.806396276989528	0.86553786498663	0.899136301053895	0.865775244656281	0.923103134992959	0.807587005764627	0.831553275554075	0.785832073626253	0.928621270805156	0.823413287822752	0.943445438744502	0.879284743434178	0.905836473800174	0.753834579246164	0.782952992008618	0.885348413616428	0.823859429064406	0.880690604877618	0.799803329044835	0.904587745481623	0.77650091042284	0.765117195801507	0.843819996499831	0.783718132178079	0.93768951402886	0.757583365264031	0.922646455476457	0.961196602366686	0.96769308666312	0.946009023797014	0.874884157251513	0.891294260786019	0.863419033338566	0.877213011917766	0.814149340587959	0.938601843392459	0.860803908213942	0.859494730510051	0.880021452648204	0.839776197533131	0.676760346391078	0.801467591507064	0.818373935857161	0.817927390850566	0.854373326827272	0.840235314459079	0.762107642962363	0.870372655714763	0.834797842476413	0.928142469425075	0.882844589198391	0.891092834742667	0.734410560998481	0.940223307466797	0.86322605455414	0.911660589078575	0.872458952837155	0.795077467598779	0.777247866562558	0.813535579856294	0.897394136571841	0.786937019743351	0.883262243159309	0.93818328678275
"SRR13357711"	0.872216083536889	0.87479621480508	0.957315561153425	0.79462265366288	0.896583836976276	0.681240347831641	0.94939866069676	0.930095468938421	0.895151206480523	0.777607882920813	0.749914161322248	0.959852911502762	0.843054099024449	0.933083465440709	0.974537304326282	0.836890417119448	0.806396276989528	0.895684034399949	0.918791267982213	0.905633753365229	0.954223502178721	0.841004352270206	0.86687896147245	0.8232043919614	0.955678864667414	0.834832813494015	0.973856775836394	0.898540422986649	0.93257325991047	0.76628974014185	0.786939659647582	0.928565374314228	0.843491807550236	0.906982621713112	0.833177055269191	0.943949288434294	0.783543715810583	0.770863705375712	0.870744270231307	0.760832318065836	0.966107380505994	0.757583365264031	0.953985293934122	0.980701779349242	0.985275211888068	0.976218823017314	0.907554518446567	0.919044879775914	0.905710142835171	0.919934198273668	0.814149340587959	0.962275777779331	0.891841926728483	0.890923471995275	0.918876025309471	0.867293831888864	0.690308002483529	0.819465216640131	0.824622136953728	0.838496317807757	0.89260485799054	0.837391646255936	0.762107642962363	0.906838101438789	0.85747998794612	0.956522112169236	0.915073650534067	0.92623535969552	0.734410560998481	0.962253318723966	0.890553109982011	0.933839521276295	0.901826693963002	0.811492998929968	0.777247866562558	0.830998454072574	0.931036406963301	0.794919299314208	0.922880494094927	0.96622868892783
"SRR13357710"	0.887427991601231	0.888108161352959	0.966960440612635	0.79462265366288	0.898249329672688	0.681240347831641	0.95787413148078	0.937692682904133	0.908543898702572	0.77826264906153	0.721066705113472	0.96615038165624	0.850037961135832	0.942702409383783	0.980793631095476	0.839055849204586	0.806396276989528	0.909789506061353	0.926722270753068	0.921699898339747	0.965169740829886	0.852357732627361	0.880458267133176	0.811681076020452	0.965201500007074	0.838449509865092	0.979098686293879	0.905181799133456	0.943175993312476	0.773004294864451	0.784236225851981	0.940004753236105	0.851339611140659	0.91952956641597	0.820233035237692	0.952999068491646	0.787485021050695	0.774094209740019	0.87782135997218	0.668926808211369	0.973248408730572	0.757583365264031	0.960453309991807	0.985969936119112	0.989835358132895	0.981514496470521	0.92121784962106	0.926129320998784	0.873127767990678	0.924668914254884	0.814149340587959	0.970493013023951	0.904773640344679	0.905133629681618	0.933266787391124	0.879472075506518	0.563637920977547	0.82630228010853	0.828106700304319	0.84185303764292	0.908494073735939	0.707820125436689	0.762107642962363	0.92186570403999	0.866568012973448	0.966272982183937	0.927811005676532	0.939872721749769	0.734410560998481	0.970466211767057	0.89689829490099	0.941694896171254	0.911916040846106	0.817536857384764	0.777247866562558	0.831276773748461	0.943753959100759	0.799368230364163	0.937608106349932	0.974999145353594
"SRR13357706"	0.763426903427696	0.787202762578203	0.893353439905621	0.79462265366288	0.904038472388504	0.877430426893334	0.915579845664007	0.929065191479687	0.809767110313304	0.77405246354612	0.740049436528824	0.743244025936149	0.838540158416747	0.886954512510853	0.778326033455676	0.824804813403593	0.806396276989528	0.786848387743702	0.88105252043663	0.78929202064288	0.847760000520633	0.819700214178947	0.841157168471511	0.848947670996626	0.878057173068307	0.888955316076524	0.81482134687345	0.831902613271308	0.846867113964837	0.72924873373438	0.832923696233855	0.815399212040477	0.817884655206094	0.805604335485234	0.802455571287322	0.845924799602776	0.782275476768784	0.752883821333131	0.881174431953499	0.61908322089105	0.809800529822395	0.780265219663848	0.848405931294943	0.942508584014431	0.938509246435112	0.800312554703735	0.81374744440538	0.907042202115868	0.838932558481917	0.791297777897937	0.814149340587959	0.904209941978042	0.818466636057423	0.790787917264026	0.825833031927986	0.801450992609177	0.87971079481265	0.838584698250706	0.804866350421293	0.873002989622913	0.894658742197645	0.533449599377132	0.792152487555569	0.830708272221423	0.842927240711172	0.875612035955577	0.835449194949208	0.822008265794362	0.821191644801567	0.883229318584945	0.89042837779318	0.946488296359007	0.872473837953482	0.839738470560903	0.793630796273989	0.886989069453414	0.838478477266127	0.773001182809639	0.816986665953058	0.905723473569228
"SRR13357705"	0.773887593842753	0.789285295045227	0.850627358502862	0.79462265366288	0.88862505138868	0.88621144695066	0.858978845050033	0.847562549852446	0.79847749160001	0.774508394607186	0.740699588778238	0.881172382101122	0.787915042202986	0.847262212218698	0.87264897765015	0.826385422804687	0.806396276989528	0.799362157834009	0.847967703682768	0.772511166057218	0.832046059623087	0.751998807593347	0.80249350859637	0.79018073175997	0.854222055697033	0.868997922388068	0.892620052544164	0.849855149872652	0.844039218152692	0.732200153565906	0.783430506258593	0.794152659310365	0.791385641998751	0.822135548608715	0.713653552892377	0.77250804386207	0.786416012113176	0.75523006123904	0.802865016545904	0.57843547714494	0.868737368263721	0.781806857863307	0.901111430276566	0.893237940309132	0.894052630332996	0.877398739761267	0.802329917157403	0.861141748588385	0.751609144554172	0.829863927768825	0.814149340587959	0.852117573960644	0.797410231063799	0.792226260127386	0.788340679065227	0.787159160143702	0.762825772282611	0.778167885525346	0.807478252650121	0.792791729833266	0.868140552112144	0.518560430192658	0.794163286656572	0.822813232579853	0.817657451752315	0.848091131057739	0.811211226564525	0.80499357669391	0.826388387425135	0.878060941951022	0.801242710245914	0.923784042258373	0.817113930640124	0.779797634424305	0.794752580168902	0.796962849751318	0.814840714256225	0.776538415163912	0.786007968090381	0.875316172451027
"SRR13357700"	0.744968940487035	0.764087657590609	0.820518498338455	0.79462265366288	0.878148206895357	0.681240347831641	0.81911320760209	0.801807804903046	0.767243576729308	0.773803539109618	0.749914161322248	0.911857286861375	0.755015336850081	0.814199976054026	0.898420901217629	0.823938036976681	0.674076789866701	0.769713292709331	0.841613898569105	0.727195971220081	0.778470882366088	0.72229141782481	0.731585102315507	0.677680525655747	0.810158446621667	0.798581434569151	0.928709498532467	0.682947925008668	0.811713094645028	0.723940191719786	0.779482149962582	0.804058957177448	0.775807718045728	0.796108993299235	0.717640538053651	0.732288600798568	0.759780715287173	0.751597911413156	0.777690968329504	0.728185012101952	0.892200071371831	0.757583365264031	0.843778623253649	0.840665540716819	0.839619786970394	0.924406879049411	0.766693909782576	0.847417176280937	0.722790399511564	0.902757525052563	0.683584502164788	0.831826034158378	0.766588056239577	0.761396273834291	0.738956442537163	0.76304930898247	0.642832844923851	0.759512829693768	0.803430634240249	0.77503552592717	0.730300385594287	0.697046481879304	0.762107642962363	0.745863149006079	0.705163783961068	0.79981261710385	0.774334560135879	0.759638419488953	0.734410560998481	0.842256468927811	0.794162548251777	0.841253794170942	0.786465786309205	0.757678305138842	0.777247866562558	0.781631583977424	0.770240307004623	0.767831837887833	0.733630226790656	0.790539184963448
"SRR13357699"	0.756102247072976	0.781090604106053	0.843661975058636	0.79462265366288	0.898467130387648	0.681240347831641	0.910562710112569	0.925855779405309	0.802867144779554	0.773870451192998	0.749914161322248	0.883389122162464	0.83577968777675	0.881612764797653	0.864571142661935	0.82417129506375	0.619197976548205	0.779259386642876	0.877404099092852	0.779226206408901	0.836768102591194	0.815090782164653	0.805531344832169	0.783527585688163	0.869828319495023	0.833152641777807	0.894342431100939	0.581246860620544	0.854043117856751	0.72715867762422	0.832900757010166	0.845200442454938	0.814921252935476	0.798694101132759	0.823357582778647	0.853816272300747	0.760211140203701	0.7519439114235	0.878299138498213	0.75504043814523	0.862090393243689	0.757583365264031	0.876444534588433	0.93671352050601	0.931004155885834	0.887927505603314	0.805914795504615	0.893711995531846	0.846632514485583	0.881261952957411	0.62887923667753	0.887387421819339	0.812089370098109	0.783397001355461	0.816498973325957	0.79620263634363	0.758331585431854	0.800205237499658	0.803817234001426	0.871244970167797	0.778484994432829	0.82837187435804	0.762107642962363	0.789500434446631	0.734998285451588	0.866795832081465	0.828082388068166	0.812449989062193	0.734410560998481	0.875488538941327	0.884552911894335	0.899566553464551	0.867919386201657	0.79721621634067	0.777247866562558	0.885902810315539	0.829576096617797	0.768326217619377	0.806644767424202	0.876873518338569
"SRR13357698"	0.83417419500996	0.846527840394857	0.930159822337788	0.79462265366288	0.906590209587816	0.681240347831641	0.956192606459721	0.956900853118719	0.874053355942722	0.776058946828155	0.749914161322248	0.941783374328145	0.866621182292162	0.933240248518066	0.952305375494376	0.831693097431056	0.806396276989528	0.85817780352757	0.915485813603793	0.878558787102967	0.932934905469829	0.864823706821688	0.869184948909821	0.849974354587597	0.942712657977638	0.849688625997041	0.960949573911513	0.882023147328313	0.918068182439556	0.751686648239503	0.833177280378212	0.92291594161239	0.848230079252269	0.870274282174971	0.868376987364188	0.940405214601977	0.774044714241599	0.763120652713954	0.909227444614105	0.785491224233375	0.942675078729644	0.757583365264031	0.936513898063635	0.980687064950867	0.98245672415356	0.961905061405538	0.884649824454445	0.930603240586166	0.917401787993205	0.924566796850439	0.814149340587959	0.951485409285168	0.878089101904334	0.86027788564165	0.905476765572073	0.852792629565631	0.768545194883648	0.829216803388277	0.816188392114155	0.891112363978556	0.868088337817425	0.835604115534672	0.762107642962363	0.880252177980865	0.860584184332514	0.943797754685728	0.900893552871714	0.903612730594297	0.734410560998481	0.944315951714987	0.924406862687108	0.938211525620244	0.914438952110161	0.823081140760358	0.777247866562558	0.898413778433696	0.913607812909843	0.784143751335706	0.904223655239398	0.956272523022152
"SRR13357697"	0.757462988844425	0.775731463502641	0.839122540950671	0.79462265366288	0.882128149773322	0.681240347831641	0.846567376727386	0.841512698451004	0.783338256599805	0.774080686773837	0.749914161322248	0.887230930947975	0.784300078403768	0.835184521184868	0.905102759935942	0.824902919258067	0.58875148870144	0.782388551553203	0.85312382961248	0.751076493176841	0.806509879592424	0.744470901860265	0.75294092412694	0.706403698592973	0.834656686854154	0.805701719912697	0.938259817853848	0.568615753866969	0.816339565334992	0.727455521432089	0.787033931980652	0.831441557417515	0.786101232744221	0.806659926807165	0.741419060427545	0.773027604726776	0.761560667083368	0.753029399261162	0.799886162474955	0.777502774459844	0.907325004306601	0.757583365264031	0.923736906518028	0.875093319605632	0.866266264507026	0.939717981888755	0.784974632915526	0.864744343813098	0.757756695401627	0.916221257074447	0.59840677882304	0.854470566113363	0.783632273376857	0.775832418422953	0.767198975239766	0.77600469186659	0.671639891810596	0.769260466508098	0.805028700936083	0.793659487069396	0.751463992145358	0.836510587284576	0.762107642962363	0.766838396924368	0.678477203392525	0.826908708781983	0.794830053008067	0.783421134555866	0.734410560998481	0.860353703690485	0.764028806753861	0.858113912620674	0.808109652988536	0.766753059371047	0.777247866562558	0.800721492015733	0.794551033609203	0.769875424226085	0.762505818615912	0.824500911227517
"SRR13357692"	0.739107885983808	0.759647027749401	0.835262553379486	0.79462265366288	0.881484703286746	0.782279994993998	0.807932963002406	0.812014041218607	0.763049915496179	0.77365014393381	0.763859059097058	0.786219266435225	0.771923750231257	0.704724094789838	0.825183366489729	0.823402562104713	0.806396276989528	0.763467710740429	0.840453958236459	0.720858897960722	0.770607634943652	0.724426756861464	0.747841318257808	0.721768877084802	0.805028645708898	0.587308906719629	0.859710501215795	0.843615359422294	0.785811987548041	0.722334424989756	0.783626594015891	0.758087413985868	0.775799148775494	0.790091843359255	0.73293615313623	0.728815327331785	0.768006912531282	0.750803765734135	0.782469608576351	0.731932914701947	0.850218060853206	0.767522321794666	0.781857669078244	0.838585409684888	0.829758035369826	0.865753301283757	0.761731099316552	0.804478933050764	0.78747940421345	0.849937071840227	0.814149340587959	0.833576991130477	0.763484325504414	0.756014155311569	0.734482874718327	0.760394602782202	0.80724628915154	0.778678456715557	0.802542494479652	0.780955406283545	0.790242089520681	0.666636865246127	0.775374583800405	0.757160887446967	0.786170551913064	0.794381196513383	0.770534368288982	0.753530055954006	0.754161392606461	0.766556750472914	0.772934304967274	0.68434794680306	0.787492106967806	0.779304111386811	0.784400247607139	0.789323069709072	0.76500485570852	0.768145822853711	0.727868161274374	0.799185762028226
"SRR13357691"	0.775731969552292	0.797476968696113	0.751066391506474	0.79462265366288	0.900358383181592	0.680872274957693	0.923656299157122	0.934314146570292	0.821260805174988	0.774366989263063	0.749914161322248	0.840341231479679	0.843225502068728	0.895696562232144	0.876765909982474	0.825896169436682	0.679765869579796	0.799519601026251	0.868657714867258	0.804482531781127	0.865328550585148	0.827459323812619	0.821736684570606	0.80843462568561	0.89123084030089	0.83701744188968	0.908000043677157	0.687898207185404	0.858054027507082	0.732839409681882	0.832963361190271	0.862807261720642	0.822922250859002	0.817127066341344	0.834502282191297	0.879716785483307	0.763391490892702	0.754503638467156	0.886008242757072	0.817471434996502	0.886843381228546	0.757583365264031	0.894197293025419	0.951369860157107	0.949816867434918	0.91256084939324	0.826713685391244	0.874395640420389	0.861482198689351	0.893643733197957	0.689238481310915	0.858214064109336	0.829095668155105	0.803128132119476	0.841084622829855	0.810286117952919	0.598372560720882	0.739044511390808	0.806670641266907	0.875994870546635	0.737833063574663	0.839639290641445	0.762107642962363	0.813692262347187	0.773807348995429	0.889676714990049	0.847588041846654	0.837630462907625	0.734410560998481	0.895631264555818	0.90071449850271	0.909854393752251	0.880033601278611	0.733253367015601	0.777247866562558	0.888846342097956	0.852983181737822	0.771975084260902	0.833849637648054	0.901767479987172
"SRR13357690"	0.841118613683889	0.848478735882867	0.883521343678603	0.79462265366288	0.895126129697692	0.680950378872406	0.934192353721134	0.920863193038752	0.868691137319365	0.776432426882659	0.749914161322248	0.91064991386148	0.834664233982253	0.915383238982684	0.947405021161103	0.832955875286556	0.806396276989528	0.865915251573105	0.892278615751515	0.87104490336079	0.927994003690237	0.825178762355321	0.843787264858569	0.808010840160308	0.934323574621661	0.830853116620158	0.950718106885571	0.88263787794087	0.903191281843117	0.754118377879963	0.79636784946006	0.898264375568385	0.831335298460924	0.880100712524016	0.82075877995363	0.917582805159091	0.776357505848803	0.765000522803422	0.86428985672142	0.799853327208529	0.943596469877855	0.757583365264031	0.932314306736465	0.968637387022997	0.972307869828942	0.956328189349476	0.879629760171442	0.883500626603063	0.878383382714553	0.899762680145535	0.814149340587959	0.920552995751655	0.867315582320044	0.861888237812322	0.88946794602302	0.844879015152922	0.564234013186073	0.757782924350478	0.818246424967	0.839932944051356	0.82238856215458	0.841831458822979	0.762107642962363	0.875439522318201	0.842888931340483	0.934398950453084	0.88973934848695	0.896816228252337	0.734410560998481	0.942920641773325	0.863771289969874	0.92042204079746	0.885983346328143	0.749275265681052	0.777247866562558	0.839287346405105	0.903999440099316	0.786774066744176	0.891560529241631	0.945271862601584
"SRR13357689"	0.751580587492264	0.766575906056078	0.826769035030818	0.79462265366288	0.870149244210559	0.681240347831641	0.781122728064477	0.74988346988824	0.763444472947706	0.77404583481082	0.749914161322248	0.847952893697237	0.743612405006531	0.792115530836148	0.887950760453413	0.824781766451621	0.653405569926398	0.777385765569495	0.831911518794768	0.721844116822056	0.772899048629906	0.686873831519773	0.708746818867204	0.645788378523138	0.798685279993449	0.785533444031647	0.920635004727271	0.657513749557277	0.781871692830809	0.725740322790942	0.754386326244608	0.784711179208145	0.763511576685337	0.805355791209464	0.674164634726205	0.693741109124839	0.761337248063509	0.752849623234233	0.730261510881402	0.797449527676278	0.89870638147439	0.757583365264031	0.914828816846444	0.800936102669731	0.787890417406361	0.925788800251114	0.763015884673479	0.824042640673495	0.676344938588891	0.893660451730076	0.663013212142235	0.820523269638987	0.757581848128939	0.763941803723452	0.72101858602165	0.757442917154054	0.609919759774879	0.745804845041109	0.80482820670302	0.72787342013596	0.724406222971514	0.842380364917081	0.762107642962363	0.742476677447029	0.678153475745256	0.786136877162306	0.763517619385906	0.753318523892483	0.734410560998481	0.841644442537781	0.651027686254916	0.820166896912921	0.755173109480252	0.744005307729715	0.777247866562558	0.725926807345283	0.759917243327891	0.769619035896614	0.719781363518855	0.769578420271517
"SRR13357685"	0.793808600544363	0.806075766759325	0.909088751042372	0.79462265366288	0.888205130527019	0.837700237344804	0.876840636210316	0.859950559130135	0.817627339469676	0.775048851407195	0.738328928811286	0.913406736997737	0.795074665229669	0.890277811250743	0.898909988508375	0.828247349759225	0.806396276989528	0.819615857389869	0.925177835664963	0.801305464265877	0.86204428225286	0.764967436983945	0.807150565168789	0.778427836295735	0.8779660940139	0.859292385404824	0.911866233079482	0.858305662575944	0.862623652404713	0.738222057942511	0.781118532156425	0.82335955621482	0.799406972424734	0.840307132001024	0.760372508926627	0.813239187800216	0.782801969915693	0.757996021015673	0.81091594054518	0.64326677824743	0.891933076575411	0.77428168973013	0.905652757636775	0.915893981172319	0.919154881930106	0.901566124272145	0.823978099861685	0.890369572442465	0.770266580580069	0.84174419540934	0.814149340587959	0.900599000249166	0.815425943541065	0.812333289299721	0.815575103713056	0.801817946563417	0.771908631199046	0.808943777222823	0.81054455602855	0.795982355652362	0.876974752864782	0.648477125020025	0.784308409565421	0.83476091189227	0.820211643004402	0.873791311165374	0.832235711359964	0.831514325574363	0.800139008694191	0.898558537134816	0.805256712659831	0.922462772069577	0.831159911164687	0.808532007912027	0.789287483744025	0.797058621543319	0.84009970641531	0.779308621059185	0.815570300224041	0.893852783102672
"SRR13357684"	0.797386143892015	0.815588932233675	0.893883699593435	0.79462265366288	0.902546647822587	0.681240347831641	0.936816186876763	0.943126723536202	0.841178372527221	0.774951084709907	0.684215992249975	0.917361941693689	0.851643805268204	0.91037450898453	0.896569180657321	0.827911476113647	0.806396276989528	0.82156392536823	0.897740651671488	0.834093899287153	0.893447728481704	0.841182323308384	0.839451701533365	0.753888537444787	0.912430405474291	0.858720823112411	0.918076095339272	0.857495868815564	0.889625868253396	0.739435952700143	0.83303710575468	0.875778973040397	0.831998671171116	0.837132970746202	0.793484339244135	0.889062569687174	0.767101489258794	0.757496900883312	0.894542811778546	0.55860768174467	0.889858984037403	0.757583365264031	0.884165031678542	0.964509681547863	0.965083304520591	0.908318015300418	0.848913423564815	0.907337920956361	0.718668447767962	0.871425656224831	0.814149340587959	0.925102581551736	0.847539580055776	0.824598380836755	0.866548400401961	0.825909566206036	0.498017146896684	0.814945153301274	0.80999227292545	0.881398004015238	0.827222178706678	0.484513798762396	0.762107642962363	0.839377303356618	0.841578923620218	0.912153920818972	0.868201131085822	0.863721445597225	0.734410560998481	0.915625302071398	0.911066294191738	0.935734605337746	0.89306500038574	0.810303267139609	0.777247866562558	0.892229336178603	0.877080516043648	0.776222448053804	0.861871604713495	0.925267067433761
"SRR13357683"	0.814314602104649	0.824702225827358	0.855425333993025	0.79462265366288	0.889628478250764	0.681001444242266	0.907001266646411	0.892955012206813	0.841052980438544	0.775606195151426	0.749914161322248	0.900590560729192	0.814746601550217	0.889581694652214	0.913835759988724	0.830154125493018	0.806396276989528	0.839832932565348	0.875429858265353	0.83357334892066	0.894726957276232	0.794779895615196	0.81203040378617	0.769304618244868	0.906142935897565	0.83485218922267	0.924262632977515	0.86741209273619	0.876533130391032	0.744806143713012	0.790048785098686	0.856185442431107	0.814437014250791	0.8574693965845	0.789911120600714	0.875817579531813	0.771222113236076	0.760830925118928	0.838715675639454	0.784957716558528	0.913852234539001	0.757583365264031	0.902822599798152	0.945527203990621	0.949634986110182	0.92513690614053	0.849778049100224	0.858495476707651	0.837218393259587	0.863141210791374	0.814149340587959	0.892981295406961	0.839629146696522	0.834456951983243	0.851663308914597	0.82139656673553	0.571350376015932	0.749564077056443	0.813672707099238	0.819377220620826	0.789005418383854	0.839014871890303	0.762107642962363	0.841620670658632	0.823214239261816	0.904370134747427	0.859646350755514	0.862691521030011	0.734410560998481	0.920102746987002	0.840293158657386	0.913723235175139	0.858646974488607	0.742934869293923	0.777247866562558	0.820382368709158	0.871038925745231	0.780927969369152	0.852520257034651	0.913573913915502
"SRR13357681"	0.787383752103326	0.77735548552553	0.811807555987258	0.79462265366288	0.812002416556257	0.681028431860791	0.930902524978484	0.934334851775411	0.802647107735092	0.77467603100026	0.749914161322248	0.890696340540481	0.847725107479623	0.903706507748917	0.914216229407286	0.826964307023401	0.806396276989528	0.811423216342548	0.817731200718723	0.820476206192924	0.880906766051608	0.834830476429651	0.810389228090658	0.796396016703277	0.902951963165601	0.839389247446994	0.941799142444087	0.867451486814279	0.846210234691088	0.726565966993809	0.758659397865357	0.887978537306535	0.827769543474225	0.827935869966063	0.841157977199322	0.893775861327013	0.757605320721029	0.754088043007288	0.860026944422477	0.811170570488316	0.914408034728253	0.757583365264031	0.921582515360328	0.955634154908359	0.957640524021089	0.944049748830256	0.818007270527732	0.860231004140921	0.874656628104386	0.921695119663607	0.814149340587959	0.893645717111743	0.824330348515686	0.796882917956774	0.855010396598716	0.80002645214935	0.660388808719592	0.754515831683094	0.808432809038818	0.850463990047898	0.767289010828103	0.838769706974554	0.762107642962363	0.811152314876517	0.836557208855739	0.887647413359894	0.843666421399945	0.851898263410907	0.734410560998481	0.89466497376882	0.904801299434659	0.907430533259756	0.863461548649161	0.747263339220764	0.74891844106079	0.859524603898308	0.866180641409639	0.7742284148883	0.849198317804323	0.911056959363712
"SRR13357679"	0.810666513230269	0.819871812925329	0.896717817552913	0.79462265366288	0.890017651736474	0.888975888922789	0.885884485140154	0.861668975256639	0.832144537619719	0.775551787082529	0.791948854737908	0.940852686866829	0.796626380941282	0.87379458906208	0.947893567315417	0.829968582070142	0.806396276989528	0.836634341769241	0.8668453326125	0.821271083157458	0.883170788903117	0.769852399475935	0.827756555137014	0.86084244651591	0.894076911004358	0.854349328262954	0.957399815798996	0.879473375531459	0.87593011689979	0.74358059797585	0.774488116678569	0.867376156688606	0.803932243133841	0.85586294770029	0.786958456412136	0.850057117451857	0.793001131987553	0.760554967052113	0.810105244461307	0.790237733949593	0.938368219071593	0.78230576558738	0.954848174489213	0.928183640893778	0.936142363678296	0.957847066457701	0.84028629251545	0.89167128104656	0.9101418896692	0.913593570351488	0.814149340587959	0.893160820771857	0.828341185783405	0.828540555043506	0.834048644293269	0.812729413054115	0.899169736611676	0.788961788573493	0.813368856878911	0.790757138212808	0.897282546040197	0.826594867913268	0.794813108990368	0.861367086207797	0.832507330116443	0.891014835187218	0.847034199247137	0.850818161735488	0.828049968640515	0.913391862140254	0.826738912945735	0.91833384231409	0.837810586575742	0.788938757470797	0.795115862263089	0.787665511721792	0.857904417492233	0.784059052401535	0.836224184928145	0.916525820355341
"SRR13357678"	0.790354290340228	0.837916778466228	0.942771197748277	0.79462265366288	0.856816877447875	0.87094991890835	0.951185358584682	0.953227793851633	0.865061083823781	0.775734259547147	0.786789628908118	0.838454170147395	0.862363928106579	0.881761927350792	0.893747720721458	0.830590343330666	0.806396276989528	0.848135618789265	0.896458997676235	0.864580956392679	0.923021554974173	0.858211847126443	0.88267055210657	0.908698755660196	0.929365847546779	0.87929750583061	0.854928028666915	0.824409179154619	0.88520770410229	0.748132155405929	0.803515814102344	0.904432222687359	0.83276004997674	0.835629614863945	0.877063816473878	0.926619442652729	0.791286392151599	0.761479794754304	0.905120442041144	0.784541547110611	0.892502616435142	0.779195627313332	0.838541487877625	0.976888545130719	0.979199160516291	0.885595080710053	0.875001737710963	0.910981272517038	0.95584354834838	0.860860073156115	0.798963539981777	0.949805013518384	0.869715945327231	0.850488224040348	0.884276943930992	0.845280621325715	0.944371157530493	0.856157293149224	0.778000764958108	0.888336548379869	0.929609581448465	0.826784736797896	0.790754899031972	0.890636838433002	0.840814491199036	0.935071871341904	0.892130635898389	0.847904983264543	0.81243712287725	0.885349943051446	0.929663555514405	0.922557000796273	0.908603869962217	0.854746136922884	0.792853173005057	0.896632395483023	0.858115361497841	0.784891470246576	0.882772436037485	0.957483082209073
"SRR13357677"	0.806448599694752	0.817173782984941	0.895901018445123	0.79462265366288	0.891905439068645	0.880370286180326	0.892029167116206	0.87461723386217	0.830944990413723	0.775399152340748	0.789424701217071	0.922730832188459	0.803589658871998	0.877178178958124	0.92886632580798	0.829447374977425	0.806396276989528	0.832209340558761	0.86981722132283	0.819584514260747	0.881220697968546	0.778551913389164	0.829445755677202	0.86076401893026	0.893967471984653	0.854927474740031	0.934427729997116	0.870030922345941	0.875555649393849	0.742225551268785	0.783153581564258	0.853527734919991	0.806698493619997	0.851277342238512	0.795817824241531	0.854774271687386	0.790741551745652	0.759779893090631	0.822393362521224	0.76604918176585	0.919742910826406	0.780781114167087	0.90262793823222	0.93207009360565	0.938723466930841	0.93468063194028	0.83876980209946	0.888656244646918	0.910503131037744	0.883463889004977	0.814149340587959	0.895883948267061	0.828672670730989	0.82551360232684	0.835345980170283	0.812591152436131	0.899087869304899	0.794411128154847	0.812514687575618	0.804470181754719	0.893648248430898	0.730741198816811	0.792825856403434	0.857880214630836	0.833823150681351	0.891126520857651	0.847369050743238	0.849405031855243	0.822941163975893	0.911391731221924	0.841622098812477	0.919361116974156	0.844338785148247	0.794214379390507	0.794006062209167	0.804541608228891	0.857548867882574	0.782755087576308	0.83625961584943	0.916173920111884
"SRR13357676"	0.799251291714698	0.837800764515299	0.896184556014614	0.79462265366288	0.872672988389733	0.875568976697699	0.951115889677264	0.953177465585873	0.864939066591079	0.775729979366933	0.741824268943198	0.899149690707459	0.862307081501189	0.895211546276748	0.931326505764876	0.830575775576939	0.630312384294472	0.824581498343828	0.886433404438657	0.864078813238605	0.922882377958133	0.858122956705088	0.883386040872045	0.881584494863225	0.930745715378713	0.880351488167456	0.929047689846328	0.602333099795084	0.892109810268942	0.748085098293232	0.811472712851723	0.916601213274962	0.835533578133386	0.842389922554609	0.842869581422046	0.917991342228024	0.791960469805369	0.761458123463224	0.905065235426689	0.565573180868815	0.925004513622928	0.779979221189513	0.857463566698904	0.976833916129531	0.978191145637288	0.941436067808404	0.874870118872325	0.90854276500722	0.898838765454201	0.914961674858642	0.623138133182739	0.927504188173478	0.869602428717168	0.85035554476517	0.887032386387432	0.845179587648874	0.794168991656146	0.812398062182266	0.787769713840785	0.888299565738906	0.909250687540917	0.399135526205844	0.791778984986194	0.891247341755522	0.777408585541605	0.93515436700928	0.892010756406575	0.860638186892559	0.816483396534557	0.901192640070583	0.917173390988509	0.931811714152097	0.908524651327508	0.810078625873432	0.793422813835363	0.896608741272922	0.871234051614984	0.784975221963379	0.885357697387201	0.957692924272675
"SRR13357672"	0.837154859563273	0.843954773822501	0.929561016092755	0.79462265366288	0.891023122996802	0.681240347831641	0.92191399662462	0.902750746799606	0.861639016838265	0.776339042663332	0.749914161322248	0.948462563711947	0.821867591944703	0.905145430800872	0.959862272520322	0.832640704204985	0.683898009861982	0.862338308640947	0.898219865121841	0.862557418693333	0.920312136409223	0.807897995688232	0.830413441348421	0.780633197185229	0.926583221033852	0.823849948331721	0.964410128847403	0.748899308808804	0.903887997005852	0.752664363124834	0.785406828968495	0.899928777975786	0.823447775757566	0.877704661855532	0.800879020456676	0.902650489173572	0.775780546929467	0.764531245423589	0.845500606347594	0.748196809558781	0.950423911910464	0.757583365264031	0.943930964189569	0.960301401530703	0.966619893374253	0.965866021422455	0.872267615850215	0.900651154244083	0.862657101302663	0.916879648848792	0.693343032667699	0.936838539272341	0.858834846375087	0.856590372836652	0.877591485944109	0.837967275145884	0.680710211398537	0.801395003893068	0.817733296053312	0.820632247667133	0.851449180008091	0.834283845758992	0.762107642962363	0.867357197512972	0.779820464408346	0.926030832713536	0.880717807865711	0.888254110057331	0.734410560998481	0.938134827552512	0.865447916115066	0.911125186197743	0.872229778131407	0.795159308106884	0.777247866562558	0.817414464633596	0.894910972774167	0.786118293219088	0.880436170643015	0.936150882763479
"SRR13357670"	0.927704961771993	0.927592361011612	0.987090748828359	0.79462265366288	0.920665091280881	0.681240347831641	0.989630667064464	0.985421059809238	0.951122456245516	0.780249721503267	0.749914161322248	0.958065499468251	0.912449633765716	0.979282923229516	0.981839247669566	0.845512381615324	0.806396276989528	0.944940705754365	0.960239821019181	0.966664675277602	0.989686059778061	0.929338663673602	0.943101647735042	0.9296393167951	0.989482529255742	0.877835024161832	0.966569620129107	0.906470165601073	0.975235439579485	0.794788437620144	0.833711179954366	0.967103877197437	0.898632519307276	0.948799997636166	0.928160819846823	0.990819399769714	0.799172507333767	0.783740117654162	0.94971262574844	0.817992852118356	0.974196639868561	0.757583365264031	0.939887164096566	0.998189418810423	0.998844889217035	0.972617884350497	0.961731896099569	0.958184681264553	0.977246731980069	0.867604397656856	0.814149340587959	0.991338012692286	0.950857238495867	0.945153712323213	0.976865463881473	0.925447214263622	0.787434843838352	0.875718831164035	0.838388394239041	0.922010862697762	0.95679716622458	0.845433923772823	0.762107642962363	0.964310691873472	0.91628302192533	0.990575212144283	0.968804650273832	0.976603787494154	0.734410560998481	0.989375178451916	0.965970434934039	0.976828194170623	0.964770871156291	0.865657084013188	0.777247866562558	0.919200336244364	0.979355626838938	0.812479939642434	0.978647282275112	0.994807989628587
"SRR13357669"	0.977533954844505	0.973425093625049	0.998578433884351	0.79462265366288	0.921910243979945	0.681240347831641	0.996614015853212	0.989660817730513	0.9844833151202	0.785846366066641	0.749914161322248	0.992355761090439	0.925924477968995	0.992898733563502	0.998782219139889	0.862766612217217	0.806396276989528	0.985440852296022	0.981201599640866	0.993058480270834	0.99888556287697	0.951659782408464	0.973367418118798	0.951766464347779	0.998408748731611	0.885454375854007	0.996384508654675	0.951618952274607	0.993700513188236	0.842209162100397	0.774678883647857	0.991872949236272	0.927448295533028	0.986591340732957	0.943085523522464	0.998468639341459	0.829837139934191	0.809593067302148	0.952759834758818	0.694061855918327	0.997360752406633	0.757583365264031	0.987430131466979	0.999784508652674	0.99990838886944	0.997702421486884	0.99000136402039	0.976020136834574	0.99170918824521	0.928985267781718	0.814149340587959	0.998703145092765	0.982284943265583	0.98404979412565	0.994927094672875	0.966145863411204	0.711853033332619	0.900249384147075	0.864991550723947	0.902407158168978	0.988745055414396	0.837220171799441	0.762107642962363	0.991941879403496	0.946437845379293	0.998685559037227	0.991398343244558	0.995651261921227	0.734410560998481	0.998598230338134	0.955689278455464	0.989655019737059	0.981276288226279	0.88654914141412	0.777247866562558	0.871666873426172	0.995960386533012	0.846233315293074	0.996067790760186	0.999464668115723
"SRR13357668"	0.836331882641258	0.842523976847373	0.928367170367638	0.79462265366288	0.888536891524242	0.681240347831641	0.914490633523125	0.890636909396581	0.858649160535721	0.776337045231606	0.749914161322248	0.950141698818314	0.814167082653453	0.899474381574482	0.96127532236342	0.832633958724169	0.806396276989528	0.861711923967931	0.894884531631316	0.858603051782506	0.917006794120403	0.7976463743203	0.823129152475101	0.761704665894033	0.92287002150328	0.8196862421755	0.965968879501233	0.887790868816141	0.90069262333931	0.752357168742211	0.778091147770528	0.896566506508354	0.819136599737795	0.877652972278371	0.788701945405809	0.894280737376389	0.775768196451871	0.764521202310188	0.833455517965091	0.69702958693528	0.951914077144973	0.757583365264031	0.946132679970715	0.955245095603496	0.962464215461327	0.967383329272634	0.869180876506703	0.895860200048589	0.851441506158763	0.918435032299346	0.814149340587959	0.933474796466227	0.854813682046877	0.854850620069795	0.871646273397833	0.834822868943613	0.667059845342454	0.796724365953264	0.817722309918469	0.807981565125088	0.847521002765084	0.827411567287958	0.762107642962363	0.864024747121239	0.829466486027362	0.921948691068569	0.876398267125899	0.884516220392414	0.734410560998481	0.936262683597319	0.851658821652249	0.9058071134878	0.864124588929163	0.790546069358981	0.777247866562558	0.802607638231928	0.890671079664801	0.786104252730136	0.875130850364829	0.931454770466555
"SRR13357664"	0.912704767704882	0.914194190920147	0.966954303832471	0.79462265366288	0.917762235705458	0.680969522621282	0.985737612752857	0.981475573720368	0.939505021685673	0.779337860603805	0.749914161322248	0.976442705394105	0.903833225166651	0.973126387102307	0.988965900065664	0.842571004441732	0.806396276989528	0.931800325197041	0.946941392558846	0.955079681987028	0.984349110208415	0.918260443218725	0.931371341090903	0.910986771292044	0.984674245589875	0.872094333316609	0.98864946653926	0.917023743525137	0.967652391650563	0.785857721215092	0.833594510783597	0.971409339528176	0.889063278226652	0.936861273944816	0.917719722880996	0.986086238692521	0.793860509836426	0.779343353433446	0.94265888216358	0.732523984020449	0.983228602353054	0.757583365264031	0.972048370529824	0.996953272856199	0.997838767448094	0.99036010624255	0.950944079277556	0.953272416634443	0.968796034932296	0.951273171757149	0.814149340587959	0.982160154067878	0.939714176209329	0.932243970181724	0.968278937925787	0.913098423876031	0.674381451670861	0.829764364081895	0.833724900715209	0.916025182817363	0.928530680206914	0.830523158185206	0.762107642962363	0.953105131210896	0.906158141021607	0.985988590317301	0.959575208338946	0.96785484221565	0.734410560998481	0.984652534816572	0.954801662230433	0.971195991751175	0.957065458739208	0.817652445070493	0.777247866562558	0.915013798988782	0.971560705090174	0.806536058713288	0.97009578010633	0.991679517084388
"SRR13357663"	0.896177473934537	0.896051863203549	0.950917589943423	0.79462265366288	0.900188172780251	0.680967311290349	0.963808009368412	0.944802588566996	0.916746514196374	0.778664038657086	0.749914161322248	0.960937328602431	0.856790448069599	0.949215583153567	0.975464555610181	0.840374029401707	0.806396276989528	0.917723973387322	0.923588568627574	0.930702977792905	0.971091165701402	0.862138205193033	0.890213219026449	0.850294884459115	0.970652734731597	0.842176585869516	0.965122322736695	0.899451699772005	0.949588308158836	0.777167503584482	0.785519148384268	0.933364790482948	0.857452671889443	0.926449403306198	0.853377585662382	0.964027480224414	0.789879169654508	0.776061923729711	0.885723517114208	0.77016459697969	0.966960137261933	0.757583365264031	0.943066926193251	0.989034492413534	0.991968339821897	0.969630266165045	0.929388253712554	0.905978326072912	0.927860027971675	0.880388407895023	0.814149340587959	0.965200740978616	0.913062511190183	0.913455845074757	0.94209105630566	0.887386394369919	0.563017009985735	0.787647208090618	0.830219151046364	0.848312508691026	0.895362151992074	0.840033183481343	0.762107642962363	0.930700539399505	0.873414935444819	0.971822014751134	0.935719419054495	0.947777375996469	0.734410560998481	0.974931394322804	0.889837611873604	0.947379433375857	0.919778130661013	0.775909954427742	0.777247866562558	0.836860727869465	0.951264255790297	0.80206416295917	0.946322103836555	0.979850989153619
"SRR13357662"	0.683381466401683	0.51510261998949	0.625078616740687	0.034191477375393	0.0629697855191355	0.0676918616247842	0.697029985755178	0.703416081267436	0.621697573397789	0.142474387344591	0.13087501865291	0.268207340423359	0.472515336302616	0.677704127686371	0.477673628417926	0.0189149359746878	0.0152418584529566	0.607603133889961	0.055769051929639	0.820721307261917	0.753619618471457	0.67300936347826	0.547833666654641	0.471629598074153	0.69463830370456	0.542884743977244	0.287150393152032	0.0435303748302233	0.579623855916642	0.319945341383713	0.31389999144644	0.653476791039592	0.0975928557925105	0.289347664547082	0.470083363736773	0.937224522623639	0.106243131334618	0.0578055518566251	0.564541471915518	0.0133052935871626	0.35683075835952	0.0986267411971601	0.10542891346785	0.86966912850529	0.904822401031311	0.30005332373623	0.589566085582799	0.411402815665745	0.737154224339083	0.154139607952388	0.0103449383355138	0.601395099126378	0.522622486432289	0.487848448401802	0.841904298488723	0.426211752506241	0.12981677691249	0.301674973951135	0.105397837811312	0.464187730918063	0.455271088083363	0.00543626736975451	0.0824262734778066	0.58973623239892	0.272947808040904	0.751401013079488	0.621148112781329	0.845798072976483	0.0752866899587418	0.776142586841343	0.618430914370377	0.737228490977302	0.577628823248801	0.283066226618309	0.0938664596199956	0.423977354032773	0.852505354456608	0.128591599806048	0.851438420739312	0.81640530224419
"SRR13357661"	0.547558666782265	0.352699709479926	0.347014672808674	0.0205172746469109	0.0275622615016348	0.0473945006313835	0.273876620088413	0.257108802520375	0.411203939281691	0.10472866312381	0.0972932102988292	0.151233544888421	0.267304692805378	0.354298570689531	0.252949020265803	0.00979392342211014	0.0135004119376066	0.440022016954624	0.0164932006315539	0.631750988804252	0.417757175195615	0.422748838906746	0.295173034112901	0.210805290172273	0.337451894320045	0.409678926927478	0.135536040427177	0.0435968448849459	0.307312648999725	0.25160742313492	0.192806709532061	0.359552477195644	0.0415547994445348	0.156685466146001	0.21140776595863	0.73065555300907	0.0707681551256708	0.0359658576884723	0.258298110891239	0.00605760598700713	0.180323629289106	0.0699588955988184	0.0514179970032243	0.36890689285108	0.435835832191048	0.134390411439946	0.351089876294471	0.176677666079568	0.364645042742484	0.0837960998183537	0.00876164399883491	0.240956828581084	0.296197355641464	0.298280943242025	0.609043970530493	0.253244816439583	0.0572960742787487	0.180477506695928	0.0680817553158535	0.212975876871822	0.228593634469345	0.0025138258907665	0.0568185268213256	0.33793173725726	0.169908135467225	0.390540348838269	0.349450336569234	0.651554445149686	0.0520403673957719	0.500113251913762	0.261971418541887	0.451454416034027	0.273165596833714	0.171130889331709	0.0653448328437134	0.174329974145181	0.646432824621846	0.086800531367217	0.628210586922347	0.41129082200733
"SRR13357656"	0.924010847892043	0.911912477273914	0.982496426174753	0.79462265366288	0.846014750112485	0.681240347831641	0.851868525493823	0.593616317051364	0.913238055972131	0.78076590607779	0.749914161322248	0.98320164828056	0.696987453639241	0.88733256673321	0.993827866848491	0.847161257068754	0.806396276989528	0.944100367474032	0.900207595592791	0.927927562748917	0.970213328499158	0.668876463301154	0.799730046642462	0.613329819203989	0.959298454495699	0.75750952272726	0.989139840211998	0.927914746269653	0.939512964066799	0.792146706802175	0.575927859140349	0.908064884171213	0.794288699337416	0.954590768315743	0.592999509780108	0.895740167949814	0.80214064911498	0.78620647954075	0.574820542315093	0.590064997332233	0.989709194048955	0.757583365264031	0.979024126995851	0.944215468144739	0.965678747618313	0.991526496922651	0.927771843743728	0.825304251419285	0.760744227465741	0.89827416862678	0.814149340587959	0.964218367674866	0.890971332592485	0.928244830298653	0.908571598453419	0.872600913194047	0.361658881911818	0.753561329862948	0.840987189300593	0.492720331958194	0.911302178214999	0.831998665964596	0.762107642962363	0.931089759110307	0.809230703541112	0.958417126092914	0.914689161817465	0.943072633115212	0.734410560998481	0.978130761203684	0.40652686194523	0.873651950487122	0.782757774569435	0.7412173040648	0.777247866562558	0.38543390857743	0.938050877866983	0.81578953788824	0.926682300159296	0.962324956618163
"SRR13357655"	0.590488552849428	0.318228515778732	0.570952336230857	0.00727149941355838	0.00595287255197332	0.0228440417838507	0.0577552798572367	0.0231815431570551	0.339669058039235	0.056613197540142	0.0522880478393257	0.117521001791289	0.0914509691563975	0.148911966843511	0.328826111484635	0.00300321391618885	0.00430898782612353	0.472550307569486	0.00446564364680979	0.617801808476258	0.356426645320498	0.174471840425389	0.13642964795986	0.0567725331842372	0.209399870875616	0.233477278253652	0.108684029264992	0.0217705243493166	0.199893928580378	0.195886194215604	0.0536425657418731	0.200831685853762	0.0121366249570754	0.143456128736578	0.0479074895086282	0.514280660405569	0.0373230184870325	0.0160706130952343	0.0444689420661491	0.00103744046743314	0.201839723935113	0.0343013775873261	0.0338119853692843	0.0845965924869783	0.134297052327706	0.119476306202468	0.279910176628104	0.0583081489784759	0.11458384391679	0.0276619347334846	0.0025274128727183	0.188493320160681	0.188414123672153	0.263031752192963	0.486509478952337	0.164361730194535	0.0192218019463418	0.113779792017551	0.033933639105905	0.0328129270920665	0.214657723511905	0.000546135086948924	0.0263535377797336	0.277001073181055	0.0711060149294142	0.251007994042823	0.228901940714825	0.623978889671574	0.0243299184438245	0.467016088312354	0.0231063074496234	0.199857628572094	0.0801415352461648	0.106693051659026	0.0308354177480305	0.017778585494195	0.579571822142986	0.0483541853175002	0.54939942318112	0.235041880559168
"SRR13358134"	0.823431002533252	0.837463281797387	0.924995914474836	0.79462265366288	0.905358932516121	0.681240347831641	0.950913500753147	0.954994685838631	0.864583991680589	0.775717542080764	0.749914161322248	0.944012823289304	0.862141789867364	0.926833173826214	0.961775677377446	0.830533440270661	0.806396276989528	0.847603381331328	0.910331625955416	0.866060461789455	0.922476660642697	0.857864403081098	0.860546932629641	0.835241185567206	0.934604997025842	0.866141905784493	0.970326517861838	0.881860355834053	0.910089903915358	0.747948330948884	0.83313404102448	0.920552271660165	0.843364182443045	0.86071131796659	0.862038855175592	0.931070026493686	0.77191820232428	0.761395145332944	0.904904657902654	0.686514260323632	0.942513759018505	0.757583365264031	0.878794549606011	0.977790639902647	0.978555229714199	0.967108543197889	0.874486998801037	0.934102733037982	0.908725808877222	0.934338825060078	0.814149340587959	0.94738218886634	0.869272105370671	0.849969466868528	0.894697117666273	0.844885707411961	0.766967329031728	0.824909065406817	0.814293514560141	0.888192044190715	0.856438182226523	0.649547518944245	0.762107642962363	0.86870320087755	0.854933363429651	0.935392167848476	0.891661756873526	0.89256760847381	0.734410560998481	0.936613904908267	0.910615934927519	0.947607578492406	0.908294114559212	0.819212318078178	0.777247866562558	0.89653998185503	0.903533202401945	0.781721593484286	0.892571681011076	0.948315863646414
"SRR13358133"	0.799256832782805	0.81106493656362	0.926617798907871	0.79462265366288	0.89217487715175	0.900071627195522	0.885809107004888	0.869922101542838	0.824053798278401	0.775191508789716	0.795397467713099	0.934711207368911	0.800692510399738	0.871275344312432	0.939017595648848	0.828736696419238	0.806396276989528	0.825006587085457	0.87575178284944	0.810480655565898	0.871398733998963	0.77347712529171	0.828641119396923	0.871800770863326	0.886085698250073	0.85964312789169	0.951955231026708	0.874797739388402	0.869064602805908	0.739932470528329	0.783819703377696	0.864653944878342	0.803584061764458	0.844850310817544	0.795309298397065	0.843812555666395	0.79278647822717	0.758723337768052	0.819071007719896	0.765791144234744	0.929681187981525	0.784398426671408	0.903144043450694	0.925100165910288	0.931373382532258	0.951717822058155	0.831095129138707	0.910611631212135	0.918133795362398	0.912241540162186	0.814149340587959	0.911474980285022	0.822128391277051	0.818309184616344	0.825822705264928	0.807164530535106	0.947006555677657	0.829035930783543	0.811348522302149	0.802885536317752	0.916716222828334	0.658884778205244	0.797533842041326	0.854708581933604	0.833404772321309	0.882648571752915	0.839918745190114	0.840253085108136	0.834911354844438	0.90465970669486	0.838400273972313	0.920334639416812	0.839084460375857	0.830283505309563	0.796640988338511	0.80404804493594	0.84884511341571	0.781817262713814	0.826032144953707	0.911043566523104
"SRR13358131"	0.785186262955122	0.819597807902136	0.904758809618507	0.79462265366288	0.806248122161758	0.681240347831641	0.826463773113635	0.753780362719759	0.82173481923315	0.775859720814801	0.749914161322248	0.872452248900218	0.747830536134543	0.761478999383422	0.916877934451112	0.831017000241904	0.806396276989528	0.842960648311373	0.842075939486568	0.805222527968331	0.869957586570425	0.704523929110365	0.750793051096908	0.634920883271856	0.865478856792052	0.786162850959334	0.879341167303158	0.838006143841546	0.829646361095374	0.745228160969589	0.689153864315097	0.824496006046076	0.767902599461001	0.842663171654815	0.680246148093441	0.778468056084361	0.77280522218509	0.762114556418677	0.722298258519042	0.601461621932842	0.912333671336656	0.757583365264031	0.760348606959749	0.878679616256295	0.886493309527197	0.904394690479635	0.829744994615921	0.775615276853096	0.730729639425038	0.83903927163336	0.800679750419476	0.889383037732967	0.809966982715789	0.82746500878222	0.785532834540673	0.799967342052342	0.548381294851966	0.756717955295887	0.783030239491939	0.700421409370131	0.799129835681546	0.718922085570172	0.762107642962363	0.8203135593373	0.747924834190682	0.867154379657577	0.82618502915677	0.780493664330373	0.728505226175444	0.846606424152133	0.63542119225836	0.785107196836955	0.783005480743584	0.751890597844826	0.777247866562558	0.678228413823721	0.776998129549671	0.782732360861213	0.795237386188722	0.866864052859578
"SRR13358130"	0.789500045332252	0.836941018927352	0.923002016887019	0.79462265366288	0.796252581482198	0.681240347831641	0.895659659609343	0.861494244103577	0.849664860694204	0.776225506279921	0.749914161322248	0.856318000663712	0.797376130859109	0.796457720011096	0.921323941271207	0.832257006427223	0.806396276989528	0.857321056735851	0.864027294089094	0.843496887837801	0.906488615726547	0.774513428478428	0.805066202450078	0.717184210764775	0.902527913266057	0.810880457519694	0.875705484965405	0.827552103285699	0.852588072025443	0.750612717582269	0.71557229784374	0.876860294234919	0.79302722568488	0.844373724189777	0.761773166810114	0.860810022687278	0.775077888519893	0.763960014088094	0.806815798356242	0.6458388807183	0.917850257802279	0.757583365264031	0.814900033467463	0.940994224375301	0.94555786005035	0.910760885660969	0.8597094491084	0.815034761842706	0.823860507348643	0.860186649890422	0.79475331821319	0.923723559083063	0.843859427008423	0.848243117161146	0.836984194180512	0.826122794678699	0.613046019348608	0.786315477301798	0.770676430893084	0.781332462858418	0.835850715059658	0.82729562414918	0.762107642962363	0.853591494318097	0.76939930467233	0.908816123129277	0.864452648779938	0.804760075210088	0.72597743489433	0.852478416539643	0.759070850969207	0.81713817051067	0.844942629771903	0.780428920734285	0.777247866562558	0.771888342571452	0.804693668320294	0.78531929248823	0.843314287313783	0.917873354023376
"SRR13358125"	0.718515764321165	0.733452868683556	0.771250978807677	0.79462265366288	0.85353679012912	0.681240347831641	0.647564237681014	0.586059166893902	0.711731843574559	0.773386705315302	0.749914161322248	0.805793191511852	0.68207713239299	0.703961479580776	0.756564014380655	0.822480563567561	0.806396276989528	0.744156882127291	0.788721761180662	0.644558637769305	0.675532347592219	0.595892405554396	0.628104776448411	0.517192342338167	0.705783957771372	0.756861678822473	0.723021743525483	0.821677195361096	0.743263892514952	0.716692525198997	0.717393852613482	0.600456200069377	0.725380424200638	0.779463242056427	0.572828434017823	0.529175815875684	0.757089512924642	0.749436850898109	0.623106188967409	0.610358577216351	0.771501291212393	0.757583365264031	0.615694961532677	0.616042706560638	0.602234229096596	0.708166342322975	0.703957749060053	0.707510957916621	0.531049304370705	0.692145519145567	0.814149340587959	0.731889233442796	0.699109930880131	0.722026029412336	0.618303057958828	0.715106359750029	0.538674766591025	0.708994540493406	0.801011164172053	0.635712163313876	0.655805721021853	0.642711560271937	0.762107642962363	0.67540906735937	0.717691969583866	0.682148080320605	0.690984253964884	0.673368632411713	0.734410560998481	0.780578148748548	0.555730436560427	0.746086827588669	0.66118734726093	0.709428280013154	0.777247866562558	0.624588679777429	0.673999757314875	0.76473786160562	0.618349389660344	0.631159262251857
"SRR13358124"	0.711546583446926	0.77627290821876	0.835861252349313	0.79462265366288	0.845272832538741	0.681240347831641	0.90649576584158	0.923280105094917	0.79739718658415	0.773729478680488	0.749914161322248	0.846882630018689	0.833616780119868	0.814509319801421	0.866115087812704	0.823679632879967	0.717076859191223	0.773252823731853	0.857333922756631	0.768258663549973	0.827827053841316	0.81146029888919	0.800462246433132	0.765484791245428	0.853192012052877	0.832043221702315	0.885084074158869	0.682763360815567	0.813396234382812	0.725533797469959	0.805977613316844	0.870867406939694	0.801234329511879	0.761827187400892	0.820091244273483	0.836534058072871	0.759303796844645	0.751214655574243	0.876032306811615	0.676557943660625	0.869630261882999	0.757583365264031	0.757793752134991	0.931858013321879	0.929092592458591	0.9007785532287	0.79968136458346	0.86953063835452	0.84071532096861	0.914296674963333	0.708221447132487	0.881405453282202	0.807035290921134	0.777546982612624	0.792728911288429	0.792069324873601	0.74178016597768	0.798222604100967	0.768549060452059	0.869869828561083	0.771464552349725	0.730678058399643	0.762107642962363	0.782233531715686	0.73551331317799	0.8582253778375	0.822201864273293	0.740206999614416	0.728355022406791	0.785102964688472	0.90427704980247	0.846876598673073	0.864299580696519	0.795463608600903	0.777247866562558	0.885055668069805	0.755532438716832	0.767283906004049	0.782537427041313	0.86888619747259
"SRR13358123"	0.834968649600997	0.842214732982794	0.927688872045715	0.79462265366288	0.891249246623561	0.681240347831641	0.921533586019959	0.903496110179759	0.860019918897862	0.776261654420923	0.749914161322248	0.94218117911775	0.822272217960823	0.904439060158454	0.953994825532516	0.832379230682181	0.806396276989528	0.860178359822299	0.897595139211443	0.860372042568216	0.918397233824838	0.80806532665707	0.829626228463897	0.781697536200098	0.925187637155372	0.824123235464277	0.957051277547381	0.88304580221996	0.902563397805484	0.751884870497623	0.786995660923582	0.89364843990684	0.823157797116077	0.875688466481019	0.801544339593962	0.901314649416711	0.775301745464038	0.764141966326782	0.846562435661279	0.726085068990675	0.944344139501639	0.757583365264031	0.894470703697938	0.959678011563509	0.965873634227295	0.958666740720434	0.87049438156793	0.897620402950247	0.862107714359792	0.905057765628336	0.814149340587959	0.935630044790663	0.857500439023744	0.854629597029456	0.875933595767807	0.836746174472249	0.683264242887036	0.801328975639583	0.817307325482365	0.822361930885991	0.849467703927555	0.725011777255284	0.762107642962363	0.865311420647074	0.833754818216682	0.9245831180563	0.879272104145575	0.886321141512581	0.734410560998481	0.936704786473426	0.866854296823027	0.910748360008231	0.872047070582612	0.795195933289705	0.777247866562558	0.819897891956472	0.893218367573518	0.785573885125536	0.878508703217887	0.934750657121031
"SRR13358117"	0.8136400520844	0.822154408322742	0.879315577616577	0.79462265366288	0.883454861763092	0.681110859891981	0.88563322759239	0.858933191664412	0.834187221078894	0.775649077431977	0.728428189907928	0.928194550280097	0.795287860274967	0.874276601241329	0.936535690020137	0.830300272447773	0.806396276989528	0.839650329487799	0.872173551924122	0.824499952926962	0.886067928616074	0.768552814804203	0.793537274715969	0.707584861062957	0.896016264721243	0.810209098643105	0.939686660430981	0.873588213296095	0.877627004593337	0.744552716421861	0.7717114774075	0.854289246088185	0.803900638919526	0.858725185804425	0.735002959951939	0.843701824327556	0.771490340971873	0.761048304074777	0.807245952581375	0.685547365875168	0.927068734163959	0.757583365264031	0.920912968610589	0.928772610336518	0.930736901865324	0.940581191586886	0.842602149987614	0.857938749941621	0.741324917374778	0.883553241719964	0.814149340587959	0.894967894359092	0.829865629060829	0.831173623878024	0.836017013320404	0.814118323688986	0.48844760953812	0.758361319378397	0.813911957744773	0.787004472467277	0.796420216840461	0.741625507128164	0.762107642962363	0.833882245518421	0.81160051485434	0.893034644924551	0.84877205897018	0.853448059053257	0.734410560998481	0.915558735752919	0.756348995906428	0.885318172798481	0.83720283706841	0.752574986308932	0.777247866562558	0.782623597959736	0.860130229159372	0.781233824811687	0.838714648213992	0.899580231513092
"SRR13358116"	0.825156990108497	0.834106040359871	0.883588507989754	0.79462265366288	0.891185161236044	0.68105368824373	0.916855548780547	0.901897387373362	0.851745064505449	0.775935133298813	0.728967099024531	0.949838435531445	0.8208473651564	0.899030640966634	0.948362246106531	0.831273125319731	0.806396276989528	0.850505474807935	0.884900113327939	0.848539127944659	0.908368366301962	0.804599477256738	0.823249071598087	0.757206747725954	0.917393731158178	0.823570431441875	0.953840880252836	0.879741249030514	0.895419796060974	0.74846026524183	0.790669590043871	0.885414727192969	0.820152591872898	0.866871286431118	0.779151064010039	0.886188291274359	0.773274875415704	0.762495661882358	0.846221126712028	0.71700392170183	0.938709002625216	0.757583365264031	0.93268038175318	0.954772775935635	0.956968257258795	0.954961814412684	0.861460340116412	0.880656989666937	0.799406191274866	0.905519924842984	0.814149340587959	0.911337904726802	0.850056140698112	0.845379568286915	0.866175333705827	0.83019624125117	0.503411604085599	0.765485666496239	0.815502697355474	0.824552298876898	0.812686747803179	0.748135941022198	0.762107642962363	0.854952942083312	0.829993096106165	0.916384942163156	0.871161078252473	0.876217310000658	0.734410560998481	0.929491056018739	0.819309402578157	0.906943006942427	0.86796099177779	0.758612425086348	0.777247866562558	0.824376238691365	0.88397205397	0.78326728848452	0.86778199222049	0.926433929302601
"SRR13358115"	0.813661057054468	0.8292430158616	0.877845187958822	0.79462265366288	0.904277558280481	0.681075115247632	0.945842977548493	0.949403073422974	0.855877062126435	0.775420666819258	0.749914161322248	0.896386770651446	0.858148620922003	0.920812549932228	0.878032053477835	0.829520902720424	0.806396276989528	0.837900138467842	0.898786475473964	0.853831947781967	0.912200450641541	0.851578576212328	0.85265981344949	0.827211221073633	0.926708168554338	0.844998583517801	0.859438526794521	0.85150021614914	0.902597935996591	0.744670749606725	0.833096472131694	0.867896592439081	0.839034778214888	0.851930780807833	0.856326686742324	0.921879535775263	0.770059508451703	0.759889223988271	0.901000908762218	0.732523984020449	0.872898310897937	0.757583365264031	0.84635374916313	0.972536696954081	0.974695872016805	0.859459443234018	0.865045140191031	0.892615044081178	0.898954112376832	0.810473147652316	0.814149340587959	0.924035946808576	0.861178504047616	0.840513437310279	0.884466729164188	0.837738587146353	0.69917992792586	0.793907094967473	0.812635242981507	0.88559984639827	0.823071277410508	0.826458399030656	0.762107642962363	0.85791578819156	0.849871355798028	0.927154653522887	0.883037274583344	0.882083989979414	0.734410560998481	0.929128112576645	0.926140221153793	0.928636820975424	0.902637094161878	0.787577315690305	0.777247866562558	0.894887481597776	0.893942824589852	0.779601636529282	0.881455223362773	0.940310605704234
"SRR13358114"	0.863447965990363	0.871404895616683	0.93228488033088	0.79462265366288	0.910221841073628	0.681055987531704	0.969036579143733	0.966821518463874	0.899267233621255	0.77708774263087	0.749914161322248	0.9588223116599	0.879405930946291	0.949555732349329	0.965935069198808	0.835156835826199	0.806396276989528	0.886437329153435	0.923567969193771	0.909984163712063	0.957072278250882	0.884111569896449	0.892548761172395	0.872618607574716	0.961819893505507	0.857020597892879	0.968062585594136	0.891200634098353	0.938391666789751	0.762749196261999	0.833307808703171	0.939164655289306	0.862173968057323	0.89581408503076	0.886032311204155	0.961887329314124	0.780381267221635	0.768279277816197	0.921226550816376	0.775476987109926	0.956701309383545	0.757583365264031	0.944075769707138	0.989120719023452	0.991161572003941	0.97014404367863	0.911097757443017	0.931545635153836	0.938101780081776	0.923788906447711	0.814149340587959	0.959746927819064	0.901660666638107	0.887851374085795	0.932259659065665	0.874660704912	0.699996772273562	0.813908239614489	0.821819901662226	0.899528375373847	0.880605240424774	0.834959824362049	0.762107642962363	0.90992859945915	0.876536984918599	0.963346214170741	0.924650008080682	0.931041613248672	0.734410560998481	0.962555895536592	0.943186271569794	0.951184507261482	0.93079068884281	0.80511810654859	0.777247866562558	0.903890982098871	0.938491712448799	0.791340038695857	0.932827114072881	0.973792814197773
"SRR13358110"	0.697775417504604	0.826902973621765	0.876884167137636	0.79462265366288	0.687768479403493	0.839932100985486	0.944349824012843	0.948349675039529	0.85337849280689	0.775338192711703	0.77911160266361	0.363375366889664	0.857022964381597	0.747209894791894	0.703141132377702	0.829238930129272	0.635623519244341	0.835119237881699	0.890767009469673	0.843306838167201	0.909136198585989	0.849793144455248	0.868302336299694	0.874728501307708	0.904385837205814	0.884219674604902	0.468325528772849	0.383591866133055	0.785823088793616	0.743755808801947	0.738222532465119	0.886016164541187	0.804284391122396	0.761394807585364	0.879824992615887	0.901697507119712	0.784834601979839	0.759469967951453	0.899892040030152	0.684419867279395	0.780260234028805	0.774610237742125	0.290267008667292	0.971266554112737	0.972022249156675	0.648482417721753	0.862319468069743	0.783869855735183	0.939938491404633	0.7510171592301	0.579292222341656	0.916433012095159	0.858858060753395	0.837803842309567	0.843737477833359	0.835707741114161	0.844739711891027	0.802311339675128	0.694545879156138	0.88487092184997	0.882613179476645	0.749423279690453	0.784740718318778	0.873377542136519	0.662924535734713	0.922164150339833	0.880539303224714	0.69532183886789	0.785499049165945	0.660338854421092	0.910518618691327	0.833647968600557	0.901012136248232	0.799526255317096	0.789525542645833	0.89442456643121	0.697278195915889	0.781422025897938	0.842417637068916	0.946255123335811
"SRR13358108"	0.765760091698936	0.820438714012842	0.877718916676892	0.79462265366288	0.810087325342983	0.81625799254282	0.896229456699591	0.878683059391722	0.834811043076142	0.775505725484951	0.773888149517427	0.828947905494908	0.806052671967588	0.792943297804501	0.892518021025725	0.829811401003502	0.806396276989528	0.835895217183718	0.846284381004521	0.821660332669926	0.886542230283019	0.782471342912389	0.820530118728684	0.80949116519285	0.887888940261403	0.858071267215577	0.86421983739956	0.815685217442318	0.838085979357234	0.743433710970125	0.739136749924867	0.862191998143015	0.793135556100505	0.821262022095467	0.790133164000347	0.850091096514155	0.783066167948875	0.760321209064608	0.825656809517113	0.719184110764463	0.892855199168005	0.771518503371806	0.814547683169588	0.936322407962244	0.940579484879707	0.888532544193712	0.843035702686896	0.817414338057783	0.882713982498931	0.853311611712953	0.795312676174169	0.892099840741514	0.83251057015928	0.829360489940443	0.82162708111816	0.815748307370208	0.776923545419137	0.772819294698602	0.767372749006915	0.806878299310309	0.855725174324521	0.826546930597714	0.780665393061516	0.851166052337716	0.782976174263651	0.894473117465357	0.851701205023149	0.780997433895666	0.78296385368358	0.827534703977881	0.821373792433511	0.874727226280354	0.848095649678125	0.770146116678463	0.787287232680226	0.806636967514417	0.784144356239297	0.782168546120561	0.824221585663847	0.914161139404734
"SRR13358107"	0.809658747127677	0.8176093792735	0.905107244220485	0.79462265366288	0.885388699179061	0.881610648873028	0.868109397840741	0.833037992335934	0.826662864082289	0.775565795017861	0.789774194939755	0.906335631806615	0.782071010072939	0.861597192364339	0.940713287044896	0.830016364539481	0.510808791944481	0.835976899576722	0.86356535536659	0.813861397983956	0.875908371906494	0.74996007113533	0.813532721378514	0.839795863754908	0.885741832541889	0.865265450615123	0.960405235062603	0.48746459279112	0.857014998457086	0.743230506961422	0.761268519608315	0.857557690256301	0.796106324563089	0.85627795215576	0.763509258811337	0.829793168315275	0.791906081416629	0.760626031691102	0.785597191632158	0.756728765785892	0.938858491908428	0.780991869065906	0.930295293692504	0.91312486279017	0.918379661997869	0.959961011750759	0.834493654722608	0.884734153391971	0.892886291726761	0.909977233955691	0.520036595304401	0.89208461714895	0.820726996337945	0.825662294580528	0.821553074456981	0.80709324006303	0.891511647054747	0.789965138790687	0.813447117818464	0.766061730582912	0.894173932482346	0.735628552914194	0.793100806335706	0.8544133608026	0.6896226976147	0.881648791336952	0.838423769080933	0.843298468434915	0.823652853826619	0.909518532342551	0.753392522430221	0.927759717036176	0.821029623056928	0.790076431885887	0.79415940408982	0.758669298616531	0.849097617583399	0.783965098384188	0.825108357428467	0.905602454761172
"SRR13358106"	0.756035942786287	0.835838457895474	0.885504978285895	0.79462265366288	0.792816425665156	0.83856151615239	0.94993273058113	0.952322794145807	0.862871798542996	0.775657944942652	0.778799046586318	0.685508251180734	0.861347519987829	0.824164008944638	0.871048477767825	0.830330483769856	0.669400941059636	0.845693751569226	0.866187500129857	0.858917208030675	0.92050551688086	0.856620146323617	0.876035842273403	0.887373352185751	0.922109189473577	0.884964416751561	0.829416408823462	0.565676639594798	0.84379971306178	0.747292359623354	0.776116831685506	0.914139494144158	0.822122620660793	0.80890311957313	0.872511129204818	0.919761484612705	0.786576887362419	0.7610932420476	0.904131912019389	0.743996760411412	0.890878336016349	0.774424622155405	0.758415952491901	0.975895505051333	0.977069252256703	0.887568760020681	0.872637408611498	0.856668695872839	0.944991884046696	0.882039041947344	0.638979703557672	0.924100834132525	0.867679563485797	0.84810827600691	0.871483262837301	0.843471327461094	0.850403935318319	0.802772009950966	0.743701566671246	0.887675624040374	0.889005887243574	0.82670533547148	0.784496504811265	0.883691982935826	0.739452481817747	0.932379270247642	0.889975832421972	0.795148889930982	0.790621110636265	0.813175904196486	0.914688920353207	0.898376855514887	0.907182291272061	0.799332181899975	0.789391043585409	0.896209975796129	0.803096717296292	0.78366394377059	0.870328147637144	0.953943739478808
"SRR13358102"	0.882760736861116	0.897254037469073	0.957978029274906	0.79462265366288	0.741864193057757	0.681049000879829	0.837464843663246	0.605489205493797	0.897795454332183	0.779804503787604	0.749914161322248	0.91641395275145	0.699514511418455	0.777342931977126	0.973768892431573	0.844080807061065	0.806396276989528	0.897755149722906	0.858275886669668	0.907429388203111	0.958482641438095	0.665554265665156	0.784088491271643	0.588459006755184	0.94083502499516	0.286417297803994	0.916393474771352	0.8321674081944	0.898714947126422	0.78323173333015	0.537771377126495	0.867842411560038	0.760916124802276	0.928025959883221	0.597728068236703	0.861131520358906	0.796589842721978	0.781599723021187	0.590165152445837	0.554538142628702	0.930028327256073	0.757583365264031	0.871348245024018	0.928884294682109	0.951500189485193	0.945834305535925	0.912292844701954	0.677190067952226	0.594655428598304	0.649857230183729	0.794615094860048	0.94106078691804	0.875275087283	0.913274159755025	0.873989438847168	0.858307864599482	0.27691294255263	0.710296903710483	0.792976789492928	0.520568351540205	0.871975731890068	0.831005685019659	0.762107642962363	0.914417839818518	0.748211603083642	0.944413421927338	0.898651753729068	0.884059409603863	0.725918958614195	0.913604265313296	0.413252196880985	0.496697794880543	0.77382052640546	0.697816211278693	0.777247866562558	0.425894108150739	0.870758658143609	0.809593342369117	0.895946533886581	0.948598864045568
"SRR13358101"	0.76505050285028	0.816259437080858	0.926416234800873	0.79462265366288	0.795723126819082	0.868477549847622	0.851652611025415	0.805185830637507	0.822525546309272	0.77559959490803	0.734160994998948	0.806652037613659	0.769173173040293	0.747268697714998	0.877454693434193	0.830131624101374	0.806396276989528	0.836130506757521	0.841538802584834	0.805167254586132	0.870361989194088	0.732380198530631	0.799183209733292	0.737312619071439	0.866716317799265	0.836740731341628	0.797254723222969	0.809879070299227	0.819389779939925	0.743164257715751	0.700406152643106	0.823508196021605	0.772646101452429	0.824593494750383	0.67493456520474	0.771558733368767	0.79014132294798	0.760797457734793	0.762940683106638	0.437076222725971	0.879977617924101	0.778798682127916	0.65704092273761	0.898792627465904	0.904846335406816	0.846279257362687	0.830149026979166	0.809246696598011	0.720651919417927	0.800406671334666	0.795335985372082	0.902764414653147	0.814620074039847	0.823878552455519	0.78919603931637	0.802678347328998	0.729814466789404	0.805571275472668	0.768047866900796	0.743232033871786	0.897180836888696	0.304500795641377	0.79023571369351	0.847656646811537	0.766553801617498	0.872222704725218	0.831460943365781	0.757987790204431	0.809841932060491	0.812718028696933	0.715212393209119	0.82721491691463	0.806026697213681	0.80576774796341	0.792564721507787	0.73145379838349	0.755496428157338	0.783883674295195	0.796024454969049	0.895145878315193
"SRR13358100"	0.824918771844452	0.838716896397071	0.899667477175057	0.79462265366288	0.910967582650253	0.899749565651474	0.951663007729248	0.953574284154705	0.865901986664029	0.775763844750378	0.755787777549106	0.879676587742722	0.862756341650283	0.927733802414044	0.922570613726137	0.830691015815803	0.806396276989528	0.849073856814084	0.897624258238884	0.866883440993651	0.923977336838257	0.858825032237859	0.888469110058891	0.909316598405273	0.935763588542137	0.886480695219965	0.932222682891459	0.871501339190808	0.902555325111971	0.748457278708506	0.833139903098102	0.902631666969526	0.844031173169086	0.862041475236065	0.851527978996978	0.924331947445047	0.796066947231928	0.761629560805096	0.905501272967969	0.710459318511587	0.922708414159993	0.784361767927969	0.900045709524814	0.977262743630816	0.977804267438082	0.938531003762605	0.875908312119481	0.925834278953253	0.92129818316358	0.89537575978745	0.814149340587959	0.927885521129836	0.870498334087704	0.851402720823737	0.896219554007748	0.845977545141572	0.864046876237476	0.816567999941704	0.814551265931412	0.8885918986129	0.921184001320468	0.45493247639321	0.797486249986385	0.896308742963361	0.873957971078349	0.93659672208418	0.892956108617715	0.89412764444984	0.83479266457428	0.937713443653145	0.905253310087079	0.955108128785277	0.909149783978106	0.815063008363626	0.796614252664616	0.896795774560536	0.904958004572835	0.785854814382027	0.89422135135796	0.960018194189219
"SRR13358099"	0.773856457689881	0.82046279569827	0.872179566103011	0.79462265366288	0.826691414180808	0.900897629912268	0.890030794308946	0.860634718896233	0.833527966296548	0.775549213147616	0.762681196921714	0.727510704917278	0.786894093036451	0.802750984001258	0.8633535210434	0.829959801189633	0.806396276989528	0.836830291821168	0.839688728174493	0.819929537384517	0.884975440590846	0.774687369312001	0.833541311074837	0.834668685437864	0.887078599428062	0.874777880932279	0.82856836420248	0.818123034869879	0.826680992116321	0.743678681873088	0.739619296150919	0.842444856038503	0.792472490638075	0.828175646609726	0.757174822118397	0.830938476546759	0.795034634922435	0.760541907813237	0.81592057114866	0.600287551179524	0.88224219989858	0.784592067923243	0.767059904218418	0.93159453256146	0.935341155840609	0.865523752026858	0.841746869898855	0.820959959250861	0.853885514645017	0.819357261125658	0.798271226400144	0.879335324891959	0.830239368762328	0.829288145105018	0.820539203490084	0.814147263818724	0.782469574090843	0.771157489542453	0.77509468409281	0.796649300563447	0.8942503432267	0.512513295120933	0.79778519480935	0.865358118763459	0.799654433551212	0.892041039291221	0.849166881103709	0.791356599673901	0.83063224256283	0.843370174426606	0.796502287009255	0.899424643114425	0.841839184282091	0.7712358301567	0.796782224560242	0.794528397804487	0.794627679378337	0.784378289983741	0.823660429923799	0.920488767935535
"SRR13358094"	0.87172182629067	0.874371719730726	0.955274031528503	0.79462265366288	0.896552740519566	0.681240347831641	0.949153464375381	0.929922473426297	0.8947289740534	0.777587507332321	0.749914161322248	0.965426810969595	0.842894126245255	0.93279757100799	0.978046472914763	0.836822730004422	0.806396276989528	0.895219799429042	0.918556529482123	0.905114762647115	0.953852523358311	0.840717871285915	0.866489060771212	0.826089154056537	0.955366272343296	0.725124761739234	0.979831637311635	0.894441530184423	0.932236121609367	0.766081289350543	0.787087876499863	0.93391539538975	0.841049513490475	0.906565764521165	0.832941188480628	0.94355554047645	0.78342035619715	0.770762766356787	0.870609021533418	0.786105199584254	0.961937489567606	0.757583365264031	0.961627879592361	0.980531429233319	0.984618780400958	0.981214615367473	0.90711776676064	0.9226932400007	0.886101348576701	0.922994184780384	0.814149340587959	0.962005859430569	0.891444312371525	0.890465060096972	0.918422226079971	0.866922517935994	0.690473860760379	0.819287831285641	0.824512932870913	0.83849271281287	0.891724031921185	0.841412428133207	0.762107642962363	0.906353134955617	0.857226163477464	0.956200975686725	0.914674726800509	0.925791300494208	0.734410560998481	0.958552310201958	0.877086083160141	0.905095037753986	0.90155328899327	0.811341111689253	0.777247866562558	0.83111108891169	0.930626504737732	0.794779837717464	0.922406438142604	0.965935272008775
"SRR13358093"	0.902602484820862	0.899688517159622	0.974635998175649	0.79462265366288	0.891315349258139	0.681240347831641	0.952241819462543	0.914441544109987	0.916472638253113	0.779092989169961	0.749914161322248	0.977993110738755	0.832879118845895	0.940855113753273	0.989378188460429	0.841774912362414	0.806396276989528	0.923955675835769	0.927089127246193	0.930969974523363	0.97119435357175	0.834514908196843	0.876570689809211	0.820079395984507	0.968987979016762	0.828074665395927	0.988540221099435	0.917779640113298	0.948080363875441	0.780337816729451	0.751395622398703	0.947649895739035	0.846935365509343	0.933244343831245	0.817059517959898	0.955964105644218	0.792419153955208	0.778154033472818	0.847206380567492	0.767173313540682	0.983789240562734	0.757583365264031	0.974773328788698	0.985078976508017	0.989636907641252	0.990253859384691	0.929467677818396	0.922908490916466	0.910010868612229	0.942015150626897	0.814149340587959	0.973588922507273	0.909535109680667	0.916912239147956	0.937097813354471	0.885033816087353	0.633705028873201	0.818862527472704	0.832456754092011	0.799686108791574	0.917283451584793	0.842620103935551	0.762107642962363	0.931193940503309	0.86296868249904	0.96987351852003	0.932452936285792	0.947270066461477	0.734410560998481	0.975786406344793	0.842309127365157	0.937638428013858	0.902024485044975	0.809030721856594	0.777247866562558	0.773715635137219	0.949296291842536	0.804918757662757	0.943376742595889	0.977476666631922
"SRR13358092"	0.944341588586358	0.942762338121121	0.99194875602214	0.79462265366288	0.924472206348325	0.681240347831641	0.993297120447842	0.989496939615774	0.963590334613944	0.781488654424822	0.749914161322248	0.987102680636264	0.923072496869	0.985503123522696	0.995788776373461	0.849450320748006	0.806396276989528	0.951620046157756	0.968429355632171	0.977715285291125	0.994175704000102	0.942214850856615	0.95608319823235	0.939744312805718	0.993720280245156	0.792243419393606	0.994971935203197	0.928527729672256	0.98284444591538	0.806515387161904	0.833870149946265	0.986080191563851	0.909003260754118	0.961672307331932	0.940432261253512	0.994805165959573	0.806249122134644	0.789632213942832	0.958014763556296	0.732523984020449	0.990239768683973	0.757583365264031	0.983779503256412	0.999110147448006	0.999447566011224	0.996008161929198	0.972830389032725	0.974750001834454	0.980915846065765	0.955466830005606	0.814149340587959	0.994863370499735	0.962936583442057	0.959057206901121	0.985012634661433	0.939690672166686	0.792845862047913	0.887311632884902	0.844576103485552	0.929543193110321	0.969391293730394	0.832744135495299	0.762107642962363	0.97551263180476	0.928488556277683	0.994524208325468	0.978166259378021	0.984886468720356	0.734410560998481	0.9929271448141	0.964266866194977	0.974025485642864	0.97315988723058	0.876559119741963	0.777247866562558	0.924605506386641	0.986706642853496	0.820356481754177	0.98656286990561	0.997275486946514
"SRR13358091"	0.977114031361605	0.972493952771805	0.99849274718643	0.79462265366288	0.915506137081948	0.681240347831641	0.995280385335089	0.983995434755561	0.983167529559885	0.785846366066641	0.749914161322248	0.995624498037937	0.912998836748912	0.991196977336967	0.999334550087004	0.862766612217217	0.806396276989528	0.985206530069515	0.978838537701938	0.9922600763821	0.998709186888245	0.940543924814086	0.968549607400788	0.942682111263833	0.998098654875311	0.875336307535057	0.998538003746749	0.958366223516446	0.992895661829518	0.841516352584805	0.748256378174427	0.992792783417749	0.920498831118446	0.986591340732957	0.927917526699613	0.997916222474559	0.829837139934191	0.809593067302148	0.937116720760138	0.7524279897149	0.998429195204032	0.757583365264031	0.993586213690831	0.999671695147877	0.999858803607262	0.999073116579848	0.989057049565952	0.975247357906744	0.988743623701952	0.96335167572974	0.814149340587959	0.998439161178309	0.98027133140389	0.983308377789988	0.993922324990475	0.963542064805006	0.666780284082266	0.891080704446952	0.864991550723947	0.874429408585217	0.987547020136857	0.847293443727704	0.762107642962363	0.991143961985548	0.940381682058467	0.99840389163379	0.990162477405456	0.9950817963399	0.734410560998481	0.998442867546742	0.930466998129306	0.987198398794485	0.976340597810585	0.876653823984406	0.777247866562558	0.83052714208785	0.995319011398035	0.846233315293074	0.995363848747423	0.99930959144747
"SRR13358086"	0.82545271206699	0.839166927787939	0.922289684121373	0.79462265366288	0.905587107820769	0.681240347831641	0.951930544904177	0.953768701266993	0.866374482032563	0.775780536026715	0.749914161322248	0.945352526699122	0.862977332951544	0.92805598075716	0.953698434661245	0.830747796010559	0.806396276989528	0.849601121209351	0.911303073283305	0.86844456954252	0.924511788808564	0.859170023442178	0.862175224978742	0.836906973255457	0.93617657335988	0.847656238891312	0.965931909069635	0.882858160654176	0.9116122151855	0.748640596088911	0.833142016440425	0.922231172245975	0.84427106682716	0.862518397641566	0.863226782876978	0.932888014823152	0.772311458224432	0.761714032975201	0.905715539959229	0.732523984020449	0.944190564931959	0.757583365264031	0.94246937334251	0.977471255026153	0.97918551309188	0.966380208852594	0.876417323253119	0.930217402957326	0.910385334187587	0.935543334340264	0.814149340587959	0.945823578220092	0.870938004580881	0.851916655828811	0.896763629381345	0.846369627739856	0.76725890105707	0.825709939630927	0.814644122139154	0.888735746302394	0.85864941263815	0.82683288038062	0.762107642962363	0.870902043823365	0.855989669718787	0.937025827940254	0.893419397788023	0.894685149767251	0.734410560998481	0.938105462210085	0.922175037245194	0.934189887646782	0.909456501766772	0.819930780542667	0.777247866562558	0.896887855087019	0.905467035487651	0.78216978719289	0.894810588283801	0.949879741027099
"SRR13358085"	0.934985168641939	0.931054376961956	0.987741743052872	0.79462265366288	0.90464919268067	0.681240347831627	0.979595850975605	0.960437575267917	0.949105204834269	0.780984120321038	0.748051872950338	0.986866358085834	0.87570584920994	0.958989925390193	0.995292734486923	0.847854793610132	0.806396276989528	0.951793320582569	0.952474778324056	0.964926693445676	0.989072844028617	0.891854676420971	0.924443438529332	0.874385949854876	0.987478702661914	0.393567291115991	0.994450687370339	0.918826789737319	0.972522541755426	0.799540867839802	0.771611012536026	0.973815591100008	0.875969325741712	0.956849138591917	0.879931766743853	0.984976282428916	0.803386933221332	0.787244189267094	0.902788891745049	0.692706258789634	0.985234362197581	0.757583365264031	0.984118354953601	0.996278047636952	0.997827956953643	0.995391601536033	0.960307118995647	0.944637984671378	0.935161646639741	0.934822669491308	0.814149340587959	0.989520207078014	0.944758969745697	0.948003018074119	0.971013735001254	0.92018138951342	0.677400222020344	0.85216150296332	0.842076889787221	0.853813676329715	0.95367899333117	0.832223832517896	0.762107642962363	0.963310509150037	0.898956667661979	0.988465601646104	0.963904300272172	0.97490203839545	0.721943528862387	0.983550458926322	0.918832707745099	0.862510546066347	0.944121844381088	0.840643622365406	0.777247866562558	0.830545110996721	0.976399728726572	0.817176653357967	0.974787695684616	0.992948662499187
"SRR13358084"	0.79730699339384	0.815522628872544	0.893796954423453	0.79462265366288	0.90253842480651	0.681240347831641	0.936770492819918	0.943095479540289	0.841106308247584	0.774948870051192	0.749914161322248	0.937374589706321	0.851612574790633	0.910322499132032	0.939711301832705	0.827903862918088	0.806396276989528	0.821483972930025	0.897702143873727	0.83399337808768	0.893351522446195	0.8411319590307	0.839387247660426	0.813834670019811	0.912357510896238	0.841461826964009	0.960178913192255	0.875140558243504	0.889561295946492	0.739411118701455	0.833036825937459	0.904984441705551	0.831964938299843	0.837060494405965	0.846857185679108	0.904973642485894	0.767087486396225	0.757485588253004	0.894511514682182	0.732523984020449	0.930455984005827	0.757583365264031	0.936538528863209	0.964466955830947	0.966096857721559	0.959346773678231	0.848833777649849	0.921254437380561	0.88618325072777	0.936373528846898	0.814149340587959	0.925038625752013	0.84747277706381	0.824520501280028	0.866458643789213	0.825852241818089	0.763393747053664	0.814915773751627	0.809979750053249	0.881377889328163	0.827131435311395	0.825967123746609	0.762107642962363	0.839285479489065	0.841538977865613	0.912077021101578	0.868127576127542	0.863629466266911	0.734410560998481	0.915556452599409	0.920539945733408	0.920712342242439	0.893017987860044	0.81027707603053	0.777247866562558	0.892216670280668	0.876995847800108	0.776206435920023	0.861773190056935	0.925188528091882
"SRR13358083"	0.976655573282565	0.971461051765672	0.99839520223106	0.79462265366288	0.908118286182877	0.681240347831641	0.993267365830228	0.972536249994451	0.981635894358446	0.785846366066641	0.749914161322248	0.996028625607719	0.887568757415342	0.988923558476902	0.999400770305281	0.862766612217217	0.600885860494019	0.984951328808275	0.975983958284729	0.991303286758147	0.998489153243136	0.926003272849433	0.962453489745156	0.923255677688508	0.997699178096805	0.863653779097713	0.99870031612586	0.840637460833297	0.991919725827276	0.840771263637006	0.717751646168617	0.991644392518691	0.912381944014508	0.986591340732957	0.907593780296752	0.997102028125082	0.829837139934191	0.809593067302148	0.915079781898014	0.661660887387811	0.998564432560324	0.757583365264031	0.994294601216868	0.999484568407347	0.999798630621311	0.999178285048046	0.987947219268698	0.969940307302145	0.984398108671379	0.964424491532906	0.610561512911312	0.99809650085695	0.977864782321754	0.982476336046712	0.992625486807598	0.960538510221554	0.598691097665196	0.880443533646699	0.864991550723947	0.837108400765354	0.98612342653857	0.837220171799441	0.762107642962363	0.990201966030759	0.890070153643076	0.998034902784717	0.988642782268338	0.994389065740738	0.734410560998481	0.998257268883522	0.924271800573583	0.983925763511705	0.969644364385719	0.865236958154521	0.777247866562558	0.775497310536694	0.99451896908072	0.846233315293074	0.994469916720714	0.999093291193097
"SRR13358081"	0.873263402327178	0.865095843072935	0.95295327641797	0.79462265366288	0.850611903749453	0.681240347831641	0.800102080249049	0.608402326431199	0.862589571055338	0.778086268340751	0.749914161322248	0.963053217192739	0.697703433237025	0.840423830842746	0.978311218741739	0.838474374167179	0.806396276989528	0.898965672202257	0.869514783371421	0.864859585132455	0.924249886100247	0.651144312594209	0.749893543976166	0.603197631910601	0.9132031203498	0.760178632489404	0.97039209119862	0.902374316729246	0.895507861723423	0.766533297966945	0.636213960020911	0.84822567022927	0.773540256525041	0.916307780384525	0.595730977706559	0.811158887253866	0.786427679620298	0.773226493670389	0.604709433939445	0.707986994373076	0.970356876727712	0.757583365264031	0.956695728219954	0.884563414703295	0.910732437480819	0.97394320178532	0.875542863220864	0.801489390199505	0.696359332394841	0.872251503755812	0.814149340587959	0.923211127212848	0.840060866241238	0.878708098221103	0.840592374808454	0.827720476466272	0.43320631671552	0.740925449102362	0.827172743025287	0.557759477673627	0.849419191115299	0.840583741675165	0.762107642962363	0.873779756841801	0.781844595648923	0.908971634477687	0.860701557334582	0.8874880970429	0.734410560998481	0.947436006851795	0.464117973777432	0.839716896018364	0.749681745736012	0.73292978695274	0.777247866562558	0.486079275441977	0.882198724112686	0.798176017020448	0.859666142316521	0.908326688454982
"SRR13358080"	0.713472347078769	0.728040475015267	0.761790521790286	0.79462265366288	0.850003683559349	0.681240347831641	0.618546041622003	0.549668886646518	0.702451022788343	0.773298363608246	0.749914161322248	0.902630471735489	0.669082663952149	0.685609752432925	0.879468507565507	0.822170706175936	0.806396276989528	0.739131685353652	0.780127006652066	0.630730064798046	0.657371215696157	0.577259126349482	0.612222986916618	0.508829083749755	0.687473975307492	0.75089044601797	0.910432737009762	0.851906788289753	0.731581096663955	0.715352972069854	0.708951605391387	0.686463025433604	0.717829837810644	0.775815796792294	0.551816077980852	0.497402324638329	0.756516982479958	0.748977605068229	0.599641469269438	0.727649209200313	0.875557024401135	0.757583365264031	0.904807335289233	0.575448734862417	0.551930395037999	0.903899535691792	0.693337856468092	0.745805948171131	0.502227788853854	0.87527029600123	0.814149340587959	0.71404457616446	0.688154655697841	0.715062056875342	0.598721116165525	0.707394819684861	0.523260383393494	0.701614425598024	0.800495935632992	0.615131402324079	0.643480202883049	0.833910746432271	0.762107642962363	0.663467475483156	0.7086891517122	0.661631079564418	0.677188376342623	0.658692969106245	0.734410560998481	0.769217297409933	0.491674823264327	0.730204607908108	0.64139601619071	0.702453680763343	0.777247866562558	0.601444480624367	0.657752430058041	0.764079006055361	0.599396661956509	0.603509953950715
"SRR13358079"	0.896221797252233	0.885215958537298	0.965903431494156	0.79462265366288	0.845378658589919	0.681240347831641	0.807442335922057	0.569818292240461	0.883145881924416	0.779181481176488	0.749914161322248	0.972069879598668	0.686094163057996	0.853173036151485	0.98614207283494	0.842062908823257	0.806396276989528	0.91998439685567	0.87905063701011	0.891672116766592	0.945689101317457	0.643344450870722	0.76185842768024	0.598096478439453	0.932645739661427	0.531248243092707	0.978626656104112	0.901557370536418	0.913248504061421	0.776959020775488	0.601492658308989	0.86680198519687	0.77253927462799	0.934572778575145	0.576021746446065	0.838417395183805	0.792940757682125	0.778584250691133	0.570259657835304	0.704513163969255	0.970399409535891	0.757583365264031	0.966135508617039	0.903053811062727	0.931785706334163	0.981458246500333	0.89739847812556	0.799115733113926	0.635123273631137	0.839603919750621	0.814149340587959	0.940447919387911	0.858826842080974	0.900481989819725	0.865973582250056	0.844330115057737	0.388221824732485	0.740442025470489	0.832915811594419	0.509882090442161	0.874071814793814	0.843212393971495	0.762107642962363	0.898304473832002	0.787631823030458	0.929767432521321	0.881288805712341	0.911356734798008	0.734410560998481	0.956603497738409	0.41405886974195	0.752110892759989	0.750213260632737	0.730701748506654	0.777247866562558	0.420126925278371	0.905125990671147	0.805504250986298	0.886712392435309	0.931000921120888
"SRR13358078"	0.920829061556738	0.909596190761246	0.981280601778036	0.79462265366288	0.851545599458321	0.681240347831641	0.866438609816619	0.643319774373073	0.912432543521332	0.780515699934643	0.749914161322248	0.97255982031523	0.713887000843769	0.893440581027346	0.989049197820408	0.846363470811754	0.806396276989528	0.941260239541792	0.902658384596867	0.9269370438187	0.969514873624795	0.689339002808459	0.808001650528154	0.652586350464358	0.95957166329114	0.765842251341709	0.976208857764056	0.917187475372164	0.939532019632264	0.790236284510387	0.598023074857489	0.889839823555063	0.799848293289024	0.951864966177228	0.621144822908239	0.902801035967007	0.800705443375303	0.785013023627383	0.611427910898601	0.699915610270754	0.98321990827926	0.757583365264031	0.962955206446066	0.950248113695121	0.968808924484874	0.981171296388311	0.926815312113172	0.817397893981595	0.780603926150546	0.831316970027804	0.814149340587959	0.96457212479389	0.891880243543152	0.926018814339275	0.910609777854822	0.872860600745281	0.391152337146627	0.760770071412615	0.839731203717248	0.531641121430292	0.910589703263425	0.844115927594135	0.762107642962363	0.929888392775122	0.814847094540009	0.958879730324418	0.915551898805244	0.942409543272146	0.734410560998481	0.977337798233314	0.460027142944711	0.881581249478934	0.798220523603785	0.748803055225077	0.777247866562558	0.431235958343103	0.938199873585014	0.814190283013729	0.927272978459601	0.963367963341468
"SRR13358073"	0.780947007456971	0.82511651856546	0.911721603974031	0.79462265366288	0.773341439429796	0.681240347831641	0.8221509313	0.72540432069673	0.82641648505869	0.77611156344272	0.749914161322248	0.829660417545807	0.727355444815236	0.725880142348987	0.901318022319891	0.831871368854243	0.590172809691401	0.850294158754436	0.835246354679995	0.811092829264554	0.87694926282085	0.697336685797011	0.749555428264006	0.640329879208393	0.866676427875392	0.807964713642701	0.846695570468039	0.486470626741296	0.820604440679186	0.747663216206765	0.662970851058911	0.815793087770389	0.761632555027487	0.841652816098568	0.66947071039286	0.77500160005953	0.774371400572307	0.763385983607453	0.70823067308612	0.701044145143194	0.900117980199667	0.757583365264031	0.673022303491761	0.877984935624472	0.887610616250108	0.875815685477864	0.835129125831001	0.737829194142172	0.725104056472839	0.795151017770185	0.570710114233825	0.893228825302877	0.813057136923895	0.833808847101693	0.783157412476696	0.802886222766377	0.51100444422547	0.754415493507974	0.771307029912642	0.68374859664988	0.8048851494486	0.739706632490667	0.762107642962363	0.826712935872695	0.606213610271664	0.871296121735319	0.829807788036746	0.764095376742679	0.726209873896572	0.824628725972197	0.608220994818503	0.797330229244751	0.778156956781005	0.749254807875536	0.777247866562558	0.655955627552713	0.756509791643514	0.784515544265999	0.795238770597979	0.871364759716006
"SRR13358069"	0.802461524008643	0.847358143117901	0.920914571401833	0.79462265366288	0.858991893459052	0.900696232540668	0.956659952322301	0.957248506486018	0.874913570131185	0.776091014949813	0.795638890986738	0.866432758868864	0.86703578731094	0.903142330483097	0.900542462662508	0.831801762476766	0.806396276989528	0.82598325307237	0.918083236038602	0.876980241658656	0.933847546103387	0.865462780524604	0.895284024105876	0.932383977531957	0.938341196158027	0.900284082068164	0.871194461367557	0.826461694625179	0.89503346280297	0.752036080856567	0.802917059860667	0.908268807191445	0.837896443208464	0.846555385494312	0.894663373325573	0.936840086715463	0.798108644092085	0.763282382429515	0.909624502135741	0.863373265350624	0.898342948496601	0.784545349929981	0.846452146516392	0.981027420951959	0.982272503012556	0.891933394375318	0.885567259905732	0.905613728812791	0.966408568262187	0.853457629860469	0.798641057356617	0.94079391410821	0.878890893321315	0.861215585817628	0.896287544206708	0.853518357567359	0.938384707008437	0.829931169777874	0.77946818330815	0.891383362294292	0.931917666720892	0.851374553476594	0.797724559641098	0.905473641635769	0.850703218280723	0.943857919979232	0.901724244134835	0.862492329874002	0.830589976188785	0.897939050375842	0.915961557087563	0.945060544853999	0.914996886744516	0.828161487438612	0.796748148097423	0.898588332372782	0.871853428938967	0.788171431356485	0.895699504271261	0.966056123773104
"SRR13358068"	0.822228940810067	0.836450779258685	0.906707421020166	0.79462265366288	0.909734924935209	0.874390075971491	0.95030357541967	0.952590176312624	0.863517563302836	0.775680349713324	0.78775898577454	0.926183072822033	0.861646547273455	0.926102370751319	0.918605903710151	0.830406800813084	0.806396276989528	0.846413894444598	0.90001842564578	0.86394310942001	0.921251814053562	0.857088941374607	0.882223739271679	0.919991781578524	0.933660446119121	0.893223348017767	0.930037904186669	0.865687030527736	0.909180201327205	0.747539081474822	0.833129332849511	0.89364930775853	0.842826816414284	0.859635248503965	0.876528617772901	0.929975532670955	0.791490656468363	0.761206762716726	0.904423054991642	0.871227264377977	0.909850101040045	0.779778154487222	0.920386301850321	0.976191259538317	0.976938958657048	0.923874103719641	0.873335412379496	0.922381815853094	0.954936052348412	0.872940354335246	0.814149340587959	0.93166078939081	0.868280143535851	0.848810138871371	0.893460155493912	0.844004242061696	0.922369193972045	0.82197129536019	0.814086304393869	0.887869997998589	0.912825387415839	0.839876065200607	0.791516312871873	0.889564248705592	0.869597034707423	0.934409353565809	0.890612277029058	0.891300076982611	0.819530245479234	0.935717747357048	0.908731054243661	0.960377008139115	0.907601654566103	0.819939802580739	0.793276618560007	0.896334139015527	0.902375105205313	0.784596226654438	0.891230421654076	0.95656898701452
"SRR13358067"	0.855506760334867	0.859427517391056	0.928828940324383	0.79462265366288	0.895729774949269	0.845147255986316	0.931914935465853	0.908272439307809	0.877532388732568	0.77699516668656	0.780327085033343	0.945034229392097	0.826302445794657	0.916238528920937	0.953990868186769	0.834847047147951	0.806396276989528	0.840260677708969	0.895800310434836	0.882850731684609	0.937691140113445	0.81680952496725	0.864032284013691	0.877629915663978	0.940650500623874	0.855512369557784	0.945066866657925	0.883053669346953	0.917378487524863	0.759508481103456	0.779410875050498	0.891721105893232	0.83025141440506	0.893708189340366	0.823532711697505	0.920611927069698	0.795236498137002	0.767817620093785	0.848656431420894	0.837343198372665	0.944109225613133	0.775332828961514	0.939217135618292	0.969347417162689	0.973457815291622	0.948713880332808	0.889304554412616	0.895521440744027	0.929208548137177	0.868221246063145	0.814149340587959	0.935662405810163	0.873539815621951	0.873940441590819	0.896250871866355	0.851071761285924	0.832635669331034	0.793202913552159	0.821317985888678	0.818791915759139	0.908783049689496	0.84088309405991	0.785690870603147	0.902257632967647	0.855575162761897	0.940765111464347	0.896352925537656	0.906812298177695	0.803937824389067	0.950659372383164	0.825122450620088	0.937062418306354	0.88169967342411	0.788804978597637	0.790049287956442	0.811204041058588	0.912085748362127	0.793117359710199	0.900433632678435	0.957752158321726
"SRR13358066"	0.828628778261762	0.841845291621038	0.911507748020706	0.79462265366288	0.911201232213721	0.895609076083929	0.953506153758116	0.954918801764138	0.869179398802289	0.775880645176723	0.794003003905861	0.930457976790465	0.864296738816747	0.929960997259	0.927640033352816	0.831088090999288	0.806396276989528	0.852732308086198	0.901689036875305	0.871387075492738	0.927646015501381	0.861224782235458	0.890196332741086	0.931647183977375	0.938602465134459	0.886069105411464	0.92860194455166	0.86949602406664	0.913984203377792	0.749738417003345	0.833154693517287	0.900945232944962	0.845703829026996	0.865350330028507	0.882412437789833	0.935686494349096	0.796017492921933	0.762220333040105	0.906991769426486	0.878324890387202	0.918351884740669	0.783550891020231	0.930460828723421	0.97868340413822	0.980041825123989	0.929845265683834	0.879433247531431	0.926837595083784	0.96280515974872	0.881147121260812	0.814149340587959	0.934729597574593	0.873548872799569	0.854968878075289	0.89997470546932	0.848704524962481	0.937653527206409	0.824340291615824	0.815200394409801	0.889595253336798	0.924781619734694	0.839656946684952	0.796432900250801	0.89888493545131	0.875155260492015	0.939543562484918	0.896161652589573	0.897975403236987	0.832153536602247	0.940409110098614	0.917373094368232	0.955761988029294	0.91127693660996	0.82264886580732	0.79602304307104	0.897438703016212	0.908469631706959	0.786555164574817	0.898284811494746	0.961978238507066
"SRR13358061"	0.949570775194284	0.940145710225308	0.992411360006936	0.79462265366288	0.868980888584918	0.681240347831641	0.944042048060498	0.807654746660393	0.948545742285179	0.782593630388147	0.749914161322248	0.983384853985002	0.779813042316179	0.946723326174299	0.995362103770277	0.85290565286804	0.806396276989528	0.96467675911368	0.93746157705786	0.964692413492099	0.989261373644814	0.785846720080531	0.881462979771862	0.755020691276323	0.984581243709456	0.796987922707544	0.987867948121764	0.9327703553845	0.969286478286826	0.810499560881669	0.620934096078061	0.945317554936349	0.843009628305483	0.970511526234899	0.730072114404299	0.967474824030962	0.812422885843561	0.794806924091246	0.724593391113852	0.611987749930983	0.991854055727384	0.757583365264031	0.975827719848016	0.988088140991654	0.994199888141801	0.991220671266667	0.960567315736751	0.882735533734469	0.895422742888834	0.861680587206021	0.814149340587959	0.986728760609737	0.935632758388202	0.955765889621222	0.960173490292974	0.913594914065236	0.437568264849485	0.803329945516898	0.849950867407509	0.621263772631579	0.952374991806674	0.833882152809219	0.762107642962363	0.964405503260838	0.863249099380953	0.985149369393189	0.956360196143486	0.974016470785162	0.734410560998481	0.990862740359317	0.686943657339269	0.934571203393086	0.880991117711426	0.788684485672819	0.777247866562558	0.515238661989439	0.972574690609613	0.827187222361435	0.969076398101963	0.989255930037975
"SRR13358060"	0.711009917476622	0.731056768900754	0.763719134494317	0.79462265366288	0.864038309303307	0.681240347831641	0.710195093717171	0.686278949729294	0.717843042920247	0.7731211985467	0.749914161322248	0.904664228806291	0.717722313625793	0.738277074462121	0.879384229261262	0.821548282917684	0.619954021023931	0.735192475073893	0.802964654740591	0.653305718646599	0.685788709870731	0.643987208233574	0.659762871750042	0.572050991533539	0.725022635357268	0.77384593010648	0.91973890903064	0.590747536216232	0.754463758059288	0.714772076743018	0.74974645172836	0.738154017209008	0.741802450030597	0.768375567773733	0.631633171136981	0.586277692924969	0.755366521880854	0.748055306658538	0.691697210541861	0.680741487260513	0.875596687711018	0.757583365264031	0.908465764293774	0.690830337123508	0.681207098836604	0.912917743172433	0.710152484777168	0.797998958868236	0.596744734954371	0.897610814669106	0.629634851113368	0.751320894019228	0.712275706062872	0.719700582357996	0.644953729472151	0.723182852088899	0.595890639768821	0.726942183231143	0.799460082413282	0.702040851063787	0.664994025647144	0.824060561926419	0.762107642962363	0.681371690113335	0.628194790974346	0.704926479528158	0.707343459053428	0.683781589301365	0.734410560998481	0.782922202617911	0.690189625852695	0.778996428319233	0.707299667692651	0.727186197569935	0.777247866562558	0.703783735688678	0.690271945961944	0.762754412518564	0.639338793890219	0.66639633543047
"SRR13358059"	0.734026720151047	0.762675081494738	0.812863667211451	0.79462265366288	0.896424727455541	0.681240347831641	0.894479496784661	0.910139219210016	0.78181735198688	0.773342513360335	0.749914161322248	0.85705454250913	0.814431383644922	0.864890541112148	0.821159473609722	0.822325603139974	0.649523073672693	0.756191822448499	0.866286721947143	0.748149978986047	0.801322203933078	0.801222919329798	0.787132103206088	0.762556488974131	0.843295924450845	0.828970195646694	0.857168963153358	0.607071885118899	0.83349544508642	0.721046483609561	0.832834280013198	0.814614328867035	0.806125251293926	0.777643862982328	0.810891098291419	0.821436985974404	0.756803205568174	0.749207172401984	0.869628457888807	0.697301223131013	0.825285895879818	0.757583365264031	0.752136901236388	0.91671949053542	0.908939447040567	0.846037991674731	0.781820215314574	0.880820038156809	0.823536742604588	0.85941977973777	0.659144741845099	0.86357447338635	0.792645078753471	0.760928677468814	0.787281009637142	0.780417219714479	0.744141959623544	0.792709531156124	0.800753534190581	0.866034020790085	0.75141589679499	0.692947454271438	0.762107642962363	0.761383883605788	0.734796243882082	0.838240882084064	0.805266900430944	0.782546080270751	0.734410560998481	0.850548748787302	0.888948692960227	0.887517188376968	0.853941044435003	0.790599081573432	0.777247866562558	0.882704073571068	0.801589055738192	0.76440841309866	0.774199342675593	0.844704915231994
"SRR13358058"	0.848936453054444	0.85019721726834	0.93736194100437	0.79462265366288	0.878156369156411	0.681240347831641	0.888959047935978	0.832320715168892	0.860478018162005	0.776888100578463	0.749914161322248	0.95674564872746	0.783466784371094	0.884664943065761	0.969351368755103	0.83448830217741	0.806396276989528	0.849190125500145	0.888117487324208	0.861360934147745	0.919982932552685	0.759390053974391	0.803676944248219	0.730174170423215	0.920704092292084	0.803206271483953	0.97009365697938	0.893920755897683	0.899725785355125	0.75693178761653	0.739687446038716	0.887016177415149	0.806523814753427	0.891226789146572	0.738773247907005	0.874367249341732	0.779160073169476	0.76728307393828	0.778215624329129	0.767723880098365	0.960473142105036	0.757583365264031	0.952534633461718	0.940655293818054	0.948984096239637	0.97209074865517	0.871805635501501	0.874718139088463	0.813960814301325	0.912272886662674	0.814149340587959	0.931090106558476	0.851112914236512	0.863063280437707	0.863733213283655	0.833238160017399	0.599693308510203	0.781182743746668	0.820736316456443	0.745476415835242	0.848886769508713	0.841373685090309	0.762107642962363	0.867796520775657	0.816444414997108	0.918910631754118	0.872514750208662	0.88618661853633	0.734410560998481	0.940340709663202	0.723694569272699	0.889444025461675	0.83577547324888	0.77443861036264	0.777247866562558	0.723751338111184	0.888920930973512	0.789955675684844	0.871515760868317	0.925859954020219
"SRR13358053"	0.774546640290904	0.824666826509716	0.884444520863191	0.79462265366288	0.858641115390101	0.884276143935829	0.942902236309706	0.947334466399381	0.850982789585257	0.775260180277549	0.763210049064653	0.84757913657988	0.855951636246408	0.889370690082614	0.89780804830211	0.828971938721771	0.806396276989528	0.83245434320036	0.916005509849025	0.844511199717115	0.906150244000618	0.84808849861379	0.874018799802264	0.895153825625181	0.915788768040967	0.892819390146171	0.906391813145962	0.832194115853946	0.862199360553354	0.742888609219854	0.805210010605195	0.903849318920598	0.826074351892447	0.821019146273183	0.863268313733699	0.903789167638919	0.790545114399754	0.759073033435268	0.89883328360784	0.759378503780575	0.904890054636754	0.781468635888704	0.88100162859491	0.970013096408869	0.970348941367921	0.922872080420237	0.859699488345582	0.903119787124517	0.919458554581296	0.903102549231637	0.79983949017701	0.916016676098342	0.85663397205434	0.835207444488309	0.866858432915355	0.83376850756171	0.864588927046354	0.812338096976139	0.777163479558845	0.884177891908969	0.904558309899454	0.717172994176081	0.7937225002643	0.877971343162003	0.835759010427878	0.921458840902665	0.87813477647683	0.828276210218245	0.820609945047926	0.86873837306775	0.906227458204664	0.933711015921367	0.899453311288373	0.811174733020726	0.794506371590397	0.893985151855445	0.839732538534641	0.781870155225566	0.863845427486332	0.947468724658168
"SRR13358052"	0.7943148865124	0.835368262831587	0.894962901079818	0.79462265366288	0.869474103853049	0.878273580094847	0.94964694553743	0.952117049732386	0.862375499199234	0.775640785025187	0.788846492895292	0.848149284115092	0.861118141441745	0.906057905169378	0.900292468547021	0.830272017381668	0.806396276989528	0.81947172403179	0.921181150471103	0.860513119387225	0.919929596656328	0.856260251293583	0.881819195489151	0.916817225262011	0.928039117195473	0.895084311878144	0.90388130394047	0.838515879271792	0.878853157327405	0.747103298186719	0.809943777748376	0.905253766899018	0.833642114632682	0.838187477493845	0.887817594816843	0.924760185398023	0.791844070341308	0.761006276457605	0.903908402393063	0.852763370373503	0.906673136729866	0.780432680729189	0.880920177582676	0.975666579513085	0.976507457662855	0.91864952934316	0.872100618731773	0.90668455096765	0.955163493015572	0.886942651793939	0.802181264618334	0.925782446357157	0.867218037347763	0.847568942815673	0.883285217646614	0.843062189421113	0.91158590055941	0.813201062717349	0.78535058822489	0.8875265625083	0.909177319559297	0.853582677771672	0.792371117390974	0.888990127747764	0.846587673233887	0.932727081252617	0.88948621487593	0.854335720077767	0.817802732843929	0.89493048920019	0.91019883662065	0.943816970174837	0.90685996457515	0.811151091174061	0.793752594765726	0.896114795676165	0.865095460385064	0.784412638483646	0.881387517466737	0.955976742223391
"SRR13358051"	0.774002721524524	0.787836404690321	0.867275750122885	0.79462265366288	0.885238731203973	0.902191979946377	0.83946758176502	0.807090756719561	0.793511944077951	0.774554778150138	0.768994513667728	0.864206495411317	0.757280835441096	0.857092859420864	0.880310710899044	0.826545717428153	0.806396276989528	0.799875949006518	0.89232889565235	0.765550622901411	0.824465290263857	0.732337879665347	0.794811199231677	0.822014118639008	0.845134632248596	0.864762668576958	0.909856834242369	0.857583809742122	0.820538451803387	0.732212463716643	0.770678966216713	0.799914857516609	0.783852012047257	0.823755311624221	0.742831248291224	0.760036139919368	0.789463077115899	0.755468094741153	0.778704409378412	0.751866508670347	0.890339411765877	0.784837796615909	0.924730868456044	0.874050573347327	0.873673928138942	0.908496156376409	0.797018092957412	0.873736977258257	0.818241942451938	0.861304376015282	0.814149340587959	0.851887307667012	0.79009314463319	0.790225842859237	0.775431076602847	0.782001155079909	0.857195814698919	0.784445070270266	0.807742681707707	0.768949072019182	0.881547325004005	0.711009163074949	0.798104059051013	0.822204747579881	0.81271715796244	0.837724120769651	0.802625220734216	0.797636583715599	0.836329718293918	0.874304445015269	0.754558215690185	0.916366961525836	0.799996899029792	0.787041328481886	0.796961479155337	0.769416267047643	0.805856944351414	0.777330465693389	0.774627963419568	0.866758673853671
"SRR13358050"	0.825749476252122	0.858944150588477	0.956140578301975	0.79462265366288	0.872996009014103	0.847149208978158	0.96290072684039	0.961980402090484	0.886785884104788	0.776553856428635	0.765985584823714	0.86116324372748	0.872903587805622	0.921700125338027	0.92758029488841	0.833365129114786	0.806396276989528	0.87243019620385	0.931157719923091	0.893555315673022	0.945801946236154	0.874411944015305	0.89681828563246	0.906322677309533	0.949555866124959	0.879299013396321	0.906183213695865	0.84898845105384	0.908419382326572	0.75704658684991	0.810352100731821	0.925811308969105	0.847127308074652	0.866057721524785	0.885464773666593	0.946880881080538	0.792895596559797	0.765609973047027	0.915187548203497	0.741794928643097	0.925722819356115	0.775593863649582	0.839330427672045	0.985333946212566	0.986535781783001	0.928591800075518	0.898124391329864	0.92900025934505	0.948633692361213	0.883788453451659	0.802322291756908	0.963243635604909	0.889972979258538	0.874178998526155	0.912616449995555	0.863673341197128	0.906373712784514	0.860122587221588	0.79131062024347	0.895232140864426	0.935908735680752	0.685116199314151	0.786033892453778	0.910153421300581	0.858800101633769	0.95375359417308	0.913047416483295	0.890510691796008	0.800681893573832	0.925306740054252	0.916799394642112	0.938552408274186	0.9226951576085	0.857059280866381	0.790238548080705	0.901080125083984	0.899093095961105	0.790106293055112	0.91281923930923	0.970759235956903
"SRR13358046"	0.824991534563312	0.838778220482696	0.921860913751211	0.79462265366288	0.905534919200303	0.681240347831641	0.95169951142941	0.953600796492881	0.865966392023443	0.775766117043617	0.695289753545988	0.88185571661657	0.862786443576213	0.927777739769133	0.892556580089695	0.830698746392183	0.806396276989528	0.849145724412614	0.911081538872757	0.86790201584945	0.924050297304361	0.858872038577541	0.861803904199954	0.791932946632284	0.935819955598893	0.847550418645686	0.872247735498028	0.856152378562241	0.911265806832822	0.74848223955732	0.833140190795975	0.881412007636099	0.844063848429509	0.862106481954832	0.822539576419476	0.922688095562431	0.772221479301827	0.761641061503995	0.905530467499378	0.593912552629381	0.885732778134949	0.757583365264031	0.855743791128162	0.977291239462657	0.978572750718064	0.873885481610002	0.875977711231836	0.91000071721663	0.79837462043513	0.815086216541615	0.814149340587959	0.945514122761303	0.87055826283913	0.851472771053934	0.896293769678265	0.846030968790781	0.550079751780051	0.825526865042957	0.814563908880996	0.888611490657416	0.858145759149118	0.551410168519676	0.762107642962363	0.870401486237773	0.855748434176875	0.936655297643229	0.893019281840031	0.894203692285722	0.734410560998481	0.937766946481815	0.916136268152885	0.933975210919593	0.909191593456783	0.819766512488503	0.777247866562558	0.896808314079086	0.905027444684541	0.78206724874126	0.89430173701312	0.949525754167785
"SRR13358045"	0.883706200850103	0.902929638687762	0.975228742843914	0.79462265366288	0.878424679122173	0.681240347831641	0.981980153485873	0.977917087731996	0.929346707226681	0.778664577565001	0.749914161322248	0.930604629027475	0.897010630590771	0.951544843640019	0.970594446932063	0.840375794449848	0.696648947114224	0.920322826373381	0.940112180799307	0.944050644314927	0.978758810409882	0.909113073995515	0.921233180213099	0.899564262089904	0.978379579769969	0.867720646199873	0.951848228839965	0.746093732815556	0.951684865183781	0.779101888939226	0.810845636866745	0.959527850018976	0.874867955539142	0.915186186758576	0.9091656769251	0.980020015397348	0.78988237278255	0.776064559088911	0.93688046447276	0.741728878600912	0.96308053554543	0.757583365264031	0.853917118337712	0.995532522770827	0.996782061606539	0.965220183328021	0.941215327979447	0.93693600579682	0.962540340804368	0.900724674300771	0.690043073104474	0.98321096319689	0.930038992604174	0.920990382990109	0.956583804486081	0.902849779443818	0.767778830275369	0.859487865494297	0.80415871272381	0.91135321508836	0.933189255415194	0.744183267537782	0.762107642962363	0.942789891425805	0.841863079465839	0.981082548160052	0.951159688049021	0.945289731930264	0.729255932713544	0.966984763229276	0.95590466671319	0.951273093581276	0.950386931963599	0.850606915183104	0.777247866562558	0.911805746607281	0.950010560714902	0.802067766461143	0.958654365825022	0.988237949017597
"SRR13358044"	0.881887892912754	0.887253977732563	0.965316234887203	0.79462265366288	0.912780435601045	0.681240347831641	0.975998332819001	0.972607225303545	0.914674856297063	0.777833203834908	0.749914161322248	0.958977091936855	0.888020406755723	0.958961893099965	0.974766111347038	0.837637714382696	0.806396276989528	0.903773589226808	0.938235205306791	0.928532872030277	0.969145016910963	0.896585947293942	0.907146910992527	0.889349983006725	0.971693367864155	0.862159559237366	0.974628125974266	0.898762520472281	0.950095097756069	0.77057201298882	0.833402606346065	0.951870813045295	0.871618233647369	0.9114839053777	0.897534172891624	0.972604341102713	0.784905017345622	0.771978282755503	0.929016736668757	0.77723431705219	0.966323161655072	0.757583365264031	0.935641746465677	0.992848216450771	0.994510749519368	0.977015108110207	0.926747245211111	0.94758607871651	0.951567040784606	0.928147112910898	0.814149340587959	0.9763408739322	0.916153548207594	0.904792350524971	0.947110253941474	0.88875327093381	0.776651570181119	0.850323715012868	0.825826664793517	0.905276535360653	0.916516798858505	0.782015985870439	0.762107642962363	0.927155750570511	0.887123160429775	0.97325748737337	0.93850457410728	0.94623484270276	0.734410560998481	0.972050630569322	0.949571660772694	0.958943738447794	0.940804925134337	0.842205705202163	0.777247866562558	0.907703941915492	0.952188276249014	0.796457434253215	0.94840505870368	0.982020202882472
"SRR13358042"	0.862942848377078	0.870972966399192	0.96028662036049	0.79462265366288	0.912317974289211	0.793749720399038	0.968833742692916	0.966658009774212	0.898839819276532	0.777068533752495	0.769290402728863	0.951351606090738	0.879176855403843	0.949288511723473	0.966040895033333	0.835092587615437	0.806396276989528	0.885957104102741	0.929215707096978	0.909834437618229	0.956708394419142	0.883773890499239	0.901439843513001	0.909622317652841	0.961526373219001	0.873121403759922	0.96841588608578	0.89128155266982	0.938058924687972	0.762545460799647	0.833305368400687	0.940311308347441	0.861923373684749	0.895380128679043	0.892278413980438	0.96156406063626	0.790007551650711	0.768183528479812	0.921016087358488	0.803558820294197	0.956820612221702	0.768814652283118	0.924659217702937	0.989002872417349	0.99057321762719	0.970451032727697	0.910657652388427	0.947485116600644	0.95796314502911	0.924707142204853	0.814149340587959	0.969231688195427	0.901259717671798	0.887382422404826	0.931830504862144	0.874278585255811	0.892138109983444	0.856702415830939	0.821715836209645	0.89937642641046	0.929501554498968	0.743812535691453	0.777088409703632	0.917619615648443	0.883028209007375	0.963049265923208	0.924258082711996	0.930602345210648	0.779709078957762	0.962274502631565	0.931029744223429	0.958207423041665	0.930513307064624	0.851755280024132	0.78533313703567	0.903791016859763	0.93809476565722	0.792722201429024	0.93237349961661	0.976005692372255
"SRR13358039"	0.866804746750549	0.925866630164901	0.986277894629524	0.79462265366288	0.491613291559364	0.681240347831641	0.9293589934932	0.794890980408124	0.934373870943247	0.781369808139763	0.749914161322248	0.606114115346511	0.77263344245149	0.661978191257303	0.938182138400481	0.849075489769824	0.806396276989528	0.952939358243843	0.874447826941374	0.947446853688249	0.982618407263531	0.770302726051819	0.861219077642796	0.686868193548074	0.968071854884245	0.382392274543561	0.51870448563231	0.694433234201852	0.89370493038173	0.799524647666415	0.460064260045762	0.915046737527642	0.778782265399812	0.921334577677177	0.718751847728537	0.938307152687541	0.805577350196272	0.789071118535266	0.72112671044132	0.48352831859598	0.884686113971602	0.757583365264031	0.360511345855743	0.981108307541705	0.989796352027788	0.775441739988976	0.947512905210228	0.587968302406127	0.79254986697118	0.40679117767969	0.753796492813778	0.979995302004159	0.920278360189648	0.942386980975061	0.919406649719363	0.89809125110155	0.376058242380023	0.79451219209996	0.702968661093685	0.633127598204929	0.936037787305363	0.832621613193181	0.762107642962363	0.951105949781352	0.70379001033979	0.976239137122841	0.94268097774391	0.853495163023506	0.709472514221555	0.828733874578221	0.688339273307174	0.395752707355445	0.865071894779771	0.781435741504106	0.777247866562558	0.542429874852883	0.828760653046273	0.819610888780088	0.936189701772449	0.982433314831498
"SRR13358038"	0.608798890634708	0.724962512906863	0.74986816954501	0.79462265366288	0.714778323432925	0.681240347831641	0.741208108356375	0.740415008207336	0.716384847924013	0.772827281060448	0.749914161322248	0.635411772068305	0.738033535026992	0.528032785876093	0.708460898186408	0.820512682680302	0.806396276989528	0.681570705617396	0.757094412720949	0.642971691056369	0.681562726830963	0.670854371731524	0.674360588751664	0.574192503114315	0.693843732929372	0.783793568152097	0.624048995490737	0.733093305608235	0.647274501698513	0.712118918543391	0.69702087327411	0.739101587452267	0.720959124733203	0.67994267780022	0.665523155678172	0.577640469125179	0.7534512202608	0.746521388346952	0.730703394077066	0.628221334124076	0.753535374635097	0.757583365264031	0.571772922407716	0.724117310257304	0.708627108348551	0.709753557356539	0.707801473280763	0.672313590179245	0.631178488704744	0.819527527676301	0.784755477571884	0.755355919805461	0.715670083524006	0.712523194978358	0.604430209634819	0.724538049322203	0.591145218177807	0.736789644771388	0.720807157999983	0.740933769722287	0.663967873663679	0.823753449955442	0.762107642962363	0.677842475513791	0.652087771106949	0.704946967971448	0.711459307882494	0.500067014271344	0.721801256166662	0.502578213693566	0.740648657427299	0.605789857444694	0.731476636387542	0.73715468670544	0.777247866562558	0.75031626585937	0.49407337995155	0.760547252635388	0.597274213149789	0.676764832087918
"SRR13358037"	0.788169277455433	0.851709762295519	0.935417007082441	0.79462265366288	0.809261014387564	0.681240347831641	0.959065157649989	0.959051854842431	0.879401709826236	0.776261411693707	0.749914161322248	0.851116637781035	0.869221253580323	0.862944167229388	0.928075103808031	0.83237841016222	0.806396276989528	0.864159929008288	0.896693355760086	0.882505308356054	0.938507582588445	0.868816928654142	0.873761945005857	0.835708082986168	0.939398315311163	0.851153669077571	0.89702838633388	0.819545402039308	0.884234349099496	0.753887881016652	0.783957877101862	0.934535519374808	0.83408428397221	0.836612987071341	0.872020941771361	0.938830887427817	0.775300242753395	0.764140744809178	0.911708827812141	0.681984401556766	0.92525443916426	0.757583365264031	0.807245121512584	0.98274008532054	0.98507050789163	0.931834913303007	0.890337656436915	0.888284922704077	0.922189973968979	0.911319050340735	0.789395207317884	0.955248033777623	0.883076669298568	0.866111438815079	0.895815475591401	0.857326179578637	0.742068609094904	0.831733609537365	0.757380829768897	0.89281387656703	0.874617156132905	0.827332949545231	0.762107642962363	0.886684029735164	0.812794863017825	0.947295089435736	0.906036211978437	0.840424179932922	0.723726059207958	0.865602822249556	0.935245065404217	0.878960652744202	0.917907416625172	0.82534656710761	0.777247866562558	0.899511678588747	0.848214860263186	0.785572176223839	0.895989210248441	0.960427775299939
"SRR13358036"	0.773704255452919	0.858608707565608	0.944344982632241	0.79462265366288	0.675983098450897	0.681240347831641	0.921819978561197	0.889291257079377	0.874467788946147	0.777050788440017	0.749914161322248	0.670061257151151	0.814183388089709	0.718173300511386	0.875119979503348	0.835033220267767	0.806396276989528	0.843384218309647	0.859141246817464	0.874630101501221	0.934774013744747	0.801193491099617	0.833346610679992	0.736736589963761	0.921830768106328	0.819198090230587	0.655914629290653	0.755190463550057	0.839725330049391	0.759622820137535	0.663648679930016	0.890622473314788	0.792399530738455	0.836811057325858	0.788444742290353	0.893673947444822	0.780155529235305	0.768095055176996	0.829123210982363	0.601305504955027	0.885064302466563	0.757583365264031	0.530590612569348	0.963470326971238	0.97112423174433	0.799773814733677	0.886272537081558	0.744540384592982	0.862236496293284	0.761797640424872	0.773621750871849	0.945601570571507	0.868778143093341	0.872861952512785	0.857959855284569	0.847388416056376	0.593964395980194	0.799660800637523	0.72197328547124	0.797317708150376	0.866941220566732	0.828153008052747	0.762107642962363	0.883524695394214	0.735516792114241	0.934568565712844	0.891393073769364	0.76851611120297	0.717269675200848	0.778257247851189	0.84449571013812	0.747459673606676	0.869910335865668	0.792499101854527	0.777247866562558	0.785173145020259	0.760192440229179	0.791084231047712	0.866754183660719	0.9458711219289
"SRR13358031"	0.762607122627881	0.78651857987715	0.852226111030209	0.79462265366288	0.899085241363053	0.681240347831641	0.915026140270619	0.928709166590657	0.80899699918617	0.774031907470769	0.749914161322248	0.910235575430611	0.838230205313486	0.886361778046792	0.899509222222751	0.82473333731037	0.806396276989528	0.786000704478603	0.880645125343493	0.788171985935491	0.846549388824412	0.819184027977236	0.810917318329726	0.794204003068857	0.87715052770581	0.834416651866162	0.93176880817273	0.858497926415909	0.859898879701398	0.729013132675801	0.832921104999272	0.86824959107338	0.817551747258774	0.804832817948057	0.827042825691682	0.862705186781322	0.761247933292319	0.752777763093211	0.880852589001722	0.792218348436359	0.8930576315108	0.757583365264031	0.908739359502867	0.941879768420871	0.937926538916068	0.927863722974105	0.812874978179457	0.903844312826762	0.853190075749062	0.915034526377537	0.814149340587959	0.893916351886499	0.817754744718716	0.789962371352267	0.824797665532543	0.800863236406392	0.759093049378455	0.802459015386005	0.804748048821146	0.872805425008639	0.786337951790991	0.834739531151172	0.762107642962363	0.797606587593242	0.824315342074021	0.874641761368798	0.834629867597613	0.820947923235148	0.734410560998481	0.882376251454572	0.89123368288249	0.903019580646919	0.871966135556779	0.799210637958089	0.777247866562558	0.886866812317584	0.837491934749013	0.769516531357011	0.81584023384766	0.885507969958316
"SRR13358030"	0.7647972217806	0.815235044015271	0.884257098679829	0.79462265366288	0.862797951453065	0.904211298946512	0.936572089494422	0.942959875474935	0.840793661075828	0.774939271112078	0.7614178214213	0.796728822843292	0.851477153085517	0.888416058154049	0.858918201263122	0.827870862768068	0.806396276989528	0.821137119423992	0.921358962645014	0.830477559321538	0.892933662131712	0.840913520720016	0.870327898851946	0.896351631162834	0.905584634207169	0.89726173385237	0.865146911973538	0.82220090179727	0.850364098985534	0.739303465618692	0.807470374234864	0.883317216204819	0.821858599163931	0.81167831512258	0.85684713638483	0.888365966544889	0.792094090383909	0.757436552972287	0.894375772274272	0.740208177903803	0.876591000599148	0.785256132359215	0.857032131441208	0.964281200952303	0.964506943789209	0.885459217184474	0.848488177846691	0.902135388108871	0.909922046329588	0.871180790276151	0.800990270011147	0.910033869222081	0.847182962448294	0.824182641517606	0.854365166895071	0.825603614613504	0.887065224022842	0.819496255805922	0.777998647348496	0.881290674243344	0.911574251864528	0.668437829173921	0.798646645623491	0.871227173544361	0.835357651835624	0.910860765564606	0.867808372143509	0.816102478994215	0.833636977073279	0.85926608543791	0.907904294717833	0.936433885217507	0.892814016106756	0.819719410890771	0.797266717996693	0.892161758693035	0.828526340889808	0.780149353254591	0.850118741927098	0.940691151250777
"SRR13358029"	0.853222138384067	0.862680751478632	0.94578204365495	0.79462265366288	0.908901104533557	0.681240347831641	0.96480280056629	0.963459080308717	0.89056091042158	0.776709726988555	0.749914161322248	0.942677914615318	0.874831184739025	0.94404767231555	0.957227123032195	0.833889514663707	0.806396276989528	0.876663059217899	0.924584830548227	0.899639793756583	0.949351332333005	0.877311788909306	0.884415047686158	0.868854992410397	0.955633299746873	0.854359050062512	0.959513181636559	0.885083390055325	0.931531472261102	0.758720054831557	0.83325980774731	0.930923429293726	0.857174729482699	0.886981740359153	0.879791770700731	0.955024586267133	0.778065529441935	0.76639101746158	0.916991735427047	0.816783530600027	0.94755695735552	0.757583365264031	0.934362645496641	0.986556320097178	0.988036011128105	0.961546389869197	0.902074071054017	0.935030561878983	0.931908935028912	0.913485764038157	0.814149340587959	0.962620134156125	0.893503609183318	0.878309475334363	0.923343338501161	0.866960484483506	0.771536861160083	0.837206718579011	0.819764406538607	0.896502180726327	0.888105884565896	0.841788565088646	0.762107642962363	0.899873406411135	0.870860053349222	0.957063033915238	0.916590420275301	0.921913260336923	0.734410560998481	0.956633792824926	0.924262397425244	0.946744404318058	0.925142954119559	0.830286429522307	0.777247866562558	0.901907749816368	0.930232181758089	0.788713851515763	0.923368050843882	0.968329474780607
"SRR13358028"	0.831213318657236	0.833465647563522	0.920596497378425	0.79462265366288	0.871999799246285	0.681240347831641	0.852851319955125	0.783475205134067	0.838953083430734	0.776326565974256	0.749914161322248	0.934114275691048	0.76073824281889	0.857282995916834	0.94742355081389	0.832598566608194	0.806396276989528	0.857831728749397	0.8720251904461	0.832015949424413	0.893681073083805	0.725199275294615	0.772536010873048	0.688902544806227	0.895849602267469	0.792168510716584	0.940758103534676	0.879223136281377	0.878760953170168	0.750467455269966	0.728826928328623	0.838710303556584	0.790603795066955	0.877381487095416	0.701478690993716	0.827339951889745	0.775703394691638	0.764468508653813	0.741947613803251	0.761243368702216	0.937625801749451	0.757583365264031	0.924763403473453	0.907687023425258	0.916800024666976	0.943429938102919	0.848672036715649	0.840185496374626	0.764706425081999	0.860565989911522	0.814149340587959	0.90871819709054	0.827789954284468	0.84373027969026	0.829208845905359	0.814278169022282	0.57682757996663	0.765976436723108	0.817664665350235	0.71466860334347	0.821320822707606	0.840580294116322	0.762107642962363	0.841840152777487	0.797875435856204	0.891819012842059	0.846608254251041	0.858927611533542	0.734410560998481	0.923483272610091	0.66594053703073	0.866142531044151	0.803943818626181	0.760274618539783	0.777247866562558	0.691239362998919	0.860995207354744	0.786030581660187	0.837688015257151	0.894633305520285
"SRR13358024"	0.756722202271353	0.771951896120544	0.812765926574631	0.79462265366288	0.879702884311415	0.884655329254416	0.80284690441203	0.787159092318574	0.772095412186645	0.774146576907919	0.758794312001319	0.857033184396341	0.755266032794969	0.832937720633593	0.882871451353883	0.825131823119436	0.806396276989528	0.751285750271495	0.875572286168404	0.733289240578207	0.788074193144166	0.703963883437679	0.764813131420631	0.775865589865554	0.813259706318732	0.854952200523263	0.879429109923931	0.847239820778267	0.801629444250695	0.727202938110858	0.76216211392004	0.752899150208845	0.770610578790317	0.809107695937046	0.704523207973645	0.701682177864157	0.784011901538629	0.753369092135601	0.750070107410402	0.736679371295619	0.861148206162218	0.781535972321685	0.901014684592004	0.836522393490972	0.835811398893694	0.870977113068146	0.772761577877598	0.846288311800681	0.742398854390545	0.826830212079437	0.814149340587959	0.806411736307657	0.767601782354088	0.770699943294412	0.738379283318171	0.764790773455115	0.764692950383613	0.743690558488113	0.805407382834368	0.745554538760156	0.834414013959133	0.68936014461336	0.793810272626328	0.792949072787099	0.795077576005265	0.802478077545282	0.775671456037088	0.766343810512469	0.825482076386905	0.850882517525232	0.739737805159247	0.900315377555713	0.771750941422205	0.746493407177639	0.79455538466761	0.745535819912625	0.773972679394212	0.773878328841239	0.736714588722606	0.824883411821529
"SRR13358023"	0.893366792514249	0.887344722956613	0.968043944381537	0.79462265366288	0.871005990892868	0.681240347831641	0.899061560641769	0.794759973498402	0.895897337123885	0.77882293707757	0.749914161322248	0.9734122405073	0.769048861853411	0.902617620112562	0.986413322019679	0.840893906825559	0.806396276989528	0.916481003374153	0.903221692107609	0.907061510063651	0.956048497516463	0.751255351892606	0.82293874847537	0.708403431430383	0.950224560159832	0.794402857208263	0.983083467072768	0.912753837646983	0.928613951926383	0.775673165954535	0.689027635042521	0.912121305599446	0.813058327793936	0.92903660544329	0.71404491985609	0.908538833639482	0.790822308935177	0.776838208937329	0.736347724515608	0.647051004552649	0.980026150999016	0.757583365264031	0.969023052752765	0.958451184421023	0.97098468993431	0.985522363216622	0.909497362467323	0.873398117861843	0.827553047393909	0.914541642875511	0.814149340587959	0.95680400176099	0.881878509324235	0.903452971627157	0.901865942816072	0.861535263461822	0.522980962998422	0.781665798345043	0.831050435133981	0.680552854895074	0.891819174761913	0.829990286924156	0.762107642962363	0.910369588006564	0.826527895228748	0.949737675176289	0.905242310469635	0.92611314372851	0.734410560998481	0.966494925118967	0.689524772532014	0.898903861549021	0.838864593844889	0.772161800983137	0.777247866562558	0.626579705418818	0.925349755386071	0.803124795805814	0.913609922353448	0.956385059557533
"SRR13358022"	0.822402996326036	0.836597366842932	0.864299448435525	0.79462265366288	0.905243508262806	0.680967227429582	0.95039213218467	0.952654093907191	0.863672064340424	0.775685723106522	0.723612393484947	0.9126807611542	0.861718186366751	0.92620836230495	0.921877253133165	0.830425100867358	0.806396276989528	0.84658620618138	0.898756182196228	0.86405884713114	0.921429853185037	0.857201188562702	0.859718477622937	0.820271839537327	0.933797682973244	0.84695939488206	0.92413813685801	0.867028949701874	0.909312134760698	0.747598232283856	0.833130013038641	0.89552011764923	0.842904541411109	0.85979113530185	0.842249229148804	0.925275119686522	0.771719412267719	0.761233984361154	0.904492765957534	0.731985375381239	0.912941680622613	0.757583365264031	0.899765120276038	0.976261666143251	0.978557051584896	0.924882315997883	0.873502336752104	0.899827982344755	0.85733621485823	0.879061179998082	0.814149340587959	0.922107939120907	0.868423844269042	0.848978079012768	0.893639645077884	0.844131837840215	0.533862080764625	0.778621566648693	0.814116250739125	0.887916573535639	0.818572107226432	0.721713909798483	0.762107642962363	0.867580672018852	0.854397450346542	0.934552193492642	0.890764442955864	0.891484003382886	0.734410560998481	0.935847939248234	0.929128349690578	0.932766477636454	0.907701982610202	0.771143303590874	0.777247866562558	0.896363899170121	0.902543176655319	0.781494987179829	0.891425095877229	0.947508618782013
"SRR13358020"	0.823544955786219	0.828589712393878	0.886053872407805	0.79462265366288	0.88212495069975	0.846926284644924	0.869608584420454	0.822524350883107	0.837151416861833	0.776021481431723	0.780752747899868	0.876567225279265	0.77767290163148	0.865906604539878	0.92149427118388	0.83156608646205	0.806396276989528	0.849922687802138	0.860300717925548	0.828338730909442	0.890729481390168	0.746561420750266	0.809402932061525	0.821283739851934	0.89641270484804	0.834424830415181	0.912910457281016	0.870833873027785	0.867930273632579	0.74784258956323	0.74956399356996	0.82896673482401	0.797146755233441	0.869252295220898	0.750344741360099	0.839764962853904	0.789764529431393	0.762931627220933	0.774601114391286	0.831490120188429	0.921174515587239	0.775586169027931	0.923966566102471	0.918735184982871	0.926093563833244	0.921984904581131	0.846310323241223	0.845661772955014	0.871984360135988	0.838208812813468	0.814149340587959	0.883851250437834	0.829185084594717	0.838353368257957	0.833048343280062	0.814547513065301	0.787718749265905	0.754757125766837	0.81598108422598	0.750576612979496	0.868517277618096	0.840872265210075	0.786023782730642	0.860107338863468	0.820453351550232	0.892916149808612	0.848100322874379	0.856926384165938	0.804847053367518	0.920228213696579	0.732141269120167	0.902397074227971	0.820565434097378	0.752511306653024	0.79023296874284	0.736836474744517	0.861127271239738	0.786390986256236	0.838809866480801	0.911588813945518
"SRR13358016"	0.802784859847973	0.820113505310928	0.924176732754919	0.79462265366288	0.907076790880501	0.85506813854208	0.939891711015899	0.94524128887612	0.846080644827498	0.775103658332474	0.782690374052378	0.89210064750536	0.853782830241887	0.926415128583465	0.922980202853205	0.826715801724741	0.806396276989528	0.821137233172975	0.93211318364701	0.840903798663251	0.899895403737327	0.844621776167288	0.865358645372322	0.896026792358751	0.905814234439214	0.88316422138166	0.95080255052269	0.871342540637533	0.884680557867523	0.741143554015931	0.833056386897186	0.900275138321875	0.834310183396	0.817811942234617	0.876382345824375	0.910850238175679	0.785353458987422	0.75827558339762	0.896679828559095	0.801212570186889	0.922675555034203	0.776741289465599	0.940694096948947	0.967337525119743	0.967966344954033	0.95031795553223	0.854319074254406	0.938536335482316	0.941745919144841	0.912009825410071	0.814149340587959	0.934962961146692	0.852085356899664	0.829899633791756	0.872611444057899	0.829823953790132	0.937360196278182	0.84566798403474	0.783589700240128	0.882777000472574	0.909482209511107	0.841917368354611	0.787540321834677	0.867542731566519	0.858289999718525	0.917308620560677	0.873186458024016	0.869934731664463	0.808961351584938	0.92024851208013	0.910551489441073	0.950383955753609	0.896261066351415	0.84466159389752	0.791070844713425	0.893098988947375	0.88279525130311	0.780059704878786	0.868512621698189	0.940906264440945
"SRR13358015"	0.863955829519208	0.866386782057905	0.950888118952806	0.79462265366288	0.891139712741627	0.681240347831641	0.934442391634485	0.907150936801692	0.88413526946672	0.777329377209212	0.749914161322248	0.95039759983161	0.825915609496784	0.919776301641538	0.96658481664899	0.835963655316063	0.693023075170815	0.888195059566854	0.909597539605918	0.891983748156746	0.944327121158809	0.817846162432806	0.848401745226937	0.787642808615084	0.945867713579712	0.825393707739792	0.962566791339727	0.769430650221713	0.922678098903406	0.762851454434546	0.773649335351465	0.908466166323638	0.832199804710807	0.901140564891265	0.806857114966041	0.92638961029566	0.781853861699791	0.769481880239528	0.846169538946545	0.694272608529343	0.957346469938418	0.757583365264031	0.942004661246997	0.971983732881556	0.977333412263363	0.965578786939377	0.896322645991712	0.901523357513352	0.881711903883813	0.895418786388891	0.702400856780734	0.953625998820563	0.879311739207694	0.881576284533476	0.90311635999944	0.856428511549535	0.664280354871132	0.807821810322639	0.823125455759134	0.813385404611327	0.878981380192096	0.828442179778762	0.762107642962363	0.894613443664274	0.797075765535727	0.946151091273222	0.902368441131354	0.914165190646443	0.734410560998481	0.955619773697898	0.8426219910197	0.921657343897769	0.883747965380184	0.80023907688671	0.777247866562558	0.802618666480157	0.918685723126262	0.793007758695682	0.908010337794925	0.955838725860573
"SRR13358014"	0.809264775383281	0.825550268100501	0.908724519904993	0.79462265366288	0.903801773617433	0.681240347831641	0.94347656432784	0.948650073564679	0.85193020266961	0.775290908865903	0.749914161322248	0.919969950861006	0.856374388649373	0.918043268872503	0.931556572391167	0.82907713656457	0.589641567907099	0.83350803360502	0.903502073738629	0.848953846687617	0.907336663828771	0.848761785231055	0.849100659583896	0.823607908160852	0.922990380790916	0.844031820394776	0.937076965063412	0.578581119182546	0.89915405252205	0.743230396904379	0.833080060514727	0.897130308613375	0.837113629294666	0.847954290615452	0.853770566128772	0.917523238846206	0.769244334221626	0.759229425022062	0.899251470792655	0.732523984020449	0.916097523479729	0.757583365264031	0.912399888905616	0.971103699024056	0.97307513403862	0.936697922857457	0.860736349318463	0.919751863195128	0.896752714493661	0.902315512736327	0.59929879478765	0.935786987238182	0.857513423878154	0.836234032873763	0.879733143762447	0.834534480731575	0.764987478793147	0.819412984519713	0.811907369613679	0.884451283195921	0.840709969027551	0.826323320274477	0.762107642962363	0.85297654147509	0.758743679362681	0.923261059765778	0.879086769966772	0.877233039026614	0.734410560998481	0.925608515468865	0.92463642590815	0.926532162827698	0.900069862465228	0.81429147038807	0.777247866562558	0.894158413553289	0.889496107065344	0.778671051001136	0.876294731592088	0.936461041916727
"SRR13358013"	0.78860616393928	0.79911746848462	0.914405661801978	0.79462265366288	0.881988230921244	0.876962587616808	0.839613245143858	0.810510108054796	0.804258143098919	0.774979253051627	0.739563631328791	0.912471702735295	0.768427211552106	0.838054645278345	0.926541777482042	0.828008290044304	0.637296948409985	0.815001443725984	0.857770048733317	0.78219073093722	0.842329368127037	0.727595896491418	0.790216420875166	0.758881699269694	0.85731144329711	0.839276423326665	0.918909961406708	0.639736694934066	0.847323472061386	0.736581528511605	0.759229359458778	0.812065123413862	0.784301775175073	0.838052580104993	0.679270098878671	0.759466695749872	0.787731315055829	0.75764076231316	0.766472702284613	0.562612915932176	0.905701897222429	0.780186527113218	0.928171722501514	0.883667284200494	0.892346203272507	0.918084688262974	0.809466463842053	0.879950447312968	0.723888263958532	0.864125221195759	0.646953198371199	0.889650465244181	0.798382554152188	0.803621495556379	0.787160585850035	0.789169718043876	0.791917112416351	0.805157261778748	0.810151504401488	0.752956832649328	0.888834217799013	0.532847165261213	0.792049732747899	0.82839800974017	0.728020565430187	0.850633487622748	0.812487272533056	0.812573722575613	0.820923855374496	0.887343233320295	0.775987845839269	0.893088771563477	0.798245169155275	0.806519666677592	0.793573565936011	0.747739245948252	0.818848395008129	0.779677942173806	0.789206065275289	0.87367875551002
"SRR13358007"	0.838569086993716	0.850244818986324	0.88569377879774	0.79462265366288	0.913344936712773	0.889464790352377	0.635162635303781	0.512319906511205	0.877894633061896	0.776203604823896	0.802383135066079	0.940270358241445	0.868483145983634	0.93579668686496	0.951941392510648	0.83218292535515	0.806396276989528	0.862473574874365	0.911521024212029	0.883130256702066	0.936961831695163	0.867686867030873	0.9013181899997	0.944405826685178	0.945857538256956	0.894521757249549	0.958603967819162	0.881808997066052	0.921252563779675	0.75326059338844	0.833195612939006	0.922266103731428	0.85025564870645	0.874157768597213	0.890854094233134	0.943995054954737	0.802401095832665	0.763849735768139	0.911006508845577	0.778562483751556	0.942256080546274	0.788672973963401	0.931985305062274	0.600322087734239	0.59277190546057	0.959856074245844	0.888738884834115	0.945250641836231	0.972427164022828	0.919010996025524	0.814149340587959	0.951249323977019	0.88167065449117	0.864466812339488	0.909741999422875	0.856043486076755	0.953563488029933	0.852791058916884	0.816987363123814	0.892330357523406	0.948616806633822	0.745563546348816	0.803066057878248	0.911760551703237	0.883143391575546	0.947042340458886	0.904592469626062	0.907982394652192	0.848381244684696	0.900101912930577	0.72872353222913	0.962061391182157	0.916930162750462	0.85198202291824	0.799763199053281	0.872437075213927	0.917585061847984	0.789560913108736	0.908814419671954	0.969116738453141
"SRR13358006"	0.793287003629035	0.805792106906875	0.87978397405669	0.79462265366288	0.891089296218233	0.899907700916422	0.878171366095335	0.862376584469728	0.81763330947624	0.775029552974191	0.760506292386456	0.89417922911273	0.796353629479873	0.889527370653641	0.907623548071641	0.82818108373511	0.806396276989528	0.819049740306752	0.91514229688206	0.800428757524585	0.861999611553733	0.766626141448145	0.8223287472727	0.841568465461934	0.878209244797164	0.875089623353791	0.932559459596058	0.865458484866253	0.85111149211203	0.738062549120852	0.782538608817594	0.837856391750875	0.799978740073449	0.839684493058832	0.77550312446514	0.816022257285503	0.791829961085252	0.75789754157366	0.813121416503712	0.737144621848624	0.90965879329912	0.784384197408152	0.935108309930895	0.91690980554081	0.919561786431537	0.929986231446186	0.823951235152005	0.892506708367448	0.836423425941718	0.879790222643486	0.814149340587959	0.877653028106312	0.815693917999433	0.812021228658153	0.816123482314854	0.801965079398132	0.842233641358284	0.789749191815659	0.810435623412082	0.79833860213117	0.893416373346021	0.67469880756583	0.797515369256233	0.847770528085721	0.82951269054733	0.874097630751226	0.832537491559393	0.831552891703668	0.83486529104719	0.8984004793352	0.804807422275655	0.933664320613028	0.832475853991805	0.790955006479894	0.796630610680681	0.799883747059392	0.840319627014982	0.780662486650293	0.815912132812601	0.902938662876355
"SRR13358005"	0.878687380542113	0.884490946371263	0.9487032260052	0.79462265366288	0.914971663656865	0.817297493586826	0.974851524030093	0.971628630233576	0.912028576741393	0.77769710924205	0.755857427396812	0.946895345778135	0.886487390101766	0.957378364082176	0.965838312888949	0.837186610239077	0.806396276989528	0.900792743343619	0.92878756848588	0.925030096212951	0.967215960137951	0.894398690334602	0.914979152099868	0.912769469108788	0.970095854274881	0.880863932019952	0.960946368412937	0.891134633925369	0.948126404606084	0.769156082964393	0.833385285977742	0.941700229997205	0.869934581256118	0.908788786915033	0.892638789078679	0.969319695630711	0.79613126822157	0.771305435087651	0.92764834829372	0.714991110750647	0.956444810019956	0.771651638667227	0.945730810100577	0.992277528134341	0.993730690082606	0.964391534995041	0.924090617011747	0.939500223547148	0.954920384200719	0.901108993985772	0.814149340587959	0.967166404399327	0.913658530060419	0.901877703984923	0.944647714986956	0.886285861622119	0.807578261239824	0.830462401507518	0.825099804141831	0.904248561480506	0.930751119332771	0.739701104159129	0.780841211507428	0.932887921707645	0.893177951793292	0.971664956344478	0.936164229895101	0.943716614486803	0.790449991923917	0.970510143736771	0.939042329181156	0.96538642039108	0.939082320017488	0.823701340223443	0.787383531631751	0.907017448932333	0.949922618129723	0.797404520079451	0.945839218161584	0.982981115187083
"SRR13358004"	0.816665197667824	0.825807575807143	0.822394942226921	0.79462265366288	0.890244559676833	0.768264663270074	0.568766766298621	0.424217050493461	0.840469381782334	0.775706455956001	0.743708663257309	0.87400818121224	0.807122743334131	0.884926498563592	0.917900153528889	0.83049569849555	0.806396276989528	0.842384810746039	0.874917464688724	0.832974844964869	0.894214877889252	0.784969862390061	0.824231265769078	0.788648246612234	0.904361400980405	0.839997322257555	0.919827775587082	0.869651412142085	0.87339009467701	0.745572248119001	0.781525455283574	0.854481912122499	0.810851992996991	0.860391280351825	0.760006107312195	0.858908060845753	0.783771863769988	0.761339001488835	0.826110824990212	0.533923903019359	0.918774250732972	0.770956694655767	0.921852789495309	0.520711999978915	0.517561161514564	0.927479844770567	0.849316444027077	0.875102714462376	0.816048214700716	0.865293936047107	0.814149340587959	0.901128292796556	0.837629316082217	0.835604633470136	0.848075985077223	0.820120501789259	0.622420583583838	0.778056738938305	0.814231766436885	0.805660037728167	0.862173722770665	0.673808975218901	0.779923146955513	0.857150731499529	0.830441519827101	0.902254069608024	0.857453481309989	0.861784538144612	0.787846430909733	0.873621727693628	0.595281395750381	0.912236237604899	0.851085577443508	0.77503591888946	0.786880951610939	0.770909242718973	0.869236383807264	0.783511744407668	0.849970560215724	0.919887031992351
"SRR13358000"	0.815868848115422	0.831098882937251	0.937401745241668	0.79462265366288	0.909026797955431	0.873537758330195	0.947011460434398	0.950231994428275	0.857852436837086	0.775486701185938	0.767699679979784	0.922453251303548	0.859044767122443	0.922189204076067	0.929441317083683	0.829746455286639	0.806396276989528	0.840099860549233	0.906691061124861	0.857014630207932	0.914586803698979	0.852995782976585	0.877638346497986	0.902598642026877	0.928536634565491	0.878385756836214	0.939302301002581	0.870288841693054	0.904310487627834	0.745401935573532	0.833104826163016	0.901745829372066	0.840005707543625	0.853921847308137	0.858115891793723	0.919608416021863	0.790211090073704	0.760224627018418	0.901881055519796	0.791297931252016	0.920257205329764	0.779617551326292	0.935080057834186	0.973514397727718	0.975094979509234	0.93941000462281	0.867195047294366	0.937264708333307	0.932024510622563	0.902045135098295	0.814149340587959	0.944747477507114	0.86301369653097	0.842656890278182	0.886813645956596	0.839350366939874	0.926737600131419	0.854034900180303	0.813004942207399	0.886180708771409	0.92591412179051	0.735366116246555	0.791306450510107	0.883405393574198	0.866480236570313	0.929066085196769	0.885004995827493	0.884489065720562	0.818980370758908	0.930860152792463	0.919812791759728	0.948614927971889	0.90392124784919	0.853020113877472	0.793159858155648	0.895256917304952	0.896145360314155	0.783204667125551	0.884009981348243	0.952175106483286
"SRR13357999"	0.812090915070774	0.827923730222413	0.938480035714694	0.79462265366288	0.909442995126372	0.895508027750316	0.945003880384278	0.948810309314072	0.854469469590779	0.775374062315876	0.770043741884998	0.9074671265649	0.857513410193213	0.919827774205177	0.913206603192081	0.829361601975871	0.806396276989528	0.836333294005703	0.904867928126601	0.852421392181802	0.91048045950656	0.850571769665545	0.878972032501233	0.909609812711973	0.925392111659025	0.883074355542859	0.91857766910868	0.8635481741161	0.901373095011318	0.744153969074388	0.833090577028396	0.890042251853257	0.838346794283615	0.850512359542935	0.855366576798787	0.914672167237967	0.793046332463714	0.759652358619027	0.900375623339512	0.78894498705584	0.904939047487212	0.783508225650558	0.924036673327923	0.971825781630232	0.973950584491598	0.918387648419536	0.863510470169876	0.935746602683143	0.933300577266813	0.878181199712667	0.814149340587959	0.943253107557612	0.859871150643474	0.83898674606099	0.882785299606632	0.836593429212927	0.940829317537411	0.858179349214296	0.812374031768775	0.885188417237835	0.933477222168229	0.707991905462324	0.796377443427594	0.883745802166299	0.867426947859023	0.925777435100312	0.881631258200491	0.880360877999771	0.832013947514559	0.927881894305678	0.925603244495366	0.950254489904669	0.901721756084254	0.857975468343873	0.795991944922284	0.894626103008644	0.892363955381562	0.782979851454021	0.879623308020942	0.95120900594376
"SRR13357997"	0.796328009843142	0.814702618265852	0.928887374797155	0.79462265366288	0.908255562997204	0.904946467618791	0.936203872737116	0.942708453064509	0.840214515209882	0.774921529617922	0.797020208282639	0.902114604744985	0.851226598576562	0.909678212049172	0.902005277592713	0.827809858801106	0.806396276989528	0.820494678844704	0.897225719868648	0.83274845997121	0.892157580726707	0.840509162830145	0.870222084418605	0.918682220676585	0.911453126428927	0.882993941582392	0.913974202754054	0.859392051320359	0.888761445567191	0.739104425761848	0.833033371664365	0.878803478740396	0.831548072933487	0.836163659857557	0.866992057039945	0.903900595273088	0.792109564277131	0.757345908381076	0.894124488100224	0.828635795598722	0.894832778523034	0.785387066865096	0.923337993664205	0.963935425436484	0.965520555208861	0.912249165866034	0.847847733377816	0.933192186889739	0.954596871616106	0.881467151939459	0.814149340587959	0.932843462056153	0.846646140204426	0.823556863639329	0.865346420202143	0.825143365819935	0.968387994931966	0.855902052424726	0.809825107698474	0.881129337551077	0.929812850685358	0.825938643366393	0.798816402526825	0.870759777344194	0.861593167392303	0.911122700683171	0.867216696543382	0.862489704141505	0.838091978483455	0.914702321322453	0.920204057485658	0.946369694767978	0.8924361353698	0.856622471825003	0.797362272732629	0.892060206533639	0.875946513732646	0.780042395311088	0.860553442228652	0.940252262927813
"SRR13357996"	0.844857355765063	0.851229203396021	0.936622085726038	0.79462265366288	0.894002468812881	0.681240347831641	0.93298809860956	0.916769266864909	0.870738928624871	0.776577466434038	0.749914161322248	0.920600274521819	0.831806911879583	0.915099446286668	0.955121560066858	0.833444627037806	0.806396276989528	0.869641288667736	0.904862939453071	0.87457507336135	0.930330877726999	0.822091840388289	0.843181287536293	0.792031873790406	0.9356885541428	0.829161991896382	0.959555871417382	0.887118338972798	0.904588665193247	0.755485512161104	0.791372743358784	0.906391403847921	0.83063803014375	0.883743049769538	0.816298309682644	0.917674162358049	0.777251850459484	0.765728370686168	0.859301151143419	0.705120385885174	0.950812515716576	0.757583365264031	0.941373731352795	0.968436725243059	0.973879056542822	0.964473345527969	0.881903795540996	0.906690022458807	0.879685021142884	0.911315683951487	0.814149340587959	0.944899827797665	0.868566725240067	0.864919713987815	0.890720161159049	0.84619337360434	0.693105957841267	0.808466430245107	0.819041462507156	0.833505662914816	0.862909579813429	0.827661412038165	0.762107642962363	0.878114590303092	0.84233288930548	0.935746157003792	0.891082251864677	0.899141270881815	0.734410560998481	0.944851774925234	0.880309784804465	0.919668806681967	0.884158545242123	0.801850061346763	0.777247866562558	0.831019067619556	0.905764197180664	0.78779005685928	0.893437358337926	0.946353843474222
"SRR13357991"	0.815545782918419	0.830827254446137	0.912799727875935	0.79462265366288	0.90448352471588	0.681240347831641	0.946841306147933	0.950111031873499	0.857563663336368	0.775477001170676	0.749914161322248	0.944092969806975	0.858913414566925	0.921988346507189	0.950468228722932	0.829713335010284	0.5651922374585	0.839778228112142	0.906535276302133	0.856623749703455	0.914239954253763	0.852788290091105	0.854183717816194	0.836631037991349	0.928270683800498	0.845416900451728	0.965587062333932	0.570549788558824	0.904060600448589	0.74529460602128	0.833103598922205	0.917502871702159	0.839863369346432	0.853630743545502	0.857425120385214	0.923705002062996	0.770412890449338	0.760175374227574	0.901752194585688	0.797418745083842	0.940994326206302	0.757583365264031	0.942287079590041	0.973372917898744	0.97355213164074	0.965612751086868	0.866881039249565	0.927691841756952	0.902135411705124	0.938259581332671	0.574771292631972	0.938950529289136	0.862745379422574	0.842343477508499	0.886471493348363	0.839114399766448	0.765852167283641	0.821825767621693	0.812950666193961	0.886095537655187	0.847733131790327	0.837086097053706	0.762107642962363	0.860017307121264	0.753490434375042	0.928788214571398	0.884717740224763	0.884138436022977	0.734410560998481	0.930608182517888	0.902362660277724	0.929533381455787	0.903733550296083	0.816449672614059	0.777247866562558	0.895202716720362	0.895824346308544	0.780004893629176	0.883637690785115	0.941913452025476
"SRR13357986"	0.735113858938294	0.802974942803826	0.876694037777245	0.79462265366288	0.829901929819251	0.681240347831641	0.927795580965248	0.937048387813224	0.827354833295874	0.774540067278256	0.749914161322248	0.834829530793759	0.845758146176546	0.826570142428656	0.881251471273595	0.826494888978997	0.806396276989528	0.806252848189849	0.869965521157049	0.811303854158	0.874252620074411	0.831618223991707	0.826814983295301	0.797786612180917	0.88770774611731	0.838348937984925	0.874241672770069	0.812610871741975	0.83673805874691	0.734803838973809	0.797145179808716	0.892848385922829	0.811467759011673	0.785937026300391	0.838256127138566	0.878541427681722	0.764494354884127	0.755392613913329	0.8885964312195	0.760899797622666	0.883623475849731	0.757583365264031	0.806170923956267	0.955680391696957	0.952772154774631	0.901233966431311	0.833544186316549	0.871289346092815	0.872342477396546	0.905908279665821	0.795907510116204	0.912348634644044	0.834735033843553	0.809685629693941	0.831061537671862	0.81502159116963	0.740769309435749	0.809434353493525	0.762510174739105	0.877616539653292	0.809742280445876	0.835293848141698	0.762107642962363	0.821612888478168	0.791089601459365	0.895417410988158	0.853953702408621	0.771729008126401	0.726466563271896	0.807841497155599	0.886393364640216	0.854060569652749	0.884029335621222	0.805398166937648	0.777247866562558	0.889857705915123	0.784144514703603	0.773238734389242	0.825308807328805	0.909340040092126
"SRR13357984"	0.829516230804211	0.826180689835584	0.915005257590641	0.79462265366288	0.849911984433239	0.681240347831641	0.74341496565778	0.583794879941342	0.817537938377528	0.776461786761227	0.749914161322248	0.951527514217351	0.68640613256863	0.794287166766664	0.96310926916456	0.833054885921129	0.806396276989528	0.857520456134053	0.842415329390905	0.802324820860021	0.865773184160934	0.624252325294881	0.705082247984086	0.568768799003799	0.859564026464853	0.756240095064461	0.961037394083534	0.889091852518162	0.852226583603193	0.749782413718791	0.660469214271008	0.807026636498975	0.754630009418162	0.880845751370214	0.578117310628045	0.719722138722778	0.776538717853462	0.765147957862702	0.599713166326324	0.688845245466318	0.953826951112342	0.757583365264031	0.92234267556215	0.806386135606642	0.825249170028347	0.963227339634151	0.826310978621152	0.785764519922511	0.630906003036717	0.883286018588319	0.814149340587959	0.874626157339659	0.795439884655758	0.834334552737438	0.772756788417687	0.7911552028805	0.461357009681581	0.727028024624384	0.81840755115359	0.574456417582336	0.791972724123348	0.758837222124628	0.762107642962363	0.817904373008482	0.757536513358724	0.850224314335482	0.809484184408691	0.829160645432045	0.734410560998481	0.909820248809849	0.439531743509634	0.805525055476807	0.713074103611403	0.721905340929183	0.777247866562558	0.522208589636476	0.823893368333892	0.786979978220648	0.789914324854555	0.837959781688604
"SRR13357983"	0.808859692827772	0.835281931915667	0.915492246352884	0.79462265366288	0.867917822032367	0.871858267970071	0.919773912443647	0.905913774741274	0.853493128374466	0.775962151494494	0.787061605527199	0.83819318123035	0.823548902675866	0.872699893317048	0.913640989601041	0.831364827399172	0.806396276989528	0.851533124065601	0.877139333587882	0.849647287241046	0.910457626673655	0.808336129018958	0.852759645858246	0.881827487570403	0.915757055398424	0.879580554491366	0.915536965104116	0.852454456229094	0.871399245552016	0.748843622645948	0.774550449403464	0.878900939096641	0.815467703436139	0.854786061041947	0.823504572823868	0.89183422115706	0.792764056982642	0.762632121218653	0.850186490834179	0.819132414935628	0.917461960607675	0.779358985381695	0.832138750005664	0.9569857162666	0.958760974344428	0.925372321096709	0.863318444635443	0.882748587412056	0.928816692569727	0.867897149111062	0.806070500368979	0.920722820299603	0.852086745068318	0.846769178919852	0.862086144310832	0.831834346876473	0.892271145912918	0.805810440444597	0.796725030579987	0.828482749029319	0.906839045623131	0.715172741570169	0.790968482847211	0.880259369548271	0.831679986036747	0.918066937969495	0.873371420201208	0.853105431201287	0.815365244732819	0.904254976417654	0.819869824931312	0.933369427212334	0.871040970422012	0.80414038176541	0.792971903508943	0.828742282037926	0.859861645758756	0.786516760982835	0.864103876982934	0.940886316158296
"SRR13357979"	0.733779935542355	0.781321534458156	0.839822940881814	0.79462265366288	0.811056404174426	0.913324092685048	0.775348081438139	0.716179271992757	0.77704296379111	0.774589142441869	0.800006737382316	0.771013331208561	0.716288423145239	0.746401390922138	0.851334020136531	0.826664414944003	0.659582781993459	0.797895922101782	0.867934476296026	0.737710169949166	0.798019423630106	0.675230533935032	0.761900849206714	0.813653170662849	0.802092619472467	0.837894164964894	0.750619259571309	0.57434613944652	0.761920844963787	0.731294928116569	0.6985980567768	0.744513429834333	0.748567772006265	0.796691861854526	0.72497081150768	0.68753641005346	0.791836953853559	0.755644368601328	0.705853237261733	0.828481157717217	0.841554184097072	0.787213358787583	0.816782465781149	0.812782543539357	0.813640231613763	0.799869594716696	0.779104541127904	0.78360275459883	0.851154545520405	0.774490485935053	0.648901746210738	0.808026112266142	0.76724884856071	0.78166798306053	0.713938144342953	0.765860945721677	0.877331326297863	0.743455775369728	0.773558368911921	0.698849462816328	0.8646524573288	0.85644825807283	0.801180855017567	0.808976348378235	0.670816635276114	0.80144505229102	0.775394546400237	0.70059659734706	0.839696560511641	0.770486698207501	0.649025355892133	0.818127502352445	0.747905123314991	0.74736034004612	0.798696001953012	0.687525609131191	0.697424750718482	0.777938865401181	0.718799909989721	0.830144830225534
"SRR13357978"	0.740204096902866	0.785882272524714	0.820995017645848	0.79462265366288	0.835068868593261	0.920660099318845	0.831907090322701	0.808121538453987	0.790333113368338	0.774518900524325	0.748503165207554	0.772019193442933	0.769012774901522	0.759516386090871	0.828942916923127	0.826421737890329	0.806396276989528	0.798126749458067	0.809538006005095	0.757385447436252	0.819323064353575	0.725614327959142	0.796150471681547	0.792629806001734	0.830265212542203	0.875349176104092	0.825674544623919	0.815567462135068	0.7844903855813	0.731672919800461	0.737561831492603	0.785855360866762	0.769859667555754	0.797955010412341	0.682476989999894	0.722120055803176	0.792991136703047	0.755283986731393	0.771027170827029	0.49721764574197	0.852941443311268	0.788920445274134	0.733969865015112	0.865680035251929	0.865888962446164	0.843945500306249	0.793486099908755	0.802172320133161	0.742914791801206	0.815948949910986	0.802034177188333	0.81620270555562	0.786358371459482	0.787793843861403	0.752806099223726	0.779216945770891	0.760688166845114	0.754622759717282	0.777948524398933	0.761888167550113	0.876120795883114	0.283176349046114	0.80338528348564	0.824735356683836	0.78301940324229	0.830752282602333	0.798199864312019	0.734626425271793	0.84563241492832	0.799875033731126	0.748821798124645	0.892661310716381	0.793767551102499	0.758096795978562	0.799944249178987	0.761550681999486	0.738061913493626	0.777695581702252	0.753283774409517	0.865418996436491
"SRR13357977"	0.670758453110218	0.763703891621923	0.661096227377085	0.79462265366288	0.739834992775058	0.680858677360899	0.796820900634677	0.768653952049336	0.763120440844768	0.773884907103436	0.749914161322248	0.70783826477602	0.742151307103705	0.617459525278708	0.787696064062837	0.824221663387757	0.674823627591412	0.771763504302028	0.762729755040057	0.713023344723353	0.771685349471839	0.701988421759034	0.716793799471697	0.616699731507229	0.775536372208801	0.666856974536059	0.704291867810926	0.513728835025261	0.721337455767061	0.724346406180535	0.700088300938242	0.77651739487322	0.740099514571987	0.739327262368138	0.693252325821564	0.680525885139425	0.760304073088603	0.752018629497672	0.751803245519646	0.583116116779013	0.771679695296911	0.757583365264031	0.467594634277977	0.816308270922484	0.808240685029469	0.773745543911968	0.762313021806921	0.648558621068135	0.641500158568218	0.794436372313692	0.647468406515967	0.740615364652915	0.759776316628156	0.760646082962336	0.686664053417442	0.758492926883535	0.388480094077072	0.668618391548217	0.736570735638761	0.749825081335799	0.642266131746302	0.663643969778533	0.762107642962363	0.741246811134292	0.604151543384483	0.785589484819168	0.766124655884084	0.604936561382097	0.723039971030461	0.61034137215568	0.71960692182406	0.588479064683289	0.768245235182769	0.665247651020362	0.777247866562558	0.752423028605244	0.600405521961276	0.768432942015062	0.685667948493262	0.775282236238587
"SRR13357975"	0.766691154806666	0.817989003862988	0.806728411168722	0.79462265366288	0.852104981652853	0.680895904873467	0.938458067196657	0.944252703132353	0.843782601962285	0.775031659861957	0.749914161322248	0.84484885475204	0.852776512546711	0.864351611668098	0.885249690868129	0.828188319053223	0.806396276989528	0.824454140986963	0.867303995909854	0.834278713637179	0.896896755845345	0.843006149239787	0.841553093676503	0.807361074087292	0.908448460337971	0.842086768920003	0.86833393720753	0.824078380252227	0.864973356761049	0.740338554220875	0.806063063753649	0.88900257683959	0.822796142655882	0.813669977281554	0.848554040154835	0.902270673870578	0.767610618170963	0.757908294006047	0.895676072031052	0.704252684917786	0.885087101976273	0.757583365264031	0.813184212026877	0.966031118399781	0.967786103695357	0.891588701971927	0.851788122323471	0.851090098740505	0.885168394957247	0.881299513751447	0.800280814541739	0.891621150501396	0.849954076673801	0.827413728237971	0.857724751513184	0.827985331248473	0.593753045236722	0.754816007072153	0.776811051898764	0.882127919447673	0.777033266490299	0.826053357978546	0.762107642962363	0.842689740642439	0.812144960942072	0.914012475955749	0.870854008811988	0.818210840830441	0.728333781567022	0.860139186215528	0.921549361057226	0.883112769850998	0.894763332226613	0.747947617200701	0.777247866562558	0.892689325857284	0.830297674648836	0.776804533281134	0.853864527984566	0.928073823456295
"SRR13357972"	0.8217958258424	0.843888888777635	0.902065934728376	0.79462265366288	0.820063384358515	0.8456107517226	0.843890493981682	0.748276790236006	0.847488276377055	0.776845107716561	0.780445643506704	0.839431248177338	0.747076734712736	0.819225755363478	0.900957601828365	0.834344105466102	0.561671031941696	0.871414424108468	0.880986678176013	0.841091108478093	0.905148667758858	0.709769036166559	0.796683568556849	0.782144940810022	0.896890401081271	0.820266481421397	0.79359556361154	0.471011485301239	0.861866310824116	0.75538090804387	0.673855148258749	0.794281730706281	0.777151196432509	0.874301670031733	0.720077668055119	0.819545112566149	0.79442643147908	0.767068235006631	0.71220589061383	0.793828816377397	0.896967315494309	0.775403375852539	0.785365002860767	0.90567173961445	0.917397290666486	0.834958387795869	0.85834406058654	0.757002944406353	0.846925628848692	0.698565559814319	0.552774860201251	0.88565815853997	0.833273850000014	0.855467447825663	0.823386507275563	0.819651981708593	0.701079659960945	0.732562675362976	0.793583830863292	0.679119861522073	0.872966052938109	0.821191131576436	0.785783586716842	0.872863438727529	0.656220367083832	0.898350077147298	0.852880134210939	0.829942885698048	0.800061118917693	0.892442504734981	0.604002799592211	0.84816558277531	0.793609318048236	0.729200558699042	0.79010043409587	0.643571659584461	0.825682065865192	0.792094069116731	0.836226628735902	0.914915989696622
"SRR13357971"	0.809326515982573	0.836134059081949	0.905003619440517	0.79462265366288	0.83370047520133	0.889825101270418	0.866963584471598	0.807395046832162	0.843729033487402	0.77636898723546	0.746056648020476	0.8243893938747	0.771216298661196	0.836410064552545	0.882466526418683	0.832741808433481	0.503026992039081	0.859707636250352	0.891477674765918	0.835702436027219	0.899665331675476	0.739778313706834	0.819111049127618	0.791802932660399	0.896266939376213	0.84355017191441	0.777777836079162	0.375037093279959	0.860666140966337	0.751230313089766	0.70729783473994	0.803614560631823	0.786347831685805	0.861438715021145	0.711372132289709	0.815329518549255	0.797865704714289	0.76468177925081	0.760498739731344	0.615949883957054	0.880910806440596	0.782467573985641	0.754271358351403	0.91975587014996	0.929247548204139	0.817684723800187	0.853731609153384	0.802249932303499	0.777963160872066	0.712810386637781	0.493757452601857	0.891806800943975	0.833921459138854	0.846938807471846	0.827212954124568	0.818958015292319	0.680051660908207	0.763850894954847	0.791176189472147	0.732813166959511	0.899311715502657	0.481329440501018	0.795023766014533	0.875312302966926	0.650489735753872	0.898267569626486	0.853486837879356	0.825324816148958	0.824923146898494	0.885307076375684	0.711659451069907	0.875492630535982	0.816676686350025	0.762839465854613	0.795233710146491	0.712731162878032	0.824692943619974	0.789803747381522	0.835981392838481	0.921733665302855
"SRR13357970"	0.804426027425946	0.812683925414516	0.882301519060342	0.79462265366288	0.88310962978257	0.869918589124181	0.857030732819206	0.81222303998114	0.820080647511134	0.775425552833594	0.786543281694723	0.906982014103435	0.764950846915308	0.853117432964005	0.913316562631353	0.82953759831896	0.806396276989528	0.830874616599248	0.854595710845384	0.804229294746573	0.866517034468939	0.739864554049736	0.802438727792366	0.830312220455814	0.877211631258664	0.839903936859283	0.906094238320463	0.863591514584635	0.862835244905638	0.741533873841788	0.757691968682321	0.812191386977655	0.791435505613554	0.852078854283773	0.750984017992332	0.814442079595073	0.789339925086601	0.759914049715993	0.775061666423292	0.83031769449128	0.905015305861713	0.779047719478185	0.918646490963027	0.901766011732366	0.908004930259349	0.906801453360454	0.827248067191118	0.852506285938195	0.876037980950266	0.836300635346403	0.814149340587959	0.873713953512962	0.813639419144301	0.819781846750848	0.81052195165265	0.801498191581067	0.84996857234303	0.769719922359697	0.812662614371811	0.756965495661622	0.874394796366014	0.837414996628725	0.790561475110715	0.844859498190902	0.816643404625988	0.872283895683661	0.830289017001745	0.834367848759994	0.817021183713631	0.903540269913854	0.748965623362904	0.90020801063885	0.811560723260357	0.769548302679416	0.792745682843285	0.749027231423559	0.839964434949533	0.782688135744446	0.814092835493169	0.894424863863774
"SRR13357969"	0.851277261949763	0.861025989222315	0.954722577703806	0.79462265366288	0.911351361041059	0.81506329850344	0.963967067393893	0.962807094772282	0.888892466386738	0.776640275695547	0.746043249566577	0.901201432858418	0.873975299551995	0.942976745377775	0.938707500567005	0.833655995243674	0.613707232087661	0.874791868476667	0.923657538814184	0.897553245705923	0.947797635816928	0.876026706220423	0.895055634540179	0.893784209300822	0.954397994522667	0.873967973215677	0.936060144246751	0.633464868211933	0.92542822697513	0.757975276780262	0.833250993822483	0.920595166214408	0.856240643201832	0.885290835454437	0.868939417253097	0.949939849470026	0.789686609039208	0.766043182953457	0.916192084162558	0.725382196895456	0.934201831937801	0.771351123834974	0.880212974558712	0.986024522961614	0.987405814030513	0.942561355989874	0.900331110465255	0.939438357097763	0.928296295227177	0.882662837125466	0.623390029523698	0.963816126205552	0.89194274088357	0.876483424118158	0.921593536301991	0.865503995304816	0.85287443054077	0.855407276223477	0.819385024936816	0.895937901414214	0.927485729425772	0.550294019629921	0.780444310191675	0.909030090476379	0.811760886496396	0.955802667671668	0.91502804696899	0.920121427071358	0.789326341704128	0.95545337875247	0.921394235382964	0.955511077279461	0.924061062056493	0.851440383957655	0.787166175199403	0.901539698978492	0.928608294477001	0.790111772680153	0.921503682220155	0.97091257759616
"SRR13357967"	0.804730917192339	0.854179413899779	0.923185505465891	0.79462265366288	0.801626816663336	0.881808025244916	0.927030768511374	0.903499902446181	0.871800976898056	0.776781307194778	0.789851189257214	0.87621629886566	0.822862751283654	0.825357145241911	0.942934904117823	0.834129971510139	0.806396276989528	0.874388977432071	0.864747018278343	0.872341727712076	0.931716681031262	0.81131037229843	0.86455504786034	0.877331444544942	0.927199942973005	0.863003049949853	0.908996259211624	0.833818273523976	0.874421593637449	0.757214921082068	0.725501811376452	0.910056842795497	0.809653454234553	0.856665574685692	0.823754136245727	0.904161609670261	0.798973299648608	0.7667492184249	0.844523227649149	0.748552211392527	0.938022082981345	0.781038313811113	0.876999352670571	0.965552544339612	0.969649191251137	0.939481030611598	0.883238017054721	0.85081512441131	0.937715443398546	0.894011010024721	0.791761696984614	0.928388188440829	0.867903834062463	0.868071254327987	0.871946009803542	0.846108858861614	0.864204975493588	0.793313715100027	0.766840563618055	0.81605852067991	0.917692995012297	0.827873167960257	0.793161387248375	0.901289952274775	0.808378052123663	0.934256164615693	0.89042430530978	0.833506603929557	0.816563475857045	0.871953710332419	0.819251362068607	0.883238629529641	0.876654446101786	0.790455936630797	0.794193199437261	0.809303551225054	0.834585258754106	0.792449466287478	0.877596014373656	0.955403007657009
"SRR13357966"	0.80016485153511	0.817917183262363	0.932020653360718	0.79462265366288	0.908683325041264	0.906070653312347	0.9384092783658	0.94421915010549	0.843704796339965	0.775029237064597	0.750142277255326	0.87622044490122	0.852742553813894	0.912192761288674	0.913622918255769	0.828179998845081	0.806396276989528	0.824367764961756	0.89909150857125	0.837610442175011	0.896794491634279	0.842951551694837	0.873074945663892	0.891275533993337	0.91496820924892	0.883942425293931	0.93622812515419	0.86824717236692	0.880914147135271	0.7403114403664	0.833046981142765	0.894689118963097	0.833185751031921	0.83967428464055	0.830546040899176	0.895259446960074	0.792948537063479	0.757895929317587	0.895642149544917	0.644896983251703	0.916013018789102	0.785620989572316	0.942136151812458	0.965986296488915	0.966088079663256	0.94077077911799	0.851702335806727	0.938980020186599	0.896566997987874	0.912023959222209	0.814149340587959	0.935669557868273	0.849881928236815	0.827329587804839	0.869683624873067	0.827923194808752	0.92142799780278	0.857391498371312	0.810433839873718	0.882106025941741	0.932372458684958	0.534319349979863	0.799119604494738	0.874695153286981	0.86349024711136	0.914829291547379	0.870774897750815	0.866934339511949	0.838838814235001	0.918022789196567	0.905839963450701	0.947858086594343	0.894712608082176	0.857999628741846	0.79753300907087	0.892675518046038	0.880036762035899	0.780845831349013	0.865307420527645	0.943399738629602
"SRR13357962"	0.736474713650113	0.7950609530343	0.782153117489837	0.79462265366288	0.84858099693347	0.680968238159302	0.921797184666425	0.933096211290192	0.818570192464077	0.774292012839606	0.749914161322248	0.686013196935684	0.842118341798151	0.859863461824296	0.781299234799236	0.825636403089403	0.806396276989528	0.796550030839153	0.899536672474822	0.798320075546472	0.861301090128885	0.825633347374599	0.819104277619872	0.795922142485339	0.87986331654888	0.856763020128224	0.771444706762344	0.798494427395531	0.825271469466692	0.731985898186315	0.806167370988248	0.843729041558927	0.810831712848037	0.785502902850758	0.847546395536121	0.868485296168506	0.762912818143813	0.754118013721284	0.884871323468446	0.788668049958497	0.815671815258856	0.757583365264031	0.717045253838653	0.949382289089293	0.944581866415703	0.79626245710546	0.823687884987338	0.836625060054502	0.859833861721334	0.815180251874336	0.800385169819997	0.868972112254494	0.826606691337618	0.800236125076491	0.823226144309946	0.808206921929702	0.624781093889847	0.756966046996631	0.77233371642399	0.875286941126485	0.75179082640438	0.853262364731101	0.762107642962363	0.81017925828385	0.796673766611198	0.88530194042234	0.844761703069029	0.776661997177624	0.728378610455111	0.821065898246877	0.87787208183425	0.891723147376138	0.878266754298139	0.751873321488632	0.777247866562558	0.888405880053049	0.790632011318959	0.771426354181459	0.816105564378811	0.898316761832494
"SRR13357961"	0.836154553725792	0.837164888216728	0.866573259605007	0.79462265366288	0.870159253276514	0.680991819409659	0.849107019875883	0.747559394723254	0.841873856898652	0.776511015395342	0.749914161322248	0.921530863736329	0.725505752086918	0.856327335825283	0.935992578599833	0.833220815624043	0.706678710378228	0.862765354332553	0.858555783823049	0.835306153698513	0.897699111967435	0.719142482033499	0.771071135304425	0.675490847152941	0.898248175957999	0.398146019028138	0.917942545423023	0.710978290208248	0.880964707130593	0.752207961920381	0.720664297502828	0.816769086355215	0.781781163462812	0.882086151718049	0.692644299622099	0.82692022422349	0.776842364984517	0.765395053900619	0.73075845620326	0.720309576074041	0.865211853142608	0.757583365264031	0.905959531864113	0.906466952440008	0.918182829415419	0.917593891964008	0.852007367497428	0.794937460998114	0.639665625295244	0.727506738761934	0.715939349404771	0.881368811267919	0.829534594884609	0.847904644895056	0.83113197790609	0.816038299414736	0.409645609865268	0.713179163673565	0.818677500823587	0.701455867312726	0.784701918408204	0.835295842754412	0.762107642962363	0.845806766214818	0.745125262072813	0.89424479407257	0.848614608024062	0.86258013444857	0.734410560998481	0.908526990399003	0.661848511186322	0.692965403199124	0.799769800577678	0.705646491805747	0.777247866562558	0.673667614720243	0.863833760713803	0.787324954111666	0.840720544908832	0.896795881930329
"SRR13357960"	0.746701876091635	0.856613458310402	0.896723305545437	0.79462265366288	0.577897968874581	0.680986757964202	0.901808134084123	0.840240195685983	0.86863333079239	0.777113221369771	0.749914161322248	0.521288789847162	0.775963969581847	0.602186857993835	0.821876860289779	0.83524203001861	0.649621936698174	0.880918137999674	0.81645578274158	0.864737674162557	0.928986381059693	0.773151988653882	0.814913473220353	0.700529975646941	0.907817044014317	0.434079884647908	0.465525872911096	0.364061260107439	0.800336375859585	0.759516272417427	0.604841251011129	0.86810456814054	0.76269337439623	0.819765139648953	0.753946103225247	0.864717895162207	0.780536824877737	0.768406246601946	0.792853102191413	0.633342273382471	0.74334251688185	0.757583365264031	0.347544144302759	0.950947608231298	0.958430960915244	0.672958928163165	0.880429708759418	0.600012054256391	0.738003544918734	0.566775506323189	0.585547983766373	0.917322509588043	0.860019055142982	0.870359015961868	0.831524371921045	0.840638042042511	0.390742715117763	0.739019094764363	0.690881795685492	0.758405246865925	0.824579968596786	0.836859425967903	0.762107642962363	0.877390988911691	0.585283294449963	0.925485433820167	0.882139855390257	0.699912715273397	0.712602248490516	0.626082077424836	0.743144921451149	0.395158065632068	0.848041852119259	0.730034790459399	0.777247866562558	0.737645142486777	0.68023453619724	0.791516293157295	0.844265278477312	0.93616462076193
"SRR13357959"	0.732517978479044	0.828484934918354	0.851320645989496	0.79462265366288	0.658044015251446	0.680947866657853	0.861933182297545	0.808160534000557	0.835741097241313	0.776060077536497	0.749914161322248	0.470454051598768	0.771137785311542	0.621917969087762	0.782541303000741	0.831696929678257	0.806396276989528	0.805772732771305	0.800388766413541	0.819807207118843	0.889021060938583	0.737837426745546	0.776656283740513	0.663264887166961	0.870907212917089	0.797572296783454	0.509726074959322	0.732594944031073	0.762738926039552	0.748033428996742	0.637872903873775	0.821603864524824	0.759624438573453	0.803654993864601	0.718843673209496	0.804451769312614	0.774051737535515	0.763126356250449	0.762797111515416	0.653828431343204	0.831623867475712	0.757583365264031	0.455079561687815	0.912664611903202	0.92052786076025	0.693374841941585	0.844886637776034	0.610901539193591	0.771599920174002	0.695425605697594	0.774782037093912	0.870597009921205	0.826743908927748	0.838135550208968	0.785790279000225	0.812826370183376	0.395622137652455	0.711256284856277	0.7176844477813	0.738347003833229	0.770432125560492	0.835210186620234	0.762107642962363	0.837204166759588	0.691226693081472	0.886966050039858	0.845363093209218	0.683341879777914	0.717736448219921	0.691782070254337	0.710463185375557	0.666336023820318	0.813324657724212	0.704048167668455	0.777247866562558	0.721920691437885	0.668785919424352	0.784151745237144	0.796537506305948	0.893758318940006
"SRR13357958"	0.947576867252562	0.941771314152793	0.991858938922493	0.79462265366288	0.898441806203034	0.681240347831641	0.979247401134259	0.947792365537008	0.956560535749423	0.782112035463907	0.749914161322248	0.989927305684463	0.8628544340035	0.971116474307171	0.997037728148209	0.851406259528079	0.806396276989528	0.962461980749259	0.954738409103575	0.971827343041619	0.992058833110743	0.881173103879295	0.925281378954259	0.868832624014186	0.990005090755512	0.607737335325174	0.995795710090687	0.929972569710311	0.976825063266017	0.808963361108958	0.734432253959887	0.976556610651898	0.875584291832312	0.9669283495489	0.861246068948993	0.986341710397034	0.809748115784474	0.792560933037189	0.878990138558165	0.671223723553454	0.991072005855804	0.757583365264031	0.987302448913254	0.996517844779833	0.997995942894764	0.996722576021055	0.967169119487492	0.948495270256735	0.937349283695016	0.936297870105167	0.814149340587959	0.99160186969925	0.950568978940751	0.95768610674797	0.975010797110168	0.927307432603959	0.621272802011145	0.84778028507684	0.847624964836733	0.813506959396497	0.961405017921639	0.833386409626362	0.762107642962363	0.970416234424263	0.898857598718472	0.990816553991102	0.968685495201089	0.980063711199912	0.734410560998481	0.990936021458529	0.850750469350043	0.928911556152976	0.940068303709568	0.834871408150972	0.777247866562558	0.76973507571458	0.980668107162074	0.824232618763629	0.979290034524464	0.994437950949928
"SRR13357957"	0.844584682988942	0.848563763056686	0.856325316475998	0.79462265366288	0.885611909434592	0.586158873618511	0.333787756151267	0.162509700185487	0.863074247275798	0.776656488382728	0.749914161322248	0.957684435718634	0.806275670981839	0.898061043620335	0.969064003488758	0.833710526811373	0.806396276989528	0.869953450241922	0.894939366619358	0.864636874800926	0.922404746089511	0.788730806680232	0.820784452588654	0.751156755656247	0.925897124670486	0.815252224767338	0.972967283497184	0.893680140218663	0.90377749161001	0.75534265465228	0.765364534001177	0.901502313460194	0.817000534237193	0.885687485639464	0.775957609633309	0.893522645839961	0.777738215118585	0.7661244066062	0.818707143414436	0.50653706210706	0.960210629457202	0.757583365264031	0.924499551721023	0.237319595374117	0.239075418550216	0.974467045077136	0.874162903115382	0.894038373157055	0.844831235319705	0.926292752361146	0.814149340587959	0.935992906857572	0.857309143078506	0.861544896618283	0.874078419426842	0.837495965714596	0.541054642376541	0.793353854650006	0.819473635794837	0.789769024135889	0.852744055533591	0.715230515366767	0.762107642962363	0.869933864210779	0.827597647030804	0.924928984604476	0.879148093997344	0.889686088879797	0.734410560998481	0.876376777663438	0.415219070988172	0.903216619143929	0.85841836453834	0.786784556671401	0.777247866562558	0.720999297289321	0.894510184247648	0.788342305694753	0.879157873796487	0.933823464791471
"SRR13357956"	0.768566360052732	0.820989972421624	0.903836325780146	0.79462265366288	0.807162665987847	0.681240347831641	0.893998344715478	0.874433362968264	0.834835862732328	0.775544346338661	0.749914161322248	0.829134063304314	0.803662242094896	0.794554823354791	0.89151702676506	0.829943197467199	0.61355031081824	0.836950961074793	0.859642287677127	0.822645120527222	0.886664432378655	0.77941801912742	0.79964894922307	0.72350541883165	0.887873603329136	0.814659956821051	0.840912459103411	0.518163221481218	0.839415293926536	0.743752195301164	0.737653425995642	0.861210209581179	0.792574390612916	0.823862355626425	0.772217070421098	0.848338071054405	0.770834924621168	0.760517214296536	0.821588316837609	0.628916949887882	0.891736754660312	0.757583365264031	0.694814686442343	0.934800098830457	0.941866036735931	0.879201599795119	0.843122768356374	0.817622759798291	0.821802378130713	0.846181078852619	0.595684617787203	0.911498583848378	0.832060326110602	0.829960481328741	0.821341238023117	0.815505479006424	0.643143524669907	0.78712126883224	0.769338922158362	0.802427649165368	0.817503979297732	0.731256201484522	0.762107642962363	0.834235907767487	0.665812389083283	0.894054800158559	0.851206778611826	0.783921714834677	0.726501919317908	0.832038509554682	0.840243781161702	0.81952926069382	0.845748869120355	0.782161457608086	0.777247866562558	0.801252586560006	0.786869059834938	0.780486367860942	0.824285584490654	0.90307403042872
"SRR13357955"	0.846719038050639	0.857152901104636	0.960355429917299	0.79462265366288	0.913279925143323	0.896861123402576	0.961969885707938	0.961263360195829	0.88496670423061	0.776480330271713	0.743996491411884	0.937063254751847	0.871985880177	0.94043771108171	0.951060692802083	0.833117400988483	0.806396276989528	0.870391543344101	0.921482907450644	0.892603171920737	0.944048035331022	0.873024297688589	0.90245528156752	0.913004119696275	0.951428546729688	0.889750619021942	0.953468448856802	0.881294797971149	0.927034269377545	0.756254749587296	0.833230701474474	0.924663060325	0.854070917534613	0.88131428347247	0.857323279324528	0.942616667060655	0.79964661890192	0.765241050962325	0.914324514221357	0.697535066447755	0.941265636917034	0.783768791532088	0.948494719278244	0.984720171451476	0.987000440408764	0.955381913887908	0.89621339391464	0.949271932888349	0.924659413388754	0.906903067750845	0.814149340587959	0.963537399500017	0.888272821069293	0.872189999701659	0.917425612928572	0.862099728942172	0.908300484190315	0.869981599152131	0.818509267895038	0.894628504547115	0.951173543088948	0.53595582304192	0.796716077231821	0.914677689226045	0.883920510239411	0.952765726838317	0.911329934526267	0.915852918392529	0.832865311568847	0.952618437815071	0.937442194419531	0.961638323887004	0.921515653889726	0.868440199688769	0.796181881694973	0.900687713884861	0.924736482966895	0.790763289981643	0.917053043300548	0.971846256620882
"SRR13357950"	0.822134842309511	0.836371533400273	0.879229422989037	0.79462265366288	0.905213465564823	0.681031451988385	0.950255665530182	0.952555607274291	0.8634340244573	0.775677446409823	0.749914161322248	0.920151528286494	0.861607827427926	0.940124600910072	0.918059917544255	0.83039691256802	0.806396276989528	0.846320727834003	0.940834402818087	0.863923964668849	0.921155465354917	0.857028263191098	0.85950232117943	0.834173989708437	0.933586186581753	0.867250576609541	0.934254664705659	0.866734466569429	0.906562120978354	0.747507118240683	0.833128965339733	0.895641727348513	0.842784808277241	0.859550961926708	0.877673075921712	0.929889427077062	0.771667686636315	0.761192053869154	0.904385370950682	0.732523984020449	0.912272961886065	0.757583365264031	0.898956197427928	0.976153133840197	0.976614495468736	0.9285639065632	0.873245144144607	0.911610120035889	0.90578433233502	0.878068655391681	0.814149340587959	0.92756716368188	0.868202446080348	0.848719336301591	0.893363065595518	0.843935266138239	0.681389699176708	0.790010504521103	0.814070122717025	0.887844826017316	0.827476250203373	0.847333945293946	0.762107642962363	0.867287370694375	0.854257789533672	0.934332056025127	0.890529983834834	0.89120058696782	0.734410560998481	0.935647301815505	0.904620714564294	0.948106517525204	0.907547406178965	0.782996119150663	0.777247866562558	0.896318056342602	0.902284188016582	0.781436018717947	0.891125110937426	0.94729670910159
"SRR13357947"	0.792164743007787	0.820573734015354	0.903405761384515	0.79462265366288	0.764064234452431	0.681240347831641	0.702257208352885	0.521446849035942	0.807291162559846	0.776359085344783	0.749914161322248	0.889038960363371	0.664364041354019	0.66552266940837	0.934641710182637	0.832708380232661	0.524091970861804	0.853358790588199	0.807896614860405	0.784724526579149	0.85095728891807	0.593560953447289	0.681420627563155	0.503917070945936	0.83071874305383	0.497216652598563	0.893735722358551	0.398400208972828	0.800419269371084	0.748155232761532	0.597701031107482	0.778992549172365	0.722217070638755	0.855803179447785	0.542426623423564	0.660554339702938	0.775904451983518	0.76463200741759	0.558417616864251	0.549197139241914	0.895402693179263	0.757583365264031	0.779337614445762	0.760267519838943	0.792773754799925	0.916981150092615	0.815227645071127	0.681851344696165	0.500121011677334	0.776461864895695	0.509662113319488	0.858760588939298	0.782124463276544	0.827507476242721	0.728248227631212	0.781465585330575	0.412012922098952	0.715150854780878	0.782785305519729	0.536612030874283	0.777062068842721	0.709267926584882	0.762107642962363	0.80565248274396	0.53069343393792	0.829259644905841	0.793758190923515	0.747298240252918	0.727914433758636	0.806043189241464	0.447346288882365	0.538708081459113	0.6825966623482	0.710476447196153	0.777247866562558	0.479150800661186	0.730530515042867	0.786259146457478	0.750143920539429	0.811627824734535
"SRR13357946"	0.861901963605379	0.861823059532356	0.947917046695739	0.79462265366288	0.880272156955261	0.681240347831641	0.904222984200156	0.848948679557987	0.87376684927516	0.777359183118875	0.749914161322248	0.960489437778099	0.792279282125224	0.897854413329262	0.974061219893093	0.836063000391835	0.806396276989528	0.886884009806724	0.896723928953731	0.878900608971177	0.934521284289729	0.773787133376799	0.819305993409646	0.733783707514544	0.933830452917766	0.80740314542449	0.973191968984841	0.89808577747856	0.911722952993878	0.761973763147584	0.739737866164815	0.899517387462701	0.814444153205466	0.901780810778688	0.752987008816208	0.896152700413556	0.78203509259001	0.769629983733767	0.790177527198075	0.674665323191812	0.965617605538494	0.757583365264031	0.955770041639252	0.953907158528381	0.963099836923537	0.975472133247526	0.885936276252371	0.883020663405163	0.83577488726861	0.912994109327949	0.814149340587959	0.942727993266042	0.864589035831243	0.876123692569277	0.882117021386256	0.844755416551462	0.602573903262902	0.788212028976711	0.823286045722772	0.753155127736064	0.865499067598574	0.828473110357389	0.762107642962363	0.883638425536699	0.825847074311352	0.932948104585842	0.887041208746673	0.90199111234861	0.734410560998481	0.950182091308353	0.765383379706801	0.900179934701266	0.849702054714024	0.780730619411452	0.777247866562558	0.729281239758702	0.904456572316651	0.793212879105741	0.890049209747382	0.940901280462554
"SRR13357945"	0.858411592400304	0.856990280117875	0.944258171711032	0.79462265366288	0.872945391995845	0.681240347831641	0.877557303774682	0.797990178449482	0.864817372327713	0.77729334721915	0.749914161322248	0.957426718873716	0.768329174364718	0.879804135906926	0.971586039323924	0.835843513049789	0.806396276989528	0.883982776153482	0.886683620314981	0.867297286046992	0.925302914492588	0.741337272494913	0.797005540836669	0.694295677773767	0.923064064045939	0.795218960976122	0.968725986408251	0.895833848059917	0.902341501066121	0.76055607071077	0.717950775465227	0.880211313699344	0.80170297757776	0.900361746704375	0.713598026294636	0.868919009668072	0.781634664233978	0.769302779603815	0.747809425055148	0.662643416828828	0.962855271282906	0.757583365264031	0.951871103085267	0.935456537225756	0.948254572094402	0.971357216714912	0.876775377119932	0.861243201995481	0.797726830025886	0.898575572509799	0.814149340587959	0.932945997104285	0.852631887681821	0.870470813503702	0.864339275741172	0.835340679797689	0.56338963997935	0.774521368714208	0.822931198906474	0.709933516110586	0.853862218736605	0.828404788306674	0.762107642962363	0.873785795269364	0.811768046659615	0.921067139642146	0.874245802454192	0.8911502913249	0.734410560998481	0.944898293537303	0.705315580854292	0.882883811928118	0.822964589884695	0.767279606142724	0.777247866562558	0.676974625246641	0.892081418835403	0.792759630475582	0.874491638891234	0.926959713268506
"SRR13357944"	0.911459346668276	0.905872711168804	0.978423655213267	0.79462265366288	0.882506171277618	0.681240347831641	0.940450342285582	0.874598972491904	0.919073146605346	0.779672422247656	0.749914161322248	0.975516874263455	0.808772939245771	0.934104327371481	0.989047082471691	0.843654432711414	0.806396276989528	0.932186569789519	0.923820354581639	0.934033320039041	0.973216795480198	0.807015438646514	0.865569382041293	0.777074779035881	0.969220552999321	0.814433478368961	0.984565734440524	0.917174821323669	0.948837419416541	0.784993169827606	0.714101947617675	0.936151728411896	0.838185089904088	0.941512275771862	0.778724178733561	0.949756453586223	0.795819636453067	0.780962410545131	0.802733422165548	0.660315741088514	0.983301018818907	0.757583365264031	0.969889672994095	0.981437541840279	0.987202637388387	0.987234544876149	0.932359641107807	0.902182835329135	0.890509516349446	0.912585058239627	0.814149340587959	0.973618814516886	0.90896398760552	0.922963969212073	0.935139266113999	0.885533861097836	0.571150469000053	0.807122259841528	0.835446713816512	0.743257947151321	0.919827324223873	0.830869144496832	0.762107642962363	0.934673931170855	0.854525963380446	0.969850267438591	0.931984375124439	0.949470119891704	0.734410560998481	0.978000403590916	0.74427902396191	0.928843022363836	0.884588728062658	0.796468243890839	0.777247866562558	0.697550959011592	0.949964093653304	0.808731287219984	0.94348834190522	0.976737344289803
"SRR13357941"	0.79172013434666	0.802046938175123	0.880250871762316	0.79462265366288	0.877257485297277	0.681240347831641	0.846697311239617	0.81397631527028	0.80825177497675	0.775057380240526	0.749914161322248	0.881502197466719	0.772413960673813	0.843356914675363	0.917079376746421	0.828276630483887	0.660654790241604	0.818075513721997	0.860714390940856	0.787976323660051	0.84850589048425	0.733615153836605	0.759678719132268	0.681781563000033	0.862878727461505	0.798970708263753	0.931352380816485	0.684463407235943	0.83766986500008	0.737542602920183	0.761338900810107	0.829334847193113	0.787052699537678	0.840581691100913	0.721430715082513	0.794916224870608	0.767773000835529	0.758039536668631	0.772786840372556	0.659345881395661	0.918595891582512	0.757583365264031	0.8802898470723	0.887769571837434	0.896901663869838	0.936596588495835	0.813916136233077	0.850889016518809	0.757341939626256	0.887922370783085	0.670232261111195	0.879523289105195	0.802679041914873	0.807170739946405	0.794069473959117	0.792500137523351	0.628690038748283	0.766768872913824	0.810592685009127	0.758347282180684	0.782787750486572	0.735271807087953	0.762107642962363	0.801179115045924	0.716675804973346	0.856779073891055	0.817520189632533	0.818193321648862	0.734410560998481	0.891256261045348	0.783457602407785	0.860070206849421	0.804020586328099	0.762910442397666	0.777247866562558	0.753437507527676	0.824619214758522	0.776990144341059	0.796145502682212	0.856738292072312
"SRR13357940"	0.944784536876632	0.939751065103079	0.991798103678422	0.79462265366288	0.90275663795785	0.681240347831641	0.981737232793424	0.958261428147468	0.955881928925424	0.781809815254095	0.749914161322248	0.982409873136457	0.873202898278229	0.972902200178636	0.994448112363029	0.850460133873051	0.806396276989528	0.960059074915949	0.955921518894723	0.971188963324693	0.991770317446517	0.891595291892905	0.9290303331497	0.880979919612417	0.990005542066958	0.850290322643964	0.989764417069219	0.929754947823378	0.976703820412523	0.806747421207508	0.754155379088602	0.970700655428524	0.882927833499614	0.964471967145342	0.876194490761356	0.987377847471399	0.808056946427617	0.791144086620834	0.895916333693722	0.682416947277112	0.990542132286661	0.757583365264031	0.975778945983986	0.996930551420317	0.99833283053571	0.992252912098492	0.966478125855092	0.945409527257975	0.961699408040018	0.916195046194893	0.814149340587959	0.991632512320032	0.950858655536081	0.955943902197424	0.975527846786668	0.927252746728965	0.65417413205889	0.853234715940592	0.846152238984057	0.838697394813224	0.961106211317586	0.833075111459722	0.762107642962363	0.969629521416653	0.902370517909776	0.990861236912733	0.968898323134021	0.979653738533451	0.734410560998481	0.991978655582576	0.909772052039811	0.967566003932503	0.945561247005732	0.840840315609999	0.777247866562558	0.805572165825087	0.980593740721197	0.822360716138205	0.979345355343879	0.994565262379742
"SRR13357939"	0.902555540998105	0.905246104920058	0.976532595789264	0.79462265366288	0.915999914242214	0.681240347831641	0.982789420158898	0.978666584211418	0.931463146563695	0.778797196747767	0.749914161322248	0.968636144732906	0.898386343941448	0.9686816466049	0.98366198169414	0.840809765804288	0.806396276989528	0.922712943254979	0.948102422736826	0.947044416275561	0.979995091592278	0.910983248089713	0.92341422779424	0.902058547065232	0.980870097509366	0.868591295270421	0.982416024302271	0.908799109102937	0.96215597292359	0.78044341914506	0.833525467219132	0.964474865939814	0.88303763948055	0.928623190115035	0.910910072895225	0.982226009631671	0.790669706291543	0.776712559890464	0.938059018241845	0.732523984020449	0.976623881962246	0.757583365264031	0.962290719236725	0.995856496546821	0.997045535879736	0.984712500194683	0.943263072282743	0.956192880284865	0.964056089784336	0.936884423272882	0.814149340587959	0.9841095893594	0.932050191480421	0.923332385686828	0.961823084219606	0.904948484187853	0.780989199926921	0.860907716782709	0.830915964928043	0.912290837313669	0.935548341099446	0.829963637842244	0.762107642962363	0.94497562736924	0.899663943408094	0.982302412132693	0.952937695106782	0.961267623877194	0.734410560998481	0.980940954985247	0.956843499554727	0.967260649207053	0.951774771711549	0.851914450823431	0.777247866562558	0.912445622079909	0.965673972782539	0.802953236065865	0.96355993739933	0.989011468043247
"SRR13357938"	0.869526203652463	0.872153420206494	0.966401041312196	0.79462265366288	0.899277264977478	0.850910176155508	0.94555736205345	0.924491360252805	0.891878918989439	0.777511693799307	0.781670778825287	0.953862498941599	0.83855644280291	0.929493595298213	0.969933347071895	0.836570719976418	0.806396276989528	0.893230422347472	0.91621003103131	0.901620514784257	0.951372997568999	0.834894935677396	0.880603570703664	0.887909842248331	0.95292486450218	0.862318292832166	0.966921232998949	0.894415228976838	0.929716795796304	0.765155533745608	0.783728118878924	0.920094776334753	0.840369504846597	0.905000215744797	0.841711617050183	0.939322097906226	0.798906371287907	0.770386975964757	0.864551174037344	0.772536638932873	0.960973610658869	0.776133062901555	0.957498388191608	0.9785169220387	0.982753884728822	0.969788224340138	0.904224108982179	0.928689216043395	0.945320369154822	0.904412609040825	0.814149340587959	0.963021056602473	0.888228107854872	0.888014180655917	0.914473508631446	0.864101236410368	0.904816115586814	0.844203208881979	0.824106198833352	0.832259131972766	0.939983315421734	0.828631352763263	0.786742076873399	0.917317201402751	0.866861671358327	0.953633984097054	0.911446598380777	0.922723067017609	0.806801404140778	0.960290844571144	0.864633290369279	0.946607976126419	0.897062398349761	0.840510882626553	0.790629586442068	0.824108949733719	0.927510247573337	0.796758585984336	0.918669753246714	0.968888791884196
"SRR13357936"	0.69335805854976	0.790667732125726	0.872367463220485	0.79462265366288	0.564502813801059	0.681240347831641	0.562239969164675	0.362409868017161	0.761118426733003	0.775579302728001	0.749914161322248	0.590537410730958	0.60340232215824	0.361181585721572	0.792679970161846	0.830062432583774	0.494313504974859	0.771583007842467	0.714862316395053	0.710717498444845	0.775111983076165	0.506413385252571	0.60261468156004	0.384178679245101	0.721644172520401	0.718369582320179	0.491585061627511	0.239123189726979	0.648506252512905	0.73847103202453	0.486096734526016	0.662328645176515	0.663024415907905	0.784035881120073	0.44821122079771	0.471511393318086	0.771053807365454	0.76069454789693	0.453472088210959	0.513036722748412	0.821501417379544	0.757583365264031	0.458436751209419	0.572021052338804	0.589675877393806	0.655961318997742	0.763749393531216	0.428720536498786	0.446599573081942	0.625604870762681	0.442699883923159	0.784580674661552	0.728139477963433	0.791081728476775	0.588610361538017	0.741964600901409	0.325347130394906	0.67983726217678	0.713100145463104	0.448597821877827	0.716674059764466	0.82662350238871	0.762107642962363	0.747579514196294	0.372323532893211	0.736314392167655	0.727999091030044	0.516609079317308	0.717590113444901	0.538512205614219	0.269868257199117	0.413690406148821	0.586999442067432	0.6774667241891	0.777247866562558	0.387427654073423	0.473775071043681	0.78073602498898	0.618139111511165	0.690761367773826
"SRR13357933"	0.838461755562145	0.850153977667708	0.916252545010197	0.79462265366288	0.911035117880568	0.858966279468106	0.958213752303029	0.958410730866391	0.877801050477674	0.776200035240387	0.783703030575604	0.934014195361332	0.868437456497457	0.935734701838318	0.946394063915213	0.832170849351218	0.806396276989528	0.862368877773591	0.90752104511723	0.882750247459498	0.936865211965184	0.867616822630808	0.891234821073798	0.920900756379866	0.945781914099904	0.879560634324613	0.950847813905722	0.878654780085797	0.921175348653933	0.753221826837708	0.83319516048232	0.917047416532578	0.850205923705538	0.874063127653836	0.883667744673716	0.943908951775427	0.792370462642304	0.763831759538697	0.910962979945791	0.863457581591802	0.936633104370183	0.77734624832295	0.941878205262667	0.982141329644127	0.983865972827632	0.952325582459402	0.888639504692657	0.930091266121064	0.958022815408634	0.907101879993267	0.814149340587959	0.941820934167779	0.881583363273757	0.864364710014198	0.909638845445119	0.855963973696874	0.903157400863622	0.82062721609309	0.816967675755802	0.892300440278287	0.915303462628345	0.839915081730558	0.78833364405723	0.902301617125187	0.875816362512062	0.946964430250945	0.904502679667042	0.907876720145666	0.811095459145739	0.947236699254926	0.924653408374032	0.954899750979446	0.916869477560155	0.817186584138738	0.791509901638328	0.899179897811574	0.917488934551237	0.787892158252442	0.908703533998165	0.965664208625276
"SRR13357931"	0.862680898179526	0.870749013512853	0.952749675619336	0.79462265366288	0.91012056434153	0.681240347831641	0.96872829655585	0.966573109812425	0.898618055822608	0.77705859515007	0.749914161322248	0.954484097515079	0.879058190825721	0.949149733772494	0.968380518676523	0.835059339491754	0.6940903606177	0.885707955169554	0.929090979482606	0.909564914706873	0.956518976885933	0.88359884936635	0.891939612642899	0.875040660093179	0.961373664876272	0.856816711873284	0.971871407029312	0.773347615011223	0.937886115041299	0.762440006463526	0.833304105844876	0.942351644090583	0.861793572999392	0.89515498570992	0.885561085389791	0.96139577874675	0.780203228879571	0.768133979595543	0.920906997741304	0.804828172705706	0.959369448454468	0.757583365264031	0.948827613378845	0.988941407254238	0.990995949582882	0.973675410425568	0.910429183780413	0.941653117484945	0.938688567977123	0.931507237587322	0.703459704555756	0.967540657040588	0.901051706955037	0.887139128447894	0.9316074845265	0.874080495932941	0.773131911317164	0.841371067708018	0.821661976962319	0.899297732161102	0.897720232588988	0.839956181103174	0.762107642962363	0.909186410894303	0.836253423222896	0.96289472642144	0.924054577591522	0.930374064993247	0.734410560998481	0.962128121337854	0.942922086473719	0.950854841742411	0.930369393985864	0.834057859350406	0.777247866562558	0.903739261166556	0.937888458426945	0.791138288064738	0.932137698419506	0.973406174746659
"SRR13357930"	0.820564556344886	0.835049393996111	0.917680480425812	0.79462265366288	0.90503807667362	0.681240347831641	0.949452633522569	0.951977311621351	0.862038718675068	0.775629169657543	0.749914161322248	0.932756673919162	0.860962704038744	0.925085880249586	0.940743911169832	0.830232434806861	0.806396276989528	0.822467494423549	0.908952977885732	0.862655232094639	0.919537620914562	0.856016226866566	0.858236069341992	0.841032838582562	0.932340118294781	0.846542603487141	0.951914572309143	0.875671638244601	0.907915004222818	0.746975277235267	0.833122854709042	0.910974915750776	0.842085005640675	0.858143327410596	0.860358155988663	0.928443346426336	0.771365841275773	0.760947400725528	0.903756853798103	0.800736043015263	0.931212297674012	0.757583365264031	0.927025423907661	0.975510427647688	0.977784536209086	0.952264711541468	0.871736193190646	0.924327013666092	0.90635169832182	0.916908881353616	0.814149340587959	0.942491627186232	0.866904876281376	0.847202999854579	0.89173731520301	0.842784767180729	0.766557960737174	0.823780930891517	0.813800912882097	0.887425570915577	0.853288426468115	0.837822346071672	0.762107642962363	0.865565762334121	0.853441026792772	0.933034371139515	0.889153731056658	0.889534632777428	0.734410560998481	0.934465432105318	0.928500102290452	0.931904107978008	0.906641225332165	0.818200888172237	0.777247866562558	0.89605032840644	0.900761422575572	0.78109186681619	0.889360969778848	0.946044602319511
"SRR13357929"	0.844576480823026	0.855334795484569	0.938956358004536	0.79462265366288	0.907830110453531	0.681240347831641	0.961012425528335	0.95677691228136	0.883114040994895	0.776406465946561	0.749914161322248	0.930879191021109	0.857079376932912	0.939230195708112	0.945210326435685	0.832868295557738	0.806396276989528	0.868316151346422	0.920460014415587	0.890247818678628	0.942232827614488	0.871617429238106	0.877515409515636	0.860740121351422	0.949996628021493	0.852196601917161	0.945692874611022	0.87801616384695	0.925529929487567	0.755457698600555	0.833221333098408	0.919795520292946	0.853060164146484	0.879438635217737	0.874579810411818	0.948690194262064	0.776197199439407	0.764870114129466	0.913449710671769	0.788826345694996	0.935370129916544	0.757583365264031	0.886884479866393	0.984078279908123	0.986378341894024	0.947761922045736	0.894262223324805	0.928963385613688	0.925464519715027	0.895971753963429	0.814149340587959	0.957772334361799	0.886542171564973	0.870165373338849	0.915434294291854	0.860503919866256	0.755112719519693	0.833519483290179	0.818103872019589	0.894019147958728	0.879125272740148	0.76835344249109	0.762107642962363	0.891107360535427	0.866151567779119	0.951297750682028	0.909574193313124	0.913813329792655	0.734410560998481	0.951252606435743	0.936708590486733	0.94291383367815	0.920314452889162	0.826956394520449	0.777247866562558	0.90029219691102	0.922884773996918	0.786591888497437	0.914921962989782	0.963170634034675
"SRR13357925"	0.848634247155722	0.858779373044062	0.910783394322773	0.79462265366288	0.908327905509857	0.681021054207306	0.962815614642689	0.961914663016034	0.88661879258387	0.776547061005458	0.749914161322248	0.934649174958118	0.872818998882895	0.941509488752223	0.939161614363834	0.833342243535196	0.806396276989528	0.872242914485827	0.91470238416388	0.894186092497793	0.945642027901902	0.874284228252752	0.880756360058086	0.856126493549865	0.952688922354278	0.870494359164633	0.942928836735164	0.874889522316003	0.928369499439347	0.756973469328954	0.833239166615066	0.914608750380971	0.854979295559398	0.882987397347111	0.877019164667052	0.951724760523581	0.777064541513579	0.765575889839969	0.915108108547193	0.732523984020449	0.929293423911535	0.757583365264031	0.907185487350091	0.985278247865378	0.987000622387432	0.939435663899598	0.897949071441674	0.914350438494102	0.926961601521932	0.87455172882411	0.814149340587959	0.947859539239004	0.889816786740406	0.873996269272436	0.919188221092741	0.863528526264374	0.681640194295481	0.800710560344569	0.81887498881071	0.895176474069565	0.859087301752703	0.827629820095907	0.762107642962363	0.895251185207294	0.868351700527818	0.954055973409119	0.912889937792793	0.917658140871871	0.734410560998481	0.953821292936651	0.927769996240467	0.956093719306556	0.922586818939447	0.792354845285415	0.777247866562558	0.901043911834532	0.926374515186777	0.787577323860634	0.918936863651766	0.965655188648579
