SAMPLE_ID	Acholeplasmatales	Acidaminococcales	Acidiferrobacterales	Acidimicrobiales	Acidithiobacillales	Acidobacteriales	Acidothermales	Actinomycetales	Actinopolysporales	Aeromonadales	Alteromonadales	Anaerolineales	Aquificales	Ardenticatenales	Bacillales	Bacteriovoracales	Bacteroidales	Bacteroidetes Order II. Incertae sedis	Bdellovibrionales	Bifidobacteriales	Bradymonadales	Bryobacterales	Burkholderiales	Caldilineales	Caldisericales	Calditrichales	Campylobacterales	Candidatus Babeliales	Candidatus Brocadiales	Candidatus Nanopelagicales	Candidatus Nanosynbacterales	Cardiobacteriales	Caulobacterales	Cellvibrionales	Chitinophagales	Chlamydiales	Chlorobiales	Chloroflexales	Chromatiales	Chroococcales	Chthonomonadales	Clostridiales	Coprothermobacterales	Coriobacteriales	Corynebacteriales	Cytophagales	Deferribacterales	Dehalococcoidales	Deinococcales	Desulfarculales	Desulfobacterales	Desulfovibrionales	Desulfurellales	Desulfuromonadales	Dictyoglomales	Eggerthellales	Egibacterales	Egicoccales	Elusimicrobiales	Emcibacterales	Endomicrobiales	Enterobacterales	Entomoplasmatales	Erysipelotrichales	Euzebyales	Fibrobacterales	Fimbriimonadales	Flavobacteriales	Frankiales	Fusobacteriales	Gemmatales	Gemmatimonadales	Geodermatophilales	Gloeobacterales	Gloeoemargaritales	Glycomycetales	Halanaerobiales	Haloferacales	Holosporales	Hydrogenophilales	Ignavibacteriales	Immundisolibacterales	Isosphaerales	Jiangellales	Kiritimatiellales	Kordiimonadales	Kosmotogales	Ktedonobacterales	Lactobacillales	Legionellales	Leptospirales	Limnochordales	Magnetococcales	Marinilabiliales	Mariprofundales	Mesoaciditogales	Methanobacteriales	Methanomassiliicoccales	Methanomicrobiales	Methanosarcinales	Methylacidiphilales	Methylococcales	Micrococcales	Micromonosporales	Mycoplasmatales	Myxococcales	Nakamurellales	Natranaerobiales	Nautiliales	Neisseriales	Nevskiales	Nitrosomonadales	Nitrosopumilales	Nitrososphaerales	Nitrospirales	Nostocales	Oceanospirillales	Opitutales	Orbales	Oscillatoriales	Parachlamydiales	Parvularculales	Pasteurellales	Pelagibacterales	Petrotogales	Phycisphaerales	Pirellulales	Planctomycetales	Pleurocapsales	Propionibacteriales	Pseudomonadales	Pseudonocardiales	Puniceicoccales	Rhizobiales	Rhodobacterales	Rhodocyclales	Rhodospirillales	Rickettsiales	Rubrobacterales	Saprospirales	Sedimentisphaerales	Selenomonadales	Silvanigrellales	Solirubrobacterales	Sphaerobacterales	Sphingobacteriales	Sphingomonadales	Spirochaetales	Streptomycetales	Streptosporangiales	Synechococcales	Synergistales	Syntrophobacterales	Tepidiformales	Thermales	Thermoanaerobacterales	Thermodesulfobacteriales	Thermomicrobiales	Thermosediminibacterales	Thermotogales	Thiotrichales	Tissierellales	Trueperales	Veillonellales	Verrucomicrobiales	Vibrionales	Xanthomonadales
SRR11292124	0.0	2.972898225112443	0.0	0.0	0.0	0.0	0.0	0.0	0.28704662305378126	0.28704662305378126	0.5809123878637107	0.28704662305378126	0.0	0.0	0.9744964351411085	0.0	4.5665355538671895	0.0	0.0	0.5809123878637107	0.0	0.0	3.0815066732055874	0.28704662305378126	0.0	0.0	0.45837488361485557	0.0	0.0	0.0	0.0	0.0	0.45837488361485557	0.28704662305378126	1.015623713175402	0.0	0.28704662305378126	0.0	0.45837488361485557	0.0	0.0	3.912834270804432	0.0	0.9290631109531439	0.0	0.8783154565051317	0.0	0.0	0.0	0.0	0.28704662305378126	2.8779394936556972	0.0	0.7545890641968592	0.0	0.6763752627800006	0.0	0.0	0.0	0.6763752627800006	0.0	1.6534209566856255	0.6763752627800006	1.015623713175402	0.0	0.0	0.0	2.3748046429279235	0.0	4.12321567245703	0.0	0.0	0.0	0.0	0.0	0.0	0.0	0.0	0.0	0.0	1.3530018222711822	0.0	0.0	0.0	0.0	0.0	0.0	0.0	2.120995452716929	0.0	0.0	0.0	0.0	0.0	0.0	0.0	0.0	0.0	0.0	0.0	0.0	0.0	0.7545890641968592	0.0	0.8783154565051317	0.6763752627800006	0.0	0.0	0.0	1.1775205664587316	0.0	0.5809123878637107	0.0	0.0	0.0	0.0	0.28704662305378126	0.0	0.0	0.0	0.0	0.0	0.0	0.0	0.0	0.0	0.28704662305378126	0.0	0.0	0.0	0.82084350011391	0.0	0.0	0.0	1.119789787384259	0.28704662305378126	0.28704662305378126	0.0	0.0	0.0	0.0	0.28704662305378126	0.0	0.0	0.0	0.7545890641968592	0.8783154565051317	0.0	0.0	0.0	0.28704662305378126	0.0	0.28704662305378126	0.0	0.28704662305378126	0.0	0.0	0.0	0.0	0.0	0.28704662305378126	0.0	0.0	0.6763752627800006	1.3345714943635032	0.0	0.7545890641968592
SRR11292125	0.6601689569147872	0.3406199445351542	0.3406199445351542	1.0223085270274468	0.0	0.0	0.0	1.2169974931188354	0.0	0.9701705096022677	1.1108881697304236	1.3509447136577637	0.0	0.0	1.3509447136577637	0.9701705096022677	4.412727107999163	0.0	0.0	2.3283344499266794	0.0	0.3406199445351542	2.5365273929234013	0.6601689569147872	0.0	0.0	0.3406199445351542	0.0	0.0	0.0	0.0	0.0	0.9109082028001798	0.0	1.3509447136577637	0.0	0.3406199445351542	0.0	0.5291445369492822	0.0	0.0	4.196406246834018	0.0	1.6538182955133274	0.9109082028001798	1.1108881697304236	0.0	0.0	0.9701705096022677	0.0	0.3406199445351542	0.8422617989656762	0.0	1.4531714666357285	0.0	1.1108881697304236	0.0	0.0	0.0	0.7606898628985785	0.0	2.8674486662921144	2.0244776260441046	1.6052971292026783	0.0	1.6651464746100966	0.0	3.089061632347312	0.3406199445351542	1.2472959164208228	0.0	0.0	0.0	0.3406199445351542	0.0	0.0	0.0	0.0	0.0	0.3406199445351542	2.0482571507196705	0.3406199445351542	0.0	0.0	0.0	0.0	1.9500025901211253	0.6601689569147872	4.077294365905177	0.0	0.0	0.3406199445351542	0.0	0.5291445369492822	0.0	0.0	0.0	0.0	0.0	0.0	0.0	0.0	1.0688528066147678	0.0	1.0688528066147678	0.6601689569147872	0.0	0.0	0.0	0.5291445369492822	0.0	0.0	0.0	0.0	0.3406199445351542	0.0	0.7606898628985785	0.0	0.0	0.0	0.0	0.0	0.8422617989656762	1.1108881697304236	0.0	0.0	0.0	0.0	0.0	0.0	2.844389986175004	0.0	0.0	0.9701705096022677	0.8422617989656762	0.0	1.0223085270274468	0.0	0.0	0.6601689569147872	0.3406199445351542	0.8422617989656762	0.0	0.0	0.0	1.1844257188483116	1.2756177278770024	0.0	0.3406199445351542	0.0	0.5291445369492822	1.488158133293862	0.0	0.0	0.0	0.5291445369492822	0.3406199445351542	0.0	0.0	0.0	1.1108881697304236	0.6601689569147872	0.7606898628985785	2.8285639148726025	3.5483109335978464	0.9701705096022677	0.9109082028001798
SRR11292126	0.0	2.5942975309047767	0.0	0.0	0.0	0.0	1.0408028561835665	0.7776106044313275	0.0	1.4542187873476844	1.717449866227782	0.9288464560894165	0.0	0.3518221622691727	1.8872580377683952	0.0	4.131122185509795	0.0	0.0	2.1207517346749527	0.0	0.0	1.54032463863874	0.7776106044313275	0.0	0.0	0.0	0.0	0.0	0.0	0.0	0.0	0.3518221622691727	0.6761814355083223	1.1297330092033817	0.0	0.6761814355083223	0.3518221622691727	0.0	0.0	0.0	4.580330277712217	0.0	0.6761814355083223	0.0	0.8597787056451771	0.0	0.0	0.0	0.0	0.3518221622691727	0.0	0.0	0.3518221622691727	0.0	1.625193226074653	0.0	0.0	0.0	1.2949511207839575	0.0	2.6051962923715917	0.0	3.649998730877403	0.0	0.3518221622691727	0.0	2.8466161688299163	1.0408028561835665	0.7776106044313275	0.0	0.0	0.0	0.0	0.0	0.0	0.0	0.0	0.3518221622691727	0.0	2.3312873402442946	0.3518221622691727	0.0	0.0	0.0	0.0	0.3518221622691727	0.3518221622691727	3.4735311904102635	0.3518221622691727	0.0	0.0	0.0	0.0	0.0	0.0	0.0	0.0	0.0	0.0	0.0	0.0	1.0875402369322056	0.0	0.8597787056451771	0.0	0.0	0.0	0.0	0.3518221622691727	0.0	0.3518221622691727	0.0	0.0	0.0	0.0	1.0408028561835665	0.0	0.0	0.0	0.0	0.0	1.392952582518715	0.3518221622691727	0.0	0.0	0.3518221622691727	0.3518221622691727	0.0	0.0	1.7069340521312832	0.0	0.0	0.7776106044313275	0.0	0.8597787056451771	0.3518221622691727	0.0	0.0	0.0	0.0	1.0408028561835665	0.0	0.0	0.0	0.6761814355083223	0.3518221622691727	1.0875402369322056	0.0	0.0	0.3518221622691727	0.6761814355083223	0.8597787056451771	0.0	0.0	0.8597787056451771	0.0	0.0	0.0	0.8597787056451771	1.2665579705385248	0.3518221622691727	0.0	2.2194631437599868	2.4441786751140233	0.8597787056451771	0.0
SRR11292127	0.0	0.0	0.0	0.9187928654178495	0.0	0.0	0.0	1.3595253358334272	0.0	1.513347065057287	1.1928210812263909	0.7681223972337833	0.0	0.0	1.7165196366750128	2.4842138433201812	4.079200639768615	0.0	0.0	2.4876630721213546	0.0	0.0	2.4004451462293446	0.5354861415601255	0.0	1.736343680132903	0.9187928654178495	0.0	0.0	0.0	0.0	0.0	0.5354861415601255	0.0	1.2557696871202613	0.0	0.0	0.0	0.9187928654178495	0.5354861415601255	0.0	4.5136754761091415	0.0	2.4772320988303296	0.0	1.4796933719639365	0.0	0.0	0.0	0.0	1.4033808302750073	1.11917616709353	0.0	0.9187928654178495	0.0	1.1928210812263909	0.0	0.0	0.0	1.030440529038062	0.0	3.0988729998280475	0.0	3.2160881240025536	0.0	1.030440529038062	0.0	3.109670470542986	0.7681223972337833	1.6010193739333296	0.0	0.0	0.0	0.7681223972337833	0.0	0.5354861415601255	0.0	0.0	0.0	0.0	1.6010193739333296	0.0	0.0	0.0	0.0	0.0	0.0	0.5354861415601255	3.1970575441581364	0.5354861415601255	0.0	0.7681223972337833	0.0	0.0	0.0	0.0	0.0	0.0	0.0	0.0	0.0	0.0	0.5354861415601255	0.0	1.030440529038062	0.9187928654178495	0.0	0.0	0.0	0.5354861415601255	0.0	0.0	0.0	0.0	0.0	0.5354861415601255	3.1555582709375907	0.0	0.0	0.0	0.0	0.0	0.0	0.0	0.0	0.5354861415601255	0.0	0.0	0.0	0.0	1.8829627309306782	0.0	0.0	0.7681223972337833	0.0	0.7681223972337833	0.5354861415601255	0.7681223972337833	0.0	0.7681223972337833	0.0	1.11917616709353	0.0	0.0	0.0	1.3107386542618142	0.9187928654178495	0.7681223972337833	0.0	0.0	0.0	0.9187928654178495	0.0	0.0	0.5354861415601255	0.9187928654178495	0.0	0.0	0.0	0.0	1.4432111171221322	0.7681223972337833	0.0	3.3325315577847214	3.7809259386145815	0.5354861415601255	0.7681223972337833
SRR11292128	0.0	3.264629318911359	0.0	0.3325018515542889	0.0	0.3325018515542889	0.5185965392773969	1.438656539430906	0.0	0.5185965392773969	0.0	0.0	0.0	0.3325018515542889	1.2613748833625802	0.0	4.193903780766173	0.3325018515542889	0.0	0.8294047255194191	0.0	0.0	2.3827653194855216	0.0	0.0	0.0	0.3325018515542889	0.0	0.0	0.0	0.0	0.0	0.0	0.0	1.097019040897853	0.0	0.5185965392773969	0.0	0.0	0.0	0.0	4.573232152221674	0.0	1.9051029136921427	0.0	2.277956215330925	0.0	0.0	0.0	0.0	0.0	0.0	0.0	0.3325018515542889	0.0	1.2331076883143572	0.0	0.0	0.0	0.9567539933493983	0.0	1.5776071724227916	0.7482853746454903	3.1092073878064928	0.0	0.0	0.0	2.2365291075230447	0.7482853746454903	0.3325018515542889	0.0	0.0	0.0	0.0	0.0	0.0	0.0	0.0	0.3325018515542889	0.0	2.1056277627093665	0.0	0.0	0.0	0.0	0.0	0.0	0.0	3.4998124240980406	0.3325018515542889	0.0	0.0	0.0	0.0	0.0	0.0	0.0	0.0	0.0	0.0	0.0	0.0	0.9567539933493983	0.0	0.7482853746454903	0.3325018515542889	0.0	0.0	0.5185965392773969	0.3325018515542889	0.0	0.3325018515542889	0.0	0.0	0.0	0.0	0.5185965392773969	0.0	0.0	0.5185965392773969	0.3325018515542889	0.0	2.6404505760903425	0.0	0.0	0.0	0.0	0.3325018515542889	0.0	0.0	1.6504233795983667	0.0	0.0	0.3325018515542889	0.0	0.0	1.2613748833625802	0.0	0.0	0.6484518902301869	0.0	0.8294047255194191	0.0	0.0	0.0	0.5185965392773969	0.9567539933493983	0.0	0.0	0.0	0.3325018515542889	0.3325018515542889	0.3325018515542889	0.0	0.0	0.3325018515542889	0.0	0.0	0.0	0.5185965392773969	0.6484518902301869	0.5185965392773969	0.0	2.7318681710561226	2.6370071408672064	0.0	0.0
SRR11292129	0.0	2.0305579797749993	0.0	0.0	0.0	1.5230832752276935	0.0	0.33351230068570736	0.0	1.2046406867717199	0.0	0.0	0.0	0.0	2.7835780304139983	0.0	4.580385569395988	0.0	0.0	1.8398803447138896	0.0	0.0	2.734676914862488	0.0	0.0	0.0	0.7498360492613718	0.0	0.0	0.0	0.0	0.0	0.6499156133288272	0.33351230068570736	1.0568250023251586	0.33351230068570736	0.0	0.0	0.33351230068570736	0.0	0.0	3.9839144234274575	0.0	1.0568250023251586	0.33351230068570736	1.010409428723084	0.0	0.0	0.0	0.0	0.33351230068570736	0.7498360492613718	0.0	0.0	0.0	0.7498360492613718	0.0	0.0	0.0	0.33351230068570736	0.0	2.651384519930945	0.33351230068570736	1.6173809069278493	0.0	0.0	0.0	1.2348845484476538	0.0	3.853330808734504	0.0	0.0	0.0	0.0	0.0	0.0	0.0	0.0	0.0	0.0	2.7167503637410033	0.0	0.0	0.0	0.0	0.0	0.0	0.0	2.9547230434388707	0.0	0.0	0.33351230068570736	0.0	0.0	0.0	0.0	0.0	0.0	0.0	0.0	0.0	0.0	1.5378739508411279	0.0	0.33351230068570736	0.0	0.0	0.0	0.0	0.7498360492613718	0.0	0.8310127130106739	0.0	1.5077710626343142	1.172131964476303	0.0	0.6499156133288272	0.0	0.0	1.5660248443337288	0.0	0.0	1.2897040435981013	0.33351230068570736	0.0	0.0	0.0	0.0	0.0	0.0	2.4353678323613397	0.0	0.0	1.8813616845901986	0.7498360492613718	0.0	1.2348845484476538	0.0	1.010409428723084	0.33351230068570736	0.0	0.6499156133288272	0.0	0.0	0.0	0.7498360492613718	2.066446202206205	0.33351230068570736	0.0	0.0	0.0	0.6499156133288272	0.0	0.0	0.0	0.33351230068570736	0.0	0.0	0.0	0.0	0.519912663424071	0.33351230068570736	0.0	3.415631309510736	2.5836654860161588	0.6499156133288272	0.33351230068570736
SRR11292130	0.0	2.649107946613812	0.0	0.556420323364865	0.0	0.36182004772599097	0.36182004772599097	1.3637680497069953	0.0	0.0	0.0	0.0	0.0	0.0	1.7650833127094105	1.4901163315521364	4.5830851335397895	0.556420323364865	0.0	1.3386121423675106	0.0	0.0	2.5450984312831255	0.0	0.0	0.0	0.36182004772599097	0.690325923543051	0.36182004772599097	0.0	0.0	0.36182004772599097	0.0	0.690325923543051	1.431520853853525	0.0	0.0	0.0	0.0	0.0	0.0	4.174682285925236	0.0	0.690325923543051	0.0	1.1462795160048604	0.0	0.0	0.556420323364865	0.0	0.8752026466734952	1.431520853853525	0.0	0.36182004772599097	0.0	1.4519438027121796	0.0	0.0	0.0	0.7925285127473726	0.0	3.0203170064056715	0.36182004772599097	2.6843795881388046	0.0	0.556420323364865	0.0	2.821479854948161	0.0	1.3386121423675106	0.0	0.0	0.0	0.556420323364865	0.0	0.0	0.0	0.0	0.0	0.36182004772599097	1.8364848686228616	0.0	0.0	0.0	0.0	0.0	0.0	0.0	3.0500009856767116	0.0	0.0	0.0	0.0	0.0	0.0	0.0	0.0	0.0	0.0	0.0	0.0	0.0	1.0044683554549216	0.0	0.690325923543051	0.0	0.0	0.0	0.0	0.36182004772599097	0.0	0.556420323364865	0.0	0.0	0.0	0.0	0.0	0.0	0.0	0.0	0.36182004772599097	0.0	1.62956890092243	0.0	0.0	0.0	0.36182004772599097	0.556420323364865	0.0	0.556420323364865	2.7287600691659373	0.0	0.0	1.2202613931087694	0.0	0.36182004772599097	0.36182004772599097	0.0	0.0	0.0	0.0	0.0	0.0	0.0	0.0	1.253007049632815	0.36182004772599097	0.0	0.36182004772599097	0.0	0.0	0.0	0.0	0.0	0.0	0.0	0.0	0.0	0.36182004772599097	0.0	0.36182004772599097	0.0	0.0	2.3203086361996244	3.513913230583776	0.36182004772599097	0.556420323364865
SRR11292131	0.0	3.559393282148742	0.0	0.0	0.28786048308526224	0.0	0.28786048308526224	1.1511759395548125	0.0	0.6777027310919831	0.9759995688979778	0.0	0.0	0.28786048308526224	1.5971548467229995	0.28786048308526224	4.453659427726197	0.0	0.0	1.296780315234599	0.0	0.0	2.693460957718461	0.28786048308526224	0.0	0.0	0.7559748343662522	0.0	0.0	0.0	0.0	0.0	0.7559748343662522	0.6777027310919831	1.017142930115652	0.0	0.6777027310919831	0.0	0.6777027310919831	0.0	0.0	4.249896154289372	0.0	1.2756565082053533	0.28786048308526224	1.0893097422598985	0.0	0.0	0.0	0.0	0.5821528737110828	3.150515282969969	0.0	0.8797744596070536	0.0	1.389282383924945	0.0	0.0	0.28786048308526224	1.1511759395548125	0.0	3.213064804376674	0.28786048308526224	2.2038602980638498	0.5821528737110828	0.4594716394563973	0.0	2.37819143416884	0.5821528737110828	2.056262444547288	0.0	0.0	0.0	0.0	0.0	0.5821528737110828	0.0	0.0	0.0	0.0	1.964756636419972	0.28786048308526224	0.0	0.0	0.0	0.0	0.0	0.0	3.368236933145314	0.28786048308526224	0.28786048308526224	0.28786048308526224	0.0	0.28786048308526224	0.0	0.0	1.6073587567749446	0.0	0.0	0.0	0.0	0.0	1.82489589542558	0.0	2.4402108820287927	0.9305466133461225	0.0	0.0	0.0	0.6777027310919831	0.0	0.5821528737110828	0.0	0.0	0.0	0.0	0.4594716394563973	0.28786048308526224	0.0	0.0	0.0	0.0	1.8926594997935933	0.0	0.0	0.0	0.0	0.28786048308526224	0.0	0.0	2.6748719377607904	0.0	0.0	0.9759995688979778	1.7932108957714867	0.0	1.0893097422598985	0.28786048308526224	0.0	0.5821528737110828	0.0	0.9759995688979778	0.0	0.0	0.0	1.0547236116600818	1.5759983443675778	0.28786048308526224	0.0	0.0	0.0	2.2976623045621833	0.0	0.28786048308526224	0.0	0.28786048308526224	0.0	0.0	0.0	0.0	1.017142930115652	0.4594716394563973	0.0	2.0703797939610165	3.590151194070154	0.8222710691111783	0.5821528737110828
SRR11292132	0.0	0.0	0.0	0.0	0.0	0.0	0.0	1.0621652416337095	0.0	0.0	0.0	0.0	0.0	0.0	1.3079527096277177	0.0	3.8545134292922203	0.0	0.0	0.4403559514038162	0.0	0.0	1.7705874647546997	0.0	0.0	0.0	0.0	0.0	0.0	0.0	0.0	0.0	0.0	0.0	1.1775912130053094	0.0	0.0	0.0	0.4403559514038162	0.0	0.0	4.676837408736681	0.0	0.0	0.0	0.7972302088065664	0.0	0.0	0.0	0.0	0.0	0.0	0.0	0.4403559514038162	0.0	2.1229904480943116	0.0	0.0	0.0	1.1775912130053094	0.0	1.3079527096277177	0.0	2.8262183902449722	0.0	0.654462834880809	0.0	1.757453611245138	0.7972302088065664	0.0	0.0	0.0	0.0	0.0	0.0	0.0	0.0	0.0	0.0	0.4403559514038162	1.2686919165661323	0.0	0.0	0.0	0.0	0.0	0.0	0.0	1.5784813613137352	0.4403559514038162	0.0	0.0	0.0	0.0	0.0	0.0	0.0	0.0	0.0	0.0	0.0	0.0	0.0	0.0	0.0	0.0	0.0	0.0	0.0	0.0	0.0	0.4403559514038162	0.0	0.0	0.0	0.0	0.4403559514038162	0.0	0.0	0.0	0.0	0.0	0.0	0.0	0.0	0.0	0.0	0.0	0.0	0.0	0.654462834880809	0.0	0.0	0.0	0.0	0.0	0.654462834880809	0.0	0.0	0.0	0.0	0.9044963454393428	0.0	0.0	0.0	0.0	0.4403559514038162	0.0	0.4403559514038162	0.0	0.0	0.0	0.0	0.0	0.0	0.9044963454393428	0.0	0.0	0.0	0.654462834880809	0.0	0.7972302088065664	0.0	3.7793777043509467	1.5134409021364685	0.0	0.0
SRR11292133	0.7617334165348653	1.1379794020854817	0.0	0.6216894454347469	0.6216894454347469	0.0	0.4137139086155676	1.3365022231416488	0.9524221447615443	0.6216894454347469	0.6216894454347469	0.4137139086155676	0.0	0.0	2.159333714904043	2.4024512601626844	4.250032472132956	0.6216894454347469	0.0	1.3365022231416488	0.0	0.0	2.5193573612500852	0.0	0.0	1.3672551481287427	0.6216894454347469	0.4137139086155676	0.0	0.0	0.0	0.0	0.0	0.4137139086155676	1.3365022231416488	0.0	0.4137139086155676	0.0	0.4137139086155676	0.4137139086155676	0.0	4.50771580292427	0.0	2.1031370968519596	0.0	1.4949465867384981	0.0	0.0	0.0	0.0	0.0	0.7617334165348653	0.0	0.8674606545544968	0.0	0.0	0.0	0.0	0.0	0.6216894454347469	0.0	3.040056183912587	0.7617334165348653	3.057365280500595	0.0	1.2285212384369926	0.0	3.384665333986019	0.6216894454347469	2.0448551744057086	0.0	0.0	0.0	0.8674606545544968	0.0	0.8674606545544968	0.0	0.0	0.0	0.0	1.395973684663038	0.0	0.0	0.0	0.0	0.0	0.0	0.0	2.9561353106944623	0.4137139086155676	0.0	0.6216894454347469	0.0	0.0	0.0	0.0	0.0	0.0	0.0	0.0	0.0	0.0	0.4137139086155676	0.0	0.8674606545544968	0.4137139086155676	0.0	0.0	0.0	0.0	0.4137139086155676	0.4137139086155676	0.0	0.0	0.0	0.0	2.62960301039395	0.0	0.0	0.0	0.0	0.0	1.3672551481287427	0.0	0.0	0.0	0.0	0.0	0.0	0.0	1.7156613885121614	0.0	0.0	0.0	1.2675748742307187	0.0	1.2285212384369926	0.0	0.0	0.0	0.0	0.4137139086155676	0.0	0.0	0.0	1.1379794020854817	1.0844796525312321	0.4137139086155676	0.0	0.0	0.0	0.0	0.4137139086155676	0.4137139086155676	0.0	0.8674606545544968	0.0	0.0	0.0	0.0	0.7617334165348653	0.0	0.0	3.3959271243938334	3.3009325110958647	0.7617334165348653	0.0
SRR11292134	0.0	0.0	0.0	0.0	0.0	0.0	0.3440668076567213	0.3440668076567213	0.3440668076567213	0.9164574493833743	0.0	0.0	0.0	0.0	0.8476788808758794	0.0	4.587066857780877	0.0	0.0	1.887199109093771	0.0	0.0	2.922815906722185	0.0	0.0	1.1550865832939732	0.5336054284183223	0.0	0.0	0.0	0.0	0.0	0.3440668076567213	0.3440668076567213	1.0746372665332478	0.0	0.66511485944138	0.0	0.3440668076567213	0.0	0.0	4.2400652083507975	0.0	0.0	0.7659200947532157	0.975818178003408	0.0	0.0	0.0	0.0	0.3440668076567213	0.66511485944138	0.0	0.0	0.0	0.975818178003408	0.0	0.0	0.0	0.5336054284183223	0.0	1.6599992824134187	0.0	2.9536630163869475	0.0	0.3440668076567213	0.0	3.101650829941419	0.975818178003408	0.0	0.0	0.0	0.0	0.0	0.0	0.0	0.0	0.0	0.0	0.0	1.3569852095908088	0.0	0.0	0.0	0.0	0.0	0.0	0.0	1.379460420407194	0.8476788808758794	0.0	0.0	0.0	0.0	0.0	0.0	0.0	0.0	0.0	0.0	0.0	0.0	0.0	0.0	0.3440668076567213	0.0	0.0	0.0	0.0	0.5336054284183223	0.0	0.5336054284183223	0.0	0.0	0.0	0.0	2.858766685664546	0.0	0.0	0.0	0.0	0.0	0.9164574493833743	0.0	0.0	0.3440668076567213	0.0	0.0	0.0	0.0	2.3513009078478193	0.0	0.0	0.3440668076567213	0.0	0.0	0.3440668076567213	0.0	0.0	0.0	0.0	0.975818178003408	0.0	0.0	0.0	0.5336054284183223	0.66511485944138	0.3440668076567213	0.0	0.0	0.0	0.0	0.0	0.0	0.0	0.8476788808758794	0.0	0.0	0.0	0.0	0.66511485944138	0.975818178003408	0.0	3.1491974252536195	2.1268385846730284	0.5336054284183223	0.5336054284183223
SRR11292135	0.25055958487788954	2.1080007042183118	0.0	0.0	0.0	0.40843406013939143	0.25055958487788954	1.1995048242712274	0.0	0.5239696102875945	1.2952092356615186	0.25055958487788954	0.0	0.0	1.965328468638923	0.25055958487788954	3.815204997653083	0.8600130616461684	0.40843406013939143	3.0107707696587442	0.0	0.0	1.6725943231444416	0.0	0.0	0.25055958487788954	0.6151384081761534	0.0	0.0	0.0	0.0	0.0	0.25055958487788954	0.25055958487788954	1.4639019235645794	0.0	0.25055958487788954	0.25055958487788954	0.40843406013939143	0.0	0.0	4.440633912886156	0.0	0.25055958487788954	0.0	1.1995048242712274	0.0	0.0	0.0	0.0	0.7546107531435021	0.7546107531435021	0.0	0.40843406013939143	0.0	2.039412269958812	0.0	0.0	0.0	0.40843406013939143	0.0	1.6797397054514664	0.25055958487788954	3.7404962886878046	0.0	0.944764963231496	0.0	1.5671007491642892	1.5671007491642892	0.5239696102875945	0.0	0.0	0.0	0.40843406013939143	0.0	0.0	0.0	0.0	0.25055958487788954	0.0	1.7072006119078802	0.0	0.0	0.0	0.0	0.0	0.0	0.25055958487788954	2.2838441766162147	0.5239696102875945	0.0	0.0	0.0	0.0	0.0	0.0	0.0	0.0	0.0	0.0	0.0	0.0	0.0	0.0	0.8600130616461684	0.25055958487788954	0.0	0.0	0.25055958487788954	0.0	0.0	0.0	0.0	0.0	0.0	0.0	0.40843406013939143	0.0	0.0	0.0	0.0	0.0	0.40843406013939143	0.0	0.0	0.0	0.0	0.6904495743024204	0.0	0.0	1.5081644538468773	0.0	0.0	0.5239696102875945	0.25055958487788954	0.40843406013939143	0.6151384081761534	0.25055958487788954	0.0	0.25055958487788954	0.25055958487788954	1.720306229141248	0.0	0.0	0.0	0.40843406013939143	0.25055958487788954	0.5239696102875945	0.25055958487788954	0.0	0.5239696102875945	0.0	0.0	0.0	0.0	0.6904495743024204	0.25055958487788954	0.0	0.0	0.0	0.9044531406560155	0.9816507458634174	0.0	0.9044531406560155	4.304777527939136	0.40843406013939143	0.5239696102875945
SRR11292136	0.24264900332850892	3.10850218209697	0.24264900332850892	0.24264900332850892	0.0	0.0	0.5112547297534807	0.8885106960501572	0.0	0.24264900332850892	0.5112547297534807	0.24264900332850892	0.0	0.0	1.310889897993925	0.24264900332850892	4.510062096417453	0.39739524753565325	1.310889897993925	2.31872252467425	0.0	0.0	2.411135535827926	0.0	0.0	0.0	0.24264900332850892	0.0	0.0	0.0	0.0	0.0	0.24264900332850892	0.39739524753565325	1.2231607772789783	0.0	0.39739524753565325	0.0	0.6759766765937987	0.0	0.0	4.378601193116401	0.0	1.7213313856693708	0.0	1.203268492823538	0.0	0.0	0.0	0.0	0.5112547297534807	2.9921980320535364	0.0	0.39739524753565325	0.0	1.1131049749704283	0.0	0.0	0.0	1.1131049749704283	0.0	1.0873019929097412	0.24264900332850892	2.8816174144278768	0.0	0.24264900332850892	0.0	2.554793108738972	0.8885106960501572	0.6759766765937987	0.0	0.0	0.0	0.0	0.0	0.39739524753565325	0.0	0.0	0.0	0.0	2.2011768354212684	0.0	0.0	0.0	0.0	0.0	0.0	0.0	2.238396404596432	0.0	0.5112547297534807	0.24264900332850892	0.0	0.0	0.0	0.0	0.0	0.0	0.0	0.0	0.0	0.24264900332850892	0.39739524753565325	0.0	2.2421349292358763	0.7396196638570693	0.0	0.24264900332850892	0.0	0.39739524753565325	0.0	0.0	0.0	0.0	0.0	0.0	0.24264900332850892	0.0	0.0	0.0	0.0	0.0	0.24264900332850892	0.0	0.0	0.0	0.0	0.0	0.0	0.0	2.9227253020245256	0.0	0.0	0.6013789330707959	1.8251800583957145	0.0	0.24264900332850892	0.39739524753565325	0.24264900332850892	0.6013789330707959	0.0	0.7951171602777588	0.0	0.0	0.0	0.9653317053919444	1.6959030461719706	0.39739524753565325	0.24264900332850892	0.0	0.0	0.0	0.0	0.0	0.0	0.24264900332850892	0.0	0.0	0.0	0.24264900332850892	0.39739524753565325	0.0	0.0	0.5112547297534807	0.39739524753565325	0.39739524753565325	0.5112547297534807
SRR11292137	0.23893614559091791	2.9400127831772855	0.0	0.0	0.0	0.23893614559091791	0.0	1.5221332061330455	0.0	0.5052378170015837	0.0	0.0	0.0	0.39218643463900454	1.7065585270899186	0.0	4.391217014459638	0.23893614559091791	0.0	0.7878034999864854	0.0	0.0	2.305335141171169	0.23893614559091791	0.0	0.0	0.8809245434525378	1.2149638183941127	0.0	0.0	0.23893614559091791	0.23893614559091791	0.5052378170015837	0.23893614559091791	1.3754811160341773	0.23893614559091791	0.7324978629777401	0.0	0.39218643463900454	0.0	0.0	4.311116865548588	0.0	2.406213036647031	0.5052378170015837	2.707640910844744	0.0	0.0	0.0	0.0	0.5052378170015837	0.9209311842816075	0.0	0.0	0.0	1.1524071079493488	0.0	0.0	0.0	0.7878034999864854	0.0	2.177951883134979	0.5052378170015837	3.1127550021337327	0.39218643463900454	0.5052378170015837	0.23893614559091791	2.056777441958447	0.9209311842816075	0.7324978629777401	0.0	0.0	0.0	0.0	0.0	0.0	0.0	0.0	0.0	0.0	1.7864037465497984	0.0	0.0	0.0	0.0	0.0	0.0	0.0	3.51528597796073	0.0	0.0	0.0	0.0	0.0	0.0	0.0	1.7595415433803563	0.0	0.0	0.0	0.0	0.0	1.2864278909986977	0.0	0.5052378170015837	0.39218643463900454	0.0	0.0	0.0	0.0	0.0	0.39218643463900454	0.0	0.0	0.0	0.0	0.5052378170015837	0.0	0.0	0.0	0.0	0.0	1.993709638062984	0.0	0.23893614559091791	0.0	0.23893614559091791	0.0	0.0	0.39218643463900454	2.6819112601564967	0.0	0.0	0.39218643463900454	1.4260917014527803	0.0	0.39218643463900454	0.0	0.0	0.669107166573198	0.0	1.0226814599313534	0.0	0.0	0.0	1.1950962089611694	1.2149638183941127	0.0	0.0	0.0	0.23893614559091791	1.3025966301591494	0.23893614559091791	0.0	0.0	0.23893614559091791	0.23893614559091791	0.0	0.0	0.0	0.39218643463900454	0.669107166573198	0.0	1.8262006556020345	3.953507242826197	0.39218643463900454	0.0
SRR11292138	0.0	0.37265810314049375	0.0	0.0	0.0	0.0	0.0	1.2026198264059615	0.37265810314049375	0.37265810314049375	0.7055098111536602	0.0	0.0	0.0	1.5085064991098058	0.0	3.901124480605972	0.0	0.0	0.7055098111536602	0.0	0.0	1.8552057428689765	0.0	0.0	0.0	0.37265810314049375	0.0	0.0	0.0	0.0	0.0	0.0	0.37265810314049375	1.1639423683754342	0.0	0.37265810314049375	0.0	0.0	0.0	0.0	4.69547122844412	0.0	0.0	0.5702207620879868	0.8085136405135062	0.0	0.0	0.0	0.0	0.37265810314049375	0.0	0.0	0.7055098111536602	0.0	2.385310355890584	0.0	0.0	0.0	1.4498240574937389	0.0	1.07441286701048	0.5702207620879868	3.1887578524153457	0.0	0.8085136405135062	0.0	1.9827389696449793	0.7055098111536602	0.5702207620879868	0.0	0.0	0.0	0.0	0.0	0.0	0.0	0.0	0.0	0.0	1.3014790324740564	0.0	0.0	0.0	0.0	0.0	0.0	0.0	1.686204655749811	0.5702207620879868	0.0	0.0	0.0	0.0	0.0	0.0	0.0	0.0	0.0	0.0	0.0	0.0	0.37265810314049375	0.0	0.5702207620879868	0.0	0.0	0.0	0.0	0.0	0.0	0.37265810314049375	0.0	0.0	0.0	0.0	0.0	0.0	0.0	0.0	0.0	0.0	0.0	0.0	0.0	0.0	0.0	0.0	0.0	0.0	0.8917104402184097	0.0	0.0	0.0	0.0	0.0	0.0	0.0	0.0	0.0	0.0	0.7055098111536602	0.0	0.37265810314049375	0.0	0.5702207620879868	0.0	0.7055098111536602	0.0	0.0	0.0	0.0	0.0	0.0	0.0	0.5702207620879868	0.0	0.0	0.0	0.0	0.37265810314049375	0.7055098111536602	0.0	3.314294469881485	0.5702207620879868	0.0	0.37265810314049375
SRR11292139	0.0	2.962400953810177	0.0	0.0	0.0	0.0	0.3422331816703284	1.7106224036270274	0.0	1.2500920526351704	2.11559836032678	0.0	0.3422331816703284	0.0	2.032274507190493	2.3456156307672034	4.137215525333093	0.3422331816703284	0.0	2.5628971731338637	0.0	0.0	2.1312737533789607	0.5312336671060451	0.0	0.0	0.7631404451537309	0.0	0.0	0.0	0.3422331816703284	0.3422331816703284	0.6624859157966572	0.5312336671060451	1.2784244179182278	0.0	0.7631404451537309	0.6624859157966572	0.3422331816703284	0.0	0.0	4.554008414629932	0.0	1.113622612980457	0.7631404451537309	2.195554388227857	0.0	0.0	0.0	0.0	0.5312336671060451	1.6680458979266566	0.0	0.0	0.0	2.086726572257393	0.0	0.0	0.0	1.113622612980457	0.0	2.9330389688468017	0.3422331816703284	2.773293300372178	0.0	1.1871958145057642	0.0	3.056938470779411	0.6624859157966572	1.024991179816824	0.0	0.0	0.0	0.0	0.0	0.3422331816703284	0.5312336671060451	0.0	0.0	0.0	2.5586019274166985	0.0	0.0	0.0	0.0	0.0	0.3422331816703284	0.5312336671060451	3.548042038169844	1.024991179816824	0.0	1.2197815500401454	0.0	0.6624859157966572	0.0	0.0	0.0	0.0	0.0	0.0	0.0	0.3422331816703284	0.8448002184969837	0.0	1.5678636407297923	0.3422331816703284	0.0	0.0	0.0	0.3422331816703284	0.3422331816703284	2.418948567204761	0.0	0.0	0.0	0.7631404451537309	0.9728173542949344	0.0	0.0	0.0	0.3422331816703284	0.0	1.3976064348442825	0.0	0.0	0.0	0.5312336671060451	0.0	0.0	0.0	2.41496114988669	0.0	0.0	1.2500920526351704	1.4560307091126217	0.6624859157966572	0.8448002184969837	0.5312336671060451	0.3422331816703284	0.0	0.3422331816703284	0.7631404451537309	0.3422331816703284	0.0	0.0	0.913508764374981	1.3300825385476132	0.0	0.0	0.0	0.3422331816703284	0.5312336671060451	0.0	0.0	0.0	0.6624859157966572	0.0	0.0	0.0	0.3422331816703284	1.4179670806557092	0.913508764374981	0.0	1.2784244179182278	3.4222096652049827	0.9728173542949344	0.6624859157966572
SRR11292140	0.0	0.0	0.0	0.26810227152511773	0.0	0.7217974959075448	0.0	1.5131752603387194	0.0	0.43263844753068703	0.7870216342591174	0.6450165395961309	0.0	0.0	1.9533376981194623	1.8244873679428364	4.3932128072706735	0.26810227152511773	0.0	2.201353719387582	0.0	0.0	2.5990543143045843	0.0	0.0	0.0	1.332342214886526	0.0	0.0	0.0	0.0	0.26810227152511773	0.26810227152511773	0.0	1.3492620601470922	0.0	0.26810227152511773	0.0	1.3147363663402918	0.0	0.0	4.470055258943825	0.0	2.3850214403331544	0.5516822690935207	1.0510605554280945	0.0	0.0	0.26810227152511773	0.0	0.26810227152511773	1.6731525649758217	0.0	0.26810227152511773	0.0	1.5564556180406026	0.0	0.0	0.0	0.5516822690935207	0.0	3.3043851493752343	0.26810227152511773	2.745803164635543	0.0	1.725029558657264	0.0	2.7785026326369597	0.6450165395961309	0.6450165395961309	0.0	0.0	0.0	0.0	0.0	0.26810227152511773	0.0	0.0	0.43263844753068703	0.0	1.6404656156998423	0.0	0.0	0.0	0.0	0.0	0.0	0.26810227152511773	3.221959536674255	0.26810227152511773	0.0	1.5016459687585626	0.0	0.0	0.0	0.0	0.0	0.0	0.0	0.0	0.0	0.0	0.26810227152511773	0.0	0.43263844753068703	0.43263844753068703	0.0	0.0	0.7217974959075448	0.84371709375696	0.0	0.6450165395961309	0.0	0.0	0.0	0.0	1.0167680785165276	0.0	0.0	0.0	0.26810227152511773	0.0	1.0167680785165276	0.0	0.0	0.0	0.0	0.0	0.0	0.0	1.8617334448604472	0.0	0.0	0.0	0.26810227152511773	0.0	0.6450165395961309	0.5516822690935207	0.0	0.26810227152511773	0.0	1.0167680785165276	0.0	0.0	0.0	0.5516822690935207	0.0	0.5516822690935207	0.0	0.0	0.5516822690935207	1.2772270361679543	0.26810227152511773	0.0	0.43263844753068703	0.5516822690935207	0.0	0.0	0.0	0.0	1.0510605554280945	0.7217974959075448	0.0	3.087436555515687	1.6731525649758217	0.43263844753068703	0.43263844753068703
SRR11292141	0.0	2.412880215521195	0.0	0.0	0.0	0.0	0.0	0.8717916546061907	0.0	1.3720483995460624	0.8717916546061907	1.3720483995460624	0.0	0.0	1.9600542173355928	0.0	4.563536967910506	0.0	0.6255052611930159	1.308163944185587	0.0	0.0	2.8098119947792655	0.0	0.0	0.0	0.0	0.0	0.0	0.0	0.0	0.0	0.0	0.0	1.4277293413649474	0.0	0.8717916546061907	0.0	0.0	0.0	0.0	4.222715758783681	0.0	0.6255052611930159	0.0	0.8717916546061907	0.0	0.0	0.0	0.0	0.0	0.6255052611930159	0.0	0.6255052611930159	0.0	0.8717916546061907	0.0	0.0	0.0	1.0279861799146577	0.0	2.4590104727856543	0.0	2.3163896082673925	0.0	0.0	0.0	1.911407181132915	0.0	3.2276969978351815	0.0	0.0	0.0	0.0	0.0	0.0	0.0	0.0	0.0	0.0	1.875657866548581	0.0	0.0	0.0	0.0	0.0	0.0	0.0	2.930222759880986	0.6255052611930159	0.0	0.0	0.0	0.0	0.0	0.0	0.0	0.0	0.0	0.0	0.0	0.0	0.0	0.0	0.0	0.0	0.0	0.0	0.0	0.0	0.6255052611930159	0.6255052611930159	0.0	0.0	0.0	0.0	0.8717916546061907	0.0	0.0	0.0	0.0	0.0	2.612972352364297	0.0	1.1426239387834785	0.0	0.0	0.0	0.0	0.0	1.856615479291357	0.0	0.0	0.0	1.1426239387834785	0.0	0.0	0.0	0.0	0.6255052611930159	0.0	0.6255052611930159	0.0	0.0	0.0	0.8717916546061907	0.8717916546061907	0.0	0.0	0.0	0.0	0.0	0.0	0.0	0.0	0.0	0.0	0.0	0.0	0.0	1.2332340100810077	0.0	0.0	2.5507249177315874	3.5164149895829833	0.0	0.0
SRR11292142	0.0	0.0	0.0	0.0	0.0	0.4076668397328421	0.9436487847054701	1.6011426270081595	0.6141848681620948	0.7535732251711115	0.0	0.858927735834566	0.0	0.0	2.203510552075304	0.0	2.786180899663776	0.0	0.0	0.7535732251711115	0.0	0.0	0.858927735834566	0.0	0.0	0.0	0.4076668397328421	0.0	0.0	0.0	0.0	0.0	0.0	0.0	0.9436487847054701	0.0	0.4076668397328421	0.0	0.0	0.4076668397328421	0.0	4.533729835334918	0.0	2.770412948881169	0.4076668397328421	1.1288188508569486	0.0	0.0	0.0	0.0	0.4076668397328421	0.0	0.0	0.4076668397328421	0.0	1.811719604194627	0.0	0.0	0.0	0.6141848681620948	0.0	2.082282726954798	0.0	2.7075838060177437	0.0	0.0	0.0	0.9436487847054701	0.6141848681620948	0.0	0.0	0.0	0.0	1.1763695482152845	0.0	0.858927735834566	0.0	0.0	0.0	0.0	2.4060795689883507	0.0	0.0	0.0	0.0	0.0	0.0	0.0	4.393680288680547	0.0	0.0	1.5471064506216814	0.0	0.0	0.0	0.0	0.0	0.0	0.0	0.0	0.0	0.0	1.5069442112757203	0.0	0.7535732251711115	0.0	0.0	0.0	0.0	0.6141848681620948	0.0	0.0	0.0	0.0	0.0	0.0	0.0	0.0	0.0	0.0	0.0	0.0	0.0	0.0	0.6141848681620948	0.0	0.0	0.0	0.0	0.0	1.1288188508569486	0.0	0.0	0.0	0.7535732251711115	0.0	0.0	0.0	0.0	0.0	0.0	0.7535732251711115	0.0	0.0	0.0	0.0	0.858927735834566	0.0	0.4076668397328421	0.0	0.858927735834566	0.9436487847054701	0.4076668397328421	0.0	0.0	0.858927735834566	0.0	0.0	0.0	0.0	0.6141848681620948	0.7535732251711115	0.0	2.177351464642378	2.2160220109493625	0.0	0.4076668397328421
SRR11292143	0.0	3.161848070467133	0.0	0.0	0.0	0.19987840778672653	0.8709271278963733	0.33623933726971467	0.0	1.0149903788804138	0.8353414244370658	0.0	0.0	0.33623933726971467	0.8353414244370658	0.19987840778672653	4.671406902421617	0.0	0.19987840778672653	1.3072142802744044	0.19987840778672653	0.0	1.9781639532352162	0.0	0.0	0.0	0.43986119523563744	0.0	0.19987840778672653	0.0	0.0	0.0	0.43986119523563744	0.0	1.0614559245282686	0.0	0.43986119523563744	0.0	0.33623933726971467	0.0	0.0	4.037256075118546	0.0	0.9038165107314834	0.19987840778672653	0.9629511611292938	0.0	0.0	0.0	0.0	0.19987840778672653	0.19987840778672653	0.19987840778672653	0.0	0.0	0.6538583726481202	0.0	0.0	0.0	0.6538583726481202	0.0	2.431117240212651	0.19987840778672653	2.1427963081676555	0.0	0.33623933726971467	0.0	3.112651960581323	0.5935350069619665	0.43986119523563744	0.0	0.0	0.0	0.0	0.0	0.19987840778672653	0.0	0.0	0.0	0.33623933726971467	1.6162340589534945	0.0	0.0	0.0	0.0	0.0	0.0	0.19987840778672653	2.5610335533320114	0.19987840778672653	0.0	0.33623933726971467	0.0	0.0	0.0	0.0	0.0	0.0	0.0	0.0	0.0	0.19987840778672653	0.19987840778672653	0.0	0.33623933726971467	0.19987840778672653	0.0	0.0	0.0	0.43986119523563744	0.0	0.5234600614705607	0.0	0.0	0.0	0.19987840778672653	0.5935350069619665	0.0	0.0	0.0	0.0	0.0	0.9629511611292938	0.0	0.0	0.0	0.0	0.0	0.0	0.0	1.5428014376557035	0.0	0.0	0.43986119523563744	0.19987840778672653	1.5126880532937776	0.43986119523563744	0.19987840778672653	0.19987840778672653	0.0	0.0	0.5935350069619665	0.0	0.0	0.0	0.5935350069619665	0.33623933726971467	0.19987840778672653	0.0	0.0	0.19987840778672653	0.5935350069619665	0.0	0.0	0.0	0.5234600614705607	0.19987840778672653	0.0	0.0	0.0	1.0388442791961165	0.0	0.0	2.098601326068504	0.33623933726971467	0.8709271278963733	0.5935350069619665
SRR11292144	0.6940219471273791	2.935490240215538	0.0	0.0	0.3644482205977827	0.0	0.7964222967541694	0.7964222967541694	0.0	0.0	0.0	0.0	0.0	0.0	1.7395133368967293	0.0	4.4315727098317055	0.3644482205977827	0.0	2.0150547769556533	0.0	0.0	1.8068153895148886	0.0	0.0	0.0	0.3644482205977827	0.0	0.0	0.0	0.0	0.0	0.0	0.0	1.1082290268838548	0.3644482205977827	0.559775533401454	0.0	0.0	0.0	0.0	4.379859174866842	0.0	1.2246217953350285	0.0	1.1505882833446428	0.0	0.0	0.0	0.0	0.0	0.6940219471273791	0.0	0.0	0.0	1.4946053746462367	0.0	0.0	0.0	1.3430388549900036	0.0	0.6940219471273791	0.3644482205977827	3.822788948355941	0.0	0.559775533401454	0.0	3.0767162178409166	0.8792255821058648	0.0	0.0	0.0	0.0	0.0	0.0	0.0	0.0	0.0	0.0	0.0	3.037173992983939	0.0	0.0	0.0	0.0	0.0	0.0	0.0	2.6901750099540074	0.559775533401454	0.0	0.0	0.0	0.0	0.0	0.0	0.0	0.0	0.0	0.0	0.0	0.0	0.8792255821058648	0.0	1.0086497968220811	0.3644482205977827	0.3644482205977827	0.0	0.0	0.0	0.0	0.3644482205977827	0.0	0.0	0.0	0.0	0.3644482205977827	0.0	0.0	0.0	0.0	0.0	1.5923890160021676	0.0	0.3644482205977827	0.0	0.0	0.0	0.0	0.0	1.7978161548781886	0.0	0.0	0.0	0.0	1.3430388549900036	0.3644482205977827	0.0	0.3644482205977827	0.0	0.0	0.8792255821058648	0.0	0.0	0.0	0.9487411719510241	0.0	1.1505882833446428	0.0	0.0	0.3644482205977827	0.0	0.3644482205977827	0.0	0.3644482205977827	0.3644482205977827	0.0	0.0	0.0	0.0	0.8792255821058648	0.3644482205977827	0.0	0.8792255821058648	0.0	0.559775533401454	0.0
SRR11292145	0.0	0.5044773156340312	0.0	0.0	0.0	0.0	0.6327175086424655	1.5014791691081728	0.6327175086424655	0.3217068843559406	0.0	0.0	0.0	0.0	1.3607916736297032	0.0	4.5765038710359915	0.0	1.0782841307420894	1.9744634141386073	0.0	0.0	3.164889173948621	0.0	0.0	0.0	0.0	0.0	0.0	0.0	0.0	0.0	0.5044773156340312	0.3217068843559406	1.0365376214791633	0.0	0.5044773156340312	0.0	0.0	0.0	0.0	4.183332202559309	0.0	0.8799637397993496	0.0	0.9903472873986746	0.0	0.0	0.0	0.0	0.0	0.7315964155587765	0.0	0.6327175086424655	0.0	1.4368075597063161	0.0	0.0	0.0	1.2685868588325369	0.0	0.81208531603788	0.3217068843559406	3.4703132788856283	0.0	0.3217068843559406	0.0	1.1163673250096928	0.0	0.6327175086424655	0.0	0.0	0.0	0.0	0.0	0.0	0.0	0.0	0.0	0.0	2.2220035505999065	0.0	0.0	0.0	0.0	0.0	0.0	0.0	3.355735728349828	0.0	0.0	0.0	0.0	0.0	0.0	0.0	0.0	0.0	0.0	0.0	0.0	0.0	1.0365376214791633	0.0	0.3217068843559406	0.0	0.0	0.0	0.0	0.5044773156340312	0.0	0.9903472873986746	0.0	0.0	0.0	0.0	0.0	0.0	0.0	0.0	0.0	0.0	1.1163673250096928	0.0	0.0	0.0	0.0	0.0	0.0	0.0	0.9386531031926294	0.0	0.0	0.3217068843559406	1.2421152742649917	0.0	0.0	0.0	0.3217068843559406	0.5044773156340312	0.0	0.5044773156340312	0.0	0.0	0.0	0.6327175086424655	0.9903472873986746	0.3217068843559406	0.0	0.0	0.0	0.0	0.0	0.0	0.3217068843559406	0.0	0.0	0.0	0.0	0.5044773156340312	0.5044773156340312	0.3217068843559406	0.0	3.218213268536754	0.3217068843559406	0.3217068843559406	0.0
SRR11292146	0.0	2.7985688508616016	0.0	0.0	0.0	0.3523291983339225	0.6769020351232823	1.371320620718568	0.0	1.2043674768019204	1.2958177260419772	0.7783712521440456	0.0	0.0	1.4550995887035718	0.0	4.680812511630987	0.7783712521440456	0.0	1.2370377888369233	0.0	0.0	3.076631098494519	0.7783712521440456	0.0	0.0	0.6769020351232823	0.0	0.0	0.0	0.0	0.0	0.7783712521440456	0.5442566241102198	1.2958177260419772	0.0	0.5442566241102198	0.0	0.3523291983339225	0.0	0.0	3.855313427985092	0.0	1.0416326815534735	0.0	1.371320620718568	0.0	0.0	0.3523291983339225	0.0	0.0	0.8605655926115976	0.0	0.0	0.0	1.5087855244261383	0.0	0.0	0.0	1.7765974814606564	0.0	3.1137057394662224	0.5442566241102198	2.32711044427095	0.0	0.5442566241102198	0.0	2.8991259034915404	0.9296518652847086	1.0883785333551745	0.0	0.0	0.0	0.0	0.0	0.0	0.0	0.0	0.0	0.0	1.5713831809759302	0.0	0.0	0.0	0.0	0.0	0.0	0.0	2.4352309078077736	0.0	0.0	0.0	0.0	0.0	0.0	0.0	0.0	0.0	0.0	0.0	0.0	0.0	0.9296518652847086	0.0	0.3523291983339225	0.5442566241102198	0.0	0.0	0.3523291983339225	0.5442566241102198	0.0	0.9892415360560327	0.0	0.0	0.0	0.0	0.5442566241102198	0.0	0.0	0.0	0.0	0.0	0.5442566241102198	0.0	0.3523291983339225	0.0	0.0	0.0	0.0	0.0	2.0045827495611075	0.0	0.0	0.6769020351232823	1.2043674768019204	0.7783712521440456	2.596585458875855	0.3523291983339225	0.0	0.9296518652847086	0.0	0.6769020351232823	0.0	0.0	0.0	1.1305782080174338	0.8605655926115976	0.0	0.3523291983339225	0.0	0.0	0.7783712521440456	0.3523291983339225	0.0	0.0	0.0	0.0	0.0	0.0	0.0	1.3938285289100076	0.6769020351232823	0.0	1.819803925651466	3.1069645146838862	0.8605655926115976	0.6769020351232823
SRR11292147	0.0	0.35386945091653527	0.0	0.0	0.0	0.0	0.9917264134821597	1.2069628924161913	0.0	1.615741939220353	1.814224887517536	0.35386945091653527	0.0	0.5462357568687167	1.5114678046756516	0.0	3.4704168396770996	0.35386945091653527	0.0	3.2413270995398045	0.0	0.0	2.3324155052489703	0.5462357568687167	0.0	0.0	0.9320951196483963	0.0	0.0	0.0	0.0	0.0	0.5462357568687167	0.5462357568687167	1.861827810259714	0.0	0.5462357568687167	0.0	0.35386945091653527	0.0	0.0	4.640981505353142	0.0	2.4258563340649464	0.8629528636389163	1.3739710577439233	0.0	0.0	0.0	0.0	0.0	0.35386945091653527	0.0	0.35386945091653527	0.0	1.3964848936726444	0.0	0.0	0.0	0.0	0.0	2.6462307547926343	0.0	3.0363521916661163	0.0	0.8629528636389163	0.0	1.64145157511166	0.6790888742674505	0.7806791987260846	0.0	0.35386945091653527	0.0	0.0	0.0	0.0	0.0	0.0	0.0	0.0	3.3651829463786047	0.0	0.0	0.0	0.0	0.0	0.0	0.0	3.543172604818337	0.35386945091653527	0.0	0.0	0.0	0.0	0.0	0.0	0.0	0.0	0.0	0.0	0.0	0.0	1.2984458769141207	0.0	0.7806791987260846	0.0	0.0	0.0	0.0	0.5462357568687167	0.35386945091653527	0.35386945091653527	0.0	0.0	0.6790888742674505	0.0	0.0	0.35386945091653527	0.0	0.0	0.0	0.35386945091653527	0.8629528636389163	0.0	0.6790888742674505	0.0	0.0	0.0	0.0	0.0	1.6773696440170196	0.0	0.0	0.5462357568687167	0.0	0.7806791987260846	1.350225985976636	0.5462357568687167	0.0	0.0	0.0	0.35386945091653527	0.0	0.0	0.0	0.5462357568687167	0.0	0.35386945091653527	0.0	0.0	0.0	0.5462357568687167	0.0	0.0	0.0	0.0	0.0	0.0	0.0	0.0	1.2700401655673312	0.35386945091653527	0.0	3.6301151523757884	2.877944221805829	1.1716189205978595	0.6790888742674505
SRR11292148	0.0	2.548518823643083	0.2839907222833957	0.0	0.0	0.2839907222833957	0.0	0.2839907222833957	0.0	1.047413395566125	1.0819449610220189	0.0	0.0	0.0	1.5459608366818907	0.454250352711443	4.469751894857125	0.0	0.0	1.3285246342053787	0.0	0.0	2.7659998912429358	0.2839907222833957	0.0	0.0	1.1716024266749607	0.0	0.0	0.0	0.0	0.0	0.2839907222833957	0.5762436449104779	1.0098971343041037	0.0	0.454250352711443	0.0	0.2839907222833957	0.0	0.0	4.384670449717451	0.0	1.047413395566125	0.454250352711443	1.0819449610220189	0.0	0.0	0.0	0.0	0.454250352711443	0.454250352711443	0.0	0.2839907222833957	0.0	0.454250352711443	0.0	0.0	0.0	0.454250352711443	0.0	2.4439122909825644	0.0	2.307812746993208	0.0	0.2839907222833957	0.0	1.0819449610220189	0.0	3.156979206418612	0.0	0.0	0.0	0.0	0.0	0.2839907222833957	0.0	0.0	0.0	0.0	2.2792684662816884	0.0	0.0	0.0	0.0	0.0	0.0	0.0	3.0785281151515598	0.2839907222833957	0.0	0.0	0.0	0.0	0.0	0.0	0.0	0.0	0.0	0.0	0.0	0.0	0.749369346665188	0.0	0.749369346665188	0.0	0.0	0.0	0.0	1.0819449610220189	0.2839907222833957	0.8154651014436785	0.0	0.0	0.0	0.0	0.749369346665188	0.0	0.0	0.0	0.0	0.0	2.961335717328218	0.0	0.0	0.0	0.0	0.2839907222833957	0.0	0.0	1.0098971343041037	0.0	0.0	0.454250352711443	0.8728176760829036	0.454250352711443	1.1977989299774663	0.0	0.0	0.0	0.0	1.2458804690967256	0.0	0.0	0.0	0.6713767546584797	0.454250352711443	0.0	0.0	0.0	0.0	0.0	0.0	0.0	0.0	0.2839907222833957	0.2839907222833957	0.0	0.0	0.0	1.1977989299774663	0.454250352711443	0.0	3.128411771040762	3.120890464211372	0.8154651014436785	0.0
SRR11292149	0.0	2.953055703896927	0.21990488024872987	0.0	0.21990488024872987	0.21990488024872987	0.0	1.331142276111739	0.9499109230223614	1.3932600217691316	1.5555640975837697	0.3651971582014707	0.0	0.0	2.20911411195801	0.7493160549640336	4.32658518344045	0.5607306254044964	0.3651971582014707	3.6212942914569948	0.0	0.0	2.7720753084134193	0.5607306254044964	0.0	0.0	0.9165306979507676	0.4738766218770626	0.0	0.0	0.0	0.0	0.6330761318840122	0.0	1.3175766498259922	0.0	1.8464513223992214	0.5607306254044964	0.6330761318840122	0.0	0.0	4.438559197679001	0.0	2.478489549913218	0.8409218993356067	1.5137864221553898	0.0	0.21990488024872987	1.0624908065510406	0.0	0.9499109230223614	0.7493160549640336	0.0	0.6330761318840122	0.0	2.3625008807722496	0.0	0.0	0.0	1.7302805048296765	0.0	2.6891537306684854	0.4738766218770626	3.196797176627184	0.0	1.0624908065510406	0.0	2.975132421101628	0.5607306254044964	0.6330761318840122	0.0	0.0	0.0	0.0	0.0	0.0	0.7493160549640336	0.0	0.0	0.0	1.7408072103501637	0.21990488024872987	0.0	0.0	0.0	0.0	0.0	0.6330761318840122	2.713081044377257	0.5607306254044964	0.0	2.408442611266415	0.21990488024872987	0.3651971582014707	0.0	0.0	2.55584089425816	0.0	0.0	0.0	0.0	0.3651971582014707	0.6330761318840122	0.0	1.22586118533677	0.4738766218770626	0.0	0.0	0.21990488024872987	0.7975298183314211	0.21990488024872987	0.7975298183314211	0.0	0.0	0.0	0.0	1.0369621497494472	0.0	0.0	0.0	0.4738766218770626	0.0	0.4738766218770626	0.0	0.0	0.0	0.6330761318840122	0.21990488024872987	0.0	0.4738766218770626	1.7027902286438978	0.0	0.0	0.7975298183314211	0.5607306254044964	0.7493160549640336	0.7975298183314211	0.3651971582014707	0.0	0.21990488024872987	0.0	1.0369621497494472	0.0	0.0	0.0	1.0624908065510406	0.5607306254044964	0.7493160549640336	0.21990488024872987	0.0	0.21990488024872987	1.5555640975837697	0.7975298183314211	0.0	0.4738766218770626	1.3442969698685272	0.0	0.0	0.0	0.4738766218770626	1.5224696599059755	0.3651971582014707	0.0	3.207225706398017	2.5775789032776015	1.0866017884384143	0.9499109230223614
SRR11292150	0.0	2.566145687159261	0.0	0.0	0.0	0.0	0.0	1.2965859367896468	0.0	0.590145141307042	0.7273482853766472	0.0	0.0	0.38843442287534197	2.648246699053529	0.0	3.9188682304345	0.9153670978999813	0.7273482853766472	1.7363758576816486	0.0	1.2636481657461862	1.898051833179762	0.0	0.0	0.0	0.8314540671047007	0.0	0.0	0.0	0.0	0.0	0.38843442287534197	0.0	0.8314540671047007	0.38843442287534197	0.38843442287534197	0.0	0.0	0.7273482853766472	0.0	4.412418175982408	0.0	3.531511399497634	0.590145141307042	1.9136499123190716	0.0	0.0	0.8314540671047007	0.0	0.590145141307042	0.0	0.0	0.590145141307042	0.0	2.4073469856594834	0.0	0.0	0.0	0.7273482853766472	0.0	2.8149730630538525	0.0	3.7133696099645976	0.0	1.046148975993219	0.0	2.8263602768432965	0.38843442287534197	2.4404626409174925	0.0	0.0	0.0	0.590145141307042	0.0	0.9856624456811561	0.0	0.0	0.0	0.0	2.409797979837606	0.0	0.0	0.0	0.0	0.0	0.0	0.0	3.5662778864354934	1.3557988728384065	0.0	2.2662934320251678	0.0	0.0	0.0	0.0	4.0525980517953455	0.0	0.0	0.0	0.0	0.0	1.5699225557582963	0.0	1.046148975993219	0.0	0.0	0.0	0.0	0.0	0.0	0.0	0.0	0.0	0.0	0.0	0.9153670978999813	0.0	0.0	0.0	0.38843442287534197	0.0	1.046148975993219	0.0	1.2280058035156471	0.0	0.0	0.0	0.0	0.0	1.3826295757210223	0.0	0.0	1.1891746346357346	0.9153670978999813	0.590145141307042	0.590145141307042	0.0	0.0	0.0	0.0	1.2965859367896468	0.38843442287534197	0.0	0.0	0.590145141307042	0.38843442287534197	0.0	0.590145141307042	0.0	0.38843442287534197	0.38843442287534197	0.0	0.38843442287534197	0.590145141307042	0.8314540671047007	0.0	0.0	0.0	0.7273482853766472	0.8314540671047007	2.13183178631785	0.0	1.6745674998363682	2.4796360425510264	0.0	1.431778023594462
SRR11292151	0.0	2.7524171410109077	0.0	0.0	0.0	0.3174891103613715	0.4989309831073789	0.7250132617253878	0.0	0.8052464730721585	0.0	0.0	0.0	0.3174891103613715	1.824206239281118	1.5226730474208519	4.320452954381397	0.0	0.7250132617253878	0.0	0.0	0.0	0.0	0.0	0.0	0.0	0.0	0.3174891103613715	0.0	0.0	0.0	0.0	0.0	0.3174891103613715	1.4783614812772756	0.0	0.7250132617253878	0.3174891103613715	0.0	0.3174891103613715	0.0	4.523649832843875	0.0	2.135875586712442	0.0	1.029191539673795	0.0	0.0	0.0	0.0	0.626520507573121	1.23448626903954	0.0	0.0	0.0	2.246971067500555	0.0	0.0	0.0	0.8052464730721585	0.0	1.3926887958923708	0.3174891103613715	3.134039597605274	0.0	0.4989309831073789	0.0	2.722449679750515	0.8729431094720148	0.3174891103613715	0.0	0.0	0.0	0.0	0.0	0.0	0.0	0.0	0.3174891103613715	0.0	1.9813570962588598	0.0	0.0	0.0	0.0	0.0	0.0	0.0	2.184386128431864	0.8052464730721585	0.0	0.626520507573121	0.0	0.0	0.0	0.0	0.0	0.0	0.0	0.0	0.0	0.0	0.0	0.0	0.3174891103613715	0.3174891103613715	0.0	0.0	0.0	0.0	0.0	0.0	0.0	0.0	0.0	0.0	0.0	0.0	0.0	0.0	0.0	0.0	0.4989309831073789	0.0	0.0	0.0	0.0	0.3174891103613715	0.0	0.0	1.029191539673795	0.0	0.0	0.7250132617253878	0.0	0.0	0.626520507573121	0.0	0.0	0.3174891103613715	0.0	1.070869303842655	0.0	0.0	0.0	1.1762149085490998	1.6335978553555295	0.8729431094720148	0.4989309831073789	0.0	0.0	0.3174891103613715	0.3174891103613715	0.0	0.0	1.070869303842655	0.3174891103613715	0.0	0.0	0.0	0.4989309831073789	0.8729431094720148	0.0	3.6181080895015585	0.3174891103613715	0.0	0.3174891103613715
SRR11292152	0.34583668781170707	1.0775954236213958	0.0	0.5358919573931878	0.0	1.7650426225794904	0.0	0.34583668781170707	0.0	1.3600729332601142	0.6676478594291053	0.0	0.0	0.0	1.799929444354983	1.0309597806615645	4.3872920756613025	0.34583668781170707	0.0	2.370575240053845	0.34583668781170707	0.0	3.0547526025937963	0.0	0.0	0.0	0.8504509258477381	0.5358919573931878	0.0	0.0	0.0	0.0	0.6676478594291053	0.0	1.4243034665173222	0.34583668781170707	0.34583668781170707	0.6676478594291053	1.4243034665173222	0.6676478594291053	0.0	4.475698151335568	0.0	2.0889728307508806	0.34583668781170707	2.126107065841315	1.8243704027999974	0.0	1.4974004935337615	0.0	0.8504509258477381	0.9192964757276243	0.0	1.7170812493152972	0.34583668781170707	1.5139021210324413	0.0	0.0	0.0	0.5358919573931878	0.0	2.2551573523349213	0.34583668781170707	3.2348919534830927	0.8504509258477381	0.9192964757276243	0.0	2.7807452094396727	0.8504509258477381	0.7685973912430655	0.0	0.0	0.0	0.0	0.0	0.0	0.0	0.0	0.0	0.0	1.9875395021397182	0.0	0.0	0.0	0.0	0.0	0.0	0.0	1.847508863736404	0.6676478594291053	0.0	1.1933569768942374	0.0	0.34583668781170707	0.0	0.0	2.5779308794544034	0.0	0.7685973912430655	0.0	0.0	0.0	0.34583668781170707	1.5599486277926318	1.8694766557314362	0.34583668781170707	0.0	0.0	0.0	0.34583668781170707	0.34583668781170707	0.9192964757276243	0.0	0.0	0.0	0.5358919573931878	0.34583668781170707	0.5358919573931878	0.0	1.755864741034547	1.5139021210324413	0.0	0.0	0.34583668781170707	0.0	0.0	0.0	0.6676478594291053	0.0	1.6744916306515678	2.483049621403491	0.34583668781170707	0.0	2.003562719472049	1.9820643091775696	0.0	0.9192964757276243	0.0	0.0	0.5358919573931878	0.0	0.7685973912430655	0.34583668781170707	0.0	0.0	1.0309597806615645	0.6676478594291053	0.34583668781170707	0.9192964757276243	0.0	0.6676478594291053	0.0	0.0	0.0	0.0	0.7685973912430655	0.34583668781170707	0.0	0.0	0.0	0.9192964757276243	0.34583668781170707	0.0	3.0721116845725125	2.5666065319157334	0.5358919573931878	0.34583668781170707
SRR11292153	0.0	2.666817931030577	0.0	0.0	0.0	0.7543487818263205	0.0	0.4082402952513355	0.0	0.0	0.0	0.0	0.0	0.0	0.4082402952513355	0.0	4.519125748119026	0.7543487818263205	0.4082402952513355	2.9887556439869645	0.0	0.0	2.7465724705004666	0.0	0.0	0.0	0.0	0.0	0.0	0.0	0.0	0.0	0.0	0.0	1.0762767514205311	0.0	0.7543487818263205	0.6148976260549822	0.0	0.0	0.0	4.370275971574381	0.0	0.0	1.22010859686229	1.842859296109495	0.0	0.0	0.0	0.0	0.0	0.0	0.0	0.0	0.0	1.5667914391395237	0.0	0.0	0.0	1.7327158717697968	0.0	1.7327158717697968	0.4082402952513355	3.1213371076898095	0.0	0.0	0.0	2.1308487205359743	0.0	1.528402963354766	0.0	0.0	0.0	0.0	0.0	0.0	0.0	0.0	0.0	0.0	1.9306439761292569	0.0	0.0	0.0	0.0	0.0	0.0	0.0	1.745075323282976	0.0	0.0	0.0	0.0	0.0	0.0	0.0	0.0	0.0	0.0	0.0	0.0	0.0	0.0	0.0	0.4082402952513355	0.4082402952513355	0.0	0.0	0.0	0.4082402952513355	0.0	0.6148976260549822	0.0	0.0	0.0	0.0	0.4082402952513355	0.0	0.0	0.0	0.0	0.0	1.177248341694734	0.0	0.0	0.0	0.0	0.0	0.0	0.0	1.2949074245878933	0.0	0.0	0.6148976260549822	0.4082402952513355	0.4082402952513355	0.0	0.0	0.0	0.0	0.0	1.2591163558091842	0.0	0.0	0.0	0.4082402952513355	0.6148976260549822	0.0	0.0	0.0	0.0	0.0	0.0	0.0	0.4082402952513355	0.0	0.0	0.0	0.0	0.0	0.6148976260549822	0.0	0.0	1.439648951328127	3.1259240088685165	0.0	0.4082402952513355
SRR11292154	0.5812523102913716	2.6115815787957013	0.0	1.285189754067024	0.0	1.9093788152832976	0.904833532374895	0.5812523102913716	0.0	1.8940611741552358	1.6628141337000075	1.9523346253817466	0.3813743827023714	1.4428291184124484	3.2953977969873383	0.8212347489299715	4.335942765135835	0.904833532374895	1.1779507922946713	2.718325521580808	0.3813743827023714	1.4848002535559781	3.4400904545916724	0.3813743827023714	0.0	0.0	1.5230702682536452	0.3813743827023714	0.0	0.904833532374895	0.0	0.0	1.924174555838795	1.5582393420377116	2.261096952581057	0.904833532374895	0.3813743827023714	1.0352317423919957	2.299523702974544	1.3443243837843009	0.0	4.314482433453543	0.3813743827023714	1.1779507922946713	1.5230702682536452	2.5403086318894634	0.7176130183725772	0.0	1.3711229664508777	0.0	0.8212347489299715	2.055052907578247	0.0	1.8175394103559397	0.0	1.2167146955167583	0.0	0.0	0.9749084197491735	1.3963635855255476	0.3813743827023714	2.9823569996477843	1.3963635855255476	3.340049015757102	0.0	1.135384797586784	0.7176130183725772	2.9842612155999992	0.7176130183725772	1.7985346358578487	1.3711229664508777	1.4428291184124484	0.5812523102913716	0.8212347489299715	1.135384797586784	0.8212347489299715	0.0	0.7176130183725772	0.8212347489299715	0.3813743827023714	2.0386026804643054	1.6493302573609168	0.5812523102913716	0.0	0.8212347489299715	0.0	0.0	0.3813743827023714	3.2064363930489312	1.4428291184124484	0.7176130183725772	0.9749084197491735	0.0	1.1779507922946713	0.0	0.0	2.585412366680559	0.0	1.0352317423919957	0.0	0.9749084197491735	1.1779507922946713	2.3854401297490813	1.0352317423919957	1.6758919415969038	1.7470310967349403	0.0	0.3813743827023714	0.904833532374895	1.7009223055614904	1.0881889438663828	1.8617031666622865	0.0	1.464321511180199	0.7176130183725772	0.3813743827023714	2.188370328975591	1.464321511180199	0.904833532374895	1.6493302573609168	0.7176130183725772	0.0	1.3963635855255476	0.0	0.5812523102913716	0.0	1.5043566686322039	1.3157627823641647	0.0	1.252300384012647	2.9817204010750276	0.9749084197491735	0.3813743827023714	2.5885742085689967	1.7129165029985332	1.464321511180199	2.254348451463743	1.4428291184124484	1.6628141337000075	2.1803802145525943	0.7176130183725772	2.405104718277022	0.0	1.3157627823641647	0.0	1.757832038874696	2.1009658680070586	2.2509344647745713	1.1779507922946713	0.0	2.296448190125286	1.7786599999465071	0.8212347489299715	0.5812523102913716	2.4026947901615	0.8212347489299715	0.3813743827023714	0.0	0.0	0.904833532374895	1.3443243837843009	1.7786599999465071	0.3813743827023714	2.8906182097645514	2.4002714145435364	1.135384797586784	2.838059962866347
SRR11292155	0.707339567283201	2.9293282038690696	0.0	0.0	0.0	0.0	0.37397145780370195	0.9946456041324393	0.0	0.0	0.22605369266891856	0.48410704364843843	0.0	0.22605369266891856	2.19506101505152	1.4623705369455364	4.206068504742288	0.5718867541877877	0.48410704364843843	2.6548521962488714	0.37397145780370195	0.0	2.5302338287735693	0.0	0.0	0.0	0.707339567283201	0.37397145780370195	0.0	0.0	0.0	0.0	0.963532144975318	0.22605369266891856	1.7062943201600176	0.0	0.6448727191814545	0.0	0.5718867541877877	0.0	0.0	4.5478149755554975	0.0	1.8003202024056257	0.0	1.3589285369887103	0.0	0.0	0.6448727191814545	0.0	0.5718867541877877	1.7178049135155362	0.0	0.5718867541877877	0.0	0.963532144975318	0.0	0.22605369266891856	0.0	0.0	0.0	2.2791153853308845	0.0	3.8178576534425206	0.0	1.1006805002423576	0.0	0.8936963667998518	0.0	0.6448727191814545	0.22605369266891856	0.22605369266891856	0.0	0.0	0.0	0.6448727191814545	0.0	0.0	0.48410704364843843	0.0	2.421455206351643	0.0	0.0	0.0	0.0	0.0	0.0	0.0	2.306318255889972	0.9300164698946493	0.0	1.4194044876185812	0.0	0.0	0.0	0.0	0.0	0.0	0.0	0.0	0.0	0.22605369266891856	1.0508911565366432	0.0	1.492017021262927	0.0	0.0	0.22605369266891856	0.0	0.22605369266891856	0.0	0.48410704364843843	0.0	0.0	0.0	1.2402788669481577	0.48410704364843843	0.0	0.22605369266891856	0.0	0.48410704364843843	0.0	1.9756838033400026	0.0	0.48410704364843843	0.0	0.0	0.0	0.0	0.0	1.8491365992868254	0.0	0.0	0.707339567283201	0.7619409679896936	0.0	1.1006805002423576	0.0	0.0	0.48410704364843843	0.0	1.4823579896432217	0.0	0.22605369266891856	0.0	0.8936963667998518	0.6448727191814545	0.5718867541877877	0.0	0.0	0.22605369266891856	0.5718867541877877	0.48410704364843843	0.0	0.0	1.9941065157885995	0.0	0.0	0.0	0.37397145780370195	0.22605369266891856	1.0236782910767976	0.0	2.5087148061527405	2.5548890157775435	0.22605369266891856	0.0
SRR11292156	0.22908872498654514	2.8349763187690273	0.0	0.22908872498654514	0.22908872498654514	1.3788441673894005	0.22908872498654514	1.0013395452999692	1.2117356935208425	0.22908872498654514	0.4891216851453478	0.37828303709349564	0.0	0.0	2.4220728922509123	2.1415984703250395	4.102846393298946	0.8167364361941485	0.22908872498654514	0.650639667147344	0.22908872498654514	0.0	2.6295590257415404	0.0	0.0	0.0	1.8564737132229459	1.1522576273421616	0.0	0.0	0.0	0.0	0.0	0.0	1.2117356935208425	0.0	0.7133312363287054	0.37828303709349564	1.6009979630559794	0.0	0.5773465436372087	4.482789559052933	0.0	0.22908872498654514	0.8167364361941485	1.448593100533527	0.0	0.0	0.7133312363287054	0.22908872498654514	1.1075365083088538	2.139415417744735	0.5773465436372087	0.22908872498654514	0.0	1.880961400021011	0.0	0.4891216851453478	0.0	1.3788441673894005	0.0	1.7981454553612586	0.7133312363287054	3.787277511702685	0.0	1.391274914502004	0.0	2.8821678750926734	0.9001944601773404	0.7133312363287054	0.0	0.37828303709349564	0.0	0.0	0.0	0.37828303709349564	0.22908872498654514	0.0	0.0	0.0	2.623140126214667	0.0	0.0	0.0	0.0	0.0	0.0	0.0	2.24907534740197	0.7133312363287054	0.0	2.0883831129887045	0.0	0.0	0.5773465436372087	0.37828303709349564	0.0	0.0	0.0	0.0	0.0	0.8167364361941485	0.7133312363287054	0.0	1.7251051433685582	1.872951278625908	0.0	0.0	0.650639667147344	0.22908872498654514	0.0	0.8604671287541075	0.0	0.0	0.0	0.0	0.22908872498654514	0.22908872498654514	0.7133312363287054	0.0	0.9001944601773404	0.0	0.37828303709349564	0.22908872498654514	0.5773465436372087	0.0	0.37828303709349564	0.7681041817858374	0.0	0.0	1.6509394713881957	0.0	0.0	1.0304206153101614	1.1522576273421616	0.0	1.5086748536331653	0.22908872498654514	1.0304206153101614	0.8604671287541075	0.0	1.3660471061285375	0.0	0.0	0.0	0.9365903314072026	1.9538541243683358	0.7681041817858374	0.22908872498654514	0.0	0.0	0.7133312363287054	0.37828303709349564	0.0	0.22908872498654514	1.310717766835734	0.650639667147344	0.37828303709349564	0.0	2.016252701948907	1.4033597365701005	0.9701705096022677	0.0	0.8167364361941485	3.9267365575972293	0.22908872498654514	0.4891216851453478
SRR11292157	0.0	1.2194385450533058	0.0	0.0	0.0	0.0	0.7466897717546646	0.7466897717546646	0.0	0.0	0.573849224441463	0.0	0.0	0.0	1.6440317993939315	0.0	4.208611706988014	0.28242787474286635	0.0	3.5396952146235843	0.0	0.0	2.3219722174910604	0.0	0.0	0.0	0.28242787474286635	0.573849224441463	0.0	0.0	0.0	0.0	0.28242787474286635	0.0	2.318164121162177	0.0	0.668811731660063	0.0	0.0	0.0	0.0	4.6113281409496105	0.0	0.9206002928502232	0.0	1.0789536800143193	0.0	0.0	0.0	0.0	0.573849224441463	0.0	0.0	0.28242787474286635	0.0	2.086113606399264	0.0	0.0	0.0	1.7886308938862703	0.0	1.0069547501460636	0.0	2.3918632119878085	0.0	0.8127032999231174	0.0	2.2884865102876604	0.668811731660063	0.45213704852658104	0.0	0.0	0.0	0.28242787474286635	0.0	0.573849224441463	0.0	0.0	0.0	0.0	0.965920318707151	0.0	0.0	0.0	0.0	0.0	0.0	0.0	1.8013880074585642	0.0	0.0	0.28242787474286635	0.0	0.0	0.0	0.0	0.45213704852658104	0.0	0.0	0.0	0.0	0.0	0.0	0.0	0.573849224441463	0.0	0.0	0.0	0.0	0.573849224441463	0.0	0.28242787474286635	0.0	0.0	0.0	0.0	0.0	0.0	0.0	0.0	0.0	0.0	0.0	0.0	0.28242787474286635	0.0	0.0	0.0	0.0	0.0	0.45213704852658104	0.0	0.0	0.28242787474286635	1.1685605962016226	0.0	0.573849224441463	0.0	0.0	0.0	0.0	1.468353641327746	0.0	0.0	0.0	0.28242787474286635	0.8127032999231174	0.0	0.28242787474286635	0.0	0.28242787474286635	0.45213704852658104	0.0	0.0	0.0	0.573849224441463	0.28242787474286635	0.0	0.0	0.0	0.0	0.0	0.0	0.28242787474286635	1.4105386174137733	0.0	0.28242787474286635
SRR11292158	0.33465185351299565	2.5417472703379866	0.0	0.0	0.0	0.33465185351299565	0.0	0.5213958377484534	0.0	0.33465185351299565	0.33465185351299565	0.0	0.0	0.0	1.6968925131235832	0.5213958377484534	4.291371576475964	0.33465185351299565	0.33465185351299565	1.890001855033599	0.0	0.0	2.8803124552913437	0.0	0.0	0.0	0.33465185351299565	0.0	0.0	0.0	0.0	0.0	0.0	0.0	1.6313978828106785	0.0	0.5213958377484534	0.0	0.33465185351299565	0.0	0.0	4.579744423446615	0.0	2.1135068035972013	0.33465185351299565	1.3403992763219017	0.0	0.0	0.0	0.0	0.33465185351299565	2.6951136175184596	0.0	0.0	0.0	1.265166594918473	0.0	0.0	0.0	0.6515645257478873	0.0	1.9671633747324317	0.33465185351299565	1.998624444853476	0.0	0.0	0.0	2.938647878714727	1.0123260599289265	0.33465185351299565	0.0	0.0	0.0	0.0	0.0	0.33465185351299565	0.0	0.0	0.0	0.0	2.5489291472114983	0.0	0.0	0.0	0.0	0.0	0.0	0.0	1.8700648050150643	0.0	0.0	0.5213958377484534	0.0	0.0	0.0	0.0	0.0	0.0	0.0	0.0	0.0	0.0	0.7515825431373594	0.0	1.2917188106066817	0.0	0.0	0.0	0.0	0.5213958377484534	0.5213958377484534	0.7515825431373594	0.0	0.0	0.0	0.0	0.5213958377484534	0.0	0.0	0.0	0.33465185351299565	0.0	1.3841689399551202	0.0	0.0	0.0	0.33465185351299565	0.33465185351299565	0.0	0.0	2.444787047479875	0.0	0.0	0.5213958377484534	1.0123260599289265	0.0	0.0	0.0	0.0	0.33465185351299565	0.0	1.2066319254999642	0.0	0.0	0.0	0.6515645257478873	0.7515825431373594	0.5213958377484534	0.33465185351299565	0.0	0.33465185351299565	0.5213958377484534	0.0	0.0	0.0	0.0	0.33465185351299565	0.0	0.0	0.6515645257478873	0.0	0.0	0.0	1.73564147410726	2.5629461325307723	0.6515645257478873	0.6515645257478873
SRR11292159	0.0	2.7461756962201442	0.0	0.0	0.0	0.7662907457950772	0.0	0.8722229816724323	0.41710385820448687	0.0	0.41710385820448687	0.0	0.0	0.0	0.6258855281971543	0.0	4.452215533425637	0.41710385820448687	0.6258855281971543	2.1599819315419215	0.0	0.0	2.2434867522567377	0.0	0.0	0.0	0.0	0.0	0.0	0.0	0.0	0.0	0.0	0.0	1.8853665754663411	0.0	0.0	0.41710385820448687	0.0	0.0	0.0	4.46392451559062	0.0	1.7829960847597233	0.0	1.5808574948951526	0.0	0.41710385820448687	0.0	0.0	0.41710385820448687	0.41710385820448687	0.0	0.41710385820448687	0.0	0.8722229816724323	0.0	0.0	0.0	1.428208969732142	0.0	0.8722229816724323	0.0	3.274878315878584	0.0	0.6258855281971543	0.0	1.7712956477044364	1.2337031317180074	0.7662907457950772	0.0	0.0	0.0	0.0	0.0	0.0	0.0	0.0	0.0	0.0	2.3968425691789186	0.0	0.0	0.0	0.0	0.0	0.0	0.41710385820448687	1.9287279891302118	0.0	0.0	0.0	0.0	0.0	0.0	0.0	0.0	0.0	0.0	0.0	0.0	0.0	0.41710385820448687	0.0	0.6258855281971543	0.0	0.0	0.0	0.0	0.6258855281971543	0.0	0.0	0.0	0.0	0.0	0.0	0.0	0.0	0.0	0.0	0.0	0.0	0.6258855281971543	0.0	0.41710385820448687	0.0	0.0	0.41710385820448687	0.0	0.0	2.8446861239781196	0.0	0.0	0.0	1.1430863079863303	0.0	0.0	0.0	0.0	0.6258855281971543	0.0	1.1430863079863303	0.0	0.0	0.0	1.9605469841575822	0.8722229816724323	0.0	0.7662907457950772	0.0	0.0	0.0	0.0	0.0	0.41710385820448687	0.0	0.0	0.0	0.0	0.41710385820448687	1.1430863079863303	0.0	0.0	1.0895343111878346	2.024613297813252	0.0	0.6258855281971543
SRR11292160	0.0	2.8376805282808135	0.0	0.0	0.0	0.8336001851702617	0.0	0.7293941214722958	0.0	1.3718303340384148	0.7293941214722958	0.8336001851702617	0.0	0.0	1.7028217374452383	0.0	4.597035393387567	0.0	0.0	0.7293941214722958	0.0	0.8336001851702617	3.1456811767245605	0.0	0.0	0.0	0.38992358496071244	0.0	0.0	0.0	0.0	0.0	0.5920161259088303	0.6661146300687384	1.3441370677073685	0.0	0.0	0.0	0.7293941214722958	0.23732717056345115	0.0	3.895176614141114	0.0	1.6049328821990867	1.563834399668982	1.0758051919467027	0.0	0.0	0.38992358496071244	0.0	0.5026204013306063	2.825582085863203	0.0	1.1258504984558872	0.0	0.7846151281766285	0.0	0.23732717056345115	0.0	1.1258504984558872	0.0	2.376663000725011	0.38992358496071244	1.9084058592594857	0.0	0.23732717056345115	0.0	2.483183141430453	0.0	4.002168410963755	0.0	0.0	0.5920161259088303	0.0	0.0	0.0	0.0	0.0	0.0	0.0	1.3978630657185653	0.0	0.0	0.0	0.0	0.0	0.0	0.0	2.2983763518388605	0.23732717056345115	0.0	0.5026204013306063	0.0	0.23732717056345115	0.0	0.0	0.0	0.0	0.0	0.0	0.0	0.23732717056345115	0.7293941214722958	0.0	0.5920161259088303	0.877615881046325	0.0	0.0	0.23732717056345115	0.9879191836414246	0.0	0.7846151281766285	0.0	0.5026204013306063	0.0	0.23732717056345115	0.5026204013306063	0.0	0.0	0.954171266431394	0.0	0.0	0.23732717056345115	0.0	0.0	0.0	0.0	0.0	0.23732717056345115	0.5026204013306063	1.9348780757076294	0.0	0.0	1.546240409002022	1.4677324177499815	0.23732717056345115	1.1707201793475661	0.23732717056345115	0.5920161259088303	1.0484394454928945	0.0	1.6278459342550733	0.0	0.0	0.0	0.5026204013306063	1.2485662986295085	0.5920161259088303	0.0	0.0	0.9175782471086464	0.23732717056345115	0.0	0.0	0.0	0.23732717056345115	0.0	0.0	0.0	0.0	0.5920161259088303	1.4224231845860418	0.0	1.7774139181986028	2.105585465119148	0.38992358496071244	1.0192326730752237
SRR11292161	0.0	2.8847901168925323	0.27614466268950244	0.0	0.0	0.0	0.27614466268950244	1.573259668892266	0.5641759960794308	1.2303254140984448	1.878775109367019	0.27614466268950244	0.0	0.0	1.9404974244003292	2.31630573241961	4.105965200269164	0.0	0.0	2.5205709940957646	0.0	0.0	2.069702367743708	0.0	0.0	0.0	0.27614466268950244	0.6584389290959398	0.0	0.0	0.0	0.0	0.44361351810402266	0.5641759960794308	1.3311896922229343	0.0	0.5641759960794308	0.44361351810402266	0.0	0.27614466268950244	0.0	4.558930450426639	0.0	2.4402535032908186	0.44361351810402266	2.125170253847787	0.0	0.0	0.27614466268950244	0.0	0.44361351810402266	1.7945912297351043	0.0	0.27614466268950244	0.0	1.9315541387645525	0.0	0.0	0.0	1.2070024114633477	0.0	2.9278662658433676	0.0	2.668151407027113	0.0	0.8585577919000599	0.0	2.8902899600653953	0.8015218413737857	0.6584389290959398	0.0	0.0	0.0	0.0	0.0	0.44361351810402266	0.0	0.0	0.0	0.0	2.367225256668395	0.27614466268950244	0.0	0.0	0.0	0.0	0.0	0.27614466268950244	3.6523622579223685	0.8585577919000599	0.0	0.8015218413737857	0.0	0.0	0.0	0.0	0.0	0.0	0.0	0.0	0.0	0.27614466268950244	1.1823554520775093	0.0	1.640021818942003	0.6584389290959398	0.0	0.0	0.0	0.44361351810402266	0.0	2.028350879741058	0.0	0.0	0.0	0.5641759960794308	0.8585577919000599	0.0	0.0	0.0	0.27614466268950244	0.0	0.9950295415686284	0.0	0.0	0.0	0.27614466268950244	0.27614466268950244	0.0	0.0	2.2412499593494077	0.0	0.0	0.8015218413737857	0.9950295415686284	0.27614466268950244	0.5641759960794308	0.44361351810402266	0.0	0.44361351810402266	0.0	0.9541258645965757	0.0	0.0	0.0	0.7358464489488559	1.128421395325445	0.27614466268950244	0.0	0.0	0.27614466268950244	0.7358464489488559	0.0	0.0	0.27614466268950244	0.44361351810402266	0.44361351810402266	0.0	0.0	0.6584389290959398	1.3311896922229343	0.0	0.0	1.42764820681487	3.5157573676971503	0.9089653039246013	0.5641759960794308
SRR11292162	0.0	3.187951637465498	0.0	0.0	0.0	0.5804760129074091	0.0	0.0	0.0	1.0526515859204066	0.675908226080826	1.227913061225999	0.0	0.8203411671539336	1.6875564001998438	0.0	4.646287662307764	0.4579891559893059	0.0	0.0	0.0	0.0	3.6257367968483343	0.0	0.0	0.0	0.9285410506607186	0.4579891559893059	0.0	0.0	0.0	0.0	0.9739674501838306	0.0	1.1192429480597492	0.0	0.4579891559893059	0.0	0.675908226080826	0.7541014711587328	0.0	3.9273881068047274	0.0	1.852184571788837	0.7541014711587328	1.4633050777311598	0.0	0.0	0.5804760129074091	0.0	1.227913061225999	0.7541014711587328	0.0	1.1490639189535468	0.0	0.28676051557843224	0.0	0.0	0.0	0.4579891559893059	0.0	2.5050900791893964	0.0	1.634386071716712	0.0	0.28676051557843224	0.0	3.1344563693773844	0.4579891559893059	2.1586918006195512	0.0	0.675908226080826	0.0	0.28676051557843224	0.0	0.0	0.0	0.0	0.28676051557843224	0.0	1.3340071214986882	0.0	0.0	0.0	0.0	0.0	0.0	0.4579891559893059	2.564338847775058	0.8778020373708737	0.0	0.0	0.0	0.0	0.0	0.0	0.9285410506607186	0.0	0.0	0.0	0.0	0.28676051557843224	0.4579891559893059	0.0	0.9739674501838306	0.0	0.0	0.0	0.0	1.0150890548043907	0.0	1.2946224782930347	0.0	1.1769681333970035	0.4579891559893059	0.9739674501838306	0.9285410506607186	0.0	0.0	1.251306719119562	0.0	0.0	1.784351106602189	0.0	0.0	0.0	0.0	0.0	0.0	0.0	1.9841047575157316	0.0	0.0	1.227913061225999	0.28676051557843224	1.0872223442917883	1.7039254656224723	0.28676051557843224	0.8203411671539336	0.4579891559893059	0.0	1.0150890548043907	0.0	0.0	0.0	0.4579891559893059	1.551548979980443	0.0	0.0	0.0	0.4579891559893059	0.675908226080826	0.0	0.0	0.4579891559893059	0.0	0.0	0.0	0.0	0.28676051557843224	0.675908226080826	0.8203411671539336	0.0	2.5333513082840877	1.4770631708357056	0.4579891559893059	0.0
SRR11292163	0.23969965447333402	2.710686911320383	0.23969965447333402	0.5064777418903531	0.0	0.5064777418903531	0.6705238940967317	1.3199006978811534	0.23969965447333402	1.8556011938889865	1.8183628263111238	1.5944275845863616	0.0	1.3494986700384377	3.5475086434166094	0.922517565040564	4.377392292464412	0.6705238940967317	0.7893124397441873	3.0343588798971903	0.0	0.8824900936797424	2.676358327732712	1.0243129256553132	0.0	0.0	2.5523974888367054	0.23969965447333402	0.0	0.23969965447333402	0.0	0.0	1.3904260452904695	0.5962008521320765	1.4622598761441514	0.0	1.0809506969252842	0.0	1.5862110269192333	0.8824900936797424	0.0	4.232482638894734	0.0	1.846586645586899	2.260556620122332	1.8898972069224695	0.8824900936797424	2.3674096376402267	0.6705238940967317	0.0	1.0535544474867504	2.799379092661338	0.0	2.096036044100154	0.0	1.1310470445911547	0.0	0.0	0.5064777418903531	0.5064777418903531	0.0	3.6490124224463383	1.647963269659884	2.915423562647333	0.0	1.106720804265129	0.0	2.908370358368604	0.5962008521320765	1.8035318929691178	0.0	0.0	0.23969965447333402	0.0	0.0	0.5962008521320765	0.39325903811174884	0.0	0.0	0.0	2.6062952382766564	0.0	0.0	0.0	0.0	0.0	0.0	0.7893124397441873	2.3660346672154042	0.9591651602887281	0.0	1.2356594096024027	0.0	0.0	0.0	0.5064777418903531	1.8898972069224695	0.0	3.0623994705593236	0.0	0.23969965447333402	0.0	1.0535544474867504	0.0	1.334951779745732	2.562150200966545	0.0	0.0	0.0	0.7893124397441873	0.5962008521320765	0.8383953906434012	0.0	0.5064777418903531	0.922517565040564	0.39325903811174884	1.0809506969252842	0.23969965447333402	0.0	0.0	0.23969965447333402	0.0	1.8815737533909325	0.39325903811174884	1.6024915725918067	0.0	0.0	0.23969965447333402	0.0	0.6705238940967317	2.974223329225226	0.0	0.0	1.618183792258896	1.6407076386939812	1.4396102302966942	1.988980229957909	0.9929594872968758	0.23969965447333402	1.253865694625872	0.0	1.253865694625872	0.0	0.23969965447333402	0.0	1.3904260452904695	1.5516960277391032	2.5000505237829276	1.1967836237690956	0.0	0.39325903811174884	2.120951138908774	1.4157140343820251	0.0	0.0	1.4622598761441514	0.5064777418903531	0.0	0.0	1.0243129256553132	1.8556011938889865	2.3604908362299195	0.0	3.0824345870022904	3.0826991011099585	1.7145423339493333	1.4032540716683128
SRR11292164	0.0	2.9185839484420293	0.0	0.5065204956486886	0.0	0.5065204956486886	0.23972599590267818	0.9225722423654446	0.23972599590267818	0.6705727338939854	0.6705727338939854	0.9592204382538969	0.0	0.0	1.4278862478249468	0.0	4.578284964715117	0.23972599590267818	0.5065204956486886	1.6891828131529205	0.0	0.393296029840158	3.2115594540079315	0.0	0.0	0.23972599590267818	0.9225722423654446	0.0	0.0	0.0	0.0	0.0	0.5065204956486886	0.0	1.1067780473089677	0.0	0.23972599590267818	0.393296029840158	0.0	0.5065204956486886	0.0	4.216908156130541	0.0	1.6025521214816076	0.789364452726478	1.3636334676273694	0.0	0.0	0.0	0.0	1.1311045521966723	2.2104211103014286	0.0	0.5962472169030553	0.0	0.7340176027190564	0.0	0.0	0.0	0.9930152759692453	0.0	1.9021520381212023	0.23972599590267818	2.7781085238928593	0.23972599590267818	0.0	0.0	2.7069960920833553	0.8384484815587224	2.6550070853348946	0.0	0.0	0.5962472169030553	0.0	0.0	0.23972599590267818	0.0	0.0	0.23972599590267818	0.23972599590267818	2.0082958581790207	0.0	0.0	0.0	0.0	0.0	0.0	0.0	2.0558209220232806	0.0	0.8825440543825438	0.0	0.0	0.5065204956486886	0.0	0.0	0.789364452726478	0.0	0.6705727338939854	0.0	0.0	0.393296029840158	0.6705727338939854	0.0	2.9705351246152896	0.0	0.0	0.0	0.23972599590267818	0.23972599590267818	0.0	0.393296029840158	0.0	1.0536110580459543	0.0	0.7340176027190564	1.3043682336991924	0.0	0.0	0.9592204382538969	0.0	0.0	1.2357179002174168	0.0	0.0	0.0	0.789364452726478	0.0	0.0	0.0	3.1481807067485112	0.0	0.0	1.3636334676273694	1.0536110580459543	0.23972599590267818	1.494222730751882	0.0	0.5962472169030553	0.23972599590267818	0.0	1.594488104411019	0.0	0.0	0.0	1.2881959782740637	1.0536110580459543	0.0	0.0	0.0	0.393296029840158	0.23972599590267818	0.0	0.0	0.0	0.5065204956486886	0.0	0.0	0.0	0.0	0.0	0.393296029840158	0.0	1.1067780473089677	2.2744419197243535	0.23972599590267818	0.23972599590267818
SRR11292165	0.0	3.1176435047318996	0.0	0.5560807172734594	0.0	0.21736298543972563	0.4696190320887177	0.7921341238637583	0.21736298543972563	1.1035207961139255	0.6899516591964364	0.3615542759622378	0.0	0.21736298543972563	2.202727696965954	0.7440412201977573	4.529098221886128	0.21736298543972563	0.0	1.4896613068184754	0.21736298543972563	0.0	2.924385953409929	0.0	0.0	0.0	0.4696190320887177	0.628154096940832	0.21736298543972563	0.0	0.0	0.21736298543972563	0.21736298543972563	0.4696190320887177	1.3985128794415342	0.0	0.21736298543972563	0.0	0.3615542759622378	0.21736298543972563	0.0	4.326456698300474	0.0	1.7973115111149038	0.0	2.6850769287701386	0.0	0.0	0.0	0.0	0.3615542759622378	0.8747951096047429	0.0	1.1035207961139255	0.0	1.3509229149129731	0.0	0.0	0.0	0.7921341238637583	0.0	2.2876081152874943	0.0	3.054287061275692	0.628154096940832	0.8747951096047429	0.0	2.460516647038047	1.1035207961139255	1.8521771935493856	0.0	0.21736298543972563	0.0	0.0	0.0	0.0	0.5560807172734594	0.0	0.21736298543972563	0.0	1.8481942577574249	0.0	0.0	0.0	0.0	0.0	0.21736298543972563	0.0	2.728290702306467	0.3615542759622378	0.0	0.3615542759622378	0.0	0.21736298543972563	0.0	0.0	1.0311299272481855	0.0	0.0	0.0	0.0	0.9442104675174531	1.2364997941045062	0.7921341238637583	0.8354283043356492	0.21736298543972563	0.0	0.0	0.0	0.4696190320887177	0.0	0.7921341238637583	0.0	0.628154096940832	0.0	0.0	0.21736298543972563	0.0	0.0	1.2024728336304968	0.9442104675174531	0.0	1.6731810978973587	0.0	0.0	0.0	0.0	0.21736298543972563	0.0	0.0	2.9009335727372414	0.0	0.0	1.1251971630915933	1.2680533605509574	0.0	0.0	0.0	0.21736298543972563	0.4696190320887177	0.0	0.8354283043356492	0.0	0.0	0.21736298543972563	0.7440412201977573	1.3509229149129731	0.21736298543972563	0.0	0.0	0.628154096940832	1.2830101146344552	0.21736298543972563	0.0	0.0	0.6899516591964364	0.0	0.0	0.0	0.21736298543972563	0.21736298543972563	0.0	0.0	2.2044928403341832	2.4861243662096766	0.628154096940832	0.9108881882492159
SRR11292166	0.0	0.7484580182714866	0.0	0.33261428724345293	0.0	0.0	0.0	0.33261428724345293	0.0	0.0	0.33261428724345293	0.0	0.0	0.0	1.473804589428516	0.33261428724345293	4.565808110186155	0.33261428724345293	0.0	0.33261428724345293	0.0	0.0	3.4158777779636065	0.0	0.0	0.0	0.33261428724345293	0.0	0.0	0.0	0.0	0.0	0.0	0.33261428724345293	1.4566832084322778	0.0	0.7484580182714866	0.0	0.5187430341632493	0.33261428724345293	0.0	4.2153856135730114	0.0	0.0	0.7484580182714866	0.6486148386467302	0.0	0.33261428724345293	0.0	0.0	0.33261428724345293	1.0552955772572399	0.0	0.82958376055011	0.0	0.7484580182714866	0.0	0.0	0.0	0.82958376055011	0.0	2.4262690187355798	0.0	1.968808078682447	0.33261428724345293	0.5187430341632493	0.0	3.1749260588115638	0.0	0.0	0.0	0.0	0.0	0.0	0.0	0.0	0.0	0.0	0.0	0.0	1.0088966237268608	0.0	0.0	0.0	0.0	0.0	0.0	0.0	1.8663159899638175	0.33261428724345293	0.33261428724345293	0.0	0.0	0.0	0.0	0.0	0.82958376055011	0.0	0.8979141649639988	0.0	0.0	0.0	0.0	0.0	0.5187430341632493	0.956940937907652	0.0	0.0	0.0	0.8979141649639988	0.33261428724345293	1.4202719191672704	0.0	0.0	0.0	0.0	0.33261428724345293	0.0	0.0	0.0	0.0	0.0	0.33261428724345293	0.0	0.33261428724345293	0.0	0.0	0.0	0.0	0.0	1.0552955772572399	0.0	0.0	0.5187430341632493	0.5187430341632493	0.33261428724345293	0.0	0.33261428724345293	0.0	0.33261428724345293	0.0	1.203068751695372	0.0	0.0	0.0	0.6486148386467302	0.6486148386467302	0.6486148386467302	0.0	0.0	0.33261428724345293	0.33261428724345293	0.6486148386467302	0.0	0.33261428724345293	0.6486148386467302	0.0	0.0	0.0	0.0	0.0	0.5187430341632493	0.0	3.582147438102517	0.7484580182714866	0.33261428724345293	0.7484580182714866
SRR11292167	0.7397863408634865	1.4286701784360292	0.19356652684524953	1.5036184644278356	0.0	1.2376959823596942	0.32698609026854214	1.380665518754814	0.32698609026854214	1.315037563212001	1.797784682220521	2.196235693443992	0.5806902276818522	1.4101000850669658	2.739659441454074	2.3368827514908044	4.265037288687548	1.1772393390930582	0.5806902276818522	1.9190356106145376	1.687840966047071	1.5186524851448029	3.1611690929485223	0.5113957311677583	0.0	0.0	2.054297543793884	0.7820635114511173	0.0	0.19356652684524953	0.0	0.919111944264744	2.2636743477766372	1.380665518754814	2.19778519363515	0.0	0.4289062271291547	0.32698609026854214	2.3724404270159463	1.2085188076124438	0.0	4.471300966343669	0.0	1.48804528960557	1.2780861799473329	2.4277366309647066	1.4635856128219402	0.0	0.19356652684524953	0.5806902276818522	1.3598722906001008	1.8314154099482751	0.32698609026854214	2.7480176015428746	0.19356652684524953	1.1607120971821843	0.0	0.0	0.4289062271291547	1.547243902147803	0.0	3.0876315091518944	0.32698609026854214	1.9190356106145376	0.0	1.797784682220521	0.640434663547716	3.0151272529192275	0.8559714176992301	1.1256419753445925	0.8559714176992301	1.1435309376686484	0.0	0.5806902276818522	0.0	0.5806902276818522	0.5806902276818522	0.0	0.5113957311677583	0.19356652684524953	1.7570832769845313	1.3598722906001008	0.19356652684524953	0.0	0.0	0.19356652684524953	0.19356652684524953	0.0	3.057935598753018	1.6402896436305119	0.0	1.8758113442469433	0.0	1.2376959823596942	0.640434663547716	0.19356652684524953	1.4194843795298808	0.4289062271291547	0.7820635114511173	0.32698609026854214	0.0	1.6458376342236283	2.0299523529605747	0.0	1.6777148108889826	1.6828074009013854	0.0	0.4289062271291547	0.5806902276818522	1.4376657052557398	0.9475432725106753	1.8592686570905395	0.19356652684524953	0.32698609026854214	1.5331834376964053	0.19356652684524953	2.5058872491725377	1.1069843772081316	0.9475432725106753	1.4464786827780682	1.4635856128219402	0.0	1.7570832769845313	0.6929453605490565	1.3266875843388701	0.0	1.4005085266579178	1.4005085266579178	0.0	0.9993659744161119	2.8579088269330586	0.32698609026854214	0.0	2.5230440478481273	2.027669958774439	2.027669958774439	1.842070805157645	1.2233523749216921	0.8559714176992301	2.3090621282226564	1.6567254159433846	1.2376959823596942	0.0	0.4289062271291547	0.0	1.4959016772305225	2.469395821530049	1.3266875843388701	0.32698609026854214	0.0	1.7570832769845313	1.7396709792963567	1.4101000850669658	0.32698609026854214	0.6929453605490565	1.4635856128219402	0.5806902276818522	0.0	0.0	0.6929453605490565	0.8205877699899801	1.4194843795298808	0.8886881438148384	3.2950690302957844	1.797784682220521	1.4101000850669658	2.4240777030966774
SRR11292168	0.6408030277678891	2.2547451649652612	0.0	1.8563541116733062	0.0	1.0460935165867467	0.0	0.0	0.6408030277678891	1.2520318437611666	2.2785278917339182	2.6046743977760496	0.0	2.3362338760003096	3.3745673472435347	1.9311064713469641	4.048831157511141	1.964153060742787	1.7904137336714343	2.3429364514412496	2.3931298209396545	2.3154822044611305	3.7193012234103917	1.6178266619070762	0.0	0.0	2.632863169667097	0.0	0.0	0.0	0.0	0.0	2.901504072562677	2.0094386326015767	2.646299860954638	0.0	0.0	0.0	3.0127686293643694	1.712637557261185	0.0	4.0726477122416265	0.0	1.8762826166159936	2.0504448206703696	2.983343242823511	1.540734436428049	0.0	0.0	1.3271427111092533	2.2936889908305442	2.6528654604035276	0.6408030277678891	3.3915460636100025	0.0	1.1611567508170666	0.0	0.0	0.0	1.8135243175711429	0.0	3.1727773083190085	1.712637557261185	2.6259856437503615	0.0	2.063296056729797	0.0	3.5095467532361315	1.8354669810492967	1.4963640645511405	0.0	1.8762826166159936	0.0	0.6408030277678891	0.0	0.0	0.0	0.0	0.0	1.3271427111092533	1.712637557261185	1.8563541116733062	0.0	0.0	0.0	0.0	0.0	0.0	3.2886928185926143	2.308338625097715	0.0	0.0	0.0	0.8891040833134889	0.0	0.0	2.2547451649652612	0.0	1.391158552085626	0.0	0.0	2.3560390358422656	2.537907440878093	0.0	2.0235419669553774	1.947944015290074	0.0	0.0	0.0	2.15435080308913	0.0	2.542132274537444	1.8563541116733062	1.964153060742787	1.540734436428049	1.6832751177920264	3.2384151350282226	0.0	1.391158552085626	2.2547451649652612	2.1644991736191077	0.0	1.964153060742787	1.1611567508170666	2.037201676405791	0.0	0.6408030277678891	2.037201676405791	0.0	2.087911037696539	3.373328798907681	0.0	0.0	3.2614820531775583	2.5205847119151192	2.3362338760003096	2.4885007694551318	1.712637557261185	2.0235419669553774	2.6688579091237843	1.3271427111092533	0.0	0.0	0.0	0.0	2.2547451649652612	3.005597073209218	0.6408030277678891	0.0	0.0	2.4979119975495983	2.3990149430686722	1.7904137336714343	0.0	1.540734436428049	2.0997143828811007	0.0	0.0	0.0	0.6408030277678891	1.4469392333299882	1.7401399123158414	0.0	2.7247657977652553	2.4885007694551318	1.8953366413365194	3.1081691460791734
SRR11292169	0.37216400206645706	2.3437277141782626	0.0	0.5695936435643018	0.0	0.37216400206645706	0.0	1.4275321479610452	0.37216400206645706	1.329175728037066	1.3006637963200551	0.8909625112595527	0.0	0.37216400206645706	2.54677473382643	1.685364208581317	4.418713114201845	0.37216400206645706	0.0	2.3987951374509118	0.0	0.0	2.663383565800823	0.5695936435643018	0.0	0.0	0.37216400206645706	0.0	0.0	0.0	0.0	0.0	0.8077889784849394	0.37216400206645706	1.731440585517799	0.0	0.5695936435643018	0.37216400206645706	0.8077889784849394	0.0	0.0	4.27233115153643	0.0	2.06541088145552	0.704820869024259	1.9939984325491158	0.0	0.0	0.5695936435643018	0.37216400206645706	0.5695936435643018	1.9366350843046314	0.0	1.5076749959649902	0.0	1.0736270945188406	0.0	0.0	0.0	0.8909625112595527	0.0	3.4628034998068076	1.3811324045273334	2.0057786293479154	0.0	1.9939984325491158	0.0	2.6315662447147745	0.5695936435643018	2.7754335832172683	0.0	0.37216400206645706	0.0	0.0	0.0	0.37216400206645706	0.0	0.0	0.0	0.0	2.2744339369203628	0.5695936435643018	0.0	0.0	0.0	0.0	1.0736270945188406	0.5695936435643018	3.2400391732369695	0.0	0.0	0.5695936435643018	0.0	0.0	0.0	0.0	0.0	0.0	0.0	0.0	0.0	0.0	1.660352935200545	0.0	0.8077889784849394	0.0	0.0	0.0	0.0	0.0	0.0	0.8077889784849394	0.0	0.8077889784849394	0.8909625112595527	1.237324158664886	0.0	0.0	0.0	0.0	0.0	0.0	1.685364208581317	1.02084054479363	1.02084054479363	0.0	0.0	0.5695936435643018	0.0	0.0	2.4580378574086748	0.0	0.0	1.1631431157517371	0.8909625112595527	1.02084054479363	0.8077889784849394	0.0	0.704820869024259	0.37216400206645706	0.37216400206645706	0.8909625112595527	0.0	0.0	0.0	1.0736270945188406	0.9607386311332482	0.37216400206645706	0.0	0.0	0.0	0.704820869024259	0.0	0.0	0.37216400206645706	0.37216400206645706	0.37216400206645706	0.0	0.0	0.37216400206645706	1.4489964077760336	1.02084054479363	0.0	3.4775623422241657	3.730783015445995	0.9607386311332482	0.0
SRR11292170	0.0	2.672509129829911	0.0	0.42373338540408007	0.0	0.0	1.243776067406108	1.1530159771758886	0.42373338540408007	0.8814933919407457	0.7751682237828643	1.7697772669129903	0.0	1.243776067406108	2.450258328041134	0.0	4.362610573895798	0.0	1.243776067406108	2.5886038580041033	0.0	0.0	2.387367629892963	0.0	0.0	0.0	0.7751682237828643	0.0	0.0	0.0	0.0	0.0	0.42373338540408007	1.2007626329332173	1.8772788189337497	0.0	0.8814933919407457	0.6340692634174783	0.42373338540408007	0.6340692634174783	0.0	4.35096185688785	0.0	1.243776067406108	2.2659501834661437	1.9862010939656471	1.0381374555605347	2.189565556312813	1.5912700913172813	0.0	0.0	2.6049527943182333	0.0	2.079232997286755	0.0	1.6265909108140728	0.0	0.0	0.0	1.6092894788629633	0.0	1.5322386232205094	0.6340692634174783	3.703790040850142	0.0	0.0	0.42373338540408007	3.313995504837847	0.42373338540408007	1.2007626329332173	0.0	1.3188084439323753	0.0	0.0	0.0	0.0	0.42373338540408007	0.0	0.42373338540408007	0.6340692634174783	2.881595270174357	0.0	0.0	0.0	0.0	0.0	0.0	0.0	3.2363864416113093	1.7446701542704026	0.0	0.42373338540408007	0.6340692634174783	0.0	0.0	0.0	2.0546222254975794	0.0	2.3784498687066944	0.0	0.0	0.42373338540408007	1.4639019235645794	0.0	2.1607953929114285	2.1801856846462853	0.0	0.0	0.0	0.9668398906026825	0.0	1.9474717028252078	0.0	0.0	0.42373338540408007	0.0	1.3827672999935772	0.0	0.0	1.70405859950014	0.0	0.0	3.067443338416729	0.0	0.0	0.0	0.0	0.0	0.0	0.0	2.53340741413399	0.0	0.0	1.243776067406108	1.9633802565031748	1.510632818009684	0.9668398906026825	1.5528203049399993	0.42373338540408007	1.674708137324815	1.6896312663761832	1.0381374555605347	0.0	0.0	0.0	0.7751682237828643	0.42373338540408007	2.2419510057755008	1.4639019235645794	0.0	0.0	1.5724705729475712	0.42373338540408007	0.0	2.048245271081221	1.3188084439323753	0.0	0.0	0.0	0.6340692634174783	0.8814933919407457	0.0	0.0	2.8032815423319932	2.288692324002795	0.0	1.3519642177379956
SRR11292171	0.0	2.9287563165847947	0.0	0.0	0.0	0.0	0.5432293503325645	0.0	0.0	0.9879506107870597	1.0870574700315796	0.5432293503325645	0.0	0.0	1.8016176223223863	0.35153034056235655	4.459606779140786	0.35153034056235655	0.0	1.5981920966589307	0.0	0.0	2.2443447251512287	0.5432293503325645	0.0	0.0	0.35153034056235655	0.0	0.0	0.0	0.0	0.35153034056235655	0.6757665377346601	0.6757665377346601	1.235682654812824	0.0	0.5432293503325645	0.0	0.6757665377346601	0.7771726164278345	0.0	4.392615525771754	0.0	0.9283826563221524	0.35153034056235655	1.584316653833394	0.0	0.0	0.0	0.0	0.35153034056235655	0.35153034056235655	0.0	0.35153034056235655	0.0	0.6757665377346601	0.0	0.0	0.0	1.737230980715808	0.0	2.7040497488530675	0.0	2.9921525582556225	0.0	0.5432293503325645	0.0	3.523189388414911	0.6757665377346601	0.7771726164278345	0.0	0.0	0.0	0.0	0.0	0.0	0.0	0.0	0.0	0.0	2.3456724362640093	0.35153034056235655	0.0	0.0	0.0	0.0	0.0	0.5432293503325645	2.8287738102474638	0.35153034056235655	0.0	0.0	0.0	0.0	0.0	0.0	0.0	0.0	0.0	0.0	0.0	0.0	1.2660606773154655	0.0	0.0	0.0	0.0	0.0	0.35153034056235655	0.7771726164278345	0.0	0.35153034056235655	0.0	0.0	0.0	0.0	1.0403249750311745	0.0	0.0	0.0	0.0	0.0	1.4537115031151542	0.0	0.0	0.0	0.0	0.0	0.0	0.0	2.4809879452438013	0.0	0.0	0.9879506107870597	0.35153034056235655	1.7169341798480577	0.5432293503325645	0.35153034056235655	0.0	0.0	0.0	0.5432293503325645	0.0	0.0	0.0	0.7771726164278345	0.9879506107870597	0.6757665377346601	0.0	0.0	0.0	0.7771726164278345	0.35153034056235655	0.0	0.0	0.0	0.0	0.0	0.0	0.6757665377346601	1.4342350426876793	0.0	0.0	2.537904872591901	2.651799161620476	0.9879506107870597	0.0
SRR11292172	0.22545962382413484	2.779071729686401	0.0	0.0	0.0	0.0	0.3731260336520079	2.195493393468406	0.483122806606658	0.7607293765508119	0.9287234177171378	0.5708144877094291	0.0	0.0	2.1936049018001484	0.22545962382413484	3.602144508399861	0.483122806606658	0.0	2.746942603655784	0.0	0.0	1.3703131106415327	0.483122806606658	0.0	0.0	0.3731260336520079	0.0	0.0	0.0	0.0	0.0	0.22545962382413484	0.3731260336520079	1.075156534313278	0.0	0.5708144877094291	0.0	0.5708144877094291	0.0	0.0	4.332312583364756	0.0	2.977600547936005	0.7061619780839692	0.9933287141444994	0.0	0.0	0.22545962382413484	0.0	0.5708144877094291	3.004743941517589	0.0	0.22545962382413484	0.0	1.1439839081283663	0.0	0.483122806606658	0.0	0.8924183517942904	0.0	3.303359737802633	0.483122806606658	3.2939988419027637	0.0	1.0223517940119509	0.0	1.980461766795241	0.7607293765508119	0.9622262888378189	0.0	0.0	0.0	0.5708144877094291	0.0	0.0	0.5708144877094291	0.0	0.0	0.0	2.215742231157621	0.0	0.0	0.0	0.0	0.0	0.0	0.0	4.106054496670748	0.22545962382413484	0.0	0.5708144877094291	0.0	0.3731260336520079	0.0	0.0	2.5759738125394778	0.0	0.0	0.0	0.0	0.0	1.4179948894918581	0.0	0.9622262888378189	0.22545962382413484	0.0	0.0	0.0	0.3731260336520079	0.22545962382413484	0.22545962382413484	0.0	0.0	0.0	0.0	0.5708144877094291	0.0	0.0	0.22545962382413484	0.22545962382413484	0.0	0.3731260336520079	0.0	0.3731260336520079	0.0	0.0	0.0	0.0	0.0	2.1898031026465126	0.0	0.0	0.6437396480711366	1.2215023537962322	0.22545962382413484	2.1456272592743644	0.22545962382413484	1.075156534313278	0.0	0.0	1.0495562192329133	0.0	0.0	0.7061619780839692	0.22545962382413484	1.1439839081283663	0.8091995657739444	0.22545962382413484	0.0	0.22545962382413484	3.1057585908439713	0.0	0.0	0.0	0.7061619780839692	0.22545962382413484	0.0	0.0	0.483122806606658	0.8091995657739444	0.7061619780839692	0.0	3.625864791754475	3.9760659031898067	0.5708144877094291	0.6437396480711366
SRR11292173	0.0	1.0329533057744058	0.0	0.4201843184746277	0.0	1.1477095922485017	0.7704214503190989	0.0	0.0	1.2383935348017003	1.0329533057744058	1.5472709183751117	0.0	1.1477095922485017	3.0409667865390704	0.0	4.621620226196224	0.0	1.2774998802484572	1.1477095922485017	1.1477095922485017	0.0	3.6702283004863747	0.7704214503190989	0.0	0.0	1.9577324798871814	0.0	0.0	0.0	0.0	1.482372165383405	1.7124217271102662	0.7704214503190989	1.4060420413321422	0.0	0.6296918065843649	0.0	1.7517952864166968	0.0	0.0	3.882302002150152	0.0	1.2774998802484572	1.2383935348017003	1.862017539142573	0.7704214503190989	0.0	0.0	0.0	0.7704214503190989	1.482372165383405	0.0	2.002228530101825	0.0	0.0	0.0	0.0	0.0	1.5472709183751117	0.0	2.636805630107302	0.4201843184746277	3.408901947831036	0.0	0.4201843184746277	0.0	2.1551247756813687	0.4201843184746277	2.091152674877368	0.0	0.0	0.0	0.4201843184746277	0.0	0.0	0.0	0.0	0.0	0.0	1.5266970450331712	1.4330037864348055	0.0	0.0	0.0	0.0	0.0	0.0	2.434265164261534	0.4201843184746277	0.0	0.0	0.0	0.0	0.0	0.0	0.8765375618534906	0.0	0.9617495475794052	0.0	0.4201843184746277	0.7704214503190989	0.9617495475794052	0.0	1.0329533057744058	1.1477095922485017	0.0	0.0	0.0	1.2774998802484572	0.4201843184746277	1.6984618966218838	0.0	1.8103938155831136	0.0	0.0	1.899308552844105	0.0	0.0	0.7704214503190989	0.0	0.0	1.5266970450331712	0.0	0.0	0.0	0.0	0.4201843184746277	0.0	1.6037204747413936	1.9878971470106481	0.0	0.0	2.3846130737177558	1.0329533057744058	1.2774998802484572	1.0329533057744058	0.6296918065843649	0.4201843184746277	1.7124217271102662	0.0	0.4201843184746277	0.0	0.0	0.0	0.9617495475794052	2.0425863954794607	0.9617495475794052	0.9617495475794052	0.0	0.7704214503190989	1.3465094291396345	1.0329533057744058	0.0	0.0	0.4201843184746277	0.0	0.0	0.0	0.4201843184746277	0.8765375618534906	1.6840384003863356	0.0	3.092003746437148	1.313373920317039	0.0	1.5857070724236046
SRR11292174	0.0	2.5884638316133755	0.3389505778004242	1.2141086312728104	0.0	0.6577674170617726	0.3389505778004242	1.2992828924890851	0.0	1.2727052257442193	1.2443944380703773	1.066040047069262	0.0	0.3389505778004242	1.2141086312728104	0.0	4.60407966953069	0.0	0.0	0.9674249119826627	0.0	0.3389505778004242	2.998542432097725	0.3389505778004242	0.0	0.0	0.3389505778004242	0.0	0.0	1.3704603334720027	0.0	0.0	0.3389505778004242	0.0	1.2141086312728104	0.0	0.3389505778004242	1.532875136171876	0.5269803019776569	0.0	0.0	4.2045684286826575	0.0	0.9674249119826627	0.5269803019776569	1.324327448264679	0.0	0.0	0.0	0.0	0.3389505778004242	1.1080511205374513	0.0	0.3389505778004242	0.0	0.6577674170617726	0.0	0.0	0.0	1.6391809335297303	0.0	2.933638663236812	0.0	2.842057697701952	0.0	0.9082109088381324	0.0	2.6535434000731435	1.1080511205374513	2.016514772223779	0.0	0.0	0.0	0.0	0.0	0.0	0.0	0.0	0.0	0.0	1.4315984408589764	0.0	0.0	0.0	0.0	0.0	0.0	0.0	2.6277020886386504	0.0	0.0	0.0	0.0	0.3389505778004242	0.0	0.0	0.0	0.0	0.0	0.0	0.0	0.3389505778004242	1.45020406378443	0.0	0.83962934338376	0.0	0.0	0.0	0.3389505778004242	0.3389505778004242	0.0	0.7581490235154069	0.0	0.0	0.0	0.0	0.7581490235154069	0.3389505778004242	0.0	0.3389505778004242	0.0	0.0	0.6577674170617726	0.0	0.0	0.0	0.0	0.0	0.0	0.3389505778004242	2.4756499037996087	0.0	0.0	0.9082109088381324	1.2727052257442193	0.6577674170617726	2.2153267365389255	0.3389505778004242	0.0	0.5269803019776569	0.0	0.5269803019776569	0.0	0.0	0.0	0.83962934338376	0.9082109088381324	0.0	0.6577674170617726	0.0	0.0	0.0	0.3389505778004242	0.0	0.0	0.6577674170617726	0.0	0.3389505778004242	0.0	0.0	1.39181041668355	0.0	0.0	1.5892726137865074	2.872717500149495	0.83962934338376	0.3389505778004242
SRR11292175	0.0	1.3777167696126504	0.0	0.0	0.0	0.29973031966911057	0.6001090158837707	0.47538748763618915	0.0	1.1437112476132345	0.9519292784755088	0.0	0.0	0.0	1.2016798908397455	0.0	4.424899182506789	0.0	0.0	2.225298901366241	0.0	0.0	3.7621709126061593	0.0	0.0	0.0	0.7759829578896225	0.0	0.47538748763618915	0.0	0.0	0.0	0.7759829578896225	0.29973031966911057	1.848691869712573	0.0	0.6968886517115841	0.0	0.8428676369560384	0.47538748763618915	0.0	4.247938871561942	0.0	0.9519292784755088	0.6001090158837707	1.4124705090701086	0.0	0.0	0.0	0.0	0.47538748763618915	1.2016798908397455	0.0	0.7759829578896225	0.0	0.29973031966911057	0.0	0.0	0.0	0.0	0.0	2.1933130300193744	0.0	2.573745022971675	0.0	0.0	0.0	2.1179904584993055	0.9008129951805885	2.4157080040285077	0.0	0.0	0.0	0.0	0.0	0.0	0.0	0.0	0.0	0.0	2.285211935753713	0.0	0.0	0.0	0.0	0.0	0.0	0.0	3.0051470897993613	0.6001090158837707	0.0	0.0	0.0	0.0	0.0	0.0	0.0	0.0	0.0	0.0	0.0	0.0	0.9008129951805885	0.29973031966911057	0.47538748763618915	0.29973031966911057	0.0	0.0	0.0	1.0390267373012432	0.0	1.620708201207781	0.0	0.6001090158837707	0.0	0.0	0.9008129951805885	0.29973031966911057	0.0	0.8428676369560384	0.0	0.0	3.29098158851099	0.0	0.0	0.0	0.6001090158837707	0.0	0.0	0.0	2.6722634078407714	0.0	0.0	1.359238092909198	0.0	0.0	0.9008129951805885	0.0	0.6001090158837707	0.6001090158837707	0.0	0.47538748763618915	0.0	0.0	0.0	0.6001090158837707	0.6001090158837707	0.0	0.0	0.0	0.0	0.6001090158837707	0.0	0.0	0.0	0.47538748763618915	0.0	0.0	0.0	0.0	1.5537717713632015	0.47538748763618915	0.0	3.81989212511977	1.4446480207688546	0.6001090158837707	0.6001090158837707
SRR11292176	0.0	2.589903649384406	0.24422360173144636	0.6788750190431966	0.0	1.4134315993294317	0.513796879778974	0.7426232167999922	0.0	3.518137466639265	1.552912083375991	1.1164928417175253	0.0	0.39959887823447693	2.258621275418736	0.24422360173144636	4.517073136373334	0.24422360173144636	0.39959887823447693	1.9472126652911903	0.24422360173144636	0.0	3.089563595698681	0.0	0.0	0.0	1.2067091893246649	0.24422360173144636	0.39959887823447693	0.0	0.0	0.0	1.2067091893246649	0.9318562526682038	1.6793969309385428	0.24422360173144636	0.6041325901114273	0.39959887823447693	1.2813699804949428	0.513796879778974	0.0	3.8804345420409447	0.0	1.298188982664322	1.298188982664322	1.8239056060787602	0.24422360173144636	0.39959887823447693	1.0339136138276959	0.0	1.0339136138276959	1.3450588213862393	0.0	1.3873594952298034	0.0	0.39959887823447693	0.0	0.0	0.24422360173144636	0.7982006646060852	0.24422360173144636	3.1959536999273084	0.24422360173144636	2.074619953123213	0.0	0.7426232167999922	0.513796879778974	1.8704859736600155	0.6041325901114273	4.09286031389913	0.6041325901114273	0.7426232167999922	0.0	0.0	0.7982006646060852	0.24422360173144636	0.0	0.0	0.513796879778974	0.0	1.2456420065543943	0.7982006646060852	0.24422360173144636	0.0	0.0	0.0	0.0	0.24422360173144636	2.5294153798471903	0.513796879778974	0.0	0.39959887823447693	0.0	0.39959887823447693	0.0	0.0	1.7124014316583094	0.0	0.8474659185469732	0.0	0.0	0.0	1.6361657117530275	0.39959887823447693	0.8917076670322883	1.1408637420630388	0.0	0.0	0.0	1.1164928417175253	0.24422360173144636	1.4380267580314559	0.0	0.9686053345781633	0.8917076670322883	0.6041325901114273	1.2638732927818128	0.513796879778974	0.6041325901114273	1.002485934241785	0.7426232167999922	0.0	2.3568575325413756	0.0	0.0	0.0	0.6788750190431966	0.39959887823447693	0.0	0.6041325901114273	2.157318107262523	0.0	0.0	1.8570288162331259	1.373711991078784	1.0632196982249738	1.543636865515124	0.7982006646060852	0.8917076670322883	1.22661172395452	0.0	1.6994990274850887	0.0	0.0	0.0	1.3450588213862393	1.4613033717076662	1.1858505863224136	0.7426232167999922	0.0	1.2813699804949428	1.2638732927818128	0.513796879778974	0.0	1.3873594952298034	0.6788750190431966	0.6041325901114273	0.0	0.0	0.39959887823447693	1.4380267580314559	1.1408637420630388	0.39959887823447693	1.8239056060787602	1.9653373445705797	1.1639394050647924	1.9581779835720623
SRR11292177	0.5385620374987047	2.459906566350492	0.0	0.0	0.0	2.1054393520183403	0.0	1.8802713070127395	0.34790611506569175	2.070612525199104	0.9820754957526775	1.3861620254879237	0.0	0.0	2.715331640044199	0.0	4.021595514890346	0.34790611506569175	0.5385620374987047	1.4473902574876614	0.0	0.0	3.7257514765098216	0.0	0.0	0.0	0.8536840582203883	0.0	0.0	1.8280762804528259	0.0	0.0	1.1231828556777348	0.5385620374987047	1.803632072338782	0.0	0.5385620374987047	0.0	0.9820754957526775	1.6309403627094403	0.0	4.568581771642144	0.0	2.435171572589997	0.5385620374987047	1.6551991996246966	0.7717207506462274	0.0	0.0	0.0	1.0343728454551107	0.0	0.0	1.689221680991122	0.0	1.7207713960685571	0.0	0.0	0.0	0.0	0.0	2.8532192556723115	0.7717207506462274	3.3029159252184783	0.0	0.6706039415351221	0.0	2.905300104998557	1.1615922226490958	1.8659873908869096	0.0	0.0	0.0	0.34790611506569175	0.0	0.922607179683667	0.0	0.0	0.34790611506569175	0.0	0.7717207506462274	0.0	0.0	0.0	0.0	0.0	0.0	0.0	3.133256694403206	0.34790611506569175	0.0	0.0	0.5385620374987047	0.0	0.0	0.0	0.34790611506569175	0.0	0.0	0.0	0.0	1.1231828556777348	2.061451242624785	0.0	1.3148623299219004	0.5385620374987047	0.0	0.0	0.0	0.7717207506462274	0.0	0.6706039415351221	0.0	1.2598648933450067	1.4075450346848617	0.0	1.6781743724460747	0.0	0.0	1.2598648933450067	0.0	0.0	0.0	0.0	0.0	0.0	0.0	0.0	0.0	0.0	2.53293660324008	0.5385620374987047	0.0	2.1957615683727476	2.084001983886661	0.6706039415351221	2.0660560402004253	0.34790611506569175	1.0343728454551107	0.34790611506569175	0.0	1.8119339550486824	0.0	0.0	0.0	1.6309403627094403	2.121858529804233	0.6706039415351221	0.5385620374987047	0.0	1.5487909327776284	0.922607179683667	0.0	0.0	0.0	0.6706039415351221	0.34790611506569175	0.0	0.0	0.0	1.2295127752818107	1.9966704627122693	0.0	2.699644425509687	2.137679502479915	1.1615922226490958	1.8941003472438505
SRR11292178	0.0	3.04037062406141	0.0	0.279641054084193	0.0	0.9607075289482053	0.0	0.8649383714314319	0.0	0.4483619930480563	0.0	1.338245061624308	0.0	0.0	2.032048755501899	0.279641054084193	4.501286206905467	0.5695681276085326	0.0	1.5014993747399734	0.279641054084193	0.7418944259567983	2.020969810502325	0.0	0.0	0.279641054084193	0.915457455300108	0.4483619930480563	0.0	0.0	0.0	0.0	0.6642230831226071	0.0	0.915457455300108	0.0	0.4483619930480563	0.0	0.9607075289482053	0.4483619930480563	0.0	4.295289099861304	0.0	2.8352707786748876	1.4347717689277004	1.638316157960482	0.0	0.0	0.4483619930480563	0.0	0.4483619930480563	1.1352729704330686	0.0	1.21394441702904	0.279641054084193	1.6812602185998793	0.0	0.0	0.0	0.9607075289482053	0.0	2.2967688310443197	0.4483619930480563	3.037859428011006	0.0	0.8077594902697254	0.0	3.2991493583835942	0.6642230831226071	0.0	0.0	0.0	0.0	0.279641054084193	0.0	0.279641054084193	0.0	0.0	0.0	0.0	2.2282023880962445	0.0	0.0	0.0	0.0	0.0	0.0	0.0	2.8570849784282784	0.6642230831226071	0.0	1.9108692180861637	0.0	0.0	0.0	0.0	3.230988743440711	0.0	0.0	0.0	0.0	0.0	1.656006524875032	0.0	0.8649383714314319	0.0	0.0	0.0	0.0	0.6642230831226071	0.0	0.279641054084193	0.0	1.5014993747399734	1.073595117232072	0.0	0.8649383714314319	0.0	0.0	1.6893620052291456	0.915457455300108	0.0	1.21394441702904	0.0	0.7418944259567983	0.0	0.279641054084193	0.4483619930480563	0.0	0.0	1.3198449385102502	1.0016846133975006	0.0	2.020969810502325	1.259446783276331	0.8649383714314319	1.21394441702904	0.0	1.0391265362966642	1.5371110644702415	0.0	0.8649383714314319	0.0	0.0	0.0	2.00960082409049	1.9250931244140053	0.6642230831226071	0.0	0.0	0.9607075289482053	1.1631105893607654	0.0	0.0	0.279641054084193	0.4483619930480563	0.0	0.0	0.279641054084193	0.5695681276085326	0.8649383714314319	1.448962724590304	0.0	3.1166143436887848	2.204347991880117	0.6642230831226071	1.4760249862738206
SRR11292179	0.47158507779211944	2.5483968249434614	0.0	0.21853551930837128	0.0	0.21853551930837128	0.0	0.0	0.0	0.0	0.3632358246811885	0.0	0.0	0.21853551930837128	1.5104377982991197	1.327849188868974	4.386966645888136	0.21853551930837128	0.0	1.1683206987390415	0.0	0.0	2.9188782018505455	0.0	0.0	0.0	0.47158507779211944	0.47158507779211944	0.0	0.0	0.0	0.0	0.21853551930837128	0.21853551930837128	1.4339297999352807	0.21853551930837128	0.5582284475864105	0.0	0.3632358246811885	0.6304279023176569	0.0	4.492714870230594	0.0	1.5191189330853634	0.21853551930837128	1.3899453764558451	0.0	0.0	0.7946274745848014	0.0	0.5582284475864105	0.9134959909067248	0.0	0.0	0.0	1.1279466758334287	0.0	0.0	0.0	0.47158507779211944	0.0	1.7161035888298362	0.6304279023176569	3.2578268691517622	0.47158507779211944	1.9443938653354649	0.0	2.901769934585302	0.9134959909067248	1.4442634846748217	0.0	0.0	0.0	0.0	0.0	0.7464785391798267	0.21853551930837128	0.0	0.0	0.0	2.130558935239162	0.0	0.0	0.0	0.0	0.0	0.0	0.0	2.1839187000373292	0.7464785391798267	0.0	1.3782161838970857	0.0	0.21853551930837128	0.47158507779211944	0.0	1.4642212319496701	0.3632358246811885	0.0	0.0	0.0	0.21853551930837128	0.5582284475864105	0.0	2.260448284749321	0.6923180726604671	0.0	0.0	0.21853551930837128	0.21853551930837128	0.6304279023176569	0.7946274745848014	0.0	0.0	0.21853551930837128	0.0	0.21853551930837128	0.3632358246811885	0.0	0.5582284475864105	0.47158507779211944	0.0	2.1820550047387908	1.3142886948581307	0.0	0.0	0.3632358246811885	0.21853551930837128	0.0	0.0	2.7866350625631426	0.0	0.0	1.8178693704979423	0.8379670488320844	0.21853551930837128	0.8379670488320844	0.3632358246811885	0.3632358246811885	0.5582284475864105	0.0	1.4543569915419945	0.0	0.0	0.0	1.3537624371279993	0.7946274745848014	0.7464785391798267	0.0	0.0	0.21853551930837128	0.21853551930837128	0.0	0.0	0.0	1.6253330679453333	0.0	0.0	0.0	0.3632358246811885	1.148602687913918	0.7464785391798267	0.0	2.749332779849262	1.937888874918962	0.0	0.3632358246811885
SRR11292180	0.0	1.4880269883929964	0.0	0.0	0.0	0.7465489336380801	0.4024851846792024	1.0675956627454275	0.24628944961242702	0.24628944961242702	0.0	0.24628944961242702	0.0	0.24628944961242702	1.3189377216129228	0.0	4.198251388722891	0.8515766806138532	0.0	1.959288488678721	0.0	0.0	2.644019692120965	0.4024851846792024	0.0	0.24628944961242702	1.6908912641469214	0.0	0.24628944961242702	0.0	0.0	0.0	0.0	0.4024851846792024	1.1903279019163286	0.0	0.8022300277557703	0.24628944961242702	0.6826642777094076	0.0	0.0	4.620163240088756	0.0	0.4024851846792024	1.498669292091211	1.4426408629484517	0.0	0.8022300277557703	0.0	0.0	0.24628944961242702	0.8515766806138532	0.0	0.24628944961242702	0.0	0.24628944961242702	0.0	0.0	0.0	0.8515766806138532	0.0	1.4880269883929964	0.24628944961242702	3.305907076953679	0.0	0.24628944961242702	0.0	1.2112010699323776	0.24628944961242702	1.4771173319233295	0.0	0.0	0.0	0.0	0.0	0.24628944961242702	0.0	0.0	0.4024851846792024	0.0	1.7651938289270697	0.0	0.0	0.0	0.0	0.0	0.0	0.0	2.141032956415842	0.0	0.0	0.0	0.0	0.24628944961242702	0.0	0.0	0.0	0.0	0.4024851846792024	0.0	0.0	0.24628944961242702	0.7465489336380801	0.0	0.8958840493847233	0.5171235919814581	0.0	0.0	0.0	0.8022300277557703	0.0	0.4024851846792024	0.0	0.0	0.0	0.0	0.4024851846792024	0.24628944961242702	0.0	0.0	0.4024851846792024	0.0	2.7664479339645727	0.0	0.24628944961242702	0.0	0.5171235919814581	0.0	0.0	0.24628944961242702	2.291376498866631	0.0	0.0	0.5171235919814581	0.5171235919814581	0.4024851846792024	0.0	0.0	0.0	0.24628944961242702	0.0	0.9728809933823641	0.0	0.0	0.0	0.6826642777094076	0.5171235919814581	0.6077340674982854	0.24628944961242702	0.0	0.8515766806138532	0.8022300277557703	0.24628944961242702	0.0	0.7465489336380801	0.6077340674982854	0.24628944961242702	0.0	0.0	0.24628944961242702	0.4024851846792024	1.6331986244858998	0.0	2.5730814103795505	0.6077340674982854	0.5171235919814581	0.5171235919814581
SRR11292181	0.0	2.438614568194066	0.0	0.0	0.0	0.0	0.0	0.0	0.0	2.2931188184972853	0.0	0.0	0.0	0.0	1.6029055003113977	0.0	4.3211172975174446	0.0	0.0	2.37193134293598	0.0	0.0	3.6006408884987873	0.0	0.0	0.0	1.6029055003113977	0.0	0.0	0.0	0.0	0.0	2.37193134293598	0.0	0.0	0.0	0.0	0.0	0.0	0.0	0.0	4.361328000345786	0.0	0.0	0.0	1.6029055003113977	0.0	0.0	0.0	0.0	0.0	0.0	0.0	0.0	0.0	1.6029055003113977	0.0	0.0	0.0	0.0	0.0	2.634333607990284	0.0	3.282354601924028	0.0	0.0	0.0	3.2997198081528514	0.0	0.0	0.0	0.0	0.0	0.0	0.0	0.0	0.0	0.0	0.0	0.0	1.6029055003113977	0.0	0.0	0.0	0.0	0.0	0.0	0.0	3.6602126130051014	0.0	0.0	0.0	0.0	0.0	0.0	0.0	0.0	0.0	0.0	0.0	0.0	0.0	0.0	0.0	0.0	0.0	0.0	0.0	0.0	0.0	0.0	0.0	0.0	0.0	0.0	0.0	0.0	0.0	0.0	0.0	0.0	0.0	0.0	0.0	0.0	0.0	0.0	0.0	0.0	0.0	2.871269904825633	0.0	0.0	1.8984832923761195	0.0	0.0	1.8984832923761195	0.0	0.0	0.0	0.0	0.0	0.0	0.0	0.0	2.37193134293598	2.37193134293598	0.0	2.0727418327735023	0.0	0.0	0.0	0.0	0.0	0.0	0.0	0.0	0.0	0.0	0.0	0.0	0.0	0.0	1.8984832923761195	0.0	0.0	3.362972110038801
SRR11292182	0.0	2.13964075795898	0.0	0.0	0.0	0.0	0.0	0.0	0.0	0.0	1.8417481912081268	0.0	0.0	0.0	2.8774194938349287	0.0	4.093164123754569	0.0	0.0	2.5356873719308943	0.0	0.0	3.498346216455621	0.0	0.0	0.0	0.0	0.0	0.0	0.0	0.0	0.0	2.13964075795898	0.0	0.0	0.0	0.0	0.0	0.0	0.0	0.0	4.542180747915033	0.0	2.6814538232179346	2.13964075795898	0.0	0.0	2.6814538232179346	0.0	0.0	0.0	0.0	0.0	0.0	0.0	0.0	0.0	0.0	0.0	0.0	0.0	2.13964075795898	0.0	0.0	0.0	0.0	0.0	2.836084397210678	0.0	0.0	0.0	0.0	0.0	0.0	0.0	0.0	0.0	0.0	0.0	0.0	0.0	0.0	0.0	0.0	0.0	0.0	0.0	0.0	3.6417295839180395	1.8417481912081268	0.0	0.0	0.0	0.0	0.0	0.0	0.0	0.0	0.0	0.0	0.0	0.0	0.0	0.0	2.13964075795898	0.0	0.0	0.0	0.0	0.0	0.0	0.0	0.0	0.0	0.0	0.0	1.8417481912081268	0.0	0.0	0.0	0.0	0.0	0.0	0.0	0.0	0.0	0.0	0.0	0.0	0.0	2.836084397210678	0.0	0.0	2.7903972822671532	0.0	0.0	0.0	0.0	0.0	0.0	0.0	0.0	0.0	0.0	0.0	0.0	0.0	0.0	0.0	1.8417481912081268	0.0	0.0	0.0	0.0	0.0	0.0	0.0	0.0	0.0	0.0	0.0	0.0	0.0	1.8417481912081268	0.0	0.0	3.2980671896042644
SRR11292183	0.0	0.40402676982245833	0.0	0.0	0.0	0.40402676982245833	0.6846849167569804	1.7131914044373464	0.24739442262868774	1.123272605112671	0.9383407920466535	0.7486418369761038	0.0	0.0	1.939399203057122	0.40402676982245833	4.027182294898206	0.24739442262868774	0.24739442262868774	1.80581800773462	0.0	0.0	2.3374096808343623	0.5188990212353728	0.0	0.0	0.804377795973126	0.0	0.24739442262868774	0.0	0.0	0.0	0.40402676982245833	0.40402676982245833	1.2883256743838967	0.0	0.7486418369761038	0.0	1.0090984473918119	0.0	0.0	4.639891764248924	0.0	2.4993205325837695	0.5188990212353728	1.3369866945851037	0.0	0.0	0.0	0.0	1.4683882563401598	0.40402676982245833	0.0	0.5188990212353728	0.0	1.9469984216474543	0.0	0.0	0.0	0.0	0.0	2.6209994633931193	0.8537675230799784	3.404764220924956	0.0	0.40402676982245833	0.0	2.7528048011822497	0.804377795973126	1.2525650371226607	0.0	0.0	0.0	0.0	0.0	1.0405767029614852	0.24739442262868774	0.0	0.0	0.0	1.7382648963208078	0.0	0.0	0.0	0.0	0.24739442262868774	0.0	0.5188990212353728	3.2200754714516258	0.0	0.0	0.6096552062228087	0.0	0.0	0.0	0.0	0.0	0.0	0.0	0.0	0.0	0.24739442262868774	1.0090984473918119	0.0	0.9751590572081961	0.24739442262868774	0.0	0.0	0.0	0.40402676982245833	0.0	0.7486418369761038	0.0	0.0	0.0	0.24739442262868774	0.89810960746042	0.0	0.0	0.0	0.0	0.0	1.4568991318311721	0.0	0.40402676982245833	0.0	0.24739442262868774	0.0	0.0	0.0	2.394768300760902	0.0	0.0	0.6846849167569804	0.5188990212353728	0.24739442262868774	0.7486418369761038	0.0	0.0	0.24739442262868774	0.0	0.804377795973126	0.0	0.0	0.0	0.7486418369761038	1.2883256743838967	0.0	0.40402676982245833	0.0	0.24739442262868774	0.7486418369761038	0.6096552062228087	0.0	0.24739442262868774	0.9383407920466535	0.0	0.0	0.0	0.24739442262868774	1.192712562367101	0.5188990212353728	0.0	2.890040145248924	2.123964286298126	0.89810960746042	0.6096552062228087
SRR11292184	0.0	2.0781944883853516	0.0	0.27253719478526495	0.0	2.0314314649604626	0.558587678556039	3.2972579477011266	0.0	1.1490639189535468	0.9881117187969282	0.43869973815107505	0.27253719478526495	0.6524387759139908	3.230411394302431	1.4990669741887142	4.305698017771143	0.0	0.558587678556039	2.519818875139749	0.0	0.9022194349008978	3.419311829367116	0.0	0.0	0.558587678556039	2.3196751682017993	2.0134300999635495	0.0	0.0	0.0	2.6579719680580647	0.43869973815107505	1.3904216328604186	2.30301544113873	0.0	0.0	0.0	1.6324965631549146	2.1868844938907253	0.0	4.082592737506908	0.0	1.6051421490739783	2.8845794633792807	1.9328832912455376	0.27253719478526495	0.0	0.7295687093480426	1.0597893985578717	1.0916306419109214	1.9459594677997216	0.0	1.7481790440656217	0.0	0.27253719478526495	0.0	0.0	0.0	0.0	0.0	2.428357120448642	0.43869973815107505	3.052996093158882	0.0	1.2230792226814762	0.0	2.859119628906659	0.0	3.158271962210139	0.43869973815107505	0.0	0.0	0.27253719478526495	0.0	0.43869973815107505	0.0	0.0	0.0	0.27253719478526495	2.3011242862565178	0.0	0.0	0.27253719478526495	0.0	0.0	0.27253719478526495	0.0	3.8988187314613425	0.9472855358683692	0.0	0.0	1.3414729010327235	0.0	0.0	0.0	0.0	0.0	0.0	0.0	0.0	0.27253719478526495	3.0256412690736014	0.43869973815107505	2.017090560166452	1.5446496343046583	0.0	0.0	0.0	2.9296368129354704	0.27253719478526495	2.11752525259391	0.0	0.0	0.27253719478526495	0.0	2.058766316354439	0.0	0.27253719478526495	0.27253719478526495	0.8519296044817172	0.0	3.4760722373741495	0.27253719478526495	1.2451905847250655	0.0	1.5336946017376456	1.7413552535031362	0.0	0.27253719478526495	2.3789940814701542	0.0	0.7295687093480426	1.9328832912455376	2.449065034148433	1.2662305144669554	1.4990669741887142	0.558587678556039	0.0	1.199781422940649	0.0	2.0554420788321828	0.27253719478526495	0.0	0.0	2.5322395720864974	1.9669144936316902	2.255186807754977	0.558587678556039	0.0	1.0254276293588778	2.126117173379882	2.027890389556262	0.0	2.2061740538450607	1.575948285319043	0.0	0.0	0.0	0.0	0.7950443208620308	2.563377779548614	0.0	2.7684762753755967	1.5224560627878976	0.7950443208620308	2.566475135955147
SRR11292185	0.0	2.5011484625362876	0.0	1.9031783511425624	0.0	1.3791279558926512	0.0	1.0490492701554976	1.1381308768170322	0.550095257943762	0.7851749171367726	2.322241634147314	0.0	0.9368522331107325	2.838349238906347	1.889118793574054	4.426815290023949	1.0490492701554976	0.0	1.3302371335991132	0.0	0.550095257943762	3.2201975167093893	0.0	0.0	0.0	1.6709914940994692	0.0	0.0	0.0	0.0	0.0	0.0	0.0	1.3791279558926512	0.0	0.0	0.550095257943762	1.6209954153135495	0.0	0.0	4.381252905660001	0.0	0.0	1.3302371335991132	1.6467125027680103	0.7851749171367726	0.0	0.7851749171367726	0.0	0.0	1.4995076473581088	0.0	0.9368522331107325	0.0	1.6209954153135495	0.0	0.0	0.0	1.4230675674318611	0.0	2.3274809582130787	0.0	3.220863722693002	0.0	1.3791279558926512	0.0	3.0960120334858368	0.7851749171367726	0.0	0.0	0.0	0.0	0.0	0.0	0.0	0.0	0.0	0.7851749171367726	0.0	2.180085201028172	0.0	0.0	0.0	0.0	0.0	0.0	0.7851749171367726	2.0820628879684104	0.9368522331107325	0.0	2.1498044682218613	0.0	0.0	0.0	0.550095257943762	0.9368522331107325	0.0	0.0	0.0	0.0	0.7851749171367726	1.2751358863795246	0.0	2.272005521368794	1.7158216074410553	0.0	0.0	0.0	0.550095257943762	0.550095257943762	0.0	0.0	0.9368522331107325	0.0	0.0	1.3302371335991132	1.3791279558926512	0.0	0.0	0.0	0.0	1.0490492701554976	0.550095257943762	0.7851749171367726	0.0	0.0	0.550095257943762	0.0	0.0	1.5936590826835892	0.0	0.0	2.272005521368794	1.1381308768170322	0.7851749171367726	1.3791279558926512	0.550095257943762	1.4230675674318611	1.1381308768170322	0.0	1.1381308768170322	0.0	0.0	0.0	0.550095257943762	2.0017664857680297	0.550095257943762	0.0	0.0	0.7851749171367726	0.7851749171367726	1.3791279558926512	0.0	0.0	0.9368522331107325	0.0	0.0	0.0	1.7754282547103881	1.8439837634326186	0.9368522331107325	0.0	1.9428164062923727	3.469835477838411	0.7851749171367726	1.8595558257247613
SRR11292186	0.15550199231345813	2.8452268118653934	0.0	0.26976809589767586	0.0	0.26976809589767586	1.0017976156356403	1.5334172079665	0.15550199231345813	1.8110444701987716	1.6439917980427776	1.4685846778536247	0.0	1.2605927469673455	2.998631623340655	0.7900428573182355	4.401289710781308	0.36014632406080915	0.26976809589767586	2.9370697822409424	0.0	0.4986871536021167	2.949428365408088	0.5542806559234853	0.0	0.0	2.4999070187418813	0.26976809589767586	0.15550199231345813	0.0	0.0	0.43491782380471516	1.143526787801287	0.9200863281354023	2.4181540791622536	0.0	1.0705425961386106	0.26976809589767586	1.2395689496799305	0.36014632406080915	0.0	4.345070436209828	0.0	1.7685880606495317	2.108706304904104	1.7717622169825167	0.6879673942555155	2.2627385968240152	1.0705425961386106	0.15550199231345813	1.0200306269908526	2.7049155985392312	0.0	2.05450828973421	0.0	0.4986871536021167	0.0	0.0	0.26976809589767586	0.7586100495103449	0.0	3.4707443127372692	1.5051411718856749	2.722270561024424	0.5542806559234853	1.0017976156356403	0.0	2.8230392712178682	0.5542806559234853	2.429429183585596	0.0	0.26976809589767586	0.0	0.0	0.0	0.8726339176037028	0.15550199231345813	0.0	0.36014632406080915	0.0	2.454433490615184	0.15550199231345813	0.0	0.0	0.15550199231345813	0.0	0.15550199231345813	0.5542806559234853	2.284640975805919	0.982765453352637	0.0	1.290335203147221	0.0	0.0	0.0	0.0	1.752359676209574	0.0	2.7786947445382038	0.0	0.0	0.6478104367555386	1.0705425961386106	0.15550199231345813	1.421640874223404	2.4322028081538933	0.0	0.0	0.15550199231345813	1.0543493739188479	0.36014632406080915	0.9420000014322992	0.0	0.26976809589767586	0.43491782380471516	0.0	1.4286658739128755	0.0	0.0	0.43491782380471516	0.0	0.0	2.1489961379317366	0.6035585205925132	1.3357834309739183	0.0	0.15550199231345813	0.6035585205925132	0.0	0.43491782380471516	2.7341571143247214	0.0	0.0	1.6727301750222312	1.5701447667391473	1.2605927469673455	1.8022895679759392	0.6879673942555155	0.8193534006209107	1.2707349130810752	0.0	1.1696006561657164	0.0	0.15550199231345813	0.0	0.8726339176037028	1.3181706633481292	2.3909015330634107	0.7900428573182355	0.0	0.36014632406080915	2.014814773656856	1.0861536744299727	0.15550199231345813	0.36014632406080915	1.392346209189034	0.5542806559234853	0.0	0.0	0.7247234893748994	1.8081457352322017	2.2923393419067493	0.0	2.8936910505017943	2.8521149576365015	1.4748951331157607	1.4556818417243658
SRR11292187	0.0	2.8078079007016976	0.0	0.3922998530904431	0.0	0.5949982770124219	0.3922998530904431	1.5590182451624652	0.0	1.9840917523089054	1.8883065256918263	1.8263885201279864	0.3922998530904431	2.056966478437652	3.0994691871082583	1.0520856575018451	4.2567202610430375	0.3922998530904431	0.3922998530904431	3.146053166091514	0.0	0.8370180701770196	2.6101965533746783	0.0	0.0	0.0	2.8494096936326785	0.0	0.0	0.0	0.0	0.3922998530904431	1.362032463374382	0.9915120585341215	1.0520856575018451	0.0	1.1052355749666363	0.0	1.362032463374382	0.0	0.0	4.3132641049093	0.0	1.8964730640942573	2.6285703791035018	1.970661936713617	1.4141645352823191	2.442378792906902	1.3027778404979167	0.3922998530904431	1.731094827277316	2.856563426504912	0.0	2.0787726296600164	0.0	1.5590182451624652	0.0	0.0	0.0	1.3027778404979167	0.0	3.7544373071269947	1.8714977945209446	3.012170429204253	0.0	0.9915120585341215	0.0	3.0279938861860063	0.0	1.6674531367714227	0.0	0.0	0.0	0.0	0.0	0.9210990189823132	0.7326532706816709	0.0	0.0	0.3922998530904431	2.7843643613534548	0.0	0.0	0.0	0.0	0.0	0.0	0.7326532706816709	2.6023052758469074	1.592857176029098	0.0	1.234141751987173	0.0	0.0	0.0	0.0	2.2727772491275378	0.0	2.8790312892289442	0.0	0.0	0.3922998530904431	1.5410557675147203	0.0	1.0520856575018451	2.6490679669207484	0.0	0.0	0.0	0.8370180701770196	0.0	1.0520856575018451	0.0	0.0	0.7326532706816709	0.3922998530904431	1.234141751987173	0.3922998530904431	0.0	0.0	0.5949982770124219	0.0	1.9637880132257353	0.0	1.731094827277316	0.0	0.0	0.3922998530904431	0.0	0.5949982770124219	3.1158843620525607	0.7326532706816709	0.0	1.1952747513639956	2.0159545323535153	1.4822281113249358	2.3300537538276482	0.7326532706816709	0.5949982770124219	1.8883065256918263	0.0	1.1052355749666363	0.0	0.0	0.0	0.0	1.4141645352823191	2.6767675251010177	1.362032463374382	0.0	0.5949982770124219	2.3117882162285928	1.62424900129878	0.0	0.0	1.7652359836248028	1.362032463374382	0.0	0.0	0.0	1.9774287542086784	2.5143336746320855	0.0	3.153278919438408	3.1089959753988685	1.7190907834622657	1.62424900129878
SRR11292188	0.2862849805979976	2.20062334845022	0.0	0.0	0.0	0.0	0.0	1.1760491921312592	0.0	0.9276727137313399	1.2725723950781318	0.2862849805979976	0.0	0.0	1.604182102471104	0.5797503862256285	4.588134724103716	0.2862849805979976	0.0	2.310577665513751	0.0	0.0	3.663373150175866	0.2862849805979976	0.0	0.0	0.6751315404165477	0.0	0.0	0.0	0.0	0.0	0.6751315404165477	0.2862849805979976	3.0672738493393052	0.0	0.2862849805979976	0.2862849805979976	0.5797503862256285	0.0	0.0	3.9145765987777246	0.0	2.294421383103912	0.4573478479366013	1.0863184534048906	0.0	0.0	0.2862849805979976	0.0	0.5797503862256285	0.5797503862256285	0.0	0.4573478479366013	0.0	1.1183333272773388	0.0	0.0	0.0	0.9276727137313399	0.0	2.6698914408290624	0.6751315404165477	1.4182579398449704	1.2022643989472377	0.2862849805979976	0.0	3.1727718709208976	0.5797503862256285	0.6751315404165477	0.0	0.0	0.0	0.0	0.0	0.0	0.0	0.0	0.0	0.0	2.125544955927271	0.0	0.0	0.0	0.0	0.0	0.0	0.2862849805979976	3.348039037630794	0.0	0.2862849805979976	0.2862849805979976	0.0	0.0	0.0	0.0	0.0	0.0	0.0	0.0	0.0	0.0	1.2725723950781318	0.0	0.8769480958266859	0.5797503862256285	0.0	0.0	0.0	1.8624844496175406	0.0	1.3514955762203698	0.0	0.0	0.0	0.0	0.0	0.0	0.0	0.0	0.4573478479366013	0.0	1.0863184534048906	0.0	0.0	0.0	0.0	0.0	0.0	0.0	1.9873236848980047	0.0	0.0	0.753290548995617	1.0863184534048906	0.753290548995617	0.6751315404165477	0.0	0.0	0.2862849805979976	0.0	0.5797503862256285	0.0	0.0	0.0	2.023345011054451	1.0863184534048906	0.0	0.0	0.0	0.2862849805979976	0.4573478479366013	0.2862849805979976	0.0	0.0	0.0	0.0	0.0	0.0	0.0	1.25037746269925	0.0	0.0	2.88805956326909	3.4540168606589825	1.051754374347502	1.2022643989472377
SRR11292189	0.0	2.603864035594339	0.0	0.0	0.0	0.47687934131740023	0.0	1.4310142904201164	0.0	1.680885880662489	1.7478315897381527	1.3613807008301926	0.0	0.0	1.680885880662489	0.6017878292734606	4.547743847953527	0.0	0.0	1.543715497067464	0.0	0.0	2.278392591201446	1.0410627698257189	0.0	0.0	1.2037797534298345	0.0	0.0	0.0	0.0	0.0	1.078848580367446	0.9539199282821276	1.3006852282471153	0.3008485732464668	0.6017878292734606	0.0	0.6986796920788475	0.0	0.0	4.04535117096644	0.0	1.9819120943723847	0.9027724480084254	1.2301073573951136	0.0	0.0	0.3008485732464668	0.0	0.47687934131740023	1.662402803832492	0.0	0.6017878292734606	0.0	1.812556021680959	0.0	0.0	0.0	0.9027724480084254	0.0	3.9602505767475993	0.3008485732464668	2.5246829701793034	0.47687934131740023	0.0	0.0	3.193874060213	0.6986796920788475	0.99967338506171	0.0	0.3008485732464668	0.0	0.0	0.0	0.0	0.0	0.0	0.0	0.0	1.812556021680959	0.47687934131740023	0.0	0.0	0.0	0.0	0.0	0.6986796920788475	3.1871580359434515	0.47687934131740023	0.0	0.7778488375699342	0.0	0.0	0.0	0.0	0.6017878292734606	0.0	0.0	0.0	0.0	0.0	0.6986796920788475	0.0	0.6017878292734606	0.47687934131740023	0.0	0.0	0.3008485732464668	0.7778488375699342	0.3008485732464668	0.47687934131740023	0.0	0.0	0.0	0.0	1.078848580367446	0.0	0.0	0.3008485732464668	0.3008485732464668	0.0	1.078848580367446	0.0	0.47687934131740023	0.0	0.3008485732464668	0.3008485732464668	0.0	0.0	2.7785121554618173	0.0	0.0	1.1457910479879536	0.3008485732464668	1.1757525425493112	1.2037797534298345	0.9027724480084254	0.0	0.7778488375699342	0.0	0.6986796920788475	0.0	0.0	0.0	1.078848580367446	0.47687934131740023	0.0	0.3008485732464668	0.0	0.0	1.3420762631423917	0.3008485732464668	0.3008485732464668	0.0	0.0	0.0	0.0	0.0	0.0	2.033064196600612	0.0	0.0	2.612421821606909	2.503428900559275	1.680885880662489	1.1457910479879536
SRR11292190	1.2181953265079422	3.317939392236657	0.0	0.24039529782468735	0.0	0.0	0.24039529782468735	0.3942356381283067	0.3942356381283067	0.24039529782468735	0.3942356381283067	0.24039529782468735	0.0	0.0	1.579431050505053	0.0	4.449536385603048	0.24039529782468735	0.24039529782468735	2.41088854618093	0.24039529782468735	0.0	2.5646598361808586	0.0	0.0	0.0	0.9606237467859152	0.0	0.0	0.0	0.0	0.0	0.24039529782468735	0.0	1.463841731298992	0.24039529782468735	0.9944315275703015	0.3942356381283067	0.24039529782468735	0.0	0.0	4.405369405766686	0.0	1.9194522986502058	0.5076062723532883	1.7283230540235426	0.0	0.0	0.3942356381283067	0.24039529782468735	1.1556062342217766	2.1321564262790766	0.0	0.5076062723532883	0.0	1.1556062342217766	0.24039529782468735	0.0	0.0	0.6718128428113556	0.0	1.7738689184515568	0.0	3.0709088495662242	0.5974245699901439	0.8839139771251787	0.0	3.4048409450970603	0.5076062723532883	1.5960242405511023	0.0	0.0	0.0	0.0	0.0	0.3942356381283067	0.0	0.0	0.0	0.0	1.8343181964723145	0.0	0.0	0.0	0.0	0.0	0.0	0.0	2.6188782549270684	0.3942356381283067	0.0	0.8839139771251787	0.0	0.5076062723532883	0.0	0.0	0.5076062723532883	0.0	0.0	0.0	0.0	0.24039529782468735	0.3942356381283067	0.0	0.9944315275703015	0.3942356381283067	0.0	0.0	0.0	0.5974245699901439	0.24039529782468735	0.24039529782468735	0.0	0.0	0.24039529782468735	0.0	0.0	0.0	0.0	0.5974245699901439	0.24039529782468735	0.0	0.7353034025109809	0.0	0.24039529782468735	0.0	0.24039529782468735	0.24039529782468735	0.0	0.0	2.3119016925278215	0.24039529782468735	0.0	0.5974245699901439	1.0257965452717308	0.0	1.6706332513181934	0.3942356381283067	0.3942356381283067	0.24039529782468735	0.0	2.3087586313192836	0.0	0.0	0.0	2.2139540304729977	0.6718128428113556	0.24039529782468735	0.24039529782468735	0.0	0.0	0.3942356381283067	0.24039529782468735	0.0	0.24039529782468735	1.0550481382315677	0.0	0.0	0.0	0.0	0.0	0.7353034025109809	0.0	2.009856584928625	1.1082311554659547	0.24039529782468735	0.5076062723532883
SRR11292191	0.0	2.8483043300050577	0.0	0.0	0.0	0.7163457840122107	0.0	1.4832835790092793	0.0	2.0706429628092895	2.1387235505212847	0.7163457840122107	0.0	0.0	2.398101591867157	0.7163457840122107	4.272324735835809	0.3119710496882688	0.0	1.7201613477847562	0.0	0.0	2.4071327316009183	1.1339316848607663	0.0	0.0	1.2992557170829626	0.0	0.0	0.0	0.0	0.0	1.0990338954011742	1.2992557170829626	1.4832835790092793	0.0	0.4916489201526414	0.0	0.6183699157923428	0.3119710496882688	0.0	4.515391156267181	0.0	2.118354539417893	0.9220596607672888	1.2244134475094095	0.0	0.0	0.0	0.0	0.9220596607672888	1.0194996745171516	0.0	0.0	0.0	1.2244134475094095	0.0	0.0	0.0	0.3119710496882688	0.0	3.400002312089144	0.0	3.2124913645920046	0.7962361497218945	0.3119710496882688	0.0	2.6148455104528283	1.1339316848607663	3.0762076944433203	0.0	0.0	0.0	0.0	0.0	0.3119710496882688	0.3119710496882688	0.0	0.0	0.0	2.2886709776733207	0.3119710496882688	0.0	0.0	0.0	0.0	0.0	1.0990338954011742	3.0598165631161147	0.4916489201526414	0.0	0.4916489201526414	0.0	0.0	0.0	0.0	0.0	0.0	0.0	0.0	0.0	0.4916489201526414	1.2757128090829324	0.0	0.6183699157923428	0.0	0.0	0.0	0.0	1.5122942570420561	0.0	0.6183699157923428	0.0	0.0	0.0	0.0	1.1662326343884184	0.3119710496882688	0.0	0.0	0.4916489201526414	0.0	1.8136647209979255	0.0	0.0	0.0	0.3119710496882688	0.3119710496882688	0.0	0.0	2.3395751896841257	0.0	0.0	1.6231457982983888	0.9735067079192157	1.3428273540870892	1.4832835790092793	0.9735067079192157	0.0	0.0	0.0	0.9735067079192157	0.0	0.0	0.0	0.7163457840122107	1.3428273540870892	0.4916489201526414	0.3119710496882688	0.0	0.0	1.5122942570420561	0.3119710496882688	0.3119710496882688	0.0	0.3119710496882688	0.0	0.0	0.0	0.4916489201526414	2.21460265502736	0.6183699157923428	0.0	2.772084176521253	0.7163457840122107	1.8601566475905396	0.7962361497218945
SRR11292192	1.085086710850033	2.51404952980091	0.0	0.9264895355411875	0.456474554595261	1.659508835669834	0.2856377187070067	0.5787620462259029	0.0	2.3969058847052653	0.5787620462259029	0.456474554595261	0.0	0.2856377187070067	2.7168958794076334	1.474814515999661	3.9236673124618773	0.456474554595261	0.0	1.2010068478656761	0.0	0.0	2.8236082278852317	0.0	0.2856377187070067	0.0	1.0505317560133154	1.461058925426812	0.0	0.0	0.0	0.0	0.5787620462259029	0.2856377187070067	1.3125476786082646	0.0	1.659508835669834	0.2856377187070067	2.159191189630656	0.0	0.5787620462259029	4.5340616322192036	0.0	2.489885796391448	0.6740735084555812	1.7250946264533051	0.2856377187070067	0.0	0.8183673949551713	0.0	1.117093757182345	2.7336286429111416	0.2856377187070067	0.5787620462259029	0.0	1.7886860275700789	0.0	0.0	0.0	1.0505317560133154	0.0	2.7568711185922994	2.7809445892054803	3.5168026426814887	0.0	1.7952095512425823	0.0	2.341699536732488	0.6740735084555812	1.9327908509660878	0.0	0.0	0.0	0.2856377187070067	0.0	0.2856377187070067	0.0	0.0	0.5787620462259029	0.0	1.9859956214316572	0.0	0.0	0.0	0.0	0.0	0.0	0.0	3.3831342712159893	0.9264895355411875	0.0	3.0680109433341194	0.0	0.0	0.0	0.0	0.0	0.0	0.0	0.0	0.0	0.0	0.9264895355411875	0.0	1.3125476786082646	0.6740735084555812	0.0	0.0	0.456474554595261	0.9264895355411875	0.6740735084555812	0.456474554595261	0.0	0.0	0.0	0.2856377187070067	0.6740735084555812	0.6740735084555812	0.0	0.0	0.6740735084555812	0.0	0.9264895355411875	0.0	0.2856377187070067	0.0	0.2856377187070067	0.456474554595261	0.0	0.0	1.9646132525073687	0.0	0.0	0.7521857757396634	0.9264895355411875	0.0	2.0023744683525155	1.2010068478656761	0.0	0.0	0.0	2.00637445111892	0.0	0.0	0.0	1.7250946264533051	0.6740735084555812	0.456474554595261	0.456474554595261	0.0	0.2856377187070067	1.2924144150248948	0.2856377187070067	0.0	0.0	1.4321673728667013	0.6740735084555812	0.0	0.0	1.0505317560133154	0.8757845781097073	0.6740735084555812	0.0	1.4012159556332187	3.8471184497688142	0.8183673949551713	0.6740735084555812
SRR11292193	0.0	2.423210302611334	0.0	0.9137825008688976	0.0	0.3424032051474639	0.0	0.8450674349903788	0.0	1.5390414247304582	1.4563315755717066	0.0	0.0	0.5314537130616657	1.9293836397318984	1.8632876431936645	4.107628680583499	0.3424032051474639	0.3424032051474639	1.621141429950651	0.0	0.0	2.309168648808218	0.7633984439206143	0.0	0.0	0.7633984439206143	0.3424032051474639	0.0	0.0	0.0	0.3424032051474639	0.7633984439206143	0.3424032051474639	1.1874873334307376	0.3424032051474639	0.9137825008688976	0.0	0.5314537130616657	0.3424032051474639	0.0	4.562202422911587	0.0	0.3424032051474639	0.0	1.3765427512997919	0.0	0.0	0.0	0.0	0.6627298880497399	2.516631961693816	0.0	0.5314537130616657	0.0	1.2787197742220244	0.0	0.0	0.0	0.6627298880497399	0.0	2.8024644179612963	0.0	3.477403926442732	0.3424032051474639	0.3424032051474639	0.0	1.9105891374856496	0.3424032051474639	2.2961907617136927	0.0	0.0	0.0	0.0	0.0	0.9730959461865368	0.0	0.0	0.3424032051474639	0.0	2.007712422691393	0.0	0.0	0.0	0.3424032051474639	0.0	0.0	0.0	2.5560255521813815	0.6627298880497399	0.0	1.025273527816553	0.0	0.0	0.0	0.0	0.0	0.0	0.0	0.0	0.0	0.3424032051474639	0.6627298880497399	0.0	0.9137825008688976	0.0	0.0	0.0	0.0	0.0	0.0	0.5314537130616657	0.0	0.0	0.0	0.0	0.0	0.0	0.0	0.0	0.0	0.0	1.5954614220364554	0.0	0.0	0.0	0.0	0.0	0.0	0.0	1.8101973646721279	0.0	0.0	0.8450674349903788	0.3424032051474639	0.9730959461865368	2.1238162033738557	0.3424032051474639	0.5314537130616657	0.7633984439206143	0.0	1.152255152920298	0.0	0.0	0.0	0.0	1.025273527816553	0.0	0.3424032051474639	0.0	0.0	0.8450674349903788	0.5314537130616657	0.0	0.0	1.2787197742220244	0.0	0.0	0.0	0.6627298880497399	1.4913271396179513	1.4563315755717066	0.0	2.065170729277114	3.8088636540302496	1.152255152920298	0.3424032051474639
SRR11292194	0.0	3.0377823667442896	0.0	0.0	0.0	0.5329159517998505	0.0	0.0	0.5329159517998505	1.7229815547927756	1.4583294595430087	0.6643507797403266	0.0	0.0	1.7327789470427757	0.0	4.4149616722958855	0.0	0.0	2.019882638891896	0.0	0.0	2.163388403171477	0.5329159517998505	0.0	0.0	1.18942330464054	0.5329159517998505	0.0	0.0	0.0	0.0	0.8468423931298596	1.1541797870676733	1.3560530214163764	0.0	0.5329159517998505	0.0	0.34353353405592074	0.0	0.0	4.411280816532082	0.0	2.0848029947859277	0.0	0.7651123130575308	0.0	0.0	0.0	0.0	0.6643507797403266	0.915600663294227	0.0	0.0	0.0	0.34353353405592074	0.0	0.0	0.0	0.6643507797403266	0.0	3.7121344362532724	0.34353353405592074	2.194588824606664	0.0	1.6231621217389058	0.34353353405592074	3.025120241118416	0.5329159517998505	0.8468423931298596	0.0	0.0	0.0	0.0	0.0	0.5329159517998505	0.0	0.0	0.34353353405592074	0.0	1.6590455434906444	0.34353353405592074	0.0	0.0	0.0	0.0	0.0	0.0	2.9212146829613292	0.0	0.0	0.0	0.0	0.0	0.0	0.0	0.0	0.0	0.0	0.0	0.0	0.0	0.5329159517998505	0.0	0.34353353405592074	0.34353353405592074	0.0	0.0	0.0	0.5329159517998505	0.0	0.5329159517998505	0.0	0.0	0.0	0.0	1.2220202019725261	0.0	0.0	0.0	0.0	0.0	2.191230759732521	0.0	0.0	0.0	0.34353353405592074	0.0	0.0	0.0	2.4700792818458224	0.0	0.0	1.073744368433951	1.073744368433951	0.9749462793208584	1.1158215966801042	0.8468423931298596	0.34353353405592074	0.5329159517998505	0.0	0.7651123130575308	0.0	0.0	0.0	0.6643507797403266	1.073744368433951	0.34353353405592074	0.0	0.0	0.0	1.2806811632807469	0.0	0.0	0.0	0.6643507797403266	0.0	0.0	0.0	0.0	1.5840446263808372	0.5329159517998505	0.0	2.5265542693982312	1.8793788254049744	1.3785260683290934	1.252340361239897
SRR11292195	0.0	2.023910351134957	0.0	0.0	0.0	0.0	0.28656059167746833	1.2275237869035196	0.28656059167746833	0.5801709966304556	0.9735976345825326	0.0	0.0	0.0	1.5395865883003816	0.0	4.287414548431509	0.0	0.28656059167746833	0.8199900023928861	0.45771956777532463	0.0	2.5171916337836664	0.28656059167746833	0.0	0.0	0.28656059167746833	0.6755817583477345	0.0	0.0	0.0	0.0	0.0	0.0	1.6047386578008496	0.0	0.45771956777532463	0.0	0.28656059167746833	0.0	0.0	4.313381147916575	0.0	2.057171866019362	0.28656059167746833	1.2275237869035196	0.0	0.0	0.0	0.0	0.0	1.1486795205489806	0.0	1.0868424400744219	0.0	1.3143673903852477	0.0	0.0	0.0	0.7537606204337141	0.0	2.30515718831309	0.28656059167746833	2.7030126102276535	0.0	0.6755817583477345	0.0	2.737770378260305	0.6755817583477345	4.235311114033717	0.0	0.0	0.0	0.0	0.0	0.45771956777532463	0.0	0.0	0.0	0.0	2.027734396051779	0.0	0.0	0.0	0.0	0.0	0.0	0.28656059167746833	3.204337593272219	0.6755817583477345	0.0	0.45771956777532463	0.0	0.0	0.0	0.0	0.0	0.0	0.0	0.0	0.0	0.0	0.6755817583477345	0.0	2.1351238732640803	0.28656059167746833	0.0	0.0	0.0	0.0	0.0	1.2731126895153644	0.0	0.0	0.0	0.0	0.5801709966304556	0.0	0.0	0.0	0.0	0.0	1.6787294346190622	0.0	0.0	0.0	0.0	0.0	0.0	0.0	2.2866799114541356	0.0	0.0	0.0	0.7537606204337141	0.0	0.45771956777532463	0.0	0.0	0.0	0.0	0.45771956777532463	0.0	0.0	0.0	0.45771956777532463	0.7537606204337141	0.28656059167746833	0.0	0.0	0.0	0.5801709966304556	0.28656059167746833	0.0	0.0	0.6755817583477345	0.28656059167746833	0.0	0.0	0.28656059167746833	0.6755817583477345	0.28656059167746833	0.0	1.9299384184744366	2.6563669844577937	0.5801709966304556	0.45771956777532463
SRR11292196	0.0	1.5545905296290763	0.0	0.0	0.0	0.6518434771720741	0.33484476719195755	0.0	0.0	1.2372228945649677	1.2655061155968703	0.5216468067047884	0.0	0.0	2.161611311859774	0.0	4.391928332809128	0.33484476719195755	0.33484476719195755	1.2372228945649677	0.0	0.0	2.8567786576511143	0.6518434771720741	0.0	0.0	0.8331297738378999	0.0	0.0	0.0	0.0	0.0	0.6518434771720741	0.5216468067047884	1.317082469297274	0.0	0.8331297738378999	0.33484476719195755	0.0	0.0	0.0	4.4129228057772085	0.0	1.2372228945649677	0.6518434771720741	0.9606429099039513	0.0	0.0	0.0	0.0	1.3631787273055413	0.7518779639351766	0.0	0.7518779639351766	0.0	0.7518779639351766	0.0	0.0	0.0	0.5216468067047884	0.0	3.5508874508508894	0.5216468067047884	3.259383850947055	0.0	0.33484476719195755	0.0	1.7541448278448448	0.8331297738378999	0.6518434771720741	0.0	0.0	0.0	0.0	0.0	0.0	0.0	0.0	0.0	0.0	1.9729229020747072	0.0	0.0	0.0	0.0	0.0	0.0	0.33484476719195755	2.783571743821613	0.0	0.0	0.0	0.0	0.0	0.33484476719195755	0.0	0.0	0.0	0.33484476719195755	0.0	0.0	0.33484476719195755	0.6518434771720741	0.0	0.901549516970382	0.0	0.0	0.0	0.0	0.33484476719195755	0.0	0.6518434771720741	0.0	0.0	0.0	0.0	0.7518779639351766	0.0	0.0	0.6518434771720741	0.33484476719195755	0.0	2.556352198918268	0.0	0.0	0.0	0.0	0.0	0.33484476719195755	0.33484476719195755	2.7649026972459563	0.0	0.0	1.6657299148375988	0.0	0.5216468067047884	0.5216468067047884	0.0	0.0	1.5948807818087232	0.0	1.1744478964913547	0.0	0.0	0.0	1.0590902692647763	0.5216468067047884	0.5216468067047884	0.0	0.0	0.0	0.7518779639351766	0.0	0.0	0.0	0.0	0.33484476719195755	0.0	0.0	0.0	1.2372228945649677	0.0	0.0	3.158908809640388	3.18307350296243	0.8331297738378999	0.8331297738378999
SRR11292197	0.0	3.2111306937351713	0.0	0.0	0.0	0.0	0.7774922866790679	0.7774922866790679	0.0	1.3971807948869586	1.430602205065775	0.9023980488412366	0.0	0.3006347374364197	0.9023980488412366	0.0	4.593491172445789	0.0	0.0	0.6983374183858508	0.0	0.3006347374364197	2.3455656636749964	0.8444202340756031	0.0	0.0	0.6983374183858508	0.9535395792501877	0.0	0.0	0.0	0.0	0.6014669690057	0.6014669690057	1.341667784503072	0.0	0.3006347374364197	0.0	0.3006347374364197	0.0	0.0	4.143004384179386	0.0	1.3609713754041617	0.3006347374364197	1.2545256039781405	0.0	0.0	0.0	0.0	2.6109343669346208	1.1132133636070018	0.0	0.476594163768981	0.0	1.2033785781412332	0.0	0.0	0.0	1.8380696864934403	0.0	3.1158174726707997	0.0	2.4224579845717193	0.0	0.0	0.0	2.333666539423146	0.7774922866790679	3.482511335981585	0.0	0.0	0.0	0.0	0.0	0.0	0.0	0.0	0.0	0.0	1.8187650527576598	0.0	0.0	0.0	0.0	0.0	0.0	0.3006347374364197	2.8828715934062314	0.0	0.0	0.0	0.0	0.0	0.0	0.0	0.0	0.0	0.0	0.0	0.0	0.0	0.9023980488412366	0.0	0.0	0.476594163768981	0.0	0.0	0.0	0.0	0.0	0.6014669690057	0.0	0.0	0.0	0.0	0.9535395792501877	0.0	0.0	0.0	0.3006347374364197	0.0	2.2322098630765392	0.0	0.0	0.0	0.0	0.0	0.0	0.0	1.530711322171343	0.0	0.0	1.1753531524738818	0.6983374183858508	0.6014669690057	2.2936793678886693	0.0	0.0	0.0	0.0	1.3214661116830264	0.0	0.0	0.0	0.476594163768981	0.3006347374364197	0.0	0.0	0.0	0.0	0.7774922866790679	0.0	0.0	0.3006347374364197	0.3006347374364197	0.0	0.0	0.0	0.0	1.2033785781412332	0.0	0.0	1.6619841634589907	0.0	0.8444202340756031	0.0
SRR11292198	0.0	3.168518940595376	0.0	0.0	0.0	0.3772728494039096	0.0	0.7119294855106568	0.0	0.0	0.4879474998231029	0.6492902227269486	0.0	0.22837682777429258	3.0844358529583573	0.0	4.481705521342976	0.3772728494039096	0.0	2.583907246281146	0.0	0.0	3.219253473318302	0.0	0.0	1.3643833694457206	0.5760686274645908	0.0	0.0	0.0	0.0	0.0	0.0	0.0	1.377178253379528	0.0	0.3772728494039096	0.0	0.3772728494039096	0.0	0.0	4.265214926933315	0.0	1.7290435010587417	0.0	2.674752304417794	0.0	0.0	0.0	0.0	0.0	0.8152633097585967	0.0	0.6492902227269486	0.0	1.4678779411681022	0.0	0.0	0.0	0.5760686274645908	0.0	2.0639214623160957	0.0	2.3221289409830135	0.22837682777429258	0.3772728494039096	0.0	2.9640455735649	0.22837682777429258	0.5760686274645908	0.0	0.0	0.0	0.0	0.0	0.0	0.0	0.0	0.0	0.0	1.3896069460307763	0.0	0.0	0.0	0.0	0.0	0.0	0.22837682777429258	3.454570903549692	0.22837682777429258	0.0	0.0	0.0	0.0	0.0	0.0	0.0	0.0	0.0	0.0	0.0	0.22837682777429258	0.9350531652035908	0.0	1.7562143446952927	0.8152633097585967	0.0	0.0	0.0	1.2101039468983599	0.0	0.7119294855106568	0.0	0.0	0.0	0.0	2.724529710053276	0.22837682777429258	0.0	0.0	0.22837682777429258	0.0	0.7119294855106568	0.0	0.0	0.0	0.22837682777429258	0.22837682777429258	0.0	0.0	1.1713802409531988	0.0	0.0	0.22837682777429258	1.228243540633779	0.0	0.3772728494039096	0.4879474998231029	0.22837682777429258	0.4879474998231029	0.0	0.4879474998231029	0.0	0.0	0.0	0.8152633097585967	1.4134456182229522	0.22837682777429258	0.3772728494039096	0.0	0.22837682777429258	0.0	0.0	0.0	0.0	0.3772728494039096	0.0	0.0	0.0	0.0	0.7119294855106568	0.0	0.0	2.3320336157159383	3.4299362226854346	0.3772728494039096	0.8152633097585967
SRR11292199	0.38619854957822464	2.7008619220863546	0.0	0.0	0.0	0.16960745427442647	0.16960745427442647	0.9600960285782484	0.38619854957822464	0.5300536729369377	0.6379302542813023	0.0	0.0	0.0	1.6481380095000482	0.0	4.441952522115784	0.5300536729369377	0.0	3.499822362809596	0.0	0.0	2.9732663856575043	0.0	0.0	0.0	0.5873328883822475	0.38619854957822464	0.0	0.0	0.0	0.0	0.5300536729369377	0.0	0.761756544284619	0.0	0.5873328883822475	0.0	0.38619854957822464	0.0	0.16960745427442647	4.263383356041285	0.0	1.9224896619110365	0.5300536729369377	1.3235908820161315	0.0	0.16960745427442647	0.4640553761531322	0.16960745427442647	0.0	0.5300536729369377	0.0	0.0	0.0	1.3333303526316813	0.0	0.0	0.0	0.761756544284619	0.0	1.888985147841976	0.2912676234326232	2.609707780494997	0.0	0.761756544284619	0.0	3.411139192109329	0.5300536729369377	0.4640553761531322	0.0	0.0	0.0	0.0	0.0	1.1856317274943424	0.0	0.0	0.0	0.0	2.132681365025294	0.0	0.0	0.0	0.0	0.0	0.0	0.16960745427442647	3.5553284548258994	2.1664907436572927	0.0	1.9149840855824072	0.0	0.0	0.0	0.0	0.0	0.0	0.0	0.0	0.0	0.0	0.9367324998806275	0.0	0.7242716606320403	0.2912676234326232	0.0	0.16960745427442647	0.16960745427442647	1.1856317274943424	0.0	0.7962615269232062	0.0	0.0	0.0	0.0	0.2912676234326232	0.0	0.0	0.0	0.4640553761531322	0.0	1.486031685405771	0.0	0.16960745427442647	0.0	0.4640553761531322	0.2912676234326232	0.0	0.0	1.4993765406351014	0.16960745427442647	0.0	0.0	0.16960745427442647	0.0	0.7242716606320403	0.0	0.0	0.38619854957822464	0.0	2.8060315137950376	0.0	0.0	0.0	1.0611125088458109	0.2912676234326232	0.0	0.5300536729369377	0.0	0.0	0.16960745427442647	0.2912676234326232	0.0	0.16960745427442647	0.16960745427442647	0.0	0.0	0.0	0.2912676234326232	1.0033601045956388	0.16960745427442647	0.0	1.7587386267659257	3.4957333610912817	0.38619854957822464	0.7962615269232062
SRR11292201	0.0	0.2781271930053835	0.0	0.0	0.0	0.0	0.2781271930053835	1.7861586190037981	0.0	0.9988090513622622	1.1862833054372555	0.4463076871285758	0.0	0.0	2.0931583141134347	0.5672363406671321	4.1054554797519565	0.0	0.2781271930053835	3.262360644731573	0.0	0.0	1.8979664238732452	0.4463076871285758	0.0	0.0	0.6617224095069072	0.0	0.0	0.0	0.0	0.0	0.4463076871285758	0.4463076871285758	1.0706708449254876	0.0	0.2781271930053835	0.0	0.4463076871285758	0.0	0.0	4.512755236376331	0.0	2.1235166149236235	0.0	1.3528436073976533	0.0	0.0	0.0	0.0	0.4463076871285758	0.8621809189809598	0.0	0.0	0.0	1.1601359280957244	0.0	0.0	0.0	0.912651990164067	0.0	3.1849272059249913	0.6617224095069072	3.2959561006422016	0.0	0.7392801439696499	0.0	2.4094589028189977	0.5672363406671321	0.9578635487941666	0.0	0.0	0.0	0.4463076871285758	0.0	0.6617224095069072	0.0	0.0	0.0	0.0	2.275375060202139	0.2781271930053835	0.0	0.0	0.0	0.0	0.0	0.0	3.8845860911885115	0.0	0.0	0.4463076871285758	0.0	0.0	0.0	0.0	0.0	0.0	0.0	0.0	0.0	0.0	0.912651990164067	0.0	0.912651990164067	0.2781271930053835	0.0	0.0	0.0	0.2781271930053835	0.0	0.912651990164067	0.0	0.0	0.0	0.0	0.0	0.0	0.0	0.0	0.0	0.0	0.2781271930053835	0.0	0.0	0.0	0.0	0.4463076871285758	0.0	0.0	2.2180070296346206	0.0	0.0	0.5672363406671321	1.0706708449254876	0.2781271930053835	0.2781271930053835	0.0	0.0	0.0	0.0	1.4316947213511577	0.0	0.0	0.5672363406671321	0.2781271930053835	1.1025846001507	0.0	0.0	0.0	0.4463076871285758	0.6617224095069072	0.2781271930053835	0.0	0.0	0.0	0.0	0.0	0.0	0.0	1.0706708449254876	0.4463076871285758	0.0	3.357259099122853	0.0	0.5672363406671321	0.0
SRR11292202	0.0	0.35740010452052495	0.0	0.0	0.0	0.0	0.0	0.9974021438416493	0.0	1.8755084976619523	0.0	0.35740010452052495	0.0	0.0	2.044691490876737	2.4089838667798706	4.453582780036702	0.0	0.35740010452052495	0.6840894588015334	0.0	0.0	1.6219052465660193	0.0	0.0	0.0	0.35740010452052495	0.0	0.0	0.0	0.0	0.0	0.0	0.0	1.3044456266864648	0.0	0.35740010452052495	0.0	0.35740010452052495	0.0	0.0	4.425275212831306	0.0	0.0	0.35740010452052495	0.7859543103181902	0.0	0.0	0.0	0.0	0.0	0.6840894588015334	0.0	0.7859543103181902	0.0	1.5653925482684534	0.0	0.0	0.0	1.4443740180362261	0.0	3.074171242858876	0.0	2.198917886335691	0.0	0.0	0.0	0.7859543103181902	0.9974021438416493	1.3562612033433814	0.0	0.0	0.0	0.0	0.0	0.0	0.0	0.0	0.0	0.0	2.5388783422086996	0.0	0.0	0.0	0.0	0.0	0.0	0.0	2.798030483049134	0.0	0.0	0.0	0.0	0.0	0.0	0.0	0.0	0.0	0.0	0.0	0.0	0.0	0.7859543103181902	0.0	1.5945674660723816	0.0	0.0	0.0	0.0	0.5507649284038711	0.0	1.5004102850820131	0.0	0.0	0.0	0.0	0.0	0.0	0.0	0.0	0.5507649284038711	0.0	1.1389952437628739	0.0	0.0	0.0	0.0	0.0	0.0	0.0	3.0906866281234557	0.0	0.0	1.4443740180362261	1.8119750648921322	0.0	0.5507649284038711	0.0	0.0	0.0	0.0	0.7859543103181902	0.0	0.0	0.0	0.0	0.6840894588015334	0.0	0.0	0.0	0.0	0.0	0.0	0.0	0.0	0.0	0.0	0.0	0.0	0.35740010452052495	0.0	0.0	0.0	3.3815183491567757	0.35740010452052495	0.0	0.0
SRR11292203	0.0	2.8108219083420365	0.0	0.0	0.0	0.3094647897250813	0.4883316311956003	1.075979029895565	0.0	0.6662634723764211	0.6662634723764211	0.0	0.0	0.0	1.7365558564380557	1.233198264636902	4.2069274350852375	0.7123881451421851	0.0	2.8395058808352087	0.18173261775434107	1.2059817748466426	2.3367767357641682	0.40804227992646436	0.0	0.0	0.4883316311956003	1.1293895156910816	0.0	0.0	0.0	0.0	0.40804227992646436	0.0	1.176944962396401	0.0	0.6146515351840803	0.4883316311956003	0.0	0.18173261775434107	0.3094647897250813	4.452258032085944	0.0	1.3777234600461155	0.4883316311956003	1.2710697929695587	0.0	0.0	0.0	0.0	1.0566088677944672	0.4883316311956003	0.0	0.0	0.0	1.982673375881778	0.0	0.0	0.0	1.1616645153321792	0.0	2.6947373889004345	0.5560681971003709	3.8052634409248753	0.0	1.1293895156910816	0.0	2.1824346077818375	1.2829936792096703	3.2185052285725835	0.0	0.0	0.0	0.0	0.0	0.18173261775434107	0.0	0.0	0.0	0.0	2.1749575321879355	0.0	0.0	0.0	0.0	0.0	0.0	0.0	2.5544804659248985	0.6662634723764211	0.0	0.0	0.0	0.0	0.0	0.0	0.0	0.0	0.0	0.0	0.0	0.0	0.6146515351840803	0.0	0.6146515351840803	0.0	0.0	0.0	0.0	0.3094647897250813	0.0	0.18173261775434107	0.0	0.0	0.0	0.0	0.40804227992646436	0.0	0.0	0.0	0.3094647897250813	0.0	1.1293895156910816	0.0	0.18173261775434107	0.0	0.18173261775434107	0.0	0.0	0.40804227992646436	1.9634669011927786	0.0	0.0	1.7646041073788032	0.3094647897250813	0.40804227992646436	0.7123881451421851	0.18173261775434107	0.0	0.18173261775434107	0.18173261775434107	1.2059817748466426	0.0	0.0	0.0	0.6662634723764211	0.9441951000160633	0.9691262825085319	0.6146515351840803	0.0	0.18173261775434107	0.0	0.0	0.0	0.0	0.40804227992646436	0.0	0.0	0.0	0.40804227992646436	0.3094647897250813	0.6662634723764211	0.0	2.580738137305968	3.754772603856531	0.18173261775434107	0.6662634723764211
SRR11292204	0.0	0.0	0.0	0.0	0.0	0.0	0.5541672959753421	0.7899111115648529	0.0	0.0	0.0	0.0	0.0	0.0	1.5387053208097417	0.0	4.301897500379777	0.0	0.0	2.155423871279958	0.0	0.0	1.5387053208097417	0.0	0.0	0.0	0.0	0.0	0.0	0.0	0.0	0.0	0.0	0.0	2.0967450033877437	0.0	0.0	0.0	0.0	0.0	0.0	4.348899015063322	0.0	2.207109915400865	0.7899111115648529	1.0542060013992687	0.0	0.0	0.0	0.0	0.0	0.0	0.0	0.7899111115648529	0.0	2.007369712406393	0.0	0.0	0.0	0.7899111115648529	0.0	1.0542060013992687	0.0	2.4703917076391373	0.0	0.9418607260032884	0.0	3.00903676233614	0.0	0.7899111115648529	0.0	0.0	0.0	0.0	0.0	0.0	0.0	0.0	0.0	0.0	1.8495624551461967	0.0	0.0	0.0	0.0	0.0	0.0	0.0	2.689364833788095	0.0	0.0	0.5541672959753421	0.0	0.0	0.0	0.0	0.0	0.0	0.0	0.0	0.0	0.0	0.0	0.0	0.5541672959753421	0.0	0.0	0.0	0.0	0.0	0.0	0.0	0.0	0.0	0.0	0.0	0.0	0.0	0.0	0.0	0.0	0.0	0.0	0.0	0.0	0.0	0.0	0.0	0.0	0.0	1.8651373542140133	0.0	0.0	0.0	0.0	0.0	0.0	0.0	0.0	0.0	0.0	1.0542060013992687	0.0	0.0	0.0	1.6265200556786277	0.0	0.0	0.0	0.0	0.0	0.0	0.0	0.0	0.0	0.7899111115648529	0.0	0.0	0.0	0.0	0.0	0.5541672959753421	0.0	3.879531533430018	3.964486085535587	0.0	0.5541672959753421
SRR11292205	0.0	0.9769282373990651	0.0	0.0	0.0	0.3826958133252839	0.3826958133252839	0.5829196472718869	0.0	1.5065446880691042	1.346480974673362	0.7194397476277027	0.0	0.0	1.6650237161789254	0.3826958133252839	4.545175294952256	0.3826958133252839	0.0	0.8231531760632046	0.0	0.0	2.639925578834886	0.7194397476277027	0.0	0.0	0.5829196472718869	0.0	0.0	0.0	0.0	0.0	0.5829196472718869	0.7194397476277027	0.9769282373990651	0.0	0.5829196472718869	0.0	0.7194397476277027	0.0	0.0	3.9835070858887076	0.0	1.5604355917192023	0.8231531760632046	0.5829196472718869	0.0	0.0	0.0	0.0	0.0	2.5077556476551712	0.0	0.3826958133252839	0.0	0.0	0.0	0.0	0.0	0.7194397476277027	0.0	3.6569793582838703	0.0	2.2797698633248618	0.3826958133252839	0.5829196472718869	0.0	2.6524058721027894	0.0	2.99591529879694	0.0	0.0	0.0	0.0	0.0	0.0	0.0	0.0	0.0	0.0	2.4025210023061714	0.3826958133252839	0.0	0.0	0.0	0.0	0.0	1.0372825274008934	2.3826308056197796	0.0	0.0	0.0	0.0	0.0	0.0	0.0	0.0	0.0	0.0	0.0	0.0	0.3826958133252839	0.5829196472718869	0.0	0.5829196472718869	0.7194397476277027	0.0	0.0	0.0	1.0902635847987683	0.0	0.5829196472718869	0.0	0.0	0.0	0.0	1.543204434243158	0.0	0.0	0.0	0.5829196472718869	0.0	0.5829196472718869	0.0	0.0	0.0	0.0	0.0	0.0	0.0	3.1025447666119654	0.0	0.0	1.0372825274008934	0.0	0.8231531760632046	0.8231531760632046	0.0	0.0	0.0	0.0	0.9068115343826482	0.0	0.0	0.0	0.3826958133252839	0.3826958133252839	0.0	0.0	0.0	0.0	1.1374783803423916	0.0	0.0	0.0	0.0	0.0	0.0	0.0	0.0	1.6083714229264006	0.0	0.0	3.9047810538263206	0.0	1.3985316912918009	0.8231531760632046
SRR11292206	0.0	2.519580484250417	0.0	0.0	0.0	0.0	0.0	0.9683494859011377	0.0	0.7116867257253339	0.6490565380562601	0.0	0.0	0.0	1.4131559937260514	0.0	4.487506167194054	0.3770979943552021	0.22825365396765623	1.2937727977896563	0.0	0.0	3.2055059394874736	0.0	0.0	0.0	0.6490565380562601	0.0	0.0	0.0	0.0	0.22825365396765623	0.22825365396765623	0.0	1.337316592804977	0.0	0.5758473508067963	0.0	0.22825365396765623	0.0	0.0	4.327061710936345	0.0	1.6876053722170297	0.0	1.209821267816896	0.0	0.0	0.0	0.0	0.3770979943552021	2.0083811241733627	0.0	0.22825365396765623	0.0	1.3640951360334053	0.0	0.0	0.0	0.22825365396765623	0.0	3.363421762786171	0.0	2.6979513001055326	0.0	0.5758473508067963	0.0	2.926977084732566	0.76641283007215	1.446625896503734	0.0	0.0	0.0	0.0	0.0	0.48774421310717786	0.22825365396765623	0.0	0.0	0.0	2.0584043105029144	0.0	0.0	0.0	0.0	0.0	0.0	0.3770979943552021	3.0124804663803784	0.22825365396765623	0.0	0.0	0.0	0.0	0.22825365396765623	0.0	0.0	0.0	0.0	0.0	0.0	0.0	0.9683494859011377	0.0	0.48774421310717786	0.0	0.0	0.0	0.0	0.9347869050066471	0.0	1.0558150089705747	0.0	0.0	0.0	0.0	0.22825365396765623	0.0	0.0	0.22825365396765623	0.22825365396765623	0.0	1.8285125704248375	0.0	0.5758473508067963	0.0	0.0	0.0	0.0	0.0	2.4025708477427394	0.0	0.0	0.0	0.6490565380562601	0.0	0.22825365396765623	0.0	0.0	0.22825365396765623	0.0	0.8984117067511661	0.0	0.0	0.0	2.011316623006231	0.5758473508067963	0.3770979943552021	0.0	0.0	0.22825365396765623	0.22825365396765623	0.0	0.0	0.0	0.3770979943552021	0.22825365396765623	0.0	0.0	0.0	0.9347869050066471	0.3770979943552021	0.0	3.075892987263996	3.058137390722239	0.3770979943552021	0.48774421310717786
