bugName	pval	pT2	pT3	sT2	sT3	Adjustedpval	AdjustedpT2	AdjustedpT3
Fusobacterium nucleatum	1.77635683940025e-15	1.69714695988641e-15	1.92988452882853e-11	1.85575522757404	1.35342304167132	1.12621023617976e-12	1.07599117256798e-12	4.07848930425763e-09
Veillonella atypica	1.15463194561016e-14	1.1485600364231e-12	1.44161279011505e-13	1.61206908669966	1.63883906488822	3.66018326758422e-12	3.50768564357253e-10	9.13982508932944e-11
Veillonella parvula	1.79412040779425e-13	1.65978815941918e-12	1.41644948926522e-11	1.44097847070653	1.29198599452491	3.79157446180519e-11	3.50768564357253e-10	4.07848930425763e-09
Lancefieldella parvula	2.29323227074474e-11	1.90862978256579e-11	2.33423438395854e-08	1.01879562628112	0.755047715261184	3.63477314913041e-09	3.02517820536678e-09	2.95980919885943e-06
Vagococcus teuberi	3.70666164428712e-10	2.21853109589088e-10	2.93541077111677e-07	1.17516280531915	0.848701491881146	4.10144416947607e-08	2.81309742958963e-08	2.65864346984005e-05
Streptomyces peucetius	3.88149290486695e-10	1.09890456934886e-09	2.21711543079255e-08	1.16129223015839	0.987737322524719	4.10144416947607e-08	1.16117582827863e-07	2.95980919885943e-06
Rothia mucilaginosa	1.79110504205937e-09	3.67541147951624e-09	1.0181575166115e-07	1.13668767472766	0.948205095747503	1.62222942380806e-07	3.32887268287614e-07	1.07585310921948e-05
Shigella flexneri	4.39979110922195e-08	3.02911409054423e-08	5.0004261330583e-06	0.992035891330432	0.744865269043338	3.4868344540584e-06	2.4005729167563e-06	0.000226447869168497
Salmonella enterica	5.72471301474309e-08	1.32072217981992e-07	9.44629146608759e-07	0.803618247335559	0.69986418591056	4.03274227927458e-06	7.61216238187117e-06	7.48618598687442e-05
Rhizobium leguminosarum	9.34717510059357e-08	1.66589566020361e-07	1.78400457957357e-06	0.914660148216028	0.781432141333613	5.92610901377633e-06	8.80148207140908e-06	0.000113105890344964
Escherichia albertii	1.28835557555718e-07	1.00822817266086e-07	7.79624629622187e-06	0.755370538773543	0.582391667167647	7.425613044575e-06	6.39216661466988e-06	0.000329521343453645
Klebsiella pneumoniae	1.5776778061749e-07	4.01250333108653e-07	1.68515641272847e-06	0.779978185779886	0.693890038324129	8.33539774262408e-06	1.81709079422062e-05	0.000113105890344964
Streptococcus pantholopis	2.01425782275777e-07	7.67825592439808e-08	4.45702762966661e-05	0.575364315849352	0.39454665014194	9.8233804586802e-06	5.40890472896487e-06	0.00113030220688345
Streptococcus agalactiae	2.5639642498021e-07	5.63191405008621e-07	2.57127765080579e-06	0.524778924377972	0.467508850886051	1.16110952455324e-05	2.23164594234666e-05	0.000148199093691897
Escherichia coli	2.88586388119683e-07	4.47484587410986e-07	4.58929865702656e-06	0.774885704382931	0.658807959527741	1.21975846711919e-05	1.8913681894571e-05	0.000223816565273449
Schaalia odontolytica	7.83353287570066e-07	2.676626270792e-06	3.54757392542798e-06	0.634232433866294	0.598215307205451	3.10403740199638e-05	7.71355025310057e-05	0.000187430155726778
Streptococcus pyogenes	9.64713527729089e-07	9.7216628897421e-07	1.74844610798096e-05	0.777708703867636	0.639020942684699	3.59781397988378e-05	3.55883038386146e-05	0.000583428859189437
Dickeya chrysanthemi	1.14059236633324e-06	1.01039348437707e-06	2.56002837009867e-05	0.751119005251728	0.599997726303465	3.87992339920233e-05	3.55883038386146e-05	0.000772884755544074
Enterobacter hormaechei	1.16275306916158e-06	2.07375324502012e-06	9.69808750031592e-06	0.737395234070709	0.648543037427841	3.87992339920233e-05	6.91978714390925e-05	0.000384286717200018
Gemella sanguinis	1.92066546000902e-06	3.99472521405704e-07	0.00112486852551894	0.779976467580824	0.44809542274525	6.08850950822859e-05	1.81709079422062e-05	0.0125116955294563
Enterobacter roggenkampii	2.60868072743392e-06	2.35125177307909e-06	4.27665504358278e-05	0.577132438122585	0.465078875022514	7.74647414566151e-05	7.45346812066071e-05	0.00112974970734645
Vibrio furnissii	2.6880509653715e-06	4.46682182630232e-06	1.84254525702556e-05	0.654005758842621	0.576970441742615	7.74647414566151e-05	0.00010114160849556	0.000584086846477101
Dialister pneumosintes	3.05196436167776e-06	7.21517365481295e-06	1.3842505588452e-05	0.913529717127218	0.839230883671346	8.41280611001609e-05	0.000157738624039704	0.000504550444311045
Shigella boydii	3.82764007134107e-06	4.01903114514677e-06	4.26948277634818e-05	0.555735099544611	0.461835743918868	0.000101113491884593	0.00010114160849556	0.00112974970734645
Pigmentiphaga aceris	5.87057012646497e-06	4.171221575275e-06	0.00010049788924617	0.53598362904069	0.421108445789884	0.000148877658407152	0.00010114160849556	0.00219709178558869
Corynebacterium diphtheriae	6.76682044975507e-06	3.80950616888083e-06	0.00016094580885087	0.542302865599253	0.410208620130966	0.000165006314044028	0.000100634454627935	0.00309211038822581
Vibrio sp. THAF191c	1.19858080247504e-05	2.5965941532573e-06	0.00287045173421527	0.544480135390564	0.309730693315348	0.000281444529173768	7.71355025310057e-05	0.0249296767053765
Sodalis endosymbiont of Henestaris halophilus	1.33943350439925e-05	1.64534627256175e-05	7.83243315538138e-05	0.436392368681218	0.377004152565996	0.000303286014924686	0.000308612226770049	0.00183917134093029
Marinomonas sp. SM1966	1.485897390896e-05	2.99511573405115e-06	0.00465307029396052	0.468492586544125	0.254140840131312	0.000324847912354504	8.25610163212361e-05	0.0351196019806068
Schaalia meyeri	1.54186911679455e-05	1.6550182508173e-05	0.000100222178169536	0.636523593360811	0.541735676538538	0.000325848340015914	0.000308612226770049	0.00219709178558869
Moritella viscosa	1.69038680140066e-05	1.47138988354034e-05	0.000145560879367676	0.623361050051328	0.511315207254852	0.000344861236818747	0.00029151912067643	0.00292248041701118
Streptococcus salivarius	1.74062453914825e-05	1.1013721231669e-05	0.000237101529323369	0.505107872581309	0.393278282123437	0.000344861236818747	0.000225248363254133	0.00417562137752821
Klebsiella huaxiensis	1.89018622976933e-05	4.46242359708981e-06	0.0025535579493911	0.584699806990738	0.347509141477038	0.000363144869598108	0.00010114160849556	0.0238081726457935
Kosakonia cowanii	2.65617980155231e-05	9.38441360834474e-06	0.000947919959580833	0.449851455016759	0.308314137397274	0.000494004185766128	0.000198323940923019	0.011129282488412
Photorhabdus asymbiotica	2.72715244508115e-05	1.73400000938208e-05	0.000311935493798521	0.529632246322926	0.414250190908114	0.000494004185766128	0.000314101715985211	0.00534505683968277
Fusobacterium sp. NSJ-57	6.13062570938849e-05	2.19827911364627e-05	0.00151221253071439	0.980791776264731	0.675006271878083	0.00107967130548675	0.000387141377236593	0.0162498770249648
Proteus vulgaris	6.38414413556276e-05	4.71898180953616e-05	0.000428047647522582	0.466867988148792	0.37807028854267	0.00109393172485048	0.000729715723718519	0.0066190782568126
Streptococcus mutans	6.74699286584701e-05	0.0086387415699235	1.43247760214492e-05	0.290231508902599	0.48672550827311	0.00112568249393342	0.045264150044062	0.000504550444311045
Haemophilus parainfluenzae	7.2710773954654e-05	0.000167617764599175	0.000118905089404711	0.805522645662633	0.791807553136472	0.00118201617146796	0.00193217568647049	0.00251286088941956
Escherichia marmotae	8.25307361567162e-05	4.23503717068093e-05	0.000880264266314261	0.487760700351584	0.368886480128656	0.00130811216808395	0.000671253391552927	0.0109418959595222
Veillonella rodentium	9.40475548428799e-05	0.00119592035725058	4.16171706311943e-05	0.240353832951163	0.301554503655323	0.00145429633586307	0.00972068598072908	0.00112974970734645
Candidatus Ruthia endofausta	0.000100416071667109	2.720063397593e-05	0.00417167002603489	0.518326941727281	0.323722495729277	0.0015158045104035	0.000453821103703674	0.0326523308210632
Pantoea stewartii	0.000113425642296328	6.81884148863575e-05	0.000807489712298164	0.440881937651828	0.347630594782288	0.00167236877246213	0.000919818192296823	0.0104087889171109
Shewanella sp. WPAGA9	0.00012863249450179	2.51428273764273e-05	0.0381799027323348	0.361484363891026	0.160407697386538	0.00185347730713943	0.000430825744774457	0.152239360580505
Providencia sneebia	0.000137901334596569	5.58128567545059e-05	0.00184010729851596	0.37673052514373	0.270479106222796	0.00194287658076054	0.000842508361484684	0.0182793445544754
Candidatus Endolissoclinum faulkneri	0.000158905905137452	3.12966258749985e-05	0.035258704055016	0.501268684819521	0.229027103802537	0.00217177954811402	0.000508770789865361	0.144306227129011
Roseburia hominis	0.000160999430222963	0.00295502764407898	5.44944820367012e-05	0.501579495041829	0.67743879394585	0.00217177954811402	0.0198215471152783	0.00132882698504879
Leptotrichia wadei	0.000180091799722781	0.000146945604597952	0.000670094687772155	0.564737645568285	0.4802853091983	0.0023787125213384	0.00175780213802078	0.00923565287059883
Winogradskyella forsetii	0.000191860380655551	5.86024418022299e-05	0.00430470525330557	0.397273687346651	0.259944918897334	0.00248243839460447	0.000847906156000949	0.033282721104826
Xenorhabdus bovienii	0.000206399658811751	0.000162666469756136	0.000812531859836949	0.278163900753987	0.232405091802144	0.002617147673733	0.00190982484861834	0.0104087889171109
Pseudoleptotrichia goodfellowii	0.000224854452379408	0.000105479436165438	0.00186459891405428	0.226361751491992	0.16957409915378	0.00278723722306274	0.00128603774094014	0.0182793445544754
Mannheimia granulomatis	0.000228606207569815	6.1172411901249e-05	0.201063484462746	0.466557823345932	0.13372240383621	0.00278723722306274	0.000861851314342042	0.400862418708745
Yersinia entomophaga	0.000284403048611548	0.00186214246443274	0.000147506898019492	0.324581950767358	0.386620264178439	0.00337500781995568	0.0133204774010206	0.00292248041701118
Rhodobacter sphaeroides	0.000287461233876352	5.88452221830312e-05	0.0628843316177358	0.407511589593031	0.170462651462339	0.00337500781995568	0.000847906156000949	0.212067373647045
Aggregatibacter actinomycetemcomitans	0.000298366603004974	9.28390472517275e-05	0.0051055105695637	0.484114611342715	0.321812919823839	0.00340792950367183	0.00117719911915191	0.0372391601754352
Streptococcus troglodytae	0.000301015855213915	6.39123658654455e-05	0.0225575739259203	0.362856483799018	0.188699836478158	0.00340792950367183	0.000880879129536792	0.110011552838719
Euzebyella marina	0.000350535498657822	0.957932134834182	0.000330521022292426	0.0101958188712416	0.70208417368113	0.00389893870436946	0.995621268007985	0.00544321951502959
Gemella morbillorum	0.000362437990418574	8.42704022574549e-05	0.0147766109656431	0.544645156207567	0.310628938615751	0.00396182217112717	0.00111307156315055	0.0836461727876584
Vibrio cholerae	0.000379003687219326	0.000724866941474959	0.000453496706498689	0.424597879047744	0.422054548873395	0.00405659433122396	0.00666037160717571	0.00684564076000402
Turicibacter sp. H121	0.000383904826298798	0.000923975711557604	0.000364400456646126	-0.411972066281691	-0.428514020244731	0.00405659433122396	0.00797952876864693	0.00577574723784109
Aggregatibacter segnis	0.000395448938039666	8.78230315406127e-05	0.02114522952754	0.441811587112977	0.236254024048914	0.00411007584782211	0.00113632248972956	0.105559649767404
Streptococcus dysgalactiae	0.000403377003620142	0.000102537096244724	0.191427475411083	0.309910314398016	0.0937016255087876	0.00412485516605113	0.00127467684351284	0.391164145896836
Acinetobacter sp. WCHAc010034	0.000442246491738851	0.000191492718494384	0.00323409569795037	0.420977240240134	0.310558457921428	0.00445054405972114	0.00212993655307788	0.0273388889666738
Candidatus Cloacimonas acidaminovorans	0.00046082513138046	0.000179102839316518	0.00409425486324762	0.393652160790441	0.281057548890571	0.00456504895773768	0.00202770000226201	0.0324469697912374
Streptococcus suis	0.000478370015763341	0.000236241492961296	0.00259374932848451	0.33835300773048	0.261289914945651	0.00466594753836859	0.0024962851089577	0.0238324213660751
endosymbiont TC1 of Trimyema compressum	0.000511076001600719	0.00063730369851545	0.000808719321451809	-0.379917843442171	-0.357262132613061	0.00490942704567963	0.00594191977733523	0.0104087889171109
Salmonella sp. HNK130	0.000593097933037301	0.000219719842997083	0.00523259039922794	0.358807383972286	0.252716578301643	0.00561229984396491	0.00236105729593476	0.03727485745068
Vibrio anguillarum	0.000609205968278181	0.00021875408779272	0.392550440593773	0.134199486199756	0.0281072556094201	0.00567994976306422	0.00236105729593476	0.634890253409316
Oscillibacter valericigenes	0.000632326145475148	0.00678045002988359	0.000217106721005006	0.432120727726819	0.579178761518168	0.00581006922074267	0.03748326749447	0.00393273317477639
Pseudomonas aeruginosa	0.000678000149411884	0.000931364556592859	0.000897442570812544	0.400509844768572	0.385342857498544	0.00614074421038763	0.00797952876864693	0.0109418959595222
Arsenophonus nasoniae	0.0007581318573604	0.00194977761708884	0.000572438009943462	0.393556618844776	0.422572241097423	0.00676979714882385	0.0137351001026036	0.00806501551787011
Helicobacter canadensis	0.000825512985351384	0.00145145273224456	0.000820882406712213	-0.255616728979702	-0.258514818701446	0.00726910045434413	0.0113607534844821	0.0104087889171109
Raoultella ornithinolytica	0.000840390457057305	0.00130134316169902	0.000933514818668001	0.334338474325351	0.330477294289383	0.00729873355855249	0.0104436906900909	0.011129282488412
Pseudomonas sp. BJP69	0.000996858668486977	0.06185876562123	0.000215146583887992	0.150102883829293	0.298011360354364	0.00854065399757762	0.193194371447585	0.00393273317477639
Streptococcus sobrinus	0.00104194477837349	0.00109217738924557	0.00157936356047798	0.239443557381757	0.221568003432887	0.00880790652651727	0.00911105874712752	0.0166886082890507
Haemophilus parahaemolyticus	0.00113752233420772	0.012999243286936	0.000334835269851978	0.327161753663015	0.469632580996048	0.00948933105115387	0.0638701276469453	0.00544321951502959
Streptococcus merionis	0.00117759137987661	0.000291318710744987	0.0238057757791155	0.292831308841475	0.169241151086528	0.0096960121408022	0.00302780430512003	0.110166874773425
Buchnera aphidicola	0.00130961007818531	0.000526679439849609	0.00703070551410289	0.3025997770439	0.22094566790248	0.0105733677135348	0.00498380246066644	0.0474198648504386
Cloacibacillus porcorum	0.00131750165515654	0.00832714940801791	0.000504225464500037	0.458705832909515	0.589505558110515	0.0105733677135348	0.0439951060390279	0.00743439405797729
Schaalia cardiffensis	0.00136398672253712	0.000300231089642243	0.0886639115517147	0.451100203748495	0.19390641836052	0.010725392888457	0.00307010501343842	0.266795154507258
Streptococcus anginosus	0.00137027890215302	0.000355876151943037	0.0215902217456287	0.308885125894761	0.184662130926323	0.010725392888457	0.00358135683066485	0.106939067083817
Abiotrophia defectiva	0.00149245130658104	0.00175741061746172	0.00184043286848946	0.234523573213445	0.222601566581371	0.0115391966874681	0.013264265850842	0.0182793445544754
Vibrio ponticus	0.00152372597513029	0.000519236287864963	0.0112008318984752	0.39827970790387	0.271011180705766	0.0116390634726819	0.00498380246066644	0.066453900239795
Alteromonas macleodii	0.00161158023899088	0.00115808574867267	0.00327724965335969	0.426913032368162	0.367338809280714	0.0121635937085741	0.0095354073332269	0.0273391615819742
Bifidobacterium animalis	0.00193348144285932	0.000440547976500858	0.12086947792806	0.354399118516643	0.142729326177838	0.0143397415702372	0.00436417839221162	0.315354934182676
Faecalibacterium prausnitzii	0.00194513844643596	0.00136047337799853	0.00398404182845125	-0.391773441673326	-0.33248806098831	0.0143397415702372	0.0107817515206384	0.0319731964460518
Salmonella bongori	0.00209276494739641	0.000899657410216118	0.00837689100574491	0.282196054510228	0.210734571505165	0.0150202702188068	0.00796247210790652	0.0537922074834336
Anaerotignum propionicum	0.00210803915110191	0.00304578642608353	0.00190289706718514	0.450698001457116	0.453077254417239	0.0150202702188068	0.0201148811889267	0.0182793445544754
Actinomyces pacaensis	0.00210852373734038	0.000474846843777548	0.0863292497481896	0.366561054731167	0.164143598197214	0.0150202702188068	0.00463158306084563	0.26569293369103
Streptococcus ratti	0.00229088687625445	0.00150899308373731	0.00451151608053807	0.235163979115896	0.200774149558154	0.0159698377642652	0.0116670928669446	0.0344614601814595
Conexibacter woesei	0.00229220068856173	0.00238005738504467	0.00268600958293809	-0.393874220450507	-0.373643371368108	0.0159698377642652	0.0164016998056339	0.0239849306420106
Longibaculum sp. KGMB06250	0.00238934997099505	0.11723513123681	0.00054644774617763	-0.282409606569773	-0.621487396708257	0.0162855560353068	0.301555887037197	0.0078738152517413
Citrobacter amalonaticus	0.002405859274762	0.00186990928815589	0.00390594968021856	0.24517055132542	0.216390663300803	0.0162855560353068	0.0133204774010206	0.0317483602212637
Prevotella melaninogenica	0.00241457770870479	0.000983892473985942	0.00989123150932268	0.50896145673646	0.375721865707045	0.0162855560353068	0.00831717104676116	0.062089512642679
Bifidobacterium dentium	0.0024960626098961	0.00247843561554592	0.00307884128220749	0.526015991194	0.490472112558765	0.0166579336281487	0.0168960019382378	0.026378180715129
Streptococcus pneumoniae	0.0026983926426678	0.000788880428387428	0.0233045691928929	0.355394670362211	0.223248810888314	0.0178206347442853	0.00714500273710899	0.110166874773425
Vibrio owensii	0.00346058093882795	0.00495294279795642	0.00266416606882131	0.26053146540778	0.268808828109771	0.0224669302299999	0.0299063403228988	0.0239849306420106
Streptococcus respiraculi	0.00347280625006308	0.0311122675932797	0.000972869680362123	0.083257878790116	0.125635981144896	0.0224669302299999	0.118826371410478	0.0112145341336288
Selenomonas sputigena	0.0035986730010189	0.000904255507522507	0.048763299757725	0.259725491522887	0.142851723013468	0.0230460472994544	0.00796247210790652	0.182933446956865
Alistipes finegoldii	0.00385251242188134	0.00322423901554069	0.00498641407567059	0.686202985435973	0.62167876424221	0.0244196062420485	0.0210738921221938	0.0371927826350018
Morganella morganii	0.00389018963792886	0.00992125779198543	0.00189822392119028	0.420462783726526	0.493052576716927	0.0244196062420485	0.0503206195209501	0.0182793445544754
Sandaracinus amylolyticus	0.00423348255924738	0.814978924479644	0.00245458871530145	0.00658055197992471	0.0851000350184169	0.0263139994368906	0.925979638208054	0.0232270036641958
Dickeya dadantii	0.00450843332833684	0.00160742318988073	0.0195121800792295	0.272373702492143	0.189028429111742	0.0277509391278209	0.012278389185354	0.101399362051078
Serratia rubidaea	0.0045605759366445	0.313010835723773	0.00129135834929059	0.105628766127898	0.335680323510232	0.027801972536852	0.54820129792506	0.0141158826456937
Fastidiosipila sanguinis	0.00473038358211242	0.113090340949827	0.00112469709754483	0.205785909542322	0.417830932206024	0.0285625065815169	0.29800868914755	0.0125116955294563
Christensenella sp. Marseille-P3954	0.00559130897918203	0.242029869392472	0.0282417693629495	-0.109038966818027	0.198012119697086	0.0334423574792586	0.466404064421967	0.122638916274726
Pantoea sp. At-9b	0.00631357711035307	0.00544139422577578	0.00672790957428608	0.11776303811517	0.109357618046081	0.0374094195136808	0.0319429994364986	0.0458655340870686
Clostridium intestinale	0.00678006657325181	0.00235845724907062	0.0263694619393002	-0.905694719479095	-0.621632837235015	0.039801501920756	0.0164016998056339	0.116910761325289
Pluralibacter gergoviae	0.00695947168403055	0.00183810503670757	0.0625725265491642	0.180041614957615	0.100038419861172	0.0403349749168131	0.0133204774010206	0.212067373647045
Bifidobacterium adolescentis	0.00702028153097878	0.00186339042780942	0.247897835728159	-1.00184686614578	-0.343374457017647	0.0403349749168131	0.0133204774010206	0.46637159599897
Acinetobacter sp. MYb10	0.00706180160215497	0.00180265372097003	0.205729629929704	0.239242162706569	0.0896318640172232	0.0403349749168131	0.0133204774010206	0.406332041668014
Lactobacillus mucosae	0.00713791328548763	0.0131971399396685	0.523686602860541	-0.530973862924399	0.126581064388586	0.0404056877053496	0.0638701276469453	0.729708365304578
Petrimonas mucosa	0.00726255783574858	0.122232560794521	0.00178441693004409	0.194601604436473	0.388517882422681	0.0407474483881823	0.303903700171475	0.0182793445544754
Photobacterium damselae	0.00820240682387319	0.00728141394306967	0.00776992762151605	0.285949835440153	0.270809317227979	0.0456168940906632	0.0394565507684288	0.0511536314691973
Proteus mirabilis	0.00841794928824746	0.00481737069475918	0.012781923214934	0.354604354936721	0.298961777576088	0.0464085204239034	0.0296525535968672	0.0730066605249386
Hungateiclostridium thermocellum	0.00889407242484397	0.0396495783889158	0.00284729997991281	0.143624735997922	0.202949560807988	0.048610706184061	0.141223779205464	0.0249296767053765
Hathewaya histolytica	0.00898328948329574	0.00592625235023304	0.0113202227537821	-0.2479638329705	-0.217621507200541	0.0486786797641838	0.0344701283490619	0.066453900239795
Escherichia fergusonii	0.00955138914305698	0.00494059329586231	0.0159632429244732	0.21812184783143	0.178299478862242	0.0513184806499841	0.0299063403228988	0.0895636815408496
Aggregatibacter aphrophilus	0.00967719064224415	0.00679901539726192	0.0110125099008987	0.298717044093351	0.268150537208493	0.0515574694721243	0.03748326749447	0.066453900239795
Jonquetella anthropi	0.0101453767804489	0.00514226807930411	0.0177556475013219	0.545821815856814	0.43710890715743	0.0536014073233717	0.0307565845498	0.0962143633832314
Dickeya solani	0.0110287821917916	0.0172762863710155	0.00589971284359288	0.2372389027044	0.264726930951542	0.0577871728065775	0.0793707649219119	0.0414193018735179
Akkermansia muciniphila	0.0111517683846313	0.00297010564030195	0.089111353469804	0.827731093329301	0.439262540668728	0.0579526324250511	0.0198215471152783	0.266795154507258
Rubrobacter sp. SCSIO 52909	0.0113760617770431	0.022498629432144	0.00516884242182696	-0.11201431585509	-0.132962156148847	0.0586375867206936	0.0970349051699273	0.0372391601754352
Hymenobacter oligotrophus	0.011968882358224	0.00939412814501096	0.0112180853334843	-0.155036198898955	-0.145229004628166	0.0611957372186615	0.0488186659339094	0.066453900239795
Turicibacter sanguinis	0.0120912849634152	0.00617462199960317	0.0190189670369159	-0.267956890452707	-0.218911565653283	0.0613269973344417	0.0355882758886219	0.101327942028611
Hymenobacter sp. PAMC 26628	0.0127915547921276	0.0099046469557397	0.0118226787905975	-0.130752936853938	-0.122724314724263	0.0639368529705376	0.0503206195209501	0.0687667738829248
Acetomicrobium mobile	0.0128248058871845	0.0292614771175333	0.00516569196995372	-0.0748152561620403	-0.093654403514453	0.0639368529705376	0.117416306914659	0.0372391601754352
Desulfosporosinus acidiphilus	0.0129083867196038	0.137203387921716	0.101233145117253	-0.217137693495712	0.228683751483412	0.0639368529705376	0.324578163964058	0.287786417272618
Peptoclostridium acidaminophilum	0.0132446716788566	0.00713131136839884	0.0187803407253387	-0.183487264615156	-0.153031500875922	0.0650939677860082	0.0389763052376281	0.100904542541227
Thermovirga lienii	0.0134657203988373	0.0230536138182229	0.00646414997660002	0.136742710719004	0.158438547963482	0.0656712825604835	0.0987566970321169	0.0445464248387436
Eggerthella sp. HF-1101	0.0136187426346949	0.269661487357863	0.00371390450229099	0.171533455056765	0.444930432401246	0.0659105559572255	0.494119604002559	0.0305794214863959
Candidatus Sodalis pierantonius	0.0140460975315938	0.00676868913525563	0.0234243213028017	0.349282631980127	0.277129735455931	0.0671320985597941	0.03748326749447	0.110166874773425
Scandinavium goeteborgense	0.0140829165748464	0.00377970123954757	0.102132403606213	0.262056489944856	0.138158520163187	0.0671320985597941	0.0237260454046847	0.287786417272618
Lachnoclostridium phytofermentans	0.0143036260075862	0.00376517441507914	0.124604632005677	0.357354856278197	0.175689630731801	0.0675432159048958	0.0237260454046847	0.318545712466125
Megasphaera stantonii	0.0143864925787773	0.00376651225800336	0.198349919461628	0.494471206548043	0.202786098092201	0.0675432159048958	0.0237260454046847	0.396699838923256
Bifidobacterium longum	0.0144887655568862	0.00377002553509716	0.15652713648096	-0.653098316291164	-0.296571164629844	0.0675432159048958	0.0237260454046847	0.355692489350998
Candidatus Hamiltonella defensa	0.0149692004557876	0.436705083106291	0.0315178590757511	-0.0774971656454398	0.208652561935169	0.0692735261968567	0.679566291270513	0.133215484360175
Prevotella denticola	0.0162194987835715	0.0431369241342367	0.00594504175156171	0.339332220524136	0.446430811149015	0.0745156683245243	0.150268186269814	0.0414193018735179
Neisseria flavescens	0.0171762119023962	0.00463772293856217	0.231180916734357	0.213341299242289	0.0842251724862369	0.0783432974540947	0.0288266308142002	0.444147579422977
Luteitalea pratensis	0.0177313069677821	0.00535868467650449	0.370349647089974	0.207064515838988	0.0618968295856682	0.0802974901255277	0.0317514587374191	0.608294498070061
Prevotella dentalis	0.0179517240240457	0.343066825569021	0.0478315151764971	-0.199876892344382	0.40224029465831	0.0807190995123755	0.576934661567001	0.180507027511305
Verminephrobacter eiseniae	0.020338910618071	0.00639105008097277	0.0716572805821248	-0.152702696052763	-0.0946731122582754	0.0908089389567397	0.036177908494078	0.229834469019776
Azoarcus sp. DN11	0.0227872368002628	0.262664648828517	0.0816209821029621	-0.06456474682859	0.0970990216790581	0.101028728191375	0.493632251746932	0.254914791395458
Alistipes indistinctus	0.0233244267169945	0.00636435030619089	0.173223415436552	0.478122898889511	0.221480704932283	0.10269226762899	0.036177908494078	0.362454275203875
Parolsenella catena	0.0239308129759432	0.739636889016756	0.0109105603154313	0.0356946771732573	0.270181520259435	0.104635416736193	0.879793222582782	0.066453900239795
Erwinia amylovora	0.0242647109118151	0.0154138151254694	0.023509052815482	0.159136880151207	0.142090591063592	0.105368676151307	0.0729280506682659	0.110166874773425
Cardiobacterium hominis	0.0249037168127451	0.00771524586743347	0.389638830333406	0.144405345390118	0.0435765990961413	0.107407867069934	0.0414531006775663	0.631792886013758
Enterobacter cloacae complex sp.	0.0256461369466991	0.0103614488801535	0.0477319751383266	0.206899844731133	0.150623665047676	0.109169332997086	0.0521361792858515	0.180507027511305
Haemophilus haemolyticus	0.0256565151680849	0.0156382151211602	0.0259196514248972	0.0898508712826541	0.0787988869889876	0.109169332997086	0.0734416917541895	0.11572576762947
Alistipes shahii	0.0262835777430512	0.268616919326012	0.00737815998198169	0.212510827074931	0.503345164271735	0.111091921927297	0.493632251746932	0.0492395097744883
Deinococcus gobiensis	0.0266586498957286	0.0576366366487509	0.394426724320321	0.0348882081302674	-0.014765568031297	0.111931020092	0.18270813817654	0.63630163668978
Blautia producta	0.0276753092037316	0.00807681463067396	0.123785275274787	-0.291329801737196	-0.157406784842913	0.115435171283986	0.0430310964356915	0.317732245037307
Leptotrichia sp. oral taxon 498	0.0281233804267211	0.175960362986455	0.00782634424686458	0.112855393707218	0.218949308820617	0.116537406474125	0.391434632047061	0.0511536314691973
Staphylococcus pseudintermedius	0.0298196001740825	0.251565518553568	0.00839972955971596	0.0912854784155269	0.205550100196278	0.122614640485888	0.476097130635709	0.0537922074834336
Intestinimonas butyriciproducens	0.0299767654184742	0.119385690293906	0.00885683689377816	0.263924038849058	0.435973941008665	0.122614640485888	0.301555887037197	0.0561523459065535
Leclercia adecarboxylata	0.0321692284122226	0.00981305977627122	0.110461416527369	0.174155262433689	0.101630330551975	0.130705556462851	0.0503206195209501	0.300327037861626
Paraclostridium bifermentans	0.0325405033844866	0.0657888258637399	0.0121746161252137	-0.11497451952224	-0.151428751171735	0.130705556462851	0.203463978524932	0.0701700602125955
Pasteurella multocida	0.0325733090238651	0.0299136008007519	0.0198679216952715	0.102128459613342	0.105850226437245	0.130705556462851	0.117951467206072	0.101582760925823
Polynucleobacter necessarius	0.0333994059455772	0.0756086285549136	0.365583260151375	-0.132160763965875	0.063623632612775	0.133177505468528	0.226112596716109	0.606652114811872
Desulfovibrio sp. 86	0.0338375622479501	0.403520046281221	0.010553851705061	0.155969714175722	0.467977891975073	0.134081340407502	0.650971270591079	0.0655019639440466
Streptomyces leeuwenhoekii	0.0345152185387924	0.172036171060662	0.169543843495087	-0.0474215422554893	0.0453119030346979	0.135917071761456	0.388152784528325	0.358302655919617
Micavibrio aeruginosavorus	0.0351836897995255	0.0170118680254738	0.0428477016961696	-0.114609881968765	-0.0929632044290257	0.137694193412958	0.0793053259422824	0.168286640939239
Staphylococcus aureus	0.0358606933227836	0.330088262510794	0.010641486255894	0.0914950812045752	0.235195164670167	0.139455039737073	0.56277419445314	0.0655019639440466
Paenalcaligenes hominis	0.0360735434020188	0.0117254070903777	0.100069259042901	-0.144488504799194	-0.0885240316719847	0.139455039737073	0.0585347094118068	0.287545326858282
Flavobacterium sp. CJ74	0.036822800213917	0.723399079224621	0.03527991357255	-0.0197591227302447	0.114280972204206	0.141488820215899	0.873040689700712	0.144306227129011
Acaryochloris marina	0.0372870911776843	0.778663812596755	0.0174765938515811	0.012995539333052	0.108395709999472	0.142409733775011	0.902509793759311	0.0962143633832314
Candidatus Pantoea carbekii	0.0386529984978936	0.988593024915597	0.0247952452429519	-0.00105662156466545	0.163587301369675	0.143901403442399	0.998074911117941	0.113094859597349
Prevotella scopos	0.0387212269766932	0.195189210724938	0.163274998455815	-0.156594303956337	0.160268121729494	0.143901403442399	0.417484165140963	0.358302655919617
Hydrogenophaga pseudoflava	0.0388652366876161	0.0335516474300306	0.0244939555590242	-0.116786605636521	-0.118392891677893	0.143901403442399	0.12737571539305	0.112530201626242
Desulfotomaculum reducens	0.039129365888851	0.0190303162490122	0.0469503250672123	-0.381822215088403	-0.307011804205713	0.143901403442399	0.0855689397296008	0.180507027511305
Candidatus Chazhemtobacterium aquaticus	0.0392129149302111	0.0272750186776077	0.0301999746872714	-0.177103731786964	-0.166248238658921	0.143901403442399	0.112288063906515	0.129370161836014
Methyloceanibacter sp. wino2	0.0393080395275025	0.0137647454206129	0.0860126734792984	0.177547948754121	0.116842902330624	0.143901403442399	0.0661124893687014	0.26569293369103
Selenomonas sp. oral taxon 478	0.0393547834575543	0.0256005009642874	0.0324939347619747	0.145411937380577	0.133078792746334	0.143901403442399	0.106353763527947	0.136431487676106
Aminipila sp. CBA3637	0.0394934451087972	0.0119271646426524	0.345865178983043	0.310321425525355	0.108624161016679	0.143901403442399	0.0590767373706377	0.587636704249725
Streptococcus sp. Z15	0.0405718850429644	0.0175949744565147	0.0562381830439934	0.111716467639281	0.0857116852222679	0.146986143527082	0.0802533367297147	0.200309033988156
Clostridium argentinense	0.0408362527677162	0.0172318219835987	0.701153622273463	-0.184681666424558	-0.0277438942028441	0.147103319629159	0.0793707649219119	0.843778138674218
Prevotella ruminicola	0.0413575303773627	0.0830896613846446	0.387087479503041	-0.181001995107728	0.0850439811986553	0.148139402594621	0.242759655842694	0.629265287192123
Chthonomonas calidirosea	0.0432540174774614	0.0452541407596659	0.665382795771119	-0.118740785513263	0.0240048232935991	0.154062062251183	0.153428477227958	0.824048253434968
Xenorhabdus doucetiae	0.0446637960926415	0.0131150183739887	0.260484887935287	0.133294428075145	0.0569029429454746	0.158194674428685	0.0638701276469453	0.482887189915122
Gordonibacter pamelaeae	0.0455451862068725	0.732500148338102	0.0196759070679797	0.0439516642606768	0.29305849609784	0.160420266973095	0.879555102360523	0.101418903098367
Clostridioides difficile	0.0459057470446838	0.0436795359015518	0.0255454968236971	-0.24056174158412	-0.256035098968091	0.160796926112318	0.150283511534058	0.115684607044457
Elizabethkingia sp. 2-6	0.0471700650615898	0.753388458089559	0.0209350970903615	0.00939921629117319	0.0676175632573454	0.163522828603074	0.887188152424769	0.105340091708645
Pseudomonas stutzeri	0.0471998069942627	0.0144138997521501	0.157114396877541	0.0734849985333901	0.040159839950974	0.163522828603074	0.0687098679914522	0.355751884358433
Roseitalea porphyridii	0.0505283974069375	0.0207897119031007	0.0724498231088649	0.0899937711770896	0.0666315047552405	0.173447325679276	0.0921725688571038	0.230820039452364
Pantoea ananatis	0.0509452198401832	0.510462825128838	0.0177058160113319	0.0501048477725109	0.177620267129275	0.173447325679276	0.735754057291882	0.0962143633832314
Acinetobacter baumannii	0.0510478349797105	0.0250618124205972	0.0555126059183593	0.361753891198083	0.294620425019384	0.173447325679276	0.105226417712971	0.199971546319544
Paludibacter propionicigenes	0.0514326682643758	0.0556001358427319	0.0257381399701173	0.29432342032848	0.328439874564171	0.173447325679276	0.178936477788284	0.11572576762947
Plautia stali symbiont	0.0517274581164753	0.0497076981212379	0.0274720191962353	0.150603713864082	0.163725934121816	0.173447325679276	0.163536489461719	0.120119035658022
Chromobacterium sp. Rain0013	0.0518367447573829	0.0487313465366223	0.0286397071165197	-0.103152400213117	-0.109684952722842	0.173447325679276	0.162608808969571	0.123520913686214
Actinomyces sp. oral taxon 414	0.0522379947304238	0.917273393416415	0.0361036351654856	-0.00499118737435223	0.0989239519173431	0.173447325679276	0.975443746246197	0.145794297419859
Neisseria elongata	0.0522530586825578	0.0413869154485883	0.0328844611143408	0.0756047162678764	0.0759499720120423	0.173447325679276	0.146328333058627	0.13702746719655
Dehalobacterium formicoaceticum	0.0536318027169175	0.0214190149872344	0.658859141177671	-0.238631773992045	-0.0427482353654454	0.177096681888155	0.093652796564873	0.819052344130674
Helicobacter pylori	0.0559536106183327	0.0210073996617167	0.0947925947324469	0.261661011135376	0.179621349560998	0.183029907935063	0.0924909123995027	0.279527930513355
Bacillus megaterium	0.0562246615906339	0.185279790075864	0.017348461333915	0.0730739097864439	0.127689777068166	0.183029907935063	0.406461546394803	0.0962143633832314
Klebsiella aerogenes	0.0562946877718254	0.01772823520151	0.165512437029889	0.252510204152171	0.138618597024469	0.183029907935063	0.0802835794125523	0.358302655919617
Turneriella parva	0.0583931192982023	0.0303250617580279	0.056014424383213	-0.0666588962913324	-0.0563638010374595	0.188876037035569	0.117951467206072	0.200309033988156
Anaerolinea sp. rifampicinis	0.0586886108769828	0.435472262781625	0.0193114865449757	-0.0354604821484407	-0.104803638486406	0.188876037035569	0.679566291270513	0.101399362051078
Hungateiclostridium clariflavum	0.0606433964810285	0.0288092357009301	0.0671400689738418	-0.331494237054972	-0.263088574966608	0.193433684168542	0.116337932703119	0.220553387199045
Lactiplantibacillus plantarum	0.0607371584635625	0.527042981604338	0.0811600363275018	-0.144596248299738	0.385210184279046	0.193433684168542	0.743305659467878	0.2547300150081
Vibrio vulnificus	0.0610509508538668	0.0735968384535921	0.02709325418504	0.14634400241497	0.175009708774729	0.193433684168542	0.221139315543021	0.119285577453579
Selenomonas sp. oral taxon 136	0.0613251900912887	0.0197473043861273	0.407755428401939	0.136251541799352	0.0453006636812589	0.193433684168542	0.0881675421183429	0.650685121914967
Prevotella jejuni	0.0627710651848623	0.333583988508145	0.019456855935666	0.129079264557021	0.304551288477722	0.197014135283182	0.565487296027175	0.101399362051078
Butyricimonas faecalis	0.0636893364234647	0.132104893110274	0.0219926800393652	0.277844311261326	0.409042364894758	0.198911523608259	0.319673672640892	0.108088055387268
Shewanella sp. YLB-08	0.0648090123431625	0.034777475963394	0.0580320964269558	0.154171719923986	0.1327776486179	0.200722780893912	0.130466980833088	0.204401939637166
Selenomonas sp. oral taxon 920	0.0649024764720061	0.0244674018660653	0.601318533488266	0.138825279864614	0.030154064544828	0.200722780893912	0.103415551887236	0.779623620105441
Klebsiella variicola	0.0655091755642018	0.195358553933623	0.0206041032171514	0.130139077434653	0.227015985398369	0.201615617998563	0.417484165140963	0.104504011517392
Roseburia intestinalis	0.0686906360295264	0.025665813595861	0.113100420265786	0.217063943712201	0.145910488142115	0.210385812766762	0.106353763527947	0.303837569697068
Variovorax sp. PAMC26660	0.0696530574937125	0.0235356500905093	0.149323143541497	-0.0889471471513572	-0.0536878104500704	0.210762550769032	0.100144980922033	0.345514135055872
Limosilactobacillus reuteri	0.0701746925284474	0.0276076468870441	0.104732405703724	-0.0879451764340746	-0.0610014081966359	0.210762550769032	0.112924181460555	0.291229584281409
Candidatus Nesciobacter abundans	0.070318939904497	0.0224501483971853	0.191880204059804	-0.122742659889452	-0.0664733134098031	0.210762550769032	0.0970349051699273	0.391164145896836
Prevotella intermedia	0.0703369640905689	0.732231132744642	0.0616352864993582	-0.0415009120890972	0.219448486186518	0.210762550769032	0.879555102360523	0.211431874788967
Erysipelothrix larvae	0.0704758056199286	0.0378880944472967	0.0616954208769069	-0.263258143220317	-0.227302259575543	0.210762550769032	0.136538810754371	0.211431874788967
Fusobacterium gonidiaformans	0.0709635527621791	0.0472790709474559	0.0493400937375771	0.252489033325056	0.239405609935975	0.211224847188834	0.158905400863655	0.182933446956865
Fusobacterium mortiferum	0.0714531763474812	0.166246418312505	0.0237659122697553	0.323939285635625	0.512095474872314	0.211688382263098	0.379137515144345	0.110166874773425
Clostridium perfringens	0.0725544312183334	0.0307711979496351	0.0910608771744667	0.456443497324376	0.339396453682423	0.213951206476388	0.118235996970113	0.269778486582298
Mycoplasma sp. (ex Biomphalaria glabrata)	0.073386621142097	0.230318854251646	0.0231044274585594	-0.119780565302575	-0.221043259551015	0.215403323167081	0.454897674752473	0.110166874773425
Campylobacter canadensis	0.0744994762846499	0.279899613450158	0.023294131761123	-0.0709239340936333	-0.144780941218204	0.217662064352387	0.505573660761824	0.110166874773425
Aeromonas veronii	0.0769944108323883	0.4478352529026	0.119753522278678	-0.081240885159786	0.160248475091991	0.22391952508135	0.682971235270118	0.313734434399511
Pseudoclostridium thermosuccinogenes	0.0780959374163396	0.0285480401317591	0.133946751937857	0.461055416097145	0.297429706276954	0.22526833372838	0.116022163099585	0.333623193880838
Ruminococcus albus	0.0781688224294063	0.11797594545748	0.457862138806567	-0.25076164426358	0.112492162534195	0.22526833372838	0.301555887037197	0.681419239444515
Selenomonas sp. Marseille-Q3039	0.0790449147687406	0.296508424076303	0.190540663168659	-0.0468616963909581	0.0561691636629824	0.226762334675935	0.531034861198802	0.390947509543463
Pseudomonas azotoformans	0.0815171828737324	0.0301660713814984	0.579647528911015	-0.104639793633911	-0.0249966405941666	0.232801324062821	0.117951467206072	0.764026056818261
Bacteroides intestinalis	0.0824964908100978	0.0295178124564169	0.537129391497513	0.132986770911112	0.0352850289219066	0.23450789174092	0.117699956587222	0.739460036387049
Desulfotomaculum ruminis	0.0828545232649306	0.654925834250087	0.0330681427146248	0.0292635367982051	0.136722080433042	0.23450789174092	0.837823609799173	0.13702746719655
Chryseobacterium sp. POL2	0.084688295490586	0.0500411339993272	0.064630089293565	0.0900545360570434	0.0810092623340713	0.238632797071251	0.163536489461719	0.216247735873334
Shimwellia blattae	0.0852199857751906	0.0438524442173513	0.0759078006385831	0.102151079872634	0.0861203800933521	0.239062573129995	0.150283511534058	0.240627728024309
Bacteroides thetaiotaomicron	0.0856889231134959	0.0354392053521253	0.699177156444703	0.332154044984281	0.057123460038345	0.239062573129995	0.132167389372044	0.843778138674218
Paenisporosarcina antarctica	0.085972029453689	0.738254248816021	0.0374265655094843	0.00971649725153056	0.0594047889167363	0.239062573129995	0.879793222582782	0.150180016031728
Eggerthella lenta	0.0885121619539468	0.720115936179896	0.0793366606757283	0.0405060085228796	-0.193582436475277	0.245051138335381	0.871285312095523	0.250245984419959
Fusobacterium necrophorum	0.0903989148226572	0.0302850183834923	0.427538067478887	0.206670387750905	0.0711475920184323	0.249186573902455	0.117951467206072	0.669281814275591
Aminipila butyrica	0.0908820070387202	0.909066548865429	0.0477033484704435	0.0171882275392417	0.291617997156117	0.249433733604106	0.975443746246197	0.180507027511305
Bifidobacterium bifidum	0.0918636168956803	0.912883638192045	0.0600377836637528	0.0126604109688193	-0.211542600615043	0.251041090999402	0.975443746246197	0.209142609026479
Anaerocolumna cellulosilytica	0.0924761621913983	0.0368018521767523	0.646375340512254	-0.101126563316066	-0.0209873767448902	0.251630415576595	0.134869215491682	0.812583983120236
Murdochiella vaginalis	0.093176577584697	0.0415443216885691	0.100232677027887	-0.182919974431006	-0.141109194244252	0.251852968598049	0.146328333058627	0.287545326858282
Spirosoma sp. I-24	0.0939362193292218	0.0340249719825168	0.543735500158529	0.190305306880193	0.0511442650945432	0.251852968598049	0.128403763314974	0.742948937716611
Ilyobacter polytropus	0.0943039802730876	0.0306364539273368	0.340595764877658	0.170908124710034	0.070572658791071	0.251852968598049	0.118235996970113	0.582185175161618
Herbinix luporum	0.0944013436484008	0.279371374863283	0.0306251948710215	-0.0899047163534637	-0.174660581337151	0.251852968598049	0.505573660761824	0.130311231867299
Allopseudarcicella aquatilis	0.0946146603483156	0.656779706735314	0.0907406157576376	-0.0167634447811339	0.0613250139981127	0.251852968598049	0.837823609799173	0.269778486582298
Candidatus Hepatoplasma crinochetorum	0.0949414187617252	0.529403821498046	0.121660659369797	-0.0565926535244944	0.13539958534026	0.251852968598049	0.743305659467878	0.316118270657587
Leptotrichia shahii	0.0957035357129645	0.0375638700940345	0.131273437589087	0.0836174264700659	0.0577215292144253	0.251925511845513	0.136538810754371	0.328961894986091
Melioribacter roseus	0.0957634832094144	0.0600710606997987	0.0661781497556404	-0.0829370654730946	-0.0776548263330612	0.251925511845513	0.188539863780556	0.218525765338937
Candidatus Planktophila lacus	0.0973022746603063	0.0489918057014112	0.0884941063631994	-0.33192683608517	-0.272643772713252	0.254915876589397	0.162622014736622	0.266795154507258
Candidatus Saccharimonas aalborgensis	0.0990417762419886	0.0366828612516975	0.565401434067644	0.276071928181131	0.0715281864806044	0.258405292746588	0.134869215491682	0.754662124629234
Anaerostipes caccae	0.100666597592576	0.523093242013824	0.127140085505149	-0.16503573312407	0.380195432694907	0.261450306847027	0.743305659467878	0.322427256841058
Methanobrevibacter smithii	0.10103363592669	0.11932436560132	0.0430006874324238	0.291674451562257	0.363805455618146	0.261450306847027	0.301555887037197	0.168286640939239
Eikenella corrodens	0.101544849280027	0.0363345428887191	0.174701061382029	0.138545121886622	0.0854798075810612	0.261705018063159	0.134714036207298	0.363149091528545
Hungateiclostridium saccincola	0.101960712766625	0.672053351748444	0.0963396685618057	-0.0298494815953951	0.113527707038517	0.261712922647937	0.851919818085513	0.281457276324185
Prevotella fusca	0.102845417015993	0.788280569845349	0.0460879582077471	0.038761187331132	0.278475707162627	0.262919332210239	0.909425750439373	0.179262365053446
Chloroflexus aggregans	0.103375537967538	0.0379035184428537	0.167758308159636	0.110890873756779	0.0697262868119158	0.263213217154294	0.136538810754371	0.358302655919617
Ruminococcus sp. JE7A12	0.10539523164942	0.417234904946409	0.0355315623180798	-0.123575280670173	-0.310363592826517	0.267282307462929	0.662974761243166	0.144403913523478
Bacillus cereus	0.105837691734895	0.110722307919389	0.0477483491280184	0.145658948139288	0.174040397902185	0.267335046055471	0.296193853252711	0.180507027511305
Klebsiella quasipneumoniae	0.112932650700685	0.122107837827026	0.0492533577735187	0.128096209394405	0.157702763164425	0.283730927288386	0.303903700171475	0.182933446956865
Burkholderia mallei	0.113739691859954	0.0473708529388498	0.702494542735663	-0.174498365355419	-0.0315710108079277	0.283730927288386	0.158905400863655	0.843778138674218
Mycoplasma penetrans	0.114164861935064	0.0390087760427559	0.240734425312018	0.0944349987764681	0.0509937447774349	0.283730927288386	0.139726350345239	0.455598882530805
Gudongella oleilytica	0.114297863482004	0.385928633213322	0.0384944270198281	0.158981372674092	0.367916670030438	0.283730927288386	0.632244840974797	0.152534167066069
Mageeibacillus indolicus	0.114566431207929	0.735201814838755	0.0969641268536947	-0.0282617633892212	0.134817823099486	0.283730927288386	0.879793222582782	0.281457276324185
Raoultella terrigena	0.115890463660613	0.049899750390695	0.12704128620472	0.145543846773703	0.108299315090908	0.284354125493626	0.163536489461719	0.322427256841058
Oscillibacter sp. NSJ-62	0.11598075022682	0.423004027207547	0.179488675581561	-0.123676929872635	0.198214378782649	0.284354125493626	0.670461383123962	0.371881765747418
Nakamurella sp. s14-144	0.116163593853074	0.0567321557910651	0.106513102836578	-0.361262589207112	-0.290234136877603	0.284354125493626	0.181657508947148	0.293605683471264
Elusimicrobium minutum	0.117852374396893	0.873349121410351	0.0587558510969172	0.0307721895273574	0.356152757144562	0.28714062012026	0.956666429321004	0.205807787820141
Kosakonia radicincitans	0.118207731626795	0.0442677728514101	0.565048477650622	0.116466697269731	0.0315127615885529	0.28714062012026	0.150891225740828	0.754662124629234
[Clostridium] innocuum	0.120409394129088	0.0433793620331643	0.206408419156676	-0.398361250566626	-0.235282615163585	0.290775937499206	0.150283511534058	0.406406638960661
Litoricola lipolytica	0.120621563978377	0.646008933114545	0.119061694842267	-0.0568192526337296	0.187559221058323	0.290775937499206	0.829088387843363	0.313216242863058
Taylorella equigenitalis	0.122285639282589	0.975117361390702	0.0680979507406662	0.00950405108369157	0.540132563028666	0.293670815549854	0.995886786875259	0.221405644972217
Desulfovibrio fairfieldensis	0.123468349303183	0.0423425292836746	0.408474256344096	0.4166225291123	0.159805803508523	0.295392201729125	0.148315820805799	0.650685121914967
Prevotella sp. oral taxon 299	0.124344842499217	0.713181165829092	0.0521070683009721	0.041965235736285	0.214755909647502	0.296370790016931	0.871285312095523	0.192069077341955
Arcticibacterium luteifluviistationis	0.124847482235757	0.487915820172828	0.165377326009482	-0.0371688161526275	0.0714721643977831	0.296454321114119	0.709957304159602	0.358302655919617
Bifidobacterium breve	0.130067330200661	0.0542174346022566	0.152663161080275	0.156735782487406	0.110151177894445	0.307628872902102	0.175376803764442	0.348159870952856
Dietzia timorensis	0.130523922414299	0.755996989187977	0.0578252046264866	0.0236237662832509	0.141192492692575	0.307628872902102	0.887596465083662	0.204401939637166
Anaerostipes hadrus	0.133345915212218	0.814014479170625	0.0616520540194345	-0.0190862629490576	-0.1468319866488	0.313115963868689	0.925979638208054	0.211431874788967
Aeromonas caviae	0.136796427590819	0.251166518672744	0.352464482949264	-0.079775358753731	0.0614421019131297	0.320032970821326	0.476097130635709	0.595899952506222
Bacteroides sp. HF-5287	0.139626979788499	0.314651484264664	0.287070220707912	0.185058895648125	-0.186787061909557	0.325454063183486	0.549556586842416	0.512683154729059
secondary endosymbiont of Ctenarytaina eucalypti	0.140452662264371	0.18354123940196	0.0551457574455441	0.0601192255363476	0.0840283377265268	0.326179442767806	0.404045645072371	0.199971546319544
Desulfosporosinus youngiae	0.141351529749162	0.135062172423683	0.0648061038106207	-0.170459820185943	-0.203725612293118	0.327068868105725	0.323129876666473	0.216247735873334
Lactobacillus bombi	0.145175841946642	0.0869696743632861	0.0972226238406885	-0.0784650832026884	-0.0730335370044649	0.334696304706077	0.25118021809069	0.281457276324185
Lentibacillus sp. CBA3610	0.145745572137157	0.554021587048879	0.167891512433288	-0.026693648140701	0.0603461057634395	0.33479236498173	0.760280706036773	0.358302655919617
Caldilinea aerophila	0.146650002245121	0.472617329605081	0.0525406564551015	0.100384992954391	0.261907218778059	0.335653795752371	0.703378842651693	0.192547839263204
Yersinia pseudotuberculosis	0.147367995366024	0.724320824578193	0.12304184149816	-0.0394207809146352	0.166551931715475	0.336083845546976	0.873040689700712	0.317107835405827
Verrucomicrobium spinosum	0.147995786516955	0.0593006034424366	0.645810182463357	-0.268367690325516	-0.0615790980635765	0.336305837461467	0.187047674539825	0.812583983120236
Ammonifex degensii	0.148660284278298	0.0871603280440879	0.103126966611771	0.0810431588513076	0.0735589750901763	0.336609357973003	0.25118021809069	0.289303083326826
Paraprevotella xylaniphila	0.149961895530387	0.0529774480354782	0.421215215295037	-0.341993581494129	-0.133837321058833	0.338348191339023	0.172244625920478	0.664304593276252
Alistipes onderdonkii	0.153581403002101	0.158439173962062	0.594627517066287	0.333817911537699	-0.11896851405333	0.344143852363647	0.363950856130245	0.776471893611243
Akkermansia glycaniphila	0.15361626217494	0.0703193888747526	0.145849603827044	0.0838823238449985	0.0643962134835008	0.344143852363647	0.216419866731035	0.342537929576455
Bacteroides xylanisolvens	0.156410854590332	0.357760763474548	0.0551980607012886	-0.141067960215839	-0.283398502420272	0.347825327704226	0.595328934495705	0.199971546319544
Porphyromonas asaccharolytica	0.156859205501609	0.196472599840475	0.0623682047386666	0.107277443945237	0.150315400086912	0.347825327704226	0.417484165140963	0.212067373647045
Megasphaera elsdenii	0.156905431740392	0.605629302396528	0.15864947388495	-0.144153024718131	0.378148211406883	0.347825327704226	0.803282380166106	0.356680022847725
Stenotrophomonas maltophilia	0.159534458938751	0.0730703508058219	0.792315920505516	-0.154927617058545	-0.0215238406052151	0.351250120983118	0.22087037301096	0.903374857346144
Novibacillus thermophilus	0.159558414579082	0.943864511065368	0.0852235885492511	0.00622941381199169	0.147823832787501	0.351250120983118	0.992388225564583	0.264861544805026
Methanobrevibacter sp. AbM4	0.160282504819374	0.0572380232997646	0.425952948346451	0.0601085519567061	0.0236613999591707	0.351623211264647	0.182356315437441	0.668450913989233
Actinomyces sp. oral taxon 171	0.161836942417504	0.118408704089085	0.0884950504639673	0.0991325699002584	0.104160488398881	0.353809039629992	0.301555887037197	0.266795154507258
Inhella inkyongensis	0.163339812099298	0.271742780410077	0.383045055915082	-0.0389327981065402	0.0295310133735114	0.353993698372762	0.496099083442049	0.62681473128352
Egicoccus halophilus	0.163340364870031	0.116159489452662	0.836050672988299	-0.0569896129361893	0.00714780329646263	0.353993698372762	0.301555887037197	0.926640198752368
Planctopirus ephydatiae	0.163596456818958	0.714886320219477	0.137205249445875	-0.0612813804110976	0.240427255198835	0.353993698372762	0.871285312095523	0.334198824516354
Candidatus Erwinia haradaeae	0.16591852316395	0.171846095302565	0.0717779572017596	0.0571291976151155	0.0729749801540742	0.357797087367157	0.388152784528325	0.229834469019776
Halocella sp. SP3-1	0.169649614657327	0.112626760851876	0.101840317121916	-0.129168054026942	-0.127030864941374	0.364602900653375	0.29800868914755	0.287786417272618
Candidatus Hodgkinia cicadicola	0.17320151637157	0.248822291720542	0.0661535714283361	-0.0525568189673753	-0.0808719965305965	0.370978923579646	0.475160641418143	0.218525765338937
Capnocytophaga gingivalis	0.174920978347105	0.596525967664921	0.181981832599619	-0.0182762634411096	0.0446871023101997	0.373400337616378	0.797198048208254	0.375819159179669
Barnesiella viscericola	0.176312376213609	0.611331337606991	0.173833699119279	-0.0946508723425024	0.24276510821935	0.375107538655798	0.809152542886916	0.362534754084286
Burkholderia pseudomallei	0.178478212617107	0.0648222291492015	0.346650043200942	-0.102304740404801	-0.0492507322675871	0.377446304161318	0.201457320002911	0.587636704249725
Paenibacillus thiaminolyticus	0.178889824830361	0.0853446053961141	0.836677800036923	-0.435823019146157	-0.0492758020706646	0.377446304161318	0.248204035876772	0.926640198752368
Oxalobacter formigenes	0.179359146320207	0.572226699166257	0.193520131098517	-0.0611792992560799	0.136061872609682	0.377446304161318	0.778523019895723	0.391986463630862
Lysinibacillus sphaericus	0.179793034474319	0.99386897094987	0.103825940591791	-0.000652094623315748	0.134535869532044	0.377446304161318	0.998074911117941	0.289980820859891
Sodalis glossinidius	0.180943739750368	0.090472976775644	0.146142743941753	0.0981150833789294	0.0808294360352354	0.378608353141033	0.255452534155291	0.342537929576455
Enterobacter bugandensis	0.183148621476962	0.470949009722175	0.0677334659375245	0.0202639499483225	0.0498551143006248	0.381961269790769	0.703378842651693	0.221355759816446
Legionella pneumophila	0.185155034636272	0.140987687534006	0.0966474121826758	0.15853175613643	0.172536846098695	0.384796387879015	0.327421955665054	0.281457276324185
Odoribacter splanchnicus	0.185881490442788	0.268095633328169	0.0713082069900555	0.202122510951633	0.316873404727238	0.384796387879015	0.493632251746932	0.229834469019776
Acidaminococcus fermentans	0.18702592629507	0.580471389721993	0.195783453187812	-0.103133104492005	0.232002904657059	0.384796387879015	0.785024408498324	0.394053045463724
Erysipelothrix rhusiopathiae	0.187508001572654	0.9864375124498	0.109215532216918	-0.00132531080774803	0.12171899307569	0.384796387879015	0.998074911117941	0.298459687178991
Bacteroides sp. CBA7301	0.187863018974626	0.119158938404858	0.1157722526336	0.203711776468279	0.196526564941157	0.384796387879015	0.301555887037197	0.307111331253984
Yersinia frederiksenii	0.18835459205023	0.99333983923272	0.107493378095322	-0.00114747832582697	0.213989222796056	0.384796387879015	0.998074911117941	0.295025115638243
Thermovibrio ammonificans	0.188756587745069	0.540551603748715	0.214604492205689	-0.0385051082242648	0.0751929857851138	0.384796387879015	0.750544470505602	0.418643840179714
Tepiditoga spiralis	0.190125776397587	0.0731589563600973	0.2689311699332	0.0651474139015313	0.038206823451921	0.386345327679712	0.22087037301096	0.487149604964711
Brevundimonas sp. Bb-A	0.191086401979999	0.0770599449999941	0.23105619322604	0.17759048238555	0.114938461453839	0.387056801454695	0.229181161178661	0.444147579422977
Peptoniphilus ivorii	0.19199365446467	0.0715529915031781	0.47076038348943	0.184948507659857	0.070151539908131	0.38765597748599	0.219152640642584	0.692487431861481
Heliobacterium modesticaldum	0.194928060006424	0.220075687104233	0.538849427146399	-0.117965853323806	0.056124773565205	0.390904421586878	0.442945986108203	0.739460036387049
Staphylococcus lugdunensis	0.195601620972116	0.0773576790098321	0.58964851734692	0.120263546611945	0.0348415549163291	0.390904421586878	0.229181161178661	0.773989979291817
Baekduia soli	0.195901779340927	0.0726830469379937	0.439587067355341	-0.162534200943994	-0.0665008685941321	0.390904421586878	0.22087037301096	0.670316178321201
Intestinibaculum porci	0.196547031100396	0.529987546456974	0.228456287242567	-0.0335131071460878	0.0620058976259926	0.390904421586878	0.743305659467878	0.442939712880083
Pectobacterium parmentieri	0.196685347770054	0.109832873440878	0.136432543678045	0.103569012747176	0.0927499399648132	0.390904421586878	0.295059498989477	0.334198824516354
Thermacetogenium phaeum	0.197421380782987	0.0797299951000252	0.239349210658918	-0.0779026805156248	-0.0498718694024331	0.391141110676293	0.234022300432481	0.454333531610041
Streptomyces sp. CB00271	0.198151602759724	0.703119164193681	0.169431617082155	-0.0308266281548928	0.107787801563049	0.391364847818271	0.867271498246681	0.358302655919617
Anseongella ginsenosidimutans	0.202010475703954	0.2043359964099	0.0892122598667802	0.100900036512626	0.128958242248308	0.396867644201492	0.426237185409627	0.266795154507258
Blochmannia endosymbiont of Colobopsis nipponica	0.202189667314009	0.864302898824682	0.134990424611319	-0.0142207007015714	0.120012750637206	0.396867644201492	0.951333399053556	0.333623193880838
Cytophaga hutchinsonii	0.205451847269182	0.119924502748595	0.135238424017942	0.0651344369072783	0.060115696028739	0.402026145582288	0.301714820407179	0.333623193880838
Ruminococcus champanellensis	0.208153678531312	0.0946798072113856	0.197354937333197	-0.234661271950385	-0.171431163640307	0.405624253941065	0.26560618483194	0.39595895654825
Enterobacter cloacae	0.208570199976005	0.0794970834805874	0.498881751736124	0.0584220233173111	0.0213568639857961	0.405624253941065	0.234022300432481	0.713975238376304
Clostridium formicaceticum	0.210942123969226	0.196517902371211	0.647012283747489	-0.0396499763058308	0.0134162927902789	0.40898258898009	0.417484165140963	0.812583983120236
Clostridium acetobutylicum	0.213205587573164	0.12056944680408	0.997767252982923	-0.197217614156661	0.000335079858339714	0.41211080037008	0.302138455627615	0.997767252982923
Symbiobacterium thermophilum	0.216317906281949	0.441610902213646	0.302814859622629	0.044375974058904	-0.0573001542436917	0.416855782926309	0.679566291270513	0.529327474722925
Shewanella putrefaciens	0.217533372597781	0.196406783943691	0.653492050102989	-0.112821907319001	0.0370536830962954	0.417034361793776	0.417484165140963	0.818230660800721
Lactobacillus paragasseri	0.218086701492265	0.23411622631613	0.557864550760634	-0.0474204719299998	0.0221417969403712	0.417034361793776	0.458116319396377	0.74966015370912
Dehalococcoides mccartyi	0.21838392447245	0.090657445086657	0.247312956684859	-0.147059764048512	-0.0960320919596881	0.417034361793776	0.255452534155291	0.46637159599897
Pseudobutyrivibrio xylanivorans	0.220805288887717	0.0905606881460287	0.260071520573095	-0.292594645907361	-0.185421165690832	0.419919715279176	0.255452534155291	0.482887189915122
Thermosediminibacter oceani	0.221219534547705	0.243166947294517	0.555647902521326	-0.038337579539997	0.0185547652765207	0.419919715279176	0.467175286620376	0.74966015370912
Calditerrivibrio nitroreducens	0.222152535215247	0.14001356018711	0.134416154425101	0.0583569114053321	0.0568740602316586	0.419940541828056	0.327421955665054	0.333623193880838
Scytonema sp. HK-05	0.222555239833165	0.767581243725547	0.169187953101303	-0.0205541247587055	0.0920854657386468	0.419940541828056	0.893544466564624	0.358302655919617
Monoglobus pectinilyticus	0.225757932162149	0.151320115022813	0.129569183127644	-0.243351874235342	-0.24628276522346	0.424719670595853	0.350134864687823	0.327278335071419
Achromobacter xylosoxidans	0.227642615910177	0.0888715599120784	0.325694408175521	-0.183508341696666	-0.10067555937296	0.425912855997429	0.254952800833745	0.562643746003489
Candidatus Nanosynbacter lyticus	0.227735738459193	0.0994692629440307	0.724009093576045	0.176432198306871	0.0356341481187186	0.425912855997429	0.274952291788239	0.852166249069123
Microbulbifer sp. YPW1	0.229120052264306	0.102855970100068	0.747593063270898	-0.0762267483159389	-0.0143108763270794	0.426675809859775	0.281080538980358	0.863340623158013
Syntrophomonas wolfei	0.229910441194401	0.487230175600613	0.0886615655240029	-0.07201761778484	-0.170512585080479	0.426675809859775	0.709957304159602	0.266795154507258
Vibrio taketomensis	0.230162660839185	0.097887647154701	0.686295866962279	-0.0774919321010315	-0.017808621957887	0.426675809859775	0.272196352175791	0.837796533589891
Candidatus Izimaplasma sp. HR1	0.23206631111794	0.131353837921793	0.995379048385765	-0.229940906833429	-0.000837160693939001	0.42749807511577	0.319074073725735	0.997767252982923
Serratia plymuthica	0.232355930162608	0.0900062705280039	0.498054135975081	-0.106155389755252	-0.040011549443712	0.42749807511577	0.255452534155291	0.713975238376304
Ralstonia mannitolilytica	0.23262907873019	0.138638022346843	0.959750983427638	-0.0987724715628664	0.00319554328230768	0.42749807511577	0.32675281103308	0.983008277048663
Candidatus Portiera aleyrodidarum	0.236361855920824	0.133557101202117	0.993683072922266	-0.101507416344132	-0.000508138409653088	0.433102360271104	0.321708950140746	0.997767252982923
Anaerobutyricum hallii	0.237599163710832	0.688235108016841	0.101562227896881	-0.0379110883039366	-0.149323879472203	0.434114898537946	0.862334107673275	0.287786417272618
Coraliomargarita akajimensis	0.242172839161904	0.101956212222469	0.658538502353066	-0.213027066618017	-0.0544470077625037	0.441199942611055	0.279827872506691	0.819052344130674
Pelolinea submarina	0.243548153593305	0.157045893154697	0.143063276014522	-0.0501017211310713	-0.0498923261866095	0.442434181599299	0.362062168218466	0.342537929576455
Prevotella oris	0.244486877318589	0.699143711995738	0.105435451099612	0.0812729361344856	0.327928330831615	0.442870514914245	0.865284650126286	0.291904261996307
Aneurinibacillus sp. XH2	0.24599239525116	0.963408427543372	0.146825259708949	-0.00219293537260359	0.0674495711917177	0.4439628440379	0.995886786875259	0.342537929576455
Winogradskyella helgolandensis	0.246490411831768	0.096037454345163	0.470403404603706	0.0758666042300288	0.0311038850838528	0.4439628440379	0.268227956188693	0.692487431861481
Bacillus halotolerans	0.248128046735635	0.214626058858268	0.679828332463536	0.104675765642613	-0.0330483840798724	0.445646406884965	0.436377940886688	0.83578357222055
Enterococcus faecium	0.24888922640643	0.105473718665805	0.270449011704612	0.0733063051846143	0.04774279035893	0.445750761417166	0.286997157227984	0.488503343078986
Sulfuriferula plumbiphila	0.250230663123443	0.232934864855186	0.11428155859136	-0.0678765661592359	-0.0862861118192793	0.445847612076635	0.457215802842687	0.304539933720422
Sutterella megalosphaeroides	0.251017144331231	0.137025063858043	0.954815189295798	-0.0673690798085421	-0.00244686775497252	0.445847612076635	0.324578163964058	0.979535323646499
Sutterella faecalis	0.251052992920124	0.0997460995446293	0.35404179726616	-0.351400952880353	-0.186871678351603	0.445847612076635	0.274952291788239	0.596974732624322
Xylanimonas cellulosilytica	0.253940974519239	0.173777978297162	0.845670044057195	0.0749010914624375	-0.0101858469075761	0.449716697891613	0.390692334185819	0.92866103774853
Bacteroides sp. PHL 2737	0.256634429797622	0.107646371341866	0.289836304608258	0.130057173538539	0.0816740954963479	0.453220692177416	0.291657262524542	0.516169149218077
Staphylococcus condimenti	0.25812508579434	0.996103781301005	0.147993068391882	-0.000345465802478891	0.0992295447616893	0.454586956648922	0.998074911117941	0.343690862126202
Serratia symbiotica	0.261977999649674	0.266292133143981	0.114322561869812	0.0737700277857257	0.101462525940048	0.459785746589226	0.493632251746932	0.304539933720422
Labilibaculum antarcticum	0.262527508304889	0.193418254436287	0.137485366243076	0.0822017015795893	0.0905803698075157	0.459785746589226	0.417484165140963	0.334198824516354
Tenuifilum thalassicum	0.264597869777183	0.712715947094701	0.116408360845599	0.0268300210582678	0.110439552536995	0.462135122420756	0.871285312095523	0.307512086567124
Chryseolinea soli	0.266503147570595	0.214747504032566	0.723855843421746	-0.0923519281905573	0.0249607287008954	0.464184053735596	0.436377940886688	0.852166249069123
Candidatus Methylospira mobilis	0.267483907979315	0.124875733401144	0.235999998899816	0.0755391979641663	0.0559268460754375	0.464615883996947	0.308059202242511	0.450674696694227
Streptomyces antibioticus	0.270149704869085	0.108288975119518	0.383602706211365	-0.0758378520040939	-0.0391533121032087	0.466890390809774	0.292149830747978	0.62681473128352
Terasakiella sp. SH-1	0.270266204143828	0.364376917451747	0.44808177449853	-0.0438480305671314	0.0352385926128352	0.466890390809774	0.602835655184142	0.676390107219209
Acetilactobacillus jinshanensis	0.272172431490936	0.476550044293109	0.34067933751571	-0.062531908857987	0.0801685071180966	0.46838490107534	0.705733196611685	0.582185175161618
Spirosoma sp. KUDC1026	0.273981708655952	0.587257358607467	0.112654567888406	0.0516082587321473	0.144984134131652	0.46838490107534	0.788816028299013	0.303837569697068
Histophilus somni	0.274456315685982	0.20228904074859	0.143500581781264	0.0487908176801892	0.0540403707101043	0.46838490107534	0.424673019319888	0.342537929576455
Brevibacillus agri	0.27474620682853	0.113168191676615	0.579527059026573	0.0648344457581678	0.0215949348860748	0.46838490107534	0.29800868914755	0.764026056818261
Candidatus Gullanella endobia	0.275507223632586	0.616197086066232	0.266905044483836	-0.0208701652513124	0.0447227595718458	0.46838490107534	0.810500024363965	0.484864751297284
Clostridium sp. deep sea	0.27556398754117	0.113280905496151	0.57315897224734	-0.157846968425447	-0.0535104788953832	0.46838490107534	0.29800868914755	0.760215038503795
Thermomicrobium roseum	0.276592879449643	0.413097083486164	0.110846256876373	0.12446307808692	0.234599898874981	0.468876699387898	0.659059730300542	0.300327037861626
Desulfurella acetivorans	0.282899244454804	0.113872588143087	0.483783944555333	0.0857564859930652	0.0359380666810417	0.476469055823036	0.298327359019492	0.70510119735191
Brevibacterium sp. YB235	0.282917404362257	0.804951981585737	0.204835333316855	0.0100013384186308	-0.0497065124230655	0.476469055823036	0.922856340552183	0.406332041668014
Haemophilus influenzae	0.283326236664487	0.124284139521458	0.6871517310201	0.116288950763451	0.0290428228368076	0.476469055823036	0.307797439283611	0.837796533589891
Coprothermobacter proteolyticus	0.284212664627228	0.129430413983119	0.264514355793261	-0.072933519625163	-0.0514295948809336	0.47669531580334	0.315611086404991	0.484864751297284
Desulfovibrio piger	0.287035484839249	0.531759159663304	0.317382062446075	-0.168263522461356	0.25681186012851	0.479370058015472	0.743305659467878	0.552802823051679
Geobacillus thermoleovorans	0.287915242448281	0.116259681720361	0.445956760800838	-0.0853868177469294	-0.0394122435253126	0.479370058015472	0.301555887037197	0.674788988896733
Desulfocurvibacter africanus	0.288473132168819	0.187933244366293	0.16676752317315	-0.0810720310350011	-0.0819502213370843	0.479370058015472	0.410784629287174	0.358302655919617
Candidatus Phytoplasma ziziphi	0.288831801517209	0.116710097769825	0.453137564950871	0.0976952487424191	0.0443030251606564	0.479370058015472	0.301555887037197	0.680780133125242
Syntrophothermus lipocalidus	0.292305241512798	0.319693501598017	0.542756731645153	-0.053012213245257	0.0309789416096756	0.483868206577321	0.55530323291272	0.742948937716611
Finegoldia magna	0.29765744751927	0.189818496209767	0.906762454235818	-0.100535459394384	0.0085711272111913	0.491444848247962	0.412140159578741	0.958713609167369
Mucilaginibacter sp. G2-14	0.299555031554895	0.939337418486527	0.159520788565091	0.00507609454997989	0.0898795886283647	0.492082595035881	0.989268975615379	0.357235400085147
Bacteroides caccae	0.300035512888084	0.43925373617691	0.122691439464639	0.164709159143396	0.31589367677146	0.492082595035881	0.679566291270513	0.317107835405827
Enterobacter ludwigii	0.30044381175517	0.127865745160953	0.627210111836891	-0.0546763446775761	-0.0164617043118149	0.492082595035881	0.312999546069668	0.800103040049474
Desulfallas gibsoniae	0.301148338917858	0.127307509303094	0.610531159406283	-0.206777935737286	-0.0652607040635161	0.492082595035881	0.312840933713805	0.787747993603786
Anaerocolumna sp. CTTW	0.30597141516578	0.133960824664285	0.677556162463678	0.142923897037007	0.0373879730987395	0.49867834759667	0.321708950140746	0.83578357222055
Rhodothermus marinus	0.311933905483859	0.240421444090451	0.158435684594081	0.0588473933558697	0.0682372145772824	0.506374095258534	0.46524355004271	0.356680022847725
Chlorobium phaeobacteroides	0.312290648653133	0.323443432119966	0.137580273184177	0.0629659779461517	0.0912660632018833	0.506374095258534	0.559645869540019	0.334198824516354
Massilistercora timonensis	0.31390430786814	0.957410296843154	0.171645431595641	0.00687554071533892	0.169427428811004	0.507692171398981	0.995621268007985	0.360341733879591
Thermodesulfobacterium geofontis	0.315609422055319	0.479994243699188	0.130609786862251	0.0189915290580195	0.0392201688202787	0.509151077819523	0.706070418805767	0.328597638375664
Sinimarinibacterium sp. NLF-5-8	0.318502797249315	0.226088931371116	0.171374355178571	-0.0303679015693778	-0.0331096198953406	0.512514653441791	0.452177862742231	0.360341733879591
Phascolarctobacterium faecium	0.319759311064403	0.903385409543688	0.165867387424433	-0.0279534020396836	-0.30613394536425	0.513233932189447	0.974058417773296	0.358302655919617
Bacteroides uniformis	0.322601081503519	0.204644901487473	0.903771642922521	0.208809463921819	-0.0188466695379642	0.513510155636401	0.426237185409627	0.958179300355984
Brochothrix thermosphacta	0.322626392007263	0.76951936710455	0.151890787099222	-0.0139332840752495	-0.0661330189228881	0.513510155636401	0.893544466564624	0.347813824942871
Libanicoccus massiliensis	0.323880253309904	0.998559906722863	0.185233818835099	-0.000279250901076911	0.197069961306819	0.513510155636401	0.998559906722863	0.381292990719002
Olsenella umbonata	0.323989809377844	0.365124434685663	0.139995623979729	0.0956315750868141	0.149842908020847	0.513510155636401	0.602835655184142	0.338768036653237
Bacillus mycoides	0.324337038186358	0.206385854461987	0.192909056294662	0.0635388196641926	0.0626256037235008	0.513510155636401	0.426237185409627	0.391986463630862
Bacillus amyloliquefaciens	0.325626350070983	0.696915521443665	0.145560915267979	0.0340512316641034	0.122283778557985	0.513510155636401	0.864666224256915	0.342537929576455
Paraglaciecola psychrophila	0.326457704570573	0.136521362068364	0.505667883817106	0.125004933745344	0.0529576877589511	0.513510155636401	0.324578163964058	0.716662896269386
Ethanoligenens harbinense	0.327228296789883	0.308087739891638	0.150362988098611	-0.144294461324126	-0.195861505694398	0.513510155636401	0.542603512575085	0.346655034380071
Alloprevotella sp. E39	0.328286144221288	0.331095858881737	0.146956335717343	-0.0500895414756565	-0.0718885784718218	0.513510155636401	0.56277419445314	0.342537929576455
Adlercreutzia equolifaciens	0.328608548746267	0.580719948873366	0.333891524829953	0.0771027621987371	-0.129768155868548	0.513510155636401	0.785024408498324	0.573678121252548
Sulfuricaulis limicola	0.329603577541446	0.212165012001588	0.887461480889032	-0.0634721797806135	0.006792480698467	0.513510155636401	0.435315914592255	0.951842954040815
Haemophilus sp. oral taxon 036	0.329650841236617	0.139650772664147	0.410925359845121	0.0809076844773558	0.0430708844652525	0.513510155636401	0.327421955665054	0.651494858148906
Bacillus thuringiensis	0.331541017761979	0.41098206187203	0.14091878042032	0.0786888946047881	0.135896314639142	0.515188738385036	0.657986432391078	0.339705348998035
Synechococcus sp. PCC 7336	0.334019871129709	0.140488232622793	0.492321974461547	0.045676716815883	0.02032890530044	0.516629564869051	0.327421955665054	0.712630437919225
Tepidiforma bonchosmolovskayae	0.334097983590396	0.235326753998581	0.824826517551916	-0.0906107912805365	0.0161189540597693	0.516629564869051	0.459068190877233	0.920857859881059
Christensenella minuta	0.335470574758364	0.532272506937566	0.367362117772019	-0.107729150506773	0.148113539251088	0.517489889043316	0.743305659467878	0.606652114811872
Cetia pacifica	0.338365748449319	0.597531988890312	0.145814697034939	0.023384757320564	0.0622376044982809	0.520689040089487	0.797198048208254	0.342537929576455
Succinivibrio dextrinosolvens	0.341633966706347	0.253480651384353	0.777653841665057	-0.28821452417216	0.0675134320410124	0.524445362934199	0.478293848147856	0.889950425299
Muribaculum intestinale	0.342897552503797	0.175646180470967	0.266615429407196	0.119442704973459	0.0929894714960947	0.525113643206297	0.391434632047061	0.484864751297284
Porphyromonas gingivalis	0.344685755986036	0.477538708748285	0.146391915971113	0.104781227259829	0.205372550552422	0.526580166976257	0.705733196611685	0.342537929576455
Romboutsia sp. CE17	0.34562469566388	0.318935805226108	0.160467058865438	-0.055622026297409	-0.0757808938373219	0.526745329449279	0.55530323291272	0.357235400085147
Halothermothrix orenii	0.350425316026635	0.229320697425371	0.880240192907083	-0.131889230139446	0.0156736004667208	0.532780936117234	0.454542270799023	0.950719390635589
Synechococcus sp. PCC 7502	0.351741471894031	0.987703928979007	0.205286030648901	0.000456228026211873	-0.0361564741356173	0.53350261526511	0.998074911117941	0.406332041668014
Bacteroides fragilis	0.354293475261826	0.467867586838544	0.151962822569677	-0.136658395230403	-0.258737336511387	0.536090843236271	0.702958304016503	0.347813824942871
Cyanobacterium aponinum	0.367822389349578	0.440237626177124	0.160586891205468	0.0310166232365208	0.0546549547158171	0.554592855577881	0.679566291270513	0.357235400085147
Vulgatibacter incomptus	0.36897664769931	0.161640125292986	0.581245718400696	-0.0414893066761947	-0.0156252268958995	0.554592855577881	0.369963319262646	0.764543123373529
Citrobacter freundii	0.369145402293164	0.631405496003407	0.163807421099988	0.0344245543179414	0.0958128798553926	0.554592855577881	0.815998787885621	0.358302655919617
Ndongobacter massiliensis	0.371013755913808	0.272306752425604	0.79365898350442	-0.045364256530504	0.0103091496700263	0.556082083331807	0.496099083442049	0.903374857346144
Bacillus subtilis	0.375079146547039	0.545598220419625	0.163743195425794	0.0650268602370755	0.144833431973042	0.560849478563262	0.753614971124275	0.358302655919617
Flexistipes sinusarabici	0.379892399230624	0.541007607288739	0.166412761086684	0.0296384046941099	0.065084182887139	0.564562604328599	0.750544470505602	0.358302655919617
Prevotella enoeca	0.380120496285639	0.921628766049517	0.236961054553574	-0.0147583443179025	0.169508657600243	0.564562604328599	0.975443746246197	0.451151076837735
Proteiniphilum saccharofermentans	0.38036423481302	0.576318182525342	0.167706728064039	0.0451702847098166	0.108131592135032	0.564562604328599	0.782410551865239	0.358302655919617
Bacillus altitudinis	0.381603838938841	0.509417255693288	0.438252351231166	-0.0675432491890597	0.0757960405451815	0.564562604328599	0.735754057291882	0.670316178321201
Alistipes megaguti	0.382986511208164	0.167933090936439	0.500187909111166	-0.17609957813443	-0.0819984846945236	0.564562604328599	0.381611396608253	0.71423228463171
Chryseobacterium sp. 6424	0.383513193908398	0.526499654186181	0.168193525401122	0.0303392542699675	0.0633375281324222	0.564562604328599	0.743305659467878	0.358302655919617
Alienimonas californiensis	0.38379571366818	0.882772583595074	0.252733070772425	0.0099631469211432	-0.0745055555185463	0.564562604328599	0.95999625728864	0.474061440442952
Brevefilum fermentans	0.388576260794921	0.198675941321951	0.848578715335939	-0.0559945804045073	-0.00793997134763359	0.569286560340437	0.419868489327056	0.92866103774853
Phocaeicola dorei	0.388802966289289	0.615155983835298	0.367435981210976	0.0964760194684411	-0.165053664599173	0.569286560340437	0.810500024363965	0.606652114811872
Pseudanabaena sp. PCC 7367	0.390273506462013	0.182176333689201	0.706823206711346	-0.109956267366038	-0.0296274585567829	0.569743641635346	0.402438312052103	0.844656587720681
Candidatus Sneabacter namystus	0.391753184637386	0.5283727144107	0.438978983296037	0.0224679344485478	-0.026585269890592	0.569743641635346	0.743305659467878	0.670316178321201
Bacteroides heparinolyticus	0.391811084783929	0.175392357323485	0.612554827833859	0.221849789505285	0.07843698600005	0.569743641635346	0.391434632047061	0.787747993603786
Tissierellia sp. JN-28	0.396178239757319	0.451611849475303	0.519397816414603	-0.0503839031179253	0.0415019883303776	0.574775752874463	0.684980652074982	0.72692762827121
Peptoniphilus harei	0.404170904347048	0.181815999330771	0.461842484616598	0.0738394357123438	0.0389624249259469	0.585032770219242	0.402438312052103	0.685733337814808
Lactobacillus sp. 3B(2020)	0.406458143361472	0.845471940952889	0.281503157054994	-0.00497542045585521	0.0265632991338189	0.587003332326134	0.943713398880513	0.505481106742549
Candidatus Promineofilum breve	0.408900161740977	0.188546257291116	0.419929495109217	-0.0472764214513319	-0.0276451995455222	0.589187960326772	0.410784629287174	0.663928428676417
Thermincola potens	0.411707475676938	0.210686203804419	0.324848859951474	-0.0519594363442152	-0.0392503651221862	0.591887844850745	0.433685237701304	0.562643746003489
Algoriphagus sanaruensis	0.415007791531105	0.247241564320023	0.265767455588368	-0.0447853251944077	-0.0414634081224441	0.594411287728677	0.473568434377324	0.484864751297284
Staphylococcus epidermidis	0.415337855621142	0.201966861459942	0.759705478321971	0.0749331558178413	0.017143737000042	0.594411287728677	0.424673019319888	0.875733224102054
Erwinia sp. J780	0.418354794560046	0.804885490650331	0.209829296490066	0.0100023372502858	0.0492477642448182	0.59738049493484	0.922856340552183	0.411863077321059
Heliorestis convoluta	0.423650977766621	0.278928743409265	0.890614894083223	-0.0644800528978849	0.00782099357365316	0.603583640233793	0.505573660761824	0.951842954040815
Flintibacter sp. KGMB00164	0.427206757036024	0.196889219837773	0.632340724279052	-0.205148536042591	-0.0720712727319451	0.606905899332768	0.417484165140963	0.805028150989797
Chitinophaga sp. MD30	0.429028790955988	0.558982165125264	0.195513445389089	0.0208629490801303	0.0447864575824018	0.606905899332768	0.762139124063263	0.394053045463724
Corynebacterium sp. sy039	0.429532665381958	0.213582843388244	0.363228060245768	-0.097180149291002	-0.0681866466760205	0.606905899332768	0.436377940886688	0.606652114811872
Bacillus anthracis	0.429811906625257	0.206395608707816	0.397494340072227	0.11223978065218	0.0719398249751789	0.606905899332768	0.426237185409627	0.639622872095919
Deinococcus ficus	0.432124173246015	0.880059929359651	0.229694545490902	-0.00998562788276134	-0.0768725997285219	0.608814946306608	0.958851948878301	0.44398274951595
Spiroplasma apis	0.434178430444747	0.205642855028823	0.42862918198679	0.0326664982236004	0.0193163512154965	0.609522311917985	0.426237185409627	0.669337195516317
Vibrio parahaemolyticus	0.434549029947838	0.960467871832745	0.264692419740689	-0.00379082086031947	0.0818523555253177	0.609522311917985	0.995886786875259	0.484864751297284
Kibdelosporangium phytohabitans	0.436023113902417	0.240693823996859	0.928502037063089	-0.132502114882161	-0.00963966171040216	0.610239854777334	0.46524355004271	0.968207716279603
Serratia marcescens	0.437493705839907	0.396749068954375	0.647247494441198	0.0314957073089222	-0.0162392626736658	0.610949360137668	0.64662958796163	0.812583983120236
Listeria monocytogenes	0.439780247662787	0.975466395346271	0.265515273600336	-0.00204049394790637	0.0712421456080807	0.612497952139048	0.995886786875259	0.484864751297284
Pantoea agglomerans	0.440534804693069	0.221285579893942	0.368681034195345	0.104440906074873	0.0735681850455573	0.612497952139048	0.443971701432782	0.607126690077529
Thalassolituus oleivorans	0.445868833099123	0.700143573367169	0.212907129756555	0.033147681792182	0.10290105223024	0.617639728924802	0.865284650126286	0.41661456872116
Frankia casuarinae	0.446752877110464	0.236620894132718	0.873507760039342	0.349490926353522	0.0446123298390873	0.617639728924802	0.460176830920684	0.946673367290501
Candidatus Nasuia deltocephalinicola	0.447473335448033	0.403244519996254	0.65588426582728	0.0325494754136883	-0.0166554070682344	0.617639728924802	0.650971270591079	0.818564221524597
Euzebya sp. DY32-46	0.448129771775093	0.217634831681366	0.411037765393631	-0.0366786935103168	-0.023433906767281	0.617639728924802	0.439428290719701	0.651494858148906
Thermosulfuriphilus ammonigenes	0.452894233965723	0.503019741573562	0.533721657306635	0.0152340719961345	-0.0136288536404792	0.622852373827046	0.729781501504893	0.739460036387049
Lautropia mirabilis	0.454724238503259	0.449209787236024	0.217369449279065	0.093660226073774	0.14633501037686	0.624015513443867	0.682971235270118	0.422736904426157
Blattabacterium cuenoti	0.458730394000279	0.37789434088747	0.713916773548384	-0.044857111638404	0.017799725601989	0.628153498479864	0.620686559903253	0.85079555343924
Paenibacillus swuensis	0.461609724435633	0.33075977457386	0.826448142385366	0.035307087367471	-0.0076335026981062	0.629403314963903	0.56277419445314	0.920857859881059
Streptococcus thermophilus	0.461628614287405	0.216520119084833	0.600233388899881	0.181235568297071	0.0732232246202229	0.629403314963903	0.438574298721356	0.779623620105441
Aliivibrio salmonicida	0.464080791919945	0.231100672714664	0.405472658217598	0.0773560073044672	0.0515650237643115	0.63138888857778	0.455024305904029	0.649165821489791
Parvimonas micra	0.47037573421912	0.229421966333892	0.44194912958833	0.175887766781837	0.107686568033114	0.63858290255872	0.454542270799023	0.67185271127287
Arachidicoccus ginsenosidivorans	0.471873697468099	0.980290539708751	0.27356041154086	0.00166644247133218	0.0704559943337275	0.639247701270886	0.998037627007171	0.492719604877572
Chryseobacterium taklimakanense	0.474131926794325	0.226861937192686	0.65432641171288	0.0851420401490988	0.0299947118364906	0.640937402105762	0.452297069748941	0.818230660800721
Moritella yayanosii	0.47948460314424	0.937831073254207	0.303069200827164	-0.00727006777098542	0.0922687349054217	0.646794124241379	0.989268975615379	0.529327474722925
Butyrivibrio fibrisolvens	0.483734333276727	0.308958782396855	0.924750576624045	-0.124125454819988	0.0109197596993768	0.650810510987203	0.542603512575085	0.966192112111921
Paraoceanicella profunda	0.484515080734952	0.515695236658573	0.232318593397978	-0.0669046762666908	-0.118407106572001	0.650810510987203	0.741384988756316	0.444984858653529
Petrocella atlantisensis	0.491132039031711	0.34698583414269	0.834613466605993	0.103738887580286	-0.0218588436582273	0.658301847871878	0.580635872925909	0.926640198752368
Gordonibacter urolithinfaciens	0.492168889418407	0.251400177515052	0.422696510589802	0.0918520198211187	0.0609467357660952	0.658301847871878	0.476097130635709	0.664986570009762
Peptoniphilus sp. ING2-D1G	0.494255878886016	0.34801519197452	0.841849591427603	-0.0428681726587375	0.00868842671637729	0.659701530976283	0.580635872925909	0.926640198752368
Erwinia persicina	0.502838523016415	0.788934010633526	0.259570343393092	0.012592538147526	0.0513620534859771	0.668538538727706	0.909425750439373	0.482887189915122
Ereboglobus luteus	0.502985619831413	0.918718815275168	0.282240239411455	-0.00985162381448614	-0.0999302514278327	0.668538538727706	0.975443746246197	0.505481106742549
Alistipes communis	0.50836553187887	0.302768889168086	0.99347240900881	0.210786598502486	0.00158532547899981	0.674275621780761	0.537690408214472	0.997767252982923
Acholeplasma palmae	0.51035452671302	0.301538749301328	0.344775211520509	-0.0341742046265286	-0.029970297117607	0.675500563540824	0.537010019823151	0.587600763720437
Candidatus Vampirococcus archaeovorus	0.516922120727464	0.263512098099613	0.457761165425142	-0.0708333600483392	-0.0450536405563399	0.682767967794192	0.493632251746932	0.681419239444515
Anaerostipes rhamnosivorans	0.521973251352272	0.510617957742	0.259867033575819	-0.0798014146089811	-0.132138785133578	0.688006322988233	0.735754057291882	0.482887189915122
Hymenobacter sp. BT182	0.527898690206491	0.866177438083443	0.364500238662545	0.0136317286256853	-0.0703919254711505	0.693675560375349	0.951744360043159	0.606652114811872
Pasteurella skyensis	0.529382754983745	0.263948379267641	0.665477453878081	-0.0665118414946236	-0.0246690131180076	0.693675560375349	0.493632251746932	0.824048253434968
Flavonifractor plautii	0.529556736942695	0.584765191171746	0.261804525546158	0.0829051391356069	0.163179236207391	0.693675560375349	0.787136159666427	0.483918569085319
Desulfovibrio vulgaris	0.532695035117102	0.264851064819607	0.558106612856001	0.20560986175529	0.102808133918362	0.696336135663567	0.493632251746932	0.74966015370912
Clostridium butyricum	0.534103100361229	0.9690197837272	0.332969109477349	0.00896821810066149	-0.214609726563466	0.696336135663567	0.995886786875259	0.573647867958259
Pseudomonas synxantha	0.534932705216677	0.268313169376634	0.681545909839155	-0.0337757348997444	-0.0118741697775566	0.696336135663567	0.493632251746932	0.83578357222055
Filifactor alocis	0.535981126504449	0.268409827034033	0.537032930814506	-0.0590024487962287	-0.0314869710461553	0.696336135663567	0.493632251746932	0.739460036387049
Bernardetia litoralis	0.542431373062274	0.283491541095882	0.470020120146724	-0.0810694023538938	-0.0518855963150035	0.703275031741272	0.510606923451106	0.692487431861481
Deinococcus peraridilitoris	0.544646782212546	0.286278975379355	0.786276184758337	-0.058210536159148	-0.0140960904801171	0.704375280704506	0.514166771644507	0.89819657862484
Rubrobacter xylanophilus	0.545501991838979	0.329468617087805	0.984706128605382	-0.107648471798823	-0.00202884806813514	0.704375280704506	0.56277419445314	0.997767252982923
Staphylococcus auricularis	0.547989695036974	0.437067942411158	0.296118314637101	0.0369430962237902	0.0479403189686241	0.706149322466345	0.679566291270513	0.524410646591961
Sneathia amnii	0.551014227561728	0.339406201383759	0.361986595933184	-0.0615761212278672	-0.0565639933679223	0.708213904778609	0.572296626801338	0.606652114811872
Brevibacillus brevis	0.551825976278601	0.714387765883513	0.464703800779425	-0.0128670087782109	0.0247709775318276	0.708213904778609	0.871285312095523	0.68836964881812
Mahella australiensis	0.554546968046948	0.440814099999868	0.301224426090032	0.0468313489582688	0.0606237799681967	0.709127221870161	0.679566291270513	0.529327474722925
Microcystis sp. MC19	0.555948637570074	0.305603076764967	0.43560190098246	0.0398104211675389	0.0288621707828443	0.709127221870161	0.541207683432931	0.670316178321201
Thalassospira xiamenensis	0.556552200671166	0.324649616288981	0.936407931262859	0.0353513842301589	0.0027454557266125	0.709127221870161	0.559645869540019	0.970069654282112
Paenibacillus polymyxa	0.557250213016595	0.781380097489051	0.29477755632245	0.00973728303013776	0.0355238610542734	0.709127221870161	0.904005441255581	0.523498517390569
[Eubacterium] cellulosolvens	0.558130100494022	0.623662477904934	0.536753572669518	-0.0751172553776284	0.0907234642827821	0.709127221870161	0.810500024363965	0.739460036387049
Tannerella forsythia	0.563856560202548	0.46965656364936	0.302421988877646	-0.0347777209441781	-0.0475774989664212	0.714970118336831	0.703378842651693	0.529327474722925
Ktedonosporobacter rubrisoli	0.568732722493013	0.301503944498924	0.491913207470147	0.0572840847743122	0.0364163925711331	0.719713664791558	0.537010019823151	0.712630437919225
Laceyella sacchari	0.573201112984767	0.909970761628578	0.384777690799555	-0.00493636160182705	0.0365672281005479	0.722402271616078	0.975443746246197	0.627118395801845
Erysipelatoclostridium ramosum	0.573373040153436	0.324841766546888	0.892304801517928	-0.174787827979316	-0.0228284948277238	0.722402271616078	0.559645869540019	0.951842954040815
Clostridium botulinum	0.574275622861992	0.337969706921882	0.946314417315742	-0.0856020295549161	-0.00570702385232349	0.722402271616078	0.571394117835928	0.977138991169675
Chloracidobacterium thermophilum	0.577772236587929	0.308126022930079	0.497000808056868	0.0390987712153427	0.0250270100099403	0.725361580191578	0.542603512575085	0.713975238376304
Ruthenibacterium lactatiformans	0.582369205471877	0.614024114137444	0.300754621454246	0.0735776743171601	0.144584338553639	0.729687897765158	0.810500024363965	0.529327474722925
Desulfotomaculum nigrificans	0.585307888397417	0.620177527601641	0.568163355780656	-0.0441898970921358	0.0486348497624339	0.731923473853969	0.810500024363965	0.755168904748294
Parabacteroides distasonis	0.588519948098613	0.818228817798155	0.321716484505768	0.0556933268798743	0.230028526626957	0.734491431288426	0.926412863899499	0.558817126511389
Eubacterium sp. NSJ-61	0.593636960867963	0.524968631403401	0.683373800519958	-0.146867251778519	0.0899510522786213	0.739422069136127	0.743305659467878	0.836407315694311
Limosilactobacillus fermentum	0.596307913115938	0.601967549349186	0.598909135223566	-0.0438971942902218	0.0423398939762932	0.741292582187265	0.800099426179002	0.779623620105441
Nitrosomonas communis	0.597606138333705	0.694210914339409	0.521843853090904	-0.032227851203048	0.0503276461094076	0.741452625642992	0.864666224256915	0.72874229704765
Blautia sp. SC05B48	0.599064400627174	0.745778935690333	0.488134812240167	0.0263789012388053	-0.0541070153257013	0.741810214839118	0.88419565492517	0.709810713211619
Ignavibacterium album	0.600661594833061	0.330558429314868	0.813557797852456	0.0409840913726638	0.00949167864167921	0.74233811135314	0.56277419445314	0.91453128340152
Campylobacter hominis	0.603703479325387	0.440947456451539	0.841868697920132	-0.0493160078044083	0.0122643107718463	0.744645925860496	0.679566291270513	0.926640198752368
Duncaniella dubosii	0.621784465714404	0.474426452703724	0.360916310621199	0.124139325439333	0.150966353359954	0.765458934491131	0.704417730712321	0.606652114811872
Alistipes dispar	0.631331356771492	0.880207940452952	0.365797907694956	0.0225139010013976	0.129411964917331	0.775705581769624	0.958851948878301	0.606652114811872
Halobacteroides halobius	0.632768668482366	0.347421345518364	0.761098109895457	-0.0731111483003271	-0.0225588463463879	0.775967767539304	0.580635872925909	0.875746282529437
Orientia tsutsugamushi	0.635679577034605	0.428481096319159	0.931155953162154	0.0712810827638103	-0.00746042672279734	0.777218993688601	0.677448915377424	0.969380745984903
Bacteroides helcogenes	0.636240785054234	0.364079107283844	0.849556908404826	-0.0949158016671176	-0.0189609420241372	0.777218993688601	0.602835655184142	0.92866103774853
Lactobacillus jensenii	0.639795105913145	0.406914863576423	0.992911593268348	-0.0526451606205394	0.000535729085062129	0.780057879132566	0.653124110145449	0.997767252982923
Phocaeicola salanitronis	0.654736814988469	0.4486842867264	0.918310632318546	0.137404403667409	-0.0177422699609176	0.796684973197531	0.682971235270118	0.963956556056846
Clostridium beijerinckii	0.655945671938661	0.471999452514611	0.403218449705024	0.0841905516232508	0.093495951588237	0.796684973197531	0.703378842651693	0.647191131931608
Candidatus Bipolaricaulis anaerobius	0.65893396978456	0.4019719500754	0.933248472137443	-0.0684367897122313	-0.00654966951872955	0.798784200465413	0.650971270591079	0.969966444811703
Acutalibacter muris	0.663366371851664	0.367703531109034	0.702134516824427	-0.218125405859445	-0.0880743709254846	0.802622671286174	0.605516983696435	0.843778138674218
Anoxybacter fermentans	0.667656103309858	0.453571295308548	0.935514501756808	0.0245762810210779	-0.00253675936707235	0.804819709079444	0.686310742781908	0.970069654282112
Thermoanaerosceptrum fracticalcis	0.667721083558024	0.717967891949556	0.579538084849997	-0.0426164672459214	0.0628076854781922	0.804819709079444	0.871285312095523	0.764026056818261
Ligilactobacillus ruminis	0.67633896473815	0.44515974750198	0.456103339504443	-0.145177825369658	-0.135256261119757	0.813660158717244	0.681718067430569	0.681419239444515
Candidatus Liberibacter asiaticus	0.680035409486634	0.431059610347086	0.970120888092433	-0.031190304114508	-0.00142483169546879	0.815744196935167	0.678143406848765	0.990429376893079
Aminipila sp. JN-18	0.6806446059601	0.482739163143011	0.893008020858692	-0.100898181448507	0.0183975071823495	0.815744196935167	0.70846441998303	0.951842954040815
Candidatus Planktophila vernalis	0.681984548219338	0.993571390427544	0.439405075883075	0.000879627329707879	0.0811074489868308	0.815807931266151	0.998074911117941	0.670316178321201
Thermoclostridium stercorarium	0.685203449875804	0.401962980040156	0.557234170933237	-0.0447616531189692	-0.0300367450771951	0.81811485352403	0.650971270591079	0.74966015370912
Clostridium sp. SY8519	0.68752339401455	0.406507934106113	0.855163594561276	-0.0702275055843165	-0.0146936655211524	0.818239951290808	0.653124110145449	0.931569963834792
Citrobacter pasteurii	0.687889422772872	0.445148701698144	0.475937437004401	0.0229434367060459	0.0205857010599492	0.818239951290808	0.681718067430569	0.698016375616189
Thermanaerovibrio velox	0.689649395737079	0.392155148561454	0.644448106640165	-0.0383157374348598	-0.0198152015733458	0.818797222654135	0.640789598422581	0.812583983120236
Clostridium sp. CT4	0.694251889884584	0.792769672604004	0.55202335632102	-0.0199109985424292	0.0430568092136691	0.822720931190329	0.912188697696804	0.74966015370912
Clostridium estertheticum	0.697382843170909	0.488235622418906	0.450107092848713	0.0839042794919226	0.0880838219442715	0.824889407780515	0.709957304159602	0.67783348424248
Clostridium thermarum	0.700300970026134	0.993055975916711	0.456042973403003	0.000952681542805454	0.0785983815984052	0.826798538168658	0.998074911117941	0.681419239444515
Pantoea sp. SO10	0.70354736040492	0.899927292245486	0.431584985980986	0.00589643758822136	0.0356152185594337	0.82831688060232	0.971982799461053	0.670316178321201
Arachidicoccus sp. B3-10	0.704199997862225	0.413731502617691	0.594079412998575	-0.0249589909736084	-0.0156447756015817	0.82831688060232	0.659059730300542	0.776471893611243
Ureibacillus thermosphaericus	0.708895294719442	0.558256415228863	0.810775010587494	-0.0297257476607191	0.0116600282747415	0.832295586763196	0.762139124063263	0.913021947979523
Ralstonia pickettii	0.71247313553999	0.546806391410502	0.438486623246046	-0.0527621092783196	-0.0652247866172447	0.834950033146679	0.753641852509257	0.670316178321201
Labrys sp. KNU-23	0.714639494482758	0.542262503857392	0.442956519419652	0.0218229066641198	0.0264863624825079	0.83496275903892	0.750642854684687	0.67185271127287
Treponema succinifaciens	0.715117946621662	0.438340944593602	0.555925810046779	-0.0861803456798616	-0.0627367321030601	0.83496275903892	0.679566291270513	0.74966015370912
Meiothermus silvanus	0.717698112851727	0.430961537722023	0.840966258861303	-0.0598571259163685	-0.0145893500441252	0.836434932992638	0.678143406848765	0.926640198752368
Bifidobacterium angulatum	0.728211742612419	0.465658484899742	0.942826925133968	-0.0612433914091372	-0.00578370077087807	0.845985431734203	0.702922570062944	0.975126053074935
Caldanaerobacter subterraneus	0.731056647291504	0.84917903463344	0.558063479184283	0.00820181562649354	-0.0242972238572707	0.845985431734203	0.944871947801213	0.74966015370912
Chloroherpeton thalassium	0.7312212478319	0.478957405381727	0.976119430379681	-0.0268136269558666	-0.00108824845359753	0.845985431734203	0.706070418805767	0.992962928823429
Candidatus Amoebophilus asiaticus	0.731230310079406	0.637484996416434	0.436279790422776	0.0205737152079332	0.0325754136284139	0.845985431734203	0.821474568552884	0.670316178321201
Enterocloster clostridioformis	0.735525050020641	0.67213116829464	0.43703131486606	0.0530576187035501	0.0931099508058732	0.84940415612584	0.851919818085513	0.670316178321201
Faecalitalea cylindroides	0.739110496455298	0.467899691316978	0.9183434698081	-0.14270657861971	-0.0192409568292263	0.851442341009487	0.702958304016503	0.963956556056846
Alistipes sp. dk3624	0.739975914662819	0.719474078190989	0.439828911958391	0.0602633228675505	0.123785157223685	0.851442341009487	0.871285312095523	0.670316178321201
Pectinatus frisingensis	0.745271569177935	0.520726358044461	0.950992764965362	0.0218833007439004	-0.00200926639628025	0.855982200831178	0.741888788764468	0.978781514590974
Ruminococcus bicirculans	0.754470420428308	0.964482931635851	0.496354606315676	0.0115064476512008	0.16844236234499	0.864980554342762	0.995886786875259	0.713975238376304
Clostridium cellulovorans	0.756151458611982	0.953750217364664	0.495411952697767	-0.00480734478125276	-0.0544208314985603	0.865343004981943	0.995621268007985	0.713975238376304
Desulfomicrobium orale	0.758536851490399	0.921188389580017	0.548270913232525	-0.00584819661012342	0.0341755358574995	0.866508763684527	0.975443746246197	0.747534965568647
Oligella urethralis	0.764544442639391	0.852471221044627	0.47775462640295	-0.021331023034739	-0.0782341649402316	0.869573001840961	0.944871947801213	0.698016375616189
Candidatus Desulfofervidus auxilii	0.764955179428471	0.945689976380677	0.501607110284968	0.00263502979459067	0.0250269428907662	0.869573001840961	0.992661332823426	0.714649231282403
Phenylobacterium sp. HYN0004	0.765333966919962	0.957422751380734	0.537994223598566	-0.00199286279023806	0.0221010021380112	0.869573001840961	0.995621268007985	0.739460036387049
Parabacteroides sp. CT06	0.766897141794748	0.487178716586288	0.611385663195634	-0.0786784342217026	-0.0547687268845405	0.869790318243059	0.709957304159602	0.787747993603786
Collinsella aerofaciens	0.769743554012594	0.948304150189414	0.506411636480576	0.0107180803529374	0.105200867769644	0.870890037382694	0.993760051603453	0.716662896269386
Galbibacter sp. BG1	0.773005261032231	0.965710077048695	0.516043966838622	-0.00155042456293681	-0.0225231721583933	0.870890037382694	0.995886786875259	0.725175829832456
Mucinivorans hirudinis	0.773106916238749	0.74832460190917	0.680991752767329	-0.0431292722161839	0.05323738546759	0.870890037382694	0.88419565492517	0.83578357222055
Enterococcus faecalis	0.773361342344569	0.691649887808647	0.477821935358716	0.0339269120652336	0.0579801311153394	0.870890037382694	0.864666224256915	0.698016375616189
Pectobacterium punjabense	0.778072470551421	0.595741138662878	0.508812787894658	0.0235635187117026	0.0282573549823882	0.874641748811349	0.797198048208254	0.71845725506729
Porphyromonas cangingivalis	0.783583697547602	0.952223197996627	0.559451178587709	0.00339738527451032	-0.0317724724070944	0.878660866842751	0.995621268007985	0.749877478276126
Clostridium isatidis	0.786265735676345	0.860873601417799	0.611320066412762	-0.0254865226715205	0.0708398744202225	0.878660866842751	0.951333399053556	0.787747993603786
Candidatus Sulcia muelleri	0.787315237344195	0.769031699053093	0.681120003653444	0.0111845921344857	-0.0150605370481432	0.878660866842751	0.893544466564624	0.83578357222055
Mycobacterium tuberculosis	0.788757471249061	0.683183712934572	0.767367304041972	-0.0417829758287985	0.029018250099723	0.878660866842751	0.859401734128013	0.881360273120671
Neisseria gonorrhoeae	0.789156066922457	0.717327521387877	0.729802534542317	-0.0294218446325823	0.0268501318059316	0.878660866842751	0.871285312095523	0.852166249069123
Phocaeicola vulgatus	0.789963239905944	0.623854908343241	0.515565887771234	0.115528833682825	0.146254355857972	0.878660866842751	0.810500024363965	0.725175829832456
Adlercreutzia sp. 8CFCBH1	0.793636489615234	0.519580082915725	0.907299945584261	0.0288514854228925	0.00497160860090154	0.881200585667353	0.741888788764468	0.958713609167369
Paenibacillus sp. DCT19	0.795379101597817	0.688120829820787	0.505518877920421	-0.0383316273150356	-0.0607916092938833	0.881591521701077	0.862334107673275	0.716662896269386
Staphylococcus haemolyticus	0.798019011198393	0.556023642506167	0.997358065780798	-0.0193066389442479	0.000103973989918403	0.882973914659304	0.761380106585118	0.997767252982923
Bacteroides sp. HF-5141	0.808985389179169	0.754249864600868	0.517002326631341	0.0574473415905997	0.113358235420343	0.892350875270529	0.887188152424769	0.725175829832456
Bacteroides zoogleoformans	0.810679516077164	0.52055838216667	0.727131524249452	0.0730455914300591	0.037762392287241	0.892350875270529	0.741888788764468	0.852166249069123
Acinetobacter pittii	0.810716252611711	0.519503423907931	0.739543481076713	0.0155399433960327	0.0077136829500461	0.892350875270529	0.741888788764468	0.85873730220263
Clostridium kluyveri	0.813576859750296	0.839525574010286	0.528593403955726	-0.00592841920611726	-0.0177729059173349	0.893614186797128	0.941443938168826	0.734930302868268
Limnochorda pilosa	0.815793235169137	0.623406479602309	0.896293759562092	-0.0348229174569618	0.00877985339340329	0.893614186797128	0.810500024363965	0.951842954040815
Ezakiella massiliensis	0.816092451349427	0.980721516759413	0.567862502456249	0.000940941817175488	0.0213601169730807	0.893614186797128	0.998037627007171	0.755168904748294
Lawsonia intracellularis	0.818217178526325	0.761223683877595	0.73119627680379	0.0151268065557396	-0.0164703339948431	0.894396019285672	0.888795240475866	0.852166249069123
Tessaracoccus timonensis	0.820499224809296	0.659085942030133	0.853698646892878	-0.0202450229127287	0.00812493640894513	0.895346830514792	0.839077283628724	0.931569963834792
Haliscomenobacter hydrossis	0.824540474214755	0.878481164038495	0.645589410151868	-0.00499067072819737	0.0143123070165244	0.897321278049893	0.958851948878301	0.812583983120236
Helicobacter cinaedi	0.825139282496984	0.538805162524532	0.735642955274403	-0.0339007874341553	-0.0177941198382062	0.897321278049893	0.750544470505602	0.855775474576094
Acidaminococcus intestini	0.828581934899519	0.69331157813291	0.817289049249078	0.0793678675760895	-0.0441857196832444	0.899522169051875	0.864666224256915	0.917099570307815
Lachnospira eligens	0.831229895035838	0.550604828807289	0.84956372538509	-0.0916332723583249	-0.0277432077092679	0.900854279406361	0.757230935930198	0.92866103774853
Faecalibaculum rodentium	0.837145319021609	0.831372591192006	0.698267842673733	-0.0115965272401637	0.0203415749229323	0.905716949248635	0.937882958746853	0.843778138674218
Streptomyces sp. SAT1	0.839063475374978	0.82557349691477	0.704620001234214	-0.0176359095439177	0.0291445373360069	0.906245729791714	0.93300106424949	0.844478413577489
Megamonas funiformis	0.846102026010206	0.582821801404473	0.916986048982952	-0.0873077140663977	-0.0157889562494138	0.912293681106242	0.786189408703056	0.963956556056846
Desulfotomaculum ferrireducens	0.849570413653845	0.61902323192789	0.994137098505308	-0.0172108450973586	0.000244663571940543	0.914291752703824	0.810500024363965	0.997767252982923
Leptotrichia trevisanii	0.851579929838256	0.991927043936025	0.614140989319134	0.00148918990344543	0.0708165261425431	0.914291752703824	0.998074911117941	0.78818904297233
Pelobacter sp. SFB93	0.854294868306184	0.631948588094384	0.976292186970272	0.026162895573612	-0.00155219326432671	0.914291752703824	0.815998787885621	0.992962928823429
Cloacibacterium normanense	0.856011202329635	0.975424935617734	0.634703129232023	-0.00135953589377402	0.0201047052600123	0.914291752703824	0.995886786875259	0.806416400667541
Brevibacterium sp. Marine	0.856337676386575	0.840468878554504	0.717384732792353	0.00783656065831257	-0.0135089740672801	0.914291752703824	0.941443938168826	0.851726443053093
Olsenella uli	0.856607730451217	0.910925841418426	0.595213470496947	0.0138596992989992	0.0631987763339177	0.914291752703824	0.975443746246197	0.776471893611243
Olsenella sp. GAM18	0.862797516996015	0.873674862108614	0.702704822113544	-0.0254797837905143	0.0587072082101165	0.919159464208337	0.956666429321004	0.843778138674218
Stackebrandtia nassauensis	0.864067887489225	0.970938402791231	0.624029957066621	0.00187407349910863	0.0243094535893515	0.919159464208337	0.995886786875259	0.797651195121448
Phoenicibacter congonensis	0.866489766622368	0.713512835982877	0.867074957372846	-0.0276661109776435	0.0121252255666894	0.919727427388717	0.871285312095523	0.941310827010932
Lactococcus lactis	0.868417215703467	0.850584211298293	0.729095878115686	-0.0269196204235375	0.0476829391802289	0.919727427388717	0.944871947801213	0.852166249069123
Ligilactobacillus salivarius	0.868953831239497	0.598527241241528	0.825790087774637	0.026348827209546	0.0105965534084888	0.919727427388717	0.797198048208254	0.920857859881059
Methylomusa anaerophila	0.876799119785646	0.863970036055333	0.730735880426455	0.00537795728336919	-0.0103634008894361	0.924861383372225	0.951333399053556	0.852166249069123
Bacillus velezensis	0.878017211349264	0.851077339173464	0.741470253503803	-0.0273759133400811	0.0459511172601547	0.924861383372225	0.944871947801213	0.859400622891063
Flammeovirga pectinis	0.878180682634195	0.884997265507756	0.618706446586615	-0.0341168275924246	-0.112075157391281	0.924861383372225	0.960767579335475	0.79244421643619
Candidatus Desulfovibrio trichonymphae	0.880515269595381	0.739203168485326	0.858249634432872	-0.0475938186528654	0.0243100411715741	0.925269760112932	0.879793222582782	0.933328075866966
endosymbiont of Pachyrhynchus infernalis	0.881487279350491	0.631092769725263	0.727825016132411	0.0155543603545188	0.0107720087046113	0.925269760112932	0.815998787885621	0.852166249069123
Rippkaea orientalis	0.884421012962547	0.621908851686457	0.806077491990122	-0.0138227566493648	-0.00661483491822603	0.92681474746819	0.810500024363965	0.910968146028052
Flavobacterium alkalisoli	0.888739959643368	0.716727927979081	0.911676563396902	0.0168140375019548	-0.00493560094932856	0.929803852168144	0.871285312095523	0.961735343084252
Blautia argi	0.896672071833228	0.6557531693229	0.743421423783278	-0.0433629328151173	-0.0306260676925138	0.934195167753041	0.837823609799173	0.860089749413501
Anaerolinea thermophila	0.89670458871667	0.645493123242525	0.877197954540303	0.070249187623598	0.022427112647446	0.934195167753041	0.829088387843363	0.949050346721078
Slackia heliotrinireducens	0.898138494970928	0.673204777383032	0.716769561112294	0.0512811448405981	0.0421400827480092	0.934195167753041	0.851919818085513	0.851726443053093
Bacteroides ovatus	0.898831312822326	0.681584349249472	0.707433198863851	0.0587687284508412	0.0513516033174025	0.934195167753041	0.859094388517227	0.844656587720681
Staphylococcus argenteus	0.903864527637421	0.678741064804296	0.730920003652213	-0.0293714870441851	-0.0233157231025734	0.937888887924918	0.857214810928135	0.852166249069123
Staphylococcus cohnii	0.911320948348193	0.96915559843677	0.720301682009228	-0.00297032855201359	0.0265045733967289	0.943488856206417	0.995886786875259	0.852166249069123
Sphaerotilus natans	0.912237648035542	0.748338124503004	0.690099649532474	-0.0142972354742614	-0.0169879004211973	0.943488856206417	0.88419565492517	0.839775773135486
Alkaliphilus metalliredigens	0.92007520223746	0.760588722487232	0.925045129419457	-0.0242594588685515	0.00718008773084922	0.95004507853184	0.888795240475866	0.966192112111921
Persephonella marina	0.922013679741273	0.923132882882837	0.69757282858252	-0.0112177679889066	-0.0435386361844284	0.950304887580205	0.975443746246197	0.843778138674218
Tropheryma whipplei	0.924570329802172	0.695782704990811	0.82014967736717	0.0172037906193252	0.00955841165822474	0.950304887580205	0.864666224256915	0.918683560867112
Neisseria meningitidis	0.924823526241304	0.738894867177527	0.977301052974479	-0.02236904264145	0.00182791299463192	0.950304887580205	0.879793222582782	0.992962928823429
Thermanaeromonas toyohensis	0.933188052054861	0.81483797737302	0.885236046077719	-0.0131641868777392	0.00774667990344839	0.9573482605223	0.925979638208054	0.951842954040815
Aminomonas paucivorans	0.93533463907908	0.917592458082693	0.796065703657023	-0.00447387369436252	0.010764974332136	0.958000260381481	0.975443746246197	0.903668790899678
Muribaculum sp. TLL-A4	0.942661772426394	0.74891650898236	0.965870256182418	-0.0663905666971299	-0.00847429561841617	0.963947683416667	0.88419565492517	0.987680229709117
Ralstonia solanacearum	0.944191819372344	0.760238188060971	0.986384423434156	0.0162725647041013	0.000873639615039501	0.963957509632957	0.888795240475866	0.997767252982923
Syntrophobotulus glycolicus	0.95685549568813	0.863071806355149	0.895639471598249	-0.0212154548684085	0.0154538439822016	0.974114239013261	0.951333399053556	0.951842954040815
Defluviitoga tunisiensis	0.958073362210488	0.99650066046949	0.798193253791514	-0.000115689873742113	0.00643689230874306	0.974114239013261	0.998074911117941	0.903668790899678
Erysipelothrix piscisicarius	0.958749661110844	0.917109342971094	0.774368709444879	0.00571128825821439	0.0151550767851279	0.974114239013261	0.975443746246197	0.887793420954888
Geoalkalibacter subterraneus	0.962242151704892	0.833659765631636	0.797005869933794	-0.0120072632604496	-0.0141287879526341	0.976098438689442	0.938792702327633	0.903668790899678
Denitrobacterium detoxificans	0.965223138268732	0.818282655810283	0.992117728303997	-0.0192536948995106	0.000788374360192995	0.97628262656981	0.926412863899499	0.997767252982923
Bacteroides coprosuis	0.965503480850585	0.806558431340405	0.840608824464659	-0.0321220738606125	-0.0252037551408085	0.97628262656981	0.923028962941908	0.926640198752368
Hippea maritima	0.970595638070103	0.813698946432377	0.95357752730111	0.012590217020502	0.0029872883470128	0.979012330730145	0.925979638208054	0.979535323646499
Lachnoclostridium phocaeense	0.971291413295365	0.896923437804469	0.810672564064388	-0.00271475852612846	-0.00483554314588955	0.979012330730145	0.970391569228726	0.913021947979523
Cellulosilyticum sp. WCF-2	0.979109217337127	0.843055580664885	0.890052721231015	0.0174210521292585	0.0116456208800299	0.984048756852559	0.942675905011529	0.951842954040815
Vibrio sp. THAF191d	0.979392374722342	0.83904139846266	0.924816731393983	-0.0065629452231859	-0.00293602571326709	0.984048756852559	0.941443938168826	0.966192112111921
Clostridium septicum	0.987988426836235	0.893663390092937	0.895159179097673	0.0054605136679896	0.00516974823938908	0.990305508808453	0.968517246699012	0.951842954040815
Anaerococcus prevotii	0.988743512737777	0.919699982373541	0.884470598571048	0.00353204201766738	0.00490308509470703	0.990305508808453	0.975443746246197	0.951842954040815
Idiomarina sp. X4	0.997898731527851	0.970235707126851	0.948948840158994	0.00138050811597507	0.00226617657100924	0.997898731527851	0.995886786875259	0.978265958798053
