SAMPLE_ID	Acaryochloridaceae	Acetobacteraceae	Acholeplasmataceae	Acidaminococcaceae	Acidiferrobacteraceae	Acidimicrobiaceae	Acidithiobacillaceae	Acidobacteriaceae	Acidothermaceae	Actinomycetaceae	Actinopolysporaceae	Aerococcaceae	Aeromonadaceae	Akkermansiaceae	Alcaligenaceae	Alcanivoracaceae	Alicyclobacillaceae	Alteromonadaceae	Amoebophilaceae	Anaerohalosphaeraceae	Anaerolineaceae	Anaeromyxobacteraceae	Anaplasmataceae	Aphanizomenonaceae	Aphanothecaceae	Aquificaceae	Archangiaceae	Ardenticatenaceae	Atopobiaceae	Aurantimonadaceae	Azonexaceae	Bacillaceae	Bacteriovoracaceae	Bacteroidaceae	Baekduiaceae	Barnesiellaceae	Bartonellaceae	Bdellovibrionaceae	Beijerinckiaceae	Bernardetiaceae	Beutenbergiaceae	Bifidobacteriaceae	Blattabacteriaceae	Borreliaceae	Brachyspiraceae	Bradymonadaceae	Bradyrhizobiaceae	Brevibacteriaceae	Brucellaceae	Bryobacteraceae	Burkholderiaceae	Caedimonadaceae	Caldilineaceae	Caldisericaceae	Calditrichaceae	Calotrichaceae	Campylobacteraceae	Candidatus Babeliaceae	Candidatus Brocadiaceae	Candidatus Chazhemtobacteraceae	Candidatus Desulfofervidaceae	Candidatus Methanomethylophilaceae	Candidatus Midichloriaceae	Candidatus Nanopelagicaceae	Candidatus Nanosynbacteraceae	Candidatus Paracaedibacteraceae	Cardiobacteriaceae	Carnobacteriaceae	Casimicrobiaceae	Catenulisporaceae	Caulobacteraceae	Cellulomonadaceae	Cellvibrionaceae	Chamaesiphonaceae	Chelatococcaceae	Chitinophagaceae	Chlamydiaceae	Chlorobiaceae	Chloroflexaceae	Christensenellaceae	Chromatiaceae	Chromobacteriaceae	Chroococcaceae	Chroococcidiopsidaceae	Chrysiogenaceae	Chthonomonadaceae	Clostridiaceae	Clostridiales Family XIII. Incertae Sedis	Clostridiales Family XVI. Incertae Sedis	Clostridiales Family XVII. Incertae Sedis	Cohaesibacteraceae	Coleofasciculaceae	Colwelliaceae	Comamonadaceae	Conexibacteraceae	Coprothermobacteraceae	Coriobacteriaceae	Corynebacteriaceae	Coxiellaceae	Crocinitomicaceae	Cyanobacteriaceae	Cyanothecaceae	Cyclobacteriaceae	Cytophagaceae	Deferribacteraceae	Dehalococcoidaceae	Deinococcaceae	Dermabacteraceae	Dermacoccaceae	Dermatophilaceae	Desulfarculaceae	Desulfobacteraceae	Desulfobulbaceae	Desulfohalobiaceae	Desulfomicrobiaceae	Desulfovibrionaceae	Desulfurellaceae	Desulfurobacteriaceae	Desulfuromonadaceae	Dictyoglomaceae	Dietziaceae	Dysgonomonadaceae	Ectothiorhodospiraceae	Eggerthellaceae	Egibacteraceae	Egicoccaceae	Elusimicrobiaceae	Emcibacteraceae	Endomicrobiaceae	Endozoicomonadaceae	Enterobacteriaceae	Enterococcaceae	Entomoplasmataceae	Erwiniaceae	Erysipelotrichaceae	Erythrobacteraceae	Eubacteriaceae	Euzebyaceae	Ferrimonadaceae	Fervidobacteriaceae	Fibrobacteraceae	Fimbriimonadaceae	Flammeovirgaceae	Flavobacteriaceae	Francisellaceae	Frankiaceae	Fulvivirgaceae	Fusobacteriaceae	Gallionellaceae	Gemmataceae	Gemmatimonadaceae	Geobacteraceae	Geodermatophilaceae	Gloeobacteraceae	Glycomycetaceae	Gordoniaceae	Gottschalkiaceae	Granulosicoccaceae	Hafniaceae	Hahellaceae	Halanaerobiaceae	Halieaceae	Haliscomenobacteraceae	Halobacteriovoraceae	Halobacteroidaceae	Halomonadaceae	Halothiobacillaceae	Helicobacteraceae	Heliobacteriaceae	Holosporaceae	Hungateiclostridiaceae	Hydrogenophilaceae	Hydrogenothermaceae	Hyellaceae	Hymenobacteraceae	Hyphomicrobiaceae	Hyphomonadaceae	Iamiaceae	Ichthyobacteriaceae	Idiomarinaceae	Ignavibacteriaceae	Ilumatobacteraceae	Immundisolibacteraceae	Intrasporangiaceae	Isosphaeraceae	Jiangellaceae	Kangiellaceae	Kineosporiaceae	Kiritimatiellaceae	Kofleriaceae	Kordiimonadaceae	Kosmotogaceae	Ktedonosporobacteraceae	Labilitrichaceae	Lachnospiraceae	Lacipirellulaceae	Lactobacillaceae	Legionellaceae	Leptolyngbyaceae	Leptospiraceae	Leptotrichiaceae	Leuconostocaceae	Lichenihabitantaceae	Limnochordaceae	Listeriaceae	Litoricolaceae	Magnetococcaceae	Marinifilaceae	Marinilabiliaceae	Mariprofundaceae	Marivirgaceae	Melioribacteraceae	Methanobacteriaceae	Methanocellaceae	Methanocorpusculaceae	Methanomassiliicoccaceae	Methanomicrobiaceae	Methanoregulaceae	Methanosarcinaceae	Methanospirillaceae	Methanothermaceae	Methanotrichaceae	Methylacidiphilaceae	Methylobacteriaceae	Methylococcaceae	Methylocystaceae	Methylophilaceae	Microbacteriaceae	Microbulbiferaceae	Micrococcaceae	Microcoleaceae	Microcystaceae	Micromonosporaceae	Moraxellaceae	Morganellaceae	Moritellaceae	Muribaculaceae	Mycobacteriaceae	Mycoplasmataceae	Myxococcaceae	Nakamurellaceae	Natranaerobiaceae	Nautiliaceae	Neisseriaceae	Nitrosomonadaceae	Nitrosopumilaceae	Nitrososphaeraceae	Nitrospiraceae	Nocardiaceae	Nocardioidaceae	Nocardiopsaceae	Nostocaceae	Oceanospirillaceae	Odoribacteraceae	Oleiphilaceae	Opitutaceae	Orbaceae	Oscillatoriaceae	Oscillospiraceae	Oxalobacteraceae	Paenibacillaceae	Paludibacteraceae	Parachlamydiaceae	Parvularculaceae	Pasteurellaceae	Pectobacteriaceae	Pelagibacteraceae	Peptococcaceae	Peptoniphilaceae	Peptostreptococcaceae	Petrotogaceae	Phycisphaeraceae	Phyllobacteriaceae	Pirellulaceae	Piscirickettsiaceae	Planctomycetaceae	Planococcaceae	Polyangiaceae	Porphyromonadaceae	Prevotellaceae	Prochlorotrichaceae	Prolixibacteraceae	Promicromonosporaceae	Propionibacteriaceae	Pseudanabaenaceae	Pseudoalteromonadaceae	Pseudomonadaceae	Pseudonocardiaceae	Psychromonadaceae	Puniceicoccaceae	Rhizobiaceae	Rhodanobacteraceae	Rhodobacteraceae	Rhodobiaceae	Rhodocyclaceae	Rhodospirillaceae	Rhodothermaceae	Rickettsiaceae	Rikenellaceae	Roseiflexaceae	Roseivirgaceae	Ruaniaceae	Rubrobacteraceae	Ruminococcaceae	Saccharospirillaceae	Salinivirgaceae	Sandaracinaceae	Sanguibacteraceae	Saprospiraceae	Schleiferiaceae	Scytonemataceae	Sedimentisphaeraceae	Segniliparaceae	Selenomonadaceae	Shewanellaceae	Silvanigrellaceae	Simkaniaceae	Sinobacteraceae	Solibacteraceae	Sphaerobacteraceae	Sphingobacteriaceae	Sphingomonadaceae	Spirochaetaceae	Spiroplasmataceae	Spongiibacteraceae	Sporichthyaceae	Sporolactobacillaceae	Sporomusaceae	Staphylococcaceae	Steroidobacteraceae	Sterolibacteriaceae	Streptococcaceae	Streptomycetaceae	Streptosporangiaceae	Succinivibrionaceae	Sulfolobaceae	Sulfuricellaceae	Sulfurovaceae	Sutterellaceae	Symbiobacteriaceae	Synechococcaceae	Synergistaceae	Syntrophaceae	Syntrophobacteraceae	Syntrophomonadaceae	Tannerellaceae	Tenuifilaceae	Tepidanaerobacteraceae	Tepidiformaceae	Thermaceae	Thermoactinomycetaceae	Thermoanaerobacteraceae	Thermoanaerobacterales Family III. Incertae Sedis	Thermoanaerobacterales Family IV. Incertae Sedis	Thermococcaceae	Thermodesulfobacteriaceae	Thermodesulfobiaceae	Thermofilaceae	Thermoguttaceae	Thermomicrobiaceae	Thermomonosporaceae	Thermosediminibacteraceae	Thermotogaceae	Thioalkalibacteraceae	Thioalkalispiraceae	Thiobacillaceae	Thiotrichaceae	Thiovulaceae	Tissierellaceae	Trueperaceae	Tsukamurellaceae	Vallitaleaceae	Veillonellaceae	Verrucomicrobiaceae	Vibrionaceae	Vicinamibacteraceae	Vulgatibacteraceae	Waddliaceae	Weeksellaceae	Wenzhouxiangellaceae	Woeseiaceae	Xanthobacteraceae	Xanthomonadaceae	Yersiniaceae	Zoogloeaceae
SRR39238458	0.26597613674329196	0.934711828908187	2.875315255226837	2.458525840641665	0.0	0.0	0.26597613674329196	0.0	0.0	1.3768082608431649	0.0	1.0468449766932337	0.42972452416944223	2.2282409204461793	1.8086737481404103	0.0	1.551955678323324	0.7180505704406805	0.42972452416944223	0.0	1.3448410960756008	0.0	0.5483577362963621	0.0	0.0	0.0	0.0	0.0	1.4207381160618286	0.0	0.0	2.4442506562753934	0.0	3.185014713075804	0.0	1.3448410960756008	0.0	0.0	0.5483577362963621	0.0	0.0	1.8867290362420515	0.42972452416944223	0.42972452416944223	0.0	0.0	0.0	0.0	0.0	0.26597613674329196	3.876211492092372	0.0	1.2728436215407721	0.0	0.0	0.0	3.068319854812327	0.0	0.0	0.42972452416944223	0.26597613674329196	0.0	0.0	1.7342362789028338	0.8898232346019592	0.0	0.0	0.42972452416944223	0.0	0.0	1.7912260151360275	0.0	0.42972452416944223	0.0	0.26597613674329196	0.6414400174742303	0.0	0.0	0.26597613674329196	2.2596216014793145	0.26597613674329196	0.0	0.0	0.0	0.26597613674329196	0.0	2.656935235549002	1.676421723817295	0.0	0.0	0.0	0.0	0.0	3.0565615532142383	0.0	0.0	0.8898232346019592	1.5415363333182102	1.4853237305204252	0.0	0.0	0.0	2.1990802137205026	0.934711828908187	0.0	2.5830866680886926	0.0	0.0	0.0	0.0	0.0	0.934711828908187	0.7831517896040103	0.0	0.0	2.2735244348512262	0.26597613674329196	0.0	0.26597613674329196	0.0	0.0	3.303787750468108	0.0	1.7604921528393511	0.0	0.0	0.0	0.0	0.26597613674329196	0.0	2.3695799850391155	1.2318101340859402	0.0	1.0468449766932337	3.2119609026649787	0.0	1.3611187384391243	0.0	0.0	0.0	0.0	0.5483577362963621	2.5301556482967125	1.3611187384391243	0.42972452416944223	2.3000621790877327	0.0	1.3768082608431649	0.8898232346019592	0.26597613674329196	0.0	0.0	0.0	0.0	0.0	0.0	0.0	0.0	0.0	0.0	0.42972452416944223	0.0	0.0	0.0	1.5199163349269973	1.872200118484141	0.0	2.328529286771329	0.42972452416944223	0.42972452416944223	2.8669221962030482	0.0	0.0	0.26597613674329196	0.42972452416944223	0.26597613674329196	0.0	0.0	0.0	0.0	0.0	0.0	0.0	0.26597613674329196	0.0	0.0	0.0	0.0	0.0	0.0	0.0	1.3103326239026918	0.6414400174742303	0.0	3.899440358024916	0.0	2.668108778193197	0.26597613674329196	0.26597613674329196	0.0	0.26597613674329196	0.5483577362963621	0.0	0.0	0.5483577362963621	0.0	0.0	0.0	0.0	0.0	0.0	0.26597613674329196	0.0	0.0	0.0	0.0	0.0	0.0	0.0	0.0	0.0	0.26597613674329196	0.0	1.012586462339696	0.0	0.26597613674329196	0.0	0.26597613674329196	0.0	1.1358863856500154	0.42972452416944223	0.0	0.0	2.2831894148036	1.8308978214703018	0.0	3.3741540963569436	0.8397543935289913	0.8898232346019592	0.0	0.6414400174742303	0.0	0.0	1.3279295196244987	2.494054873059753	0.0	0.0	0.0	0.0	0.8397543935289913	0.0	0.0	0.934711828908187	2.6941046396970045	0.0	0.0	0.26597613674329196	0.0	2.8796938319750596	1.3279295196244987	1.1864912598725634	0.0	0.26597613674329196	0.0	2.4226114745874194	0.5483577362963621	0.0	1.8415974382307772	4.205524608037854	2.7860610689584266	0.6414400174742303	0.0	0.26597613674329196	0.0	0.0	0.26597613674329196	0.26597613674329196	0.0	3.344148606590009	3.9410886997845203	0.0	0.0	0.26597613674329196	1.012586462339696	0.0	0.0	3.307960754007642	0.0	0.0	0.0	0.8898232346019592	0.0	1.9956791879546611	0.0	0.0	0.0	0.0	1.2528113190299894	3.191909615313392	0.0	0.0	0.0	0.6414400174742303	3.5626162037731715	0.0	0.0	0.0	0.0	0.0	0.0	0.0	0.0	0.0	2.6446357170773016	0.0	0.0	0.0	0.0	0.0	0.0	0.6414400174742303	2.1034349013550293	0.9753923036412159	0.5483577362963621	0.0	0.0	0.0	0.0	1.4731522150888658	0.0	2.8568357517527447	2.3788805540992928	2.3864817191783687	0.0	0.0	0.0	0.26597613674329196	0.0	1.8362805795276629	0.0	0.5483577362963621	0.8898232346019592	0.0	0.7831517896040103	0.42972452416944223	2.5022123319388467	0.26597613674329196	0.0	0.42972452416944223	0.0	0.934711828908187	0.0	0.0	0.0	0.0	0.0	0.5483577362963621	0.0	0.0	0.8397543935289913	0.0	0.0	0.0	0.0	0.0	0.0	0.0	0.26597613674329196	0.42972452416944223	0.0	0.0	2.031243479753232	3.476206179974132	0.0	2.5344643364028587	1.9053744377924566	0.0	0.0	1.0468449766932337	1.600603163586483	0.0	0.42972452416944223	3.536959703499553	2.0208766076632894	0.0
SRR39238459	0.0	0.9597356380425738	2.0231492913112405	2.3640828649002414	0.0	0.0	0.4812476011113035	0.0	0.0	0.7833030864828526	0.0	0.4812476011113035	0.30412842515005445	1.8573468949777896	2.4342868257872206	0.0	1.4209123778489614	0.7833030864828526	0.0	0.0	1.3676360894702577	0.0	0.0	0.0	0.0	0.0	0.0	0.0	0.9597356380425738	0.0	0.0	1.7303350808551938	0.0	3.14855995883588	0.0	1.4373115326245884	0.0	0.0	0.0	0.0	0.0	1.403869600678228	0.4812476011113035	0.30412842515005445	0.0	0.0	0.30412842515005445	0.0	0.0	0.0	3.0455834298975217	0.0	1.4683614351155618	0.0	0.0	0.30412842515005445	1.5374734596629624	0.0	0.0	0.30412842515005445	0.0	0.0	0.0	1.3483188096296266	0.850396177172315	0.0	0.0	0.0	0.0	0.0	1.4830917426897932	0.0	0.0	0.0	0.30412842515005445	0.7833030864828526	0.0	0.0	0.4812476011113035	1.9251791260273126	0.0	0.0	0.0	0.0	0.0	0.0	3.0565492065928415	1.2362630216355672	0.0	0.0	0.0	0.0	0.0	2.6612997799997995	0.9084978176102421	0.4812476011113035	0.0	1.084844920378146	0.9597356380425738	0.0	0.0	0.0	2.136463259726457	2.106496791966327	0.0	2.275654889467495	0.4812476011113035	0.0	0.0	0.0	0.0	0.0	0.4812476011113035	0.0	0.0	2.9671143976091705	0.0	0.0	0.0	0.0	0.0	2.700767722500014	0.0	1.4209123778489614	0.0	0.0	0.0	0.0	0.4812476011113035	0.0	3.2612026652502837	1.306898236502679	0.0	0.0	2.624208232483144	0.0	1.3861306091250603	0.0	0.0	0.0	0.0	1.453113914053021	2.328365007515259	0.7833030864828526	0.0	2.182225292382176	0.0	1.7464261085174562	0.0	0.0	0.0	0.0	0.0	0.0	0.30412842515005445	0.0	0.0	0.0	0.0	0.0	0.0	0.0	0.0	0.0	1.2099115223454875	0.0	0.0	2.1267023901363475	1.3861306091250603	0.0	2.575532293147837	0.0	0.0	0.0	0.0	0.6066993852565149	0.0	0.0	0.0	0.30412842515005445	0.0	0.0	0.0	0.0	0.0	0.0	0.0	0.0	0.0	0.0	0.0	1.084844920378146	0.0	0.0	4.060595893596182	0.0	2.6919040067736946	0.0	0.0	0.0	0.0	0.0	0.0	0.0	0.6066993852565149	0.0	0.0	0.0	0.0	0.0	0.0	0.0	0.0	0.0	0.0	0.0	0.0	0.0	0.0	0.0	0.0	0.6066993852565149	0.0	0.4812476011113035	0.0	0.0	0.0	0.30412842515005445	0.0	0.7833030864828526	0.0	0.0	0.0	1.084844920378146	2.1964670501606434	0.0	3.5589630432863575	0.7039169361194804	1.2099115223454875	0.0	0.7039169361194804	0.0	0.0	0.9597356380425738	2.3006100121509503	0.0	0.0	0.0	0.0	0.0	0.0	0.0	0.0	2.9540916175108927	0.0	0.0	0.0	0.0	2.4486325441796333	1.0055613549310842	0.9084978176102421	0.7039169361194804	0.0	0.0	3.5161815282897533	0.6066993852565149	0.0	1.4209123778489614	3.1428910018352747	2.328365007515259	0.6066993852565149	0.0	0.0	0.0	0.0	0.30412842515005445	0.0	0.0	2.9929403234201395	4.42786084966964	0.0	0.0	1.4683614351155618	0.30412842515005445	0.0	0.0	2.6456473366560656	0.30412842515005445	0.0	0.0	0.7039169361194804	0.0	1.3676360894702577	0.0	0.30412842515005445	0.30412842515005445	0.0	0.7039169361194804	2.9866263888639697	0.0	0.0	0.0	0.4812476011113035	3.959498923745209	0.0	0.0	0.30412842515005445	0.0	0.0	0.0	0.0	0.0	0.0	2.7748025661593267	0.0	0.0	0.0	0.30412842515005445	0.0	0.0	1.4830917426897932	1.9745919265063745	0.4812476011113035	0.0	0.30412842515005445	0.0	0.0	0.0	2.1460095650486943	0.0	0.9084978176102421	3.1922792955596315	2.942178601160168	0.0	0.0	0.0	0.6066993852565149	0.0	2.7784862598547098	0.0	0.4812476011113035	0.4812476011113035	0.30412842515005445	0.7039169361194804	0.30412842515005445	2.708593281202174	0.0	0.0	0.0	0.0	0.7833030864828526	0.0	0.30412842515005445	0.0	0.0	0.0	0.7039169361194804	0.0	0.0	0.7039169361194804	0.0	0.0	0.0	0.0	0.0	0.0	0.0	0.30412842515005445	0.30412842515005445	0.0	0.0	2.50584258963714	2.603854612817279	0.0	1.2611066582147552	1.1518647805378894	0.0	0.0	0.6066993852565149	1.0055613549310842	0.0	0.0	3.224181241621138	0.9084978176102421	0.4812476011113035
SRR39238460	0.0	1.366310683641876	1.4817524500573627	1.6674442749591312	0.0	0.48032046044033594	0.48032046044033594	1.1505776525701084	0.0	1.2597977889072887	0.0	1.7289759934758808	0.0	2.080296942717726	1.995967478058984	0.0	0.48032046044033594	1.3055817597729305	0.30343160662518376	0.0	1.4817524500573627	0.9585029013533958	0.0	0.0	0.0	0.0	0.6056574457976085	0.30343160662518376	1.3267824070507541	0.0	0.0	1.868047613339225	1.2349586277780238	3.621684289695379	0.30343160662518376	2.189450308661716	0.0	1.2086121638080236	0.7028062328793633	0.0	0.0	1.752892966907458	1.6067308968327976	0.6056574457976085	0.0	0.0	0.6056574457976085	0.48032046044033594	0.0	0.48032046044033594	1.4817524500573627	0.0	1.1183667737341727	0.48032046044033594	0.0	0.0	1.9870116226011372	0.0	0.0	0.0	0.0	0.0	0.0	0.30343160662518376	0.8492069925621301	0.30343160662518376	0.0	1.648134411406471	0.0	0.0	1.7605812882493799	0.6056574457976085	1.752892966907458	0.0	0.0	2.1382938940097307	0.0	0.0	0.7821465887420612	2.3036191518066227	0.7028062328793633	0.0	0.30343160662518376	0.0	0.0	0.0	2.6599179097593084	1.2597977889072887	0.0	0.9585029013533958	0.0	0.0	0.0	1.8797877570312505	0.48032046044033594	0.0	1.855981263457613	2.080296942717726	1.6948888650943705	1.2086121638080236	0.0	0.0	1.7370955485032686	1.8739573549206074	0.7028062328793633	2.372125489724747	0.30343160662518376	0.0	0.0	0.0	0.6056574457976085	0.6056574457976085	0.30343160662518376	0.30343160662518376	0.0	2.4760656314199543	0.0	0.0	0.0	0.0	0.48032046044033594	1.8176300770599432	0.0	1.7605812882493799	0.0	0.7028062328793633	0.0	0.0	0.30343160662518376	0.0	3.652074086103183	1.9341528928461547	0.0	0.9585029013533958	2.8827306562780746	0.0	2.5729788632485686	0.8492069925621301	0.0	0.0	0.0	1.1183667737341727	0.7821465887420612	1.7755612777586594	0.0	2.4329070329068925	2.080296942717726	4.156925075497308	0.7028062328793633	0.48032046044033594	1.4195801044777387	0.0	0.0	0.0	0.0	0.0	0.0	0.0	0.0	0.30343160662518376	0.30343160662518376	0.30343160662518376	0.7028062328793633	0.8492069925621301	1.4959980132685389	0.0	0.0	0.7821465887420612	0.0	0.0	2.817696042043884	0.0	0.30343160662518376	0.0	1.5728629706761657	1.4959980132685389	0.9072841306809712	0.48032046044033594	0.0	0.0	0.0	0.48032046044033594	0.0	0.0	0.0	0.0	0.0	0.0	0.0	1.34699610943435	0.0	0.9585029013533958	0.30343160662518376	0.48032046044033594	3.857269338803222	0.0	2.503085444908535	0.30343160662518376	0.0	0.30343160662518376	0.6056574457976085	0.30343160662518376	0.0	0.0	0.30343160662518376	0.0	0.0	0.0	0.0	0.0	0.30343160662518376	0.0	1.4195801044777387	0.0	0.0	0.0	0.0	0.0	0.0	0.0	0.0	0.0	0.0	0.8492069925621301	0.0	0.48032046044033594	1.8739573549206074	0.7028062328793633	0.0	0.7028062328793633	0.0	0.0	0.48032046044033594	1.5609601699531779	3.0744540534555793	0.0	3.0284494213242814	0.7028062328793633	1.2597977889072887	0.0	0.7028062328793633	0.0	0.30343160662518376	1.548721931656656	0.9585029013533958	0.0	0.0	0.48032046044033594	0.0	1.2597977889072887	0.0	0.0	0.7028062328793633	2.497535085632936	0.0	1.4670237156872639	1.0043133832190003	0.0	2.9347139765116577	2.163119423841425	0.7028062328793633	1.2832928219606896	0.0	0.0	2.8833055084961536	1.7207017386669585	0.0	1.676786505107651	3.6945417371875093	2.7387805115685215	0.0	0.0	1.0043133832190003	0.6056574457976085	1.0043133832190003	0.0	0.0	1.045749420090654	2.745144042368491	3.9849747525648462	0.0	0.0	0.0	0.30343160662518376	0.0	0.0	2.3974676808398803	0.7028062328793633	0.0	0.0	1.1805635774054752	0.8492069925621301	1.1183667737341727	0.0	0.48032046044033594	1.3055817597729305	0.0	0.9585029013533958	2.906242358546919	0.9072841306809712	0.0	0.0	0.30343160662518376	3.5370332592308	0.0	0.0	0.9585029013533958	0.0	0.0	0.0	0.0	0.48032046044033594	0.0	2.294800195692734	1.5844482323366427	0.0	0.0	0.7821465887420612	0.7028062328793633	0.0	1.855981263457613	1.6174576677040018	0.7028062328793633	0.9072841306809712	0.0	0.0	0.0	0.0	1.2597977889072887	0.9585029013533958	0.30343160662518376	3.5048877000695775	4.002132225533359	0.0	0.0	0.0	0.7028062328793633	0.0	1.4025394332615457	0.0	0.6056574457976085	1.1183667737341727	0.30343160662518376	0.0	0.7821465887420612	3.1735788049033187	0.30343160662518376	0.0	0.30343160662518376	0.0	1.1183667737341727	0.48032046044033594	0.30343160662518376	0.0	0.0	0.0	0.30343160662518376	0.0	0.0	1.4195801044777387	0.0	0.0	0.0	0.30343160662518376	0.0	0.7028062328793633	0.30343160662518376	0.0	0.7028062328793633	0.0	0.0	2.192279800872074	2.9690444720834255	1.5844482323366427	1.4359773093679624	1.6067308968327976	0.0	0.0	1.7755612777586594	0.0	0.0	1.0043133832190003	1.6067308968327976	1.0043133832190003	0.30343160662518376
SRR39238461	0.0	0.0	0.0	0.3403234904000335	0.0	0.0	1.2751011199712883	0.5287603817100611	0.0	1.183915872087968	0.0	0.0	0.3403234904000335	0.0	0.0	0.0	0.0	0.0	0.0	0.0	0.6597427753991378	0.0	0.3403234904000335	0.0	0.0	0.0	0.0	0.0	1.1487047383732443	0.0	0.0	0.9104296701991489	0.0	3.4159357593833657	0.5287603817100611	0.6597427753991378	0.0	0.3403234904000335	0.0	0.0	0.0	1.372883377401167	0.0	0.0	0.0	0.0	0.3403234904000335	0.3403234904000335	0.0	0.3403234904000335	0.0	0.0	1.3016867830716787	0.0	0.0	0.3403234904000335	2.2271260134223136	0.0	0.0	0.0	0.0	0.0	0.0	0.0	0.3403234904000335	0.0	0.0	0.3403234904000335	0.0	0.0	0.0	0.0	0.0	0.0	0.0	0.6597427753991378	0.0	0.0	0.7602390204824532	1.90681568784739	0.3403234904000335	0.0	0.0	0.0	0.0	0.0	1.8222763117814234	0.3403234904000335	0.0	0.0	0.0	0.0	0.0	1.5353317343346837	0.0	0.0	2.146620502231824	1.3504234978104792	0.3403234904000335	0.0	0.0	0.0	0.0	1.6297022268945407	0.0	0.3403234904000335	0.0	0.0	0.0	0.0	0.0	0.0	0.5287603817100611	0.0	0.3403234904000335	2.175146298583064	0.0	0.0	0.0	0.0	0.0	1.641653595533389	0.0	1.0218148333995494	0.0	0.3403234904000335	0.6597427753991378	0.0	0.0	0.0	4.004173333101154	1.372883377401167	0.0	1.3267384389122663	2.1121165348916873	0.0	1.7641074111060293	0.3403234904000335	0.0	0.0	0.0	0.0	0.0	0.6597427753991378	0.0	0.0	0.0	2.8619633558242428	0.0	0.0	0.3403234904000335	0.3403234904000335	0.0	0.0	0.0	0.0	0.0	0.0	0.0	0.9104296701991489	0.0	0.0	0.0	0.5287603817100611	0.5287603817100611	0.0	0.0	0.5287603817100611	0.3403234904000335	0.3403234904000335	2.780196484424533	0.0	0.0	0.0	0.0	0.3403234904000335	0.0	0.5287603817100611	0.0	0.0	0.0	0.3403234904000335	0.0	0.0	0.0	0.0	0.0	0.0	0.0	0.0	0.0	0.3403234904000335	0.0	0.0	3.986314173849855	0.0	1.859519618053124	0.0	0.0	0.0	0.3403234904000335	0.0	0.0	0.0	1.0683538435496693	0.0	0.0	0.0	0.0	0.0	0.0	0.0	0.0	0.0	0.0	0.0	0.0	0.0	0.0	0.0	0.0	0.0	0.0	0.0	0.0	0.0	0.0	0.3403234904000335	0.0	0.0	0.3403234904000335	0.0	0.0	1.4145928085126707	2.5096395309885957	0.3403234904000335	0.9696834296149384	0.3403234904000335	0.9104296701991489	0.0	0.0	0.0	0.0	0.8417947408187185	0.5287603817100611	0.0	0.3403234904000335	0.0	0.3403234904000335	0.0	0.0	0.0	1.1487047383732443	2.028798391301092	0.0	0.0	1.3267384389122663	0.0	2.716641140728238	0.0	0.0	0.6597427753991378	0.0	0.0	2.8257104912560242	1.5501349106209206	0.0	0.9696834296149384	3.649221939869319	0.6597427753991378	0.0	0.0	0.3403234904000335	0.0	0.0	0.0	0.3403234904000335	0.3403234904000335	1.470489926820108	3.820855723328535	0.0	0.0	0.0	0.5287603817100611	0.0	0.0	1.6969245710004426	0.0	0.0	0.0	0.7602390204824532	0.5287603817100611	0.0	0.3403234904000335	0.0	0.6597427753991378	0.0	0.3403234904000335	2.295016240572262	0.0	0.0	0.0	0.0	4.221758145138837	0.0	0.0	0.6597427753991378	0.0	0.0	0.0	0.0	0.0	0.0	1.2164850669675942	0.5287603817100611	0.0	0.0	0.0	0.5287603817100611	0.0	0.0	0.0	0.3403234904000335	0.0	0.0	0.0	0.0	0.0	1.110384909427659	0.3403234904000335	0.0	2.8779897528423595	4.282820380597643	0.0	0.0	0.0	0.3403234904000335	0.0	0.0	0.0	0.6597427753991378	0.0	0.0	0.0	0.8417947408187185	3.3579109829980984	0.0	0.0	0.0	0.0	1.0683538435496693	0.0	0.0	0.3403234904000335	0.0	0.3403234904000335	0.0	0.0	0.0	1.0683538435496693	0.0	0.0	0.0	0.0	0.0	0.0	0.0	0.0	0.0	0.0	0.0	1.1487047383732443	2.840129092155955	0.3403234904000335	1.4526451480086202	1.1487047383732443	0.0	0.0	0.0	0.0	0.0	0.0	0.6597427753991378	1.604765128725074	0.0
SRR39238462	0.0	0.0	0.0	2.7278556828807607	0.0	0.0	0.0	0.0	0.0	0.0	0.0	0.4247276096336031	0.0	1.9490483355880424	0.0	0.0	0.0	0.0	0.0	0.0	0.0	0.0	0.0	0.0	0.0	0.0	0.0	0.0	0.6352940576323767	0.0	0.0	1.0712879062705807	0.0	3.4764834553505937	0.0	2.577991772523979	0.0	0.0	0.0	0.0	0.0	1.489438446690508	0.0	0.0	0.2623391520360849	0.0	0.0	0.0	0.0	0.0	0.4247276096336031	0.0	0.4247276096336031	0.0	0.0	0.0	2.696407045764232	0.0	0.0	0.0	0.0	0.0	0.0	0.0	0.2623391520360849	0.0	0.0	0.2623391520360849	0.0	0.0	0.0	0.0	0.0	0.0	0.0	0.0	0.0	0.0	0.0	1.8008175928413972	0.0	0.0	0.0	0.0	0.0	0.0	2.1721825964467225	0.4247276096336031	0.0	0.0	0.0	0.0	0.0	2.3693967318243176	0.0	0.0	1.4130624564969934	0.5426493285822076	0.0	0.0	0.0	0.0	0.0	0.8329365267854467	0.0	0.0	0.0	0.0	0.0	0.0	0.0	0.0	0.0	0.0	0.0	1.7264035128415467	0.0	0.0	0.0	0.0	0.0	0.5426493285822076	0.0	0.5426493285822076	0.0	0.0	0.0	0.0	0.0	0.0	1.7652024147097405	0.2623391520360849	0.0	0.0	1.5543703298655018	0.0	2.6109777176988853	0.0	0.0	0.0	0.0	0.0	0.0	0.2623391520360849	0.0	2.224624225048851	0.2623391520360849	2.478983673143247	0.0	0.0	0.0	0.0	0.0	0.0	0.0	0.0	0.0	0.0	0.0	0.0	0.0	0.0	0.0	0.0	0.0	0.2623391520360849	0.0	0.6352940576323767	0.2623391520360849	0.0	2.0400807886431536	0.0	0.0	0.0	0.0	0.0	0.0	0.0	0.0	0.0	0.0	0.0	0.0	0.0	0.0	0.0	0.0	0.0	0.0	0.0	0.0	0.0	0.0	0.0	4.089656172280471	0.0	0.0	0.0	0.0	0.0	0.0	0.0	0.0	0.0	0.2623391520360849	0.0	0.0	0.0	0.0	0.0	0.0	0.0	0.0	0.0	0.0	0.0	0.0	0.0	0.0	0.0	0.0	0.0	0.0	0.0	0.0	0.0	0.0	0.2623391520360849	0.0	0.2623391520360849	0.0	0.0	0.0	0.0	0.0	0.0	1.100832078795153	0.0	0.2623391520360849	0.0	0.2623391520360849	0.0	0.0	0.0	0.0	0.0	0.0	0.0	0.0	0.0	0.0	0.0	0.0	0.0	0.0	0.0	0.0	0.0	1.9109670816184139	0.0	0.0	0.0	0.0	0.0	1.2844222617606134	0.0	0.0	0.4247276096336031	2.2939560140933426	1.533786484894262	0.0	0.0	0.0	0.0	0.0	0.0	0.0	0.0	2.009461362205755	4.711406465372073	0.0	0.4247276096336031	0.0	0.0	0.0	0.0	0.0	0.4247276096336031	0.0	0.0	0.8329365267854467	0.0	0.0	0.0	0.0	0.0	0.0	0.0	3.047296921076666	0.0	0.0	0.0	0.0	3.72934640634672	0.0	0.0	0.0	0.0	0.0	0.0	0.0	0.0	0.0	0.2623391520360849	0.0	0.0	0.0	0.0	0.0	0.0	0.5426493285822076	0.0	0.0	0.0	0.0	0.0	0.0	0.0	0.0	0.0	0.0	1.4400413314554228	1.039586241210794	0.0	0.0	0.0	0.0	0.0	0.0	0.0	0.0	0.4247276096336031	0.0	0.0	0.0	2.5855415373991644	0.0	0.0	0.0	0.0	0.0	0.0	0.0	0.0	0.0	0.0	0.4247276096336031	0.0	0.0	0.4247276096336031	0.0	0.0	0.2623391520360849	0.0	0.0	0.0	0.0	0.0	0.2623391520360849	0.0	0.0	1.4400413314554228	2.6985759723754508	0.0	0.2623391520360849	0.0	0.0	0.0	1.202256966083191	0.0	0.0	0.0	0.4247276096336031	0.2623391520360849	0.0
SRR39238463	0.0	0.0	0.0	2.5314344688354082	0.0	0.0	0.0	0.0	0.0	1.3403472370982354	0.0	0.0	0.0	0.0	1.1740620442220153	0.0	0.0	0.0	0.0	0.0	0.0	0.0	0.0	0.0	0.0	0.0	0.0	0.0	2.2923027696796145	0.0	0.0	2.032607706436254	0.0	4.281488581299475	0.0	0.0	0.0	0.0	0.0	0.0	0.0	2.3589329367886798	0.0	0.0	0.0	0.0	0.0	0.0	0.0	0.0	0.0	0.0	0.0	0.0	0.0	0.0	0.0	0.0	0.0	0.0	0.0	0.0	0.0	0.0	0.0	0.0	0.0	0.0	0.0	0.0	0.0	0.0	0.0	0.0	0.0	0.0	0.0	0.0	0.0	0.0	0.0	0.0	0.0	0.0	0.0	0.0	1.2368333163053509	0.5213577237268605	0.0	0.0	0.0	0.0	0.0	0.0	0.0	0.0	0.0	1.4939016447805997	0.0	0.0	0.0	0.0	0.0	0.0	0.0	0.0	0.0	0.0	0.0	0.0	0.0	0.0	0.0	0.0	0.0	1.100659888908886	0.0	0.0	0.0	0.0	0.0	0.9011878762391877	0.0	1.972513767262832	0.0	0.0	0.0	0.0	0.0	0.0	2.1173178751600252	2.050923212666083	0.0	0.751537675681666	2.2657907769542787	0.0	0.9011878762391877	0.0	0.0	0.0	0.0	0.0	0.0	0.0	0.0	0.0	0.0	4.57972970310435	0.0	0.0	0.0	0.0	0.0	0.0	0.0	0.0	0.0	0.0	0.0	0.0	0.0	0.0	0.0	0.0	0.0	0.0	0.0	0.0	0.0	0.0	0.5213577237268605	0.0	0.0	0.0	0.0	0.0	0.0	0.0	0.0	0.0	0.0	0.0	0.0	0.0	0.0	0.0	0.0	0.0	0.0	0.0	0.0	0.0	0.0	0.0	3.6791274837582426	0.0	1.6071176563904308	0.5213577237268605	0.0	0.0	0.5213577237268605	0.751537675681666	0.0	0.0	0.5213577237268605	0.0	0.0	0.0	0.0	0.0	0.0	0.0	0.0	0.0	0.0	0.0	0.0	0.0	0.0	0.0	0.0	0.0	0.0	0.0	0.0	0.0	0.0	0.0	0.0	0.0	0.0	0.0	0.0	0.5213577237268605	0.751537675681666	0.0	0.751537675681666	0.0	0.0	0.0	0.0	0.0	0.5213577237268605	0.751537675681666	0.0	0.0	0.0	0.0	0.0	0.0	0.0	0.0	0.0	0.9011878762391877	0.0	0.0	0.0	0.0	0.0	0.0	0.0	1.77116096498578	0.0	0.0	1.8040395125561914	0.0	0.0	0.5213577237268605	0.5213577237268605	1.3403472370982354	0.0	0.0	0.0	0.0	0.0	0.0	0.0	0.0	0.0	1.1740620442220153	0.0	0.0	0.0	0.751537675681666	0.0	0.0	0.0	0.0	0.0	0.0	0.0	0.0	0.0	0.0	0.0	0.0	0.0	0.0	0.0	0.0	0.0	0.0	0.0	2.7129970359606217	0.0	0.0	0.5213577237268605	0.0	0.0	0.0	0.0	0.0	0.0	1.5814589286251182	0.0	0.0	0.0	0.0	0.0	0.0	0.0	0.0	0.0	0.0	0.0	0.0	0.0	0.0	2.194660077263073	0.0	0.0	2.540242159880461	2.5764704396383733	0.0	0.0	0.0	0.5213577237268605	0.0	2.805814644706383	0.0	0.0	0.0	0.0	0.0	0.0	3.166127972042935	0.0	0.0	0.0	0.0	0.0	0.0	0.0	0.0	0.0	0.0	0.0	0.0	0.0	0.0	0.0	0.0	0.0	0.0	0.0	0.0	0.0	0.0	0.0	0.0	0.0	0.5213577237268605	4.026708582072804	0.0	0.0	0.0	0.0	0.0	0.0	0.0	0.0	0.0	0.0	0.0	0.0
SRR39238464	0.0	0.2910705308665638	0.4637905588574862	1.5119324909553258	0.0	0.0	0.0	0.6829233540200964	0.0	1.3786116329213383	0.0	1.2819074558661936	0.7614229492547226	3.5882714367052344	1.6523838246819895	0.0	0.0	0.2910705308665638	0.0	0.0	0.4637905588574862	0.0	0.0	0.0	0.0	0.0	0.0	0.0	2.6398086381603902	0.0	0.0	1.8551835143437911	0.0	4.338715403923555	0.4637905588574862	0.8855081150517539	0.0	0.0	0.0	0.0	0.0	2.5374116417626857	0.0	0.0	0.0	0.0	0.0	0.8278821895786612	0.0	0.0	2.1840961894365063	0.0	0.0	0.0	0.0	0.4637905588574862	2.719457219326317	0.0	0.0	0.0	0.0	0.0	0.0	0.0	0.0	0.0	0.0	1.5119324909553258	0.2910705308665638	0.0	0.2910705308665638	0.2910705308665638	0.0	0.0	0.0	0.5870338153740853	0.0	0.0	0.2910705308665638	1.0231111871205212	0.4637905588574862	0.2910705308665638	0.0	0.0	0.0	0.0	2.220515084948395	1.323206591321302	0.0	0.0	0.0	0.0	0.2910705308665638	1.1274462446884215	0.0	0.0	2.9158820007257127	1.8374661997514534	0.0	0.0	0.0	0.0	0.0	0.5870338153740853	0.0	0.4637905588574862	0.0	0.0	0.0	0.0	0.0	0.0	0.0	0.0	0.0	1.7930778917607757	0.0	0.0	0.0	0.0	0.2910705308665638	1.4429560157102974	0.0	1.6523838246819895	0.0	0.0	0.0	0.0	0.0	0.0	1.8313960844913475	0.9819051791508329	0.0	0.2910705308665638	2.772972119115348	0.0	1.2115079205581663	0.0	0.0	0.0	0.0	0.0	0.0	0.6829233540200964	0.0	0.0	0.4637905588574862	3.582780162911765	0.5870338153740853	0.0	0.4637905588574862	0.4637905588574862	0.0	0.0	0.0	0.0	0.0	0.0	0.0	0.0	0.2910705308665638	0.0	0.0	0.0	0.2910705308665638	0.4637905588574862	0.0	0.0	0.0	0.0	1.7795151516232608	0.0	0.0	0.0	0.0	0.2910705308665638	0.0	0.4637905588574862	0.0	0.0	0.0	0.4637905588574862	0.0	0.0	0.0	0.0	0.0	0.0	0.0	0.0	0.0	0.2910705308665638	0.0	0.0	3.894192973086771	0.0	3.029471316745076	0.0	0.0	0.0	1.1274462446884215	0.0	0.0	0.0	0.2910705308665638	0.0	0.0	0.0	0.0	0.0	0.0	0.0	0.0	0.0	0.0	0.0	0.0	0.0	0.0	0.0	0.0	0.0	0.0	0.2910705308665638	0.0	0.0	0.0	0.4637905588574862	0.0	0.0	0.0	0.0	0.4637905588574862	0.2910705308665638	2.1560760580295066	0.0	0.6829233540200964	0.2910705308665638	0.4637905588574862	0.0	0.0	0.0	0.0	1.2819074558661936	0.4637905588574862	0.0	0.0	0.0	0.0	0.4637905588574862	0.0	0.0	0.0	2.237639827979921	0.0	0.0	0.0	0.0	1.962333354103987	1.1573115625345247	2.1322808882868074	0.7614229492547226	0.0	0.0	1.670464150822239	0.0	0.0	0.7614229492547226	4.281811059117842	2.3982273189202212	0.0	0.0	0.0	0.0	0.0	0.0	0.0	0.0	3.1949684544837953	3.1576859720661203	0.0	0.0	0.0	0.2910705308665638	0.0	0.0	0.5870338153740853	0.4637905588574862	0.0	0.0	0.0	0.4637905588574862	0.6829233540200964	0.0	0.0	0.0	0.0	0.0	1.560173392430484	0.0	0.0	0.0	0.2910705308665638	3.7685138723033376	0.0	0.0	0.2910705308665638	0.0	0.0	0.0	0.4637905588574862	0.0	0.0	1.962333354103987	1.323206591321302	0.0	0.0	0.0	0.5870338153740853	0.0	0.2910705308665638	0.0	0.0	0.0	0.0	0.0	0.0	0.0	1.5486061724349123	0.2910705308665638	0.0	2.586279723977905	1.411974381237866	0.0	0.0	0.0	0.0	0.0	1.7930778917607757	0.0	0.0	0.2910705308665638	0.0	0.0	0.5870338153740853	3.47926596095433	0.0	0.0	0.0	0.0	0.4637905588574862	0.4637905588574862	0.0	0.0	0.0	0.0	1.0953745018185956	0.0	0.0	0.6829233540200964	0.0	0.0	0.0	0.0	0.0	0.0	0.0	0.0	0.2910705308665638	0.0	0.0	2.175878321937742	3.457987591382067	0.2910705308665638	0.7614229492547226	0.6829233540200964	0.0	0.0	0.6829233540200964	0.0	0.0	0.2910705308665638	1.06074412236724	1.2115079205581663	0.0
SRR39238465	0.0	1.2091142272224593	0.0	2.5585506699036227	0.0	0.44505550441365105	0.44505550441365105	1.585641433132371	0.0	1.1305055502477277	0.0	0.803418314441967	0.44505550441365105	0.44505550441365105	0.9561274830833144	0.0	0.0	0.9109395579598437	0.0	0.0	0.5658142895736313	0.7376849751364349	0.0	0.0	0.0	0.0	0.44505550441365105	0.0	1.6922729387114108	0.0	0.0	1.2091142272224593	0.0	3.1035981040012985	0.9109395579598437	0.0	0.0	0.0	0.5658142895736313	0.0	0.0	2.2345389953524846	0.0	0.0	0.0	0.5658142895736313	0.803418314441967	0.27720535820782316	0.0	0.5658142895736313	1.0344529779532783	0.0	0.9970536039181898	0.0	0.0	0.0	2.5308876727697798	0.0	0.0	0.0	0.0	0.0	0.0	0.0	1.3149463430689188	0.7376849751364349	0.0	1.7441956015662694	0.0	0.0	0.9561274830833144	0.44505550441365105	0.0	0.0	0.0	0.5658142895736313	0.0	0.0	0.0	1.624168371710549	0.0	0.0	0.0	0.0	0.0	0.0	2.9282884048241584	1.667967919916854	0.0	0.0	0.0	0.0	0.0	1.2091142272224593	0.44505550441365105	0.0	3.09245474888163	2.0585828072315513	0.0	0.0	0.0	0.0	0.27720535820782316	0.803418314441967	0.0	0.44505550441365105	0.0	0.44505550441365105	0.0	0.0	0.0	0.0	0.0	0.0	0.0	1.471051554426132	0.0	0.0	0.27720535820782316	0.0	0.27720535820782316	1.2324445214530042	0.0	1.6148522929605127	0.0	0.27720535820782316	0.0	0.0	0.0	0.0	3.0558366762312943	1.6422216275751145	0.0	0.5658142895736313	2.204110419478702	0.0	2.4354374935439016	0.0	0.0	0.0	0.0	0.27720535820782316	0.0	0.9561274830833144	0.0	1.972650874685763	0.6601968836380248	3.333726266650267	0.0	0.6601968836380248	1.4151517353572935	0.44505550441365105	0.27720535820782316	0.0	0.0	0.0	0.0	0.0	0.0	0.0	0.0	0.0	0.0	0.0	0.0	0.0	0.0	0.8604979434874493	0.0	0.27720535820782316	2.9129196363427243	0.0	0.0	0.0	0.0	1.333336189319908	0.27720535820782316	0.5658142895736313	0.0	0.0	0.44505550441365105	0.27720535820782316	0.0	0.0	0.0	0.0	0.0	0.0	0.0	0.27720535820782316	0.0	0.0	0.44505550441365105	0.27720535820782316	4.4265677927710305	0.0	1.3999754273644969	0.0	0.0	0.27720535820782316	0.27720535820782316	0.5658142895736313	0.0	0.0	0.6601968836380248	0.0	0.0	0.0	0.0	0.0	0.0	0.0	0.0	0.0	0.0	0.0	0.0	0.0	0.0	0.0	0.0	0.0	0.0	0.44505550441365105	0.0	0.0	0.27720535820782316	0.27720535820782316	0.27720535820782316	1.1007874827219728	0.0	0.0	0.8604979434874493	1.1844591245401825	1.9643083884868078	0.0	0.9561274830833144	1.1007874827219728	0.27720535820782316	0.0	0.0	0.0	0.0	0.8604979434874493	0.44505550441365105	0.0	0.44505550441365105	0.27720535820782316	0.0	0.8604979434874493	0.0	0.0	0.27720535820782316	1.2957432297385931	0.0	0.0	0.0	0.0	2.6250194571255245	0.0	0.0	0.0	0.0	0.0	1.4440004115189344	0.0	0.0	1.0688854996319632	3.685216674767514	2.4939416325580828	0.0	0.0	0.8604979434874493	0.0	0.44505550441365105	0.0	0.0	0.0	3.0143457192795444	4.37477217975344	0.0	0.0	0.0	1.1007874827219728	0.0	0.0	1.9105789299071856	0.0	0.0	0.0	0.9109395579598437	0.0	1.0344529779532783	0.0	0.27720535820782316	0.44505550441365105	0.0	0.27720535820782316	1.7226984101980225	0.0	0.0	0.0	0.7376849751364349	3.9115866398197277	0.0	0.0	0.27720535820782316	0.0	0.0	0.0	0.0	0.0	0.0	3.0602488290072603	0.803418314441967	0.0	0.0	0.0	1.4440004115189344	0.0	0.9561274830833144	0.27720535820782316	0.0	0.0	0.0	0.0	0.0	0.0	1.0688854996319632	0.0	0.0	2.432581405616651	2.3240993934312066	0.0	0.7376849751364349	0.0	0.5658142895736313	0.0	0.0	0.0	0.0	1.1583196488970968	0.0	0.0	1.7646787004537203	2.431146287106412	0.0	0.0	0.0	0.0	0.44505550441365105	0.27720535820782316	1.0344529779532783	0.0	0.0	0.0	0.6601968836380248	0.0	0.0	1.6332888002198078	0.0	0.0	0.0	0.0	0.0	0.27720535820782316	0.27720535820782316	0.27720535820782316	0.0	0.0	0.0	1.988869952224623	2.5701855892734877	0.9970536039181898	0.6601968836380248	0.9970536039181898	0.0	0.0	0.7376849751364349	0.0	0.0	0.44505550441365105	1.2091142272224593	1.2957432297385931	0.0
SRR39238466	0.0	0.416122799702038	0.2561029697328303	2.5927033743670056	0.0	0.0	0.2561029697328303	0.0	0.0	0.9154529988798215	0.0	0.0	0.0	1.189266091814104	0.992902319404365	0.0	0.0	0.416122799702038	0.0	0.0	0.6246719732894676	0.0	0.0	0.0	0.0	0.0	0.416122799702038	0.6246719732894676	0.8708463001105263	0.0	0.0	0.9559018537014299	0.0	3.6127175823189175	0.416122799702038	1.166091598597093	0.0	0.0	0.0	0.0	0.0	2.707897313394332	0.0	0.0	0.0	0.0	0.0	0.2561029697328303	0.0	0.416122799702038	0.416122799702038	0.0	1.2322056769679104	0.0	0.0	0.2561029697328303	0.992902319404365	0.0	0.0	0.0	0.0	0.0	0.0	0.0	0.2561029697328303	0.0	0.0	0.9559018537014299	0.0	0.0	0.2561029697328303	0.0	0.0	0.0	0.0	0.5327971494929336	0.0	0.0	0.0	1.7928246567540769	0.0	0.0	0.0	0.0	0.0	0.0	2.2478616518578862	0.2561029697328303	0.0	0.0	0.0	0.0	0.0	1.0586077770512716	0.0	0.0	2.500722101569266	0.416122799702038	0.0	0.0	0.0	0.0	0.2561029697328303	1.0586077770512716	0.0	1.7637619345027065	0.0	0.0	0.0	0.0	0.0	0.0	0.0	0.0	0.0	1.5700177055933122	0.0	0.0	0.0	0.0	0.0	0.6246719732894676	0.0	1.1416104324465774	0.0	0.2561029697328303	0.0	0.0	0.0	0.0	3.2038627671568563	0.9154529988798215	0.0	0.5327971494929336	3.3902864964503823	0.0	1.7515694942883901	0.0	0.0	0.0	0.0	0.0	0.0	0.416122799702038	0.0	0.8708463001105263	0.0	1.7697321519954174	0.5327971494929336	0.0	0.0	0.0	0.0	0.0	0.0	0.0	0.0	0.0	0.0	0.0	0.416122799702038	0.0	0.0	0.0	0.0	0.0	0.0	0.5327971494929336	0.0	0.0	2.963095478058045	0.0	0.416122799702038	0.0	0.2561029697328303	0.0	0.0	0.416122799702038	0.0	0.0	0.0	0.7004636991810117	0.0	0.0	0.0	0.0	0.0	0.0	0.0	0.0	0.0	0.2561029697328303	0.0	0.0	4.1032076211941675	0.0	1.0880734724703054	0.0	0.0	0.0	0.0	0.0	0.0	0.0	0.0	0.0	0.0	0.2561029697328303	0.0	0.0	0.0	0.0	0.0	0.0	0.0	0.0	0.0	0.0	0.0	0.0	0.0	0.0	0.0	0.0	0.0	0.0	0.0	0.0	0.0	0.5327971494929336	0.0	0.0	0.2561029697328303	0.2561029697328303	2.9938874481473463	0.7004636991810117	0.416122799702038	0.2561029697328303	0.0	0.0	0.0	0.0	0.0	0.2561029697328303	0.2561029697328303	0.0	0.0	0.5327971494929336	0.0	0.2561029697328303	0.0	0.0	0.0	1.8928219763697394	0.0	0.0	0.0	0.0	2.5426907705845667	0.6246719732894676	0.416122799702038	0.9154529988798215	0.0	0.0	1.8928219763697394	1.0586077770512716	0.0	0.7649731036095337	2.489564122072244	2.0518425756721177	0.0	0.0	0.0	0.0	0.0	0.0	0.0	0.0	1.6702122682790201	4.430768481268861	0.0	0.0	0.2561029697328303	0.2561029697328303	0.0	0.0	0.6246719732894676	0.2561029697328303	0.0	0.0	0.0	0.0	0.5327971494929336	0.0	0.0	0.416122799702038	0.0	0.2561029697328303	2.867914706086119	0.0	0.0	0.0	0.6246719732894676	4.1681482575491335	0.0	0.0	0.2561029697328303	0.0	0.0	0.0	0.0	0.0	0.2561029697328303	3.523552902154876	1.5203238197111968	0.0	0.0	0.0	0.5327971494929336	0.2561029697328303	0.416122799702038	0.0	0.0	0.0	0.0	0.0	0.0	0.0	0.7004636991810117	0.0	0.0	1.8651636654591293	2.9364635904589917	0.2561029697328303	0.0	0.0	0.0	0.0	1.3997318269916004	0.0	0.0	0.0	0.0	0.0	0.2561029697328303	2.585513568375097	0.2561029697328303	0.0	0.0	0.0	0.6246719732894676	0.0	0.0	0.0	0.0	0.0	1.0586077770512716	0.0	0.0	0.9154529988798215	0.0	0.0	0.0	0.0	0.0	0.0	0.0	0.2561029697328303	0.0	0.0	0.0	1.289572041034606	3.6958916937369386	0.0	0.8708463001105263	0.6246719732894676	0.0	0.0	0.416122799702038	0.0	0.0	0.0	0.0	1.3239969213371394	0.0
SRR39238467	0.0	0.5494593395194018	0.0	2.578829731073098	0.0	0.0	0.0	0.43068976427743316	0.0	0.9360690933427357	0.0	0.8410681026761414	0.0	1.1096018653434052	3.5108862210557086	0.0	0.0	0.0	0.26667999382527163	0.0	0.0	0.0	0.0	0.0	0.0	0.0	0.0	0.0	0.26667999382527163	0.0	0.0	1.1373097156772827	0.0	3.873135493612148	0.26667999382527163	2.282800966401899	0.0	0.0	0.0	0.0	0.0	2.3402695118032972	0.0	0.0	0.0	0.0	0.0	0.26667999382527163	0.0	0.43068976427743316	1.1096018653434052	0.0	0.5494593395194018	0.0	0.0	0.0	1.013972979908939	0.0	0.0	0.0	0.0	0.0	0.0	0.0	0.0	0.0	0.0	0.0	0.0	0.0	0.43068976427743316	0.0	0.0	0.0	0.0	0.5494593395194018	0.0	0.0	0.0	1.187926921954791	0.0	0.0	0.0	0.0	0.0	0.0	1.6621819594872898	1.2542611126214134	0.0	0.0	0.0	0.0	0.0	1.080005064211167	0.0	0.0	3.2594064873717503	0.0	0.0	0.0	0.0	0.0	0.26667999382527163	0.8410681026761414	0.0	0.5494593395194018	0.0	0.0	0.0	0.0	0.0	0.0	0.0	0.0	0.0	2.1020567503683	0.0	0.0	0.0	0.0	0.0	0.8911610933070517	0.0	1.7289232936609769	0.0	0.0	0.0	0.0	0.0	0.0	2.37733142788599	0.7844346236675261	0.0	0.0	2.2770020237908977	0.0	1.2111824239700957	0.0	0.0	0.0	0.0	0.0	1.3293929174831591	0.43068976427743316	0.0	0.7192925398493062	0.43068976427743316	4.226156156774936	0.26667999382527163	0.0	0.0	0.0	0.0	0.0	0.0	0.0	0.0	0.0	0.0	0.0	0.26667999382527163	0.0	0.0	0.0	0.0	0.0	0.0	0.0	0.0	0.0	1.8834551887110187	0.0	0.0	0.0	0.0	0.0	0.0	0.43068976427743316	0.0	0.0	0.0	0.0	0.0	0.0	0.0	0.0	0.0	0.0	0.0	0.0	0.0	0.0	0.0	0.0	4.144729757470059	0.0	0.9767655027516098	0.0	0.0	0.0	1.187926921954791	0.0	0.0	0.0	0.0	0.0	0.0	0.0	0.0	0.0	0.0	0.0	0.0	0.0	0.0	0.0	0.0	0.0	0.0	0.0	0.0	0.0	0.0	0.0	0.0	0.0	0.0	0.43068976427743316	0.0	0.0	0.0	0.0	0.0	0.0	2.10495825965369	0.0	0.7844346236675261	0.0	0.0	0.0	0.0	0.0	0.0	1.2934496936946098	0.0	0.0	0.0	0.0	0.0	0.43068976427743316	0.0	0.0	0.0	2.399902778943224	0.0	0.0	0.0	0.0	1.7745574642769397	0.8911610933070517	0.26667999382527163	1.5214054733764448	0.0	0.0	2.9883577075367316	0.43068976427743316	0.0	0.43068976427743316	2.916986896879743	1.7807021383750559	0.0	0.0	0.0	0.0	0.0	0.0	0.0	0.43068976427743316	2.240481669383114	4.146756876689571	0.0	0.0	0.0	0.26667999382527163	0.0	0.0	0.26667999382527163	0.0	0.0	0.0	0.0	0.26667999382527163	0.0	0.0	0.0	0.43068976427743316	0.0	0.0	3.186788736513792	0.0	0.0	0.0	0.26667999382527163	3.682480582489477	0.0	0.0	0.0	0.0	0.0	0.0	0.0	0.0	0.0	3.634227013138816	1.3782793275270382	0.0	0.0	0.0	0.7192925398493062	0.0	0.5494593395194018	0.43068976427743316	0.0	0.0	0.0	0.0	0.0	0.0	0.5494593395194018	0.0	0.0	3.3470103632782613	1.6021001524040532	0.0	0.0	0.0	0.0	0.0	1.6201309741053005	0.0	0.0	0.0	0.0	0.0	0.0	3.3708558576582464	0.0	0.0	0.0	0.0	0.26667999382527163	0.0	0.0	0.0	0.0	0.0	0.26667999382527163	0.0	0.0	1.1096018653434052	0.0	0.0	0.0	0.0	0.0	0.0	0.0	0.26667999382527163	0.0	0.0	0.0	0.8911610933070517	2.927991427058967	0.0	0.0	0.0	0.0	0.0	0.7844346236675261	0.0	0.0	0.0	0.0	0.26667999382527163	0.6426253488242013
SRR39238468	0.0	0.0	0.0	2.0527159223645244	0.0	0.0	0.9539174052962669	0.0	0.0	0.7456664795222421	0.0	0.0	0.33079818576101977	0.0	0.33079818576101977	0.0	0.0	0.5163753873791556	0.0	0.0	0.33079818576101977	0.0	0.0	0.0	0.0	0.0	0.0	0.0	1.0940848936317922	0.0	0.0	1.0521957134890865	0.0	3.9259105670650465	0.0	0.8266885529560567	0.0	0.0	0.0	0.0	0.0	0.33079818576101977	0.0	0.0	0.0	0.0	0.0	0.0	0.0	0.0	1.2583600896472897	0.0	0.0	0.0	0.0	0.0	2.613778755266553	0.0	0.0	0.0	0.0	0.0	0.0	0.0	0.0	0.0	0.0	0.5163753873791556	0.0	0.0	0.33079818576101977	0.0	0.0	0.0	0.0	0.0	0.0	0.0	0.0	0.894945458494067	0.0	0.0	0.0	0.0	0.0	0.0	2.1939526590496414	1.4705189198695	0.0	0.0	0.0	0.0	0.0	2.1541042528835193	0.0	0.33079818576101977	1.0058306238917352	0.6459805122762922	0.9539174052962669	0.0	0.0	0.0	0.0	0.5163753873791556	0.0	0.0	0.0	0.0	0.0	0.0	0.0	0.0	0.0	0.0	0.0	1.8201227238576214	0.0	0.0	0.0	0.0	0.0	0.894945458494067	0.0	0.5163753873791556	0.0	0.0	0.0	0.0	0.0	0.0	3.7305434176735117	2.2774090537814615	0.0	0.894945458494067	2.774360315849842	0.0	1.6001495845057827	0.0	0.0	0.0	0.0	0.0	0.0	0.6459805122762922	0.33079818576101977	1.7192092441773048	0.0	4.515369992203681	0.0	0.0	0.33079818576101977	0.0	0.0	0.0	0.0	0.0	0.0	0.0	0.0	1.0521957134890865	0.33079818576101977	0.0	0.0	0.0	0.0	0.0	0.33079818576101977	1.991496666125961	0.0	0.0	1.486986573917579	0.0	0.0	0.0	0.0	0.0	0.0	0.0	0.0	0.0	0.0	0.0	0.0	0.0	0.0	0.0	0.0	0.0	0.0	0.0	0.0	0.5163753873791556	0.0	0.0	3.7857262788015116	0.0	1.2583600896472897	0.5163753873791556	0.0	0.0	1.7377416623360848	0.0	0.0	0.0	0.0	0.0	0.0	0.0	0.0	0.0	0.0	0.0	0.5163753873791556	0.0	0.0	0.0	0.0	0.0	0.0	0.0	0.0	0.0	0.0	0.0	0.33079818576101977	0.33079818576101977	0.0	0.0	0.0	1.5028525496730338	0.0	0.0	0.0	1.9019525906690944	3.2071149526854144	0.33079818576101977	0.33079818576101977	0.33079818576101977	0.33079818576101977	0.0	0.0	0.0	0.33079818576101977	1.6243668992885771	0.0	0.0	0.0	0.0	0.0	0.0	0.0	0.0	0.9539174052962669	0.894945458494067	0.0	0.0	0.0	0.0	1.561086425705506	0.5163753873791556	0.0	0.6459805122762922	0.0	0.0	3.6931979644455417	1.612427022065687	0.0	1.2848889420726772	3.159330564423804	1.4170012868978228	0.0	0.0	0.0	0.0	0.0	0.33079818576101977	0.0	0.0	1.8420704214252228	3.033919176019713	0.0	0.0	0.0	0.5163753873791556	0.0	1.3098901496453248	2.2928407617016013	0.0	0.0	0.0	0.0	0.0	0.894945458494067	0.0	0.0	0.0	0.0	0.5163753873791556	1.612427022065687	0.0	0.0	0.0	0.0	2.784252134197402	0.0	0.0	0.0	0.0	0.0	0.0	0.0	0.0	0.0	1.0521957134890865	1.0940848936317922	0.0	0.0	0.0	0.0	0.0	0.0	0.0	1.647304825648103	0.0	0.33079818576101977	0.0	0.0	0.0	0.6459805122762922	0.0	0.0	3.594421374548237	3.862574531405291	0.0	0.0	0.0	0.0	0.0	0.0	0.0	0.0	0.0	0.0	0.0	0.0	2.8471192828511205	0.0	0.0	0.0	0.0	0.0	0.0	0.0	0.0	0.0	0.33079818576101977	0.0	0.0	0.0	1.7096377840279942	0.0	0.0	0.0	0.0	0.0	0.0	0.0	0.0	0.0	0.0	0.0	0.8266885529560567	2.783436367100544	0.0	1.1998822544974925	0.0	0.0	0.0	0.33079818576101977	0.0	0.0	0.0	0.33079818576101977	1.587514943115433	0.0
SRR39238469	0.0	0.26195972951430785	0.26195972951430785	2.679326206774116	0.0	0.0	0.26195972951430785	0.634650836854145	0.0	1.0388254808245105	0.0	0.26195972951430785	0.0	1.2235136839150662	2.2949500263956892	0.0	0.0	0.26195972951430785	0.0	0.0	0.634650836854145	0.0	0.0	0.0	0.0	0.0	0.0	0.0	1.2645001274574734	0.0	0.0	1.439234496765391	0.0	3.22424909313857	0.634650836854145	0.8322223740542611	0.0	0.0	0.0	0.0	0.0	2.458583503781287	0.26195972951430785	0.0	0.0	0.0	0.0	0.0	0.0	0.0	0.634650836854145	0.0	1.3683636785220104	0.0	0.0	0.0	1.0388254808245105	0.0	0.0	0.0	0.0	0.0	0.0	0.5420522341796687	0.7757985603082312	0.0	0.0	0.8821513106662517	0.0	0.0	0.26195972951430785	0.0	0.0	0.0	0.0	0.26195972951430785	0.0	0.0	0.0	1.9756898744528835	0.0	0.0	0.0	0.0	0.0	0.0	2.0678527733279375	0.7109338458757307	0.0	0.0	0.0	0.0	0.0	2.1412506046763067	0.5420522341796687	0.42420541065246975	2.782034826200379	0.634650836854145	0.0	0.0	0.0	0.0	0.26195972951430785	1.1537201131665913	0.0	2.2173003984150585	0.0	0.0	0.0	0.0	0.0	0.0	0.0	0.0	0.0	1.2444902371507631	0.26195972951430785	0.0	0.0	0.0	0.0	0.26195972951430785	0.0	1.543387022816034	0.0	0.0	0.0	0.0	0.0	0.0	2.534162535640676	1.2444902371507631	0.0	0.42420541065246975	3.014280895336391	0.0	1.9482205002861417	0.0	0.0	0.0	0.0	0.0	0.0	0.0	0.0	0.9269274443947095	0.26195972951430785	1.7187648770322752	0.7109338458757307	0.0	0.42420541065246975	0.26195972951430785	0.0	0.0	0.0	0.0	0.26195972951430785	0.0	0.0	0.0	0.5420522341796687	0.0	0.0	0.0	0.0	0.0	0.0	0.0	0.0	0.0	3.085077226937548	0.0	0.0	0.0	0.0	0.0	0.0	0.26195972951430785	0.0	0.0	0.0	0.42420541065246975	0.0	0.0	0.0	0.0	0.0	0.0	0.0	0.0	0.0	0.0	0.0	0.0	3.9440861131119687	0.0	0.7757985603082312	0.0	0.0	0.0	0.26195972951430785	0.0	0.0	0.0	0.0	0.0	0.0	0.0	0.0	0.0	0.0	0.0	0.0	0.0	0.0	0.0	0.0	0.0	0.0	0.0	0.0	0.0	0.0	0.0	0.0	0.0	0.0	0.634650836854145	0.0	0.0	0.0	0.0	0.0	0.26195972951430785	2.1809380246107297	0.0	0.42420541065246975	0.42420541065246975	0.26195972951430785	0.0	0.0	0.0	0.0	0.26195972951430785	0.0	0.0	0.26195972951430785	0.0	0.26195972951430785	0.0	0.0	0.0	0.0	2.108907621059339	0.0	0.0	0.0	0.0	2.746787784866554	0.0	0.26195972951430785	0.42420541065246975	0.0	0.0	1.532973743509592	0.0	0.0	1.1000612572031876	2.651358064190156	2.1199584170104107	0.0	0.0	0.0	0.0	0.0	0.0	0.0	0.0	1.8329071799301748	4.495924550854001	0.0	0.0	0.26195972951430785	0.0	0.0	0.0	0.0	0.7109338458757307	0.0	0.0	0.0	0.5420522341796687	0.634650836854145	0.0	0.0	0.0	0.0	0.0	2.963789285726825	0.0	0.0	0.0	0.634650836854145	4.130240418056848	0.0	0.0	0.0	0.0	0.0	0.0	0.0	0.0	0.0	3.9344091847006393	1.0388254808245105	0.0	0.0	0.26195972951430785	0.42420541065246975	0.0	0.0	0.0	0.0	0.0	0.0	0.0	0.0	0.26195972951430785	0.634650836854145	0.26195972951430785	0.0	1.914539945237585	1.8329071799301748	0.0	0.0	0.0	0.0	0.0	3.4877432502052668	0.0	0.0	0.0	0.0	0.0	0.634650836854145	2.846496270059032	0.0	0.0	0.0	0.0	0.0	0.0	0.0	0.0	0.0	0.0	1.1782521953879466	0.0	0.0	0.5420522341796687	0.0	0.0	0.0	0.0	0.0	0.0	0.0	0.0	0.0	0.0	0.0	1.5827095714400168	3.375907337521095	0.0	0.634650836854145	0.634650836854145	0.0	0.0	0.0	0.0	0.0	0.0	0.0	0.634650836854145	0.0
SRR39238470	0.0	0.46071806534625503	0.8814310932141032	1.9924359909785172	0.0	0.0	0.0	0.0	0.0	3.029409356065098	0.2887860506309596	0.0	0.46071806534625503	2.2630903814227357	0.8238921357302512	0.2887860506309596	0.0	0.0	0.2887860506309596	0.0	0.2887860506309596	0.0	0.2887860506309596	0.0	0.0	0.0	0.0	0.0	2.4566838818914123	0.0	0.2887860506309596	1.6289371879888865	0.0	3.6853638782209948	0.7575485980437873	1.9344791427950256	0.0	0.0	0.0	0.0	0.0	4.017616573850932	0.5835621463533748	0.2887860506309596	0.0	0.0	0.0	0.0	0.0	0.0	2.012817878763662	0.0	0.0	0.0	0.0	0.0	0.2887860506309596	0.0	0.0	0.0	0.0	0.0	0.0	0.0	0.0	0.0	0.0	1.7884634041999723	0.0	0.0	0.5835621463533748	0.0	0.5835621463533748	0.0	0.0	1.1529492982231058	0.2887860506309596	0.0	0.0	0.2887860506309596	0.2887860506309596	0.0	0.0	0.0	0.0	0.0	2.254045026138395	2.0398352227675534	0.46071806534625503	0.0	0.0	0.0	0.0	1.018867679017469	0.7575485980437873	0.0	3.065082778124949	2.4950621105295685	0.0	0.0	0.0	0.0	0.2887860506309596	0.6792104994501038	0.7575485980437873	0.2887860506309596	0.0	0.0	0.0	0.0	0.0	0.9777061260985577	0.2887860506309596	0.0	0.0	1.6999148866812728	0.0	0.0	0.0	0.0	0.46071806534625503	0.2887860506309596	0.0	2.1684453418147864	0.0	0.0	0.0	0.0	0.46071806534625503	0.0	1.1529492982231058	0.2887860506309596	0.0	0.2887860506309596	3.2246142379366	0.6792104994501038	1.4673425478198736	0.932230963549847	0.0	0.0	0.5835621463533748	0.2887860506309596	0.46071806534625503	2.2494507055499056	0.46071806534625503	0.7575485980437873	0.5835621463533748	3.0069929128857096	0.0	0.2887860506309596	1.1808718944149619	0.0	0.0	0.0	0.0	0.0	0.932230963549847	0.2887860506309596	0.0	0.0	0.0	0.2887860506309596	0.2887860506309596	0.0	0.2887860506309596	0.5835621463533748	0.0	0.2887860506309596	0.0	0.0	0.8238921357302512	0.2887860506309596	0.0	0.0	0.46071806534625503	0.8814310932141032	0.0	0.0	0.7575485980437873	0.0	0.0	0.0	0.0	0.0	0.0	0.0	0.0	0.0	0.46071806534625503	0.2887860506309596	0.0	0.0	0.0	0.0	3.699765216436431	0.0	3.1150544937847116	0.5835621463533748	0.0	0.46071806534625503	1.7950880286796713	0.46071806534625503	0.0	0.6792104994501038	0.5835621463533748	0.0	0.0	0.5835621463533748	0.0	0.0	0.0	0.0	0.0	0.0	0.0	0.0	0.0	0.0	0.0	0.0	0.0	0.0	0.0	0.0	0.46071806534625503	0.0	0.0	0.2887860506309596	0.0	1.1529492982231058	0.0	0.0	0.2887860506309596	0.0	0.2887860506309596	0.0	3.171349340012696	3.1787496549830694	0.7575485980437873	0.0	0.0	0.0	0.0	0.0	0.5835621463533748	0.0	0.0	0.7575485980437873	0.0	0.9777061260985577	0.0	0.0	0.0	2.3885553494321523	0.0	0.46071806534625503	0.0	0.0	2.7241653142508744	0.2887860506309596	1.4074665554199055	0.0	0.0	0.0	0.7575485980437873	0.46071806534625503	0.46071806534625503	0.932230963549847	4.415310938405305	3.322693526322783	0.5835621463533748	0.0	0.46071806534625503	0.0	0.46071806534625503	0.0	0.0	0.0	2.179436630299742	3.6755195056287855	0.0	0.0	0.0	0.2887860506309596	0.0	0.0	1.4673425478198736	0.2887860506309596	0.0	0.0	0.0	0.46071806534625503	0.5835621463533748	0.0	0.0	0.7575485980437873	0.8238921357302512	0.0	2.510525534891193	0.0	0.0	0.0	1.0910625177367304	3.654317474105112	0.0	0.2887860506309596	0.0	0.0	0.0	0.2887860506309596	0.0	0.0	0.0	0.2887860506309596	0.0	0.0	0.46071806534625503	0.0	0.0	0.0	1.6569304462318648	0.8238921357302512	0.8238921357302512	0.0	0.0	0.2887860506309596	0.2887860506309596	0.0	1.6092195207376538	0.6792104994501038	0.0	3.2645359636843776	0.2887860506309596	0.932230963549847	0.0	0.0	0.0	0.46071806534625503	3.5801448592232434	0.0	0.2887860506309596	0.0	0.0	0.0	0.0	2.8202914440264832	0.5835621463533748	0.0	0.2887860506309596	0.9777061260985577	0.0	0.0	0.5835621463533748	0.2887860506309596	0.0	0.2887860506309596	0.46071806534625503	0.0	0.0	0.0	0.2887860506309596	0.0	0.2887860506309596	0.7575485980437873	0.0	0.0	0.46071806534625503	0.0	0.0	0.0	0.0	0.5835621463533748	2.9825029728970303	0.8814310932141032	0.46071806534625503	1.018867679017469	0.0	0.0	0.0	0.0	0.0	0.2887860506309596	0.9777061260985577	1.0564635356977894	0.7575485980437873
SRR39238472	0.0	1.098877160514638	1.2150820260521575	2.4584119887013642	0.0	0.5524450635967344	0.0	0.8704282102323739	0.0	2.3281220165007452	0.0	0.6859430934933628	1.484782424347927	1.404792302980609	2.575132690119241	0.0	0.0	0.5524450635967344	0.35871189156342337	0.0	0.35871189156342337	0.6859430934933628	0.6859430934933628	0.0	0.0	0.0	0.0	0.0	1.7878280416764638	0.0	0.0	1.4466263796084786	0.0	4.0114538835562135	0.0	0.35871189156342337	0.0	0.0	0.0	0.0	0.0	3.776398848067465	0.9995038119705033	0.0	0.0	0.0	0.35871189156342337	0.0	0.0	0.5524450635967344	1.778641873926688	0.0	0.35871189156342337	0.0	0.0	0.0	3.8540410175198305	0.0	0.0	0.0	0.0	0.0	0.0	0.35871189156342337	0.0	0.0	0.0	1.2150820260521575	0.0	0.0	0.9397437457692537	0.0	0.0	0.0	0.0	1.0520265787507286	0.0	0.0	0.0	1.1796929020399807	0.0	0.0	0.0	0.0	0.0	0.0	2.411310894707134	1.4466263796084786	0.0	0.0	0.35871189156342337	0.0	0.0	1.3333531272194254	0.5524450635967344	0.0	2.6835253501119203	1.5824998089422295	0.35871189156342337	0.0	0.0	0.0	0.0	0.6859430934933628	0.9397437457692537	0.0	0.0	0.0	0.0	0.0	0.0	0.0	0.5524450635967344	0.0	0.0	2.430354640417004	0.0	0.0	0.0	0.0	0.787908863707328	0.0	0.0	1.870361375314437	0.0	0.0	0.0	0.0	0.0	0.0	2.579560106843859	0.0	0.0	0.0	2.1608204520385446	0.5524450635967344	1.7878280416764638	0.0	0.0	0.0	0.35871189156342337	0.0	0.0	1.0520265787507286	0.5524450635967344	0.5524450635967344	0.0	3.1102311186569334	0.0	0.0	0.787908863707328	0.5524450635967344	0.0	0.0	0.0	0.0	0.0	0.0	0.0	0.0	0.0	0.0	0.0	0.0	0.35871189156342337	1.6499072807682849	0.0	0.787908863707328	0.0	0.35871189156342337	0.8704282102323739	0.0	0.0	0.0	0.35871189156342337	0.6859430934933628	0.5524450635967344	0.5524450635967344	0.0	0.6859430934933628	0.0	0.0	0.0	0.0	0.0	0.0	0.0	0.0	0.0	0.8704282102323739	0.0	0.0	0.0	0.0	4.096651441952555	0.0	2.4773981759415453	0.787908863707328	0.0	0.0	0.0	0.0	0.5524450635967344	0.787908863707328	0.5524450635967344	0.0	0.0	0.0	0.0	0.0	0.0	0.0	0.0	0.0	0.0	0.0	0.0	0.0	0.0	0.0	0.0	0.0	0.0	0.787908863707328	0.0	0.0	0.0	1.098877160514638	0.0	1.596844315791409	0.0	0.0	0.35871189156342337	1.9064058879937096	1.993834241190096	0.0	2.120496512727858	3.3961213689158503	0.0	0.0	0.0	0.0	0.0	0.35871189156342337	0.5524450635967344	0.0	0.0	0.6859430934933628	0.0	1.3333531272194254	0.0	0.0	0.0	1.3066661452082227	0.0	0.0	0.0	0.0	2.4773981759415453	1.1796929020399807	1.8627790626167984	0.0	0.0	0.0	2.771142024557115	1.1796929020399807	0.0	0.787908863707328	3.1898607459053387	2.3410269850807395	0.0	0.0	0.35871189156342337	0.35871189156342337	0.9995038119705033	0.0	0.0	0.8704282102323739	2.766393293133545	3.51475482809547	0.0	0.0	0.0	0.9995038119705033	0.0	0.0	1.519855235791431	0.35871189156342337	0.0	0.0	0.9397437457692537	0.8704282102323739	1.2150820260521575	0.0	0.5524450635967344	0.9397437457692537	0.35871189156342337	0.0	1.596844315791409	0.0	0.0	0.0	0.0	3.445008569115832	0.0	0.0	0.0	0.35871189156342337	0.0	0.0	0.0	0.0	0.0	4.323537017802353	1.1411621511596435	0.0	0.0	0.0	0.6859430934933628	0.0	0.8704282102323739	1.9332315027485314	0.35871189156342337	0.0	0.0	0.0	0.0	0.0	1.6107301411353472	0.6859430934933628	0.0	2.5379880698027746	0.0	0.35871189156342337	0.0	0.0	0.0	0.0	1.6241857120328034	0.0	0.0	0.6859430934933628	0.0	0.0	0.0	3.2287650601638003	0.5524450635967344	0.0	0.0	0.9995038119705033	0.0	0.0	0.0	0.0	0.0	0.5524450635967344	0.5524450635967344	0.0	0.0	0.0	0.35871189156342337	0.0	0.0	0.0	0.9397437457692537	0.0	0.0	0.0	0.0	0.0	0.0	0.0	3.145133691223314	0.0	1.6741902660427477	0.5524450635967344	0.0	0.0	0.787908863707328	0.0	0.0	0.0	1.0520265787507286	1.536383671853588	0.35871189156342337
SRR39238473	0.0	1.0550313555385313	0.5974108164132288	2.7009464381507025	0.3942246588647714	0.0	0.0	1.1555891164121477	0.0	1.5441944782460622	0.0	1.4172718078275832	1.757325792703404	1.745949109210776	1.305848832146874	0.3942246588647714	0.0	0.3942246588647714	0.0	0.0	0.994414987728521	0.994414987728521	0.0	0.0	0.0	0.0	0.0	0.0	2.2139357388956213	0.0	0.9239441166798983	2.3536527682595834	0.0	4.208647443851422	0.3942246588647714	2.5792669489675855	0.0	0.0	0.9239441166798983	0.0	0.3942246588647714	3.3127948739491826	0.7352883839362615	0.0	0.0	0.0	0.9239441166798983	0.0	0.0	0.0	2.2405701192686283	0.0	0.0	0.0	0.3942246588647714	0.0	2.94707327563807	0.5974108164132288	0.0	0.0	0.0	0.0	0.0	0.0	0.0	0.0	0.9239441166798983	2.3943528319649694	0.0	0.0	1.1082141859023353	0.3942246588647714	0.3942246588647714	0.0	0.0	2.159670290313732	0.0	0.3942246588647714	0.0	1.1082141859023353	0.0	0.7352883839362615	0.5974108164132288	0.0	0.0	0.0	2.468027226236681	2.0066879190463864	0.0	0.0	0.7352883839362615	0.0	0.0	1.6841136808857584	0.5974108164132288	0.0	2.5689944532345312	2.1225587586805337	0.3942246588647714	0.0	0.0	0.0	0.0	1.2728726416454348	0.3942246588647714	0.0	0.3942246588647714	0.7352883839362615	0.0	0.0	0.0	1.0550313555385313	0.0	0.0	0.0	2.521438434181158	0.0	0.0	0.0	0.0	0.3942246588647714	1.1082141859023353	0.0	1.9806261842290573	0.0	0.0	0.0	0.0	0.0	0.0	2.6332908084818034	1.3651239094823313	0.0	1.1555891164121477	2.3211783409281592	0.0	2.0003176338724504	0.5974108164132288	0.0	0.0	0.0	0.3942246588647714	0.0	1.6422905158418681	0.0	0.9239441166798983	0.3942246588647714	2.8872823132433227	0.5974108164132288	0.0	0.839780615681969	0.0	0.3942246588647714	0.0	0.3942246588647714	0.0	0.0	0.5974108164132288	0.0	0.0	0.0	0.0	0.994414987728521	0.0	0.0	1.9232824774017783	0.0	0.7352883839362615	0.5974108164132288	0.3942246588647714	1.8389773567377796	0.0	0.0	0.0	0.3942246588647714	1.819958119417098	0.9239441166798983	1.1555891164121477	0.0	1.1983006956140803	0.0	0.0	0.0	0.3942246588647714	0.0	0.0	0.0	0.0	0.0	0.5974108164132288	0.0	0.0	0.0	0.0	4.050790603396341	0.3942246588647714	3.458728547270087	0.839780615681969	0.0	0.0	0.7352883839362615	0.9239441166798983	0.7352883839362615	0.7352883839362615	0.0	0.0	0.0	0.0	0.0	0.0	0.0	0.3942246588647714	0.0	0.0	0.0	0.0	0.0	0.0	0.0	0.0	0.0	0.0	0.0	0.5974108164132288	0.7352883839362615	0.5974108164132288	0.9239441166798983	1.1983006956140803	0.0	1.611988758671722	0.0	0.0	0.3942246588647714	2.193858700147146	3.122516908553135	0.0	1.463823959797864	3.2783367452167522	1.237185283501268	0.0	0.3942246588647714	0.0	0.3942246588647714	1.7897700539652286	0.5974108164132288	0.0	0.0	0.5974108164132288	0.0	1.8831723739583548	0.0	0.0	0.7352883839362615	2.4851718435667767	0.0	0.839780615681969	0.0	0.0	3.115190384037508	1.611988758671722	2.159670290313732	0.0	0.0	0.0	3.1006654086586765	1.525452811966093	0.0	1.3919800960831905	3.325118941111615	2.5958656015914836	0.0	0.0	0.9239441166798983	0.0	1.5794131311953359	0.0	0.7352883839362615	0.7352883839362615	3.053926419366973	3.2401689846587254	0.0	0.0	0.3942246588647714	0.7352883839362615	0.0	0.0	1.745949109210776	0.0	0.0	0.0	0.839780615681969	1.4172718078275832	1.237185283501268	0.0	0.3942246588647714	2.2405701192686283	0.0	0.839780615681969	3.122516908553135	0.0	0.0	0.0	0.3942246588647714	4.324234479688172	1.1082141859023353	0.0	0.5974108164132288	0.0	0.0	0.3942246588647714	0.0	0.0	0.0	1.8101267540936574	0.9239441166798983	0.3942246588647714	0.0	0.0	0.839780615681969	0.0	1.1555891164121477	1.8481834843894522	0.7352883839362615	0.3942246588647714	0.0	0.0	0.0	0.0	2.1273748698675234	0.0	0.0	2.9676169415220515	0.839780615681969	0.0	0.0	0.0	0.0	0.0	1.757325792703404	0.0	0.0	0.9239441166798983	0.3942246588647714	0.0	0.0	3.3502010539032336	0.9239441166798983	0.0	0.0	0.839780615681969	0.0	0.0	0.0	0.0	0.0	0.0	0.7352883839362615	0.0	0.0	0.0	0.3942246588647714	0.0	0.0	0.0	0.839780615681969	0.0	0.3942246588647714	0.0	0.0	0.0	0.0	1.5441944782460622	2.4893542939053095	0.3942246588647714	2.3150038552987295	0.0	0.0	0.0	0.994414987728521	0.0	0.0	0.5974108164132288	1.4172718078275832	1.5621607093808767	0.0
SRR39238474	0.0	0.9077245182461816	0.6060354669793245	1.5492103074451278	0.0	0.0	0.0	0.9077245182461816	0.0	1.0840352404372167	0.48065680368041497	0.9589502073951354	2.7487928574271128	1.9875090212605262	0.9077245182461816	0.0	0.3036843520863962	0.3036843520863962	0.0	0.0	0.3036843520863962	0.0	0.3036843520863962	0.0	0.0	0.0	0.0	0.0	1.7686298745770177	0.0	0.0	1.6772785068641585	0.0	3.1404213857705803	0.0	0.6060354669793245	0.0	0.48065680368041497	0.3036843520863962	0.0	0.0	1.8440654335921727	0.6060354669793245	0.0	0.0	0.0	0.48065680368041497	0.0	0.0	0.0	1.9642761693518749	0.0	0.3036843520863962	0.0	0.6060354669793245	0.0	2.691023480372774	0.0	0.0	0.0	0.0	0.0	0.0	0.0	0.0	0.0	0.0	1.8860369582961716	0.0	0.0	0.48065680368041497	0.0	0.0	0.0	0.0	0.9077245182461816	0.0	0.0	0.0	0.3036843520863962	0.7032092222571881	0.3036843520863962	0.0	0.0	0.0	0.0	2.009561875038256	1.2602727466618593	0.0	0.0	0.0	0.0	0.0	1.7294691923518806	0.48065680368041497	0.0	2.217447918620912	1.6179481218659282	0.3036843520863962	0.0	0.0	0.0	0.3036843520863962	0.7032092222571881	0.0	0.0	0.0	0.0	0.0	0.0	0.0	0.48065680368041497	0.6060354669793245	0.0	0.3036843520863962	1.6486256921384361	0.0	0.0	0.0	0.0	0.7032092222571881	0.6060354669793245	0.0	1.584937729377823	0.0	0.0	0.48065680368041497	0.0	0.0	0.0	2.368881794934835	0.6060354669793245	0.3036843520863962	0.7825662075445904	2.222744649645435	0.0	1.523647090685671	0.3036843520863962	0.0	0.0	0.7032092222571881	0.0	0.0	1.4030221271387002	0.0	0.8496384816788836	0.48065680368041497	4.049439733912629	0.0	0.0	1.2354319599434547	0.3036843520863962	0.0	0.0	0.3036843520863962	0.0	0.0	0.0	0.48065680368041497	0.0	0.0	0.0	0.3036843520863962	0.0	0.0	1.7760554302245848	0.0	0.7825662075445904	0.0	0.0	1.1510447134564483	0.0	0.0	0.0	0.7032092222571881	1.0840352404372167	0.3036843520863962	0.48065680368041497	0.0	0.8496384816788836	0.0	0.8496384816788836	0.0	0.8496384816788836	0.0	0.0	0.0	0.0	0.3036843520863962	0.3036843520863962	0.0	0.0	0.0	0.6060354669793245	3.2547325876911124	0.0	2.4032115545192476	0.6060354669793245	0.0	0.0	0.48065680368041497	0.3036843520863962	0.0	0.48065680368041497	0.3036843520863962	0.0	0.0	0.0	0.0	0.0	0.0	0.0	0.0	0.0	0.0	0.0	0.0	0.0	0.0	0.0	0.0	0.0	0.0	0.0	0.0	0.0	0.48065680368041497	1.1810330076563047	0.0	1.4822384585650046	0.0	0.3036843520863962	0.9589502073951354	1.9737189689173842	1.7975994231628234	0.0	1.6486256921384361	3.0342653724899975	0.3036843520863962	0.0	0.8496384816788836	0.0	0.0	1.2354319599434547	0.3036843520863962	0.0	0.7032092222571881	1.0840352404372167	0.0	1.2354319599434547	0.0	0.0	0.3036843520863962	1.2354319599434547	0.0	0.3036843520863962	0.0	0.0	1.6284166112964011	0.6060354669793245	1.7211947572119088	0.0	0.0	0.0	4.5840462338990156	1.2354319599434547	0.0	1.1188311004145208	4.165370405385317	2.482396307702249	0.6060354669793245	0.0	0.0	0.0	0.0	0.0	0.8496384816788836	0.0	2.5131321227616525	2.5117812325751263	0.0	0.0	0.0	0.7825662075445904	0.0	0.0	1.5962222904793093	0.3036843520863962	0.0	0.3036843520863962	0.3036843520863962	1.0840352404372167	1.5614489402631502	0.0	0.0	1.1188311004145208	0.0	0.0	1.7975994231628234	0.0	0.0	0.0	0.9077245182461816	2.4721422543970997	0.6060354669793245	0.0	0.3036843520863962	0.3036843520863962	0.0	0.0	0.0	0.3036843520863962	0.0	1.4030221271387002	0.6060354669793245	0.0	0.0	0.0	0.0	0.3036843520863962	1.327261312153892	1.3060594807474677	0.0	0.0	0.0	0.0	0.0	0.0	0.9589502073951354	0.0	0.0	3.5937870323995553	0.7825662075445904	0.8496384816788836	0.0	0.0	0.0	0.0	1.4822384585650046	0.0	0.0	0.7825662075445904	0.0	0.0	0.0	2.248300576055342	0.0	0.0	0.3036843520863962	0.7032092222571881	0.7032092222571881	0.48065680368041497	0.0	0.0	0.0	0.0	0.0	0.0	0.0	0.0	0.48065680368041497	0.0	0.0	0.0	0.48065680368041497	0.0	0.0	0.0	0.0	0.0	0.0	0.7032092222571881	2.115841517786568	0.48065680368041497	1.8744532147224278	0.48065680368041497	0.0	0.0	0.0	0.0	0.3036843520863962	1.2354319599434547	0.9077245182461816	1.2602727466618593	0.0
SRR39238475	0.0	1.579156048668729	0.0	2.664961913374435	0.0	0.5845497983091323	0.0	0.4615918686746897	0.0	1.2565156680435372	0.0	0.0	0.8825915402761255	0.28943532462972094	0.978901427242001	0.0	0.0	0.0	0.0	0.0	0.0	0.28943532462972094	0.28943532462972094	0.0	0.0	0.0	0.0	0.0	1.7093334446562007	0.0	0.5845497983091323	0.5845497983091323	0.0	4.002742051079869	0.0	1.057682128055266	0.0	0.0	0.4615918686746897	0.0	0.0	1.2083600943731028	0.0	0.0	0.0	0.0	3.109090243513567	0.0	0.0	0.4615918686746897	1.3753977408886453	0.0	0.0	0.0	0.0	0.0	2.196746172919576	0.0	0.0	0.0	0.0	0.0	0.0	0.0	0.0	0.0	0.0	0.9334107617520873	0.0	0.0	0.0	0.0	0.0	0.0	0.0	2.1196811399606355	0.0	0.0	0.0	0.5845497983091323	0.0	0.0	0.0	0.0	0.0	0.0	2.2621750434171584	1.639775224177357	0.0	0.0	0.0	0.0	0.0	0.4615918686746897	0.28943532462972094	0.0	1.9162894061118203	1.1541912260692524	0.0	0.0	0.0	0.0	0.0	0.4615918686746897	0.0	0.0	0.0	0.0	0.0	0.0	0.0	1.020075678978464	0.0	0.0	0.0	2.9812676431046565	0.0	0.0	0.0	0.0	0.0	0.8825915402761255	0.0	2.3549915528936296	0.0	0.0	0.0	0.0	0.0	0.0	1.9261539248332864	0.28943532462972094	0.0	0.28943532462972094	2.4565795155833356	0.28943532462972094	0.4615918686746897	0.0	0.0	0.0	0.0	0.0	1.2331049896947432	1.610522438147795	0.0	0.28943532462972094	0.0	3.8836381180995643	0.0	0.0	1.2787286772404611	0.28943532462972094	0.4615918686746897	0.0	0.0	0.0	0.0	0.0	0.0	0.0	0.0	0.0	0.0	0.0	0.28943532462972094	0.0	0.0	0.6802669760585884	0.0	0.0	2.1697720077984473	0.0	0.0	0.0	0.5845497983091323	0.0	0.6802669760585884	0.5845497983091323	0.0	0.0	0.0	0.0	0.0	0.0	0.0	0.0	0.0	0.0	0.0	0.0	0.0	0.0	0.28943532462972094	0.4615918686746897	4.29639061097601	0.0	1.5086813806163268	0.0	0.0	0.0	1.3200118565340333	0.0	0.0	0.0	0.0	0.0	0.0	0.0	0.0	0.0	0.0	0.0	0.0	0.0	0.0	0.0	0.0	0.0	0.0	0.0	0.0	0.0	0.0	0.0	0.0	0.0	0.0	0.0	0.0	0.5845497983091323	0.28943532462972094	0.0	0.28943532462972094	1.8906009243932864	0.28943532462972094	0.0	0.4615918686746897	2.993131391229058	0.0	0.0	0.28943532462972094	0.0	0.0	0.28943532462972094	0.0	0.0	0.0	0.4615918686746897	0.0	0.4615918686746897	0.0	0.0	0.0	2.554048293638516	0.0	0.0	0.0	0.0	3.237292514468238	0.4615918686746897	1.020075678978464	0.0	0.0	0.0	1.4544182797308223	0.5845497983091323	0.0	0.5845497983091323	2.9074699439757943	1.8341604521345936	0.0	0.0	0.0	0.0	0.4615918686746897	0.0	0.0	0.28943532462972094	2.9977048991985633	4.203300078109075	0.0	0.0	0.0	0.0	0.0	0.0	0.7586511745662498	0.6802669760585884	0.0	0.0	1.020075678978464	1.7550462470141444	0.0	0.0	0.4615918686746897	0.8825915402761255	0.28943532462972094	0.0	3.3408663889747596	0.0	0.0	0.0	0.6802669760585884	3.7614702688060073	0.0	0.0	0.0	0.0	0.0	0.0	0.0	0.0	0.0	1.2331049896947432	0.5845497983091323	0.0	0.0	0.0	0.0	0.0	0.6802669760585884	0.4615918686746897	0.0	0.0	0.0	0.0	0.0	0.0	0.7586511745662498	0.0	0.0	2.077054806833286	0.5845497983091323	0.0	0.0	0.0	0.0	0.0	2.0804864738211633	0.0	0.0	0.4615918686746897	0.0	0.0	0.0	3.627582079158219	0.28943532462972094	0.0	0.0	0.28943532462972094	0.0	0.0	0.0	0.0	0.0	0.0	0.0	0.0	0.0	0.0	0.0	0.0	0.4615918686746897	0.0	0.28943532462972094	0.0	0.0	0.0	0.0	0.0	0.0	0.28943532462972094	3.35471885640405	0.0	0.6802669760585884	0.8825915402761255	0.0	0.0	0.6802669760585884	0.0	0.0	0.5845497983091323	0.0	0.5845497983091323	0.0
SRR39238476	0.0	1.196406901607217	0.9221633671485245	1.4358883728226433	0.0	0.0	1.0991423189284861	1.5124084367326123	0.0	2.128775375435225	0.0	2.211925959780737	2.1918495069976065	1.4523090389107314	1.0611924942612847	0.3120314192079231	0.3120314192079231	0.49172874904723307	0.0	0.0	0.9221633671485245	0.7164409508367078	0.9736119888201294	0.0	0.49172874904723307	0.3120314192079231	0.6184593545120742	0.0	2.1738700824706076	0.7963351196657262	0.49172874904723307	2.2571362285885743	0.3120314192079231	3.208673587016695	0.3120314192079231	1.7114943202910093	0.0	0.0	0.0	0.0	0.0	2.209114094176964	1.6647017083972482	0.0	0.0	0.0	0.7164409508367078	0.9221633671485245	0.49172874904723307	0.8637904242893772	2.3889959737316095	0.0	0.3120314192079231	0.0	0.6184593545120742	0.0	2.965695793794131	0.0	0.0	0.0	0.0	0.0	0.3120314192079231	0.0	0.3120314192079231	0.0	1.4681313934002493	2.1769188197547127	0.0	0.0	1.5651930464810797	0.0	1.166342402144931	0.0	0.0	1.3825363118337457	0.0	0.49172874904723307	0.0	0.49172874904723307	0.6184593545120742	0.6184593545120742	0.3120314192079231	0.0	0.0	0.0	3.717120867462692	1.8207350032712342	0.0	0.3120314192079231	0.0	0.0	0.0	1.8602728227109688	1.0196062134934432	0.0	2.2174956566076682	3.174921037825563	0.3120314192079231	0.0	0.0	0.0	0.49172874904723307	1.1340408323981195	0.9221633671485245	0.0	1.0991423189284861	0.9221633671485245	0.0	0.0	0.0	0.7963351196657262	0.7963351196657262	0.0	0.7963351196657262	2.082244519033438	0.0	0.0	0.0	0.0	0.6184593545120742	0.7164409508367078	0.7164409508367078	1.9135538036322841	0.0	0.0	0.0	0.0	0.3120314192079231	0.0	3.2114882969302565	1.8906762221726232	0.6184593545120742	1.2509313201321504	2.390856298963115	0.49172874904723307	1.6232607936445438	0.3120314192079231	0.0	0.0	0.8637904242893772	0.3120314192079231	0.6184593545120742	1.6744722626467436	0.0	0.6184593545120742	0.7164409508367078	2.6710183642659495	0.0	0.0	1.5124084367326123	0.9736119888201294	0.7164409508367078	0.0	0.3120314192079231	0.7963351196657262	0.0	0.0	1.4523090389107314	0.0	0.0	0.49172874904723307	0.49172874904723307	0.0	0.49172874904723307	2.1079170892068686	0.0	1.196406901607217	0.6184593545120742	0.3120314192079231	1.8343181706490674	0.0	0.49172874904723307	0.0	1.0991423189284861	1.3825363118337457	0.7164409508367078	0.7164409508367078	0.0	1.4188223612651998	0.7164409508367078	0.9221633671485245	0.0	1.166342402144931	0.0	0.49172874904723307	0.0	0.0	0.0	1.0611924942612847	0.0	0.0	0.6184593545120742	0.3120314192079231	3.4341833811242766	0.0	2.7940169341798557	1.196406901607217	0.0	0.3120314192079231	1.0196062134934432	1.4681313934002493	0.3120314192079231	1.2993676041265065	0.9221633671485245	0.0	0.3120314192079231	0.0	0.9221633671485245	0.0	0.0	0.3120314192079231	0.9221633671485245	0.0	0.0	0.0	0.0	0.0	0.0	0.0	0.0	0.0	0.0	1.1340408323981195	0.3120314192079231	0.3120314192079231	0.3120314192079231	1.4188223612651998	0.3120314192079231	1.9079463947018578	0.3120314192079231	0.0	0.6184593545120742	2.5227234252558075	1.896509587491244	0.0	1.8067132490112414	3.910805789724999	1.2758243667150142	0.0	0.49172874904723307	0.0	0.6184593545120742	1.600956474088346	1.1340408323981195	0.0	0.0	1.3825363118337457	0.49172874904723307	1.9708828140860288	0.0	0.0	0.9736119888201294	1.5262181216279986	0.0	0.6184593545120742	1.0196062134934432	0.3120314192079231	2.151907763939034	1.8665261635411443	3.8693623673996496	0.3120314192079231	0.0	0.0	3.0039801864964426	1.9135538036322841	0.0	1.166342402144931	4.117247374674768	3.4405212430782757	0.49172874904723307	0.0	0.7164409508367078	0.49172874904723307	2.281685942652462	0.3120314192079231	0.6184593545120742	0.9221633671485245	2.802732877485211	3.6586150497566226	0.0	0.0	0.0	2.0127407664874215	0.0	0.7164409508367078	2.6469932533478264	0.7963351196657262	0.0	0.0	1.3429398056173287	1.3216999186421268	1.84748935815143	0.0	0.9221633671485245	1.4010581965839284	0.0	0.7164409508367078	1.9946333359309425	0.3120314192079231	0.0	0.0	1.4010581965839284	2.7180447716401357	1.196406901607217	0.49172874904723307	0.0	0.0	0.0	0.0	0.0	0.0	0.0	1.827579688865678	2.4018539482936543	0.7164409508367078	0.0	0.0	0.7963351196657262	0.0	1.5774443485271803	1.8343181706490674	1.3216999186421268	0.49172874904723307	0.0	0.0	0.0	0.3120314192079231	1.9079463947018578	1.1340408323981195	1.0611924942612847	4.153444346853778	1.0196062134934432	0.49172874904723307	0.0	0.0	0.0	0.0	1.8847634361662255	0.0	0.0	1.5651930464810797	0.0	0.0	0.0	2.6956281223882668	0.3120314192079231	0.0	0.49172874904723307	1.2758243667150142	0.3120314192079231	0.3120314192079231	0.3120314192079231	0.0	0.0	0.49172874904723307	0.9221633671485245	0.0	0.0	0.0	0.0	0.0	0.6184593545120742	0.0	1.363189175597522	0.0	0.49172874904723307	0.0	0.3120314192079231	0.0	0.0	1.0991423189284861	3.4341833811242766	1.0196062134934432	2.8856194131789157	1.0196062134934432	0.0	0.0	2.4900062616530216	0.0	0.0	1.1340408323981195	1.7114943202910093	2.2005675852214353	1.0991423189284861
SRR39238477	0.0	1.0598843213673776	1.2947211852094918	1.182437254455803	0.0	0.0	0.24265638259944336	0.6013918553983728	0.0	1.457777797180731	0.0	0.8443343721302323	0.511266656629658	0.24265638259944336	1.5400894004609371	0.0	0.0	0.8443343721302323	0.24265638259944336	0.0	0.7951316359849856	0.6759902801568832	0.24265638259944336	0.0	0.0	0.0	0.6013918553983728	0.0	0.3974055821846223	0.0	0.0	1.2779094688048582	0.511266656629658	3.0395142651409	0.511266656629658	1.6618861458429113	0.0	0.0	1.2231769847988465	0.0	0.0	1.9398845823859636	0.511266656629658	0.511266656629658	0.0	0.0	1.1131208850811352	0.0	0.0	0.7951316359849856	1.8799342523289082	0.0	0.7396337629341857	0.0	0.0	0.24265638259944336	3.5009555111156265	0.0	0.0	0.24265638259944336	0.0	0.0	0.24265638259944336	0.24265638259944336	0.6013918553983728	0.0	0.0	1.3109062941257308	0.0	0.0	1.7453697947484652	0.24265638259944336	2.1649526368043843	0.0	0.0	1.326509831897896	0.0	0.0	0.3974055821846223	1.409920795913498	0.0	0.0	0.24265638259944336	0.0	0.0	0.0	1.853427440503767	0.9653470770049768	0.0	0.0	0.0	0.0	0.0	2.002362831713665	0.0	0.0	1.9246894203272369	1.1605384379985955	1.0598843213673776	0.0	0.0	0.0	1.5673347547498453	1.6249567484716818	0.0	1.6758213114621103	0.3974055821846223	0.0	0.0	0.0	0.0	0.3974055821846223	0.0	0.0	0.0	2.207286973277071	0.24265638259944336	0.0	0.24265638259944336	0.0	0.0	2.8764814523596582	0.0	1.2421979401056078	0.0	0.24265638259944336	0.0	0.0	0.3974055821846223	0.0	3.4382839878009803	0.7951316359849856	0.0	0.511266656629658	2.606834148083085	0.0	0.888525706387655	0.24265638259944336	0.0	0.0	0.0	0.0	0.24265638259944336	1.137476488894858	0.24265638259944336	1.6826247276316912	1.7453697947484652	3.773844955869852	0.0	0.0	0.511266656629658	0.0	0.0	0.0	0.0	0.0	0.0	0.0	0.0	0.24265638259944336	0.0	0.0	0.3974055821846223	0.0	1.2421979401056078	0.0	0.0	0.0	0.0	0.0	2.0899030886200043	0.0	0.0	0.0	0.888525706387655	1.2947211852094918	0.6013918553983728	0.3974055821846223	0.0	0.0	0.0	0.511266656629658	0.0	0.0	0.0	0.0	0.0	0.0	0.0	0.6759902801568832	0.0	0.511266656629658	0.0	0.24265638259944336	3.3394542804020966	0.0	1.8668830427581469	0.0	0.0	0.24265638259944336	0.24265638259944336	0.0	0.24265638259944336	0.0	0.0	0.24265638259944336	0.0	0.0	0.0	0.0	0.0	0.0	0.0	0.0	0.0	0.0	0.0	0.0	0.0	0.0	0.0	0.0	0.9653470770049768	0.24265638259944336	0.0	0.24265638259944336	1.6011912140169535	0.3974055821846223	0.0	0.3974055821846223	0.0	0.0	0.0	0.9653470770049768	2.3385644471064366	0.3974055821846223	2.811856584472356	0.0	0.8443343721302323	0.24265638259944336	0.24265638259944336	0.0	0.0	0.6759902801568832	0.7396337629341857	0.0	0.0	0.6013918553983728	0.0	0.6013918553983728	0.24265638259944336	0.0	0.0	2.1302527923374073	0.0	1.76813197698807	0.0	0.24265638259944336	1.8668830427581469	2.054112643891326	0.6013918553983728	1.4689611753977545	0.0	0.0	1.584592820974701	0.9991981134494469	0.0	1.1131208850811352	4.270375395539461	1.9581601177917654	0.0	0.0	0.24265638259944336	0.0	0.0	0.24265638259944336	0.24265638259944336	0.3974055821846223	4.30760935240316	4.185316374901984	0.0	0.0	0.6013918553983728	0.7396337629341857	0.0	0.3974055821846223	2.1715718944184776	0.24265638259944336	0.0	0.24265638259944336	0.511266656629658	0.24265638259944336	1.1605384379985955	0.0	0.0	0.9991981134494469	0.0	0.888525706387655	2.391809488024602	0.888525706387655	0.0	0.0	0.0	2.9770619831239036	0.0	0.0	0.8443343721302323	0.0	0.0	0.0	0.0	0.0	0.0	1.1131208850811352	0.888525706387655	0.0	0.0	1.2604206657567765	0.3974055821846223	0.0	1.8488479751432803	1.2947211852094918	0.0	0.24265638259944336	0.0	0.0	0.0	0.24265638259944336	0.6759902801568832	0.24265638259944336	0.3974055821846223	2.1180414594557213	2.4368627417300313	0.0	0.0	0.0	0.24265638259944336	0.0	1.1131208850811352	0.0	0.0	0.7951316359849856	0.3974055821846223	0.0	0.24265638259944336	2.2458586869486368	0.3974055821846223	0.0	0.0	0.0	0.8443343721302323	0.24265638259944336	0.0	0.0	0.0	0.3974055821846223	0.0	0.0	0.0	0.7396337629341857	0.0	0.0	0.0	0.0	0.0	0.0	0.24265638259944336	0.0	0.3974055821846223	0.0	0.0	1.5493624023227193	3.2576868407186432	1.5673347547498453	0.8443343721302323	0.9653470770049768	0.24265638259944336	0.0	0.6759902801568832	0.0	0.0	0.511266656629658	1.3561295311109947	1.3702147411685732	0.511266656629658
SRR39238478	0.0	0.2687971506706212	2.4882452165694247	2.469718012840736	0.0	0.0	0.7230190722473911	0.0	0.0	0.2687971506706212	0.0	1.6333665258377061	0.0	2.696501836216162	2.2429342881507623	0.0	0.2687971506706212	0.6461828635484176	0.0	0.0	0.6461828635484176	0.0	0.0	0.0	0.0	0.0	0.0	0.0	0.8951735757319788	0.0	0.0	1.2978176592924633	0.0	4.425250504652806	0.0	2.5542985555544044	0.0	0.0	0.0	0.0	0.0	2.057345296742514	0.0	0.2687971506706212	0.0	0.0	0.0	0.2687971506706212	0.0	0.0	1.7535899500806114	0.0	1.6156979737831023	0.0	0.0	0.0	1.4912607036462548	0.0	0.0	0.2687971506706212	0.0	0.0	0.0	0.0	0.4335896542147367	0.0	0.0	0.0	0.0	0.0	0.4335896542147367	0.0	0.0	0.0	0.0	0.0	0.0	0.0	0.2687971506706212	2.459503863480584	0.0	0.0	0.0	0.0	0.0	0.0	2.1934184334257933	1.3826886306416455	0.0	0.0	0.0	0.0	0.0	2.5726016048628257	0.0	0.0	2.317063720163691	0.9401394147238197	0.4335896542147367	0.0	0.0	0.0	1.5877695898100788	0.8951735757319788	0.2687971506706212	1.6156979737831023	0.2687971506706212	0.0	0.0	0.0	0.5527668341944187	0.6461828635484176	0.5527668341944187	0.0	0.0	2.8279108623727867	0.2687971506706212	0.0	0.2687971506706212	0.0	0.2687971506706212	2.5553358829370616	0.0	1.397839826498716	0.2687971506706212	0.0	0.0	0.0	0.4335896542147367	0.0	3.4705371379747696	0.8951735757319788	0.0	0.4335896542147367	3.092265427070069	0.0	1.5258685741921145	0.0	0.0	0.0	0.0	0.2687971506706212	0.7882830486799083	0.4335896542147367	0.0	0.0	0.0	1.8203801720088972	0.0	0.0	0.0	0.0	0.0	0.0	0.0	0.0	0.0	0.0	0.0	0.4335896542147367	0.5527668341944187	0.0	0.0	0.2687971506706212	1.258607076619514	0.2687971506706212	0.0	1.4403586974661513	0.0	0.2687971506706212	2.7392421004260927	0.0	0.0	0.0	0.2687971506706212	0.0	0.0	0.0	0.0	0.0	0.0	0.0	0.0	0.0	0.0	0.0	0.0	0.0	0.0	0.0	0.0	0.0	0.0	0.0	4.178514989161207	0.0	1.5146362757149907	0.0	0.4335896542147367	0.0	1.6065866201472843	0.0	0.0	0.0	0.0	0.0	0.0	0.0	0.0	0.0	0.0	0.0	0.0	0.0	0.4335896542147367	0.0	0.0	0.0	0.0	0.0	0.0	0.0	0.0	0.0	0.0	0.0	0.0	0.0	0.0	0.2687971506706212	0.0	0.0	0.0	0.8951735757319788	3.074137327810499	0.4335896542147367	3.5302234636243606	0.0	0.4335896542147367	0.0	1.1415768690720802	0.0	0.0	0.7230190722473911	0.0	0.0	0.0	0.4335896542147367	0.0	0.6461828635484176	0.5527668341944187	0.0	0.5527668341944187	3.1056005078400317	0.0	0.0	0.0	0.0	2.6152446399950096	0.4335896542147367	0.2687971506706212	1.5877695898100788	0.0	0.0	1.9630097121914607	1.1922308035691298	0.0	1.8031592557984324	3.268038891776114	1.4266431164511666	0.2687971506706212	0.0	0.2687971506706212	0.0	0.0	0.2687971506706212	0.0	0.0	1.6503442747353452	3.3444283079565422	0.0	0.0	0.0	0.0	0.0	0.0	0.845008592750667	0.2687971506706212	0.0	0.0	0.0	0.0	0.7882830486799083	0.0	0.0	0.4335896542147367	0.0	0.0	2.901976405179189	0.0	0.0	0.0	0.6461828635484176	3.811365333949915	0.0	0.0	0.0	0.0	0.0	0.0	0.0	0.0	0.0	0.8951735757319788	0.0	0.0	0.0	0.4335896542147367	0.0	0.0	0.6461828635484176	0.0	0.2687971506706212	0.0	0.0	0.0	0.0	0.0	1.1415768690720802	0.0	0.0	2.263701299270232	3.527691234283661	0.0	0.0	0.0	0.0	0.0	3.0132747460702265	0.0	0.0	1.5780462339111256	0.0	0.2687971506706212	0.5527668341944187	3.5916437922347804	0.0	0.0	0.4335896542147367	0.0	0.6461828635484176	0.0	0.2687971506706212	0.0	0.0	0.4335896542147367	1.2375890112314085	0.0	0.0	1.4912607036462548	0.0	0.0	0.0	0.0	0.0	0.0	0.0	0.0	0.7882830486799083	0.0	0.0	1.92491413822318	2.47969744586365	0.0	0.845008592750667	1.1922308035691298	0.0	0.0	0.6461828635484176	0.0	0.0	0.0	0.2687971506706212	1.0181304710902621	0.2687971506706212
SRR39238479	0.21458705233759054	0.9046796433653053	2.883820678584062	1.5093705290082484	0.6843231215593215	0.6227477860958894	0.9379372788206496	0.21458705233759054	0.4649500806072372	1.7527831220821555	0.4649500806072372	1.9861201831690036	0.21458705233759054	2.7571334701467807	1.4345729459140053	0.3575653736719072	0.9976671389948343	0.7862007195696201	0.4649500806072372	0.0	2.4988658718380163	0.6227477860958894	0.21458705233759054	0.0	0.0	0.0	0.0	0.9688282546194174	2.211320102123681	0.4649500806072372	0.0	1.8938876409975653	0.5509766834284909	3.2856097979274947	0.6843231215593215	1.245877585301944	0.4649500806072372	0.21458705233759054	0.0	0.0	0.0	3.036114834091914	0.6227477860958894	0.21458705233759054	0.0	1.5006956054841378	0.21458705233759054	0.0	0.0	0.5509766834284909	2.141109640568391	0.0	1.5262172285411013	0.0	1.3565428609084311	0.8293858036773725	2.364907352900396	0.21458705233759054	0.7862007195696201	0.0	0.5509766834284909	0.3575653736719072	0.3575653736719072	0.3575653736719072	0.7862007195696201	0.21458705233759054	0.0	0.6843231215593215	0.0	0.0	1.3803035253243945	1.4641517698728574	0.7382424253405815	0.0	0.0	0.7382424253405815	0.0	0.7382424253405815	0.0	2.0322887016823628	0.7862007195696201	0.21458705233759054	0.0	0.0	0.21458705233759054	0.7382424253405815	2.5014976227673604	2.1776321556621054	0.21458705233759054	0.0	0.0	0.0	0.0	2.358876474902435	0.3575653736719072	0.6843231215593215	1.158954473812685	1.5178755611078958	1.1392684827510218	0.0	0.0	0.0	1.4242480612043116	1.5580684269856013	1.3565428609084311	1.9595341542928357	0.9688282546194174	0.4649500806072372	0.0	0.0	1.9376687938917383	2.224758250361551	2.2504479777128186	0.9046796433653053	0.9046796433653053	2.4355067171418563	1.2131652257786023	0.21458705233759054	1.1392684827510218	0.4649500806072372	0.7382424253405815	0.8686624001384466	2.1645311123899775	1.9312138777519268	1.0969986056528098	1.0501665799217472	0.9976671389948343	0.21458705233759054	1.8331356917612935	0.0	2.4744336665871036	1.4545142783994136	0.0	0.6227477860958894	2.6912021605648806	0.0	1.6951867018001565	0.6843231215593215	0.0	0.8293858036773725	0.0	0.21458705233759054	0.7862007195696201	1.6287667213785562	0.3575653736719072	0.9976671389948343	0.0	3.473587288217458	0.6227477860958894	0.9976671389948343	1.5006956054841378	1.331406605078338	0.0	0.0	0.8686624001384466	0.0	0.3575653736719072	1.074213551990773	0.0	0.0	0.7382424253405815	1.0501665799217472	0.21458705233759054	0.6227477860958894	1.580511831768572	0.6227477860958894	0.0	1.747851539866611	0.0	0.21458705233759054	2.5101566994831264	0.0	0.3575653736719072	0.0	0.9688282546194174	1.3047256409514645	0.5509766834284909	1.3803035253243945	0.0	0.0	1.074213551990773	1.0247096725333762	0.0	0.0	0.0	0.0	0.0	0.0	0.5509766834284909	0.9046796433653053	0.0	0.21458705233759054	0.0	0.21458705233759054	3.5551470302206236	0.21458705233759054	1.947174770581333	0.4649500806072372	0.6843231215593215	0.6843231215593215	4.065415562936777	0.6227477860958894	0.3575653736719072	0.0	0.0	0.21458705233759054	0.4649500806072372	0.3575653736719072	0.21458705233759054	0.0	0.0	0.0	0.4649500806072372	0.21458705233759054	0.21458705233759054	0.9379372788206496	0.6227477860958894	0.8293858036773725	1.5424347585848623	0.9046796433653053	0.21458705233759054	1.7223169341601605	0.3575653736719072	0.5509766834284909	0.7862007195696201	0.6227477860958894	0.5509766834284909	0.5509766834284909	0.21458705233759054	0.0	0.5509766834284909	0.4649500806072372	0.9379372788206496	1.90091721117176	2.599008091766037	0.21458705233759054	3.4796075916576212	0.9688282546194174	1.1777866859210326	0.0	1.2762976099761598	0.0	0.0	1.4446580569141538	0.7862007195696201	0.4649500806072372	0.0	1.4345729459140053	0.0	1.4136717232922495	0.9379372788206496	0.4649500806072372	0.21458705233759054	2.468812439793184	0.0	0.7862007195696201	0.0	1.5503219362970473	2.3612988851481718	1.0501665799217472	1.0247096725333762	0.7382424253405815	0.5509766834284909	0.0	3.976269157552801	0.21458705233759054	0.3575653736719072	1.9861201831690036	3.5092054054085975	1.9213479726655223	0.3575653736719072	0.0	0.5509766834284909	0.21458705233759054	1.074213551990773	0.4649500806072372	0.4649500806072372	0.0	1.6951867018001565	3.929587586269994	0.6227477860958894	1.2613538883786648	0.3575653736719072	0.3575653736719072	0.0	0.6843231215593215	1.7576593324501832	0.8293858036773725	0.0	0.5509766834284909	0.3575653736719072	0.21458705233759054	1.245877585301944	1.1392684827510218	0.3575653736719072	1.4545142783994136	0.9046796433653053	0.4649500806072372	2.6984866613159793	0.3575653736719072	0.0	0.0	2.2164082594600063	3.102310702374786	0.0	0.0	1.0501665799217472	0.0	0.0	0.0	0.21458705233759054	0.21458705233759054	0.0	1.4828079482955565	1.1777866859210326	0.21458705233759054	0.0	0.0	0.7862007195696201	0.6843231215593215	0.7862007195696201	0.3575653736719072	2.199210648786736	0.0	0.0	0.0	0.0	0.8293858036773725	1.747851539866611	0.6227477860958894	0.0	4.2846441991089455	2.1831281232062216	0.0	0.0	2.0348575129742987	0.5509766834284909	0.0	1.3685856689242453	0.21458705233759054	1.6018521798682508	0.6227477860958894	1.5877424228113737	1.5948546001592958	0.7382424253405815	2.8339159050697833	0.0	0.0	0.7382424253405815	0.5509766834284909	0.8293858036773725	0.7382424253405815	0.7862007195696201	1.2298293318542786	0.0	1.4345729459140053	1.635242578654403	0.6227477860958894	0.0	0.6227477860958894	0.0	0.0	0.0	0.4649500806072372	1.1777866859210326	0.3575653736719072	0.3575653736719072	0.6227477860958894	0.4649500806072372	0.0	0.0	2.722798574247719	2.856506143463494	1.2298293318542786	1.0247096725333762	1.6951867018001565	0.0	0.0	1.491843864654785	0.9379372788206496	1.0969986056528098	0.0	1.331406605078338	1.34415656329878	0.6227477860958894
SRR39238480	0.0	0.551287108842055	2.9391398672359905	2.428060325440604	0.0	0.551287108842055	0.2678492479799334	0.4322919489274514	0.0	1.438376802618996	0.0	1.6646709457316637	0.7213523198697592	2.3994942275850466	1.050559936024337	0.0	0.0	0.8432463842367333	0.2678492479799334	0.0	2.0284010554408853	0.2678492479799334	0.2678492479799334	0.0	0.2678492479799334	0.4322919489274514	0.0	0.2678492479799334	1.3958656227402892	0.0	0.0	1.9650089887069468	0.0	3.6083323577029924	0.4322919489274514	1.295864812734855	0.551287108842055	0.0	0.2678492479799334	0.0	0.0	3.2687850136690817	0.0	0.6445915359669578	0.0	1.3318182916449408	0.0	0.2678492479799334	0.0	0.6445915359669578	2.179288456371396	0.0	1.1903065294392787	0.0	0.7213523198697592	0.4322919489274514	1.3958656227402892	0.0	1.438376802618996	0.0	0.9383192953260217	0.0	0.0	0.551287108842055	0.4322919489274514	0.0	0.0	0.4322919489274514	0.0	0.0	0.2678492479799334	0.0	0.0	0.0	0.0	0.2678492479799334	0.2678492479799334	0.2678492479799334	0.2678492479799334	1.9048162135007969	0.551287108842055	0.2678492479799334	0.0	0.0	0.0	0.8432463842367333	2.997282397245914	1.46456875597388	0.9383192953260217	0.0	0.0	0.0	0.0	2.561495448927469	0.4322919489274514	0.0	2.387520053213901	1.46456875597388	0.979042012001256	0.0	0.0	0.0	1.213570615271153	1.295864812734855	0.551287108842055	2.0142961958829813	0.7213523198697592	0.0	0.0	0.0	1.80113501406849	2.2213107712091547	2.487402710295713	1.1119489339326976	0.0	2.342802133709332	1.4770952470058283	0.0	0.8432463842367333	0.551287108842055	0.2678492479799334	1.295864812734855	1.501113787841395	1.501113787841395	0.551287108842055	0.0	0.2678492479799334	0.2678492479799334	1.2566640394121917	0.0	2.9538038533735094	1.213570615271153	0.0	0.0	2.745254649324154	0.0	1.3318182916449408	0.0	0.0	0.7865619113357925	0.0	0.0	1.050559936024337	1.4892705386438618	0.2678492479799334	0.551287108842055	0.2678492479799334	2.561495448927469	0.0	0.0	1.6136912393319667	0.8933792540510229	0.0	0.0	0.2678492479799334	0.0	0.2678492479799334	0.551287108842055	0.0	0.0	0.551287108842055	0.2678492479799334	0.2678492479799334	0.6445915359669578	1.501113787841395	0.8933792540510229	0.0	1.438376802618996	0.2678492479799334	0.6445915359669578	2.51767350472875	0.0	0.4322919489274514	0.0	0.2678492479799334	0.551287108842055	0.2678492479799334	0.8432463842367333	0.0	0.0	0.2678492479799334	0.551287108842055	0.0	0.0	0.0	0.0	0.0	0.0	0.2678492479799334	0.551287108842055	0.0	0.7213523198697592	0.0	0.0	4.141776876136303	0.0	2.655309362343967	0.4322919489274514	0.4322919489274514	1.3807173546152507	1.8456186046235714	0.0	0.0	0.0	0.0	0.0	0.2678492479799334	0.0	0.0	0.0	0.0	0.0	0.6445915359669578	0.0	0.0	0.551287108842055	0.8432463842367333	0.6445915359669578	0.4322919489274514	0.6445915359669578	0.0	1.80113501406849	0.0	0.2678492479799334	0.0	0.0	0.2678492479799334	0.4322919489274514	0.0	0.0	0.0	0.0	0.7865619113357925	0.8432463842367333	2.5919211822508266	0.0	3.348890430977957	0.4322919489274514	0.6445915359669578	0.0	1.1903065294392787	0.0	0.4322919489274514	1.3958656227402892	0.2678492479799334	0.0	0.0	1.3487371595403794	0.0	1.0162714752327597	0.8432463842367333	0.8933792540510229	0.7213523198697592	2.622126207622988	0.0	1.890755975196504	0.0	0.6445915359669578	2.1768302601339475	0.551287108842055	1.0823382260190277	0.6445915359669578	0.2678492479799334	0.0	2.4625913607168055	0.4322919489274514	0.0	1.8403010255137058	3.783626602107715	2.3394246598838997	0.0	0.4322919489274514	0.2678492479799334	0.0	0.2678492479799334	0.551287108842055	0.4322919489274514	0.0	2.11607293855034	4.445959874307911	0.4322919489274514	1.4770952470058283	0.6445915359669578	0.0	0.2678492479799334	0.0	0.979042012001256	0.6445915359669578	0.0	0.0	0.2678492479799334	0.0	0.7213523198697592	0.0	0.2678492479799334	0.7213523198697592	0.0	0.7865619113357925	2.717055971370676	0.0	0.0	0.0	1.8662608005844734	3.15598748592896	0.0	0.0	0.4322919489274514	0.0	0.0	0.0	0.2678492479799334	0.2678492479799334	0.0	1.1119489339326976	0.4322919489274514	0.0	0.0	0.4322919489274514	1.0823382260190277	0.6445915359669578	0.551287108842055	0.0	2.2100398610464587	0.0	0.0	0.0	0.0	0.0	1.5238733150397017	0.0	0.0	2.6674261061916775	2.4933902248876976	0.0	0.0	1.1903065294392787	0.6445915359669578	0.0	1.5559213834171712	0.0	0.551287108842055	1.5760440222591023	1.501113787841395	1.438376802618996	0.4322919489274514	3.112499262635742	0.0	0.9383192953260217	1.7244904124878795	0.0	0.6445915359669578	0.551287108842055	0.7213523198697592	0.4322919489274514	0.0	1.2767065740004795	1.46456875597388	0.2678492479799334	0.0	0.9383192953260217	0.0	0.2678492479799334	0.0	0.0	0.2678492479799334	0.0	0.0	0.2678492479799334	0.0	0.0	0.0	1.5857661723615182	3.8644388079218333	0.7865619113357925	0.4322919489274514	1.770825563106178	0.0	0.0	0.979042012001256	0.0	0.7213523198697592	0.0	0.4322919489274514	0.7865619113357925	0.0
SRR39238482	0.0	0.0	0.3316670600716459	2.9092095586892253	0.0	0.0	0.0	0.3316670600716459	0.0	0.896366754718145	0.0	0.0	0.3316670600716459	3.102173440891959	2.126966727396146	0.0	0.0	0.7470028129310566	0.0	0.0	0.7470028129310566	0.0	0.0	0.0	0.0	0.0	0.0	0.0	0.7470028129310566	0.0	0.0	1.3991521707658723	0.0	3.930177444849435	0.0	0.7470028129310566	0.0	0.3316670600716459	0.0	0.0	0.0	3.230943694881258	0.5175085117367164	0.0	0.0	0.0	0.0	0.0	0.0	0.0	1.2316373480778333	0.0	0.6472414677883201	0.0	0.0	0.0	0.7470028129310566	0.0	0.0	0.0	0.0	0.0	0.0	1.0072985859395396	0.5175085117367164	0.0	0.0	1.8645681845653919	0.0	0.0	1.0536799193218287	0.0	0.3316670600716459	0.0	0.0	0.5175085117367164	0.0	0.0	0.0	1.2864329462183297	0.0	0.0	0.0	0.0	0.0	0.0	3.43544309946243	1.0072985859395396	0.0	0.0	0.0	0.0	0.0	2.4111908131150326	0.0	0.0	2.06302715409284	1.5626701253890778	0.8280745997606399	0.0	0.0	0.0	1.0072985859395396	0.896366754718145	0.0	1.7986089719968477	0.0	0.6472414677883201	0.0	0.0	0.0	0.0	0.0	0.0	0.0	1.956179928238959	0.0	0.0	0.0	0.0	0.0	1.6259566540482306	0.0	2.3422671858578306	0.0	0.0	0.3316670600716459	0.0	0.0	0.0	3.321675363406319	1.0955823556389999	0.0	0.0	2.9845008451739616	0.0	1.168916088886704	0.0	0.0	0.0	0.0	0.0	1.0955823556389999	0.5175085117367164	0.0	0.896366754718145	0.0	2.092165124737945	0.0	0.0	0.0	0.0	0.0	0.0	0.0	0.0	0.0	0.0	0.0	0.0	0.3316670600716459	0.0	0.0	0.0	0.896366754718145	0.6472414677883201	0.0	1.3350830529277027	0.0	0.0	2.2630281997268695	0.0	0.0	0.0	1.0955823556389999	0.3316670600716459	0.0	0.3316670600716459	0.0	0.0	0.0	0.0	0.0	0.0	0.0	0.0	0.0	0.0	0.0	0.0	0.0	0.9553649976809846	0.0	0.0	4.292247413677779	0.0	3.4923636280109482	0.0	0.0	0.0	0.0	1.519738328789809	0.0	0.0	0.896366754718145	0.0	0.0	0.0	0.0	0.0	0.0	0.0	0.0	0.0	0.0	0.0	0.0	0.0	0.0	0.0	0.0	0.0	0.0	0.0	0.0	0.0	0.0	0.0	0.0	0.7470028129310566	0.3316670600716459	0.0	0.0	2.1487090952661023	2.728452798756892	0.9553649976809846	3.303252551125196	0.3316670600716459	1.0536799193218287	0.0	0.5175085117367164	0.0	0.0	0.3316670600716459	0.0	0.0	0.0	0.0	0.0	0.0	0.0	0.0	0.3316670600716459	2.3214028492153003	0.0	0.0	0.0	0.0	2.604403824064001	2.10014339024588	0.3316670600716459	0.3316670600716459	0.0	0.0	1.3788281771086042	1.3575061710159495	0.0	1.504429841243441	2.7035675129249337	2.7484501148905123	0.0	0.0	0.6472414677883201	0.0	0.0	0.0	0.0	0.0	4.122733234754166	2.6388923515303877	0.0	0.0	0.0	0.8280745997606399	0.0	0.0	1.7571153319785235	0.0	0.0	0.0	0.5175085117367164	0.0	0.896366754718145	0.0	0.0	0.5175085117367164	0.0	1.1337952525886346	2.8571259766570973	0.0	0.0	0.0	0.0	3.9715229740743334	0.0	0.0	0.0	0.0	0.0	0.0	0.0	0.0	0.0	1.9393387070529489	0.0	0.0	0.0	0.0	0.0	0.0	0.3316670600716459	0.6472414677883201	0.0	0.0	0.3316670600716459	0.0	0.0	0.0	1.5488257771798277	0.0	0.0	3.436173045443093	3.086552137769913	0.0	0.0	0.0	0.0	0.0	1.6375780564976246	0.0	0.0	0.3316670600716459	0.0	0.0	0.5175085117367164	3.241347338187857	0.3316670600716459	0.0	0.0	0.0	1.4549732812207066	0.0	0.0	0.0	0.0	0.3316670600716459	0.0	0.0	0.0	0.3316670600716459	0.0	0.0	0.0	0.0	0.3316670600716459	0.0	0.0	0.0	0.0	0.0	0.0	2.4888008629557654	2.8394799875605523	0.6472414677883201	1.2864329462183297	0.0	0.0	0.0	1.0536799193218287	0.0	0.0	0.0	0.896366754718145	1.0072985859395396	0.0
SRR39238483	0.0	1.7330411498852034	0.7653335877827767	2.487731517383169	0.0	0.0	0.3436795795677569	0.0	0.3436795795677569	0.8470715367701869	0.0	0.8470715367701869	1.7789643395214552	0.7653335877827767	2.194854262507362	0.0	0.3436795795677569	0.3436795795677569	0.533104800669608	0.0	2.2393290346645482	0.0	0.0	0.0	0.0	0.533104800669608	0.0	0.0	1.2809343134886977	0.0	0.0	2.204775458990119	0.0	3.8470640981406556	0.0	1.1896731824962417	0.0	0.0	0.0	0.0	0.0	2.605006757642136	0.3436795795677569	0.0	0.0	0.0	0.0	0.0	0.0	0.0	1.8932516341891217	0.0	1.659306831995476	0.0	0.0	0.0	1.2809343134886977	0.0	0.0	0.0	0.3436795795677569	0.0	0.0	0.3436795795677569	0.7653335877827767	0.0	0.0	2.1636537139870615	0.0	0.0	1.073988976404961	0.0	0.0	0.0	0.0	0.6645600755805657	0.0	0.0	0.0	3.2042977206579506	0.0	0.0	0.0	0.0	0.0	0.0	3.1421160197579363	1.332608038612584	0.0	0.0	0.0	0.0	0.0	1.6476718756372377	0.0	0.0	2.4095134479132105	1.3075392609551975	0.0	0.0	0.0	0.0	0.533104800669608	1.3075392609551975	0.0	1.541311293859443	0.0	0.0	0.0	0.0	0.0	0.0	0.0	0.0	0.0	2.9552850500593264	0.3436795795677569	0.0	0.533104800669608	0.0	1.1896731824962417	2.721794180385378	0.0	1.3563084012275268	0.0	0.0	0.0	0.0	0.0	0.0	3.1926877945675827	2.0491661275929562	0.0	0.533104800669608	2.411549249056859	0.0	2.619086481801976	0.0	0.0	0.0	0.0	0.0	0.3436795795677569	0.8470715367701869	0.0	3.060953278867786	0.0	2.7364568223940418	0.0	0.0	0.533104800669608	0.3436795795677569	0.0	0.0	0.0	0.3436795795677569	0.0	0.0	0.0	0.0	0.0	0.0	0.0	0.0	0.8470715367701869	0.6645600755805657	0.0	0.7653335877827767	0.3436795795677569	0.3436795795677569	3.6789398073593396	0.0	0.0	0.0	0.0	0.3436795795677569	0.0	0.6645600755805657	0.0	0.0	0.0	0.0	0.0	0.0	0.0	0.0	0.0	0.0	0.0	0.0	0.0	1.1160682857042072	0.0	0.0	4.161922710110613	0.0	3.3951030507391997	0.0	0.0	0.0	0.8470715367701869	1.541311293859443	0.0	0.0	0.0	0.0	0.0	0.0	0.0	0.0	0.0	0.0	1.2525925677769298	0.0	0.0	0.0	0.0	0.0	0.0	0.0	0.0	0.0	0.0	0.0	0.0	0.0	0.0	0.0	0.0	1.154428205294204	0.0	0.0	0.0	2.394989202584947	2.545120392439229	0.0	2.3575513181872654	0.6645600755805657	0.8470715367701869	0.0	0.7653335877827767	0.0	0.0	0.533104800669608	1.8043545932222744	0.0	0.0	0.0	0.0	0.0	0.0	0.0	0.0	2.4685680194558985	0.0	0.9158353713531289	0.0	0.0	3.3645190461927648	1.154428205294204	1.4935891833500254	1.1896731824962417	0.0	0.0	1.6234229058759668	0.7653335877827767	0.0	1.7330411498852034	2.9999476897371533	3.309839235548026	0.0	0.0	0.3436795795677569	0.0	0.0	0.3436795795677569	0.533104800669608	0.0	3.532935921822748	4.024523429177012	0.0	0.0	0.0	0.8470715367701869	0.0	0.0	2.039706980974566	0.3436795795677569	0.0	0.0	0.0	0.0	0.6645600755805657	0.0	0.0	0.3436795795677569	0.0	0.0	2.967312505001557	0.0	0.0	0.3436795795677569	0.3436795795677569	4.035813544138019	0.0	0.0	0.0	0.0	0.0	0.0	0.0	0.0	0.0	2.0674879160238064	0.0	0.0	0.0	0.0	0.0	0.0	0.7653335877827767	0.533104800669608	1.378782041420653	0.0	0.0	0.0	0.0	0.0	2.3666549774098407	0.0	0.0	2.8841394978803034	2.693024407737176	0.0	0.0	0.0	0.3436795795677569	0.0	1.2222713283633537	0.0	0.3436795795677569	0.8470715367701869	0.3436795795677569	0.0	0.3436795795677569	3.096770824697005	0.0	0.0	0.0	0.0	1.7701599854290233	0.0	0.0	0.0	0.0	0.0	0.533104800669608	0.0	0.0	1.5561204458199223	0.0	0.0	0.3436795795677569	0.0	0.0	0.0	0.0	0.0	1.761173442816064	0.0	0.0	3.34626023206832	2.4685680194558985	0.0	0.0	0.3436795795677569	0.0	0.0	1.8583940157048398	0.0	0.0	0.0	0.3436795795677569	1.7701599854290233	0.0
SRR39238484	0.0	0.0	0.0	1.4454859285485249	0.0	0.0	0.0	0.0	0.0	1.6392836163120275	0.0	1.2223843813523745	2.3256329550272152	2.2613193091320243	1.7205212471125817	0.0	0.0	0.0	0.0	0.0	0.0	0.0	0.0	0.0	0.0	0.0	0.0	0.0	1.0447220260923749	0.0	0.0	1.7474531564545899	0.0	4.024937137194632	0.0	1.159753665456575	0.0	0.0	0.0	0.0	0.0	2.2846751560516068	0.32644171426392077	0.0	0.0	0.0	0.0	0.0	0.0	0.0	1.0447220260923749	0.0	0.32644171426392077	0.0	0.0	0.0	0.9466299498075685	0.0	0.0	0.0	0.0	0.0	0.0	0.0	0.0	0.0	0.0	1.2223843813523745	0.0	0.0	0.0	0.0	0.0	0.0	0.0	0.32644171426392077	0.0	0.0	0.0	1.3257065408613986	0.0	0.0	0.0	0.0	0.0	0.0	2.1696382864964106	1.2223843813523745	0.0	0.32644171426392077	0.0	0.0	0.0	2.117204810156982	0.0	0.0	1.4625914344871873	1.5249798101307683	0.510683529114531	0.0	0.0	0.0	0.0	0.510683529114531	0.0	0.6396408905489156	0.0	0.510683529114531	0.0	0.0	0.0	0.0	0.0	0.0	0.0	2.3714151734474838	0.0	0.0	0.0	0.0	0.0	1.3020880656524458	0.0	2.0031415608721628	0.0	0.0	0.0	0.0	0.0	0.0	3.733175952538271	2.6186663534641985	0.0	1.4790486609475166	2.9078908630362545	0.0	1.4276789675266337	0.0	0.0	0.0	0.0	0.0	0.0	3.8783933948801637	0.0	0.32644171426392077	0.0	4.21236768577445	0.0	0.0	0.0	0.0	0.0	0.0	0.0	0.0	0.0	0.0	0.0	0.0	0.0	0.0	0.0	0.0	0.0	0.0	0.0	0.0	0.0	0.0	1.8120402605101174	0.0	0.0	0.0	0.0	0.0	0.0	0.0	0.0	0.0	0.0	0.0	0.0	0.0	0.0	0.0	0.0	0.0	0.0	0.0	0.0	0.0	0.0	0.0	3.315153951080353	0.0	1.833981781181437	0.0	0.0	0.0	0.32644171426392077	0.0	0.0	0.0	0.0	0.0	0.0	0.0	0.0	0.0	0.0	0.0	0.0	0.0	0.0	0.0	0.0	0.0	0.0	0.0	0.0	0.0	0.0	0.0	0.0	0.0	0.0	1.1921970633341106	0.0	0.32644171426392077	0.0	0.0	0.0	0.6396408905489156	3.3127922275697284	0.8197139298591399	1.3481065398513616	0.32644171426392077	0.0	0.0	0.0	0.0	0.32644171426392077	1.0865437560023103	0.0	0.0	0.0	0.0	0.0	0.0	0.0	0.0	0.0	1.9061016221076144	0.0	0.0	0.0	0.0	1.9000183232290746	1.7474531564545899	0.0	1.7889309443348718	0.0	0.0	2.082409402501776	1.3897126404848739	0.0	0.510683529114531	3.434647809875873	1.9353020387974103	0.0	0.0	0.0	0.0	0.0	0.0	0.7389443497992588	0.0	3.511800256684532	3.7338051835393773	0.0	0.0	0.0	0.510683529114531	0.0	0.0	3.03926511718284	0.32644171426392077	0.0	0.0	0.6396408905489156	0.0	0.8197139298591399	0.0	0.0	0.0	0.0	0.510683529114531	2.7568969435567108	0.0	0.0	0.0	0.0	3.222864680209427	0.0	0.0	0.0	0.0	0.0	0.0	0.0	0.0	0.0	1.159753665456575	1.6817991727707304	0.0	0.0	0.0	0.0	0.0	0.0	0.32644171426392077	0.0	0.0	0.0	0.0	2.5717223055264906	0.0	1.4790486609475166	0.0	0.0	3.6446822163053065	2.7611348859001845	0.0	0.0	0.0	0.0	0.0	0.9466299498075685	0.0	0.0	2.0783653785620637	0.32644171426392077	0.0	0.0	3.7856468910750185	0.0	0.0	0.0	0.0	0.0	0.0	0.0	0.0	0.0	0.0	0.32644171426392077	0.0	0.0	1.6503090249366072	0.0	0.0	0.0	0.0	0.0	0.0	0.0	0.0	0.0	0.0	0.0	2.354538434431124	3.5380949033788793	0.0	0.8197139298591399	0.0	0.0	0.0	0.9984395712378419	0.0	0.0	0.0	1.8267904114226123	1.772812012165784	0.0
SRR39238485	0.0	2.0706314677958417	0.8603188934471258	1.92597735806185	0.9700169808715647	1.2471336985889443	0.7131925634569108	1.724936432666173	0.7131925634569108	1.1303132395507227	0.48900549753410005	0.0	2.7666385280162524	2.51319549677805	2.73451101538902	1.4149520294323747	1.9765572813421797	1.5356944444658358	0.48900549753410005	1.1303132395507227	2.777344264527328	1.6894351371559477	1.1303132395507227	0.0	0.0	0.0	1.1926396119784446	1.4484272730239556	1.3786794064303631	0.9700169808715647	0.7131925634569108	2.646054699097636	0.0	3.2258683788528084	1.2471336985889443	0.0	0.48900549753410005	1.7577537069915368	0.8603188934471258	0.0	0.0	2.4538056831245383	2.0131664973665275	0.0	0.0	0.48900549753410005	2.7175096884199297	0.9700169808715647	1.4149520294323747	1.936575595608939	2.9675648262014183	1.6705333716400927	1.724936432666173	0.0	0.48900549753410005	0.0	1.339098889474576	0.8603188934471258	0.0	0.7131925634569108	0.0	0.0	1.0575190918640955	2.2986491131204643	0.7131925634569108	0.48900549753410005	0.48900549753410005	1.7577537069915368	0.7131925634569108	0.0	2.312084739313504	0.0	1.5356944444658358	0.0	0.0	2.681369882770377	0.0	0.8603188934471258	1.1303132395507227	0.7131925634569108	1.6300670632792962	1.4795058881622105	1.339098889474576	0.0	0.0	0.9700169808715647	2.6031222566098715	1.4149520294323747	0.0	1.4795058881622105	0.0	0.0	0.48900549753410005	3.2133184807910746	1.4795058881622105	0.0	1.5356944444658358	2.2894554088906838	1.508508235168768	0.0	0.0	0.0	0.9700169808715647	1.6083260901943066	0.7131925634569108	0.0	1.339098889474576	1.2955460512854926	0.9700169808715647	0.48900549753410005	0.0	1.2471336985889443	1.7882644315168723	0.7131925634569108	0.48900549753410005	1.7577537069915368	0.0	0.48900549753410005	1.6894351371559477	0.0	0.0	0.0	1.856304157132321	1.5612786284590945	0.0	0.0	0.7131925634569108	0.0	0.9700169808715647	0.48900549753410005	3.599879092497841	0.9700169808715647	0.0	2.260645487344586	3.3450573650297746	1.5854391340990384	1.6300670632792962	1.0575190918640955	0.0	0.0	0.48900549753410005	1.2955460512854926	0.0	2.5529501282238662	1.4149520294323747	1.4149520294323747	1.2955460512854926	2.688842442140693	1.4795058881622105	1.6705333716400927	2.3251171547451923	2.100348549782983	1.0575190918640955	0.0	1.8687205024398739	0.48900549753410005	0.9700169808715647	0.48900549753410005	1.0575190918640955	0.0	0.0	1.995247525752096	1.3786794064303631	1.2471336985889443	0.9700169808715647	2.218994583661988	0.0	0.9700169808715647	1.0575190918640955	0.48900549753410005	1.8303529395547482	0.9700169808715647	0.0	0.0	0.8603188934471258	2.5268553979669095	1.1303132395507227	1.936575595608939	0.48900549753410005	0.0	1.3786794064303631	1.8435223585200102	0.7131925634569108	1.5612786284590945	1.0575190918640955	0.8603188934471258	1.6705333716400927	0.0	1.5356944444658358	1.4795058881622105	0.0	0.0	1.3786794064303631	0.8603188934471258	3.869268235903444	1.1303132395507227	1.8167716530812403	1.6300670632792962	0.0	0.8603188934471258	0.0	0.7131925634569108	0.0	0.48900549753410005	1.0575190918640955	0.48900549753410005	0.48900549753410005	0.0	0.0	0.0	0.8603188934471258	0.0	0.48900549753410005	0.0	0.0	0.0	0.0	0.48900549753410005	0.8603188934471258	0.0	0.0	0.0	0.9700169808715647	1.6083260901943066	1.9039719312605063	1.508508235168768	1.5612786284590945	2.0218561483846917	0.0	1.9039719312605063	1.508508235168768	0.7131925634569108	1.5612786284590945	2.600860065712771	2.5047884511901977	0.0	0.8603188934471258	4.25622840605734	2.1965686238131044	0.8603188934471258	0.48900549753410005	0.0	0.48900549753410005	1.6894351371559477	1.339098889474576	0.0	1.6705333716400927	2.0469281889121262	0.9700169808715647	1.9469213499255837	0.7131925634569108	0.0	1.6300670632792962	0.8603188934471258	0.0	1.8167716530812403	1.0575190918640955	0.0	1.1303132395507227	2.881600236681627	2.1144777825263263	1.1926396119784446	1.6894351371559477	0.0	2.0706314677958417	1.802751903153358	0.0	1.9469213499255837	2.0131664973665275	2.030375336285666	0.0	0.48900549753410005	1.724936432666173	1.856304157132321	1.724936432666173	1.936575595608939	1.4795058881622105	1.7416549739971086	0.48900549753410005	1.92597735806185	0.0	1.0575190918640955	0.8603188934471258	1.2471336985889443	0.0	0.9700169808715647	3.17635853571292	1.5612786284590945	0.48900549753410005	1.5356944444658358	2.478544397952779	2.240319159201646	2.478544397952779	1.6507713638106307	0.9700169808715647	2.4275722020911394	1.0575190918640955	1.8167716530812403	0.9700169808715647	1.2471336985889443	0.0	0.0	1.1926396119784446	4.276366862558876	0.0	0.48900549753410005	1.5356944444658358	0.0	0.0	1.1303132395507227	0.8603188934471258	1.2955460512854926	0.0	1.2955460512854926	1.5854391340990384	1.1926396119784446	1.2955460512854926	1.0575190918640955	2.0131664973665275	0.8603188934471258	2.537482167859021	2.4663511656427755	3.046668069980179	0.8603188934471258	0.0	0.0	0.0	0.7131925634569108	1.7416549739971086	2.100348549782983	2.1729212840439978	2.5452850083317857	2.4138362564639038	0.8603188934471258	0.0	0.0	1.0575190918640955	0.8603188934471258	2.218994583661988	0.8603188934471258	1.7577537069915368	1.7075484395384746	1.6894351371559477	1.2955460512854926	0.9700169808715647	2.218994583661988	1.1926396119784446	0.48900549753410005	1.7732769499704863	1.8303529395547482	1.724936432666173	1.339098889474576	0.0	0.48900549753410005	0.7131925634569108	0.48900549753410005	1.0575190918640955	0.0	1.1303132395507227	0.9700169808715647	1.5612786284590945	0.0	0.48900549753410005	0.0	1.3786794064303631	1.508508235168768	0.48900549753410005	0.48900549753410005	0.9700169808715647	0.0	0.0	0.8603188934471258	3.1578877103377825	1.995247525752096	2.218994583661988	2.350064348102174	0.48900549753410005	0.48900549753410005	2.681369882770377	1.1926396119784446	0.48900549753410005	2.207926340727699	2.5047884511901977	1.9669016091613594	1.7577537069915368
SRR39238486	0.0	1.7560431311016327	0.9656034678313409	3.120841838411519	1.0368783503772143	0.0	0.42287017440587527	1.2424690056246719	0.42287017440587527	1.1517273211913919	0.8802895007894112	0.0	3.002642099795814	2.490129204985404	2.4333284348710373	1.9295881908060277	2.0595327038121267	1.1994638160074123	0.0	0.0	2.562463675044188	1.7560431311016327	1.1517273211913919	0.0	0.6330053374643345	0.0	0.9656034678313409	1.4101971335530048	0.9656034678313409	0.42287017440587527	1.3506396930882378	2.683164957910534	1.6578980861963193	3.299524646484019	1.1517273211913919	0.0	0.42287017440587527	1.9461011111208868	1.0368783503772143	0.42287017440587527	0.0	2.2107877106207927	1.9210901541509666	0.42287017440587527	0.0	0.7740149076213647	2.0837989376443566	0.6330053374643345	1.7804433835819582	1.4865544939594815	2.817425205675793	1.894550323852858	1.3174888167125438	0.0	0.0	0.0	1.7433088880823484	0.0	0.0	0.0	0.0	0.0	0.42287017440587527	1.962009101203082	0.9656034678313409	0.6330053374643345	0.0	1.7433088880823484	0.0	0.42287017440587527	2.367964815809918	0.8802895007894112	1.3174888167125438	0.8802895007894112	0.0	2.6123935739242103	0.42287017440587527	0.7740149076213647	1.4865544939594815	0.7740149076213647	1.9773549209375991	1.3506396930882378	0.0	0.0	0.0	0.7740149076213647	2.924115692312296	1.6882733772340393	0.8802895007894112	1.3506396930882378	0.42287017440587527	0.0	0.0	3.522577101677718	1.5092894000955244	0.42287017440587527	1.3814385485220375	1.836045784863181	1.5092894000955244	0.0	0.0	0.0	1.4865544939594815	2.040399633563321	0.6330053374643345	0.0	1.1994638160074123	1.2815967617810144	0.0	0.6330053374643345	0.42287017440587527	1.1994638160074123	2.053248207784634	0.42287017440587527	0.0	2.2063609248717375	0.0	0.0	1.462563372579916	0.0	0.0	1.0980882940805696	1.9379231288525625	1.7684145967370548	0.0	0.42287017440587527	1.0368783503772143	0.0	0.8802895007894112	0.42287017440587527	3.8267528828153163	1.5899194136317105	0.0	2.6295205038157583	3.115389962670724	1.5514729211319511	2.0896594047781423	0.42287017440587527	0.0	0.0	0.42287017440587527	1.4101971335530048	0.6330053374643345	2.9215514932790057	0.8802895007894112	1.0368783503772143	1.5514729211319511	3.445949361013602	1.0980882940805696	1.3506396930882378	2.027159315956804	2.095441841249117	0.42287017440587527	0.0	1.4865544939594815	0.0	0.0	0.42287017440587527	1.7433088880823484	0.6330053374643345	0.42287017440587527	1.7560431311016327	1.8254802626508624	1.4101971335530048	0.42287017440587527	1.9461011111208868	0.42287017440587527	1.2424690056246719	0.6330053374643345	1.3174888167125438	2.0595327038121267	0.42287017440587527	0.0	0.0	1.4865544939594815	2.3830348106521813	1.2424690056246719	1.962009101203082	0.6330053374643345	0.6330053374643345	0.8802895007894112	1.5092894000955244	0.7740149076213647	1.3814385485220375	0.7740149076213647	0.6330053374643345	1.2424690056246719	0.0	0.6330053374643345	1.4865544939594815	0.0	0.0	0.8802895007894112	0.0	4.324822847473607	1.1517273211913919	2.0657275551630456	1.2815967617810144	0.0	0.42287017440587527	0.42287017440587527	0.9656034678313409	0.0	0.9656034678313409	1.7560431311016327	0.0	0.7740149076213647	0.0	0.42287017440587527	0.42287017440587527	0.0	0.42287017440587527	0.8802895007894112	0.0	0.0	0.0	0.0	0.0	0.0	0.0	0.0	0.42287017440587527	0.42287017440587527	1.836045784863181	1.7026997833418398	1.1517273211913919	1.2424690056246719	1.7166623395912557	0.0	1.9921769507854508	1.9773549209375991	0.0	1.5711214693465017	3.138882409012281	2.970928058594692	0.0	1.1517273211913919	4.051784519147194	2.0718352833695826	0.8802895007894112	0.8802895007894112	0.0	0.0	2.0468714344711096	1.5092894000955244	0.0	1.3506396930882378	1.803545359276652	1.4101971335530048	1.6578980861963193	0.0	0.7740149076213647	1.462563372579916	0.8802895007894112	0.0	1.4865544939594815	0.7740149076213647	0.7740149076213647	0.9656034678313409	2.494734535369169	2.2487205238420414	1.2424690056246719	1.3174888167125438	0.0	1.5899194136317105	2.1594187197973	0.0	2.0338299299318763	2.403291124068739	1.9210901541509666	0.0	0.6330053374643345	1.5711214693465017	1.4101971335530048	1.5514729211319511	1.6418747234809985	1.6079373550363658	1.7804433835819582	0.42287017440587527	1.4371690506157235	0.0	0.9656034678313409	0.0	1.0368783503772143	0.0	0.7740149076213647	3.470849723771923	1.4371690506157235	0.0	0.7740149076213647	2.590907801561738	2.133896732528304	2.358665251004897	1.625237453800024	1.3506396930882378	2.4589418001847423	1.9035783445728318	1.803545359276652	1.7301899473103926	1.2815967617810144	0.42287017440587527	0.0	1.3174888167125438	3.002642099795814	0.0	0.42287017440587527	1.9461011111208868	0.0	0.0	0.42287017440587527	0.0	0.9656034678313409	0.0	1.5308931261275762	1.2424690056246719	0.42287017440587527	0.8802895007894112	0.42287017440587527	1.6733512400116792	0.42287017440587527	3.23955899727147	2.4514151445158294	3.159685276206748	0.8802895007894112	0.8802895007894112	0.0	0.0	0.8802895007894112	2.1973696420831756	1.8146512794668426	2.053248207784634	2.7869641631375206	1.9541279398073306	1.2424690056246719	0.0	0.0	0.8802895007894112	1.4101971335530048	1.5092894000955244	0.0	1.885330639254743	1.462563372579916	1.4101971335530048	1.6079373550363658	1.2815967617810144	2.2527378212091844	1.5092894000955244	0.0	1.8463603618208684	1.4371690506157235	1.6578980861963193	1.1994638160074123	0.0	0.7740149076213647	0.0	1.3814385485220375	0.6330053374643345	0.0	0.42287017440587527	0.7740149076213647	0.8802895007894112	0.0	0.6330053374643345	0.6330053374643345	1.5711214693465017	0.9656034678313409	0.8802895007894112	0.0	0.9656034678313409	0.0	0.0	1.1994638160074123	2.5525526835821113	2.053248207784634	2.1286072887406275	1.9379231288525625	0.42287017440587527	0.0	2.783443854363823	1.1994638160074123	1.1517273211913919	2.117831120806714	2.634529589971785	2.554553058709787	2.1286072887406275
SRR39238487	0.0	0.7643623625450493	0.8309086783823121	0.4661253908300166	0.0	0.0	0.0	0.4661253908300166	0.29280930801722976	0.7643623625450493	0.0	0.0	1.5153763274722238	0.4661253908300166	1.3458629326411429	0.0	0.4661253908300166	0.5896698607633052	0.0	0.29280930801722976	1.5748982799277333	0.6857411601298538	0.6857411601298538	0.0	0.0	0.0	0.29280930801722976	0.5896698607633052	0.4661253908300166	0.0	1.54017229274995	1.6369883898974007	0.0	3.3960350733849056	0.4661253908300166	0.0	0.0	0.7643623625450493	1.06398908131639	0.0	0.0	2.4132151894429588	1.0986430551577375	0.0	0.0	0.0	1.627237091253028	0.29280930801722976	0.0	1.1885762890835334	1.8224942675201676	0.0	0.8309086783823121	0.0	0.0	0.0	1.2396115719918037	0.0	0.0	0.0	0.0	0.0	0.5896698607633052	0.29280930801722976	0.29280930801722976	0.0	0.0	1.214843163757081	0.0	0.0	1.2396115719918037	0.29280930801722976	0.29280930801722976	0.0	0.0	1.6070520016954226	0.0	0.0	0.0	0.29280930801722976	1.2630432943548051	0.4661253908300166	0.0	0.0	0.0	0.0	3.4367243076733374	1.3064243348120312	0.0	0.29280930801722976	0.0	0.0	0.0	1.7395716289986742	0.9395186076550776	0.0	0.5896698607633052	1.7161070140864816	1.214843163757081	0.0	0.0	0.0	0.4661253908300166	0.29280930801722976	0.0	0.0	0.0	0.29280930801722976	0.0	0.0	0.4661253908300166	0.8309086783823121	1.1307350321660015	0.0	0.29280930801722976	0.8309086783823121	0.0	0.0	0.4661253908300166	0.0	0.0	0.0	0.5896698607633052	1.8469546066606557	0.0	0.0	0.29280930801722976	0.0	0.0	0.0	2.7950011276912186	1.0986430551577375	0.0	0.7643623625450493	2.7564832369941734	0.8309086783823121	0.4661253908300166	0.0	0.29280930801722976	0.29280930801722976	0.6857411601298538	0.0	0.0	1.6649936313588316	0.0	0.4661253908300166	0.0	4.1292189334753315	0.7643623625450493	0.6857411601298538	0.8309086783823121	0.985088853619192	0.0	0.0	0.8886000274840844	0.0	0.0	0.0	1.026328278583184	0.0	0.0	0.5896698607633052	0.29280930801722976	0.0	0.4661253908300166	0.7643623625450493	0.29280930801722976	1.214843163757081	0.4661253908300166	0.0	1.06398908131639	0.0	0.0	0.0	0.0	1.431161953619519	0.0	0.8309086783823121	0.0	0.0	0.5896698607633052	0.985088853619192	0.29280930801722976	1.026328278583184	0.4661253908300166	0.0	0.29280930801722976	0.0	0.4661253908300166	0.0	0.0	0.0	0.0	0.29280930801722976	4.1946284154998885	0.5896698607633052	0.9395186076550776	0.8309086783823121	0.0	0.4661253908300166	0.7643623625450493	0.29280930801722976	0.29280930801722976	0.9395186076550776	0.0	0.0	0.0	0.0	0.29280930801722976	0.0	0.0	0.0	0.7643623625450493	0.0	0.0	0.0	0.0	0.0	0.0	0.0	0.0	0.0	0.29280930801722976	0.0	1.4153900374584512	2.0169804155882907	1.431161953619519	1.9180951756914986	0.0	1.06398908131639	0.0	0.0	0.6857411601298538	1.4153900374584512	3.0486206995042853	0.0	0.5896698607633052	3.662194989024329	0.5896698607633052	0.0	0.8309086783823121	0.0	0.29280930801722976	2.1008004562976623	0.9395186076550776	0.0	0.0	0.0	0.0	2.331780746240202	0.29280930801722976	0.29280930801722976	0.0	0.29280930801722976	0.0	1.3990236903154845	0.0	0.0	0.29280930801722976	1.7395716289986742	1.5024264141752253	1.4463811095698078	0.5896698607633052	0.0	3.7515227897505996	1.3643157345312884	0.0	1.3265911609542198	3.8778843819663877	3.2575668593286844	0.0	0.0	1.026328278583184	0.9395186076550776	0.4661253908300166	0.7643623625450493	1.6649936313588316	1.1307350321660015	0.0	0.985088853619192	0.0	0.7643623625450493	0.6857411601298538	0.29280930801722976	0.0	0.0	1.8920938833080077	1.3265911609542198	0.0	0.0	0.985088853619192	0.5896698607633052	1.3458629326411429	0.0	0.7643623625450493	1.5965963853501022	0.0	0.29280930801722976	0.8309086783823121	0.5896698607633052	0.8886000274840844	0.0	0.985088853619192	3.492338777518852	0.0	0.7643623625450493	0.29280930801722976	0.29280930801722976	0.0	0.0	0.0	0.0	0.0	0.6857411601298538	1.1307350321660015	0.0	0.0	0.0	0.9395186076550776	0.4661253908300166	1.5024264141752253	1.6649936313588316	0.5896698607633052	0.0	0.4661253908300166	0.0	0.0	0.6857411601298538	0.8309086783823121	0.0	0.5896698607633052	3.8849149414407176	1.214843163757081	0.29280930801722976	0.0	0.0	1.0986430551577375	0.0	0.0	0.29280930801722976	0.0	0.985088853619192	1.2396115719918037	0.985088853619192	0.0	0.4661253908300166	0.4661253908300166	0.0	0.0	0.5896698607633052	0.29280930801722976	0.29280930801722976	0.0	0.0	0.0	0.5896698607633052	0.4661253908300166	0.0	0.0	0.0	0.29280930801722976	0.0	0.8309086783823121	0.0	0.5896698607633052	0.0	0.0	0.8886000274840844	0.0	0.0	0.6857411601298538	0.0	3.903629754231479	1.5858828279189767	1.5279512512267102	0.985088853619192	0.0	0.0	1.7318900978447325	0.0	0.0	0.7643623625450493	1.1885762890835334	1.6172618059577115	0.29280930801722976
SRR39238488	0.0	0.0	0.5480434256891216	2.9634757055600014	0.0	0.0	0.2657754297124108	0.0	0.0	1.3606994599271782	0.0	0.2657754297124108	0.0	0.0	0.2657754297124108	0.0	0.0	0.0	0.0	0.0	1.186081432527625	0.0	0.2657754297124108	0.0	0.0	0.0	0.0	0.2657754297124108	1.1615173128745213	0.0	0.0	2.308723994298828	0.0	4.086337708561045	0.0	0.5480434256891216	0.0	0.0	0.0	0.0	0.0	3.467976453816688	0.2657754297124108	1.4203163881369107	0.0	0.0	0.0	0.0	0.0	0.0	0.5480434256891216	0.0	1.1354800860630903	0.0	0.0	0.0	3.638618388300624	0.0	0.2657754297124108	0.2657754297124108	0.0	0.0	0.0	0.5480434256891216	0.889441381750288	0.0	0.0	0.2657754297124108	0.0	0.0	0.42944917643242875	0.2657754297124108	0.0	0.0	0.0	0.2657754297124108	0.0	0.0	0.0	3.0561235640239333	0.0	0.0	0.0	0.0	0.0	0.0	1.5515296096845022	1.6182046017487213	0.0	0.0	0.0	0.0	0.0	2.41518529572031	0.42944917643242875	0.0	1.2724286469384614	0.5480434256891216	0.0	0.0	0.0	0.0	0.0	1.107781732598144	0.0	1.2093302448430807	0.2657754297124108	0.0	0.0	0.0	0.0	0.0	0.0	0.0	0.0	2.0273810179177105	0.0	0.0	0.0	0.0	0.0	3.27217603683177	0.0	0.6411017755336628	0.0	0.0	0.0	0.0	0.2657754297124108	0.0	1.9684956357311538	1.046445975560998	0.0	0.0	1.5813660153654554	0.0	0.7176961367376758	0.0	0.0	0.2657754297124108	0.0	0.2657754297124108	0.0	1.046445975560998	0.0	0.6411017755336628	0.42944917643242875	1.107781732598144	0.0	0.0	0.0	0.0	0.0	0.0	0.0	0.0	0.42944917643242875	0.0	0.0	0.0	0.0	0.0	0.0	0.0	1.186081432527625	0.0	0.0	0.42944917643242875	0.42944917643242875	0.0	2.8902491848923697	0.0	0.0	0.0	0.0	0.2657754297124108	0.0	0.0	0.0	0.0	0.2657754297124108	0.0	0.0	0.0	0.0	0.0	0.0	0.0	0.0	0.0	0.0	0.0	0.0	0.0	2.935052980762998	0.0	2.9501140460294115	0.0	0.0	0.42944917643242875	0.0	0.2657754297124108	0.0	0.0	0.42944917643242875	0.0	0.0	0.0	0.0	0.0	0.0	0.0	0.0	0.0	0.0	0.0	0.0	0.0	0.0	0.0	0.0	0.0	0.0	0.0	0.0	0.0	0.0	0.0	0.0	0.7827856717734601	0.0	0.0	0.2657754297124108	0.2657754297124108	0.9343244261209922	0.0	0.7827856717734601	0.0	0.2657754297124108	0.0	0.0	0.0	0.2657754297124108	0.0	0.2657754297124108	0.0	0.0	0.0	0.0	0.0	0.0	0.0	0.0	2.672373374019268	0.0	0.0	0.0	0.0	2.1443440986212106	0.7176961367376758	0.0	0.42944917643242875	0.0	0.0	1.2724286469384614	0.42944917643242875	0.0	1.4061617034989953	3.8432587489317265	1.4340242624192918	0.0	0.0	0.0	0.0	0.0	0.0	0.0	0.0	3.0850938117240663	4.424190637931577	0.0	0.0	0.0	0.0	0.0	0.0	0.42944917643242875	0.0	0.0	0.0	1.3606994599271782	0.0	0.42944917643242875	0.0	0.0	0.0	0.0	0.0	2.7939504955560683	0.0	0.0	0.0	0.0	3.7531086319956897	0.0	0.0	0.2657754297124108	0.0	0.0	0.0	0.0	0.0	0.0	1.391530096535932	0.0	0.0	0.0	0.0	0.0	0.0	0.0	0.0	0.0	0.0	0.0	0.0	0.0	0.0	0.5480434256891216	0.0	0.0	2.6823897502840777	1.733805992354343	0.0	0.0	0.0	0.2657754297124108	0.0	2.9554269092160896	0.0	0.0	0.2657754297124108	0.0	0.0	0.2657754297124108	3.1709443554917516	0.0	0.0	0.0	0.0	0.2657754297124108	0.0	0.0	0.0	0.0	0.0	0.0	0.0	0.0	0.6411017755336628	0.0	0.0	0.5480434256891216	0.0	0.0	0.2657754297124108	0.0	0.0	0.42944917643242875	0.0	0.0	0.889441381750288	3.788218180850591	0.0	0.0	0.0	0.0	0.0	0.2657754297124108	0.0	0.0	0.0	0.2657754297124108	0.0	0.0
SRR39238489	0.0	0.0	0.0	2.775654091090389	0.0	0.0	0.0	0.0	0.0	1.6428177188563429	0.0	0.0	0.0	0.0	0.0	0.0	0.0	0.0	0.0	0.0	0.3774925954210668	0.0	0.7122345158125138	0.0	0.0	0.0	0.0	0.0	1.2460127456402217	0.0	0.0	0.0	0.0	4.109132371405117	0.3774925954210668	0.3774925954210668	0.0	0.0	0.0	0.0	0.0	0.7122345158125138	0.0	0.0	0.0	0.0	0.0	0.0	0.0	0.0	0.3774925954210668	0.0	0.3774925954210668	0.0	0.0	0.0	2.672580711067139	0.0	0.0	0.0	0.0	0.0	0.0	0.0	0.0	0.0	0.0	0.9689561551173289	0.0	0.0	0.0	0.0	0.0	0.0	0.0	0.0	0.0	0.0	0.0	1.0291873639331541	0.0	0.0	0.0	0.0	0.0	0.0	1.4783570279463534	1.5517619226266366	0.0	0.0	0.0	0.0	0.0	0.5763466794971701	0.0	0.0	0.0	0.8155838924862377	0.0	0.0	0.0	0.0	0.0	0.3774925954210668	0.0	0.0	0.5763466794971701	0.0	0.0	0.0	0.0	0.0	0.0	0.0	0.0	1.6943929094833692	0.0	0.0	0.0	0.0	0.0	1.5345407973797267	0.0	0.3774925954210668	0.0	0.0	0.0	0.0	0.0	0.0	4.3543028211046435	0.5763466794971701	0.0	1.5996718496641056	2.304982178424869	0.0	0.8155838924862377	0.0	0.0	0.0	0.0	0.0	0.0	1.0291873639331541	0.0	0.0	0.0	1.93189708438971	0.0	0.0	0.0	0.0	0.0	0.0	0.0	0.0	0.0	0.0	0.0	0.0	0.3774925954210668	0.0	0.0	0.0	0.0	0.0	0.0	0.0	0.0	0.0	1.4979037656422491	0.0	0.0	0.0	0.0	0.0	0.0	0.0	0.0	0.0	0.0	0.0	0.0	0.0	0.0	0.0	0.0	0.0	0.0	0.0	0.0	0.7122345158125138	0.3774925954210668	0.0	4.457127710616771	0.0	0.0	0.0	0.0	0.0	0.7122345158125138	0.0	0.0	0.0	0.0	0.0	0.0	0.0	0.0	0.0	0.0	0.0	0.0	0.0	0.0	0.0	0.0	0.0	0.0	0.0	0.0	0.0	0.0	0.0	0.0	0.0	0.0	0.3774925954210668	0.3774925954210668	0.0	0.0	0.0	0.3774925954210668	0.0	2.588183666281707	0.0	1.364745495086913	0.3774925954210668	0.3774925954210668	0.0	0.0	0.0	0.0	0.0	0.3774925954210668	0.0	0.0	0.0	0.0	0.0	0.0	0.0	0.0	2.1224688342880516	0.0	0.0	0.0	0.0	1.7404882386631013	0.0	0.0	0.3774925954210668	0.0	0.0	1.0291873639331541	1.4783570279463534	0.0	1.1292130722877465	3.052999207095327	1.984826922925123	0.0	0.0	0.0	0.0	0.0	0.0	0.0	0.0	3.1374088378717566	3.181157411951856	0.0	0.7122345158125138	0.0	0.3774925954210668	0.0	0.0	0.5763466794971701	0.0	0.0	0.0	0.0	0.3774925954210668	0.0	0.0	0.0	0.0	0.0	0.0	2.7496855945523357	0.0	0.0	0.0	0.0	3.60739310370501	0.0	0.0	0.0	0.0	0.0	0.0	0.0	0.0	0.0	0.0	0.0	0.0	0.0	0.0	0.0	0.0	0.5763466794971701	0.0	0.0	0.0	0.0	0.0	0.0	0.0	0.0	0.0	0.0	0.5763466794971701	1.2104590994091273	0.0	0.0	0.0	0.3774925954210668	0.0	2.8030066048025764	0.0	0.0	0.0	0.0	0.0	0.8990056088724895	3.0798376399953504	0.0	0.0	0.0	0.0	0.3774925954210668	0.0	0.0	0.0	0.0	0.0	0.0	0.0	0.0	0.0	0.0	0.0	0.0	0.0	0.0	0.0	0.0	0.0	0.0	0.0	0.0	1.0820735870658675	2.0206791578840475	0.0	0.0	0.0	0.0	0.0	1.2460127456402217	0.0	0.0	0.0	0.3774925954210668	2.78364644904318	0.0
SRR39238490	0.0	0.0	0.0	0.0	0.0	0.0	0.0	0.0	0.0	1.9411421416248675	0.0	0.446917917986425	0.2785766881942746	0.0	0.0	0.0	0.0	0.0	0.0	0.0	0.2785766881942746	0.0	0.0	0.0	0.0	0.2785766881942746	0.0	0.0	1.5233840890715282	0.0	0.0	1.298498289243351	0.0	3.8298621893146123	0.0	2.323292742298178	0.0	0.0	0.0	0.0	0.0	3.733329213155196	0.0	0.2785766881942746	0.0	0.0	0.2785766881942746	0.2785766881942746	0.0	0.0	0.0	0.0	0.2785766881942746	0.0	0.0	0.0	1.878727249380723	0.446917917986425	0.0	0.0	0.0	0.0	0.0	0.0	0.446917917986425	0.0	0.0	1.7181352676049573	0.0	0.0	0.6624655021988057	0.0	0.0	0.0	0.0	0.5679291527760082	0.0	0.0	0.0	1.5233840890715282	0.0	0.0	0.0	0.0	0.0	0.0	1.8521116755407216	1.1034595802919807	0.0	0.0	0.0	0.0	0.0	0.5679291527760082	0.0	0.2785766881942746	2.5417056519818355	1.774149679772148	0.0	0.0	0.0	0.0	0.0	1.1871714211450795	0.0	0.0	0.0	0.0	0.0	0.0	0.0	0.0	0.0	0.0	0.0	1.3870315757303477	0.0	0.0	0.0	0.0	0.0	1.0715401109456775	0.0	0.9587088923143239	0.0	0.0	0.0	0.0	0.0	0.0	1.4467978115073403	0.8630004856371043	0.0	0.0	1.9086518953706824	0.0	1.578275503697101	0.0	0.0	0.0	0.0	0.0	0.0	0.8630004856371043	0.0	0.0	0.0	3.2820674638158813	0.0	0.0	0.0	0.0	0.0	0.0	0.0	0.0	0.0	0.0	0.0	0.0	0.0	0.0	0.0	0.0	0.446917917986425	0.0	0.0	0.7400570676312265	0.2785766881942746	0.0	2.00737788213148	0.0	0.0	0.0	0.2785766881942746	0.0	0.0	0.0	0.0	0.0	0.0	0.0	0.0	0.0	0.0	0.0	0.0	0.0	0.0	0.0	0.0	0.9134858594988419	0.0	0.0	3.838557393731652	0.0	0.2785766881942746	0.0	0.0	0.0	0.0	0.0	0.0	0.0	0.7400570676312265	0.0	0.0	0.0	0.0	0.0	0.0	0.0	0.0	0.0	0.0	0.0	0.0	0.0	0.0	0.0	0.0	0.0	0.0	0.0	0.0	0.0	0.0	0.0	0.0	0.0	0.0	0.446917917986425	0.0	0.6624655021988057	0.5679291527760082	0.0	1.4326095142979305	0.2785766881942746	1.0715401109456775	0.0	0.0	0.0	0.0	0.0	0.0	0.0	0.0	0.0	0.0	0.0	0.0	0.0	0.0	1.9629460109958223	0.0	0.0	0.0	0.0	1.5571439873020105	0.0	0.0	0.0	0.0	0.0	0.9587088923143239	0.0	0.0	0.6624655021988057	3.7657194547002897	1.0370872164880063	0.0	0.0	0.2785766881942746	0.0	0.0	0.0	0.0	0.0	4.1028758478057314	4.370361532581502	0.0	0.5679291527760082	0.0	0.9587088923143239	0.0	0.0	0.2785766881942746	0.0	0.0	0.0	0.0	0.0	0.446917917986425	0.0	0.0	0.0	0.0	0.0	2.051168142527074	0.0	0.0	0.0	0.0	3.9710322193290413	0.0	0.0	0.0	0.0	0.0	0.0	0.0	0.0	0.0	1.3870315757303477	0.0	0.0	0.0	0.0	0.0	0.0	0.6624655021988057	0.0	0.446917917986425	0.0	0.0	0.0	0.0	0.0	1.298498289243351	0.0	0.0	2.906231268069525	2.1273817336308585	0.0	0.0	0.0	0.5679291527760082	0.0	3.1259205030659727	0.0	0.0	0.0	0.0	0.0	0.446917917986425	2.6903547385967994	0.0	0.0	0.0	0.0	1.336103388934708	0.0	0.2785766881942746	0.0	0.0	0.0	0.2785766881942746	0.0	0.0	0.9587088923143239	0.0	0.0	0.0	0.0	0.0	0.0	0.0	0.0	0.7400570676312265	0.0	0.0	2.452333977258078	2.8537507379665987	0.0	0.2785766881942746	0.0	0.0	0.0	0.0	0.0	0.0	0.0	0.0	0.0	0.0
SRR39238491	0.0	0.0	0.0	2.683284654196689	0.0	0.0	0.0	0.0	0.0	0.0	0.0	0.0	0.0	0.0	0.0	0.0	0.0	0.0	0.0	0.0	0.0	0.0	0.0	0.0	0.0	0.0	0.0	0.0	0.0	0.0	0.0	0.4147867317767482	0.0	2.860035133001335	0.0	0.4147867317767482	0.0	0.0	0.0	0.0	0.0	0.0	0.0	0.0	0.0	0.0	0.0	0.8689694254729914	0.0	0.0	0.0	0.0	0.0	0.0	0.0	0.0	0.6987273876433051	0.0	0.0	0.0	0.0	0.0	0.0	0.0	0.0	0.0	0.0	0.0	0.0	0.0	0.0	0.0	0.0	0.0	0.0	0.0	0.0	0.0	0.0	0.2551377347850757	0.0	0.0	0.0	0.0	0.0	0.0	1.5387815753824867	0.0	0.0	0.0	0.0	0.0	0.0	0.0	0.0	0.0	0.9909537415168965	0.0	0.0	0.0	0.0	0.0	0.0	0.0	0.0	0.0	0.0	0.0	0.0	0.0	0.0	0.0	0.0	0.0	0.0	1.2301634759019777	0.0	0.0	0.0	0.0	0.0	1.086081406599967	0.0	0.8192866104501689	0.0	0.0	0.0	0.0	0.0	0.0	1.086081406599967	0.8192866104501689	0.0	0.0	1.1640703439212103	0.0	0.4147867317767482	0.0	0.0	0.0	0.0	0.0	0.0	0.4147867317767482	0.0	1.0250311947228523	0.0	1.6371934281436182	0.0	0.0	0.0	0.0	0.0	0.0	0.0	0.0	0.0	0.0	0.0	0.0	0.0	0.0	0.0	0.0	0.0	0.0	0.0	0.0	0.0	0.0	1.3381671186705804	0.0	0.0	0.0	0.5312648505256415	0.0	0.0	0.0	0.0	0.0	0.0	0.0	0.0	0.4147867317767482	0.0	0.0	0.0	0.0	0.0	0.0	0.0	0.0	0.0	0.0	3.968301087811517	0.0	0.5312648505256415	0.0	0.0	0.0	0.0	0.0	0.0	0.0	0.0	0.0	0.0	0.0	0.0	0.0	0.0	0.0	0.0	0.0	0.0	0.0	0.0	0.0	0.0	0.0	0.0	0.0	0.0	0.0	0.0	0.0	0.0	0.0	0.5312648505256415	0.0	0.0	0.0	0.0	0.0	0.0	0.0	0.0	0.0	0.0	0.0	0.0	0.0	0.2551377347850757	0.0	0.0	0.0	0.0	0.0	0.0	0.0	0.0	0.0	0.0	0.0	0.0	0.0	0.0	0.0	0.0	0.0	0.0	0.8689694254729914	0.0	0.0	0.0	0.0	0.0	0.0	1.6451258414530447	3.2324389482008113	0.0	0.0	0.0	0.0	0.0	0.0	0.0	0.0	0.4147867317767482	4.795400196999579	0.0	0.2551377347850757	0.0	0.2551377347850757	0.0	0.0	0.0	0.0	0.0	0.0	0.0	0.0	0.4147867317767482	0.0	0.0	0.0	0.0	0.0	0.5312648505256415	0.0	0.0	0.0	0.0	2.8414319237203434	0.0	0.0	0.0	0.0	0.0	0.0	0.0	0.0	0.0	3.3122550051972515	0.0	0.0	0.0	0.0	0.0	0.0	0.4147867317767482	0.0	0.0	0.0	0.0	0.0	0.0	0.0	0.0	0.0	0.0	0.763177008359469	0.4147867317767482	0.0	0.0	0.0	0.0	0.0	0.0	0.0	0.0	0.0	0.0	0.0	0.0	2.179824587059655	0.0	0.0	0.0	0.0	0.0	0.0	0.0	0.0	0.0	0.0	0.0	0.0	0.0	0.0	0.0	0.0	0.0	0.0	0.0	0.0	0.0	0.0	0.0	0.0	0.0	0.4147867317767482	0.0	0.0	0.0	0.0	0.0	0.0	0.6230182299549436	0.0	0.0	0.0	0.0	0.0	0.0
SRR39238493	0.0	1.569641041237784	1.4567202832248602	1.502572496110178	0.0	0.0	0.0	0.0	0.0	2.916690984440441	0.0	0.9777002305359196	0.0	1.5168404313853374	1.255247831716104	0.6219349341409421	0.0	0.49483225698260697	0.3143804991845336	0.0	0.9261907573879704	0.0	0.0	0.0	0.0	0.0	0.0	0.3143804991845336	2.097968477977182	0.0	0.0	1.2288247258795648	0.7201381548741782	3.3817430757819285	0.0	1.8252380608855983	0.0	0.0	0.0	0.0	0.0	2.5932600088607973	0.0	2.3358078547619447	0.49483225698260697	0.3143804991845336	0.3143804991845336	0.6219349341409421	0.0	0.0	2.9024867141580364	0.0	0.800179405008123	0.0	0.0	0.0	2.884202678932546	0.0	0.0	0.3143804991845336	0.0	0.0	0.0	0.7201381548741782	1.3037110623974715	0.0	0.0	1.8040284867591192	0.0	0.0	0.7201381548741782	0.0	0.0	0.0	0.0	0.6219349341409421	0.0	0.0	0.0	2.153217106731647	0.0	0.0	0.0	0.0	0.0	0.0	2.232970138366795	1.8320838211769628	0.0	0.0	0.0	0.0	0.0	1.8584362386784812	0.0	0.0	2.777536663510482	2.5313730282067706	0.6219349341409421	0.0	0.0	0.49483225698260697	0.7201381548741782	0.6219349341409421	0.0	2.0346526964570506	0.6219349341409421	1.0653690841123857	0.0	0.0	0.0	1.1382784733986313	0.6219349341409421	0.49483225698260697	0.3143804991845336	1.8584362386784812	0.3143804991845336	0.0	0.8677394422823794	0.0	0.0	2.6890051591280977	1.1033519896058208	1.8182826606928706	0.0	0.0	0.0	0.3143804991845336	0.3143804991845336	0.800179405008123	2.444506681540144	1.7892905474100098	0.0	0.9777002305359196	2.6060192417980135	0.0	1.648944008657523	0.0	0.0	0.0	0.0	0.0	0.49483225698260697	1.939805309039952	0.3143804991845336	0.0	0.0	3.7182627292242203	0.0	0.0	0.49483225698260697	0.0	0.0	0.0	0.0	0.0	0.0	0.0	0.0	0.0	0.49483225698260697	1.023743070572993	0.3143804991845336	0.3143804991845336	0.6219349341409421	0.6219349341409421	0.0	0.6219349341409421	0.0	0.0	2.834474092731436	0.0	0.0	0.0	0.800179405008123	0.0	0.3143804991845336	0.0	0.0	0.0	0.49483225698260697	0.7201381548741782	0.0	0.0	0.0	0.0	0.0	0.0	0.7201381548741782	0.6219349341409421	0.0	0.0	0.0	0.0	3.781792060807256	0.0	2.8707434757582284	0.0	0.0	0.0	2.3783718854536517	0.49483225698260697	0.0	0.0	0.0	0.0	0.0	0.6219349341409421	0.0	0.0	0.3143804991845336	0.0	0.0	0.0	0.0	0.0	0.0	0.0	0.0	0.0	0.0	0.0	0.0	0.6219349341409421	1.7333722672445075	0.0	0.0	0.8677394422823794	0.0	1.1382784733986313	0.0	0.0	0.3143804991845336	0.8677394422823794	1.200689254860926	0.0	2.302629559284062	0.3143804991845336	2.518981130411785	0.0	0.49483225698260697	0.0	0.0	2.768981790606291	0.0	0.0	0.0	0.49483225698260697	0.0	0.3143804991845336	0.0	0.0	0.0	1.939805309039952	0.0	0.0	2.8228363750120176	0.0	2.642191064212812	0.49483225698260697	0.49483225698260697	0.0	0.0	0.0	2.653608472597422	0.49483225698260697	0.0	0.6219349341409421	4.4209985632682995	2.4258748416371816	0.0	0.0	0.800179405008123	0.0	0.7201381548741782	0.3143804991845336	0.3143804991845336	0.0	3.142891045122071	4.102139496607928	0.0	0.49483225698260697	0.0	1.7740348490219877	0.0	1.6978573077093153	2.6400825336744353	0.0	0.0	0.0	0.0	0.0	1.3037110623974715	0.49483225698260697	0.0	0.3143804991845336	0.0	0.3143804991845336	2.3822162241941034	0.0	0.0	0.0	0.0	3.4357187400716036	0.6219349341409421	0.0	0.0	0.0	0.0	0.0	1.3869195713818512	0.0	0.0	2.4840957742080043	1.6691750539368468	0.0	0.0	0.0	0.0	0.0	2.1230086017498437	0.3143804991845336	1.638463732735978	0.0	0.49483225698260697	0.0	0.0	0.0	1.9991590704226037	0.0	1.9124619561047433	3.242980916667328	2.199317758973418	0.0	0.0	0.0	0.0	0.0	2.3646422176759043	0.0	0.8677394422823794	0.0	0.9261907573879704	0.0	0.0	2.5394421181367552	0.0	0.0	0.0	0.3143804991845336	0.3143804991845336	0.0	0.3143804991845336	0.0	0.0	0.0	0.0	0.0	0.0	1.0653690841123857	0.0	0.0	0.3143804991845336	0.49483225698260697	0.0	0.0	0.3143804991845336	1.648944008657523	0.0	0.0	0.0	2.3162065227552238	3.7043603626880595	0.49483225698260697	2.266705358426287	0.49483225698260697	0.0	0.0	1.200689254860926	0.8677394422823794	0.49483225698260697	0.0	0.800179405008123	0.800179405008123	0.0
SRR39238494	0.0	0.0	0.2784365501723725	2.0331622918592474	0.0	0.0	0.0	0.0	0.0	1.8679839050946299	0.0	0.2784365501723725	0.5677131980668206	0.2784365501723725	2.4902737680126834	0.0	0.0	0.0	0.2784365501723725	0.0	0.6622338838841538	0.0	0.0	0.0	0.0	0.0	0.0	0.0	1.9954108153643644	0.0	0.0	2.1713537178383793	0.0	3.803490389374792	0.0	1.4465123623508318	0.2784365501723725	0.0	0.0	0.0	0.0	1.7026350464684958	0.0	0.2784365501723725	0.0	0.0	0.0	0.2784365501723725	0.0	0.0	2.9169417347503033	0.0	1.1868946316821796	0.0	0.0	0.0	1.1607446136786035	0.0	0.0	0.0	0.0	0.0	0.0	0.2784365501723725	0.8056150661316243	0.0	0.0	1.1329185778235609	0.0	0.0	1.1329185778235609	0.4467276920234756	0.0	0.0	0.0	0.4467276920234756	0.0	0.0	0.0	2.1633902837591528	0.0	0.0	0.0	0.0	0.0	0.0	3.175277315887075	1.5675502338727216	0.0	0.0	0.0	0.0	0.0	1.6787723144795765	0.0	0.0	1.1868946316821796	3.019194753023286	0.8056150661316243	0.0	0.0	0.0	2.106206182731567	0.5677131980668206	0.0	1.5230969286461158	0.2784365501723725	0.0	0.0	0.0	0.0	0.2784365501723725	0.0	0.0	0.0	2.7200696506290982	0.0	0.0	0.4467276920234756	0.0	0.5677131980668206	1.6078729375201175	0.0	2.712570157359546	0.0	0.0	0.0	0.0	0.0	0.0	3.1689759014579817	1.4602514284944057	0.0	0.2784365501723725	2.987042031377953	0.0	2.093806918636807	0.0	0.0	0.0	0.0	0.4467276920234756	0.2784365501723725	0.6622338838841538	0.0	0.0	0.0	4.018222275384876	0.0	0.0	0.2784365501723725	0.2784365501723725	0.0	0.0	0.0	0.0	0.0	0.0	1.5981377848685572	0.0	1.3174259498563416	0.0	0.2784365501723725	0.0	0.6622338838841538	0.0	0.0	0.4467276920234756	0.0	0.0	2.826959100269583	0.0	0.0	0.0	0.5677131980668206	0.0	0.2784365501723725	0.0	0.0	0.5677131980668206	0.0	0.0	0.0	0.0	0.0	0.0	0.0	0.0	0.0	0.0	0.5677131980668206	0.0	0.2784365501723725	0.0	3.6101610043435506	0.0	2.8690322771570345	0.6622338838841538	0.0	0.0	0.4467276920234756	0.9132259652481979	0.0	0.0	0.4467276920234756	0.0	0.0	0.0	0.0	0.0	0.0	0.2784365501723725	0.0	0.0	0.0	0.0	0.0	0.0	0.0	0.0	0.0	0.0	0.0	0.5677131980668206	0.0	0.0	0.0	0.6622338838841538	0.0	1.545892099389536	0.0	0.2784365501723725	0.0	2.4952929326748183	1.7252546272050129	0.0	3.7946890572687493	0.6622338838841538	2.124165575421055	0.0	1.4323244166537423	0.0	0.0	1.9793407873626907	0.0	0.0	0.0	0.0	0.0	0.6622338838841538	0.2784365501723725	0.2784365501723725	0.9993974054850809	2.599106022176503	0.0	0.0	0.0	0.0	1.7605178257208591	0.0	0.9993974054850809	0.0	0.0	0.0	3.636990364795974	0.4467276920234756	0.0	1.8055208433424133	3.9903659433984453	1.4735691495585472	0.0	0.0	0.8056150661316243	0.0	0.0	0.0	0.2784365501723725	0.0	2.3786387146249868	4.03733032641913	0.0	0.0	0.2784365501723725	0.9993974054850809	0.0	2.040334188799524	3.408891854389054	0.0	0.0	0.0	0.5677131980668206	0.0	0.4467276920234756	0.0	0.0	0.0	0.0	0.6622338838841538	2.930890750485115	0.0	0.0	0.0	0.2784365501723725	3.2277568203918436	0.0	0.2784365501723725	0.0	0.0	0.0	0.0	0.0	0.0	0.0	1.6535217990041926	0.4467276920234756	0.0	0.0	0.0	0.0	0.0	0.0	1.4323244166537423	0.0	0.0	0.0	0.0	0.0	0.0	3.4888813137185144	0.0	0.5677131980668206	3.180459540237945	2.3266924867670666	0.0	0.0	0.0	0.0	0.0	2.4787639579650262	0.0	0.8627450462450799	0.8056150661316243	0.0	0.0	0.2784365501723725	2.7495313178336653	0.2784365501723725	0.0	0.0	0.6622338838841538	0.8627450462450799	0.0	0.2784365501723725	0.2784365501723725	0.0	0.2784365501723725	0.0	0.0	0.0	0.4467276920234756	0.0	0.0	0.0	0.0	0.0	0.0	0.0	0.0	0.6622338838841538	0.0	0.0	1.0368183711632586	3.4617136519496383	0.0	2.6107366762381723	0.0	0.0	0.0	1.4864906017602106	0.0	0.0	0.0	0.9993974054850809	1.4176572664707672	0.0
SRR39238509	0.3218278458666114	1.470569371528782	1.1515934177691318	1.4006826147856053	0.0	0.0	0.3218278458666114	0.8122808406760433	0.3218278458666114	1.3173516896881872	0.5046361292884611	0.3218278458666114	0.5046361292884611	0.8801644187104343	3.6296906030612845	0.0	0.0	0.3218278458666114	0.3218278458666114	0.0	0.7317846868084465	0.6328948171839351	0.0	0.0	0.0	0.0	0.8122808406760433	0.7317846868084465	2.478253997202161	0.5046361292884611	0.0	3.396079471433163	0.0	3.947836573002694	1.5307533062754424	0.9388576332952729	0.0	0.3218278458666114	0.0	0.0	0.0	2.8906235176981565	0.0	0.0	0.5046361292884611	0.0	2.0573051589097315	0.0	0.0	0.5046361292884611	2.641520706236521	0.0	0.7317846868084465	0.6328948171839351	0.0	0.0	1.0367475224763358	0.0	0.0	0.0	0.0	0.0	0.3218278458666114	0.8801644187104343	0.3218278458666114	0.5046361292884611	0.0	1.71191658467385	0.0	0.0	1.7881396645546712	0.3218278458666114	0.0	0.0	0.0	1.937780727709859	0.0	0.5046361292884611	0.0	1.0367475224763358	0.990554804315154	0.0	0.0	0.3218278458666114	0.0	0.0	2.4314224177426405	1.1515934177691318	0.0	0.0	0.3218278458666114	0.0	0.0	1.9944562394648542	0.3218278458666114	0.0	0.3218278458666114	1.7388383558683007	1.0367475224763358	0.0	0.0	0.0	0.7317846868084465	1.339730662791992	0.0	2.013359947130401	0.9388576332952729	0.0	0.0	0.0	0.0	0.3218278458666114	0.5046361292884611	0.0	0.0	2.75907256033681	0.0	0.0	0.0	0.0	0.3218278458666114	1.1515934177691318	0.0	2.4188805902370167	0.3218278458666114	0.0	0.0	0.0	0.7317846868084465	0.0	3.3006951354376595	2.0402568830310686	0.0	1.0784959788109496	3.2082313618285174	0.3218278458666114	1.8034035609207133	0.0	0.0	0.0	0.0	0.3218278458666114	0.0	1.2688055535739506	0.0	0.3218278458666114	1.9322419351028972	1.3173516896881872	0.5046361292884611	0.0	1.339730662791992	0.0	0.0	0.0	0.0	0.3218278458666114	0.3218278458666114	0.0	0.0	0.3218278458666114	0.5046361292884611	0.0	0.0	0.6328948171839351	0.9388576332952729	0.0	0.0	0.8801644187104343	0.0	0.0	1.419236580667433	0.0	0.0	0.0	0.8122808406760433	1.9696072696158053	0.6328948171839351	1.557981622347585	0.3218278458666114	0.0	0.0	1.0367475224763358	0.0	0.6328948171839351	0.0	0.3218278458666114	0.0	0.0	0.0	1.2688055535739506	0.0	0.6328948171839351	0.3218278458666114	1.2423331864887734	3.7607142478653945	0.0	2.820177100105512	0.9388576332952729	0.3218278458666114	0.0	0.0	0.0	0.0	0.0	0.0	0.0	0.0	0.0	0.0	0.0	0.0	0.0	0.0	0.0	0.0	0.0	0.0	0.0	0.0	0.0	0.0	0.0	0.0	1.2423331864887734	0.0	0.5046361292884611	0.8122808406760433	1.419236580667433	0.0	0.0	0.3218278458666114	0.5046361292884611	2.2605193509292354	1.486415130232507	2.7498392382563006	0.6328948171839351	2.642608045046644	1.6929944777505448	1.4006826147856053	0.0	0.9388576332952729	0.0	0.0	1.4541234961055687	0.9388576332952729	0.0	0.0	0.8801644187104343	0.5046361292884611	1.8529610735980806	0.3218278458666114	0.0	0.0	2.4521143553900853	0.0	0.990554804315154	0.0	0.0	1.6307136335045784	1.3173516896881872	0.8122808406760433	0.0	0.0	0.5046361292884611	2.721805461521134	0.8122808406760433	0.0	1.1839927161539499	3.9210533569859094	1.832410481556609	0.0	0.0	1.4541234961055687	0.0	0.990554804315154	0.0	0.0	1.0367475224763358	4.135950813072504	1.4541234961055687	0.0	0.0	0.7317846868084465	0.990554804315154	0.0	0.3218278458666114	2.0856183460162465	1.557981622347585	0.0	0.0	1.87258300068267	0.0	1.3813004717630084	0.0	0.5046361292884611	0.990554804315154	0.0	1.0784959788109496	2.5758260498792107	0.0	0.0	0.0	0.5046361292884611	3.1654461076022176	0.0	0.0	1.964462189886611	0.0	0.5046361292884611	0.0	0.0	0.0	0.0	1.0367475224763358	0.3218278458666114	0.0	0.0	0.0	1.1515934177691318	0.0	1.36101275001126	1.116580793210757	0.9388576332952729	0.0	0.0	0.0	0.0	0.0	1.7388383558683007	1.1515934177691318	1.36101275001126	1.6732102334400005	3.718061349960968	0.0	0.0	0.0	1.116580793210757	0.0	3.631031049995282	0.3218278458666114	1.5164710229649827	2.0655847302539656	0.0	0.0	0.3218278458666114	3.4070513355191894	0.3218278458666114	0.0	0.5046361292884611	0.0	0.7317846868084465	0.0	0.0	0.3218278458666114	0.0	0.0	0.5046361292884611	0.0	0.0	0.0	0.5046361292884611	0.0	0.0	0.0	0.0	0.0	0.0	0.0	0.0	0.0	0.0	0.5046361292884611	3.943730204079853	1.0784959788109496	1.1515934177691318	1.339730662791992	0.0	0.0	0.8801644187104343	0.0	0.0	1.36101275001126	1.7388383558683007	0.8122808406760433	0.3218278458666114
SRR39238542	0.0	0.29174620456768086	0.0	3.046452253140736	0.0	0.0	0.6840191609575738	0.0	0.0	0.7625661454189004	0.0	0.0	0.4646982350545227	3.2057741184137183	0.6840191609575738	0.0	0.0	0.29174620456768086	0.0	0.0	0.29174620456768086	0.0	0.4646982350545227	0.0	0.0	0.0	0.0	0.0	0.0	0.0	0.0	0.9375982390298109	0.0	4.64746712728893	0.0	0.29174620456768086	0.0	0.0	0.0	0.0	0.0	0.5880588068878768	0.0	0.29174620456768086	0.0	0.0	0.0	0.29174620456768086	0.0	0.0	0.0	0.0	0.8867107502088234	0.0	0.29174620456768086	0.0	0.8290593232644193	0.0	0.0	0.0	0.0	0.0	0.0	0.0	0.0	0.29174620456768086	0.0	1.1865468187743582	0.0	0.0	0.0	0.0	0.0	0.0	0.0	0.6840191609575738	0.0	0.0	0.29174620456768086	1.3799362262724444	0.0	0.0	0.0	0.0	0.0	0.0	2.3392485878098954	0.9375982390298109	0.0	0.0	0.0	0.0	0.0	0.0	0.0	0.4646982350545227	1.838828448048745	0.8290593232644193	0.0	0.0	0.0	0.0	0.0	1.6537354100017423	0.29174620456768086	0.29174620456768086	0.5880588068878768	0.0	0.0	0.0	0.0	0.0	0.0	0.0	0.0	2.2341897970564477	0.0	0.0	0.29174620456768086	0.0	0.0	1.9308350981137532	0.0	0.29174620456768086	0.0	0.0	0.0	0.0	0.0	0.0	2.741685401816013	0.6840191609575738	0.0	0.29174620456768086	2.3315632611935113	0.0	1.3437906505715498	0.0	0.0	0.0	0.0	0.0	0.0	0.5880588068878768	0.0	2.568990145601858	0.0	0.7625661454189004	0.0	0.0	0.0	0.0	0.0	0.0	0.0	0.0	0.0	0.0	0.0	0.29174620456768086	0.0	0.0	0.0	0.0	0.0	0.8290593232644193	0.0	1.6049353805629316	0.29174620456768086	0.0	1.8203566183850737	0.0	0.0	0.0	0.0	0.0	0.0	0.0	0.0	0.0	0.0	0.0	0.0	0.0	0.0	0.0	0.0	0.0	0.0	0.0	0.0	0.29174620456768086	0.0	0.0	3.73885671534273	0.0	2.6888374038026654	0.5880588068878768	0.0	0.0	0.0	0.4646982350545227	0.0	0.0	0.0	0.0	0.0	0.0	0.0	0.0	0.0	0.0	0.0	0.0	0.0	0.0	0.0	0.0	0.0	0.0	0.0	0.0	0.0	0.0	0.0	0.0	0.0	0.0	0.0	0.29174620456768086	0.0	0.0	0.0	0.0	0.9375982390298109	0.0	1.5258453714581088	0.29174620456768086	0.29174620456768086	0.0	0.0	0.0	0.0	0.0	0.0	0.0	0.0	0.0	0.0	0.0	0.0	0.0	0.6840191609575738	2.858626403061339	0.0	0.0	0.0	0.0	2.604524576960832	0.0	0.5880588068878768	0.0	0.0	0.0	0.9375982390298109	0.8290593232644193	0.0	0.983143586174889	2.1457138366622033	1.2128054241708253	0.0	0.0	0.0	0.0	0.0	0.4646982350545227	0.0	0.0	1.2375664798202384	1.2375664798202384	0.0	0.0	0.0	0.0	0.0	0.0	0.29174620456768086	0.0	0.0	0.0	0.0	0.29174620456768086	0.0	0.0	0.0	0.0	0.0	0.0	3.4723172228127175	0.0	0.0	0.0	0.0	4.091517714132207	0.0	0.0	0.29174620456768086	0.0	0.0	0.0	0.0	0.0	0.0	2.631580051310571	0.29174620456768086	0.0	0.0	0.0	0.0	0.0	0.8290593232644193	0.0	0.0	0.0	0.0	0.0	0.0	0.0	0.29174620456768086	0.0	0.0	2.597226112226091	3.372172522284852	0.0	0.0	0.0	0.29174620456768086	0.0	0.0	0.0	0.29174620456768086	0.6840191609575738	0.0	0.0	0.29174620456768086	2.997445450534888	0.0	0.0	0.0	0.0	0.0	0.0	0.0	0.0	0.0	0.0	0.8867107502088234	0.0	0.0	0.4646982350545227	0.0	0.0	0.0	0.0	0.0	0.4646982350545227	0.0	0.0	0.0	0.0	0.0	1.6444042476314154	3.252384209744664	0.0	0.29174620456768086	0.0	0.0	0.0	0.0	0.0	0.0	0.0	0.5880588068878768	0.983143586174889	0.0
SRR39238543	0.0	0.0	0.8264554146679381	3.455618034309625	0.0	0.0	0.0	0.6457684505185288	0.0	0.953673894639357	0.0	0.0	0.0	0.0	2.584822648377925	0.0	0.0	0.0	0.0	0.0	0.7454417182532149	0.0	0.0	0.0	0.0	0.0	0.0	0.0	0.0	0.0	0.0	0.8264554146679381	0.0	4.216253497767133	0.8264554146679381	0.0	0.0	0.0	0.0	0.0	0.0	1.9487574559926832	0.0	0.0	0.0	0.0	0.0	0.0	0.0	0.0	0.7454417182532149	0.0	1.502587174993341	0.0	0.0	0.0	0.0	0.0	0.0	0.0	0.0	0.0	0.0	0.0	0.8264554146679381	0.33065213950662453	0.0	1.9258572797002314	0.0	0.0	0.5161848564619334	0.33065213950662453	0.0	0.0	0.0	0.5161848564619334	0.0	0.0	0.0	1.9431446186804697	0.33065213950662453	0.0	0.0	0.0	0.33065213950662453	0.0	2.6358496308838055	1.0055836799266626	0.0	0.0	0.0	0.0	0.0	0.33065213950662453	0.33065213950662453	0.0	0.5161848564619334	0.0	0.0	0.0	0.0	0.0	0.0	1.1320329924579522	0.0	0.953673894639357	0.5161848564619334	0.0	0.0	0.0	0.0	0.0	0.0	0.0	0.0	3.3913787460979936	0.33065213950662453	0.0	0.33065213950662453	0.0	0.0	0.953673894639357	0.0	1.2846291795440148	0.0	0.0	0.33065213950662453	0.0	0.0	0.0	2.1060902585197923	1.0519460314980413	0.0	0.33065213950662453	1.9809914149284047	0.0	1.7374726908377156	0.0	0.0	0.0	0.0	0.33065213950662453	0.6457684505185288	0.33065213950662453	0.0	0.0	0.0	0.5161848564619334	0.0	0.0	0.0	0.6457684505185288	0.0	0.0	0.0	0.0	0.0	0.0	0.0	0.0	0.0	0.0	0.0	0.0	0.0	0.0	0.0	0.0	0.33065213950662453	0.0	3.045409822216762	0.0	0.0	0.0	0.6457684505185288	0.0	0.0	0.0	0.0	0.0	0.0	0.0	0.0	0.0	0.0	0.0	0.0	0.0	0.0	0.0	0.0	0.0	0.0	0.0	4.198484411075078	0.0	0.8947063797786527	0.0	0.0	0.33065213950662453	0.0	0.0	0.0	0.0	0.5161848564619334	0.0	0.0	0.0	0.0	0.0	0.0	0.0	0.0	0.0	0.0	0.0	0.0	0.0	0.0	0.0	0.0	0.0	0.0	0.0	0.0	0.0	0.0	0.0	0.0	0.0	0.0	0.0	0.0	0.33065213950662453	0.33065213950662453	0.0	0.0	0.0	0.8264554146679381	0.0	0.0	0.0	0.33065213950662453	0.33065213950662453	0.0	0.0	0.0	0.0	0.0	0.0	0.0	0.0	0.0	2.7749197691945002	0.0	0.33065213950662453	0.0	0.0	3.1569901339958237	0.0	0.0	0.0	0.0	0.0	0.33065213950662453	0.0	0.0	1.546977312599405	0.33065213950662453	2.870182895388063	0.0	0.0	0.0	0.0	0.0	0.33065213950662453	0.0	0.0	0.33065213950662453	0.953673894639357	0.0	0.953673894639357	0.0	0.0	0.0	0.0	1.0055836799266626	0.33065213950662453	0.0	0.0	0.0	0.33065213950662453	0.8264554146679381	0.0	0.0	0.0	0.0	0.0	4.099016288269043	0.0	0.0	0.0	0.0	4.239449330278087	0.0	0.0	0.0	0.0	0.0	0.0	0.0	0.0	0.0	0.0	0.0	0.0	0.0	0.5161848564619334	0.0	0.0	0.5161848564619334	0.0	0.0	0.0	0.0	0.0	0.0	0.0	0.6457684505185288	0.0	0.0	1.4353190459684078	1.7464504348633512	0.0	0.0	0.0	0.0	0.0	2.9306008756238136	0.0	0.0	3.0598967742043124	0.0	0.0	0.33065213950662453	3.4048532263323508	0.0	0.0	0.0	0.0	0.5161848564619334	0.33065213950662453	0.0	0.0	0.0	0.0	2.2153414331513	0.0	0.0	1.1320329924579522	0.0	0.0	0.0	0.0	0.0	0.0	0.0	0.33065213950662453	0.33065213950662453	0.0	0.0	1.3096295915132146	0.33065213950662453	0.0	0.0	0.0	0.0	0.0	0.7454417182532149	0.0	0.0	0.0	0.0	0.0	0.0
SRR39238544	0.0	0.18775883959786746	0.0	3.5198131985340746	0.0	0.0	0.18775883959786746	0.41872109229824017	0.0	0.9047685308267843	0.0	0.18775883959786746	0.0	0.0	2.2681753311529746	0.0	0.0	0.18775883959786746	0.0	0.0	0.0	0.0	0.0	0.0	0.0	0.0	0.0	0.0	0.9047685308267843	0.0	0.0	0.8744896542731642	0.0	4.477512948363178	0.679964724541076	0.0	0.0	0.0	0.0	0.0	0.0	2.9233618709979696	0.0	0.31841588744197236	0.0	0.0	0.0	0.0	0.0	0.18775883959786746	1.1778814754806086	0.0	0.5686971217355921	0.0	0.0	0.18775883959786746	0.5001511427496323	0.0	0.0	0.0	0.0	0.0	0.0	0.0	0.5686971217355921	0.0	0.0	0.0	0.0	0.0	0.18775883959786746	0.0	0.0	0.0	0.0	0.9047685308267843	0.0	0.0	0.0	2.3623280857094677	0.0	0.18775883959786746	0.0	0.0	0.0	0.0	2.476463839307018	0.9846854099765393	0.0	0.0	0.0	0.0	0.0	3.4477248339544304	0.0	0.0	2.2056080264612135	0.7684606009497387	0.0	0.0	0.0	0.0	0.18775883959786746	0.679964724541076	0.0	0.18775883959786746	0.679964724541076	0.18775883959786746	0.0	0.0	0.0	0.31841588744197236	0.18775883959786746	0.0	0.0	2.7676403785401402	0.0	0.0	0.31841588744197236	0.0	0.0	2.013762292370569	0.0	1.4642498144977987	0.0	0.0	0.0	0.0	0.18775883959786746	0.0	2.2487463050773684	0.9330732628833319	0.0	0.0	3.441225508160318	0.0	1.90581829926648	0.0	0.0	0.0	0.0	0.0	0.0	0.6278846081252447	0.0	0.0	0.0	0.0	0.0	0.0	0.679964724541076	0.18775883959786746	0.0	0.0	0.0	0.0	0.0	0.0	0.0	0.0	0.18775883959786746	0.0	0.0	0.0	0.0	0.0	0.0	0.0	0.0	0.0	1.6072582648875253	0.0	0.0	0.0	0.0	0.31841588744197236	0.0	0.0	0.0	0.0	0.0	0.0	0.0	0.0	0.0	0.0	0.0	0.0	0.0	0.0	0.0	0.18775883959786746	0.0	0.0	4.30021476280637	0.0	1.3750317916732833	0.0	0.0	0.18775883959786746	0.0	0.18775883959786746	0.0	0.18775883959786746	0.0	0.0	0.0	0.0	0.0	0.0	0.0	0.0	0.0	0.0	0.0	0.0	0.0	0.0	0.0	0.0	0.0	0.0	0.0	0.0	0.0	0.0	0.0	0.0	0.18775883959786746	0.8067527265172352	0.0	0.0	0.0	0.7684606009497387	1.008359886561814	0.0	2.0810831063550177	0.0	0.0	0.0	0.0	0.0	0.31841588744197236	0.18775883959786746	0.0	0.0	0.0	0.18775883959786746	0.0	0.0	0.0	0.0	0.0	2.35096250043093	0.0	0.0	0.0	0.0	2.646276296549479	0.5686971217355921	0.5001511427496323	0.9596455928928989	0.0	0.0	0.8419404703886099	0.5001511427496323	0.0	1.322451891372646	2.566123273181569	1.1105419391489149	0.18775883959786746	0.0	0.0	0.0	0.0	0.0	0.18775883959786746	0.0	0.9846854099765393	2.0508203505010236	0.0	0.0	0.0	0.18775883959786746	0.0	0.0	0.18775883959786746	0.0	0.0	0.0	2.0091870921844537	0.18775883959786746	1.052156889974953	0.0	0.0	0.8067527265172352	0.0	0.41872109229824017	3.4338496516745334	0.0	0.0	0.0	0.0	3.7684961872395117	0.0	0.0	0.0	0.0	0.0	0.0	0.0	0.0	0.0	0.0	0.0	0.0	0.0	0.0	0.0	0.0	0.0	0.0	0.0	0.0	0.0	0.0	0.0	0.0	1.052156889974953	0.0	0.0	1.843153412153699	2.7377587633876947	0.0	0.0	0.0	0.9846854099765393	0.0	2.9797800381396424	0.0	0.0	0.6278846081252447	0.0	0.0	0.9596455928928989	3.6214120223047965	0.0	0.0	0.0	0.0	1.322451891372646	0.0	0.0	0.0	0.0	0.0	0.0	0.0	0.0	1.052156889974953	0.0	0.0	0.31841588744197236	0.0	0.0	0.0	0.0	0.0	0.0	0.0	0.0	2.2891927466138755	1.5516214147266492	0.41872109229824017	0.31841588744197236	0.41872109229824017	0.0	0.0	0.31841588744197236	0.0	0.0	0.0	0.18775883959786746	0.679964724541076	0.18775883959786746
SRR39238545	0.8345283249908462	2.7465771111507675	2.7224662949213645	1.5561837339212892	1.134665788651236	0.5928256444493316	0.6891129965888172	1.695459255827819	1.0301740379180993	2.220712785856073	1.3499158374167053	1.3499158374167053	1.611191001364611	1.5790292578184497	2.3925264435190097	1.1025498267475795	0.9888949859169681	2.5983342657148376	2.013067478151868	0.0	1.8329204443531575	2.0408327333254213	1.2670561718988558	0.29489563220165704	0.0	0.29489563220165704	0.8345283249908462	0.9888949859169681	2.1918416965277654	1.1925460400458352	0.0	2.2307530490302168	1.067867881792603	2.9471755182739	2.004797225523662	1.067867881792603	1.6214032310117479	1.9963664204624758	1.2892996309607685	0.8345283249908462	0.0	2.1490978185023026	1.3499158374167053	0.0	0.0	0.46892269621582205	2.356912801483161	0.46892269621582205	1.4030985436207455	1.4794092138991968	3.8035549488660405	0.0	1.2892996309607685	1.3306354213865255	0.0	1.1645694446259471	2.250162959504906	1.1025498267475795	0.9432763399612514	0.0	0.29489563220165704	0.0	0.9432763399612514	1.067867881792603	1.532069396342456	1.1645694446259471	0.46892269621582205	1.3306354213865255	0.29489563220165704	0.0	3.242198434978327	1.906872462089311	3.197434130015795	0.0	1.2188289781182937	3.1250066298244663	0.0	0.0	1.067867881792603	2.5229740439410238	2.2025636515766296	1.1645694446259471	0.0	0.0	0.0	0.5928256444493316	2.751841088067351	2.0330792666918227	0.0	1.728233905051502	0.9432763399612514	1.0301740379180993	0.0	3.2299434624770837	0.9888949859169681	0.0	1.5561837339212892	2.2732656305059193	2.2821732292065264	0.0	0.46892269621582205	0.0	1.7802371880005754	2.971282685512641	0.6891129965888172	2.3221551583551063	0.9888949859169681	1.2188289781182937	0.0	1.7360551751714568	0.6891129965888172	1.9222875548592144	0.6891129965888172	1.310459128957561	0.7678786388773869	1.9273066815614963	1.1925460400458352	0.29489563220165704	0.46892269621582205	0.0	0.5928256444493316	2.1460929085340075	0.8345283249908462	2.642809547118169	0.29489563220165704	0.6891129965888172	0.8922973108715472	0.8345283249908462	0.9432763399612514	0.0	2.843785283751988	1.960904557357478	0.0	1.7038876997366519	2.332092368208413	0.29489563220165704	1.3306354213865255	1.8329204443531575	0.0	0.29489563220165704	0.0	1.8686218660325484	1.7437380791251424	2.942382084978736	1.1925460400458352	1.8451499289493398	2.8574785056621392	2.583171415973631	1.9273066815614963	0.9432763399612514	3.1765799792810205	1.8266740890470372	0.5928256444493316	0.8345283249908462	0.29489563220165704	1.134665788651236	0.0	0.0	0.0	0.29489563220165704	1.2188289781182937	0.29489563220165704	2.33988160449306	1.465182239548023	1.75870778469533	2.631124545024143	0.0	1.2188289781182937	0.29489563220165704	1.2670561718988558	2.013067478151868	1.2188289781182937	0.0	0.0	2.3241608736774757	3.0661106633546944	1.906872462089311	2.1695694241068906	0.29489563220165704	0.0	0.29489563220165704	1.6691456685417552	0.0	1.134665788651236	0.8922973108715472	1.8203365812639773	0.0	0.9432763399612514	0.0	2.2641714999278846	0.9888949859169681	1.0301740379180993	0.7678786388773869	2.91554159120811	3.7962613658395794	0.5928256444493316	2.7208638157692002	1.1925460400458352	0.6891129965888172	0.7678786388773869	1.3499158374167053	1.310459128957561	1.3306354213865255	0.29489563220165704	1.3499158374167053	0.0	0.29489563220165704	0.0	0.0	0.0	0.5928256444493316	0.0	0.29489563220165704	0.0	0.0	0.0	0.0	0.0	0.0	0.0	0.0	0.0	1.2892996309607685	2.6046739985482765	0.46892269621582205	2.2843718720161235	2.970379813143585	2.4158249433961583	0.46892269621582205	2.133860938532657	0.29489563220165704	0.0	1.6313808315320475	2.646635711738695	2.3301230331086114	0.0	2.2930567978485037	2.3181157227998215	2.320140136982055	1.5900166133189093	0.6891129965888172	0.29489563220165704	0.29489563220165704	3.0606387225868033	2.1780559386117826	0.0	0.0	1.310459128957561	2.2595520114645815	2.8150313074828963	1.1925460400458352	0.0	1.0301740379180993	2.1016831405457177	0.29489563220165704	2.567459962712931	0.0	0.5928256444493316	2.252529320602042	2.5242382602504687	1.9172097434000863	0.8345283249908462	0.6891129965888172	0.5928256444493316	3.2991914584498816	0.9888949859169681	1.2670561718988558	2.04465816843387	3.1347099876299236	2.4332925088979476	1.2188289781182937	0.0	2.503555438617684	0.8345283249908462	1.932268464474783	1.1645694446259471	1.1645694446259471	1.8628717352649877	2.463356489230705	3.7526431354532157	0.0	0.0	1.4030985436207455	2.362444612135136	0.0	1.243611668285939	3.6860074593000407	2.2548828578368223	0.0	0.29489563220165704	2.989821916222465	2.546386576611283	2.646635711738695	1.7660034844523087	2.121274443884526	2.821446135608817	0.7678786388773869	2.0330792666918227	2.852171586705483	0.29489563220165704	0.0	0.29489563220165704	1.5561837339212892	3.4170773102550824	0.29489563220165704	0.0	2.9035858056170327	0.0	1.243611668285939	0.9888949859169681	0.0	0.29489563220165704	0.5928256444493316	1.942025137617808	1.4030985436207455	1.1025498267475795	0.46892269621582205	0.46892269621582205	2.457507885236095	1.7437380791251424	2.590819011480023	1.9273066815614963	1.7940191577978866	1.134665788651236	0.0	0.0	0.0	0.0	2.4887421830313263	1.75870778469533	3.2814541149760412	2.9088244621747363	2.655123289990664	1.310459128957561	1.8798986492541778	0.0	1.4352488295183887	0.0	0.7678786388773869	0.8345283249908462	1.8007495288039335	1.7731786460997545	0.8345283249908462	0.0	0.5928256444493316	2.223244696287779	0.46892269621582205	0.0	0.5928256444493316	0.5928256444493316	1.5065369774851727	1.6007328414207613	0.0	0.0	0.0	0.29489563220165704	1.5677566986178892	0.0	0.46892269621582205	1.3499158374167053	2.4158249433961583	0.0	0.0	0.46892269621582205	0.46892269621582205	1.9120718586220073	0.9432763399612514	0.0	0.29489563220165704	0.0	0.0	1.5065369774851727	3.0349294914894513	2.5229740439410238	3.1371792797048044	2.584272209242708	1.4794092138991968	0.0	2.1667033294510656	0.29489563220165704	0.0	2.609887319135158	3.3098686462248175	2.6191164361863524	2.2104349019698355
SRR39238546	0.0	0.7736922650369542	1.596838404557659	2.7030751443049286	0.0	0.0	0.0	0.2983601019467343	0.0	1.6282374713857755	0.0	0.5980489703216845	0.0	0.0	1.2736808620336548	0.0	0.0	0.2983601019467343	0.0	0.0	0.8405109799411581	0.5980489703216845	0.0	0.0	0.0	0.0	0.0	0.0	1.934224893516261	0.0	0.0	1.295943082956722	0.2983601019467343	4.323247779367863	0.0	1.944094255650687	0.0	0.0	0.2983601019467343	0.0	0.0	1.5629910583712392	0.2983601019467343	0.2983601019467343	0.0	0.0	0.0	0.4735577364654012	0.0	0.4735577364654012	1.5629910583712392	0.0	0.5980489703216845	0.0	0.0	0.0	1.3927992313509239	0.0	0.0	0.0	0.0	0.0	0.0	0.4735577364654012	0.2983601019467343	0.0	0.0	1.8398187230015541	0.0	0.0	0.4735577364654012	0.0	0.4735577364654012	0.0	0.0	0.5980489703216845	0.0	0.0	0.0	1.6382188445481365	0.0	0.0	0.0	0.0	0.0	0.0	2.077473606493263	0.949484624290427	0.0	0.0	0.0	0.0	0.0	1.337311285027743	0.0	0.0	1.4999620639807745	1.036526058148107	0.2983601019467343	0.0	0.0	0.0	1.6282374713857755	0.8984068460816348	0.0	2.0075332438901934	0.2983601019467343	0.0	0.0	0.0	0.0	0.0	0.2983601019467343	0.0	0.0	2.385600712354382	0.0	0.0	0.2983601019467343	0.0	0.0	1.7023195365047212	0.0	1.9137867182797892	0.0	0.0	0.6946902601770414	0.0	0.0	0.0	2.3043002829813863	1.0742738338189106	0.0	0.2983601019467343	2.8021871201913084	0.0	2.4789612067701903	0.4735577364654012	0.0	0.0	0.0	0.0	0.0	0.9951823101968735	0.0	1.827231859769184	0.7736922650369542	4.166077961506121	0.0	0.0	0.2983601019467343	0.4735577364654012	0.0	0.0	0.0	0.0	0.0	0.0	0.0	0.0	0.2983601019467343	0.0	0.0	0.0	1.7429279542603113	0.0	0.0	0.2983601019467343	0.0	0.2983601019467343	2.193334893572086	0.0	0.0	0.0	0.5980489703216845	0.5980489703216845	0.4735577364654012	0.5980489703216845	0.0	0.0	0.0	0.0	0.0	0.0	0.0	0.0	0.0	0.0	0.0	0.4735577364654012	0.0	0.7736922650369542	0.0	0.0	4.345279546037042	0.0	1.8868073903472655	0.0	0.0	0.0	0.0	0.0	0.0	0.0	0.0	0.0	0.0	0.0	0.0	0.0	0.0	0.0	0.0	0.0	0.0	0.0	0.0	0.0	0.0	0.0	0.0	0.0	0.0	0.2983601019467343	0.0	0.0	0.0	0.5980489703216845	0.0	0.0	0.0	0.0	0.0	1.036526058148107	1.471944563944114	0.2983601019467343	3.1678335828822277	0.6946902601770414	0.949484624290427	0.0	0.0	0.0	0.0	0.2983601019467343	0.0	0.0	0.0	0.2983601019467343	0.0	0.4735577364654012	0.0	0.0	0.0	2.866807204266601	0.0	0.2983601019467343	0.0	0.0	1.9189871390642073	0.8984068460816348	0.2983601019467343	0.2983601019467343	0.0	0.0	1.939187609193958	0.0	0.0	1.295943082956722	2.8465208781807974	2.7064613912956657	0.2983601019467343	0.0	0.0	0.0	0.0	0.0	0.0	0.4735577364654012	2.7098214394498465	3.189993192887885	0.0	0.0	0.0	0.5980489703216845	0.0	0.0	1.1710941058614772	0.0	0.0	0.0	0.0	0.0	0.0	0.0	0.0	0.0	0.0	0.2983601019467343	3.392759544042411	0.0	0.0	0.0	0.0	3.6835093687139286	0.0	0.0	0.0	0.0	0.0	0.0	0.0	0.0	0.0	0.4735577364654012	0.4735577364654012	0.0	0.0	0.0	0.4735577364654012	0.0	0.6946902601770414	0.4735577364654012	0.0	0.6946902601770414	0.0	0.0	0.0	0.0	0.7736922650369542	0.4735577364654012	0.0	1.990333327661949	2.121788713814749	0.0	0.0	0.0	0.0	0.0	1.1710941058614772	0.0	0.2983601019467343	2.325082654446825	0.0	0.0	1.1411565246521618	3.4511634389638424	0.0	0.0	0.2983601019467343	0.0	0.8984068460816348	0.0	0.0	0.0	0.0	0.0	0.0	0.0	0.0	1.3927992313509239	0.0	0.0	0.0	0.0	0.0	0.0	0.0	0.0	0.4735577364654012	0.0	0.0	1.356605794972088	2.3449157751903416	0.7736922650369542	0.5980489703216845	0.5980489703216845	0.0	0.0	0.7736922650369542	0.0	0.0	0.2983601019467343	1.1090014265166546	0.2983601019467343	0.4735577364654012
SRR39238547	0.0	2.6809231888970237	1.4399164118064438	0.5964380879750202	0.29729015780330537	0.5964380879750202	1.248181113316433	2.5265361014379097	1.572470798426743	1.6647468910666217	0.6929707071636406	0.0	2.278084408421472	0.29729015780330537	3.4029305707023294	0.5964380879750202	1.7329882799958403	1.0345688431846771	1.3730146959571417	0.29729015780330537	2.245383200852245	2.1386699968500014	1.1690839721151634	1.6738869129158718	0.29729015780330537	0.0	2.060738461429016	1.615917509262963	1.867650124563032	0.9475714791025543	1.6647468910666217	3.0149234067323634	0.7719001750149673	3.658258026113625	2.8895744465346493	0.6929707071636406	0.0	1.4241321614233415	1.1690839721151634	0.0	0.0	2.852836297672558	1.3907308427303453	0.0	0.0	1.9320941811623977	2.361736078205352	1.3907308427303453	0.5964380879750202	1.8902108380048483	2.630994515655263	0.29729015780330537	1.223382268001719	0.6929707071636406	0.0	2.7986796531707436	2.740689397551492	0.47212761320548235	0.9932449299169414	0.0	0.29729015780330537	0.0	0.47212761320548235	2.906840226121462	0.8386670336678506	0.7719001750149673	0.0	0.9932449299169414	0.0	0.0	2.706832227384366	0.9932449299169414	1.223382268001719	0.0	0.0	2.8640709597412237	0.8386670336678506	0.47212761320548235	1.6828385349983033	1.354545007442003	1.86182194589921	1.75604646008381	0.47212761320548235	0.0	0.29729015780330537	0.9932449299169414	2.6562052016806903	1.0723000858452283	0.0	0.0	0.29729015780330537	1.1070136861552928	0.0	3.2033458678645346	1.4241321614233415	0.29729015780330537	0.8965239834741677	2.207377889395119	2.122877734043856	1.0723000858452283	0.0	2.8901245224590557	1.8186757245917924	2.0997570043812037	0.6929707071636406	1.0723000858452283	2.7200432863783472	0.6929707071636406	0.0	0.0	0.8965239834741677	1.9370566111437408	1.5367723301011913	0.9932449299169414	1.1070136861552928	1.974837997726709	0.47212761320548235	0.29729015780330537	1.197081158306699	0.0	0.29729015780330537	2.410818051633034	1.1391567886864629	1.8734011243720698	1.293896545345283	1.4840939002785802	0.29729015780330537	0.0	0.7719001750149673	0.47212761320548235	3.295038987503618	1.248181113316433	0.0	0.7719001750149673	3.4201390412676873	0.6929707071636406	0.6929707071636406	1.5241895672268193	0.0	0.6929707071636406	0.0	1.0345688431846771	0.29729015780330537	2.497661496877484	0.7719001750149673	1.0345688431846771	2.1355571507660165	3.4867840360619202	2.286992528454847	1.248181113316433	2.5699996851830873	1.75604646008381	0.7719001750149673	0.7719001750149673	0.5964380879750202	1.8121465705760704	1.8314467352918968	0.0	0.0	0.6929707071636406	1.4551470521691665	2.2020496262525984	0.9475714791025543	1.248181113316433	0.0	1.1391567886864629	0.0	1.0345688431846771	0.5964380879750202	0.6929707071636406	1.770765363303212	0.29729015780330537	1.0723000858452283	0.0	1.6828385349983033	2.386970073709008	1.335254815947641	2.3147432160956116	0.47212761320548235	0.0	1.4978745503779198	2.603166574507515	0.0	0.29729015780330537	0.8965239834741677	1.4399164118064438	0.0	0.29729015780330537	0.8386670336678506	2.09635122176153	0.47212761320548235	1.3730146959571417	1.6916093675356643	2.0259817514163903	3.090791418615185	0.0	1.9219959032019214	0.0	0.8386670336678506	0.9932449299169414	1.4840939002785802	1.7086368799770355	1.7850017296545113	0.29729015780330537	0.29729015780330537	0.0	0.5964380879750202	0.29729015780330537	0.29729015780330537	0.0	0.0	0.0	0.7719001750149673	0.0	0.0	0.0	0.0	0.47212761320548235	0.29729015780330537	0.0	0.0	0.7719001750149673	1.197081158306699	2.400757403433757	1.1391567886864629	1.716906657398244	2.609506483385883	2.4334243754267617	0.47212761320548235	2.4990164771978995	2.1743812765976607	2.5149548276802025	2.1657249606807554	2.0789097764412423	2.512338725436494	0.0	1.8186757245917924	2.1355571507660165	1.9516124931416747	2.0644340582143843	1.4698616043614305	0.0	0.5964380879750202	2.1355571507660165	2.2047219291831675	0.0	0.0	2.1911928827057654	1.3150678180832143	2.4396729325178654	0.9475714791025543	2.595651108228944	0.47212761320548235	0.8965239834741677	0.0	2.2178422230862584	0.0	1.4840939002785802	0.6929707071636406	2.6552621437041073	2.5583562487307194	1.8376941161206213	0.47212761320548235	0.29729015780330537	1.5947372271952969	0.8386670336678506	1.0345688431846771	1.4077525323000208	4.118814666088176	2.5340888573398557	0.0	0.0	1.8186757245917924	1.0345688431846771	1.5947372271952969	1.3907308427303453	1.8055177575253198	2.3447040341084273	2.954391585470121	3.9873774015789567	0.0	1.1690839721151634	0.7719001750149673	1.7850017296545113	1.8376941161206213	0.0	3.306147866283823	1.7002065687525927	0.0	0.47212761320548235	1.770765363303212	2.5188496684022113	3.117974781192169	1.248181113316433	1.9063940906705865	2.5868996706293985	0.0	1.6261324804263146	1.7002065687525927	1.5608943127777093	0.0	0.0	1.4077525323000208	2.1772287936775623	0.0	0.0	2.37091744433498	0.0	1.223382268001719	0.6929707071636406	1.6554103683576236	0.0	0.7719001750149673	1.8186757245917924	0.8965239834741677	1.4241321614233415	0.0	0.9932449299169414	2.4696343518356176	1.5490007755785604	2.340826681064834	1.8186757245917924	0.8965239834741677	0.0	0.29729015780330537	0.0	0.0	0.29729015780330537	1.9010663977685278	1.7987861958898521	2.5365775333243663	2.053251566215203	3.128261897191231	0.9932449299169414	0.29729015780330537	0.0	1.5367723301011913	0.0	2.3799087200788502	2.340826681064834	3.17690028073557	1.3730146959571417	1.293896545345283	1.0345688431846771	1.0345688431846771	2.777830096469304	0.9932449299169414	0.47212761320548235	1.5947372271952969	0.0	1.6647468910666217	1.223382268001719	0.47212761320548235	1.0345688431846771	0.0	0.8965239834741677	1.1070136861552928	0.0	0.0	0.7719001750149673	1.1070136861552928	0.0	0.9932449299169414	0.47212761320548235	0.29729015780330537	1.1070136861552928	1.5837466981252057	1.248181113316433	0.8386670336678506	0.0	0.0	0.8965239834741677	3.576707925429453	2.7232841995170998	0.9475714791025543	2.3781252951290996	0.9932449299169414	0.0	1.1690839721151634	0.0	0.0	1.5367723301011913	2.539052029446857	1.271640073604301	1.6916093675356643
SRR39238548	0.438983812106876	2.561745999167903	2.0972337468603417	2.916957804437963	0.0	0.0	1.1217089201339292	3.3519238263950895	2.6344337030800675	1.7553361135294703	0.438983812106876	0.6527860647044016	0.9885125218955544	0.0	3.0953185248917205	0.0	0.9026102023320481	1.266653019043888	0.9026102023320481	0.0	1.7278156696399423	0.0	1.2234992006250638	0.0	0.0	0.438983812106876	0.0	0.0	0.9026102023320481	0.0	0.0	2.3482455567887723	0.9885125218955544	4.333120556411194	2.3379106420237905	1.7812160756119462	0.0	0.0	0.6527860647044016	0.7954194342507864	0.0	1.266653019043888	1.3418992530806442	0.0	0.438983812106876	0.438983812106876	1.8507177084154414	0.438983812106876	0.438983812106876	2.553336190749894	1.4873145955192661	0.0	1.266653019043888	0.0	0.0	0.0	1.987346883659705	0.0	1.6669163844367993	0.438983812106876	0.0	0.0	0.0	0.9885125218955544	0.9026102023320481	0.0	1.3418992530806442	2.0175329584521497	0.0	0.0	1.266653019043888	1.4873145955192661	0.0	0.0	0.0	2.9384720392662094	0.0	0.6527860647044016	1.1217089201339292	2.4085411400675527	0.6527860647044016	0.0	0.0	0.0	0.0	0.0	2.6633892001767876	1.305903755125981	0.0	0.0	0.0	0.0	0.0	1.7553361135294703	0.9885125218955544	0.0	0.0	1.9549049218646937	2.270133409691489	0.0	0.0	0.0	1.6502569326510907	1.2234992006250638	0.6527860647044016	2.2492643277802093	0.7954194342507864	0.438983812106876	0.0	0.438983812106876	0.0	0.0	0.0	0.0	0.0	1.9106159727720908	0.438983812106876	0.0	1.1217089201339292	0.0	0.438983812106876	1.9377274400467481	1.4348382738601553	1.0601971834627126	0.6527860647044016	0.9885125218955544	0.0	0.0	0.438983812106876	0.0	3.6917477366450377	0.7954194342507864	0.0	1.0601971834627126	2.2042530936810563	0.0	2.1697170542980317	1.4060133295201078	0.0	0.0	2.0388707616281465	0.9026102023320481	2.0175329584521497	2.1748221266380217	0.0	0.9885125218955544	0.0	2.316472376834886	0.438983812106876	0.438983812106876	2.809012196740671	1.6829603212471287	0.0	0.0	0.438983812106876	0.6527860647044016	0.438983812106876	0.0	0.0	0.0	0.0	0.0	0.0	0.0	0.0	0.0	0.0	0.6527860647044016	0.7954194342507864	0.6527860647044016	2.1486746356187925	0.0	1.1755794698980684	0.0	1.9106159727720908	2.2136362909673304	0.9026102023320481	1.6148888862485238	0.0	0.0	0.0	0.438983812106876	0.7954194342507864	1.2234992006250638	0.0	0.0	0.0	1.0601971834627126	0.0	0.0	0.9885125218955544	1.6329328475905815	0.9026102023320481	0.0	4.187197936778163	0.0	1.6984326098819964	0.438983812106876	0.0	0.0	0.7954194342507864	0.438983812106876	0.438983812106876	0.0	0.0	0.0	0.0	0.7954194342507864	0.6527860647044016	0.0	0.0	0.0	0.0	0.0	0.0	0.0	0.0	0.0	0.0	0.0	0.0	0.0	0.0	1.4060133295201078	0.9885125218955544	0.0	0.0	1.4060133295201078	0.0	0.9026102023320481	1.305903755125981	1.0601971834627126	1.534128227793159	1.9549049218646937	2.4085411400675527	0.6527860647044016	2.222821038619788	1.9288770125218362	1.5960626183077196	0.7954194342507864	1.1755794698980684	0.0	0.438983812106876	1.0601971834627126	0.9885125218955544	0.0	0.0	2.244967416886978	0.9026102023320481	2.0972337468603417	0.0	0.0	0.6527860647044016	2.1432507757156833	0.0	0.0	0.0	0.6527860647044016	1.6148888862485238	1.0601971834627126	2.3810202063658337	1.8915532688260916	0.0	0.0	2.3965243805975738	1.305903755125981	0.0	1.8173557339417044	3.4279106094926037	2.517967234032684	0.438983812106876	0.0	1.6829603212471287	0.0	1.979460748637525	0.9026102023320481	0.7954194342507864	0.438983812106876	1.8173557339417044	3.727582223148245	0.0	0.6527860647044016	0.0	2.1265605246186525	0.6527860647044016	0.438983812106876	2.949695364719079	1.7684688420578731	0.0	0.0	1.3751383485196613	3.480930272366609	1.2234992006250638	1.0601971834627126	0.0	2.32373668722012	0.0	1.4618685500777902	2.010180850060859	0.9026102023320481	0.0	0.0	1.6148888862485238	2.8183378786264703	0.0	0.0	0.9026102023320481	0.0	2.316472376834886	0.0	0.0	0.0	1.1755794698980684	1.9950923685229334	0.0	0.0	1.3751383485196613	0.0	1.9377274400467481	2.1897868696377643	1.8915532688260916	1.8716152693727242	1.5960626183077196	0.0	0.438983812106876	0.0	0.0	0.0	1.3418992530806442	0.438983812106876	1.4348382738601553	2.1432507757156833	3.805563827304557	0.7954194342507864	0.7954194342507864	0.0	1.3418992530806442	0.0	0.438983812106876	0.0	0.7954194342507864	1.946401102208009	0.0	0.0	1.0601971834627126	2.0592091073980834	2.4718442080896508	0.0	1.6669163844367993	0.0	2.445446778128147	2.0388707616281465	1.1217089201339292	0.0	0.0	0.0	0.438983812106876	0.0	0.438983812106876	0.438983812106876	1.305903755125981	0.0	0.9026102023320481	0.0	0.438983812106876	0.0	0.0	0.0	0.9885125218955544	0.0	0.0	0.9026102023320481	1.8398793327313487	1.1217089201339292	1.6984326098819964	1.4618685500777902	0.0	0.0	1.8816986756063816	0.0	0.0	1.5763831226030496	1.8816986756063816	1.4618685500777902	0.0
SRR39238549	0.0	0.8772043379221803	0.0	2.2257304789662395	0.0	0.0	0.0	0.4575402521607127	0.0	0.9733516058042999	0.0	0.2864276307874431	0.0	3.4356805414344422	0.8197563898937115	0.0	0.6753645858425292	0.2864276307874431	0.0	0.0	0.6753645858425292	0.0	0.5799681023858715	0.0	0.0	0.0	0.0	0.0	0.75353387383627	0.0	0.0	2.634054787576792	0.0	4.051096515806904	0.2864276307874431	1.1186062892809168	0.0	0.0	0.0	0.0	0.0	2.091094003159065	0.0	0.0	0.0	0.0	0.0	0.0	0.0	0.2864276307874431	2.666705419595993	0.0	0.75353387383627	0.0	0.0	0.0	0.4575402521607127	0.0	0.0	0.2864276307874431	0.0	0.0	0.0	0.5799681023858715	0.4575402521607127	0.0	0.0	1.4337443065992117	0.0	0.0	0.9733516058042999	0.0	0.0	0.0	0.0	0.0	0.0	0.0	0.2864276307874431	1.8095817139301238	0.0	0.0	0.0	0.0	0.0	0.2864276307874431	2.131867197372749	0.6753645858425292	0.0	0.0	0.0	0.0	0.0	1.5942680427732494	0.4575402521607127	0.0	2.722390032541455	1.3517778819935906	1.293968410827324	0.0	0.0	0.0	0.8197563898937115	0.2864276307874431	0.0	1.862775849403152	0.2864276307874431	0.0	0.0	0.0	0.0	0.0	0.0	0.0	1.293968410827324	2.2514815053891546	0.2864276307874431	0.0	0.0	0.0	0.75353387383627	0.0	0.0	2.097621394913208	0.0	0.0	0.0	0.0	0.0	0.0	3.7333459053740468	2.5569541262667532	0.0	1.3333500205328517	2.198355794319763	0.0	1.0520236098619762	0.0	0.0	0.0	0.0	0.0	0.75353387383627	0.5799681023858715	0.0	0.9279332784706115	0.0	3.693584420346998	0.5799681023858715	0.0	0.9279332784706115	0.0	0.0	0.0	0.0	0.0	0.0	0.0	0.0	0.2864276307874431	0.0	0.0	0.0	0.0	0.0	0.2864276307874431	0.0	0.0	0.0	0.0	2.4237137695347255	0.0	0.0	0.0	0.2864276307874431	0.0	0.0	0.0	0.0	0.0	0.0	0.0	0.0	0.0	0.0	0.0	0.0	0.0	0.0	0.0	0.0	0.2864276307874431	0.0	0.0	3.676242405703722	0.0	2.7641269820679835	0.0	0.0	0.0	0.0	0.2864276307874431	1.4185421191104077	0.5799681023858715	0.4575402521607127	0.0	0.0	0.0	0.0	0.0	0.0	0.0	0.0	0.0	0.0	0.0	0.0	0.0	0.5799681023858715	0.0	0.0	0.0	0.0	0.4575402521607127	0.0	0.0	0.2864276307874431	0.0	0.0	1.293968410827324	0.0	0.0	0.0	1.550879287250137	4.173213113303869	0.5799681023858715	1.573115291075364	0.4575402521607127	0.75353387383627	0.0	0.0	0.0	0.0	1.4626397481446936	0.0	0.0	0.0	0.0	0.0	0.8197563898937115	0.0	0.0	1.6611103943905505	1.489732004201158	0.0	0.0	0.2864276307874431	0.0	2.0039955690668982	0.8197563898937115	0.0	0.4575402521607127	0.0	0.0	2.100848665946486	1.539319246047672	0.0	1.2272648030751434	3.859760908842331	2.7208501729054495	0.8197563898937115	0.0	0.4575402521607127	0.0	0.2864276307874431	0.0	0.9279332784706115	0.0	0.8197563898937115	3.3678919031679446	0.0	0.0	0.0	1.1186062892809168	0.0	0.0	3.8767337666605477	0.2864276307874431	0.0	0.0	0.0	0.0	0.5799681023858715	0.2864276307874431	0.0	1.0520236098619762	0.0	0.4575402521607127	2.5580775807844764	0.0	0.0	0.0	0.0	3.0696469005851403	0.0	0.0	0.0	0.0	0.0	0.0	0.2864276307874431	0.0	0.0	3.2713325301318714	0.75353387383627	0.0	0.0	0.0	0.0	0.0	0.2864276307874431	0.0	0.0	0.0	0.0	0.0	0.0	0.0	2.284303638692787	0.0	0.0	2.7885597862640723	3.5915746811858433	0.0	0.0	0.0	0.0	0.0	0.8197563898937115	0.0	0.2864276307874431	0.4575402521607127	0.4575402521607127	0.0	0.5799681023858715	2.3433294504098887	0.0	0.0	0.0	0.0	0.6753645858425292	0.5799681023858715	0.0	0.0	0.0	0.0	0.0	0.0	0.0	0.2864276307874431	0.0	0.0	0.0	0.0	0.2864276307874431	0.0	0.0	0.0	0.0	0.0	0.0	1.6241825315365503	3.5112508168929897	0.0	1.293968410827324	0.2864276307874431	0.2864276307874431	0.0	0.4575402521607127	0.0	0.0	0.0	1.3864417002805471	1.539319246047672	0.0
SRR39238550	0.0	1.9279236471469157	0.0	2.8899778119122073	0.0	0.0	0.0	0.0	0.0	1.1919506004565366	0.0	0.6664685242773931	2.042119122492301	0.0	0.6664685242773931	0.0	0.0	0.4502084212961698	0.0	0.0	0.4502084212961698	0.0	1.3225726669925555	0.0	0.0	0.0	0.0	0.4502084212961698	1.3919325848196387	0.0	0.0	1.1379282772455341	0.0	4.226222822096033	0.8101792335975075	0.4502084212961698	0.0	0.6664685242773931	0.0	0.0	0.0	0.6664685242773931	0.0	0.0	0.0	0.0	3.1399922876107564	0.0	0.0	0.0	2.2956362924733953	0.0	0.4502084212961698	0.0	0.0	0.0	1.4228573176023245	0.0	0.0	0.0	0.0	0.0	0.0	0.0	0.0	0.0	0.0	0.4502084212961698	0.0	0.0	1.1379282772455341	0.0	0.8101792335975075	0.0	0.0	2.01243734598415	0.0	0.0	0.6664685242773931	0.0	0.0	0.0	0.0	0.0	0.0	0.0	2.0275317593462154	1.239990355604289	0.0	0.0	0.0	0.0	0.0	0.917974907145834	1.0042645720331003	0.0	1.1919506004565366	1.5728102438389902	0.4502084212961698	0.0	0.0	0.0	0.0	0.4502084212961698	0.0	0.0	0.6664685242773931	0.8101792335975075	0.0	0.0	0.0	0.0	0.0	0.0	0.4502084212961698	1.9887640098107124	0.0	0.0	0.0	0.0	0.8101792335975075	0.0	0.0	1.84602743484603	0.0	0.0	0.0	0.0	0.0	0.0	3.277271101355045	0.4502084212961698	0.0	0.917974907145834	3.051382825293708	0.6664685242773931	0.4502084212961698	0.0	0.0	0.0	0.0	0.0	1.0042645720331003	0.8101792335975075	0.4502084212961698	0.4502084212961698	0.0	3.978223414251379	0.0	0.4502084212961698	0.917974907145834	0.0	0.4502084212961698	0.0	0.0	0.0	0.0	0.0	1.5042738416188504	0.0	0.0	0.0	0.0	0.0	0.0	1.0762185005418128	0.0	1.0042645720331003	0.0	0.4502084212961698	1.5728102438389902	0.0	0.0	0.0	0.0	0.6664685242773931	0.0	0.6664685242773931	0.0	0.0	0.0	0.0	0.0	0.0	0.0	0.0	0.0	0.0	0.0	0.4502084212961698	0.0	0.0	0.4502084212961698	0.0	4.310370678862611	0.0	2.521389063717292	1.0042645720331003	0.0	0.0	0.0	0.6664685242773931	0.0	0.0	0.0	0.0	0.0	0.0	0.0	0.0	0.0	0.0	0.0	0.0	0.0	0.0	0.0	0.0	0.0	0.0	0.0	0.0	0.0	0.0	0.0	0.0	0.0	0.0	0.0	0.4502084212961698	0.0	0.0	0.0	1.7156073116551316	1.9279236471469157	0.4502084212961698	0.0	4.010481988359125	0.0	0.0	0.0	0.0	0.0	1.1379282772455341	0.0	0.0	0.0	1.0042645720331003	0.0	1.0042645720331003	0.0	0.0	0.4502084212961698	1.4517256192357495	0.0	0.6664685242773931	0.0	0.0	2.2263825629046687	1.0042645720331003	0.6664685242773931	0.0	0.0	0.0	1.3586358158641632	1.9887640098107124	0.0	0.0	2.97813580554983	1.6673912646213702	0.0	0.0	0.6664685242773931	0.4502084212961698	1.1379282772455341	0.0	0.0	0.0	2.635762519898971	2.7450899643003717	0.0	0.0	0.0	0.4502084212961698	0.0	0.0	1.9184922469360468	0.0	0.0	0.0	0.6664685242773931	1.5511446716184147	0.0	0.0	1.4228573176023245	1.0042645720331003	0.0	0.0	2.1382401125491346	0.0	0.0	0.0	0.917974907145834	3.6695271741092306	0.6664685242773931	0.0	0.0	0.0	0.0	0.0	0.0	0.0	0.0	0.0	1.74501288139741	0.0	0.0	0.0	0.4502084212961698	0.0	0.4502084212961698	0.8101792335975075	0.0	0.0	0.0	0.0	0.0	0.0	0.8101792335975075	0.0	0.0	2.587468493448399	0.4502084212961698	0.0	0.0	0.0	0.0	0.0	3.6084202152132616	0.0	0.0	1.3586358158641632	0.0	0.0	0.4502084212961698	3.1176721832547973	0.4502084212961698	0.0	0.0	0.0	0.0	0.0	0.0	0.0	0.0	0.0	0.0	0.0	0.0	0.0	0.0	0.0	0.6664685242773931	0.0	1.5934461527414359	0.0	0.0	0.0	0.0	0.0	0.0	0.4502084212961698	2.6708691060416876	0.0	1.9967993593968143	1.0762185005418128	0.0	0.0	0.0	0.0	0.0	0.917974907145834	0.8101792335975075	2.181952356628021	0.0
SRR39238551	0.0	1.445755985573989	1.461569697871139	3.065689604152513	0.0	1.0928923393928347	0.0	0.6133101404044439	0.0	0.3085623822098401	0.0	0.7906336147200768	1.1900476815865177	1.5943334007329644	1.218137715835481	0.7906336147200768	0.0	0.7906336147200768	0.0	0.710959902025829	2.6719598672776215	0.0	0.3085623822098401	0.0	0.0	0.0	0.0	1.8535726055554274	1.7628621173950991	0.0	0.0	2.0829967085499637	0.0	3.756872773635092	1.7136126122329596	0.3085623822098401	0.0	0.0	1.2929165090471566	0.0	0.0	1.3566911402002155	2.629797933384266	0.0	0.0	0.3085623822098401	1.5330051455352227	0.0	0.0	0.4871356824457562	1.2693924034670778	0.0	1.3760253557378552	0.0	0.0	0.0	0.8579318246582911	0.0	0.3085623822098401	0.0	0.0	0.0	0.4871356824457562	0.0	0.0	0.0	0.3085623822098401	2.6979529314760926	0.0	0.0	1.6273619567729318	0.0	0.0	0.0	0.0	2.1386775885138074	0.0	0.0	0.8579318246582911	0.0	1.7705535485736812	1.2693924034670778	0.0	0.0	0.0	0.3085623822098401	2.3728068013864188	1.1277488194323586	1.1900476815865177	1.6580552124560133	0.0	0.0	0.0	2.0792677538991327	1.8598245961520588	0.0	2.462041946708115	0.8579318246582911	0.710959902025829	0.0	0.0	0.0	0.710959902025829	1.054992219407765	0.6133101404044439	0.0	0.3085623822098401	0.6133101404044439	0.0	0.0	0.0	1.2929165090471566	1.4293446275201922	0.4871356824457562	0.710959902025829	1.8598245961520588	0.0	0.0	1.218137715835481	0.0	0.0	1.5943334007329644	2.229690667593767	1.6958716014648494	0.0	0.0	0.0	1.1900476815865177	0.0	0.3085623822098401	2.151549738698836	0.6133101404044439	0.0	0.6133101404044439	2.9119947496775893	1.218137715835481	1.6867217092206825	0.4871356824457562	0.0	0.0	0.8579318246582911	1.1277488194323586	0.0	2.190929720945222	0.0	0.4871356824457562	0.6133101404044439	4.028488363183923	0.0	0.9675444125918027	1.3945353983708164	0.0	0.0	0.0	1.461569697871139	0.4871356824457562	0.0	0.6133101404044439	0.0	0.3085623822098401	0.0	0.710959902025829	1.9925053816842277	0.0	0.0	0.4871356824457562	0.0	0.0	0.7906336147200768	0.0	1.4293446275201922	0.0	0.0	0.0	0.9675444125918027	2.735894185669881	0.3085623822098401	1.730657253201692	0.6133101404044439	0.0	0.7906336147200768	1.2445207450021067	0.3085623822098401	0.4871356824457562	0.8579318246582911	0.0	0.9675444125918027	0.0	1.0134656254969212	1.336455923886722	0.0	0.0	0.0	0.0	4.105898241579298	0.3085623822098401	3.1950525330572423	0.7906336147200768	0.0	0.3085623822098401	0.6133101404044439	0.4871356824457562	0.0	1.1600143782961552	0.8579318246582911	0.0	0.3085623822098401	0.0	0.0	0.3085623822098401	0.0	0.0	0.0	0.0	0.0	0.0	0.0	0.0	0.0	0.0	0.0	0.710959902025829	0.7906336147200768	0.6133101404044439	0.3085623822098401	1.054992219407765	1.6678224707513716	0.7906336147200768	0.0	0.9675444125918027	0.4871356824457562	0.0	0.3085623822098401	2.590085149935941	0.9675444125918027	0.0	2.9672279784888964	2.956927628554749	0.9675444125918027	0.0	0.3085623822098401	1.5943334007329644	0.0	0.4871356824457562	0.7906336147200768	0.0	0.0	2.10117582200168	0.9675444125918027	0.8579318246582911	0.0	0.0	1.0134656254969212	2.0276310092368255	0.0	0.0	0.0	0.0	2.125412233886338	1.7628621173950991	1.3152316088743528	0.3085623822098401	0.9161871503807897	0.3085623822098401	0.0	1.1900476815865177	0.0	1.7136126122329596	3.1519631011479983	2.7995295386608845	0.4871356824457562	0.0	1.054992219407765	1.5330051455352227	0.9161871503807897	1.4915679202597825	0.8579318246582911	1.054992219407765	0.9675444125918027	4.352454840659552	0.0	0.0	0.0	0.9161871503807897	0.3085623822098401	0.0	1.7470581336368498	0.0	0.0	0.0	0.3085623822098401	1.2445207450021067	2.277307206246432	0.0	0.3085623822098401	1.6580552124560133	0.0	0.8579318246582911	2.207966825801467	1.1600143782961552	0.0	0.0	1.2929165090471566	3.2360808540647943	1.0134656254969212	2.4510452176975335	0.6133101404044439	0.0	0.0	0.0	0.0	0.0	0.0	0.4871356824457562	0.4871356824457562	0.3085623822098401	0.3085623822098401	0.0	0.9161871503807897	0.7906336147200768	1.9925053816842277	1.7628621173950991	1.7136126122329596	0.9675444125918027	0.3085623822098401	0.0	0.0	0.0	1.461569697871139	1.5196272656812997	1.1277488194323586	3.6425035587367924	1.1900476815865177	0.4871356824457562	0.0	0.0	0.3085623822098401	0.0	3.548831162186298	0.0	0.0	1.865987860485125	2.010423217691113	0.7906336147200768	0.4871356824457562	2.4542156556755765	1.2929165090471566	0.0	1.6273619567729318	0.9161871503807897	0.4871356824457562	1.1900476815865177	0.0	0.0	0.0	1.3152316088743528	0.9675444125918027	0.0	0.0	0.0	1.755032009955299	0.0	0.6133101404044439	0.0	0.0	0.3085623822098401	0.0	0.3085623822098401	1.054992219407765	1.0928923393928347	0.0	0.9675444125918027	2.3202150338512406	0.6133101404044439	1.2445207450021067	0.6133101404044439	0.0	0.0	2.9554360027336943	0.0	0.0	1.5827410760644645	2.1547090347361553	0.8579318246582911	0.9161871503807897
