SAMPLE_ID	Acholeplasmatales	Acidaminococcales	Acidiferrobacterales	Acidimicrobiales	Acidithiobacillales	Acidobacteriales	Acidothermales	Actinomycetales	Actinopolysporales	Aeromonadales	Alteromonadales	Anaerolineales	Aquificales	Ardenticatenales	Bacillales	Bacteriovoracales	Bacteroidales	Bacteroidetes Order II. Incertae sedis	Bdellovibrionales	Bifidobacteriales	Brachyspirales	Bradymonadales	Bryobacterales	Burkholderiales	Caldilineales	Caldisericales	Calditrichales	Campylobacterales	Candidatus Babeliales	Candidatus Brocadiales	Candidatus Nanopelagicales	Candidatus Nanosynbacterales	Cardiobacteriales	Catenulisporales	Caulobacterales	Cellvibrionales	Chitinophagales	Chlamydiales	Chlorobiales	Chloroflexales	Chromatiales	Chroococcales	Chroococcidiopsidales	Chrysiogenales	Chthonomonadales	Clostridiales	Coprothermobacterales	Coriobacteriales	Corynebacteriales	Cytophagales	Deferribacterales	Dehalococcoidales	Deinococcales	Desulfarculales	Desulfobacterales	Desulfovibrionales	Desulfurellales	Desulfurobacteriales	Desulfuromonadales	Dictyoglomales	Eggerthellales	Egibacterales	Egicoccales	Elusimicrobiales	Emcibacterales	Endomicrobiales	Enterobacterales	Entomoplasmatales	Erysipelotrichales	Euzebyales	Fibrobacterales	Fimbriimonadales	Flavobacteriales	Frankiales	Fusobacteriales	Gemmatales	Gemmatimonadales	Geodermatophilales	Gloeobacterales	Gloeoemargaritales	Glycomycetales	Halanaerobiales	Halobacteriales	Holosporales	Hydrogenophilales	Ignavibacteriales	Immundisolibacterales	Isosphaerales	Jiangellales	Kineosporiales	Kiritimatiellales	Kordiimonadales	Kosmotogales	Ktedonobacterales	Lactobacillales	Legionellales	Leptospirales	Limnochordales	Magnetococcales	Marinilabiliales	Mariprofundales	Mesoaciditogales	Methanobacteriales	Methanocellales	Methanococcales	Methanomassiliicoccales	Methanomicrobiales	Methanosarcinales	Methylacidiphilales	Methylococcales	Micrococcales	Micromonosporales	Mycoplasmatales	Myxococcales	Nakamurellales	Natranaerobiales	Nautiliales	Neisseriales	Nevskiales	Nitrosomonadales	Nitrosopumilales	Nitrososphaerales	Nitrospirales	Nostocales	Oceanospirillales	Opitutales	Orbales	Oscillatoriales	Parachlamydiales	Parvularculales	Pasteurellales	Pelagibacterales	Petrotogales	Phycisphaerales	Pirellulales	Planctomycetales	Pleurocapsales	Propionibacteriales	Pseudomonadales	Pseudonocardiales	Puniceicoccales	Rhizobiales	Rhodobacterales	Rhodocyclales	Rhodospirillales	Rickettsiales	Rubrobacterales	Salinisphaerales	Saprospirales	Sedimentisphaerales	Selenomonadales	Silvanigrellales	Solirubrobacterales	Sphaerobacterales	Sphingobacteriales	Sphingomonadales	Spirochaetales	Sporichthyales	Streptomycetales	Streptosporangiales	Sulfolobales	Synechococcales	Synergistales	Syntrophobacterales	Tepidiformales	Thermales	Thermoanaerobacterales	Thermococcales	Thermodesulfobacteriales	Thermomicrobiales	Thermoproteales	Thermosediminibacterales	Thermotogales	Thiotrichales	Tissierellales	Trueperales	Veillonellales	Verrucomicrobiales	Vibrionales	Xanthomonadales
SRR39238445	2.54603256450845	1.746238420619757	0.5890035471116406	2.1318484211748547	1.1877371602002504	1.7071153163624724	0.5890035471116406	3.0738323272133625	1.325736193169663	1.539300876629088	2.4596834647433425	1.8023170738283352	0.887818790534515	1.025515500001687	2.9195394469911173	1.414527240032134	4.461156349261391	0.5890035471116406	1.8460700731627324	1.6456484997988576	0.0	0.4655350620741447	2.3856937857256595	3.626551244033903	0.887818790534515	1.2621949982107195	0.0	3.3932868660405604	0.0	0.0	0.763619560324921	1.2844245061604138	0.4655350620741447	0.0	3.0562361161318	2.9542613444036525	2.960245098063126	0.0	0.4655350620741447	1.3055713795125523	2.0200929692461203	0.0	0.0	0.0	0.0	3.833090193883233	0.0	2.25905896136778	3.004122402767157	3.146570228161809	0.29236945780923623	2.050841136905967	1.025515500001687	0.29236945780923623	1.760951423347775	2.0581996726884424	0.5890035471116406	0.0	2.1032118708547416	0.0	2.450910754863455	0.8301439290725199	0.29236945780923623	0.8301439290725199	0.8301439290725199	0.887818790534515	2.7699922989727663	1.2387659928266728	3.130809485965603	1.5957218144532794	0.0	1.8400831045340618	2.841665690602557	1.6263609713351297	2.3645938204668777	0.4655350620741447	3.0020514524723456	0.5890035471116406	0.5890035471116406	0.0	0.29236945780923623	1.6730630048866022	0.0	1.398162218275873	0.763619560324921	0.4655350620741447	0.0	0.4655350620741447	1.6549802749966176	0.685029014097992	0.29236945780923623	1.2387659928266728	0.763619560324921	0.29236945780923623	3.14268333924305	2.1974554025665474	0.0	0.0	0.29236945780923623	1.2844245061604138	0.5890035471116406	0.0	0.4655350620741447	0.0	0.0	0.0	0.0	1.681829647667872	1.325736193169663	0.29236945780923623	2.6977044572406506	1.5957218144532794	2.1439938185705874	3.159184518604145	0.4655350620741447	0.4655350620741447	0.29236945780923623	2.287942448261153	1.5740248739708147	3.287002083020467	0.0	0.0	1.2387659928266728	1.1877371602002504	2.353646531376591	2.3752719318119695	0.0	0.763619560324921	1.0978173115880316	0.0	2.7628496195887235	1.2621949982107195	0.0	0.0	1.2387659928266728	1.1597826335868437	0.29236945780923623	2.710077390152265	3.460642064634515	2.007976970739507	1.2844245061604138	3.5701060433799046	2.3805141199399413	2.254439773869037	2.8936822145298207	1.9464845541823714	2.016091742914986	0.0	2.2814454874470016	0.0	1.9017958531772123	0.685029014097992	1.0978173115880316	1.4882102740413385	2.4971050492311426	2.484985961672232	1.6061768898940214	0.0	2.8452547183856574	2.340515848313319	0.0	1.664115747027019	2.7504307823873115	0.685029014097992	1.2844245061604138	0.29236945780923623	1.753657224783784	0.0	0.29236945780923623	1.414527240032134	0.0	0.0	0.4655350620741447	2.1349167614146016	3.4124230315384976	0.0	4.135922438041395	3.3809706817226886	2.894746608695996	3.173685651303768
SRR39238446	3.0718033929672752	1.4104361578929014	0.6331961455482108	1.8148961623331854	1.242703472381015	1.281832454187931	0.8306068339935376	2.215417006535353	0.0	0.2611024876599845	1.0983171503595666	2.7461826742602486	0.6331961455482108	0.42302495622695463	2.955994079063298	0.42302495622695463	4.204263616765552	0.6331961455482108	0.0	2.2240508133642964	0.2611024876599845	1.8037901434636976	0.9252571828805671	2.7037105191978523	1.5095303968625478	0.0	1.7562874635425259	2.2043776339845507	0.42302495622695463	1.1519584822101576	0.7742217647224208	0.8306068339935376	0.0	0.0	1.037104204221861	0.7742217647224208	0.6331961455482108	0.0	0.8805054392676404	0.7094082719116408	2.0406460607404893	0.6331961455482108	0.0	0.0	1.300149698242571	4.005870468145926	0.5407020952454931	1.890210436222177	2.1367643675609647	2.171885473026494	1.4983114942803886	2.3195852774443857	1.0983171503595666	2.45669520397333	2.786627708994048	2.5051692863625146	1.5415464570589317	0.0	1.846605512932508	0.2611024876599845	1.876156359997131	1.4241317697278084	0.8805054392676404	1.037104204221861	0.2611024876599845	2.23875888825765	4.527357196803851	0.42302495622695463	3.6428436598980083	0.8805054392676404	0.0	0.0	1.70294354595898	0.5407020952454931	3.4290785736863714	1.242703472381015	1.7923926451582315	0.0	0.0	0.2611024876599845	0.2611024876599845	1.7923926451582315	0.2611024876599845	0.0	0.0	1.3346176703898773	0.0	0.6331961455482108	0.2611024876599845	0.0	0.2611024876599845	0.0	0.7094082719116408	0.6331961455482108	3.01412401674928	1.2217322698959874	0.6331961455482108	0.0	0.6331961455482108	0.9252571828805671	0.0	0.0	0.7742217647224208	0.2611024876599845	0.42302495622695463	1.4502916662201304	0.7094082719116408	1.281832454187931	0.5407020952454931	0.42302495622695463	2.1341435984831136	1.5311344963543565	1.6659367157486642	1.5204667704998132	1.4628034951602635	0.0	0.2611024876599845	2.7747644555424693	0.6331961455482108	1.3346176703898773	0.2611024876599845	0.0	1.9170236356270876	1.1519584822101576	1.4628034951602635	0.0	0.0	2.0471178951563935	0.8306068339935376	0.0	2.425588057432555	0.2611024876599845	0.0	0.0	0.6331961455482108	0.6331961455482108	0.0	1.650203424774111	2.264818789057111	0.8805054392676404	0.5407020952454931	1.962255080248962	1.0983171503595666	1.1259654705151796	1.1519584822101576	1.037104204221861	2.5237825765889093	0.0	0.0	0.2611024876599845	1.037104204221861	0.0	0.0	1.0687882661673813	0.8306068339935376	0.42302495622695463	2.162137307794359	0.0	2.914887066876842	1.281832454187931	1.9960509267891493	1.7435530907840366	1.1519584822101576	2.3847611104026925	0.9252571828805671	0.2611024876599845	2.1571799254105923	0.0	1.5311344963543565	0.9658252482307295	1.199696801948187	0.0	0.7094082719116408	0.5407020952454931	4.21996903297986	0.0	2.6980074151202476	2.5865426583062368	0.9658252482307295	0.7742217647224208
SRR39238447	0.0	2.224211590349636	0.0	1.6226909057017322	0.5788425649308021	2.0829516168730557	0.2856904312243756	3.5842962416745032	0.0	0.2856904312243756	1.0130866339095363	1.4469588127302009	0.2856904312243756	0.0	2.837447435701853	0.5788425649308021	4.649267589777536	0.0	1.2925182016807515	1.795317162674379	0.0	0.0	1.249214268640288	3.1859994659957476	0.2856904312243756	0.8758793858705349	0.0	1.6506747126490469	0.0	0.0	0.2856904312243756	1.1748989408349864	0.0	0.0	1.8080774526924808	0.9265859473158466	1.6506747126490469	0.0	0.0	1.4469588127302009	0.6741597112239266	0.0	0.0	0.0	0.0	4.041966860633949	0.0	2.243089279950722	1.4611645068155017	2.243089279950722	0.4565456919487658	1.6596158043774185	0.2856904312243756	0.0	0.7522757911887356	2.8841983591982494	0.5788425649308021	0.0	1.4013209782203084	0.0	1.331893069067273	0.0	0.9719863390636915	0.0	0.0	0.2856904312243756	3.7205057783429494	0.0	3.4644525804692514	0.9265859473158466	0.2856904312243756	1.367992923843106	1.9086505814234356	0.6741597112239266	2.0862776592581493	0.2856904312243756	1.249214268640288	0.0	0.0	0.0	0.9719863390636915	0.7522757911887356	0.0	0.6741597112239266	0.0	0.0	0.0	0.0	0.0	0.0	0.0	0.0	0.7522757911887356	0.0	2.813282681066627	1.6415456688158967	0.0	0.0	0.0	0.0	0.0	0.0	1.4749202153114134	0.0	0.0	0.0	0.0	0.0	0.6741597112239266	0.0	2.438690972633316	0.4565456919487658	0.8184601452527792	2.159299795440791	0.0	0.0	0.0	2.048210262261159	1.1748989408349864	2.375426356411018	0.0	0.0	0.7522757911887356	0.8184601452527792	1.2011093280094594	1.676964015172372	0.0	0.0	0.5788425649308021	0.0	1.877643902510494	0.0	0.0	0.0	0.6741597112239266	0.5788425649308021	0.0	1.6415456688158967	2.6590213483762786	0.0	0.0	2.6296953643806726	1.432272694074091	1.5493943474504823	1.9776767909494248	1.1171947701010698	1.1171947701010698	0.0	0.4565456919487658	0.0	1.2714057464751642	0.0	0.6741597112239266	0.2856904312243756	1.5606535432342878	2.033496307581177	0.2856904312243756	0.0	3.565913845300131	0.0	0.0	0.4565456919487658	3.790932125066969	0.2856904312243756	0.4565456919487658	0.0	0.9265859473158466	0.0	0.0	2.2655879224219793	0.0	0.0	0.2856904312243756	1.225827505406182	3.868529049451211	0.0	3.5187519081164225	1.5493943474504823	1.1171947701010698	1.8017441708004052
SRR39238448	0.44450239803337643	1.2083045776158257	0.2767983944255344	1.0999929519398024	0.44450239803337643	0.955360022015592	0.2767983944255344	2.067779209336786	0.0	0.0	0.9101825742754751	2.3139452917598993	0.2767983944255344	0.0	2.205670631536326	0.7369799653598155	4.707190024454429	0.0	0.955360022015592	2.3213972800903737	0.0	0.0	1.4702177332491575	2.767088910850351	0.7369799653598155	0.8026911139926085	0.0	2.007472894495887	0.0	0.0	0.0	1.3325132634830577	0.0	0.0	1.8258701654269271	1.623325874845646	2.23368100787721	0.0	0.0	0.9101825742754751	0.6595227316909092	0.0	0.0	0.0	0.0	4.51628404742856	0.0	2.1884561071429958	1.4143219251203654	2.2557175239162848	0.0	1.3671067220719884	0.2767983944255344	0.0	0.9101825742754751	2.2128444038425408	0.0	0.0	1.0999929519398024	0.0	1.4569036555437582	0.0	0.565185972677013	0.0	0.0	0.2767983944255344	2.6929252123517395	0.0	2.6359552222136617	1.4289846562546453	0.0	0.8597540176209408	2.603434474514153	0.9101825742754751	2.6332612002275306	0.0	1.495680606713489	0.0	0.0	0.0	0.0	1.0680961889229745	0.0	0.0	0.0	0.0	0.0	0.2767983944255344	0.0	0.0	0.0	0.0	0.44450239803337643	0.0	2.5311682095567094	1.5848008401904863	0.2767983944255344	0.0	0.0	0.0	0.0	0.0	1.1836525923325527	0.0	0.0	1.4831357556705378	0.0	0.0	0.0	0.0	1.443168466928365	0.0	0.2767983944255344	1.9144666499560696	1.1575166208473044	0.0	0.0	1.0680961889229745	1.495680606713489	1.9717970534375935	0.0	0.0	0.0	0.6595227316909092	1.0680961889229745	1.7291360802372622	0.0	0.0	0.0	0.0	1.632445876831182	0.44450239803337643	0.0	0.565185972677013	0.2767983944255344	0.2767983944255344	0.0	1.4143219251203654	2.676930877049207	0.0	0.0	2.511351096839703	0.8597540176209408	0.8026911139926085	2.0112618546368455	0.955360022015592	0.2767983944255344	0.0	1.2748343456780264	0.0	0.44450239803337643	0.0	0.0	0.2767983944255344	2.0577273343773728	1.7291360802372622	0.0	0.0	2.310170792232392	0.0	0.0	0.2767983944255344	3.5215945638166772	0.0	0.2767983944255344	0.0	0.565185972677013	0.0	0.44450239803337643	1.2083045776158257	0.0	0.0	0.0	1.1836525923325527	3.2843816092541576	0.0	2.4036089560095024	1.7769677388532394	0.7369799653598155	2.080829733889507
SRR39238449	0.0	1.2992814795667325	0.0	1.3714997360688406	0.8065605852334109	1.0004059734767041	0.0	3.0847409154674974	0.27896731850895873	0.0	1.3184927184115625	1.0722948584196617	0.0	0.6631108736128443	2.391031102661061	1.7478548012040447	4.771187480346165	0.0	0.5685309208521323	2.488859282934646	0.0	0.0	0.863712157230982	2.740812928037159	0.9142099285821297	0.0	0.27896731850895873	3.3843021285515436	0.0	0.0	0.0	0.7407317719690407	0.0	0.0	1.5686405976855529	0.5685309208521323	1.6798695232676164	0.0	0.0	0.27896731850895873	0.27896731850895873	0.0	0.0	0.0	0.0	3.898737279833149	0.0	2.078904113121654	2.2314079651742356	1.6369285428110294	0.0	1.0722948584196617	0.4474480511162572	0.0	0.4474480511162572	2.088583466712282	0.5685309208521323	0.0	1.037836194188401	0.0	0.863712157230982	0.27896731850895873	0.5685309208521323	0.0	0.27896731850895873	0.6631108736128443	2.5062776854490103	0.0	2.810279320772284	0.0	0.0	0.0	2.5842152509555425	0.6631108736128443	2.327807871079928	0.0	1.1042192797706485	0.0	0.0	0.0	0.0	0.9142099285821297	0.0	0.0	0.0	0.0	0.0	0.0	0.0	0.0	0.0	0.0	0.27896731850895873	0.0	2.8523811028823665	1.2126110038286164	0.0	0.0	0.0	0.0	0.0	0.0	0.5685309208521323	0.0	0.0	0.0	0.0	0.0	0.5685309208521323	0.0	1.3878224077731833	0.5685309208521323	0.6631108736128443	1.7037335090414103	0.27896731850895873	0.0	0.0	0.9142099285821297	1.1042192797706485	1.6631990892715383	0.0	0.27896731850895873	0.9142099285821297	0.0	0.95944290661242	0.9142099285821297	0.0	0.4474480511162572	0.0	0.0	1.7037335090414103	0.27896731850895873	0.0	0.0	0.0	0.27896731850895873	0.0	1.2126110038286164	2.6166102800146795	0.7407317719690407	0.0	1.41873514217709	0.4474480511162572	1.1339568165001745	1.037836194188401	0.4474480511162572	1.037836194188401	0.0	0.27896731850895873	0.4474480511162572	2.0269800816721215	0.0	0.0	0.0	1.8743466289866921	1.4035537599008483	0.27896731850895873	0.0	2.518305108945103	0.4474480511162572	0.0	0.5685309208521323	3.9553926512775663	0.0	0.4474480511162572	0.0	0.863712157230982	0.0	1.0722948584196617	1.037836194188401	0.0	0.0	0.0	0.4474480511162572	3.73831919223419	0.0	3.7113380390555752	1.1339568165001745	0.0	2.131103070267295
SRR39238450	3.2163455969283277	1.328082561921825	0.6902887337450566	1.4272734580591344	0.6902887337450566	1.1993155297073783	0.7544442515221321	2.3459599261839887	0.2504710163512361	0.2504710163512361	1.4011675112328026	2.3224178633672494	0.4083109050870417	0.8103309081340347	2.9333200118516243	0.4083109050870417	4.6462555528298894	0.8103309081340347	0.0	2.8556596289877136	0.2504710163512361	1.0763828987361037	1.0469911504665732	2.639064408846785	1.6651317161668011	0.0	1.0469911504665732	2.521907707483026	0.0	0.7544442515221321	0.5238280253164722	0.9814697672956301	0.0	0.0	0.8598388975116047	1.3733913734446497	0.6902887337450566	0.0	0.8598388975116047	0.0	2.5552347262845334	0.4083109050870417	0.0	0.0	0.6149853724529099	3.9762250838280284	0.5238280253164722	2.3076546580303727	1.8573266332011027	2.302619920261872	1.103910964007561	2.185090838356582	1.103910964007561	1.6347924608015958	2.458391158854042	2.695860448573282	1.1993155297073783	0.4083109050870417	1.9062344206490465	0.0	1.672396557299441	0.9814697672956301	1.0469911504665732	0.6149853724529099	0.2504710163512361	1.4973188841826748	3.05872451389756	0.5238280253164722	3.249818433810894	1.015464928382302	0.0	0.4083109050870417	1.8478107757969713	0.5238280253164722	2.798158844609701	0.8598388975116047	1.7451891060864475	0.0	0.0	0.0	0.6149853724529099	1.7802877206734409	0.6149853724529099	0.2504710163512361	0.0	1.328082561921825	0.0	0.0	0.0	0.0	0.2504710163512361	0.2504710163512361	0.2504710163512361	0.4083109050870417	3.638633591783264	1.4397606080677032	0.9042762631825587	0.0	0.2504710163512361	1.015464928382302	0.0	0.0	0.0	0.4083109050870417	0.6902887337450566	1.1773565052332324	0.4083109050870417	1.154227771182578	0.0	1.1297976655661681	1.6021734894068649	0.6902887337450566	1.451898730598882	1.6187891461875603	1.5285153981968813	0.0	0.2504710163512361	1.3437166397988054	1.103910964007561	1.4397606080677032	1.22021748429539	0.0	1.9267661069067947	1.154227771182578	1.3875014640325085	0.6149853724529099	0.0	1.3875014640325085	0.0	0.0	2.615897895344234	0.6902887337450566	0.2504710163512361	0.4083109050870417	0.6902887337450566	0.6902887337450566	0.0	1.5481338074239583	2.1182479210851732	0.5238280253164722	0.6149853724529099	1.9577224116874874	1.451898730598882	1.1993155297073783	1.7201080164169882	0.9814697672956301	1.7390533159222166	0.2504710163512361	0.5238280253164722	0.0	1.3118645912417033	0.0	0.0	0.8103309081340347	0.9445858534474915	0.8103309081340347	1.6865715224693831	0.0	2.3175523440442025	0.7544442515221321	1.1773565052332324	1.53843537133167	0.9814697672956301	1.9831096521506228	0.4083109050870417	0.2504710163512361	1.828129742661968	0.0	1.3875014640325085	0.9042762631825587	0.4083109050870417	0.4083109050870417	0.6149853724529099	1.2774902372032328	4.329553742837272	0.0	3.4929968372004843	2.955650099186256	1.1993155297073783	0.6902887337450566
SRR39238451	2.225687283133084	1.3636493621627723	0.0	1.845524145966004	0.3768276582449738	3.503306983264185	2.8046937358162407	3.071119808753866	0.575505197608355	0.8980046746220438	1.693270433556026	1.9091263791659097	1.5154977564023966	0.0	3.134507019731712	0.8980046746220438	4.289583572545839	0.0	0.3768276582449738	1.244932184231555	0.7113113301865466	0.0	2.6714374872660387	3.009967732267185	1.1281525974933058	0.0	0.0	3.7315679005034967	0.0	1.7282906427040174	1.2777894401857257	0.575505197608355	0.8980046746220438	0.0	1.693270433556026	0.3768276582449738	3.0203951389948323	0.0	0.0	1.456783204087112	1.4127080666145693	1.2777894401857257	0.0	0.0	0.0	3.680355878505161	0.0	1.1281525974933058	3.0796927777460463	2.453596148965741	0.8146136016318973	2.3436813161961245	0.575505197608355	0.0	1.244932184231555	2.2729677488990663	0.8146136016318973	0.0	1.862319030481109	0.0	1.4967945545942665	0.8146136016318973	1.2093840912440468	0.0	0.0	0.3768276582449738	3.3904199093675538	0.575505197608355	2.451479946585171	1.0281489498640606	2.0019886258150272	0.0	2.6701572273110497	1.3368721009705729	1.7052603591347641	0.8146136016318973	2.9289914750642754	0.3768276582449738	0.8146136016318973	0.0	0.967933693509645	1.0281489498640606	0.0	0.7113113301865466	0.0	0.575505197608355	0.575505197608355	0.575505197608355	0.0	1.0281489498640606	0.0	1.244932184231555	1.7709824250427668	0.7113113301865466	2.574439230833927	2.4977200096358896	1.0810228781139397	0.3768276582449738	0.0	1.2093840912440468	0.0	0.0	0.3768276582449738	0.0	0.0	0.0	0.0	0.0	0.0	1.1281525974933058	2.285582116087669	1.6277879446298165	1.693270433556026	1.4967945545942665	1.3083347184634124	0.0	0.0	1.5831659510531733	0.8980046746220438	1.923671141041417	0.0	0.0	2.4493533819960507	1.1706647992779073	1.1281525974933058	0.0	0.0	1.6416981664832766	1.1706647992779073	0.0	3.701618383077228	2.1075031331774707	0.7113113301865466	0.0	0.575505197608355	0.967933693509645	0.0	2.582358060808256	4.3672648482992065	1.8098506063402908	0.3768276582449738	2.8381715604402094	1.4353045258977055	0.7113113301865466	2.960988196413646	1.5154977564023966	2.596257959626863	0.0	2.192327435324291	0.3768276582449738	2.102793956291837	0.575505197608355	1.1706647992779073	2.3517627539063204	1.693270433556026	2.303842200419803	1.5154977564023966	0.0	3.3558759449019626	1.6682493734823176	0.0	1.3888710665944246	1.9774192679030782	0.0	2.0137709927455596	0.0	2.0195444341786524	0.0	0.575505197608355	1.0281489498640606	0.0	0.0	1.0810228781139397	2.1347337419316306	3.910701152803458	0.0	2.8442248575629114	1.7052603591347641	1.550648460416341	3.711522034433992
SRR39238452	1.6431069521612558	0.8041819334375812	0.9978684293443276	2.508317301661457	0.27763302590010797	2.209833119040623	1.185305889853608	2.815860444893982	0.5664742267701885	2.024186552446246	0.9569333024617418	1.9652045149361028	0.6609048860075547	0.4456365491740236	2.777375636978786	0.4456365491740236	4.564732689845804	0.0	1.1313444858070476	2.161702514572801	0.0	1.8969340836187827	1.9693958837435905	3.208138194778575	1.069714218017706	0.27763302590010797	0.0	2.9305638561253455	0.0	0.6609048860075547	2.9373525526511886	0.9117343959238093	0.27763302590010797	0.0	2.1927150970140477	2.2659876609297305	2.2804919291870624	0.9569333024617418	0.0	0.6609048860075547	1.7976979457801239	1.2099642591956419	0.0	0.0	0.0	3.098347911480574	0.0	2.3286641970422104	1.9162141260637844	2.545289330831512	0.0	2.027847885670929	1.2765095520367034	0.0	1.6852086784356612	2.0761075878150237	0.27763302590010797	0.0	1.5329943130850525	0.0	1.7086402741809283	0.5664742267701885	0.4456365491740236	0.0	0.27763302590010797	0.8612790947070205	2.3042821071628925	0.0	3.0695149615280237	1.3687998780519794	0.0	0.0	2.6578373371043935	0.7384253308826981	3.4929678596963925	0.27763302590010797	2.0889653510008412	0.27763302590010797	0.27763302590010797	0.0	0.27763302590010797	1.5442410860107876	0.27763302590010797	0.9569333024617418	0.0	1.4448738045579763	0.0	0.27763302590010797	0.4456365491740236	0.27763302590010797	0.4456365491740236	0.0	0.9978684293443276	1.7851301664186336	3.06485266492444	1.809912239284049	0.4456365491740236	0.0	0.27763302590010797	0.9978684293443276	0.0	0.0	0.4456365491740236	0.0	0.0	0.4456365491740236	0.0	0.27763302590010797	1.185305889853608	0.9978684293443276	1.9436185467780895	1.4306878811098331	1.4848466885493272	2.197675194944045	1.069714218017706	0.0	0.27763302590010797	1.9480224261508492	1.6250528207470736	2.751294777241898	0.0	0.27763302590010797	2.1748945717944244	3.235427308269597	0.8612790947070205	2.2122243881827783	0.0	3.484897389044377	0.6609048860075547	0.27763302590010797	0.27763302590010797	2.801978587022027	0.0	0.5664742267701885	0.4456365491740236	1.7588479226711997	0.0	1.8446200561239938	2.943594334929879	0.8612790947070205	0.4456365491740236	2.4099326435256847	1.7914595159122664	1.9346745104608893	2.335899073110926	1.8501442976361329	2.489840040593147	0.0	1.4586109743905462	0.0	1.677108532160137	1.3518444795399793	0.6609048860075547	0.4456365491740236	2.459887350657509	1.5442410860107876	0.8041819334375812	0.0	2.072832774468041	0.0	0.0	3.094924863906281	0.9117343959238093	0.8612790947070205	1.5658968639600057	0.0	1.4848466885493272	0.0	0.27763302590010797	0.5664742267701885	0.0	0.0	0.5664742267701885	1.7976979457801239	3.1587309368270797	0.5664742267701885	4.493578935848061	2.7108740000927223	0.4456365491740236	2.392966893513738
SRR39238453	0.0	0.0	0.0	0.0	0.0	0.0	0.0	1.898758020533045	0.0	0.0	0.0	0.47420146472328917	0.0	0.0	2.8065240162590097	0.0	4.326918924805308	0.0	0.0	1.6085043082454207	0.0	0.0	0.0	0.8992537222380854	0.0	0.0	0.0	0.5987738434760325	0.0	0.0	0.0	0.0	0.0	0.0	0.0	0.0	0.0	0.0	0.0	0.0	0.0	0.0	0.0	0.0	0.0	2.582211648243075	0.0	2.029077501167677	1.4728811275696454	0.7744984353666682	0.0	0.6954638933356253	0.29884199553457175	0.0	0.0	0.0	0.0	0.0	0.0	0.0	1.82175352898129	0.0	0.0	0.0	0.0	0.0	0.5987738434760325	0.0	1.781015033439361	0.0	0.0	0.0	0.5987738434760325	0.0	0.9503450775489634	0.0	0.0	0.0	0.0	0.0	0.0	0.0	0.0	0.0	0.0	0.0	0.0	0.0	0.0	0.0	0.0	0.0	0.0	0.0	4.855009496188037	0.29884199553457175	0.0	0.0	0.0	0.0	0.0	0.0	0.0	0.0	0.0	0.0	0.0	0.0	0.0	0.0	0.6954638933356253	0.29884199553457175	0.5987738434760325	0.0	0.0	0.0	0.0	0.47420146472328917	0.0	0.29884199553457175	0.0	0.0	0.0	0.0	0.0	0.0	0.0	0.0	0.0	0.0	0.0	0.0	0.0	0.0	0.0	0.0	0.0	1.037406267505946	2.6439828400674896	0.0	0.0	0.29884199553457175	0.47420146472328917	0.0	0.0	0.47420146472328917	0.0	0.0	0.0	0.0	0.6954638933356253	0.0	0.0	0.0	0.29884199553457175	0.0	0.0	0.0	0.8992537222380854	0.0	0.0	0.0	0.29884199553457175	0.0	0.0	0.0	0.0	0.0	0.0	0.0	0.0	0.0	0.0	0.0	3.0245947505290616	0.0	0.6954638933356253	1.2511303184811668	0.6954638933356253	0.0
SRR39238454	0.289102401875727	2.942914527117086	0.0	0.0	0.289102401875727	0.0	0.0	1.207717860336619	0.0	0.4611438723425628	1.2558689834841028	0.4611438723425628	0.0	0.0	1.9930804462044538	0.0	4.693661932950082	0.0	0.0	2.798667011136644	0.0	0.0	0.6797253791983517	3.4018402999928434	1.467971442621701	0.0	0.0	3.0353930635677338	0.0	0.0	0.289102401875727	0.289102401875727	0.0	0.0	0.4611438723425628	0.0	0.289102401875727	0.0	0.0	0.4611438723425628	0.0	0.0	0.0	0.0	0.0	4.442943145200159	0.289102401875727	2.6910232468356887	1.5205862345740484	1.0570574802822488	0.0	1.8899250992959444	0.0	0.0	0.0	1.8334858503181362	0.0	0.0	0.8244456083388234	0.0	1.9672878202056752	0.0	0.0	0.0	0.0	0.0	2.4917576423887313	0.0	3.149010921212026	0.0	0.0	0.0	0.8819966782455779	0.5840434644721291	1.747081433204326	0.0	0.289102401875727	0.0	0.0	0.0	0.289102401875727	0.289102401875727	0.0	0.0	0.0	0.0	0.0	0.0	0.0	0.0	0.0	0.0	0.4611438723425628	0.0	1.9205732468716752	0.0	0.0	0.0	0.0	0.0	0.0	0.0	0.0	0.0	0.0	0.0	0.0	0.0	0.0	0.0	0.8819966782455779	0.0	0.289102401875727	0.5840434644721291	0.0	0.0	0.0	0.0	0.0	0.0	0.0	0.0	0.0	0.0	0.0	0.0	0.0	0.0	0.0	0.0	1.4817346934799325	0.0	0.0	0.0	0.0	0.0	0.0	0.6797253791983517	0.8819966782455779	0.0	0.0	0.5840434644721291	0.0	0.0	0.289102401875727	0.0	0.978288710486273	0.0	0.0	0.0	3.2775013258705665	0.0	0.6797253791983517	0.0	0.0	0.0	0.0	0.0	1.8274165654020202	0.0	0.0	0.0	0.289102401875727	0.289102401875727	0.0	0.0	1.0570574802822488	0.0	0.289102401875727	1.1814800700605645	0.0	0.0	0.0	0.0	3.8010429997363673	0.0	3.3792814829983815	1.2558689834841028	0.4611438723425628	0.0
SRR39238455	0.0	3.2560285285573634	0.0	0.0	0.0	0.0	0.0	2.796311317470434	0.0	0.0	0.0	0.0	0.0	0.0	3.4509026865066206	0.0	4.678711786985518	0.0	0.0	3.097339996180053	0.0	0.0	0.0	1.9328667243847373	0.476021312237165	0.0	0.0	2.4048957068813377	0.0	0.0	0.30020530008451785	0.0	0.0	0.0	0.30020530008451785	0.0	0.30020530008451785	0.0	0.0	0.0	0.0	0.0	0.0	0.0	0.0	2.7442072046469375	0.0	2.0739099010091238	2.1567230185847146	0.8436833158870638	0.0	0.0	0.30020530008451785	0.0	0.0	2.0026867905439087	0.0	0.0	0.6976497386610725	0.0	1.4897640885127967	0.0	0.0	0.0	0.0	0.0	1.0398920718792202	0.0	2.61952927875983	0.0	0.0	0.0	2.9630817549075403	0.0	3.740209733596172	0.0	0.0	0.0	0.0	0.0	0.0	0.7767758864416545	0.0	0.0	0.0	0.0	0.0	0.0	0.0	0.0	0.0	0.0	0.0	0.0	1.475525427780569	0.0	0.0	0.0	0.0	0.0	0.0	0.0	0.0	0.0	0.0	0.0	0.0	0.0	0.0	0.0	0.6008223599491127	0.0	4.232562611119461	0.0	0.0	0.0	0.0	3.062059027622544	0.0	0.0	0.0	0.0	0.0	0.0	0.0	0.0	0.0	0.0	0.0	0.0	0.476021312237165	0.0	0.0	0.0	0.0	0.0	0.0	0.30020530008451785	0.9016457403846825	0.0	0.0	0.30020530008451785	0.0	0.0	0.6976497386610725	0.0	0.0	0.0	0.0	0.0	1.4897640885127967	0.0	0.0	0.0	0.30020530008451785	0.30020530008451785	0.6008223599491127	0.0	1.4897640885127967	0.0	0.0	0.0	0.0	0.0	0.0	0.0	0.0	0.0	0.0	0.0	0.0	0.0	1.542464341662488	0.0	3.7240160112314844	0.0	3.9911235722611207	0.0	0.0	0.476021312237165
SRR39238456	0.32543948997435884	1.6696959992382623	0.0	0.9449464417678178	0.0	0.5093716075080765	0.0	2.951096071488918	0.0	0.32543948997435884	0.0	0.0	0.0	0.0	1.3462932843831839	0.0	4.661085657024169	0.8181034076833051	0.0	1.1229336847628362	0.0	0.0	0.0	1.745588578688038	0.0	0.0	0.0	1.4436555293634776	0.0	0.0	0.0	0.0	0.0	0.0	0.5093716075080765	0.0	0.8181034076833051	0.0	0.0	0.32543948997435884	0.0	0.0	0.0	0.0	0.0	3.232465543270188	0.0	2.465649208901301	3.7106452922093776	3.023822199100568	0.0	0.0	0.0	0.0	0.32543948997435884	2.1475329119919344	0.0	0.0	0.0	0.0	1.6261171989385912	0.0	0.0	0.0	0.0	0.0	1.602570110680521	0.0	1.8663811494976097	0.6381783191814402	0.0	0.0	2.059919746472261	0.0	4.44625633319446	0.0	0.6381783191814402	0.0	0.0	0.0	0.32543948997435884	0.0	0.0	0.0	0.0	0.0	0.0	0.0	0.0	0.0	0.0	0.0	0.0	0.0	1.7092979541285824	0.32543948997435884	0.0	0.0	0.0	0.32543948997435884	0.0	0.0	0.0	0.0	0.0	0.0	0.0	0.0	0.0	0.0	1.1229336847628362	0.0	0.0	0.32543948997435884	0.0	0.0	0.0	0.0	0.0	0.0	0.0	0.0	0.32543948997435884	0.0	0.32543948997435884	0.0	0.0	0.0	0.0	0.0	0.0	0.0	0.0	0.0	0.0	0.0	0.0	0.32543948997435884	0.8181034076833051	0.0	0.0	2.9196156035248815	0.6381783191814402	0.32543948997435884	1.8249201512865225	0.32543948997435884	0.7373926887315696	0.0	0.0	0.0	0.32543948997435884	0.0	0.6381783191814402	0.0	0.0	0.8181034076833051	0.0	0.0	0.8181034076833051	0.886139389532217	0.0	0.0	0.5093716075080765	0.0	0.0	0.5093716075080765	0.0	0.0	0.0	0.0	0.0	0.0	0.0	0.886139389532217	4.0360294980880225	0.0	2.6948013334260503	0.0	0.32543948997435884	1.2488173183866145
SRR39238457	0.652063491400032	3.1925283588974396	0.0	2.4154455408010165	0.3349969487901994	0.7521109599673423	0.0	1.292328150896312	0.0	1.6320250082898409	0.7521109599673423	2.8065102047304884	0.0	2.1921199463354615	2.529153012281069	0.3349969487901994	4.6747736285299215	0.8333713212852286	0.0	1.8498013251728718	0.0	0.3349969487901994	0.652063491400032	3.4600711841582594	1.2657738685448574	0.0	0.3349969487901994	0.901797122834308	0.0	0.3349969487901994	0.0	0.5218447620388187	0.3349969487901994	0.0	1.8906357080243732	0.901797122834308	3.248414003776676	0.0	0.5218447620388187	1.7967357861594455	2.4700633022758973	0.0	0.0	0.0	0.0	4.229787861724909	0.0	2.2878213234510265	3.281861823586994	1.6077971038640093	0.0	0.0	0.5218447620388187	0.5218447620388187	1.8047252308541668	2.443612461471296	0.0	0.0	1.3847845655038609	0.0	1.6660069144657514	0.0	0.0	0.0	0.7521109599673423	0.0	2.106308766155804	0.0	2.5201004844822807	0.5218447620388187	0.8333713212852286	1.7362717991839034	3.1126892748924306	0.652063491400032	4.02373935137087	1.6200799838654945	1.7173288108714455	0.0	0.0	0.0	1.4780985218253542	0.5218447620388187	0.0	0.5218447620388187	0.0	0.7521109599673423	0.3349969487901994	1.0129058055144746	0.0	0.0	1.2374896140694154	0.0	0.3349969487901994	0.652063491400032	3.171612220089343	1.101301325526486	0.0	0.652063491400032	0.3349969487901994	2.226417590611997	0.3349969487901994	0.0	0.901797122834308	0.0	0.0	0.0	0.0	0.3349969487901994	0.652063491400032	1.1395559714048051	1.6872688104635447	0.3349969487901994	0.8333713212852286	1.7173288108714455	0.0	1.6872688104635447	0.0	2.3484535024206576	1.3847845655038609	2.178944530662776	0.0	0.0	2.1141439818951384	0.0	2.0238419573697524	0.3349969487901994	0.0	0.5218447620388187	1.174712066955156	0.0	0.3349969487901994	0.0	0.7521109599673423	0.0	1.9279584681065571	1.939719113688028	0.0	1.4609711692419756	2.1548796554230503	0.5218447620388187	0.0	3.111909473888016	2.5771652423718736	0.8333713212852286	2.0238419573697524	1.4780985218253542	2.106308766155804	0.0	2.1218403419713447	0.0	0.652063491400032	0.0	2.004289064141808	1.2374896140694154	1.8568792853632534	2.18886337535157	1.7967357861594455	0.0	0.9608950326703117	1.6200799838654945	0.0	0.0	2.926321819048787	2.14050487804914	1.835289650583477	1.101301325526486	1.939719113688028	0.0	1.7173288108714455	0.0	0.0	0.0	0.652063491400032	1.101301325526486	2.97708459145966	0.652063491400032	2.598045038004443	1.4609711692419756	1.4780985218253542	2.425038932241306
SRR39238471	0.8374132919320622	1.6144863799996492	0.0	2.0204896930637504	0.0	1.033237795368284	0.0	1.8603754369846006	0.8374132919320622	2.0403201535889126	1.4063432790046793	1.1056617988971724	0.4711560182844158	0.6918018249755518	2.276625448900927	0.5953433061238969	4.169509468114004	0.4711560182844158	0.6918018249755518	1.5594679884110998	0.0	0.4711560182844158	1.033237795368284	2.9280477311483613	0.0	0.0	0.0	4.213998128394562	0.0	0.0	1.07095775138271	0.0	0.0	0.0	1.2467973664693552	1.7154681473851088	1.8424072447185258	0.0	0.0	0.9919274217572025	1.6633119788082726	0.6918018249755518	0.0	0.0	0.0	3.9794472373160974	0.0	1.5710434119760737	3.1559747135715455	1.6247005242140515	1.07095775138271	0.0	0.2965637673406609	0.0	1.3338559991270007	1.9356068900871004	0.0	0.0	0.6918018249755518	0.0	1.7154681473851088	0.0	1.2702519649959985	0.2965637673406609	0.2965637673406609	0.0	2.7633581668988434	1.2467973664693552	2.2985618624417743	1.2467973664693552	0.8374132919320622	0.0	2.1671728725822605	1.1377967114518737	4.435487849619684	0.9919274217572025	1.999710242587754	0.9462705130173997	0.0	0.0	1.2220033954862866	1.653976146934468	0.0	0.0	0.0	0.5953433061238969	0.0	0.0	0.5953433061238969	0.0	0.7706818139439902	0.0	0.0	0.7706818139439902	2.9519772571509533	0.5953433061238969	0.0	0.8374132919320622	0.0	0.0	0.4711560182844158	0.0	0.0	0.0	0.0	0.2965637673406609	0.4711560182844158	0.0	0.2965637673406609	0.2965637673406609	2.27436961339755	1.4385030577024818	0.9919274217572025	1.754605520364495	0.5953433061238969	0.0	0.0	1.3338559991270007	0.9462705130173997	1.6987691639674438	0.7706818139439902	0.7706818139439902	1.3338559991270007	0.2965637673406609	1.9049456119720436	0.8374132919320622	0.5953433061238969	0.6918018249755518	0.0	0.0	3.3268842334559383	1.1957077686852855	0.0	0.5953433061238969	0.8374132919320622	0.6918018249755518	0.0	1.522766803754368	1.7470551256771878	1.6444352097822312	0.0	2.1433733648676627	2.374873988880795	1.1056617988971724	1.9049456119720436	1.2467973664693552	2.1524517010580024	0.8952436850969702	1.4684446958741884	0.6918018249755518	3.0498345456048828	0.2965637673406609	1.6724513385956383	0.0	1.5475755722692792	2.0403201535889126	0.6918018249755518	0.0	1.3716102263930765	1.07095775138271	0.0	2.124626747090346	0.2965637673406609	0.8952436850969702	0.9462705130173997	1.4684446958741884	0.6918018249755518	0.0	0.4711560182844158	0.0	0.0	0.0	1.033237795368284	0.8952436850969702	4.158988565211501	0.2965637673406609	3.4455643060340186	2.2855334117029176	1.5710434119760737	1.5710434119760737
SRR39238481	1.6406017785175235	1.958660541287458	0.0	0.7400476456874606	0.0	0.0	0.0	1.7124824425855518	0.0	0.0	0.0	1.1259375092890558	0.0	0.6406810222126342	2.612929015368728	0.0	4.610588986411948	0.9478266840245357	0.0	2.634973872181867	0.0	0.0	0.7400476456874606	2.682099247364369	0.6406810222126342	0.0	0.0	1.0459495633796239	0.0	0.0	0.0	0.0	0.0	0.0	0.6406810222126342	0.7400476456874606	1.4803530299278416	0.0	0.0	0.32715510860919256	1.4638940768961957	0.0	0.0	0.0	0.0	4.202960645347812	0.0	2.4930742031798405	3.4718593979536756	2.0631392434288847	0.9478266840245357	0.0	0.5116168003277738	0.5116168003277738	0.6406810222126342	2.0837473324075995	0.0	0.0	0.32715510860919256	0.0	1.8133685673082534	0.0	0.0	0.0	0.0	0.0	1.6057369925744314	0.0	2.3969045366240462	0.8208589458806119	0.5116168003277738	0.5116168003277738	1.901350437902186	0.0	4.396805134646373	0.0	1.326991979083696	0.6406810222126342	0.0	0.0	0.7400476456874606	1.7980990407542243	0.0	0.0	0.0	0.7400476456874606	0.0	0.0	0.0	0.0	0.0	0.0	0.0	0.0	3.5842712737439126	0.32715510860919256	0.0	0.5116168003277738	0.0	0.6406810222126342	0.32715510860919256	0.0	0.0	0.0	0.0	0.0	0.0	0.0	0.0	1.4467867056559878	0.8889663254426912	1.0877824523909587	1.6516279619908447	0.9996534392393246	0.0	0.0	0.0	0.9996534392393246	0.0	1.0459495633796239	0.0	0.0	0.9478266840245357	0.0	1.3706991712191794	0.0	0.0	0.0	0.0	0.0	1.6176722952862337	0.0	0.0	0.0	0.0	0.0	0.0	2.12591158650922	1.4104071099044435	1.0459495633796239	0.32715510860919256	1.4467867056559878	0.7400476456874606	1.7822730217030538	1.3493951771750476	0.32715510860919256	1.251882518097554	0.0	1.1259375092890558	0.0	0.5116168003277738	0.0	0.5116168003277738	0.0	1.979622321064162	0.7400476456874606	0.0	0.0	0.5116168003277738	0.0	0.0	0.0	0.0	0.0	0.6406810222126342	1.0459495633796239	0.8208589458806119	0.0	0.0	0.32715510860919256	0.0	0.0	0.32715510860919256	0.6406810222126342	3.5135979689012147	0.0	2.774132528627642	1.9251893976948378	0.32715510860919256	1.8133685673082534
SRR39238492	0.6790944076281157	2.7819082090977725	0.0	1.417895639979753	0.0	0.0	0.0	0.932101299988932	0.0	2.2263867960922945	1.805764810644862	0.6790944076281157	0.0	0.0	2.132545076453917	0.3538733511262859	4.569694162175772	0.3538733511262859	0.0	1.4382941425928033	0.0	0.0	0.0	3.5697405387148704	0.0	0.0	0.6790944076281157	2.1598695740082143	0.0	0.0	0.3538733511262859	0.0	0.0	0.0	1.396491611436187	1.699770988768474	1.2700467884021507	0.0	0.0	0.6790944076281157	1.574083752017143	0.6790944076281157	0.0	0.0	0.0	4.1432636816839725	0.0	1.511474587774987	4.191221517141487	0.5462407658694934	0.3538733511262859	0.3538733511262859	0.0	0.0	0.8629589027565043	2.248534237641805	0.0	0.0	0.6790944076281157	0.0	1.4943027756446452	0.0	0.7806850377094479	0.0	0.0	0.0	4.313567322762773	0.7806850377094479	2.7362304433905713	0.6790944076281157	0.8629589027565043	0.0	1.94376950310926	0.5462407658694934	2.529369040563326	0.0	1.3739777605624388	0.0	0.0	0.0	0.8629589027565043	1.6022997216280963	0.0	0.5462407658694934	0.0	0.3538733511262859	0.0	0.0	0.0	0.0	0.5462407658694934	0.0	0.0	0.7806850377094479	2.6817783676570803	1.4382941425928033	0.0	0.6790944076281157	0.0	0.5462407658694934	0.0	0.0	0.3538733511262859	0.0	0.3538733511262859	0.0	0.6790944076281157	0.0	0.0	0.0	1.6287938104022233	0.5462407658694934	1.0441560854375873	0.7806850377094479	0.0	0.0	0.0	1.0909275965110303	0.5462407658694934	1.5592571524842465	0.5462407658694934	0.0	0.8629589027565043	0.0	1.8618347127047796	0.5462407658694934	0.8629589027565043	0.0	0.0	0.0	2.1598695740082143	1.298452523542898	0.0	0.0	0.5462407658694934	0.3538733511262859	0.0	0.3538733511262859	2.2980404353503103	0.5462407658694934	0.0	1.417895639979753	2.0334078409363188	1.417895639979753	1.3502326721703823	0.8629589027565043	0.932101299988932	0.0	1.0441560854375873	0.0	1.788318965730524	0.5462407658694934	0.3538733511262859	0.0	1.2396522935551724	1.1331481773933232	0.0	0.0	0.0	0.0	0.0	1.77014287509619	1.5439064342977835	0.5462407658694934	0.3538733511262859	0.9917326988087459	0.932101299988932	0.0	0.0	0.0	0.0	0.0	0.0	1.7793260016819283	2.507839858295237	0.0	2.3850432530509873	1.4943027756446452	2.2391804258166954	1.2069694565048206
SRR39238495	0.6586145285042697	3.136779035926698	0.0	0.0	0.0	0.0	0.0	1.5186048601475737	0.0	0.759045364088742	0.6586145285042697	0.9091625533938398	0.0	0.0	3.4814142443936227	0.0	4.240394262787846	0.0	0.0	3.2782288707403984	0.0	0.0	0.5277435722319705	2.3723915224861765	1.1473625281408337	0.0	0.0	0.33953910353909766	0.0	0.0	0.0	1.0670325149690465	0.0	0.0	0.0	0.33953910353909766	0.33953910353909766	0.0	0.0	0.0	0.0	0.33953910353909766	0.0	0.0	0.0	4.473879616671314	0.0	3.3887671305570004	1.1825656600633934	0.9091625533938398	0.0	1.451251217468971	0.33953910353909766	0.0	0.0	2.0644122562213325	0.0	0.0	0.0	0.0	3.12958068431876	0.0	0.0	0.33953910353909766	0.0	0.0	3.0962438236218297	0.0	2.8640550158676437	0.33953910353909766	0.0	0.0	1.9421926474790503	2.2195224710649057	4.164626152365255	0.0	0.0	0.0	0.0	0.0	0.0	0.0	0.0	0.0	0.0	0.0	0.0	0.0	0.0	0.0	0.0	0.0	1.020507488043298	0.0	2.8281086861421154	0.6586145285042697	0.0	0.0	0.0	0.0	0.0	0.0	0.6586145285042697	0.0	0.0	0.0	0.0	0.0	0.0	0.0	1.2454182776446665	0.0	3.48547334813822	1.3253616722213484	0.0	0.0	0.0	0.9683936336466068	0.0	0.0	0.0	0.0	0.0	0.0	0.5277435722319705	0.33953910353909766	0.0	0.0	0.0	0.0	1.2737329637049009	0.0	0.0	0.0	0.0	0.0	0.0	0.840558067132769	1.432643911243537	0.0	0.0	0.5277435722319705	0.759045364088742	0.0	0.5277435722319705	0.33953910353909766	0.6586145285042697	0.0	0.5277435722319705	0.0	2.7393142080962143	0.0	0.33953910353909766	0.0	0.33953910353909766	0.0	0.0	0.0	2.4592065802883885	0.0	0.0	0.33953910353909766	1.432643911243537	0.0	0.5277435722319705	0.0	0.759045364088742	0.0	0.0	1.3928520359403342	0.0	0.0	0.0	0.0	4.0830266551667265	0.0	3.6032902531578426	2.585554247220511	0.5277435722319705	0.33953910353909766
SRR39238496	0.0	2.9279292779941675	0.0	0.7551179611639933	0.0	0.2873571167109142	0.0	1.3159349578082618	0.0	0.5813857862334448	1.3536151236467946	0.0	0.0	0.2873571167109142	2.0216839325746223	0.0	4.6161563116244215	0.0	0.0	2.9709336897538434	0.0	0.0	0.9296293480759512	3.315237271414251	1.2957934996044258	0.0	0.0	3.0363179442082036	0.0	0.0	0.0	0.6768818870647378	0.0	0.0	0.0	0.0	0.45879338842565565	0.0	0.0	0.2873571167109142	0.0	0.0	0.0	0.0	0.0	4.495788004082246	0.2873571167109142	3.055377588191868	1.3536151236467946	1.1781197028535115	0.0	1.8646721259170367	0.0	0.0	0.0	1.8299406535917966	0.0	0.0	0.2873571167109142	0.0	2.244204795605086	0.0	0.0	0.0	0.0	0.0	2.587176614779231	0.0	3.229424046380156	0.0	0.0	0.0	0.2873571167109142	1.0883550975648146	1.750839045661273	0.0	0.5813857862334448	0.0	0.0	0.0	0.0	0.0	0.0	0.0	0.0	0.0	0.0	0.0	0.0	0.0	0.0	0.0	0.45879338842565565	0.0	2.0216839325746223	0.0	0.0	0.0	0.0	0.0	0.0	0.0	0.0	0.0	0.0	0.0	0.0	0.0	0.0	0.0	0.5813857862334448	0.2873571167109142	0.2873571167109142	0.0	0.0	0.0	0.0	0.5813857862334448	0.2873571167109142	0.45879338842565565	0.0	0.0	0.2873571167109142	0.0	0.0	0.0	0.0	0.0	0.0	0.0	1.4915924742407176	0.2873571167109142	0.0	0.0	0.0	0.0	0.0	0.45879338842565565	0.0	0.2873571167109142	0.0	0.0	0.45879338842565565	0.2873571167109142	0.45879338842565565	0.2873571167109142	0.6768818870647378	0.0	0.0	0.0	3.247075308051388	0.0	0.0	0.0	0.0	0.2873571167109142	0.0	0.0	1.817717574942789	0.0	0.0	0.0	0.0	0.0	0.0	0.0	1.0883550975648146	0.0	0.0	1.3159349578082618	0.0	0.0	0.0	0.0	4.018356168699574	0.0	3.295887903398734	1.1781197028535115	0.45879338842565565	0.2873571167109142
SRR39238497	2.9065606672574056	2.569720532952423	0.7716676091474178	1.8953961893735047	0.0	1.3904623240399934	0.2971514378067747	1.8556384843634732	0.5962290873755557	1.4548769637982937	1.9835142303809177	1.548728779195592	0.5962290873755557	0.8384277220758223	2.8620367520041845	0.8384277220758223	4.499942645957665	0.6927475757514827	1.6358392640269084	2.5810599226530564	0.0	0.5962290873755557	2.185382929000282	3.3282708380578256	1.1067556643358516	0.5962290873755557	0.0	3.1919680744978733	0.0	0.0	1.2231191023772356	1.2713751474978994	0.0	0.0	2.8366963572959167	2.5545223383563975	2.8385562456126836	0.0	0.0	0.9473231643464486	1.6736129398982214	0.0	0.0	0.0	0.0	4.488459582468788	0.0	2.0678209605026976	2.3849367172692943	2.939160088305431	0.0	3.047593186080154	0.47194210847005236	0.6927475757514827	1.4548769637982937	2.2911005177463424	0.2971514378067747	0.0	1.7916732649870544	0.0	2.4891626204489428	0.2971514378067747	0.2971514378067747	0.5962290873755557	0.2971514378067747	0.47194210847005236	2.5054496507981376	1.4548769637982937	2.9865330521860436	1.4074835759412285	0.2971514378067747	1.4396466738373628	2.8985527301636527	1.2479170185969606	2.6317124555390476	0.2971514378067747	2.614440720854975	0.2971514378067747	0.2971514378067747	0.0	0.47194210847005236	2.0491817478247727	0.0	1.2936308709168176	0.8962796088498759	0.47194210847005236	0.2971514378067747	0.5962290873755557	1.5606221027280205	0.0	0.0	0.7716676091474178	1.3148014665411776	0.2971514378067747	3.501009335479677	1.6258591969877927	0.2971514378067747	0.0	0.0	0.0	0.0	0.0	0.0	0.0	0.0	0.0	0.0	0.0	1.1067556643358516	0.6927475757514827	2.264091583003449	1.1968190377851946	1.9267977983881637	2.704030429190332	1.6825644409463552	0.0	0.2971514378067747	2.342491050508234	0.8962796088498759	2.760859428872998	0.0	0.0	1.0343147938603416	0.47194210847005236	1.6644730442317175	2.3144646667091657	0.0	0.47194210847005236	0.5962290873755557	0.2971514378067747	2.1825903539390756	0.5962290873755557	0.0	0.0	1.0720438849975367	1.1388972057042133	0.0	2.4807841766293457	2.8958502653329665	1.8953961893735047	0.0	3.1731986972527944	1.8248324543218368	1.8311709570947543	2.533809770073033	1.6358392640269084	1.6156443834341925	0.0	2.1654469665586698	0.2971514378067747	2.9396505294677118	0.5962290873755557	0.7716676091474178	1.3542774781747347	2.532560066023647	2.2227031019037105	1.4238627997946631	0.0	2.1352792941607066	2.1506250222272802	0.0	1.3542774781747347	1.4074835759412285	0.8962796088498759	0.8384277220758223	0.5962290873755557	1.52391803586348	0.0	0.0	1.1388972057042133	0.0	0.2971514378067747	0.5962290873755557	1.6358392640269084	3.6492655183009375	0.0	3.359567229072231	3.0075752781646607	2.179779705950338	2.6734655506864287
SRR39238498	1.1895372777690325	2.4062179681500053	0.32494175601500447	2.5249951319918362	0.32494175601500447	1.4598467570520302	0.0	1.9324921647394386	1.2479262576358305	1.3453915076071852	1.809241250379814	1.6365060839482488	0.32494175601500447	1.157108085932879	2.7557590812200248	1.1895372777690325	4.303747350184359	1.299387332695648	0.8173027354075182	2.156822600310383	0.0	1.0839344117199097	1.6365060839482488	3.407528036042913	0.0	0.0	0.99588275616546	2.380824624354289	0.0	0.5087197206732622	1.0839344117199097	0.5087197206732622	0.0	0.32494175601500447	1.4063787552595979	2.216538589897354	2.382831549738742	0.7366213576526079	0.0	1.753278722170136	2.075546213995734	1.5893797426881033	0.0	0.0	0.0	4.388225489190706	0.0	2.3644263402767995	2.8580822331792644	1.6790155376101816	1.4921532318143873	0.5087197206732622	0.99588275616546	0.5087197206732622	1.970328583672361	2.5502276014476077	0.0	0.0	1.299387332695648	0.0	2.274200683713851	0.0	1.7446611959032106	0.8173027354075182	0.7366213576526079	0.0	3.119889787690646	1.5767533923063985	3.1681018488542514	2.0003268995968835	1.157108085932879	0.8853178840454918	2.413741719189995	1.753278722170136	3.214158036299852	1.770017158133537	2.5405884052055048	1.6582807151325492	0.0	0.0	1.8847839364258718	2.032891575870349	0.0	0.7366213576526079	1.0839344117199097	1.1220605457039807	0.32494175601500447	0.8853178840454918	0.6374513863720104	0.0	1.4063787552595979	0.0	0.0	0.0	3.370012783683516	1.1220605457039807	0.0	1.0839344117199097	1.1220605457039807	0.8853178840454918	0.0	0.0	0.7366213576526079	0.0	0.0	0.0	0.6374513863720104	0.0	0.9441093790833369	0.99588275616546	2.6987233554484704	2.153440182827413	1.4598467570520302	2.400488363728531	0.7366213576526079	0.5087197206732622	0.6374513863720104	1.5365100672367116	1.6687718592454128	2.1465952771142773	1.0421362921846309	1.6687718592454128	1.7268955483168735	0.8173027354075182	2.3319038035207176	1.6687718592454128	1.3453915076071852	1.0421362921846309	0.5087197206732622	0.0	4.255631693340906	1.7617285760770764	0.0	0.32494175601500447	1.3869859212469209	1.4598467570520302	0.0	2.0992628163226583	2.3016024637255903	1.9805599907622933	0.32494175601500447	2.7402129254734	2.8909893765364703	1.4063787552595979	2.415602465964539	1.5893797426881033	2.7707679199849724	1.0421362921846309	1.8311806049914057	0.7366213576526079	2.6474375810085324	1.299387332695648	2.263791584167223	0.8853178840454918	1.8588087534491737	2.3727028744306318	1.3453915076071852	0.0	1.9491129633311233	1.3666864856631005	0.0	2.477775548089249	0.99588275616546	1.5222219801104606	1.5893797426881033	2.2818469868192364	1.4598467570520302	0.0	0.8853178840454918	0.32494175601500447	0.0	0.0	1.6365060839482488	1.4763003285952567	4.052865893336737	0.7366213576526079	2.692879408137849	2.4495213097162822	1.7446611959032106	1.809241250379814
SRR39238499	0.0	1.5909528106332729	0.0	0.0	0.0	0.0	0.0	0.0	0.0	1.3508338219209546	0.0	0.0	0.0	0.0	2.3795862926658025	0.0	4.748521471954588	0.0	0.0	2.7071280166872715	0.0	0.0	0.0	2.9261354758393248	0.0	0.0	0.0	0.0	0.0	0.0	0.4695574093484134	0.0	0.0	0.0	0.0	0.0	0.0	0.0	0.0	0.0	0.0	0.0	0.0	0.0	0.0	4.178796576553497	0.0	0.6898774522317974	0.2953694975954998	0.0	0.0	0.0	0.0	0.0	0.0	0.9897573761653834	0.0	0.0	0.0	0.0	0.593541335020779	0.0	0.0	0.0	0.0	0.0	3.4530977606628137	0.0	3.018809807080906	0.0	0.0	0.0	1.5330020720802304	0.0	1.8460970867377613	0.0	0.0	0.0	0.0	0.0	0.0	0.0	0.0	0.0	0.0	0.0	0.0	0.0	0.0	0.0	0.0	0.0	0.0	0.0	2.85313110558086	0.0	0.0	0.0	0.0	0.0	0.0	0.0	0.0	0.0	0.0	0.0	0.0	0.0	0.0	0.0	0.4695574093484134	0.0	0.0	0.0	0.0	0.0	0.0	0.0	0.0	0.0	0.0	0.0	0.0	0.0	0.0	0.0	0.0	0.0	0.0	0.0	3.087257176976594	0.2953694975954998	0.0	0.0	0.0	0.0	0.0	0.2953694975954998	1.5571179324174789	0.0	0.0	0.0	0.2953694975954998	0.0	0.0	0.0	0.0	0.0	0.0	0.0	4.073824400771622	0.0	0.2953694975954998	0.0	0.7686756793306205	0.2953694975954998	0.0	0.0	0.9441278218532874	0.0	0.0	0.0	0.0	0.0	0.0	0.0	0.0	0.0	0.0	0.0	0.0	0.2953694975954998	0.0	0.0	2.1254090913537125	0.0	3.70327147100365	0.0	0.8931351667361096	1.3692963335543382
SRR39238500	0.0	3.0237832389097594	0.0	0.0	0.0	0.0	0.0	0.0	0.0	2.2211610234101244	0.0	0.832739558269748	0.0	0.0	2.0501318035512965	0.0	4.56461051478818	0.0	0.0	1.162617034122793	0.0	0.0	0.0	3.073695228140161	0.0	0.0	0.0	1.2416353278641508	0.0	0.0	0.0	0.0	0.0	0.0	0.293863686269761	0.0	0.293863686269761	0.0	0.0	0.0	0.293863686269761	0.0	0.0	0.0	0.0	4.509787875782626	0.293863686269761	1.1327236287355698	0.687446452893944	0.9870142654572487	0.0	0.0	0.293863686269761	0.0	0.0	2.4568884998303107	0.0	0.0	0.890470260003238	0.0	1.0282737804451845	0.0	0.0	0.293863686269761	0.0	0.0	2.1703346155559804	0.0	2.950294002903626	0.0	0.0	0.0	1.366370288071603	0.0	4.321987539926086	0.0	0.0	0.0	0.0	0.0	0.0	0.0	0.0	0.0	0.293863686269761	0.0	0.0	0.0	0.0	0.0	0.0	0.0	0.0	0.0	2.1731632819946722	0.0	0.0	0.0	0.0	0.0	0.0	0.0	0.0	0.0	0.0	0.0	0.0	0.0	0.0	0.0	0.293863686269761	0.0	0.0	0.0	0.0	0.0	0.0	1.065951334990982	0.0	0.0	0.0	0.0	0.0	0.0	0.0	0.0	0.0	0.0	0.0	0.0	1.5045061889442244	0.0	0.0	0.0	0.0	0.293863686269761	0.0	0.46753965430269384	1.4631579893284248	0.0	0.0	0.293863686269761	0.832739558269748	0.0	0.0	0.0	0.0	0.0	0.0	0.0	1.7492284424339726	0.0	0.46753965430269384	0.0	1.0282737804451845	0.0	0.0	0.0	0.687446452893944	0.0	0.0	0.0	0.0	0.0	0.0	0.0	0.0	0.0	0.0	0.7661408513564987	0.0	0.0	0.0	0.0	2.953110955016807	0.0	2.818715834299489	0.890470260003238	0.46753965430269384	0.0
SRR39238501	0.2701023349956955	2.0823943602726116	0.0	0.9834124521656209	0.43537478166240906	1.8059382977196083	0.2701023349956955	2.1483842365503136	0.0	0.0	0.43537478166240906	1.1948733215099727	0.43537478166240906	0.2701023349956955	2.4636074293432877	1.0550077819252255	4.5539475010112	0.0	1.2402494633079482	1.839726554513807	0.0	0.0	1.0550077819252255	2.923509649135104	0.0	0.5548013380963156	0.0	3.411611731095136	0.0	0.0	0.0	0.9834124521656209	0.0	0.0	1.8451109253804703	1.9049987905200412	2.01190043037061	0.0	0.43537478166240906	0.9426396112784406	0.7906479171257033	0.0	0.0	0.0	0.0	4.466076391745575	0.0	2.6089400224449086	2.7052672073995394	2.3391662084984173	0.9834124521656209	1.429361058634538	0.5548013380963156	0.0	0.7906479171257033	2.2499752866678584	0.0	0.0	1.116453769882246	0.2701023349956955	1.4692822239603642	0.0	0.6483701455707235	0.2701023349956955	0.0	0.5548013380963156	3.9480676445358305	0.5548013380963156	2.582332127238955	0.9426396112784406	0.0	1.1948733215099727	2.297800865015608	1.8760863349939483	2.8627107944702432	0.43537478166240906	1.3364722035637358	0.0	0.0	0.0	0.2701023349956955	0.7253095545642059	0.0	0.6483701455707235	0.0	0.0	0.0	0.0	0.0	0.0	0.0	0.0	0.7906479171257033	0.0	3.093277111251011	1.6928597262346632	0.6483701455707235	0.0	0.0	0.0	0.0	0.0	0.0	0.0	0.0	0.0	0.0	0.0	0.43537478166240906	0.2701023349956955	1.7430323708731115	0.5548013380963156	0.7906479171257033	2.0729977062377767	0.0	0.0	0.2701023349956955	1.722235288268759	1.3853953474997578	2.2371481346634994	0.0	0.0	0.43537478166240906	0.7253095545642059	0.6483701455707235	1.4939932159356695	0.2701023349956955	0.0	0.2701023349956955	0.0	3.4844268055397687	0.43537478166240906	0.0	0.0	0.2701023349956955	0.5548013380963156	0.0	1.539559233506089	2.8632243517487557	0.43537478166240906	0.0	2.3391662084984173	0.7906479171257033	1.2813298865820355	1.7880043642545185	0.8474296224981048	1.2612752246306418	0.0	0.7906479171257033	0.0	1.429361058634538	0.0	0.5548013380963156	0.0	1.7692978415032363	2.00082648133157	0.5548013380963156	0.0	2.792597328440816	0.2701023349956955	0.0	0.0	2.535829133202938	0.2701023349956955	0.2701023349956955	0.0	0.5548013380963156	0.0	0.2701023349956955	1.4005505417415791	0.0	0.0	0.0	1.3533997119927064	3.837674884124907	0.0	2.6730915769738606	1.7003919842583575	0.9834124521656209	2.0666183841012993
SRR39238502	1.7089545683479745	2.0764254604355163	0.0	1.509898038969368	0.9572184780435022	1.850460334687922	0.0	1.7012835393528303	0.0	0.5667078284420656	1.4163311588671692	1.6855226251434345	0.44584225013317713	0.27778446463654294	2.474789980499548	1.3691067324972908	4.346945329520922	0.6611554828102849	1.4977035597613693	2.7179492419789235	0.0	0.27778446463654294	2.156629732983819	3.2153840468854944	0.7386873659250909	0.0	0.0	2.2447078462212287	0.0	0.0	1.0355663395502908	1.0355663395502908	0.0	0.0	2.240256161342775	1.7854454727549995	2.2808108113342733	0.0	0.0	1.0700074869851486	1.1856055368891252	2.2312135131915896	0.0	0.0	0.0	4.348395389128309	0.0	2.2219785729436556	2.110907310242962	2.9663432532269476	0.5667078284420656	2.1511708324933196	0.0	0.27778446463654294	1.1856055368891252	2.172606430153501	0.8044521922756876	0.0	1.7383515242904395	0.0	1.9655216051411857	0.27778446463654294	0.6611554828102849	0.0	0.0	0.6611554828102849	3.10695760811479	0.8615555509709742	2.882692918233209	1.5445524959868315	0.0	1.2102650606817529	2.207747184779546	2.0281654422088335	2.5252007177813107	0.0	1.8872796993762446	0.27778446463654294	0.0	0.0	0.0	1.4163311588671692	0.0	0.7386873659250909	0.0	0.0	0.0	0.0	0.0	0.0	0.0	0.44584225013317713	0.8044521922756876	0.27778446463654294	3.376931355179331	1.9117903953649193	0.998156788076978	0.0	0.0	0.0	0.0	0.0	0.8044521922756876	0.0	0.0	0.0	0.0	0.0	1.0355663395502908	0.27778446463654294	1.5217594426030374	0.44584225013317713	1.2969077498802144	2.496406422605358	0.27778446463654294	0.0	0.27778446463654294	1.7012835393528303	2.0133310778231954	2.3216257838265455	0.0	0.0	1.6855226251434345	1.0700074869851486	1.6691681246781314	1.855915245806907	0.0	0.8044521922756876	0.27778446463654294	0.0	3.1072616047022934	0.27778446463654294	0.0	0.0	0.6611554828102849	0.8615555509709742	0.0	1.5217594426030374	2.8553471653934013	1.0700074869851486	0.27778446463654294	2.5629780216825964	1.7012835393528303	1.8872796993762446	2.177804002121259	1.4163311588671692	1.2102650606817529	0.0	1.1594610915408239	0.0	2.7134574015820827	0.0	0.5667078284420656	0.5667078284420656	1.79801340202705	2.11689287028859	0.44584225013317713	0.0	2.8882633632407337	0.5667078284420656	0.0	0.8615555509709742	1.1316413657283757	0.0	1.0355663395502908	0.27778446463654294	0.8044521922756876	0.0	1.2335993135136465	1.3345058503338254	0.0	0.0	0.27778446463654294	1.2768131608366313	4.527059671179943	0.0	2.9940272294866057	1.9165308016940805	1.7523359875072866	2.6389342536945604
SRR39238503	1.7374059510770805	1.9336284114994604	0.0	0.8934972300242428	0.4698317802534296	1.1938338521652332	0.2955743922900772	1.2683578891667797	0.0	0.7690201281903113	0.8934972300242428	0.8357031866095767	0.0	0.2955743922900772	2.539279064785212	0.6902078369860458	4.649780789016564	0.0	1.069126363087137	2.3092188787019694	0.0	0.0	1.2683578891667797	3.039795592107169	1.3874039924695785	0.5938506691974959	0.0	1.9336284114994604	0.0	0.0	1.1658513879226158	0.990130026449739	0.0	0.0	2.2609204581555655	2.2296325423180634	1.8699792786080316	0.0	0.0	0.9444957651054635	0.0	0.7690201281903113	0.0	0.0	0.0	4.5320068741533355	0.0	2.272378531873528	1.6794423591006034	2.5767590866934573	0.0	2.1904864468163785	0.2955743922900772	0.0	0.5938506691974959	2.5823338221959364	0.0	0.0	1.1038173293738567	0.0	1.9803589236502996	0.2955743922900772	0.5938506691974959	0.0	0.0	0.2955743922900772	2.910719180579639	0.2955743922900772	2.6675610792629563	0.5938506691974959	0.0	0.4698317802534296	1.864228900040949	3.1019679373073816	2.6845234836972653	0.0	1.3512304588870405	0.0	0.0	0.0	0.2955743922900772	1.6613537893518053	0.0	0.2955743922900772	0.0	0.0	0.0	0.0	0.0	0.0	0.0	0.2955743922900772	0.9444957651054635	0.0	3.1857551794545955	1.6613537893518053	0.2955743922900772	0.0	0.0	0.2955743922900772	0.0	0.0	0.0	0.0	0.0	0.0	0.0	0.0	0.4698317802534296	0.2955743922900772	1.729584222486277	0.2955743922900772	1.3512304588870405	1.5690955327953657	1.1038173293738567	0.0	0.0	1.3696937404934035	1.3319472561783596	2.119435522751849	0.0	0.0	0.2955743922900772	0.7690201281903113	0.8934972300242428	1.9934508520463206	0.0	0.2955743922900772	0.0	0.0	1.9934508520463206	0.2955743922900772	0.0	0.0	0.4698317802534296	0.4698317802534296	0.0	1.4365744015554198	2.708371896204917	0.0	0.0	2.1709361308734443	1.420794830479854	1.069126363087137	1.9576218957123959	0.6902078369860458	1.031421861689555	0.0	0.9444957651054635	0.2955743922900772	0.7690201281903113	0.0	0.4698317802534296	0.0	2.128979050236187	2.1096775572595066	0.2955743922900772	0.0	2.4057025001432217	0.2955743922900772	0.0	0.7690201281903113	0.990130026449739	0.8357031866095767	0.2955743922900772	0.2955743922900772	0.4698317802534296	0.0	0.4698317802534296	1.557521564240061	0.0	0.0	0.0	0.9444957651054635	3.4635307555543724	0.0	3.5513152983964376	1.9714064444477923	0.8934972300242428	2.2813321926452725
SRR39238504	3.007824016165792	2.1454242008559667	0.0	0.0	0.24008870701347823	0.0	0.0	0.6712449815965618	0.0	0.24008870701347823	0.0	0.8832867233737138	0.24008870701347823	0.0	3.0953544410848948	0.0	4.802835097737578	0.0	0.0	1.7838365830621914	0.0	0.0	0.24008870701347823	2.6158353614453778	1.1318959900418222	0.0	0.24008870701347823	1.9522047479186488	0.0	0.0	0.6712449815965618	0.5071090338805522	0.0	0.0	0.0	0.0	0.24008870701347823	0.0	0.0	0.0	0.24008870701347823	0.0	0.0	0.0	0.0	4.071462611104751	0.24008870701347823	1.5953209547578895	1.3780857951045038	1.5953209547578895	0.0	1.8094344618342455	0.0	0.5071090338805522	0.8832867233737138	2.6258133228132916	0.24008870701347823	0.0	0.8832867233737138	0.0	1.4041345567495103	0.24008870701347823	0.0	0.0	0.0	0.0	2.796213305264025	0.0	2.8976757800571837	0.0	0.0	0.0	1.2722069960558717	0.0	3.6500006602864676	0.0	0.0	0.0	0.0	0.0	0.0	1.5435113904426812	0.0	0.24008870701347823	0.0	0.0	0.0	0.0	0.0	0.0	0.0	0.0	0.0	0.0	2.5568834447335274	0.6712449815965618	0.0	0.0	0.0	0.0	0.0	0.0	0.0	0.0	0.0	0.39380529917896395	0.0	0.0	0.0	0.0	0.7347146356683579	0.24008870701347823	0.5071090338805522	0.0	1.236522853110178	0.0	0.0	1.5150879640548514	0.0	0.5968854243318049	0.0	0.0	0.0	0.0	0.0	0.39380529917896395	0.24008870701347823	0.7347146356683579	0.0	0.0	1.9557688026593822	0.24008870701347823	0.24008870701347823	0.0	0.39380529917896395	0.39380529917896395	0.0	0.5071090338805522	1.0817913612402825	0.0	0.0	1.4631449582382587	0.39380529917896395	0.0	0.8391791903345648	0.24008870701347823	0.7900803386428314	0.0	0.0	0.0	1.4041345567495103	0.0	0.0	0.0	0.0	0.0	0.9599812198953181	0.0	2.573459759944677	0.0	0.0	0.5071090338805522	0.5968854243318049	0.5968854243318049	0.0	0.0	1.0543901623269596	0.0	0.0	0.5071090338805522	0.0	0.0	0.0	0.0	3.732561504794867	0.0	3.6145763155762216	2.664274485818164	0.7900803386428314	0.24008870701347823
SRR39238505	2.3444816508438264	2.530762410889767	0.0	0.6615948349476565	0.34161243634050764	0.0	0.0	1.6779724444462651	0.0	1.5064155113352764	0.34161243634050764	1.3965129658136173	0.0	1.0239597237374205	3.575982609803124	0.34161243634050764	4.619109573317649	0.0	0.0	0.8438241190854843	0.0	0.34161243634050764	0.0	2.3583553802804436	1.3039384787336532	0.0	0.0	2.8242013277649236	0.0	0.0	0.0	0.5304300773936323	0.0	0.0	0.0	0.0	0.0	0.0	0.0	0.0	0.6615948349476565	0.0	0.0	0.0	0.0	4.219452738573655	0.0	2.2504031875318415	0.8438241190854843	1.2773453654500626	0.34161243634050764	1.8246104234246374	0.34161243634050764	0.34161243634050764	1.8473391884873274	2.137773419197852	0.34161243634050764	0.0	0.34161243634050764	0.0	1.4363183031788846	0.0	0.0	0.7621980632047747	0.0	0.34161243634050764	2.542833789158636	0.0	3.0502844638497613	0.0	0.0	0.0	3.2631903868754484	0.34161243634050764	4.212631137773245	0.0	0.6615948349476565	0.0	0.0	0.0	0.0	1.3039384787336532	0.0	0.34161243634050764	0.0	0.0	0.0	0.0	0.0	0.0	0.0	0.0	0.34161243634050764	0.0	2.8629078352042026	0.34161243634050764	0.0	0.0	0.0	1.0705215834471276	0.0	0.0	0.0	0.0	0.0	0.0	0.6615948349476565	0.34161243634050764	0.0	0.0	1.1509065967322782	0.0	0.34161243634050764	0.0	0.7621980632047747	0.0	0.0	0.9717996402918996	0.5304300773936323	0.0	0.0	0.0	0.0	0.6615948349476565	0.0	0.5304300773936323	0.0	1.0239597237374205	0.0	0.0	2.4447451267084928	0.0	0.0	0.0	0.34161243634050764	0.0	0.0	0.9125088134825726	1.7293233493332634	0.34161243634050764	0.0	1.112571282506703	0.7621980632047747	0.0	0.5304300773936323	0.34161243634050764	1.607076105793494	0.0	0.0	0.0	3.0498216291778295	0.0	0.0	0.34161243634050764	0.5304300773936323	1.9279498399391486	0.7621980632047747	0.0	2.3954158151817677	0.7621980632047747	1.1861308034036349	0.7621980632047747	0.0	0.6615948349476565	0.0	0.0	0.9717996402918996	0.0	0.5304300773936323	2.1526433633938256	0.0	0.0	0.0	0.0	3.936582753104308	0.0	2.760594057965149	1.9688762148917982	0.0	0.5304300773936323
SRR39238506	2.2772371003349603	1.3646893590933404	0.0	0.2531767822909551	0.4120688774060478	0.0	0.0	1.2259988897668095	0.0	0.6951903912684232	0.6196504067509347	0.5281456754032134	0.0	0.0	4.095013476931761	0.0	4.49880240605768	0.0	0.0	1.7632490823590332	0.0	0.0	0.0	2.0922183771474065	0.9500409016782921	0.0	0.0	2.651379021331098	0.0	0.4120688774060478	0.4120688774060478	0.2531767822909551	0.0	0.0	0.6196504067509347	0.0	0.2531767822909551	0.0	0.0	0.0	0.2531767822909551	0.0	0.0	0.0	0.0	4.076423520132566	0.0	2.042198199081065	1.8995039816713952	1.3177160109473338	0.0	1.3495891313044683	0.0	0.2531767822909551	0.7595174605005389	1.9784948245653777	0.0	0.0	0.5281456754032134	0.0	0.9869813841841375	0.0	0.0	0.0	0.0	0.2531767822909551	3.217729507591047	0.2531767822909551	3.083693818121926	0.0	0.2531767822909551	0.0	1.4331944091015627	0.0	4.021534303398516	0.0	0.0	0.0	0.0	0.0	0.0	0.9869813841841375	0.0	0.0	0.0	0.0	0.0	0.0	0.0	0.0	0.0	0.0	0.4120688774060478	0.0	4.07983984199711	0.9096637293490885	0.0	0.0	0.0	0.0	0.0	0.0	0.0	0.0	0.0	0.0	0.0	0.0	0.0	0.0	0.8651442050310447	0.5281456754032134	0.6196504067509347	0.0	0.4120688774060478	0.0	0.0	1.3646893590933404	0.0	0.0	0.0	0.0	0.0	0.2531767822909551	0.8155341943838829	0.0	0.8651442050310447	0.2531767822909551	0.0	0.0	2.251051497704235	0.0	0.0	0.0	0.0	0.2531767822909551	0.0	0.4120688774060478	1.1354938747127534	0.2531767822909551	0.0	0.7595174605005389	0.0	0.4120688774060478	0.4120688774060478	0.4120688774060478	0.0	0.0	0.2531767822909551	0.0	2.100477075512429	0.0	0.0	0.0	0.0	0.2531767822909551	2.7006301567210884	0.0	3.449109953153051	0.0	0.0	0.2531767822909551	0.0	0.4120688774060478	0.0	0.0	0.9869813841841375	0.0	0.0	0.6196504067509347	0.0	0.2531767822909551	0.0	0.0	3.851552664869894	0.0	3.342758596212721	2.427615687507808	0.5281456754032134	0.5281456754032134
SRR39238507	0.7478906974845593	2.60424291241562	0.0	0.0	0.0	0.0	0.0	2.1167462749486643	0.0	0.0	0.33224487311540246	0.7478906974845593	0.0	0.0	2.2360513956337824	0.0	4.6351177406150805	0.0	0.0	2.5284915290502714	0.0	0.0	0.0	3.6466834686977063	0.6480793907628282	0.0	0.0	1.2609207185393105	0.0	0.0	1.0082736813274913	0.0	0.0	0.0	0.5182616733704931	0.0	0.33224487311540246	0.0	0.0	0.0	0.0	0.0	0.0	0.0	0.0	4.346429960697547	0.0	2.1354091704303366	3.019315331428794	1.6386344815414646	0.0	1.7312334906325073	0.0	0.0	0.0	2.1998065371391182	0.0	0.0	0.33224487311540246	0.0	2.376033970969536	0.0	0.0	0.0	0.0	0.0	3.073960955431618	0.0	3.468384118999882	0.0	0.0	0.33224487311540246	1.336114428882813	0.33224487311540246	1.096576990260736	0.0	0.5182616733704931	0.0	0.0	0.0	0.0	0.9563265999792306	0.0	0.0	0.0	0.0	0.0	0.0	0.0	0.0	0.0	0.0	0.0	0.0	3.28561159639549	0.0	0.0	0.0	0.0	0.0	0.0	0.0	0.0	0.0	0.0	0.0	0.0	0.0	0.0	0.0	1.096576990260736	0.0	0.33224487311540246	0.0	0.7478906974845593	0.0	0.0	2.670857919059087	0.0	0.8289954271946808	0.0	0.0	0.0	0.0	0.5182616733704931	0.0	0.0	0.33224487311540246	0.0	0.0	1.0082736813274913	0.7478906974845593	0.0	0.0	0.0	0.0	0.0	0.6480793907628282	1.9046283948412426	0.0	0.0	1.4731371494900551	0.33224487311540246	0.6480793907628282	0.33224487311540246	1.0082736813274913	0.0	0.0	0.0	0.0	1.438193548134629	0.0	0.0	0.0	0.33224487311540246	0.0	0.0	0.0	2.8037439171890566	0.0	0.0	0.5182616733704931	0.0	0.0	0.0	0.0	0.0	0.0	0.0	1.054665774018273	0.0	0.0	0.0	0.0	4.150024473706534	0.0	3.2042465220937135	2.1671054982455447	0.897310936593416	0.33224487311540246
SRR39238508	0.6570466116880881	2.0668357608801786	0.0	0.3384500785020319	0.0	0.526330953012255	0.0	1.8341546058665028	0.0	2.0965506815606085	0.0	0.8388389566912505	0.0	0.0	3.1260415988053327	0.0	4.7969225331945236	0.0	0.0	2.7698379389170134	0.0	0.0	0.0	2.1682499389283207	0.3384500785020319	0.0	0.0	2.6970256154742303	0.0	0.0	0.0	0.3384500785020319	0.0	0.0	1.145496167477444	0.0	0.0	0.0	0.0	0.3384500785020319	0.0	0.0	0.0	0.0	0.0	4.088855364084672	0.0	1.9848754720754844	1.8837632645367337	0.6570466116880881	0.0	0.526330953012255	0.3384500785020319	0.0	0.0	1.3471234641129823	0.0	0.0	0.0	0.0	1.4493126625692208	0.0	0.3384500785020319	0.0	0.0	0.0	3.122963795598216	0.0	3.0925824950034624	0.0	0.0	0.0	2.3916993965093103	2.28365120003154	3.5003042310747206	0.0	0.0	0.0	0.0	0.0	0.0	0.526330953012255	0.0	0.6570466116880881	0.0	0.0	0.0	0.0	0.0	0.0	0.0	0.0	0.0	0.0	3.3188233457112006	0.0	0.0	0.0	0.0	0.3384500785020319	0.0	0.0	0.0	0.0	0.0	0.0	0.0	0.0	0.0	0.0	1.896955200480623	0.0	0.3384500785020319	0.3384500785020319	0.0	0.0	0.0	0.7573862490882819	0.0	0.0	0.0	0.0	0.0	1.3234470779114154	0.6570466116880881	0.0	0.0	0.0	0.0	0.0	2.967760714280902	0.0	0.0	0.0	0.0	0.0	0.0	0.3384500785020319	2.336327838748421	0.0	0.0	0.9074009758828594	0.8388389566912505	0.0	1.5883722224499608	0.3384500785020319	0.526330953012255	0.0	0.0	0.0	1.2132409258198342	0.0	0.3384500785020319	0.0	0.0	0.0	0.0	0.0	2.5685888025316226	0.0	0.0	0.0	0.0	0.0	0.0	0.0	0.0	0.0	0.0	0.7573862490882819	0.0	0.0	0.0	0.0	3.464188471289694	0.0	3.6918861621508263	0.3384500785020319	0.8388389566912505	0.3384500785020319
SRR39238510	1.2187108424223305	0.8584572854017094	0.0	0.8584572854017094	1.0140165410130455	1.093453133608644	0.0	2.5520604198252954	0.3088727424187325	0.3088727424187325	1.2450960460464997	0.9167232264631032	0.0	0.0	3.255337399680009	0.9167232264631032	4.760081592445112	0.0	1.2450960460464997	2.938253585351499	0.0	0.0	1.3766097268163646	3.053755026489079	0.0	0.0	0.0	2.0066165901834325	0.48754708994161533	0.0	0.6137716321687131	0.9167232264631032	0.0	0.0	1.82148766580511	1.9447855980660236	2.1584512932598536	0.0	0.0	0.7114513052160258	0.7114513052160258	0.3088727424187325	0.0	0.0	0.0	3.828791326401374	0.3088727424187325	3.6442381651129434	1.4299319617172417	2.515185125839538	0.48754708994161533	1.2934954710872355	1.0555485247177048	0.0	0.48754708994161533	3.095076664791151	0.0	0.3088727424187325	1.648659534408255	0.0	1.771153226705516	0.0	0.3088727424187325	0.0	0.0	0.6137716321687131	3.8700931742922906	0.0	3.043696479867658	1.0140165410130455	0.0	0.7114513052160258	1.9498672135668167	0.3088727424187325	1.974419915367161	0.0	1.412875095488752	0.0	0.0	0.0	0.0	0.9167232264631032	0.0	0.3088727424187325	0.0	0.0	0.0	0.0	0.0	0.0	0.0	0.0	0.48754708994161533	0.0	2.2509860237245625	1.6062192289716928	0.9167232264631032	0.0	0.0	0.0	0.0	0.0	0.3088727424187325	0.0	0.0	0.0	0.0	0.0	0.3088727424187325	0.3088727424187325	1.6279575966805826	0.0	0.7114513052160258	1.4621586542933456	0.0	0.0	0.3088727424187325	2.002160641675537	1.3766097268163646	2.019716518544873	0.0	0.0	0.0	0.0	1.0140165410130455	1.8146444516244578	0.48754708994161533	0.0	0.3088727424187325	0.0	1.687319185897723	0.7114513052160258	0.6137716321687131	0.0	0.0	0.0	0.0	1.3951208395827939	2.119229830148064	0.3088727424187325	0.0	2.224967109509432	1.3572743437076593	0.9680887359750999	1.939643818670448	1.1906183431200592	0.8584572854017094	0.0	0.6137716321687131	0.3088727424187325	1.3158121263633362	0.0	0.3088727424187325	0.0	2.002160641675537	2.0528327438250162	0.0	0.0	3.559982150924698	0.48754708994161533	0.0	0.3088727424187325	2.6810943793138	0.0	0.0	0.0	0.3088727424187325	0.0	0.6137716321687131	1.0140165410130455	0.0	0.0	0.0	1.093453133608644	3.515640736900084	0.0	3.482556981252365	1.5465758986997167	1.093453133608644	2.0324328471560915
SRR39238511	0.0	1.8630837397525695	0.0	0.7401643375893412	1.4640318180698446	0.0	0.0	0.9479532435373853	0.0	0.32723059938094406	1.4804909533658612	2.196694841671536	0.32723059938094406	0.0	3.025831182180921	0.0	4.0353423955978025	0.0	0.0	0.9479532435373853	0.0	0.0	0.0	2.4623435469333073	1.6058760993283279	0.0	0.0	0.9997818079211529	0.0	0.0	0.32723059938094406	0.0	0.0	0.0	0.5117155306487722	0.32723059938094406	0.0	0.0	0.0	0.9479532435373853	0.0	0.0	0.0	0.0	0.32723059938094406	4.355678187182791	0.32723059938094406	1.6058760993283279	1.7489182324711692	2.389146153595799	0.32723059938094406	1.9479286518153718	0.0	0.0	0.5117155306487722	2.333961031544813	0.32723059938094406	0.0	0.889090550592933	0.0	1.3495314398814282	0.0	0.0	1.7311493420816544	0.0	0.6407910422887539	4.2643717705180135	0.32723059938094406	2.4143140474457905	0.32723059938094406	0.0	0.0	2.333961031544813	0.0	1.1260694794993897	0.32723059938094406	0.32723059938094406	0.0	0.0	0.0	0.0	1.046079375354856	0.0	1.2237868469348832	0.0	0.6407910422887539	0.0	0.0	0.0	0.0	0.0	0.0	0.6407910422887539	0.0	3.6648458710893297	1.278523922043204	0.0	0.0	0.0	0.0	0.0	0.0	1.2237868469348832	0.0	0.0	0.0	0.0	0.0	0.0	0.6407910422887539	0.6407910422887539	0.0	1.2237868469348832	0.9479532435373853	0.0	0.0	0.32723059938094406	2.2208470836803995	0.0	0.32723059938094406	0.0	0.0	0.0	0.0	1.6517674232661552	1.3271279040648747	0.32723059938094406	0.0	0.0	0.0	1.9253303455806616	0.0	0.0	0.0	0.0	1.8354516693600766	0.0	0.0	2.1872798531632087	0.0	0.0	1.567965835933151	1.3035054966525095	0.0	0.32723059938094406	0.6407910422887539	0.5117155306487722	0.0	0.0	0.32723059938094406	1.2237868469348832	0.0	0.0	0.0	0.32723059938094406	0.32723059938094406	0.0	0.0	4.522508174373394	0.0	0.0	0.5117155306487722	2.0371862803869054	0.0	0.0	0.0	0.6407910422887539	0.0	0.32723059938094406	1.1260694794993897	0.0	0.0	0.0	0.0	2.1035631880687897	0.0	1.1260694794993897	3.3071199830586773	1.7575372845641826	0.32723059938094406
SRR39238512	0.29171417786771564	1.260929741309059	0.0	0.0	0.0	0.0	0.0	1.4869152808390855	0.0	0.0	0.0	0.0	0.0	0.0	2.625646385969198	0.0	4.457242485655899	0.0	0.0	0.5880102412482462	0.0	0.0	0.0	0.5880102412482462	0.0	0.0	0.0	3.9481991062462973	0.0	0.0	0.29171417786771564	0.0	0.0	0.0	0.0	0.0	0.0	0.0	0.0	0.0	0.0	0.0	0.0	0.0	0.0	1.9769937456891928	0.0	0.6839672440075297	1.1864856094723508	0.0	0.0	0.0	0.0	0.0	0.0	0.0	0.0	0.0	0.29171417786771564	0.0	0.6839672440075297	0.0	0.0	0.0	0.0	0.0	0.5880102412482462	0.0	1.9209046112058155	0.0	0.0	0.0	3.8510435580344002	0.29171417786771564	4.650416337532394	0.0	0.0	0.0	0.0	0.0	0.0	0.0	0.0	0.0	0.0	0.0	0.0	0.0	0.0	0.0	0.0	0.0	0.0	0.0	3.1858386752382306	0.0	0.0	0.29171417786771564	0.0	0.5880102412482462	0.0	0.0	0.0	0.0	0.0	0.0	0.0	0.0	0.0	0.0	0.4646552224590844	0.4646552224590844	0.0	0.0	0.0	0.0	0.0	0.29171417786771564	0.0	0.29171417786771564	0.0	0.0	0.0	0.0	0.0	0.0	0.0	0.0	0.0	0.0	0.0	0.0	0.0	0.0	0.0	0.0	0.0	0.8290035582020989	0.6839672440075297	0.0	0.0	0.4646552224590844	0.29171417786771564	0.0	0.0	0.0	0.0	0.0	0.0	0.0	0.5880102412482462	0.0	0.0	0.0	0.0	0.0	0.0	0.0	1.0243033421717809	0.0	0.0	0.0	0.0	0.0	0.0	0.0	0.0	0.0	0.0	0.0	0.0	0.0	0.0	0.0	3.512009596013895	0.0	3.0019579861377546	0.0	0.0	0.0
SRR39238513	0.0	0.0	0.0	0.0	0.0	0.0	0.0	0.6937534051956699	0.0	0.0	0.0	0.0	0.0	0.0	2.4972807106631922	0.0	4.785545868822234	0.0	0.0	0.2977769714880337	0.0	0.0	0.0	0.8973811037945814	0.0	0.0	0.0	3.682957194707518	0.0	0.0	0.0	0.0	0.0	0.0	0.0	0.0	0.0	0.0	0.0	0.0	0.0	0.0	0.0	0.0	0.0	1.8131130215686584	0.0	2.157867322878633	1.373954720966729	0.47277845178420763	0.0	0.0	0.2977769714880337	0.0	0.0	0.7727159272171269	0.0	0.0	0.47277845178420763	0.0	0.2977769714880337	0.0	0.0	0.0	0.0	0.0	0.2977769714880337	0.0	2.502692294509012	0.0	0.0	0.0	1.0354598518788956	0.0	3.7439018188987823	0.0	0.0	0.0	0.0	0.0	0.0	0.0	0.0	0.0	0.0	0.0	0.0	0.0	0.0	0.0	0.0	0.0	0.0	0.0	1.425076798848521	0.0	0.0	0.0	0.0	0.0	0.0	0.0	0.0	0.0	0.0	0.0	0.0	0.0	0.0	0.0	0.8973811037945814	2.5616889086462127	0.0	0.0	0.0	0.0	0.0	0.0	0.0	0.0	0.0	0.0	0.0	0.0	0.0	0.0	0.0	0.0	0.0	0.0	0.0	0.0	0.0	0.0	0.0	0.0	0.0	0.0	0.0	0.0	0.0	0.2977769714880337	0.0	0.0	0.0	0.0	0.0	0.0	0.0	0.0	0.9484424012595732	0.0	0.0	0.0	0.0	0.0	0.0	0.0	1.771730303624473	0.0	0.0	0.0	1.1980004360516363	0.0	0.0	0.0	0.2977769714880337	0.0	0.0	0.0	0.0	0.0	0.0	0.0	4.172389258154103	0.0	3.9139587561548144	0.0	0.0	0.0
SRR39238514	0.2992084600725339	0.0	0.0	0.0	0.0	0.0	0.0	3.236650946849156	0.0	0.2992084600725339	0.0	0.0	0.0	0.2992084600725339	3.01003250639721	0.0	4.853832574521515	0.0	0.0	0.0	0.0	0.0	0.0	0.2992084600725339	0.4746908388639539	0.0	0.0	3.81812527647886	0.0	0.0	0.2992084600725339	0.0	0.0	0.0	0.0	0.0	0.5993248149221471	0.0	0.0	0.0	0.0	0.0	0.0	0.0	0.0	3.2198473889764463	0.0	1.6092225220074763	1.2975625201962473	0.899897268394548	0.0	0.0	0.0	0.0	0.0	1.4114635867828091	0.0	0.0	0.2992084600725339	0.0	0.696051868893628	0.0	0.0	0.0	0.0	0.0	1.4114635867828091	0.0	2.5669020516285563	0.0	0.0	0.0	1.899485067877075	0.0	3.5496263282952696	0.0	0.0	0.0	0.0	0.0	0.0	0.5993248149221471	0.0	0.0	0.0	0.0	0.0	0.0	0.0	0.0	0.0	0.0	0.0	0.0	1.6953925774306031	0.0	0.0	0.0	0.0	0.4746908388639539	0.0	0.0	0.0	0.0	0.0	0.0	0.0	0.0	0.0	0.0	1.2752957690201767	0.0	0.0	0.0	0.0	0.0	0.0	0.5993248149221471	0.0	0.0	0.0	0.0	0.0	0.0	0.4746908388639539	0.0	0.0	0.0	0.0	0.0	0.0	0.0	0.0	0.0	0.0	0.0	0.0	0.0	1.8352514764854948	0.0	0.0	0.2992084600725339	0.2992084600725339	0.0	0.0	0.4746908388639539	0.0	0.0	0.0	0.0	1.2975625201962473	0.0	0.0	0.0	0.0	0.0	0.0	0.0	2.2796695793831083	0.0	0.0	0.4746908388639539	2.525276803351182	0.0	0.0	0.0	0.2992084600725339	0.0	0.0	0.775111099415748	0.0	0.2992084600725339	0.0	0.0	3.5694540195560944	0.0	3.689637156556919	1.110574527511311	0.0	0.2992084600725339
SRR39238515	0.0	0.2941203841597209	0.0	0.46788379227966576	0.0	0.0	0.0	2.4926181978398376	0.0	0.0	0.0	0.0	0.0	0.0	2.573816609863528	0.0	4.9108497373567195	0.0	0.0	0.0	0.0	0.0	0.0	1.7187249088010939	0.0	0.0	0.0	2.6093520612682406	0.0	0.0	0.0	0.2941203841597209	0.0	0.0	0.0	0.0	0.0	0.0	0.0	0.0	0.0	0.0	0.0	0.0	0.0	2.176492088171715	0.0	0.2941203841597209	1.2421273468949035	0.46788379227966576	0.0	0.0	0.0	0.0	0.0	1.4015865638541483	0.0	0.0	0.0	0.0	0.0	0.0	0.0	0.0	0.0	0.0	3.1676361591328814	0.0	2.560138083058227	0.0	0.0	0.0	3.0770436235842142	0.0	2.846426598289237	0.0	0.0	0.0	0.0	0.0	0.0	0.0	0.0	0.0	0.0	0.0	0.0	0.0	0.0	0.0	0.0	0.0	0.0	0.0	0.8909250539791834	0.0	0.0	0.0	0.0	0.7665733922817566	0.0	0.0	0.2941203841597209	0.0	0.0	0.0	0.0	0.0	0.0	0.0	0.9418817083010756	0.0	0.0	0.2941203841597209	0.0	0.0	0.0	0.7665733922817566	0.0	0.0	0.0	0.0	0.0	0.0	0.6878612354379998	0.0	0.0	0.0	0.0	0.0	1.0664284434476774	0.0	0.0	0.0	0.0	0.0	0.0	0.7665733922817566	1.1332071240768817	0.0	0.0	0.0	0.0	0.0	0.0	0.0	0.2941203841597209	0.0	0.0	0.0	0.7665733922817566	0.0	0.0	0.0	0.6878612354379998	0.0	0.5916539075924863	0.0	3.0223116331739956	0.0	0.0	0.0	3.5279018980352896	0.0	0.0	0.0	0.0	0.0	0.0	0.0	0.0	0.0	0.0	0.0	3.36483615923109	0.0	3.4017154819825066	0.0	0.2941203841597209	0.2941203841597209
SRR39238516	0.4577341088400846	0.0	0.0	0.2865713743661954	0.5801874492510597	1.2028202639997057	0.0	1.1188812606827938	0.0	0.2865713743661954	1.0522948296774026	0.8774624763045773	0.0	0.0	4.579218510294019	0.0	4.225255363572563	0.0	0.0	1.3520622598099576	0.0	0.0	1.1766027423305507	2.0463874076415824	0.0	0.0	0.0	0.0	0.0	0.0	0.0	0.2865713743661954	0.2865713743661954	0.0	1.2275447863421947	0.5801874492510597	0.0	0.0	0.0	0.2865713743661954	0.4577341088400846	0.0	0.0	0.0	0.0	2.483895718060682	0.0	0.4577341088400846	1.7035417633621472	0.5801874492510597	0.0	0.4577341088400846	0.0	0.0	0.0	0.6755993684743761	0.0	0.0	0.2865713743661954	0.0	0.2865713743661954	0.0	0.0	0.0	0.0	0.0	3.5016892773146115	0.0	2.094665181158743	0.0	0.0	0.0	0.8774624763045773	0.5801874492510597	1.3520622598099576	0.0	0.2865713743661954	0.0	0.0	0.0	0.0	0.9736175838958578	0.0	0.0	0.0	0.0	0.0	0.0	0.0	0.0	0.0	0.0	0.0	0.0	3.731841119309132	0.5801874492510597	0.0	0.0	0.0	1.4487193186551175	0.0	0.0	0.2865713743661954	0.0	0.0	0.0	0.0	0.0	0.0	0.0	1.1188812606827938	0.4577341088400846	0.0	0.4577341088400846	0.2865713743661954	0.0	0.0	1.4766847806871857	0.0	0.0	0.0	0.0	0.0	0.0	0.928195768864435	0.0	0.7537790066871455	0.0	0.0	0.0	0.928195768864435	0.0	0.4577341088400846	0.2865713743661954	0.0	0.0	0.0	1.5624290439705553	2.691628371500608	0.2865713743661954	0.0	1.7035417633621472	1.1487002568456803	0.0	1.1766027423305507	0.7537790066871455	0.5801874492510597	0.0	0.5801874492510597	0.0	1.9531729123824155	0.0	0.0	0.0	0.4577341088400846	1.2942509042159713	0.0	0.0	3.5540182138472054	0.0	0.0	0.5801874492510597	0.2865713743661954	0.0	0.0	0.0	0.8200089452214059	0.0	0.0	0.0	0.0	0.7537790066871455	0.0	0.0	4.392107590743702	0.0	3.41759854297131	0.4577341088400846	1.8161173691572012	1.1487002568456803
SRR39238517	0.0	2.2553962568492585	0.0	0.0	0.27664616284008164	0.0	0.0	1.8798262117583842	0.0	0.0	0.27664616284008164	0.0	0.0	0.0	2.2195804883149544	0.0	4.503022506149032	0.0	0.0	0.444295451517963	0.0	0.0	0.0	3.0220763899494174	0.27664616284008164	0.0	0.0	0.7367161202761723	0.0	0.0	0.444295451517963	0.0	0.0	0.0	0.7367161202761723	0.0	0.0	0.0	0.0	0.0	0.0	0.0	0.0	0.0	0.0	3.699063307697553	0.0	2.793713103626349	1.7430309237650874	0.8024189546418297	0.0	0.444295451517963	0.27664616284008164	0.0	0.27664616284008164	3.4598063807484656	0.0	0.0	0.5649508579216771	0.0	1.691110979115023	0.0	0.0	0.0	0.0	0.27664616284008164	1.7830725252936739	0.0	1.9631352005172025	0.444295451517963	0.0	0.0	0.27664616284008164	0.0	4.711928019544954	0.0	0.0	0.0	0.0	0.0	0.0	0.0	0.0	0.0	0.0	0.0	0.0	0.0	0.0	0.0	0.0	0.0	0.0	0.0	2.7804487151364854	0.0	0.0	0.0	0.0	0.27664616284008164	0.0	0.0	1.157216046461696	0.0	0.0	0.0	0.0	0.0	0.0	0.0	0.8024189546418297	1.2313279783550413	0.0	0.0	0.0	0.0	0.0	0.8024189546418297	0.0	0.0	0.0	0.0	0.0	0.0	0.0	0.0	0.0	0.0	0.0	0.0	0.0	0.0	0.444295451517963	0.0	0.0	0.0	0.0	1.2745284483799446	0.8024189546418297	0.0	0.0	0.5649508579216771	0.0	0.0	0.27664616284008164	0.0	0.0	0.0	0.0	0.0	1.1294074024389977	0.0	0.0	0.0	0.27664616284008164	0.0	0.0	0.0	1.975589229920446	0.0	0.0	0.0	0.0	0.0	0.0	0.0	0.0	0.0	0.444295451517963	0.7367161202761723	0.0	0.0	0.0	0.0	3.1544771587801366	0.0	1.1294074024389977	0.0	0.27664616284008164	0.27664616284008164
SRR39238518	0.0	0.0	0.0	0.0	0.0	0.0	0.0	2.4273760283041343	0.0	0.0	0.0	0.0	0.0	0.0	2.376602426474706	0.0	4.832590141030531	0.0	0.0	0.0	0.0	0.0	0.0	0.43717418445607087	0.0	0.0	0.0	3.071239712774822	0.0	0.0	0.0	0.0	0.0	0.0	0.0	0.0	0.0	0.0	0.0	0.0	0.0	0.0	0.0	0.0	0.0	3.586106896624447	0.0	2.8450281205226697	0.7930285130188006	0.43717418445607087	0.0	0.0	0.0	0.0	0.0	1.0894239063274065	0.0	0.0	0.0	0.0	0.5568509323976025	0.0	0.0	0.0	0.0	0.0	0.6505728752520027	0.0	2.8412405746344156	0.0	0.0	0.0	3.5798028871600587	0.0	3.509288666370521	0.0	0.0	0.0	0.0	0.0	0.0	0.9001192627170839	0.0	0.0	0.0	0.0	0.0	0.0	0.0	0.0	0.0	0.0	0.0	0.0	1.8688052662595014	0.0	0.0	0.0	0.0	0.2714194149715496	0.0	0.0	0.0	0.0	0.0	0.0	0.0	0.0	0.0	0.0	0.7276156648499854	0.0	0.0	0.0	0.0	0.0	0.0	0.9001192627170839	0.0	0.2714194149715496	0.0	0.0	0.0	0.0	0.0	0.0	0.0	0.0	0.0	0.0	1.3724103960313772	0.0	0.0	0.0	0.0	0.0	0.0	0.5568509323976025	0.0	0.0	0.0	0.2714194149715496	0.0	0.0	0.0	0.0	0.0	0.0	0.0	0.0	0.2714194149715496	0.0	0.0	0.0	0.0	0.0	0.0	0.0	1.1975317128567644	0.0	0.0	0.0	2.0183416689062024	0.43717418445607087	0.0	0.0	0.2714194149715496	0.0	0.0	0.43717418445607087	0.0	0.0	0.0	0.0	3.68611256178193	0.0	3.9419490779090927	0.0	0.0	0.0
SRR39238519	0.0	1.8407964554064726	0.0	0.0	0.6133135885968205	0.30856470077099624	0.0	0.7906374351881658	0.0	1.8472337906521532	4.228829487816568	0.0	0.0	0.0	2.5062552288709616	0.0	4.289744324081014	0.0	0.0	1.5058285809422134	0.0	0.0	0.48713875624056974	1.9925098940293922	0.0	0.0	0.0	1.1600186216470811	0.0	0.0	0.0	0.0	0.0	0.0	0.48713875624056974	0.48713875624056974	0.0	0.0	0.0	0.30856470077099624	1.0928965300327724	0.0	0.0	0.0	0.0	3.2222968409351296	0.0	1.5708352559610517	0.6133135885968205	0.6133135885968205	0.0	0.7906374351881658	0.30856470077099624	0.0	0.0	1.9879124970893716	0.0	0.0	0.7906374351881658	0.0	0.9161911561966697	0.0	0.30856470077099624	0.0	0.0	0.0	4.657869814028985	0.0	2.409333370189431	0.0	0.0	0.0	0.857935751103664	0.30856470077099624	3.5010831163624223	0.0	0.6133135885968205	0.0	0.0	0.0	0.0	0.0	0.0	0.0	0.0	0.0	0.0	0.0	0.0	0.0	0.0	0.0	0.0	0.0	2.044187410373518	0.30856470077099624	0.0	0.0	0.0	0.30856470077099624	0.0	0.0	0.0	0.0	0.0	0.0	0.0	0.0	0.0	0.48713875624056974	0.7109635738370994	0.48713875624056974	0.7109635738370994	0.6133135885968205	0.0	0.0	0.0	1.519631686618185	0.30856470077099624	0.7109635738370994	0.0	0.0	0.0	0.0	1.0928965300327724	0.0	0.0	0.0	0.0	0.0	1.895561215977975	0.0	0.0	0.0	0.0	0.48713875624056974	0.0	0.7109635738370994	1.1900519460099301	0.0	0.0	1.1600186216470811	0.9675484800737849	0.0	1.2181419986917406	0.0	0.48713875624056974	0.0	0.0	0.0	1.820891346076317	0.0	0.0	0.0	0.30856470077099624	0.0	0.0	0.0	3.7204596345258873	0.0	0.0	0.0	0.0	0.0	0.0	0.0	0.30856470077099624	0.0	0.0	0.7109635738370994	0.0	0.0	0.0	0.6133135885968205	3.3288010052801864	0.0	2.300422119262508	1.6867261741643829	1.412293052176004	0.0
SRR39238520	0.0	2.887352235233999	0.0	0.5947775986197599	0.2961886605376844	0.0	0.0	0.0	0.0	0.2961886605376844	0.5947775986197599	0.0	0.0	0.0	2.199838547204801	0.0	4.8098989495739755	0.0	0.0	1.2460819805846521	0.0	0.0	0.0	2.819581112631882	0.0	0.0	0.0	0.9455980214476785	0.0	0.0	0.0	0.0	0.0	0.0	0.0	0.0	0.0	0.0	0.0	0.2961886605376844	0.0	0.0	0.0	0.0	0.0	4.203169747435914	0.0	0.4706540733291641	2.406940986101241	0.6911977493153084	0.2961886605376844	0.0	0.0	0.0	0.2961886605376844	2.3366600806269133	0.0	0.0	0.5947775986197599	0.0	0.2961886605376844	0.0	0.0	0.0	0.0	0.0	2.8971484883759	0.0	2.51920858467037	0.0	0.0	0.0	2.9702764342550134	0.0	2.4264614675340166	0.0	0.0	0.0	0.0	0.0	0.0	0.0	0.0	0.0	0.0	0.4706540733291641	0.0	0.0	0.0	0.0	0.0	0.0	0.0	0.0	3.4782522839876115	0.770052113251696	0.2961886605376844	0.2961886605376844	0.0	0.770052113251696	0.0	0.0	0.0	0.0	0.0	0.0	0.0	0.0	0.0	0.0	0.4706540733291641	0.4706540733291641	0.0	0.4706540733291641	0.0	0.0	0.0	0.991246359611486	0.0	0.0	0.0	0.0	0.0	0.0	0.4706540733291641	0.0	0.0	0.0	0.0	0.0	0.4706540733291641	0.0	0.0	0.0	0.0	0.0	0.0	0.2961886605376844	0.8945819009292397	0.0	0.0	0.0	0.0	0.0	0.0	0.2961886605376844	0.0	0.0	0.0	0.0	0.770052113251696	0.0	0.0	0.0	0.4706540733291641	0.0	0.0	0.0	3.116726224591942	0.0	0.0	0.0	0.0	0.0	0.0	0.0	0.0	0.0	0.0	0.0	0.0	0.0	0.0	0.0	3.4699852498201746	0.0	3.5549314989727434	0.0	0.2961886605376844	0.6911977493153084
SRR39238521	1.11098652256114	1.6096581451391163	0.0	1.3191682668939508	0.0	1.191977687485164	0.0	1.675078102540861	0.0	2.5837663622285887	2.049902759326173	0.0	0.0	0.0	2.7353180375134776	0.0	4.072476883842776	0.3661487418990479	0.0	1.7424488415682602	0.0	0.0	0.9513955516533737	3.217167425292349	0.5619434914169159	0.0	0.3661487418990479	2.200030256808577	0.0	0.0	0.0	0.0	0.7989356945200963	0.0	1.650079831056939	1.260212673782683	2.366643650756954	0.3661487418990479	0.0	0.881821712761056	1.98360074422687	0.0	0.0	0.0	0.0	4.246198241431099	0.0	3.4512861376516892	4.419292799732882	1.4388689194533155	0.0	0.3661487418990479	0.0	0.0	1.7915677988777783	2.0342518581213285	0.0	0.0	0.5619434914169159	0.0	2.4134486856397537	0.0	0.0	0.0	0.0	0.0	3.964016463262241	0.5619434914169159	3.2108465006390117	0.3661487418990479	0.0	0.0	1.6096581451391163	0.7989356945200963	2.9758921318904985	0.3661487418990479	0.9513955516533737	0.5619434914169159	0.0	0.0	0.0	0.3661487418990479	0.0	0.0	0.3661487418990479	0.0	0.0	0.0	0.5619434914169159	0.0	0.0	0.0	0.0	1.0113474093748231	3.768995821979467	1.650079831056939	0.0	0.6964085836259676	0.7989356945200963	0.5619434914169159	0.0	0.0	0.0	0.0	0.0	0.0	0.0	0.0	0.0	1.0640182153295192	1.912410614084951	1.1533673711393377	1.8680227273101448	1.5804563296483272	0.881821712761056	0.0	0.5619434914169159	0.881821712761056	0.3661487418990479	1.0113474093748231	0.0	0.0	0.7989356945200963	0.0	2.1118760337744447	0.0	0.3661487418990479	0.0	0.0	0.0	2.8152465869337657	0.0	0.5619434914169159	0.0	0.0	0.3661487418990479	0.0	2.231500564519778	2.515757991920505	0.7989356945200963	0.3661487418990479	1.6987154384263707	1.4593047366938263	1.497499753013243	1.6096581451391163	1.5326054862293095	1.0640182153295192	0.0	0.0	0.0	1.3948644859805135	0.0	0.3661487418990479	0.0	0.9513955516533737	1.5326054862293095	0.881821712761056	0.0	1.0640182153295192	0.5619434914169159	0.0	0.0	2.0342518581213285	0.6964085836259676	0.3661487418990479	1.1533673711393377	0.0	0.0	0.0	0.0	0.0	0.0	0.5619434914169159	1.8007584792247333	4.105665436074327	0.0	2.6966400016329133	1.478822003051412	2.4616936810887076	1.8097586872953626
SRR39238522	0.0	2.5256875369739378	0.0	0.0	0.0	0.0	0.0	2.7372437157703904	0.0	1.4187038981081057	0.3215380928735046	0.811812421937423	0.0	0.0	3.488320049541176	0.0	4.755709533219685	0.0	0.0	3.8397014098105244	0.0	0.0	0.0	2.1921098476377168	0.0	0.0	0.0	1.0362446506474776	0.0	0.0	0.0	0.0	0.0	0.0	0.0	0.0	0.3215380928735046	0.0	0.0	0.0	0.3215380928735046	0.0	0.0	0.0	0.0	3.936833038406281	0.0	1.9639144168277625	1.4001508533626577	0.811812421937423	0.0	0.3215380928735046	0.0	0.0	0.0	2.1366948136337083	0.0	0.0	0.5042556815694355	0.0	1.4364967231350037	0.0	0.0	0.0	0.0	0.0	3.4836533692645704	0.0	2.7372437157703904	0.0	0.0	0.0	3.2730649945472416	0.0	3.6191785128006915	0.0	0.0	0.0	0.0	0.0	0.0	0.0	0.0	0.0	0.0	0.0	0.0	0.0	0.0	0.0	0.0	0.0	0.0	0.0	3.4464460914186303	0.3215380928735046	0.0	0.0	0.0	0.0	0.0	0.0	0.0	0.0	0.0	0.0	0.0	0.0	0.0	0.0	1.15107871552445	0.0	0.3215380928735046	0.0	0.0	0.0	0.0	0.5042556815694355	0.0	0.0	0.0	0.0	0.0	0.0	0.5042556815694355	0.0	0.0	0.0	0.0	0.0	2.366246460047613	0.0	0.0	0.0	0.0	0.0	0.0	0.7313336502844663	1.5704423680987603	0.3215380928735046	0.0	1.3168245869789972	0.9383676330560151	0.0	0.7313336502844663	0.0	0.7313336502844663	0.0	0.0	0.0	1.1834752043326406	0.0	0.0	0.0	0.6324700512184359	0.7313336502844663	0.0	0.0	2.366246460047613	0.0	0.0	0.0	2.0128115336928727	0.3215380928735046	0.0	0.0	1.3168245869789972	0.0	0.0	1.11606937229494	0.0	0.0	0.0	0.0	3.570279681484674	0.0	3.252255389331255	2.3140453772863534	1.11606937229494	0.7313336502844663
SRR39238523	0.0	3.273636353991124	0.0	1.7251025506149071	0.8157541950011475	0.5074595730363305	0.0	1.7599329316342567	0.32398009897191027	0.32398009897191027	0.5074595730363305	1.4903848515665503	0.0	0.5074595730363305	2.8549147417507497	0.32398009897191027	4.6747984435090935	0.0	0.7351297126563489	1.2179953570308697	0.0	0.6360458124250751	1.4231840049484077	2.7730223473240363	1.187828279880403	0.0	0.0	2.659542049155709	0.5074595730363305	0.32398009897191027	0.32398009897191027	0.5074595730363305	0.0	0.0	0.8837289391745553	0.8837289391745553	1.8074423215075002	0.0	0.6360458124250751	0.6360458124250751	0.8837289391745553	0.0	0.0	0.0	0.5074595730363305	4.1520903936439435	0.0	1.4745341401173122	2.4628870203306774	1.7682209145464027	0.0	0.0	0.0	0.0	0.9424902584673056	2.0265761404813762	0.0	0.0	0.5074595730363305	0.0	1.4903848515665503	0.0	0.0	0.32398009897191027	0.0	0.0	1.799876300246795	0.5074595730363305	3.020594236055274	0.0	0.32398009897191027	0.9942402407182476	1.99851785802637	0.32398009897191027	0.0	0.6360458124250751	1.4409839228475536	0.5074595730363305	0.0	0.0	1.187828279880403	0.32398009897191027	0.0	0.5074595730363305	0.0	0.5074595730363305	0.0	0.32398009897191027	0.0	0.0	0.6360458124250751	0.0	0.0	0.8837289391745553	3.9936938768804504	0.9942402407182476	0.7351297126563489	0.32398009897191027	0.32398009897191027	0.5074595730363305	0.0	0.32398009897191027	0.0	0.0	0.0	0.0	0.0	0.0	0.32398009897191027	0.32398009897191027	1.8434131545365384	0.6360458124250751	0.7351297126563489	1.8074423215075002	0.0	0.0	0.0	0.9424902584673056	0.9424902584673056	1.5204496561399372	0.0	0.0	1.901489589476872	0.0	1.2726885700579111	0.8837289391745553	0.0	0.0	1.364937852275949	0.0	3.9844620462420135	0.0	0.0	0.0	1.2726885700579111	0.9942402407182476	0.0	1.3436468292510664	1.9527078134225708	0.8837289391745553	0.5074595730363305	1.8954071126958663	2.057172262889426	1.8434131545365384	1.458082929591309	1.3212579750725846	1.6872332875321157	0.0	1.7340755080258003	0.32398009897191027	3.4665003499999516	0.0	0.8157541950011475	0.32398009897191027	1.0822579842626663	1.5056773630876215	0.6360458124250751	0.0	1.1203714367929432	0.7351297126563489	0.0	0.0	1.0822579842626663	0.32398009897191027	1.2726885700579111	0.6360458124250751	1.187828279880403	0.0	1.2976518900954865	0.0	0.0	0.0	0.0	0.0	3.5578193623682433	0.0	3.1454294150910456	1.2179953570308697	0.5074595730363305	2.0529311588755452
SRR39238524	1.276439448098601	2.235930858418265	0.0	0.8191124519220128	0.0	0.0	0.0	2.278887237702525	0.7383648299815176	0.0	0.326067251682889	1.0858929605283303	0.326067251682889	0.326067251682889	2.510948525214235	0.0	4.811147119816183	0.0	0.0	1.0440771061206657	0.0	0.0	0.6390946091673778	2.0936171136644512	0.326067251682889	0.0	0.0	2.9511985501756506	0.0	0.0	0.0	0.0	0.0	0.0	0.0	0.0	0.6390946091673778	0.0	0.0	0.0	0.7383648299815176	0.0	0.0	0.0	0.0	3.5134811611232784	0.0	1.1915337162214321	2.6979409775939884	1.5914589968792705	0.326067251682889	0.0	0.0	0.0	0.5101934633104865	1.6496159742722534	0.0	0.0	0.5101934633104865	0.0	1.9054015066600904	0.0	0.0	0.0	0.0	0.0	1.276439448098601	0.7383648299815176	2.0975158674163654	0.0	0.0	0.326067251682889	2.6096842227641197	0.5101934633104865	0.5101934633104865	0.0	0.5101934633104865	0.0	0.0	0.0	0.0	0.9460012471061059	0.0	0.0	0.0	0.0	0.0	0.0	0.0	0.0	0.326067251682889	0.0	0.0	0.0	2.6840865168098635	0.326067251682889	0.0	0.0	0.0	1.6708602695477888	0.0	0.0	0.7383648299815176	0.0	0.0	0.0	0.0	0.0	0.0	0.0	1.3474294465978145	0.0	1.0440771061206657	0.326067251682889	0.326067251682889	0.9460012471061059	0.0	0.326067251682889	0.326067251682889	0.0	0.0	0.0	0.6390946091673778	0.0	1.1915337162214321	0.5101934633104865	0.0	0.0	0.6390946091673778	0.0	2.2763234161326085	0.0	0.0	0.0	0.7383648299815176	0.0	0.0	0.9460012471061059	1.2217179740640447	0.0	0.0	0.9978018481193811	0.8871746326849232	0.6390946091673778	0.6390946091673778	0.7383648299815176	0.6390946091673778	0.0	0.326067251682889	0.0	2.362352930308806	0.0	0.0	0.0	0.0	0.8191124519220128	0.9460012471061059	0.326067251682889	1.6156640487957579	0.8871746326849232	0.0	0.0	1.5524171168703036	0.5101934633104865	0.5101934633104865	0.0	1.5385822265826208	0.0	0.0	0.0	0.0	0.326067251682889	0.0	0.0	3.917582657764083	0.0	4.1853949453873405	0.326067251682889	0.0	1.3250311323214952
SRR39238525	0.9851801537895831	2.9388645656202783	1.4108744171468333	2.370960585076392	0.7746010840382016	2.750474310325529	0.0	1.3894845922345123	0.6733310194229258	2.050769915019953	2.0555263365090313	3.0229879773853248	1.1263873418160395	2.1130403065359564	2.8536775119154094	0.3498189680314593	4.5372033395641225	2.0694908111199544	1.2327737209670484	2.717761019355874	0.0	0.7746010840382016	2.508967047628025	3.0496824180948576	0.3498189680314593	0.0	1.9488184994722721	1.8975207194987607	0.0	0.7746010840382016	0.3498189680314593	0.8566649015683985	0.9256590195254549	0.0	1.9427279871433878	1.5368143964884877	3.0105758803809017	0.0	1.3181595843766027	0.8566649015683985	2.4521173188438596	0.9851801537895831	0.0	0.5410268248853244	0.3498189680314593	4.3923672873812105	0.8566649015683985	2.2710703889440627	3.38196941581542	2.347455068779081	1.3432588476614318	0.7746010840382016	1.807042245113587	1.2327737209670484	2.517214189943142	2.483242141162231	0.5410268248853244	0.5410268248853244	2.9795924705052195	0.0	2.0740476054621295	0.3498189680314593	0.0	1.3181595843766027	1.2915202968322141	1.1648187154362364	2.884202161885371	1.8620819348501008	2.596175382180302	1.1263873418160395	0.7746010840382016	1.6926155055646803	2.497151440816192	1.8620819348501008	4.00650295602341	1.4312600191450309	2.250429039888047	0.0	0.0	0.0	1.634324049016889	1.2915202968322141	0.0	1.890660539926687	1.5043988618966444	2.04596082351478	0.3498189680314593	0.7746010840382016	0.0	0.0	1.4872361922945365	0.3498189680314593	0.0	1.4108744171468333	3.0229879773853248	1.7535866309005221	1.263139576254825	0.7746010840382016	1.5368143964884877	1.5951812151788403	1.3432588476614318	0.0	1.2915202968322141	0.0	0.3498189680314593	0.0	0.3498189680314593	0.3498189680314593	1.4312600191450309	1.8314894217869124	1.8766062706961797	1.7899444852602204	1.608624653397106	2.9133782597703237	0.3498189680314593	0.0	1.0375183327105082	2.04596082351478	2.171131746957093	2.3954270961650432	1.4872361922945365	1.5043988618966444	2.8288897081616793	0.8566649015683985	2.347455068779081	2.397584465005128	0.0	0.7746010840382016	1.520908994035247	0.3498189680314593	1.5043988618966444	1.4507314786460208	0.0	0.8566649015683985	1.9836699708360934	2.0555263365090313	0.0	1.772145918580571	2.454011257883971	1.2915202968322141	0.6733310194229258	2.8566788269688805	2.276792104146207	2.1601185065363975	2.7957724540407805	1.9723607418535976	1.5043988618966444	1.263139576254825	1.9836699708360934	1.5043988618966444	2.3932589570165583	1.1648187154362364	1.3432588476614318	0.8566649015683985	1.7139045952743088	2.410308355894792	1.4312600191450309	0.3498189680314593	1.4872361922945365	1.5669775917129196	0.0	0.9851801537895831	1.4693672740300894	2.30698114091982	2.2652722841211403	1.7341986802327118	2.100427765693074	0.6733310194229258	0.5410268248853244	0.3498189680314593	0.6733310194229258	0.0	1.1648187154362364	1.9109243015641755	3.3261013419984335	0.0	2.8973362067501114	2.676760218939356	2.3200390659547523	2.5766725259720396
SRR39238526	0.28940272905257136	2.2018790490464752	0.0	0.8825333147643681	0.0	1.1820570621629314	0.0	1.7327252540389253	0.0	1.424447973232856	1.1820570621629314	1.020015070647157	0.0	0.0	2.2710147722646825	0.28940272905257136	4.338833710500996	1.3199480570686195	0.4615480117921754	1.3199480570686195	0.0	0.0	0.8825333147643681	2.9751450454966353	0.0	0.0	0.4615480117921754	4.175304048741784	0.0	0.0	0.824970766651377	0.0	0.0	0.0	1.278665197613594	0.7585958492131574	1.6928945671670799	0.0	0.0	0.5845002334426315	1.299796972398011	0.0	0.0	0.0	0.0	4.269081554068544	0.0	1.1242806136139665	4.198206299715677	1.6581712412610707	0.4615480117921754	0.5845002334426315	0.0	0.0	1.020015070647157	2.391492103814292	0.0	0.0	0.680213961246721	0.0	1.2082972351484722	0.0	0.28940272905257136	0.0	0.4615480117921754	0.0	3.7265524225900823	0.680213961246721	3.340236017239211	0.4615480117921754	0.0	0.0	1.6204285072340727	0.824970766651377	3.63909426619182	0.5845002334426315	1.375333557403667	0.824970766651377	0.0	0.0	0.4615480117921754	0.0	0.0	0.5845002334426315	0.0	0.5845002334426315	0.0	0.5845002334426315	0.5845002334426315	0.0	0.0	0.0	0.0	0.8825333147643681	2.819693123199392	0.5845002334426315	0.28940272905257136	0.8825333147643681	0.4615480117921754	1.1820570621629314	0.0	0.0	0.0	0.0	0.0	0.0	0.0	0.0	0.4615480117921754	0.28940272905257136	1.868830670171729	0.680213961246721	1.1242806136139665	1.8156256390543963	0.4615480117921754	0.28940272905257136	0.680213961246721	1.6844705247307514	1.0576209889852435	1.092228491530673	0.0	0.0	1.0576209889852435	0.5845002334426315	1.5086164510165623	1.299796972398011	0.0	0.0	0.0	0.0	1.8459845635119647	0.4615480117921754	0.0	0.0	0.0	0.28940272905257136	0.0	1.5334005128458281	2.428297620249223	0.4615480117921754	0.0	2.0629839478942507	1.3923297073468681	1.299796972398011	1.357645075318387	0.8825333147643681	1.020015070647157	0.28940272905257136	1.020015070647157	0.0	0.824970766651377	0.28940272905257136	0.8825333147643681	0.680213961246721	1.092228491530673	1.851809745397098	0.824970766651377	0.0	1.725046007479332	1.2082972351484722	0.0	0.5845002334426315	1.0576209889852435	0.680213961246721	0.824970766651377	1.1242806136139665	1.2564523735125468	0.0	0.28940272905257136	0.28940272905257136	0.0	0.4615480117921754	0.0	0.8825333147643681	3.3542881570083933	0.28940272905257136	3.809831273528751	1.926087712398945	1.5897999217016048	2.262108403076695
SRR39238527	0.0	3.192257341796487	0.0	0.0	0.7851823549475394	0.0	0.3052623033189916	0.6083930857936926	0.0	0.3052623033189916	0.7851823549475394	0.48275521541986804	0.0	0.0	2.7424076621834828	0.0	4.82515531728658	0.0	0.0	0.7851823549475394	0.0	0.0	0.0	2.3663220232813265	1.2383816709994044	0.0	0.0	1.2383816709994044	0.0	0.0	0.0	0.0	0.0	0.0	0.0	0.48275521541986804	0.7057220394695463	0.0	0.0	0.6083930857936926	0.0	0.0	0.0	0.0	0.0	4.191863901362686	0.0	0.0	0.0	0.48275521541986804	0.0	0.0	0.48275521541986804	0.0	0.0	2.2684493152795047	0.0	0.0	1.1539554947746073	0.0	0.9617383315905665	0.0	0.0	0.0	0.0	0.0	3.415981353712325	0.0	2.2205601879690713	0.0	0.0	0.0	0.7057220394695463	2.187345462949156	2.2514141422452325	0.0	0.0	0.0	0.0	0.0	0.0	0.0	0.0	0.3052623033189916	0.0	0.48275521541986804	0.0	0.0	0.0	0.0	0.0	0.0	0.0	0.0	2.033650922540997	0.6083930857936926	0.3052623033189916	0.0	0.0	0.9104696763572734	0.0	0.0	0.0	0.0	0.0	0.0	0.0	0.0	0.0	0.0	0.7057220394695463	0.0	0.0	0.7851823549475394	0.0	0.0	0.0	1.6614508512877537	0.0	0.0	0.0	0.0	0.0	0.0	0.7851823549475394	0.0	0.48275521541986804	0.0	0.0	0.0	0.7057220394695463	0.0	0.0	0.0	0.0	0.0	0.0	0.0	3.117995832816245	0.3052623033189916	0.0	1.0490573723084085	0.6083930857936926	0.0	0.3052623033189916	0.0	0.48275521541986804	0.0	0.0	0.0	0.48275521541986804	0.0	0.0	0.0	0.0	0.0	0.0	0.0	3.251208807693367	0.0	0.0	0.3052623033189916	0.0	0.0	0.0	0.0	0.7057220394695463	0.0	0.3052623033189916	1.0075887060258688	0.0	0.0	0.0	0.0	3.2092690126995125	0.0	1.3882872624302374	3.4388182628086494	0.6083930857936926	0.6083930857936926
SRR39238528	0.0	1.8144950836785825	0.0	0.0	0.0	0.0	0.0	1.3689499826113007	0.0	0.6895895545366411	0.593271793054764	0.0	0.0	0.0	2.583768904237309	0.0	3.445067945137041	0.0	0.0	2.4796425721428563	0.0	0.0	0.0	2.131342968309262	0.0	0.0	0.0	0.8350397408780248	0.0	0.0	0.6895895545366411	0.0	0.0	0.0	0.0	0.0	0.0	0.0	0.0	0.0	0.2951910003757458	0.0	0.0	0.0	0.0	3.912057575750855	0.0	1.9278986557514342	2.5848697014633846	0.4693183510532526	0.0	0.0	0.0	0.0	0.0	1.4657607796650711	0.0	0.0	0.0	0.0	1.532650864286342	0.0	0.0	0.0	0.0	0.0	3.5203630507413317	0.0	1.8079669106060745	0.0	0.0	0.0	0.0	0.4693183510532526	1.79460858973747	0.0	0.0	0.0	0.0	0.0	0.0	0.0	0.0	0.0	0.0	0.0	0.0	0.0	0.0	0.0	0.0	0.0	0.0	0.0	4.1580645692707225	0.2951910003757458	0.0	0.0	0.0	0.0	0.0	0.0	0.0	0.0	0.0	0.0	0.0	0.0	0.0	0.0	0.4693183510532526	0.4693183510532526	0.593271793054764	0.0	0.0	0.0	0.0	1.8144950836785825	0.0	0.0	0.0	0.0	0.0	0.0	0.4693183510532526	0.0	0.0	0.0	0.0	0.0	4.796054912550922	0.0	0.0	0.2951910003757458	0.0	0.0	0.0	0.6895895545366411	1.6960462371034932	0.0	0.0	0.4693183510532526	0.0	0.2951910003757458	0.0	0.0	0.0	0.0	0.0	0.0	0.2951910003757458	0.0	0.0	0.593271793054764	0.0	0.0	0.0	0.0	3.1469146858071793	0.0	0.0	0.0	0.4693183510532526	0.0	0.0	0.4693183510532526	0.0	0.0	0.0	0.9438071696788087	0.0	0.0	0.0	0.0	3.022881895567524	0.0	2.6757958674577207	0.0	0.8928196427835133	0.0
SRR39238529	0.0	0.0	0.0	0.0	1.0843685114557857	0.0	0.0	1.9086755195718528	0.0	0.3038670909944648	0.9080428068711198	0.0	0.0	0.3038670909944648	2.3088238778784844	0.0	4.544832116855187	0.0	0.0	1.9740783009468728	0.0	0.0	0.0	4.214902278805062	0.0	0.0	0.0	0.3038670909944648	0.0	0.0	0.0	0.0	0.0	0.0	0.6063087142968586	0.0	0.3038670909944648	0.0	0.0	0.6063087142968586	0.0	0.0	0.0	0.0	0.0	2.9608560850109016	0.0	0.7828694981045609	0.9080428068711198	0.7828694981045609	0.0	0.3038670909944648	0.0	0.0	0.0	1.327607412769657	0.0	0.0	0.6063087142968586	0.0	0.0	0.0	0.0	0.0	0.0	0.8499503444820657	4.374221321992344	0.0	2.5396654527263136	0.0	0.0	0.0	1.510630122775027	0.0	0.6063087142968586	0.0	0.0	0.0	0.0	0.0	0.0	0.0	0.0	0.0	0.0	0.0	0.0	0.0	0.0	0.0	0.0	0.0	0.3038670909944648	0.0	3.0887952801858307	0.3038670909944648	0.0	0.0	0.0	0.0	0.0	0.0	0.0	0.0	0.0	0.0	0.0	0.0	0.0	0.0	0.4808999447741771	0.3038670909944648	0.3038670909944648	0.0	0.0	0.0	0.0	2.139153366550425	0.0	1.1513822622839411	0.0	0.0	0.0	0.0	0.9080428068711198	0.0	0.0	0.0	0.0	0.0	2.2335092312990024	0.0	0.0	0.0	0.0	0.0	0.0	1.0465373335191144	1.8184826773295932	0.0	0.0	0.8499503444820657	0.7828694981045609	1.0843685114557857	0.0	0.0	0.0	0.0	0.0	0.0	0.8499503444820657	0.0	0.0	0.0	0.3038670909944648	0.6063087142968586	0.0	0.0	3.6564475611079272	0.4808999447741771	0.0	0.0	0.3038670909944648	0.0	0.0	0.0	0.0	0.0	0.0	0.0	0.0	0.0	0.0	0.0	0.3038670909944648	0.0	4.10523239126455	0.0	1.20942442338531	0.3038670909944648
SRR39238530	0.0	2.323638763704612	0.0	0.0	0.0	0.0	0.0	0.8953637972798322	0.0	0.2966318748409211	0.0	0.2966318748409211	0.0	0.0	1.915544366846893	0.0	4.463110518284436	0.0	0.0	1.7906410639471246	0.0	0.0	0.0	3.11566969268204	0.0	0.0	0.0	3.044629264462708	0.0	0.0	0.0	0.0	0.0	0.0	0.0	0.0	0.0	0.0	0.0	0.0	0.4712471398510903	0.0	0.0	0.0	0.0	4.320618080664227	0.0	1.6146206636366698	1.105788636722981	0.9920510296049424	0.0	0.5954459940459802	0.0	0.0	0.0	1.3138031748676142	0.4712471398510903	0.0	0.7707961080419339	0.0	0.6919114718115451	0.0	0.4712471398510903	0.0	0.0	0.0	0.946392566790059	0.0	2.127944520523323	0.0	0.0	0.0	0.9920510296049424	0.0	4.608022925164695	0.0	0.0	0.0	0.0	0.0	0.2966318748409211	0.0	0.0	0.2966318748409211	0.0	0.0	0.0	0.0	0.0	0.0	0.0	0.0	0.0	0.0	2.1898723762510626	0.0	0.2966318748409211	0.0	0.0	0.0	0.0	0.0	0.0	0.0	0.0	0.0	0.0	0.0	0.0	0.0	0.2966318748409211	0.0	0.4712471398510903	0.0	0.0	0.0	0.0	0.2966318748409211	0.0	0.2966318748409211	0.0	0.0	0.0	0.0	0.0	0.0	0.0	0.0	0.0	0.0	0.2966318748409211	0.0	0.0	0.0	0.0	0.0	0.0	0.5954459940459802	0.4712471398510903	0.2966318748409211	0.0	0.0	0.0	0.0	0.0	0.0	0.0	0.0	0.0	0.0	3.068897409996206	0.0	0.0	0.0	0.2966318748409211	0.0	0.0	0.0	1.2469271977676215	0.0	0.0	0.0	0.4712471398510903	0.0	0.0	0.0	0.0	0.0	0.0	0.4712471398510903	0.0	0.0	0.0	0.0	2.748570405936271	0.0	2.572107180516091	0.0	0.2966318748409211	0.5954459940459802
SRR39238531	0.0	1.6669772255295736	0.0	0.0	1.36439835891822	0.0	0.0	0.5225384703057223	0.0	0.5225384703057223	0.8342176011560419	1.0602539504892374	0.0	0.0	2.0002418893464298	0.0	4.688455432272775	0.0	0.0	1.2667118340350865	0.0	0.0	0.0	1.968779590116159	1.3182959233635856	0.0	0.0	2.166341782269189	0.0	0.0	0.0	0.0	0.0	0.0	0.0	0.33553037560961757	0.33553037560961757	0.0	0.0	0.7529273154735496	0.0	0.0	0.0	0.0	0.0	4.4069812182323025	0.0	1.6669772255295736	0.902664601599606	2.0435350359327322	0.652834414007581	1.5558298246013942	0.33553037560961757	0.0	0.0	1.8288247908395636	0.0	0.0	0.8342176011560419	0.0	1.4060730681557652	0.0	0.0	0.0	0.0	0.0	3.921425668854448	0.0	1.8784248426645722	0.0	0.0	0.5225384703057223	1.727876685893739	0.0	1.9044156545828024	0.0	0.0	0.0	0.0	0.0	0.0	0.0	0.0	0.33553037560961757	0.0	0.0	0.0	0.0	0.0	0.0	0.0	0.0	0.5225384703057223	0.0	2.2213654796112094	0.5225384703057223	0.0	0.0	0.0	0.0	0.0	0.0	0.0	0.0	0.0	0.0	0.0	0.0	0.0	0.0	0.7529273154735496	0.0	1.013801324673339	1.0602539504892374	0.0	0.0	0.0	1.8648218708496724	0.0	0.652834414007581	0.0	0.0	0.0	0.0	1.3857354077274588	0.0	0.0	0.0	0.0	0.0	1.1022145562539816	0.0	0.0	0.0	0.0	0.0	0.0	0.0	1.871676613615756	0.0	0.0	1.238423964304971	0.5225384703057223	0.33553037560961757	0.0	0.33553037560961757	0.33553037560961757	0.0	0.0	0.0	0.0	0.0	0.652834414007581	0.0	0.9617783155804176	0.0	0.0	0.0	3.9151335235639597	0.0	0.0	0.0	0.7529273154735496	0.0	0.33553037560961757	0.0	1.0602539504892374	0.0	0.33553037560961757	1.013801324673339	0.0	0.0	0.0	0.0	2.9573609809916355	0.0	3.4139580757527024	0.902664601599606	1.238423964304971	0.5225384703057223
SRR39238532	1.1306941544597133	1.4517431476887357	0.0	0.7442561952374231	0.3298822438997501	0.6446500148933518	0.0	2.1046559295258787	0.0	1.0925039603709865	1.2567354710183176	1.0506288245738598	0.0	0.0	2.908922482206727	0.0	4.780017495595498	0.0	0.0	2.8687391767910353	0.0	0.0	0.3298822438997501	2.0143710831154866	0.0	0.0	0.0	3.4109515773826335	0.0	0.0	0.3298822438997501	0.0	0.0	0.0	0.6446500148933518	0.0	1.5984731929597873	0.0	0.0	0.3298822438997501	0.6446500148933518	0.3298822438997501	0.0	0.0	0.0	4.035267273122488	0.0	2.805549496239111	2.746881172296107	1.8403755522105412	0.0	0.0	0.3298822438997501	0.0	0.7442561952374231	2.538607522924493	0.0	0.0	0.6446500148933518	0.0	2.2345359381685603	0.0	0.0	0.0	0.0	0.0	2.2228668648403325	0.5151801331151443	2.2258136586456607	0.5151801331151443	0.3298822438997501	0.0	1.4339265178989011	0.3298822438997501	3.8583298905662335	0.0	1.0042809433629658	0.5151801331151443	0.0	0.0	0.0	0.0	0.0	0.0	0.0	0.0	0.3298822438997501	0.0	0.0	0.0	0.0	0.0	0.0	0.0	2.793003087508582	0.0	0.0	0.0	0.5151801331151443	0.8934452075637145	0.0	0.0	0.0	0.0	0.0	0.0	0.0	0.0	0.0	0.3298822438997501	1.375620629914649	0.0	0.6446500148933518	0.6446500148933518	0.0	0.0	0.3298822438997501	0.6446500148933518	0.0	0.6446500148933518	0.0	0.0	0.8934452075637145	0.0	1.516491866425522	0.0	0.6446500148933518	0.0	0.0	0.0	2.5255506886828387	0.0	0.0	0.0	0.0	0.0	0.0	1.198271332495406	2.1489049649231515	0.0	0.0	1.198271332495406	1.0042809433629658	0.7442561952374231	0.8934452075637145	0.0	0.3298822438997501	0.0	0.0	0.0	1.8612660800047962	0.0	0.5151801331151443	0.0	0.8934452075637145	1.0042809433629658	1.0925039603709865	0.0	0.7442561952374231	0.8252256318355589	0.0	0.0	0.0	0.3298822438997501	0.0	0.0	0.6446500148933518	0.0	0.0	0.0	0.0	0.0	0.0	0.3298822438997501	3.8926659400059993	0.0	3.2160385454302416	1.2832586924297227	1.3543056908712052	1.2832586924297227
SRR39238533	0.0	1.4559221085052103	0.0	0.5857031598127231	0.29019417473489567	0.29019417473489567	0.4626125695335209	0.8263534050288658	0.0	0.6815004980934458	1.5468608255078822	0.29019417473489567	0.0	0.0	2.91559495461441	0.0	4.744598136549915	0.0	0.0	0.9347878485143704	0.0	0.0	0.5857031598127231	1.694487137812418	0.29019417473489567	0.0	0.0	0.8263534050288658	0.0	0.0	0.0	0.29019417473489567	0.0	0.0	0.0	0.0	1.0591043587626965	0.0	0.0	0.0	0.0	0.0	0.0	0.0	0.0	4.108354331890149	0.0	3.4267653983839756	0.6815004980934458	0.759938374102503	0.0	0.0	0.0	0.0	0.0	3.393367011140105	0.0	0.0	1.4412246833344706	0.0	2.2726315573043774	0.0	0.0	0.0	0.0	0.0	3.6463486093778292	0.0	3.68519967376867	0.0	0.0	0.0	1.393889438793734	0.0	3.480758317170371	0.0	0.6815004980934458	0.0	0.0	0.0	0.0	0.759938374102503	0.0	0.0	0.0	0.0	0.0	0.0	0.0	0.0	0.0	0.0	0.0	0.0	1.7492844878202005	0.0	0.0	0.0	0.0	0.29019417473489567	0.0	0.0	0.0	0.0	0.0	0.0	0.0	0.0	0.29019417473489567	0.29019417473489567	0.5857031598127231	0.5857031598127231	0.0	0.0	0.0	0.0	0.0	1.0591043587626965	0.29019417473489567	0.0	0.0	0.0	0.0	0.0	0.29019417473489567	0.0	0.0	0.0	0.0	0.0	1.093722747634056	0.0	0.0	0.0	0.0	0.0	0.0	0.6815004980934458	0.5857031598127231	0.0	0.0	0.6815004980934458	0.6815004980934458	0.0	0.29019417473489567	0.0	0.29019417473489567	0.0	0.0	0.0	1.9514183547841157	0.0	0.0	0.0	0.29019417473489567	0.0	0.0	0.0	3.2908738481190367	0.29019417473489567	0.0	0.0	0.0	0.29019417473489567	0.0	0.0	0.0	0.0	0.0	0.759938374102503	0.0	0.0	0.0	0.0	3.720544604641706	0.0	3.1312717874194194	1.155640607593398	1.3768906646444243	0.29019417473489567
SRR39238534	0.0	1.6209860605015476	0.0	0.0	0.0	0.0	0.0	2.9191972768517345	0.0	0.0	0.0	0.0	0.0	0.0	2.0836950633050826	0.0	3.7671973711161653	0.0	0.0	1.5239573158389559	0.0	0.0	0.0	3.598263996476054	0.0	0.0	0.0	1.7433183986704124	0.0	0.0	0.3108386550006331	0.3108386550006331	0.0	0.0	2.7767635281408816	0.0	0.0	0.0	0.4901508481248322	0.0	0.0	0.0	0.0	0.0	0.0	3.120788999011866	0.0	1.8942088781759527	3.649009664977601	0.0	0.0	0.794378065634286	0.0	0.0	0.0	0.4901508481248322	0.0	0.0	0.0	0.0	1.3609600528917496	0.0	0.0	0.0	0.0	0.0	1.1318820486982253	0.0	1.9112519531507521	0.0	0.0	0.0	0.4901508481248322	1.717991035467557	1.1318820486982253	0.0	0.0	0.0	0.0	0.0	0.0	0.0	0.0	0.0	0.0	0.0	0.0	0.0	0.0	0.0	0.0	0.0	0.3108386550006331	1.3609600528917496	1.9056449147229078	0.3108386550006331	0.0	0.0	0.0	0.0	0.0	0.0	0.0	0.0	0.0	0.0	0.0	0.0	0.0	0.0	0.9201124434519239	0.0	0.0	0.3108386550006331	0.0	0.0	0.0	0.3108386550006331	0.0	0.0	0.0	0.0	0.0	0.0	0.0	0.0	0.0	0.0	0.0	0.0	0.0	0.0	0.0	0.0	0.0	0.0	0.0	1.3803027785489013	2.318158392062378	0.3108386550006331	0.0	0.4901508481248322	0.9201124434519239	0.0	0.0	0.0	0.0	0.0	0.0	0.0	2.0984237743647585	0.0	0.0	0.0	0.3108386550006331	0.0	0.0	0.0	1.7350389824555301	0.0	0.0	1.0969978887422682	0.3108386550006331	0.0	0.0	0.0	0.0	0.0	0.0	0.0	0.0	0.0	0.0	0.0	4.88151985880432	0.0	3.2139028893866923	0.0	0.3108386550006331	0.0
SRR39238535	0.0	2.2478109883438453	0.0	0.2835544396992496	0.0	0.0	0.0	2.6795551110005498	0.0	0.0	0.0	0.4536606747121484	0.0	0.0	2.1199121360262514	0.0	3.69096879948566	0.0	0.0	1.427994652501398	0.0	0.0	0.0	3.5541636064782836	0.0	0.0	0.0	1.456875845877902	0.0	0.0	0.0	0.0	0.0	0.0	1.1428797005730065	0.0	0.0	0.0	0.0	0.0	0.0	0.0	0.0	0.0	0.0	3.397939646792998	0.0	1.6810340648781958	3.205385600015384	0.2835544396992496	0.0	1.4426752849569964	0.0	0.0	0.0	0.2835544396992496	0.0	0.0	0.4536606747121484	0.0	1.567304869744361	0.0	0.0	0.0	0.0	0.0	1.5216504542447338	0.0	2.131886360587573	0.0	0.0	0.0	0.2835544396992496	1.937839421456429	0.0	0.0	0.0	0.0	0.0	0.0	0.0	0.0	0.0	0.0	0.0	0.0	0.0	0.0	0.0	0.0	0.0	0.0	0.0	0.0	1.5335218218321678	0.0	0.0	0.0	0.0	0.0	0.0	0.0	0.0	0.0	0.0	0.0	0.0	0.0	0.0	0.0	0.4536606747121484	0.0	0.0	0.0	0.0	0.0	0.0	0.4536606747121484	0.0	0.2835544396992496	0.0	0.0	0.0	0.0	0.0	0.0	0.0	0.0	0.0	0.0	0.0	0.0	0.0	0.0	0.0	0.0	0.0	0.6706613011950576	0.6706613011950576	0.0	0.0	0.9680193541265005	0.6706613011950576	0.0	0.0	0.0	0.0	0.0	0.0	0.0	1.9940473173004662	0.0	0.0	0.6706613011950576	0.2835544396992496	0.748622012654466	0.0	0.0	1.567304869744361	0.0	0.0	0.0	0.0	0.0	0.0	0.0	0.6706613011950576	0.0	0.0	0.0	0.0	0.0	0.0	0.0	4.874359023896644	0.0	3.84105833713705	0.0	1.0090766816891927	0.2835544396992496
SRR39238536	0.0	1.863989274937121	0.0	0.0	0.0	0.0	0.0	2.87550592790695	0.0	0.0	0.0	0.4735853575228065	0.0	0.0	2.0321608531453643	0.0	3.362043515713764	0.0	0.0	1.2254486573808574	0.0	0.0	0.2983807753231961	2.96270676967912	0.0	0.0	0.0	0.5980800759217175	0.0	0.0	0.0	0.0	0.0	0.0	0.4735853575228065	0.0	0.0	0.0	0.0	0.0	0.0	0.0	0.0	0.0	0.0	3.2847226532786746	0.0	1.250254778393204	3.185020447754233	0.4735853575228065	0.0	0.8405465761973725	0.0	0.0	0.0	0.0	0.0	0.0	0.0	0.0	1.4420342659434708	0.0	0.0	0.0	0.0	0.0	2.237753903605833	0.0	1.6760379259661007	0.0	0.0	0.0	0.2983807753231961	1.985965936782324	0.0	0.0	0.0	0.0	0.0	0.0	0.0	0.0	0.0	0.0	0.0	0.0	0.0	0.0	0.0	0.0	0.0	0.0	0.0	0.0	1.2737202491151154	0.0	0.0	0.0	0.0	0.0	0.0	0.0	0.0	0.0	0.0	0.0	0.0	0.0	0.0	0.0	1.036563835969124	0.0	0.0	0.2983807753231961	0.0	0.0	0.0	0.5980800759217175	0.0	0.0	0.0	0.0	0.0	0.0	0.2983807753231961	0.0	0.0	0.0	0.0	0.0	0.0	0.4735853575228065	0.0	0.0	0.0	0.0	0.0	0.0	0.4735853575228065	0.0	0.0	0.8405465761973725	0.2983807753231961	0.0	0.0	0.0	0.0	0.0	0.0	0.0	1.5968789542701542	0.0	0.0	0.0	0.4735853575228065	0.2983807753231961	0.0	0.0	1.5968789542701542	0.0	0.0	0.0	0.0	0.0	0.0	0.0	0.2983807753231961	0.0	0.0	0.0	0.0	0.0	0.0	0.0	4.916766945372067	0.0	3.712356827090744	0.0	0.4735853575228065	0.7737268623437232
SRR39238537	0.7644600994812736	1.7162227880537957	0.0	1.6828239009973107	0.8310093002116584	1.2149540100933276	0.5897575421684704	0.8887028164662507	0.6858348671063706	0.8310093002116584	2.0170973237563747	1.0264352131714578	0.0	0.6858348671063706	2.502082894672413	0.0	4.501518941528528	0.0	0.0	1.9704629348135894	0.0	0.0	1.6273523499438534	2.9114212956881818	0.4662030809349081	0.0	0.0	1.6914174900779804	0.0	0.29286720576785813	0.0	0.4662030809349081	0.0	0.0	1.674056827945956	0.8887028164662507	2.1042192280480188	0.0	0.0	0.9851946816437258	0.29286720576785813	0.0	0.29286720576785813	0.0	0.0	4.315937093712481	0.29286720576785813	1.7162227880537957	1.8033164393160905	1.7396875223171708	0.0	1.4312756233742807	0.0	0.0	0.4662030809349081	2.4900754142766397	0.29286720576785813	0.0	1.540286933331014	0.0	1.783125166230699	0.0	0.9396230842689681	0.0	0.0	0.0	3.664853257594029	0.0	3.144598031258767	0.29286720576785813	0.0	0.0	1.6559731826342918	0.7644600994812736	3.6826650984169276	0.0	1.3267036400565315	0.29286720576785813	0.0	0.0	0.0	0.7644600994812736	0.0	0.29286720576785813	0.0	0.0	0.0	0.4662030809349081	0.29286720576785813	0.0	0.0	0.6858348671063706	0.0	0.0	2.129766062427349	1.188686686705518	0.0	0.0	0.0	0.4662030809349081	0.0	0.0	0.0	0.0	0.0	0.0	0.0	0.0	0.5897575421684704	0.29286720576785813	1.8098435097926584	1.5750131819872217	0.8887028164662507	1.5637434953509584	0.0	0.0	0.0	1.4754213020840912	1.1607277832517036	1.540286933331014	0.0	0.8887028164662507	1.098751693672381	0.5897575421684704	0.8887028164662507	0.29286720576785813	0.29286720576785813	0.29286720576785813	0.0	0.0	1.747235582348649	0.29286720576785813	0.0	0.0	0.0	0.29286720576785813	0.0	1.7396875223171708	2.2867976776192522	1.3459756532524187	0.29286720576785813	2.066442232964942	1.0640969386358368	0.8310093002116584	1.6273523499438534	0.9396230842689681	1.4312756233742807	0.0	0.0	0.0	1.828856007739033	0.0	0.29286720576785813	0.29286720576785813	1.2631548967092714	1.0264352131714578	0.29286720576785813	0.0	3.265922324880104	0.9396230842689681	0.0	1.0264352131714578	0.29286720576785813	0.0	0.5897575421684704	0.0	0.9851946816437258	0.0	0.6858348671063706	1.188686686705518	0.0	0.0	0.9396230842689681	0.7644600994812736	3.2675060724614102	0.0	2.8822644441854064	4.38888215107592	1.4155035454669078	1.8033164393160905
SRR39238538	0.0	2.366754555121685	0.0	0.0	0.0	0.286497747515319	0.0	0.9280613277128306	0.0	0.8198795918456074	1.6046117851021275	0.45763481636900477	0.0	0.0	1.9663764936358468	0.0	4.641086969743456	0.0	0.0	3.1062232411395927	0.0	0.0	0.7536534544200348	2.626598084963886	0.0	0.0	0.0	1.6786020554626955	0.0	0.45763481636900477	0.0	0.0	0.0	0.0	0.0	0.0	0.45763481636900477	0.0	0.0	0.0	0.0	0.0	0.0	0.0	0.0	4.231696889622117	0.0	2.584348605999431	0.6754791166886527	0.5800751024361086	0.0	0.5800751024361086	0.0	0.0	0.0	1.8846191755247663	0.0	0.0	0.6754791166886527	0.0	1.0521559182108728	0.0	0.0	0.0	0.0	0.0	2.4035145260165454	0.0	2.137957774759158	0.0	0.0	0.0	1.2507933565974056	2.1229361098921444	4.255495907361962	0.0	0.286497747515319	0.0	0.0	0.0	0.0	0.0	0.0	0.0	0.0	0.0	0.0	0.0	0.0	0.0	0.0	0.0	0.0	0.0	1.4029278696869434	0.0	0.0	0.0	0.0	0.0	0.0	0.0	0.0	0.0	0.0	0.0	0.0	0.0	0.0	0.0	0.45763481636900477	0.45763481636900477	0.0	0.45763481636900477	0.0	0.0	0.0	0.6754791166886527	0.0	0.0	0.0	0.0	0.0	0.0	0.0	0.0	0.0	0.0	0.0	0.0	0.6754791166886527	0.0	0.0	0.0	0.0	0.0	0.0	0.286497747515319	0.45763481636900477	0.0	0.0	0.45763481636900477	0.286497747515319	0.0	0.286497747515319	0.0	0.286497747515319	0.0	0.0	0.0	3.948296293278186	0.0	0.0	0.0	0.0	0.0	0.0	0.0	2.0121030986075836	0.286497747515319	0.0	0.0	0.0	0.0	0.0	0.0	0.7536534544200348	0.0	0.0	1.2026773937055841	0.0	0.0	0.0	0.0	3.2779434545276462	0.0	2.5854038194926687	3.4058100791357098	0.286497747515319	0.0
SRR39238539	0.0	3.4724284162850894	0.0	0.8320336566043934	0.0	0.0	0.0	2.03407635592158	0.0	0.0	1.4002906035167377	0.29345694402574796	0.0	0.0	2.0817539090222414	0.0	4.440812652803724	0.0	0.0	1.9342842125435904	0.0	0.0	0.8897492058735318	3.9388189428880174	0.7654551238304913	0.0	0.0	2.3861817464729054	0.0	0.0	0.4669942197564489	0.0	0.0	0.0	0.0	0.4669942197564489	0.29345694402574796	0.0	0.0	0.0	0.0	0.0	0.0	0.0	0.0	4.188433107330178	0.0	2.582453951936336	2.323247323299089	0.4669942197564489	0.0	0.6867889133470193	0.0	0.0	0.0	1.216082306261256	0.0	0.0	0.4669942197564489	0.0	1.7978720538690558	0.0	0.0	0.4669942197564489	0.0	0.0	2.287992919963408	0.29345694402574796	2.9950346381488067	0.0	0.0	0.0	0.4669942197564489	0.5906503102663704	1.7331851553578739	0.0	0.0	0.0	0.0	0.0	0.0	0.6867889133470193	0.0	0.0	0.0	0.0	0.0	0.0	0.0	0.0	0.0	0.0	0.0	0.0	2.0301825626423926	0.0	0.0	0.0	0.0	0.0	0.0	0.0	0.0	0.0	0.0	0.0	0.0	0.0	0.0	0.0	0.8320336566043934	0.5906503102663704	0.4669942197564489	0.5906503102663704	0.0	0.0	0.0	0.29345694402574796	0.0	0.29345694402574796	0.0	0.0	0.5906503102663704	0.0	0.4669942197564489	0.0	0.0	0.0	0.0	0.0	1.9977076874525357	0.0	0.0	0.0	0.0	0.0	0.0	0.0	0.8897492058735318	0.0	0.0	0.29345694402574796	0.6867889133470193	0.4669942197564489	0.29345694402574796	0.0	0.0	0.0	0.0	0.0	2.8980223847546718	0.0	0.0	0.0	0.0	0.0	0.0	0.0	1.8933964764821998	0.0	0.0	0.0	0.0	0.0	0.0	0.0	0.9862719663264318	0.0	0.0	0.9862719663264318	0.0	0.0	0.0	0.0	4.525687247750045	0.0	3.5963404078162613	1.1898104219298835	0.4669942197564489	0.5906503102663704
SRR39238540	0.725006697540175	1.870706678207028	0.31748491621288844	1.9127127838561644	1.3094208128678362	1.6335899558207374	1.2344786528172176	1.562871246050471	0.31748491621288844	1.9295418551677626	2.4387271353057542	1.143850682158047	0.725006697540175	0.6265143311839891	2.877362633046867	0.0	4.166164913490278	0.31748491621288844	0.8729361055313591	2.2335103290146123	0.0	0.4989254593755081	2.069449823819602	2.9642387722736814	0.31748491621288844	0.6265143311839891	0.4989254593755081	1.373314149139597	0.0	0.0	0.0	0.9830781182111709	0.0	0.0	1.9457430486276956	1.2858483200895154	2.341786586634004	0.0	0.0	1.5364849463333745	0.9314894524982885	0.4989254593755081	0.0	0.0	0.0	3.4020680752847907	0.0	2.1526470604171055	1.9813490931192637	2.3686252999092465	0.4989254593755081	1.0708619032719675	0.8729361055313591	0.0	0.805239651919698	2.061401760648902	0.0	0.0	1.6112725164944168	0.0	1.4936320712992632	0.31748491621288844	1.4290018344423419	0.0	0.0	0.31748491621288844	4.62741854086872	0.0	2.252229554154469	0.9314894524982885	0.0	0.4989254593755081	2.5824497117362437	0.31748491621288844	2.46032767348216	0.4989254593755081	2.299312466300797	0.31748491621288844	0.0	0.0	0.31748491621288844	0.0	0.0	0.31748491621288844	0.0	0.0	0.0	0.31748491621288844	0.6265143311839891	0.31748491621288844	0.805239651919698	0.0	0.31748491621288844	0.6265143311839891	2.0448438991459352	1.143850682158047	0.0	0.0	0.0	0.6265143311839891	0.0	0.0	0.0	0.0	0.0	0.0	0.0	0.0	0.9314894524982885	0.0	2.1219609712130327	2.1460128505651443	1.4625181017787012	1.889208905299632	0.0	0.0	0.0	2.103927134314894	1.0291842082985252	1.9714702900379286	0.0	2.0448438991459352	1.665052822072193	1.2344786528172176	1.4783536625330371	1.1088878295459594	0.0	0.9314894524982885	0.31748491621288844	0.0	1.8952051988495333	0.805239651919698	0.0	0.0	0.0	0.4989254593755081	0.0	2.128969925404719	2.081249005022995	2.036322057945919	0.0	2.5427579752467397	1.4290018344423419	1.5083912044456995	1.9240043089583083	0.9830781182111709	2.128969925404719	0.0	0.725006697540175	0.0	2.162412142362484	0.0	1.3094208128678362	0.9314894524982885	2.7381114916467775	1.4112210209052092	0.31748491621288844	0.0	4.435084914003431	1.4625181017787012	0.0	1.0708619032719675	0.0	0.0	0.6265143311839891	0.0	1.2063195901887303	0.0	0.805239651919698	1.0708619032719675	0.0	0.0	0.6265143311839891	1.0291842082985252	2.6912056315033537	0.0	2.6636800900894997	2.162412142362484	2.267656458919441	1.8171281760323799
SRR39238541	0.0	0.0	0.0	0.0	0.0	0.0	0.0	1.5879414565035253	0.0	0.0	0.0	0.0	0.0	0.0	3.719839957682999	0.0	4.625214017991026	0.0	0.0	1.0762436457858642	0.0	0.0	0.0	1.3586620621578975	0.29943013199018165	0.0	0.0	2.042146321571788	0.0	0.0	0.0	0.0	0.0	0.0	0.4749867907769158	0.0	0.0	0.0	0.0	0.29943013199018165	0.0	0.0	0.0	0.0	0.0	2.9427587046342505	0.0	2.343161824705507	0.6964073858595391	0.29943013199018165	0.0	0.0	0.0	0.0	0.0	1.5020448708850667	0.0	0.0	0.0	0.0	0.4749867907769158	0.0	0.0	0.0	0.0	0.0	2.6679740602489295	0.0	2.2709693205438866	0.0	0.0	0.0	2.327223165389593	0.0	3.8993415392459854	0.0	0.0	0.0	0.0	0.0	0.0	0.5996579802707015	0.0	0.0	0.0	0.0	0.0	0.0	0.0	0.0	0.0	0.0	0.0	0.0	4.157233096254617	0.29943013199018165	0.0	0.0	0.0	0.0	0.0	0.0	0.5996579802707015	0.0	0.0	0.0	0.0	0.0	0.0	0.0	0.0	0.0	0.6964073858595391	0.0	0.0	0.0	0.0	0.5996579802707015	0.0	0.0	0.0	0.0	0.0	0.0	0.6964073858595391	0.0	0.5996579802707015	0.0	0.0	0.0	3.96751340515259	0.0	0.0	0.0	0.0	0.0	0.0	0.4749867907769158	0.29943013199018165	0.0	0.0	0.0	0.0	0.0	0.0	0.0	0.0	0.0	0.0	0.0	0.9971159883914105	0.0	0.0	0.0	0.0	0.0	0.4749867907769158	0.0	2.7227120374314473	0.0	0.0	0.0	1.173100063527499	0.0	0.0	0.0	0.0	0.0	0.0	0.9513942199262939	0.0	0.0	0.0	0.0	4.101486528970174	0.0	3.1581645784377046	0.0	0.29943013199018165	0.0
SRR39238552	0.0	2.327226487118163	0.0	0.3297533886561561	0.0	0.0	0.0	2.6521291643220195	0.0	0.0	0.0	0.0	0.0	0.0	2.2934083595047166	0.0	4.0460866714516905	0.0	0.0	2.130772062151184	0.0	0.0	0.0	3.464900645096557	0.0	0.0	0.0	2.1234034500406724	0.0	0.0	0.0	0.0	0.0	0.0	0.0	0.0	0.0	0.0	0.0	0.0	0.0	0.0	0.0	0.0	0.0	3.327710217093767	0.0	2.285805844734047	4.1498866336208104	0.3297533886561561	0.0	0.0	0.0	0.0	0.0	1.0040627517518934	0.0	0.0	0.0	0.0	1.7358157938509473	0.0	0.0	0.0	0.0	0.0	2.46708151380694	0.0	2.0594681451381396	0.0	0.0	0.0	0.0	0.0	0.0	0.0	0.0	0.0	0.0	0.0	0.0	0.3297533886561561	0.0	0.0	0.0	0.0	0.0	0.0	0.0	0.0	0.0	0.0	0.0	0.0	2.1044156553507536	0.0	0.0	0.0	0.0	0.0	0.0	0.0	0.0	0.0	0.0	0.0	0.0	0.0	0.0	0.0	0.8932339892544783	0.0	0.0	0.3297533886561561	0.0	0.0	0.0	0.0	0.0	0.0	0.0	0.0	0.0	0.0	0.0	0.0	0.0	0.0	0.0	0.0	2.834451887586947	0.0	0.0	0.0	0.0	0.0	0.0	1.0040627517518934	0.7440576666873695	0.0	0.0	0.0	0.0	0.0	0.7440576666873695	0.0	0.0	0.0	0.0	0.0	3.258119893877848	0.0	0.0	0.0	0.0	0.0	0.0	0.0	2.216671898321941	0.0	0.0	0.0	0.0	0.0	0.0	0.0	0.0	0.0	0.0	0.5150119223139465	0.0	0.0	0.0	0.0	4.774272981485572	0.0	3.1742199572596337	0.0	0.5150119223139465	0.0
SRR39238553	0.0	3.000535703701324	0.0	0.9726500046632	0.0	0.5793896188651357	0.0	1.332601341663738	0.0	0.5793896188651357	0.4570290485060572	0.4570290485060572	0.0	0.0	1.8889605864151946	0.0	4.750783868903906	0.4570290485060572	0.0	1.6514009607040743	0.0	0.0	0.2860486558651149	2.9607603195050882	0.0	0.0	0.4570290485060572	3.432359924912564	0.0	0.0	0.5793896188651357	0.0	0.0	0.0	0.2860486558651149	0.0	1.1476944641177997	0.0	0.0	0.0	0.4570290485060572	0.0	0.0	0.0	0.0	4.446276739943228	0.0	2.007218263603131	2.840533340235741	1.201805453532241	0.0	0.0	0.0	0.2860486558651149	0.9726500046632	2.2273551001229306	0.0	0.0	0.0	0.0	1.6234160495384296	0.0	0.0	0.0	0.0	0.0	2.0803365646241034	0.2860486558651149	2.20773069694681	0.0	0.0	0.5793896188651357	1.351027687923772	0.4570290485060572	2.8974227160821373	0.0	0.9272408873530803	0.2860486558651149	0.0	0.0	0.0	0.0	0.0	0.0	0.0	0.0	0.0	0.0	0.0	0.0	0.0	0.0	0.0	0.2860486558651149	2.439431108156874	0.0	0.0	0.0	0.0	0.0	0.0	0.0	0.0	0.0	0.0	0.0	0.0	0.0	0.0	0.0	0.8190902330006956	0.0	0.5793896188651357	0.6747453535241008	0.0	0.0	0.0	0.4570290485060572	0.2860486558651149	0.2860486558651149	0.0	0.0	0.2860486558651149	0.0	0.7528873150772996	0.0	0.0	0.4570290485060572	0.0	0.0	0.8190902330006956	0.0	0.0	0.0	0.0	0.0	0.0	0.8190902330006956	2.145803842905897	0.4570290485060572	0.2860486558651149	3.138020923298669	0.5793896188651357	0.0	1.776175361306818	0.4570290485060572	1.1476944641177997	0.0	0.0	0.0	0.0	0.0	0.4570290485060572	0.0	0.2860486558651149	0.8190902330006956	0.0	0.0	0.8765234388586594	0.5793896188651357	0.0	0.0	0.5793896188651357	0.0	0.2860486558651149	0.2860486558651149	0.9726500046632	0.0	0.2860486558651149	0.0	0.0	0.0	0.4570290485060572	0.4570290485060572	3.2192072129155695	0.0	2.9968812786939196	0.0	0.4570290485060572	1.669103438082047
SRR39238554	0.3204295010127259	2.447761014336668	0.3204295010127259	1.2398110902181838	0.0	0.0	0.0	1.6705915022905502	0.0	0.7296064398197406	0.6308436797905835	1.6391194964541673	0.3204295010127259	0.0	3.4937148535827713	0.8778422672674416	4.713609498374183	0.9881533268392095	0.3204295010127259	2.5002419917780365	0.0	0.5027993580178876	1.6603521661843847	2.8124252380364885	0.0	0.0	0.0	2.2499338791750247	0.0	0.0	0.8778422672674416	1.6903732103722744	0.0	0.0	2.0243661394666064	1.3148052313689935	1.8503230395332921	0.0	0.0	0.3204295010127259	1.6903732103722744	0.8100184739460716	0.0	0.0	0.0	3.742026873446571	0.0	3.680623434055572	2.698755469498977	2.3579416753699523	0.5027993580178876	1.912545614343059	1.1491070029124562	1.1141102655557997	1.7776705316084138	2.5347832269347004	0.0	0.0	0.8778422672674416	0.0	1.986950690319845	0.0	0.3204295010127259	0.0	0.0	0.5027993580178876	2.3782474504317705	1.0343183847485309	2.6783676130591054	0.8100184739460716	0.0	0.0	1.9720448711015877	0.0	3.8372352171356092	0.3204295010127259	0.0	0.0	0.0	0.0	0.0	0.5027993580178876	0.3204295010127259	1.7776705316084138	0.0	1.1814926978107048	0.0	0.3204295010127259	0.0	0.0	0.7296064398197406	0.0	0.3204295010127259	0.0	3.2749891072824906	1.378736321826082	0.0	0.3204295010127259	0.0	1.2398110902181838	0.0	0.0	0.0	0.0	0.0	0.5027993580178876	0.0	0.0	0.5027993580178876	0.3204295010127259	2.5706171280386987	0.3204295010127259	1.580997411502415	1.1141102655557997	0.3204295010127259	0.0	0.0	1.7615587282542449	0.0	1.7448260901927495	0.0	0.0	0.0	0.7296064398197406	1.8699433033615105	1.5419817163937601	2.6072452821383774	1.6167951607104727	0.0	0.0	1.4166631023789087	1.2662743763583424	0.3204295010127259	0.0	0.6308436797905835	0.5027993580178876	0.0	2.2195737124452246	3.024703631964558	0.0	0.9364908067468256	2.69590086465888	2.565491384102924	0.8100184739460716	2.3516600752573646	1.2398110902181838	0.8100184739460716	0.0	0.3204295010127259	0.0	2.300221753240323	0.3204295010127259	0.0	0.0	1.4166631023789087	1.628100756926136	1.9966110624826126	0.0	2.526402039175693	0.5027993580178876	0.0	2.3880550609822078	1.1814926978107048	0.0	0.0	0.0	0.8100184739460716	0.0	0.0	1.906709512515575	0.0	0.0	0.3204295010127259	1.7615587282542449	3.9018223682681694	0.0	3.673243598744473	2.1482771628722768	1.5419817163937601	2.4787467147794104
