SAMPLE_ID	Acetobacteraceae	Acholeplasmataceae	Acidaminococcaceae	Acidiferrobacteraceae	Acidimicrobiaceae	Acidithiobacillaceae	Acidobacteriaceae	Acidothermaceae	Actinomycetaceae	Actinopolysporaceae	Aerococcaceae	Aeromonadaceae	Akkermansiaceae	Alcaligenaceae	Alcanivoracaceae	Alicyclobacillaceae	Alteromonadaceae	Amoebophilaceae	Anaerolineaceae	Anaeromyxobacteraceae	Anaplasmataceae	Aphanizomenonaceae	Aphanothecaceae	Aquificaceae	Ardenticatenaceae	Atopobiaceae	Aurantimonadaceae	Bacillaceae	Bacteriovoracaceae	Bacteroidaceae	Barnesiellaceae	Bdellovibrionaceae	Beijerinckiaceae	Bernardetiaceae	Bifidobacteriaceae	Blattabacteriaceae	Brachyspiraceae	Bradymonadaceae	Bradyrhizobiaceae	Brevibacteriaceae	Brucellaceae	Budviciaceae	Burkholderiaceae	Caedimonadaceae	Caldilineaceae	Calditrichaceae	Campylobacteraceae	Candidatus Brocadiaceae	Candidatus Chazhemtobacteraceae	Candidatus Desulfofervidaceae	Candidatus Midichloriaceae	Candidatus Nanopelagicaceae	Candidatus Nanosynbacteraceae	Candidatus Paracaedibacteraceae	Cardiobacteriaceae	Carnobacteriaceae	Caulobacteraceae	Cellulomonadaceae	Cellvibrionaceae	Chamaesiphonaceae	Chitinophagaceae	Chlamydiaceae	Chlorobiaceae	Chloroflexaceae	Christensenellaceae	Chromatiaceae	Chromobacteriaceae	Chroococcaceae	Chrysiogenaceae	Chthonomonadaceae	Clostridiaceae	Clostridiales Family XIII. Incertae Sedis	Clostridiales Family XVI. Incertae Sedis	Clostridiales Family XVII. Incertae Sedis	Colwelliaceae	Comamonadaceae	Coprothermobacteraceae	Coriobacteriaceae	Corynebacteriaceae	Coxiellaceae	Cyclobacteriaceae	Cytophagaceae	Deferribacteraceae	Deinococcaceae	Dermabacteraceae	Dermocarpellaceae	Desulfobacteraceae	Desulfobulbaceae	Desulfohalobiaceae	Desulfomicrobiaceae	Desulfovibrionaceae	Desulfurellaceae	Desulfuromonadaceae	Dysgonomonadaceae	Ectothiorhodospiraceae	Eggerthellaceae	Egicoccaceae	Elusimicrobiaceae	Emcibacteraceae	Endomicrobiaceae	Endozoicomonadaceae	Enterobacteriaceae	Enterococcaceae	Entomoplasmataceae	Erwiniaceae	Erysipelotrichaceae	Erythrobacteraceae	Eubacteriaceae	Euzebyaceae	Ferrimonadaceae	Fervidobacteriaceae	Fibrobacteraceae	Fimbriimonadaceae	Flammeovirgaceae	Flavobacteriaceae	Francisellaceae	Frankiaceae	Fulvivirgaceae	Fusobacteriaceae	Gallionellaceae	Gemmatimonadaceae	Geobacteraceae	Geodermatophilaceae	Gloeobacteraceae	Glycomycetaceae	Gordoniaceae	Granulosicoccaceae	Hafniaceae	Hahellaceae	Halanaerobiaceae	Halieaceae	Haliscomenobacteraceae	Halobacteriovoraceae	Halobacteroidaceae	Halomonadaceae	Halothiobacillaceae	Helicobacteraceae	Heliobacteriaceae	Holosporaceae	Hungateiclostridiaceae	Hydrogenophilaceae	Hymenobacteraceae	Hyphomicrobiaceae	Hyphomonadaceae	Iamiaceae	Ichthyobacteriaceae	Ignavibacteriaceae	Immundisolibacteraceae	Intrasporangiaceae	Jonesiaceae	Kangiellaceae	Kiritimatiellaceae	Kosmotogaceae	Ktedonosporobacteraceae	Labilitrichaceae	Lachnospiraceae	Lacipirellulaceae	Lactobacillaceae	Legionellaceae	Leptolyngbyaceae	Leptospiraceae	Leptotrichiaceae	Leuconostocaceae	Lichenihabitantaceae	Limnochordaceae	Listeriaceae	Litoricolaceae	Magnetococcaceae	Marinifilaceae	Marinilabiliaceae	Mariprofundaceae	Melioribacteraceae	Methanobacteriaceae	Methylobacteriaceae	Methylococcaceae	Methylophilaceae	Microbacteriaceae	Microbulbiferaceae	Micrococcaceae	Microcoleaceae	Microcystaceae	Micromonosporaceae	Moraxellaceae	Morganellaceae	Moritellaceae	Muribaculaceae	Mycobacteriaceae	Mycoplasmataceae	Myxococcaceae	Natranaerobiaceae	Nautiliaceae	Neisseriaceae	Nitrosomonadaceae	Nitrospiraceae	Nocardiaceae	Nocardioidaceae	Nocardiopsaceae	Nostocaceae	Oceanospirillaceae	Odoribacteraceae	Opitutaceae	Orbaceae	Oscillatoriaceae	Oscillospiraceae	Oxalobacteraceae	Paenibacillaceae	Paludibacteraceae	Pasteurellaceae	Pectobacteriaceae	Pelagibacteraceae	Peptococcaceae	Peptoniphilaceae	Peptostreptococcaceae	Petrotogaceae	Phyllobacteriaceae	Pirellulaceae	Piscirickettsiaceae	Planctomycetaceae	Planococcaceae	Polyangiaceae	Porphyromonadaceae	Prevotellaceae	Prolixibacteraceae	Promicromonosporaceae	Propionibacteriaceae	Pseudanabaenaceae	Pseudoalteromonadaceae	Pseudomonadaceae	Pseudonocardiaceae	Psychromonadaceae	Puniceicoccaceae	Rhizobiaceae	Rhodanobacteraceae	Rhodobacteraceae	Rhodobiaceae	Rhodocyclaceae	Rhodospirillaceae	Rhodothermaceae	Rickettsiaceae	Rikenellaceae	Roseiflexaceae	Roseivirgaceae	Ruaniaceae	Rubrobacteraceae	Ruminococcaceae	Saccharospirillaceae	Sandaracinaceae	Sanguibacteraceae	Saprospiraceae	Scytonemataceae	Sedimentisphaeraceae	Selenomonadaceae	Shewanellaceae	Silvanigrellaceae	Simkaniaceae	Sinobacteraceae	Solibacteraceae	Sphaerobacteraceae	Sphingobacteriaceae	Sphingomonadaceae	Spirochaetaceae	Spiroplasmataceae	Spongiibacteraceae	Sporomusaceae	Staphylococcaceae	Steroidobacteraceae	Sterolibacteriaceae	Streptococcaceae	Streptomycetaceae	Streptosporangiaceae	Succinivibrionaceae	Sulfuricellaceae	Sulfurovaceae	Sutterellaceae	Symbiobacteriaceae	Synechococcaceae	Synergistaceae	Syntrophaceae	Syntrophobacteraceae	Syntrophomonadaceae	Tannerellaceae	Tenuifilaceae	Tepidanaerobacteraceae	Tepidiformaceae	Thermaceae	Thermoactinomycetaceae	Thermoanaerobacteraceae	Thermoanaerobacterales Family III. Incertae Sedis	Thermoanaerobacterales Family IV. Incertae Sedis	Thermodesulfobacteriaceae	Thermodesulfobiaceae	Thermoguttaceae	Thermomicrobiaceae	Thermomonosporaceae	Thermotogaceae	Thioalkalibacteraceae	Thioalkalispiraceae	Thiobacillaceae	Thiotrichaceae	Thiovulaceae	Tissierellaceae	Tsukamurellaceae	Vallitaleaceae	Veillonellaceae	Verrucomicrobiaceae	Vibrionaceae	Vicinamibacteraceae	Vulgatibacteraceae	Weeksellaceae	Wenzhouxiangellaceae	Woeseiaceae	Xanthobacteraceae	Xanthomonadaceae	Yersiniaceae	Zoogloeaceae
SRR13357647	0.4489267766264825	0.0	1.074398053507909	0.0	0.0	0.0	0.0	0.0	3.3681227494614006	0.0	0.0	0.0	0.0	0.0	0.0	0.0	0.0	0.0	0.6649101354533835	0.0	0.0	0.0	0.0	0.4489267766264825	0.0	0.4489267766264825	0.4489267766264825	2.2689651335021432	0.0	2.0542623372620437	0.4489267766264825	0.0	0.0	0.0	2.8361463864713277	0.0	0.0	0.0	1.002474231321968	0.0	0.0	0.0	2.429899435282935	0.0	0.0	0.0	1.074398053507909	0.0	0.0	0.0	0.0	0.0	0.0	0.0	0.0	3.7012136595653358	0.0	0.0	0.0	0.0	0.0	0.0	0.0	0.0	0.0	0.0	0.4489267766264825	0.0	0.0	0.0	1.5915093894013836	1.3900258109233163	0.0	0.0	0.0	1.002474231321968	0.0	0.0	0.4489267766264825	0.0	0.0	0.0	0.0	0.0	0.0	0.0	0.0	0.6649101354533835	0.0	0.0	0.4489267766264825	0.0	0.0	0.0	0.0	0.0	0.0	0.0	0.0	0.0	0.0	1.074398053507909	1.7136580939108226	0.0	0.0	1.074398053507909	0.0	0.4489267766264825	0.0	0.0	0.0	0.0	0.0	0.0	0.0	0.0	0.0	0.0	1.6821188568192202	0.0	0.0	0.4489267766264825	0.0	0.0	0.4489267766264825	0.0	0.4489267766264825	0.0	0.0	0.0	0.0	0.0	0.0	0.0	1.526412712906155	0.0	0.0	0.0	0.0	0.0	0.0	0.0	0.0	0.0	0.0	0.0	0.0	0.0	0.0	0.0	0.0	0.0	0.0	0.0	0.0	2.0027208809367285	0.0	3.740687463208573	0.0	0.0	0.0	0.0	1.3206798812344802	0.0	0.0	0.4489267766264825	0.0	0.0	0.0	1.074398053507909	0.0	0.0	0.0	0.0	0.0	0.4489267766264825	0.0	0.0	2.8628428266415034	0.0	0.0	0.0	0.0	0.8084999781318698	0.0	0.6649101354533835	0.0	1.002474231321968	0.0	0.0	0.0	0.4489267766264825	0.0	0.0	0.4489267766264825	0.0	0.0	0.0	0.0	0.4489267766264825	0.0	0.0	0.0	1.074398053507909	0.0	1.2813576653228522	0.0	0.0	0.4489267766264825	0.0	0.0	1.238117416405586	1.1900910660681498	0.0	0.0	0.0	0.0	0.0	0.4489267766264825	0.0	0.0	1.6481085608214177	0.0	0.0	0.0	0.0	0.0	0.0	0.0	0.0	0.0	0.0	0.0	0.0	0.0	0.0	0.0	0.4489267766264825	0.0	1.8326544452224907	0.0	0.0	1.238117416405586	0.0	1.449808455253177	0.0	0.0	0.0	0.0	0.0	0.0	0.0	0.0	0.0	0.0	0.0	0.0	0.0	0.0	1.1900910660681498	0.0	0.0	0.0	0.0	1.526412712906155	0.0	0.0	4.132418635715175	0.0	0.0	0.0	0.0	0.0	0.0	0.0	0.0	0.0	0.0	0.0	0.0	1.2813576653228522	0.0	0.0	0.0	0.4489267766264825	1.6481085608214177	0.0	0.0	0.0	0.0	0.0	0.0	0.0	0.0	0.0	0.0	0.0	0.0	0.0	0.0	0.0	0.0	0.0	1.6821188568192202	0.0	0.6649101354533835	0.0	0.0	1.2813576653228522	0.0	0.0	0.0	0.0	0.0	0.0
SRR13357655	0.332609446615418	0.0	0.6486078237141375	0.0	0.0	0.0	0.0	0.0	0.0	0.0	0.332609446615418	0.0	0.5187367274411653	1.2881048767082561	0.0	0.0	0.0	0.0	0.0	0.0	0.332609446615418	0.0	0.0	0.0	0.0	0.5187367274411653	0.0	1.0972040684608944	0.0	1.5061376810737126	0.0	0.0	0.0	0.0	3.016160879715351	0.0	0.0	0.0	0.0	0.0	0.0	0.0	0.8295760532250469	0.0	0.0	0.0	0.0	0.0	0.0	0.0	0.0	0.0	0.0	0.0	0.0	0.332609446615418	0.0	0.0	0.0	0.0	0.332609446615418	0.0	0.0	0.0	0.0	0.0	0.0	0.0	0.0	0.0	1.6157358234839645	0.8979062626439438	0.0	0.0	0.0	0.0	0.0	0.0	0.0	0.0	0.0	0.0	0.0	0.0	0.0	0.0	0.0	0.0	0.0	0.0	0.332609446615418	0.0	0.0	0.0	0.0	0.332609446615418	0.0	0.0	0.0	0.0	0.0	1.400844901573648	1.055287327054216	0.0	0.0	0.5187367274411653	0.0	0.332609446615418	0.0	0.0	0.0	0.0	0.0	0.0	0.332609446615418	0.0	0.0	0.0	1.055287327054216	0.0	0.0	0.0	0.0	0.0	0.0	0.0	0.0	0.0	0.0	0.0	0.0	0.0	0.0	0.0	0.0	0.0	0.0	0.0	0.0	0.332609446615418	0.0	0.0	0.332609446615418	0.0	0.0	0.0	0.0	0.0	0.0	0.0	0.0	0.0	0.0	0.332609446615418	0.0	1.8309035654168997	0.0	4.332786339861548	0.0	0.0	0.0	0.0	1.400844901573648	0.0	0.0	0.8295760532250469	0.0	0.0	0.0	0.0	0.0	0.0	0.0	0.0	0.0	0.0	0.0	0.0	0.332609446615418	0.0	0.0	0.0	0.5187367274411653	0.0	0.0	0.332609446615418	0.0	1.2615649777576357	0.0	0.0	0.0	0.0	0.0	0.0	0.0	0.0	0.0	0.0	0.0	0.0	0.0	0.0	0.0	1.1705597432069883	0.0	0.332609446615418	0.0	0.0	0.5187367274411653	0.0	0.0	0.5187367274411653	0.5187367274411653	0.0	0.0	0.0	0.332609446615418	0.0	0.0	0.0	0.0	0.8979062626439438	0.0	0.0	0.0	0.0	0.0	0.0	0.0	0.0	0.0	0.0	0.0	0.0	0.0	0.0	0.0	0.0	0.0	0.0	0.0	0.0	0.0	0.0	1.400844901573648	0.0	0.0	0.0	0.0	0.0	0.0	3.2664570244847604	0.332609446615418	0.0	0.0	0.0	0.0	0.0	0.0	0.0	0.0	0.0	0.0	0.0	0.332609446615418	0.0	0.0	1.8524900299904867	0.0	0.0	0.0	0.0	0.0	0.0	0.0	0.0	0.0	0.0	0.0	0.0	0.9569328901534289	0.0	0.0	0.0	0.0	0.0	0.0	0.332609446615418	0.0	0.0	0.0	0.0	0.0	0.0	0.0	0.0	0.0	0.0	0.0	0.0	0.0	0.0	0.0	3.643747543430261	0.0	0.332609446615418	0.0	0.0	0.0	0.0	0.0	0.0	0.332609446615418	0.332609446615418	0.0
SRR13357656	0.6483759868051766	0.0	0.43537955113703064	0.0	0.0	0.0	0.0	0.0	0.0	0.0	0.0	0.9834192036906975	0.6483759868051766	0.43537955113703064	0.0	0.6483759868051766	0.0	0.0	0.0	0.0	0.43537955113703064	0.0	0.0	0.43537955113703064	0.0	0.0	0.0	0.6483759868051766	0.0	1.5708547592619309	0.0	0.0	0.0	0.0	2.7803558895596407	0.0	0.0	0.0	0.0	0.0	0.0	0.0	1.0550146524157005	0.0	0.0	0.0	0.43537955113703064	0.0	0.0	0.0	0.0	0.0	0.0	0.0	0.0	0.43537955113703064	0.0	0.0	0.0	0.0	0.0	0.0	0.0	0.0	0.0	0.43537955113703064	0.0	0.0	0.0	0.0	0.8976450893290173	0.0	0.0	0.0	0.0	0.43537955113703064	0.0	0.0	0.0	0.0	0.0	0.0	0.0	0.0	0.0	0.0	0.0	0.0	0.0	0.0	0.6483759868051766	0.0	0.0	0.0	0.0	0.0	0.0	0.0	0.0	0.0	0.0	2.6577216365387204	0.7906542313192371	0.0	0.6483759868051766	0.0	0.0	0.0	0.0	0.0	0.0	0.0	0.43537955113703064	0.0	0.0	0.0	0.0	0.0	0.43537955113703064	0.0	0.0	0.0	0.0	0.0	0.0	0.0	0.0	0.7906542313192371	0.0	0.6483759868051766	0.0	0.43537955113703064	0.0	0.0	0.43537955113703064	0.0	0.0	0.0	0.0	0.43537955113703064	0.0	0.0	0.0	0.0	0.0	0.0	0.0	0.0	0.0	0.0	0.0	0.0	0.0	0.6483759868051766	0.0	1.6447048577944932	0.0	4.442652037722805	0.43537955113703064	0.0	0.0	0.0	0.8976450893290173	0.0	0.0	0.0	0.0	0.0	0.0	0.0	0.0	0.0	0.0	0.0	0.0	0.0	0.0	0.0	0.43537955113703064	0.0	0.0	0.0	0.9834192036906975	0.7906542313192371	0.0	0.0	0.0	1.3696993262928252	0.0	0.0	0.0	0.0	0.0	0.0	0.0	0.0	0.0	0.0	0.6483759868051766	0.0	0.0	0.0	0.6483759868051766	0.43537955113703064	0.8976450893290173	0.43537955113703064	0.0	0.6483759868051766	1.116460727947539	0.0	0.0	0.0	0.0	0.0	0.43537955113703064	0.0	1.116460727947539	0.0	0.0	0.0	0.0	0.8976450893290173	0.0	0.0	0.0	0.0	0.0	0.6483759868051766	0.0	0.0	0.0	0.0	0.0	0.0	0.0	0.0	0.0	0.43537955113703064	0.0	0.8976450893290173	0.0	0.0	0.0	0.0	1.0550146524157005	0.0	0.0	0.0	0.0	0.0	0.0	0.6483759868051766	1.218160827590916	0.0	0.0	0.0	0.0	0.0	0.0	0.6483759868051766	0.0	0.0	0.0	0.0	0.43537955113703064	0.0	0.0	1.749756555303978	0.0	0.0	0.0	0.0	0.0	0.0	0.0	0.0	0.6483759868051766	0.0	0.0	0.0	0.7906542313192371	0.0	0.0	0.0	0.0	0.0	0.0	0.0	0.0	0.0	0.0	0.0	0.0	0.0	0.0	0.0	1.5905275393617038	0.0	0.0	0.0	0.0	0.0	0.0	0.8976450893290173	0.0	1.4563859190305413	0.0	0.0	0.0	0.0	0.0	0.0	0.0	1.4563859190305413	0.0
SRR13357660	0.5956443509288842	0.0	0.8955957980537557	0.0	0.2967634498874996	0.0	0.0	0.0	1.2928873895662092	0.0	0.0	1.1960855133369164	0.0	0.7710168753206912	0.0	0.0	0.0	0.0	0.0	0.0	0.2967634498874996	0.0	0.0	0.0	0.0	1.138170790433858	0.0	1.0713269448804588	0.0	3.3512638415966696	0.0	0.0	0.0	0.0	1.699164536831391	0.0	0.0	0.0	0.0	0.0	0.0	0.0	0.5956443509288842	0.0	0.5956443509288842	0.0	0.2967634498874996	0.0	0.0	0.0	0.0	0.0	0.0	0.0	0.0	1.2706337627303688	0.2967634498874996	0.0	0.4714231614811485	0.0	0.7710168753206912	0.0	0.0	0.0	0.0	0.0	0.0	0.0	0.0	0.0	1.8240608338115114	0.2967634498874996	0.0	0.0	0.0	0.4714231614811485	0.2967634498874996	0.0	0.2967634498874996	0.0	0.0	0.0	0.0	0.0	0.0	0.0	0.0	0.2967634498874996	0.0	0.0	0.0	0.0	0.0	0.6921232658905452	0.0	0.4714231614811485	0.0	0.0	0.0	0.0	0.0	2.6869237144512415	0.8377580935268789	0.0	0.4714231614811485	3.86637116847649	0.0	0.7710168753206912	0.0	0.0	0.0	0.0	0.0	0.0	0.6921232658905452	0.2967634498874996	0.0	0.0	0.2967634498874996	0.0	0.0	0.0	0.0	0.0	0.0	0.0	0.0	0.5956443509288842	0.0	0.0	0.0	0.0	0.0	0.0	0.2967634498874996	0.0	0.2967634498874996	0.2967634498874996	0.0	0.2967634498874996	0.0	0.2967634498874996	0.0	0.0	0.0	0.0	0.0	0.2967634498874996	0.0	0.0	0.0	0.0	0.0	0.7710168753206912	0.0	3.919155159972798	0.0	1.4541211155718334	0.0	0.0	0.0	0.0	0.2967634498874996	0.0	0.0	0.0	0.0	0.0	0.0	0.0	0.0	0.0	0.0	0.0	0.0	0.2967634498874996	0.0	0.0	0.5956443509288842	0.0	0.0	0.0	1.138170790433858	0.8377580935268789	0.0	0.2967634498874996	0.2967634498874996	0.8377580935268789	0.0	0.0	0.0	0.0	0.0	0.0	0.0	0.0	0.0	0.0	0.4714231614811485	0.7710168753206912	0.0	0.0	0.4714231614811485	0.4714231614811485	0.6921232658905452	0.0	0.0	0.4714231614811485	1.7158638246183795	0.0	0.0	0.8377580935268789	0.8377580935268789	0.0	0.2967634498874996	0.0	1.0713269448804588	0.0	0.0	0.0	0.4714231614811485	1.4067308994040817	0.0	0.0	0.0	0.0	0.0	0.946628316266322	0.0	0.0	0.0	0.0	0.0	0.0	0.0	0.2967634498874996	0.4714231614811485	0.8955957980537557	0.0	0.6921232658905452	0.0	0.0	0.0	0.2967634498874996	0.7710168753206912	0.0	0.0	0.0	0.0	0.0	0.0	0.0	1.5479675849995937	0.0	0.0	0.0	0.0	0.0	0.2967634498874996	0.0	0.0	0.0	0.0	0.0	0.0	0.0	0.0	3.4581469058643144	0.0	0.0	0.0	0.0	0.0	1.138170790433858	0.0	0.0	0.946628316266322	0.0	0.2967634498874996	0.0	3.8222710481512547	0.0	0.0	0.0	0.0	0.0	0.0	0.0	0.0	0.0	0.0	0.0	0.0	0.0	0.0	0.0	1.0336038811556894	0.0	0.0	0.0	0.0	0.0	0.4714231614811485	2.875097333443953	0.0	1.5102008817708814	0.0	0.0	0.0	0.0	0.0	0.0	0.0	1.5231581445923847	0.0
SRR13357661	0.0	0.0	0.8587970652473321	0.0	0.0	0.0	0.0	0.0	0.8093092543214225	0.0	0.24994157290115027	0.0	0.6140700837875535	0.0	0.0	0.0	0.0	0.0	0.0	0.0	0.0	0.0	0.0	0.24994157290115027	0.0	0.0	0.0	1.128678465574355	0.0	3.335247567633391	0.0	0.0	0.0	0.0	1.014372763552789	0.0	0.0	0.0	0.0	0.0	0.0	0.0	0.24994157290115027	0.0	0.0	0.0	0.0	0.0	0.0	0.0	0.0	0.0	0.0	0.0	0.0	0.24994157290115027	0.24994157290115027	0.0	0.0	0.0	0.9032181769016489	0.0	0.0	0.0	0.0	0.0	0.0	0.0	0.0	0.0	1.6256841176854182	0.40757450617296465	0.0	0.0	0.0	0.0	0.0	0.0	0.0	0.0	0.0	0.0	0.0	0.0	0.0	0.0	0.0	0.0	0.0	0.0	0.0	0.0	0.0	1.2390201380200678	0.6140700837875535	1.4507325167575518	0.0	0.0	0.0	0.0	0.0	1.198183050885893	0.24994157290115027	0.0	0.0	1.0752754474130195	0.0	0.40757450617296465	0.0	0.0	0.0	0.0	0.0	0.0	0.6140700837875535	0.0	0.0	0.0	0.5229813002349297	0.0	0.0	0.0	0.0	0.0	0.0	0.0	0.0	0.0	0.0	0.0	0.0	0.0	0.0	0.0	0.0	0.0	0.0	0.0	0.0	0.8093092543214225	0.0	0.0	0.0	0.0	0.0	0.0	0.0	0.0	0.0	0.0	0.0	0.0	0.0	0.0	0.0	3.4460100081861325	0.0	1.1762279936141806	0.0	0.0	0.0	0.0	0.0	0.0	0.0	0.0	0.0	0.0	0.0	0.0	0.0	0.24994157290115027	0.0	0.0	0.0	0.0	0.0	0.0	0.0	0.0	0.0	0.0	1.0752754474130195	0.0	0.0	2.5936783221649904	0.0	0.5229813002349297	0.0	0.0	0.0	0.0	0.0	0.0	0.0	0.0	0.0	0.0	0.0	1.7124191296626994	0.0	0.0	0.0	1.198183050885893	1.014372763552789	0.5229813002349297	0.0	0.0	0.40757450617296465	0.0	0.5229813002349297	0.24994157290115027	0.8587970652473321	0.0	0.0	0.0	0.0	0.0	0.0	0.0	0.24994157290115027	4.126461925945477	0.0	0.0	0.0	0.0	0.0	0.0	0.24994157290115027	0.0	0.0	0.0	0.0	0.0	0.0	0.0	0.24994157290115027	1.014372763552789	0.0	1.69230474064987	0.0	0.0	0.0	0.0	2.51557831575351	0.0	0.0	0.0	0.0	0.0	0.0	2.7107336461518705	0.24994157290115027	0.0	0.0	0.0	0.0	0.0	0.0	0.0	0.0	0.0	0.0	0.24994157290115027	0.40757450617296465	0.0	0.0	2.9048017650232913	0.0	0.0	0.0	0.0	0.0	1.821876113184775	0.0	0.0	0.40757450617296465	0.0	0.0	0.0	2.303101687230766	0.0	0.0	0.0	0.0	0.0	0.0	0.0	0.0	0.24994157290115027	0.0	0.0	0.0	0.0	0.0	0.0	0.0	0.0	0.0	0.0	0.0	0.0	0.0	3.916647220613669	0.0	0.0	0.0	0.0	0.0	0.0	0.0	0.0	0.0	0.0	0.0
SRR13357662	0.0	0.0	0.4568654357657299	0.0	0.0	0.0	0.0	0.0	0.20980897122243194	0.0	0.20980897122243194	0.0	0.3506731414626329	0.0	0.20980897122243194	0.0	0.0	0.0	0.0	0.0	0.0	0.0	0.0	0.0	0.0	0.0	0.0	0.5421264519607678	0.0	2.3632468073129305	0.0	0.0	0.0	0.0	1.1842719311683443	0.0	0.0	0.0	0.0	0.0	0.0	0.20980897122243194	0.20980897122243194	0.0	0.0	0.0	0.0	0.20980897122243194	0.0	0.0	0.0	0.0	0.0	0.0	0.0	0.20980897122243194	0.0	0.0	0.0	0.0	0.20980897122243194	0.0	0.0	0.0	0.0	0.0	0.0	0.0	0.0	0.0	1.1662563454790633	0.7281652649118496	0.0	0.0	0.0	0.0	0.0	0.0	0.20980897122243194	0.0	0.0	0.0	0.0	0.0	0.0	0.20980897122243194	0.0	0.0	0.0	0.0	1.0629070021933635	0.0	0.0	0.6133644087843281	0.5421264519607678	1.7455160937444032	0.0	0.0	0.0	0.0	0.0	0.5421264519607678	0.0	0.0	0.0	0.7758852136702988	0.0	0.5421264519607678	0.0	0.0	0.0	0.0	0.0	0.0	0.20980897122243194	0.0	0.0	0.0	0.3506731414626329	0.0	0.0	0.0	0.0	0.0	0.0	0.0	0.0	0.0	0.0	0.0	0.0	0.0	0.0	0.0	0.0	0.0	0.0	0.0	0.0	0.3506731414626329	0.0	0.20980897122243194	0.0	0.0	0.0	0.0	0.0	0.0	0.0	0.0	0.0	0.0	0.0	0.0	0.0	3.2008238435969205	0.0	0.20980897122243194	0.0	0.0	0.0	0.0	0.0	0.0	0.0	0.0	0.0	0.0	0.0	0.0	0.0	0.3506731414626329	0.0	0.0	0.0	0.0	0.0	0.0	0.0	0.0	0.0	0.0	1.368463316824609	0.0	0.0	1.3323616375135396	0.0	0.0	0.0	0.0	0.0	0.0	0.0	0.0	0.0	0.0	0.0	0.0	0.0	1.0389200576060624	0.0	0.0	0.0	0.7758852136702988	0.8188769766324585	0.3506731414626329	0.0	0.3506731414626329	0.5421264519607678	0.0	0.4568654357657299	0.4568654357657299	0.6133644087843281	0.0	0.0	0.0	0.0	0.0	0.0	0.0	0.0	4.340744673217558	0.0	0.0	0.0	0.0	0.0	0.0	0.0	0.0	0.0	0.0	0.0	0.0	0.0	0.0	0.0	0.7758852136702988	0.0	1.0856381575561382	0.0	0.0	0.0	0.0	1.8956275476414113	0.0	0.0	0.0	0.0	0.4568654357657299	0.0	2.374779160087257	0.0	0.0	0.0	0.0	0.0	0.0	0.0	0.0	0.0	0.0	0.0	0.20980897122243194	0.3506731414626329	0.0	0.0	1.2929845992812214	0.0	0.0	0.0	0.0	0.0	1.6166991417275445	0.0	0.0	0.0	0.0	0.0	0.0	1.7870805509967744	0.20980897122243194	0.0	0.0	0.0	0.0	0.0	0.0	0.0	0.0	0.0	0.0	0.0	0.0	0.0	0.0	0.0	0.0	0.0	0.0	0.0	0.0	0.20980897122243194	3.6858443071595395	0.0	0.20980897122243194	0.0	0.0	0.0	0.0	0.0	0.0	0.0	0.20980897122243194	0.0
SRR13357663	0.0	0.0	0.2638178739991827	0.0	0.0	0.0	0.0	0.0	0.4267611391043108	0.0	0.0	0.2638178739991827	0.2638178739991827	0.0	0.2638178739991827	0.0	0.0	0.2638178739991827	0.0	0.0	0.0	0.0	0.0	0.0	0.0	0.0	0.0	0.7142326333313117	0.0	2.799570426661996	0.0	0.0	0.0	0.0	1.0083212678347748	0.0	0.0	0.0	0.0	0.0	0.0	0.0	0.6377971623940955	0.0	0.0	0.0	0.4267611391043108	0.0	0.0	0.0	0.0	0.0	0.0	0.0	0.0	0.4267611391043108	0.0	0.0	0.0	0.0	0.9305371979417064	0.0	0.0	0.0	0.0	0.0	0.0	0.0	0.0	0.0	0.9305371979417064	0.2638178739991827	0.0	0.0	0.0	0.0	0.0	0.0	0.0	0.0	0.2638178739991827	0.0	0.0	0.0	0.0	0.0	0.0	0.0	0.0	0.0	1.3058385305718985	0.0	0.0	0.8357145572485147	0.6377971623940955	0.0	0.0	0.0	0.0	0.0	0.0	0.9711683442861379	0.2638178739991827	0.0	0.2638178739991827	0.5449735342249893	0.0	0.4267611391043108	0.0	0.0	0.0	0.0	0.0	0.2638178739991827	0.2638178739991827	0.0	0.0	0.0	1.5674738274749638	0.0	0.0	0.0	0.0	0.0	0.0	0.0	0.0	0.0	0.0	0.0	0.0	0.0	0.0	0.0	0.0	0.0	0.0	0.0	0.0	0.0	0.0	0.0	0.0	0.0	0.0	0.0	0.0	0.0	0.0	0.0	0.0	0.0	0.0	0.0	0.0	3.220108124913286	0.0	0.7142326333313117	0.0	0.0	0.0	0.0	0.0	0.0	0.0	0.0	0.0	0.0	0.0	0.2638178739991827	0.0	0.0	0.0	0.0	0.0	0.0	0.0	0.0	0.0	0.0	0.0	0.0	0.0	0.2638178739991827	0.0	1.6479690023271851	0.0	0.4267611391043108	0.0	0.0	0.0	0.0	0.0	0.0	0.0	0.0	0.0	0.0	0.0	1.2273621077687702	0.0	0.0	0.0	1.1038295952979982	1.2875084446566025	0.5449735342249893	0.0	0.0	0.4267611391043108	0.0	0.2638178739991827	0.0	0.4267611391043108	0.0	0.0	0.0	0.0	0.0	0.0	0.0	0.0	4.399210011215134	0.0	0.0	0.0	0.0	0.0	0.0	0.0	0.0	0.0	0.0	0.0	0.0	0.0	0.0	0.0	1.0083212678347748	0.0	1.639727326238529	0.0	0.0	0.0	0.0	1.9357508959434986	0.0	0.0	0.0	0.0	0.0	0.0	0.0	0.2638178739991827	0.0	0.0	0.0	0.0	0.0	0.2638178739991827	0.0	0.0	0.0	0.0	0.2638178739991827	0.2638178739991827	0.0	0.0	1.3058385305718985	0.0	0.0	0.0	0.0	0.0	1.9440872181927045	0.0	0.0	0.0	0.2638178739991827	0.0	0.0	2.1920574338606826	0.0	0.0	0.0	0.0	0.0	0.0	0.0	0.0	0.0	0.0	0.0	0.0	0.0	0.0	0.0	0.0	0.0	0.0	0.0	0.0	0.0	0.2638178739991827	3.0973647161199818	0.0	0.0	0.0	0.0	0.0	0.0	0.0	0.0	0.4267611391043108	0.0	0.0
SRR13357664	0.5802366485607169	0.5802366485607169	0.6536907214193701	0.0	0.0	0.0	0.0	0.0	1.7115659090753543	0.0	0.0	1.3289655035231882	0.4917782268463472	1.233574926268219	0.0	0.0	0.0	0.0	0.0	0.0	0.23070215572195205	0.0	0.0	0.0	0.0	0.6536907214193701	0.0	1.086924216473857	0.0	1.9117648129069653	0.0	0.0	0.0	0.0	0.9736772386281694	0.0	0.0	0.0	0.0	0.0	0.0	0.0	0.8200655905089367	0.0	0.0	0.0	0.4917782268463472	0.23070215572195205	0.0	0.0	0.0	0.23070215572195205	0.0	0.0	0.0	1.5734699183125898	0.23070215572195205	0.0	0.5802366485607169	0.0	0.4917782268463472	0.0	0.0	0.0	0.0	0.23070215572195205	0.0	0.0	0.0	0.0	2.3500837935982872	0.8638534420813617	0.0	0.0	0.0	0.0	0.4917782268463472	0.0	1.4834681174159372	0.0	0.0	0.23070215572195205	0.0	0.0	0.0	0.0	0.0	0.0	0.0	0.0	0.38056994680066253	0.0	0.0	0.23070215572195205	0.38056994680066253	0.0	0.0	0.0	0.0	0.0	0.0	2.8044804110428996	0.23070215572195205	0.0	1.1111568287410938	1.233574926268219	0.0	0.23070215572195205	0.0	0.0	0.0	0.0	0.23070215572195205	0.0	0.5802366485607169	0.0	0.0	0.0	0.8200655905089367	0.0	0.0	0.0	0.0	0.0	0.0	0.0	0.0	0.9736772386281694	0.0	0.0	0.0	0.0	0.0	0.0	0.23070215572195205	0.0	0.5802366485607169	0.0	0.0	0.0	0.0	0.5802366485607169	0.0	0.0	0.0	0.0	0.0	0.23070215572195205	0.0	0.0	0.0	0.0	0.0	0.9736772386281694	0.0	2.7069044909205786	0.0	0.9736772386281694	0.23070215572195205	0.0	0.0	0.0	0.23070215572195205	0.0	0.0	0.23070215572195205	0.0	0.0	0.0	0.0	0.0	0.0	0.0	0.0	0.0	0.0	0.0	0.0	0.38056994680066253	0.0	0.0	0.0	1.299436947360851	1.4303441844555314	0.0	1.0339816132365889	0.0	0.23070215572195205	0.0	0.0	0.0	0.0	0.0	0.0	0.0	0.0	0.0	0.0	0.5802366485607169	0.38056994680066253	0.0	0.0	0.6536907214193701	0.7713626210916702	0.4917782268463472	0.23070215572195205	0.0	0.7164999333690322	1.251000231055969	0.0	0.0	1.4071308310404778	2.6404980759846897	0.0	0.7713626210916702	0.0	1.299436947360851	0.0	0.0	0.0	0.0	2.118543894537379	0.0	0.0	0.0	0.0	0.0	0.9736772386281694	0.0	0.0	0.0	0.0	0.0	0.0	0.0	0.0	0.0	0.9736772386281694	0.0	0.38056994680066253	0.0	0.0	0.4917782268463472	0.0	0.9736772386281694	0.0	0.0	0.0	0.0	0.23070215572195205	0.0	0.0	1.6196933051237012	0.0	0.0	0.0	0.0	0.0	0.0	0.0	0.0	0.0	0.23070215572195205	0.0	0.23070215572195205	0.0	0.0	4.423680281878999	0.0	0.0	0.0	0.0	0.0	0.38056994680066253	0.0	0.0	1.13410847813871	0.0	0.0	0.0	1.196475264560758	0.0	0.0	0.0	0.0	0.0	0.0	0.0	0.0	0.0	0.0	0.0	0.0	0.0	0.0	0.0	1.441501565739733	0.0	0.0	0.0	0.0	0.0	0.0	1.767017069771795	0.0	1.7056105843980576	0.0	0.0	0.0	0.0	0.0	0.0	0.23070215572195205	1.5734699183125898	0.0
SRR13357668	0.735186832847637	0.0	3.0280993272450942	0.0	0.0	0.0	0.0	0.0	0.9238344987406026	0.0	0.39415042306417264	1.3650048324987376	0.735186832847637	0.735186832847637	0.0	0.0	0.0	0.8396741686550285	0.0	0.0	0.8396741686550285	0.0	0.0	0.0	0.0	0.5973178199108964	0.39415042306417264	1.3363781523196732	0.0	4.192254295623203	0.0	0.0	0.0	0.0	0.994303148768751	0.0	0.0	0.0	0.0	0.0	0.0	0.0	0.5973178199108964	0.0	0.0	0.0	0.735186832847637	0.5973178199108964	0.0	0.0	0.0	0.0	0.0	0.0	0.0	0.735186832847637	0.8396741686550285	0.0	0.39415042306417264	0.0	2.2958117283672745	0.0	0.0	0.0	0.0	0.0	0.0	0.0	0.0	0.0	1.9871665339856812	0.0	0.0	0.0	0.0	0.0	0.5973178199108964	0.0	0.0	0.0	0.0	0.39415042306417264	0.0	0.0	0.0	0.0	0.39415042306417264	0.5973178199108964	0.0	0.0	0.0	0.0	0.0	1.391860697129031	0.0	0.5973178199108964	0.0	0.0	0.0	0.0	0.0	3.0208171876663417	0.0	0.0	0.9238344987406026	2.6132958534156767	0.0	0.39415042306417264	0.0	0.0	0.0	0.0	0.0	0.5973178199108964	2.2254273339836814	0.39415042306417264	0.0	0.0	0.8396741686550285	0.0	0.0	0.0	0.0	0.0	0.0	0.0	0.0	1.054917874222937	0.0	0.0	0.0	0.0	0.0	0.0	0.39415042306417264	0.0	0.8396741686550285	0.0	0.0	0.39415042306417264	0.0	1.7221385623628715	0.39415042306417264	0.0	0.0	0.9238344987406026	0.0	0.39415042306417264	0.0	0.0	0.0	0.39415042306417264	0.0	0.9238344987406026	0.0	3.872676186017464	0.0	1.1981841332029592	0.0	0.0	0.0	0.0	0.39415042306417264	0.0	0.0	0.0	0.0	0.0	0.994303148768751	0.0	0.0	0.0	0.0	0.0	0.0	0.0	0.0	0.0	0.39415042306417264	0.0	0.0	0.0	1.4410513883129503	2.4612953734039067	0.0	1.1554733687564895	0.0	0.0	0.0	0.0	0.39415042306417264	0.0	0.0	0.0	0.0	0.0	0.0	0.0	0.5973178199108964	2.3591810155428274	0.0	0.0	0.735186832847637	0.735186832847637	0.735186832847637	1.1554733687564895	0.0	0.8396741686550285	2.0190315858757217	0.0	0.39415042306417264	0.0	2.5841893716385584	0.0	0.5973178199108964	0.0	1.391860697129031	0.0	0.0	0.0	1.1554733687564895	2.275867625291111	0.0	0.0	0.39415042306417264	0.0	0.0	1.1981841332029592	0.0	0.0	0.0	0.0	0.39415042306417264	0.0	0.0	0.39415042306417264	0.5973178199108964	1.99372933192216	0.0	1.829449240910256	0.0	0.0	0.0	0.0	1.7790999549040274	0.0	0.0	0.0	0.0	0.0	0.0	2.5875214455011526	1.7097915634715042	0.0	0.0	0.0	0.0	0.0	1.108099440812469	0.0	0.0	0.0	0.0	0.39415042306417264	0.8396741686550285	0.0	0.0	1.4410513883129503	0.0	0.0	0.0	0.0	0.0	0.9238344987406026	0.0	0.0	1.305730540357107	0.0	0.0	0.0	2.7582262197577365	0.9238344987406026	0.0	0.0	0.0	0.39415042306417264	0.0	0.0	0.0	0.0	0.0	0.0	0.0	0.0	0.0	0.0	1.579291963067358	0.0	0.0	0.5973178199108964	0.0	0.0	0.0	2.1896058208138887	0.0	1.7999451916793119	0.0	0.0	0.8396741686550285	0.0	0.0	0.0	0.8396741686550285	1.595885012056852	0.0
SRR13357669	0.0	0.34787087793830535	2.872889017247493	0.0	0.0	0.0	0.0	0.0	0.34787087793830535	0.0	0.8536290785124111	0.34787087793830535	0.6705536573463474	0.0	0.0	0.0	0.6705536573463474	0.0	0.34787087793830535	0.0	0.0	0.0	0.0	0.0	0.0	0.5385166036353013	0.0	3.6890899117384115	0.0	1.8659243263594782	0.0	0.0	0.0	0.0	1.8586022568215532	0.0	0.0	0.0	0.0	0.34787087793830535	0.0	0.0	1.1231237355046084	0.0	0.0	0.0	0.0	0.0	0.0	0.0	0.0	0.0	0.0	0.0	0.0	0.9820182240397014	0.0	0.0	0.0	0.0	0.0	0.0	0.0	0.0	0.0	0.0	0.0	0.0	0.0	0.0	3.1638665893298263	0.7716676310465641	0.0	0.7716676310465641	0.0	0.0	0.0	0.0	0.5385166036353013	0.0	0.0	0.0	0.0	0.0	0.0	0.0	0.34787087793830535	1.2598044731190368	0.0	0.0	0.7716676310465641	0.0	0.0	0.0	0.0	0.34787087793830535	0.0	0.0	0.0	0.0	0.0	3.5883670334025393	1.8035691422185445	0.0	2.2315527529703956	1.6431766593575479	0.0	1.8586022568215532	0.0	0.0	0.0	0.0	0.0	0.0	0.0	0.0	0.0	0.0	0.5385166036353013	0.0	0.0	0.6705536573463474	0.0	0.0	0.34787087793830535	0.0	0.0	0.34787087793830535	0.0	0.0	0.0	0.0	0.0	0.0	0.0	0.0	0.0	0.6705536573463474	0.0	1.0343148177830306	0.0	0.0	0.0	0.0	0.0	0.0	0.0	0.0	0.0	0.0	0.0	0.0	0.0	0.0	0.0	1.7501207631329088	0.0	2.022678563405779	0.0	0.0	0.0	0.5385166036353013	1.288172971882545	0.0	0.0	1.5635452559243899	0.0	0.0	0.0	0.0	0.0	0.0	0.0	0.0	0.0	0.0	0.0	0.0	0.34787087793830535	0.0	0.0	0.0	0.5385166036353013	3.3414404241661173	0.0	0.34787087793830535	0.0	1.407483601268081	0.0	0.34787087793830535	0.0	0.7716676310465641	0.0	0.0	0.0	0.0	0.0	0.0	0.0	0.5385166036353013	0.0	0.0	0.0	1.080985400349447	0.0	1.768677437334374	0.0	0.5385166036353013	2.4884705837481644	0.0	0.0	0.34787087793830535	4.022241398640498	0.0	0.0	0.0	0.5385166036353013	0.0	0.34787087793830535	0.0	0.0	0.6705536573463474	0.0	0.0	0.0	0.0	0.0	0.6705536573463474	0.0	0.0	0.0	0.0	0.0	0.5385166036353013	0.0	0.0	0.34787087793830535	0.34787087793830535	0.0	0.7716676310465641	0.0	0.0	0.0	0.0	0.7716676310465641	0.0	0.0	0.0	0.0	0.34787087793830535	0.0	0.7716676310465641	0.0	0.0	0.0	0.0	0.0	0.0	0.0	0.0	0.0	1.2598044731190368	0.0	0.0	1.483823204378072	0.0	0.0	2.0376017651001943	0.0	0.0	0.0	0.0	0.0	0.8536290785124111	0.0	0.0	0.0	0.0	0.0	0.0	0.5385166036353013	0.0	0.0	0.0	0.0	2.3216426638517524	0.0	0.0	0.0	0.5385166036353013	0.0	0.0	0.0	0.0	0.0	0.0	0.34787087793830535	0.0	0.0	0.0	0.0	0.0	0.0	3.5706773269055354	0.0	0.9225508858001125	0.0	0.0	0.0	0.0	0.0	0.0	0.34787087793830535	2.2981353630170918	0.0
SRR13357670	0.0	0.21424984736138467	3.525853937615187	0.0	0.0	0.0	0.0	0.0	0.21424984736138467	0.0	0.21424984736138467	0.46438153166837404	0.6220888184437938	0.21424984736138467	0.0	0.0	0.21424984736138467	0.0	0.21424984736138467	0.0	0.0	0.0	0.0	0.0	0.0	0.6220888184437938	0.0	2.007601997030304	0.0	4.003493801481871	0.0	0.0	0.0	0.0	0.46438153166837404	0.0	0.0	0.0	0.0	0.0	0.0	0.0	0.8679141891408686	0.0	0.0	0.0	0.0	0.0	0.0	0.0	0.0	0.0	0.0	0.0	0.0	0.8679141891408686	0.21424984736138467	0.0	0.21424984736138467	0.0	0.9039221057695436	0.0	0.0	0.0	0.0	0.0	0.0	0.0	0.0	0.0	1.0734211529440392	0.0	0.0	0.0	0.0	0.46438153166837404	0.0	0.0	0.21424984736138467	0.0	0.0	0.0	0.0	0.21424984736138467	0.0	0.0	0.0	0.0	0.0	0.0	1.7470016077431187	0.0	0.0	0.0	0.0	0.0	0.0	0.0	0.0	0.0	0.46438153166837404	1.4020002265219484	1.2290149459617086	0.0	0.46438153166837404	2.706968116507122	0.0	0.21424984736138467	0.0	0.0	0.0	0.0	0.0	0.0	0.3570800631688576	0.0	0.0	0.0	0.7375352589927037	0.0	0.0	0.6220888184437938	0.0	0.0	0.21424984736138467	0.0	0.0	0.21424984736138467	0.0	0.0	0.0	0.0	0.0	0.0	0.21424984736138467	0.0	0.3570800631688576	0.0	0.0	0.21424984736138467	0.0	0.0	0.0	0.21424984736138467	0.0	0.0	0.0	0.0	0.0	0.0	0.0	0.46438153166837404	0.0	0.0	0.0	4.041585476988573	0.0	1.2754780465404847	0.0	0.0	0.0	0.0	0.550354803347328	0.0	0.0	1.2290149459617086	0.0	0.0	0.0	0.0	0.0	0.0	0.0	0.0	0.0	0.0	0.0	0.0	0.0	0.0	0.0	0.0	0.21424984736138467	3.389955381245601	0.0	0.21424984736138467	0.0	0.8286486846040942	0.0	0.0	0.0	0.7854770113469951	1.3433303677618782	0.0	0.0	0.0	0.0	0.0	0.0	0.6220888184437938	0.0	0.0	0.0	0.8679141891408686	0.21424984736138467	1.289923125629373	0.0	0.0	0.6220888184437938	0.0	0.46438153166837404	0.3570800631688576	2.266406771908092	0.0	0.0	0.0	0.21424984736138467	0.0	0.0	0.0	0.21424984736138467	0.8679141891408686	0.0	0.0	0.0	0.0	0.0	0.0	0.0	0.21424984736138467	0.0	0.0	0.3570800631688576	0.0	0.0	0.0	0.0	0.6220888184437938	0.0	0.46438153166837404	0.21424984736138467	0.0	0.0	0.0	0.7375352589927037	0.0	0.0	0.0	0.0	0.21424984736138467	0.0	0.0	0.0	0.0	0.0	0.0	0.0	0.0	0.3570800631688576	0.21424984736138467	0.0	0.6836368695241875	0.0	0.21424984736138467	1.1769787957711144	0.0	0.21424984736138467	2.100372803101849	0.0	0.0	0.0	0.0	0.0	3.0383040404158432	0.0	0.0	0.0	0.0	0.0	0.0	1.1769787957711144	0.0	0.0	0.0	0.0	0.21424984736138467	0.0	0.0	0.0	0.3570800631688576	0.0	0.0	0.0	0.0	0.0	0.0	0.0	0.21424984736138467	0.0	0.0	0.0	0.0	0.0	0.9968888113822545	0.0	0.46438153166837404	0.0	0.0	0.0	0.21424984736138467	0.0	0.0	0.46438153166837404	0.21424984736138467	0.0
SRR13357671	0.6583054438075583	0.0	0.6583054438075583	0.0	0.0	0.0	0.0	0.0	1.5626593857964184	0.0	0.0	0.6583054438075583	0.0	1.0666704326929946	0.0	0.0	0.0	0.0	0.6583054438075583	0.0	0.0	0.0	0.0	0.0	0.0	0.0	0.0	0.9088153543435838	0.0	2.085664324490445	0.0	0.0	0.0	0.0	0.0	0.0	0.0	0.0	0.0	0.0	0.0	0.0	0.9088153543435838	0.0	0.0	0.0	0.6583054438075583	0.0	0.0	0.0	0.0	0.0	0.0	0.0	0.0	1.1821956471996649	0.0	0.0	0.0	0.0	0.6583054438075583	0.0	0.0	0.0	0.0	0.0	0.0	0.0	0.0	0.0	3.5752063764449646	0.0	0.0	0.0	0.0	0.0	0.0	0.0	0.0	0.0	0.0	0.0	0.0	0.0	0.0	0.0	0.0	0.0	0.0	0.0	0.0	0.0	0.0	0.0	0.0	0.6583054438075583	0.0	0.0	0.0	0.0	0.0	2.444264032737654	0.6583054438075583	0.0	0.0	0.6583054438075583	0.0	0.0	0.0	0.0	0.0	0.0	0.0	0.0	0.0	0.0	0.0	0.0	1.1821956471996649	0.0	0.0	0.0	0.0	0.0	0.0	0.0	0.0	1.0666704326929946	0.0	0.0	0.0	0.0	0.0	0.0	0.0	0.0	0.0	0.0	0.0	0.0	0.0	0.0	0.0	0.0	0.0	0.0	0.0	0.6583054438075583	0.0	0.0	0.0	0.0	0.0	0.6583054438075583	0.0	3.259265227118912	0.0	2.525031428343317	0.0	0.0	0.0	0.0	0.6583054438075583	0.0	0.0	0.0	0.0	0.0	0.0	0.0	0.0	0.0	0.6583054438075583	0.0	0.0	0.6583054438075583	0.0	0.0	1.1821956471996649	0.0	0.0	0.0	0.6583054438075583	1.5626593857964184	0.0	0.9088153543435838	0.0	0.0	0.0	0.0	0.0	0.6583054438075583	0.0	0.0	0.0	0.0	0.0	0.0	0.0	0.0	0.0	0.0	0.6583054438075583	0.6583054438075583	0.6583054438075583	0.9088153543435838	0.0	0.0	1.1821956471996649	0.0	0.0	0.6583054438075583	2.196826986933209	0.0	0.0	0.0	0.6583054438075583	0.0	0.0	0.0	0.0	1.1821956471996649	0.0	0.0	0.0	0.0	0.0	0.6583054438075583	0.0	0.0	0.0	0.0	0.0	0.0	0.0	0.0	0.0	0.6583054438075583	0.0	1.0666704326929946	0.0	0.0	0.0	0.0	1.0666704326929946	0.0	0.0	0.0	0.0	0.6583054438075583	0.0	0.0	1.0666704326929946	0.0	0.0	0.0	0.0	0.0	0.0	0.0	0.0	0.0	0.0	0.0	1.935879737395469	0.0	0.0	4.33438600003414	0.0	0.0	0.6583054438075583	0.0	0.0	0.0	0.0	0.0	0.0	0.0	0.0	0.0	1.2733580235145576	0.0	0.0	0.0	0.0	0.0	0.0	0.0	0.0	0.0	0.0	0.0	0.0	0.0	0.0	0.0	1.1821956471996649	0.0	0.0	0.0	0.0	0.0	0.0	2.8565612435854524	0.0	1.1821956471996649	0.0	0.0	0.0	0.0	0.0	0.0	0.0	1.3486648127380034	0.0
SRR13357672	0.4081522194721213	0.0	3.303112621086856	0.0	0.0	0.0	0.0	0.0	0.4081522194721213	0.0	0.0	1.015229654847607	0.30955676035346663	0.4081522194721213	0.0	0.0	0.0	0.0	0.30955676035346663	0.0	0.0	0.0	0.0	0.0	0.0	0.30955676035346663	0.0	0.754229689228164	0.0	4.345156006082097	0.0	0.0	0.0	0.0	0.30955676035346663	0.0	0.0	0.0	0.0	0.0	0.0	0.0	0.30955676035346663	0.0	0.18179432930511158	0.0	0.18179432930511158	0.18179432930511158	0.0	0.0	0.0	0.0	0.0	0.0	0.0	0.18179432930511158	0.18179432930511158	0.18179432930511158	0.18179432930511158	0.0	0.8596144563884431	0.0	0.0	0.0	0.0	0.0	0.0	0.0	0.0	0.0	1.5542280170656577	0.18179432930511158	0.0	0.18179432930511158	0.0	0.30955676035346663	0.18179432930511158	0.0	0.0	0.0	0.0	0.18179432930511158	0.0	0.0	0.0	0.0	0.0	0.18179432930511158	0.0	0.0	1.8709636364045241	0.0	0.18179432930511158	0.5561985037523003	0.0	0.18179432930511158	0.0	0.0	0.0	0.0	0.0	2.523342761319169	0.30955676035346663	0.0	0.8272467025224536	2.2126834658997376	0.18179432930511158	0.30955676035346663	0.0	0.0	0.0	0.0	0.18179432930511158	0.0	0.8272467025224536	0.0	0.0	0.0	0.30955676035346663	0.0	0.0	0.0	0.0	0.0	0.0	0.0	0.0	0.6147881699855143	0.0	0.0	0.0	0.0	0.0	0.0	0.30955676035346663	0.18179432930511158	0.6147881699855143	0.0	0.30955676035346663	0.0	0.0	0.0	0.0	0.0	0.0	0.0	0.0	0.0	0.0	0.0	0.0	0.30955676035346663	0.0	0.5561985037523003	0.0	3.591321343726353	0.0	0.8272467025224536	0.30955676035346663	0.0	0.0	0.0	0.30955676035346663	0.0	0.0	0.18179432930511158	0.0	0.0	0.0	0.0	0.0	0.18179432930511158	0.0	0.0	0.0	0.18179432930511158	0.0	0.0	0.0	0.0	0.0	0.0	0.6664050171139164	2.2535823957528973	0.0	0.30955676035346663	0.0	0.18179432930511158	0.0	0.0	0.0	0.0	0.0	0.0	0.0	0.0	0.0	0.0	0.30955676035346663	0.8272467025224536	0.18179432930511158	0.0	0.0	0.4081522194721213	0.4884534732944774	0.30955676035346663	0.0	0.4081522194721213	1.6499723854415558	0.0	0.30955676035346663	0.4081522194721213	1.885897145481279	0.0	0.18179432930511158	0.0	0.7125336103196792	0.0	0.0	0.0	0.0	1.015229654847607	0.0	0.0	0.0	0.0	0.0	0.5561985037523003	0.0	0.0	0.0	0.0	0.0	0.0	0.0	0.0	0.0	1.1459943206557426	0.0	0.4884534732944774	0.0	0.0	0.0	0.0	0.8596144563884431	0.0	0.0	0.0	0.0	0.0	0.0	0.0	1.2712405795181403	0.0	0.0	0.0	0.0	0.0	0.4884534732944774	0.0	0.0	0.0	0.0	0.0	0.18179432930511158	0.0	0.0	1.246362742980667	0.0	0.0	0.0	0.0	0.0	1.2061509986853174	0.0	0.0	0.8596144563884431	0.0	0.0	0.0	1.3278343892281137	0.18179432930511158	0.0	0.0	0.0	0.0	0.0	0.0	0.0	0.0	0.0	0.0	0.0	0.0	0.0	0.0	1.0567734825464006	0.0	0.0	0.0	0.0	0.0	0.0	1.3964098149993511	0.0	1.2589797725815626	0.0	0.0	0.18179432930511158	0.0	0.0	0.0	0.30955676035346663	1.3872517265200206	0.0
SRR13357676	0.6403313544152667	0.0	2.726221169857528	0.0	0.0	0.0	0.0	0.26531851218437724	0.26531851218437724	0.0	0.5473275781881866	1.3265599259914094	2.4155971756496486	0.26531851218437724	0.0	0.0	0.42882215974487403	0.0	0.0	0.0	0.5473275781881866	0.0	0.0	0.0	0.0	0.8385253042352588	0.0	0.7819516693307741	0.0	4.131342172347391	3.0659422355280164	0.0	0.0	0.0	1.1851477073333418	0.9741073857200977	0.0	0.26531851218437724	0.0	0.0	0.0	0.0	0.7819516693307741	0.0	0.26531851218437724	0.0	0.8385253042352588	0.0	0.0	0.0	0.0	0.0	0.0	0.0	0.0	0.42882215974487403	0.42882215974487403	0.0	0.0	0.0	1.2304572982509943	0.0	0.0	0.0	0.0	0.26531851218437724	0.0	0.0	0.0	0.0	2.6271051051070073	1.4957719809852874	0.0	0.26531851218437724	0.0	0.42882215974487403	0.26531851218437724	0.0	0.0	0.0	0.26531851218437724	0.26531851218437724	0.0	0.26531851218437724	0.0	0.0	0.0	0.0	0.0	0.26531851218437724	2.503082424454666	0.0	0.42882215974487403	1.0112890436190147	0.0	1.3265599259914094	1.5607331021163078	0.0	0.0	0.0	0.0	2.6373405787976356	0.26531851218437724	0.0	0.42882215974487403	2.615737492917733	0.26531851218437724	2.2375261306887273	0.0	0.0	0.0	0.26531851218437724	0.0	0.0	1.3089658275206228	0.0	0.26531851218437724	0.0	0.7819516693307741	0.0	0.0	0.0	0.0	0.0	0.0	0.0	0.0	0.42882215974487403	0.0	0.0	0.0	0.0	0.5473275781881866	0.0	0.42882215974487403	0.0	0.5473275781881866	0.42882215974487403	0.0	0.7819516693307741	0.0	0.7819516693307741	0.0	0.7168887859189869	0.0	0.0	0.0	0.0	0.0	0.0	0.0	0.0	0.0	0.7168887859189869	0.0	3.800621080051774	0.0	0.8385253042352588	0.0	0.0	0.0	0.0	0.0	0.0	0.0	0.0	0.0	0.0	0.0	0.0	0.0	1.5072962329418433	0.0	0.0	0.26531851218437724	0.0	0.0	0.0	0.0	0.0	0.0	0.0	0.9334418664099297	0.6403313544152667	0.0	1.0112890436190147	0.0	1.6902047988109743	0.0	0.0	0.0	0.42882215974487403	0.0	0.0	0.0	0.0	0.0	0.26531851218437724	0.0	2.493797003559232	0.0	0.0	0.42882215974487403	2.5539557455720336	0.0	0.26531851218437724	0.0	0.6403313544152667	1.3905718179230773	1.0455369533144454	0.26531851218437724	0.26531851218437724	1.4052020801039142	0.0	0.0	0.0	1.0455369533144454	0.26531851218437724	0.0	0.0	0.26531851218437724	1.8557510312345542	0.0	0.0	0.0	0.0	0.0	1.1068608771561954	0.26531851218437724	0.0	0.0	0.26531851218437724	0.0	0.0	0.0	0.0	1.529466009397439	1.3089658275206228	0.26531851218437724	3.49582335281903	0.0	0.0	0.0	0.0	3.021307023114732	0.0	0.0	0.0	0.0	0.0	0.0	0.0	1.3434689188402311	0.0	0.0	0.0	0.0	0.0	1.2304572982509943	0.26531851218437724	0.0	0.0	0.0	0.0	1.3434689188402311	0.0	0.0	1.5607331021163078	0.0	0.0	0.0	0.0	0.0	0.0	0.0	0.0	0.7168887859189869	0.26531851218437724	0.0	0.0	1.7048814109899535	0.0	0.0	0.0	0.0	0.0	0.0	0.0	0.0	0.0	0.26531851218437724	0.0	0.26531851218437724	0.0	0.0	0.0	1.3905718179230773	0.0	0.0	0.0	0.0	0.0	0.0	1.2714831761681769	0.0	1.5401404574525606	0.0	0.0	0.6403313544152667	0.0	0.0	0.7819516693307741	0.0	1.2514544988332736	0.0
SRR13357677	0.0	0.0	2.9533184360854117	0.0	0.0	0.0	0.0	0.0	0.4129247838888161	0.0	0.0	0.0	0.6207115453889789	0.25379395656531745	0.0	0.0	0.0	0.0	0.25379395656531745	0.0	0.0	0.0	0.0	0.0	0.0	0.4129247838888161	0.0	0.0	0.0	4.243819324383889	2.7560376048822497	0.0	0.0	0.0	0.5291282768675724	0.0	0.0	0.0	0.0	0.0	0.0	0.0	0.4129247838888161	0.0	0.0	0.0	0.25379395656531745	0.0	0.0	0.0	0.0	0.0	0.0	0.0	0.0	0.0	0.0	0.0	0.0	0.0	1.0538644786159432	0.0	0.0	0.0	0.0	0.0	0.0	0.0	0.0	0.0	2.575772306335138	0.8167168698691541	0.0	0.0	0.0	0.25379395656531745	0.0	0.0	0.4129247838888161	0.0	0.0	0.0	0.0	0.0	0.0	0.0	0.0	0.0	0.0	0.0	0.0	0.0	0.4129247838888161	0.9108879501291299	0.0	1.0222876330538362	0.0	0.0	0.0	0.0	0.0	1.6576047021711773	0.0	0.0	0.0	2.06488062373881	0.0	1.9178723356388607	0.0	0.0	0.0	0.0	0.0	0.0	1.3509226555651725	0.0	0.25379395656531745	0.0	0.4129247838888161	0.0	0.25379395656531745	0.4129247838888161	0.0	0.0	0.25379395656531745	0.0	0.0	0.0	0.0	0.0	0.25379395656531745	0.0	0.25379395656531745	0.0	0.25379395656531745	0.0	0.0	0.25379395656531745	0.0	0.9882335973481132	0.0	0.6207115453889789	0.0	0.0	0.0	0.0	0.0	0.0	0.0	0.0	0.0	0.0	0.0	0.25379395656531745	0.0	3.693564658350837	0.0	0.9512803614681826	0.0	0.0	0.0	0.0	0.25379395656531745	0.0	0.0	0.0	0.0	0.0	0.5291282768675724	0.0	0.0	1.3190447896540012	0.0	0.0	0.0	0.0	0.0	0.0	0.0	0.0	0.0	0.0	0.4129247838888161	0.5291282768675724	0.0	0.9882335973481132	0.0	0.5291282768675724	0.0	0.0	0.0	0.0	0.0	0.4129247838888161	0.0	0.0	0.0	0.0	0.25379395656531745	1.3660250128662896	0.0	0.0	0.0	3.066263115227858	0.25379395656531745	0.25379395656531745	0.0	0.25379395656531745	0.9108879501291299	0.0	0.4129247838888161	1.0222876330538362	1.161248178198184	0.0	0.0	0.0	0.4129247838888161	0.25379395656531745	0.25379395656531745	0.0	0.9882335973481132	2.3580307464288564	0.0	0.0	0.0	0.0	0.0	0.0	0.0	0.0	0.25379395656531745	0.0	0.0	0.0	0.0	0.0	0.25379395656531745	1.3021831735001475	0.0	2.449077813666645	0.0	0.0	0.0	0.0	3.4144711603753635	0.0	0.0	0.0	0.0	0.25379395656531745	0.0	0.25379395656531745	0.6207115453889789	0.0	0.0	0.0	0.0	0.0	0.5291282768675724	0.0	0.0	0.0	0.0	0.8167168698691541	0.8663498960281979	0.0	0.0	1.4591795438984034	0.0	0.0	0.0	0.0	0.0	0.6207115453889789	0.0	0.0	0.0	0.0	0.0	0.0	1.4345388458043205	0.5291282768675724	0.0	0.0	0.0	0.0	0.4129247838888161	0.0	0.0	0.0	0.25379395656531745	0.0	0.0	0.0	0.0	0.0	0.25379395656531745	0.0	0.0	0.0	0.0	0.0	0.25379395656531745	2.0211834575062637	0.0	0.7606707815614809	0.0	0.0	0.0	0.0	0.0	0.0	0.5291282768675724	0.25379395656531745	0.0
SRR13357678	0.0	0.0	3.1377208820746136	0.0	0.0	0.0	0.0	0.5804746577540386	0.7167607950444789	0.0	0.0	0.0	3.884871328279746	0.0	0.0	0.0	0.0	0.0	0.0	0.0	0.3807584224322427	0.0	0.0	0.0	0.0	0.3807584224322427	0.0	0.5804746577540386	0.0	4.107570318086735	1.1344076383545816	0.0	0.0	0.0	0.7167607950444789	0.0	0.0	0.0	0.0	0.0	0.0	0.0	0.7167607950444789	0.0	0.0	0.0	0.5804746577540386	0.0	0.0	0.0	0.0	0.0	0.0	0.0	0.0	0.5804746577540386	0.0	0.0	0.0	0.0	1.1344076383545816	0.0	0.0	0.0	0.0	0.0	0.0	0.0	0.0	0.0	2.399221164406821	0.0	0.0	0.3807584224322427	0.0	0.0	0.0	0.0	0.0	0.0	0.0	0.0	0.0	0.0	0.0	0.0	0.0	0.0	0.0	0.0	0.3807584224322427	0.0	0.3807584224322427	0.5804746577540386	0.0	0.9039104997613008	0.0	0.0	0.0	0.0	0.0	1.176966417597595	0.3807584224322427	0.0	0.3807584224322427	1.9841029384899522	0.0	1.8165010295589783	0.0	0.0	0.0	0.0	0.0	0.0	1.176966417597595	0.0	0.0	0.0	0.9039104997613008	0.0	0.0	0.0	0.0	0.0	0.0	0.0	0.0	0.0	0.0	0.0	0.0	0.0	0.0	0.0	0.0	0.0	0.0	0.0	0.0	0.3807584224322427	0.0	0.0	0.0	0.0	0.0	0.0	0.0	0.0	0.0	0.0	0.0	0.0	0.0	0.0	0.0	3.5158567827510914	0.0	1.176966417597595	0.0	0.0	0.0	0.0	0.3807584224322427	0.0	0.0	0.0	0.0	0.0	0.0	0.0	0.0	0.5804746577540386	0.0	0.0	0.0	0.0	0.0	0.0	0.3807584224322427	0.0	0.0	0.0	0.3807584224322427	0.0	0.0	0.8203396070504971	0.0	0.5804746577540386	0.0	0.0	0.0	0.0	0.0	0.0	0.0	0.0	0.0	0.0	0.0	1.176966417597595	0.0	0.0	0.0	2.9072714822149957	0.0	0.0	0.0	0.9039104997613008	0.7167607950444789	0.0	0.0	0.8203396070504971	1.4633033028895794	0.0	0.0	0.0	0.3807584224322427	0.0	0.0	0.0	0.5804746577540386	2.1047339485956678	0.0	0.0	0.0	0.0	0.0	0.0	0.0	0.0	0.0	0.0	0.0	0.0	0.0	0.0	0.0	1.0872206565644866	0.0	2.214183922702228	0.0	0.0	0.0	0.0	3.347016188933759	0.0	0.0	0.0	0.0	0.0	0.0	0.5804746577540386	0.0	0.0	0.0	0.0	0.0	0.0	0.0	0.0	0.0	0.0	0.0	0.3807584224322427	0.3807584224322427	0.0	0.0	1.964715249323697	0.0	0.0	0.0	0.0	0.0	0.0	0.0	0.0	0.0	0.0	0.0	0.0	1.3701134327416131	0.3807584224322427	0.0	0.0	0.0	0.0	0.0	0.0	0.3807584224322427	0.0	0.0	0.0	0.0	0.0	0.0	0.0	0.0	0.0	0.0	0.0	0.0	0.0	0.0	1.7118824994320907	0.0	0.0	0.0	0.0	0.0	0.3807584224322427	0.0	0.0	0.0	0.0	0.0
SRR13357679	0.6383327491222979	0.0	2.6880983252550505	0.0	0.0	0.0	0.0	0.32554526263027206	1.1581733713641968	0.0	0.0	1.2207882747585694	0.5095101091501237	0.5095101091501237	0.0	0.0	0.32554526263027206	0.0	0.32554526263027206	0.0	0.6383327491222979	0.0	0.0	0.0	0.0	0.32554526263027206	0.0	1.0431774369503228	0.0	4.246621855618121	0.0	0.0	0.0	0.0	0.5095101091501237	0.0	0.0	0.0	0.0	0.0	0.0	0.0	1.1231191369919333	0.0	0.0	0.0	0.0	0.0	0.0	0.0	0.0	0.0	0.0	0.0	0.0	0.9969122362944162	0.32554526263027206	0.0	0.32554526263027206	0.0	1.1581733713641968	0.0	0.0	0.0	0.0	0.32554526263027206	0.0	0.0	0.0	0.0	2.5039283051719754	0.7375565405105444	0.0	0.0	0.0	0.32554526263027206	0.0	0.0	0.32554526263027206	0.0	0.0	0.5095101091501237	0.0	0.0	0.0	0.0	0.0	0.0	0.0	0.0	0.32554526263027206	0.0	0.0	0.7375565405105444	0.32554526263027206	0.6383327491222979	0.0	0.0	0.32554526263027206	0.0	0.0	2.8449157730835277	0.32554526263027206	0.0	0.9969122362944162	1.5778680170896	0.0	1.1581733713641968	0.0	0.0	0.0	0.0	0.32554526263027206	0.0	1.4074788228119006	0.32554526263027206	0.0	0.0	0.32554526263027206	0.0	0.0	0.0	0.0	0.0	0.0	0.0	0.32554526263027206	0.8182734853706648	0.0	0.0	0.32554526263027206	0.0	0.0	0.0	0.8182734853706648	0.0	0.5095101091501237	0.0	0.0	0.6383327491222979	0.0	0.5095101091501237	0.32554526263027206	0.0	0.0	0.0	0.0	0.32554526263027206	0.0	0.0	0.0	0.0	0.0	0.8182734853706648	0.0	3.7829914493102494	0.0	1.3240888520336749	0.32554526263027206	0.0	0.0	0.0	0.6383327491222979	0.0	0.0	0.0	0.0	0.0	0.0	0.0	0.0	0.5095101091501237	0.0	0.0	0.0	0.0	0.0	0.0	0.0	0.0	0.0	0.0	0.9451242404274866	0.32554526263027206	0.0	0.8182734853706648	0.0	0.5095101091501237	0.0	0.0	0.0	0.0	0.0	0.0	0.0	0.0	0.0	0.0	0.32554526263027206	1.34648481152881	0.0	0.0	0.32554526263027206	3.1049663500424334	0.8863138875089553	0.32554526263027206	0.0	0.9969122362944162	1.9279388679912495	0.0	0.32554526263027206	0.8863138875089553	1.1581733713641968	0.0	0.5095101091501237	0.0	1.2207882747585694	0.0	0.0	0.0	0.32554526263027206	2.4384716757006872	0.0	0.0	0.0	0.0	0.0	0.9969122362944162	0.0	0.0	0.32554526263027206	0.0	0.0	0.0	0.0	0.0	0.7375565405105444	1.5085571651792802	0.0	1.8028016037098447	0.0	0.0	0.0	0.0	3.2234917984962923	0.0	0.0	0.0	0.0	0.32554526263027206	0.0	0.32554526263027206	1.4932613394307466	0.0	0.0	0.0	0.0	0.0	0.0	0.0	0.0	0.0	0.0	0.0	0.32554526263027206	0.0	0.0	1.699927398884365	0.0	0.0	0.0	0.0	0.0	0.32554526263027206	0.0	0.0	0.9451242404274866	0.0	0.5095101091501237	0.0	1.6027656643366293	0.5095101091501237	0.0	0.0	0.0	0.0	0.0	0.0	0.0	0.0	0.9451242404274866	0.0	0.0	0.0	0.0	0.0	1.3677822599037717	0.0	0.0	0.0	0.0	0.0	0.5095101091501237	0.8863138875089553	0.0	1.7188555747374252	0.0	0.32554526263027206	0.0	0.0	0.0	0.0	0.32554526263027206	1.5514557418046853	0.0
SRR13357681	1.9247944661624328	0.0	2.809433688090153	0.0	0.0	0.0	0.26467404476012735	0.0	0.7157489343327538	0.0	0.0	0.6392437533799736	3.128407513709723	0.5463171718307003	0.0	0.0	0.0	0.0	0.0	0.0	0.8373192331097481	0.0	0.0	0.0	0.0	0.0	0.0	0.780774102620349	0.0	3.9836485175777128	2.350786659135328	0.0	0.0	0.0	0.9728463707056095	0.5463171718307003	0.0	0.0	0.0	0.0	0.26467404476012735	0.0	1.8387903420639273	0.0	0.427937354982388	0.0	0.26467404476012735	0.0	0.0	0.26467404476012735	0.0	0.0	0.0	0.0	0.0	0.0	0.427937354982388	0.0	0.427937354982388	0.0	0.7157489343327538	0.0	0.0	0.0	0.0	0.427937354982388	0.0	0.0	0.0	0.0	1.8933398375882224	0.5463171718307003	0.0	0.0	0.0	1.207069580447747	0.0	0.0	0.26467404476012735	0.0	0.0	0.5463171718307003	0.0	0.0	0.0	0.0	0.0	0.26467404476012735	0.0	0.0	2.602656834687532	0.0	0.26467404476012735	2.021538569074895	0.7157489343327538	1.6736336699187186	0.0	0.0	0.780774102620349	0.0	0.0	2.5107668120108664	0.26467404476012735	0.0	0.5463171718307003	1.981597450389582	0.0	0.780774102620349	0.0	0.0	0.0	1.1592740104256856	0.0	0.0	0.780774102620349	0.26467404476012735	0.0	0.26467404476012735	2.7336528106275844	0.0	0.0	0.0	0.0	0.0	0.427937354982388	0.0	0.0	0.427937354982388	0.0	0.0	0.0	0.0	0.0	0.0	0.427937354982388	0.0	0.26467404476012735	0.0	0.0	0.7157489343327538	0.0	0.0	1.105560364626002	0.427937354982388	0.0	0.0	0.26467404476012735	0.427937354982388	0.0	0.26467404476012735	0.0	0.0	0.0	0.8373192331097481	0.0	3.7466677914242283	0.0	0.8373192331097481	0.0	0.0	0.0	0.427937354982388	0.0	0.0	0.0	0.26467404476012735	0.0	0.0	0.0	0.0	0.0	0.427937354982388	0.0	0.0	0.0	0.0	0.0	0.0	0.0	0.0	0.0	0.0	1.5171543937884995	0.9321955711880568	0.0	2.2297268316245002	0.26467404476012735	0.5463171718307003	0.0	0.0	0.0	0.0	0.26467404476012735	0.0	0.0	0.0	0.0	0.0	0.0	2.2567890710392056	0.0	0.0	0.0	2.182101717939913	0.8873431120470616	0.8373192331097481	0.0	1.010015723989618	1.4317033360113014	1.3740800003270746	0.0	0.5463171718307003	1.010015723989618	0.0	0.0	0.0	1.0759876858549848	0.0	0.0	0.0	0.427937354982388	3.1923529894965323	0.26467404476012735	0.0	0.0	0.0	0.0	0.7157489343327538	0.0	0.0	0.0	0.26467404476012735	0.0	0.26467404476012735	0.0	0.0	3.401836409813715	1.010015723989618	0.427937354982388	2.503966501409056	0.0	0.0	0.0	0.0	3.2859170121313133	0.0	0.0	0.0	0.0	0.26467404476012735	0.0	3.0185022573359745	1.1838289718154242	0.0	0.26467404476012735	0.0	0.780774102620349	0.0	0.427937354982388	0.0	0.0	0.0	0.0	0.26467404476012735	0.9321955711880568	0.0	0.26467404476012735	0.780774102620349	0.0	0.0	0.0	0.0	0.0	2.8205959400207194	0.0	0.0	0.5463171718307003	0.26467404476012735	0.5463171718307003	0.0	2.853991477608993	0.0	0.0	0.0	0.0	0.0	0.0	0.26467404476012735	0.0	0.26467404476012735	0.0	0.0	0.0	0.0	0.0	0.0	1.2501227003551483	0.0	0.0	0.0	0.0	0.0	0.26467404476012735	2.624833500415923	0.0	1.3421219992673799	0.0	0.0	0.26467404476012735	0.0	0.0	1.3583948912486705	0.26467404476012735	1.0759876858549848	0.0
SRR13357682	0.5030872510603712	0.0	0.8782064097807383	0.0	0.0	0.0	0.0	0.5030872510603712	1.212024009916274	0.0	0.0	0.8782064097807383	0.9885299376889036	1.0764287601329308	0.0	0.729947968564683	0.5030872510603712	0.0	0.9885299376889036	0.0	0.0	0.0	0.0	0.0	0.0	0.0	0.0	1.266671377336599	0.0	1.7452382658093164	0.0	0.0	0.0	0.0	1.1494969662090861	0.0	0.0	0.0	0.0	0.0	0.0	0.0	0.5030872510603712	0.0	0.0	0.0	0.8782064097807383	0.0	0.0	0.0	0.0	0.0	0.0	0.0	0.0	1.0764287601329308	0.0	0.0	0.0	0.0	0.5030872510603712	0.0	0.0	0.0	0.0	0.0	0.0	0.0	0.0	0.0	3.5748105980225096	0.729947968564683	0.0	0.0	0.0	0.5030872510603712	0.0	0.0	0.0	0.0	0.0	0.0	0.0	0.0	0.0	0.0	0.0	0.729947968564683	0.0	0.0	0.0	0.0	0.0	0.0	0.0	0.729947968564683	0.0	0.0	0.0	0.0	0.0	2.5447796644151346	1.358855280168702	0.0	0.5030872510603712	0.9885299376889036	0.0	0.729947968564683	0.0	0.0	0.0	0.0	0.0	0.0	0.5030872510603712	0.0	0.0	0.0	0.729947968564683	0.0	0.0	0.0	0.0	0.0	0.0	0.0	0.0	0.9885299376889036	0.0	0.5030872510603712	0.0	0.0	0.0	0.0	0.0	0.0	0.0	0.0	0.0	0.0	0.0	0.0	0.5030872510603712	0.0	0.0	0.0	0.0	0.0	0.0	0.0	0.0	0.0	0.0	0.9885299376889036	0.0	3.7265343279903482	0.0	4.066672173012969	0.0	0.0	0.0	0.0	1.358855280168702	0.0	0.0	0.0	0.0	0.0	0.0	0.0	0.0	0.0	0.0	0.0	0.0	0.0	0.0	0.0	0.5030872510603712	0.0	0.0	0.0	0.8782064097807383	1.1494969662090861	0.0	0.0	0.0	0.8782064097807383	0.0	0.0	0.0	0.0	0.0	0.0	0.0	0.0	0.0	0.0	0.0	0.0	0.0	0.0	0.5030872510603712	1.212024009916274	0.5030872510603712	0.9885299376889036	0.0	1.266671377336599	1.212024009916274	0.0	0.5030872510603712	0.8782064097807383	2.960031577721922	0.0	0.729947968564683	0.0	0.8782064097807383	0.0	0.0	0.0	0.0	1.0764287601329308	0.0	0.0	0.0	0.0	0.0	0.0	0.0	0.0	0.0	0.0	0.0	0.0	0.0	0.0	0.0	0.729947968564683	0.0	0.9885299376889036	0.0	0.0	0.0	0.0	0.8782064097807383	0.0	0.0	0.0	0.0	0.0	0.0	0.5030872510603712	1.3152046350313358	0.0	0.0	0.0	0.0	0.0	0.5030872510603712	0.5030872510603712	0.0	0.5030872510603712	0.0	0.5030872510603712	1.528563975642623	0.0	0.0	3.5750631010312413	0.0	0.0	0.0	0.0	0.0	0.0	0.0	0.0	0.0	0.0	0.0	0.0	1.0764287601329308	0.0	0.0	0.0	0.0	0.729947968564683	0.0	0.0	0.0	0.0	0.0	0.0	0.0	0.0	0.0	0.0	1.3152046350313358	0.0	0.0	0.0	0.0	0.0	0.0	3.465699157120565	0.0	1.4683899439897576	0.0	0.0	0.0	0.0	0.0	0.0	0.0	1.266671377336599	0.0
SRR13357683	0.7009474228119164	0.0	3.088614540031688	0.0	0.0	0.0	0.25637218228191444	0.0	0.821640908683803	0.0	0.0	0.0	3.627555767929122	0.41649523758292656	0.0	0.625132749970838	0.0	0.25637218228191444	0.0	0.0	0.25637218228191444	0.0	0.0	0.0	0.0	0.25637218228191444	0.0	0.625132749970838	0.0	4.065886087485142	2.0169670840269216	0.0	0.0	0.0	1.0591590831239128	0.5332241648196344	0.0	0.0	0.0	0.0	0.0	0.0	2.1210469873006383	0.0	0.0	0.0	0.0	0.0	0.0	0.0	0.0	0.0	0.0	0.0	0.0	0.5332241648196344	0.0	0.0	0.0	0.0	0.9564390863349822	0.41649523758292656	0.0	0.0	0.9564390863349822	0.0	0.25637218228191444	0.0	0.0	0.0	2.207117504206023	1.0591590831239128	0.0	0.25637218228191444	0.0	0.41649523758292656	0.0	0.0	0.0	0.0	0.0	0.25637218228191444	0.0	0.0	0.0	0.25637218228191444	0.25637218228191444	0.25637218228191444	0.0	0.41649523758292656	2.1048846169399376	0.0	0.0	1.1898311026286228	0.0	2.443685124897092	0.0	0.0	0.41649523758292656	0.0	0.0	0.9934450094751407	0.25637218228191444	0.0	0.25637218228191444	2.0101939488118417	0.0	1.2327743633487336	0.0	0.0	0.0	0.821640908683803	0.0	0.0	0.821640908683803	0.0	0.0	0.0	0.41649523758292656	0.25637218228191444	0.25637218228191444	0.0	0.0	0.0	0.7009474228119164	0.0	0.0	0.0	0.0	0.0	0.0	0.0	0.0	0.0	0.0	0.0	0.25637218228191444	0.25637218228191444	0.0	0.41649523758292656	0.0	0.25637218228191444	0.625132749970838	0.25637218228191444	0.0	0.0	0.0	0.0	0.0	0.0	0.0	0.0	0.0	0.0	0.0	3.558120254168647	0.0	0.8713690755263708	0.0	0.0	0.0	0.0	0.0	0.0	0.0	0.0	0.0	0.0	0.25637218228191444	0.0	0.0	0.25637218228191444	0.0	0.0	0.0	0.0	0.0	0.0	0.0	0.0	0.0	0.25637218228191444	1.831093716166226	0.765473438556864	0.0	2.4055811539675394	0.0	0.0	0.0	0.0	0.0	0.0	1.1898311026286228	0.0	0.0	0.0	0.0	0.0	0.0	2.327563699717546	0.0	0.0	0.0	2.7112262762640107	1.0886282387221975	0.625132749970838	0.0	0.25637218228191444	0.0	1.0591590831239128	0.41649523758292656	0.625132749970838	1.0886282387221975	0.0	0.0	0.0	0.41649523758292656	0.0	0.0	0.0	0.0	2.850162892116422	0.7009474228119164	0.0	0.25637218228191444	0.0	0.0	0.0	0.0	0.0	0.0	0.0	0.0	0.0	0.0	0.41649523758292656	1.9998319709178336	1.0886282387221975	0.0	2.4935438313971616	0.0	0.0	0.25637218228191444	0.0	3.6263184004551836	0.0	0.0	0.0	0.0	0.0	0.0	0.0	0.0	0.0	0.0	0.0	0.0	0.0	0.0	0.25637218228191444	0.0	0.0	0.0	0.8713690755263708	1.0886282387221975	0.0	0.25637218228191444	1.0591590831239128	0.0	0.0	0.0	0.0	0.0	2.6616202506660738	0.0	0.0	0.0	0.25637218228191444	0.0	0.0	2.7023031784485214	0.25637218228191444	0.0	0.0	0.0	0.0	0.0	0.0	0.0	0.0	0.0	0.0	0.0	0.0	0.0	0.0	0.0	0.0	0.0	0.0	0.0	0.0	0.0	0.7009474228119164	0.25637218228191444	0.0	0.0	0.0	0.0	0.0	0.0	0.8713690755263708	0.0	0.0	0.0
SRR13357684	0.0	0.0	2.7779826186263965	0.0	0.0	0.0	0.0	0.0	0.7110350267365231	0.0	0.0	0.2620166311331459	2.703597139610965	0.0	0.0	0.7759031317765399	0.0	0.5421417989136209	0.0	0.0	0.4242837352595511	0.0	0.0	0.0	0.0	0.2620166311331459	0.0	0.6347473249447612	0.0	4.001593832433946	2.4498634713631784	0.0	0.0	0.2620166311331459	0.7759031317765399	2.019204711203812	0.0	0.0	0.0	0.0	0.0	0.0	1.6012340525825286	0.2620166311331459	0.0	0.0	0.0	0.0	0.0	0.0	0.0	0.0	0.0	0.0	0.0	0.5421417989136209	0.2620166311331459	0.0	0.0	0.0	1.1783694826596032	0.2620166311331459	0.2620166311331459	0.0	0.9270382017273151	0.0	0.0	0.0	0.0	0.0	2.312934479204008	0.6347473249447612	0.0	0.0	0.0	0.0	0.0	0.0	0.4242837352595511	0.0	0.2620166311331459	0.0	0.0	0.0	0.0	0.0	0.4242837352595511	0.0	0.0	0.0	2.5049402940086676	0.0	0.0	0.7759031317765399	0.5421417989136209	2.9138458149562223	0.0	0.0	0.4242837352595511	0.0	0.0	0.9270382017273151	0.2620166311331459	0.0	0.2620166311331459	2.6876501556242522	0.0	0.6347473249447612	0.2620166311331459	0.0	0.0	0.6347473249447612	0.0	0.0	1.0389396138947633	0.0	0.5421417989136209	0.0	0.4242837352595511	0.0	0.0	0.2620166311331459	0.0	0.0	0.4242837352595511	0.0	0.0	0.2620166311331459	0.0	0.0	0.0	0.0	0.0	0.0	0.0	0.0	0.0	0.0	0.0	0.8323295099240255	0.0	0.0	0.2620166311331459	0.4242837352595511	0.0	0.0	0.0	0.0	0.0	0.0	0.2620166311331459	0.0	0.0	0.0	0.0	3.781395320482004	0.0	0.9676276319285562	0.0	0.0	0.0	0.0	0.0	0.0	0.0	0.0	0.0	0.0	0.0	0.0	0.0	0.4242837352595511	0.0	0.0	0.0	0.0	0.0	0.0	0.2620166311331459	0.0	0.0	0.0	0.0	1.100176900844542	0.0	2.2489542463231746	0.0	0.6347473249447612	0.0	0.0	0.2620166311331459	0.2620166311331459	0.6347473249447612	0.0	0.0	0.0	0.0	0.0	0.0	2.0976928908639647	0.0	0.0	0.0	3.158221226551614	0.7759031317765399	0.8323295099240255	0.0	0.5421417989136209	0.0	1.0047456769307894	1.0389396138947633	0.4242837352595511	1.3684839195737972	0.2620166311331459	0.0	0.0	0.0	0.0	0.0	0.0	0.6347473249447612	2.718979242519821	0.0	0.0	0.0	0.0	0.0	0.7759031317765399	0.0	0.0	0.0	0.0	0.0	0.0	0.0	0.0	1.1538369162397375	0.8822604539224208	0.0	2.9556287696811587	0.0	0.0	0.0	0.2620166311331459	3.7480153895504946	0.0	0.0	0.0	0.0	0.6347473249447612	0.0	0.8323295099240255	0.0	0.0	0.0	0.0	0.0	0.0	0.2620166311331459	0.0	0.0	0.0	0.4242837352595511	0.2620166311331459	1.3684839195737972	0.0	0.4242837352595511	1.100176900844542	0.0	0.0	0.0	0.0	0.0	2.475876348482336	0.0	0.0	0.0	0.0	0.0	0.0	2.6586461030024866	0.0	0.0	0.0	0.0	0.0	0.0	0.4242837352595511	0.0	0.0	0.0	0.0	0.0	0.0	0.0	0.0	0.0	0.0	0.0	0.0	0.0	0.0	0.2620166311331459	1.0047456769307894	0.0	0.4242837352595511	0.0	0.0	0.0	0.0	0.0	0.6347473249447612	0.2620166311331459	0.0	0.2620166311331459
SRR13357685	0.22510401650476247	0.0	3.4273294066346818	0.0	0.0	0.0	0.0	0.0	0.4825332225506935	0.3726197316880177	0.0	0.3726197316880177	1.743011624870094	0.3726197316880177	0.0	0.705456319583574	0.22510401650476247	0.0	0.3726197316880177	0.0	0.0	0.0	0.0	0.0	0.0	0.0	0.0	0.9614435826356401	0.0	3.652890583795392	1.8026845724034186	0.0	0.0	0.22510401650476247	1.0487560394177176	1.1836492705815087	0.0	0.0	0.0	0.0	0.0	0.3726197316880177	0.9614435826356401	0.0	0.0	0.0	0.5701720674953435	0.0	0.0	0.0	0.0	0.0	0.0	0.0	0.0	0.22510401650476247	0.22510401650476247	0.0	0.0	0.0	1.074351863506972	0.0	0.0	0.0	0.5701720674953435	0.22510401650476247	0.0	0.22510401650476247	0.0	0.0	2.259280434176251	1.1431683969690023	0.0	0.0	0.0	0.0	0.0	0.0	0.3726197316880177	0.0	0.22510401650476247	0.0	0.0	0.0	0.0	0.0	0.22510401650476247	0.0	0.0	0.0	2.550895321903847	0.0	0.0	0.760003297048881	0.705456319583574	2.5391221929193493	0.0	0.0	0.4825332225506935	0.0	0.0	2.578224908787095	0.22510401650476247	0.0	1.315906946192856	1.9795923256172028	0.0	1.074351863506972	0.0	0.0	0.0	0.22510401650476247	0.0	0.0	0.22510401650476247	0.0	0.22510401650476247	0.0	0.5701720674953435	0.0	0.0	0.22510401650476247	0.0	0.0	0.6430607222932025	0.0	0.0	0.0	0.0	0.0	0.0	0.0	0.22510401650476247	0.0	0.4825332225506935	0.22510401650476247	0.0	0.22510401650476247	0.0	2.0400996608362654	0.0	0.0	0.22510401650476247	0.6430607222932025	0.0	0.0	0.0	0.0	0.0	0.0	0.0	0.0	0.0	0.0	0.0	4.013515704194294	0.0	0.9925393784000869	0.0	0.0	0.22510401650476247	0.0	0.22510401650476247	0.0	0.0	0.22510401650476247	0.0	0.0	0.0	0.0	0.0	1.2547934019186604	0.0	0.0	0.0	0.0	0.0	0.0	0.0	0.0	0.0	0.0	0.808457377675069	1.7211480995002997	0.0	2.061100352103202	0.0	0.808457377675069	0.0	0.0	0.0	0.0	0.0	0.0	0.0	0.0	0.0	0.0	0.0	1.7097892362524396	0.0	0.0	0.0	3.058465486029538	0.8520439775326915	1.1214190194830291	0.0	0.22510401650476247	1.3939648458380782	0.3726197316880177	0.760003297048881	0.3726197316880177	1.8253157233520145	0.0	0.0	0.0	0.0	0.0	0.22510401650476247	0.0	0.4825332225506935	3.119461211584547	0.705456319583574	0.0	0.22510401650476247	0.0	0.0	0.22510401650476247	0.0	0.0	0.22510401650476247	0.0	0.0	0.0	0.0	0.0	0.5701720674953435	0.9925393784000869	0.0	2.3912764425033584	0.0	0.0	0.0	0.0	3.8252381654657324	0.0	0.0	0.0	0.0	0.0	0.0	0.22510401650476247	0.0	0.0	0.0	0.0	0.0	0.0	0.0	0.0	0.0	0.22510401650476247	0.0	0.760003297048881	1.405712042467211	0.0	0.0	1.7638270369773013	0.0	0.0	0.0	0.0	0.0	1.0487560394177176	0.0	0.0	0.0	0.22510401650476247	0.0	0.0	2.009458190144266	0.0	0.0	0.0	0.0	0.0	0.0	0.4825332225506935	0.0	0.0	0.3726197316880177	0.0	0.0	0.0	0.0	0.0	0.22510401650476247	0.0	0.0	0.0	0.0	0.0	0.9279484042659867	1.1638803192289053	0.0	0.4825332225506935	0.0	0.0	0.0	0.0	0.0	0.3726197316880177	0.22510401650476247	1.315906946192856	0.0
SRR13357689	0.0	0.0	0.4622031122765017	0.0	0.0	0.0	0.0	0.0	1.4832995779226112	0.0	0.2898897047501774	1.2092358920174175	0.759422104953656	0.4622031122765017	0.0	0.2898897047501774	0.2898897047501774	0.0	0.2898897047501774	0.0	0.4622031122765017	0.0	0.0	0.0	0.0	0.9342355616847956	0.0	3.716131642593953	0.0	1.6500166885259406	0.2898897047501774	0.0	0.0	0.0	3.0953776085467153	0.0	0.0	0.0	0.0	0.0	0.0	0.0	1.3209007398967345	0.0	0.2898897047501774	0.0	0.8258217253126158	0.0	0.0	0.0	0.0	0.0	0.0	0.0	0.0	1.2092358920174175	0.2898897047501774	0.5852405276474621	0.5852405276474621	0.0	0.8834028424549896	0.0	0.0	0.0	0.0	0.2898897047501774	0.0	0.0	0.0	0.0	1.6680948106414772	0.9342355616847956	0.0	0.5852405276474621	0.2898897047501774	0.759422104953656	0.0	0.2898897047501774	0.0	0.0	0.0	0.2898897047501774	0.0	0.2898897047501774	0.0	0.0	0.2898897047501774	1.279613109325752	0.0	0.0	0.0	0.0	0.0	0.0	0.0	0.2898897047501774	0.0	0.0	0.0	0.0	0.0	2.647721473788169	1.4832995779226112	0.0	0.8834028424549896	3.3977208015201565	0.0	1.8038466119763366	0.0	0.0	0.0	0.0	0.0	0.0	0.0	0.0	0.2898897047501774	0.0	1.9019811552320753	0.0	0.0	0.0	0.0	0.0	0.2898897047501774	0.0	0.2898897047501774	0.8258217253126158	0.2898897047501774	0.0	0.2898897047501774	0.0	0.2898897047501774	0.0	0.2898897047501774	0.0	0.2898897047501774	0.759422104953656	0.0	0.5852405276474621	0.0	0.0	0.0	0.0	0.0	0.0	0.0	0.0	0.0	0.0	0.0	0.0	0.0	0.5852405276474621	0.0	4.041886099859128	0.0	1.4695346116549746	0.0	0.0	0.0	0.0	0.4622031122765017	0.0	0.0	0.2898897047501774	0.0	0.0	0.0	0.0	0.0	0.2898897047501774	0.0	0.0	0.0	0.2898897047501774	0.0	0.2898897047501774	0.0	0.0	0.0	0.0	1.0585339845052602	2.4933705939851856	0.0	0.5852405276474621	0.0	1.0585339845052602	0.0	0.2898897047501774	0.0	0.9342355616847956	2.019029391432351	0.0	0.0	0.0	0.0	0.2898897047501774	0.4622031122765017	0.4622031122765017	0.0	0.0	0.2898897047501774	1.1252060646779134	1.0209201482959913	0.8258217253126158	0.0	0.4622031122765017	1.3586017358803382	0.0	0.4622031122765017	0.9797370400068615	1.8698176766117718	0.0	0.2898897047501774	0.0	1.0931481918795898	0.0	0.2898897047501774	0.0	0.0	0.9797370400068615	0.0	0.0	0.0	0.0	0.0	1.0931481918795898	0.0	0.0	0.0	0.0	0.5852405276474621	0.0	0.0	0.4622031122765017	0.2898897047501774	0.8258217253126158	0.0	1.0209201482959913	0.0	0.2898897047501774	0.0	0.0	1.534371772478952	0.2898897047501774	0.0	0.0	0.0	0.4622031122765017	0.0	0.9797370400068615	1.3209007398967345	0.0	0.0	0.0	0.0	0.0	0.4622031122765017	0.0	0.2898897047501774	0.5852405276474621	0.0	0.0	0.6810057395719014	0.2898897047501774	0.5852405276474621	2.03070956010898	0.0	0.0	0.5852405276474621	0.0	0.0	3.834158226170766	0.0	0.0	0.8258217253126158	0.0	0.0	0.0	0.4622031122765017	0.0	0.0	0.2898897047501774	0.0	2.550359665104998	0.0	0.0	0.0	0.0	0.0	0.0	0.0	0.0	0.0	0.0	1.279613109325752	0.2898897047501774	0.0	0.0	0.0	0.0	0.0	2.4443728077412903	0.0	1.376291968688304	0.0	0.0	0.0	0.0	0.0	0.0	0.5852405276474621	1.300747382971732	0.0
SRR13357690	0.442241823375464	0.0	0.27513653712522645	0.0	0.0	0.0	0.0	0.0	0.7340959823836877	0.0	0.0	0.442241823375464	0.5626168747557311	0.0	0.0	0.0	0.27513653712522645	0.0	0.0	0.0	0.27513653712522645	0.0	0.0	0.0	0.0	0.0	0.0	3.122120600242674	0.0	4.1862739053467815	0.442241823375464	0.0	0.0	0.0	1.539090814810969	0.0	0.0	0.0	0.0	0.0	0.0	0.0	0.6567654786985836	0.0	0.0	0.0	0.0	0.442241823375464	0.0	0.0	0.0	0.0	0.0	0.0	0.0	0.27513653712522645	0.442241823375464	0.0	0.0	0.0	1.7924803270609642	0.0	0.0	0.0	0.0	0.0	0.0	0.0	0.0	0.0	1.395754661103261	0.0	0.0	0.27513653712522645	0.0	0.27513653712522645	0.0	0.0	0.0	0.27513653712522645	0.0	0.442241823375464	0.0	0.0	0.0	0.0	0.0	0.6567654786985836	0.0	0.0	0.0	0.0	0.0	2.2500496596004833	0.0	0.0	0.0	0.0	0.0	0.0	0.0	1.984518623006529	0.7340959823836877	0.0	0.27513653712522645	2.2752172799529182	0.0	1.4255831250678244	0.0	0.0	0.0	0.0	0.0	0.0	2.0576010561361535	0.0	0.0	0.0	0.27513653712522645	0.0	0.0	0.0	0.0	0.0	0.0	0.0	0.27513653712522645	0.0	0.0	0.0	0.0	0.0	0.0	0.0	0.0	0.0	0.0	0.27513653712522645	0.0	0.6567654786985836	0.0	1.4255831250678244	0.0	0.0	0.27513653712522645	0.7997159677360627	0.0	0.0	0.0	0.0	0.0	0.6567654786985836	0.0	0.0	0.0	3.5496210725598614	0.0	0.9931016198851486	0.0	0.0	0.0	0.27513653712522645	0.5626168747557311	0.0	0.0	0.0	0.0	0.0	0.8567101446095889	0.0	0.0	0.0	0.0	0.0	0.0	0.0	0.0	0.0	0.27513653712522645	0.0	0.0	0.0	0.5626168747557311	2.5871823546688564	0.0	3.4511953943865965	0.5626168747557311	0.27513653712522645	0.0	0.27513653712522645	0.0	0.442241823375464	1.479718739515688	0.0	0.0	0.0	0.0	0.27513653712522645	0.0	1.959959696918986	0.0	0.0	0.0	0.7340959823836877	0.0	0.442241823375464	0.0	0.7340959823836877	1.3467791000521336	0.0	0.27513653712522645	0.5626168747557311	0.9070850357154916	0.0	0.27513653712522645	0.0	1.0648657559656083	0.0	0.0	0.0	1.1264359665966193	2.01893439497642	0.0	0.0	0.0	0.0	0.0	0.0	0.27513653712522645	0.0	0.0	0.0	0.0	0.0	0.0	0.0	0.27513653712522645	1.8337993064483549	0.0	1.5711717045531446	0.0	0.0	0.0	0.0	1.0304643199413517	0.0	0.0	0.0	0.0	0.27513653712522645	0.0	0.7340959823836877	0.442241823375464	0.0	0.0	0.0	0.0	0.0	0.7340959823836877	0.0	0.0	0.0	0.0	0.0	0.7340959823836877	0.0	0.0	1.7924803270609642	0.0	0.0	0.27513653712522645	0.0	0.0	3.2727286215806517	0.0	0.0	0.27513653712522645	0.0	0.27513653712522645	0.0	2.8182201812697123	0.6567654786985836	0.0	0.0	0.0	1.7603580003422707	0.27513653712522645	0.0	0.0	0.0	0.0	0.0	0.0	0.0	0.0	0.0	0.5626168747557311	0.0	0.0	0.0	0.0	0.0	0.0	3.277011174940979	0.0	0.7997159677360627	0.0	0.0	0.8567101446095889	0.0	0.0	0.0	0.6567654786985836	0.27513653712522645	0.0
SRR13357691	0.19789485438639745	0.0	0.7920458177290552	0.0	0.0	0.0	0.0	0.0	0.6496634927151946	0.33333817957980866	0.19789485438639745	0.5196859342783063	1.117993966044734	0.19789485438639745	0.0	0.0	0.0	0.4364311102650136	0.0	0.0	0.19789485438639745	0.0	0.0	0.0	0.0	0.19789485438639745	0.0	0.7920458177290552	0.0	4.122239570729436	0.0	0.0	0.0	0.19789485438639745	0.8990952921086883	0.19789485438639745	0.0	0.0	0.0	0.0	0.0	0.0	0.7920458177290552	0.0	0.0	0.19789485438639745	0.33333817957980866	0.19789485438639745	0.0	0.0	0.0	0.0	0.0	0.0	0.0	0.19789485438639745	0.19789485438639745	0.0	0.19789485438639745	0.0	1.629006867585172	0.0	0.33333817957980866	0.0	0.0	0.0	0.0	0.0	0.0	0.0	2.2924854015650165	0.33333817957980866	0.0	0.0	0.0	0.0	0.19789485438639745	0.0	0.0	0.0	0.0	0.5196859342783063	0.0	0.19789485438639745	0.0	0.0	0.19789485438639745	0.19789485438639745	0.0	0.0	0.5196859342783063	0.0	0.0	1.5921449686767468	0.0	0.19789485438639745	0.0	0.0	0.0	0.0	0.0	1.8133972223534576	0.19789485438639745	0.0	0.33333817957980866	2.7774337991770492	0.19789485438639745	0.9849070080281623	0.0	0.0	0.0	0.19789485438639745	0.0	0.19789485438639745	1.8210345468480031	0.0	0.0	0.0	1.077998281096868	0.0	0.0	0.0	0.0	0.0	0.19789485438639745	0.0	0.19789485438639745	0.19789485438639745	0.0	0.0	0.0	0.0	0.0	0.0	0.0	0.0	0.0	0.0	0.0	0.9581437722209165	0.0	1.010116269346423	0.19789485438639745	0.0	0.0	0.4364311102650136	0.0	0.0	0.0	0.19789485438639745	0.0	0.33333817957980866	0.0	0.0	0.0	4.0781515658056735	0.0	1.010116269346423	0.0	0.0	0.0	0.0	0.6496634927151946	0.0	0.0	0.19789485438639745	0.0	0.0	0.5895192052880454	0.0	0.0	0.4364311102650136	0.0	0.0	0.0	0.0	0.19789485438639745	0.0	0.19789485438639745	0.0	0.0	0.0	0.7495689737104805	0.19789485438639745	0.19789485438639745	2.5283055858751364	0.0	0.7920458177290552	0.0	0.0	0.0	0.19789485438639745	1.1546149175232796	0.0	0.0	0.0	0.0	0.0	0.0	1.7855565631597718	0.0	0.0	0.0	0.866259154645193	0.19789485438639745	0.0	0.0	0.0	1.0984563786248869	0.0	0.33333817957980866	0.5196859342783063	1.219720526374526	0.0	0.0	0.0	0.7920458177290552	0.0	0.0	0.19789485438639745	0.4364311102650136	1.7772628999947762	0.0	0.0	0.0	0.0	0.0	0.33333817957980866	0.0	0.0	0.0	0.0	0.0	0.0	0.0	0.0	0.5196859342783063	1.8573277431335278	0.0	1.3144107692349796	0.0	0.0	0.0	0.0	1.4915847660166577	0.0	0.0	0.0	0.0	0.0	0.0	0.19789485438639745	0.5895192052880454	0.0	0.0	0.0	0.0	0.0	0.7024827140917456	0.0	0.0	0.0	0.0	0.0	0.5196859342783063	0.19789485438639745	0.0	1.2043360855666878	0.0	0.0	0.0	0.0	0.0	3.0461698206518677	0.0	0.0	0.0	0.19789485438639745	0.19789485438639745	0.0	2.3124718560281563	0.7024827140917456	0.0	0.0	0.0	0.0	0.19789485438639745	0.0	0.0	0.0	0.0	0.0	0.0	0.0	0.0	0.0	0.4364311102650136	0.0	0.0	0.0	0.0	0.0	0.7495689737104805	2.9436867084194054	0.19789485438639745	0.7920458177290552	0.0	0.0	0.7024827140917456	0.0	0.0	0.0	0.6496634927151946	0.0	0.0
SRR13357692	0.0	0.7110086085728968	2.0549370338552517	0.2279097640285779	0.0	0.0	0.0	0.0	1.190104248655561	0.0	0.2279097640285779	0.2279097640285779	0.4871764566536178	0.0	0.0	0.2279097640285779	0.0	0.0	0.0	0.0	0.0	0.0	0.0	0.0	0.0	1.8975178995765476	0.0	0.8142954108245488	0.0	3.6580182244364323	2.280520727252977	0.0	0.0	0.2279097640285779	1.6548091594254561	0.0	0.0	0.0	0.0	0.0	0.0	0.0	0.0	0.0	0.0	0.0	0.0	0.2279097640285779	0.0	0.0	0.2279097640285779	0.0	0.0	0.0	0.0	0.2279097640285779	0.4871764566536178	0.0	0.0	0.0	1.5417588776436346	0.5752293019337825	0.0	0.0	0.0	0.0	0.0	0.0	0.0	0.0	2.237625020089465	0.7657153447119134	0.0	0.2279097640285779	0.0	0.2279097640285779	0.0	0.0	0.4871764566536178	0.0	0.0	0.6484037969149364	0.0	0.0	0.0	0.0	0.8142954108245488	0.0	0.0	0.0	1.7603271564500644	0.0	0.0	1.0278083836862337	0.9987459706645374	2.420342147062639	0.0	0.0	0.7110086085728968	0.0	0.0	1.476886221502543	0.2279097640285779	0.0	0.0	3.3468220050692716	0.0	1.8937065722460054	0.0	0.0	0.0	0.0	0.0	0.0	1.4123468005133615	0.0	0.9340430661915796	0.0	0.2279097640285779	0.0	0.37660970493592383	0.2279097640285779	0.0	0.0	0.0	0.0	0.0	0.0	0.0	0.0	0.0	0.0	0.2279097640285779	0.0	0.2279097640285779	0.0	0.2279097640285779	0.0	0.0	1.1278047843733852	0.0	0.5752293019337825	1.476886221502543	0.8579839087374203	0.2279097640285779	0.2279097640285779	0.0	0.0	0.0	0.0	0.2279097640285779	0.0	0.0	0.0	0.0	4.249487941641002	0.0	0.9340430661915796	0.0	0.0	0.0	0.4871764566536178	0.2279097640285779	0.0	0.0	0.2279097640285779	0.2279097640285779	0.0	0.37660970493592383	0.0	0.0	0.5752293019337825	0.0	0.0	0.0	0.0	0.0	0.0	0.2279097640285779	0.0	0.0	0.0	0.6484037969149364	0.0	0.0	1.8937065722460054	0.0	0.7657153447119134	0.0	0.0	0.0	0.0	0.2279097640285779	0.0	0.0	0.0	0.0	0.0	0.2279097640285779	2.0928468202709554	0.0	0.0	0.0	1.9543466109763654	0.0	0.2279097640285779	0.2279097640285779	0.4871764566536178	0.2279097640285779	0.0	0.0	2.11639808385693	1.9303934494367054	0.2279097640285779	0.0	0.0	0.2279097640285779	0.0	0.37660970493592383	0.0	1.2774334696612955	1.857810215157057	0.0	0.0	0.0	0.0	0.0	0.2279097640285779	0.0	0.0	0.0	0.0	0.0	0.0	0.0	0.0	0.0	1.937373072031246	0.0	3.2414161181655983	0.0	0.2279097640285779	0.0	0.0	2.64674428362478	0.0	0.0	0.0	0.0	0.2279097640285779	0.0	0.2279097640285779	0.2279097640285779	0.0	0.0	0.0	0.0	0.0	0.37660970493592383	0.0	0.2279097640285779	0.0	0.0	0.0	0.9340430661915796	0.0	0.0	1.2271682117193978	0.0	0.2279097640285779	0.0	0.0	0.0	0.7110086085728968	0.0	0.0	0.0	0.0	0.0	0.0	1.882067697291521	0.2279097640285779	0.0	0.0	0.0	0.0	0.0	0.0	0.0	0.0	0.0	0.0	0.0	0.0	0.0	0.0	0.0	0.0	0.0	0.0	0.0	0.0	0.0	2.67929341434457	0.37660970493592383	0.5752293019337825	0.0	0.0	0.2279097640285779	0.0	0.0	0.37660970493592383	0.0	0.0	0.0
SRR13357693	0.2807305162678184	0.0	0.0	0.0	0.0	0.0	0.0	0.2807305162678184	0.9174712875227214	0.0	0.0	0.4498388126313322	0.4498388126313322	0.4498388126313322	0.0	0.0	0.0	0.6660192082773069	0.4498388126313322	0.0	0.0	0.0	0.0	0.0	0.0	0.5712435072242172	0.0	1.1076403552232215	0.0	2.639737662817328	0.2807305162678184	0.0	0.0	0.0	0.8669179264382514	0.0	0.0	0.2807305162678184	0.0	0.0	0.0	0.0	0.4498388126313322	0.0	0.0	0.0	0.2807305162678184	0.0	0.0	0.0	0.0	0.0	0.0	0.0	0.0	0.4498388126313322	0.4498388126313322	0.4498388126313322	0.0	0.0	1.631431115960778	0.0	0.0	0.0	0.0	0.0	0.0	0.0	0.0	0.0	2.026964285678158	0.4498388126313322	0.0	0.0	0.0	0.0	0.0	0.0	0.2807305162678184	0.0	0.0	0.2807305162678184	0.0	0.0	0.0	0.0	0.0	0.0	0.0	0.0	0.0	0.0	0.0	1.041209215843494	0.0	0.0	0.0	0.0	0.0	0.0	0.0	2.3547801132932817	0.6660192082773069	0.0	0.5712435072242172	2.904907136065532	0.0	1.261612599082182	0.0	0.0	0.0	0.0	0.0	0.0	1.5277853891928703	0.0	0.0	0.0	0.4498388126313322	0.0	0.0	0.0	0.0	0.0	0.0	0.0	0.0	0.0	0.0	0.0	0.0	0.0	0.0	0.0	0.4498388126313322	0.0	0.5712435072242172	0.0	0.0	0.743771730137204	0.0	0.743771730137204	0.0	0.0	0.0	0.5712435072242172	0.0	0.0	0.0	0.0	0.0	0.2807305162678184	0.0	0.0	0.0	4.3904137959292555	0.0	1.1076403552232215	0.0	0.0	0.0	0.2807305162678184	0.4498388126313322	0.0	0.0	0.0	0.2807305162678184	0.0	0.4498388126313322	0.0	0.0	1.3580880625018497	0.0	0.0	0.0	0.0	0.0	0.0	0.4498388126313322	0.0	0.0	0.0	2.2304804686510327	0.743771730137204	0.0	0.5712435072242172	0.2807305162678184	0.9174712875227214	0.0	0.0	0.0	0.0	0.0	0.0	0.0	0.0	0.0	0.0	0.0	1.5722527189518354	0.0	0.0	0.0	1.1373971469491384	1.699561123185945	0.6660192082773069	0.0	0.4498388126313322	1.2826984733955993	0.0	0.4498388126313322	0.2807305162678184	3.256187995555629	0.0	0.0	0.2807305162678184	0.8096951171576408	0.2807305162678184	0.0	0.0	0.4498388126313322	1.810278218174988	0.0	0.0	0.0	0.0	0.0	0.6660192082773069	0.0	0.0	0.0	0.0	0.0	0.0	0.0	0.0	0.4498388126313322	2.1813832730931586	0.2807305162678184	1.261612599082182	0.0	0.0	0.0	0.0	1.9033839232151406	0.0	0.0	0.0	0.0	0.2807305162678184	0.0	0.0	1.2394504872959067	0.0	0.0	0.0	0.0	0.0	0.2807305162678184	0.0	0.0	0.0	0.0	0.2807305162678184	0.8669179264382514	0.0	0.0	1.4071197164481286	0.0	0.0	0.0	0.0	0.0	2.2724845635195883	0.0	0.0	0.6660192082773069	0.0	0.0	0.0	2.00801308778014	0.4498388126313322	0.0	0.0	0.0	0.0	0.0	0.0	0.0	0.2807305162678184	0.0	0.0	0.0	0.0	0.0	0.0	0.8096951171576408	0.0	0.0	0.0	0.0	0.0	0.4498388126313322	1.7444503388334722	0.0	1.302807815600021	0.0	0.0	0.2807305162678184	0.0	0.0	0.2807305162678184	0.5712435072242172	1.1914145901528974	0.0
SRR13357697	1.1683127695601312	0.0	0.4519650707403068	0.0	0.0	0.0	0.28230077955938115	0.0	1.7332274816755642	0.0	0.6686028760696694	1.481422970522247	0.0	0.9656832172859381	0.0	0.0	0.28230077955938115	0.0	0.0	0.0	0.5736543015211806	0.0	0.0	0.0	0.0	1.6157987501687405	0.0	2.4120883929573584	0.0	1.6784700232052903	0.0	0.0	0.0	0.0	2.6510880510527364	0.0	0.0	0.0	0.0	0.0	0.0	0.0	1.4102830848054888	0.0	0.0	0.0	0.6686028760696694	0.0	0.0	0.0	0.0	0.0	0.0	0.0	0.0	1.5754567200010583	0.28230077955938115	0.0	0.4519650707403068	0.0	0.9203663552239646	0.0	0.4519650707403068	0.0	0.0	0.0	0.0	0.0	0.0	0.0	2.4316550452215235	0.6686028760696694	0.0	0.0	0.0	0.6686028760696694	0.6686028760696694	0.28230077955938115	1.044202681221953	0.28230077955938115	0.0	0.0	0.0	0.0	0.0	0.0	0.0	0.4519650707403068	0.0	0.0	0.4519650707403068	0.0	0.0	0.0	0.28230077955938115	1.3612360759890825	0.0	0.0	0.0	0.0	0.0	3.1227933322944206	0.7464715576813405	0.0	1.0067150554010231	3.6890020186694734	0.28230077955938115	0.8124783665824156	0.0	0.0	0.0	0.0	0.4519650707403068	0.0	0.28230077955938115	0.0	0.0	0.0	0.7464715576813405	0.0	0.0	0.0	0.0	0.0	0.0	0.0	0.0	1.2858192205056738	0.0	0.0	0.0	0.0	0.4519650707403068	0.0	0.5736543015211806	0.0	0.4519650707403068	0.28230077955938115	0.0	0.4519650707403068	0.0	0.28230077955938115	0.0	0.0	0.0	0.0	0.0	0.4519650707403068	0.0	0.0	0.0	0.0	0.0	1.1944953119666506	0.0	4.293794105475977	0.0	0.9656832172859381	0.0	0.0	0.0	0.0	0.8124783665824156	0.0	0.0	0.28230077955938115	0.0	0.0	0.0	0.0	0.0	0.0	0.0	0.0	0.0	0.0	0.0	0.0	0.28230077955938115	0.0	0.0	0.0	1.506907924992526	1.5537874394997282	0.28230077955938115	0.28230077955938115	0.0	0.8124783665824156	0.0	0.0	0.28230077955938115	0.0	0.28230077955938115	0.0	0.0	0.0	0.0	0.0	0.28230077955938115	0.4519650707403068	0.0	0.0	0.7464715576813405	1.1106761511755745	0.7464715576813405	0.28230077955938115	0.0	1.0067150554010231	1.7332274816755642	0.0	0.5736543015211806	0.5736543015211806	2.1142675555224604	0.0	0.8697639904721985	0.0	1.4943523571488662	0.0	0.0	0.0	0.0	1.1683127695601312	0.0	0.0	0.28230077955938115	0.0	0.0	1.3251626476991214	0.0	0.0	0.0	0.0	0.28230077955938115	0.0	0.0	0.7464715576813405	0.8697639904721985	0.9203663552239646	0.0	0.28230077955938115	0.0	0.0	0.28230077955938115	0.0	2.0519278514907575	0.0	0.0	0.0	0.0	0.0	0.0	0.8124783665824156	1.8966611255675496	0.0	0.0	0.0	0.0	0.0	0.0	0.0	0.0	0.0	0.0	0.0	0.9203663552239646	0.0	0.0	2.6546254469373305	0.28230077955938115	0.0	0.0	0.0	0.0	2.3717862159518805	0.0	0.0	1.5191106839785309	0.0	0.28230077955938115	0.0	1.3059363047865458	0.28230077955938115	0.0	0.0	0.0	1.1683127695601312	0.0	0.0	0.0	0.0	0.0	0.0	0.0	0.0	0.0	0.0	1.6867280454314277	0.0	0.0	0.0	0.0	0.0	0.0	2.6217011247291686	0.0	1.9163845116282014	0.0	0.0	0.0	0.0	0.0	0.0	0.5736543015211806	1.9066347756189057	0.0
SRR13357698	0.0	0.0	0.6293131512329938	0.0	0.0	0.0	0.0	0.0	0.7700106585057124	0.4198776383659704	0.4198776383659704	1.277031235556853	0.7700106585057124	0.7700106585057124	0.0	0.0	0.0	0.0	0.0	0.4198776383659704	0.0	0.0	0.0	0.0	0.0	0.4198776383659704	0.0	0.6293131512329938	0.0	3.376001847910236	0.4198776383659704	0.0	0.0	0.0	1.1472500486272652	0.0	0.0	0.0	0.0	0.0	0.0	0.0	0.6293131512329938	0.0	0.0	0.0	0.6293131512329938	0.0	0.0	0.0	0.0	0.0	0.0	0.0	0.0	0.9613088330268613	0.0	0.0	0.0	0.0	1.405566702317625	0.4198776383659704	0.4198776383659704	0.0	0.0	0.0	0.0	0.0	0.0	0.0	2.2439290297917243	0.4198776383659704	0.0	0.0	0.0	0.7700106585057124	0.4198776383659704	0.0	0.0	0.0	0.0	0.4198776383659704	0.0	0.0	0.0	0.0	0.0	0.0	0.0	0.0	0.6293131512329938	0.0	0.0	1.5467901838453575	0.0	0.9613088330268613	0.0	0.0	0.0	0.0	0.0	2.6958109631971094	0.0	0.0	0.4198776383659704	2.587932998293679	0.0	0.7700106585057124	0.0	0.0	0.0	0.6293131512329938	0.0	0.0	0.8761085655936529	0.0	0.0	0.0	3.8761969157388476	0.0	0.0	0.0	0.0	0.0	0.0	0.0	0.0	0.6293131512329938	0.0	0.6293131512329938	0.0	0.0	0.4198776383659704	0.0	0.4198776383659704	0.0	0.0	0.0	0.0	0.0	0.0	1.405566702317625	0.0	0.0	0.0	0.0	0.0	0.0	0.0	0.0	0.0	0.0	0.0	0.8761085655936529	0.0	3.9261912096517264	0.0	1.1472500486272652	0.4198776383659704	0.0	0.0	0.0	0.6293131512329938	0.0	0.0	0.0	0.0	0.0	0.0	0.0	0.0	0.4198776383659704	0.0	0.0	0.0	0.0	0.0	0.4198776383659704	0.0	0.0	0.0	0.0	1.2379273521245289	1.0936559015705745	0.0	1.1949510033911737	0.0	0.4198776383659704	0.0	0.0	0.0	0.0	0.7700106585057124	0.0	0.0	0.0	0.0	0.0	0.0	1.3460369455387746	0.0	0.0	0.0	1.0936559015705745	0.4198776383659704	0.0	0.0	0.7700106585057124	1.7874073347611703	0.0	0.0	0.4198776383659704	2.3110984886894275	0.0	0.4198776383659704	0.0	0.7700106585057124	0.0	0.0	0.0	1.0325044167718138	1.9076629644533947	0.0	0.0	0.0	0.0	0.0	1.0325044167718138	0.0	0.0	0.0	0.0	0.0	0.0	0.0	0.4198776383659704	0.0	1.405566702317625	0.4198776383659704	1.1472500486272652	0.0	0.0	0.0	0.0	1.9800605189483715	0.0	0.0	0.0	0.0	0.0	0.0	0.0	1.405566702317625	0.0	0.0	0.0	0.0	0.0	0.6293131512329938	0.0	0.0	0.0	0.0	0.0	0.0	0.0	0.0	1.6531857761454432	0.0	0.0	0.0	0.0	0.0	2.0223860099159205	0.0	0.0	0.9613088330268613	0.0	0.0	0.0	3.898931334109575	0.4198776383659704	0.0	0.0	0.0	0.0	0.0	0.0	0.0	0.4198776383659704	0.0	0.0	0.0	0.0	0.0	0.0	1.2379273521245289	0.0	0.0	0.0	0.0	0.0	0.4198776383659704	2.9351999609523123	0.0	1.2379273521245289	0.0	0.0	0.4198776383659704	0.0	0.0	0.0	0.4198776383659704	1.2379273521245289	0.0
SRR13357699	0.0	0.0	0.44242646452417095	0.0	0.0	0.0	0.0	0.0	0.5628267842420793	0.0	0.44242646452417095	0.2752721897744439	0.44242646452417095	0.0	0.0	0.0	0.0	0.0	0.0	0.0	0.0	0.0	0.0	0.0	0.0	0.0	0.0	0.656990806349358	0.0	2.952525092065989	0.2752721897744439	0.2752721897744439	0.0	0.0	1.8919844091114775	0.0	0.0	0.0	0.0	0.0	0.0	0.0	0.44242646452417095	0.0	0.0	0.0	0.0	0.0	0.0	0.0	0.0	0.0	0.0	0.0	0.0	0.44242646452417095	0.44242646452417095	0.0	0.0	0.0	1.411202726281616	0.0	0.0	0.0	0.0	0.0	0.0	0.0	0.0	0.0	2.4860992915522604	0.5628267842420793	0.0	0.0	0.0	0.0	0.0	0.0	0.5628267842420793	0.0	0.0	0.2752721897744439	0.0	0.0	0.0	0.0	0.0	0.2752721897744439	0.2752721897744439	0.0	0.0	0.0	0.0	1.205261498221406	0.2752721897744439	0.0	0.0	0.0	0.0	0.0	0.0	1.5610202527112536	0.2752721897744439	0.0	0.0	2.752449160108219	0.2752721897744439	1.3110384954207157	0.0	0.0	0.0	0.2752721897744439	0.0	0.0	0.2752721897744439	0.0	0.44242646452417095	0.0	0.5628267842420793	0.0	0.0	0.0	0.0	0.0	0.0	0.0	0.0	0.0	0.0	0.0	0.0	0.0	0.2752721897744439	0.0	0.0	0.0	0.0	0.44242646452417095	0.0	0.7343316982430665	0.0	0.9524761771090187	0.0	0.0	0.0	0.0	0.0	0.2752721897744439	0.0	0.0	0.0	0.0	0.0	0.0	0.0	4.407789700250612	0.0	1.030726397578595	0.0	0.0	0.0	0.0	0.7343316982430665	0.0	0.0	0.0	0.0	0.0	0.0	0.0	0.0	0.0	0.0	0.2752721897744439	0.0	0.0	0.0	0.0	0.0	0.0	0.0	0.0	0.5628267842420793	0.2752721897744439	0.0	0.656990806349358	0.0	0.799959158079874	0.0	0.0	0.0	0.0	0.0	0.0	0.0	0.0	0.0	0.0	0.0	0.9073382632789531	0.0	0.0	0.0	2.05110844323575	0.0	0.0	0.0	0.44242646452417095	0.799959158079874	0.0	0.0	0.2752721897744439	2.363716883503522	0.0	0.0	0.0	0.2752721897744439	0.0	0.0	0.0	0.44242646452417095	1.5816409227255663	0.0	0.0	0.0	0.0	0.0	0.2752721897744439	0.0	0.0	0.0	0.0	0.0	0.0	0.0	0.0	0.2752721897744439	0.9933612775754869	0.0	0.5628267842420793	0.0	0.0	0.0	0.0	2.456237344129345	0.0	0.0	0.0	0.0	0.2752721897744439	0.0	0.2752721897744439	0.0	0.0	0.0	0.0	0.0	0.0	0.0	0.0	0.0	0.0	0.0	0.0	0.5628267842420793	0.0	0.0	1.8396785645766836	0.0	0.0	0.0	0.0	0.0	0.656990806349358	0.0	0.0	0.44242646452417095	0.0	0.0	0.0	2.8214171301678834	0.2752721897744439	0.0	0.0	0.0	0.0	0.0	0.0	0.0	0.0	0.0	0.0	0.0	0.0	0.0	0.0	0.0	0.0	0.0	0.0	0.0	0.0	0.2752721897744439	2.321846643089538	0.0	0.799959158079874	0.0	0.0	0.0	0.2752721897744439	0.0	0.0	0.2752721897744439	0.2752721897744439	0.0
SRR13357700	0.2578620993319249	0.2578620993319249	0.0	0.0	0.0	0.0	0.0	0.0	0.5355846200705565	0.0	0.0	1.2750078349218874	0.0	0.0	0.0	0.0	0.2578620993319249	0.0	0.0	0.0	0.4185548428430722	0.0	0.0	0.0	0.0	0.0	0.0	1.6814616934922195	0.0	1.4035143142954016	0.2578620993319249	0.0	0.0	0.0	0.5355846200705565	0.0	0.0	0.0	0.0	0.0	0.0	0.0	0.5355846200705565	0.0	0.4185548428430722	0.0	0.4185548428430722	0.0	0.0	0.0	0.0	0.0	0.0	0.0	0.0	0.2578620993319249	0.4185548428430722	0.0	0.4185548428430722	0.0	1.0622037549447827	0.0	0.0	0.0	0.2578620993319249	0.2578620993319249	0.0	0.0	0.0	0.0	2.492358365386555	1.859422465219302	0.0	0.4185548428430722	0.0	0.2578620993319249	0.0	0.0	0.0	0.0	0.0	0.0	0.0	0.0	0.0	0.0	0.0	0.0	0.0	0.0	0.0	0.0	0.2578620993319249	0.0	0.0	0.0	0.0	0.0	0.2578620993319249	0.0	0.2578620993319249	2.796080840905483	0.8742567995989797	0.0	1.3439969221623036	3.118472591236811	0.0	1.5831442456504172	0.0	0.0	0.0	0.0	0.0	0.0	0.0	0.2578620993319249	0.8244743816173807	0.0	1.0916919405056855	0.0	0.2578620993319249	0.4185548428430722	0.0	0.0	0.2578620993319249	0.0	0.0	0.7036202134698493	0.0	0.0	0.0	0.0	0.2578620993319249	0.0	0.4185548428430722	0.0	0.5355846200705565	0.0	0.4185548428430722	1.1452660531249008	0.0	0.0	0.0	0.0	0.0	0.0	0.0	0.0	0.0	0.0	0.0	0.0	0.0	0.6276791864364573	0.0	4.398702140112435	0.0	1.2149639409041855	0.0	0.0	0.0	0.0	0.5355846200705565	0.0	0.0	0.7036202134698493	0.0	0.0	0.0	0.0	0.0	0.5355846200705565	0.0	0.0	0.0	0.0	0.0	0.0	0.0	0.0	0.0	0.0	1.4035143142954016	0.9189150859387287	0.0	0.4185548428430722	0.0	0.9189150859387287	0.0	0.0	0.0	0.5355846200705565	0.2578620993319249	0.0	0.0	0.0	0.0	0.0	0.0	0.2578620993319249	0.0	0.0	0.2578620993319249	2.223254017775335	0.8742567995989797	1.0305665472474357	0.0	0.0	1.2750078349218874	0.0	0.2578620993319249	0.0	1.6958834053162921	0.0	0.5355846200705565	0.0	1.1929511406995512	0.0	0.0	0.0	0.2578620993319249	0.6276791864364573	0.0	0.0	0.0	0.0	0.0	0.8244743816173807	0.0	0.0	0.0	0.0	0.0	0.0	0.0	0.0	0.2578620993319249	0.8244743816173807	0.0	0.4185548428430722	0.0	0.0	0.0	0.0	2.649441961360398	0.0	0.0	0.0	0.0	0.5355846200705565	0.0	0.9189150859387287	1.643161865696007	0.0	0.0	0.0	0.0	0.0	0.0	0.0	0.0	0.0	0.0	0.0	0.4185548428430722	0.0	0.0	1.5643542713733498	0.0	0.0	0.0	0.0	0.0	1.8922208532599156	0.2578620993319249	0.0	0.9189150859387287	0.2578620993319249	0.4185548428430722	0.0	0.4185548428430722	0.0	0.0	0.0	0.0	0.2578620993319249	0.0	0.0	0.0	0.0	0.0	0.0	0.0	0.0	0.0	0.0	1.2750078349218874	0.0	0.0	0.0	0.0	0.0	0.2578620993319249	2.76090715484628	0.0	1.5831442456504172	0.0	0.0	0.0	0.2578620993319249	0.0	0.0	0.0	1.5025509888073272	0.0
SRR13357705	1.1908989205561744	0.0	0.4677611284771599	0.0	0.0	0.0	0.0	0.0	0.4677611284771599	0.0	0.0	0.0	0.29402888138663336	0.29402888138663336	0.29402888138663336	0.0	0.0	0.0	0.29402888138663336	0.0	0.29402888138663336	0.0	0.0	0.0	0.0	0.4677611284771599	0.0	0.5915155364838836	0.0	3.920736527136917	0.0	0.0	0.0	0.0	0.941716968121228	0.4677611284771599	0.0	0.0	0.0	0.0	0.0	0.0	1.5048315942040553	0.0	0.0	0.0	0.4677611284771599	0.0	0.0	0.29402888138663336	0.29402888138663336	0.0	0.0	0.0	0.0	0.0	0.0	0.0	0.0	0.0	0.9873155806775133	0.0	0.0	0.0	0.9873155806775133	0.0	0.0	0.0	0.0	0.0	2.2692590131227166	1.5048315942040553	0.0	0.0	0.0	0.29402888138663336	0.0	0.0	0.4677611284771599	0.0	0.0	0.0	0.0	0.0	0.0	0.0	0.0	0.0	0.0	0.0	0.0	0.0	0.0	0.29402888138663336	0.4677611284771599	2.7859351556227114	0.0	0.0	0.5915155364838836	0.0	0.0	0.8330261158474758	0.0	0.0	0.0	2.516125080300349	0.29402888138663336	1.5773154285347681	0.0	0.0	0.0	0.0	0.0	0.0	0.29402888138663336	0.0	0.29402888138663336	0.0	0.5915155364838836	0.0	0.0	0.0	0.0	0.0	0.0	0.0	0.0	0.0	0.0	0.0	0.0	0.0	0.0	0.0	0.0	0.0	0.5915155364838836	0.29402888138663336	0.0	1.1009287697574004	0.0	0.0	1.1009287697574004	0.29402888138663336	0.0	0.0	0.0	0.0	0.0	0.0	0.0	0.0	0.29402888138663336	0.0	0.0	4.045371992539725	0.0	1.1330348058274153	0.0	0.0	0.29402888138663336	0.0	0.4677611284771599	0.0	0.0	0.29402888138663336	0.0	0.0	0.0	0.0	0.0	1.7714480560612167	0.0	0.0	0.0	0.0	0.0	0.0	0.0	0.0	0.0	0.0	2.1130949234767926	0.5915155364838836	0.0	1.1629298566878994	0.0	0.6877133989756301	0.0	0.0	0.0	0.4677611284771599	1.3289574708045604	0.0	0.0	0.0	0.0	0.0	0.0	2.4172999619939484	0.0	0.0	0.29402888138663336	3.030435767515452	0.6877133989756301	0.6877133989756301	0.0	0.0	0.29402888138663336	0.0	0.5915155364838836	0.0	1.6296617222599243	0.0	0.0	0.0	0.0	0.0	0.0	0.0	0.29402888138663336	2.9841568017550206	0.0	0.0	0.4677611284771599	0.0	0.0	0.29402888138663336	0.0	0.0	0.4677611284771599	0.29402888138663336	0.0	0.29402888138663336	0.0	0.0	2.8468394416151894	0.5915155364838836	0.0	3.37042159201827	0.0	0.29402888138663336	0.0	0.0	2.9740106441327736	0.0	0.0	0.0	0.0	0.29402888138663336	0.0	3.2345998855810856	0.0	0.0	0.0	0.0	0.29402888138663336	0.0	0.0	0.0	0.0	0.0	0.0	0.0	1.3289574708045604	0.0	0.4677611284771599	2.003054344522245	0.0	0.0	0.0	0.0	0.0	0.941716968121228	0.0	0.29402888138663336	0.0	0.0	0.0	0.0	1.1009287697574004	0.29402888138663336	0.0	0.0	0.0	0.0	0.0	0.0	0.0	0.0	0.0	0.0	0.0	0.0	0.0	0.0	0.0	0.0	0.0	0.0	0.0	0.0	0.0	1.4014079349862547	0.0	0.29402888138663336	0.0	0.0	0.29402888138663336	0.0	0.0	0.0	0.0	0.0	0.0
SRR13357706	0.4841939263927129	0.30634526834484854	0.7074434928688049	0.0	0.0	0.0	0.30634526834484854	0.0	1.0888767538103106	0.0	0.0	0.0	3.7358223794319376	0.30634526834484854	0.0	0.0	0.0	0.0	0.30634526834484854	0.0	0.0	0.0	0.0	0.0	0.0	0.7074434928688049	0.0	1.0888767538103106	0.0	3.3470212015332503	2.4638478604426277	0.0	0.0	0.0	1.4251379490637275	0.30634526834484854	0.0	0.30634526834484854	0.0	0.0	0.0	0.0	1.1559480461625515	0.0	0.0	0.0	0.0	0.0	0.0	0.0	0.30634526834484854	0.0	0.0	0.0	0.0	0.30634526834484854	0.4841939263927129	0.0	0.0	0.0	1.3322882036360073	0.0	0.0	0.0	0.9123494539377572	0.0	0.0	0.0	0.0	0.30634526834484854	2.478878101124574	1.861677577008285	0.0	0.0	0.0	0.30634526834484854	0.0	0.0	0.4841939263927129	0.0	0.0	0.0	0.0	0.0	0.0	0.0	0.0	0.0	0.0	0.0	2.689062772468133	0.0	0.0	0.4841939263927129	0.786974238278378	1.997230382882068	0.6100087028881984	0.0	0.30634526834484854	0.0	0.0	1.2652584637146953	0.30634526834484854	0.0	0.0	2.770970638376207	0.0	1.1859610606365472	0.0	0.0	0.0	0.0	0.0	0.0	0.30634526834484854	1.816583115667128	0.786974238278378	0.0	0.4841939263927129	0.0	0.0	0.30634526834484854	0.0	0.0	0.0	0.0	0.0	0.0	0.0	0.0	0.0	0.0	0.30634526834484854	0.30634526834484854	0.0	0.0	0.30634526834484854	0.0	0.0	1.1237059044316462	0.0	0.0	0.9636473719733182	0.30634526834484854	0.0	0.0	0.0	0.0	0.0	0.30634526834484854	0.0	0.0	0.0	0.0	0.0	4.147887973408031	0.0	0.30634526834484854	0.0	0.0	0.0	0.0	0.6100087028881984	0.0	0.0	0.0	0.0	0.0	0.0	0.0	0.0	1.700549269706047	0.0	0.0	0.0	0.0	0.0	0.0	0.30634526834484854	0.0	0.0	0.0	2.127757881232607	0.0	0.0	1.1237059044316462	0.0	0.9123494539377572	0.0	0.0	0.0	0.0	0.8541704982222933	0.0	0.0	0.0	0.0	0.0	0.0	1.734645145079667	0.30634526834484854	0.0	0.0	3.0419650318605784	0.0	1.0510089453286566	0.0	0.0	0.0	0.0	1.408088534950389	1.0095211439677192	2.432130662455916	0.0	0.0	0.0	0.30634526834484854	0.0	0.0	0.0	0.0	2.3979133205666727	0.0	0.0	0.30634526834484854	0.6100087028881984	0.0	0.6100087028881984	0.0	0.0	0.0	0.0	0.0	0.30634526834484854	0.0	0.0	0.4841939263927129	1.0095211439677192	0.0	2.6296345148958107	0.0	0.0	0.0	0.0	3.0994023332906875	0.0	0.0	0.0	0.0	0.0	0.0	2.890221712147895	0.0	0.0	0.0	0.0	0.0	0.0	0.0	0.4841939263927129	0.0	0.0	0.0	0.4841939263927129	1.4251379490637275	0.0	0.4841939263927129	1.6730971206487082	0.0	0.0	0.0	0.0	0.0	0.30634526834484854	0.0	0.0	0.0	0.0	0.30634526834484854	0.0	2.272960321695142	0.0	0.0	0.0	0.0	0.0	0.0	0.0	0.0	0.0	0.30634526834484854	0.0	0.0	0.0	0.0	0.0	0.0	0.0	0.0	0.0	0.0	0.0	0.7074434928688049	2.8684870644931215	0.0	0.8541704982222933	0.0	0.0	0.0	0.4841939263927129	0.0	0.0	0.30634526834484854	0.30634526834484854	0.0
SRR13357710	0.37288138643524094	0.0	0.5705040927276206	0.0	0.0	0.0	0.37288138643524094	0.0	0.8088409877270325	0.0	0.37288138643524094	1.021967660414234	2.7427977339374867	0.37288138643524094	0.0	0.0	0.0	0.0	0.0	0.0	0.0	0.0	0.0	0.0	0.0	1.021967660414234	0.0	0.8088409877270325	0.0	4.179033099642445	0.5705040927276206	0.0	0.0	0.0	0.8920482845312232	0.0	0.0	0.0	0.0	0.0	0.0	0.0	0.5705040927276206	0.0	0.0	0.0	0.37288138643524094	0.0	0.0	0.0	0.0	0.0	0.0	0.0	0.0	0.7058210414029921	0.37288138643524094	0.0	0.37288138643524094	0.0	1.357121462151221	0.0	0.0	0.0	0.0	0.0	0.0	0.0	0.0	0.0	1.544016432372549	0.37288138643524094	0.0	0.0	0.0	0.0	0.37288138643524094	0.0	0.0	0.37288138643524094	0.0	0.37288138643524094	0.0	0.0	0.0	0.0	0.0	0.5705040927276206	0.0	0.0	2.2363836636157277	0.0	0.0	1.1218388681058404	0.0	0.0	0.0	0.0	0.0	0.0	0.0	2.631431349447702	0.5705040927276206	0.0	1.1218388681058404	1.4287313610544041	0.5705040927276206	0.5705040927276206	0.0	0.0	0.0	0.0	0.37288138643524094	0.0	0.8088409877270325	0.0	0.0	0.0	2.82698003081553	0.0	0.0	0.0	0.0	0.0	0.0	0.37288138643524094	0.0	0.8088409877270325	0.0	0.0	0.0	0.0	0.0	0.0	0.37288138643524094	0.0	0.5705040927276206	0.0	0.0	0.7058210414029921	0.0	0.37288138643524094	0.0	0.0	0.0	0.0	0.0	0.0	0.0	0.0	0.37288138643524094	0.5705040927276206	0.0	0.7058210414029921	0.0	3.45065776689857	0.0	1.3303631261375823	0.0	0.0	0.0	0.0	0.5705040927276206	0.0	0.0	0.0	0.0	0.0	0.0	0.0	0.0	0.0	0.0	0.0	0.0	0.0	0.0	0.0	0.0	0.0	0.0	0.0	1.0747677830538946	0.37288138643524094	0.0	0.9618481441399637	0.37288138643524094	0.5705040927276206	0.0	0.0	0.0	0.5705040927276206	1.0747677830538946	0.0	0.0	0.0	0.0	0.0	0.0	2.076660559920907	0.0	0.0	0.0	0.9618481441399637	0.37288138643524094	0.0	0.0	0.5705040927276206	1.6985703631480793	0.0	0.37288138643524094	0.7058210414029921	0.9618481441399637	0.0	0.5705040927276206	0.0	1.1218388681058404	0.0	0.0	0.0	0.5705040927276206	3.4212282664399196	0.0	0.0	0.0	0.0	0.0	0.8088409877270325	0.0	0.0	0.0	0.0	0.0	0.0	0.0	0.0	0.0	1.5765199626176782	0.0	1.2029830860874062	0.0	0.0	0.0	0.0	1.4501978624056266	0.0	0.0	0.0	0.0	0.0	0.0	0.7058210414029921	1.3018472384804562	0.0	0.0	0.0	0.0	0.0	0.37288138643524094	0.0	0.0	0.0	0.0	0.37288138643524094	1.2029830860874062	0.0	0.0	1.560572205789972	0.0	0.0	0.0	0.0	0.0	2.6894689360336326	0.0	0.0	0.8088409877270325	0.0	0.0	0.0	3.4278936648911316	0.37288138643524094	0.0	0.0	0.0	0.37288138643524094	0.0	0.0	0.0	0.0	0.0	0.0	0.0	0.37288138643524094	0.0	0.0	1.2384978253442094	0.0	0.0	0.0	0.0	0.0	0.0	3.4740757011938443	0.0	1.357121462151221	0.37288138643524094	0.0	0.5705040927276206	0.0	0.0	0.0	0.37288138643524094	1.3303631261375823	0.0
SRR13357711	0.45805133548253313	0.0	0.45805133548253313	0.0	0.0	0.0	0.0	0.0	0.45805133548253313	0.0	0.45805133548253313	1.015175254408905	0.0	0.0	0.0	0.0	0.0	0.0	0.0	0.0	0.0	0.0	0.0	0.0	0.0	0.6759835185512564	0.0	1.9756890783682826	0.0	4.023036735263047	0.45805133548253313	0.0	0.0	0.0	1.0873099540586695	0.0	0.0	0.0	0.0	0.0	0.0	0.0	0.0	0.0	0.6759835185512564	0.0	0.820422152607431	0.0	0.0	0.0	0.0	0.0	0.0	0.0	0.45805133548253313	1.0873099540586695	0.6759835185512564	0.0	0.6759835185512564	0.0	1.1491525645612761	0.0	0.0	0.0	0.0	0.0	0.0	0.0	0.0	0.0	1.2032766201536838	0.45805133548253313	0.0	0.0	0.0	0.820422152607431	0.0	0.0	0.0	0.45805133548253313	0.0	0.0	0.0	0.0	0.0	0.0	0.45805133548253313	0.6759835185512564	0.0	0.0	0.0	0.0	0.0	1.0873099540586695	0.0	0.6759835185512564	0.0	0.0	0.0	0.0	0.0	2.7779763255225776	0.0	0.0	1.0873099540586695	0.820422152607431	0.0	0.45805133548253313	0.0	0.0	0.0	0.0	0.0	0.0	0.45805133548253313	0.820422152607431	0.0	0.0	1.4633972091032563	0.0	0.0	0.0	0.0	0.0	0.0	0.0	0.0	0.6759835185512564	0.0	0.0	0.0	0.0	0.0	0.0	0.0	0.0	0.0	0.0	0.0	0.45805133548253313	0.0	0.45805133548253313	0.0	0.0	0.0	0.0	0.0	0.0	0.0	0.0	0.0	0.0	0.0	0.6759835185512564	0.0	3.8190801478013263	0.0	1.1491525645612761	0.0	0.0	0.0	0.0	0.45805133548253313	0.0	0.0	0.0	0.0	0.0	0.0	0.0	0.0	0.0	0.0	0.0	0.0	0.0	0.0	0.0	0.0	0.0	0.0	0.0	0.820422152607431	1.0873099540586695	0.0	0.9286252181322009	0.0	0.0	0.0	0.0	0.0	0.0	0.0	0.0	0.0	0.0	0.0	0.0	0.0	1.5159935096806993	0.0	0.0	0.820422152607431	0.9286252181322009	0.45805133548253313	0.0	0.0	0.6759835185512564	1.7708867402893262	0.0	0.0	1.2032766201536838	1.7274709699749289	0.0	0.45805133548253313	0.0	1.015175254408905	0.0	0.0	0.0	0.0	3.8656683924395248	0.0	0.0	0.0	0.0	0.0	0.820422152607431	0.0	0.0	0.6759835185512564	0.0	0.0	0.0	0.0	0.45805133548253313	0.45805133548253313	1.37020653808102	0.0	1.015175254408905	0.0	0.0	0.0	0.0	1.2513967845608158	0.0	0.0	0.0	0.0	0.0	0.0	0.0	1.4035418952636027	0.0	0.0	0.0	0.0	0.0	0.45805133548253313	0.0	0.0	0.0	0.0	0.0	0.6759835185512564	0.0	0.0	1.624948383261538	0.0	0.0	0.0	0.0	0.0	2.1080104910527173	0.0	0.0	1.0873099540586695	0.0	0.6759835185512564	0.0	3.4254696055306613	0.6759835185512564	0.0	0.0	0.0	1.0873099540586695	0.0	0.0	0.0	0.0	0.0	0.0	0.0	0.0	0.0	0.0	1.2032766201536838	0.0	0.0	0.0	0.0	0.0	0.0	2.802985458851518	0.0	1.4344999091246349	0.0	0.0	0.0	0.0	0.0	0.0	0.0	1.5400810791067838	0.0
SRR13357712	0.0	0.0	0.0	0.0	0.0	0.0	0.0	0.0	0.0	0.0	0.0	0.0	0.5048975326493452	0.0	0.0	0.0	0.0	0.0	0.0	0.0	0.0	0.0	0.0	0.0	0.0	0.322026968486591	0.0	0.8804946891427259	0.0	4.160377350172157	0.0	0.0	0.0	0.0	0.7320945488466117	0.322026968486591	0.0	0.0	0.0	0.0	0.0	0.0	0.7320945488466117	0.0	0.0	0.0	0.0	0.0	0.0	0.0	0.0	0.0	0.0	0.0	0.0	0.7320945488466117	0.322026968486591	0.322026968486591	0.0	0.0	1.0788446192005605	0.0	0.0	0.0	0.0	0.0	0.0	0.0	0.0	0.0	1.294117633152735	0.322026968486591	0.0	0.0	0.322026968486591	0.322026968486591	0.0	0.0	0.0	0.0	0.0	0.0	0.0	0.0	0.0	0.0	0.0	0.0	0.0	0.0	0.322026968486591	0.0	0.0	0.8126026334342239	0.0	0.0	0.0	0.0	0.0	0.0	0.0	2.42825479979327	0.322026968486591	0.0	1.3613765673001241	0.5048975326493452	0.0	0.322026968486591	0.0	0.0	0.0	0.0	0.0	0.0	0.6331866462355269	0.322026968486591	0.0	0.0	0.8804946891427259	0.0	0.0	0.0	0.0	0.0	0.0	0.0	0.322026968486591	0.322026968486591	0.0	0.0	0.0	0.0	0.0	0.0	0.0	0.0	0.0	0.0	0.0	0.0	0.0	0.5048975326493452	0.0	0.0	0.0	0.0	0.0	0.0	0.0	0.0	0.0	0.0	0.0	0.0	0.0	3.7171618712416925	0.0	1.3177137557170713	0.0	0.0	0.0	0.0	0.0	0.0	0.0	0.0	0.0	0.0	0.0	0.0	0.0	0.322026968486591	0.0	0.0	0.0	0.0	0.0	0.0	0.0	0.0	0.0	0.0	0.5048975326493452	0.8126026334342239	0.0	0.6331866462355269	0.0	0.0	0.0	0.0	0.0	0.322026968486591	1.2144990075292426	0.0	0.0	0.0	0.0	0.0	0.0	1.4010478775744817	0.0	0.0	0.0	0.6331866462355269	0.0	0.6331866462355269	0.322026968486591	0.0	1.5839735496765308	0.0	0.0	0.8804946891427259	2.335292906258861	0.0	0.0	0.0	0.322026968486591	0.0	0.0	0.0	0.5048975326493452	3.5812184577234603	0.0	0.0	0.0	0.0	0.0	0.0	0.0	0.0	0.5048975326493452	0.0	0.5048975326493452	0.0	0.0	0.0	0.5048975326493452	1.184348200835189	0.0	0.8804946891427259	0.0	0.0	0.0	0.0	0.9391942379384657	0.0	0.0	0.0	0.0	0.0	0.0	0.0	0.5048975326493452	0.0	0.0	0.0	0.0	0.0	0.322026968486591	0.0	0.0	0.0	0.0	0.0	0.5048975326493452	0.0	0.0	1.6197776231470622	0.0	0.0	0.0	0.0	0.0	2.9183448661733586	0.0	0.0	0.0	0.322026968486591	0.0	0.0	3.5853304059713	0.322026968486591	0.0	0.0	0.0	0.322026968486591	0.0	0.0	0.0	0.0	0.0	0.0	0.0	0.0	0.0	0.0	0.0	0.0	0.0	0.0	0.0	0.0	0.0	2.3910986612733773	0.0	0.322026968486591	0.0	0.0	0.0	0.0	0.0	0.0	0.322026968486591	1.4373967290529106	0.0
SRR13357713	0.0	0.0	2.903263591571279	0.2861633861368932	0.0	0.0	0.0	0.0	0.2861633861368932	0.2861633861368932	0.2861633861368932	0.0	0.6749328551026176	0.6749328551026176	0.0	0.0	0.0	0.6749328551026176	0.0	0.0	0.0	0.0	0.0	0.0	0.0	0.45718382592523377	0.0	0.9728624613070731	0.0	3.737865018632147	0.0	0.0	0.0	0.0	2.6883013862221654	0.0	0.0	0.0	0.0	0.0	0.0	0.0	2.026919450190579	0.0	0.0	0.0	0.45718382592523377	0.0	0.0	0.0	0.0	0.0	0.0	0.0	0.0	0.8767296231382036	0.2861633861368932	0.0	0.0	0.0	1.2723339225181716	0.0	0.45718382592523377	0.0	0.0	0.2861633861368932	0.0	0.0	0.0	0.0	1.9145784344494243	0.45718382592523377	0.0	0.5795647761074096	0.0	0.0	0.0	0.2861633861368932	0.2861633861368932	0.0	0.0	0.2861633861368932	0.0	0.2861633861368932	0.0	0.0	0.45718382592523377	0.2861633861368932	0.0	0.0	0.2861633861368932	0.0	0.0	0.45718382592523377	1.0515248170721008	1.7897582940595753	0.0	0.0	0.0	0.0	0.0	1.623648165287587	0.5795647761074096	0.0	0.0	3.1045771249832375	0.0	1.0515248170721008	0.0	0.0	0.0	0.0	0.0	0.0	0.7530830953098764	0.0	0.0	0.0	0.8767296231382036	0.0	0.0	0.2861633861368932	0.0	0.0	0.7530830953098764	0.0	0.0	0.0	0.0	0.0	0.0	0.0	0.2861633861368932	0.0	0.0	0.0	0.2861633861368932	0.2861633861368932	0.0	0.8192919507896668	0.0	0.2861633861368932	0.2861633861368932	0.0	0.0	0.0	0.0	0.0	0.0	0.0	0.0	0.0	0.0	0.0	0.0	4.145485554583789	0.0	1.5269119462773446	0.0	0.0	0.0	0.0	0.45718382592523377	0.0	0.0	0.0	0.2861633861368932	0.0	0.0	0.0	0.0	2.4396680172918113	0.0	0.0	0.0	0.0	0.0	0.0	0.0	0.0	0.0	0.0	0.8767296231382036	1.1181005908490202	0.0	1.0515248170721008	0.0	0.8192919507896668	0.0	0.0	0.0	0.2861633861368932	1.5616072169215338	0.0	0.0	0.0	0.0	0.0	0.0	0.7530830953098764	0.0	0.0	0.2861633861368932	1.4621112451524483	0.45718382592523377	0.2861633861368932	0.0	0.2861633861368932	0.45718382592523377	0.0	0.0	0.7530830953098764	1.7626366482351656	0.0	0.2861633861368932	0.0	0.45718382592523377	0.0	0.0	0.0	0.45718382592523377	2.2486582928145626	0.0	0.0	0.0	0.0	0.0	0.2861633861368932	0.0	0.0	0.0	0.0	0.0	0.0	0.0	0.2861633861368932	0.45718382592523377	0.9728624613070731	0.0	1.1181005908490202	0.0	0.0	0.0	0.0	3.7496299447815895	0.0	0.0	0.0	0.0	0.2861633861368932	0.0	0.2861633861368932	0.45718382592523377	0.0	0.0	0.0	0.0	0.0	0.2861633861368932	0.2861633861368932	0.0	0.0	0.0	0.2861633861368932	0.5795647761074096	0.0	0.6749328551026176	1.6779240181281259	0.0	0.0	0.0	0.0	0.0	1.1758140677850806	0.2861633861368932	0.0	0.0	0.0	0.0	0.2861633861368932	2.640979438430877	0.2861633861368932	0.0	0.0	0.0	0.0	0.0	0.0	0.0	0.0	0.0	0.0	0.0	0.0	0.0	0.0	0.2861633861368932	0.0	0.0	0.0	0.0	0.0	0.0	1.086087184950015	0.0	0.45718382592523377	0.0	0.0	0.0	0.0	0.0	0.0	0.0	0.0	0.0
SRR13357718	0.3055235255252744	0.0	0.1790921056047478	0.0	0.0	0.0	0.0	0.0	0.1790921056047478	0.1790921056047478	0.0	0.6601825045650461	3.882086008247186	0.3055235255252744	0.0	0.0	0.0	0.0	0.0	0.0	0.0	0.0	0.0	0.0	0.0	0.0	0.0	2.6837834728365273	0.0	4.146183704732707	0.1790921056047478	0.0	0.0	0.0	0.3055235255252744	0.0	0.0	0.0	0.0	0.0	0.0	0.0	0.0	0.0	0.1790921056047478	0.0	1.1051425067284772	0.0	0.0	0.0	0.0	0.0	0.0	0.0	0.0	0.4033266921202961	0.3055235255252744	0.0	0.3055235255252744	0.0	0.6601825045650461	0.0	0.0	0.0	0.0	0.0	0.0	0.0	0.0	0.0	1.3607300649402958	0.1790921056047478	0.0	0.0	0.0	0.1790921056047478	0.0	0.0	0.0	0.0	0.0	0.0	0.0	0.0	0.0	0.0	0.0	0.4831023550632808	0.0	0.0	0.1790921056047478	0.0	0.0	1.1222031192738076	0.0	0.0	0.0	0.0	0.0	0.0	0.0	2.2316045181830626	0.6601825045650461	0.0	0.9621991440817493	1.33073872111135	0.0	0.6601825045650461	0.0	0.0	0.0	0.0	0.1790921056047478	0.0	0.1790921056047478	0.0	0.0	0.0	1.2125075701402057	0.0	0.0	0.0	0.0	0.0	0.0	0.0	0.0	0.3055235255252744	0.0	0.0	0.0	0.0	0.0	0.0	0.3055235255252744	0.0	0.3055235255252744	0.3055235255252744	0.0	0.3055235255252744	0.0	0.0	0.0	0.0	0.0	0.0	0.0	0.0	0.0	0.0	0.0	0.0	0.0	0.4033266921202961	0.0	3.5933830452534092	0.0	1.1544365006116146	0.0	0.0	0.0	0.0	0.0	0.0	0.0	0.0	0.0	0.0	0.0	0.1790921056047478	0.0	0.0	0.0	0.0	0.0	0.0	0.0	0.0	0.0	0.0	0.0	0.0	0.550473230634247	1.6945002756754755	0.0	1.8183635314232247	0.1790921056047478	0.3055235255252744	0.0	0.0	0.0	0.0	0.0	0.0	0.0	0.0	0.0	0.0	0.4033266921202961	1.5941718501320543	0.0	0.0	0.3055235255252744	0.1790921056047478	0.4831023550632808	0.1790921056047478	0.0	0.0	1.7796430340315952	0.0	0.0	0.3055235255252744	1.2637216223849852	0.0	0.1790921056047478	0.0	0.4033266921202961	0.0	0.0	0.0	0.1790921056047478	1.552756166131328	0.0	0.0	0.0	0.0	0.0	0.4033266921202961	0.0	0.0	0.0	0.0	0.0	0.0	0.0	0.0	0.1790921056047478	0.6087829705236361	0.0	0.4033266921202961	0.0	0.0	0.0	0.0	0.8527730050621103	0.0	0.0	0.0	0.0	0.0	0.0	0.1790921056047478	1.0080551758577707	0.0	0.0	0.0	0.0	0.0	0.4033266921202961	0.0	0.0	0.0	0.1790921056047478	0.0	0.1790921056047478	0.0	0.0	1.811575380704783	0.0	0.0	0.0	0.0	0.0	0.0	0.0	0.0	0.1790921056047478	0.0	0.0	0.0	3.290083451982738	0.0	0.0	0.0	0.0	1.33073872111135	0.0	0.0	0.0	0.0	0.0	0.0	0.0	0.0	0.0	0.0	0.8828207485011876	0.0	0.0	0.0	0.0	0.0	0.0	2.73768399101352	0.6087829705236361	1.068868666506761	0.0	0.0	0.0	0.0	0.0	0.0	0.1790921056047478	0.9857321065159392	0.0
SRR13357719	0.5786759472092069	0.0	0.5786759472092069	0.0	0.0	0.0	0.0	0.0	0.3793345856782033	0.22983028910066658	0.0	0.7696033567469848	4.021691043018293	0.3793345856782033	0.0	0.0	0.3793345856782033	0.0	0.4903434757918509	0.0	0.22983028910066658	0.0	0.0	0.0	0.0	0.0	0.0	2.5803359457902704	0.0	3.8291747675601258	0.0	0.0	0.0	0.0	0.22983028910066658	0.0	0.0	0.0	0.0	0.0	0.0	0.0	0.3793345856782033	0.0	0.0	0.0	1.9941464877027801	0.0	0.0	0.0	0.22983028910066658	0.0	0.0	0.0	0.0	0.0	0.22983028910066658	0.0	0.4903434757918509	0.0	0.5786759472092069	0.0	0.0	0.0	0.0	0.22983028910066658	0.0	0.0	0.0	0.0	1.326946402725554	0.0	0.0	0.0	0.0	0.0	0.3793345856782033	0.0	0.0	0.0	0.0	0.22983028910066658	0.0	0.0	0.0	0.0	0.0	0.5786759472092069	0.0	0.0	0.0	0.0	0.0	0.8620252611116022	0.0	0.22983028910066658	0.0	0.0	0.3793345856782033	0.0	0.0	2.5270315976506645	0.4903434757918509	0.0	1.0320593025958453	1.5714079577987181	0.0	0.901774338449063	0.0	0.0	0.0	0.0	0.3793345856782033	0.0	0.22983028910066658	0.0	0.0	0.0	2.1323652702436084	0.0	0.0	0.22983028910066658	0.0	0.0	0.0	0.0	0.0	0.7696033567469848	0.0	0.0	0.0	0.0	0.0	0.22983028910066658	0.22983028910066658	0.0	0.0	0.22983028910066658	0.0	0.3793345856782033	0.0	0.0	0.0	0.0	0.0	0.0	0.0	0.0	0.0	0.0	0.0	0.0	0.0	0.818268213750416	0.0	3.6619805979596842	0.0	0.901774338449063	0.0	0.0	0.0	0.0	0.0	0.0	0.0	0.0	0.0	0.0	0.0	0.0	0.0	0.0	0.0	0.22983028910066658	0.0	0.0	0.0	0.0	0.0	0.0	0.0	0.0	0.5786759472092069	2.213613837409363	0.0	1.326946402725554	0.22983028910066658	0.22983028910066658	0.0	0.0	0.0	0.0	0.0	0.0	0.0	0.22983028910066658	0.0	0.0	0.3793345856782033	1.770109047239123	0.0	0.0	0.3793345856782033	0.6520432453790872	0.5786759472092069	0.4903434757918509	0.0	0.3793345856782033	1.9454563692004687	0.0	0.4903434757918509	0.7696033567469848	1.7902110623679444	0.0	0.22983028910066658	0.0	0.901774338449063	0.0	0.0	0.0	0.0	1.340987229996382	0.0	0.0	0.0	0.0	0.0	0.5786759472092069	0.0	0.0	0.22983028910066658	0.0	0.0	0.0	0.0	0.0	0.0	0.3793345856782033	0.0	0.4903434757918509	0.0	0.0	0.0	0.0	1.0320593025958453	0.0	0.0	0.0	0.0	0.3793345856782033	0.0	0.22983028910066658	0.9717841691867016	0.0	0.0	0.0	0.0	0.0	0.3793345856782033	0.0	0.0	0.0	0.0	0.0	0.5786759472092069	0.0	0.0	1.7268780164541455	0.0	0.0	0.22983028910066658	0.0	0.0	0.22983028910066658	0.0	0.0	0.7147890404481173	0.22983028910066658	0.0	0.0	3.378309660043676	0.0	0.0	0.0	0.0	1.340987229996382	0.22983028910066658	0.0	0.0	0.0	0.0	0.0	0.0	0.0	0.0	0.22983028910066658	0.9717841691867016	0.0	0.0	0.0	0.0	0.0	0.22983028910066658	3.5184950599712232	0.7147890404481173	1.4503357424624235	0.0	0.0	0.0	0.0	0.0	0.0	0.0	1.3930084996858851	0.0
SRR13357720	0.0	0.0	0.7223872558854764	0.0	0.0	0.0	0.0	0.0	0.0	0.0	0.0	0.5856112561982104	0.8262477915867172	0.0	0.0	0.0	0.0	0.0	0.0	0.0	0.0	0.0	0.0	0.0	0.0	0.3848312374664617	0.0	0.8262477915867172	0.0	4.244406813966165	0.5856112561982104	0.0	0.0	0.0	1.1834598441474344	0.3848312374664617	0.0	0.3848312374664617	0.0	0.0	0.0	0.0	0.3848312374664617	0.0	0.0	0.0	0.5856112561982104	0.0	0.0	0.0	0.0	0.0	0.0	0.0	0.3848312374664617	0.0	0.0	0.0	0.0	0.0	1.3767717463747935	0.0	0.0	0.0	0.0	0.0	0.0	0.0	0.0	0.0	1.1408537664145353	0.3848312374664617	0.0	0.0	0.0	0.0	0.0	0.0	0.3848312374664617	0.0	0.0	0.3848312374664617	0.0	0.0	0.0	0.0	0.3848312374664617	0.0	0.0	0.0	0.0	0.0	0.0	1.1408537664145353	0.5856112561982104	0.0	0.0	0.0	0.9801854155814067	0.0	0.0	3.3512164158011832	0.0	0.0	1.978153313209312	2.044447183734787	0.0	0.5856112561982104	0.0	0.0	0.0	0.0	0.0	0.0	0.7223872558854764	0.0	0.0	0.0	0.5856112561982104	0.0	0.0	0.0	0.0	0.0	0.0	0.0	0.0	0.3848312374664617	0.0	0.0	0.0	0.0	0.0	0.0	0.0	0.0	0.0	0.0	0.0	0.3848312374664617	0.0	0.5856112561982104	0.3848312374664617	0.0	0.0	0.0	0.0	0.0	0.0	0.0	0.0	0.0	0.0	0.0	0.0	3.568607427807148	0.0	1.0936086217626895	0.0	0.0	0.0	0.0	0.0	0.0	0.0	0.0	0.0	0.0	0.0	0.0	0.0	0.0	0.0	0.0	0.0	0.0	0.0	0.3848312374664617	0.0	0.0	0.0	0.0	0.8262477915867172	1.4020264467483725	0.0	1.0405893368491006	0.0	0.5856112561982104	0.0	0.0	0.0	0.0	0.3848312374664617	0.0	0.0	0.0	0.0	0.0	0.0	1.97159299016362	0.0	0.0	0.0	0.9100016801792091	0.3848312374664617	0.0	0.0	0.7223872558854764	3.088365842119212	0.0	0.0	0.7223872558854764	1.0936086217626895	0.0	0.0	0.0	0.0	0.0	0.0	0.0	0.8262477915867172	1.7067037571877046	0.3848312374664617	0.0	0.0	0.0	0.0	0.5856112561982104	0.0	0.0	0.0	0.0	0.0	0.0	0.0	0.0	0.0	1.4020264467483725	0.0	1.1834598441474344	0.0	0.0	0.0	0.0	1.4020264467483725	0.0	0.0	0.0	0.0	0.0	0.0	0.0	0.0	0.0	0.0	0.3848312374664617	0.0	0.0	0.5856112561982104	0.0	0.0	0.0	0.0	0.0	0.3848312374664617	0.0	0.0	0.9100016801792091	0.0	0.0	0.0	0.0	0.0	0.3848312374664617	0.0	0.0	0.0	0.0	0.0	0.0	3.5717723661172815	0.5856112561982104	0.0	0.0	0.0	0.3848312374664617	0.0	0.0	0.0	0.0	0.0	0.0	0.0	0.0	0.0	0.0	0.0	0.0	0.0	0.0	0.0	0.0	0.0	0.8262477915867172	0.0	0.8262477915867172	0.0	0.0	0.3848312374664617	0.0	0.0	0.0	0.0	2.092044435093749	0.0
SRR13357721	0.0	0.2664671299613458	3.0550472603977354	0.0	0.0	0.0	0.0	0.0	0.5491262937395405	0.0	0.0	0.0	0.7189170997306114	0.0	0.0	0.0	0.0	0.4303979129611587	0.2664671299613458	0.0	0.0	0.0	0.0	0.0	0.0	0.0	0.0	0.8406709989322906	0.0	4.0755040046361195	0.0	0.0	0.0	0.0	0.5491262937395405	0.0	0.0	0.0	0.0	0.0	0.0	0.0	0.0	0.0	0.0	0.0	0.0	0.2664671299613458	0.0	0.0	0.0	0.0	0.0	0.0	0.0	0.0	0.0	0.0	0.0	0.0	1.563172957977472	0.0	0.0	0.0	0.0	0.0	0.0	0.0	0.0	0.0	2.23362348043831	0.2664671299613458	0.0	0.0	0.0	0.0	0.0	0.0	0.2664671299613458	0.0	0.0	0.2664671299613458	0.0	0.0	0.0	0.0	0.0	0.0	0.0	0.0	0.0	0.0	0.0	1.3778347144504186	0.2664671299613458	0.0	0.0	0.0	0.0	0.0	0.0	0.8907566975564636	0.0	0.0	0.2664671299613458	2.1102433169664883	0.0	0.2664671299613458	0.0	0.0	0.0	0.0	0.0	0.0	1.4982007379361384	0.2664671299613458	0.0	0.0	0.2664671299613458	0.0	0.0	0.0	0.0	0.0	0.0	0.0	0.0	0.0	0.0	0.0	0.0	0.0	0.0	0.0	0.0	0.0	0.0	0.2664671299613458	0.0	0.2664671299613458	0.0	1.1874929971755088	0.0	0.0	0.0	0.2664671299613458	0.0	0.0	0.0	0.0	0.0	0.0	0.0	0.0	0.0	3.922253021021958	0.0	1.109173893057535	0.0	0.0	0.0	0.0	0.4303979129611587	0.0	0.0	0.0	0.0	0.0	0.7189170997306114	0.0	0.0	0.5491262937395405	0.0	0.0	0.0	0.0	0.0	0.0	0.0	0.0	0.0	0.0	0.2664671299613458	0.0	0.0	2.278482018957351	0.0	0.4303979129611587	0.0	0.0	0.0	0.0	0.0	0.0	0.0	0.0	0.0	0.0	0.0	1.6016477140786411	0.0	0.0	0.0	1.3113516440069704	0.0	0.0	0.0	0.0	0.7840468431284524	0.0	0.5491262937395405	0.8406709989322906	1.9286677068984976	0.0	0.0	0.0	0.5491262937395405	0.0	0.0	0.0	0.5491262937395405	1.7802457867882953	0.0	0.0	0.0	0.0	0.0	0.2664671299613458	0.0	0.0	0.0	0.0	0.0	0.0	0.0	0.0	0.2664671299613458	1.6107564516522788	0.0	1.8479061592018635	0.0	0.0	0.0	0.0	2.5841552664598084	0.0	0.0	0.0	0.0	0.0	0.0	0.0	0.0	0.0	0.0	0.0	0.0	0.0	0.7840468431284524	0.0	0.0	0.0	0.0	0.0	0.2664671299613458	0.0	0.0	1.6284200844226098	0.0	0.0	0.0	0.0	0.0	0.0	0.0	0.0	0.0	0.0	0.0	0.0	3.808422028881817	0.5491262937395405	0.0	0.0	0.0	0.2664671299613458	0.0	0.0	0.0	0.0	0.0	0.0	0.0	0.0	0.0	0.0	0.0	0.0	0.0	0.0	0.0	0.0	0.0	0.5491262937395405	0.0	0.0	0.0	0.0	0.2664671299613458	0.0	0.0	0.0	0.2664671299613458	0.0	0.0
SRR13357740	0.35198141734077415	0.0	0.7300838008371653	0.0	0.0	0.0	0.0	0.0	0.6151497014686439	0.0	0.21071415162318546	0.21071415162318546	0.21071415162318546	0.0	0.0	0.35198141734077415	0.0	0.0	0.0	0.0	0.0	0.0	0.0	0.0	0.0	0.21071415162318546	0.0	1.1299985487920305	0.0	1.015660966307415	0.0	0.0	0.0	0.0	3.4720836790971146	0.0	0.0	0.0	0.0	0.0	0.0	0.0	0.820878502317	0.0	0.0	0.0	0.0	0.0	0.0	0.0	0.0	0.0	0.0	0.0	0.0	0.6151497014686439	0.0	0.21071415162318546	0.0	0.0	0.21071415162318546	0.0	0.35198141734077415	0.0	0.0	0.0	0.0	0.0	0.0	0.0	1.679754303973358	0.45840176470038674	0.0	0.0	0.0	0.0	0.0	0.21071415162318546	0.0	0.0	0.0	0.0	0.0	0.0	0.0	0.0	0.0	0.0	0.0	0.0	0.0	0.0	0.0	0.0	0.0	0.0	0.0	0.0	0.0	0.0	0.0	1.5165147303702913	0.6764078069790589	0.0	0.5438094691088315	0.7300838008371653	0.0	0.35198141734077415	0.0	0.0	0.0	0.0	0.0	0.0	0.21071415162318546	0.0	0.0	0.0	1.236448047508729	0.0	0.0	0.0	0.0	0.0	0.0	0.0	0.0	0.0	0.0	0.21071415162318546	0.0	0.0	0.0	0.0	0.21071415162318546	0.0	0.0	0.0	0.0	0.21071415162318546	0.0	0.0	0.0	0.0	0.0	0.0	0.0	0.0	0.0	0.0	0.0	0.0	0.0	0.35198141734077415	0.0	2.2905087964306357	0.0	4.0040023585051205	0.0	0.0	0.0	0.21071415162318546	1.3087533452460915	0.0	0.0	0.21071415162318546	0.0	0.0	0.0	0.0	0.0	0.0	0.0	0.0	0.0	0.0	0.0	0.0	0.21071415162318546	0.0	0.0	0.0	0.0	0.7300838008371653	0.0	0.21071415162318546	0.0	1.1094133203349397	0.0	0.0	0.0	0.0	0.35198141734077415	0.0	0.0	0.0	0.0	0.0	0.0	0.21071415162318546	0.0	0.0	0.21071415162318546	0.860025913777034	0.45840176470038674	0.6151497014686439	0.0	0.0	0.0	0.0	0.5438094691088315	0.35198141734077415	0.820878502317	0.0	0.0	0.0	0.0	0.0	0.0	0.0	0.21071415162318546	0.5438094691088315	0.0	0.0	0.21071415162318546	0.0	0.0	0.0	0.0	0.0	0.0	0.0	0.0	0.0	0.0	0.0	0.0	0.0	0.0	0.35198141734077415	0.0	0.0	0.0	0.0	0.7300838008371653	0.0	0.0	0.0	0.0	0.35198141734077415	0.0	0.7300838008371653	0.45840176470038674	0.0	0.0	0.0	0.0	0.0	0.0	0.0	0.0	0.21071415162318546	0.0	0.21071415162318546	0.5438094691088315	0.0	0.0	1.802417380721872	0.0	0.0	0.21071415162318546	0.0	0.0	0.6151497014686439	0.0	0.0	0.0	0.0	0.0	0.0	0.35198141734077415	0.0	0.0	0.0	0.0	0.0	0.0	0.0	0.0	0.0	0.0	0.0	0.0	0.0	0.0	0.0	0.6151497014686439	0.0	0.0	0.0	0.0	0.0	0.0	4.195305895391136	0.0	0.35198141734077415	0.0	0.0	0.0	0.0	0.0	0.0	0.21071415162318546	0.35198141734077415	0.0
SRR13357742	0.4986566156825127	0.0	0.2348976759949824	0.0	0.0	0.0	0.0	0.0	0.3865002778518253	0.2348976759949824	0.0	0.4986566156825127	0.2348976759949824	0.2348976759949824	0.0	0.2348976759949824	0.3865002778518253	0.0	0.4986566156825127	0.0	0.0	0.0	0.0	0.0	0.0	0.0	0.0	1.309046443966823	0.0	3.0226666509719826	0.0	0.0	0.0	0.0	3.238632225198054	0.0	0.0	0.0	0.0	0.0	0.0	0.0	1.1861104615399307	0.0	0.6615778186507592	0.0	0.0	0.0	0.0	0.0	0.0	0.0	0.0	0.0	0.0	0.6615778186507592	0.2348976759949824	0.0	0.0	0.0	0.8725951902312037	0.0	0.0	0.0	0.0	0.0	0.0	0.0	0.0	0.0	3.7434635810505554	1.1204937287393109	0.0	0.0	0.0	0.4986566156825127	0.2348976759949824	0.0	0.587712616415349	0.0	0.0	0.0	0.0	0.2348976759949824	0.0	0.0	0.0	0.0	0.0	0.0	0.2348976759949824	0.0	0.0	0.0	0.6615778186507592	0.0	0.0	0.0	0.0	0.0	0.2348976759949824	2.2029466536888083	0.3865002778518253	0.0	0.3865002778518253	0.2348976759949824	0.2348976759949824	0.8286617929455308	0.0	0.0	0.0	0.0	0.0	0.0	0.2348976759949824	0.0	0.0	0.0	0.4986566156825127	0.0	0.0	0.0	0.0	0.0	0.0	0.0	0.0	0.3865002778518253	0.0	0.0	0.0	0.0	0.2348976759949824	0.0	0.0	0.0	0.0	0.0	0.0	1.1861104615399307	0.0	0.0	0.0	0.0	0.0	0.0	0.0	0.0	0.0	0.0	0.0	0.0	0.0	0.3865002778518253	0.0	4.223615875847542	0.0	3.212880687521748	0.0	0.0	0.0	0.3865002778518253	0.4986566156825127	0.0	0.0	0.9124897157366001	0.0	0.0	0.0	0.0	0.0	0.8725951902312037	0.0	0.0	0.0	0.0	0.0	0.0	0.3865002778518253	0.0	0.0	0.0	0.7246871952787549	1.512819916989967	0.0	0.2348976759949824	0.2348976759949824	1.0431677453912582	0.0	0.0	0.0	0.3865002778518253	1.0962166337122041	0.2348976759949824	0.0	0.0	0.0	0.2348976759949824	0.2348976759949824	0.0	0.0	0.0	0.2348976759949824	1.0705016739171538	0.2348976759949824	0.6615778186507592	0.0	0.0	0.9827253827471151	0.0	0.4986566156825127	0.4986566156825127	1.3526669275869632	0.0	0.0	0.0	0.587712616415349	0.0	0.2348976759949824	0.0	0.0	0.7246871952787549	0.0	0.0	0.0	0.0	0.0	0.3865002778518253	0.0	0.0	0.0	0.0	0.0	0.2348976759949824	0.0	0.0	0.2348976759949824	0.6615778186507592	0.0	0.2348976759949824	0.0	0.0	0.0	0.0	1.878638870373847	0.0	0.0	0.0	0.0	0.0	0.0	0.4986566156825127	1.0431677453912582	0.0	0.0	0.0	0.0	0.0	0.0	0.0	0.0	0.2348976759949824	0.0	0.0	0.6615778186507592	0.0	0.2348976759949824	1.493251025331397	0.0	0.0	0.0	0.0	0.0	0.4986566156825127	0.0	0.0	0.4986566156825127	0.0	0.0	0.0	0.4986566156825127	0.3865002778518253	0.0	0.0	0.0	0.0	0.0	0.0	0.0	0.0	0.0	0.0	0.0	0.0	0.0	0.0	0.8286617929455308	0.0	0.0	0.0	0.0	0.0	0.0	3.2975811046289207	0.2348976759949824	1.0139972148255871	0.0	0.0	0.0	0.0	0.0	0.0	0.2348976759949824	0.7246871952787549	0.0
SRR13357743	1.1413949118974436	0.0	0.6045627462660932	0.0	0.0	0.0	0.0	0.0	0.7430922540443142	0.0	0.0	1.534715039882333	0.24446995994666232	1.4139820531879184	0.0	0.3999433651241471	0.3999433651241471	0.0	1.2461820447319125	0.0	0.679327689827802	0.0	0.0	0.24446995994666232	0.0	0.0	0.0	1.6213018757969309	0.0	1.4011409581332974	0.0	0.0	0.0	0.0	3.7267272785673415	0.0	0.0	0.0	0.0	0.0	0.0	0.24446995994666232	1.940311523868256	0.0	0.0	0.0	0.5141941075302213	0.0	0.0	0.24446995994666232	0.24446995994666232	0.0	0.0	0.0	0.0	0.8479571568946298	0.7430922540443142	0.3999433651241471	0.679327689827802	0.0	0.0	0.0	0.0	0.0	0.0	0.3999433651241471	0.0	0.0	0.0	0.0	3.4831958246984733	0.24446995994666232	0.0	0.0	0.0	0.9691163636963648	0.6045627462660932	0.0	0.3999433651241471	0.0	0.0	0.24446995994666232	0.0	0.24446995994666232	0.0	0.0	0.0	0.5141941075302213	0.0	0.0	0.5141941075302213	0.0	0.0	0.3999433651241471	0.5141941075302213	0.5141941075302213	0.0	0.0	0.0	0.0	0.0	3.1977766495313134	0.679327689827802	0.0	1.8530133127691861	0.679327689827802	0.3999433651241471	0.679327689827802	0.0	0.0	0.0	0.24446995994666232	0.6045627462660932	0.0	0.0	0.24446995994666232	0.0	0.0	1.4839493901050942	0.0	0.0	0.0	0.0	0.0	0.0	0.0	0.0	1.1170216235906747	0.0	0.0	0.3999433651241471	0.0	0.24446995994666232	0.6045627462660932	0.7430922540443142	0.0	1.0030015798216094	0.0	0.0	0.3999433651241471	0.0	0.24446995994666232	0.0	0.0	0.0	0.24446995994666232	0.0	0.3999433651241471	0.0	0.0	0.0	0.0	0.0	1.2987327247670704	0.0	1.6588789957258936	0.0	1.5887082716641996	0.0	0.0	0.0	0.0	0.5141941075302213	0.0	0.0	0.7986821359602629	0.24446995994666232	0.0	0.0	0.0	0.0	0.24446995994666232	0.0	0.0	0.0	0.3999433651241471	0.0	0.3999433651241471	0.0	0.0	0.0	0.0	1.5534686040392276	3.134227733115513	0.0	0.3999433651241471	1.0030015798216094	0.0	0.0	0.0	0.0	1.9867000441348053	1.9050228582160007	0.0	0.0	0.0	0.0	0.0	0.7430922540443142	0.24446995994666232	0.0	0.0	0.7430922540443142	1.0637427691874783	1.207246179227343	0.8922067802804311	0.0	1.1644727157107928	2.1509864979672697	0.0	0.679327689827802	0.24446995994666232	2.5785128239877837	0.0	0.9323618499843473	0.0	1.5625501978348424	0.0	0.0	0.0	0.0	0.8479571568946298	0.0	0.0	0.24446995994666232	0.0	0.0	1.494588361744948	0.0	0.0	0.0	0.0	0.0	0.0	0.0	0.8479571568946298	0.6045627462660932	0.8479571568946298	0.0	0.6045627462660932	0.0	0.0	0.0	0.24446995994666232	1.7939169881638188	0.0	0.0	0.0	0.0	0.24446995994666232	0.0	0.3999433651241471	1.834194089338373	0.0	0.0	0.0	0.0	0.0	0.0	0.0	0.0	0.24446995994666232	0.0	0.24446995994666232	0.0	0.0	0.5141941075302213	1.5534686040392276	0.0	0.3999433651241471	0.0	0.0	0.0	1.186385827111781	0.0	0.0	1.186385827111781	0.0	0.3999433651241471	0.0	0.6045627462660932	0.0	0.0	0.0	0.0	0.3999433651241471	0.0	0.0	0.0	0.0	0.0	0.0	0.0	0.0	0.0	0.0	1.7667045420554024	0.0	0.0	0.0	0.0	0.24446995994666232	0.24446995994666232	4.203978938239466	0.0	2.0224183206408908	0.24446995994666232	0.0	0.0	0.0	0.0	0.24446995994666232	0.6045627462660932	2.0033005999701845	0.24446995994666232
SRR13357744	0.5278364048898151	0.0	1.0206268823392306	0.0	0.0	0.0	0.0	0.0	0.4117995353988915	0.0	0.0	1.2455427601423692	0.5278364048898151	0.7591543626850801	0.0	0.0	0.0	0.6948395074398382	0.2529826362239739	0.0	0.5278364048898151	0.0	0.0	0.0	0.0	0.2529826362239739	0.0	2.1027592976457394	0.0	2.4484730821637264	0.2529826362239739	0.0	0.0	0.4117995353988915	1.4452641839298817	0.2529826362239739	0.0	0.2529826362239739	0.0	0.0	0.0	0.0	0.815161838414822	0.0	0.0	0.0	0.7591543626850801	0.0	0.0	0.0	0.0	0.0	0.0	0.0	0.0	0.815161838414822	0.0	0.0	0.4117995353988915	0.0	1.5991861027862884	0.2529826362239739	0.2529826362239739	0.2529826362239739	0.2529826362239739	0.0	0.0	0.0	0.0	0.0	2.025883408796465	1.1595395975714737	0.0	0.5278364048898151	0.0	0.2529826362239739	0.0	0.0	0.0	0.0	0.0	0.0	0.0	0.0	0.0	0.0	0.4117995353988915	0.0	0.0	0.0	0.5278364048898151	0.0	0.0	0.2529826362239739	0.5278364048898151	0.7591543626850801	0.0	0.0	0.0	0.0	0.4117995353988915	2.798978307165924	1.1595395975714737	0.0	1.225585417737679	1.0816165768899413	0.0	1.1350864586852163	0.0	0.0	0.0	0.2529826362239739	0.2529826362239739	0.9865870932955195	1.491925938552199	0.0	0.0	0.0	0.8647645895755802	0.0	0.0	0.2529826362239739	0.0	0.0	0.2529826362239739	0.0	0.0	0.815161838414822	0.0	0.2529826362239739	0.0	0.0	0.0	0.0	0.6193163771931894	0.2529826362239739	0.2529826362239739	0.0	0.2529826362239739	0.9092782689151853	0.0	0.815161838414822	0.2529826362239739	0.0	0.0	0.2529826362239739	0.0	0.0	0.0	0.0	0.0	0.2529826362239739	0.0	0.815161838414822	0.0	3.9236469279152755	0.0	1.785903323537484	0.2529826362239739	0.0	0.0	0.0	0.6948395074398382	0.0	0.0	1.0206268823392306	0.2529826362239739	0.0	0.6193163771931894	0.0	0.0	0.2529826362239739	0.0	0.0	0.0	0.0	0.0	0.0	0.4117995353988915	0.0	0.0	0.0	1.1595395975714737	3.053944067723461	0.2529826362239739	0.4117995353988915	0.9496506340515629	1.0206268823392306	0.0	0.0	0.0	0.6948395074398382	0.4117995353988915	0.0	0.0	0.0	0.0	0.0	0.0	1.534057078245618	0.0	0.0	0.5278364048898151	1.4807220449795726	1.7628170585138574	1.4199077993251326	0.0	0.4117995353988915	1.9816560523797295	0.0	0.7591543626850801	0.6193163771931894	1.3172975629296397	0.0	0.6948395074398382	0.0	1.349169185836671	0.0	0.0	0.0	0.6193163771931894	1.6243623631615807	0.0	0.0	0.0	0.0	0.0	0.6948395074398382	0.0	0.0	0.0	0.0	0.0	0.4117995353988915	0.0	0.0	0.4117995353988915	2.0448699131880215	0.0	1.109173893057535	0.0	0.0	0.0	0.0	1.916059109751549	0.0	0.0	0.0	0.0	0.4117995353988915	0.0	2.1027592976457394	1.5135022037347239	0.0	0.0	0.0	0.0	0.0	0.5278364048898151	0.0	0.0	0.4117995353988915	0.2529826362239739	0.0	0.8647645895755802	0.0	0.0	1.785903323537484	0.0	0.0	0.0	0.0	0.0	2.2144466005942482	0.0	0.0	0.9092782689151853	0.0	0.4117995353988915	0.0	1.8722710196039793	0.4117995353988915	0.0	0.0	0.0	0.4117995353988915	0.2529826362239739	0.0	0.0	0.4117995353988915	0.0	0.0	0.2529826362239739	0.0	0.2529826362239739	0.0	1.2829004088864093	0.0	0.0	0.0	0.0	0.0	0.0	4.231655357868996	0.0	1.6403706158092637	0.0	0.0	0.4117995353988915	0.0	0.0	0.0	0.5278364048898151	1.3642687416552084	0.0
SRR13357754	0.0	0.0	0.4003559039783883	0.24476505844242852	0.0	0.0	0.24476505844242852	0.0	0.6798696355926281	0.0	0.0	0.24476505844242852	0.0	0.4003559039783883	0.0	0.4003559039783883	0.24476505844242852	0.4003559039783883	0.0	0.0	0.0	0.0	0.0	0.0	0.0	0.0	0.0	0.7992585203274525	0.0	3.762305599827095	2.6093141773196478	0.0	0.0	0.24476505844242852	1.8151970424223716	0.24476505844242852	0.0	0.24476505844242852	0.0	0.0	0.0	0.0	1.0643688878989472	0.0	0.0	0.0	0.4003559039783883	0.0	0.0	0.0	0.0	0.0	0.0	0.0	0.0	0.24476505844242852	0.24476505844242852	0.0	0.0	0.0	1.1420307119858077	0.0	0.24476505844242852	0.0	0.6798696355926281	0.0	0.0	0.0	0.0	0.0	2.4058343734159773	0.6798696355926281	0.0	0.0	0.0	0.0	0.0	0.0	0.514669742547979	0.0	0.24476505844242852	0.514669742547979	0.0	0.0	0.0	0.4003559039783883	0.0	0.24476505844242852	0.0	0.0	1.9594219393754269	0.0	0.0	1.4737054421339049	0.605077766418245	3.318305778964883	0.0	0.0	0.24476505844242852	0.0	0.0	1.1176545691556554	0.4003559039783883	0.0	0.0	1.761724665470533	0.0	1.4510341903034174	0.0	0.0	0.0	0.4003559039783883	0.24476505844242852	0.0	0.9697280868760026	0.0	0.24476505844242852	0.0	0.4003559039783883	0.0	0.24476505844242852	0.0	0.0	0.0	0.24476505844242852	0.0	0.0	0.24476505844242852	0.0	0.0	0.0	0.0	0.24476505844242852	0.0	0.0	0.24476505844242852	0.24476505844242852	0.24476505844242852	0.0	1.7729588298064207	0.0	0.514669742547979	0.0	0.0	0.0	0.0	0.0	0.0	0.0	0.24476505844242852	0.0	0.0	0.0	0.0	0.0	4.0441560341962965	0.0	0.9697280868760026	0.0	0.0	0.514669742547979	0.24476505844242852	0.4003559039783883	0.0	0.0	0.0	0.0	0.0	0.0	0.0	0.0	2.130282937380248	0.0	0.0	0.0	0.0	0.0	0.0	0.0	0.0	0.0	0.0	2.386019500732301	0.605077766418245	0.0	2.807640565784555	0.24476505844242852	0.514669742547979	0.0	0.0	0.0	0.0	0.9329670793802165	0.0	0.0	0.0	0.0	0.0	0.0	2.2260609089465264	0.0	0.0	0.0	2.5597068247062094	0.0	0.514669742547979	0.0	0.7436537708010817	0.605077766418245	0.0	0.6798696355926281	0.0	1.8672871131735067	0.0	0.0	0.0	0.24476505844242852	0.0	0.24476505844242852	0.0	0.514669742547979	2.9669756384558865	0.0	0.0	0.605077766418245	0.0	0.0	0.24476505844242852	0.0	0.0	0.0	0.0	0.0	0.0	0.0	0.0	0.0	1.0643688878989472	0.0	3.0299352878820063	0.0	0.24476505844242852	0.0	0.0	3.7102665230003353	0.0	0.0	0.0	0.0	0.0	0.0	0.8485452191146323	0.0	0.0	0.0	0.0	0.0	0.0	0.0	0.0	0.0	0.0	0.0	0.4003559039783883	0.4003559039783883	0.0	0.4003559039783883	0.7992585203274525	0.0	0.0	0.0	0.0	0.0	0.4003559039783883	0.0	0.0	0.24476505844242852	0.0	0.0	0.4003559039783883	1.929541481182885	0.24476505844242852	0.0	0.0	0.0	0.0	0.0	0.24476505844242852	0.0	0.24476505844242852	0.0	0.0	0.0	0.0	0.0	0.0	0.4003559039783883	0.0	0.0	0.0	0.0	0.0	0.0	2.4879496450146226	0.24476505844242852	0.24476505844242852	0.0	0.0	0.24476505844242852	0.0	0.0	0.0	0.24476505844242852	0.0	0.0
SRR13357755	0.0	0.0	0.5053767237484257	0.0	0.0	0.0	0.0	0.0	0.8370277285266956	0.0	0.0	0.23902163857282682	4.220265134948737	0.0	0.0	0.0	0.0	0.0	0.0	0.0	0.0	0.0	0.0	0.0	0.0	0.0	0.23902163857282682	0.7879725905415943	0.0	3.633852013979146	0.23902163857282682	0.0	0.0	0.3923065760828108	2.607855464734671	0.0	0.0	0.0	0.0	0.0	0.0	0.0	0.23902163857282682	0.0	0.0	0.0	0.5950067082889954	0.0	0.0	0.0	0.0	0.0	0.0	0.0	0.0	0.9211089668922374	0.0	0.0	0.0	0.0	0.6692659089293369	0.0	0.0	0.0	0.0	0.0	0.0	0.0	0.0	0.0	1.9461227637679894	0.5950067082889954	0.0	0.0	0.0	0.0	0.0	0.0	0.5950067082889954	0.0	0.0	0.0	0.0	0.0	0.23902163857282682	0.0	0.0	0.23902163857282682	0.0	0.0	0.0	0.0	0.0	1.3027885810343922	0.0	2.9699006304896285	0.0	0.0	0.0	0.0	0.0	0.9211089668922374	0.5950067082889954	0.0	0.0	2.476677160161475	0.0	0.9211089668922374	0.0	0.0	0.0	0.23902163857282682	0.0	0.0	0.9915222093266011	0.0	0.0	0.0	0.8370277285266956	0.0	0.0	0.0	0.0	0.0	0.0	0.0	0.0	0.0	0.0	0.23902163857282682	0.0	0.0	0.23902163857282682	0.0	0.0	0.0	0.0	0.23902163857282682	0.0	1.576278209389171	0.0	0.0	0.0	0.23902163857282682	0.0	0.0	0.23902163857282682	0.0	0.0	0.0	0.0	0.0	0.0	0.0	0.0	3.248972997425163	0.0	2.212692944501196	0.0	0.0	0.5053767237484257	0.0	0.23902163857282682	0.0	0.0	0.0	0.0	0.0	0.0	0.0	0.0	0.5950067082889954	0.0	0.0	0.0	0.0	0.0	0.0	0.0	0.0	0.0	0.0	0.0	0.23902163857282682	0.0	2.963361288527502	0.0	0.23902163857282682	0.0	0.0	0.0	0.23902163857282682	0.0	0.0	0.0	0.0	0.0	0.0	0.0	0.9577410620513848	0.0	0.0	0.23902163857282682	2.7618059810379423	0.0	0.23902163857282682	0.0	0.5950067082889954	0.5053767237484257	0.0	0.5053767237484257	0.5053767237484257	0.8370277285266956	0.0	0.0	0.0	0.5053767237484257	0.0	0.0	0.0	0.5053767237484257	2.373975850170319	0.0	0.0	0.0	0.0	0.0	0.3923065760828108	0.0	0.0	0.0	0.0	0.0	0.0	0.0	0.0	0.23902163857282682	0.5053767237484257	0.0	0.3923065760828108	0.0	0.0	0.0	0.0	3.373535972966732	0.0	0.0	0.0	0.0	0.23902163857282682	0.0	0.5950067082889954	0.23902163857282682	0.0	0.0	0.0	0.0	0.0	0.0	0.0	0.0	0.23902163857282682	0.0	0.23902163857282682	0.5950067082889954	0.0	0.0	1.3027885810343922	0.0	0.0	0.0	0.0	0.0	0.0	0.0	0.0	0.0	0.0	0.0	0.0	1.867203107821905	0.23902163857282682	0.0	0.0	0.0	0.23902163857282682	0.0	0.0	0.0	0.0	0.8810999878881466	0.0	0.0	0.0	0.0	0.0	0.0	0.0	0.0	0.0	0.0	0.0	0.23902163857282682	2.4745449302862634	0.23902163857282682	0.23902163857282682	0.0	0.0	0.0	0.0	0.0	0.0	0.0	0.23902163857282682	0.0
SRR13357761	0.0	0.27515502707890965	0.5626454883014953	0.0	0.0	0.0	0.0	0.0	2.594121136470403	0.0	1.346816726648415	0.5626454883014953	0.6567961944228347	0.27515502707890965	0.0	0.0	0.0	0.0	0.0	0.0	0.0	0.0	0.0	0.0	0.0	2.01155769072003	0.0	1.6467149590015995	0.0	1.6958115462025665	0.6567961944228347	0.0	0.0	0.0	1.9924447153729699	0.0	0.0	0.0	0.0	0.0	0.0	0.0	1.7399172521253181	0.0	0.0	0.0	0.44226699186736673	0.0	0.0	0.0	0.0	0.0	0.0	0.0	0.0	2.797336589310754	0.44226699186736673	0.0	0.0	0.0	0.7997491190168831	0.0	0.27515502707890965	0.0	0.0	0.0	0.0	0.0	0.0	0.0	4.140072415767502	1.4797568336192892	0.0	0.27515502707890965	0.0	0.0	0.0	0.0	0.0	0.27515502707890965	0.44226699186736673	0.0	0.0	0.0	0.0	0.0	0.0	0.0	0.0	0.0	0.27515502707890965	0.0	0.0	0.0	0.27515502707890965	0.0	0.0	0.0	0.0	0.0	0.0	3.3562273754795435	1.3108010816796831	0.0	2.1143138611576946	0.6567961944228347	0.0	0.27515502707890965	0.0	0.0	0.0	0.0	0.0	0.0	0.0	0.27515502707890965	0.0	0.0	1.2916075503346278	0.0	0.0	0.27515502707890965	0.0	0.0	0.0	0.0	0.0	0.44226699186736673	0.0	0.0	0.0	0.0	0.27515502707890965	0.27515502707890965	0.27515502707890965	0.0	0.0	0.0	0.0	1.1803881408609893	0.0	0.0	0.0	0.0	0.0	0.0	0.0	0.44226699186736673	0.0	0.0	0.0	0.0	0.0	0.0	0.0	3.865590510984451	0.0	1.7468515981170343	0.27515502707890965	0.0	0.0	1.7257072907555413	0.27515502707890965	0.0	0.0	0.5626454883014953	0.0	0.0	0.0	0.0	0.0	0.27515502707890965	0.0	0.0	0.0	0.27515502707890965	0.0	0.0	1.527886268952838	0.0	0.0	0.0	0.9071195555970253	1.3800729994876373	0.0	0.5626454883014953	0.0	0.9071195555970253	0.0	0.0	0.0	0.7997491190168831	0.27515502707890965	0.0	0.0	0.0	0.0	0.0	0.0	0.27515502707890965	0.0	0.0	0.0	0.5626454883014953	0.27515502707890965	0.9522544186620769	0.0	1.9428188905449222	2.0439744912863262	0.0	1.0967773013180153	1.1803881408609893	1.7257072907555413	0.0	0.0	0.0	0.27515502707890965	0.0	0.0	0.0	0.0	0.993137016545375	0.0	0.0	0.0	0.0	0.0	0.44226699186736673	0.0	0.0	0.0	0.0	0.0	0.0	0.0	0.0	0.44226699186736673	1.0967773013180153	0.0	0.27515502707890965	0.0	0.0	0.44226699186736673	0.44226699186736673	1.6467149590015995	0.0	0.0	0.0	0.0	0.0	0.0	0.9522544186620769	0.44226699186736673	0.0	0.0	0.0	0.0	0.0	0.27515502707890965	0.0	0.0	0.44226699186736673	0.0	0.44226699186736673	0.44226699186736673	0.0	0.0	3.289256087166555	0.0	0.0	0.0	0.0	0.0	0.0	0.0	0.0	0.0	0.27515502707890965	0.0	0.0	0.9071195555970253	0.27515502707890965	0.0	0.0	0.0	0.993137016545375	0.0	0.0	0.0	0.27515502707890965	0.0	0.0	0.0	0.0	0.0	0.0	0.27515502707890965	0.0	0.0	0.0	0.0	0.0	0.27515502707890965	3.1841868474663815	0.0	0.44226699186736673	0.0	0.0	0.27515502707890965	0.0	0.0	0.0	0.6567961944228347	2.1083698544100415	0.0
SRR13357772	0.0	0.0	3.6950095436238533	0.0	0.0	0.0	0.0	0.0	0.7280318042340418	0.0	0.0	0.5572209120893206	0.0	0.0	0.0	0.0	0.0	0.0	0.0	0.0	0.0	0.0	0.0	0.0	0.0	0.43749911153356713	0.0	0.8503060851019629	0.0	2.9693789650836413	0.0	0.0	0.0	0.0	3.548733688629287	0.0	0.0	0.0	0.0	0.0	0.0	0.0	0.6509704153108989	0.0	0.0	0.0	0.0	0.0	0.0	0.0	0.0	0.0	0.0	0.0	0.0	0.0	0.0	0.2716574024747334	0.0	0.0	0.2716574024747334	0.0	0.2716574024747334	0.0	0.0	0.0	0.0	0.0	0.0	0.0	1.0898942083436136	0.43749911153356713	0.0	0.0	0.0	0.2716574024747334	0.0	0.0	0.43749911153356713	0.0	0.0	0.0	0.0	0.0	0.0	0.0	0.0	0.2716574024747334	0.0	0.0	0.0	0.0	0.0	0.2716574024747334	0.7280318042340418	1.4850544079654417	0.0	0.0	0.0	0.0	0.0	1.4463106022500476	0.43749911153356713	0.0	0.0	2.073142380575262	0.0	0.2716574024747334	0.0	0.0	0.0	0.0	0.0	0.0	0.2716574024747334	0.0	0.0	0.0	0.43749911153356713	0.0	0.0	0.0	0.0	0.0	0.0	0.0	0.0	0.0	0.0	0.0	0.0	0.0	0.2716574024747334	0.0	0.0	0.0	0.0	0.2716574024747334	0.0	0.5572209120893206	0.0	0.2716574024747334	0.0	0.0	0.0	0.0	0.0	0.0	0.0	0.5572209120893206	0.0	0.0	0.0	0.0	0.0	3.4522276353547827	0.0	4.05563634422338	0.0	0.0	0.0	0.0	0.43749911153356713	0.0	0.0	0.43749911153356713	0.0	0.0	0.0	0.0	0.0	0.0	0.0	0.0	0.0	0.0	0.2716574024747334	0.0	0.7280318042340418	0.0	0.0	0.0	0.7280318042340418	0.2716574024747334	0.0	0.5572209120893206	0.0	0.7280318042340418	0.0	0.0	0.0	0.2716574024747334	0.7934580499579247	0.0	0.0	0.0	0.0	0.0	0.0	0.2716574024747334	0.0	0.0	0.2716574024747334	1.0237164406575958	0.43749911153356713	0.2716574024747334	0.0	0.0	0.43749911153356713	0.0	0.5572209120893206	0.2716574024747334	0.2716574024747334	0.0	0.0	0.0	0.0	0.0	0.0	0.0	0.0	0.9864165493156416	0.0	0.0	0.0	0.0	0.0	0.5572209120893206	0.0	0.0	0.0	0.0	0.0	0.0	0.0	0.0	0.2716574024747334	0.2716574024747334	0.0	0.43749911153356713	0.0	0.0	0.0	0.0	1.7183622766218507	0.0	0.0	0.0	0.0	0.0	0.0	3.5600033433730998	0.0	0.0	0.0	0.0	0.0	0.0	0.0	0.0	0.0	0.0	0.0	0.5572209120893206	0.43749911153356713	0.0	0.0	1.7789183840452367	0.0	0.0	0.0	0.0	0.0	2.8767165705380284	0.0	0.0	0.2716574024747334	0.0	0.0	0.0	1.9567844736528137	0.0	0.0	0.0	0.0	0.0	0.0	0.0	0.0	0.0	0.0	0.0	0.0	0.0	0.0	0.0	0.2716574024747334	0.0	0.0	0.0	0.0	0.0	0.0	2.8675961322814443	0.0	0.5572209120893206	0.0	0.0	0.2716574024747334	0.0	0.0	0.0	0.43749911153356713	0.5572209120893206	0.0
SRR13357773	0.0	0.3680265454107343	2.9899815510634142	0.0	0.0	0.0	0.0	0.0	0.6990396669023436	0.0	0.0	0.0	1.6267674859754016	1.0670264030800143	0.0	0.0	0.0	0.0	0.0	0.0	0.0	0.0	0.0	0.0	0.0	0.3680265454107343	0.0	0.6990396669023436	0.0	3.423824293625817	0.0	0.0	0.0	0.0	2.7079408418311135	0.0	0.0	0.0	0.0	0.0	0.0	0.0	2.5362242336764957	0.0	0.0	0.0	0.6990396669023436	0.0	0.0	0.0	0.0	0.0	0.0	0.0	0.0	0.8017056749408356	0.0	0.0	0.0	0.0	1.0670264030800143	0.0	0.0	0.0	0.0	0.0	0.3680265454107343	0.0	0.0	0.0	3.1848730576138196	0.9543199116010794	0.0	0.3680265454107343	0.0	0.5643347605060343	0.0	0.0	0.3680265454107343	0.0	0.0	0.0	0.0	0.0	0.0	0.0	0.0	0.0	0.0	0.0	0.0	0.0	0.0	0.8017056749408356	1.2305308761787932	0.0	0.0	0.0	0.0	0.0	0.0	1.349036725870532	0.3680265454107343	0.0	0.3680265454107343	2.2245332875073838	0.0	1.7854154841306173	0.0	0.0	0.0	0.3680265454107343	0.0	0.0	1.0143190895852912	0.0	0.0	0.0	1.2305308761787932	0.0	0.0	0.0	0.0	0.0	0.3680265454107343	0.0	0.0	0.0	0.0	0.3680265454107343	0.0	0.0	0.0	0.0	0.0	0.0	0.0	0.0	0.0	0.8017056749408356	0.0	0.3680265454107343	0.0	0.0	0.0	0.0	0.0	0.0	0.0	0.0	0.0	0.0	0.0	0.3680265454107343	0.0	4.277153556541734	0.0	1.2305308761787932	0.0	0.0	0.0	0.0	0.9543199116010794	0.0	0.0	0.3680265454107343	0.0	0.0	0.0	0.0	0.0	1.612868809573379	0.0	0.0	0.0	0.0	0.0	0.0	0.0	0.0	0.0	0.0	0.8846823009506724	1.0670264030800143	0.0	0.8846823009506724	0.0	0.9543199116010794	0.0	0.0	0.0	0.0	1.4624820720150349	0.0	0.0	0.0	0.0	0.0	0.0	0.9543199116010794	0.0	0.0	0.0	1.3223022250936791	0.6990396669023436	0.0	0.0	0.6990396669023436	0.3680265454107343	0.0	0.6990396669023436	0.3680265454107343	1.6402351234760548	0.0	0.3680265454107343	0.0	0.6990396669023436	0.0	0.0	0.0	0.3680265454107343	3.0450185441011084	0.0	0.0	0.0	0.0	0.0	0.0	0.0	0.0	0.0	0.0	0.0	0.0	0.0	0.0	0.6990396669023436	1.1140237311993384	0.0	0.5643347605060343	0.0	0.0	0.0	0.0	3.1587509968543257	0.0	0.0	0.0	0.0	0.0	0.0	0.5643347605060343	0.3680265454107343	0.0	0.0	0.0	0.0	0.0	0.5643347605060343	0.0	0.0	0.0	0.0	0.0	1.1564282027865116	0.0	0.8017056749408356	1.5985105881445352	0.0	0.3680265454107343	0.0	0.0	0.0	1.1140237311993384	0.0	0.0	0.0	0.3680265454107343	0.0	0.0	2.989388454936984	0.5643347605060343	0.0	0.0	0.0	0.0	0.0	0.3680265454107343	0.0	0.0	0.0	0.0	0.0	0.0	0.0	0.0	0.0	0.0	0.0	0.0	0.0	0.0	0.5643347605060343	1.6902813795944487	0.0	0.3680265454107343	0.0	0.0	0.0	0.0	0.0	0.0	0.3680265454107343	0.0	0.0
SRR13357774	0.0	0.8316064908982037	2.975017649642371	0.0	0.0	0.0	0.0	0.0	0.8316064908982037	0.0	1.0993964221504997	0.8316064908982037	2.819932574897593	0.0	0.0	0.0	0.0	0.8316064908982037	0.0	0.0	0.0	0.0	0.0	0.0	0.0	0.0	0.0	1.382800942950901	0.0	4.035642635500169	0.0	0.0	0.0	0.0	0.8316064908982037	0.0	0.0	0.0	0.0	0.0	0.0	0.0	0.0	0.0	0.0	0.0	0.0	0.0	0.0	0.0	0.0	0.0	0.0	0.0	0.0	0.8316064908982037	0.0	0.0	0.0	0.0	1.0993964221504997	0.0	0.0	0.0	0.0	0.0	0.0	0.0	0.0	0.0	2.4714092648355663	0.0	0.0	0.0	0.0	0.0	0.0	0.0	0.0	0.0	0.0	0.0	0.0	0.0	0.0	0.0	0.0	0.0	0.0	0.0	0.0	0.0	0.0	1.0993964221504997	1.0993964221504997	0.8316064908982037	0.0	0.0	0.0	0.0	0.0	2.37698055769438	0.0	0.0	0.8316064908982037	2.2831523729078267	0.0	2.0217924613910543	0.0	0.0	0.0	0.0	0.0	0.0	1.0993964221504997	0.0	0.0	0.0	1.0993964221504997	0.0	0.0	0.0	0.0	0.0	0.0	0.8316064908982037	0.0	0.0	0.0	0.0	0.0	0.0	0.0	0.0	0.0	0.0	0.0	0.0	0.0	0.0	0.0	0.8316064908982037	0.0	0.0	0.0	0.0	0.0	0.0	0.0	0.0	0.0	0.0	0.0	0.0	0.0	4.025099129011987	0.0	1.382800942950901	0.0	0.0	0.0	0.0	0.0	0.0	0.0	0.0	0.0	0.0	0.0	0.0	0.0	1.0993964221504997	0.0	0.0	0.0	0.0	0.0	0.0	0.0	0.0	0.0	0.0	1.0993964221504997	1.8477615062846844	0.0	1.382800942950901	0.0	0.0	0.0	0.0	0.0	0.0	0.0	0.0	0.0	0.0	0.0	0.0	0.0	1.6747424917722202	0.0	0.0	0.0	1.476098368201875	0.0	0.8316064908982037	0.0	0.0	0.8316064908982037	0.0	0.0	0.0	1.0993964221504997	0.0	0.0	0.0	0.8316064908982037	0.0	0.0	0.0	0.0	3.080793847542286	0.0	0.0	0.0	0.0	0.0	0.0	0.0	0.0	0.0	0.0	0.0	0.0	0.0	0.0	0.0	1.0993964221504997	0.0	1.971155931980338	0.0	0.0	0.0	0.0	2.924255148328727	0.0	0.0	0.0	0.0	0.0	0.0	0.0	0.0	0.0	0.0	0.0	0.0	0.0	0.8316064908982037	0.0	0.0	0.0	0.0	0.0	1.2638171987919689	0.0	0.0	1.552854418903722	0.0	0.0	0.0	0.0	0.0	1.0993964221504997	0.0	0.0	0.0	0.0	0.8316064908982037	0.0	3.4337026501627883	0.0	0.0	0.0	0.0	0.0	0.0	0.0	0.0	0.0	0.0	0.0	0.0	0.0	0.0	0.0	0.8316064908982037	0.0	0.0	0.0	0.0	0.0	0.0	1.382800942950901	0.0	0.8316064908982037	0.0	0.0	0.0	0.0	0.0	0.0	0.0	0.0	0.0
SRR13357784	0.0	0.0	2.227543713088578	0.0	0.0	0.0	0.0	0.0	0.2617216638710935	0.0	0.2617216638710935	0.2617216638710935	0.423877673353948	0.0	0.0	0.0	0.0	0.423877673353948	0.0	0.0	0.0	0.0	0.0	0.0	0.0	0.0	0.0	0.9670464583055124	0.0	3.8631440100652354	0.0	0.0	0.0	0.0	0.8816945334103414	0.0	0.0	0.0	0.2617216638710935	0.0	0.0	0.0	0.0	0.0	0.0	0.0	1.914020567632331	0.541677439143154	0.0	0.0	0.0	0.0	0.0	0.0	0.0	0.541677439143154	0.423877673353948	0.0	0.0	0.0	1.8216929019413315	0.0	0.0	0.0	0.0	0.0	0.0	0.0	0.0	0.0	2.210187784294336	0.8317740033196082	0.0	0.0	0.0	0.0	0.0	0.0	0.2617216638710935	0.0	0.0	0.423877673353948	0.0	0.0	0.0	0.0	0.0	0.0	0.0	0.0	0.2617216638710935	0.0	0.8317740033196082	1.4881196362545552	0.423877673353948	0.6342470534577476	0.0	0.0	0.0	0.0	0.0	1.877507302538602	0.423877673353948	0.0	0.2617216638710935	1.86298255451271	0.0	2.3459420323407842	0.0	0.0	0.0	0.0	0.0	0.0	1.6898580903259628	0.0	0.541677439143154	0.0	1.3014503290446204	0.0	0.2617216638710935	0.2617216638710935	0.0	0.0	0.0	0.0	0.0	0.0	0.0	0.0	0.0	0.0	0.2617216638710935	0.2617216638710935	0.0	0.0	0.710510412307524	0.0	0.0	1.0383478063805023	0.0	1.335923527388706	0.2617216638710935	0.0	0.0	0.8317740033196082	0.0	0.0	0.0	0.0	0.0	0.423877673353948	0.0	0.0	0.0	4.2556100107343555	0.0	1.0995772562881805	0.0	0.0	0.0	0.0	0.541677439143154	0.2617216638710935	0.0	0.0	0.0	0.0	0.710510412307524	0.0	0.0	0.541677439143154	0.0	0.0	0.0	0.0	0.2617216638710935	0.0	0.0	0.0	0.0	0.0	0.541677439143154	0.2617216638710935	0.0	2.0287619623520436	0.0	0.8317740033196082	0.0	0.0	0.0	0.0	0.0	0.0	0.0	0.0	0.0	0.0	0.0	1.787926507991111	0.0	0.0	0.0	1.5821975403178565	0.0	0.0	0.0	2.5970862219643096	1.2439944159740184	0.0	0.2617216638710935	0.2617216638710935	1.3976087813419766	0.0	0.2617216638710935	0.0	0.8317740033196082	0.0	0.0	0.0	0.710510412307524	2.1944106743954377	0.0	0.0	0.0	0.0	0.0	0.0	0.0	0.0	0.423877673353948	0.0	0.0	0.0	0.0	0.0	0.2617216638710935	2.1509955455097574	0.0	1.335923527388706	0.0	0.0	0.0	0.0	2.4105207677860547	0.0	0.0	0.0	0.0	0.423877673353948	0.0	0.8816945334103414	0.0	0.0	0.0	0.0	0.0	0.0	1.0995772562881805	0.0	0.0	0.0	0.0	0.2617216638710935	0.0	0.0	0.0	1.1532312563208817	0.0	0.0	0.0	0.0	0.0	0.0	0.0	0.0	0.423877673353948	0.0	0.0	0.2617216638710935	3.0213434958632366	0.710510412307524	0.0	0.0	0.0	0.0	0.2617216638710935	0.0	0.0	0.0	0.0	0.0	0.0	0.0	0.0	0.0	0.2617216638710935	0.0	0.0	0.2617216638710935	0.0	0.0	0.423877673353948	2.7176415945048467	0.0	0.6342470534577476	0.0	0.0	1.0995772562881805	0.0	0.0	0.2617216638710935	0.710510412307524	0.423877673353948	0.0
SRR13357829	0.9559522999818039	0.3690767087978334	0.3690767087978334	0.0	0.0	0.0	0.0	0.2226189884725572	0.2226189884725572	0.0	0.2226189884725572	1.4642548695057485	0.5656708502334289	0.7549119663307791	0.0	0.6383021157229378	0.4784042282754435	0.0	0.0	0.0	0.3690767087978334	0.0	0.0	0.0	0.0	0.0	0.0	1.8730808360740174	0.0	1.4332157338660692	0.0	0.0	0.0	0.0	0.7005091184167072	0.0	0.0	0.0	0.0	0.0	0.0	0.0	0.9225114798667495	0.0	0.0	0.0	0.3690767087978334	0.0	0.0	0.0	0.0	0.0	0.0	0.0	0.0	0.4784042282754435	0.3690767087978334	0.0	0.3690767087978334	0.0	0.0	0.0	0.0	0.0	0.0	0.2226189884725572	0.2226189884725572	0.0	0.0	0.0	0.9559522999818039	0.3690767087978334	0.0	0.2226189884725572	0.0	0.3690767087978334	0.3690767087978334	0.2226189884725572	0.0	0.0	0.0	0.0	0.0	0.0	0.0	0.0	0.0	0.0	0.0	0.0	0.0	0.0	0.0	0.0	0.0	0.2226189884725572	0.0	0.0	0.0	0.0	0.0	2.930145883673909	1.4332157338660692	0.0	0.7549119663307791	0.6383021157229378	0.0	0.0	0.0	0.0	0.0	0.0	0.2226189884725572	0.0	0.3690767087978334	0.0	0.0	0.0	0.0	0.0	0.0	0.5656708502334289	0.0	0.0	0.2226189884725572	0.0	0.0	1.1581363529547835	0.0	0.5656708502334289	0.0	0.0	0.2226189884725572	0.0	0.4784042282754435	0.0	0.4784042282754435	0.0	0.0	0.0	0.0	0.0	0.2226189884725572	0.0	0.0	0.0	0.0	0.0	0.0	0.0	0.2226189884725572	0.0	0.0	0.9870012440699218	0.0	1.9139443754532561	0.0	4.439277099593595	0.0	0.0	0.0	0.0	0.8862792739671795	0.0	0.0	0.8862792739671795	0.0	0.0	0.0	0.0	0.0	0.0	0.0	0.0	0.2226189884725572	0.0	0.0	0.0	0.0	0.0	0.0	0.0	1.4223560068324386	1.0928479057018612	0.0	0.3690767087978334	0.0	1.3240509559813396	0.0	0.0	0.0	0.2226189884725572	0.0	0.0	0.2226189884725572	0.0	0.0	0.2226189884725572	0.0	0.0	0.0	0.0	0.5656708502334289	1.1778863626823874	0.9225114798667495	1.1778863626823874	0.0	0.8467468823772131	1.4332157338660692	0.0	0.0	0.3690767087978334	0.2226189884725572	0.0	1.0431412564529217	0.0	1.3240509559813396	0.0	0.0	0.0	0.2226189884725572	1.015977751837986	0.0	0.0	0.0	0.0	0.0	1.068705332559034	0.0	0.0	0.0	0.0	0.0	0.0	0.0	0.3690767087978334	0.0	0.4784042282754435	0.0	0.0	0.0	0.0	0.0	0.0	1.0928479057018612	0.0	0.0	0.0	0.0	0.0	0.0	0.3690767087978334	1.692079961110766	0.0	0.0	0.0	0.0	0.2226189884725572	0.0	0.2226189884725572	0.0	0.6383021157229378	0.0	0.0	0.3690767087978334	0.0	0.0	2.0393319358392126	0.0	0.0	0.2226189884725572	0.0	0.0	0.3690767087978334	0.0	0.0	1.1967771517898174	0.0	0.7005091184167072	0.0	0.5656708502334289	0.2226189884725572	0.0	0.0	0.0	0.4784042282754435	0.0	0.0	0.0	0.0	0.0	0.0	0.0	0.0	0.0	0.0	1.577829286272568	0.0	0.0	0.0	0.0	0.0	0.0	0.9225114798667495	0.0	1.7261627063349922	0.0	0.0	0.0	0.0	0.0	0.0	0.2226189884725572	1.76780694100714	0.0
SRR13357840	0.5305650682371615	0.5305650682371615	0.7623563900843104	0.0	0.0	0.0	0.0	0.0	0.5305650682371615	0.0	0.5305650682371615	0.8439881160366565	0.5305650682371615	0.0	0.0	0.34171669384463654	0.34171669384463654	0.0	0.8439881160366565	0.0	0.6617445355188403	0.0	0.0	0.0	0.0	2.315519818801912	0.0	1.9634498019753313	0.0	1.4365027130055086	0.0	0.0	0.0	0.0	3.1663183671178508	0.0	0.0	0.0	0.0	0.0	0.0	0.0	0.8439881160366565	0.0	0.0	0.0	0.34171669384463654	0.0	0.0	0.0	0.0	0.0	0.0	0.0	0.0	1.0241330304949992	0.34171669384463654	0.0	0.34171669384463654	0.0	0.34171669384463654	0.0	0.0	0.0	0.0	0.0	0.0	0.0	0.0	0.0	3.5363480125893036	0.6617445355188403	0.0	0.5305650682371615	0.0	0.5305650682371615	0.34171669384463654	0.0	0.5305650682371615	0.0	0.0	0.0	0.0	0.0	0.0	0.0	0.0	0.34171669384463654	0.0	0.0	0.5305650682371615	0.0	0.0	0.0	0.0	0.0	0.0	0.0	0.0	0.0	0.0	2.8913575073160924	1.3753362670999791	0.0	1.0706967314699503	0.6617445355188403	0.0	0.0	0.0	0.0	0.0	0.0	0.0	0.0	0.0	0.0	0.0	0.0	0.6617445355188403	0.0	0.0	0.34171669384463654	0.0	0.0	0.0	0.0	0.0	0.8439881160366565	0.0	0.5305650682371615	0.0	0.0	0.34171669384463654	0.0	0.34171669384463654	0.0	0.34171669384463654	0.34171669384463654	0.0	0.34171669384463654	0.0	0.0	0.0	0.0	0.0	0.0	0.0	0.34171669384463654	0.0	0.0	0.0	0.0	0.0	0.7623563900843104	0.0	3.858263564456683	0.0	3.619694347779768	0.6617445355188403	0.0	0.0	0.34171669384463654	0.9719706358343321	0.0	0.0	0.9719706358343321	0.0	0.0	0.0	0.0	0.0	0.0	0.0	0.0	0.0	0.0	0.0	0.0	0.34171669384463654	0.0	0.0	0.0	1.1863097538781793	1.0706967314699503	0.0	0.5305650682371615	0.34171669384463654	1.2188910334044103	0.0	0.0	0.34171669384463654	0.7623563900843104	0.0	0.0	0.0	0.0	0.0	0.0	0.34171669384463654	0.9126768216211683	0.0	0.0	0.5305650682371615	0.9126768216211683	0.9126768216211683	1.2491976807374676	0.0	2.443066600774287	1.0706967314699503	0.0	0.34171669384463654	0.5305650682371615	3.688422283471779	0.0	0.5305650682371615	0.0	1.1863097538781793	0.34171669384463654	0.0	0.0	0.0	0.9126768216211683	0.0	0.0	0.0	0.0	0.0	0.9126768216211683	0.0	0.0	0.0	0.0	0.0	0.0	0.0	0.0	0.6617445355188403	0.34171669384463654	0.0	0.5305650682371615	0.0	0.0	0.0	0.0	1.0706967314699503	0.0	0.0	0.0	0.0	0.0	0.0	0.0	1.566941592562542	0.0	0.0	0.0	0.0	0.0	0.0	0.0	0.0	0.5305650682371615	0.0	0.34171669384463654	0.9126768216211683	0.0	0.0	1.8325082062002	0.34171669384463654	0.0	0.0	0.0	0.0	0.0	0.0	0.0	0.9719706358343321	0.0	0.34171669384463654	0.0	0.9126768216211683	0.0	0.0	0.0	0.0	0.34171669384463654	0.0	0.34171669384463654	0.0	0.34171669384463654	0.0	0.0	0.0	0.0	0.0	0.0	1.4365027130055086	0.0	0.0	0.0	0.34171669384463654	0.0	0.34171669384463654	3.787904855853164	0.0	1.7390910854614647	0.0	0.0	0.0	0.0	0.0	0.0	0.0	1.5942339550173144	0.0
SRR13357851	0.0	0.0	0.7527964429307648	0.0	0.0	0.0	0.0	0.0	0.47669126657334243	0.0	0.5638023313422162	0.22159080781887594	0.47669126657334243	0.0	0.0	0.0	0.22159080781887594	0.0	0.3676082500972311	0.0	0.0	0.0	0.0	0.0	0.0	0.22159080781887594	0.0	2.232354743967786	0.0	1.373519230947941	0.22159080781887594	0.0	0.0	0.0	2.564022681463246	0.0	0.0	0.0	0.0	0.0	0.0	0.0	0.5638023313422162	0.0	0.0	0.0	0.3676082500972311	0.0	0.0	0.0	0.3676082500972311	0.0	0.0	0.0	0.0	0.9846983844919145	0.3676082500972311	0.0	0.22159080781887594	0.0	0.22159080781887594	0.0	0.0	0.0	0.0	0.0	0.0	0.0	0.0	0.0	3.4549611967472766	0.47669126657334243	0.0	0.47669126657334243	0.0	0.0	0.0	0.0	0.0	0.0	0.0	0.0	0.0	0.0	0.0	0.22159080781887594	0.0	0.0	0.0	0.0	0.6363259196158304	0.0	0.0	0.22159080781887594	0.0	0.0	0.0	0.0	0.0	0.0	0.0	3.0176397854586763	1.2931184419162722	0.0	2.062568659804815	0.9846983844919145	0.0	0.0	0.0	0.0	0.0	0.0	0.0	0.0	0.0	0.0	0.0	0.0	0.3676082500972311	0.0	0.0	0.22159080781887594	0.0	0.0	0.3676082500972311	0.0	0.0	0.0	0.0	0.0	0.0	0.0	0.0	0.22159080781887594	0.3676082500972311	0.0	0.0	0.0	0.0	0.0	0.0	0.0	0.0	0.0	0.0	0.0	0.22159080781887594	0.0	0.0	0.0	0.0	0.0	0.0	0.0	0.0	3.326032315597447	0.0	2.0008065336195395	0.0	0.0	0.0	0.0	0.8010891325183029	0.0	0.0	1.4907373778596378	0.0	0.0	0.0	0.0	0.0	0.0	0.0	0.0	0.3676082500972311	0.0	0.0	0.22159080781887594	0.0	0.0	0.0	0.0	0.0	1.229841755474841	0.0	0.3676082500972311	0.0	1.3351767568395088	0.0	0.0	0.0	0.8010891325183029	0.0	0.0	0.0	0.0	0.0	0.0	0.0	0.3676082500972311	0.0	0.0	0.0	0.8010891325183029	0.0	1.430742533432305	0.0	1.4413350307706312	1.619159110953637	0.0	0.22159080781887594	0.5638023313422162	3.411255275483169	0.0	0.0	0.0	0.3676082500972311	0.0	0.0	0.0	0.0	0.6363259196158304	0.0	0.0	0.0	0.0	0.0	0.22159080781887594	0.0	0.0	0.0	0.0	0.0	0.22159080781887594	0.0	0.0	0.22159080781887594	0.3676082500972311	0.0	0.3676082500972311	0.22159080781887594	0.0	0.0	0.0	0.6984539674498791	0.0	0.0	0.0	0.0	0.0	0.0	0.0	0.0	0.0	0.0	0.0	0.0	0.3676082500972311	0.0	0.0	0.0	0.7527964429307648	0.0	0.22159080781887594	0.7527964429307648	0.0	0.0	2.58481726447231	0.0	0.0	0.0	0.0	0.0	0.22159080781887594	0.0	0.0	0.0	0.22159080781887594	0.0	0.0	0.6363259196158304	0.0	0.0	0.0	0.0	0.3676082500972311	0.0	0.0	0.0	0.22159080781887594	0.0	0.0	0.0	0.0	0.0	0.0	0.22159080781887594	0.0	0.0	0.0	0.0	0.0	0.0	4.282180850844839	0.0	0.22159080781887594	0.0	0.0	0.0	0.0	0.0	0.0	0.47669126657334243	1.784695276867335	0.0
SRR13357862	1.216354991142963	1.776245025022079	0.6118754177449897	0.0	0.0	0.0	0.0	0.6118754177449897	2.1268830846330933	0.0	2.637290134109383	1.6462081867185678	0.8562977349540821	1.216354991142963	0.0	0.6118754177449897	1.1259927169319024	0.0	0.0	0.0	0.8562977349540821	0.0	0.0	0.0	0.0	0.0	0.0	3.9752170010437995	0.0	1.9860297351007303	0.6118754177449897	0.0	0.0	0.0	1.7287948080492952	0.0	0.0	0.0	0.0	0.0	0.0	0.0	1.8389215968831383	0.0	0.0	0.0	1.0117521692876839	0.0	0.0	0.0	0.0	0.0	0.0	0.0	0.0	2.5482952196073514	0.6118754177449897	0.0	0.8562977349540821	0.0	0.0	0.0	0.0	0.0	0.0	1.0117521692876839	0.0	0.0	0.0	0.6118754177449897	1.776245025022079	0.8562977349540821	0.0	1.9996778432567632	0.0	1.0117521692876839	0.0	0.0	0.8562977349540821	0.8562977349540821	0.0	0.0	0.0	0.0	0.0	0.0	1.291115583216979	1.0117521692876839	0.0	0.0	2.1652364283250862	0.0	0.0	0.0	0.0	0.0	0.6118754177449897	0.0	0.0	0.0	1.4597375966078834	3.7050893043180473	3.0979615611622333	0.0	2.2848114619838378	2.2633863841735056	0.0	0.0	0.0	0.0	0.0	0.6118754177449897	0.0	0.0	0.0	0.6118754177449897	0.0	0.0	0.6118754177449897	0.0	0.0	2.1464830007512155	0.0	0.0	1.753167634901681	0.0	1.0117521692876839	1.5808929787968418	0.0	0.0	0.0	0.0	0.6118754177449897	0.0	1.614777302800286	0.0	0.6118754177449897	1.3548769843401416	0.0	0.0	0.0	0.6118754177449897	0.0	0.0	0.0	0.0	0.6118754177449897	0.0	0.0	0.0	0.0	0.6118754177449897	0.0	1.216354991142963	0.0	2.32472974861001	0.0	3.246281051792055	0.6118754177449897	0.0	0.0	0.0	2.3052290813599745	0.0	0.0	2.8429662438744385	0.6118754177449897	0.0	0.0	0.0	0.0	0.0	0.0	0.0	0.0	0.6118754177449897	0.0	0.0	1.1259927169319024	0.0	0.0	0.0	1.8761854182065725	2.4161082978549224	0.0	0.0	1.216354991142963	2.7853385584219255	0.0	0.0	0.0	2.536746557201822	0.8562977349540821	0.0	0.0	0.0	0.0	0.8562977349540821	0.8562977349540821	0.0	0.0	0.0	1.216354991142963	2.460150704229237	2.0848116891699635	3.0979615611622333	0.0	1.291115583216979	2.2633863841735056	0.0	0.0	0.6118754177449897	1.9719387675517572	0.0	1.1259927169319024	0.0	2.0736246818272206	0.0	1.0117521692876839	0.6118754177449897	0.0	1.216354991142963	0.0	0.0	0.0	0.0	0.0	1.8389215968831383	0.0	0.0	0.0	0.0	0.6118754177449897	1.5808929787968418	0.0	0.8562977349540821	1.291115583216979	1.3548769843401416	0.0	1.1259927169319024	1.0117521692876839	0.0	0.0	0.0	1.8936830987480777	0.0	0.0	0.0	0.0	0.0	0.0	0.6118754177449897	2.1652364283250862	0.0	0.0	0.0	0.0	1.776245025022079	0.0	0.0	0.0	2.574104643873855	0.0	0.0	2.5444796861519725	0.0	0.0	3.427338289678809	0.0	0.0	0.0	0.0	0.0	0.0	0.0	0.0	1.5039856981338724	0.6118754177449897	1.0117521692876839	0.6118754177449897	0.6118754177449897	0.0	0.8562977349540821	0.0	0.0	1.9996778432567632	0.8562977349540821	0.0	0.0	1.8190177775585838	0.0	0.0	0.6118754177449897	0.0	0.0	0.0	2.0382232207722426	0.0	0.0	0.0	0.0	0.0	0.0	1.5039856981338724	0.0	2.3052290813599745	0.0	0.0	0.0	0.0	0.0	0.0	0.6118754177449897	2.421228337019168	0.0
SRR13357892	0.27757451437503783	0.0	0.4455570654190035	0.0	0.0	0.0	0.0	0.4455570654190035	0.7383240702839223	0.0	0.27757451437503783	0.5663839580365445	0.4455570654190035	0.0	0.0	0.0	0.0	0.0	0.27757451437503783	0.0	0.0	0.0	0.0	0.0	0.0	0.4455570654190035	0.0	1.4159037569464197	0.0	1.7587261923749686	0.0	0.0	0.0	0.27757451437503783	0.9568230953812193	0.0	0.0	0.0	0.0	0.0	0.0	0.0	1.1015075877526648	0.0	0.0	0.0	0.27757451437503783	0.0	0.0	0.0	0.0	0.0	0.0	0.0	0.0	1.4007263805842554	0.0	0.0	0.0	0.0	1.0696008817561138	0.0	0.0	0.0	0.0	0.27757451437503783	0.0	0.0	0.0	0.0	3.77873849904282	1.0696008817561138	0.0	0.0	0.0	0.0	0.0	0.0	0.7383240702839223	0.0	0.660808047360749	0.0	0.0	0.0	0.0	0.0	0.0	0.0	0.0	0.0	0.0	0.0	0.0	0.27757451437503783	0.9116256895193205	0.4455570654190035	0.0	0.0	0.0	0.0	0.0	3.1755354993975256	0.660808047360749	0.0	1.9608497670860703	1.5657763413367949	0.0	0.8040774934709845	0.0	0.0	0.0	0.0	0.0	0.0	0.5663839580365445	0.0	0.0	0.0	0.9568230953812193	0.0	0.27757451437503783	1.1851900875547166	0.0	0.0	0.0	0.0	0.0	0.27757451437503783	0.0	0.0	0.0	0.0	0.0	0.0	0.660808047360749	0.0	0.0	0.0	0.0	1.5441207355180135	0.0	0.27757451437503783	0.0	0.0	0.0	0.0	0.0	0.27757451437503783	0.0	0.0	0.0	0.0	0.0	0.0	0.0	4.245313579807329	0.0	1.3156905680603301	0.0	0.0	0.0	0.0	0.4455570654190035	0.0	0.0	0.27757451437503783	0.0	0.0	0.0	0.0	0.0	0.0	0.0	0.0	0.0	0.0	0.27757451437503783	0.0	0.27757451437503783	0.0	0.0	0.0	0.7383240702839223	1.334081983129219	0.0	0.27757451437503783	0.0	0.7383240702839223	0.0	0.0	0.0	0.7383240702839223	0.27757451437503783	0.27757451437503783	0.0	0.0	0.0	0.0	0.0	0.4455570654190035	0.0	0.0	0.0	0.660808047360749	0.0	0.8611722587239583	0.0	2.8858021306091413	1.9936059337734247	0.0	0.9977569915579155	0.660808047360749	3.360009460798081	0.27757451437503783	0.0	0.0	0.27757451437503783	0.0	0.0	0.0	0.0	1.1590474416732004	0.0	0.0	0.0	0.0	0.0	0.27757451437503783	0.0	0.27757451437503783	0.0	0.0	0.27757451437503783	0.0	0.0	0.0	0.27757451437503783	0.5663839580365445	0.0	0.8040774934709845	0.0	0.0	0.0	0.27757451437503783	1.7913376294345449	0.27757451437503783	0.0	0.0	0.0	0.4455570654190035	0.0	0.7383240702839223	0.27757451437503783	0.0	0.0	0.0	0.0	0.0	0.27757451437503783	0.0	0.0	0.27757451437503783	0.0	0.5663839580365445	1.0696008817561138	0.0	0.0	2.3702455907602724	0.0	0.0	0.0	0.0	0.0	0.27757451437503783	0.0	0.0	0.0	0.0	0.0	0.0	1.0696008817561138	0.0	0.0	0.0	0.0	0.5663839580365445	0.0	0.0	0.0	0.0	0.0	0.0	0.0	0.0	0.0	0.0	0.5663839580365445	0.0	0.0	0.0	0.0	0.0	0.0	1.8968117652966612	0.0	0.8611722587239583	0.0	0.0	0.0	0.0	0.0	0.0	0.660808047360749	1.855476990818422	0.0
SRR13357893	0.0	1.8430680974734233	0.0	0.0	0.0	0.0	0.0	0.0	2.6738541343098197	0.0	1.5678714504532854	0.6304451911833382	0.6304451911833382	0.0	0.6304451911833382	0.0	1.378237814772087	0.0	0.0	0.0	0.0	0.0	0.0	0.0	0.0	1.6700823456092868	0.0	4.0868965256929615	0.0	2.0863466574386846	0.0	0.0	0.0	0.0	3.004958420211713	0.0	0.0	0.6304451911833382	0.6304451911833382	0.0	0.0	0.0	1.6046800216283064	0.0	0.0	0.0	0.0	0.0	0.0	0.0	0.0	0.0	0.0	0.0	0.0	2.557168691113933	0.0	0.0	0.0	0.0	0.6304451911833382	0.0	0.0	0.0	0.0	0.8773909585489534	0.0	0.0	0.0	0.0	1.9177903406859702	0.8773909585489534	0.0	2.0745463089609952	0.0	1.378237814772087	0.0	0.0	0.0	0.0	0.0	0.0	0.0	0.0	0.0	0.0	1.6386111751029455	0.6304451911833382	0.0	0.0	2.3490279111940584	0.0	0.8773909585489534	0.6304451911833382	0.0	0.8773909585489534	0.6304451911833382	0.6304451911833382	0.0	0.0	1.7269123281630747	2.023850789979323	3.1794997010003314	0.0	1.0338462137655078	2.3615614843999966	0.0	0.0	0.0	0.0	0.0	0.0	0.0	0.0	0.8773909585489534	0.0	0.0	0.0	1.0338462137655078	0.0	0.0	2.2876674923461873	0.0	0.0	1.6994262415307275	0.0	0.8773909585489534	0.0	0.0	0.0	0.0	0.0	0.6304451911833382	0.0	1.777158946256142	0.0	0.0	0.8773909585489534	0.0	0.0	0.0	0.0	0.0	0.0	0.0	0.0	0.0	0.0	0.0	0.0	0.0	0.0	0.0	0.0	0.0	2.4844789792797957	0.0	3.4471992469707895	0.0	0.0	0.0	0.0	2.5875763805139793	0.0	0.0	2.9683560753389706	0.0	0.0	0.0	0.0	0.0	0.6304451911833382	0.0	0.0	0.0	0.0	0.0	0.0	1.0338462137655078	0.0	0.0	0.0	1.0338462137655078	2.3020718890685465	0.0	0.6304451911833382	0.6304451911833382	2.935030780715826	0.0	0.0	0.0	2.470285981877564	0.0	0.0	0.0	0.0	0.0	0.8773909585489534	0.0	0.6304451911833382	0.0	0.0	0.0	2.688647026924743	0.6304451911833382	3.279721475899402	0.0	0.0	1.4339515445822775	0.0	1.0338462137655078	0.6304451911833382	2.0745463089609952	0.0	0.0	0.0	2.023850789979323	0.0	1.4833238207931434	0.0	0.0	1.1486236603975513	0.0	0.0	0.0	0.0	0.0	1.5678714504532854	0.0	0.6304451911833382	0.0	0.0	0.0	1.8002580426449306	0.0	0.0	0.8773909585489534	1.0338462137655078	0.0	0.0	1.1486236603975513	0.0	0.0	0.0	2.049937845596132	0.0	0.0	0.0	0.0	0.6304451911833382	0.0	0.0	0.6304451911833382	0.0	0.0	0.0	0.6304451911833382	1.8629880604663223	0.0	0.6304451911833382	0.0	2.682790194891312	0.0	0.0	2.682790194891312	0.0	0.0	3.313432094772956	0.0	0.0	0.6304451911833382	0.0	0.6304451911833382	0.0	0.0	0.0	0.0	0.0	0.0	0.0	1.239320787385154	0.0	0.0	0.0	0.0	2.0863466574386846	1.0338462137655078	0.0	0.0	1.6994262415307275	0.0	0.0	0.0	0.0	0.0	0.0	0.0	0.0	0.0	0.0	0.0	0.0	0.0	0.8773909585489534	0.0	0.6304451911833382	0.0	0.0	0.0	0.0	0.0	0.0	0.0	0.0	0.0
SRR13357899	0.8395427403910174	0.0	0.8395427403910174	0.0	0.0	0.0	0.0	0.0	1.5122238496419813	0.0	0.8395427403910174	1.3555238223339838	0.47280662173243476	0.0	0.0	0.0	0.0	1.0354984058804868	0.0	0.0	0.47280662173243476	0.0	0.0	0.0	0.0	0.0	0.0	1.5618902283640288	0.0	3.7482434877879967	0.0	0.0	0.0	0.47280662173243476	2.617809491415321	0.47280662173243476	0.0	0.0	0.0	0.0	0.0	0.0	0.8395427403910174	0.0	0.6937872769928435	0.0	0.47280662173243476	1.1079577640516376	0.0	0.0	0.0	0.0	0.0	0.0	0.0	1.1079577640516376	1.3160423301579471	0.8395427403910174	0.8395427403910174	0.0	2.6898814100518287	0.47280662173243476	0.0	0.0	0.0	0.0	0.0	0.0	0.0	0.0	2.1238940557439805	0.8395427403910174	0.0	0.0	0.0	0.0	0.47280662173243476	0.0	0.47280662173243476	0.47280662173243476	0.47280662173243476	0.948480087024318	0.0	0.47280662173243476	0.0	0.0	0.47280662173243476	0.8395427403910174	0.0	0.0	0.8395427403910174	0.0	0.0	1.856924265541773	0.0	0.6937872769928435	0.0	0.0	0.0	0.0	0.0	3.010133707908404	0.0	0.0	0.6937872769928435	1.6657487862550306	0.0	0.8395427403910174	0.0	0.0	0.0	0.47280662173243476	0.0	0.0	2.7636382617683632	0.6937872769928435	0.0	0.0	2.99481931918381	0.0	0.0	0.0	0.0	0.0	0.0	0.0	0.0	0.6937872769928435	0.0	0.6937872769928435	0.0	0.47280662173243476	0.0	0.0	0.8395427403910174	0.0	1.2243451400596452	0.0	0.0	0.0	0.0	2.231595755601857	0.0	0.0	0.0	1.4850843773260505	0.0	0.0	0.0	0.0	0.0	0.6937872769928435	0.0	0.948480087024318	0.0	4.159972031581304	0.0	1.6657487862550306	0.0	0.0	0.0	0.6937872769928435	0.6937872769928435	0.0	0.0	0.0	0.0	0.0	1.584744054846781	0.0	0.0	0.8395427403910174	0.0	0.0	0.0	0.0	0.0	0.0	0.8395427403910174	0.0	0.0	0.0	1.2243451400596452	2.2880112757387905	0.0	1.5618902283640288	0.47280662173243476	0.47280662173243476	0.0	0.0	0.0	0.0	0.47280662173243476	0.0	0.0	0.0	0.0	0.0	0.0	2.8691605100215094	0.0	0.0	0.47280662173243476	1.1700386986805469	1.1700386986805469	0.8395427403910174	0.0	1.0354984058804868	2.255998677613702	0.0	0.0	0.0	1.6468696214787995	0.0	0.0	0.6937872769928435	1.8800874798018272	0.0	0.0	0.0	1.7179110575821437	2.70533179067114	0.0	0.0	0.0	0.0	0.0	1.2726093777795906	0.0	0.0	0.0	0.0	0.0	0.0	0.0	0.47280662173243476	0.47280662173243476	2.7202513420159176	0.0	2.3095137921623885	0.0	0.0	0.0	0.0	1.9429753169785793	0.0	0.0	0.0	0.0	0.47280662173243476	0.0	0.0	1.7179110575821437	0.0	0.0	0.0	0.0	0.0	1.7012101994072137	0.0	0.0	0.0	0.0	0.0	0.6937872769928435	0.0	0.0	1.971304277585233	0.0	0.0	0.0	0.0	0.0	1.5618902283640288	0.0	0.0	0.948480087024318	0.0	0.47280662173243476	0.0	3.129920091933831	1.5377666399275147	0.0	0.0	0.0	0.0	0.0	0.0	0.0	0.0	0.0	0.0	0.0	0.0	0.0	0.0	1.3160423301579471	0.0	0.0	0.0	0.0	0.0	0.0	2.500037264834821	0.47280662173243476	1.6838413333257545	0.0	0.0	1.5122238496419813	0.0	0.0	0.0	1.4251176707368414	1.778948851996185	0.0
SRR13357910	1.1042796587567025	0.0	1.12595918301039	0.0	0.0	0.0	0.21768752353797932	0.0	0.21768752353797932	0.0	0.3620198983345847	1.815754283600591	0.3620198983345847	1.0318770271508546	0.0	0.0	0.3620198983345847	0.0	0.6287840263089142	0.0	0.7928250018103933	0.0	0.0	0.0	0.0	0.0	0.0	1.6972992994320317	0.0	1.5501182675858245	0.0	0.0	0.0	0.0	2.0956817966059846	0.0	0.0	0.0	0.0	0.0	0.0	0.0	1.081460791635054	0.0	0.6287840263089142	0.0	0.556675656660851	0.0	0.0	0.0	0.0	0.0	0.0	0.0	0.0	0.4701635609223936	0.4701635609223936	0.0	0.7928250018103933	0.0	0.21768752353797932	0.21768752353797932	0.0	0.0	0.0	0.4701635609223936	0.0	0.0	0.0	0.21768752353797932	2.6054969396081016	0.4701635609223936	0.0	0.0	0.0	0.6287840263089142	0.836131786948309	0.0	0.556675656660851	0.3620198983345847	0.0	0.0	0.0	0.0	0.0	0.21768752353797932	0.0	0.3620198983345847	0.0	0.0	0.6287840263089142	0.0	0.0	0.0	0.4701635609223936	0.4701635609223936	0.0	0.21768752353797932	0.0	0.0	0.0	3.444115743743505	0.7447165409059495	0.0	1.9291623539939458	3.612600651162731	0.4701635609223936	0.690607295032689	0.0	0.0	0.0	0.0	0.7447165409059495	0.0	0.21768752353797932	0.0	0.0	0.0	4.114210949143319	0.0	0.0	0.21768752353797932	0.0	0.0	0.0	0.0	0.0	2.3138539266552565	0.0	0.0	0.0	0.0	0.4701635609223936	0.0	0.9116108483350189	0.0	0.836131786948309	0.21768752353797932	0.0	0.690607295032689	0.0	0.0	0.0	0.0	0.0	0.0	0.0	0.0	0.0	0.0	0.0	0.0	0.0	1.442193055150584	0.0	3.652060996114908	0.0	0.9116108483350189	0.556675656660851	0.0	0.0	0.21768752353797932	1.2688326730479673	0.0	0.0	0.3620198983345847	0.0	0.0	0.0	0.0	0.0	0.0	0.0	0.0	0.0	0.0	0.0	0.0	0.21768752353797932	0.0	0.0	0.0	1.6299140716298357	2.3775473343777693	0.21768752353797932	0.21768752353797932	0.3620198983345847	0.6287840263089142	0.0	0.0	0.0	0.21768752353797932	0.0	0.0	0.0	0.0	0.0	0.21768752353797932	0.7447165409059495	0.21768752353797932	0.0	0.0	0.836131786948309	0.4701635609223936	1.2372757608771985	0.556675656660851	0.0	1.0047868455142883	2.132612305145326	0.0	0.21768752353797932	0.4701635609223936	3.3634792416469055	0.0	1.081460791635054	0.0	1.6299140716298357	0.0	0.0	0.0	0.0	0.7447165409059495	0.0	0.0	0.0	0.0	0.0	1.3878852586654145	0.21768752353797932	0.0	0.0	0.0	0.21768752353797932	0.0	0.0	0.7928250018103933	0.690607295032689	0.9116108483350189	0.0	0.690607295032689	0.0	0.0	0.0	0.21768752353797932	2.1742819548290546	0.0	0.0	0.0	0.0	0.21768752353797932	0.0	0.3620198983345847	2.016290369781789	0.0	0.0	0.0	0.0	0.0	0.0	0.0	0.0	0.3620198983345847	0.21768752353797932	0.0	0.556675656660851	0.21768752353797932	0.0	1.442193055150584	0.0	0.0	0.0	0.0	0.0	0.0	0.0	0.0	1.5338921816619737	0.0	0.690607295032689	0.0	0.7928250018103933	0.0	0.0	0.0	0.0	0.21768752353797932	0.0	0.0	0.0	0.21768752353797932	0.0	0.0	0.0	0.0	0.0	0.0	1.9190648947627735	0.0	0.0	0.0	0.0	0.0	0.21768752353797932	1.12595918301039	0.0	2.132612305145326	0.0	0.0	0.0	0.0	0.0	0.0	0.3620198983345847	2.4464301568501097	0.0
SRR13357921	0.0	0.5460674561070914	3.355652931567433	0.0	0.0	0.0	0.0	0.0	0.4277187203746573	0.0	0.0	0.0	0.4277187203746573	0.0	0.0	0.0	0.0	0.0	0.0	0.0	0.0	0.0	0.0	0.0	0.0	0.0	0.0	2.5171144201983986	0.0	3.3602855482886036	0.0	0.0	0.0	0.0	3.928030991281901	0.0	0.0	0.0	0.0	0.0	0.0	0.0	0.26451485229670235	0.0	0.0	0.0	0.0	0.0	0.0	0.0	0.0	0.0	0.0	0.0	0.0	0.0	0.0	0.5460674561070914	0.0	0.0	0.4277187203746573	0.0	0.4277187203746573	0.26451485229670235	0.0	0.0	0.26451485229670235	0.0	0.0	0.0	1.3888836366935522	0.5460674561070914	0.0	0.0	0.0	0.0	0.0	0.0	0.7154671746196	0.0	0.0	0.0	0.0	0.0	0.0	0.0	0.0	0.0	0.0	0.0	0.4277187203746573	0.0	0.0	0.4277187203746573	0.6389749296534559	1.1052388169395075	0.0	0.0	0.0	0.0	0.0	1.288959133779319	0.7154671746196	0.0	0.0	1.3417889553739857	0.26451485229670235	1.5055911449623613	0.0	0.0	0.0	0.0	0.0	0.0	0.26451485229670235	0.0	0.0	0.0	0.6389749296534559	0.0	0.0	0.0	0.0	0.0	0.26451485229670235	0.0	0.0	0.0	0.0	0.4277187203746573	0.0	0.0	0.0	0.0	0.0	0.0	0.26451485229670235	0.0	0.0	0.4277187203746573	0.0	0.0	0.0	0.0	0.0	0.0	0.0	0.0	0.0	0.0	0.0	0.0	0.0	0.0	0.0	3.1898922948519157	0.0	4.086304968117606	0.0	0.0	0.26451485229670235	0.0	0.7804830043378883	0.0	0.0	0.5460674561070914	0.0	0.0	0.0	0.0	0.0	0.26451485229670235	0.0	0.0	0.0	0.0	0.0	0.0	0.0	0.0	0.0	0.0	0.4277187203746573	0.0	0.0	0.5460674561070914	0.26451485229670235	0.8370210762325809	0.0	0.0	0.0	0.26451485229670235	0.7154671746196	0.0	0.0	0.0	0.0	0.0	0.0	0.7804830043378883	0.0	0.0	0.0	0.8870394324180759	0.26451485229670235	0.6389749296534559	0.0	0.26451485229670235	0.4277187203746573	0.0	0.0	0.5460674561070914	0.5460674561070914	0.0	0.0	0.0	0.26451485229670235	0.0	0.0	0.0	0.26451485229670235	1.1329238351109057	0.0	0.0	0.0	0.0	0.0	0.4277187203746573	0.0	0.0	0.26451485229670235	0.0	0.0	0.0	0.0	0.0	0.0	0.5460674561070914	0.0	0.6389749296534559	0.0	0.0	0.0	0.0	1.7509348513836553	0.26451485229670235	0.0	0.0	0.0	0.0	0.0	0.6389749296534559	0.0	0.0	0.0	0.0	0.0	0.0	0.0	0.0	0.0	0.4277187203746573	0.0	0.26451485229670235	0.7154671746196	0.0	0.0	1.1835029100133225	0.26451485229670235	0.4277187203746573	0.0	0.0	0.0	2.524797513044695	0.0	0.0	0.26451485229670235	0.0	0.0	0.0	1.3417889553739857	0.26451485229670235	0.0	0.0	0.0	0.26451485229670235	0.0	0.0	0.0	0.0	0.0	0.0	0.0	0.0	0.0	0.0	0.26451485229670235	0.0	0.0	0.0	0.0	0.0	0.0	3.170161281744785	0.0	0.0	0.0	0.0	0.0	0.0	0.0	0.0	0.0	0.0	0.0
SRR13357925	0.0	0.0	0.0	0.0	0.0	0.0	0.0	0.0	0.0	0.0	0.0	0.0	0.7325647917102625	0.0	0.0	0.0	0.0	0.0	0.0	0.0	0.0	0.0	0.0	0.0	0.0	0.3922352787058233	0.0	0.5949172928578943	0.0	4.082399028301078	0.0	0.0	0.0	0.0	1.3026746725155538	0.0	0.0	0.0	0.0	0.0	0.0	0.0	0.5949172928578943	0.0	0.0	0.0	0.0	0.0	0.0	0.0	0.0	0.0	0.0	0.0	0.0	0.0	0.0	0.0	0.0	0.0	1.333311411529648	0.0	0.0	0.0	0.3922352787058233	0.0	0.0	0.0	0.0	0.0	2.169490943823693	0.3922352787058233	0.0	0.0	0.0	0.0	0.0	0.0	0.3922352787058233	0.0	0.0	0.7325647917102625	0.0	0.0	0.0	0.0	0.3922352787058233	0.0	0.0	0.0	0.3922352787058233	0.0	0.0	1.333311411529648	0.0	1.4605992612394432	0.0	0.0	0.3922352787058233	0.0	0.0	0.9210034654813594	0.0	0.0	0.0	1.152483459858089	0.0	0.9210034654813594	0.0	0.0	0.0	0.0	0.0	0.0	0.5949172928578943	0.3922352787058233	0.0	0.0	0.5949172928578943	0.0	0.0	0.0	0.0	0.0	0.0	0.0	0.0	0.0	0.0	0.0	0.0	0.0	0.3922352787058233	0.0	0.3922352787058233	0.0	0.0	0.5949172928578943	0.0	0.5949172928578943	0.0	0.5949172928578943	0.0	0.0	0.0	0.0	0.0	0.0	0.0	0.0	0.0	0.3922352787058233	0.0	0.0	0.0	3.8363862341465325	0.0	1.152483459858089	0.0	0.0	0.5949172928578943	0.0	0.0	0.0	0.0	0.0	0.0	0.0	0.0	0.0	0.0	0.3922352787058233	0.0	0.0	0.0	0.0	0.0	0.0	0.0	0.0	0.0	0.0	0.5949172928578943	0.0	0.0	2.198682366365328	0.0	0.0	0.0	0.0	0.0	0.0	0.0	0.0	0.0	0.0	0.0	0.0	0.0	0.7325647917102625	0.3922352787058233	0.0	0.0	2.449121488920701	0.0	0.3922352787058233	0.0	0.3922352787058233	0.5949172928578943	0.0	0.0	0.3922352787058233	1.1951731021757763	0.0	0.0	0.0	0.3922352787058233	0.0	0.0	0.0	0.5949172928578943	1.9275777760012125	0.0	0.0	0.0	0.0	0.0	0.0	0.0	0.0	0.3922352787058233	0.0	0.0	0.0	0.0	0.0	0.0	1.2340395098554917	0.0	2.009658735917829	0.0	0.0	0.0	0.0	3.789136757742395	0.0	0.0	0.0	0.0	0.3922352787058233	0.0	0.5949172928578943	0.0	0.0	0.0	0.0	0.0	0.0	0.0	0.0	0.0	0.0	0.0	0.0	0.0	0.0	0.0	1.2697115555866176	0.0	0.0	0.0	0.0	0.0	0.0	0.0	0.0	0.0	0.0	0.0	0.0	3.4921968268780432	0.3922352787058233	0.0	0.0	0.0	0.0	0.0	0.0	0.0	0.3922352787058233	0.0	0.0	0.0	0.0	0.0	0.0	0.0	0.0	0.0	0.0	0.0	0.0	0.0	0.9914145560266436	0.0	0.0	0.0	0.0	0.0	0.0	0.0	0.0	0.3922352787058233	0.0	0.0
SRR13357929	0.24233908480007835	0.24233908480007835	3.351610887582847	0.0	0.0	0.0	0.0	0.0	0.5107537056640098	0.24233908480007835	0.0	0.0	1.732797224322975	0.0	0.0	0.0	0.0	0.0	0.0	0.0	0.0	0.0	0.0	0.0	0.0	0.39696114394671966	0.0	0.9985308743111028	0.0	3.88897017688497	0.24233908480007835	0.0	0.0	0.0	0.24233908480007835	0.24233908480007835	0.0	0.0	0.0	0.0	0.0	0.0	0.9985308743111028	0.0	0.0	0.0	0.24233908480007835	0.0	0.0	0.0	0.0	0.0	0.0	0.0	0.0	0.6008360653008149	0.0	0.0	0.0	0.0	0.8436989854990431	0.0	0.0	0.0	0.0	0.0	0.0	0.0	0.0	0.0	1.0866369290473963	0.24233908480007835	0.0	0.0	0.0	0.0	0.0	0.0	0.0	0.0	0.0	0.24233908480007835	0.0	0.0	0.0	0.0	0.0	0.0	0.0	0.0	2.3422754530414824	0.0	0.0	0.927978654230824	0.0	1.5393692090084714	0.0	0.0	1.0592073864111113	0.0	0.0	1.1124364913026308	0.39696114394671966	0.0	0.0	2.2736873630566743	0.24233908480007835	0.0	0.0	0.0	0.0	0.0	0.0	0.0	0.24233908480007835	0.5107537056640098	0.0	0.0	4.050628446330465	0.0	0.0	0.0	0.0	0.0	0.0	0.0	0.0	0.0	0.0	0.0	0.24233908480007835	0.0	0.0	0.0	0.0	0.0	0.0	0.0	0.0	0.24233908480007835	0.0	0.24233908480007835	0.0	0.0	0.0	0.0	0.0	0.0	0.0	0.0	0.0	0.24233908480007835	0.0	0.0	0.0	3.612315205600195	0.0	0.794508988133067	0.0	0.0	0.0	0.24233908480007835	1.2224797875490112	0.0	0.0	0.0	0.0	0.0	0.0	0.0	0.0	0.24233908480007835	0.5107537056640098	0.0	0.0	0.0	0.0	0.0	0.0	0.0	0.0	0.0	0.5107537056640098	0.5107537056640098	0.0	2.1197753800154002	0.0	0.24233908480007835	0.0	0.0	0.0	0.0	0.927978654230824	0.0	0.0	0.0	0.0	0.0	0.0	2.127101776743481	0.0	0.0	0.0	1.5103010195063005	0.24233908480007835	0.7390273262368379	0.0	0.0	0.24233908480007835	0.0	0.6008360653008149	0.39696114394671966	1.7080931163946933	0.0	0.0	0.0	0.5107537056640098	0.0	0.0	0.0	0.39696114394671966	1.1367889758433767	0.0	0.0	0.0	0.0	0.0	0.24233908480007835	0.0	0.0	0.0	0.0	0.24233908480007835	0.0	0.0	0.0	0.8436989854990431	0.6754051707917164	0.0	3.2219940250564214	0.0	0.0	0.0	0.0	1.9122011309226836	0.0	0.0	0.0	0.0	0.24233908480007835	0.0	0.24233908480007835	0.0	0.0	0.0	0.0	0.0	0.0	0.0	0.0	0.0	0.0	0.0	0.24233908480007835	0.5107537056640098	0.0	0.0	1.1817444231239627	0.0	0.0	0.0	0.0	0.0	2.610890285198684	0.0	0.0	0.0	0.0	0.0	0.0	2.866573002259344	0.24233908480007835	0.0	0.0	0.0	0.0	0.0	0.0	0.0	0.24233908480007835	0.0	0.0	0.0	0.0	0.0	0.0	0.24233908480007835	0.0	0.0	0.0	0.0	0.0	0.5107537056640098	0.9646858646258214	0.0	0.39696114394671966	0.0	0.0	0.24233908480007835	0.0	0.0	0.0	0.24233908480007835	0.0	0.0
SRR13357930	0.3019601913144218	0.0	3.17416812463797	0.0	0.0	0.0	0.3019601913144218	0.0	0.47836107337004347	0.0	0.0	0.7797004714506685	1.0016729203407346	0.3019601913144218	0.0	0.0	0.0	0.0	0.0	0.47836107337004347	0.0	0.0	0.0	0.0	0.0	0.0	0.0	0.7004573625512934	0.0	4.032660279240271	0.603454538739932	0.0	0.0	0.0	0.7004573625512934	0.0	0.0	0.3019601913144218	0.0	0.0	0.0	0.0	0.3019601913144218	0.0	0.0	0.0	0.0	0.0	0.0	0.0	0.0	0.0	0.0	0.0	0.0	0.7797004714506685	0.3019601913144218	0.0	0.0	0.0	1.2058624683579793	0.0	0.0	0.0	0.0	0.0	0.0	0.0	0.0	0.0	1.5700100045863674	0.3019601913144218	0.0	0.0	0.0	0.3019601913144218	0.0	0.0	0.0	0.0	0.0	0.0	0.3019601913144218	0.0	0.0	0.0	0.0	0.0	0.3019601913144218	0.0	2.3383095912060665	0.3019601913144218	0.0	1.363505604237926	0.3019601913144218	1.302795667343809	0.0	0.0	0.3019601913144218	0.0	0.0	2.066300405658297	0.3019601913144218	0.0	0.603454538739932	1.853090632377611	0.47836107337004347	0.0	0.0	0.0	0.0	0.0	0.3019601913144218	0.0	0.7797004714506685	0.0	0.0	0.0	3.821336250559248	0.0	0.0	0.0	0.0	0.0	0.0	0.0	0.0	0.3019601913144218	0.0	0.3019601913144218	0.0	0.0	0.0	0.0	0.0	0.0	0.0	0.0	0.0	0.47836107337004347	0.0	0.47836107337004347	0.0	0.0	0.0	0.0	0.0	0.0	0.0	0.0	0.0	0.0	0.0	0.47836107337004347	0.0	3.6523597834162507	0.0	0.7797004714506685	0.3019601913144218	0.0	0.0	0.0	0.47836107337004347	0.0	0.0	0.0	0.0	0.0	0.0	0.0	0.0	0.3019601913144218	0.0	0.0	0.0	0.0	0.0	0.3019601913144218	0.0	0.0	0.0	0.0	0.8466914434380386	0.47836107337004347	0.0	2.6363313707257814	0.0	0.0	0.0	0.0	0.0	0.47836107337004347	0.0	0.0	0.0	0.0	0.0	0.0	0.0	2.3692063652288926	0.0	0.0	0.47836107337004347	1.5203161445259636	0.3019601913144218	0.3019601913144218	0.0	0.47836107337004347	1.08088508570241	0.0	0.3019601913144218	0.603454538739932	2.410091124588133	0.0	0.47836107337004347	0.0	0.603454538739932	0.0	0.0	0.0	0.3019601913144218	1.5203161445259636	0.0	0.0	0.0	0.0	0.0	0.603454538739932	0.0	0.0	0.0	0.0	0.0	0.3019601913144218	0.0	0.0	0.47836107337004347	1.177826015823393	0.0	3.171531582580843	0.0	0.3019601913144218	0.0	0.0	1.9749665283585658	0.0	0.0	0.0	0.0	0.0	0.0	0.0	0.7004573625512934	0.0	0.0	0.0	0.0	0.0	0.0	0.0	0.0	0.0	0.0	0.0	0.7004573625512934	0.0	0.0	1.5069504266455986	0.0	0.0	0.0	0.0	0.0	2.4332152990498495	0.0	0.0	0.0	0.0	0.0	0.0	3.3652815329984835	0.47836107337004347	0.0	0.0	0.0	0.0	0.0	0.0	0.0	0.0	0.0	0.0	0.0	0.0	0.0	0.0	0.603454538739932	0.0	0.0	0.0	0.0	0.0	0.0	1.177826015823393	0.0	1.0016729203407346	0.0	0.0	0.47836107337004347	0.0	0.0	0.0	0.0	0.603454538739932	0.0
SRR13357931	0.32789737477886965	0.0	3.3221222922442717	0.0	0.0	0.0	0.0	0.0	0.32789737477886965	0.0	0.32789737477886965	0.7411945435205807	3.7630380687584104	0.32789737477886965	0.0	0.32789737477886965	0.0	0.0	0.0	0.0	0.0	0.0	0.0	0.0	0.0	0.5125873411257367	0.0	0.5125873411257367	0.0	3.8840955085342985	0.0	0.0	0.0	0.0	0.0	0.32789737477886965	0.0	0.0	0.0	0.0	0.0	0.0	0.8220490961769892	0.0	0.0	0.0	0.5125873411257367	0.0	0.0	0.0	0.0	0.0	0.0	0.0	0.0	0.32789737477886965	0.0	0.0	0.5125873411257367	0.0	0.8220490961769892	0.0	0.0	0.32789737477886965	0.0	0.0	0.0	0.0	0.0	0.0	1.1272343676521077	0.32789737477886965	0.0	0.0	0.32789737477886965	0.5125873411257367	0.0	0.0	0.0	0.0	0.0	0.0	0.0	0.0	0.0	0.0	0.0	0.0	0.0	0.0	2.6397529413835565	0.0	0.0	1.2797166548219396	0.0	1.0009149518620706	0.0	0.0	0.6417624197673886	0.0	0.0	2.2974022910903247	0.0	0.0	0.6417624197673886	1.5691907768028974	0.32789737477886965	0.0	0.0	0.0	0.0	0.0	0.0	0.0	0.6417624197673886	0.32789737477886965	0.0	0.0	3.8819799301589466	0.0	0.0	0.0	0.0	0.0	0.0	0.0	0.0	0.32789737477886965	0.0	0.0	0.0	0.0	0.0	0.0	0.32789737477886965	0.0	0.5125873411257367	0.0	0.0	0.5125873411257367	0.0	0.32789737477886965	0.0	0.32789737477886965	0.0	0.0	0.0	0.0	0.0	0.0	0.0	0.0	0.0	0.5125873411257367	0.0	3.1798849010489216	0.0	0.9490704403174381	0.0	0.0	0.0	0.0	0.0	0.0	0.0	0.32789737477886965	0.0	0.0	0.0	0.0	0.0	0.0	0.0	0.0	0.0	0.0	0.0	0.32789737477886965	0.0	0.0	0.0	0.0	0.7411945435205807	0.6417624197673886	0.0	2.8374182583151866	0.0	0.0	0.0	0.0	0.0	0.6417624197673886	0.7411945435205807	0.0	0.0	0.0	0.0	0.0	0.0	2.213197869786116	0.0	0.0	0.0	1.6190401251226407	0.32789737477886965	0.0	0.0	0.6417624197673886	1.0890696929936796	0.0	0.32789737477886965	0.6417624197673886	1.9436329381756812	0.0	0.0	0.0	0.5125873411257367	0.0	0.0	0.0	0.9490704403174381	1.3507341591246924	0.0	0.0	0.0	0.0	0.0	0.9490704403174381	0.0	0.0	0.0	0.0	0.0	0.0	0.0	0.32789737477886965	0.5125873411257367	0.7411945435205807	0.0	3.1165846268021373	0.0	0.0	0.0	0.32789737477886965	2.112439190627939	0.0	0.0	0.0	0.0	0.0	0.32789737477886965	0.0	0.8901871698595092	0.0	0.0	0.0	0.0	0.0	0.0	0.32789737477886965	0.0	0.32789737477886965	0.5125873411257367	0.32789737477886965	1.0472252409301286	0.0	0.0	1.4117542965378236	0.0	0.0	0.0	0.0	0.0	2.5419683814692338	0.0	0.0	0.6417624197673886	0.0	0.0	0.0	2.922506667054388	0.32789737477886965	0.0	0.0	0.0	0.0	0.0	0.0	0.0	0.0	0.0	0.0	0.0	0.0	0.0	0.0	1.1272343676521077	0.0	0.0	0.0	0.0	0.0	0.5125873411257367	1.1947715358894135	0.32789737477886965	1.0472252409301286	0.0	0.0	0.0	0.0	0.0	0.0	0.32789737477886965	0.8901871698595092	0.0
SRR13357932	0.0	0.0	3.5545368347354733	0.0	0.0	0.0	0.0	0.0	0.2920137706740841	0.0	0.0	0.5884644748323025	0.2920137706740841	0.46505753999523514	0.0	0.0	0.0	0.0	0.0	0.0	0.0	0.0	0.0	0.0	0.0	0.2920137706740841	0.0	2.4290008873672524	0.0	3.95762358502525	0.0	0.0	0.0	0.0	1.7455251525149031	0.0	0.0	0.0	0.0	0.0	0.0	0.0	0.7630185101632788	0.0	0.2920137706740841	0.0	0.2920137706740841	0.0	0.0	0.0	0.0	0.0	0.0	0.0	0.0	0.0	0.2920137706740841	0.0	0.0	0.0	1.187058029436585	0.0	0.2920137706740841	0.0	0.0	0.0	0.0	0.0	0.0	0.0	1.51380235718191	2.383250781072599	0.0	0.0	0.2920137706740841	0.2920137706740841	0.0	0.8871865896553879	0.2920137706740841	0.0	0.0	0.46505753999523514	0.0	0.0	0.0	0.0	0.2920137706740841	0.0	0.0	0.0	1.5733179512832214	0.0	0.0	1.5008539464823631	1.23808163246421	0.0	0.0	0.0	0.0	0.0	0.0	1.7064032773618243	0.6844528066960288	0.0	0.0	1.7744681609547535	0.0	1.51380235718191	0.0	0.0	0.0	0.0	0.0	0.0	0.7630185101632788	0.0	0.0	0.0	1.615677454272592	0.0	0.46505753999523514	0.0	0.0	0.0	0.0	0.0	0.0	0.0	0.0	0.0	0.0	0.0	0.0	0.0	0.0	0.0	0.0	0.46505753999523514	0.0	0.5884644748323025	0.0	0.2920137706740841	0.0	0.0	0.0	0.0	0.0	0.0	0.0	0.0	0.0	0.0	0.0	0.0	0.0	3.8319962613800334	0.0	3.749973527434759	0.0	0.0	0.0	0.0	0.2920137706740841	0.0	0.0	0.0	0.0	0.0	0.0	0.0	0.0	0.8295250917661754	0.0	0.0	0.0	0.0	0.0	0.0	0.0	0.0	0.0	0.0	0.5884644748323025	0.6844528066960288	0.0	2.35660325982237	0.2920137706740841	0.6844528066960288	0.0	0.0	0.0	0.46505753999523514	1.3443126644993344	0.0	0.0	0.0	0.0	0.0	0.0	0.6844528066960288	0.0	0.0	0.2920137706740841	1.2133187214685743	0.46505753999523514	0.0	0.0	0.5884644748323025	1.024857731418388	0.0	0.46505753999523514	0.0	1.7674112240759632	0.0	0.0	0.0	0.5884644748323025	0.0	0.0	0.0	0.2920137706740841	1.1591066391228504	0.0	0.0	0.0	0.0	0.0	0.46505753999523514	0.0	0.0	0.0	0.0	0.0	0.0	0.0	0.0	0.2920137706740841	0.983633551122135	0.0	0.6844528066960288	0.0	0.0	0.0	0.0	2.2199300618829167	0.0	0.0	0.0	0.0	0.0	0.0	0.2920137706740841	0.46505753999523514	0.0	0.0	0.0	0.0	0.0	0.2920137706740841	0.46505753999523514	0.0	0.0	0.0	0.0	0.6844528066960288	0.0	0.46505753999523514	1.0971490325866502	0.0	0.0	0.0	0.2920137706740841	0.0	3.0634990813205936	0.0	0.0	0.2920137706740841	0.0	0.0	0.0	1.808128887324459	0.0	0.0	0.0	0.0	0.0	0.0	0.0	0.0	0.0	0.0	0.0	0.0	0.0	0.0	0.0	0.0	0.0	0.2920137706740841	0.0	0.0	0.0	0.0	3.1596137218076827	0.0	0.46505753999523514	0.0	0.0	0.0	0.0	0.0	0.0	0.5884644748323025	0.7630185101632788	0.0
SRR13357933	0.0	0.0	2.721955956028777	0.0	0.0	0.0	0.0	0.556885227103522	0.0	0.0	0.0	0.0	3.3844421790291026	0.0	0.0	0.0	0.0	0.0	0.556885227103522	0.0	0.0	0.0	0.0	0.0	0.0	0.0	0.0	0.556885227103522	0.0	3.9026896873375416	2.847760822472046	0.0	0.0	0.0	1.1468771117420387	0.0	0.0	0.0	0.0	0.0	0.0	0.0	0.556885227103522	0.0	0.0	0.0	0.0	0.0	0.0	0.0	0.0	0.0	0.0	0.0	0.0	0.0	0.0	0.0	0.556885227103522	0.0	1.1468771117420387	0.0	0.0	0.0	0.0	0.0	0.0	0.0	0.0	0.0	2.1512503538429835	0.556885227103522	0.0	0.0	0.0	0.0	0.0	0.0	0.0	0.0	0.0	0.0	0.0	0.0	0.0	0.0	0.0	0.0	0.0	0.0	1.7846969680352918	0.0	0.0	1.2208661812443122	0.556885227103522	1.8028831902350235	0.0	0.0	0.556885227103522	0.0	0.0	1.7657157812526927	0.0	0.0	0.0	1.388163440411852	0.0	0.556885227103522	0.0	0.0	0.0	0.0	0.0	0.0	1.1468771117420387	0.0	0.0	0.0	3.631783208227875	0.0	0.0	0.0	0.0	0.0	0.0	0.0	0.0	0.0	0.0	0.0	0.0	0.0	0.0	0.0	0.0	0.0	0.0	0.0	0.0	0.7930683307707321	0.0	0.0	0.0	0.0	0.0	0.0	0.0	0.0	0.0	0.0	0.0	0.0	0.0	0.0	0.0	3.9198951039033414	0.0	0.556885227103522	0.0	0.0	0.0	0.7930683307707321	0.556885227103522	0.0	0.0	0.0	0.0	0.0	0.0	0.0	0.0	1.388163440411852	0.0	0.0	0.0	0.0	0.0	0.0	0.0	0.0	0.0	0.0	0.9451977273165826	0.0	0.0	2.7857077712638114	0.0	0.7930683307707321	0.0	0.0	0.0	0.0	0.7930683307707321	0.0	0.0	0.0	0.0	0.0	0.0	2.6368912960079305	0.0	0.0	0.0	2.4547334022000764	0.556885227103522	0.9451977273165826	0.0	0.0	1.0576407968434003	0.0	0.0	0.0	0.7930683307707321	0.0	0.0	0.0	0.0	0.0	0.0	0.0	0.0	1.1468771117420387	0.0	0.0	0.0	0.0	0.0	0.0	0.0	0.0	0.0	0.0	0.0	0.0	0.0	0.0	0.0	0.9451977273165826	0.0	3.1927598929781693	0.0	0.0	0.0	0.0	2.4130960343420513	0.0	0.0	0.0	0.0	0.0	0.0	1.2208661812443122	0.0	0.0	0.0	0.0	0.0	0.0	0.0	0.0	0.0	0.0	0.0	0.0	0.556885227103522	0.0	0.0	2.287258946560156	0.0	0.0	0.0	0.0	0.0	2.8963386582513193	0.0	0.0	0.0	0.0	0.0	0.0	2.510544167437306	0.0	0.0	0.0	0.0	0.0	0.0	0.0	0.0	0.0	0.0	0.0	0.0	0.0	0.0	0.0	0.7930683307707321	0.0	0.0	0.0	0.0	0.0	0.0	0.0	0.0	0.7930683307707321	0.0	0.0	0.0	0.0	0.0	0.0	0.556885227103522	0.0	0.0
SRR13357936	0.0	0.8469473941379195	0.7799493397551072	0.0	0.0	0.0	0.0	0.0	2.219627720436246	0.0	0.3021097423852783	0.3021097423852783	0.8469473941379195	0.0	0.3021097423852783	0.0	0.0	0.0	0.6036786063972165	0.0	0.47856032128741643	0.0	0.0	0.0	0.0	0.9561602071540418	0.0	2.5943280705063123	0.0	1.8829420981808165	0.0	0.0	0.0	0.0	3.863332354953683	0.0	0.0	0.0	0.0	0.0	0.0	0.0	2.259823503761513	0.0	0.0	0.0	0.3021097423852783	0.0	0.0	0.0	0.0	0.0	0.0	0.0	0.0	1.0019416154309386	0.0	0.0	0.47856032128741643	0.0	0.0	0.3021097423852783	0.7799493397551072	0.0	0.0	0.0	0.0	0.0	0.0	0.0	1.4644806186042545	0.47856032128741643	0.0	0.0	0.0	0.0	0.0	0.0	3.5171021635921695	0.0	0.0	0.0	0.0	0.0	0.0	0.0	0.0	0.6036786063972165	0.0	0.0	0.47856032128741643	0.0	0.3021097423852783	0.0	0.0	0.47856032128741643	0.0	0.0	0.0	0.0	0.0	1.4792063487931157	1.6148881943228097	0.0	0.9049777857089374	1.3030792245204326	0.0	0.47856032128741643	0.0	0.0	0.0	0.0	0.0	0.0	0.47856032128741643	0.0	0.0	0.0	1.3242736473741406	0.0	0.0	0.3021097423852783	0.0	0.0	1.1481311477603002	0.0	0.6036786063972165	0.3021097423852783	0.0	0.47856032128741643	0.47856032128741643	0.0	0.0	0.0	0.47856032128741643	0.0	0.0	0.0	0.0	0.0	0.0	0.0	0.0	0.0	0.0	0.0	0.0	0.0	0.0	0.0	0.0	0.0	0.0	0.0	0.0	2.2089693282889367	0.0	3.961245693591298	0.0	0.0	0.0	0.7006963128865885	1.3030792245204326	0.0	0.0	0.3021097423852783	0.0	0.0	0.0	0.0	0.0	0.3021097423852783	0.0	0.0	1.0019416154309386	0.0	0.47856032128741643	0.0	0.47856032128741643	0.0	0.6036786063972165	0.0	0.0	0.47856032128741643	0.0	0.3021097423852783	0.6036786063972165	1.2807971666095197	0.0	0.0	0.3021097423852783	1.1159346387861044	0.47856032128741643	0.0	0.0	0.0	0.0	0.0	0.0	0.7799493397551072	0.0	0.47856032128741643	0.0	1.4934491016909894	0.0	1.7010837884506964	0.0	3.371371753601183	0.6036786063972165	0.0	0.8469473941379195	0.9561602071540418	0.9561602071540418	0.0	0.3021097423852783	0.0	0.3021097423852783	0.0	1.043353868650013	0.0	0.0	1.3822784035467892	0.0	0.0	0.3021097423852783	0.0	0.0	0.9561602071540418	0.0	0.0	0.0	0.0	0.0	0.7006963128865885	0.0	0.0	0.47856032128741643	0.7006963128865885	0.0	0.8469473941379195	0.0	0.0	0.0	0.3021097423852783	1.1481311477603002	0.0	0.0	0.0	0.0	0.0	0.0	0.0	0.0	0.0	0.0	0.0	0.0	0.0	0.0	0.3021097423852783	0.0	0.3021097423852783	0.0	0.47856032128741643	3.4090366426193945	0.0	0.0	3.4864559495697343	0.47856032128741643	0.0	0.3021097423852783	0.0	0.0	0.3021097423852783	0.0	0.3021097423852783	0.0	0.3021097423852783	0.0	0.3021097423852783	1.043353868650013	0.0	0.0	0.0	0.7799493397551072	0.3021097423852783	0.0	0.3021097423852783	0.0	0.0	0.0	0.0	0.0	0.0	0.0	0.0	0.0	0.0	0.0	0.0	0.0	0.0	0.0	1.363791099442129	0.0	0.3021097423852783	0.0	0.0	0.0	0.0	0.0	0.0	0.7799493397551072	0.3021097423852783	0.0
SRR13357938	0.0	0.0	0.5500850406277983	0.0	0.0	0.0	0.0	0.0	0.7199977891908039	0.0	0.2670800655441973	0.0	0.2670800655441973	0.6432985051295257	0.0	0.0	0.0	0.2670800655441973	0.0	0.0	0.0	0.0	0.0	0.0	0.0	0.0	0.0	1.2340762347909133	0.0	4.11476656892542	0.2670800655441973	0.0	0.0	0.0	1.1104056544406216	0.0	0.0	0.0	0.0	0.0	0.0	0.0	2.3222274760050974	0.0	0.0	0.0	0.2670800655441973	0.0	0.0	0.0	0.2670800655441973	0.0	0.0	0.0	0.0	0.0	0.2670800655441973	0.2670800655441973	0.2670800655441973	0.0	1.4754783366354045	0.0	0.0	0.0	0.0	0.0	0.2670800655441973	0.0	0.0	0.0	1.3942602017240684	0.7199977891908039	0.0	0.0	0.0	0.2670800655441973	0.43123814718299386	0.0	0.2670800655441973	0.0	0.0	0.2670800655441973	0.0	0.0	0.0	0.0	0.0	0.0	0.0	0.0	0.2670800655441973	0.0	0.0	0.7199977891908039	0.0	0.0	0.0	0.0	0.0	0.0	0.0	1.7564400770744688	0.2670800655441973	0.0	0.2670800655441973	1.5222507003311074	0.0	0.0	0.0	0.0	0.0	0.0	0.0	0.43123814718299386	1.1381176859696351	0.0	0.0	0.0	2.732114170826588	0.0	0.0	0.0	0.0	0.0	0.0	0.0	0.0	0.0	0.0	0.0	0.0	0.0	0.0	0.0	0.0	0.0	0.5500850406277983	0.0	0.0	0.5500850406277983	0.0	0.8418139927645043	0.0	0.0	0.0	0.43123814718299386	0.0	0.0	0.0	0.0	0.0	0.0	0.0	0.0	0.0	3.6337282768532133	0.0	0.8919206618165857	0.0	0.0	0.0	0.0	0.0	0.0	0.0	0.0	0.0	0.0	0.2670800655441973	0.0	0.0	1.2751224155027878	0.0	0.0	0.0	0.0	0.0	0.0	0.43123814718299386	0.0	0.0	0.0	0.5500850406277983	0.0	0.0	0.6432985051295257	0.0	0.43123814718299386	0.0	0.0	0.0	0.0	1.2120003216294688	0.0	0.0	0.0	0.0	0.43123814718299386	0.0	1.2550840660114648	0.0	0.0	0.0	0.8919206618165857	0.43123814718299386	0.8418139927645043	0.0	0.7199977891908039	0.6432985051295257	0.0	0.43123814718299386	0.5500850406277983	2.4094808207674503	0.0	0.2670800655441973	0.0	0.5500850406277983	0.0	0.0	0.0	0.0	1.4994938718553026	0.0	0.0	0.0	0.0	0.0	0.7199977891908039	0.0	0.0	0.0	0.0	0.0	0.0	0.0	0.0	0.2670800655441973	1.4500566589966786	0.0	0.7851630242304486	0.0	0.0	0.0	0.0	1.2340762347909133	0.0	0.0	0.0	0.0	0.2670800655441973	0.0	2.5057646142224406	0.6432985051295257	0.0	0.0	0.0	0.0	0.0	0.2670800655441973	0.0	0.2670800655441973	0.0	0.0	0.0	0.7199977891908039	0.0	0.0	1.7628573578626638	0.0	0.0	0.0	0.0	0.0	0.7199977891908039	0.0	0.0	0.2670800655441973	0.0	0.2670800655441973	0.0	1.793594066943168	0.43123814718299386	0.0	0.0	0.0	0.2670800655441973	0.0	0.0	0.0	0.0	0.0	0.0	0.0	0.0	0.0	0.0	0.43123814718299386	0.0	0.0	0.0	0.0	0.0	0.2670800655441973	4.001622873005987	0.0	0.43123814718299386	0.0	0.0	0.2670800655441973	0.0	0.0	0.0	0.5500850406277983	0.0	0.0
SRR13357939	0.0	0.0	0.640485702572164	0.0	0.0	0.0	0.0	0.0	0.3270211039435302	0.0	0.0	0.640485702572164	0.5114415298158344	0.3270211039435302	0.0	0.0	0.0	0.0	0.0	0.0	0.7398404770768855	0.0	0.0	0.0	0.0	0.3270211039435302	0.0	1.160773711214898	0.0	1.5112646714141271	0.0	0.0	0.0	0.0	0.5114415298158344	0.0	0.0	0.0	0.0	0.3270211039435302	0.0	0.0	1.7122340936703846	0.0	0.0	0.0	0.0	0.0	0.0	0.0	0.0	0.0	0.0	0.0	0.0	0.0	0.0	0.0	0.0	0.0	0.5114415298158344	0.0	0.0	0.0	0.0	0.0	0.0	0.0	0.0	0.0	0.9994255317882298	0.0	0.3270211039435302	0.0	0.0	0.3270211039435302	0.0	0.0	0.0	0.0	0.0	0.0	0.0	0.0	0.0	0.0	0.0	0.0	0.0	0.0	0.3270211039435302	0.0	0.0	0.0	0.0	0.0	0.0	0.0	0.0	0.0	0.0	2.0042265067055354	0.5114415298158344	0.0	0.0	1.160773711214898	0.0	0.5114415298158344	0.0	0.0	0.0	0.0	0.0	0.3270211039435302	0.0	0.0	0.0	0.0	0.8206439517624411	0.0	0.0	0.0	0.0	0.0	0.0	0.0	0.0	0.0	0.0	0.0	0.0	0.0	0.0	0.0	0.0	0.0	0.0	0.0	0.0	0.5114415298158344	0.0	0.0	0.0	0.0	0.0	0.0	0.0	0.0	0.0	0.0	0.0	0.0	0.0	0.0	0.0	3.346716355344523	0.0	0.8887457773929148	0.0	0.0	0.0	0.5114415298158344	0.3270211039435302	0.0	0.0	0.640485702572164	0.0	0.0	0.0	0.0	0.0	0.0	0.0	0.0	0.0	0.0	0.0	0.0	0.0	0.0	0.0	0.0	0.3270211039435302	0.7398404770768855	0.0	0.0	0.3270211039435302	0.640485702572164	0.0	0.0	0.0	0.0	0.640485702572164	0.0	0.0	0.0	0.0	0.0	0.3270211039435302	0.0	0.0	0.0	0.0	0.8206439517624411	0.3270211039435302	0.5114415298158344	0.0	0.0	0.640485702572164	0.0	0.0	0.5114415298158344	0.640485702572164	0.0	0.0	0.0	0.3270211039435302	0.0	0.0	0.0	0.0	0.7398404770768855	0.0	0.0	0.0	0.0	0.0	0.3270211039435302	0.0	0.0	0.0	0.0	0.0	0.0	0.0	0.0	0.3270211039435302	0.0	0.0	0.0	0.0	0.0	0.0	0.0	0.640485702572164	0.0	0.0	0.0	0.0	0.0	0.0	0.7398404770768855	0.3270211039435302	0.0	0.0	0.0	0.0	0.0	0.0	0.0	0.0	0.0	0.0	0.0	0.5114415298158344	0.0	0.3270211039435302	4.321143880783846	0.0	0.0	0.0	0.0	0.0	0.7398404770768855	0.0	0.0	0.5114415298158344	0.0	0.3270211039435302	0.0	0.640485702572164	0.0	0.0	0.0	0.0	0.0	0.0	0.0	0.0	0.0	0.0	0.0	0.0	0.0	0.0	0.0	0.8206439517624411	0.0	0.0	0.0	0.0	0.0	0.5114415298158344	3.7576490061548378	0.0	0.8887457773929148	0.0	0.0	0.0	0.0	0.0	0.0	0.0	0.5114415298158344	0.0
SRR13357940	0.0	0.0	0.0	0.5530299941396655	0.0	0.0	0.0	0.0	0.5530299941396655	0.0	0.3591688445047877	0.0	0.0	0.5530299941396655	0.0	0.0	0.0	0.3591688445047877	0.0	0.0	0.0	0.0	0.0	0.0	0.0	0.0	0.0	1.9531198184883454	0.0	3.72858006640897	0.0	0.0	0.0	0.3591688445047877	0.9404629623846285	0.3591688445047877	0.0	0.0	0.0	0.0	0.0	0.0	2.7112237356472915	0.0	0.0	0.0	0.0	0.0	0.0	0.0	0.0	0.0	0.0	0.0	0.0	0.0	0.0	0.0	0.0	0.0	1.4055728208418707	0.5530299941396655	0.0	0.0	0.0	0.0	0.0	0.0	0.0	0.0	3.509559595790316	0.5530299941396655	0.0	0.0	0.0	0.6865882534537366	0.0	0.0	0.5530299941396655	0.0	0.0	0.0	0.0	0.0	0.0	0.0	0.0	0.0	0.0	0.0	0.0	0.0	0.0	0.9404629623846285	0.0	0.3591688445047877	0.0	0.0	0.0	0.0	0.0	1.4269949191594766	0.7885890421434618	0.0	0.0	3.1386989763201676	0.0	0.3591688445047877	0.0	0.0	0.0	0.0	0.0	0.0	1.6630132812546157	0.0	0.0	0.0	3.011287274250242	0.0	0.0	0.0	0.0	0.0	0.0	0.0	0.3591688445047877	0.0	0.0	0.3591688445047877	0.0	0.0	0.0	0.0	0.3591688445047877	0.0	0.0	0.0	0.0	0.6865882534537366	0.0	1.2158450348138314	0.0	0.0	0.0	0.8711312859099807	0.0	0.0	0.0	0.0	0.0	0.3591688445047877	0.0	0.0	0.0	3.838228104982957	0.0	1.5034597532103389	0.0	0.0	0.0	0.3591688445047877	0.6865882534537366	0.0	0.0	0.5530299941396655	0.0	0.0	0.3591688445047877	0.0	0.0	0.0	0.0	0.0	0.0	0.0	0.0	0.0	0.0	0.0	0.0	0.0	3.2985525221557217	0.3591688445047877	0.0	0.5530299941396655	0.0	0.0	0.0	0.0	0.0	0.5530299941396655	1.6115227283530844	0.0	0.0	0.0	0.0	0.0	0.0	1.7198241696535341	0.0	0.0	0.0	0.9404629623846285	0.5530299941396655	0.9404629623846285	0.0	0.0	0.5530299941396655	0.0	0.0	0.3591688445047877	2.439367202458784	0.0	0.0	0.0	0.0	0.0	0.0	0.0	0.6865882534537366	1.6380306571483811	0.0	0.0	0.0	0.0	0.0	0.0	0.0	0.0	0.0	0.0	0.0	0.3591688445047877	0.0	0.0	0.0	1.6749855576392862	0.0	1.2158450348138314	0.0	0.0	0.0	0.0	1.8235450798896102	0.0	0.0	0.0	0.0	0.0	0.0	0.7885890421434618	0.3591688445047877	0.0	0.0	0.0	0.0	0.0	0.3591688445047877	0.0	0.0	0.0	0.0	0.0	0.3591688445047877	0.0	0.0	3.643276406921598	0.0	0.0	0.0	0.0	0.0	1.248570032952067	0.0	0.0	0.0	0.0	0.0	0.0	1.9002345895285124	0.0	0.0	0.0	0.0	1.3341279301623443	0.0	0.0	0.0	0.0	0.0	0.0	0.0	0.0	0.0	0.0	0.3591688445047877	0.0	0.0	0.0	0.0	0.0	0.0	3.5399284759331713	0.0	0.6865882534537366	0.0	0.0	0.0	0.0	0.0	0.0	0.3591688445047877	0.5530299941396655	0.0
SRR13357941	0.4193235117580355	0.0	1.0316929661361534	0.0	0.0	0.0	0.0	0.0	0.7692681671565027	0.0	0.4193235117580355	0.9605121803021981	1.0928335398936846	0.6286288165110364	0.0	0.0	0.0	0.0	0.0	0.0	0.0	0.0	0.0	0.0	0.0	0.4193235117580355	0.0	1.1464193091461117	0.0	3.68225548235035	0.0	0.0	0.0	0.0	0.7692681671565027	0.0	0.0	0.0	0.0	0.0	0.0	0.0	2.2666024809969936	0.0	0.4193235117580355	0.0	0.4193235117580355	0.4193235117580355	0.0	0.0	0.0	0.0	0.0	0.0	0.0	0.7692681671565027	0.0	0.0	0.6286288165110364	0.0	1.2761840186805138	0.0	0.0	0.0	0.0	0.4193235117580355	0.0	0.0	0.0	0.0	2.613626068641065	0.6286288165110364	0.0	0.0	0.0	0.0	0.4193235117580355	0.0	0.0	0.0	0.0	0.0	0.0	0.4193235117580355	0.0	0.0	0.4193235117580355	0.0	0.0	0.0	0.0	0.0	0.0	1.0928335398936846	0.0	0.0	0.0	0.4193235117580355	0.0	0.0	0.0	2.3204584568618323	0.0	0.0	0.0	2.7824273006592497	0.4193235117580355	0.8753331247048182	0.0	0.0	0.0	0.0	0.0	0.0	0.8753331247048182	0.0	0.0	0.0	0.6286288165110364	0.0	0.0	0.4193235117580355	0.0	0.0	0.0	0.0	0.0	0.7692681671565027	0.0	0.0	0.0	0.0	0.0	0.0	0.4193235117580355	0.0	0.0	0.4193235117580355	0.0	1.0928335398936846	0.0	0.0	0.0	0.0	0.0	0.0	0.0	0.0	0.0	0.0	0.0	0.0	0.0	0.4193235117580355	0.0	4.186627104800563	0.0	1.6196603845591966	0.0	0.0	0.0	0.0	0.8753331247048182	0.0	0.0	0.0	0.0	0.0	0.4193235117580355	0.0	0.0	0.7692681671565027	0.0	0.0	0.0	0.0	0.0	0.0	0.4193235117580355	0.0	0.0	0.0	0.9605121803021981	0.8753331247048182	0.0	0.8753331247048182	0.0	0.8753331247048182	0.0	0.0	0.0	0.6286288165110364	1.3451827780653203	0.0	0.0	0.0	0.0	0.0	0.0	1.9154457653824497	0.4193235117580355	0.0	0.4193235117580355	0.9605121803021981	0.7692681671565027	0.4193235117580355	0.0	0.8753331247048182	1.1941136288842498	0.0	0.0	0.8753331247048182	2.770612730095569	0.0	0.0	0.0	0.7692681671565027	0.0	0.0	0.0	0.6286288165110364	1.584353888551389	0.0	0.0	0.0	0.0	0.0	0.7692681671565027	0.0	0.0	0.0	0.0	0.0	0.0	0.0	0.4193235117580355	0.6286288165110364	1.3451827780653203	0.0	0.9605121803021981	0.0	0.0	0.0	0.0	1.481028684348112	0.0	0.0	0.0	0.0	0.0	0.0	0.7692681671565027	0.8753331247048182	0.0	0.0	0.0	0.0	0.0	0.4193235117580355	0.0	0.0	0.0	0.0	0.0	1.8090260422512747	0.0	0.4193235117580355	1.737699380782153	0.0	0.0	0.0	0.0	0.0	0.6286288165110364	0.0	0.0	0.8753331247048182	0.0	0.4193235117580355	0.0	2.0008530684476007	0.7692681671565027	0.0	0.0	0.0	0.0	0.0	0.0	0.0	0.0	0.0	0.0	0.0	0.0	0.0	0.0	0.9605121803021981	0.0	0.0	0.0	0.0	0.0	0.4193235117580355	3.797936002412872	0.4193235117580355	1.2370845927959948	0.0	0.0	0.0	0.0	0.0	0.0	0.4193235117580355	1.0928335398936846	0.0
SRR13357943	0.0	0.0	3.4471785143119145	0.0	0.0	0.0	0.0	0.0	0.25248600742155175	0.0	0.25248600742155175	0.0	0.4111103417601798	0.0	0.0	0.0	0.0	0.0	0.0	0.0	0.0	0.0	0.0	0.0	0.0	0.25248600742155175	0.0	0.6939413639216415	0.0	2.6062924753954024	0.0	0.0	0.0	0.0	2.049903025944851	0.0	0.0	0.0	0.0	0.0	0.0	0.0	0.4111103417601798	0.0	0.0	0.0	0.0	0.0	0.0	0.0	0.0	0.0	0.0	0.0	0.0	0.0	0.0	0.0	0.0	0.0	0.4111103417601798	0.0	0.0	0.0	0.0	0.0	0.0	0.0	0.0	0.0	1.3631917957232496	2.4311616503754943	0.0	0.0	0.0	0.0	0.0	0.0	0.0	0.0	0.0	0.0	0.0	0.0	0.0	0.0	0.0	0.0	0.0	0.0	0.0	0.0	0.0	0.25248600742155175	0.7582249089427052	0.4111103417601798	0.0	0.0	0.0	0.0	0.0	1.2036112940215644	0.5270449124249187	0.0	0.0	0.7582249089427052	0.0	1.669617141810234	0.0	0.0	0.0	0.0	0.0	0.0	0.25248600742155175	0.0	0.0	0.0	0.25248600742155175	0.0	0.0	0.0	0.0	0.0	0.0	0.0	0.0	0.0	0.0	0.0	0.0	0.0	0.0	0.0	0.0	0.0	0.0	0.0	0.0	0.0	0.0	0.0	0.25248600742155175	0.0	0.25248600742155175	0.0	0.0	0.0	0.0	0.0	0.0	0.0	0.0	0.0	0.0	3.6151528978175396	0.0	4.317744861158473	0.0	0.0	0.0	0.0	0.6184614339893698	0.0	0.0	0.0	0.0	0.0	0.0	0.0	0.0	0.0	0.0	0.0	0.0	0.0	0.0	0.0	0.25248600742155175	0.0	0.0	0.0	0.25248600742155175	0.25248600742155175	0.0	1.6313408548964055	0.0	0.9486515199793071	0.0	0.0	0.0	0.0	0.25248600742155175	0.0	0.0	0.0	0.0	0.0	0.0	0.25248600742155175	0.0	0.0	0.0	1.0805843058564488	0.25248600742155175	0.25248600742155175	0.0	0.0	0.25248600742155175	0.0	0.4111103417601798	0.25248600742155175	1.2036112940215644	0.0	0.0	0.0	0.0	0.0	0.0	0.0	0.0	0.25248600742155175	0.0	0.0	0.0	0.0	0.0	0.0	0.0	0.0	0.0	0.0	0.0	0.0	0.0	0.0	0.4111103417601798	0.4111103417601798	0.0	0.25248600742155175	0.0	0.0	0.0	0.0	1.468134039001398	0.0	0.0	0.0	0.0	0.0	0.0	0.25248600742155175	0.25248600742155175	0.0	0.0	0.0	0.0	0.0	0.25248600742155175	0.25248600742155175	0.0	0.0	0.0	0.0	0.25248600742155175	0.0	0.0	1.2818335007658057	0.0	0.0	0.0	0.0	0.0	1.5525887439847	0.0	0.0	0.25248600742155175	0.0	0.0	0.0	0.6939413639216415	0.0	0.0	0.0	0.0	0.0	0.0	0.0	0.0	0.0	0.0	0.0	0.0	0.0	0.0	0.0	0.0	0.0	0.0	0.0	0.0	0.0	0.0	2.663407322648734	0.0	0.0	0.0	0.0	0.0	0.0	0.0	0.0	0.4111103417601798	0.0	0.0
SRR13357944	0.5376500077104511	0.0	3.1232543591224227	0.0	0.0	0.0	0.0	0.0	0.34719893084937414	0.0	0.0	0.770654258878545	4.048502711932058	0.0	0.0	0.0	0.0	0.0	0.0	0.0	0.34719893084937414	0.0	0.0	0.0	0.0	0.0	0.0	2.021470153012452	0.0	3.6361419950744436	0.0	0.0	0.0	0.0	2.63049532870352	0.0	0.0	0.34719893084937414	0.0	0.0	0.0	0.0	0.34719893084937414	0.0	0.0	0.0	0.5376500077104511	0.0	0.0	0.0	0.0	0.0	0.0	0.0	0.34719893084937414	0.0	0.0	0.0	0.0	0.0	1.4266885047630515	0.0	0.0	0.0	0.0	0.0	0.0	0.0	0.0	0.0	0.8525801755880527	0.0	0.0	0.0	0.0	0.0	0.0	0.0	0.0	0.0	0.0	0.0	0.0	0.0	0.0	0.0	0.0	0.0	0.0	0.0	2.906662615445295	0.0	0.0	0.0	0.0	0.34719893084937414	0.0	0.0	0.0	0.0	0.0	2.2396255698697707	0.0	0.0	0.34719893084937414	3.0197710029877363	0.34719893084937414	1.9062345603522417	0.0	0.0	0.0	0.0	0.0	0.0	0.5376500077104511	0.0	0.0	0.0	3.5896166334120676	0.0	0.0	0.0	0.0	0.0	0.0	0.0	0.0	0.34719893084937414	0.0	0.0	0.0	0.0	0.0	0.0	0.0	0.0	0.0	0.0	0.0	0.0	0.0	0.0	0.0	0.0	0.0	0.0	0.0	0.0	0.0	0.0	0.0	0.0	0.0	0.5376500077104511	0.0	3.209397660598407	0.0	2.1736050621835177	0.0	0.0	0.0	0.0	0.0	0.0	0.34719893084937414	0.0	0.0	0.0	0.0	0.0	0.0	0.0	0.0	0.0	0.0	0.0	0.0	0.0	0.0	0.0	0.0	0.0	0.6695944397382194	1.8188156299111913	0.0	1.3136406611463753	0.0	0.34719893084937414	0.34719893084937414	0.0	0.0	0.0	0.0	0.0	0.0	0.0	0.0	0.0	0.0	0.9214768783792663	0.0	0.0	0.0	0.5376500077104511	0.5376500077104511	0.34719893084937414	0.0	0.0	1.079866770694386	0.0	0.34719893084937414	0.0	2.39500183823542	0.0	0.5376500077104511	0.0	0.5376500077104511	0.0	0.0	0.0	0.0	1.4266885047630515	0.0	0.0	0.0	0.0	0.0	0.6695944397382194	0.0	0.0	0.0	0.0	0.0	0.34719893084937414	0.0	0.0	0.0	0.9214768783792663	0.0	3.4865005118115024	0.0	0.0	0.0	0.0	0.8525801755880527	0.0	0.0	0.0	0.0	0.0	0.0	0.34719893084937414	0.9809255363009781	0.0	0.0	0.0	0.0	0.0	0.0	0.34719893084937414	0.0	0.0	0.0	0.0	0.0	0.0	0.0	2.7067999721535707	0.0	0.0	0.34719893084937414	0.0	0.0	0.34719893084937414	0.0	0.0	0.5376500077104511	0.0	0.34719893084937414	0.0	1.1956767017435634	0.0	0.0	0.0	0.0	0.0	0.0	0.0	0.0	0.0	0.0	0.0	0.0	0.0	0.0	0.0	0.8525801755880527	0.0	0.0	0.0	0.0	0.0	0.0	1.2870158829818186	0.34719893084937414	1.1219957327289494	0.0	0.0	0.0	0.0	0.0	0.0	0.0	0.9809255363009781	0.0
SRR13357945	0.0	0.0	2.4651444889921845	0.0	0.0	0.0	0.28404723219130856	0.0	0.45432671607296754	0.28404723219130856	0.28404723219130856	0.9235759408040071	2.0338373568520716	0.0	0.0	0.0	0.0	0.28404723219130856	0.0	0.0	0.28404723219130856	0.0	0.0	0.0	0.0	0.0	0.0	0.9689360592610456	0.0	4.227060003959813	0.45432671607296754	0.0	0.0	0.0	1.347055111295599	0.28404723219130856	0.0	0.0	0.0	0.0	0.0	0.0	0.0	0.0	0.0	0.0	0.0	0.28404723219130856	0.0	0.0	0.0	0.0	0.0	0.0	0.0	0.7494661066638979	0.5763301373088638	0.0	0.0	0.0	2.059055785351949	0.0	0.0	0.0	0.0	0.0	0.0	0.0	0.0	0.0	1.347055111295599	0.0	0.0	0.0	0.0	0.0	0.45432671607296754	0.0	0.0	0.28404723219130856	0.0	0.45432671607296754	0.0	0.0	0.0	0.0	0.0	0.0	0.0	0.0	2.398445649634624	0.0	0.0	1.047520564591492	0.0	0.28404723219130856	0.0	0.0	0.0	0.0	0.0	2.3272279179715047	0.28404723219130856	0.0	0.28404723219130856	0.9235759408040071	0.0	0.45432671607296754	0.0	0.0	0.0	0.0	0.0	0.0	1.7512641136268656	0.0	0.28404723219130856	0.0	3.76081192563118	0.0	0.0	0.0	0.0	0.0	0.0	0.0	0.0	0.0	0.0	0.0	0.0	0.0	0.0	0.0	0.45432671607296754	0.0	0.28404723219130856	0.0	0.0	0.28404723219130856	0.0	0.872919622734651	0.0	0.0	0.0	1.0820529366834744	0.0	0.0	0.0	0.0	0.0	0.0	0.0	0.45432671607296754	0.0	3.4621460621239724	0.0	2.138771582401844	0.0	0.0	0.0	0.5763301373088638	0.45432671607296754	0.0	0.0	0.0	0.0	0.0	0.45432671607296754	0.0	0.0	0.0	0.0	0.0	0.0	0.0	0.0	0.0	0.5763301373088638	0.0	0.0	0.0	0.7494661066638979	1.9199864344120965	0.0	2.0031006076756785	0.28404723219130856	0.0	0.0	0.0	0.0	0.28404723219130856	0.0	0.0	0.0	0.0	0.0	0.0	0.0	1.8109563747169692	0.0	0.0	0.0	0.6714693908079705	0.5763301373088638	0.0	0.0	0.28404723219130856	1.2459915092600427	0.0	0.0	0.6714693908079705	2.368606348328377	0.0	0.28404723219130856	0.0	1.1717122203978718	0.0	0.0	0.0	0.6714693908079705	1.8171094329954076	0.0	0.0	0.0	0.0	0.0	0.9689360592610456	0.0	0.0	0.0	0.28404723219130856	0.0	0.0	0.0	0.0	0.0	1.7983823876149203	0.0	2.8239304163510717	0.0	0.0	0.0	0.0	0.7494661066638979	0.0	0.0	0.0	0.0	0.0	0.0	0.0	1.1979091878224195	0.0	0.0	0.0	0.0	0.0	0.8155648208915867	0.45432671607296754	0.0	0.28404723219130856	0.0	0.0	0.0	0.0	0.0	2.9394324528913174	0.0	0.0	0.0	0.0	0.0	0.45432671607296754	0.0	0.0	0.6714693908079705	0.28404723219130856	0.0	0.0	2.1054836892710713	0.45432671607296754	0.0	0.0	0.0	0.45432671607296754	0.28404723219130856	0.0	0.0	0.0	0.0	0.0	0.0	0.0	0.0	0.0	1.0100033511334676	0.0	0.0	0.0	0.0	0.0	0.0	1.2459915092600427	0.0	1.1140406082838212	0.0	0.0	0.28404723219130856	0.0	0.0	0.0	0.45432671607296754	0.872919622734651	0.0
SRR13357946	0.0	0.0	2.79530715468082	0.0	0.0	0.0	0.0	0.0	1.0013675262909005	0.0	0.0	0.8906251821931952	1.1627826078872376	0.0	0.0	0.0	0.0	0.0	0.0	0.0	0.0	0.0	0.0	0.0	0.0	0.5129356862643534	0.0	1.1627826078872376	0.0	4.309314581647083	0.7416060729997324	0.0	0.0	0.0	1.0895314789033763	0.5129356862643534	0.0	0.0	0.0	0.0	0.0	0.0	0.0	0.0	0.0	0.0	0.0	0.0	0.0	0.0	0.0	0.0	0.0	0.0	0.0	0.0	0.7416060729997324	0.0	0.0	0.0	1.7418543230945656	0.0	0.0	0.0	0.5129356862643534	0.0	0.0	0.0	0.0	0.0	2.4344829028844632	0.0	0.0	0.5129356862643534	0.0	0.0	0.5129356862643534	0.0	0.0	0.0	0.0	0.5129356862643534	0.0	0.0	0.0	0.0	0.0	0.0	0.0	0.0	2.812253300684391	0.0	0.0	1.3725225314459364	0.0	0.5129356862643534	0.0	0.0	0.0	0.0	0.0	2.607627987338481	0.0	0.0	1.1627826078872376	0.7416060729997324	0.0	0.0	0.0	0.0	0.0	0.0	0.5129356862643534	0.0	1.5424303730751534	0.0	0.0	0.0	3.6141172856893324	0.0	0.0	0.0	0.0	0.0	0.0	0.0	0.0	0.7416060729997324	0.0	0.0	0.0	0.0	0.0	0.0	0.0	0.0	0.5129356862643534	0.0	0.0	0.0	0.0	0.0	0.0	0.0	0.0	0.0	0.0	0.0	0.0	0.0	0.0	0.0	0.0	0.8906251821931952	0.0	2.8182551947413113	0.0	1.7921316098433016	0.0	0.0	0.0	0.0	0.0	0.0	0.0	0.0	0.0	0.0	0.0	0.0	0.0	0.0	0.0	0.0	0.0	0.0	0.0	0.0	0.0	0.0	0.0	0.0	0.7416060729997324	1.7418543230945656	0.0	3.08078965929424	0.5129356862643534	0.0	0.0	0.0	0.0	0.5129356862643534	0.0	0.0	0.0	0.0	0.0	0.0	0.5129356862643534	0.8906251821931952	0.0	0.0	0.5129356862643534	0.5129356862643534	0.0	0.0	0.0	0.5129356862643534	1.1627826078872376	0.0	0.5129356862643534	1.0013675262909005	2.1761502565540747	0.0	0.5129356862643534	0.0	0.8906251821931952	0.0	0.0	0.0	0.5129356862643534	1.5953202292279207	0.0	0.0	0.0	0.0	0.0	0.8906251821931952	0.0	0.0	0.0	0.0	0.0	0.0	0.0	0.0	0.0	1.2801929831665635	0.0	1.0013675262909005	0.0	0.0	0.0	0.0	1.1627826078872376	0.0	0.0	0.0	0.0	0.0	0.0	0.0	1.0895314789033763	0.0	0.0	0.0	0.0	0.0	0.5129356862643534	0.0	0.0	0.0	0.0	0.0	0.7416060729997324	0.0	0.0	1.8908013418120813	0.0	0.0	0.0	0.0	0.0	0.5129356862643534	0.0	0.0	0.7416060729997324	0.0	0.0	0.0	2.0015040423808648	0.7416060729997324	0.0	0.0	0.0	0.0	0.0	0.0	0.0	0.5129356862643534	0.0	0.0	0.0	0.0	0.0	0.0	1.2254434695767746	0.0	0.0	0.0	0.0	0.0	0.0	1.3725225314459364	0.0	1.5953202292279207	0.0	0.0	0.0	0.0	0.0	0.0	0.0	1.328806769456477	0.0
SRR13357947	0.3581933711131057	0.0	3.0046264814547285	0.0	0.0	0.0	0.0	0.3581933711131057	0.6852106689842293	0.0	0.0	0.6852106689842293	0.0	0.0	0.0	0.0	0.3581933711131057	0.3581933711131057	0.0	0.0	0.0	0.0	0.0	0.0	0.0	0.5517811135413536	0.0	0.7871366175781154	0.0	3.5583474553672767	0.8696299225585837	0.0	0.0	0.0	1.5354877789588985	0.3581933711131057	0.0	0.0	0.0	0.0	0.0	0.0	0.9389270988825716	0.0	0.0	0.0	0.3581933711131057	0.0	0.0	0.0	0.0	0.0	0.0	0.0	0.0	0.0	0.5517811135413536	0.0	0.0	0.0	1.0980279635661967	0.0	0.0	0.0	0.3581933711131057	0.0	0.0	0.0	0.0	0.0	2.5104137936611335	0.6852106689842293	0.0	0.0	0.0	0.0	0.3581933711131057	0.5517811135413536	0.0	0.0	0.0	0.0	0.0	0.0	0.0	0.0	0.0	0.0	0.0	0.0	2.815904601494222	0.0	0.0	0.6852106689842293	0.0	0.3581933711131057	0.0	0.0	0.0	0.0	0.0	2.23406292106976	0.0	0.0	0.5517811135413536	1.14030613032393	0.0	1.5354877789588985	0.0	0.0	0.0	0.3581933711131057	0.0	0.0	0.6852106689842293	0.3581933711131057	0.0	0.0	3.6444535185757894	0.0	0.0	0.0	0.0	0.0	0.0	0.0	0.0	0.0	0.0	0.0	0.0	0.0	0.0	0.0	0.5517811135413536	0.0	0.3581933711131057	0.0	0.0	0.6852106689842293	0.0	0.3581933711131057	0.3581933711131057	0.0	0.0	0.0	0.0	0.0	0.0	0.0	0.0	0.0	0.0	0.3581933711131057	0.0	4.035850055836548	0.0	3.3738503939167224	0.0	0.0	0.0	0.0	0.3581933711131057	0.0	0.0	0.0	0.0	0.0	0.0	0.0	0.0	0.3581933711131057	0.0	0.0	0.0	0.0	0.0	0.0	0.7871366175781154	0.0	0.0	0.0	0.6852106689842293	1.9123577487885721	0.0	2.4982176447008273	0.0	0.6852106689842293	0.0	0.0	0.0	0.0	0.0	0.0	0.0	0.0	0.0	0.0	0.0	1.707339747310793	0.0	0.0	0.3581933711131057	0.6852106689842293	0.3581933711131057	0.0	0.0	0.7871366175781154	0.8696299225585837	0.0	0.0	0.3581933711131057	3.390921917163498	0.0	0.3581933711131057	0.0	0.6852106689842293	0.0	0.0	0.0	0.3581933711131057	0.8696299225585837	0.0	0.0	0.0	0.0	0.0	0.5517811135413536	0.0	0.0	0.0	0.0	0.0	0.0	0.0	0.0	0.3581933711131057	0.7871366175781154	0.0	2.709491881052496	0.0	0.0	0.0	0.0	2.5104137936611335	0.0	0.0	0.0	0.0	0.0	0.0	0.0	0.9389270988825716	0.0	0.0	0.0	0.0	0.0	0.0	0.0	0.0	0.0	0.3581933711131057	0.0	0.3581933711131057	0.0	0.0	2.965473340575207	0.0	0.0	0.0	0.0	0.0	0.3581933711131057	0.0	0.0	0.5517811135413536	0.3581933711131057	0.0	0.0	2.9532523191129716	0.0	0.0	0.0	0.0	0.0	0.0	0.0	0.0	0.0	0.0	0.0	0.0	0.0	0.0	0.0	0.8696299225585837	0.0	0.0	0.0	0.0	0.0	0.0	1.2142155612466299	0.0	1.14030613032393	0.0	0.0	0.3581933711131057	0.0	0.0	0.0	0.0	0.8696299225585837	0.0
SRR13357950	0.0	0.2044226496895704	1.9482312697291029	0.0	0.0	0.0	0.2044226496895704	0.0	0.8457895406904239	0.0	0.0	0.34286285408100486	2.1983577433949684	0.0	0.0	0.0	1.0007260468246868	0.0	0.0	0.0	0.0	0.0	0.0	0.2044226496895704	0.0	0.34286285408100486	0.0	0.9451977273165826	0.2044226496895704	4.130380477038644	0.447676760043929	0.0	0.0	0.2044226496895704	2.424049476631872	0.0	0.0	0.0	0.0	0.0	0.0	0.0	0.34286285408100486	0.0	0.0	0.0	0.2044226496895704	0.0	0.0	0.0	0.0	0.0	0.0	0.0	0.0	0.447676760043929	0.34286285408100486	0.2044226496895704	0.0	0.0	2.743058854825852	0.0	0.0	0.2044226496895704	0.0	0.0	0.0	0.0	0.0	0.0	2.1246522253822073	0.9738487554274856	0.0	0.0	0.2044226496895704	0.0	0.0	0.2044226496895704	0.2044226496895704	0.0	0.2044226496895704	0.8457895406904239	0.0	0.2044226496895704	0.0	0.0	0.0	0.34286285408100486	0.0	0.0	2.7664738162518914	0.0	0.0	1.7315739397635344	0.34286285408100486	0.7640956677079023	0.0	0.0	0.0	0.0	0.0	1.4571444978817338	0.2044226496895704	0.0	0.447676760043929	0.9451977273165826	0.0	1.5245289813630123	0.0	0.0	0.0	0.0	0.0	0.0	1.2795178271658878	0.0	0.602665114608466	0.0	0.34286285408100486	0.0	0.0	0.0	0.0	0.0	0.0	0.0	0.0	0.0	0.0	0.0	0.0	0.0	0.0	0.0	0.0	0.0	0.0	0.2044226496895704	0.2044226496895704	1.826869418067733	0.0	0.602665114608466	0.6633892455533644	0.447676760043929	0.0	0.0	0.2044226496895704	0.0	0.0	0.0	0.2044226496895704	0.0	0.0	0.0	0.0	3.754971294097428	0.0	1.049952705602642	0.0	0.0	0.2044226496895704	0.0	0.447676760043929	0.0	0.34286285408100486	0.0	0.0	0.0	0.0	0.0	0.0	0.5320484681658233	0.0	0.0	0.0	0.0	0.0	0.0	0.2044226496895704	0.2044226496895704	0.0	0.0	1.9209202837622683	0.34286285408100486	0.0	2.944695775026581	0.0	0.602665114608466	0.0	0.0	0.0	0.0	1.7987534546415627	0.0	0.2044226496895704	0.0	0.0	0.0	0.0	1.9240410454559158	0.0	0.0	0.0	3.0394260684445937	0.0	0.8068606784250651	0.0	0.447676760043929	0.34286285408100486	0.0	0.34286285408100486	0.8068606784250651	1.1342862911492066	0.0	0.0	0.0	0.447676760043929	0.2044226496895704	0.0	0.0	0.2044226496895704	1.5896175984230694	0.0	0.0	0.2044226496895704	0.0	0.0	0.2044226496895704	0.0	0.0	0.0	0.2044226496895704	0.0	0.0	0.0	0.0	0.2044226496895704	1.4749958635918021	0.0	1.856919863750137	0.0	0.0	0.0	0.0	3.2899936979535744	0.0	0.0	0.0	0.0	0.602665114608466	0.0	0.447676760043929	0.0	0.0	0.0	0.0	0.0	0.0	0.9738487554274856	0.2044226496895704	0.0	0.0	0.34286285408100486	0.2044226496895704	0.2044226496895704	0.0	0.0	1.398714415488496	0.0	0.0	0.0	0.0	0.0	2.3839002380970298	0.0	0.0	0.0	0.2044226496895704	0.0	0.0	3.520870502287736	0.34286285408100486	0.0	0.0	0.0	0.2044226496895704	0.0	0.0	0.0	0.0	0.0	0.0	0.0	0.0	0.0	0.0	0.0	0.0	0.0	0.0	0.0	0.0	0.0	1.680217680372882	0.0	0.5320484681658233	0.0	0.0	0.0	0.0	0.0	0.0	0.447676760043929	0.0	0.0
SRR13357955	0.0	0.0	3.4464647611468546	0.0	0.0	0.0	0.0	0.0	0.0	0.0	0.0	0.7307941547541636	1.359849436344158	0.0	0.0	0.0	0.0	0.0	0.0	0.0	0.0	0.0	0.0	0.0	0.0	0.7307941547541636	0.0	0.7307941547541636	0.0	3.5320373087513444	0.0	0.0	0.0	0.0	1.43585842228914	0.0	0.0	0.0	0.0	0.0	0.0	0.0	0.7307941547541636	0.0	0.0	0.0	0.0	0.0	0.0	0.0	0.0	0.0	0.0	0.0	0.0	0.0	0.0	0.0	0.0	0.0	1.43585842228914	0.0	0.0	0.0	0.0	0.0	0.0	0.0	0.0	0.0	2.223873719352162	0.0	0.0	0.0	0.0	0.0	0.0	0.0	0.0	0.0	0.0	0.0	0.0	0.0	0.0	0.0	0.0	0.0	0.0	0.0	0.0	0.0	0.0	1.6512922794706082	0.0	0.0	0.0	0.0	0.0	0.0	0.0	1.5005250408259612	0.0	0.0	0.0	2.679823887389248	0.0	0.7307941547541636	0.0	0.0	0.0	0.0	0.0	0.0	1.43585842228914	0.0	0.7307941547541636	0.0	0.9894629138557643	0.0	0.0	0.0	0.0	0.0	0.0	0.0	0.7307941547541636	0.0	0.0	0.0	0.0	0.0	0.0	0.0	0.0	0.0	0.0	0.0	0.0	0.7307941547541636	0.0	0.0	0.0	0.0	0.0	0.0	0.0	0.0	0.0	0.0	0.0	0.0	0.0	0.0	0.0	3.948177079055333	0.0	1.43585842228914	0.0	0.0	0.0	0.7307941547541636	0.7307941547541636	0.0	0.0	0.0	0.0	0.0	0.0	0.0	0.0	2.1219024660630734	0.0	0.0	0.0	0.0	0.0	0.0	0.0	0.0	0.0	0.0	0.0	0.7307941547541636	0.0	3.230575895046822	0.0	0.9894629138557643	0.0	0.0	0.0	0.0	0.0	0.0	0.0	0.0	0.0	0.0	0.0	1.6512922794706082	0.0	0.0	0.0	1.7629928302023248	0.0	0.0	0.7307941547541636	0.0	0.7307941547541636	0.0	0.0	1.8517618050213402	1.6918028188813392	0.0	0.0	0.0	0.7307941547541636	0.0	0.0	0.0	0.7307941547541636	1.606610539359224	0.0	0.0	0.0	0.0	0.0	1.2676547856613896	0.0	0.0	0.0	0.0	0.0	0.0	0.0	0.0	0.0	0.9894629138557643	0.0	3.6884628875686833	0.0	0.0	0.0	0.0	2.4354766581896645	0.0	0.0	0.0	0.0	0.7307941547541636	0.0	1.8241402063248184	0.9894629138557643	0.0	0.0	0.0	0.0	0.0	0.0	0.0	0.0	0.0	0.0	0.0	0.7307941547541636	0.0	0.0	2.315691040975489	0.0	0.0	0.0	0.0	0.0	1.947448148366688	0.0	0.0	0.0	0.0	0.0	0.0	3.7030272405079314	0.7307941547541636	0.0	0.0	0.0	0.0	0.0	0.0	0.0	0.0	0.0	0.0	0.0	0.0	0.0	0.0	0.0	0.0	0.0	0.0	0.0	0.0	0.0	2.7391911964719498	0.0	0.0	0.0	0.0	0.0	0.0	0.0	0.0	0.0	0.0	0.0
SRR13357956	0.4653010554576641	0.0	1.0628441929276904	0.0	0.0	0.0	0.0	0.0	0.2921951431536671	0.0	0.2921951431536671	0.0	3.4772805384088836	0.2921951431536671	0.0	0.0	0.0	0.2921951431536671	0.0	0.0	0.0	0.0	0.0	0.0	0.0	0.0	0.0	0.2921951431536671	0.0	3.9324650362019193	0.0	0.0	0.0	0.0	0.938409655099238	0.0	0.0	0.0	0.0	0.0	0.0	0.0	0.2921951431536671	0.0	0.0	0.0	0.8298406970001385	0.0	0.0	0.0	0.0	0.0	0.0	0.0	0.0	0.8298406970001385	0.5887393877623588	0.0	0.0	0.0	1.6985005159556605	0.0	0.0	0.0	0.0	0.0	0.0	0.0	0.0	0.0	2.0578469162847366	0.0	0.0	0.0	0.0	0.2921951431536671	0.2921951431536671	0.0	0.0	0.0	0.4653010554576641	0.4653010554576641	0.0	0.0	0.0	0.0	0.0	0.0	0.0	0.0	0.2921951431536671	0.0	0.0	2.3887584748321213	0.2921951431536671	0.0	0.0	0.0	0.0	0.0	0.0	2.1314951790983376	0.0	0.0	0.2921951431536671	1.6260135172635823	0.0	0.4653010554576641	0.0	0.0	0.0	0.0	0.0	0.0	2.0962303524723307	0.2921951431536671	0.0	0.0	0.5887393877623588	0.0	0.0	0.0	0.0	0.0	0.0	0.0	0.0	0.2921951431536671	0.0	0.0	0.0	0.0	0.0	0.0	0.0	0.0	0.0	0.0	0.0	0.5887393877623588	0.0	1.187404395939916	0.0	0.0	0.0	0.5887393877623588	0.0	0.0	0.0	0.0	0.0	0.2921951431536671	0.0	0.0	0.0	3.819485347429083	0.0	1.3978205813516993	0.0	0.0	0.0	0.0	0.2921951431536671	0.0	0.0	0.2921951431536671	0.0	0.0	0.8298406970001385	0.0	0.0	0.0	0.0	0.0	0.0	0.0	0.0	0.0	0.4653010554576641	0.0	0.0	0.0	0.5887393877623588	0.4653010554576641	0.0	3.884369639858061	0.0	0.2921951431536671	0.0	0.0	0.0	0.0	0.0	0.0	0.0	0.0	0.0	0.0	0.0	2.0157393035191715	0.0	0.0	0.0	0.4653010554576641	0.0	0.4653010554576641	0.0	1.1295747180477838	1.0628441929276904	0.0	0.0	0.2921951431536671	2.0792026190845387	0.0	0.2921951431536671	0.0	0.8298406970001385	0.0	0.0	0.0	1.305233124735988	1.9066430275329997	0.0	0.0	0.0	0.0	0.0	0.4653010554576641	0.0	0.0	0.0	0.0	0.0	0.0	0.0	0.0	0.0	1.8275051510083138	0.0	2.364239488136204	0.0	0.0	0.0	0.0	2.7456062440695863	0.0	0.0	0.0	0.0	0.0	0.0	0.0	0.0	0.0	0.0	0.0	0.0	0.0	0.7633250409290954	0.0	0.0	0.0	0.0	0.0	0.2921951431536671	0.0	0.0	2.3324762021249157	0.0	0.0	0.0	0.0	0.0	0.2921951431536671	0.0	0.0	0.5887393877623588	0.0	0.0	0.0	2.9281281720567556	0.4653010554576641	0.0	0.0	0.0	0.0	0.0	0.0	0.0	0.0	0.0	0.0	0.0	0.0	0.0	0.0	0.0	0.0	0.0	0.0	0.0	0.0	0.0	2.494086263794993	0.0	0.684746663735086	0.0	0.0	0.0	0.0	0.0	0.0	0.5887393877623588	0.5887393877623588	0.0
SRR13357957	0.8705943029683526	0.0	0.8208807519553518	0.255973255443074	0.0	0.0	0.0	0.0	1.1889937160069	0.255973255443074	0.255973255443074	1.5602402373087243	0.532591345906273	0.7002305419898329	0.0	0.0	0.0	0.0	0.41594331688780173	0.0	0.532591345906273	0.0	0.0	0.0	0.0	0.9556428812532813	0.0	1.0267326158343235	0.0	1.7125076306512854	0.41594331688780173	0.255973255443074	0.0	0.0	2.1793896330660862	0.0	0.0	0.0	0.0	0.0	0.0	0.0	0.8208807519553518	0.0	0.41594331688780173	0.0	0.7002305419898329	0.0	0.0	0.0	0.0	0.0	0.0	0.0	0.0	0.41594331688780173	0.41594331688780173	0.0	0.41594331688780173	0.0	1.1658202554088737	0.0	0.0	0.0	0.0	0.255973255443074	0.0	0.0	0.0	0.0	2.856607222629086	0.0	0.0	0.0	0.0	0.6244498853403924	0.255973255443074	0.255973255443074	0.532591345906273	0.255973255443074	0.0	0.0	0.0	0.0	0.0	0.0	0.0	0.255973255443074	0.0	0.0	0.6244498853403924	0.0	0.0	0.0	0.255973255443074	0.255973255443074	0.0	0.0	0.0	0.0	0.0	3.3590899995890706	0.255973255443074	0.0	1.1413402416355982	2.489273849690613	0.0	1.0267326158343235	0.0	0.532591345906273	0.255973255443074	0.0	0.255973255443074	0.0	0.41594331688780173	0.0	0.532591345906273	0.0	0.41594331688780173	0.0	0.0	0.255973255443074	0.0	0.0	0.255973255443074	0.0	0.0	1.0878060399551295	0.0	0.0	0.0	0.0	0.255973255443074	0.0	0.8208807519553518	0.0	0.8208807519553518	0.0	0.0	1.0583420141316684	0.0	0.0	0.0	0.0	0.0	0.0	0.0	0.255973255443074	0.0	0.0	0.255973255443074	0.0	0.0	1.1153974945037661	0.0	4.325713379339316	0.0	1.3556139662855498	0.255973255443074	0.0	0.255973255443074	0.255973255443074	0.532591345906273	0.0	0.0	0.0	0.0	0.0	0.0	0.0	0.0	0.532591345906273	0.0	0.0	0.0	0.0	0.0	0.0	0.0	0.0	0.0	0.0	1.3994522154060078	1.0583420141316684	0.0	0.0	0.255973255443074	0.8208807519553518	0.0	0.0	0.255973255443074	0.255973255443074	0.0	0.255973255443074	0.0	0.0	0.0	0.0	0.532591345906273	0.255973255443074	0.0	0.0	0.9151971736616736	1.3556139662855498	0.9926407137670951	0.41594331688780173	0.0	0.7002305419898329	1.6390286023034375	0.0	0.0	0.7002305419898329	1.8552512921556297	0.0	0.7002305419898329	0.0	1.3068486296160053	0.0	0.0	0.0	0.255973255443074	0.9151971736616736	0.0	0.0	0.41594331688780173	0.0	0.0	1.0267326158343235	0.0	0.0	0.0	0.0	0.0	0.0	0.0	0.41594331688780173	0.6244498853403924	0.9926407137670951	0.0	0.7002305419898329	0.0	0.0	0.0	0.0	3.3595473530373474	0.0	0.0	0.0	0.0	0.0	0.0	0.41594331688780173	1.864876423160509	0.0	0.0	0.0	0.0	0.0	0.255973255443074	0.0	0.0	0.0	0.0	0.255973255443074	0.532591345906273	0.0	0.0	1.9350440641120727	0.0	0.0	0.0	0.0	0.0	0.0	0.0	0.0	1.3556139662855498	0.255973255443074	0.255973255443074	0.0	0.6244498853403924	0.0	0.0	0.0	0.0	0.255973255443074	0.255973255443074	0.0	0.0	0.0	0.0	0.0	0.0	0.0	0.0	0.0	1.7056945448489864	0.0	0.0	0.0	0.0	0.0	0.0	3.1279651175889986	0.255973255443074	2.0058809079111706	0.0	0.0	0.0	0.255973255443074	0.0	0.0	0.8208807519553518	1.8353364217724406	0.0
SRR13357958	1.5911687500509852	1.2526842757373051	0.7179417668121524	0.0	0.0	0.0	0.0	0.0	2.160140931113291	0.0	0.0	2.335229831366785	0.7179417668121524	1.4851935701017538	0.0	0.0	0.0	0.0	0.0	0.0	0.9752719837586494	0.0	0.0	0.0	0.0	0.0	0.0	3.129760897294964	0.0	2.106183565438393	0.0	0.0	0.0	0.0	3.1365102533627773	0.0	0.0	0.0	0.0	0.0	0.0	0.0	1.5414056384460546	0.0	0.0	0.0	1.135761665456374	0.0	0.0	0.0	0.0	0.0	0.0	0.0	0.0	2.585817938085507	0.9752719837586494	0.0	1.2526842757373051	0.0	0.0	0.0	0.0	0.0	0.0	0.7179417668121524	0.0	0.0	0.0	0.0	1.4851935701017538	0.0	0.0	0.9752719837586494	0.0	0.9752719837586494	1.135761665456374	0.0	1.5414056384460546	0.0	0.0	0.0	0.0	0.0	0.0	0.0	0.0	1.2526842757373051	0.0	0.0	0.9752719837586494	0.0	0.0	0.0	0.0	0.0	0.7179417668121524	0.0	0.0	0.0	0.7179417668121524	4.264958792322733	2.1847976156125566	0.0	1.8361479790005428	1.8361479790005428	0.0	0.0	0.0	0.0	0.0	0.0	0.9752719837586494	0.0	0.7179417668121524	0.0	0.0	0.0	1.7790598610801174	0.0	0.0	1.4851935701017538	0.0	0.0	0.7179417668121524	0.0	0.0	1.862104205398457	0.0	0.7179417668121524	0.0	0.0	0.9752719837586494	0.0	1.5414056384460546	0.0	1.3447126169136665	0.0	0.0	0.0	0.0	0.0	0.7179417668121524	0.0	0.0	0.0	0.0	0.0	0.0	0.0	0.0	0.0	0.0	1.862104205398457	0.0	2.3908453531531144	0.0	2.585817938085507	1.2526842757373051	0.0	0.0	0.0	1.2526842757373051	0.0	0.0	1.8865962205395226	0.0	0.0	0.0	0.0	0.0	0.0	0.0	0.0	0.0	0.0	0.0	0.0	1.3447126169136665	0.0	0.0	0.0	2.2714315151149127	2.044558567438985	0.0	1.2526842757373051	0.7179417668121524	1.9097804350350607	0.0	0.0	0.0	1.7474304467161546	0.7179417668121524	0.0	0.0	0.0	0.0	0.7179417668121524	1.4206086614851783	0.7179417668121524	0.0	0.0	1.4206086614851783	1.9097804350350607	1.676289996340772	2.208129326189033	0.0	1.676289996340772	2.5134721517265364	0.0	0.7179417668121524	0.9752719837586494	1.3447126169136665	0.0	1.5911687500509852	0.0	2.2193413722149695	0.0	0.0	0.0	0.0	1.5414056384460546	0.0	0.0	0.0	0.0	0.0	2.010122959715813	0.0	0.0	0.0	0.0	0.7179417668121524	0.7179417668121524	0.0	0.9752719837586494	0.7179417668121524	1.5414056384460546	0.0	0.9752719837586494	0.9752719837586494	0.0	0.0	0.0	1.7790598610801174	0.0	0.0	0.0	0.0	0.0	0.0	0.0	2.4844063722459153	0.0	0.0	0.0	0.0	0.0	0.0	0.0	0.0	1.7133152582845232	0.0	0.0	2.1966201339742124	0.0	0.0	3.229048711068751	0.0	0.0	0.7179417668121524	0.0	0.0	0.0	0.0	0.0	2.2409327565177493	0.0	1.135761665456374	0.0	1.5414056384460546	0.0	0.0	0.0	0.0	0.9752719837586494	0.0	0.0	0.0	0.7179417668121524	0.0	0.0	0.0	0.0	0.0	0.0	2.545963261681175	0.0	0.0	0.0	0.0	0.0	0.7179417668121524	1.7133152582845232	0.7179417668121524	2.787724593642714	0.0	0.0	0.0	0.0	0.0	0.0	1.135761665456374	2.6309863101394697	0.0
SRR13357959	0.0	0.2970809910704642	1.572060013505607	0.2970809910704642	0.0	0.0	0.0	0.0	1.1686904954531219	0.2970809910704642	0.8383061702755589	0.0	0.47184789519835024	0.0	0.0	0.0	0.0	0.0	0.0	0.0	0.0	0.0	0.0	0.0	0.0	0.6926342454165839	0.0	0.7715494850376429	0.0	2.7893460643187518	1.4836856658322775	0.0	0.0	0.0	2.1739620165539075	0.0	0.0	0.2970809910704642	0.0	0.0	0.0	0.0	0.47184789519835024	0.0	0.0	0.0	0.47184789519835024	0.0	0.0	0.0	0.0	0.0	0.0	0.0	0.0	1.7983708210222	0.2970809910704642	0.0	0.0	0.0	0.7715494850376429	0.0	0.0	0.0	0.2970809910704642	0.0	0.0	0.0	0.0	0.0	2.297456760152156	0.8961554843291553	0.0	0.2970809910704642	0.0	0.0	0.0	0.8383061702755589	0.47184789519835024	0.0	0.0	0.5961229368046699	0.2970809910704642	0.0	0.0	0.2970809910704642	0.0	0.0	0.0	0.0	0.0	0.0	0.0	0.8383061702755589	0.0	0.5961229368046699	0.0	0.0	0.0	0.0	0.0	0.992865732512578	0.47184789519835024	0.0	0.0	2.4917781740894953	0.0	1.5485906182056188	0.0	0.0	0.0	0.2970809910704642	0.0	0.0	0.2970809910704642	0.0	0.0	0.0	1.4694538313715457	0.0	0.0	0.0	0.0	0.0	0.0	0.0	0.0	0.0	0.0	0.0	0.0	0.0	0.0	0.0	0.0	0.2970809910704642	0.0	0.0	0.0	0.8961554843291553	0.0	0.0	0.0	0.0	0.0	0.0	0.0	0.0	0.0	0.0	0.0	0.0	0.0	0.0	0.0	3.98164986253941	0.0	1.654997618725025	0.0	0.0	0.0	0.2970809910704642	0.2970809910704642	0.0	0.0	0.0	0.0	0.0	0.0	0.0	0.0	0.47184789519835024	0.0	0.0	0.0	0.0	0.0	0.0	0.7715494850376429	0.0	0.0	0.0	1.8786604549787025	0.0	0.0	1.4694538313715457	0.0	0.47184789519835024	0.0	0.0	0.0	0.8961554843291553	0.0	0.0	0.0	0.0	0.0	0.0	0.0	0.8961554843291553	0.2970809910704642	0.0	0.0	1.0719137509438845	0.2970809910704642	0.6926342454165839	0.0	2.576417828938667	0.0	0.0	0.5961229368046699	1.1966858955378292	2.6733236717275544	0.0	0.0	0.0	0.0	0.0	0.0	0.0	0.2970809910704642	1.9006496146157308	0.0	0.0	0.0	0.0	0.0	0.2970809910704642	0.0	0.0	0.2970809910704642	0.0	0.0	0.0	0.0	0.0	0.0	0.8383061702755589	0.0	1.1387653529627737	0.0	0.0	0.0	0.0	3.4461508382666883	0.0	0.0	0.0	0.0	0.0	0.0	0.8383061702755589	0.0	0.0	0.0	0.0	0.0	0.0	0.0	0.0	0.0	0.0	0.0	0.0	0.2970809910704642	0.0	0.0	3.9140131656714527	0.0	0.0	0.0	0.0	0.0	1.4694538313715457	0.0	0.0	0.0	0.0	0.0	0.0	1.71649267502257	0.0	0.0	0.0	0.0	0.2970809910704642	0.0	0.0	0.0	0.0	0.0	0.0	0.0	0.0	0.0	0.0	0.0	0.0	0.0	0.0	0.0	0.0	0.2970809910704642	3.768259608380166	0.0	0.2970809910704642	0.0	0.0	0.0	0.0	0.0	0.0	0.0	0.0	0.0
SRR13357960	0.0	0.2406803366314301	0.6723404796780422	0.0	0.0	0.0	0.0	0.2406803366314301	1.1088492025806107	0.0	0.8403697463821265	0.7358504387748278	0.39463561618813947	0.0	0.0	0.0	0.0	0.0	0.0	0.0	0.0	0.0	0.0	0.0	0.0	0.5979255572938628	0.0	1.0556593842664075	0.0	1.9879712674721721	0.0	0.0	0.0	0.0	2.404010722132488	0.0	0.0	0.0	0.0	0.0	0.0	0.0	0.8844967226449076	0.0	0.0	0.0	1.026403679923508	0.0	0.0	0.0	0.0	0.0	0.0	0.0	0.2406803366314301	2.0259387789175745	0.2406803366314301	0.0	0.0	0.0	0.6723404796780422	0.0	0.2406803366314301	0.0	0.0	0.39463561618813947	0.0	0.0	0.0	0.0	1.9846522358175398	0.7358504387748278	0.0	0.0	0.0	0.0	0.0	0.0	0.7358504387748278	0.0	0.2406803366314301	0.0	0.0	0.0	0.0	0.0	0.0	0.0	0.0	0.0	0.0	0.0	0.0	0.2406803366314301	0.0	2.0198369112979147	0.0	0.0	0.0	0.0	0.0	1.156229676612572	0.5080683614632215	0.0	0.39463561618813947	1.237834082005322	0.0	0.8403697463821265	0.0	0.0	0.0	0.2406803366314301	0.0	0.2406803366314301	0.2406803366314301	0.0	0.0	0.0	1.612660598768662	0.0	0.0	0.0	0.0	0.0	0.0	0.0	0.0	0.0	0.0	0.2406803366314301	0.0	0.0	0.0	0.0	0.0	0.0	0.0	0.0	0.0	0.5979255572938628	0.0	0.0	0.2406803366314301	0.0	0.0	0.0	0.0	0.0	0.0	0.0	0.0	0.0	0.0	0.0	0.0	3.7046817258696696	0.0	1.5448634775917125	0.0	0.0	0.0	0.5080683614632215	0.7912467958343653	0.0	0.0	0.0	0.0	0.0	0.0	0.0	0.0	0.0	0.0	0.0	0.0	0.0	0.0	0.0	1.3371538092495328	0.0	0.0	0.0	1.133185256254818	0.39463561618813947	0.0	0.5979255572938628	0.0	0.39463561618813947	0.0	0.0	0.0	0.0	0.2406803366314301	0.0	0.0	0.2406803366314301	0.0	0.0	0.0	0.5979255572938628	0.0	0.0	0.0	0.9612206614706514	0.39463561618813947	0.39463561618813947	0.0	3.4455759064912677	0.39463561618813947	0.0	0.2406803366314301	1.026403679923508	3.2735778802321107	0.0	0.0	0.0	0.0	0.0	0.0	0.0	0.0	1.178112687624007	0.0	0.0	0.0	0.0	0.0	0.0	0.0	0.0	0.0	0.0	0.0	0.0	0.0	0.0	0.2406803366314301	0.2406803366314301	0.0	0.5080683614632215	0.0	0.0	0.0	0.0	3.2813868513823836	0.0	0.0	0.0	0.0	0.0	0.0	0.5080683614632215	0.0	0.0	0.0	0.0	0.0	0.0	0.0	0.0	0.0	0.0	0.0	0.0	0.2406803366314301	0.0	0.0	4.096792690764246	0.0	0.0	0.0	0.0	0.0	1.5065329284825693	0.0	0.0	0.2406803366314301	0.0	0.0	0.0	1.4418350649491087	0.0	0.0	0.0	0.0	0.39463561618813947	0.0	0.0	0.0	0.0	0.0	0.0	0.0	0.0	0.0	0.0	0.2406803366314301	0.0	0.0	0.0	0.0	0.0	0.0	3.612920320285373	0.0	0.0	0.0	0.0	0.0	0.0	0.0	0.0	0.0	0.0	0.0
SRR13357961	0.0	0.0	0.6604965826805685	0.0	0.0	0.0	0.0	0.0	1.5653886566776885	0.0	0.0	0.0	0.3856857147576008	0.0	0.0	0.0	0.0	0.0	0.0	0.0	0.0	0.0	0.0	0.0	0.0	0.4977127193569766	0.0	0.7786255215368058	0.0	3.2527974408042315	0.2343204063509039	0.0	0.0	0.0	2.2035206324885506	0.0	0.0	0.0	0.0	0.0	0.0	0.0	0.4977127193569766	0.0	0.0	0.0	0.6604965826805685	0.0	0.0	0.0	0.0	0.0	0.0	0.0	0.0	0.7235651438741411	0.0	0.0	0.0	0.0	0.5866873240725312	0.0	0.2343204063509039	0.0	0.0	0.0	0.0	0.0	0.0	0.0	2.0229331096720786	0.5866873240725312	0.0	0.0	0.0	0.0	0.0	0.0	0.2343204063509039	0.0	0.0	0.0	0.0	0.0	0.0	0.0	0.0	0.0	0.0	0.0	0.0	0.0	0.0	0.0	0.0	1.2236228594392216	0.0	0.0	0.0	0.0	0.0	0.4977127193569766	0.3856857147576008	0.0	0.2343204063509039	1.2592433979234097	0.0	1.3909763251557992	0.0	0.0	0.0	0.0	0.0	0.0	0.3856857147576008	0.0	0.0	0.0	1.2592433979234097	0.0	0.0	0.2343204063509039	0.0	0.0	0.0	0.0	0.0	0.0	0.0	0.0	0.0	0.0	0.0	0.0	0.0	0.0	0.0	0.0	0.0	0.7786255215368058	0.0	0.3856857147576008	0.0	0.0	0.0	0.0	0.0	0.0	0.0	0.0	0.0	0.0	0.0	0.0	0.0	3.806040703710911	0.0	2.040261197031987	0.0	0.0	0.2343204063509039	0.0	1.4817881062528515	0.0	0.0	0.4977127193569766	0.0	0.0	0.0	0.0	0.0	0.3856857147576008	0.0	0.0	0.0	0.0	0.0	0.2343204063509039	1.4387515179470216	0.0	0.0	0.0	1.5737571202801557	0.0	0.0	0.4977127193569766	0.0	0.3856857147576008	0.0	0.0	0.0	0.2343204063509039	0.3856857147576008	0.0	0.0	0.0	0.0	0.0	0.0	1.164032165471775	0.0	0.0	0.0	0.4977127193569766	0.0	0.4977127193569766	0.0	0.2343204063509039	0.0	0.0	0.0	0.8274841743252568	0.7786255215368058	0.0	0.0	0.0	0.3856857147576008	0.0	0.0	0.0	0.0	1.5653886566776885	0.0	0.0	0.2343204063509039	0.0	0.0	0.0	0.0	0.0	0.0	0.0	0.0	0.0	0.0	0.2343204063509039	0.0	0.8274841743252568	0.0	0.8713978056327265	0.0	0.0	0.0	0.0	1.8106006508166403	0.0	0.0	0.0	0.0	0.0	0.0	0.2343204063509039	0.0	0.0	0.0	0.0	0.0	0.0	0.0	0.0	0.0	0.0	0.0	0.2343204063509039	0.6604965826805685	0.0	0.0	4.30219422635237	0.0	0.0	0.0	0.0	0.0	1.3781636564126947	0.0	0.0	0.0	0.0	0.0	0.0	0.6604965826805685	0.0	0.0	0.0	0.0	0.0	0.0	0.0	0.0	0.0	0.0	0.0	0.0	0.0	0.0	0.0	0.2343204063509039	0.0	0.0	0.0	0.0	0.0	0.4977127193569766	2.294402072550045	0.0	0.0	0.0	0.0	0.3856857147576008	0.2343204063509039	0.0	0.0	0.0	0.0	0.0
SRR13357962	0.22281061115292916	0.36935022196413464	1.2655115019692342	0.0	0.0	0.0	0.0	0.0	0.47872317581550605	0.0	0.0	0.0	0.8036548452828383	0.22281061115292916	0.0	0.22281061115292916	0.0	0.0	0.0	0.0	0.22281061115292916	0.0	0.0	0.0	0.0	0.5660186881527243	0.0	1.0164093664834526	0.0	3.3630561426570362	0.7553056531995843	0.0	0.0	0.36935022196413464	2.879960796781757	0.0	0.0	0.0	0.0	0.0	0.22281061115292916	0.0	1.4442709684526203	1.093286985212432	0.0	0.0	0.6386699444763161	0.0	0.0	0.0	0.0	0.0	0.0	0.0	0.0	0.22281061115292916	0.0	0.0	0.0	0.0	1.1783322977844268	0.0	0.0	0.0	1.1783322977844268	0.0	0.0	0.0	0.0	0.0	2.080353858708518	1.2960096798730176	0.0	0.0	0.22281061115292916	0.22281061115292916	0.0	0.0	0.47872317581550605	0.0	0.0	0.47872317581550605	0.36935022196413464	0.36935022196413464	0.0	0.0	0.22281061115292916	0.36935022196413464	0.0	0.0	1.0691422082781332	0.22281061115292916	0.6386699444763161	1.1161598269719333	0.47872317581550605	1.9418924052354338	0.0	0.0	0.6386699444763161	0.0	0.0	0.9874296836498738	0.22281061115292916	0.0	0.0	3.5386637378984527	0.22281061115292916	1.8107995107927122	0.0	0.0	0.0	0.36935022196413464	0.0	0.22281061115292916	0.6386699444763161	0.22281061115292916	0.47872317581550605	0.0	0.36935022196413464	0.0	2.023567169296679	0.22281061115292916	0.0	0.0	0.0	0.0	0.0	0.0	0.0	0.0	0.0	0.0	0.0	0.0	0.47872317581550605	0.0	0.22281061115292916	0.0	0.0	1.3380822646115373	0.0	0.22281061115292916	0.0	0.0	0.0	0.0	0.0	0.0	0.0	0.0	0.0	0.0	0.0	0.0	0.0	4.165691116964794	0.0	0.6386699444763161	0.0	0.0	0.0	0.22281061115292916	0.22281061115292916	0.0	0.0	0.22281061115292916	0.0	0.0	0.0	0.0	0.0	0.5660186881527243	0.0	0.0	0.0	0.0	0.0	0.22281061115292916	0.22281061115292916	0.0	0.0	0.0	0.8471565696583232	0.22281061115292916	0.0	2.128405878230756	0.0	0.8471565696583232	0.0	0.0	0.0	0.0	0.22281061115292916	0.22281061115292916	0.0	0.0	0.0	0.0	0.0	1.5782942965925808	0.0	0.0	0.0	2.609134296415265	0.22281061115292916	1.0691422082781332	0.0	0.7008916018158077	0.0	0.0	0.8471565696583232	1.1783322977844268	2.2788498083517323	0.0	0.0	0.0	0.22281061115292916	0.0	0.0	0.0	0.0	1.1972244360149924	0.0	0.0	0.0	0.0	0.0	0.47872317581550605	0.0	0.0	0.0	0.0	0.0	0.22281061115292916	0.0	0.0	2.9347024873534586	0.8866948730915949	0.47872317581550605	1.4546138382357665	0.0	0.0	0.0	0.0	3.6042790701078538	0.0	0.22281061115292916	0.0	0.0	0.47872317581550605	0.0	0.7553056531995843	0.0	0.0	0.0	0.0	0.22281061115292916	0.0	0.0	0.0	0.36935022196413464	0.0	0.0	0.0	1.1585808133903701	0.0	0.0	1.615126132656722	0.22281061115292916	0.0	0.22281061115292916	0.0	0.0	2.7680651195958497	0.0	0.0	0.0	0.0	0.0	0.22281061115292916	2.134856178884727	0.47872317581550605	0.0	0.0	0.0	0.0	0.0	0.22281061115292916	0.0	0.0	0.36935022196413464	0.0	0.0	0.0	0.0	0.0	0.0	0.0	0.0	0.0	0.0	0.0	0.36935022196413464	2.969165378900613	0.0	0.36935022196413464	0.0	0.0	0.22281061115292916	0.0	0.0	0.22281061115292916	0.0	0.0	0.0
SRR13357966	0.7462818936404738	0.0	0.6465611858476232	0.0	0.0	0.0	0.0	0.33119820739072625	0.7462818936404738	0.0	0.33119820739072625	0.5168971529112742	0.5168971529112742	0.0	0.0	0.0	0.0	0.0	0.33119820739072625	0.0	0.33119820739072625	0.0	0.0	0.0	0.0	0.33119820739072625	0.0	0.6465611858476232	0.0	3.9407228053465007	0.33119820739072625	0.0	0.0	0.33119820739072625	1.4363055237202174	0.33119820739072625	0.0	0.0	0.0	0.0	0.0	0.0	0.5168971529112742	0.0	0.33119820739072625	0.0	0.0	0.0	0.0	0.33119820739072625	0.0	0.0	0.0	0.0	0.0	0.33119820739072625	0.0	0.0	0.0	0.0	1.2005849891505587	0.0	0.0	0.0	0.0	0.0	0.0	0.0	0.0	0.33119820739072625	2.5633554689970453	0.9545841029550316	0.0	0.33119820739072625	0.0	0.33119820739072625	0.0	0.0	0.5168971529112742	0.0	0.33119820739072625	0.0	0.0	0.0	0.0	0.0	0.0	0.0	0.0	0.0	0.0	0.0	0.0	1.9209501766583708	0.33119820739072625	1.0065067114785595	0.0	0.0	0.9545841029550316	0.0	0.0	2.0215699147423205	0.5168971529112742	0.0	0.5168971529112742	2.807241704112224	0.0	0.8956000346020265	0.0	0.0	0.0	0.8273268810149004	0.0	0.0	1.3779866044927898	0.0	0.5168971529112742	0.0	0.8956000346020265	0.0	0.0	0.33119820739072625	0.0	0.0	0.0	0.0	0.0	0.33119820739072625	0.0	0.0	0.0	0.0	0.0	0.0	0.0	0.0	0.33119820739072625	0.0	0.0	0.8956000346020265	0.0	0.5168971529112742	0.5168971529112742	0.0	0.0	0.0	0.0	0.0	0.0	0.0	0.0	0.0	0.0	0.0	0.0	4.022205314832498	0.0	1.0065067114785595	0.0	0.0	0.0	0.0	0.5168971529112742	0.0	0.0	0.0	0.0	0.0	0.0	0.0	0.0	2.2807654854737374	0.0	0.0	0.0	0.0	0.0	0.0	0.0	0.0	0.0	0.0	0.8273268810149004	0.33119820739072625	0.0	3.05701658839019	0.0	1.3566664475638306	0.0	0.0	0.0	0.0	0.33119820739072625	0.0	0.0	0.0	0.0	0.0	0.0	1.5336728847040553	0.0	0.0	0.33119820739072625	2.2675539259807698	0.33119820739072625	0.0	0.0	0.33119820739072625	1.094774580416012	1.4712435900487186	0.33119820739072625	0.0	2.0120113846354295	0.0	0.5168971529112742	0.0	0.6465611858476232	0.0	0.0	0.0	0.5168971529112742	1.5336728847040553	0.0	0.0	0.0	0.0	0.0	0.0	0.0	0.0	0.0	0.0	0.0	0.0	0.0	0.0	1.5882456030646435	1.2005849891505587	0.0	3.1205346935011007	0.0	0.0	0.0	0.0	2.8804620289681324	0.0	0.0	0.0	0.0	0.0	0.0	1.6367199885306083	0.8956000346020265	0.0	0.0	0.0	0.0	0.0	0.5168971529112742	0.0	0.0	0.0	0.0	0.0	0.6465611858476232	0.0	0.0	1.3566664475638306	0.0	0.0	0.0	0.0	0.0	0.0	0.0	0.0	0.33119820739072625	0.0	0.0	0.0	3.4221525295879176	0.5168971529112742	0.0	0.0	0.0	0.0	0.33119820739072625	0.0	0.0	0.0	0.0	0.0	0.0	0.0	0.0	0.0	0.8273268810149004	0.0	0.0	0.0	0.0	0.0	0.6465611858476232	3.29108632043386	0.0	1.0528792892428471	0.0	0.0	0.0	0.0	0.0	1.2856000853472833	0.5168971529112742	0.8956000346020265	0.0
SRR13357967	0.8525757098418462	0.0	0.5591318296084037	0.0	0.0	0.2728877411933392	0.0	0.4391778716475501	0.7301804303620633	0.0	0.0	1.7420933707043336	3.949817159972202	0.9887862607531163	0.0	0.2728877411933392	0.0	0.0	0.2728877411933392	0.0	0.7956756404039129	0.0	0.0	0.0	0.0	0.2728877411933392	0.0	1.3591284255997307	0.0	3.822929250793202	2.6734691079678914	0.0	0.0	0.4391778716475501	2.619502594062381	0.0	0.0	0.0	0.0	0.0	0.0	0.0	1.1497623701552218	0.0	0.0	0.0	0.7301804303620633	0.0	0.0	0.0	0.0	0.0	0.0	0.0	0.0	0.0	0.6530232791665406	0.0	0.4391778716475501	0.0	0.9887862607531163	0.0	0.2728877411933392	0.0	0.0	0.4391778716475501	0.0	0.2728877411933392	0.0	0.0	1.955206590567456	1.7687686968586172	0.0	0.0	0.0	0.7301804303620633	0.8525757098418462	0.0	0.2728877411933392	0.0	0.0	0.2728877411933392	0.0	0.0	0.0	0.0	0.0	0.5591318296084037	0.2728877411933392	0.2728877411933392	0.2728877411933392	0.0	0.0	1.7062658893983662	0.5591318296084037	1.7815160807376156	0.0	0.0	0.6530232791665406	0.0	0.0	3.1368735012859057	0.5591318296084037	0.0	1.4209583792853933	1.5963599404391937	0.0	0.8525757098418462	0.0	0.0	0.0	0.2728877411933392	0.6530232791665406	0.2728877411933392	1.0261085281499747	0.5591318296084037	0.0	0.0	0.6530232791665406	0.0	0.0	0.0	0.0	0.0	0.2728877411933392	0.0	0.0	1.2004857482413915	0.0	0.0	0.0	0.0	0.2728877411933392	0.0	0.6530232791665406	0.0	0.7301804303620633	0.4391778716475501	0.0	0.7956756404039129	0.0	0.2728877411933392	0.0	0.0	0.0	0.0	0.2728877411933392	0.2728877411933392	0.0	0.0	0.0	0.0	0.0	1.2870109560129757	0.0	3.7052034745302453	0.0	1.2458996177315595	0.7956756404039129	0.0	0.2728877411933392	0.0	0.4391778716475501	0.0	0.0	0.0	0.0	0.0	0.0	0.0	0.0	1.391142805922283	0.0	0.0	0.2728877411933392	0.4391778716475501	0.0	0.0	0.0	0.0	0.0	0.0	1.4621630736145872	1.5766800864129469	0.0	2.7466830845723735	0.5591318296084037	0.2728877411933392	0.0	0.0	0.0	0.0	0.0	0.0	0.0	0.0	0.0	0.4391778716475501	0.2728877411933392	2.30564641688121	0.0	0.0	0.9028770922583724	2.725770803779875	0.9887862607531163	0.9028770922583724	0.0	1.5453799451789305	1.9423874917521426	0.0	0.4391778716475501	0.0	1.2669415673594493	0.0	0.7301804303620633	0.0	1.5664953124180547	0.0	0.0	0.0	0.7301804303620633	2.8220886126996856	0.0	0.0	0.0	0.0	0.0	1.4488578679325659	0.0	0.0	0.0	0.0	0.0	0.0	0.0	0.6530232791665406	0.9479524677307607	1.2870109560129757	0.0	2.1153690599010155	0.0	0.0	0.0	0.0	3.2834254500573197	0.0	0.0	0.0	0.0	0.0	0.0	0.7956756404039129	1.8667852967324488	0.0	0.0	0.0	0.0	0.2728877411933392	0.0	0.0	0.0	0.0	0.0	0.2728877411933392	0.0	0.0	0.0	1.5453799451789305	0.2728877411933392	0.2728877411933392	0.0	0.0	0.0	0.4391778716475501	0.0	0.0	1.391142805922283	0.0	0.4391778716475501	0.0	2.4484638692547303	0.4391778716475501	0.0	0.0	0.0	0.2728877411933392	0.0	0.2728877411933392	0.0	0.2728877411933392	0.0	0.0	0.0	0.0	0.0	0.0	1.8290640617310445	0.0	0.0	0.0	0.0	0.0	0.0	2.8588202252136283	1.060475686959459	2.0104829230845684	0.0	0.0	0.0	0.0	0.0	0.0	0.4391778716475501	1.8563379271218916	0.0
SRR13357969	0.0	0.3973338177615996	0.3973338177615996	0.0	0.0	0.0	0.6013021203905536	0.0	0.6013021203905536	0.6013021203905536	0.0	0.0	0.9285271754515706	0.3973338177615996	0.0	0.0	0.0	0.3973338177615996	0.0	0.0	0.0	0.0	0.0	0.0	0.0	0.0	0.0	0.7395358555736793	0.0	3.9639321561365746	0.0	0.0	0.0	0.0	2.3011086353741588	0.0	0.0	0.0	0.0	0.0	0.0	0.0	0.9285271754515706	0.0	0.0	0.0	0.6013021203905536	0.0	0.0	0.0	0.0	0.0	0.0	0.0	0.0	0.3973338177615996	0.6013021203905536	0.0	0.0	0.0	1.6892059431393112	0.0	0.3973338177615996	0.0	0.0	0.0	0.0	0.0	0.0	0.0	2.597782267023829	0.3973338177615996	0.0	0.3973338177615996	0.0	0.0	0.0	0.0	0.3973338177615996	0.0	0.0	0.0	0.0	0.0	0.0	0.0	0.0	0.0	0.0	0.0	0.6013021203905536	0.0	0.0	0.7395358555736793	0.0	0.7395358555736793	0.0	0.0	0.7395358555736793	0.0	0.0	1.3969696966591676	0.0	0.0	0.0	2.2638125340252215	0.0	0.6013021203905536	0.0	0.0	0.0	0.0	0.0	0.0	0.9990903960419265	0.0	0.0	0.0	1.3107924336785477	0.0	0.0	0.0	0.0	0.0	0.0	0.0	0.0	0.0	0.0	0.0	0.0	0.3973338177615996	0.0	0.0	0.0	0.0	0.0	0.0	0.0	2.0243046232439728	0.0	0.3973338177615996	0.0	0.0	0.0	0.0	0.3973338177615996	0.0	0.0	0.0	0.0	0.3973338177615996	0.0	0.0	0.0	3.9572425431686034	0.0	1.0597750397141827	0.0	0.0	0.7395358555736793	0.0	0.3973338177615996	0.0	1.1130104001011802	0.3973338177615996	0.0	0.0	0.0	0.0	0.0	1.0597750397141827	0.0	0.0	0.0	0.0	0.0	0.0	0.0	0.0	0.0	0.0	1.4461833827149804	0.3973338177615996	0.0	0.9285271754515706	0.0	0.7395358555736793	0.0	0.0	0.0	0.3973338177615996	0.0	0.0	0.0	0.0	0.0	0.0	0.0	0.9990903960419265	0.0	0.0	0.0	2.291250445652932	0.0	0.3973338177615996	0.0	0.6013021203905536	0.9285271754515706	0.0	0.3973338177615996	0.6013021203905536	1.9206878059027372	0.0	0.0	0.0	0.0	0.0	0.0	0.0	0.6013021203905536	1.5672182848723717	0.0	0.0	0.0	0.0	0.0	0.6013021203905536	0.0	0.0	0.0	0.0	0.0	0.0	0.0	0.0	1.7624346521367786	1.2031724371580803	0.0	3.3145402350024487	0.0	0.0	0.0	0.0	3.812937115673581	0.0	0.0	0.0	0.0	0.6013021203905536	0.0	1.0597750397141827	0.0	0.0	0.0	0.0	0.0	0.0	0.8442317937574808	0.0	0.0	0.0	0.0	0.0	1.601074500975347	0.0	0.0	2.2111830239752046	0.0	0.0	0.0	0.0	0.0	2.636981321049574	0.0	0.0	0.0	0.6013021203905536	0.0	0.0	1.4688455297894008	0.3973338177615996	0.0	0.0	0.0	0.3973338177615996	0.0	0.0	0.0	0.0	0.0	0.0	0.0	0.0	0.0	0.0	0.0	0.0	0.0	0.0	0.0	0.0	1.1130104001011802	2.2151612652466777	0.0	0.0	0.0	0.0	0.0	0.0	0.0	0.0	0.3973338177615996	0.0	0.0
SRR13357970	0.0	0.2332183994185642	2.5423499372681153	0.0	0.0	0.0	0.2332183994185642	0.0	0.2332183994185642	0.0	0.0	0.0	1.3488160574071784	0.0	0.0	0.0	0.0	0.0	0.0	0.0	0.0	0.0	0.0	0.0	0.0	0.0	0.0	1.0395036091890015	0.0	4.076414805770056	0.3841294767654441	0.0	0.0	0.49590860473531373	1.3488160574071784	0.0	0.0	0.0	0.0	0.0	0.0	0.0	0.7214192291088424	0.0	0.0	0.0	0.0	0.0	0.0	0.0	0.0	0.0	0.0	0.0	0.0	0.2332183994185642	0.0	0.0	0.0	0.0	1.6400094012131432	0.0	0.49590860473531373	0.0	0.2332183994185642	0.0	0.0	0.0	0.0	0.0	2.020310799331844	1.0925103752802379	0.0	0.0	0.0	0.0	0.0	0.0	0.0	0.0	0.0	0.2332183994185642	0.0	0.0	0.0	0.0	0.0	0.0	0.0	0.0	2.5820966176811573	0.0	0.0	1.7115723794430444	0.2332183994185642	1.6400094012131432	0.0	0.0	0.49590860473531373	0.0	0.0	1.0668151924026381	0.2332183994185642	0.0	0.3841294767654441	2.108046229366806	0.0	1.0103585274046587	0.0	0.0	0.0	0.2332183994185642	0.0	0.0	1.1615666515728078	0.0	0.2332183994185642	0.0	0.2332183994185642	0.0	0.0	0.0	0.0	0.0	0.3841294767654441	0.0	0.0	0.0	0.0	0.0	0.0	0.2332183994185642	0.0	0.0	0.0	0.0	0.2332183994185642	0.0	0.0	1.3488160574071784	0.0	0.49590860473531373	0.49590860473531373	0.0	0.0	0.0	0.0	0.0	0.0	0.0	0.0	0.3841294767654441	0.0	0.0	0.0	3.699021002827502	0.0	1.4129750357392317	0.0	0.0	0.2332183994185642	0.0	0.49590860473531373	0.0	0.2332183994185642	0.0	0.0	0.0	0.2332183994185642	0.0	0.0	1.554281933335571	0.0	0.0	0.0	0.0	0.0	0.0	0.0	0.0	0.0	0.0	0.0	0.3841294767654441	0.0	2.8813423533954166	0.0	0.0	0.0	0.0	0.0	0.0	0.0	0.0	0.0	0.0	0.0	0.0	0.0	1.3052145596262628	0.0	0.0	0.0	2.372154833428412	0.0	0.0	0.0	0.0	0.2332183994185642	0.0	0.7214192291088424	0.3841294767654441	2.2217635788206627	0.0	0.0	0.0	0.0	0.2332183994185642	0.0	0.0	0.6584290106742902	2.633840762572083	2.6331228095898815	0.0	0.0	0.0	0.0	0.0	0.0	0.0	0.0	0.0	0.0	0.0	0.0	0.0	0.3841294767654441	1.0668151924026381	0.0	3.662187815204474	0.0	0.0	0.0	0.0	3.5064904026419734	0.0	0.0	0.0	0.0	0.0	0.0	1.554281933335571	0.0	0.0	0.0	0.0	0.0	0.0	0.3841294767654441	0.0	0.2332183994185642	0.2332183994185642	0.0	0.5847270975647934	0.945450374094256	0.0	0.0	1.6740055326600205	0.0	0.0	0.2332183994185642	0.0	0.0	2.210502397929152	0.0	0.0	0.0	0.0	0.0	0.0	2.939364388349854	0.0	0.0	0.0	0.0	0.2332183994185642	0.0	0.0	0.0	0.0	0.0	0.2332183994185642	0.0	0.0	0.0	0.0	0.0	0.0	0.3841294767654441	0.0	0.0	0.0	0.0	1.2567420635188966	0.0	0.2332183994185642	0.0	0.0	0.3841294767654441	0.0	0.0	0.0	0.0	0.2332183994185642	0.0
SRR13357971	0.0	0.0	2.5106334678539	0.0	0.0	0.0	0.0	0.0	0.0	0.0	0.0	0.0	1.5681285480034715	0.0	0.0	0.0	0.0	0.0	0.0	0.0	0.0	0.0	0.0	0.0	0.0	0.0	0.0	0.44024666754909686	0.0	3.939347856496095	0.2736717074675896	0.0	0.0	0.2736717074675896	1.9483624602793883	0.2736717074675896	0.0	0.0	0.0	0.0	0.0	0.0	1.0276294281097338	0.0	0.0	0.0	0.2736717074675896	0.0	0.0	0.0	0.0	0.0	0.0	0.0	0.0	0.0	0.0	0.0	0.0	0.0	1.8250510949859446	0.0	0.0	0.0	0.0	0.0	0.0	0.0	0.0	0.0	2.17168741488608	0.731547161825276	0.0	0.0	0.0	0.0	0.0	0.0	0.0	0.0	0.0	0.0	0.0	0.0	0.0	0.0	0.0	0.0	0.2736717074675896	0.0	2.2958943340418254	0.0	0.0	1.7437417268185265	0.2736717074675896	1.6075124234315463	0.0	0.0	0.44024666754909686	0.0	0.0	1.377038654509732	0.5603478991520905	0.0	0.0	2.23378770192887	0.0	1.7226002594622267	0.0	0.0	0.0	0.0	0.0	0.0	1.3077896378428249	0.2736717074675896	0.0	0.0	0.731547161825276	0.0	0.0	0.0	0.0	0.0	0.2736717074675896	0.0	0.2736717074675896	0.0	0.0	0.0	0.0	0.2736717074675896	0.0	0.0	0.0	0.0	0.2736717074675896	0.0	0.0	1.2886031250513479	0.0	0.2736717074675896	0.0	0.0	0.0	0.0	0.0	0.0	0.0	0.0	0.0	0.0	0.0	0.0	0.0	3.9239984915774486	0.0	1.7572850964884605	0.0	0.0	0.0	0.0	0.2736717074675896	0.0	0.0	0.0	0.0	0.0	0.0	0.0	0.0	1.8983565858411544	0.0	0.0	0.0	0.0	0.0	0.0	0.0	0.0	0.0	0.0	0.2736717074675896	0.2736717074675896	0.0	2.8471513558384682	0.0	0.5603478991520905	0.0	0.0	0.0	0.0	0.2736717074675896	0.0	0.0	0.0	0.0	0.0	0.0	1.4892338976893384	0.0	0.0	0.2736717074675896	1.8250510949859446	0.0	0.44024666754909686	0.0	0.5603478991520905	0.5603478991520905	0.0	0.2736717074675896	0.5603478991520905	2.3433577447097056	0.0	0.0	0.0	0.0	0.0	0.0	0.0	0.44024666754909686	3.422894799839735	2.0511250574890965	0.0	0.0	0.0	0.0	0.0	0.0	0.0	0.0	0.0	0.0	0.0	0.0	0.0	0.0	1.177431096484136	0.0	3.3818495548598775	0.0	0.2736717074675896	0.0	0.0	3.492831636062782	0.0	0.0	0.0	0.0	0.2736717074675896	0.0	0.8540190796235824	0.0	0.0	0.0	0.0	0.0	0.0	0.5603478991520905	0.2736717074675896	0.0	0.0	0.0	0.2736717074675896	0.5603478991520905	0.0	0.0	2.5256648958159844	0.0	0.0	0.0	0.0	0.0	2.5488983421215505	0.0	0.0	0.0	0.0	0.0	0.0	2.850391813895501	0.2736717074675896	0.0	0.0	0.2736717074675896	0.0	0.0	0.0	0.0	0.0	0.44024666754909686	0.0	0.0	0.2736717074675896	0.0	0.0	0.0	0.0	0.0	0.0	0.0	0.0	0.0	0.9494422476020415	0.0	0.2736717074675896	0.0	0.0	0.0	0.0	0.0	0.0	0.0	0.0	0.0
SRR13357972	0.0	0.0	2.720543070965862	0.0	0.0	0.0	0.0	0.0	0.9192175169520589	0.0	0.221121646402128	0.0	3.9974122049501712	0.0	0.0	0.0	0.221121646402128	0.0	0.0	0.0	0.0	0.0	0.0	0.0	0.0	0.47590873885376594	0.0	0.5629485178092263	0.0	3.717096988778547	0.0	0.0	0.0	0.0	3.3376322303919275	0.221121646402128	0.0	0.0	0.0	0.0	0.0	0.0	1.5078868384358275	0.0	0.0	0.221121646402128	0.221121646402128	0.221121646402128	0.0	0.0	0.0	0.0	0.0	0.0	0.0	0.5629485178092263	0.0	0.0	0.221121646402128	0.0	2.3071088649419957	0.221121646402128	0.47590873885376594	0.0	0.0	0.36693769337888893	0.0	0.0	0.0	0.0	1.429611263816151	0.221121646402128	0.0	0.0	0.0	0.221121646402128	0.0	0.0	0.5629485178092263	0.0	0.0	0.0	0.0	0.0	0.0	0.0	0.0	0.221121646402128	0.0	0.0	2.097414563121431	0.0	0.0	1.7882600032262332	0.221121646402128	1.9508313196705471	0.0	0.0	0.221121646402128	0.0	0.0	1.5339490433752787	0.47590873885376594	0.0	0.221121646402128	2.285244249479948	0.0	1.815552699508775	0.0	0.0	0.0	0.0	0.0	0.0	1.4801602152128428	0.0	0.0	0.0	0.5629485178092263	0.221121646402128	0.0	0.0	0.0	0.0	0.0	0.0	0.0	0.0	0.0	0.221121646402128	0.0	0.0	0.0	0.0	0.47590873885376594	0.0	0.36693769337888893	0.0	0.221121646402128	0.47590873885376594	0.0	0.5629485178092263	0.0	0.0	0.221121646402128	0.0	0.0	0.0	0.0	0.0	0.0	0.0	0.0	0.0	0.0	3.4233343053539778	0.0	2.2807360600471487	0.0	0.0	0.0	0.0	0.221121646402128	0.0	0.0	0.0	0.0	0.0	0.221121646402128	0.0	0.0	1.2287361486531483	0.0	0.0	0.0	0.0	0.0	0.0	0.221121646402128	0.0	0.0	0.0	1.2287361486531483	0.36693769337888893	0.0	3.3174257290982245	0.0	0.47590873885376594	0.0	0.0	0.0	0.0	0.36693769337888893	0.0	0.0	0.36693769337888893	0.0	0.0	0.0	1.4705101805252192	0.0	0.0	0.0	1.743807933594224	0.5629485178092263	0.0	0.0	0.5629485178092263	0.5629485178092263	0.0	0.0	0.36693769337888893	0.9192175169520589	0.0	0.0	0.0	0.0	0.0	0.0	0.0	0.8001001837991868	1.6110082933121168	1.9310131127048185	0.0	0.0	0.0	0.0	0.5629485178092263	0.0	0.0	0.0	0.0	0.0	0.0	0.0	0.221121646402128	0.36693769337888893	1.4402027098397012	0.0	1.7540868064857225	0.0	0.0	0.0	0.0	3.0214341427775793	0.0	0.0	0.0	0.0	0.221121646402128	0.0	1.0894082794629385	0.0	0.0	0.0	0.0	0.0	0.0	0.47590873885376594	0.0	0.36693769337888893	0.0	0.0	0.0	0.6354227399869249	0.0	0.0	1.8370554771202312	0.0	0.0	0.0	0.0	0.0	3.2605529272553597	0.0	0.0	0.0	0.0	0.0	0.0	3.351198896118895	0.221121646402128	0.0	0.0	0.0	0.0	0.221121646402128	0.0	0.0	0.0	0.0	0.0	0.0	0.0	0.0	0.0	0.0	0.221121646402128	0.0	0.0	0.0	0.0	0.221121646402128	1.2454377946027289	0.36693769337888893	0.36693769337888893	0.0	0.0	0.0	0.0	0.0	0.0	0.36693769337888893	0.0	0.0
SRR13357975	0.0	0.0	0.26764351334979086	0.0	0.0	0.0	0.0	0.0	0.26764351334979086	0.26764351334979086	0.0	0.26764351334979086	0.5509657068073114	0.0	0.26764351334979086	0.0	0.0	0.0	0.0	0.0	0.0	0.0	0.0	0.0	0.0	0.0	0.0	0.7209901998655169	0.0	3.6701102777254277	0.0	0.0	0.0	0.0	0.4320101542918807	0.0	0.0	0.0	0.0	0.0	0.0	0.0	0.26764351334979086	0.0	0.0	0.0	0.0	0.0	0.0	0.0	0.0	0.0	0.0	0.0	0.0	0.6442458393917153	0.0	0.0	0.0	0.0	1.5756088153278023	0.0	0.0	0.0	0.0	0.0	0.0	0.0	0.0	0.0	2.706545764890882	1.0819281504153908	0.0	0.0	0.0	0.0	0.0	0.0	0.0	0.0	0.0	0.0	0.0	0.0	0.0	0.0	0.26764351334979086	0.0	0.0	0.0	0.0	0.0	0.26764351334979086	0.26764351334979086	0.0	0.0	0.0	0.0	0.0	0.0	0.0	1.9355127036477873	0.26764351334979086	0.0	0.4320101542918807	3.0305307384874105	0.0	1.9685631019575327	0.0	0.0	0.0	0.26764351334979086	0.0	0.0	1.1115364195193254	0.26764351334979086	0.26764351334979086	0.0	3.4505582000065718	0.0	0.0	0.0	0.0	0.0	0.0	0.0	0.0	0.26764351334979086	0.0	0.0	0.0	0.0	0.4320101542918807	0.0	0.26764351334979086	0.0	0.26764351334979086	0.0	0.0	0.6442458393917153	0.0	1.0501526695019048	0.0	0.0	0.0	0.0	0.0	0.0	0.0	0.0	0.0	0.26764351334979086	0.0	0.26764351334979086	0.0	4.227530640226089	0.0	1.0501526695019048	0.0	0.0	0.0	0.0	0.5509657068073114	0.0	0.0	0.26764351334979086	0.0	0.0	0.0	0.0	0.0	0.26764351334979086	0.0	0.0	0.0	0.0	0.0	0.0	0.0	0.0	0.0	0.0	0.6442458393917153	0.0	0.0	0.7861879470807259	0.0	0.7209901998655169	0.0	0.0	0.0	0.0	0.26764351334979086	0.0	0.0	0.0	0.0	0.0	0.0	1.46413702339986	0.0	0.0	0.26764351334979086	0.9379237695904591	0.26764351334979086	0.0	0.0	0.7861879470807259	0.8929893484660334	0.0	0.26764351334979086	0.5509657068073114	2.4964978514226797	0.0	0.0	0.0	0.26764351334979086	0.0	0.0	0.26764351334979086	0.26764351334979086	1.4100735788813032	0.0	0.0	0.0	0.0	0.0	0.0	0.0	0.0	0.0	0.0	0.26764351334979086	0.0	0.0	0.0	0.5509657068073114	1.6561419288276742	0.0	0.8428634740839875	0.0	0.0	0.0	0.0	2.333863674845444	0.0	0.0	0.0	0.0	0.5509657068073114	0.0	1.776619435477001	0.8929893484660334	0.0	0.0	0.0	0.0	0.0	0.5509657068073114	0.0	0.0	0.0	0.0	0.0	0.26764351334979086	0.0	0.0	1.2562417298852928	0.0	0.0	0.0	0.0	0.0	0.26764351334979086	0.0	0.0	0.26764351334979086	0.0	0.0	0.0	3.1086084018279676	0.26764351334979086	0.0	0.0	0.0	0.0	0.0	0.0	0.0	0.0	0.0	0.0	0.0	0.0	0.0	0.0	0.4320101542918807	0.0	0.0	0.0	0.0	0.0	0.0	2.9643405667854816	0.0	0.8929893484660334	0.0	0.0	0.5509657068073114	0.0	0.0	0.0	0.26764351334979086	0.4320101542918807	0.0
SRR13357977	0.3359550257925654	0.0	0.5931419159503291	0.0	0.0	0.0	0.0	0.0	0.6534478286391131	0.43952523365582014	0.0	1.0383648704974644	2.685670373206102	0.0	0.3359550257925654	0.0	0.19968383573433118	0.0	0.0	0.0	0.19968383573433118	0.0	0.0	0.0	0.0	0.43952523365582014	0.0	1.1412075041030234	0.0	1.7238892884734394	0.19968383573433118	0.0	0.0	0.0	1.5495016693014265	0.19968383573433118	0.0	0.0	0.0	0.0	0.0	0.0	0.7961341518900464	0.0	0.0	0.0	0.6534478286391131	0.0	0.0	0.0	0.19968383573433118	0.0	0.0	0.0	0.0	0.523090534394457	0.19968383573433118	0.3359550257925654	0.19968383573433118	0.0	1.3067126172959385	0.0	0.0	0.0	0.0	0.19968383573433118	0.0	0.0	0.0	0.0	2.3399181852699136	1.4262599156844804	0.0	0.19968383573433118	0.19968383573433118	0.0	0.0	0.0	0.43952523365582014	0.0	0.0	0.0	0.0	0.523090534394457	0.0	0.0	0.0	0.0	0.0	0.0	0.43952523365582014	0.0	0.0	0.0	0.0	0.3359550257925654	0.0	0.0	0.0	0.0	0.0	2.2486828314321485	0.0	0.0	0.6534478286391131	3.1599196315290605	0.19968383573433118	2.182382158502341	0.0	0.0	0.0	0.19968383573433118	0.0	0.19968383573433118	0.19968383573433118	0.0	0.0	0.0	0.3359550257925654	0.0	0.0	0.19968383573433118	0.0	0.0	0.0	0.0	0.0	0.43952523365582014	0.0	0.19968383573433118	0.0	0.0	0.3359550257925654	0.0	0.0	0.0	0.0	0.0	0.0	1.1929434777631376	0.0	0.0	0.0	0.0	0.0	0.0	0.0	0.0	0.0	0.0	0.0	0.0	0.0	0.43952523365582014	0.0	4.397832643016522	0.0	1.2391671655889094	0.0	0.0	0.0	0.0	0.6534478286391131	0.0	0.0	0.19968383573433118	0.0	0.0	0.0	0.0	0.0	0.8348908719226591	0.0	0.19968383573433118	0.19968383573433118	0.0	0.3359550257925654	0.0	0.43952523365582014	0.0	0.0	0.0	0.7063916169100473	0.8348908719226591	0.0	0.5931419159503291	0.0	1.014513696050714	0.0	0.0	0.0	0.0	0.0	0.0	0.19968383573433118	0.0	0.0	0.0	0.19968383573433118	0.0	0.0	0.0	0.19968383573433118	1.3759534046157391	0.43952523365582014	0.3359550257925654	0.0	1.5904303877829729	0.8348908719226591	0.0	0.19968383573433118	0.43952523365582014	1.5274936604997105	0.0	0.0	0.0	0.7961341518900464	0.0	0.0	0.19968383573433118	0.0	0.7961341518900464	0.0	0.19968383573433118	0.0	0.0	0.0	0.7063916169100473	0.0	0.0	0.0	0.0	0.0	0.0	0.0	0.0	0.43952523365582014	0.7063916169100473	0.0	0.5931419159503291	0.0	0.0	0.0	0.0	2.1807131609392396	0.0	0.0	0.0	0.0	0.3359550257925654	0.0	1.1929434777631376	1.2535428586140664	0.0	0.0	0.0	0.0	0.0	0.19968383573433118	0.19968383573433118	0.0	0.0	0.19968383573433118	0.19968383573433118	1.014513696050714	0.0	0.0	2.2356187470901485	0.19968383573433118	0.0	0.0	0.0	0.0	0.0	0.0	0.0	0.523090534394457	0.0	0.19968383573433118	0.0	1.2535428586140664	0.3359550257925654	0.0	0.0	0.0	0.0	0.0	0.0	0.0	0.0	0.0	0.0	0.0	0.0	0.19968383573433118	0.0	0.8704705073673318	0.0	0.0	0.0	0.0	0.0	0.0	2.9807222416196857	0.19968383573433118	1.1412075041030234	0.0	0.0	0.0	0.0	0.0	0.19968383573433118	0.43952523365582014	0.9339232682252495	0.0
SRR13357978	0.24432509725657545	0.24432509725657545	0.24432509725657545	0.0	0.0	0.0	0.0	0.0	0.5139605477821154	0.0	0.0	0.0	0.3997408105848679	0.0	0.0	0.3997408105848679	0.0	0.24432509725657545	0.0	0.0	0.0	0.0	0.0	0.0	0.0	0.0	0.0	1.2984130405521708	0.0	1.4615311465241327	0.24432509725657545	0.0	0.0	0.0	1.2640963746346519	0.0	0.0	0.0	0.0	0.0	0.0	0.0	0.24432509725657545	0.24432509725657545	0.0	0.0	0.24432509725657545	0.0	0.24432509725657545	0.0	0.0	0.0	0.0	0.0	0.0	0.7983990544437742	0.0	0.0	0.0	0.0	0.7983990544437742	0.0	0.0	0.0	0.5139605477821154	0.0	0.0	0.0	0.0	0.0	2.1243702965013753	1.0634352352131422	0.0	0.6043098294105359	0.0	0.0	0.0	0.0	0.6043098294105359	0.0	0.0	0.3997408105848679	0.0	0.0	0.0	0.0	0.0	0.0	0.0	0.0	0.6043098294105359	0.0	0.0	0.0	0.0	0.24432509725657545	0.0	0.0	0.0	0.0	0.0	1.1167107327898644	0.7428164815472045	0.0	0.24432509725657545	2.8948094892222587	0.0	1.5622228078263523	0.0	0.0	0.0	0.0	0.0	0.0	0.24432509725657545	0.0	0.24432509725657545	0.0	0.0	0.0	0.0	0.0	0.0	0.0	0.5139605477821154	0.0	0.0	0.24432509725657545	0.0	0.0	0.0	0.0	0.0	0.0	0.24432509725657545	0.0	0.0	0.0	0.0	1.3452840936972201	0.0	0.0	0.0	0.0	0.0	0.0	0.0	0.0	0.0	0.0	0.0	0.0	0.0	0.0	0.0	4.33614193890729	0.0	1.3302155539456078	0.0	0.0	0.6043098294105359	0.0	0.5139605477821154	0.0	0.0	0.6790615379957422	0.0	0.0	0.0	0.0	0.0	2.4359554705339446	0.0	0.0	0.0	0.0	0.0	0.0	0.3997408105848679	0.0	0.0	0.0	1.766373694035252	0.7983990544437742	0.0	1.0026984104535681	0.0	0.8919133286525289	0.0	0.0	0.0	0.24432509725657545	0.0	0.0	0.0	0.0	0.0	0.0	0.0	0.3997408105848679	0.0	0.0	0.0	1.7607205167576576	0.0	0.5139605477821154	0.0	0.5139605477821154	0.3997408105848679	0.0	0.6043098294105359	0.6790615379957422	3.1471799388396113	0.0	0.24432509725657545	0.0	0.0	0.0	0.0	0.0	0.0	0.8476683342037946	0.0	0.0	0.0	0.0	0.0	0.24432509725657545	0.0	0.0	0.0	0.0	0.0	0.0	0.0	0.0	0.0	0.24432509725657545	0.0	0.24432509725657545	0.0	0.0	0.0	0.0	3.567040739990103	0.0	0.0	0.0	0.0	0.3997408105848679	0.0	0.8476683342037946	0.24432509725657545	0.0	0.0	0.0	0.0	0.0	0.0	0.24432509725657545	0.0	0.5139605477821154	0.0	0.3997408105848679	0.3997408105848679	0.0	0.0	2.072084577666222	0.0	0.0	0.0	0.0	0.0	0.0	0.0	0.0	0.0	0.0	0.0	0.0	0.3997408105848679	0.0	0.0	0.0	0.3997408105848679	0.0	0.0	0.0	0.0	0.0	0.24432509725657545	0.0	0.0	0.0	0.0	0.0	0.0	0.0	0.6043098294105359	0.0	0.0	0.0	0.0	2.881658639552972	0.0	0.0	0.0	0.0	0.0	0.0	0.0	0.0	0.0	0.0	0.0
SRR13357979	0.56936475101851	0.2795089028663507	0.4481827659128618	0.0	0.0	0.0	0.0	0.4481827659128618	0.2795089028663507	0.2795089028663507	0.0	0.2795089028663507	0.915212886552163	0.0	0.0	0.2795089028663507	0.0	0.0	0.0	0.0	0.2795089028663507	0.0	0.0	0.0	0.0	1.2591837052955006	0.0	0.56936475101851	0.0	3.198900110511603	1.5012297495290703	0.0	0.0	0.0	1.6469792819264288	0.0	0.0	0.0	0.0	0.0	0.0	0.0	0.56936475101851	0.0	0.0	0.0	0.2795089028663507	0.0	0.0	0.2795089028663507	0.0	0.0	0.0	0.0	0.0	0.2795089028663507	0.0	0.0	0.0	0.0	0.8646979761103313	0.0	0.4481827659128618	0.0	0.0	0.0	0.0	0.0	0.0	0.7416664780034212	2.2302405544923283	1.4486942279093862	0.0	0.2795089028663507	0.0	0.0	0.0	0.0	0.915212886552163	0.0	0.2795089028663507	0.4481827659128618	0.0	0.2795089028663507	0.0	0.0	0.2795089028663507	0.0	0.0	0.0	1.7125251711829477	0.0	0.0	1.0733402231693576	0.807524442882263	2.8643779058764745	0.0	0.0	0.0	0.0	0.0	1.1052714890140076	0.4481827659128618	0.0	0.4481827659128618	1.9294576254692537	0.2795089028663507	1.1628513168643164	0.0	0.0	0.0	1.1890104457406225	0.0	0.0	0.807524442882263	0.0	0.2795089028663507	0.0	0.0	0.0	0.0	0.0	0.0	0.0	0.0	0.0	0.0	0.2795089028663507	0.0	0.0	0.0	0.0	0.0	0.2795089028663507	0.0	0.0	0.0	0.0	0.0	1.7627412432470577	0.0	0.4481827659128618	0.2795089028663507	0.0	0.0	0.0	0.0	0.0	0.0	0.0	0.0	0.0	0.0	0.0	0.0	4.258666401011026	0.0	1.7694634693748679	0.0	0.0	0.2795089028663507	0.0	0.8646979761103313	0.0	0.0	0.2795089028663507	0.0	0.0	0.0	0.0	0.0	2.298469437373057	0.0	0.0	0.2795089028663507	0.0	0.0	0.0	0.0	0.0	0.0	0.0	1.8015971478109125	0.2795089028663507	0.0	2.5037418779880958	0.0	0.9604596126476729	0.0	0.0	0.0	0.0	0.0	0.0	0.0	0.0	0.0	0.0	0.0	1.91059423598746	0.0	0.0	0.0	2.654029196306119	0.2795089028663507	0.0	0.0	0.6640050150487542	0.0	1.5134274214893695	0.7416664780034212	0.2795089028663507	2.143657985337028	0.0	0.0	0.0	0.4481827659128618	0.0	0.0	0.0	0.4481827659128618	1.0388735839173584	0.0	0.0	0.0	0.0	0.0	0.0	0.0	0.0	0.0	0.2795089028663507	0.0	0.0	0.0	0.0	2.350474590745563	0.56936475101851	0.2795089028663507	2.0425762123568196	0.0	0.0	0.0	0.0	3.658361417312666	0.0	0.0	0.0	0.0	0.2795089028663507	0.0	0.8646979761103313	0.0	0.0	0.0	0.0	0.0	0.0	0.0	0.2795089028663507	0.0	0.6640050150487542	0.0	1.337979441039948	0.2795089028663507	0.0	0.0	1.9896894865372539	0.0	0.0	0.0	0.0	0.0	2.2762041586892887	0.0	0.0	0.2795089028663507	0.0	0.0	0.0	2.9917081279084003	0.0	0.0	0.0	0.0	0.0	0.2795089028663507	0.0	0.0	0.0	0.0	0.0	0.0	0.0	0.0	0.0	0.0	0.0	0.2795089028663507	0.0	0.0	0.0	0.0	2.772810197702532	0.0	0.2795089028663507	0.0	0.0	0.0	0.0	0.0	1.4486942279093862	0.0	0.2795089028663507	0.0
SRR13357983	0.48839613550842453	0.0	0.48839613550842453	0.0	0.0	0.0	0.5561371829407602	0.0	0.4081004825442715	0.0	0.18176528734498737	0.0	0.18176528734498737	0.0	0.0	0.18176528734498737	0.0	0.0	0.0	0.0	0.0	0.0	0.0	0.18176528734498737	0.0	0.7124651567128324	0.0	0.7921997016116565	0.0	4.1583000372752945	0.4081004825442715	0.0	0.0	0.18176528734498737	3.1130057981759	0.18176528734498737	0.0	0.0	0.0	0.0	0.0	0.0	1.112393750919299	0.0	0.0	0.0	0.3095134790223539	0.18176528734498737	0.0	0.0	0.0	0.0	0.0	0.0	0.0	0.3095134790223539	0.0	0.0	0.18176528734498737	0.0	1.3484755306809624	0.0	0.18176528734498737	0.18176528734498737	0.18176528734498737	0.18176528734498737	0.0	0.0	0.0	0.0	1.4475572569968187	0.7124651567128324	0.0	0.0	0.0	0.18176528734498737	0.0	0.0	0.3095134790223539	0.0	0.0	0.7921997016116565	0.18176528734498737	0.18176528734498737	0.0	0.0	0.3095134790223539	0.0	0.0	0.0	2.3089763848489913	0.0	0.0	0.6663384082448278	0.6663384082448278	0.8271744275636489	0.0	0.0	0.3095134790223539	0.0	0.0	1.387170292244516	0.0	0.0	0.0	2.4094346344001845	0.3095134790223539	0.5561371829407602	0.0	0.0	0.0	0.18176528734498737	0.0	0.0	1.0364210223232997	0.0	0.18176528734498737	0.0	0.3095134790223539	0.0	0.0	0.0	0.0	0.0	0.0	0.0	0.0	0.18176528734498737	0.0	0.3095134790223539	0.0	0.0	0.0	0.0	0.0	0.0	0.0	0.0	0.18176528734498737	0.0	0.0	0.6147238714676102	0.0	0.5561371829407602	0.0	0.18176528734498737	0.0	0.18176528734498737	0.0	0.0	0.0	0.0	0.18176528734498737	0.0	0.0	3.562910355194222	0.0	0.7921997016116565	0.0	0.0	0.5561371829407602	0.0	0.0	0.0	0.0	0.0	0.0	0.0	0.0	0.0	0.0	1.5005634823544591	0.0	0.0	0.0	0.0	0.0	0.0	0.0	0.0	0.0	0.0	1.6498893709063953	0.8595412735729382	0.0	0.5561371829407602	0.0	0.18176528734498737	0.0	0.0	0.0	0.0	0.3095134790223539	0.18176528734498737	0.0	0.0	0.0	0.18176528734498737	0.0	1.2830842361480843	0.18176528734498737	0.0	0.0	1.8887393827773016	0.6147238714676102	0.3095134790223539	0.0	0.4081004825442715	0.8271744275636489	0.0	0.18176528734498737	1.0566960183575127	1.683902746018871	0.0	0.0	0.4081004825442715	0.3095134790223539	0.0	0.0	0.0	0.8896623094552232	1.2711602113158056	0.0	0.0	0.3095134790223539	0.0	0.0	0.18176528734498737	0.0	0.0	0.18176528734498737	0.0	0.0	0.0	0.0	0.0	0.18176528734498737	1.4633733578453854	0.0	0.9178290719717261	0.0	0.0	0.0	0.0	3.7844397539869106	0.0	0.0	0.0	0.0	0.0	0.0	0.4081004825442715	0.18176528734498737	0.0	0.0	0.0	0.0	0.0	0.4081004825442715	0.0	0.0	0.0	0.0	0.18176528734498737	0.4081004825442715	0.0	0.0	1.2198929633529825	0.0	0.18176528734498737	0.0	0.0	0.0	2.6790540625679777	0.0	0.0	0.18176528734498737	0.0	0.0	0.0	1.5005634823544591	0.3095134790223539	0.0	0.0	0.0	0.0	0.0	0.0	0.0	0.0	0.3095134790223539	0.0	0.0	0.0	0.0	0.0	0.0	0.0	0.0	0.0	0.0	0.0	0.0	3.3660745731871633	0.0	0.6663384082448278	0.0	0.0	0.5561371829407602	0.0	0.0	0.0	0.3095134790223539	0.48839613550842453	0.0
SRR13357984	0.5466207448118637	0.0	1.511989067730067	0.0	0.0	0.0	0.0	0.0	0.9922094450189806	0.0	0.5466207448118637	1.0914153847210983	2.1208137518832078	0.7811279459736075	0.0	0.3541692470590695	0.0	0.0	0.0	0.0	0.3541692470590695	0.0	0.0	0.0	0.0	0.3541692470590695	0.0	1.9801112918138593	0.0	3.9991386224851664	0.6795141446384251	0.0	0.0	0.3541692470590695	3.7475488184544927	0.0	0.0	0.0	0.0	0.0	0.0	0.0	1.2074673347266298	0.0	0.3541692470590695	0.0	0.3541692470590695	0.0	0.0	0.0	0.0	0.0	0.0	0.0	0.0	0.863416983825372	0.3541692470590695	0.0	0.7811279459736075	0.0	0.7811279459736075	0.0	0.0	0.0	0.0	0.0	0.0	0.0	0.0	0.0	1.7706646874148033	0.6795141446384251	0.0	0.5466207448118637	0.0	0.3541692470590695	0.0	0.0	0.9922094450189806	0.3541692470590695	0.0	0.0	0.0	0.0	0.0	0.0	0.0	0.3541692470590695	0.0	0.0	1.8547778701186424	0.0	0.0	1.7516941350656625	0.5466207448118637	0.5466207448118637	0.0	0.0	0.3541692470590695	0.0	0.0	2.7044824614941203	1.0914153847210983	0.0	0.9922094450189806	2.144993699237142	0.0	0.6795141446384251	0.0	0.0	0.0	0.5466207448118637	0.0	0.0	1.2705491198418908	0.5466207448118637	0.0	0.0	0.9922094450189806	0.0	0.0	0.3541692470590695	0.0	0.0	0.3541692470590695	0.0	0.0	0.5466207448118637	0.0	0.0	0.0	0.0	0.0	0.0	0.3541692470590695	0.0	0.0	0.3541692470590695	0.0	1.172120533076921	0.0	0.0	1.2401525598053456	0.0	0.3541692470590695	0.0	0.0	0.0	0.0	0.0	0.0	0.0	0.0	1.0446389804666685	0.0	3.4502996058494633	0.0	3.1648602595001183	0.3541692470590695	0.0	0.3541692470590695	0.0	0.6795141446384251	0.0	0.0	0.6795141446384251	0.0	0.0	0.0	0.0	0.0	0.3541692470590695	0.0	0.0	0.0	0.0	0.0	0.0	0.0	0.0	0.0	0.0	1.172120533076921	1.3507398064417777	0.0	3.060852122959373	0.3541692470590695	0.9922094450189806	0.0	0.0	0.0	0.0	0.0	0.0	0.0	0.0	0.0	0.3541692470590695	0.3541692470590695	0.6795141446384251	0.0	0.0	0.5466207448118637	2.144993699237142	0.9325700872901952	0.7811279459736075	0.0	0.5466207448118637	1.5444220899466117	0.0	0.6795141446384251	1.0446389804666685	1.4388056238094658	0.0	0.6795141446384251	0.0	0.9922094450189806	0.0	0.0	0.0	0.7811279459736075	1.9442942833497479	0.5466207448118637	0.0	0.0	0.0	0.0	1.172120533076921	0.0	0.0	0.0	0.0	0.0	0.0	0.0	0.5466207448118637	0.0	0.7811279459736075	0.0	2.189654814026787	0.0	0.0	0.0	0.0	3.698700174607493	0.0	0.0	0.0	0.0	0.3541692470590695	0.0	0.3541692470590695	1.528508269934517	0.0	0.0	0.0	0.0	0.0	0.3541692470590695	0.0	0.0	0.3541692470590695	0.0	0.3541692470590695	0.7811279459736075	0.0	0.0	2.5943465968337587	0.0	0.0	0.0	0.0	0.0	2.233358434303111	0.0	0.0	1.1336399521307394	0.0	0.0	0.5466207448118637	2.8070211202548023	0.0	0.0	0.0	0.0	0.3541692470590695	0.0	0.0	0.0	0.0	0.863416983825372	0.0	0.0	0.0	0.0	0.0	1.4184061912466177	0.0	0.0	0.0	0.0	0.0	0.9325700872901952	1.3507398064417777	0.0	1.5597733347330052	0.0	0.0	0.0	0.0	0.0	0.0	0.0	1.3744861550414682	0.0
SRR13357986	1.0430982968061098	0.4271420594895252	0.26409507790746534	0.0	0.0	0.0	0.26409507790746534	0.0	1.2689463453842746	0.0	0.0	1.6875789488760717	0.26409507790746534	0.7147238211482569	0.0	0.0	0.0	0.0	0.4271420594895252	0.0	0.7147238211482569	0.0	0.0	0.0	0.26409507790746534	0.8362344088227447	0.0	2.151081642534683	0.0	2.840827073044441	0.26409507790746534	0.0	0.0	0.0	2.559377821918953	0.0	0.0	0.0	0.0	0.0	0.0	0.0	1.4304806699961272	0.0	0.26409507790746534	0.0	0.4271420594895252	0.0	0.0	0.0	0.0	0.0	0.0	0.0	0.4271420594895252	1.1580923983034095	0.5454087312683621	0.0	0.779714983293173	0.0	0.0	0.0	0.0	0.0	0.0	0.26409507790746534	0.0	0.0	0.0	0.26409507790746534	2.1686877153028834	1.0748246976121674	0.0	0.0	0.0	0.638265743043524	0.9717119895853268	0.0	0.0	0.26409507790746534	0.0	0.0	0.0	0.0	0.0	0.0	0.5454087312683621	0.26409507790746534	0.0	0.0	1.4691734077232073	0.0	0.0	1.3880004819262424	0.0	0.0	0.0	0.0	0.0	0.0	0.26409507790746534	3.184717034939492	1.2279347204842548	0.0	1.6146140066162222	4.043044534778034	0.4271420594895252	0.0	0.0	0.26409507790746534	0.0	0.26409507790746534	0.4271420594895252	0.0	0.9717119895853268	0.26409507790746534	0.0	0.0	0.0	0.0	0.0	0.5454087312683621	0.0	0.0	0.0	0.0	0.0	1.2489244582615195	0.0	0.0	0.0	0.0	0.0	0.0	0.9310744678057443	0.0	0.7147238211482569	0.26409507790746534	0.0	0.5454087312683621	0.0	0.0	0.0	0.0	0.0	0.0	0.0	0.26409507790746534	0.0	0.0	0.0	0.0	0.0	1.2489244582615195	0.0	3.7353536003317296	0.0	1.4813410777406975	0.638265743043524	0.0	0.0	0.0	0.26409507790746534	0.0	0.0	0.9717119895853268	0.0	0.0	0.0	0.0	0.0	0.0	0.0	0.0	0.0	0.4271420594895252	0.0	0.0	0.4271420594895252	0.0	0.26409507790746534	0.0	1.3571808774705645	1.7369077037252882	0.0	2.69953721282194	0.26409507790746534	1.205878786883344	0.0	0.0	0.0	0.9717119895853268	0.0	0.0	0.0	0.0	0.0	0.5454087312683621	0.779714983293173	0.638265743043524	0.0	0.0	0.8362344088227447	0.8862381750390713	1.2279347204842548	1.4026271209527597	0.0	1.324005959141201	1.9321234765591182	0.0	0.0	1.2689463453842746	3.1111153180704916	0.0	0.8362344088227447	0.0	1.4931771152623674	0.0	0.0	0.0	0.0	1.6319206483162574	0.0	0.0	0.0	0.0	0.0	1.5046991191203063	0.0	0.0	0.26409507790746534	0.0	0.0	0.0	0.0	0.8362344088227447	0.638265743043524	1.1043903512147093	0.0	0.5454087312683621	0.0	0.0	0.0	0.0	3.811109666891315	0.0	0.0	0.0	0.0	0.0	0.0	1.2279347204842548	1.9363524910236825	0.0	0.0	0.0	0.0	0.26409507790746534	0.0	0.0	0.26409507790746534	0.7147238211482569	0.26409507790746534	0.0	0.9310744678057443	0.0	0.26409507790746534	1.9803409941621042	0.0	0.0	0.0	0.0	0.0	1.9952930324186584	0.0	0.0	1.3571808774705645	0.0	0.4271420594895252	0.0	2.261539011236029	0.0	0.0	0.0	0.0	0.5454087312683621	0.0	0.0	0.0	0.5454087312683621	0.0	0.0	0.0	0.0	0.0	0.0	1.8967216169911119	0.0	0.0	0.0	0.0	0.0	0.26409507790746534	1.1580923983034095	0.0	2.043909023488642	0.0	0.0	0.0	0.0	0.26409507790746534	0.0	0.26409507790746534	1.9803409941621042	0.0
SRR13357987	1.244007507917764	0.0	0.49931240883479644	0.0	0.0	0.0	0.0	0.0	0.9498781077029319	0.0	0.2352990338859396	1.903632965106008	0.6623288305219864	1.29438648526526	0.0	0.0	0.38706635656504557	0.0	0.0	0.0	0.7254664950042851	0.0	0.0	0.0	0.0	0.2352990338859396	0.0	1.6156253458626588	0.0	4.325329343944011	0.2352990338859396	0.0	0.0	0.0	1.3535844689510441	0.0	0.0	0.0	0.0	0.0	0.0	0.2352990338859396	1.3249933449796705	0.0	0.2352990338859396	0.0	0.6623288305219864	0.0	0.0	0.0	0.0	0.0	0.0	0.0	0.0	0.2352990338859396	0.8294795972724296	0.0	0.49931240883479644	0.0	0.49931240883479644	0.0	0.0	0.0	0.0	0.8294795972724296	0.0	0.0	0.0	0.0	0.7805795118216614	0.9133325050066967	0.0	0.0	0.0	0.9835856944145016	0.6623288305219864	0.0	0.49931240883479644	0.2352990338859396	0.0	0.49931240883479644	0.0	0.0	0.0	0.0	0.0	0.5884248482584937	0.0	0.0	0.49931240883479644	0.0	0.0	0.49931240883479644	0.2352990338859396	0.0	0.0	0.0	0.0	0.0	0.0	3.432478938309916	0.38706635656504557	0.0	1.244007507917764	0.6623288305219864	0.0	0.49931240883479644	0.0	0.0	0.0	0.0	0.7805795118216614	0.0	0.6623288305219864	0.9133325050066967	0.0	0.0	0.38706635656504557	0.0	0.0	0.0	0.0	0.0	0.0	0.0	0.0	1.5415456486264614	0.0	0.0	0.0	0.2352990338859396	0.0	0.0	0.9133325050066967	0.0	0.5884248482584937	0.2352990338859396	0.2352990338859396	0.0	0.0	0.2352990338859396	0.0	0.0	0.0	0.0	0.0	0.38706635656504557	0.0	0.0	0.2352990338859396	0.0	0.0	1.4177739859553353	0.0	1.8129077302546288	0.0	1.5040756917899398	0.6623288305219864	0.0	0.0	0.2352990338859396	0.5884248482584937	0.0	0.0	0.0	0.0	0.0	0.0	0.0	0.0	0.0	0.2352990338859396	0.0	0.2352990338859396	0.2352990338859396	0.0	0.38706635656504557	0.0	0.0	0.0	0.0	1.7042991872605193	1.6588094121159636	0.2352990338859396	0.5884248482584937	0.2352990338859396	0.38706635656504557	0.0	0.0	0.0	0.7254664950042851	0.2352990338859396	0.0	0.0	0.0	0.0	0.38706635656504557	0.9133325050066967	0.49931240883479644	0.0	0.0	1.0440410258722308	0.38706635656504557	1.2614579573386822	0.49931240883479644	0.0	1.1443764703640622	2.237701812694065	0.0	0.2352990338859396	0.0	0.49931240883479644	0.0	1.244007507917764	0.0	1.7224249475140048	0.0	0.2352990338859396	0.0	0.0	1.244007507917764	0.0	0.0	0.0	0.0	0.0	1.7042991872605193	0.0	0.0	0.2352990338859396	0.0	0.0	0.0	0.0	0.9835856944145016	0.9133325050066967	1.393224552673198	0.0	0.49931240883479644	0.0	0.0	0.0	0.0	0.8294795972724296	0.0	0.0	0.0	0.0	0.0	0.0	0.2352990338859396	2.120161426967676	0.0	0.0	0.0	0.0	0.0	0.0	0.0	0.0	0.0	0.2352990338859396	0.0	0.9133325050066967	0.0	0.0	3.5663417238391437	0.0	0.0	0.0	0.0	0.0	1.1662151804416125	0.0	0.0	1.6588094121159636	0.0	0.49931240883479644	0.0	1.3249933449796705	0.0	0.0	0.0	0.0	0.0	0.0	0.0	0.0	0.0	0.0	0.0	0.0	0.0	0.0	0.0	2.010265705135221	0.0	0.0	0.0	0.0	0.0	0.0	1.380409039204	0.0	2.3060939053696115	0.0	0.0	0.0	0.0	0.0	0.0	0.6623288305219864	2.14321971108594	0.0
SRR13357991	1.3276100502289871	0.0	0.0	0.6411813528050638	0.0	0.0	0.0	0.0	1.6837553707591402	0.0	0.0	1.876766516345468	0.8895312226931547	1.252494825579797	0.0	0.0	0.6411813528050638	0.0	0.0	0.0	0.8895312226931547	0.0	0.0	0.0	0.0	1.0465398525060452	0.0	2.0099242531741126	0.6411813528050638	3.841622945359816	0.6411813528050638	0.0	0.0	0.0	2.767326120654651	0.0	0.0	0.0	0.0	0.0	0.0	0.0	1.6837553707591402	0.0	0.0	0.0	0.6411813528050638	0.0	0.0	0.6411813528050638	0.0	0.0	0.0	0.0	0.0	2.0099242531741126	1.0465398525060452	0.0	1.1616133469299281	0.0	1.0465398525060452	0.0	0.0	0.0	0.0	0.6411813528050638	0.0	0.0	0.0	0.0	3.88481104838459	0.0	0.0	0.6411813528050638	0.0	0.0	0.0	0.0	1.0465398525060452	0.0	0.0	0.6411813528050638	0.0	0.0	0.0	0.0	0.0	0.0	0.0	0.0	0.6411813528050638	0.0	0.0	0.0	0.0	0.6411813528050638	0.0	0.0	0.0	0.0	0.0	3.4317879995194076	0.8895312226931547	0.0	1.4968388510026804	2.932165821450828	0.6411813528050638	0.6411813528050638	0.0	0.0	0.0	0.0	0.6411813528050638	0.0	1.0465398525060452	0.0	0.0	0.0	1.0465398525060452	0.0	0.0	0.0	0.0	0.0	0.0	0.0	0.0	1.541210740919679	0.0	0.0	0.0	0.0	0.0	0.0	1.252494825579797	0.0	1.1616133469299281	0.0	0.0	0.6411813528050638	0.0	0.0	0.0	0.0	0.0	0.0	0.0	0.0	0.0	0.0	0.0	0.0	0.0	1.6522621040384855	0.0	3.815284715175344	0.0	1.3916290541173213	0.8895312226931547	0.0	0.0	0.0	0.6411813528050638	0.0	0.0	0.8895312226931547	0.6411813528050638	0.0	0.0	0.0	0.0	0.0	0.0	0.0	0.0	0.0	0.0	0.6411813528050638	0.6411813528050638	0.0	0.0	0.0	1.8568377053919398	2.184598259712796	0.0	0.8895312226931547	0.0	0.8895312226931547	0.0	0.0	0.0	1.0465398525060452	0.6411813528050638	0.0	0.0	0.0	0.0	0.0	0.6411813528050638	0.6411813528050638	0.0	0.0	0.6411813528050638	1.1616133469299281	1.252494825579797	0.8895312226931547	0.0	1.3276100502289871	2.088397451085886	0.0	0.0	1.4474121357847964	2.947329150713374	0.0	1.4474121357847964	0.0	1.8568377053919398	0.0	0.0	0.0	0.0	1.3276100502289871	0.0	0.0	0.0	0.0	0.0	1.5814664554471418	0.0	0.0	0.0	0.0	0.0	0.6411813528050638	0.6411813528050638	0.8895312226931547	0.8895312226931547	1.4968388510026804	0.0	0.6411813528050638	0.0	0.0	0.0	0.0	1.9140741526386633	0.0	0.0	0.0	0.0	0.0	0.0	1.1616133469299281	2.174902943427261	0.0	0.0	0.0	0.0	0.0	0.0	0.0	0.0	1.0465398525060452	0.0	0.6411813528050638	0.8895312226931547	0.0	0.0	2.575017300890885	0.0	0.0	0.0	0.0	0.0	2.5254695537801637	0.0	0.0	1.7406214126417008	0.0	0.6411813528050638	0.0	1.7664858936445544	0.8895312226931547	0.0	0.0	0.0	0.0	0.0	0.0	0.0	0.0	0.0	0.0	0.0	0.0	0.0	0.0	2.088397451085886	0.0	0.0	0.0	0.0	0.0	0.0	2.037687593981579	0.0	2.336722032733772	0.0	0.0	0.0	0.0	0.0	0.0	0.6411813528050638	2.037687593981579	0.0
SRR13357992	0.0	0.0	3.187533521408837	0.0	0.0	0.0	0.0	0.0	0.0	0.0	0.0	0.0	0.0	0.0	0.0	0.0	0.0	0.0	0.0	0.0	0.0	0.0	0.0	0.0	0.0	0.0	0.0	0.0	0.0	3.7893819604008465	0.0	0.0	0.0	0.0	3.187533521408837	0.0	0.0	0.0	0.0	0.0	0.0	0.0	0.0	0.0	0.0	0.0	0.0	0.0	0.0	0.0	0.0	0.0	0.0	0.0	0.0	0.0	0.0	0.0	0.0	0.0	0.0	0.0	0.0	0.0	0.0	0.0	0.0	0.0	0.0	0.0	0.0	0.0	0.0	0.0	0.0	0.0	0.0	0.0	0.0	0.0	0.0	0.0	0.0	0.0	0.0	0.0	0.0	0.0	0.0	0.0	3.187533521408837	0.0	0.0	0.0	0.0	0.0	0.0	0.0	0.0	0.0	0.0	0.0	0.0	0.0	0.0	0.0	0.0	0.0	0.0	0.0	0.0	0.0	0.0	0.0	0.0	0.0	0.0	0.0	3.187533521408837	0.0	0.0	0.0	0.0	0.0	0.0	0.0	0.0	0.0	0.0	0.0	0.0	0.0	0.0	0.0	0.0	0.0	0.0	0.0	0.0	0.0	0.0	0.0	0.0	0.0	0.0	0.0	0.0	0.0	0.0	0.0	0.0	0.0	0.0	0.0	0.0	3.664466734697223	0.0	0.0	0.0	0.0	0.0	0.0	0.0	0.0	0.0	0.0	0.0	0.0	0.0	0.0	0.0	0.0	0.0	0.0	0.0	0.0	0.0	0.0	0.0	0.0	0.0	0.0	0.0	0.0	0.0	0.0	0.0	0.0	0.0	0.0	0.0	0.0	0.0	0.0	0.0	0.0	0.0	0.0	0.0	0.0	0.0	0.0	0.0	0.0	0.0	0.0	0.0	0.0	0.0	0.0	0.0	0.0	0.0	0.0	0.0	0.0	0.0	0.0	0.0	0.0	0.0	0.0	0.0	0.0	0.0	0.0	0.0	0.0	0.0	0.0	0.0	0.0	0.0	0.0	0.0	0.0	0.0	3.4884224936328905	0.0	3.4884224936328905	0.0	0.0	0.0	0.0	3.187533521408837	0.0	0.0	0.0	0.0	0.0	0.0	0.0	0.0	0.0	0.0	0.0	0.0	0.0	0.0	0.0	0.0	0.0	0.0	0.0	0.0	0.0	0.0	3.187533521408837	0.0	0.0	0.0	0.0	0.0	0.0	0.0	0.0	0.0	0.0	0.0	0.0	3.187533521408837	0.0	0.0	0.0	0.0	0.0	0.0	0.0	0.0	0.0	0.0	0.0	0.0	0.0	0.0	0.0	0.0	0.0	0.0	0.0	0.0	0.0	0.0	3.187533521408837	0.0	0.0	0.0	0.0	0.0	0.0	0.0	0.0	0.0	0.0	0.0
SRR13357996	1.3239657031553558	0.0	0.565605684755766	0.3690254728512565	0.0	0.0	0.3690254728512565	0.0	0.0	0.0	0.0	1.0686234763858888	4.122571811750066	1.3997003600836326	0.0	0.0	0.0	0.0	0.0	0.0	0.0	0.0	0.0	0.0	0.0	0.0	0.0	1.2649751673619611	0.0	3.7319422592785565	2.7579590914880487	0.0	0.0	0.0	0.7004374589089172	0.0	0.0	0.0	0.0	0.0	0.0	0.0	2.284370588476888	0.0	0.0	0.0	0.0	0.3690254728512565	0.0	0.0	0.0	0.0	0.0	0.0	0.0	0.8031768980751876	0.0	0.0	0.0	0.0	0.8862014065949896	0.0	0.0	0.0	0.3690254728512565	0.0	0.3690254728512565	0.0	0.0	0.0	2.482313525202754	0.3690254728512565	0.0	0.0	0.0	0.8031768980751876	0.0	0.0	0.0	0.0	0.0	0.565605684755766	0.0	0.0	0.0	0.3690254728512565	0.0	0.3690254728512565	0.0	0.0	2.6078519005165535	0.0	0.0	0.7004374589089172	0.7004374589089172	0.565605684755766	0.0	0.0	0.3690254728512565	0.0	0.0	2.4315790229326564	0.565605684755766	0.0	0.8031768980751876	2.5379656313027517	0.3690254728512565	1.295471257162214	0.0	0.0	0.0	0.565605684755766	0.0	0.0	0.7004374589089172	0.0	0.0	0.0	3.562894653332174	0.0	0.0	0.3690254728512565	0.0	0.0	0.0	0.0	0.0	0.0	0.0	0.0	0.0	0.0	0.0	0.0	0.0	0.0	0.7004374589089172	0.0	0.0	0.3690254728512565	0.0	0.0	0.3690254728512565	0.0	0.0	0.0	0.0	0.0	0.0	0.0	0.0	0.0	0.0	0.565605684755766	0.0	3.2148186090612634	0.0	1.0686234763858888	0.3690254728512565	0.0	0.0	0.0	0.3690254728512565	0.0	0.0	0.0	0.0	0.0	0.0	0.0	0.0	0.0	0.0	0.0	0.0	0.0	0.0	0.0	0.0	0.0	0.0	0.0	0.8031768980751876	2.278285667987166	0.0	1.3997003600836326	0.0	0.0	0.0	0.0	0.0	0.8031768980751876	2.11240907127088	0.0	0.0	0.0	0.0	0.0	0.0	1.9243641422959306	0.0	0.0	0.0	0.9558727088646494	1.2321748245892004	1.0158968819991354	0.0	0.565605684755766	1.2321748245892004	0.3690254728512565	0.0	0.3690254728512565	1.6800099409270752	0.0	0.0	0.3690254728512565	0.9558727088646494	0.0	0.0	0.0	0.0	1.4836933590681796	0.0	0.0	0.0	0.0	0.0	0.8031768980751876	0.0	0.0	0.0	0.0	0.0	0.0	0.0	0.0	2.4686949204353814	1.1580530747910152	0.0	2.4184670417814362	0.0	0.0	0.0	0.0	1.9446471671643177	0.0	0.0	0.0	0.0	0.0	0.0	2.1750075332759393	0.8031768980751876	0.0	0.0	0.0	0.0	0.0	0.0	0.0	0.0	0.0	0.0	0.0	0.9558727088646494	0.0	1.2321748245892004	1.3239657031553558	0.0	0.0	0.0	0.0	0.0	1.5023781121333326	0.0	0.0	0.3690254728512565	0.3690254728512565	0.0	0.0	1.6002131226110938	0.0	0.0	0.0	0.0	0.3690254728512565	0.0	0.0	0.0	0.0	0.0	0.0	0.0	0.0	0.0	0.0	0.8862014065949896	0.0	0.0	0.0	0.0	0.0	0.0	3.1684597288459457	0.7004374589089172	1.1580530747910152	0.0	0.0	0.3690254728512565	0.0	0.0	0.3690254728512565	0.565605684755766	1.3507051590632213	0.0
SRR13357997	0.0	0.0	2.824810212141025	0.3080493788536218	0.0	0.0	0.0	0.0	0.3080493788536218	0.0	0.0	0.3080493788536218	3.653310840851344	0.8570627040943634	0.0	0.0	0.0	0.0	0.0	0.0	0.0	0.0	0.0	0.0	0.0	0.0	0.0	0.7101471978519492	0.0	4.0208194750970785	2.096599197558233	0.0	0.0	0.0	0.7101471978519492	0.0	0.0	0.0	0.0	0.0	0.0	0.0	1.6763868852965422	0.9666440409776689	0.0	0.0	0.0	0.0	0.0	0.3080493788536218	0.0	0.0	0.0	0.0	0.0	0.3080493788536218	0.0	0.0	0.0	0.0	0.9666440409776689	0.0	0.0	0.0	0.4864554450557974	0.0	0.0	0.0	0.0	0.0	2.1691672956985406	1.5320255187159548	0.0	0.3080493788536218	0.0	0.4864554450557974	0.0	0.0	0.0	0.0	0.0	0.0	0.0	0.0	0.0	0.0	0.0	0.0	0.0	0.3080493788536218	2.022392892895979	0.0	0.0	0.9666440409776689	0.7101471978519492	0.789787975235316	0.4864554450557974	0.0	0.3080493788536218	0.0	0.0	1.2684374988462386	0.4864554450557974	0.0	0.4864554450557974	2.0707117212765755	0.0	0.8570627040943634	0.0	0.0	0.0	0.4864554450557974	0.3080493788536218	0.3080493788536218	0.3080493788536218	0.0	0.0	0.0	0.4864554450557974	0.0	0.0	0.3080493788536218	0.0	0.0	0.0	0.0	0.3080493788536218	0.0	0.0	0.0	0.0	0.0	0.0	0.0	0.3080493788536218	0.0	0.3080493788536218	0.3080493788536218	0.0	0.915300443088688	0.0	0.0	1.0919646764530193	0.0	0.3080493788536218	0.0	0.0	0.0	0.0	0.0	0.0	0.0	0.0	0.0	0.0	4.004619676557798	0.0	0.915300443088688	0.0	0.0	0.0	0.0	0.4864554450557974	0.0	0.0	0.0	0.0	0.0	0.0	0.0	0.0	2.1956805225672977	0.0	0.0	0.0	0.0	0.0	0.0	0.0	0.0	0.0	0.0	0.4864554450557974	0.0	0.0	1.9058459631329459	0.0	1.3935668914838832	0.0	0.0	0.0	0.6125469748619847	1.5576033788931718	0.0	0.0	0.0	0.0	0.0	0.0	2.2642701106870127	0.0	0.0	0.0	1.8060976820717998	0.6125469748619847	0.9666440409776689	0.0	0.3080493788536218	0.4864554450557974	0.0	0.0	0.6125469748619847	1.4283729834047174	0.0	0.0	0.0	0.0	0.0	0.0	0.0	0.4864554450557974	1.3557263417956797	0.0	0.0	0.0	0.0	0.0	0.0	0.0	0.0	0.0	0.3080493788536218	0.0	0.0	0.0	0.0	2.4981820149295184	0.8570627040943634	0.3080493788536218	2.8639410144392485	0.0	0.0	0.0	0.0	2.8796045024368357	0.3080493788536218	0.0	0.0	0.0	0.6125469748619847	0.0	0.0	0.3080493788536218	0.0	0.0	0.0	0.0	0.0	0.0	0.0	0.0	0.3080493788536218	0.0	0.789787975235316	0.4864554450557974	0.0	0.8570627040943634	1.2684374988462386	0.0	0.0	0.0	0.0	0.0	1.2684374988462386	0.0	0.0	0.0	0.0	0.0	0.0	2.4468458278245597	0.6125469748619847	0.0	0.0	0.0	0.0	0.0	0.3080493788536218	0.0	0.0	0.0	0.0	0.0	0.0	0.0	0.0	0.3080493788536218	0.0	0.0	0.0	0.0	0.0	0.8570627040943634	0.8570627040943634	0.3080493788536218	0.4864554450557974	0.0	0.0	0.0	0.0	0.0	0.0	0.0	0.0	0.0
SRR13357998	0.0	0.0	0.4852292859578099	0.0	0.0	0.0	0.0	0.0	1.052411960191634	0.0	0.0	0.7086816341226302	0.7086816341226302	1.125129989778501	0.0	0.0	0.0	1.125129989778501	0.0	0.0	0.4852292859578099	0.0	0.0	0.0	0.0	0.7086816341226302	0.0	0.8554951178544143	0.0	3.464041631967289	0.0	0.0	0.0	0.0	0.9650199248086566	0.9650199248086566	0.0	0.0	0.0	0.0	0.4852292859578099	0.0	0.0	0.0	0.0	0.0	0.7086816341226302	0.8554951178544143	0.0	0.0	0.0	0.0	0.0	0.0	0.0	0.0	1.1874005880043628	0.0	0.0	0.0	2.3794106582712	0.0	0.0	0.0	0.4852292859578099	0.0	0.0	0.0	0.0	0.0	2.8134908287226232	0.7086816341226302	0.0	0.0	0.0	0.4852292859578099	0.0	0.0	0.0	0.0	0.4852292859578099	0.0	0.0	0.0	0.0	0.0	0.0	0.0	0.0	0.0	0.8554951178544143	0.0	0.0	1.555832781276995	0.4852292859578099	0.0	0.0	0.0	0.0	0.0	0.0	2.634291508246278	0.4852292859578099	0.0	1.052411960191634	3.2799749561017446	0.0	0.7086816341226302	0.0	0.0	0.0	0.0	0.0	0.0	2.484822229238655	0.0	0.0	0.0	3.5624532899838237	0.0	0.0	0.0	0.0	0.0	0.0	0.0	0.0	0.8554951178544143	0.0	0.0	0.0	0.0	0.0	0.0	0.4852292859578099	0.0	0.4852292859578099	0.0	0.0	0.0	0.0	1.9514879830334528	0.0	0.0	0.0	1.4095681733408654	0.0	0.4852292859578099	0.0	0.0	0.0	0.7086816341226302	0.0	0.4852292859578099	0.0	4.0267513501867	0.0	1.1874005880043628	0.0	0.0	0.0	0.0	0.7086816341226302	0.0	0.0	0.0	0.0	0.0	1.241852049839352	0.0	0.0	0.0	0.0	0.0	0.0	0.0	0.0	0.0	0.0	0.0	0.0	0.0	0.4852292859578099	0.0	0.0	1.125129989778501	0.0	0.7086816341226302	0.0	0.0	0.0	0.0	0.0	0.0	0.0	0.0	0.0	0.4852292859578099	0.0	2.606468150456295	0.0	0.0	0.0	1.052411960191634	1.736156530401486	0.4852292859578099	0.4852292859578099	0.4852292859578099	1.797240052504298	0.0	0.0	0.4852292859578099	2.3603573022795925	0.0	0.4852292859578099	0.0	1.602864355564028	0.0	0.0	0.0	1.4095681733408654	2.564740752574719	0.0	0.0	0.0	0.0	0.0	0.0	0.0	0.0	0.0	0.0	0.0	0.0	0.0	0.0	0.0	2.6445354416937525	0.0	2.1487393936116943	0.0	0.0	0.0	0.0	2.4638502266629096	0.0	0.0	0.0	0.0	0.0	0.0	1.2902307673528564	1.125129989778501	0.0	0.0	0.0	0.0	0.0	1.1874005880043628	0.0	0.0	0.0	0.0	0.0	0.7086816341226302	0.0	0.0	3.1659124659449507	0.0	0.0	0.4852292859578099	0.4852292859578099	0.0	2.3524955761003667	0.0	0.0	0.0	0.0	0.0	0.0	2.80935447904315	0.4852292859578099	0.0	0.0	0.0	0.0	0.0	0.0	0.0	0.0	0.0	0.0	0.0	0.0	0.0	0.0	0.9650199248086566	0.0	0.0	0.0	0.0	0.0	0.0	3.562697827064091	0.0	1.2902307673528564	0.0	0.0	1.125129989778501	0.0	0.0	0.0	0.7086816341226302	1.125129989778501	0.0
SRR13357999	0.5205509487165398	0.0	3.378368691526993	0.0	0.0	0.0	0.0	0.0	0.24842406314936916	0.0	0.40546186416127006	0.24842406314936916	4.013212297260082	0.40546186416127006	0.0	0.0	0.0	0.0	0.0	0.0	0.0	0.0	0.0	0.0	0.0	0.0	0.0	0.6865639747764134	0.0	3.851705527482581	2.372246831746496	0.0	0.0	0.0	0.6865639747764134	0.24842406314936916	0.0	0.0	0.0	0.0	0.0	0.0	1.5890563399298516	0.0	0.0	0.0	0.24842406314936916	0.0	0.0	0.0	0.0	0.0	0.0	0.0	0.0	0.24842406314936916	0.24842406314936916	0.0	0.0	0.0	1.0112344870479777	0.0	0.0	0.0	1.0720930284350279	0.0	0.0	0.0	0.0	0.0	2.187024003414481	1.7090110346820406	0.0	0.24842406314936916	0.0	0.24842406314936916	0.0	0.0	0.5205509487165398	0.0	0.0	0.24842406314936916	0.0	0.0	0.0	0.0	0.0	0.0	0.0	0.24842406314936916	2.3930772586814606	0.0	0.0	1.0427289150630625	0.5205509487165398	0.6865639747764134	0.0	0.0	0.24842406314936916	0.0	0.0	1.1498731286743227	0.0	0.0	0.24842406314936916	1.721919052400769	0.40546186416127006	0.7505877841511179	0.0	0.0	0.0	0.6865639747764134	0.0	0.0	0.6865639747764134	0.0	0.0	0.0	0.40546186416127006	0.0	0.0	0.0	0.0	0.0	0.0	0.0	0.0	0.0	0.0	0.0	0.0	0.0	0.0	0.0	0.0	0.0	0.0	0.24842406314936916	0.0	1.0995968519556047	0.0	0.0	0.6865639747764134	0.40546186416127006	0.0	0.0	0.0	0.0	0.0	0.0	0.0	0.0	0.0	0.0	0.0	3.7461413982239162	0.0	0.9001782865377856	0.0	0.0	0.0	0.0	0.40546186416127006	0.0	0.0	0.0	0.0	0.0	0.0	0.0	0.0	2.0586545645836667	0.0	0.0	0.0	0.0	0.0	0.0	0.0	0.0	0.0	0.0	0.5205509487165398	0.40546186416127006	0.0	2.322566911672532	0.0	0.9404358990254019	0.0	0.0	0.0	0.0	1.3236190522001383	0.0	0.0	0.0	0.0	0.0	0.0	2.3241589276544605	0.0	0.0	0.0	1.688899852812807	1.0720930284350279	0.5205509487165398	0.0	0.6865639747764134	0.24842406314936916	0.9001782865377856	0.40546186416127006	0.6865639747764134	1.4591839698634628	0.0	0.0	0.0	0.5205509487165398	0.24842406314936916	0.0	0.0	0.0	1.681983705778663	0.0	0.0	0.0	0.0	0.0	0.0	0.0	0.0	0.0	0.24842406314936916	0.0	0.0	0.0	0.0	1.470675247261593	0.9772762945708899	0.0	2.883729456894321	0.0	0.0	0.0	0.0	3.066300583099816	0.0	0.0	0.0	0.0	0.24842406314936916	0.0	0.6114421298329977	0.0	0.0	0.0	0.0	0.0	0.0	0.0	0.24842406314936916	0.0	0.0	0.0	0.9404358990254019	1.2158163249952183	0.0	0.5205509487165398	1.5976064591961667	0.0	0.0	0.0	0.0	0.0	1.653162113241852	0.0	0.0	0.24842406314936916	0.0	0.0	0.0	2.1553914009782256	0.5205509487165398	0.0	0.0	0.0	0.24842406314936916	0.0	0.0	0.0	0.0	0.0	0.0	0.0	0.0	0.0	0.0	0.0	0.0	0.0	0.0	0.0	0.0	0.9001782865377856	0.8558040903154871	0.6114421298329977	0.40546186416127006	0.0	0.0	0.5205509487165398	0.0	0.0	1.0427289150630625	0.40546186416127006	0.24842406314936916	0.0
SRR13358000	0.23355668479245964	0.0	2.6095505785773048	0.0	0.0	0.0	0.0	0.0	0.38460737158606295	0.0	0.0	0.0	4.205376220161914	0.496462727934666	0.0	0.23355668479245964	0.0	0.0	0.0	0.0	0.0	0.0	0.23355668479245964	0.0	0.0	0.0	0.0	0.496462727934666	0.0	3.579693149849558	2.4282615649580594	0.0	0.0	0.0	0.5853292446100129	0.23355668479245964	0.0	0.0	0.0	0.0	0.0	0.0	1.6682120998558225	0.0	0.0	0.0	0.23355668479245964	0.0	0.0	0.23355668479245964	0.0	0.0	0.0	0.0	0.0	0.23355668479245964	0.38460737158606295	0.0	0.0	0.0	0.5853292446100129	0.0	0.23355668479245964	0.0	0.946171900570414	0.23355668479245964	0.496462727934666	0.0	0.0	0.0	2.057822657937424	1.6547244646613803	0.0	0.0	0.0	0.496462727934666	0.0	0.5853292446100129	0.0	0.23355668479245964	0.23355668479245964	0.0	0.0	0.0	0.0	0.0	0.23355668479245964	0.0	0.0	0.0	2.300391572350349	0.0	0.0	0.5853292446100129	0.38460737158606295	0.38460737158606295	0.496462727934666	0.0	0.0	0.0	0.0	1.6615206398754991	0.38460737158606295	0.0	0.38460737158606295	2.0211167524719285	0.0	0.38460737158606295	0.0	0.0	0.0	0.496462727934666	0.0	0.0	0.38460737158606295	0.0	0.0	0.0	0.23355668479245964	0.0	0.0	0.0	0.0	0.0	0.0	0.0	0.0	0.0	0.0	0.0	0.0	0.23355668479245964	0.0	0.0	0.23355668479245964	0.0	0.0	0.0	0.0	0.5853292446100129	0.0	0.0	0.8698110447180196	0.23355668479245964	0.0	0.0	0.0	0.0	0.0	0.0	0.0	0.0	0.0	0.0	0.0	3.424595895131783	0.0	0.7770975687936486	0.0	0.0	0.0	0.0	0.0	0.0	0.0	0.0	0.0	0.0	0.0	0.0	0.23355668479245964	1.563604854889677	0.0	0.0	0.0	0.0	0.0	0.0	0.0	0.0	0.0	0.0	0.496462727934666	0.7220785139819921	0.0	1.3764067925519767	0.0	1.436984638177688	0.0	0.0	0.0	0.38460737158606295	1.3764067925519767	0.23355668479245964	0.0	0.0	0.0	0.0	0.0	2.30958644421145	0.0	0.0	0.0	1.321014878296864	1.1405003614465774	0.9096676062637771	0.0	0.38460737158606295	0.23355668479245964	0.8259236897760585	0.38460737158606295	0.0	2.2113111023522505	0.0	0.0	0.0	0.23355668479245964	0.0	0.0	0.0	0.38460737158606295	0.946171900570414	0.0	0.0	0.0	0.0	0.0	0.5853292446100129	0.0	0.0	0.23355668479245964	0.0	0.0	0.0	0.0	0.23355668479245964	1.6748020225952962	0.5853292446100129	0.0	3.429570680450444	0.0	0.23355668479245964	0.0	0.0	3.175529951890353	0.0	0.0	0.0	0.0	0.23355668479245964	0.23355668479245964	0.23355668479245964	0.23355668479245964	0.0	0.0	0.0	0.0	0.0	0.0	0.0	0.0	0.0	0.0	0.496462727934666	0.7220785139819921	0.0	0.6590641867635597	0.9798443455388397	0.0	0.0	0.0	0.0	0.0	1.6264235350284808	0.0	0.0	0.0	0.0	0.0	0.0	2.7564587900076205	0.0	0.0	0.0	0.0	0.0	0.0	0.23355668479245964	0.0	0.0	0.0	0.0	0.0	0.0	0.0	0.0	0.23355668479245964	0.0	0.0	0.0	0.0	0.0	0.7770975687936486	0.0	0.7770975687936486	0.6590641867635597	0.0	0.0	0.0	0.0	0.0	1.305988011321041	0.23355668479245964	0.38460737158606295	0.0
SRR13358004	0.0	0.0	0.6977826641909921	0.0	0.0	0.0	0.0	0.4761320301615246	0.6977826641909921	0.0	0.0	0.0	0.6977826641909921	0.9529230420096781	0.0	0.0	0.0	0.0	0.0	0.0	0.0	0.0	0.0	0.0	0.0	0.0	0.0	0.8438257655152062	0.0	3.821924555149447	2.744373182142675	0.0	0.0	0.0	1.7838695319602658	0.0	0.0	0.0	0.0	0.0	0.0	0.0	1.738905046000906	0.0	0.0	0.0	0.0	0.0	0.0	0.6977826641909921	0.0	0.0	0.4761320301615246	0.0	0.0	0.4761320301615246	0.6977826641909921	0.0	0.0	0.0	1.0400431831933508	0.0	0.0	0.0	1.2290517132349013	0.0	0.4761320301615246	0.0	0.0	0.0	1.8961612334161175	1.3208054260555295	0.0	0.4761320301615246	0.0	0.6977826641909921	0.0	0.0	0.4761320301615246	0.4761320301615246	0.0	0.0	0.4761320301615246	0.0	0.0	0.0	0.0	0.0	0.0	0.0	2.306018680993361	0.0	0.0	0.4761320301615246	0.0	1.3603078100232067	0.0	0.0	0.6977826641909921	0.0	0.0	0.9529230420096781	0.4761320301615246	0.0	0.0	2.551187698901635	0.4761320301615246	1.1747057129065461	0.0	0.0	0.0	0.0	0.0	0.0	0.0	0.0	0.4761320301615246	0.0	1.9380516637246497	0.0	0.0	0.0	0.0	0.0	0.0	0.0	0.0	0.0	0.0	0.4761320301615246	0.0	0.0	0.4761320301615246	0.0	0.0	0.0	0.4761320301615246	0.0	0.0	0.8438257655152062	0.0	0.0	1.1125730559853595	0.4761320301615246	0.0	0.0	0.0	0.0	0.0	0.0	0.0	0.0	0.0	0.0	0.0	4.0737338210994505	0.0	1.2290517132349013	0.0	0.0	0.0	0.0	0.0	0.0	0.0	0.0	0.0	0.0	0.0	0.0	0.0	0.8438257655152062	0.0	0.0	0.0	0.0	0.0	0.0	0.0	0.0	0.0	0.0	1.460964595365547	0.4761320301615246	0.0	0.9529230420096781	0.0	1.0400431831933508	0.0	0.0	0.0	0.0	1.460964595365547	0.0	0.0	0.0	0.0	0.0	0.0	2.4250321483718276	0.0	0.0	0.0	2.365877620830233	0.4761320301615246	0.4761320301615246	0.0	0.4761320301615246	0.4761320301615246	0.0	0.0	0.0	2.1091165559290883	0.0	0.0	0.0	0.4761320301615246	0.0	0.0	0.0	0.0	3.6274152308608176	0.4761320301615246	0.0	0.4761320301615246	0.0	0.0	0.6977826641909921	0.0	0.0	0.0	0.0	0.0	0.0	0.0	0.0	0.6977826641909921	0.9529230420096781	0.0	2.905390694538995	0.0	0.0	0.0	0.0	2.72687187878637	0.0	0.0	0.0	0.0	0.0	0.0	0.0	0.4761320301615246	0.0	0.0	0.0	0.0	0.0	0.0	0.0	0.0	0.0	0.0	0.0	1.0400431831933508	0.0	0.4761320301615246	1.6517608788511893	0.0	0.0	0.0	0.0	0.0	1.1125730559853595	0.0	0.0	0.0	0.0	0.0	0.0	3.193030609100701	0.0	0.0	0.0	0.0	0.4761320301615246	0.0	0.0	0.0	0.0	0.0	0.0	0.0	0.0	0.0	0.0	0.0	0.0	0.0	0.0	0.0	0.0	0.0	3.0880684099101545	0.0	0.8438257655152062	0.0	0.0	0.0	0.0	0.0	0.0	0.4761320301615246	0.0	0.0
SRR13358005	0.0	0.0	0.43049285618221256	0.0	0.0	0.0	0.0	0.0	0.0	0.6423835910741859	0.0	0.0	0.6423835910741859	0.6423835910741859	0.0	0.0	0.43049285618221256	0.0	0.0	0.0	0.0	0.0	0.0	0.0	0.0	0.0	0.0	0.6423835910741859	0.0	4.249243394664543	0.0	0.0	0.0	0.0	1.3931235498608865	0.0	0.0	0.0	0.0	0.0	0.0	0.0	1.474333524307707	0.0	0.0	0.0	0.0	0.0	0.0	0.0	0.0	0.0	0.0	0.0	0.0	0.43049285618221256	0.0	0.0	0.0	0.0	1.2539654873364845	0.0	0.0	0.0	0.0	0.0	0.0	0.0	0.0	0.0	2.3644841615518812	1.0479577519048389	0.0	0.0	0.0	0.0	0.0	0.0	0.43049285618221256	0.0	0.0	0.0	0.0	0.0	0.0	0.43049285618221256	0.0	0.0	0.0	0.0	2.272781198973988	0.0	0.0	1.329094521891475	0.0	0.6423835910741859	0.0	0.0	0.43049285618221256	0.0	0.0	1.4983469246887255	0.43049285618221256	0.0	0.0	1.2539654873364845	0.0	0.7841730028370519	0.0	0.0	0.0	0.43049285618221256	0.43049285618221256	0.0	1.1630637689692165	0.0	0.43049285618221256	0.0	2.7254272590400825	0.0	0.0	0.0	0.0	0.0	0.0	0.0	0.0	0.43049285618221256	0.0	0.0	0.0	0.0	0.0	0.43049285618221256	0.0	0.0	0.0	0.43049285618221256	0.0	0.9764854760838668	0.0	0.43049285618221256	0.0	0.0	0.0	0.0	0.43049285618221256	0.0	0.0	0.0	0.0	0.0	0.0	0.0	0.0	3.742227889395576	0.0	1.0479577519048389	0.0	0.0	0.0	0.43049285618221256	0.0	0.0	0.0	0.0	0.0	0.0	0.0	0.0	0.0	1.1093131330118469	0.0	0.0	0.43049285618221256	0.0	0.0	0.0	0.43049285618221256	0.0	0.0	0.0	0.6423835910741859	0.7841730028370519	0.0	1.5829832988463612	0.0	0.43049285618221256	0.0	0.0	0.0	0.0	1.4489142388831193	0.0	0.0	0.0	0.0	0.0	0.0	0.8908882645212095	0.0	0.0	0.0	2.1563845021374433	0.43049285618221256	0.7841730028370519	0.0	0.0	0.6423835910741859	0.0	0.43049285618221256	0.43049285618221256	1.5211018362852389	0.0	0.0	0.0	0.0	0.0	0.0	0.0	0.0	1.8879355651969025	0.43049285618221256	0.0	0.0	0.0	0.0	0.0	0.0	0.0	0.0	0.0	0.0	0.0	0.0	0.0	0.43049285618221256	1.329094521891475	0.0	2.66457499708097	0.0	0.0	0.0	0.0	2.252688151784923	0.0	0.0	0.0	0.0	0.0	0.0	0.0	0.43049285618221256	0.0	0.0	0.0	0.0	0.0	0.43049285618221256	0.0	0.0	0.0	0.0	0.43049285618221256	0.9764854760838668	0.0	0.7841730028370519	1.3931235498608865	0.0	0.0	0.0	0.0	0.0	0.7841730028370519	0.0	0.0	0.0	0.0	0.0	0.0	3.4451225725763224	0.0	0.0	0.0	0.0	0.0	0.0	0.0	0.0	0.0	0.0	0.0	0.0	0.0	0.0	0.0	0.0	0.0	0.0	0.0	0.0	0.0	0.0	2.9698933059533643	0.0	0.43049285618221256	0.0	0.0	0.0	0.0	0.0	0.0	0.0	0.43049285618221256	0.0
SRR13358006	1.5174493623345553	0.0	3.8041621099520224	0.0	0.0	0.0	0.0	0.0	0.9414115199951084	0.0	0.0	0.29385926505934373	2.938346987403328	0.29385926505934373	0.0	0.29385926505934373	0.0	0.0	0.0	0.0	0.4675337264696192	0.0	0.0	0.0	0.0	0.29385926505934373	0.0	0.8327318878666526	0.0	3.50941902785695	2.1062234717114805	0.0	0.0	0.29385926505934373	1.2168512313218909	0.0	0.0	0.0	0.0	0.0	0.29385926505934373	0.0	0.6874393076053993	0.0	0.0	0.0	0.29385926505934373	0.0	0.0	0.29385926505934373	0.0	0.0	0.0	0.0	0.0	0.5912590020246926	0.0	0.0	0.0	0.0	1.1626086604140953	0.0	0.0	0.0	0.8904624250870015	0.0	0.0	0.0	0.0	0.0	2.1062234717114805	1.504497478289387	0.0	0.29385926505934373	0.0	0.0	0.0	0.0	0.4675337264696192	0.0	0.0	0.29385926505934373	0.0	0.29385926505934373	0.0	0.0	0.0	0.0	0.0	0.0	1.9151300459301286	0.0	0.0	0.8904624250870015	0.5912590020246926	1.4773739512537614	0.0	0.0	0.4675337264696192	0.0	0.0	1.7339886936201234	0.29385926505934373	0.0	0.0	2.228660221788809	0.0	0.9870061998896196	0.0	0.0	0.0	0.5912590020246926	0.0	0.0	0.6874393076053993	0.0	0.4675337264696192	0.0	1.530026144340064	0.0	0.0	0.0	0.0	0.0	0.0	0.0	0.0	0.0	0.0	0.0	0.0	0.29385926505934373	0.0	0.0	0.0	0.0	0.0	0.29385926505934373	0.0	1.818263264522888	0.0	0.29385926505934373	0.6874393076053993	0.29385926505934373	0.0	0.0	0.0	0.0	0.0	0.0	0.0	0.29385926505934373	0.0	0.0	0.0	3.905036408645161	0.0	1.0659431154394943	0.0	0.0	0.5912590020246926	0.4675337264696192	0.29385926505934373	0.0	0.0	0.29385926505934373	0.0	0.0	0.0	0.0	0.0	2.0387467104320494	0.0	0.0	0.0	0.0	0.0	0.0	0.0	0.0	0.0	0.0	0.5912590020246926	0.4675337264696192	0.0	1.6933965710207326	0.0	0.29385926505934373	0.0	0.0	0.0	0.29385926505934373	0.5912590020246926	0.0	0.0	0.0	0.0	0.0	0.0	2.2031112090568836	0.0	0.0	0.0	2.8571308510917204	0.0	1.0659431154394943	0.0	0.0	0.29385926505934373	0.0	0.4675337264696192	0.5912590020246926	1.3479048788539119	0.0	0.0	0.0	0.0	0.29385926505934373	0.0	0.0	0.4675337264696192	3.158150964477749	0.0	0.0	0.29385926505934373	0.0	0.0	0.5912590020246926	0.0	0.0	0.0	0.29385926505934373	0.0	0.0	0.0	0.0	3.012901566143344	0.9414115199951084	0.29385926505934373	3.3907194818900455	0.0	0.0	0.0	0.0	3.3033997133104647	0.0	0.0	0.0	0.0	0.29385926505934373	0.0	0.4675337264696192	0.0	0.0	0.0	0.0	0.0	0.0	0.29385926505934373	0.0	0.0	0.0	0.0	0.29385926505934373	1.3479048788539119	0.0	0.29385926505934373	1.71009139085825	0.0	0.0	0.0	0.0	0.0	2.175964711680755	0.0	0.0	0.29385926505934373	0.0	0.0	0.0	3.057800499793238	0.29385926505934373	0.0	0.0	0.0	0.0	0.0	0.0	0.0	0.0	0.0	0.0	0.0	0.0	0.0	0.0	0.29385926505934373	0.0	0.0	0.0	0.0	0.0	0.0	2.6585902782824062	0.0	0.5912590020246926	0.0	0.0	0.0	0.0	0.0	0.6874393076053993	0.29385926505934373	0.4675337264696192	0.0
SRR13358007	0.0	0.0	0.4776651392342331	0.0	0.0	0.0	0.0	0.6996225840658213	0.0	0.0	0.30143797289238033	0.7788309996671241	0.602671813539983	0.30143797289238033	0.0	0.0	0.0	0.0	0.0	0.0	0.0	0.0	0.0	0.0	0.0	0.0	0.0	0.8457971950811928	0.0	3.3155248697462465	0.0	0.0	0.0	0.0	1.6342650777453371	0.0	0.0	0.0	0.0	0.0	0.0	0.0	0.0	0.30143797289238033	0.0	0.0	0.30143797289238033	0.0	0.0	0.0	0.0	0.0	0.0	0.0	0.0	0.0	0.0	0.0	0.0	0.0	1.1468854028933766	0.0	0.30143797289238033	0.0	0.0	0.30143797289238033	0.0	0.0	0.0	0.0	2.1500289054109207	0.6996225840658213	0.0	0.30143797289238033	0.0	0.0	0.0	0.0	0.0	0.0	0.0	0.0	0.0	0.0	0.0	0.0	0.0	0.0	0.0	0.0	2.1375301911865243	0.0	0.0	1.2795262858575833	0.0	0.9549675375354254	0.0	0.0	0.0	0.0	0.0	1.6820398334753293	0.30143797289238033	0.0	0.4776651392342331	2.094230685656096	0.0	0.602671813539983	0.0	0.0	0.0	0.30143797289238033	0.0	0.0	0.6996225840658213	0.0	0.30143797289238033	0.0	2.6971703208427638	0.0	0.0	0.0	0.0	0.0	0.0	0.0	0.0	0.0	0.0	0.0	0.0	0.30143797289238033	0.0	0.0	0.0	0.0	0.0	0.0	0.0	0.9038036958274464	0.0	0.4776651392342331	0.0	0.4776651392342331	0.0	0.0	0.0	0.0	0.0	0.0	0.0	0.0	0.0	0.0	0.0	4.123129708049633	0.0	0.9038036958274464	0.0	0.0	0.0	0.602671813539983	0.0	0.0	0.0	0.0	0.0	0.0	0.0	0.0	0.0	2.386418492034948	0.0	0.0	0.0	0.0	0.0	0.0	0.0	0.0	0.0	0.0	0.602671813539983	0.30143797289238033	0.0	1.654009978154028	0.0	0.4776651392342331	0.0	0.0	0.0	0.0	0.0	0.0	0.0	0.0	0.0	0.0	0.0	0.8457971950811928	0.0	0.0	0.0	0.9038036958274464	0.6996225840658213	0.0	0.0	0.4776651392342331	0.6996225840658213	0.0	0.30143797289238033	0.7788309996671241	2.146937787156315	0.0	0.0	0.0	0.4776651392342331	0.0	0.0	0.0	0.602671813539983	1.4479445017057213	0.0	0.0	0.0	0.0	0.0	0.4776651392342331	0.0	0.0	0.0	0.0	0.0	0.0	0.0	0.0	0.602671813539983	0.9038036958274464	0.0	2.7918027281918207	0.0	0.0	0.0	0.0	2.3312255373883786	0.0	0.0	0.0	0.0	0.30143797289238033	0.0	0.9549675375354254	0.9038036958274464	0.0	0.0	0.0	0.0	0.0	0.7788309996671241	0.0	0.0	0.0	0.0	0.0	0.602671813539983	0.0	0.0	1.000734083292169	0.0	0.30143797289238033	0.0	0.0	0.0	1.3018048250021697	0.0	0.0	0.0	0.0	0.0	0.30143797289238033	4.0420897225224435	0.4776651392342331	0.0	0.0	0.0	0.30143797289238033	0.0	0.0	0.0	0.30143797289238033	0.0	0.0	0.0	0.0	0.0	0.0	0.602671813539983	0.0	0.0	0.0	0.0	0.0	0.30143797289238033	2.585144674032792	0.0	0.6996225840658213	0.0	0.0	0.30143797289238033	0.30143797289238033	0.0	0.0	0.0	0.602671813539983	0.0
SRR13358009	0.9262961355404515	0.0	0.9858282488127733	0.0	0.0	0.0	0.0	0.0	0.6739005936180469	0.0	0.0	1.127056183116552	0.7752025388908481	0.35021893665216397	0.0	0.0	0.0	0.6739005936180469	0.5415418050991968	0.0	0.7752025388908481	0.0	0.0	0.0	0.0	0.35021893665216397	0.0	0.9858282488127733	0.0	3.0112980070823765	0.35021893665216397	0.0	0.0	0.0	0.5415418050991968	0.0	0.0	0.35021893665216397	0.0	0.0	0.0	0.0	1.0848853595071035	0.0	0.0	0.0	0.35021893665216397	0.35021893665216397	0.0	0.0	0.0	0.0	0.0	0.0	0.0	1.127056183116552	0.7752025388908481	0.0	0.8572872574177622	0.0	2.0166471075687182	0.0	0.0	0.0	0.0	0.35021893665216397	0.0	0.0	0.0	0.0	2.922548437971512	0.0	0.0	0.0	0.0	0.5415418050991968	0.0	0.0	0.0	0.0	0.0	0.35021893665216397	0.0	0.0	0.0	0.0	0.0	0.0	0.0	0.0	0.35021893665216397	0.0	0.7752025388908481	1.3188476996273775	0.0	0.5415418050991968	0.0	0.0	0.0	0.0	0.0	2.9061532332263957	0.35021893665216397	0.0	1.2922062158521288	3.0322922351164494	0.0	0.8572872574177622	0.0	0.0	0.0	0.0	0.5415418050991968	0.9262961355404515	2.079273888363829	0.35021893665216397	0.0	0.0	1.8553461935529296	0.0	0.0	0.0	0.0	0.0	0.35021893665216397	0.0	0.0	0.7752025388908481	0.0	0.0	0.0	0.0	0.35021893665216397	0.0	0.6739005936180469	0.0	1.0848853595071035	0.0	0.0	0.35021893665216397	0.0	1.5958857023282211	0.0	0.0	0.0	1.1654921293840357	0.0	0.6739005936180469	0.0	0.0	0.0	0.0	0.0	1.0848853595071035	0.0	4.183267430020574	0.0	1.2638230024006574	0.35021893665216397	0.0	0.0	0.0	0.7752025388908481	0.0	0.0	0.35021893665216397	0.0	0.0	1.0381749135585494	0.0	0.0	0.0	0.0	0.0	0.0	0.0	0.0	0.0	0.0	0.0	0.0	0.0	0.9858282488127733	0.7752025388908481	0.35021893665216397	0.8572872574177622	0.35021893665216397	0.5415418050991968	0.0	0.0	0.0	0.35021893665216397	0.0	0.35021893665216397	0.0	0.0	0.0	0.5415418050991968	0.0	2.203307094398193	0.0	0.0	0.6739005936180469	0.8572872574177622	1.670936187656393	0.35021893665216397	0.0	0.8572872574177622	1.8982344065637715	0.0	0.0	0.35021893665216397	2.9746433915311234	0.0	0.35021893665216397	0.0	1.390177965614108	0.0	0.0	0.0	0.9858282488127733	2.0968578972518985	0.0	0.0	0.35021893665216397	0.0	0.0	0.8572872574177622	0.0	0.0	0.0	0.0	0.0	0.0	0.0	0.5415418050991968	0.5415418050991968	2.421354138441237	0.0	1.7818472514106776	0.0	0.0	0.0	0.0	2.6089867750864855	0.0	0.0	0.0	0.0	0.0	0.0	0.0	1.7447106466254203	0.0	0.0	0.0	0.0	0.0	0.6739005936180469	0.0	0.0	0.0	0.0	0.0	0.5415418050991968	0.0	0.0	3.467348378792089	0.0	0.0	0.0	0.0	0.0	2.277511117267126	0.0	0.0	1.0848853595071035	0.0	0.0	0.0	2.4393435142970237	0.7752025388908481	0.0	0.0	0.0	0.0	0.0	0.0	0.0	0.0	0.0	0.0	0.0	0.0	0.35021893665216397	0.0	1.5216100596423805	0.0	0.0	0.0	0.0	0.0	0.0	3.588609033753709	0.0	1.6093296997041133	0.0	0.0	1.2638230024006574	0.0	0.0	0.0	0.6739005936180469	1.6822741744345637	0.0
SRR13358010	0.18626272610123687	0.0	0.18626272610123687	0.0	0.0	0.0	0.0	0.0	0.83828237084654	0.0	0.49723140774539354	0.18626272610123687	1.3902992244113803	0.416080536740019	0.0	0.0	0.0	0.0	0.0	0.0	0.0	0.0	0.0	0.0	0.0	0.18626272610123687	0.0	1.6201513414840232	0.0	1.5340747265014059	2.756499599097683	0.0	0.0	0.416080536740019	3.788657676713134	0.0	0.0	0.18626272610123687	0.0	0.0	0.0	0.0	0.7649163180193962	0.0	0.0	0.0	0.31619923552309787	0.0	0.0	0.0	0.0	0.0	0.0	0.0	0.0	0.49723140774539354	0.0	0.0	0.0	0.0	0.7649163180193962	0.0	0.31619923552309787	0.18626272610123687	0.0	0.0	0.0	0.0	0.0	0.18626272610123687	2.1435480372064317	1.0880105047963107	0.0	0.18626272610123687	0.0	0.18626272610123687	0.0	0.49723140774539354	0.416080536740019	0.0	0.0	0.0	0.0	0.0	0.0	0.0	0.18626272610123687	0.18626272610123687	0.0	0.0	0.0	0.0	0.0	0.416080536740019	1.1580197686639961	0.0	0.0	0.0	0.0	0.0	0.0	1.7194338842504417	0.7649163180193962	0.0	0.416080536740019	2.2497608815521386	0.0	0.8707869659287377	0.0	0.0	0.0	0.0	0.18626272610123687	0.0	0.18626272610123687	0.0	0.0	0.0	1.520257322868718	0.0	0.0	0.18626272610123687	0.0	0.0	0.0	0.0	0.0	0.0	0.0	0.0	0.0	0.0	0.31619923552309787	0.0	0.0	0.0	0.18626272610123687	0.0	0.0	0.9558408775179457	0.0	0.0	0.0	0.18626272610123687	0.0	0.0	0.0	0.0	0.0	0.31619923552309787	0.0	0.0	0.0	0.31619923552309787	0.0	4.30419064861887	0.0	1.2585764707160276	0.0	0.0	0.0	0.18626272610123687	0.722992810050945	0.0	0.0	0.6765856537226351	0.0	0.0	0.0	0.0	0.0	0.18626272610123687	0.0	0.0	0.18626272610123687	0.0	0.0	0.0	0.18626272610123687	0.31619923552309787	0.0	0.0	0.31619923552309787	1.4681097083478916	0.0	0.18626272610123687	0.0	1.1065989436054926	0.0	0.0	0.0	0.6246196800232378	0.9010272556316384	0.0	0.0	0.0	0.0	0.0	0.0	0.8707869659287377	0.0	0.0	0.0	1.318380343415017	0.31619923552309787	0.9558408775179457	0.0	0.5655796233464425	0.49723140774539354	0.0	0.31619923552309787	0.5655796233464425	1.8146835063234035	0.0	0.0	0.0	0.416080536740019	0.0	0.0	0.18626272610123687	0.31619923552309787	0.83828237084654	0.0	0.0	0.0	0.0	0.0	0.49723140774539354	0.0	0.0	0.18626272610123687	0.0	0.18626272610123687	0.31619923552309787	0.0	0.18626272610123687	0.0	0.8707869659287377	0.0	2.9947616014567395	0.0	0.18626272610123687	0.0	0.0	2.20861248391373	0.0	0.0	0.0	0.0	0.0	0.0	0.31619923552309787	0.49723140774539354	0.0	0.0	0.0	0.0	0.0	0.0	0.18626272610123687	0.0	0.18626272610123687	0.18626272610123687	0.0	0.416080536740019	0.0	0.0	1.7325466791055875	0.0	0.0	0.0	0.0	0.0	0.18626272610123687	0.0	0.0	0.416080536740019	0.0	0.0	0.0	2.522494167942137	0.0	0.0	0.0	0.0	0.0	0.0	0.0	0.0	0.0	0.0	0.0	0.0	0.0	0.0	0.0	0.18626272610123687	0.0	0.0	0.0	0.0	0.0	0.0	1.5604567598190802	0.18626272610123687	0.6246196800232378	0.0	0.0	0.18626272610123687	0.0	0.0	0.0	0.49723140774539354	0.722992810050945	0.0
SRR13358013	0.0	0.0	0.8131140183609025	0.0	0.0	0.0	0.0	0.0	0.633650455001945	0.0	0.3223435248245578	0.0	2.926939349233421	0.3223435248245578	0.0	0.0	0.0	0.3223435248245578	0.0	0.0	0.0	0.0	0.0	0.0	0.0	0.0	0.0	0.7325869912786304	0.0	3.604387499807055	2.576808191270651	0.0	0.0	0.0	0.9914390198104254	0.0	0.0	0.0	0.0	0.0	0.0	0.0	1.826308400021476	0.0	0.0	0.0	0.0	0.0	0.0	0.0	0.0	0.0	0.0	0.0	0.0	0.5053130230273292	0.0	0.0	0.0	0.0	1.4016282688090125	0.0	0.0	0.0	0.0	0.3223435248245578	0.3223435248245578	0.0	0.0	0.0	2.36572409873991	0.8810195333185462	0.0	0.3223435248245578	0.0	0.0	0.0	0.0	0.3223435248245578	0.0	0.0	0.0	0.0	0.0	0.0	0.0	0.0	0.0	0.0	0.0	0.3223435248245578	0.0	0.3223435248245578	0.9397291379338107	0.5053130230273292	0.9914390198104254	0.0	0.0	0.8810195333185462	0.3223435248245578	0.0	1.6741741116226976	0.0	0.0	0.3223435248245578	2.767466828638134	0.0	0.7325869912786304	0.0	0.0	0.0	0.0	0.0	0.0	0.0	0.0	0.0	0.0	0.633650455001945	0.0	0.0	0.3223435248245578	0.0	0.0	0.0	0.0	0.0	0.0	0.0	0.0	0.0	0.0	0.5053130230273292	0.0	0.3223435248245578	0.0	0.0	0.0	0.0	1.0793986253912595	0.0	0.633650455001945	0.0	0.0	0.0	0.0	0.0	0.0	0.0	0.0	0.0	0.0	0.0	0.0	0.0	4.255596477854858	0.0	1.4016282688090125	0.3223435248245578	0.0	0.0	0.0	0.3223435248245578	0.0	0.0	0.0	0.0	0.0	0.0	0.0	0.0	1.7732878312294809	0.0	0.0	0.0	0.0	0.0	0.0	0.3223435248245578	0.0	0.0	0.0	0.9914390198104254	0.5053130230273292	0.0	1.886160392650792	0.0	1.1174903339653126	0.0	0.0	0.0	0.5053130230273292	1.5845621863081265	0.0	0.0	0.0	0.0	0.0	0.0	1.9103247652899606	0.0	0.0	0.0	1.3182890728778747	0.0	0.3223435248245578	0.0	0.7325869912786304	0.5053130230273292	0.0	0.7325869912786304	0.633650455001945	1.8191189528518055	0.0	0.0	0.0	0.5053130230273292	0.0	0.0	0.0	0.0	1.471520837538282	0.0	0.0	0.0	0.0	0.0	0.633650455001945	0.0	0.0	0.0	0.0	0.3223435248245578	0.0	0.0	0.5053130230273292	0.3223435248245578	1.1849130714138532	0.0	0.7325869912786304	0.0	0.0	0.0	0.0	2.234499877746401	0.0	0.0	0.0	0.0	0.3223435248245578	0.0	1.4016282688090125	0.5053130230273292	0.0	0.0	0.0	0.0	0.0	0.633650455001945	0.0	0.0	0.0	0.0	0.0	0.3223435248245578	0.0	0.7325869912786304	2.9606600830956555	0.0	0.0	0.0	0.0	0.0	1.1849130714138532	0.0	0.0	0.0	0.3223435248245578	0.0	0.0	3.5217674056441295	0.5053130230273292	0.0	0.0	0.0	0.0	0.3223435248245578	0.0	0.0	0.0	0.0	0.0	0.0	0.0	0.0	0.0	0.0	0.0	0.0	0.0	0.0	0.0	0.0	1.037641883472803	0.0	0.633650455001945	0.0	0.0	0.3223435248245578	0.0	0.0	0.0	0.633650455001945	0.0	0.0
SRR13358014	0.0	0.0	0.44274578450362845	0.0	0.0	0.0	0.0	0.0	0.44274578450362845	0.0	0.0	0.338681844451142	3.3438719073674688	0.44274578450362845	0.0	0.0	0.0	0.0	0.0	0.0	0.0	0.0	0.0	0.0	0.0	0.0	0.0	0.5266316743675561	0.0	3.8876665385036286	0.20155162272403898	0.0	0.0	0.0	0.5969079921195813	0.0	0.0	0.0	0.0	0.0	0.0	0.0	1.714234618069737	0.0	0.0	0.0	0.20155162272403898	0.0	0.0	0.0	0.0	0.0	0.0	0.0	0.0	0.0	0.20155162272403898	0.0	0.0	0.0	0.9938102260086076	0.0	0.20155162272403898	0.0	0.0	0.0	0.0	0.0	0.0	0.0	1.9718268146113012	0.338681844451142	0.0	0.0	0.0	0.20155162272403898	0.0	0.0	0.0	0.0	0.0	0.20155162272403898	0.0	0.0	0.0	0.0	0.0	0.20155162272403898	0.0	0.0	0.0	0.0	0.0	0.9669822907913374	0.0	0.5969079921195813	0.0	0.0	0.338681844451142	0.0	0.0	1.568489318579986	0.5266316743675561	0.0	0.0	2.3794660727116037	0.0	0.44274578450362845	0.0	0.0	0.0	0.0	0.0	0.0	0.44274578450362845	0.0	0.0	0.0	0.20155162272403898	0.0	0.0	0.0	0.0	0.0	0.0	0.0	0.20155162272403898	0.0	0.0	0.0	0.0	0.0	0.20155162272403898	0.0	0.20155162272403898	0.0	0.0	0.0	0.0	0.20155162272403898	0.0	0.44274578450362845	0.20155162272403898	0.0	0.0	0.0	0.0	0.0	0.0	0.0	0.0	0.0	0.0	0.20155162272403898	0.0	3.9834476787276114	0.0	0.7104524936961137	0.0	0.0	0.0	0.0	0.0	0.0	0.0	0.0	0.0	0.0	0.0	0.0	0.0	0.20155162272403898	0.0	0.0	0.0	0.0	0.0	0.0	0.0	0.0	0.0	0.0	0.338681844451142	0.5266316743675561	0.0	0.338681844451142	0.0	0.5266316743675561	0.0	0.0	0.0	0.20155162272403898	1.391334429418068	0.0	0.0	0.0	0.0	0.0	0.0	0.5969079921195813	0.0	0.0	0.20155162272403898	1.1075937003237848	0.5969079921195813	0.44274578450362845	0.20155162272403898	0.338681844451142	0.44274578450362845	0.0	0.338681844451142	0.20155162272403898	2.2332066846908045	0.0	0.0	0.0	0.44274578450362845	0.0	0.0	0.0	0.0	0.7577395239129793	0.0	0.0	0.0	0.0	0.0	0.0	0.0	0.0	0.338681844451142	0.0	0.0	0.0	0.0	0.0	0.0	0.9077761028572279	0.0	0.338681844451142	0.0	0.0	0.0	0.0	2.343783547916999	0.0	0.0	0.0	0.0	0.0	0.0	1.1976703770318595	0.338681844451142	0.0	0.0	0.0	0.0	0.0	0.6573804401141465	0.20155162272403898	0.0	0.0	0.0	0.20155162272403898	0.7577395239129793	0.0	0.7104524936961137	1.7191590190883055	0.0	0.0	0.0	0.0	0.0	0.9077761028572279	0.0	0.0	0.44274578450362845	0.0	0.0	0.0	3.937363504346126	0.20155162272403898	0.0	0.0	0.0	0.20155162272403898	0.0	0.0	0.0	0.20155162272403898	0.0	0.0	0.0	0.0	0.0	0.0	0.44274578450362845	0.0	0.0	0.0	0.0	0.0	0.0	0.20155162272403898	0.0	0.44274578450362845	0.0	0.0	0.0	0.0	0.0	0.0	0.338681844451142	0.5266316743675561	0.0
SRR13358015	0.0	0.0	0.0	0.0	0.0	0.0	0.0	0.0	0.7865056161797204	0.0	0.26781827237612044	0.7212978070707605	0.432249524811627	0.9382597556420974	0.0	0.0	0.0	0.26781827237612044	0.0	0.0	0.0	0.0	0.0	0.0	0.0	0.0	0.0	1.1396065540107898	0.0	3.441661019718735	0.0	0.0	0.0	0.0	1.016210661010381	0.0	0.0	0.0	0.0	0.0	0.0	0.0	1.801068781056806	0.0	0.0	0.0	0.0	0.0	0.0	0.0	0.0	0.0	0.0	0.0	0.0	0.0	0.0	0.0	0.0	0.0	0.6445394946813189	0.0	0.0	0.0	0.0	0.0	0.26781827237612044	0.0	0.0	0.0	2.2696252222386115	0.7212978070707605	0.0	0.0	0.0	0.26781827237612044	0.0	0.0	0.0	0.0	0.0	0.0	0.0	0.0	0.0	0.0	0.0	0.0	0.0	0.0	0.0	0.0	0.0	1.4516052832569837	0.432249524811627	0.9789817780094094	0.0	0.0	0.6445394946813189	0.0	0.0	1.7244243848171097	0.0	0.0	0.0	2.672112552787633	0.0	0.5512387237157139	0.0	0.0	0.0	0.0	0.0	0.0	0.6445394946813189	0.0	0.26781827237612044	0.0	1.1656626563396668	0.0	0.0	0.0	0.0	0.0	0.0	0.0	0.26781827237612044	0.0	0.0	0.0	0.0	0.0	0.0	0.0	0.0	0.0	0.432249524811627	0.0	0.0	0.8431887429035134	0.0	0.432249524811627	0.0	0.0	0.0	0.0	0.0	0.0	0.0	0.0	0.0	0.0	0.0	0.432249524811627	0.0	3.8859434257550016	0.0	1.016210661010381	0.0	0.0	0.0	0.432249524811627	0.5512387237157139	0.0	0.0	0.0	0.0	0.0	0.0	0.0	0.0	0.5512387237157139	0.0	0.0	0.0	0.0	0.0	0.0	0.0	0.0	0.0	0.0	0.26781827237612044	0.26781827237612044	0.0	0.7865056161797204	0.0	0.8933205600627719	0.0	0.0	0.0	0.432249524811627	1.4645037682661666	0.0	0.0	0.0	0.0	0.0	0.0	0.6445394946813189	0.0	0.0	0.0	1.0822764969777936	0.7212978070707605	0.0	0.0	0.26781827237612044	0.5512387237157139	0.0	0.5512387237157139	0.0	2.72403721773035	0.0	0.0	0.0	0.26781827237612044	0.0	0.0	0.0	0.0	0.8431887429035134	0.0	0.0	0.0	0.0	0.0	0.5512387237157139	0.0	0.0	0.26781827237612044	0.26781827237612044	0.0	0.0	0.0	0.0	0.26781827237612044	0.7865056161797204	0.0	0.432249524811627	0.0	0.0	0.0	0.0	2.6334041776983255	0.0	0.0	0.0	0.0	0.0	0.0	0.0	0.432249524811627	0.0	0.0	0.0	0.0	0.0	0.8933205600627719	0.0	0.0	0.0	0.0	0.26781827237612044	0.5512387237157139	0.0	0.7212978070707605	1.850805512996848	0.0	0.0	0.26781827237612044	0.0	0.0	1.0822764969777936	0.0	0.0	0.26781827237612044	0.0	0.26781827237612044	0.0	4.223129089816297	0.0	0.0	0.0	0.0	0.26781827237612044	0.0	0.0	0.0	0.0	0.0	0.0	0.0	0.0	0.0	0.0	0.6445394946813189	0.0	0.0	0.0	0.0	0.0	0.0	0.8933205600627719	0.0	0.8933205600627719	0.0	0.0	0.26781827237612044	0.0	0.0	0.0	0.0	0.0	0.26781827237612044
SRR13358016	0.7286568863855949	0.0	0.5019991150531943	0.0	0.0	0.0	0.0	0.0	0.7286568863855949	0.0	0.3198207130952798	0.8768297409620889	2.8799841690859176	1.033259021589375	0.5019991150531943	0.3198207130952798	0.0	0.0	0.3198207130952798	0.0	0.0	0.0	0.0	0.0	0.0	1.1804022951342639	0.0	1.567241875211914	0.0	4.0074240204294025	2.710669253304497	0.0	0.0	0.0	0.987106074478131	0.0	0.0	0.0	0.0	0.0	0.0	0.0	1.604049023106527	0.0	0.3198207130952798	0.0	0.3198207130952798	0.0	0.0	0.0	0.0	0.0	0.0	0.0	0.0	0.3198207130952798	0.0	0.0	0.0	0.0	1.2651703265127705	0.0	0.0	0.0	0.3198207130952798	0.0	0.0	0.0	0.0	0.6299497248214252	2.691862381016725	1.6487243916414331	0.0	0.0	0.0	0.5019991150531943	0.0	0.0	0.0	0.0	0.0	0.5019991150531943	0.0	0.0	0.0	0.0	0.3198207130952798	0.3198207130952798	0.0	0.0	2.708824794431433	0.0	0.0	0.9354587244248692	0.3198207130952798	2.2695917306198794	0.0	0.0	0.6299497248214252	0.0	0.0	2.497577748487108	0.0	0.0	0.3198207130952798	2.240701409345801	0.6299497248214252	0.7286568863855949	0.0	0.0	0.0	0.0	0.0	0.3198207130952798	0.7286568863855949	0.6299497248214252	0.0	0.0	0.5019991150531943	0.0	0.0	0.0	0.0	0.0	0.5019991150531943	0.0	0.0	0.3198207130952798	0.0	0.0	0.0	0.0	0.0	0.0	0.3198207130952798	0.0	0.0	0.5019991150531943	0.0	1.4979815560764544	0.0	0.0	0.3198207130952798	0.5019991150531943	0.0	0.3198207130952798	0.0	0.0	0.0	0.0	0.0	0.3198207130952798	0.0	0.5019991150531943	0.0	3.8260948984376295	0.0	0.987106074478131	0.0	0.0	0.0	0.3198207130952798	0.6299497248214252	0.0	0.7286568863855949	0.0	0.0	0.0	0.0	0.0	0.0	1.3776178288363978	0.0	0.0	0.0	0.0	0.0	0.0	0.0	0.0	0.0	0.0	1.8875630996112696	1.1804022951342639	0.0	1.7436797642580062	0.0	0.8090321131907952	0.0	0.0	0.0	0.3198207130952798	1.2901097617836002	0.0	0.0	0.0	0.0	0.0	0.0	1.726277382230994	0.0	0.0	0.0	2.115689116974487	0.5019991150531943	0.6299497248214252	0.0	0.0	1.3136944880899435	0.6299497248214252	0.3198207130952798	0.7286568863855949	2.2379771632810472	0.0	0.3198207130952798	0.0	0.9354587244248692	0.0	0.3198207130952798	0.0	0.0	2.805380004168356	0.0	0.0	0.0	0.0	0.0	0.5019991150531943	0.0	0.0	0.0	0.0	0.0	0.3198207130952798	0.0	0.3198207130952798	2.009554329163242	1.2105344943255247	0.0	3.2354367728246247	0.0	0.0	0.0	0.0	3.435769005143857	0.0	0.0	0.0	0.0	0.0	0.0	0.5019991150531943	0.987106074478131	0.0	0.0	0.0	0.0	0.0	0.6299497248214252	0.3198207130952798	0.0	0.5019991150531943	0.0	0.7286568863855949	0.8090321131907952	0.0	0.5019991150531943	1.2901097617836002	0.3198207130952798	0.0	0.3198207130952798	0.0	0.0	0.8090321131907952	0.3198207130952798	0.0	0.6299497248214252	0.0	0.0	0.0	3.3716413876416502	0.0	0.0	0.0	0.0	0.0	0.0	0.0	0.0	0.0	0.0	0.0	0.3198207130952798	0.0	0.0	0.0	0.8090321131907952	0.0	0.3198207130952798	0.0	0.0	0.0	0.5019991150531943	2.9409323879976323	0.0	1.3776178288363978	0.0	0.0	0.0	0.0	0.0	0.8090321131907952	0.0	1.1480225579395769	0.0
SRR13358020	0.0	0.0	2.924280357444176	0.0	0.0	0.0	0.0	0.0	0.9316345618274958	0.0	0.0	0.2643842346398541	4.023912910765586	0.0	0.0	0.0	0.0	0.2643842346398541	0.0	0.0	0.0	0.0	0.0	0.0	0.0	0.0	0.0	0.0	0.0	3.9633056310523336	2.960832378643062	0.0	0.0	0.0	1.999580013081994	0.0	0.0	0.0	0.0	0.0	0.0	0.0	0.7802440916960316	0.0	0.0	0.0	0.2643842346398541	0.2643842346398541	0.0	0.0	0.0	0.0	0.0	0.0	0.0	0.7152359309352785	0.2643842346398541	0.0	0.0	0.0	0.42753930799267625	0.0	0.0	0.0	0.0	0.0	0.0	0.0	0.0	0.0	1.7239985071034596	0.5458625250907672	0.0	0.0	0.0	0.2643842346398541	0.0	0.0	0.0	0.0	0.0	0.2643842346398541	0.0	0.0	0.0	0.0	0.0	0.0	0.0	0.0	0.0	0.0	0.0	0.42753930799267625	0.42753930799267625	2.2115627150132444	0.0	0.0	0.0	0.0	0.0	0.7152359309352785	0.0	0.0	0.0	2.241795254651991	0.0	1.0436752856226617	0.0	0.0	0.0	0.0	0.0	0.0	0.6387543086775795	0.0	0.0	0.0	0.7152359309352785	0.0	0.0	0.0	0.0	0.0	0.0	0.0	0.0	0.0	0.0	0.0	0.0	0.0	0.0	0.0	0.0	0.0	0.2643842346398541	0.0	0.0	0.6387543086775795	0.2643842346398541	0.0	0.0	0.0	0.0	0.2643842346398541	0.0	0.0	0.0	0.0	0.0	0.0	0.0	0.0	0.0	3.733776086415293	0.0	1.6063136753801532	0.0	0.0	0.0	0.2643842346398541	0.42753930799267625	0.0	0.0	0.0	0.0	0.0	0.0	0.0	0.0	1.2495231167522247	0.0	0.0	0.0	0.0	0.0	0.0	0.0	0.0	0.0	0.0	0.6387543086775795	0.0	0.0	0.2643842346398541	0.0	0.42753930799267625	0.0	0.0	0.0	0.42753930799267625	1.1586827425723154	0.0	0.0	0.0	0.0	0.0	0.0	2.3402906294016237	0.0	0.0	0.0	0.8367763667794113	0.0	0.0	0.0	0.42753930799267625	0.0	0.0	0.0	0.0	0.8867901873319484	0.0	0.0	0.0	0.2643842346398541	0.0	0.0	0.0	0.0	0.9722787213908707	0.0	0.0	0.0	0.0	0.0	0.7152359309352785	0.0	0.0	0.0	0.0	0.0	0.0	0.0	0.0	0.8367763667794113	0.8367763667794113	0.0	1.1586827425723154	0.0	0.0	0.0	0.0	2.582477653046011	0.0	0.0	0.0	0.0	0.0	0.0	0.6387543086775795	0.2643842346398541	0.0	0.0	0.0	0.0	0.0	0.42753930799267625	0.0	0.0	0.0	0.0	0.0	0.6387543086775795	0.0	0.0	1.7028755514783411	0.0	0.0	0.0	0.0	0.0	2.9667671145881744	0.0	0.0	0.0	0.0	0.0	0.0	1.1586827425723154	0.0	0.0	0.0	0.0	0.0	0.0	0.0	0.0	0.0	0.0	0.0	0.0	0.0	0.0	0.0	0.0	0.2643842346398541	0.0	0.0	0.0	0.0	0.0	1.5972073153636643	0.0	0.0	0.0	0.0	0.2643842346398541	0.0	0.0	0.7802440916960316	0.42753930799267625	0.0	0.0
SRR13358021	0.7834902479141946	0.26616174872824117	0.26616174872824117	0.0	0.0	0.0	0.42997912107921676	0.0	1.1362619566370902	0.0	0.26616174872824117	1.531254117844862	0.26616174872824117	0.6417527251717283	0.0	0.0	0.5486483346652653	0.0	0.26616174872824117	0.0	0.5486483346652653	0.0	0.0	0.0	0.0	0.26616174872824117	0.0	1.0129523082867764	0.0	2.5391347166543468	0.0	0.0	0.0	0.0	2.217658481798311	0.0	0.0	0.26616174872824117	0.0	0.0	0.0	0.0	0.8901762268804004	0.0	0.0	0.0	0.26616174872824117	0.0	0.0	0.0	0.0	0.0	0.0	0.0	0.0	1.1362619566370902	0.7834902479141946	0.0	0.8901762268804004	0.0	1.1868700888523718	0.0	0.0	0.0	0.0	0.0	0.0	0.0	0.0	0.0	2.3620778365243185	0.5486483346652653	0.0	0.0	0.0	0.0	0.6417527251717283	0.0	0.26616174872824117	0.26616174872824117	0.0	0.0	0.0	0.42997912107921676	0.0	0.0	0.26616174872824117	0.26616174872824117	0.0	0.0	1.9693301393668567	0.0	0.26616174872824117	0.0	0.9350699472543841	0.0	0.0	0.26616174872824117	0.0	0.0	0.0	2.812682099954528	0.42997912107921676	0.0	0.8901762268804004	3.2197357176635095	0.0	0.9350699472543841	0.0	0.0	0.0	0.0	0.26616174872824117	0.0	0.5486483346652653	0.0	0.0	0.0	0.42997912107921676	0.0	0.0	0.0	0.0	0.0	0.0	0.0	0.0	0.9350699472543841	0.0	0.0	0.0	0.0	0.26616174872824117	0.0	0.26616174872824117	0.0	0.26616174872824117	0.0	0.0	1.1362619566370902	0.0	0.0	0.0	0.26616174872824117	0.0	0.0	0.0	0.0	0.0	0.0	0.0	0.0	0.0	1.0129523082867764	0.0	4.393420530653415	0.0	0.8401010068819291	0.0	0.0	0.0	0.0	0.0	0.0	0.0	0.0	0.0	0.26616174872824117	0.0	0.0	0.0	0.8901762268804004	0.0	0.0	0.0	0.0	0.0	0.0	0.26616174872824117	0.0	0.0	0.0	1.0789689387476644	1.89186595976005	0.26616174872824117	0.42997912107921676	0.26616174872824117	0.7834902479141946	0.0	0.0	0.0	0.42997912107921676	0.26616174872824117	0.0	0.0	0.0	0.0	0.0	0.7834902479141946	1.0129523082867764	0.0	0.0	0.42997912107921676	1.4857156738598856	0.5486483346652653	0.0	0.0	1.0472138071719306	1.5523495059795716	0.0	0.6417527251717283	0.5486483346652653	2.3095634197960537	0.0	0.26616174872824117	0.0	1.3283156763388633	0.0	0.0	0.0	0.0	0.5486483346652653	0.0	0.0	0.0	0.0	0.0	0.9757546312944523	0.0	0.0	0.42997912107921676	0.0	0.0	0.0	0.0	0.42997912107921676	0.6417527251717283	0.9757546312944523	0.0	0.6417527251717283	0.0	0.0	0.0	0.0	2.318474806770088	0.0	0.0	0.0	0.0	0.42997912107921676	0.0	0.8401010068819291	1.847249420191771	0.0	0.0	0.0	0.0	0.0	0.0	0.0	0.0	0.0	0.0	0.0	0.26616174872824117	0.0	0.0	2.086130116533967	0.0	0.0	0.0	0.0	0.0	0.0	0.0	0.0	1.0472138071719306	0.0	0.42997912107921676	0.0	2.1901015797333043	0.0	0.0	0.0	0.0	0.0	0.0	0.0	0.0	0.0	0.0	0.0	0.0	0.0	0.0	0.0	1.4857156738598856	0.0	0.0	0.0	0.0	0.0	0.0	0.9350699472543841	0.26616174872824117	1.5916946755134815	0.0	0.0	0.6417527251717283	0.0	0.0	0.0	0.26616174872824117	1.7066875735047164	0.0
SRR13358022	0.0	0.0	2.9833962389182678	0.0	0.0	0.0	0.0	0.0	0.6400614553374604	0.0	0.0	0.0	0.6400614553374604	0.511060858503485	0.0	0.0	0.3267301020931162	0.0	0.0	0.0	0.0	0.0	0.0	0.0	0.0	0.0	0.0	0.8201769366860276	0.0	4.1718483830707	2.5549664253608255	0.0	0.0	0.0	0.8201769366860276	0.0	0.0	0.0	0.0	0.0	0.0	0.0	0.8201769366860276	0.0	0.0	0.0	0.0	0.0	0.0	0.0	0.3267301020931162	0.0	0.0	0.0	0.0	0.3267301020931162	0.0	0.0	0.3267301020931162	0.0	1.1927076316070233	0.0	0.0	0.0	0.0	0.0	0.0	0.0	0.0	0.0	2.6710273183260655	0.3267301020931162	0.0	0.0	0.0	0.511060858503485	0.0	0.0	0.0	0.0	0.0	0.6400614553374604	0.0	0.0	0.0	0.0	0.0	0.0	0.0	0.0	0.3267301020931162	0.0	0.0	0.8201769366860276	0.0	0.3267301020931162	0.0	0.0	0.9989304427189719	0.0	0.0	1.1602615166464854	0.0	0.0	0.0	1.7116945587965788	0.0	1.4795761625139776	0.0	0.0	0.0	0.0	0.0	0.0	1.2511240695546941	0.0	0.3267301020931162	0.0	1.428204196979162	0.0	0.0	0.0	0.0	0.0	0.0	0.0	0.0	0.0	0.0	0.0	0.0	0.0	0.0	0.3267301020931162	0.511060858503485	0.0	0.0	0.0	0.0	0.8882666882188304	0.0	0.7393904736114275	0.3267301020931162	0.0	0.0	0.0	0.0	0.0	0.0	0.0	0.0	0.3267301020931162	0.0	0.3267301020931162	0.3267301020931162	3.9239173084914776	0.0	0.8882666882188304	0.0	0.0	0.0	0.0	0.3267301020931162	0.0	0.0	0.0	0.0	0.0	0.3267301020931162	0.0	0.0	0.511060858503485	0.0	0.0	0.0	0.3267301020931162	0.0	0.0	0.0	0.0	0.0	0.0	0.0	0.511060858503485	0.0	0.6400614553374604	0.0	0.6400614553374604	0.0	0.0	0.0	0.3267301020931162	1.3486276737358396	0.0	0.0	0.0	0.0	0.0	0.0	2.9599964515353734	0.0	0.0	0.0	2.248322231709722	0.3267301020931162	0.3267301020931162	0.0	0.3267301020931162	0.511060858503485	0.0	0.0	0.6400614553374604	1.7814828233896194	0.0	0.0	0.0	0.511060858503485	0.0	0.0	0.0	0.3267301020931162	1.4631182371849383	0.0	0.0	0.3267301020931162	0.0	0.0	0.3267301020931162	0.0	0.0	0.3267301020931162	0.0	0.3267301020931162	0.0	0.0	0.0	0.3267301020931162	1.2511240695546941	0.0	1.8881284997566565	0.0	0.0	0.0	0.0	3.076861230322419	0.0	0.0	0.0	0.0	0.0	0.0	1.2228973018004243	0.0	0.0	0.0	0.0	0.0	0.0	0.0	0.0	0.0	0.0	0.0	0.0	0.511060858503485	0.0	0.0	1.3902360092349382	0.0	0.3267301020931162	0.3267301020931162	0.0	0.0	3.1327103254909243	0.0	0.0	0.0	0.0	0.3267301020931162	0.0	1.6285037536554823	0.7393904736114275	0.0	0.0	0.0	0.0	0.0	0.0	0.0	0.0	0.0	0.0	0.0	0.0	0.0	0.0	0.0	0.0	0.3267301020931162	0.0	0.0	0.0	0.0	0.8882666882188304	0.0	0.6400614553374604	0.0	0.0	0.511060858503485	0.0	0.0	0.0	0.511060858503485	0.0	0.0
SRR13358023	1.230288612476685	0.0	1.0667910618046408	0.0	0.0	0.0	0.0	0.0	0.8014889147396556	0.0	0.8014889147396556	1.812745647440114	0.9540911081403983	1.2935690892179854	0.0	0.0	0.8014889147396556	1.348790845961157	0.0	0.0	0.9540911081403983	0.0	0.0	0.0	0.0	0.0	0.0	3.6904687162756296	0.0	3.5748250109869164	0.0	0.0	0.0	0.0	1.5183487722069304	0.0	0.0	0.0	0.5641475605746571	0.0	0.0	0.0	1.1561887563554056	0.0	0.5641475605746571	0.0	0.0	0.9540911081403983	0.0	0.0	0.0	0.0	0.0	0.0	0.0	1.0667910618046408	1.1561887563554056	0.0	0.5641475605746571	0.0	2.5274600762279804	0.8014889147396556	0.0	0.0	0.5641475605746571	0.5641475605746571	0.0	0.0	0.0	0.0	2.36718632202659	1.0667910618046408	0.0	0.5641475605746571	0.0	0.8014889147396556	0.5641475605746571	0.0	0.8014889147396556	0.0	0.0	0.5641475605746571	0.0	0.0	0.0	0.0	0.5641475605746571	0.8014889147396556	0.0	0.0	0.8014889147396556	0.0	0.0	1.812745647440114	0.0	0.0	0.0	0.0	0.0	0.0	0.0	3.421598135541171	1.6399836122016145	0.0	1.5834106997055173	1.9223841728017064	0.0	2.468669697496255	0.0	0.0	0.0	0.0	0.0	0.8014889147396556	2.6254854333771522	0.9540911081403983	0.0	0.0	3.832742909273509	0.0	0.0	0.0	0.0	0.0	0.0	0.0	0.0	1.4417926651595105	0.0	0.5641475605746571	0.0	0.0	0.0	0.0	0.8014889147396556	0.0	1.348790845961157	0.8014889147396556	0.0	0.5641475605746571	0.0	1.908316791954647	0.5641475605746571	0.0	0.0	1.4417926651595105	0.0	0.0	0.0	0.0	0.0	1.1561887563554056	0.0	1.3977764929887646	0.0	2.3621872021202064	0.0	3.205665447465987	0.5641475605746571	0.0	0.0	0.0	1.0667910618046408	0.0	0.0	0.5641475605746571	0.0	0.0	1.4417926651595105	0.5641475605746571	0.0	0.0	0.0	0.0	0.0	0.0	0.0	0.0	0.0	0.0	0.0	0.0	1.7348991550259991	2.456702173921596	0.0	1.1561887563554056	0.5641475605746571	1.0667910618046408	0.0	0.0	0.0	0.5641475605746571	0.0	0.0	0.0	0.0	0.0	0.9540911081403983	1.0667910618046408	2.7008220065663484	0.0	0.0	0.9540911081403983	0.8014889147396556	1.2935690892179854	1.1561887563554056	0.0	0.9540911081403983	2.4647170522329853	0.0	0.0	1.0667910618046408	1.6399836122016145	0.0	1.1561887563554056	0.8014889147396556	1.9360101525074436	0.0	0.0	0.0	1.6126176817361308	2.611553394371038	0.0	0.0	0.0	0.0	0.5641475605746571	1.812745647440114	0.0	0.0	0.0	0.0	0.0	0.0	0.0	1.1561887563554056	0.9540911081403983	2.4359929409097494	0.0	2.2066566040164646	0.0	0.0	0.0	0.0	1.6126176817361308	0.0	0.0	0.0	0.0	0.0	0.0	2.021020591404212	2.042537952961116	0.0	0.0	0.0	0.0	0.0	0.9540911081403983	0.0	0.0	0.0	0.0	0.0	0.9540911081403983	0.0	0.0	2.1365514805114283	0.0	0.0	0.5641475605746571	0.0	0.0	1.0667910618046408	0.0	0.0	1.5183487722069304	0.0	0.0	0.0	2.9204748757518693	0.8014889147396556	0.0	0.0	0.0	0.0	0.8014889147396556	0.0	0.0	0.0	0.0	0.0	0.0	0.0	0.0	0.0	2.021020591404212	0.0	0.0	0.0	0.0	0.0	0.0	3.498920846211296	0.0	2.1768860902227325	0.0	0.0	1.348790845961157	0.0	0.0	0.0	1.230288612476685	2.1365514805114283	0.0
SRR13358024	2.1077348518636247	0.0	2.9397759546281437	0.0	0.0	0.0	0.2866723753432052	0.0	0.820186364595641	0.0	0.0	0.0	2.4800898688005772	0.2866723753432052	0.0	0.0	0.0	0.0	0.0	0.0	0.580341549806324	0.0	0.0	0.0	0.0	0.7539512142980577	0.0	1.2944493433480095	0.7539512142980577	3.456241185387939	2.715922949042451	0.0	0.0	0.0	0.580341549806324	0.0	0.0	0.0	0.0	0.0	0.2866723753432052	0.0	0.7539512142980577	0.0	0.0	0.0	0.0	0.0	0.0	0.0	0.0	0.0	0.0	0.0	0.2866723753432052	0.45787030825314373	0.0	0.0	0.0	0.0	1.1767978787786029	0.0	0.0	0.0	0.580341549806324	0.0	0.0	0.0	0.0	0.675764308326553	2.7096295090658735	1.0149242825892995	0.2866723753432052	0.2866723753432052	0.0	0.0	0.0	0.0	0.580341549806324	0.0	0.0	0.675764308326553	0.0	0.0	0.0	0.2866723753432052	0.0	0.0	0.0	0.0	1.6526639948356365	0.0	0.0	0.45787030825314373	0.45787030825314373	1.2511345550512827	0.0	0.0	0.9283801640034032	0.0	0.0	1.2733317309212382	0.45787030825314373	0.0	0.0	2.3345365673145464	0.0	2.4733159367530617	0.0	0.0	0.0	0.2866723753432052	0.0	0.2866723753432052	0.45787030825314373	0.0	0.0	0.0	0.45787030825314373	0.0	0.0	0.2866723753432052	0.0	0.2866723753432052	0.2866723753432052	0.0	0.0	0.0	0.0	0.0	0.0	0.0	0.0	0.0	0.0	0.0	0.0	0.580341549806324	0.0	2.0429317792698156	0.0	0.2866723753432052	1.1767978787786029	0.2866723753432052	0.0	0.0	0.0	0.0	0.0	0.0	0.0	0.0	0.0	0.0	0.0	4.002931677679293	0.0	1.3869275683965285	0.2866723753432052	0.0	0.580341549806324	0.0	0.8776438157743347	0.2866723753432052	1.5398112858782371	0.0	0.45787030825314373	0.0	0.0	0.0	0.0	1.8345303323585684	0.0	0.0	0.0	0.0	0.0	0.0	0.0	0.2866723753432052	0.0	0.0	2.4102363619452443	0.820186364595641	0.0	0.675764308326553	0.0	0.45787030825314373	0.0	0.0	0.0	0.45787030825314373	0.580341549806324	0.0	0.0	0.0	0.0	0.0	0.0	2.537902055251245	0.2866723753432052	0.0	0.0	2.8992253017399343	0.45787030825314373	0.580341549806324	0.0	0.2866723753432052	0.45787030825314373	0.0	1.0524853538308483	1.5031603821045088	2.3250359190938545	0.0	0.0	0.0	0.2866723753432052	0.0	0.2866723753432052	0.0	0.0	1.0524853538308483	0.0	0.0	0.0	0.0	0.0	0.2866723753432052	0.0	0.0	0.0	0.45787030825314373	0.0	0.2866723753432052	0.0	0.0	3.722693862132361	1.0149242825892995	0.45787030825314373	2.0392378206388977	0.0	0.0	0.0	0.0	3.7246884810384313	0.2866723753432052	0.0	0.0	0.0	0.2866723753432052	0.0	0.7539512142980577	0.2866723753432052	0.45787030825314373	0.0	0.0	0.580341549806324	0.0	0.2866723753432052	0.45787030825314373	0.2866723753432052	0.580341549806324	1.8954326126506365	1.803746784622563	0.9738044278075456	0.0	0.45787030825314373	1.2944493433480095	0.2866723753432052	0.45787030825314373	0.0	0.0	0.0	2.575095022589077	0.0	0.0	0.0	0.0	0.0	0.45787030825314373	1.203016215769268	0.580341549806324	0.0	0.0	0.0	0.2866723753432052	0.0	0.0	0.0	0.0	0.0	0.0	0.0	0.0	0.0	0.0	0.0	0.0	0.0	0.0	0.0	0.0	1.4342323211186305	0.580341549806324	0.0	0.7539512142980577	0.0	0.0	0.0	0.0	0.0	1.1190744187982982	0.45787030825314373	0.2866723753432052	0.0
SRR13358028	0.0	0.0	0.7756779509658902	0.0	0.0	0.0	0.0	0.0	0.7756779509658902	0.54194893696194	0.0	0.0	0.7756779509658902	0.0	0.0	0.0	0.0	0.7756779509658902	0.0	0.0	0.0	0.0	0.0	0.0	0.0	0.0	0.0	2.433998571655406	0.0	3.919548562375694	0.0	0.0	0.0	0.0	2.850428499734834	0.0	0.0	0.0	0.0	0.0	0.0	0.0	1.038693840319468	0.0	0.0	0.0	0.54194893696194	0.0	0.0	0.0	0.0	0.0	0.0	0.0	0.0	0.7756779509658902	0.0	0.0	0.0	0.0	0.9267996985176388	0.0	0.0	0.0	0.0	0.0	0.0	0.0	0.0	0.0	2.560519572878781	0.54194893696194	0.0	0.0	0.0	0.0	0.0	0.0	0.0	0.0	0.0	0.54194893696194	0.0	0.0	0.0	0.0	0.0	0.0	0.0	0.0	0.0	0.0	0.0	0.9267996985176388	0.0	0.0	0.0	0.0	0.0	0.0	0.0	1.5825684667500792	0.0	0.0	0.54194893696194	2.957742159616807	0.0	1.319391514187064	0.0	0.0	0.0	0.0	0.0	0.0	0.54194893696194	0.0	0.54194893696194	0.0	1.038693840319468	0.0	0.0	0.0	0.0	0.0	0.0	0.0	0.0	0.0	0.0	0.0	0.0	0.0	0.0	0.54194893696194	0.7756779509658902	0.0	0.0	0.0	0.0	0.0	0.0	0.54194893696194	0.0	0.0	0.0	0.0	0.0	0.0	0.0	0.0	0.0	0.0	0.0	0.0	0.0	3.7520286322040004	0.0	2.052052460694941	0.0	0.0	0.0	0.0	0.0	0.0	0.0	0.0	0.0	0.0	0.0	0.0	0.0	0.54194893696194	0.0	0.0	0.0	0.0	0.0	0.0	0.7756779509658902	0.0	0.0	0.0	1.319391514187064	0.0	0.0	2.940775503718436	0.0	0.9267996985176388	0.0	0.0	0.0	0.0	0.0	0.0	0.0	0.0	0.0	0.0	0.0	1.1275847865404895	0.0	0.0	0.54194893696194	0.7756779509658902	0.54194893696194	0.0	0.0	0.0	0.54194893696194	0.0	0.0	0.54194893696194	1.4884881527042355	0.0	0.0	0.0	0.54194893696194	0.0	0.0	0.54194893696194	0.0	3.9353502327465475	0.0	0.0	0.0	0.0	0.0	0.54194893696194	0.0	0.0	0.0	0.0	0.0	0.0	0.0	0.0	0.0	1.1275847865404895	0.0	0.0	0.0	0.0	0.0	0.0	1.848330662080017	0.0	0.0	0.0	0.0	0.0	0.0	1.4121182876567215	0.54194893696194	0.0	0.0	0.0	0.0	0.0	0.0	0.0	0.0	0.0	0.0	0.0	0.7756779509658902	0.0	0.0	1.7824090278886051	0.0	0.0	0.54194893696194	0.0	0.0	2.9179395251784888	0.0	0.0	0.0	0.0	0.0	0.0	1.9187525065557756	0.0	0.0	0.0	0.0	0.0	0.0	0.0	0.0	0.0	0.0	0.0	0.0	0.0	0.0	0.0	0.0	0.0	0.0	0.0	0.0	0.0	0.54194893696194	3.3210053645429416	0.0	0.0	0.0	0.0	0.9267996985176388	0.0	0.0	0.0	0.7756779509658902	0.54194893696194	0.0
SRR13358029	0.0	0.0	0.5341892899765074	0.0	0.0	0.0	0.0	0.0	0.0	0.0	0.0	0.5341892899765074	0.7666039673374008	0.0	0.0	0.0	0.0	0.5341892899765074	0.0	0.0	0.0	0.0	0.0	0.0	0.0	0.0	0.0	0.9171827338670268	0.0	4.139037083928464	0.0	0.0	0.0	0.0	1.9207685456809105	0.0	0.0	0.0	0.0	0.0	0.0	0.0	1.0287802637641916	0.0	0.0	0.0	0.0	0.0	0.0	0.0	0.0	0.0	0.0	0.0	0.0	0.5341892899765074	0.5341892899765074	0.0	0.0	0.0	1.441445924843574	0.0	0.0	0.0	0.0	0.0	0.0	0.0	0.0	0.0	2.8991418875695425	0.0	0.0	0.0	0.0	0.0	0.0	0.0	0.5341892899765074	0.0	0.0	0.5341892899765074	0.0	0.5341892899765074	0.0	0.0	0.0	0.0	0.0	0.0	0.0	0.0	0.0	1.8220025894920677	0.0	0.5341892899765074	0.0	0.0	0.0	0.0	0.0	1.7147235572323303	0.5341892899765074	0.0	0.5341892899765074	2.2127896422432607	0.0	0.5341892899765074	0.0	0.0	0.0	0.5341892899765074	0.0	0.0	1.5719332485630788	0.0	0.0	0.0	0.0	0.0	0.0	0.0	0.0	0.0	0.0	0.0	0.0	0.0	0.0	0.5341892899765074	0.0	0.0	0.0	0.0	0.5341892899765074	0.0	0.0	0.0	0.0	0.5341892899765074	0.0	1.0287802637641916	0.0	0.0	0.0	0.0	0.0	0.0	0.0	0.0	0.0	0.0	0.0	0.0	0.0	3.5161176113050927	0.0	1.1911074599256937	0.0	0.0	0.0	0.0	0.0	0.0	0.0	0.0	0.0	0.0	0.0	0.0	0.0	0.0	0.0	0.0	0.0	0.0	0.0	0.0	0.0	0.0	0.0	0.0	1.0287802637641916	0.7666039673374008	0.0	3.1760262819512737	0.0	0.0	0.0	0.0	0.0	0.0	0.5341892899765074	0.0	0.0	0.0	0.0	0.0	0.0	1.2540401855106298	0.0	0.0	0.0	0.5341892899765074	0.5341892899765074	0.0	0.0	0.0	0.7666039673374008	0.0	0.0	0.5341892899765074	0.5341892899765074	0.0	0.0	0.5341892899765074	0.9171827338670268	0.0	0.0	0.0	0.5341892899765074	3.795398446174059	0.0	0.0	0.0	0.0	0.0	0.0	0.0	0.0	0.0	0.0	0.5341892899765074	0.0	0.0	0.0	0.0	1.117484294510346	0.0	0.9171827338670268	0.0	0.0	0.0	0.0	1.6721387026936538	0.0	0.0	0.0	0.0	0.0	0.0	2.3544533008558974	0.0	0.0	0.0	0.0	0.0	0.0	0.0	0.0	0.0	0.0	0.0	0.0	0.7666039673374008	0.0	0.0	1.2540401855106298	0.0	0.0	0.0	0.0	0.0	3.1850467547665438	0.0	0.0	0.0	0.0	0.0	0.0	2.3726628986618468	0.5341892899765074	0.0	0.0	0.0	0.0	0.0	0.0	0.0	0.0	0.0	0.0	0.0	0.0	0.5341892899765074	0.0	0.5341892899765074	0.0	0.0	0.0	0.0	0.0	0.0	3.0004300964902684	0.0	0.0	0.0	0.0	0.0	0.0	0.0	0.0	0.0	0.0	0.0
SRR13358030	1.5610749438509344	0.0	3.666186826526895	0.0	0.0	0.0	0.26083533168447504	0.0	0.8301027800490434	0.26083533168447504	0.0	0.26083533168447504	2.8241077732150046	0.26083533168447504	0.0	0.0	0.0	0.0	0.0	0.0	0.26083533168447504	0.0	0.0	0.0	0.0	0.4226568926289053	0.0	0.7737298280038598	0.0	3.5303220552863674	2.0653877283242714	0.0	0.0	0.26083533168447504	1.0977728773447	0.0	0.0	0.0	0.0	0.0	0.0	0.0	0.26083533168447504	0.0	0.26083533168447504	0.0	0.26083533168447504	0.0	0.0	0.26083533168447504	0.0	0.0	0.0	0.0	0.0	0.5402810163345939	0.4226568926289053	0.26083533168447504	0.26083533168447504	0.0	1.334053593697374	0.0	0.0	0.0	1.199142704013077	0.0	0.0	0.0	0.0	0.0	2.1309198236972087	1.3957268449572726	0.0	0.0	0.0	0.0	0.0	0.0	0.6327423873191402	0.0	0.0	0.4226568926289053	0.0	0.0	0.0	0.0	0.26083533168447504	0.0	0.0	0.0	2.033490327724015	0.0	0.0	1.0365670742481377	0.7089323524337243	1.5986876768442397	0.0	0.0	0.26083533168447504	0.0	0.0	1.6076030381428186	0.26083533168447504	0.0	0.0	2.48630121680819	0.26083533168447504	1.2421458513911756	0.0	0.0	0.0	0.4226568926289053	0.0	0.0	0.6327423873191402	0.0	0.0	0.0	0.4226568926289053	0.0	0.0	0.0	0.0	0.0	0.0	0.0	0.0	0.0	0.0	0.0	0.26083533168447504	0.0	0.0	0.0	0.0	0.0	0.26083533168447504	0.0	0.0	1.7557063703704934	0.0	0.26083533168447504	0.7737298280038598	0.5402810163345939	0.0	0.0	0.0	0.0	0.0	0.0	0.0	0.0	0.0	0.26083533168447504	0.0	3.9268756596997987	0.0	0.9652978092133414	0.0	0.0	0.5402810163345939	0.0	0.26083533168447504	0.0	0.0	0.0	0.0	0.26083533168447504	0.0	0.0	0.0	2.1092297004207774	0.0	0.0	0.0	0.0	0.0	0.0	0.0	0.0	0.0	0.0	0.7737298280038598	0.26083533168447504	0.0	1.8942119210021842	0.0	0.6327423873191402	0.0	0.0	0.0	0.0	0.0	0.0	0.0	0.0	0.0	0.0	0.0	2.2603217309662145	0.26083533168447504	0.0	0.0	2.9885712003102496	0.0	1.1514087259814068	0.0	0.6327423873191402	0.6327423873191402	0.0	0.7089323524337243	0.6327423873191402	1.199142704013077	0.0	0.0	0.0	0.0	0.0	0.0	0.0	0.0	3.212877366891792	0.0	0.0	0.0	0.0	0.0	0.0	0.0	0.0	0.0	0.26083533168447504	0.26083533168447504	0.0	0.0	0.0	3.049753203111038	0.7089323524337243	0.0	3.4692953780856812	0.0	0.0	0.0	0.26083533168447504	3.4813807831575234	0.0	0.0	0.0	0.0	0.6327423873191402	0.0	0.7737298280038598	0.5402810163345939	0.0	0.0	0.0	0.26083533168447504	0.0	0.26083533168447504	0.0	0.26083533168447504	0.26083533168447504	0.0	0.0	1.2621493491370754	0.0	0.4226568926289053	1.6163390569731155	0.0	0.0	0.0	0.0	0.0	2.0497318061973466	0.0	0.0	0.0	0.0	0.0	0.26083533168447504	2.6448463883609503	0.0	0.0	0.0	0.0	0.0	0.0	0.0	0.0	0.0	0.0	0.0	0.0	0.0	0.0	0.0	0.4226568926289053	0.0	0.0	0.0	0.0	0.0	0.0	2.512340781290017	0.26083533168447504	0.7737298280038598	0.0	0.0	0.0	0.0	0.0	0.26083533168447504	0.0	0.5402810163345939	0.0
SRR13358031	0.0	0.0	0.0	0.0	0.0	0.0	0.0	0.0	0.7074801937841324	0.0	0.0	0.7074801937841324	1.240443749892273	0.0	0.0	0.0	0.0	0.0	0.0	0.0	0.0	0.0	0.0	0.0	0.0	0.0	0.0	0.7074801937841324	0.0	2.961451652619774	0.0	0.0	0.0	0.0	1.47264828649434	0.0	0.0	0.0	0.0	0.0	0.0	0.0	0.0	0.0	0.0	0.0	0.9636880632219994	0.0	0.0	0.0	0.0	0.0	0.0	0.0	0.0	0.0	0.0	0.0	0.0	0.0	1.6635914216747993	0.0	0.0	0.0	0.0	0.0	0.0	0.0	0.0	0.0	3.452303277527648	0.0	0.0	0.0	0.0	0.0	0.0	0.0	0.0	0.0	0.0	0.0	0.0	0.0	0.0	0.0	0.7074801937841324	0.0	0.0	0.0	0.0	0.0	0.0	0.9636880632219994	0.0	0.0	0.0	0.0	0.0	0.0	0.0	2.527775965892883	0.0	0.0	0.9636880632219994	2.920689584118725	0.0	0.9636880632219994	0.0	0.0	0.0	0.0	0.0	0.0	1.3323317346490673	0.0	0.0	0.0	1.1237481258655604	0.0	0.0	0.0	0.0	0.0	0.0	0.0	0.0	0.7074801937841324	0.0	0.0	0.0	0.0	0.0	0.0	0.7074801937841324	0.0	0.7074801937841324	0.0	0.0	0.0	0.0	1.1237481258655604	0.0	0.0	0.0	0.7074801937841324	0.0	0.0	0.0	0.0	0.0	0.0	0.0	0.7074801937841324	0.0	4.313223695682138	0.0	1.5288080802428208	0.7074801937841324	0.0	0.0	0.0	0.9636880632219994	0.7074801937841324	0.0	0.7074801937841324	0.0	0.0	0.7074801937841324	0.0	0.0	0.0	0.0	0.0	0.0	0.0	0.0	0.0	0.0	0.0	0.0	0.0	0.9636880632219994	0.7074801937841324	0.0	1.3323317346490673	0.0	0.0	0.0	0.0	0.0	0.0	0.0	0.0	0.0	0.0	0.0	0.0	0.0	1.7346899591652507	0.0	0.0	0.0	1.1237481258655604	0.7074801937841324	0.0	0.0	0.7074801937841324	1.408132406150908	0.0	0.0	0.0	3.4087214333977522	0.0	0.7074801937841324	0.0	1.1237481258655604	0.0	0.0	0.0	0.9636880632219994	1.7346899591652507	0.0	0.0	0.0	0.0	0.0	0.7074801937841324	0.0	0.0	0.0	0.0	0.0	0.0	0.0	0.0	0.0	1.7663028319517893	0.0	1.3323317346490673	0.0	0.0	0.0	0.0	2.3470233542181234	0.0	0.0	0.0	0.0	0.0	0.0	0.7074801937841324	0.9636880632219994	0.0	0.0	0.0	0.0	0.0	0.0	0.0	0.0	0.0	0.0	0.0	0.7074801937841324	0.0	0.0	1.9598841337618937	0.0	0.0	0.0	0.0	0.0	2.0933106559073877	0.0	0.0	0.7074801937841324	0.0	0.0	0.0	2.0148294993519795	0.0	0.0	0.0	0.0	0.0	0.0	0.0	0.0	0.0	0.0	0.0	0.0	0.0	0.0	0.0	0.9636880632219994	0.0	0.0	0.0	0.0	0.0	0.0	1.47264828649434	0.0	1.47264828649434	0.0	0.0	0.0	0.0	0.0	0.0	0.7074801937841324	1.240443749892273	0.0
SRR13358036	0.0	0.0	0.9012069706807267	0.0	0.0	0.0	0.0	0.0	1.1389301298112735	0.0	0.0	0.33463428917661203	0.9012069706807267	0.0	0.0	0.33463428917661203	0.0	0.0	0.0	0.0	0.0	0.0	0.0	0.0	0.0	1.4044721144675747	0.0	0.9602941104546228	0.0	1.8767804353989688	0.0	0.0	0.0	0.0	1.4939227803654291	0.0	0.0	0.0	0.0	0.0	0.0	0.33463428917661203	1.7537600278409362	0.0	0.0	0.0	0.9602941104546228	0.0	0.0	0.0	0.0	0.0	0.0	0.0	0.0	1.3841375961625324	0.0	0.0	0.33463428917661203	0.0	0.5213729859491583	0.0	0.0	0.0	0.0	0.0	0.0	0.0	0.0	0.0	3.607602282798871	0.33463428917661203	0.0	0.0	0.0	0.0	0.0	0.0	0.5213729859491583	0.0	0.0	0.0	0.0	0.0	0.0	0.0	0.0	0.0	0.0	0.0	0.7515556423051384	0.0	0.0	0.0	0.0	0.33463428917661203	0.0	0.0	0.0	0.0	0.0	2.5039078607274683	0.33463428917661203	0.0	1.4603197200009346	0.651539125132033	0.0	0.0	0.0	0.0	0.0	0.0	0.0	0.0	0.0	0.0	0.0	0.0	2.0976601644540662	0.0	0.0	0.0	0.0	0.0	0.0	0.0	0.0	2.9946529263009634	0.0	0.0	0.33463428917661203	0.0	0.0	0.0	0.8327956145229736	0.0	1.1006799929421005	0.0	0.0	0.0	0.0	0.33463428917661203	0.0	0.0	0.0	0.0	0.0	0.0	0.0	0.0	0.0	0.0	0.0	0.0	0.0	2.2227383917915797	0.0	1.423896964508426	0.0	0.0	0.0	1.1389301298112735	0.0	0.0	0.0	0.33463428917661203	0.0	0.0	0.0	0.0	0.0	0.33463428917661203	0.33463428917661203	0.0	0.0	0.0	0.0	0.0	0.5213729859491583	0.0	0.0	0.0	0.8327956145229736	4.285133964270609	0.0	0.5213729859491583	0.0	0.5213729859491583	0.0	0.0	0.0	0.9012069706807267	0.5213729859491583	0.0	0.0	0.0	0.0	0.0	0.0	0.7515556423051384	0.0	0.0	0.0	0.9602941104546228	0.5213729859491583	0.8327956145229736	0.0	2.683742716688062	1.5542097555550536	0.0	0.33463428917661203	1.2066012634226038	2.8348071919230535	0.0	0.0	0.0	0.33463428917661203	0.0	0.0	0.0	0.33463428917661203	1.265135676665913	0.0	0.0	0.0	0.0	0.0	1.3167096493667703	0.0	0.33463428917661203	0.0	0.0	0.33463428917661203	0.0	0.0	0.0	0.0	0.33463428917661203	0.0	1.1006799929421005	0.0	0.0	0.0	0.0	1.3167096493667703	0.0	0.0	0.0	0.0	0.0	0.0	0.7515556423051384	0.0	0.0	0.0	0.0	0.0	0.0	0.0	0.0	0.0	0.0	0.0	0.0	1.735609381335968	0.0	0.0	2.7149669470659332	0.0	0.0	0.0	0.0	0.0	0.651539125132033	0.0	0.0	0.0	0.0	0.0	0.0	1.0122965442007472	0.0	0.0	0.0	0.0	0.0	0.33463428917661203	0.0	0.0	0.0	0.0	0.0	0.0	0.0	0.0	0.0	0.7515556423051384	0.0	0.0	0.0	0.0	0.0	0.0	3.2952076159504737	0.0	0.7515556423051384	0.0	0.0	0.0	0.0	0.0	0.0	0.0	1.7166669456177497	0.0
SRR13358037	1.0529969898805842	0.0	0.9655922808440334	0.0	0.0	0.0	0.0	0.0	0.4856612694132509	0.0	0.0	1.5308809507069838	1.0529969898805842	0.4856612694132509	0.0	0.0	0.0	0.0	0.9655922808440334	0.0	0.8560475288464933	0.0	0.0	0.0	0.0	0.0	0.0	0.8560475288464933	0.0	1.8514148482834165	0.0	0.0	0.0	0.0	0.8560475288464933	0.0	0.0	0.0	0.0	0.0	0.0	0.0	1.1257237850553117	0.0	0.0	0.0	0.8560475288464933	0.0	0.0	0.0	0.0	0.0	0.0	0.0	0.0	0.0	0.0	0.0	0.4856612694132509	0.0	0.0	0.0	0.0	0.0	0.0	0.0	0.0	0.0	0.0	0.0	4.283728645105851	0.0	0.0	0.0	0.0	0.70919805350735	0.0	0.0	0.4856612694132509	0.0	0.0	0.0	0.0	0.0	0.0	0.0	0.0	0.0	0.0	0.0	0.4856612694132509	0.0	0.0	0.0	0.0	0.0	0.0	0.0	0.0	0.0	0.0	3.1433939123636794	0.4856612694132509	0.0	0.4856612694132509	1.5564568271127168	0.0	0.4856612694132509	0.0	0.0	0.0	0.0	0.9655922808440334	0.0	0.0	0.0	0.0	0.0	0.9655922808440334	0.0	0.0	0.0	0.0	0.0	0.0	0.0	0.0	1.0529969898805842	0.0	0.0	0.0	0.0	0.4856612694132509	0.0	0.4856612694132509	0.0	0.70919805350735	0.0	0.0	0.0	0.0	0.0	0.0	0.4856612694132509	0.0	0.0	0.0	0.0	0.0	0.0	0.4856612694132509	0.0	0.0	1.2424571785340834	0.0	3.0871879975222356	0.0	1.188000806974879	0.0	0.0	0.0	0.4856612694132509	0.0	0.0	0.0	0.0	0.0	0.0	0.0	0.0	0.0	0.0	0.0	0.0	0.0	0.0	0.0	0.0	0.0	0.0	0.0	0.0	1.3739291550764334	1.2424571785340834	0.0	0.70919805350735	0.0	0.0	0.0	0.0	0.0	0.0	0.0	0.0	0.0	0.0	0.0	0.0	0.0	0.0	0.0	0.0	0.70919805350735	0.70919805350735	0.8560475288464933	0.0	0.0	1.6459240662970052	1.7367866371569214	0.0	0.0	0.70919805350735	3.783229540540071	0.0	1.1257237850553117	0.0	1.5037041221364285	0.0	0.0	0.0	0.0	1.0529969898805842	0.0	0.0	0.0	0.0	0.0	1.4747124512881191	0.0	0.0	0.0	0.0	0.0	0.0	0.0	0.0	0.70919805350735	1.1257237850553117	0.0	0.8560475288464933	0.0	0.0	0.0	0.0	0.8560475288464933	0.0	0.0	0.0	0.0	0.70919805350735	0.0	0.4856612694132509	1.971651182160582	0.0	0.0	0.0	0.0	0.0	0.0	0.0	0.0	0.0	0.0	0.0	0.8560475288464933	0.0	0.0	2.4424534386030414	0.0	0.0	0.0	0.0	0.0	0.0	0.0	0.0	1.5308809507069838	0.0	0.4856612694132509	0.0	1.2424571785340834	0.0	0.0	0.0	0.0	0.0	0.0	0.0	0.0	0.0	0.0	0.0	0.0	0.0	0.0	0.0	1.8118889597189725	0.0	0.0	0.0	0.0	0.0	0.0	1.9810957081527951	0.0	2.033817501090182	0.0	0.0	0.0	0.0	0.0	0.0	0.4856612694132509	1.8386351231141365	0.0
SRR13358038	0.7812127497747902	0.0	0.7812127497747902	0.23561665342586854	0.0	0.0	0.0	0.23561665342586854	0.0	0.0	0.0	0.9505519258304723	0.6629227249605762	0.0	0.0	0.0	0.23561665342586854	0.0	0.0	0.0	0.4998311067909964	0.0	0.0	0.0	0.0	0.0	0.0	0.9505519258304723	0.0	1.6384953768404866	0.0	0.0	0.0	0.0	0.6629227249605762	0.0	0.0	0.0	0.0	0.0	0.0	0.0	0.23561665342586854	0.23561665342586854	0.0	0.0	0.3875141778944514	0.0	0.0	0.0	0.0	0.0	0.0	0.0	0.0	0.0	0.23561665342586854	0.0	0.0	0.0	0.8740841230828178	0.0	0.0	0.0	0.0	0.23561665342586854	0.0	0.0	0.0	0.0	3.2501325535088443	0.0	0.0	0.0	0.0	0.3875141778944514	0.23561665342586854	0.0	0.5889881207498826	0.0	0.0	0.0	0.0	0.0	0.0	0.23561665342586854	0.0	0.0	0.0	0.0	0.0	0.0	0.0	0.0	0.0	0.9842658691330194	0.0	0.0	0.0	0.0	0.0	2.5688341925541396	0.0	0.0	0.7812127497747902	3.3839326352786356	0.0	0.8301262216942121	0.0	0.0	0.0	0.0	0.0	0.0	0.3875141778944514	0.0	0.0	0.0	0.5889881207498826	0.0	0.0	0.0	0.0	0.0	0.0	0.0	0.0	0.5889881207498826	0.0	0.0	0.0	0.0	0.0	0.0	0.4998311067909964	0.0	0.0	0.0	0.0	0.3875141778944514	0.0	0.0	0.23561665342586854	0.0	0.0	0.0	0.0	0.3875141778944514	0.0	0.0	0.0	0.0	0.0	0.8301262216942121	0.0	4.355417681570221	0.0	1.2621753544145264	0.23561665342586854	0.0	0.0	0.23561665342586854	0.0	0.0	0.0	0.0	0.0	0.0	0.0	0.0	0.0	0.3875141778944514	0.0	0.0	0.0	0.0	0.0	0.0	0.0	0.0	0.0	0.0	1.0447314354776722	0.9842658691330194	0.0	0.5889881207498826	0.0	0.3875141778944514	0.0	0.0	0.0	0.6629227249605762	0.0	0.0	0.0	0.0	0.0	0.0	0.23561665342586854	0.0	0.0	0.0	0.3875141778944514	0.7812127497747902	0.7260827233486067	0.0	0.0	1.8370379054360386	1.1220827617012885	0.0	0.23561665342586854	0.6629227249605762	1.0977981905446943	0.0	0.4998311067909964	0.0	0.9842658691330194	0.0	0.0	0.3875141778944514	0.23561665342586854	0.8301262216942121	0.0	0.0	0.0	0.0	0.0	1.0447314354776722	0.0	0.0	0.0	0.0	0.0	0.0	0.0	0.0	0.0	0.5889881207498826	0.0	0.23561665342586854	0.0	0.0	0.0	0.0	1.0977981905446943	0.0	0.0	0.0	0.0	0.0	0.0	0.0	1.2951069150568444	0.0	0.0	0.0	0.0	0.0	0.0	0.0	0.0	0.23561665342586854	0.23561665342586854	0.4998311067909964	0.3875141778944514	0.0	0.0	1.6087315313568775	0.23561665342586854	0.0	0.0	0.0	0.23561665342586854	0.0	0.0	0.0	1.0155501092514718	0.0	0.23561665342586854	0.0	0.5889881207498826	0.0	0.0	0.0	0.0	0.0	0.0	0.0	0.0	0.0	0.0	0.0	0.0	0.0	0.0	0.0	1.1669223927849406	0.0	0.0	0.0	0.0	0.0	0.0	3.1918739091978803	0.0	1.1669223927849406	0.0	0.0	0.0	0.0	0.0	0.0	0.0	1.2075626564588735	0.0
SRR13358039	0.0	0.44451950961448544	0.659543590904366	0.0	0.0	0.0	0.0	0.27681098270598253	3.2717548158732916	0.44451950961448544	0.5652054126949078	0.859777037530379	0.27681098270598253	0.0	0.0	0.5652054126949078	0.44451950961448544	0.0	0.27681098270598253	0.0	0.0	0.0	0.0	0.0	0.0	0.0	0.0	2.5413312712670715	0.0	1.4290103703697072	0.0	0.0	0.0	0.0	3.9187598872831866	0.0	0.0	0.0	0.0	0.0	0.0	0.0	0.659543590904366	0.0	0.0	0.0	0.27681098270598253	0.0	0.0	0.0	0.0	0.0	0.0	0.0	0.0	2.383295432225655	0.0	0.27681098270598253	0.0	0.0	0.0	0.0	0.27681098270598253	0.0	0.0	0.44451950961448544	0.0	0.0	0.0	0.0	0.8027136159337176	0.5652054126949078	0.0	0.8027136159337176	0.0	0.0	0.0	0.0	0.5652054126949078	0.0	0.0	0.0	0.0	0.27681098270598253	0.0	0.0	0.27681098270598253	0.0	0.0	0.0	0.659543590904366	0.0	0.0	0.0	0.0	0.0	0.0	0.0	0.0	0.0	0.27681098270598253	1.2083296331066242	1.683502451740937	0.0	0.659543590904366	1.1575414712431646	0.0	0.44451950961448544	0.0	0.0	0.0	0.27681098270598253	0.0	0.0	0.0	0.0	0.0	0.0	0.7370017801092954	0.0	0.0	0.7370017801092954	0.27681098270598253	0.0	0.5652054126949078	0.0	0.0	0.0	0.0	0.0	0.0	0.0	0.0	0.0	0.27681098270598253	0.0	0.0	0.0	0.0	0.0	0.0	0.0	0.0	0.0	0.0	0.0	0.0	0.0	0.0	0.0	0.44451950961448544	0.0	0.0	0.0	0.0	1.6501568017661303	0.0	3.487965598090302	0.0	0.0	0.44451950961448544	0.27681098270598253	0.9963015647229225	0.27681098270598253	0.0	1.31415056442318	0.0	0.0	0.0	0.0	0.0	0.27681098270598253	0.27681098270598253	0.0	0.0	0.0	0.27681098270598253	0.0	1.5425486777084045	0.0	0.0	0.27681098270598253	0.27681098270598253	1.0681206144499709	0.27681098270598253	0.0	0.27681098270598253	1.3834477668113851	0.0	0.0	0.0	0.44451950961448544	0.0	0.0	0.0	0.27681098270598253	0.0	0.0	0.0	0.5652054126949078	0.0	0.0	0.0	1.033693985840958	0.27681098270598253	1.80213319016902	0.0	4.045269897782272	0.659543590904366	0.0	0.5652054126949078	0.27681098270598253	0.659543590904366	0.0	0.0	0.0	0.5652054126949078	0.0	0.27681098270598253	0.0	0.0	0.859777037530379	0.0	0.27681098270598253	0.27681098270598253	0.0	0.0	0.27681098270598253	0.0	0.0	0.0	0.0	0.0	0.0	0.0	0.0	0.0	0.5652054126949078	0.0	0.7370017801092954	0.0	0.0	0.0	0.0	0.9553837708178466	0.0	0.0	0.44451950961448544	0.0	0.44451950961448544	0.0	0.0	0.0	0.0	0.0	0.0	0.0	0.0	0.0	0.0	0.0	1.033693985840958	0.27681098270598253	0.44451950961448544	1.100017539147227	0.0	0.27681098270598253	3.583409892143947	0.659543590904366	0.0	0.0	0.0	0.0	0.27681098270598253	0.0	0.0	0.0	0.0	0.0	0.0	0.27681098270598253	0.0	0.0	0.0	0.0	0.659543590904366	0.0	0.0	0.0	0.27681098270598253	0.0	0.0	0.0	0.0	0.0	0.0	0.0	0.0	0.0	0.0	0.0	0.27681098270598253	0.0	0.8027136159337176	0.0	0.0	0.0	0.0	0.0	0.0	0.0	0.0	0.44451950961448544	0.0	0.0
SRR13358042	0.0	0.0	0.6894247734079448	0.0	0.0	0.0	0.3611802375518014	0.0	0.6894247734079448	0.0	0.0	0.3611802375518014	0.5556026690005955	0.5556026690005955	0.0	0.0	0.0	0.0	0.0	0.0	0.0	0.0	0.0	0.0	0.0	0.0	0.0	3.1223276047900694	0.0	4.076325996751	0.0	0.0	0.0	0.0	1.6665045223966881	0.0	0.0	0.0	0.0	0.0	0.0	0.0	0.5556026690005955	0.0	0.0	0.0	0.0	0.0	0.0	0.0	0.0	0.0	0.0	0.0	0.0	0.3611802375518014	0.0	0.0	0.0	0.0	1.4703551945616766	0.0	0.0	0.0	0.3611802375518014	0.3611802375518014	0.0	0.0	0.0	0.0	2.194936534737142	0.5556026690005955	0.0	0.3611802375518014	0.0	0.0	0.0	0.0	0.3611802375518014	0.0	0.0	0.0	0.0	0.0	0.0	0.0	0.0	0.6894247734079448	0.0	0.0	2.5765250685767462	0.0	0.3611802375518014	1.2191972423881305	0.0	0.5556026690005955	0.0	0.0	0.0	0.0	0.0	2.3428374315735976	0.9436236303106397	0.0	0.3611802375518014	2.0412211016625914	0.3611802375518014	1.0560206657281752	0.0	0.0	0.0	0.3611802375518014	0.0	0.0	1.1029108237811358	0.0	0.0	0.0	3.205263329473552	0.0	0.0	0.3611802375518014	0.0	0.0	0.0	0.0	0.0	0.0	0.0	0.0	0.0	0.0	0.0	0.0	0.0	0.0	0.0	0.3611802375518014	0.0	0.3611802375518014	0.0	0.3611802375518014	0.0	0.3611802375518014	0.0	0.0	0.0	0.0	0.0	0.0	0.0	0.0	0.0	0.5556026690005955	0.0	3.9590494556777127	0.0	0.7915788759509306	0.0	0.0	0.0	0.3611802375518014	0.6894247734079448	0.0	0.0	0.0	0.0	0.0	0.0	0.0	0.0	0.9436236303106397	0.0	0.0	0.0	0.0	0.0	0.0	0.0	0.0	0.0	0.0	0.7915788759509306	0.7915788759509306	0.0	0.7915788759509306	0.0	0.6894247734079448	0.0	0.0	0.0	0.3611802375518014	0.0	0.0	0.0	0.0	0.0	0.0	0.0	1.1029108237811358	0.0	0.0	0.3611802375518014	1.145228044670165	1.4090015813031367	0.5556026690005955	0.0	0.3611802375518014	1.145228044670165	0.0	0.0	0.5556026690005955	1.8099499801706416	0.0	0.0	0.0	0.5556026690005955	0.0	0.0	0.0	0.3611802375518014	1.4703551945616766	0.0	0.0	0.0	0.0	0.0	0.8742213298429002	0.0	0.0	0.0	0.0	0.0	0.0	0.0	0.0	0.3611802375518014	1.1029108237811358	0.0	1.1837855513762672	0.0	0.0	0.0	0.0	1.8353689625722847	0.0	0.0	0.0	0.0	0.0	0.0	1.3375317058102647	1.1837855513762672	0.0	0.0	0.0	0.0	0.0	0.8742213298429002	0.3611802375518014	0.0	0.0	0.0	0.0	0.5556026690005955	0.0	0.0	2.712607115952567	0.0	0.0	0.0	0.0	0.0	1.9566486873272184	0.0	0.0	0.5556026690005955	0.3611802375518014	0.0	0.0	3.422768317351468	0.3611802375518014	0.0	0.0	0.0	1.8894642090377691	0.0	0.0	0.0	0.0	0.0	0.0	0.0	0.0	0.0	0.0	0.7915788759509306	0.0	0.0	0.0	0.0	0.0	0.0	2.7502345170254485	0.0	1.003448142074343	0.0	0.0	0.0	0.0	0.0	0.0	0.3611802375518014	0.8742213298429002	0.0
SRR13358044	0.29862091089328996	0.0	0.29862091089328996	0.0	0.0	0.0	0.0	0.0	0.8409599617632534	0.0	0.0	0.29862091089328996	0.0	0.29862091089328996	0.0	0.0	0.0	0.29862091089328996	0.0	0.0	0.29862091089328996	0.0	0.0	0.0	0.0	0.0	0.0	3.1835374672348817	0.0	4.265894059660916	0.0	0.0	0.0	0.0	0.9499504092355017	0.0	0.0	0.0	0.0	0.0	0.0	0.0	0.47390616284817466	0.0	0.0	0.0	0.0	0.29862091089328996	0.0	0.0	0.0	0.0	0.0	0.0	0.0	0.47390616284817466	0.0	0.0	0.0	0.0	1.3378118618018013	0.0	0.0	0.0	0.0	0.0	0.0	0.0	0.0	0.29862091089328996	1.6765108384706724	0.0	0.0	0.0	0.0	0.0	0.0	0.29862091089328996	0.0	0.0	0.0	0.0	0.0	0.0	0.0	0.0	0.29862091089328996	0.8409599617632534	0.29862091089328996	0.0	2.500333553521554	0.0	0.0	0.7741286527610572	0.0	0.47390616284817466	0.0	0.0	0.0	0.0	0.0	2.220506593297397	0.9956539792052519	0.0	0.47390616284817466	1.486686786463963	0.0	1.4424999099300662	0.0	0.0	0.0	0.0	0.0	0.0	1.1094853211968654	0.0	0.0	0.0	2.0955774959874933	0.0	0.0	0.29862091089328996	0.0	0.0	0.0	0.0	0.0	0.29862091089328996	0.0	0.0	0.0	0.0	0.0	0.0	0.47390616284817466	0.0	0.0	0.47390616284817466	0.0	0.5984413342604467	0.0	0.6951090280232317	0.0	0.5984413342604467	0.0	0.0	0.0	0.0	0.0	0.0	0.0	0.0	0.0	0.47390616284817466	0.0	3.4725806987458063	0.0	1.3378118618018013	0.0	0.0	0.0	0.0	0.29862091089328996	0.0	0.0	0.0	0.0	0.0	0.47390616284817466	0.0	0.0	0.0	0.0	0.0	0.0	0.0	0.0	0.0	0.0	0.0	0.0	0.0	0.0	0.5984413342604467	0.0	0.8409599617632534	0.0	0.0	0.0	0.29862091089328996	0.0	0.0	0.0	0.0	0.0	0.0	0.0	0.0	0.0	1.25071073497386	0.0	0.0	0.29862091089328996	0.29862091089328996	1.4577338953577244	0.8409599617632534	0.0	0.47390616284817466	1.1715834363088866	0.0	0.0	0.29862091089328996	0.9956539792052519	0.0	0.0	0.0	0.0	0.0	0.0	0.0	0.47390616284817466	1.4724515697169716	0.0	0.0	0.0	0.0	0.0	0.47390616284817466	0.0	0.0	0.0	0.0	0.0	0.29862091089328996	0.0	0.0	0.47390616284817466	1.3378118618018013	0.0	0.8409599617632534	0.0	0.0	0.0	0.0	1.3378118618018013	0.0	0.0	0.0	0.0	0.0	0.0	2.5851304834714153	0.6951090280232317	0.0	0.0	0.0	0.0	0.0	0.47390616284817466	0.0	0.0	0.0	0.0	0.29862091089328996	0.0	0.0	0.0	1.6387314772029695	0.0	0.0	0.0	0.0	0.0	1.9819902122636617	0.0	0.0	0.47390616284817466	0.0	0.0	0.0	3.6416712389210906	0.47390616284817466	0.0	0.0	0.0	1.89831910743629	0.0	0.0	0.0	0.0	0.0	0.0	0.0	0.0	0.0	0.0	0.8409599617632534	0.0	0.0	0.0	0.0	0.0	0.29862091089328996	2.4650068778341474	0.0	0.7741286527610572	0.0	0.0	0.29862091089328996	0.0	0.0	0.0	0.29862091089328996	0.6951090280232317	0.0
SRR13358045	0.0	0.3096158006811049	0.7923680536336248	0.0	0.0	0.0	0.3096158006811049	0.0	0.4885316851259157	0.3096158006811049	0.0	0.0	0.4885316851259157	0.0	0.0	0.0	0.0	0.3096158006811049	0.0	0.0	0.0	0.0	0.0	0.0	0.0	0.3096158006811049	0.0	2.2044175760696194	0.0	4.273288912093812	0.6148758749690267	0.0	0.0	0.0	0.6148758749690267	0.0	0.0	0.0	0.0	0.0	0.0	0.0	0.7126269819053298	0.0	0.0	0.0	0.7126269819053298	0.0	0.0	0.0	0.0	0.0	0.0	0.0	0.0	0.4885316851259157	0.3096158006811049	0.0	0.0	0.0	1.1919832224800437	0.0	0.0	0.0	0.0	0.0	0.0	0.0	0.0	0.0	1.4788277218238008	0.3096158006811049	0.0	0.0	0.0	0.0	0.0	0.0	0.0	0.0	0.0	0.0	0.0	0.0	0.0	0.0	0.0	0.0	0.0	0.0	0.3096158006811049	0.0	0.0	0.918005559058469	0.0	0.4885316851259157	0.0	0.0	0.0	0.0	0.0	2.6899906569563554	0.6148758749690267	0.0	0.6148758749690267	2.0211613861018813	0.0	0.6148758749690267	0.0	0.0	0.0	0.0	0.0	0.0	1.0568791420890158	0.3096158006811049	0.0	0.0	2.2574585534752463	0.0	0.0	0.0	0.0	0.0	0.0	0.0	0.3096158006811049	0.0	0.0	0.0	0.0	0.0	0.0	0.0	0.0	0.0	0.0	0.3096158006811049	0.0	0.6148758749690267	0.0	0.3096158006811049	0.0	0.0	0.0	0.3096158006811049	0.0	0.0	0.0	0.0	0.0	0.0	0.0	0.0	0.0	3.690575418175685	0.0	1.2948801583541125	0.0	0.0	0.0	0.0	0.3096158006811049	0.0	0.0	0.0	0.0	0.0	0.3096158006811049	0.0	0.0	0.0	0.0	0.0	0.0	0.0	0.0	0.0	0.0	0.0	0.0	0.0	0.8597142773898223	0.4885316851259157	0.0	0.7923680536336248	0.0	0.0	0.0	0.0	0.0	0.3096158006811049	0.0	0.0	0.0	0.0	0.0	0.0	0.0	1.2200816043940634	0.0	0.0	0.0	0.3096158006811049	1.1619403759177718	0.4885316851259157	0.3096158006811049	0.6148758749690267	1.0947944644352003	0.0	0.0	0.7126269819053298	2.0502744735916854	0.0	0.3096158006811049	0.0	0.4885316851259157	0.0	0.0	0.0	0.4885316851259157	1.639857206335352	0.0	0.0	0.0	0.0	0.0	0.7923680536336248	0.0	0.0	0.0	0.0	0.0	0.0	0.0	0.0	0.0	1.2713501992084022	0.0	0.8597142773898223	0.0	0.0	0.0	0.0	1.5078285655505044	0.0	0.0	0.0	0.0	0.0	0.0	0.4885316851259157	0.3096158006811049	0.0	0.0	0.0	0.0	0.0	0.7126269819053298	0.0	0.0	0.0	0.0	0.3096158006811049	1.6076419508324231	0.0	0.3096158006811049	1.639857206335352	0.0	0.0	0.0	0.0	0.0	1.6293820792875136	0.0	0.0	0.0	0.0	0.0	0.0	3.6085106952481603	0.3096158006811049	0.0	0.0	0.0	0.8597142773898223	0.0	0.0	0.0	0.0	0.0	0.0	0.0	0.0	0.0	0.0	0.0	0.0	0.0	0.0	0.0	0.0	0.0	1.2464719970573808	0.0	0.6148758749690267	0.0	0.0	0.0	0.0	0.0	0.0	0.0	0.7126269819053298	0.0
SRR13358046	0.4466170365458694	0.0	3.18464420257104	0.0	0.0	0.0	0.0	0.0	0.6620991400924144	0.0	0.0	0.0	0.8054697800161758	2.2255052521143077	0.0	0.0	0.0	0.0	0.0	0.0	0.0	0.0	0.0	0.0	0.0	0.0	0.0	0.8054697800161758	0.0	3.799187653874822	0.0	0.0	0.0	0.0	1.4174916136347717	0.0	0.0	0.0	0.0	0.0	0.4466170365458694	0.0	0.6620991400924144	0.0	0.0	0.0	0.0	0.0	0.0	0.0	0.0	0.0	0.0	0.0	0.0	0.6620991400924144	0.0	0.0	0.0	0.0	0.9130747641634521	0.0	0.0	0.0	0.0	0.0	0.0	0.0	0.0	0.0	2.2860678665970653	0.9130747641634521	0.0	0.0	0.0	0.9992424184491869	0.0	0.0	0.0	0.0	0.0	0.4466170365458694	0.0	0.0	0.0	0.0	0.0	0.0	0.0	0.0	1.8730710242521023	0.0	0.0	1.5229298563688076	0.0	1.2347355968225635	0.0	0.0	0.0	0.0	0.0	2.1090805664175987	0.6620991400924144	0.0	0.4466170365458694	2.658505643138951	0.0	0.6620991400924144	0.0	0.0	0.0	0.0	0.0	0.0	0.9992424184491869	0.0	0.6620991400924144	0.0	0.8054697800161758	0.0	0.0	0.0	0.0	0.0	0.0	0.0	0.0	0.0	0.0	0.0	0.0	0.0	0.0	0.0	0.4466170365458694	0.0	0.0	0.0	0.0	1.3865825211089742	0.0	0.0	0.0	0.0	0.0	0.0	0.0	0.0	0.0	0.0	0.0	0.0	0.0	0.0	0.0	4.1426976076226065	0.0	0.9992424184491869	0.0	0.0	0.0	0.0	0.0	0.0	0.0	0.0	0.0	0.0	0.0	0.0	0.0	0.6620991400924144	0.0	0.0	0.0	0.0	0.0	0.0	0.9130747641634521	0.0	0.0	0.0	1.5457247629787445	0.0	0.0	2.5939946586469675	0.4466170365458694	0.4466170365458694	0.0	0.0	0.0	0.0	0.0	0.0	0.0	0.0	0.0	0.0	0.0	0.9130747641634521	0.0	0.0	0.0	1.9582088132591648	0.0	0.0	0.0	0.0	0.6620991400924144	0.0	0.0	0.0	1.8934849717943067	0.0	0.0	0.0	0.0	0.0	0.0	0.0	0.6620991400924144	3.065037237999775	0.0	0.0	0.0	0.0	0.0	0.4466170365458694	0.0	0.0	0.0	0.0	0.0	0.0	0.0	0.0	0.0	0.9130747641634521	0.0	1.840529773380946	0.0	0.0	0.0	0.0	3.049306569869592	0.0	0.0	0.0	0.0	0.0	0.0	3.3057980180326325	0.0	0.0	0.0	0.0	0.0	0.0	0.4466170365458694	0.0	0.0	0.0	0.0	0.0	0.8054697800161758	0.0	0.0	1.5457247629787445	0.0	0.0	0.0	0.0	0.0	2.2900870329126266	0.0	0.0	0.0	0.0	0.0	0.0	3.035148693663649	0.0	0.0	0.0	0.0	0.0	0.0	0.0	0.0	0.0	0.0	0.0	0.0	0.0	0.0	0.0	0.0	0.0	0.0	0.0	0.0	0.0	0.4466170365458694	0.8054697800161758	0.0	0.0	0.0	0.0	0.0	0.0	0.0	0.0	0.0	0.0	0.4466170365458694
SRR13358050	0.33123446868787826	0.0	2.2133976554414505	0.0	0.0	0.0	0.0	0.6466138110077084	0.33123446868787826	0.0	0.0	0.5169444428630893	1.92101732084561	0.0	0.0	0.0	0.0	0.0	0.0	0.0	0.0	0.0	0.0	0.0	0.0	0.6466138110077084	0.0	0.7463376648272023	0.0	3.734027695199364	1.3567314177844967	0.0	0.0	0.0	2.523639723070101	0.33123446868787826	0.0	0.0	0.0	0.0	0.0	0.0	0.0	0.0	0.0	0.0	0.33123446868787826	0.0	0.0	0.0	0.0	0.0	0.0	0.0	0.0	0.6466138110077084	0.0	0.33123446868787826	0.33123446868787826	0.0	1.168160698514978	0.0	0.0	0.0	0.33123446868787826	0.0	0.0	0.0	0.0	0.0	1.932775733441306	1.285664524133515	0.0	0.0	0.0	0.0	0.0	0.0	0.0	0.0	0.0	0.0	0.0	0.0	0.0	0.0	0.0	0.0	0.0	0.0	2.6581898377895516	0.0	0.0	1.285664524133515	0.7463376648272023	1.4177879930472999	0.0	0.0	0.0	0.0	0.0	1.3983741615922507	0.5169444428630893	0.0	0.33123446868787826	1.7733946657810142	0.33123446868787826	0.7463376648272023	0.0	0.0	0.0	0.0	0.0	0.0	0.5169444428630893	0.0	0.33123446868787826	0.0	2.8088554375187607	0.0	0.0	0.0	0.0	0.0	0.0	0.0	0.0	0.0	0.0	0.0	0.0	0.33123446868787826	0.0	0.0	0.5169444428630893	0.0	0.0	0.0	0.0	0.7463376648272023	0.0	0.33123446868787826	0.0	0.33123446868787826	0.0	0.0	0.0	0.0	0.0	0.0	0.0	0.0	0.0	0.0	0.0	3.8708142682305415	0.0	1.2006486666789193	0.0	0.0	0.0	0.0	0.0	0.0	0.0	0.0	0.0	0.0	0.0	0.0	0.0	1.3343101864413607	0.0	0.0	0.33123446868787826	0.0	0.0	0.0	0.0	0.0	0.0	0.0	0.5169444428630893	0.0	0.0	1.4541913698930369	0.0	0.0	0.0	0.0	0.0	0.0	0.0	0.0	0.0	0.0	0.0	0.0	0.0	1.613225065452336	0.0	0.0	0.0	2.492811999778257	0.5169444428630893	0.33123446868787826	0.0	0.6466138110077084	0.6466138110077084	0.0	0.0	0.6466138110077084	1.5883118086923471	0.0	0.0	0.0	0.0	0.0	0.0	0.0	0.7463376648272023	2.2072753017927758	0.0	0.0	0.0	0.0	0.0	0.0	0.0	0.0	0.0	0.0	0.0	0.33123446868787826	0.0	0.0	1.870515454691467	0.9546445177635354	0.33123446868787826	3.529277011824841	0.0	0.33123446868787826	0.0	0.0	2.807309557583387	0.0	0.0	0.0	0.0	0.0	0.0	0.0	0.33123446868787826	0.0	0.0	0.0	0.0	0.0	0.5169444428630893	0.0	0.0	0.0	0.0	0.0	0.8273847270869137	0.0	0.0	1.8837020611863076	0.0	0.0	0.0	0.0	0.0	1.2006486666789193	0.0	0.0	0.0	0.0	0.0	0.0	3.9321061584523935	0.33123446868787826	0.0	0.0	0.0	0.0	0.0	0.0	0.0	0.0	0.0	0.0	0.0	0.0	0.0	0.0	0.0	0.0	0.0	0.0	0.0	0.0	0.0	3.00532565857069	0.0	0.0	0.0	0.0	0.0	0.0	0.0	0.0	0.0	0.33123446868787826	0.0
SRR13358051	1.084494764993874	0.0	3.350305831825586	0.0	0.0	0.0	0.0	0.0	1.1741950409882649	0.0	0.0	0.0	3.547339747644348	0.0	0.0	0.0	0.0	0.0	0.0	0.0	0.3790270759992691	0.0	0.0	0.0	0.0	0.3790270759992691	0.0	0.901312525419733	0.0	3.2966038275738105	2.125088018103772	0.0	0.0	0.0	1.500459184156656	0.0	0.0	0.0	0.0	0.0	0.0	0.0	1.5191674474280186	0.0	0.0	0.0	0.3790270759992691	0.0	0.0	0.0	0.0	0.3790270759992691	0.0	0.0	0.0	0.0	0.0	0.0	0.0	0.0	1.084494764993874	0.0	0.0	0.0	0.3790270759992691	0.0	0.3790270759992691	0.0	0.0	0.0	2.1384908008673196	1.3119341004673002	0.0	0.0	0.0	0.0	0.0	0.0	0.7143628684481773	0.0	0.0	0.3790270759992691	0.0	0.0	0.0	0.0	0.0	0.0	0.0	0.0	2.3814327401361437	0.0	0.0	0.817820443461545	0.3790270759992691	2.125088018103772	0.0	0.0	0.5782872709610962	0.0	0.0	1.9274109071555987	0.3790270759992691	0.0	0.7143628684481773	2.9306470573226777	0.0	1.1741950409882649	0.0	0.0	0.0	0.3790270759992691	0.0	0.0	0.0	0.0	0.0	0.0	0.7143628684481773	0.0	0.0	0.0	0.0	0.0	0.0	0.0	0.3790270759992691	0.0	0.0	0.0	0.0	0.0	0.3790270759992691	0.0	0.0	0.0	0.0	0.0	0.0	1.4389508911936366	0.0	0.0	0.3790270759992691	0.0	0.0	0.0	0.0	0.0	0.0	0.0	0.0	0.0	0.0	0.0	0.0	4.100443050397209	0.0	1.3119341004673002	0.0	0.0	0.0	0.0	0.7143628684481773	0.0	0.0	0.0	0.0	0.0	0.0	0.0	0.0	2.0871829727721694	0.0	0.0	0.0	0.0	0.0	0.0	0.3790270759992691	0.0	0.0	0.0	0.817820443461545	1.4163470430019014	0.0	2.352853439075365	0.0	0.7143628684481773	0.0	0.0	0.0	0.0	0.3790270759992691	0.0	0.0	0.0	0.0	0.0	0.0	2.1682434973859603	0.0	0.0	0.0	2.7084278519268423	0.0	0.817820443461545	0.0	0.3790270759992691	0.901312525419733	0.0	0.7143628684481773	0.7143628684481773	1.5191674474280186	0.0	0.0	0.0	0.0	0.0	0.0	0.0	0.0	2.401096591907554	0.0	0.0	0.3790270759992691	0.0	0.0	0.5782872709610962	0.0	0.0	0.0	0.0	0.0	0.0	0.0	0.0	2.587699515201248	0.5782872709610962	0.3790270759992691	3.3227040230077183	0.0	0.0	0.0	0.0	3.4391609831937973	0.0	0.0	0.0	0.3790270759992691	0.7143628684481773	0.0	0.5782872709610962	0.817820443461545	0.0	0.3790270759992691	0.0	0.0	0.0	0.0	0.0	0.0	0.0	0.3790270759992691	0.0	1.7089707629393065	0.0	0.3790270759992691	1.5868522361845476	0.0	0.0	0.0	0.0	0.0	1.8317822583095626	0.0	0.0	0.0	0.3790270759992691	0.0	0.0	2.2830856138938302	0.0	0.0	0.0	0.0	0.0	0.0	0.0	0.0	0.0	0.0	0.0	0.0	0.0	0.0	0.0	0.3790270759992691	0.0	0.0	0.0	0.0	0.0	0.0	2.1159173791479153	0.0	0.0	0.0	0.0	0.0	0.0	0.0	0.0	0.0	0.9713124945464047	0.0
SRR13358052	0.7285780221448471	0.3197701722911863	2.9624908596926653	0.0	0.0	0.0	0.3197701722911863	0.0	0.5019326640264293	0.0	0.3197701722911863	0.0	2.723268880791578	0.7285780221448471	0.0	0.0	0.0	0.0	0.3197701722911863	0.0	0.0	0.0	0.0	0.0	0.0	0.5019326640264293	0.0	0.8767456399641105	0.0	3.8651663617682797	1.9283481667108722	0.0	0.0	0.5019326640264293	1.8686960437680855	0.0	0.0	0.0	0.0	0.0	0.0	0.0	0.3197701722911863	0.0	0.0	0.0	0.0	0.0	0.0	0.0	0.0	0.0	0.0	0.0	0.0	0.0	0.3197701722911863	0.0	0.0	0.0	1.1479324752552982	0.0	0.3197701722911863	0.0	0.5019326640264293	0.0	0.0	0.0	0.0	0.0	2.08171081408247	1.1803117168821993	0.0	0.0	0.0	0.0	0.0	0.0	0.3197701722911863	0.0	0.0	0.6298754834065129	0.3197701722911863	0.0	0.0	0.0	0.0	0.0	0.0	0.0	2.133333386624109	0.0	0.0	1.59202875029125	0.5019326640264293	2.182581596450375	0.0	0.0	0.3197701722911863	0.0	0.0	1.950089450458257	0.0	0.0	0.0	2.1298427865418414	0.3197701722911863	1.7261822234162996	0.0	0.0	0.0	0.3197701722911863	0.0	0.0	0.5019326640264293	0.3197701722911863	0.3197701722911863	0.0	0.6298754834065129	0.0	0.0	0.0	0.0	0.0	0.0	0.0	0.0	0.3197701722911863	0.0	0.0	0.0	0.0	0.0	0.0	0.0	0.0	0.0	0.0	0.0	1.3775249139045576	0.0	0.3197701722911863	0.0	0.0	0.0	0.0	0.0	0.0	0.0	0.0	0.0	0.0	0.0	0.0	0.0	3.8737830678728837	0.0	0.9353729970018997	0.0	0.0	0.6298754834065129	0.0	0.0	0.0	0.0	0.0	0.0	0.0	0.0	0.0	0.0	1.6891346977175217	0.0	0.0	0.0	0.0	0.0	0.0	0.0	0.0	0.0	0.0	0.6298754834065129	0.8089501881921048	0.0	2.4379658875619774	0.0	0.3197701722911863	0.0	0.0	0.0	0.5019326640264293	0.0	0.0	0.0	0.0	0.0	0.0	0.3197701722911863	2.2844794080354363	0.0	0.0	0.0	2.797819848165494	0.0	0.6298754834065129	0.0	0.6298754834065129	0.7285780221448471	0.0	0.5019326640264293	0.5019326640264293	1.1129432741498102	0.0	0.0	0.0	0.6298754834065129	0.0	0.0	0.0	0.3197701722911863	3.6486320624419246	0.0	0.0	0.0	0.0	0.0	0.0	0.0	0.0	0.0	0.0	0.0	0.0	0.0	0.3197701722911863	2.1699850705237025	1.0331710251548811	0.3197701722911863	3.3664930905292065	0.0	0.0	0.0	0.0	3.4918422187725766	0.0	0.0	0.0	0.0	0.0	0.0	0.5019326640264293	0.8089501881921048	0.0	0.0	0.0	0.0	0.0	0.3197701722911863	0.0	0.0	0.0	0.0	0.3197701722911863	1.1129432741498102	0.0	0.0	1.0748861752542826	0.0	0.0	0.0	0.0	0.0	2.5279531799656536	0.0	0.0	0.6298754834065129	0.0	0.0	0.0	2.4379658875619774	0.3197701722911863	0.0	0.0	0.0	0.0	0.0	0.0	0.0	0.0	0.3197701722911863	0.0	0.0	0.0	0.0	0.0	0.3197701722911863	0.0	0.0	0.0	0.0	0.0	0.0	2.0933010370628913	0.0	0.5019326640264293	0.0	0.0	0.3197701722911863	0.0	0.0	0.3197701722911863	0.0	0.8089501881921048	0.0
SRR13358053	0.28811571402162695	0.0	3.1881060146738793	0.0	0.0	0.0	0.28811571402162695	0.0	0.8802315650853128	0.0	0.0	1.055203732336872	2.2339955061914054	0.5825416460871652	0.0	0.0	0.0	0.0	0.28811571402162695	0.0	0.28811571402162695	0.0	0.0	0.28811571402162695	0.0	0.28811571402162695	0.0	1.055203732336872	0.0	3.9537363385469546	2.0114500445009873	0.0	0.0	0.0	1.745085559535994	0.28811571402162695	0.0	0.0	0.0	0.0	0.0	0.0	0.6781187093894249	0.0	0.28811571402162695	0.0	0.0	0.0	0.0	0.0	0.0	0.0	0.0	0.28811571402162695	0.0	0.5825416460871652	0.28811571402162695	0.0	0.0	0.0	1.1516652999424748	0.0	0.0	0.0	0.5825416460871652	0.0	0.0	0.0	0.0	0.0	2.5887384378394733	1.1516652999424748	0.0	0.0	0.0	0.0	0.28811571402162695	0.0	0.0	0.0	0.0	0.0	0.0	0.0	0.0	0.0	0.28811571402162695	0.0	0.0	0.0	1.8130163013561822	0.0	0.28811571402162695	1.2305473249275642	0.459815441031983	1.4660084445410373	0.0	0.0	0.0	0.0	0.0	2.698921040750898	0.0	0.0	0.6781187093894249	2.0114500445009873	0.28811571402162695	1.8130163013561822	0.0	0.0	0.0	0.459815441031983	0.0	0.0	0.6781187093894249	0.28811571402162695	0.0	0.0	0.0	0.0	0.0	0.0	0.0	0.0	0.0	0.0	0.0	0.28811571402162695	0.0	0.28811571402162695	0.0	0.0	0.0	0.0	0.0	0.0	0.5825416460871652	0.459815441031983	0.0	1.5542700060694363	0.0	0.28811571402162695	0.28811571402162695	0.5825416460871652	0.0	0.0	0.0	0.0	0.0	0.0	0.0	0.28811571402162695	0.0	0.6781187093894249	0.0	3.9339162522588738	0.0	1.055203732336872	0.28811571402162695	0.0	0.459815441031983	0.0	0.459815441031983	0.0	0.0	0.0	0.0	0.0	0.0	0.0	0.0	1.7224460934350958	0.0	0.0	0.0	0.0	0.0	0.0	0.0	0.28811571402162695	0.0	0.0	1.1218302510806009	1.3174253024854743	0.0	2.1010820996468635	0.28811571402162695	0.8802315650853128	0.0	0.0	0.0	0.28811571402162695	0.0	0.0	0.0	0.0	0.0	0.0	0.5825416460871652	2.4749201436470525	0.28811571402162695	0.0	0.459815441031983	2.9794117442694144	0.5825416460871652	1.0176188572904579	0.0	0.7564090440107769	1.336677181558408	0.0	0.459815441031983	0.28811571402162695	1.5308283647495815	0.0	0.28811571402162695	0.0	1.0176188572904579	0.0	0.0	0.0	0.28811571402162695	3.377078439829675	0.0	0.0	0.28811571402162695	0.0	0.0	0.9310113772484525	0.0	0.0	0.28811571402162695	0.0	0.0	0.0	0.0	0.5825416460871652	0.28811571402162695	0.9310113772484525	0.28811571402162695	3.1881060146738793	0.0	0.0	0.0	0.0	3.400784686052771	0.0	0.0	0.0	0.0	0.28811571402162695	0.0	0.6781187093894249	1.2058117687998944	0.0	0.0	0.0	0.0	0.0	0.0	0.0	0.0	0.0	0.0	0.0	1.3727955723609022	0.0	0.0	1.8192596588855368	0.0	0.0	0.0	0.0	0.0	2.2727645103369207	0.0	0.0	0.8227183475273959	0.0	0.5825416460871652	0.0	1.882594237505066	0.28811571402162695	0.0	0.28811571402162695	0.0	0.0	0.0	0.0	0.28811571402162695	0.0	0.0	0.0	0.0	0.0	0.0	0.0	1.2058117687998944	0.0	0.0	0.0	0.0	0.0	0.0	1.421898014536336	0.5825416460871652	1.2972802589382244	0.0	0.0	0.0	0.0	0.0	0.0	0.459815441031983	1.2761551276122276	0.0
SRR13358058	1.0069766790158603	0.0	0.0	0.0	0.0	0.0	0.0	0.0	0.0	0.0	0.0	1.6410348916379267	0.8517450253560017	1.1210974550712938	0.0	0.0	0.0	0.0	0.0	0.0	0.6078816458169065	0.6078816458169065	0.0	0.0	0.0	0.0	0.0	1.4053778387547329	0.0	3.963046964227643	0.6078816458169065	0.0	0.0	0.0	2.7994232399599164	0.0	0.0	0.0	0.0	0.0	0.0	0.0	1.1210974550712938	0.0	0.0	0.0	0.6078816458169065	0.0	0.0	0.0	0.0	0.0	0.0	0.0	0.0	0.8517450253560017	0.8517450253560017	0.0	0.8517450253560017	0.0	1.5757391981380966	0.0	0.0	0.0	0.0	0.6078816458169065	0.0	0.0	0.0	0.0	3.002494167256073	0.0	0.0	0.0	0.0	0.6078816458169065	0.0	0.0	0.8517450253560017	0.0	0.0	0.0	0.0	0.6078816458169065	0.0	0.0	0.0	0.0	0.0	0.0	0.6078816458169065	0.0	0.0	0.6078816458169065	0.0	0.0	0.0	0.0	0.0	0.0	0.0	2.9877403257698183	0.0	0.0	1.0069766790158603	2.6226235760519017	0.0	0.8517450253560017	0.0	0.0	0.0	0.0	0.6078816458169065	0.0	1.723600688914279	0.0	0.0	0.0	0.6078816458169065	0.0	0.0	0.0	0.0	0.0	0.0	0.0	0.0	1.0069766790158603	0.0	0.0	0.0	0.0	0.6078816458169065	0.0	0.0	0.0	0.6078816458169065	0.0	0.0	0.6078816458169065	0.0	1.2860943872847317	0.0	0.0	0.0	0.0	0.0	0.0	0.0	0.0	0.0	0.0	0.0	1.2113849384664988	0.0	4.021718426006695	0.0	2.0329784332301033	0.0	0.0	0.0	0.0	0.8517450253560017	0.0	0.0	0.0	0.0	0.0	0.0	0.0	0.0	0.0	0.0	0.0	0.0	0.0	0.6078816458169065	0.0	0.0	0.0	0.0	0.0	1.6410348916379267	0.8517450253560017	0.0	1.2113849384664988	0.0	0.6078816458169065	0.0	0.0	0.0	1.2113849384664988	1.2113849384664988	0.0	0.0	0.0	0.0	0.0	0.0	1.7479680895427463	0.0	0.0	1.0069766790158603	1.0069766790158603	1.0069766790158603	0.0	0.0	1.0069766790158603	1.6977843840627707	0.0	0.0	0.6078816458169065	3.5103062482295577	0.0	0.8517450253560017	0.6078816458169065	1.6096130327072713	0.0	0.0	0.0	1.0069766790158603	1.9370735987446162	0.0	0.0	0.0	0.0	0.0	1.0069766790158603	0.0	0.0	0.0	0.0	0.0	0.0	0.0	0.0	0.0	1.6977843840627707	0.0	1.0069766790158603	0.0	0.0	0.0	0.0	2.007668222120336	0.0	0.0	0.0	0.0	0.0	0.0	0.6078816458169065	1.8709626843474945	0.0	0.0	0.0	0.0	0.0	1.1210974550712938	0.0	0.0	0.0	0.0	0.0	1.6096130327072713	0.0	0.0	2.007668222120336	0.0	0.0	0.0	0.0	0.0	3.2286326255490687	0.0	0.0	1.1210974550712938	0.0	0.0	0.6078816458169065	2.1412274533330367	0.6078816458169065	0.0	0.0	0.0	0.0	0.0	0.0	0.0	0.0	0.0	0.0	0.0	0.0	0.0	0.0	1.4988589916284696	0.0	0.0	0.0	0.0	0.0	0.0	1.7710406150014886	0.0	1.888457568362511	0.0	0.0	0.0	0.0	0.0	0.0	1.0069766790158603	1.6703359149510977	0.0
SRR13358059	0.2032199149128273	0.0	0.4456139140827	0.0	0.0	0.0	0.0	0.0	0.3411128739105329	0.0	0.0	0.4456139140827	0.7140624129571033	0.0	0.0	0.0	0.2032199149128273	0.0	0.3411128739105329	0.0	0.0	0.0	0.0	0.0	0.0	0.0	0.0	1.091211739251497	0.0	1.637137445677937	0.0	0.0	0.0	0.0	0.4456139140827	0.0	0.0	0.0	0.0	0.0	0.2032199149128273	0.0	0.4456139140827	0.0	0.0	0.0	0.0	0.0	0.0	0.0	0.0	0.0	0.0	0.0	0.0	0.4456139140827	0.0	0.0	0.0	0.0	0.8430379945760552	0.0	0.0	0.0	0.2032199149128273	0.0	0.0	0.0	0.0	0.0	3.443822926324213	0.2032199149128273	0.0	0.0	0.0	0.0	0.2032199149128273	0.0	0.0	0.0	0.0	0.0	0.0	0.0	0.0	0.0	0.3411128739105329	0.2032199149128273	0.0	0.0	0.2032199149128273	0.0	0.0	0.2032199149128273	0.0	1.262544497811518	0.0	0.0	0.0	0.0	0.0	0.9423522253578895	0.4456139140827	0.0	0.2032199149128273	3.7107841559674406	0.0	0.2032199149128273	0.0	0.0	0.0	0.0	0.0	0.0	0.0	0.0	0.0	0.0	0.4456139140827	0.0	0.0	0.0	0.0	0.0	0.0	0.0	0.0	0.0	0.0	0.3411128739105329	0.0	0.0	0.0	0.0	0.2032199149128273	0.0	0.2032199149128273	0.2032199149128273	0.0	0.4456139140827	0.0	0.0	0.2032199149128273	0.0	0.2032199149128273	0.0	0.0	0.0	0.0	0.2032199149128273	0.0	0.0	0.0	0.0	0.0	4.2551159793433335	0.0	0.8430379945760552	0.0	0.0	0.0	0.0	0.7614391470817367	0.0	0.0	0.660877309048088	0.0	0.0	0.0	0.0	0.0	0.3411128739105329	0.0	0.0	0.0	0.0	0.0	0.0	0.0	0.0	0.0	0.0	0.3411128739105329	0.2032199149128273	0.0	0.5297831198139007	0.0	0.7140624129571033	0.0	0.0	0.0	0.2032199149128273	0.0	0.0	0.0	0.0	0.0	0.0	0.0	0.0	0.0	0.0	0.0	0.8430379945760552	0.0	0.6002579865924027	0.0	0.0	0.3411128739105329	0.0	0.3411128739105329	0.0	3.49163965675998	0.0	0.0	0.0	0.2032199149128273	0.0	0.0	0.2032199149128273	0.0	0.8430379945760552	0.0	0.0	0.0	0.0	0.0	0.2032199149128273	0.0	0.0	0.2032199149128273	0.0	0.0	0.0	0.0	0.0	0.0	0.6002579865924027	0.0	0.0	0.0	0.0	0.0	0.0	1.262544497811518	0.0	0.0	0.0	0.0	0.2032199149128273	0.0	0.2032199149128273	0.2032199149128273	0.0	0.0	0.0	0.0	0.0	0.0	0.0	0.0	0.0	0.0	0.2032199149128273	0.3411128739105329	0.0	0.0	1.5864895221062163	0.0	0.0	0.0	0.0	0.0	0.2032199149128273	0.0	0.0	0.0	0.0	0.0	0.0	0.6002579865924027	0.0	0.0	0.0	0.0	0.0	0.2032199149128273	0.0	0.0	0.2032199149128273	0.0	0.0	0.0	0.0	0.0	0.0	0.0	0.0	0.0	0.0	0.0	0.0	0.2032199149128273	0.660877309048088	0.2032199149128273	0.2032199149128273	0.0	0.0	0.0	0.0	0.0	0.0	0.0	0.0	0.0
SRR13358060	1.2061528087162503	0.46005299555422235	0.6784060950611347	0.46005299555422235	0.0	0.0	0.0	0.0	0.46005299555422235	0.0	0.46005299555422235	1.9955822846128355	0.9313324368042283	0.6784060950611347	0.0	0.0	0.0	0.0	1.2061528087162503	0.0	1.0179476213093377	0.0	0.0	0.0	0.0	0.0	0.0	2.2072911945585463	0.0	1.730481367644518	0.0	0.0	0.0	0.0	1.1520033346066563	0.0	0.0	0.0	0.0	0.0	0.0	0.823027338597589	1.3370241097194167	0.0	0.46005299555422235	0.0	0.823027338597589	0.0	0.0	0.0	0.0	0.0	0.0	0.0	0.0	1.7454426936898324	0.823027338597589	0.0	0.0	0.0	0.0	0.0	0.0	0.0	0.0	0.46005299555422235	0.0	0.0	0.0	0.46005299555422235	3.9519114091267395	0.0	0.0	0.0	0.0	0.6784060950611347	1.0901275234845358	0.0	0.6784060950611347	0.823027338597589	0.0	0.0	0.0	0.0	0.0	0.0	0.0	0.0	0.0	0.0	0.823027338597589	0.0	0.0	0.0	0.46005299555422235	0.0	0.0	0.0	0.0	0.0	0.46005299555422235	3.95718167325288	1.4374551476887887	0.0	2.748701033400088	2.314705056350152	0.46005299555422235	0.0	0.0	0.0	0.0	0.0	1.0179476213093377	0.0	0.0	0.0	0.0	0.0	0.6784060950611347	0.0	0.0	0.6784060950611347	0.0	0.0	0.46005299555422235	0.0	0.0	3.2094306638679946	0.0	0.0	0.0	0.0	0.0	0.46005299555422235	0.46005299555422235	0.0	1.0901275234845358	0.46005299555422235	0.0	0.46005299555422235	0.0	0.0	0.0	0.0	0.0	0.0	0.0	0.46005299555422235	0.0	0.0	0.0	0.0	0.0	1.5875725643255147	0.0	2.00377202254843	0.0	2.241455024428605	0.9313324368042283	0.0	0.0	0.46005299555422235	0.0	0.0	0.0	1.3731438367394744	0.0	0.0	0.0	0.0	0.0	0.0	0.0	0.0	0.0	0.0	0.0	0.0	0.46005299555422235	0.0	0.0	0.0	1.8257727714973147	2.164642861496732	0.46005299555422235	0.823027338597589	0.0	1.3731438367394744	0.0	0.0	0.823027338597589	1.0179476213093377	0.46005299555422235	0.0	0.0	0.0	0.0	0.0	1.0179476213093377	0.0	0.0	0.0	1.0179476213093377	0.823027338597589	1.2976255971108457	1.493459936770589	0.0	1.2061528087162503	2.568599633556053	0.0	0.0	1.0901275234845358	3.645410399665947	0.0	1.3370241097194167	0.0	1.9038715836230105	0.46005299555422235	0.0	0.0	0.0	1.1520033346066563	0.0	0.0	0.0	0.0	0.0	1.7739025854094974	0.0	0.0	0.0	0.46005299555422235	0.6784060950611347	0.0	0.0	0.46005299555422235	0.9313324368042283	0.9313324368042283	0.0	1.0901275234845358	0.0	0.0	0.0	0.0	1.2976255971108457	0.0	0.0	0.0	0.0	0.0	0.0	0.0	2.1356910166301915	0.0	0.0	0.0	0.0	0.0	0.0	0.6784060950611347	0.0	0.46005299555422235	0.46005299555422235	0.0	1.2061528087162503	0.0	0.0	3.054427063031822	0.0	0.0	0.0	0.0	0.0	0.46005299555422235	0.0	0.0	1.6648788260043534	0.0	0.0	0.0	0.823027338597589	0.0	0.0	0.0	0.46005299555422235	0.0	0.0	0.0	0.0	0.0	0.0	0.0	0.0	0.0	0.0	0.0	2.042552833691683	0.0	0.0	0.0	0.0	0.0	0.0	1.2061528087162503	0.0	2.3908818744770337	0.0	0.0	0.6784060950611347	0.0	0.0	0.0	0.823027338597589	2.91418803304185	0.0
SRR13358061	0.37791004497425973	2.132162713961013	0.816192695787993	0.0	0.0	0.0	0.0	0.0	1.0827327489929517	0.0	0.816192695787993	0.0	0.7128138143004711	0.0	1.5524603707465512	0.0	0.0	0.0	1.2111334747660887	0.0	0.9695976299997492	0.0	0.0	0.0	1.1724034686306157	0.7128138143004711	0.0	3.697236302917957	0.0	1.8208834900400048	0.0	1.1298783486516104	0.0	0.0	1.2795555673575596	0.0	0.0	0.0	0.0	0.0	0.0	0.0	1.1298783486516104	0.0	0.0	0.0	0.37791004497425973	0.0	0.0	0.0	0.0	0.0	0.0	0.0	0.0	2.123182021366701	0.0	0.0	0.0	0.0	0.37791004497425973	0.0	0.0	0.0	0.0	0.0	0.0	0.0	0.37791004497425973	0.0	3.0451140299071864	0.9695976299997492	0.0	0.0	0.0	0.0	0.0	0.0	0.0	0.37791004497425973	0.0	0.0	0.0	0.0	0.0	0.0	0.0	1.6152363573693236	0.0	0.0	1.2795555673575596	0.0	0.37791004497425973	0.0	1.2111334747660887	0.0	0.0	0.0	0.0	0.0	0.0	1.972897811478416	2.2651146724127016	0.9695976299997492	1.6827655518148563	1.7070879519736664	0.0	0.0	0.0	0.0	0.0	0.0	0.0	0.0	0.0	0.0	0.0	0.0	0.899633603166814	0.0	0.0	1.6700737039229103	0.0	0.0	1.847361860710904	0.0	1.4371005087966215	0.0	0.0	0.5768747897168338	1.1724034686306157	0.0	0.0	0.0	0.0	0.0	0.0	0.0	0.0	0.5768747897168338	0.0	0.0	0.37791004497425973	0.0	0.0	0.0	0.37791004497425973	0.0	0.0	0.0	0.0	0.0	0.0	0.0	0.0	2.162208646812799	0.816192695787993	4.218004273282382	0.0	0.0	0.0	0.7128138143004711	2.1704247664288023	0.0	0.0	0.5768747897168338	0.0	0.0	0.0	0.0	0.0	0.37791004497425973	0.0	0.0	2.009765762719248	0.0	0.0	0.0	0.5768747897168338	0.0	1.3386507119627011	0.0	1.2466905976184202	1.0827327489929517	0.0	0.37791004497425973	0.37791004497425973	2.182464658002848	0.0	0.0	0.0	0.37791004497425973	0.0	0.0	0.0	0.0	0.0	0.0	0.37791004497425973	1.0298388276622994	0.0	1.4985995526462852	0.0	2.132162713961013	0.7128138143004711	2.516412078564358	0.0	0.9695976299997492	0.37791004497425973	0.0	1.535238430223793	1.0827327489929517	0.899633603166814	0.0	0.0	0.0	0.816192695787993	0.0	2.0382652162951316	0.0	0.0	1.0298388276622994	0.0	0.0	0.0	0.0	0.0	1.4145004024386814	0.0	0.0	0.37791004497425973	0.0	0.37791004497425973	0.0	0.0	0.0	0.37791004497425973	0.0	0.0	0.0	0.0	0.0	0.0	0.0	1.3654330952635656	0.0	0.0	0.0	0.0	0.0	0.0	0.37791004497425973	0.0	0.0	0.0	0.0	0.0	0.0	0.0	0.816192695787993	0.0	0.5768747897168338	0.37791004497425973	0.0	3.5226981516527296	0.0	0.0	2.8130898704921137	1.2111334747660887	0.0	0.0	0.0	0.0	0.37791004497425973	0.5768747897168338	1.3654330952635656	0.37791004497425973	0.0	0.0	0.0	0.899633603166814	0.0	0.0	0.0	1.8387138763193358	1.5173052528020279	0.0	0.0	0.0	0.0	0.0	0.0	0.0	0.0	0.0	0.0	0.0	0.0	0.0	0.0	0.0	0.0	0.0	1.1724034686306157	0.0	0.7128138143004711	0.0	0.0	0.0	0.0	0.0	0.0	0.0	0.0	0.0
SRR13358065	0.0	0.0	0.5320022337183636	0.0	0.0	0.0	0.0	0.0	0.41542960799474077	0.0	0.0	0.0	2.8504051879370844	0.699563048948839	0.0	0.0	0.0	0.41542960799474077	0.0	0.0	0.0	0.0	0.0	0.0	0.0	0.41542960799474077	0.0	3.9581089060559287	0.0	3.7299220355691936	0.2556020743058066	0.0	0.0	0.41542960799474077	2.3323674461078436	0.41542960799474077	0.0	0.2556020743058066	0.0	0.0	0.0	0.0	0.5320022337183636	0.0	0.0	0.0	0.2556020743058066	0.2556020743058066	0.0	0.0	0.0	0.0	0.0	0.0	0.0	0.2556020743058066	0.2556020743058066	0.0	0.0	0.0	1.7183974953596541	0.0	0.0	0.0	0.0	0.0	0.0	0.0	0.0	0.0	1.596218605121592	1.0870403051581157	0.0	0.41542960799474077	0.0	0.41542960799474077	0.0	0.0	0.0	0.0	0.2556020743058066	0.41542960799474077	0.0	0.0	0.0	0.0	0.2556020743058066	1.5497235214264253	0.0	0.0	1.9462013681411208	0.0	0.0	1.0575810655128486	0.0	0.5320022337183636	0.0	0.0	0.0	0.0	0.0	1.926044475630416	1.7442375765618288	0.0	0.41542960799474077	1.8781027034949995	0.41542960799474077	2.134912849655913	0.0	0.0	0.0	0.2556020743058066	0.0	0.0	1.8136431427767157	0.0	0.0	0.0	3.8114707871207427	0.0	0.0	0.0	0.0	0.0	0.0	0.0	0.0	0.0	0.0	0.2556020743058066	0.0	0.0	0.0	0.2556020743058066	0.0	0.0	0.0	1.2102104786628334	0.0	0.7640414735530776	0.0	1.0870403051581157	0.699563048948839	0.41542960799474077	0.0	0.8201728962383252	0.0	0.0	0.0	0.0	0.0	0.2556020743058066	0.0	0.0	0.0	3.679095487408341	0.0	1.3060558864632383	0.0	0.0	0.0	0.0	0.5320022337183636	0.0	0.0	0.0	0.0	0.0	0.914464711673521	0.0	0.0	0.2556020743058066	0.0	0.0	0.0	0.0	0.0	0.0	0.0	0.0	0.0	0.0	1.025977176017217	1.7626562053133557	0.0	0.5320022337183636	0.0	0.7640414735530776	0.0	0.2556020743058066	0.0	0.0	0.2556020743058066	0.0	0.0	0.0	0.0	0.2556020743058066	0.0	1.9729361226650488	0.0	0.0	0.0	0.7640414735530776	0.2556020743058066	0.2556020743058066	0.0	0.2556020743058066	1.0575810655128486	0.0	0.2556020743058066	0.8698728135682667	1.559429292263295	0.0	0.0	0.0	0.914464711673521	0.0	0.0	0.0	0.6238141131468486	1.8734700797702324	0.0	0.0	0.0	0.0	0.0	0.41542960799474077	0.0	0.0	0.0	0.0	0.0	0.5320022337183636	0.0	0.0	0.41542960799474077	2.0777393038284817	0.0	1.3060558864632383	0.0	0.0	0.0	0.2556020743058066	1.231146536909777	0.0	0.0	0.0	0.0	0.41542960799474077	0.0	0.914464711673521	0.5320022337183636	0.0	0.0	0.0	0.0	0.0	0.8698728135682667	0.0	0.0	0.0	0.0	0.0	0.41542960799474077	0.0	0.0	1.0575810655128486	0.0	0.0	0.0	0.0	0.0	0.2556020743058066	0.0	0.0	0.0	0.0	0.0	0.0	2.180862163124887	0.5320022337183636	0.0	0.0	0.0	2.6012766158073304	0.0	0.0	0.0	0.0	0.0	0.0	0.0	0.0	0.0	0.0	0.0	0.0	0.0	0.0	0.0	0.0	0.0	2.902634283053583	0.2556020743058066	0.5320022337183636	0.0	0.0	0.5320022337183636	0.0	0.0	0.0	0.8698728135682667	0.0	0.0
SRR13358066	0.0	0.0	0.4508860892967598	0.0	0.0	0.0	0.0	0.0	0.28150368953078275	0.0	0.0	0.28150368953078275	0.28150368953078275	0.5724311280081555	0.0	0.0	0.0	0.0	0.0	0.0	0.0	0.0	0.0	0.0	0.0	0.0	0.0	0.5724311280081555	0.0	4.290362511656927	2.4501219231613773	0.0	0.0	0.28150368953078275	1.304349637916762	0.0	0.0	0.0	0.0	0.0	0.0	0.0	1.2842364732097578	0.0	0.0	0.0	0.5724311280081555	0.0	0.0	0.0	0.0	0.0	0.0	0.0	0.0	0.4508860892967598	0.28150368953078275	0.0	0.28150368953078275	0.0	0.9641948403214717	0.28150368953078275	0.28150368953078275	0.0	0.0	0.0	0.4508860892967598	0.0	0.0	0.0	2.3181464109680894	0.6672921196289823	0.0	0.0	0.0	0.28150368953078275	0.0	0.0	0.0	0.0	0.0	0.0	0.0	0.0	0.0	0.0	0.28150368953078275	0.0	0.0	0.28150368953078275	0.0	0.0	0.0	1.077180148503215	0.28150368953078275	1.3596395247228783	0.9188978775928114	0.0	0.0	0.0	0.0	1.077180148503215	0.5724311280081555	0.0	0.0	1.8470621075711153	0.0	1.1389015785364187	0.0	0.0	0.0	0.0	0.0	0.0	0.7451019608680389	0.28150368953078275	0.28150368953078275	0.0	0.4508860892967598	0.0	0.0	0.0	0.0	0.0	0.0	0.0	0.0	0.0	0.0	0.0	0.0	0.0	0.28150368953078275	0.0	0.0	0.0	0.0	0.0	0.0	0.7451019608680389	0.0	1.6141699126577211	0.0	0.0	0.0	0.0	0.0	0.0	0.0	0.0	0.0	0.0	0.0	0.0	0.0	3.770535790584982	0.0	0.8683203290476138	0.0	0.0	0.0	0.0	0.0	0.0	0.0	0.0	0.0	0.0	0.0	0.0	0.0	1.7994834340208634	0.0	0.0	0.0	0.0	0.0	0.0	0.0	0.0	0.0	0.0	1.7011512483814497	0.4508860892967598	0.0	0.9188978775928114	0.0	2.009619660338864	0.0	0.0	0.0	0.28150368953078275	0.8110665174578702	0.0	0.0	0.0	0.0	0.0	0.0	2.0467308515761418	0.0	0.0	0.0	2.6965012854236297	0.0	0.4508860892967598	0.0	0.0	0.6672921196289823	0.0	0.6672921196289823	0.5724311280081555	0.5724311280081555	0.0	0.0	0.0	0.0	0.0	0.0	0.0	0.7451019608680389	1.5052906306773093	0.0	0.0	0.28150368953078275	0.0	0.0	0.0	0.0	0.0	0.0	0.0	0.28150368953078275	0.0	0.0	0.0	0.0	1.2409796412218757	0.0	2.344016310667767	0.0	0.0	0.0	0.0	3.00224755232489	0.0	0.0	0.0	0.0	0.0	0.0	0.0	0.0	0.0	0.0	0.0	0.0	0.0	0.0	0.0	0.0	0.0	0.0	0.0	0.6672921196289823	0.0	0.0	0.7451019608680389	0.0	0.28150368953078275	0.0	0.0	0.0	2.6256993775906796	0.0	0.0	0.0	0.0	0.0	0.0	2.1777655889199887	0.0	0.0	0.0	0.0	0.0	0.0	0.0	0.0	0.0	0.0	0.0	0.0	0.0	0.0	0.0	0.0	0.0	0.0	0.0	0.0	0.0	0.0	2.5643581586131203	0.0	0.28150368953078275	0.0	0.0	0.0	0.0	0.0	0.0	0.0	0.4508860892967598	0.0
SRR13358067	0.0	0.39276743453734064	0.8376896490475649	0.0	0.0	0.0	0.0	0.0	0.9217907161958515	0.0	0.0	0.39276743453734064	1.105959816082427	0.0	0.0	0.0	0.0	0.0	0.0	0.0	0.0	0.0	0.0	0.0	0.0	0.39276743453734064	0.0	1.105959816082427	0.0	4.232368217924792	2.9138208931371556	0.0	0.0	0.0	2.6920656286794333	0.39276743453734064	0.0	0.0	0.0	0.0	0.0	0.0	1.4388146421581174	0.0	0.0	0.0	0.39276743453734064	0.0	0.0	0.0	0.0	0.0	0.0	0.0	0.0	0.39276743453734064	0.0	0.0	0.0	0.0	1.105959816082427	0.0	0.0	0.0	0.39276743453734064	0.0	0.0	0.0	0.0	0.0	2.33380691375463	0.5955845899325689	0.0	0.39276743453734064	0.0	0.0	0.0	0.0	0.0	0.0	0.0	0.39276743453734064	0.0	0.39276743453734064	0.0	0.39276743453734064	0.0	0.0	0.0	0.0	0.39276743453734064	0.0	0.0	0.9922178512680063	0.7332937994137978	1.4149201448733528	0.0	0.0	0.0	0.0	0.0	1.1533150003889459	0.5955845899325689	0.0	0.39276743453734064	1.4614627620055658	0.0	2.3733978131743894	0.0	0.0	0.0	0.0	0.0	0.0	0.5955845899325689	0.0	0.0	0.0	0.5955845899325689	0.0	0.0	0.0	0.0	0.0	0.0	0.0	0.0	0.0	0.0	0.0	0.0	0.0	0.0	0.0	0.39276743453734064	0.0	0.0	0.0	0.0	0.8376896490475649	0.0	1.5034967693956334	0.0	0.0	0.0	0.0	0.0	0.0	0.0	0.0	0.0	0.0	0.0	0.0	0.0	3.7078503399310274	0.0	1.1533150003889459	0.0	0.0	0.0	0.39276743453734064	0.0	0.0	0.0	0.0	0.0	0.0	0.0	0.0	0.39276743453734064	1.4149201448733528	0.0	0.0	0.0	0.39276743453734064	0.0	0.0	0.5955845899325689	0.0	0.0	0.0	0.9922178512680063	0.7332937994137978	0.0	1.1533150003889459	0.0	0.8376896490475649	0.0	0.0	0.0	1.2348818202525993	1.052801875383366	0.0	0.0	0.0	0.0	0.0	0.0	2.174671663542807	0.0	0.0	0.0	2.5151171375483417	0.0	0.7332937994137978	0.39276743453734064	0.39276743453734064	0.8376896490475649	0.0	0.39276743453734064	1.5418190429932337	1.052801875383366	0.0	0.0	0.0	0.39276743453734064	0.0	0.0	0.0	0.5955845899325689	1.8547870984547183	0.0	0.0	0.0	0.0	0.0	0.39276743453734064	0.0	0.0	0.0	0.0	0.0	0.0	0.0	0.0	0.0	1.052801875383366	0.0	2.56828461072221	0.0	0.0	0.0	0.0	2.936576730965607	0.0	0.0	0.0	0.0	0.39276743453734064	0.0	0.0	0.0	0.0	0.0	0.0	0.0	0.0	0.39276743453734064	0.0	0.0	0.0	0.0	0.0	0.0	0.0	0.0	1.7318661087711034	0.0	0.0	0.0	0.0	0.0	2.9083351280086616	0.0	0.0	0.0	0.5955845899325689	0.0	0.0	3.077889443484926	0.39276743453734064	0.0	0.0	0.0	0.0	0.39276743453734064	0.0	0.0	0.0	0.0	0.0	0.0	0.0	0.0	0.0	0.39276743453734064	0.0	0.0	0.0	0.0	0.0	0.0	3.022761093457762	0.39276743453734064	0.0	0.0	0.0	0.0	0.0	0.0	0.0	0.39276743453734064	0.39276743453734064	0.0
SRR13358068	0.0	0.29278972637528977	0.0	0.0	0.0	0.0	0.0	0.0	0.4660991143997155	0.0	0.29278972637528977	0.685709465673957	0.29278972637528977	0.5896402046082165	0.0	0.0	0.0	0.0	0.0	0.0	0.0	0.0	0.0	0.0	0.0	0.29278972637528977	0.0	0.29278972637528977	0.0	4.207090605015111	2.450285592312974	0.0	0.0	0.4660991143997155	2.012902361937146	0.0	0.0	0.0	0.0	0.0	0.0	0.0	0.685709465673957	0.0	0.0	0.0	0.4660991143997155	0.0	0.0	0.0	0.0	0.0	0.0	0.0	0.29278972637528977	0.0	0.0	0.0	0.0	0.0	1.1306980599545353	0.0	0.0	0.0	0.0	0.29278972637528977	0.0	0.0	0.0	0.0	2.3507887989487504	0.4660991143997155	0.0	0.0	0.0	0.0	0.0	0.0	0.0	0.0	0.29278972637528977	0.0	0.0	0.0	0.0	0.29278972637528977	0.0	0.0	0.0	0.0	0.29278972637528977	0.0	0.0	0.4660991143997155	0.29278972637528977	1.5748594154021158	0.0	0.0	0.0	0.0	0.0	1.2148056712754598	0.0	0.0	0.5896402046082165	2.3950455305785834	0.0	1.527912508011451	0.0	0.0	0.0	0.0	0.0	0.0	0.0	0.0	0.0	0.0	0.4660991143997155	0.0	0.0	0.0	0.0	0.0	0.0	0.0	0.0	0.0	0.0	0.0	0.0	0.0	0.0	0.0	0.0	0.0	0.0	0.0	0.0	0.685709465673957	0.0	1.1306980599545353	0.0	0.0	0.0	0.0	0.0	0.0	0.0	0.0	0.0	0.0	0.0	0.0	0.0	3.8671940120959367	0.0	1.0639526000028883	0.0	0.0	0.4660991143997155	0.0	0.29278972637528977	0.0	0.0	0.0	0.0	0.0	0.0	0.0	0.0	0.0	0.0	0.0	0.0	0.0	0.29278972637528977	0.0	0.29278972637528977	0.0	0.0	0.0	2.1929797928827184	1.9425878390727527	0.0	0.985053058799809	0.0	0.985053058799809	0.0	0.0	0.0	0.29278972637528977	0.9394832700046455	0.0	0.0	0.0	0.0	0.0	0.0	2.0088259445429126	0.0	0.0	0.0	3.0647214552024775	0.0	0.8885652607402202	0.0	0.0	0.5896402046082165	0.0	0.0	0.764329304832971	1.1306980599545353	0.0	0.0	0.0	0.0	0.0	0.0	0.0	0.0	1.527912508011451	0.0	0.0	0.0	0.0	0.0	0.0	0.0	0.0	0.0	0.0	0.0	0.0	0.0	0.0	0.29278972637528977	1.0262921094227355	0.0	2.552779711338863	0.0	0.0	0.0	0.0	3.0785430582429765	0.0	0.29278972637528977	0.0	0.0	0.4660991143997155	0.0	0.4660991143997155	0.29278972637528977	0.0	0.0	0.0	0.0	0.0	0.0	0.0	0.0	0.0	0.0	0.0	0.0	0.0	0.29278972637528977	1.62719810607884	0.0	0.0	0.0	0.0	0.0	2.782727555989104	0.0	0.0	0.0	0.0	0.0	0.0	2.770848227706049	0.0	0.0	0.0	0.0	0.0	0.29278972637528977	0.0	0.0	0.0	0.0	0.0	0.0	0.0	0.0	0.0	0.0	0.29278972637528977	0.0	0.0	0.0	0.0	0.0	2.5468875116674554	0.0	0.29278972637528977	0.0	0.0	0.0	0.29278972637528977	0.0	0.0	0.29278972637528977	0.0	0.0
SRR13358069	0.0	0.0	0.5950365203123693	0.0	0.0	0.0	0.296360324745267	0.0	0.47088380205376557	0.0	0.296360324745267	0.296360324745267	0.47088380205376557	0.5950365203123693	0.0	0.0	0.0	0.296360324745267	0.0	0.0	0.0	0.0	0.0	0.0	0.0	0.5950365203123693	0.0	0.6914742385577912	0.0	4.185041591371998	2.032088872806403	0.0	0.0	0.0	1.9098023451049069	0.0	0.0	0.0	0.0	0.0	0.0	0.0	1.2921142560356023	0.0	0.0	0.0	0.0	0.0	0.0	0.0	0.0	0.0	0.0	0.0	0.0	0.296360324745267	0.0	0.296360324745267	0.296360324745267	0.0	1.3889294388402385	0.0	0.0	0.0	0.0	0.0	0.0	0.0	0.0	0.0	2.0513902768149586	0.5950365203123693	0.0	0.0	0.0	0.0	0.0	0.0	0.296360324745267	0.0	0.296360324745267	0.296360324745267	0.0	0.47088380205376557	0.0	0.0	0.0	0.0	0.0	0.0	0.296360324745267	0.0	0.0	1.4533350990898573	0.7703403358442984	1.6242990539131152	0.0	0.0	0.0	0.0	0.0	1.2464094399753447	0.7703403358442984	0.0	0.0	1.7542015260488324	0.296360324745267	2.226193533620522	0.0	0.0	0.0	0.0	0.0	0.0	0.6914742385577912	0.0	0.47088380205376557	0.0	0.5950365203123693	0.0	0.0	0.0	0.0	0.0	0.0	0.0	0.0	0.296360324745267	0.0	0.0	0.0	0.0	0.0	0.0	0.296360324745267	0.0	0.0	0.0	0.0	1.0328646717925283	0.0	2.1429650889088	0.0	0.0	0.0	0.0	0.0	0.0	0.0	0.0	0.0	0.296360324745267	0.0	0.0	0.0	3.7550118580575376	0.0	1.105282821891952	0.0	0.0	0.0	0.0	0.296360324745267	0.0	0.0	0.0	0.0	0.0	0.296360324745267	0.0	0.0	2.121013978641044	0.296360324745267	0.0	0.0	0.0	0.0	0.0	0.0	0.0	0.0	0.0	1.6720488517556726	0.296360324745267	0.0	0.8948848146335793	0.0	0.47088380205376557	0.0	0.0	0.0	0.7703403358442984	0.9915581010379902	0.0	0.0	0.0	0.0	0.0	0.0	2.1865700111654673	0.0	0.0	0.0	2.6599471084689106	0.296360324745267	0.5950365203123693	0.0	0.8948848146335793	0.47088380205376557	0.0	0.47088380205376557	0.296360324745267	2.0944883595709185	0.0	0.0	0.0	0.0	0.0	0.0	0.0	1.1673335237661502	1.6535740402040204	0.0	0.0	0.0	0.0	0.0	0.0	0.0	0.0	0.296360324745267	0.0	0.0	0.0	0.0	0.0	0.296360324745267	1.7231794106221154	0.0	2.080592180292506	0.0	0.296360324745267	0.0	0.0	3.598603101593014	0.0	0.0	0.0	0.0	0.0	0.0	0.47088380205376557	0.296360324745267	0.0	0.0	0.0	0.0	0.0	0.296360324745267	0.296360324745267	0.0	0.0	0.0	0.0	0.6914742385577912	0.0	0.296360324745267	1.371216478351739	0.0	0.296360324745267	0.0	0.0	0.0	2.7607413126805467	0.0	0.0	0.296360324745267	0.0	0.0	0.0	2.852157369689486	0.296360324745267	0.0	0.0	0.0	0.296360324745267	0.0	0.0	0.0	0.0	0.0	0.0	0.0	0.0	0.0	0.0	0.0	0.0	0.0	0.0	0.0	0.0	0.47088380205376557	2.955351118471939	0.0	0.47088380205376557	0.0	0.0	0.0	0.296360324745267	0.0	0.0	0.296360324745267	0.0	0.0
SRR13358073	0.5908106817916057	0.29356292467311024	0.5908106817916057	0.0	0.0	0.0	0.29356292467311024	0.29356292467311024	0.6869602782565936	0.0	0.0	0.29356292467311024	1.0653920197243756	0.0	0.0	0.0	0.0	0.0	0.0	0.0	0.0	0.0	0.0	0.29356292467311024	0.0	0.29356292467311024	0.0	2.1403784438756577	0.0	3.927242726672737	0.29356292467311024	0.0	0.0	0.0	3.2026915809874086	0.0	0.0	0.0	0.0	0.0	0.0	0.0	1.2644948706908385	0.29356292467311024	0.0	0.0	0.0	0.0	0.0	0.0	0.0	0.0	0.0	0.0	0.0	1.0653920197243756	0.29356292467311024	0.0	0.0	0.5908106817916057	0.9408776354761839	0.0	0.29356292467311024	0.0	0.0	0.29356292467311024	0.0	0.0	0.0	0.0	1.798084348138919	0.0	0.0	0.46713635481405547	0.0	0.8899371338208854	0.0	0.29356292467311024	0.6869602782565936	0.0	0.0	0.7656338392492753	0.29356292467311024	0.0	0.0	0.0	0.0	0.0	0.0	0.0	0.8322176329998615	0.0	0.29356292467311024	1.3280541231594258	0.0	3.258176228215026	0.0	0.0	0.0	0.0	0.29356292467311024	1.4478614894730701	1.3280541231594258	0.0	0.0	2.544884075012005	0.0	0.0	0.0	0.0	0.0	0.46713635481405547	0.0	0.0	0.6869602782565936	0.29356292467311024	0.0	0.0	0.8899371338208854	0.0	0.0	0.7656338392492753	0.0	0.0	0.46713635481405547	0.0	0.0	0.0	0.0	0.29356292467311024	0.0	0.0	0.29356292467311024	0.0	0.29356292467311024	0.0	0.0	0.0	0.0	0.46713635481405547	0.0	0.29356292467311024	0.0	0.29356292467311024	0.0	0.0	0.0	0.0	0.0	0.0	0.0	0.7656338392492753	0.0	0.0	0.0	3.750084645693194	0.0	2.3429372978068543	0.0	0.0	0.29356292467311024	0.0	0.9408776354761839	0.0	0.0	1.2410585113765342	0.0	0.0	0.0	0.0	0.0	0.0	0.29356292467311024	0.0	0.0	0.0	0.0	0.0	0.29356292467311024	0.0	0.0	0.0	0.5908106817916057	0.5908106817916057	0.0	2.5881178212212124	0.0	1.0653920197243756	0.0	0.0	0.0	0.7656338392492753	0.0	0.0	0.0	0.0	0.0	0.0	0.0	0.7656338392492753	0.0	0.0	0.29356292467311024	1.0653920197243756	0.8899371338208854	1.462567147692779	0.0	1.190012219734756	0.8899371338208854	0.0	0.6869602782565936	0.46713635481405547	0.8322176329998615	0.0	0.0	0.0	0.29356292467311024	0.0	0.29356292467311024	0.0	0.46713635481405547	1.3280541231594258	0.0	0.0	0.6869602782565936	0.0	0.0	0.9408776354761839	0.0	0.0	0.29356292467311024	0.0	0.0	0.0	0.0	0.0	0.29356292467311024	0.9408776354761839	0.0	1.0653920197243756	0.0	0.0	0.0	0.0	3.6627278331879647	0.0	0.0	0.0	0.0	0.0	0.0	2.943037953552686	0.46713635481405547	0.0	0.0	0.0	0.0	0.29356292467311024	0.0	0.0	0.0	0.5908106817916057	0.0	0.0	0.6869602782565936	0.0	0.29356292467311024	2.3410286041338737	0.0	0.0	0.46713635481405547	0.0	0.0	3.3545286590762	0.0	0.0	0.0	0.0	0.0	0.0	3.164497152428255	0.29356292467311024	0.0	0.0	0.0	0.46713635481405547	0.0	0.0	0.0	0.0	0.0	0.0	0.0	0.0	0.0	0.0	0.0	0.29356292467311024	0.0	0.0	0.0	0.0	0.29356292467311024	2.89397497837148	0.0	0.29356292467311024	0.0	0.0	0.0	0.0	0.0	0.0	0.46713635481405547	0.46713635481405547	0.0
SRR13358076	0.28530371635875307	0.0	0.0	0.0	0.0	0.0	0.0	0.0	0.28530371635875307	0.0	0.28530371635875307	0.28530371635875307	0.7516152309834729	0.0	0.0	0.0	0.0	0.0	0.0	0.0	0.0	0.0	0.0	0.0	0.0	0.0	0.0	3.302023360606048	0.0	4.266177907226602	0.0	0.0	0.0	0.0	1.331127824715281	0.0	0.0	0.0	0.0	0.0	0.0	0.0	0.0	0.0	0.0	0.0	1.4603896310411888	0.0	0.0	0.0	0.0	0.0	0.0	0.0	0.0	0.0	0.0	0.28530371635875307	0.0	0.0	0.5782517356284953	0.0	0.0	0.0	0.0	0.0	0.0	0.0	0.0	0.0	1.4461848606731285	0.45602373677075925	0.0	0.0	0.0	0.0	0.0	0.0	0.0	0.0	0.0	0.28530371635875307	0.0	0.0	0.0	0.0	0.0	0.45602373677075925	0.0	0.0	0.0	0.0	0.0	0.5782517356284953	0.0	0.0	0.0	0.0	0.0	0.0	0.0	1.7678246001584101	1.012361924958642	0.0	0.45602373677075925	0.971269366457694	0.0	1.3118881683152819	0.0	0.0	0.0	0.0	0.0	0.0	0.6735271472139838	0.0	0.0	0.0	3.1836143138424395	0.0	0.0	0.0	0.0	0.0	0.0	0.0	0.0	0.28530371635875307	0.0	0.0	0.0	0.0	0.28530371635875307	0.28530371635875307	0.0	0.0	0.0	0.6735271472139838	0.0	0.8177795023234928	0.0	0.0	0.0	0.0	0.0	0.0	0.0	0.0	0.0	0.0	0.0	0.45602373677075925	0.0	0.45602373677075925	0.0	3.76557554008064	0.0	1.2250726100319793	0.0	0.0	0.0	0.0	0.0	0.0	0.0	0.28530371635875307	0.0	0.0	0.0	0.0	0.0	0.5782517356284953	0.0	0.0	0.0	0.0	0.0	0.0	0.0	0.0	0.0	0.0	1.4461848606731285	2.0821555968395478	0.0	0.0	0.0	0.45602373677075925	0.0	0.28530371635875307	0.0	0.0	0.0	0.0	0.0	0.0	0.0	0.0	0.28530371635875307	0.6735271472139838	0.0	0.0	0.0	0.28530371635875307	0.0	0.0	0.0	0.0	0.8751836339099288	0.0	0.0	0.28530371635875307	1.012361924958642	0.0	0.28530371635875307	0.0	0.0	0.28530371635875307	0.0	0.0	0.0	0.971269366457694	0.28530371635875307	0.0	0.0	0.0	0.0	0.0	0.0	0.0	0.0	0.0	0.0	0.0	0.0	0.0	0.5782517356284953	0.8177795023234928	0.0	0.6735271472139838	0.0	0.0	0.0	0.0	0.6735271472139838	0.0	0.0	0.0	0.0	0.28530371635875307	0.0	0.28530371635875307	0.5782517356284953	0.0	0.0	0.0	0.0	0.0	0.28530371635875307	0.0	0.0	0.28530371635875307	0.0	0.0	0.9258784159255677	0.0	0.0	0.8751836339099288	0.0	0.0	0.28530371635875307	0.0	0.0	0.0	0.0	0.0	0.28530371635875307	0.0	0.0	0.0	1.349551181167805	0.0	0.0	0.0	0.0	2.144269414392866	0.0	0.0	0.0	0.0	0.0	0.0	0.0	0.0	0.0	0.0	0.28530371635875307	0.0	0.0	0.0	0.0	0.0	0.0	2.909505990759287	0.0	0.7516152309834729	0.0	0.0	0.0	0.0	0.0	0.0	0.0	0.28530371635875307	0.0
SRR13358078	0.5541885001948419	0.0	3.3712696742807013	0.0	0.0	0.0	0.0	0.0	0.3600742769417354	0.0	0.0	0.0	0.0	2.5964147028664666	0.0	0.3600742769417354	0.0	0.0	0.0	0.0	0.0	0.0	0.0	0.0	0.0	0.0	0.0	1.2805244870686139	0.0	2.1929885507919242	0.0	0.0	0.0	0.0	2.5639867984511153	0.0	0.0	0.0	0.0	0.0	0.0	0.0	0.5541885001948419	0.0	0.0	0.0	0.3600742769417354	0.0	0.0	0.0	0.5541885001948419	0.0	0.0	0.0	0.0	0.0	0.0	0.0	0.0	0.0	0.0	0.0	0.0	0.0	0.0	0.0	0.0	0.0	0.0	0.0	0.8725232250638946	0.0	0.0	0.0	0.0	1.3608093966963113	0.0	0.0	0.3600742769417354	0.0	0.0	0.0	0.0	0.0	0.0	0.0	0.0	0.0	0.0	0.0	1.4684611893107071	0.3600742769417354	0.0	0.0	0.0	1.1819537019595885	0.0	0.0	0.0	0.0	0.0	1.0016825130989697	0.6878657853942118	0.0	0.3600742769417354	0.5541885001948419	0.0	0.7899357553124211	0.0	0.0	0.0	0.0	0.0	0.0	0.3600742769417354	0.0	0.0	0.0	0.7899357553124211	0.0	0.0	0.0	0.0	0.0	0.0	0.0	0.0	0.0	0.0	0.0	0.0	0.0	0.0	0.0	0.5541885001948419	0.3600742769417354	0.0	0.0	0.0	0.3600742769417354	0.0	0.0	0.0	0.0	0.0	0.0	0.0	0.0	0.0	0.0	0.0	0.0	0.0	0.0	0.0	1.5546588016365273	0.0	4.072423914567465	0.0	0.0	0.0	0.3600742769417354	1.0016825130989697	0.0	0.0	0.0	0.0	0.0	0.0	0.0	0.0	0.0	0.0	0.0	0.0	0.0	0.0	0.0	0.3600742769417354	0.0	0.0	0.0	0.0	0.0	0.0	1.335661497081509	0.0	0.8725232250638946	0.0	0.0	0.0	0.0	0.0	0.0	0.0	0.0	0.0	0.0	0.0	0.0	0.0	0.0	0.0	1.0016825130989697	0.5541885001948419	0.6878657853942118	0.0	0.0	0.0	0.0	0.3600742769417354	0.3600742769417354	0.6878657853942118	0.0	0.0	0.0	0.0	0.0	0.0	0.0	0.3600742769417354	0.8725232250638946	0.0	0.0	0.0	0.0	0.0	0.5541885001948419	0.0	0.0	0.0	0.0	0.0	0.0	0.0	0.0	0.0	0.0	0.0	0.5541885001948419	0.0	0.0	0.0	0.0	0.8725232250638946	0.0	0.0	0.0	0.0	0.3600742769417354	0.0	0.5541885001948419	0.0	0.0	0.0	0.0	0.0	0.0	0.0	0.0	0.0	0.3600742769417354	0.0	0.0	0.6878657853942118	0.0	0.0	1.6995590349023637	0.0	0.0	0.0	0.0	0.0	0.3600742769417354	0.0	0.0	0.0	0.0	0.0	0.0	0.9418867784005457	0.0	0.0	0.0	0.0	0.0	0.0	0.0	0.0	0.0	0.0	0.0	0.0	0.0	0.0	0.0	0.0	0.0	0.0	0.0	0.0	0.0	0.0	4.141320697040857	0.0	0.0	0.0	0.0	0.0	0.0	0.0	0.0	0.0	0.0	0.0
SRR13358079	0.46918789803476113	0.0	4.004870609278096	0.0	0.0	0.0	0.0	0.0	0.6894324364229478	0.0	0.46918789803476113	0.6894324364229478	0.9436321658383842	2.769820358654339	0.0	0.46918789803476113	0.0	0.0	0.0	0.0	0.0	0.0	0.0	0.0	0.0	0.46918789803476113	0.0	1.1649435322498247	0.0	2.0175419939422055	0.0	0.0	0.0	0.0	2.6364321981519154	0.0	0.0	0.0	0.0	0.0	0.0	0.0	0.46918789803476113	0.0	0.0	0.0	0.834871134859601	0.0	0.0	0.0	0.0	0.0	0.0	0.0	0.0	1.3864695324811032	0.0	0.0	0.0	0.0	0.46918789803476113	0.0	0.0	0.0	0.0	0.0	0.0	0.0	0.0	0.0	1.6415267379985317	0.0	0.0	0.0	0.0	1.1649435322498247	0.0	0.0	0.46918789803476113	0.0	0.0	0.0	0.0	0.0	0.0	0.0	0.46918789803476113	0.0	0.0	0.0	0.0	0.0	0.0	0.0	0.0	0.0	0.0	0.0	0.0	0.0	0.0	2.2691417735176134	0.6894324364229478	0.0	0.9436321658383842	0.6894324364229478	0.0	0.0	0.0	0.0	0.0	0.46918789803476113	0.0	0.0	0.46918789803476113	0.0	0.0	0.0	0.6894324364229478	0.0	0.0	0.46918789803476113	0.0	0.0	0.0	0.0	0.0	0.0	0.0	0.46918789803476113	0.0	0.0	0.0	0.0	0.0	0.0	0.0	0.0	0.0	0.0	0.0	0.46918789803476113	0.0	0.0	0.0	0.0	0.0	0.0	0.0	0.0	0.0	0.0	0.0	0.9436321658383842	0.0	1.863267797783532	0.0	4.123401146506186	0.0	0.0	0.0	0.0	0.6894324364229478	0.0	0.0	0.0	0.0	0.0	0.0	0.0	0.0	0.0	0.0	0.0	0.46918789803476113	0.0	0.0	0.0	0.6894324364229478	0.0	0.0	0.0	0.834871134859601	0.9436321658383842	0.0	0.46918789803476113	0.46918789803476113	0.834871134859601	0.0	0.0	0.0	0.46918789803476113	0.0	0.0	0.0	0.0	0.0	0.0	0.0	0.0	0.0	0.0	0.46918789803476113	0.834871134859601	0.6894324364229478	0.6894324364229478	0.0	0.834871134859601	0.834871134859601	0.0	0.46918789803476113	0.0	2.9200252408015768	0.0	0.0	0.0	0.46918789803476113	0.0	0.0	0.0	0.0	1.3864695324811032	0.0	0.0	0.0	0.0	0.0	0.834871134859601	0.0	0.0	0.0	0.0	0.0	0.0	0.0	0.0	0.0	0.0	0.0	0.0	0.0	0.0	0.0	0.0	1.219206293178463	0.0	0.0	0.0	0.0	0.0	0.0	0.9436321658383842	0.9436321658383842	0.0	0.0	0.0	0.0	0.0	0.0	0.0	0.0	0.0	0.0	0.46918789803476113	0.9436321658383842	0.0	0.46918789803476113	2.948529003032416	0.0	0.0	0.0	0.0	0.0	0.0	0.0	0.0	0.46918789803476113	0.0	0.0	0.0	1.1649435322498247	0.0	0.0	0.0	0.0	0.0	0.0	0.0	0.0	0.0	0.0	0.0	0.0	0.0	0.0	0.0	0.46918789803476113	0.0	0.0	0.0	0.0	0.0	0.0	3.381625050222595	0.0	1.0305381588918907	0.0	0.0	0.0	0.0	0.0	0.0	0.46918789803476113	0.834871134859601	0.0
SRR13358080	0.0	0.0	3.718359125254201	0.0	0.0	0.0	0.0	0.0	0.4181530618909227	0.0	0.0	1.3741520711524395	0.2575712978541805	1.969830611527251	0.0	0.0	0.5351242785998476	0.0	0.2575712978541805	0.0	0.7676987847582174	0.0	0.0	0.0	0.0	0.0	0.0	2.6785339841547318	0.0	1.5235138926711058	0.0	0.0	0.0	0.0	2.512725391600268	0.0	0.0	0.0	0.0	0.0	0.0	0.0	1.0616103521590374	0.0	0.0	0.0	0.0	0.0	0.0	0.0	0.0	0.0	0.0	0.0	0.0	0.5351242785998476	0.2575712978541805	0.0	0.2575712978541805	0.0	0.0	0.0	0.0	0.0	0.2575712978541805	0.0	0.0	0.0	0.0	0.0	1.091094839328525	0.5351242785998476	0.0	0.0	0.0	0.7676987847582174	0.2575712978541805	0.0	0.2575712978541805	0.0	0.0	0.0	0.0	0.0	0.0	0.0	0.2575712978541805	0.5351242785998476	0.0	0.0	0.2575712978541805	0.0	0.0	0.2575712978541805	0.0	0.2575712978541805	0.0	0.0	0.0	0.0	0.0	3.78912943820594	0.6271826600185583	0.0	2.502897705638561	1.2552872742438554	0.0	1.3433766249158006	0.0	0.0	0.0	0.0	0.6271826600185583	0.2575712978541805	0.0	0.4181530618909227	0.0	0.0	0.6271826600185583	0.0	0.0	0.2575712978541805	0.0	0.0	0.0	0.0	0.0	1.1446628427318368	0.0	0.0	0.0	0.0	0.2575712978541805	0.0	0.2575712978541805	0.0	0.2575712978541805	0.4181530618909227	0.0	0.4181530618909227	0.0	0.0	0.2575712978541805	0.0	0.0	0.0	0.0	0.5351242785998476	0.0	0.0	0.0	0.0	0.0	1.0616103521590374	0.0	1.8636214887025935	0.0	2.3447819907961054	0.0	0.0	0.0	0.0	0.4181530618909227	0.0	0.0	0.0	0.0	0.0	0.0	0.0	0.0	0.5351242785998476	0.0	0.0	0.0	0.0	0.0	0.2575712978541805	0.0	0.0	0.0	0.0	1.3271304655751592	2.257008036863189	0.0	0.4181530618909227	0.6271826600185583	0.4181530618909227	0.0	0.0	0.0	0.2575712978541805	0.0	0.0	0.0	0.0	0.0	0.0	0.2575712978541805	0.6271826600185583	0.0	0.0	0.6271826600185583	0.7030991103993508	0.7676987847582174	0.7030991103993508	0.0	0.9183437041439374	2.1130033258503826	0.0	0.4181530618909227	0.6271826600185583	0.0	0.0	0.6271826600185583	0.0	1.2552872742438554	0.0	0.0	0.0	0.0	0.7030991103993508	0.0	0.0	0.0	0.0	0.0	1.1446628427318368	0.0	0.0	0.0	0.0	0.5351242785998476	0.4181530618909227	0.0	0.4181530618909227	0.5351242785998476	0.6271826600185583	0.0	0.2575712978541805	0.0	0.0	0.0	0.0	0.9958580993260505	0.0	0.0	0.0	0.0	0.0	0.0	0.4181530618909227	1.6952467572181467	0.0	0.0	0.0	0.0	0.0	0.0	0.2575712978541805	0.0	0.0	0.0	0.4181530618909227	0.2575712978541805	0.2575712978541805	0.0	1.416576302396197	0.0	0.0	0.0	0.0	0.0	0.0	0.0	0.0	0.9958580993260505	0.0	0.0	0.0	0.7676987847582174	0.2575712978541805	0.0	0.0	0.0	0.2575712978541805	0.2575712978541805	0.0	0.0	0.0	0.0	0.0	0.0	0.0	0.0	0.0	1.563722255930147	0.0	0.0	0.0	0.0	0.0	0.0	4.185493033277179	0.0	1.722727593199457	0.0	0.0	0.0	0.0	0.0	0.0	0.87369390391247	2.3463685419088014	0.0
SRR13358081	0.0	0.0	3.64282807400301	0.0	0.0	0.0	0.0	0.0	0.0	0.0	0.44357160727180855	0.8014666913333067	3.4076095629849683	2.334481284481205	0.0	0.0	0.0	0.0	0.0	0.0	0.0	0.0	0.0	0.0	0.0	0.0	0.0	1.4688133248625395	0.0	3.4142009726878335	0.0	0.0	0.0	0.0	2.7528757493598857	0.0	0.0	0.0	0.0	0.0	0.0	0.0	0.9949706722858727	0.0	0.0	0.0	0.44357160727180855	0.0	0.0	0.0	0.44357160727180855	0.0	0.0	0.0	0.0	0.44357160727180855	0.0	0.0	0.0	0.0	3.4812937457483564	0.0	0.0	0.0	0.0	0.0	0.0	0.0	0.0	0.0	1.6219068158622554	0.44357160727180855	0.0	0.0	0.0	1.0667669327987925	0.0	0.0	0.0	0.0	0.0	0.0	0.0	0.44357160727180855	0.0	0.0	0.0	0.0	0.0	1.230263773511884	1.8358488025352746	0.0	0.0	0.9089078866937649	0.0	0.6583878156135692	0.0	0.0	0.0	0.0	0.0	2.1279885339549196	0.44357160727180855	0.0	0.0	1.4688133248625395	0.0	1.6219068158622554	0.0	0.0	0.0	0.0	0.0	0.0	1.2734579515235112	0.44357160727180855	0.0	0.0	2.6622467172908126	0.0	0.0	0.0	0.0	0.0	0.0	0.0	0.44357160727180855	0.0	0.0	0.0	0.0	0.0	0.0	0.0	0.0	0.0	0.0	0.0	0.0	0.44357160727180855	0.0	0.0	0.0	0.0	0.0	0.0	0.0	0.0	0.0	0.0	0.0	0.0	0.0	0.0	0.0	3.4273796134720844	0.0	3.5902364502710284	0.0	0.0	0.0	0.44357160727180855	0.44357160727180855	0.0	0.0	0.0	0.0	0.0	0.44357160727180855	0.0	0.0	0.0	0.0	0.0	0.0	0.0	0.0	0.0	0.0	0.0	0.0	0.0	0.0	0.44357160727180855	0.44357160727180855	1.128360773947684	0.0	0.9089078866937649	0.0	0.0	0.0	0.0	0.9949706722858727	0.0	0.0	0.0	0.0	0.0	0.0	1.5627620489262073	0.0	0.0	0.0	0.8014666913333067	1.3127420690674088	0.8014666913333067	0.0	0.44357160727180855	0.9089078866937649	0.0	0.6583878156135692	1.1822942615809824	0.9949706722858727	0.0	0.0	0.0	0.6583878156135692	0.0	0.0	0.0	0.0	1.748855653170813	0.0	0.0	0.0	0.0	0.0	0.6583878156135692	0.0	0.0	0.0	0.0	0.0	0.0	0.0	0.0	0.44357160727180855	1.348765636115859	0.0	1.603072875752636	0.0	0.0	0.0	0.0	1.917719418121692	0.0	0.0	0.0	0.0	0.0	0.0	0.0	0.44357160727180855	0.0	0.0	0.0	0.0	0.0	0.0	0.0	0.0	0.0	0.0	0.0	0.44357160727180855	0.0	0.0	1.5411107636720613	0.0	0.0	0.0	0.0	0.0	1.7204256530300888	0.0	0.0	0.44357160727180855	0.0	0.0	0.0	2.8847247077124925	0.6583878156135692	0.0	0.0	0.0	0.44357160727180855	0.0	0.0	0.0	0.0	0.0	0.0	0.0	0.0	0.0	0.0	0.9089078866937649	0.0	0.0	0.0	0.0	0.0	0.8014666913333067	3.8580530165487574	0.0	0.9949706722858727	0.0	0.0	0.0	0.0	0.0	0.0	0.0	0.44357160727180855	0.0
SRR13358083	1.4615012101163616	0.42218587469220503	0.42218587469220503	0.42218587469220503	0.0	0.0	0.0	0.0	1.550403730149738	0.0	0.42218587469220503	2.094350553249149	0.7731000824469363	1.6241634300530998	0.42218587469220503	0.0	0.0	0.0	1.845275921982948	0.0	1.0358793935705406	0.0	0.0	0.0	0.0	0.9646225529360505	0.0	1.6722744785866586	0.0	1.9024919679901946	0.0	0.0	0.0	0.0	1.1507048567213782	0.0	0.0	0.0	0.0	0.0	0.0	0.0	1.570050909848184	0.0	1.3495886912347677	0.0	1.1984332678446739	0.0	0.0	0.0	0.0	0.0	0.0	0.0	0.0	1.6241634300530998	0.8793344590519272	0.0	1.3495886912347677	0.0	0.8793344590519272	0.0	0.0	0.0	0.0	0.7731000824469363	0.0	0.0	0.0	0.42218587469220503	4.0497943576472375	0.42218587469220503	0.0	0.0	0.0	1.3803841834981863	0.9646225529360505	0.0	0.8793344590519272	0.0	0.0	0.42218587469220503	0.0	0.0	0.0	0.0	0.0	0.632161573643647	0.0	0.0	0.0	0.0	0.0	0.0	0.0	0.632161573643647	0.0	0.0	0.0	0.0	0.0	3.737259424053892	0.7731000824469363	0.0	1.6241634300530998	0.8793344590519272	0.0	0.632161573643647	0.0	0.0	0.0	0.0	0.7731000824469363	0.0	0.0	0.0	0.0	0.0	0.0	0.0	0.0	0.0	0.0	0.0	0.0	0.0	0.0	1.767333241368113	0.0	0.0	0.0	0.0	0.42218587469220503	0.0	1.3495886912347677	0.0	0.9646225529360505	0.0	0.0	0.0	0.0	0.0	0.42218587469220503	0.42218587469220503	0.0	0.0	0.0	0.0	0.0	0.0	0.0	0.0	0.0	1.8243965955786687	0.0	2.2311754061301614	0.0	2.3606919426783244	0.632161573643647	0.0	0.0	0.0	0.9646225529360505	0.0	0.0	0.0	0.0	0.0	0.0	0.0	0.0	0.0	0.0	0.0	0.0	0.632161573643647	0.0	0.632161573643647	0.42218587469220503	0.0	0.0	0.0	1.8135680280432707	2.088568235290743	0.0	0.7731000824469363	0.7731000824469363	0.632161573643647	0.0	0.0	0.0	0.7731000824469363	0.0	0.0	0.0	0.0	0.0	0.42218587469220503	1.3495886912347677	0.8793344590519272	0.0	0.0	1.570050909848184	0.0	1.5888476015555342	0.632161573643647	0.0	1.3495886912347677	2.235346996920265	0.0	0.0	1.0358793935705406	3.7767155826596146	0.0	1.4361091742932297	0.0	1.991088036156965	0.0	0.0	0.0	0.0	0.7731000824469363	0.0	0.0	0.42218587469220503	0.0	0.0	1.9762663956780233	0.0	0.0	0.0	0.0	0.0	0.0	0.0	0.8793344590519272	0.632161573643647	1.3803841834981863	0.0	0.42218587469220503	0.0	0.0	0.0	0.0	1.0358793935705406	0.0	0.0	0.0	0.0	0.632161573643647	0.0	0.0	2.452842294268439	0.0	0.0	0.0	0.0	0.0	0.0	0.0	0.0	0.0	0.42218587469220503	0.0	0.9646225529360505	0.42218587469220503	0.0	3.494672913903912	0.0	0.0	0.0	0.0	0.0	0.632161573643647	0.0	0.0	1.9837404421312987	0.0	0.8793344590519272	0.42218587469220503	1.1507048567213782	0.0	0.0	0.0	0.632161573643647	0.42218587469220503	0.0	0.0	0.0	0.0	0.0	0.0	0.0	0.0	0.0	0.0	2.318242926981398	0.0	0.0	0.0	0.0	0.0	0.0	1.3803841834981863	0.0	2.6250512009433993	0.0	0.0	0.0	0.42218587469220503	0.0	0.0	0.7731000824469363	2.4820318186930246	0.0
SRR13358084	1.4654366410030548	0.0	0.4413378226208601	0.0	0.0	0.0	0.0	0.4413378226208601	0.7985248370569539	0.0	0.4413378226208601	1.9413801128482129	1.1251259535837996	1.1790289558433686	0.0	0.0	0.4413378226208601	0.0	1.0635718850111735	0.0	1.1251259535837996	0.0	0.0	0.0	0.0	0.9058446587547382	0.0	1.3786783508473084	0.0	3.122730168081234	0.4413378226208601	0.0	0.0	0.0	0.0	0.0	0.0	0.0	0.0	0.0	0.0	0.0	1.3454269130453127	0.0	1.1251259535837996	0.0	0.9918296908300609	0.7985248370569539	0.0	0.0	0.0	0.0	0.0	0.0	0.0	0.9918296908300609	1.0635718850111735	0.0	0.7985248370569539	0.0	2.100899474516459	0.0	0.0	0.0	0.0	0.7985248370569539	0.0	0.0	0.0	0.0	3.502557906667736	0.6556619723203215	0.0	0.4413378226208601	0.0	1.3094169391658936	0.7985248370569539	0.0	0.4413378226208601	0.4413378226208601	0.0	1.3786783508473084	0.0	0.0	0.0	0.0	0.0	0.7985248370569539	0.0	0.0	0.4413378226208601	0.0	0.0	1.4095639799629984	0.0	0.4413378226208601	0.0	0.0	0.0	0.0	0.0	3.531194373382802	0.6556619723203215	0.0	1.618494710352569	3.0070348326321756	0.0	0.0	0.0	0.0	0.0	0.0	0.6556619723203215	0.4413378226208601	2.3164713785703714	1.0635718850111735	0.0	0.0	0.9918296908300609	0.0	0.0	0.0	0.0	0.0	0.0	0.0	0.0	1.6365423069955916	0.0	0.0	0.0	0.0	0.0	0.0	1.0635718850111735	0.0	1.4908899177198198	0.0	0.0	0.4413378226208601	0.0	1.5799806648820662	0.4413378226208601	0.0	0.0	1.0635718850111735	0.0	0.7985248370569539	0.0	0.0	0.6556619723203215	0.6556619723203215	0.0	1.4908899177198198	0.0	4.125714624939836	0.0	1.1251259535837996	0.7985248370569539	0.0	0.0	0.4413378226208601	0.6556619723203215	0.0	0.0	0.0	0.0	0.0	0.7985248370569539	0.0	0.0	0.7985248370569539	0.0	0.0	0.4413378226208601	0.4413378226208601	0.0	0.6556619723203215	0.9058446587547382	0.0	0.0	0.0	1.8952011772216746	2.4181080624092117	0.4413378226208601	1.1251259535837996	0.0	0.0	0.0	0.0	0.0	0.4413378226208601	0.0	0.0	0.0	0.0	0.0	0.0	1.270148988029515	2.3783397791391065	0.0	0.0	1.3786783508473084	0.7985248370569539	1.2269743567410056	0.4413378226208601	0.0	1.3454269130453127	2.438103145491126	0.0	0.6556619723203215	0.0	3.4204096200850236	0.4413378226208601	1.3094169391658936	0.0	1.9750846046749664	0.0	0.0	0.0	1.270148988029515	2.212642433624605	0.0	0.0	0.0	0.0	0.0	1.5799806648820662	0.0	0.0	0.0	0.0	0.0	0.0	0.0	0.4413378226208601	0.7985248370569539	2.449128727547406	0.0	1.7848503205904298	0.0	0.0	0.0	0.0	1.1251259535837996	0.4413378226208601	0.0	0.0	0.0	0.4413378226208601	0.0	0.4413378226208601	2.2778651028771746	0.0	0.0	0.0	0.0	0.0	1.1251259535837996	0.0	0.0	0.0	0.4413378226208601	0.0	0.6556619723203215	0.0	0.0	2.6816585796631167	0.0	0.7985248370569539	0.0	0.0	0.0	0.0	0.0	0.0	1.8952011772216746	0.0	0.7985248370569539	0.0	2.5374810694074137	0.4413378226208601	0.0	0.0	0.0	0.4413378226208601	0.6556619723203215	0.0	0.0	0.0	0.0	0.0	0.0	0.0	0.0	0.0	2.075921407421758	0.0	0.0	0.0	0.0	0.0	0.4413378226208601	1.438398204620944	0.0	2.3815315557577907	0.0	0.0	1.270148988029515	0.0	0.0	0.0	0.9918296908300609	2.1784926668277484	0.0
SRR13358085	1.8705204213114925	0.0	0.9607344857463577	0.0	0.0	0.569590242706838	0.0	0.0	2.191940828034377	0.0	0.0	2.595736486957501	0.569590242706838	2.049937845596132	0.0	0.0	0.9607344857463577	0.0	0.569590242706838	0.0	1.4889782234706739	0.0	0.0	0.0	0.0	1.5906844784310061	0.0	2.2928165087151244	0.0	1.9156923717929584	0.0	0.0	0.0	0.0	1.3559261310288462	0.0	0.0	0.0	0.0	0.0	0.0	0.0	2.049937845596132	0.0	0.0	0.0	1.4889782234706739	0.0	0.0	0.0	0.0	0.0	0.0	0.0	0.569590242706838	2.241940514542503	1.4489919183976587	0.0	1.2373197732603873	0.0	0.569590242706838	0.0	0.569590242706838	0.0	0.569590242706838	1.073622832499647	0.0	0.0	0.0	0.569590242706838	2.304655918959862	1.8375645301416152	0.0	0.0	0.0	1.647280997601851	1.2373197732603873	0.0	1.073622832499647	0.0	0.0	0.0	0.0	0.0	0.0	0.0	0.569590242706838	1.2373197732603873	0.0	0.0	0.9607344857463577	0.0	0.0	0.0	0.569590242706838	0.569590242706838	0.0	0.0	0.0	0.0	0.0	4.138476242920202	1.163138780548827	0.0	2.0994908331411914	0.9607344857463577	0.569590242706838	1.073622832499647	0.0	0.0	0.0	0.0	1.2373197732603873	0.0	0.9607344857463577	0.0	0.0	0.0	2.1765301604531397	0.0	0.0	0.569590242706838	0.0	0.0	0.0	0.0	0.0	2.1354266162241156	0.0	0.0	0.0	0.0	0.0	0.0	1.5593562966217542	0.0	1.5906844784310061	0.0	0.0	0.569590242706838	0.0	0.0	0.0	0.0	0.0	0.0	0.0	1.073622832499647	0.0	0.0	0.569590242706838	0.0	0.0	2.248635619171426	0.0	3.035725598933431	0.0	1.7203670665302462	1.5255913119355808	0.0	0.0	0.0	0.0	0.0	0.0	0.569590242706838	0.0	0.0	0.0	0.0	0.0	0.569590242706838	0.0	0.0	0.0	0.0	0.0	0.0	1.76304458654987	0.0	0.0	0.0	2.46816949707395	2.2928165087151244	0.8077850482061674	0.569590242706838	1.073622832499647	0.9607344857463577	0.0	0.0	0.0	1.404947174888255	0.0	0.0	0.0	0.0	0.0	1.073622832499647	1.76304458654987	1.073622832499647	0.0	0.0	1.8019009471465175	0.8077850482061674	1.9818851622939992	1.073622832499647	0.0	1.7829071821787235	2.7457997887701255	0.0	0.569590242706838	1.073622832499647	2.64376787751452	0.569590242706838	1.9156923717929584	0.0	2.4641433302405926	0.0	0.0	0.0	0.569590242706838	1.3559261310288462	0.0	0.0	0.0	0.0	0.0	2.384451118475735	0.8077850482061674	0.0	0.0	0.0	0.569590242706838	0.0	0.0	1.647280997601851	1.6973450790029694	1.5593562966217542	0.0	0.0	0.0	0.0	0.0	0.569590242706838	1.6199040316481064	0.0	0.0	0.0	0.0	0.0	0.0	0.569590242706838	2.8335767136976093	0.0	0.0	0.0	0.0	0.0	0.0	0.0	0.0	0.0	0.8077850482061674	0.0	1.6199040316481064	0.0	0.0	3.665847043595087	0.0	0.0	0.0	0.0	0.0	0.569590242706838	0.0	0.0	2.3892837099232374	0.0	1.2373197732603873	0.0	1.073622832499647	0.0	0.0	0.0	0.0	0.569590242706838	0.0	0.0	0.0	0.569590242706838	0.0	0.0	0.0	0.0	0.0	0.0	2.7128610876451584	0.0	0.0	0.0	0.0	0.0	0.0	2.9753046173784217	0.0	3.0213900090694623	0.0	0.0	0.0	0.0	0.0	0.0	1.073622832499647	2.905097836056187	0.0
SRR13358086	0.7477577134087899	0.0	0.28305026425694557	0.0	0.0	0.0	0.0	0.0	0.92174506368596	0.0	0.0	1.2206609086985971	0.45297897330351755	0.6698339376704405	0.0	0.0	0.0	0.6698339376704405	0.28305026425694557	0.28305026425694557	0.45297897330351755	0.0	0.0	0.0	0.0	0.45297897330351755	0.0	0.7477577134087899	0.0	2.909759538597936	0.0	0.0	0.0	0.0	0.92174506368596	0.0	0.0	0.0	0.0	0.0	0.0	0.0	0.8138040755885446	0.0	0.28305026425694557	0.0	0.5748033296443291	0.0	0.0	0.0	0.0	0.0	0.0	0.0	0.0	0.8138040755885446	0.6698339376704405	0.0	0.8711194747266537	0.0	1.7833882849564646	0.0	0.0	0.0	0.0	0.45297897330351755	0.0	0.0	0.0	0.0	2.91754901216924	0.5748033296443291	0.0	0.0	0.0	0.8138040755885446	0.0	0.0	0.45297897330351755	0.0	0.0	0.45297897330351755	0.0	0.0	0.0	0.0	0.28305026425694557	0.0	0.0	0.0	0.28305026425694557	0.0	0.0	0.8711194747266537	0.0	0.28305026425694557	0.0	0.0	0.0	0.0	0.0	3.062975023527777	0.28305026425694557	0.0	1.0456280114311005	2.75920525917011	0.0	0.5748033296443291	0.0	0.0	0.0	0.0	0.0	0.0	1.796336201466946	0.28305026425694557	0.0	0.0	4.216555582561234	0.0	0.0	0.0	0.0	0.0	0.0	0.0	0.0	0.7477577134087899	0.0	0.0	0.0	0.0	0.0	0.0	0.7477577134087899	0.0	0.8711194747266537	0.0	0.0	0.45297897330351755	0.0	0.92174506368596	0.0	0.0	0.0	0.5748033296443291	0.28305026425694557	0.0	0.0	0.0	0.0	0.0	0.28305026425694557	0.92174506368596	0.0	3.8736795624771507	0.0	0.92174506368596	0.5748033296443291	0.0	0.0	0.0	0.5748033296443291	0.0	0.0	0.0	0.0	0.0	0.5748033296443291	0.0	0.0	0.28305026425694557	0.0	0.0	0.0	0.0	0.0	0.0	0.0	0.0	0.0	0.0	1.3960451576219592	1.0081276475983338	0.5748033296443291	0.8138040755885446	0.6698339376704405	0.28305026425694557	0.0	0.0	0.0	0.0	0.0	0.0	0.0	0.0	0.0	0.0	0.5748033296443291	1.861375978810252	0.0	0.0	0.7477577134087899	0.8138040755885446	0.8711194747266537	0.45297897330351755	0.0	0.92174506368596	1.855849704344885	0.0	0.5748033296443291	0.6698339376704405	2.7060583577177413	0.0	1.0801461091769733	0.28305026425694557	1.455860446076434	0.0	0.0	0.0	0.28305026425694557	1.9592861506794608	0.0	0.0	0.0	0.0	0.0	1.1697732185958838	0.0	0.0	0.0	0.0	0.0	0.0	0.0	0.28305026425694557	0.6698339376704405	1.9636470873367082	0.0	1.4117888800116063	0.0	0.0	0.0	0.0	1.1419033169197288	0.0	0.0	0.0	0.0	0.0	0.0	0.0	1.7562734599353729	0.0	0.0	0.0	0.0	0.0	0.92174506368596	0.0	0.0	0.0	0.0	0.0	0.0	0.0	0.0	2.25349506521491	0.0	0.0	0.28305026425694557	0.0	0.0	0.0	0.0	0.0	1.4416611079338253	0.0	0.45297897330351755	0.0	2.2089943340566673	0.7477577134087899	0.28305026425694557	0.0	0.0	0.0	0.28305026425694557	0.0	0.0	0.0	0.0	0.0	0.0	0.0	0.0	0.0	1.544055141737249	0.0	0.0	0.0	0.0	0.0	0.45297897330351755	1.4269817823339692	0.0	1.8931335973475094	0.0	0.0	0.6698339376704405	0.0	0.0	0.0	0.0	1.7562734599353729	0.0
SRR13358087	1.2600407262929614	0.0	0.7030123506283951	0.0	0.0	0.0	0.30356086790650333	0.0	0.30356086790650333	0.0	0.30356086790650333	1.8970773474049656	0.30356086790650333	1.0838099701004766	0.0	0.0	0.30356086790650333	0.0	1.0838099701004766	0.0	0.9587316915339337	0.0	0.0	0.0	0.0	0.0	0.0	1.9917670817065178	0.0	1.5100402227593064	0.0	0.0	0.0	0.0	1.3665566941633587	0.30356086790650333	0.0	0.0	0.0	0.0	0.0	0.0	1.0838099701004766	0.0	0.7823612139821717	0.0	1.9240647130470705	0.0	0.0	0.0	0.0	0.0	0.0	0.0	0.0	0.480492484113204	0.7823612139821717	0.0	0.9075093812903885	0.0	0.30356086790650333	0.0	0.0	0.0	0.0	0.30356086790650333	0.0	0.0	0.0	0.30356086790650333	2.9246420665078308	0.7030123506283951	0.0	0.480492484113204	0.0	0.8494276906648026	0.480492484113204	0.0	0.7030123506283951	0.30356086790650333	0.0	0.0	0.0	0.0	0.0	0.0	0.0	0.8494276906648026	0.0	0.0	0.0	0.0	0.0	0.0	0.0	0.30356086790650333	0.0	0.0	0.0	0.0	0.0	3.5008672323681784	0.605850790300366	0.0	1.9240647130470705	0.480492484113204	0.30356086790650333	0.480492484113204	0.0	0.0	0.0	0.0	0.8494276906648026	0.0	0.0	0.30356086790650333	0.0	0.0	3.865863353621265	0.0	0.0	0.0	0.0	0.0	0.0	0.0	0.0	1.4198273912867145	0.0	0.0	0.0	0.0	0.480492484113204	0.480492484113204	0.8494276906648026	0.30356086790650333	0.9587316915339337	0.480492484113204	0.30356086790650333	0.480492484113204	0.0	0.0	0.0	0.0	0.0	0.0	0.0	0.9075093812903885	0.0	0.0	0.0	0.0	0.0	1.4672720146216707	0.0	4.130820655347779	0.0	1.3472416171362966	0.480492484113204	0.0	0.0	0.30356086790650333	0.0	0.0	0.0	0.7030123506283951	0.0	0.0	0.0	0.0	0.0	0.30356086790650333	0.0	0.0	0.0	0.0	0.0	0.605850790300366	0.0	0.0	0.0	0.0	2.1480257801016402	1.3665566941633587	0.0	0.30356086790650333	0.9075093812903885	0.7030123506283951	0.0	0.0	0.0	0.7823612139821717	0.0	0.0	0.0	0.0	0.0	0.9587316915339337	0.9587316915339337	0.0	0.0	0.0	0.8494276906648026	0.605850790300366	1.180803686767345	1.0459833567596872	0.0	1.0459833567596872	2.1088112895050304	0.0	0.0	0.605850790300366	0.9075093812903885	0.0	1.0838099701004766	0.0	1.783114692319606	0.0	0.0	0.0	0.0	0.480492484113204	0.0	0.0	0.0	0.0	0.0	1.628176882040288	0.0	0.0	0.0	0.0	0.30356086790650333	0.0	0.0	0.30356086790650333	0.7823612139821717	1.0459833567596872	0.0	0.0	0.0	0.0	0.0	0.0	1.0459833567596872	0.0	0.0	0.0	0.0	0.0	0.0	0.7823612139821717	2.327242480583551	0.0	0.0	0.0	0.0	0.0	0.0	0.0	0.0	0.0	0.30356086790650333	0.0	0.7823612139821717	0.0	0.0	1.5363783887364113	0.0	0.30356086790650333	0.30356086790650333	0.0	0.0	0.30356086790650333	0.0	0.0	1.6861837669999464	0.30356086790650333	0.8494276906648026	0.0	0.7030123506283951	0.0	0.0	0.0	0.0	0.8494276906648026	0.0	0.0	0.0	0.0	0.0	0.0	0.0	0.0	0.0	0.0	2.091365779779717	0.0	0.0	0.0	0.0	0.0	0.0	3.3627892045040815	0.0	2.327242480583551	0.0	0.0	0.0	0.0	0.0	0.0	0.480492484113204	2.402967017852329	0.0
SRR13358091	1.000543266260399	0.0	0.2432968316621955	0.0	0.0	0.0	0.0	0.0	0.7963870869886589	0.2432968316621955	0.2432968316621955	1.5944278807217434	0.6025127603916277	0.8456154518569176	0.2432968316621955	0.0	0.6771701955686613	0.2432968316621955	0.0	0.0	0.0	0.0	0.0	0.0	0.0	0.0	0.0	1.586048649774553	0.0	4.193463592151001	0.3983022616774595	0.0	0.0	0.0	2.513486160002253	0.0	0.0	0.0	0.0	0.0	0.0	0.0	1.2961401459864512	0.0	0.5123013184065454	0.0	0.7963870869886589	0.0	0.0	0.0	0.0	0.0	0.0	0.0	0.0	1.423826699533578	0.8456154518569176	0.2432968316621955	0.3983022616774595	0.0	1.5598949587209399	0.2432968316621955	0.0	0.0	0.0	0.0	0.2432968316621955	0.0	0.0	0.0	1.53206476369453	0.9299515462243795	0.0	0.3983022616774595	0.0	0.8898274546518975	0.5123013184065454	0.0	0.0	0.0	0.0	0.3983022616774595	0.0	0.0	0.0	0.0	0.0	0.0	0.0	0.0	0.2432968316621955	0.0	0.0	0.9299515462243795	0.0	0.3983022616774595	0.0	0.0	0.0	0.0	0.0	3.31267481453982	0.8456154518569176	0.0	1.312328024479512	0.8456154518569176	0.0	0.3983022616774595	0.0	0.0	0.0	0.0	0.0	0.0	1.53206476369453	0.7408565959850648	0.0	0.0	0.5123013184065454	0.0	0.0	0.0	0.0	0.0	0.0	0.0	0.0	1.0319559392250532	0.0	0.0	0.0	0.0	0.0	0.0	0.7408565959850648	0.0	1.2245823870996817	0.0	0.0	0.7408565959850648	0.0	1.0886904349545399	0.2432968316621955	0.0	0.0	0.6771701955686613	0.0	0.2432968316621955	0.0	0.0	0.0	0.0	0.0	1.1619299896991555	0.0	3.914178968278767	0.0	1.6703723002775577	0.7408565959850648	0.0	0.0	0.0	0.0	0.0	0.0	0.5123013184065454	0.0	0.0	0.0	0.0	0.0	0.2432968316621955	0.0	0.0	0.2432968316621955	0.2432968316621955	0.2432968316621955	0.0	0.2432968316621955	0.0	0.0	0.0	1.4919458236160352	1.1388624164366212	0.0	0.3983022616774595	0.2432968316621955	0.6771701955686613	0.0	0.0	0.0	0.5123013184065454	0.8456154518569176	0.0	0.0	0.0	0.0	0.3983022616774595	0.6025127603916277	1.7583685424485478	0.0	0.0	0.8898274546518975	0.7963870869886589	1.2436071678253584	0.8456154518569176	0.0	0.9299515462243795	2.013434955915763	0.0	0.0	0.3983022616774595	1.2961401459864512	0.0	0.8898274546518975	0.0	1.586048649774553	0.0	0.0	0.2432968316621955	0.5123013184065454	2.5936110527122165	0.0	0.0	0.0	0.0	0.0	1.4813090263426036	0.0	0.0	0.3983022616774595	0.0	0.2432968316621955	0.0	0.0	0.6771701955686613	0.7963870869886589	1.7912307811690393	0.0	1.2245823870996817	0.0	0.0	0.0	0.0	1.0886904349545399	0.0	0.0	0.0	0.0	0.0	0.0	0.3983022616774595	1.863918184716553	0.0	0.0	0.0	0.0	0.0	0.6025127603916277	0.0	0.0	0.5123013184065454	0.0	0.0	0.6771701955686613	0.0	0.0	2.0966393065045716	0.0	0.0	0.0	0.0	0.0	2.286157771023841	0.0	0.0	1.1838338771312675	0.0	0.6025127603916277	0.0	1.9560441144743927	0.2432968316621955	0.0	0.0	0.0	0.3983022616774595	0.2432968316621955	0.0	0.0	0.0	0.0	0.0	0.0	0.0	0.0	0.0	1.690787357553024	0.0	0.0	0.0	0.0	0.0	0.0	3.0073898244327806	0.0	1.9632030860862852	0.0	0.0	0.3983022616774595	0.0	0.0	0.0	0.8898274546518975	1.8118340445675016	0.0
SRR13358092	1.039607956842174	0.0	0.6751441334366147	0.0	0.0	0.0	0.2100991828521481	0.0	0.6139371890823332	0.0	0.0	1.546788473720092	0.45735824437753525	0.8586457718792577	0.0	0.0	0.2100991828521481	0.0	0.0	0.0	0.8586457718792577	0.0	0.0	0.0	0.2100991828521481	0.2100991828521481	0.0	1.3203493961381494	0.0	1.6838187098782023	0.3510927225884266	0.0	0.0	0.0	1.9630241029938271	0.0	0.0	0.0	0.0	0.0	0.0	0.45735824437753525	1.2349395691391163	0.0	0.45735824437753525	0.0	0.7287808581478785	0.0	0.0	0.0	0.0	0.0	0.0	0.0	0.0	0.0	0.6751441334366147	0.0	0.8195192401575535	0.0	0.6139371890823332	0.0	0.0	0.0	0.0	0.45735824437753525	0.0	0.0	0.0	0.0	0.6139371890823332	0.0	0.0	0.0	0.0	0.7765155298775708	0.3510927225884266	0.0	0.45735824437753525	0.2100991828521481	0.0	0.0	0.0	0.0	0.0	0.0	0.2100991828521481	0.6139371890823332	0.0	0.0	0.0	0.0	0.0	0.5426663757296144	0.2100991828521481	0.2100991828521481	0.0	0.0	0.0	0.0	0.0	3.1854878857237474	0.5426663757296144	0.0	1.307230592932344	0.3510927225884266	0.5426663757296144	0.2100991828521481	0.0	0.0	0.0	0.0	0.7287808581478785	0.0	0.2100991828521481	0.2100991828521481	0.0	0.0	0.45735824437753525	0.0	0.0	0.0	0.0	0.0	0.0	0.0	0.0	1.2653144913111722	0.0	0.0	0.0	0.0	0.0	0.0	0.5426663757296144	0.0	0.5426663757296144	0.0	0.0	0.2100991828521481	0.0	0.0	0.0	0.0	0.0	0.0	0.0	0.3510927225884266	0.0	0.0	0.0	0.0	0.0	1.2189164116517899	0.0	1.648873411019012	0.0	0.8586457718792577	0.6139371890823332	0.0	0.0	0.0	0.0	0.0	0.0	0.2100991828521481	0.2100991828521481	0.0	0.0	0.0	0.0	0.0	0.0	0.0	0.0	0.0	0.0	0.0	0.6139371890823332	0.0	0.0	0.0	1.5231399456550887	1.4025199974569555	0.0	0.2100991828521481	0.7765155298775708	0.3510927225884266	0.0	0.0	0.0	0.5426663757296144	0.0	0.0	0.0	0.0	0.0	0.0	0.3510927225884266	0.9872428149888735	0.0	0.0	0.7765155298775708	0.5426663757296144	0.9872428149888735	0.5426663757296144	0.0	0.9276867942280036	1.9746363839307564	0.0	0.2100991828521481	0.0	0.2100991828521481	0.0	0.7765155298775708	0.0	1.5231399456550887	0.0	0.0	0.0	0.0	4.376577453619859	0.0	0.0	0.0	0.0	0.0	1.3691879958493558	0.0	0.0	0.0	0.0	0.0	0.0	0.0	0.8945367966217516	0.5426663757296144	1.0863331110163337	0.0	0.6751441334366147	0.0	0.0	0.0	0.0	0.6751441334366147	0.0	0.0	0.0	0.0	0.2100991828521481	0.0	0.2100991828521481	1.8050944626897594	0.0	0.0	0.0	0.0	0.0	0.0	0.0	0.0	0.0	0.45735824437753525	0.2100991828521481	0.45735824437753525	0.0	0.0	2.5644792276711317	0.2100991828521481	0.0	0.0	0.0	0.0	0.3510927225884266	0.0	0.0	1.43347511746342	0.0	0.5426663757296144	0.0	0.8945367966217516	0.2100991828521481	0.0	0.0	0.0	0.0	0.0	0.0	0.0	0.0	0.0	0.0	0.0	0.0	0.0	0.0	1.7213239944113263	0.0	0.0	0.0	0.0	0.0	0.0	3.395716536271558	0.0	2.0433771034144845	0.0	0.0	0.2100991828521481	0.0	0.0	0.0	0.45735824437753525	1.9541064810550932	0.0
SRR13358093	1.7495301339894844	0.0	0.4110100412190062	0.4110100412190062	0.0	0.0	0.618336984174807	0.0	0.4110100412190062	0.0	0.4110100412190062	2.3925481651673866	0.618336984174807	1.4440209295519493	0.618336984174807	0.0	0.618336984174807	1.0194604454746914	0.9485060562616003	0.0	1.1814841896748183	0.0	0.0	0.4110100412190062	0.0	0.4110100412190062	0.0	1.9658133383404068	0.0	4.021698021801838	0.0	0.0	0.4110100412190062	0.0	1.2992145184651993	0.0	0.0	0.0	0.0	0.0	0.0	0.0	1.817113055968357	0.0	0.8636513062474693	0.0	1.4440209295519493	0.618336984174807	0.0	0.0	0.0	0.0	0.0	0.0	0.0	0.9485060562616003	1.4440209295519493	0.0	1.552429421502356	0.0	2.217335456755023	0.0	0.0	0.0	0.0	1.080434008151284	0.0	0.0	0.0	0.0	2.517046959084029	0.0	0.0	0.0	0.0	1.080434008151284	0.9485060562616003	0.4110100412190062	0.7580895996987644	0.618336984174807	0.0	0.9485060562616003	0.0	0.0	0.0	0.0	0.4110100412190062	1.2634037823837772	0.0	0.0	0.4110100412190062	0.0	0.0	1.3917413491456117	0.4110100412190062	0.4110100412190062	0.0	0.0	0.0	0.0	0.0	3.9687805677918355	0.4110100412190062	0.0	1.958342624681067	1.0194604454746914	0.0	0.4110100412190062	0.0	0.0	0.0	0.4110100412190062	0.9485060562616003	0.0	2.282717406223655	1.3630349841499616	0.0	0.0	0.9485060562616003	0.0	0.0	0.0	0.0	0.0	0.0	0.0	0.0	1.994473791203794	0.0	0.0	0.0	0.0	0.7580895996987644	0.0	1.669456734363491	0.7580895996987644	1.817113055968357	0.0	0.4110100412190062	0.0	0.0	1.669456734363491	0.0	0.0	0.0	1.0194604454746914	0.618336984174807	0.4110100412190062	0.0	0.0	0.0	0.618336984174807	0.0	1.9105999521093633	0.0	2.256975943509814	0.0	1.9731577113707164	1.2243726584712695	0.0	0.0	0.4110100412190062	0.0	0.0	0.0	0.0	0.618336984174807	0.0	0.8636513062474693	0.4110100412190062	0.0	0.4110100412190062	0.0	0.0	0.0	0.7580895996987644	0.0	0.4110100412190062	0.0	0.0	0.0	0.0	2.289800316626975	2.484643550289416	0.618336984174807	1.3917413491456117	0.618336984174807	0.9485060562616003	0.0	0.0	0.0	0.8636513062474693	1.8934435815955544	0.4110100412190062	0.0	0.0	0.0	0.4110100412190062	1.080434008151284	2.4007875034551835	0.0	0.0	1.4679757024795317	0.618336984174807	1.6064836713875854	0.618336984174807	0.0	1.7371683392134465	2.7595187115222406	0.0	0.4110100412190062	0.7580895996987644	1.8374897711061466	0.0	1.6545486650051202	0.4110100412190062	2.37845875125219	0.0	0.0	0.0	1.2992145184651993	2.398058388896142	0.0	0.0	0.0	0.0	0.0	2.130309194957283	0.0	0.0	0.0	0.0	0.618336984174807	0.4110100412190062	0.0	1.2243726584712695	1.490677965290633	2.221466339727476	0.0	1.8934435815955544	0.0	0.0	0.0	0.0	1.4186673299373245	0.0	0.0	0.0	0.0	0.0	0.0	0.4110100412190062	2.6624998131524285	0.0	0.0	0.0	0.0	0.0	1.2634037823837772	0.7580895996987644	0.0	0.0	0.4110100412190062	0.0	0.618336984174807	0.0	0.0	1.7615497781395781	0.4110100412190062	0.0	0.8636513062474693	0.0	0.4110100412190062	3.2268964629324457	0.0	0.0	2.1501356595342065	0.0	1.3630349841499616	0.0	2.7375327311730007	0.4110100412190062	0.0	0.0	0.0	0.618336984174807	0.618336984174807	0.4110100412190062	0.0	0.4110100412190062	0.0	0.0	0.0	0.0	0.0	0.0	2.539361407572974	0.0	0.0	0.0	0.0	0.0	0.4110100412190062	1.683869991456136	0.4110100412190062	2.781578618425334	0.0	0.0	0.618336984174807	0.4110100412190062	0.0	0.0	1.2992145184651993	2.722231653528876	0.0
SRR13358094	1.0782508996498668	0.0	0.2513656554408359	0.0	0.0	0.2513656554408359	0.0	0.0	0.8615965711486515	0.0	0.2513656554408359	1.6954866221909437	0.9832960824504193	1.017307231652618	0.0	0.0	0.0	0.7561247292915072	0.6919121712750573	0.0	0.6165301582919421	0.0	0.0	0.0	0.0	0.5252573952121289	0.0	1.1792599059763935	0.0	4.2974778624833	0.2513656554408359	0.0	0.0	0.0	1.1057894458358324	0.40955445565318827	0.0	0.0	0.0	0.0	0.0	0.0	1.2969529109813458	0.0	0.5252573952121289	0.0	0.812054646152415	0.2513656554408359	0.0	0.0	0.0	0.0	0.0	0.0	0.0	1.0782508996498668	0.9463933453892094	0.0	0.7561247292915072	0.0	1.8954453527137276	0.2513656554408359	0.0	0.0	0.0	0.2513656554408359	0.0	0.0	0.0	0.0	2.881144784476864	0.0	0.0	0.2513656554408359	0.0	0.9060612693463648	0.2513656554408359	0.2513656554408359	0.40955445565318827	0.0	0.0	0.6919121712750573	0.0	0.0	0.0	0.0	0.40955445565318827	0.5252573952121289	0.0	0.0	0.40955445565318827	0.0	0.0	1.2969529109813458	0.0	0.40955445565318827	0.0	0.0	0.0	0.0	0.0	3.217352268347357	0.2513656554408359	0.0	1.0782508996498668	1.1561237744712118	0.0	0.5252573952121289	0.0	0.0	0.0	0.0	0.2513656554408359	0.2513656554408359	1.9780234363843652	0.6165301582919421	0.0	0.0	2.4508846043282704	0.0	0.0	0.0	0.0	0.0	0.0	0.0	0.2513656554408359	1.1792599059763935	0.0	0.0	0.0	0.0	0.2513656554408359	0.0	1.017307231652618	0.2513656554408359	1.3138040101691844	0.0	0.0	0.2513656554408359	0.0	1.595607799430295	0.0	0.0	0.0	0.9463933453892094	0.2513656554408359	0.0	0.0	0.0	0.0	0.40955445565318827	0.2513656554408359	1.2420810916560203	0.0	3.492742009992197	0.0	1.0488472024175934	0.5252573952121289	0.0	0.0	0.40955445565318827	0.6919121712750573	0.0	0.0	0.2513656554408359	0.0	0.0	0.9060612693463648	0.0	0.0	0.2513656554408359	0.0	0.0	0.0	0.2513656554408359	0.0	0.0	0.6919121712750573	0.0	0.0	0.0	1.6125495285419824	2.2252225605850304	0.5252573952121289	1.017307231652618	0.5252573952121289	0.2513656554408359	0.0	0.0	0.0	0.6165301582919421	1.3138040101691844	0.0	0.0	0.0	0.0	0.0	0.9832960824504193	2.1667310686605283	0.0	0.0	0.9463933453892094	0.6919121712750573	1.0782508996498668	0.812054646152415	0.0	1.0782508996498668	2.1893232320575597	0.0	0.40955445565318827	0.6919121712750573	1.559602674254204	0.0	0.9060612693463648	0.40955445565318827	1.6445705742139134	0.0	0.0	0.2513656554408359	0.6919121712750573	2.1620681025131385	0.0	0.0	0.0	0.0	0.0	1.4417253334623232	0.0	0.0	0.0	0.0	0.2513656554408359	0.0	0.0	0.9060612693463648	1.0782508996498668	1.9082477969701914	0.0	1.844982917323903	0.0	0.0	0.0	0.0	1.3456630744442286	0.0	0.0	0.0	0.0	0.0	0.0	2.0564426199163233	1.9040221104930424	0.0	0.0	0.0	0.0	0.0	0.9463933453892094	0.2513656554408359	0.0	0.0	0.40955445565318827	0.0	1.017307231652618	0.0	0.0	1.5304937822708171	0.0	0.0	0.0	0.0	0.0	2.9535387151085195	0.0	0.0	1.4417253334623232	0.0	0.40955445565318827	0.0	2.4508846043282704	0.9060612693463648	0.0	0.0	0.0	0.0	0.0	0.0	0.0	0.0	0.0	0.0	0.0	0.0	0.0	0.0	1.7709044607975293	0.0	0.0	0.0	0.0	0.0	0.40955445565318827	2.3732137391098758	0.0	2.0991173240217136	0.0	0.0	0.9832960824504193	0.0	0.0	0.0	0.812054646152415	1.9921164838509577	0.0
SRR13358098	0.0	1.263687220620129	0.0	0.0	0.0	0.0	0.0	0.0	1.172653395754512	0.0	1.8142675599868279	0.0	0.6503495208804992	0.0	0.0	0.0	0.8998677892766971	0.0	0.0	0.0	0.0	0.0	0.0	0.0	0.43699165088799946	0.8998677892766971	0.0	3.697322673694559	0.0	2.1001483854952547	0.0	0.0	0.0	0.0	3.1416699947705458	0.0	0.0	0.0	0.0	0.43699165088799946	0.0	0.0	1.172653395754512	0.0	0.0	0.0	0.0	0.0	0.0	0.0	0.0	0.0	0.0	0.0	0.0	2.042648808624007	0.7927871675925259	0.0	0.0	0.0	0.0	0.43699165088799946	0.0	0.0	0.0	0.0	0.0	0.0	0.0	0.0	4.155943127398612	0.43699165088799946	0.0	1.531084126296495	0.0	0.7927871675925259	0.43699165088799946	0.43699165088799946	0.43699165088799946	0.0	0.0	0.0	0.0	0.0	0.0	0.0	0.6503495208804992	0.43699165088799946	0.0	0.0	1.263687220620129	0.0	0.43699165088799946	0.43699165088799946	0.0	0.0	0.0	0.0	0.0	0.0	0.8998677892766971	1.5930062905626021	2.8804073680354687	0.0	0.6503495208804992	2.140137305507788	0.0	0.43699165088799946	0.0	0.0	0.0	0.0	0.0	0.0	0.0	0.0	0.0	0.0	0.7927871675925259	0.0	0.0	1.7522552961424682	0.0	0.0	1.403000790375589	0.0	0.7927871675925259	0.43699165088799946	0.0	0.8998677892766971	0.0	0.0	0.0	0.0	1.172653395754512	0.0	0.0	0.7927871675925259	0.0	0.0	0.0	0.0	0.0	0.0	0.0	0.0	0.6503495208804992	0.43699165088799946	0.0	0.0	0.7927871675925259	0.0	0.0	0.0	0.0	2.201136657925397	0.0	3.2118231615095265	0.0	0.0	0.0	0.0	2.3096733577285766	0.0	0.0	2.970600815274082	0.0	0.0	0.0	0.0	0.0	0.0	0.0	0.0	0.43699165088799946	0.0	0.0	0.0	1.3389063671110362	0.0	0.0	0.0	0.43699165088799946	1.5930062905626021	0.0	0.7927871675925259	0.0	2.5565313395994	0.0	0.0	0.0	1.573330492469883	0.0	0.0	0.0	0.0	0.0	0.0	0.0	0.0	0.0	0.0	0.0	2.4661500891873076	0.43699165088799946	2.9282859728920623	0.0	1.5930062905626021	1.263687220620129	0.0	0.6503495208804992	1.8367887366494895	1.531084126296495	0.0	0.0	0.0	1.263687220620129	0.0	1.6798895283427748	0.0	0.0	1.2205511897981929	0.0	0.0	0.0	0.0	0.0	1.172653395754512	0.0	0.0	0.0	0.0	0.6503495208804992	0.7927871675925259	0.0	0.0	0.43699165088799946	0.9856994823547317	0.0	0.8998677892766971	1.057335003317007	0.0	0.0	0.0	1.7102973791230154	0.0	0.0	0.0	0.0	0.0	0.0	0.43699165088799946	0.0	0.0	0.0	0.0	0.0	0.7927871675925259	0.0	0.6503495208804992	0.0	1.8367887366494895	0.0	0.0	2.712951914505844	0.0	0.0	3.1705959259011895	0.0	0.0	0.0	0.0	0.43699165088799946	0.6503495208804992	0.0	0.0	0.0	0.0	0.0	0.0	1.3721349120473438	0.0	0.0	0.0	0.0	1.4842809638285583	0.0	0.0	0.0	1.1188105751311885	0.0	0.0	0.0	0.0	0.0	0.0	0.0	0.0	0.0	0.0	0.0	0.0	0.43699165088799946	1.172653395754512	0.0	0.6503495208804992	0.0	0.0	0.43699165088799946	0.0	0.0	0.43699165088799946	1.057335003317007	0.0	0.0
SRR13358099	0.26187741033974016	0.0	0.26187741033974016	0.0	0.0	0.0	0.26187741033974016	0.0	0.7107874499696591	0.0	0.26187741033974016	0.4240920921515567	1.73211534402109	0.7107874499696591	0.0	0.5419226495807643	0.0	0.26187741033974016	0.0	0.0	0.4240920921515567	0.0	0.0	0.0	0.0	0.7107874499696591	0.0	0.7107874499696591	0.0	3.2786343375636555	2.7542682146013755	0.0	0.0	0.0	1.8110652716217641	0.0	0.0	0.0	0.0	0.0	0.0	0.0	1.7579706334988467	0.0	0.0	0.0	0.26187741033974016	0.26187741033974016	0.0	0.0	0.0	0.0	0.0	0.0	0.0	0.6345112326387017	0.26187741033974016	0.0	0.0	0.0	1.2834562314785203	0.0	0.26187741033974016	0.0	0.0	0.0	0.0	0.0	0.0	0.0	2.1410701503556244	0.7756472571765975	0.0	0.0	0.0	0.4240920921515567	0.0	0.0	0.4240920921515567	0.0	0.0	0.26187741033974016	0.0	0.0	0.0	0.0	0.0	0.26187741033974016	0.0	0.0	1.948040780952717	0.0	0.0	0.5419226495807643	0.9267671882213765	2.1638386753926304	0.6345112326387017	0.0	0.0	0.0	0.0	1.4120828404064314	0.26187741033974016	0.0	0.0	2.9390876862055166	0.26187741033974016	0.9267671882213765	0.0	0.0	0.0	0.5419226495807643	0.0	0.26187741033974016	0.8819933906385402	0.0	0.6345112326387017	0.0	0.6345112326387017	0.0	0.0	0.0	0.0	0.0	0.4240920921515567	0.0	0.0	0.5419226495807643	0.0	0.0	0.0	0.0	0.0	0.0	0.0	0.0	0.0	0.0	0.0	1.3017771665039062	0.0	0.6345112326387017	0.0	0.7107874499696591	0.0	0.4240920921515567	0.0	0.0	0.0	0.0	0.0	0.0	0.0	0.0	0.0	4.2450118889035835	0.0	1.0703554488980747	0.0	0.0	0.0	0.26187741033974016	0.8320673594026534	0.0	0.0	0.0	0.0	0.0	0.0	0.0	0.0	2.1115164315618076	0.0	0.0	0.0	0.0	0.26187741033974016	0.0	0.4240920921515567	0.0	0.0	0.0	2.395234972509936	1.3525142097814182	0.0	1.425780515400518	0.0	1.336251675678058	0.0	0.0	0.26187741033974016	0.5419226495807643	1.5221283272209771	0.26187741033974016	0.0	0.0	0.0	0.0	0.0	2.105920076337583	0.26187741033974016	0.0	0.0	1.73211534402109	0.4240920921515567	0.26187741033974016	0.0	0.8320673594026534	0.7107874499696591	0.8819933906385402	0.0	1.1780824878415341	1.4120828404064314	0.0	0.0	0.0	0.7107874499696591	0.0	0.0	0.0	0.26187741033974016	1.2013019727408296	0.0	0.0	0.0	0.0	0.0	0.7756472571765975	0.0	0.0	0.0	0.0	0.0	0.0	0.0	0.0	1.336251675678058	1.3979390305838189	0.0	2.9226528661472115	0.0	0.0	0.0	0.0	3.6894884909773027	0.0	0.0	0.0	0.0	0.0	0.0	0.4240920921515567	0.0	0.0	0.0	0.0	0.0	0.0	0.0	0.0	0.0	0.0	0.0	0.4240920921515567	0.26187741033974016	0.0	0.7107874499696591	1.609850905890779	0.0	0.0	0.0	0.0	0.0	0.9673533730996036	0.0	0.0	0.0	0.4240920921515567	0.0	0.0	1.45194417636691	0.0	0.0	0.0	0.0	0.0	0.0	0.0	0.0	0.0	0.0	0.0	0.0	0.0	0.0	0.0	0.0	0.0	0.0	0.0	0.0	0.0	0.26187741033974016	2.9999540528376656	0.0	0.26187741033974016	0.0	0.0	0.4240920921515567	0.0	0.0	0.7756472571765975	0.4240920921515567	0.26187741033974016	0.0
SRR13358100	0.23373722110116915	0.0	0.49675834004848535	0.0	0.0	0.0	0.23373722110116915	0.0	0.0	0.23373722110116915	0.0	0.0	0.7224301621952038	0.0	0.0	0.23373722110116915	0.0	0.23373722110116915	0.0	0.0	0.0	0.0	0.0	0.0	0.0	0.38486235189458823	0.23373722110116915	0.7224301621952038	0.0	4.094597645076567	0.23373722110116915	0.0	0.0	0.0	2.4478784520386787	0.0	0.0	0.0	0.0	0.0	0.0	0.0	0.5856504491308256	0.0	0.0	0.0	0.38486235189458823	0.0	0.0	0.0	0.0	0.0	0.0	0.0	0.0	0.38486235189458823	0.0	0.0	0.0	0.0	0.8262928315779724	0.0	0.38486235189458823	0.0	0.0	0.0	0.0	0.0	0.0	0.0	1.7689824779316345	0.6594029902879335	0.0	0.23373722110116915	0.0	0.38486235189458823	0.0	0.23373722110116915	0.23373722110116915	0.0	0.0	0.23373722110116915	0.23373722110116915	0.0	0.0	0.0	0.38486235189458823	0.0	0.0	0.0	2.150588673037499	0.0	0.0	0.49675834004848535	0.6594029902879335	2.280206893903548	0.0	0.0	0.0	0.0	0.0	1.4485669078157584	0.5856504491308256	0.0	0.23373722110116915	2.5218021749924597	0.0	0.9802328125705206	0.0	0.0	0.0	0.23373722110116915	0.0	0.23373722110116915	0.38486235189458823	0.0	0.5856504491308256	0.0	0.49675834004848535	0.0	0.0	0.0	0.0	0.0	0.38486235189458823	0.0	0.0	0.0	0.0	0.0	0.0	0.0	0.23373722110116915	0.0	0.23373722110116915	0.0	0.23373722110116915	0.23373722110116915	0.0	0.8701864110207187	0.0	0.0	0.23373722110116915	0.49675834004848535	0.0	0.0	0.0	0.0	0.0	0.0	0.0	0.0	0.0	0.0	0.0	3.9417229478901636	0.0	1.1409028767392422	0.0	0.0	0.0	0.0	0.5856504491308256	0.0	0.0	0.0	0.0	0.0	0.0	0.0	0.0	1.9513479578125688	0.0	0.0	0.0	0.0	0.0	0.0	0.0	0.0	0.0	0.0	0.38486235189458823	1.040637453264181	0.0	1.0114844737200195	0.0	0.6594029902879335	0.0	0.0	0.0	0.0	0.0	0.0	0.0	0.0	0.0	0.0	0.0	0.7224301621952038	0.0	0.0	0.0	2.3039099520895134	1.0679559713720337	0.38486235189458823	0.0	0.38486235189458823	0.6594029902879335	0.0	0.0	1.203341128589976	1.5723946422937924	0.0	0.0	0.0	0.38486235189458823	0.0	0.0	0.23373722110116915	0.49675834004848535	1.3214280666365565	0.0	0.0	0.49675834004848535	0.0	0.0	0.23373722110116915	0.0	0.0	0.23373722110116915	0.0	0.0	0.0	0.0	0.0	0.49675834004848535	0.910048105373433	0.0	0.910048105373433	0.0	0.0	0.0	0.0	3.719234083890461	0.0	0.0	0.0	0.0	0.0	0.0	0.9802328125705206	0.0	0.0	0.0	0.0	0.0	0.0	0.38486235189458823	0.0	0.0	0.23373722110116915	0.0	0.38486235189458823	1.0936572922447458	0.0	0.0	1.3896334233123515	0.0	0.0	0.0	0.0	0.0	1.5965719169075552	0.0	0.0	0.0	0.0	0.0	0.0	1.5101226338036768	0.49675834004848535	0.0	0.0	0.0	0.23373722110116915	0.0	0.23373722110116915	0.0	0.0	0.0	0.0	0.0	0.0	0.0	0.0	0.0	0.0	0.0	0.0	0.0	0.0	0.23373722110116915	3.062127726113327	0.0	0.23373722110116915	0.0	0.0	0.23373722110116915	0.0	0.0	0.0	0.23373722110116915	0.38486235189458823	0.0
SRR13358101	0.2405213489920965	0.0	0.5976461496156089	0.0	0.0	0.0	0.0	0.0	0.3944125313147342	0.0	0.0	0.3944125313147342	0.2405213489920965	0.2405213489920965	0.0	0.0	0.0	0.0	0.0	0.0	0.0	0.0	0.0	0.0	0.0	0.2405213489920965	0.0	0.9242214926854124	0.0	3.836590129891723	0.2405213489920965	0.0	0.0	0.0	2.087574400625337	0.0	0.0	0.0	0.0	0.0	0.0	0.0	0.8841717307884038	0.0	0.0	0.0	0.2405213489920965	0.0	0.0	0.0	0.0	0.0	0.0	0.0	0.0	0.3944125313147342	0.3944125313147342	0.0	0.0	0.0	0.8841717307884038	0.0	0.0	0.0	0.2405213489920965	0.0	0.0	0.0	0.0	0.0	1.4750263967162502	0.7909334873936741	0.0	0.2405213489920965	0.0	0.0	0.0	0.0	0.0	0.0	0.0	0.0	0.0	0.0	0.0	0.0	0.0	0.0	0.0	0.0	0.2405213489920965	0.0	0.0	0.0	0.0	0.0	0.0	0.0	0.0	0.0	0.0	1.5257583032414652	0.3944125313147342	0.0	0.7909334873936741	2.771360291651484	0.0	0.6720462131563659	0.0	0.0	0.0	0.0	0.0	0.0	0.5078106427510986	0.2405213489920965	0.2405213489920965	0.0	0.9946979812253308	0.0	0.0	0.0	0.0	0.0	0.0	0.0	0.0	0.2405213489920965	0.0	0.2405213489920965	0.0	0.0	0.0	0.0	0.0	0.0	0.2405213489920965	0.0	0.0	0.7355453560966558	0.0	0.0	0.0	0.0	0.0	0.0	0.0	0.0	0.0	0.0	0.0	0.0	0.0	0.0	0.0	4.230201390508286	0.0	1.848493898071116	0.0	0.0	0.0	0.0	0.2405213489920965	0.0	0.0	0.3944125313147342	0.0	0.0	0.0	0.0	0.0	1.4960354816990618	0.0	0.0	0.0	0.0	0.0	0.0	0.0	0.0	0.0	0.0	2.288049759351863	0.7355453560966558	0.0	0.6720462131563659	0.0	0.3944125313147342	0.0	0.0	0.0	0.0	0.0	0.0	0.0	0.0	0.0	0.0	0.0	0.5078106427510986	0.0	0.0	0.0	1.6777251649425917	0.0	0.3944125313147342	0.0	1.1085045295431988	0.6720462131563659	0.0	0.3944125313147342	0.5976461496156089	2.0769392723986395	0.0	0.0	0.0	0.2405213489920965	0.0	0.0	0.0	0.0	1.155881995688278	0.2405213489920965	0.0	0.0	0.0	0.0	0.2405213489920965	0.0	0.0	0.0	0.0	0.0	0.0	0.0	0.0	0.3944125313147342	0.8400499715170193	0.0	0.2405213489920965	0.0	0.0	0.0	0.0	2.4672466827902917	0.0	0.0	0.0	0.0	0.0	0.0	1.0827251886184532	0.0	0.0	0.0	0.0	0.0	0.0	0.0	0.0	0.0	0.0	0.0	0.0	0.2405213489920965	0.0	0.0	2.2200952008286494	0.0	0.0	0.0	0.0	0.0	0.2405213489920965	0.0	0.0	0.0	0.0	0.2405213489920965	0.0	0.9608877700021747	0.0	0.0	0.0	0.0	0.0	0.0	0.0	0.0	0.0	0.0	0.0	0.0	0.0	0.0	0.0	0.0	0.0	0.0	0.0	0.0	0.0	0.0	3.5502581796183335	0.0	0.0	0.0	0.0	0.0	0.0	0.0	0.0	0.0	0.2405213489920965	0.0
SRR13358102	0.0	0.928159765022932	1.086825456068732	0.0	0.0	0.0	0.0	0.0	2.6634526877234643	0.0	0.0	0.0	1.086825456068732	0.0	0.0	0.0	0.0	0.0	0.6755671642127531	0.0	0.0	0.0	0.0	0.0	0.0	0.4577075171583739	0.0	2.12609306914796	0.0	1.783925946687308	0.4577075171583739	0.0	0.0	0.0	3.4504171597313644	0.0	0.0	0.0	0.0	0.0	0.0	0.0	1.9485882588220766	0.0	0.0	0.0	2.12609306914796	0.0	0.0	0.0	0.0	0.0	0.0	0.0	0.0	2.260734831870368	0.0	0.0	0.0	0.0	0.0	0.0	0.4577075171583739	0.0	0.0	0.4577075171583739	0.0	0.0	0.0	0.0	1.4030350641067382	0.0	0.0	0.0	0.0	0.0	0.0	0.4577075171583739	0.6755671642127531	0.0	0.0	0.0	0.0	0.0	0.0	0.0	0.0	0.0	0.0	0.0	0.6755671642127531	0.0	0.0	0.0	0.0	0.4577075171583739	0.0	0.0	0.0	0.0	0.0	1.086825456068732	1.2942121574833418	0.0	0.0	0.928159765022932	0.0	0.0	0.0	0.0	0.0	0.0	0.0	0.0	0.0	0.0	0.0	0.0	1.086825456068732	0.0	0.0	0.4577075171583739	0.0	0.0	0.0	0.0	0.0	0.0	0.0	0.819974303756659	0.0	0.0	0.0	0.0	0.819974303756659	0.0	0.819974303756659	0.0	0.0	0.0	0.0	0.0	0.0	0.0	0.0	0.0	0.0	0.0	0.0	0.0	0.0	0.0	0.0	0.0	0.0	2.155434538880389	0.0	4.038843760755208	0.0	0.0	0.0	0.819974303756659	1.2942121574833418	0.0	0.0	0.6755671642127531	0.0	0.0	0.0	0.0	0.0	0.0	0.0	0.0	0.4577075171583739	0.0	0.0	0.0	1.8098345271305514	0.0	0.0	0.0	1.0146985583812305	0.4577075171583739	0.0	0.6755671642127531	0.0	1.2508986998621772	0.0	0.0	0.0	1.4339916435548092	0.0	0.0	0.0	0.0	0.0	0.0	0.0	0.6755671642127531	0.0	0.0	0.0	1.148662335533159	0.0	1.4899804849163023	0.0	1.086825456068732	0.0	0.0	0.4577075171583739	1.0146985583812305	1.3335948981982648	0.0	0.0	0.0	0.0	0.0	0.6755671642127531	0.0	0.4577075171583739	2.1074869284313316	0.0	0.0	0.0	0.0	0.0	1.5840705373313058	0.0	0.0	0.0	0.0	0.0	0.0	0.0	0.0	0.4577075171583739	0.0	0.0	0.928159765022932	0.0	0.0	0.0	0.0	0.6755671642127531	0.0	0.0	0.0	0.0	0.0	0.0	0.6755671642127531	0.0	0.0	0.0	0.0	0.0	0.0	0.0	0.0	0.0	0.6755671642127531	0.819974303756659	0.0	2.2087661919735324	0.0	0.0	4.128274754768026	0.0	0.0	0.0	0.0	0.0	0.4577075171583739	0.0	0.0	0.0	0.0	0.0	0.0	0.819974303756659	0.0	0.0	0.0	0.819974303756659	0.4577075171583739	0.0	0.6755671642127531	0.0	0.4577075171583739	0.0	0.0	0.0	0.0	0.0	0.0	0.0	0.0	0.0	0.0	0.0	0.0	0.0	1.9664868950606127	0.0	0.4577075171583739	0.0	0.0	0.0	0.0	0.0	0.0	0.0	0.0	0.0
SRR13358106	0.5452221222769469	0.26397620275161787	0.5452221222769469	0.0	0.0	0.0	0.26397620275161787	0.0	0.0	0.0	0.0	0.886011140430323	0.26397620275161787	0.5452221222769469	0.0	0.0	0.0	0.0	0.26397620275161787	0.0	0.0	0.0	0.0	0.0	0.0	0.0	0.0	0.4269787180625514	0.0	4.130019386111864	0.26397620275161787	0.0	0.0	0.0	1.3877502115655145	0.0	0.0	0.0	0.0	0.0	0.0	0.0	0.26397620275161787	0.0	0.6380648238413261	0.0	0.4269787180625514	0.0	0.0	0.0	0.0	0.0	0.0	0.0	0.0	0.6380648238413261	0.26397620275161787	0.4269787180625514	0.0	0.0	1.1823987046561768	0.0	0.0	0.0	0.0	0.26397620275161787	0.0	0.0	0.0	0.0	2.7947038563512945	0.7145132115184578	0.0	0.0	0.0	0.26397620275161787	0.26397620275161787	0.0	0.5452221222769469	0.0	0.0	0.6380648238413261	0.0	0.26397620275161787	0.0	0.26397620275161787	0.0	0.26397620275161787	0.0	0.0	1.5870337129328413	0.0	0.0	1.2056340819043703	0.0	1.8319658138089305	0.0	0.0	0.0	0.0	0.0	2.4920363624948974	0.4269787180625514	0.0	0.6380648238413261	2.562114832672556	0.0	1.6143593932068871	0.0	0.0	0.0	0.0	0.0	0.0	0.4269787180625514	0.26397620275161787	0.26397620275161787	0.0	0.26397620275161787	0.0	0.0	0.0	0.0	0.0	0.0	0.0	0.0	0.6380648238413261	0.0	0.0	0.26397620275161787	0.0	0.0	0.0	0.4269787180625514	0.0	0.4269787180625514	0.0	0.0	0.7794973768217339	0.0	0.26397620275161787	0.0	0.26397620275161787	0.0	0.0	0.0	0.0	0.0	0.0	0.0	0.26397620275161787	0.0	0.26397620275161787	0.0	3.9157902690944395	0.0	0.5452221222769469	0.26397620275161787	0.0	0.4269787180625514	0.26397620275161787	0.0	0.0	0.0	0.0	0.0	0.0	0.0	0.0	0.0	1.1823987046561768	0.0	0.0	0.0	0.0	0.0	0.0	0.26397620275161787	0.0	0.0	0.0	2.344359097869266	0.6380648238413261	0.0	0.4269787180625514	0.0	0.6380648238413261	0.0	0.0	0.0	0.0	0.0	0.0	0.0	0.0	0.0	0.0	0.0	0.8360115130586149	0.0	0.0	0.6380648238413261	1.2486782200820072	0.7145132115184578	0.26397620275161787	0.0	1.7748864324336888	1.5578725765184798	0.0	0.0	0.0	2.8442217754826347	0.0	0.26397620275161787	0.0	0.7145132115184578	0.0	0.0	0.0	0.26397620275161787	2.442518093737411	1.0086348645030971	0.0	0.0	0.0	0.0	0.6380648238413261	0.0	0.0	0.0	0.0	0.0	0.0	0.0	0.0	0.4269787180625514	1.2486782200820072	0.0	0.7794973768217339	0.0	0.0	0.0	0.0	3.575375377608299	0.0	0.0	0.0	0.0	0.0	0.0	0.6380648238413261	1.287838210881927	0.0	0.0	0.0	0.0	0.0	0.0	0.0	0.0	0.0	0.0	0.0	0.26397620275161787	0.0	0.0	1.356931392752854	0.0	0.0	0.0	0.0	0.0	0.0	0.0	0.0	0.7145132115184578	0.0	0.0	0.0	1.287838210881927	0.0	0.0	0.0	0.0	0.0	0.0	0.0	0.0	0.0	0.0	0.0	0.0	0.0	0.0	0.0	1.2686994442215875	0.0	0.0	0.0	0.0	0.0	0.26397620275161787	2.833695404005018	0.0	1.2686994442215875	0.0	0.0	0.26397620275161787	0.0	0.0	0.0	0.0	1.2486782200820072	0.0
SRR13358107	0.6988733344307023	0.0	0.3978675082604207	0.0	0.0	0.0	0.1760509825434466	0.0	0.543981732964107	0.1760509825434466	0.0	1.2899199683975746	0.6988733344307023	0.6531185294357522	0.0	0.3009695794948247	0.0	0.0	0.1760509825434466	0.0	0.3978675082604207	0.0	0.0	0.0	0.0	0.3978675082604207	0.0	0.9029842531796979	0.0	4.11505683405242	0.0	0.0	0.0	0.1760509825434466	1.8632036749561	0.543981732964107	0.0	0.1760509825434466	0.0	0.0	0.0	0.0	0.8128111089710462	0.0	0.3978675082604207	0.0	0.1760509825434466	0.0	0.0	0.0	0.0	0.1760509825434466	0.0	0.0	0.0	0.477040697959599	0.477040697959599	0.1760509825434466	0.3978675082604207	0.0	1.19021865461789	0.0	0.0	0.0	0.0	0.3009695794948247	0.0	0.0	0.0	0.0	1.8194249259689421	0.7402638222955273	0.0	0.0	0.0	0.3978675082604207	0.3978675082604207	0.0	0.1760509825434466	0.0	0.1760509825434466	0.543981732964107	0.0	0.0	0.0	0.0	0.0	0.3009695794948247	0.0	0.0	2.469701584920426	0.0	0.0	1.0967988407608513	0.7402638222955273	2.625706158594828	0.0	0.0	0.3009695794948247	0.0	0.0	2.7783923722562434	0.3978675082604207	0.0	0.6988733344307023	2.5790912579524403	0.3009695794948247	1.0412828313257487	0.0	0.0	0.0	0.3009695794948247	0.0	0.0	0.6531185294357522	0.1760509825434466	0.3009695794948247	0.0	0.3009695794948247	0.0	0.0	0.3009695794948247	0.0	0.0	0.0	0.0	0.0	0.6019693639221739	0.0	0.0	0.0	0.0	0.543981732964107	0.0	0.6988733344307023	0.0	0.477040697959599	0.0	0.0	0.7780505520986015	0.0	0.3009695794948247	0.1760509825434466	0.1760509825434466	0.0	0.0	0.0	0.3009695794948247	0.0	0.0	0.1760509825434466	0.1760509825434466	0.0	0.874956536689566	0.0	3.9305226144764878	0.0	1.2551583786159732	0.0	0.1760509825434466	0.0	0.3009695794948247	0.3978675082604207	0.0	0.0	0.1760509825434466	0.0	0.0	0.0	0.0	0.0	1.7158848270681983	0.0	0.0	0.0	0.0	0.0	0.0	0.1760509825434466	0.0	0.0	0.0	2.1220959496601988	0.6988733344307023	0.0	0.6988733344307023	0.3009695794948247	0.8128111089710462	0.0	0.0	0.1760509825434466	0.1760509825434466	0.0	0.0	0.0	0.0	0.0	0.0	0.1760509825434466	1.2786391210861447	0.0	0.0	0.6531185294357522	2.1237317089253955	0.3978675082604207	1.3520670487809645	0.0	0.543981732964107	1.5313616309175722	0.0	0.477040697959599	0.543981732964107	2.437630163161961	0.0	0.6988733344307023	0.0	1.2173704281084123	0.0	0.0	0.0	0.477040697959599	2.630815561027657	1.060587508835102	0.0	0.1760509825434466	0.0	0.0	0.9776154862064956	0.0	0.0	0.0	0.0	0.0	0.0	0.0	0.7402638222955273	0.477040697959599	1.3221042090733923	0.1760509825434466	2.1286023421625186	0.0	0.0	0.0	0.0	3.48474823154975	0.0	0.0	0.0	0.0	0.0	0.0	0.3978675082604207	1.3616122499180365	0.0	0.0	0.0	0.0	0.0	0.0	0.1760509825434466	0.0	0.0	0.0	0.0	0.3009695794948247	0.0	0.0	1.9318466875203768	0.0	0.0	0.0	0.0	0.0	0.1760509825434466	0.0	0.0	1.0210799684168004	0.1760509825434466	0.3978675082604207	0.0	1.5313616309175722	0.3009695794948247	0.0	0.0	0.0	0.3009695794948247	0.0	0.0	0.0	0.0	0.0	0.0	0.0	0.0	0.0	0.0	1.4064240791759723	0.0	0.0	0.1760509825434466	0.0	0.0	0.3978675082604207	3.024159649588992	0.0	1.562175334865631	0.0	0.0	0.0	0.0	0.0	0.0	0.6019693639221739	1.5249275739659642	0.0
SRR13358108	0.36931600933072195	0.0	0.5659751817996301	0.0	0.0	0.0	0.2227866398854197	0.0	0.638623938665774	0.36931600933072195	0.2227866398854197	0.36931600933072195	0.2227866398854197	0.0	0.0	0.0	0.0	0.0	0.0	0.0	0.36931600933072195	0.0	0.0	0.0	0.0	0.0	0.0	0.4786832818093998	0.0	4.187249782996399	0.36931600933072195	0.0	0.0	0.0	1.1378326798658047	0.0	0.0	0.0	0.0	0.0	0.0	0.0	0.9563239662390941	0.0	0.0	0.0	0.5659751817996301	0.0	0.0	0.0	0.0	0.0	0.0	0.0	0.0	0.638623938665774	0.0	0.4786832818093998	0.2227866398854197	0.0	1.310434685565323	0.0	0.0	0.0	0.0	0.0	0.0	0.0	0.0	0.0	1.6555015686327204	0.9563239662390941	0.0	0.2227866398854197	0.0	0.0	0.4786832818093998	0.0	0.36931600933072195	0.0	0.0	0.0	0.0	0.2227866398854197	0.0	0.0	0.0	0.2227866398854197	0.0	0.0	1.9283125209524397	0.0	0.0	1.324449045985819	0.0	1.2959529690002998	0.0	0.0	0.4786832818093998	0.0	0.0	1.8062163800942679	0.2227866398854197	0.0	0.5659751817996301	2.068025042097679	0.0	1.3511899380988874	0.0	0.0	0.0	0.0	0.0	0.0	0.5659751817996301	0.0	0.0	0.0	0.638623938665774	0.0	0.0	0.0	0.0	0.0	0.0	0.0	0.0	0.0	0.0	0.0	0.0	0.0	0.0	0.0	0.0	0.0	0.0	0.0	0.0	0.700843763796318	0.0	0.0	0.0	0.36931600933072195	0.0	0.0	0.0	0.0	0.0	0.0	0.0	0.0	0.0	0.0	0.0	3.948252191260587	0.0	1.0435213320492451	0.0	0.0	0.4786832818093998	0.4786832818093998	0.4786832818093998	0.0	0.0	0.0	0.0	0.0	0.0	0.0	0.0	0.9873761002724631	0.0	0.0	0.0	0.0	0.0	0.0	0.0	0.2227866398854197	0.0	0.0	1.8888013429696935	0.2227866398854197	0.0	0.36931600933072195	0.2227866398854197	0.700843763796318	0.0	0.0	0.0	0.2227866398854197	0.0	0.0	0.0	0.0	0.0	0.0	0.0	1.116104666257526	0.0	0.0	0.2227866398854197	2.1696423914155445	0.0	0.0	0.0	1.0690875702877782	0.8036045010256185	0.0	0.5659751817996301	0.36931600933072195	1.4442133837088171	0.0	0.36931600933072195	0.0	0.4786832818093998	0.0	0.0	0.0	0.0	2.733387874001276	1.093232071726135	0.0	0.0	0.0	0.0	0.2227866398854197	0.0	0.0	0.2227866398854197	0.0	0.0	0.0	0.0	0.0	0.0	1.3380252747570756	0.0	1.2493633841445826	0.0	0.0	0.0	0.0	3.3598300798575313	0.0	0.0	0.0	0.0	0.0	0.0	0.36931600933072195	0.2227866398854197	0.0	0.0	0.0	0.0	0.0	0.2227866398854197	0.2227866398854197	0.0	0.0	0.0	0.36931600933072195	0.2227866398854197	0.0	0.0	1.5463422740654533	0.2227866398854197	0.0	0.0	0.0	0.0	0.0	0.0	0.0	0.36931600933072195	0.2227866398854197	0.0	0.0	1.4646584244405958	0.0	0.0	0.0	0.0	0.0	0.0	0.0	0.0	0.0	0.0	0.0	0.0	0.0	0.0	0.0	0.4786832818093998	0.0	0.0	0.0	0.0	0.0	0.0	3.0904751217369975	0.0	0.8866428949509673	0.0	0.0	0.0	0.0	0.0	0.0	0.638623938665774	0.4786832818093998	0.0
SRR13358110	0.0	0.0	0.0	0.0	0.0	0.0	0.28128417671728795	0.0	0.7447244664006636	0.0	0.28128417671728795	0.5720940639372165	0.0	0.0	0.0	0.0	0.0	0.0	0.28128417671728795	0.0	0.0	0.0	0.0	0.0	0.0	0.0	0.0	0.45058882253983734	0.0	4.182676565677932	0.28128417671728795	0.0	0.0	0.0	1.2627112063286134	0.0	0.0	0.0	0.0	0.0	0.0	0.0	1.0767583881283807	0.0	0.0	0.0	0.28128417671728795	0.0	0.0	0.0	0.0	0.0	0.0	0.0	0.0	0.8106773530493709	0.0	0.0	0.0	0.0	1.3231339474375285	0.0	0.0	0.0	0.0	0.0	0.0	0.0	0.0	0.0	2.18770501710489	0.8106773530493709	0.0	0.0	0.0	0.0	0.0	0.0	0.0	0.0	0.0	0.0	0.0	0.0	0.0	0.0	0.0	0.0	0.0	0.0	1.8995736896680124	0.0	0.0	1.2171879222005402	0.5720940639372165	0.9184930703156017	0.0	0.0	0.45058882253983734	0.0	0.0	1.042265804502255	0.45058882253983734	0.0	0.0	2.5417419257494602	0.0	1.5048447023666074	0.0	0.0	0.0	0.0	0.0	0.0	0.6669308742538198	0.0	0.0	0.0	0.7447244664006636	0.0	0.0	0.0	0.0	0.0	0.0	0.0	0.0	0.0	0.0	0.0	0.0	0.0	0.0	0.0	0.0	0.0	0.45058882253983734	0.5720940639372165	0.0	1.3591993292112468	0.0	0.28128417671728795	0.0	0.0	0.0	0.0	0.0	0.0	0.0	0.0	0.0	0.0	0.0	0.0	0.0	4.005090028302361	0.0	1.042265804502255	0.0	0.0	0.28128417671728795	0.0	0.5720940639372165	0.0	0.0	0.0	0.0	0.0	0.0	0.0	0.0	1.1925020479887225	0.45058882253983734	0.0	0.0	0.0	0.0	0.0	0.0	0.0	0.0	0.0	1.2171879222005402	0.45058882253983734	0.0	0.45058882253983734	0.0	0.5720940639372165	0.0	0.0	0.0	0.0	0.0	0.28128417671728795	0.0	0.0	0.0	0.0	0.0	1.0767583881283807	0.0	0.0	0.0	1.9142807290297583	0.28128417671728795	0.8106773530493709	0.0	3.029271838972675	0.28128417671728795	0.0	0.28128417671728795	0.28128417671728795	2.4924462755256083	0.0	0.0	0.0	0.28128417671728795	0.0	0.0	0.0	0.28128417671728795	2.633599414956996	1.1384747104496395	0.0	0.0	0.0	0.0	0.0	0.0	0.0	0.0	0.0	0.0	0.0	0.0	0.0	0.0	1.3039121740531316	0.0	0.8679223772364909	0.0	0.0	0.0	0.0	2.844984040981462	0.0	0.0	0.0	0.0	0.0	0.0	0.45058882253983734	0.0	0.0	0.0	0.0	0.0	0.0	0.0	0.0	0.0	0.0	0.0	0.0	0.28128417671728795	0.0	0.0	2.0206338054960047	0.0	0.0	0.0	0.0	0.0	0.5720940639372165	0.0	0.0	0.0	0.28128417671728795	0.0	0.0	1.3415409057389789	0.28128417671728795	0.0	0.0	0.0	0.0	0.28128417671728795	0.0	0.0	0.0	0.0	0.0	0.0	0.0	0.0	0.0	0.0	0.0	0.0	0.0	0.0	0.0	0.0	2.480833347880639	0.0	0.45058882253983734	0.0	0.0	0.28128417671728795	0.0	0.0	0.0	0.0	0.45058882253983734	0.0
SRR13358114	0.0	0.0	3.6563202282432883	0.0	0.0	0.0	0.0	0.0	0.5227993566000432	0.0	0.0	0.5227993566000432	0.8345357889297077	0.5227993566000432	0.0	0.0	0.0	0.0	0.3357310349956883	0.0	0.0	0.0	0.0	0.0	0.0	0.0	0.0	0.9029907488738391	0.0	4.159233172395042	0.3357310349956883	0.0	0.0	0.0	0.7532342667046268	0.0	0.0	0.0	0.0	0.0	0.0	0.0	0.6531243032346914	0.0	0.3357310349956883	0.0	0.3357310349956883	0.0	0.0	0.0	0.0	0.0	0.0	0.0	0.0	0.0	0.0	0.3357310349956883	0.0	0.0	1.4794176677911672	0.0	0.5227993566000432	0.0	0.0	0.0	0.0	0.0	0.0	0.0	1.9955229235268943	0.5227993566000432	0.0	0.0	0.0	0.0	0.0	0.0	0.6531243032346914	0.0	0.0	0.5227993566000432	0.0	0.0	0.0	0.0	0.0	0.0	0.0	0.0	0.0	0.0	0.0	1.7899388962682572	0.6531243032346914	0.8345357889297077	0.0	0.0	0.0	0.0	0.0	2.034649736475944	0.0	0.0	0.5227993566000432	1.8139138308045009	0.0	1.85114652950164	0.0	0.0	0.0	0.0	0.0	0.0	1.4064312118679108	0.0	0.0	0.0	0.3357310349956883	0.0	0.0	0.0	0.0	0.0	0.0	0.0	0.0	0.3357310349956883	0.0	0.0	0.0	0.0	0.0	0.0	0.3357310349956883	0.0	0.0	0.0	0.0	0.6531243032346914	0.0	0.3357310349956883	0.0	0.0	0.0	0.0	0.0	0.0	0.0	0.0	0.0	0.3357310349956883	0.0	0.3357310349956883	0.0	3.809704346530983	0.0	1.0141379993893134	0.0	0.0	0.0	0.0	0.3357310349956883	0.0	0.0	0.0	0.0	0.0	0.0	0.0	0.0	0.3357310349956883	0.0	0.0	0.0	0.0	0.0	0.3357310349956883	0.0	0.0	0.0	0.0	1.2670644429570717	0.7532342667046268	0.0	2.8701930799626174	0.0	0.7532342667046268	0.0	0.0	0.0	0.0	0.0	0.0	0.0	0.0	0.0	0.0	0.0	1.3860928501071779	0.0	0.3357310349956883	0.0	1.9047837830217744	0.6531243032346914	0.0	0.0	0.0	1.0605942870202807	0.0	0.6531243032346914	0.0	1.6449837749660103	0.0	0.0	0.0	0.8345357889297077	0.0	0.0	0.0	0.6531243032346914	3.1719541757397725	0.0	0.0	0.0	0.0	0.0	1.0141379993893134	0.0	0.0	0.0	0.0	0.0	0.0	0.0	0.0	0.3357310349956883	1.3860928501071779	0.0	1.2670644429570717	0.0	0.0	0.0	0.0	2.3169052308629126	0.0	0.0	0.0	0.0	0.0	0.0	0.8345357889297077	1.0141379993893134	0.0	0.0	0.0	0.0	0.0	0.3357310349956883	0.3357310349956883	0.0	0.0	0.3357310349956883	0.0	1.2936231077519853	0.0	0.0	1.2387752161563008	0.0	0.0	0.0	0.0	0.0	1.4064312118679108	0.0	0.0	0.5227993566000432	0.0	0.0	0.3357310349956883	2.4765253986960705	0.7532342667046268	0.0	0.0	0.0	0.0	0.0	0.0	0.0	0.0	0.0	0.0	0.0	0.0	0.0	0.0	0.9621103964531625	0.0	0.0	0.0	0.0	0.0	0.3357310349956883	2.321761603460219	0.0	0.9029907488738391	0.0	0.0	0.0	0.0	0.0	0.0	0.0	0.7532342667046268	0.0
SRR13358115	0.27381807526364005	0.0	3.0543927249482787	0.0	0.0	0.0	0.0	0.0	0.6545730002384343	0.0	0.6545730002384343	0.0	0.7973491588325456	0.0	0.0	0.0	0.0	0.0	0.0	0.0	0.0	0.0	0.0	0.0	0.0	0.0	0.0	0.6545730002384343	0.0	3.818304281388796	0.0	0.0	0.0	0.0	0.5605748074214079	0.0	0.0	0.0	0.0	0.0	0.0	0.0	0.44044613590909787	0.0	0.0	0.0	0.0	0.0	0.0	0.0	0.0	0.0	0.0	0.0	0.0	0.44044613590909787	0.27381807526364005	0.0	0.0	0.0	1.3264625262835286	0.0	0.0	0.0	0.0	0.0	0.0	0.0	0.0	0.0	2.3169228370912713	1.3264625262835286	0.0	0.0	0.0	0.0	0.0	0.0	0.0	0.0	0.0	0.5605748074214079	0.0	0.27381807526364005	0.0	0.0	0.0	0.0	0.0	0.0	0.0	0.0	0.0	0.7973491588325456	1.062294498716561	1.247778528287334	0.0	0.0	0.27381807526364005	0.0	0.0	1.123832583052932	0.0	0.0	0.0	1.4895367870320328	0.0	1.825359446730789	0.0	0.0	0.0	0.0	0.0	0.0	1.062294498716561	0.0	0.0	0.0	0.0	0.0	0.27381807526364005	0.27381807526364005	0.0	0.0	0.0	0.0	0.0	0.0	0.0	0.0	0.0	0.0	0.0	0.0	0.0	0.0	0.27381807526364005	0.27381807526364005	0.0	0.8542883166353934	0.0	0.27381807526364005	0.27381807526364005	0.0	0.0	0.0	0.0	0.0	0.0	0.0	0.0	0.0	0.0	0.0	0.0	4.268309260199152	0.0	0.9905740300113173	0.0	0.0	0.0	0.0	0.44044613590909787	0.0	0.0	0.0	0.0	0.0	0.0	0.0	0.0	0.7973491588325456	0.0	0.0	0.0	0.0	0.0	0.0	0.27381807526364005	0.0	0.0	0.0	1.6772608051026525	0.0	0.0	2.169423031066267	0.0	0.6545730002384343	0.0	0.27381807526364005	0.0	0.27381807526364005	0.27381807526364005	0.0	0.0	0.0	0.0	0.0	0.0	1.2688258145705347	0.0	0.0	0.0	2.247251168856871	0.0	0.0	0.27381807526364005	0.27381807526364005	0.7318021298850375	0.0	0.44044613590909787	0.8542883166353934	1.45077890114027	0.0	0.0	0.0	0.0	0.0	0.0	0.0	0.27381807526364005	2.9926402137057377	0.0	0.0	0.0	0.0	0.0	0.27381807526364005	0.0	0.0	0.0	0.0	0.0	0.0	0.0	0.0	0.27381807526364005	1.2889000578158745	0.0	0.8542883166353934	0.0	0.0	0.0	0.0	2.7554241308793297	0.0	0.0	0.0	0.0	0.0	0.0	0.0	0.27381807526364005	0.0	0.0	0.0	0.0	0.0	0.5605748074214079	0.0	0.0	0.0	0.0	0.27381807526364005	1.4082201629309516	0.0	0.0	2.63229932192919	0.0	0.0	0.0	0.0	0.0	0.5605748074214079	0.0	0.0	0.0	0.0	0.0	0.0	1.6351762899632485	0.5605748074214079	0.0	0.0	0.0	0.0	0.0	0.0	0.0	0.0	0.0	0.0	0.0	0.0	0.0	0.0	0.0	0.0	0.0	0.0	0.0	0.0	0.44044613590909787	0.44044613590909787	0.0	0.7318021298850375	0.0	0.0	0.44044613590909787	0.0	0.0	0.0	0.44044613590909787	0.0	0.0
SRR13358116	0.0	0.0	3.3148927357483338	0.0	0.0	0.0	0.0	0.0	0.324447495313142	0.0	0.5080721536137268	0.7358549276045938	0.5080721536137268	3.013605729792601	0.0	0.0	0.0	0.324447495313142	0.0	0.0	0.0	0.0	0.0	0.0	0.0	0.0	0.0	0.8165070969659444	0.0	3.9617693780791208	0.0	0.0	0.0	0.0	3.0696706506332765	0.324447495313142	0.0	0.0	0.0	0.0	0.0	0.0	0.8165070969659444	0.0	0.0	0.324447495313142	0.5080721536137268	0.0	0.0	0.324447495313142	0.0	0.0	0.0	0.0	0.0	0.0	0.0	0.0	0.324447495313142	0.0	1.298495757390845	0.0	0.324447495313142	0.0	0.0	0.0	0.324447495313142	0.0	0.0	0.0	1.896284419154846	1.4912447517034808	0.0	0.0	0.0	1.743739375230041	0.324447495313142	0.0	0.0	0.324447495313142	0.324447495313142	0.5080721536137268	0.0	0.324447495313142	0.0	0.0	0.324447495313142	0.324447495313142	0.0	0.0	0.0	0.0	0.0	1.8157537913195645	1.0830731267068519	0.9950388778402031	0.0	0.0	0.5080721536137268	0.0	0.0	2.2126591860540565	0.6367291461530552	0.0	0.884501504296892	1.9846576779526766	0.0	0.7358549276045938	0.324447495313142	0.0	0.0	0.0	0.0	0.0	1.0412828313257487	0.5080721536137268	0.324447495313142	0.0	0.0	0.0	0.0	0.0	0.0	0.0	0.0	0.0	0.0	0.7358549276045938	0.0	0.0	0.0	0.0	0.324447495313142	0.0	0.324447495313142	0.0	0.0	0.0	0.0	0.7358549276045938	0.0	0.5080721536137268	0.324447495313142	0.0	0.0	0.0	0.0	0.0	0.0	0.0	0.0	0.0	0.0	0.0	0.0	4.006483062792821	0.0	1.121192751600379	0.0	0.0	0.0	0.0	0.884501504296892	0.0	0.0	0.0	0.0	0.0	0.0	0.0	0.0	0.324447495313142	0.0	0.0	0.0	0.0	0.0	0.0	0.0	0.0	0.0	0.0	1.6126659637108567	0.6367291461530552	0.0	2.692922039878517	0.0	0.324447495313142	0.0	0.0	0.0	0.0	0.324447495313142	0.0	0.0	0.0	0.0	0.0	0.0	1.298495757390845	0.0	0.0	0.0	2.817150823874312	1.1562347919565064	0.324447495313142	0.0	0.7358549276045938	1.1562347919565064	0.0	0.5080721536137268	0.8165070969659444	1.7930504035268557	0.0	0.324447495313142	0.0	0.7358549276045938	0.0	0.0	0.0	0.5080721536137268	2.779556001551855	0.0	0.0	0.0	0.0	0.0	0.6367291461530552	0.0	0.0	0.0	0.0	0.0	0.0	0.0	0.0	0.324447495313142	1.3657881402887935	0.0	1.6573626172729499	0.0	0.0	0.0	0.0	3.0012764233091094	0.0	0.0	0.0	0.0	0.0	0.0	0.0	0.8165070969659444	0.0	0.0	0.0	0.0	0.0	0.5080721536137268	0.0	0.0	0.0	0.0	0.324447495313142	0.5080721536137268	0.0	0.0	3.0757910222142852	0.0	0.0	0.0	0.0	0.0	0.324447495313142	0.0	0.0	0.324447495313142	0.0	0.324447495313142	0.0	2.200669639781059	0.5080721536137268	0.0	0.0	0.0	0.324447495313142	0.0	0.0	0.0	0.0	0.0	0.0	0.0	0.0	0.0	0.0	0.8165070969659444	0.0	0.0	0.0	0.0	0.0	0.0	2.8127184571462713	0.324447495313142	1.121192751600379	0.0	0.0	0.0	0.0	0.0	0.0	0.5080721536137268	1.0412828313257487	0.0
SRR13358117	0.0	0.0	3.1940310079721534	0.0	0.0	0.0	0.0	0.0	0.8687750481180083	0.0	0.5510703271397588	0.35763846573282043	1.0971184606380084	2.3541204352328053	0.0	0.0	0.0	0.0	0.0	0.0	0.0	0.0	0.0	0.0	0.0	0.0	0.0	0.5510703271397588	0.0	3.8546203063092417	2.0788023185725817	0.0	0.0	0.35763846573282043	3.460940624949643	0.684426449695514	0.0	0.0	0.0	0.0	0.0	0.0	0.5510703271397588	0.0	0.0	0.0	0.35763846573282043	0.0	0.0	0.0	0.0	0.0	0.0	0.0	0.0	0.35763846573282043	0.0	0.35763846573282043	0.0	0.0	1.1393893039755283	0.0	0.0	0.0	0.0	0.35763846573282043	0.0	0.0	0.0	0.0	2.1814332663099574	0.9977843165516531	0.0	0.0	0.0	0.8687750481180083	0.0	0.0	0.5510703271397588	0.0	0.0	0.9977843165516531	0.0	0.35763846573282043	0.0	0.0	0.684426449695514	0.35763846573282043	0.0	0.0	0.0	0.0	0.0	1.9687070817425236	1.0502852486256573	1.8037559894904434	0.0	0.0	0.35763846573282043	0.0	0.0	1.757787329945515	0.35763846573282043	0.0	0.0	2.1228047746088383	0.0	1.518001881485011	0.0	0.0	0.0	0.0	0.0	0.0	1.1393893039755283	0.5510703271397588	0.35763846573282043	0.0	0.35763846573282043	0.0	0.0	0.0	0.0	0.0	0.0	0.0	0.0	0.0	0.0	0.35763846573282043	0.0	0.35763846573282043	0.0	0.0	0.0	0.0	0.35763846573282043	0.0	0.0	0.9380525255143028	0.0	0.35763846573282043	0.35763846573282043	0.0	0.0	0.0	0.0	0.0	0.0	0.0	0.0	0.0	0.0	0.5510703271397588	0.0	3.956149359686936	0.0	1.4243734305548255	0.0	0.0	0.35763846573282043	0.0	0.0	0.0	0.0	0.0	0.0	0.0	0.35763846573282043	0.0	0.0	0.5510703271397588	0.0	0.0	0.0	0.0	0.0	0.35763846573282043	0.0	0.0	0.0	0.0	1.2132875259305056	0.5510703271397588	0.0	2.968086182243239	0.0	0.684426449695514	0.0	0.0	0.0	0.0	0.0	0.0	0.0	0.0	0.0	0.0	0.0	1.2460004639583278	0.0	0.0	0.0	2.6249091112713914	0.5510703271397588	0.0	0.0	0.5510703271397588	0.8687750481180083	0.0	0.35763846573282043	1.1779083093696983	2.0969417062287903	0.0	0.0	0.0	0.5510703271397588	0.35763846573282043	0.0	0.0	0.7863096820340151	2.7265910630098373	0.0	0.0	0.35763846573282043	0.0	0.0	0.8687750481180083	0.0	0.0	0.35763846573282043	0.0	0.0	0.0	0.0	0.0	0.35763846573282043	1.1779083093696983	0.0	2.4325713562209033	0.0	0.0	0.0	0.35763846573282043	3.6024734511675733	0.0	0.0	0.0	0.0	0.35763846573282043	0.0	0.35763846573282043	0.7863096820340151	0.0	0.0	0.0	0.0	0.0	0.35763846573282043	0.35763846573282043	0.0	0.0	0.0	0.35763846573282043	1.1779083093696983	0.0	0.0	2.466104132595596	0.0	0.0	0.0	0.0	0.0	1.3566674029313606	0.0	0.0	0.35763846573282043	0.0	0.35763846573282043	0.0	2.3340085444545053	0.684426449695514	0.0	0.0	0.0	0.0	0.0	0.35763846573282043	0.0	0.0	0.5510703271397588	0.0	0.0	0.0	0.0	0.0	0.5510703271397588	0.0	0.0	0.0	0.0	0.0	0.5510703271397588	2.785911866041019	0.0	0.7863096820340151	0.0	0.0	0.0	0.0	0.0	0.0	0.35763846573282043	0.684426449695514	0.0
SRR13358121	0.4875707300820903	0.0	0.5756585080791656	0.0	0.0	0.0	0.0	0.0	0.4875707300820903	0.0	0.0	0.0	0.4875707300820903	0.0	0.0	0.0	0.3769487837091595	0.0	0.7114795392892228	0.0	0.0	0.0	0.0	0.0	0.0	0.22814855653673458	0.0	2.600249645241636	0.0	1.1906511278995795	0.0	0.0	0.0	0.0	0.4875707300820903	0.0	0.0	0.0	0.0	0.0	0.0	0.0	0.999271968817276	0.0	0.0	0.0	0.22814855653673458	0.0	0.0	0.0	0.0	0.0	0.0	0.0	0.0	1.10541914656322	0.0	0.0	0.0	0.0	0.0	0.22814855653673458	0.0	0.0	0.0	0.22814855653673458	0.0	0.0	0.0	0.0	1.2095799911903895	0.7114795392892228	0.0	0.7661997293299935	0.0	0.22814855653673458	0.22814855653673458	0.0	0.0	0.0	0.0	0.0	0.0	0.0	0.0	0.0	0.22814855653673458	0.0	0.0	0.0	0.8981870632721204	0.0	0.0	0.0	0.0	0.22814855653673458	0.0	0.0	0.0	0.0	0.6488571007556381	0.999271968817276	1.8370824457001025	0.0	0.22814855653673458	0.8584874750349742	0.0	0.0	0.0	0.0	0.0	0.0	0.0	0.0	0.0	0.0	0.0	0.0	0.4875707300820903	0.0	0.0	0.8147904013888292	0.0	0.0	0.3769487837091595	0.0	0.0	0.0	0.0	0.4875707300820903	0.0	0.0	0.0	0.4875707300820903	0.22814855653673458	0.0	0.0	0.0	0.0	0.22814855653673458	0.0	0.0	0.3769487837091595	0.0	0.0	0.0	0.0	0.0	0.0	0.0	0.0	0.22814855653673458	0.0	0.0	0.0	1.6811445086472219	0.0	4.1239760978109015	0.0	0.0	0.0	0.0	1.1501226788131722	0.0	0.0	1.7171329261424475	0.0	0.0	0.0	0.0	0.0	0.0	0.0	0.0	0.22814855653673458	0.0	0.0	0.0	0.22814855653673458	0.0	0.0	0.0	0.0	0.8584874750349742	0.0	0.3769487837091595	0.22814855653673458	1.5064491135168263	0.0	0.0	0.0	1.0555804852837358	0.0	0.0	0.0	0.0	0.0	0.0	0.0	0.4875707300820903	0.0	0.0	0.0	1.3370712798302393	0.0	1.6811445086472219	0.0	0.0	0.0	0.0	0.3769487837091595	0.3769487837091595	0.8981870632721204	0.0	0.0	0.0	0.7114795392892228	0.0	0.0	0.0	0.22814855653673458	0.5756585080791656	0.0	0.0	0.0	0.0	0.0	0.0	0.0	0.0	0.0	0.0	0.0	0.5756585080791656	0.0	0.0	0.0	0.0	0.0	0.4875707300820903	0.22814855653673458	0.0	0.0	0.0	0.999271968817276	0.0	0.0	0.0	0.0	0.0	0.0	0.5756585080791656	0.0	0.0	0.0	0.0	0.0	0.5756585080791656	0.22814855653673458	0.0	0.0	0.9681200086177257	0.0	0.22814855653673458	1.2095799911903895	0.0	0.0	2.1944569936632976	0.0	0.0	0.0	0.0	0.0	0.22814855653673458	0.0	0.0	0.0	0.0	0.0	0.0	0.4875707300820903	0.0	0.0	0.22814855653673458	0.0	0.8584874750349742	0.0	0.0	0.0	0.0	0.0	0.0	0.0	0.0	0.0	0.0	0.0	0.0	0.0	0.0	0.0	0.0	0.0	4.172865826407726	0.0	0.22814855653673458	0.0	0.0	0.0	0.0	0.0	0.0	0.22814855653673458	0.22814855653673458	0.0
SRR13358123	0.5627695185531743	0.5627695185531743	0.7998928148440256	0.0	0.0	0.0	0.0	0.0	0.5627695185531743	0.0	0.0	1.2285042804065116	1.1544252221019686	0.0	0.0	0.0	0.5627695185531743	0.0	0.0	0.0	0.0	0.0	0.0	0.5627695185531743	0.0	0.0	0.0	3.7022846767687656	0.0	2.7343338323488666	0.5627695185531743	0.0	0.0	0.0	1.065057830838768	0.0	0.0	0.0	0.5627695185531743	0.0	0.0	0.0	0.9524061328185035	0.0	0.0	0.0	0.5627695185531743	0.0	0.0	0.0	0.0	0.0	0.0	0.0	0.0	0.9524061328185035	0.0	0.0	0.5627695185531743	0.0	1.6881718806991124	0.0	0.5627695185531743	0.0	0.0	0.0	0.0	0.0	0.5627695185531743	0.0	3.0402483486546306	1.479921949338633	0.0	0.0	0.0	0.5627695185531743	0.0	0.0	0.0	0.0	0.0	0.5627695185531743	0.0	0.0	0.0	0.0	0.0	1.291769598676983	0.0	0.0	0.7998928148440256	0.0	0.0	1.3469798164644138	1.1544252221019686	0.7998928148440256	0.0	0.0	0.0	0.0	0.0	2.474578878652721	1.1544252221019686	0.0	0.5627695185531743	2.5923313504325822	0.0	1.9205107531270313	0.0	0.0	0.0	0.0	0.5627695185531743	0.5627695185531743	0.5627695185531743	0.0	0.0	0.0	2.7343338323488666	0.0	0.0	0.0	0.0	0.0	0.0	0.0	0.0	0.0	0.0	0.0	0.0	0.0	0.0	0.0	0.5627695185531743	0.0	0.0	0.7998928148440256	0.0	0.7998928148440256	0.0	0.0	0.0	0.0	0.0	0.0	0.0	0.5627695185531743	0.0	0.0	0.0	0.0	0.0	0.5627695185531743	0.0	4.2690857120640535	0.0	1.291769598676983	0.0	0.0	0.0	0.0	0.5627695185531743	0.0	0.0	0.7998928148440256	0.0	0.0	0.0	0.0	0.0	0.7998928148440256	0.0	0.0	0.0	0.0	0.0	0.0	0.5627695185531743	0.0	0.0	0.0	1.3469798164644138	1.4399652302599137	0.0	1.291769598676983	0.0	1.065057830838768	0.0	0.0	0.5627695185531743	0.0	0.0	0.5627695185531743	0.0	0.0	0.0	0.0	0.0	0.5627695185531743	0.0	0.0	0.0	1.4399652302599137	1.2285042804065116	1.291769598676983	0.0	0.9524061328185035	1.395956385926087	0.0	0.5627695185531743	1.1544252221019686	2.007970891293339	0.0	0.0	0.0	0.7998928148440256	0.0	0.0	0.0	0.7998928148440256	1.7737000203512965	0.0	0.0	0.0	0.0	0.0	0.9524061328185035	0.0	0.0	0.0	0.0	0.0	0.0	0.0	0.0	0.0	1.2285042804065116	0.0	1.753844723776391	0.0	0.0	0.0	0.0	2.511601313883063	0.0	0.0	0.0	0.0	0.0	0.0	2.740662406394045	1.3469798164644138	0.0	0.0	0.0	0.0	0.0	0.7998928148440256	0.0	0.0	0.0	0.0	0.0	0.5627695185531743	0.0	0.0	1.7926871108427225	0.0	0.0	0.0	0.0	0.0	1.9064441202656177	0.0	0.0	0.9524061328185035	0.0	0.0	0.0	1.9726206678628198	0.7998928148440256	0.0	0.0	0.0	2.3235957859436978	0.0	0.0	0.0	0.0	0.0	0.0	0.0	0.0	0.0	0.0	0.7998928148440256	0.0	0.0	0.0	0.0	0.0	0.0	2.719198340154188	0.5627695185531743	1.291769598676983	0.0	0.0	0.0	0.0	0.0	0.0	0.0	1.065057830838768	0.0
SRR13358124	1.4306218001589268	0.0	0.893760472178714	0.0	0.0	0.0	0.0	0.0	0.5719405525715733	0.0	0.5719405525715733	2.0883968921414713	2.623621974441532	1.3322350055674188	0.0	0.0	0.37401388655148093	0.0	0.5719405525715733	0.0	1.3322350055674188	0.0	0.0	0.37401388655148093	0.0	0.37401388655148093	0.0	1.6504226509458442	0.0	1.7662031203966353	0.0	0.0	0.0	0.0	0.8105000977969874	0.0	0.0	0.0	0.0	0.0	0.0	0.37401388655148093	1.4920881463782	0.0	0.37401388655148093	0.0	1.2048237519416396	0.0	0.0	0.0	0.0	0.0	0.0	0.0	0.0	0.893760472178714	1.0765662756823464	0.0	1.2048237519416396	0.0	0.9635976446649197	0.0	0.37401388655148093	0.0	0.0	0.7073986424608452	0.0	0.0	0.0	0.37401388655148093	1.795670050882686	1.0237448244233613	0.0	0.0	0.37401388655148093	1.3589988133381714	1.0237448244233613	0.0	0.0	0.7073986424608452	0.0	0.0	0.0	0.37401388655148093	0.0	0.0	0.0	0.893760472178714	0.0	0.0	0.9635976446649197	0.0	0.0	0.0	0.0	0.0	0.0	0.0	0.0	0.0	0.0	3.9150263822259603	0.37401388655148093	0.0	2.5566121590401782	2.882652817842467	0.7073986424608452	0.893760472178714	0.0	0.0	0.0	0.0	0.5719405525715733	0.37401388655148093	0.37401388655148093	0.7073986424608452	0.0	0.0	1.745385669162388	0.0	0.0	0.7073986424608452	0.0	0.0	0.0	0.0	0.0	1.8656827675300771	0.0	0.37401388655148093	0.0	0.0	0.7073986424608452	0.0	1.3322350055674188	0.0	1.2048237519416396	0.0	0.0	0.0	0.0	0.0	0.0	0.0	0.0	0.0	0.37401388655148093	0.7073986424608452	0.0	0.0	0.37401388655148093	0.0	0.0	1.7860681864950831	0.0	4.068821697151762	0.0	1.0765662756823464	0.7073986424608452	0.0	0.0	0.0	0.0	0.0	0.0	0.37401388655148093	0.5719405525715733	0.0	0.0	0.0	0.0	0.9635976446649197	0.0	0.0	0.0	0.0	0.0	0.0	0.37401388655148093	0.0	0.0	0.0	2.026049436464402	1.795670050882686	0.37401388655148093	0.5719405525715733	0.7073986424608452	0.5719405525715733	0.0	0.0	0.0	0.893760472178714	0.0	0.0	0.0	0.0	0.37401388655148093	0.37401388655148093	1.1236543069370324	0.8105000977969874	0.0	0.0	1.3589988133381714	1.0237448244233613	1.3589988133381714	0.37401388655148093	0.0	1.6230409907366885	2.5775087074607423	0.0	0.0	0.9635976446649197	1.5459238926906829	0.0	1.3322350055674188	0.0	2.047841702499598	0.0	0.0	0.0	0.0	1.3589988133381714	0.0	0.0	0.0	0.0	0.0	1.9465686950032588	0.0	0.0	0.0	0.0	0.37401388655148093	0.0	0.0	0.8105000977969874	0.9635976446649197	1.528709633452695	0.0	0.8105000977969874	0.0	0.0	0.0	0.0	1.5107847848030371	0.0	0.0	0.0	0.0	0.0	0.0	0.5719405525715733	2.4358970169084726	0.0	0.0	0.37401388655148093	0.0	0.0	0.37401388655148093	0.0	0.0	0.0	0.37401388655148093	0.0	1.1236543069370324	0.0	0.0	1.7345903788232238	0.0	0.0	0.0	0.0	0.0	0.37401388655148093	0.0	0.0	1.9597837972161525	0.0	0.7073986424608452	0.0	0.37401388655148093	0.0	0.0	0.0	0.0	0.0	0.0	0.37401388655148093	0.0	0.0	0.0	0.0	0.0	0.0	0.0	0.0	2.3522273682225956	0.0	0.0	0.0	0.0	0.0	0.37401388655148093	3.6317881678530872	0.0	2.582191474918446	0.0	0.0	0.0	0.37401388655148093	0.0	0.0	1.1236543069370324	2.740465431617699	0.0
SRR13358125	0.0	0.4109384301368738	0.4109384301368738	0.0	0.0	0.0	0.0	0.0	1.1337830507330795	0.0	0.0	0.6182481271204895	0.4109384301368738	0.0	0.0	0.0	0.0	0.0	0.0	0.0	0.0	0.0	0.0	0.0	0.0	0.0	0.0	1.362923013678142	0.0	1.7731306312408084	0.0	0.0	0.0	0.0	1.4439080958388184	0.0	0.0	0.0	0.0	0.0	0.0	0.0	0.0	0.0	0.0	0.0	0.4109384301368738	0.0	0.0	0.0	0.0	0.0	0.0	0.0	0.0	1.1337830507330795	0.0	0.0	0.0	0.0	1.1813748525976977	0.0	0.0	0.0	0.0	0.0	0.4109384301368738	0.0	0.0	0.0	2.2374914519393636	0.0	0.0	0.0	0.0	0.0	0.0	0.0	0.0	0.0	0.0	0.0	0.0	0.0	0.0	0.0	0.0	0.4109384301368738	0.0	0.0	0.0	0.0	0.0	0.0	0.4109384301368738	0.4109384301368738	0.0	0.0	0.0	0.0	0.0	3.548108879894741	0.4109384301368738	0.0	2.927222689562581	3.4993625797577343	0.4109384301368738	0.6182481271204895	0.0	0.0	0.0	0.0	0.0	0.0	0.0	0.0	0.0	0.0	0.7579929869511972	0.0	0.0	0.0	0.0	0.0	0.0	0.0	0.0	0.0	0.0	0.0	0.0	0.0	0.0	0.0	0.6182481271204895	0.0	0.0	0.0	0.0	0.4109384301368738	0.0	0.0	0.0	0.0	0.0	0.0	0.0	0.0	0.0	0.0	0.0	0.0	0.0	0.0	0.4109384301368738	4.2337190565709815	0.0	2.2826009719997886	0.0	0.0	0.0	0.0	0.4109384301368738	0.0	0.0	0.6182481271204895	0.0	0.0	0.0	0.0	0.0	0.0	0.0	0.0	0.0	0.0	0.0	0.0	0.0	0.0	0.0	0.0	0.4109384301368738	1.571091142455537	0.0	0.0	0.0	0.4109384301368738	0.0	0.0	0.0	0.4109384301368738	0.0	0.0	0.0	0.0	0.0	0.0	0.0	0.0	0.0	0.0	0.0	0.9484021909920914	0.0	0.6182481271204895	0.0	0.4109384301368738	2.24143478782077	0.0	0.0	0.7579929869511972	3.4812148662339704	0.0	0.0	0.0	0.0	0.0	0.0	0.0	0.0	0.6182481271204895	0.0	0.0	0.0	0.0	0.0	0.7579929869511972	0.0	0.0	0.4109384301368738	0.0	0.0	0.0	0.0	0.0	0.0	0.4109384301368738	0.0	0.6182481271204895	0.0	0.0	0.0	0.0	1.8064393706883686	0.0	0.0	0.0	0.0	0.0	0.0	0.4109384301368738	0.0	0.0	0.0	0.0	0.0	0.0	0.0	0.0	0.0	0.4109384301368738	0.0	0.0	0.4109384301368738	0.0	0.0	1.8933280329805888	0.0	0.0	0.0	0.0	0.4109384301368738	0.0	0.0	0.0	0.0	0.0	0.0	0.0	1.0803266902521274	0.0	0.0	0.0	0.0	0.4109384301368738	0.0	0.0	0.0	0.0	0.0	0.0	0.0	0.0	0.0	0.0	0.4109384301368738	0.0	0.0	0.0	0.0	0.0	0.0	2.596584984202227	0.0	0.8635502847812584	0.0	0.0	0.0	0.0	0.0	0.0	0.0	2.303512273201118	0.0
SRR13358126	0.0	0.0	2.5856068487194523	0.0	0.0	0.0	0.0	0.0	3.261409288197792	0.0	0.0	0.0	0.0	0.0	0.0	0.0	0.0	0.0	0.0	0.0	0.0	0.0	0.0	0.0	0.0	0.0	0.0	2.161513491727226	0.0	3.304852325258109	0.0	0.0	0.0	0.0	3.4374212435590685	0.0	0.0	0.0	0.0	0.0	0.0	0.0	3.7987280711034446	0.0	0.0	0.0	1.6903395903989034	0.0	0.0	0.0	0.0	0.0	0.0	0.0	0.0	3.283673788277916	0.0	0.0	0.0	0.0	0.0	0.0	0.0	0.0	0.0	0.0	0.0	0.0	0.0	0.0	2.285703049735056	0.0	0.0	1.6903395903989034	0.0	0.0	0.0	0.0	0.0	0.0	0.0	0.0	0.0	0.0	0.0	0.0	0.0	0.0	0.0	0.0	0.0	0.0	0.0	0.0	0.0	2.285703049735056	0.0	0.0	0.0	0.0	0.0	2.285703049735056	0.0	0.0	0.0	1.986916723878052	0.0	1.6903395903989034	0.0	0.0	0.0	0.0	0.0	0.0	0.0	0.0	0.0	0.0	1.986916723878052	0.0	0.0	0.0	0.0	0.0	0.0	0.0	0.0	0.0	0.0	0.0	0.0	0.0	0.0	0.0	2.161513491727226	0.0	0.0	0.0	0.0	2.161513491727226	0.0	0.0	0.0	0.0	0.0	0.0	0.0	0.0	0.0	0.0	0.0	0.0	0.0	0.0	0.0	3.0040375207340007	0.0	3.096708820765891	0.0	0.0	0.0	0.0	2.682291271517538	0.0	0.0	0.0	0.0	0.0	0.0	0.0	0.0	1.986916723878052	0.0	0.0	0.0	0.0	0.0	0.0	1.6903395903989034	0.0	0.0	0.0	1.6903395903989034	0.0	0.0	1.6903395903989034	0.0	0.0	0.0	0.0	0.0	0.0	0.0	0.0	0.0	0.0	0.0	0.0	0.0	0.0	0.0	0.0	0.0	2.285703049735056	0.0	1.986916723878052	0.0	2.285703049735056	0.0	0.0	0.0	0.0	1.986916723878052	0.0	0.0	0.0	0.0	0.0	1.6903395903989034	0.0	0.0	2.8860726489923576	0.0	0.0	0.0	0.0	0.0	1.6903395903989034	0.0	0.0	0.0	0.0	0.0	0.0	0.0	0.0	0.0	1.6903395903989034	0.0	2.382162934460087	0.0	0.0	0.0	0.0	2.723601894810373	0.0	0.0	0.0	0.0	0.0	0.0	0.0	0.0	0.0	0.0	0.0	0.0	0.0	0.0	0.0	0.0	0.0	0.0	0.0	2.285703049735056	0.0	0.0	3.8337397721772946	0.0	0.0	0.0	0.0	0.0	1.986916723878052	0.0	0.0	0.0	0.0	0.0	0.0	2.161513491727226	0.0	0.0	0.0	0.0	0.0	0.0	0.0	0.0	0.0	0.0	0.0	0.0	0.0	0.0	0.0	1.6903395903989034	0.0	0.0	0.0	0.0	0.0	0.0	2.285703049735056	0.0	0.0	0.0	0.0	0.0	0.0	0.0	0.0	0.0	0.0	0.0
SRR13358130	0.5443531810824511	0.0	0.0	0.0	0.0	0.0	0.0	0.0	0.9297711262444777	0.0	0.0	1.130703354245433	0.5443531810824511	0.0	0.0	0.0	0.0	0.0	0.5443531810824511	0.0	0.0	0.0	0.0	0.0	0.0	0.0	0.0	1.130703354245433	0.0	3.946286015189157	0.7784838917091466	0.0	0.0	0.0	3.017849485295383	0.0	0.0	0.0	0.0	0.0	0.0	0.0	0.5443531810824511	0.0	0.5443531810824511	0.0	0.0	0.0	0.0	0.0	0.0	0.0	0.0	0.0	0.0	0.7784838917091466	0.0	0.5443531810824511	0.0	0.0	1.0417555539742398	0.0	0.0	0.0	0.0	0.5443531810824511	0.5443531810824511	0.0	0.0	0.0	2.264033033465063	0.5443531810824511	0.0	0.0	0.0	0.0	0.0	0.0	0.0	0.0	0.0	0.0	0.0	0.0	0.0	0.0	0.5443531810824511	0.0	0.0	0.0	0.5443531810824511	0.0	0.0	0.9297711262444777	0.9297711262444777	0.0	0.0	0.0	0.0	0.0	0.0	2.2004258885037413	1.130703354245433	0.0	0.0	1.803166581507819	0.0	0.9297711262444777	0.0	0.0	0.0	0.0	0.0	0.0	0.0	0.0	0.0	0.0	0.5443531810824511	0.0	0.0	0.0	0.0	0.0	0.0	0.0	0.0	0.0	0.0	0.0	0.0	0.0	0.0	0.0	0.9297711262444777	0.0	0.0	0.5443531810824511	0.0	0.7784838917091466	0.0	0.9297711262444777	0.5443531810824511	0.0	0.0	0.0	0.0	0.0	0.0	0.0	0.0	0.0	0.0	0.0	0.0	4.185757085669997	0.0	1.4153571422786544	0.0	0.0	0.0	0.0	0.5443531810824511	0.0	0.0	0.0	0.0	0.0	0.0	0.0	0.0	0.9297711262444777	0.0	0.0	0.5443531810824511	0.0	0.0	0.0	0.5443531810824511	0.0	0.0	0.0	1.0417555539742398	0.0	0.0	0.9297711262444777	0.0	0.9297711262444777	0.0	0.0	0.0	0.0	0.0	0.0	0.0	0.0	0.0	0.0	0.0	1.785722433732381	0.0	0.0	0.0	1.2675493017240036	0.5443531810824511	0.0	0.0	1.2044941862384984	1.2044941862384984	0.0	0.0	0.5443531810824511	1.8516518686165246	0.0	0.0	0.0	0.0	0.0	0.0	0.0	0.0	1.371450024130655	0.0	0.0	0.0	0.0	0.0	0.0	0.0	0.0	0.0	0.0	0.0	0.0	0.0	0.0	0.0	1.0417555539742398	0.0	1.908879232499821	0.0	0.0	0.0	0.0	2.149615422201065	0.0	0.0	0.0	0.0	0.0	0.0	0.0	0.9297711262444777	0.0	0.0	0.0	0.0	0.0	0.0	0.0	0.0	0.0	0.0	0.0	1.0417555539742398	0.0	0.0	1.6861326516620065	0.0	0.5443531810824511	0.0	0.0	0.0	0.5443531810824511	0.0	0.0	0.0	0.0	0.0	0.0	3.3566160975734265	0.5443531810824511	0.0	0.0	0.0	0.0	0.0	0.0	0.0	0.0	0.0	0.0	0.0	0.0	0.0	0.0	0.7784838917091466	0.0	0.0	0.0	0.0	0.0	0.5443531810824511	2.784659065955411	0.0	1.2044941862384984	0.0	0.0	0.0	0.0	0.0	0.0	0.0	0.9297711262444777	0.0
SRR13358131	0.38246982144806263	0.38246982144806263	0.8228252722940418	0.0	0.0	0.0	0.0	0.0	0.8228252722940418	0.0	0.0	0.38246982144806263	0.8228252722940418	0.0	0.0	0.0	0.0	0.0	0.0	0.0	0.0	0.0	0.0	0.0	0.0	0.5826345923658323	0.0	1.218473867993287	0.0	4.024515590863395	0.38246982144806263	0.0	0.0	0.0	2.9407759216110443	0.0	0.0	0.0	0.0	0.0	0.0	0.0	0.7191274898399183	0.0	0.0	0.0	0.5826345923658323	0.0	0.0	0.0	0.0	0.0	0.0	0.0	0.0	0.38246982144806263	0.38246982144806263	0.0	0.0	0.0	1.1371205982003603	0.0	0.0	0.0	0.0	0.0	0.0	0.0	0.0	0.0	2.2728896909170455	0.5826345923658323	0.0	0.0	0.0	0.0	0.0	0.0	0.7191274898399183	0.0	0.38246982144806263	0.0	0.0	0.38246982144806263	0.0	0.0	0.0	0.0	0.0	0.0	0.0	0.0	0.38246982144806263	0.9765830370281443	1.2540684840249525	1.0369320448556636	0.0	0.0	0.0	0.0	0.0	1.855068844307656	0.5826345923658323	0.0	0.0	2.353319281351771	0.0	0.0	0.0	0.0	0.0	0.0	0.0	0.0	0.38246982144806263	0.38246982144806263	0.0	0.0	0.5826345923658323	0.0	0.0	0.0	0.0	0.0	0.38246982144806263	0.0	0.0	0.0	0.0	0.0	0.0	0.0	0.0	0.0	0.0	0.0	0.0	0.0	0.0	0.5826345923658323	0.0	0.0	0.0	0.0	0.0	0.0	0.0	0.0	0.0	0.0	0.0	0.0	0.0	0.38246982144806263	0.0	4.089846702925148	0.0	2.692454583672134	0.0	0.0	0.0	0.0	0.8228252722940418	0.0	0.0	0.0	0.0	0.0	0.0	0.0	0.0	0.5826345923658323	0.0	0.0	0.0	0.0	0.0	0.38246982144806263	0.0	0.0	0.0	0.0	0.38246982144806263	0.0	0.0	0.8228252722940418	0.0	0.38246982144806263	0.0	0.0	0.0	0.0	0.0	0.0	0.0	0.0	0.0	0.0	0.0	2.205783584478415	0.0	0.0	0.0	1.317545095906047	0.0	0.0	0.0	0.7191274898399183	0.38246982144806263	0.0	0.38246982144806263	1.2869654792270993	2.864915636101487	0.0	0.0	0.0	0.5826345923658323	0.0	0.0	0.0	0.0	1.218473867993287	0.0	0.0	0.0	0.0	0.0	0.5826345923658323	0.0	0.0	0.0	0.0	0.0	0.0	0.0	0.0	0.0	1.0899090333063157	0.0	3.0918558029555783	0.0	0.0	0.0	0.0	2.9315384091580348	0.0	0.0	0.0	0.0	0.0	0.0	0.0	0.0	0.0	0.0	0.0	0.0	0.0	0.38246982144806263	0.0	0.0	0.0	0.0	0.38246982144806263	1.8464186450173876	0.0	0.0	1.8193836031201673	0.0	0.0	0.0	0.0	0.0	0.0	0.0	0.0	0.5826345923658323	0.0	0.0	0.0	3.0577844419905427	0.0	0.0	0.0	0.0	0.38246982144806263	0.0	0.0	0.0	0.0	0.0	0.0	0.0	0.0	0.0	0.0	0.7191274898399183	0.0	0.0	0.0	0.0	0.0	0.0	1.3729160910170437	0.0	0.9765830370281443	0.0	0.0	0.38246982144806263	0.0	0.0	0.0	0.0	0.38246982144806263	0.0
SRR13358133	0.2506718811656902	0.0	0.4085901946837074	0.0	0.0	0.0	0.0	0.0	0.9818801537608176	0.0	0.524149101433399	1.0768026679229146	3.416712066058761	0.4085901946837074	0.0	0.0	0.4085901946837074	0.0	0.0	0.0	0.0	0.0	0.0	0.0	0.0	0.0	0.0	1.328519226291206	0.0	3.761799974392896	0.2506718811656902	0.0	0.0	0.0	0.6906534660340763	0.0	0.0	0.0	0.0	0.0	0.0	0.0	0.2506718811656902	0.0	0.2506718811656902	0.0	0.615332409955328	0.0	0.0	0.0	0.0	0.0	0.0	0.0	0.0	0.615332409955328	0.0	0.0	0.0	0.0	1.0474082300834149	0.0	0.0	0.0	0.0	0.0	0.0	0.0	0.0	0.0	2.162836249325623	0.2506718811656902	0.0	0.4085901946837074	0.0	0.0	0.2506718811656902	0.0	1.1777842428389	0.0	0.0	0.0	0.0	0.0	0.0	0.0	0.0	0.0	0.0	0.0	0.2506718811656902	0.0	0.4085901946837074	0.4085901946837074	0.2506718811656902	0.2506718811656902	0.0	0.0	0.0	0.0	0.0	2.6517931506951933	0.9818801537608176	0.0	0.860233835514818	2.97912880976208	0.0	0.8107182092848761	0.0	0.0	0.0	0.0	0.4085901946837074	0.0	0.4085901946837074	0.4085901946837074	0.0	0.0	0.2506718811656902	0.0	0.0	0.4085901946837074	0.0	0.0	0.0	0.0	0.0	0.9046773524183249	0.0	0.0	0.0	0.0	0.0	0.0	0.2506718811656902	0.0	0.2506718811656902	0.4085901946837074	0.0	0.2506718811656902	0.0	0.2506718811656902	0.0	0.0	0.0	0.0	0.2506718811656902	0.0	0.0	0.0	0.2506718811656902	0.2506718811656902	0.0	0.6906534660340763	0.0	4.17654187130716	0.0	1.2206480827976378	0.0	0.0	0.0	0.2506718811656902	0.615332409955328	0.0	0.0	0.8107182092848761	0.0	0.0	0.0	0.0	0.0	2.1289049506408975	0.2506718811656902	0.0	0.0	0.2506718811656902	0.0	0.2506718811656902	0.0	0.0	0.0	0.0	1.0158789134049284	0.9046773524183249	0.2506718811656902	0.6906534660340763	0.0	0.9449920033715047	0.0	0.0	0.2506718811656902	0.0	0.0	0.0	0.0	0.0	0.0	0.0	0.524149101433399	0.7548218180815761	0.0	0.0	0.2506718811656902	1.0768026679229146	0.524149101433399	1.0158789134049284	0.2506718811656902	0.2506718811656902	1.3441540649131294	0.0	0.0	0.2506718811656902	2.8303276560458697	0.0	0.524149101433399	0.0	1.1546538435969227	0.0	0.2506718811656902	0.0	0.2506718811656902	0.9818801537608176	0.0	0.0	0.0	0.0	0.0	0.9046773524183249	0.0	0.0	0.2506718811656902	0.0	0.0	0.0	0.0	0.0	0.4085901946837074	0.9449920033715047	0.0	0.4085901946837074	0.0	0.2506718811656902	0.0	0.0	3.388113663491843	0.0	0.0	0.0	0.0	0.0	0.0	0.9046773524183249	1.35924554535266	0.0	0.0	0.0	0.0	0.0	0.0	0.0	0.0	0.2506718811656902	0.0	0.0	0.0	0.0	0.0	1.9024614214515363	0.0	0.0	0.0	0.0	0.0	0.0	0.0	0.0	0.9818801537608176	0.0	0.0	0.2506718811656902	1.24059131939676	0.0	0.0	0.0	0.0	0.2506718811656902	0.0	0.0	0.0	0.0	0.0	0.0	0.0	0.0	0.0	0.0	1.4016075080006134	0.0	0.0	0.0	0.0	0.0	0.524149101433399	2.717627885031588	0.524149101433399	1.6110077275284436	0.0	0.0	0.2506718811656902	0.0	0.0	0.2506718811656902	0.2506718811656902	1.3738301693119341	0.0
SRR13358134	0.44411272767396215	0.20234615161236544	0.33984016164770003	0.0	0.0	0.0	0.0	0.0	0.5985050544876613	0.0	0.20234615161236544	1.3495731460924285	0.6590476703146995	0.5985050544876613	0.0	0.20234615161236544	0.20234615161236544	0.0	0.44411272767396215	0.0	0.33984016164770003	0.0	0.0	0.0	0.0	1.231059414153823	0.0	1.3258903156898132	0.0	1.6038971537459257	0.20234615161236544	0.0	0.0	0.7595036383226814	1.9154342718090538	0.0	0.20234615161236544	0.0	0.0	0.0	0.0	0.0	0.44411272767396215	0.0	0.0	0.0	0.5281339015872729	0.0	0.0	0.0	0.0	0.0	0.0	0.0	0.0	0.44411272767396215	0.44411272767396215	0.0	0.0	0.0	0.33984016164770003	0.20234615161236544	0.5281339015872729	0.0	0.0	0.0	0.0	0.0	0.0	0.0	2.710262754526935	0.5985050544876613	0.0	0.33984016164770003	0.20234615161236544	0.33984016164770003	0.33984016164770003	0.0	0.8766946800144702	0.0	0.0	0.0	0.44411272767396215	0.0	0.0	0.0	0.0	0.44411272767396215	0.0	0.0	0.0	0.0	0.0	0.20234615161236544	0.44411272767396215	4.0938146340987025	0.0	0.0	0.0	0.0	0.0	2.762269112894144	0.33984016164770003	0.0	0.7121737410218674	2.9809543801182006	0.0	0.7595036383226814	0.0	0.0	0.0	0.5281339015872729	0.20234615161236544	0.20234615161236544	0.0	0.20234615161236544	0.0	0.0	0.841032871258086	0.0	0.20234615161236544	0.44411272767396215	0.0	0.0	0.0	0.0	0.0	0.9096490562485721	0.0	0.20234615161236544	0.0	0.0	0.0	0.20234615161236544	0.8021786170090983	0.0	0.5985050544876613	0.33984016164770003	0.0	0.9096490562485721	0.0	0.0	0.0	0.33984016164770003	0.20234615161236544	0.0	0.0	0.0	0.0	0.0	0.0	0.0	0.0	1.067539851659564	0.0	4.009455260843622	0.0	1.2459416225845568	0.20234615161236544	0.0	0.8766946800144702	0.20234615161236544	0.33984016164770003	0.0	0.0	0.20234615161236544	0.0	0.0	0.0	0.0	0.0	0.44411272767396215	0.20234615161236544	0.0	0.0	0.0	0.0	0.0	0.20234615161236544	0.0	0.0	0.0	1.2742582977803874	1.5705683412764266	0.20234615161236544	0.0	0.0	1.1095638964687469	0.0	0.0	0.20234615161236544	0.0	0.0	0.0	0.0	0.0	0.0	0.0	0.8021786170090983	0.0	0.20234615161236544	0.0	0.33984016164770003	0.841032871258086	0.7121737410218674	0.0	0.0	0.841032871258086	1.3828389624564577	0.0	0.995730570513867	0.33984016164770003	2.544024905671742	0.0	0.7121737410218674	0.0	1.0890599773954335	0.0	0.0	0.0	0.0	0.9688888520136859	0.0	0.0	1.067539851659564	0.0	0.0	1.067539851659564	0.0	0.0	0.0	0.0	0.0	0.20234615161236544	0.0	0.5281339015872729	0.8766946800144702	0.7121737410218674	0.0	0.33984016164770003	0.0	0.0	0.0	0.0	3.5163407817772687	0.0	0.0	0.0	0.0	0.20234615161236544	0.0	1.2877530833393698	1.5908709211488459	0.0	0.0	0.0	0.0	0.0	0.20234615161236544	0.0	0.0	1.1478778901738018	0.0	0.33984016164770003	0.20234615161236544	0.0	0.0	1.6227319878435418	0.0	0.0	0.0	0.0	0.0	0.20234615161236544	0.0	0.0	1.0890599773954335	0.0	0.33984016164770003	0.0	0.5985050544876613	0.0	0.0	0.0	0.0	0.33984016164770003	0.33984016164770003	0.0	0.0	0.0	0.8766946800144702	0.0	0.0	0.0	0.0	0.0	1.4782841317177648	0.0	0.0	0.20234615161236544	0.0	0.0	0.20234615161236544	2.2767664359087547	0.0	1.6801975428618778	0.0	0.0	0.0	0.0	0.0	0.0	0.33984016164770003	1.413736995664676	0.0
SRR13358141	0.8857518609340695	0.5090640613552212	0.9963313292041928	0.0	0.0	0.0	0.0	0.0	1.1575722711322802	0.0	0.0	1.6369934822736232	0.8857518609340695	0.7370288177922087	0.0	0.0	0.0	0.0	0.0	0.0	0.5090640613552212	0.0	0.0	0.0	0.0	1.2201811446147084	0.0	1.4767825895577225	0.0	3.549623946059512	0.0	0.0	0.0	0.0	1.9656145580107631	0.0	0.0	0.0	0.7370288177922087	0.0	0.0	0.5090640613552212	2.1073840316834755	0.0	0.0	0.0	2.3873146576535764	0.0	0.0	0.0	0.0	0.0	0.0	0.0	0.7370288177922087	1.2748909810701603	0.5090640613552212	0.0	0.5090640613552212	0.0	0.5090640613552212	0.0	0.0	0.0	0.0	0.0	0.0	0.0	0.0	0.0	1.6587686765841556	1.1575722711322802	0.0	0.0	0.0	0.5090640613552212	0.0	0.0	1.406858107177709	0.0	0.0	0.0	0.0	0.5090640613552212	0.0	0.0	0.0	0.0	0.0	0.0	0.0	0.0	0.0	0.0	0.5090640613552212	0.5090640613552212	0.0	0.0	0.5090640613552212	0.0	0.0	3.401739141452108	0.0	0.0	1.084392223437635	2.129490814975882	0.5090640613552212	0.0	0.0	0.0	0.0	0.0	0.0	0.0	0.0	0.0	0.0	0.0	1.872482731231128	0.0	0.0	0.0	0.0	0.0	0.5090640613552212	0.0	0.0	0.7370288177922087	0.0	0.5090640613552212	0.5090640613552212	0.0	0.0	0.0	1.2201811446147084	0.0	1.2201811446147084	0.0	0.0	0.0	0.0	0.0	0.0	0.0	0.0	0.0	0.0	0.0	0.0	0.0	0.7370288177922087	0.0	0.0	0.5090640613552212	0.0	3.2421148272935527	0.0	0.9963313292041928	0.0	0.0	0.0	0.9963313292041928	0.0	0.0	0.0	0.0	0.0	0.0	0.0	0.0	0.0	0.0	0.0	0.0	1.2201811446147084	0.5090640613552212	0.7370288177922087	0.9963313292041928	1.6587686765841556	0.0	0.0	0.0	1.6992942872413088	4.126432750139113	0.0	0.0	0.5090640613552212	0.0	0.0	0.0	0.5090640613552212	1.8457061340204757	0.0	0.0	0.0	0.0	0.0	0.0	0.7370288177922087	0.7370288177922087	0.0	0.0	0.7370288177922087	1.3234734912685973	0.7370288177922087	1.2748909810701603	0.0	3.043978620842429	1.507931196911461	0.0	0.0	1.6795040096793743	2.842882932969238	0.0	0.8857518609340695	0.0	1.4432261229323844	0.0	0.0	0.0	0.0	2.114878690360116	0.0	0.0	0.0	0.0	0.0	2.129490814975882	0.0	0.0	0.0	0.0	0.0	0.0	0.0	0.5090640613552212	0.0	0.8857518609340695	0.0	2.941887123400567	0.0	0.5090640613552212	0.0	0.0	3.2205220229837215	0.0	0.0	0.0	0.0	0.0	0.0	0.8857518609340695	1.8021657710875945	0.0	0.0	0.0	0.0	0.0	1.5369944840390426	0.8857518609340695	0.0	0.0	0.0	0.0	0.9963313292041928	0.0	0.0	2.436058255130892	0.0	0.0	0.0	0.0	0.0	0.5090640613552212	0.0	0.0	1.1575722711322802	0.0	0.0	0.0	1.1575722711322802	0.0	0.0	0.0	0.0	0.0	0.0	0.0	0.0	0.0	0.0	0.0	0.0	0.0	0.0	0.0	1.6369934822736232	0.0	0.0	0.5090640613552212	0.0	0.0	0.0	3.163979865582483	0.0	1.9550081961747292	0.0	0.0	0.0	0.0	0.0	0.0	0.0	1.770507604116093	0.0
SRR13358142	1.4298612343195058	0.5166529751375767	0.24599683812957937	0.0	0.0	0.0	0.0	0.0	1.2495209808558052	0.0	0.24599683812957937	1.8701021880701518	4.173243180569464	1.3776503541704939	0.24599683812957937	0.0	0.40207669267692736	0.0	0.0	0.0	1.1677702399483905	0.0	0.0	0.0	0.0	0.0	0.0	2.4643523909966354	0.0	3.645385392418928	0.0	0.0	0.0	0.0	3.549976117656232	0.0	0.0	0.0	0.0	0.0	0.0	0.0	1.1896952329788415	0.0	0.5166529751375767	0.0	1.5381510663695677	0.0	0.0	0.0	0.0	0.0	0.0	0.0	0.24599683812957937	1.2677618275281701	0.7459939063729636	0.0	0.9722766993285783	0.0	0.6072247189293588	0.0	0.24599683812957937	0.0	0.0	0.5166529751375767	0.0	0.0	0.0	0.0	0.9354887340709658	0.24599683812957937	0.0	0.6821284710346414	0.0	1.0944518514267134	0.8509955973962475	0.24599683812957937	0.40207669267692736	0.5166529751375767	0.0	0.24599683812957937	0.0	0.0	0.0	0.0	0.6072247189293588	0.6821284710346414	0.0	0.0	0.6072247189293588	0.0	0.24599683812957937	0.0	0.0	0.0	0.0	0.0	0.0	0.0	0.5166529751375767	3.4752546837143936	1.6969296457739822	0.0	1.583609036075505	1.2304802810880655	0.0	0.0	0.0	0.0	0.0	0.0	0.9354887340709658	0.0	0.5166529751375767	0.24599683812957937	0.0	0.0	0.24599683812957937	0.0	0.0	0.5166529751375767	0.0	0.0	0.40207669267692736	0.0	0.0	1.690228719678362	0.0	0.0	0.0	0.0	0.40207669267692736	0.0	1.0376464518182178	0.0	1.0376464518182178	0.24599683812957937	0.0	0.0	0.0	0.0	0.24599683812957937	0.0	0.0	0.0	0.0	0.0	0.0	0.0	0.0	0.24599683812957937	0.0	1.574890141291185	0.0	1.6005386469310328	0.0	1.986804710394554	0.8016604050275081	0.0	0.0	0.24599683812957937	1.0669772533801205	0.0	0.0	1.3020944587551686	0.0	0.0	0.0	0.0	0.0	0.0	0.0	0.0	0.24599683812957937	0.8016604050275081	0.0	0.6821284710346414	0.0	0.0	0.0	0.0	1.818007196809832	1.8875966080929076	0.0	0.0	0.6821284710346414	1.2495209808558052	0.0	0.0	0.40207669267692736	1.4764635579494385	0.0	0.0	0.0	0.0	0.0	0.0	1.1446792572263222	0.24599683812957937	0.0	0.0	1.1202912680006452	1.0376464518182178	1.4764635579494385	1.6005386469310328	0.0	1.3020944587551686	2.198559285462848	0.0	0.24599683812957937	0.40207669267692736	0.6072247189293588	0.0	1.2852673204762386	0.0	1.7867166080474945	0.0	0.6072247189293588	0.0	0.0	0.7459939063729636	0.0	0.0	0.0	0.0	0.0	1.7035287493252325	0.0	0.0	0.0	0.0	0.24599683812957937	0.40207669267692736	0.0	0.8016604050275081	0.8016604050275081	1.31829386073994	0.0	0.40207669267692736	0.0	0.0	0.0	0.0	0.5166529751375767	0.0	0.0	0.0	0.0	0.0	0.0	0.0	2.1636771258992606	0.0	0.0	0.0	0.0	0.0	0.0	0.0	0.0	0.8509955973962475	0.24599683812957937	0.24599683812957937	1.3020944587551686	0.0	0.0	2.6089156885176297	0.0	0.0	0.0	0.0	0.0	0.0	0.0	0.0	1.6969296457739822	0.0	0.9354887340709658	0.0	1.0061903434022674	0.24599683812957937	0.0	0.0	0.0	0.6821284710346414	0.0	0.5166529751375767	0.0	0.0	0.0	0.0	0.0	0.0	0.0	0.0	2.064669266957986	0.0	0.0	0.0	0.0	0.0	0.0	2.7571761309927845	1.4419889529939216	2.352215689646303	0.0	0.0	0.0	0.24599683812957937	0.0	0.0	0.6821284710346414	2.204798885512301	0.0
SRR13358143	0.7246223459665289	0.0	3.1464228839787927	0.0	0.0	0.0	0.0	0.3172393768889129	0.4986020523590404	0.0	0.0	0.3172393768889129	2.848029909278077	0.0	0.0	0.0	0.0	0.0	0.0	0.0	0.7246223459665289	0.0	0.0	0.0	0.0	0.0	0.0	0.8048402471493438	0.0	4.259077439354741	0.7246223459665289	0.0	0.0	0.0	1.8306885045673067	0.0	0.0	0.0	0.0	0.0	0.0	0.0	0.0	0.0	0.0	0.0	0.0	0.0	0.0	0.0	0.0	0.0	0.0	0.0	0.0	0.8048402471493438	0.0	0.0	0.0	0.0	0.9310713325973524	0.0	0.0	0.0	0.0	0.0	0.0	0.0	0.0	0.0	2.4956229663501386	1.3922266214166827	0.0	0.0	0.0	0.0	0.0	0.0	0.3172393768889129	0.0	0.0	0.4986020523590404	0.0	0.0	0.0	0.0	0.0	0.0	0.0	0.0	2.3305342714477417	0.0	0.0	2.1554562547211362	0.3172393768889129	1.0704285541096146	0.0	0.0	0.4986020523590404	0.0	0.0	1.352590561347535	0.0	0.0	0.0	2.7148188245076135	0.0	0.6261526957836233	0.0	0.0	0.0	0.8048402471493438	0.0	0.0	1.352590561347535	0.0	0.0	0.0	0.4986020523590404	0.0	0.0	0.0	0.0	0.0	0.0	0.0	0.0	0.0	0.0	0.0	0.0	0.0	0.0	0.0	0.4986020523590404	0.0	0.0	0.0	0.0	1.0287549129931155	0.0	0.6261526957836233	0.0	0.0	0.0	0.0	0.0	0.0	0.0	0.0	0.0	0.0	0.0	0.0	0.0	3.6356215373995093	0.0	0.9826537848022028	0.0	0.0	0.0	0.0	0.0	0.0	0.0	0.0	0.0	0.0	0.0	0.0	0.0	1.9999882285686676	0.0	0.0	0.0	0.0	0.0	0.0	0.0	0.0	0.0	0.0	0.4986020523590404	0.0	0.0	3.1653518136398833	0.0	0.4986020523590404	0.0	0.0	0.0	0.0	0.0	0.0	0.0	0.0	0.0	0.0	0.0	1.44562657713893	0.0	0.0	0.0	1.9999882285686676	0.8725259926661533	0.0	0.0	0.8048402471493438	0.9310713325973524	1.587284455045534	0.0	0.9310713325973524	1.352590561347535	0.0	0.0	0.0	0.6261526957836233	0.0	0.3172393768889129	0.0	0.8048402471493438	1.9452748185884474	0.0	0.0	0.0	0.0	0.0	0.0	0.0	0.0	0.0	0.3172393768889129	0.0	0.3172393768889129	0.0	0.0	1.5360251242271512	1.0704285541096146	0.3172393768889129	2.216326229736209	0.0	0.0	0.0	0.0	2.848029909278077	0.0	0.0	0.0	0.0	0.0	0.0	0.7246223459665289	0.3172393768889129	0.0	0.0	0.0	0.0	0.0	0.3172393768889129	0.0	0.3172393768889129	0.0	0.0	0.0	0.6261526957836233	0.0	0.0	1.2853992560051037	0.0	0.3172393768889129	0.0	0.0	0.0	1.575025587602345	0.0	0.0	0.0	0.0	0.0	0.0	2.550256386706426	0.0	0.0	0.0	0.0	0.7246223459665289	0.0	0.0	0.0	0.0	0.0	0.0	0.0	0.0	0.0	0.0	0.4986020523590404	0.0	0.3172393768889129	0.0	0.0	0.0	0.0	1.234032669321766	0.3172393768889129	0.3172393768889129	0.0	0.0	0.3172393768889129	0.0	0.0	1.260474949312332	0.0	0.3172393768889129	0.0
SRR13358144	0.0	0.0	2.803015301553087	0.0	0.0	0.0	0.0	0.0	0.894622807283407	0.0	0.0	0.0	2.977837023144656	0.0	0.0	0.5161182593876498	0.0	0.7453631523209046	0.0	0.0	0.0	0.0	0.0	0.0	0.0	0.0	0.0	0.0	0.5161182593876498	3.97846811343199	0.7453631523209046	0.0	0.0	0.0	2.034415001571841	0.5161182593876498	0.0	0.0	0.0	0.0	0.0	0.0	1.005497356995082	0.0	0.0	0.0	0.5161182593876498	0.0	0.0	0.0	0.0	0.0	0.0	0.0	0.0	0.0	0.0	0.5161182593876498	0.0	0.0	1.3331775084554651	0.0	0.0	0.0	0.0	0.0	0.0	0.0	0.0	0.0	2.4635861895009787	1.0937449152707173	0.0	0.0	0.0	0.0	0.0	0.0	0.5161182593876498	0.0	0.0	0.5161182593876498	0.0	0.0	0.0	0.0	0.0	0.0	0.0	0.0	2.7822499108201773	0.0	0.0	2.146725196441546	0.5161182593876498	0.0	0.0	0.0	0.7453631523209046	0.0	0.0	1.4530454067425311	0.0	0.0	0.0	2.5209650342296173	0.0	1.005497356995082	0.0	0.0	0.0	0.0	0.0	0.5161182593876498	1.2297566984777424	0.0	0.5161182593876498	0.0	0.7453631523209046	0.0	0.0	0.0	0.0	0.0	0.0	0.0	0.0	0.0	0.0	0.0	0.0	0.0	0.0	0.0	0.0	0.0	0.0	0.0	0.0	0.7453631523209046	0.0	0.0	0.0	0.0	0.0	0.0	0.0	0.0	0.0	0.0	0.0	0.0	0.0	0.0	0.0	3.685734909435204	0.0	0.5161182593876498	0.0	0.0	0.5161182593876498	0.0	0.0	0.0	0.0	0.0	0.0	0.0	0.0	0.0	0.0	0.7453631523209046	0.0	0.0	0.0	0.0	0.0	0.0	0.0	0.0	0.0	0.0	2.862673325674709	0.7453631523209046	0.0	3.233601376299914	0.0	0.7453631523209046	0.0	0.0	0.0	0.0	0.0	0.0	0.0	0.0	0.0	0.0	0.0	1.2845383738842584	0.0	0.0	0.0	1.689475579682452	1.4866288633185305	0.5161182593876498	0.0	0.894622807283407	0.894622807283407	0.0	0.0	0.5161182593876498	2.2060949248595154	0.0	0.0	0.0	0.0	0.0	0.0	0.0	0.5161182593876498	3.1432161213970975	0.0	0.0	0.0	0.0	0.0	0.0	0.0	0.0	0.0	0.0	0.0	0.0	0.0	0.0	0.0	1.3331775084554651	0.0	2.666719012510304	0.0	0.0	0.0	0.0	3.817292430298757	0.0	0.0	0.0	0.0	0.0	0.0	0.5161182593876498	0.0	0.0	0.0	0.0	0.0	0.0	0.7453631523209046	0.0	0.0	0.0	0.0	0.7453631523209046	1.2297566984777424	0.0	0.0	0.7453631523209046	0.0	0.0	0.0	0.0	0.0	1.919843829977848	0.0	0.0	0.0	0.0	0.0	0.0	2.5608789151055826	0.0	0.0	0.0	0.0	0.0	0.0	0.7453631523209046	0.0	0.0	0.0	0.0	0.0	0.0	0.0	0.0	0.0	0.0	0.0	0.0	0.0	0.0	0.0	1.1670536877078308	0.0	0.894622807283407	0.0	0.0	0.0	0.0	0.0	0.0	0.0	0.5161182593876498	0.0
SRR13358145	0.0	0.23023546497111952	1.1756072738354624	0.0	0.0	0.0	0.0	0.0	3.1549392879668563	0.0	0.5794015478538197	0.0	1.7445655477225936	0.3799088141612541	0.0	0.23023546497111952	0.0	0.0	0.23023546497111952	0.0	0.0	0.0	0.0	0.0	0.0	2.1697466451264096	0.0	2.038900281594265	0.0	2.2635934046937747	0.0	0.0	0.0	0.0	2.1243154657736647	0.0	0.0	0.0	0.0	0.0	0.0	0.0	3.082984471713108	0.0	0.0	0.23023546497111952	1.08588378398855	0.0	0.0	0.0	0.0	0.0	0.0	0.0	0.0	3.331212558310539	0.0	0.0	0.0	0.0	0.0	0.0	0.0	0.0	0.0	0.0	0.6528092302234261	0.0	0.0	0.0	2.775747510600325	1.6536694707170534	0.0	0.0	0.0	0.0	0.0	0.0	1.2828096769330237	0.0	0.0	0.0	0.0	0.0	0.0	0.0	0.0	0.0	0.0	0.0	0.5794015478538197	0.0	0.0	0.0	0.23023546497111952	0.0	0.0	0.0	0.0	0.0	0.0	0.972664474486413	1.5883265224973895	0.0	0.0	1.1330584838339397	0.0	0.0	0.0	0.0	0.0	0.0	0.0	0.0	0.0	0.0	0.0	0.0	1.9794902286700253	0.0	0.0	0.23023546497111952	0.0	0.0	0.0	0.0	0.0	0.0	0.0	0.23023546497111952	0.0	0.0	0.0	0.0	0.4910104679175044	0.0	0.23023546497111952	0.0	0.0	0.23023546497111952	0.0	0.0	0.0	0.0	0.0	0.0	0.0	0.0	0.3799088141612541	0.0	0.0	0.0	0.0	0.0	0.0	2.82749725898702	0.0	3.1272990448330447	0.0	0.0	0.0	2.336543537951649	1.0329532215862256	0.0	0.0	0.6528092302234261	0.0	0.0	0.0	0.0	0.0	0.0	0.0	0.6528092302234261	0.0	0.0	0.0	0.0	2.248437964194275	0.0	0.0	0.0	0.0	0.5794015478538197	0.0	1.1756072738354624	0.3799088141612541	0.6528092302234261	0.0	0.0	0.0	1.501924860606123	0.0	0.0	0.0	0.0	0.0	0.0	0.0	0.4910104679175044	0.0	0.0	0.0	1.3815199963387195	0.3799088141612541	2.28142606819466	0.0	1.3815199963387195	0.23023546497111952	0.0	0.3799088141612541	1.5641616263635822	2.2014277464827217	0.0	0.3799088141612541	0.0	0.23023546497111952	0.0	0.4910104679175044	0.0	0.0	1.9031204177724048	0.0	0.0	0.0	0.0	0.0	0.5794015478538197	0.0	0.0	0.0	0.0	0.23023546497111952	0.0	0.0	0.0	0.4910104679175044	0.3799088141612541	0.0	1.249930575987162	0.23023546497111952	0.0	0.7704213732725876	0.0	1.716329106368271	0.0	0.0	0.0	0.0	0.0	0.0	1.3687194552175168	0.23023546497111952	0.0	0.23023546497111952	0.0	0.0	0.0	0.23023546497111952	0.23023546497111952	0.0	0.0	0.0	0.4910104679175044	0.715584541695885	0.0	0.0	4.071731365308978	0.0	0.0	0.0	0.0	0.0	0.6528092302234261	0.0	0.0	0.0	0.0	0.0	0.0	1.4404093056339629	0.0	0.0	0.0	0.23023546497111952	1.3687194552175168	0.0	0.0	0.0	0.23023546497111952	0.0	0.0	0.0	0.0	0.0	0.0	0.3799088141612541	0.0	0.0	0.0	0.0	0.0	0.23023546497111952	3.9044997984252916	0.0	0.23023546497111952	0.0	0.0	0.0	0.23023546497111952	0.0	0.0	0.0	0.23023546497111952	0.0
