28-4	A2	Abiotrophia	Acetanaerobacterium	Acetatifactor	Acidaminococcus	Acinetobacter	Actinobacillus	Actinomyces	Adlercreutzia	Aeromonas	Agathobacter	Aggregatibacter	Akkermansia	Alcaligenes	Alistipes	Allisonella	Allobaculum	Alloprevotella	Allorhizobium-Neorhizobium-Pararhizobium-Rhizobium	Alloscardovia	Anaerococcus	Anaerofilum	Anaerofustis	Anaeroglobus	Anaeroplasma	Anaerosporobacter	Anaerostipes	Anaerotruncus	Anaerovorax	Angelakisella	Aquabacterium	Arcobacter	Asaccharospora	ASF356	Asteroleplasma	Atopobium	Bacillus	Bacteroides	Barnesiella	Bergeyella	Bifidobacterium	Bilophila	Blastocystis	Blautia	Bulleidia	Butyricicoccus	Butyricimonas	Butyrivibrio	CAG-352	CAG-56	CAG-873	Campylobacter	Candidatus_Arthromitus	Candidatus_Methanogranum	Candidatus_Saccharimonas	Candidatus_Soleaferrea	Candidatus_Stoquefichus	Capnocytophaga	Caproiciproducens	Cardiobacterium	Catabacter	Catenibacterium	Catenisphaera	Centipeda	Cetobacterium	Christensenella	Christensenellaceae_R-7_group	Citrobacter	Cloacibacillus	Clostridium_sensu_stricto_1	Clostridium_sensu_stricto_13	Clostridium_sensu_stricto_3	Collinsella	Conchiformibius	Coprobacillus	Coprobacter	Coprococcus_1	Coprococcus_2	Coprococcus_3	Corynebacterium	Corynebacterium_1	Cryptobacterium	Cuneatibacter	Cupriavidus	Cutibacterium	Defluviitaleaceae_UCG-011	Delftia	Desulfovibrio	Dialister	Dielma	DNF00809	Dorea	DTU089	Eggerthella	Eikenella	Eisenbergiella	Elusimicrobium	Enhydrobacter	Enterococcus	Enterorhabdus	Erysipelatoclostridium	Erysipelotrichaceae_UCG-003	Erysipelotrichaceae_UCG-004	Erysipelotrichaceae_UCG-006	Escherichia/Shigella	Eubacterium	Ezakiella	F0332	Faecalibacterium	Faecalitalea	Family_XIII_AD3011_group	Family_XIII_UCG-001	Fastidiosipila	Finegoldia	Flavonifractor	Fournierella	Fretibacterium	Fusicatenibacter	Fusobacterium	Gallicola	GCA-900066225	GCA-900066575	GCA-900066755	Gemella	Gordonibacter	Granulicatella	Haemophilus	Hafnia-Obesumbacterium	Harryflintia	Helicobacter	Hespellia	Holdemanella	Holdemania	Howardella	Hungatella	Hydrogenoanaerobacterium	Intestinibacter	Intestinimonas	Johnsonella	Kingella	Klebsiella	Kocuria	Lachnoanaerobaculum	Lachnoclostridium	Lachnoclostridium_5	Lachnospira	Lachnospiraceae_AC2044_group	Lachnospiraceae_FCS020_group	Lachnospiraceae_ND3007_group	Lachnospiraceae_NK3A20_group	Lachnospiraceae_NK4A136_group	Lachnospiraceae_NK4B4_group	Lachnospiraceae_UCG-001	Lachnospiraceae_UCG-003	Lachnospiraceae_UCG-004	Lachnospiraceae_UCG-006	Lachnospiraceae_UCG-008	Lachnospiraceae_UCG-010	Lactobacillus	Lactococcus	Lactonifactor	Lautropia	Lawsonella	Leptotrichia	Leuconostoc	Libanicoccus	Lysinibacillus	Macrococcus	Mailhella	Mangrovibacter	Marvinbryantia	Megamonas	Megasphaera	Methanobrevibacter	Methanosphaera	Microbacterium	Millionella	Mitsuokella	Mogibacterium	Morganella	Moryella	Mucispirillum	Murdochiella	Muribaculum	Mycoplasma	Negativibacillus	Neisseria	Odoribacter	Oligella	Olsenella	Oribacterium	Oscillibacter	Oscillospira	Oxalobacter	Paeniclostridium	Parabacteroides	Paraclostridium	Paraprevotella	Parascardovia	Parasutterella	Parvimonas	Pelomonas	Peptoclostridium	Peptococcus	Peptoniphilus	Peptostreptococcus	Phascolarctobacterium	Phocaeicola	Phocea	Phyllobacterium	Porphyromonas	possible_genus_Sk018	Prevotella	Prevotella_2	Prevotella_6	Prevotella_7	Prevotella_9	Prevotellaceae_Ga6A1_group	Prevotellaceae_NK3B31_group	Prevotellaceae_UCG-001	Prevotellaceae_UCG-003	Prevotellaceae_UCG-004	Prevotellaceae_YAB2003_group	Propionibacterium	Proteus	Providencia	Pseudocitrobacter	Pseudoflavonifractor	Pseudomonas	Psychrobacter	Pygmaiobacter	Pyramidobacter	Ralstonia	Raoultella	Raoultibacter	Reyranella	Rickettsiella	Rikenella	Rikenellaceae_RC9_gut_group	Romboutsia	Roseburia	Rosenbergiella	Rothia	Ruminiclostridium	Ruminiclostridium_1	Ruminiclostridium_5	Ruminiclostridium_6	Ruminiclostridium_9	Ruminococcaceae_NK4A214_group	Ruminococcaceae_UCG-002	Ruminococcaceae_UCG-003	Ruminococcaceae_UCG-004	Ruminococcaceae_UCG-005	Ruminococcaceae_UCG-007	Ruminococcaceae_UCG-008	Ruminococcaceae_UCG-009	Ruminococcaceae_UCG-010	Ruminococcaceae_UCG-011	Ruminococcaceae_UCG-013	Ruminococcaceae_UCG-014	Ruminococcaceae_V9D2013_group	Ruminococcus_1	Ruminococcus_2	S5-A14a	Sanguibacteroides	Scardovia	Sediminibacterium	Selenomonas	Selenomonas_3	Selenomonas_4	Sellimonas	Senegalimassilia	Shuttleworthia	Slackia	Sneathia	Solobacterium	Sphingomonas	Staphylococcus	Stenotrophomonas	Stomatobaculum	Streptococcus	Subdoligranulum	Succinatimonas	Succiniclasticum	Succinivibrio	Sutterella	Tannerella	Tatumella	Terrisporobacter	Thermosyntropha	Treponema_2	Tritrichomonas	Turicibacter	Tyzzerella	Tyzzerella_3	Tyzzerella_4	UBA1819	UC5-1-2E3	Varibaculum	Variovorax	Veillonella	Victivallis	W5053	Weissella	XBB1006	Z20	others	Assay.Type	AvgSpotLen	Bases	BioProject	BioSample	BioSampleModel	Bytes	Center.Name	Collection_Date	Consent	DATASTORE.filetype	DATASTORE.provider	DATASTORE.region	env_biome	env_feature	env_material	Experiment	geo_loc_name_country	geo_loc_name_country_continent	geo_loc_name	Host	Instrument	lat_lon	Library.Name	LibraryLayout	LibrarySelection	LibrarySource	Organism	Platform	ReleaseDate	replicate	Sample.Name	SRA.Study	time	ID	prepost
SRR5865065	0	0	0	0	0	0	0.648938793843217	0	1.28202487905192	0	0	3.57150215031852	0	2.99537070064064	0	3.40206046861676	2.22241692261251	0	1.26196840518045	0	0	0	0	0	1.24094065216951	0	0	1.98633355240115	1.58150928850954	0	1.11713105855287	0	0	0	0	0	0.84805882727438	0	4.44108723746781	3.56183415791358	0	1.38609850889961	2.70005136375415	0	3.02042266783966	0	2.22465951897642	2.78170120712993	0	0	2.70599909288299	1.17095772514321	1.02134726043488	0	0	0.555330384297405	0	0	0	0.984069651538349	0	0	0	0	0	1.38609850889961	0.555330384297405	2.6641747788474	2.98384168773682	2.53327565719307	2.10428769835477	0	0	2.41385460294864	0	0	0	1.95000601682547	0	2.02342539065929	0	0	0	0	0	0	0	0	2.21332890900681	1.64541421889113	0	0	2.62860955104644	0.943289316322803	0	0	1.19555986889054	0	0	1.58150928850954	1.49470305205715	0	0	0	0	4.44222725552892	0	0	0	3.8412295652699	0	2.00527533959167	0	0	0	0.89827908283803	0	0	2.5781356856168	3.77781224615039	0	0.648938793843217	1.90103585769576	0.943289316322803	1.56137962662627	0	1.33717176754831	2.84453853166683	0	1.40125473778	0.984069651538349	0	2.07372484252241	0.435839148549234	1.49470305205715	1.45708635871146	1.94150329006508	0	1.88666304381298	0	0	0	0	0	3.61229827129924	0	3.06913573411883	0.943289316322803	1.30119585358921	2.03741833669551	0	3.01682796278857	0	2.86702534032237	0	2.9055286183572	0	1.28202487905192	2.87908765356812	1.11713105855287	1.37039416420321	0	0	0	1.70111070750782	0	0	0	0	0	0.555330384297405	1.82947577242611	0	1.67016354757435	2.24219521210892	0	0	0	0	0.648938793843217	0	0	0	0	0	0	2.66982913076512	0.89827908283803	3.91322942359067	0	0	1.17095772514321	1.28202487905192	0.791262576063456	1.35410056679854	0	3.6536063458183	0	0	0	0	0.555330384297405	0	0	0.943289316322803	0	0.84805882727438	3.97093972664563	0	0	0	0	0	0	1.52931967879036	0.89827908283803	2.00155249790309	4.6071980201214	0	0	0	0	0	0	0	1.87680991824889	0	0	0	0	0	0.648938793843217	2.48447385258521	0	0	0	0	0	0.725904943767158	1.08748990897956	1.75046944752036	3.6471438325753	0	0.943289316322803	0	0	1.75708412740835	0	2.55576315785085	3.17734354594521	3.73654570006843	3.09672107869386	1.72295472801317	2.64164829752226	0	0	0.84805882727438	1.24094065216951	0	1.66206947639017	2.38079616975052	0	3.09279940502812	2.76397650892001	0	0	0	0	0	0	0	0	1.7085147994649	0	1.21884273848168	0	1.96652779226873	0	0	2.18486487549885	1.144877771509	3.56265665493264	3.18427198620701	0	0	0	2.88597232653073	0	0	0	0	0	0	0	2.30601344732033	0	0	1.08748990897956	0	0	0	3.22857484107614	2.96351138705012	0	0	0	0	4.17460576493627	AMPLICON	497	135761774	PRJNA395660	SAMN07412064	MIMARKS.survey,MIGS/MIMS/MIMARKS.human-gut	90867804	AC CAMARGO CANCER CENTER	28-Apr-2014	public	sra	gs,ncbi,s3	gs.US,ncbi.public,s3.us-east-1	human	digestive system	stool	SRX3033188	Brazil	South America	Brazil: Sao Paulo	Homo sapiens	Illumina MiSeq	23.555420 S 46.670139 W	P05.2Y	PAIRED	PCR	METAGENOMIC	human metagenome	ILLUMINA	2019-08-06T00:00:00Z	biological replicate 5	P05.2Y	SRP113514	2Y	P05	1
SRR5865066	0	0	1.35668970893379	0.728105719925484	0	3.19716862081552	0	0	1.11240720686415	0	0	3.24130691105149	0.80845954361538	3.2493549960773	0	2.77563335992404	1.85514258490167	0	0	0	0	0	1.28946668211024	0	0	0	0	2.01348274043057	1.66878575782727	0	1.61499462198664	0	0	0	0.501534741830119	0	0	0	4.38832443689238	3.2219269205475	0	0.728105719925484	2.20615160334816	0	2.73762322563113	0	2.14980079294442	2.42158776354535	0	0	2.3958082487189	0	0.501534741830119	0	0	0.9348595641877	0	0	0	0	0	0	2.25602338484911	0	0	0	1.26452930256947	3.23667924235862	3.13335375864072	1.63731671894249	1.07435421196013	0	0.728105719925484	2.41072622350629	0	0	0	1.87447060151422	3.06871076286275	2.19725304189277	0	0.501534741830119	0	0	0	0.80845954361538	0.629430882913397	0	3.39859158769568	1.60338804351818	0	0	2.57004889939082	0	0	0	1.26452930256947	0	0	1.92216448609868	0	0	0	0	1.59146274022395	4.01173608923201	0	0.629430882913397	0	3.9536779876746	0	2.85495697038419	1.4820424721669	0	0	0	0	0.501534741830119	2.5874767779946	2.72978093382178	0	0	1.07435421196013	1.14739293929201	0.80845954361538	0	0	1.84850391628986	0	1.28946668211024	1.46620222151212	0	2.80173325288056	0	1.85514258490167	2.00423423037675	1.81369731391649	0	2.75289534507194	0	0	2.63592012916512	0	0	3.45755041300846	1.4820424721669	3.78438354171012	2.22341973854967	1.07435421196013	2.56493829389208	0	3.07510979431127	0	2.64988163424296	0	2.96855742685114	0	1.63731671894249	2.20320562859661	1.43267544537771	0.80845954361538	0	0	0	1.03264399330563	0.876241954617719	2.45096416762787	0	0	0	0	2.3900791955518	0	3.34976366935226	3.68025934281961	1.26452930256947	0	0.80845954361538	0	2.15971509958567	1.11240720686415	0	0.80845954361538	0	0	0	2.70999271248824	0.629430882913397	3.05851960973757	0	0	1.28946668211024	2.296005050221	1.39634230425061	1.70748388712404	0	3.57594271524554	0	2.10401365703796	0	1.81369731391649	0	0	0	0.9348595641877	0	0	3.96199913568376	0	0	0	0	0	0	3.28628062106914	0	2.41437700275111	4.21455199924091	0	0	0	0	0	0	0	0.9348595641877	0	0	0	0.501534741830119	0	0	0	0	2.30075355629786	0	0	0	1.71664265704446	2.2983857931524	0	3.41067458646899	0	0	0	0.728105719925484	1.62629907004567	2.69786131910087	2.68829329236479	3.54986368801622	3.88344506202309	3.07072060709949	0	3.59923963954225	1.28946668211024	0	2.68925963672173	2.93315722642366	1.2380723079033	2.27145103125364	2.33480301539427	0	2.78502522746261	3.54112756223386	0	1.55358644422117	0	0	0	0	0	0	0	1.20989840857287	2.40704449461832	0	1.79139047186871	0	0	2.60657390864138	0.98649809070021	2.24809905620554	3.47702068070524	2.55189230999095	0	1.37696840195436	2.93917081433586	0	0	0	0	0	0	0	2.34770890011838	0	0	1.61499462198664	1.39634230425061	0	0	2.55056589568467	1.91072300734021	0	0	0	0	4.69245162382755	AMPLICON	488	109730919	PRJNA395660	SAMN07412082	MIMARKS.survey,MIGS/MIMS/MIMARKS.human-gut	73767166	AC CAMARGO CANCER CENTER	14-Apr-2014	public	sra	gs,ncbi,s3	gs.US,ncbi.public,s3.us-east-1	human	digestive system	stool	SRX3033187	Brazil	South America	Brazil: Sao Paulo	Homo sapiens	Illumina MiSeq	23.555420 S 46.670139 W	P10.1Y	PAIRED	PCR	METAGENOMIC	human metagenome	ILLUMINA	2019-08-06T00:00:00Z	biological replicate 10	P10.1Y	SRP113514	1Y	P10	1
SRR5865067	0	0	0	0	0	0.719738061649928	0	0	0.925755080590555	0	0	4.13162319544126	0	1.74961136721551	0	3.70368384264819	0	0	1.51636118399822	0	0	0	0.494496206067732	0	0	0	0	3.31805180902226	1.06491733625749	0	0	0	0	0	0	0	0.719738061649928	0	4.95734237372316	0	0	2.2586580774811	0.977257998518148	0	3.63400735336357	0	2.42882999364471	0	1.34683300135794	0	2.64169789944836	1.02329560205799	0	0	0	0	0	0	0	0	0	0	0	0	0	1.17014309974842	0	0	0	0	0	0	0	0.799763458114787	0	0	2.7700563555352	2.05900020945291	0	2.87396209606078	0	0.867312209336408	0	0	0	0	0	0	0	1.36709076860056	1.17014309974842	0	3.03777726166737	0	0	0	1.06491733625749	0	0	0	1.10289667911221	1.38644557020795	0.494496206067732	0	0	2.33103583082583	0	0	0	4.12943925331686	0	1.1378201508307	0	0	0	2.58803273256324	2.2881226684831	0	2.79808790111294	1.10289667911221	0	1.17014309974842	2.27608773372171	0	0	0	0	0	0	0	0	0	0	2.0709057064884	0	1.43981708218582	0	0	2.34165780388361	0	0	0	0	0	3.61485759828764	0	0	0	1.22835963439616	2.82372826465371	0	3.79650904171951	0	0	0	3.40655186529971	0	0.867312209336408	3.17562547271211	0	0	0	0	0	0	0	0	0	0	0	0	1.98457447919538	0	1.30324134612213	1.10289667911221	0	0	0	0	0	0	0	0	0	0	0	1.53017477355019	0	3.06480293955592	0	0	0	2.70244937745939	2.13955908801789	0	0	3.29014039613306	0	3.27597038503287	0	0	0	0	0	0	0	0	3.9216696884619	0	0	0	0	0	0	1.73288711324018	0.494496206067732	1.30324134612213	2.89147044331953	0	0	0	0	0	0	0	0	0	0	0	0	0	0	0	0	0	0	0	0	0	1.76571539702015	1.74132973957848	1.91197371418673	0	0	0	0	2.32014753833664	0	2.93853119285819	1.89470150631998	2.9266901102624	2.91000457923907	1.87671381673126	2.2270480286652	0	0	0	1.02329560205799	0	2.74176367697413	1.67846386422793	0	1.54356250519108	3.11990994279859	0	0	0	0	0	0	0	0	1.34683300135794	0	0	0	0	0	0	1.85794879820134	0	1.56916007159367	3.95209653957929	0	0	1.27968675588245	0	0	0	0	0	0	0	0	0	0	0	1.48734163718115	0	0	0	1.60493223222073	0	0	0	0	0	4.30940240045462	AMPLICON	491	115562976	PRJNA395660	SAMN07412081	MIMARKS.survey,MIGS/MIMS/MIMARKS.human-gut	80092871	AC CAMARGO CANCER CENTER	28-Jan-2013	public	sra	gs,ncbi,s3	gs.US,ncbi.public,s3.us-east-1	human	digestive system	stool	SRX3033186	Brazil	South America	Brazil: Sao Paulo	Homo sapiens	Illumina MiSeq	23.555420 S 46.670139 W	P09.Pre	PAIRED	PCR	METAGENOMIC	human metagenome	ILLUMINA	2019-08-06T00:00:00Z	biological replicate 9	P09.Pre	SRP113514	Pre	P09	0
SRR5865068	0	0	0	0	0	0	1.4371356007514	0	1.25988297455692	0	1.25988297455692	2.9091928544654	0	3.82213178701685	0.647228511089651	3.00068588708823	1.8291502477922	0	2.80028890507046	0	1.00728350574186	0	2.29190997457842	0	0	0	0	1.504413639934	1.72079016510357	0	1.98285737208742	0	0	0	0	1.31142296456037	0	0	4.50259270137556	1.73015587482839	0	1.94500878587156	2.11565664813332	0.746989082880488	2.84161905366854	0	2.37072147082574	2.65348944086529	4.10786885518291	2.91407349313746	1.78246760983432	0	0	0	0	0	2.45695626826729	0	0	1.504413639934	0	0	2.34225053707075	0	0	0	0.647228511089651	3.81058410066421	0	0	2.51388833457528	0	0	2.59815384247089	0	0	1.933560114234	2.53762030287825	2.37494056673543	2.47732770108198	0	0	0	0	0	0	1.48854578357044	0	3.05787743038866	1.504413639934	0	0	2.76241952768548	1.33506710128104	0	0	1.00728350574186	0	0	0	2.4014087191975	0	1.23162160438337	1.63756171695368	0	4.03636088120603	0	0	0	3.63614010438123	0	2.72936533112045	2.23205228006465	0	0	1.47207610354826	3.01917193309958	0	2.45171052117165	2.85986726780254	0	1.65991121316874	1.67066895069536	0	1.25988297455692	0	1.86455168818333	1.25988297455692	0	1.25988297455692	0.95535012639343	0	2.04543829610903	1.05366467253575	2.22022375265752	0	2.41117415316753	1.9616350601146	2.23784788560882	0	0	0	0	0	2.64115619461246	0	3.15436268857307	2.60190454688267	1.79859251308533	2.75809705708224	0	3.67873523967129	0	2.71425372325456	0	2.71136081064963	0	2.27374387957374	2.47399813111969	1.73932386616914	0	0	0	0	0	0	1.71121802061733	0	0	0	0	2.03177617149546	0	1.13377975681463	2.92663016279115	0	0	0.647228511089651	0	2.06729475386091	0	0	0.517496866846468	0	0	0	3.2373143229554	0.896352153136882	2.37911906890182	0	0	1.37881215137479	2.33998116459071	1.8291502477922	1.69141656045179	0	3.56450619203775	0	2.35562324415052	0	2.41310116381447	0	0	0	0	0	0	3.70865762748176	0	0	0	0	3.65039957254284	0	3.10646301816183	0.95535012639343	1.25988297455692	2.80887558931635	0	0	0	0	0	0	0	0	0	0	0	0	0	0	0	0	0	0	0	0	1.00728350574186	0	1.28641708622283	3.50201106643012	0	1.16890049763273	1.65991121316874	1.83646516289409	1.98800477911699	3.5537920700368	2.63079816459109	3.90152698994172	4.24216215282933	3.34968926150664	0	3.34001473752947	1.13377975681463	0	2.07989941161794	3.51039037974048	1.5890849852877	2.02712492339251	3.4256369568429	0	3.3221330591813	2.92663016279115	0	0.746989082880488	0	0	0	0	0	0	1.91580052968673	2.1987154476425	1.884485334612	0	0.517496866846468	0	0	2.26571961091269	0	3.6554909140685	3.52549321373148	0	0	1.25988297455692	2.30443573855928	0	0	0	0	0	0	0	1.82171001219296	0	0	1.81414008710882	0	0	0	2.88132249233562	2.42261001106672	0	0	0	0	4.45541749883388	AMPLICON	484	102348602	PRJNA395660	SAMN07412068	MIMARKS.survey,MIGS/MIMS/MIMARKS.human-gut	67291254	AC CAMARGO CANCER CENTER	21-Jul-2014	public	sra	gs,ncbi,s3	gs.US,ncbi.public,s3.us-east-1	human	digestive system	stool	SRX3033185	Brazil	South America	Brazil: Sao Paulo	Homo sapiens	Illumina MiSeq	23.555420 S 46.670139 W	P06.2Y	PAIRED	PCR	METAGENOMIC	human metagenome	ILLUMINA	2019-08-06T00:00:00Z	biological replicate 6	P06.2Y	SRP113514	2Y	P06	1
SRR5865069	0	0	1.96355923014534	0	0.899977413691665	0	0	0	1.56120437544265	0	0	2.80411681266069	0	3.9227580876889	0.378138673448744	2.55033395559082	0	0	1.70151938705418	0	0	0.650446885616697	0	0.767898244244854	0	1.22964599377735	0	3.97862206465697	1.49898043193496	0	0	0	0	0	0.860253075860784	0	0.488953912113357	0	4.35337477752947	0	0	3.66764233051117	0	0	4.8139382796091	0	2.9312464409925	0	0	0	0	0	0.378138673448744	0.488953912113357	0	1.70747358693503	1.37860624932067	0	0	0	0	0	0.81652601113455	0	0	0	0	0.650446885616697	0	0	1.60825162189655	0	0	3.76687378921992	0	0	0	0	0.936370772617406	3.43917278877578	0.767898244244854	0	0	0	0	0.488953912113357	0	0	1.08309360295769	1.58536476761725	0	0	3.35174075888013	0	2.56535600454882	0	0	0.650446885616697	0	2.22073628314791	0	2.43197990762414	2.50659468607535	0	1.03019547218671	2.51311938114898	0	0	0	2.20409746901374	1.78818932496894	0	0	0	0	2.34592872809834	0	0	1.37860624932067	3.12039322416754	0	0	1.71334725724681	0	1.54431687760861	0	1.67685106075627	1.29547356774782	0	0	2.04955101451254	0	0.577163967744752	1.00111600580175	0	1.88466666944374	0	1.43747949052342	2.12583507227226	0	0	0	0	0	3.13189426222422	0	1.91503858341666	0	0	1.08309360295769	0	3.77388286610967	0	1.15202681975972	0	1.92946346648852	0	0	2.27840155101052	2.43531261533007	0	0	0	0	0	0	0	0	0	0	0	0	1.22964599377735	1.60825162189655	1.24706167098234	0	1.19256816220853	1.67685106075627	0	0.899977413691665	0	0	1.73607838058624	0	0	0	3.50584621287029	0	2.40316541403282	0	0	0.860253075860784	2.34045620060965	0	0	0	3.31127860065553	0	0.81652601113455	0	0.860253075860784	0	0	0	0	0	0	4.07077121105658	0	0	0	0	1.45896215736688	0	1.92231091164708	0	0.650446885616697	2.94515127730449	0	0	1.39103670350743	0	0	0	0	0	0	0	0	1.54431687760861	0	0	0	0	0	0	0	0.378138673448744	2.10027280595427	1.37860624932067	2.40316541403282	2.73665218214118	0	0.713130992642316	1.71914254725165	0	2.18483003274407	0.969948812365492	2.61344991982904	1.65069672032108	2.27998691439749	1.69548241870962	3.10622469018537	1.50843425306163	0	0	0	0	0	1.00111600580175	1.85622887028955	0	1.68936034831979	3.61065331713437	0	0	0	0	0	0	0	0	0	0	0	0	0.860253075860784	0	1.97328697943632	3.4643165350801	0	2.45690010894165	2.01890325463271	0	0.577163967744752	1.86454572964902	1.83027771816878	0	0	0	0	0	0	0	1.55284270493946	0.577163967744752	3.01949091976468	2.25557646929953	0	0	0	1.8074004584483	0	0	0	0	0	4.52637932639154	AMPLICON	383	195240522	PRJNA395660	SAMN07412078	MIMARKS.survey,MIGS/MIMS/MIMARKS.human-gut	134331978	AC CAMARGO CANCER CENTER	26-Mar-2012	public	sra	gs,ncbi,s3	gs.US,ncbi.public,s3.us-east-1	human	digestive system	stool	SRX3033184	Brazil	South America	Brazil: Sao Paulo	Homo sapiens	Illumina MiSeq	23.555420 S 46.670139 W	P08.Pre	PAIRED	PCR	METAGENOMIC	human metagenome	ILLUMINA	2019-08-06T00:00:00Z	biological replicate 8	P08.Pre	SRP113514	Pre	P08	0
SRR5865070	0	0	0	0	0	0	0	0	0	0	0	3.03221294401911	0	1.99676847854579	0	2.29292977349049	2.18708855084733	0	3.5348773385674	0	0	0	2.01240645401828	0	0	0	0	2.66232378175321	0.767325119128619	0	1.30982430506382	0	0	0	0	0	0	0	3.62306544799981	0.977334418824602	0	2.88653946952505	1.63806426571352	0	3.25468261805445	0	2.73207444704151	2.06987050083596	0	0	1.97500141787899	0	0	0	0	0	0	0	0	1.74498224743962	0	0	3.09368695020959	0	0	1.57277988295925	0	3.10952937147756	0	0	2.18365060136455	0	0	2.75674480948443	0	0.917947480151484	0	2.03727999548909	3.38962931336112	2.84342105009377	0	0	0	0	0	0	1.82285941813074	0	1.47876385737682	3.88065612143319	0	0	3.03025185447552	1.02956884540353	0	0	0	0	0	0	0	0	1.11828790413043	0	0	2.75303939518912	0	0	0	3.96331578665964	0	2.42596169657472	2.16604037393307	0	0	1.2245307574155	1.86796339964064	0	2.33631255615608	0	0	1.58664549570629	1.54364548281237	0	0.849133703923602	0	1.35860598679068	1.66165741698525	0	0	0.917947480151484	0	3.04474861807877	0	1.44228439718415	0	0	0	1.8459966844328	0	0	0	0	0	3.2783514864438	0	3.53379980810629	1.33489970521003	1.77252240154961	2.69222399639363	0	3.40627563317034	0	2.69435904731467	0	2.76857361568822	1.15666333805034	1.30982430506382	2.70695351875262	2.55638542194718	0	0	0	0	0	0	1.58664549570629	0	0	0.849133703923602	0	1.8459966844328	3.43757604302899	1.33489970521003	2.76133255693733	0	0	0.977334418824602	0	1.42282730075019	0	0	1.07618992289543	0	0	0	1.49591536755835	0	2.47802987363832	0	0	0	2.08312240103105	1.42282730075019	1.15666333805034	0	2.66232378175321	0	2.13628874784442	0	1.33489970521003	0	0	0	2.1245845497359	0	0	2.18018521917862	0	0	0	0	1.98602130596193	0	3.90479795619505	0	1.19192141050319	4.86082539346189	0	0	0	2.44148603845826	0	0.666444053197985	0	0	0	0	0	1.02956884540353	0	0	0	0	0	0	0	0	0.917947480151484	1.61311540935144	1.42282730075019	3.34128228653469	0	0.849133703923602	0	0.666444053197985	1.76353500826596	2.95066004788567	2.56793555272531	3.19407962392971	3.83668884328626	2.93564818909814	0	3.30263779360436	0	0.666444053197985	1.58664549570629	3.21255145520385	0	2.97476742700063	3.36510665766432	0	2.92700921093218	1.71557671700886	0	1.51241517256831	0	0	0	0	0	0	1.89562409179174	0	1.87504548159828	0	0	0	1.25486168693934	2.44338813592275	0	2.51011135741286	3.15863811529141	0	0	4.31905625848848	3.13264780122515	0	0	0	0	0	0	0	1.25486168693934	0	0	1.02956884540353	0	0	0	1.96369461252141	0.977334418824602	0	0	0	0	4.24954040075202	AMPLICON	490	98438635	PRJNA395660	SAMN07412102	MIMARKS.survey,MIGS/MIMS/MIMARKS.human-gut	67412350	AC CAMARGO CANCER CENTER	31-Mar-2014	public	sra	gs,ncbi,s3	gs.US,ncbi.public,s3.us-east-1	human	digestive system	stool	SRX3033183	Brazil	South America	Brazil: Sao Paulo	Homo sapiens	Illumina MiSeq	23.555420 S 46.670139 W	P17.Pre	PAIRED	PCR	METAGENOMIC	human metagenome	ILLUMINA	2019-08-06T00:00:00Z	biological replicate 17	P17.Pre	SRP113514	Pre	P17	0
SRR5865071	0	0	1.88332980611463	0	0.981043968606637	1.19239868478574	0.895330144832895	0	1.96722089335638	0	0	2.75866242470534	0	2.00562250023248	0	2.20535629443662	0	0	1.49143431913346	0.981043968606637	0	0	0	0	0	0.723164533101383	0	4.06010879188737	1.25877659082269	0	0	0	0	0	1.11401262593646	0	1.84782285972615	0.940298229760086	3.30422688125838	0.64632175503092	0	4.18498944164687	0	0	4.55273457049124	0	0	0.552896003036921	1.11401262593646	0	0	1.08438975187002	0	0.788433245602491	0	1.16780913082589	0	0	0	0	0	0	0	0	0	0	0	0.788433245602491	0	0	0.940298229760086	0	0	0	0	0.940298229760086	0	0	0	0.788433245602491	0	0.552896003036921	0	0	0	0	0	0	0.723164533101383	1.14174332493355	0	0	1.47925697174923	0	2.40172141803594	0	0	0	0.552896003036921	2.23451957595612	0	3.17670362036842	0	0	0	3.51052427848579	0	0	0	2.04762736722718	0	0.552896003036921	0	0	0	0	0	0	2.89415354206387	1.95500553271211	0	0	0	0	2.55343764566863	0	2.43578265915492	0	0	0	1.84782285972615	0	0	0	0	1.49143431913346	0	0	1.23775803508865	0	0	2.42890350646862	0	0	4.60660227569179	0	1.51481019447061	0	0	0.723164533101383	0	2.43441551818072	0	0	0	0	0	0	0	3.25723911390596	0.64632175503092	0	0	0	0	0	0	0	0	0	0	0	0	1.14174332493355	1.05259744809346	0	0.940298229760086	1.41265267870041	0	0.723164533101383	0	0	1.51481019447061	0	0	0.552896003036921	0	0	2.14575916117833	0	0	1.23775803508865	1.60676158533995	0	0	0	1.75376618956646	0	0	0	0.940298229760086	0	0.940298229760086	0	0	0	0	1.29798802719165	0	0	0	0	0	0	1.01829267041626	0	0.981043968606637	2.263879724811	0	0	0.64632175503092	0	0	0	0	0	0	0	0	1.55809545089963	0	0	0	0	0	0	0	0	1.8734776904331	0.981043968606637	2.35500594106822	0	0	1.31634138554483	1.53699186891941	0	0.940298229760086	0	1.52604263296742	1.35087331260748	1.83712099024134	0	0	0.895330144832895	0	1.87843168499256	0	0	0	0	1.11401262593646	0	0.64632175503092	1.44053159328026	0	0	1.49143431913346	0	0	0	0	2.16144253065456	0	0	0	0	0	0	1.29798802719165	3.20174517841496	0.845162365893902	4.35311977836971	1.54767183254946	0	0	1.08438975187002	0.940298229760086	0	0	0	0	0	0	0	1.95085618282051	0	2.28175719064104	1.27882469742349	0	0	0	2.95355851712463	0	0	0	0	0	4.7583541659858	AMPLICON	440	144039589	PRJNA395660	SAMN07412045	MIMARKS.survey,MIGS/MIMS/MIMARKS.human-gut	92233311	AC CAMARGO CANCER CENTER	15-Jul-2011	public	sra	gs,ncbi,s3	gs.US,ncbi.public,s3.us-east-1	human	digestive system	stool	SRX3033182	Brazil	South America	Brazil: Sao Paulo	Homo sapiens	Illumina MiSeq	23.555420 S 46.670139 W	P01.3M	PAIRED	PCR	METAGENOMIC	human metagenome	ILLUMINA	2019-08-06T00:00:00Z	biological replicate 1	P01.3M	SRP113514	3M	P01	1
SRR5865072	0	0	1.66438926667932	1.06554127029494	0.800337954480047	0	1.29227154712677	0	1.19353738532471	0	0	4.17128921959705	0	1.62518132817197	0	3.42437749944929	2.31583668850357	0	0	0	0	0	0.952876093791827	1.01285194923722	0	0	0	2.27493243325857	1.82886002455689	0	2.54294833751622	0.952876093791827	0	0	0	0	0.883269916098205	0	4.20293527955284	2.26876129887879	0	3.6412240335954	1.93465882938891	0	4.15419325860691	0	2.53796121982246	1.7335571765455	1.06554127029494	0	1.83733389227332	0	0	0	0	0.952876093791827	1.77422006937377	0	0	1.58207924379948	0	0	3.18059270642147	0	0	0.952876093791827	2.14356627583133	3.37033108546482	0	0	1.26178791973628	0	0	3.18963492723108	0	0	1.55076818497791	1.86180643857284	2.05155455347401	2.73698160079997	0	0	0	0	0	0.563153773983705	0	0	3.09502615127174	0	0	0	3.44763275942694	0	0	0	1.39646409382382	0	0	2.01966644754004	2.69365530092911	0	0	0	0	2.09072758924578	0.697740423876851	0.563153773983705	0	3.02581353372861	1.15491712624604	2.67576843617626	1.53422330889362	0	0	2.65584047093981	0.952876093791827	0	2.62412148685441	1.82886002455689	0	0	1.22900199429949	0.883269916098205	1.46091358626888	0	0	0.883269916098205	0	0	1.63864779200944	0	1.86966680833725	1.62518132817197	2.17552801228709	0	1.19353738532471	1.11252429625874	2.53122137553358	0	0	0	0	0	3.57253276037808	0	2.93144509888837	0	1.94786979214174	1.65170921981263	0	2.55597394820839	0	0	0	1.7335571765455	0	0	2.09072758924578	1.67670957409472	0	0	0	0	0	0	0	0	0	0	0	1.49911346688189	0	4.60435269490337	1.26178791973628	0	0	1.26178791973628	2.27185782711606	0	0	0	1.49911346688189	0	0	0	3.60480839175102	0	2.10906412973647	0	0	0	3.15268459134301	0	0	0	2.62137062525252	0	2.37076717443834	0	1.19353738532471	0	0	0	0	0	0.883269916098205	3.62647692533303	0	2.06168401582399	0.800337954480047	0	0	0	0	0	1.82886002455689	2.68658870950825	0	0	0	0	0	0	0	0	0	0	1.63864779200944	1.11252429625874	0	0	0	0	0	0	0	0	1.51702309118119	1.01285194923722	2.57786900589246	2.63495393320359	0	0.697740423876851	1.39646409382382	0	2.28701770547337	0	3.34864655379801	3.63871231866495	3.94398047640569	1.78381756391345	0	3.27038231721343	0	0	0	3.09595239689085	0	1.83733389227332	1.62518132817197	0	2.77249515971563	4.2382707209418	0	0	0	0	0	0	0	0	2.6842073940705	0	2.62685503385806	0	0	0	0	3.00692221251698	0	2.61018955358821	3.08754419846198	1.82021752056169	2.98359103425577	1.51702309118119	2.1943719424936	0	0	0	0	0	0	0	1.44047498531548	0	2.34807063145326	3.28975810079327	0	0	0	1.9792392215558	0	0	1.19353738532471	0	0	4.47249901673124	AMPLICON	437	95714645	PRJNA395660	SAMN07412090	MIMARKS.survey,MIGS/MIMS/MIMARKS.human-gut	63504419	AC CAMARGO CANCER CENTER	15-Jul-2013	public	sra	gs,ncbi,s3	gs.US,ncbi.public,s3.us-east-1	human	digestive system	stool	SRX3033181	Brazil	South America	Brazil: Sao Paulo	Homo sapiens	Illumina MiSeq	23.555420 S 46.670139 W	P12.Pre	PAIRED	PCR	METAGENOMIC	human metagenome	ILLUMINA	2019-08-06T00:00:00Z	biological replicate 12	P12.Pre	SRP113514	Pre	P12	0
SRR5865073	0	0	0	0	0	0	0	2.12359865462382	0.64606632227768	0	0	3.28443372341469	0	0	0	1.54735123582164	0	0	1.36684561077053	0	0	0	0	0	0	0	0	2.75833305067614	0	0	0	0	0	0	0	0	0	0	4.58538467036894	3.38075708255324	0	2.10060978143502	0	0	3.27069011999975	0	2.67878396701503	0	0	0	0	1.25846483116676	0	0	0	0	0	0	0	0	0	0	2.72320125056643	0	0	1.56795371184841	0	0.788157018206522	0	0	0	0	0	0	0	0	0	0	0	1.92031867275383	0	0	0	0	0	0	0	0	0	0	0	0	2.99014764505987	0	0	0	0	0	0	0	0	0	1.68994638016687	0	0	2.60412608975264	0	0	0	3.99043274463005	0	0	0	0	0	2.88663883636925	0	0	2.3530303168896	2.34301413931715	0	0	0	0	1.6064397988787	0	1.89263764581417	3.01743439955352	0	0	0.980748497923352	0	2.94019071892741	0	0	0	0	0	0	0	0	2.82219377978381	0	0	3.96263511169514	1.91128629057973	3.67514374378919	0	0	0	0	2.10647208607165	0	0	0	3.29247585022216	0	0	2.97857777935601	1.29767469721428	0	0	0	0	1.45350910191937	0	0	0	0	0	0	0	0	2.34637859769028	0	0	0	0	0	0	0	0	0	0	0	0	0	0	0.895042196580903	0	0	1.16750160949781	1.11370806210951	0	0	0	3.3014881178318	0	0	0	0	0	0	0	0	0	0	4.00221357201261	0	0	0	0	0	0	1.92916702197948	0	1.47893797072742	4.69220298270518	0	0	0	0	0	0	0	0	0	0	0	0.64606632227768	0	0	0	0	0	0	0	0	0.980748497923352	0	0	4.06567144756058	0	0	0	0	0.980748497923352	0	1.88300417468966	1.42649820759019	2.1956463730027	1.65844333467273	0	0	0	0	0	0.895042196580903	0	2.15594976904298	1.54735123582164	0	1.36684561077053	0	0	0	0	0	0	0	0	0	0	0	1.45350910191937	0	0.895042196580903	0	0	2.05062405678348	0	2.70007839434064	2.49290510587556	0	0	0	3.50858259109526	0	0	0	0	0	0	0	3.22752180424067	0	0	1.98651945943142	0	0	0	3.97722702389587	0	0	0	0	0	4.49821122811486	AMPLICON	495	81377719	PRJNA395660	SAMN07412044	MIMARKS.survey,MIGS/MIMS/MIMARKS.human-gut	58284815	AC CAMARGO CANCER CENTER	08-Apr-2013	public	sra	gs,ncbi,s3	gs.US,ncbi.public,s3.us-east-1	human	digestive system	stool	SRX3033180	Brazil	South America	Brazil: Sao Paulo	Homo sapiens	Illumina MiSeq	23.555420 S 46.670139 W	P01.2Y	PAIRED	PCR	METAGENOMIC	human metagenome	ILLUMINA	2019-08-06T00:00:00Z	biological replicate 1	P01.2Y	SRP113514	2Y	P01	1
SRR5865074	0	0	0	0	0	1.42090215424556	0	0	1.32809201623492	0	0	3.49370718555881	0	2.62131010016667	0	3.09949346312247	1.70283432092227	0	3.65674967629776	0	0	0	0	0	0	0	0	2.01310460898461	0.901636912291662	0	1.911209110206	0	0	0	0	1.64451281070278	0.901636912291662	0	4.26055490084394	2.35662727547426	0	2.10648624834635	1.68614520301796	0	3.03973314384961	0	2.42795061904994	2.73531765351261	3.0574561075369	2.4681666031688	1.84571087255014	1.11543586313671	0.46266794317854	0	0	0	0.826425296152668	0	0	1.64451281070278	0.46266794317854	0	0	0	0	4.19210601216206	0	3.06415766044236	0	0	2.9502079513192	0	0	0	0	0	1.13604442661965	2.17417801772481	1.96513840947343	2.61933026374863	0	0	0	0	0	0	1.25806777953035	0	0	1.24259841200859	0	0	2.89003055858524	0	0	0	1.42090215424556	0	0	1.93423176298714	0	0	1.9405915572549	1.76854951644675	0	4.66689092515966	0.620101879246018	0	0	3.51085406015098	0	2.41860115212996	1.86114345444291	0	0	1.11543586313671	2.67801804205573	0	2.437103045602	1.41032905565872	0	2.4196499769153	1.71361442822351	0.826425296152668	1.51450417029697	0	0	1.74936747583665	0	0	0.46266794317854	0	2.53167671811894	0	1.68043653726886	1.25806777953035	1.44130611737871	2.56739797112214	2.0288437816776	0	0	0	0	0.681567400141828	2.86932999939344	0	3.70824878930176	1.30142136159929	1.87236833895964	2.60725787914014	0	3.51684142575823	0	3.15259804969087	0	2.57036966410238	0	1.84571087255014	2.22623549779868	2.11712721352336	1.49732848890563	0	0.355617915952574	0	0.620101879246018	1.41032905565872	0	0	0	0	0	2.10648624834635	1.53905754385544	1.28744557030142	2.82264481458885	0	0	0	0	0.735402513572187	0	0	0	0	0	0	2.82471076748671	0.826425296152668	2.44011148821351	0	0	1.02156203652726	2.03650451051411	1.44130611737871	0	0	3.64487671087941	0	3.03289602218398	0	0.620101879246018	0	0	0	0	0	0	3.68346191059764	0	0	0	0	0	0	3.62182357645815	0	1.20990155094926	4.36511673688238	0	0	0	0	0	0	0	0	0	0	0	0	0	0	0	0	0	0	0	0	0	1.25806777953035	0	3.62835093201255	0	1.25806777953035	0	0	2.31603049470959	1.3883778216218	2.17967369363012	3.20077876675681	3.76144717375603	2.64563673390725	0	2.91316475467423	0.934862524020265	0	1.72929888949946	2.87597423105499	1.02156203652726	1.91791248495145	3.31799459597606	0	2.9851937925486	1.45115952559626	0	0	0	0	0	0	0	0	1.13604442661965	0	0	0	0.548480013701328	0	0	1.43122395181405	0	3.28571394888374	3.49131563030357	0	0	0	2.55759708780155	0	0	0	0	0	0	0	1.70825782184628	0	0	1.34083726702586	0	0	0	3.01571541493039	0	0	0	0	0	4.32575926628011	AMPLICON	497	196345369	PRJNA395660	SAMN07412069	MIMARKS.survey,MIGS/MIMS/MIMARKS.human-gut	142285980	AC CAMARGO CANCER CENTER	25-Oct-2012	public	sra	gs,ncbi,s3	gs.US,ncbi.public,s3.us-east-1	human	digestive system	stool	SRX3033179	Brazil	South America	Brazil: Sao Paulo	Homo sapiens	Illumina MiSeq	23.555420 S 46.670139 W	P06.3M	PAIRED	PCR	METAGENOMIC	human metagenome	ILLUMINA	2019-08-06T00:00:00Z	biological replicate 6	P06.3M	SRP113514	3M	P06	1
SRR5865075	0	0	0	0	0	2.35805950490617	0	0	0.546906415704863	0	0	3.17574107938823	0	4.47527479552677	0	3.62455472555178	1.29007090221487	0	0.716413708736267	0	0	0	1.60773597518857	0	0	0	2.44091143236319	2.04598289466047	2.58960698451793	0.716413708736267	1.35918188366917	0	0	0	0	0	0	0	4.51785382759292	2.73312596541425	0	1.77105687750815	2.80798813002125	0	3.28974877402152	0.428453320028199	2.22405283544378	3.15757741059422	0	0	1.68962882405499	0	0	0	0	0	0	0	0	1.56016129771205	0	1.010758386029	3.19294132008524	0	0	0	1.16004004530959	3.2221514234072	0	2.18530965341508	0.888059542864577	0	0	2.62218150772963	0	1.83428494401527	0	1.87509900581507	1.77105687750815	2.13212292852965	0	0	0	0	0	0.546906415704863	0	0	2.69134073795302	1.20784155419112	0	0	2.64921808223528	1.04500194909846	0	0	1.50672654668827	3.03172204485593	0	1.43249592430204	2.12670058499034	0	0	0	0	3.47098301667549	0	0	0	3.66799821472386	0	2.58772361313223	2.06526103950648	0	0	1.22990392470086	0	0	2.52487665056313	2.55540744707003	0	1.18459813937233	1.25089949190089	0.639878038765892	0	0	0	2.17322426412942	0	0	0.888059542864577	0	3.13085427416596	0.781460885340872	0	1.91685051054736	2.30534056673425	0	2.51383061924428	0	0	0	0	0	3.09127338730137	0	3.6681550793279	1.8289025550132	1.94675797510962	2.61337536469856	0	3.34195813544501	0.639878038765892	1.8289025550132	0	2.79000329067706	0	1.45867477099643	2.42473417305948	1.20784155419112	1.13400958858987	0	0	0	0	0	0	0	0	0	0	1.93419180818072	2.69724769799084	1.62539657336807	2.73648901322289	0	0	0	0.546906415704863	1.91685051054736	0	0	0	0	0	0	1.18459813937233	0	3.55837583499555	0	0	0	2.23694155368159	1.37486827072483	1.68962882405499	0	3.76958675825956	0	2.11564847099867	0	2.09852434877929	0	0	0	1.010758386029	0	0	3.36177465463091	0.838022649850033	0	0	0	2.44617265768811	0	1.29007090221487	0	0.716413708736267	3.80595441747615	0	0	0.639878038765892	0	0	0	0	0	0	0	0	0	0.428453320028199	0	2.39927904158073	0	0	0	0	0	1.04500194909846	2.68384223215281	0	2.93896710925801	0	0.838022649850033	0.781460885340872	0	1.93842105918956	2.13212292852965	2.00102378377502	3.57297054005163	4.06189409334558	2.86738513845673	2.06526103950648	3.61888237147291	0	0	0	2.9610923833759	1.68962882405499	2.26362031995407	4.17364761013307	0	2.76751450971249	2.88677241326648	0	2.19706782015869	1.010758386029	0	0	0	0	0	2.33503983244918	0	1.35918188366917	0	0	0	0.781460885340872	1.91240479097922	0	1.78325883385496	3.60902108599282	0	0	1.32599968246834	2.49321090883236	0	0	0	0	0	0	0	1.77105687750815	0	0	2.21524282699571	0	0	0	2.19938172941209	2.39927904158073	0	0	0	0	4.51405745379871	AMPLICON	487	137090913	PRJNA395660	SAMN07412091	MIMARKS.survey,MIGS/MIMS/MIMARKS.human-gut	85223711	AC CAMARGO CANCER CENTER	15-Sep-2014	public	sra	gs,ncbi,s3	gs.US,ncbi.public,s3.us-east-1	human	digestive system	stool	SRX3033178	Brazil	South America	Brazil: Sao Paulo	Homo sapiens	Illumina MiSeq	23.555420 S 46.670139 W	P13.1Y	PAIRED	PCR	METAGENOMIC	human metagenome	ILLUMINA	2019-08-06T00:00:00Z	biological replicate 13	P13.1Y	SRP113514	1Y	P13	1
SRR5865077	0	0	0	0.688943260459651	0	3.44531631786136	0	0	1.36817229842216	1.26685430751742	0	3.10371532281893	0	1.26685430751742	0	3.18883512279382	1.83271017488768	0	0.834346163556718	0.468781793234321	0	0	2.19969581827271	0	0	0	0	1.70367851523815	1.10235327716573	0	1.19234633570673	0	0	0	0	0.892111258081947	0	0	4.03287146583672	2.70178435744357	0	3.32609149053033	2.04062127078265	0	3.10603504848008	0	2.79295079389512	2.2906894813863	1.65979910588903	2.63484167106835	2.17220475769352	0.892111258081947	1.10235327716573	0	0	0	2.121062652812	0	0	1.36817229842216	0	1.06767273347672	3.03432661660328	0	0	0.767701659653644	0	3.70593410477843	1.72802449043458	1.96069348743253	3.12161644877846	0	0	3.35423184135216	0	0	1.57882147929402	2.16649137802897	2.95639335704409	2.27079762650198	0	0	0	0	0	0	1.53186226037439	0	3.62950151250418	3.80094620828415	1.50633022115801	0	2.91017067247445	0.834346163556718	0	0	2.00874072325832	0	0	2.0169329321507	0	1.65046497494048	0	0	0	3.16352973879163	0.892111258081947	1.916998920694	0	3.53937125118146	0	2.98613792755233	1.85092751057354	0	0	1.13446803756885	1.83271017488768	0	2.16649137802897	1.26685430751742	0	1.91186106665364	1.72005985262592	0	0.767701659653644	1.45026753552339	0	1.21862846920235	0	0	0.892111258081947	0	2.53029194632948	1.4792028861529	2.03286783914936	3.21171160118623	0	0	2.05199789836238	0	0	0	0	0	2.99348050978142	0	3.2629784280022	1.91186106665364	1.81369509209435	2.41235955758078	0	2.73174593950801	0	2.18341085592898	0	2.4188409748718	0	0	2.19162966332476	2.00039100674846	1.10235327716573	0	0	0	0	0	0	0	0	0	0	1.93696326037137	0	3.88774407877355	3.41589350613632	0	0.688943260459651	0.592666746793405	0	0.988703478451951	0	0	0	0	0	0	2.76920643199021	0	2.54856639722768	0	1.10235327716573	0.767701659653644	1.96528781137937	1.02998054497128	2.07032073736736	0	3.1780499979767	0	2.45582068553295	0	1.50633022115801	0	0	0	2.28852373683957	0	0	1.82646386501317	0	0.767701659653644	0	1.81369509209435	0	1.24341044404623	2.91686390716106	1.68665498083063	1.66893683558594	3.45696178273882	0	0	0	0	0	0	0	0	0	1.02998054497128	0	1.4792028861529	0	0	0	0	2.39741272314377	0.943087257773539	0	0	0.988703478451951	0	1.50633022115801	2.90756863233958	0	0	0	0	1.53186226037439	3.41992294447507	2.29498883683444	3.64952919953011	4.45311062542154	2.97016663609857	0	3.68657621445916	0	1.02998054497128	1.4792028861529	3.30924154014729	0	2.56033567901838	3.46973594537875	0	3.14700600269856	1.19234633570673	0	0	0	0	0	0	0	0	1.93696326037137	0	2.44535630979503	0	0	0	1.3102561669371	2.31992775275611	0	1.90139933483073	3.55972399813535	2.30763728166894	0	4.43178756144405	2.60341090854234	0.468781793234321	0	1.13446803756885	0	0	0	0.592666746793405	1.93205755374565	0	0	1.5559762593223	0	0.592666746793405	0	1.41926584411252	1.68665498083063	0	0.988703478451951	0	0	4.62468978381471	AMPLICON	483	121578954	PRJNA395660	SAMN07412109	MIMARKS.survey,MIGS/MIMS/MIMARKS.human-gut	77642849	AC CAMARGO CANCER CENTER	20-Oct-2014	public	sra	gs,ncbi,s3	gs.US,ncbi.public,s3.us-east-1	human	digestive system	stool	SRX3033176	Brazil	South America	Brazil: Sao Paulo	Homo sapiens	Illumina MiSeq	23.555420 S 46.670139 W	P21.Pre	PAIRED	PCR	METAGENOMIC	human metagenome	ILLUMINA	2019-08-06T00:00:00Z	biological replicate 21	P21.Pre	SRP113514	Pre	P21	0
SRR5865085	0	0	1.18566519504315	0	0	0	0	0	0	0	0	3.68978659049612	0	1.72883457179818	0	2.81026308522688	1.1380385321318	0	0	0	0	0	0	0	0	0.621737979143855	0	2.34084167161703	1.42297173622588	1.4483349656369	2.21340059060692	0	0	0	0.86751577325587	0	0	0	4.07175583062732	2.20051611967948	0	0	1.62747161524612	0	3.49364353970312	0	2.95848827968622	1.93954951535987	0	0	2.61815614864134	0	0.86751577325587	0	0	0	0	0	0	1.75392507622474	0.761786150286657	1.18566519504315	1.67383562966541	0	0	0	0	3.31762195548069	0	1.64348259534449	1.82151941967333	1.64348259534449	0	0	0	0	0	2.60116465662211	2.51097250895817	2.59417744537365	0	0	0	0	0	0	0	0	2.92446302753333	3.44209207788155	0	0	2.81558372066477	0	0	0	1.55677884122752	0	0	1.53714891023497	0	1.39603489350589	0	0	0	3.45876355377863	0	0	0	4.16769576877754	0	2.17815433717814	1.70220515106314	0	0	1.33656305595643	0	0	2.09215293518234	3.00874112947418	0	2.14477752521843	1.62747161524612	0	0.86751577325587	0	0	1.62747161524612	0	0	1.33656305595643	0	1.77764485688176	1.08453817414938	0	2.12448630366637	1.51658953842637	0	2.48232168471123	0	0	0	0	0	2.97344923688304	0	3.31628835949187	2.6684509813767	1.90652489982208	2.82292477165832	0	4.24034314405124	0	3.34315460504883	0	3.21565836930619	0	1.93954951535987	2.4467287223023	1.26763520166379	0	0	0	0	1.33656305595643	0	0	0	0	0	0	2.9102398146953	1.08453817414938	1.39603489350589	3.3781188069505	0	0	0	0	0	0	0	1.08453817414938	0	0	0	1.841899243905	0	2.36835181027443	0	0	0	2.19170908781343	2.4467287223023	1.4483349656369	0	3.48489963731751	0	0	0	2.05721729859709	0	0	0	1.51658953842637	0	0	3.11628156449052	0	0	0	0	2.47543263755303	0	1.80013595581888	0	0	3.87870344245855	0	0	0	0	0	0	0	0	0	0	0	0.761786150286657	0	0	0	0	0	0	0	0	1.65892423193431	0	1.08453817414938	3.81371288993337	0	0	0	0	2.5906412269939	3.30272220782378	2.6887469219018	3.55942735274061	4.12338611720801	3.33459603849605	0	3.5180275685526	1.26763520166379	0	1.86136543221865	3.73864676433667	0	2.71485686474615	3.19848402709597	0	3.18874039270072	2.99775665890052	0	0	0	0	0	0	0	0	0	1.53714891023497	0	0	0	0	0	2.72799331338694	0	2.20485355463577	3.48103239766248	0	0	1.55677884122752	2.22591379836313	0	0	0	0	0	0	0	2.4392461996629	0	0	1.74156099309942	0	0	0	2.85402154864535	2.15939704415177	0	0	0	0	4.7786566479769	AMPLICON	471	74684777	PRJNA395660	SAMN07412087	MIMARKS.survey,MIGS/MIMS/MIMARKS.human-gut	53308946	AC CAMARGO CANCER CENTER	23-Apr-2013	public	sra	gs,ncbi,s3	gs.US,ncbi.public,s3.us-east-1	human	digestive system	stool	SRX3033168	Brazil	South America	Brazil: Sao Paulo	Homo sapiens	Illumina MiSeq	23.555420 S 46.670139 W	P11.Pre	PAIRED	PCR	METAGENOMIC	human metagenome	ILLUMINA	2019-08-06T00:00:00Z	biological replicate 11	P11.Pre	SRP113514	Pre	P11	0
SRR5865086	0	0	1.29030874474803	1.39024825734099	0	0	0.781670124232673	0	0	0	0	2.75830523667275	0	3.2899993394573	0	3.52220516921856	1.2080767177552	0	0	0	0	0	0.888277804788155	0	0	0	0	1.89439984110317	1.41903106531261	0	2.28523062349401	0	0	0	0	0	1.29030874474803	0	4.53398302016348	0	0	0	2.00127197749623	0	3.19436139468465	0	2.23293690083474	1.88497758135943	0	0	0	0	0	0	0	0	0	0	0	1.47143749265761	0	1.10654997035176	2.02948549213993	0	0	0	1.2080767177552	2.69233370142466	0	0	3.58790801012042	0	0	0	0	0.973805910953697	1.89439984110317	0	3.33041652776678	3.07091418947591	0	0	0	0	0	0	0	0	3.05446632816473	1.85541844661531	0	0	2.93584167682101	1.39024825734099	0	0	2.62849136240475	0	0	1.81259002299733	0	0	0	0	0	4.43396060069778	0	1.32623854541861	0	3.75183742467586	0	2.20649952882894	1.10654997035176	0	0	2.69084686975397	0	0	2.34199187613687	2.19731692217157	0	1.58006494170258	1.78948023669428	0	2.24970805038452	0	0	1.32623854541861	0	0	1.2080767177552	0	2.6019038228444	0	0	1.86549669334414	0	0.973805910953697	2.52621590481434	0.973805910953697	0	0	0	0	3.55558672224488	0	2.78428944441657	0	1.41903106531261	1.98644673332867	0	3.02097005631285	0	2.37093536116929	0	2.88369187931087	0	0	2.31806607741952	1.84510075635246	2.19731692217157	0	0	0	0	0	0	0	0	0	0	2.24970805038452	0	3.29261536711474	3.34452921164482	0	0	0	0	1.49544546729847	0	0	1.16027340182102	0	0	0	2.58322917838294	0	2.64036297324883	0	0	1.82369955263943	2.62849136240475	0	0	0	3.28962433152685	0	2.04293342364104	0	1.41903106531261	0	0	0	0.973805910953697	0.781670124232673	0	3.53411867152328	0	0	0	2.0226020768734	0	1.56040509156994	0	1.58006494170258	0	2.86315145305143	0	0	0	0	0	0	0	0	0	0	1.73920830418395	1.32623854541861	0	0	0.888277804788155	0	0	0	0	0	1.73920830418395	0	0	2.68785784796669	0	0	0	0	2.87598106738574	0	3.20085325206105	3.19622613428708	3.94295524136936	3.41824339737784	0	3.58354433774571	1.6972745814066	0	0	1.80118882717789	0	1.56040509156994	4.40350619809706	0	2.82001186800966	3.7699615614427	0	0	0	0	0	0	0	0	0	0	0	0	0.781670124232673	0	1.29030874474803	2.55768596774108	0	3.41740558070377	4.09895781592435	0	3.79819510283867	0	2.32156581258161	0	0	0	0	0	0	0	2.09291157327365	0	3.07277254950132	1.99392261237376	0	0	0	2.49696612792337	2.06235537958211	0	0	0	0	4.23711350366045	AMPLICON	471	74661920	PRJNA395660	SAMN07412089	MIMARKS.survey,MIGS/MIMS/MIMARKS.human-gut	54126379	AC CAMARGO CANCER CENTER	11-Nov-2013	public	sra	gs,ncbi,s3	gs.US,ncbi.public,s3.us-east-1	human	digestive system	stool	SRX3033167	Brazil	South America	Brazil: Sao Paulo	Homo sapiens	Illumina MiSeq	23.555420 S 46.670139 W	P12.3M	PAIRED	PCR	METAGENOMIC	human metagenome	ILLUMINA	2019-08-06T00:00:00Z	biological replicate 12	P12.3M	SRP113514	3M	P12	1
SRR5865087	0	0	0.896461002475631	0.565268619989238	0	2.60984226823241	0.747091435946018	0	0.936671034233438	1.66723455714218	0	3.77390506448978	0.402884591654296	3.32035690708266	0	3.56899581225815	2.04556184882106	0	2.85002681977856	0	0	0	0.683188016069332	0.331724715176539	0.331724715176539	0	0	1.61813795856292	2.15929246443797	0	1.62997052979551	0	0	0	0	0	0.917031218104764	0	4.66320527870858	2.61309050842651	0	3.43083776831416	2.95710258320326	0	3.06477421430761	0	2.68727999330981	2.42957739500478	0	0	2.62936679539468	0.990764913706326	1.15762226770652	0	0	0	0.683188016069332	0.402884591654296	0	1.32744668205425	0.246575628773166	0.517583677064426	1.82680712240258	0	0	0	0.46400974707726	2.58939849039838	0	1.58057351594911	1.03886123043084	0	0	3.4924715438914	0	0	1.6881488475038	1.90983867101675	0.683188016069332	1.60597395178161	0.402884591654296	0	0.246575628773166	0	0	0	0	0	3.27487815934376	1.41867125005377	0	0	3.07828711544145	0	0	0	0	0	0	1.45507744567231	2.1988393342323	0	0	0	0	2.64014181666596	0	0	0	3.40307408321482	0	2.51350415613105	1.73335579766373	0	0.331724715176539	1.91592369186466	0	0	2.42084902666485	3.72305138271228	0	1.10879669258888	0.917031218104764	0	0.608231973658758	0	0	0.608231973658758	0	1.37893161597506	0.716314035311859	0.331724715176539	1.91993351667318	0.917031218104764	1.34278983802294	1.78531964524447	0	0.402884591654296	2.63976156261785	0	0	1.73944626969057	0	0.331724715176539	3.61156886785996	0	2.54584810145586	0	1.61412102629226	2.08822741752938	0	2.51044075800295	0	2.64165951219792	0	2.83475852680529	0	1.05377833109067	1.25078303587156	1.7015523319673	0	0	0	0	0.246575628773166	0.683188016069332	2.51553448236532	0	0	0	0	2.38680094145415	0	4.36028112665587	2.69135275342474	0	0.402884591654296	0.565268619989238	0	0.874867832717205	0	0	0	0	0	0	3.07856421119775	0	2.8652294652914	0	2.1067888879967	1.26000079767053	2.02568687137847	0.802786777671956	1.49402042414837	0	3.43707034937679	0	1.7240568850368	0.331724715176539	2.35281103555843	0	0	0	1.33518601366061	0	0	3.72540026072192	0	0	0	0	0	0.331724715176539	1.09568164475713	0.608231973658758	3.48606980576908	4.05828434780693	0	0	0	0	0	0	0	0	0	0	1.6376835205826	0	0	0	2.14168907448945	0	0	0	0	0.246575628773166	0.716314035311859	0	0	3.61593098729105	0	0.852144617217407	0	0	1.76584337980083	0.852144617217407	2.2102383389136	4.10907936702223	4.21820341792486	2.53387825347572	0	3.40287721701839	0	0	0	1.49402042414837	0	2.36800993688134	1.03886123043084	0	2.27386789132517	2.63363177740116	0	2.04705367277191	1.15762226770652	0.246575628773166	0	0	0	0	0	0	2.44054783118255	0	0	0	0.82816651406426	1.94324476445725	0.802786777671956	2.47910722398761	3.46921769154789	2.21733950758609	0	1.05377833109067	2.8133581346206	0	0	0	0	0	0	0	2.01298807402887	1.26902697469966	0	1.14592078522979	0.716314035311859	0	0	2.5528747887481	0.917031218104764	0	0	0	1.35760938284575	4.28379727998952	AMPLICON	492	313698565	PRJNA395660	SAMN07412088	MIMARKS.survey,MIGS/MIMS/MIMARKS.human-gut	197791282	AC CAMARGO CANCER CENTER	18-Aug-2014	public	sra	gs,ncbi,s3	gs.US,ncbi.public,s3.us-east-1	human	digestive system	stool	SRX3033166	Brazil	South America	Brazil: Sao Paulo	Homo sapiens	Illumina MiSeq	23.555420 S 46.670139 W	P12.1Y	PAIRED	PCR	METAGENOMIC	human metagenome	ILLUMINA	2019-08-06T00:00:00Z	biological replicate 12	P12.1Y	SRP113514	1Y	P12	1
SRR5865096	0	0	0.905366288543077	0	0	0	0	1.59359863700093	1.04375743276025	0	0	3.77879259638401	2.21477221341386	3.50910474041001	0	3.48647211901915	0	0	0	0	0	0	0	0	0	0	0	1.36421560903847	2.02376512126927	0	2.31221797341836	0	0	0	0	0	0.478856660893384	0	4.44365109855152	2.4679744878073	0.701051661148153	2.29038888077228	2.39528697190258	0	2.85932580003897	0	2.01960892405365	3.01543522318407	0	0	0	0	1.82863661899876	0	0	0	0	0	0	1.17851889067034	0	1.32469632882877	1.95681421591625	0	0	0	0	1.98934551982431	0	0	2.09600129113647	0	0	0	0	0	2.25300595179393	0	2.84207481090861	1.14854331579472	0	0	0	0	0	0	0	0	2.8414458488337	1.93198893747065	1.04375743276025	0	2.25543906184187	0	0	0	0	0	0	2.21477221341386	0	0.780319426738852	0	0	0	3.95766229784998	0	0	0	3.80235407097112	0.847328005491953	2.20398133315417	1.44966593913368	0	0	1.38270371292911	1.28121763493984	0	0	3.20153074570368	0	1.82863661899876	1.00234116374961	1.44966593913368	2.13291507826355	0	0	3.20015508372214	0	0	0	0	0	0	1.54659447530626	2.40913052840063	0	0	2.1296859648022	0	0	2.16693561260591	0	0	3.02543866667405	0	3.83254682811399	0	0	2.41923108904896	0	3.58112443670695	0	3.21585098116074	0	3.19849851669064	0	0	2.68020202145694	1.14854331579472	0	0	0.780319426738852	0	1.00234116374961	0	0	0	0	0	0	0	0	2.34894181097498	2.77049370723008	0	0	0	0	0.780319426738852	0	0	0	0	0	0	2.8793920486808	1.90565809217977	3.6427831139225	0	0	1.23289689587125	2.18727500015331	2.38997971591771	0	0	3.47520984003762	0	3.05797656473743	0	2.53534729128172	0	0	2.24809845177104	1.3449053284797	0	0.780319426738852	3.5222964993304	0	0	0	0	0	0	1.67464320535072	0	0.956554846741114	4.7601179631795	0	0	0	0	0	0	0	0	0	0	0	2.24313486290604	0	0	0	0	2.14871003138805	0	0	0	0.956554846741114	0	1.00234116374961	3.58398052462729	0	0	0	0	1.98484474014985	0	2.73094945145583	0	3.94201962095872	2.40742402455563	2.09248454741162	2.50774239162967	0	0	0	0	0	2.24809845177104	1.58231587682904	0	2.64997764627342	3.71186997029469	0	0	0	0	0	0	0	0	0	0	0	0	0.604011836498829	0	0	1.82210516545848	0	2.74453489641599	3.19600175782241	0.780319426738852	3.41924002966284	1.28121763493984	2.78934770132753	0	0	0	0	0	0	0	2.41252355042533	0	2.74453489641599	1.70151866204664	1.11634438025814	0	0	3.80776101124579	1.67464320535072	0	0	0	0	4.13957442233148	AMPLICON	495	122685414	PRJNA395660	SAMN07412060	MIMARKS.survey,MIGS/MIMS/MIMARKS.human-gut	88450152	AC CAMARGO CANCER CENTER	23-Apr-2012	public	sra	gs,ncbi,s3	gs.US,ncbi.public,s3.us-east-1	human	digestive system	stool	SRX3033157	Brazil	South America	Brazil: Sao Paulo	Homo sapiens	Illumina MiSeq	23.555420 S 46.670139 W	P04.3M	PAIRED	PCR	METAGENOMIC	human metagenome	ILLUMINA	2019-08-06T00:00:00Z	biological replicate 4	P04.3M	SRP113514	3M	P04	1
SRR5865097	0	0	1.66727781958007	0	0	3.08529952074071	0	0	1.78421599405632	0	0	3.78158397722227	0	2.00147682281972	0	3.98512871399374	1.41721213885822	2.30807731426241	3.84064002603222	0	0	0	1.07084566128677	0	0	0	0	1.52264798559862	0	0	1.73925087629965	0	0	0	0	0	1.11289813796183	0	4.54283388664707	2.13049460957117	0	2.94008205665675	3.00840455670446	0	3.34635421831998	0	2.33772751366723	2.92551999042978	0	0	0	0	0.762491021566838	0	0	1.07084566128677	1.49026584074147	0	0	1.24935127107751	0	0.762491021566838	1.90950590553169	2.1566343420863	0	0	0	2.72035057883085	0	0	1.72967092229705	0	0	0	0	0	2.04105945473589	2.05501979678299	1.73925087629965	2.41816661053814	0	0	0	0	0	0	0	0	3.20119309526204	2.24191209891171	0	0	2.81111401476273	0	0	0	0	0	0	2.05957527110741	0	0	0	0	0	4.47827302539673	0	0	0	3.58208931878902	0	2.3677169275057	0	0	0	1.32933432722627	0	0	2.23288500390205	3.00789442347591	0	1.83266857134479	1.11289813796183	0	1.5527822696716	0	0	3.10939082254012	0	0	1.73925087629965	0	2.76898479072767	0.972116036048574	1.67831918867157	1.41721213885822	1.88986174218964	2.52958274969061	2.32806729938982	0	0	0	0	0	3.03124559446192	0	2.72527086190631	1.86928675758	1.83266857134479	2.13049460957117	0	3.5072898961344	0	2.64605742368952	0	2.5042924396204	0	0	2.56211437173528	2.39992779975879	0	0	0	0	0.661871834055927	0	0	0	0	0	0	1.83266857134479	0	3.37773814312698	3.56924734069283	0	0	1.37549216839591	2.03149685014594	0.844127567316738	0	0	1.32933432722627	0	0	0	2.31818731065755	0	3.1461736166223	0	0	1.07084566128677	1.78421599405632	0	1.30427507062949	0	3.65769930571274	1.02428039524662	2.30807731426241	0	0	0	0	0	1.2776808469686	0.530679861889467	0	3.54960975237727	0	1.37549216839591	0	0	0	0	0	0	0	4.24974121314618	0	0	1.47312188378208	0	0	0	0	0	1.62007097869279	0	0	0.762491021566838	0	0	1.86928675758	0	0	0	0	0	1.96361079002468	0.530679861889467	1.39685293338522	3.44219356331556	0	1.5527822696716	1.18646191571893	0	2.25655241030876	2.2507553741747	2.2789964162116	2.88547255731397	3.87481982213139	2.54318695042491	0	3.2925841822139	0	0	1.24935127107751	1.95792142346343	0	1.76678453633978	1.78421599405632	0	2.42014666035307	2.75091802553545	0	0	0	0	0	0	0	0	1.5527822696716	0	0.530679861889467	0	1.68908679117478	0	0	3.18452376919773	0	3.35216866578911	3.56403067225221	0	3.50404504600624	0	2.73685697009021	0	0	1.15123576044658	0	0	0.762491021566838	1.07084566128677	1.30427507062949	0	0	1.69959387515012	0	0	0	3.73642615609227	1.56709993992376	0	1.15123576044658	0	0	4.30859571191135	AMPLICON	495	101897058	PRJNA395660	SAMN07412059	MIMARKS.survey,MIGS/MIMS/MIMARKS.human-gut	73540889	AC CAMARGO CANCER CENTER	04-Feb-2014	public	sra	gs,ncbi,s3	gs.US,ncbi.public,s3.us-east-1	human	digestive system	stool	SRX3033156	Brazil	South America	Brazil: Sao Paulo	Homo sapiens	Illumina MiSeq	23.555420 S 46.670139 W	P04.2Y	PAIRED	PCR	METAGENOMIC	human metagenome	ILLUMINA	2019-08-06T00:00:00Z	biological replicate 4	P04.2Y	SRP113514	2Y	P04	1
SRR5865098	0	0	1.52054954736806	0	1.05267903887281	3.77091138192788	0	0	1.75055982553847	0	0	3.55720744861329	0	3.71372707466866	0	3.62302957827263	2.51886597404863	0	1.30734676033565	0	0	0	0.686511567653666	0	1.66291882176354	0	0	2.47438027890401	0	0	1.33403584668678	0	0	0	0	0	1.00014811307133	0	4.48960672093452	3.44652412222568	0	2.79753078483165	2.51032592419972	0	3.30982506545237	0	2.42270688739731	2.95177940630127	1.09953611082643	0	2.75451261299685	1.2789095080499	0.940377480391915	0	0	1.00014811307133	0	0	0	1.62488463866898	0	0	2.44129778513975	0	0	1.42690197434659	0.940377480391915	2.85107301023863	0	1.24847892369977	2.75155336902756	0	0	0	0	0	0	2.29901681655754	1.24847892369977	2.94167581133993	0	0	0	1.14182638733477	0	0	1.09953611082643	0	1.46681476967164	2.41202404212514	0	0	2.94295169018444	0	0	0	0	0	0	2.38755371897283	0	1.50336622516435	0	0	0	4.33574853186968	0	0	0	3.96390516793323	0	1.91397641280672	1.74052426488581	0	0	1.83990950893545	0	0	2.79753078483165	3.15061386006053	0	1.24847892369977	1.9830798798002	1.00014811307133	2.18404315474553	0	0	2.84473025662377	0	0	1.38294641641583	0	1.7975284236041	0	2.07204517989443	1.76996094746057	0	0	2.36404433238711	0	0	0	0	0	3.81232319311412	0	3.33274721029327	0	1.33403584668678	2.35427227807395	0	2.91533798746323	0	3.08048162727659	0	3.29535445537758	0	0	2.76901372356451	2.03758955539699	1.18036152650543	0	0	0	1.24847892369977	0	0	0	0	0	0	1.84791111001039	3.96305453643207	1.75055982553847	1.71972945290336	0	0	0.871047720969229	0	1.21575435196373	0	0	1.14182638733477	0	0	0	2.73025406555828	1.18036152650543	2.97428115218975	0	0	1.35917931110299	2.01659935355247	0	0	0	3.58942777178365	0	0	0	1.93393908255568	0	0	0	0	0	0	3.68573994144984	0	1.14182638733477	0	0	0	0	1.78853230402914	0	1.35917931110299	4.50186139093266	0	0	0	0	0	0	0	1.50336622516435	0	0	0	0.940377480391915	0	0	1.14182638733477	0	0	0	0	0	1.42690197434659	1.18036152650543	2.34173964509674	3.4402861104268	0	1.40548005869961	1.21575435196373	0	2.07675162308685	0	2.92073488415049	3.43580414010989	3.542402905932	3.10877777924601	2.21576336577764	2.80284031804633	0	0	0	1.55300192859295	0	2.07204517989443	2.27891730193576	0	3.24468898483249	2.80547093921063	0	0	0	0	0	0	0	0	0	0	0.940377480391915	0	2.03243634529388	0	1.05267903887281	2.83829349413545	0.940377480391915	3.31391122068843	2.83175989409836	0	1.14182638733477	0	2.86729497314287	0	0	0	0	0	0	0	2.12120701454892	2.07675162308685	0	1.40548005869961	0	0	0	3.42270744710371	2.33662354258005	0	0	0	0	4.17476839726879	AMPLICON	496	95934110	PRJNA395660	SAMN07412063	MIMARKS.survey,MIGS/MIMS/MIMARKS.human-gut	69252489	AC CAMARGO CANCER CENTER	15-Apr-2013	public	sra	gs,ncbi,s3	gs.US,ncbi.public,s3.us-east-1	human	digestive system	stool	SRX3033155	Brazil	South America	Brazil: Sao Paulo	Homo sapiens	Illumina MiSeq	23.555420 S 46.670139 W	P05.1Y	PAIRED	PCR	METAGENOMIC	human metagenome	ILLUMINA	2019-08-06T00:00:00Z	biological replicate 5	P05.1Y	SRP113514	1Y	P05	1
SRR5865110	0	0	0	0	0	2.36824295659376	1.74307940003892	0	0	0	0	3.48916101386068	0	1.41343697092239	0	1.82880049567699	2.61765738172585	0	0.742627793465643	0	0	0	0.513800755440824	0	0	0	0	1.74896225696069	0	0	0	0	0	0	0	0	0.678879435929476	1.26387857571773	3.56849589822947	0.847470711962879	0	2.17738960374999	1.400596532133	0	2.97554512734775	0	2.46478078583331	1.62074849230513	0.847470711962879	0	1.34506415620885	0	0	0	0	0	0	0	0	0	0	0	2.95784995248705	0	0	0	0	1.76049417260824	0	0	1.06322480244311	0	0	2.74253190412921	0	0	0	1.31438616053143	2.02185675675519	2.28661886207139	0	0	0	0	0	0	0	0	2.34959621980044	1.18585580936833	0	0	2.85294954905491	0	0	0	0	0	0	0	1.11649800169733	0	0	0	0	2.85110604412451	0	0	0	3.69541496698869	0	1.29819428872013	1.86605193684113	0	0	2.31450726694851	0	0	1.78267813189816	1.16394460926432	0	0	1.0906777422308	0	0.604136787205887	0	0	1.00249096595913	0	0	0	0	2.4006958363487	0	1.52447555246931	0	0	0	1.82880049567699	0	0	0	0	0	3.35470680994071	0	2.17080343263957	0	1.4259086436151	1.60475789430498	0	1.55291751420931	0	0	0	2.89374291198139	0	0.891712537333797	1.92442030358545	0.931861186277133	0	0	0	0	0	0	1.90446296654155	0	0	0	0	1.37371734201814	0	3.83150688424034	0.798205362665093	0	0	0	0	1.80890373715646	0	0	0.604136787205887	0	0	0	1.9928554097292	0	2.1410494991252	0	0	0	1.92050153115466	0	1.20671442944943	0	2.7187648997081	0	2.8341525960484	0	0	0	0.513800755440824	0	1.72493703530605	0	0	4.04780583673917	0	0	0	0	0	0	4.22403092473091	0	3.11419527793819	5.00638028884088	0	0	0	0	0	0	0	0	0	0	0	0	0	0	0	0	0	0	0	0	0	2.57359415726389	0.604136787205887	3.17957950509719	0	0.399602239113483	0	0	1.20671442944943	0	2.4983023858246	2.23638133445351	2.87360580722131	2.21693132526889	0	1.4259086436151	0	0	0	0.742627793465643	0	1.38736485347965	1.34506415620885	0	2.4109960515636	0	0	0	0	0	0	0	0	0	1.72493703530605	0	1.90446296654155	0	1.46130876580894	0	1.43803214149821	1.81896605016421	0	2.15503578103246	3.0311321600988	0	0	4.32854399936952	3.76938369211234	0	0	0	0	0	0	0	0	1.41343697092239	1.03391868432603	0	0	0	0	1.58815594562364	0.891712537333797	0	0	0	0	3.79999932687476	AMPLICON	497	157852706	PRJNA395660	SAMN07412111	MIMARKS.survey,MIGS/MIMS/MIMARKS.human-gut	100318295	AC CAMARGO CANCER CENTER	09-Feb-2015	public	sra	gs,ncbi,s3	gs.US,ncbi.public,s3.us-east-1	human	digestive system	stool	SRX3033143	Brazil	South America	Brazil: Sao Paulo	Homo sapiens	Illumina MiSeq	23.555420 S 46.670139 W	P23.Pre	PAIRED	PCR	METAGENOMIC	human metagenome	ILLUMINA	2019-08-06T00:00:00Z	biological replicate 23	P23.Pre	SRP113514	Pre	P23	0
SRR5865111	0	0	0	0	0	0	0	0	0	0	0	3.46519005068086	0	2.14395408849025	0	3.58281111745443	0	0	0	0	0	0	0	0	0	0	0	2.65043585655055	0	0	0	0	0	0	0	0	0	0	4.79676018379943	2.80699322522582	0	2.17417302284761	2.58760352601712	0	3.59737444219481	0	2.6166563353094	1.71854480354086	0	0	2.54280432617025	0	0	0	0	0	0	0	0	1.22049051105267	0	1.08469431439155	0	0	0	0	0	2.87015759766434	0	0	1.27520269350986	0	0	2.50361247211168	0	1.22049051105267	0	2.46220407887736	0	2.88807191590966	0	0	0	0	0	0	0.944843375603291	0	1.19031190202977	0	0	0	3.12108394011348	0	0	0	1.08469431439155	0	0	1.6373150780266	1.12282618048757	1.53731411434018	2.30722805887934	0	0	4.14938745616206	0	0	0	4.177605230564	0.996627329160966	2.34384181122345	2.14046286094294	0	0	1.89185951073802	0	0	2.69954980007555	3.63834520570252	0	1.12282618048757	1.79478884487927	0	1.42573951916988	0	0	1.12282618048757	0	0	0.638088803179484	0	0.509291326741228	1.47710079869225	2.01070291042482	0	0.886038237311847	0.818004818589536	2.31433240286409	0	0	0	0	0	3.57937984698848	0	2.55376859792584	1.78694889961542	2.24851808042277	2.37963302355677	0	3.59835261180946	0	2.67670765686932	0	3.09190271627994	0	1.24870760950741	2.71194824962436	0	0.886038237311847	0	0	0	0	0.737297709691582	0	0	0	0	0	2.01070291042482	2.49284670121526	1.3237870531212	1.91602791839384	0	0	0	0	0	0	0	0	0	0	0	2.08041122959275	0	2.70722141040247	0	0	0	2.40893602825732	1.27520269350986	0	0	2.9813443697434	0	0	0	1.87280750414809	0	0	0	1.88560124987481	0	0	4.00986263832309	0	0	0	0	0	0	1.81749367909446	0	3.78823153928302	2.53580837518959	0	0	0	0	0	0	0	0	0	0	0	0	0	0	0	0	0	0	0	0	0.818004818589536	0	0	3.84195403250155	0	0	0	0	1.8662664655768	2.01540328622675	2.64168175401447	2.34164169520926	3.58520956655754	3.18819319592891	0	2.72400254458834	0	0	1.81749367909446	2.20846166961437	0	1.89185951073802	2.16433183930435	0	2.93496261390321	3.67475875344738	0	2.02465412009888	0	0	0	0	0	0	0	0	1.72770813246159	0	0	0	2.02005333400464	1.83199650140321	0	2.53012932315813	3.5308333833806	0	0	1.65909064355344	3.11331788631077	0	0	0	0	0	0	0	2.93157362749097	2.41642738878543	0	1.9101107338455	0	0	0	1.53731411434018	2.03371200631379	0	0	0	0	4.45348182113382	AMPLICON	494	109572887	PRJNA395660	SAMN07412057	MIMARKS.survey,MIGS/MIMS/MIMARKS.human-gut	74420821	AC CAMARGO CANCER CENTER	20-Sep-2011	public	sra	gs,ncbi,s3	gs.US,ncbi.public,s3.us-east-1	human	digestive system	stool	SRX3033142	Brazil	South America	Brazil: Sao Paulo	Homo sapiens	Illumina MiSeq	23.555420 S 46.670139 W	P03.Pre	PAIRED	PCR	METAGENOMIC	human metagenome	ILLUMINA	2019-08-06T00:00:00Z	biological replicate 3	P03.Pre	SRP113514	Pre	P03	0
SRR5865112	0	0	0.877954844734888	0	0	1.97576895136985	0	0	1.20335229203768	0	0	3.66391722762769	0.754246588949965	1.50350766391247	0	3.00460373060631	1.91597384469562	0	3.68749537758739	0	0	0	0	0	1.31492871355594	0	0	1.20335229203768	0	0	1.37028382305788	0	0	0	0	0	0.928696430951976	0	4.74213735157443	3.22836728135267	0	2.12972193488442	2.63773461690201	0	3.20492713306032	0	2.02063661437412	2.20432286216675	0	1.01524818627062	0	0	0.928696430951976	0	0	0	1.56298109514816	0	0	1.08738407881006	0	0	2.3097456526693	1.7120570238882	0	0	0	2.43663734585808	0	0	0	0	0	2.58188562119564	0	0	1.91597384469562	2.27233146469987	1.57395739257627	2.06830092402273	0	0	0	0	0	0	0	0	2.86661285072831	3.61312875789511	0	0	2.83807069679771	0	0	0	1.40361943453274	0	0	2.03210948890661	1.51607177606918	0	0	0	0	3.83310883187302	0	0.580605881756887	0	3.298525328662	0	2.04694989681476	1.43457766769424	0	0	2.08865128344675	0	0.820490673633467	1.41937434593393	4.14413655039943	0	0.820490673633467	1.31492871355594	0	1.49056921639479	0	0	2.51654444434744	1.08738407881006	0	0.676047223568932	0	2.20937083919189	0.877954844734888	0.754246588949965	1.29478968303872	1.61528239933247	0.580605881756887	2.12669692805112	0	0	2.12058296042859	0	1.052812126754	3.45546197680499	1.94918982157996	3.07940226196987	1.41937434593393	0	2.13570946246434	0	3.03713096251304	0	2.31567957601196	0	3.89760123913224	0	0.974124892337945	2.79139893977832	1.88000545927792	0	0	0	0	1.11940570657139	0.754246588949965	0	0	0	1.86362919387213	0	1.52828260574243	3.61461181349055	3.61372258800295	1.84661113690046	0	0	0.580605881756887	2.64790875753129	0.580605881756887	0	0	0	0	0	0	2.02449467985361	1.31492871355594	2.62922930434565	0	0	1.08738407881006	1.27367116408406	0	1.29478968303872	0	3.68237468199941	0	1.93526427432431	0	2.19404739915695	0	0	0	0	0	1.14922756555036	3.32546611235411	0	0	0	0	0	0	1.75697089024515	0	3.34992600287028	4.23933396498125	0	2.20177669879072	0	0	0	0	0	0	0	0	0	0	0	0	0	0	1.6530145534959	0	0	0	0.877954844734888	3.31418039446652	0	3.31732310192554	0	0.877954844734888	0	0	1.67071849917579	1.46347515873914	2.73984126952172	2.79205540157554	3.80532301170602	3.21717518996545	0	2.88287906840721	0	0	0	1.96708873414675	0.820490673633467	2.63018260661476	2.82367424202002	0	2.37780949262298	2.95571057949046	0	1.55172017527791	0	0	0	1.01524818627062	0	0	2.11438169029236	0	1.62502719554436	0	0.974124892337945	0	0.928696430951976	2.1531921340025	1.37028382305788	2.87590504665002	3.2708924703697	0	0	1.69599064269233	3.4580174353603	0	0	0	0	0	0	0	2.80815250975729	0	2.3097456526693	0	0	0	0	3.97603531475752	1.60531391853032	0	0	0	0	4.17730519522591	AMPLICON	495	133357229	PRJNA395660	SAMN07412073	MIMARKS.survey,MIGS/MIMS/MIMARKS.human-gut	91784990	AC CAMARGO CANCER CENTER	21-Jan-2013	public	sra	gs,ncbi,s3	gs.US,ncbi.public,s3.us-east-1	human	digestive system	stool	SRX3033141	Brazil	South America	Brazil: Sao Paulo	Homo sapiens	Illumina MiSeq	23.555420 S 46.670139 W	P07.3M	PAIRED	PCR	METAGENOMIC	human metagenome	ILLUMINA	2019-08-06T00:00:00Z	biological replicate 7	P07.3M	SRP113514	3M	P07	1
SRR5865114	0	0	1.77809902032343	0.704876700536296	0.851423584899887	4.01575741593203	0.482049063527884	0	1.15297657400112	0.851423584899887	0	4.15824957760824	0	1.3292420243388	0	3.73976330906655	2.15344673021332	0	1.2110338508973	0	0	0	0	0	0	0.784302324072494	0	3.42150544842825	1.2110338508973	0	2.19201456158536	0	0	0	0.607599863268269	0	0	0	4.36099833794286	2.72916764919005	0	2.30836435331043	2.64384191950834	0	3.56595746627591	0	2.770786294874	1.97107928034139	0.784302324072494	0	2.70978693751397	0	0	0	0	1.26223717871011	0	0	0	1.28573966451449	0	0	0	0	0	0	1.45426783039519	0	0	0	1.12075168271777	0	0	3.37843565488292	0	0.784302324072494	0	2.36144700124969	0	0	0	0	0	0	0.482049063527884	0.482049063527884	0	0	0	4.26264300177354	0	0	3.3258481174448	2.24032427003283	1.70619470833819	0	1.49849676784484	0	0	2.19201456158536	0	1.63044614144636	0	0	0	2.20598172957301	0	0	0	3.96841132019761	0.704876700536296	0.960800573610161	0	0	0	2.60063832467391	0	0	2.74534486740217	3.5678733072521	0	0	1.87059363203967	1.48424846556772	1.34946124253427	0	0	1.12075168271777	0	0	2.00729780950783	0	2.96015519773398	0	2.11111707099308	2.23263667805922	0	1.15297657400112	2.68950078400448	0	0	0	0	0	3.94348148768471	0	3.24616524803136	1.42206305562353	1.38727750822254	2.58138268011966	0	2.83343479675832	0	0	0	2.76702603642171	0	0	3.32792908924589	2.25284204180462	2.52322246321207	1.23738968731817	0	0	0	0	0	0	0	0	0	1.99852239337424	0	1.34946124253427	0	0	0	1.65065744048724	0	0	0	0	1.80659542547326	0	0	0	2.39827629861328	0	2.74295636708026	0	0	0	3.04598437777789	2.94588220763728	0	0	3.33940177716089	0	0	0	3.51791365713717	0	0	0	0	0	0	3.81881071814748	0	1.77067286583032	0	0	0	0	0	0	1.04809865135621	4.56329906336857	0	0	0	0	0	0	0	0	0	0	1.59824806659596	1.34946124253427	0	0	0.704876700536296	0	0	0.704876700536296	0	0	2.31696524167177	1.0859426625226	1.90490546888997	3.01808763759882	0	0	1.26223717871011	0	2.66153123873061	1.04809865135621	3.07517916172625	2.61373417658915	3.18403596936839	0	2.14085606727574	2.36906696058581	0	0	0	0	0	2.2428568550666	1.2110338508973	0	0	3.01977917468789	0	0	0	0	0	0	0	0	0	0	0	0	0	0	1.43846388969082	3.36796113025396	0	2.57437746162804	3.70223775507778	0	0	1.26223717871011	1.0859426625226	0	0	0	0	0	0	0.704876700536296	2.70892435729359	2.75940641457511	0	2.36336456177033	0	0	0.482049063527884	1.34946124253427	1.23738968731817	0	0	0	0	4.18334584708187	AMPLICON	446	122516380	PRJNA395660	SAMN07412066	MIMARKS.survey,MIGS/MIMS/MIMARKS.human-gut	79831839	AC CAMARGO CANCER CENTER	13-Feb-2012	public	sra	gs,ncbi,s3	gs.US,ncbi.public,s3.us-east-1	human	digestive system	stool	SRX3033139	Brazil	South America	Brazil: Sao Paulo	Homo sapiens	Illumina MiSeq	23.555420 S 46.670139 W	P05.Pre	PAIRED	PCR	METAGENOMIC	human metagenome	ILLUMINA	2019-08-06T00:00:00Z	biological replicate 5	P05.Pre	SRP113514	Pre	P05	0
SRR5865115	1.31153443808025	0	0.721263066254318	0	0	1.07783739530881	0	0	1.17632810162776	0	0	3.17269151734701	0	3.19130344386258	0	3.42915575321544	0	0	2.97488530446453	0	0	0	1.03119924945454	0	0.721263066254318	0	0	2.8726630680779	0	0	1.25655995600423	0	0	0	0	0	1.00585679778758	1.07783739530881	4.01789487452948	2.11434038122795	0	2.45363768402289	1.99588638711453	0	3.73568249453226	0	2.48331280364815	1.80849014791574	3.35057752009529	0	2.60330330820381	4.34522577159633	0.451349502315728	0	0	0	0	0	0	2.27691398499352	0	1.36032546255135	0	0	0	1.17632810162776	0	3.5502213283949	2.82074040067588	0	0.721263066254318	0	0	3.10012927849801	0	1.50598548995684	0	2.2040179620068	2.56830166587834	0	0	0.536079147502797	0	0	0	0	0.850677726412677	0	2.48331280364815	1.45343016496312	0	0.451349502315728	3.13191406681122	0.606946124689765	0	0	1.27096961030704	0	0.451349502315728	2.14190615164101	2.2906742245712	1.53779174849093	1.07783739530881	0	0	2.92442032934122	0	0	0	3.86000532623081	0	2.92442032934122	2.45642078869989	0	0	1.17632810162776	2.43944817798434	0	2.86910221209393	1.59516805095968	0	1.462643005153	2.04386998470927	0.536079147502797	0	0	0	2.583057276977	0	0	0.606946124689765	0	0	1.44401764607988	1.97956189002568	0	0	0	2.43655378340478	0	0	0	0.667855163675291	0.451349502315728	3.54595333200157	0	2.72698048803452	2.65249953096947	1.83248116395542	2.36058258375363	0	3.73363591819667	0	2.10613203655987	1.57452995369925	3.15547075862868	0	1.8803180065777	2.78493263773288	0	2.69933653150135	0	0	0	1.39362793097944	0	0	0	0	1.64584113469641	0	2.18022826607613	0.811673026799325	1.24165574104358	3.63875597572426	0	0.536079147502797	0	0	2.4736446564677	0	0	0	0	0	0	1.95679519536555	1.57452995369925	2.25834801918847	0	0.606946124689765	0.886466219873655	1.24165574104358	0.667855163675291	1.48916392462405	0	3.21094425475696	0	0	0	1.70707783135382	0	0	0	1.15833628498821	0	0	4.11920102678227	0	0	0	0.536079147502797	0	0.451349502315728	1.43439660072855	0.451349502315728	3.84420381328976	3.06922948123121	1.79597862674921	0	0	0	0	0	0	0	0	0	0	1.33661477170168	0	0	1.00585679778758	0	1.92654844831078	0	0	0	0	0.850677726412677	0	3.11377548545899	2.21058234586843	0	0	1.97398112462794	1.9823256083872	0.345981674882359	2.82273415027652	3.71736316369587	3.96987421844188	3.13869357329795	0	3.50849054659818	0	0.811673026799325	1.59516805095968	2.927244219085	0	2.59531779480959	3.61502714808841	0	3.20438538038707	3.73069540573145	0	1.45343016496312	0	0	0	0.950251317310169	0	0.667855163675291	0	2.21058234586843	1.71223934549476	0	0.850677726412677	0	1.24165574104358	1.89403639206955	0.606946124689765	2.0625882467398	3.97157193881814	0	2.10196894359871	1.1199492907138	2.11636845362373	0	1.28491647417457	0	0	0	0	0	3.21321665773589	0	0	1.33661477170168	0.850677726412677	0	0	3.60351576888426	1.68579555341403	0	0	0	0	4.60149583572856	AMPLICON	494	197970196	PRJNA395660	SAMN07412053	MIMARKS.survey,MIGS/MIMS/MIMARKS.human-gut	130164362	AC CAMARGO CANCER CENTER	19-Nov-2012	public	sra	gs,ncbi,s3	gs.US,ncbi.public,s3.us-east-1	human	digestive system	stool	SRX3033138	Brazil	South America	Brazil: Sao Paulo	Homo sapiens	Illumina MiSeq	23.555420 S 46.670139 W	P03.1Y	PAIRED	PCR	METAGENOMIC	human metagenome	ILLUMINA	2019-08-06T00:00:00Z	biological replicate 3	P03.1Y	SRP113514	1Y	P03	1
SRR5865116	0	0	2.02803338944431	0	1.07419622027442	0	0	2.17068669924908	1.57448659903705	0	0	4.09829469374396	1.94401046218128	2.30845273843264	0.473501466032796	2.61157250606377	0	0	1.83973519117215	0	0	0	0	0	0	0.840438460175887	0	2.7435315608296	1.27360061820826	0	0	0	0	0	0	0	1.71893810443332	0	3.97985122479497	1.84589439840651	0	3.36562913198787	1.85795679739099	0	3.82186439579807	0	2.60095385740307	1.56290861940805	0	0	0	0	1.19902099316478	0	0	1.22532981753805	0.8983327989778	0	0	0.8983327989778	0.8983327989778	0	2.2756209725395	0	0	0	0	2.48453513825221	0	0	2.41288112867247	0	0	3.36857599425219	0	0	0	0	1.29586261358473	2.99369496732535	0.69462262332148	0	0	0	0	0.473501466032796	0	0	0.949409388785532	1.83973519117215	0	0	3.3403271026034	0	0	1.66677327759828	0	0	0	2.38551630361085	0	0	2.34483140070548	0	0	2.63999359651287	0	0.473501466032796	0	3.95773325216986	0	2.19325067910102	0	0	0	1.77280143539643	0	0	2.61052224862089	2.7301679042606	0	0	0	0	2.52220508752327	0.773621780663935	2.03203566684099	3.80814076943827	0	0	2.01580038134448	0	2.32499829786249	1.33723042604032	0	1.35652476657284	0	0	1.80082445673329	0	0.949409388785532	2.22247804136706	0	1.17101506470067	2.48453513825221	0	2.66851253847676	1.73502116857466	2.26410132006096	2.16191351981535	0	3.49245742256609	0	3.07627074616429	0	1.83348737528936	0	0	2.21207606631766	2.28905295842103	0.949409388785532	0	0	0	2.58003389061368	0	0	0	0	0	0	1.72705408200802	0	3.18935419387276	2.20410775110934	0	0	1.45714569968926	0	2.14993326431161	0	0	1.67591423069323	0.473501466032796	0	0	1.486097219908	2.01164492291276	2.66851253847676	0	0	1.53878339277068	1.88672373282016	0.840438460175887	0	0	3.02191368867198	0	0	0	0.840438460175887	0	0	0	0	0	1.07419622027442	3.38531969517759	0	0	0	0	1.33723042604032	1.44191247311456	3.87204619385479	1.25013552105957	2.76688989523326	3.80707206723227	0	1.98584088218904	0	0	0	0	0	0	0	0	0	1.17101506470067	0	0	0	0	0	0	0	0	2.28905295842103	3.24595685894937	2.67034883257214	4.15095701904766	0	1.39271790476653	1.62815470898896	0	2.21207606631766	0.773621780663935	1.65743578316786	2.8549044984385	2.70383959457734	2.48453513825221	2.50377841316665	1.89771736250195	0	0	0	1.89771736250195	0	3.13033145969307	1.52619886486319	0	3.19623256085832	3.00824394258255	0	0	0	0	0	1.14107789144242	0.69462262332148	0	0	0	2.09497293741658	0	1.19902099316478	0	1.33723042604032	3.44726709695692	0	3.88442136664882	3.7552838618649	0	1.27360061820826	1.3170388842738	2.44173652531192	0	0	0	0	0	0	0	0	0	0	0	0	0	0	4.73204588517847	0	0	0	0	0	4.31830617534033	AMPLICON	461	128495396	PRJNA395660	SAMN07412050	MIMARKS.survey,MIGS/MIMS/MIMARKS.human-gut	87209315	AC CAMARGO CANCER CENTER	26-Jul-2011	public	sra	gs,ncbi,s3	gs.US,ncbi.public,s3.us-east-1	human	digestive system	stool	SRX3033137	Brazil	South America	Brazil: Sao Paulo	Homo sapiens	Illumina MiSeq	23.555420 S 46.670139 W	P02.3M	PAIRED	PCR	METAGENOMIC	human metagenome	ILLUMINA	2019-08-06T00:00:00Z	biological replicate 2	P02.3M	SRP113514	3M	P02	1
SRR5865120	0	0	1.73166943581249	0	0	2.76567610976756	0	0	0	0	0	3.81893164950925	0	2.35615986543946	0	2.28284116046887	0	0	1.63029234623562	0	0	0	0	0	0	0	0	3.51136824404537	0	0	0	0	0	0	0	0	0	0	4.81244274416669	3.04047585717855	0	1.14071759128383	1.6766632354682	0	4.37668087981865	0	2.91056581829889	1.39880783192291	0	0	0	1.30621060888227	0	0	0	1.14071759128383	0	2.32764506904956	0	0	0	0	0	0	0	0	0	0	0	0	3.04926724238536	0	0	0	0	0	0	0	0	2.64534048678034	0	0	0	0	0	0	0	0	2.46658106616897	1.33931901433522	0	0	2.71640415168337	0	0	0	1.6617497062404	0	0	2.52020406276208	0	1.97309715630228	0	0	0	3.18257547269852	0	0	0	2.3468614154842	1.47508990578996	0	0	0	0	2.38002431905129	0	0	0	3.04047585717855	0	0	1.57837185511012	0	0	0	0	1.98766636978542	0	0	1.53995394454962	0	0	0	0	0	0	1.83467507886157	1.8447464303455	0	0	0	0	0	4.02625069427612	0	1.55958756987852	0	0	0	0	2.73345685318351	0	0	0	2.81100058735305	0	0	2.33414545166601	2.16703175555767	0	0	0	0	0	0	0	0	0	0	0	0	0	0	0	0	0.623938180951599	1.49780483395187	0	0	0	0	1.42575163270049	0	0	0	2.51385225325709	0	2.04778102974124	0	0	0	2.18102385570551	0	0	0	3.71965450712734	0	0	0	0	0	0	0	0	0	0	3.81104219338078	0	0	0	0	0	0	0	0	0.870013619847811	2.8174090041996	0	0	1.18836602514586	0	0	0	0	0	0	0	0	0	0	0	0	0	0	0	0	0	2.01541575049508	0	2.72039923892034	4.40504288332121	0	0	1.75676295814042	0	2.10606628493866	0	2.61092275309911	0	2.07204156975477	2.08938704961171	1.59637724726314	0	0	0	0	0	0	2.99292605296607	2.49198244356139	0	1.64630578384174	1.79187780806128	0	0	0	0	0	0	0	0	0	0	0	0	0	0	0	3.19741116252922	0	2.42935935154143	2.06610230180602	0	1.45112103063727	0	3.37780885674398	0	0	2.18102385570551	0	0	0	2.07204156975477	2.59529419759446	3.16197170722637	2.9886586328587	1.49780483395187	0	0	0	2.17640973019919	0	0	0	0	0	4.48152304044675	AMPLICON	485	73675007	PRJNA395660	SAMN07412096	MIMARKS.survey,MIGS/MIMS/MIMARKS.human-gut	52542037	AC CAMARGO CANCER CENTER	29-Oct-2013	public	sra	gs,ncbi,s3	gs.US,ncbi.public,s3.us-east-1	human	digestive system	stool	SRX3033133	Brazil	South America	Brazil: Sao Paulo	Homo sapiens	Illumina MiSeq	23.555420 S 46.670139 W	P14.Pre	PAIRED	PCR	METAGENOMIC	human metagenome	ILLUMINA	2019-08-06T00:00:00Z	biological replicate 14	P14.Pre	SRP113514	Pre	P14	0
SRR5865121	0	0	0	0	0	3.62526768800995	0	0	0	0	0	3.94087196414276	0	2.97628204539516	0	3.36449930374098	1.87445095823256	0	3.82195494082905	0	0	0	0	0	0	0	0	2.18671813665621	0	0	1.64042879048489	0	0	0	0	0	0	0	4.23892508279465	0	0	1.65645092858256	2.47213997508209	0	3.27971221549018	0	2.78078675330723	2.44994064448723	0	0	2.31094997065202	2.06426055366565	0	0	2.29316441565692	0	1.40877502822956	0	0	1.40877502822956	0	1.15035208630823	1.70124943199279	0	0	0	0	3.11336238761712	0	0	2.39898072252467	0	0	0	0	0	1.24107406714373	2.25524676342997	0	2.56098799226532	0	0	0	0	0	0	1.24107406714373	0	3.17947585198709	3.8496369206902	0	0	2.69340259009441	0	0	0	1.15035208630823	0	0	1.09672679580618	0	0	0	0	0	3.72266387967193	0	0	0	3.81774381238683	0	2.63471021187498	1.48512309633744	0	0	1.95266467129627	0	0	2.59490372859954	0	0	1.68682401855173	1.8549765249844	0	0	0	0	0	0	0	1.31608042580547	0	2.3412362793013	0	1.86482289041069	0	0	0	2.31094997065202	0	0	0	0	0	3.38554760449873	0	2.89719252406831	1.68682401855173	2.34768908041785	2.73339967603943	0	3.47989002327073	0	3.17041887368995	0	2.86142086348327	0	0	2.48399961960196	2.32128186729844	0	0	0	0	0	0	0	0	0	0	0	2.00504462986519	2.78431657974567	3.64798659252603	2.51120731268598	0	0	0.772784502351668	0	0	0	0	0.772784502351668	0	0	0	2.07036810394962	0	2.60030751025419	0	0	0	2.27461927541492	0	1.68682401855173	0	3.93775555936179	0	3.30375258008894	0	0	0	0	0	1.65645092858256	0	0	1.34922605882594	0	0	0	0	0	0	0	0	1.34922605882594	4.59859839141407	0	1.38002038878199	0	0	0	0	0	0	0	0	0	0	0	0	0	0	0	0	0	0	1.28019451763762	3.22298157615237	0.964284139734034	3.47178376046276	0	0	0	0	1.72873779328277	0	2.56294331719459	3.0185906684007	3.85633988716152	3.31563639392178	0	3.63891012784852	0	0	2.26309976660185	3.18323352428412	1.0355347463192	2.33797356523521	3.67488495699896	0	2.63800521778618	3.22933654291894	0	1.40877502822956	0	0	0	0	0	0	0	0	0	0	0	0	0	2.5305498303727	0	1.65645092858256	3.48224570472286	0	1.40877502822956	0	3.0320455376903	0	0	0	0	0	0	0	0	0	0	1.80208891781926	0	0	0	1.8549765249844	2.42920777096012	0	0	0	0	4.48984967621418	AMPLICON	486	74751017	PRJNA395660	SAMN07412098	MIMARKS.survey,MIGS/MIMS/MIMARKS.human-gut	53881143	AC CAMARGO CANCER CENTER	24-Feb-2014	public	sra	gs,ncbi,s3	gs.US,ncbi.public,s3.us-east-1	human	digestive system	stool	SRX3033132	Brazil	South America	Brazil: Sao Paulo	Homo sapiens	Illumina MiSeq	23.555420 S 46.670139 W	P15.Pre	PAIRED	PCR	METAGENOMIC	human metagenome	ILLUMINA	2019-08-06T00:00:00Z	biological replicate 15	P15.Pre	SRP113514	Pre	P15	0
SRR5865122	0	0	1.227682565406	0	0	0	0	0	0	0	0	4.18932106841421	0	3.05159921465669	0	2.96582637828712	0	0	1.47137540009597	0	0	0	0	0	0	0	0	2.35233308334448	0	0	0	0	0	0	0.866690320505896	0	0	0	4.43951808541009	0	0	0	1.51566347924009	0	3.38005044352005	0	2.49922333505472	1.85079968401572	0	0	2.54876235669092	1.227682565406	1.55585020972536	0	0	0.951630303064172	0	0	0	0	0	0	1.08366171160133	0	0	0	0	2.82919004460789	0	0	0	0	0	0	0	0	0	2.5448432220217	3.37074562100042	3.31965295147384	0	0	0	0	0	0	0	0	2.89370033328553	2.11831392813736	0	0	3.0145137234399	0	0	0	1.57462999049745	3.41326895281724	0	1.87905384136854	0	1.30255753552356	0	0	0	3.56958404750716	0	1.7880963643636	0	4.09034897278688	0	2.52880314031354	2.34925578849604	0.62101121969783	0	1.53622150542501	0	0	3.02960107643947	1.79919594270445	0	1.49408374128978	1.86042342693507	0	1.75298676398948	0	0	2.2208332349455	0	0	1.62653899831108	0	0	0.866690320505896	0	2.13380225840531	0	0	1.97663945437413	0	0	0	0	0	3.53151866829737	0	4.06525369794151	2.80392279169104	2.3138831349431	2.95753416872823	0	3.62420131301107	0	3.23726153225063	2.18628872975562	3.28811956390106	0	1.67290072985024	3.0897130217645	3.00301535684192	0	0	0	0	0	0	0	0	0	0	0	2.15844850559756	0	0	2.81568636557143	0	0	1.5926312440135	0	2.21666247754471	0	0	1.33565194533054	0.760996444651493	0	0.760996444651493	2.62217372904354	0	3.12215308496743	0.760996444651493	0	0	2.38765403955396	1.57462999049745	1.65799003991827	0	3.58779132304162	0	2.06823049088676	0	1.5926312440135	1.08366171160133	0	0	0.760996444651493	0	1.18477238517366	3.93177099991338	0	0	0	1.90558159509421	3.65152614745044	2.37328441500452	3.02571549540902	0.951630303064172	0	3.34031249662642	0	0	0	0	0	0	0	0	0	0	0	1.36640205978289	0	0	0	0	0	0	0	0	1.93058182689117	3.81148135867627	0	3.64921042282649	0	0	1.227682565406	0	1.75298676398948	2.39047177868606	2.79956487634663	3.66710244045107	3.95181419852376	3.46187847745607	2.37619662789004	3.21512456351246	0	0	1.67290072985024	2.90928582736408	0	2.57708003134607	2.61048628943135	0	3.72487839847463	1.82057867869475	0.951630303064172	0	0	0	0	0	0	0	0	1.60991595771029	0	1.92240728379343	0	0	1.26673166763861	3.12267374113247	0	3.27986501271724	3.81233278544389	0	1.62653899831108	0.951630303064172	3.24478966071447	0	0	0	0	0	0	0	0	0	0	1.70126896992062	0	0	0	3.58939314588604	1.5926312440135	0	0	0	0	4.27308530877551	AMPLICON	471	76657586	PRJNA395660	SAMN07412048	MIMARKS.survey,MIGS/MIMS/MIMARKS.human-gut	54609748	AC CAMARGO CANCER CENTER	14-May-2012	public	sra	gs,ncbi,s3	gs.US,ncbi.public,s3.us-east-1	human	digestive system	stool	SRX3033131	Brazil	South America	Brazil: Sao Paulo	Homo sapiens	Illumina MiSeq	23.555420 S 46.670139 W	P02.1Y	PAIRED	PCR	METAGENOMIC	human metagenome	ILLUMINA	2019-08-06T00:00:00Z	biological replicate 2	P02.1Y	SRP113514	1Y	P02	1
SRR5865123	0	0	0	0	0	3.76683414597738	0	0	0	0	0	3.34319276078892	1.56015577351841	2.71416164666927	0	3.38539932981614	1.14652918960057	0	0	0	0	0	0	0	0	0	0	2.26726589712675	0	1.20062970501041	2.19116099867968	0	1.01262447217684	0	0	0	0	0	4.71669177627426	1.51325554689931	0	0	0	0	3.13469988200177	0	1.73965730983364	1.40082945089488	0	0	2.68514826082883	0	1.48775835823596	0	0	1.14652918960057	1.2920324613124	0	0	0.818026077345754	0	0	1.56015577351841	0	0	0	0.926134736832229	2.41707084957267	0	0	2.16435673833036	0	0	0	0	0	0	1.36750301779149	3.36253712829952	2.55379359862622	0	0	0	0	0	0	0	0	2.27160723160723	0	0	0	2.63949038962428	0	0	0	0	0	0	0	0	0	0	0	0	3.66469770318131	0	1.60248119322296	0	3.68899155653905	0	2.81027951415885	1.40082945089488	0	0	0	0	0	3.10594184269136	2.4828957950736	0	1.73965730983364	1.33140506533101	0	0.67375629670167	0	0	2.18063697042587	0	0	0.818026077345754	0	2.69012043297209	0	0	1.92765055772463	1.65911516467796	0	2.16435673833036	1.01262447217684	0	0	0	0	2.95100497867755	0	3.15267634305888	2.54697343339749	1.58183389765485	2.32822662443969	0	3.38139208738766	0	2.03671464160045	0	3.49575810212996	0	1.40082945089488	2.26726589712675	1.48775835823596	1.08471732231782	0	0	0	0	1.01262447217684	0	0	0	0	0	1.90814504765761	0	1.51325554689931	3.62233485434073	0	0	0	0	2.38167424890215	0	0	0	0	0	0	3.12330259405631	1.14652918960057	3.2504332933973	0	0	1.7681104413326	1.84374758492694	1.72469971927205	1.14652918960057	0	3.66609328699967	0	2.14165461443251	0	1.24873126625938	0	0	0	0	0	1.14652918960057	3.91700620014825	0	0	0	1.2920324613124	0	0	2.92300866454281	2.11149904357907	2.02923151366663	4.10569877705154	0	0	0	0	0	0	0	0	0	0	0	2.93629848567545	0	0	0	0	0	0	0	0	1.93708433536102	0	1.97289472568025	3.13882461441681	0	0	0	0	2.81648315430741	2.18063697042587	3.09310217479553	3.81316389514572	4.15330974698037	3.43259910639288	0	2.92107647963489	0	0	1.40082945089488	3.18284636531467	0	1.87713883649233	2.38501401780559	1.24873126625938	3.34720377769558	2.95280876227421	0	0	0	0	0	0	0.67375629670167	0	0	1.40082945089488	0	0	0	0	0	1.24873126625938	0	2.00597592871399	3.15381095628721	1.14652918960057	1.01262447217684	1.85516564950569	2.73694153053843	0	0	0	0	0	0	0	2.59875232955416	0	0	1.24873126625938	1.14652918960057	0	0	2.77379972115279	2.92397154290533	0	0	0	0	4.559034282278	AMPLICON	472	65436500	PRJNA395660	SAMN07412083	MIMARKS.survey,MIGS/MIMS/MIMARKS.human-gut	46745200	AC CAMARGO CANCER CENTER	08-Jul-2013	public	sra	gs,ncbi,s3	gs.US,ncbi.public,s3.us-east-1	human	digestive system	stool	SRX3033130	Brazil	South America	Brazil: Sao Paulo	Homo sapiens	Illumina MiSeq	23.555420 S 46.670139 W	P10.3M	PAIRED	PCR	METAGENOMIC	human metagenome	ILLUMINA	2019-08-06T00:00:00Z	biological replicate 10	P10.3M	SRP113514	3M	P10	1
SRR5865124	0	0	0	0	0.894762618543175	0	0	0	0	0	0.787888827452625	3.80667948270374	0	0	0	3.71374260119077	2.80239470330558	0	0	0	0	0	0	0	0	0	0	2.57312649458035	0	0	0	0	0	0	0	0	0	0	4.89547748566417	3.68676265045972	0	1.29737045773091	2.7100266833323	0	3.8760302147076	0	2.42267275399132	0	0	0	2.7501544667569	0	0	0	0	0	0	0	0	0	0	0	2.22288700401076	0	0	0	0	0	0	0	1.39738774270851	0	0	0	0	0	0	0	0	2.83293692887779	0	0	0	0	0	0	0	0	0.98046161122133	2.27325548492949	0	0	3.02909884253054	0	0	0	0	0	0	2.23169794510994	0	0	0.98046161122133	0	0	2.63072483989675	0	0	0	3.89243314490016	0	0	0	0	0	2.428255592394	0	0	3.10774851596708	1.77238447445175	0	0	1.83102876084428	0	1.50264960083354	0	0	2.01586662145253	2.21389359884451	0	1.39738774270851	0	2.64442697644703	0	0	0	1.21505954762824	1.42618982296996	1.92000213442856	0	0	0	0	0	3.86001089103317	0	2.95989611577055	0	2.03685648702385	3.02770594348255	0	3.37041360512685	0	2.41701721281612	0	3.60891253903828	0	0	2.88146184678813	2.48777581212271	0.645818332865995	0	0	0	0	1.1672030140773	0	0	0	0	0	1.93752199745621	0	1.65812998290008	0	0	0	1.42618982296996	0	0	1.83102876084428	0	1.1672030140773	0	0	0	0	0	2.83728443020712	0	0	0	1.62416234350524	0	0	0	3.57466220455172	0	0	0	0	0	0	0	0	0	0	3.81892172637083	0	0	0	0	0	0.787888827452625	1.91096983317466	0	0	2.97590630331287	0	0	0	0	0	0	0	0	0	0	0	0	0	0	0	0	0	0	0	0	1.56764199023853	1.64147816907744	0	3.70415123624681	0	0.98046161122133	0	0	1.58731082810779	0	0	0	3.36563438208504	3.38012707785635	0	1.81991636211058	0	0	0	0	0	2.21389359884451	0	0	0	1.79680036714201	0	0	0	0	0	0	0	0	0	0	0	0	2.1451134756302	0	0	2.82410914487157	0	2.95744285668385	1.68963253601541	0	0	1.81991636211058	3.29743548030026	0	0	0	0	0	0	0	3.80679550854556	1.86275545369428	0	2.13433425885242	0	0	0	3.6552079187158	0	0	0	0	0	4.43242835909332	AMPLICON	484	69192988	PRJNA395660	SAMN07412043	MIMARKS.survey,MIGS/MIMS/MIMARKS.human-gut	49449251	AC CAMARGO CANCER CENTER	23-Apr-2012	public	sra	gs,ncbi,s3	gs.US,ncbi.public,s3.us-east-1	human	digestive system	stool	SRX3033129	Brazil	South America	Brazil: Sao Paulo	Homo sapiens	Illumina MiSeq	23.555420 S 46.670139 W	P01.1Y	PAIRED	PCR	METAGENOMIC	human metagenome	ILLUMINA	2019-08-06T00:00:00Z	biological replicate 1	P01.1Y	SRP113514	1Y	P01	1
SRR5865125	0	0	0	0	0	0	0	0	0.822666926280996	0	1.87894804813764	2.83249025639127	0	3.83978940739613	0	1.62752933279248	0	0	0	0	0	0	0	0	0	0	0	2.4562014333488	1.53476547115411	1.53476547115411	2.11483776584659	0	0	0	0	0	0.96178592403954	0	4.91152239255736	0	0	0	0	0	3.81879631872012	0	2.61093360873861	3.27569855671226	0	0	0	0	0.353152167065253	0	0	0	0.616745665387936	2.43770118334004	0	2.35584455093952	0	0	0	0	0	0	0	0	0	0	2.18960561024243	0	0	0	0	0	0	0	0	0	0	0	0	0	0	0	0	0	0.861841708980642	1.18844573077661	1.61448522028503	0	2.89888740932952	0	0	0	2.93326320855747	0	0	0	0	1.78257213006552	0	0	0	3.45253098807824	0	0	0	2.79657747897508	0	1.45652760436616	0	0	0	2.38149516927773	0	0	0	4.2172094212333	0	0	1.90684314531115	1.45652760436616	0.930957946739535	0	1.31075600709804	1.31075600709804	0	0	0	0	2.12312633359194	1.75472129224815	0	2.22347353016268	1.25389249159063	0	3.11810113159355	0	0	1.90003554032619	0	0	4.00235664670853	2.16608474802164	2.92101598199921	0	1.26882145944634	0	0	3.01182995901164	0	0	0	3.2675332240865	0	1.76420474510232	2.75551524893243	1.39524869414832	1.82126137868958	0	0	0	1.04297825815232	0	0	0	0	0	0	0	0	1.47517228047809	0	0	0	0	0	0	0	0	0	0	0	0	3.72038008616342	0.779604913170613	0.616745665387936	0	0	1.32388022700446	2.10424952666629	0	0	0	3.75726583137169	1.18844573077661	3.12734575053267	0	3.31211760278594	0	0	0	2.32214144437074	0	0	3.55876905214349	0	0	0	0	0	1.64019306021902	0	0	0	2.51328761314509	0	0	0	0	0	0	0	0	0	0	0	0	0	0	0	0	0	0	0	0	0.678070885027983	0	0	3.87216943141151	0	0	0	0	2.26978558822491	3.0128894769321	2.47302964394697	1.40608127399332	3.66817951186185	3.52235780942815	1.67032532977209	1.01756414404396	0	0	0	0	0	1.98681530789356	0.545314338685912	0	2.745348416014	0	0	0	0	0	0.678070885027983	0	0	0	0	0	0	0	0	0	0	1.61448522028503	0.731798380466393	2.61558139988381	2.7930807025612	0	0	1.18844573077661	0	0	0	0	0	0	0	0	3.89921947851694	0	0	2.15478385306078	0	0	0	2.81113246396502	0	0	0	0	0	4.19171800892752	AMPLICON	495	195109450	PRJNA395660	SAMN07412094	MIMARKS.survey,MIGS/MIMS/MIMARKS.human-gut	141063186	AC CAMARGO CANCER CENTER	10-Nov-2014	public	sra	gs,ncbi,s3	gs.US,ncbi.public,s3.us-east-1	human	digestive system	stool	SRX3033128	Brazil	South America	Brazil: Sao Paulo	Homo sapiens	Illumina MiSeq	23.555420 S 46.670139 W	P14.1Y	PAIRED	PCR	METAGENOMIC	human metagenome	ILLUMINA	2019-08-06T00:00:00Z	biological replicate 14	P14.1Y	SRP113514	1Y	P14	1
SRR5865126	0	0	0	0	0	0	0	0	0	0	3.61289944053217	2.46353332229532	0	3.27820582658798	0	2.46939541001093	2.12718831295268	0	0	0	0	0	0.879980444737821	0	0	0	0	2.59347967353583	1.59323641160468	0	0	0	0	0	0	0	0.797153054210403	0	4.91589559403092	2.38622060351677	0	1.41538489607716	2.56949259436819	0	3.45301316365598	0	2.57256443934179	3.26752535994798	0	0	0	0	0	0	0	0	0	1.96939763915047	0	1.9569455492817	0	0	0	0	0	0	0	0	0	0	2.74673360233795	0	0	0	0	0	0	0	0	0	0	0	0	0	0	0	0	0	3.32149179232418	0	1.34386902486039	0	2.07269363142062	0	0	0	2.64043745200634	0	0	1.70798978987784	0	0	0	0	0	4.33331167116058	0	0	0	2.86057621058807	0	0	0	0	0	3.19361093137527	0	0	0	4.4283870479216	0	0	1.63494837828027	0	1.18999408413785	0	0	1.63494837828027	0	1.54708836904381	0.949513008062758	0	1.75064450271453	1.56302215940579	0	2.10079515185842	1.15139646419234	0	2.56949259436819	0	0	0	0	0	3.47252193209568	1.91729216413548	2.0213954786811	0	0	0	0	3.03541471469472	0	1.64800721711941	0	2.7289518490072	0	0	2.60641207888167	1.15139646419234	0	0	0	0	0	0	0	0	0	0	0	0	0	1.69663778497936	0.949513008062758	0	0	0	0	0	0	0	0	0	0	0	3.22809799599025	0	1.39282991278206	0	0	1.2886787393856	2.57409225216648	0	0	0	3.87156747525598	0	2.87224607397449	0	1.81648824748758	0	0	0	2.52059984815046	0	0	3.62064068770472	0	0	0	0	0	0	0	0	0	2.77162782450214	0	0	1.34386902486039	0	0	0	0	0	0	0	0	0	0	0	0	0	0	0	0	0	1.43682609758925	0	1.36903906432197	3.33306821342883	0	0	0	0	1.84191303420391	1.51335191888444	3.1289629883027	1.4954471621809	0	2.37188293686696	1.64800721711941	0	0	0	0.694715777547359	0	0	1.53054764697938	1.4572583591769	0	1.87365106838928	0	0	0	0	0	0.879980444737821	0	0	0	0	0	1.15139646419234	0	0	0	0.797153054210403	2.56794848537526	0.694715777547359	1.99905008415184	2.89468520475052	0	0.797153054210403	1.25820921490116	3.14235581013801	0	0	2.46353332229532	0	0	0	0	3.6365144181362	0	3.02904165649305	1.95058300880775	0	0	0	2.89395561578061	2.01591598908783	0	0	0	0	4.18660186909662	AMPLICON	495	95748527	PRJNA395660	SAMN07412095	MIMARKS.survey,MIGS/MIMS/MIMARKS.human-gut	69152907	AC CAMARGO CANCER CENTER	17-Mar-2014	public	sra	gs,ncbi,s3	gs.US,ncbi.public,s3.us-east-1	human	digestive system	stool	SRX3033127	Brazil	South America	Brazil: Sao Paulo	Homo sapiens	Illumina MiSeq	23.555420 S 46.670139 W	P14.3M	PAIRED	PCR	METAGENOMIC	human metagenome	ILLUMINA	2019-08-06T00:00:00Z	biological replicate 14	P14.3M	SRP113514	3M	P14	1
SRR5865127	0	0	0.863731515737569	0	0	3.05365718931572	1.6392013933323	0	0	0	0	3.91854441351893	0	2.04676925213551	0	3.54947968162725	0	0	0	0	0	0	0	0	0	0	0	2.69968134094112	0	0	0	0	0	0	0	0	0	0	4.81569365048631	1.78472629177323	0	3.26728681149276	2.29339137509373	0	3.16886014581504	0	2.92824095490171	2.58449234775362	0	0	2.78952433945027	1.68396099597041	2.31381103010277	0	0	0	0	0	0	1.36312388497187	0	0	0	0	0	1.57129547983294	0	0	0	0	2.50015907129838	0	0	0	0	1.62319417049023	2.53747219929419	2.5044668522267	0	3.31919380209896	0	0	0	0	0	0	0	0	2.77367383084091	1.39183050759478	0.618407537081415	0	2.93940525059243	0	0	0	0	0	0	2.75482098880217	0	0	2.78729509261633	0	0	2.44728069918889	0	0	0.758166309432514	4.11628941256141	0	2.16452553461077	0	0	0	1.01954448932839	1.53289546268258	0	3.12442272159146	2.60537304870911	0	0	2.23770021033803	0	1.13397759702329	0	0	3.51886224050592	0	0	1.2634916445986	0	3.08290837604322	1.0805192158043	1.13397759702329	1.72453551848303	0	0	0	0	0	0	0	0	3.65678963503963	0	3.26654609528899	0	0	2.26458006644572	0	2.51295630804219	0	1.78472629177323	0	2.9799644566911	0	0.948588523203442	3.02423976017103	3.49652728810382	1.49076789182308	0	0	0	0	2.05889537406717	0	0	0	0	0	1.6546395351261	3.34283672591628	3.81124006704171	0	0	0	0	0	0	0	0	0.863731515737569	0	0	0	0	0	2.46406626109191	0	0	0	0	0	0	0	3.48970738426675	0	3.54325211020224	0	0	0	0	0	0	0	0	3.63034403999743	0	0	0	0	0	0	1.80664606597014	0	1.36312388497187	2.71048409351722	0	0	0.948588523203442	0.618407537081415	0	0	0	0	0	0	0	0	0	0	0	0	1.74962140848644	0	0	0	0	1.46806546790525	2.13040143527402	4.01681302533894	0	1.72453551848303	0	0.758166309432514	2.17836740438366	1.62319417049023	1.46806546790525	1.01954448932839	3.73978659346976	3.56317355298963	1.68396099597041	2.89640622760574	0	0	0	1.66954767394865	0	2.01488443099459	1.39183050759478	0	3.18031210148854	3.0144156631335	0	0	0	0	0	0	0	0	0	0	0	0	0	0	1.18157100014123	2.39815094596538	0	3.47573762842655	3.65071045851279	0	0	0	3.57844170426376	0	0	0	0	0	0	0.948588523203442	2.34892226650689	0	0	1.72453551848303	0	0	0	3.8018325234006	0	0	3.48390371140663	0	0	4.0627178270261	AMPLICON	488	77617047	PRJNA395660	SAMN07412113	MIMARKS.survey,MIGS/MIMS/MIMARKS.human-gut	55769903	AC CAMARGO CANCER CENTER	16-Feb-2015	public	sra	gs,ncbi,s3	gs.US,ncbi.public,s3.us-east-1	human	digestive system	stool	SRX3033126	Brazil	South America	Brazil: Sao Paulo	Homo sapiens	Illumina MiSeq	23.555420 S 46.670139 W	P25.Pre	PAIRED	PCR	METAGENOMIC	human metagenome	ILLUMINA	2019-08-06T00:00:00Z	biological replicate 25	P25.Pre	SRP113514	Pre	P25	0
SRR5865128	0	0	1.88801365641001	0	0.766603975103692	0	0	0	1.35777420586378	0	0	3.71777791482671	0	2.02166580880676	0	2.17230631248812	3.05836781636853	0	3.40250221766109	0	0	0.6657618010713	0	0	0	0.848387021027023	0	3.41984100656789	1.07539307107944	0	0	0	0	0	0	0	0	0	3.55706111400973	1.72474788640477	0	0	0	0	3.81971725568681	0	3.36740745514691	0	0	0	2.87807945379272	0	0	0	0	1.02878027225731	1.22371276713938	0	0	0	0	0	0	0	0	0	0	2.63668787991216	0	0	3.2177749450717	0	0	0	0	0	0	2.71529709377802	0	3.20022958649523	0	0	0	0	0	0	2.02166580880676	0	0	1.22371276713938	0	0	3.30464561526555	0	0	0	0	0	0	2.05994344301829	0	1.11748430316547	0	0	0	2.394401076958	0	0.766603975103692	0	4.60433488333938	0	2.53911772017174	2.64983751457549	0	0	1.98516038597704	0	0	3.07813585755073	1.11748430316547	0	1.95706855057575	1.93320873853159	0	1.35777420586378	0.848387021027023	0	1.58579813870352	0	0	1.59923404227911	0	1.02878027225731	1.22371276713938	0	1.22371276713938	0	0.917182742103213	1.78910197381428	0	0	0	0	0	3.59992480360109	0	1.49507325092302	2.08225967937833	1.79756373114679	2.44441514982738	0	3.76568676485574	0	0	0	2.42902843989472	0	1.79756373114679	2.9550708098531	1.88115543932367	0	0	0	0	0	0	0	0	0	0	0	2.44817813306784	0	1.74412799950889	0.917182742103213	0	0.976556240253142	1.02878027225731	0	2.24386253566841	0	0	1.33407006348435	0	0	1.1911074686923	0	0	2.08225967937833	0	0	0.766603975103692	1.73454603713033	0	0	0	2.65101342620462	0	0	0	0	0	0	0	0	0	0	4.29107624515992	0	0	0	0	0	0	3.51994567836709	0.976556240253142	3.23371901156737	4.36597384189626	0	1.33407006348435	1.58579813870352	2.99140769710279	0	0	0.848387021027023	0	0	0	0	0.848387021027023	0	0	0	0	0	0	0	0	1.90141349240794	1.76268010525585	3.21904683414076	4.24688745140407	0	0	1.47792286040867	0	2.78615769781933	1.52746687588762	1.44144593387454	2.45004746813273	3.69968323219193	2.4806536246984	0	2.84780910734222	0	0	1.97968550772753	1.51157201974462	0	3.01742655436858	1.44144593387454	0	3.36605157329406	3.49173509964271	0	0	0	0	0	0	0	0	0	0	0	0	0	0	1.15585412942404	3.08207079637929	0	2.07347030670205	3.53538915881473	0	0	0	0	0	0	0	0	0	0	0	0	0	0	0	0	0	0	2.96201202482101	0	0	1.44144593387454	0	0	4.39082908411223	AMPLICON	478	104704602	PRJNA395660	SAMN07412052	MIMARKS.survey,MIGS/MIMS/MIMARKS.human-gut	75344442	AC CAMARGO CANCER CENTER	28-Mar-2011	public	sra	gs,ncbi,s3	gs.US,ncbi.public,s3.us-east-1	human	digestive system	stool	SRX3033125	Brazil	South America	Brazil: Sao Paulo	Homo sapiens	Illumina MiSeq	23.555420 S 46.670139 W	P02.Pre	PAIRED	PCR	METAGENOMIC	human metagenome	ILLUMINA	2019-08-06T00:00:00Z	biological replicate 2	P02.Pre	SRP113514	Pre	P02	0
SRR5865129	0	0	1.3288879003256	0	0	0	0	0	0	0	0	4.41502977615211	0	2.14787600986164	0	3.14718801386714	1.23703966506935	0	3.51928129188205	0	0	0	0	0	0	0.890699355892553	0	3.08989862052628	0	0	1.54251305498484	0	0	0	0	0	0.569373036295091	0	4.38369158160935	1.35564190735736	0	2.82455416432412	1.80160831132721	0	3.50221760467445	0	2.46787317998828	1.86221967468939	0	3.77684303530459	2.0112519861988	0	0	0	0	0	0	0	0	1.26986190920244	0	0	0	0	0	0	0	2.89889942459826	0	0	1.02056735325035	0	0	0	0	0	0	2.23825824373625	0	2.64347122383424	0	0	0	0	0	0	0.704578490165	0	0	3.64975898575737	0	0	3.14085238660846	0	0	0	0	0	0	1.67274302812796	0	0	2.34342709909533	0	0	2.43672583087683	0	0	0	4.04822029731429	0	2.25164919650843	1.75246983228388	0	0	1.54251305498484	2.37432548362042	0	3.2956175774609	0	0	0	2.11753524625265	0	1.07335060778627	0	0	0	0	0	1.3288879003256	0	1.02056735325035	0	1.99962950909983	0	0	0	1.90085732414505	0	0	0	0	0	3.12569960261973	0	3.54770214711804	1.68506845850178	1.89339990660295	2.81203600929975	0	3.60039443453153	0	3.18645080655868	0	3.11273112764462	0	1.46915787208339	2.70797753837772	1.44870516687374	0	0	0	0	0	0.704578490165	0	0	0	0	0	1.57501339081347	0	0	2.80747633049766	0	0	0.890699355892553	0	1.40466155238367	0	0	1.38084298062928	0	0	0	1.55906717145558	0	2.54980489479412	0	0	2.96171644776127	2.55146100486433	1.02056735325035	1.55906717145558	0	2.82543466141149	0	3.24041449978478	0	2.87130314312665	0	0	0	1.89339990660295	0.569373036295091	0	2.17623481215007	0	0	0	0	3.9988594598044	0	3.88527123397838	0	0.569373036295091	4.43882908441449	0	0	1.12040828958596	0	2.6669003696946	0	0	0	0	0	0	1.1628618799137	0	0	0	0	1.55906717145558	0	0	0	1.77279711333191	0	1.8540618330185	3.75204686812079	0	0	0	0	1.50738239732793	2.5909353344364	2.75180121257995	3.00452437877858	3.8477524848517	2.89140801911089	0	3.5049858921403	2.03360348931926	0	2.15616922989576	3.01145717236851	0.569373036295091	2.08491453132	2.73803773707954	0.807534018717595	3.83062467860212	2.69033224403203	0	0	0	0	0	0	0	0	1.1628618799137	0	0	0	0	0	1.40466155238367	2.93247510725459	0	2.04436215664301	3.5413196415118	0	0	0	0	0	0	0	0	0	0	0	0	0	0	1.46915787208339	0	0	0	1.90085732414505	0	0	0	0	0	4.14774776267561	AMPLICON	487	85908523	PRJNA395660	SAMN07412112	MIMARKS.survey,MIGS/MIMS/MIMARKS.human-gut	61374607	AC CAMARGO CANCER CENTER	02-Mar-2015	public	sra	gs,ncbi,s3	gs.US,ncbi.public,s3.us-east-1	human	digestive system	stool	SRX3033124	Brazil	South America	Brazil: Sao Paulo	Homo sapiens	Illumina MiSeq	23.555420 S 46.670139 W	P24.Pre	PAIRED	PCR	METAGENOMIC	human metagenome	ILLUMINA	2019-08-06T00:00:00Z	biological replicate 24	P24.Pre	SRP113514	Pre	P24	0
SRR5865130	0	0	1.26440293857704	0	0	0	0	0	0	0	0	4.13488431056863	0	2.06940379610127	0	3.36011408651795	0	0	1.23160517649749	0	0	0	0	0.88567496860455	0	0	0	2.8567458637632	0	0	0	0	0	0	0	0	0	0	4.80533828718371	1.29489679767121	0	3.47109908920476	2.61153061222529	0	3.52475775041008	0	2.25890021651474	0	0	0	2.2459107963741	0	0	0	0	1.06807005157401	0	0	0	0	0	0	0	0	0	0	0	0	0	0	1.95706287537689	0	0	0	0	0	0	2.24260181662057	0	2.64037993615947	0	0	0	0	0	0	0	0	0	3.6254070532591	0	0	3.10285997792652	1.0153501305566	0	0	0	0	0	1.53690865883078	0	0	0	0	0	3.80146401397074	0	0	0	4.12349882945996	0	2.06940379610127	1.26440293857704	0	0	1.98798750681689	0	0	2.99407512668082	1.39911935752306	0	0	1.72548114297068	0	0.95533460885947	0	0	1.59962319973744	0	0	1.11507740075656	0	2.80079674698849	0.95533460885947	0	0	0	1.19612671617858	2.41786422633103	0	0	0	0	0	3.64792587353707	0	3.70899700601796	2.4020492415981	2.26525208417856	2.17827554628004	0	3.587777900344	0	1.44314091639738	0	3.27003966212081	0	0	2.59855478288325	1.80512126377819	0	0	0	0	0	0	0	0	0	0	0	2.23590724748903	0	1.3753136781726	0	0	0	0	0	0	0	0	0	0	0	0	2.87879009200414	0	2.86711999090999	0	0	0	2.84195988345657	0	0	0	3.20380677570371	0	0	0	3.67045203015549	0	0	0	2.14631240417678	0	0	2.08400365127392	0	1.67941746632284	0	0	2.30441837342985	0	0	0.802667035151201	0	2.86395426457571	0	0	0	0	0	0	0	0	0	0	0	0	0	0	0	0	0	0.802667035151201	0	0	1.29489679767121	0	0	3.82650285396227	0	0	0	0	2.31014235144043	1.50179203042899	3.40850550955469	3.17334381127494	3.4014204194114	3.12951904944934	0	0	0	0	0	1.11507740075656	0	2.72686554438024	0	0	4.40774016509177	3.44061330533679	0	0	0	0	0	0	0	0	0	0	0	0	0	0	0	2.55873222283186	0	3.18752457769111	3.70956408153388	0	0	0	1.50179203042899	0	0	0	0	0	0	0	2.79431804379081	0	0	1.95060464242215	1.4635841153697	0	0	2.33768249984752	0	0	1.77693963579013	0	0	3.7547346595606	AMPLICON	490	87885642	PRJNA395660	SAMN07412110	MIMARKS.survey,MIGS/MIMS/MIMARKS.human-gut	62671152	AC CAMARGO CANCER CENTER	20-Oct-2014	public	sra	gs,ncbi,s3	gs.US,ncbi.public,s3.us-east-1	human	digestive system	stool	SRX3033123	Brazil	South America	Brazil: Sao Paulo	Homo sapiens	Illumina MiSeq	23.555420 S 46.670139 W	P22.Pre	PAIRED	PCR	METAGENOMIC	human metagenome	ILLUMINA	2019-08-06T00:00:00Z	biological replicate 22	P22.Pre	SRP113514	Pre	P22	0
SRR5865078	0	0	0.834745760141591	0	0	2.62078871102703	0.653315610658544	0	0	0	0	3.03032721037034	0	1.29385656677806	0	2.78044964099917	2.58408627212492	0	3.92113365208485	0.522971533576483	0	0	0	0	0	0	0	1.79832053925233	0	0	0	0	0	0	0	0	1.06081886463151	0	4.16571811141769	0	0	1.44469300787873	2.74272653005083	0	3.14584667868931	0	1.97479632454835	2.49009059917093	0	0	1.26729711328664	0	0.653315610658544	0	0	0.522971533576483	0	0	0	0	0	0	3.11894809938274	0	0	1.20874483481213	0	1.90502668676162	2.36996605338554	1.80631045186331	1.55643136804766	0	0	3.08903599073845	0	0	0	1.77342906259936	1.87903539963393	2.42853684815429	0	0	0	0	0	0	0	0	3.01639950147513	1.78188573273548	0	0	2.60972663224331	0	0	0	0	0	0	1.51201183180318	1.29385656677806	0	0	0	0	3.46655522579675	0	0	0	2.46823315952369	0	2.40525062051643	1.63359792215333	0	0	0	0	0	1.97479632454835	2.07931269028362	0	0	1.31888494985473	0	1.70911708359478	0	1.49613491787001	1.7560050792472	0	0	1.01436016223554	0	2.49172724410648	0	1.87903539963393	0	0	0	2.09179843313064	0	0	2.17718695423452	0	0	3.74256960148716	0	0	0	1.29385656677806	0.962329529865459	0	2.08767627483339	0	1.51201183180318	0	3.21004941991786	0	0	2.48679868910866	1.92954991519452	0	0	0.753436827302252	0	1.29385656677806	0	1.31888494985473	0	0	1.14104981016022	0	1.5967262891046	0	4.19252341510297	0.522971533576483	0	0	0	3.97216557284072	2.21892974597593	0	0	0.753436827302252	0	0	0	2.04870263337169	0	2.34778716120884	0	0	0	2.02543716363576	0.653315610658544	1.49613491787001	0	3.19833119329316	0	1.49613491787001	0	1.06081886463151	0	0	0	0.834745760141591	0	0.522971533576483	3.9971036510388	0	0	0	0	0	0.653315610658544	3.71998840403516	0	3.74930177549223	4.8587900308966	0	0	0	0	0	0	0	0	0	0	0	0.522971533576483	0	0	0	0	0	0	0	0	1.31888494985473	3.5851794328172	1.17621497237896	3.06265174483083	0	1.14104981016022	0	0	1.26729711328664	0	2.9212984403716	3.30433568380637	3.45745919663395	2.92613165794867	0	1.76480444678493	0	0	0	1.3649903778226	0	1.06081886463151	1.42609631106912	0	1.38632870763425	0	0	2.18054430670328	0	0	0	0.903205969264879	0	0	2.15292939721917	0	1.65654727886064	0	1.23900699161856	0	1.06081886463151	2.32680907726746	0	3.33981575617959	1.99576640456548	0	0	3.55135879823368	3.14037854114694	0	0	0	0	0	0	0	2.22500997916712	0	0	1.01436016223554	0	0	0	3.21779184964544	2.50933466066708	0	0	0	0	4.09458619665964	AMPLICON	493	105087198	PRJNA395660	SAMN07412103	MIMARKS.survey,MIGS/MIMS/MIMARKS.human-gut	69157159	AC CAMARGO CANCER CENTER	06-Oct-2014	public	sra	gs,ncbi,s3	gs.US,ncbi.public,s3.us-east-1	human	digestive system	stool	SRX3033175	Brazil	South America	Brazil: Sao Paulo	Homo sapiens	Illumina MiSeq	23.555420 S 46.670139 W	P18.3M	PAIRED	PCR	METAGENOMIC	human metagenome	ILLUMINA	2019-08-06T00:00:00Z	biological replicate 18	P18.3M	SRP113514	3M	P18	1
SRR5865079	0	0	0	0	0	1.62334705457105	1.63098774538324	0	1.22162691993882	0	0	2.82061193980097	0	4.39399076454087	0	3.23788594974305	2.70204453128837	0	1.4329200309661	0	0	0	0.396417823268904	0	0	0	2.69881719837456	2.81071126915266	2.02585179840043	0	0	0	0	0	0	0	0.674689623556292	0	4.38040876226035	0.793747460775149	0	2.22728484163102	2.60918958852329	0	3.1483717255609	0	1.86081780669127	1.95293548780865	1.05837934824917	0	1.85180172039111	0.887090325845386	0	0.510126518942991	0	0	0	0	0	0	0	0	1.95652943693586	0	0	0.73828565667443	0	0.793747460775149	0	0.963877091159851	0	0	0	2.59378864402845	0	0	0.997714716508671	1.30933815841555	0.997714716508671	2.06100305904241	0	0	0	0	0	0	0	0	3.02704910347401	1.22162691993882	0	0	2.45836670938821	0	0	0	0.997714716508671	2.94746245329578	0	0	1.66729615363274	0	0	0	0	2.57610598348484	0	0	0	3.2102482901592	0	1.92306019679388	0	0	0	0.84292185266202	0	0	1.50942178735069	1.57444448346779	0	0	1.08580404133036	0	1.58298694265772	0	1.64587730414382	1.05837934824917	0	0	0.997714716508671	0	1.08580404133036	0	1.33999850805178	1.83791661381285	1.42080204343515	0	2.93221388723739	0	0	0	0	0	3.4950815119854	0	1.8740004075248	0	1.4329200309661	1.84259448199443	0	2.39800817028377	0	0.963877091159851	0	2.54952673190617	0	0.927178567481619	3.36365055124346	2.92803005113159	2.29468609740394	0	0.396417823268904	0	0.600156424485502	0	0	0	0	0	0	1.99421623329527	0	1.49928400718664	2.8558503742251	0	0	0	0	2.42560435133409	0	0	0	0	0	0	0	0	1.93072388709081	0	0	0.73828565667443	0.73828565667443	0	1.3822768294559	0	3.73287975775378	0	2.55225906264576	0	0	0	0	0	0	0	0	3.33571845153237	0	0	0	0	0	0	3.68116037115153	0	0	4.97143259912927	0	0	0	0	0	0	0	0	0	0	0	0.600156424485502	0	0	0	0	0	0	0	0	1.18089690573484	0.927178567481619	1.33999850805178	1.82357287400174	0	1.20173921755681	0	0	1.63849633172869	0.73828565667443	1.70080187077285	2.43759090173684	2.59047555990605	2.28471491102094	0	0	0	0	0	0	0	2.08294994472501	1.4329200309661	0	1.61556952748179	1.39550194453043	0	0	0	0	0.396417823268904	0	0	0	1.70720362427158	0	1.11159931338733	0	1.63098774538324	0	0	2.22536182988769	0	3.43402115510084	3.18286219765579	0	0	1.42080204343515	2.74893613459753	0	0	0	0	0	0	0	0	0	0	1.05837934824917	0	0	0	2.86167786509063	0	0	0	0	0	4.2093879579038	AMPLICON	487	160543576	PRJNA395660	SAMN07412079	MIMARKS.survey,MIGS/MIMS/MIMARKS.human-gut	105688979	AC CAMARGO CANCER CENTER	10-Mar-2014	public	sra	gs,ncbi,s3	gs.US,ncbi.public,s3.us-east-1	human	digestive system	stool	SRX3033174	Brazil	South America	Brazil: Sao Paulo	Homo sapiens	Illumina MiSeq	23.555420 S 46.670139 W	P09.1Y	PAIRED	PCR	METAGENOMIC	human metagenome	ILLUMINA	2019-08-06T00:00:00Z	biological replicate 9	P09.1Y	SRP113514	1Y	P09	1
SRR5865080	0	0.482461813886488	1.12132061160625	0	0.910086091858581	1.35004924200876	0	0	1.40560976763686	0	0	3.32854430892106	0	4.5830238648718	0	3.90313159338778	0	0	1.4548617284045	0	0	0	0	0	1.76372241287777	0	0	2.40065132536346	1.8339430872392	0	0	0	0	0	0	0	1.04865909766608	0	4.58935550567209	0	0	2.84493162954149	2.74833471265815	0	3.49128576326688	0	2.92390401936865	2.67821535516426	0	0	0	0	0.910086091858581	0	0	0.851952487991651	0	0	0	0	0	0.482461813886488	0.851952487991651	0	0	0.784816750605252	0	2.69816634132857	2.96125393574965	0	1.57597420643466	0	0	3.28352390395366	0	1.62057721485706	2.58889061648075	2.42292932209811	0	2.4041539765531	0	0	0	0	0	0	0	0	2.6228644197127	2.6543722740407	0.482461813886488	0	3.47083072132631	1.23796958748226	1.7860057513557	0	1.04865909766608	0	0	1.87711117981279	0	1.32982871275407	2.12519729506646	0	0	4.13330439658611	0	0	0	3.45715333044445	0	2.24093624202727	0	0	0	2.05323809225148	1.43905698678278	0	2.39176907608931	2.88245766369913	0	0	1.15354883419207	0	1.04865909766608	0.482461813886488	0	1.43905698678278	0.705370839518677	1.36937004906946	1.47011144679757	0	0.705370839518677	0	0	2.10134427396521	1.04865909766608	2.3322313607365	1.79318649877275	0	0	0	0	0	2.99876102000552	1.66102303568268	2.8634945301211	0	1.63104724604013	2.20383565694228	0	2.8634945301211	0	2.24849017788737	0	1.63104724604013	0	0	3.222030256733	3.42495655440084	1.53923251825404	0	0	0	0	0	0	0	0	0	0	2.36588654905194	0	1.15354883419207	0	0	0.608063526286519	1.00719434691886	0	0.705370839518677	0	0	1.18354978802493	0	0	0	0	0	1.93217147983078	0	0	0	1.18354978802493	0	1.74023360160162	0	3.62066239918836	0	0.961348759951006	0	4.22386132553086	1.80025044627249	0	0	0	0	0.851952487991651	3.39537299457001	0	0	0	0	0	0	1.53923251825404	0	1.42265529014756	2.37716844948088	0	0	1.04865909766608	0	0	0	0	0	0	0	0	1.00719434691886	0	0	0	0	1.43905698678278	0	0	0	1.59884806268024	1.04865909766608	1.00719434691886	2.62391730184491	0	0.784816750605252	0	0	1.9810300714979	1.12132061160625	2.86831350281339	2.37902059826031	3.72590492217408	2.95097698143166	2.30020210630377	0.851952487991651	0	0	0	0	0	2.12850038831511	1.18354978802493	0	3.34082500118694	2.66598041561297	0	0	0	0	0	0	0.608063526286519	0	0	0	0	0	0	0	1.55182829901542	2.75069723252569	0	3.56040903926086	3.94904949331035	0	0	1.55182829901542	2.47185220567877	0	0	0	0	0	0	0	2.65339077675043	0	0	2.36397740633362	0	0	0	3.89079441637516	1.91097746934013	0	2.6946063976368	1.12132061160625	0	4.16622769973543	AMPLICON	481	118447918	PRJNA395660	SAMN07412105	MIMARKS.survey,MIGS/MIMS/MIMARKS.human-gut	81581722	AC CAMARGO CANCER CENTER	24-Nov-2014	public	sra	gs,ncbi,s3	gs.US,ncbi.public,s3.us-east-1	human	digestive system	stool	SRX3033173	Brazil	South America	Brazil: Sao Paulo	Homo sapiens	Illumina MiSeq	23.555420 S 46.670139 W	P19.3M	PAIRED	PCR	METAGENOMIC	human metagenome	ILLUMINA	2019-08-06T00:00:00Z	biological replicate 19	P19.3M	SRP113514	3M	P19	1
SRR5865081	0	0	1.75573580802121	0	0	0	0	0	0	0	0	3.51810916318001	0	1.68335872038423	0	2.42351439518638	1.63333021647356	0	1.82916433887426	0	0	0	2.18525987582079	0	0	0	0	3.19012020531388	0	0	2.25813726518086	0	0	0	0	0	0	0	4.04938660385777	2.41774570009976	0	4.09669031324158	2.59036629438394	0	3.95626705579613	0	2.75820277928482	1.26703784885964	0	0	1.85111881138473	0	0	0.902966149846036	0	1.06056861818287	1.69883130435938	0	0	1.22388173123282	0	1.17595916484439	0	0	0	0	0	3.22857963682777	0	0	3.46680024297169	0	0	3.46079392778524	0	0	1.37552804304351	2.19988862858906	2.36534706398783	2.50432977449338	0	0	0	0	0	0	1.85111881138473	0	1.26703784885964	1.63333021647356	0.795761134362046	0	3.29233613480275	1.17595916484439	0	0	1.81775637902105	0	0	2.01793589042721	2.57040178935386	0	2.80705535032233	0	0	2.87288847063505	2.12125522000869	0	0	3.97307873085829	0	2.6094532259742	1.85111881138473	0	0	0	0	0	2.64182838946665	1.7816161833339	0	2.51837283777985	1.55616490175852	1.43523017017829	0	0	0	1.34228758400276	0	0	1.43523017017829	0	2.55374189099656	1.12208503042108	2.90524971453189	1.55616490175852	1.59645914821044	1.65065467181115	2.63130256869727	0	0	0	0	0	2.38457079561651	0	3.21950856028427	1.89195488643333	2.43482687731946	1.48770819242317	0	3.27534266040344	0	1.97183125525799	0	1.75573580802121	0	1.26703784885964	1.43523017017829	3.19353958911522	0.653102438056227	2.64009170671304	0	0	0	0	0	0	0	0	0	2.76997400406692	0	2.12125522000869	4.03011403207617	0	0	1.22388173123282	2.14907858553442	0	0	0	0	0	0	0	2.23222001031694	0	2.01058371535564	0	0	0	2.3019735519115	1.17595916484439	1.86169341236492	0	2.80941840304927	0	2.14365468934149	0	0	0	0	0	0	0	0	3.2601684924795	0	0	0	0	0	0	2.26644368220927	0	1.51174618541854	3.17667304383747	0	0	1.26703784885964	0	0	0	0	0	0	0	0	0.988877602776828	0	0	0	0	0	0	0	0	1.75573580802121	0	3.42575939049889	3.6963022605653	0	0	1.12208503042108	0	2.67678089233959	1.12208503042108	1.46226134799818	3.37501898392856	3.88263908692584	1.84028029078472	0	3.51856981343504	1.63333021647356	0	1.22388173123282	3.36693477201104	2.19019108037199	2.79260048291412	4.27201929988411	1.30629048677135	3.02577860080522	3.1591248981409	0	0	0	0	0	0	0	0	2.46709697244559	0	1.82916433887426	0	0.653102438056227	0	0	2.75286693395632	0	1.94680333912671	4.00010813065789	0	0	2.05961239674491	0	0	0	0	0	0	0	0	1.53452317772592	0	0	2.61317197523905	0	0	0	1.7816161833339	0	0	2.7164880193974	0	0	4.73213157728101	AMPLICON	481	71731700	PRJNA395660	SAMN07412070	MIMARKS.survey,MIGS/MIMS/MIMARKS.human-gut	49073018	AC CAMARGO CANCER CENTER	07-May-2012	public	sra	gs,ncbi,s3	gs.US,ncbi.public,s3.us-east-1	human	digestive system	stool	SRX3033172	Brazil	South America	Brazil: Sao Paulo	Homo sapiens	Illumina MiSeq	23.555420 S 46.670139 W	P06.Pre	PAIRED	PCR	METAGENOMIC	human metagenome	ILLUMINA	2019-08-06T00:00:00Z	biological replicate 6	P06.Pre	SRP113514	Pre	P06	0
SRR5865082	0	0	1.28218771594981	0	0	3.45704514840765	1.72651860783513	1.80235545648539	1.97615874154142	0	0	3.45505923252446	1.01863535931956	1.53652734039642	0	3.442721693724	3.10408828588768	0.728856818841552	3.76498892636606	0	0	0	0	0	0.665596656558824	0	0	1.53652734039642	0.728856818841552	0	0	0	0	0	0	0	1.91548289249022	0	3.73482204637692	1.8582440006866	0	1.94150136973583	1.87538198469027	0	3.10853154467772	0	2.03232420359507	2.56884799186513	1.12523941976315	0	1.24794304280979	0.784063111617959	0.953584171748104	0	0	0	1.10094007758809	0	0	1.12523941976315	1.42178762567112	0	3.05139401589919	0	0	1.10094007758809	0	2.89211344451489	0	0	1.90383655337305	0	0	3.01059974435432	0.502167586694938	0	0.953584171748104	2.26128274032757	3.10532709126414	3.29173727158938	1.51779570379046	0	0	0	0	0.502167586694938	0	0	3.00720167859649	4.05339517889655	0	0.502167586694938	2.75713951766859	0	0	1.46709438292764	0.591524672011304	0	0	2.01133642971804	2.08724026434364	0	0	0	0	4.2805386193588	0.389532298109727	0.389532298109727	0	3.75832949297728	0	1.6696896777565	2.07414844147592	0	0	2.05513044287807	0	0	1.4450315517792	2.61482859403974	0	0	1.21076520003864	0	2.87226365999205	0	2.20016418748742	3.0547425352094	0	0	0	0	2.78179829298642	1.0478380190994	1.68947050887584	1.456203055532	0	1.87538198469027	2.03232420359507	0.833036593219645	0	0	0	1.07520015518241	3.37635051627274	0	3.04518719386983	1.70217429066886	1.46709438292764	1.7820046743372	0	3.12680638123188	0	2.98231200269045	0	2.0767985687645	0	0	2.8798140449748	1.545598650689	1.19091041053077	0	1.12523941976315	0	1.35757282365013	1.0478380190994	2.3799668632242	0	0	0	0	1.56319189526714	0	1.58831358687956	2.34006720736016	0	0	0	0	2.5756026164835	1.37119786281357	0	0	0	0	0	1.90383655337305	1.40968186432342	1.98277027509856	0.502167586694938	0	1.21076520003864	1.4450315517792	0	1.55448435455339	0	2.66055719990612	0	2.05513044287807	0	0.987326597437689	0.833036593219645	0	1.58010009943564	1.98277027509856	0.389532298109727	2.25955163522005	3.58998989590811	0	1.29834796382941	0	1.17010424479615	0	0.784063111617959	3.60150697223935	0.916997609377492	4.02701287041444	4.66664348936683	0	0	0	0	0	0	0	0	0	0	0	0	0	0	0	0	0	0	0	0	0.833036593219645	0	0	3.49838401922113	0	1.50811793802769	0.728856818841552	0	2.47201824526174	0	1.56319189526714	3.61640284470642	4.24153642736889	3.24501907682328	2.18601504468186	2.33133378731913	0	0	0	1.47771924421746	0	1.4450315517792	1.4450315517792	0	2.90915646425811	1.49821958932255	0	0	0	0	1.12523941976315	0.916997609377492	0	0	1.79229925770624	0	1.92682505464484	0	2.37334391561403	0	0.784063111617959	2.09236845339029	0.665596656558824	3.69451022620318	2.74539926091998	0	0	1.63457739170242	3.20894533664224	0	0	0	0	0	0	0	0	0	0	2.08981192808878	0	0	0	3.84761089704671	0	0	0.665596656558824	0	0	4.04574388883228	AMPLICON	491	164944010	PRJNA395660	SAMN07412099	MIMARKS.survey,MIGS/MIMS/MIMARKS.human-gut	105192460	AC CAMARGO CANCER CENTER	14-Jul-2014	public	sra	gs,ncbi,s3	gs.US,ncbi.public,s3.us-east-1	human	digestive system	stool	SRX3033171	Brazil	South America	Brazil: Sao Paulo	Homo sapiens	Illumina MiSeq	23.555420 S 46.670139 W	P16.3M	PAIRED	PCR	METAGENOMIC	human metagenome	ILLUMINA	2019-08-06T00:00:00Z	biological replicate 16	P16.3M	SRP113514	3M	P16	1
SRR5865083	0	0	0.841469365062967	0	0	0	1.22003248204523	2.19581971191388	1.62933103485931	1.54611184325779	1.33837973145264	3.02413545888127	1.22003248204523	3.67266376241849	0	3.45609900814328	1.92138402373316	0	0.841469365062967	0	0	0	0.885614251373806	0	0	0	0	1.74208481355644	0.962365307928646	0.508954866809697	1.35293207508337	0	0	0	0	0	1.17931249813958	0	4.39833032704702	2.90679318144331	0	0.962365307928646	2.93353706730149	0	2.92786164773419	0	2.49132152567491	3.58694062885257	0.841469365062967	0	2.40529062008611	0	1.46572988917205	0	0	0	0.792324213811874	0	0	1.67254681167952	0.598886562270969	0	2.17692033974601	0	0	4.20175270292822	0.996189092988644	2.6853031228543	0	1.17931249813958	2.65994451708854	0	0	2.86879910207373	0	0.673352513911233	0	2.2552614292142	0	2.66135377285995	0	0	0	0	0	0	0.925683064694303	0	2.49546414162657	1.52736769631886	0	0	2.57783809436796	0	0	0	0.962365307928646	0	0	1.20014955984231	1.75926497361796	0	0	0	0	4.29042288388023	0	0	0	3.57969989942455	0	2.11223784297364	1.68604653904708	0	0	1.63683893982185	0	0	2.04501961845541	1.9892430353157	0	0	1.6656362547832	0	1.52736769631886	0	1.85012916542255	3.48649577086185	0	0	0.736899613723931	0	3.11295524470222	1.0275678843176	0.508954866809697	1.22003248204523	1.15742508632624	0	1.91750104348156	0	0	0	0	0	3.04440338178055	0	3.81739237524046	1.65861395564691	1.38065084698458	2.09444123319408	0	3.05561459778925	0	2.86529439907703	0	3.0063856685387	0.508954866809697	0.996189092988644	2.65354565638256	0	0.673352513911233	0	0.925683064694303	0	1.8635833320284	0	0	0	0	0	0	1.85914476047389	0	1.45454948555927	0.508954866809697	0	0	0	0	2.36823334614972	0	0	0	0	0	0	2.81300480222811	0	3.8181775098879	0	0	1.23904483311732	2.39372062415544	0.673352513911233	1.53684088659749	0	3.56449433554528	0	3.35645350464197	0	1.0275678843176	0	0	0	0	0.395403123220468	1.08424705882101	3.58341953842026	0	0.962365307928646	0	2.10215781878757	0	1.08424705882101	3.31461124309804	0.925683064694303	1.15742508632624	4.41598775248563	0	0	0.598886562270969	0	0	0	0	1.29154618525788	0	0	0	0.673352513911233	0	0	0	0	0	0	0	0	0.598886562270969	1.22003248204523	0.792324213811874	3.3819520688614	0	1.08424705882101	0	0	1.53684088659749	0	2.95301630433723	3.62143709373001	3.79429406373126	2.99282644702677	2.01492061398989	3.39396579629897	0	0	1.61391425359461	2.61146098315397	0	2.406557352902	2.92633559229964	0	3.08203790419355	3.05276740166071	0	0	0	0	0	0.885614251373806	0	0	2.1594013582212	1.08424705882101	2.17260640072511	0	0.598886562270969	0	1.05683145623006	2.01179272339228	0.885614251373806	3.47465601357282	3.2240381061491	0	0	1.38065084698458	2.97543021708968	0	0	0	0	0	0	0	0	0	0	1.75926497361796	0	0	0	3.50362078103473	2.58292409996077	0	1.65861395564691	0	0	4.35621044055384	AMPLICON	495	159165339	PRJNA395660	SAMN07412107	MIMARKS.survey,MIGS/MIMS/MIMARKS.human-gut	101427049	AC CAMARGO CANCER CENTER	15-Dec-2014	public	sra	gs,ncbi,s3	gs.US,ncbi.public,s3.us-east-1	human	digestive system	stool	SRX3033170	Brazil	South America	Brazil: Sao Paulo	Homo sapiens	Illumina MiSeq	23.555420 S 46.670139 W	P20.3M	PAIRED	PCR	METAGENOMIC	human metagenome	ILLUMINA	2019-08-06T00:00:00Z	biological replicate 20	P20.3M	SRP113514	3M	P20	1
SRR5865084	0	0	1.04149897904487	0	0	0	0	0	0	0	0	4.09005733083945	0	1.77230324987807	0	1.3031106914765	0	0	0	0	0	0	0	0	0	0	0	2.53054914105615	0	0	0	0	0	0.809964472813992	0	0	0.450044445727182	0	5.07533231172076	0.917751497270109	0	3.09293313520782	0	0	3.99822162548784	0	2.59930474897159	0	0	0	0	0	0	0	0	0	0	2.18686708380611	0	0	0	0	0	0	0	0.963032877934086	0	0.666269197009603	0	0	1.19171282673753	0	0	2.78095752328458	0	0	0	0	0	0	0	0	0	0	0.450044445727182	0	0	0	0	1.00403563002862	0	0	1.07598571568786	0	0	0	0	0	0	1.53964583710694	0	2.0829013259938	0	0	0	2.76835107923653	0	0	0	3.88259487161857	0	0	0	0	0	2.55433034524707	2.2642899138988	0	2.0628687754633	2.93189815257886	0	0	0	0	0	0	0	0.744032989756326	0	0	1.04149897904487	0	0	0	0	0	0	3.27113427704579	0	0	0	0	0	0	3.57352654098254	2.30331239764228	1.07598571568786	0	0	0	0	1.69987350165316	0	0	0	3.97240812977624	0	0	0	1.63174241351544	0	0	0	0	0	0.450044445727182	0	0	0	0	0	0	0	1.42261280651861	0.809964472813992	0	0	0	0	0	0	0	0	0	0	0	0.450044445727182	0	1.19171282673753	0	0	0	0	0	0	0	3.50255642039804	0	0	0	0.666269197009603	0	0	0	0	0	0	1.75875155794288	0	0	0	0	0	0	1.56186540239403	0	0	2.66552708112745	0	0	0	0	0	0	0	0	0	0	0	0.744032989756326	0	0	0	0.57147672722035	0	0	0	0	1.04149897904487	1.23975087106947	0	2.26856661133478	0	0	0	0	1.34073594326507	0	0	1.32233064958536	1.93231249351512	1.3753598169194	0	0	0	0	0	0	0	0	1.40742598017169	0	1.00403563002862	1.00403563002862	0	0	0	0	0	0	0	0	0	0	0	0	0	0	1.51622787634148	2.09576075349736	0	2.14652604090226	1.46522526294449	0	0	1.165542125271	3.91532961002641	0	0	0	0	0	0	0	0.917751497270109	0	1.19171282673753	0	0	0	0	3.82907544420897	0	0	0	0	0	4.03573219000156	AMPLICON	495	128501692	PRJNA395660	SAMN07412047	MIMARKS.survey,MIGS/MIMS/MIMARKS.human-gut	85035227	AC CAMARGO CANCER CENTER	28-Mar-2011	public	sra	gs,ncbi,s3	gs.US,ncbi.public,s3.us-east-1	human	digestive system	stool	SRX3033169	Brazil	South America	Brazil: Sao Paulo	Homo sapiens	Illumina MiSeq	23.555420 S 46.670139 W	P01.Pre	PAIRED	PCR	METAGENOMIC	human metagenome	ILLUMINA	2019-08-06T00:00:00Z	biological replicate 1	P01.Pre	SRP113514	Pre	P01	0
SRR5865088	0	0	0.708026472594488	0	0	3.62240983088299	0	0	1.44224213922123	0	0	3.88787334896474	0	1.30445502917238	0	2.88226519337315	2.55242237451062	0	0	0	0.484681365985419	0.572512343174291	0	0	0	0	0	1.69530746328878	0	0	0	0	0	0	0	0	0.894441715665304	0	3.72687478742005	1.3329795959154	0	2.48692529062884	1.35974557365752	0	3.20245565971228	0	2.44847255364939	0	0	0	1.73535690044206	0	1.02445184679104	0	0	0	0	0	0	1.07728175884447	0	0	2.73962432916719	1.85415639451648	0	0	0	1.85415639451648	1.66425613835893	0	2.3476997484282	0	0	2.86314530516088	0	0	0.64553371001537	1.48318426718905	1.72985674825329	2.60417953446929	0	0	0	0	0	0	0.572512343174291	0	0	3.94859061655562	0	0	2.9291333790504	0	0	0.374464904766589	0	0	0	1.6892722715625	1.43137375068652	0	0	0	0	2.14154257974623	0	1.12437651203047	0	3.86606129321771	0	1.40878532628335	1.74078826582433	0.572512343174291	0	2.16654946841918	1.12437651203047	0.854794229215787	2.06936674974943	2.50772421419057	0.374464904766589	0	1.44224213922123	0	1.92319970930047	0	1.72985674825329	2.60491817906416	0	0	0.374464904766589	0	2.54486136844587	0	0.894441715665304	0	0	0	1.38495726763935	0	0	0	0	0	3.29751746892569	0	2.59521639807203	0	1.96379808524291	1.82846658537811	0	2.61728665702996	0	0.854794229215787	0	2.79302833238158	0	0.96429369241256	2.51048479492176	2.00092361022867	1.39703469564621	0	0	0	0	1.56324129074738	2.21624568031804	0	0	0	0	1.82403322903422	0.854794229215787	4.10134856315042	0.374464904766589	0	0	0	0	1.92319970930047	0	0	0	0	0	0	2.2952879848512	0	2.03512389438626	0	0	0.930770567915475	1.68315202822658	0	0	1.85829408073732	3.05280552099143	0	1.88620400751526	0	1.57919176110036	0	0	0	1.56324129074738	0.572512343174291	0	0	0	1.3329795959154	0	1.3329795959154	0	0.708026472594488	4.25417159088997	1.07728175884447	0.484681365985419	4.79155808977035	0	0	0	0	0	0	0	0	0	0	0	0	0	0	0	0	0	0	0	0	0	0	1.34656875371067	3.37181682472209	0	1.34656875371067	0	0	1.65118609821316	0	1.85415639451648	2.852008531851	3.69807426716116	2.81495853859284	1.60207010268563	2.12626135717364	0	0	0	0	0	1.02445184679104	2.8024960142367	0	2.42342868140663	1.24108416815735	0	0	0	0	0	0	0	0	1.50229338206411	0	1.8784110723595	0	1.6238033023737	0	0	1.82846658537811	0.64553371001537	3.87668997966177	3.42497792569644	0	0	4.3881414988587	3.52312676683965	0	0	0	0	0	0	0	0	0	0	1.02445184679104	0	0	0	2.98363664697574	0	0.374464904766589	2.81632144338569	0	0	3.97354897935512	AMPLICON	495	177112684	PRJNA395660	SAMN07412100	MIMARKS.survey,MIGS/MIMS/MIMARKS.human-gut	117540677	AC CAMARGO CANCER CENTER	24-Feb-2014	public	sra	gs,ncbi,s3	gs.US,ncbi.public,s3.us-east-1	human	digestive system	stool	SRX3033165	Brazil	South America	Brazil: Sao Paulo	Homo sapiens	Illumina MiSeq	23.555420 S 46.670139 W	P16.Pre	PAIRED	PCR	METAGENOMIC	human metagenome	ILLUMINA	2019-08-06T00:00:00Z	biological replicate 16	P16.Pre	SRP113514	Pre	P16	0
SRR5865090	0	0	1.06143043108067	0	0	3.22603030992678	0	0	0	0	0	3.65124321189329	0	2.8836458383262	0	3.45290484728332	0	0	0.948880333001663	0	0	0	1.06143043108067	0	0	0	0	1.56232887029743	0	0	0	0	0	0	0	0	0	0	4.26181518174569	1.57769801903269	0	0	1.72914109626774	0	2.91042418965088	0	1.94987820162059	2.69381273233138	1.56232887029743	0	0	0	0	0	0	0.79655404626792	0	0	0	0	0	0	1.10837361027001	1.06143043108067	0	0	0	1.98672545241855	1.90961240205394	0	1.06143043108067	0	0	0	0	0	2.10008800738438	1.80696974635167	2.98089008815849	2.48952663207878	0	0	0	0	0	0	0	0	2.86222358188896	1.43613938757286	0	0	2.29429888610144	0	0	0	0	0	0	1.62078891996357	0	0	0	0	0	3.63142064547706	0	0	0	3.29636899097591	0	2.06712134186121	1.52985587275334	0	0	0	0	0	1.99257379781519	3.01474415580294	0	0	1.18932734169204	0	1.41469950644774	0	0	2.159347679951	0	0	1.25753577788113	0	2.10906501662761	0	1.64731046029866	0	0.79655404626792	0	2.02610060021234	0	0	0	0	0	3.14369933871873	0	3.03942172545966	1.45657045013333	1.56232887029743	2.10008800738438	0	3.23542982412262	1.00879123111611	3.25108458509313	0	3.02832952303598	0	0	2.35128902304	1.51266099387399	0	0	0	0	0	1.2247692514962	0	0	0	0	0	1.65998760561775	1.10837361027001	2.58541408700367	3.29463384721619	0	0	0.79655404626792	0	0	0	0	0.879361680679622	0	0	0	1.84121049962753	0	3.15383492652361	0	0	0	0	0	1.25753577788113	0	3.40575323227068	0	2.55148691403517	0	1.25753577788113	0	0	0	0	0	0.559889132494577	3.77564746184719	0	0	0	0	0	0	1.71835343025916	0	0.694147034642477	4.99671486069286	0	0	0	0	0	0	0	0	0	0	0	1.00879123111611	0	0	0	0	1.82442748786973	0	0	0	1.67230517378003	0	1.00879123111611	3.33973130756212	0	0	0	0	2.0152100654868	1.10837361027001	2.20440802660207	3.23741780853648	3.44189790522397	2.96632649556444	0	2.34617240864476	0	0	0	1.7887807418198	0	2.62778198656986	2.38315376939368	0	2.4016607590766	3.93239990013889	0	0	0	0	0	0	0	0	0	0	0	0	0	0	0.879361680679622	2.73249028124379	0	3.08727269991273	3.12612027434637	1.00879123111611	3.47238708043681	1.71835343025916	3.07447415664973	0	0	0	0	0	0	0	2.55308793952938	0	0	0	0	0	0	3.58484340321445	1.67230517378003	0	0	0	0	4.01728451161644	AMPLICON	484	90087813	PRJNA395660	SAMN07412058	MIMARKS.survey,MIGS/MIMS/MIMARKS.human-gut	64326430	AC CAMARGO CANCER CENTER	04-Mar-2013	public	sra	gs,ncbi,s3	gs.US,ncbi.public,s3.us-east-1	human	digestive system	stool	SRX3033163	Brazil	South America	Brazil: Sao Paulo	Homo sapiens	Illumina MiSeq	23.555420 S 46.670139 W	P04.1Y	PAIRED	PCR	METAGENOMIC	human metagenome	ILLUMINA	2019-08-06T00:00:00Z	biological replicate 4	P04.1Y	SRP113514	1Y	P04	1
SRR5865091	0	0	1.45305199252521	0	0	0	0	0	0	0	0	3.74333407405781	0	3.52585815635122	0	3.35359413922197	0	0	0	0	0	0	0	0	1.07747819793889	0	0	3.49780656318198	0	0	0	0	0	0	0	0	0.811341549598579	0	4.97718230769005	0	0	0.667547434697593	2.24160389410293	0	3.4571577771201	0	2.73201095358387	2.2848323906003	0	0	0	1.24128624379348	0	0	0	0.811341549598579	0	0	0	0	0	0	0	0	0	0	0	0	0	0	0	0	0	0	0	0	0	0	0	3.01308394666571	0.667547434697593	0	0	0	0	0	0	0	2.4061062059266	1.8585054887643	0	0	3.0555559305338	0	0	0	0	0	0	2.06448370713968	0	0	0	0	0	3.73872849541751	0	0	0	2.07126463247639	0	0	0	0	0	1.99012481126418	0	0	2.39347568436574	2.80983136342063	0	0	0	0	2.13381802518354	0	0	1.59478603461509	0	0	1.5524809719953	0	1.92928233017035	0	0	1.79980354579807	0	1.59478603461509	1.28454484565652	0	0	0	0	1.24128624379348	3.98447323662985	0	3.19666260687526	0	0	1.84738275472606	0	2.17808870080484	0	2.4390576267194	0	3.92116140503608	0	0	3.21637198717515	1.90034938595726	0	0	0	0	0	0	0	0	0	0	0	0	0	1.78704719178915	0	0	0	1.07747819793889	0	0	0	0	1.39325179646916	0	0	0	0	1.07747819793889	1.63333344860283	0	0	0	1.13920323446145	0	0	0	3.92588867456102	0	3.48812430380342	0	0	0	0	0	0	0	1.19323724738423	4.10892799425923	0	0	0	0	0	0	0	0	0	2.63346227251957	0	0	0	0	0	0	0	0	0	0	0	0	0	0	0	0	0	0	0	0	1.42418035619892	1.07747819793889	0	3.51654661781028	0	0	1.19323724738423	0	0	0	2.21826110353258	1.52967548135234	2.14531590829376	1.61448727859386	0	0	0	0	0	0	0	2.43324943730695	0	0	0	0	0	0	0	0	0	0	0	0	0	0	0	0	0	0	0	2.7507056772664	0	2.88725907050864	1.50560574414116	0	1.24128624379348	3.27655338001112	3.70190628073813	0	0	0	0	0	0	0	3.18022464485801	0	0	0	0	0	0	3.87718054893038	1.00550350925121	0	0	0	0	3.95162786151731	AMPLICON	488	64920837	PRJNA395660	SAMN07412077	MIMARKS.survey,MIGS/MIMS/MIMARKS.human-gut	46494229	AC CAMARGO CANCER CENTER	14-May-2013	public	sra	gs,ncbi,s3	gs.US,ncbi.public,s3.us-east-1	human	digestive system	stool	SRX3033162	Brazil	South America	Brazil: Sao Paulo	Homo sapiens	Illumina MiSeq	23.555420 S 46.670139 W	P08.3M	PAIRED	PCR	METAGENOMIC	human metagenome	ILLUMINA	2019-08-06T00:00:00Z	biological replicate 8	P08.3M	SRP113514	3M	P08	1
SRR5865092	0	0	0	0	0	0	0	0	1.84842695172353	0	0	3.3087266738762	1.42649588644141	3.67278611684281	0	3.77094038054827	0	0	1.88982400601132	0	0	0	0	0	1.40118240256356	0	0	2.16919163220005	1.84217730591456	0	0	0	0	0	0	0	1.88699443042977	0	4.92739504348743	0	0	2.58257988589394	0	0	3.51237671852669	0	2.30439014568328	2.25499634452157	0	0	2.25621120769586	1.11706148533543	1.33565894216719	0	0	0.302721762827592	0	0	0	0	0	0	0	0	0	0	0	0	0	0	0	0	0	0	0	0	1.78865165574408	2.08071672451217	2.04866964227137	2.15257222445177	0.701673677523802	0	0	0	0	0	0	0	2.08613453852864	1.82940156243461	0	0	2.8291225265784	0	0	0	0	0	0	0	0	0	0	0	0	4.44158682156534	0	0	0	3.57792818242209	0	1.42649588644141	0	0	0	0	0	0	2.7317244640771	2.54681452487265	0	0	1.82940156243461	0	2.16770678465458	0	2.35747052420935	1.58875031707361	0	0	0	0	0	0	0	2.08253018257313	0	0	2.83203187531216	0.479375482950626	0	0	0	1.04446374039231	3.72270761473962	1.70227969135301	2.85340547614585	0	1.11706148533543	2.51591762801474	0	2.91078416726084	0	1.13346149081908	0	3.51977909384103	0	0	3.15320928407906	2.03676957710168	1.33565894216719	0	0	0.302721762827592	2.08253018257313	0.701673677523802	0	0	0	0	0	2.02453423070606	0	3.13739214467406	0	0	0	0	0	1.48038608081157	0	0	0	0	0	0	1.02424578157141	1.50158072071083	2.58769943390666	0	0	1.28195348855003	0	0	0	0	3.41237836140922	0	2.52776303527875	0	0	0	0	0	1.71511887589587	0	1.04446374039231	3.9210920797168	0	0	0	0	1.31496670832988	1.74367849355109	1.53475693800494	1.0030404519308	2.22346479298063	2.78798873871156	0	0	0	0	0	0	0	0	0	0	0	0	0	0	0	0	0	0	0	0	0.479375482950626	0	0	3.64415567782408	0	1.30423873908225	0	0	1.50158072071083	0	2.46949133955767	3.29651674039767	3.45014586245851	3.07983253656107	0	2.16472177219848	0	0	0	0	0	2.16472177219848	1.17924391255714	0	3.01852382438359	3.35449508073339	0	0	0	0	0.980746338532028	1.29323904042898	0.479375482950626	0	1.16451291862764	0	0	0	0.87798948475666	0	0	1.40978521346801	1.62134400164885	3.40374090500836	3.38835587905903	0	1.27036682899473	0	3.38449065172435	0	0	0	0	0	0	0	0	0	0	0	0	0	0	3.54551647318974	0	0	0	0	0	4.04197695634777	AMPLICON	496	248527748	PRJNA395660	SAMN07412080	MIMARKS.survey,MIGS/MIMS/MIMARKS.human-gut	179152837	AC CAMARGO CANCER CENTER	03-Jun-2013	public	sra	gs,ncbi,s3	gs.US,ncbi.public,s3.us-east-1	human	digestive system	stool	SRX3033161	Brazil	South America	Brazil: Sao Paulo	Homo sapiens	Illumina MiSeq	23.555420 S 46.670139 W	P09.3M	PAIRED	PCR	METAGENOMIC	human metagenome	ILLUMINA	2019-08-06T00:00:00Z	biological replicate 9	P09.3M	SRP113514	3M	P09	1
SRR5865093	0	0	0	0	0	0	0	0	1.37700952999786	0	0	3.80496846862504	0.53504778745407	4.20580885105315	0	1.14957309602094	0	0	1.40278652669074	0	0	0.171905109319627	0	0	1.38141334979768	0	0	2.62283205417049	0	0	0	0	0	0	0	0	0.802207139081008	0	4.43894040886082	0	0	1.69514094560313	2.3844406441423	0	3.18329551746416	0	2.04812824577734	2.11855092929137	0	0	0	0	0.643381315004921	0	0	0.431305618651539	0	0	0	0	1.14203549590804	0	2.10302762956967	0	0	0.618724813731685	0	0.592583765964663	0	0	0.785252623707767	0	0	0	0	0	0	0	0	0	0.294735541869478	0	0	0	0	0	0	0	0	2.64986824741048	0	0	2.64868592581035	0	0	0	0	0	0	0	0	0	1.31015016627006	0	0	3.04375821064333	0	0	0	3.83484673791275	0	1.00973165964016	0	0	0	2.35844113847184	0	0	2.47201634794973	3.43533338018686	0	0	2.05930956855008	0	2.2975435843498	0	1.68218361006714	1.64322139632265	0	0	0	0	1.02987949138028	0	0	1.2667488803155	0	1.0765038259556	0	0.849427867660706	0	0	0	0.785252623707767	3.42933233010922	2.01884667453811	3.50642817071574	0	1.18541535501919	2.27741911868723	1.60828311705062	3.64645282196625	0	0.785252623707767	0	3.40785672941633	0	0	2.90941030278199	0	0	0	0.53504778745407	0	0.834251029849034	0	0	0	0	0	0	0	0	3.09758142082506	0	0	0.237648407311488	0	0	0.618724813731685	0	0.53504778745407	0.468708212051865	0	0	0	0	1.35893363108531	0.53504778745407	0	0	1.26100556775993	0	0	0	0	3.29106080355964	0	0	0	0	0	0	0	0	0	0.930794768335271	4.11161988455301	0	0	0	0	1.11050451771703	1.81358534690679	1.19224203701957	0.96639459075633	1.3049563450485	4.81078316118511	0	0	0	0	0	0	0	0	0	0	0	0	0	0	1.48946736630917	0	0	0	0	0	0.345183015732163	0	0.942988508508244	3.91955272940214	0	0.818524557394644	0	0	1.15698210249896	0	3.01863794736382	1.17847964825098	1.77107657720543	3.4028393405662	0	0	0	0	0	0	0	0.643381315004921	0	0	2.36303631381913	1.36352362585357	0	0	0	0	1.23724125611719	0	0.237648407311488	0	0	0	0.96639459075633	0	0	0	0	1.52864348643201	1.1022506266671	3.3135067842647	2.97399157823646	0	0	0	3.05197475366657	0	0	0	0	0	0	0	1.34486519923005	0	0	1.22485297660384	0	0	0	3.39814291309214	0	0	0	0	0	4.31012226387119	AMPLICON	490	516220193	PRJNA395660	SAMN07412072	MIMARKS.survey,MIGS/MIMS/MIMARKS.human-gut	369996206	AC CAMARGO CANCER CENTER	13-Oct-2014	public	sra	gs,ncbi,s3	gs.US,ncbi.public,s3.us-east-1	human	digestive system	stool	SRX3033160	Brazil	South America	Brazil: Sao Paulo	Homo sapiens	Illumina MiSeq	23.555420 S 46.670139 W	P07.2Y	PAIRED	PCR	METAGENOMIC	human metagenome	ILLUMINA	2019-08-06T00:00:00Z	biological replicate 7	P07.2Y	SRP113514	2Y	P07	1
SRR5865094	0	0	1.11940241510593	0	0	0	0	0	0.606500693098228	0	0	3.25522827236887	0	2.14888346413995	0	1.62381750951216	0	0	3.78130188932125	0	0	0	0	0	0	0	0	1.94285913329195	0	0	0	0	0	0	0	0	0	0	4.53452537347948	3.61121449168857	0	1.97198916168868	2.65131988899734	0	3.19300458694231	0	1.83189807143055	0	0	0	0	0	0.606500693098228	0	0	0	0	0	0	0	0	0	2.5980726444893	0	0	0	0	0	0	0	0	0	0	0	0	0	0	1.87798836445396	0	1.40361601311868	0	0	0	0	0	0	0	0	0	2.81814655303658	0	0	2.69208804401603	0	0	0	0	0	0	1.81199913445428	0	0	0	0	0	2.6770712270495	0	0	0	3.41668585576465	0	1.31737828554056	0	0	0	0	0	0	2.26355704030906	3.91412703018249	0	0	1.20966380118438	0	1.91965315297325	0	0	2.06085503515333	0	0	1.11940241510593	0	0	0	0	0	0	1.00532341921806	0	0	0	0	0	0	3.67106831839135	2.12971839926197	2.98248392477701	0	1.82206256163784	2.35999336345502	0	3.21124696475872	0	0	0	3.65907385370836	0	0	3.21124696475872	1.3480666438921	0	0	0	0	0	0	0	0	0	0	0	1.6078240973735	4.11283191854162	3.482523225128	1.28435540071457	0	0	0	0	0.606500693098228	0	0	0	0	0	0	0	2.0832296763129	1.49708317230562	0	0	1.06609793288823	0	0	0	0	3.79928120647734	0	0	0	0.850169437270741	0	0	0	0	0	1.20966380118438	4.03268867901801	0	0	0	0	0	0	0	0	0.850169437270741	4.83260744484885	0	0	0	0	0	0	0	0	0	0	0	1.06609793288823	0	0	0	0	0	0	0	0	1.00532341921806	0	0	3.23147512328393	0	1.31737828554056	0	0	1.31737828554056	0	3.12433650980759	1.53721711270804	2.12479200755055	3.1946950138205	0	0	0	0	0	0	0	2.45071502105163	0	0	2.75563677141311	0	0	0	0	0	0.850169437270741	0	0	0	0	0	0	0	0	0	0	2.54497003299822	0.850169437270741	3.10246864023962	2.56520271746948	0	0	1.31737828554056	3.8046986832218	0	0	0	0	0	0	0	0	0	0	0	0	0	0	3.46545212282918	0	0	0	0	0	3.73022663357844	AMPLICON	497	85106574	PRJNA395660	SAMN07412071	MIMARKS.survey,MIGS/MIMS/MIMARKS.human-gut	61610047	AC CAMARGO CANCER CENTER	14-Oct-2013	public	sra	gs,ncbi,s3	gs.US,ncbi.public,s3.us-east-1	human	digestive system	stool	SRX3033159	Brazil	South America	Brazil: Sao Paulo	Homo sapiens	Illumina MiSeq	23.555420 S 46.670139 W	P07.1Y	PAIRED	PCR	METAGENOMIC	human metagenome	ILLUMINA	2019-08-06T00:00:00Z	biological replicate 7	P07.1Y	SRP113514	1Y	P07	1
SRR5865095	0	0	0	0	0	0	0	0	0	0	0	2.19664004398108	0	2.06123941897948	0	4.35901688408576	0	0	0	0	0	0	0	0	0	1.30154902199249	0	2.85145423192301	0	0	0	0	0	0	0.570274614021969	0	0	0	5.06395152973728	0	0	0	0	0	2.55103521282795	0	1.59159693356949	0.808575861119636	0	0	1.77401011607027	0	0	0	0	1.38202550914965	0	0	0	0	0	0	0	0	0	0	1.07448032950343	1.27102951056521	0	0	0	0	0	0	0	0	0	0	1.96399089830695	1.90207563595089	0	0	0	0	0	0	0	0	0	1.70992678543456	0	0	2.16553239916904	0	0	0	0	0	0	0	0	0	0	0	0	1.74314937556242	0	0	0	2.94456987015701	0	2.99034506669692	0	0	0	1.12154869946735	0	0	1.90940741753727	3.77043499995096	0	0	1.38202550914965	0	1.07448032950343	0	1.07448032950343	2.23263124082399	0	0	1.38202550914965	0	1.27102951056521	0	1.60645320948077	1.73235511797649	1.07448032950343	0	1.40584681685716	0	0	0	0	0	3.52317666851291	0	3.44508162914914	0	0	1.27102951056521	0	2.9667880660609	0	2.64336277498674	0	3.51926685850801	0	0	2.62416345897331	1.27102951056521	0	0	0	0	0	0	0	0	0	0	0	0	1.85527838361191	1.27102951056521	2.11875963894301	0	0	1.16401098704909	0	0.891774656692002	0	0	0	0	0	1.12154869946735	0	1.60645320948077	3.73898700585892	0	0	1.80282264850616	0.961568539318823	1.66126439526329	0	0	3.64688690229646	0	0	0	0.961568539318823	0	0	1.56026695590246	0	0	0	2.65265325063228	0	0	0	0.961568539318823	0	1.12154869946735	1.23820206969792	0	1.35682137298917	4.08764287227842	0	0	0	0	0	0	0	0	0	0	0	0.705568967434557	0	0	0	0	0	0	0	0	2.33928482049537	0	2.70340641467465	2.84895462089667	0	0	0	0	0	1.02168362391945	2.33657446751745	2.88424759632413	3.23688529582642	2.5768039363204	0.891774656692002	2.39499580560564	0	0	0	0	0	0.891774656692002	1.63472292638704	0	3.61471998721827	1.89461795029345	0	0	0	0	0	0	0	0	0	0	0	0	0	0	0	1.81201715010973	0	2.71150838309927	0	0	1.96399089830695	1.30154902199249	1.98281187200976	0	0	0	0	0	0	0	1.42842917454035	0	0	0	0	0	0	3.17721589549283	2.39021635556408	0	0	0	0	3.68580798038584	AMPLICON	325	101188240	PRJNA395660	SAMN07412065	MIMARKS.survey,MIGS/MIMS/MIMARKS.human-gut	69424333	AC CAMARGO CANCER CENTER	09-Jul-2012	public	sra	gs,ncbi,s3	gs.US,ncbi.public,s3.us-east-1	human	digestive system	stool	SRX3033158	Brazil	South America	Brazil: Sao Paulo	Homo sapiens	Illumina MiSeq	23.555420 S 46.670139 W	P05.3M	PAIRED	PCR	METAGENOMIC	human metagenome	ILLUMINA	2019-08-06T00:00:00Z	biological replicate 5	P05.3M	SRP113514	3M	P05	1
SRR5865099	0	0	1.26345597545094	0	0	0	0	0	1.18153575794322	0	0	4.1611563012083	0	3.00770290238803	0	2.94562063060062	0	0	0	0	1.36308779420979	0	0	0	0	0	0	2.50656721623467	1.26345597545094	0	0	0	0	0	0	0	0.863698953172131	0	4.40528698520424	2.72872784155888	0	3.16602845019177	2.08213942203747	0.758135167585079	3.38116675811381	0	2.4447913205035	2.88133448729193	0	0	2.28632821795524	0	0	0	0	0	0	0	0	1.22442456851557	0.948555044234294	0	2.39811337098305	0	0	0	1.13394264247262	3.14398887614893	0	0	0	0	0	0	0	0	0	2.55304192653813	3.23259905528188	2.94794251073964	0	0	0	0	0	0	0	0	2.92820327358865	1.91065447677043	0	0	3.14692782954041	0	0	0	1.13394264247262	3.37312209193763	0	1.68392405123269	0	1.71139040575659	0	0	0	3.49736181201349	0	0	0	4.17788493088389	0	2.52941541229676	2.0214140533259	0	0	1.81716741774387	0	0	2.82980322325808	1.7616040251254	0	0	1.51230571990491	0	1.36308779420979	0	0	2.39811337098305	0	0	1.18153575794322	0	1.18153575794322	0	0	1.44407414667544	0	0	1.97321232700798	0	0	0	0	1.13394264247262	3.45602650846175	0	3.86345057851538	2.75478332933265	2.27557197287238	2.77478773380395	0	3.60826315180203	0	3.35324494686489	2.10423605190019	3.45674469330296	0	1.6546026449441	3.1113364344464	2.73000467490176	0	0	0	0	0.863698953172131	0	1.74958435415178	0	0	0	0	2.17376481866092	0	0	2.45210554555309	0	0	0	0	2.21739032492323	0	0	0.758135167585079	0	0.863698953172131	0	2.1201006612055	0	3.12232341656582	0	0	0	2.41159061876646	1.69787432627335	1.53285884288002	0	3.44535435783983	0	2.34888470962909	0	1.82747529127376	0.863698953172131	0	0	0	0.758135167585079	0	3.84113289614926	0	0	0	0	3.77677178001169	0.758135167585079	3.53729381295133	0	0	2.92577312337366	0	0	1.26345597545094	0	0	0	0	0	0	0	0	1.08048462425797	0	0	0.758135167585079	0	0	0	0	0	1.49073138468241	4.14708847892769	1.13394264247262	3.55861902059219	0	0	0	0	2.01484706973902	2.81642768200007	2.83882765545853	3.40820453164515	3.75119085371745	3.59922615747621	2.05283724226511	3.08904984068374	0	0	1.91898503711746	2.99611438103593	0	2.92087164386124	2.64740183974945	0	3.42909268976716	0	0	0	0	0	0	0	0	0	1.7616040251254	1.44407414667544	0	0	0	0	1.08048462425797	2.75478332933265	0	3.14448008493488	3.80812459059958	0	0	1.22442456851557	3.40010498271421	0	0	0	0	0	0	0	1.41872042768713	0	0	1.77329997519201	0	0	0	3.50875656341858	1.62315734305726	0	0	0	0	4.39529001015553	AMPLICON	493	77057019	PRJNA395660	SAMN07412085	MIMARKS.survey,MIGS/MIMS/MIMARKS.human-gut	55585358	AC CAMARGO CANCER CENTER	16-Jun-2014	public	sra	gs,ncbi,s3	gs.US,ncbi.public,s3.us-east-1	human	digestive system	stool	SRX3033154	Brazil	South America	Brazil: Sao Paulo	Homo sapiens	Illumina MiSeq	23.555420 S 46.670139 W	P11.1Y	PAIRED	PCR	METAGENOMIC	human metagenome	ILLUMINA	2019-08-06T00:00:00Z	biological replicate 11	P11.1Y	SRP113514	1Y	P11	1
SRR5865100	0	0	1.53551849321914	0	0	0	0	0	0.848667392555859	0	0	3.75643965578003	0	3.75976877763011	0	3.34450446092848	1.69427295374382	0	2.62843366130822	0	0	0	1.55427307753347	0	0	0.848667392555859	0	2.49128628789	2.11807289616674	0	1.5159173135567	0	0	0	0	0	0	0	4.78799347820152	2.29305971487588	0	2.25820278266077	2.65397359052968	0	3.3986989646797	0	2.59465823188629	3.08801878951245	0	0	0	0	0	0	0	0.848667392555859	1.34639579162745	0	0	0.743770433568375	0	1.0037470524248	1.45117149733621	0	0	0	0	1.06449896092282	0	0	0.848667392555859	0	0	0	0	0	1.28269697395617	2.55069230055628	0	2.27598086170222	0	0	0	0	0	0	0	0	2.71384719156552	1.8584095173979	1.49538947851004	0	2.40208484518472	1.58951454694172	0	0	0	0	0	1.68076781372807	0	1.37505299416364	0	0	0	4.2156287728815	0	0.933092816404365	0	2.72389899925611	1.49538947851004	1.99755558542573	1.47384300540618	0	0	2.30299366715194	0	0	1.24696272831473	2.73975268947181	0	1.92579827644429	0	0	0.933092816404365	0	0	1.622109692305	0	0	1.55427307753347	0	0	0	1.94859700971343	3.4288781827229	0	0.933092816404365	2.41492255241629	0	0	0	0	0	3.66677669313935	0	3.73506397797009	0	1.45117149733621	2.58791597180234	0	3.2155464103745	0	0	0	2.47836376905035	0	0	2.97866870379511	1.66682919204948	0	0	0	0	0	0	0	0	0	0	0	1.5722511793632	2.97589657382233	2.23586149510076	3.14997615707759	0	0	1.11778605917638	0	0.848667392555859	2.26895671706079	0	1.34639579162745	0	0	0	2.99891415568175	0	3.64498958684598	0	0	0	3.34509911602662	1.74444878537967	1.78942333872708	0	3.97415895776877	0	2.91237313984764	0	3.16999620064407	0	0	0	0	0	0	4.06196022643005	0	0	0	0.605184775797824	0	0	0	0.605184775797824	0	3.7282315865383	0	0	1.47384300540618	0	0	0	0	0	0	0	0	0.743770433568375	0	0	0	0	0	0	0	0	1.60611784369891	0	1.49538947851004	3.38128370734089	0	0	0	0	2.07600831112809	1.34639579162745	3.30789523407786	1.5722511793632	3.95605675628396	2.20825550027241	2.14243397985476	2.81639971829807	0	0	0	0	0	2.4371154111554	1.99755558542573	0	3.6463280933036	3.0727147612578	0	0	0	0	0	0	0	0	0	0	0	0	0	0	0	2.84268966684702	0	2.14243397985476	3.1713281750196	0	0	0	2.61267723559204	0	0	0	0	0	0	0	2.60294147751983	2.58961137510206	0	2.9242797514082	2.25088264728066	0	0	2.38885606707699	0	0	0	0	0	4.25333505901386	AMPLICON	493	78657280	PRJNA395660	SAMN07412062	MIMARKS.survey,MIGS/MIMS/MIMARKS.human-gut	56702432	AC CAMARGO CANCER CENTER	18-Jan-2012	public	sra	gs,ncbi,s3	gs.US,ncbi.public,s3.us-east-1	human	digestive system	stool	SRX3033153	Brazil	South America	Brazil: Sao Paulo	Homo sapiens	Illumina MiSeq	23.555420 S 46.670139 W	P04.Pre	PAIRED	PCR	METAGENOMIC	human metagenome	ILLUMINA	2019-08-06T00:00:00Z	biological replicate 4	P04.Pre	SRP113514	Pre	P04	0
SRR5865101	0	0	0.561819069193293	1.06386157653454	0	0.992114464082285	1.64560233415419	0	1.78516219082577	0	1.95464129677447	3.62799005343102	0	1.71730752686274	0	2.70448499748044	1.71730752686274	0	3.62162882592396	0	0	0	1.80361057898045	0	0	0	0	2.17880763744392	0	0	1.42452548614969	0	0	0	0	0	0	0	3.85348128069852	1.02946795074412	0	1.46574285955564	0.906122359950992	0	3.01407840608533	0	2.61398247392252	2.85723325171008	3.46043565485311	0	2.07623581822231	0.798791501035791	0.951243293320445	0	0	0	0	0	0	1.94169355724562	0	0	3.01259253709877	0	0	3.14389082221496	0	3.70204211852351	1.75255872434941	1.52678173506512	2.20106705705265	0	0	2.58905659877488	0	0.906122359950992	0	2.39592698363452	3.06969360289388	2.84645794933962	0	0	0	0	0	0	2.13336972303776	0	1.99906418986913	3.19274132723428	0	0	3.29825887728611	0	0	0	0	0	0	1.66259109878119	0	0	0	1.39469995809161	0	2.83428791655005	0	0	0	3.84775409532204	0	2.76047404367515	2.20347134486322	0	0	1.24939717878991	2.3606686475798	0.441540153553766	1.79139913440736	1.79139913440736	0	1.60949092215734	1.93729041858487	0	1.02946795074412	1.27044904398522	0	2.78503401789759	0	0	0.798791501035791	0	2.70296948770198	0	0	1.06386157653454	1.20396019823788	0	2.57092200368848	0	0	0	0	0	3.01110156699188	0	2.68986955250469	1.15320798095744	1.96721417082804	2.16592984073691	0	3.98202629429625	0	2.30366149190433	2.69376366194172	2.73089696792266	0	1.96306352468776	3.17029847802311	0	1.2905274524358	0	0.798791501035791	0	0	1.2905274524358	1.12541926346853	0	0	0.906122359950992	0	2.39592698363452	0.733199966329255	1.51524103788451	3.22812431801512	0	0	0	0.561819069193293	1.95887282683541	0	0	0.561819069193293	0	0	0	1.09573017047697	1.65417978214529	2.18385370536036	0	0	0	3.01035415804939	1.40986870838209	1.36267409970546	0	3.63310195583985	0	2.24895691055878	0	0.655909000091299	0.561819069193293	0	0	2.20586239559854	0	0	2.12769754985002	0	0	0	0	1.30971846619572	0	3.83270276279602	0	1.40986870838209	4.16277508049055	0	2.53557082962128	0	3.22630826053	0	0	0	0	0	0	0	0	0	0	0	0	1.59997358917439	0	0	0	1.02946795074412	2.34364424192057	0	2.97612576390765	0	1.51524103788451	0	2.38659143404433	2.60741114360066	1.65417978214529	2.45215788775779	3.80002895582084	4.26653430209491	2.77997765884231	0	3.54971240423892	1.27044904398522	0	1.59997358917439	3.58745474589145	0	3.02938059415907	4.24024959818294	0	2.83764098124566	3.92470758638144	0	1.24939717878991	0	0	0	0.561819069193293	0	0	2.2920865023089	0	1.9952083542428	0	1.70236484332526	0	0	2.12769754985002	0	3.16744234981311	3.27244925870323	0	0	2.30366149190433	2.84536556784915	0	0	0	0	0	0	0	0	0	0	1.02946795074412	0	0	0	3.45361546659212	2.36893695950108	0	0	0	0	4.56785311664223	AMPLICON	493	133262435	PRJNA395660	SAMN07412101	MIMARKS.survey,MIGS/MIMS/MIMARKS.human-gut	88359498	AC CAMARGO CANCER CENTER	29-Sep-2014	public	sra	gs,ncbi,s3	gs.US,ncbi.public,s3.us-east-1	human	digestive system	stool	SRX3033152	Brazil	South America	Brazil: Sao Paulo	Homo sapiens	Illumina MiSeq	23.555420 S 46.670139 W	P17.3M	PAIRED	PCR	METAGENOMIC	human metagenome	ILLUMINA	2019-08-06T00:00:00Z	biological replicate 17	P17.3M	SRP113514	3M	P17	1
SRR5865102	0	0	0	0	0	0	0	0	0	0	0	3.71836007869597	0	1.57371300233505	0	3.03896701174698	2.76000180500952	0	4.0693285852182	0	0	0	0	0	0	0	0	2.30728525520854	0	0	0	0	0	0	0	0	0	0	4.14328831322077	2.77734630343614	0	1.95846225762744	1.98267409405425	0	3.11816827996079	0	2.85261069664809	1.93937426790875	0	0	2.21091001788154	0.945249013513374	0	0	0	0	0	0	0	1.36443908411798	0	0	2.17082682718773	0	0	0	0	1.95846225762744	0	0	2.71334415597452	0	0	0	0	0	0	2.26021466674432	2.3547769003599	2.59303904114256	0	0	0	0	0	0	0.556927029047816	0	0	3.49947798325348	0	0	2.9433180328783	0	0	0	0	0	0	1.55834777043516	0	0	0	0	0	2.23461681382924	0	0	0	3.65959098036151	0.556927029047816	1.91254406742255	1.28412073803646	0	0	1.75596158058255	0	0	2.02738963249451	1.10460020558922	0	0	1.70327789306985	0	0.793116864091568	0	0	1.00510034970844	0	0	0.945249013513374	0	1.89127439622645	0	1.63025381809332	0	0	0	0	0	0	0	0	0	3.64176293134229	0	3.54629507601773	1.33928136815088	1.47212702583042	2.04813161426204	0	3.74754523253378	0	2.66106380536082	0	3.01722834029148	0	0	2.73365859297764	2.44474993158754	0	0	0	0	0	0	0	0	0	0	0	1.52588351872301	0	0	0	0	0	1.00510034970844	0	0	0	0	0.556927029047816	0	0	0	2.12241780883413	0	2.31006443453318	0	0	0	1.55834777043516	0	0	0	3.03533171754646	0	2.93485665096853	0	0.945249013513374	0	0	0	0	0	0	0	0	0	0	0	0	0	0	0.556927029047816	1.05769358000659	4.98596477751953	0	0	1.05769358000659	0	0	0	0	0	0	0	0	0.690884285217209	0	0	0	0	0	0	0	0	1.10460020558922	0	2.09146819029782	3.36784709753302	0	0	0	0	1.47212702583042	0	2.78017088455312	2.38377805148558	2.97079175640657	2.68507950071728	0	1.93937426790875	0	0	1.50869354250827	1.28412073803646	0	2.3695195094323	2.10942279010104	0	2.52771791237076	2.79583885188803	0	0	0	0	0	0	0	0	0	2.06792794806241	0	0	0	0	0	2.51060183761542	0	1.68027432113841	3.30113337448836	0	4.22967785086911	1.22092055138968	3.80692895674132	0	0	0	0	0	0	0	2.94908081309282	0	0	0	0	0	0	1.97674649952782	0	0	0	0	0	3.67456701216669	AMPLICON	489	95101199	PRJNA395660	SAMN07412108	MIMARKS.survey,MIGS/MIMS/MIMARKS.human-gut	67789138	AC CAMARGO CANCER CENTER	23-Jun-2014	public	sra	gs,ncbi,s3	gs.US,ncbi.public,s3.us-east-1	human	digestive system	stool	SRX3033151	Brazil	South America	Brazil: Sao Paulo	Homo sapiens	Illumina MiSeq	23.555420 S 46.670139 W	P20.Pre	PAIRED	PCR	METAGENOMIC	human metagenome	ILLUMINA	2019-08-06T00:00:00Z	biological replicate 20	P20.Pre	SRP113514	Pre	P20	0
SRR5865103	0	0	1.25063539726357	0	0	3.67412967604105	0	0	1.4277057958389	0	0	2.74131633739785	0	4.57201946503406	0	3.2116796838261	0	0	3.1325517845264	0	0	0.819737578280159	0	0	1.49493193463323	0	0	1.60444859032035	2.32103784880997	0	0	0	0	0	0	0	0.946654667824738	0	4.24240076825672	0	0	2.02207662056633	2.76368576324875	0	3.50791673748026	0	1.95195163836931	1.4277057958389	0	0	0	4.59200892043633	1.53929771744705	0	0	0	0	0	0	1.90612914543039	0	1.04474738121435	1.19222314234693	0	0	0	0	2.66211608870531	0	0	1.81206770017314	0	0	0	0	0.946654667824738	0	2.31870784205341	0	0	0	0	0	0	0	0	0	0	3.38287182244498	3.89577669001947	0	0	2.54898539642444	0	0	0	1.44551279867907	0	0	0	0	0	0	0	0	3.28645994871302	0	2.31870784205341	0	2.55172636427232	0	2.35456618051203	1.12471530862543	1.81206770017314	0	1.12471530862543	0	0.510702799692025	1.53929771744705	3.46971436340643	0.819737578280159	1.49493193463323	0	1.19222314234693	0.887815958578073	0	0	0	0	0	0.738967135487295	0	1.30211454489236	0	0	2.37760636901518	2.28722210845055	0	3.14943484296957	0.998464643630342	0	0	0	1.44551279867907	4.10344196896037	2.62335285786895	0	1.47907560538449	0	2.51317859240208	0	3.38125651157225	0	2.45750360270861	2.54898539642444	2.68982071351174	0	0	3.70582164431487	0	0	0	0	0.639662370214853	0	0	0	0	0	0	0	1.8268178654316	0	1.99831080903465	3.11981381443991	0	0	1.04474738121435	0	1.7809736639351	0	0	0	1.30211454489236	0	0	2.17943367872236	0	2.49488289645505	0	0	2.13184519203293	2.02207662056633	0	0	0	3.54829310635107	0	1.76454989277658	0	0	1.36943431989742	0	0	0.639662370214853	1.80450039927735	1.51022967514162	1.4277057958389	0.887815958578073	0	0	2.06182948251343	0	1.32573309367741	0	2.13184519203293	3.23608969501519	2.49175725231985	0	2.63024852901135	0	0	0	0	0	0	0	0	0	0	0	0	1.90612914543039	0	0	0	0	0	1.27713728579903	1.74748052723223	1.38973937369955	2.86161891502901	0	0	0	0	1.55313327562896	2.91448644646493	3.02757760626164	0	3.93059641189186	3.21078200521054	0	2.44719926277355	0	0.887815958578073	0	2.37964156474345	0	2.49175725231985	1.19222314234693	0	2.00316915346725	2.75862490696335	1.04474738121435	1.34813315884607	0	0	0	0	0	0	0	0	0	0	1.08656934194068	0	0	2.47251571403426	1.61638300392124	1.57954840608174	3.03973730097957	0	0.887815958578073	0	2.89879954053049	0	0	0	0	0	0	0	1.71118689291773	0	0	1.32573309367741	1.44551279867907	0	0	1.90004584167196	2.50867641761302	0.998464643630342	0	0	0	4.4110020640576	AMPLICON	495	114964872	PRJNA395660	SAMN07412097	MIMARKS.survey,MIGS/MIMS/MIMARKS.human-gut	82957420	AC CAMARGO CANCER CENTER	16-Jun-2014	public	sra	gs,ncbi,s3	gs.US,ncbi.public,s3.us-east-1	human	digestive system	stool	SRX3033150	Brazil	South America	Brazil: Sao Paulo	Homo sapiens	Illumina MiSeq	23.555420 S 46.670139 W	P15.3M	PAIRED	PCR	METAGENOMIC	human metagenome	ILLUMINA	2019-08-06T00:00:00Z	biological replicate 15	P15.3M	SRP113514	3M	P15	1
SRR5865104	0	0	1.06509951482142	0	1.01859502023732	2.3043744529971	0	1.48418701105624	1.43060756184076	0	0	3.51889975971417	0	4.25234558582404	0	3.48554235905948	1.99004573282908	0	1.92209101950882	0	0	0	0	0	0	0	0	3.11072220593582	1.95170768538792	0	0	0	0	0	0	0	1.66113050059855	0	4.67954032544218	0	0	3.47708570084791	0	0	3.70268599904969	0	2.58743747556711	2.50127165547647	0	0	0	1.14539886327091	0.907309146294998	0	0	0.757299771528348	0.838749345489996	0	0	0.838749345489996	0	1.27173119199214	0	0	0	0	0	2.0004053527358	0	0	2.21116483172931	0	0	0	0	0	0	0	0	2.53393519027742	0	0	0	0	0	0	0	0	2.5171323975833	3.90566737228955	0	0	3.35002670832629	1.50067220214842	0	0	0	0	0	2.24157988339169	0	1.62622647201039	0	0	0	4.34344082104627	0	0	0	3.89024512890348	0	0	1.54667601070919	0	0	2.21116483172931	0	0	0	1.61393928977091	0	0	1.32334725316823	0	1.99525643172552	0	1.9096546973432	2.3094289218228	0	0	1.24342410748758	0	0	1.46705129162524	0	2.07971651697089	0	1.06509951482142	2.23566489474989	0	0	0	0	0	3.19719706654647	1.9740276846716	3.37058518802763	0	2.15039500439857	2.4369681181763	0	3.46828684627138	0	3.64612629211976	0	3.54508407484847	0	1.60129432814346	2.97801831659961	1.46705129162524	1.95170768538792	0	0	0	1.1071024308383	0	0	0	0	0	0	0	0	0.838749345489996	0	0	0	0.757299771528348	0	0	0	0	1.21314253874112	0	0	0	1.27173119199214	0.907309146294998	2.55155320364013	0	0	1.58827012491648	2.61564435863169	1.79479132391808	0	0	3.20429645191496	0	0	0	2.50288405092103	0	0	0	1.01859502023732	0	0	2.403896032887	0	0	0	0.757299771528348	0	0	0	0	1.54667601070919	2.51400625056016	0	0	1.21314253874112	0	0	0	0	0.907309146294998	0	0	0.966506932268481	0.838749345489996	0	0	0	0	0	0	0	0	1.36947521881947	0	0.838749345489996	2.9117758460747	0	1.29830559519961	0	0	2.53393519027742	0	2.90353769531233	3.76114949169797	3.53083315828986	3.12440070060955	2.02041147161167	0	0	0	0	0	0	2.14308641054104	1.69343679477786	0	3.56043558148062	3.70380208640552	0	0	0	0	1.34702337530175	0	0	0	0	0	0	0	0.757299771528348	0.656964896657692	1.51655445608425	2.71308841193677	0	3.41039068846723	3.68294122112756	0	0	0.656964896657692	0	0	0	0	0	0	0	0	3.0708296080403	0	0	1.78649472613443	0	0	0	3.71727090591102	0	0	0	0	0	4.27560968061509	AMPLICON	491	104439292	PRJNA395660	SAMN07412086	MIMARKS.survey,MIGS/MIMS/MIMARKS.human-gut	76551519	AC CAMARGO CANCER CENTER	09-Sep-2013	public	sra	gs,ncbi,s3	gs.US,ncbi.public,s3.us-east-1	human	digestive system	stool	SRX3033149	Brazil	South America	Brazil: Sao Paulo	Homo sapiens	Illumina MiSeq	23.555420 S 46.670139 W	P11.3M	PAIRED	PCR	METAGENOMIC	human metagenome	ILLUMINA	2019-08-06T00:00:00Z	biological replicate 11	P11.3M	SRP113514	3M	P11	1
SRR5865105	0	0	0	0	0	3.62260755947153	0	0	0	0	0	3.33952943658578	0	1.54359981246209	0	2.18266152980274	1.77569874794757	0	3.85590086660342	0	0	0	0	0	0	0	0	1.76431356685134	0	0	1.25481728647542	0	0	0	0	0	0	0	3.56362441588106	1.52398753815435	0	2.22057929244579	1.79761102846219	0	2.95023733179964	0	2.06737039759599	1.76431356685134	2.00579425200046	0	1.72824960537774	0	0	0	0	0	0	0	0	0.855819542604125	0	0	2.39714396268418	0	0	0	0.611455691894884	2.58415880665218	0	0	1.12547872590926	0	0	0	0	0	0	1.68891744005258	2.4642259179219	2.08974788618256	0	0	0	0	0	0	1.21583318741438	0	2.74324236891414	3.78765428653522	0	0	2.36653695372773	0	0	0	0	0	0	0	0	0	0	0.750602550418372	0	2.44540684769354	1.01125069220702	0	0	3.505099730178	0	2.16924910767581	1.63023444894392	0	0	0	1.07210946236498	0	1.91812595902915	1.74060668209323	0	1.59762396046097	1.68891744005258	0	0.940451794401005	0	0	1.29058843771834	0	0	0	0	1.25481728647542	0	1.83837406916716	0	0	1.12547872590926	1.50344753413072	0	0	0	0	0	3.34289098928845	0	2.98490413122547	2.29117179763281	1.70242784547567	1.90995426650485	0	3.11883424249715	0	1.59762396046097	0	2.9599027991998	0	0.940451794401005	2.43073728819356	0	0	0	0	0	0	0	0	0	0	0.750602550418372	0	1.82853635868594	1.21583318741438	3.76198519925577	1.54359981246209	0	0	0	3.64956940169402	1.58035198781728	0	0	0	0	0	0	1.91812595902915	0	1.96416849056778	0	0	0.855819542604125	2.1362420763648	1.07210946236498	1.50344753413072	0	2.51827260427463	0	1.64566515821784	0	0	0	0	0	0.940451794401005	0	0	3.22903722749421	0	0	0	0	2.59280528626197	0	3.85186494684969	0	3.04083932246109	4.92490416592952	0	0	0	0	0	0	0	0	0	0	0	0	0	0	0	0	0	0	0	0	0.855819542604125	2.85663175948613	0	2.71574997666252	0	0	0	0	1.17300149858322	1.75262186571131	2.1110286308669	2.74565748519419	3.44951518683173	2.75636232436735	0	2.74445160586295	0	0	1.70242784547567	2.25171151567553	0	1.21583318741438	1.85740518091614	0	2.58590192902521	2.24413517174606	0	1.56236455334564	0	0	0	0	0	0	0	0	0	1.17300149858322	0	0	0	1.89313461670809	0	1.68891744005258	2.74324236891414	0	0	4.43098265593691	3.11524986874631	0	0	0	0.855819542604125	0	0	0	2.08974788618256	0	0	0	0	0	0	1.66056636602311	1.64566515821784	0	0	0	0	4.32082263369394	AMPLICON	496	82884073	PRJNA395660	SAMN07412104	MIMARKS.survey,MIGS/MIMS/MIMARKS.human-gut	59981449	AC CAMARGO CANCER CENTER	28-Apr-2014	public	sra	gs,ncbi,s3	gs.US,ncbi.public,s3.us-east-1	human	digestive system	stool	SRX3033148	Brazil	South America	Brazil: Sao Paulo	Homo sapiens	Illumina MiSeq	23.555420 S 46.670139 W	P18.Pre	PAIRED	PCR	METAGENOMIC	human metagenome	ILLUMINA	2019-08-06T00:00:00Z	biological replicate 18	P18.Pre	SRP113514	Pre	P18	0
SRR5865107	0	0	1.23832045264498	0	0	1.7042570899144	1.22092645656592	2.01545594236285	0.760223023528863	0	0	3.9200656815338	2.07149543580704	2.3242891459547	0	2.23790652684438	2.4590916284677	0	1.04899820457371	0.482711623167707	0	0	0	0	1.38214593850452	0	0	2.48400229579424	0	0	0	0	0	0	0	0	0.928182948373643	0	3.6227266245493	1.77907046601553	0	3.21938520512372	0.961680456281448	0	3.45670139417801	0	2.47618525827346	1.99802038765297	0	0	1.66138729678386	0.891884180805882	1.14341520501711	0	0	0.80868198185053	0	0	0.482711623167707	0	0	0	2.14077092348594	0	0	1.09876748718234	0	2.31295186262498	0	0	3.04271218162599	0	0	3.02912639284896	0	0	1.36972653276908	2.25628528744637	2.72462453422791	2.49735242368107	0.643266171314509	0	0	0	0	0	0	0.643266171314509	2.41030061116156	3.35529453537667	0	0	2.7891422779522	0	0.372772921960927	0	0	2.3242891459547	0	1.49945334823971	1.38214593850452	0.928182948373643	0.705669862749976	0	0	3.74350354727034	0.570366463907543	0	0	3.66900115368074	0	1.87156823301047	2.04036316415342	0	0	1.35694149088423	1.85126497655349	0	2.59229128696671	2.04036316415342	0	0	0	0	1.7042570899144	0	1.16412801771064	3.01737643030314	0	0	1.39422004140024	0	2.52640872018106	0	0	0	0	0.891884180805882	2.0430444760757	0	0	1.73247843328496	0	0.570366463907543	3.35542475972714	0	3.3573734536786	1.12166484563898	1.87943101599051	2.10981121523096	0	3.37701396673914	0	2.24969173969329	0	3.25246619305615	0	1.0217973150887	3.03651545722078	3.06614439919836	0	0	0	0	2.14077092348594	0	2.02391806336062	0	0	0	0	1.96730920307631	0	3.95071320118817	1.7042570899144	0	0	1.09876748718234	0	1.76408838492367	0	0	1.22092645656592	0	0	0	0.928182948373643	1.27114842198056	2.21692806823821	0	0	0	1.69838588750064	0	1.4500162951268	0	3.35776214539906	0	1.41740559410711	0	1.6549024015349	0	0	0	0.928182948373643	0	0	3.9057098826029	0	0	0	0	0	1.39422004140024	3.82893116044963	0	2.32568572084249	4.86767514606477	0	0	0	0	0	0	0	0	0	0	0	0.992778259643573	0	0	0	0	0	0	0	0	1.50869963072041	4.24983008964477	0.80868198185053	3.80439959644756	0	1.22092645656592	0.80868198185053	0	1.50869963072041	1.34376862891117	2.50939194200429	2.45393332577151	2.99794843420794	3.02357080158404	0	1.8428702321167	0	0	0	0.570366463907543	0	2.89540243696569	2.85116409274524	0	2.3756791848222	2.39984837085216	0	0	0	0	1.40596752442429	1.76408838492367	0	0	1.40596752442429	0	1.31616002864143	0.372772921960927	2.3143853143233	0	0.961680456281448	2.71506031394293	0.891884180805882	3.16560827232022	3.37589751874896	0	0	0	3.32509375110408	0	0	0	0	0	0	0	0	0	0	0	0	0	0	3.65726963215575	0.891884180805882	0	0	0	0	3.93912013310303	AMPLICON	493	175967783	PRJNA395660	SAMN07412049	MIMARKS.survey,MIGS/MIMS/MIMARKS.human-gut	114328861	AC CAMARGO CANCER CENTER	13-May-2013	public	sra	gs,ncbi,s3	gs.US,ncbi.public,s3.us-east-1	human	digestive system	stool	SRX3033146	Brazil	South America	Brazil: Sao Paulo	Homo sapiens	Illumina MiSeq	23.555420 S 46.670139 W	P02.2Y	PAIRED	PCR	METAGENOMIC	human metagenome	ILLUMINA	2019-08-06T00:00:00Z	biological replicate 2	P02.2Y	SRP113514	2Y	P02	1
SRR5865108	0	0	0.771623922163411	0	0	0	0	2.79630720958829	0	0	0	2.44088984009358	0	3.27546070210658	0	2.52620460196825	3.07923303424746	0	0	0	0	0	0	0	1.27132537951186	0	0	2.32463062716332	0	0	0	0	0	0	0	0	0	0	4.51752437318773	0	0.596189828340417	0	2.1682993792391	0	3.04906714562046	0	2.61748655922105	0	0	0	0	0	0	0	0	0	0	0	0	0	0	0	0	0	0	0	0	0	0	0	1.31475143068081	0	0	0	0	0	0	0	0	0	0	0	0	0	0	0	0	0	2.09258871593394	3.65923625982042	0	0	2.84158596069848	0	0	0	0	0	0	0	0	1.5109091007702	0	0	0	3.26770123612911	0	0	0	3.18500654327012	0	0	0	0	0	1.56057096589932	0	0	1.97900868463683	4.22234919532967	0	0	0	0	1.86732214680341	0	1.54867768252082	2.63066280465035	0	0	0.692705661549914	0	0	0	0	1.71658055157792	0	0	0	0	0	0	0	0.771623922163411	3.92106397316943	0	2.79766859651766	0	1.69988071316354	1.22306966522751	0	1.78467469751745	0	0	0	3.95114988555117	0	0	3.05811513142908	0.896233702875592	0	0	0	0	0	0	0	0	0	0	0	0	3.66894204712019	2.40882618604486	0	0	0	0	0	0	0	0	0	0	0	0	2.06776882723607	2.72375880180309	1.10670719381999	0	0	0	0.94727651796378	0	0	0	3.50082216738014	0	0	0	0	0	0	2.82018217675855	0	0	0	3.11861738017383	0	1.07199575667897	0	0	0	0	1.7916215314567	0	1.19676979703436	4.91277959200688	0	0	0	0	0	0	0	1.61559307450482	0	0	0	0	0	0	0	0	0	0	0	0	0	0	0	3.66156691252491	0	0	0	0	1.33493769724967	0	3.33280134101844	1.61559307450482	2.27549780607623	1.86149402908692	0	0	0	0	0	0	0	1.31475143068081	1.86149402908692	0	1.27132537951186	1.74816905992588	0	0	0	0	0	0.471907264058517	0	0	0.992946222679203	0	0	0	0	0	0	1.81834828533832	0	3.06293853884672	1.61559307450482	0	0	1.3542272209901	3.72950849561792	0	0	0	0	0	0	0	2.46639817732076	0	0	0	0	0	0	3.10643873155711	0	0	0.896233702875592	0	0	3.84500227940899	AMPLICON	495	142978435	PRJNA395660	SAMN07412076	MIMARKS.survey,MIGS/MIMS/MIMARKS.human-gut	104613628	AC CAMARGO CANCER CENTER	09-Feb-2015	public	sra	gs,ncbi,s3	gs.US,ncbi.public,s3.us-east-1	human	digestive system	stool	SRX3033145	Brazil	South America	Brazil: Sao Paulo	Homo sapiens	Illumina MiSeq	23.555420 S 46.670139 W	P08.2Y	PAIRED	PCR	METAGENOMIC	human metagenome	ILLUMINA	2019-08-06T00:00:00Z	biological replicate 8	P08.2Y	SRP113514	2Y	P08	1
SRR5865109	0	0	0	0	0	0	0	0	0	0	2.17256268140446	2.90820478286655	0	1.72558365570764	0	2.39577921173152	2.68955217967712	0	4.14962347048407	0	0	0	0	0	0	0	0	2.53152866964753	0	0	0	0	0	0	0	0	0	1.45528356280221	3.47903238258974	1.60335961598925	0	1.14736586156006	1.89894314199601	0	2.84199457362619	0	2.64773361931276	1.53560221401491	0	0	0	0	2.09900367582419	0	0	0	0	0	0	0	0	0	2.35883840608871	0	0	0	0	0	0	0	0	0	0	0	0	0	0	0	0	2.44814135676643	0	0	0	0	0	0	0	0	2.36702309409474	3.94840140786914	0	0	2.68567671827165	0	0	0	0	0	0	0	0	0	0	0	0	2.84289899577257	0	0	0	2.86577623290097	0	0	0	0	0	0	0	0	1.95823329979017	4.24298166526261	0	0	0	0	1.40876614384626	0	0	1.71358255365556	0	0	0	0	1.83025934587679	0	0	0	0	0	1.55355810498485	0	0	0	0	0	3.84269912908337	0	2.70719398976985	0	0	1.29744309457172	0	2.09900367582419	0	0	0	3.26370414597136	0	1.14736586156006	2.77560425461666	1.04697059446824	0	0	0	0	0	0	0	0	0	0	0	0	3.93742181324383	2.05139990237172	0	0	0	0	0	0	0	0	0	0	0	0	0	1.38349492147788	1.22885516807657	0	0	0	0	0	0	0	2.70719398976985	0	2.27727671681315	0	0	0	0	2.53521399142525	0.72808201838569	0	0	1.93693667366764	0	0	0	0	0	0	4.3649824191957	0	3.24728326958234	4.93074840109759	0	0	0	0	0	0	0	0	0	0	0	0	0	0	0	0	0	0	0	0	0	0.832223822950436	0	3.52118964510316	0	0	0	0	1.22885516807657	0	2.98365300683306	0	2.12806749465475	2.04577353226435	0	0	0	0	0	0.916160216788478	0	1.40876614384626	1.58738534343848	0	0	2.09900367582419	0	0	0	0	0	0	0	0	1.70124037085015	0	0	0	0	0	0	1.87444183659672	0	2.90820478286655	1.91454162345265	0	0	2.61387805246965	3.60110650196192	0	0	0	0	0	0	0	2.63479825784444	0	0	0	0	0	0	3.31748905259417	0	0	0	0	0	3.8349472314037	AMPLICON	493	89639606	PRJNA395660	SAMN07412075	MIMARKS.survey,MIGS/MIMS/MIMARKS.human-gut	64880214	AC CAMARGO CANCER CENTER	10-Feb-2014	public	sra	gs,ncbi,s3	gs.US,ncbi.public,s3.us-east-1	human	digestive system	stool	SRX3033144	Brazil	South America	Brazil: Sao Paulo	Homo sapiens	Illumina MiSeq	23.555420 S 46.670139 W	P08.1Y	PAIRED	PCR	METAGENOMIC	human metagenome	ILLUMINA	2019-08-06T00:00:00Z	biological replicate 8	P08.1Y	SRP113514	1Y	P08	1
SRR5865117	0	0	0.962678762698577	0.809628648130342	0	0	0.644132201576068	0	0.993785014978311	0	0	4.1021173803154	0.892861169538393	1.77024157208107	0	3.40246546196846	0	0	0.962678762698577	0	0	0	0	0	0	0.373418868212519	0	3.04570027282243	0	0	0	0	0	0	0	0	0	0	4.87868942837936	2.72574298249543	0	3.27295250130824	2.86336714468338	0	3.67100605094312	0	2.89614587338523	0	0	0	2.88587719574889	0	0.483463758224662	0.483463758224662	0	0	0.706569968588625	0	0	0.929171450740877	0	0	0	0	0	0	0	2.46530609721078	0	0	1.92140935333104	0	0	2.93323013969619	0	0	0	2.6204712251432	0	3.14396833135465	0	0	0	0	0	0.373418868212519	0	0	0.853235803459446	1.28773916741423	0.706569968588625	0	3.00113880401259	0	1.71686563627188	0	1.02281142700939	0	0	1.39529544753781	0	1.97158849132424	2.49846942119131	0	0	1.77523537662634	0	1.25610289148833	0	4.17429734313358	0.571185958396991	0.892861169538393	0.483463758224662	0	0	2.09218722541742	0.761149158297496	0	3.39656858520362	1.45109714526117	0	0	0	0	1.16517187773274	1.34483847266408	1.22197971989341	2.24747125444945	0	0	0.706569968588625	0	0	1.25610289148833	0	1.33125191287087	0	1.8177696337757	2.11774575882777	0	0	0	0	0	3.32214570365459	0	3.74286215849321	1.02281142700939	2.20899248491152	2.91634127041624	0	3.34613485938144	0	3.09972979075942	0	3.30883664971744	0	1.87267374884929	1.87662307045534	0	0	0	0	0	0.373418868212519	0	0.571185958396991	0	0	0	0	1.62203445268365	0	1.46144595922652	0	0	0	0	0	0.571185958396991	0	0	0.373418868212519	0	0	0	2.39623699406249	0.483463758224662	1.28773916741423	0	0	0.706569968588625	2.69876903854106	0	0	0	3.72556440591103	0	0	0	0	0	0	0	0	0	0.706569968588625	3.76114164019895	0	1.07562168711996	0	0.929171450740877	0	0.761149158297496	1.40704413559432	0.571185958396991	1.30273307117474	2.57174652923835	0	0	0.644132201576068	0	0	0	0	0	0	0	1.22197971989341	0.929171450740877	0	0	0	0	0	0	0	0	0.962678762698577	0.853235803459446	1.67517047961075	3.52785882826076	0	0.706569968588625	0	0	2.41256281272971	0	3.13582025024651	2.99995662144287	3.60094967923454	3.19520421961959	0	2.98275121469237	0	0	2.24411070461629	0	0	2.17475853845153	1.16517187773274	0	2.83532403483116	3.84417413997731	0	0	0	0	0	0	0	0	0	0	0	0	0	0	1.47155389969591	2.00501982562149	0.853235803459446	2.71045268599688	4.16283616777381	0	0	1.4184833476609	3.2997318182891	0	0	0	0	0	0	0.706569968588625	2.48511918215211	0	0	1.52770906095589	0	0	0.373418868212519	2.74212376132173	0	0	0	0	0	4.0079266613807	AMPLICON	495	171294666	PRJNA395660	SAMN07412074	MIMARKS.survey,MIGS/MIMS/MIMARKS.human-gut	109767160	AC CAMARGO CANCER CENTER	02-Oct-2012	public	sra	gs,ncbi,s3	gs.US,ncbi.public,s3.us-east-1	human	digestive system	stool	SRX3033136	Brazil	South America	Brazil: Sao Paulo	Homo sapiens	Illumina MiSeq	23.555420 S 46.670139 W	P07.Pre	PAIRED	PCR	METAGENOMIC	human metagenome	ILLUMINA	2019-08-06T00:00:00Z	biological replicate 7	P07.Pre	SRP113514	Pre	P07	0
SRR5865118	0	0	1.00260533115334	0	0	0	0	0	1.64628097082628	0	0	3.62696889569868	0	3.94375849544099	0	3.7963345188712	0	0	0	0	0	0	0	1.14881582033949	1.59388449608303	0	0	1.81576283157603	1.76627211258165	1.61560735391792	0	0	0	0	0	0	0.604232184549153	0	4.91471168827818	2.53817956109695	0	0	3.16664939573699	0	3.53564738314584	0	3.01106520351519	2.41112254861168	1.63629522525241	0	2.77594367951217	0	0	0	0	0	0	0	0	0	0	0.780564129118804	0	0	0	0	0	2.03225067139749	0	0	1.04402425321671	0	0	0	0	0.780564129118804	0	2.24839012980391	0	3.03711844508483	0	0	0	0	0	0	0	0	0	3.53780711277897	0	0	3.08387850332184	0	1.23317307761112	0	2.45313273040238	0.905623158482197	0	1.99409049374626	0	1.86018628580307	0	0	0	4.20401756566448	1.11661528173997	0	0	3.20619696007408	0	2.24342652190118	0	0	0	2.92405644228403	0	0	2.36649334383791	1.61560735391792	0	0	0.95681577111148	1.36449626657448	1.20683353082837	1.20683353082837	0	1.11661528173997	0	0	1.32497577869563	0	0.479052628965275	0.847579661546462	0	2.7205588275917	0	0.847579661546462	1.68407499506275	0	0	0	0	0	4.30248815920534	2.29954447316845	1.87791665525836	0	0	1.99409049374626	0	1.95225144832649	0	0	0	2.87153438546443	0	0	2.69308404377436	1.66558897647219	0	1.43415077765521	0	0	0	1.78817639994709	0	0	0	0	0	0	0.604232184549153	1.78817639994709	1.04402425321671	0	0	0	0	0	0	0	0	0	0	0	0	0	2.49564496484578	0	0	0	2.46528190213379	1.49416249415877	0	0	2.93637777623168	0	3.13834243786763	0	3.54509580479003	0	0	0	0	0	0.604232184549153	1.46519238027164	0	0	0	0	0	0	0	0	0	2.42118413263818	0	0	1.23317307761112	0	0	0	0	0	0	0	0	0	0	0	0	0	0	0	0	0	1.17879278444643	0	0	1.68407499506275	0	1.23317307761112	0	0	1.66558897647219	0	3.14746599002572	1.59388449608303	2.05594676854345	2.63127599354317	2.84047809598992	2.85353601710804	0	0	0	0	0	3.23993297029672	1.78099702719246	0	1.11661528173997	3.59116481249368	0	0	0	0	0	0	0.479052628965275	0	0	0	0	0	0	0	0	2.55555398693082	0	3.44724993887726	3.81600716045409	0	0	0	0	0	0	0	0	0	0	0	3.41619250044692	0	0	2.06732697443282	0	0	0	3.32116454419613	0	0	0	0	0	4.08928904070068	AMPLICON	491	117727966	PRJNA395660	SAMN07412092	MIMARKS.survey,MIGS/MIMS/MIMARKS.human-gut	84122364	AC CAMARGO CANCER CENTER	23-Dec-2013	public	sra	gs,ncbi,s3	gs.US,ncbi.public,s3.us-east-1	human	digestive system	stool	SRX3033135	Brazil	South America	Brazil: Sao Paulo	Homo sapiens	Illumina MiSeq	23.555420 S 46.670139 W	P13.3M	PAIRED	PCR	METAGENOMIC	human metagenome	ILLUMINA	2019-08-06T00:00:00Z	biological replicate 13	P13.3M	SRP113514	3M	P13	1
SRR5865119	0	0	0	0	0	0	0	0	0	0	0	4.33414748981021	0	1.617676607668	0	2.64746752978716	0	0	0	0	0	0	0	0	0	0	0	3.47468744821798	0	0	0	0	0	0	0	0	0	0	5.01199778145643	0	0	1.40275490794925	0	0	3.83283505281243	0	2.67245659744153	0.849399603143568	0	0	0	0	1.11857404687336	0	0	0	0	0	0	0	0	0	0	0	0	0	0	0	0	0	1.23516992213411	0	0	0	0	0.958702574397307	0	2.50878942040969	0	2.97489066641909	0	0	0	0	0	0	0	0	0	1.36652538601011	0	0	3.28581768304619	0	0	0	2.31248584421319	0	0	0	0	1.85620249057048	0	0	0	3.50428736894344	0	0	0	3.882903131201	0.849399603143568	0	0	0	0	2.50878942040969	0	0	3.51809719694221	1.80427577310815	0	0	1.11857404687336	0	1.32699618991237	0	0	1.63836686380885	0	0	0	0	0	0	0	1.90257834499034	0	0	2.77512119656087	0	0	0	0	0	4.05943545087986	0	2.83043303174505	0	0	0	0	3.03479918203664	0	0	0	2.90972370285743	0	0	2.59495115111817	1.76080174768824	0	0	0	0	0	0	0	0	0	0	0	2.23798132052334	0	1.28350549162094	1.11857404687336	0	0	0	0	0	0	0	0.849399603143568	0	0	0	0	0	1.54893994354075	0	0	0	2.66491965693065	0	0	0	3.21959027800065	0	0	0	0	0	0	0	0	0	0	3.07133601216909	0	0	0	0	0	0	0	0	0	3.10503613643017	0	0	0	0	0	0	0	0	0	0	0	0	0	0	0	0	0	0	0	0	1.5730813253747	0	0	2.59495115111817	0	0	0	0	1.79026246358186	0	2.60597476669837	1.72919615907225	2.74140172067246	2.45370294369769	2.33742963704023	0	0	0	1.4672404153097	0	0	0	1.95434835210024	0	2.13531120332992	3.82894407358541	0	0	0.702986118316511	0	0	0	0	1.32699618991237	0	0	0	0	0	0	0	2.11556542731737	0	3.39647675391743	1.59595112037439	0	0.958702574397307	1.74528640029664	0	0	0	0	0	0	0	0	2.71681191454621	0	1.95434835210024	2.08051943041917	0	0	0	2.949984615684	0	0	0	0	0	4.11583929004176	AMPLICON	458	60585010	PRJNA395660	SAMN07412106	MIMARKS.survey,MIGS/MIMS/MIMARKS.human-gut	43354733	AC CAMARGO CANCER CENTER	09-Jun-2014	public	sra	gs,ncbi,s3	gs.US,ncbi.public,s3.us-east-1	human	digestive system	stool	SRX3033134	Brazil	South America	Brazil: Sao Paulo	Homo sapiens	Illumina MiSeq	23.555420 S 46.670139 W	P19.Pre	PAIRED	PCR	METAGENOMIC	human metagenome	ILLUMINA	2019-08-06T00:00:00Z	biological replicate 19	P19.Pre	SRP113514	Pre	P19	0
SRR5865131	0	0	1.93022165718055	0	0	0	0	0	0	0	0	3.89324866977289	0	3.09915864080107	0	3.4284603469036	0	0	3.23340862972459	0	0	0	0	0	0	0.895973631730932	0	2.72144248260488	1.39871982553219	0	0.895973631730932	0	0	0	0	0	0	0	4.45538491075675	2.1246578181342	0.646892647624096	0	1.79816581894715	0	3.55557802067339	0	2.51039628257071	1.47996977085586	0	3.3536832466599	1.91234039840166	2.04500861143667	0.789050566469563	0	0	0.789050566469563	1.50399362743571	0	0	1.33465356439211	0	0	0	0	0.789050566469563	0	0	3.09197592288874	0	0	2.28636538308403	0	0	0	0	0	1.52675792751898	2.1517821610671	2.81190704729788	2.11902356886447	0	0	0	0	0	0	0.981704247629307	0	2.68450074945984	3.89429652137186	0	0	2.76711748662853	0	0	0	1.52675792751898	0	0	2.30523722661742	0	1.16849630822532	1.33465356439211	0	1.60748060098227	3.96942187430162	0	0	0	3.7741701393163	0	2.57251893500914	2.21070509538061	0	0	0	1.36786699131334	0	2.69062668566193	3.07158805222337	0	0	1.72036482424628	0	1.29868816927945	0	0	2.78338593178644	0	0	2.02435099024892	0	0	0	1.78612881006707	0	0	0	2.46170731358275	0	0	0	0	0	3.54080167505314	0	3.2092147390114	1.72036482424628	1.85380340027779	2.56242247062388	0	3.93469699579547	0	3.25466884696984	0	3.06457371115664	0	1.69099179694784	2.43240276364323	2.2543534382364	0	0	0	0	0	0	0	0	0	1.60748060098227	0	2.1411348383946	0	0	3.53886485764728	0	0	1.50399362743571	0	2.04500861143667	0	0	1.69099179694784	0	0	1.16849630822532	1.25947322806693	1.45453876839957	2.86692965862958	0	0	1.42752546657837	2.50108540477711	1.39871982553219	2.04500861143667	0	3.14689541679911	0	0	0	0	0	0	0	0.981704247629307	0	0	3.45279568988675	0	0	0	0	3.54677267724796	0	0	0	0.981704247629307	3.87860296253561	2.24596767710138	0	1.56899206940982	0	0	0	0	1.25947322806693	0	0	0	0.895973631730932	0	0	0	0	0	0	0	0	2.45127846252826	0	0	3.87603057889724	0	0	1.67552507023596	2.14649112812178	2.01001233562786	1.85380340027779	2.34744097905179	3.72675874334789	4.07579051534264	3.3358110525956	0	3.49629688778819	0	0	1.69099179694784	2.89441450247922	0	2.88673756336991	3.34702513077148	0	3.01056580776881	3.60496095643123	0	0	0	0	0	0	0	0	0	2.31976563720897	0	0	0	0	1.58866256745235	3.4279037667641	0	2.11902356886447	3.69316795647986	0	1.45453876839957	0	2.42405509044944	0	0	0	0	0	0	0	2.82993098166222	0	0	1.45453876839957	0	0	0	3.52058379231074	1.29868816927945	0	0	0	0	4.47328241918038	AMPLICON	459	72345650	PRJNA395660	SAMN07412054	MIMARKS.survey,MIGS/MIMS/MIMARKS.human-gut	51735421	AC CAMARGO CANCER CENTER	04-Nov-2013	public	sra	gs,ncbi,s3	gs.US,ncbi.public,s3.us-east-1	human	digestive system	stool	SRX3033122	Brazil	South America	Brazil: Sao Paulo	Homo sapiens	Illumina MiSeq	23.555420 S 46.670139 W	P03.2Y	PAIRED	PCR	METAGENOMIC	human metagenome	ILLUMINA	2019-08-06T00:00:00Z	biological replicate 3	P03.2Y	SRP113514	2Y	P03	1
SRR5865132	0	0	1.52654382374659	0	0	0	0	0	1.7664415419652	0	0	4.13430397791496	0	3.73088777904258	0	2.69614714148935	0	0	0	0	0	0	0	0	0	0	0	3.49818366602047	0.793687916379103	0	0.945852432259871	0	0	0	0	0	1.3650902663039	0	4.04723943281777	2.17907131023175	0	2.38910651935611	2.15595822324989	0	4.31903166102052	0	3.41820161410375	0	0	0	0	0	0	0	0	0	1.10522732033754	0	0	1.50935302947902	0	1.14756291482349	0	0	0	0	0	2.96599159238449	0	0	1.3650902663039	0	0	0	0	0	0	2.29666432643613	0	0	0	0	0	0	0	0	1.38887167053078	0	2.48612453415375	1.50935302947902	0	0	3.46335807942523	0	0	0	1.49145362185796	0	0	0	0	1.99496563056422	0	0	0	2.6175965198012	0	0	0	4.12565120778538	0	2.46333829017648	1.98334758270866	0	0	1.73631648345259	0	0	3.07010063633092	2.63762800822188	0	0	2.48427068333333	0	2.67869233605164	0	2.36533832998752	2.6739167576607	0	0	0	0	0	1.47278466110737	2.7006856623417	1.73631648345259	0	2.02806381357072	2.73013942051231	0	0	0	0	1.14756291482349	3.35597937445611	0	2.80724735027533	0	1.97141017109467	2.71946213125226	0	3.64986568325282	0	3.45963821726819	1.18613567268142	2.81076558699572	0	0	2.63237596756996	1.33993079787909	3.09991062507013	1.43285169604082	1.00571370100031	0	1.25431191803221	1.43285169604082	0	0	0	0	0	2.40943956908053	0	1.3650902663039	0.876400631276336	0	0	0.691426266459996	0	2.74158897614691	0	0	1.10522732033754	0	1.00571370100031	0	2.87118532076049	1.14756291482349	1.94650346001733	0	0	1.78542326988913	1.55900953479702	0	0	0	2.17530354414482	0	0	0	0	0	0	0	1.60356649013661	0	0	3.82769740801866	0	0	0	0	0	0	0	0	2.92958044448616	3.29840683175108	0	0	1.00571370100031	0	0	0	0	0	0	0	0	0	0	0	1.22156022601566	0	1.91321631579633	0	0	0	1.43285169604082	0.793687916379103	0	4.45640357859128	0	1.68094068779745	0	0	2.20101623012749	0	1.73631648345259	2.85249528433632	3.50796842606843	2.04371265705862	0	2.67271461253955	0	1.38887167053078	1.66896484194803	2.11880458046397	0	3.13823279816381	2.61485446263278	0	3.59358811340585	0	0	0	0	0	0	1.18613567268142	0	0	0	0	0	0	0	0	1.31322367809765	2.67869233605164	1.14756291482349	3.86451060587941	3.86836365169537	0	0	0	1.70394499226553	0	0	0	0	0	0	0	3.14639826071475	0	0	1.72579182672734	0	0	0	3.66397198726308	0	0	0	0	0	4.51841605709446	AMPLICON	483	93735984	PRJNA395660	SAMN07412055	MIMARKS.survey,MIGS/MIMS/MIMARKS.human-gut	67588704	AC CAMARGO CANCER CENTER	06-Feb-2012	public	sra	gs,ncbi,s3	gs.US,ncbi.public,s3.us-east-1	human	digestive system	stool	SRX3033121	Brazil	South America	Brazil: Sao Paulo	Homo sapiens	Illumina MiSeq	23.555420 S 46.670139 W	P03.3M	PAIRED	PCR	METAGENOMIC	human metagenome	ILLUMINA	2019-08-06T00:00:00Z	biological replicate 3	P03.3M	SRP113514	3M	P03	1
SRR5865133	0	0	1.14197438772226	0	0	3.53316931727752	0	0	0.686638248100733	0	0	3.40123180738024	0	2.93474999857686	0	2.74673526014144	1.81513726999129	0	1.27906062257485	0	0	0	0	0	0	0	0	1.80649898423435	0	0	1.44747053352117	0	0	0	0	0	0	0	4.23249578210583	3.1145534289453	0	1.86364249442745	1.87122501473443	0	2.98091140126403	0	2.04787416233848	2.23908496340229	0	0	2.42915160525806	0	0	0	0	0.78864174814841	0	0	0	1.62504036093624	0	0.686638248100733	2.723074869197	0	0	0	0	2.84727893622359	0	1.48562920868965	1.24862942921532	0	0	0	0	0	0	1.5976976144987	3.24990656302705	2.4964616216672	0	0	0	0	0	0	0.940518690701445	0	3.11110586721377	0	0	0	2.88015651897923	1.33418796143343	0	0	1.74068087145011	0	0	1.61158413618492	0	0	0	0	0	2.41001445818625	0.553075324882772	0	0	3.58233862324341	0	2.56701315794852	1.53723366510606	0	0	1.65076312457465	0	0	2.43122682087256	3.23747249910345	0	0	1.00029167569469	0	1.00029167569469	0	0	0	0	0	1.30749840666949	0	2.66308119945585	0	0	2.18784268926901	0	0.871185764640797	2.38999500645175	0	0	0	0	0	3.41045015348701	0	2.95006212611845	1.48562920868965	1.466968831171	1.92754390820493	0	3.02738200036675	0	1.85592523187681	0	2.19503451711463	0	1.14197438772226	1.80649898423435	1.61158413618492	0.686638248100733	0	0	0	0	0	0	0	0	0	0	1.97739069620927	3.57570979230426	3.6239867023148	2.80737513224472	1.48562920868965	0	1.05282441781305	2.34695496706166	1.68669827941104	0	0	0.871185764640797	0	0	0	2.68091788060266	0	2.81599618029965	0	0	0	2.90240429748102	2.00032083249301	0	0	3.25552745601458	0	2.49467643547766	0	1.33418796143343	0	0	0	1.78868921392663	0	0	3.82310834845978	0	1.27906062257485	0	0	2.84087774846269	0	3.32768285395515	0	1.89320921268888	4.54211362825502	0	0	0	0	0	0	0	0	0	0	0	0.78864174814841	0	0	0	0	0	0	0	0	1.75071649831261	1.30749840666949	2.03774759791814	2.94943478412464	0	0	1.18051050374057	0	1.92089069710751	1.18051050374057	2.5173303662132	2.70028497027098	3.58510736673845	2.85980503398691	0	3.25490649285242	0	0	0	2.82193067961299	0	1.78868921392663	2.98728731277003	0	3.02947555186064	4.21398218752778	0	2.09970612726068	0	0	0	0	0	0	0	0	0	0	0	0	0.871185764640797	2.87347809826426	0	1.71988591730584	3.14760256101953	2.42497118661542	0.78864174814841	4.56789148914649	3.33186689830888	0	0	0	0	0	0	0.78864174814841	1.3593318415647	0.78864174814841	0	1.44747053352117	1.24862942921532	0	0	1.48562920868965	1.63809215614575	0	0	0	0	4.4312487120576	AMPLICON	494	94263066	PRJNA395660	SAMN07412084	MIMARKS.survey,MIGS/MIMS/MIMARKS.human-gut	68179819	AC CAMARGO CANCER CENTER	04-Feb-2013	public	sra	gs,ncbi,s3	gs.US,ncbi.public,s3.us-east-1	human	digestive system	stool	SRX3033120	Brazil	South America	Brazil: Sao Paulo	Homo sapiens	Illumina MiSeq	23.555420 S 46.670139 W	P10.Pre	PAIRED	PCR	METAGENOMIC	human metagenome	ILLUMINA	2019-08-06T00:00:00Z	biological replicate 10	P10.Pre	SRP113514	Pre	P10	0
SRR5865134	0	0	1.20076505070564	0	0	0	0	0	0	0	0	3.376814138794	0	1.78180923586812	0	3.10806976650882	0	0	2.63377551810701	0	0	0	1.63854276442384	0	0	0	0	1.69793657707878	0	0	1.67902699543957	0	0	0.867809365492955	0	1.65925644356844	0	0	4.19449625374078	1.81129369338193	0	2.18757513162193	1.13835348177813	0	3.15249596589618	0	2.31628702342082	2.18757513162193	3.8868978532226	0	1.51691886209098	0	0	0	0	0	0	0	0	0	0	0	1.95550137017483	0	0	0	0	3.80662474309839	0	0	2.29341704240867	0	0	1.92368664665434	0	0	1.59389303223409	2.06357529296491	3.68448491582294	2.68433883817734	0	0	0	0	0	0	1.20076505070564	0	2.71564021286758	1.06544301713534	0	0	2.76590941996214	0	0	0	0	0	0	1.79680163080546	1.65925644356844	0	0	0	0	3.94320288950545	0	0	0	3.9021936867402	0	2.41188462323287	1.94515327496472	0	0	0	2.73475450788359	0	2.44292612368839	3.30808529371157	0	1.61679144959536	1.65925644356844	0	1.59389303223409	0	0	1.94515327496472	0	0	1.56971975361594	0	1.85207627583813	0	1.98514370655768	0	1.25532422909641	2.48113873731914	1.99459131612586	0	0	0	0	0	2.92671863348514	0	3.72768749815215	2.58140684344613	1.91254185783789	2.74150173785488	0	3.59281425063608	0	3.26416389288383	0	2.8180329979205	0	2.11608065060623	2.03897233172948	1.82531774253258	0	0	0	0	0	0	0	0	0	0	0	1.975485995396	0	1.69793657707878	3.22474962311619	0	0	1.20076505070564	0	0	0	0	1.25532422909641	0	0	0	2.73814122591807	0	2.72093718727734	0	0	0	2.40467448709364	1.4232985737951	0	0	3.43137829594981	0	2.71207266055613	0	1.61679144959536	0	0	0	0	0	0	3.96853770905454	0	0	0	0	3.62462044065761	0	2.81238301762796	0.720203638634334	0	4.19266402688916	0	0	0	0	0	0	0	0	0	1.45679834861715	0	0.720203638634334	0	0	0	0	0	0.720203638634334	0	0	1.71605705688923	0	0	3.77106316021342	0	0	0	0	2.48719296348535	3.82523736910179	2.50486514827177	3.54842881181057	4.05863735440308	2.86957975529232	0	3.53919360414072	0	0	1.78180923586812	3.37603824592999	1.61679144959536	0	3.77012396555274	0	3.48981993105616	3.53274544510788	0	0	0	0	0	0	0	0	1.3869971440693	0	1.06544301713534	0	0	0	1.34738232044352	2.88428346452961	0	3.67658833176898	3.33748904232971	0	1.13835348177813	0	2.73305119322802	0	0	0	0	0	0	0	1.79680163080546	0	0	1.63854276442384	0	0	0	3.266168786247	0.867809365492955	0	0	0	0	4.44635499310289	AMPLICON	463	58621841	PRJNA395660	SAMN07412067	MIMARKS.survey,MIGS/MIMS/MIMARKS.human-gut	40246774	AC CAMARGO CANCER CENTER	26-Aug-2013	public	sra	gs,ncbi,s3	gs.US,ncbi.public,s3.us-east-1	human	digestive system	stool	SRX3033119	Brazil	South America	Brazil: Sao Paulo	Homo sapiens	Illumina MiSeq	23.555420 S 46.670139 W	P06.1Y	PAIRED	PCR	METAGENOMIC	human metagenome	ILLUMINA	2019-08-06T00:00:00Z	biological replicate 6	P06.1Y	SRP113514	1Y	P06	1
SRR5865135	0	0	1.30435602410518	0	0	0	0	0	0	0	0	4.11488745736873	0	3.83053201754942	0	3.60191477933847	0	0	0	0	0	0	0	0	0	0	0	3.33167440285401	0	0	0	0	0	0	0	0	0	0	4.96490007564559	3.6356385768251	0	2.79862966488228	2.46395657699043	0	3.55817889138103	0	2.02109638973502	2.25250428524244	0	0	0	0	0	0	0	0	1.07718630556176	0	0	0	0	0.572436049116542	0	0	0	0	0	2.3312806467425	0	0	1.82393061796155	0	0	0	0	0	0	2.49923175531791	0	2.86749785216114	0	0	0	0	0	0.707942705861137	0	0	0.572436049116542	3.56340604357198	0	0	2.62288351149008	0	0	0	1.85819135115048	0	0	1.40868521750837	0	1.07718630556176	0	0	0	2.16441622603771	0	0	0	4.02770414935955	0	1.35964595076796	1.47320419883557	0	0	2.52303658465785	0	0	2.96589974054692	1.07718630556176	0	1.20545827964787	0	0	0.89435082722581	0	0	1.81492581405089	0	0	1.02435752147482	0	0	0.89435082722581	0	1.51144064917102	0	0.81107219888128	2.21068980314229	0	0	0	0	0	3.81041109561405	0	0	0	0	0	0	2.28451549288318	0	0	0	3.3855031028915	0	0	2.63544306905576	1.30435602410518	0	1.20545827964787	0	0	0	0	0	0	0	0	0	0	0	1.33288026229973	0	0	0	0.572436049116542	0	0	0	0	1.02435752147482	0	0	0	0	0	3.09072101896441	0	0	0	2.77133910472459	0	0	0	3.13731035425786	0	3.47552390083032	0	3.38867096021666	0	0	0	0	0	0	1.51144064917102	0	0	0	0	0	1.16676318817696	0	0	0	2.62990583536051	0	0	0	0	0	0	0	0	0	0	0	0.707942705861137	0	0	0	0	0	0	0	0	1.54658137835949	1.02435752147482	0	3.97903028693459	0	0	1.24098597503085	0	1.65108425086688	2.76831075728867	2.73680586672677	0	1.75658397724514	2.60994989397377	1.63760870534134	2.2179444797951	0	0	0	0	0	2.19200452357095	0	0	3.36829100248772	3.72257044009467	0	0	0	0	0	0	0	0.707942705861137	0	0	0	0	0	0	1.16676318817696	2.66082178458723	0	1.88222221184734	4.0307039961804	0	0	1.63760870534134	0	0	0	0	0	0	0	0	2.4430459506324	3.04553803720328	2.13928877526396	2.18429934656119	0	0	0	2.24242200857435	0	0	0	0	0	3.52114756919568	AMPLICON	491	84224133	PRJNA395660	SAMN07412093	MIMARKS.survey,MIGS/MIMS/MIMARKS.human-gut	60375079	AC CAMARGO CANCER CENTER	22-Jul-2013	public	sra	gs,ncbi,s3	gs.US,ncbi.public,s3.us-east-1	human	digestive system	stool	SRX3033118	Brazil	South America	Brazil: Sao Paulo	Homo sapiens	Illumina MiSeq	23.555420 S 46.670139 W	P13.Pre	PAIRED	PCR	METAGENOMIC	human metagenome	ILLUMINA	2019-08-06T00:00:00Z	biological replicate 13	P13.Pre	SRP113514	Pre	P13	0
