SAMPLE_ID	Acholeplasmatales	Acidaminococcales	Acidiferrobacterales	Acidimicrobiales	Acidithiobacillales	Acidobacteriales	Acidothermales	Actinomycetales	Actinopolysporales	Aeromonadales	Alteromonadales	Anaerolineales	Aquificales	Ardenticatenales	Bacillales	Bacteriovoracales	Bacteroidales	Bacteroidetes Order II. Incertae sedis	Bdellovibrionales	Bifidobacteriales	Brachyspirales	Bradymonadales	Bryobacterales	Burkholderiales	Caldilineales	Calditrichales	Campylobacterales	Candidatus Brocadiales	Candidatus Nanopelagicales	Candidatus Nanosynbacterales	Cardiobacteriales	Caulobacterales	Cellvibrionales	Chitinophagales	Chlamydiales	Chlorobiales	Chloroflexales	Chromatiales	Chroococcales	Chrysiogenales	Chthonomonadales	Clostridiales	Coprothermobacterales	Coriobacteriales	Corynebacteriales	Cytophagales	Deferribacterales	Deinococcales	Desulfobacterales	Desulfovibrionales	Desulfurellales	Desulfuromonadales	Eggerthellales	Egicoccales	Elusimicrobiales	Emcibacterales	Endomicrobiales	Enterobacterales	Entomoplasmatales	Erysipelotrichales	Euzebyales	Fibrobacterales	Fimbriimonadales	Flavobacteriales	Frankiales	Fusobacteriales	Gemmatimonadales	Geodermatophilales	Gloeobacterales	Glycomycetales	Halanaerobiales	Holosporales	Hydrogenophilales	Ignavibacteriales	Immundisolibacterales	Kiritimatiellales	Kosmotogales	Ktedonobacterales	Lactobacillales	Legionellales	Leptospirales	Limnochordales	Magnetococcales	Marinilabiliales	Mariprofundales	Methanobacteriales	Methylococcales	Micrococcales	Micromonosporales	Mycoplasmatales	Myxococcales	Natranaerobiales	Nautiliales	Neisseriales	Nevskiales	Nitrosomonadales	Nitrospirales	Nostocales	Oceanospirillales	Opitutales	Orbales	Oscillatoriales	Parachlamydiales	Pasteurellales	Pelagibacterales	Petrotogales	Pirellulales	Planctomycetales	Pleurocapsales	Propionibacteriales	Pseudomonadales	Pseudonocardiales	Puniceicoccales	Rhizobiales	Rhodobacterales	Rhodocyclales	Rhodospirillales	Rickettsiales	Rubrobacterales	Saprospirales	Sedimentisphaerales	Selenomonadales	Silvanigrellales	Sphaerobacterales	Sphingobacteriales	Sphingomonadales	Spirochaetales	Streptomycetales	Streptosporangiales	Synechococcales	Synergistales	Syntrophobacterales	Tepidiformales	Thermales	Thermoanaerobacterales	Thermodesulfobacteriales	Thermomicrobiales	Thermosediminibacterales	Thermotogales	Thiotrichales	Tissierellales	Veillonellales	Verrucomicrobiales	Vibrionales	Xanthomonadales
SRR13357647	0.0	1.1590371859601767	0.0	0.0	0.0	0.0	0.0	3.4597451136028368	0.0	0.0	0.0	0.738315063549604	0.5101513834751039	0.0	3.1938120153334477	0.0	2.6084283765176552	0.5101513834751039	0.0	2.9276836334563954	0.0	0.0	0.0	2.5495626101897666	0.0	0.0	1.1590371859601767	0.0	0.0	0.0	0.0	0.0	0.0	0.0	0.0	0.0	0.0	0.5101513834751039	0.0	0.0	0.0	2.4782297124166437	0.0	0.5101513834751039	0.738315063549604	0.0	0.0	0.0	0.738315063549604	0.5101513834751039	0.0	0.5101513834751039	0.0	0.0	0.0	0.0	0.0	1.5385230996905692	0.0	1.1590371859601767	0.0	0.0	0.0	1.368670740733926	0.0	1.7720552007440475	0.0	0.0	0.0	0.5101513834751039	0.0	0.0	0.0	0.0	0.0	0.0	0.0	0.0	4.476700598254704	0.0	0.0	0.0	0.0	1.1590371859601767	0.0	0.0	0.0	2.967147565467443	0.0	1.0858370682973226	0.0	0.0	0.0	0.738315063549604	0.0	0.5101513834751039	0.0	0.0	1.615604635366709	0.0	0.0	0.0	0.0	0.0	0.0	0.0	0.0	0.0	0.0	0.0	0.0	0.0	0.0	1.1590371859601767	0.0	0.0	0.5101513834751039	0.0	0.0	0.0	0.0	0.0	0.0	0.0	0.0	1.2763817813018998	0.0	0.0	0.0	0.0	0.0	0.0	0.0	0.5101513834751039	0.0	0.0	0.0	0.0	0.0	0.0	1.324973124462497	1.7720552007440475	0.0	0.738315063549604	0.0
SRR13357655	0.0	0.7337134825334912	0.0	0.0	0.0	0.0	0.0	0.0	0.0	0.0	0.3930739011921145	0.0	0.0	0.0	1.4834859579641548	0.0	2.046927520421412	0.0	0.0	3.123002613462105	0.0	0.0	0.0	1.5423190345585192	0.0	0.0	0.0	0.0	0.0	0.0	0.0	0.0	0.0	0.3930739011921145	0.0	0.0	0.0	0.0	0.0	0.0	0.0	2.3343192954787195	0.0	0.7337134825334912	0.0	0.0	0.0	0.0	0.0	0.3930739011921145	0.0	0.0	0.3930739011921145	0.0	0.0	0.0	0.0	2.134933178960154	0.0	0.5959687897873385	0.0	0.0	0.0	0.3930739011921145	0.0	1.1537936217540425	0.0	0.0	0.0	0.0	0.0	0.0	0.0	0.0	0.0	0.0	0.0	0.3930739011921145	4.442447342630265	0.0	0.0	0.0	0.0	0.0	0.0	0.0	0.0	0.3930739011921145	0.0	1.363276666906481	0.0	0.0	0.0	0.0	0.0	0.0	0.0	0.0	0.0	0.0	0.0	0.0	0.0	0.0	0.0	0.0	0.0	0.0	0.0	0.0	0.5959687897873385	0.0	0.0	0.3930739011921145	0.0	0.0	0.3930739011921145	0.3930739011921145	0.0	0.0	0.0	3.3733387681986406	0.0	0.0	0.0	0.0	0.0	0.0	0.0	0.0	0.0	0.0	0.0	0.0	0.3930739011921145	0.0	0.0	0.0	0.0	0.3930739011921145	0.5959687897873385	3.750659081902122	0.5959687897873385	0.3930739011921145	0.3930739011921145
SRR13357656	0.0	0.506943294628135	0.0	0.0	0.0	0.0	0.0	0.0	0.0	1.081570692652735	1.3205444213369129	0.0	0.506943294628135	0.0	1.2172914099201457	0.0	2.0729912460514046	0.506943294628135	0.0	2.8884160136160233	0.0	0.0	0.0	1.4738099431828655	0.0	0.0	0.506943294628135	0.0	0.0	0.0	0.0	0.0	0.0	0.0	0.0	0.0	0.0	1.7152053642385776	0.0	0.0	0.0	1.9929183058971156	0.0	0.0	0.0	0.0	0.0	0.0	0.0	0.734518360645646	0.0	0.0	0.0	0.0	0.0	0.0	0.0	2.8285472826364284	0.0	0.0	0.0	0.0	0.506943294628135	0.0	0.0	0.506943294628135	0.0	0.0	0.0	0.0	0.734518360645646	0.0	0.0	0.0	0.0	0.0	0.0	0.734518360645646	4.552055540502597	0.506943294628135	0.0	0.0	0.0	0.0	0.0	0.0	0.0	0.506943294628135	0.0	1.4738099431828655	0.0	0.0	0.0	0.0	0.0	0.0	0.0	0.0	0.8830776057532594	0.0	0.0	0.734518360645646	0.0	0.734518360645646	0.0	0.0	0.0	0.0	0.0	0.0	1.2172914099201457	0.0	0.0	0.506943294628135	0.0	0.0	0.8830776057532594	0.506943294628135	0.0	0.506943294628135	0.0	0.734518360645646	0.0	0.0	0.0	0.734518360645646	0.0	0.0	0.0	0.0	0.734518360645646	0.0	0.0	0.0	0.0	0.0	0.0	0.0	0.0	1.2172914099201457	0.0	0.9935668892606075	0.734518360645646	1.5612428092382384	0.0
SRR13357660	0.0	0.8376816322400993	0.0	0.26486760614604793	0.0	0.0	0.0	1.2295284606916974	0.0	1.1336399328929665	1.482979038493713	0.0	0.0	0.0	1.1059511711501337	0.0	4.303207420106282	0.8376816322400993	0.0	1.6335749613810426	0.0	0.0	0.0	1.3744861351539268	0.546620729945526	0.0	0.42820315150066734	0.0	0.0	0.0	0.0	0.26486760614604793	0.42820315150066734	0.7160914176088666	0.0	0.0	0.0	0.9732252960944265	0.0	0.0	0.0	3.8584922084216267	0.26486760614604793	1.0763761500287001	0.42820315150066734	0.26486760614604793	0.0	0.0	0.26486760614604793	0.0	0.0	0.0	0.42820315150066734	0.0	0.0	0.0	0.0	2.748637971195964	0.0	3.799344778675846	0.0	0.0	0.0	0.7160914176088666	0.0	0.26486760614604793	0.0	0.0	0.0	0.0	0.0	0.0	0.0	0.0	0.26486760614604793	0.0	0.0	0.7160914176088666	3.400667708688574	0.0	0.0	0.0	0.0	0.0	0.0	0.0	0.0	0.546620729945526	0.0	0.7811279286464712	0.0	0.0	0.0	0.0	0.0	0.26486760614604793	0.0	0.0	0.546620729945526	0.0	0.0	0.42820315150066734	0.0	0.42820315150066734	0.0	0.0	0.0	0.0	0.0	0.0	1.2705491001913882	0.0	0.0	0.26486760614604793	0.0	0.26486760614604793	0.7160914176088666	0.26486760614604793	0.26486760614604793	0.0	0.0	0.0	0.0	0.0	0.26486760614604793	0.0	0.0	0.0	0.0	0.0	0.887712218689347	0.26486760614604793	0.0	0.0	0.0	0.0	0.0	0.0	0.0	1.0446389615760685	0.7811279286464712	2.8081577137917364	0.0	1.4453979001396187	0.0
SRR13357661	0.0	0.9060820178431468	0.0	0.0	0.0	0.0	0.0	0.8557245850157066	0.0	0.0	0.27459958666574863	0.0	0.27459958666574863	0.0	1.6868445410657247	0.0	4.3565593664866045	1.0638194930687366	0.0	1.0638194930687366	0.0	0.0	0.0	1.9545957483206455	0.0	0.0	0.0	0.0	0.0	0.0	0.0	0.27459958666574863	0.0	0.9512023869961305	0.0	0.0	0.0	0.6558731128790863	0.0	0.0	0.0	3.5730102115286506	0.0	0.0	0.0	0.0	0.0	0.0	0.0	0.0	0.0	0.0	1.5033406587565943	0.0	0.0	0.0	0.0	1.3789380343563202	0.0	1.125376654515341	0.0	0.0	0.0	0.7331624206817233	0.0	0.5617856427870727	0.0	0.0	0.0	0.0	0.0	0.0	0.0	0.27459958666574863	0.0	0.0	0.0	0.0	2.9683216185259464	0.0	0.0	0.0	0.0	0.0	0.0	0.0	0.0	0.0	0.0	0.5617856427870727	0.0	0.0	0.0	0.0	0.0	0.0	0.0	0.0	0.0	0.0	0.0	0.0	0.0	0.0	0.0	0.0	0.0	0.0	0.0	0.0	1.125376654515341	0.27459958666574863	0.0	0.27459958666574863	0.0	0.0	0.27459958666574863	0.0	0.0	0.0	0.0	2.765715264486048	0.0	0.0	0.0	0.0	0.0	0.0	0.0	0.0	0.4415107584276587	0.0	0.0	0.0	0.0	0.27459958666574863	0.0	0.0	0.0	0.0	0.27459958666574863	3.971064831953947	0.6558731128790863	0.0	0.0
SRR13357662	0.0	0.5255385021261614	0.0	0.0	0.0	0.0	0.0	0.2515417291583615	0.0	0.0	0.0	0.0	0.0	0.0	0.9064121456338343	0.0	4.457612145674914	0.8619420877150095	0.0	1.2798010308767194	0.0	0.0	0.0	1.799227982635446	0.0	0.0	0.0	0.2515417291583615	0.0	0.0	0.0	0.0	0.0	0.2515417291583615	0.0	0.0	0.0	0.6168339152079171	0.0	0.0	0.0	3.3506021852996333	0.0	0.0	0.2515417291583615	0.2515417291583615	0.0	0.0	0.0	1.1564964123883361	0.0	0.0	1.8453777840469263	0.0	0.0	0.0	0.0	0.9836550583821846	0.0	0.8619420877150095	0.0	0.0	0.0	0.2515417291583615	0.0	0.40979908099790674	0.0	0.0	0.0	0.0	0.0	0.0	0.0	0.40979908099790674	0.0	0.0	0.0	0.0	1.4296217133272715	0.0	0.0	0.0	0.0	0.0	0.0	0.0	0.0	0.0	0.0	0.0	0.0	0.0	0.0	0.0	0.0	0.0	0.0	0.5255385021261614	0.2515417291583615	0.0	0.0	0.0	0.0	0.40979908099790674	0.0	0.0	0.0	0.0	0.2515417291583615	0.0	1.4660623821298826	0.0	0.0	0.0	0.0	0.0	0.0	0.0	0.0	0.0	0.0	2.4770255776531327	0.0	0.0	0.0	0.0	0.0	0.0	0.0	0.0	0.0	0.0	0.0	0.0	0.0	0.0	0.0	0.0	0.0	0.0	0.5255385021261614	3.787316515044069	0.40979908099790674	0.2515417291583615	0.0
SRR13357663	0.0	0.30693370731792124	0.0	0.0	0.0	0.0	0.0	0.4849751697523497	0.0	0.30693370731792124	0.30693370731792124	0.0	0.0	0.0	1.1247805836262035	0.0	4.524905522076754	1.0899441436808217	0.0	1.0899441436808217	0.0	0.0	0.0	2.1322145055852992	0.0	0.0	0.4849751697523497	0.0	0.0	0.0	0.0	0.0	0.0	1.0105695704847872	0.0	0.0	0.0	0.7879466505237025	0.0	0.0	0.0	3.3553285072753534	0.0	0.30693370731792124	0.0	0.7083778011764338	0.0	0.0	0.0	1.391457081038173	0.0	0.0	0.0	0.0	0.0	0.0	0.0	1.1870473978155716	0.0	0.6108857338237231	0.0	0.0	0.0	0.30693370731792124	0.0	1.6549178573565733	0.0	0.0	0.0	0.0	0.0	0.0	0.0	0.0	0.0	0.0	0.0	0.0	1.5298913974237793	0.0	0.0	0.0	0.0	0.30693370731792124	0.0	0.0	0.0	0.0	0.0	0.4849751697523497	0.0	0.0	0.0	0.0	0.0	0.0	0.0	0.0	0.30693370731792124	0.0	0.0	0.0	0.0	0.0	0.0	0.0	0.0	0.0	0.0	0.0	0.0	0.0	0.0	0.0	0.0	0.0	0.0	0.0	0.0	0.0	0.0	0.30693370731792124	0.0	0.0	0.30693370731792124	0.0	0.0	0.0	0.0	0.0	0.0	0.30693370731792124	0.0	0.0	0.0	0.0	0.0	0.0	0.0	0.0	0.0	3.1869423151944214	0.30693370731792124	0.0	0.4849751697523497
SRR13357664	0.6294304809271455	0.705457957045031	0.0	0.0	0.0	0.0	0.0	1.775855644346179	0.0	1.391578746079726	1.683704020625659	0.0	0.0	0.0	1.6763086898316273	0.0	3.5731136536953954	1.0326435167436583	0.0	1.0326435167436583	0.0	0.0	0.0	1.4935541668587387	0.0	0.0	0.826421999724154	0.25888888246521385	0.25888888246521385	0.0	0.0	0.25888888246521385	0.705457957045031	0.537208592729984	0.0	0.0	0.0	1.536774268121102	0.0	0.0	0.0	3.1480311211657046	0.537208592729984	0.705457957045031	1.546939155754376	0.705457957045031	0.0	0.0	0.0	0.4199726604628821	0.0	0.0	0.0	0.0	0.0	0.0	0.0	2.960103041976839	0.0	1.2954830432298756	0.0	0.0	0.25888888246521385	0.6294304809271455	0.0	0.8762414991787894	0.0	0.0	0.0	0.0	0.0	0.0	0.0	0.0	0.25888888246521385	0.0	0.0	1.0326435167436583	4.490467930179649	0.25888888246521385	0.0	0.0	0.0	0.0	0.0	0.0	0.0	0.705457957045031	0.0	0.25888888246521385	0.0	0.0	0.0	0.0	0.0	0.0	0.0	0.25888888246521385	0.705457957045031	0.0	0.0	0.705457957045031	0.0	0.7701379492159255	0.0	0.0	0.0	0.0	0.0	0.0	1.5157016428145713	0.0	0.0	0.826421999724154	0.0	0.0	0.6294304809271455	0.25888888246521385	0.0	0.0	0.0	0.0	0.0	0.0	0.0	0.25888888246521385	0.0	0.0	0.0	0.25888888246521385	1.19509454225192	0.0	0.0	0.0	0.0	0.0	0.0	0.0	0.0	1.3618483385898759	1.4702162692015115	1.8314487018818255	0.537208592729984	1.7698839719059516	0.25888888246521385
SRR13357668	0.0	3.123411828443842	0.0	0.0	0.0	0.0	0.0	1.0088994080826053	0.0	1.4566861873553973	1.8035104206136874	0.0	0.0	0.0	1.750062164353265	0.0	4.334060251773424	2.088252362052294	0.0	1.0809306922050124	0.0	0.0	0.0	1.4566861873553973	0.0	0.0	1.2448373756156765	0.6705067372841498	0.0	0.0	0.0	0.922498357402779	0.4535333053035193	2.390770906636526	0.0	0.0	0.0	1.672422551659614	0.0	0.0	0.0	4.001748676846295	0.6705067372841498	0.6705067372841498	0.0	1.9040685511118778	0.0	0.0	0.8145284799314289	0.0	0.0	0.0	0.6705067372841498	0.0	0.0	0.0	0.0	3.3353881157107166	0.0	2.708479949922589	0.0	0.0	0.0	2.3569679381207096	0.0	0.922498357402779	0.0	0.0	0.0	0.0	0.0	0.0	0.0	0.0	0.4535333053035193	0.4535333053035193	0.0	1.0088994080826053	1.8510958004775668	0.0	0.0	0.0	0.0	1.0809306922050124	0.0	0.0	0.0	0.4535333053035193	0.0	0.0	0.0	0.0	0.4535333053035193	0.0	0.0	0.0	0.0	0.0	0.8145284799314289	0.0	0.0	0.8145284799314289	0.0	0.922498357402779	0.0	0.0	0.0	0.0	0.0	0.4535333053035193	1.720650152737913	0.0	0.0	0.922498357402779	0.0	0.4535333053035193	1.0088994080826053	0.922498357402779	0.0	0.0	0.0	2.684350120739561	0.0	0.0	1.196763195173808	0.0	0.0	0.0	0.0	0.0	1.396866479870628	0.0	0.0	0.0	0.0	0.0	0.0	0.0	0.0	1.5092550021919688	0.0	2.2844447940159673	0.8145284799314289	1.8939783301848294	1.0088994080826053
SRR13357669	0.26738113058482976	2.713903287239391	0.0	0.0	0.0	0.0	0.0	0.26738113058482976	0.0	0.26738113058482976	0.5505556838476835	0.26738113058482976	0.0	0.0	3.565677393930807	0.0	1.939220207842361	0.26738113058482976	0.0	1.7020145599850836	0.0	0.0	0.0	1.1387252061558983	0.0	0.0	0.0	0.0	0.0	0.0	0.0	0.0	0.0	0.0	0.0	0.0	0.0	0.26738113058482976	0.0	0.0	0.0	3.9259997090640684	0.0	0.4316506970890587	0.4316506970890587	0.26738113058482976	0.0	0.0	1.1387252061558983	0.6438047950159042	0.0	0.5505556838476835	0.26738113058482976	0.0	0.0	0.0	0.0	4.339962698693502	1.111010035841338	1.4882859389360883	0.0	0.0	0.0	0.0	0.0	0.6438047950159042	0.0	0.0	0.0	0.26738113058482976	0.0	0.0	0.0	0.0	0.0	0.0	0.0	0.0	2.42148167690778	0.0	0.0	0.0	0.0	0.0	0.0	0.0	0.0	0.4316506970890587	0.0	1.2557028334398372	0.0	0.26738113058482976	0.0	0.6438047950159042	0.0	0.0	0.0	0.26738113058482976	0.0	0.0	0.0	0.0	0.0	0.4316506970890587	0.0	0.0	0.0	0.0	0.0	0.0	0.7205281823657076	0.0	0.0	0.0	0.4316506970890587	0.0	0.26738113058482976	0.0	0.0	0.0	0.0	0.6438047950159042	0.0	0.0	0.0	0.0	0.0	0.0	0.0	0.0	0.0	0.0	0.0	0.0	0.0	0.4316506970890587	0.0	0.0	0.0	0.4316506970890587	0.26738113058482976	3.411485598543847	0.5505556838476835	0.7857108030594979	0.26738113058482976
SRR13357670	0.2595285732796008	3.6337773894410366	0.0	0.0	0.0	0.0	0.0	0.2595285732796008	0.0	0.5382192086555736	0.4208553232368325	0.2595285732796008	0.0	0.0	2.322917783599222	0.0	4.114693668811137	0.7066011491263812	0.0	0.5382192086555736	0.0	0.0	0.0	3.1512119253358257	0.0	0.0	0.4208553232368325	0.0	0.0	0.0	0.0	0.2595285732796008	0.2595285732796008	0.9997824983156015	0.0	0.0	0.2595285732796008	0.2595285732796008	0.0	0.0	0.0	4.158052284260032	0.0	0.7066011491263812	0.2595285732796008	0.2595285732796008	0.0	0.2595285732796008	0.0	1.853238683785047	0.0	0.7066011491263812	0.0	0.0	0.0	0.0	0.0	3.5040315023955673	0.7713199045668571	2.814732333388708	0.0	0.0	0.0	0.4208553232368325	0.0	0.8276332925214465	0.0	0.0	0.0	0.2595285732796008	0.0	0.0	0.0	0.0	0.0	0.5382192086555736	0.0	0.0	2.3738408292643136	0.0	0.0	0.0	0.0	0.0	0.0	0.0	0.0	0.0	0.0	0.9221823699588683	0.0	0.0	0.0	0.8774757689378403	0.0	1.471591396525727	0.0	0.2595285732796008	0.6305200718653546	0.0	0.0	0.0	0.0	0.0	0.0	0.0	0.0	0.0	0.0	0.0	0.2595285732796008	0.0	0.0	0.0	0.2595285732796008	0.0	0.0	0.0	0.0	0.0	0.0	0.2595285732796008	0.0	0.0	0.4208553232368325	0.2595285732796008	0.0	0.0	0.0	0.0	0.0	0.0	0.0	0.0	0.0	0.4208553232368325	0.0	0.0	0.0	0.2595285732796008	0.4208553232368325	1.095105616284201	0.7066011491263812	0.5382192086555736	0.7066011491263812
SRR13357671	0.0	0.7434460337302454	0.0	0.0	0.0	0.0	0.0	1.6664418868576583	0.0	1.0033904780817067	1.1648749225656079	0.7434460337302454	0.0	0.0	2.1226628093294133	0.0	2.5333131658483223	0.7434460337302454	0.0	0.0	0.0	0.0	0.0	1.5718659492032212	0.0	0.0	0.7434460337302454	0.0	0.0	0.0	0.0	0.0	0.0	0.7434460337302454	0.0	0.0	0.0	1.28232179413993	0.0	0.0	0.0	3.867890322236102	0.0	0.0	0.0	0.0	0.0	0.0	0.0	0.0	0.0	0.0	0.7434460337302454	0.0	0.0	0.0	0.0	2.683185621997104	0.0	0.7434460337302454	0.0	0.0	0.0	0.0	0.0	1.28232179413993	0.0	0.0	0.0	0.0	0.0	0.0	0.0	0.0	0.7434460337302454	0.0	0.0	0.7434460337302454	4.44875434083584	0.0	0.0	0.0	0.0	0.0	0.0	0.7434460337302454	0.0	1.28232179413993	0.0	0.0	0.0	0.0	0.0	0.7434460337302454	0.0	0.7434460337302454	0.0	0.7434460337302454	0.0	0.0	0.0	0.7434460337302454	0.0	0.0	0.0	0.0	0.0	0.0	0.0	0.0	1.0033904780817067	0.0	0.0	0.0	0.0	0.0	0.7434460337302454	0.0	0.0	0.0	0.0	0.0	0.0	0.0	0.0	0.7434460337302454	0.0	0.0	0.0	0.0	0.0	0.0	0.0	0.0	0.0	0.0	0.0	0.0	0.0	0.7434460337302454	0.7434460337302454	2.962802841362861	0.0	1.28232179413993	0.0
SRR13357672	0.0	3.4062816644425555	0.0	0.0	0.0	0.0	0.0	0.4739041483286943	0.0	1.1094825238652433	1.369507826639142	0.36522072716121	0.0	0.0	0.9809447409345113	0.0	4.451313854573238	1.242595074855909	0.0	0.36522072716121	0.0	0.0	0.0	1.467597956226266	0.21992134693639379	0.0	0.749350118075444	0.21992134693639379	0.0	0.0	0.0	0.21992134693639379	0.21992134693639379	0.9499477165380744	0.0	0.0	0.0	1.1715806075714053	0.0	0.0	0.0	3.7087968245957468	0.21992134693639379	0.4739041483286943	0.0	0.21992134693639379	0.0	0.0	0.21992134693639379	1.9729401368870154	0.0	0.21992134693639379	0.21992134693639379	0.0	0.0	0.0	0.0	3.049143944950704	0.0	2.3153349063165787	0.0	0.0	0.21992134693639379	0.9499477165380744	0.0	0.36522072716121	0.0	0.0	0.0	0.0	0.0	0.36522072716121	0.0	0.21992134693639379	0.0	0.36522072716121	0.0	0.6331079297031686	1.547564168887307	0.36522072716121	0.0	0.0	0.0	0.0	0.0	0.0	0.0	0.21992134693639379	0.0	0.21992134693639379	0.0	0.0	0.0	0.0	0.0	0.21992134693639379	0.0	0.0	0.5607606746590568	0.21992134693639379	0.0	0.0	0.0	0.4739041483286943	0.0	0.0	0.0	0.0	0.0	0.0	0.9499477165380744	0.0	0.0	0.21992134693639379	0.0	0.0	0.4739041483286943	0.0	0.0	0.0	0.0	0.0	0.0	0.0	0.5607606746590568	0.21992134693639379	0.0	0.0	0.0	0.0	0.9499477165380744	0.0	0.0	0.0	0.0	0.0	0.0	0.0	0.0	0.7975646570450406	0.4739041483286943	1.4959212085959956	0.36522072716121	1.3571045200584757	0.36522072716121
SRR13357676	0.0	2.7846198057459373	0.0	0.0	0.0	0.0	0.293043182392709	0.293043182392709	0.0	1.3824733010408494	1.431621025979525	0.0	0.0	0.0	1.8414373167289377	0.5900240074637173	4.37101798033496	1.364771869014418	0.0	1.240060856639692	0.0	0.293043182392709	0.0	1.064424688139288	0.293043182392709	0.0	1.026760160135806	0.0	0.0	0.0	0.0	0.4664391934645019	0.0	1.2857272718354218	0.0	0.0	0.0	1.4615451901443408	0.0	0.0	0.0	3.995152666711829	0.293043182392709	0.8890151720093168	0.0	1.064424688139288	0.0	0.293043182392709	0.0	2.562559286216865	0.0	0.4664391934645019	1.3824733010408494	1.6177270317048877	0.0	0.0	0.0	2.7584213093373307	0.0	2.674106339051936	0.0	0.293043182392709	0.0	3.092454553880717	0.293043182392709	0.8313150732830348	0.0	0.0	0.0	0.0	0.0	0.0	0.0	1.5640923897124088	0.0	0.0	0.0	0.7647571098234722	1.7623016729151844	0.0	0.0	0.0	0.0	0.0	0.0	0.0	0.293043182392709	0.0	0.0	1.7475878504416116	0.293043182392709	0.0	0.0	0.4664391934645019	0.0	0.0	0.0	0.4664391934645019	0.4664391934645019	0.0	0.0	0.4664391934645019	0.0	0.6861196362392403	1.099081815820011	0.0	0.0	0.293043182392709	0.0	0.0	1.364771869014418	0.293043182392709	0.0	0.8890151720093168	0.7647571098234722	0.0	1.627702578183043	0.6861196362392403	0.0	0.0	0.0	0.0	0.0	0.0	1.2857272718354218	0.6861196362392403	0.0	0.0	0.0	0.0	0.7647571098234722	0.293043182392709	0.0	0.0	0.293043182392709	0.0	0.293043182392709	0.0	0.0	1.099081815820011	0.293043182392709	1.327045426577252	2.4738883729633	1.59706105054548	0.0
SRR13357677	0.0	2.869131810030962	0.0	0.0	0.0	0.0	0.0	0.3631724491747898	0.0	0.0	0.5581475440363202	0.2184913030313138	0.0	0.0	1.40125871061544	0.2184913030313138	4.456459189488591	1.222507334657752	0.0	0.47151100328032036	0.0	0.0	0.0	0.8378714574282419	0.0	0.0	0.2184913030313138	0.0	0.0	0.0	0.0	0.0	0.2184913030313138	0.9777149948817045	0.0	0.0	0.0	0.2184913030313138	0.0	0.0	0.0	3.8949919413197356	0.0	0.3631724491747898	0.3631724491747898	0.5581475440363202	0.0	0.0	0.0	0.0	0.0	0.5581475440363202	0.946745952513473	0.0	0.0	0.0	0.0	1.721420659525133	0.0	1.9813908566043872	0.0	0.0	0.0	1.2857212441954884	0.2184913030313138	0.3631724491747898	0.2184913030313138	0.0	0.0	0.2184913030313138	0.0	0.0	0.0	1.2391941252917311	0.0	0.0	0.0	0.2184913030313138	1.5190104837350331	0.0	0.0	0.0	0.0	0.47151100328032036	0.0	0.0	0.0	0.2184913030313138	0.0	0.47151100328032036	0.0	0.0	0.0	0.0	0.0	0.0	0.3631724491747898	0.2184913030313138	0.3631724491747898	0.0	0.0	0.0	0.0	0.2184913030313138	0.0	0.0	0.0	0.2184913030313138	0.0	0.0	0.3631724491747898	0.0	0.2184913030313138	0.0	0.0	0.0	0.2184913030313138	0.0	0.0	0.0	0.0	0.7945335876762272	0.0	0.0	0.47151100328032036	0.0	0.0	0.0	0.0	0.0	0.0	0.0	0.0	0.0	0.47151100328032036	0.0	0.0	0.0	0.0	0.3631724491747898	0.9777149948817045	1.9377783314025319	0.5581475440363202	0.6922289530415032	0.47151100328032036
SRR13357678	0.0	3.0769638242643027	0.0	0.0	0.0	0.0	0.5364883812292259	0.668308337364832	0.0	0.0	0.0	0.0	0.0	0.0	1.3608774081107076	0.0	4.36799463468377	1.0317226741414802	0.0	0.668308337364832	0.0	0.0	0.0	0.668308337364832	0.0	0.0	0.5364883812292259	0.0	0.0	0.0	0.0	0.0	0.0	1.0783662859048015	0.0	0.0	0.0	0.3462986936760957	0.0	0.0	0.0	3.7823394612713326	0.0	0.5364883812292259	0.0	0.0	0.0	0.0	0.0	0.3462986936760957	0.0	0.3462986936760957	0.8511734842384667	0.0	0.0	0.0	0.0	1.3608774081107076	0.0	1.9239748282618363	0.0	0.0	0.0	1.1941442868697463	0.0	0.8511734842384667	0.0	0.0	0.0	0.0	0.0	0.0	0.0	0.5364883812292259	0.0	0.0	0.0	0.0	1.9937791385892432	0.0	0.0	0.0	0.0	0.0	0.0	0.0	0.0	0.3462986936760957	0.0	0.5364883812292259	0.0	0.0	0.0	0.0	0.0	0.0	0.0	0.0	0.0	0.0	0.0	0.0	0.0	0.8511734842384667	0.0	0.0	0.0	0.0	0.0	0.0	0.3462986936760957	0.0	0.0	0.0	0.0	0.0	0.0	0.3462986936760957	0.0	0.0	0.0	0.668308337364832	0.0	0.0	0.0	0.0	0.0	0.0	0.0	0.0	0.0	0.0	0.0	0.0	0.3462986936760957	0.0	0.0	0.0	0.0	0.3462986936760957	0.8511734842384667	1.6523431685431853	3.8240752503767297	0.0	0.0
SRR13357679	0.0	2.5777819901655037	0.0	0.0	0.0	0.0	0.2707390028848809	1.0562605785351773	0.0	1.117722512109205	1.4018696529827657	0.2707390028848809	0.0	0.0	1.2826317695889464	0.0	4.456805256189393	1.4018696529827657	0.0	0.4362448507942166	0.0	0.0	0.0	1.3377826440657064	0.0	0.0	0.4362448507942166	0.0	0.0	0.0	0.0	0.2707390028848809	0.4362448507942166	1.0562605785351773	0.0	0.0	0.0	1.3201658817786717	0.0	0.0	0.0	3.8764731289056105	0.0	0.2707390028848809	0.2707390028848809	0.6494354916651919	0.0	0.0	0.0	0.2707390028848809	0.0	0.0	0.5557925303071789	0.0	0.0	0.2707390028848809	0.0	2.8359563855153866	0.0	1.47060931786446	0.0	0.0	0.2707390028848809	1.3018041875408173	0.0	0.2707390028848809	0.0	0.0	0.0	0.0	0.2707390028848809	0.0	0.0	0.4362448507942166	0.2707390028848809	0.0	0.0	0.7264249690425848	1.8131078843294077	0.2707390028848809	0.0	0.0	0.0	0.0	0.0	0.0	0.0	0.0	0.0	0.4362448507942166	0.2707390028848809	0.0	0.0	0.0	0.0	0.0	0.0	0.2707390028848809	0.7917994096269063	0.0	0.0	0.2707390028848809	0.0	0.8988385190656596	0.0	0.0	0.0	0.0	0.0	0.0	1.1454722493149552	0.0	0.2707390028848809	0.5557925303071789	0.0	0.0	0.8486083477183644	0.5557925303071789	0.0	0.0	0.0	0.2707390028848809	0.0	0.0	0.0	0.4362448507942166	0.0	0.0	0.0	0.0	0.8486083477183644	0.4362448507942166	0.0	0.0	0.8486083477183644	0.0	0.0	0.0	0.0	1.1454722493149552	0.7917994096269063	0.7917994096269063	0.4362448507942166	1.6106802390323678	0.2707390028848809
SRR13357681	0.0	2.7700573943430364	0.0	0.0	0.0	0.24711876367737676	0.0	0.6841812241115502	0.0	0.6091762752449505	1.14708411081949	0.0	0.0	0.0	1.320759718007586	0.0	4.3433778422187475	0.9745913215594273	0.0	0.9377790088184744	0.0	0.0	0.7481201632980299	2.8446638259522565	0.40364233375169367	0.0	0.5184563592314169	0.0	0.0	0.0	0.0	0.40364233375169367	0.40364233375169367	0.6841812241115502	0.0	0.0	0.0	1.3363809233877695	0.0	0.0	0.0	3.867577334296624	0.0	0.0	0.40364233375169367	0.6091762752449505	0.0	0.0	0.24711876367737676	2.6024478106039166	0.0	0.24711876367737676	1.6350678097165166	0.0	0.0	0.7481201632980299	0.0	2.555052383213656	0.0	1.9425876561539583	0.0	1.122685427304532	0.0	0.9377790088184744	0.0	2.695632653806524	0.0	0.0	0.0	0.40364233375169367	0.0	0.0	0.0	0.5184563592314169	0.40364233375169367	0.0	0.0	0.8038424721405875	1.122685427304532	0.0	0.0	0.0	0.0	0.24711876367737676	0.0	0.0	0.0	0.24711876367737676	0.0	0.5184563592314169	0.0	0.0	0.0	0.0	0.0	0.40364233375169367	0.0	0.24711876367737676	0.40364233375169367	0.0	0.0	0.0	0.24711876367737676	0.9745913215594273	1.3801320663543408	0.0	0.0	0.0	0.0	0.0	1.5309727437482719	0.0	0.0	1.5309727437482719	0.5184563592314169	0.0	3.4255168379043544	0.8975549320540211	0.0	0.0	0.0	2.9794506684502586	0.0	0.0	0.40364233375169367	0.0	0.0	0.0	0.0	0.0	0.5184563592314169	0.6091762752449505	0.0	0.0	0.24711876367737676	0.24711876367737676	0.0	0.0	0.0	1.069345832594237	0.5184563592314169	2.5854911150882507	3.089540000712068	1.3045555989764932	0.24711876367737676
SRR13357682	0.0	0.9728787143611203	0.0	0.0	0.0	0.0	0.5795781763554235	1.3136019506877612	0.0	0.9728787143611203	1.4621288067607652	1.0861038823469071	0.0	0.0	1.9953592035429293	0.0	2.2417670285248446	0.819307382520575	0.0	1.2501568622427623	0.0	0.0	0.0	1.3689489677580122	0.0	0.0	0.9728787143611203	0.0	0.0	0.0	0.0	0.0	0.0	0.5795781763554235	0.0	0.0	0.0	1.4180331279459206	0.0	0.0	0.0	4.108820320910496	0.0	0.0	0.0	0.0	0.0	0.0	0.819307382520575	0.0	0.0	0.0	0.819307382520575	0.0	0.0	0.0	0.0	2.748684550205694	0.5795781763554235	1.0861038823469071	0.0	0.0	0.0	0.5795781763554235	0.0	0.819307382520575	0.0	0.0	0.0	0.0	0.5795781763554235	0.0	0.0	0.0	0.0	0.0	0.0	1.0861038823469071	4.297975896894864	0.0	0.0	0.0	0.0	0.0	0.0	0.0	0.0	0.5795781763554235	0.0	0.9728787143611203	0.0	0.0	0.0	0.0	0.0	0.0	0.0	0.0	0.0	0.0	0.0	0.5795781763554235	0.0	1.3689489677580122	0.0	0.0	0.0	0.0	0.0	0.0	0.9728787143611203	0.0	0.0	0.9728787143611203	0.0	0.0	0.5795781763554235	0.0	0.0	0.0	0.0	0.819307382520575	0.0	0.0	0.5795781763554235	0.5795781763554235	0.0	0.0	0.0	0.0	0.0	0.0	0.0	0.0	0.0	0.0	0.0	0.0	0.0	0.9728787143611203	0.9728787143611203	3.5731266992504462	1.0861038823469071	1.5726002511003736	0.0
SRR13357683	0.0	3.0410497932561444	0.0	0.0	0.0	0.23578896454284956	0.0	0.7815560939755437	0.0	0.0	0.0	0.0	0.0	0.0	1.3406409938740445	0.0	4.362185967710852	1.0451057404046897	0.0	1.0159218357116582	0.0	0.0	0.0	2.9394411979686548	0.0	0.0	0.23578896454284956	0.0	0.0	0.0	0.0	0.0	0.0	0.9143601242354119	0.3877570683650924	0.0	0.0	0.0	0.0	0.0	0.0	3.9027446159064136	0.0	0.23578896454284956	0.0	0.5001124041153109	0.0	0.0	0.3877570683650924	2.187122340998321	0.0	0.0	2.396260447544177	0.0	0.0	0.3877570683650924	0.0	1.2269272595368643	0.0	1.9630793570123595	0.0	0.7815560939755437	0.0	0.9143601242354119	0.0	0.3877570683650924	0.23578896454284956	0.0	0.0	0.6632447594316268	0.0	0.0	0.0	0.23578896454284956	0.0	0.0	0.0	0.0	1.3110725659478482	0.0	0.0	0.0	0.0	0.726416854956075	0.0	0.0	0.0	0.23578896454284956	0.23578896454284956	0.0	0.0	0.0	0.0	0.23578896454284956	0.0	1.188102441139797	0.0	0.0	0.0	0.0	0.0	0.0	0.0	0.23578896454284956	1.0159218357116582	0.0	0.0	0.0	0.23578896454284956	0.23578896454284956	1.7842296225701433	0.0	0.0	0.9846346319229156	0.23578896454284956	0.3877570683650924	2.026413471970236	0.23578896454284956	0.0	0.0	0.0	0.830476815764127	0.0	0.0	0.0	0.23578896454284956	0.0	0.0	0.0	0.0	0.0	0.23578896454284956	0.0	0.0	0.0	0.0	0.0	0.0	0.0	0.3877570683650924	0.5892935673165517	0.6632447594316268	3.580126569208002	0.0	0.0
SRR13357684	0.0	2.7930164189011744	0.0	0.0	0.0	0.0	0.0	0.7232049402836874	0.0	0.2689029533492061	0.0	0.0	0.0	0.0	1.6248458924307374	0.0	4.284088025150717	0.8953736370347927	0.0	0.7884749681139789	0.0	0.0	0.0	2.6091088027890796	0.0	0.0	0.0	0.0	0.0	0.0	0.0	0.2689029533492061	0.43373443624562963	1.1924453185227402	0.2689029533492061	0.2689029533492061	0.0	0.5529318853647716	0.0	0.0	0.0	4.17029854465628	0.0	0.2689029533492061	0.43373443624562963	0.7884749681139789	0.0	0.0	0.43373443624562963	2.519952495839271	0.0	0.2689029533492061	2.92888624453248	0.0	0.0	0.43373443624562963	0.0	1.3980598934781827	0.0	2.7026782499633932	0.2689029533492061	0.6463603376978954	0.0	2.076712268014642	0.5529318853647716	0.43373443624562963	0.0	0.0	0.0	0.43373443624562963	0.0	0.2689029533492061	0.0	0.43373443624562963	0.0	0.0	0.0	0.0	1.4127005852249372	0.0	0.0	0.0	0.0	0.0	0.0	0.0	0.0	0.2689029533492061	0.0	0.6463603376978954	0.2689029533492061	0.0	0.2689029533492061	0.2689029533492061	0.0	0.7884749681139789	0.0	0.6463603376978954	0.2689029533492061	0.0	0.0	0.0	0.0	0.5529318853647716	1.0183377262246482	0.2689029533492061	0.0	0.0	0.0	0.0	0.7884749681139789	0.0	0.0	0.7232049402836874	0.43373443624562963	0.2689029533492061	1.1924453185227402	0.43373443624562963	0.2689029533492061	0.0	0.0	0.8953736370347927	0.0	0.0	0.2689029533492061	0.0	0.0	0.0	0.0	0.0	0.0	0.0	0.0	0.0	0.43373443624562963	0.0	0.0	0.0	0.0	0.0	0.43373443624562963	1.0183377262246482	2.7186263294149002	0.43373443624562963	0.2689029533492061
SRR13357685	0.0	3.457554711200717	0.0	0.0	0.0	0.0	0.0	0.5030460821910404	0.39029147546699905	0.39029147546699905	0.23758859022089865	0.39029147546699905	0.0	0.0	1.7508288961582863	0.23758859022089865	3.9962992828239012	1.0197940132262024	0.0	1.076373780182963	0.0	0.0	0.0	1.5377713780259121	0.0	0.0	0.5924780908210356	0.0	0.0	0.0	0.0	0.23758859022089865	0.0	1.1021198956907317	0.0	0.0	0.0	0.8781543411106337	0.23758859022089865	0.0	0.0	4.319868058761036	0.0	0.0	0.39029147546699905	0.5924780908210356	0.0	0.0	0.23758859022089865	2.5810493885436476	0.0	0.23758859022089865	2.569274001722293	0.0	0.0	0.5030460821910404	0.0	3.4328243515498764	0.23758859022089865	2.0095223117541874	0.0	0.23758859022089865	0.0	1.2491519845576946	0.23758859022089865	0.5924780908210356	0.0	0.0	0.0	0.6666014944999352	0.0	0.0	0.0	1.2834021393659547	0.0	0.0	0.0	0.0	1.884968372595631	0.0	0.23758859022089865	0.0	0.0	0.7298991323435711	0.0	0.0	0.0	0.0	0.0	0.8341298742976552	0.39029147546699905	0.0	0.0	0.0	0.0	0.0	0.0	0.0	0.5030460821910404	0.0	0.0	0.0	0.0	0.23758859022089865	0.39029147546699905	0.0	0.0	0.0	0.0	0.23758859022089865	0.8781543411106337	0.0	0.23758859022089865	0.5030460821910404	0.6666014944999352	0.0	0.6666014944999352	0.0	0.0	0.0	0.0	0.8341298742976552	0.0	0.0	0.0	0.39029147546699905	0.0	0.0	0.0	0.0	0.0	0.23758859022089865	0.0	0.0	0.6666014944999352	0.0	0.0	0.0	0.0	0.0	0.39029147546699905	1.1921092064125998	1.7727197075863537	0.5030460821910404	0.23758859022089865
SRR13357689	0.0	0.5350246665356607	0.0	0.0	0.0	0.0	0.0	1.5869474684672433	0.0	1.3813820625610214	1.4790635665861107	0.3451651163827315	0.0	0.0	3.853634054518131	0.3451651163827315	2.136596483603625	0.9182200451263558	0.0	3.2020713844396247	0.0	0.0	0.0	3.945181785397135	0.3451651163827315	0.0	0.977611768400295	0.0	0.0	0.0	0.0	0.3451651163827315	0.8493998412512688	0.977611768400295	0.0	0.0	0.0	1.4231255953594522	0.0	0.0	0.0	4.15999181529559	0.0	1.1185743031027702	0.0	0.5350246665356607	0.0	0.3451651163827315	1.402755174314833	0.0	0.0	0.0	0.3451651163827315	0.0	0.0	0.0	0.0	3.0295776891706714	0.6666872501704486	3.504452694102944	0.0	0.0	0.0	0.0	0.3451651163827315	2.007563060809635	0.0	0.0	0.0	0.3451651163827315	0.0	0.0	0.0	0.3451651163827315	0.0	0.0	0.0	0.6666872501704486	2.39557623768085	0.0	0.0	0.0	0.0	0.0	0.0	0.0	0.0	0.7675821639805113	0.0	1.1569517330382613	0.0	0.3451651163827315	0.0	1.0298498951358022	0.3451651163827315	2.1479935732717603	0.0	0.6666872501704486	0.8493998412512688	0.0	0.0	0.3451651163827315	0.0	0.5350246665356607	0.0	0.0	0.0	0.0	0.0	0.0	1.4612063129252002	0.0	0.0	0.5350246665356607	0.0	0.5350246665356607	0.3451651163827315	0.5350246665356607	0.0	0.0	0.0	1.076473919499725	0.0	0.0	0.5350246665356607	0.5350246665356607	0.3451651163827315	0.0	0.0	0.0	0.9182200451263558	0.0	0.3451651163827315	0.0	0.0	0.0	0.0	0.0	0.0	1.1922114902144065	1.076473919499725	2.550802212117365	0.8493998412512688	1.4790635665861107	0.9182200451263558
SRR13357690	0.0	0.2472916905641432	0.0	0.2472916905641432	0.0	0.0	0.0	0.6844972324332108	0.0	0.5187340706809096	0.5187340706809096	0.0	0.0	0.0	3.0811824365057516	0.0	4.460194580169997	1.7731209803311994	0.0	1.479352504239254	0.0	0.0	0.0	3.2141785425141385	0.0	0.0	0.0	0.403883510158776	0.0	0.0	0.0	0.403883510158776	0.0	1.7318987132417316	0.0	0.0	0.0	0.6094767453198452	0.0	0.0	0.0	3.508513125409775	0.0	0.2472916905641432	0.5187340706809096	1.3941706173319641	0.0	0.0	0.6094767453198452	0.0	0.0	0.0	0.0	0.0	0.0	0.0	0.0	2.6478284635549354	0.0	2.213920163769375	0.0	0.0	0.0	2.0411788799582196	0.0	0.403883510158776	0.0	0.0	0.0	0.0	0.0	0.0	0.0	0.0	0.0	0.6094767453198452	0.0	0.0	1.8685640051604493	0.2472916905641432	0.0	0.0	0.0	0.8041783298958677	0.0	0.0	0.0	0.2472916905641432	0.0	0.2472916905641432	0.0	0.2472916905641432	0.0	0.403883510158776	0.0	1.4202595499485184	0.0	0.403883510158776	0.0	0.0	0.0	0.0	0.0	0.6844972324332108	0.0	0.0	0.0	0.0	0.0	0.0	0.5187340706809096	0.2472916905641432	0.0	0.2472916905641432	0.0	0.0	0.5187340706809096	0.2472916905641432	0.0	0.0	0.0	0.6844972324332108	0.0	0.0	0.6844972324332108	0.0	0.0	0.0	0.0	0.0	0.2472916905641432	0.2472916905641432	0.0	0.0	0.2472916905641432	0.0	0.0	0.0	0.0	1.00888502568996	0.5187340706809096	3.215397727681341	0.5187340706809096	0.7484474551426088	0.6094767453198452
SRR13357691	0.0	0.8150329115283645	0.0	0.0	0.0	0.0	0.0	0.6709752816424566	0.3481663729998487	0.538897574491243	0.6709752816424566	0.0	0.0	0.0	1.0348013378383556	0.0	4.317458805282907	1.8842359897033352	0.0	0.9230228762474261	0.0	0.0	0.0	3.0776835744329967	0.0	0.2080769175147384	0.3481663729998487	0.2080769175147384	0.0	0.0	0.0	0.2080769175147384	0.2080769175147384	1.6556608494594953	0.0	0.3481663729998487	0.0	0.538897574491243	0.0	0.0	0.0	4.1337942985627345	0.2080769175147384	0.2080769175147384	0.0	1.2453991810665976	0.0	0.2080769175147384	0.3481663729998487	0.538897574491243	0.0	0.0	0.2080769175147384	0.0	0.0	0.0	0.0	1.9397699227702017	0.0	2.804665245482306	0.0	0.2080769175147384	0.0	1.8911501690529176	0.0	1.1030591569964752	0.0	0.0	0.0	0.2080769175147384	0.0	0.0	0.0	0.4539194369193414	0.0	0.3481663729998487	0.0	0.0	1.5492496847358648	0.0	0.0	0.0	0.0	0.609938133973764	0.0	0.0	0.0	0.4539194369193414	0.0	0.8150329115283645	0.2080769175147384	0.0	0.0	0.2080769175147384	0.2080769175147384	1.1973210350936827	0.0	0.0	0.0	0.0	0.0	0.0	0.0	0.0	0.0	0.0	0.0	0.0	0.0	0.0	0.8540900555343627	0.0	0.0	0.2080769175147384	0.0	0.0	0.6709752816424566	0.2080769175147384	0.0	0.0	0.0	0.2080769175147384	0.0	0.0	0.7244816189514997	0.2080769175147384	0.0	0.0	0.0	0.0	0.0	0.3481663729998487	0.0	0.0	0.2080769175147384	0.0	0.0	0.0	0.0	0.8150329115283645	0.538897574491243	2.9709321931373864	1.1620317854087485	0.8150329115283645	0.6709752816424566
SRR13357692	0.7792153461305318	2.137459193106723	0.26382217382110673	0.26382217382110673	0.0	0.0	0.0	1.2683794211105937	0.0	0.26382217382110673	0.26382217382110673	0.0	0.0	0.0	1.5041186735956291	0.26382217382110673	3.944985264580266	2.0196874672028042	0.0	1.7363194901876322	0.0	0.0	0.0	0.8857168829868498	0.0	0.0	0.26382217382110673	0.26382217382110673	0.0	0.0	0.0	0.5449802859514395	0.0	1.6227686008315803	0.6378044323150303	0.0	0.0	1.074275963872331	0.0	0.0	0.0	4.384750806721584	0.0	1.9797480653538058	0.5449802859514395	1.103838296206138	0.0	0.0	0.8857168829868498	1.8422002967423114	0.0	0.26382217382110673	2.5032442355030344	0.0	0.0	0.7792153461305318	0.0	1.6051106574537546	0.0	3.4299777269860394	0.0	0.0	0.0	1.5369554427875385	1.0083297858350937	0.6378044323150303	0.4267670484091687	0.0	0.0	0.0	0.0	0.0	0.0	0.6378044323150303	0.0	0.0	0.0	0.0	1.5369554427875385	0.0	0.0	0.0	0.0	0.4267670484091687	0.0	0.0	0.0	0.26382217382110673	0.0	0.835722623094843	0.0	0.0	0.0	0.0	0.0	0.26382217382110673	0.0	0.26382217382110673	0.6378044323150303	0.0	0.0	0.0	0.0	0.5449802859514395	0.0	0.26382217382110673	0.0	0.0	0.0	0.0	0.7792153461305318	0.0	0.0	1.577199947497853	0.9305455342091086	0.0	0.0	0.26382217382110673	0.0	0.0	0.0	0.26382217382110673	0.0	0.0	0.4267670484091687	0.4267670484091687	0.26382217382110673	0.0	0.26382217382110673	0.0	0.0	0.0	0.0	0.0	0.0	0.0	0.0	0.0	0.0	0.26382217382110673	2.203575243821792	2.7623247414202954	0.7142402541925543	0.6378044323150303	0.0
SRR13357693	0.0	0.0	0.0	0.0	0.0	0.0	0.32848838106053374	1.001918315285391	0.0	0.5133597395985341	1.3293898283047074	0.5133597395985341	0.0	0.0	1.4492130454571	0.0	3.050182209370773	2.275699562772699	0.0	0.9500597172343889	0.0	0.32848838106053374	0.0	2.5002623687784813	0.0	0.0	0.7421069621982989	0.0	0.0	0.0	0.0	0.5133597395985341	0.0	1.7243131034124541	0.0	0.0	0.0	0.8911582687299509	0.0	0.0	0.0	4.523030162169547	0.0	0.6426228458347347	0.5133597395985341	1.195814897946929	0.0	0.0	0.0	0.0	0.0	0.0	0.0	0.0	0.0	0.0	0.0	2.999187372877117	0.0	2.999678998561692	0.0	0.0	0.0	1.6648425572405483	0.0	0.6426228458347347	0.0	0.0	0.0	0.0	0.0	0.0	0.0	1.4492130454571	0.0	0.32848838106053374	0.0	0.0	1.7683214164656291	0.0	0.0	0.0	0.0	0.5133597395985341	0.0	0.0	0.0	0.7421069621982989	0.0	1.001918315285391	0.0	0.0	0.0	0.0	0.0	0.32848838106053374	0.0	0.32848838106053374	0.6426228458347347	0.0	0.0	0.0	0.0	0.5133597395985341	0.0	0.0	0.32848838106053374	0.32848838106053374	0.0	0.0	2.3340542131320072	0.0	0.0	0.32848838106053374	0.0	0.0	0.6426228458347347	0.32848838106053374	0.0	0.0	0.0	0.32848838106053374	0.0	0.0	0.32848838106053374	0.32848838106053374	0.0	0.0	0.0	0.0	0.7421069621982989	0.0	0.0	0.0	0.0	0.32848838106053374	0.0	0.0	0.0	0.8911582687299509	0.32848838106053374	1.8377904772966427	0.5133597395985341	1.3934208462574502	0.6426228458347347
SRR13357697	0.0	0.5202301485506357	0.0	0.0	0.0	0.3337561550714568	0.0	1.8330127052485405	0.0	1.5798871685191498	2.006972315082233	0.0	0.0	0.0	2.562659145303594	0.5202301485506357	2.453854213062169	1.0108198596997195	0.0	2.7523467536569295	0.0	0.0	0.0	2.550104982611862	0.0	0.0	0.8997767094888054	0.0	0.0	0.0	0.0	0.3337561550714568	0.5202301485506357	1.0108198596997195	0.0	0.5202301485506357	0.0	1.79446198347604	0.0	0.0	0.0	4.41066112526628	0.7502099891231239	1.7246362292253672	1.1374131599224555	0.3337561550714568	0.0	0.0	0.5202301485506357	0.5202301485506357	0.0	0.0	1.4587405204092008	0.0	0.0	0.0	0.0	3.3384382867182527	0.0	3.79044430545278	0.0	0.0	0.5202301485506357	0.3337561550714568	0.0	0.8314004419497741	0.0	0.0	0.0	0.0	0.0	0.0	0.0	0.0	0.5202301485506357	0.0	0.0	1.2901355278835795	2.812789828009892	0.3337561550714568	0.0	0.0	0.0	0.0	0.0	0.0	0.0	0.5202301485506357	0.0	0.8997767094888054	0.0	0.0	0.3337561550714568	0.0	0.0	0.3337561550714568	0.0	0.0	0.7502099891231239	0.0	0.0	0.8314004419497741	0.0	1.0991739791916866	0.0	0.0	0.0	0.0	0.0	0.3337561550714568	1.8255714701179866	0.0	0.0	0.9588376856083743	0.0	0.8314004419497741	1.4223227325115375	0.650268628951961	0.0	0.0	0.0	0.8997767094888054	0.0	0.0	0.0	0.5202301485506357	0.0	0.3337561550714568	0.0	0.0	1.6178247505678758	0.3337561550714568	0.0	0.0	0.0	0.0	0.0	0.0	0.0	1.59290474722586	0.650268628951961	2.7229456751846213	0.0	2.0167470185245553	0.7502099891231239
SRR13357698	0.0	0.356766512558727	0.0	0.0	0.0	0.0	0.0	0.4640141441853822	0.21403204629567402	0.9034324212774829	1.0234195416186305	0.0	0.0	0.0	0.549952913468343	0.21403204629567402	4.476375339542104	1.0234195416186305	0.0	0.785009224722502	0.0	0.0	0.0	1.6824461845747163	0.0	0.0	0.356766512558727	0.0	0.0	0.0	0.0	0.0	0.21403204629567402	1.0234195416186305	0.21403204629567402	0.21403204629567402	0.0	0.867430542067885	0.0	0.0	0.0	3.5548032850314706	0.21403204629567402	0.21403204629567402	0.0	1.0729088995769154	0.0	0.0	0.0	0.356766512558727	0.0	0.0	0.6216629307764571	0.0	0.0	0.0	0.0	2.6647760119487147	0.0	2.181712540945968	0.0	0.356766512558727	0.0	0.6831933251388908	0.0	3.4683220294251003	0.0	0.0	0.0	0.0	0.356766512558727	0.0	0.0	0.21403204629567402	0.0	0.0	0.0	0.549952913468343	1.4627758410153642	0.21403204629567402	0.0	0.0	0.0	0.0	0.0	0.0	0.0	0.0	0.0	0.21403204629567402	0.21403204629567402	0.0	0.0	0.0	0.0	0.4640141441853822	0.0	0.0	0.21403204629567402	0.0	0.0	0.0	0.0	0.4640141441853822	0.0	0.0	0.0	0.0	0.0	0.0	1.0488687749502725	0.0	0.0	0.21403204629567402	0.0	0.21403204629567402	0.0	0.21403204629567402	0.0	0.0	0.0	0.0	0.0	0.0	0.356766512558727	0.356766512558727	0.0	0.0	0.0	0.0	0.6216629307764571	0.0	0.0	0.0	0.0	0.21403204629567402	0.0	0.0	0.0	0.4640141441853822	0.21403204629567402	2.528020071607419	0.4640141441853822	0.867430542067885	0.21403204629567402
SRR13357699	0.0	0.3169111077939488	0.0	0.0	0.0	0.0	0.0	0.4169288256816325	0.0	0.18674292863976077	0.0	0.0	0.0	0.0	0.6776718204398027	0.18674292863976077	4.31447895914894	0.8043060493689418	0.18674292863976077	1.6788848305993882	0.0	0.0	0.0	0.6776718204398027	0.0	0.0	0.0	0.0	0.0	0.0	0.0	0.3169111077939488	0.0	1.2052813629584525	0.0	0.0	0.0	0.3169111077939488	0.0	0.0	0.0	4.212471706911764	0.0	0.0	0.4169288256816325	0.8394584848627267	0.0	0.0	0.18674292863976077	0.18674292863976077	0.0	0.0	0.0	0.0	0.0	0.0	0.0	1.6537337731908148	0.0	2.5362578011147336	0.0	0.18674292863976077	0.0	0.3169111077939488	0.3169111077939488	0.4169288256816325	0.0	0.0	0.0	0.0	0.0	0.0	0.0	0.0	0.18674292863976077	0.0	0.0	0.0	1.7381813513812647	0.0	0.0	0.0	0.0	0.0	0.0	0.0	0.0	0.0	0.0	0.6256690631437074	0.0	0.0	0.0	0.0	0.0	0.0	0.0	0.18674292863976077	0.0	0.0	0.0	0.0	0.0	0.3169111077939488	0.0	0.0	0.0	0.0	0.0	0.0	0.4981695889100586	0.0	0.0	0.3169111077939488	0.0	0.0	0.18674292863976077	0.0	0.0	0.0	0.0	0.18674292863976077	0.0	0.0	0.0	0.18674292863976077	0.0	0.0	0.0	0.0	0.3169111077939488	0.0	0.0	0.0	0.0	0.0	0.0	0.0	0.0	0.18674292863976077	0.18674292863976077	2.106495802740875	0.3169111077939488	0.6256690631437074	0.18674292863976077
SRR13357700	0.2924548303323687	0.0	0.0	0.0	0.0	0.0	0.0	0.5891329021324545	0.0	1.3451724927041613	1.7233608374026417	0.0	0.0	0.0	2.109913603779207	0.2924548303323687	1.8521474169600007	0.8879704724023594	0.0	0.5891329021324545	0.0	0.0	0.0	2.0242302567755357	0.4656496576618473	0.0	0.7637637747146526	0.0	0.0	0.0	0.0	0.4656496576618473	0.4656496576618473	1.130065511449958	0.0	0.0	0.0	1.3813232976160592	0.0	0.0	0.0	4.510642295631776	0.0	0.0	0.0	0.0	0.0	0.0	0.0	0.0	0.0	0.5891329021324545	0.0	0.0	0.0	0.2924548303323687	0.0	3.3563318840477696	0.0	3.192202859717048	0.0	0.0	0.0	0.0	0.8879704724023594	1.159944812569496	0.2924548303323687	0.0	0.0	0.2924548303323687	0.0	0.4656496576618473	0.0	0.5891329021324545	0.0	0.0	0.0	0.6851672726829874	1.9322654724021175	0.0	0.0	0.0	0.0	0.0	0.0	0.0	0.0	0.0	0.0	0.984440669047452	0.0	0.0	0.0	0.5891329021324545	0.0	0.2924548303323687	0.0	0.5891329021324545	0.5891329021324545	0.0	0.0	0.2924548303323687	0.0	0.0	0.0	0.0	0.0	0.0	0.0	0.0	1.5629253677400679	0.0	0.0	0.5891329021324545	0.0	0.0	0.4656496576618473	0.4656496576618473	0.0	0.0	0.0	0.984440669047452	0.0	0.0	0.0	0.4656496576618473	0.0	0.0	0.0	0.0	0.984440669047452	0.5891329021324545	0.0	0.0	0.0	0.0	0.0	0.0	0.0	1.2845896935005556	0.0	2.8345713927634724	0.0	1.655150656570156	0.0
SRR13357705	0.0	0.5104192753257746	0.0	0.0	0.0	0.0	0.0	0.5104192753257746	0.0	0.0	0.0	0.326239783781386	0.0	0.0	1.5527346647509739	0.0	4.190921349513451	0.6393463329231144	0.0	0.9980957244561629	0.0	0.0	0.326239783781386	2.9654338843021297	0.0	0.0	0.8193896194742886	0.0	0.0	0.0	0.0	0.0	0.0	1.0443743002477677	0.0	0.0	0.0	0.5104192753257746	0.0	0.0	0.0	4.2207887201782155	0.0	0.5104192753257746	0.5104192753257746	0.6393463329231144	0.0	0.0	0.0	0.0	0.0	0.0	2.8489920122727144	0.0	0.0	0.6393463329231144	0.0	1.1243360037254466	0.0	2.5790990389661803	0.0	0.0	0.0	0.8193896194742886	0.326239783781386	0.6393463329231144	0.0	0.0	0.0	0.0	0.0	0.0	0.0	1.8336051637645778	0.0	0.0	0.326239783781386	0.0	2.1314381296156757	0.0	0.326239783781386	0.0	0.0	0.0	0.0	0.0	0.0	0.0	0.0	0.7386318753542391	0.0	0.0	0.0	0.6393463329231144	0.0	1.427311028834019	0.0	0.326239783781386	0.326239783781386	0.0	0.0	0.326239783781386	0.0	0.0	0.326239783781386	0.0	0.0	0.0	0.0	0.5104192753257746	2.179026301980898	0.0	0.5104192753257746	1.1918394055005068	0.5104192753257746	0.0	2.968058366756318	0.5104192753257746	0.0	0.0	0.0	3.2977187262849474	0.0	0.0	0.0	0.326239783781386	0.0	0.0	0.0	0.326239783781386	0.0	0.0	0.0	0.0	0.0	0.0	0.0	0.0	0.0	0.0	0.0	1.4622223925527424	0.326239783781386	0.326239783781386	0.0
SRR13357706	0.33721631014375125	0.7555039808898331	0.0	0.0	0.0	0.33721631014375125	0.0	1.1433776976135637	0.0	0.0	0.0	0.33721631014375125	0.0	0.0	1.7843530996906636	0.33721631014375125	3.778421108584917	1.0631100546802454	0.0	1.4820812778958754	0.0	0.33721631014375125	0.0	2.403744009350937	0.0	0.0	0.33721631014375125	0.0	0.0	0.0	0.0	0.5247293068112214	0.0	1.3887346285100808	0.0	0.0	0.0	0.964565333701115	0.0	0.0	0.33721631014375125	4.329154494047149	0.0	0.8368883353942103	0.5247293068112214	0.33721631014375125	0.0	0.0	0.0	2.753402027272427	0.0	0.33721631014375125	2.0556963916690387	0.6552682073458338	0.0	0.33721631014375125	0.0	1.3673911219012422	0.0	2.8298988800607896	0.0	0.0	0.0	1.8609414079605007	0.8368883353942103	0.5247293068112214	0.0	0.0	0.0	0.0	0.33721631014375125	0.0	0.0	1.7584699078733785	0.0	0.0	0.0	0.0	1.8166263492005146	0.0	0.0	0.0	0.0	0.0	0.0	0.0	0.0	0.5247293068112214	0.0	0.964565333701115	0.5247293068112214	0.0	0.0	0.0	0.0	1.0166267867828105	0.0	0.33721631014375125	0.0	0.33721631014375125	0.0	0.0	0.0	0.0	0.0	0.0	0.0	0.0	0.0	0.33721631014375125	2.1962127302587056	0.0	0.0	1.0166267867828105	0.5247293068112214	0.0	0.7555039808898331	0.33721631014375125	0.0	0.0	0.0	2.950317021340653	0.0	0.0	0.0	0.5247293068112214	0.0	0.0	0.0	0.6552682073458338	0.0	0.33721631014375125	0.0	0.0	0.33721631014375125	0.0	0.0	0.0	0.0	1.8815110523859104	1.0631100546802454	2.9274341164965656	3.794834003104941	0.9054019594342467	0.33721631014375125
SRR13357710	0.0	0.3588431689633573	0.0	0.0	0.0	0.21547544383213602	0.0	0.5526131251592691	0.0	0.7401026307191912	0.9997139267805079	0.0	0.0	0.0	1.1610720610599425	0.0	4.523570684661354	1.2635045387955348	0.0	0.6244815532140282	0.0	0.0	0.0	2.3766512666828543	0.0	0.0	0.46644651767182077	0.0	0.0	0.0	0.0	0.21547544383213602	0.21547544383213602	1.0522393556686802	0.0	0.0	0.0	0.9399504130215091	0.0	0.0	0.0	3.1445677753036465	0.21547544383213602	0.7401026307191912	0.3588431689633573	0.3588431689633573	0.0	0.0	0.3588431689633573	1.9134998594902621	0.0	0.0	0.0	0.0	0.0	0.0	0.0	2.548598650824217	0.0	1.120749885180751	0.0	0.0	0.21547544383213602	0.6861284692635853	0.0	2.502012688019395	0.0	0.0	0.0	0.0	0.0	0.0	0.0	0.0	0.0	0.3588431689633573	0.0	0.46644651767182077	1.5115752743199826	0.21547544383213602	0.0	0.0	0.0	0.0	0.0	0.0	0.0	0.0	0.0	0.3588431689633573	0.0	0.0	0.0	0.3588431689633573	0.0	0.7881043070585325	0.0	0.0	0.3588431689633573	0.0	0.0	0.0	0.0	0.3588431689633573	0.0	0.0	0.0	0.0	0.0	0.0	0.9708593712369642	0.0	0.0	0.3588431689633573	0.0	0.0	0.21547544383213602	0.0	0.0	0.0	0.0	0.5526131251592691	0.0	0.0	0.21547544383213602	0.46644651767182077	0.0	0.0	0.21547544383213602	0.0	0.5526131251592691	0.0	0.0	0.0	0.0	0.0	0.0	0.0	0.0	0.8313245575751949	0.46644651767182077	3.1485493131186204	2.417984634241457	1.0522393556686802	0.21547544383213602
SRR13357711	0.0	0.2175435120318756	0.0	0.0	0.0	0.0	0.0	0.2175435120318756	0.0	0.6285045542343963	0.9755670062279369	0.0	0.0	0.0	1.587858253506404	0.0	4.5353243747356675	0.9446166882529253	0.0	0.6903164229132442	0.0	0.0	0.0	1.68544185594976	0.36181330033867254	0.0	0.4699219641106731	0.0	0.0	0.0	0.2175435120318756	0.36181330033867254	0.36181330033867254	0.744416939392158	0.0	0.0	0.0	0.7925185014860281	0.0	0.0	0.0	3.3672553479979617	0.0	0.36181330033867254	0.0	0.2175435120318756	0.0	0.0	0.4699219641106731	0.0	0.0	0.0	0.36181330033867254	0.0	0.0	0.0	0.0	2.7468240362474314	0.0	0.4699219641106731	0.0	0.0	0.0	0.2175435120318756	0.0	1.0315455965159293	0.0	0.0	0.0	0.0	0.0	0.0	0.0	0.0	0.0	0.0	0.0	0.36181330033867254	1.4315093599591089	0.2175435120318756	0.0	0.0	0.0	0.0	0.0	0.0	0.0	0.0	0.0	0.0	0.0	0.0	0.0	0.0	0.0	0.0	0.0	0.0	0.0	0.0	0.0	0.4699219641106731	0.0	0.36181330033867254	0.0	0.0	0.0	0.0	0.0	0.2175435120318756	0.6903164229132442	0.0	0.36181330033867254	0.2175435120318756	0.0	0.2175435120318756	0.36181330033867254	0.0	0.0	0.0	0.0	0.0	0.0	0.0	0.2175435120318756	0.0	0.0	0.0	0.0	0.0	0.6903164229132442	0.36181330033867254	0.0	0.0	0.0	0.0	0.0	0.0	0.0	0.7925185014860281	0.7925185014860281	2.345230038040168	0.0	1.0044576010254356	0.0
SRR13357712	0.0	0.0	0.0	0.0	0.0	0.0	0.0	0.0	0.0	0.0	0.5243589611772503	0.0	0.0	0.0	0.9640944761989972	0.0	4.51995303052394	0.9355233791757223	0.0	0.5243589611772503	0.0	0.0	0.0	2.6509560297485906	0.0	0.0	0.0	0.0	0.0	0.0	0.0	0.2003520447505175	0.0	0.8364370735011653	0.0	0.0	0.0	0.2003520447505175	0.0	0.0	0.0	3.4655822583155502	0.0	0.2003520447505175	0.0	0.3369311770480974	0.0	0.0	0.0	0.2003520447505175	0.0	0.0	0.0	0.0	0.0	0.0	0.0	2.9605153299631044	0.0	0.3369311770480974	0.0	0.0	0.0	0.5944911385802336	0.0	0.6548568871140725	0.0	0.0	0.0	0.0	0.0	0.0	0.0	0.2003520447505175	0.0	0.0	0.0	0.0	1.5722099465888324	0.0	0.0	0.0	0.0	0.0	0.0	0.0	0.0	0.2003520447505175	0.0	0.0	0.0	0.0	0.0	0.2003520447505175	0.0	0.990901417848612	0.0	0.0	0.0	0.0	0.0	0.0	0.0	0.0	0.0	0.0	0.0	0.0	0.0	0.0	0.3369311770480974	0.0	0.3369311770480974	0.0	0.0	0.0	0.3369311770480974	0.0	0.0	0.0	0.0	0.0	0.0	0.0	0.2003520447505175	0.2003520447505175	0.0	0.0	0.0	0.0	0.0	0.2003520447505175	0.0	0.0	0.0	0.0	0.0	0.0	0.0	0.3369311770480974	0.6548568871140725	2.119644448494726	0.3369311770480974	0.2003520447505175	0.4406785529252595
SRR13357713	0.0	2.934344305235329	0.30145921576694457	0.0	0.0	0.0	0.0	0.30145921576694457	0.30145921576694457	0.0	0.47769345397423035	0.0	0.0	0.0	1.2560828983895234	0.30145921576694457	4.057114676967253	1.0007722910190957	0.0	2.719358066336657	0.0	0.0	0.0	3.059662754475407	0.0	0.0	0.6027036625102682	0.0	0.0	0.0	0.0	0.30145921576694457	0.0	1.301845151498553	0.0	0.47769345397423035	0.0	1.1469248213956547	0.0	0.0	0.0	4.334385855172342	0.0	0.6027036625102682	0.30145921576694457	0.8458335863953101	0.0	0.30145921576694457	0.6027036625102682	0.30145921576694457	0.0	0.30145921576694457	1.8203889643521578	0.0	0.0	0.0	0.0	1.8070245969251235	0.0	3.1356717583164007	0.0	0.0	0.0	0.7788663817334736	0.0	0.9038408440166648	0.0	0.0	0.0	0.7788663817334736	0.0	0.0	0.0	2.4706771267291554	0.0	0.0	0.0	0.0	2.0051709032936387	0.0	0.0	0.0	0.0	0.0	0.0	0.0	0.0	0.0	0.0	0.8458335863953101	0.0	0.0	0.0	0.30145921576694457	0.0	1.6442912113461137	0.0	0.30145921576694457	0.30145921576694457	0.0	0.0	0.30145921576694457	0.0	0.30145921576694457	0.0	0.0	0.0	0.0	0.0	0.0	0.9550052743692964	0.0	0.0	0.47769345397423035	0.0	0.30145921576694457	0.47769345397423035	0.0	0.0	0.0	0.0	0.47769345397423035	0.0	0.0	0.30145921576694457	0.30145921576694457	0.0	0.0	0.0	0.0	0.0	0.0	0.0	0.0	0.0	0.0	0.0	0.0	0.0	0.47769345397423035	0.7788663817334736	1.1147354276126376	0.699656553029817	0.47769345397423035	0.0
SRR13357718	0.0	0.19710271566277748	0.0	0.0	0.0	0.0	0.0	0.19710271566277748	0.19710271566277748	0.7007457789836598	1.0545515107930232	0.0	0.0	0.0	2.754263117219786	0.0	4.35054282457674	0.6479822586038829	0.0	0.33217787520801906	0.0	0.0	0.0	0.7007457789836598	0.19710271566277748	0.0	1.1863595285903776	0.0	0.0	0.0	0.0	0.33217787520801906	0.43505809121603645	0.7007457789836598	0.0	0.0	0.0	0.9277099274492425	0.0	0.0	0.0	3.6518171733319638	0.0	0.0	0.19710271566277748	0.0	0.0	0.0	0.5181743592283665	0.19710271566277748	0.0	0.0	0.0	0.0	0.0	0.0	0.0	2.8587717843963243	0.0	1.3797442498322212	0.0	0.0	0.19710271566277748	0.19710271566277748	0.0	1.2608022774555998	0.0	0.0	0.0	0.0	0.0	0.0	0.0	0.0	0.0	0.0	0.0	0.43505809121603645	1.9733381958177303	0.0	0.0	0.0	0.0	0.19710271566277748	0.0	0.0	0.0	0.19710271566277748	0.0	0.33217787520801906	0.0	0.0	0.0	0.0	0.0	0.0	0.0	0.0	0.58791020864328	0.0	0.0	0.33217787520801906	0.0	0.0	0.0	0.0	0.0	0.0	0.0	0.0	0.7477877790042536	0.0	0.0	0.19710271566277748	0.0	0.0	0.43505809121603645	0.0	0.0	0.0	0.0	0.19710271566277748	0.0	0.0	0.43505809121603645	0.43505809121603645	0.0	0.0	0.0	0.0	0.19710271566277748	0.0	0.0	0.0	0.0	0.0	0.0	0.0	0.0	0.43505809121603645	0.33217787520801906	2.788865003732446	3.9339594357490215	1.1159916797409344	0.19710271566277748
SRR13357719	0.0	0.635283324539955	0.0	0.0	0.0	0.0	0.0	0.4247188947756601	0.2623328189180358	0.882866696171849	1.1008192183513523	0.5426393646565875	0.0	0.0	2.6853829571240637	0.0	4.126107028329552	0.4247188947756601	0.0	0.2623328189180358	0.0	0.0	0.0	0.9276534019641132	0.0	0.0	2.068669029113867	0.0	0.0	0.0	0.0	0.2623328189180358	0.5426393646565875	0.635283324539955	0.0	0.0	0.0	1.1008192183513523	0.0	0.0	0.0	3.7483272520829787	0.4247188947756601	0.0	0.2623328189180358	0.4247188947756601	0.0	0.0	0.635283324539955	0.0	0.0	0.2623328189180358	0.2623328189180358	0.0	0.0	0.4247188947756601	0.0	3.0748226340489406	0.0	1.6447741638857927	0.0	0.0	0.4247188947756601	0.5426393646565875	0.0	2.207078905230919	0.0	0.0	0.0	0.0	0.2623328189180358	0.0	0.0	0.0	0.0	0.0	0.0	0.882866696171849	1.8692091251005742	0.0	0.0	0.0	0.0	0.0	0.0	0.0	0.0	0.0	0.0	0.2623328189180358	0.0	0.0	0.0	0.0	0.0	0.0	0.0	0.4247188947756601	0.5426393646565875	0.0	0.0	0.4247188947756601	0.0	0.4247188947756601	0.0	0.0	0.0	0.0	0.0	0.2623328189180358	0.882866696171849	0.0	0.2623328189180358	0.4247188947756601	0.0	0.0	0.635283324539955	0.4247188947756601	0.0	0.0	0.0	0.2623328189180358	0.0	0.0	0.4247188947756601	0.0	0.0	0.0	0.0	0.0	0.7764839998073432	0.2623328189180358	0.0	0.0	0.2623328189180358	0.0	0.0	0.0	0.0	0.9682501914416636	0.8329246110448567	3.59369729649145	4.097138139295405	1.5231032160314135	0.0
SRR13357720	0.0	0.5060941905487597	0.0	0.0	0.0	0.0	0.0	0.0	0.0	0.392927200890983	0.0	0.0	0.0	0.0	0.7888457726866795	0.0	4.446975838326369	1.1305310465154106	0.0	0.9220269781519618	0.0	0.239463385493311	0.0	0.5957848885244288	0.0	0.0	0.392927200890983	0.0	0.0	0.0	0.239463385493311	0.0	0.239463385493311	1.106207181580859	0.0	0.0	0.0	0.392927200890983	0.0	0.0	0.0	3.2940562692746203	0.0	0.239463385493311	0.239463385493311	0.5957848885244288	0.0	0.0	0.239463385493311	0.0	0.0	0.0	0.0	0.0	0.0	0.7335126011145211	0.0	3.875587551670455	0.0	1.760764878472249	0.0	0.0	0.0	0.6700857132259989	0.0	0.392927200890983	0.0	0.0	0.0	0.0	0.0	0.0	0.0	0.0	0.0	0.0	0.0	0.0	1.053046503565676	0.0	0.0	0.0	0.0	0.239463385493311	0.0	0.0	0.0	0.0	0.0	0.392927200890983	0.0	0.0	0.0	0.0	0.239463385493311	0.239463385493311	0.0	0.0	0.0	0.0	0.0	0.0	0.0	0.5060941905487597	0.0	0.0	0.0	0.0	0.0	0.0	0.7335126011145211	0.0	0.0	0.239463385493311	0.0	0.0	0.0	0.0	0.0	0.0	0.0	0.0	0.0	0.0	0.392927200890983	0.0	0.0	0.0	0.0	0.0	0.0	0.0	0.0	0.0	0.0	0.0	0.0	0.0	0.0	0.0	0.5060941905487597	0.5957848885244288	0.5957848885244288	0.5957848885244288	0.0
SRR13357721	0.29697870184523106	3.1189701947247035	0.0	0.0	0.0	0.0	0.0	0.5959687897873385	0.0	0.0	0.0	0.29697870184523106	0.0	0.0	1.0339983539512834	0.0	4.3823884677681235	1.673271665760145	0.0	0.5959687897873385	0.0	0.0	0.0	0.0	0.0	0.0	0.0	0.29697870184523106	0.0	0.0	0.0	0.0	0.0	1.6255187824301993	0.0	0.0	0.0	0.29697870184523106	0.0	0.0	0.0	4.069808949174784	0.0	0.0	0.29697870184523106	1.39012784879609	0.0	0.0	0.0	0.0	0.0	0.0	0.0	0.0	0.0	0.0	0.0	1.2475880577528602	0.0	2.173756911096547	0.0	0.0	0.0	1.6048435015629723	0.0	0.29697870184523106	0.0	0.0	0.0	0.0	0.0	0.0	0.0	0.5959687897873385	0.0	0.0	0.0	0.0	1.8180566987641802	0.0	0.0	0.0	0.0	0.7713779447937503	0.0	0.0	0.0	0.0	0.0	0.47171108759365543	0.0	0.0	0.0	0.0	0.0	0.0	0.0	0.0	0.0	0.0	0.0	0.0	0.0	0.0	0.0	0.0	0.0	0.0	0.0	0.0	0.47171108759365543	0.0	0.0	0.0	0.0	0.0	0.29697870184523106	0.0	0.0	0.0	0.0	0.0	0.0	0.0	0.8381296506190969	0.0	0.0	0.0	0.0	0.0	0.0	0.0	0.0	0.0	0.0	0.0	0.0	0.0	0.0	0.692469668937011	0.895975227213407	0.5959687897873385	0.7713779447937503	0.0	0.29697870184523106
SRR13357740	0.0	0.8196638953956945	0.0	0.0	0.0	0.0	0.0	0.6990831102335993	0.0	0.4150603551218087	0.53157871789245	0.0	0.0	0.0	1.4503854734802073	0.0	1.6043639145525967	0.0	0.0	3.579764904462725	0.0	0.0	0.0	1.9796882707654229	0.0	0.0	0.0	0.0	0.0	0.0	0.0	0.0	0.0	0.2553353453496851	0.0	0.4150603551218087	0.0	0.6990831102335993	0.0	0.0	0.0	2.5469303280530293	0.0	0.4150603551218087	0.0	0.2553353453496851	0.0	0.0	0.0	0.0	0.0	0.0	0.0	0.0	0.0	0.0	0.0	1.7620667705994901	0.2553353453496851	0.8196638953956945	0.0	0.0	0.0	0.2553353453496851	0.0	1.354243562236872	0.0	0.0	0.0	0.0	0.2553353453496851	0.0	0.0	0.0	0.0	0.0	0.0	0.4150603551218087	4.1162507810139415	0.0	0.0	0.0	0.0	0.0	0.0	0.0	0.0	0.4150603551218087	0.0	1.2096476666224008	0.0	0.0	0.0	0.0	0.0	0.4150603551218087	0.0	0.4150603551218087	0.2553353453496851	0.0	0.0	0.2553353453496851	0.0	0.0	0.0	0.0	0.0	0.0	0.0	0.4150603551218087	0.0	0.0	0.0	0.0	0.0	0.0	0.4150603551218087	0.0	0.0	0.0	0.0	0.8693539950861164	0.0	0.0	0.0	0.0	0.0	0.0	0.0	0.0	0.0	0.0	0.0	0.0	0.0	0.0	0.0	0.0	0.0	0.0	0.4150603551218087	4.303013206799807	0.2553353453496851	0.4150603551218087	0.2553353453496851
SRR13357742	0.0	0.2804266979004525	0.0	0.0	0.0	0.0	0.0	0.44942710429332755	0.2804266979004525	0.5707765212238857	1.1908172844618155	0.5707765212238857	0.0	0.0	1.657623266297256	0.2804266979004525	3.137348199807863	0.7432485485147656	0.0	3.3405227138535927	0.0	0.0	0.0	2.593353481957744	0.7432485485147656	0.0	0.0	0.0	0.0	0.0	0.0	0.2804266979004525	0.0	0.9621800385975834	0.0	0.0	0.0	1.1070517963862545	0.0	0.0	0.0	4.455817002859652	0.2804266979004525	0.0	0.7432485485147656	0.2804266979004525	0.0	0.2804266979004525	0.0	0.2804266979004525	0.0	0.0	0.0	0.0	0.0	0.0	0.0	2.4350361528252518	0.2804266979004525	0.2804266979004525	0.0	0.0	0.0	0.44942710429332755	0.0	0.7432485485147656	0.0	0.0	0.0	0.0	0.0	0.0	0.0	0.9621800385975834	0.0	0.0	0.0	0.44942710429332755	3.3268162590350863	0.0	0.0	0.0	0.0	0.0	0.0	0.0	0.0	0.44942710429332755	0.0	1.1368052863533327	0.0	0.0	0.0	0.44942710429332755	0.0	1.2154967601924007	0.2804266979004525	0.2804266979004525	0.44942710429332755	0.0	0.0	0.2804266979004525	0.0	0.0	0.0	0.0	0.0	0.0	0.0	0.2804266979004525	0.9169101208196488	0.0	0.0	0.0	0.2804266979004525	0.0	0.6655186165174899	0.0	0.0	0.0	0.0	0.5707765212238857	0.0	0.0	0.0	0.2804266979004525	0.0	0.0	0.0	0.0	0.5707765212238857	0.0	0.0	0.0	0.0	0.0	0.0	0.0	0.0	0.6655186165174899	0.5707765212238857	3.399478251369434	0.44942710429332755	1.1070517963862545	0.2804266979004525
SRR13357743	0.0	0.6671990308837319	0.0	0.0	0.0	0.0	0.0	0.8109662366939758	0.0	1.6140541886712758	1.9241534597413028	1.323459423828806	0.28144711677199497	0.0	1.8525420798569172	0.28144711677199497	1.9048690329268485	0.918793567333582	0.0	3.8082276167833093	0.0	0.0	0.0	3.3105636983694975	0.0	0.0	1.166646398260554	0.0	0.0	0.0	0.0	0.8109662366939758	0.9640891139585289	0.0	0.0	0.0	0.0	1.874235095275427	0.0	0.0	0.0	3.6415210987535143	0.6671990308837319	0.0	1.166646398260554	0.4508094829115067	0.0	0.28144711677199497	0.5723442687097959	0.5723442687097959	0.0	0.28144711677199497	0.5723442687097959	0.0	0.0	0.0	0.0	3.6296070512350327	0.28144711677199497	0.7450046862708506	0.0	0.28144711677199497	0.6671990308837319	0.28144711677199497	0.0	1.5630180652936547	0.0	0.0	0.0	0.0	0.6671990308837319	0.0	0.0	0.28144711677199497	0.4508094829115067	0.0	0.0	1.376495068229174	2.053669615089965	0.0	0.0	0.0	0.0	0.0	0.0	0.0	0.0	0.5723442687097959	0.0	0.0	0.0	0.0	0.0	2.06744732318258	0.0	2.0056105440761636	0.0	0.28144711677199497	1.1090270326601157	0.0	0.0	0.8109662366939758	0.28144711677199497	1.240867843868465	0.0	0.0	0.0	0.0	0.0	0.28144711677199497	1.8999110931467529	0.0	0.0	1.0425765215057432	0.0	0.9640891139585289	1.304236915892864	0.8109662366939758	0.28144711677199497	0.0	0.0	0.5723442687097959	0.0	0.0	0.0	0.4508094829115067	0.0	0.0	0.4508094829115067	0.0	1.26303425976492	0.4508094829115067	0.0	0.0	0.0	0.0	0.0	0.0	0.0	1.6509617223625126	0.28144711677199497	4.285488574033098	0.28144711677199497	2.103226206294733	0.6671990308837319
SRR13357744	0.0	1.1140631956233853	0.0	0.0	0.0	0.0	0.0	0.4772078115431996	0.0	1.3425466091234994	1.623376028454757	0.30109491489887663	0.0	0.0	2.36185710039567	0.0	2.873450256808096	2.1462569372344906	0.0	1.544194164262468	0.0	0.30109491489887663	0.0	2.499816500596065	0.0	0.0	0.9032035892853822	0.0	0.0	0.0	0.0	0.0	0.6021573665415701	1.699097236907973	0.30109491489887663	0.30109491489887663	0.30109491489887663	1.4472832240357654	0.0	0.0	0.0	4.050277475221945	0.0	0.30109491489887663	1.0415107129136647	1.544194164262468	0.0	0.0	0.4772078115431996	0.6021573665415701	0.0	0.30109491489887663	0.845209324190555	0.0	0.0	0.0	0.0	3.399803498531137	0.4772078115431996	1.176212433778886	0.0	0.30109491489887663	0.30109491489887663	1.6533394578802258	0.0	0.9543579147042076	0.0	0.0	0.0	0.30109491489887663	0.30109491489887663	0.30109491489887663	0.0	0.30109491489887663	0.0	0.30109491489887663	0.0	0.9032035892853822	2.2879308895762613	0.30109491489887663	0.0	0.0	0.0	0.6990738704543167	0.0	0.0	0.0	0.4772078115431996	0.0	1.1140631956233853	0.0	0.0	0.0	0.7782594437178398	0.0	0.4772078115431996	0.0	0.4772078115431996	0.9032035892853822	0.0	0.0	0.6021573665415701	0.0	0.4772078115431996	0.0	0.0	0.0	0.0	0.0	0.0	1.3618520208625395	0.0	0.0	0.845209324190555	0.4772078115431996	0.0	0.7782594437178398	0.6021573665415701	0.0	0.0	0.0	2.2042490001136263	0.0	0.0	0.6021573665415701	0.30109491489887663	0.0	0.0	0.0	0.0	1.0001168476366489	0.4772078115431996	0.0	0.0	0.30109491489887663	0.4772078115431996	0.30109491489887663	0.0	0.30109491489887663	1.4472832240357654	0.6990738704543167	4.333859145903853	0.6021573665415701	1.740490158084569	0.6021573665415701
SRR13357754	0.0	0.40185125124006	0.24583538308761316	0.0	0.0	0.24583538308761316	0.0	0.6818326989816162	0.0	0.24583538308761316	0.24583538308761316	0.0	0.0	0.0	1.1199461489065905	0.24583538308761316	4.2201826500829585	1.0666358331850319	0.0	1.8176394378008875	0.0	0.24583538308761316	0.0	2.4297208346807646	0.0	0.0	0.516393218965197	0.0	0.0	0.0	0.0	0.24583538308761316	0.0	1.144332591656597	0.0	0.24583538308761316	0.0	0.8013459470770995	0.0	0.0	0.0	4.245216041387969	0.0	0.40185125124006	0.606943565382584	0.9719430805334981	0.0	0.0	0.24583538308761316	1.961875030917816	0.0	0.40185125124006	3.320784836961457	0.0	0.0	0.24583538308761316	0.0	1.3486286629034892	0.0	1.7641621011624684	0.0	0.40185125124006	0.24583538308761316	1.0373072687175844	0.24583538308761316	0.516393218965197	0.24583538308761316	0.0	0.0	0.24583538308761316	0.0	0.0	0.0	2.132744861378284	0.0	0.0	0.0	0.0	1.3179383727407836	0.0	0.516393218965197	0.0	0.0	0.0	0.0	0.0	0.0	0.24583538308761316	0.0	0.516393218965197	0.40185125124006	0.0	0.0	0.0	0.0	1.0058537334736892	0.0	0.0	0.0	0.0	0.0	0.0	0.0	0.7456875137840737	0.0	0.0	0.0	0.0	0.40185125124006	0.606943565382584	2.389839102197191	0.0	0.0	0.0	0.0	0.0	0.0	0.0	0.0	0.0	0.0	0.9351586352068868	0.0	0.0	0.0	0.24583538308761316	0.0	0.0	0.0	0.0	0.24583538308761316	0.0	0.0	0.0	0.24583538308761316	0.24583538308761316	0.0	0.0	0.0	0.24583538308761316	0.0	2.4904218503842586	0.24583538308761316	0.24583538308761316	0.24583538308761316
SRR13357755	0.0	0.5627851980949472	0.0	0.0	0.0	0.0	0.0	0.907288097191732	0.0	0.2752453131532154	0.2752453131532154	0.0	0.0	0.0	1.250653047901371	0.2752453131532154	3.94301340926581	0.5627851980949472	0.0	2.6888441828731366	0.0	0.0	0.0	0.2752453131532154	0.0	0.0	0.6569461662731635	0.0	0.0	0.0	0.0	0.0	0.0	0.7342850005875505	0.0	0.0	0.0	0.0	0.0	0.0	0.0	3.788357910412759	0.0	0.2752453131532154	0.6569461662731635	0.4423898835519293	0.0	0.0	0.2752453131532154	0.0	0.0	0.0	3.0509926685995965	0.0	0.0	0.0	0.0	1.250653047901371	0.2752453131532154	2.5576014427961935	0.0	0.2752453131532154	0.0	1.0969542708507363	0.0	0.907288097191732	0.0	0.0	0.0	0.0	0.2752453131532154	0.0	0.0	0.7342850005875505	0.0	0.0	0.0	0.0	2.368620834562135	0.0	0.5627851980949472	0.0	0.0	0.0	0.0	0.0	0.0	0.2752453131532154	0.0	0.2752453131532154	0.0	0.0	0.0	0.2752453131532154	0.0	0.0	0.0	0.2752453131532154	0.0	0.0	0.0	0.2752453131532154	0.0	0.6569461662731635	0.0	0.0	0.0	0.0	0.0	0.0	0.4423898835519293	0.0	0.0	0.2752453131532154	0.2752453131532154	0.0	0.2752453131532154	0.0	0.0	0.0	0.0	0.7342850005875505	0.0	0.0	0.0	0.0	0.0	0.0	0.0	0.0	0.0	0.0	0.0	0.0	0.952425311390067	0.0	0.0	0.0	0.0	0.5627851980949472	0.5627851980949472	2.555467996353811	4.301470457506699	0.2752453131532154	0.0
SRR13357761	0.25549562604624626	0.5318332320719921	0.0	0.0	0.0	0.0	0.0	2.5512178732011077	0.0	0.5318332320719921	0.41528225414764247	0.0	0.0	0.0	2.3206457472628523	0.25549562604624626	2.00824471196807	1.0573627126577392	0.0	1.9498862319977586	0.0	0.0	0.0	1.711455221712274	0.0	0.0	0.5318332320719921	0.0	0.0	0.0	0.0	0.41528225414764247	0.0	0.7638433681857869	0.0	0.25549562604624626	0.0	0.41528225414764247	0.0	0.0	0.0	4.290754652664178	0.0	1.9689794163025915	0.0	0.41528225414764247	0.0	0.0	0.0	0.25549562604624626	0.0	0.25549562604624626	0.0	0.0	0.0	0.0	0.0	4.116930233738607	0.41528225414764247	0.6236317132907954	0.0	0.0	0.0	0.5318332320719921	0.0	1.8134075011153303	0.0	0.0	0.0	0.0	0.41528225414764247	0.0	0.0	0.25549562604624626	0.41528225414764247	0.0	0.0	0.0	3.3873571843901225	0.41528225414764247	0.0	0.0	0.0	0.0	0.0	0.0	0.0	1.508342155692756	0.0	0.8696657955748957	0.0	0.0	0.0	0.7638433681857869	0.0	0.41528225414764247	0.0	0.0	0.25549562604624626	0.0	0.0	0.0	0.0	1.9003160463844448	0.0	0.0	0.0	0.0	0.0	0.0	0.9546886367545735	0.0	0.0	0.0	0.0	0.0	0.41528225414764247	0.25549562604624626	0.41528225414764247	0.0	0.0	0.9916767529660767	0.0	0.0	0.25549562604624626	0.25549562604624626	0.0	0.0	0.0	0.0	0.0	0.25549562604624626	0.0	0.0	0.0	0.25549562604624626	0.0	0.0	0.0	0.41528225414764247	1.1403446001643232	3.141198050792836	0.6236317132907954	0.41528225414764247	0.6236317132907954
SRR13357772	0.0	3.716655515504497	0.0	0.0	0.0	0.0	0.0	0.7457134743960531	0.0	0.5729772137953075	0.0	0.0	0.0	0.0	1.2183206964068942	0.28185945372329335	3.8947208400664457	0.28185945372329335	0.0	3.5703779534248437	0.0	0.0	0.0	2.9033244250422934	0.0	0.0	0.0	0.0	0.0	0.0	0.0	0.0	0.0	0.28185945372329335	0.0	0.28185945372329335	0.0	0.8116969132637882	0.0	0.0	0.0	3.5003631920799396	0.0	0.4513677562700231	0.4513677562700231	0.28185945372329335	0.0	0.0	0.28185945372329335	0.0	0.0	0.0	1.506012853059378	0.0	0.0	0.0	0.0	1.6148972951439997	0.0	2.0946141187180105	0.0	0.0	0.0	0.5729772137953075	0.0	0.4513677562700231	0.0	0.0	0.0	0.0	0.0	0.0	0.0	0.0	0.0	0.0	0.0	0.0	4.079801398941102	0.0	0.0	0.0	0.0	0.0	0.0	0.0	0.0	1.0433623517624795	0.0	0.7457134743960531	0.0	0.0	0.0	0.4513677562700231	0.0	0.8116969132637882	0.0	0.0	0.0	0.0	0.0	0.28185945372329335	0.0	0.0	0.0	0.0	0.0	0.0	0.0	0.0	0.919553581896562	0.0	0.0	0.0	0.0	0.0	0.28185945372329335	0.0	0.0	0.0	0.0	3.581959560542856	0.0	0.0	0.0	0.0	0.0	0.0	0.0	0.0	0.28185945372329335	0.0	0.0	0.0	0.0	0.0	0.0	0.0	0.0	0.0	0.28185945372329335	2.889217718348374	0.0	0.5729772137953075	0.4513677562700231
SRR13357773	0.23205257922328193	2.714332705999066	0.0	0.0	0.0	0.0	0.0	0.49399683589983095	0.0	0.0	0.23205257922328193	0.0	0.0	0.0	1.0899271172379221	0.0	4.314624215893315	0.866677177261147	0.0	2.4326524774280522	0.0	0.0	0.0	2.8594587038127126	0.0	0.0	0.49399683589983095	0.0	0.0	0.0	0.0	0.0	0.0	0.8228419965690775	0.0	0.0	0.0	0.9766006438250265	0.0	0.0	0.0	4.180762183196248	0.0	0.23205257922328193	0.23205257922328193	0.23205257922328193	0.0	0.0	0.0	0.0	0.0	0.0	0.0	0.0	0.0	0.0	0.0	1.3320823875982972	0.0	1.9507839469419588	0.0	0.23205257922328193	0.0	0.7740804575600977	0.0	0.9766006438250265	0.0	0.0	0.0	0.23205257922328193	0.23205257922328193	0.0	0.0	1.346131244009148	0.0	0.0	0.0	0.23205257922328193	1.58470784029308	0.0	0.0	0.0	0.0	0.0	0.0	0.0	0.0	0.0	0.0	0.7191434158411883	0.0	0.0	0.0	0.23205257922328193	0.0	1.2708470220820838	0.0	0.0	0.0	0.0	0.0	0.0	0.0	0.49399683589983095	0.0	0.0	0.0	0.0	0.0	0.0	0.6562366909745364	0.0	0.0	0.23205257922328193	0.0	0.0	0.49399683589983095	0.0	0.0	0.0	0.0	0.3824813465655197	0.0	0.0	0.3824813465655197	0.0	0.0	0.0	0.23205257922328193	0.0	0.0	0.23205257922328193	0.0	0.0	0.23205257922328193	0.0	0.0	0.0	0.0	0.49399683589983095	0.23205257922328193	1.4220380427058328	1.35973984292173	0.23205257922328193	0.23205257922328193
SRR13357774	0.5820896441016552	2.663416026359626	0.0	0.0	0.0	0.0	0.0	0.5820896441016552	0.0	0.5820896441016552	0.0	0.0	0.0	0.0	1.421309042120878	0.0	4.475195209875957	0.8221983184307069	0.0	0.5820896441016552	0.0	0.0	0.0	0.9759229736650283	0.0	0.0	0.0	0.0	0.0	0.0	0.0	0.0	0.0	0.8221983184307069	0.0	0.0	0.0	0.9759229736650283	0.0	0.0	0.0	3.8160261915712748	0.0	0.0	0.5820896441016552	0.8221983184307069	0.0	0.0	0.0	0.0	0.0	0.0	0.5820896441016552	0.0	0.0	0.0	0.0	2.2309949469680603	0.0	1.9734401963184425	0.0	0.0	0.0	0.8221983184307069	0.0	0.8221983184307069	0.0	0.0	0.0	0.0	0.0	0.0	0.0	0.8221983184307069	0.0	0.0	0.0	0.0	1.6072752247897797	0.0	0.0	0.0	0.0	0.0	0.0	0.0	0.0	0.0	0.0	0.0	0.0	0.0	0.0	0.0	0.0	0.0	0.0	0.0	0.0	0.0	0.0	0.0	0.0	0.0	0.0	0.0	0.0	0.0	0.0	0.0	0.8221983184307069	0.0	0.0	0.0	0.0	0.0	0.0	0.0	0.0	0.0	0.0	0.0	0.0	0.0	0.5820896441016552	0.0	0.0	0.0	0.0	0.0	0.0	0.5820896441016552	0.0	0.0	0.0	0.0	0.0	0.0	0.0	0.5820896441016552	0.0	1.0892310682395199	2.50853827513277	0.5820896441016552	0.0
SRR13357784	0.0	2.2078273126805423	0.0	0.0	0.0	0.0	0.0	0.2528550354780354	0.0	0.2528550354780354	0.0	0.0	0.0	0.0	1.2043955900582715	0.2528550354780354	4.246622758444312	2.131302304853546	0.0	0.8645150024176883	0.0	0.0	0.0	0.4116224873961489	0.0	0.0	1.9199189678685171	0.5276330949782471	0.0	0.0	0.0	0.4116224873961489	0.0	1.8021622233853156	0.0	0.0	0.0	0.5276330949782471	0.0	0.0	0.0	4.261267410367923	0.0	0.2528550354780354	0.2528550354780354	1.3785839279860115	0.0	0.0	0.0	0.2528550354780354	0.0	0.8645150024176883	0.6190967806706881	0.0	0.0	0.0	0.0	1.977773812112472	0.0	1.843424141895112	0.0	0.0	0.0	1.8232830305500247	0.5276330949782471	1.2826264177799902	0.2528550354780354	0.0	0.0	0.0	0.2528550354780354	0.0	0.0	0.5276330949782471	0.0	0.4116224873961489	0.0	0.0	1.523620824855867	0.0	0.0	0.0	0.0	0.6946088232214308	0.0	0.0	0.0	0.2528550354780354	0.0	0.8149170275703977	0.0	0.0	0.0	0.0	0.0	0.0	0.0	0.4116224873961489	0.0	0.0	0.0	0.0	0.0	2.57730096808283	0.0	0.0	0.0	0.0	0.0	0.0	0.5276330949782471	0.0	0.4116224873961489	0.6946088232214308	0.0	0.0	0.2528550354780354	0.0	0.0	0.0	0.0	0.9090248360103619	0.0	0.0	1.0813514730278875	0.0	0.0	0.0	0.0	0.0	0.4116224873961489	0.0	0.0	0.0	0.2528550354780354	0.0	0.0	0.0	0.0	0.8149170275703977	0.2528550354780354	2.697843900935378	0.4116224873961489	0.6190967806706881	0.6946088232214308
SRR13357829	0.4338657838554599	0.4338657838554599	0.0	0.0	0.0	0.0	0.2689989467414829	0.2689989467414829	0.0	1.5784718520748968	1.8151458702688632	0.0	0.0	0.0	2.1433452128520325	0.2689989467414829	1.946921652849132	0.5530816146642858	0.0	0.7886490611997197	0.0	0.0	0.0	1.4795061843909878	0.0	0.0	0.7233735462927109	0.0	0.0	0.0	0.0	0.4338657838554599	0.4338657838554599	0.0	0.0	0.0	0.0	1.6905220965934615	0.0	0.0	0.0	2.2170620535200687	0.4338657838554599	0.2689989467414829	0.2689989467414829	0.0	0.0	0.0	0.0	0.0	0.0	0.6465213323478237	0.2689989467414829	0.0	0.0	0.0	0.0	3.1158479686266736	0.7233735462927109	0.7233735462927109	0.0	0.0	0.2689989467414829	0.4338657838554599	0.0	0.0	0.0	0.0	0.0	0.2689989467414829	0.6465213323478237	0.0	0.0	0.0	0.0	0.0	0.0	1.0846262937586437	4.549411413901823	0.0	0.0	0.0	0.0	0.0	0.0	0.0	0.2689989467414829	0.0	0.0	1.427063919113132	0.0	0.0	0.0	0.4338657838554599	0.0	0.0	0.0	0.2689989467414829	0.6465213323478237	0.0	0.0	0.6465213323478237	0.0	0.9405264230732282	0.0	0.0	0.0	0.0	0.0	0.2689989467414829	1.675055724182663	0.0	0.0	1.1680493808595427	0.0	0.4338657838554599	1.0528323784097622	0.4338657838554599	0.0	0.0	0.0	0.4338657838554599	0.0	0.2689989467414829	0.0	0.4338657838554599	0.0	0.0	0.0	0.0	1.298232812298599	0.7886490611997197	0.0	0.0	0.0	0.0	0.0	0.0	0.0	1.427063919113132	0.4338657838554599	1.0185257242323142	0.7233735462927109	1.831923472927518	0.2689989467414829
SRR13357840	0.6073541268072227	0.8511432396665916	0.0	0.0	0.0	0.0	0.0	0.6073541268072227	0.0	0.9356406577435279	1.6835910759678852	0.9356406577435279	0.0	0.0	2.2610701243853035	0.4021804673952143	2.0619788931882335	0.4021804673952143	0.0	3.2715044357127945	0.0	0.0	0.0	1.3491495407851137	0.0	0.0	0.6073541268072227	0.0	0.0	0.0	0.0	0.4021804673952143	0.4021804673952143	0.4021804673952143	0.0	0.0	0.0	1.5383179479158513	0.0	0.0	0.0	4.297868775853722	0.4021804673952143	2.4203173857421905	0.7461349251620788	0.4021804673952143	0.0	0.0	0.4021804673952143	0.6073541268072227	0.0	0.4021804673952143	0.0	0.0	0.0	0.0	0.0	3.1179654318754455	0.6073541268072227	0.7461349251620788	0.0	0.0	0.0	0.0	0.0	0.8511432396665916	0.0	0.0	0.0	0.0	0.6073541268072227	0.0	0.0	0.0	0.4021804673952143	0.0	0.0	0.8511432396665916	3.738430588459047	0.7461349251620788	0.0	0.0	0.0	0.0	0.0	0.0	0.0	0.6073541268072227	0.0	1.3184574624475318	0.0	0.0	0.4021804673952143	0.8511432396665916	0.0	0.0	0.0	0.0	0.6073541268072227	0.0	0.0	0.6073541268072227	0.0	2.5479793020812753	0.0	0.0	0.0	0.4021804673952143	0.0	0.6073541268072227	1.453952998527455	0.0	0.0	0.7461349251620788	0.0	0.0	0.9356406577435279	0.7461349251620788	0.0	0.0	0.0	0.4021804673952143	0.0	0.0	0.0	0.0	0.0	0.4021804673952143	0.0	0.0	1.0671343845568353	0.4021804673952143	0.0	0.0	0.4021804673952143	0.4021804673952143	0.0	0.0	0.0	1.2854302698112676	0.7461349251620788	3.893139426434822	0.6073541268072227	1.8426331505161806	0.0
SRR13357851	0.0	0.7766617711933599	0.0	0.0	0.0	0.0	0.0	0.49610635625571287	0.0	0.23333910498743157	0.23333910498743157	0.38430001482135556	0.0	0.0	2.4231003831793414	0.0	1.7732801009728707	0.38430001482135556	0.0	2.592766957818804	0.0	0.0	0.0	0.6586557013746038	0.0	0.0	0.38430001482135556	0.0	0.0	0.0	0.0	0.38430001482135556	0.38430001482135556	0.23333910498743157	0.0	0.0	0.23333910498743157	0.23333910498743157	0.0	0.0	0.0	3.907783541893378	0.0	0.23333910498743157	0.0	0.0	0.0	0.0	0.0	0.6586557013746038	0.0	0.23333910498743157	0.0	0.0	0.0	0.0	0.0	3.882821523447518	0.7766617711933599	1.0106206230656494	0.0	0.0	0.0	0.0	0.0	0.38430001482135556	0.0	0.0	0.0	0.38430001482135556	0.23333910498743157	0.0	0.0	0.23333910498743157	0.0	0.0	0.0	0.0	2.7781205460583984	0.0	0.0	0.0	0.0	0.0	0.0	0.0	0.38430001482135556	0.0	0.0	1.3627063966507056	0.0	0.0	0.0	0.8254785921174551	0.0	0.0	0.0	0.0	0.38430001482135556	0.0	0.0	0.0	0.0	1.469144900229844	0.0	0.0	0.0	0.0	0.23333910498743157	0.0	0.23333910498743157	0.0	0.0	0.0	0.23333910498743157	0.0	0.23333910498743157	0.38430001482135556	0.0	0.0	0.0	0.23333910498743157	0.0	0.38430001482135556	0.0	0.0	0.0	0.0	0.0	0.0	0.0	0.23333910498743157	0.0	0.0	0.0	0.23333910498743157	0.0	0.0	0.0	0.38430001482135556	0.5849419951331407	4.310999771082737	0.49610635625571287	0.23333910498743157	0.49610635625571287
SRR13357862	1.7225556110644213	0.5712212563018753	0.0	0.0	0.0	0.0	0.5712212563018753	2.0726543412902503	0.0	1.5928582794557362	2.146179377557671	0.0	0.0	0.0	4.049059830385654	0.5712212563018753	2.2828645244155634	1.30277891644972	0.0	1.6752177084599043	0.0	0.0	0.0	2.2766483887695035	0.0	0.0	1.0756658816726574	0.0	0.0	0.0	0.0	0.5712212563018753	0.8096694174532386	0.0	0.0	0.0	0.9627217533011604	2.0521489211861703	0.0	0.0	0.5712212563018753	2.911700061567403	0.0	0.0	1.30277891644972	1.451143685876419	0.0	0.0	1.4070904939187456	2.110970956795645	0.0	2.110970956795645	0.0	0.5712212563018753	0.0	0.0	0.0	4.172240680779722	2.5195964613948214	2.209040434853664	0.0	0.5712212563018753	0.0	0.0	0.0	0.5712212563018753	0.0	0.0	0.0	1.699531316980901	0.0	0.0	0.0	0.5712212563018753	0.0	0.5712212563018753	0.0	1.1652168275765968	3.858802328357155	0.9627217533011604	0.0	0.0	0.0	0.0	0.0	0.0	0.0	1.0756658816726574	0.0	2.7307705733004775	0.5712212563018753	0.0	0.0	2.482252321116095	0.0	1.0756658816726574	0.0	0.8096694174532386	1.8397630951825348	0.0	0.0	1.1652168275765968	0.0	1.239421826021743	0.0	0.0	0.0	0.0	0.0	0.0	2.1017040476424875	0.0	0.0	1.1652168275765968	1.5277558777113467	0.8096694174532386	1.4911369530163854	0.8096694174532386	0.0	0.0	0.0	0.5712212563018753	0.0	1.7225556110644213	0.0	0.8096694174532386	0.0	0.0	0.0	0.0	1.451143685876419	1.0756658816726574	0.0	0.0	0.8096694174532386	1.7652370965242097	0.5712212563018753	0.8096694174532386	0.0	2.0306271419083557	0.5712212563018753	1.451143685876419	0.8096694174532386	2.250853977364634	0.8096694174532386
SRR13357892	0.0	0.44838291571451644	0.0	0.0	0.0	0.0	0.44838291571451644	0.7419210345408453	0.0	0.5695918687035979	0.44838291571451644	0.27965648212299327	0.0	0.0	1.8488321870426467	0.0	2.1296422456150648	0.5695918687035979	0.0	0.9607364677137703	0.0	0.0	0.0	1.1893012308406603	0.0	0.0	0.27965648212299327	0.0	0.0	0.0	0.0	0.0	0.0	1.0736248702307367	0.0	0.0	0.0	1.0736248702307367	0.0	0.0	0.0	4.425866910728311	0.0	0.44838291571451644	0.7419210345408453	0.807786927327139	0.0	0.0	0.0	0.0	0.0	1.1893012308406603	0.44838291571451644	0.0	0.0	0.0	0.0	3.9736015574925374	0.27965648212299327	1.5700542631710213	0.0	0.0	0.0	0.5695918687035979	0.0	0.9607364677137703	0.27965648212299327	0.0	0.0	0.0	0.0	0.0	0.0	0.0	0.27965648212299327	0.0	0.0	0.0	2.4748001434405174	0.0	0.0	0.0	0.0	0.0	0.0	0.0	0.0	0.44838291571451644	0.0	0.7419210345408453	0.0	0.0	0.0	0.7419210345408453	0.0	0.27965648212299327	0.27965648212299327	0.44838291571451644	0.7419210345408453	0.0	0.0	0.0	0.0	2.8901932742836074	0.0	0.27965648212299327	0.0	0.0	0.0	0.0	0.807786927327139	0.0	0.0	0.0	0.0	0.0	0.44838291571451644	0.0	0.27965648212299327	0.0	0.0	0.9154860034355208	0.0	0.0	0.27965648212299327	0.0	0.0	0.0	0.0	0.0	0.0	0.0	0.0	0.0	0.0	0.0	0.0	0.0	0.0	0.27965648212299327	0.6642485387421173	1.9011531164465825	0.44838291571451644	0.8649664325596702	0.7419210345408453
SRR13357893	1.907671912789892	0.0	0.0	0.0	0.0	0.0	0.0	2.7392023661954275	0.0	0.9347315992736877	1.5467989870008918	0.0	0.0	0.0	4.2899330074381785	0.6814501049916393	2.5258260880233534	1.0936642316978904	0.0	3.0703753744508506	0.0	0.6814501049916393	0.6814501049916393	1.9276310616679897	0.0	0.0	0.6814501049916393	0.0	0.0	0.0	0.0	0.0	0.0	0.6814501049916393	0.0	0.0	1.20976255032574	1.20976255032574	0.0	0.0	0.0	3.1920498940855078	0.0	1.734258236620402	0.6814501049916393	1.8867511161031119	0.0	0.0	1.734258236620402	2.4142327711181317	0.0	2.3811971823445344	0.9347315992736877	0.6814501049916393	0.6814501049916393	0.0	0.0	2.606429477558636	2.7481410506124573	2.4267740896749257	0.0	0.0	0.0	1.0936642316978904	0.0	1.0936642316978904	0.0	0.0	0.0	1.763687262453822	0.0	0.0	0.0	0.6814501049916393	0.0	0.0	0.0	0.0	4.012898578339575	0.0	0.0	0.0	0.0	0.0	0.0	0.0	0.0	1.0936642316978904	0.0	3.000437235514521	0.0	0.0	0.0	2.5355571672192023	0.0	0.0	0.0	1.0936642316978904	2.1273666462680945	0.0	0.0	0.0	0.0	0.0	0.0	0.0	0.0	0.0	0.0	0.0	1.734258236620402	0.0	0.0	0.6814501049916393	1.864771294179638	0.0	0.9347315992736877	0.0	0.0	0.0	0.0	0.0	0.0	1.9276310616679897	0.0	0.6814501049916393	0.0	0.0	0.0	0.0	0.0	0.0	0.0	0.0	1.0936642316978904	1.763687262453822	0.0	0.0	0.0	2.0887521350730727	0.6814501049916393	0.9347315992736877	0.6814501049916393	0.6814501049916393	0.0
SRR13357899	0.0	0.9013325057217931	0.0	0.0	0.0	0.0	0.0	1.5816199843973364	0.0	1.42403511107623	1.7880739968364365	0.0	0.0	0.0	1.8197530476033972	0.0	4.104544534088966	2.7915516891370857	0.0	2.6890764618908696	0.0	0.0	0.0	1.8492775793674012	0.7516737637485481	0.0	1.3405050752990153	1.1742163591062136	0.0	0.0	0.0	1.3842752242395946	0.9013325057217931	2.761172669700645	0.5214733296917523	0.0	0.0	1.3842752242395946	0.0	0.0	0.0	4.247091459051126	0.5214733296917523	0.7516737637485481	0.7516737637485481	2.363487533306581	0.0	0.5214733296917523	1.0124261463185866	0.9013325057217931	0.0	0.0	0.7516737637485481	0.0	0.0	0.0	0.0	3.2842237642103322	0.0	1.7357502977063983	0.0	0.5214733296917523	0.0	2.881086862803284	0.0	3.067907227753725	0.0	0.0	0.0	0.0	0.7516737637485481	0.0	0.0	0.9013325057217931	0.0	0.7516737637485481	0.0	1.0124261463185866	2.3364565994472057	0.5214733296917523	0.0	0.0	0.0	1.6544529415210678	0.0	0.0	0.0	1.1742163591062136	0.0	0.5214733296917523	0.0	0.0	0.0	0.0	0.0	0.5214733296917523	0.0	0.5214733296917523	0.9013325057217931	0.0	0.0	0.5214733296917523	0.0	1.1008121643079576	0.0	0.0	0.7516737637485481	0.0	0.0	0.0	1.6072789608524678	0.0	0.0	0.0	0.5214733296917523	0.5214733296917523	1.0124261463185866	0.5214733296917523	0.0	0.5214733296917523	0.0	0.0	0.0	0.0	1.7713235548682207	0.5214733296917523	0.0	0.0	0.0	0.0	1.0124261463185866	0.5214733296917523	0.0	0.0	0.0	0.0	0.0	0.0	0.0	1.972677396225757	0.0	2.5712547495585008	0.7516737637485481	1.7539010522062235	1.494061732284146
SRR13357910	0.0	1.1678648046271463	0.0	0.0	0.0	0.23604034741235397	0.0	0.23604034741235397	0.0	1.8602231365314565	2.069100244677932	0.6637143731318645	0.0	0.0	1.833457289727054	0.5005226592716715	2.0471594353292817	0.9514499179048816	0.0	2.140462236876717	0.0	0.0	0.0	1.70603440378287	0.6637143731318645	0.0	1.0164638376364463	0.0	0.0	0.0	0.0	0.5005226592716715	0.8749603186116164	0.23604034741235397	0.23604034741235397	0.0	0.0	1.9836613204704108	0.0	0.0	0.23604034741235397	3.9160068868104454	0.8749603186116164	0.0	0.7269040928923729	0.0	0.0	0.0	0.38811134794158847	0.6637143731318645	0.0	0.23604034741235397	0.5005226592716715	0.0	0.23604034741235397	0.0	0.0	3.9614812651392435	0.38811134794158847	3.6577146148161392	0.0	0.0	0.7820567528675779	0.23604034741235397	0.0	4.159353802764092	0.0	0.0	0.0	0.0	0.0	0.0	0.0	0.0	0.0	0.0	0.0	1.4857664224638032	1.8380343942460935	0.7269040928923729	0.0	0.0	0.0	0.0	0.0	0.0	0.0	0.23604034741235397	0.0	0.6637143731318645	0.0	0.0	0.0	0.23604034741235397	0.23604034741235397	0.0	0.0	0.38811134794158847	1.1460198796588217	0.0	0.0	0.8749603186116164	0.0	1.045651497925631	0.0	0.0	0.0	0.0	0.23604034741235397	0.0	1.8645280192667226	0.23604034741235397	0.0	1.1230176924171795	0.0	0.8309880358129998	1.2631313120327474	0.8309880358129998	0.23604034741235397	0.0	0.0	0.38811134794158847	0.0	0.0	0.0	0.9514499179048816	0.0	0.0	0.0	0.0	1.5777612090651774	0.7269040928923729	0.0	0.0	0.0	0.23604034741235397	0.0	0.0	0.0	1.6740324106739415	0.5005226592716715	1.1678648046271463	0.38811134794158847	2.177420797136408	0.5005226592716715
SRR13357921	0.5785963218358956	3.4004434866356577	0.0	0.0	0.0	0.0	0.0	0.4563281438317248	0.0	0.0	0.0	0.0	0.0	0.0	2.5780995595446092	0.0	3.8839867807674713	0.5785963218358956	0.0	3.9728352935435294	0.0	0.0	0.0	2.575960570845312	0.0	0.0	0.2855292359078505	0.0	0.0	0.0	0.0	0.0	0.0	0.4563281438317248	0.0	0.4563281438317248	0.2855292359078505	0.7520004988613237	0.0	0.0	0.0	3.2916923460923644	0.0	0.0	0.8181764871577977	0.0	0.0	0.0	0.0	0.4563281438317248	0.0	0.0	1.146693908217386	0.0	0.0	0.0	0.0	1.5008658165304327	0.4563281438317248	1.384655884365023	0.0	0.0	0.0	0.4563281438317248	0.0	0.6738960815188959	0.0	0.0	0.0	0.2855292359078505	0.4563281438317248	0.0	0.0	0.2855292359078505	0.0	0.0	0.0	0.0	4.132422687033703	0.0	0.2855292359078505	0.0	0.0	0.0	0.0	0.0	0.0	0.6738960815188959	0.0	0.8755894340249537	0.0	0.0	0.0	0.4563281438317248	0.0	0.7520004988613237	0.0	0.0	0.2855292359078505	0.0	0.0	0.0	0.0	0.2855292359078505	0.0	0.0	0.0	0.0	0.0	0.0	0.6738960815188959	0.0	0.2855292359078505	0.0	0.0	0.0	0.0	0.0	0.0	0.0	0.0	0.7520004988613237	0.0	0.0	0.0	0.2855292359078505	0.0	0.2855292359078505	0.4563281438317248	0.0	0.2855292359078505	0.0	0.0	0.0	0.0	0.0	0.0	0.0	0.0	0.2855292359078505	0.5785963218358956	3.2149418342993386	0.4563281438317248	0.0	0.0
SRR13357925	0.0	0.0	0.0	0.0	0.0	0.0	0.0	0.0	0.0	0.0	0.0	0.0	0.0	0.0	0.517299721995256	0.2463989913316447	4.481109964576097	0.9731071047545385	0.0	1.038490688416263	0.0	0.0	0.0	0.517299721995256	0.0	0.0	0.0	0.0	0.0	0.0	0.0	0.0	0.0	1.067827050540828	0.0	0.0	0.0	0.0	0.0	0.0	0.0	3.8590899612581664	0.0	0.40263807927523554	0.2463989913316447	0.6828647845730307	0.0	0.0	0.2463989913316447	0.2463989913316447	0.0	0.0	1.1905646198215982	0.0	0.0	0.2463989913316447	0.0	0.8517941150662506	0.0	0.8961049372132541	0.0	0.0	0.0	0.40263807927523554	0.0	0.40263807927523554	0.0	0.0	0.0	0.0	0.0	0.0	0.0	0.2463989913316447	0.0	0.2463989913316447	0.0	0.0	1.26864108439178	0.0	0.40263807927523554	0.0	0.0	0.0	0.0	0.0	0.0	0.0	0.0	0.0	0.0	0.0	0.0	0.0	0.0	0.0	0.0	0.2463989913316447	0.2463989913316447	0.2463989913316447	0.0	0.0	0.0	0.2463989913316447	0.0	0.0	0.0	0.0	0.0	0.0	0.40263807927523554	0.0	0.2463989913316447	0.0	0.0	0.0	0.2463989913316447	0.0	0.0	0.0	0.0	0.40263807927523554	0.0	0.0	0.0	0.0	0.0	0.0	0.0	0.0	0.0	0.0	0.0	0.0	0.0	0.2463989913316447	0.0	0.0	0.0	0.40263807927523554	0.2463989913316447	0.7467566268202298	0.517299721995256	0.0	0.2463989913316447
SRR13357929	0.21965251352443976	3.2966055871553386	0.0	0.0	0.0	0.0	0.0	0.473454666634615	0.21965251352443976	0.0	0.0	0.0	0.0	0.0	1.2885011436305842	0.0	4.321445518039682	0.6325886613394561	0.0	0.21965251352443976	0.0	0.0	0.0	2.568534502401612	0.0	0.0	0.21965251352443976	0.0	0.0	0.0	0.0	0.0	0.21965251352443976	0.7969956993717991	0.0	0.0	0.0	0.21965251352443976	0.0	0.0	0.0	3.5841788914259287	0.0	0.3648358945640229	0.0	0.473454666634615	0.0	0.0	0.0	2.287510734263447	0.0	0.0	1.4860290258600621	0.0	0.0	1.0092653267182488	0.0	1.1898189460286162	0.0	2.2189682544384515	0.0	0.0	0.0	0.5602699760532466	0.0	3.995631135974268	0.0	0.0	0.0	0.0	0.0	0.0	0.0	0.21965251352443976	0.0	0.21965251352443976	0.0	0.0	1.5705928645202327	0.0	0.0	0.0	0.0	0.0	0.0	0.473454666634615	0.0	0.0	0.0	0.21965251352443976	0.0	0.0	0.0	0.0	0.0	0.879817902843189	0.0	0.21965251352443976	0.0	0.0	0.0	0.0	0.0	0.0	0.0	0.0	0.0	0.0	0.0	0.0	0.5602699760532466	0.0	0.0	0.0	0.0	0.0	0.8403781443488801	0.0	0.0	0.0	0.0	0.3648358945640229	0.0	0.0	0.0	0.21965251352443976	0.0	0.0	0.0	0.0	0.0	0.0	0.0	0.0	0.0	0.21965251352443976	0.0	0.0	0.0	0.6945663692664243	0.3648358945640229	0.9159722895347275	1.678849934990756	0.3648358945640229	0.3648358945640229
SRR13357930	0.0	3.062960610602634	0.0	0.0	0.0	0.2497508071025947	0.0	0.4073090854049672	0.0	0.6889798375358094	0.6137400931633344	0.0	0.0	0.0	1.074876055766496	0.0	4.427430902186401	1.074876055766496	0.0	0.6137400931633344	0.0	0.2497508071025947	0.0	2.3350582045787647	0.0	0.0	0.0	0.0	0.0	0.0	0.0	0.2497508071025947	0.2497508071025947	1.1023956333993454	0.0	0.0	0.0	0.6137400931633344	0.0	0.0	0.0	3.586685169687195	0.0	0.0	0.0	0.6137400931633344	0.2497508071025947	0.0	0.0	2.2295929741392606	0.2497508071025947	0.0	1.1977746172888315	0.0	0.0	0.2497508071025947	0.0	2.0497918687345758	0.0	1.7435736838739009	0.0	0.0	0.2497508071025947	0.8089408542709245	0.0	3.710062941592629	0.0	0.0	0.0	0.0	0.2497508071025947	0.0	0.0	0.2497508071025947	0.0	0.0	0.0	0.4073090854049672	1.5743923271179026	0.2497508071025947	0.0	0.0	0.0	0.0	0.0	0.0	0.0	0.2497508071025947	0.0	0.0	0.4073090854049672	0.0	0.0	0.4073090854049672	0.0	0.0	0.0	0.0	0.0	0.0	0.0	0.4073090854049672	0.0	0.4073090854049672	0.0	0.0	0.0	0.0	0.0	0.0	0.9028366178097788	0.0	0.0	0.4073090854049672	0.2497508071025947	0.0	0.5226760617613151	0.0	0.0	0.0	0.0	0.0	0.0	0.0	0.0	0.4073090854049672	0.0	0.0	0.0	0.0	0.0	0.0	0.0	0.0	0.0	0.0	0.0	0.0	0.0	0.5226760617613151	0.5226760617613151	1.074876055766496	0.9028366178097788	0.9028366178097788	0.0
SRR13357931	0.0	3.3099644893796776	0.0	0.0	0.0	0.0	0.0	0.32149314209605084	0.0	0.7312636638031764	0.9382915967079929	0.0	0.0	0.0	1.1833948959042861	0.0	4.290740260884249	0.7312636638031764	0.0	0.0	0.0	0.0	0.0	2.545035868910219	0.0	0.0	0.7312636638031764	0.0	0.0	0.0	0.0	0.0	0.8117397366102255	0.8117397366102255	0.0	0.0	0.32149314209605084	1.1159900097074633	0.0	0.0	0.0	3.246807475949594	0.0	0.5041966537618552	0.0	0.7312636638031764	0.0	0.0	0.0	2.6276175375734367	0.0	0.0	0.9899804982356468	0.0	0.0	0.6324041433930808	0.0	2.3762889164650245	0.32149314209605084	1.5573596079523535	0.0	0.0	0.0	0.7312636638031764	0.0	3.869817870669132	0.0	0.0	0.0	0.0	0.0	0.0	0.0	0.0	0.0	0.0	0.0	0.5041966537618552	1.5439593567499403	0.0	0.0	0.0	0.0	0.0	0.0	0.0	0.0	0.0	0.0	0.0	0.32149314209605084	0.0	0.0	0.6324041433930808	0.0	0.7312636638031764	0.0	0.0	0.32149314209605084	0.0	0.0	0.0	0.0	0.6324041433930808	0.0	0.0	0.0	0.0	0.0	0.0	1.1159900097074633	0.0	0.0	0.0	0.32149314209605084	0.32149314209605084	0.6324041433930808	0.0	0.32149314209605084	0.0	0.32149314209605084	0.32149314209605084	0.0	0.0	0.0	0.5041966537618552	0.0	0.0	0.0	0.0	0.6324041433930808	0.0	0.0	0.0	0.0	0.0	0.0	0.0	0.0	0.6324041433930808	0.6324041433930808	1.1833948959042861	3.750961022010054	1.0361666155996379	0.32149314209605084
SRR13357932	0.0	3.5230692838987463	0.0	0.0	0.0	0.0	0.0	0.2768904327139927	0.0	0.5653280998654293	0.6596752331345846	0.0	0.0	0.0	2.405329313860859	0.0	4.274811036103058	0.9555336455613107	0.0	1.714634639835163	0.0	0.0	0.0	3.039894461287641	0.2768904327139927	0.0	0.2768904327139927	0.0	0.0	0.0	0.0	0.2768904327139927	0.0	1.1576982965068625	0.0	0.2768904327139927	0.0	1.2084877524054705	0.0	0.0	0.0	3.85458895764414	0.0	0.9103538259127866	0.44462750399097584	0.5653280998654293	0.0	0.0	0.2768904327139927	1.5427123961909823	0.0	0.0	0.0	0.0	0.0	0.0	0.0	1.826062509286853	0.0	1.7435398825544532	0.0	0.0	0.0	0.7371394516080298	0.0	1.5849910208305655	0.44462750399097584	0.0	0.0	0.0	0.0	0.0	0.0	0.8028556234338955	0.0	0.0	0.0	0.0	3.719981349065128	0.0	0.0	0.0	0.0	0.0	0.0	0.0	0.0	0.0	0.0	0.6596752331345846	0.0	0.0	0.0	0.44462750399097584	0.0	1.3672935977553269	0.0	0.0	0.0	0.0	0.0	0.2768904327139927	0.0	0.5653280998654293	0.0	0.0	0.0	0.0	0.0	0.0	0.7371394516080298	0.0	0.0	0.0	0.0	0.0	0.2768904327139927	0.0	0.0	0.0	0.0	0.2768904327139927	0.0	0.0	0.2768904327139927	0.44462750399097584	0.0	0.0	0.0	0.0	0.2768904327139927	0.0	0.0	0.0	0.0	0.0	0.0	0.0	0.0	0.6596752331345846	0.0	3.128159670563784	0.2768904327139927	0.44462750399097584	0.5653280998654293
SRR13357933	0.0	2.539677831287869	0.0	0.0	0.0	0.0	0.4330166743219135	0.0	0.0	0.0	0.0	0.4330166743219135	0.0	0.0	0.9800705999653745	0.0	4.4049609507382055	0.7875233163735871	0.0	0.9800705999653745	0.0	0.0	0.0	2.719621670619796	0.0	0.0	0.0	0.0	0.0	0.0	0.0	0.0	0.4330166743219135	0.9800705999653745	0.0	0.0	0.0	0.7875233163735871	0.0	0.0	0.0	3.8166762634964715	0.0	0.0	0.0	0.0	0.0	0.0	0.0	1.6737393751350655	0.0	0.0	1.6237360120054616	0.0	0.0	0.4330166743219135	0.0	1.689204751810248	0.0	1.2146494631198885	0.0	0.0	0.0	0.9800705999653745	0.0	3.4496552751846377	0.0	0.0	0.0	0.0	0.0	0.0	0.0	1.2146494631198885	0.0	0.0	0.0	0.0	2.128409168678675	0.0	0.0	0.0	0.0	0.0	0.0	0.0	0.0	0.0	0.0	0.6454803723165071	0.0	0.0	0.0	0.0	0.0	0.6454803723165071	0.0	0.0	0.0	0.0	0.0	0.0	0.0	0.0	0.0	0.0	0.0	0.0	0.0	0.0	0.7875233163735871	0.0	0.0	0.0	0.0	0.0	0.0	0.0	0.0	0.0	0.0	1.0516068129126934	0.0	0.0	0.0	0.0	0.0	0.0	0.0	0.0	0.0	0.0	0.0	0.0	0.0	0.0	0.0	0.0	0.0	0.0	0.0	0.0	3.202293545597492	0.6454803723165071	0.4330166743219135
SRR13357936	0.9011449621275718	0.8327351248900906	0.0	0.0	0.0	0.0	0.0	2.281842551071678	0.0	0.6514840334554102	0.0	0.6514840334554102	0.0	0.0	3.8528817692745103	0.0	2.35444932810666	0.751497296473286	0.0	3.925890749060392	0.0	0.0	0.0	2.3339127292001915	0.0	0.0	0.3345961947823424	0.0	0.0	0.0	0.0	0.0	0.751497296473286	0.0	0.3345961947823424	0.8327351248900906	0.0	0.6514840334554102	0.6514840334554102	0.0	0.0	2.4990709686184682	0.0	1.058668051267614	3.58031379657196	0.0	0.0	0.0	0.6514840334554102	0.5213234228898653	0.0	0.5213234228898653	0.5213234228898653	0.0	0.0	0.0	0.0	1.7536903664159254	0.3345961947823424	1.3627361699709986	0.0	0.0	0.0	0.5213234228898653	0.0	1.4602512654914277	0.0	0.0	0.0	1.206534758827269	0.5213234228898653	0.0	0.0	0.3345961947823424	0.0	0.0	0.0	0.0	4.153916661702099	0.0	0.0	0.0	0.0	0.0	0.0	0.0	1.058668051267614	0.9011449621275718	0.0	1.3403004028039687	0.0	0.0	0.3345961947823424	1.174016255619244	0.0	0.5213234228898653	0.0	0.0	0.751497296473286	0.0	0.5213234228898653	0.0	0.0	3.433913351144055	0.0	0.0	0.0	0.0	0.0	0.5213234228898653	1.0122325262503193	0.0	0.0	0.3345961947823424	0.751497296473286	0.0	0.5213234228898653	0.5213234228898653	0.3345961947823424	0.0	0.0	0.5213234228898653	0.0	0.0	0.0	0.5213234228898653	0.0	0.5213234228898653	0.0	0.3345961947823424	0.0	0.3345961947823424	0.0	0.8327351248900906	0.3345961947823424	0.0	0.0	0.0	0.0	0.3345961947823424	1.0122325262503193	1.423828724959077	0.9011449621275718	0.3345961947823424	0.8327351248900906
SRR13357938	0.0	0.6231669976787274	0.0	0.0	0.0	0.0	0.0	0.8015413902153419	0.0	0.0	0.7214483305909112	0.0	0.0	0.0	1.5586035422696334	0.0	4.22187795908116	1.545614418492741	0.0	1.2022054093109364	0.0	0.0	0.0	2.969897857838305	0.0	0.0	0.7214483305909112	0.0	0.0	0.0	0.0	0.31521468980164385	0.31521468980164385	1.5712154351541552	0.0	0.0	0.0	0.49593306144668725	0.0	0.0	0.0	3.7683574402728146	0.49593306144668725	0.0	0.31521468980164385	1.1048425794206251	0.0	0.0	0.0	0.31521468980164385	0.0	0.0	0.0	0.0	0.0	0.0	0.0	1.9196684814573544	0.0	1.618291376146425	0.0	0.0	0.0	1.305248704834724	0.0	2.830651848379116	0.0	0.0	0.0	0.0	0.0	0.0	0.0	1.369112461481762	0.0	0.0	0.0	0.0	1.9621046051804552	0.0	0.0	0.0	0.0	0.31521468980164385	0.0	0.0	0.0	0.6231669976787274	0.0	0.49593306144668725	0.0	0.0	0.0	0.31521468980164385	0.0	1.305248704834724	0.0	0.6231669976787274	0.0	0.0	0.0	0.0	0.0	0.8015413902153419	0.0	0.0	0.0	0.0	0.0	0.0	0.9791480972497068	0.0	0.0	0.31521468980164385	0.0	0.0	0.31521468980164385	0.31521468980164385	0.0	0.0	0.0	2.6041903256994985	0.0	0.0	0.31521468980164385	0.31521468980164385	0.31521468980164385	0.0	0.0	0.0	0.31521468980164385	0.31521468980164385	0.0	0.0	0.0	0.0	0.0	0.0	0.0	0.6231669976787274	0.6231669976787274	4.100315388733624	0.31521468980164385	0.49593306144668725	0.6231669976787274
SRR13357939	0.0	0.7242207034788187	0.0	0.0	0.0	0.0	0.0	0.3861615539817883	0.0	0.7242207034788187	0.3861615539817883	0.0	0.0	0.0	1.492694579116718	0.0	1.8526162256205787	0.0	0.0	0.5872863243614724	0.0	0.0	0.0	2.334386069516836	0.0	0.0	0.0	0.0	0.0	0.0	0.0	0.0	0.0	0.5872863243614724	0.0	0.0	0.0	0.9119851598566217	0.0	0.0	0.0	3.476154810307749	0.0	0.3861615539817883	0.3861615539817883	0.5872863243614724	0.0	0.0	0.0	0.3861615539817883	0.0	0.0	0.0	0.0	0.0	0.0	0.0	2.18034508523769	0.0	1.2600071278735219	0.0	0.0	0.0	0.3861615539817883	0.0	1.0426449058586398	0.0	0.0	0.0	0.0	0.0	0.0	0.0	0.0	0.0	0.0	0.0	0.0	4.427323434289578	0.0	0.0	0.0	0.0	0.0	0.0	0.0	0.0	0.3861615539817883	0.0	0.7242207034788187	0.0	0.0	0.0	0.0	0.0	0.8281722174268067	0.0	0.0	0.3861615539817883	0.0	0.0	0.0	0.0	0.0	0.0	0.0	0.0	0.0	0.0	0.0	0.5872863243614724	0.0	0.0	0.0	0.0	0.0	0.3861615539817883	0.8281722174268067	0.0	0.0	0.0	0.8281722174268067	0.0	0.0	0.0	0.0	0.0	0.0	0.0	0.0	0.5872863243614724	0.3861615539817883	0.0	0.0	0.0	0.0	0.0	0.0	0.0	0.3861615539817883	0.5872863243614724	3.863397631257315	0.5872863243614724	0.9822103200435491	0.0
SRR13357940	0.0	0.0	0.6171982573872117	0.0	0.0	0.0	0.0	0.6171982573872117	0.0	0.0	0.41009254155357355	0.0	0.0	0.0	2.190198498495045	0.0	3.845362653251537	1.7600752704063227	0.0	1.0181036126817629	0.0	0.0	0.0	3.357419713862395	0.0	0.0	0.0	0.0	0.0	0.0	0.0	0.0	0.0	1.4892259917345845	0.6171982573872117	0.0	0.0	0.6171982573872117	0.0	0.0	0.0	4.107884617067918	0.0	0.41009254155357355	0.6171982573872117	1.4892259917345845	0.0	0.0	0.0	0.0	0.0	0.0	0.41009254155357355	0.0	0.0	0.0	0.0	1.7229721560551128	0.0	3.225396819067506	0.0	0.0	0.0	1.8156354225837918	0.0	3.0985097679163123	0.0	0.0	0.0	0.0	0.41009254155357355	0.0	0.0	0.0	0.0	0.41009254155357355	0.0	0.0	3.735191058319473	0.0	0.0	0.0	0.0	0.41009254155357355	0.0	0.0	0.0	0.0	0.0	0.0	0.0	0.0	0.0	0.6171982573872117	0.0	1.69634983630308	0.0	0.0	0.41009254155357355	0.0	0.0	0.0	0.0	0.0	0.0	0.0	0.0	0.0	0.0	0.0	3.385267962290649	0.0	0.0	0.0	0.41009254155357355	0.0	0.0	0.0	0.0	0.0	0.0	0.8623564748354599	0.0	0.0	0.41009254155357355	0.0	0.0	0.0	0.0	0.0	0.0	0.0	0.0	0.0	0.0	0.0	0.0	0.0	0.0	0.0	0.41009254155357355	3.6266607782801383	0.0	0.7568513508894816	0.41009254155357355
SRR13357941	0.0	0.8154839719799395	0.0	0.0	0.0	0.0	0.0	0.576260012207154	0.0	0.7493876571157421	0.6713942846618696	0.0	0.0	0.0	1.6983110608550207	0.0	4.36583903793125	1.1139525045894216	0.0	0.576260012207154	0.0	0.0	0.0	2.5519288350397638	0.2840014155762157	0.0	0.2840014155762157	0.2840014155762157	0.0	0.0	0.0	0.0	0.4542648031140134	1.0474336759736544	0.0	0.0	0.0	0.8154839719799395	0.0	0.0	0.0	3.9882154469143094	0.2840014155762157	0.2840014155762157	0.2840014155762157	0.0	0.0	0.2840014155762157	0.2840014155762157	0.0	0.0	0.2840014155762157	0.0	0.0	0.2840014155762157	0.0	0.0	2.1881808753276375	0.0	2.53705362825065	0.0	0.0	0.0	0.7493876571157421	0.0	0.4542648031140134	0.0	0.0	0.0	0.0	0.0	0.0	0.0	0.576260012207154	0.0	0.0	0.0	0.2840014155762157	1.8046209377273321	0.0	0.0	0.0	0.0	0.2840014155762157	0.0	0.0	0.0	0.2840014155762157	0.0	0.6713942846618696	0.0	0.0	0.0	0.4542648031140134	0.0	1.1437444254094942	0.0	0.0	0.2840014155762157	0.2840014155762157	0.0	0.2840014155762157	0.0	0.6713942846618696	0.0	0.0	0.0	0.0	0.0	0.0	0.9234918780911162	0.0	0.0	0.0	0.0	0.2840014155762157	0.576260012207154	0.0	0.0	0.0	0.0	0.576260012207154	0.0	0.0	0.2840014155762157	0.2840014155762157	0.0	0.0	0.0	0.0	0.6713942846618696	0.2840014155762157	0.0	0.0	0.0	0.0	0.0	0.0	0.0	0.576260012207154	0.6713942846618696	3.5520694463708145	0.9234918780911162	1.009917234502496	0.2840014155762157
SRR13357943	0.0	3.5266471863744746	0.0	0.2893366098677232	0.0	0.0	0.0	0.2893366098677232	0.0	0.0	0.2893366098677232	0.0	0.0	0.0	0.8824151954427196	0.0	3.4668178370789082	0.46145904588190534	0.0	2.1287495782564254	0.0	0.0	0.0	1.6669827841122866	0.0	0.0	0.0	0.0	0.0	0.0	0.0	0.0	0.0	0.46145904588190534	0.0	0.0	0.0	0.8248551726120352	0.0	0.0	0.0	3.742185805686924	0.0	0.2893366098677232	0.0	0.0	0.0	0.0	0.0	0.0	0.0	0.0	0.46145904588190534	0.0	0.0	0.0	0.0	1.3921992787943442	0.0	0.8248551726120352	0.0	0.0	0.0	0.2893366098677232	0.0	0.2893366098677232	0.0	0.0	0.0	0.0	0.0	0.0	0.0	0.0	0.0	0.0	0.0	0.0	4.397894501362448	0.0	0.0	0.0	0.0	0.0	0.0	0.0	0.0	0.2893366098677232	0.0	1.0198921163913233	0.0	0.0	0.0	0.0	0.0	0.2893366098677232	0.0	0.0	0.0	0.0	0.0	0.0	0.0	0.0	0.0	0.0	0.0	0.0	0.0	0.0	0.2893366098677232	0.0	0.0	0.2893366098677232	0.0	0.0	0.46145904588190534	0.0	0.0	0.0	0.0	0.2893366098677232	0.0	0.0	0.2893366098677232	0.2893366098677232	0.0	0.0	0.0	0.0	0.2893366098677232	0.0	0.0	0.0	0.0	0.0	0.0	0.0	0.0	0.0	0.2893366098677232	2.7427442251505387	0.46145904588190534	0.0	0.46145904588190534
SRR13357944	0.0	3.181584680229544	0.0	0.0	0.0	0.0	0.0	0.38029371767041686	0.0	0.9032136950573394	1.0335520446558895	0.0	0.0	0.0	2.084358900135621	0.0	4.100208488910533	0.9732541933687814	0.0	2.6887388633082865	0.0	0.38029371767041686	0.0	0.8196638953956945	0.0	0.0	0.5798877741723178	0.0	0.0	0.0	0.38029371767041686	0.0	0.0	1.4830103115261475	0.0	0.0	0.0	0.9032136950573394	0.0	0.0	0.0	3.35355740617715	0.0	0.0	0.0	0.38029371767041686	0.0	0.0	0.0	2.9649663423733648	0.0	0.0	0.38029371767041686	0.0	0.0	0.0	0.0	2.5835665092964377	0.0	3.078090258145618	0.0	0.0	0.0	0.7161175369461186	0.0	3.647974027895739	0.0	0.0	0.0	0.0	0.0	0.0	0.0	0.0	0.0	0.0	0.0	0.5798877741723178	2.876012380375415	0.0	0.0	0.38029371767041686	0.0	0.0	0.0	0.0	0.0	0.0	0.0	0.38029371767041686	0.38029371767041686	0.0	0.0	0.0	0.0	0.0	0.0	0.0	0.0	0.0	0.0	0.0	0.0	0.0	0.0	0.0	0.0	0.0	0.0	0.0	0.9732541933687814	0.0	0.0	0.5798877741723178	0.38029371767041686	0.0	0.5798877741723178	0.38029371767041686	0.0	0.0	0.0	0.38029371767041686	0.0	0.0	0.0	0.8196638953956945	0.0	0.0	0.0	0.0	0.5798877741723178	0.38029371767041686	0.0	0.0	0.0	0.0	0.0	0.0	0.0	0.5798877741723178	0.0	1.3425576333282208	4.1069168245893986	1.1762232130726635	0.0
SRR13357945	0.0	2.5678569354566245	0.0	0.0	0.0	0.336559073459257	0.0	0.5238755444012	0.336559073459257	1.015526203517356	1.2950817975875157	0.0	0.0	0.0	1.3201138500947194	0.0	4.36439552545754	1.8999477091499843	0.0	1.4459374643312137	0.0	0.0	0.0	0.8358479091282388	0.0	0.0	0.336559073459257	0.336559073459257	0.0	0.0	0.0	0.6543199272596055	0.0	2.161281312651227	0.0	0.0	0.0	1.1039734449615013	0.0	0.0	0.0	3.6067998306163522	0.5238755444012	0.0	0.336559073459257	1.2685182118097598	0.0	0.0	0.0	2.501105885225715	0.0	0.0	0.336559073459257	0.0	0.0	0.0	0.0	2.6536664756186856	0.336559073459257	1.015526203517356	0.0	0.0	0.0	1.9596529072786701	0.336559073459257	3.8640314683610035	0.0	0.0	0.0	0.0	0.0	0.0	0.0	0.0	0.0	0.0	0.0	0.5238755444012	3.1097052612209755	0.336559073459257	0.0	0.0	0.0	0.5238755444012	0.0	0.0	0.0	0.7545001342573238	0.0	0.0	0.5238755444012	0.0	0.0	0.336559073459257	0.0	0.0	0.0	0.0	0.5238755444012	0.0	0.0	0.0	0.0	0.336559073459257	0.0	0.0	0.0	0.0	0.0	0.0	1.2402234015286058	0.0	0.0	0.5238755444012	0.0	0.0	0.0	0.336559073459257	0.0	0.0	0.0	0.0	0.0	0.0	0.9043356288234277	0.5238755444012	0.0	0.0	0.0	0.0	0.7545001342573238	0.336559073459257	0.0	0.0	0.336559073459257	0.0	0.0	0.0	0.0	1.2685182118097598	0.7545001342573238	1.3437813858592442	2.136014929772333	1.2099558793271978	0.6543199272596055
SRR13357946	0.0	2.894753495380888	0.0	0.0	0.0	0.0	0.0	1.0919930404316847	0.0	0.9786121858954553	1.1818177393493523	0.0	0.0	0.0	1.5083682224014054	0.0	4.442489100772827	1.3750881822337997	0.0	1.1818177393493523	0.0	0.0	0.0	0.8247529356731411	0.0	0.0	0.5843107610230284	0.0	0.0	0.0	0.0	0.8247529356731411	0.0	1.83982771570938	0.0	0.0	0.0	1.319704150535965	0.0	0.0	0.0	3.1464476831349577	0.5843107610230284	0.5843107610230284	0.5843107610230284	0.5843107610230284	0.0	0.0	0.0	2.9117050994860145	0.0	0.0	0.5843107610230284	0.0	0.0	0.0	0.0	3.054646681771596	0.0	0.8247529356731411	0.0	0.0	0.5843107610230284	1.666865137908617	0.0	3.713684590259005	0.0	0.0	0.0	0.0	0.0	0.0	0.0	0.0	0.0	0.0	0.0	0.9786121858954553	2.2481420005860127	0.0	0.0	0.0	0.0	0.0	0.0	0.0	0.0	0.0	0.0	0.0	0.0	0.0	0.0	0.5843107610230284	0.0	0.0	0.0	0.0	0.5843107610230284	0.0	0.0	0.5843107610230284	0.0	0.5843107610230284	0.0	0.0	0.0	0.0	0.0	0.0	1.1818177393493523	0.0	0.0	0.5843107610230284	0.0	0.0	0.0	0.0	0.0	0.0	0.0	0.0	0.0	0.0	0.5843107610230284	0.5843107610230284	0.0	0.0	0.0	0.0	0.8247529356731411	0.0	0.0	0.0	0.0	0.5843107610230284	0.0	0.0	0.0	0.9786121858954553	1.0919930404316847	1.4683206025857563	1.2562103980320858	1.692643591661494	0.0
SRR13357947	0.0	3.0787941182437204	0.0	0.0	0.0	0.0	0.4014378945360529	0.7451255811532469	0.0	0.7451255811532469	1.0660095873262168	0.0	0.0	0.0	1.0660095873262168	0.0	3.95376170486658	0.8500864383373072	0.0	1.6077298353324088	0.0	0.0	0.0	1.1193131107419048	0.0	0.0	0.6064279643479278	0.0	0.0	0.0	0.0	0.6064279643479278	0.4014378945360529	1.1667837642516354	0.0	0.0	0.0	0.9345531777427619	0.0	0.0	0.0	4.222731581573672	0.4014378945360529	0.8500864383373072	0.0	0.6064279643479278	0.0	0.0	0.0	2.8900354854685917	0.0	0.0	0.4014378945360529	0.0	0.0	0.0	0.0	2.76471608614958	0.0	1.2095731189948136	0.0	0.4014378945360529	0.0	0.9345531777427619	0.0	3.7186732016504784	0.0	0.0	0.0	0.0	0.0	0.0	0.0	0.4014378945360529	0.0	0.0	0.0	0.4014378945360529	3.5916117657763733	0.0	0.0	0.0	0.0	0.0	0.0	0.0	0.0	0.8500864383373072	0.0	0.7451255811532469	0.0	0.0	0.0	0.0	0.0	0.0	0.0	0.0	0.6064279643479278	0.0	0.0	0.4014378945360529	0.0	0.8500864383373072	0.0	0.0	0.0	0.0	0.0	0.0	0.9345531777427619	0.0	0.0	0.6064279643479278	0.0	0.0	0.6064279643479278	0.0	0.0	0.0	0.0	0.0	0.0	0.0	0.0	0.0	0.0	0.0	0.0	0.0	0.6064279643479278	0.4014378945360529	0.0	0.0	0.0	0.0	0.0	0.0	0.0	0.8500864383373072	0.4014378945360529	1.2842637761095383	0.0	1.2095731189948136	0.0
SRR13357950	0.22019691733395083	1.988601655911403	0.0	0.0	0.0	0.22019691733395083	0.0	0.8810075906674657	0.0	0.3656150970707439	1.0631618992263359	0.0	0.22019691733395083	0.0	1.2898008724853045	0.22019691733395083	4.389346205432509	1.5144985985758814	0.0	2.4647121655630744	0.0	0.0	0.0	2.427773571299041	0.0	0.0	0.22019691733395083	0.0	0.0	0.0	0.0	0.3656150970707439	0.3656150970707439	2.7837978937812053	0.0	0.0	0.22019691733395083	0.3656150970707439	0.0	0.0	0.0	4.023249354494822	0.0	0.6956600330577893	0.3656150970707439	1.110121908141759	0.0	0.22019691733395083	0.3656150970707439	2.8072165499097923	0.0	0.0	0.7981474651670836	0.0	0.0	0.0	0.0	1.608743917398629	0.0	0.9815655811721359	0.0	0.0	0.0	1.4053901451653297	0.633639900466259	0.3656150970707439	0.0	0.0	0.0	0.0	0.0	0.22019691733395083	0.0	0.633639900466259	0.0	0.0	0.0	0.0	1.6426828175583763	0.0	0.22019691733395083	0.3656150970707439	0.0	0.0	0.0	0.0	0.0	0.3656150970707439	0.0	0.633639900466259	0.0	0.0	0.0	0.0	0.0	1.8389433369798276	0.0	0.633639900466259	0.22019691733395083	0.0	0.0	0.22019691733395083	0.0	0.47436470015870247	0.0	0.0	0.0	0.22019691733395083	0.0	0.22019691733395083	1.964386269779016	0.0	0.0	0.7499199603591649	0.47436470015870247	0.0	0.22019691733395083	0.0	0.0	0.0	0.0	0.5612634102440013	0.0	0.0	1.0105015313300811	0.22019691733395083	0.0	0.0	0.0	0.0	0.0	0.22019691733395083	0.0	0.0	0.0	0.0	0.0	0.0	0.0	0.47436470015870247	0.8415506740909837	1.7202129553997623	2.242216594453335	0.5612634102440013	0.47436470015870247
SRR13357955	0.0	3.4604320820601258	0.0	0.0	0.0	0.0	0.0	0.0	0.0	0.7422031767435373	1.002024107713482	0.0	0.0	0.0	1.002024107713482	0.0	4.360402172852225	1.002024107713482	0.0	1.4493263578339277	0.0	0.0	0.0	2.002226000596023	0.0	0.0	0.0	0.0	0.0	0.0	0.0	0.0	0.0	1.4493263578339277	0.0	0.0	0.0	0.7422031767435373	0.0	0.0	0.0	3.9949563214066943	0.0	0.7422031767435373	0.0	0.0	0.0	0.0	0.0	0.0	0.0	0.0	0.0	0.0	0.0	0.0	0.0	1.6202424817295484	0.0	2.6937673866884495	0.0	0.0	0.0	1.4493263578339277	0.7422031767435373	1.1634617387862651	0.0	0.0	0.0	0.0	0.0	0.0	0.0	2.135770845571615	0.0	0.0	0.0	0.0	2.389629062533871	0.0	0.0	0.0	0.0	0.0	0.0	0.0	0.0	0.0	0.0	1.002024107713482	0.0	0.0	0.0	0.0	0.0	0.0	0.0	0.7422031767435373	0.0	0.0	0.0	0.0	0.0	0.0	0.0	0.0	0.0	0.0	0.0	0.0	1.2808839797774638	0.0	0.0	0.0	0.0	0.0	0.0	0.0	0.0	0.0	0.0	1.8379062586686479	0.0	0.0	0.0	0.0	0.0	0.0	0.0	0.0	0.0	0.0	0.0	0.0	0.0	0.0	0.0	0.0	0.0	0.7422031767435373	1.8655405655977146	2.753138367910341	1.3732208486164534	0.0	0.0
SRR13357956	0.0	1.0822338624273835	0.0	0.0	0.0	0.0	0.0	0.3026977184764217	0.0	0.0	0.0	0.0	0.0	0.0	0.8479530846300405	0.0	4.404712240862635	1.8483797270946043	0.0	0.9572029368475766	0.0	0.0	0.0	0.7016352954613585	0.0	0.0	0.8479530846300405	0.0	0.0	0.0	0.0	0.6045591801116327	0.0	1.7192686291373418	0.0	0.0	0.0	0.3026977184764217	0.0	0.0	0.0	3.8977000968446	0.3026977184764217	0.0	0.0	1.38340210486671	0.0	0.0	0.0	0.3026977184764217	0.0	0.0	0.0	0.0	0.0	0.0	0.0	2.2181526919342636	0.0	1.6467063645396756	0.0	0.0	0.0	2.133638268262678	0.0	0.6045591801116327	0.0	0.0	0.0	0.0	0.0	0.0	0.0	0.0	0.0	0.3026977184764217	0.0	0.0	2.41828965857029	0.0	0.0	0.0	0.0	0.8479530846300405	0.0	0.0	0.0	0.47934346501518926	0.0	0.3026977184764217	0.0	0.0	0.0	0.0	0.0	0.0	0.0	0.0	0.0	0.0	0.0	0.0	0.0	1.149220155627422	0.0	0.0	0.0	0.0	0.0	0.0	0.7809272411204281	0.0	0.0	0.3026977184764217	0.0	0.0	0.47934346501518926	0.0	0.0	0.0	0.0	0.0	0.0	0.0	0.7809272411204281	0.0	0.0	0.0	0.0	0.0	0.6045591801116327	0.0	0.0	0.0	0.0	0.0	0.0	0.0	0.0	0.9060043125749438	0.3026977184764217	2.515202222675833	3.498455886628941	0.7016352954613585	0.6045591801116327
SRR13357957	0.0	0.9060552648349286	0.3027269184784932	0.0	0.0	0.0	0.0	1.281963223237046	0.3027269184784932	1.6565247690812401	1.985623326120693	0.4793823482412003	0.0	0.0	1.364968353736233	0.3027269184784932	2.11395079498557	1.082287223843022	0.3027269184784932	2.277527142757757	0.0	0.0	0.0	1.4803960123103823	0.4793823482412003	0.0	1.117070972203495	0.0	0.0	0.0	0.0	0.4793823482412003	0.4793823482412003	1.2584722575494283	0.0	0.0	0.0	1.8228800513445595	0.0	0.0	0.0	4.486703354191067	0.3027269184784932	1.082287223843022	0.7016819073382271	0.3027269184784932	0.0	0.0	0.3027269184784932	0.7016819073382271	0.0	0.4793823482412003	0.3027269184784932	0.0	0.0	0.0	0.0	3.5699416565335698	0.0	2.5877096786730855	0.0	0.0	0.3027269184784932	0.604602895608357	0.604602895608357	0.604602895608357	0.0	0.0	0.0	0.3027269184784932	0.0	0.0	0.0	0.604602895608357	0.3027269184784932	0.0	0.0	1.2072962933375668	2.1617263014736645	0.4793823482412003	0.3027269184784932	0.0	0.0	0.0	0.0	0.0	0.0	0.3027269184784932	0.0	0.9060552648349286	0.0	0.0	0.3027269184784932	0.3027269184784932	0.0	0.0	0.3027269184784932	0.0	1.082287223843022	0.0	0.0	1.0030497032842827	0.0	0.7809757826763718	0.0	0.0	0.0	0.0	0.0	0.4793823482412003	1.6467632274207205	0.0	0.0	0.7809757826763718	0.0	0.4793823482412003	1.117070972203495	0.604602895608357	0.0	0.0	0.0	0.604602895608357	0.0	0.0	0.3027269184784932	0.7016819073382271	0.0	0.0	0.0	0.0	1.4504247532870207	0.4793823482412003	0.0	0.0	0.3027269184784932	0.0	0.0	0.0	0.3027269184784932	1.4011922660794978	0.7809757826763718	3.226621496141017	0.7016819073382271	2.1037310070147193	0.9060552648349286
SRR13357958	1.3420756107615488	0.7955746103384777	0.0	0.0	0.0	0.0	0.0	2.253702875280748	0.0	2.437388286269589	2.57827656561958	0.0	0.0	0.0	3.366386274794755	1.0603658660644866	2.6844825090797326	1.6331133108210836	0.0	3.230596165344622	0.0	0.0	0.0	2.1850392526713898	0.0	0.0	1.6331133108210836	0.0	0.0	0.0	0.0	1.0603658660644866	1.3420756107615488	0.0	0.0	0.0	1.0603658660644866	2.645059488199749	0.0	0.0	0.0	2.7697523082428526	1.223672923501879	0.0	1.6831412524798974	1.223672923501879	0.0	0.0	1.3420756107615488	1.0603658660644866	0.0	1.576562987662091	0.0	0.7955746103384777	0.0	0.0	0.0	4.393018551170822	1.8058220535133258	1.9290596010532268	0.0	0.0	1.0603658660644866	0.7955746103384777	0.0	1.8717975512300133	0.0	0.0	0.0	0.7955746103384777	0.7955746103384777	0.0	0.0	0.0	0.0	0.0	0.0	1.9550876369737948	3.547288157309493	1.3420756107615488	0.0	0.0	0.0	0.0	0.0	0.0	0.0	1.4350162511386744	0.0	2.002885061156497	0.0	0.0	0.0	1.8400614263776245	0.0	0.7955746103384777	0.0	0.7955746103384777	1.901371648786988	0.0	0.0	1.5115309492118343	0.0	1.7686504583707876	0.0	0.0	0.0	0.0	0.0	0.0	2.553520438595161	0.0	0.0	1.7279969770258694	0.7955746103384777	1.0603658660644866	1.7279969770258694	1.0603658660644866	0.0	0.0	0.0	0.0	0.0	0.0	0.0	1.3420756107615488	0.0	0.0	0.0	0.0	2.334594194117222	1.223672923501879	0.0	0.0	0.0	0.7955746103384777	0.0	0.0	0.0	2.312978007707153	1.0603658660644866	1.8058220535133258	1.0603658660644866	2.8817343061243696	1.3420756107615488
SRR13357959	0.32803192501179335	1.6309049623217182	0.32803192501179335	0.0	0.0	0.0	0.0	1.2252094052330886	0.32803192501179335	0.0	0.0	0.0	0.0	0.0	1.9709055675933838	0.0	3.6496666525281976	0.8904083278333197	0.0	2.2339414343743256	0.0	0.32803192501179335	0.0	1.5824469098922092	0.0	0.0	0.5127632160079879	0.0	0.0	0.0	0.0	0.32803192501179335	0.0	0.822264702853876	0.0	0.0	0.0	0.32803192501179335	0.0	0.0	0.0	4.189836668907784	0.0	1.0893028577065602	0.5127632160079879	0.6419583538418628	0.32803192501179335	0.0	0.0	0.0	0.0	0.0	0.6419583538418628	0.0	0.0	0.0	0.0	1.0474563147969802	0.0	2.551953633553665	0.0	0.32803192501179335	0.0	0.5127632160079879	0.0	1.5421886348036724	0.0	0.0	0.0	0.0	0.0	0.0	0.0	0.5127632160079879	0.0	0.0	0.0	0.0	3.980659210365727	0.0	0.0	0.0	0.0	0.0	0.0	0.0	0.0	0.822264702853876	0.0	0.5127632160079879	0.0	0.0	0.0	0.9492957418000497	0.0	0.0	0.0	0.0	0.0	0.32803192501179335	0.0	0.0	0.0	2.636625457841708	0.0	0.0	0.0	0.0	0.32803192501179335	0.0	1.9438838848318725	0.0	0.32803192501179335	0.0	0.0	0.0	0.0	0.0	0.0	0.0	0.0	0.8904083278333197	0.0	0.0	0.0	0.0	0.0	0.0	0.0	0.0	0.0	0.0	0.0	0.0	0.0	0.0	0.0	0.0	0.0	0.0	1.253445411349771	3.8286070997650534	0.5127632160079879	0.32803192501179335	0.0
SRR13357960	0.28638020065867403	0.7534529763926034	0.0	0.0	0.0	0.0	0.28638020065867403	1.20244925096683	0.0	0.8196730419761595	0.0	0.0	0.0	0.0	2.023540371381286	0.0	2.782481174989985	0.28638020065867403	0.0	2.504305258603454	0.0	0.0	0.0	1.7111123163649862	0.0	0.0	1.1185155405299494	0.0	0.0	0.0	0.28638020065867403	0.28638020065867403	0.0	0.7534529763926034	0.0	0.28638020065867403	0.0	0.5798957175550143	0.0	0.0	0.0	4.061682527638302	0.0	0.6752871053514207	0.8771191467651592	0.45747628163083753	0.0	0.0	0.0	0.0	0.0	0.0	2.1196268426004776	0.0	0.0	0.0	0.0	1.4896369604179973	0.0	1.3332563554521477	0.0	0.28638020065867403	0.0	0.28638020065867403	0.0	1.734148636810638	0.0	0.0	0.0	0.0	0.28638020065867403	0.0	0.0	0.0	0.0	0.0	0.0	0.0	4.203085247877105	0.0	0.0	0.0	0.0	0.0	0.0	0.0	0.0	1.4483375735372728	0.0	0.45747628163083753	0.0	0.0	0.0	0.0	0.0	0.28638020065867403	0.0	0.0	0.0	0.0	0.0	0.0	0.0	3.5461927455394484	0.0	0.0	0.0	0.0	0.0	0.28638020065867403	1.2271723995501524	0.0	0.0	0.28638020065867403	0.0	0.0	0.28638020065867403	0.0	0.0	0.0	0.0	0.5798957175550143	0.0	0.0	0.0	0.0	0.0	0.0	0.0	0.0	0.28638020065867403	0.0	0.0	0.0	0.0	0.0	0.0	0.0	0.0	0.0	1.1185155405299494	3.7135474571672797	0.45747628163083753	0.0	0.0
SRR13357961	0.0	0.6860966716529322	0.0	0.0	0.0	0.0	0.0	1.5970328589389409	0.0	0.0	0.0	0.0	0.0	0.0	2.3615872183345035	0.0	3.8781327379612724	0.8552976851833676	0.0	2.2358213995623832	0.0	0.0	0.0	1.446812900610652	0.0	0.0	0.6860966716529322	0.0	0.0	0.0	0.0	0.0	0.24816781361846887	0.6109977042210739	0.0	0.24816781361846887	0.0	0.4051048333815459	0.0	0.0	0.0	3.8715684942448747	0.0	0.5201400500206828	0.24816781361846887	0.4051048333815459	0.0	0.0	0.0	0.0	0.0	0.24816781361846887	1.2542446062074357	0.0	0.0	0.0	0.0	0.6860966716529322	0.0	1.2900130892477628	0.0	0.0	0.0	0.6109977042210739	0.0	1.2900130892477628	0.0	0.0	0.0	0.0	0.0	0.0	0.0	0.4051048333815459	0.0	0.0	0.0	0.0	4.337976197611456	0.0	0.24816781361846887	0.0	0.0	0.0	0.0	0.0	0.0	1.4701066958459652	0.0	0.4051048333815459	0.0	0.0	0.0	0.24816781361846887	0.0	0.4051048333815459	0.0	0.0	0.0	0.0	0.0	0.0	0.0	0.24816781361846887	0.0	0.0	0.0	0.0	0.0	0.24816781361846887	1.605417609232134	0.0	0.0	0.0	0.0	0.24816781361846887	0.0	0.0	0.0	0.0	0.0	0.4051048333815459	0.0	0.0	0.0	0.0	0.0	0.0	0.0	0.0	0.0	0.0	0.0	0.0	0.0	0.0	0.0	0.0	0.0	0.4051048333815459	0.8552976851833676	2.326739855866692	0.4051048333815459	0.0	0.0
SRR13357962	0.3717756039406558	1.269508880276961	0.0	0.0	0.0	0.0	0.0	0.48154999175737156	0.0	0.22451140760283733	0.22451140760283733	0.0	0.0	0.0	1.6660815728366543	0.0	4.009209220691746	0.8903742794325505	0.0	2.884180865581038	0.0	0.0	0.22451140760283733	2.8071038329731617	0.0	0.0	0.7042790949888199	0.0	0.0	0.0	0.0	0.0	0.22451140760283733	1.1822789223778747	0.0	0.0	0.0	0.48154999175737156	0.0	0.0	0.0	4.305922555274101	0.0	0.7042790949888199	0.48154999175737156	0.7587919287529827	0.3717756039406558	0.3717756039406558	0.48154999175737156	1.0730090513359345	0.22451140760283733	0.7042790949888199	1.946069944003733	0.0	0.0	0.641928188048259	0.0	1.0202298703580108	0.0	3.5428881341545733	0.0	0.3717756039406558	0.0	0.7042790949888199	0.48154999175737156	0.48154999175737156	2.027752950132297	0.0	0.0	0.0	0.0	1.0971732374814596	0.0	0.5691005494498113	0.0	0.0	0.0	0.0	1.6907369552927098	0.0	0.0	0.0	0.0	0.0	0.0	0.0	0.0	0.22451140760283733	0.0	0.8507838794657596	0.22451140760283733	0.0	0.0	0.0	0.0	0.22451140760283733	0.22451140760283733	0.48154999175737156	0.48154999175737156	0.0	0.0	0.0	0.0	0.7042790949888199	0.22451140760283733	0.0	0.0	0.0	0.0	0.0	0.9601375126431155	0.0	0.0	0.3717756039406558	0.22451140760283733	0.0	2.942964828213977	0.5691005494498113	0.0	0.0	0.0	0.7587919287529827	0.0	0.0	0.0	0.22451140760283733	0.3717756039406558	0.22451140760283733	0.0	0.0	0.0	0.0	0.0	0.0	0.48154999175737156	0.0	0.0	0.0	0.0	0.3717756039406558	1.1822789223778747	2.9733864771056076	0.8072190729465564	0.3717756039406558	0.0
SRR13357966	0.0	0.5693708459336217	0.0	0.0	0.0	0.0	0.2795128629405392	0.6640115503545505	0.0	0.4481881369573453	0.8075314871765392	0.2795128629405392	0.0	0.0	0.9604670427259093	0.0	4.397948843282196	1.1052791782328888	0.0	1.337987401874892	0.0	0.0	0.0	0.7416733094757826	0.2795128629405392	0.0	0.2795128629405392	0.0	0.0	0.0	0.0	0.0	0.0	1.1052791782328888	0.0	0.0	0.0	0.8075314871765392	0.0	0.0	0.2795128629405392	3.9997994607397347	0.0	0.2795128629405392	0.4481881369573453	0.8647051807234842	0.0	0.0	0.0	0.0	0.0	0.2795128629405392	0.9152202162764831	0.0	0.0	0.8647051807234842	0.0	2.0244267781976744	0.0	2.7048895455092317	0.0	0.7416733094757826	0.0	1.3003740806999011	0.4481881369573453	0.8075314871765392	0.0	0.0	0.0	0.0	0.0	0.0	0.0	2.1788385410916886	0.0	0.0	0.0	0.0	1.5012378304216203	0.0	0.0	0.0	0.0	0.0	0.0	0.0	0.0	0.0	0.0	1.2591915899044455	0.0	0.0	0.0	0.0	0.0	0.2795128629405392	0.0	0.0	0.0	0.0	0.0	0.2795128629405392	0.0	0.2795128629405392	1.3726011731266476	0.0	0.0	0.0	0.0	0.0	0.7416733094757826	0.0	0.0	1.2802707998530825	0.0	0.0	1.5697598548715848	0.2795128629405392	0.0	0.0	0.0	1.5368488499468673	0.0	0.0	0.4481881369573453	0.0	0.0	0.0	0.0	0.0	0.2795128629405392	0.0	0.0	0.0	0.2795128629405392	0.0	0.0	0.0	0.0	0.5693708459336217	0.0	3.188613100410294	0.4481881369573453	0.9604670427259093	0.4481881369573453
SRR13357967	0.0	0.5448630437129327	0.0	0.0	0.2637475118124161	0.0	0.4266644362643097	0.7141079174531262	0.0	1.7226273256666924	1.847227601111494	0.2637475118124161	0.0	0.0	1.503959801729355	0.2637475118124161	4.2466087458909225	1.268224253179869	0.0	2.5997179369983248	0.0	0.0	0.0	1.567323446866426	0.0	0.0	0.9710302986449117	0.0	0.0	0.0	0.0	0.6376781905111301	0.4266644362643097	0.9710302986449117	0.0	0.2637475118124161	0.0	1.8367869418304803	0.2637475118124161	0.0	0.0	3.896175698660362	0.8355825579867218	0.2637475118124161	0.6376781905111301	0.7790786082686703	0.0	0.0	0.5448630437129327	0.5448630437129327	0.0	0.0	1.7620181712436653	0.0	0.0	0.6376781905111301	0.0	3.2133439189673507	0.0	1.577040279796273	0.0	0.2637475118124161	0.6376781905111301	1.0081818677181154	0.0	0.6376781905111301	0.0	0.0	0.0	0.2637475118124161	0.0	0.0	0.0	1.3872685306292416	0.2637475118124161	0.0	0.0	1.268224253179869	1.7556961688968604	0.7790786082686703	0.2637475118124161	0.0	0.0	0.0	0.0	0.0	0.2637475118124161	0.2637475118124161	0.0	0.2637475118124161	0.0	0.0	0.0	0.0	0.0	0.4266644362643097	0.0	0.4266644362643097	0.7141079174531262	0.0	0.0	0.8855742142061204	0.0	1.5261242286454837	0.0	0.0	0.0	0.0	0.0	0.0	1.7294456041003015	0.0	0.0	0.7141079174531262	0.0	0.6376781905111301	1.1573822626545445	0.7790786082686703	0.0	0.0	0.0	0.8355825579867218	0.0	0.2637475118124161	0.0	0.5448630437129327	0.0	0.2637475118124161	0.2637475118124161	0.0	1.3721331680203401	0.4266644362643097	0.0	0.0	0.2637475118124161	0.2637475118124161	0.0	0.0	0.0	1.577040279796273	0.0	2.8390149227667	3.9312206019211984	1.9908475804109813	0.5448630437129327
SRR13357969	0.26592161513518764	0.26592161513518764	0.0	0.0	0.0	0.4296497312646804	0.0	0.4296497312646804	0.4296497312646804	0.0	0.0	0.0	0.0	0.0	1.4476205921591678	0.0	4.434403434822513	0.9752858456033758	0.0	2.0543938044915118	0.0	0.0	0.0	2.4040808312714748	0.0	0.0	0.4296497312646804	0.0	0.0	0.0	0.0	0.4296497312646804	0.0	1.4476205921591678	0.0	0.26592161513518764	0.0	0.0	0.0	0.0	0.0	3.9802015315017467	0.0	0.26592161513518764	0.26592161513518764	0.4296497312646804	0.0	0.0	0.0	0.4296497312646804	0.0	0.0	0.5482723626683333	0.0	0.0	0.5482723626683333	0.0	1.3766942017105346	0.0	2.017247337215818	0.0	0.0	0.0	0.8396525550046323	0.0	1.0784884211946666	0.0	0.0	0.0	0.0	0.0	0.0	0.0	0.8897195208988151	0.0	0.26592161513518764	0.0	0.0	1.9992517013823081	0.0	0.5482723626683333	0.8897195208988151	0.0	0.0	0.0	0.0	0.0	0.0	0.0	0.5482723626683333	0.0	0.0	0.0	0.26592161513518764	0.0	0.0	0.0	0.4296497312646804	0.0	0.0	0.0	0.0	0.0	0.4296497312646804	0.0	0.0	0.0	0.0	0.0	0.0	1.2526989122746819	0.0	0.0	0.0	0.0	0.0	1.530745303346	0.0	0.0	0.26592161513518764	0.0	0.8396525550046323	0.0	0.0	0.6413481454168461	0.0	0.0	0.0	0.0	0.0	0.0	0.4296497312646804	0.0	0.0	0.0	0.0	0.0	0.0	0.0	0.0	0.4296497312646804	1.9688115181856667	0.7179543017421957	0.0	0.26592161513518764
SRR13357970	0.24264899877233692	2.5646468280646757	0.0	0.0	0.0	0.24264899877233692	0.0	0.24264899877233692	0.0	0.24264899877233692	0.0	0.0	0.0	0.0	1.5110030119460671	0.0	4.4073698436960935	1.0873019831365052	0.0	1.3701982272940567	0.0	0.0	0.0	2.2549719920241142	0.0	0.0	0.24264899877233692	0.0	0.0	0.0	0.0	0.0	0.0	1.6618692722428565	0.0	0.511254722389449	0.0	0.24264899877233692	0.0	0.0	0.0	4.004979788549122	0.0	0.0	0.0	0.7951171513399719	0.0	0.0	0.0	2.6043989765368782	0.0	0.0	1.6618692722428565	0.0	0.0	0.511254722389449	0.0	1.310889887870381	0.24264899877233692	2.1302356707901398	0.0	0.24264899877233692	0.0	1.2947048109669024	0.24264899877233692	0.24264899877233692	0.0	0.0	0.0	0.39739524115472497	0.0	0.0	0.0	1.5760327162222376	0.0	0.39739524115472497	0.0	0.0	1.9008337672972648	0.0	0.24264899877233692	0.24264899877233692	0.0	2.6561495297965836	0.0	0.0	0.0	0.0	0.0	0.0	0.0	0.0	0.0	0.0	0.0	0.0	0.0	0.0	0.0	0.0	0.0	0.0	0.0	0.0	0.0	0.0	0.24264899877233692	0.24264899877233692	0.0	0.0	0.0	0.0	0.0	0.511254722389449	0.0	0.0	0.39739524115472497	0.0	0.0	0.24264899877233692	0.0	1.6092416001669638	0.0	0.0	0.39739524115472497	0.0	0.24264899877233692	0.0	0.0	0.0	0.0	0.0	0.0	0.0	0.0	0.0	0.0	0.0	0.0	0.39739524115472497	0.39739524115472497	1.2778931291020763	1.3701982272940567	0.24264899877233692	0.0
SRR13357971	0.0	2.4802544983149257	0.0	0.0	0.0	0.0	0.0	0.0	0.0	0.0	0.0	0.0	0.0	0.0	1.0342606713609808	0.0	4.38170155998915	1.149047924697143	0.0	1.918241506695507	0.0	0.0	0.0	2.5333341430157073	0.0	0.0	0.4210780800411791	0.0	0.0	0.0	0.0	0.0	0.0	1.7950467812184303	0.0	0.0	0.0	0.4210780800411791	0.0	0.0	0.0	4.067306470187802	0.0	0.0	0.0	0.7068895471885059	0.0	0.0	0.0	2.2675016854308754	0.0	0.0	1.5778147762435575	0.0	0.0	0.4210780800411791	0.0	1.4472710752989486	0.0	2.203495572700597	0.0	0.0	0.0	1.2971751241237421	0.0	0.7068895471885059	0.0	0.0	0.0	0.2596900680139776	0.0	0.0	0.0	1.8682789864053715	0.0	0.0	0.0	0.0	2.5673572170388925	0.0	0.0	0.0	0.0	2.0209292365701397	0.0	0.0	0.0	0.0	0.0	0.538474209858331	0.0	0.0	0.0	0.0	0.0	0.2596900680139776	0.0	0.2596900680139776	0.0	0.0	0.0	0.2596900680139776	0.0	0.538474209858331	0.0	0.0	0.0	0.0	0.0	0.0	0.2596900680139776	0.0	0.0	0.0	0.0	0.0	0.0	0.0	0.0	0.2596900680139776	0.0	0.8777871027084647	0.0	0.0	0.538474209858331	0.2596900680139776	0.0	0.0	0.2596900680139776	0.0	0.0	0.0	0.0	0.2596900680139776	0.4210780800411791	0.0	0.0	0.0	0.0	0.2596900680139776	0.538474209858331	0.922498357402779	1.5385047486022794	0.2596900680139776	0.0
SRR13357972	0.0	2.7934298364778067	0.0	0.2517410217294195	0.0	0.0	0.0	0.9840611902180322	0.0	0.0	0.2517410217294195	0.0	0.0	0.0	0.9471505907046971	0.0	4.157845638773183	1.5107715215052246	0.0	3.410616026376569	0.0	0.0	0.0	3.3461638296944396	0.0	0.2517410217294195	0.5258565966443673	0.2517410217294195	0.0	0.0	0.0	0.0	0.2517410217294195	2.37979205896392	0.2517410217294195	0.5258565966443673	0.0	0.5258565966443673	0.0	0.0	0.0	3.6689829030136036	0.0	0.5258565966443673	0.6171776208815498	0.6171776208815498	0.0	0.0	0.2517410217294195	2.1698918839609207	0.0	0.0	2.0230927188958114	0.0	0.0	0.2517410217294195	0.0	1.6752276290964014	0.0	2.3579103204521457	0.0	0.0	0.0	1.5788094684609815	0.0	0.6171776208815498	0.0	0.0	0.0	0.0	0.2517410217294195	0.2517410217294195	0.0	1.2977636135234376	0.0	0.0	0.0	0.0	2.499624480040432	0.0	0.0	0.0	0.0	2.0066118791123007	0.0	0.0	0.0	0.5258565966443673	0.0	0.5258565966443673	0.0	0.0	0.0	0.0	0.0	0.6171776208815498	0.0	0.2517410217294195	0.5258565966443673	0.0	0.0	0.0	0.0	0.6171776208815498	0.0	0.0	0.0	0.0	0.0	0.41007591853560194	1.3615735793452672	0.0	0.0	0.0	0.0	0.2517410217294195	0.41007591853560194	0.0	0.0	0.0	0.0	1.1569179867528336	0.0	0.0	0.5258565966443673	0.0	0.41007591853560194	0.0	0.0	0.0	0.0	0.0	0.0	0.0	0.2517410217294195	0.0	0.0	0.0	0.0	0.0	0.41007591853560194	1.3146163511876199	4.070652103764596	0.41007591853560194	0.41007591853560194
SRR13357975	0.0	0.24613970708280558	0.0	0.0	0.0	0.0	0.0	0.24613970708280558	0.24613970708280558	0.24613970708280558	0.8512793622713531	0.0	0.0	0.0	0.8512793622713531	0.40227615446391635	4.2216026653108	1.609084406566331	0.0	0.40227615446391635	0.0	0.0	0.0	0.6074734425562465	0.0	0.0	0.24613970708280558	0.0	0.0	0.0	0.0	0.0	0.0	1.528779793140425	0.0	0.0	0.0	0.40227615446391635	0.0	0.0	0.0	4.212095478786205	0.0	0.0	0.0	1.1205965366524762	0.0	0.0	0.24613970708280558	0.0	0.0	0.40227615446391635	0.0	0.0	0.0	0.0	0.0	2.0262509678179472	0.0	2.9823974417115777	0.0	0.24613970708280558	0.0	1.1680781007975596	0.24613970708280558	3.4023954658382225	0.0	0.0	0.0	0.0	0.0	0.0	0.0	0.24613970708280558	0.0	0.24613970708280558	0.0	0.24613970708280558	1.5384718021192145	0.0	0.0	0.0	0.0	0.0	0.0	0.0	0.0	0.0	0.0	0.6823901186857034	0.24613970708280558	0.0	0.0	0.0	0.0	0.24613970708280558	0.0	0.5168827801564504	0.40227615446391635	0.0	0.0	0.24613970708280558	0.0	0.7462649429824895	0.0	0.0	0.0	0.0	0.0	0.0	0.6074734425562465	0.0	0.0	0.0	0.0	0.0	0.5168827801564504	0.0	0.0	0.0	0.0	1.7292900613544746	0.0	0.0	0.5168827801564504	0.24613970708280558	0.0	0.0	0.0	0.0	0.24613970708280558	0.0	0.0	0.0	0.0	0.0	0.0	0.0	0.0	0.40227615446391635	0.5168827801564504	2.9162150886168825	0.5168827801564504	0.8512793622713531	0.40227615446391635
SRR13357977	0.0	0.6727291849078789	0.0	0.0	0.0	0.0	0.0	0.736253419739244	0.5084088228609602	1.1566888729721738	1.3798924821414629	0.0	0.0	0.0	1.6578400064941106	0.3949303515397511	2.313059901393259	0.7916606330424532	0.0	1.6507025799980415	0.0	0.0	0.0	1.1093044299581978	0.0	0.0	0.736253419739244	0.0	0.0	0.0	0.0	0.24089042395183305	0.3949303515397511	1.4059458306027972	0.0	0.0	0.0	0.99547765665696	0.0	0.0	0.0	4.516715073203444	0.0	0.5982946496925007	0.5982946496925007	0.3949303515397511	0.0	0.5982946496925007	0.0	0.5084088228609602	0.0	0.24089042395183305	0.3949303515397511	0.0	0.0	0.0	0.0	2.42675666918044	0.0	3.263669932276332	0.0	0.24089042395183305	0.0	0.3949303515397511	0.0	0.3949303515397511	0.0	0.0	0.0	0.0	0.24089042395183305	0.0	0.0	0.9249857099122705	0.0	0.0	0.0	0.5084088228609602	2.4045024026723185	0.0	0.0	0.0	0.0	0.0	0.0	0.0	0.24089042395183305	0.8407921175497626	0.0	1.1093044299581978	0.24089042395183305	0.0	0.0	0.0	0.0	0.0	0.0	0.3949303515397511	0.5084088228609602	0.0	0.0	0.24089042395183305	0.0	1.6918669754357003	0.0	0.0	0.0	0.0	0.0	0.0	1.0835209605273937	0.0	0.0	0.3949303515397511	0.0	0.0	0.6727291849078789	0.3949303515397511	0.0	0.0	0.0	1.3069727268234315	0.0	0.0	0.24089042395183305	0.5084088228609602	0.0	0.24089042395183305	0.0	0.0	0.5982946496925007	0.24089042395183305	0.0	0.0	0.0	0.0	0.0	0.0	0.24089042395183305	0.8849259786381458	0.5084088228609602	3.084439901154202	2.789816823142099	1.2382991765624627	0.5084088228609602
SRR13357978	0.290264812910292	0.290264812910292	0.0	0.0	0.0	0.0	0.0	0.5858104681354472	0.0	0.0	0.290264812910292	0.0	0.0	0.0	1.5808146399879335	0.0	1.9229326883608537	0.290264812910292	0.0	1.3593379289687213	0.0	0.0	0.0	0.290264812910292	0.0	0.0	0.290264812910292	0.0	0.0	0.0	0.0	0.0	0.0	0.8840721015922841	0.0	0.0	0.0	0.0	0.0	0.0	0.0	4.541285935767798	0.0	0.0	0.681615252951898	0.5858104681354472	0.0	0.0	0.0	0.681615252951898	0.0	0.0	0.290264812910292	0.0	0.0	0.0	0.0	1.7914532225874116	0.5858104681354472	2.99483306082352	0.0	0.0	0.0	0.290264812910292	0.290264812910292	0.0	0.0	0.0	0.0	0.5858104681354472	0.0	0.290264812910292	0.0	2.53576513078338	0.0	0.0	0.0	0.0	2.294274346872739	0.0	0.681615252951898	0.0	0.0	0.0	0.0	0.0	0.0	0.4627075510067692	0.0	0.9804263182478316	0.0	0.0	0.0	0.290264812910292	0.0	0.0	0.0	0.4627075510067692	0.290264812910292	0.0	0.0	0.0	0.0	0.5858104681354472	0.0	0.0	0.0	0.0	0.0	0.0	1.8705771753000129	0.0	0.0	0.290264812910292	0.0	0.0	0.290264812910292	0.0	0.0	0.0	0.0	1.0216167191584258	0.0	0.0	0.0	0.290264812910292	0.0	0.0	0.0	0.0	0.0	0.0	0.0	0.4627075510067692	0.290264812910292	0.0	0.0	0.0	0.0	0.681615252951898	0.7600581145083274	2.981678707207754	0.4627075510067692	0.0	0.0
SRR13357979	0.31659338231904033	0.49775091681251404	0.0	0.0	0.0	0.0	0.49775091681251404	0.31659338231904033	0.31659338231904033	0.31659338231904033	0.0	0.0	0.0	0.0	1.204706004353741	0.0	3.7796232898239714	0.6252007993333973	0.0	1.7201811722014133	0.0	0.0	0.0	2.3669118872944996	0.0	0.0	0.31659338231904033	0.0	0.0	0.0	0.0	0.0	0.0	0.9299704974283154	0.0	0.49775091681251404	0.0	0.871446274789752	0.0	0.0	0.8037887679694357	4.455207502314342	0.0	1.3716663439290473	0.9815365615107702	0.871446274789752	0.0	0.31659338231904033	0.31659338231904033	1.7859446570567452	0.0	0.0	2.9390368383152716	0.0	0.0	0.0	0.0	1.3910300475984294	0.7236105598233876	2.003401812872323	0.0	1.2592963138472963	0.0	0.871446274789752	0.31659338231904033	0.0	0.0	0.0	0.0	0.0	0.31659338231904033	0.0	0.0	2.372876690895737	0.0	0.0	0.0	0.0	2.29049735737658	0.0	0.31659338231904033	0.0	0.0	0.0	0.0	0.0	0.31659338231904033	0.0	0.0	1.0276246020913387	0.6252007993333973	0.0	0.0	0.0	0.0	0.0	0.0	0.31659338231904033	0.0	0.0	0.0	0.0	0.0	0.7236105598233876	1.586069567223746	0.0	0.0	0.0	0.0	0.0	1.875264178044191	0.0	0.0	1.5482062730363186	0.0	0.0	2.431871603951773	0.49775091681251404	0.0	0.0	0.0	1.5209961601221185	0.0	0.0	0.0	0.49775091681251404	0.0	0.0	0.0	0.0	0.31659338231904033	0.0	0.0	0.0	0.31659338231904033	0.0	0.0	0.0	0.0	0.6252007993333973	0.31659338231904033	2.8474470978347304	0.9815365615107702	0.31659338231904033	0.0
SRR13357983	0.0	0.5598187335645041	0.0	0.0	0.0	0.6321111161632109	0.0	0.4730413645539992	0.0	0.0	0.2194054177052041	0.0	0.2194054177052041	0.0	1.1299801042377773	0.0	4.267492236550543	1.5622343615202559	0.0	3.214935729777771	0.0	0.0	0.0	2.811880925250516	0.0	0.0	0.3644820884276415	0.2194054177052041	0.0	0.0	0.0	0.0	0.2194054177052041	1.4463813584680691	0.0	0.2194054177052041	0.2194054177052041	0.7964723999198329	0.0	0.0	0.0	4.1115461534721	0.0	0.9487940939379476	0.3644820884276415	1.1082840111602599	0.2194054177052041	0.2194054177052041	0.3644820884276415	2.410529877792624	0.0	0.0	0.9154251623430169	0.0	0.0	0.3644820884276415	0.0	1.7127621305494372	0.0	2.5110803763984912	0.0	0.2194054177052041	0.0	1.257443977714333	0.2194054177052041	0.3644820884276415	0.0	0.0	0.0	0.0	0.3644820884276415	0.2194054177052041	0.0	1.5996829591032156	0.2194054177052041	0.0	0.2194054177052041	0.0	1.4759894557267341	0.0	0.6321111161632109	0.0	0.0	0.0	0.0	0.0	0.0	0.0	0.0	0.2194054177052041	0.2194054177052041	0.0	0.0	0.0	0.0	0.3644820884276415	0.2194054177052041	0.2194054177052041	0.0	0.2194054177052041	0.0	0.0	0.0	0.4730413645539992	0.0	0.0	0.4730413645539992	0.0	0.0	0.3644820884276415	1.7548976663984577	0.0	0.2194054177052041	0.0	0.6321111161632109	0.0	0.6321111161632109	0.0	0.0	0.0	0.0	0.5598187335645041	0.0	0.0	0.4730413645539992	0.3644820884276415	0.0	0.0	0.2194054177052041	0.0	0.2194054177052041	0.0	0.0	0.0	0.3644820884276415	0.0	0.0	0.0	0.0	0.3644820884276415	1.1506436995178748	3.4680354571484178	0.2194054177052041	0.7482822064588259	0.3644820884276415
SRR13357984	0.0	1.49925249350615	0.0	0.3468878395675549	0.0	0.0	0.0	0.98041929586182	0.0	1.0793484887387381	1.5157563849820008	0.0	0.0	0.0	2.077750679574502	0.0	4.298448294899858	0.7701848279912314	0.0	3.7344042174116123	0.0	0.0	0.0	2.3173159270076527	0.3468878395675549	0.0	0.3468878395675549	0.0	0.0	0.0	0.0	0.3468878395675549	0.7701848279912314	0.7701848279912314	0.0	0.0	0.0	1.4456071149509218	0.0	0.0	0.0	3.946219627966983	0.0	0.3468878395675549	1.032694743695092	0.5372486682364752	0.0	0.0	0.3468878395675549	1.841817324642943	0.0	0.3468878395675549	0.5372486682364752	0.0	0.0	0.3468878395675549	0.0	2.7904673117799903	0.3468878395675549	2.131942292841026	0.0	0.5372486682364752	0.0	1.3131027884922533	0.0	0.98041929586182	0.0	0.0	0.0	0.3468878395675549	0.0	0.0	0.0	0.3468878395675549	0.0	0.0	0.0	1.032694743695092	3.264527851188066	0.5372486682364752	0.3468878395675549	0.0	0.0	0.5372486682364752	0.0	0.0	0.0	0.0	0.0	0.98041929586182	0.0	0.0	0.0	0.0	0.0	0.0	0.0	0.5372486682364752	0.5372486682364752	0.0	0.0	0.5372486682364752	0.0	0.5372486682364752	0.0	0.0	0.0	0.0	0.0	0.0	1.4456071149509218	0.0	0.0	1.3131027884922533	0.0	0.5372486682364752	0.5372486682364752	0.3468878395675549	0.0	0.0	0.0	0.5372486682364752	0.0	0.0	0.3468878395675549	0.0	0.0	0.0	0.0	0.0	1.121473099772243	0.0	0.0	0.0	0.8520942564540925	0.0	0.0	0.0	0.0	1.0793484887387381	1.032694743695092	1.3381876294727386	2.111891503902872	1.546994017433953	0.0
SRR13357986	0.45149050558697296	0.28195013412307485	0.0	0.0	0.0	0.28195013412307485	0.0	1.3052386743531428	0.0	1.725095012559823	1.978389268887394	0.45149050558697296	0.0	0.28195013412307485	2.3502961344083357	0.0	3.7860059205498926	1.1397691137561397	0.0	2.5975455844560136	0.0	0.0	0.0	2.2578347967239716	0.28195013412307485	0.0	0.8691291785472959	0.0	0.0	0.0	0.45149050558697296	0.5731163668304442	0.8691291785472959	0.0	0.0	0.0	0.0	1.943659860037641	0.28195013412307485	0.0	0.28195013412307485	4.1659807086463605	1.0060534342619096	0.8691291785472959	0.28195013412307485	0.0	0.0	0.0	0.6680264561868002	1.5061968422407035	0.0	0.5731163668304442	0.0	0.0	0.0	0.0	0.0	3.4785675025980787	0.7458692849398025	4.081310026911035	0.0	0.28195013412307485	0.45149050558697296	1.0780373184578416	0.0	0.0	0.0	0.0	0.0	0.0	0.0	0.0	0.0	0.0	0.28195013412307485	0.0	0.0	1.2851233116827752	2.2915679635408375	0.7458692849398025	0.0	0.0	0.0	0.0	0.0	0.0	0.0	0.45149050558697296	0.0	1.2418613931359228	0.0	0.0	0.0	1.0060534342619096	0.0	0.5731163668304442	0.0	0.5731163668304442	1.1938083039751946	0.0	0.0	0.8691291785472959	0.0	1.3605341040303949	0.0	0.0	0.0	0.0	0.0	0.0	1.7677810741595743	0.0	0.28195013412307485	0.9197206413643542	0.0	0.8691291785472959	1.1938083039751946	0.7458692849398025	0.0	0.0	0.0	1.2640308177709816	0.0	0.28195013412307485	0.0	0.5731163668304442	0.28195013412307485	0.0	0.0	0.0	1.3938372747004955	0.45149050558697296	0.0	0.0	0.0	0.5731163668304442	0.0	0.0	0.0	1.5418205005462673	1.3052386743531428	1.1938083039751946	0.28195013412307485	2.081846619914882	0.28195013412307485
SRR13357987	0.0	0.5729772137953075	0.0	0.0	0.0	0.0	0.0	1.0433623517624795	0.0	2.006466122529223	2.2305070588590925	0.0	0.0	0.0	1.8126096277993222	0.0	4.432051883334895	1.493458129471135	0.0	1.4534574147466925	0.0	0.0	0.0	2.006466122529223	0.28185945372329335	0.0	0.9648594384987422	0.0	0.0	0.0	0.0	0.919553581896562	0.8116969132637882	0.5729772137953075	0.0	0.0	0.0	2.140022191587522	0.0	0.0	0.0	2.064900307397986	0.7457134743960531	0.4513677562700231	0.6678773394771311	0.7457134743960531	0.0	0.0	0.6678773394771311	0.5729772137953075	0.0	0.0	0.0	0.0	0.0	0.0	0.0	3.6313063816793507	0.0	0.7457134743960531	0.0	0.0	0.868964942230122	0.7457134743960531	0.0	0.5729772137953075	0.0	0.0	0.0	0.0	0.0	0.28185945372329335	0.0	0.0	0.4513677562700231	0.0	0.0	1.5182148145717191	3.676450500819036	0.8116969132637882	0.0	0.0	0.0	0.0	0.0	0.28185945372329335	0.28185945372329335	0.0	0.0	0.4513677562700231	0.0	0.0	0.0	0.8116969132637882	0.0	0.4513677562700231	0.0	0.4513677562700231	1.3050581694137537	0.0	0.0	1.139592970828155	0.0	1.241682366008484	0.0	0.0	0.0	0.0	0.0	0.0	2.1040835001675267	0.0	0.28185945372329335	1.3426918656200135	0.0	1.0778632784214062	1.493458129471135	0.8116969132637882	0.0	0.28185945372329335	0.0	0.28185945372329335	0.0	0.0	0.0	0.6678773394771311	0.0	0.0	0.0	0.0	1.7607651477010255	0.5729772137953075	0.0	0.0	0.0	0.0	0.0	0.0	0.0	1.8803458785371947	0.0	1.480529638122573	0.7457134743960531	2.4096258477603243	0.7457134743960531
SRR13357991	0.0	0.0	0.4734143096027499	0.0	0.0	0.0	0.0	1.4570189919885965	0.0	1.6666448151751418	1.9535306661976388	0.0	0.0	0.0	1.9988045465854833	0.4734143096027499	4.388546703100139	1.2734763210041222	0.0	2.5347732856960836	0.0	0.0	0.0	2.3906495187098926	0.0	0.0	1.036329876419434	0.0	0.0	0.0	0.0	0.8403261300410876	1.036329876419434	0.8403261300410876	0.0	0.0	0.0	1.8695636827571007	0.0	0.0	0.0	3.9494903407320097	0.0	0.8403261300410876	0.8403261300410876	0.6945178581144517	0.0	0.0	0.0	0.4734143096027499	0.0	0.0	0.4734143096027499	0.0	0.0	0.0	0.0	3.2904371551466194	0.8403261300410876	2.6994466699288373	0.0	0.0	0.4734143096027499	0.8403261300410876	0.0	0.8403261300410876	0.0	0.0	0.0	0.0	0.0	0.0	0.0	0.0	0.0	0.0	0.0	1.42599907667667	2.4899899040116584	0.6945178581144517	0.0	0.0	0.0	0.0	0.0	0.0	0.0	0.6945178581144517	0.0	0.6945178581144517	0.0	0.0	0.0	0.8403261300410876	0.0	0.4734143096027499	0.0	0.0	1.1708926308489516	0.0	0.0	0.4734143096027499	0.0	1.1088021913665647	0.0	0.0	0.0	0.0	0.0	0.0	1.8074272779846148	0.0	0.0	1.2734763210041222	0.4734143096027499	0.6945178581144517	1.2252063424833688	0.6945178581144517	0.0	0.0	0.0	1.036329876419434	0.0	0.0	0.0	0.6945178581144517	0.0	0.0	0.0	0.0	1.5131115027942355	0.4734143096027499	0.0	0.0	0.0	0.0	0.0	0.0	0.0	1.6280265095851416	1.2252063424833688	1.8074272779846148	0.6945178581144517	2.1050608320472994	0.4734143096027499
SRR13357992	0.0	3.1607021504515913	0.0	0.0	0.0	0.0	0.0	0.0	0.0	0.0	0.0	0.0	0.0	0.0	0.0	0.0	4.2743685162980425	3.4615821337121258	0.0	3.1607021504515913	0.0	0.0	0.0	0.0	0.0	0.0	0.0	0.0	0.0	0.0	0.0	0.0	0.0	0.0	0.0	0.0	0.0	0.0	0.0	0.0	0.0	3.8594321100637616	0.0	0.0	0.0	0.0	0.0	0.0	0.0	3.1607021504515913	0.0	0.0	0.0	0.0	0.0	0.0	0.0	0.0	0.0	0.0	0.0	0.0	0.0	0.0	0.0	3.1607021504515913	0.0	0.0	0.0	0.0	0.0	0.0	0.0	0.0	0.0	0.0	0.0	0.0	3.1607021504515913	0.0	0.0	0.0	0.0	0.0	0.0	0.0	0.0	0.0	0.0	0.0	0.0	0.0	0.0	0.0	0.0	0.0	0.0	0.0	0.0	0.0	0.0	0.0	0.0	0.0	0.0	0.0	0.0	0.0	0.0	0.0	0.0	0.0	0.0	0.0	0.0	0.0	0.0	0.0	0.0	0.0	0.0	0.0	0.0	0.0	0.0	0.0	0.0	0.0	0.0	0.0	0.0	0.0	0.0	0.0	0.0	0.0	0.0	0.0	0.0	0.0	0.0	3.1607021504515913	0.0	0.0	0.0
SRR13357996	0.0	0.45954329888176004	0.2879136772158127	0.0	0.0	0.2879136772158127	0.0	0.0	0.0	0.9306434959330507	0.67778944019632	0.0	0.0	0.0	1.4367032499944896	0.0	4.252113909088199	1.0172421407573904	0.0	0.5822339098345661	0.0	0.0	0.0	3.554405020240845	0.0	0.0	0.5822339098345661	0.2879136772158127	0.0	0.0	0.0	0.0	0.0	0.7560653452299134	0.0	0.0	0.0	0.9306434959330507	0.0	0.0	0.0	3.1919109783597417	0.0	0.0	0.0	0.45954329888176004	0.0	0.0	0.2879136772158127	2.4548921584566155	0.0	0.2879136772158127	0.45954329888176004	0.0	0.0	0.2879136772158127	0.0	2.74792200221382	0.0	2.385085048144426	0.0	0.45954329888176004	0.0	0.67778944019632	0.0	3.409531573185891	0.0	0.0	0.0	0.0	0.0	0.0	0.0	0.0	0.0	0.0	0.0	0.45954329888176004	1.4793665939074214	0.2879136772158127	0.0	0.0	0.0	0.0	0.0	0.0	0.0	0.0	0.0	0.0	0.0	0.0	0.0	0.7560653452299134	0.0	2.0110373532770347	0.0	0.0	0.0	0.0	0.0	0.0	0.0	0.45954329888176004	0.2879136772158127	0.0	0.2879136772158127	0.0	0.2879136772158127	0.0	0.9306434959330507	0.0	0.0	0.67778944019632	0.0	0.0	2.386764695192538	0.0	0.0	0.0	0.0	2.0228221300924716	0.0	0.0	0.0	0.45954329888176004	0.0	0.0	0.0	0.0	0.2879136772158127	0.2879136772158127	0.0	0.0	0.0	0.0	0.0	0.0	0.0	0.8223643052666944	0.2879136772158127	3.0151711351286616	3.969435289025035	1.0172421407573904	0.45954329888176004
SRR13357997	0.0	2.7708995668189447	0.2814571589176803	0.2814571589176803	0.0	0.0	0.0	0.2814571589176803	0.0	0.2814571589176803	0.2814571589176803	0.0	0.0	0.0	1.1388111113904913	0.0	4.311187315846666	0.8109840381189549	0.0	0.6672155554988725	0.0	0.0	0.0	3.0877142062886143	0.0	0.0	0.45082308145419336	0.0	0.0	0.0	0.0	0.0	0.0	0.9188120841285026	0.0	0.0	0.0	0.8109840381189549	0.0	0.0	0.0	4.022666408943045	0.0	0.0	0.0	0.2814571589176803	0.0	0.0	0.0	1.973174982773394	0.0	0.2814571589176803	0.745021954004438	0.45082308145419336	0.0	0.2814571589176803	0.0	1.3418871526305378	0.2814571589176803	2.0172033208004705	0.0	0.45082308145419336	0.2814571589176803	0.2814571589176803	0.0	0.45082308145419336	0.0	0.0	0.0	0.0	0.0	0.9188120841285026	0.0	2.1420500724570872	0.0	0.0	0.0	0.0	1.4526440727559249	0.0	0.0	0.0	0.0	0.0	0.0	0.0	0.0	0.0	0.0	1.3418871526305378	0.2814571589176803	0.0	0.0	0.5723596874159576	0.0	1.5737368756480927	0.0	0.5723596874159576	0.45082308145419336	0.0	0.0	0.0	0.2814571589176803	0.2814571589176803	0.0	0.0	0.0	0.0	0.0	0.0	0.45082308145419336	0.0	0.0	1.0770907634323645	0.0	0.0	2.4486173943671172	0.2814571589176803	0.0	0.0	0.0	0.745021954004438	0.0	0.0	0.0	0.0	0.0	0.0	0.0	0.0	0.0	0.0	0.0	0.0	0.2814571589176803	0.0	0.0	0.0	0.0	0.0	0.5723596874159576	0.8109840381189549	3.599426529446589	0.45082308145419336	0.0
SRR13357998	0.0	0.5461905087208383	0.0	0.0	0.0	0.0	0.0	1.1330831243174646	0.0	0.9320392896018515	1.206903595522083	0.0	0.0	0.0	1.3739105075321287	0.0	3.8431369760061003	2.7321278244183023	0.0	1.0440922077292487	0.0	0.0	0.0	2.5781485309096657	0.0	0.0	0.9320392896018515	0.9320392896018515	0.0	0.0	0.0	1.2699803379471246	0.0	2.466851376657611	0.0	0.0	0.0	1.1330831243174646	0.0	0.0	0.0	4.168687382027721	0.0	0.7806264525342567	0.0	2.15979983855437	0.0	0.0	0.0	0.9320392896018515	0.0	0.0	0.0	0.0	0.0	0.0	0.0	2.8563583852882455	0.0	3.36770583188785	0.0	0.0	0.0	2.634912476269055	0.0	3.650204111899986	0.0	0.0	0.0	0.0	0.0	0.0	0.0	0.0	0.5461905087208383	0.7806264525342567	0.0	0.5461905087208383	3.2620827693124608	0.0	0.0	0.0	0.0	1.3250469484003604	0.0	0.0	0.0	0.0	0.0	0.7806264525342567	0.0	0.0	0.0	0.0	0.0	0.5461905087208383	0.0	0.5461905087208383	0.5461905087208383	0.0	0.0	0.0	0.0	0.5461905087208383	0.0	0.0	0.0	0.0	0.0	0.0	0.5461905087208383	0.0	0.0	0.7806264525342567	0.0	0.0	0.0	0.5461905087208383	0.0	0.0	0.0	1.3739105075321287	0.0	0.0	1.2699803379471246	0.0	0.0	0.0	0.0	0.0	0.0	0.0	0.0	0.0	0.0	0.0	0.0	0.0	0.0	1.6886492899481829	0.5461905087208383	3.6504486612325673	0.7806264525342567	1.3739105075321287	0.7806264525342567
SRR13357999	0.0	3.331167033646436	0.0	0.0	0.0	0.0	0.0	0.2284812047062792	0.0	0.2284812047062792	0.0	0.0	0.0	0.0	1.3238115791499219	0.0	4.246476652251935	0.9352787242656825	0.0	0.6494881995423143	0.0	0.0	0.0	2.885409297158997	0.0	0.0	0.2284812047062792	0.0	0.0	0.0	0.0	0.2284812047062792	0.0	0.968846111506603	0.0	0.0	0.0	0.4881197347317803	0.0	0.0	0.0	3.857981549478094	0.0	0.0	0.4881197347317803	0.2284812047062792	0.0	0.0	0.0	2.3474096469626833	0.0	0.0	0.6494881995423143	0.0	0.0	0.2284812047062792	0.0	1.309306882876363	0.0	1.6756418493009013	0.0	0.6494881995423143	0.0	0.9352787242656825	0.0	0.3774210045056698	0.0	0.0	0.0	0.0	0.0	0.0	0.0	2.0118676474365693	0.0	0.0	0.0	0.0	1.6692498267766736	0.0	0.0	0.0	0.0	0.0	0.0	0.0	0.0	0.0	0.0	0.8988978797865624	0.0	0.0	0.0	0.0	0.0	1.3238115791499219	0.0	0.2284812047062792	0.0	0.0	0.0	0.0	0.0	0.6494881995423143	0.8591884532600145	0.0	0.0	0.2284812047062792	0.0	0.0	0.4881197347317803	0.0	0.0	1.1508787329072971	0.3774210045056698	0.0	1.46812444075991	0.0	0.0	0.0	0.0	1.0290756052514496	0.0	0.0	0.0	0.5762560972015995	0.0	0.0	0.0	0.0	0.2284812047062792	0.0	0.0	0.0	0.0	0.0	0.0	0.0	0.0	0.4881197347317803	0.6494881995423143	0.8154794582172972	3.966189655469381	0.3774210045056698	0.3774210045056698
SRR13358000	0.0	2.6868890861142605	0.0	0.0	0.0	0.0	0.0	0.4318054524105889	0.0	0.0	0.26749408574192507	0.0	0.0	0.0	1.3134790213127934	0.0	4.003148083447956	0.6439946858144164	0.0	0.6439946858144164	0.0	0.0	0.0	3.1359129671338044	0.0	0.0	0.26749408574192507	0.0	0.0	0.0	0.0	0.4318054524105889	0.0	0.6439946858144164	0.0	0.26749408574192507	0.0	0.6439946858144164	0.26749408574192507	0.0	0.0	3.7607842316917752	0.0	0.6439946858144164	0.0	0.4318054524105889	0.0	0.0	0.26749408574192507	2.377548938638759	0.0	0.0	0.4318054524105889	0.5507322148453697	0.0	0.0	0.0	1.828705947261661	0.0	2.097953003491526	0.0	0.5507322148453697	0.0	0.5507322148453697	0.0	0.26749408574192507	0.0	0.0	0.0	0.0	0.0	0.0	0.0	1.6391744431243493	0.0	0.0	0.0	0.0	1.3134790213127934	0.26749408574192507	0.0	0.0	0.0	0.0	0.26749408574192507	0.0	0.0	0.26749408574192507	0.0	1.5118944016645004	0.26749408574192507	0.0	0.0	0.7207271058372313	0.0	1.5231244852628112	0.26749408574192507	0.26749408574192507	0.26749408574192507	0.0	0.0	0.0	0.0	0.4318054524105889	0.9376363859317781	0.0	0.0	0.0	0.0	0.0	0.842585263716815	0.0	0.26749408574192507	1.5118944016645004	0.26749408574192507	0.26749408574192507	1.7637426433553451	0.0	0.0	0.26749408574192507	0.26749408574192507	0.6439946858144164	0.0	0.0	0.0	0.0	0.0	0.0	0.0	0.0	0.0	0.0	0.0	0.0	0.26749408574192507	0.0	0.0	0.0	0.0	0.26749408574192507	0.0	0.0	4.283096763357314	0.7207271058372313	0.26749408574192507
SRR13358004	0.0	0.7190049001752226	0.0	0.0	0.0	0.0	0.49388052929593795	0.7190049001752226	0.0	0.0	0.49388052929593795	0.0	0.0	0.0	1.5426823917921766	0.49388052929593795	4.2944841497679995	0.9764475072350256	0.0	1.8098353648519627	0.0	0.0	0.0	3.1228342200249433	0.0	0.0	0.49388052929593795	0.0	0.0	0.49388052929593795	0.0	0.7190049001752226	0.0	1.0640893793119335	0.0	0.0	0.0	0.0	0.0	0.0	0.0	4.1529443362807	0.0	0.0	0.49388052929593795	0.0	0.49388052929593795	0.0	0.0	2.3322792647270996	0.0	0.0	1.3855767645945372	0.0	0.0	0.7190049001752226	0.0	1.199377254956096	0.0	2.577502882881004	0.0	0.0	0.0	0.0	0.49388052929593795	1.9641434446766788	0.0	0.0	0.0	0.0	0.49388052929593795	0.0	0.0	0.8665292456116742	0.0	0.0	0.0	0.0	1.8374433237216123	0.49388052929593795	0.0	0.0	0.0	0.49388052929593795	0.0	0.0	0.0	0.0	0.0	1.0640893793119335	0.0	0.0	0.0	0.49388052929593795	0.0	1.515482747459135	0.0	0.0	0.0	0.0	0.0	0.0	0.0	0.49388052929593795	0.0	0.0	0.0	0.0	0.0	0.49388052929593795	1.5426823917921766	0.0	0.0	1.1369801258191383	0.49388052929593795	0.0	0.7190049001752226	0.0	0.0	0.0	0.0	0.0	0.0	0.0	0.0	0.49388052929593795	0.0	0.0	0.0	0.0	0.0	0.0	0.0	0.0	0.0	0.0	0.0	0.0	0.0	0.49388052929593795	0.0	3.1144346547114257	0.7190049001752226	0.8665292456116742	0.49388052929593795
SRR13358005	0.0	0.2799541104534826	0.0	0.0	0.0	0.0	0.0	0.0	0.4487864912666239	0.0	0.4487864912666239	0.0	0.0	0.0	1.039725481067884	0.0	4.511796162532615	1.0741986550117055	0.0	1.1358838698569318	0.0	0.0	0.0	2.562190851969394	0.0	0.0	0.0	0.0	0.0	0.0	0.0	0.0	0.0	1.0022781380006756	0.0	0.0	0.0	0.0	0.0	0.0	0.0	3.57125944635945	0.0	0.0	0.2799541104534826	0.2799541104534826	0.0	0.0	0.0	2.0025052959154754	0.0	0.0	0.4487864912666239	0.0	0.0	0.2799541104534826	0.0	1.389816933759378	0.0	1.0022781380006756	0.0	0.2799541104534826	0.2799541104534826	0.9160365679865544	0.2799541104534826	2.455227857837759	0.0	0.0	0.0	0.0	0.2799541104534826	0.0	0.0	0.9160365679865544	0.0	0.0	0.0	0.0	1.3204725401065585	0.0	0.0	0.0	0.0	0.2799541104534826	0.0	0.0	0.2799541104534826	0.2799541104534826	0.0	0.2799541104534826	0.0	0.0	0.0	0.0	0.0	1.2600696791706494	0.0	0.0	0.0	0.0	0.0	0.0	0.0	0.0	0.0	0.0	0.0	0.0	0.2799541104534826	0.0	0.4487864912666239	0.0	0.0	0.0	0.0	0.0	0.2799541104534826	0.0	0.0	0.0	0.0	0.2799541104534826	0.0	0.0	0.2799541104534826	0.2799541104534826	0.0	0.0	0.0	0.0	0.0	0.0	0.0	0.0	0.0	0.0	0.0	0.0	0.0	0.0	0.2799541104534826	2.6980071177746714	0.4487864912666239	0.2799541104534826	0.0
SRR13358006	0.0	3.8603207125922676	0.0	0.0	0.0	0.0	0.0	0.9915065535939533	0.0	0.3223829288557852	0.3223829288557852	0.0	0.0	0.0	1.7035975343005663	0.0	4.1310769480068155	0.9915065535939533	0.0	1.2698084964465337	0.0	0.0	0.0	2.3381693337644665	0.0	0.0	0.3223829288557852	0.0	0.0	0.0	0.0	0.0	0.0	1.2151371483521483	0.0	0.0	0.0	0.7326482751566267	0.0	0.0	0.0	4.112330488461485	0.0	0.3223829288557852	0.505364735463485	0.7326482751566267	0.0	0.3223829288557852	0.0	1.9706558722512728	0.0	0.0	1.531782072740317	0.0	0.0	0.505364735463485	0.0	1.8334548659944152	0.0	2.2845157838308876	0.0	0.6337081775932883	0.0	0.7326482751566267	0.505364735463485	1.6088306821294143	0.0	0.0	0.0	0.0	0.0	0.0	0.0	2.0944314208628914	0.0	0.3223829288557852	0.0	0.0	1.892402938698074	0.0	0.6337081775932883	0.0	0.0	0.0	0.0	0.0	0.0	0.0	0.0	0.3223829288557852	0.0	0.0	0.0	0.3223829288557852	0.0	0.7326482751566267	0.0	0.3223829288557852	0.0	0.0	0.0	0.0	0.0	0.0	0.0	0.0	0.0	0.3223829288557852	0.0	0.3223829288557852	0.8810848468161767	0.0	0.0	1.0794675653129502	0.3223829288557852	0.0	3.137191150987672	0.6337081775932883	0.0	0.3223829288557852	0.0	0.6337081775932883	0.0	0.0	0.3223829288557852	0.0	0.0	0.0	0.0	0.0	0.3223829288557852	0.0	0.0	0.0	0.0	0.0	0.0	0.0	0.0	0.0	0.6337081775932883	2.714641495922405	2.9944531335904303	0.6337081775932883	0.3223829288557852
SRR13358007	0.0	0.5461489149609949	0.0	0.0	0.0	0.0	0.7805779654935958	0.0	0.0	0.8628481601417294	0.9916174407579177	0.0	0.0	0.0	1.1715057530140758	0.0	4.245973134248379	0.9916174407579177	0.0	1.7312099950446407	0.0	0.0	0.0	1.4941785478200054	0.0	0.0	0.3538018338923693	0.0	0.0	0.0	0.0	0.0	0.0	1.2395313452371068	0.0	0.3538018338923693	0.0	0.8628481601417294	0.0	0.0	0.0	4.25353761292779	0.0	0.0	0.0	0.5461489149609949	0.0	0.0	0.0	2.235889582063818	0.0	0.0	1.0440393398232393	0.0	0.0	0.0	0.0	1.86915830710873	0.0	2.1925223480190654	0.0	0.3538018338923693	0.0	0.9319879673719348	0.3538018338923693	2.7986120569775483	0.0	0.0	0.0	0.0	0.0	0.3538018338923693	0.0	2.4850595729832325	0.0	0.0	0.0	0.0	1.373854845670869	0.0	0.0	0.0	0.0	0.0	0.0	0.0	0.0	0.0	0.0	0.5461489149609949	0.0	0.0	0.0	0.0	0.0	0.0	0.0	0.3538018338923693	0.0	0.0	0.0	0.0	0.0	0.5461489149609949	0.0	0.0	0.0	0.0	0.0	0.0	0.8628481601417294	0.0	0.0	0.0	0.5461489149609949	0.0	0.6789929403801187	0.0	0.0	0.3538018338923693	0.0	1.0440393398232393	0.0	0.0	0.8628481601417294	0.3538018338923693	0.0	0.0	0.3538018338923693	0.0	0.0	0.0	0.0	0.0	0.0	0.3538018338923693	0.0	0.0	0.0	0.5461489149609949	0.8628481601417294	2.6839193722700867	0.6789929403801187	0.7805779654935958	0.0
SRR13358009	0.0	1.0689089411091748	0.0	0.0	0.0	0.0	0.0	0.7477278796872799	0.0	1.212548902841464	1.8445458046979155	0.6088161639782527	0.0	0.0	1.3796743557508975	0.40335332891816833	3.432227592178133	2.512747879167925	0.0	0.6088161639782527	0.0	0.40335332891816833	0.0	2.5268135034386217	0.0	0.0	1.212548902841464	0.40335332891816833	0.0	0.0	0.0	0.8528108571714417	0.9373565297824652	2.1075579353572276	0.0	0.0	0.0	1.6268188343259322	0.0	0.0	0.0	4.339367989516196	0.0	0.40335332891816833	0.40335332891816833	1.906499584055721	0.0	0.0	0.0	0.40335332891816833	0.0	0.8528108571714417	0.6088161639782527	0.0	0.0	0.0	0.0	3.223955887937647	0.0	3.1239226648343803	0.0	0.0	0.6088161639782527	2.270199212588521	0.0	1.9458983627657265	0.0	0.0	0.0	0.40335332891816833	0.0	0.0	0.0	0.0	0.7477278796872799	0.0	0.0	1.1697393485956977	3.5682906317383067	0.40335332891816833	0.0	0.0	0.0	1.1222438280961464	0.0	0.0	0.0	0.0	0.0	0.6088161639782527	0.0	0.0	0.0	0.6088161639782527	0.0	0.0	0.40335332891816833	0.6088161639782527	0.7477278796872799	0.0	0.0	0.7477278796872799	0.0	0.9373565297824652	0.0	0.0	0.0	0.0	0.0	0.40335332891816833	1.2872703822636224	0.0	0.0	0.40335332891816833	0.0	0.6088161639782527	1.1222438280961464	0.8528108571714417	0.0	0.0	0.0	0.0	0.0	0.0	0.7477278796872799	0.0	0.0	0.0	0.0	0.0	1.1697393485956977	0.0	0.0	0.0	0.0	0.0	0.0	0.0	0.40335332891816833	1.5000598096458329	0.40335332891816833	3.6802948991667694	0.8528108571714417	1.6989996310915385	0.7477278796872799
SRR13358010	0.0	0.22426875876439215	0.0	0.0	0.0	0.0	0.0	0.9261250855715322	0.0	0.22426875876439215	0.5686614657947551	0.0	0.0	0.0	1.8998951428489081	0.3714298273609763	3.3984263089943623	0.9596021109844844	0.0	3.889780185316291	0.0	0.22426875876439215	0.0	2.2234726050171103	0.0	0.0	0.4811471439754027	0.0	0.0	0.0	0.0	0.0	0.22426875876439215	0.8502673618130423	0.0	0.3714298273609763	0.22426875876439215	1.2689398737535458	0.0	0.0	0.22426875876439215	4.420903378449137	0.0	0.6414640553480183	0.5686614657947551	0.7582954248748357	0.0	0.0	0.3714298273609763	0.0	0.0	0.22426875876439215	0.0	0.0	0.0	0.0	0.0	2.1811100316633434	0.22426875876439215	2.350390123866739	0.0	0.0	0.22426875876439215	1.3799091286960348	0.0	1.6256700596194655	0.0	0.0	0.0	0.0	0.0	0.0	0.0	0.22426875876439215	0.0	0.0	0.0	0.3714298273609763	2.0590504153670253	0.0	0.0	0.0	0.0	0.0	0.0	0.0	0.22426875876439215	0.5686614657947551	0.0	1.2006194456714598	0.22426875876439215	0.0	0.0	0.7037966123620334	0.0	0.990682261830738	0.0	0.0	0.0	0.0	0.0	0.3714298273609763	0.0	0.6414640553480183	0.0	0.0	0.0	0.0	0.0	0.22426875876439215	0.7037966123620334	0.0	0.22426875876439215	0.0	0.4811471439754027	0.22426875876439215	0.22426875876439215	0.0	0.0	0.0	0.0	0.3714298273609763	0.0	0.0	0.0	0.22426875876439215	0.0	0.0	0.0	0.0	0.4811471439754027	0.0	0.0	0.0	0.0	0.0	0.0	0.0	0.0	0.4811471439754027	0.6414640553480183	1.6591044555181746	1.4971935653181794	0.7037966123620334	0.6414640553480183
SRR13358013	0.0	0.7746425610262013	0.0	0.0	0.0	0.0	0.0	0.5989034492680205	0.0	0.0	0.4743165746502208	0.0	0.0	0.0	0.8414886846751437	0.4743165746502208	4.2348605406904944	1.142216542316938	0.0	0.9504988964843694	0.0	0.0	0.0	3.080365921256005	0.0	0.0	0.0	0.0	0.0	0.0	0.0	0.0	0.0	1.3576980574928257	0.0	0.0	0.0	0.5989034492680205	0.0	0.0	0.0	4.2250585868496895	0.0	0.2989281855011497	0.4743165746502208	0.6956022081640272	0.0	0.0	0.0	0.2989281855011497	0.0	0.4743165746502208	0.9504988964843694	0.0	0.0	0.8414886846751437	0.2989281855011497	1.7034393529238134	0.0	2.7217057498014916	0.0	0.0	0.0	0.4743165746502208	0.0	0.5989034492680205	0.0	0.0	0.0	0.0	0.0	0.0	0.0	1.7282583249233385	0.0	0.0	0.0	0.0	2.9302895331526786	0.2989281855011497	0.0	0.0	0.0	0.0	0.0	0.0	0.0	0.2989281855011497	0.0	1.0753201236226246	0.0	0.0	0.0	0.5989034492680205	0.0	1.5869593248300589	0.0	0.2989281855011497	0.2989281855011497	0.0	0.0	0.0	0.0	0.6956022081640272	0.0	0.0	0.0	0.0	0.0	0.0	1.0753201236226246	0.0	0.0	0.0	0.0	0.4743165746502208	0.2989281855011497	0.0	0.0	0.0	0.0	1.3576980574928257	0.0	0.0	0.5989034492680205	0.0	0.0	0.0	0.0	0.0	0.0	0.2989281855011497	0.0	0.0	0.2989281855011497	0.0	0.0	0.0	0.0	0.4743165746502208	0.5989034492680205	0.9962093870723806	2.881152891747431	0.5989034492680205	0.6956022081640272
SRR13358014	0.0	0.5062930071417713	0.0	0.0	0.0	0.0	0.0	0.5062930071417713	0.0	0.39309920616543415	0.39309920616543415	0.0	0.0	0.0	1.1307985374682392	0.2395858472140261	4.312308102098561	0.9927184107243083	0.0	0.6703128543083149	0.0	0.0	0.0	3.02723895156462	0.0	0.0	0.2395858472140261	0.0	0.0	0.0	0.0	0.2395858472140261	0.0	1.0807046169280452	0.0	0.2395858472140261	0.0	0.5960005101236403	0.0	0.0	0.0	4.104037991341376	0.0	0.0	0.0	0.5960005101236403	0.0	0.0	0.2395858472140261	0.0	0.0	0.0	0.6703128543083149	0.0	0.0	0.39309920616543415	0.0	1.7554706627406795	0.0	2.4748022289018325	0.0	0.0	0.0	0.5960005101236403	0.0	0.2395858472140261	0.0	0.0	0.0	0.0	0.0	0.0	0.0	0.2395858472140261	0.0	0.0	0.0	0.2395858472140261	1.8728228917128962	0.0	0.0	0.0	0.0	0.0	0.0	0.0	0.0	0.0	0.0	0.5960005101236403	0.0	0.0	0.0	0.2395858472140261	0.0	1.55143520530007	0.0	0.0	0.2395858472140261	0.0	0.0	0.2395858472140261	0.0	0.39309920616543415	0.0	0.0	0.0	0.0	0.0	0.0	0.39309920616543415	0.0	0.39309920616543415	0.2395858472140261	0.0	0.0	0.0	0.0	0.0	0.0	0.0	1.3040541776993473	0.0	0.0	0.7337481309096276	0.2395858472140261	0.0	0.0	0.0	0.0	0.5062930071417713	0.0	0.0	0.0	0.0	0.2395858472140261	0.0	0.0	0.0	0.5062930071417713	0.2395858472140261	0.2395858472140261	3.439760116266108	0.5062930071417713	0.39309920616543415
SRR13358015	0.0	0.0	0.0	0.0	0.0	0.0	0.0	0.8591436866487526	0.0	0.8591436866487526	0.48808466787541654	0.0	0.0	0.0	1.358036056735511	0.0	4.378277846078564	0.8591436866487526	0.0	1.0941856217544674	0.0	0.0	0.0	3.272811370763212	0.0	0.0	0.48808466787541654	0.0	0.0	0.0	0.0	0.0	0.0	0.7120932756190035	0.0	0.0	0.0	0.9687997416128886	0.0	0.0	0.0	4.036868533070238	0.0	0.0	0.0	0.7120932756190035	0.0	0.0	0.0	0.0	0.0	0.0	1.0562751582783962	0.0	0.0	0.7120932756190035	0.0	1.9082319717696636	0.0	2.757465539005408	0.0	0.0	0.0	0.9174234746405091	0.30927839268124896	1.2942516529090375	0.0	0.0	0.0	0.0	0.0	0.0	0.0	0.6143745740635256	0.0	0.0	0.0	0.48808466787541654	2.016182627391787	0.0	0.0	0.0	0.0	0.0	0.0	0.0	0.0	0.0	0.0	0.9687997416128886	0.0	0.0	0.0	0.6143745740635256	0.0	1.606996197039618	0.0	0.0	0.0	0.0	0.0	0.0	0.0	0.30927839268124896	0.0	0.0	0.0	0.0	0.0	0.0	0.7120932756190035	0.0	0.30927839268124896	0.30927839268124896	0.0	0.30927839268124896	0.30927839268124896	0.0	0.0	0.0	0.0	0.30927839268124896	0.0	0.0	0.9687997416128886	0.0	0.0	0.0	0.0	0.0	0.30927839268124896	0.30927839268124896	0.0	0.0	0.0	0.0	0.0	0.0	0.0	0.30927839268124896	0.30927839268124896	0.9687997416128886	0.48808466787541654	0.9687997416128886	0.0
SRR13358016	0.0	0.48320312898140316	0.0	0.0	0.0	0.0	0.0	0.7062580993460421	0.0	0.9110551118124528	0.9623328944103754	0.30559936746722494	0.0	0.0	1.6523393261561496	0.0	4.360751819154166	1.1845822339022163	0.0	0.9623328944103754	0.0	0.0	0.0	2.933876465770724	0.30559936746722494	0.0	0.30559936746722494	0.0	0.0	0.0	0.0	0.0	0.0	1.2390105502152204	0.0	0.0	0.0	0.9110551118124528	0.0	0.0	0.608896146066655	4.025538619723508	0.0	1.1545761078505385	0.0	0.608896146066655	0.0	0.0	0.48320312898140316	2.681169883349219	0.0	0.0	2.2420346627689964	0.0	0.0	0.608896146066655	0.0	2.5653686769816444	0.48320312898140316	2.2131549174953604	0.0	0.0	0.0	0.9110551118124528	0.0	0.608896146066655	0.0	0.0	0.0	0.48320312898140316	0.0	0.0	0.0	1.3511047161088074	0.0	0.30559936746722494	0.0	0.48320312898140316	1.5139599088928244	0.0	0.0	0.7062580993460421	0.0	0.0	0.0	0.0	0.0	0.0	0.0	0.7857403778397225	0.30559936746722494	0.0	0.0	0.30559936746722494	0.0	1.3096710965030738	0.0	0.0	0.608896146066655	0.0	0.0	0.0	0.0	0.0	0.7062580993460421	0.0	0.0	0.0	0.0	0.0	1.8722907682086096	0.0	0.0	0.9110551118124528	0.608896146066655	0.30559936746722494	2.0343121503774686	0.0	0.0	0.0	0.0	0.8529020629657992	0.0	0.0	0.608896146066655	0.7062580993460421	0.0	0.30559936746722494	0.0	0.0	0.608896146066655	0.0	0.0	0.0	0.0	0.0	0.30559936746722494	0.0	0.0	1.087522042988423	0.7857403778397225	2.9132543180367714	2.852933700909501	1.3511047161088074	0.0
SRR13358020	0.0	2.9747966890900917	0.0	0.0	0.0	0.0	0.0	0.9765836253521143	0.0	0.45989807075311967	0.45989807075311967	0.0	0.0	0.0	0.7565133890567457	0.0	4.203303950346257	0.8803414086453456	0.0	2.049675060032082	0.0	0.0	0.0	3.0327311018249463	0.0	0.0	0.45989807075311967	0.2881770643170618	0.0	0.0	0.0	0.2881770643170618	0.0	0.45989807075311967	0.0	0.0	0.0	0.45989807075311967	0.0	0.0	0.0	3.8450698756214856	0.0	0.0	0.0	0.45989807075311967	0.0	0.0	0.0	0.0	0.0	0.0	2.2618424812238644	0.0	0.0	0.0	0.0	0.8228258311283537	0.0	2.2920947569694556	0.0	0.0	0.0	0.8228258311283537	0.0	0.8228258311283537	0.0	0.0	0.0	0.0	0.0	0.0	0.2881770643170618	1.2974003892815131	0.0	0.0	0.0	0.0	2.0310428584484614	0.0	0.0	0.0	0.0	0.0	0.0	0.0	0.0	0.0	0.0	0.45989807075311967	0.0	0.0	0.0	0.45989807075311967	0.0	1.2540691051243034	0.0	0.0	0.0	0.0	0.0	0.0	0.0	0.45989807075311967	0.0	0.0	0.0	0.0	0.0	0.0	0.9765836253521143	0.0	0.0	0.8228258311283537	0.0	0.0	0.8803414086453456	0.0	0.0	0.0	0.0	0.6782186758569081	0.0	0.0	0.45989807075311967	0.0	0.0	0.0	0.0	0.0	0.0	0.0	0.0	0.0	0.0	0.0	0.0	0.0	0.0	0.2881770643170618	0.0	1.6465719024538108	4.0744815606383735	0.0	0.45989807075311967
SRR13358021	0.31609407132354705	0.31609407132354705	0.0	0.0	0.0	0.4970927696829599	0.0	1.2319496759346622	0.0	1.6309666191043508	1.968813088697432	0.31609407132354705	0.0	0.0	1.3068669570618368	0.31609407132354705	2.838464503530053	1.0684047373766843	0.0	2.3195108416935066	0.0	0.31609407132354705	0.0	1.4434936910624923	0.0	0.0	0.4970927696829599	0.0	0.0	0.0	0.0	0.8706109844967636	0.980672190048074	1.2833018322801237	0.0	0.0	0.0	1.6821988083439294	0.0	0.0	0.0	4.514320518365571	0.7228279314882015	0.31609407132354705	0.4970927696829599	0.0	0.0	0.4970927696829599	0.4970927696829599	2.070755388674147	0.0	0.31609407132354705	0.0	0.0	0.31609407132354705	0.0	0.0	3.0424325258070732	0.0	3.322086094323616	0.0	0.0	0.31609407132354705	0.980672190048074	0.0	0.4970927696829599	0.0	0.0	0.0	0.0	0.0	0.0	0.0	0.980672190048074	0.0	0.0	0.0	1.106411486441735	2.262451722991076	0.31609407132354705	0.0	0.0	0.31609407132354705	0.0	0.0	0.0	0.0	0.31609407132354705	0.0	0.8706109844967636	0.0	0.0	0.0	0.4970927696829599	0.0	0.31609407132354705	0.0	0.4970927696829599	0.929118833633016	0.0	0.0	0.4970927696829599	0.0	1.1413581278854918	0.0	0.0	0.0	0.0	0.0	0.0	1.4086395615957588	0.0	0.4970927696829599	0.31609407132354705	0.31609407132354705	0.4970927696829599	1.0684047373766843	0.6244645864884558	0.0	0.0	0.0	0.929118833633016	0.0	0.0	0.0	0.4970927696829599	0.0	0.0	0.0	0.0	1.1413581278854918	0.4970927696829599	0.0	0.0	0.0	0.0	0.0	0.0	0.0	1.426416183057559	0.6244645864884558	1.0267500816307344	0.4970927696829599	1.6917579798527855	0.31609407132354705
SRR13358022	0.0	2.913489584237079	0.0	0.0	0.0	0.0	0.0	0.5871309993329668	0.0	0.2911345711416293	0.2911345711416293	0.0	0.0	0.0	0.9820226241006099	0.0	4.411246418226888	1.1853771557096744	0.0	0.7615313540744528	0.0	0.0	0.0	3.078638468029722	0.0	0.0	0.0	0.0	0.0	0.0	0.0	0.0	0.2911345711416293	1.1275675813880426	0.0	0.0	0.0	0.0	0.0	0.0	0.0	3.9802409619516883	0.0	0.2911345711416293	0.0	0.9820226241006099	0.0	0.0	0.0	0.2911345711416293	0.0	0.0	0.2911345711416293	0.0	0.0	0.9364916750020823	0.0	1.3233314750910994	0.0	1.643181459676087	0.0	0.0	0.0	1.2363877797923468	0.2911345711416293	1.3610425805067812	0.0	0.0	0.0	0.0	0.2911345711416293	0.0	0.0	0.4638766091103762	0.0	0.2911345711416293	0.0	0.2911345711416293	1.4720005834360825	0.0	0.0	0.0	0.0	0.2911345711416293	0.0	0.0	0.0	0.0	0.0	0.5871309993329668	0.2911345711416293	0.0	0.0	0.2911345711416293	0.0	1.3031723430720874	0.0	0.0	0.4638766091103762	0.0	0.0	0.0	0.0	0.2911345711416293	0.0	0.0	0.0	0.0	0.0	0.2911345711416293	0.2911345711416293	0.0	0.2911345711416293	0.2911345711416293	0.0	0.0	0.2911345711416293	0.2911345711416293	0.0	0.0	0.0	1.1574335488794014	0.0	0.0	0.0	0.0	0.0	0.0	0.2911345711416293	0.0	0.0	0.2911345711416293	0.0	0.0	0.0	0.0	0.0	0.0	0.0	0.5871309993329668	0.5871309993329668	0.8279938165100427	0.5871309993329668	0.5871309993329668	0.5871309993329668
SRR13358023	0.0	1.1363006517371077	0.0	0.0	0.0	0.0	0.0	0.865896002213757	0.0	1.9046736280027026	2.147844321821141	0.0	0.0	0.0	3.7690056442346216	0.0	3.9327052081782896	2.5112312694314505	0.0	1.5917353520080102	0.0	0.0	0.0	1.953311736354856	0.6203120282311706	0.0	1.421168097579766	1.0218121680353038	0.0	0.0	0.0	1.2268176420615204	0.6203120282311706	2.602746653915735	0.865896002213757	0.0	0.0	2.1067605136425254	0.0	0.0	0.0	3.039506540533413	0.6203120282311706	0.0	1.0218121680353038	2.147844321821141	0.0	0.0	1.0218121680353038	0.865896002213757	0.0	0.6203120282311706	0.0	0.0	0.0	0.0	0.0	3.70331979794884	0.0	1.9970471613024585	0.0	0.0	0.0	2.750036917780251	0.0	3.9082250548223025	0.0	0.0	0.0	0.0	0.6203120282311706	0.0	0.0	0.0	0.0	1.2268176420615204	0.0	1.4704870810303037	3.3409668947214417	0.6203120282311706	0.0	0.0	0.0	1.5549563958425758	0.0	0.0	0.0	0.0	0.0	1.1363006517371077	0.0	0.0	0.0	0.6203120282311706	0.0	0.0	0.0	1.0218121680353038	1.3016839846401829	0.0	0.0	1.0218121680353038	0.0	1.0218121680353038	0.0	0.0	0.865896002213757	0.0	0.0	0.6203120282311706	2.147844321821141	0.0	0.0	1.3655222402371314	0.0	1.2268176420615204	1.4704870810303037	1.0218121680353038	0.0	0.0	0.0	2.095852208785616	0.0	0.0	1.0218121680353038	0.865896002213757	0.0	0.0	0.0	0.0	1.5917353520080102	0.0	0.0	0.0	0.865896002213757	0.0	0.0	0.0	0.0	2.0492535013716653	1.1363006517371077	3.5743912087166523	1.0218121680353038	2.2519170524384933	1.3016839846401829
SRR13358024	0.0	2.9220917374117072	0.0	0.0	0.0	0.2782075125486043	0.0	0.8052067757217205	0.0	0.0	0.2782075125486043	0.0	0.0	0.0	1.5107652442072443	0.7394190141523236	4.085192026240285	0.998961844247999	0.0	0.5673601665927199	0.0	0.0	0.5673601665927199	2.590692708213309	0.0	0.0	0.0	0.0	0.0	0.0	0.2782075125486043	0.0	1.877957479653503	1.1602940037085359	0.0	0.0	0.0	0.5673601665927199	0.0	0.0	0.6618552283686628	4.233487685208963	0.0	0.7394190141523236	0.5673601665927199	0.912801047051997	0.0	0.0	0.0	1.6353609146360713	0.0	0.2782075125486043	1.2344419443917296	0.0	0.0	0.912801047051997	0.0	1.5454218205031316	0.5673601665927199	2.3169152290127992	0.0	0.2782075125486043	0.0	0.5673601665927199	0.0	0.4464167448355111	0.0	0.0	0.2782075125486043	0.2782075125486043	0.0	0.0	0.0	1.8170897896607034	0.0	0.0	0.0	0.0	1.7098319332643273	0.2782075125486043	0.5673601665927199	1.5226273923337148	0.0	0.0	0.0	0.0	0.0	0.0	0.0	0.4464167448355111	0.5673601665927199	0.0	0.0	0.4464167448355111	0.0	0.7394190141523236	0.0	0.2782075125486043	0.5673601665927199	0.2782075125486043	0.0	0.2782075125486043	0.0	0.2782075125486043	0.4464167448355111	0.0	0.0	0.0	0.2782075125486043	0.0	2.3941773819812084	0.0	0.0	1.4731013674959554	0.4464167448355111	0.0	3.7612399808774284	0.7394190141523236	0.0	0.0	0.0	1.8170897896607034	0.4464167448355111	0.0	0.2782075125486043	0.4464167448355111	0.2782075125486043	0.2782075125486043	0.4464167448355111	0.0	0.0	0.0	0.0	0.0	0.0	0.0	0.0	0.0	0.0	0.2782075125486043	1.4985699781035837	0.5673601665927199	2.462444714906977	0.7394190141523236	0.4464167448355111
SRR13358028	0.0	0.7298238878863545	0.0	0.0	0.0	0.0	0.0	0.7298238878863545	0.5029826526365717	0.5029826526365717	0.5029826526365717	0.0	0.0	0.0	2.3863773232807777	0.0	4.424180832190369	1.0762890682467765	0.0	2.794808626958531	0.0	0.0	0.0	2.881416886224358	0.0	0.0	0.5029826526365717	0.0	0.0	0.0	0.0	0.0	0.0	0.8780741154957301	0.0	0.0	0.0	0.0	0.0	0.0	0.0	3.8093032071779964	0.0	0.0	0.5029826526365717	0.9883931148628946	0.0	0.0	0.0	0.0	0.0	0.0	0.0	0.0	0.0	0.0	0.0	1.70955502340783	0.0	2.902103927848438	0.0	0.0	0.0	1.0762890682467765	0.5029826526365717	0.9883931148628946	0.0	0.0	0.0	0.0	0.5029826526365717	0.0	0.0	0.5029826526365717	0.0	0.0	0.0	0.0	2.1933166304556915	0.0	0.0	0.0	0.0	0.0	0.0	0.0	0.0	0.7298238878863545	0.0	0.8780741154957301	0.5029826526365717	0.0	0.0	0.0	0.0	0.0	0.0	0.0	0.7298238878863545	0.0	0.0	0.5029826526365717	0.0	0.0	0.0	0.0	0.0	0.0	0.0	0.0	1.315059533994425	0.0	0.0	0.0	0.0	0.0	0.0	0.0	0.0	0.0	0.0	1.3587094733903307	0.0	0.0	0.0	0.0	0.0	0.0	0.0	0.0	0.0	0.0	0.0	0.0	0.0	0.0	0.0	0.0	0.0	0.5029826526365717	0.5029826526365717	3.265330010240064	0.7298238878863545	0.0	0.7298238878863545
SRR13358029	0.0	0.4450832712379266	0.0	0.0	0.0	0.0	0.0	0.0	0.0	0.4450832712379266	0.0	0.0	0.0	0.0	0.997092552578636	0.0	4.496381262143271	0.997092552578636	0.0	1.7906108300529737	0.0	0.0	0.0	3.0758798592519585	0.0	0.0	0.0	0.0	0.0	0.0	0.0	0.4450832712379266	0.0	1.314987554845406	0.0	0.0	0.0	0.6602307221917135	0.0	0.0	0.0	3.577260755228803	0.0	0.0	0.4450832712379266	1.1305456524329205	0.0	0.4450832712379266	0.0	0.0	0.0	0.0	0.4450832712379266	0.0	0.0	0.0	0.0	1.7511737384115393	0.0	2.081728547819238	0.0	0.4450832712379266	0.0	1.4710933993811461	0.0	0.0	0.0	0.0	0.0	0.0	0.4450832712379266	0.0	0.0	0.0	0.0	0.0	0.0	0.0	1.444042162392968	0.0	0.0	0.0	0.0	0.0	0.0	0.0	0.0	0.0	0.0	0.0	0.0	0.0	0.0	0.0	0.0	0.4450832712379266	0.0	0.0	0.4450832712379266	0.0	0.0	0.0	0.0	0.0	0.0	0.0	0.4450832712379266	0.0	0.0	0.0	0.9109775503867616	0.0	0.0	0.0	0.0	0.0	0.0	0.0	0.0	0.0	0.0	2.223129647022734	0.0	0.0	0.0	0.0	0.0	0.0	0.0	0.0	0.0	0.0	0.0	0.0	0.0	0.0	0.0	0.0	0.4450832712379266	0.8034548133852035	0.4450832712379266	2.8685790200594297	0.6602307221917135	0.0	0.4450832712379266
SRR13358030	0.0	3.7179782735540683	0.0	0.0	0.0	0.28499230832450057	0.0	0.874623008828838	0.28499230832450057	0.28499230832450057	0.5777757593377895	0.0	0.0	0.0	1.611533231800204	0.0	4.140352385997939	0.7510830017863285	0.0	1.1456584602886606	0.0	0.0	0.28499230832450057	2.2299461802981866	0.28499230832450057	0.0	0.4556033061955588	0.0	0.0	0.0	0.0	0.4556033061955588	0.4556033061955588	1.3835868416677837	0.0	0.0	0.0	0.874623008828838	0.0	0.0	0.0	4.170725404574423	0.0	0.4556033061955588	0.6730175049045201	0.7510830017863285	0.0	0.0	0.28499230832450057	2.084839994497464	0.0	0.0	1.6492575985784688	0.0	0.0	0.28499230832450057	0.0	1.8128923998703543	0.28499230832450057	2.537943798675048	0.0	0.4556033061955588	0.0	0.6730175049045201	0.0	0.4556033061955588	0.0	0.0	0.0	0.0	0.0	0.0	0.0	2.1606517851880436	0.0	0.0	0.0	0.28499230832450057	1.8066504721365106	0.0	0.5777757593377895	0.0	0.28499230832450057	0.0	0.0	0.0	0.0	0.28499230832450057	0.0	0.6730175049045201	0.28499230832450057	0.0	0.0	0.0	0.0	0.4556033061955588	0.0	0.6730175049045201	0.0	0.28499230832450057	0.0	0.0	0.0	0.6730175049045201	0.4556033061955588	0.0	0.0	0.0	0.0	0.0	0.8172310690816462	0.0	0.0	0.9253082852088499	0.5777757593377895	0.0	3.180582429298511	0.28499230832450057	0.28499230832450057	0.0	0.0	0.8172310690816462	0.0	0.0	0.28499230832450057	0.28499230832450057	0.28499230832450057	0.0	0.0	0.0	0.0	0.0	0.0	0.0	0.0	0.0	0.0	0.0	0.0	0.0	0.6730175049045201	2.563992641084968	2.876372315826563	0.8172310690816462	0.28499230832450057
SRR13358031	0.0	0.0	0.0	0.0	0.0	0.0	0.0	0.6038520060846719	0.0	0.6038520060846719	0.8471454543260066	0.0	0.0	0.0	1.0021495320939524	0.0	4.196790887302836	1.6358007897740146	0.0	1.344702146284938	0.0	0.0	0.0	1.989134899094563	0.0	0.0	1.0021495320939524	0.0	0.0	0.0	0.0	0.0	0.0	1.5337965908047289	0.0	0.0	0.0	0.8471454543260066	0.0	0.0	0.0	4.310887981640026	0.0	0.0	0.0	1.0021495320939524	0.0	0.0	0.6038520060846719	0.0	0.0	0.0	0.0	0.0	0.0	0.0	0.0	2.537674891407061	0.0	2.787713645031842	0.0	0.0	0.0	1.2810159721404815	0.0	1.0021495320939524	0.0	0.0	0.0	0.0	0.0	0.0	0.0	0.0	0.0	0.0	0.0	0.6038520060846719	2.0023639013111394	0.6038520060846719	0.0	0.0	0.0	0.6038520060846719	0.0	0.0	0.0	0.0	0.0	0.0	0.0	0.0	0.0	0.0	0.0	0.0	0.0	0.0	0.6038520060846719	0.0	0.0	0.0	0.0	0.6038520060846719	0.0	0.0	0.0	0.0	0.0	0.0	1.0021495320939524	0.0	0.0	0.8471454543260066	0.0	0.0	0.0	0.0	0.0	0.0	0.0	0.6038520060846719	0.0	0.0	0.0	0.0	0.0	0.0	0.0	0.0	0.6038520060846719	0.0	0.0	0.0	0.0	0.0	0.0	0.0	0.0	1.0021495320939524	0.0	1.344702146284938	1.116147860954945	1.344702146284938	0.6038520060846719
SRR13358036	0.0	0.9887175706676906	0.0	0.0	0.0	0.0	0.0	1.231210979966398	0.0	0.3904510495572319	0.3904510495572319	0.0	0.0	0.0	2.111393082679582	0.0	2.432316614639859	0.3904510495572319	0.0	1.5898239943661758	0.0	0.0	0.0	1.909284675364448	0.0	0.0	1.411171951206525	0.0	0.0	0.0	0.0	0.0	0.592678438985992	0.592678438985992	0.0	0.0	0.0	0.8343595679043686	0.0	0.0	0.0	3.792914549303326	0.0	1.4997207897525218	0.592678438985992	0.3904510495572319	0.0	0.0	0.0	0.8343595679043686	0.0	0.0	0.3904510495572319	0.0	0.0	0.0	0.0	4.426715663701721	0.0	0.7301181334249468	0.0	0.0	0.0	0.0	0.0	2.2379372369281643	0.0	0.0	0.0	0.0	0.0	0.0	0.0	0.3904510495572319	0.0	0.0	0.0	0.0	2.8543408017499354	0.0	0.0	0.0	0.0	0.0	0.0	0.3904510495572319	0.0	0.592678438985992	0.0	0.592678438985992	0.0	0.0	0.0	0.9887175706676906	0.0	0.592678438985992	0.0	0.0	0.9183605612854321	0.0	0.0	0.0	0.0	2.782302567744002	0.0	0.0	0.0	0.0	0.0	0.0	1.5192990702890696	0.0	0.0	0.0	0.0	0.0	0.0	0.0	0.0	0.0	0.0	0.8343595679043686	0.0	0.0	0.0	0.0	0.0	0.0	0.0	0.0	0.0	0.0	0.0	0.0	0.3904510495572319	0.0	0.0	0.0	0.0	0.3904510495572319	1.2998204415512047	3.393905693688877	0.9887175706676906	0.8343595679043686	0.3904510495572319
SRR13358037	0.0	1.0607807939834386	0.0	0.0	0.0	0.0	0.0	0.5593738030168154	0.0	1.633557196080715	2.0760930042039796	1.0607807939834386	0.0	0.0	1.4354540260372732	0.5593738030168154	2.4076938231219174	1.2241002409869146	0.0	0.9482489788518583	0.0	0.0	0.0	1.6062011384851027	0.0	0.0	1.150072878184449	0.0	0.0	0.0	0.0	0.0	0.5593738030168154	0.0	0.0	0.0	0.0	1.9158851779438506	0.0	0.0	0.0	4.529721686072313	0.0	0.5593738030168154	0.5593738030168154	0.0	0.0	0.0	0.0	0.5593738030168154	0.0	0.0	0.0	0.0	0.0	0.0	0.0	3.322516862316876	0.0	1.6592917395155542	0.0	0.0	1.0607807939834386	0.5593738030168154	0.0	1.150072878184449	0.0	0.0	0.0	0.0	0.0	0.0	0.0	0.0	0.0	0.0	0.0	1.3425094046951194	2.581727432411592	0.0	0.0	0.0	0.0	0.0	0.0	0.0	0.0	0.0	0.0	0.0	0.0	0.0	0.0	0.0	0.0	0.0	0.0	0.7959563352665731	0.7959563352665731	0.0	0.0	0.7959563352665731	0.0	1.7492455885625358	0.0	0.0	0.0	0.0	0.0	0.0	1.82372671167481	0.0	0.0	1.2241002409869146	0.5593738030168154	0.0	1.2873278755979036	0.9482489788518583	0.0	0.0	0.0	0.5593738030168154	0.0	0.0	0.0	0.0	0.0	0.0	0.0	0.0	1.633557196080715	0.5593738030168154	0.0	0.0	0.0	0.0	0.0	0.0	0.0	1.6062011384851027	0.7959563352665731	2.0855590768861965	1.150072878184449	2.1383928906339267	0.5593738030168154
SRR13358038	0.0	0.8730954873593539	0.2841447293649144	0.0	0.0	0.0	0.2841447293649144	0.0	0.0	1.0477054351229071	1.4139830832564768	0.0	0.0	0.0	1.1719016170702994	0.0	2.0592570820640868	0.6716291988761529	0.0	0.7496330266894717	0.0	0.0	0.0	0.9691173200325808	0.0	0.0	0.5764793495717498	0.0	0.0	0.0	0.0	0.2841447293649144	0.2841447293649144	0.9691173200325808	0.0	0.0	0.0	1.2894697545682468	0.0	0.0	0.0	4.497358273691642	0.2841447293649144	0.0	0.6716291988761529	0.4544584584254817	0.0	0.0	0.0	0.0	0.0	0.0	1.0822391982206878	0.0	0.0	0.0	0.0	2.7480781126297336	0.2841447293649144	3.491896271248606	0.0	0.0	0.0	0.4544584584254817	0.0	0.7496330266894717	0.0	0.0	0.0	0.0	0.0	0.2841447293649144	0.0	0.4544584584254817	0.4544584584254817	0.0	0.0	0.9237548005546046	1.8902522699818234	0.2841447293649144	0.0	0.0	0.0	0.0	0.0	0.0	0.0	0.0	0.0	0.4544584584254817	0.4544584584254817	0.0	0.0	0.7496330266894717	0.0	0.0	0.0	0.0	0.6716291988761529	0.0	0.0	0.4544584584254817	0.0	1.9436472077255	0.0	0.0	0.0	0.0	0.2841447293649144	0.0	1.429179018304671	0.0	0.0	0.6716291988761529	0.0	0.0	0.8730954873593539	0.5764793495717498	0.0	0.0	0.0	0.5764793495717498	0.0	0.0	0.0	0.5764793495717498	0.0	0.2841447293649144	0.0	0.0	1.1142280632803108	0.2841447293649144	0.0	0.0	0.0	0.0	0.0	0.0	0.0	1.0822391982206878	0.7496330266894717	3.299815572464501	0.7496330266894717	1.2683654871007874	0.0
SRR13358039	0.510035394126869	0.7381778822164404	0.0	0.0	0.0	0.0	0.32594649121893327	3.370057260729481	0.510035394126869	0.945798418199661	0.638918392738196	0.32594649121893327	0.0	0.0	3.0729230138157724	0.0	1.8539433275224082	0.638918392738196	0.0	4.01709879617022	0.0	0.0	0.0	0.945798418199661	0.0	0.0	0.32594649121893327	0.0	0.0	0.0	0.0	0.0	0.32594649121893327	0.0	0.0	0.32594649121893327	0.0	0.510035394126869	0.0	0.0	0.0	2.0523476574268242	0.0	0.0	0.8189184141794417	0.32594649121893327	0.0	0.32594649121893327	0.32594649121893327	0.7381778822164404	0.0	0.8189184141794417	0.0	0.0	0.0	0.0	0.0	1.700672628956873	1.123822305931465	1.249724141312021	0.0	0.32594649121893327	0.0	0.0	0.0	0.8869755617779599	0.0	0.32594649121893327	0.0	0.638918392738196	0.0	0.0	0.0	0.32594649121893327	0.0	0.0	0.0	0.0	3.968702905400633	0.0	0.510035394126869	0.0	0.0	0.0	0.0	0.32594649121893327	0.0	1.8111170705329003	0.32594649121893327	1.4781421504536836	0.0	0.0	0.0	0.510035394126869	0.0	0.32594649121893327	0.0	0.510035394126869	0.8189184141794417	0.0	0.0	0.0	0.0	4.1436114882722945	0.0	0.0	0.0	0.0	0.0	0.510035394126869	0.510035394126869	0.0	0.0	0.32594649121893327	0.0	0.0	0.0	0.0	0.0	0.0	0.0	0.510035394126869	0.0	0.0	0.0	0.0	0.0	0.7381778822164404	0.0	0.0	0.0	0.0	0.0	0.0	0.0	0.32594649121893327	0.0	0.0	0.0	0.638918392738196	0.32594649121893327	0.8869755617779599	0.32594649121893327	0.0	0.510035394126869
SRR13358042	0.0	0.5118293619265353	0.0	0.0	0.0	0.24300462149320645	0.0	0.5118293619265353	0.0	0.24300462149320645	0.9660721651454404	0.0	0.0	0.0	2.910546499935389	0.0	4.46352760479348	0.889233767124683	0.0	1.4352913684880049	0.0	0.0	0.0	1.8450211536233792	0.0	0.0	0.0	0.0	0.0	0.0	0.0	0.0	0.0	1.2429645054650345	0.0	0.0	0.0	0.676632031220842	0.0	0.0	0.0	3.7411130200961407	0.0	0.0	0.24300462149320645	0.3978932098812814	0.0	0.0	0.5118293619265353	2.3393737975348885	0.0	0.3978932098812814	0.3978932098812814	0.0	0.0	0.0	0.0	2.2503424397682235	0.0	1.8061031920674497	0.0	0.24300462149320645	0.0	0.9293501022180924	0.0	2.967820909974393	0.0	0.0	0.0	0.0	0.0	0.0	0.0	0.740298871710998	0.0	0.0	0.0	0.3978932098812814	2.4912839446857675	0.0	0.0	0.0	0.0	0.0	0.0	0.0	0.0	0.0	0.0	0.5118293619265353	0.0	0.0	0.0	0.24300462149320645	0.0	0.0	0.0	0.0	0.0	0.0	0.0	0.24300462149320645	0.0	0.24300462149320645	0.0	0.0	0.0	0.0	0.0	0.0	0.889233767124683	0.0	0.0	0.0	0.24300462149320645	0.0	0.24300462149320645	0.0	0.0	0.0	0.0	1.1138713520782588	0.0	0.0	0.676632031220842	0.5118293619265353	0.0	0.0	0.0	0.0	0.3978932098812814	0.24300462149320645	0.0	0.0	0.0	0.0	0.0	0.0	0.0	0.3978932098812814	0.3978932098812814	2.512806663069435	0.3978932098812814	0.7958144976248983	0.24300462149320645
SRR13358044	0.0	0.20937911463425898	0.0	0.0	0.0	0.0	0.0	0.673662090558414	0.0	0.20937911463425898	0.541326154803079	0.0	0.0	0.0	3.0059828275966742	0.0	4.52590447705424	1.146418174315081	0.0	0.7749506915222042	0.0	0.0	0.0	1.9211274548640211	0.0	0.0	0.0	0.20937911463425898	0.0	0.0	0.0	0.0	0.0	1.146418174315081	0.0	0.0	0.0	0.673662090558414	0.0	0.0	0.20937911463425898	3.28988000790475	0.0	0.20937911463425898	0.0	0.6125153305395122	0.0	0.0	0.7272526098419498	2.2993717530008184	0.0	0.20937911463425898	0.35005143509104997	0.0	0.0	0.0	0.0	2.201317230046687	0.0	1.2919190170115762	0.0	0.0	0.0	0.9855568802615888	0.0	1.8945190002377281	0.0	0.0	0.0	0.0	0.0	0.0	0.0	0.0	0.0	0.0	0.0	0.35005143509104997	1.703802356121923	0.0	0.0	0.0	0.0	0.35005143509104997	0.0	0.0	0.0	0.0	0.0	0.0	0.20937911463425898	0.20937911463425898	0.0	0.0	0.0	0.0	0.0	0.0	0.35005143509104997	0.0	0.0	0.20937911463425898	0.0	0.35005143509104997	0.0	0.0	0.0	0.0	0.0	0.0	0.4561350730461243	0.0	0.0	0.0	0.541326154803079	0.0	0.4561350730461243	0.20937911463425898	0.0	0.0	0.0	2.3837845591051154	0.0	0.0	0.35005143509104997	0.0	0.0	0.0	0.0	0.0	0.35005143509104997	0.0	0.0	0.0	0.0	0.0	0.0	0.0	0.0	0.0	0.20937911463425898	2.262761831936716	0.0	0.6125153305395122	0.20937911463425898
SRR13358045	0.28932597664204623	0.7584655638362692	0.0	0.0	0.0	0.28932597664204623	0.0	0.46144473803026387	0.28932597664204623	0.0	0.28932597664204623	0.0	0.0	0.0	2.2817398961913984	0.0	4.501326286983532	1.2328933285186718	0.0	0.5843835160019151	0.0	0.0	0.0	1.7619973179715636	0.0	0.0	0.6800891180652372	0.0	0.0	0.0	0.0	0.28932597664204623	0.0	1.1539821844440554	0.0	0.0	0.0	0.28932597664204623	0.0	0.0	0.0	3.6676195170292765	0.0	0.28932597664204623	0.0	0.46144473803026387	0.0	0.0	0.0	0.28932597664204623	0.0	0.0	0.46144473803026387	0.0	0.0	0.0	0.0	2.7486306965202028	0.0	1.9808306057044225	0.0	0.0	0.0	1.0574770096840806	0.0	2.2169572011140084	0.0	0.0	0.0	0.0	0.0	0.0	0.0	0.0	0.0	0.0	0.0	0.0	1.8217141542268034	0.0	0.0	0.0	0.0	0.28932597664204623	0.0	0.0	0.0	0.28932597664204623	0.0	0.0	0.0	0.0	0.0	0.28932597664204623	0.0	0.28932597664204623	0.0	0.0	0.0	0.0	0.0	0.0	0.0	0.5843835160019151	0.0	0.0	0.0	0.0	0.0	0.0	1.0574770096840806	0.0	0.0	0.28932597664204623	0.0	0.0	0.0	0.0	0.0	0.0	0.0	0.5843835160019151	0.0	0.0	0.6800891180652372	0.0	0.0	0.0	0.0	0.0	0.0	0.0	0.0	0.0	0.0	0.0	0.0	0.0	0.0	0.5843835160019151	0.7584655638362692	1.2081492039898125	0.46144473803026387	0.5843835160019151	0.0
SRR13358046	0.0	3.0796599144343317	0.0	0.0	0.0	0.0	0.0	0.5821737891591147	0.0	0.0	0.0	0.0	0.0	0.0	0.9760249049837885	0.0	4.327905626294026	0.8222951336419442	0.0	1.316951118941598	0.0	0.0	0.0	2.477154506522081	0.0	0.0	0.0	0.0	0.0	0.0	0.0	0.0	0.0	0.8222951336419442	0.0	0.0	0.0	0.0	0.0	0.0	0.0	4.099280950215845	0.0	0.0	0.38210456112066377	0.38210456112066377	0.0	0.0	0.0	1.7695982141743156	0.0	0.0	1.1365421015673611	0.0	0.0	0.0	0.0	2.028516060487851	0.0	2.5537045222267984	0.0	0.0	0.0	0.9059268798316605	0.5821737891591147	0.7186226706469943	0.0	0.0	0.0	0.0	0.0	0.0	0.0	0.5821737891591147	0.0	0.0	0.0	0.0	1.6222563679830007	0.0	0.0	0.0	0.0	0.0	0.0	0.0	0.0	0.8222951336419442	0.0	0.38210456112066377	0.0	0.0	0.0	0.0	0.0	0.0	0.0	0.0	0.38210456112066377	0.0	0.0	0.0	0.0	0.0	0.0	0.0	0.0	0.0	0.0	0.0	1.4655273075231094	0.0	0.0	0.38210456112066377	0.0	0.38210456112066377	0.38210456112066377	0.0	0.0	0.0	0.0	3.2007948192740487	0.0	0.0	0.38210456112066377	0.0	0.0	0.0	0.0	0.0	0.0	0.0	0.0	0.0	0.0	0.0	0.0	0.0	0.0	0.0	0.0	0.7186226706469943	0.7186226706469943	0.0	0.0
SRR13358050	0.0	2.1768022903258344	0.0	0.0	0.0	0.0	0.618370288037468	0.3119713009386278	0.0	0.4916492523978876	0.3119713009386278	0.0	0.0	0.0	1.061085374673113	0.0	4.422599615802944	0.9220600924016693	0.0	2.48692436093922	0.0	0.0	0.0	1.2508205935602021	0.0	0.0	0.3119713009386278	0.0	0.0	0.0	0.0	0.0	0.3119713009386278	1.1339321391445145	0.0	0.0	0.0	0.7163461801003844	0.0	0.0	0.0	3.919677717774222	0.0	0.618370288037468	0.0	0.618370288037468	0.0	0.0	0.0	2.6214438155854176	0.0	0.0	1.3824238641739603	0.0	0.0	0.0	0.0	1.4521958695865511	0.0	1.7372114025120717	0.0	0.0	0.0	0.618370288037468	0.3119713009386278	2.772084665995403	0.0	0.0	0.0	0.0	0.0	0.0	0.0	1.2992561827702918	0.0	0.0	0.0	0.0	1.9608905554229392	0.0	0.0	0.0	0.0	0.0	0.0	0.0	0.3119713009386278	0.3119713009386278	0.0	0.0	0.0	0.0	0.0	0.0	0.0	0.0	0.0	0.0	0.4916492523978876	0.0	0.0	0.0	0.0	0.618370288037468	0.0	0.0	0.0	0.0	0.0	0.0	0.4916492523978876	0.0	0.0	0.0	0.4916492523978876	0.0	1.8725750028439896	0.3119713009386278	0.0	0.3119713009386278	0.0	0.0	0.0	0.0	0.4916492523978876	0.3119713009386278	0.0	0.0	0.0	0.0	0.0	0.0	0.0	0.0	0.0	0.0	0.0	0.0	0.0	0.0	0.618370288037468	2.9685331689088597	1.8846476558372984	0.0	0.0
SRR13358051	0.0	3.3819497583815172	0.0	0.0	0.0	0.0	0.0	1.2038034453984763	0.0	0.0	0.8448086435635958	0.0	0.0	0.0	1.8447652174585523	0.3977374514068053	4.0224411839684215	0.601806779981449	0.0	1.5311512036654684	0.0	0.0	0.0	2.1519530751570093	0.0	0.0	0.3977374514068053	0.0	0.3977374514068053	0.0	0.0	0.0	0.3977374514068053	1.1136316866011458	0.0	0.0	0.0	0.7400864516121088	0.0	0.0	0.0	4.2511059060185135	0.0	0.3977374514068053	0.7400864516121088	0.3977374514068053	0.0	0.0	0.0	2.4129634202996844	0.0	0.0	2.1565166069793573	0.0	0.0	0.601806779981449	0.0	2.7528628625088394	0.0	2.962268793129186	0.0	0.3977374514068053	0.0	0.0	0.0	0.7400864516121088	0.0	0.0	0.0	0.0	0.0	0.0	0.0	2.1185906735350244	0.0	0.0	0.0	0.0	1.8539731180139511	0.0	0.0	0.0	0.0	0.0	0.0	0.0	0.0	0.3977374514068053	0.0	0.7400864516121088	0.0	0.0	0.0	0.3977374514068053	0.0	0.601806779981449	0.0	0.7400864516121088	0.0	0.0	0.0	0.0	0.3977374514068053	0.3977374514068053	0.0	0.0	0.0	0.0	0.0	0.3977374514068053	0.9996961286634608	0.0	0.0	0.3977374514068053	0.0	0.0	2.6885276115698	0.601806779981449	0.0	0.3977374514068053	0.0	0.601806779981449	0.0	0.0	0.0	0.0	0.0	0.0	0.0	0.0	0.0	0.3977374514068053	0.0	0.0	0.0	0.0	0.0	0.0	0.0	0.0	0.8448086435635958	2.1473410804105737	3.578988644791645	0.0	0.0
SRR13358052	0.27655106896348314	2.875470538089497	0.0	0.0	0.0	0.27655106896348314	0.0	0.44416616585870095	0.0	0.0	0.8022489078333271	0.27655106896348314	0.0	0.0	1.3136257028283018	0.0	4.405962634352016	0.9548932988098536	0.0	1.7828739831467975	0.0	0.0	0.0	2.457601424069361	0.0	0.0	0.0	0.0	0.0	0.0	0.0	0.27655106896348314	0.0	1.0676161586611554	0.0	0.27655106896348314	0.0	0.5648039669819613	0.0	0.0	0.0	3.9910955190318846	0.0	0.44416616585870095	0.27655106896348314	0.8022489078333271	0.27655106896348314	0.0	0.0	2.0469170610064333	0.0	0.0	2.0960893001285235	0.0	0.0	0.27655106896348314	0.0	1.9671266585590137	0.0	2.043432179038817	0.0	0.27655106896348314	0.0	0.5648039669819613	0.27655106896348314	0.5648039669819613	0.0	0.0	0.0	0.0	0.0	0.0	0.0	1.6039785259321628	0.0	0.0	0.0	0.0	1.2311379621236744	0.0	0.5648039669819613	0.0	0.0	0.0	0.0	0.0	0.0	0.0	0.0	0.27655106896348314	0.0	0.0	0.0	0.44416616585870095	0.0	0.0	0.0	0.0	0.27655106896348314	0.0	0.0	0.0	0.0	0.5648039669819613	0.0	0.0	0.0	0.0	0.0	0.0	0.5648039669819613	0.0	0.0	0.27655106896348314	0.0	0.27655106896348314	2.143046727741159	0.27655106896348314	0.0	0.0	0.0	0.5648039669819613	0.0	0.0	0.27655106896348314	0.27655106896348314	0.0	0.0	0.0	0.0	0.5648039669819613	0.0	0.0	0.0	0.27655106896348314	0.0	0.0	0.0	0.0	0.6591128242859694	0.44416616585870095	2.0069531271719123	2.6363258104777345	0.44416616585870095	0.0
SRR13358053	0.0	3.1722546331724994	0.0	0.0	0.0	0.2804964819497283	0.0	0.8664930275489983	0.0	1.0407622235904035	1.1909545153383991	0.2804964819497283	0.2804964819497283	0.0	1.6216312441535978	0.0	4.341461675759064	0.9170390446378852	0.0	1.7295141566167878	0.0	0.0	0.0	2.294577097110474	0.2804964819497283	0.0	0.5708837987747704	0.0	0.0	0.0	0.0	0.2804964819497283	0.0	1.1369412655635673	0.0	0.0	0.0	1.2389870972053239	0.0	0.0	0.0	4.101275284190245	0.2804964819497283	0.2804964819497283	0.44952167864218406	0.2804964819497283	0.0	0.0	0.2804964819497283	1.797402853526341	0.0	0.2804964819497283	1.4506986956746521	0.0	0.0	0.0	0.0	2.751076515302106	0.0	1.9957455056632523	0.0	0.44952167864218406	0.0	0.743368741497947	0.0	0.0	0.0	0.0	0.0	0.0	0.2804964819497283	0.2804964819497283	0.0	1.706890227835712	0.0	0.2804964819497283	0.0	0.6656336175208668	1.8979406777243069	0.2804964819497283	0.44952167864218406	0.0	0.0	0.0	0.0	0.0	0.0	0.0	0.0	0.8664930275489983	0.0	0.0	0.0	0.2804964819497283	0.0	0.0	0.0	0.2804964819497283	0.5708837987747704	0.2804964819497283	0.0	0.5708837987747704	0.0	0.743368741497947	0.0	0.0	0.0	0.0	0.0	0.2804964819497283	1.3023405776312431	0.0	0.2804964819497283	0.44952167864218406	0.5708837987747704	0.5708837987747704	0.44952167864218406	0.44952167864218406	0.0	0.0	0.0	0.6656336175208668	0.0	0.0	0.0	0.5708837987747704	0.0	0.0	0.0	0.0	0.8092796306645734	0.5708837987747704	0.2804964819497283	0.0	0.2804964819497283	0.0	0.0	0.0	0.0	1.0407622235904035	0.5708837987747704	1.406647247456443	2.2253243004071237	1.2822323964834936	0.44952167864218406
SRR13358058	0.0	0.0	0.0	0.0	0.0	0.0	0.0	0.0	0.0	1.4178201155174388	1.6449333132175639	0.0	0.0	0.0	1.6268773812308712	0.44683648823860445	4.390812483009962	1.4737327802982103	0.0	2.5698104506920876	0.0	0.0	0.0	3.0103088046949438	0.0	0.0	0.6623663563902233	0.0	0.0	0.0	0.0	0.6623663563902233	0.6623663563902233	1.3536303065863895	0.0	0.0	0.0	1.3175871190475827	0.0	0.0	0.0	4.004396952986118	0.0	0.0	0.6623663563902233	1.0714241452828719	0.0	0.44683648823860445	0.0	0.44683648823860445	0.0	0.0	0.0	0.0	0.0	0.0	0.0	2.838601226666996	0.0	2.393252380946866	0.0	0.0	0.44683648823860445	1.5232611725769012	0.0	0.44683648823860445	0.0	0.0	0.0	0.0	0.0	0.0	0.0	0.0	0.0	0.0	0.0	0.9995497729673393	2.121391484740369	0.0	0.0	0.0	0.0	0.0	0.0	0.0	0.0	0.44683648823860445	0.0	0.44683648823860445	0.0	0.0	0.0	0.9995497729673393	0.0	0.9995497729673393	0.0	0.44683648823860445	0.0	0.0	0.0	0.8057578998190462	0.0	0.8057578998190462	0.0	0.0	0.44683648823860445	0.0	0.0	0.0	1.4992026420493523	0.0	0.0	0.6623663563902233	0.0	0.0	0.8057578998190462	0.44683648823860445	0.0	0.0	0.0	0.44683648823860445	0.0	0.0	0.9133746120531916	0.44683648823860445	0.0	0.0	0.0	0.0	0.9133746120531916	0.0	0.0	0.0	0.0	0.0	0.0	0.0	0.0	1.3869100599090178	0.44683648823860445	1.5460566028831368	0.6623663563902233	1.66226843240536	0.8057578998190462
SRR13358059	0.0	0.5181913003777202	0.0	0.24695375429617264	0.0	0.0	0.0	0.40341216432349886	0.0	0.5181913003777202	0.40341216432349886	0.40341216432349886	0.0	0.0	1.5001539865897744	0.0	2.0154598069087304	0.6838795871987482	0.0	0.5181913003777202	0.0	0.0	0.0	0.60888947996261	0.0	0.0	0.24695375429617264	0.0	0.0	0.0	0.0	0.0	0.0	0.9374425483015351	0.0	0.0	0.0	0.0	0.0	0.0	0.0	4.487291272807524	0.24695375429617264	0.0	0.0	0.0	0.0	0.0	0.5181913003777202	0.24695375429617264	0.0	0.0	1.3656684691410905	0.0	0.0	0.0	0.0	1.2325602072201922	0.0	3.8191621618342175	0.0	0.0	0.0	0.24695375429617264	0.0	0.5181913003777202	0.0	0.0	0.0	0.0	0.40341216432349886	0.0	0.0	0.40341216432349886	0.0	0.0	0.0	0.0	1.8767224617156997	0.0	0.0	0.0	0.0	0.0	0.0	0.0	0.0	0.24695375429617264	0.0	0.8035218741808146	0.24695375429617264	0.0	0.0	0.24695375429617264	0.0	0.0	0.0	0.24695375429617264	0.24695375429617264	0.0	0.0	0.0	0.0	0.0	0.0	0.0	0.0	0.0	0.0	0.0	0.5181913003777202	0.0	0.24695375429617264	0.40341216432349886	0.0	0.0	0.24695375429617264	0.0	0.0	0.0	0.0	0.40341216432349886	0.0	0.0	0.0	0.0	0.0	0.0	0.0	0.0	0.0	0.0	0.0	0.0	0.24695375429617264	0.24695375429617264	0.0	0.0	0.0	0.24695375429617264	0.0	0.7478077480785654	0.852894461512454	0.24695375429617264	0.0
SRR13358060	0.3209181880348914	0.5034414750841737	0.3209181880348914	0.0	0.0	0.0	0.0	0.3209181880348914	0.0	1.7624785195847377	1.907633903589797	0.9889932147338452	0.0	0.0	2.159197280331282	0.0	1.9305226047473372	0.7303681281904322	0.0	0.93731855441685	0.0	0.0	0.0	1.4688886520846534	0.3209181880348914	0.0	1.0769017448602531	0.0	0.0	0.0	0.0	0.6315608522648738	0.3209181880348914	0.0	0.0	0.0	0.0	1.8236247087646746	0.0	0.0	0.3209181880348914	3.894540454200772	0.8786543635920119	0.0	0.5034414750841737	0.0	0.0	0.0	0.0	0.6315608522648738	0.0	0.5034414750841737	0.0	0.0	0.0	0.0	0.0	4.444898742077036	0.3209181880348914	2.0799596097109254	0.0	0.0	0.8108096271059819	0.5034414750841737	0.0	0.6315608522648738	0.0	0.0	0.0	0.3209181880348914	0.3209181880348914	0.0	0.0	0.0	0.3209181880348914	0.0	0.0	1.3593489541590957	2.9242181241650953	0.93731855441685	0.0	0.0	0.0	0.0	0.0	0.0	0.0	0.3209181880348914	0.0	1.1499766519473282	0.0	0.0	0.6315608522648738	0.8108096271059819	0.0	0.3209181880348914	0.0	0.0	0.93731855441685	0.0	0.0	0.8108096271059819	0.0	0.9889932147338452	0.0	0.0	0.0	0.3209181880348914	0.0	0.0	1.8644243820486868	0.0	0.0	1.1823671137115364	0.0	0.3209181880348914	1.1499766519473282	0.8108096271059819	0.0	0.0	0.0	0.0	0.0	0.0	0.0	0.8786543635920119	0.0	0.0	0.0	0.0	1.4353542688681293	0.0	0.0	0.3209181880348914	0.0	0.0	0.0	0.0	0.0	1.6715075210577244	0.8786543635920119	0.9889932147338452	0.7303681281904322	2.155892491306106	0.8108096271059819
SRR13358061	2.224913413597782	0.8965419771757954	0.0	0.0	0.0	0.0	0.0	1.169103184881998	0.0	0.0	0.0	1.2993064782571813	0.0	1.2600884465210458	4.068284080537156	0.0	2.2908536044984076	0.0	1.2169741623885546	1.3684901160456393	0.0	0.0	0.0	1.3993448627551859	0.0	0.0	0.43458031827582244	0.0	0.0	0.0	0.0	0.0	1.2993064782571813	0.43458031827582244	0.0	0.0	0.0	1.7210034512900225	1.428152170814661	0.43458031827582244	0.0	3.2704080272793776	0.0	0.7895958322641435	0.43458031827582244	0.43458031827582244	0.0	0.0	1.7065647981762901	1.3684901160456393	0.0	1.7743887066785886	0.0	0.0	0.0	0.0	0.0	2.287013031045774	1.169103184881998	1.7988064773709853	0.0	0.0	0.0	0.0	0.0	1.169103184881998	0.0	0.0	0.0	1.9395370954389828	0.647396955089993	0.0	0.0	0.647396955089993	0.0	0.0	0.0	0.0	4.347802226146577	0.43458031827582244	0.0	0.0	0.0	0.0	0.0	0.0	2.1023143738248518	0.647396955089993	0.0	2.275283227632024	0.0	0.0	0.0	0.43458031827582244	0.0	0.0	0.0	0.43458031827582244	1.660123877221218	0.0	1.589296806801514	0.0	0.0	1.0538628826245207	0.0	0.0	0.8965419771757954	0.0	0.0	0.0	1.7210034512900225	0.0	0.43458031827582244	0.647396955089993	0.0	0.0	0.647396955089993	1.0538628826245207	0.0	0.0	0.0	0.43458031827582244	0.0	0.0	0.0	0.8965419771757954	0.0	1.2993064782571813	0.0	1.4551669385838335	0.43458031827582244	0.0	0.0	1.930865030318421	0.0	0.0	0.0	0.0	0.0	0.8965419771757954	1.169103184881998	1.2600884465210458	0.7895958322641435	0.7895958322641435	0.43458031827582244
SRR13358065	0.0	0.6070538681900649	0.0	0.0	0.0	0.0	0.0	0.48156308367317996	0.0	0.0	0.6070538681900649	0.0	0.0	0.0	4.079776830290936	0.0	3.8808367462141122	2.179787825517189	0.0	2.4347560069195158	0.0	0.3043656191438079	0.0	1.1200815528844397	0.0	0.0	0.3043656191438079	0.3043656191438079	0.0	0.0	0.0	0.3043656191438079	0.0	1.8194577023436826	0.0	0.0	0.0	0.0	0.0	0.0	0.0	3.8153283072085786	0.0	0.48156308367317996	0.0	1.4377652502514997	0.0	0.0	1.659711750992268	2.0479785470274745	0.0	0.0	0.6070538681900649	0.0	0.0	0.0	0.0	2.392224954540403	0.0	1.9797035085519632	0.0	0.3043656191438079	0.0	1.975057848953083	0.0	3.91427131166725	0.0	0.0	0.0	0.0	0.48156308367317996	0.0	0.0	0.3043656191438079	0.0	0.3043656191438079	0.0	0.0	2.0558049553404794	0.0	0.0	0.0	0.0	1.0059857981805242	0.0	0.0	0.0	0.0	0.0	0.8508006632050525	0.3043656191438079	0.3043656191438079	0.0	0.0	0.0	0.3043656191438079	0.0	0.6070538681900649	0.0	0.0	0.0	0.0	0.0	0.3043656191438079	0.0	0.0	0.0	0.0	0.0	0.0	1.1822971768690467	0.0	0.0	0.7836964743164184	0.7836964743164184	0.0	0.48156308367317996	0.0	0.3043656191438079	0.0	0.0	1.0059857981805242	0.0	0.0	0.9601549096093954	0.48156308367317996	0.0	0.0	0.0	0.0	0.0	0.0	0.0	0.0	0.0	0.0	0.0	0.0	0.0	1.0059857981805242	0.9601549096093954	3.005334365846536	2.9550513613145277	0.6070538681900649	0.9601549096093954
SRR13358066	0.0	0.43757243138861246	0.0	0.0	0.0	0.0	0.0	0.27171111098631556	0.0	0.27171111098631556	0.0	0.0	0.0	0.0	0.9457119448982637	0.27171111098631556	4.450575858851187	1.2214113023641684	0.0	1.2846157385488297	0.0	0.0	0.0	2.632217899152799	0.0	0.0	0.5573043927688636	0.0	0.0	0.0	0.0	0.27171111098631556	0.27171111098631556	0.9457119448982637	0.27171111098631556	0.27171111098631556	0.0	0.27171111098631556	0.0	0.0	0.0	3.911818741462818	0.0	0.0	0.0	1.6034120001968717	0.0	0.0	0.27171111098631556	0.27171111098631556	0.0	0.0	1.3397796044295311	0.9006677823824971	0.0	0.0	0.0	1.3037928610435854	0.0	1.8265755899236065	0.0	0.0	0.0	0.7281256940803893	0.27171111098631556	0.43757243138861246	0.0	0.0	0.0	0.0	0.0	0.0	0.0	1.7790319533891141	0.0	0.0	0.0	0.0	1.2645525354571538	0.0	0.0	0.0	0.0	0.0	0.0	0.0	0.0	0.0	0.0	1.9890386422781414	0.0	0.0	0.0	0.5573043927688636	0.0	0.7935549607444101	0.0	0.27171111098631556	0.0	0.0	0.0	0.0	0.0	0.0	0.0	0.0	0.0	0.0	0.0	0.27171111098631556	1.6807855535889498	0.0	0.0	0.0	0.0	0.0	0.0	0.0	0.0	0.0	0.0	0.0	0.0	0.0	0.0	0.0	0.0	0.0	0.27171111098631556	0.0	0.0	0.0	0.0	0.0	0.0	0.0	0.0	0.0	0.0	0.27171111098631556	0.5573043927688636	2.5436269682134167	0.27171111098631556	0.27171111098631556	0.27171111098631556
SRR13358067	0.2724695840090307	0.6523260050490268	0.0	0.0	0.0	0.0	0.0	0.7294506828235224	0.0	0.2724695840090307	0.0	0.0	0.0	0.0	1.0252962430659414	0.0	4.497859270100422	0.8518049378920509	0.0	2.466101784123704	0.0	0.0	0.0	2.702153509096925	0.0	0.0	0.2724695840090307	0.0	0.0	0.0	0.0	0.0	0.0	0.9020925373292916	0.0	0.0	0.0	0.7294506828235224	0.0	0.0	0.0	3.651927848930298	0.0	0.2724695840090307	0.0	1.323710626135358	0.0	0.2724695840090307	0.0	0.2724695840090307	0.0	0.0	1.1996455118917742	0.0	0.0	0.0	0.0	1.3413344402185055	0.0	1.245053764362635	0.0	0.0	0.0	0.5584826988440705	0.0	0.5584826988440705	0.0	0.0	0.0	0.0	0.0	0.0	0.0	1.1996455118917742	0.0	0.0	0.0	0.0	1.666337373661379	0.0	0.0	0.0	0.0	0.0	0.2724695840090307	0.0	0.0	0.5584826988440705	0.0	0.6523260050490268	0.0	0.0	0.0	1.0252962430659414	0.0	0.9020925373292916	0.0	0.2724695840090307	0.2724695840090307	0.0	0.0	0.0	0.0	0.2724695840090307	0.0	0.0	0.0	0.0	0.2724695840090307	0.0	0.8518049378920509	0.0	0.0	0.0	0.0	0.0	0.2724695840090307	0.0	0.0	0.0	0.0	0.0	0.0	0.0	0.2724695840090307	0.0	0.0	0.0	0.0	0.0	0.0	0.4386075031650938	0.0	0.0	0.2724695840090307	0.0	0.0	0.0	0.0	0.2724695840090307	1.323710626135358	2.796475419811577	0.9471568471047902	0.0	0.2724695840090307
SRR13358068	0.2950222254008255	0.0	0.0	0.0	0.0	0.0	0.0	0.4690922829234555	0.0	0.6893172710901516	0.2950222254008255	0.0	0.0	0.0	0.943503885945047	0.0	4.394883429982212	1.0304068893091214	0.0	2.0173986193527713	0.0	0.0	0.0	2.7934202439269695	0.0	0.0	0.4690922829234555	0.0	0.0	0.0	0.2950222254008255	0.0	0.0	1.1349037617562332	0.0	0.0	0.0	0.5930168802922093	0.0	0.0	0.0	4.039748111629316	0.0	0.2950222254008255	0.0	1.289543244523418	0.0	0.0	0.0	0.2950222254008255	0.0	0.0	1.5792792915609462	0.0	0.0	0.0	0.0	2.175500572910065	0.0	2.3995674456928864	0.0	0.0	0.0	0.2950222254008255	0.0	0.4690922829234555	0.0	0.0	0.0	0.0	0.0	0.0	0.0	0.0	0.0	0.0	0.0	0.0	1.7734311195220425	0.0	0.4690922829234555	0.0	0.0	0.0	0.0	0.0	0.0	0.4690922829234555	0.0	0.9891254491193713	0.2950222254008255	0.0	0.0	0.2950222254008255	0.0	1.0304068893091214	0.0	0.4690922829234555	0.0	0.0	0.0	0.0	0.0	0.0	0.0	0.0	0.0	0.0	0.2950222254008255	0.0	2.1974909327530017	0.0	0.0	0.0	0.0	0.0	0.2950222254008255	0.0	0.0	0.0	0.0	0.4690922829234555	0.0	0.0	0.0	0.0	0.0	0.0	0.0	0.0	0.0	0.0	0.0	0.0	0.2950222254008255	0.0	0.0	0.0	0.0	0.0	0.7680916264053039	2.551414792944594	0.2950222254008255	0.2950222254008255	0.2950222254008255
SRR13358069	0.0	0.5434331420645501	0.0	0.0	0.0	0.2628375134536173	0.0	0.4254132435503499	0.0	0.2628375134536173	0.2628375134536173	0.0	0.0	0.0	1.1018434787450933	0.0	4.420182610249191	1.6539486222783966	0.0	1.840065793766462	0.0	0.0	0.0	2.708947693512623	0.0	0.0	0.0	0.0	0.0	0.0	0.0	0.0	0.2628375134536173	1.3213725519243742	0.0	0.0	0.0	0.7774104407524767	0.0	0.0	0.0	3.973361609587635	0.0	0.5434331420645501	0.2628375134536173	2.0937056121641455	0.0	0.4254132435503499	0.0	0.2628375134536173	0.0	0.0	1.5554380999155921	0.0	0.0	0.0	0.0	1.3213725519243742	0.0	1.6848709661157903	0.0	0.0	0.0	0.7124935506389157	0.4254132435503499	0.5434331420645501	0.0	0.0	0.0	0.0	0.0	0.0	0.0	2.050914221879987	0.0	0.2628375134536173	0.0	0.0	1.6029988268338677	0.0	0.0	0.0	0.0	0.2628375134536173	0.0	0.2628375134536173	0.0	0.2628375134536173	0.0	0.4254132435503499	0.0	0.0	0.0	0.7124935506389157	0.0	0.9692430036321055	0.0	0.0	0.2628375134536173	0.0	0.0	0.0	0.0	0.8338737123816115	0.0	0.0	0.0	0.0	0.0	0.0	1.6029988268338677	0.0	0.2628375134536173	0.0	0.0	0.0	0.2628375134536173	0.0	0.0	0.0	0.0	0.4254132435503499	0.0	0.0	0.2628375134536173	0.4254132435503499	0.0	0.0	0.2628375134536173	0.0	0.2628375134536173	0.0	0.0	0.0	0.0	0.0	0.0	0.0	0.0	0.0	0.4254132435503499	2.8847559066618214	0.4254132435503499	0.4254132435503499	0.2628375134536173
SRR13358073	0.2719353888401317	0.5576529324477537	0.0	0.0	0.0	0.2719353888401317	0.2719353888401317	0.6514345856321886	0.0	0.5576529324477537	0.4378785671984971	0.0	0.2719353888401317	0.0	2.2744738192443013	0.2719353888401317	4.307172687561477	0.9010893051844753	0.0	3.1575070430962184	0.0	0.0	0.0	3.3290904983907104	0.0	0.0	0.0	0.0	0.0	0.0	0.0	0.2719353888401317	0.0	0.9010893051844753	0.0	0.2719353888401317	0.0	0.5576529324477537	0.0	0.0	0.0	3.977511674863465	0.0	0.6514345856321886	0.6514345856321886	0.7939595400182683	0.2719353888401317	0.0	0.0	0.7939595400182683	0.0	0.7939595400182683	3.212988106867549	0.0	0.0	0.0	0.0	1.594367902131766	0.5576529324477537	2.499805529055727	0.0	0.4378785671984971	0.0	0.6514345856321886	0.0	0.850819366100904	0.0	0.0	0.0	0.4378785671984971	0.2719353888401317	0.2719353888401317	0.0	0.0	0.0	0.7285176687064647	0.0	0.0	2.65584848334681	0.0	0.2719353888401317	0.0	0.0	0.0	0.0	0.2719353888401317	0.0	0.2719353888401317	0.0	1.0242574759518956	0.0	0.0	0.0	0.7285176687064647	0.0	0.4378785671984971	0.0	0.0	0.4378785671984971	0.0	0.0	0.4378785671984971	0.0	1.1478635349643125	0.0	0.0	0.0	0.0	0.0	0.6514345856321886	1.0242574759518956	0.0	0.2719353888401317	0.0	0.2719353888401317	0.0	0.6514345856321886	0.0	0.0	0.0	0.0	2.8978778630607938	0.0	0.2719353888401317	0.0	0.0	0.0	0.0	0.0	0.5576529324477537	0.0	0.0	0.0	0.0	0.0	0.0	0.0	0.0	0.0	0.4378785671984971	0.4378785671984971	2.8488213849371835	1.0242574759518956	0.2719353888401317	0.4378785671984971
SRR13358076	0.0	0.0	0.0	0.0	0.0	0.0	0.0	0.3402150008065822	0.0	0.5286197778504087	0.659586779276627	0.0	0.0	0.0	3.440583469337395	0.3402150008065822	4.375934564101599	0.910254497471671	0.0	1.4338432358825346	0.0	0.0	0.0	0.3402150008065822	0.0	0.0	1.5642558209020399	0.0	0.0	0.0	0.0	0.0	0.0	0.659586779276627	0.0	0.0	0.0	0.3402150008065822	0.0	0.0	0.0	3.8818369583005827	0.0	0.0	0.0	0.659586779276627	0.0	0.0	0.5286197778504087	0.0	0.0	0.0	0.0	0.0	0.0	0.0	0.0	2.4112669280700487	0.3402150008065822	1.0681711861293128	0.0	0.0	0.0	0.7600739912760164	0.0	3.2907207942879397	0.0	0.0	0.0	0.0	0.3402150008065822	0.0	0.0	0.659586779276627	0.0	0.5286197778504087	0.0	0.5286197778504087	1.6967288603475057	0.0	0.0	0.0	0.0	0.3402150008065822	0.0	0.0	0.0	0.3402150008065822	0.0	0.5286197778504087	0.0	0.3402150008065822	0.0	0.0	0.0	0.0	0.0	0.3402150008065822	0.5286197778504087	0.0	0.0	0.0	0.0	0.0	0.0	0.0	0.0	0.3402150008065822	0.0	0.0	1.5499408142298832	0.0	0.0	0.3402150008065822	0.0	0.0	0.7600739912760164	0.0	0.0	0.0	0.0	0.3402150008065822	0.0	0.0	0.3402150008065822	0.0	0.0	0.0	0.0	0.0	0.3402150008065822	0.0	0.0	0.0	0.0	0.0	0.0	0.0	0.0	0.0	0.3402150008065822	3.016557714520576	0.8416237715422337	0.8416237715422337	0.0
SRR13358078	0.0	3.471399110765862	0.0	0.0	0.0	0.0	0.0	0.4193321665143427	0.0	0.0	0.0	0.0	0.0	0.0	1.636306186777779	0.0	2.9868751234455884	0.0	0.0	2.6639100878150948	0.0	0.0	0.0	2.73702227330472	0.0	0.0	0.4193321665143427	0.0	0.0	0.0	0.0	0.0	0.0	0.0	0.0	0.0	0.0	0.4193321665143427	0.0	0.0	0.0	1.986535982464302	0.0	0.0	0.4193321665143427	0.0	0.0	0.0	0.0	1.5655760789620925	0.4193321665143427	0.0	1.2761972555330625	0.0	0.0	0.0	0.0	1.4570617011594864	0.4193321665143427	0.628639506531023	0.0	0.0	0.0	0.4193321665143427	0.0	0.9605246264307973	0.0	0.0	0.0	0.0	0.0	0.0	0.0	0.0	0.0	0.0	0.0	0.0	4.175375325497731	0.0	0.0	0.0	0.0	0.0	0.0	0.0	0.0	0.4193321665143427	0.0	0.9605246264307973	0.0	0.0	0.0	0.0	0.0	0.0	0.0	0.4193321665143427	0.628639506531023	0.0	0.0	0.0	0.0	0.0	0.0	0.0	0.0	0.0	0.0	0.0	0.628639506531023	0.0	0.0	0.0	0.0	0.0	0.628639506531023	0.628639506531023	0.0	0.0	0.0	0.628639506531023	0.0	0.0	0.0	0.0	0.0	0.0	0.0	0.0	0.0	0.0	0.0	0.0	0.0	0.0	0.0	0.0	0.0	0.0	0.4193321665143427	4.241481722697397	0.0	0.0	0.0
SRR13358079	0.0	4.0168734832988795	0.0	0.0	0.0	0.0	0.0	0.6990092002536967	0.0	0.6990092002536967	0.9542860602406104	0.0	0.0	0.0	1.5185614496263768	0.0	3.878283456534774	0.0	0.0	2.648408895231864	0.0	0.0	0.0	2.8176142893355447	0.0	0.0	0.8451400355049812	0.0	0.0	0.0	0.0	0.0	0.0	0.4771539182300493	0.0	0.0	0.0	0.4771539182300493	0.0	0.0	0.0	3.0039401120267053	0.0	0.4771539182300493	0.6990092002536967	0.4771539182300493	0.0	0.0	0.4771539182300493	0.0	0.0	0.4771539182300493	0.0	0.0	0.0	0.0	0.0	2.481491461158276	0.0	0.6990092002536967	0.0	0.4771539182300493	0.0	0.4771539182300493	0.0	0.6990092002536967	0.0	0.0	0.0	0.0	0.4771539182300493	0.0	0.0	0.0	0.0	0.0	0.0	0.9542860602406104	4.164907237955257	0.0	0.0	0.0	0.0	0.0	0.0	0.0	0.4771539182300493	0.6990092002536967	0.0	0.8451400355049812	0.0	0.0	0.0	0.4771539182300493	0.0	0.4771539182300493	0.0	0.0	0.0	0.0	0.0	0.4771539182300493	0.0	0.8451400355049812	0.0	0.0	0.0	0.0	0.0	0.0	1.1139885780517282	0.0	0.0	0.0	0.0	0.0	0.4771539182300493	0.0	0.0	0.0	0.0	1.0414372256996949	0.0	0.0	0.0	0.0	0.0	0.0	0.0	0.0	0.4771539182300493	0.0	0.0	0.0	0.0	0.0	0.0	0.0	0.0	0.4771539182300493	0.0	3.3936241778193956	0.9542860602406104	1.0414372256996949	0.4771539182300493
SRR13358080	0.0	3.6668735099596055	0.0	0.0	0.0	0.0	0.0	0.3870456759278847	0.0	1.3249599430680268	1.665572713316705	0.23528436834000452	0.0	0.0	2.635905940073694	0.23528436834000452	1.8452669272832496	0.5883988324044984	0.0	2.4613971869089877	0.0	0.0	0.0	2.0102309866552917	0.0	0.0	0.23528436834000452	0.0	0.0	0.0	0.0	0.23528436834000452	0.3870456759278847	0.0	0.0	0.0	0.0	1.5137166041482288	0.0	0.0	0.0	2.0752604233560934	0.23528436834000452	0.0	0.6623013993208228	0.3870456759278847	0.0	0.0	0.5883988324044984	0.23528436834000452	0.0	0.23528436834000452	0.23528436834000452	0.0	0.0	0.0	0.0	4.251137663717393	0.0	1.2068179410956894	0.0	0.0	0.5883988324044984	0.3870456759278847	0.0	0.5883988324044984	0.0	0.0	0.0	0.0	0.0	0.0	0.0	0.49928845303034125	0.49928845303034125	0.0	0.0	1.01483278878136	2.3542189595688976	0.0	0.0	0.0	0.0	0.0	0.0	0.0	0.0	0.0	0.0	0.3870456759278847	0.0	0.0	0.0	0.23528436834000452	0.23528436834000452	0.0	0.0	0.0	0.3870456759278847	0.0	0.0	0.5883988324044984	0.0	0.8733963208004598	0.0	0.0	0.0	0.0	0.0	0.0	1.4941464047550075	0.0	0.0	0.6623013993208228	0.3870456759278847	0.3870456759278847	0.5883988324044984	0.7254380314635914	0.0	0.0	0.0	0.5883988324044984	0.0	0.0	0.0	0.5883988324044984	0.0	0.0	0.0	0.0	0.9498469819349423	0.0	0.0	0.0	0.23528436834000452	0.0	0.0	0.0	0.0	1.2439744460949118	0.5883988324044984	4.1340005276847585	0.23528436834000452	1.6722655476538746	0.9498469819349423
SRR13358081	0.0	3.616597380426877	0.0	0.0	0.0	0.0	0.0	0.0	0.0	0.7794809504828265	0.6380496574784501	0.0	0.0	0.0	1.8425142671037662	0.0	4.115293326274525	1.3237386200823515	0.0	2.726686674799427	0.0	0.0	0.0	2.6897149586756144	0.0	0.0	0.4269663888274394	0.0	0.0	0.0	0.0	0.0	0.0	3.4550658255482185	0.0	0.0	0.0	0.9714612996958323	0.0	0.0	0.0	3.439767600034515	0.0	0.0	0.0	0.6380496574784501	0.0	0.4269663888274394	0.0	1.9360750888600995	0.0	0.0	0.6380496574784501	0.0	0.0	0.0	0.0	2.2749738079878137	0.0	1.443494435763311	0.0	0.0	0.0	1.2878195267681103	0.0	2.637744909970341	0.0	0.0	0.0	0.0	0.0	0.0	0.0	0.0	0.0	0.0	0.0	0.0	3.5687387660860797	0.0	0.0	0.0	0.0	0.4269663888274394	0.0	0.0	0.0	0.0	0.0	0.8859940021947597	0.0	0.0	0.0	0.0	0.0	0.9714612996958323	0.0	0.0	0.0	0.0	0.0	0.0	0.0	0.4269663888274394	0.0	0.0	0.0	0.0	0.0	0.0	0.6380496574784501	0.0	0.0	0.0	0.0	0.0	0.4269663888274394	0.4269663888274394	0.0	0.0	0.0	0.0	0.0	0.0	0.0	0.0	0.0	0.0	0.0	0.0	0.4269663888274394	0.0	0.0	0.0	0.0	0.0	0.0	0.0	0.0	0.7794809504828265	1.1578312533606565	3.831819917535365	3.3816850762561237	0.9714612996958323	0.0
SRR13358083	0.482121527771728	0.482121527771728	0.482121527771728	0.0	0.0	0.0	0.0	1.6407749654134918	0.0	2.1864068237490555	2.5452765868134475	1.9368106670808054	0.0	0.0	2.197762842010559	0.482121527771728	2.339882955278243	1.469621219388148	0.0	1.2374915132625508	0.0	0.0	0.0	2.279280937455205	1.4385680342174298	0.0	1.469621219388148	0.0	0.0	0.0	0.0	0.9608968279568301	1.5257681710154896	0.9608968279568301	0.0	0.0	0.0	2.4240910815147743	0.0	0.0	0.482121527771728	4.333261032203323	1.0481970595382526	1.0481970595382526	1.1830756320597997	0.482121527771728	0.0	0.0	0.7049634604228303	0.0	0.0	0.0	0.7049634604228303	0.0	0.0	0.0	0.0	3.9432372289352284	0.0	0.9608968279568301	0.0	0.0	0.8515164516604588	0.482121527771728	0.0	0.0	0.0	0.0	0.0	0.0	0.0	0.0	0.0	0.0	0.0	0.0	0.0	1.9158724514685892	3.6281336886745366	0.7049634604228303	0.0	0.0	0.0	0.0	0.0	0.0	0.0	0.482121527771728	0.0	0.7049634604228303	0.0	0.0	0.0	0.8515164516604588	0.482121527771728	0.7049634604228303	0.0	0.8515164516604588	1.7477068360931765	0.0	0.0	1.6605266906222205	0.0	1.4385680342174298	0.0	0.0	0.0	0.0	0.0	0.482121527771728	2.2929978727471365	0.0	0.0	1.5513351216935882	0.482121527771728	0.9608968279568301	1.598353423236946	1.1208515811513324	0.0	0.0	0.0	0.0	0.0	0.0	0.0	1.4051222940347095	0.0	0.0	0.0	0.0	2.0756014663320026	0.9608968279568301	0.0	0.7049634604228303	0.0	0.0	0.0	0.0	0.0	2.082963631270089	1.1208515811513324	1.469621219388148	0.8515164516604588	2.717581895663336	0.8515164516604588
SRR13358084	0.0	0.49919204879927265	0.0	0.0	0.0	0.0	0.49919204879927265	0.8732741063986285	0.0	2.028016257883945	2.3729996096618082	1.1442129427581103	0.0	0.0	1.600048921723854	0.0	3.537975181893757	2.536391278082806	0.0	0.0	0.0	0.0	0.0	1.9817352930094412	1.206685603691171	0.0	1.6852113271024518	0.8732741063986285	0.0	0.0	0.0	1.1442129427581103	1.1442129427581103	2.1878150593920416	0.0	0.0	0.0	2.1816950085840756	0.0	0.0	0.0	4.379266042072247	0.8732741063986285	0.9834278287198966	0.49919204879927265	1.9407953205140216	0.0	0.0	0.8732741063986285	0.49919204879927265	0.0	0.0	0.49919204879927265	0.0	0.0	0.0	0.0	3.7526044090982875	0.0	3.0945013356833413	0.0	0.0	0.7253234839719415	2.4590926209658983	0.0	1.1442129427581103	0.0	0.0	0.0	0.0	0.0	0.0	0.0	0.8732741063986285	0.8732741063986285	0.7253234839719415	0.0	1.5758664971557659	2.8071633717024103	0.9834278287198966	0.0	0.0	0.0	0.8732741063986285	0.0	0.0	0.49919204879927265	0.9834278287198966	0.0	0.0	0.0	0.0	0.0	0.49919204879927265	0.0	0.49919204879927265	0.0	0.49919204879927265	1.6229555454051257	0.0	0.0	1.4628949257322388	0.0	1.429377579435602	0.0	0.49919204879927265	0.0	0.0	0.0	0.0	2.1563140924963036	0.0	0.0	1.429377579435602	0.0	0.49919204879927265	1.6229555454051257	1.206685603691171	0.0	0.0	0.0	0.49919204879927265	0.0	0.0	1.206685603691171	0.7253234839719415	0.0	0.0	0.8732741063986285	0.0	1.9817352930094412	0.8732741063986285	0.0	0.0	0.7253234839719415	0.0	0.0	0.0	0.0	2.1079815342377155	0.0	1.523043765839779	1.206685603691171	2.4687466001407774	1.0712190372724923
SRR13358085	0.0	1.0371104083715528	0.0	0.0	0.6332013872167314	0.0	0.0	2.276345339431962	0.0	2.680441307012001	2.9269200618517752	0.6332013872167314	0.0	0.0	2.7544594370778808	0.0	2.444010346559463	1.6421244205465162	0.0	1.4374152389673869	0.0	0.0	0.0	2.658998368002435	0.0	0.0	1.9213426145604946	0.0	0.0	0.0	0.6332013872167314	1.5311411266135728	1.4374152389673869	0.6332013872167314	0.0	0.6332013872167314	0.0	2.8088754313016526	0.0	0.0	0.6332013872167314	3.375077945865739	1.3177320429821515	1.6736013444516589	1.4374152389673869	0.0	0.0	0.0	1.3816834586215982	1.0371104083715528	0.0	0.8805113711142183	0.6332013872167314	0.0	0.0	0.0	0.0	4.310018127404835	0.0	1.0371104083715528	0.0	0.0	1.3177320429821515	1.0371104083715528	0.0	2.2609167459648334	0.0	0.0	0.0	0.0	0.0	0.0	0.0	0.6332013872167314	1.1519648321067595	0.0	0.0	2.3331008595274265	3.774716078856005	1.608186578505775	0.0	0.0	0.0	0.0	0.0	0.0	0.0	1.8466122470196824	0.0	1.0371104083715528	0.0	0.0	0.0	1.486801685769676	0.0	0.0	0.0	1.1519648321067595	2.0659808833314415	0.0	0.0	1.8855828367425072	0.0	1.866534514278847	0.0	0.6332013872167314	0.0	0.0	0.0	0.0	2.813300199483117	0.8805113711142183	0.0	1.999655451082171	0.0	1.7304407165764337	2.174295490946345	1.571370135422417	0.6332013872167314	0.0	0.0	0.6332013872167314	0.0	0.0	0.0	1.571370135422417	0.0	0.0	0.0	0.0	2.4738694018258993	1.3177320429821515	0.0	0.0	0.0	0.6332013872167314	0.0	0.0	0.0	2.548778879405778	1.1519648321067595	3.060123465107418	0.8805113711142183	3.1062170766541257	1.2427099130596637
SRR13358086	0.0	0.287320256392177	0.0	0.0	0.0	0.0	0.0	0.9295621445571858	0.0	1.2523992828530583	1.785489485782374	0.287320256392177	0.0	0.0	1.0537065578334361	0.0	3.9333204443816716	1.9724212908626315	0.0	0.9295621445571858	0.0	0.0	0.0	1.388212445163517	0.287320256392177	0.0	1.0161347747008005	0.0	0.0	0.0	0.0	0.6768217550240112	0.8788062396336533	1.7921133628687234	0.0	0.0	0.0	1.574912480158608	0.0	0.0	0.0	3.960249385627176	0.0	0.5813295959353171	0.8213236978245146	1.541112450070762	0.0	0.0	0.287320256392177	0.287320256392177	0.0	0.0	0.287320256392177	0.0	0.0	0.0	0.0	3.2013202689995346	0.0	2.768059650208956	0.0	0.0	0.0	1.8475784130301338	0.0	4.225424725970792	0.0	0.0	0.0	0.0	0.0	0.0	0.0	0.45874371098437106	0.0	0.0	0.287320256392177	0.9295621445571858	2.308725927232525	0.5813295959353171	0.0	0.0	0.0	0.5813295959353171	0.0	0.0	0.0	0.0	0.0	0.287320256392177	0.287320256392177	0.0	0.0	0.0	0.0	0.0	0.0	0.0	0.9295621445571858	0.0	0.0	0.7550551869616579	0.0	0.9295621445571858	0.0	0.0	0.287320256392177	0.0	0.0	0.287320256392177	1.596067572803932	0.0	0.0	1.0882851522074055	0.0	0.287320256392177	0.9750020801015672	0.45874371098437106	0.0	0.0	0.0	0.0	0.0	0.0	0.9295621445571858	0.7550551869616579	0.0	0.0	0.0	0.0	1.4502131131144902	0.45874371098437106	0.0	0.0	0.287320256392177	0.0	0.0	0.287320256392177	0.0	1.4781820066912739	0.6768217550240112	1.4355228624339809	0.45874371098437106	1.9018909679762008	0.0
SRR13358087	0.0	0.7539327541567021	0.0	0.0	0.0	0.3361878314469663	0.0	0.3361878314469663	0.0	1.964514488305675	2.391666762773442	1.1416084166678089	0.0	0.0	2.1943182797488703	0.5233931233805232	1.8519826498026593	1.103339028697205	0.0	1.4266758452016053	0.0	0.0	0.0	1.738443805448158	0.8352598152038322	0.0	2.0354899701463345	0.0	0.0	0.0	0.0	0.8352598152038322	1.1416084166678089	0.3361878314469663	0.0	0.0	0.0	2.1605974068454143	0.0	0.0	0.3361878314469663	4.227364569948278	0.5233931233805232	0.0	1.1416084166678089	0.0	0.0	0.0	0.9037328644814717	0.0	0.0	0.3361878314469663	0.3361878314469663	0.0	0.0	0.0	0.0	3.8895129106731985	0.0	0.5233931233805232	0.0	0.0	0.9037328644814717	0.6537840074091773	0.0	3.9285495918537516	0.0	0.0	0.0	0.0	0.6537840074091773	0.3361878314469663	0.0	0.3361878314469663	0.9628659964777017	0.0	0.0	1.5279129554813835	1.8928198315903004	0.6537840074091773	0.0	0.0	0.0	0.0	0.0	0.0	0.0	0.3361878314469663	0.0	0.7539327541567021	0.0	0.0	0.0	0.8352598152038322	0.0	0.0	0.0	1.0149040387518486	1.2395743791246845	0.0	0.0	0.9037328644814717	0.0	1.103339028697205	0.0	0.0	0.0	0.0	0.0	0.0	2.322605621103023	0.0	0.0	1.1416084166678089	0.0	0.3361878314469663	1.4266758452016053	1.061368647462641	0.0	0.0	0.0	0.8352598152038322	0.0	0.0	0.0	1.103339028697205	0.0	0.0	0.3361878314469663	0.3361878314469663	1.7476150493495903	0.9628659964777017	0.0	0.0	0.0	0.0	0.0	0.0	0.0	1.8519826498026593	0.6537840074091773	3.425398253994004	0.5233931233805232	2.389602186858262	0.6537840074091773
SRR13358091	0.0	0.29078494551433787	0.0	0.0	0.0	0.0	0.0	0.8849993609170961	0.29078494551433787	1.6956739939360466	1.9880707310839856	0.0	0.0	0.0	1.908931111553988	0.0	4.31799864938336	1.89333517521766	0.0	2.6168010353746207	0.0	0.0	0.0	2.491211078992766	0.5866003366011967	0.0	1.4423921864964937	0.0	0.0	0.0	0.0	0.9358585669220805	0.46340676767487626	1.6609458939771626	0.29078494551433787	0.0	0.0	1.792502380957549	0.0	0.0	0.0	4.026344345529391	0.5866003366011967	0.0	0.29078494551433787	1.2591324641321529	0.0	0.0	0.0	0.29078494551433787	0.0	0.0	0.46340676767487626	0.0	0.0	0.0	0.0	3.4732845516752384	0.5866003366011967	0.9358585669220805	0.0	0.0	0.0	1.6956739939360466	0.0	0.5866003366011967	0.0	0.0	0.0	0.0	0.0	0.0	0.0	0.29078494551433787	0.29078494551433787	0.0	0.0	1.2591324641321529	2.423383561535709	0.8273842442250562	0.0	0.0	0.0	0.0	0.0	0.0	0.29078494551433787	0.5866003366011967	0.0	0.760939386894796	0.29078494551433787	0.0	0.0	0.68245987291711	0.0	0.9813812616119736	0.0	0.46340676767487626	1.0602100756702575	0.0	0.0	0.9813812616119736	0.0	1.0225817465950897	0.0	0.0	0.0	0.0	0.0	0.0	1.882617781747175	0.0	0.46340676767487626	1.0225817465950897	0.0	0.760939386894796	1.2813531021451452	0.0	0.0	0.0	0.0	0.46340676767487626	0.0	0.0	0.68245987291711	0.8273842442250562	0.0	0.0	0.0	0.0	1.2813531021451452	0.68245987291711	0.0	0.0	0.29078494551433787	0.0	0.0	0.0	0.0	1.735509706991215	0.46340676767487626	3.110896718317595	0.68245987291711	2.065796266924655	1.0225817465950897
SRR13358092	0.0	0.7613961632517566	0.0	0.0	0.0	0.2541825188190541	0.0	0.6970060550746808	0.0	1.6508109226117458	1.914553540748707	0.0	0.0	0.2541825188190541	1.5563202843793595	0.0	4.485668426026779	1.1852243176599995	0.0	2.0687098732791798	0.0	0.0	0.0	1.7017428682478166	0.5297464821336318	0.0	1.0230818612481394	0.0	0.0	0.0	0.0	0.7613961632517566	1.0230818612481394	0.6970060550746808	0.0	0.0	0.0	1.8463832629765247	0.0	0.0	0.0	1.8840663873101413	0.41346340669000026	0.2541825188190541	0.989021031366303	0.0	0.0	0.0	0.7613961632517566	0.0	0.0	0.0	0.2541825188190541	0.0	0.0	0.0	0.0	3.3808213421337374	0.0	0.41346340669000026	0.0	0.0	0.8174606731284546	0.41346340669000026	0.0	0.5297464821336318	0.0	0.0	0.0	0.0	0.0	0.0	0.0	0.0	0.41346340669000026	0.0	0.0	1.3198802508494776	2.6903955883503845	0.7613961632517566	0.0	0.0	0.0	0.0	0.0	0.0	0.0	0.6970060550746808	0.0	0.41346340669000026	0.0	0.0	0.0	0.6213790641947423	0.0	0.0	0.0	0.2541825188190541	0.8174606731284546	0.0	0.0	0.8671081414115607	0.0	1.0230818612481394	0.0	0.0	0.0	0.0	0.0	0.0	1.8512763827993568	0.0	0.0	0.8671081414115607	0.0	0.989021031366303	1.2281374690182245	0.9520597943537451	0.0	0.0	0.0	0.41346340669000026	0.0	0.0	0.0	0.7613961632517566	0.0	0.2541825188190541	0.0	0.0	1.5366909587981972	0.6213790641947423	0.0	0.0	0.0	0.0	0.0	0.0	0.0	1.6350901561436904	0.0	3.502395741063313	0.5297464821336318	2.1492372746342654	0.6213790641947423
SRR13358093	0.0	0.45894862516198054	0.45894862516198054	0.0	0.0	0.67706978398831	0.0	0.45894862516198054	0.0	2.4790413461484824	2.744083317507403	1.016418639453004	0.45894862516198054	0.0	2.134011839618566	0.8215904342711542	4.178492379971988	2.2968649539609753	0.0	1.3715240317129664	0.0	0.0	0.0	3.341118592752009	0.9298393344713399	0.0	2.0482336385853745	0.67706978398831	0.0	0.0	0.0	1.5173277094804738	1.6632239125304003	2.292730074426266	0.0	0.0	0.0	2.6380901319864134	0.0	0.0	0.0	2.8782789233172545	1.016418639453004	0.8215904342711542	1.016418639453004	1.8918683775870389	0.0	0.0	1.3715240317129664	0.45894862516198054	0.0	0.0	0.45894862516198054	0.0	0.0	0.0	0.0	4.162136329402443	0.0	1.0885736483572717	0.0	0.45894862516198054	1.016418639453004	2.389197187451226	0.0	1.0885736483572717	0.0	0.0	0.0	0.0	0.0	0.45894862516198054	0.0	0.8215904342711542	0.45894862516198054	0.67706978398831	0.0	1.9855610113863256	2.3009608366651837	1.3715240317129664	0.0	0.0	0.0	1.016418639453004	0.0	0.0	0.0	0.0	0.0	1.016418639453004	0.0	0.0	0.0	0.9298393344713399	0.0	2.0101350922444317	0.45894862516198054	0.45894862516198054	1.8812837593458451	0.0	0.0	1.541417538461011	0.0	1.8117088512162325	0.0	0.0	0.45894862516198054	0.0	0.0	0.45894862516198054	2.596797364940201	0.0	0.0	1.743781572637896	0.45894862516198054	1.2960194218765229	2.0101350922444317	1.2526958432248496	0.0	0.0	0.0	0.45894862516198054	0.0	0.0	1.3354105286190292	1.2960194218765229	0.0	0.45894862516198054	0.0	0.0	2.2254596217260727	1.4358254646073363	0.0	0.0	0.8215904342711542	0.45894862516198054	0.0	0.0	0.0	2.4923616309012937	0.8215904342711542	1.7582436060518019	0.8215904342711542	2.8572801574012714	1.4647260170194922
SRR13358094	0.0	0.29570477480320834	0.0	0.0	0.29570477480320834	0.0	0.0	0.9447298299110244	0.0	1.7887961855551973	2.018768616625944	0.769239256879191	0.0	0.0	1.6522770844376113	0.29570477480320834	4.420132592018094	2.002226000596023	0.0	1.1940810204534804	0.0	0.0	0.0	3.075296056335366	0.5940474719251816	0.0	1.5081260494160165	0.29570477480320834	0.0	0.0	0.0	1.0316613681941225	0.9447298299110244	1.9893919352675076	0.29570477480320834	0.0	0.0	1.8815171314165673	0.0	0.0	0.0	3.71560509982081	0.29570477480320834	0.769239256879191	0.769239256879191	1.7818501022327817	0.0	0.0	0.769239256879191	0.47000635035333316	0.0	0.0	0.47000635035333316	0.0	0.0	0.0	0.0	3.4348915422779385	0.0	1.2451583075730195	0.0	0.0	0.29570477480320834	2.1477212820171148	0.0	2.5480219916797457	0.0	0.0	0.0	0.0	0.0	0.0	0.0	0.47000635035333316	0.0	0.47000635035333316	0.29570477480320834	1.3321990268162118	1.9084922441371868	0.5940474719251816	0.0	0.0	0.0	0.9903670835032667	0.0	0.0	0.0	0.769239256879191	0.0	0.29570477480320834	0.29570477480320834	0.0	0.0	0.6904180240528537	0.0	1.436828803887568	0.0	0.0	1.369946534413998	0.0	0.0	1.0316613681941225	0.0	1.166097431794682	0.0	0.0	0.47000635035333316	0.0	0.0	0.0	1.9239080443093386	0.0	0.0	0.9903670835032667	0.0	0.9903670835032667	1.4520554202494722	0.6904180240528537	0.0	0.0	0.0	2.1507262726171796	0.0	0.0	1.0316613681941225	0.6904180240528537	0.0	0.0	0.0	0.0	1.5336613800524226	0.47000635035333316	0.0	0.0	0.0	0.0	0.0	0.0	0.0	1.7676154939895043	0.769239256879191	2.4678859903383965	1.0693679116596149	2.193471239191884	0.9447298299110244
SRR13358098	1.32195816249408	0.0	0.0	0.0	0.0	0.0	0.0	1.2301908621953537	0.0	0.0	0.9539987909011844	0.0	0.0	0.476938478639502	4.035915421014888	0.0	2.45760865943647	1.041143425972554	0.0	3.203030894910851	0.0	0.0	0.0	1.5182480583254931	0.0	0.0	0.476938478639502	0.0	0.0	0.0	0.0	0.8448630280651368	0.0	0.0	0.476938478639502	0.0	1.1136902572468514	0.9539987909011844	0.0	0.0	0.0	4.23699301241242	0.476938478639502	1.1136902572468514	0.476938478639502	1.2301908621953537	0.0	0.0	0.8448630280651368	1.32195816249408	0.0	1.8258047034318	0.0	0.0	0.0	0.0	0.0	2.0825134441093236	1.897356370195245	2.201124656371293	0.0	0.0	0.0	0.476938478639502	0.0	0.8448630280651368	0.0	0.0	0.0	1.462133262737106	0.9539987909011844	0.0	0.0	0.6987506638072914	0.476938478639502	0.0	0.0	0.0	3.793586052457628	0.0	0.0	0.0	0.0	0.0	0.0	0.0	0.476938478639502	1.431099729567647	0.0	2.617774564651824	0.0	0.0	0.0	1.6332006411525615	0.0	0.0	0.0	0.0	1.4910963484971869	0.0	0.0	0.0	0.0	1.652944415859316	0.0	0.0	0.0	0.0	0.0	0.0	1.2784938435042994	0.0	0.0	0.6987506638072914	0.8448630280651368	0.0	0.476938478639502	0.0	0.0	0.0	0.0	0.476938478639502	0.0	0.8448630280651368	0.0	0.6987506638072914	0.0	0.0	0.0	0.0	0.0	0.0	0.0	0.0	0.0	1.175835350999666	0.0	0.0	0.0	1.32195816249408	1.9082142120583765	1.2301908621953537	0.6987506638072914	0.6987506638072914	1.2301908621953537
SRR13358099	0.0	0.2447235969354232	0.0	0.0	0.0	0.2447235969354232	0.0	0.679793510498617	0.0	0.4002979487688714	0.0	0.0	0.0	0.0	0.9328820703942591	0.0	4.097554279833464	1.3607325297090072	0.0	1.7728642129283516	0.0	0.0	0.0	3.070245391069408	0.0	0.0	0.2447235969354232	0.2447235969354232	0.0	0.0	0.0	0.2447235969354232	0.0	1.2467376574435514	0.0	0.2447235969354232	0.0	0.8927203368611862	0.0	0.0	0.0	4.325743640536987	0.0	0.679793510498617	0.4002979487688714	0.8484626199836772	0.0	0.0	0.2447235969354232	1.9136981213371866	0.0	0.0	2.1252889689101884	0.6050054215369981	0.0	0.0	0.0	1.9872829810371915	0.0	2.9003062722494772	0.0	0.5146029274929373	0.0	1.0035321266698412	0.6050054215369981	0.679793510498617	0.0	0.0	0.0	0.4002979487688714	0.0	0.0	0.0	2.073002361673641	0.0	0.0	0.0	0.0	1.7728642129283516	0.0	0.0	0.0	0.0	0.0	0.0	0.0	0.0	0.5146029274929373	0.0	1.2992921433872069	0.2447235969354232	0.0	0.2447235969354232	0.5146029274929373	0.0	1.5352868621549232	0.2447235969354232	0.0	0.0	0.2447235969354232	0.0	0.2447235969354232	0.0	0.7991775605305163	0.8484626199836772	0.0	0.0	0.0	0.0	0.0	2.365161340102273	0.0	0.0	0.743574898170361	0.679793510498617	0.0	1.3310979413088377	0.4002979487688714	0.0	0.0	0.0	0.6050054215369981	0.0	0.0	0.0	0.2447235969354232	0.0	0.0	0.0	0.0	0.0	0.4002979487688714	0.0	0.0	0.0	0.0	0.0	0.0	0.0	0.679793510498617	1.141941411819036	2.9611665282059656	1.694039193471784	0.2447235969354232	0.4002979487688714
SRR13358100	0.0	0.5262516329806878	0.0	0.0	0.0	0.2519885957703186	0.0	0.0	0.2519885957703186	0.0	0.0	0.0	0.0	0.0	1.3621117069615991	0.2519885957703186	4.272485025464696	0.9476496702440125	0.0	2.4903584928437854	0.0	0.0	0.0	1.8056045130177862	0.0	0.0	0.5262516329806878	0.0	0.0	0.0	0.0	0.0	0.0	0.8628183876196678	0.0	0.4104197551068766	0.0	0.6930409710703533	0.0	0.0	0.0	4.208905985973802	0.0	0.5262516329806878	0.2519885957703186	0.6176044350873546	0.2519885957703186	0.0	0.4104197551068766	2.1929263665980603	0.0	0.0	2.3226186961688833	0.0	0.0	0.0	0.0	1.8161626187604394	0.2519885957703186	2.564304880045255	0.0	0.2519885957703186	0.0	0.6176044350873546	0.6176044350873546	0.5262516329806878	0.0	0.0	0.0	0.4104197551068766	0.0	0.0	0.0	1.9935184181356842	0.0	0.0	0.0	0.0	1.7169931007514672	0.0	0.0	0.0	0.0	0.0	0.0	0.0	0.0	0.0	0.0	0.6930409710703533	0.2519885957703186	0.0	0.0	0.0	0.0	0.0	0.0	0.0	0.2519885957703186	0.0	0.0	0.0	0.0	0.4104197551068766	0.0	0.0	0.0	0.0	0.0	0.5262516329806878	0.5262516329806878	0.0	0.2519885957703186	0.4104197551068766	0.5262516329806878	0.0	0.6176044350873546	0.0	0.0	0.0	0.0	1.0795491291413897	0.0	0.0	0.4104197551068766	0.2519885957703186	0.0	0.0	0.0	0.0	0.0	0.0	0.0	0.0	0.2519885957703186	0.0	0.0	0.0	0.0	0.4104197551068766	1.24341643814795	3.104717360600763	0.7572930601181505	0.2519885957703186	0.2519885957703186
SRR13358101	0.0	0.6107223424800523	0.0	0.0	0.0	0.0	0.0	0.40488365667639314	0.0	0.40488365667639314	0.0	0.0	0.0	0.0	1.1245804073633754	0.0	4.147438331618577	0.8549838852619369	0.0	2.104841885167773	0.0	0.0	0.0	1.0418622042262977	0.0	0.0	0.40488365667639314	0.0	0.0	0.0	0.0	0.40488365667639314	0.0	0.8993451671865968	0.0	0.0	0.0	0.0	0.0	0.0	0.0	4.263593211757641	0.0	0.2480090996396553	0.0	0.0	0.0	0.0	0.0	0.2480090996396553	0.0	0.0	0.0	0.0	0.0	0.0	0.0	2.3388172968434295	0.0	2.788738379525033	0.0	0.0	0.0	0.5198854771481178	0.2480090996396553	1.010374279403018	0.0	0.0	0.0	0.0	0.2480090996396553	0.0	0.0	1.5128975955078798	0.0	0.0	0.0	0.0	2.39751797042931	0.0	0.0	0.0	0.0	0.2480090996396553	0.0	0.0	0.0	0.0	0.0	0.40488365667639314	0.0	0.0	0.0	0.0	0.0	0.0	0.0	0.0	0.0	0.0	0.0	0.0	0.0	1.1245804073633754	0.0	0.0	0.0	0.0	0.0	0.0	2.3070214015243105	0.0	0.0	0.0	0.0	0.0	0.5198854771481178	0.0	0.0	0.0	0.0	1.0987195289841936	0.0	0.0	0.0	0.0	0.0	0.0	0.0	0.0	0.0	0.2480090996396553	0.0	0.0	0.0	0.0	0.0	0.0	0.0	0.40488365667639314	0.6107223424800523	3.5676603484281553	0.2480090996396553	0.0	0.0
SRR13358102	1.0229654933334977	1.1851041510101412	0.0	0.0	0.0	0.0	0.0	2.7693008164417625	0.0	0.0	0.0	0.7612898753302888	0.0	0.0	2.7494681489062183	0.0	2.5491163059951067	0.0	0.0	3.556436210901927	0.0	0.0	0.0	2.0715216609194065	0.0	0.0	2.2493110829680383	0.0	0.0	0.0	0.0	0.0	0.9115450199652746	0.0	0.0	0.529655888901879	0.0	0.529655888901879	0.0	0.0	0.0	2.4436507932787523	0.0	0.7612898753302888	0.7612898753302888	0.0	0.0	0.0	0.0	0.7612898753302888	0.0	0.529655888901879	0.529655888901879	0.0	0.0	0.0	0.0	1.4352602852298013	0.7612898753302888	1.0229654933334977	0.0	0.0	0.0	0.0	0.0	1.351638253054877	0.0	0.0	0.0	0.0	0.9115450199652746	0.0	0.0	0.0	0.0	0.0	0.0	0.0	4.497357830888351	0.0	0.0	0.0	0.0	0.0	0.0	0.0	0.529655888901879	1.914426545985962	0.0	1.351638253054877	0.0	0.0	0.0	1.5365661352780164	0.0	0.0	0.0	0.0	0.9115450199652746	0.0	0.0	0.0	0.0	1.1851041510101412	0.0	0.0	0.0	0.0	0.0	0.0	1.7827874469412377	0.0	0.0	0.0	0.0	0.0	0.529655888901879	0.0	0.0	0.0	0.0	0.7612898753302888	0.0	0.0	0.0	0.0	0.0	0.0	0.0	0.0	0.0	0.0	0.0	0.9115450199652746	0.7612898753302888	0.529655888901879	0.0	0.0	0.0	0.0	1.1115578493903848	2.0715216609194065	1.1851041510101412	0.529655888901879	0.0
SRR13358106	0.2833227139416478	0.5752207580508566	0.0	0.0	0.0	0.2833227139416478	0.0	0.0	0.0	0.9222457518914476	1.3271972390696658	0.2833227139416478	0.0	0.0	0.6702811103417099	0.0	4.3082069934846645	1.2878442563816115	0.0	1.427529271187503	0.0	0.0	0.0	1.0086406136803914	0.6702811103417099	0.0	0.6702811103417099	0.0	0.0	0.0	0.0	0.2833227139416478	0.2833227139416478	1.221195465073265	0.0	0.0	0.0	1.3456125703531425	0.0	0.0	0.0	4.176182415893509	0.2833227139416478	0.2833227139416478	0.5752207580508566	0.8142855566595322	0.0	0.2833227139416478	0.2833227139416478	1.6274096367088575	0.0	0.0	1.8727830640159693	0.0	0.0	0.0	0.0	2.6360107622368196	0.0	2.6034056501477956	0.0	0.0	0.0	0.5752207580508566	0.2833227139416478	0.45334739025680215	0.0	0.0	0.0	0.0	0.0	0.0	0.0	1.221195465073265	0.0	0.2833227139416478	0.0	0.2833227139416478	1.5668345342261423	0.2833227139416478	0.45334739025680215	0.0	0.0	1.0461455928337444	0.0	0.0	0.0	0.5752207580508566	0.0	0.6702811103417099	0.2833227139416478	0.0	0.0	0.0	0.0	0.0	0.0	0.0	0.45334739025680215	0.0	0.0	0.6702811103417099	0.0	1.8156219003218972	0.0	0.0	0.0	0.0	0.2833227139416478	0.0	2.3921081674865494	0.0	0.0	0.2833227139416478	0.2833227139416478	0.0	0.7482248581922057	0.0	0.0	0.0	0.0	0.6702811103417099	0.0	0.0	0.0	0.45334739025680215	0.0	0.0	0.0	0.0	0.7482248581922057	0.0	0.0	0.0	0.0	0.0	0.0	0.0	0.0	0.8142855566595322	0.0	2.875036548477411	0.2833227139416478	1.3079663346999901	0.0
SRR13358107	0.0	0.40658598911804017	0.0	0.0	0.0	0.18091581553137343	0.0	0.5543415402288536	0.18091581553137343	1.303627633979411	1.375430924005327	0.18091581553137343	0.0	0.0	1.5579813021565316	0.5543415402288536	4.327728830052929	1.3358639841618942	0.0	1.8774457065941696	0.0	0.18091581553137343	0.0	1.230945423568824	0.40658598911804017	0.0	0.6128408375206698	0.0	0.18091581553137343	0.0	0.0	0.4867173602236395	0.40658598911804017	1.2037380023620325	0.0	0.0	0.0	1.50522298362419	0.0	0.0	0.0	4.102663402488704	0.40658598911804017	0.40658598911804017	0.40658598911804017	0.7521104708090731	0.0	0.0	0.3082468796859648	2.484090075554275	0.0	0.3082468796859648	2.6401091800541243	0.0	0.0	0.3082468796859648	0.0	2.870118077117604	0.0	2.5934904700385295	0.0	0.3082468796859648	0.0	0.8874953355926094	0.3082468796859648	0.4867173602236395	0.0	0.0	0.0	0.0	0.0	0.0	0.0	1.730048242574826	0.3082468796859648	0.18091581553137343	0.0	0.8874953355926094	2.0455932444383977	0.0	0.0	0.0	0.0	1.073787351458148	0.0	0.0	0.0	0.3082468796859648	0.0	0.8250572073513189	0.18091581553137343	0.0	0.18091581553137343	0.18091581553137343	0.0	0.0	0.0	0.0	0.7901136141230978	0.0	0.0	0.6643875564105528	0.0	0.5543415402288536	0.0	0.0	0.0	0.0	0.0	0.18091581553137343	2.164972705261173	0.0	0.0	0.7521104708090731	0.18091581553137343	0.7521104708090731	0.8573973906410876	0.4867173602236395	0.0	0.0	0.0	0.40658598911804017	0.0	0.0	0.0	0.6128408375206698	0.0	0.0	0.0	0.18091581553137343	1.0341618400387302	0.4867173602236395	0.0	0.0	0.0	0.0	0.0	0.0	0.0	1.2439355517903663	0.5543415402288536	3.038582858355982	0.7104601467112655	1.5762226724143968	0.6128408375206698
SRR13358108	0.0	0.5980131627652309	0.0	0.0	0.0	0.24073019468664988	0.0	0.672432741917704	0.39470556816675595	0.39470556816675595	0.24073019468664988	0.0	0.0	0.0	0.7359460906712597	0.0	4.357591863418609	1.3795317359746686	0.0	1.1782220900143756	0.0	0.0	0.0	1.0557662542679043	0.0	0.0	0.5980131627652309	0.0	0.0	0.0	0.0	0.0	0.24073019468664988	1.3518161715793802	0.0	0.0	0.0	0.5081491692270664	0.0	0.0	0.0	4.107862551851075	0.5081491692270664	0.0	0.5081491692270664	0.39470556816675595	0.0	0.24073019468664988	0.24073019468664988	1.9712324127468945	0.0	0.0	1.337265595638624	0.0	0.0	0.5081491692270664	0.0	1.9428254353739363	0.0	2.1110790912494	0.0	0.0	0.0	0.5980131627652309	0.0	0.8404700024602831	0.0	0.0	0.0	0.0	0.0	0.0	0.0	1.026509831682628	0.0	0.0	0.0	0.0	1.7746431036394303	0.0	0.5081491692270664	0.0	0.0	1.133293811293549	0.0	0.0	0.0	0.5081491692270664	0.0	0.7359460906712597	0.0	0.0	0.0	0.24073019468664988	0.0	0.0	0.0	0.0	0.0	0.0	0.0	0.39470556816675595	0.0	1.1089572606863454	0.0	0.0	0.0	0.0	0.0	0.0	1.9354235625282497	0.0	0.24073019468664988	0.5081491692270664	0.39470556816675595	0.0	0.39470556816675595	0.39470556816675595	0.0	0.0	0.0	0.5980131627652309	0.0	0.0	0.24073019468664988	0.39470556816675595	0.0	0.24073019468664988	0.0	0.0	0.39470556816675595	0.24073019468664988	0.0	0.0	0.0	0.0	0.0	0.0	0.0	0.5081491692270664	0.39470556816675595	3.1338489690186773	0.24073019468664988	0.9246540199894481	0.672432741917704
SRR13358110	0.0	0.0	0.0	0.0	0.0	0.3126756122213378	0.0	0.7973906642246343	0.0	0.619413367686671	0.0	0.3126756122213378	0.0	0.0	1.100298542162747	0.0	4.337148278989466	1.3643908828794418	0.0	1.3228961769908376	0.0	0.0	0.0	1.2521169940230614	0.0	0.0	0.619413367686671	0.0	0.0	0.0	0.0	0.0	0.0	1.3837403874400525	0.0	0.0	0.0	0.619413367686671	0.0	0.0	0.0	4.12839332276967	0.0	0.0	0.0	0.49258036724651166	0.0	0.0	0.0	1.9622489210574965	0.0	0.0	0.9747347465771842	0.0	0.0	0.49258036724651166	0.0	1.3005607066905436	0.0	2.6049918415335616	0.0	0.0	0.0	0.7973906642246343	0.0	0.7973906642246343	0.0	0.0	0.0	0.0	0.0	0.0	0.0	1.2521169940230614	0.0	0.0	0.0	0.0	2.1720473874080657	0.0	0.3126756122213378	0.0	0.0	1.1975831591962296	0.0	0.49258036724651166	0.0	0.0	0.0	0.619413367686671	0.0	0.0	0.0	0.0	0.0	0.0	0.3126756122213378	0.0	0.0	0.0	0.0	0.0	0.0	3.0926361189120812	0.0	0.0	0.0	0.0	0.0	0.0	1.2770139618713905	0.0	0.0	0.0	0.0	0.0	0.0	0.0	0.0	0.0	0.0	0.49258036724651166	0.0	0.0	0.0	0.0	0.0	0.0	0.0	0.0	0.0	0.3126756122213378	0.0	0.0	0.3126756122213378	0.0	0.0	0.0	0.0	0.3126756122213378	0.3126756122213378	2.5440577341130486	0.0	0.49258036724651166	0.0
SRR13358114	0.0	3.4261962451751766	0.0	0.0	0.0	0.0	0.0	0.37529882297382616	0.0	0.37529882297382616	0.8123800971835586	0.22698710868208274	0.0	0.0	1.2069085513222584	0.0	4.482589615692013	1.168204494381789	0.0	0.5735691473725265	0.0	0.0	0.0	1.3343549963842536	0.22698710868208274	0.0	0.22698710868208274	0.0	0.0	0.0	0.0	0.0	0.37529882297382616	1.259177398899408	0.0	0.37529882297382616	0.0	0.8957003634027316	0.0	0.0	0.0	3.6188610300012947	0.0	0.0	0.4856517195656559	0.4856517195656559	0.0	0.0	0.0	0.0	0.0	0.0	0.6466501961207027	0.0	0.0	0.0	0.0	1.9174732259660139	0.0	1.5883575821501712	0.0	0.0	0.0	1.2069085513222584	0.0	0.22698710868208274	0.0	0.0	0.0	0.0	0.0	0.0	0.0	0.22698710868208274	0.0	0.22698710868208274	0.0	0.22698710868208274	1.259177398899408	0.0	0.0	0.0	0.0	0.0	0.0	0.0	0.0	0.22698710868208274	0.0	0.5735691473725265	0.0	0.0	0.0	0.0	0.0	0.0	0.0	0.0	0.22698710868208274	0.0	0.22698710868208274	0.0	0.0	0.0	0.0	0.0	0.0	0.0	0.0	0.0	1.2250395259680853	0.0	0.0	0.0	0.0	0.0	0.22698710868208274	0.0	0.0	0.0	0.0	0.6466501961207027	0.0	0.0	0.22698710868208274	0.37529882297382616	0.0	0.0	0.0	0.0	0.37529882297382616	0.0	0.0	0.0	0.0	0.0	0.0	0.0	0.0	0.6466501961207027	0.0	2.093015326381869	0.6466501961207027	0.7091866381217757	0.0
SRR13358115	0.0	3.0224342567828906	0.0	0.0	0.0	0.0	0.0	0.6298773293768414	0.0	0.0	0.2591511437405607	0.0	0.0	0.0	1.4707803273844609	0.0	4.240397511629451	1.258615730956218	0.0	0.5376230307736726	0.0	0.0	0.0	0.7059268047461115	0.0	0.0	0.2591511437405607	0.0	0.0	0.0	0.0	0.2591511437405607	0.0	1.2960373137960248	0.0	0.0	0.0	1.0331732131696945	0.0	0.0	0.0	4.26751180990563	0.0	0.0	0.0	0.6298773293768414	0.0	0.2591511437405607	0.0	0.0	0.0	0.2591511437405607	1.2176630105226545	0.0	0.0	0.2591511437405607	0.0	1.2176630105226545	0.0	1.4586230264228592	0.0	0.0	0.0	1.0943336753137436	0.0	0.0	0.2591511437405607	0.0	0.0	0.0	0.0	0.0	0.0	0.7706227073309646	0.0	0.0	0.0	0.0	2.618678659540695	0.0	0.0	0.0	0.0	0.0	0.0	0.0	0.0	0.2591511437405607	0.0	0.6298773293768414	0.0	0.2591511437405607	0.0	0.2591511437405607	0.0	0.2591511437405607	0.0	0.0	0.0	0.0	0.0	0.0	0.0	0.2591511437405607	0.0	0.0	0.0	0.0	0.0	0.0	1.6539065500986334	0.0	0.0	0.2591511437405607	0.0	0.0	0.4203345954305272	0.0	0.0	0.0	0.0	0.2591511437405607	0.0	0.0	0.5376230307736726	0.0	0.0	0.0	0.0	0.0	0.0	0.0	0.0	0.0	0.0	0.0	0.0	0.0	0.0	0.0	0.826918799973327	0.4203345954305272	0.7706227073309646	0.7059268047461115	0.4203345954305272
SRR13358116	0.0	3.1012241485147207	0.0	0.0	0.0	0.0	0.0	0.22503635090401816	0.0	0.5700497785518639	0.6429314778057117	0.0	0.0	0.0	0.9612945606663135	0.22503635090401816	4.4126050564071395	1.1637244839732626	0.0	2.856103537114283	0.0	0.0	0.0	2.851147070355649	0.0	0.22503635090401816	0.37252337173732475	0.0	0.0	0.0	0.0	0.0	0.22503635090401816	1.098368777397123	0.0	0.22503635090401816	0.0	1.0486036869406614	0.0	0.0	0.0	3.881186968171661	0.22503635090401816	0.0	0.0	0.7598650671526108	0.0	0.22503635090401816	0.37252337173732475	0.0	0.0	0.0	0.8083160779283693	0.0	0.0	0.37252337173732475	0.0	2.1295354605159047	0.0	1.7737076988121259	0.22503635090401816	0.0	0.0	0.8915065384074432	0.22503635090401816	0.0	0.0	0.0	0.0	0.0	0.0	0.0	0.0	0.22503635090401816	0.0	0.0	0.0	0.0	2.8714359293898584	0.22503635090401816	0.0	0.0	0.0	0.0	0.0	0.0	0.0	0.0	0.0	0.22503635090401816	0.0	0.0	0.0	0.37252337173732475	0.0	0.22503635090401816	0.0	0.0	0.22503635090401816	0.0	0.0	0.0	0.0	0.5700497785518639	0.0	0.0	0.0	0.0	0.0	0.0	1.4389983498955146	0.0	0.0	0.37252337173732475	0.0	0.0	0.22503635090401816	0.0	0.0	0.0	0.0	0.22503635090401816	0.0	0.0	0.37252337173732475	0.0	0.0	0.0	0.0	0.0	0.22503635090401816	0.22503635090401816	0.0	0.0	0.0	0.0	0.0	0.0	0.0	0.7053219811672214	0.6429314778057117	2.5993410796796095	0.48242099944881656	0.9278008485007546	0.37252337173732475
SRR13358117	0.0	2.96097429637016	0.0	0.0	0.0	0.0	0.0	0.6754044677101185	0.0	0.24233870364505158	0.6008353974725349	0.0	0.0	0.0	1.1367881496134822	0.0	4.4094345742758145	0.9646850700272794	0.0	3.2277932525672797	0.0	0.0	0.0	2.2045276023798728	0.0	0.0	0.3969606099855636	0.0	0.0	0.0	0.0	0.0	0.24233870364505158	0.9279778681589005	0.0	0.0	0.0	0.9646850700272794	0.0	0.0	0.0	3.9213773780210293	0.0	0.51075308934097	0.3969606099855636	0.9985300724644537	0.0	0.24233870364505158	0.6008353974725349	0.0	0.0	0.0	1.575326748059115	0.0	0.0	0.24233870364505158	0.0	1.701690225201866	0.0	1.8918717008464292	0.0	0.0	0.0	1.029927122473624	0.24233870364505158	0.24233870364505158	0.0	0.0	0.0	0.0	0.24233870364505158	0.0	0.0	0.3969606099855636	0.0	0.0	0.0	0.3969606099855636	2.282241301103253	0.0	0.24233870364505158	0.0	0.0	0.24233870364505158	0.0	0.0	0.0	0.24233870364505158	0.0	0.51075308934097	0.0	0.0	0.0	0.0	0.0	0.0	0.0	0.24233870364505158	0.0	0.0	0.0	0.0	0.0	0.3969606099855636	0.0	0.0	0.0	0.24233870364505158	0.0	0.3969606099855636	1.1367881496134822	0.0	0.24233870364505158	0.24233870364505158	0.24233870364505158	0.0	0.24233870364505158	0.0	0.24233870364505158	0.24233870364505158	0.0	0.3969606099855636	0.0	0.0	0.24233870364505158	0.24233870364505158	0.0	0.0	0.0	0.0	0.24233870364505158	0.24233870364505158	0.0	0.0	0.51075308934097	0.0	0.0	0.0	0.0	0.6008353974725349	0.9646850700272794	2.5531629114206655	0.8878792697261305	0.6008353974725349	0.24233870364505158
SRR13358121	0.0	0.6567312232099658	0.0	0.0	0.0	0.0	0.0	0.5625849638697882	0.0	0.0	0.4422137547766678	0.7996789957913547	0.0	0.0	2.854545748956025	0.0	1.8337560097818588	0.0	0.0	0.5625849638697882	0.0	0.0	0.0	1.2049493067605657	0.0	0.0	0.2751159169524792	0.0	0.0	0.0	0.0	0.0	0.0	0.0	0.2751159169524792	0.0	0.2751159169524792	0.2751159169524792	0.0	0.0	0.0	2.182386054595015	0.2751159169524792	0.4422137547766678	0.2751159169524792	0.5625849638697882	0.0	0.0	0.2751159169524792	0.9930621435666259	0.0	0.9070465373113973	0.2751159169524792	0.0	0.0	0.0	0.0	1.3957124867223232	1.0648255996282183	0.9521803814936146	0.0	0.0	0.0	0.2751159169524792	0.0	0.5625849638697882	0.0	0.0	0.0	0.4422137547766678	0.7996789957913547	0.0	0.0	0.0	0.0	0.2751159169524792	0.0	0.0	4.241370616277844	0.0	0.0	0.0	0.0	0.0	0.0	0.0	0.2751159169524792	0.2751159169524792	0.0	1.6105200203367778	0.0	0.0	0.0	1.1541889212745184	0.0	0.0	0.0	0.0	0.7996789957913547	0.0	0.0	0.0	0.0	0.0	0.0	0.0	0.0	0.0	0.0	0.0	0.0	0.0	0.0	0.4422137547766678	0.6567312232099658	0.0	0.5625849638697882	0.0	0.0	0.0	0.0	0.7340601471314413	0.0	0.6567312232099658	0.2751159169524792	0.0	0.0	0.0	0.0	0.2751159169524792	0.0	0.0	0.2751159169524792	0.0	0.0	0.0	0.0	0.0	0.0	0.7996789957913547	0.4422137547766678	4.279896190357906	0.5625849638697882	0.2751159169524792	0.2751159169524792
SRR13358123	0.2897679375318036	0.4620393295939855	0.0	0.0	0.0	0.0	0.0	0.2897679375318036	0.0	0.8256090117970862	0.9795131799537677	0.0	0.2897679375318036	0.0	3.277565844635447	0.0	4.434453048875591	0.8256090117970862	0.0	0.6808078092089893	0.0	0.0	0.0	1.6009829380724832	0.0	0.0	0.2897679375318036	0.0	0.0	0.0	0.0	0.0	0.2897679375318036	1.2571612846934797	0.0	0.2897679375318036	0.0	0.8831854907373127	0.0	0.2897679375318036	0.0	3.873925633137959	0.0	0.0	0.0	0.4620393295939855	0.0	0.0	0.8831854907373127	0.4620393295939855	0.0	0.0	0.4620393295939855	0.0	0.0	0.0	0.0	2.141689380503822	0.0	2.1475960718666958	0.0	0.0	0.2897679375318036	0.2897679375318036	0.0	2.2890442050487163	0.0	0.0	0.0	0.0	0.0	0.0	0.0	0.4620393295939855	0.2897679375318036	0.0	0.0	0.2897679375318036	1.5905310955162735	0.0	0.0	0.0	0.0	0.0	0.0	0.0	0.0	0.2897679375318036	0.0	0.6808078092089893	0.0	0.0	0.2897679375318036	0.0	0.0	0.0	0.2897679375318036	0.0	0.2897679375318036	0.0	0.0	0.0	0.0	0.5850554591641539	0.0	0.0	0.0	0.0	0.0	0.0	1.0583057759047172	0.0	0.0	0.2897679375318036	0.0	0.0	0.2897679375318036	0.0	0.0	0.0	0.0	2.295352030628472	0.0	0.0	0.4620393295939855	0.0	0.0	0.0	0.0	0.0	0.5850554591641539	0.0	0.0	0.0	0.0	0.0	0.0	0.0	0.0	0.4620393295939855	0.7592155620041816	2.2739595745722703	0.8256090117970862	0.8831854907373127	0.0
SRR13358124	0.0	0.7729822852506518	0.0	0.0	0.0	0.0	0.0	0.47299101600547566	0.0	1.9481018197170692	2.3013166667311222	0.47299101600547566	0.29793600491516564	0.0	1.6841135282700623	0.597410699951813	2.0545420445843727	1.391979946561985	0.0	0.6940089833322731	0.0	0.0	0.0	1.8803617667969648	0.29793600491516564	0.0	1.35578951664747	0.0	0.0	0.0	0.0	0.9487267493477118	1.1082140422083133	0.8397804823782486	0.0	0.29793600491516564	0.0	2.224275530844856	0.0	0.0	0.29793600491516564	3.935252273190907	0.8976609516051044	0.29793600491516564	0.597410699951813	0.29793600491516564	0.0	0.29793600491516564	0.7729822852506518	0.8397804823782486	0.0	0.597410699951813	0.0	0.0	0.0	0.0	0.0	4.368300142220355	0.0	2.7412128151113104	0.0	0.0	0.47299101600547566	0.47299101600547566	0.0	1.6067262040287482	0.0	0.0	0.0	0.0	0.29793600491516564	0.0	0.0	0.8976609516051044	0.597410699951813	0.0	0.0	1.647141305102434	1.7497743931757566	0.8397804823782486	0.0	0.0	0.0	0.0	0.0	0.0	0.0	0.29793600491516564	0.0	0.47299101600547566	0.0	0.0	0.0	0.7729822852506518	0.29793600491516564	0.0	0.0	0.29793600491516564	1.4411711775734655	0.0	0.0	1.224606512868235	0.0	1.4853532326851848	0.0	0.0	0.0	0.0	0.0	0.0	2.155200954723789	0.0	0.0	1.1983005496445518	0.0	0.6940089833322731	1.409003668532418	1.1983005496445518	0.0	0.0	0.0	0.47299101600547566	0.0	0.0	0.29793600491516564	1.249409672907339	0.0	0.0	0.29793600491516564	0.0	1.8199579659350935	0.597410699951813	0.0	0.0	0.29793600491516564	0.0	0.0	0.0	0.0	1.9232823234203105	0.8397804823782486	3.490167866632298	2.482360841913709	2.440970187433524	1.035750749118406
SRR13358125	0.3270955244235282	0.3270955244235282	0.0	0.0	0.0	0.0	0.0	0.9995521079572544	0.0	0.5115388696442923	0.0	0.0	0.0	0.0	1.4637853450851754	0.0	1.89506930555898	0.3270955244235282	0.0	1.303262945916173	0.0	0.0	0.0	0.3270955244235282	0.0	0.0	0.5115388696442923	0.0	0.0	0.0	0.0	0.0	0.0	1.045847092490251	0.0	0.0	0.0	0.5115388696442923	0.0	0.0	0.0	4.163356668745095	0.0	0.0	0.0	0.0	0.0	0.0	0.3270955244235282	0.0	0.0	0.0	0.3270955244235282	0.0	0.0	0.0	0.0	4.303772000537684	0.3270955244235282	3.352528694203044	0.0	0.0	0.0	0.0	0.0	0.6405941781805973	0.0	0.0	0.0	0.0	0.0	0.0	0.0	0.0	0.0	0.0	0.0	0.0	2.317568042699964	0.0	0.0	0.0	0.0	0.0	0.0	0.0	0.0	0.0	0.0	0.3270955244235282	0.3270955244235282	0.0	0.0	0.5115388696442923	0.0	0.0	0.0	0.0	0.5115388696442923	0.0	0.0	0.0	0.0	0.3270955244235282	0.0	0.0	0.0	0.0	0.0	0.0	0.7399555340027097	0.0	0.3270955244235282	0.0	0.0	0.0	0.0	0.0	0.0	0.0	0.0	0.3270955244235282	0.0	0.0	0.0	0.3270955244235282	0.0	0.0	0.0	0.0	0.0	0.0	0.0	0.0	0.0	0.0	0.0	0.0	0.0	0.0	0.6405941781805973	2.4501380285356094	0.3270955244235282	0.7399555340027097	0.0
SRR13358126	0.0	2.677974268881526	0.0	0.0	0.0	0.0	0.0	3.3539475878252225	0.0	0.0	0.0	0.0	0.0	0.0	2.774701921204429	0.0	3.7085551341895635	1.7812191387159575	0.0	3.529974763191004	0.0	0.0	0.0	3.897878298402122	0.0	0.0	1.7812191387159575	0.0	0.0	0.0	0.0	0.0	0.0	0.0	0.0	0.0	0.0	1.7812191387159575	0.0	0.0	0.0	3.4730878562408956	0.0	0.0	0.0	0.0	0.0	0.0	0.0	0.0	0.0	0.0	2.377854929807194	0.0	0.0	0.0	0.0	2.4744009092901154	0.0	2.07864053869538	0.0	0.0	0.0	0.0	0.0	2.07864053869538	0.0	0.0	0.0	0.0	0.0	0.0	0.0	2.07864053869538	0.0	0.0	0.0	0.0	4.114449196265029	0.0	0.0	0.0	0.0	0.0	0.0	0.0	0.0	1.7812191387159575	0.0	0.0	0.0	0.0	0.0	0.0	0.0	0.0	0.0	0.0	2.2535222384728795	0.0	0.0	0.0	0.0	2.377854929807194	0.0	0.0	0.0	0.0	0.0	0.0	2.07864053869538	0.0	0.0	0.0	0.0	0.0	0.0	0.0	0.0	0.0	0.0	0.0	0.0	0.0	0.0	0.0	0.0	0.0	0.0	0.0	0.0	0.0	0.0	0.0	0.0	0.0	0.0	0.0	0.0	0.0	0.0	2.377854929807194	0.0	0.0	0.0
SRR13358130	0.0	0.0	0.0	0.0	0.0	0.0	0.0	0.8051805556219714	0.0	0.998933871901664	0.8051805556219714	0.4463967784253268	0.0	0.0	1.3862536966802637	0.0	4.386973361326143	0.9127737585724137	0.0	2.873762269833557	0.0	0.0	0.0	0.998933871901664	0.4463967784253268	0.0	0.0	0.0	0.0	0.0	0.0	0.0	0.0	0.9127737585724137	0.0	0.0	0.0	1.0707977866654657	0.0	0.0	0.0	4.066436636335774	0.0	0.0	0.0	0.8051805556219714	0.0	0.0	0.4463967784253268	0.4463967784253268	0.0	0.0	0.0	0.0	0.0	0.0	0.0	2.1437091680351306	0.0	1.6615988729876652	0.0	0.0	0.0	0.0	0.0	0.4463967784253268	0.0	0.0	0.0	0.0	0.0	0.0	0.0	0.8051805556219714	0.0	0.0	0.0	0.0	1.8287794968869264	0.0	0.0	0.0	0.0	0.0	0.0	0.0	0.4463967784253268	0.6618309122823753	0.0	0.8051805556219714	0.0	0.0	0.0	0.4463967784253268	0.0	0.0	0.0	0.4463967784253268	0.8051805556219714	0.0	0.0	0.0	0.0	1.0707977866654657	0.0	0.0	0.0	0.0	0.0	0.0	0.9127737585724137	0.0	0.0	0.4463967784253268	0.0	0.0	0.4463967784253268	0.0	0.0	0.0	0.0	0.0	0.0	0.0	0.0	0.0	0.0	0.0	0.4463967784253268	0.0	0.0	0.0	0.0	0.0	0.0	0.0	0.0	0.0	0.0	0.0	0.6618309122823753	2.640688503102302	0.4463967784253268	1.0707977866654657	0.0
SRR13358131	0.37050364347687803	0.805351025086423	0.0	0.0	0.0	0.0	0.0	0.805351025086423	0.0	0.37050364347687803	0.0	0.0	0.0	0.0	1.9728481411800214	0.0	4.342011210112082	1.0709827357223733	0.0	2.9201585608987135	0.0	0.0	0.0	0.805351025086423	0.0	0.0	0.567484887794567	0.0	0.0	0.0	0.0	0.37050364347687803	0.37050364347687803	1.1180179240924677	0.0	0.0	0.0	1.3264225940273844	0.0	0.0	0.0	4.136874560297669	0.0	0.567484887794567	0.7025035035421046	0.37050364347687803	0.0	0.37050364347687803	0.0	0.0	0.0	0.37050364347687803	1.0182277867114673	0.0	0.0	0.0	0.0	1.9269123928914398	0.0	2.332771392483549	0.0	0.0	0.0	0.567484887794567	0.0	0.567484887794567	0.0	0.0	0.0	0.37050364347687803	0.0	0.0	0.0	0.567484887794567	0.0	0.0	0.0	0.37050364347687803	2.7343785106114806	0.0	0.0	0.0	0.0	0.0	0.0	0.0	0.0	0.0	0.0	0.37050364347687803	0.0	0.0	0.0	0.0	0.0	0.0	0.0	0.0	0.0	0.0	0.0	0.0	0.0	0.7025035035421046	0.0	0.0	0.0	0.0	0.0	0.0	0.7025035035421046	0.0	0.0	0.0	0.0	0.0	0.37050364347687803	0.0	0.0	0.0	0.0	0.37050364347687803	0.0	0.0	0.37050364347687803	0.0	0.0	0.0	0.0	0.0	0.567484887794567	0.0	0.0	0.0	0.0	0.0	0.0	0.0	0.0	0.7025035035421046	1.2674143110094804	1.3531693337340442	0.805351025086423	0.9581668508921422	0.0
SRR13358133	0.0	0.41147173208980725	0.0	0.0	0.0	0.0	0.0	0.9861070675128729	0.0	1.0811256963024591	1.4061376640765497	0.0	0.0	0.0	1.6552862850299515	0.0	4.139858946258856	0.9491755112343188	0.0	0.6944123745366553	0.0	0.0	0.0	0.8147085424932847	0.2527463956656099	0.0	0.6944123745366553	0.0	0.0	0.0	0.0	0.0	0.2527463956656099	1.0517037094607384	0.0	0.0	0.0	1.4193929044339724	0.0	0.0	0.0	4.268938449808404	0.2527463956656099	0.0	1.1821888796955022	0.5274599681215203	0.0	0.0	0.0	0.2527463956656099	0.0	0.6944123745366553	0.2527463956656099	0.0	0.0	0.0	0.0	2.7475821545318184	0.2527463956656099	2.983840135471133	0.0	0.0	0.41147173208980725	0.5274599681215203	0.0	0.41147173208980725	0.0	0.0	0.0	0.0	0.2527463956656099	0.0	0.0	2.1361001081833635	0.0	0.2527463956656099	0.0	0.6944123745366553	2.079989880086406	0.0	0.0	0.0	0.0	0.0	0.0	0.2527463956656099	0.0	0.0	0.0	0.9491755112343188	0.0	0.0	0.2527463956656099	0.0	0.0	0.2527463956656099	0.0	0.0	0.6944123745366553	0.0	0.0	0.2527463956656099	0.0	0.2527463956656099	0.0	0.0	0.0	0.0	0.0	0.2527463956656099	1.264117003901848	0.0	0.2527463956656099	0.6189097785928511	0.0	0.0	0.5274599681215203	0.0	0.0	0.0	0.0	0.9088090042720152	0.0	0.0	0.0	0.41147173208980725	0.0	0.0	0.0	0.0	0.9861070675128729	0.0	0.0	0.0	0.0	0.0	0.0	0.0	0.0	1.2041647755323954	0.41147173208980725	2.722335145379647	3.4222054582331025	1.6156090827906238	0.2527463956656099
SRR13358134	0.24460320868243685	0.4001296566778073	0.0	0.24460320868243685	0.0	0.0	0.0	0.6795724380906022	0.0	1.4506717422950577	1.713266376478277	0.5144089001869339	0.0	0.0	1.4948879477427612	0.0	2.0863986893037922	0.7989424427087841	0.0	2.0195964387059746	0.24460320868243685	0.0	0.0	1.207536473417785	0.0	0.0	0.9326351887046016	0.0	0.0	0.0	0.0	0.5144089001869339	0.0	0.4001296566778073	0.24460320868243685	0.6047953306922008	0.0	1.6056125842642321	0.0	0.0	0.0	4.268690997884936	0.4001296566778073	1.3745567531170397	0.969392636325785	0.8924766166513207	0.5144089001869339	0.0	0.5144089001869339	0.0	0.0	0.5144089001869339	4.199106828855107	0.0	0.0	0.0	0.0	2.9612465909993055	1.2464739852275077	3.0861563998188792	0.0	0.6047953306922008	0.24460320868243685	0.0	0.0	0.969392636325785	0.24460320868243685	0.0	0.0	0.0	0.4001296566778073	0.0	0.0	0.5144089001869339	0.0	0.0	0.0	1.1647610227931817	1.9554258004161136	0.24460320868243685	0.969392636325785	0.0	0.0	0.0	0.0	0.24460320868243685	0.0	0.24460320868243685	0.0	1.207536473417785	0.6047953306922008	0.0	0.24460320868243685	0.0	0.0	0.0	0.0	0.24460320868243685	1.1647610227931817	0.24460320868243685	0.0	0.5144089001869339	0.0	0.9326351887046016	0.0	0.0	0.0	0.0	0.0	1.1647610227931817	1.58046414168171	0.0	0.0	0.7989424427087841	0.5144089001869339	0.6047953306922008	1.0640255458430752	0.4001296566778073	0.0	0.0	0.0	1.4142796188258668	0.0	0.0	0.24460320868243685	0.6795724380906022	0.0	0.0	0.0	0.0	1.1866751766371573	0.4001296566778073	0.0	0.0	1.034714142677457	0.0	0.0	0.0	0.0	1.207536473417785	0.4001296566778073	2.3815714879360574	0.7433458439011514	1.7835401342577435	0.4001296566778073
SRR13358141	0.5685190720594171	1.0722800000328423	0.0	0.0	0.0	0.0	0.0	1.2359380037366914	0.0	1.7189282043490026	1.8846579213266221	0.0	0.0	0.0	3.263265223035318	0.0	3.7524370741354116	0.9594284560526128	0.0	2.0484841077118623	0.0	0.0	0.0	2.260265135251763	0.0	0.0	2.5013556932156966	0.0	0.0	0.0	0.8065468866594755	0.5685190720594171	1.2359380037366914	0.5685190720594171	0.0	0.0	0.0	1.7407896129242135	0.0	0.0	0.0	3.7181135649465036	0.0	1.3545240337483742	1.524168279868234	0.5685190720594171	0.0	0.5685190720594171	0.0	0.0	0.0	0.0	0.5685190720594171	0.0	0.0	0.5685190720594171	0.0	4.290177559672779	0.0	2.212619763552796	0.0	0.0	0.0	0.5685190720594171	0.0	2.00432168436569	0.0	0.0	0.0	0.5685190720594171	0.5685190720594171	0.0	0.0	0.0	0.0	0.0	0.0	0.5685190720594171	2.563321017677562	0.0	0.0	0.0	0.0	0.0	0.0	0.0	1.2992660617326504	1.7814645685300965	0.0	0.0	0.0	0.0	0.5685190720594171	1.9283131046197592	0.0	0.5685190720594171	0.0	0.0	1.4875590441016266	0.0	0.0	0.8065468866594755	0.0	3.1276041147768483	0.0	0.0	0.0	0.0	0.0	0.0	2.347567654196499	0.0	0.0	1.161772853707872	0.0	0.5685190720594171	0.9594284560526128	0.5685190720594171	0.0	0.0	0.0	0.9594284560526128	0.0	0.0	1.618472449570238	1.161772853707872	0.0	0.0	0.0	0.0	1.2359380037366914	0.0	0.0	0.0	0.0	0.0	0.0	0.0	0.0	1.524168279868234	1.7616031063547464	3.247621970063296	0.9594284560526128	2.037857336157169	0.0
SRR13358142	0.5896358311783441	0.29278683868476596	0.0	0.0	0.0	0.0	0.0	1.345819183466293	0.0	1.9703008304980865	2.2689994160882305	0.0	0.0	0.0	2.780648797754036	0.4660952393993395	3.7535460973006587	1.4153459826232082	0.0	3.6513708102463522	0.0	0.0	0.0	2.008820114050964	0.5896358311783441	0.0	1.7470746568133493	0.0	0.0	0.0	0.29278683868476596	0.8308696257473609	1.239568395516984	0.6857047916407569	0.0	0.29278683868476596	0.0	2.176587553981872	0.0	0.0	0.0	2.0005506654818626	0.9394780586785123	0.29278683868476596	0.8885601336108837	0.7643244297493743	0.0	0.0	0.9850477800507108	0.6857047916407569	0.0	0.7643244297493743	0.0	0.0	0.0	0.0	0.0	3.6638745445526024	0.9394780586785123	1.3265475055307894	0.0	0.0	1.0262867754660119	0.6857047916407569	0.0	0.4660952393993395	0.0	0.0	0.0	0.4660952393993395	0.0	0.0	0.0	0.0	0.0	0.29278683868476596	0.0	1.6738964407002506	2.9203899183667072	1.0262867754660119	0.0	0.0	0.0	0.0	0.0	0.0	0.29278683868476596	0.0	0.0	1.345819183466293	0.0	0.0	0.4660952393993395	1.5748536839327276	0.0	0.8885601336108837	0.0	0.0	1.5279067944329852	0.0	0.0	1.2148001421555805	0.0	1.3989797030914248	0.0	0.0	0.0	0.0	0.0	0.29278683868476596	2.165309405350081	0.0	0.0	1.3989797030914248	0.4660952393993395	0.8885601336108837	1.607007318683467	1.2629999792757112	0.0	0.0	0.0	0.29278683868476596	0.0	0.0	0.0	0.8308696257473609	0.0	0.0	0.0	0.0	1.7965285326762932	1.0262867754660119	0.0	0.0	0.5896358311783441	0.0	0.0	0.0	0.0	1.8920486553519944	0.4660952393993395	2.8584380821261886	4.278195891153477	2.4532337280378926	0.8308696257473609
SRR13358143	0.0	3.0874271366519164	0.0	0.0	0.0	0.0	0.287640283393266	0.4591749693564849	0.0	0.287640283393266	0.287640283393266	0.0	0.0	0.0	1.4788210452008288	0.0	4.470871590658037	1.01673213095428	0.0	1.7725805548732096	0.0	0.0	0.0	1.5862626776009308	0.0	0.0	0.0	0.0	0.0	0.0	0.0	0.0	0.0	0.8793799224333799	0.0	0.0	0.0	0.5818173654489902	0.0	0.0	0.0	3.706959280818985	0.0	0.0	0.287640283393266	0.7556000774729783	0.0	0.0	0.0	2.271788726415969	0.0	0.0	1.01673213095428	0.0	0.0	0.4591749693564849	0.0	1.4921584728112447	0.0	2.6558998719757065	0.0	0.7556000774729783	0.0	1.3164915625030356	0.0	0.4591749693564849	0.0	0.0	0.0	0.0	0.0	0.0	0.0	1.9415793213311117	0.0	0.0	0.0	0.0	1.5176640538723738	0.0	0.0	0.0	0.0	0.0	0.0	0.0	0.0	0.0	0.0	0.4591749693564849	0.0	0.0	0.0	0.0	0.0	0.0	0.0	0.0	0.4591749693564849	0.0	0.0	0.0	0.0	0.7556000774729783	1.5533163898791706	0.0	0.0	0.0	0.0	0.0	0.4591749693564849	0.0	0.0	1.229624055773602	0.287640283393266	0.0	1.5417544513775423	0.7556000774729783	0.0	0.0	0.0	0.6773437233230537	0.0	0.0	0.287640283393266	0.287640283393266	0.287640283393266	0.0	0.287640283393266	0.0	0.0	0.0	0.0	0.0	0.0	0.0	0.0	0.0	0.0	0.6773437233230537	0.8793799224333799	1.1786657615883211	2.7936949871527332	0.287640283393266	0.0
SRR13358144	0.0	2.555960866597668	0.0	0.0	0.0	0.0	0.0	0.6876222222105196	0.0	0.0	0.0	0.0	0.0	0.0	1.217067443325556	0.35990159518504905	4.4568599647745195	1.1008231373223845	0.0	1.7899076199669222	0.0	0.0	0.0	1.857146523598884	0.0	0.0	0.35990159518504905	0.0	0.0	0.0	0.0	0.0	0.0	1.1008231373223845	0.0	0.0	0.0	0.35990159518504905	0.0	0.0	0.0	3.837334448369427	0.0	0.0	0.35990159518504905	0.7896790191798653	0.0	0.0	0.0	2.5352211677402123	0.0	0.0	0.0	0.0	0.0	0.5539676049660844	0.0	1.4486649180710314	0.0	2.274390069961935	0.0	0.0	0.0	1.1816674051418605	0.35990159518504905	0.5539676049660844	0.0	0.0	0.0	0.0	0.0	0.0	0.0	0.5539676049660844	0.0	0.0	0.0	0.0	0.9416153629480983	0.0	0.35990159518504905	0.0	0.0	0.0	0.0	0.0	0.0	0.35990159518504905	0.0	0.5539676049660844	0.0	0.0	0.0	0.0	0.0	0.0	0.0	0.0	0.0	0.0	0.0	0.0	0.0	0.6876222222105196	0.0	0.0	0.0	0.0	0.0	0.0	2.6155515528435176	0.0	0.0	0.0	0.0	0.0	0.0	0.0	0.0	0.0	0.0	0.6876222222105196	0.0	0.0	0.5539676049660844	0.0	0.0	0.0	0.0	0.0	0.0	0.0	0.0	0.0	0.5539676049660844	0.0	0.0	0.0	0.0	0.0	0.35990159518504905	0.9416153629480983	2.7306087103591272	0.6876222222105196	0.0
SRR13358145	0.27200555408602156	1.2651509992984782	0.0	0.0	0.0	0.0	0.0	3.250171500907218	0.0	0.0	0.27200555408602156	0.27200555408602156	0.0	0.0	3.078221166497706	0.0	2.842499054136929	0.43797432982955553	0.0	2.218964457488324	0.0	0.0	0.0	3.1814550263128227	0.0	0.27200555408602156	1.2220061742643489	0.0	0.0	0.0	0.0	0.0	0.0	0.0	0.0	0.0	0.27200555408602156	0.6515517132644252	0.0	0.0	0.0	3.29034220202059	0.0	2.2644595557749865	1.4044876785981086	0.0	0.0	0.0	0.0	0.6515517132644252	0.0	0.27200555408602156	0.0	0.0	0.0	0.0	0.0	1.3227616064741115	0.0	1.2220061742643489	0.0	0.0	0.0	0.0	0.0	2.5883764768669413	0.0	0.0	0.0	0.0	0.27200555408602156	0.0	0.0	0.0	0.0	0.0	0.0	0.0	4.2827706957400595	0.0	0.0	0.0	0.0	0.0	0.0	0.0	0.0	2.3584189349980402	0.0	0.7286402667553636	0.0	0.0	0.0	1.640129457673682	0.0	0.0	0.0	0.0	0.5577619524871309	0.0	0.0	0.0	0.27200555408602156	1.4732431145188079	0.0	0.0	0.0	0.0	0.0	0.0	0.6515517132644252	0.0	0.0	0.8509488770363567	0.0	0.0	0.5577619524871309	0.0	0.0	0.0	0.0	1.497961768331169	0.0	0.0	0.27200555408602156	0.27200555408602156	0.0	0.0	0.0	0.0	0.0	0.0	0.0	0.27200555408602156	0.0	0.27200555408602156	0.0	0.0	0.0	0.27200555408602156	1.657113333523769	3.9997812431194935	1.8383142205814111	0.27200555408602156	0.27200555408602156
