SAMPLE_ID	Acidimicrobiia	Acidithiobacillia	Acidobacteriia	Actinobacteria	Alphaproteobacteria	Anaerolineae	Aquificae	Ardenticatenia	Bacilli	Bacteroidia	Betaproteobacteria	Blastocatellia	Caldilineae	Calditrichae	Candidatus Brocadiae	Candidatus Saccharimonia	Chitinophagia	Chlamydiia	Chlorobia	Chloroflexia	Chrysiogenetes	Chthonomonadetes	Clostridia	Coprothermobacteria	Coriobacteriia	Cytophagia	Deferribacteres	Deinococci	Deltaproteobacteria	Elusimicrobia	Endomicrobia	Epsilonproteobacteria	Erysipelotrichia	Fibrobacteria	Fimbriimonadia	Flavobacteriia	Fusobacteriia	Gammaproteobacteria	Gemmatimonadetes	Gloeobacteria	Hydrogenophilalia	Ignavibacteria	Kiritimatiellae	Ktedonobacteria	Limnochordia	Methanobacteria	Mollicutes	Negativicutes	Nitriliruptoria	Nitrospira	Oligoflexia	Opitutae	Phycisphaerae	Planctomycetia	Rubrobacteria	Saprospiria	Spartobacteria	Sphingobacteriia	Spirochaetia	Synergistia	Tepidiformia	Thermodesulfobacteria	Thermomicrobia	Thermotogae	Tissierellia	Verrucomicrobiae	Vicinamibacteria	Zetaproteobacteria
SRR13357647	0.0	0.0	0.0	3.6714983007447923	1.5406642150561096	0.7401178990810273	0.5116762396111039	0.0	4.502039142414797	2.6247565939212674	2.5625889931736108	0.0	0.0	0.0	0.0	0.0	0.0	0.0	0.0	0.0	0.0	0.0	2.4804271614168685	0.0	0.5116762396111039	0.0	0.0	0.5116762396111039	0.9997307229550539	0.0	0.0	1.1610894367961313	1.1610894367961313	0.0	0.0	1.3707813916603295	1.7742227890961448	2.009367036882407	0.0	0.0	0.0	0.0	0.0	0.0	0.0	0.0	1.0878613144668843	1.8630277532142805	0.0	0.0	0.0	0.0	0.0	0.0	0.0	0.0	0.0	0.0	0.0	0.0	0.0	0.0	0.0	0.0	1.3270738123145402	0.0	0.0	0.0
SRR13357655	0.0	0.0	0.0	3.1267034128345355	0.840885255888427	0.0	0.0	0.0	4.4461996368755745	2.050120539051465	1.5454487740430374	0.0	0.0	0.0	0.0	0.0	0.39499535617548653	0.0	0.0	0.0	0.0	0.0	2.352084239898238	0.0	0.840885255888427	0.0	0.0	0.0	0.39499535617548653	0.0	0.0	0.0	0.5983760454615215	0.0	0.0	0.39499535617548653	1.1567901265066074	2.178383375922077	0.0	0.0	0.0	0.0	0.0	0.39499535617548653	0.0	0.0	1.3663594112193276	3.9063458728068405	0.0	0.0	0.0	0.0	0.0	0.0	0.0	0.0	0.0	0.0	0.0	0.0	0.0	0.0	0.0	0.0	0.5983760454615215	0.5983760454615215	0.0	0.0
SRR13357656	0.0	0.0	0.0	2.8917957630648554	1.2740065267224912	0.0	0.5084194581458582	0.0	4.5544126163090946	2.0751146788825214	1.6578550845628506	0.0	0.0	0.0	0.0	0.0	0.0	0.0	0.0	0.0	0.0	0.0	2.023402778857117	0.0	0.0	0.0	0.0	0.0	0.736266007067298	0.0	0.0	0.5084194581458582	0.0	0.0	0.5084194581458582	0.0	0.5084194581458582	2.97191583966854	0.0	0.0	0.0	0.0	0.0	0.736266007067298	0.0	0.0	1.475879675521012	1.2193033559285953	0.0	0.0	0.0	0.0	0.0	0.0	0.0	0.5084194581458582	0.0	0.0	0.0	0.736266007067298	0.0	0.0	0.0	0.0	0.0	0.736266007067298	0.0	0.0
SRR13357660	0.2659146328307748	0.0	0.0	1.8085415267397866	0.889706237964939	0.0	0.0	0.0	3.404982605658212	4.3054971995288405	1.541405885443043	0.0	0.548261428864896	0.0	0.0	0.0	0.7179419724322511	0.0	0.0	0.0	0.0	0.0	3.8610344380846366	0.2659146328307748	1.1357619011603477	0.2659146328307748	0.0	0.0	0.548261428864896	0.0	0.0	0.4296401526664619	3.801634309205509	0.0	0.0	0.7179419724322511	0.2659146328307748	2.8858073783530926	0.0	0.0	0.0	0.0	0.0	0.7179419724322511	0.0	0.0	0.7830396126412509	2.8143989731668886	0.0	0.0	0.0	0.0	0.0	0.0	0.2659146328307748	0.0	0.0	0.2659146328307748	0.0	0.889706237964939	0.0	0.0	0.0	0.0	0.7830396126412509	0.0	0.0	0.0
SRR13357661	0.0	0.0	0.0	1.273731647476207	0.6586134433795189	0.0	0.27624988307839443	0.0	2.9939202493672226	4.360073221933636	1.9623028025040072	0.0	0.0	0.0	0.0	0.0	0.9543246179390167	0.0	0.0	0.0	0.0	0.0	3.576523285477869	0.0	1.5067448279797044	0.0	0.0	0.0	0.0	0.0	0.0	0.0	1.1286283619560615	0.0	0.0	0.736028976936073	0.5643386112747288	1.6221890068235623	0.0	0.0	0.0	0.27624988307839443	0.0	0.0	0.0	0.0	0.5643386112747288	4.001138233657038	0.0	0.0	0.0	0.0	0.0	0.0	0.0	0.0	0.0	0.0	0.0	0.44375661891722445	0.0	0.27624988307839443	0.0	0.0	0.27624988307839443	0.6586134433795189	0.0	0.0
SRR13357662	0.0	0.0	0.0	1.3337072134943875	0.0	0.0	0.0	0.0	1.5633581182040013	4.461108511340546	1.802634096041047	0.0	0.0	0.0	0.2530666936458103	0.0	0.2530666936458103	0.0	0.0	0.0	0.0	0.0	3.354213464493209	0.0	1.8487894155838904	0.2530666936458103	0.0	0.0	1.1597167803306543	0.0	0.0	0.0	0.8649289676682247	0.0	0.0	0.2530666936458103	0.41191615535671616	1.648344854325389	0.0	0.0	0.0	0.41191615535671616	0.0	0.0	0.0	0.0	0.0	3.8117270227426445	0.0	0.0	0.0	0.0	0.0	0.0	0.0	0.0	0.0	0.0	0.0	0.0	0.0	0.0	0.0	0.0	0.5279703166206094	0.41191615535671616	0.0	0.0
SRR13357663	0.0	0.0	0.0	1.1603100661570362	0.0	0.0	0.0	0.0	1.6681333037754713	4.5284445074565225	2.135714373425653	0.0	0.0	0.0	0.0	0.0	1.0137524959468553	0.0	0.0	0.0	0.0	0.0	3.3590495532909292	0.0	0.3087239702430905	0.7112157750606947	0.0	0.0	1.4125940369781307	0.0	0.0	0.48734989236506077	0.6135504346304933	0.0	0.0	0.3087239702430905	1.658365890290041	1.4618763832617987	0.0	0.0	0.0	0.0	0.0	0.0	0.0	0.0	0.48734989236506077	3.1910456451051536	0.0	0.0	0.0	0.0	0.0	0.0	0.0	0.0	0.0	0.3087239702430905	0.0	0.0	0.0	0.0	0.0	0.0	0.0	0.3087239702430905	0.0	0.0
SRR13357664	0.0	0.0	0.0	2.032683046368077	1.1444929092317078	0.0	0.0	0.0	4.488019897207933	3.5699918042322656	1.6950673949571091	0.0	0.0	0.0	0.2574894124413304	0.0	0.5349946207837657	0.0	0.0	0.0	0.0	0.0	3.1449106629536114	0.5349946207837657	0.7029523255663499	0.7029523255663499	0.0	0.0	0.6270428030351328	0.0	0.0	0.8237664399622059	1.2925190385289593	0.0	0.2574894124413304	0.6270428030351328	0.8735353371121164	3.2295023364453113	0.0	0.0	0.0	0.0	0.0	1.0298114340051583	0.0	0.0	0.7029523255663499	1.8537068908549612	0.0	0.0	0.0	0.0	0.0	0.0	0.0	0.0	0.0	0.0	0.0	1.1921717937042078	0.0	0.0	0.0	0.0	1.467199708155933	0.5349946207837657	0.0	0.0
SRR13357668	0.0	0.0	0.0	1.3987045813089007	2.003784792807488	0.0	0.0	0.0	2.1030126625951473	4.3362342043195525	1.6569507812668676	0.0	0.0	0.0	0.6720132810270949	0.0	2.392677854803865	0.0	0.0	0.0	0.0	0.0	4.003663204009086	0.6720132810270949	0.9241846393764417	1.9059594403675124	0.0	0.0	1.0826868121671371	0.0	0.0	1.2899326833083877	2.7103909291071084	0.0	0.0	2.3588742574099086	0.9241846393764417	3.4261923575315416	0.0	0.0	0.0	0.0	0.45477512234542683	1.0106269099928924	0.0	0.0	0.0	3.303509798689858	0.0	0.0	0.0	0.0	0.0	0.0	0.0	0.0	0.0	1.1985564492783276	0.0	1.3987045813089007	0.0	0.0	0.0	0.0	0.0	0.8161502661538904	0.0	0.0
SRR13357669	0.0	0.0	0.0	1.7468565199022055	0.5431000805894758	0.26262570750480246	0.0	0.0	3.697411803823943	1.928929839016441	1.4900497398140202	0.0	0.0	0.0	0.0	0.0	0.0	0.0	0.0	0.0	0.0	0.0	3.9156332204735422	0.0	0.5431000805894758	0.26262570750480246	0.0	0.0	1.2850212137991308	0.0	0.0	0.0	1.4782165803509408	0.0	0.0	0.0	0.6357795856384613	4.330766190965899	0.0	0.0	0.0	0.0	0.0	0.0	0.0	0.0	1.4782165803509408	3.4808272372158084	0.0	0.0	0.0	0.0	0.0	0.0	0.0	0.0	0.0	0.0	0.0	0.0	0.0	0.4251218820310239	0.0	0.0	0.26262570750480246	0.5431000805894758	0.0	0.0
SRR13357670	0.0	0.0	0.0	0.9245913091678364	0.5401641206491757	0.2607611833263505	0.0	0.0	2.672143155807722	4.117428691907781	3.1709089906771917	0.0	0.0	0.0	0.0	0.0	1.002244844774001	0.2607611833263505	0.0	0.2607611833263505	0.0	0.0	4.160787327250856	0.0	0.7088002218016854	0.2607611833263505	0.0	0.2607611833263505	1.8801460107271417	0.0	0.0	0.42255472248996495	2.8174633885508675	0.0	0.0	0.42255472248996495	0.8299628325864277	3.511854184105553	0.0	0.0	0.0	0.0	0.5401641206491757	0.0	0.0	0.0	1.1512560792973172	3.637748188202431	0.0	0.0	0.0	0.0	0.0	0.0	0.0	0.0	0.0	0.42255472248996495	0.0	0.0	0.0	0.42255472248996495	0.0	0.0	0.42255472248996495	0.7088002218016854	0.0	0.0
SRR13357671	0.0	0.0	0.0	1.8122972758619533	1.005596324908965	0.7454532270722151	0.0	0.0	4.453511093848923	2.5357541572791567	1.6688374026008495	0.0	0.0	0.0	0.0	0.0	0.7454532270722151	0.0	0.0	0.0	0.0	0.0	3.870872248366109	0.0	0.7454532270722151	0.0	0.0	0.0	0.7454532270722151	0.0	0.0	0.7454532270722151	0.7454532270722151	0.0	0.0	0.0	1.2846424810983739	2.79999417636457	0.0	0.0	0.0	0.0	0.0	0.7454532270722151	0.0	0.7454532270722151	0.0	2.9673906740325413	0.0	0.0	0.0	0.0	0.0	0.0	0.0	0.0	0.0	0.0	0.0	0.0	0.0	0.0	0.0	0.0	0.7454532270722151	0.0	0.0	0.0
SRR13357672	0.0	0.0	0.0	0.8000507493368556	0.9191658495890802	0.36690418724265206	0.0	0.0	1.6513755644430446	4.454269602412258	1.5817469122870138	0.0	0.22109820922151058	0.0	0.22109820922151058	0.0	0.9525728769377493	0.0	0.0	0.0	0.0	0.0	3.7122556625625247	0.22109820922151058	0.5629058453075269	0.22109820922151058	0.0	0.0	1.9878868550059803	0.0	0.0	0.7517810201271347	2.3182765062954194	0.0	0.22109820922151058	0.9525728769377493	0.36690418724265206	3.0999842885770854	0.0	0.0	0.0	0.22109820922151058	0.36690418724265206	0.6353775975364616	0.0	0.0	0.22109820922151058	3.4143740089590406	0.0	0.0	0.0	0.22109820922151058	0.0	0.0	0.0	0.0	0.0	0.5629058453075269	0.0	0.9525728769377493	0.0	0.0	0.0	0.0	0.4758696324964905	0.36690418724265206	0.0	0.0
SRR13357676	0.0	0.0	0.0	1.3987582803487657	2.5819574172027164	0.0	0.0	0.0	2.103827845965566	4.370264841075612	1.3987582803487657	0.0	0.29267374954038067	0.0	0.0	0.0	1.2850131417374921	0.0	0.0	0.0	0.0	0.0	3.9945688040637966	0.29267374954038067	1.4888109811828825	1.06373650181684	0.0	0.29267374954038067	2.5686289908761504	0.0	0.0	1.026077860818114	2.6733547641905426	0.29267374954038067	0.0	3.0917019918181343	0.8306730494626322	2.898544310275513	0.0	0.0	0.0	1.5633597852204182	0.0	0.7641334918001579	0.0	0.0	1.7468481586646467	2.7980630995910984	1.6169920378705835	0.0	0.589464545016674	0.0	0.0	0.29267374954038067	0.0	0.0	0.0	1.2850131417374921	0.0	0.7641334918001579	0.0	0.0	0.29267374954038067	0.0	0.29267374954038067	2.473137733139264	0.0	0.0
SRR13357677	0.0	0.0	0.0	0.9165279035015449	0.21990361688446167	0.21990361688446167	0.0	0.0	1.7611216371119442	4.460052369624865	0.8803668596634571	0.0	0.0	0.0	0.0	0.0	0.9809047794989257	0.0	0.0	0.0	0.0	0.0	3.898699641435297	0.0	1.009835764200437	0.5607283199138914	0.0	0.0	0.6330736922317378	0.0	0.0	0.21990361688446167	1.9849173378800806	0.0	0.0	1.2891009175287345	0.36519534991772007	1.8505064015688657	0.21990361688446167	0.0	0.0	1.2425530033110972	0.0	0.21990361688446167	0.0	0.0	0.4738745099518888	2.9230099385319037	0.0	0.36519534991772007	0.21990361688446167	0.21990361688446167	0.0	0.21990361688446167	0.0	0.0	0.0	0.4738745099518888	0.0	0.0	0.0	0.0	0.0	0.0	0.9809047794989257	0.5607283199138914	0.0	0.0
SRR13357678	0.0	0.0	0.0	1.0816001221203706	0.34824042794657034	0.0	0.0	0.0	2.084603364964095	4.371521714762875	0.6710809270503205	0.0	0.0	0.0	0.0	0.0	1.0816001221203706	0.0	0.0	0.0	0.0	0.0	3.785953542487524	0.0	0.9826187176864789	0.0	0.0	0.0	0.5389930390485231	0.0	0.0	0.5389930390485231	1.9274602067627533	0.0	0.0	1.197446798647892	0.8542055549196044	1.5493801817489392	0.0	0.0	0.0	0.5389930390485231	0.0	0.0	0.0	0.0	0.5389930390485231	3.097456373423362	0.0	0.0	0.0	0.0	0.0	0.0	0.0	0.0	0.0	0.0	0.0	0.0	0.0	0.0	0.0	0.0	0.8542055549196044	3.8276019542643076	0.0	0.0
SRR13357679	0.0	0.0	0.0	1.1740866563654322	1.2441031475938928	0.27200012731527334	0.0	0.0	1.922802531588772	4.459519250680998	1.509801473096695	0.0	0.0	0.0	0.0	0.0	1.0587369145149912	0.0	0.0	0.0	0.0	0.0	3.879685981547729	0.0	0.6515426547470144	0.6515426547470144	0.0	0.0	0.7940762918108627	0.0	0.0	0.4379669234888749	1.4732318471950117	0.0	0.27200012731527334	1.304383215188537	0.27200012731527334	2.955700863384832	0.0	0.0	0.0	0.4379669234888749	0.0	0.728630785217266	0.0	0.0	0.4379669234888749	2.5873881329760096	0.0	0.0	0.0	0.27200012731527334	0.0	0.0	0.0	0.0	0.0	0.0	0.0	0.8509388609401565	0.0	0.0	0.0	0.0	0.7940762918108627	0.4379669234888749	0.0	0.0
SRR13357681	0.0	0.0	0.7993714323850665	1.246955061449177	3.529164437671419	0.0	0.0	0.0	1.525820592517085	4.338098856236532	2.856627463997503	0.0	0.40043673739461993	0.0	0.0	0.0	0.67997580625861	0.2448228897863486	0.0	0.0	0.0	0.0	3.862719975706861	0.0	1.6298821442771931	0.6051786659227311	0.0	0.0	2.6045712288604026	0.0	0.0	0.5147629310168982	1.9373391980445314	1.1177785517386485	0.0	0.9330856373897997	2.6903339961477526	2.710649573230002	0.0	0.0	0.0	0.5147629310168982	0.0	0.7993714323850665	0.0	0.0	0.5147629310168982	3.2792896060863725	0.0	0.0	0.0	0.0	0.0	0.0	0.0	0.0	0.0	0.40043673739461993	0.0	0.5147629310168982	0.0	0.2448228897863486	0.0	0.0	0.5147629310168982	3.084234923475492	0.0	0.0
SRR13357682	0.0	0.0	0.0	1.6351727214741387	1.1777199216451177	1.087961843060422	0.0	0.0	4.302196674623202	2.2437790286422095	1.464082712476307	0.0	0.0	0.0	0.0	0.0	0.5810698900696694	0.0	0.0	0.0	0.0	0.0	4.111505357160144	0.0	0.8210247900223542	0.0	0.0	0.0	0.974687335677208	0.0	0.0	0.974687335677208	1.087961843060422	0.0	0.0	0.5810698900696694	0.8210247900223542	2.905808642469544	0.0	0.0	0.0	0.0	0.0	1.087961843060422	0.0	0.0	1.087961843060422	3.5767704084007663	0.0	0.0	0.0	0.0	0.0	0.0	0.0	0.0	0.0	0.5810698900696694	0.0	0.0	0.0	0.0	0.0	0.0	0.974687335677208	1.087961843060422	0.0	0.0
SRR13357683	0.0	0.0	0.23627510780008337	1.355811328103149	2.489931510940849	0.0	0.0	0.0	1.617898847665207	4.363481376826698	2.9544170652842743	0.0	0.0	0.0	0.0	0.0	0.9153785441700284	0.38844212531900385	0.0	0.0	0.0	0.0	3.9042563674771316	0.0	2.398670885231736	0.5009056512134421	0.0	0.0	2.194337606580423	0.0	0.0	0.23627510780008337	1.964226226378658	0.7825240468304138	0.0	0.9153785441700284	0.38844212531900385	1.932404147697766	0.23627510780008337	0.0	0.0	0.23627510780008337	0.0	0.0	0.0	0.0	0.0	3.0458961931502624	0.0	0.0	0.0	0.0	0.0	0.0	0.0	0.0	0.0	0.0	0.0	0.0	0.0	0.0	0.0	0.0	0.5901548228999641	3.581285741022548	0.0	0.0
SRR13357684	0.0	0.0	0.0	1.238519691901655	2.396580602327134	0.0	0.0	0.0	1.853873544942892	4.285001367395633	2.6189293897224775	0.0	0.0	0.0	0.0	0.0	1.1931551980976125	0.26925326771190333	0.26925326771190333	0.0	0.0	0.0	4.171534759458254	0.0	2.9309577282904544	0.789110145051354	0.0	0.0	2.52518415435382	0.0	0.0	0.26925326771190333	2.7034352873771454	0.6469477485706818	0.0	2.077464456594846	0.434213719175823	1.6343313509084876	0.0	0.0	0.0	0.434213719175823	0.0	0.0	0.0	0.0	0.6469477485706818	2.8050214664726476	0.26925326771190333	0.0	0.0	0.0	0.0	0.0	0.26925326771190333	0.0	0.0	0.26925326771190333	0.0	0.0	0.0	0.0	0.0	0.26925326771190333	0.434213719175823	2.7193834210159014	0.0	0.0
SRR13357685	0.0	0.0	0.0	1.3880765567279727	1.857623714461646	0.3918016519739982	0.0	0.0	2.125724063130871	3.999321288136893	1.5754514953042553	0.0	0.0	0.0	0.0	0.0	1.1044634352400684	0.0	0.0	0.0	0.0	0.0	4.322745010277273	0.0	2.571811261645607	0.5943733927371717	0.0	0.0	2.58853737671038	0.0	0.0	0.5943733927371717	2.0120415934745566	0.23866237909921653	0.0	1.2515531341649215	0.5943733927371717	3.4398964575562	0.0	0.0	0.0	1.2858141310828988	0.0	0.0	0.0	0.0	0.8803624888311437	3.4631746392886718	0.0	0.0	0.23866237909921653	0.23866237909921653	0.0	0.0	0.0	0.0	0.0	0.0	0.23866237909921653	0.0	0.0	0.0	0.0	0.0	0.3918016519739982	1.7752209946235462	0.0	0.0
SRR13357689	0.0	0.0	0.0	3.2147734399655747	1.1188520910043436	0.3453300005557871	0.0	0.0	3.869243843127255	2.1368949523267986	3.9612813317460462	0.0	0.3453300005557871	0.0	0.0	0.0	0.9778807845101152	0.0	0.0	0.0	0.0	0.0	4.160438330902615	0.0	1.1572314556759569	0.5352376399383149	0.0	0.3453300005557871	1.4965065506739967	0.0	0.0	0.9778807845101152	3.504753263245428	0.0	0.0	0.0	2.0078607703141094	3.124633179491844	0.0	0.0	0.0	0.3453300005557871	0.0	0.666923158120509	0.0	0.0	1.2554384148358004	2.5671174812735056	0.0	0.0	0.3453300005557871	0.0	0.0	0.0	0.0	0.0	0.0	0.5352376399383149	0.3453300005557871	0.9184844232652603	0.3453300005557871	0.0	0.0	0.0	1.0767493787648794	0.849657988567631	0.0	0.0
SRR13357690	0.24873560582150311	0.0	0.0	1.589752788183629	1.369590253038745	0.0	0.0	0.0	3.110253173831927	4.463605577199018	3.2328875075427566	0.0	0.0	0.0	0.4058958229800502	0.0	1.7351561515090856	0.0	0.0	0.0	0.0	0.0	3.5121406932184467	0.0	0.24873560582150311	1.3973559368078599	0.0	0.0	0.6871318062584417	0.0	0.0	0.0	2.217218697580177	0.0	0.0	2.044467545046218	0.4058958229800502	2.6973248574200444	0.0	0.0	0.0	0.0	0.611982193779769	0.0	0.0	0.0	0.24873560582150311	3.2199302283980304	0.0	0.0	0.0	0.0	0.0	0.0	0.0	0.0	0.0	0.6871318062584417	0.0	0.24873560582150311	0.0	0.0	0.0	0.0	0.521050313583394	0.521050313583394	0.0	0.0
SRR13357691	0.0	0.0	0.0	1.2007588395578312	1.3315364572494937	0.0	0.0	0.0	1.6765978501261882	4.321192752268122	3.0954063595045778	0.0	0.0	0.20947758021529414	0.20947758021529414	0.0	1.6592499601826847	0.0	0.3501938712117171	0.0	0.0	0.0	4.137542358406658	0.20947758021529414	0.3501938712117171	1.248861311047337	0.0	0.20947758021529414	0.8181429420798884	0.0	0.0	0.3501938712117171	2.8083293862688836	0.20947758021529414	0.0	1.894773083911998	1.1064406896170003	2.1219220916795387	0.0	0.0	0.0	0.45630241903312263	0.3501938712117171	0.0	0.0	0.0	0.8181429420798884	2.9774429898942714	0.0	0.0	0.0	0.0	0.0	0.20947758021529414	0.0	0.0	0.0	0.7274617578093804	0.0	0.0	0.0	0.0	0.0	0.0	0.5415095360574155	1.165449939979605	0.0	0.0
SRR13357692	0.2627164143919396	0.0	0.0	1.9498706115530895	1.860195282642864	0.0	0.0	0.0	1.812887383826928	3.942635446869771	0.9283991880321412	0.0	0.0	0.0	0.2627164143919396	0.0	1.6203942539124403	0.6359332293912731	0.0	0.0	0.0	0.0	4.392349171567627	0.0	2.615322429174226	1.1015978240200914	0.0	0.0	1.884408855028776	0.0	0.0	0.2627164143919396	3.427546147139479	0.0	0.0	1.5345937962428415	0.6359332293912731	1.973521566342473	0.42524666549726126	0.0	0.0	0.6359332293912731	0.0	0.0	0.0	0.0	1.0720490139534986	2.8522397158302697	0.0	0.0	0.2627164143919396	0.0	0.0	0.0	0.0	0.0	0.0	0.42524666549726126	0.2627164143919396	0.0	0.0	0.0	0.0	0.2627164143919396	2.2034234797988703	0.7122785193251453	0.0	0.0
SRR13357693	0.0	0.0	0.0	1.4708111786228777	1.377557816789711	0.5165857855603511	0.0	0.0	1.9548687547122356	3.0556972539207528	2.5260915110830378	0.0	0.0	0.0	0.0	0.0	1.7288711423566316	0.0	0.0	0.0	0.0	0.0	4.527675242398835	0.0	0.6462146741758418	1.2001656624042534	0.0	0.0	0.33095947810072496	0.0	0.0	0.7459146567868674	3.0043195934511266	0.0	0.0	1.6693878006551648	0.6462146741758418	3.129027931691307	0.0	0.0	0.0	1.4536939955892967	0.33095947810072496	0.0	0.0	0.0	1.0061032802338616	1.8494447872458102	0.0	0.0	0.0	0.0	0.0	0.5165857855603511	0.0	0.0	0.0	0.33095947810072496	0.0	0.7459146567868674	0.0	0.33095947810072496	0.0	0.0	0.33095947810072496	0.5165857855603511	0.0	0.0
SRR13357697	0.0	0.0	0.33390439364160707	2.8153784655571066	1.6640164855114787	0.0	0.0	0.0	3.007356215449233	2.4541296141537186	2.6183645075108797	0.0	0.0	0.0	0.0	0.0	1.0110692829322965	0.0	0.5204231207964416	0.0	0.0	0.0	4.410956997902638	0.7504372516649465	1.913860783429475	0.33390439364160707	0.0	0.0	1.1376693975436678	0.0	0.0	0.9590836820608322	3.790720633417279	0.0	0.5204231207964416	0.33390439364160707	0.8316360788127697	3.451689213282044	0.0	0.0	0.0	0.0	0.0	1.290397735219652	0.0	0.0	0.9000182807370747	2.731693736593873	0.0	0.0	0.5204231207964416	0.0	0.0	0.0	0.0	0.0	0.0	0.0	0.0	1.6180944623537468	0.0	0.0	0.0	0.0	0.7504372516649465	0.0	0.0	0.0
SRR13357698	0.0	0.0	0.0	0.9704786892332817	0.5523063018801129	0.0	0.0	0.0	1.5024860415214478	4.479648857917825	1.7446786469237903	0.0	0.0	0.0	0.0	0.0	1.026384047931207	0.21530875905671945	0.21530875905671945	0.0	0.0	0.0	3.5583843110045734	0.21530875905671945	0.7397539260294008	1.0759067089506456	0.0	0.0	0.5523063018801129	0.0	0.0	0.3586035094410748	2.1849647051594667	0.3586035094410748	0.0	0.685790030556069	3.471594547339745	2.722536962011904	0.0	0.0	0.0	0.21530875905671945	0.0	0.5523063018801129	0.0	0.0	0.21530875905671945	2.533737408612269	0.0	0.0	0.21530875905671945	0.0	0.0	0.0	0.0	0.0	0.0	0.3586035094410748	0.0	0.6241565115743355	0.0	0.21530875905671945	0.0	0.0	0.21530875905671945	0.4661659077176661	0.0	0.0
SRR13357699	0.0	0.0	0.0	1.7241423713513158	0.6803789326036036	0.0	0.0	0.0	1.774383186977369	4.317902915430757	0.7268881776190346	0.0	0.0	0.0	0.0	0.0	1.2084928356429139	0.0	0.0	0.0	0.0	0.0	4.215895619420443	0.0	0.0	0.8423887205179978	0.0	0.0	0.3186880136632784	0.0	0.0	0.0	2.5396720010451626	0.1879426802661216	0.0	0.3186880136632784	0.4190450814814122	1.778318939717482	0.0	0.0	0.0	0.0	0.0	0.0	0.0	0.0	0.6282848834719617	2.1153368031255284	0.0	0.0	0.3186880136632784	0.0	0.0	0.0	0.0	0.0	0.0	0.0	0.0	0.3186880136632784	0.0	0.0	0.0	0.0	0.3186880136632784	0.3186880136632784	0.0	0.0
SRR13357700	0.0	0.0	0.0	1.2155987758623905	1.2155987758623905	0.0	0.0	0.0	2.4451581424159	1.8536536871775207	2.1426788287810172	0.0	0.4666551026585134	0.0	0.0	0.0	1.1314801683402087	0.0	0.0	0.0	0.0	0.0	4.512221460035531	0.0	0.0	0.0	0.0	0.0	0.8315946394934668	0.0	0.0	0.7650286695737439	3.1937295860663752	0.0	0.0	0.0	1.1613669865897187	3.4074565860638	0.2932041226302765	0.0	0.0	0.5902676559459601	0.0	0.6863800107424876	0.0	0.0	1.0270572443544554	2.8415594796174006	0.0	0.0	0.2932041226302765	0.0	0.0	0.0	0.0	0.0	0.0	0.0	0.0	0.9858102813646573	0.0	0.0	0.0	0.0	0.0	0.0	0.0	0.0
SRR13357705	0.0	0.0	0.3276920151544799	1.2793494598948172	3.0025782536742445	0.3276920151544799	0.0	0.0	2.233303787790096	4.193666489508758	2.987735690055488	0.0	0.0	0.0	0.0	0.0	1.0468724613762557	0.0	0.0	0.0	0.0	0.0	4.223533871891802	0.0	2.854478307391589	0.6414633185798773	0.0	0.0	0.3276920151544799	0.0	0.0	0.8217199451354917	2.5818371421295256	0.0	0.0	0.8217199451354917	0.6414633185798773	2.23615373117884	0.0	0.0	0.0	1.8363103347181924	0.0	0.0	0.0	0.0	0.7408773430676926	3.307026846298597	0.0	0.0	0.0	0.5123188767650786	0.0	0.0	0.0	0.0	0.0	0.0	0.3276920151544799	0.0	0.0	0.0	0.0	0.3276920151544799	0.0	0.3276920151544799	0.0	0.0
SRR13357706	0.0	0.0	0.3388071688324001	1.7955433648155315	1.449948730978246	0.3388071688324001	0.0	0.0	2.10533446970897	3.7813622222899643	2.4339669616654365	0.0	0.0	0.0	0.0	0.0	1.3915564353791308	0.0	0.0	0.0	0.0	0.3388071688324001	4.332788219591643	0.0	2.080474450899883	0.3388071688324001	0.0	0.0	2.7617018824049477	0.0	0.0	0.3388071688324001	2.8328361447952584	0.0	0.0	1.8638426275169087	0.5267942655915359	2.446996055137759	0.0	0.0	0.0	1.7613603806146867	0.0	0.0	0.0	0.0	1.0192861424856285	3.2439185307564724	0.6575609207649834	0.0	0.3388071688324001	0.3388071688324001	0.0	0.0	0.0	0.0	0.0	0.0	0.0	0.0	0.0	0.0	0.0	0.0	1.0657980675372734	3.7977751349197852	0.0	0.0
SRR13357710	0.0	0.0	0.21669707315553072	0.9736436770546539	0.7907146987637375	0.0	0.0	0.0	1.665495833049659	4.526687112630556	2.4146479560047975	0.0	0.0	0.0	0.0	0.0	1.0550804467543309	0.0	0.0	0.0	0.0	0.0	3.1476820701783654	0.21669707315553072	0.7426538338179518	0.36059840192148085	0.0	0.0	1.923335668701586	0.0	0.0	0.46850086092904664	1.1236311828034935	0.0	0.21669707315553072	0.6886048069916205	2.5051194342677565	2.640567770219885	0.0	0.0	0.0	0.0	0.36059840192148085	0.46850086092904664	0.0	0.0	0.36059840192148085	3.152851012411285	0.0	0.0	0.0	0.0	0.0	0.0	0.0	0.0	0.0	0.21669707315553072	0.0	0.5548588130068817	0.0	0.0	0.0	0.0	0.46850086092904664	2.421089293876006	0.21669707315553072	0.0
SRR13357711	0.0	0.0	0.0	0.8779368064581472	0.6309271604751011	0.0	0.0	0.0	1.8185112855325363	4.538489337413865	1.738055234453861	0.0	0.36360534822707724	0.0	0.0	0.0	0.747013577237606	0.0	0.0	0.0	0.0	0.0	3.3705402576706778	0.0	0.5587001068985717	0.2187933699815354	0.0	0.0	0.6928375972526332	0.0	0.0	0.4720169477006042	0.4720169477006042	0.0	0.0	0.2187933699815354	1.0344172912495115	2.7973805253522572	0.0	0.0	0.0	0.0	0.0	0.36360534822707724	0.0	0.0	0.0	2.349654342300056	0.0	0.0	0.0	0.36360534822707724	0.0	0.0	0.0	0.0	0.0	0.2187933699815354	0.0	0.6928375972526332	0.0	0.0	0.0	0.0	0.7951747696807977	0.0	0.0	0.0
SRR13357712	0.0	0.0	0.0	0.6575503628654753	0.5267847540174069	0.0	0.0	0.0	1.661864886097499	4.523409191404342	2.667842790392573	0.0	0.0	0.0	0.0	0.0	0.8393913496740543	0.0	0.0	0.0	0.0	0.0	3.4690373447552374	0.0	0.20163252739754026	0.33879983706956485	0.0	0.0	0.33879983706956485	0.0	0.0	0.0	0.33879983706956485	0.0	0.0	0.5970707516076578	0.6575503628654753	2.968129911580547	0.0	0.0	0.0	0.20163252739754026	0.0	0.0	0.0	0.0	0.0	2.123074576776324	0.0	0.0	0.0	0.33879983706956485	0.0	0.0	0.0	0.0	0.0	0.20163252739754026	0.0	0.0	0.0	0.0	0.0	0.0	0.6575503628654753	0.33879983706956485	0.0	0.0
SRR13357713	0.0	0.0	0.0	2.731556954606338	0.9578205205621239	0.0	0.0	0.0	2.0758712654573865	4.060279580972743	3.086086816119959	0.0	0.0	0.0	0.0	0.0	1.3048529154520296	0.0	0.4798075228342935	0.0	0.0	0.0	4.33757103833354	0.0	1.8490640243272878	0.8485487713277392	0.0	0.3030462528501774	0.9066123177880324	0.0	0.0	0.6050808776809988	3.138834631302342	0.0	0.0	0.7815064973545741	0.9066123177880324	2.008304919205449	0.0	0.0	0.0	2.4738316377147953	0.0	0.0	0.0	0.0	0.8485487713277392	2.9445350893846323	0.0	0.0	0.3030462528501774	0.0	0.0	0.0	0.0	0.0	0.0	0.3030462528501774	0.0	0.0	0.0	0.0	0.0	0.0	0.8485487713277392	0.7021915379488645	0.0	0.0
SRR13357718	0.0	0.0	0.0	0.6504060085920353	0.7928482062984337	0.0	0.0	0.0	2.823277995409902	4.353678363948668	0.8999313900141545	0.0	0.19824521820372878	0.0	0.0	0.0	0.7032497594467998	0.0	0.0	0.0	0.0	0.0	3.6553301211261684	0.0	0.0	0.0	0.0	0.0	0.5902299026435865	0.0	0.0	1.18928132552673	1.382738918739197	0.0	0.19824521820372878	0.19824521820372878	1.2637560193039146	2.902413408994817	0.0	0.0	0.0	0.0	0.0	0.43703781314322787	0.0	0.0	0.33385107006590026	2.7927949478446816	0.0	0.0	0.0	0.0	0.0	0.0	0.0	0.0	0.0	0.43703781314322787	0.0	0.19824521820372878	0.0	0.0	0.0	0.0	0.33385107006590026	3.9370836235624944	0.0	0.0
SRR13357719	0.0	0.0	0.0	0.7788420001366406	1.0079259045252789	0.5446601828056074	0.0	0.0	2.7491445519556796	4.128937055420388	1.103425738281389	0.0	0.0	0.0	0.0	0.0	0.637459751731422	0.0	0.0	0.0	0.0	0.0	3.7516069196431947	0.4264868975576399	0.4264868975576399	0.4264868975576399	0.0	0.0	0.7788420001366406	0.0	0.0	2.0714751819375756	1.6475404776212987	0.0	0.4264868975576399	0.5446601828056074	2.209891631221235	3.1233716676147876	0.0	0.0	0.0	0.0	0.0	0.8853273387412477	0.0	0.0	0.26361834355613967	3.596985639053082	0.0	0.0	0.0	0.26361834355613967	0.0	0.0	0.0	0.0	0.0	0.4264868975576399	0.0	0.7788420001366406	0.0	0.0	0.0	0.0	0.8853273387412477	4.099968151831171	0.0	0.0
SRR13357720	0.0	0.0	0.0	1.026980273133034	0.7917803795962044	0.0	0.0	0.0	1.2194230682275775	4.450489316115845	0.6728416635513698	0.0	0.0	0.0	0.0	0.0	1.1094361449425758	0.0	0.0	0.0	0.0	0.0	3.297556684374928	0.0	0.24095123250392433	0.5984014561297422	0.0	0.0	0.5085073483636421	0.0	0.0	0.39501565025406943	1.7642065520018109	0.0	0.0	0.6728416635513698	0.39501565025406943	3.880236533295547	0.0	0.0	0.0	0.0	0.0	0.0	0.0	0.0	0.39501565025406943	0.7917803795962044	0.0	0.0	0.0	0.0	0.0	0.0	0.0	0.0	0.0	0.39501565025406943	0.0	0.0	0.0	0.0	0.0	0.0	0.5085073483636421	0.5984014561297422	0.0	0.0
SRR13357721	0.0	0.0	0.0	1.4727558967977212	0.6953604316854023	0.29877753085774905	0.0	0.0	1.8876361340760826	4.386100726098529	0.29877753085774905	0.0	0.0	0.0	0.29877753085774905	0.0	1.6290573568178195	0.0	0.0	0.0	0.0	0.0	4.073432704998335	0.0	0.0	1.3936049074274772	0.0	0.0	0.0	0.0	0.0	0.0	2.1773567839902963	0.0	0.0	1.6083779072612507	0.29877753085774905	1.4727558967977212	0.0	0.0	0.0	0.5986768980203268	0.0	0.0	0.0	0.0	0.5986768980203268	3.1235627203906655	0.0	0.0	0.0	0.0	0.0	0.0	0.0	0.0	0.0	0.8412294891262551	0.0	0.0	0.0	0.0	0.0	0.0	0.8991404737235409	0.774390625863165	0.0	0.0
SRR13357740	0.0	0.0	0.0	3.5844091434613627	0.625785298296319	0.0	0.0	0.0	4.120470528873441	1.6074691207183749	1.997168798434374	0.0	0.0	0.0	0.0	0.0	0.25675364212610413	0.0	0.4170228107490847	0.0	0.0	0.0	2.5569565603776248	0.0	0.4170228107490847	0.25675364212610413	0.0	0.0	0.0	0.0	0.0	0.0	0.822367191372381	0.0	0.0	0.25675364212610413	1.357287314067127	1.8852369773172102	0.0	0.0	0.0	0.0	0.0	0.4170228107490847	0.0	0.0	1.2335794910319007	4.306456550673628	0.0	0.0	0.0	0.0	0.0	0.0	0.0	0.0	0.0	0.0	0.0	0.0	0.0	0.0	0.0	0.0	0.4170228107490847	0.25675364212610413	0.0	0.0
SRR13357742	0.0	0.0	0.0	3.3461213429113013	0.9646139024217798	0.5727754448141724	0.0	0.0	3.3407265237433608	3.140077192412149	2.625229528972981	0.0	0.7454875417592906	0.0	0.0	0.0	0.9646139024217798	0.0	0.0	0.0	0.0	0.0	4.458630648996191	0.2817279870245779	0.0	0.2817279870245779	0.0	0.2817279870245779	0.2817279870245779	0.0	0.0	0.0	0.2817279870245779	0.0	0.0	0.451189780572518	0.7454875417592906	2.561574579303333	0.0	0.0	0.0	0.9646139024217798	0.0	0.451189780572518	0.0	0.0	1.1671950084014289	3.402835941653659	0.0	0.2817279870245779	0.2817279870245779	0.0	0.0	0.0	0.0	0.0	0.0	0.0	0.0	0.5727754448141724	0.0	0.0	0.0	0.0	0.5727754448141724	0.451189780572518	0.0	0.0
SRR13357743	0.0	0.0	0.0	3.80820621079387	1.691072580986941	1.321507700596029	0.28047095825064566	0.0	2.267707145605671	1.902845356168533	3.3819413029203447	0.0	0.0	0.0	0.0	0.0	0.0	0.28047095825064566	0.0	0.0	0.0	0.0	3.6461109780225724	0.6655915569909683	0.5708445628033324	0.4494870884521537	0.0	0.28047095825064566	1.136891533214647	0.0	0.0	1.1647370785778695	0.7433247822171742	0.28047095825064566	0.6655915569909683	0.28047095825064566	1.561024997031337	3.6972031353888806	0.0	0.0	0.0	0.28047095825064566	0.0	1.374532135049131	0.0	0.0	0.28047095825064566	4.283624085809403	0.0	0.0	0.28047095825064566	0.0	0.0	0.0	0.28047095825064566	0.0	0.0	0.0	0.0	1.2610970928488094	0.0	0.0	0.0	0.0	0.28047095825064566	0.28047095825064566	0.28047095825064566	0.0
SRR13357744	0.0	0.0	0.0	1.734836129928094	1.5338942550596801	0.3022759381842057	0.0	0.0	2.6439567664065944	2.878124953915305	2.568329397006943	0.0	0.0	0.0	0.0	0.0	1.7014086981760703	0.3022759381842057	0.3022759381842057	0.3022759381842057	0.0	0.0	4.0534861793363035	0.0	0.9052680462499767	1.5464854677600743	0.0	0.0	1.2327912643533203	0.0	0.0	0.9052680462499767	1.1784141346138497	0.3022759381842057	0.3022759381842057	1.6556456931594348	0.9564550531490524	3.45702743454707	0.0	0.0	0.0	0.3022759381842057	0.3022759381842057	0.9052680462499767	0.0	0.0	1.1784141346138497	4.339687812019965	0.0	0.0	0.0	0.0	0.0	0.0	0.0	0.0	0.0	0.6039275672405483	0.0	1.0022401292997276	0.0	0.47878171835056804	0.3022759381842057	0.3022759381842057	0.7009618002243315	0.6039275672405483	0.0	0.0
SRR13357754	0.0	0.0	0.2472657733207316	1.9031618964983383	0.6844498776351798	0.0	0.0	0.0	1.521386476869	4.223484570319283	2.4498878462379174	0.0	0.0	0.0	0.0	0.0	1.1473987013171074	0.0	0.2472657733207316	0.0	0.0	0.0	4.248856218509224	0.0	3.324401199354953	0.974894143988046	0.0	0.0	1.9862783429409545	0.0	0.0	0.5186924532246084	1.7674075944523984	0.4038473665013916	0.2472657733207316	1.0403074014151956	0.5186924532246084	2.4615536109385627	0.2472657733207316	0.0	0.0	2.1360227465986	0.0	0.0	0.0	0.0	0.5186924532246084	2.506354266546348	0.0	0.0	0.2472657733207316	0.0	0.0	0.0	0.0	0.0	0.0	0.0	0.5186924532246084	0.2472657733207316	0.0	0.2472657733207316	0.2472657733207316	0.0	0.0	0.2472657733207316	0.0	0.0
SRR13357755	0.0	0.0	0.0	2.703093723374356	0.659584871395622	0.0	0.0	0.0	2.402156958258005	3.9464382804947435	0.5652438847780633	0.0	0.0	0.0	0.0	0.0	0.7370449514698046	0.0	0.0	0.0	0.0	0.0	3.792613632303739	0.0	3.0547126489745415	0.4445533739572044	0.0	0.0	0.2768358956847382	0.0	0.0	0.659584871395622	2.560973561637122	0.2768358956847382	0.0	1.1000661967357095	0.910252355006952	1.4957576301326916	0.0	0.0	0.0	0.7370449514698046	0.0	0.0	0.0	0.0	0.4445533739572044	2.567311865205196	0.0	0.0	0.2768358956847382	0.0	0.0	0.0	0.0	0.0	0.0	0.0	0.5652438847780633	0.0	0.0	0.0	0.0	0.0	0.5652438847780633	4.304851736697378	0.0	0.0
SRR13357761	0.0	0.0	0.0	2.680700321463359	0.9170193033441203	0.0	0.0	0.0	3.4272536879038284	2.0113608711591597	1.7714843936161877	0.0	0.0	0.0	0.0	0.0	0.7664498625909967	0.0	0.25689797412907384	0.0	0.0	0.0	4.293972645521104	0.0	1.9720926640615726	0.4172223810189899	0.0	0.0	0.5340577101119537	0.0	0.0	0.5340577101119537	0.6260320952174565	0.0	0.0	0.5340577101119537	1.8165062401927998	4.124176379112804	0.0	0.0	0.0	0.25689797412907384	0.0	0.0	0.0	0.0	0.9945039389961228	3.1483449019012872	0.0	0.0	0.25689797412907384	0.0	0.0	0.0	0.4172223810189899	0.0	0.0	0.25689797412907384	0.0	0.0	0.0	0.25689797412907384	0.0	0.0	1.1432644964808503	0.6260320952174565	0.0	0.0
SRR13357772	0.0	0.0	0.0	3.575631560639265	0.2834054346530695	0.0	0.0	0.0	4.083626871346365	3.8979522443598578	2.9163551643454717	0.0	0.0	0.0	0.0	0.0	0.2834054346530695	0.0	0.2834054346530695	0.0	0.0	0.0	3.503593989335821	0.0	1.5332200960312268	0.2834054346530695	0.0	0.0	0.2834054346530695	0.0	0.0	0.0	2.0978200374588365	0.0	0.0	0.575347469388387	0.4534592322810831	1.8395666268793842	0.0	0.0	0.0	0.0	0.0	0.0	0.0	0.0	0.7483666504715165	3.9944465637216533	0.0	0.0	0.2834054346530695	0.0	0.0	0.0	0.0	0.0	0.0	0.0	0.0	0.2834054346530695	0.0	0.0	0.0	0.0	0.2834054346530695	0.0	0.0	0.0
SRR13357773	0.0	0.0	0.0	2.4460049614302877	0.7218054401307231	0.0	0.0	0.0	1.7059999126171184	4.317911880769293	2.881006219662801	0.0	0.0	0.0	0.0	0.0	0.8256370209466853	0.0	0.0	0.0	0.0	0.0	4.184090249713267	0.0	0.23341653765354692	0.23341653765354692	0.0	0.0	0.38440940474508273	0.0	0.0	0.4962331954609467	1.9540350845695829	0.23341653765354692	0.0	0.7768168886740274	0.9795426571572937	1.6187215514495532	0.0	0.0	0.0	1.349271426190485	0.0	0.23341653765354692	0.0	0.0	0.7768168886740274	2.7395527844201837	0.0	0.0	0.0	0.0	0.0	0.0	0.0	0.0	0.0	0.38440940474508273	0.0	0.0	0.0	0.0	0.0	0.0	0.38440940474508273	1.362884580459087	0.0	0.0
SRR13357774	0.0	0.0	0.0	0.9790322365256661	0.0	0.0	0.0	0.0	1.8220795212279837	4.478670385210544	0.9790322365256661	0.0	0.0	0.0	0.0	0.0	0.8251520341860011	0.0	0.0	0.0	0.0	0.0	3.8195009540757767	0.0	0.5846579118994519	0.8251520341860011	0.0	0.0	0.5846579118994519	0.0	0.0	0.0	1.9768786888090593	0.0	0.0	0.8251520341860011	0.8251520341860011	2.2948174542170725	0.0	0.0	0.0	0.8251520341860011	0.0	0.0	0.0	0.0	0.5846579118994519	2.6773902704569146	0.0	0.0	0.0	0.0	0.0	0.0	0.0	0.0	0.0	0.5846579118994519	0.0	0.0	0.0	0.0	0.0	0.0	0.0	2.5120028333441984	0.0	0.0
SRR13357784	0.0	0.0	0.0	1.186729173315212	1.3045467479777757	0.0	0.0	0.0	1.6963997886894173	4.251331493505227	0.5308815097735655	0.0	0.0	0.0	0.5308815097735655	0.0	1.8067016574649375	0.0	0.0	0.0	0.0	0.0	4.265935338337442	0.0	0.6982928806385511	1.3830038111978529	0.0	0.0	0.9130706112794191	0.0	0.0	1.9244755857529652	1.8479701339450805	0.0	0.0	1.827825899276784	1.2869988381986857	2.7092724472435656	0.2548964556155859	0.0	0.0	0.5308815097735655	0.4144525773179703	0.0	0.0	0.0	0.8188257400941468	2.8282010232883685	0.0	0.0	0.2548964556155859	0.4144525773179703	0.0	0.0	0.0	0.0	0.0	1.085582714048512	0.0	0.4144525773179703	0.0	0.0	0.0	0.0	0.2548964556155859	0.4144525773179703	0.0	0.0
SRR13357829	0.0	0.0	0.0	1.0189791274217739	1.515546198303765	0.0	0.0	0.0	4.551843066431896	1.947417416800493	1.8590160182422508	0.0	0.0	0.0	0.0	0.0	0.0	0.26923054195625323	0.0	0.0	0.0	0.0	2.250202627914247	0.43418263122773615	0.43418263122773615	0.0	0.0	0.0	1.2384733453614059	0.0	0.0	0.7237802118962573	0.7237802118962573	0.0	0.26923054195625323	0.43418263122773615	0.0	3.253860065676489	0.0	0.0	0.0	0.0	0.0	1.0850864775073559	0.0	0.0	1.515546198303765	1.1424477783184976	0.0	0.0	0.26923054195625323	0.0	0.0	0.0	0.0	0.0	0.0	0.0	0.0	1.2987090196267974	0.0	0.0	0.26923054195625323	0.0	0.43418263122773615	0.7237802118962573	0.0	0.0
SRR13357840	0.0	0.0	0.0	3.271521730448194	1.3451228161325004	0.9319154348899833	0.0	0.0	3.7861238304291325	2.0577993182760554	1.6655248378412422	0.0	0.0	0.0	0.0	0.0	0.3996391952214209	0.0	0.0	0.0	0.0	0.0	4.294319102163778	0.3996391952214209	2.4161171747605894	0.3996391952214209	0.0	0.0	1.1165547392449675	0.0	0.0	0.7426781174760152	0.7426781174760152	0.0	0.0	0.0	0.8475234191536762	3.29308411983219	0.0	0.0	0.0	0.0	0.0	0.8475234191536762	0.0	0.0	1.4259677749462678	3.889346854497654	0.0	0.0	0.3996391952214209	0.0	0.0	0.3996391952214209	0.0	0.0	0.0	0.0	0.0	1.0632809268958392	0.0	0.3996391952214209	0.0	0.0	0.7426781174760152	0.6041829377767199	0.0	0.0
SRR13357851	0.0	0.0	0.0	2.5999849368117047	0.7236937888433274	0.3857790764303005	0.0	0.0	2.9605856429781108	1.7757534903665904	1.1193621437763381	0.0	0.0	0.0	0.0	0.0	0.2343865544767559	0.0	0.0	0.2343865544767559	0.0	0.0	3.9103371015731527	0.0	0.2343865544767559	0.0	0.0	0.0	0.7787577355337851	0.0	0.0	0.3857790764303005	1.0128914437868553	0.0	0.0	0.0	0.3857790764303005	3.889524654144713	0.0	0.0	0.0	0.2343865544767559	0.0	0.0	0.0	0.0	1.4609558137733984	4.313636071228851	0.0	0.0	0.0	0.0	0.0	0.0	0.0	0.0	0.0	0.0	0.0	0.0	0.0	0.2343865544767559	0.3857790764303005	0.0	0.5868048638653514	0.49782091890816116	0.0	0.0
SRR13357862	0.0	0.0	0.0	2.41933523678627	1.9330644518464841	0.0	0.0	0.0	4.260370918902582	2.244070027070914	2.8054093985995756	0.0	0.0	0.0	0.0	0.0	0.0	0.0	0.0	0.9281389732271259	0.0	0.5430321833467616	2.8884126959047705	0.0	0.0	1.4135783432792486	0.0	0.0	2.4394634495115057	0.0	0.0	1.0400738872829673	2.1702853420496133	0.5430321833467616	0.0	0.0	0.5430321833467616	4.211561969609554	0.0	0.0	0.0	0.5430321833467616	0.5430321833467616	1.1289905106297746	0.0	0.0	2.9246359117006735	1.4899576745488141	0.5430321833467616	0.0	0.5430321833467616	0.0	0.0	0.0	0.0	0.0	0.0	0.0	0.0	1.4135783432792486	0.0	1.7269300479250975	1.7061477735313608	0.0	0.5430321833467616	0.7769425054184688	0.0	0.0
SRR13357892	0.0	0.0	0.0	1.3586713367256396	0.5716898780664068	0.28102102921627253	0.0	0.0	2.5750696041938146	2.1324901290723632	1.322608047018614	0.0	0.0	0.0	0.0	0.0	1.0762525312944922	0.0	0.0	0.0	0.0	0.0	4.428750628787614	0.0	0.666497665161336	0.8102106301630341	0.0	0.0	1.191985360301194	0.0	0.0	0.28102102921627253	1.5728463979340073	0.0	0.0	0.5716898780664068	0.9632924326719271	4.014435838608885	0.28102102921627253	0.0	0.0	0.0	0.0	0.0	0.0	0.0	0.8102106301630341	1.9506799281646239	0.0	0.28102102921627253	0.0	0.0	0.0	0.0	0.28102102921627253	0.0	0.0	0.28102102921627253	0.0	0.0	0.0	0.0	0.0	0.28102102921627253	0.666497665161336	0.450232395015259	0.0	0.0
SRR13357893	0.0	0.0	0.6435325157417868	3.22993862429953	1.9170821152334858	0.0	0.0	0.0	4.462291602902754	2.4775136623787697	2.6628609256991833	0.0	0.0	0.0	0.0	0.0	0.6435325157417868	0.0	0.0	1.1644490985488836	0.0	0.0	3.1478413861994228	0.0	1.793892042411124	1.8389509121384047	0.0	0.0	2.6968088918378474	0.6435325157417868	0.0	0.6435325157417868	2.3785007873005544	0.0	0.0	1.049312117391343	1.049312117391343	3.390296271559254	0.0	0.0	0.0	0.6435325157417868	0.0	0.0	0.0	0.0	3.166355700101824	0.8921846766866808	0.6435325157417868	0.0	0.6435325157417868	0.0	0.0	0.0	0.0	0.0	0.0	0.0	0.0	0.0	0.0	1.7161046755670866	1.8797711613464618	0.0	0.6435325157417868	0.6435325157417868	0.0	0.0
SRR13357899	0.0	0.0	0.0	2.7471143295074563	2.31322359515637	0.0	0.0	0.0	2.4664955700109097	4.111747156147814	1.9782381140452803	0.0	0.7563036552874465	0.0	1.1794625098206475	0.0	2.7667831794825277	0.5254096335824736	0.0	0.0	0.0	0.0	4.252882606466541	0.5254096335824736	1.0175033473429962	2.3690835402037496	0.0	0.5254096335824736	1.3896648518936294	0.0	0.0	1.3458702476027484	1.7412678622595807	0.5254096335824736	0.0	2.8866997075883085	3.0735226395988504	3.4051824751779085	0.0	0.0	0.0	0.906251299539514	0.7563036552874465	1.0175033473429962	0.0	0.0	0.5254096335824736	2.584906395297869	0.0	0.0	0.0	0.0	0.0	0.7563036552874465	0.0	0.5254096335824736	0.0	1.7768491911421855	0.0	1.0175033473429962	0.0	0.0	0.0	0.0	0.0	0.7563036552874465	0.0	0.0
SRR13357910	0.0	0.0	0.23548903586775252	2.1634256542437442	1.6922258020888068	0.6626841472650199	0.0	0.0	2.1414190081396245	2.045855230685511	1.97579797727066	0.0	0.6626841472650199	0.0	0.0	0.0	0.23548903586775252	0.23548903586775252	0.0	0.0	0.0	0.23548903586775252	3.914767107562734	0.8738200320215558	0.49962272603430047	0.0	0.0	0.0	1.3399574668011192	0.23548903586775252	0.0	1.0152746900454344	3.6563988762175885	0.0	0.7809583740004874	0.23548903586775252	4.158037865612695	4.003564531652073	0.0	0.0	0.0	0.0	0.0	1.4844934600882052	0.0	0.0	0.7809583740004874	1.4741252694263351	0.0	0.0	0.49962272603430047	0.0	0.0	0.0	0.23548903586775252	0.0	0.0	0.0	0.0	1.57648002594322	0.0	0.23548903586775252	0.0	0.0	0.49962272603430047	0.38733426220014805	0.0	0.0
SRR13357921	0.0	0.0	0.0	3.977039949878695	0.2870824265493114	0.0	0.0	0.0	4.147590448112307	3.887203698517573	2.5928884058511823	0.0	0.0	0.0	0.0	0.0	0.4584231473505712	0.0	0.4584231473505712	0.2870824265493114	0.0	0.0	3.2955265315389393	0.0	1.1496825219757152	0.0	0.0	0.0	0.4584231473505712	0.0	0.0	0.2870824265493114	1.3877410002434465	0.0	0.0	0.4584231473505712	0.6764336940689755	1.6882085463291339	0.0	0.0	0.0	0.2870824265493114	0.0	0.0	0.0	0.0	1.0878337231765087	3.6223445533717755	0.0	0.0	0.0	0.2870824265493114	0.0	0.0	0.0	0.0	0.0	0.0	0.2870824265493114	0.2870824265493114	0.0	0.0	0.0	0.0	0.6764336940689755	0.4584231473505712	0.0	0.0
SRR13357925	0.0	0.0	0.0	1.0982872668659853	0.4045989169685072	0.0	0.0	0.0	1.32226381152884	4.484360819259184	0.5195577148602054	0.0	0.0	0.0	0.0	0.0	1.0707908496349812	0.0	0.0	0.0	0.0	0.0	3.863794987275365	0.0	1.2344055284943278	0.685434294792723	0.0	0.0	0.4045989169685072	0.0	0.0	0.0	0.8989347156499125	0.0	0.0	0.4045989169685072	0.4045989169685072	1.1241459810683432	0.0	0.0	0.0	0.2478048071614747	0.2478048071614747	0.0	0.0	0.0	0.0	0.8545798051645155	0.0	0.0	0.2478048071614747	0.4045989169685072	0.0	0.0	0.0	0.0	0.0	0.0	0.4045989169685072	0.0	0.0	0.2478048071614747	0.0	0.0	0.2478048071614747	0.5195577148602054	0.0	0.0
SRR13357929	0.0	0.0	0.0	0.6351965323067867	1.2284591609033408	0.0	0.0	0.0	1.74868865021747	4.3248424891158574	2.584853243895305	0.0	0.0	0.0	0.0	0.0	0.7998524640453435	0.0	0.0	0.0	0.0	0.0	3.5876496098081727	0.0	1.5076016048832614	0.47571278334702083	0.0	0.0	2.2908904120387947	0.0	0.0	0.22100421505295076	2.2223449480639625	0.0	0.0	0.562734689419256	3.9990279266655477	1.4603566569753856	0.0	0.0	0.0	0.22100421505295076	0.22100421505295076	0.0	0.0	0.47571278334702083	0.366769803998282	3.301874209891279	0.0	0.0	0.0	0.0	0.0	0.0	0.0	0.0	0.0	0.0	0.0	0.0	0.0	0.22100421505295076	0.0	0.0	0.366769803998282	1.6821761749512987	0.0	0.0
SRR13357930	0.0	0.0	0.25120855909963713	0.8612881807972064	0.9460762292225371	0.0	0.0	0.0	1.6951362469389184	4.430756864349794	2.3521925279432514	0.0	0.0	0.0	0.0	0.0	1.105459897018648	0.0	0.0	0.0	0.0	0.0	3.5901852244993644	0.0	1.2008905181682168	0.6162590651365567	0.25120855909963713	0.0	2.2427355536637803	0.0	0.0	0.25120855909963713	1.7468399662189187	0.0	0.25120855909963713	0.8117522001921461	3.7133883816254043	2.1933486848250974	0.0	0.0	0.0	0.25120855909963713	0.0	0.40933616363230696	0.0	0.0	0.0	3.0703528003154146	0.0	0.0	0.0	0.0	0.0	0.0	0.0	0.0	0.0	0.0	0.0	0.0	0.0	0.0	0.0	0.0	0.5250065288300096	0.9057480915242797	0.0	0.0
SRR13357931	0.0	0.0	0.0	0.3231377133159064	1.0390177515024666	0.0	0.0	0.0	1.7050084227243727	4.293879109921212	2.568066538805185	0.0	0.0	0.0	0.0	0.0	0.8143959920455515	0.0	0.0	0.3231377133159064	0.0	0.0	3.249944713309495	0.0	1.0807872062303194	0.7338215729693274	0.0	0.0	2.631870208483857	0.0	0.0	0.7338215729693274	1.5604119393482283	0.0	0.0	0.7338215729693274	3.8729564577489373	2.506896177879095	0.0	0.0	0.0	0.0	0.0	0.5063550048589595	0.0	0.0	0.3231377133159064	3.316355288557444	0.0	0.0	0.0	0.0	0.3231377133159064	0.3231377133159064	0.3231377133159064	0.0	0.0	0.0	0.0	0.6348133847340126	0.0	0.0	0.0	0.0	0.6348133847340126	3.7540994762190816	0.0	0.0
SRR13357932	0.0	0.0	0.0	1.7394675566149136	0.6620444692217268	0.0	0.0	0.0	3.743483135429123	4.277841922162851	3.062947609910078	0.0	0.2783219689312359	0.0	0.0	0.0	1.1605192146069268	0.0	0.2783219689312359	0.0	0.0	0.0	3.857619581955281	0.0	0.9130134142857194	0.5675365987023511	0.0	0.0	1.5673146636892292	0.0	0.0	0.2783219689312359	1.746516407846605	0.0	0.0	0.7396168736101562	1.5879435209276667	2.08080310480041	0.44657214100470755	0.0	0.0	0.8054108307030856	0.0	0.0	0.0	0.0	0.6620444692217268	3.6730856685658755	0.0	0.0	0.0	0.0	0.0	0.0	0.0	0.0	0.0	0.2783219689312359	0.0	0.2783219689312359	0.0	0.0	0.0	0.0	0.0	0.2783219689312359	0.0	0.0
SRR13357933	0.0	0.0	0.0	1.1161328792792675	0.6481007770624938	0.4351548501436897	0.0	0.0	2.158557877275146	4.4083443133128295	2.731416100829546	0.0	0.0	0.0	0.0	0.0	0.9831010902306032	0.0	0.0	0.0	0.0	0.0	3.8200592446808024	0.0	1.6270393433043593	0.0	0.0	0.0	1.6770514254563331	0.0	0.0	0.0	1.217827308553642	0.0	0.0	0.9831010902306032	3.453037573615021	1.8228186834369797	0.0	0.0	0.0	1.217827308553642	0.0	0.0	0.0	0.0	0.6481007770624938	2.5557276856604143	0.0	0.0	0.0	0.0	0.0	0.0	0.0	0.0	0.0	0.0	0.0	0.0	0.0	0.0	0.0	0.0	0.0	3.205674925473232	0.0	0.0
SRR13357936	0.0	0.0	0.0	4.0979712913742015	1.1411761348254006	0.653421526550944	0.0	0.0	4.333726050593001	2.3569306505223087	2.3701016361840614	0.0	0.0	0.0	0.0	0.0	0.0	0.33593681378876006	0.8348620052174016	0.0	0.0	0.0	2.5094704029013335	0.0	1.1411761348254006	0.0	0.0	0.8348620052174016	1.0144831542095676	0.0	0.0	0.5230668613044152	1.3651206664539266	0.0	0.0	0.5230668613044152	1.4626574469669822	3.455113477992816	0.0	0.0	0.0	0.33593681378876006	0.0	0.0	0.0	0.0	1.512143807628776	1.5422560360581299	0.0	0.0	0.0	0.0	0.0	0.0	0.33593681378876006	0.0	0.0	0.0	0.0	0.0	0.0	0.0	0.0	0.0	1.0144831542095676	0.903325119293071	0.0	0.0
SRR13357938	0.0	0.0	0.0	1.4104186245156947	0.9823301781432319	0.0	0.0	0.0	2.1104024284194978	4.225459083652745	2.9871283897610557	0.0	0.0	0.0	0.0	0.0	1.5746739878409692	0.0	0.0	0.0	0.0	0.0	3.772147171973265	0.4983554650704144	0.0	1.1081180423081811	0.0	0.0	0.6258769392036762	0.0	0.0	0.724329254187379	1.621759688861729	0.0	0.0	1.3086269791107237	2.834200173265314	2.084283943447347	0.0	0.0	0.0	1.3725147092424221	0.0	0.0	0.0	0.0	0.4983554650704144	4.117617963780502	0.0	0.0	0.0	0.0	0.0	0.31705219075826907	0.0	0.0	0.0	0.31705219075826907	0.31705219075826907	0.31705219075826907	0.0	0.0	0.0	0.0	0.6258769392036762	0.31705219075826907	0.0	0.0
SRR13357939	0.0	0.0	0.0	0.9144849296509853	0.9144849296509853	0.0	0.0	0.0	4.430775337155039	1.855423862482143	2.351396403161624	0.0	0.0	0.0	0.0	0.0	0.5893990957807886	0.0	0.0	0.0	0.0	0.0	3.479209226969179	0.0	0.3878409925097559	0.5893990957807886	0.0	0.0	0.5893990957807886	0.0	0.0	0.0	1.2626986213552576	0.0	0.0	0.3878409925097559	1.0452350448931698	2.3429464562863496	0.0	0.0	0.0	0.0	0.0	0.0	0.0	0.0	0.7265322886614222	3.8669261516971747	0.0	0.0	0.0	0.0	0.0	0.0	0.0	0.0	0.0	0.0	0.0	0.5893990957807886	0.0	0.0	0.0	0.0	0.5893990957807886	0.5893990957807886	0.0	0.0
SRR13357940	0.0	0.0	0.0	1.2653089173890288	1.082281700362402	0.0	0.0	0.0	3.750958874403417	3.848974831860399	3.375370700582509	0.0	0.0	0.0	0.0	0.0	1.4926277656252958	0.6198674277932097	0.0	0.0	0.0	0.0	4.111506051467525	0.0	0.6198674277932097	1.4926277656252958	0.0	0.0	0.0	0.0	0.0	0.0	3.2289100195460163	0.0	0.0	1.8190971768711723	3.102022261378096	3.4026084462764707	0.0	0.0	0.0	0.0	0.41224389204780937	0.0	0.0	0.0	0.0	3.630819438327033	0.0	0.0	0.0	0.0	0.0	0.0	0.0	0.0	0.0	0.41224389204780937	0.0	0.0	0.0	0.0	0.0	0.0	0.41224389204780937	0.0	0.0	0.0
SRR13357941	0.0	0.0	0.0	1.012822632686534	0.6739292615602741	0.0	0.0	0.0	2.0621521523284474	4.369075144289504	2.5855461219150704	0.0	0.28554952161841973	0.0	0.28554952161841973	0.0	1.0503650343027842	0.0	0.0	0.0	0.0	0.0	3.991475286589473	0.28554952161841973	0.28554952161841973	0.0	0.0	0.28554952161841973	0.5786273130821394	0.28554952161841973	0.0	0.28554952161841973	2.540263294638568	0.0	0.0	0.7520351471496576	0.4563555228433305	2.3284450682095743	0.0	0.0	0.0	0.5786273130821394	0.0	0.28554952161841973	0.0	0.0	0.6739292615602741	3.5562984077424007	0.0	0.0	0.0	0.28554952161841973	0.0	0.0	0.0	0.0	0.0	0.28554952161841973	0.0	0.6739292615602741	0.0	0.0	0.0	0.0	0.7520351471496576	0.9263282003951205	0.0	0.0
SRR13357943	0.29099839176235276	0.0	0.0	2.141210891179221	0.6828062962162698	0.0	0.0	0.0	4.401435884336434	3.470226612338808	1.6876770681274609	0.0	0.0	0.0	0.0	0.0	0.4636936210680736	0.0	0.0	0.0	0.0	0.0	3.7455951253506017	0.0	0.5869243321982436	0.0	0.0	0.0	0.0	0.0	0.0	0.0	0.827756431137487	0.0	0.0	0.29099839176235276	0.29099839176235276	1.548462632315436	0.0	0.0	0.0	0.0	0.0	0.0	0.0	0.0	1.0229774780491223	3.5962851408459304	0.0	0.0	0.0	0.0	0.0	0.0	0.0	0.0	0.0	0.29099839176235276	0.0	0.29099839176235276	0.0	0.0	0.0	0.0	0.29099839176235276	0.4636936210680736	0.0	0.0
SRR13357944	0.0	0.0	0.0	2.6943518511658984	1.2864081683445687	0.0	0.0	0.0	2.944386996399753	4.103343871212466	1.1365758004488817	0.0	0.0	0.0	0.0	0.0	1.4860431878092457	0.0	0.0	0.0	0.0	0.0	3.3569610308745834	0.0	0.3821258335324321	0.3821258335324321	0.0	0.0	2.970072030451446	0.0	0.0	0.5822006286772882	3.0812232783320344	0.0	0.0	0.7186520752831576	3.651108955530375	2.6582160087209092	0.0	0.0	0.0	0.0	0.0	0.5822006286772882	0.3821258335324321	0.0	0.3821258335324321	3.1910775282974653	0.0	0.0	0.0	0.0	0.0	0.0	0.0	0.0	0.0	0.0	0.0	0.5822006286772882	0.0	0.0	0.3821258335324321	0.0	0.0	4.110052210693492	0.0	0.0
SRR13357945	0.0	0.0	0.33856539648082873	1.5885797514281899	1.2437237939914934	0.0	0.0	0.0	3.123562579429964	4.368152386666408	1.0188824054218049	0.0	0.0	0.0	0.33856539648082873	0.0	2.1649688988314684	0.0	0.0	0.0	0.0	0.0	3.61063769437427	0.526480586563899	0.33856539648082873	1.2720320231060915	0.0	0.0	2.5127515470833295	0.0	0.0	0.33856539648082873	1.0188824054218049	0.0	0.0	1.9633254236745432	3.8677440530942215	2.767430926441696	0.0	0.0	0.0	0.0	0.0	0.526480586563899	0.0	0.0	0.33856539648082873	2.5956307421015663	0.0	0.0	0.0	0.0	0.0	0.0	0.0	0.0	0.0	0.907587640369171	0.0	0.757562037647072	0.0	0.0	0.0	0.0	0.757562037647072	2.139700988110545	0.0	0.0
SRR13357946	0.0	0.0	0.0	1.4709186836544925	1.2587510366951662	0.0	0.0	0.0	2.3272607039149635	4.445178289927994	1.0944653519818093	0.0	0.0	0.0	0.0	0.0	1.8424782326395606	0.5863012812167862	0.0	0.0	0.0	0.0	3.1500144615183223	0.5863012812167862	0.827040670478584	0.5863012812167862	0.0	0.0	2.9174033856492216	0.0	0.0	0.5863012812167862	0.827040670478584	0.0	0.5863012812167862	1.6694966865091017	3.716373357865453	3.1237596391572566	0.0	0.0	0.0	0.0	0.0	0.9810197492268851	0.0	0.0	0.0	2.9128770857907313	0.0	0.0	0.0	0.0	0.0	0.0	0.0	0.0	0.0	0.5863012812167862	0.0	0.827040670478584	0.0	0.5863012812167862	0.0	0.0	1.0944653519818093	1.2587510366951662	0.0	0.0
SRR13357947	0.0	0.0	0.0	1.724791503901154	1.169714769884005	0.0	0.0	0.0	3.596105915968629	3.9569058125126277	1.169714769884005	0.0	0.0	0.0	0.0	0.0	1.169714769884005	0.0	0.0	0.0	0.0	0.0	4.225915381202217	0.403337381208886	0.937333212990489	0.6087962907951733	0.0	0.0	2.8948735210474985	0.0	0.0	0.6087962907951733	1.2125241567202802	0.403337381208886	0.0	0.937333212990489	3.7218170589775283	2.8271711296918167	0.0	0.0	0.0	0.403337381208886	0.0	0.403337381208886	0.0	0.0	0.7477062301875657	3.0884943362576114	0.0	0.0	0.0	0.0	0.0	0.0	0.0	0.0	0.0	0.0	0.0	0.6087962907951733	0.0	0.0	0.0	0.0	0.403337381208886	0.0	0.0	0.0
SRR13357950	0.0	0.0	0.2215206730582565	2.4910104166312923	1.1131858782614032	0.0	0.2215206730582565	0.0	1.7985329313094967	4.392666834784928	2.5461354074304112	0.0	0.0	0.0	0.0	0.0	2.7871132157886502	0.0	0.0	0.2215206730582565	0.0	0.0	4.027520181030061	0.0	1.0406466978548712	1.1131858782614032	0.0	0.2215206730582565	2.811871192228561	0.0	0.0	0.2215206730582565	0.9845410540760651	0.0	0.0	1.4085808165758926	0.36750802859335274	2.207804908319991	0.0	0.0	0.0	0.6361909609978754	0.0	0.0	0.36750802859335274	0.0	0.6983136031954749	2.183876143065593	0.0	0.0	0.2215206730582565	0.0	0.0	0.2215206730582565	0.0	0.0	0.0	1.0134992687417124	0.2215206730582565	0.0	0.0	0.0	0.0	0.0	0.8443947150931775	2.2455184191392945	0.0	0.0
SRR13357955	0.0	0.0	0.0	1.5173498784303145	0.7449817951498197	0.0	0.0	0.0	2.4087373122398517	4.363792534057511	2.005582907371509	0.0	0.0	0.0	0.0	0.0	1.4525968323098282	0.0	0.0	0.0	0.0	0.0	3.998346488224347	0.0	0.7449817951498197	0.0	0.0	0.0	0.0	0.0	0.0	0.0	2.6971510591087573	0.0	0.0	1.4525968323098282	1.1666203877926997	1.9855836386920298	0.0	0.0	0.0	2.139136647510319	0.0	0.0	0.0	0.0	1.005078325619585	3.5499534777883293	0.0	0.0	0.0	0.0	0.0	0.0	0.0	0.0	0.0	0.0	0.0	0.0	0.0	0.0	0.0	0.0	1.8688850428025532	1.3764683290169601	0.0	0.0
SRR13357956	0.0	0.0	0.0	1.0858628938568895	1.2109522977726526	0.0	0.0	0.0	2.4337682107857335	4.408770418865499	0.7048069479061735	0.0	0.0	0.0	0.0	0.0	1.723148416241765	0.0	0.0	0.0	0.0	0.0	3.9016545363104487	0.3046872682694719	0.0	1.3871941718837744	0.0	0.0	0.3046872682694719	0.0	0.0	0.8513489215591803	1.6505724841238518	0.0	0.0	2.137564263241355	0.6075344152446531	2.333585791283111	0.0	0.0	0.0	0.0	0.3046872682694719	0.0	0.0	0.0	0.3046872682694719	2.533601782732142	0.0	0.0	0.0	0.0	0.0	0.0	0.0	0.0	0.0	0.7842297057169112	0.0	0.6075344152446531	0.0	0.0	0.0	0.0	0.3046872682694719	3.5024095749438464	0.0	0.0
SRR13357957	0.0	0.0	0.0	2.3466233681647175	1.4954459857547464	0.4799389892408106	0.0	0.0	2.2243025657433346	2.1147769317224565	1.8170685222620493	0.0	0.4799389892408106	0.0	0.0	0.0	1.25925892135127	0.0	0.0	0.0	0.0	0.0	4.487621482008364	0.30314500860721005	1.1178399815293272	0.30314500860721005	0.0	0.0	1.1500477547659866	0.0	0.0	1.1500477547659866	2.588540064122427	0.0	0.30314500860721005	0.6052286607011149	0.6052286607011149	3.638393672435212	0.0	0.0	0.0	0.6052286607011149	0.0	1.208077220156665	0.0	0.0	0.9579954407993103	3.2300432704964352	0.0	0.30314500860721005	0.4799389892408106	0.0	0.0	0.0	0.0	0.0	0.0	0.30314500860721005	0.30314500860721005	1.451227804638708	0.0	0.0	0.30314500860721005	0.30314500860721005	0.7816705712622556	0.7023490985847479	0.0	0.0
SRR13357958	0.0	0.0	0.0	3.2708614887349823	2.2067760101441576	0.0	0.0	0.0	3.7671799291196146	2.6636508566734762	2.677556880574133	0.0	0.0	0.0	0.0	0.0	0.0	0.0	0.0	1.0413470694273455	0.0	0.0	2.7603723929745736	1.2040729413562503	0.0	1.2040729413562503	0.0	0.0	2.133489099776583	0.0	0.0	1.6127349030643283	1.9084354608226426	0.0	1.0413470694273455	0.7781094361466734	1.8512088779181364	4.440559832524235	0.0	0.0	0.0	0.0	0.0	1.9344488571694751	0.0	0.0	2.245462775362847	1.8194945182838038	0.7781094361466734	0.0	1.0413470694273455	0.0	0.0	0.7781094361466734	0.0	0.0	0.0	0.0	0.0	2.3138172863960866	0.0	0.7781094361466734	0.0	0.0	1.0413470694273455	1.0413470694273455	0.0	0.0
SRR13357959	0.0	0.0	0.0	2.2982930204596577	0.3296941816176114	0.0	0.0	0.0	3.988122188595042	3.652796156661871	1.6775589779396924	0.0	0.0	0.0	0.0	0.0	0.8249250348781373	0.0	0.0	0.0	0.0	0.0	4.1936940059201	0.0	1.1979402566739126	0.6443766782737698	0.3296941816176114	0.0	0.5149346268790983	0.0	0.0	0.5149346268790983	2.5550750854418727	0.3296941816176114	0.0	0.5149346268790983	1.545229329184863	2.731221369069686	0.0	0.0	0.0	0.5149346268790983	0.0	0.0	0.0	0.0	0.6443766782737698	3.8348522151119373	0.0	0.0	0.0	0.5149346268790983	0.0	0.0	0.0	0.0	0.0	0.0	0.0	0.0	0.0	0.0	0.0	0.0	1.282923635406222	0.5149346268790983	0.0	0.0
SRR13357960	0.0	0.0	0.0	2.571169790436735	0.6778261685949739	0.0	0.0	0.0	4.209162581219008	2.7856923062518133	1.729761096781122	0.0	0.0	0.0	0.0	0.0	0.7561036837457621	0.0	0.28793621051914203	0.0	0.0	0.0	4.065074531248574	0.0	2.134962457498427	0.4595736532589431	0.0	0.0	0.0	0.0	0.0	1.1214879698198743	1.3363239813267485	0.28793621051914203	0.0	0.28793621051914203	1.737305948005941	3.5576306090016816	0.0	0.0	0.0	0.0	0.0	0.0	0.0	0.0	0.6778261685949739	3.717390163310019	0.0	0.0	0.0	0.0	0.0	0.0	0.0	0.0	0.0	0.0	0.0	0.28793621051914203	0.0	0.0	0.28793621051914203	0.0	1.1214879698198743	0.4595736532589431	0.0	0.0
SRR13357961	0.0	0.0	0.0	2.3849434673232404	0.2496736156379568	0.0	0.0	0.0	4.3459999094758475	3.881583911319564	1.5062037552531748	0.0	0.0	0.0	0.0	0.0	0.6136065356979699	0.0	0.2496736156379568	0.0	0.0	0.0	3.875064652286413	0.0	1.3101320227564721	0.4072016725873864	0.0	0.0	0.2496736156379568	0.0	0.0	0.688839445699654	1.2932883681765395	0.0	0.0	0.6136065356979699	1.2932883681765395	1.6985132303923072	0.0	0.0	0.0	0.4072016725873864	0.0	0.0	0.0	0.0	0.52255252720719	2.3410804540107266	0.0	0.0	0.0	0.0	0.0	0.0	0.0	0.0	0.0	0.0	0.2496736156379568	0.0	0.0	0.0	0.0	0.0	0.8582693132256827	0.4072016725873864	0.0	0.0
SRR13357962	0.0	0.0	0.22508020728792602	2.891306388886218	3.021004027975407	0.0	0.0	0.0	1.9826147928992102	4.010616802545773	2.8121609393464126	0.0	0.0	0.0	0.0	0.0	1.1835942614547708	0.0	0.0	0.0	0.0	0.0	4.307853128382295	0.0	1.9764313506166418	0.7599546612243581	0.3725858266341582	0.3725858266341582	1.2863684470238095	0.0	0.0	0.7054090528287449	3.5442954509567643	0.3725858266341582	0.0	0.7054090528287449	0.4824937363819335	1.5518745554444926	2.0291474850080915	0.0	0.0	0.5701290399412118	0.0	0.0	0.0	0.0	0.9278964875203488	2.9849866256002913	0.0	0.22508020728792602	0.0	0.0	0.0	0.0	0.0	0.0	0.0	0.0	0.3725858266341582	0.0	0.0	0.0	0.0	0.0	1.1835942614547708	0.8084076618456526	0.0	0.0
SRR13357966	0.0	0.0	0.0	1.4729178437168635	2.803615334159454	0.2781176891729108	0.0	0.0	1.5974808268152327	4.395004054749025	0.8050466074348641	0.0	0.2781176891729108	0.0	0.0	0.0	1.1025660908837065	0.0	0.0	0.0	0.0	0.2781176891729108	3.996933340510856	0.0	0.9578456670813885	0.8621635830566432	0.0	0.0	0.4462947823673216	0.0	0.0	0.2781176891729108	2.701950468564653	0.7392637108775137	0.0	1.297577117774397	0.8050466074348641	2.1680460317367567	0.0	0.0	0.0	2.1759132091268625	0.0	0.0	0.0	0.0	1.2564093398590586	3.195965411623407	0.0	0.0	0.0	0.0	0.0	0.0	0.0	0.0	0.0	0.4462947823673216	0.0	0.2781176891729108	0.0	0.0	0.0	0.0	0.0	0.4462947823673216	0.0	0.0
SRR13357967	0.0	0.2641721855576758	0.0	2.6150004142391654	1.5779480453797576	0.2641721855576758	0.0	0.0	1.944856245767931	4.247561689578815	1.832389656212827	0.0	0.0	0.0	0.0	0.0	0.9718631518980901	0.0	0.2641721855576758	0.0	0.0	0.0	3.897844715030334	0.8363789602733737	1.7813670658289953	0.7798561059697137	0.0	0.0	1.0090228861590576	0.0	0.0	0.9718631518980901	1.5779480453797576	0.2641721855576758	0.6383960477778695	1.0090228861590576	0.6383960477778695	3.353453868613523	0.0	0.0	0.0	1.388162777808015	0.0	1.269106457424573	0.0	0.0	0.2641721855576758	2.8451710143824775	0.0	0.0	0.2641721855576758	0.0	0.0	0.2641721855576758	0.0	0.0	0.0	0.0	0.2641721855576758	1.3730260608831124	0.0	0.2641721855576758	0.2641721855576758	0.0	0.0	3.9321529257880448	0.0	0.0
SRR13357969	0.0	0.0	0.4315883187423185	2.076447646405462	1.603492074925962	0.0	0.0	0.0	2.1063746180678775	4.437485369801977	2.4114696266688744	0.0	0.0	0.0	0.0	0.0	1.4505930595418945	0.0	0.2673356040070988	0.0	0.0	0.0	3.9848546137206284	0.0	0.7856279887802254	0.4315883187423185	0.0	0.0	0.6437282500135016	0.0	0.0	0.4315883187423185	2.0202998685228484	0.0	0.0	0.8422901058174943	1.0813140567083392	1.6472421783014117	0.0	0.0	0.0	0.8924054935145254	0.2673356040070988	0.0	0.8924054935145254	0.0	0.6437282500135016	2.0023029838865734	0.0	0.0	0.0	0.0	0.0	0.0	0.0	0.2673356040070988	0.0	0.6437282500135016	0.5504845257183882	0.0	0.0	0.0	0.0	0.0	0.4315883187423185	0.7204479951216116	0.0	0.0
SRR13357970	0.0	0.0	0.24407031184342756	1.437683300163293	0.9315415056841608	0.0	0.0	0.0	2.051601418413711	4.418424954615257	2.260070133587633	0.0	0.0	0.0	0.0	0.0	1.6651105030192186	0.0	0.5135496456327948	0.0	0.0	0.0	4.008485354672211	0.0	1.6651105030192186	0.7979009501504817	0.0	0.0	2.6077039037625473	0.0	0.0	0.24407031184342756	2.133524350522588	0.24407031184342756	0.0	1.2978504654646303	0.24407031184342756	1.4721455231570708	0.0	0.0	0.0	1.5792582322686448	0.3993844910737798	0.0	0.24407031184342756	0.0	0.5135496456327948	2.6312987367171154	0.0	0.0	0.0	0.0	0.0	0.3993844910737798	0.0	0.24407031184342756	0.0	0.3993844910737798	0.3993844910737798	0.0	0.0	0.0	0.0	0.0	0.5135496456327948	1.373370609243088	0.0	0.0
SRR13357971	0.0	0.0	0.0	1.9343378724411926	0.6334418134238334	0.0	0.0	0.0	2.582199238909185	4.387068008889449	2.5388531645380996	0.0	0.0	0.0	0.0	0.0	1.79844383436763	0.0	0.0	0.0	0.0	0.0	4.070971381919229	0.0	1.5811760471112204	0.7096659279128765	0.0	0.2612471756656917	2.2709352909008453	0.0	0.0	0.4232242587279919	2.206926228864812	0.0	0.0	1.300453810158452	0.7096659279128765	1.5995763452996659	0.0	0.0	0.0	1.871684593932455	0.0	0.0	0.0	0.0	0.5409300835267946	2.503245241577922	0.0	0.0	0.0	0.0	0.0	0.0	0.0	0.2612471756656917	0.0	0.5409300835267946	0.0	0.0	0.0	0.0	0.0	0.0	0.5409300835267946	1.5418574061417463	0.0	0.0
SRR13357972	0.2532628776934121	0.0	0.0	3.4176298004432906	0.8156992693043725	0.0	0.0	0.0	2.514781828063715	4.16441648638005	3.3525249474346137	0.0	0.0	0.2532628776934121	0.2532628776934121	0.0	2.383229516837667	0.2532628776934121	0.5282827972986172	0.0	0.0	0.0	3.6726532023298795	0.0	2.039261531997684	0.6197985000224	0.0	0.0	2.175621173827943	0.0	0.0	0.5282827972986172	2.3613470373100127	0.0	0.0	1.5821705765116731	0.6197985000224	1.952643700358535	0.0	0.0	0.0	1.3010421727973456	0.0	0.0	0.0	0.0	0.5282827972986172	2.8193373380816182	0.0	0.0	0.0	0.0	0.0	0.0	0.0	0.0	0.0	0.5282827972986172	0.4121883040408034	0.0	0.0	0.0	0.0	0.0	0.4121883040408034	4.074103609000568	0.0	0.0
SRR13357975	0.0	0.0	0.0	0.685350382396748	0.8988423304416195	0.0	0.0	0.0	1.6207989021856255	4.225335796105919	0.7493310255958932	0.0	0.0	0.0	0.0	0.0	1.5324031176262682	0.0	0.0	0.0	0.0	0.0	4.2158489255545994	0.0	0.0	1.1240481962687983	0.0	0.0	0.6102879992343078	0.0	0.0	0.24775883799448337	2.9861269245393203	0.24775883799448337	0.0	1.1715589427863051	3.4061273480338827	2.1631486793631605	0.0	0.0	0.0	0.24775883799448337	0.24775883799448337	0.24775883799448337	0.0	0.0	0.685350382396748	2.94718623155424	0.0	0.0	0.4045348385810337	0.0	0.0	0.0	0.0	0.0	0.0	0.5194839501095956	0.0	0.24775883799448337	0.0	0.0	0.0	0.0	0.5194839501095956	0.5194839501095956	0.0	0.0
SRR13357977	0.0	0.0	0.0	1.8239573961506854	1.0861623950084993	0.0	0.0	0.0	2.487112585397381	2.317487238896929	1.2592313612706627	0.0	0.0	0.0	0.0	0.0	1.4087113426226785	0.0	0.0	0.0	0.0	0.0	4.519642146454558	0.0	0.7940750960011642	0.39665154502680805	0.0	0.6004488136012942	0.7386047442380813	0.0	0.0	0.7386047442380813	3.2665465462978203	0.24211810773866227	0.0	0.39665154502680805	0.39665154502680805	2.6410611803846518	0.0	0.0	0.0	0.9275228009892927	0.0	0.5103963324332323	0.0	0.0	1.1119595139562217	3.0954564820408548	0.0	0.0	0.39665154502680805	0.0	0.0	0.0	0.0	0.0	0.0	0.24211810773866227	0.0	0.6004488136012942	0.0	0.0	0.0	0.24211810773866227	0.5103963324332323	2.792690345936429	0.0	0.0
SRR13357978	0.0	0.0	0.0	1.594569563580833	0.7626412596047101	0.0	0.0	0.0	2.3793367670848937	1.926019933755219	0.5881261641508635	0.0	0.0	0.0	0.0	0.0	0.886789764099126	0.0	0.0	0.0	0.0	0.0	4.544612126740899	0.0	0.5881261641508635	0.5881261641508635	0.0	0.464757891530459	0.6840911655987345	0.0	0.0	0.29179062545686113	2.9979543344692603	0.0	0.0	0.29179062545686113	0.0	2.1717752400732624	0.0	0.0	0.0	2.5388804882364244	0.0	0.0	0.0	0.0	1.1288096826650613	2.989513331465742	0.0	0.0	0.0	0.0	0.0	0.0	0.0	0.0	0.0	0.0	0.6840911655987345	0.0	0.0	0.0	0.0	0.0	0.7626412596047101	0.464757891530459	0.0	0.0
SRR13357979	0.0	0.0	0.0	1.8194926990353424	3.1520735392753947	0.0	0.0	0.0	2.312623687760862	3.7695063475372343	2.360822447423274	0.0	0.0	0.0	0.0	0.0	0.9210530680686765	0.0	0.4908743147564014	0.0	0.0	0.7952755858559305	4.445627995734328	0.0	2.9644357696772152	0.8627018570204342	0.0	0.3113854053662091	1.8125387163266464	0.0	0.0	0.3113854053662091	1.9933847338918755	1.2497408073608316	0.0	0.8627018570204342	0.0	2.0616805191355927	0.0	0.0	0.0	2.362801428493133	0.0	0.0	0.0	0.0	1.1952258692612339	2.8580290174865217	0.0	0.0	0.0	0.0	0.0	0.0	0.0	0.0	0.0	0.0	0.3113854053662091	0.3113854053662091	0.0	0.0	0.0	0.0	0.3113854053662091	0.9724848128021893	0.0	0.0
SRR13357983	0.0	0.0	0.6340777845617078	3.2192342947966663	1.1916344188424004	0.0	0.22042387122274434	0.0	1.636661149004314	4.270055397305384	2.818384408238513	0.0	0.0	0.0	0.22042387122274434	0.0	1.448853207507298	0.0	0.22042387122274434	0.22042387122274434	0.0	0.0	4.117167677154546	0.0	1.3048138915296434	1.1106480895604613	0.22042387122274434	0.22042387122274434	2.417497828083807	0.0	0.0	0.36593981073126003	2.513635796731985	0.22042387122274434	0.0	1.2598659756294737	0.36593981073126003	2.1224789429882738	0.0	0.0	0.0	1.6021820087556362	0.0	0.0	0.0	0.0	0.22042387122274434	3.4713745367794586	0.0	0.22042387122274434	0.0	0.36593981073126003	0.0	0.4747438535911134	0.0	0.0	0.0	0.4747438535911134	0.6340777845617078	0.22042387122274434	0.0	0.0	0.0	0.22042387122274434	1.1727592414648127	0.22042387122274434	0.0	0.0
SRR13357984	0.3461563146363594	0.0	0.0	3.7348321025392126	1.444324169648152	0.0	0.0	0.0	3.2919692306271604	4.297197772316545	2.37563622249346	0.0	0.3461563146363594	0.0	0.0	0.0	0.7690802953033671	0.0	0.0	0.0	0.0	0.0	3.958788490418357	0.0	0.8509508554128375	0.5363045974961937	0.0	0.0	1.8771333529056042	0.0	0.0	0.3461563146363594	2.130621417224507	0.5363045974961937	0.0	1.3118368830891272	0.9792279838399258	2.9371503526689864	0.0	0.0	0.0	0.3461563146363594	0.0	1.0314876251469767	0.0	0.0	1.0314876251469767	1.7374771314942752	0.0	0.0	0.0	0.0	0.0	0.0	0.0	0.0	0.0	0.3461563146363594	0.3461563146363594	1.120243134078249	0.0	0.0	0.0	0.0	1.078128783213583	2.1105710930242743	0.0	0.0
SRR13357986	0.0	0.0	0.28110050286696914	2.6239168921061764	1.5730087344991048	0.4503400484033757	0.0	0.28110050286696914	2.650350938488832	3.784225135514825	2.420228196757209	0.0	0.28110050286696914	0.0	0.0	0.0	0.0	0.0	0.0	0.0	0.0	0.28110050286696914	4.164253924634351	1.0044483244779683	0.8675892716793128	0.0	0.0	0.0	1.632189778859456	0.0	0.0	0.8675892716793128	4.079529097752385	0.28110050286696914	0.4503400484033757	1.0764053358282535	0.0	3.586455803936168	0.0	0.0	0.0	0.0	0.0	1.2834347903976384	0.0	0.0	1.3757985813491056	1.5285391641186086	0.0	0.0	0.0	0.28110050286696914	0.0	0.0	0.0	0.0	0.0	0.0	0.28110050286696914	1.392128258539067	0.0	0.571811960805216	0.28110050286696914	0.0	1.3035459643174532	0.28110050286696914	0.0	0.0
SRR13357987	0.0	0.0	0.0	1.621426709068171	1.91244004069349	0.0	0.0	0.0	3.6792759653772245	4.428982752274423	2.2738891133527237	0.0	0.2803967951523196	0.0	0.0	0.0	0.5707305495233926	0.0	0.0	0.0	0.0	0.0	2.061857587324631	0.7431970410636833	0.44938657714888797	0.7431970410636833	0.0	0.0	1.2387896420782214	0.0	0.0	0.9621240353358795	0.7431970410636833	0.0	0.8663119853509558	0.7431970410636833	0.5707305495233926	3.7542162618166715	0.0	0.0	0.0	0.0	0.0	1.5152389607297718	0.0	0.2803967951523196	0.44938657714888797	1.52710492597945	0.0	0.0	0.0	0.2803967951523196	0.0	0.0	0.0	0.2803967951523196	0.0	0.0	0.0	1.7577493315175716	0.0	0.0	0.0	0.0	0.0	0.7431970410636833	0.0	0.0
SRR13357991	0.0	0.0	0.0	2.5808201987930124	1.7030092054729893	0.0	0.0	0.0	2.6196405262059783	4.389466336060447	2.4562613478456594	0.0	0.0	0.0	0.0	0.0	0.8411130877772347	0.0	0.0	0.0	0.0	0.0	3.9504099080430923	0.0	0.9501092618632043	0.6952518561701062	0.0	0.0	0.9501092618632043	0.0	0.0	1.0371650414491538	2.7003645050573057	0.0	0.4740250127044107	0.8411130877772347	0.8411130877772347	3.42137208920634	0.0	0.0	0.0	0.0	0.0	1.4268842970749651	0.0	0.0	1.0371650414491538	1.8704709477472357	0.0	0.0	0.4740250127044107	0.0	0.0	0.0	0.0	0.0	0.0	0.0	0.0	1.5140029846025924	0.0	0.0	0.0	0.0	1.2260713122155737	0.6952518561701062	0.0	0.0
SRR13357992	0.0	0.0	0.0	3.1988817241044134	0.0	0.0	0.0	0.0	3.1988817241044134	4.3125714074624275	0.0	0.0	0.0	0.0	0.0	0.0	0.0	0.0	0.0	0.0	0.0	0.0	3.8976318905800786	0.0	0.0	0.0	0.0	0.0	3.1988817241044134	0.0	0.0	0.0	0.0	0.0	0.0	0.0	3.1988817241044134	0.0	0.0	0.0	0.0	0.0	0.0	0.0	0.0	0.0	0.0	3.499774334146955	0.0	0.0	0.0	0.0	0.0	0.0	0.0	0.0	0.0	0.0	0.0	0.0	0.0	0.0	0.0	0.0	0.0	0.0	0.0	0.0
SRR13357996	0.0	0.0	0.2889740383437245	0.6795164885809952	2.473934247177906	0.0	0.0	0.0	1.7888440628808653	4.254298759533503	3.5747780278279775	0.0	0.0	0.0	0.2889740383437245	0.0	0.7578679512139475	0.0	0.0	0.0	0.0	0.0	3.1943570334586218	0.0	0.46097110868795677	0.46097110868795677	0.0	0.0	2.46134746843889	0.0	0.0	0.5838481855783573	2.387261040617408	0.46097110868795677	0.0	0.6795164885809952	3.411715696763533	2.7977498005547643	0.0	0.0	0.0	0.0	0.0	0.46097110868795677	0.0	0.0	0.0	3.0601408179890837	0.0	0.0	0.0	0.0	0.0	0.5838481855783573	0.0	0.0	0.0	0.0	0.0	0.2889740383437245	0.0	0.0	0.0	0.0	0.2889740383437245	3.971620027596728	0.0	0.0
SRR13357997	0.2826545645360409	0.0	0.0	0.8131043703041816	2.5479998004728963	0.0	0.0	0.0	1.6444950410525587	4.313693954559654	3.1089033129725836	0.0	0.0	0.0	0.0	0.0	0.9210174064129683	0.2826545645360409	0.0	0.0	0.0	0.0	4.025924041454964	0.0	0.7470788696305111	0.2826545645360409	0.0	0.0	1.9881130238119846	0.0	0.0	0.45244374782269847	2.01968605630199	0.45244374782269847	0.2826545645360409	0.2826545645360409	0.45244374782269847	1.5866196302773088	0.0	0.0	0.0	2.1445388105911354	0.0	0.0	0.0	0.0	1.3619437583117067	2.780722690874391	0.45244374782269847	0.0	0.0	0.0	0.0	0.0	0.0	0.0	0.0	0.0	0.0	0.0	0.0	0.0	0.0	0.0	0.6691841535727325	3.601932661561381	0.0	0.0
SRR13357998	0.0	0.0	0.0	1.4646116705035859	2.003452548067125	0.0	0.0	0.0	3.2745760560030757	3.8516948610541197	2.596679256344704	0.0	0.0	0.0	0.9383586126712927	0.0	2.4739764817747685	0.0	0.0	0.0	0.0	0.0	4.17613263549186	0.0	0.9383586126712927	2.1669000642534857	0.0	0.0	1.050600419864265	0.0	0.0	0.9383586126712927	3.374852098395972	0.0	0.0	2.642045347825199	3.6573518325367855	2.988287862148863	0.0	0.0	0.0	0.0	0.7865990863704819	0.5513190608974754	0.0	0.0	0.7865990863704819	3.6600343409304634	0.0	0.0	0.0	0.0	0.0	0.0	0.0	0.0	0.0	1.2767486633590168	0.0	0.0	0.0	0.0	0.0	0.0	0.5513190608974754	0.7865990863704819	0.0	0.0
SRR13357999	0.0	0.0	0.0	0.8981049274732984	2.6024101916640747	0.0	0.0	0.0	1.823686889065202	4.245569095340179	2.901770304098741	0.0	0.0	0.0	0.0	0.0	0.9680361048100934	0.0	0.0	0.0	0.0	0.0	3.858406330330919	0.0	0.6487841839150604	0.22811013726446683	0.0	0.0	2.347855083035466	0.0	0.0	0.22811013726446683	1.6747534143618426	0.6487841839150604	0.0	0.9344765596223737	0.37689423468730027	1.583277720591718	0.0	0.0	0.0	2.0109688795880025	0.0	0.0	0.0	0.0	0.9344765596223737	3.3333345650867994	0.0	0.0	0.0	0.0	0.0	0.22811013726446683	0.0	0.0	0.0	0.0	0.0	0.22811013726446683	0.0	0.0	0.0	0.0	0.6487841839150604	3.965282145261082	0.0	0.0
SRR13358000	0.0	0.0	0.0	0.8896388235682977	2.8237791714714304	0.0	0.0	0.0	1.6095048451711758	3.999702450890063	3.1493651810878935	0.0	0.0	0.0	0.0	0.0	0.6412766635410345	0.0	0.2658791973539605	0.0	0.0	0.0	3.758098455100726	0.0	0.7829749759447883	0.42959154001097444	0.0	0.0	2.378669738906913	0.0	0.0	0.2658791973539605	2.0944618119060245	0.5482059378373043	0.0	0.5482059378373043	0.2658791973539605	1.9803863632416252	0.0	0.0	0.0	1.635736149378069	0.0	0.0	0.0	0.0	1.5084837218595428	2.686407722925169	0.5482059378373043	0.2658791973539605	0.0	0.2658791973539605	0.2658791973539605	0.0	0.0	0.2658791973539605	0.0	0.0	0.0	0.0	0.0	0.0	0.0	0.0	0.0	4.2795775551020965	0.0	0.2658791973539605
SRR13358004	0.0	0.0	0.0	1.8898461076275592	1.4883787126237955	0.0	0.0	0.0	2.022252282818061	4.296508729095729	3.1391300959010473	0.0	0.0	0.0	0.0	0.4952251294374998	1.0658970637726906	0.0	0.0	0.0	0.0	0.0	4.158208423419443	0.0	1.3874735288149989	0.0	0.4952251294374998	0.0	2.3469020087207917	0.0	0.0	0.4952251294374998	2.579475653159919	0.0	0.0	0.0	1.966100001748401	1.8898461076275592	0.0	0.0	0.0	0.8682388007261895	0.0	0.0	0.0	0.0	1.0658970637726906	3.1178223919287626	0.0	0.0	0.4952251294374998	0.0	0.0	0.0	0.0	0.0	0.0	0.0	0.0	0.0	0.0	0.0	0.0	0.0	0.0	0.720605823541374	0.0	0.0
SRR13358005	0.0	0.0	0.0	1.304498324350694	0.5725457080217676	0.0	0.0	0.0	1.4928880076350293	4.515219532829014	2.596768598915864	0.0	0.0	0.0	0.0	0.0	1.0053513586363068	0.0	0.0	0.0	0.0	0.0	3.5747754085775205	0.0	0.45098714699694886	0.2815783232401726	0.0	0.0	2.005882885642004	0.0	0.0	0.0	1.0053513586363068	0.2815783232401726	0.2815783232401726	0.9190354715447945	2.4586273210442315	1.5176436442691763	0.0	0.0	0.0	0.9190354715447945	0.0	0.0	0.0	0.0	0.2815783232401726	2.702984941128665	0.0	0.0	0.0	0.0	0.0	0.0	0.0	0.0	0.0	0.2815783232401726	0.0	0.0	0.0	0.0	0.0	0.0	0.2815783232401726	0.45098714699694886	0.0	0.0
SRR13358006	0.0	0.0	0.0	1.5340273556575506	3.16849091284019	0.0	0.0	0.0	2.10811508585043	4.1334252199934465	2.3513078939721344	0.0	0.0	0.0	0.0	0.0	1.2173096454314092	0.0	0.0	0.0	0.0	0.0	4.115270441241323	0.0	1.5478579681571358	0.7345341958673832	0.0	0.32359649977152993	1.9780295401597499	0.0	0.0	0.32359649977152993	2.286816894026212	0.6354847360829959	0.0	0.7345341958673832	1.611086989135777	1.9677987724304176	0.0	0.0	0.0	2.096725951425071	0.32359649977152993	0.0	0.0	0.0	0.32359649977152993	3.8928783992163503	0.0	0.0	0.0	0.0	0.0	0.32359649977152993	0.0	0.32359649977152993	0.0	0.32359649977152993	0.6354847360829959	0.32359649977152993	0.0	0.0	0.0	0.0	0.6354847360829959	2.9967638891217865	0.0	0.0
SRR13358007	0.0	0.0	0.0	1.8174096852203125	1.047092770393391	0.0	0.0	0.0	1.5772252384074732	4.249328509874223	1.5146027769886015	0.0	0.0	0.0	0.0	0.0	1.2426943116191382	0.0	0.3556747846791176	0.0	0.0	0.0	4.2568929918295595	0.0	1.047092770393391	0.5485529650557803	0.0	0.0	2.239225729203949	0.0	0.0	0.3556747846791176	2.195856455952228	0.3556747846791176	0.0	0.9349524248353025	2.801962307614307	2.0934639777079576	0.0	0.0	0.0	2.4884041978876255	0.0	0.0	0.0	0.0	0.5485529650557803	2.6984390872459003	0.0	0.0	0.0	0.0	0.0	0.0	0.0	0.3556747846791176	0.0	0.8657450873808881	0.0	0.0	0.0	0.3556747846791176	0.0	0.0	0.8657450873808881	0.6816479441866964	0.0	0.0
SRR13358009	0.0	0.0	0.0	1.126213590008305	1.76509422522639	0.6120558110143396	0.0	0.0	3.5754475591623573	3.4384804182366175	2.6020753016518445	0.0	0.0	0.0	0.40595498501478344	0.0	2.1118167984558394	0.0	0.0	0.0	0.0	0.0	4.344298840214027	0.0	0.7512559144689464	1.9107388153678604	0.0	0.0	1.0119676692894382	0.0	0.0	1.2165792186258482	3.1282116593684726	0.0	0.6120558110143396	2.2744684908741477	1.9501421885457861	3.320231692691305	0.0	0.0	0.0	0.0	0.0	1.173742525014142	0.0	0.0	0.6120558110143396	3.685557123118765	0.0	0.40595498501478344	0.40595498501478344	0.0	0.0	0.0	0.0	0.0	0.0	0.7512559144689464	0.0	1.173742525014142	0.0	0.0	0.0	0.40595498501478344	0.40595498501478344	0.8565032366701493	0.0	0.0
SRR13358010	0.0	0.0	0.0	3.8938020359101606	0.6438698682563364	0.0	0.0	0.0	2.312291048421262	3.4015401346783265	2.271541654273209	0.0	0.0	0.0	0.0	0.0	0.852944035852117	0.0	0.37322316702243025	0.22552786072928435	0.0	0.22552786072928435	4.4240294646007445	0.0	0.6438698682563364	0.7608686319677792	0.0	0.0	0.6438698682563364	0.0	0.0	0.5709377121780559	2.353491337254445	0.0	0.22552786072928435	1.3828947552410957	1.628711627179528	2.323665548520184	0.0	0.0	0.0	0.22552786072928435	0.0	0.37322316702243025	0.0	0.0	1.2216607188532238	1.6810453702303552	0.0	0.0	0.37322316702243025	0.22552786072928435	0.0	0.0	0.0	0.0	0.0	0.0	0.0	0.4832359046162875	0.0	0.0	0.0	0.0	0.6438698682563364	1.5002098290165244	0.0	0.0
SRR13358013	0.0	0.0	0.0	1.2777957202250076	1.0782544408977823	0.0	0.0	0.0	2.9370091067849686	4.238063038293086	3.1038180405686595	0.0	0.0	0.0	0.0	0.0	1.3607606900908766	0.0	0.0	0.0	0.0	0.0	4.228312309278901	0.0	0.9990900635184944	0.6981612661075416	0.0	0.0	0.6981612661075416	0.0	0.300524710785632	0.0	2.7249023768577785	0.0	0.0	0.4764474108241533	0.601301843384508	1.9627876725412856	0.0	0.0	0.0	1.7314013480670596	0.0	0.0	0.0	0.0	1.0782544408977823	1.567217925326447	0.0	0.0	0.4764474108241533	0.0	0.0	0.0	0.0	0.0	0.0	0.601301843384508	0.0	0.0	0.0	0.0	0.0	0.0	0.601301843384508	2.8843513798548157	0.0	0.0
SRR13358014	0.0	0.0	0.0	0.8850280214157267	0.7363492200003396	0.0	0.0	0.0	1.9469677970701944	4.315495779100556	3.0518082522068766	0.240940381528105	0.0	0.0	0.0	0.0	1.0836286152864076	0.0	0.240940381528105	0.0	0.0	0.0	4.107225573123875	0.0	0.6728215932922941	0.5983823978952152	0.0	0.0	0.395000429486345	0.0	0.0	0.240940381528105	2.4779794166243336	0.0	0.0	0.5983823978952152	0.240940381528105	1.916835201477967	0.0	0.0	0.0	0.240940381528105	0.0	0.240940381528105	0.0	0.0	0.5983823978952152	1.3663675398454793	0.0	0.0	0.240940381528105	0.395000429486345	0.0	0.0	0.0	0.0	0.0	0.7363492200003396	0.0	0.5084897676176438	0.0	0.240940381528105	0.0	0.0	0.240940381528105	3.4429467941723133	0.0	0.0
SRR13358015	0.0	0.0	0.0	1.3194939249606434	0.971542035194475	0.0	0.0	0.0	2.1056184800593485	4.381348973770059	3.291710008249431	0.0	0.0	0.0	0.0	0.0	0.7145702596410366	0.0	0.0	0.0	0.0	0.0	4.039980930414119	0.0	1.0590774832440217	0.7145702596410366	0.0	0.0	0.3108456248079865	0.0	0.0	0.49016007251044047	2.7605314452192946	0.0	0.0	0.9201244396191911	1.2971674527416281	2.0799470131577777	0.0	0.0	0.0	0.6167014770648394	0.0	0.49016007251044047	0.0	0.0	0.971542035194475	1.0175114678314847	0.0	0.0	0.0	0.3108456248079865	0.0	0.0	0.0	0.0	0.0	0.971542035194475	0.0	0.3108456248079865	0.0	0.0	0.0	0.0	0.3108456248079865	0.49016007251044047	0.0	0.0
SRR13358016	0.0	0.0	0.0	1.2645739458882952	2.494110360531721	0.30597909232667786	0.0	0.0	1.884773917193694	4.36150304844336	2.9513427274744237	0.0	0.30597909232667786	0.0	0.0	0.0	1.2397185182901476	0.0	0.0	0.0	0.0	0.60946264631098	4.026958343567935	0.0	2.2746073596034613	0.60946264631098	0.0	0.0	2.687428937106116	0.0	0.0	0.30597909232667786	2.2139015847291605	0.0	0.0	0.911714242595722	0.60946264631098	2.7266614736326975	0.0	0.0	0.0	1.3518225333647456	0.30597909232667786	0.4837075961214702	0.7068617119845039	0.0	0.911714242595722	2.9183154339155504	0.0	0.0	0.0	0.0	0.0	0.0	0.0	0.0	0.0	0.60946264631098	0.0	0.60946264631098	0.0	0.0	0.30597909232667786	0.0	0.7863686874573513	2.85368390977579	0.0	0.0
SRR13358020	0.0	0.0	0.0	2.0869948167320214	1.9764600389425935	0.0	0.0	0.0	2.051967986393047	4.205617312432706	3.048853790068581	0.0	0.0	0.0	0.289300611121202	0.0	0.4614106062137937	0.0	0.0	0.0	0.0	0.0	3.8473830525451898	0.0	2.2641433614265876	0.4614106062137937	0.0	0.0	0.0	0.0	0.0	0.4614106062137937	2.2943964867821878	0.0	0.0	0.8247922316267144	0.8247922316267144	1.4821289285782813	0.0	0.0	0.289300611121202	1.2995975442697436	0.0	0.0	0.0	0.0	0.4614106062137937	2.99825460913757	0.0	0.0	0.0	0.0	0.0	0.5843449402762307	0.0	0.0	0.0	0.4614106062137937	0.0	0.0	0.0	0.0	0.0	0.0	0.0	4.076794872834082	0.0	0.0
SRR13358021	0.0	0.0	0.4981706091038063	2.3635018099307255	1.632510031279683	0.3169118820975267	0.0	0.0	2.3120791144492405	2.840042525655022	1.720784592751651	0.0	0.0	0.0	0.0	0.0	1.2847999766626352	0.0	0.0	0.0	0.0	0.0	4.5159007803998374	0.7241095151996151	0.3169118820975267	0.0	0.0	0.4981706091038063	2.110133680310132	0.3169118820975267	0.0	0.4981706091038063	3.3236656532305506	0.0	0.3169118820975267	0.9820875463898485	0.4981706091038063	3.1904488788016203	0.0	0.0	0.0	0.9820875463898485	0.0	1.107868315010244	0.0	0.0	0.9820875463898485	1.2847999766626352	0.0	0.0	0.3169118820975267	0.4981706091038063	0.0	0.0	0.0	0.0	0.0	0.0	0.0	1.1428245047231291	0.0	0.0	0.0	0.0	0.6256702041141188	0.4981706091038063	0.0	0.0
SRR13358022	0.0	0.0	0.0	1.0984494860042937	1.3062243915342315	0.0	0.0	0.0	1.5856779546059172	4.414473643716401	3.09480145757687	0.0	0.0	0.0	0.0	0.0	1.1305402689770063	0.0	0.0	0.0	0.0	0.0	3.983538686282923	0.0	0.46598697843355885	0.9849002938182008	0.0	0.0	0.5895136429050315	0.0	0.0	0.0	1.6463199554760848	0.0	0.0	1.23941335648272	1.3641144947223378	1.6463199554760848	0.0	0.0	0.0	0.46598697843355885	0.29270616414260725	0.29270616414260725	0.0	0.0	0.5895136429050315	2.9267037139765577	0.0	0.0	0.0	0.29270616414260725	0.0	0.0	0.0	0.0	0.0	0.0	0.0	0.0	0.0	0.0	0.0	0.0	0.5895136429050315	0.5895136429050315	0.0	0.0
SRR13358023	0.0	0.0	0.0	1.80855581373719	2.431752964372572	0.0	0.0	0.0	3.907147621459764	3.9343843595801973	2.1848122859523134	0.0	0.6198812154893509	0.0	1.0212993649348712	0.0	2.6021813373680764	0.8654064895787226	0.0	0.0	0.0	0.0	3.050114398635681	0.6198812154893509	0.0	2.147281624493992	0.0	0.0	1.36497994961258	0.0	0.0	1.4206228676911725	1.9964861389139754	0.0	0.0	2.749471194098656	3.9076583928163	3.797458431502164	0.0	0.0	0.0	0.0	1.2262845477338948	1.469939542926042	0.0	0.0	1.1357753520498524	3.5893262894434868	0.0	0.0	0.0	0.0	0.0	0.8654064895787226	0.0	0.0	0.0	1.0212993649348712	0.0	1.59118313834114	0.0	0.0	0.0	0.0	1.1357753520498524	1.0212993649348712	0.0	0.0
SRR13358024	0.0	0.0	0.6615781233405347	1.3166279790722724	3.781272952123313	0.0	0.0	0.0	1.921754069846901	4.084837740490761	2.603153751386454	0.0	0.0	0.0	0.0	0.0	1.1599641941427115	0.0	0.0	0.0	0.0	0.6615781233405347	4.235313940568872	0.0	1.3350213663630734	0.9124900576971138	0.0	0.0	1.6779515232716282	0.0	0.0	0.0	2.316562622770642	0.27803994984299923	0.0	0.5671018267744452	0.44618922036822495	2.5832793341175546	0.0	0.27803994984299923	0.0	1.8167408757776018	0.0	0.0	1.5222837172613795	0.0	0.7391292818307179	2.9553821482811045	0.0	0.0	0.862021767140169	0.27803994984299923	0.0	0.0	0.0	0.0	0.0	0.27803994984299923	0.6615781233405347	0.0	0.0	0.0	0.0	0.0	1.5104218637479654	2.4620916221659552	0.0	0.0
SRR13358028	0.0	0.0	0.0	2.8102245703191198	0.7326068078499559	0.0	0.0	0.0	2.603838170453986	4.427598218099391	2.886074488143655	0.0	0.0	0.0	0.0	0.0	0.881040652961911	0.0	0.0	0.0	0.0	0.0	3.8128673141948104	0.0	0.0	0.9914608574388164	0.0	0.0	0.5053297444811933	0.0	0.0	0.5053297444811933	2.90551717711622	0.0	0.0	1.0794209177309102	0.9914608574388164	1.9706055312368267	0.0	0.0	0.0	0.5053297444811933	0.0	0.0	0.0	0.0	0.881040652961911	3.274880933670722	0.0	0.0	0.0	0.0	0.0	0.0	0.0	0.0	0.0	0.0	0.0	0.0	0.0	0.0	0.0	0.0	0.5053297444811933	0.7326068078499559	0.0	0.0
SRR13358029	0.0	0.0	0.0	1.8063673998609566	0.44728044107788784	0.0	0.0	0.0	1.5683869794509215	4.499803255610628	3.083836170924843	0.0	0.0	0.0	0.0	0.0	1.3182445832539251	0.0	0.0	0.0	0.0	0.0	3.5808872899622735	0.0	0.44728044107788784	1.1337153114344767	0.0	0.44728044107788784	0.0	0.0	0.0	0.0	2.085122409724581	0.44728044107788784	0.0	1.4744002763988209	0.0	1.8945040348743996	0.0	0.0	0.0	0.0	0.0	0.0	0.0	0.0	0.0	2.9609462827797777	0.0	0.0	0.0	0.0	0.0	0.44728044107788784	0.0	0.0	0.0	0.0	0.0	0.0	0.0	0.0	0.0	0.44728044107788784	0.44728044107788784	0.6629068476644427	0.0	0.0
SRR13358030	0.0	0.0	0.4569243469120005	1.4176322210063934	3.2099086393987135	0.0	0.0	0.0	2.0265245541664205	4.1423837748973185	2.2505407892083933	0.0	0.2859710507865434	0.0	0.0	0.0	1.385534573396083	0.0	0.0	0.0	0.0	0.0	4.173788700000639	0.0	1.685954952119475	0.7527548660085959	0.0	0.0	2.0966829351932232	0.0	0.0	0.4569243469120005	2.5399694611724795	0.4569243469120005	0.0	0.6746185071503329	0.4569243469120005	1.9866798181190135	0.0	0.0	0.0	2.1626693196279136	0.0	0.2859710507865434	0.0	0.0	0.7527548660085959	3.7498077338609312	0.0	0.0	0.0	0.2859710507865434	0.0	0.0	0.2859710507865434	0.0	0.0	0.2859710507865434	0.6746185071503329	0.0	0.0	0.0	0.0	0.0	0.7527548660085959	2.878401157183658	0.0	0.0
SRR13358031	0.0	0.0	0.0	1.4030038567493646	1.283751201340823	0.0	0.0	0.0	2.054444785244681	4.199759821380338	1.991991258780767	0.0	0.0	0.0	0.0	0.0	1.5365982884863563	0.0	0.0	0.0	0.0	0.0	4.313837721768499	0.0	0.0	1.0047490815121023	0.0	0.0	0.8496221485086842	0.0	0.0	1.0047490815121023	2.7905948077962903	0.0	0.0	1.283751201340823	1.0047490815121023	2.684690496405871	0.0	0.0	0.0	0.0	0.0	0.6060211568850415	0.0	0.0	0.0	1.4030038567493646	0.0	0.0	0.0	0.0	0.0	0.0	0.0	0.0	0.0	0.0	0.0	0.6060211568850415	0.0	0.0	0.0	0.0	0.0	1.1188135248822761	0.0	0.0
SRR13358036	0.0	0.0	0.0	1.786651014523676	0.0	0.0	0.0	0.0	2.9291499496237794	2.435478547290867	1.9774887832816492	0.0	0.0	0.0	0.0	0.0	0.5950435302362371	0.0	0.0	0.0	0.0	0.0	3.796189601075201	0.0	1.5223770315391294	0.3923359377436761	0.0	0.0	0.8370699091552859	0.0	0.0	1.4142228657760165	0.7327027112774128	0.0	0.0	0.0	2.2410925726511755	4.440884144579136	0.0	0.0	0.0	0.3923359377436761	0.0	0.0	0.0	0.3923359377436761	0.5950435302362371	3.400133445394057	0.0	0.0	0.0	0.0	0.0	0.0	0.0	0.0	0.0	0.0	0.0	0.0	0.0	0.0	0.0	0.0	1.3028354875521413	0.9915665404513795	0.0	0.0
SRR13358037	0.0	0.0	0.0	1.150688841620255	1.6842354117157545	1.061386054517449	0.0	0.0	2.6112789420473757	2.408354080959431	1.8728998661318688	0.0	0.0	0.0	0.0	0.0	0.0	0.0	0.0	0.0	0.0	0.0	4.530451855823279	0.0	0.5598539253837416	0.0	0.0	0.0	1.061386054517449	0.0	0.0	1.150688841620255	1.6599400735181922	0.0	1.061386054517449	0.5598539253837416	1.150688841620255	3.4586542507389395	0.0	0.0	0.0	0.0	0.0	1.3431421515500992	0.0	0.0	0.0	2.1306795758794395	0.0	0.0	0.5598539253837416	0.0	0.0	0.0	0.0	0.0	0.0	0.0	0.0	1.634204644011383	0.0	0.0	0.0	0.0	0.7965132144908429	1.150688841620255	0.0	0.0
SRR13358038	0.0	0.0	0.0	1.0843521696086862	1.3117862894549184	0.0	0.0	0.0	1.9767766188615168	2.06154012715598	1.4161976125437046	0.0	0.0	0.0	0.0	0.0	0.9711737080858552	0.0	0.0	0.0	0.0	0.0	4.4996740497531444	0.2852521431582637	1.0843521696086862	0.4559541153177995	0.0	0.0	0.7515271056347324	0.0	0.0	0.5781729202547119	3.4941986169465644	0.0	0.0	0.4559541153177995	0.7515271056347324	2.9302551331120794	0.0	0.0	0.0	0.4559541153177995	0.0	0.9257840183626089	0.0	0.0	0.5781729202547119	3.304124344925165	0.0	0.0	0.0	0.0	0.0	0.0	0.0	0.0	0.0	0.0	0.0	1.1163545373956534	0.0	0.0	0.0	0.0	0.8176886953577767	0.7515271056347324	0.0	0.0
SRR13358039	0.0	0.0	0.0	4.109246929494478	0.3259448273712502	0.3259448273712502	0.0	0.0	4.026059162286521	1.8539402196870642	1.1913167501495117	0.0	0.0	0.0	0.0	0.0	0.0	0.0	0.3259448273712502	0.0	0.0	0.0	2.0608692120582206	0.0	0.0	0.3259448273712502	0.0	0.3259448273712502	1.0856801039016817	0.0	0.0	0.3259448273712502	1.24972116671711	0.3259448273712502	0.0	0.0	0.8869728187117794	4.150255356896224	0.0	0.0	0.0	0.3259448273712502	0.0	0.0	0.0	0.3259448273712502	1.6493892825377543	1.1588780444888123	0.0	0.0	0.0	0.0	0.0	0.0	0.0	0.0	0.0	0.0	0.51003321614171	0.0	0.0	0.3259448273712502	0.0	0.0	0.3259448273712502	0.3259448273712502	0.0	0.0
SRR13358042	0.0	0.0	0.24441620510032527	1.4944674710759194	0.8478499933381443	0.0	0.0	0.0	3.0538757813159734	4.466814414566903	1.8839804448027393	0.0	0.0	0.0	0.0	0.0	1.2460642406756888	0.0	0.0	0.0	0.0	0.0	3.7445766395860463	0.0	0.39986820544501456	0.39986820544501456	0.0	0.0	2.3529576766650537	0.0	0.0	0.0	1.8093389380985072	0.24441620510032527	0.0	0.9322515554469109	2.971104305998835	2.335127206332505	0.0	0.0	0.0	0.742989931609917	0.0	0.39986820544501456	0.0	0.0	0.514107445035801	2.534678435325822	0.0	0.0	0.0	0.0	0.0	0.0	0.0	0.0	0.0	0.6792289363502909	0.0	0.39986820544501456	0.0	0.0	0.0	0.0	0.39986820544501456	0.39986820544501456	0.0	0.0
SRR13358044	0.0	0.0	0.0	1.0409503435649725	0.8207727661508327	0.0	0.0	0.0	3.0303159017679646	4.529277317874323	1.9555670969827654	0.0	0.0	0.0	0.21066627577607103	0.0	1.1495363234838953	0.0	0.0	0.0	0.0	0.21066627577607103	3.2933732009289867	0.0	0.45832056269108723	0.6150553661859968	0.0	0.0	2.3199216815665915	0.0	0.0	0.0	1.2951051505305822	0.0	0.0	0.9885679480033314	1.8978332756559602	2.267567189909691	0.0	0.0	0.0	0.0	0.0	0.35191225178898516	0.0	0.0	0.0	2.631465361942422	0.0	0.0	0.0	0.0	0.0	0.0	0.0	0.0	0.0	0.35191225178898516	0.0	0.35191225178898516	0.0	0.0	0.0	0.0	0.21066627577607103	0.0	0.0	0.0
SRR13358045	0.0	0.0	0.2910304225609904	0.9363031241768436	0.5869729454632111	0.0	0.0	0.0	2.4191731874474245	4.504836530451317	1.779434390619201	0.0	0.0	0.0	0.0	0.0	1.157235154422542	0.0	0.0	0.0	0.0	0.0	3.6712045452301285	0.0	0.5869729454632111	0.46373666352244	0.0	0.0	0.2910304225609904	0.0	0.0	0.682858273057284	1.9842915886384462	0.0	0.0	1.0606691379800832	2.2204334536648815	2.7714892886541436	0.0	0.0	0.0	0.0	0.0	0.0	0.0	0.0	0.2910304225609904	1.378532942160302	0.0	0.0	0.0	0.0	0.0	0.0	0.0	0.0	0.0	0.682858273057284	0.0	0.0	0.0	0.0	0.0	0.0	0.7613550498766685	0.46373666352244	0.0	0.0
SRR13358046	0.0	0.0	0.0	1.5274004964511942	0.5845495320754713	0.0	0.0	0.0	1.7052972902670445	4.331120280240368	2.4983565278819455	0.0	0.0	0.0	0.0	0.0	0.8250274415366623	0.0	0.0	0.0	0.0	0.0	4.102933925135759	0.0	1.1395229560648912	0.3839885777833898	0.0	0.0	1.7727585712551865	0.0	0.0	0.0	2.5569103761932057	0.0	0.0	0.9087437419001873	0.7212247978346529	2.1424947140207937	0.0	0.0	0.0	0.5845495320754713	0.0	0.0	0.0	0.0	0.3839885777833898	3.4491836999436685	0.0	0.0	0.0	0.0	0.0	0.0	0.0	0.0	0.0	0.3839885777833898	0.0	0.0	0.0	0.0	0.0	0.0	0.0	0.7212247978346529	0.0	0.0
SRR13358050	0.0	0.0	0.0	2.503360643825004	1.933060925970321	0.0	0.0	0.0	2.0374769204043774	4.425860242679216	1.2538989709830892	0.0	0.0	0.0	0.0	0.0	1.1369541762064423	0.0	0.0	0.0	0.0	0.0	3.9231576960620793	0.0	1.438916996101797	0.6208481324301908	0.0	0.0	2.6246967983225007	0.0	0.0	0.3136452953624652	1.7404126535983302	0.0	0.0	0.6208481324301908	2.7753399252128865	1.6871064314531183	0.0	0.0	0.0	1.302353810062736	0.0	0.0	0.0	0.0	0.0	3.036421376043559	0.0	0.0	0.0	0.0	0.0	0.0	0.0	0.3136452953624652	0.0	0.4938615151965922	0.0	0.0	0.0	0.0	0.0	0.0	0.6208481324301908	1.887866035173634	0.0	0.0
SRR13358051	0.0	0.0	0.0	1.7877718123002253	2.71973212669804	0.0	0.0	0.0	2.1501412656224503	4.025261125769085	2.1683032877001267	0.0	0.0	0.0	0.0	0.0	1.1162354499096252	0.3994312474335697	0.0	0.0	0.0	0.0	4.254436820450726	0.0	2.1683032877001267	0.3994312474335697	0.0	0.0	2.4182807855387156	0.0	0.0	0.3994312474335697	2.965085935650949	0.3994312474335697	0.0	0.0	0.74239492986255	2.7791796051767865	0.0	0.0	0.0	2.1213894882888993	0.0	0.0	0.0	0.0	0.74239492986255	3.409702484475431	0.0	0.0	0.3994312474335697	0.0	0.0	0.0	0.0	0.3994312474335697	0.0	0.0	0.0	0.0	0.0	0.0	0.3994312474335697	0.0	0.8472268169352335	3.581808112431236	0.0	0.0
SRR13358052	0.0	0.0	0.2780302355860405	1.8226202697451312	2.1678623419525276	0.2780302355860405	0.0	0.0	1.5771510892093996	4.409096953797754	2.474002517551333	0.0	0.0	0.0	0.0	0.0	1.0704832314765338	0.0	0.2780302355860405	0.0	0.0	0.0	3.9951365080450505	0.0	2.1053539959848475	0.8048906398978156	0.2780302355860405	0.0	2.050023468713787	0.0	0.0	0.0	2.046538360879356	0.2780302355860405	0.0	0.5670868481615501	0.5670868481615501	2.0670414507067085	0.0	0.0	0.0	1.6070352262671124	0.0	0.0	0.0	0.0	0.4461760289329516	2.9345846852655706	0.0	0.0	0.0	0.0	0.0	0.0	0.0	0.0	0.0	0.2780302355860405	0.5670868481615501	0.5670868481615501	0.0	0.0	0.0	0.0	0.4461760289329516	2.639453036974579	0.0	0.0
SRR13358053	0.0	0.0	0.28158829570643057	1.8181162444504366	1.2177869420838088	0.28158829570643057	0.28158829570643057	0.0	2.0876210092602827	4.343753130545856	2.3441928577373354	0.0	0.28158829570643057	0.0	0.0	0.0	1.139066050651116	0.0	0.0	0.0	0.0	0.0	4.1053114326007	0.28158829570643057	1.4799802980101282	0.28158829570643057	0.0	0.0	1.8299998445682788	0.0	0.0	0.5725610172669007	1.9980139837183972	0.45100064973934456	0.0	0.7452474207964105	0.0	2.84505501111638	0.0	0.0	0.0	1.709136900010435	0.28158829570643057	0.6674313219019136	0.0	0.0	0.8684736668016337	3.1826866215842076	0.0	0.0	0.0	0.45100064973934456	0.0	0.0	0.0	0.0	0.0	0.0	0.45100064973934456	0.8112164713738714	0.28158829570643057	0.0	0.0	0.0	0.5725610172669007	2.2276022552605164	0.0	0.0
SRR13358058	0.0	0.0	0.0	2.5805399894216605	1.3198776981815694	0.0	0.0	0.0	2.2419446274928165	4.393218463480386	3.035005971547935	0.0	0.0	0.0	0.0	0.0	1.3559300854046388	0.0	0.0	0.0	0.0	0.0	4.006802793496126	0.0	0.0	1.0736266199881672	0.0	0.4483841461782283	0.6642500357808937	0.0	0.0	0.6642500357808937	2.3956487570176472	0.0	0.4483841461782283	1.5255953252574121	0.4483841461782283	2.9908193666806637	0.0	0.0	0.0	0.0	0.0	1.0017155931590052	0.0	0.0	0.4483841461782283	1.570056122803591	0.0	0.0	0.4483841461782283	0.0	0.0	0.4483841461782283	0.0	0.0	0.0	0.9154876823380743	0.0	0.9154876823380743	0.0	0.0	0.0	0.0	0.4483841461782283	0.6642500357808937	0.0	0.0
SRR13358059	0.2484425161997569	0.0	0.0	0.7506226216930676	0.6114741263953034	0.4054875714772161	0.0	0.0	2.0407597454867505	2.0188519285804096	0.686597617462667	0.0	0.0	0.0	0.0	0.0	0.9404734003672379	0.0	0.0	0.0	0.0	0.0	4.4907486967222425	0.2484425161997569	1.368946500297852	0.0	0.0	0.0	0.686597617462667	0.0	0.0	0.2484425161997569	3.822586690071523	0.0	0.0	0.2484425161997569	0.5205805327218147	1.4474212020863162	0.0	0.0	0.0	0.4054875714772161	0.0	0.0	0.0	0.0	0.8064102571049059	0.9773141910532439	0.0	0.0	0.0	0.2484425161997569	0.0	0.0	0.0	0.0	0.0	0.0	0.0	0.0	0.0	0.2484425161997569	0.0	0.0	0.0	0.8558405463247463	0.0	0.0
SRR13358060	0.0	0.0	0.0	1.1489504376709045	1.6389548432208025	0.9880021256915832	0.0	0.0	3.0029633348864464	1.9294310784049293	1.8885490133367167	0.0	0.32034156691853877	0.0	0.0	0.0	0.0	0.0	0.0	0.0	0.0	0.32034156691853877	3.8935571842184755	0.8776960748302786	0.0	0.0	0.0	0.32034156691853877	1.075889875271368	0.0	0.0	1.1813352733575702	2.0788643051973343	0.0	0.8098760557217946	0.5026837917073845	0.6307145920658347	4.456514974659491	0.0	0.0	0.0	0.0	0.0	1.3582927947653058	0.0	0.0	1.211471887491286	1.075889875271368	0.0	0.0	0.0	0.0	0.0	0.32034156691853877	0.0	0.0	0.0	0.0	0.0	1.4342903481244857	0.0	0.0	0.0	0.0	0.8776960748302786	0.7294693311450204	0.0	0.0
SRR13358061	0.0	0.0	0.0	2.204573129093673	1.4215873861676391	1.2928302306496111	0.0	1.253644787698277	4.535291615881977	2.2840675619201676	1.4980180778957677	0.0	0.0	0.0	0.0	0.0	0.4302792973505626	0.0	0.0	0.0	0.4302792973505626	0.0	3.2651907008240646	0.0	0.8905923111356377	0.4302792973505626	0.0	1.9241244057197537	2.1185342334757675	0.0	0.0	0.4302792973505626	1.7920944946368482	0.0	0.0	0.0	1.162747477140873	2.7647665073155197	0.0	0.0	0.0	0.6421213618259052	0.0	0.0	0.0	0.0	2.580116791818363	1.4215873861676391	0.0	0.0	1.2105698916169898	0.4302792973505626	0.0	0.8905923111356377	0.0	0.0	0.0	0.0	0.0	0.4302792973505626	0.0	0.0	0.0	0.0	1.162747477140873	0.7838892150147188	0.0	0.0
SRR13358065	0.0	0.0	0.0	2.4453105406988276	1.5155978841497828	0.0	0.0	0.0	4.088619998420121	3.8854930536453782	1.2142347532024744	0.0	0.0	0.0	0.3064538400326443	0.0	1.8235302949435532	0.0	0.0	0.0	0.0	0.0	3.8220859816117354	0.0	0.7871537208015404	1.4417499975459638	0.0	0.0	2.2066126107380404	0.0	0.0	0.3064538400326443	1.9837953471816858	0.3064538400326443	0.0	1.979149223779735	3.9184057734322515	2.4849613165751823	0.0	0.0	0.0	0.3064538400326443	0.3064538400326443	0.0	0.0	0.0	0.8543550017361328	3.014661398780002	0.0	0.0	0.0	0.0	0.0	0.0	0.3064538400326443	0.0	0.0	0.9638385610876887	0.0	0.0	0.0	0.0	0.0	0.0	0.9638385610876887	2.9591817603058046	0.0	0.0
SRR13358066	0.0	0.0	0.0	1.3763471375558318	0.2733344051238483	0.0	0.0	0.0	1.4360538861452563	4.454058619143056	2.6487058186061154	0.0	0.0	0.0	0.0	0.0	0.9488015649127151	0.2733344051238483	0.2733344051238483	0.0	0.0	0.0	3.915439957220506	0.0	1.3600434779738007	1.6068084204955158	0.0	0.0	0.4397869028570308	0.0	0.0	0.5598248321913539	1.8300067542803315	0.0	0.0	0.7309593488857966	0.4397869028570308	1.8779314101511901	0.0	0.0	0.0	1.7824571339812094	0.0	0.0	0.0	0.0	1.992485947797311	2.5492544882382524	0.9037144020080086	0.0	0.2733344051238483	0.0	0.0	0.0	0.0	0.0	0.0	0.0	0.0	0.0	0.0	0.0	0.0	0.0	0.5598248321913539	0.2733344051238483	0.0	0.0
SRR13358067	0.0	0.0	0.0	2.4822015244118725	0.2740301932832957	0.0	0.0	0.0	1.751319074251334	4.501213192391204	2.7260636705545345	0.0	0.0	0.0	0.0	0.0	0.905017218936981	0.0	0.0	0.0	0.0	0.0	3.6556068567901474	0.0	1.2260855242486726	1.3268945931476321	0.0	0.2740301932832957	0.56090357104427	0.0	0.0	0.2740301932832957	1.248206350024364	0.0	0.0	0.56090357104427	0.56090357104427	1.6082599888328735	0.0	0.0	0.0	1.2027772174388267	0.0	0.0	0.0	0.0	0.7321715196594221	2.802227732565222	0.0	0.0	0.0	0.0	0.0	0.0	0.0	0.0	0.0	0.2740301932832957	0.0	0.0	0.0	0.0	0.0	0.0	1.3268945931476321	0.9501226768010088	0.0	0.2740301932832957
SRR13358068	0.0	0.0	0.0	2.0405166327458546	0.47128730483459813	0.0	0.0	0.0	1.830197042989644	4.3982025337647075	2.8101182954635826	0.0	0.0	0.0	0.0	0.0	1.1379805627141824	0.0	0.0	0.0	0.0	0.0	4.0434137883616925	0.0	1.5935011046842	1.292692687890986	0.0	0.0	0.5954912564325117	0.0	0.0	0.47128730483459813	2.4028735056033046	0.0	0.0	0.296661896724324	0.47128730483459813	2.5097602390381795	0.0	0.0	0.0	0.0	0.0	0.0	0.0	0.0	1.0334177173163237	2.5570913424875785	0.0	0.0	0.0	0.0	0.0	0.0	0.0	0.0	0.0	0.0	0.47128730483459813	0.0	0.0	0.0	0.0	0.0	0.770846485184149	0.296661896724324	0.0	0.0
SRR13358069	0.0	0.0	0.2645135310215806	1.8929925193113195	0.5460653832837787	0.0	0.0	0.0	1.724276663692915	4.423879029133916	2.727200875658616	0.0	0.0	0.0	0.0	0.0	1.3248803772149234	0.0	0.0	0.0	0.0	0.0	3.9774662681341733	0.0	1.5881821020406286	2.097358888660676	0.0	0.4277169056128443	0.2645135310215806	0.0	0.0	0.0	1.688478026968926	0.0	0.0	0.7154648357207056	0.5460653832837787	1.9156899205053466	0.0	0.0	0.0	2.0545644377466377	0.2645135310215806	0.0	0.0	0.2645135310215806	0.4277169056128443	2.8907822823723057	0.0	0.0	0.0	0.2645135310215806	0.0	0.0	0.0	0.0	0.0	0.2645135310215806	0.0	0.2645135310215806	0.0	0.0	0.0	0.0	0.5460653832837787	0.4277169056128443	0.0	0.0
SRR13358073	0.0	0.0	0.2728102834757044	3.1648723468048336	0.9027318144630809	0.0	0.2728102834757044	0.0	2.835994476547348	4.30905047839019	3.3376486993072554	0.0	0.0	0.0	0.0	0.0	0.9027318144630809	0.0	0.2728102834757044	0.0	0.0	0.0	3.9818506016482544	0.0	3.2160207155406044	0.7955361773893478	0.2728102834757044	0.0	1.0603240884033132	0.0	0.0	0.0	2.5016774839977747	0.43907223401719886	0.0	0.6528941527845616	0.852432982426645	1.9592326716018498	0.0	0.0	0.0	0.0	0.7300452944276271	0.0	0.0	0.2728102834757044	1.149608086564717	3.1774158796596663	0.0	0.0	0.2728102834757044	0.2728102834757044	0.0	0.0	0.0	0.0	0.2728102834757044	0.0	0.2728102834757044	0.0	0.0	0.0	0.2728102834757044	0.0	0.6528941527845616	1.0259581194117262	0.0	0.0
SRR13358076	0.0	0.0	0.0	1.473371616183088	0.913046527161002	0.0	0.0	0.0	3.453025352052099	4.379138175438973	0.7627048042290274	0.0	0.0	0.0	0.0	0.0	0.6620739770770407	0.0	0.0	0.0	0.0	0.0	3.8852218406871866	0.0	0.0	0.6620739770770407	0.0	0.0	0.5308621546371672	0.0	0.0	1.567351363502522	1.0710821383433777	0.0	0.0	0.7627048042290274	3.293901190531731	2.5110120474505537	0.0	0.0	0.0	0.6620739770770407	0.5308621546371672	0.5308621546371672	0.0	0.0	0.6620739770770407	3.0202333963389396	0.0	0.0	0.34194616862302685	0.0	0.0	0.34194616862302685	0.0	0.0	0.0	0.34194616862302685	0.0	0.34194616862302685	0.0	0.0	0.0	0.0	0.34194616862302685	0.8443490002039602	0.0	0.0
SRR13358078	0.0	0.0	0.0	2.6717465940994978	0.8781842257893071	0.0	0.0	0.0	4.180108450926979	2.9901455451963344	2.74158220070643	0.0	0.0	0.0	0.0	0.0	0.0	0.0	0.0	0.0	0.0	0.0	1.989776122758438	0.0	1.2792983345380562	0.0	0.0	0.0	1.6055717497451811	0.0	0.0	0.42136228432983375	0.6311456485538604	0.0	0.0	0.42136228432983375	0.9634410808807385	1.6055717497451811	0.0	0.0	0.0	0.0	0.0	0.0	0.0	0.0	1.0346761355995229	4.312946589641945	0.0	0.0	0.0	0.0	0.0	0.0	0.0	0.0	0.0	0.0	0.0	0.0	0.0	0.0	0.0	0.0	0.42136228432983375	0.0	0.0	0.0
SRR13358079	0.0	0.0	0.0	2.6630317785164563	0.47920533791287084	0.0	0.0	0.0	4.168989442352706	3.88135644322273	2.832421549990972	0.0	0.0	0.0	0.0	0.0	0.47920533791287084	0.0	0.0	0.0	0.0	0.0	3.009585363380828	0.0	0.47920533791287084	0.47920533791287084	0.0	0.0	0.7014697067233282	0.0	0.0	0.8477757432261372	0.7014697067233282	0.47920533791287084	0.0	0.47920533791287084	0.7014697067233282	2.5654067269207523	0.0	0.0	0.0	0.0	0.0	0.9570190704831754	0.0	0.0	0.8477757432261372	4.113004287981508	0.0	0.0	0.0	0.0	0.0	0.0	0.0	0.0	0.0	0.0	0.0	0.47920533791287084	0.0	0.0	0.0	0.0	0.0	0.9570190704831754	0.0	0.0
SRR13358080	0.0	0.0	0.0	2.470436047018258	1.245440074682017	0.23593508779166308	0.0	0.0	2.819432752640912	1.8467988669745858	2.084608718388334	0.0	0.0	0.0	0.0	0.0	0.0	0.0	0.0	0.0	0.0	0.0	2.153619164614074	0.23593508779166308	0.38796301338687667	0.38796301338687667	0.0	0.0	0.7818471507802245	0.0	0.0	0.23593508779166308	1.2082756669101282	0.0	0.5895525187321904	0.38796301338687667	0.5895525187321904	4.260829219471459	0.0	0.0	0.0	0.5003508945403754	0.0	1.0162369334644483	0.0	0.0	0.38796301338687667	4.263092301397261	0.0	0.0	0.23593508779166308	0.0	0.0	0.0	0.0	0.0	0.0	0.0	0.0	0.9512269184602056	0.0	0.0	0.0	0.0	0.5895525187321904	0.23593508779166308	0.0	0.0
SRR13358081	0.0	0.0	0.0	2.731291268513944	0.7821923219383241	0.0	0.0	0.0	3.5799543471175657	4.118598425579652	2.706115295248375	0.0	0.0	0.0	0.0	0.0	3.458314331046053	0.0	0.0	0.0	0.0	0.0	3.4432798982804425	0.0	0.7821923219383241	0.6405536489612974	0.0	0.4290030556380854	1.9392872190458874	0.0	0.0	0.4290030556380854	1.4466274560099723	0.0	0.0	1.2909022602991915	2.64098709547117	2.3928077942043346	0.0	0.0	0.0	0.0	0.0	0.0	0.0	0.0	0.8888225015125544	4.041712680568417	0.0	0.0	0.0	0.0	0.0	0.0	0.0	0.0	0.0	0.0	0.0	0.4290030556380854	0.0	0.0	0.0	0.0	1.160855733398439	3.3849333727513633	0.0	0.0
SRR13358083	0.0	0.0	0.0	1.8856055173871131	2.109699802595727	1.9285326205770197	0.0	0.0	3.6356915237335112	2.331545768390423	2.5056109619707634	0.0	1.4305001472244223	0.0	0.0	0.0	0.9534453855817477	0.0	0.0	0.0	0.0	0.47652354903194105	4.325090641306068	1.0405774278347173	1.1752542405735822	0.47652354903194105	0.0	0.698252658734916	1.5431968275586443	0.0	0.0	1.461532087918079	0.9534453855817477	0.0	0.8443294100734944	0.47652354903194105	0.0	4.050834408466358	0.0	0.0	0.0	0.0	0.0	1.9075992353225657	0.0	0.0	0.8443294100734944	1.4904937866741625	0.0	0.0	0.47652354903194105	0.0	0.0	0.0	0.0	0.0	0.0	0.0	0.0	2.0672966678401914	0.0	0.0	0.0	0.0	1.1131155406018296	0.8443294100734944	0.0	0.0
SRR13358084	0.0	0.0	0.0	1.4283522914840487	2.186757019979302	1.1432244759481895	0.0	0.0	2.8329898983756765	3.537723835994824	2.248933387072344	0.0	1.20568688922171	0.0	0.8723518794167251	0.0	2.186757019979302	0.0	0.0	0.0	0.0	0.0	4.378357525468436	0.8723518794167251	1.0702445688861824	1.9397425818393828	0.0	0.0	1.4283522914840487	0.0	0.0	1.6841683797951628	3.093437234971751	0.0	0.724459176558931	2.4580313673501757	1.1432244759481895	3.8704161122325504	0.0	0.0	0.0	0.8723518794167251	0.724459176558931	1.5748298516050152	0.0	0.0	0.0	1.5748298516050152	0.0	0.0	0.0	0.0	0.0	0.0	0.0	0.0	0.0	1.20568688922171	0.0	1.9806814550447187	0.0	0.0	0.0	0.49846476957049346	0.0	1.20568688922171	0.0	0.0
SRR13358085	0.0	0.6135863379414878	0.0	2.480632827754931	2.558083813705893	0.6135863379414878	0.0	0.0	3.7906909191308453	2.4183625592910656	2.8891829663203623	0.0	0.0	0.0	0.0	0.0	0.6135863379414878	0.0	0.6135863379414878	0.0	0.0	0.6135863379414878	3.351754274453642	1.2932630300138774	1.6777323289794481	0.0	0.0	0.0	2.0758685503645578	0.0	0.0	1.8959171868654159	1.0137953557543486	0.0	1.2932630300138774	1.0137953557543486	2.235318975261505	4.4098926164269745	0.0	0.0	0.0	0.6135863379414878	0.0	2.3074808243994784	0.0	0.0	1.0137953557543486	3.0393622320627816	0.0	0.0	0.0	0.0	0.0	0.0	0.6135863379414878	0.0	0.0	0.0	0.0	2.4482152766975704	0.0	0.6135863379414878	0.0	0.6135863379414878	1.1280867365953218	0.858246316195802	0.0	0.0
SRR13358086	0.0	0.0	0.0	1.3903841549974105	1.707279537441375	0.2884174709536813	0.0	0.0	2.3418667722223128	3.93572672006406	1.543311578355456	0.0	0.2884174709536813	0.0	0.0	0.0	1.7943410091714571	0.0	0.0	0.0	0.0	0.0	3.9626024913964812	0.0	0.6786103178080236	1.543311578355456	0.0	0.0	1.0903649271104867	0.0	0.0	1.0181812294118517	2.7703198918424623	0.0	0.0	1.849810429332939	4.2276886853904605	3.310068308886156	0.0	0.0	0.0	0.4602218237252944	0.0	0.9315605738477525	0.0	0.0	0.2884174709536813	1.4523971147946269	0.0	0.0	0.0	0.0	0.0	0.2884174709536813	0.0	0.0	0.0	0.9315605738477525	0.0	1.4523971147946269	0.0	0.0	0.0	0.2884174709536813	0.6786103178080236	0.4602218237252944	0.0	0.0
SRR13358087	0.0	0.0	0.33396129181714	1.6301417323979281	1.8821879376075032	1.1377677319054205	0.0	0.0	2.5792341373201877	1.8479002676238314	2.134921325227973	0.0	0.8317265103457041	0.0	0.0	0.0	0.33396129181714	0.0	0.0	0.0	0.0	0.33396129181714	4.223824873678738	0.5204971837498916	0.33396129181714	0.0	0.0	0.0	1.3829358733194657	0.0	0.0	2.036039105298042	0.5204971837498916	0.0	0.9001109888622659	0.6505655263268304	3.9244092005313407	3.9616546489228095	0.0	0.0	0.0	0.33396129181714	0.0	1.5238954382079632	0.0	0.0	0.7505244705063523	3.423160515317266	0.0	0.0	0.5204971837498916	0.0	0.0	0.0	0.0	0.0	0.0	0.0	0.0	1.743548557231492	0.0	0.0	0.0	0.0	0.6505655263268304	0.5204971837498916	0.0	0.0
SRR13358091	0.0	0.0	0.0	2.6322431129445976	1.7864515387739353	0.0	0.0	0.0	2.550549169949944	4.318687324660864	2.5654650973197355	0.0	0.5871107332575749	0.0	0.0	0.0	1.6616195794826734	0.2911212162191371	0.0	0.0	0.0	0.0	4.02738355498436	0.5871107332575749	0.46385866459952846	1.2597832778813098	0.0	0.0	1.1853515995173998	0.0	0.0	1.4430560457279156	0.9364674992682619	0.0	0.0	1.6963488339788524	0.5871107332575749	3.5691237500372637	0.0	0.0	0.0	0.2911212162191371	0.0	1.2597832778813098	0.0	0.0	0.9364674992682619	3.112546043411362	0.0	0.0	0.0	0.46385866459952846	0.0	0.0	0.0	0.0	0.0	0.6830055922706733	0.0	1.2820058060814274	0.0	0.0	0.0	0.0	0.46385866459952846	0.6830055922706733	0.0	0.0
SRR13358092	0.0	0.0	0.25392983209360426	2.1286142240965784	1.6502531345175995	0.0	0.0	0.25392983209360426	2.7197772745916353	4.485109190607611	1.9463972611039548	0.0	0.5293444929564081	0.0	0.0	0.0	0.6965501961435867	0.0	0.0	0.0	0.0	0.0	2.034427490718059	0.41311315494141887	0.41311315494141887	0.0	0.0	0.0	1.2475637389950671	0.0	0.0	1.0225654494281242	0.41311315494141887	0.0	0.8169770380745687	0.41311315494141887	0.5293444929564081	3.5021511972176325	0.0	0.0	0.0	0.0	0.0	1.3193370381119887	0.0	0.0	0.41311315494141887	3.5026936912402746	0.0	0.0	0.0	0.0	0.0	0.0	0.0	0.0	0.0	0.0	0.0	1.5361370045614138	0.0	0.0	0.0	0.0	0.25392983209360426	0.5293444929564081	0.0	0.0
SRR13358093	0.0	0.0	0.6647208680726219	1.5706409171446807	2.47143606859124	1.0022567280464312	0.44877117565536995	0.0	2.5119703716003166	4.163065142673548	3.4114576743376426	0.0	0.916015677573054	0.0	0.6647208680726219	0.0	2.277113090899823	0.0	0.0	0.0	0.0	0.0	2.865826189358785	1.0022567280464312	0.916015677573054	1.8763749336359201	0.0	0.0	1.9439895861900223	0.0	0.0	2.0326782214639585	1.0741768840983859	0.44877117565536995	1.0022567280464312	2.373563979101458	1.0741768840983859	4.261392816051804	0.0	0.0	0.0	0.80829599956157	0.6647208680726219	1.9700277940335602	0.0	0.0	1.0022567280464312	1.7703617130514948	0.0	0.44877117565536995	0.80829599956157	0.0	0.0	0.44877117565536995	0.0	0.0	0.0	1.3204499017637508	0.0	2.209856284675686	0.0	0.44877117565536995	0.0	0.0	0.916015677573054	0.80829599956157	0.0	0.0
SRR13358094	0.0	0.2955881313293993	0.0	1.5208522484114235	1.9668875648138608	0.7690432209564814	0.0	0.0	2.0963438344001464	4.420041279745088	3.12924892705253	0.0	0.5938714086765857	0.0	0.2955881313293993	0.0	1.9891581231260311	0.2955881313293993	0.0	0.0	0.0	0.0	3.7154504613639574	0.2955881313293993	0.8935215031832973	1.7816177735707357	0.0	0.0	1.1938599006227313	0.0	0.0	1.5078971496898181	1.2449355107945426	0.0	0.2955881313293993	2.1474867301331892	2.547786427155589	3.5533611514239354	0.0	0.0	0.0	0.4698501763908724	0.4698501763908724	1.3319737897919388	0.0	0.0	0.2955881313293993	2.6384069447408183	0.0	0.0	0.2955881313293993	0.0	0.0	0.4698501763908724	0.0	0.0	0.0	1.0314471024913312	0.0	1.533432061553319	0.0	0.0	0.0	0.2955881313293993	0.7690432209564814	1.06915181914927	0.0	0.0
SRR13358098	0.0	0.0	0.0	2.853223314437552	1.0444841094797894	0.0	0.0	0.2647898976277386	4.463748235250197	2.083155195020643	1.5283430778256213	0.0	0.0	0.0	0.0	0.0	0.0	0.2647898976277386	0.0	0.7809858948428774	0.0	0.0	3.8608419563110004	0.2647898976277386	0.7809858948428774	0.8875640524595731	0.0	0.0	1.5980740168882333	0.0	0.0	0.2647898976277386	1.8283418144680081	0.0	0.0	0.2647898976277386	0.5464988706021343	2.4722273043181424	0.0	0.0	0.0	0.42809644826838783	0.0	0.0	0.0	0.0	2.337837434406815	0.9324197391843391	0.0	0.0	0.0	0.0	0.0	0.0	0.0	0.0	0.0	0.0	0.0	0.0	0.0	0.8375361578571914	0.5464988706021343	0.0	1.5390166946717554	0.42809644826838783	0.0	0.0
SRR13358099	0.0	0.0	0.24502488157544858	1.8678817606141414	2.3973002228177216	0.0	0.0	0.0	1.8257383655230013	4.098253289067772	3.090087076607097	0.0	0.0	0.0	0.24502488157544858	0.0	1.2473971448051362	0.0	0.24502488157544858	0.0	0.0	0.0	4.326908165701714	0.0	2.1381269856339777	0.8490626577045131	0.0	0.0	1.9378023945050433	0.0	0.0	0.40071903663301217	2.9010044585373977	0.5150883577344426	0.0	1.0041619016936354	0.6803465436771974	2.5502251269163505	0.0	0.0	0.0	2.0736955224016986	0.0	0.0	0.0	0.0	1.299956141833166	2.963658223045821	0.605531006570663	0.24502488157544858	0.0	0.24502488157544858	0.0	0.0	0.0	0.0	0.0	0.0	0.0	0.0	0.0	0.0	0.0	0.0	1.1425900975806946	1.6947241287051134	0.0	0.0
SRR13358100	0.0	0.0	0.2534393096616252	2.509893278061229	0.9505683476625566	0.0	0.0	0.0	1.882409062482919	4.275773251188335	1.8088416555477558	0.0	0.0	0.0	0.0	0.0	0.865657269412996	0.0	0.4124330117816719	0.0	0.0	0.0	4.212468562977607	0.0	2.3339413285781783	0.6201019157929547	0.2534393096616252	0.0	2.2027160597747137	0.0	0.0	0.5285637455616239	2.5675843467945176	0.2534393096616252	0.0	0.6201019157929547	0.5285637455616239	1.9170802471702189	0.0	0.0	0.0	1.9967735651017973	0.0	0.0	0.0	0.0	0.7600082226130497	3.112541695896412	0.0	0.0	0.2534393096616252	0.2534393096616252	0.0	0.0	0.0	0.0	0.0	0.4124330117816719	0.0	0.0	0.0	0.0	0.2534393096616252	0.0	1.2465177625470127	0.7600082226130497	0.0	0.0
SRR13358101	0.0	0.0	0.0	2.1287142187291286	0.6884857924441441	0.0	0.0	0.0	2.4331288724945725	4.150833512565152	1.0449287064260837	0.0	0.0	0.0	0.0	0.0	0.90229310843309	0.0	0.0	0.0	0.0	0.0	4.266982859398534	0.0	0.24947921670928244	0.0	0.0	0.0	0.4069311310997219	0.0	0.0	0.4069311310997219	2.7921045187214864	0.0	0.0	0.5222413594503491	1.0134178304356758	2.6437486063292375	0.0	0.0	0.0	1.516166086381083	0.0	0.0	0.0	0.0	0.4069311310997219	3.572747341301143	0.0	0.0	0.0	0.0	0.0	0.0	0.0	0.0	0.0	0.0	0.0	0.0	0.0	0.0	0.0	0.0	0.6132701078436684	0.24947921670928244	0.0	0.0
SRR13358102	0.0	0.0	0.0	3.6336325792318953	0.531637596914884	0.7636140261754614	0.0	0.0	4.508493162754656	2.5519180636204513	2.1826379553243522	0.0	0.0	0.0	0.0	0.0	0.0	0.0	0.531637596914884	0.0	0.0	0.0	2.464713555634093	0.0	0.9140112258709782	0.0	0.0	0.9140112258709782	0.9140112258709782	0.0	0.0	2.2521049756918314	1.02550944401097	0.0	0.0	0.0	1.3543232749954446	2.116166235631135	0.0	0.0	0.0	0.0	0.0	0.0	0.0	0.0	1.568420429856707	2.1394723661691035	0.0	0.0	0.0	0.0	0.0	0.0	0.0	0.0	0.0	0.0	0.0	0.0	0.0	0.531637596914884	0.0	0.0	1.114150845093844	1.1877309076830103	0.0	0.0
SRR13358106	0.0	0.0	0.28460322162883345	1.5237694096349461	1.0110477494010364	0.28460322162883345	0.0	0.0	1.6107440557216668	4.311306946831315	1.2470832683075115	0.0	0.6723804084971284	0.0	0.0	0.0	1.2237035608677673	0.0	0.0	0.0	0.0	0.0	4.179435741329262	0.28460322162883345	1.8807389597273714	0.8165454117483562	0.0	0.28460322162883345	1.666166568063276	0.0	0.0	0.6723804084971284	2.606066973108583	0.0	0.0	0.5771808002516978	0.45507785359027636	2.9424285647678468	0.0	0.0	0.0	1.2237035608677673	0.28460322162883345	0.28460322162883345	0.0	0.0	0.7504176308819581	2.8814147987224072	0.0	0.0	0.0	0.0	0.0	0.0	0.0	0.0	0.0	0.0	0.45507785359027636	0.7504176308819581	0.0	0.0	0.0	0.0	0.0	0.28460322162883345	0.0	0.0
SRR13358107	0.0	0.0	0.1817145999147901	1.9302707178412142	1.3276122044951868	0.1817145999147901	0.0	0.0	2.1672971312250513	4.3305542390518905	1.5664239934414879	0.0	0.40801017872040646	0.0	0.0	0.0	1.2059323588845852	0.0	0.0	0.0	0.0	0.0	4.105517117695794	0.40801017872040646	2.6439835048199813	0.7540376093971682	0.0	0.0	2.4966090205059452	0.0	0.0	0.6662221408392711	2.595824908886286	0.30943793597413155	0.0	0.889533191744463	0.4882960539376423	3.0435824593988636	0.0	0.0	0.0	1.7323451727463381	0.1817145999147901	0.889533191744463	0.0	0.0	0.8270482676005173	3.042356171914778	0.0	0.0	0.5560301477579273	0.0	0.0	0.0	0.0	0.0	0.0	0.0	0.0	1.0362864238625205	0.0	0.0	0.0	0.0	0.5560301477579273	0.7123456685757068	0.0	0.0
SRR13358108	0.0	0.0	0.24215464522495428	1.4333783492511203	1.1120383992536793	0.0	0.0	0.0	1.8092076481335146	4.361411666594007	1.1120383992536793	0.0	0.0	0.0	0.0	0.0	1.3550082591216486	0.0	0.0	0.0	0.0	0.0	4.1113027766725505	0.510455430110926	1.3550082591216486	0.39670274006777984	0.0	0.24215464522495428	1.9813581566921596	0.0	0.0	0.6005128540253706	2.1143934443107018	0.0	0.0	0.6005128540253706	0.8433294324870592	2.337396833310241	0.0	0.0	0.0	1.0295368088236776	0.0	0.0	0.0	0.0	0.7386746296621771	3.139308790987782	0.0	0.0	0.0	0.24215464522495428	0.0	0.0	0.0	0.0	0.0	0.24215464522495428	0.510455430110926	0.39670274006777984	0.0	0.0	0.0	0.0	0.39670274006777984	0.24215464522495428	0.0	0.0
SRR13358110	0.0	0.0	0.31440830565908895	1.487872066785435	0.494868961516983	0.31440830565908895	0.0	0.0	2.2108810463363855	4.340960025049917	1.2552988102092595	0.0	0.0	0.0	0.0	0.0	1.3869713341580212	0.0	0.0	0.0	0.0	0.0	4.132171424260358	0.0	0.9777485259552616	0.494868961516983	0.0	0.0	1.9705487643434374	0.0	0.0	0.6219760212996529	2.6083532040008315	0.0	0.0	0.8002248313974544	0.8002248313974544	3.113407069414622	0.0	0.0	0.0	1.2552988102092595	0.0	0.0	0.0	0.494868961516983	0.6219760212996529	2.5500266854885387	0.0	0.31440830565908895	0.0	0.0	0.0	0.0	0.0	0.0	0.0	0.0	0.31440830565908895	0.0	0.0	0.0	0.0	0.0	0.31440830565908895	0.0	0.0	0.0
SRR13358114	0.0	0.0	0.0	0.9686510046054895	0.5760955051174319	0.22839179113364075	0.0	0.0	1.5253355081376299	4.486032232135883	1.3376389050179636	0.0	0.22839179113364075	0.0	0.0	0.0	1.2624312857483333	0.0	0.37729408966942113	0.0	0.0	0.0	3.622302934569504	0.0	0.6493186070802954	0.48797219287809074	0.0	0.0	0.0	0.0	0.0	0.22839179113364075	1.5917118265381724	0.0	0.0	1.2101382801536185	0.22839179113364075	2.1311100577781033	0.0	0.0	0.0	0.22839179113364075	0.22839179113364075	0.22839179113364075	0.0	0.0	0.5760955051174319	3.449727053312198	0.0	0.0	0.0	0.0	0.0	0.0	0.0	0.0	0.0	0.22839179113364075	0.0	0.37729408966942113	0.0	0.0	0.0	0.0	0.0	0.6493186070802954	0.0	0.0
SRR13358115	0.0	0.0	0.0	0.9245580934974846	0.7735618964301544	0.0	0.0	0.0	2.651873739444322	4.243934276137218	0.8299307088182667	0.0	0.0	0.0	0.0	0.0	1.2993960776172007	0.0	0.0	0.0	0.0	0.0	4.271086873751689	0.0	1.22098652200483	0.6325874978045155	0.0	0.2607441647769504	0.2607441647769504	0.0	0.0	0.2607441647769504	1.4620374466503887	0.0	0.0	1.0975870647988744	0.0	1.9248217169683937	0.2607441647769504	0.0	0.0	0.7735618964301544	0.0	0.0	0.0	0.0	0.6325874978045155	3.0269765249507175	0.0	0.0	0.0	0.0	0.0	0.0	0.0	0.0	0.0	0.5401372890990618	0.0	0.0	0.0	0.0	0.0	0.0	0.8299307088182667	0.7735618964301544	0.0	0.0
SRR13358116	0.0	0.0	0.0	2.8600569257789386	0.85459749287518	0.0	0.0	0.0	2.8793003698883206	4.415742063690533	2.8621017031456817	0.0	0.0	0.22630769728793315	0.0	0.0	1.1012566065782499	0.0	0.22630769728793315	0.0	0.0	0.0	3.88467242412862	0.22630769728793315	0.85459749287518	0.7624584802053959	0.0	0.22630769728793315	0.6453567550664338	0.0	0.0	0.37433278460576735	1.7767921909305906	0.0	0.0	0.8942421912774451	0.0	2.331156708313922	0.0	0.0	0.0	0.22630769728793315	0.0	0.0	0.0	0.0	0.22630769728793315	3.2233323966089036	0.22630769728793315	0.0	0.22630769728793315	0.0	0.0	0.0	0.0	0.0	0.0	0.37433278460576735	0.0	0.22630769728793315	0.0	0.0	0.0	0.0	0.6453567550664338	0.4845276019696036	0.0	0.0
SRR13358117	0.0	0.0	0.0	3.23370021116699	0.8905247183125488	0.0	0.0	0.0	2.3131509344863703	4.412484568189401	2.2135829160480514	0.0	0.0	0.0	0.0	0.0	0.9306579058722778	0.0	0.0	0.0	0.0	0.0	3.925812265101267	0.0	1.6114971263131599	1.0012637237435118	0.0	0.24364028052910242	0.6778023371448249	0.0	0.0	0.39878289961586033	1.894870344237479	0.0	0.0	1.0326819699540726	0.24364028052910242	1.9813926052071351	0.0	0.0	0.0	0.39878289961586033	0.0	0.39878289961586033	0.0	0.0	0.5128557823764632	3.1075086794768567	0.0	0.0	0.0	0.24364028052910242	0.0	0.24364028052910242	0.24364028052910242	0.24364028052910242	0.0	0.24364028052910242	0.24364028052910242	0.24364028052910242	0.0	0.0	0.0	0.0	0.9673940879831727	0.8905247183125488	0.0	0.0
SRR13358121	0.0	0.0	0.0	1.0660641807331845	1.0660641807331845	0.800819482237285	0.0	0.0	4.262636488337002	1.8350913071851385	1.4809865541918066	0.0	0.0	0.0	0.0	0.0	0.0	0.27575235197187586	0.0	0.27575235197187586	0.0	0.0	2.2058664336982714	0.27575235197187586	0.5635695011619176	0.5635695011619176	0.0	0.0	1.2516719467494497	0.0	0.0	0.27575235197187586	0.9533844416918416	0.0	0.0	0.27575235197187586	0.5635695011619176	2.0452348124195407	0.0	0.0	0.0	0.0	0.27575235197187586	0.0	0.0	0.0	1.71226370435689	4.281452775801381	0.0	0.0	0.0	0.0	0.0	0.0	0.0	0.0	0.0	0.27575235197187586	0.0	0.0	0.27575235197187586	0.0	0.6577880127545492	0.0	0.44307986139510724	0.5635695011619176	0.0	0.0
SRR13358123	0.0	0.0	0.0	0.9368642565714819	0.5874433507137768	0.0	0.29134043108769325	0.0	3.2900397389460982	4.437676629170795	1.6340575684598941	0.0	0.0	0.0	0.0	0.0	1.2602072897758296	0.0	0.29134043108769325	0.0	0.29134043108769325	0.0	3.877259058672485	0.0	0.46415319145118084	0.46415319145118084	0.0	0.0	1.0236112763171432	0.0	0.0	0.46415319145118084	2.150796905920164	0.0	0.29134043108769325	0.29134043108769325	2.2922513949554557	2.298559458581276	0.0	0.0	0.0	0.46415319145118084	0.0	0.29134043108769325	0.0	0.0	0.7618797505879051	2.590043411111001	0.0	0.29134043108769325	0.0	0.0	0.0	0.0	0.0	0.0	0.0	0.46415319145118084	0.0	0.5874433507137768	0.0	0.0	0.0	0.0	0.7618797505879051	0.8283525627915679	0.0	0.0
SRR13358124	0.0	0.0	0.0	1.106020452790155	1.915792838197928	0.4714136982017001	0.29675637580392694	0.0	2.0126822003380296	2.052183558480929	2.1406909226617805	0.0	0.29675637580392694	0.0	0.0	0.0	0.8377458803298745	0.0	0.29675637580392694	0.0	0.0	0.29675637580392694	3.933419332450297	0.8955833259826822	0.29675637580392694	0.29675637580392694	0.0	0.29675637580392694	1.4830517375196965	0.0	0.0	1.3535151438108168	2.7388376147630473	0.0	0.4714136982017001	0.4714136982017001	1.6044056839197278	4.393121272373325	0.0	0.0	0.0	0.8955833259826822	0.0	1.6448155416605441	0.0	0.0	0.4714136982017001	3.4887574291561902	0.0	0.0	0.59563368712045	0.0	0.0	0.0	0.0	0.0	0.0	0.29675637580392694	0.0	1.8176145522861749	0.0	0.0	0.0	0.0	0.8377458803298745	2.479989169863833	0.0	0.0
SRR13358125	0.0	0.0	0.0	1.4666468020676693	0.5135915836078139	0.0	0.0	0.0	2.4244709742547874	1.8979946725220123	0.6428810782967094	0.0	0.0	0.0	0.0	0.0	1.0485442741629052	0.0	0.0	0.0	0.0	0.0	4.166319433676853	0.0	0.32866582633690256	0.0	0.0	0.0	0.5135915836078139	0.0	0.0	0.5135915836078139	3.355490350502764	0.0	0.0	0.0	0.6428810782967094	4.3073647998062965	0.0	0.0	0.0	0.0	0.0	0.0	0.0	0.0	0.6428810782967094	2.4565389111789377	0.0	0.0	0.0	0.32866582633690256	0.0	0.0	0.0	0.0	0.0	0.0	0.0	0.0	0.0	0.0	0.0	0.0	0.742380777468201	0.32866582633690256	0.0	0.0
SRR13358126	0.0	0.0	0.0	3.7622078652302036	0.0	0.0	0.0	0.0	4.140880419613906	3.709944186511078	3.8992674466074555	0.0	0.0	0.0	0.0	0.0	0.0	0.0	0.0	0.0	0.0	0.0	3.474476713245181	0.0	2.379238442412656	0.0	0.0	0.0	0.0	0.0	0.0	1.782585506133679	2.0800182886289265	0.0	0.0	0.0	2.0800182886289265	2.951937682801704	0.0	0.0	0.0	2.0800182886289265	0.0	0.0	0.0	0.0	0.0	2.855148932150406	0.0	0.0	0.0	0.0	0.0	0.0	0.0	0.0	0.0	0.0	0.0	0.0	0.0	0.0	0.0	0.0	0.0	0.0	0.0	0.0
SRR13358130	0.0	0.0	0.0	2.8843137439119477	0.6644285340496336	0.4485308649872177	0.0	0.0	1.9696586881237965	4.390291622228055	1.1355160270550655	0.0	0.4485308649872177	0.0	0.0	0.0	0.915687859955978	0.0	0.0	0.0	0.0	0.0	4.069754749166071	0.0	0.0	0.8079809297034637	0.0	0.0	0.6644285340496336	0.0	0.0	0.0	1.6648452073380828	0.0	0.0	0.0	0.4485308649872177	2.3349660244968757	0.0	0.0	0.0	0.8079809297034637	0.0	0.0	0.0	0.0	0.8079809297034637	2.6439993385082907	0.0	0.0	0.0	0.0	0.0	0.0	0.0	0.0	0.0	0.0	0.0	0.0	0.0	0.0	0.0	0.0	0.6644285340496336	0.4485308649872177	0.0	0.0
SRR13358131	0.0	0.0	0.0	2.9291543296322344	0.7052404627831709	0.0	0.0	0.0	2.809215488740601	4.3454226838083265	0.808230334209759	0.0	0.0	0.0	0.0	0.0	1.1211705113455834	0.0	0.0	0.0	0.0	0.0	4.140285940646327	0.0	1.1211705113455834	0.3724649033127406	0.0	0.3724649033127406	0.5699755736066191	0.0	0.0	0.5699755736066191	2.3361672267424587	0.0	0.0	0.5699755736066191	0.5699755736066191	2.1316173649635175	0.0	0.0	0.0	0.5699755736066191	0.0	0.3724649033127406	0.0	0.0	0.5699755736066191	1.4699545656394124	0.0	0.0	0.0	0.0	0.0	0.0	0.0	0.0	0.0	0.3724649033127406	0.0	0.5699755736066191	0.0	0.0	0.0	0.0	1.2706423131762303	0.808230334209759	0.0	0.0
SRR13358133	0.0	0.0	0.0	1.4820991707064581	0.950915078191074	0.0	0.0	0.0	2.3197310682361145	4.141818196149471	1.2468861044726967	0.0	0.25361197619121956	0.0	0.0	0.0	1.053489510908862	0.0	0.0	0.0	0.0	0.0	4.27104539092233	0.25361197619121956	0.25361197619121956	0.5288386323482913	0.0	0.0	0.7603308606041144	0.0	0.0	0.7603308606041144	2.9857974979365323	0.0	0.4126724596970614	0.5288386323482913	0.4126724596970614	2.8911292898287537	0.0	0.0	0.0	2.138045209195674	0.25361197619121956	0.6959764657782184	0.0	0.25361197619121956	0.9878645593236077	2.7313813974905536	0.0	0.0	0.0	0.25361197619121956	0.0	0.0	0.0	0.0	0.0	0.0	0.0	0.9878645593236077	0.0	0.0	0.0	0.0	0.4126724596970614	3.424164110297709	0.0	0.0
SRR13358134	0.2452722255061205	0.0	0.0	2.1265519411392515	1.4857499349258325	0.5154867248817846	0.0	0.0	2.0959403365951133	2.0879379997261402	1.5905218817206448	0.0	0.0	0.0	0.0	0.0	0.40106464795356966	0.2452722255061205	0.6059622903678501	0.0	0.0	0.0	4.27089706539665	0.40106464795356966	4.201281314623738	0.893830133784473	0.5154867248817846	0.0	1.0654438453313126	0.0	0.0	0.970778376454615	3.0877071375009515	0.6059622903678501	0.2452722255061205	0.0	0.970778376454615	3.1128251598358743	0.2452722255061205	0.0	0.0	0.5154867248817846	0.0	1.1662070054680518	0.0	0.2452722255061205	1.5268316149101477	2.428421697520744	0.0	0.0	0.0	0.2452722255061205	0.0	0.0	0.0	0.0	0.0	0.2452722255061205	1.0046785687877073	1.1881263771430204	0.0	0.0	0.0	0.0	0.40106464795356966	0.7446180104361071	0.0	0.0
SRR13358141	0.0	0.0	0.0	2.3488877443531737	1.6471433726886153	0.0	0.0	0.0	3.3439457921204827	3.753762877578405	2.4599391798364656	0.0	0.0	0.0	0.0	0.0	0.5694873817762155	0.0	0.0	0.0	0.0	0.0	3.7207850477845796	0.0	1.448856129195396	0.5694873817762155	0.0	0.5694873817762155	0.5694873817762155	0.0	0.0	2.506362135212833	2.2139376863354503	0.0	0.0	0.5694873817762155	2.005634612687998	4.336180350894088	0.0	0.0	0.0	0.0	0.0	0.5694873817762155	0.0	0.0	0.5694873817762155	3.253568377563442	0.0	0.0	0.0	0.0	0.0	0.0	0.0	0.0	0.0	1.6197666131501087	0.0	1.2371871294284031	0.0	0.0	0.0	0.0	1.762906219349935	0.9606091027277052	0.0	0.0
SRR13358142	0.0	0.0	0.0	3.629490616458547	2.0109492894765895	0.0	0.0	0.0	3.4734955107274033	3.72767227043135	2.4447595391732495	0.2802880959715265	0.570563423921996	0.0	0.0	0.0	0.6652901711973576	0.2802880959715265	0.2802880959715265	0.0	0.0	0.0	2.054742937130321	0.9166540060698657	0.2802880959715265	0.7430097852519164	0.0	0.0	1.5817873654659822	0.0	0.0	1.7363708749364988	1.301924333993511	0.0	1.0029109200959787	0.6652901711973576	0.44923924897757656	3.7788649041817037	0.0	0.0	0.0	0.0	0.2802880959715265	1.648582541115935	0.0	0.0	1.4902665939308886	2.833752909962041	0.0	0.0	0.44923924897757656	0.0	0.0	0.0	0.0	0.0	0.0	0.0	0.0	1.7710757986856853	0.0	0.0	0.0	0.0	0.570563423921996	4.2523187662980515	0.0	0.0
SRR13358143	0.0	0.0	0.0	1.8153028429593154	2.8167574761751126	0.0	0.0	0.0	1.7897758268305575	4.467834705369926	1.5833046952979672	0.0	0.0	0.0	0.0	0.0	0.8767450779938597	0.0	0.0	0.0	0.0	0.0	3.703922890886327	0.0	1.0515410562489818	0.7530977705033377	0.0	0.0	2.2687680372429133	0.0	0.0	0.0	2.652869614312449	0.7530977705033377	0.0	1.3136016012667566	0.457195428239702	1.7261815875485973	0.0	0.0	0.0	1.938577196062773	0.0	0.0	0.0	0.0	0.457195428239702	3.090684127634023	0.0	0.0	0.0	0.0	0.0	0.0	0.0	0.0	0.0	0.286171986891907	0.286171986891907	0.0	0.0	0.0	0.0	0.0	0.9274662692728761	2.790662899582871	0.0	0.0
SRR13358144	0.0	0.0	0.0	1.860585682140614	0.5564838931839016	0.0	0.0	0.0	1.3876306751903982	4.4603472678440115	1.860585682140614	0.0	0.0	0.0	0.0	0.0	1.1040350900947309	0.0	0.0	0.0	0.0	0.0	3.841228676368486	0.0	0.0	0.7926023316622264	0.0	0.0	2.538698463597564	0.0	0.0	0.3618698017444734	2.2778590279779536	0.0	0.0	1.1849261595297125	0.5564838931839016	2.656732100611834	0.0	0.0	0.0	0.5564838931839016	0.0	0.0	0.0	0.0	0.5564838931839016	2.573238175639997	0.0	0.0	0.3618698017444734	0.0	0.0	0.0	0.0	0.0	0.0	0.5564838931839016	0.3618698017444734	0.0	0.0	0.0	0.0	0.0	0.3618698017444734	2.7340896758668083	0.0	0.0
SRR13358145	0.0	0.0	0.0	3.343209000847445	1.1486603218193185	0.2723347610125849	0.0	0.0	4.31439403434741	2.8432050301310046	3.1949203470240612	0.0	0.0	0.2723347610125849	0.0	0.0	0.0	0.2723347610125849	0.0	0.2723347610125849	0.0	0.0	3.291242570281376	0.0	2.2651627045901943	0.0	0.0	0.2723347610125849	0.7292152846088651	0.0	0.0	1.2226707938125843	1.2226707938125843	0.0	0.0	0.0	2.589081645512055	1.8444637996925148	0.0	0.0	0.0	0.0	0.0	0.0	0.0	0.0	0.7946795599877443	4.002639327742067	0.0	0.0	0.0	0.0	0.0	0.0	0.0	0.0	0.0	0.2723347610125849	0.0	0.0	0.0	0.2723347610125849	0.0	0.0	1.6660542516254333	1.8390109611481507	0.0	0.0
